// Auto-generated by scripts/export_to_arduino.py
// Source : training/models/gait_cnn2d_residual_int8.tflite
// Size   : 18,744 bytes  (18.3 KB)
// DO NOT EDIT — regenerar: python3 scripts/export_to_arduino.py
#pragma once
#include <stdint.h>

alignas(8) const uint8_t gait_model[] = {
  0x1c, 0x00, 0x00, 0x00, 0x54, 0x46, 0x4c, 0x33, 0x14, 0x00, 0x20, 0x00,
  0x1c, 0x00, 0x18, 0x00, 0x14, 0x00, 0x10, 0x00, 0x0c, 0x00, 0x00, 0x00,
  0x08, 0x00, 0x04, 0x00, 0x14, 0x00, 0x00, 0x00, 0x1c, 0x00, 0x00, 0x00,
  0x94, 0x00, 0x00, 0x00, 0xec, 0x00, 0x00, 0x00, 0xec, 0x28, 0x00, 0x00,
  0xfc, 0x28, 0x00, 0x00, 0x70, 0x48, 0x00, 0x00, 0x03, 0x00, 0x00, 0x00,
  0x01, 0x00, 0x00, 0x00, 0x10, 0x00, 0x00, 0x00, 0x00, 0x00, 0x0a, 0x00,
  0x10, 0x00, 0x0c, 0x00, 0x08, 0x00, 0x04, 0x00, 0x0a, 0x00, 0x00, 0x00,
  0x0c, 0x00, 0x00, 0x00, 0x1c, 0x00, 0x00, 0x00, 0x3c, 0x00, 0x00, 0x00,
  0x0f, 0x00, 0x00, 0x00, 0x73, 0x65, 0x72, 0x76, 0x69, 0x6e, 0x67, 0x5f,
  0x64, 0x65, 0x66, 0x61, 0x75, 0x6c, 0x74, 0x00, 0x01, 0x00, 0x00, 0x00,
  0x04, 0x00, 0x00, 0x00, 0x94, 0xff, 0xff, 0xff, 0x1e, 0x00, 0x00, 0x00,
  0x04, 0x00, 0x00, 0x00, 0x08, 0x00, 0x00, 0x00, 0x6f, 0x75, 0x74, 0x70,
  0x75, 0x74, 0x5f, 0x30, 0x00, 0x00, 0x00, 0x00, 0x01, 0x00, 0x00, 0x00,
  0x04, 0x00, 0x00, 0x00, 0xe6, 0xd6, 0xff, 0xff, 0x04, 0x00, 0x00, 0x00,
  0x09, 0x00, 0x00, 0x00, 0x69, 0x6d, 0x75, 0x5f, 0x69, 0x6d, 0x61, 0x67,
  0x65, 0x00, 0x00, 0x00, 0x02, 0x00, 0x00, 0x00, 0x34, 0x00, 0x00, 0x00,
  0x04, 0x00, 0x00, 0x00, 0xdc, 0xff, 0xff, 0xff, 0x21, 0x00, 0x00, 0x00,
  0x04, 0x00, 0x00, 0x00, 0x13, 0x00, 0x00, 0x00, 0x43, 0x4f, 0x4e, 0x56,
  0x45, 0x52, 0x53, 0x49, 0x4f, 0x4e, 0x5f, 0x4d, 0x45, 0x54, 0x41, 0x44,
  0x41, 0x54, 0x41, 0x00, 0x08, 0x00, 0x0c, 0x00, 0x08, 0x00, 0x04, 0x00,
  0x08, 0x00, 0x00, 0x00, 0x20, 0x00, 0x00, 0x00, 0x04, 0x00, 0x00, 0x00,
  0x13, 0x00, 0x00, 0x00, 0x6d, 0x69, 0x6e, 0x5f, 0x72, 0x75, 0x6e, 0x74,
  0x69, 0x6d, 0x65, 0x5f, 0x76, 0x65, 0x72, 0x73, 0x69, 0x6f, 0x6e, 0x00,
  0x22, 0x00, 0x00, 0x00, 0xfc, 0x27, 0x00, 0x00, 0xf4, 0x27, 0x00, 0x00,
  0xdc, 0x27, 0x00, 0x00, 0xbc, 0x27, 0x00, 0x00, 0x2c, 0x27, 0x00, 0x00,
  0x9c, 0x26, 0x00, 0x00, 0x8c, 0x22, 0x00, 0x00, 0x5c, 0x22, 0x00, 0x00,
  0x2c, 0x22, 0x00, 0x00, 0x9c, 0x21, 0x00, 0x00, 0x8c, 0x15, 0x00, 0x00,
  0x5c, 0x15, 0x00, 0x00, 0x2c, 0x15, 0x00, 0x00, 0x9c, 0x14, 0x00, 0x00,
  0x8c, 0x02, 0x00, 0x00, 0x6c, 0x02, 0x00, 0x00, 0x4c, 0x02, 0x00, 0x00,
  0xfc, 0x01, 0x00, 0x00, 0xfc, 0x00, 0x00, 0x00, 0xf4, 0x00, 0x00, 0x00,
  0xec, 0x00, 0x00, 0x00, 0xe4, 0x00, 0x00, 0x00, 0xdc, 0x00, 0x00, 0x00,
  0xd4, 0x00, 0x00, 0x00, 0xcc, 0x00, 0x00, 0x00, 0xc4, 0x00, 0x00, 0x00,
  0xbc, 0x00, 0x00, 0x00, 0xb4, 0x00, 0x00, 0x00, 0xac, 0x00, 0x00, 0x00,
  0xa4, 0x00, 0x00, 0x00, 0x9c, 0x00, 0x00, 0x00, 0x94, 0x00, 0x00, 0x00,
  0x74, 0x00, 0x00, 0x00, 0x04, 0x00, 0x00, 0x00, 0xe6, 0xd7, 0xff, 0xff,
  0x04, 0x00, 0x00, 0x00, 0x60, 0x00, 0x00, 0x00, 0x0c, 0x00, 0x00, 0x00,
  0x08, 0x00, 0x0e, 0x00, 0x08, 0x00, 0x04, 0x00, 0x08, 0x00, 0x00, 0x00,
  0x10, 0x00, 0x00, 0x00, 0x28, 0x00, 0x00, 0x00, 0x00, 0x00, 0x06, 0x00,
  0x08, 0x00, 0x04, 0x00, 0x06, 0x00, 0x00, 0x00, 0x04, 0x00, 0x00, 0x00,
  0x01, 0x00, 0x00, 0x00, 0xeb, 0x03, 0x00, 0x00, 0x0c, 0x00, 0x18, 0x00,
  0x14, 0x00, 0x10, 0x00, 0x0c, 0x00, 0x04, 0x00, 0x0c, 0x00, 0x00, 0x00,
  0x36, 0x41, 0x05, 0x77, 0x0f, 0x67, 0x5f, 0xf4, 0x02, 0x00, 0x00, 0x00,
  0x02, 0x00, 0x00, 0x00, 0x04, 0x00, 0x00, 0x00, 0x06, 0x00, 0x00, 0x00,
  0x32, 0x2e, 0x32, 0x31, 0x2e, 0x30, 0x00, 0x00, 0x52, 0xd8, 0xff, 0xff,
  0x04, 0x00, 0x00, 0x00, 0x10, 0x00, 0x00, 0x00, 0x31, 0x2e, 0x31, 0x34,
  0x2e, 0x30, 0x00, 0x00, 0x00, 0x00, 0x00, 0x00, 0x00, 0x00, 0x00, 0x00,
  0x70, 0xba, 0xff, 0xff, 0x74, 0xba, 0xff, 0xff, 0x78, 0xba, 0xff, 0xff,
  0x7c, 0xba, 0xff, 0xff, 0x80, 0xba, 0xff, 0xff, 0x84, 0xba, 0xff, 0xff,
  0x88, 0xba, 0xff, 0xff, 0x8c, 0xba, 0xff, 0xff, 0x90, 0xba, 0xff, 0xff,
  0x94, 0xba, 0xff, 0xff, 0x98, 0xba, 0xff, 0xff, 0x9c, 0xba, 0xff, 0xff,
  0xa0, 0xba, 0xff, 0xff, 0xa2, 0xd8, 0xff, 0xff, 0x04, 0x00, 0x00, 0x00,
  0xf0, 0x00, 0x00, 0x00, 0x26, 0xc1, 0x7f, 0x23, 0x40, 0x31, 0xd6, 0xd8,
  0x43, 0xf5, 0x01, 0x3b, 0xcc, 0xd2, 0x45, 0x1f, 0x2d, 0xeb, 0xa2, 0x88,
  0x20, 0x36, 0xe4, 0x32, 0x24, 0x23, 0x45, 0x81, 0x35, 0x71, 0xb2, 0x43,
  0xfb, 0x1b, 0xa5, 0x24, 0xf2, 0x19, 0xda, 0x81, 0x09, 0x17, 0xff, 0x16,
  0x77, 0xa6, 0xd4, 0xdc, 0x2d, 0x01, 0x03, 0xc0, 0xf1, 0xe2, 0x0e, 0xd1,
  0x81, 0xec, 0x03, 0x98, 0xfd, 0x0b, 0x44, 0xac, 0x5b, 0x81, 0x6a, 0x47,
  0x9b, 0xad, 0x3d, 0xe6, 0xe7, 0xdb, 0x09, 0x79, 0x27, 0x27, 0x1d, 0x46,
  0x8e, 0xd9, 0x81, 0x64, 0xba, 0x22, 0x5b, 0x78, 0xdb, 0x3a, 0xf0, 0x81,
  0x10, 0xf3, 0x16, 0x9e, 0xed, 0x22, 0xf8, 0x85, 0xdf, 0x9e, 0xb9, 0xfd,
  0x4f, 0xf0, 0xf7, 0x1b, 0x5b, 0xfd, 0x81, 0xa0, 0xf8, 0xd3, 0xfc, 0x12,
  0x89, 0x75, 0x93, 0x4e, 0xad, 0x05, 0x45, 0xc6, 0x76, 0x25, 0xc3, 0x1b,
  0x6f, 0x66, 0x81, 0x9d, 0xdb, 0xb1, 0xdc, 0xc8, 0x2c, 0x7f, 0x29, 0xee,
  0x62, 0xee, 0x42, 0x32, 0x3f, 0x04, 0x96, 0x1e, 0xc4, 0xaf, 0x4e, 0x7f,
  0xf9, 0x01, 0x3b, 0x53, 0xfa, 0x41, 0x54, 0xd3, 0xc5, 0x58, 0xd3, 0x1b,
  0xde, 0xe4, 0x43, 0xb6, 0xe7, 0xff, 0xf1, 0x52, 0x6b, 0xe0, 0x45, 0x09,
  0x31, 0x7f, 0x2f, 0xec, 0x44, 0xde, 0x81, 0xed, 0x3f, 0xef, 0x13, 0xe0,
  0xce, 0xd6, 0xec, 0x51, 0x9d, 0x2f, 0x70, 0x46, 0x9d, 0xd6, 0xcc, 0xc4,
  0xce, 0xb9, 0xb9, 0xed, 0xfe, 0xea, 0x81, 0x0c, 0xcd, 0xa0, 0x23, 0x1a,
  0x6c, 0xab, 0xb5, 0x09, 0xf1, 0xbf, 0x7f, 0x83, 0x05, 0x3e, 0x09, 0xa8,
  0x20, 0x76, 0x86, 0x1f, 0xf1, 0xd0, 0x2c, 0x97, 0x81, 0x5e, 0xb1, 0x9d,
  0xfb, 0x54, 0xb4, 0x7b, 0x9e, 0xd9, 0xff, 0xff, 0x04, 0x00, 0x00, 0x00,
  0x40, 0x00, 0x00, 0x00, 0x89, 0xfe, 0xff, 0xff, 0x4e, 0x00, 0x00, 0x00,
  0x24, 0xff, 0xff, 0xff, 0x80, 0xff, 0xff, 0xff, 0xef, 0xfc, 0xff, 0xff,
  0xd3, 0xfc, 0xff, 0xff, 0x87, 0xfc, 0xff, 0xff, 0x6f, 0x00, 0x00, 0x00,
  0xc4, 0xfd, 0xff, 0xff, 0xca, 0x02, 0x00, 0x00, 0xac, 0xfc, 0xff, 0xff,
  0x80, 0xff, 0xff, 0xff, 0x79, 0xff, 0xff, 0xff, 0x55, 0xfd, 0xff, 0xff,
  0xf7, 0x01, 0x00, 0x00, 0xf5, 0xfe, 0xff, 0xff, 0xea, 0xd9, 0xff, 0xff,
  0x04, 0x00, 0x00, 0x00, 0x10, 0x00, 0x00, 0x00, 0xc9, 0xfb, 0x47, 0xf1,
  0x19, 0x67, 0x3a, 0x2b, 0x70, 0x3d, 0x00, 0xec, 0x7f, 0xef, 0xee, 0xe1,
  0x06, 0xda, 0xff, 0xff, 0x04, 0x00, 0x00, 0x00, 0x10, 0x00, 0x00, 0x00,
  0xfc, 0xa5, 0x92, 0xf2, 0xaa, 0xf0, 0x0e, 0x1b, 0xcd, 0x93, 0xc6, 0xad,
  0x96, 0x03, 0x80, 0x85, 0x22, 0xda, 0xff, 0xff, 0x04, 0x00, 0x00, 0x00,
  0x00, 0x12, 0x00, 0x00, 0xd9, 0xfb, 0x44, 0xea, 0x2f, 0xbe, 0x1d, 0x0b,
  0xe0, 0xe4, 0x81, 0xf6, 0x46, 0xc5, 0x01, 0xfa, 0xf3, 0x33, 0xea, 0xcb,
  0xc0, 0xa9, 0x0d, 0xe8, 0x2f, 0xce, 0xd3, 0x93, 0xed, 0xec, 0xc4, 0xc6,
  0xc3, 0x03, 0xf4, 0x29, 0xeb, 0x0b, 0xe0, 0x42, 0xb6, 0x13, 0x29, 0x1a,
  0x44, 0x09, 0x1e, 0x4c, 0xc5, 0xfb, 0xbc, 0x23, 0x19, 0xb0, 0xa5, 0x1d,
  0xec, 0xbe, 0xa7, 0xf3, 0xdd, 0xfc, 0x3d, 0x62, 0x06, 0x13, 0xc2, 0xb7,
  0xfa, 0x09, 0xa7, 0xeb, 0x2e, 0x1a, 0x29, 0x0b, 0xd2, 0xf8, 0xea, 0xbd,
  0x32, 0x3a, 0xe4, 0x2b, 0x14, 0x17, 0xf9, 0x1e, 0xc2, 0x36, 0x32, 0x10,
  0x4a, 0x06, 0xae, 0xc7, 0xb2, 0x45, 0xcd, 0xe8, 0x46, 0xb8, 0xa6, 0x9e,
  0xe3, 0xbe, 0x08, 0x0b, 0x1d, 0xa2, 0xf6, 0xdf, 0xcd, 0xfa, 0x0a, 0x41,
  0x01, 0x35, 0xa5, 0xe5, 0x9e, 0xed, 0x09, 0x15, 0x0c, 0x1a, 0xf4, 0xbc,
  0x2a, 0x27, 0x25, 0xed, 0x1f, 0x1b, 0x3b, 0xd9, 0xf9, 0x54, 0x59, 0x2a,
  0xfa, 0x41, 0xaa, 0xe5, 0xe1, 0xcd, 0x00, 0x09, 0x5e, 0xe8, 0x2a, 0x22,
  0x81, 0xda, 0x23, 0xd3, 0xff, 0x0b, 0xd3, 0x0b, 0x17, 0xf3, 0x16, 0xf0,
  0x41, 0xc8, 0x95, 0xef, 0x07, 0xf4, 0x4b, 0xeb, 0x4e, 0x17, 0xd9, 0xf2,
  0xf3, 0xd7, 0xea, 0xf8, 0xbb, 0x26, 0x10, 0xc3, 0x01, 0x55, 0xc8, 0x33,
  0x0b, 0xd3, 0x2f, 0x0a, 0xcd, 0xd2, 0xd0, 0xe8, 0xed, 0x27, 0x15, 0xe2,
  0xd0, 0xca, 0x15, 0xf5, 0xd0, 0xef, 0x27, 0xe9, 0x28, 0xdc, 0xd9, 0xe4,
  0x19, 0xa4, 0xbe, 0xd6, 0x39, 0x21, 0x1d, 0x0b, 0xdb, 0x31, 0xdb, 0x10,
  0xc6, 0x8a, 0xa5, 0xe2, 0xf7, 0x32, 0x29, 0x49, 0x4b, 0xf0, 0x07, 0xf3,
  0x2c, 0xed, 0xae, 0x03, 0x02, 0x2a, 0xc2, 0xcd, 0xe7, 0xdd, 0xac, 0xe2,
  0xd6, 0x19, 0xf2, 0x15, 0xff, 0xcd, 0xca, 0x13, 0xba, 0x28, 0xfd, 0xb0,
  0x04, 0x83, 0xfc, 0xff, 0x49, 0xc2, 0x0a, 0x36, 0xf6, 0xfd, 0x0c, 0xf0,
  0xac, 0xf4, 0x9f, 0x2b, 0xc1, 0x0b, 0xe2, 0xca, 0x12, 0x63, 0xec, 0xff,
  0x24, 0x24, 0x00, 0xb6, 0x04, 0xc5, 0x87, 0x0e, 0x14, 0xdb, 0x19, 0xf2,
  0xdf, 0xea, 0xe7, 0x00, 0x12, 0xf0, 0x3c, 0xd6, 0xcd, 0x1a, 0xe1, 0x01,
  0xdd, 0x02, 0xfd, 0xd7, 0x1b, 0xc4, 0xf3, 0xfc, 0xf5, 0xe8, 0x51, 0x04,
  0x07, 0xb5, 0xe4, 0x23, 0xc6, 0x13, 0x18, 0x00, 0xf9, 0xe0, 0xc7, 0x81,
  0x16, 0xe5, 0x21, 0xb6, 0xda, 0x23, 0xbf, 0xb8, 0xc0, 0x1a, 0x3b, 0xf0,
  0xde, 0xf8, 0x10, 0x0d, 0xa0, 0xe7, 0xdf, 0x1e, 0xd0, 0x2f, 0x00, 0xf5,
  0xf3, 0x24, 0xe4, 0x01, 0x11, 0xcb, 0xc5, 0x32, 0x28, 0xee, 0x13, 0xdd,
  0x25, 0x3b, 0x15, 0x10, 0xd8, 0xb3, 0x21, 0x14, 0xd2, 0xf6, 0xfc, 0xa1,
  0xa9, 0x25, 0x28, 0xce, 0xac, 0xb9, 0x88, 0xc8, 0xeb, 0x11, 0xf3, 0xdd,
  0xbe, 0xb8, 0xc4, 0x44, 0x81, 0xec, 0xf5, 0x64, 0x13, 0x3e, 0xe6, 0x1c,
  0x3d, 0x08, 0xcd, 0x07, 0xde, 0xbf, 0xdc, 0x41, 0xff, 0xd6, 0x18, 0x03,
  0xec, 0xc9, 0x26, 0xfb, 0xd0, 0xc3, 0x26, 0xf5, 0xd7, 0xc7, 0xe9, 0x96,
  0x13, 0xc5, 0x6a, 0xed, 0xd7, 0x30, 0xd0, 0xe1, 0xf7, 0x85, 0xc3, 0x33,
  0x01, 0xe7, 0x17, 0xa7, 0xa5, 0x3b, 0xfe, 0xf4, 0x00, 0xf3, 0x13, 0xe6,
  0xad, 0xab, 0xfc, 0xca, 0x1f, 0x63, 0xf2, 0xe5, 0x20, 0x03, 0xb4, 0xad,
  0x01, 0x11, 0x1a, 0x04, 0x08, 0xc7, 0xba, 0x38, 0x0e, 0x43, 0xe9, 0x24,
  0x45, 0xd7, 0xdb, 0x14, 0x49, 0xdb, 0xd8, 0xfc, 0x06, 0xd4, 0x34, 0xdf,
  0xd8, 0xac, 0x5a, 0xbc, 0xd0, 0x1c, 0x0b, 0xd5, 0xe1, 0x15, 0x19, 0xe9,
  0xa8, 0xed, 0xdb, 0xe1, 0xed, 0x08, 0xc6, 0xe8, 0xfc, 0x24, 0x30, 0xf3,
  0x08, 0x38, 0x0d, 0x2e, 0x1a, 0xed, 0x1a, 0x34, 0x17, 0xf6, 0x19, 0xd4,
  0xde, 0xed, 0x14, 0x0f, 0xdd, 0x31, 0xf0, 0xff, 0x43, 0xaa, 0x1c, 0x24,
  0xe3, 0xd9, 0x4e, 0x82, 0x1a, 0x18, 0x14, 0x40, 0x0a, 0xea, 0xf5, 0xd6,
  0x81, 0x23, 0x1e, 0xc5, 0xeb, 0x08, 0x14, 0xc0, 0x43, 0xe9, 0x45, 0x09,
  0x4f, 0xe4, 0xdd, 0x34, 0x58, 0x0b, 0xcd, 0xf1, 0xb7, 0x47, 0x44, 0xe3,
  0xdc, 0xbc, 0xf4, 0xe1, 0x57, 0xc6, 0x49, 0xc3, 0xf0, 0xce, 0x93, 0xec,
  0x26, 0xfd, 0xe4, 0x23, 0xce, 0xef, 0xf5, 0x12, 0x3e, 0xc0, 0xe0, 0xef,
  0xda, 0x2b, 0x1a, 0xcc, 0x39, 0x45, 0x2c, 0xf3, 0xe4, 0x1b, 0x3f, 0xfa,
  0x47, 0x41, 0xbb, 0xfd, 0x53, 0x61, 0x55, 0xe1, 0xd0, 0x39, 0x09, 0x16,
  0xf7, 0xcd, 0x37, 0x2a, 0x0c, 0xd8, 0x16, 0x0f, 0x2d, 0xd5, 0xdc, 0x0a,
  0x23, 0xef, 0xce, 0x30, 0x34, 0xd4, 0x1c, 0x25, 0xd4, 0xc0, 0x37, 0x18,
  0xe7, 0x04, 0x0a, 0x1c, 0xeb, 0xfe, 0xd5, 0x01, 0x2c, 0xde, 0x1f, 0x1e,
  0x59, 0x24, 0xa6, 0x35, 0xe9, 0x27, 0x3a, 0xfa, 0xb7, 0x35, 0xef, 0xfb,
  0x2f, 0x0a, 0x25, 0xdf, 0x39, 0x17, 0x3f, 0x02, 0xd3, 0x08, 0xea, 0xda,
  0xf7, 0xdf, 0xb5, 0x31, 0xd5, 0x0a, 0x26, 0xe9, 0x0b, 0xc9, 0x27, 0x35,
  0xcc, 0x13, 0x2a, 0xec, 0x29, 0xfd, 0x92, 0xdd, 0x47, 0xe8, 0x55, 0x15,
  0x05, 0xde, 0xf3, 0xe5, 0x2d, 0x63, 0x2c, 0xc7, 0xfd, 0xd7, 0xec, 0x81,
  0xe2, 0xf1, 0xc2, 0xfd, 0x04, 0xec, 0x03, 0xde, 0x0b, 0x0d, 0x14, 0x0e,
  0x02, 0xdc, 0x07, 0xe7, 0xd7, 0xe6, 0xd3, 0xfd, 0xf0, 0x13, 0x0d, 0xdc,
  0x0a, 0xeb, 0x1a, 0x16, 0x14, 0xcd, 0xca, 0x25, 0x10, 0xef, 0x22, 0x25,
  0xeb, 0x1f, 0x3b, 0xe0, 0x07, 0xec, 0xfb, 0x03, 0x06, 0xe4, 0xee, 0xd9,
  0x81, 0x12, 0x3e, 0x0e, 0xe7, 0xec, 0x24, 0x03, 0x1f, 0xeb, 0x0f, 0xff,
  0xc9, 0x00, 0xf3, 0xd6, 0x01, 0xe6, 0xe1, 0xc2, 0xe3, 0x13, 0x1f, 0x15,
  0x25, 0xd2, 0x24, 0x24, 0x00, 0xfb, 0xc3, 0x26, 0xf7, 0xee, 0x2a, 0x02,
  0xc6, 0xd1, 0x01, 0xda, 0xf6, 0x17, 0x1d, 0xca, 0x0c, 0xfc, 0x1f, 0x1e,
  0xc6, 0x03, 0xe5, 0x18, 0x10, 0xd5, 0xeb, 0xe2, 0xfc, 0xff, 0x22, 0x03,
  0xee, 0x2b, 0x27, 0x0e, 0xdb, 0xd0, 0xe0, 0xef, 0xd3, 0xfb, 0xfa, 0xe8,
  0xf2, 0x1f, 0xde, 0xfd, 0x28, 0xde, 0xc9, 0xe5, 0x04, 0xe2, 0x2a, 0xdf,
  0xc1, 0x0b, 0xef, 0x03, 0x2d, 0x21, 0xdf, 0xf0, 0xcc, 0xf9, 0xe5, 0xf3,
  0x08, 0x27, 0x11, 0x11, 0xe9, 0x0e, 0x27, 0xc1, 0xc5, 0x16, 0xe8, 0xfc,
  0x20, 0xfd, 0x24, 0x1b, 0x08, 0xe7, 0x29, 0x11, 0xef, 0x33, 0x36, 0xbf,
  0x11, 0xec, 0xf5, 0x0a, 0xf5, 0x1c, 0xd1, 0x1b, 0xf3, 0x97, 0xfc, 0x17,
  0xc8, 0xf4, 0x3d, 0x0a, 0xda, 0xcc, 0xcb, 0x97, 0xb3, 0x84, 0x3b, 0xfa,
  0xd1, 0xdf, 0x04, 0xed, 0xdd, 0xf1, 0xfd, 0xc0, 0x39, 0xd7, 0x2b, 0xe8,
  0x4c, 0x1a, 0xdf, 0xfc, 0x04, 0x0b, 0xfe, 0x2e, 0xef, 0xcb, 0xea, 0xaf,
  0xdf, 0xd0, 0x04, 0xa9, 0xf7, 0x06, 0xba, 0x07, 0x0a, 0xb4, 0xe6, 0x20,
  0x30, 0xe8, 0x43, 0x09, 0x22, 0xcb, 0xac, 0x02, 0xc4, 0x81, 0xc8, 0xae,
  0x0c, 0xec, 0x02, 0x32, 0xe1, 0x00, 0x41, 0xef, 0x1a, 0x4c, 0x31, 0x1b,
  0x15, 0x1a, 0x0a, 0x36, 0x54, 0xfb, 0x3a, 0x0c, 0x15, 0x5a, 0x12, 0xd2,
  0xdd, 0xac, 0xf4, 0x98, 0x30, 0xde, 0xd7, 0x04, 0x20, 0xc4, 0xc5, 0x17,
  0x16, 0x3f, 0x48, 0x1a, 0x0d, 0xe4, 0x11, 0xe1, 0xdc, 0xd4, 0xf9, 0xf7,
  0x13, 0xde, 0x04, 0x39, 0x0c, 0x05, 0xe6, 0xfe, 0x0c, 0xfd, 0x2f, 0xda,
  0x0f, 0xae, 0xc6, 0x78, 0x31, 0x25, 0xe1, 0xe6, 0xdd, 0xec, 0xd8, 0xee,
  0xf9, 0xdf, 0xb5, 0xd8, 0xc1, 0xe5, 0xfd, 0x22, 0xf4, 0x16, 0x5a, 0x2a,
  0xf7, 0x8d, 0xb8, 0x33, 0x0d, 0x65, 0xb6, 0xc0, 0xe3, 0x3d, 0xde, 0x3b,
  0x06, 0xaf, 0xfc, 0x10, 0xe7, 0x04, 0x81, 0xf1, 0xf3, 0x27, 0xda, 0xf0,
  0xbc, 0xc1, 0xf3, 0x55, 0xd4, 0x0b, 0x3a, 0x3d, 0x4b, 0x27, 0x43, 0xe3,
  0x4c, 0xd6, 0x0c, 0xe2, 0x45, 0xe2, 0xfb, 0x0c, 0xd4, 0xb4, 0xf4, 0x27,
  0x98, 0x90, 0xa1, 0x15, 0x3c, 0x64, 0x04, 0x04, 0xf0, 0xde, 0x2c, 0x2f,
  0xe7, 0xb9, 0xd0, 0x12, 0xf1, 0xb5, 0xd2, 0x0d, 0x29, 0xe3, 0xd7, 0xea,
  0xd4, 0x08, 0x1b, 0xcd, 0x43, 0xe7, 0x19, 0x01, 0x34, 0xd0, 0x0b, 0xcc,
  0x20, 0xd8, 0xd8, 0x39, 0x36, 0xcc, 0x10, 0xd1, 0x05, 0xf2, 0x46, 0x35,
  0xde, 0xd5, 0xc5, 0x0a, 0xee, 0x3e, 0xfa, 0xe8, 0x8a, 0xee, 0x25, 0x26,
  0x32, 0x9d, 0x90, 0xfd, 0xc4, 0xdc, 0xf1, 0x17, 0xe2, 0x26, 0xd4, 0xda,
  0xda, 0xed, 0x3e, 0x02, 0xff, 0xdb, 0xd8, 0xdc, 0x09, 0xe7, 0xe2, 0x07,
  0x50, 0xea, 0x04, 0xc8, 0x18, 0xe0, 0xec, 0x13, 0xef, 0xfc, 0x39, 0x1c,
  0xdc, 0xa2, 0x33, 0x22, 0xda, 0x0a, 0xf8, 0xd9, 0xe8, 0x81, 0xd0, 0xff,
  0x35, 0xd4, 0xce, 0xcd, 0x0c, 0x17, 0xdf, 0x06, 0xff, 0xf7, 0xd4, 0x02,
  0x3c, 0x36, 0x55, 0x24, 0x34, 0x35, 0xfe, 0xfc, 0xd2, 0xe4, 0xe2, 0xe5,
  0x22, 0x14, 0x02, 0xf8, 0x3c, 0xf3, 0xff, 0x31, 0x19, 0x37, 0x1e, 0xeb,
  0xd9, 0xf0, 0x38, 0x2b, 0xfc, 0xf8, 0x22, 0xc5, 0xe4, 0xb9, 0x41, 0x42,
  0x07, 0xca, 0xcc, 0x07, 0xf7, 0xdb, 0x08, 0xe5, 0xf1, 0x0a, 0xcb, 0x1f,
  0xe4, 0x21, 0x26, 0xe0, 0x49, 0x2f, 0x26, 0x0e, 0xf7, 0x33, 0xea, 0xfa,
  0x25, 0xd2, 0x35, 0x0c, 0x33, 0x01, 0x3d, 0x24, 0x46, 0x33, 0x1e, 0x16,
  0xe8, 0x27, 0x3e, 0x2d, 0x12, 0x0d, 0xfe, 0xe6, 0xba, 0xb3, 0x1b, 0x3b,
  0x23, 0xe9, 0xe1, 0x37, 0x30, 0xc8, 0x93, 0x39, 0x0c, 0x41, 0x3d, 0x2a,
  0xba, 0xb6, 0xc6, 0x9a, 0x03, 0x00, 0x38, 0x39, 0xe2, 0x43, 0xc7, 0xff,
  0x25, 0x9d, 0xf4, 0xa3, 0xe3, 0xb1, 0xde, 0x27, 0xd8, 0xaa, 0x5d, 0x3f,
  0xf0, 0x3e, 0x34, 0xe4, 0x19, 0xbf, 0x31, 0x18, 0x23, 0x10, 0x44, 0xde,
  0xc4, 0x76, 0xca, 0x58, 0xb0, 0x53, 0x0b, 0x30, 0xcf, 0xfc, 0x30, 0x31,
  0xe3, 0xde, 0x11, 0x97, 0x1c, 0x2a, 0xfb, 0x51, 0xd0, 0xf6, 0x2b, 0x04,
  0x31, 0x9d, 0x0a, 0xfe, 0xda, 0x18, 0x39, 0x23, 0xf3, 0x22, 0x00, 0x3e,
  0x54, 0x42, 0xb8, 0x63, 0x67, 0xed, 0x41, 0xfc, 0xbd, 0x11, 0x52, 0xd0,
  0x7f, 0x04, 0x65, 0x40, 0x19, 0x03, 0xbf, 0x32, 0xea, 0x4b, 0x01, 0xa5,
  0xab, 0xe5, 0x14, 0x8b, 0x26, 0x30, 0x07, 0x50, 0x28, 0x03, 0xc9, 0x05,
  0x4d, 0x9e, 0xcd, 0xda, 0x2b, 0xeb, 0xbb, 0x7b, 0x30, 0x0c, 0xc1, 0x24,
  0x64, 0x5f, 0xbc, 0x2a, 0x5d, 0x50, 0x24, 0x16, 0x11, 0x1b, 0x39, 0xc8,
  0x28, 0xe3, 0xe9, 0x34, 0xf7, 0x11, 0xfe, 0x18, 0x46, 0xaf, 0xb8, 0x02,
  0xe5, 0x81, 0xc7, 0xf5, 0x15, 0x12, 0xbf, 0xda, 0x2e, 0x15, 0xb6, 0x18,
  0xec, 0x30, 0xbd, 0x13, 0x2c, 0xc2, 0xf8, 0xd4, 0x41, 0x3c, 0xed, 0x36,
  0xf3, 0x2d, 0xf2, 0xe7, 0x0e, 0x09, 0xfe, 0xea, 0xfe, 0x58, 0x2a, 0x5d,
  0x16, 0xf4, 0x28, 0x27, 0xf6, 0x32, 0x18, 0xe2, 0xf6, 0xbf, 0xa9, 0x20,
  0xc3, 0xf3, 0xb8, 0xfa, 0x0c, 0x3b, 0xd1, 0x35, 0x2f, 0x0f, 0x27, 0x25,
  0xea, 0x25, 0x0c, 0x27, 0xe5, 0xe0, 0x57, 0xdc, 0xf8, 0xf4, 0xd6, 0x1e,
  0x28, 0x33, 0xef, 0x07, 0xfb, 0xf4, 0x2e, 0xda, 0x4a, 0x26, 0x13, 0x51,
  0x0a, 0xe5, 0x0a, 0x00, 0x04, 0xdc, 0xfe, 0xdd, 0x1a, 0xc4, 0xfb, 0x20,
  0x04, 0xcc, 0xd3, 0x03, 0xf7, 0xf3, 0x30, 0xe7, 0x0f, 0x36, 0xf3, 0x2a,
  0x1f, 0xda, 0xd0, 0x04, 0xd4, 0xfd, 0x0b, 0x1d, 0x0b, 0xcf, 0xfd, 0x3d,
  0x32, 0xde, 0xeb, 0xf3, 0xe0, 0x17, 0xdb, 0x03, 0x30, 0x13, 0xd3, 0x37,
  0xbe, 0x03, 0xef, 0x27, 0x04, 0x0a, 0xc9, 0x06, 0x1a, 0x09, 0xd7, 0xe6,
  0x2d, 0x17, 0xb7, 0xdf, 0xe3, 0xda, 0xe4, 0xdf, 0xa7, 0xd4, 0x41, 0x26,
  0xbd, 0xcd, 0xc4, 0xff, 0x13, 0x2b, 0x1b, 0xb8, 0x48, 0xf7, 0x21, 0x94,
  0xfa, 0xf8, 0xc2, 0x36, 0x12, 0x24, 0x22, 0xf0, 0x3c, 0x7f, 0xed, 0x28,
  0x13, 0x37, 0xda, 0x1c, 0xd0, 0x15, 0x2b, 0x4c, 0xe6, 0xbc, 0xf0, 0xe5,
  0x31, 0x33, 0xe1, 0xf2, 0xf8, 0x20, 0x0c, 0xce, 0xb9, 0xf6, 0x3e, 0x23,
  0x13, 0xac, 0xd6, 0xdd, 0xcd, 0x2b, 0xdb, 0x10, 0xe6, 0xfc, 0x2e, 0xce,
  0x35, 0x29, 0xc4, 0xe0, 0xdc, 0x0b, 0x19, 0xe8, 0xe9, 0x28, 0x2b, 0x27,
  0xe0, 0xf9, 0xb7, 0xf8, 0x03, 0x08, 0x23, 0x11, 0xda, 0xcd, 0x4a, 0x14,
  0x13, 0xfb, 0xcb, 0xad, 0xb8, 0xcf, 0xbc, 0x09, 0xfe, 0x03, 0xe9, 0x28,
  0x02, 0xe9, 0xe9, 0xe9, 0xe9, 0x15, 0x27, 0xcb, 0xcd, 0xce, 0xdb, 0xda,
  0x4f, 0xe8, 0xf5, 0x1c, 0xcd, 0x21, 0xd3, 0x1b, 0xcc, 0x60, 0x1c, 0x33,
  0xf8, 0xf8, 0x12, 0x1e, 0xf2, 0xce, 0xd3, 0xf4, 0x11, 0x25, 0xf1, 0x18,
  0xe7, 0x2c, 0x02, 0xfd, 0x54, 0xe9, 0x1a, 0x4b, 0x37, 0xfa, 0x16, 0xd2,
  0x21, 0x0d, 0xfb, 0x0f, 0xf0, 0xee, 0x31, 0xf5, 0xbe, 0xd9, 0xea, 0xfc,
  0x02, 0xe0, 0x21, 0x1c, 0xf6, 0x0e, 0x05, 0xd7, 0x0f, 0xbe, 0x13, 0xda,
  0x46, 0x09, 0xfb, 0xba, 0x00, 0x28, 0x0d, 0xc3, 0x52, 0xca, 0xc5, 0x29,
  0x01, 0xf3, 0xf5, 0x2c, 0xd5, 0xd8, 0xe8, 0x20, 0xd9, 0x10, 0x03, 0xc5,
  0xdd, 0x09, 0xfe, 0xe8, 0x12, 0x01, 0xf9, 0xc2, 0xc2, 0xeb, 0x02, 0xd0,
  0x0e, 0xd3, 0x31, 0xeb, 0xec, 0xb5, 0xf6, 0xcc, 0x18, 0x05, 0x3e, 0xe7,
  0x0f, 0x19, 0xa8, 0x81, 0xff, 0xc2, 0x15, 0x03, 0x43, 0xe9, 0xcf, 0x1d,
  0xd5, 0x04, 0xe0, 0xfb, 0xdf, 0x13, 0xff, 0x01, 0xf6, 0xe1, 0x44, 0xe7,
  0x12, 0x3c, 0x37, 0x10, 0x1b, 0x34, 0x0e, 0xc9, 0xde, 0x03, 0x26, 0xe6,
  0xac, 0xd6, 0x25, 0x32, 0xea, 0xc2, 0x43, 0x40, 0x23, 0xca, 0x13, 0xa1,
  0xec, 0xe4, 0xe3, 0x81, 0x10, 0xc9, 0x95, 0x1a, 0x5a, 0xec, 0xa7, 0x17,
  0xb8, 0xf2, 0xd5, 0xc4, 0x01, 0xf1, 0x8e, 0xd2, 0xd7, 0x35, 0x1a, 0x04,
  0xb7, 0xe8, 0xcc, 0x2a, 0xe8, 0xbc, 0xf6, 0xcd, 0x29, 0x39, 0xfe, 0xf9,
  0xb5, 0x3f, 0xee, 0x9c, 0xc3, 0x3a, 0xa1, 0x89, 0x04, 0xaa, 0xcf, 0xfe,
  0xb0, 0xd9, 0x4a, 0xe3, 0xdb, 0x1e, 0xce, 0xfb, 0x59, 0x42, 0x01, 0xcd,
  0xbc, 0xd8, 0x45, 0x05, 0x2a, 0x16, 0x9d, 0x31, 0xfe, 0xe9, 0x05, 0x28,
  0xb0, 0xe9, 0x2f, 0x12, 0x1f, 0xe5, 0xbe, 0x2d, 0x39, 0x18, 0xfc, 0xe4,
  0x27, 0xc9, 0xfb, 0x9a, 0xfc, 0xd6, 0x03, 0x81, 0x1d, 0xff, 0x0a, 0x49,
  0xf0, 0x06, 0xee, 0x43, 0x4d, 0x20, 0xad, 0xea, 0x36, 0xfd, 0xa5, 0xe2,
  0xdb, 0x9f, 0xd6, 0x29, 0x01, 0x0e, 0xce, 0x66, 0xed, 0x22, 0x3e, 0xba,
  0x21, 0x3b, 0x27, 0x07, 0xc9, 0x04, 0xbc, 0x25, 0xfc, 0x1c, 0x39, 0xc4,
  0xe0, 0xdf, 0xb2, 0xb5, 0x18, 0x04, 0xe8, 0xfe, 0xbf, 0xe0, 0xff, 0x2d,
  0xcf, 0xcc, 0xcf, 0xc6, 0x08, 0xfb, 0x37, 0x51, 0xc5, 0x64, 0x26, 0xeb,
  0x23, 0xba, 0x12, 0xbe, 0x0b, 0xb6, 0xe0, 0xdb, 0x52, 0xb4, 0xb1, 0x34,
  0x2f, 0x01, 0x0a, 0xee, 0x1e, 0xf6, 0xc6, 0xdd, 0xc3, 0xf5, 0x3a, 0x00,
  0xe8, 0x16, 0x45, 0xa0, 0xd3, 0xb3, 0xc0, 0x81, 0x04, 0xf1, 0xf0, 0xa8,
  0xd0, 0xd2, 0x11, 0x1b, 0xbe, 0x0a, 0x4c, 0x29, 0xdb, 0x32, 0x18, 0x0a,
  0x22, 0x3c, 0x25, 0xd4, 0xf5, 0x36, 0xe6, 0xcf, 0xfc, 0xe6, 0xfd, 0xde,
  0x3c, 0xf5, 0x38, 0xbb, 0xcc, 0x2d, 0xd4, 0x3f, 0x39, 0xf9, 0x0a, 0x3d,
  0xc5, 0xbb, 0xc3, 0x12, 0x98, 0x2c, 0xfc, 0xf3, 0x1e, 0x2a, 0xee, 0xa9,
  0xe1, 0x2e, 0xb1, 0x02, 0xff, 0xf9, 0xfa, 0xde, 0x39, 0x50, 0x01, 0x10,
  0xca, 0x34, 0xd1, 0xd1, 0x02, 0xd6, 0xb7, 0xb2, 0x2b, 0x39, 0xba, 0xfc,
  0xfd, 0xe8, 0xde, 0xd1, 0x3c, 0xea, 0xe1, 0xf4, 0x62, 0x31, 0x46, 0x36,
  0x27, 0x41, 0x1b, 0x92, 0x9c, 0xee, 0xdc, 0xb4, 0xd2, 0xed, 0x2d, 0xd8,
  0x1b, 0xca, 0xdc, 0xf2, 0x2e, 0x15, 0x0e, 0x06, 0x3c, 0xd8, 0x2a, 0x40,
  0xb3, 0xab, 0x2b, 0x3f, 0x61, 0x0b, 0x0d, 0xfd, 0x56, 0x1e, 0xb9, 0x18,
  0xd2, 0x01, 0xae, 0x27, 0xda, 0x0f, 0x1b, 0xb1, 0x01, 0xe3, 0xb9, 0x38,
  0x03, 0x54, 0x6e, 0xe2, 0x25, 0xf8, 0x3e, 0xfb, 0xce, 0x4c, 0x5b, 0xae,
  0x23, 0xd4, 0xd3, 0xf5, 0x15, 0xcb, 0xfb, 0x22, 0x4b, 0xbb, 0x1a, 0xc5,
  0xa4, 0x81, 0x0a, 0xe7, 0x49, 0x23, 0xf7, 0x04, 0x01, 0xd3, 0xeb, 0xe5,
  0xe5, 0xc1, 0x20, 0x0d, 0xca, 0xf2, 0xe4, 0x21, 0xad, 0x25, 0x06, 0xd7,
  0xfe, 0x0b, 0x51, 0x97, 0xbe, 0x11, 0x33, 0xaf, 0x9d, 0x1a, 0x51, 0xff,
  0x37, 0xe3, 0x09, 0xdc, 0x46, 0xfe, 0x77, 0xe4, 0x4e, 0x9c, 0xd2, 0xa4,
  0xf5, 0xc3, 0x11, 0x18, 0x67, 0xca, 0xb6, 0xfc, 0xe9, 0x25, 0x06, 0xf9,
  0xc2, 0x3a, 0x17, 0xc9, 0xdb, 0xf9, 0xed, 0xe4, 0x24, 0x02, 0xe2, 0x0a,
  0xe3, 0x0f, 0xfc, 0x22, 0x1c, 0x0d, 0xf2, 0xcc, 0xb0, 0x2f, 0x00, 0xf9,
  0x0f, 0x03, 0xb3, 0x1e, 0xd7, 0x3d, 0x28, 0x20, 0x1f, 0x2f, 0x51, 0xbf,
  0xc3, 0x48, 0x95, 0xfc, 0xaa, 0x0c, 0x2f, 0x5b, 0x15, 0x27, 0x2c, 0xd8,
  0x42, 0xab, 0x1b, 0xe8, 0xf8, 0xb5, 0xd6, 0xa3, 0x7b, 0x03, 0x8b, 0x92,
  0x33, 0x58, 0xc1, 0x31, 0xfb, 0x2d, 0xf1, 0xfc, 0x13, 0x4e, 0xed, 0xf3,
  0xee, 0xfe, 0x54, 0xf7, 0xeb, 0xb8, 0x0d, 0x3b, 0x27, 0x3f, 0xfc, 0xc9,
  0x2b, 0x32, 0xa9, 0x86, 0xed, 0xdc, 0xf6, 0x47, 0xc3, 0x03, 0xe7, 0x37,
  0xcf, 0xfc, 0x08, 0xe5, 0x1b, 0x97, 0xe7, 0xff, 0x21, 0x3c, 0x14, 0x29,
  0x7f, 0x6e, 0xbb, 0xdb, 0x9a, 0xea, 0xaf, 0xd9, 0xca, 0x59, 0xa7, 0xc0,
  0xa4, 0x19, 0xcb, 0xff, 0xd1, 0x0c, 0x17, 0xf7, 0x40, 0xf8, 0x3b, 0xcd,
  0x3f, 0x38, 0x1d, 0xb3, 0x2d, 0xa9, 0xcc, 0xe5, 0xeb, 0x19, 0x0f, 0x06,
  0x96, 0xba, 0xd5, 0xc2, 0xb7, 0xd9, 0xd3, 0xf6, 0x9f, 0xd3, 0xa4, 0xdc,
  0x4e, 0xdc, 0x03, 0xfd, 0x21, 0x0b, 0xaf, 0x43, 0xf4, 0x0f, 0xe4, 0xc9,
  0x99, 0x29, 0x14, 0xf2, 0x0e, 0x03, 0x5a, 0xf7, 0x41, 0x11, 0x31, 0xf1,
  0x0c, 0xdb, 0xcf, 0xad, 0x18, 0xe1, 0x00, 0x05, 0x10, 0xf7, 0xf5, 0x54,
  0xba, 0x0f, 0xa9, 0xec, 0x5a, 0x2f, 0x31, 0x10, 0xbb, 0xed, 0xf0, 0x1e,
  0x0b, 0x99, 0xb1, 0xb7, 0xc4, 0x1a, 0xdc, 0x88, 0x2e, 0xca, 0x19, 0x56,
  0xe7, 0xc0, 0x43, 0x36, 0xc6, 0xe9, 0x12, 0x13, 0x2c, 0x14, 0x05, 0xec,
  0xcb, 0x22, 0xfe, 0x3d, 0x1d, 0xe6, 0x15, 0xe4, 0xe8, 0xcc, 0x39, 0xd5,
  0xc3, 0xe0, 0xd4, 0x24, 0xf9, 0x0c, 0x09, 0xc0, 0x3e, 0xf0, 0x31, 0xb6,
  0xf0, 0xa9, 0x81, 0xf3, 0xf9, 0xb9, 0xf4, 0xe4, 0x32, 0xd7, 0xec, 0x47,
  0xd1, 0xae, 0x17, 0xe9, 0x14, 0x38, 0x3e, 0xa8, 0xf4, 0xb0, 0xf9, 0x2e,
  0x41, 0x25, 0x0a, 0x13, 0x36, 0xe8, 0xf5, 0x0f, 0x29, 0x18, 0x45, 0xd1,
  0x29, 0xcc, 0x2d, 0x50, 0x33, 0xc4, 0xea, 0x2a, 0x60, 0x34, 0xee, 0xdd,
  0xe1, 0xef, 0xab, 0xd1, 0x19, 0xf5, 0xe1, 0x1e, 0x06, 0x07, 0xc3, 0xd9,
  0xe5, 0x90, 0x4c, 0x23, 0x2a, 0x5b, 0x63, 0x15, 0xec, 0xbd, 0xe1, 0xd2,
  0x18, 0x2c, 0xe4, 0x91, 0xcb, 0x0d, 0x36, 0xfa, 0x40, 0xcb, 0x48, 0x81,
  0x01, 0xec, 0xb9, 0xca, 0x1c, 0xed, 0xfe, 0x14, 0xc5, 0xaa, 0xe7, 0x53,
  0xe6, 0xf7, 0x12, 0xc5, 0x03, 0xb8, 0x2f, 0xb5, 0x28, 0xa3, 0x99, 0x03,
  0xb6, 0x0a, 0xd2, 0xb5, 0xff, 0xfe, 0x25, 0x9a, 0x3a, 0xf6, 0x1f, 0x33,
  0x07, 0xe2, 0xf2, 0x29, 0x2b, 0x0c, 0x0c, 0x0e, 0x2c, 0x1c, 0x43, 0xac,
  0x47, 0x1e, 0x34, 0x9b, 0xd1, 0xbd, 0x1b, 0x15, 0xe9, 0xbc, 0xf9, 0x1f,
  0x12, 0xd7, 0x06, 0x3d, 0x0d, 0x33, 0x24, 0xe4, 0x2d, 0x89, 0x1e, 0x8a,
  0x42, 0x9d, 0xb7, 0xe0, 0x7a, 0xed, 0x3e, 0x10, 0xff, 0xdf, 0xbf, 0x34,
  0x01, 0x03, 0xe9, 0x24, 0x5d, 0xd3, 0x29, 0xf9, 0x51, 0xaf, 0x03, 0xdc,
  0x0c, 0xea, 0x40, 0xd4, 0xb5, 0xc5, 0x35, 0xc8, 0x0e, 0xf4, 0x2f, 0x58,
  0xc6, 0x4b, 0x26, 0x54, 0x22, 0x7d, 0x12, 0xde, 0x06, 0x85, 0xc0, 0x9a,
  0x18, 0xe9, 0x27, 0xb6, 0xe9, 0x4d, 0x30, 0x41, 0x62, 0x11, 0x71, 0xd4,
  0xd9, 0x16, 0xbe, 0x36, 0xfc, 0xc6, 0x26, 0x21, 0xd0, 0xe4, 0xdf, 0xea,
  0x0c, 0x1b, 0xef, 0xfd, 0xde, 0xc7, 0xd0, 0xd4, 0x23, 0x04, 0xc5, 0x04,
  0xfe, 0xd3, 0xfa, 0xd3, 0x03, 0xeb, 0x93, 0x48, 0x2f, 0x2e, 0xb2, 0xae,
  0xac, 0xe1, 0x30, 0xff, 0x01, 0xe6, 0xe3, 0x4e, 0x15, 0x22, 0x33, 0xb9,
  0xfb, 0x08, 0xec, 0x42, 0xcf, 0xe9, 0x19, 0xac, 0x3c, 0xfa, 0x30, 0x1f,
  0xeb, 0xc9, 0xc6, 0xf7, 0x2d, 0xcf, 0xc8, 0x2f, 0x25, 0x8d, 0x02, 0xf9,
  0xe1, 0x3c, 0x1e, 0x98, 0x1f, 0xde, 0x84, 0xd3, 0xe3, 0xc7, 0x0d, 0xfb,
  0x81, 0xdd, 0xbf, 0xc4, 0x26, 0xbb, 0xcf, 0x07, 0x35, 0xc0, 0x46, 0x21,
  0xda, 0x63, 0x28, 0xe4, 0xf8, 0xe9, 0x16, 0xdf, 0x44, 0xf9, 0x45, 0xd9,
  0xef, 0x03, 0xed, 0xc7, 0xe0, 0xe9, 0xe7, 0xc5, 0x31, 0x9c, 0x1d, 0x00,
  0xb4, 0xa8, 0xde, 0xf6, 0xa3, 0x07, 0xc9, 0x27, 0xed, 0x1a, 0xb8, 0xdf,
  0xba, 0xdf, 0xc0, 0xa2, 0x1b, 0xcf, 0xe4, 0x10, 0xfe, 0x0d, 0xff, 0x81,
  0x15, 0x32, 0xfe, 0xdf, 0x4a, 0xba, 0xea, 0x3c, 0xd7, 0x16, 0x2b, 0xae,
  0xf8, 0x05, 0xbe, 0xc6, 0xcc, 0x84, 0xf7, 0x04, 0x3b, 0x1d, 0xc4, 0x4b,
  0x3b, 0x42, 0x29, 0x16, 0xa3, 0x3e, 0xd1, 0x0a, 0xb7, 0xb3, 0xe6, 0x3c,
  0x08, 0xe1, 0xbf, 0x05, 0xbe, 0x1c, 0x08, 0xc2, 0xf6, 0x03, 0xf5, 0xf0,
  0x26, 0x4c, 0xee, 0x2d, 0x02, 0xe8, 0x24, 0xc7, 0xd0, 0x0d, 0x34, 0x31,
  0xcc, 0x0a, 0x08, 0xa2, 0x06, 0x0f, 0xc5, 0xfa, 0x1d, 0x1d, 0xfc, 0x2c,
  0x39, 0xbe, 0x0d, 0x35, 0x98, 0xf1, 0xc7, 0x4f, 0x35, 0xcd, 0xf0, 0xc5,
  0xbb, 0xb3, 0x17, 0xce, 0x0a, 0xc8, 0x1e, 0xe8, 0xe2, 0xfb, 0x42, 0xe6,
  0xc8, 0x0d, 0x14, 0x16, 0x4d, 0xbd, 0x26, 0xd1, 0xf7, 0x33, 0x0b, 0xfe,
  0x11, 0x16, 0xe7, 0x26, 0x20, 0xf8, 0x00, 0x0b, 0x20, 0xe3, 0x50, 0xf6,
  0x13, 0xee, 0x1f, 0xec, 0xf1, 0xa6, 0x20, 0xd0, 0x65, 0xcc, 0xc6, 0xd4,
  0xc5, 0xfd, 0xba, 0xc4, 0xd3, 0xf3, 0xc6, 0xa1, 0xc0, 0x10, 0xc6, 0x30,
  0x38, 0xe1, 0xa0, 0xf3, 0x17, 0x9e, 0x2e, 0x2a, 0x17, 0x0f, 0x61, 0x3d,
  0x18, 0x83, 0xac, 0x3d, 0x48, 0xb2, 0xe2, 0x05, 0x17, 0xc1, 0x24, 0x0c,
  0xff, 0x49, 0xf7, 0x18, 0x21, 0x8f, 0xfc, 0x54, 0xb8, 0x00, 0xac, 0x0a,
  0xc2, 0x42, 0xe5, 0x4c, 0x07, 0x02, 0xea, 0xe7, 0xea, 0xf4, 0xd2, 0x14,
  0xce, 0x20, 0x01, 0xcd, 0xbe, 0xcc, 0x19, 0xdd, 0x2b, 0x32, 0x3c, 0x09,
  0xc9, 0xdc, 0xd2, 0x4d, 0xe0, 0x8f, 0xca, 0x19, 0x0c, 0xff, 0x39, 0x24,
  0xeb, 0xd5, 0x32, 0xfd, 0xaa, 0x93, 0xe0, 0x02, 0xc9, 0x81, 0xac, 0x26,
  0xe8, 0xcd, 0x26, 0x3d, 0xb5, 0xf6, 0xe5, 0xfa, 0xca, 0xe5, 0xc1, 0x65,
  0x0c, 0xc8, 0x8c, 0xdb, 0xf4, 0xf0, 0x13, 0xdc, 0x2d, 0x24, 0x5c, 0x1e,
  0xe4, 0xa5, 0xa2, 0xe8, 0x51, 0xa1, 0xf3, 0x3e, 0xea, 0x19, 0x42, 0x14,
  0x37, 0xd3, 0x47, 0xf7, 0xff, 0xe2, 0xe0, 0x57, 0xca, 0xc4, 0xd6, 0xf5,
  0x04, 0xd7, 0xf7, 0x11, 0xd5, 0xb1, 0xb2, 0x0f, 0xb1, 0xb9, 0x9a, 0x38,
  0x1e, 0x31, 0xb6, 0x8b, 0x2a, 0xd2, 0xba, 0x32, 0x1b, 0xc8, 0xfe, 0x54,
  0x0e, 0xf3, 0xf2, 0x02, 0x2b, 0x63, 0x43, 0x20, 0x2d, 0x27, 0x32, 0x31,
  0xba, 0x0d, 0x0b, 0xfa, 0x5d, 0xdf, 0xfb, 0x8e, 0x67, 0x81, 0xe0, 0xbc,
  0xa2, 0xb8, 0xfc, 0x89, 0xf4, 0x97, 0xb1, 0x96, 0xda, 0x46, 0xe5, 0xd9,
  0xcc, 0x53, 0x3a, 0xc8, 0xcf, 0x08, 0xed, 0x2e, 0xf2, 0x10, 0xd5, 0xda,
  0xfe, 0x3e, 0x3c, 0xc6, 0xc4, 0x64, 0x17, 0xd6, 0x3b, 0x39, 0x28, 0x2e,
  0xe5, 0x30, 0x23, 0x6a, 0xcd, 0x21, 0x4d, 0x90, 0x3d, 0xae, 0xa3, 0xc2,
  0x95, 0x01, 0x50, 0xa4, 0x04, 0x00, 0x20, 0xb4, 0x12, 0x48, 0x20, 0x4e,
  0x04, 0xe6, 0xe3, 0xd4, 0xca, 0xcc, 0xc5, 0x24, 0xdd, 0xc6, 0xe4, 0xcb,
  0x30, 0xbb, 0x5c, 0x85, 0xb0, 0xe9, 0x53, 0x94, 0xe3, 0xe8, 0x1a, 0x30,
  0x5d, 0x66, 0x0f, 0xd2, 0x34, 0xc3, 0xe6, 0xc2, 0x30, 0x87, 0x06, 0xde,
  0x0a, 0xd8, 0x06, 0x1d, 0xe5, 0x37, 0x20, 0xbc, 0x24, 0x81, 0xb8, 0xc4,
  0x1d, 0x10, 0x1a, 0xf0, 0xda, 0x2a, 0x15, 0x3f, 0xf1, 0xcf, 0x25, 0xdd,
  0x34, 0x08, 0x18, 0x11, 0xd1, 0x01, 0x23, 0xd2, 0x00, 0xe9, 0xf7, 0xe5,
  0x07, 0x05, 0x06, 0xdb, 0x01, 0xbd, 0xc2, 0xee, 0x15, 0x9d, 0xf1, 0xfd,
  0x10, 0x1b, 0x30, 0x19, 0xff, 0x27, 0x2f, 0xca, 0x27, 0xc6, 0xc5, 0xae,
  0xbe, 0xf3, 0x10, 0x04, 0x12, 0xee, 0xf3, 0x15, 0xf3, 0xdc, 0x31, 0xe5,
  0x3f, 0x12, 0xe5, 0xde, 0x17, 0x1c, 0x05, 0xe4, 0xe4, 0x11, 0xd4, 0xc8,
  0xda, 0x3a, 0x37, 0x18, 0xbb, 0x02, 0xe5, 0x10, 0x51, 0xef, 0xe2, 0xca,
  0xfd, 0xf2, 0x33, 0x00, 0x2c, 0x03, 0xdf, 0xd8, 0xda, 0x96, 0xef, 0xca,
  0x06, 0xe6, 0x00, 0xf8, 0x4d, 0x04, 0x70, 0x16, 0x24, 0x2e, 0xf7, 0xf0,
  0x3d, 0x24, 0x32, 0xde, 0x3d, 0x19, 0xd4, 0x0a, 0x17, 0x1f, 0xef, 0x17,
  0xfc, 0x1a, 0x11, 0xea, 0xdf, 0xd6, 0xcc, 0xea, 0x3b, 0xf2, 0xe0, 0x03,
  0x00, 0xf9, 0x22, 0xf1, 0x01, 0x62, 0xdd, 0x44, 0xb5, 0x01, 0xbe, 0xe4,
  0x64, 0x28, 0xd7, 0x2b, 0x57, 0xdf, 0xdd, 0x9e, 0xcc, 0x5c, 0xf8, 0x18,
  0xf0, 0x28, 0xb5, 0xb0, 0xc1, 0xd5, 0x1e, 0x4a, 0x5c, 0x44, 0xb6, 0x02,
  0x27, 0xb8, 0xaf, 0x56, 0xf1, 0xff, 0x3b, 0xaf, 0x30, 0xe1, 0xf2, 0x5e,
  0xfb, 0x14, 0x2f, 0x20, 0xf3, 0xdc, 0xdb, 0xcd, 0x34, 0x19, 0xd6, 0x0d,
  0x34, 0xf6, 0x2c, 0xb1, 0xf0, 0x28, 0x53, 0xf7, 0xd7, 0x0f, 0xce, 0xd3,
  0xc9, 0x4d, 0x1c, 0xc5, 0xc1, 0x16, 0x0c, 0x3e, 0xc5, 0x04, 0xb8, 0xb1,
  0xfe, 0xf1, 0x27, 0xac, 0x2f, 0x1b, 0xf9, 0x9f, 0xe1, 0x8b, 0xbf, 0xf4,
  0x1a, 0xda, 0x31, 0xdf, 0x4b, 0xd4, 0xc3, 0x16, 0x00, 0xf1, 0xe2, 0x13,
  0x19, 0xbc, 0x11, 0x3f, 0xb4, 0xe6, 0x43, 0x1c, 0x8e, 0x44, 0xb5, 0x49,
  0x01, 0x27, 0x02, 0xee, 0xdf, 0x00, 0x2a, 0xea, 0x81, 0x10, 0xd5, 0xdc,
  0x37, 0x15, 0xfb, 0xb3, 0x18, 0xd4, 0x66, 0xdb, 0x40, 0x23, 0xde, 0x32,
  0x4e, 0xce, 0x2b, 0xea, 0xfa, 0x1f, 0xec, 0xc5, 0x38, 0xcc, 0x1e, 0x45,
  0xda, 0xc2, 0xfc, 0x56, 0xf2, 0x03, 0x33, 0x45, 0xc8, 0x4b, 0x37, 0x1b,
  0x42, 0xb9, 0xf4, 0x17, 0x28, 0xc8, 0x1b, 0xda, 0x14, 0x39, 0xda, 0xc9,
  0xea, 0x35, 0xe9, 0x08, 0xee, 0xcf, 0x00, 0x7f, 0x3f, 0x05, 0x35, 0x37,
  0x1e, 0x09, 0xe5, 0xf7, 0xcb, 0xee, 0x27, 0xb9, 0x14, 0xbe, 0xbe, 0xfc,
  0x0f, 0xe4, 0xf4, 0x0a, 0x3f, 0xbd, 0xe1, 0xd4, 0xbf, 0x05, 0x01, 0xda,
  0x3f, 0xe7, 0xf0, 0x21, 0x1b, 0xae, 0x02, 0xc7, 0x14, 0xf7, 0x39, 0x19,
  0x06, 0xf0, 0xf6, 0xdc, 0x05, 0x12, 0x3c, 0x38, 0x02, 0x05, 0x3b, 0x64,
  0xe0, 0x0a, 0xd8, 0xda, 0x47, 0x6c, 0x2e, 0x23, 0xab, 0xd6, 0xf9, 0x23,
  0xf6, 0x03, 0xf4, 0x23, 0x12, 0xb7, 0x0e, 0xff, 0x08, 0xc8, 0xcb, 0xef,
  0xdf, 0x29, 0xf8, 0x26, 0x22, 0xfe, 0x2f, 0xe0, 0xdf, 0x02, 0xf1, 0x60,
  0x11, 0x4e, 0xee, 0x09, 0xf4, 0xdd, 0xd2, 0x10, 0x0d, 0xd4, 0xe5, 0xf4,
  0x18, 0x20, 0xba, 0x17, 0xdb, 0x11, 0xbc, 0x15, 0x11, 0x4c, 0xd0, 0x2d,
  0x19, 0xf4, 0xfe, 0x0d, 0xd8, 0xca, 0xf1, 0x37, 0xd2, 0x0e, 0xc7, 0xc9,
  0xee, 0x28, 0xe1, 0xbb, 0x09, 0x34, 0xb3, 0xd4, 0x16, 0x28, 0x0f, 0xe6,
  0x2d, 0x3e, 0xd4, 0xf9, 0x1f, 0xaf, 0xf0, 0x23, 0x1a, 0x2f, 0x34, 0xb1,
  0xf9, 0x1e, 0x1e, 0x07, 0x09, 0x1e, 0xb5, 0xac, 0xf7, 0x07, 0x87, 0xf6,
  0x0e, 0xf5, 0x16, 0xf0, 0x10, 0x37, 0x0b, 0x34, 0xdb, 0xd7, 0xf9, 0xc1,
  0x2a, 0x09, 0x08, 0x9d, 0xdb, 0xe6, 0xa8, 0x25, 0x0f, 0xd5, 0xe2, 0xfd,
  0x20, 0xd5, 0xd6, 0x23, 0xf3, 0xd4, 0x01, 0x2a, 0xf5, 0x12, 0x03, 0xda,
  0x23, 0x0e, 0x3a, 0x62, 0xec, 0xe3, 0x8b, 0xd8, 0xdb, 0xff, 0xbb, 0xe2,
  0x0e, 0x0a, 0x11, 0xfd, 0x06, 0xc2, 0xe5, 0x38, 0x17, 0x00, 0xc2, 0xec,
  0xeb, 0xcb, 0x16, 0xdd, 0x41, 0x08, 0x81, 0xaa, 0x21, 0xe8, 0x0e, 0x4c,
  0x17, 0x34, 0x32, 0x2b, 0xf5, 0xb8, 0xee, 0xd6, 0x0a, 0xf1, 0x41, 0xfc,
  0x1a, 0x06, 0x0a, 0x06, 0x26, 0xf2, 0xed, 0x81, 0xea, 0xd4, 0xfe, 0x21,
  0x25, 0x25, 0x29, 0xfd, 0x35, 0x20, 0xf8, 0xfc, 0xee, 0xed, 0xde, 0x2d,
  0x18, 0xf0, 0xe0, 0xb9, 0x0f, 0x07, 0x13, 0x11, 0xa4, 0xeb, 0x0d, 0x0b,
  0xfb, 0x0c, 0xdc, 0x32, 0xed, 0x27, 0xa9, 0xfc, 0x20, 0x5d, 0x0a, 0x12,
  0x11, 0xe0, 0xcf, 0x07, 0xe1, 0xf2, 0x3f, 0x9b, 0x28, 0xb7, 0xdf, 0xf9,
  0xd7, 0x12, 0x08, 0xf8, 0xe9, 0x12, 0xe5, 0x30, 0xf6, 0xed, 0xf9, 0x1d,
  0x48, 0xea, 0x1e, 0xf8, 0x1a, 0xed, 0x1c, 0xce, 0xc0, 0xdc, 0xf1, 0x20,
  0xf9, 0x27, 0xe3, 0xfb, 0xea, 0xfa, 0xc0, 0xfd, 0xe9, 0x3d, 0xfe, 0xf6,
  0xdf, 0x14, 0xcf, 0xce, 0xd9, 0xf3, 0xf3, 0xa8, 0x16, 0xc1, 0xe5, 0x24,
  0x13, 0xbf, 0x2a, 0xc0, 0xcb, 0xff, 0xd8, 0x0a, 0x0f, 0x26, 0x29, 0xeb,
  0x2d, 0xe0, 0x34, 0xe4, 0xe2, 0xf6, 0xf5, 0x08, 0x1a, 0x0a, 0xff, 0x28,
  0xe7, 0x12, 0x23, 0x35, 0x17, 0x0d, 0xda, 0xe7, 0x10, 0x28, 0x1c, 0xf4,
  0xec, 0x08, 0xfd, 0x13, 0x13, 0x43, 0xb4, 0xeb, 0xfe, 0x2d, 0x2f, 0xb3,
  0x16, 0xa4, 0xb4, 0xdd, 0x77, 0x06, 0xf4, 0xa7, 0x2b, 0xc7, 0xe5, 0xbe,
  0xb4, 0xde, 0x34, 0xd2, 0xfc, 0x0a, 0xb7, 0x13, 0xe2, 0x04, 0x3c, 0x01,
  0x2c, 0xe1, 0xe0, 0xdb, 0x72, 0x4c, 0x37, 0x15, 0x30, 0xe4, 0xd3, 0x39,
  0xd3, 0xee, 0x41, 0xf6, 0x92, 0xe7, 0x2c, 0xc0, 0x31, 0x03, 0x2a, 0xf4,
  0xb5, 0x90, 0x25, 0x15, 0x2f, 0xf8, 0xc1, 0xa7, 0x29, 0xd6, 0xb0, 0xee,
  0xc8, 0x0d, 0xc0, 0xf1, 0x08, 0xf2, 0xf4, 0xf4, 0xca, 0xed, 0x38, 0xeb,
  0x18, 0x14, 0xcc, 0x09, 0x28, 0x1d, 0x3b, 0xdf, 0x37, 0xdc, 0xf0, 0x06,
  0x09, 0xe7, 0xe5, 0xee, 0xef, 0xe8, 0xee, 0x1b, 0xe6, 0xf1, 0x05, 0xbb,
  0xf1, 0xb7, 0xbd, 0x1c, 0x7f, 0xf1, 0xa6, 0xea, 0x03, 0x06, 0x11, 0x9a,
  0x00, 0x06, 0x1e, 0xc3, 0xf2, 0xf2, 0x17, 0xf5, 0xf4, 0x2f, 0x33, 0x3d,
  0x37, 0xc7, 0xa7, 0xf0, 0x73, 0x03, 0x02, 0xc1, 0xff, 0xf0, 0xc1, 0xcd,
  0x1a, 0xc9, 0xdc, 0x0d, 0x14, 0x27, 0xde, 0x31, 0x50, 0xbf, 0xf2, 0xdf,
  0xdf, 0x06, 0x67, 0xc0, 0x2e, 0x0a, 0x66, 0x5b, 0x39, 0xd7, 0x27, 0xaf,
  0xf6, 0xc0, 0x27, 0xae, 0x52, 0xcf, 0xcf, 0x3a, 0xb8, 0xe6, 0x3a, 0x1b,
  0x0f, 0xf0, 0x38, 0xf3, 0xf3, 0x26, 0xc6, 0xd4, 0x78, 0xdb, 0xe9, 0xe4,
  0x12, 0xc7, 0x12, 0xa5, 0x4f, 0x39, 0x26, 0xc9, 0xcc, 0xcf, 0xfb, 0x05,
  0x31, 0xfb, 0x10, 0xbc, 0x39, 0x32, 0x4a, 0x01, 0xd3, 0xf4, 0x1d, 0xf0,
  0x00, 0x26, 0x30, 0x0b, 0x35, 0xab, 0x03, 0x16, 0x9e, 0xcf, 0xef, 0x3a,
  0x11, 0x33, 0x17, 0xff, 0xd2, 0xd9, 0xcd, 0xf2, 0x43, 0x14, 0x42, 0x29,
  0xda, 0xd8, 0x05, 0xc1, 0xe7, 0xf1, 0xf3, 0x9d, 0x03, 0xbe, 0xe2, 0x81,
  0x1e, 0x04, 0x16, 0xeb, 0xe5, 0xac, 0xf7, 0xec, 0xe5, 0xfb, 0xf1, 0xfc,
  0x1b, 0x4e, 0x1d, 0x29, 0xcf, 0xc0, 0xf7, 0x1d, 0x38, 0xcb, 0xe5, 0xf5,
  0xcd, 0xe8, 0x56, 0xe8, 0x24, 0x07, 0xe0, 0xab, 0x63, 0x9d, 0x19, 0x40,
  0xfd, 0x8f, 0x5c, 0x29, 0x16, 0x1a, 0x37, 0x1c, 0x34, 0x34, 0x06, 0x15,
  0xea, 0xa3, 0xe6, 0x1b, 0xe6, 0xbd, 0x01, 0x5d, 0xcf, 0x95, 0x3b, 0x08,
  0x39, 0xa9, 0x14, 0xe1, 0xe0, 0x11, 0xfb, 0x47, 0xf9, 0xb7, 0x21, 0xf9,
  0xf3, 0x0a, 0xc6, 0x03, 0x0b, 0x1c, 0xfb, 0x4f, 0x18, 0x4a, 0xfb, 0x0a,
  0x37, 0x4e, 0xc7, 0xff, 0xcd, 0x0d, 0x22, 0xc9, 0xe6, 0xfe, 0xd0, 0xc5,
  0xd4, 0xb7, 0xbe, 0xf7, 0xc3, 0xfb, 0xab, 0x0c, 0xb3, 0xbe, 0x07, 0xeb,
  0x16, 0x8e, 0xee, 0x05, 0xe6, 0x13, 0x81, 0x06, 0xfb, 0x41, 0xd7, 0x21,
  0x05, 0x2b, 0x08, 0x1e, 0x39, 0x34, 0xd1, 0x2f, 0x04, 0x26, 0x29, 0x1f,
  0x02, 0x3c, 0x06, 0x44, 0x1f, 0x24, 0xee, 0xe4, 0x5b, 0x17, 0xd2, 0x05,
  0xff, 0xc4, 0xbf, 0xae, 0xc4, 0xf9, 0xea, 0xf3, 0xac, 0x83, 0x52, 0xe1,
  0xe4, 0xe8, 0xb5, 0x2d, 0xe3, 0x98, 0xfc, 0xc0, 0xed, 0x21, 0xb5, 0x2d,
  0x16, 0x22, 0x9a, 0xb0, 0x01, 0x36, 0x20, 0xd6, 0xd2, 0x34, 0xc2, 0x1d,
  0xc1, 0xb7, 0x2a, 0x32, 0xfb, 0x13, 0x40, 0xb5, 0x23, 0xbc, 0xd4, 0xee,
  0x48, 0x0d, 0x23, 0x64, 0xd2, 0x10, 0x38, 0x3b, 0xb6, 0xab, 0xef, 0x1e,
  0x33, 0x23, 0x1a, 0xf1, 0xf5, 0x3a, 0x1d, 0x9c, 0x1c, 0xee, 0xd9, 0x21,
  0xe0, 0xa6, 0xf7, 0xb2, 0x2f, 0x3d, 0x08, 0xa1, 0x27, 0x90, 0xe1, 0xb7,
  0x91, 0xdb, 0xe5, 0x36, 0xe1, 0xc4, 0x0c, 0xd9, 0xa2, 0xed, 0x03, 0x34,
  0x29, 0x13, 0xee, 0x51, 0xc9, 0x0b, 0xc0, 0x66, 0xdb, 0xc1, 0x24, 0x50,
  0x42, 0x2e, 0x18, 0xbd, 0xb4, 0x29, 0x6b, 0x94, 0x0e, 0x61, 0xcf, 0x43,
  0x06, 0xda, 0xbf, 0xc4, 0x08, 0xba, 0x56, 0xd9, 0xaa, 0x81, 0x43, 0x35,
  0xc6, 0x18, 0xf3, 0xe9, 0x13, 0x0e, 0x00, 0xa8, 0x34, 0xd9, 0xbb, 0xe4,
  0x17, 0xf2, 0xb6, 0x56, 0x4d, 0xf5, 0x37, 0x19, 0x11, 0xdf, 0xde, 0xca,
  0x06, 0x2b, 0x4e, 0x08, 0x1b, 0x42, 0x1b, 0x35, 0x1d, 0x4d, 0xd2, 0xf6,
  0xea, 0x17, 0x55, 0xd4, 0x38, 0xf1, 0xa7, 0xdb, 0x95, 0xff, 0x0e, 0xc6,
  0x2b, 0xcf, 0x02, 0x37, 0x2e, 0xec, 0xff, 0xff, 0x04, 0x00, 0x00, 0x00,
  0x80, 0x00, 0x00, 0x00, 0x90, 0xfc, 0xff, 0xff, 0x76, 0xfd, 0xff, 0xff,
  0xb0, 0xfd, 0xff, 0xff, 0xb6, 0xfd, 0xff, 0xff, 0xea, 0xff, 0xff, 0xff,
  0xbc, 0xfe, 0xff, 0xff, 0xb5, 0xfe, 0xff, 0xff, 0xed, 0xfc, 0xff, 0xff,
  0x5e, 0xfc, 0xff, 0xff, 0x27, 0xfd, 0xff, 0xff, 0x54, 0xfb, 0xff, 0xff,
  0xa6, 0xfd, 0xff, 0xff, 0x50, 0xfe, 0xff, 0xff, 0x79, 0x00, 0x00, 0x00,
  0xc9, 0xfd, 0xff, 0xff, 0x7e, 0xfc, 0xff, 0xff, 0x27, 0xfc, 0xff, 0xff,
  0x86, 0xfd, 0xff, 0xff, 0x58, 0xfc, 0xff, 0xff, 0x38, 0xfd, 0xff, 0xff,
  0x44, 0xfb, 0xff, 0xff, 0x0a, 0xff, 0xff, 0xff, 0x96, 0xfe, 0xff, 0xff,
  0xe4, 0xfd, 0xff, 0xff, 0xd1, 0xfb, 0xff, 0xff, 0x89, 0xf9, 0xff, 0xff,
  0x0c, 0x00, 0x00, 0x00, 0x0b, 0xff, 0xff, 0xff, 0x8a, 0xfe, 0xff, 0xff,
  0x31, 0xfa, 0xff, 0xff, 0xd2, 0x02, 0x00, 0x00, 0xc1, 0xfa, 0xff, 0xff,
  0xba, 0xec, 0xff, 0xff, 0x04, 0x00, 0x00, 0x00, 0x20, 0x00, 0x00, 0x00,
  0x42, 0x46, 0x07, 0x02, 0xee, 0x4a, 0x67, 0xf8, 0xf4, 0xc9, 0xda, 0xef,
  0xe7, 0x12, 0x3e, 0xd8, 0xdc, 0x03, 0x09, 0x31, 0x7f, 0xf8, 0x2b, 0x1f,
  0x20, 0x06, 0x05, 0x15, 0xdc, 0x1c, 0xed, 0x2b, 0xe6, 0xec, 0xff, 0xff,
  0x04, 0x00, 0x00, 0x00, 0x20, 0x00, 0x00, 0x00, 0x26, 0x27, 0xfa, 0xdf,
  0xe4, 0xc3, 0x20, 0x1f, 0x20, 0x31, 0x2d, 0xe8, 0x00, 0xb5, 0xca, 0xce,
  0x34, 0x23, 0x65, 0xdd, 0x2e, 0xe3, 0xe0, 0xaf, 0x02, 0xf8, 0xc5, 0x47,
  0x80, 0x5f, 0x95, 0x3c, 0x12, 0xed, 0xff, 0xff, 0x04, 0x00, 0x00, 0x00,
  0x00, 0x0c, 0x00, 0x00, 0x9b, 0xe3, 0x20, 0xc2, 0x48, 0xf4, 0x0d, 0xfa,
  0xbb, 0x28, 0xb7, 0xc0, 0xc4, 0xff, 0x32, 0xe6, 0xaf, 0xf5, 0xad, 0xb2,
  0xa9, 0x09, 0xa8, 0x0f, 0xd1, 0xc4, 0x0b, 0xf8, 0x3b, 0x1a, 0x16, 0x2b,
  0xab, 0xc1, 0x11, 0xd2, 0x02, 0x0c, 0x23, 0xf4, 0xfd, 0xcb, 0xfc, 0x12,
  0xdf, 0x18, 0xd4, 0xbd, 0xf8, 0xe1, 0x16, 0xa6, 0x15, 0xe6, 0xf3, 0x1d,
  0x13, 0x15, 0x14, 0x2d, 0xfc, 0xfb, 0xd5, 0xed, 0x8f, 0xd1, 0x24, 0x15,
  0xde, 0xdd, 0x1a, 0x18, 0x81, 0xdd, 0x1f, 0x28, 0xee, 0xed, 0xea, 0x1d,
  0xb5, 0x13, 0x04, 0xc8, 0xa4, 0xeb, 0xa9, 0x1b, 0x46, 0x07, 0x0e, 0x1f,
  0x4e, 0x3d, 0xc6, 0x13, 0xd8, 0xc8, 0x10, 0x0d, 0xcf, 0x2f, 0xd5, 0x32,
  0x4d, 0x81, 0x19, 0x4e, 0xef, 0xe7, 0x9d, 0x07, 0xea, 0xab, 0xc2, 0xd4,
  0x2f, 0x30, 0xc4, 0x1c, 0x24, 0x42, 0x5f, 0xd7, 0x4a, 0xa6, 0xc2, 0xb1,
  0xa8, 0xf1, 0x00, 0xeb, 0x32, 0x0c, 0x08, 0xe5, 0x62, 0x19, 0x35, 0xe8,
  0xf5, 0x11, 0x8d, 0x31, 0x17, 0xa6, 0xb5, 0x57, 0x07, 0x2e, 0xc4, 0x35,
  0xad, 0x2a, 0x2e, 0x21, 0xe3, 0xbd, 0x17, 0x05, 0x9b, 0xb5, 0x02, 0xe5,
  0x28, 0x40, 0x26, 0x21, 0xe2, 0xdd, 0xf8, 0x5a, 0xe8, 0x3f, 0xad, 0x0c,
  0x20, 0x0b, 0x4c, 0x49, 0xe5, 0xcb, 0x0a, 0x06, 0xbf, 0xf9, 0xe5, 0x91,
  0xd7, 0x23, 0xe7, 0xcf, 0x9a, 0xc3, 0x05, 0xee, 0x19, 0xed, 0x08, 0x4c,
  0x28, 0x38, 0x31, 0x2f, 0x3d, 0x49, 0xf7, 0x40, 0xdb, 0x0c, 0xc4, 0xe5,
  0x87, 0x45, 0x01, 0xe4, 0x57, 0xe6, 0x7f, 0xab, 0x19, 0x21, 0xba, 0x9e,
  0x1c, 0xcc, 0xef, 0x48, 0xd1, 0x01, 0x9f, 0xa5, 0xc1, 0xf7, 0xcf, 0xd9,
  0xa2, 0x22, 0xf5, 0x9b, 0x97, 0xb5, 0x09, 0xf3, 0x0f, 0x63, 0xd2, 0xd5,
  0x47, 0xc2, 0x65, 0xeb, 0xfc, 0xc7, 0x46, 0xcc, 0x87, 0xe3, 0x36, 0xcd,
  0xb3, 0xf0, 0xd9, 0xe1, 0xdf, 0xc3, 0x2c, 0x46, 0xba, 0x4a, 0xac, 0xd5,
  0x15, 0xe8, 0x8a, 0xc2, 0x05, 0x46, 0xbc, 0xcc, 0x6a, 0x36, 0x02, 0x95,
  0x94, 0xc9, 0xc5, 0xde, 0x1b, 0xcf, 0xfb, 0xb4, 0xf7, 0xf3, 0x8b, 0xb2,
  0xdc, 0x4e, 0xad, 0x12, 0x39, 0xf8, 0x03, 0xdf, 0xfd, 0x93, 0x2a, 0xf6,
  0x97, 0x13, 0xc0, 0xda, 0xa1, 0x14, 0xae, 0xe3, 0x46, 0xff, 0xf2, 0x49,
  0xfa, 0xf5, 0xe4, 0xb4, 0xf6, 0x5b, 0x0c, 0x2b, 0xf3, 0xb6, 0xfe, 0xaf,
  0xf7, 0xe9, 0xe4, 0x49, 0xb0, 0x01, 0xbb, 0x4b, 0xcf, 0x35, 0x28, 0xd2,
  0x01, 0xf6, 0x25, 0xd9, 0x21, 0xce, 0xcb, 0x16, 0xf9, 0x34, 0xfa, 0x30,
  0xd3, 0xdc, 0xe2, 0x34, 0xd6, 0xc5, 0xe1, 0xda, 0xde, 0xd6, 0x3d, 0x4a,
  0x2a, 0x81, 0xbe, 0x02, 0x1a, 0x13, 0xff, 0x01, 0xd2, 0x32, 0xa0, 0xaf,
  0x3b, 0xae, 0xc0, 0x43, 0xeb, 0xde, 0xd0, 0xda, 0xc0, 0xff, 0xc0, 0xd4,
  0x46, 0x24, 0x4d, 0xe5, 0x3b, 0x59, 0x3a, 0xf0, 0xce, 0x35, 0xca, 0x0f,
  0xe7, 0xbd, 0x69, 0x32, 0xef, 0x20, 0xf9, 0xc2, 0xff, 0x23, 0x34, 0x2b,
  0x4b, 0xc2, 0xc0, 0x2e, 0xd0, 0x61, 0xd5, 0xbe, 0xa6, 0x03, 0xd7, 0x1f,
  0x2d, 0x36, 0x51, 0xe3, 0xb1, 0xf2, 0xf5, 0x7f, 0x18, 0xfa, 0x0f, 0x58,
  0x2d, 0xf8, 0xce, 0xa3, 0x0b, 0xb8, 0xc8, 0x02, 0xf4, 0x31, 0xc4, 0xc4,
  0xec, 0x3f, 0xaa, 0x06, 0x10, 0xf0, 0x4d, 0xd1, 0x32, 0x71, 0x33, 0x5a,
  0x13, 0xcf, 0xe9, 0x20, 0xe7, 0x49, 0x29, 0x6a, 0x34, 0xaa, 0x10, 0x24,
  0xfc, 0xc0, 0x19, 0xe0, 0x3f, 0x12, 0x81, 0xc5, 0x00, 0xfd, 0x06, 0xbf,
  0xea, 0xf7, 0x33, 0xc9, 0x95, 0xf9, 0x09, 0xbc, 0xe4, 0xc5, 0x16, 0xaa,
  0xf6, 0x25, 0x0e, 0xcb, 0x2f, 0xd1, 0xec, 0xd6, 0xf9, 0x11, 0x2a, 0x43,
  0xf2, 0x16, 0xe0, 0x0d, 0xbd, 0xe1, 0x29, 0x45, 0xe0, 0xc7, 0x06, 0xec,
  0xc7, 0x1d, 0x2c, 0x2e, 0xeb, 0xd8, 0xc9, 0xbd, 0xe0, 0xc3, 0xfb, 0x4e,
  0xc8, 0xed, 0xd3, 0xb1, 0xc2, 0xce, 0x2b, 0x4a, 0xeb, 0xf8, 0xa9, 0x06,
  0x18, 0x0f, 0x57, 0x18, 0xeb, 0x00, 0x10, 0x37, 0xc6, 0x18, 0xfd, 0xdc,
  0x01, 0x22, 0x30, 0xa9, 0xc1, 0xf0, 0xef, 0x47, 0x13, 0xe1, 0x1f, 0x14,
  0xe1, 0xe6, 0xc3, 0x16, 0x03, 0xdd, 0x4b, 0x36, 0xa7, 0xd7, 0x09, 0x44,
  0xbe, 0xe7, 0xeb, 0x16, 0x0c, 0x9c, 0x3a, 0xc9, 0xbb, 0x3e, 0x6d, 0x8d,
  0x26, 0x68, 0xab, 0x60, 0xe1, 0xe4, 0x27, 0x0a, 0xd9, 0x0c, 0xfb, 0x15,
  0xc7, 0x41, 0x2d, 0x60, 0x27, 0x95, 0xfd, 0xfe, 0xd9, 0x01, 0xa1, 0xc1,
  0x2e, 0xb4, 0x38, 0xce, 0x1a, 0x3a, 0x55, 0x97, 0x46, 0x4c, 0x0e, 0xe6,
  0xe0, 0x0e, 0x5d, 0xcd, 0xed, 0x16, 0x1c, 0x45, 0xd9, 0xed, 0x3e, 0xd9,
  0xae, 0xd3, 0x5f, 0x41, 0xb7, 0xdd, 0x9d, 0x11, 0x7f, 0xd7, 0xed, 0x2b,
  0x02, 0x32, 0x04, 0xe4, 0x09, 0xc6, 0xe4, 0x38, 0x23, 0x11, 0x76, 0xaf,
  0xfe, 0x66, 0xcc, 0xa0, 0xe3, 0x3f, 0xee, 0xb5, 0x4e, 0xdb, 0x14, 0x18,
  0x27, 0xc3, 0x29, 0x36, 0x2f, 0x40, 0x0d, 0xde, 0xeb, 0xbe, 0xc8, 0xf4,
  0xb4, 0x24, 0xdf, 0x0e, 0xaa, 0x1c, 0x20, 0x2c, 0x2a, 0xcf, 0x5a, 0xcf,
  0x41, 0xfd, 0xb2, 0xa5, 0x0a, 0xd5, 0x38, 0xaf, 0x32, 0xd4, 0xde, 0xd2,
  0x04, 0x52, 0x32, 0xe1, 0x10, 0x05, 0xb6, 0x0b, 0xb2, 0xc2, 0xdb, 0x81,
  0xa6, 0xb2, 0xdf, 0x16, 0xfa, 0x8d, 0x3d, 0x28, 0x24, 0x20, 0xb4, 0xcd,
  0x39, 0xc3, 0x06, 0xf1, 0x2d, 0xe5, 0x50, 0xf4, 0xfe, 0x0f, 0x50, 0x4b,
  0xd6, 0xcc, 0xb1, 0xcb, 0xbb, 0xd6, 0x18, 0x91, 0x0b, 0x22, 0xd0, 0x1e,
  0x2e, 0xd7, 0x31, 0x4d, 0x22, 0xd9, 0xcb, 0xc5, 0xe5, 0x0d, 0xca, 0x8d,
  0x16, 0x0e, 0x08, 0x22, 0xe3, 0x0f, 0xa3, 0x72, 0xe3, 0x93, 0xd7, 0x3d,
  0x19, 0x26, 0x21, 0x28, 0xc9, 0xcc, 0x2a, 0x94, 0x0c, 0x34, 0xed, 0xc2,
  0xb5, 0xb1, 0x5e, 0x23, 0x20, 0xe9, 0x38, 0xcc, 0x4e, 0xe1, 0xc9, 0x3c,
  0xa3, 0x41, 0x81, 0xe5, 0xd0, 0xb8, 0x00, 0xfd, 0x16, 0x10, 0xe4, 0x57,
  0xe9, 0xf6, 0xf0, 0x8e, 0x3f, 0x68, 0xaf, 0x17, 0xad, 0xdd, 0x08, 0xff,
  0xfd, 0x3e, 0x27, 0x2e, 0x3d, 0xf0, 0xe0, 0x15, 0xaa, 0x03, 0xef, 0x46,
  0xfc, 0x9f, 0x19, 0x66, 0x06, 0x3e, 0xfb, 0xe8, 0xd2, 0x49, 0xe3, 0x22,
  0xa5, 0xf3, 0xfa, 0xe4, 0xff, 0x0e, 0xb0, 0xd8, 0x06, 0xbf, 0xa6, 0x2a,
  0xbb, 0x26, 0x94, 0xd6, 0xd3, 0x08, 0xee, 0xf9, 0x4d, 0xcb, 0xc5, 0xbc,
  0x5d, 0x19, 0x36, 0x39, 0x2d, 0x5a, 0x29, 0x91, 0x3b, 0x17, 0x25, 0xed,
  0xd3, 0x09, 0x3d, 0x32, 0xd7, 0x1e, 0x19, 0xf3, 0x1b, 0x3d, 0xa3, 0x0f,
  0x2c, 0x81, 0x40, 0x0f, 0x3b, 0x3d, 0xce, 0x26, 0x37, 0x03, 0x3e, 0xec,
  0xe6, 0xc4, 0xe9, 0x09, 0x21, 0x0e, 0xa9, 0xa9, 0xde, 0x22, 0xdb, 0x09,
  0x1d, 0xc5, 0xc6, 0xc1, 0xbf, 0x43, 0x91, 0x34, 0x41, 0x37, 0x27, 0x00,
  0x42, 0x0a, 0xe1, 0xbb, 0x5f, 0xe3, 0x48, 0x32, 0xea, 0x57, 0xcd, 0xdf,
  0xe8, 0x94, 0xe6, 0x1a, 0x03, 0xd1, 0x8d, 0xf8, 0xe3, 0x02, 0xec, 0xd8,
  0x3f, 0xbc, 0x3e, 0xd8, 0x24, 0x0f, 0xf4, 0x01, 0x1b, 0x1f, 0x9f, 0x08,
  0x45, 0x0b, 0xf3, 0x14, 0x06, 0x45, 0x1f, 0x25, 0x49, 0xbe, 0x34, 0xe0,
  0x28, 0x81, 0xce, 0x1f, 0xf2, 0x2e, 0xf5, 0xf2, 0xfb, 0x3a, 0xfb, 0xcb,
  0x50, 0xc4, 0xe7, 0xbf, 0x1b, 0x17, 0x07, 0xfa, 0x57, 0x31, 0xf6, 0xc4,
  0xda, 0x1f, 0x24, 0x41, 0x09, 0xca, 0x34, 0x56, 0x3b, 0xbb, 0xc4, 0xbc,
  0x2d, 0xfe, 0x6e, 0xd3, 0x0e, 0xc2, 0xcc, 0xfb, 0x0b, 0x2b, 0xc8, 0x2f,
  0xfb, 0xff, 0xb1, 0xcb, 0x19, 0x11, 0xf2, 0x48, 0xe1, 0xf2, 0x2a, 0xba,
  0x34, 0x16, 0x43, 0x20, 0xe7, 0x23, 0x38, 0x63, 0x3d, 0xfd, 0xd1, 0x2e,
  0x3b, 0x01, 0x2b, 0xe3, 0xd7, 0xf4, 0xa9, 0x7f, 0x16, 0xba, 0xd5, 0xdb,
  0x5f, 0xdc, 0xdb, 0xca, 0x2d, 0xec, 0xbe, 0x20, 0xe6, 0xca, 0x58, 0xca,
  0xe7, 0xea, 0xe0, 0x3d, 0x0f, 0xf4, 0xe2, 0xe3, 0x25, 0xfa, 0xa4, 0x1f,
  0x08, 0x0d, 0xec, 0x7d, 0x15, 0x23, 0x34, 0x22, 0xc6, 0x44, 0x18, 0x3d,
  0x34, 0x65, 0x94, 0x0d, 0x56, 0xae, 0xf4, 0x25, 0x65, 0xd1, 0x34, 0xf3,
  0xf2, 0xed, 0x0e, 0x05, 0x1c, 0xfd, 0xd2, 0xfd, 0xef, 0x33, 0xfa, 0x02,
  0x16, 0xcf, 0xbd, 0xd2, 0xc4, 0xb7, 0x3d, 0x26, 0xeb, 0x11, 0xfa, 0x3b,
  0x24, 0x90, 0x38, 0x27, 0x35, 0x21, 0xa8, 0x24, 0x0f, 0x1b, 0x3c, 0x05,
  0x2b, 0xd3, 0xdc, 0xd9, 0xca, 0x8f, 0xea, 0x0d, 0xdf, 0x12, 0xb5, 0x38,
  0xfc, 0x27, 0xe8, 0xdf, 0x2b, 0x24, 0xd2, 0x0d, 0xee, 0x01, 0xd2, 0x2d,
  0x3a, 0xb8, 0x10, 0x46, 0x95, 0xb6, 0x06, 0x3a, 0xd1, 0xda, 0x21, 0x40,
  0xaf, 0xd5, 0xe8, 0x3f, 0x1f, 0x13, 0xf7, 0x4e, 0xfd, 0x38, 0xfa, 0x19,
  0x19, 0x33, 0x0b, 0x47, 0x13, 0xb1, 0xce, 0x26, 0x7f, 0x3e, 0x1b, 0xd1,
  0xd9, 0x18, 0x1b, 0x01, 0xb8, 0xc4, 0xe2, 0x27, 0x3d, 0xe8, 0x93, 0x12,
  0xdb, 0xf4, 0x14, 0x32, 0xb0, 0x0b, 0xd7, 0xae, 0x2b, 0xc1, 0x9c, 0x4f,
  0x39, 0xdf, 0x35, 0x54, 0x09, 0xc5, 0xe0, 0x94, 0x3a, 0xad, 0x33, 0x8c,
  0xfb, 0x20, 0x08, 0xac, 0x25, 0xed, 0x08, 0x04, 0xbd, 0x1c, 0xd9, 0xc4,
  0x8a, 0x0b, 0xdf, 0x47, 0xe9, 0xe5, 0x2e, 0xed, 0x33, 0xe9, 0xd3, 0x00,
  0x9d, 0xd2, 0x3f, 0xf6, 0x03, 0x16, 0xf8, 0xd6, 0xab, 0x08, 0xbf, 0x07,
  0xc0, 0x50, 0x1e, 0xaf, 0xf2, 0x3a, 0xfb, 0x12, 0x12, 0xf8, 0xcf, 0x21,
  0xd4, 0x22, 0x47, 0x12, 0x2a, 0xcb, 0xd7, 0x01, 0x97, 0xdb, 0x06, 0xf0,
  0x1d, 0xd3, 0x2b, 0xcd, 0xd2, 0xeb, 0x3d, 0xa1, 0xc6, 0x25, 0x08, 0xcf,
  0x9e, 0x0d, 0xef, 0xa5, 0x81, 0x12, 0xb4, 0xf1, 0x4a, 0xca, 0x02, 0x53,
  0xe4, 0x09, 0xb9, 0xfc, 0x26, 0x3f, 0x08, 0x05, 0x03, 0x91, 0xec, 0xda,
  0xae, 0xe3, 0xc9, 0x93, 0xe8, 0xc4, 0xf2, 0x10, 0xad, 0x26, 0x3c, 0x81,
  0xd0, 0x40, 0xd5, 0x3a, 0x1a, 0xf3, 0xdf, 0xe0, 0x14, 0xb5, 0x1e, 0x2e,
  0xca, 0xdc, 0xf7, 0xc0, 0x14, 0xa8, 0x50, 0xb3, 0x8e, 0x1c, 0xf5, 0xc3,
  0x08, 0x2d, 0x19, 0xe9, 0x34, 0xf1, 0xd9, 0xe3, 0xfd, 0xb7, 0xe7, 0xd4,
  0x30, 0xfb, 0x0b, 0x06, 0x38, 0x46, 0xec, 0xf2, 0xbc, 0x0b, 0x47, 0x1d,
  0xf0, 0xc9, 0x23, 0x20, 0x0e, 0xe5, 0x2f, 0xcb, 0xbb, 0xd6, 0xd2, 0x29,
  0xdd, 0x1a, 0xdf, 0x8c, 0xa9, 0x0e, 0xa6, 0x5b, 0xe8, 0x0b, 0x04, 0xee,
  0x41, 0xf6, 0xb7, 0x2b, 0xcd, 0xe3, 0xff, 0x73, 0xdd, 0x20, 0x1b, 0xa6,
  0x19, 0x23, 0x33, 0x22, 0x39, 0xec, 0xad, 0x3d, 0xd0, 0x29, 0x07, 0x09,
  0x97, 0x2b, 0xa2, 0x52, 0xf3, 0xde, 0xc9, 0x60, 0x58, 0xbd, 0x03, 0x27,
  0xcd, 0xb9, 0xd3, 0x4b, 0x28, 0x0f, 0x0a, 0xb3, 0xe1, 0xdd, 0xb7, 0x77,
  0x57, 0xbc, 0xbe, 0x11, 0xf8, 0x9b, 0xe4, 0x1a, 0x46, 0x1a, 0x93, 0x26,
  0x1c, 0x16, 0x16, 0x04, 0xc2, 0x3a, 0x36, 0xe2, 0x4f, 0xec, 0xf1, 0x5f,
  0x36, 0xd2, 0xc6, 0x3a, 0xd4, 0xf7, 0x0b, 0x15, 0x30, 0xbe, 0x05, 0x09,
  0x32, 0x0b, 0xd1, 0x61, 0x31, 0x2c, 0x81, 0xdf, 0x02, 0x0b, 0xfa, 0x01,
  0x36, 0xda, 0xbf, 0x1c, 0x15, 0xbb, 0x20, 0xa8, 0x1f, 0x4b, 0x9f, 0x1f,
  0x05, 0xbe, 0xc2, 0xe0, 0x00, 0x23, 0x2a, 0x2d, 0xd8, 0x0b, 0xd3, 0x04,
  0xcc, 0xc8, 0x1c, 0xd5, 0x15, 0x0a, 0x26, 0xf1, 0x2a, 0x0a, 0x20, 0xd3,
  0xdc, 0xc3, 0xbf, 0x09, 0xfb, 0x35, 0xa7, 0x04, 0xe7, 0x11, 0xeb, 0xfc,
  0x02, 0x0c, 0x32, 0x28, 0x16, 0x02, 0x22, 0xf7, 0x31, 0xce, 0x28, 0xf2,
  0x16, 0xea, 0x0d, 0xca, 0xe8, 0x24, 0x1b, 0xfa, 0x35, 0xd5, 0xf4, 0xbb,
  0xeb, 0x06, 0x81, 0x45, 0x1f, 0xf6, 0xbd, 0xfa, 0xc6, 0xeb, 0x12, 0x06,
  0xf9, 0x09, 0x06, 0x1c, 0xd7, 0xe9, 0x3e, 0x3f, 0x0b, 0x46, 0x3a, 0x2b,
  0x32, 0x00, 0xc6, 0x22, 0x3a, 0xbc, 0xd1, 0x12, 0x1e, 0xb5, 0x0e, 0xbd,
  0xb9, 0xdb, 0xbd, 0xc5, 0x2e, 0xf7, 0x03, 0x00, 0x03, 0x33, 0x3b, 0x0d,
  0x2a, 0xb8, 0x18, 0xef, 0xf5, 0xeb, 0xe5, 0xa9, 0xc6, 0x4e, 0xe5, 0xec,
  0xf2, 0x26, 0x0c, 0xfe, 0xd8, 0xe4, 0x26, 0x9f, 0xa5, 0x26, 0xab, 0xc8,
  0xf2, 0x1f, 0xcb, 0xe5, 0xb8, 0xce, 0xba, 0x91, 0x2d, 0xca, 0x0a, 0x1e,
  0x21, 0xac, 0x4a, 0xe3, 0x21, 0x05, 0x35, 0x2c, 0xc6, 0xda, 0xd8, 0x1c,
  0x19, 0xad, 0x39, 0x08, 0xda, 0xeb, 0xb1, 0x42, 0xd3, 0xee, 0x4b, 0x19,
  0xd8, 0xa6, 0x0e, 0x81, 0x0b, 0xb3, 0x2a, 0x0e, 0xd1, 0x23, 0xd2, 0xdd,
  0x3c, 0x20, 0xff, 0xe6, 0x44, 0xdc, 0xf4, 0x1a, 0x28, 0xf5, 0xea, 0x32,
  0x25, 0x98, 0x50, 0x56, 0x17, 0xbc, 0x0b, 0x49, 0x32, 0xdb, 0xf4, 0xfa,
  0xfb, 0xfb, 0xfd, 0x4d, 0x2f, 0xc1, 0x06, 0xcf, 0x50, 0xf5, 0x20, 0x0b,
  0x06, 0xc1, 0x12, 0x7f, 0xf8, 0x16, 0xd4, 0xdb, 0xa1, 0xda, 0x4a, 0x24,
  0x8f, 0x34, 0xd4, 0xbd, 0xbe, 0xef, 0xe3, 0x6f, 0x9c, 0x5c, 0xea, 0x5b,
  0xf2, 0x3c, 0xb3, 0x15, 0x43, 0xdf, 0x2e, 0x22, 0x26, 0xfe, 0xf7, 0x07,
  0x57, 0x0f, 0x0f, 0xad, 0x3e, 0x4f, 0xb3, 0xe9, 0x1e, 0x30, 0x29, 0x25,
  0xe1, 0x3d, 0x14, 0x14, 0xac, 0x40, 0x10, 0x45, 0x2e, 0xad, 0xd6, 0x4d,
  0xfd, 0x4f, 0xc9, 0x10, 0x8a, 0xb6, 0x4f, 0x27, 0x0d, 0xca, 0x91, 0xe0,
  0xe6, 0xc2, 0xc5, 0x00, 0xc0, 0x49, 0xcd, 0xdf, 0x15, 0xe8, 0xcb, 0xfe,
  0x02, 0xfc, 0xe3, 0x22, 0xe8, 0x4a, 0xba, 0xce, 0xd1, 0x06, 0x0c, 0xbb,
  0xb6, 0xb8, 0xe9, 0xd8, 0x3a, 0x44, 0xc1, 0xf9, 0x56, 0xcc, 0xc5, 0xe9,
  0x49, 0xdb, 0xbd, 0xcc, 0xda, 0xbe, 0x26, 0x14, 0xfb, 0x10, 0xd9, 0xe3,
  0xee, 0xfa, 0x0f, 0xfa, 0xc4, 0x26, 0x43, 0x08, 0xa0, 0xca, 0x40, 0xdd,
  0x01, 0x50, 0x81, 0xc7, 0xe7, 0x21, 0x11, 0x4c, 0xd7, 0x29, 0xe0, 0x27,
  0x3e, 0x2c, 0x28, 0xf4, 0x1d, 0xe5, 0xf9, 0xe8, 0x2d, 0xb2, 0xcb, 0xd9,
  0x26, 0xef, 0x25, 0xed, 0x14, 0x3b, 0x7f, 0xbf, 0xb1, 0xbf, 0xd5, 0x1d,
  0x2f, 0xa9, 0xc1, 0x26, 0xd8, 0x1c, 0x1f, 0x22, 0xf5, 0x07, 0x38, 0x98,
  0x34, 0x65, 0xda, 0xf6, 0x36, 0xaf, 0xc2, 0x27, 0x08, 0xf0, 0x2c, 0x3b,
  0x2c, 0xe0, 0x1f, 0xa4, 0xf8, 0x31, 0x42, 0xb6, 0xbb, 0xf4, 0xef, 0x1a,
  0x11, 0x14, 0xe4, 0x35, 0xcb, 0x3a, 0xfd, 0xc6, 0x3f, 0x2e, 0xbd, 0x43,
  0xf2, 0x38, 0x33, 0xdf, 0x08, 0xde, 0xf0, 0x3c, 0x37, 0xd0, 0xf7, 0xce,
  0xb0, 0xcc, 0x04, 0x0f, 0x0a, 0xe3, 0x9f, 0xfb, 0xc4, 0xfb, 0x3e, 0x28,
  0x24, 0x61, 0xf7, 0xd8, 0x04, 0x62, 0xa5, 0x5d, 0x17, 0xe8, 0xed, 0xf6,
  0xe5, 0xc6, 0xce, 0xe3, 0x3c, 0x2b, 0x8f, 0x35, 0xc0, 0x38, 0xb4, 0x33,
  0xd5, 0xec, 0x12, 0x12, 0xda, 0x24, 0x23, 0xea, 0xb9, 0x31, 0xba, 0x41,
  0xee, 0xb9, 0x0e, 0xf8, 0xef, 0x07, 0x38, 0x9d, 0x17, 0x2b, 0x4a, 0x22,
  0x0f, 0xe0, 0xd8, 0x28, 0xad, 0xce, 0xa8, 0xf9, 0xf0, 0xea, 0x2e, 0xe1,
  0xd8, 0x28, 0x26, 0xd1, 0x06, 0x01, 0xbe, 0x1d, 0x22, 0x02, 0xbe, 0xf5,
  0xe3, 0x06, 0x09, 0xdc, 0xd1, 0xe2, 0x07, 0x42, 0xec, 0x23, 0x81, 0x14,
  0x1b, 0x17, 0xe9, 0xc9, 0x1a, 0xe6, 0xf1, 0x0d, 0x22, 0xee, 0xb8, 0x48,
  0xa7, 0x35, 0x21, 0x0e, 0x16, 0xed, 0x1e, 0x2f, 0xed, 0xcf, 0xe8, 0xba,
  0x1a, 0xd2, 0x2a, 0x51, 0x3a, 0xc0, 0xcc, 0x2c, 0xdc, 0x47, 0x19, 0xee,
  0x1f, 0x1b, 0x29, 0xf9, 0xc8, 0xfa, 0x4f, 0x30, 0x36, 0x08, 0x1e, 0xc3,
  0x17, 0x05, 0x81, 0x08, 0xf4, 0x1f, 0x3e, 0xdc, 0x12, 0x00, 0xcd, 0x17,
  0x24, 0x32, 0x0b, 0x0a, 0xc7, 0x3e, 0xe2, 0x1e, 0x33, 0xcb, 0xde, 0xcf,
  0x43, 0xb6, 0x05, 0xdd, 0xd1, 0xdc, 0xa2, 0x0f, 0x4a, 0xbe, 0xff, 0x2d,
  0xd2, 0xcb, 0xd1, 0xc0, 0xe6, 0xd4, 0xdb, 0xb8, 0xee, 0xe0, 0x23, 0xc8,
  0x44, 0x2f, 0xf2, 0x54, 0xdc, 0xb0, 0xdc, 0xe5, 0x26, 0xc7, 0xe8, 0x06,
  0x03, 0x11, 0xaf, 0x3e, 0xdf, 0xdb, 0xa1, 0x3f, 0x35, 0x18, 0x4c, 0xe5,
  0xf4, 0x05, 0xcd, 0xb5, 0x44, 0xea, 0xcc, 0x02, 0x0e, 0xa0, 0x3f, 0x1f,
  0x81, 0xf1, 0x27, 0x15, 0xd3, 0xe1, 0x51, 0xe1, 0x05, 0x0c, 0xbc, 0x1e,
  0xe3, 0xc0, 0xc5, 0x38, 0x2f, 0xad, 0xe8, 0x9f, 0xbd, 0x22, 0xfe, 0xec,
  0xa9, 0x0c, 0x10, 0xaf, 0xb6, 0xb7, 0x08, 0xf0, 0x09, 0xd3, 0x27, 0xf2,
  0xa6, 0x34, 0x01, 0x7a, 0x03, 0xd8, 0x2e, 0xa5, 0xbe, 0xae, 0xd4, 0x4a,
  0xd8, 0x04, 0x2f, 0xb2, 0xe1, 0x17, 0xaf, 0x58, 0xe0, 0xe9, 0xd3, 0xaa,
  0xf8, 0xd9, 0xe6, 0x53, 0xbd, 0x4f, 0x08, 0xf2, 0xca, 0xe5, 0x65, 0xef,
  0x26, 0xdf, 0x2e, 0x2c, 0x2e, 0xf2, 0x25, 0x57, 0x22, 0xb6, 0x22, 0x30,
  0xf1, 0xd3, 0x3a, 0x20, 0x2a, 0xca, 0x8b, 0x0d, 0x5b, 0x61, 0x16, 0x55,
  0x25, 0x2a, 0x57, 0x31, 0xda, 0x1b, 0xd0, 0x01, 0xc1, 0x1f, 0x9e, 0xf0,
  0x38, 0x0c, 0x15, 0xfe, 0x95, 0xcc, 0x51, 0xc8, 0xfe, 0xc2, 0xef, 0xd7,
  0xf9, 0x00, 0xf8, 0xa9, 0x10, 0xfd, 0x1e, 0x09, 0x10, 0x1d, 0xdc, 0xdf,
  0xb9, 0xf3, 0x99, 0xfb, 0x32, 0x9f, 0xbf, 0x1c, 0xe1, 0xa5, 0x99, 0xfe,
  0xb6, 0xf6, 0xfe, 0x39, 0xed, 0x32, 0xdc, 0xe9, 0x11, 0xb3, 0x81, 0xa3,
  0xcd, 0xd8, 0x32, 0xe5, 0x46, 0x04, 0xdb, 0x36, 0x54, 0x2f, 0xd2, 0x0c,
  0xa4, 0xe7, 0xf2, 0x2d, 0x25, 0x2b, 0x46, 0xf9, 0xe0, 0x30, 0xde, 0xed,
  0x2d, 0x1b, 0x35, 0x30, 0xc8, 0xdb, 0xc5, 0x09, 0x05, 0xfc, 0xf2, 0xe2,
  0xc3, 0xa0, 0xd7, 0x39, 0xf0, 0x34, 0x27, 0x19, 0xeb, 0xd9, 0xde, 0xc9,
  0x36, 0x4e, 0xe5, 0xf6, 0x38, 0x0b, 0x02, 0x8f, 0x17, 0x11, 0x52, 0xd1,
  0xa3, 0xff, 0xd8, 0xbf, 0xfa, 0xf5, 0xf7, 0xed, 0x2a, 0x81, 0xba, 0x31,
  0x2a, 0xe0, 0x09, 0xb8, 0x44, 0xbf, 0x18, 0xc0, 0x48, 0xf0, 0x01, 0x28,
  0xe5, 0x3a, 0x12, 0xda, 0x49, 0x39, 0x47, 0xad, 0x16, 0xb9, 0xcc, 0x0a,
  0x8f, 0x19, 0x32, 0x0e, 0x3a, 0x98, 0xde, 0xcc, 0x05, 0xee, 0xec, 0x3c,
  0xf6, 0xf3, 0x07, 0x2c, 0xf5, 0x3f, 0x70, 0x39, 0xf5, 0xad, 0x60, 0xae,
  0x07, 0xcd, 0xdc, 0x03, 0xa3, 0x12, 0xe7, 0x87, 0xf5, 0x19, 0xc3, 0x33,
  0xff, 0x39, 0x05, 0xdd, 0x9e, 0xe5, 0xe2, 0x7b, 0x29, 0x4d, 0x41, 0x1f,
  0xbc, 0xfb, 0x39, 0x0c, 0xb4, 0xba, 0x02, 0x41, 0x05, 0x08, 0x25, 0xd7,
  0xa0, 0x3b, 0xe9, 0x29, 0x49, 0x15, 0xb6, 0x53, 0x31, 0x3f, 0x00, 0xa2,
  0x00, 0xfc, 0xd0, 0x27, 0x18, 0x22, 0xf9, 0x68, 0xf8, 0x36, 0x13, 0xf0,
  0xc4, 0x43, 0x54, 0xea, 0x3d, 0x1c, 0x42, 0x91, 0x0d, 0x2f, 0x49, 0xa2,
  0x64, 0xce, 0x81, 0xd2, 0xd1, 0xba, 0xe0, 0x10, 0xff, 0x0b, 0x2f, 0x3b,
  0xc1, 0xc9, 0x95, 0x0a, 0x1c, 0x50, 0xc4, 0xdc, 0xc2, 0x01, 0x3b, 0xf5,
  0x56, 0xc0, 0x28, 0x02, 0xfb, 0xcf, 0x35, 0x10, 0xdf, 0x2e, 0x3e, 0x00,
  0xb2, 0xc1, 0xfd, 0xa3, 0x0c, 0xf6, 0xee, 0xa2, 0xc7, 0x0f, 0x81, 0xa2,
  0xa2, 0xde, 0x59, 0x2e, 0x04, 0xd7, 0xda, 0xe0, 0x2b, 0xea, 0x2c, 0xcd,
  0x9d, 0xa7, 0xaa, 0x30, 0x32, 0xe8, 0x14, 0xf2, 0xb2, 0x33, 0xd2, 0xfd,
  0x02, 0x47, 0x2c, 0x1f, 0xc0, 0x25, 0xf0, 0xbb, 0x0d, 0x0d, 0xcd, 0x45,
  0xee, 0x2d, 0x3b, 0x03, 0xe0, 0x97, 0x09, 0xdf, 0x9e, 0x2d, 0x05, 0xe5,
  0x0d, 0xcd, 0x1b, 0xd5, 0xde, 0xa2, 0x97, 0x2c, 0xfb, 0x13, 0x1d, 0x01,
  0xd6, 0x0c, 0xe4, 0x36, 0x98, 0xd9, 0xd9, 0xe1, 0x5f, 0x60, 0x31, 0x13,
  0x40, 0x92, 0xbf, 0xf1, 0x0e, 0xd8, 0xf9, 0xa9, 0xee, 0x53, 0x88, 0xfe,
  0xe5, 0xf4, 0xe7, 0xe7, 0xd4, 0x1d, 0x3f, 0x0c, 0x9d, 0x14, 0xc4, 0x1b,
  0xd1, 0xf3, 0x1b, 0xe1, 0xce, 0xf4, 0xeb, 0xdc, 0x0d, 0xd6, 0xc6, 0xd7,
  0x05, 0xbc, 0xcd, 0xcc, 0xf5, 0x5e, 0x81, 0x26, 0x91, 0xf0, 0x2d, 0x62,
  0x5d, 0x21, 0x26, 0xef, 0xa8, 0x1c, 0xb8, 0x03, 0x44, 0xd6, 0x55, 0x60,
  0xa8, 0x0b, 0xff, 0x4a, 0xf0, 0x17, 0xd3, 0x13, 0xe8, 0xca, 0xe6, 0xd5,
  0xea, 0x1c, 0xb5, 0x01, 0xa7, 0xa6, 0xbd, 0xcf, 0x3a, 0x28, 0x20, 0xe0,
  0x09, 0x4e, 0x12, 0xf3, 0x0f, 0xad, 0x24, 0x19, 0x14, 0x40, 0x14, 0x20,
  0x34, 0x12, 0x10, 0xc3, 0xd7, 0x30, 0xf2, 0x36, 0x21, 0x0e, 0xeb, 0xe3,
  0xbd, 0xee, 0xda, 0x2b, 0xf6, 0x15, 0x0d, 0x0d, 0x88, 0x13, 0x9a, 0x81,
  0x23, 0xe0, 0xea, 0x54, 0x43, 0x07, 0xca, 0x02, 0x39, 0x00, 0xc2, 0xff,
  0xbb, 0x2f, 0x39, 0x22, 0x54, 0xcb, 0xc5, 0x3a, 0x0b, 0xf2, 0x1f, 0x92,
  0xeb, 0x10, 0x2e, 0xeb, 0x26, 0x09, 0xbd, 0xd4, 0x04, 0x5e, 0x15, 0x3d,
  0xf8, 0x3c, 0xdf, 0x9c, 0xdb, 0xb3, 0x1a, 0xc1, 0xef, 0x39, 0x1f, 0xdb,
  0x02, 0xa8, 0x16, 0xe6, 0xbd, 0x2b, 0xd9, 0xb3, 0xff, 0x02, 0x27, 0x3f,
  0xc5, 0xf3, 0x88, 0xa3, 0x09, 0xe8, 0xff, 0x26, 0x1f, 0xe6, 0x1c, 0xa4,
  0x2b, 0x98, 0xe7, 0xf3, 0xe2, 0xfb, 0x87, 0x81, 0xb7, 0xf7, 0x21, 0xd9,
  0xe8, 0xaf, 0xb6, 0x1a, 0x6d, 0x22, 0x57, 0x3b, 0x20, 0xb5, 0xde, 0x2f,
  0x5a, 0xf0, 0x5d, 0x53, 0xd7, 0x3c, 0x5d, 0xec, 0xfe, 0xbc, 0xb0, 0x96,
  0x73, 0x87, 0x00, 0xb3, 0x22, 0x16, 0xcc, 0xbe, 0x44, 0xbb, 0xb0, 0xfa,
  0x18, 0xd9, 0x07, 0x24, 0xb7, 0x00, 0xa1, 0xdb, 0xe0, 0xc1, 0x63, 0x17,
  0x2d, 0xb6, 0xa8, 0x10, 0x18, 0xc0, 0x4e, 0xac, 0xc6, 0x06, 0xf8, 0x29,
  0xa0, 0x56, 0xc7, 0x91, 0xee, 0x35, 0xef, 0x20, 0xcd, 0x90, 0x45, 0xb5,
  0x00, 0x99, 0xae, 0x18, 0xad, 0x4e, 0xce, 0xe4, 0x64, 0x20, 0x41, 0xe1,
  0xef, 0x18, 0x20, 0x4e, 0xfb, 0x60, 0x19, 0x1d, 0x14, 0xaf, 0xb0, 0xe4,
  0xa8, 0xfc, 0xc0, 0xaf, 0xe7, 0xd6, 0x36, 0x28, 0x00, 0xf3, 0xa0, 0xd6,
  0xfc, 0x25, 0x20, 0x02, 0x17, 0x0a, 0x17, 0xcb, 0x5c, 0x81, 0xd6, 0xef,
  0x03, 0x27, 0x4f, 0xa5, 0x3e, 0xc1, 0xbd, 0x2c, 0x34, 0x10, 0x12, 0x0e,
  0xf2, 0xf8, 0xc4, 0xfe, 0xe9, 0x29, 0x8f, 0x0d, 0x10, 0x0d, 0xb7, 0x0c,
  0xcb, 0x12, 0x12, 0x39, 0x42, 0xd0, 0x38, 0xc2, 0xf6, 0x10, 0xe9, 0x94,
  0x03, 0xcf, 0xf3, 0xb9, 0xc8, 0x37, 0x44, 0xc7, 0xb2, 0x33, 0x00, 0x0e,
  0xe6, 0xfa, 0xad, 0x19, 0x03, 0xc4, 0x06, 0xb3, 0x1f, 0xb5, 0xf9, 0x21,
  0x16, 0xd0, 0xb5, 0x50, 0x1e, 0xf9, 0xff, 0xff, 0x04, 0x00, 0x00, 0x00,
  0x80, 0x00, 0x00, 0x00, 0x41, 0xfe, 0xff, 0xff, 0x95, 0xfb, 0xff, 0xff,
  0xee, 0xff, 0xff, 0xff, 0xa6, 0x00, 0x00, 0x00, 0x95, 0xfc, 0xff, 0xff,
  0x2a, 0xff, 0xff, 0xff, 0x8b, 0xfd, 0xff, 0xff, 0x38, 0xfd, 0xff, 0xff,
  0xd1, 0xfb, 0xff, 0xff, 0x9e, 0xfd, 0xff, 0xff, 0x34, 0xfd, 0xff, 0xff,
  0x24, 0xfe, 0xff, 0xff, 0x43, 0xff, 0xff, 0xff, 0xe4, 0xfd, 0xff, 0xff,
  0xa4, 0xfc, 0xff, 0xff, 0x46, 0xfa, 0xff, 0xff, 0x9f, 0xfd, 0xff, 0xff,
  0x3c, 0xfc, 0xff, 0xff, 0x09, 0xfc, 0xff, 0xff, 0x71, 0xff, 0xff, 0xff,
  0x47, 0xfd, 0xff, 0xff, 0xcc, 0xfc, 0xff, 0xff, 0xb0, 0xfe, 0xff, 0xff,
  0x57, 0xfe, 0xff, 0xff, 0x8e, 0xfb, 0xff, 0xff, 0xdc, 0xfc, 0xff, 0xff,
  0x97, 0xfd, 0xff, 0xff, 0xc3, 0xfb, 0xff, 0xff, 0xd8, 0xfd, 0xff, 0xff,
  0x22, 0xfc, 0xff, 0xff, 0xf8, 0xfd, 0xff, 0xff, 0x23, 0xff, 0xff, 0xff,
  0xaa, 0xf9, 0xff, 0xff, 0x04, 0x00, 0x00, 0x00, 0x20, 0x00, 0x00, 0x00,
  0xb9, 0xdd, 0xa1, 0x9e, 0xa4, 0x9e, 0x95, 0xa6, 0xc2, 0xaa, 0xa9, 0xa9,
  0x96, 0xc5, 0xae, 0xa1, 0xb9, 0xaa, 0xa1, 0xa2, 0xa2, 0xb9, 0xad, 0x9e,
  0xb8, 0x0c, 0xa9, 0x7f, 0xac, 0xf8, 0xc5, 0xad, 0xd6, 0xf9, 0xff, 0xff,
  0x04, 0x00, 0x00, 0x00, 0x20, 0x00, 0x00, 0x00, 0xdb, 0x02, 0xa5, 0xa4,
  0xea, 0xbd, 0xd1, 0xd0, 0xea, 0xdf, 0x05, 0xe2, 0x8b, 0xca, 0xd7, 0xcd,
  0xe4, 0xfb, 0x00, 0x80, 0xd9, 0xcc, 0xdc, 0xb0, 0xf8, 0x25, 0xe7, 0x0a,
  0xc5, 0x0d, 0xda, 0xd5, 0x02, 0xfa, 0xff, 0xff, 0x04, 0x00, 0x00, 0x00,
  0x00, 0x04, 0x00, 0x00, 0xf8, 0x5a, 0x0e, 0x24, 0xe9, 0xda, 0xf6, 0x2e,
  0x6f, 0xeb, 0x46, 0xc3, 0xe2, 0xaa, 0x2c, 0x12, 0x96, 0x42, 0xd1, 0xe2,
  0x23, 0xe8, 0xfa, 0x3f, 0x16, 0x3b, 0x1f, 0x81, 0xf7, 0x23, 0xd0, 0xf6,
  0x40, 0xa7, 0xb2, 0x15, 0x2c, 0xf5, 0x06, 0xd4, 0x13, 0xa1, 0xda, 0xe0,
  0xd3, 0x1e, 0xde, 0x07, 0x5a, 0x28, 0x1b, 0xbc, 0xfc, 0x39, 0x5a, 0x43,
  0xb1, 0x83, 0x0d, 0x7f, 0xe5, 0xbe, 0x49, 0xbb, 0xe9, 0x36, 0xac, 0x2a,
  0xdd, 0x20, 0x06, 0x46, 0xe1, 0x25, 0x31, 0x21, 0xe5, 0xb3, 0x33, 0xd7,
  0xf6, 0x2f, 0xbb, 0xc6, 0xeb, 0x52, 0x2c, 0x12, 0x3c, 0xd7, 0x2b, 0x81,
  0x03, 0xcd, 0xef, 0x2e, 0xab, 0xed, 0x9e, 0x05, 0x81, 0xc6, 0xe6, 0xed,
  0x6d, 0x33, 0x5b, 0xc3, 0x0b, 0xdb, 0xb2, 0x3c, 0xcf, 0xfe, 0xeb, 0x44,
  0xff, 0xae, 0xe3, 0xbe, 0x40, 0x3b, 0x1b, 0xd7, 0x23, 0xb5, 0x0b, 0xcd,
  0x15, 0x64, 0x0b, 0xb0, 0xe9, 0x5b, 0x0e, 0xbd, 0xca, 0x97, 0x1c, 0x81,
  0xea, 0x5d, 0xeb, 0x0e, 0xe3, 0x60, 0x27, 0x77, 0x09, 0x5e, 0xc4, 0xd9,
  0xaf, 0x57, 0xfa, 0x4b, 0x5e, 0xd1, 0xf4, 0xf6, 0x81, 0x4e, 0xae, 0xf0,
  0x36, 0xfe, 0x0c, 0xca, 0x56, 0xd2, 0xe1, 0x39, 0x0a, 0xe2, 0xc6, 0x4b,
  0xfe, 0xc2, 0x20, 0xb7, 0x3f, 0xff, 0x75, 0x26, 0x39, 0x62, 0xce, 0x01,
  0x08, 0x9b, 0x1f, 0x1f, 0x53, 0x1a, 0x4f, 0xa3, 0xe8, 0xf6, 0x54, 0x46,
  0xa7, 0xe2, 0xd1, 0x9f, 0xe7, 0x13, 0x07, 0xdc, 0xa8, 0x35, 0x31, 0xbf,
  0x38, 0xa5, 0x88, 0x4e, 0xb9, 0x5d, 0x35, 0x1a, 0xd6, 0x7f, 0x8e, 0xdb,
  0xc6, 0x10, 0x2c, 0x19, 0xbc, 0xf0, 0x0f, 0x3c, 0x2d, 0x12, 0x3c, 0xd9,
  0xee, 0xe0, 0xdd, 0xe8, 0xec, 0x28, 0x13, 0xee, 0x02, 0x03, 0x28, 0xcb,
  0x38, 0x3d, 0xd4, 0x81, 0xea, 0xc4, 0x29, 0x00, 0x26, 0x66, 0xe3, 0x03,
  0x4e, 0x52, 0xb8, 0x33, 0x03, 0xea, 0xb9, 0x3d, 0x1d, 0x36, 0xd7, 0x89,
  0xdf, 0x4b, 0x33, 0x6e, 0x5d, 0x05, 0xaa, 0x14, 0x05, 0xce, 0x7f, 0x0e,
  0x1f, 0x25, 0x9a, 0x42, 0x75, 0x3f, 0xd2, 0x72, 0x7d, 0x75, 0x47, 0x47,
  0xf0, 0x87, 0x8b, 0xc1, 0xe1, 0x3f, 0x07, 0x02, 0x68, 0x49, 0xbf, 0x66,
  0x4a, 0x6d, 0xd2, 0xb8, 0x42, 0x3c, 0x7f, 0x12, 0x13, 0x8c, 0x88, 0x9f,
  0xe9, 0x3d, 0x0c, 0x03, 0x0f, 0xe4, 0x38, 0x52, 0x6d, 0x29, 0x2a, 0xde,
  0xb3, 0xa7, 0xc7, 0xe0, 0xc8, 0x2b, 0xcf, 0x36, 0x36, 0x15, 0xf4, 0x0f,
  0x0b, 0x65, 0x29, 0x81, 0xbf, 0xd8, 0x04, 0x33, 0x81, 0x59, 0xd0, 0xc2,
  0xa5, 0xbc, 0x38, 0x0e, 0x71, 0xf9, 0xf3, 0x18, 0xdf, 0xcf, 0xa5, 0x33,
  0xad, 0x2b, 0xc5, 0xdc, 0x54, 0x0a, 0x2d, 0xbe, 0x4d, 0x15, 0x09, 0xbe,
  0xd9, 0xb0, 0x26, 0xdf, 0x05, 0x53, 0xcb, 0xee, 0x39, 0x44, 0xfa, 0x35,
  0x1b, 0x47, 0x16, 0xe2, 0x29, 0xd6, 0x30, 0xbd, 0xe0, 0x01, 0xb3, 0xd3,
  0x02, 0x44, 0x0f, 0x4d, 0x4b, 0x2a, 0x24, 0x81, 0xb9, 0xe3, 0xcc, 0x30,
  0x04, 0xa3, 0xe3, 0x1c, 0xb2, 0x1e, 0xd8, 0xd0, 0x3b, 0x3b, 0x37, 0x19,
  0x37, 0x65, 0x7f, 0xe0, 0xba, 0xca, 0xef, 0x02, 0x29, 0x0e, 0x12, 0x62,
  0xa9, 0x37, 0xe8, 0x05, 0x8b, 0x59, 0xef, 0x03, 0x0e, 0xd9, 0x07, 0xca,
  0x38, 0x23, 0x64, 0x09, 0xc8, 0x27, 0xbb, 0xbb, 0x4a, 0x5f, 0x23, 0xbb,
  0x12, 0x5b, 0x36, 0x14, 0x26, 0xd7, 0xc1, 0xe5, 0xd6, 0xa5, 0x29, 0x7f,
  0xf3, 0x73, 0xa1, 0x1e, 0xf3, 0xf0, 0xfb, 0xf4, 0xdb, 0x20, 0x16, 0xf8,
  0xbc, 0x0f, 0xb6, 0x04, 0x46, 0x6c, 0x25, 0x2c, 0x1c, 0xd7, 0x0e, 0xd8,
  0x3c, 0xf6, 0x0b, 0x0b, 0xad, 0x1c, 0xc0, 0x50, 0xc4, 0x7f, 0xe8, 0x31,
  0x4e, 0xe8, 0xd7, 0x11, 0xf4, 0xd5, 0xe8, 0xb1, 0xa1, 0xbf, 0xf8, 0x00,
  0xe4, 0x01, 0x0c, 0x23, 0x3e, 0x1c, 0xe3, 0xc1, 0x3c, 0x00, 0x20, 0xd8,
  0x00, 0x92, 0x37, 0x7f, 0x48, 0xd4, 0x49, 0xb7, 0x46, 0x86, 0x3c, 0xe8,
  0x0c, 0xd3, 0x33, 0x06, 0xe8, 0x2b, 0xbc, 0xbf, 0x0d, 0x66, 0x51, 0xf1,
  0xb1, 0x30, 0x2e, 0xd1, 0x46, 0xbb, 0xc9, 0x2c, 0xf9, 0xfc, 0x35, 0x7f,
  0xef, 0x4e, 0xef, 0x37, 0x29, 0x7f, 0x10, 0x03, 0x05, 0xf5, 0x3a, 0xdd,
  0x48, 0xba, 0xef, 0xd2, 0xb0, 0x1e, 0x03, 0xc8, 0xb3, 0xea, 0x1c, 0x46,
  0xed, 0x19, 0xc7, 0x5d, 0x4a, 0x0d, 0x1d, 0x99, 0xc7, 0x06, 0xa5, 0x1d,
  0x49, 0xdc, 0x1a, 0xb9, 0x20, 0x0a, 0xe5, 0x19, 0xac, 0x2d, 0xb2, 0x26,
  0xf4, 0x23, 0xdc, 0x0c, 0x13, 0x29, 0x13, 0xed, 0x27, 0xbd, 0xeb, 0xe4,
  0xbb, 0xcd, 0xe6, 0x7f, 0xe3, 0x68, 0xcb, 0xff, 0x15, 0xde, 0xf7, 0xc2,
  0x4d, 0x7d, 0x18, 0xb0, 0x60, 0xcd, 0xc7, 0xc6, 0x16, 0x50, 0x5f, 0xaf,
  0x85, 0x69, 0xf1, 0x94, 0x38, 0xd2, 0xa4, 0x7f, 0x3c, 0x2e, 0xc8, 0xd8,
  0x00, 0x41, 0x93, 0x3d, 0xc2, 0x04, 0xe2, 0x29, 0x04, 0x60, 0xec, 0x35,
  0x3d, 0x51, 0x58, 0xbd, 0xc5, 0x08, 0x35, 0x99, 0x16, 0x4a, 0x1a, 0xbe,
  0xc6, 0x2b, 0x2b, 0xef, 0xf2, 0x3c, 0x59, 0x81, 0xbc, 0xdd, 0xc0, 0x43,
  0x0a, 0x32, 0xc6, 0x44, 0x30, 0x4a, 0x27, 0x34, 0x1f, 0x94, 0xc1, 0x17,
  0xff, 0xfb, 0xea, 0xdb, 0x68, 0x6f, 0xaa, 0x37, 0x43, 0x7f, 0xf0, 0x25,
  0x54, 0xbe, 0xfb, 0xe0, 0x55, 0x99, 0xcb, 0xcc, 0xa9, 0x2a, 0xd1, 0x13,
  0xd3, 0xe6, 0xe5, 0xee, 0x0b, 0x13, 0x46, 0x2b, 0x3c, 0xbc, 0xd9, 0x1d,
  0xc1, 0x2a, 0xe9, 0x39, 0x08, 0xea, 0xdc, 0xe1, 0x12, 0x73, 0xae, 0x81,
  0xb5, 0x24, 0x06, 0x37, 0x32, 0xeb, 0x0a, 0x1f, 0xd8, 0x1a, 0x4e, 0xf1,
  0xfe, 0xd3, 0x0a, 0x0f, 0x46, 0x3f, 0x56, 0x10, 0xa9, 0x19, 0xca, 0xe2,
  0x1e, 0xb6, 0xe3, 0x24, 0xe1, 0xcd, 0x00, 0x06, 0xce, 0x7f, 0xc2, 0x0a,
  0x45, 0x19, 0x43, 0xd2, 0x38, 0xbd, 0x00, 0xc9, 0xd8, 0xb4, 0x21, 0xbc,
  0x1c, 0x11, 0x25, 0xf4, 0x7f, 0x17, 0xf6, 0x01, 0x0a, 0xfc, 0xd7, 0xfe,
  0xa9, 0x26, 0xf3, 0x38, 0x1c, 0xb8, 0x10, 0xe8, 0x3e, 0xa0, 0xa0, 0xed,
  0x1e, 0xd1, 0x2e, 0xdd, 0xf2, 0xae, 0x0b, 0x14, 0x44, 0xe1, 0xb4, 0x66,
  0x15, 0x08, 0x24, 0xe7, 0x2e, 0x23, 0x7a, 0x28, 0xa4, 0x81, 0x18, 0x69,
  0xea, 0xe1, 0x3c, 0x96, 0x16, 0xd9, 0x9b, 0xdb, 0xa1, 0x97, 0x25, 0x00,
  0x28, 0xca, 0x25, 0xb0, 0x29, 0x2d, 0xac, 0xc4, 0x29, 0xa9, 0x9c, 0xc0,
  0xd1, 0xf3, 0xec, 0x90, 0x22, 0xc7, 0xe2, 0x47, 0x7f, 0xf8, 0x42, 0xaa,
  0xf2, 0x9f, 0xd6, 0x55, 0x4d, 0x49, 0x2a, 0xd5, 0xb6, 0xe9, 0xd1, 0xcf,
  0xe6, 0xff, 0x2e, 0xf7, 0x78, 0xe6, 0x29, 0xfa, 0x6c, 0x2f, 0x4c, 0xb4,
  0x14, 0xb9, 0xc3, 0x2f, 0x49, 0x81, 0x54, 0x0a, 0x81, 0x00, 0xde, 0x45,
  0x0f, 0xbf, 0x36, 0xd5, 0xf7, 0x1b, 0x5a, 0x0e, 0x3a, 0x06, 0xea, 0xe0,
  0xfa, 0x2b, 0x13, 0xc6, 0x14, 0xf1, 0x34, 0x2d, 0xf7, 0x65, 0xd9, 0x87,
  0xd5, 0xe9, 0x37, 0xf1, 0x1e, 0xee, 0xb8, 0xfc, 0x14, 0x14, 0xbc, 0x14,
  0xbc, 0xf4, 0xde, 0xe0, 0x10, 0x2f, 0x32, 0x1c, 0x2d, 0xb4, 0xed, 0xc6,
  0x13, 0x95, 0xc7, 0xac, 0xe9, 0xfd, 0xd2, 0x7f, 0x1e, 0x27, 0x46, 0x3b,
  0xb4, 0xd8, 0x98, 0x61, 0x29, 0xca, 0xbc, 0x7f, 0x26, 0x2b, 0x3a, 0x40,
  0x0c, 0x43, 0x35, 0xc9, 0x48, 0x01, 0xe2, 0x40, 0xe1, 0x5c, 0x97, 0xe8,
  0x3e, 0xb5, 0x58, 0xd4, 0x32, 0x1b, 0xd6, 0xfe, 0x0e, 0xfe, 0xff, 0xff,
  0x04, 0x00, 0x00, 0x00, 0x80, 0x00, 0x00, 0x00, 0x0b, 0x11, 0x00, 0x00,
  0x0f, 0x00, 0x00, 0x00, 0x25, 0xf9, 0xff, 0xff, 0x15, 0x03, 0x00, 0x00,
  0x08, 0x00, 0x00, 0x00, 0xfd, 0x0e, 0x00, 0x00, 0xf6, 0xf7, 0xff, 0xff,
  0xb6, 0x09, 0x00, 0x00, 0x40, 0xfd, 0xff, 0xff, 0x9d, 0x08, 0x00, 0x00,
  0x80, 0x0b, 0x00, 0x00, 0x7d, 0xff, 0xff, 0xff, 0xda, 0x0a, 0x00, 0x00,
  0x17, 0x09, 0x00, 0x00, 0x33, 0x0a, 0x00, 0x00, 0xc5, 0x09, 0x00, 0x00,
  0x53, 0x0c, 0x00, 0x00, 0x92, 0x0d, 0x00, 0x00, 0x92, 0x10, 0x00, 0x00,
  0x91, 0x0a, 0x00, 0x00, 0xe5, 0xe6, 0xff, 0xff, 0xb4, 0x0d, 0x00, 0x00,
  0x7f, 0x0d, 0x00, 0x00, 0x42, 0x0b, 0x00, 0x00, 0x99, 0x06, 0x00, 0x00,
  0xb2, 0x00, 0x00, 0x00, 0x91, 0x13, 0x00, 0x00, 0x56, 0x0c, 0x00, 0x00,
  0x99, 0x03, 0x00, 0x00, 0x7a, 0x0d, 0x00, 0x00, 0x4c, 0x09, 0x00, 0x00,
  0x69, 0xf9, 0xff, 0xff, 0x9a, 0xfe, 0xff, 0xff, 0x04, 0x00, 0x00, 0x00,
  0x80, 0x00, 0x00, 0x00, 0x2f, 0x16, 0x52, 0x37, 0x4e, 0x0a, 0xa5, 0x35,
  0x06, 0x09, 0x45, 0x3c, 0x38, 0x8a, 0x86, 0x93, 0x05, 0x81, 0x0d, 0x89,
  0x9f, 0x3b, 0x31, 0x17, 0xa8, 0x42, 0x16, 0x11, 0x24, 0x15, 0xbd, 0x22,
  0x93, 0x55, 0x90, 0xf8, 0xf1, 0xef, 0xee, 0xaa, 0xdb, 0xe2, 0x8a, 0xce,
  0x84, 0xe1, 0x19, 0x42, 0x3b, 0x22, 0xa5, 0x5d, 0xcb, 0x81, 0xfc, 0xba,
  0x0f, 0x30, 0x34, 0x1e, 0x3a, 0xe9, 0x33, 0xe9, 0x4a, 0x89, 0xe5, 0x5a,
  0x83, 0x14, 0xdb, 0x38, 0x97, 0x81, 0x41, 0x54, 0x19, 0x48, 0xed, 0x35,
  0xac, 0x18, 0xed, 0x03, 0x2a, 0x18, 0xb9, 0x61, 0x34, 0xaa, 0x07, 0x09,
  0xb4, 0x33, 0xe6, 0x91, 0x52, 0x81, 0x51, 0x8c, 0x70, 0x91, 0x56, 0x9c,
  0x5b, 0x23, 0x2a, 0xaa, 0x3b, 0x1e, 0x45, 0x2a, 0xad, 0x41, 0x44, 0x47,
  0x73, 0x3a, 0x0b, 0xae, 0x55, 0x24, 0xc3, 0xb8, 0x8d, 0xa4, 0xba, 0x71,
  0x26, 0xff, 0xff, 0xff, 0x04, 0x00, 0x00, 0x00, 0x10, 0x00, 0x00, 0x00,
  0x15, 0xf8, 0xff, 0xff, 0xc4, 0x15, 0x00, 0x00, 0xc2, 0x0a, 0x00, 0x00,
  0x35, 0xda, 0xff, 0xff, 0x42, 0xff, 0xff, 0xff, 0x04, 0x00, 0x00, 0x00,
  0x08, 0x00, 0x00, 0x00, 0x01, 0x00, 0x00, 0x00, 0x02, 0x00, 0x00, 0x00,
  0x58, 0xe1, 0xff, 0xff, 0x5c, 0xe1, 0xff, 0xff, 0x0f, 0x00, 0x00, 0x00,
  0x4d, 0x4c, 0x49, 0x52, 0x20, 0x43, 0x6f, 0x6e, 0x76, 0x65, 0x72, 0x74,
  0x65, 0x64, 0x2e, 0x00, 0x01, 0x00, 0x00, 0x00, 0x14, 0x00, 0x00, 0x00,
  0x00, 0x00, 0x0e, 0x00, 0x18, 0x00, 0x14, 0x00, 0x10, 0x00, 0x0c, 0x00,
  0x08, 0x00, 0x04, 0x00, 0x0e, 0x00, 0x00, 0x00, 0x14, 0x00, 0x00, 0x00,
  0x1c, 0x00, 0x00, 0x00, 0x3c, 0x03, 0x00, 0x00, 0x40, 0x03, 0x00, 0x00,
  0x44, 0x03, 0x00, 0x00, 0x04, 0x00, 0x00, 0x00, 0x6d, 0x61, 0x69, 0x6e,
  0x00, 0x00, 0x00, 0x00, 0x0d, 0x00, 0x00, 0x00, 0xd8, 0x02, 0x00, 0x00,
  0x94, 0x02, 0x00, 0x00, 0x50, 0x02, 0x00, 0x00, 0x10, 0x02, 0x00, 0x00,
  0xdc, 0x01, 0x00, 0x00, 0xa8, 0x01, 0x00, 0x00, 0x68, 0x01, 0x00, 0x00,
  0x34, 0x01, 0x00, 0x00, 0x00, 0x01, 0x00, 0x00, 0xcc, 0x00, 0x00, 0x00,
  0x88, 0x00, 0x00, 0x00, 0x40, 0x00, 0x00, 0x00, 0x04, 0x00, 0x00, 0x00,
  0x92, 0xff, 0xff, 0xff, 0x1c, 0x00, 0x00, 0x00, 0x00, 0x00, 0x00, 0x09,
  0x1c, 0x00, 0x00, 0x00, 0x20, 0x00, 0x00, 0x00, 0x05, 0x00, 0x00, 0x00,
  0x00, 0x00, 0x06, 0x00, 0x08, 0x00, 0x04, 0x00, 0x06, 0x00, 0x00, 0x00,
  0x00, 0x00, 0x80, 0x3f, 0x01, 0x00, 0x00, 0x00, 0x1e, 0x00, 0x00, 0x00,
  0x01, 0x00, 0x00, 0x00, 0x1d, 0x00, 0x00, 0x00, 0xe2, 0xfd, 0xff, 0xff,
  0x14, 0x00, 0x00, 0x00, 0x00, 0x00, 0x00, 0x08, 0x10, 0x00, 0x00, 0x00,
  0x14, 0x00, 0x00, 0x00, 0x04, 0x00, 0x00, 0x00, 0x38, 0xe2, 0xff, 0xff,
  0x01, 0x00, 0x00, 0x00, 0x1d, 0x00, 0x00, 0x00, 0x03, 0x00, 0x00, 0x00,
  0x1c, 0x00, 0x00, 0x00, 0x03, 0x00, 0x00, 0x00, 0x02, 0x00, 0x00, 0x00,
  0x00, 0x00, 0x0e, 0x00, 0x1a, 0x00, 0x14, 0x00, 0x10, 0x00, 0x0c, 0x00,
  0x0b, 0x00, 0x04, 0x00, 0x0e, 0x00, 0x00, 0x00, 0x1c, 0x00, 0x00, 0x00,
  0x00, 0x00, 0x00, 0x08, 0x1c, 0x00, 0x00, 0x00, 0x20, 0x00, 0x00, 0x00,
  0x04, 0x00, 0x00, 0x00, 0x00, 0x00, 0x06, 0x00, 0x08, 0x00, 0x07, 0x00,
  0x06, 0x00, 0x00, 0x00, 0x00, 0x00, 0x00, 0x01, 0x01, 0x00, 0x00, 0x00,
  0x1c, 0x00, 0x00, 0x00, 0x03, 0x00, 0x00, 0x00, 0x1b, 0x00, 0x00, 0x00,
  0x05, 0x00, 0x00, 0x00, 0x04, 0x00, 0x00, 0x00, 0x66, 0xfe, 0xff, 0xff,
  0x14, 0x00, 0x00, 0x00, 0x00, 0x00, 0x00, 0x1b, 0x10, 0x00, 0x00, 0x00,
  0x14, 0x00, 0x00, 0x00, 0x03, 0x00, 0x00, 0x00, 0xbc, 0xe2, 0xff, 0xff,
  0x01, 0x00, 0x00, 0x00, 0x1b, 0x00, 0x00, 0x00, 0x02, 0x00, 0x00, 0x00,
  0x1a, 0x00, 0x00, 0x00, 0x01, 0x00, 0x00, 0x00, 0x96, 0xfe, 0xff, 0xff,
  0x14, 0x00, 0x00, 0x00, 0x00, 0x00, 0x00, 0x0b, 0x10, 0x00, 0x00, 0x00,
  0x14, 0x00, 0x00, 0x00, 0x02, 0x00, 0x00, 0x00, 0xec, 0xe2, 0xff, 0xff,
  0x01, 0x00, 0x00, 0x00, 0x1a, 0x00, 0x00, 0x00, 0x02, 0x00, 0x00, 0x00,
  0x19, 0x00, 0x00, 0x00, 0x06, 0x00, 0x00, 0x00, 0xc6, 0xfe, 0xff, 0xff,
  0x14, 0x00, 0x00, 0x00, 0x00, 0x00, 0x00, 0x15, 0x10, 0x00, 0x00, 0x00,
  0x14, 0x00, 0x00, 0x00, 0x01, 0x00, 0x00, 0x00, 0x1c, 0xe3, 0xff, 0xff,
  0x01, 0x00, 0x00, 0x00, 0x19, 0x00, 0x00, 0x00, 0x02, 0x00, 0x00, 0x00,
  0x18, 0x00, 0x00, 0x00, 0x07, 0x00, 0x00, 0x00, 0xb6, 0xfe, 0xff, 0xff,
  0x10, 0x00, 0x00, 0x00, 0x00, 0x00, 0x00, 0x01, 0x18, 0x00, 0x00, 0x00,
  0x1c, 0x00, 0x00, 0x00, 0xa8, 0xfe, 0xff, 0xff, 0x00, 0x00, 0x00, 0x01,
  0x01, 0x00, 0x00, 0x00, 0x01, 0x00, 0x00, 0x00, 0x01, 0x00, 0x00, 0x00,
  0x18, 0x00, 0x00, 0x00, 0x03, 0x00, 0x00, 0x00, 0x17, 0x00, 0x00, 0x00,
  0x09, 0x00, 0x00, 0x00, 0x08, 0x00, 0x00, 0x00, 0x32, 0xff, 0xff, 0xff,
  0x14, 0x00, 0x00, 0x00, 0x00, 0x00, 0x00, 0x0b, 0x10, 0x00, 0x00, 0x00,
  0x14, 0x00, 0x00, 0x00, 0x02, 0x00, 0x00, 0x00, 0x88, 0xe3, 0xff, 0xff,
  0x01, 0x00, 0x00, 0x00, 0x17, 0x00, 0x00, 0x00, 0x02, 0x00, 0x00, 0x00,
  0x16, 0x00, 0x00, 0x00, 0x0a, 0x00, 0x00, 0x00, 0x62, 0xff, 0xff, 0xff,
  0x14, 0x00, 0x00, 0x00, 0x00, 0x00, 0x00, 0x15, 0x10, 0x00, 0x00, 0x00,
  0x14, 0x00, 0x00, 0x00, 0x01, 0x00, 0x00, 0x00, 0xb8, 0xe3, 0xff, 0xff,
  0x01, 0x00, 0x00, 0x00, 0x16, 0x00, 0x00, 0x00, 0x02, 0x00, 0x00, 0x00,
  0x15, 0x00, 0x00, 0x00, 0x0b, 0x00, 0x00, 0x00, 0x52, 0xff, 0xff, 0xff,
  0x10, 0x00, 0x00, 0x00, 0x00, 0x00, 0x00, 0x01, 0x18, 0x00, 0x00, 0x00,
  0x1c, 0x00, 0x00, 0x00, 0x44, 0xff, 0xff, 0xff, 0x00, 0x00, 0x00, 0x01,
  0x01, 0x00, 0x00, 0x00, 0x01, 0x00, 0x00, 0x00, 0x01, 0x00, 0x00, 0x00,
  0x15, 0x00, 0x00, 0x00, 0x03, 0x00, 0x00, 0x00, 0x14, 0x00, 0x00, 0x00,
  0x0d, 0x00, 0x00, 0x00, 0x0c, 0x00, 0x00, 0x00, 0xce, 0xff, 0xff, 0xff,
  0x14, 0x00, 0x00, 0x00, 0x00, 0x00, 0x00, 0x0b, 0x10, 0x00, 0x00, 0x00,
  0x14, 0x00, 0x00, 0x00, 0x02, 0x00, 0x00, 0x00, 0x24, 0xe4, 0xff, 0xff,
  0x01, 0x00, 0x00, 0x00, 0x14, 0x00, 0x00, 0x00, 0x02, 0x00, 0x00, 0x00,
  0x13, 0x00, 0x00, 0x00, 0x0e, 0x00, 0x00, 0x00, 0x00, 0x00, 0x0e, 0x00,
  0x18, 0x00, 0x14, 0x00, 0x10, 0x00, 0x0c, 0x00, 0x0b, 0x00, 0x04, 0x00,
  0x0e, 0x00, 0x00, 0x00, 0x14, 0x00, 0x00, 0x00, 0x00, 0x00, 0x00, 0x15,
  0x10, 0x00, 0x00, 0x00, 0x14, 0x00, 0x00, 0x00, 0x01, 0x00, 0x00, 0x00,
  0x64, 0xe4, 0xff, 0xff, 0x01, 0x00, 0x00, 0x00, 0x13, 0x00, 0x00, 0x00,
  0x02, 0x00, 0x00, 0x00, 0x12, 0x00, 0x00, 0x00, 0x0f, 0x00, 0x00, 0x00,
  0x00, 0x00, 0x0e, 0x00, 0x14, 0x00, 0x00, 0x00, 0x10, 0x00, 0x0c, 0x00,
  0x0b, 0x00, 0x04, 0x00, 0x0e, 0x00, 0x00, 0x00, 0x1c, 0x00, 0x00, 0x00,
  0x00, 0x00, 0x00, 0x01, 0x24, 0x00, 0x00, 0x00, 0x28, 0x00, 0x00, 0x00,
  0x0c, 0x00, 0x10, 0x00, 0x00, 0x00, 0x0c, 0x00, 0x08, 0x00, 0x07, 0x00,
  0x0c, 0x00, 0x00, 0x00, 0x00, 0x00, 0x00, 0x01, 0x01, 0x00, 0x00, 0x00,
  0x01, 0x00, 0x00, 0x00, 0x01, 0x00, 0x00, 0x00, 0x12, 0x00, 0x00, 0x00,
  0x03, 0x00, 0x00, 0x00, 0x00, 0x00, 0x00, 0x00, 0x11, 0x00, 0x00, 0x00,
  0x10, 0x00, 0x00, 0x00, 0x01, 0x00, 0x00, 0x00, 0x1e, 0x00, 0x00, 0x00,
  0x01, 0x00, 0x00, 0x00, 0x00, 0x00, 0x00, 0x00, 0x1f, 0x00, 0x00, 0x00,
  0x70, 0x1b, 0x00, 0x00, 0xf8, 0x1a, 0x00, 0x00, 0x4c, 0x1a, 0x00, 0x00,
  0xb0, 0x19, 0x00, 0x00, 0xbc, 0x17, 0x00, 0x00, 0xd8, 0x15, 0x00, 0x00,
  0x6c, 0x15, 0x00, 0x00, 0x00, 0x15, 0x00, 0x00, 0xcc, 0x12, 0x00, 0x00,
  0xe0, 0x10, 0x00, 0x00, 0x74, 0x10, 0x00, 0x00, 0x08, 0x10, 0x00, 0x00,
  0xd4, 0x0d, 0x00, 0x00, 0xe8, 0x0b, 0x00, 0x00, 0x7c, 0x0b, 0x00, 0x00,
  0x10, 0x0b, 0x00, 0x00, 0x9c, 0x09, 0x00, 0x00, 0x70, 0x08, 0x00, 0x00,
  0x8c, 0x07, 0x00, 0x00, 0xf8, 0x06, 0x00, 0x00, 0x64, 0x06, 0x00, 0x00,
  0x80, 0x05, 0x00, 0x00, 0xec, 0x04, 0x00, 0x00, 0x58, 0x04, 0x00, 0x00,
  0x74, 0x03, 0x00, 0x00, 0xe0, 0x02, 0x00, 0x00, 0x4c, 0x02, 0x00, 0x00,
  0xd0, 0x01, 0x00, 0x00, 0x24, 0x01, 0x00, 0x00, 0x80, 0x00, 0x00, 0x00,
  0x04, 0x00, 0x00, 0x00, 0x22, 0xe5, 0xff, 0xff, 0x00, 0x00, 0x00, 0x01,
  0x18, 0x00, 0x00, 0x00, 0x20, 0x00, 0x00, 0x00, 0x3c, 0x00, 0x00, 0x00,
  0x1f, 0x00, 0x00, 0x00, 0x00, 0x00, 0x00, 0x09, 0x50, 0x00, 0x00, 0x00,
  0x02, 0x00, 0x00, 0x00, 0xff, 0xff, 0xff, 0xff, 0x04, 0x00, 0x00, 0x00,
  0x04, 0xe5, 0xff, 0xff, 0x08, 0x00, 0x00, 0x00, 0x10, 0x00, 0x00, 0x00,
  0x01, 0x00, 0x00, 0x00, 0x80, 0xff, 0xff, 0xff, 0xff, 0xff, 0xff, 0xff,
  0x01, 0x00, 0x00, 0x00, 0x00, 0x00, 0x80, 0x3b, 0x1b, 0x00, 0x00, 0x00,
  0x53, 0x74, 0x61, 0x74, 0x65, 0x66, 0x75, 0x6c, 0x50, 0x61, 0x72, 0x74,
  0x69, 0x74, 0x69, 0x6f, 0x6e, 0x65, 0x64, 0x43, 0x61, 0x6c, 0x6c, 0x5f,
  0x31, 0x3a, 0x30, 0x00, 0x02, 0x00, 0x00, 0x00, 0x01, 0x00, 0x00, 0x00,
  0x04, 0x00, 0x00, 0x00, 0x9a, 0xe5, 0xff, 0xff, 0x00, 0x00, 0x00, 0x01,
  0x18, 0x00, 0x00, 0x00, 0x20, 0x00, 0x00, 0x00, 0x3c, 0x00, 0x00, 0x00,
  0x1e, 0x00, 0x00, 0x00, 0x00, 0x00, 0x00, 0x09, 0x78, 0x00, 0x00, 0x00,
  0x02, 0x00, 0x00, 0x00, 0xff, 0xff, 0xff, 0xff, 0x04, 0x00, 0x00, 0x00,
  0x7c, 0xe5, 0xff, 0xff, 0x08, 0x00, 0x00, 0x00, 0x10, 0x00, 0x00, 0x00,
  0x01, 0x00, 0x00, 0x00, 0x12, 0x00, 0x00, 0x00, 0x00, 0x00, 0x00, 0x00,
  0x01, 0x00, 0x00, 0x00, 0x85, 0xfc, 0xe0, 0x3c, 0x42, 0x00, 0x00, 0x00,
  0x47, 0x61, 0x69, 0x74, 0x43, 0x4e, 0x4e, 0x32, 0x44, 0x5f, 0x31, 0x2f,
  0x70, 0x72, 0x65, 0x64, 0x69, 0x63, 0x74, 0x69, 0x6f, 0x6e, 0x73, 0x5f,
  0x31, 0x2f, 0x4d, 0x61, 0x74, 0x4d, 0x75, 0x6c, 0x3b, 0x47, 0x61, 0x69,
  0x74, 0x43, 0x4e, 0x4e, 0x32, 0x44, 0x5f, 0x31, 0x2f, 0x70, 0x72, 0x65,
  0x64, 0x69, 0x63, 0x74, 0x69, 0x6f, 0x6e, 0x73, 0x5f, 0x31, 0x2f, 0x42,
  0x69, 0x61, 0x73, 0x41, 0x64, 0x64, 0x00, 0x00, 0x02, 0x00, 0x00, 0x00,
  0x01, 0x00, 0x00, 0x00, 0x04, 0x00, 0x00, 0x00, 0x3a, 0xe6, 0xff, 0xff,
  0x00, 0x00, 0x00, 0x01, 0x18, 0x00, 0x00, 0x00, 0x20, 0x00, 0x00, 0x00,
  0x3c, 0x00, 0x00, 0x00, 0x1d, 0x00, 0x00, 0x00, 0x00, 0x00, 0x00, 0x09,
  0x80, 0x00, 0x00, 0x00, 0x02, 0x00, 0x00, 0x00, 0xff, 0xff, 0xff, 0xff,
  0x20, 0x00, 0x00, 0x00, 0x1c, 0xe6, 0xff, 0xff, 0x08, 0x00, 0x00, 0x00,
  0x10, 0x00, 0x00, 0x00, 0x01, 0x00, 0x00, 0x00, 0x80, 0xff, 0xff, 0xff,
  0xff, 0xff, 0xff, 0xff, 0x01, 0x00, 0x00, 0x00, 0x74, 0x86, 0x86, 0x3b,
  0x49, 0x00, 0x00, 0x00, 0x47, 0x61, 0x69, 0x74, 0x43, 0x4e, 0x4e, 0x32,
  0x44, 0x5f, 0x31, 0x2f, 0x66, 0x63, 0x31, 0x5f, 0x31, 0x2f, 0x4d, 0x61,
  0x74, 0x4d, 0x75, 0x6c, 0x3b, 0x47, 0x61, 0x69, 0x74, 0x43, 0x4e, 0x4e,
  0x32, 0x44, 0x5f, 0x31, 0x2f, 0x66, 0x63, 0x31, 0x5f, 0x31, 0x2f, 0x52,
  0x65, 0x6c, 0x75, 0x3b, 0x47, 0x61, 0x69, 0x74, 0x43, 0x4e, 0x4e, 0x32,
  0x44, 0x5f, 0x31, 0x2f, 0x66, 0x63, 0x31, 0x5f, 0x31, 0x2f, 0x42, 0x69,
  0x61, 0x73, 0x41, 0x64, 0x64, 0x00, 0x00, 0x00, 0x02, 0x00, 0x00, 0x00,
  0x01, 0x00, 0x00, 0x00, 0x20, 0x00, 0x00, 0x00, 0xe2, 0xe6, 0xff, 0xff,
  0x00, 0x00, 0x00, 0x01, 0x18, 0x00, 0x00, 0x00, 0x20, 0x00, 0x00, 0x00,
  0x40, 0x00, 0x00, 0x00, 0x1c, 0x00, 0x00, 0x00, 0x00, 0x00, 0x00, 0x09,
  0x50, 0x00, 0x00, 0x00, 0x02, 0x00, 0x00, 0x00, 0xff, 0xff, 0xff, 0xff,
  0x20, 0x00, 0x00, 0x00, 0xc4, 0xe6, 0xff, 0xff, 0x08, 0x00, 0x00, 0x00,
  0x14, 0x00, 0x00, 0x00, 0x01, 0x00, 0x00, 0x00, 0xe5, 0xff, 0xff, 0xff,
  0xff, 0xff, 0xff, 0xff, 0x00, 0x00, 0x00, 0x00, 0x01, 0x00, 0x00, 0x00,
  0x0c, 0xd1, 0x8e, 0x3b, 0x16, 0x00, 0x00, 0x00, 0x47, 0x61, 0x69, 0x74,
  0x43, 0x4e, 0x4e, 0x32, 0x44, 0x5f, 0x31, 0x2f, 0x67, 0x61, 0x70, 0x5f,
  0x31, 0x2f, 0x4d, 0x65, 0x61, 0x6e, 0x00, 0x00, 0x02, 0x00, 0x00, 0x00,
  0x01, 0x00, 0x00, 0x00, 0x20, 0x00, 0x00, 0x00, 0x5a, 0xe7, 0xff, 0xff,
  0x00, 0x00, 0x00, 0x01, 0x18, 0x00, 0x00, 0x00, 0x28, 0x00, 0x00, 0x00,
  0x44, 0x00, 0x00, 0x00, 0x1b, 0x00, 0x00, 0x00, 0x00, 0x00, 0x00, 0x09,
  0x60, 0x00, 0x00, 0x00, 0x04, 0x00, 0x00, 0x00, 0xff, 0xff, 0xff, 0xff,
  0x78, 0x00, 0x00, 0x00, 0x0c, 0x00, 0x00, 0x00, 0x20, 0x00, 0x00, 0x00,
  0x44, 0xe7, 0xff, 0xff, 0x08, 0x00, 0x00, 0x00, 0x10, 0x00, 0x00, 0x00,
  0x01, 0x00, 0x00, 0x00, 0x84, 0xff, 0xff, 0xff, 0xff, 0xff, 0xff, 0xff,
  0x01, 0x00, 0x00, 0x00, 0x02, 0x51, 0x7f, 0x3e, 0x21, 0x00, 0x00, 0x00,
  0x47, 0x61, 0x69, 0x74, 0x43, 0x4e, 0x4e, 0x32, 0x44, 0x5f, 0x31, 0x2f,
  0x62, 0x6e, 0x33, 0x5f, 0x31, 0x2f, 0x62, 0x61, 0x74, 0x63, 0x68, 0x6e,
  0x6f, 0x72, 0x6d, 0x2f, 0x61, 0x64, 0x64, 0x5f, 0x31, 0x00, 0x00, 0x00,
  0x04, 0x00, 0x00, 0x00, 0x01, 0x00, 0x00, 0x00, 0x78, 0x00, 0x00, 0x00,
  0x0c, 0x00, 0x00, 0x00, 0x20, 0x00, 0x00, 0x00, 0xea, 0xe7, 0xff, 0xff,
  0x00, 0x00, 0x00, 0x01, 0x18, 0x00, 0x00, 0x00, 0x28, 0x00, 0x00, 0x00,
  0x44, 0x00, 0x00, 0x00, 0x1a, 0x00, 0x00, 0x00, 0x00, 0x00, 0x00, 0x09,
  0x60, 0x00, 0x00, 0x00, 0x04, 0x00, 0x00, 0x00, 0xff, 0xff, 0xff, 0xff,
  0x78, 0x00, 0x00, 0x00, 0x0c, 0x00, 0x00, 0x00, 0x20, 0x00, 0x00, 0x00,
  0xd4, 0xe7, 0xff, 0xff, 0x08, 0x00, 0x00, 0x00, 0x10, 0x00, 0x00, 0x00,
  0x01, 0x00, 0x00, 0x00, 0x83, 0xff, 0xff, 0xff, 0xff, 0xff, 0xff, 0xff,
  0x01, 0x00, 0x00, 0x00, 0xbe, 0x77, 0x80, 0x3e, 0x21, 0x00, 0x00, 0x00,
  0x47, 0x61, 0x69, 0x74, 0x43, 0x4e, 0x4e, 0x32, 0x44, 0x5f, 0x31, 0x2f,
  0x62, 0x6e, 0x33, 0x5f, 0x31, 0x2f, 0x62, 0x61, 0x74, 0x63, 0x68, 0x6e,
  0x6f, 0x72, 0x6d, 0x2f, 0x6d, 0x75, 0x6c, 0x5f, 0x31, 0x00, 0x00, 0x00,
  0x04, 0x00, 0x00, 0x00, 0x01, 0x00, 0x00, 0x00, 0x78, 0x00, 0x00, 0x00,
  0x0c, 0x00, 0x00, 0x00, 0x20, 0x00, 0x00, 0x00, 0x7a, 0xe8, 0xff, 0xff,
  0x00, 0x00, 0x00, 0x01, 0x18, 0x00, 0x00, 0x00, 0x28, 0x00, 0x00, 0x00,
  0x44, 0x00, 0x00, 0x00, 0x19, 0x00, 0x00, 0x00, 0x00, 0x00, 0x00, 0x09,
  0xb0, 0x00, 0x00, 0x00, 0x04, 0x00, 0x00, 0x00, 0xff, 0xff, 0xff, 0xff,
  0x78, 0x00, 0x00, 0x00, 0x0c, 0x00, 0x00, 0x00, 0x20, 0x00, 0x00, 0x00,
  0x64, 0xe8, 0xff, 0xff, 0x08, 0x00, 0x00, 0x00, 0x10, 0x00, 0x00, 0x00,
  0x01, 0x00, 0x00, 0x00, 0x80, 0xff, 0xff, 0xff, 0xff, 0xff, 0xff, 0xff,
  0x01, 0x00, 0x00, 0x00, 0x49, 0x6b, 0x7d, 0x3e, 0x71, 0x00, 0x00, 0x00,
  0x47, 0x61, 0x69, 0x74, 0x43, 0x4e, 0x4e, 0x32, 0x44, 0x5f, 0x31, 0x2f,
  0x63, 0x6f, 0x6e, 0x76, 0x33, 0x5f, 0x31, 0x2f, 0x52, 0x65, 0x6c, 0x75,
  0x3b, 0x47, 0x61, 0x69, 0x74, 0x43, 0x4e, 0x4e, 0x32, 0x44, 0x5f, 0x31,
  0x2f, 0x63, 0x6f, 0x6e, 0x76, 0x33, 0x5f, 0x31, 0x2f, 0x42, 0x69, 0x61,
  0x73, 0x41, 0x64, 0x64, 0x3b, 0x47, 0x61, 0x69, 0x74, 0x43, 0x4e, 0x4e,
  0x32, 0x44, 0x5f, 0x31, 0x2f, 0x63, 0x6f, 0x6e, 0x76, 0x33, 0x5f, 0x31,
  0x2f, 0x63, 0x6f, 0x6e, 0x76, 0x6f, 0x6c, 0x75, 0x74, 0x69, 0x6f, 0x6e,
  0x3b, 0x47, 0x61, 0x69, 0x74, 0x43, 0x4e, 0x4e, 0x32, 0x44, 0x5f, 0x31,
  0x2f, 0x63, 0x6f, 0x6e, 0x76, 0x33, 0x5f, 0x31, 0x2f, 0x53, 0x71, 0x75,
  0x65, 0x65, 0x7a, 0x65, 0x31, 0x00, 0x00, 0x00, 0x04, 0x00, 0x00, 0x00,
  0x01, 0x00, 0x00, 0x00, 0x78, 0x00, 0x00, 0x00, 0x0c, 0x00, 0x00, 0x00,
  0x20, 0x00, 0x00, 0x00, 0x5a, 0xe9, 0xff, 0xff, 0x00, 0x00, 0x00, 0x01,
  0x18, 0x00, 0x00, 0x00, 0x28, 0x00, 0x00, 0x00, 0x44, 0x00, 0x00, 0x00,
  0x18, 0x00, 0x00, 0x00, 0x00, 0x00, 0x00, 0x09, 0x60, 0x00, 0x00, 0x00,
  0x04, 0x00, 0x00, 0x00, 0xff, 0xff, 0xff, 0xff, 0x78, 0x00, 0x00, 0x00,
  0x0c, 0x00, 0x00, 0x00, 0x20, 0x00, 0x00, 0x00, 0x44, 0xe9, 0xff, 0xff,
  0x08, 0x00, 0x00, 0x00, 0x10, 0x00, 0x00, 0x00, 0x01, 0x00, 0x00, 0x00,
  0x89, 0xff, 0xff, 0xff, 0xff, 0xff, 0xff, 0xff, 0x01, 0x00, 0x00, 0x00,
  0xa2, 0x2b, 0xeb, 0x3d, 0x21, 0x00, 0x00, 0x00, 0x47, 0x61, 0x69, 0x74,
  0x43, 0x4e, 0x4e, 0x32, 0x44, 0x5f, 0x31, 0x2f, 0x62, 0x6e, 0x32, 0x5f,
  0x31, 0x2f, 0x62, 0x61, 0x74, 0x63, 0x68, 0x6e, 0x6f, 0x72, 0x6d, 0x2f,
  0x61, 0x64, 0x64, 0x5f, 0x31, 0x00, 0x00, 0x00, 0x04, 0x00, 0x00, 0x00,
  0x01, 0x00, 0x00, 0x00, 0x78, 0x00, 0x00, 0x00, 0x0c, 0x00, 0x00, 0x00,
  0x20, 0x00, 0x00, 0x00, 0xea, 0xe9, 0xff, 0xff, 0x00, 0x00, 0x00, 0x01,
  0x18, 0x00, 0x00, 0x00, 0x28, 0x00, 0x00, 0x00, 0x44, 0x00, 0x00, 0x00,
  0x17, 0x00, 0x00, 0x00, 0x00, 0x00, 0x00, 0x09, 0x60, 0x00, 0x00, 0x00,
  0x04, 0x00, 0x00, 0x00, 0xff, 0xff, 0xff, 0xff, 0x78, 0x00, 0x00, 0x00,
  0x0c, 0x00, 0x00, 0x00, 0x20, 0x00, 0x00, 0x00, 0xd4, 0xe9, 0xff, 0xff,
  0x08, 0x00, 0x00, 0x00, 0x10, 0x00, 0x00, 0x00, 0x01, 0x00, 0x00, 0x00,
  0x89, 0xff, 0xff, 0xff, 0xff, 0xff, 0xff, 0xff, 0x01, 0x00, 0x00, 0x00,
  0x84, 0xb4, 0xed, 0x3d, 0x21, 0x00, 0x00, 0x00, 0x47, 0x61, 0x69, 0x74,
  0x43, 0x4e, 0x4e, 0x32, 0x44, 0x5f, 0x31, 0x2f, 0x62, 0x6e, 0x32, 0x5f,
  0x31, 0x2f, 0x62, 0x61, 0x74, 0x63, 0x68, 0x6e, 0x6f, 0x72, 0x6d, 0x2f,
  0x6d, 0x75, 0x6c, 0x5f, 0x31, 0x00, 0x00, 0x00, 0x04, 0x00, 0x00, 0x00,
  0x01, 0x00, 0x00, 0x00, 0x78, 0x00, 0x00, 0x00, 0x0c, 0x00, 0x00, 0x00,
  0x20, 0x00, 0x00, 0x00, 0x7a, 0xea, 0xff, 0xff, 0x00, 0x00, 0x00, 0x01,
  0x18, 0x00, 0x00, 0x00, 0x28, 0x00, 0x00, 0x00, 0x44, 0x00, 0x00, 0x00,
  0x16, 0x00, 0x00, 0x00, 0x00, 0x00, 0x00, 0x09, 0xb0, 0x00, 0x00, 0x00,
  0x04, 0x00, 0x00, 0x00, 0xff, 0xff, 0xff, 0xff, 0x78, 0x00, 0x00, 0x00,
  0x0c, 0x00, 0x00, 0x00, 0x20, 0x00, 0x00, 0x00, 0x64, 0xea, 0xff, 0xff,
  0x08, 0x00, 0x00, 0x00, 0x10, 0x00, 0x00, 0x00, 0x01, 0x00, 0x00, 0x00,
  0x80, 0xff, 0xff, 0xff, 0xff, 0xff, 0xff, 0xff, 0x01, 0x00, 0x00, 0x00,
  0x5f, 0xb3, 0xe5, 0x3d, 0x71, 0x00, 0x00, 0x00, 0x47, 0x61, 0x69, 0x74,
  0x43, 0x4e, 0x4e, 0x32, 0x44, 0x5f, 0x31, 0x2f, 0x63, 0x6f, 0x6e, 0x76,
  0x32, 0x5f, 0x31, 0x2f, 0x52, 0x65, 0x6c, 0x75, 0x3b, 0x47, 0x61, 0x69,
  0x74, 0x43, 0x4e, 0x4e, 0x32, 0x44, 0x5f, 0x31, 0x2f, 0x63, 0x6f, 0x6e,
  0x76, 0x32, 0x5f, 0x31, 0x2f, 0x42, 0x69, 0x61, 0x73, 0x41, 0x64, 0x64,
  0x3b, 0x47, 0x61, 0x69, 0x74, 0x43, 0x4e, 0x4e, 0x32, 0x44, 0x5f, 0x31,
  0x2f, 0x63, 0x6f, 0x6e, 0x76, 0x32, 0x5f, 0x31, 0x2f, 0x63, 0x6f, 0x6e,
  0x76, 0x6f, 0x6c, 0x75, 0x74, 0x69, 0x6f, 0x6e, 0x3b, 0x47, 0x61, 0x69,
  0x74, 0x43, 0x4e, 0x4e, 0x32, 0x44, 0x5f, 0x31, 0x2f, 0x63, 0x6f, 0x6e,
  0x76, 0x32, 0x5f, 0x31, 0x2f, 0x53, 0x71, 0x75, 0x65, 0x65, 0x7a, 0x65,
  0x31, 0x00, 0x00, 0x00, 0x04, 0x00, 0x00, 0x00, 0x01, 0x00, 0x00, 0x00,
  0x78, 0x00, 0x00, 0x00, 0x0c, 0x00, 0x00, 0x00, 0x20, 0x00, 0x00, 0x00,
  0x5a, 0xeb, 0xff, 0xff, 0x00, 0x00, 0x00, 0x01, 0x18, 0x00, 0x00, 0x00,
  0x28, 0x00, 0x00, 0x00, 0x44, 0x00, 0x00, 0x00, 0x15, 0x00, 0x00, 0x00,
  0x00, 0x00, 0x00, 0x09, 0x60, 0x00, 0x00, 0x00, 0x04, 0x00, 0x00, 0x00,
  0xff, 0xff, 0xff, 0xff, 0x78, 0x00, 0x00, 0x00, 0x0c, 0x00, 0x00, 0x00,
  0x10, 0x00, 0x00, 0x00, 0x44, 0xeb, 0xff, 0xff, 0x08, 0x00, 0x00, 0x00,
  0x10, 0x00, 0x00, 0x00, 0x01, 0x00, 0x00, 0x00, 0x88, 0xff, 0xff, 0xff,
  0xff, 0xff, 0xff, 0xff, 0x01, 0x00, 0x00, 0x00, 0x03, 0xad, 0xad, 0x3d,
  0x21, 0x00, 0x00, 0x00, 0x47, 0x61, 0x69, 0x74, 0x43, 0x4e, 0x4e, 0x32,
  0x44, 0x5f, 0x31, 0x2f, 0x62, 0x6e, 0x31, 0x5f, 0x31, 0x2f, 0x62, 0x61,
  0x74, 0x63, 0x68, 0x6e, 0x6f, 0x72, 0x6d, 0x2f, 0x61, 0x64, 0x64, 0x5f,
  0x31, 0x00, 0x00, 0x00, 0x04, 0x00, 0x00, 0x00, 0x01, 0x00, 0x00, 0x00,
  0x78, 0x00, 0x00, 0x00, 0x0c, 0x00, 0x00, 0x00, 0x10, 0x00, 0x00, 0x00,
  0xea, 0xeb, 0xff, 0xff, 0x00, 0x00, 0x00, 0x01, 0x18, 0x00, 0x00, 0x00,
  0x28, 0x00, 0x00, 0x00, 0x44, 0x00, 0x00, 0x00, 0x14, 0x00, 0x00, 0x00,
  0x00, 0x00, 0x00, 0x09, 0x60, 0x00, 0x00, 0x00, 0x04, 0x00, 0x00, 0x00,
  0xff, 0xff, 0xff, 0xff, 0x78, 0x00, 0x00, 0x00, 0x0c, 0x00, 0x00, 0x00,
  0x10, 0x00, 0x00, 0x00, 0xd4, 0xeb, 0xff, 0xff, 0x08, 0x00, 0x00, 0x00,
  0x10, 0x00, 0x00, 0x00, 0x01, 0x00, 0x00, 0x00, 0x87, 0xff, 0xff, 0xff,
  0xff, 0xff, 0xff, 0xff, 0x01, 0x00, 0x00, 0x00, 0x73, 0x6e, 0xb2, 0x3d,
  0x21, 0x00, 0x00, 0x00, 0x47, 0x61, 0x69, 0x74, 0x43, 0x4e, 0x4e, 0x32,
  0x44, 0x5f, 0x31, 0x2f, 0x62, 0x6e, 0x31, 0x5f, 0x31, 0x2f, 0x62, 0x61,
  0x74, 0x63, 0x68, 0x6e, 0x6f, 0x72, 0x6d, 0x2f, 0x6d, 0x75, 0x6c, 0x5f,
  0x31, 0x00, 0x00, 0x00, 0x04, 0x00, 0x00, 0x00, 0x01, 0x00, 0x00, 0x00,
  0x78, 0x00, 0x00, 0x00, 0x0c, 0x00, 0x00, 0x00, 0x10, 0x00, 0x00, 0x00,
  0x7a, 0xec, 0xff, 0xff, 0x00, 0x00, 0x00, 0x01, 0x18, 0x00, 0x00, 0x00,
  0x28, 0x00, 0x00, 0x00, 0x44, 0x00, 0x00, 0x00, 0x13, 0x00, 0x00, 0x00,
  0x00, 0x00, 0x00, 0x09, 0xb0, 0x00, 0x00, 0x00, 0x04, 0x00, 0x00, 0x00,
  0xff, 0xff, 0xff, 0xff, 0x78, 0x00, 0x00, 0x00, 0x0c, 0x00, 0x00, 0x00,
  0x10, 0x00, 0x00, 0x00, 0x64, 0xec, 0xff, 0xff, 0x08, 0x00, 0x00, 0x00,
  0x10, 0x00, 0x00, 0x00, 0x01, 0x00, 0x00, 0x00, 0x80, 0xff, 0xff, 0xff,
  0xff, 0xff, 0xff, 0xff, 0x01, 0x00, 0x00, 0x00, 0xb8, 0x4b, 0xad, 0x3d,
  0x71, 0x00, 0x00, 0x00, 0x47, 0x61, 0x69, 0x74, 0x43, 0x4e, 0x4e, 0x32,
  0x44, 0x5f, 0x31, 0x2f, 0x63, 0x6f, 0x6e, 0x76, 0x31, 0x5f, 0x31, 0x2f,
  0x52, 0x65, 0x6c, 0x75, 0x3b, 0x47, 0x61, 0x69, 0x74, 0x43, 0x4e, 0x4e,
  0x32, 0x44, 0x5f, 0x31, 0x2f, 0x63, 0x6f, 0x6e, 0x76, 0x31, 0x5f, 0x31,
  0x2f, 0x42, 0x69, 0x61, 0x73, 0x41, 0x64, 0x64, 0x3b, 0x47, 0x61, 0x69,
  0x74, 0x43, 0x4e, 0x4e, 0x32, 0x44, 0x5f, 0x31, 0x2f, 0x63, 0x6f, 0x6e,
  0x76, 0x31, 0x5f, 0x31, 0x2f, 0x63, 0x6f, 0x6e, 0x76, 0x6f, 0x6c, 0x75,
  0x74, 0x69, 0x6f, 0x6e, 0x3b, 0x47, 0x61, 0x69, 0x74, 0x43, 0x4e, 0x4e,
  0x32, 0x44, 0x5f, 0x31, 0x2f, 0x63, 0x6f, 0x6e, 0x76, 0x31, 0x5f, 0x31,
  0x2f, 0x53, 0x71, 0x75, 0x65, 0x65, 0x7a, 0x65, 0x31, 0x00, 0x00, 0x00,
  0x04, 0x00, 0x00, 0x00, 0x01, 0x00, 0x00, 0x00, 0x78, 0x00, 0x00, 0x00,
  0x0c, 0x00, 0x00, 0x00, 0x10, 0x00, 0x00, 0x00, 0xce, 0xed, 0xff, 0xff,
  0x00, 0x00, 0x00, 0x01, 0x14, 0x00, 0x00, 0x00, 0xe4, 0x00, 0x00, 0x00,
  0x12, 0x00, 0x00, 0x00, 0x00, 0x00, 0x00, 0x09, 0xfc, 0x00, 0x00, 0x00,
  0x2c, 0xed, 0xff, 0xff, 0x08, 0x00, 0x00, 0x00, 0x88, 0x00, 0x00, 0x00,
  0x10, 0x00, 0x00, 0x00, 0x00, 0x00, 0x00, 0x00, 0x00, 0x00, 0x00, 0x00,
  0x00, 0x00, 0x00, 0x00, 0x00, 0x00, 0x00, 0x00, 0x00, 0x00, 0x00, 0x00,
  0x00, 0x00, 0x00, 0x00, 0x00, 0x00, 0x00, 0x00, 0x00, 0x00, 0x00, 0x00,
  0x00, 0x00, 0x00, 0x00, 0x00, 0x00, 0x00, 0x00, 0x00, 0x00, 0x00, 0x00,
  0x00, 0x00, 0x00, 0x00, 0x00, 0x00, 0x00, 0x00, 0x00, 0x00, 0x00, 0x00,
  0x00, 0x00, 0x00, 0x00, 0x00, 0x00, 0x00, 0x00, 0x00, 0x00, 0x00, 0x00,
  0x00, 0x00, 0x00, 0x00, 0x00, 0x00, 0x00, 0x00, 0x00, 0x00, 0x00, 0x00,
  0x00, 0x00, 0x00, 0x00, 0x00, 0x00, 0x00, 0x00, 0x00, 0x00, 0x00, 0x00,
  0x00, 0x00, 0x00, 0x00, 0x00, 0x00, 0x00, 0x00, 0x00, 0x00, 0x00, 0x00,
  0x00, 0x00, 0x00, 0x00, 0x00, 0x00, 0x00, 0x00, 0x00, 0x00, 0x00, 0x00,
  0x00, 0x00, 0x00, 0x00, 0x00, 0x00, 0x00, 0x00, 0x00, 0x00, 0x00, 0x00,
  0x10, 0x00, 0x00, 0x00, 0x5f, 0xcd, 0x11, 0x3b, 0x43, 0x02, 0xdc, 0x3a,
  0x3b, 0x39, 0xc5, 0x3a, 0xef, 0x1b, 0xee, 0x3a, 0x37, 0x7c, 0xcb, 0x3a,
  0xa3, 0x21, 0xa6, 0x3a, 0x35, 0x71, 0xc5, 0x3a, 0xbd, 0x10, 0xc0, 0x3a,
  0x7f, 0xdf, 0xaa, 0x3a, 0xce, 0x8e, 0xe4, 0x3a, 0x1e, 0xb9, 0xd2, 0x3a,
  0x25, 0xd2, 0xdc, 0x3a, 0xd4, 0x5f, 0xd2, 0x3a, 0xc6, 0x1c, 0xb8, 0x3a,
  0x7a, 0xfd, 0xb3, 0x3a, 0xc8, 0xed, 0xa6, 0x3a, 0x1f, 0x00, 0x00, 0x00,
  0x47, 0x61, 0x69, 0x74, 0x43, 0x4e, 0x4e, 0x32, 0x44, 0x5f, 0x31, 0x2f,
  0x63, 0x6f, 0x6e, 0x76, 0x31, 0x5f, 0x31, 0x2f, 0x63, 0x6f, 0x6e, 0x76,
  0x6f, 0x6c, 0x75, 0x74, 0x69, 0x6f, 0x6e, 0x00, 0x04, 0x00, 0x00, 0x00,
  0x10, 0x00, 0x00, 0x00, 0x05, 0x00, 0x00, 0x00, 0x03, 0x00, 0x00, 0x00,
  0x01, 0x00, 0x00, 0x00, 0xf6, 0xee, 0xff, 0xff, 0x00, 0x00, 0x00, 0x01,
  0x14, 0x00, 0x00, 0x00, 0xe4, 0x00, 0x00, 0x00, 0x11, 0x00, 0x00, 0x00,
  0x00, 0x00, 0x00, 0x02, 0x50, 0x01, 0x00, 0x00, 0x54, 0xee, 0xff, 0xff,
  0x08, 0x00, 0x00, 0x00, 0x88, 0x00, 0x00, 0x00, 0x10, 0x00, 0x00, 0x00,
  0x00, 0x00, 0x00, 0x00, 0x00, 0x00, 0x00, 0x00, 0x00, 0x00, 0x00, 0x00,
  0x00, 0x00, 0x00, 0x00, 0x00, 0x00, 0x00, 0x00, 0x00, 0x00, 0x00, 0x00,
  0x00, 0x00, 0x00, 0x00, 0x00, 0x00, 0x00, 0x00, 0x00, 0x00, 0x00, 0x00,
  0x00, 0x00, 0x00, 0x00, 0x00, 0x00, 0x00, 0x00, 0x00, 0x00, 0x00, 0x00,
  0x00, 0x00, 0x00, 0x00, 0x00, 0x00, 0x00, 0x00, 0x00, 0x00, 0x00, 0x00,
  0x00, 0x00, 0x00, 0x00, 0x00, 0x00, 0x00, 0x00, 0x00, 0x00, 0x00, 0x00,
  0x00, 0x00, 0x00, 0x00, 0x00, 0x00, 0x00, 0x00, 0x00, 0x00, 0x00, 0x00,
  0x00, 0x00, 0x00, 0x00, 0x00, 0x00, 0x00, 0x00, 0x00, 0x00, 0x00, 0x00,
  0x00, 0x00, 0x00, 0x00, 0x00, 0x00, 0x00, 0x00, 0x00, 0x00, 0x00, 0x00,
  0x00, 0x00, 0x00, 0x00, 0x00, 0x00, 0x00, 0x00, 0x00, 0x00, 0x00, 0x00,
  0x00, 0x00, 0x00, 0x00, 0x00, 0x00, 0x00, 0x00, 0x10, 0x00, 0x00, 0x00,
  0xf7, 0xa0, 0x1c, 0x39, 0x78, 0x58, 0xec, 0x38, 0x4f, 0xde, 0xd3, 0x38,
  0x37, 0xca, 0xff, 0x38, 0x52, 0x98, 0xda, 0x38, 0xad, 0x77, 0xb2, 0x38,
  0x71, 0x1a, 0xd4, 0x38, 0xc3, 0x53, 0xce, 0x38, 0xab, 0x8f, 0xb7, 0x38,
  0x86, 0x87, 0xf5, 0x38, 0xd0, 0x5e, 0xe2, 0x38, 0xca, 0x37, 0xed, 0x38,
  0xe4, 0xfe, 0xe1, 0x38, 0x9e, 0xc8, 0xc5, 0x38, 0xf6, 0x5a, 0xc1, 0x38,
  0xfa, 0x52, 0xb3, 0x38, 0x70, 0x00, 0x00, 0x00, 0x47, 0x61, 0x69, 0x74,
  0x43, 0x4e, 0x4e, 0x32, 0x44, 0x5f, 0x31, 0x2f, 0x63, 0x6f, 0x6e, 0x76,
  0x31, 0x5f, 0x31, 0x2f, 0x52, 0x65, 0x6c, 0x75, 0x3b, 0x47, 0x61, 0x69,
  0x74, 0x43, 0x4e, 0x4e, 0x32, 0x44, 0x5f, 0x31, 0x2f, 0x63, 0x6f, 0x6e,
  0x76, 0x31, 0x5f, 0x31, 0x2f, 0x42, 0x69, 0x61, 0x73, 0x41, 0x64, 0x64,
  0x3b, 0x47, 0x61, 0x69, 0x74, 0x43, 0x4e, 0x4e, 0x32, 0x44, 0x5f, 0x31,
  0x2f, 0x63, 0x6f, 0x6e, 0x76, 0x31, 0x5f, 0x31, 0x2f, 0x63, 0x6f, 0x6e,
  0x76, 0x6f, 0x6c, 0x75, 0x74, 0x69, 0x6f, 0x6e, 0x3b, 0x47, 0x61, 0x69,
  0x74, 0x43, 0x4e, 0x4e, 0x32, 0x44, 0x5f, 0x31, 0x2f, 0x63, 0x6f, 0x6e,
  0x76, 0x31, 0x5f, 0x31, 0x2f, 0x53, 0x71, 0x75, 0x65, 0x65, 0x7a, 0x65,
  0x00, 0x00, 0x00, 0x00, 0x01, 0x00, 0x00, 0x00, 0x10, 0x00, 0x00, 0x00,
  0x66, 0xf0, 0xff, 0xff, 0x00, 0x00, 0x00, 0x01, 0x14, 0x00, 0x00, 0x00,
  0x30, 0x00, 0x00, 0x00, 0x10, 0x00, 0x00, 0x00, 0x00, 0x00, 0x00, 0x09,
  0x48, 0x00, 0x00, 0x00, 0xc4, 0xef, 0xff, 0xff, 0x08, 0x00, 0x00, 0x00,
  0x10, 0x00, 0x00, 0x00, 0x01, 0x00, 0x00, 0x00, 0x80, 0xff, 0xff, 0xff,
  0xff, 0xff, 0xff, 0xff, 0x01, 0x00, 0x00, 0x00, 0x8e, 0xbc, 0xe8, 0x3c,
  0x1f, 0x00, 0x00, 0x00, 0x47, 0x61, 0x69, 0x74, 0x43, 0x4e, 0x4e, 0x32,
  0x44, 0x5f, 0x31, 0x2f, 0x62, 0x6e, 0x31, 0x5f, 0x31, 0x2f, 0x62, 0x61,
  0x74, 0x63, 0x68, 0x6e, 0x6f, 0x72, 0x6d, 0x2f, 0x6d, 0x75, 0x6c, 0x00,
  0x01, 0x00, 0x00, 0x00, 0x10, 0x00, 0x00, 0x00, 0xce, 0xf0, 0xff, 0xff,
  0x00, 0x00, 0x00, 0x01, 0x14, 0x00, 0x00, 0x00, 0x30, 0x00, 0x00, 0x00,
  0x0f, 0x00, 0x00, 0x00, 0x00, 0x00, 0x00, 0x09, 0x48, 0x00, 0x00, 0x00,
  0x2c, 0xf0, 0xff, 0xff, 0x08, 0x00, 0x00, 0x00, 0x10, 0x00, 0x00, 0x00,
  0x01, 0x00, 0x00, 0x00, 0x7f, 0x00, 0x00, 0x00, 0x00, 0x00, 0x00, 0x00,
  0x01, 0x00, 0x00, 0x00, 0x85, 0x57, 0x24, 0x3b, 0x1f, 0x00, 0x00, 0x00,
  0x47, 0x61, 0x69, 0x74, 0x43, 0x4e, 0x4e, 0x32, 0x44, 0x5f, 0x31, 0x2f,
  0x62, 0x6e, 0x31, 0x5f, 0x31, 0x2f, 0x62, 0x61, 0x74, 0x63, 0x68, 0x6e,
  0x6f, 0x72, 0x6d, 0x2f, 0x73, 0x75, 0x62, 0x00, 0x01, 0x00, 0x00, 0x00,
  0x10, 0x00, 0x00, 0x00, 0x36, 0xf1, 0xff, 0xff, 0x00, 0x00, 0x00, 0x01,
  0x14, 0x00, 0x00, 0x00, 0xa4, 0x01, 0x00, 0x00, 0x0e, 0x00, 0x00, 0x00,
  0x00, 0x00, 0x00, 0x09, 0xbc, 0x01, 0x00, 0x00, 0x94, 0xf0, 0xff, 0xff,
  0x08, 0x00, 0x00, 0x00, 0x08, 0x01, 0x00, 0x00, 0x20, 0x00, 0x00, 0x00,
  0x00, 0x00, 0x00, 0x00, 0x00, 0x00, 0x00, 0x00, 0x00, 0x00, 0x00, 0x00,
  0x00, 0x00, 0x00, 0x00, 0x00, 0x00, 0x00, 0x00, 0x00, 0x00, 0x00, 0x00,
  0x00, 0x00, 0x00, 0x00, 0x00, 0x00, 0x00, 0x00, 0x00, 0x00, 0x00, 0x00,
  0x00, 0x00, 0x00, 0x00, 0x00, 0x00, 0x00, 0x00, 0x00, 0x00, 0x00, 0x00,
  0x00, 0x00, 0x00, 0x00, 0x00, 0x00, 0x00, 0x00, 0x00, 0x00, 0x00, 0x00,
  0x00, 0x00, 0x00, 0x00, 0x00, 0x00, 0x00, 0x00, 0x00, 0x00, 0x00, 0x00,
  0x00, 0x00, 0x00, 0x00, 0x00, 0x00, 0x00, 0x00, 0x00, 0x00, 0x00, 0x00,
  0x00, 0x00, 0x00, 0x00, 0x00, 0x00, 0x00, 0x00, 0x00, 0x00, 0x00, 0x00,
  0x00, 0x00, 0x00, 0x00, 0x00, 0x00, 0x00, 0x00, 0x00, 0x00, 0x00, 0x00,
  0x00, 0x00, 0x00, 0x00, 0x00, 0x00, 0x00, 0x00, 0x00, 0x00, 0x00, 0x00,
  0x00, 0x00, 0x00, 0x00, 0x00, 0x00, 0x00, 0x00, 0x00, 0x00, 0x00, 0x00,
  0x00, 0x00, 0x00, 0x00, 0x00, 0x00, 0x00, 0x00, 0x00, 0x00, 0x00, 0x00,
  0x00, 0x00, 0x00, 0x00, 0x00, 0x00, 0x00, 0x00, 0x00, 0x00, 0x00, 0x00,
  0x00, 0x00, 0x00, 0x00, 0x00, 0x00, 0x00, 0x00, 0x00, 0x00, 0x00, 0x00,
  0x00, 0x00, 0x00, 0x00, 0x00, 0x00, 0x00, 0x00, 0x00, 0x00, 0x00, 0x00,
  0x00, 0x00, 0x00, 0x00, 0x00, 0x00, 0x00, 0x00, 0x00, 0x00, 0x00, 0x00,
  0x00, 0x00, 0x00, 0x00, 0x00, 0x00, 0x00, 0x00, 0x00, 0x00, 0x00, 0x00,
  0x00, 0x00, 0x00, 0x00, 0x00, 0x00, 0x00, 0x00, 0x00, 0x00, 0x00, 0x00,
  0x00, 0x00, 0x00, 0x00, 0x00, 0x00, 0x00, 0x00, 0x00, 0x00, 0x00, 0x00,
  0x00, 0x00, 0x00, 0x00, 0x00, 0x00, 0x00, 0x00, 0x00, 0x00, 0x00, 0x00,
  0x00, 0x00, 0x00, 0x00, 0x00, 0x00, 0x00, 0x00, 0x00, 0x00, 0x00, 0x00,
  0x00, 0x00, 0x00, 0x00, 0x20, 0x00, 0x00, 0x00, 0x0a, 0xb3, 0xd9, 0x3a,
  0xfb, 0xa4, 0xe6, 0x3a, 0x65, 0xb0, 0xf4, 0x3a, 0xe0, 0xa5, 0xee, 0x3a,
  0xb0, 0x53, 0xe3, 0x3a, 0x37, 0x9c, 0x34, 0x3b, 0x70, 0xca, 0xfe, 0x3a,
  0x2b, 0x91, 0xce, 0x3a, 0xc5, 0x96, 0x05, 0x3b, 0xe4, 0x52, 0xbe, 0x3a,
  0xa9, 0xfb, 0x00, 0x3b, 0x93, 0x57, 0xfb, 0x3a, 0x72, 0xc7, 0xf6, 0x3a,
  0xb3, 0x59, 0xd6, 0x3a, 0x53, 0x02, 0xdf, 0x3a, 0xc6, 0xa4, 0xcf, 0x3a,
  0x54, 0xff, 0xc0, 0x3a, 0x9f, 0x38, 0xdd, 0x3a, 0x0c, 0x11, 0xc4, 0x3a,
  0xc4, 0x5d, 0xd0, 0x3a, 0x06, 0x35, 0xf0, 0x3a, 0x1c, 0x76, 0xcc, 0x3a,
  0x85, 0xea, 0xac, 0x3a, 0xcf, 0xc1, 0x0c, 0x3b, 0x5a, 0xeb, 0xcf, 0x3a,
  0x68, 0xee, 0xf3, 0x3a, 0xb2, 0x96, 0xf6, 0x3a, 0x93, 0x0b, 0x18, 0x3b,
  0x01, 0x98, 0xe2, 0x3a, 0xdb, 0xe8, 0xcb, 0x3a, 0x9f, 0xff, 0xd5, 0x3a,
  0x39, 0x36, 0xc6, 0x3a, 0x1f, 0x00, 0x00, 0x00, 0x47, 0x61, 0x69, 0x74,
  0x43, 0x4e, 0x4e, 0x32, 0x44, 0x5f, 0x31, 0x2f, 0x63, 0x6f, 0x6e, 0x76,
  0x32, 0x5f, 0x31, 0x2f, 0x63, 0x6f, 0x6e, 0x76, 0x6f, 0x6c, 0x75, 0x74,
  0x69, 0x6f, 0x6e, 0x00, 0x04, 0x00, 0x00, 0x00, 0x20, 0x00, 0x00, 0x00,
  0x03, 0x00, 0x00, 0x00, 0x03, 0x00, 0x00, 0x00, 0x10, 0x00, 0x00, 0x00,
  0x1e, 0xf3, 0xff, 0xff, 0x00, 0x00, 0x00, 0x01, 0x14, 0x00, 0x00, 0x00,
  0xa4, 0x01, 0x00, 0x00, 0x0d, 0x00, 0x00, 0x00, 0x00, 0x00, 0x00, 0x02,
  0x10, 0x02, 0x00, 0x00, 0x7c, 0xf2, 0xff, 0xff, 0x08, 0x00, 0x00, 0x00,
  0x08, 0x01, 0x00, 0x00, 0x20, 0x00, 0x00, 0x00, 0x00, 0x00, 0x00, 0x00,
  0x00, 0x00, 0x00, 0x00, 0x00, 0x00, 0x00, 0x00, 0x00, 0x00, 0x00, 0x00,
  0x00, 0x00, 0x00, 0x00, 0x00, 0x00, 0x00, 0x00, 0x00, 0x00, 0x00, 0x00,
  0x00, 0x00, 0x00, 0x00, 0x00, 0x00, 0x00, 0x00, 0x00, 0x00, 0x00, 0x00,
  0x00, 0x00, 0x00, 0x00, 0x00, 0x00, 0x00, 0x00, 0x00, 0x00, 0x00, 0x00,
  0x00, 0x00, 0x00, 0x00, 0x00, 0x00, 0x00, 0x00, 0x00, 0x00, 0x00, 0x00,
  0x00, 0x00, 0x00, 0x00, 0x00, 0x00, 0x00, 0x00, 0x00, 0x00, 0x00, 0x00,
  0x00, 0x00, 0x00, 0x00, 0x00, 0x00, 0x00, 0x00, 0x00, 0x00, 0x00, 0x00,
  0x00, 0x00, 0x00, 0x00, 0x00, 0x00, 0x00, 0x00, 0x00, 0x00, 0x00, 0x00,
  0x00, 0x00, 0x00, 0x00, 0x00, 0x00, 0x00, 0x00, 0x00, 0x00, 0x00, 0x00,
  0x00, 0x00, 0x00, 0x00, 0x00, 0x00, 0x00, 0x00, 0x00, 0x00, 0x00, 0x00,
  0x00, 0x00, 0x00, 0x00, 0x00, 0x00, 0x00, 0x00, 0x00, 0x00, 0x00, 0x00,
  0x00, 0x00, 0x00, 0x00, 0x00, 0x00, 0x00, 0x00, 0x00, 0x00, 0x00, 0x00,
  0x00, 0x00, 0x00, 0x00, 0x00, 0x00, 0x00, 0x00, 0x00, 0x00, 0x00, 0x00,
  0x00, 0x00, 0x00, 0x00, 0x00, 0x00, 0x00, 0x00, 0x00, 0x00, 0x00, 0x00,
  0x00, 0x00, 0x00, 0x00, 0x00, 0x00, 0x00, 0x00, 0x00, 0x00, 0x00, 0x00,
  0x00, 0x00, 0x00, 0x00, 0x00, 0x00, 0x00, 0x00, 0x00, 0x00, 0x00, 0x00,
  0x00, 0x00, 0x00, 0x00, 0x00, 0x00, 0x00, 0x00, 0x00, 0x00, 0x00, 0x00,
  0x00, 0x00, 0x00, 0x00, 0x00, 0x00, 0x00, 0x00, 0x00, 0x00, 0x00, 0x00,
  0x00, 0x00, 0x00, 0x00, 0x00, 0x00, 0x00, 0x00, 0x00, 0x00, 0x00, 0x00,
  0x00, 0x00, 0x00, 0x00, 0x00, 0x00, 0x00, 0x00, 0x00, 0x00, 0x00, 0x00,
  0x00, 0x00, 0x00, 0x00, 0x00, 0x00, 0x00, 0x00, 0x00, 0x00, 0x00, 0x00,
  0x20, 0x00, 0x00, 0x00, 0x1e, 0xb1, 0x13, 0x39, 0x5e, 0x79, 0x1c, 0x39,
  0x92, 0x00, 0x26, 0x39, 0x61, 0xe7, 0x21, 0x39, 0x30, 0x39, 0x1a, 0x39,
  0x42, 0x0f, 0x75, 0x39, 0xff, 0xda, 0x2c, 0x39, 0xb5, 0x23, 0x0c, 0x39,
  0x57, 0x42, 0x35, 0x39, 0xa4, 0x1e, 0x01, 0x39, 0x7a, 0x02, 0x2f, 0x39,
  0x0b, 0x84, 0x2a, 0x39, 0x90, 0x6b, 0x27, 0x39, 0x7b, 0x6b, 0x11, 0x39,
  0x49, 0x4b, 0x17, 0x39, 0xaf, 0xde, 0x0c, 0x39, 0xfb, 0xee, 0x02, 0x39,
  0xc5, 0x14, 0x16, 0x39, 0x07, 0x04, 0x05, 0x39, 0x2f, 0x5c, 0x0d, 0x39,
  0x2c, 0xf6, 0x22, 0x39, 0xff, 0xb5, 0x0a, 0x39, 0xb1, 0x9e, 0xea, 0x38,
  0x33, 0xfc, 0x3e, 0x39, 0x90, 0x0e, 0x0d, 0x39, 0xf7, 0x7c, 0x25, 0x39,
  0x7d, 0x4a, 0x27, 0x39, 0x28, 0x4d, 0x4e, 0x39, 0xdc, 0xb9, 0x19, 0x39,
  0x2b, 0x56, 0x0a, 0x39, 0x5f, 0x2e, 0x11, 0x39, 0x99, 0x78, 0x06, 0x39,
  0x70, 0x00, 0x00, 0x00, 0x47, 0x61, 0x69, 0x74, 0x43, 0x4e, 0x4e, 0x32,
  0x44, 0x5f, 0x31, 0x2f, 0x63, 0x6f, 0x6e, 0x76, 0x32, 0x5f, 0x31, 0x2f,
  0x52, 0x65, 0x6c, 0x75, 0x3b, 0x47, 0x61, 0x69, 0x74, 0x43, 0x4e, 0x4e,
  0x32, 0x44, 0x5f, 0x31, 0x2f, 0x63, 0x6f, 0x6e, 0x76, 0x32, 0x5f, 0x31,
  0x2f, 0x42, 0x69, 0x61, 0x73, 0x41, 0x64, 0x64, 0x3b, 0x47, 0x61, 0x69,
  0x74, 0x43, 0x4e, 0x4e, 0x32, 0x44, 0x5f, 0x31, 0x2f, 0x63, 0x6f, 0x6e,
  0x76, 0x32, 0x5f, 0x31, 0x2f, 0x63, 0x6f, 0x6e, 0x76, 0x6f, 0x6c, 0x75,
  0x74, 0x69, 0x6f, 0x6e, 0x3b, 0x47, 0x61, 0x69, 0x74, 0x43, 0x4e, 0x4e,
  0x32, 0x44, 0x5f, 0x31, 0x2f, 0x63, 0x6f, 0x6e, 0x76, 0x32, 0x5f, 0x31,
  0x2f, 0x53, 0x71, 0x75, 0x65, 0x65, 0x7a, 0x65, 0x00, 0x00, 0x00, 0x00,
  0x01, 0x00, 0x00, 0x00, 0x20, 0x00, 0x00, 0x00, 0x4e, 0xf5, 0xff, 0xff,
  0x00, 0x00, 0x00, 0x01, 0x14, 0x00, 0x00, 0x00, 0x30, 0x00, 0x00, 0x00,
  0x0c, 0x00, 0x00, 0x00, 0x00, 0x00, 0x00, 0x09, 0x48, 0x00, 0x00, 0x00,
  0xac, 0xf4, 0xff, 0xff, 0x08, 0x00, 0x00, 0x00, 0x10, 0x00, 0x00, 0x00,
  0x01, 0x00, 0x00, 0x00, 0x80, 0xff, 0xff, 0xff, 0xff, 0xff, 0xff, 0xff,
  0x01, 0x00, 0x00, 0x00, 0xeb, 0xaa, 0x77, 0x3c, 0x1f, 0x00, 0x00, 0x00,
  0x47, 0x61, 0x69, 0x74, 0x43, 0x4e, 0x4e, 0x32, 0x44, 0x5f, 0x31, 0x2f,
  0x62, 0x6e, 0x32, 0x5f, 0x31, 0x2f, 0x62, 0x61, 0x74, 0x63, 0x68, 0x6e,
  0x6f, 0x72, 0x6d, 0x2f, 0x6d, 0x75, 0x6c, 0x00, 0x01, 0x00, 0x00, 0x00,
  0x20, 0x00, 0x00, 0x00, 0xb6, 0xf5, 0xff, 0xff, 0x00, 0x00, 0x00, 0x01,
  0x14, 0x00, 0x00, 0x00, 0x30, 0x00, 0x00, 0x00, 0x0b, 0x00, 0x00, 0x00,
  0x00, 0x00, 0x00, 0x09, 0x48, 0x00, 0x00, 0x00, 0x14, 0xf5, 0xff, 0xff,
  0x08, 0x00, 0x00, 0x00, 0x10, 0x00, 0x00, 0x00, 0x01, 0x00, 0x00, 0x00,
  0x7f, 0x00, 0x00, 0x00, 0x00, 0x00, 0x00, 0x00, 0x01, 0x00, 0x00, 0x00,
  0x4a, 0x12, 0x80, 0x3b, 0x1f, 0x00, 0x00, 0x00, 0x47, 0x61, 0x69, 0x74,
  0x43, 0x4e, 0x4e, 0x32, 0x44, 0x5f, 0x31, 0x2f, 0x62, 0x6e, 0x32, 0x5f,
  0x31, 0x2f, 0x62, 0x61, 0x74, 0x63, 0x68, 0x6e, 0x6f, 0x72, 0x6d, 0x2f,
  0x73, 0x75, 0x62, 0x00, 0x01, 0x00, 0x00, 0x00, 0x20, 0x00, 0x00, 0x00,
  0x1e, 0xf6, 0xff, 0xff, 0x00, 0x00, 0x00, 0x01, 0x14, 0x00, 0x00, 0x00,
  0xa4, 0x01, 0x00, 0x00, 0x0a, 0x00, 0x00, 0x00, 0x00, 0x00, 0x00, 0x09,
  0xbc, 0x01, 0x00, 0x00, 0x7c, 0xf5, 0xff, 0xff, 0x08, 0x00, 0x00, 0x00,
  0x08, 0x01, 0x00, 0x00, 0x20, 0x00, 0x00, 0x00, 0x00, 0x00, 0x00, 0x00,
  0x00, 0x00, 0x00, 0x00, 0x00, 0x00, 0x00, 0x00, 0x00, 0x00, 0x00, 0x00,
  0x00, 0x00, 0x00, 0x00, 0x00, 0x00, 0x00, 0x00, 0x00, 0x00, 0x00, 0x00,
  0x00, 0x00, 0x00, 0x00, 0x00, 0x00, 0x00, 0x00, 0x00, 0x00, 0x00, 0x00,
  0x00, 0x00, 0x00, 0x00, 0x00, 0x00, 0x00, 0x00, 0x00, 0x00, 0x00, 0x00,
  0x00, 0x00, 0x00, 0x00, 0x00, 0x00, 0x00, 0x00, 0x00, 0x00, 0x00, 0x00,
  0x00, 0x00, 0x00, 0x00, 0x00, 0x00, 0x00, 0x00, 0x00, 0x00, 0x00, 0x00,
  0x00, 0x00, 0x00, 0x00, 0x00, 0x00, 0x00, 0x00, 0x00, 0x00, 0x00, 0x00,
  0x00, 0x00, 0x00, 0x00, 0x00, 0x00, 0x00, 0x00, 0x00, 0x00, 0x00, 0x00,
  0x00, 0x00, 0x00, 0x00, 0x00, 0x00, 0x00, 0x00, 0x00, 0x00, 0x00, 0x00,
  0x00, 0x00, 0x00, 0x00, 0x00, 0x00, 0x00, 0x00, 0x00, 0x00, 0x00, 0x00,
  0x00, 0x00, 0x00, 0x00, 0x00, 0x00, 0x00, 0x00, 0x00, 0x00, 0x00, 0x00,
  0x00, 0x00, 0x00, 0x00, 0x00, 0x00, 0x00, 0x00, 0x00, 0x00, 0x00, 0x00,
  0x00, 0x00, 0x00, 0x00, 0x00, 0x00, 0x00, 0x00, 0x00, 0x00, 0x00, 0x00,
  0x00, 0x00, 0x00, 0x00, 0x00, 0x00, 0x00, 0x00, 0x00, 0x00, 0x00, 0x00,
  0x00, 0x00, 0x00, 0x00, 0x00, 0x00, 0x00, 0x00, 0x00, 0x00, 0x00, 0x00,
  0x00, 0x00, 0x00, 0x00, 0x00, 0x00, 0x00, 0x00, 0x00, 0x00, 0x00, 0x00,
  0x00, 0x00, 0x00, 0x00, 0x00, 0x00, 0x00, 0x00, 0x00, 0x00, 0x00, 0x00,
  0x00, 0x00, 0x00, 0x00, 0x00, 0x00, 0x00, 0x00, 0x00, 0x00, 0x00, 0x00,
  0x00, 0x00, 0x00, 0x00, 0x00, 0x00, 0x00, 0x00, 0x00, 0x00, 0x00, 0x00,
  0x00, 0x00, 0x00, 0x00, 0x00, 0x00, 0x00, 0x00, 0x00, 0x00, 0x00, 0x00,
  0x00, 0x00, 0x00, 0x00, 0x00, 0x00, 0x00, 0x00, 0x00, 0x00, 0x00, 0x00,
  0x20, 0x00, 0x00, 0x00, 0x6b, 0xad, 0x1c, 0x3b, 0x23, 0x9b, 0x01, 0x3b,
  0xf1, 0x2f, 0xfb, 0x3a, 0x2d, 0x98, 0x08, 0x3b, 0xe7, 0x91, 0x05, 0x3b,
  0x2d, 0x11, 0x21, 0x3b, 0x90, 0x2c, 0xe9, 0x3a, 0x48, 0x58, 0x09, 0x3b,
  0xe8, 0x0f, 0x03, 0x3b, 0x9f, 0x7c, 0x08, 0x3b, 0xea, 0xaf, 0x18, 0x3b,
  0xa8, 0xf8, 0x07, 0x3b, 0x2e, 0x23, 0x04, 0x3b, 0x57, 0xe3, 0x0c, 0x3b,
  0xe9, 0x71, 0x0f, 0x3b, 0xd6, 0x1c, 0x00, 0x3b, 0x20, 0x3c, 0x38, 0x3b,
  0x6d, 0x83, 0x15, 0x3b, 0x6d, 0xb1, 0xfd, 0x3a, 0x3a, 0x60, 0x15, 0x3b,
  0xf5, 0xdf, 0x03, 0x3b, 0xc8, 0x99, 0x20, 0x3b, 0x6a, 0xcd, 0x1f, 0x3b,
  0x2b, 0x67, 0x05, 0x3b, 0xce, 0x03, 0x0c, 0x3b, 0x51, 0x26, 0x0c, 0x3b,
  0x86, 0xb2, 0xfd, 0x3a, 0xc8, 0xee, 0x04, 0x3b, 0x46, 0x93, 0x09, 0x3b,
  0x30, 0xad, 0x14, 0x3b, 0x55, 0xfd, 0xe5, 0x3a, 0x76, 0xb9, 0x0d, 0x3b,
  0x1f, 0x00, 0x00, 0x00, 0x47, 0x61, 0x69, 0x74, 0x43, 0x4e, 0x4e, 0x32,
  0x44, 0x5f, 0x31, 0x2f, 0x63, 0x6f, 0x6e, 0x76, 0x33, 0x5f, 0x31, 0x2f,
  0x63, 0x6f, 0x6e, 0x76, 0x6f, 0x6c, 0x75, 0x74, 0x69, 0x6f, 0x6e, 0x00,
  0x04, 0x00, 0x00, 0x00, 0x20, 0x00, 0x00, 0x00, 0x03, 0x00, 0x00, 0x00,
  0x01, 0x00, 0x00, 0x00, 0x20, 0x00, 0x00, 0x00, 0x06, 0xf8, 0xff, 0xff,
  0x00, 0x00, 0x00, 0x01, 0x14, 0x00, 0x00, 0x00, 0xa4, 0x01, 0x00, 0x00,
  0x09, 0x00, 0x00, 0x00, 0x00, 0x00, 0x00, 0x02, 0x10, 0x02, 0x00, 0x00,
  0x64, 0xf7, 0xff, 0xff, 0x08, 0x00, 0x00, 0x00, 0x08, 0x01, 0x00, 0x00,
  0x20, 0x00, 0x00, 0x00, 0x00, 0x00, 0x00, 0x00, 0x00, 0x00, 0x00, 0x00,
  0x00, 0x00, 0x00, 0x00, 0x00, 0x00, 0x00, 0x00, 0x00, 0x00, 0x00, 0x00,
  0x00, 0x00, 0x00, 0x00, 0x00, 0x00, 0x00, 0x00, 0x00, 0x00, 0x00, 0x00,
  0x00, 0x00, 0x00, 0x00, 0x00, 0x00, 0x00, 0x00, 0x00, 0x00, 0x00, 0x00,
  0x00, 0x00, 0x00, 0x00, 0x00, 0x00, 0x00, 0x00, 0x00, 0x00, 0x00, 0x00,
  0x00, 0x00, 0x00, 0x00, 0x00, 0x00, 0x00, 0x00, 0x00, 0x00, 0x00, 0x00,
  0x00, 0x00, 0x00, 0x00, 0x00, 0x00, 0x00, 0x00, 0x00, 0x00, 0x00, 0x00,
  0x00, 0x00, 0x00, 0x00, 0x00, 0x00, 0x00, 0x00, 0x00, 0x00, 0x00, 0x00,
  0x00, 0x00, 0x00, 0x00, 0x00, 0x00, 0x00, 0x00, 0x00, 0x00, 0x00, 0x00,
  0x00, 0x00, 0x00, 0x00, 0x00, 0x00, 0x00, 0x00, 0x00, 0x00, 0x00, 0x00,
  0x00, 0x00, 0x00, 0x00, 0x00, 0x00, 0x00, 0x00, 0x00, 0x00, 0x00, 0x00,
  0x00, 0x00, 0x00, 0x00, 0x00, 0x00, 0x00, 0x00, 0x00, 0x00, 0x00, 0x00,
  0x00, 0x00, 0x00, 0x00, 0x00, 0x00, 0x00, 0x00, 0x00, 0x00, 0x00, 0x00,
  0x00, 0x00, 0x00, 0x00, 0x00, 0x00, 0x00, 0x00, 0x00, 0x00, 0x00, 0x00,
  0x00, 0x00, 0x00, 0x00, 0x00, 0x00, 0x00, 0x00, 0x00, 0x00, 0x00, 0x00,
  0x00, 0x00, 0x00, 0x00, 0x00, 0x00, 0x00, 0x00, 0x00, 0x00, 0x00, 0x00,
  0x00, 0x00, 0x00, 0x00, 0x00, 0x00, 0x00, 0x00, 0x00, 0x00, 0x00, 0x00,
  0x00, 0x00, 0x00, 0x00, 0x00, 0x00, 0x00, 0x00, 0x00, 0x00, 0x00, 0x00,
  0x00, 0x00, 0x00, 0x00, 0x00, 0x00, 0x00, 0x00, 0x00, 0x00, 0x00, 0x00,
  0x00, 0x00, 0x00, 0x00, 0x00, 0x00, 0x00, 0x00, 0x00, 0x00, 0x00, 0x00,
  0x00, 0x00, 0x00, 0x00, 0x00, 0x00, 0x00, 0x00, 0x00, 0x00, 0x00, 0x00,
  0x00, 0x00, 0x00, 0x00, 0x00, 0x00, 0x00, 0x00, 0x20, 0x00, 0x00, 0x00,
  0xe5, 0xed, 0x8f, 0x39, 0x00, 0x1f, 0x6e, 0x39, 0xd2, 0xbf, 0x66, 0x39,
  0xf3, 0xf5, 0x7a, 0x39, 0x66, 0x67, 0x75, 0x39, 0x38, 0xf6, 0x93, 0x39,
  0xa6, 0x33, 0x56, 0x39, 0xe6, 0x56, 0x7c, 0x39, 0xe1, 0xcb, 0x70, 0x39,
  0x53, 0xc3, 0x7a, 0x39, 0x82, 0x43, 0x8c, 0x39, 0xde, 0xd0, 0x79, 0x39,
  0xa2, 0xc5, 0x72, 0x39, 0xb4, 0x6c, 0x81, 0x39, 0x04, 0xc6, 0x83, 0x39,
  0x9d, 0x60, 0x6b, 0x39, 0x98, 0x3e, 0xa9, 0x39, 0x21, 0x59, 0x89, 0x39,
  0x1c, 0x0d, 0x69, 0x39, 0xcb, 0x38, 0x89, 0x39, 0x20, 0x4a, 0x72, 0x39,
  0x8a, 0x88, 0x93, 0x39, 0xcd, 0xcc, 0x92, 0x39, 0xe2, 0x18, 0x75, 0x39,
  0x5b, 0x9f, 0x80, 0x39, 0x0f, 0xbf, 0x80, 0x39, 0x1f, 0x0e, 0x69, 0x39,
  0xb4, 0x3b, 0x74, 0x39, 0x48, 0xc3, 0x7c, 0x39, 0x52, 0x94, 0x88, 0x39,
  0xc0, 0x46, 0x53, 0x39, 0x67, 0x31, 0x82, 0x39, 0x70, 0x00, 0x00, 0x00,
  0x47, 0x61, 0x69, 0x74, 0x43, 0x4e, 0x4e, 0x32, 0x44, 0x5f, 0x31, 0x2f,
  0x63, 0x6f, 0x6e, 0x76, 0x33, 0x5f, 0x31, 0x2f, 0x52, 0x65, 0x6c, 0x75,
  0x3b, 0x47, 0x61, 0x69, 0x74, 0x43, 0x4e, 0x4e, 0x32, 0x44, 0x5f, 0x31,
  0x2f, 0x63, 0x6f, 0x6e, 0x76, 0x33, 0x5f, 0x31, 0x2f, 0x42, 0x69, 0x61,
  0x73, 0x41, 0x64, 0x64, 0x3b, 0x47, 0x61, 0x69, 0x74, 0x43, 0x4e, 0x4e,
  0x32, 0x44, 0x5f, 0x31, 0x2f, 0x63, 0x6f, 0x6e, 0x76, 0x33, 0x5f, 0x31,
  0x2f, 0x63, 0x6f, 0x6e, 0x76, 0x6f, 0x6c, 0x75, 0x74, 0x69, 0x6f, 0x6e,
  0x3b, 0x47, 0x61, 0x69, 0x74, 0x43, 0x4e, 0x4e, 0x32, 0x44, 0x5f, 0x31,
  0x2f, 0x63, 0x6f, 0x6e, 0x76, 0x33, 0x5f, 0x31, 0x2f, 0x53, 0x71, 0x75,
  0x65, 0x65, 0x7a, 0x65, 0x00, 0x00, 0x00, 0x00, 0x01, 0x00, 0x00, 0x00,
  0x20, 0x00, 0x00, 0x00, 0x36, 0xfa, 0xff, 0xff, 0x00, 0x00, 0x00, 0x01,
  0x14, 0x00, 0x00, 0x00, 0x30, 0x00, 0x00, 0x00, 0x08, 0x00, 0x00, 0x00,
  0x00, 0x00, 0x00, 0x09, 0x48, 0x00, 0x00, 0x00, 0x94, 0xf9, 0xff, 0xff,
  0x08, 0x00, 0x00, 0x00, 0x10, 0x00, 0x00, 0x00, 0x01, 0x00, 0x00, 0x00,
  0x80, 0xff, 0xff, 0xff, 0xff, 0xff, 0xff, 0xff, 0x01, 0x00, 0x00, 0x00,
  0x9e, 0xc0, 0x90, 0x3d, 0x1f, 0x00, 0x00, 0x00, 0x47, 0x61, 0x69, 0x74,
  0x43, 0x4e, 0x4e, 0x32, 0x44, 0x5f, 0x31, 0x2f, 0x62, 0x6e, 0x33, 0x5f,
  0x31, 0x2f, 0x62, 0x61, 0x74, 0x63, 0x68, 0x6e, 0x6f, 0x72, 0x6d, 0x2f,
  0x6d, 0x75, 0x6c, 0x00, 0x01, 0x00, 0x00, 0x00, 0x20, 0x00, 0x00, 0x00,
  0x9e, 0xfa, 0xff, 0xff, 0x00, 0x00, 0x00, 0x01, 0x14, 0x00, 0x00, 0x00,
  0x30, 0x00, 0x00, 0x00, 0x07, 0x00, 0x00, 0x00, 0x00, 0x00, 0x00, 0x09,
  0x48, 0x00, 0x00, 0x00, 0xfc, 0xf9, 0xff, 0xff, 0x08, 0x00, 0x00, 0x00,
  0x10, 0x00, 0x00, 0x00, 0x01, 0x00, 0x00, 0x00, 0x7f, 0x00, 0x00, 0x00,
  0x00, 0x00, 0x00, 0x00, 0x01, 0x00, 0x00, 0x00, 0xd3, 0x0c, 0x61, 0x3b,
  0x1f, 0x00, 0x00, 0x00, 0x47, 0x61, 0x69, 0x74, 0x43, 0x4e, 0x4e, 0x32,
  0x44, 0x5f, 0x31, 0x2f, 0x62, 0x6e, 0x33, 0x5f, 0x31, 0x2f, 0x62, 0x61,
  0x74, 0x63, 0x68, 0x6e, 0x6f, 0x72, 0x6d, 0x2f, 0x73, 0x75, 0x62, 0x00,
  0x01, 0x00, 0x00, 0x00, 0x20, 0x00, 0x00, 0x00, 0x06, 0xfb, 0xff, 0xff,
  0x00, 0x00, 0x00, 0x01, 0x14, 0x00, 0x00, 0x00, 0xa8, 0x01, 0x00, 0x00,
  0x06, 0x00, 0x00, 0x00, 0x00, 0x00, 0x00, 0x09, 0xbc, 0x01, 0x00, 0x00,
  0x64, 0xfa, 0xff, 0xff, 0x08, 0x00, 0x00, 0x00, 0x0c, 0x01, 0x00, 0x00,
  0x20, 0x00, 0x00, 0x00, 0x00, 0x00, 0x00, 0x00, 0x00, 0x00, 0x00, 0x00,
  0x00, 0x00, 0x00, 0x00, 0x00, 0x00, 0x00, 0x00, 0x00, 0x00, 0x00, 0x00,
  0x00, 0x00, 0x00, 0x00, 0x00, 0x00, 0x00, 0x00, 0x00, 0x00, 0x00, 0x00,
  0x00, 0x00, 0x00, 0x00, 0x00, 0x00, 0x00, 0x00, 0x00, 0x00, 0x00, 0x00,
  0x00, 0x00, 0x00, 0x00, 0x00, 0x00, 0x00, 0x00, 0x00, 0x00, 0x00, 0x00,
  0x00, 0x00, 0x00, 0x00, 0x00, 0x00, 0x00, 0x00, 0x00, 0x00, 0x00, 0x00,
  0x00, 0x00, 0x00, 0x00, 0x00, 0x00, 0x00, 0x00, 0x00, 0x00, 0x00, 0x00,
  0x00, 0x00, 0x00, 0x00, 0x00, 0x00, 0x00, 0x00, 0x00, 0x00, 0x00, 0x00,
  0x00, 0x00, 0x00, 0x00, 0x00, 0x00, 0x00, 0x00, 0x00, 0x00, 0x00, 0x00,
  0x00, 0x00, 0x00, 0x00, 0x00, 0x00, 0x00, 0x00, 0x00, 0x00, 0x00, 0x00,
  0x00, 0x00, 0x00, 0x00, 0x00, 0x00, 0x00, 0x00, 0x00, 0x00, 0x00, 0x00,
  0x00, 0x00, 0x00, 0x00, 0x00, 0x00, 0x00, 0x00, 0x00, 0x00, 0x00, 0x00,
  0x00, 0x00, 0x00, 0x00, 0x00, 0x00, 0x00, 0x00, 0x00, 0x00, 0x00, 0x00,
  0x00, 0x00, 0x00, 0x00, 0x00, 0x00, 0x00, 0x00, 0x00, 0x00, 0x00, 0x00,
  0x00, 0x00, 0x00, 0x00, 0x00, 0x00, 0x00, 0x00, 0x00, 0x00, 0x00, 0x00,
  0x00, 0x00, 0x00, 0x00, 0x00, 0x00, 0x00, 0x00, 0x00, 0x00, 0x00, 0x00,
  0x00, 0x00, 0x00, 0x00, 0x00, 0x00, 0x00, 0x00, 0x00, 0x00, 0x00, 0x00,
  0x00, 0x00, 0x00, 0x00, 0x00, 0x00, 0x00, 0x00, 0x00, 0x00, 0x00, 0x00,
  0x00, 0x00, 0x00, 0x00, 0x00, 0x00, 0x00, 0x00, 0x00, 0x00, 0x00, 0x00,
  0x00, 0x00, 0x00, 0x00, 0x00, 0x00, 0x00, 0x00, 0x00, 0x00, 0x00, 0x00,
  0x00, 0x00, 0x00, 0x00, 0x00, 0x00, 0x00, 0x00, 0x00, 0x00, 0x00, 0x00,
  0x00, 0x00, 0x00, 0x00, 0x00, 0x00, 0x00, 0x00, 0x00, 0x00, 0x00, 0x00,
  0x20, 0x00, 0x00, 0x00, 0x67, 0xaf, 0x9e, 0x3b, 0xb1, 0x58, 0x8a, 0x3b,
  0x4c, 0xa6, 0xba, 0x3b, 0x79, 0xff, 0x7f, 0x3b, 0x49, 0x42, 0x7e, 0x3b,
  0x3d, 0xe6, 0x80, 0x3b, 0x1c, 0x14, 0x4c, 0x3b, 0xaf, 0x81, 0xd1, 0x3b,
  0xb3, 0xe7, 0x6b, 0x3b, 0x9b, 0xb6, 0x47, 0x3b, 0x08, 0xba, 0x9d, 0x3b,
  0xb3, 0x1c, 0x93, 0x3b, 0xc9, 0x04, 0xac, 0x3b, 0xcd, 0x49, 0x76, 0x3b,
  0x75, 0x2b, 0x80, 0x3b, 0x8f, 0xa7, 0xa6, 0x3b, 0x7b, 0xac, 0x9a, 0x3b,
  0xd9, 0x73, 0x82, 0x3b, 0xd8, 0x7b, 0x8c, 0x3b, 0xea, 0xfe, 0xb7, 0x3b,
  0x21, 0x02, 0x31, 0x3b, 0x08, 0x04, 0x92, 0x3b, 0xbb, 0x2a, 0x87, 0x3b,
  0x64, 0x9a, 0x9e, 0x3b, 0xce, 0xa5, 0x8e, 0x3b, 0xb2, 0x05, 0x97, 0x3b,
  0x03, 0xca, 0x67, 0x3b, 0x29, 0x68, 0x84, 0x3b, 0x18, 0x3a, 0x67, 0x3b,
  0x6c, 0xc5, 0xa1, 0x3b, 0x51, 0x47, 0x96, 0x3b, 0x2d, 0x8c, 0x76, 0x3b,
  0x18, 0x00, 0x00, 0x00, 0x47, 0x61, 0x69, 0x74, 0x43, 0x4e, 0x4e, 0x32,
  0x44, 0x5f, 0x31, 0x2f, 0x66, 0x63, 0x31, 0x5f, 0x31, 0x2f, 0x4d, 0x61,
  0x74, 0x4d, 0x75, 0x6c, 0x00, 0x00, 0x00, 0x00, 0x02, 0x00, 0x00, 0x00,
  0x20, 0x00, 0x00, 0x00, 0x20, 0x00, 0x00, 0x00, 0xe6, 0xfc, 0xff, 0xff,
  0x00, 0x00, 0x00, 0x01, 0x14, 0x00, 0x00, 0x00, 0xa4, 0x01, 0x00, 0x00,
  0x05, 0x00, 0x00, 0x00, 0x00, 0x00, 0x00, 0x02, 0xd0, 0x01, 0x00, 0x00,
  0x44, 0xfc, 0xff, 0xff, 0x08, 0x00, 0x00, 0x00, 0x08, 0x01, 0x00, 0x00,
  0x20, 0x00, 0x00, 0x00, 0x00, 0x00, 0x00, 0x00, 0x00, 0x00, 0x00, 0x00,
  0x00, 0x00, 0x00, 0x00, 0x00, 0x00, 0x00, 0x00, 0x00, 0x00, 0x00, 0x00,
  0x00, 0x00, 0x00, 0x00, 0x00, 0x00, 0x00, 0x00, 0x00, 0x00, 0x00, 0x00,
  0x00, 0x00, 0x00, 0x00, 0x00, 0x00, 0x00, 0x00, 0x00, 0x00, 0x00, 0x00,
  0x00, 0x00, 0x00, 0x00, 0x00, 0x00, 0x00, 0x00, 0x00, 0x00, 0x00, 0x00,
  0x00, 0x00, 0x00, 0x00, 0x00, 0x00, 0x00, 0x00, 0x00, 0x00, 0x00, 0x00,
  0x00, 0x00, 0x00, 0x00, 0x00, 0x00, 0x00, 0x00, 0x00, 0x00, 0x00, 0x00,
  0x00, 0x00, 0x00, 0x00, 0x00, 0x00, 0x00, 0x00, 0x00, 0x00, 0x00, 0x00,
  0x00, 0x00, 0x00, 0x00, 0x00, 0x00, 0x00, 0x00, 0x00, 0x00, 0x00, 0x00,
  0x00, 0x00, 0x00, 0x00, 0x00, 0x00, 0x00, 0x00, 0x00, 0x00, 0x00, 0x00,
  0x00, 0x00, 0x00, 0x00, 0x00, 0x00, 0x00, 0x00, 0x00, 0x00, 0x00, 0x00,
  0x00, 0x00, 0x00, 0x00, 0x00, 0x00, 0x00, 0x00, 0x00, 0x00, 0x00, 0x00,
  0x00, 0x00, 0x00, 0x00, 0x00, 0x00, 0x00, 0x00, 0x00, 0x00, 0x00, 0x00,
  0x00, 0x00, 0x00, 0x00, 0x00, 0x00, 0x00, 0x00, 0x00, 0x00, 0x00, 0x00,
  0x00, 0x00, 0x00, 0x00, 0x00, 0x00, 0x00, 0x00, 0x00, 0x00, 0x00, 0x00,
  0x00, 0x00, 0x00, 0x00, 0x00, 0x00, 0x00, 0x00, 0x00, 0x00, 0x00, 0x00,
  0x00, 0x00, 0x00, 0x00, 0x00, 0x00, 0x00, 0x00, 0x00, 0x00, 0x00, 0x00,
  0x00, 0x00, 0x00, 0x00, 0x00, 0x00, 0x00, 0x00, 0x00, 0x00, 0x00, 0x00,
  0x00, 0x00, 0x00, 0x00, 0x00, 0x00, 0x00, 0x00, 0x00, 0x00, 0x00, 0x00,
  0x00, 0x00, 0x00, 0x00, 0x00, 0x00, 0x00, 0x00, 0x00, 0x00, 0x00, 0x00,
  0x00, 0x00, 0x00, 0x00, 0x00, 0x00, 0x00, 0x00, 0x00, 0x00, 0x00, 0x00,
  0x00, 0x00, 0x00, 0x00, 0x00, 0x00, 0x00, 0x00, 0x20, 0x00, 0x00, 0x00,
  0xc0, 0x0d, 0xb1, 0x37, 0x56, 0x5c, 0x9a, 0x37, 0x51, 0x41, 0xd0, 0x37,
  0xc1, 0xd0, 0x8e, 0x37, 0x65, 0xd8, 0x8d, 0x37, 0xf0, 0xd1, 0x8f, 0x37,
  0x9b, 0xb3, 0x63, 0x37, 0x08, 0xc2, 0xe9, 0x37, 0x29, 0x9b, 0x83, 0x37,
  0xbf, 0xd4, 0x5e, 0x37, 0xf9, 0xfb, 0xaf, 0x37, 0x19, 0x24, 0xa4, 0x37,
  0x3f, 0xee, 0xbf, 0x37, 0x0e, 0x66, 0x89, 0x37, 0x89, 0x01, 0x8f, 0x37,
  0x10, 0xf2, 0xb9, 0x37, 0xf5, 0x93, 0xac, 0x37, 0x92, 0x8d, 0x91, 0x37,
  0xd3, 0xbe, 0x9c, 0x37, 0x4b, 0x4b, 0xcd, 0x37, 0x73, 0x7f, 0x45, 0x37,
  0xf1, 0xea, 0xa2, 0x37, 0x28, 0xd0, 0x96, 0x37, 0x4e, 0xf6, 0xb0, 0x37,
  0xe9, 0x28, 0x9f, 0x37, 0xf7, 0x80, 0xa8, 0x37, 0x54, 0x4f, 0x81, 0x37,
  0xcc, 0xbb, 0x93, 0x37, 0x0b, 0xff, 0x80, 0x37, 0x37, 0x7f, 0xb4, 0x37,
  0x8c, 0xac, 0xa7, 0x37, 0x15, 0x8b, 0x89, 0x37, 0x30, 0x00, 0x00, 0x00,
  0x47, 0x61, 0x69, 0x74, 0x43, 0x4e, 0x4e, 0x32, 0x44, 0x5f, 0x31, 0x2f,
  0x66, 0x63, 0x31, 0x5f, 0x31, 0x2f, 0x52, 0x65, 0x6c, 0x75, 0x3b, 0x47,
  0x61, 0x69, 0x74, 0x43, 0x4e, 0x4e, 0x32, 0x44, 0x5f, 0x31, 0x2f, 0x66,
  0x63, 0x31, 0x5f, 0x31, 0x2f, 0x42, 0x69, 0x61, 0x73, 0x41, 0x64, 0x64,
  0x00, 0x00, 0x00, 0x00, 0x01, 0x00, 0x00, 0x00, 0x20, 0x00, 0x00, 0x00,
  0xd6, 0xfe, 0xff, 0xff, 0x00, 0x00, 0x00, 0x01, 0x14, 0x00, 0x00, 0x00,
  0x58, 0x00, 0x00, 0x00, 0x04, 0x00, 0x00, 0x00, 0x00, 0x00, 0x00, 0x09,
  0x74, 0x00, 0x00, 0x00, 0x34, 0xfe, 0xff, 0xff, 0x08, 0x00, 0x00, 0x00,
  0x2c, 0x00, 0x00, 0x00, 0x04, 0x00, 0x00, 0x00, 0x00, 0x00, 0x00, 0x00,
  0x00, 0x00, 0x00, 0x00, 0x00, 0x00, 0x00, 0x00, 0x00, 0x00, 0x00, 0x00,
  0x00, 0x00, 0x00, 0x00, 0x00, 0x00, 0x00, 0x00, 0x00, 0x00, 0x00, 0x00,
  0x00, 0x00, 0x00, 0x00, 0x00, 0x00, 0x00, 0x00, 0x04, 0x00, 0x00, 0x00,
  0x29, 0x8f, 0xda, 0x3b, 0x50, 0x2e, 0xe3, 0x3b, 0xdb, 0x96, 0xb2, 0x3b,
  0xc8, 0xb5, 0x8c, 0x3b, 0x20, 0x00, 0x00, 0x00, 0x47, 0x61, 0x69, 0x74,
  0x43, 0x4e, 0x4e, 0x32, 0x44, 0x5f, 0x31, 0x2f, 0x70, 0x72, 0x65, 0x64,
  0x69, 0x63, 0x74, 0x69, 0x6f, 0x6e, 0x73, 0x5f, 0x31, 0x2f, 0x4d, 0x61,
  0x74, 0x4d, 0x75, 0x6c, 0x00, 0x00, 0x00, 0x00, 0x02, 0x00, 0x00, 0x00,
  0x04, 0x00, 0x00, 0x00, 0x20, 0x00, 0x00, 0x00, 0x6e, 0xff, 0xff, 0xff,
  0x00, 0x00, 0x00, 0x01, 0x14, 0x00, 0x00, 0x00, 0x54, 0x00, 0x00, 0x00,
  0x03, 0x00, 0x00, 0x00, 0x00, 0x00, 0x00, 0x02, 0x70, 0x00, 0x00, 0x00,
  0xcc, 0xfe, 0xff, 0xff, 0x08, 0x00, 0x00, 0x00, 0x28, 0x00, 0x00, 0x00,
  0x04, 0x00, 0x00, 0x00, 0x00, 0x00, 0x00, 0x00, 0x00, 0x00, 0x00, 0x00,
  0x00, 0x00, 0x00, 0x00, 0x00, 0x00, 0x00, 0x00, 0x00, 0x00, 0x00, 0x00,
  0x00, 0x00, 0x00, 0x00, 0x00, 0x00, 0x00, 0x00, 0x00, 0x00, 0x00, 0x00,
  0x04, 0x00, 0x00, 0x00, 0x73, 0xb3, 0xe5, 0x37, 0x1e, 0xc3, 0xee, 0x37,
  0x85, 0xb1, 0xbb, 0x37, 0x1b, 0xe2, 0x93, 0x37, 0x21, 0x00, 0x00, 0x00,
  0x47, 0x61, 0x69, 0x74, 0x43, 0x4e, 0x4e, 0x32, 0x44, 0x5f, 0x31, 0x2f,
  0x70, 0x72, 0x65, 0x64, 0x69, 0x63, 0x74, 0x69, 0x6f, 0x6e, 0x73, 0x5f,
  0x31, 0x2f, 0x42, 0x69, 0x61, 0x73, 0x41, 0x64, 0x64, 0x00, 0x00, 0x00,
  0x01, 0x00, 0x00, 0x00, 0x04, 0x00, 0x00, 0x00, 0x00, 0x00, 0x16, 0x00,
  0x1c, 0x00, 0x18, 0x00, 0x17, 0x00, 0x10, 0x00, 0x0c, 0x00, 0x08, 0x00,
  0x00, 0x00, 0x00, 0x00, 0x00, 0x00, 0x07, 0x00, 0x16, 0x00, 0x00, 0x00,
  0x00, 0x00, 0x00, 0x01, 0x18, 0x00, 0x00, 0x00, 0x18, 0x00, 0x00, 0x00,
  0x02, 0x00, 0x00, 0x00, 0x00, 0x00, 0x00, 0x02, 0x3c, 0x00, 0x00, 0x00,
  0x04, 0x00, 0x04, 0x00, 0x04, 0x00, 0x00, 0x00, 0x28, 0x00, 0x00, 0x00,
  0x47, 0x61, 0x69, 0x74, 0x43, 0x4e, 0x4e, 0x32, 0x44, 0x5f, 0x31, 0x2f,
  0x67, 0x61, 0x70, 0x5f, 0x31, 0x2f, 0x4d, 0x65, 0x61, 0x6e, 0x2f, 0x72,
  0x65, 0x64, 0x75, 0x63, 0x74, 0x69, 0x6f, 0x6e, 0x5f, 0x69, 0x6e, 0x64,
  0x69, 0x63, 0x65, 0x73, 0x00, 0x00, 0x00, 0x00, 0x01, 0x00, 0x00, 0x00,
  0x02, 0x00, 0x00, 0x00, 0x00, 0x00, 0x16, 0x00, 0x20, 0x00, 0x1c, 0x00,
  0x1b, 0x00, 0x14, 0x00, 0x10, 0x00, 0x0c, 0x00, 0x00, 0x00, 0x00, 0x00,
  0x08, 0x00, 0x07, 0x00, 0x16, 0x00, 0x00, 0x00, 0x00, 0x00, 0x00, 0x01,
  0x18, 0x00, 0x00, 0x00, 0x34, 0x00, 0x00, 0x00, 0x50, 0x00, 0x00, 0x00,
  0x01, 0x00, 0x00, 0x00, 0x00, 0x00, 0x00, 0x09, 0x64, 0x00, 0x00, 0x00,
  0x04, 0x00, 0x00, 0x00, 0xff, 0xff, 0xff, 0xff, 0x78, 0x00, 0x00, 0x00,
  0x0c, 0x00, 0x00, 0x00, 0x01, 0x00, 0x00, 0x00, 0x0c, 0x00, 0x0c, 0x00,
  0x00, 0x00, 0x00, 0x00, 0x08, 0x00, 0x04, 0x00, 0x0c, 0x00, 0x00, 0x00,
  0x08, 0x00, 0x00, 0x00, 0x10, 0x00, 0x00, 0x00, 0x01, 0x00, 0x00, 0x00,
  0xdc, 0xff, 0xff, 0xff, 0xff, 0xff, 0xff, 0xff, 0x01, 0x00, 0x00, 0x00,
  0x30, 0x81, 0x89, 0x3d, 0x1b, 0x00, 0x00, 0x00, 0x73, 0x65, 0x72, 0x76,
  0x69, 0x6e, 0x67, 0x5f, 0x64, 0x65, 0x66, 0x61, 0x75, 0x6c, 0x74, 0x5f,
  0x69, 0x6d, 0x75, 0x5f, 0x69, 0x6d, 0x61, 0x67, 0x65, 0x3a, 0x30, 0x00,
  0x04, 0x00, 0x00, 0x00, 0x01, 0x00, 0x00, 0x00, 0x78, 0x00, 0x00, 0x00,
  0x0c, 0x00, 0x00, 0x00, 0x01, 0x00, 0x00, 0x00, 0x06, 0x00, 0x00, 0x00,
  0x80, 0x00, 0x00, 0x00, 0x60, 0x00, 0x00, 0x00, 0x54, 0x00, 0x00, 0x00,
  0x38, 0x00, 0x00, 0x00, 0x18, 0x00, 0x00, 0x00, 0x04, 0x00, 0x00, 0x00,
  0xa4, 0xff, 0xff, 0xff, 0x19, 0x00, 0x00, 0x00, 0x02, 0x00, 0x00, 0x00,
  0x00, 0x00, 0x00, 0x19, 0xb4, 0xff, 0xff, 0xff, 0x09, 0x00, 0x00, 0x00,
  0x04, 0x00, 0x00, 0x00, 0x00, 0x00, 0x00, 0x09, 0x0c, 0x00, 0x0e, 0x00,
  0x0d, 0x00, 0x00, 0x00, 0x08, 0x00, 0x04, 0x00, 0x0c, 0x00, 0x00, 0x00,
  0x28, 0x00, 0x00, 0x00, 0x02, 0x00, 0x00, 0x00, 0x00, 0x28, 0x0a, 0x00,
  0x08, 0x00, 0x00, 0x00, 0x00, 0x00, 0x04, 0x00, 0x0a, 0x00, 0x00, 0x00,
  0x02, 0x00, 0x00, 0x00, 0xf0, 0xff, 0xff, 0xff, 0x12, 0x00, 0x00, 0x00,
  0x02, 0x00, 0x00, 0x00, 0x00, 0x00, 0x00, 0x12, 0x0c, 0x00, 0x10, 0x00,
  0x0f, 0x00, 0x00, 0x00, 0x08, 0x00, 0x04, 0x00, 0x0c, 0x00, 0x00, 0x00,
  0x03, 0x00, 0x00, 0x00, 0x03, 0x00, 0x00, 0x00, 0x00, 0x00, 0x00, 0x03,
};
const unsigned int gait_model_len = 18744;
