// Auto-generated by FusionGait training pipeline
// Model: gait_2s_int8.tflite
// Size : 18744 bytes (18.3 KB)
#ifndef GAIT_MODEL_H
#define GAIT_MODEL_H

const unsigned char gait_model[] = {
  0x1c, 0x00, 0x00, 0x00, 0x54, 0x46, 0x4c, 0x33, 0x14, 0x00, 0x20, 0x00,
  0x1c, 0x00, 0x18, 0x00, 0x14, 0x00, 0x10, 0x00, 0x0c, 0x00, 0x00, 0x00,
  0x08, 0x00, 0x04, 0x00, 0x14, 0x00, 0x00, 0x00, 0x1c, 0x00, 0x00, 0x00,
  0x94, 0x00, 0x00, 0x00, 0xec, 0x00, 0x00, 0x00, 0xec, 0x28, 0x00, 0x00,
  0xfc, 0x28, 0x00, 0x00, 0x70, 0x48, 0x00, 0x00, 0x03, 0x00, 0x00, 0x00,
  0x01, 0x00, 0x00, 0x00, 0x10, 0x00, 0x00, 0x00, 0x00, 0x00, 0x0a, 0x00,
  0x10, 0x00, 0x0c, 0x00, 0x08, 0x00, 0x04, 0x00, 0x0a, 0x00, 0x00, 0x00,
  0x0c, 0x00, 0x00, 0x00, 0x1c, 0x00, 0x00, 0x00, 0x3c, 0x00, 0x00, 0x00,
  0x0f, 0x00, 0x00, 0x00, 0x73, 0x65, 0x72, 0x76, 0x69, 0x6e, 0x67, 0x5f,
  0x64, 0x65, 0x66, 0x61, 0x75, 0x6c, 0x74, 0x00, 0x01, 0x00, 0x00, 0x00,
  0x04, 0x00, 0x00, 0x00, 0x94, 0xff, 0xff, 0xff, 0x1e, 0x00, 0x00, 0x00,
  0x04, 0x00, 0x00, 0x00, 0x08, 0x00, 0x00, 0x00, 0x6f, 0x75, 0x74, 0x70,
  0x75, 0x74, 0x5f, 0x30, 0x00, 0x00, 0x00, 0x00, 0x01, 0x00, 0x00, 0x00,
  0x04, 0x00, 0x00, 0x00, 0xe6, 0xd6, 0xff, 0xff, 0x04, 0x00, 0x00, 0x00,
  0x09, 0x00, 0x00, 0x00, 0x69, 0x6d, 0x75, 0x5f, 0x69, 0x6d, 0x61, 0x67,
  0x65, 0x00, 0x00, 0x00, 0x02, 0x00, 0x00, 0x00, 0x34, 0x00, 0x00, 0x00,
  0x04, 0x00, 0x00, 0x00, 0xdc, 0xff, 0xff, 0xff, 0x21, 0x00, 0x00, 0x00,
  0x04, 0x00, 0x00, 0x00, 0x13, 0x00, 0x00, 0x00, 0x43, 0x4f, 0x4e, 0x56,
  0x45, 0x52, 0x53, 0x49, 0x4f, 0x4e, 0x5f, 0x4d, 0x45, 0x54, 0x41, 0x44,
  0x41, 0x54, 0x41, 0x00, 0x08, 0x00, 0x0c, 0x00, 0x08, 0x00, 0x04, 0x00,
  0x08, 0x00, 0x00, 0x00, 0x20, 0x00, 0x00, 0x00, 0x04, 0x00, 0x00, 0x00,
  0x13, 0x00, 0x00, 0x00, 0x6d, 0x69, 0x6e, 0x5f, 0x72, 0x75, 0x6e, 0x74,
  0x69, 0x6d, 0x65, 0x5f, 0x76, 0x65, 0x72, 0x73, 0x69, 0x6f, 0x6e, 0x00,
  0x22, 0x00, 0x00, 0x00, 0xfc, 0x27, 0x00, 0x00, 0xf4, 0x27, 0x00, 0x00,
  0xdc, 0x27, 0x00, 0x00, 0xbc, 0x27, 0x00, 0x00, 0x2c, 0x27, 0x00, 0x00,
  0x9c, 0x26, 0x00, 0x00, 0x8c, 0x22, 0x00, 0x00, 0x5c, 0x22, 0x00, 0x00,
  0x2c, 0x22, 0x00, 0x00, 0x9c, 0x21, 0x00, 0x00, 0x8c, 0x15, 0x00, 0x00,
  0x5c, 0x15, 0x00, 0x00, 0x2c, 0x15, 0x00, 0x00, 0x9c, 0x14, 0x00, 0x00,
  0x8c, 0x02, 0x00, 0x00, 0x6c, 0x02, 0x00, 0x00, 0x4c, 0x02, 0x00, 0x00,
  0xfc, 0x01, 0x00, 0x00, 0xfc, 0x00, 0x00, 0x00, 0xf4, 0x00, 0x00, 0x00,
  0xec, 0x00, 0x00, 0x00, 0xe4, 0x00, 0x00, 0x00, 0xdc, 0x00, 0x00, 0x00,
  0xd4, 0x00, 0x00, 0x00, 0xcc, 0x00, 0x00, 0x00, 0xc4, 0x00, 0x00, 0x00,
  0xbc, 0x00, 0x00, 0x00, 0xb4, 0x00, 0x00, 0x00, 0xac, 0x00, 0x00, 0x00,
  0xa4, 0x00, 0x00, 0x00, 0x9c, 0x00, 0x00, 0x00, 0x94, 0x00, 0x00, 0x00,
  0x74, 0x00, 0x00, 0x00, 0x04, 0x00, 0x00, 0x00, 0xe6, 0xd7, 0xff, 0xff,
  0x04, 0x00, 0x00, 0x00, 0x60, 0x00, 0x00, 0x00, 0x0c, 0x00, 0x00, 0x00,
  0x08, 0x00, 0x0e, 0x00, 0x08, 0x00, 0x04, 0x00, 0x08, 0x00, 0x00, 0x00,
  0x10, 0x00, 0x00, 0x00, 0x28, 0x00, 0x00, 0x00, 0x00, 0x00, 0x06, 0x00,
  0x08, 0x00, 0x04, 0x00, 0x06, 0x00, 0x00, 0x00, 0x04, 0x00, 0x00, 0x00,
  0x01, 0x00, 0x00, 0x00, 0xeb, 0x03, 0x00, 0x00, 0x0c, 0x00, 0x18, 0x00,
  0x14, 0x00, 0x10, 0x00, 0x0c, 0x00, 0x04, 0x00, 0x0c, 0x00, 0x00, 0x00,
  0x3a, 0x3b, 0x09, 0x04, 0x1d, 0x3d, 0x25, 0xe0, 0x02, 0x00, 0x00, 0x00,
  0x02, 0x00, 0x00, 0x00, 0x04, 0x00, 0x00, 0x00, 0x06, 0x00, 0x00, 0x00,
  0x32, 0x2e, 0x32, 0x31, 0x2e, 0x30, 0x00, 0x00, 0x52, 0xd8, 0xff, 0xff,
  0x04, 0x00, 0x00, 0x00, 0x10, 0x00, 0x00, 0x00, 0x31, 0x2e, 0x31, 0x34,
  0x2e, 0x30, 0x00, 0x00, 0x00, 0x00, 0x00, 0x00, 0x00, 0x00, 0x00, 0x00,
  0x70, 0xba, 0xff, 0xff, 0x74, 0xba, 0xff, 0xff, 0x78, 0xba, 0xff, 0xff,
  0x7c, 0xba, 0xff, 0xff, 0x80, 0xba, 0xff, 0xff, 0x84, 0xba, 0xff, 0xff,
  0x88, 0xba, 0xff, 0xff, 0x8c, 0xba, 0xff, 0xff, 0x90, 0xba, 0xff, 0xff,
  0x94, 0xba, 0xff, 0xff, 0x98, 0xba, 0xff, 0xff, 0x9c, 0xba, 0xff, 0xff,
  0xa0, 0xba, 0xff, 0xff, 0xa2, 0xd8, 0xff, 0xff, 0x04, 0x00, 0x00, 0x00,
  0xf0, 0x00, 0x00, 0x00, 0x59, 0x81, 0xb4, 0xaa, 0xcd, 0xb3, 0x47, 0xfc,
  0x1b, 0x41, 0x30, 0xee, 0x08, 0x21, 0xcd, 0x46, 0xa2, 0x02, 0x51, 0x2d,
  0x7f, 0x5a, 0x44, 0xdd, 0xfc, 0x13, 0xe3, 0x10, 0x63, 0x0e, 0xf2, 0x02,
  0xca, 0x1e, 0xd5, 0xac, 0xe2, 0xf7, 0x5a, 0x12, 0x99, 0x57, 0x7f, 0xe9,
  0x48, 0x7c, 0xa8, 0xa9, 0xfb, 0xfa, 0xe0, 0x81, 0xda, 0xe4, 0x78, 0x4c,
  0xb3, 0x7a, 0x99, 0x29, 0x81, 0xae, 0x24, 0x96, 0x3f, 0xe2, 0x5a, 0x42,
  0x1e, 0xfa, 0x5f, 0xee, 0x00, 0xd7, 0xe2, 0x23, 0x73, 0xb9, 0xa4, 0x4f,
  0xc1, 0x51, 0x9d, 0x1e, 0xf0, 0x81, 0x78, 0xe9, 0x31, 0xac, 0x77, 0x51,
  0x1f, 0x46, 0x1e, 0x40, 0xfe, 0xb4, 0xc5, 0x05, 0x44, 0x81, 0x21, 0xba,
  0x9f, 0xa0, 0xc9, 0x4e, 0x58, 0x56, 0x70, 0xb2, 0xca, 0xb8, 0x7f, 0xfe,
  0xac, 0x24, 0xc0, 0xfc, 0x05, 0x36, 0x81, 0xee, 0x3f, 0x0d, 0xb9, 0x02,
  0xff, 0xa6, 0x3a, 0xcd, 0xab, 0x02, 0x09, 0x28, 0x98, 0x05, 0xe4, 0xb2,
  0x0e, 0x37, 0x81, 0x21, 0xf6, 0xb9, 0x02, 0xfc, 0xe3, 0xf4, 0xd6, 0xd0,
  0xd1, 0xa9, 0x0e, 0x04, 0x81, 0xa3, 0x54, 0xc5, 0xce, 0x06, 0x02, 0x1c,
  0x32, 0xfb, 0x07, 0xdc, 0xa5, 0x9d, 0x2d, 0xee, 0x61, 0xa6, 0x81, 0xf6,
  0x9a, 0x11, 0xb4, 0xa8, 0x7f, 0x16, 0x52, 0x3f, 0x5e, 0x01, 0x4c, 0x58,
  0xc0, 0x3a, 0x12, 0xef, 0xd1, 0x1e, 0xe7, 0x0d, 0xae, 0xd5, 0x56, 0x30,
  0x9c, 0xce, 0xb7, 0x87, 0x94, 0x0d, 0xb1, 0x81, 0xd5, 0x27, 0x13, 0xb7,
  0x3b, 0xf5, 0x0c, 0x7f, 0xdf, 0x52, 0x1d, 0x43, 0xe4, 0x20, 0x95, 0x35,
  0xb1, 0x62, 0x53, 0xbc, 0x36, 0xc2, 0xdd, 0x2c, 0xb3, 0x4c, 0x69, 0x41,
  0xa2, 0x12, 0x81, 0x12, 0x9e, 0xd9, 0xff, 0xff, 0x04, 0x00, 0x00, 0x00,
  0x40, 0x00, 0x00, 0x00, 0x70, 0xff, 0xff, 0xff, 0x73, 0xfb, 0xff, 0xff,
  0x6e, 0x00, 0x00, 0x00, 0x2b, 0xfd, 0xff, 0xff, 0x81, 0x00, 0x00, 0x00,
  0x9b, 0xff, 0xff, 0xff, 0x2e, 0xfe, 0xff, 0xff, 0x71, 0xff, 0xff, 0xff,
  0xee, 0xfd, 0xff, 0xff, 0x78, 0x00, 0x00, 0x00, 0xa2, 0xfd, 0xff, 0xff,
  0xb5, 0xfd, 0xff, 0xff, 0x00, 0x00, 0x00, 0x00, 0x9e, 0x01, 0x00, 0x00,
  0xf5, 0xfd, 0xff, 0xff, 0x3a, 0xfc, 0xff, 0xff, 0xea, 0xd9, 0xff, 0xff,
  0x04, 0x00, 0x00, 0x00, 0x10, 0x00, 0x00, 0x00, 0x15, 0x03, 0x18, 0x00,
  0x0a, 0x7f, 0x04, 0x61, 0xf6, 0xd5, 0xf3, 0x03, 0xce, 0xfe, 0x36, 0xf3,
  0x06, 0xda, 0xff, 0xff, 0x04, 0x00, 0x00, 0x00, 0x10, 0x00, 0x00, 0x00,
  0x9a, 0xf4, 0xa3, 0xc1, 0xbb, 0xcc, 0xbe, 0xfd, 0x80, 0xc1, 0xba, 0xbb,
  0xa8, 0xb7, 0xd7, 0xcd, 0x22, 0xda, 0xff, 0xff, 0x04, 0x00, 0x00, 0x00,
  0x00, 0x12, 0x00, 0x00, 0x52, 0x46, 0x14, 0x26, 0xe1, 0x9d, 0xd5, 0xb1,
  0x7c, 0x0f, 0xf9, 0xf2, 0x2e, 0x04, 0x02, 0x19, 0xb7, 0x4e, 0x42, 0xe3,
  0xc7, 0x14, 0xcf, 0xd6, 0x00, 0x12, 0xc3, 0xe4, 0xc9, 0xf3, 0x14, 0x15,
  0xc7, 0x36, 0xce, 0x93, 0xac, 0xca, 0xc3, 0xcb, 0x88, 0xbe, 0x0c, 0x4d,
  0x4d, 0xc7, 0xe5, 0xbd, 0xd2, 0x24, 0x15, 0x24, 0xff, 0xf5, 0xfd, 0x12,
  0xf5, 0x1f, 0x03, 0xf0, 0x5f, 0x20, 0x3f, 0xd3, 0x54, 0x1a, 0xc9, 0x0c,
  0x1c, 0xdf, 0x4e, 0xba, 0x11, 0xb1, 0x36, 0x0e, 0x2b, 0x17, 0x17, 0xe1,
  0xba, 0x1b, 0xdc, 0xb5, 0xb8, 0x4a, 0xd1, 0xdf, 0xc1, 0xfe, 0x2a, 0xf0,
  0xbe, 0x66, 0x2e, 0x2c, 0x10, 0xed, 0xfd, 0x0f, 0x4f, 0x81, 0xe8, 0xdc,
  0x66, 0x4a, 0x04, 0x2c, 0x4a, 0x3e, 0x10, 0x40, 0xbf, 0xd7, 0xd3, 0x2c,
  0x08, 0x37, 0x19, 0xb4, 0x0f, 0xd7, 0xe2, 0x3c, 0x21, 0x57, 0x3a, 0xcd,
  0xa5, 0xb4, 0xec, 0xfc, 0x89, 0x37, 0x3d, 0xd3, 0x98, 0xfd, 0xe9, 0x04,
  0xcb, 0x03, 0xc4, 0x01, 0x0c, 0x3d, 0x37, 0xe5, 0xa3, 0xe3, 0x2b, 0xe2,
  0xbd, 0xe6, 0xaa, 0x01, 0x39, 0xad, 0xe3, 0x05, 0xf9, 0x90, 0x34, 0x27,
  0xba, 0xd7, 0xea, 0x19, 0xda, 0xd5, 0xda, 0xb7, 0x9a, 0x0d, 0xfd, 0xd4,
  0x09, 0xee, 0x11, 0x1a, 0xdf, 0xf6, 0xe5, 0xe7, 0xce, 0x7f, 0xbc, 0x99,
  0x00, 0x00, 0x38, 0xcc, 0xe2, 0x2d, 0xf0, 0xcd, 0xaa, 0xcb, 0x04, 0x26,
  0xf0, 0xef, 0xc5, 0x22, 0x0c, 0x37, 0x46, 0x22, 0x3c, 0x26, 0xdd, 0x50,
  0x47, 0x30, 0x27, 0x0b, 0x22, 0x2e, 0xd5, 0x36, 0x09, 0xf2, 0x3a, 0xc2,
  0xca, 0x58, 0x3d, 0x14, 0x3c, 0xee, 0xd8, 0xbf, 0xb7, 0x4a, 0xe2, 0x2d,
  0x0f, 0xf5, 0x60, 0xb8, 0x1d, 0x55, 0xd7, 0x1a, 0x94, 0x45, 0xc0, 0xd7,
  0x12, 0xe6, 0xdd, 0xea, 0x12, 0xf2, 0xd9, 0x0f, 0x4b, 0x27, 0xc1, 0xff,
  0xaa, 0x66, 0x32, 0x46, 0x0f, 0xc6, 0xc3, 0x2d, 0xe8, 0xe2, 0x68, 0xdd,
  0x2c, 0xe3, 0xdf, 0xc4, 0x1a, 0xb5, 0x3c, 0xbf, 0x41, 0x06, 0xe3, 0xdc,
  0xe5, 0xec, 0xf9, 0x8a, 0x36, 0xe0, 0xfb, 0x1b, 0xe8, 0xca, 0xd2, 0xd7,
  0x2e, 0xcd, 0xc0, 0xf0, 0xe4, 0xda, 0xc1, 0xc0, 0x9c, 0xe1, 0x0a, 0xd7,
  0xc6, 0x0c, 0xdf, 0x29, 0x22, 0xb3, 0xc1, 0xb8, 0xff, 0x30, 0x13, 0xd0,
  0xeb, 0xd2, 0x0b, 0xd9, 0xd6, 0x39, 0x17, 0xf1, 0xd0, 0xd2, 0xb1, 0xfb,
  0x27, 0xea, 0xc4, 0xe8, 0x00, 0x43, 0x2e, 0x0e, 0xe4, 0xfe, 0xce, 0xcf,
  0x26, 0xff, 0x1d, 0x30, 0xff, 0xed, 0xc5, 0x43, 0xba, 0xf5, 0x13, 0xdd,
  0xeb, 0x45, 0xd2, 0x09, 0x3e, 0xcc, 0xda, 0x01, 0xf7, 0xc5, 0xb3, 0xf6,
  0x02, 0xed, 0x1d, 0xea, 0xa6, 0x1e, 0xde, 0x2a, 0x16, 0x0e, 0xbc, 0xc5,
  0xe2, 0xff, 0xcc, 0xca, 0xd9, 0xca, 0x08, 0x14, 0xed, 0x41, 0x42, 0xfb,
  0x51, 0x35, 0x14, 0x22, 0x3d, 0x2a, 0xf6, 0x36, 0x81, 0x19, 0xf3, 0x8c,
  0x0d, 0x0c, 0xd2, 0xc9, 0x21, 0xc9, 0x05, 0x19, 0x00, 0xdb, 0xff, 0xcf,
  0xe0, 0x42, 0x3c, 0xca, 0xf0, 0xf7, 0x28, 0xd3, 0x2e, 0xd6, 0x0d, 0x43,
  0xfb, 0xea, 0x19, 0xca, 0x08, 0xad, 0xad, 0x1e, 0x39, 0x63, 0x48, 0xff,
  0xf0, 0x11, 0xe8, 0xf4, 0x37, 0x20, 0x3a, 0xf9, 0x15, 0xbc, 0xf2, 0x40,
  0xc5, 0x47, 0x44, 0xe2, 0xd0, 0x07, 0x47, 0xa2, 0xc2, 0x2c, 0x27, 0x17,
  0x60, 0x29, 0x71, 0x3b, 0xc8, 0xc0, 0xb4, 0xe0, 0x23, 0x34, 0xba, 0xe0,
  0xc4, 0xeb, 0x17, 0x07, 0xc1, 0x5a, 0x27, 0xcb, 0x7f, 0x0f, 0xd7, 0xf2,
  0xc0, 0x02, 0x7c, 0x2b, 0x59, 0xa8, 0x44, 0x18, 0xc4, 0xbc, 0x1c, 0x46,
  0x48, 0x1b, 0xb6, 0x2d, 0x08, 0x29, 0xbd, 0x0b, 0x3f, 0x0d, 0xc8, 0x1a,
  0xda, 0x31, 0x09, 0x54, 0x20, 0x11, 0x02, 0xba, 0xb3, 0x0a, 0xd7, 0xdc,
  0xcb, 0xb1, 0x56, 0x0f, 0x34, 0x03, 0x2d, 0xb6, 0x4a, 0x32, 0x5c, 0xd1,
  0x3f, 0x15, 0x6a, 0xf5, 0x32, 0x97, 0x00, 0x41, 0xa8, 0xd3, 0xe1, 0xc4,
  0xfd, 0x3d, 0x2c, 0x3f, 0xb0, 0xe6, 0x9a, 0xbb, 0x57, 0xc9, 0x56, 0x07,
  0xe1, 0xe8, 0xfa, 0x4a, 0x7b, 0x05, 0xa1, 0xe4, 0x32, 0x0a, 0x50, 0x93,
  0x4a, 0xd8, 0x1f, 0x60, 0x36, 0xe6, 0x1d, 0x2e, 0xdc, 0x12, 0x15, 0xea,
  0x9b, 0x11, 0x2c, 0x0e, 0x4b, 0x3d, 0x0a, 0x1f, 0x3c, 0x24, 0x08, 0xf0,
  0x11, 0x21, 0xc8, 0x2e, 0x3a, 0x5c, 0x47, 0x11, 0xf4, 0x04, 0x0a, 0xdc,
  0x2d, 0xeb, 0x35, 0xfe, 0x2f, 0xd1, 0x22, 0x1f, 0x3b, 0xb4, 0xcc, 0x17,
  0xe4, 0xfb, 0xc9, 0x54, 0x56, 0xdc, 0x05, 0x0f, 0x3d, 0xa8, 0x21, 0x14,
  0xce, 0xd5, 0xf5, 0xff, 0x19, 0xbc, 0xd6, 0xd7, 0xf8, 0xdb, 0x65, 0xb0,
  0xc9, 0xca, 0xcd, 0xd7, 0x16, 0x10, 0xdc, 0x19, 0xd9, 0xf4, 0xc1, 0xd0,
  0xe9, 0xd8, 0x1f, 0x25, 0xc3, 0x2b, 0x19, 0x46, 0x15, 0xc1, 0xb4, 0x0f,
  0x08, 0x1f, 0xb0, 0x2a, 0x48, 0x3a, 0x3b, 0xe5, 0xc3, 0x10, 0xcf, 0xe7,
  0xfc, 0x05, 0xf1, 0xb3, 0xfc, 0x04, 0x1d, 0x25, 0xfa, 0xe1, 0x23, 0xf0,
  0xe8, 0x22, 0xfc, 0xd6, 0xe2, 0x04, 0x14, 0xf2, 0x0a, 0xdf, 0xfa, 0xf5,
  0xfb, 0x19, 0xd2, 0xf1, 0x16, 0x14, 0x0c, 0x07, 0x33, 0xcd, 0xb5, 0x06,
  0x3b, 0x1a, 0x81, 0x30, 0xe6, 0xd1, 0xe4, 0xea, 0x43, 0x44, 0x09, 0x49,
  0x26, 0xb9, 0x37, 0x58, 0xf7, 0x1d, 0xf6, 0xb1, 0x3a, 0xd3, 0xd0, 0x12,
  0xb7, 0x06, 0xa6, 0xc8, 0xb3, 0x5d, 0xc2, 0xd0, 0xbc, 0x07, 0x04, 0xad,
  0x3a, 0x29, 0xc2, 0x0a, 0x7f, 0x29, 0x36, 0x39, 0xe5, 0xad, 0x5f, 0xfd,
  0xec, 0x1f, 0xb8, 0xca, 0xed, 0x2c, 0xdb, 0x64, 0x54, 0x58, 0xb1, 0x45,
  0x46, 0x15, 0xef, 0xf7, 0x4d, 0xe8, 0xad, 0xae, 0xe8, 0xc5, 0x20, 0xc5,
  0x13, 0x2e, 0xe4, 0xf6, 0xb6, 0xce, 0xbc, 0xbf, 0xe0, 0x09, 0xd8, 0xbd,
  0x4c, 0x4c, 0xee, 0x5a, 0x1a, 0x26, 0x0c, 0xd4, 0x4a, 0xcf, 0x09, 0xe7,
  0x24, 0x13, 0x34, 0xfb, 0xcc, 0x69, 0xc8, 0xe0, 0x47, 0xf6, 0x60, 0xc7,
  0x4d, 0x03, 0x2b, 0x48, 0x69, 0x20, 0xdf, 0xe9, 0xa5, 0xa6, 0xe0, 0xce,
  0xeb, 0xde, 0x95, 0x06, 0xb3, 0xe5, 0xeb, 0xf8, 0xe8, 0xb4, 0x1a, 0xfc,
  0xe2, 0x1e, 0xae, 0xf2, 0x0b, 0xb2, 0xdd, 0x01, 0x47, 0xfd, 0x33, 0x30,
  0xda, 0xee, 0xdb, 0x24, 0x38, 0xb3, 0x39, 0x18, 0x0e, 0x02, 0xdc, 0xdc,
  0xd7, 0x02, 0xa9, 0xd6, 0xbb, 0x32, 0xf1, 0x3c, 0xf9, 0x1f, 0x44, 0x13,
  0xf8, 0xfb, 0xfa, 0xef, 0x2e, 0xe7, 0xba, 0xfb, 0xe3, 0x0c, 0x42, 0x2d,
  0x45, 0xd0, 0x5d, 0x16, 0xff, 0x27, 0x1a, 0xed, 0x0b, 0x3e, 0x8b, 0x0a,
  0x0c, 0x1f, 0x5a, 0x44, 0x4f, 0xbf, 0x0c, 0x13, 0x2c, 0xd0, 0xf7, 0x40,
  0x21, 0x2c, 0xc2, 0xbe, 0x16, 0x17, 0x29, 0x06, 0xb6, 0x18, 0xc5, 0x26,
  0x2c, 0xc3, 0x39, 0xd0, 0xe3, 0xf6, 0xde, 0x1f, 0xf2, 0xed, 0xd8, 0x00,
  0x03, 0x11, 0x19, 0xdc, 0xd5, 0x1d, 0x35, 0x0b, 0xb4, 0x00, 0x81, 0x1b,
  0xce, 0x35, 0x50, 0x07, 0xbe, 0x37, 0xae, 0xa2, 0xd0, 0x62, 0xd2, 0xe7,
  0x1f, 0x2e, 0xea, 0xd9, 0xf0, 0x44, 0x11, 0xfd, 0xcc, 0x09, 0x17, 0x4c,
  0x29, 0xe9, 0xd0, 0x3f, 0xb9, 0x05, 0xb3, 0x12, 0x19, 0xbc, 0xd2, 0x36,
  0xee, 0x15, 0xee, 0xf4, 0xb5, 0x2a, 0x4b, 0x40, 0xfb, 0x2b, 0xe8, 0x35,
  0xfa, 0xcf, 0xf5, 0xfd, 0x0e, 0xea, 0xf6, 0x0c, 0x0a, 0x37, 0x2e, 0xff,
  0x1f, 0xa0, 0xf6, 0x17, 0x37, 0xd4, 0xfc, 0x34, 0x9f, 0x38, 0xc7, 0x40,
  0xdb, 0x9a, 0xf4, 0xb3, 0x28, 0xc3, 0x41, 0xe0, 0xe3, 0xb1, 0xe8, 0x1a,
  0x96, 0x02, 0x2c, 0xb9, 0xdb, 0x21, 0xa8, 0xf1, 0x48, 0x81, 0xbb, 0xca,
  0xaa, 0xfc, 0xd0, 0x0d, 0x34, 0xda, 0x00, 0xd2, 0x56, 0x53, 0xdc, 0xda,
  0xd9, 0x26, 0x3a, 0x3e, 0x57, 0xfa, 0xda, 0x23, 0xe1, 0xdf, 0x31, 0xe9,
  0xf5, 0x4e, 0xed, 0xf8, 0x2a, 0xe5, 0x1b, 0x47, 0xf6, 0x32, 0x31, 0xd9,
  0x18, 0xed, 0x1e, 0xbd, 0x4e, 0xaa, 0xe6, 0xc1, 0x54, 0xd6, 0xfb, 0x31,
  0xf2, 0x1c, 0x36, 0xf8, 0x3e, 0x21, 0xcf, 0xd7, 0x1e, 0x0a, 0x9a, 0x48,
  0xee, 0xcb, 0x1e, 0xe0, 0xda, 0xa5, 0x20, 0xc2, 0xeb, 0x2b, 0x0e, 0xa5,
  0x53, 0xea, 0x08, 0xc2, 0x41, 0x21, 0x55, 0x50, 0xd5, 0x0c, 0x0a, 0xfd,
  0xf5, 0xdb, 0x4d, 0xc5, 0xdb, 0xc2, 0xd4, 0xa5, 0xe6, 0xab, 0x1e, 0x33,
  0xfb, 0x05, 0x51, 0x24, 0xc6, 0xdf, 0xaf, 0x69, 0xd3, 0x15, 0x25, 0x2d,
  0xe7, 0xf0, 0x01, 0xb3, 0x09, 0x20, 0xfa, 0x17, 0x43, 0x50, 0xc3, 0xe8,
  0x1b, 0xf7, 0x01, 0xd3, 0x2f, 0xd8, 0xe9, 0xfb, 0xf1, 0x88, 0xe4, 0x77,
  0x66, 0xac, 0x8b, 0x59, 0xe0, 0x2d, 0x38, 0xcf, 0xf4, 0xff, 0xce, 0x1a,
  0xbf, 0xf5, 0x77, 0x00, 0x46, 0xf1, 0xe6, 0xec, 0xff, 0xc0, 0x3c, 0xb2,
  0x45, 0x30, 0x45, 0x81, 0xf2, 0x90, 0xee, 0x1c, 0x13, 0x09, 0xfa, 0x24,
  0xc6, 0x4b, 0x41, 0x04, 0x2e, 0xe9, 0xe9, 0x0e, 0xb6, 0xa8, 0x2f, 0xf1,
  0x29, 0xa2, 0xc6, 0x55, 0x16, 0x01, 0x00, 0x0f, 0x1a, 0x9d, 0x5a, 0xbe,
  0x10, 0xde, 0x30, 0x39, 0x4d, 0x02, 0xdd, 0x57, 0x01, 0xa2, 0x28, 0xae,
  0x2a, 0x4d, 0x35, 0xa4, 0x20, 0xac, 0x42, 0xfa, 0xdb, 0x31, 0xb8, 0xde,
  0x13, 0xbf, 0xe8, 0xa2, 0x07, 0xb8, 0x2c, 0xc6, 0x37, 0xc0, 0xdf, 0xe4,
  0x25, 0x11, 0x9c, 0x65, 0xd4, 0x36, 0x04, 0xca, 0x35, 0xec, 0x37, 0xe0,
  0xd9, 0xd7, 0xe8, 0x0d, 0xc3, 0x4c, 0xe0, 0xd2, 0xd1, 0x31, 0xfe, 0x7f,
  0x4d, 0x9e, 0x33, 0x33, 0x4c, 0x40, 0xd3, 0xf0, 0xe3, 0xd2, 0x15, 0xe3,
  0x03, 0xd5, 0xd1, 0x15, 0x10, 0xca, 0xd5, 0x26, 0xdc, 0x2d, 0xde, 0x2a,
  0xf3, 0x32, 0x49, 0x0d, 0x03, 0x0c, 0xc1, 0x3d, 0xcb, 0x1b, 0x26, 0xad,
  0x53, 0xc4, 0x15, 0xf2, 0x1b, 0xc5, 0xd5, 0x9c, 0xff, 0x17, 0x38, 0x55,
  0xc3, 0xab, 0xed, 0x3c, 0xed, 0xfb, 0x3c, 0xa4, 0x29, 0x14, 0xb0, 0x17,
  0x19, 0xde, 0xe0, 0x29, 0xc1, 0x4b, 0xd1, 0xe3, 0x3d, 0x2a, 0xd5, 0xde,
  0x40, 0x33, 0x2e, 0x54, 0xa2, 0xdc, 0x12, 0x2f, 0xc5, 0x00, 0xb9, 0xb7,
  0x34, 0x0d, 0x00, 0xe9, 0x36, 0x05, 0xdf, 0xac, 0xdf, 0xed, 0xb6, 0xf6,
  0xd4, 0x12, 0x30, 0x09, 0xb8, 0x48, 0x23, 0xa8, 0x02, 0xce, 0x98, 0xba,
  0x25, 0x19, 0xf5, 0xb3, 0x94, 0x3c, 0xd2, 0xc4, 0xc1, 0x14, 0xd1, 0x09,
  0xf1, 0x0a, 0x2d, 0xe4, 0x0c, 0x3b, 0x35, 0x45, 0x10, 0x1f, 0xb6, 0xbc,
  0xfa, 0x26, 0xf8, 0x47, 0xbf, 0xdd, 0x0a, 0x92, 0xef, 0xf0, 0xbe, 0xe2,
  0xde, 0x2a, 0x38, 0x16, 0xea, 0xe9, 0x11, 0x9d, 0xc0, 0x07, 0xdc, 0x20,
  0xcf, 0xbf, 0x22, 0x98, 0x34, 0x42, 0xaa, 0x0a, 0x1f, 0x17, 0x08, 0xe6,
  0xdc, 0xd4, 0xb0, 0x0f, 0xd5, 0xd1, 0xe0, 0xe9, 0x3a, 0x11, 0x9e, 0x49,
  0xca, 0x60, 0xa3, 0x19, 0x18, 0x13, 0xbf, 0xd2, 0x30, 0x37, 0x90, 0x47,
  0x1a, 0x21, 0x42, 0x16, 0x81, 0xc1, 0xe7, 0x0e, 0x03, 0x22, 0xaf, 0xff,
  0x1f, 0xee, 0xc2, 0xb9, 0x57, 0x24, 0xb8, 0xe5, 0x71, 0x01, 0xd6, 0x39,
  0x06, 0xc8, 0xd8, 0xcc, 0xc4, 0xf7, 0xf4, 0x7e, 0x24, 0x3a, 0x14, 0x11,
  0x33, 0xd8, 0xe5, 0xb9, 0x94, 0x88, 0x0f, 0x0a, 0xd9, 0x1a, 0xd6, 0x1a,
  0x0b, 0xfa, 0x21, 0x2e, 0xf6, 0xe8, 0x3b, 0xa9, 0x1f, 0xfa, 0xbc, 0x16,
  0x32, 0xf2, 0x9b, 0x27, 0xe1, 0xe3, 0xe5, 0x5b, 0x1f, 0xf3, 0xb3, 0xf3,
  0x05, 0x18, 0x1e, 0x08, 0x3e, 0x0b, 0xf2, 0xfb, 0x59, 0x68, 0xa9, 0xe1,
  0x3a, 0x58, 0xe8, 0x06, 0xec, 0x22, 0x3f, 0xbf, 0xfe, 0x17, 0x0d, 0x16,
  0xdb, 0xf6, 0x3a, 0x15, 0xe0, 0x14, 0xc3, 0x94, 0xe4, 0xb1, 0x44, 0x35,
  0x5f, 0xda, 0x21, 0xcc, 0xfb, 0xb9, 0xc9, 0x23, 0x2a, 0xf1, 0xd5, 0xdb,
  0x3f, 0xa8, 0xa6, 0x41, 0xf4, 0x2b, 0x5f, 0xc4, 0x30, 0xef, 0x06, 0xe4,
  0xf9, 0xf1, 0x4c, 0x3f, 0xf3, 0xf8, 0xc1, 0xd9, 0x0f, 0x17, 0xc1, 0x06,
  0xcc, 0xfe, 0x2d, 0x1b, 0xd4, 0x18, 0xc0, 0x92, 0xc7, 0xf3, 0x35, 0x0b,
  0xfb, 0xca, 0x09, 0x14, 0xbd, 0x07, 0xf7, 0x13, 0xed, 0xd5, 0x24, 0x48,
  0x27, 0xf2, 0xbf, 0x34, 0x21, 0x24, 0x08, 0xa9, 0xea, 0xae, 0x12, 0x12,
  0x0b, 0xba, 0xfe, 0xce, 0x38, 0x23, 0x34, 0x22, 0xce, 0x34, 0x2e, 0xe4,
  0x2d, 0xc5, 0x38, 0x09, 0xcb, 0xf3, 0x0b, 0xc9, 0x0f, 0xc0, 0x0d, 0x23,
  0x0c, 0xec, 0x3e, 0xdf, 0x1a, 0xef, 0x26, 0xa8, 0x10, 0x36, 0xb6, 0x5e,
  0xdd, 0xc4, 0x81, 0x3e, 0xdb, 0xf4, 0x48, 0xb6, 0xc5, 0x10, 0xcc, 0xf9,
  0x1c, 0xe6, 0x0a, 0xe9, 0xf3, 0x3a, 0x50, 0xe9, 0x07, 0x70, 0x32, 0xfa,
  0x7f, 0x34, 0x2e, 0x4a, 0xea, 0x11, 0xdd, 0xf4, 0xf8, 0xfd, 0x2b, 0x2e,
  0xd9, 0x15, 0xef, 0x55, 0xb0, 0x5b, 0xa3, 0xec, 0xf3, 0x2b, 0x0a, 0x4d,
  0xe8, 0x07, 0xd4, 0xc5, 0x2d, 0xe9, 0xd9, 0x29, 0x0e, 0xe9, 0x26, 0x12,
  0x0e, 0xe2, 0x05, 0x8c, 0x97, 0x4d, 0x2d, 0xdb, 0x16, 0x05, 0x51, 0x18,
  0x77, 0x3b, 0x62, 0xe5, 0xcf, 0x0b, 0x9f, 0x3f, 0x44, 0xf3, 0xf0, 0x34,
  0x0b, 0x39, 0xe9, 0xb7, 0xe6, 0xe2, 0xc4, 0xf4, 0xee, 0x1f, 0xe8, 0xf1,
  0x40, 0xde, 0x65, 0x17, 0xc3, 0x2e, 0xea, 0x03, 0xff, 0xda, 0x45, 0xe3,
  0xe4, 0xfd, 0xae, 0xd4, 0xb2, 0xda, 0x0b, 0xb5, 0x13, 0x7a, 0x4c, 0xea,
  0x39, 0xca, 0x6d, 0x59, 0x16, 0xca, 0xfd, 0x27, 0xed, 0xbe, 0xe5, 0x1a,
  0x00, 0xda, 0xb7, 0xd1, 0x20, 0xcb, 0xa1, 0x35, 0x20, 0xe2, 0xea, 0x1e,
  0xb9, 0xcb, 0xf6, 0x03, 0xf6, 0xf8, 0x1a, 0xf8, 0xf9, 0x1c, 0x17, 0xce,
  0xf3, 0xcc, 0x00, 0xa0, 0x1f, 0x35, 0xbd, 0x99, 0x54, 0x8c, 0xd8, 0x29,
  0xef, 0xfa, 0xf0, 0x00, 0xed, 0x13, 0xd1, 0xec, 0xbf, 0x8d, 0x25, 0xc8,
  0xd7, 0x33, 0xc6, 0x57, 0xb7, 0xe6, 0x11, 0x0a, 0x81, 0x26, 0x05, 0xeb,
  0x3a, 0xac, 0xb6, 0x23, 0xbe, 0xdf, 0xb4, 0xca, 0xb9, 0x3e, 0xc3, 0xa4,
  0x05, 0xdd, 0xdc, 0x2f, 0x21, 0x15, 0xdb, 0xab, 0xd7, 0x16, 0x23, 0x00,
  0x28, 0xf4, 0x37, 0x56, 0x26, 0x19, 0xeb, 0xe1, 0x1e, 0xce, 0xe6, 0xe2,
  0x25, 0xd7, 0xfc, 0xe6, 0xea, 0xe6, 0xca, 0x09, 0xe4, 0xc5, 0xf7, 0x17,
  0x15, 0x18, 0x08, 0x2f, 0x43, 0xdc, 0xe6, 0x19, 0xbc, 0xfc, 0xbd, 0xf4,
  0x14, 0xf2, 0x9f, 0x00, 0xb6, 0x22, 0xb0, 0x1e, 0xe1, 0x4c, 0x5c, 0xe5,
  0xe2, 0xeb, 0x3c, 0x37, 0xb1, 0xdb, 0xd8, 0xc5, 0xf8, 0x90, 0xb0, 0xd1,
  0xc6, 0xd6, 0x22, 0xf0, 0xe8, 0xde, 0x24, 0x11, 0xcf, 0xe8, 0xa0, 0xab,
  0x29, 0xb7, 0x05, 0xb9, 0xcd, 0x29, 0xe3, 0x05, 0x2f, 0xf6, 0x0b, 0x32,
  0x28, 0xda, 0xd6, 0x25, 0x00, 0xd5, 0x04, 0xb1, 0xbe, 0x09, 0xd1, 0xd1,
  0x04, 0x4f, 0x34, 0x20, 0x3f, 0x69, 0xb9, 0x37, 0x0e, 0xcc, 0x15, 0xda,
  0xbe, 0x11, 0x5b, 0x26, 0x1f, 0x36, 0x44, 0x14, 0x3b, 0x2d, 0xd5, 0xb2,
  0xe7, 0x32, 0xd0, 0xf1, 0x56, 0xcc, 0x09, 0x1e, 0x5d, 0x60, 0x3d, 0x0f,
  0xdc, 0x2a, 0xd4, 0xf8, 0xca, 0x31, 0x26, 0xc1, 0x41, 0xcd, 0xb0, 0x20,
  0x6a, 0xea, 0x2c, 0xf9, 0x19, 0xe9, 0x0c, 0x32, 0x50, 0x42, 0x17, 0xe9,
  0xaf, 0x1b, 0x2f, 0x1a, 0x49, 0xcd, 0xe1, 0xeb, 0x45, 0xef, 0xa3, 0x0b,
  0xb9, 0xbb, 0xbc, 0x32, 0x09, 0xd1, 0x97, 0x02, 0xd7, 0x69, 0x02, 0x50,
  0x13, 0x31, 0x28, 0x9d, 0xa9, 0x40, 0x2d, 0x46, 0x1a, 0xfb, 0xe5, 0x10,
  0xfd, 0x14, 0xba, 0x58, 0x32, 0x28, 0xe3, 0xdb, 0x05, 0x12, 0x04, 0xcd,
  0xcc, 0x49, 0x10, 0x4d, 0xf7, 0xd4, 0x5b, 0x45, 0xe8, 0xe4, 0x81, 0x1a,
  0xcc, 0x0c, 0x24, 0xd5, 0xb2, 0xe1, 0xbb, 0xdd, 0x16, 0x39, 0x28, 0xb9,
  0x3e, 0x01, 0xbf, 0xf9, 0x9a, 0xd4, 0xbb, 0xb6, 0xdd, 0x1d, 0xcd, 0x9d,
  0x53, 0xe1, 0xac, 0xe9, 0xef, 0xde, 0xc4, 0x9b, 0x8e, 0x1c, 0x0f, 0x1d,
  0xef, 0x59, 0xa4, 0xfb, 0x1c, 0x5c, 0x8a, 0xe5, 0x1b, 0x1f, 0x1c, 0xff,
  0x05, 0xe1, 0x10, 0x7c, 0x34, 0x35, 0x6b, 0xfc, 0x5e, 0x0a, 0x34, 0xda,
  0xf5, 0xe4, 0x38, 0x61, 0x16, 0x29, 0x13, 0xad, 0xd4, 0x39, 0x00, 0xec,
  0xe6, 0xa6, 0xcf, 0x27, 0x6e, 0xf2, 0xb0, 0xec, 0xe0, 0x17, 0xfe, 0xc2,
  0x1d, 0x1d, 0xc6, 0x3e, 0xeb, 0x20, 0xc7, 0xa2, 0x0d, 0xd5, 0xbe, 0xa2,
  0x52, 0x47, 0x76, 0x06, 0x4f, 0x3c, 0x45, 0x33, 0xe2, 0x0d, 0xab, 0x18,
  0xe4, 0xe4, 0xe6, 0x53, 0xa9, 0x11, 0xc9, 0xe6, 0x42, 0x14, 0xea, 0xfe,
  0xe2, 0x81, 0x98, 0xc5, 0x5d, 0x20, 0x66, 0xdd, 0x96, 0xba, 0xe2, 0x0b,
  0x3b, 0x51, 0x4c, 0x24, 0x58, 0x4c, 0x07, 0x14, 0x2d, 0x35, 0xe6, 0xb4,
  0x02, 0x33, 0x6f, 0x35, 0x61, 0x1d, 0xb9, 0xe8, 0x2b, 0x18, 0xda, 0x3a,
  0xde, 0xaf, 0x38, 0xe5, 0x2e, 0xd4, 0x0d, 0x08, 0xb0, 0x0d, 0x0a, 0x29,
  0xba, 0xee, 0xf1, 0x47, 0xfa, 0x0f, 0x2c, 0x3a, 0xf0, 0x32, 0x19, 0xa1,
  0x0a, 0x30, 0xe8, 0x2c, 0xc3, 0xd1, 0x40, 0x0d, 0x26, 0xc8, 0x2f, 0x18,
  0xa9, 0x21, 0xbb, 0xd3, 0x37, 0xe3, 0xe4, 0xad, 0xf4, 0xbd, 0x05, 0xd9,
  0xd7, 0x33, 0x23, 0x0e, 0x08, 0x1c, 0xc3, 0x30, 0xc6, 0x03, 0x19, 0x1a,
  0x3d, 0xec, 0xe5, 0xdf, 0xbc, 0x1d, 0xdb, 0x0a, 0x0a, 0xde, 0xbc, 0xab,
  0xb6, 0xba, 0x24, 0x08, 0xdd, 0x2f, 0xf7, 0x09, 0xfd, 0x21, 0x2d, 0xef,
  0xc7, 0x46, 0xe4, 0xfa, 0x50, 0xce, 0x1e, 0xe9, 0x0c, 0x0c, 0xed, 0xd2,
  0xbe, 0xfa, 0x38, 0x1a, 0x1f, 0x2f, 0xe4, 0x00, 0x03, 0xf1, 0x53, 0xe7,
  0x26, 0xe4, 0xf5, 0x08, 0x19, 0x31, 0x49, 0xdc, 0xe8, 0x0b, 0x33, 0xde,
  0xad, 0xb6, 0x03, 0x04, 0xc2, 0x16, 0xd7, 0xc8, 0xce, 0xdd, 0xdd, 0x24,
  0xd4, 0xc1, 0xf7, 0x9d, 0x2d, 0xe0, 0xb0, 0x81, 0x0f, 0x24, 0xea, 0x26,
  0xc3, 0x18, 0x38, 0xd1, 0x1a, 0xb0, 0xf4, 0x32, 0xbf, 0x5d, 0xf5, 0xcd,
  0xfb, 0xf3, 0xcf, 0x17, 0xb7, 0xa9, 0x24, 0xb8, 0x23, 0x06, 0xf8, 0xf3,
  0x22, 0xce, 0x4f, 0x70, 0xc4, 0x3c, 0xf4, 0xe3, 0xa8, 0xdb, 0x20, 0x2a,
  0x0b, 0xb1, 0x44, 0xd5, 0x5c, 0xe1, 0xe5, 0x40, 0xd9, 0xc4, 0x03, 0x58,
  0xc5, 0x11, 0x03, 0x41, 0xe0, 0x03, 0xfc, 0x02, 0x96, 0x3e, 0x19, 0x81,
  0x36, 0xf6, 0xcf, 0xaa, 0x1a, 0xc6, 0x36, 0xca, 0xa7, 0xd5, 0xaf, 0xf3,
  0x0a, 0xbf, 0xd6, 0x1c, 0x43, 0x58, 0x91, 0x4b, 0xdb, 0x02, 0x02, 0xd5,
  0x43, 0x38, 0x55, 0x38, 0x1b, 0xc0, 0x44, 0x09, 0xda, 0x34, 0x32, 0x22,
  0xbe, 0xed, 0x33, 0x53, 0xf0, 0x04, 0xcf, 0xdd, 0x90, 0x00, 0x42, 0x9e,
  0xed, 0x48, 0xb2, 0xf0, 0x9d, 0xdb, 0x1a, 0xcf, 0x3c, 0x16, 0xbe, 0x1d,
  0x00, 0xdf, 0x02, 0x39, 0x4d, 0x02, 0x09, 0xe5, 0x12, 0xd8, 0xf8, 0x2e,
  0xb4, 0x1d, 0x09, 0x32, 0x4c, 0x07, 0xd8, 0x16, 0xbb, 0xc0, 0x5a, 0xd8,
  0x37, 0x3a, 0x39, 0x09, 0xe2, 0x1f, 0x3f, 0xda, 0xb5, 0x06, 0xb9, 0x00,
  0x59, 0xe1, 0xd7, 0x08, 0x3c, 0xf7, 0xa5, 0x2d, 0xaa, 0x1b, 0xe7, 0x3f,
  0x0b, 0xba, 0x36, 0xd7, 0xef, 0x05, 0xec, 0xb2, 0xef, 0xa8, 0x61, 0x11,
  0x2c, 0xba, 0xe0, 0xd1, 0x02, 0x3e, 0xdb, 0x4e, 0x03, 0xa7, 0x8f, 0x10,
  0x2c, 0x37, 0xb0, 0xdc, 0x25, 0xb2, 0xfe, 0x31, 0xa0, 0x30, 0xf4, 0xbf,
  0x0f, 0x25, 0x20, 0x2d, 0xe9, 0xaf, 0x25, 0x23, 0xc5, 0x31, 0xac, 0x3d,
  0x32, 0xe0, 0x0c, 0xd2, 0x99, 0x1b, 0x11, 0xff, 0xb5, 0x86, 0x10, 0xd1,
  0xf7, 0xd1, 0xee, 0x13, 0xae, 0x03, 0xda, 0xbb, 0x3b, 0xdb, 0x81, 0x1c,
  0xdd, 0xea, 0x35, 0x2c, 0x39, 0x04, 0xac, 0x0e, 0x15, 0xfb, 0x25, 0xe6,
  0x07, 0xc3, 0xf3, 0xe1, 0xc3, 0x1c, 0xfa, 0x45, 0x37, 0x08, 0x2e, 0xdb,
  0xd2, 0xb0, 0x31, 0xcd, 0xf6, 0xcb, 0xb3, 0xf5, 0xe1, 0x13, 0x15, 0x37,
  0xd1, 0xe0, 0xf3, 0x43, 0xaa, 0x1d, 0x47, 0xc0, 0x20, 0xe8, 0xb3, 0xff,
  0xa3, 0x16, 0xf2, 0x25, 0xee, 0x10, 0x3f, 0xf8, 0xd0, 0xda, 0xb6, 0x4d,
  0x5e, 0x0f, 0xf9, 0x47, 0xa4, 0xd0, 0x20, 0xa2, 0x1a, 0xc7, 0xef, 0x53,
  0xf3, 0xe6, 0xe6, 0x07, 0x59, 0xf2, 0xd8, 0x1a, 0xe8, 0x12, 0xdd, 0xd1,
  0x04, 0x2a, 0x42, 0xc5, 0xfe, 0x1e, 0xf4, 0xa6, 0x2a, 0x2f, 0x0b, 0x3c,
  0x41, 0x41, 0xdb, 0xbe, 0x1e, 0xd2, 0x42, 0x96, 0x26, 0xef, 0xd3, 0x08,
  0x0e, 0xd0, 0xd2, 0xbc, 0x28, 0xbd, 0xd2, 0x9c, 0x6f, 0xfe, 0xff, 0xdc,
  0x47, 0xab, 0xec, 0x3b, 0x20, 0xd5, 0x27, 0x22, 0x3e, 0xd9, 0xf6, 0xcc,
  0x48, 0x3e, 0xec, 0xec, 0xe6, 0x46, 0x81, 0xcd, 0xb4, 0xf8, 0x48, 0xe6,
  0x08, 0x08, 0xbd, 0xc1, 0xe9, 0xef, 0xf0, 0xfa, 0x39, 0x2f, 0xfe, 0xe4,
  0x45, 0x24, 0xfc, 0x15, 0x37, 0x06, 0xe1, 0x19, 0x22, 0xba, 0x35, 0x3e,
  0x0b, 0xca, 0x3f, 0x11, 0xd3, 0x18, 0x2b, 0x22, 0xf0, 0x23, 0xf3, 0x29,
  0x08, 0x3a, 0x06, 0x17, 0x14, 0xb6, 0x8f, 0xc7, 0x42, 0x0d, 0x29, 0xd0,
  0xc2, 0xfa, 0xde, 0xa5, 0x27, 0x52, 0x1b, 0xc0, 0xfc, 0x15, 0x1b, 0x81,
  0xda, 0x07, 0xe7, 0xec, 0x6d, 0x06, 0xbc, 0xd5, 0x31, 0xef, 0x33, 0xf7,
  0x3d, 0xde, 0xe4, 0x35, 0xd0, 0xa8, 0x11, 0xd9, 0x5a, 0x38, 0xbe, 0xb4,
  0x22, 0x34, 0x34, 0xe5, 0xb2, 0x52, 0x02, 0x89, 0x56, 0x2d, 0xc9, 0xde,
  0xdd, 0x16, 0x98, 0xc4, 0x35, 0xf7, 0xf3, 0xc5, 0xcc, 0x6d, 0x3a, 0x9e,
  0xd3, 0xbc, 0xff, 0xed, 0xcd, 0x30, 0x4f, 0x96, 0xc7, 0xaf, 0x0e, 0x2a,
  0x45, 0x3a, 0x20, 0xdb, 0x4b, 0x41, 0xf3, 0xe2, 0xd3, 0x30, 0xe7, 0x03,
  0x49, 0x14, 0x0a, 0x0f, 0x90, 0x2e, 0x25, 0xde, 0x63, 0x6f, 0xa8, 0x1e,
  0x2d, 0x0d, 0xf7, 0xb8, 0x30, 0x9f, 0xa4, 0xc9, 0x8c, 0x4d, 0x1c, 0x9b,
  0x1e, 0x19, 0x3d, 0x36, 0x42, 0x02, 0x17, 0x83, 0xfe, 0x0b, 0x45, 0xca,
  0x67, 0xfb, 0x15, 0x0b, 0x5d, 0xc7, 0x85, 0x31, 0x31, 0x1f, 0xb0, 0x11,
  0xd6, 0x4d, 0x4a, 0xc5, 0x18, 0xf5, 0xc8, 0x04, 0x51, 0xed, 0xef, 0xf2,
  0x54, 0x4d, 0xda, 0x12, 0x7c, 0x0f, 0x9e, 0x38, 0x2f, 0x18, 0x6f, 0xee,
  0x1a, 0xcf, 0x89, 0xdd, 0xd1, 0x3d, 0x29, 0xc5, 0xfe, 0x34, 0xa3, 0x3e,
  0xb1, 0x22, 0xc1, 0x52, 0x85, 0x2b, 0xa0, 0x25, 0x31, 0xfa, 0xe3, 0x57,
  0xe1, 0xa9, 0xda, 0x56, 0xfa, 0xde, 0x24, 0x20, 0xed, 0x51, 0xa0, 0x65,
  0xc9, 0xd7, 0x94, 0x90, 0x5a, 0x53, 0xe0, 0x1e, 0xaa, 0x51, 0xd6, 0x14,
  0x4e, 0x97, 0x09, 0xc7, 0xdb, 0xb1, 0x0a, 0x72, 0x0a, 0x21, 0xae, 0x1b,
  0xe6, 0x7f, 0xe6, 0x7d, 0x9a, 0xd4, 0x4f, 0x4c, 0xfa, 0x6f, 0x6e, 0x68,
  0x92, 0xd5, 0xf0, 0xd4, 0x22, 0xd0, 0xbd, 0x32, 0xdf, 0xf4, 0x0b, 0x43,
  0x48, 0x5c, 0x99, 0xf0, 0xfe, 0x46, 0xbd, 0x28, 0xd2, 0x5a, 0x24, 0x17,
  0xab, 0x0e, 0xc5, 0x92, 0x17, 0x3c, 0x3d, 0xf3, 0x0f, 0x25, 0x1e, 0xeb,
  0x5a, 0x21, 0x0a, 0x53, 0x37, 0xc4, 0xb7, 0xe1, 0xe2, 0xba, 0xdb, 0x3d,
  0x1f, 0xd8, 0x3c, 0x0e, 0x34, 0x3d, 0xe6, 0x59, 0x70, 0xb2, 0xfd, 0x66,
  0x07, 0x4f, 0x10, 0xd4, 0x0d, 0x5c, 0xc2, 0x07, 0x0d, 0x0c, 0xdd, 0x44,
  0xda, 0xaa, 0x03, 0xeb, 0x5d, 0xe3, 0x5e, 0xe1, 0x01, 0xe0, 0xeb, 0xcb,
  0xd0, 0xe1, 0x1c, 0xb8, 0x3e, 0xb4, 0x30, 0x42, 0x55, 0x15, 0x3b, 0x34,
  0xff, 0x09, 0xfd, 0x1c, 0x0e, 0xfd, 0xd4, 0x81, 0x2d, 0x97, 0x24, 0x1b,
  0x1d, 0xf5, 0x0a, 0x45, 0x01, 0x06, 0x9e, 0xdc, 0x2a, 0xc3, 0x1c, 0xc7,
  0x1c, 0xb2, 0xe3, 0xbe, 0x54, 0x1b, 0xee, 0x23, 0x09, 0xf5, 0xca, 0xdd,
  0x2c, 0xaf, 0x4e, 0xb0, 0xf0, 0x21, 0x0b, 0xeb, 0x2a, 0xba, 0x1c, 0xf0,
  0x0e, 0x0d, 0xdc, 0xd3, 0xcc, 0xc9, 0x45, 0xca, 0x11, 0x22, 0x06, 0xf1,
  0xd3, 0xd4, 0xe5, 0x0f, 0xcc, 0x48, 0xf9, 0xcb, 0xe6, 0xf2, 0xe3, 0xf2,
  0xde, 0xfb, 0x3b, 0xdd, 0xde, 0xa3, 0x09, 0x20, 0x1d, 0x3a, 0xe4, 0x08,
  0x32, 0xc2, 0xcf, 0xda, 0x0a, 0xdc, 0x1c, 0xd7, 0x1d, 0x02, 0x54, 0xf8,
  0xbb, 0xf8, 0xe7, 0x0d, 0xc7, 0xb2, 0x2b, 0xd5, 0xf6, 0xc0, 0xff, 0x18,
  0xe2, 0xe0, 0x42, 0x2a, 0x36, 0x13, 0x1e, 0xde, 0x81, 0x17, 0xd0, 0xd1,
  0xf5, 0x38, 0xd3, 0xcf, 0x24, 0xeb, 0xfd, 0x0e, 0x07, 0xdf, 0x19, 0x02,
  0x37, 0xbf, 0xf8, 0xf9, 0x2d, 0x29, 0x36, 0x18, 0x01, 0x32, 0xf6, 0xdc,
  0xd7, 0x0c, 0xf2, 0xbd, 0x1d, 0xd8, 0xd9, 0xdb, 0xdb, 0x20, 0x30, 0xe1,
  0xf7, 0x04, 0xc4, 0x27, 0xf5, 0xff, 0xd8, 0xff, 0xde, 0xf9, 0x03, 0x14,
  0x01, 0x18, 0xe9, 0x15, 0x12, 0xf4, 0xf2, 0x32, 0x24, 0x09, 0xd8, 0xfd,
  0x2e, 0xc7, 0x0d, 0x06, 0x19, 0x1c, 0x1a, 0xeb, 0xc2, 0xcc, 0xdb, 0xcd,
  0xd5, 0x35, 0xfe, 0xd6, 0xe2, 0x10, 0xeb, 0xf7, 0x07, 0xd0, 0x32, 0x0b,
  0x34, 0xf5, 0xda, 0xcd, 0x2e, 0x0c, 0xf8, 0x26, 0x1f, 0x1e, 0x21, 0xf2,
  0xd6, 0x1a, 0xcf, 0x23, 0x18, 0xfa, 0xd7, 0x06, 0x20, 0xcc, 0x06, 0xc7,
  0xd1, 0x31, 0xf1, 0x07, 0xfc, 0xd6, 0x3d, 0x00, 0xf2, 0x12, 0xec, 0x17,
  0x14, 0xe7, 0x16, 0xe1, 0x17, 0xde, 0x1e, 0x08, 0x09, 0xc7, 0xf1, 0xcd,
  0x06, 0xe4, 0xeb, 0xcd, 0x24, 0xfd, 0xec, 0x29, 0xc4, 0x4d, 0xb4, 0xab,
  0x1f, 0xfc, 0x45, 0x92, 0xf5, 0xf8, 0x1f, 0x40, 0xb2, 0x9e, 0x06, 0x3b,
  0x97, 0x8d, 0x9d, 0x7f, 0x1b, 0xf9, 0xfd, 0x90, 0xc5, 0xb4, 0xf7, 0x45,
  0x48, 0xa9, 0x5e, 0xce, 0xb8, 0x01, 0x54, 0xf0, 0x76, 0x33, 0xe5, 0x50,
  0x29, 0xc4, 0x96, 0xf9, 0xfe, 0x06, 0xda, 0x00, 0x1e, 0xed, 0x05, 0x50,
  0x32, 0xa8, 0x52, 0x2e, 0x34, 0xdc, 0x92, 0x04, 0x58, 0x3c, 0x85, 0xe4,
  0x22, 0x2f, 0xa1, 0xd3, 0xee, 0x1b, 0x98, 0x4f, 0x62, 0xca, 0xaf, 0xdd,
  0x00, 0xb9, 0xfc, 0x18, 0xc1, 0x70, 0xf5, 0x9d, 0x43, 0xfd, 0xaf, 0x4f,
  0x29, 0x8e, 0x8a, 0x04, 0xb8, 0xbb, 0x4d, 0xe2, 0x9e, 0x74, 0x7a, 0x56,
  0x70, 0x40, 0xde, 0x44, 0xe4, 0x9d, 0x37, 0x08, 0xd7, 0x51, 0x11, 0xc0,
  0xcc, 0xd3, 0xc6, 0x3d, 0x44, 0x27, 0xbc, 0x5c, 0xea, 0xce, 0x3e, 0x36,
  0x69, 0x05, 0x4a, 0xb4, 0xd0, 0x17, 0x61, 0xee, 0xb2, 0xc2, 0x46, 0xa9,
  0xae, 0xc0, 0x37, 0x00, 0x34, 0x4e, 0xcc, 0xe4, 0x45, 0xa9, 0xd9, 0xfc,
  0xad, 0x19, 0x4f, 0xf7, 0xf8, 0xb0, 0x54, 0x1f, 0xd9, 0x27, 0x18, 0x2b,
  0x1d, 0x2f, 0x0a, 0x4b, 0xf6, 0xd3, 0x35, 0xad, 0x21, 0x34, 0x1f, 0x0a,
  0x26, 0x08, 0x10, 0xce, 0x13, 0x1f, 0x14, 0xc9, 0xe0, 0x09, 0xf4, 0x64,
  0x28, 0x57, 0xc5, 0x34, 0x0b, 0xe4, 0xd0, 0xfb, 0x11, 0xec, 0xf6, 0xee,
  0xdc, 0x0d, 0x21, 0x25, 0x31, 0xd3, 0xf2, 0x48, 0x3a, 0x10, 0x21, 0x08,
  0x27, 0x3a, 0xea, 0xe3, 0x23, 0xce, 0x11, 0xc4, 0xce, 0x28, 0x49, 0xe7,
  0x1a, 0xc4, 0x0e, 0xe6, 0xc0, 0x1e, 0xf9, 0x81, 0xe4, 0x3d, 0x5d, 0x1e,
  0x43, 0x5a, 0x09, 0xc3, 0x21, 0x2a, 0x3d, 0xe2, 0x0f, 0xc3, 0x35, 0xeb,
  0x8f, 0x35, 0x5e, 0xa8, 0xde, 0x00, 0x5b, 0x09, 0x0c, 0xb8, 0x2a, 0x1a,
  0x24, 0xb6, 0x06, 0x12, 0xd4, 0xd1, 0x2d, 0x15, 0xce, 0xf1, 0x16, 0x26,
  0xff, 0xbf, 0xf1, 0x0b, 0xe5, 0xcd, 0xaf, 0xbf, 0x23, 0x05, 0x18, 0x48,
  0x2c, 0xd4, 0xc9, 0x25, 0xfd, 0xf8, 0xc7, 0xf4, 0x08, 0xe8, 0xec, 0xf7,
  0x0d, 0xf4, 0xf0, 0x1f, 0xc2, 0xcc, 0xc1, 0xf0, 0x0c, 0x07, 0x0c, 0xd7,
  0xee, 0xbe, 0xfa, 0xbb, 0xf0, 0xac, 0xfd, 0x09, 0xd6, 0xdd, 0x26, 0x1c,
  0x1a, 0xc8, 0x3d, 0x58, 0xad, 0xd5, 0xd1, 0xc6, 0x0f, 0xfe, 0x05, 0xcc,
  0xf9, 0xe4, 0xc1, 0xdc, 0x43, 0xf4, 0xbe, 0x1c, 0xc3, 0xeb, 0xca, 0xd9,
  0x06, 0xe7, 0x14, 0x05, 0xd4, 0xc9, 0x1e, 0x09, 0x21, 0xe3, 0xf4, 0x5b,
  0xef, 0xe9, 0xed, 0x0a, 0xc2, 0x0f, 0xbf, 0x12, 0x17, 0xc1, 0xfc, 0xdd,
  0x2d, 0xcf, 0xec, 0xe1, 0xde, 0xdf, 0x2f, 0xf6, 0xea, 0x05, 0xf6, 0xb2,
  0xbc, 0xd1, 0x0e, 0x39, 0xdc, 0xce, 0xef, 0x37, 0xd8, 0xfa, 0x81, 0x1c,
  0xef, 0xde, 0xf0, 0xc6, 0x15, 0xf7, 0xd9, 0x0c, 0x0d, 0x11, 0x14, 0x54,
  0x03, 0xc5, 0x30, 0xee, 0x22, 0xc1, 0xc1, 0x15, 0x0c, 0x08, 0xcc, 0x3d,
  0x4f, 0x1a, 0x14, 0x3e, 0xdb, 0xd8, 0x0d, 0xf3, 0xc2, 0x39, 0x16, 0xb3,
  0x40, 0x1f, 0xa9, 0x54, 0xdf, 0xe4, 0x58, 0xd8, 0xe9, 0x34, 0xa4, 0x16,
  0x45, 0x63, 0xef, 0x12, 0x99, 0xf1, 0xd2, 0x0e, 0xc7, 0xe6, 0x8a, 0xd1,
  0x9c, 0xe1, 0xd0, 0xb0, 0x95, 0x05, 0xdb, 0x8c, 0x58, 0xfd, 0x1c, 0xf7,
  0xf1, 0xb5, 0x6d, 0x2a, 0xdd, 0x3d, 0xf6, 0x92, 0xd6, 0xf5, 0xec, 0xe5,
  0x0b, 0x68, 0xe2, 0x59, 0xf7, 0xde, 0x63, 0x21, 0xf3, 0x0b, 0x2d, 0x49,
  0x63, 0xd2, 0x5e, 0x34, 0xb8, 0xf5, 0xc2, 0x13, 0x4c, 0x0d, 0x24, 0x41,
  0x2b, 0x8a, 0x29, 0xfd, 0xd8, 0x2c, 0xd6, 0xd0, 0x39, 0xcb, 0x47, 0x4d,
  0xd8, 0xd7, 0x0a, 0x22, 0x1d, 0x18, 0xa2, 0xe9, 0xf1, 0x92, 0x20, 0x0c,
  0xda, 0xf8, 0x91, 0x18, 0x48, 0x6b, 0x4a, 0x12, 0x7f, 0x2b, 0xc7, 0xe2,
  0x58, 0xaf, 0x1b, 0xed, 0x06, 0x19, 0xb5, 0x75, 0xf2, 0x9d, 0xd4, 0x0a,
  0x2d, 0xc8, 0xd0, 0x1f, 0xa6, 0xc6, 0x29, 0xd5, 0x23, 0xa9, 0xe9, 0x2d,
  0xe8, 0x2c, 0x77, 0xa4, 0x2f, 0xd7, 0x88, 0x0c, 0x41, 0xf5, 0xea, 0xf9,
  0x18, 0x4c, 0xff, 0x0f, 0x10, 0x0d, 0x81, 0x57, 0x3c, 0xb2, 0x1f, 0x4b,
  0x2e, 0xc6, 0xd2, 0xda, 0x89, 0xbc, 0x3b, 0xf7, 0xec, 0xf7, 0x47, 0xe5,
  0x22, 0x2c, 0xb7, 0xb5, 0xfb, 0xbc, 0x27, 0xc5, 0xd7, 0x47, 0xbc, 0xd7,
  0xbe, 0x48, 0xce, 0x1b, 0x37, 0xbe, 0x4b, 0x35, 0xb2, 0xca, 0xb7, 0x05,
  0xe2, 0x3d, 0xe8, 0x06, 0x48, 0xdc, 0xed, 0xc1, 0xe4, 0x22, 0x02, 0xa9,
  0x38, 0xb3, 0x4d, 0x28, 0xf0, 0xd5, 0xa8, 0x2d, 0x9c, 0xe9, 0x44, 0xa3,
  0x1e, 0xbf, 0x9d, 0x45, 0xc7, 0x36, 0x9b, 0x0f, 0xe2, 0x28, 0xfd, 0xf6,
  0x02, 0x2b, 0x02, 0xda, 0x1d, 0xb7, 0x60, 0xe7, 0xde, 0xe9, 0xfa, 0x98,
  0xe9, 0xe4, 0x45, 0x58, 0xcd, 0xc7, 0x28, 0x38, 0xd1, 0xc4, 0x3e, 0x3b,
  0x2e, 0x2e, 0xe1, 0x05, 0xf1, 0xc4, 0x02, 0xf9, 0x26, 0xee, 0x12, 0x24,
  0xc8, 0x1f, 0xef, 0xfd, 0x55, 0x36, 0xb6, 0xff, 0xba, 0x5e, 0x2c, 0xea,
  0xfe, 0xf3, 0x4e, 0x22, 0xe4, 0x53, 0x1b, 0x23, 0xdb, 0x42, 0xc8, 0xa3,
  0xf9, 0xa4, 0x55, 0x40, 0x0b, 0xc4, 0x3d, 0xce, 0xd1, 0x63, 0x12, 0xb7,
  0x30, 0xef, 0x99, 0x31, 0xbf, 0x26, 0xcf, 0x1a, 0xc3, 0xbd, 0x0f, 0x07,
  0x00, 0xf9, 0xe8, 0x44, 0x17, 0xeb, 0x01, 0xec, 0x1a, 0x0c, 0x06, 0xd8,
  0x9e, 0x29, 0xaf, 0x0c, 0x32, 0xb3, 0xce, 0x22, 0xf1, 0xb1, 0xfa, 0xe2,
  0x03, 0x06, 0x03, 0xc9, 0x0f, 0x11, 0x3a, 0x10, 0xc8, 0x50, 0x2e, 0xfd,
  0xc9, 0xfe, 0xe2, 0x0f, 0xc8, 0x07, 0xd3, 0xfe, 0xec, 0xee, 0xdb, 0x2b,
  0x2d, 0x44, 0x56, 0xe5, 0xba, 0x0c, 0xbc, 0x38, 0x22, 0x12, 0xc2, 0x35,
  0x0e, 0xbc, 0xdd, 0xb0, 0x02, 0xec, 0x15, 0xe4, 0x0b, 0x0e, 0xff, 0xd6,
  0xd0, 0x26, 0x3c, 0xdf, 0x5c, 0x1e, 0x09, 0x09, 0xef, 0x7f, 0x14, 0x22,
  0x16, 0xe6, 0xae, 0xfd, 0xbe, 0x1a, 0x4f, 0x28, 0x22, 0xed, 0xe3, 0xe6,
  0x49, 0x16, 0x2d, 0xf4, 0x2d, 0x15, 0x34, 0x20, 0xca, 0xeb, 0x3c, 0x0f,
  0xd4, 0xc9, 0xee, 0x01, 0xdd, 0x08, 0x41, 0xd7, 0x0f, 0x18, 0x36, 0x31,
  0x27, 0xbc, 0xd7, 0x06, 0xde, 0xd2, 0xee, 0x0a, 0x03, 0xc3, 0x06, 0x31,
  0xe1, 0x20, 0x17, 0x22, 0xf6, 0x32, 0x14, 0xe9, 0xed, 0xe9, 0x1d, 0xcc,
  0xd3, 0x22, 0x05, 0xf0, 0xd6, 0x24, 0xc5, 0x11, 0x27, 0x51, 0x1b, 0xce,
  0x2e, 0xd1, 0xd3, 0x19, 0xd4, 0xe5, 0xbf, 0x55, 0xe4, 0xf2, 0xda, 0xdb,
  0xbc, 0x24, 0x05, 0xd5, 0x26, 0xed, 0x1c, 0xe8, 0xe8, 0xef, 0x42, 0x25,
  0x18, 0x29, 0xde, 0x02, 0x36, 0xc3, 0xbc, 0x48, 0xe2, 0xdd, 0xd7, 0xca,
  0xe9, 0x00, 0x0f, 0xb5, 0xee, 0xbf, 0x0e, 0x0e, 0x50, 0x00, 0x15, 0x2c,
  0x21, 0xe5, 0x12, 0x25, 0xe9, 0x21, 0xef, 0x4f, 0x16, 0xfe, 0xe8, 0xcf,
  0xfc, 0xea, 0x36, 0xd2, 0x41, 0x15, 0xba, 0xd5, 0xba, 0x81, 0x33, 0x04,
  0x00, 0xf6, 0xe1, 0x3f, 0x44, 0x25, 0xbf, 0xf2, 0xd9, 0x09, 0xf2, 0xc0,
  0xe3, 0x06, 0xda, 0x0c, 0xd6, 0x40, 0xc5, 0xc2, 0x03, 0x06, 0xda, 0x06,
  0x2f, 0xf2, 0xd8, 0xec, 0x20, 0xcf, 0x31, 0x20, 0xf9, 0xc3, 0xbe, 0xf1,
  0xa9, 0x24, 0xd4, 0x3d, 0x39, 0xf2, 0xbc, 0x17, 0x1a, 0x4d, 0x31, 0x33,
  0xbb, 0xdc, 0xdf, 0xf6, 0x6e, 0x98, 0xe9, 0x07, 0x86, 0x81, 0x28, 0x18,
  0x1c, 0x48, 0x10, 0xa7, 0xc4, 0xc0, 0xae, 0x0e, 0xc6, 0x91, 0x5c, 0x3a,
  0x08, 0x00, 0xfd, 0x98, 0x11, 0x16, 0xe8, 0xcb, 0x73, 0x79, 0x56, 0xeb,
  0x29, 0x0b, 0x02, 0x40, 0x03, 0x3d, 0x4d, 0x5a, 0x2f, 0x36, 0x51, 0xce,
  0x8f, 0xfa, 0x01, 0xd1, 0x77, 0x24, 0x13, 0xbd, 0xaa, 0xfa, 0xa5, 0xa3,
  0x16, 0x60, 0xd9, 0xee, 0xb3, 0xbf, 0xf5, 0xd4, 0xe1, 0x3b, 0x29, 0xf5,
  0x46, 0xfd, 0xa4, 0xcc, 0x3f, 0x4a, 0x77, 0x57, 0x34, 0xfe, 0x23, 0x13,
  0xdf, 0xc5, 0x7b, 0xce, 0xaa, 0x48, 0x2f, 0xbe, 0x2b, 0xd2, 0xf5, 0xa9,
  0x2d, 0xee, 0x36, 0xf0, 0x30, 0x05, 0x46, 0x38, 0xe8, 0x07, 0x68, 0xb9,
  0x11, 0x13, 0x1f, 0xe8, 0xbc, 0x9a, 0xda, 0x26, 0xa1, 0x16, 0x74, 0x11,
  0x06, 0xa4, 0x48, 0x4b, 0xf5, 0xe3, 0x06, 0xba, 0x28, 0x55, 0x7b, 0x36,
  0xc8, 0x3e, 0xee, 0xac, 0x2e, 0xec, 0xff, 0xff, 0x04, 0x00, 0x00, 0x00,
  0x80, 0x00, 0x00, 0x00, 0x0c, 0xfe, 0xff, 0xff, 0x83, 0xfd, 0xff, 0xff,
  0xb0, 0xfd, 0xff, 0xff, 0x53, 0xfd, 0xff, 0xff, 0xf4, 0xfb, 0xff, 0xff,
  0x91, 0xfe, 0xff, 0xff, 0x82, 0xff, 0xff, 0xff, 0x04, 0xfe, 0xff, 0xff,
  0xd8, 0xfc, 0xff, 0xff, 0xad, 0xfe, 0xff, 0xff, 0x25, 0x00, 0x00, 0x00,
  0xef, 0xfe, 0xff, 0xff, 0x7d, 0xff, 0xff, 0xff, 0x6c, 0x00, 0x00, 0x00,
  0xbf, 0xfc, 0xff, 0xff, 0x35, 0xff, 0xff, 0xff, 0x50, 0xfe, 0xff, 0xff,
  0x75, 0x01, 0x00, 0x00, 0xb6, 0xfb, 0xff, 0xff, 0xe1, 0xfb, 0xff, 0xff,
  0xd8, 0xfd, 0xff, 0xff, 0x4b, 0xfc, 0xff, 0xff, 0x42, 0xfe, 0xff, 0xff,
  0xfa, 0xff, 0xff, 0xff, 0xff, 0xfe, 0xff, 0xff, 0x88, 0x01, 0x00, 0x00,
  0x24, 0xff, 0xff, 0xff, 0x60, 0xfa, 0xff, 0xff, 0x3b, 0xff, 0xff, 0xff,
  0x29, 0xfe, 0xff, 0xff, 0xce, 0xfd, 0xff, 0xff, 0x12, 0xf9, 0xff, 0xff,
  0xba, 0xec, 0xff, 0xff, 0x04, 0x00, 0x00, 0x00, 0x20, 0x00, 0x00, 0x00,
  0x36, 0x25, 0x47, 0xfc, 0x05, 0xec, 0x07, 0x31, 0x39, 0xef, 0x01, 0x4d,
  0xd6, 0x2c, 0xfb, 0xec, 0xdf, 0x0a, 0x59, 0x0f, 0x35, 0xde, 0x09, 0xe4,
  0x7f, 0xf2, 0x04, 0x3b, 0x3e, 0xf4, 0x54, 0x2a, 0xe6, 0xec, 0xff, 0xff,
  0x04, 0x00, 0x00, 0x00, 0x20, 0x00, 0x00, 0x00, 0xb5, 0xda, 0xca, 0x13,
  0xc9, 0xce, 0xe2, 0xbe, 0xe1, 0xa5, 0x80, 0xb9, 0xad, 0x9d, 0xf2, 0xee,
  0xa7, 0xec, 0x05, 0x15, 0xe9, 0xe9, 0xe7, 0xa6, 0xa8, 0x8a, 0xce, 0xc6,
  0xb4, 0xe2, 0xa1, 0xf2, 0x12, 0xed, 0xff, 0xff, 0x04, 0x00, 0x00, 0x00,
  0x00, 0x0c, 0x00, 0x00, 0x36, 0xaa, 0x9a, 0xab, 0xb8, 0xd6, 0xa9, 0xdd,
  0xe1, 0x52, 0x3a, 0xe4, 0xe4, 0x28, 0x27, 0x37, 0xaf, 0xad, 0xca, 0xac,
  0x52, 0x17, 0x5c, 0x7f, 0x52, 0x42, 0x34, 0x4b, 0xce, 0xf8, 0x05, 0xeb,
  0x91, 0x6b, 0xd9, 0xbb, 0x02, 0x27, 0xcf, 0x11, 0x32, 0x2b, 0xfb, 0xed,
  0x26, 0xac, 0x95, 0xb3, 0xe0, 0x20, 0x12, 0x13, 0xf0, 0x8f, 0xe4, 0xf5,
  0x41, 0x03, 0x22, 0xbf, 0xca, 0xbd, 0x34, 0x3e, 0xab, 0xd5, 0x37, 0xb7,
  0xd7, 0x0c, 0xa2, 0x5a, 0x12, 0x5a, 0x3d, 0x1b, 0x3e, 0xdb, 0xdd, 0xf8,
  0x6b, 0xb0, 0xd4, 0x4c, 0x10, 0x41, 0x42, 0x7d, 0x39, 0xf2, 0xab, 0x3d,
  0x11, 0xa2, 0x08, 0x48, 0x25, 0xf7, 0xdc, 0x27, 0x98, 0xf5, 0x9b, 0x40,
  0xa0, 0xea, 0x3f, 0xc2, 0x1a, 0xcd, 0xb6, 0x14, 0xa2, 0xae, 0x00, 0x94,
  0x1f, 0xb5, 0xb5, 0x49, 0x12, 0xa3, 0xc9, 0xf4, 0x26, 0x25, 0x22, 0xcf,
  0xd4, 0x81, 0xf1, 0x07, 0x4f, 0x48, 0xe2, 0x35, 0x87, 0x3e, 0x48, 0x9c,
  0xc9, 0x4e, 0xca, 0xda, 0x3f, 0xe0, 0x38, 0xf8, 0x32, 0xe3, 0xc2, 0xbf,
  0xfe, 0xed, 0x51, 0xf3, 0x68, 0x2b, 0x43, 0xfb, 0x48, 0x82, 0x2b, 0x0e,
  0x13, 0xdd, 0xd6, 0x34, 0x99, 0x07, 0x43, 0x83, 0xdb, 0xf9, 0x0c, 0xbf,
  0x93, 0xbd, 0x3a, 0x0c, 0xe3, 0x51, 0x54, 0x5c, 0xd8, 0xc3, 0xdf, 0x35,
  0x33, 0xb7, 0xac, 0xe3, 0xd5, 0x49, 0x91, 0x4d, 0x1c, 0x15, 0x36, 0xcc,
  0x03, 0xe3, 0xe5, 0xf8, 0x30, 0x46, 0x19, 0x14, 0x41, 0x3e, 0x0e, 0x2b,
  0x07, 0xbf, 0x1e, 0x7f, 0xb1, 0x1b, 0xcd, 0x10, 0xde, 0xec, 0xc2, 0xdb,
  0x16, 0x1f, 0x9e, 0xb0, 0x04, 0x3b, 0xcd, 0xf6, 0xf7, 0xfe, 0xad, 0x33,
  0x25, 0x11, 0x1c, 0xdb, 0x0c, 0x45, 0x19, 0xf5, 0x5e, 0xcd, 0xbb, 0x03,
  0xfd, 0xcb, 0x14, 0xf2, 0x21, 0xd6, 0xf7, 0x21, 0xe1, 0x45, 0xf9, 0x08,
  0xe8, 0xa6, 0x07, 0x43, 0x0e, 0xbb, 0x91, 0xc3, 0x3b, 0x1b, 0xb9, 0x14,
  0x53, 0xdc, 0xdd, 0x01, 0x5b, 0x95, 0x0d, 0xd0, 0xe1, 0x5b, 0xe5, 0x1d,
  0x41, 0x19, 0x22, 0xb2, 0xa5, 0x14, 0x1b, 0xeb, 0x7a, 0x06, 0xbe, 0x56,
  0x8a, 0x15, 0xbc, 0x08, 0x5e, 0xb1, 0x92, 0xe3, 0x39, 0xb7, 0x06, 0xc3,
  0xda, 0x27, 0xcb, 0xd3, 0x76, 0xe2, 0x5b, 0xea, 0xd3, 0xd3, 0xf2, 0x5f,
  0x3a, 0x81, 0xde, 0xa6, 0xbf, 0x1f, 0xf3, 0xc9, 0xa3, 0x4c, 0xd1, 0xb1,
  0x3f, 0xb2, 0x2a, 0x05, 0xab, 0x03, 0xf4, 0xb1, 0x97, 0x23, 0x26, 0x10,
  0x97, 0xda, 0x2c, 0xbc, 0x16, 0xce, 0x45, 0x18, 0x95, 0xd9, 0x8d, 0xd7,
  0x4c, 0x9d, 0x05, 0x06, 0xdf, 0xf7, 0x26, 0x3e, 0x27, 0xb7, 0xe3, 0xe1,
  0xa9, 0xda, 0xb0, 0x3a, 0xc1, 0xbc, 0x7c, 0xe3, 0x1e, 0xf0, 0x1f, 0xdd,
  0xb9, 0x36, 0x47, 0xf8, 0xe9, 0x12, 0x32, 0x33, 0x23, 0x0c, 0x1c, 0xed,
  0x0a, 0x0f, 0x29, 0x81, 0xf3, 0xd8, 0xcb, 0xde, 0xb8, 0x36, 0xe0, 0xbd,
  0x37, 0x08, 0xf8, 0x18, 0x5e, 0xc8, 0xf7, 0x06, 0xe5, 0x15, 0x35, 0x3e,
  0xfa, 0xe6, 0xcf, 0x3b, 0xdb, 0x4b, 0x16, 0x31, 0xf2, 0xe0, 0xf0, 0xea,
  0xd0, 0xbd, 0xbb, 0xf7, 0x3a, 0xdd, 0xd7, 0x1c, 0xc6, 0x3c, 0xb4, 0x42,
  0xd3, 0xa1, 0xd8, 0xe9, 0xd8, 0x27, 0x41, 0xde, 0x10, 0x22, 0xf0, 0xb1,
  0xf0, 0xe8, 0x4a, 0xbd, 0x40, 0x14, 0x09, 0xdc, 0x2c, 0xc5, 0xc0, 0x30,
  0x35, 0xb3, 0x57, 0xbb, 0xe6, 0x3e, 0x06, 0x00, 0xed, 0xb9, 0x40, 0xb3,
  0xce, 0x1a, 0xe2, 0x14, 0x53, 0xef, 0xe9, 0x89, 0x72, 0x1f, 0xc1, 0x3f,
  0xdb, 0xe3, 0x39, 0xc8, 0xa2, 0xd7, 0xba, 0x32, 0xb2, 0x2f, 0x02, 0xd2,
  0x0c, 0xa6, 0xf3, 0xbc, 0x1a, 0xc3, 0x04, 0x1b, 0x63, 0x09, 0x07, 0xdd,
  0x01, 0x33, 0x1a, 0x97, 0xeb, 0x26, 0xc2, 0x2a, 0xb1, 0x35, 0xb3, 0xd4,
  0xfa, 0xf2, 0xa3, 0xa3, 0x28, 0x27, 0xdb, 0x41, 0x16, 0x12, 0x49, 0x86,
  0x33, 0xde, 0xf9, 0x81, 0xaf, 0xbc, 0xfc, 0x07, 0xf6, 0xcc, 0xae, 0xf3,
  0x7c, 0x16, 0xe6, 0xfe, 0xe1, 0x23, 0xfa, 0x34, 0x27, 0xcd, 0x4c, 0xef,
  0xde, 0xee, 0xa6, 0x09, 0xce, 0x5d, 0xbc, 0xce, 0x0c, 0xfc, 0x5d, 0xc3,
  0x5e, 0xb4, 0xe9, 0x18, 0xe0, 0xd8, 0x4c, 0xe8, 0x70, 0xfa, 0xa6, 0x08,
  0xfa, 0xbe, 0xa8, 0x17, 0xa1, 0xef, 0xf5, 0x0f, 0x8d, 0x29, 0x17, 0xe4,
  0x50, 0xd7, 0x53, 0x4f, 0x53, 0xce, 0x49, 0xeb, 0xac, 0xde, 0x81, 0x8a,
  0x46, 0x51, 0xf3, 0x38, 0xcd, 0xe5, 0xaa, 0x22, 0x0a, 0xf4, 0xb7, 0x50,
  0xd7, 0x58, 0x20, 0x5a, 0x41, 0xfa, 0x13, 0xd7, 0xa7, 0x26, 0x1f, 0xac,
  0x4b, 0xc7, 0xb7, 0xa7, 0xb7, 0xec, 0x97, 0x0a, 0x3c, 0x26, 0xfc, 0xbc,
  0xfe, 0x24, 0xc7, 0xe0, 0xdd, 0x40, 0x4c, 0x28, 0x44, 0x3b, 0x24, 0xff,
  0x57, 0xb0, 0xf7, 0xa0, 0xba, 0xd2, 0xc2, 0xb1, 0xd5, 0xcc, 0xbb, 0xa4,
  0xbc, 0x7e, 0x0a, 0x4f, 0xdd, 0xca, 0xac, 0xd9, 0x42, 0xe7, 0x23, 0x12,
  0xed, 0x25, 0x28, 0xe0, 0xfc, 0xc3, 0xa5, 0x2c, 0x26, 0xcd, 0xb6, 0x1a,
  0xbd, 0x00, 0xf3, 0xdc, 0xe9, 0xe3, 0xbb, 0xf9, 0x13, 0x1e, 0xf5, 0x25,
  0x95, 0x3c, 0xed, 0x41, 0xb8, 0xd9, 0xff, 0x22, 0x2a, 0x2e, 0xd0, 0x28,
  0x4d, 0x44, 0x1e, 0xf0, 0xfc, 0xa8, 0xa3, 0xf4, 0xd2, 0x9d, 0x04, 0xd1,
  0x20, 0x3a, 0xb3, 0x16, 0x45, 0xb8, 0x7f, 0xf5, 0x12, 0xf3, 0xbd, 0xdd,
  0xb8, 0xbc, 0xf3, 0x2d, 0x60, 0xc3, 0xfa, 0x07, 0x2e, 0xf1, 0xf4, 0xa5,
  0xcd, 0xc4, 0xc2, 0x31, 0xa1, 0x22, 0x43, 0xd1, 0xd4, 0xdc, 0xd6, 0x15,
  0xd6, 0x19, 0x3e, 0xa1, 0x9d, 0xea, 0xd8, 0x34, 0xe3, 0x4a, 0x1a, 0x10,
  0xcf, 0x5d, 0xb6, 0x45, 0xfe, 0xd2, 0x86, 0xe8, 0x95, 0x0c, 0x38, 0x55,
  0xca, 0x4a, 0x9c, 0xdd, 0xb1, 0x28, 0xb5, 0xe0, 0xee, 0xde, 0xa6, 0x6f,
  0xe5, 0xde, 0xa1, 0x61, 0xba, 0x1a, 0x2e, 0xf0, 0xa8, 0xf6, 0xa3, 0x53,
  0x42, 0xc5, 0x86, 0xbd, 0xb7, 0xdf, 0x8b, 0xf7, 0xd9, 0xb1, 0x2a, 0xfd,
  0x2a, 0x2a, 0x83, 0xfc, 0x86, 0x27, 0x21, 0xd2, 0x4c, 0xce, 0xf4, 0x51,
  0xd3, 0xe9, 0x81, 0x21, 0xe2, 0x6d, 0xbb, 0x28, 0x06, 0x7d, 0xf8, 0xcd,
  0xd8, 0xd8, 0x17, 0xc9, 0x03, 0x15, 0xfb, 0x39, 0xa6, 0xc5, 0xbf, 0x48,
  0xf8, 0xcd, 0x97, 0xb3, 0x9c, 0x42, 0xb2, 0xe4, 0xa0, 0xec, 0x12, 0xbd,
  0x11, 0x27, 0xf2, 0x4a, 0x65, 0xe3, 0x9d, 0x47, 0x35, 0x48, 0x31, 0xb1,
  0x12, 0xd1, 0xee, 0xc3, 0x0d, 0x04, 0xf7, 0x0d, 0x8a, 0x4a, 0x3c, 0xf0,
  0xe1, 0x0e, 0xef, 0x26, 0xb0, 0xd7, 0x44, 0x12, 0xa0, 0xd5, 0xba, 0xf3,
  0xe1, 0x15, 0xdf, 0xe8, 0xeb, 0xce, 0xfd, 0x0c, 0x5e, 0xdf, 0x08, 0x15,
  0x59, 0x5d, 0xb0, 0xd1, 0xd3, 0x2e, 0x06, 0x08, 0x18, 0x2a, 0xbc, 0xfb,
  0xcf, 0xe9, 0xe0, 0xba, 0x84, 0xf1, 0x1e, 0xe7, 0xc9, 0x3d, 0xeb, 0xd0,
  0xd8, 0xdc, 0x4b, 0x26, 0x38, 0xaf, 0xd3, 0x5d, 0x4d, 0xd1, 0x81, 0x03,
  0x10, 0x2e, 0x4b, 0x53, 0xc6, 0xb6, 0xd3, 0xb1, 0x53, 0x3e, 0xd0, 0xa1,
  0xd5, 0x98, 0xd8, 0x1e, 0xd9, 0x40, 0xca, 0x9f, 0x22, 0x19, 0x2a, 0xf4,
  0x29, 0x08, 0x59, 0xdc, 0xd4, 0x40, 0x1e, 0x57, 0xfd, 0x44, 0xa6, 0xca,
  0x82, 0xbc, 0x58, 0xa8, 0xd5, 0x0d, 0x9f, 0x9d, 0x2d, 0x05, 0xcf, 0xb8,
  0xc9, 0xbd, 0xe7, 0x81, 0xa0, 0xa6, 0xc7, 0x2a, 0x37, 0x01, 0x09, 0x2c,
  0x31, 0x08, 0x09, 0xcf, 0xdf, 0xf5, 0xd2, 0xc5, 0xc9, 0x15, 0x08, 0x3e,
  0xe7, 0x23, 0xed, 0xa6, 0x00, 0x1f, 0xdf, 0x64, 0x39, 0xe7, 0xf0, 0xc8,
  0xc7, 0x33, 0xe0, 0xbe, 0x56, 0x00, 0xe0, 0x2e, 0x45, 0xcb, 0xa9, 0xdc,
  0xf9, 0xe3, 0xdf, 0x63, 0x00, 0x89, 0x1a, 0xec, 0x03, 0x02, 0x1a, 0x3b,
  0x20, 0x24, 0xbe, 0xdc, 0xdd, 0xce, 0xa8, 0xe9, 0xf3, 0x23, 0xe9, 0xbb,
  0x02, 0x43, 0x0a, 0x0c, 0xab, 0x05, 0x34, 0xbd, 0xb6, 0x37, 0x46, 0xe9,
  0x04, 0xf8, 0x0e, 0xb9, 0x40, 0xc8, 0xee, 0xf3, 0x19, 0xe5, 0xd6, 0xb3,
  0x35, 0xbb, 0xc1, 0xd0, 0xb6, 0x41, 0xfa, 0x45, 0x3e, 0xba, 0x20, 0xc1,
  0xc7, 0xe7, 0x27, 0x5b, 0xbd, 0x00, 0x21, 0x03, 0xd7, 0x81, 0x30, 0x18,
  0x2c, 0x85, 0x19, 0x03, 0x20, 0xc3, 0xf7, 0xeb, 0x23, 0xda, 0xa7, 0xfe,
  0xef, 0x09, 0xe7, 0xae, 0xee, 0x01, 0xf9, 0xe7, 0xf9, 0x37, 0xf0, 0xc4,
  0xf1, 0x2e, 0xce, 0x0c, 0xd2, 0x2a, 0xe5, 0xf2, 0x9b, 0x92, 0xc2, 0xef,
  0x84, 0x57, 0x14, 0x1d, 0xe0, 0x78, 0xce, 0x3e, 0x0b, 0x0a, 0x4a, 0x57,
  0x25, 0x5d, 0xc6, 0x4a, 0x4d, 0x1e, 0x3c, 0x14, 0x22, 0xf2, 0xf7, 0xd2,
  0x3d, 0xfa, 0xe8, 0x24, 0xed, 0xf1, 0x48, 0xa7, 0x13, 0x87, 0xf7, 0x2c,
  0x94, 0x29, 0xa2, 0x38, 0xd7, 0x3b, 0xfb, 0x14, 0x3f, 0x75, 0xf9, 0x3e,
  0x7f, 0x2f, 0x8a, 0x75, 0x21, 0xc5, 0xd8, 0x69, 0x59, 0x5f, 0x43, 0xf5,
  0xbe, 0x55, 0x45, 0x29, 0x0e, 0x05, 0xf4, 0x27, 0x3e, 0xf2, 0xc4, 0x58,
  0x26, 0xd9, 0xbe, 0xc5, 0xa5, 0xae, 0xb1, 0xb6, 0x13, 0x29, 0xea, 0x57,
  0x97, 0xff, 0x14, 0x72, 0x4f, 0xc8, 0xe1, 0xcf, 0x43, 0x03, 0xf8, 0xb5,
  0xbc, 0xda, 0x50, 0x2b, 0xbd, 0x99, 0xf9, 0xaa, 0xd4, 0x13, 0x06, 0x0a,
  0x2f, 0xc7, 0x53, 0xcc, 0xcb, 0x4c, 0xd9, 0x2b, 0xd5, 0xff, 0xd3, 0xb0,
  0xe9, 0xa6, 0xdc, 0xa5, 0xc1, 0xb9, 0xad, 0xd7, 0x54, 0x05, 0xfb, 0xc8,
  0x16, 0x81, 0x00, 0xb6, 0x0b, 0x06, 0x32, 0xfe, 0xfd, 0x51, 0xb9, 0x10,
  0x33, 0x20, 0xfc, 0x21, 0x5a, 0xeb, 0xd9, 0x3d, 0x34, 0xc5, 0xaa, 0xd3,
  0x21, 0x20, 0xbd, 0xec, 0x15, 0xd1, 0xfb, 0x25, 0x01, 0x98, 0x0b, 0x16,
  0x3e, 0xef, 0xb1, 0xbc, 0x19, 0xc3, 0xae, 0xda, 0xf4, 0xe0, 0xc5, 0x3c,
  0xdd, 0x2f, 0x48, 0xb0, 0x11, 0xd3, 0x1f, 0xb7, 0x17, 0xb0, 0xfc, 0x50,
  0x0b, 0x0e, 0xb4, 0xba, 0x31, 0xd5, 0x9d, 0xa1, 0x05, 0x05, 0xd3, 0x81,
  0x4c, 0x76, 0x36, 0xbf, 0xdb, 0x3e, 0xf7, 0x35, 0x9d, 0x59, 0xc4, 0xcd,
  0xe7, 0x20, 0x04, 0xc4, 0xeb, 0xaa, 0xed, 0x56, 0xd5, 0x98, 0x66, 0xd2,
  0x70, 0x21, 0x9b, 0x41, 0xc1, 0x15, 0x5a, 0x89, 0x08, 0xd6, 0xd7, 0x59,
  0xfc, 0x5f, 0xa6, 0xdd, 0x00, 0x5e, 0x2c, 0xf4, 0xfb, 0x85, 0xaa, 0xe0,
  0xc2, 0x08, 0x4c, 0x0d, 0x44, 0xdd, 0xfc, 0xfb, 0xd0, 0x25, 0xe2, 0x22,
  0x23, 0xba, 0xe1, 0x2b, 0x4f, 0xf4, 0xe1, 0xfb, 0xf4, 0xc7, 0x33, 0xc7,
  0x06, 0xee, 0x2c, 0x15, 0xc3, 0x69, 0x41, 0x34, 0xe7, 0x7b, 0x76, 0x20,
  0xa9, 0x1d, 0x13, 0x2b, 0x4d, 0x0a, 0x32, 0x69, 0xa1, 0xc6, 0xc0, 0xeb,
  0x45, 0xfb, 0x1e, 0x7f, 0xe2, 0x3d, 0x2b, 0x0b, 0x02, 0x8a, 0xf5, 0x41,
  0xa0, 0x48, 0xe8, 0x8b, 0xe3, 0xf8, 0xff, 0x93, 0x3a, 0x0c, 0xe0, 0x41,
  0xe9, 0xd7, 0xb8, 0xaf, 0x91, 0xc4, 0x61, 0x14, 0xec, 0x19, 0xd5, 0x07,
  0x06, 0x4f, 0xc6, 0xde, 0x0e, 0xbd, 0xc0, 0xd1, 0x52, 0xd9, 0x14, 0xaa,
  0xeb, 0x07, 0x3b, 0x20, 0xa6, 0x23, 0x2b, 0x2f, 0x18, 0x73, 0x32, 0xb9,
  0x08, 0x16, 0xd0, 0xb5, 0xde, 0x4a, 0x8c, 0xf9, 0x30, 0xd0, 0x40, 0x30,
  0x37, 0x4a, 0xe4, 0x40, 0xee, 0x2f, 0x21, 0xe6, 0xf3, 0x30, 0xd3, 0xfb,
  0xff, 0x30, 0xe6, 0x48, 0xad, 0x48, 0x42, 0xc2, 0xfe, 0x0e, 0x22, 0x16,
  0xfb, 0x12, 0x12, 0x1c, 0xee, 0x11, 0x35, 0xd3, 0xd9, 0xeb, 0x81, 0x11,
  0xf1, 0x09, 0x11, 0x0d, 0x3d, 0xfa, 0xf5, 0xff, 0x0d, 0xdf, 0xf8, 0xf5,
  0xef, 0xdb, 0x39, 0xfa, 0xe3, 0x16, 0xf4, 0xff, 0x2f, 0xf0, 0xc8, 0x4d,
  0xd7, 0x4f, 0x47, 0x3d, 0xb8, 0x48, 0xb9, 0xa5, 0x1d, 0x38, 0x42, 0x45,
  0xe2, 0xdd, 0xb7, 0xee, 0x07, 0x2e, 0x36, 0xd0, 0x2b, 0x0c, 0xc3, 0x19,
  0x49, 0xbf, 0x02, 0xec, 0x38, 0x01, 0x1b, 0x4e, 0xe9, 0xfc, 0x37, 0xd8,
  0xea, 0xe6, 0xc0, 0x24, 0x08, 0x4d, 0x22, 0xc5, 0x3c, 0xf2, 0x95, 0x3b,
  0x31, 0xfb, 0xc4, 0xf0, 0x2e, 0x02, 0x9c, 0x3b, 0x81, 0xbb, 0xb1, 0xb1,
  0x05, 0x9f, 0xf5, 0x17, 0xd8, 0xf2, 0xf8, 0x0a, 0xe3, 0xc4, 0xcc, 0x11,
  0x2c, 0x0c, 0x1c, 0xf8, 0xf0, 0xf2, 0xd1, 0xc2, 0xad, 0x0e, 0x0a, 0x1a,
  0xee, 0x2e, 0x3d, 0x4d, 0xe1, 0x2a, 0xf5, 0x34, 0xe9, 0x39, 0x0b, 0xa5,
  0xb7, 0x2b, 0x03, 0xa6, 0xc3, 0x56, 0x98, 0xd2, 0x44, 0x29, 0x22, 0xc2,
  0x3b, 0x0c, 0xc1, 0x15, 0xc6, 0x4e, 0xdc, 0x0f, 0x3d, 0xff, 0x9f, 0xc8,
  0xeb, 0x07, 0xd0, 0xdb, 0xb1, 0xc7, 0xe6, 0x3a, 0xf9, 0x18, 0xda, 0xc5,
  0xcf, 0x1c, 0xf6, 0xd3, 0xd9, 0xac, 0xbe, 0xd5, 0x24, 0x12, 0xf5, 0xea,
  0x9c, 0x4a, 0xbc, 0xa8, 0x4b, 0xf0, 0xdc, 0x84, 0x12, 0x98, 0x16, 0xf8,
  0xcc, 0xbf, 0x50, 0xe8, 0xcf, 0x1f, 0x92, 0x19, 0x50, 0x18, 0x04, 0x30,
  0xab, 0xc7, 0x90, 0xb9, 0x70, 0xb9, 0xc6, 0xea, 0xf2, 0xd0, 0x3c, 0xeb,
  0x1b, 0xb2, 0xc6, 0x20, 0x04, 0xd9, 0xc6, 0x19, 0x1a, 0xdc, 0x00, 0x95,
  0x1d, 0xf3, 0xd3, 0x9b, 0x90, 0x81, 0x62, 0x1a, 0x01, 0xbf, 0xb2, 0xb2,
  0x14, 0x92, 0x07, 0xae, 0x19, 0x66, 0x09, 0xf9, 0xec, 0x94, 0x4b, 0x12,
  0x08, 0xdf, 0x9f, 0x3b, 0x07, 0x15, 0x2e, 0x28, 0xca, 0x28, 0xeb, 0x00,
  0xae, 0x94, 0x77, 0xd5, 0xed, 0xee, 0xae, 0x5d, 0x10, 0x43, 0xc3, 0x00,
  0x0d, 0xc6, 0xce, 0x36, 0xf1, 0x39, 0x28, 0xc9, 0x3e, 0xcf, 0x05, 0x41,
  0x04, 0x0a, 0x48, 0xcb, 0x4c, 0x05, 0x49, 0xc2, 0xee, 0xbb, 0x0e, 0xfd,
  0xb8, 0xc6, 0x1e, 0xf0, 0xae, 0x42, 0x81, 0x4c, 0x4c, 0x05, 0xf6, 0x1b,
  0x01, 0x02, 0x66, 0x47, 0xb2, 0xbc, 0xb4, 0xad, 0xf0, 0xb9, 0xc4, 0xc3,
  0xdb, 0x18, 0x4f, 0xc5, 0xc3, 0xec, 0x21, 0x9d, 0x2d, 0xa1, 0xda, 0x3b,
  0x46, 0xd7, 0x08, 0x3f, 0x1f, 0xe8, 0xce, 0xfd, 0x15, 0x94, 0x0a, 0x21,
  0xd7, 0x0d, 0x22, 0x36, 0x32, 0x03, 0xf4, 0x54, 0xb9, 0xe9, 0x61, 0xf4,
  0x46, 0xc9, 0xb8, 0x8c, 0xe3, 0xef, 0xd2, 0x2a, 0xe7, 0x38, 0xce, 0x70,
  0x50, 0xac, 0xdc, 0x1c, 0x21, 0x2c, 0x0d, 0xda, 0xde, 0xa3, 0x99, 0xe6,
  0xf2, 0xef, 0xdf, 0xf0, 0x28, 0xb0, 0x0c, 0xbc, 0xbe, 0xd5, 0x58, 0x11,
  0xbc, 0x15, 0x81, 0xc0, 0xda, 0x14, 0x05, 0x48, 0xd6, 0x1b, 0x45, 0xc1,
  0xa7, 0xb6, 0x32, 0xda, 0xe0, 0xe6, 0x8d, 0x38, 0xdf, 0x22, 0x42, 0xbb,
  0x04, 0xec, 0x2e, 0xf1, 0x44, 0xbf, 0x1f, 0x19, 0xa7, 0xdc, 0x99, 0x38,
  0xf9, 0xc6, 0xc8, 0x70, 0xe4, 0xb1, 0x51, 0xda, 0x34, 0x1d, 0xbb, 0x22,
  0x8d, 0xac, 0xf7, 0x0c, 0x15, 0xd5, 0xae, 0x0c, 0xeb, 0x40, 0x95, 0x19,
  0xd3, 0xbc, 0x0d, 0xbd, 0x67, 0x20, 0x3d, 0x27, 0x3b, 0xfd, 0xba, 0x08,
  0xbe, 0x09, 0xb6, 0xdd, 0x54, 0x45, 0x43, 0x47, 0x1c, 0xed, 0xa0, 0x8a,
  0xcc, 0x59, 0x33, 0x2d, 0x1a, 0x47, 0x64, 0x9f, 0xd4, 0x63, 0x01, 0x0c,
  0x5f, 0xd8, 0x1a, 0x34, 0x00, 0xba, 0xed, 0x34, 0x17, 0x2a, 0x3d, 0xda,
  0x2b, 0x33, 0xfe, 0xc0, 0xc2, 0xd4, 0xc7, 0xef, 0xb0, 0xb9, 0x27, 0x2b,
  0xdd, 0x35, 0xca, 0xfb, 0x22, 0xff, 0xcf, 0xf5, 0xe6, 0xf7, 0xef, 0xb4,
  0x10, 0x59, 0xf1, 0x60, 0x8a, 0x43, 0xd7, 0xe3, 0x41, 0xe0, 0xb8, 0x5c,
  0x81, 0x08, 0xbf, 0x8c, 0xe2, 0x31, 0x02, 0xf9, 0xe6, 0x1f, 0x55, 0xff,
  0xaa, 0x20, 0xfb, 0x68, 0x97, 0xdd, 0x03, 0xcd, 0x1f, 0xa6, 0x6c, 0x19,
  0x34, 0x50, 0x43, 0x02, 0xa7, 0xf0, 0x0c, 0x32, 0x2b, 0xd3, 0xbf, 0x46,
  0xcc, 0x6a, 0xac, 0x4a, 0x63, 0x0c, 0x4c, 0xb7, 0x14, 0x22, 0xcb, 0x35,
  0x05, 0x30, 0xd3, 0xb8, 0xd7, 0xf2, 0x37, 0xfe, 0xef, 0xc1, 0xad, 0x0e,
  0xeb, 0xe4, 0x5e, 0xbb, 0xb7, 0x03, 0x94, 0xa4, 0x00, 0x76, 0xb3, 0x47,
  0x41, 0xb8, 0xde, 0x35, 0x61, 0x1b, 0xf1, 0x43, 0xa7, 0xc6, 0x3c, 0x07,
  0xf8, 0x2e, 0x16, 0x38, 0x4c, 0xf4, 0x1e, 0x13, 0x6b, 0x59, 0x39, 0xc4,
  0xeb, 0x27, 0x06, 0xd7, 0xd5, 0x2c, 0x01, 0x46, 0x7f, 0xfd, 0x03, 0x03,
  0x1a, 0xcf, 0xd4, 0xef, 0xca, 0xa1, 0xa2, 0xd0, 0xea, 0xed, 0x85, 0x17,
  0xfd, 0x23, 0xce, 0x58, 0x15, 0xcd, 0x32, 0xde, 0xc8, 0xb1, 0xa5, 0xd8,
  0x35, 0xbb, 0xf7, 0xc4, 0x46, 0x0a, 0x29, 0x59, 0x9a, 0xff, 0xf2, 0xd1,
  0x9c, 0xfc, 0xcc, 0x01, 0xf4, 0xab, 0x82, 0x05, 0x4e, 0xc8, 0x2a, 0xc7,
  0x04, 0x2b, 0x5b, 0x00, 0x9d, 0x2d, 0x6b, 0x60, 0x34, 0x05, 0x53, 0x2c,
  0x04, 0x40, 0x16, 0xa9, 0xa4, 0xa9, 0x7f, 0xaa, 0x4a, 0x41, 0x38, 0xaa,
  0xef, 0xbc, 0xec, 0xbc, 0x6d, 0xf9, 0x08, 0x12, 0x10, 0x84, 0xde, 0x9d,
  0xea, 0xe3, 0xee, 0xd8, 0x5b, 0x4b, 0x6e, 0xdb, 0x4d, 0x21, 0x65, 0xf6,
  0xea, 0x87, 0xba, 0xc6, 0x93, 0x33, 0xc1, 0xab, 0xd2, 0x33, 0xf0, 0xe8,
  0x1c, 0x0d, 0xb5, 0x17, 0xdc, 0x9d, 0x4a, 0xd4, 0xdc, 0x1f, 0xe5, 0x1f,
  0x2e, 0x12, 0x8f, 0x6d, 0x18, 0xbf, 0x2e, 0x14, 0xff, 0xed, 0x1e, 0xa1,
  0x9d, 0xd7, 0xad, 0x90, 0xc5, 0xdf, 0x25, 0xce, 0xd5, 0x99, 0xa8, 0x11,
  0x04, 0xe5, 0xcf, 0x2b, 0x30, 0x26, 0x13, 0x81, 0xf3, 0x29, 0x85, 0xcd,
  0xf9, 0x59, 0x8e, 0x6f, 0x50, 0xe2, 0xbe, 0x13, 0xae, 0x52, 0x01, 0x28,
  0xf2, 0xaf, 0x5d, 0x2e, 0x4c, 0xe7, 0xd3, 0xb0, 0xf6, 0x9b, 0xf8, 0x50,
  0xcc, 0xbd, 0xf1, 0xa2, 0xe9, 0x22, 0x24, 0xe1, 0xce, 0xe8, 0x3a, 0x05,
  0x35, 0x3b, 0xb0, 0x46, 0x34, 0xa7, 0xfe, 0xd8, 0xfa, 0x40, 0xf2, 0x11,
  0xc2, 0xfc, 0xab, 0xf8, 0xba, 0x81, 0x38, 0xb8, 0x6d, 0xb0, 0x06, 0xfc,
  0xd7, 0xca, 0xdb, 0xfb, 0xf2, 0x16, 0x2f, 0x3a, 0xf3, 0xd1, 0xc9, 0xc8,
  0xa5, 0xe2, 0x19, 0xf0, 0x38, 0xc4, 0x0c, 0x41, 0x05, 0x18, 0x4a, 0xe1,
  0x1e, 0x09, 0x26, 0xc2, 0x2c, 0x12, 0xee, 0xd2, 0x39, 0x23, 0xb9, 0xd0,
  0x3a, 0xf7, 0x1b, 0x2b, 0x06, 0x1e, 0xf0, 0xc1, 0xe3, 0xa7, 0xc1, 0xa5,
  0x32, 0xde, 0x1c, 0xb2, 0xd1, 0x35, 0x08, 0x5c, 0xe5, 0x84, 0xec, 0xd0,
  0xf3, 0x94, 0x0d, 0x1e, 0x48, 0x36, 0xb8, 0x9b, 0x57, 0x0b, 0xc1, 0xf7,
  0x4c, 0xc8, 0x1e, 0x1b, 0xf9, 0x28, 0xa1, 0x1c, 0xc3, 0xda, 0xcb, 0x26,
  0x20, 0x23, 0x20, 0xf5, 0xbd, 0x4d, 0x00, 0x04, 0x33, 0x4e, 0x81, 0x40,
  0xbd, 0xb0, 0x4a, 0x91, 0xf4, 0x3d, 0x01, 0xf9, 0xd1, 0xad, 0x12, 0x50,
  0xad, 0x39, 0x11, 0xd9, 0x08, 0x44, 0xb0, 0x31, 0x26, 0xdd, 0x33, 0xc8,
  0xc0, 0x36, 0xba, 0xe4, 0xd7, 0x0f, 0x0b, 0xd6, 0x23, 0xbc, 0x2b, 0xfd,
  0x3d, 0x10, 0x16, 0x50, 0xa7, 0x54, 0xfb, 0xcb, 0xec, 0x36, 0xe1, 0x0f,
  0x22, 0xd8, 0xd4, 0xee, 0x2d, 0xb8, 0x56, 0xd4, 0xdc, 0xdb, 0xbf, 0x0b,
  0xe2, 0xdd, 0x1d, 0xcf, 0x35, 0xbf, 0x11, 0xc4, 0xf6, 0x57, 0x20, 0x1a,
  0x27, 0x29, 0x10, 0x50, 0x0b, 0x23, 0xe1, 0x4f, 0x23, 0x54, 0xe6, 0x22,
  0x1b, 0xa4, 0xa9, 0x32, 0xc1, 0x44, 0xfb, 0xe8, 0x9a, 0x9b, 0x59, 0x42,
  0x1f, 0xa0, 0x5d, 0xe6, 0xd3, 0x28, 0xdc, 0x57, 0x02, 0xdc, 0x05, 0x3e,
  0x10, 0x62, 0xac, 0xcc, 0xfa, 0xba, 0xb1, 0x44, 0x6f, 0xa6, 0x58, 0xb7,
  0xc1, 0xc8, 0x30, 0x06, 0xc0, 0x35, 0x5b, 0xfb, 0xbd, 0x89, 0xad, 0x0b,
  0xf1, 0x5d, 0x3a, 0xf6, 0xbe, 0x8f, 0x1b, 0xbe, 0xef, 0x39, 0xe8, 0xc4,
  0x29, 0x1c, 0x0f, 0x49, 0x7f, 0xee, 0xc8, 0xff, 0xd9, 0xd1, 0x4b, 0x28,
  0x12, 0x15, 0xf9, 0x4f, 0xe6, 0x37, 0xfc, 0xba, 0x76, 0x59, 0x52, 0x2d,
  0xbe, 0xe0, 0xf3, 0x5d, 0x20, 0x57, 0xf5, 0x19, 0x86, 0x51, 0xef, 0xad,
  0x3e, 0x53, 0x2e, 0x89, 0x38, 0x12, 0xcc, 0xc6, 0x69, 0x2d, 0x7e, 0xc5,
  0xa6, 0x5d, 0xd2, 0xed, 0x18, 0xd9, 0xea, 0x5e, 0xd4, 0xe2, 0x43, 0x1b,
  0xd7, 0x0c, 0x38, 0x36, 0x8a, 0x2d, 0xb1, 0xaa, 0x06, 0x40, 0x48, 0x97,
  0xdb, 0x2d, 0x3c, 0x11, 0xd3, 0x91, 0xf6, 0xf2, 0x10, 0x38, 0x74, 0x9a,
  0x2f, 0xa6, 0x3a, 0x40, 0xa7, 0x6a, 0xe3, 0x66, 0xff, 0x65, 0x10, 0xa2,
  0x22, 0xd5, 0x7b, 0xaa, 0x21, 0xe1, 0x59, 0x81, 0x09, 0xd1, 0xd7, 0xc1,
  0xe7, 0x2a, 0x3a, 0x8d, 0xaf, 0x5c, 0x9e, 0x43, 0x4c, 0x91, 0xd1, 0xb3,
  0xbf, 0xc1, 0x49, 0xe3, 0xe1, 0x17, 0xcf, 0xd9, 0xd2, 0x2e, 0x32, 0xc4,
  0xa6, 0xf4, 0x2d, 0x00, 0xf5, 0x1b, 0xb9, 0x1f, 0x0e, 0x2a, 0x0c, 0x13,
  0xfb, 0x2d, 0xfe, 0x45, 0xf9, 0x21, 0xfb, 0x07, 0xfd, 0x0e, 0x0a, 0xe9,
  0x13, 0xef, 0xbf, 0xb9, 0x81, 0x29, 0x2a, 0x12, 0xca, 0xc8, 0xf5, 0x11,
  0x24, 0x31, 0x2a, 0x1e, 0xa8, 0xc2, 0xcb, 0xcc, 0x28, 0x1f, 0xd0, 0x58,
  0x1d, 0x0e, 0xf8, 0x07, 0xf8, 0xee, 0x20, 0x45, 0x4b, 0x3e, 0xfb, 0xd1,
  0xc7, 0x00, 0x1d, 0xf3, 0x02, 0xfa, 0x03, 0x1e, 0x30, 0xd8, 0xed, 0xfd,
  0xea, 0xf6, 0xe7, 0xcf, 0x0d, 0x04, 0xc8, 0xff, 0x14, 0xdb, 0x04, 0x42,
  0xc6, 0xbd, 0x06, 0x2f, 0x36, 0xec, 0x27, 0x22, 0xde, 0xef, 0xed, 0xca,
  0x44, 0x5b, 0xef, 0x81, 0x18, 0x35, 0xae, 0xda, 0xef, 0x9b, 0xeb, 0x42,
  0xcd, 0x18, 0x0c, 0x1b, 0xaf, 0xe3, 0x0c, 0x8c, 0xe0, 0x13, 0x86, 0x99,
  0x17, 0xf4, 0xe5, 0xde, 0x08, 0xec, 0x39, 0x3c, 0xde, 0x1a, 0xb0, 0x0b,
  0xd6, 0x1e, 0xab, 0x35, 0x27, 0x29, 0xa0, 0x30, 0xb4, 0x0e, 0xe1, 0x0d,
  0x2a, 0x4e, 0xde, 0xea, 0x38, 0x7f, 0x2f, 0xcc, 0x50, 0x19, 0x4b, 0x45,
  0x29, 0x46, 0x45, 0x54, 0x88, 0x14, 0x6a, 0xc6, 0xd8, 0x74, 0x2c, 0xf7,
  0xa1, 0x1d, 0x09, 0x03, 0xd9, 0x55, 0x68, 0x3e, 0x61, 0x52, 0x66, 0x3f,
  0x60, 0xf0, 0x8d, 0x61, 0x29, 0xc8, 0xe0, 0x2c, 0x1d, 0xc4, 0x26, 0xbc,
  0x5c, 0xdc, 0xd4, 0xb5, 0xaa, 0x0c, 0xd6, 0xb7, 0xb0, 0xbf, 0x98, 0xf1,
  0xcd, 0x14, 0xbf, 0x11, 0x24, 0xb4, 0x3e, 0x1c, 0xe7, 0x07, 0x1b, 0x1f,
  0xc0, 0xb1, 0xfd, 0x14, 0x2f, 0xe1, 0x9d, 0xd7, 0x37, 0xba, 0x41, 0x5e,
  0x54, 0x8a, 0x81, 0xb0, 0x40, 0x2a, 0xe0, 0x08, 0xb3, 0x12, 0x4f, 0xe7,
  0xde, 0xf4, 0xda, 0x11, 0x99, 0xa0, 0x43, 0xbe, 0xe9, 0xd9, 0xff, 0x51,
  0x3b, 0xfa, 0xd6, 0x8c, 0xf0, 0x93, 0x5d, 0x2b, 0x2a, 0x01, 0xd4, 0xda,
  0x41, 0x09, 0xae, 0xde, 0xad, 0xee, 0xac, 0x1c, 0xec, 0x70, 0xf8, 0xfa,
  0xdd, 0x3b, 0xce, 0xc7, 0x1e, 0xf9, 0xff, 0xff, 0x04, 0x00, 0x00, 0x00,
  0x80, 0x00, 0x00, 0x00, 0x89, 0xfc, 0xff, 0xff, 0xc0, 0xfd, 0xff, 0xff,
  0x93, 0xfc, 0xff, 0xff, 0xb7, 0xfc, 0xff, 0xff, 0x1e, 0x01, 0x00, 0x00,
  0xd3, 0xfe, 0xff, 0xff, 0x13, 0xfc, 0xff, 0xff, 0x41, 0xfa, 0xff, 0xff,
  0x77, 0x01, 0x00, 0x00, 0x98, 0xfc, 0xff, 0xff, 0xd1, 0xfd, 0xff, 0xff,
  0x64, 0xfd, 0xff, 0xff, 0x9a, 0xfb, 0xff, 0xff, 0x76, 0xfc, 0xff, 0xff,
  0x80, 0xff, 0xff, 0xff, 0x07, 0xff, 0xff, 0xff, 0x37, 0xfc, 0xff, 0xff,
  0x03, 0xff, 0xff, 0xff, 0x6a, 0xfb, 0xff, 0xff, 0xe7, 0xfe, 0xff, 0xff,
  0xf7, 0xfd, 0xff, 0xff, 0x3c, 0xfa, 0xff, 0xff, 0x6a, 0xfc, 0xff, 0xff,
  0xf9, 0xfc, 0xff, 0xff, 0xdf, 0xfb, 0xff, 0xff, 0xfb, 0xfd, 0xff, 0xff,
  0x9c, 0xff, 0xff, 0xff, 0x68, 0xfc, 0xff, 0xff, 0x68, 0xfe, 0xff, 0xff,
  0xad, 0xfb, 0xff, 0xff, 0xba, 0xfb, 0xff, 0xff, 0xe0, 0xfb, 0xff, 0xff,
  0xaa, 0xf9, 0xff, 0xff, 0x04, 0x00, 0x00, 0x00, 0x20, 0x00, 0x00, 0x00,
  0x7b, 0x02, 0x0e, 0x7c, 0xdf, 0x44, 0x32, 0x7f, 0xf5, 0x45, 0x2a, 0xf7,
  0xff, 0x40, 0xfb, 0x12, 0x07, 0x2c, 0x69, 0xfb, 0x3c, 0x05, 0xf1, 0xf6,
  0x36, 0x12, 0x06, 0xd7, 0xe4, 0x53, 0x05, 0x4f, 0xd6, 0xf9, 0xff, 0xff,
  0x04, 0x00, 0x00, 0x00, 0x20, 0x00, 0x00, 0x00, 0x26, 0x80, 0xc4, 0xf8,
  0xbf, 0xc8, 0x99, 0xfd, 0xc6, 0xd5, 0xbc, 0xde, 0xef, 0xdd, 0xf3, 0xcc,
  0xc5, 0xc6, 0xe8, 0xbb, 0xf3, 0x00, 0xed, 0xe6, 0xbb, 0xe6, 0xe2, 0xe5,
  0xce, 0xfa, 0xc2, 0xe3, 0x02, 0xfa, 0xff, 0xff, 0x04, 0x00, 0x00, 0x00,
  0x00, 0x04, 0x00, 0x00, 0x5e, 0x9a, 0x04, 0xf1, 0x5e, 0xa1, 0xd0, 0x7f,
  0x28, 0x7f, 0x0f, 0x5e, 0xad, 0x08, 0x06, 0xb5, 0xf6, 0x0c, 0xbe, 0x30,
  0x41, 0x86, 0x19, 0x07, 0x11, 0xb4, 0x26, 0x07, 0xbc, 0x38, 0xbb, 0xbb,
  0x23, 0xdb, 0x3d, 0x23, 0x36, 0xcf, 0x9b, 0x70, 0xbf, 0xf1, 0x63, 0x6f,
  0x8e, 0x2a, 0x34, 0x9e, 0xd5, 0x57, 0x00, 0x17, 0xe1, 0x37, 0x11, 0xad,
  0xfd, 0x38, 0x2f, 0x5b, 0x81, 0x91, 0xdb, 0x5d, 0x15, 0x50, 0xf1, 0xe0,
  0x49, 0xce, 0x81, 0x27, 0xe7, 0x2d, 0x3d, 0xe9, 0xc4, 0x0b, 0x47, 0x8f,
  0x0e, 0xa9, 0x16, 0xbc, 0xe8, 0xda, 0x29, 0x2b, 0xf3, 0xfd, 0x18, 0x49,
  0x08, 0xbc, 0x1a, 0x01, 0x0d, 0x6c, 0x2a, 0x47, 0xcf, 0x05, 0x05, 0x4d,
  0x2b, 0xad, 0x01, 0x55, 0xb4, 0x43, 0xe8, 0xd2, 0x04, 0xcb, 0x55, 0x28,
  0x23, 0x4c, 0xe3, 0x05, 0xb6, 0x19, 0x3f, 0xf0, 0xe9, 0x81, 0xe7, 0x1c,
  0x63, 0xaa, 0xee, 0xd6, 0xe3, 0x52, 0x08, 0xbb, 0x31, 0x3a, 0xe8, 0xb3,
  0x39, 0x81, 0xe7, 0xd2, 0x3e, 0xd8, 0x19, 0xcd, 0x1a, 0x07, 0xe1, 0x0f,
  0x9b, 0x29, 0xed, 0xdb, 0x65, 0x3c, 0xb5, 0x9e, 0x2a, 0xdd, 0x04, 0xe9,
  0xf6, 0x39, 0xca, 0xcb, 0xfa, 0x42, 0x81, 0xfb, 0x99, 0x1d, 0xfa, 0xf5,
  0xe0, 0xd5, 0xef, 0x58, 0x5b, 0x3b, 0x57, 0xfe, 0x61, 0x23, 0xad, 0xd5,
  0xc6, 0x49, 0x9a, 0x25, 0x4a, 0x7f, 0xb6, 0x1f, 0xa4, 0x09, 0xed, 0x66,
  0xee, 0x20, 0xc5, 0xed, 0x9d, 0x2d, 0xad, 0xfa, 0x35, 0xa2, 0x6a, 0x6b,
  0x37, 0xca, 0xcc, 0x4f, 0xe1, 0xf1, 0x16, 0x4d, 0x38, 0xae, 0xef, 0x74,
  0x43, 0xe6, 0x12, 0x92, 0x44, 0xc2, 0x02, 0x9f, 0x1a, 0x40, 0x31, 0xd6,
  0xbb, 0xc0, 0xaa, 0xfc, 0x3d, 0x9d, 0x81, 0x3c, 0x15, 0xfe, 0x30, 0x15,
  0xe6, 0x02, 0xd7, 0x31, 0xe2, 0x1e, 0x06, 0x40, 0xc9, 0x01, 0xac, 0xbf,
  0xe7, 0xe5, 0xbb, 0x98, 0x0a, 0xcc, 0x0f, 0x05, 0x3d, 0xac, 0x49, 0x1e,
  0x14, 0x29, 0x81, 0xcb, 0x19, 0x3d, 0x5b, 0xd6, 0x56, 0xa8, 0x17, 0x3b,
  0xff, 0x00, 0x3c, 0x9a, 0x29, 0xd0, 0x6c, 0xab, 0x14, 0x95, 0x22, 0x78,
  0x7f, 0x9f, 0x70, 0xb6, 0xe8, 0x61, 0xd5, 0xd1, 0xaa, 0x50, 0xe7, 0xe8,
  0x5d, 0x2c, 0x13, 0xb5, 0xd4, 0x1d, 0x06, 0x3d, 0x93, 0x0e, 0x48, 0x22,
  0xca, 0x39, 0x92, 0x6f, 0xf5, 0x56, 0xc6, 0x08, 0x41, 0x95, 0x1e, 0x64,
  0x7f, 0x2e, 0xc7, 0xf0, 0x52, 0xac, 0x12, 0xc5, 0x60, 0x3c, 0xca, 0xb9,
  0x2d, 0xc8, 0x9a, 0xa3, 0xda, 0xb0, 0x35, 0x0d, 0x18, 0x78, 0x53, 0x19,
  0xa4, 0xd3, 0x4e, 0xe4, 0xab, 0x95, 0xba, 0x05, 0xb9, 0x41, 0x30, 0xd3,
  0x6d, 0x6b, 0x7f, 0x28, 0x61, 0x01, 0xb6, 0x36, 0xa0, 0xc1, 0x3a, 0xb6,
  0x8e, 0x11, 0x77, 0x43, 0xed, 0xed, 0x2b, 0x51, 0xea, 0x96, 0xab, 0x3f,
  0x00, 0x7f, 0x3e, 0x32, 0x63, 0x8b, 0xfc, 0xa6, 0x0e, 0x06, 0xc0, 0x47,
  0x56, 0xdd, 0xd2, 0x30, 0xba, 0xd2, 0xf0, 0x8f, 0x3b, 0x60, 0xfa, 0xf3,
  0xc5, 0x7f, 0x07, 0x6b, 0x3d, 0xfb, 0x7d, 0xb1, 0x2f, 0xe5, 0xdc, 0x53,
  0x51, 0x09, 0x5b, 0xb1, 0x19, 0x7b, 0x23, 0xf9, 0xd1, 0x76, 0x0f, 0xc0,
  0x53, 0xad, 0x3e, 0x34, 0x23, 0xcf, 0x3c, 0x35, 0xfb, 0x8e, 0x97, 0xc0,
  0xcd, 0xd2, 0xbd, 0x86, 0x2e, 0xe1, 0x0d, 0xfd, 0x19, 0xc2, 0xcd, 0xff,
  0xfb, 0xc1, 0x99, 0x3f, 0xc0, 0x28, 0x58, 0x58, 0x7f, 0xe2, 0xdc, 0x8c,
  0xf6, 0xab, 0x2c, 0xea, 0xbe, 0xa9, 0x4d, 0x81, 0x28, 0x05, 0x20, 0x08,
  0x31, 0x53, 0x29, 0x6e, 0x45, 0x64, 0x38, 0xbe, 0xac, 0xef, 0xdb, 0x18,
  0x12, 0x8b, 0x8f, 0x46, 0x74, 0x98, 0xf9, 0x0a, 0x44, 0x02, 0x97, 0xfc,
  0xda, 0x0b, 0x2c, 0x99, 0x59, 0xda, 0xd3, 0x16, 0xfc, 0x53, 0x4e, 0x52,
  0xe5, 0x81, 0x15, 0x34, 0xd0, 0x9d, 0x14, 0x54, 0x47, 0x05, 0xda, 0xca,
  0xeb, 0xbd, 0xf0, 0xca, 0x45, 0x70, 0xf4, 0xad, 0xef, 0x00, 0xbd, 0xec,
  0xf3, 0x65, 0x38, 0x56, 0xcc, 0xd6, 0xe4, 0x5a, 0x06, 0xcd, 0x4c, 0x9e,
  0x5c, 0xab, 0x26, 0x12, 0x55, 0xb2, 0x30, 0x47, 0x28, 0x11, 0x49, 0x1a,
  0x15, 0x81, 0xf8, 0xc7, 0x49, 0xd6, 0xc9, 0xb2, 0xf1, 0xa2, 0x81, 0xcb,
  0xd2, 0xf5, 0x9d, 0xde, 0x11, 0x20, 0x68, 0xbc, 0x9c, 0x9e, 0x14, 0x0d,
  0x4f, 0xff, 0x23, 0x2c, 0x7a, 0x2c, 0x14, 0xe0, 0x0f, 0xf3, 0xee, 0xb8,
  0xe6, 0xa1, 0x5b, 0x51, 0xd7, 0xad, 0xf2, 0xa5, 0xd3, 0xc2, 0x36, 0x94,
  0xd4, 0x92, 0x08, 0x64, 0x11, 0xf3, 0x81, 0xf1, 0x23, 0xff, 0x43, 0xc8,
  0x42, 0xb2, 0x60, 0x00, 0x4e, 0x12, 0xf1, 0xce, 0xe9, 0x7f, 0x96, 0xc9,
  0xcd, 0x58, 0xba, 0x3c, 0x2d, 0xa1, 0xda, 0x3a, 0xcf, 0x55, 0xaf, 0xe7,
  0x4a, 0x68, 0x1f, 0x01, 0x53, 0xcd, 0x21, 0x50, 0x9a, 0x40, 0x22, 0xf9,
  0x1d, 0xbf, 0x2f, 0xfa, 0xf3, 0xc9, 0x48, 0x0d, 0x00, 0x81, 0x8c, 0x34,
  0xd6, 0x47, 0xaa, 0x52, 0xf5, 0x39, 0x07, 0x2e, 0xeb, 0x9e, 0xea, 0x49,
  0x56, 0x91, 0xe4, 0xdc, 0xfa, 0x05, 0x5c, 0x01, 0x0d, 0xe8, 0x8f, 0x66,
  0x4b, 0x10, 0xd3, 0x56, 0x2c, 0xc4, 0x3e, 0x14, 0x8b, 0xc5, 0x21, 0xd4,
  0x1b, 0xd1, 0x4f, 0x15, 0x7f, 0x1b, 0xc7, 0x0e, 0x1b, 0x15, 0xce, 0xb7,
  0x68, 0x9b, 0x91, 0xff, 0xbf, 0xfd, 0x39, 0xc9, 0x47, 0x06, 0x08, 0x22,
  0x04, 0x1d, 0x82, 0x4e, 0x3f, 0x23, 0xc3, 0x0f, 0xd9, 0x33, 0xd5, 0xe8,
  0x24, 0xe6, 0xe1, 0x43, 0x4c, 0xa9, 0xf4, 0x42, 0x7f, 0xfc, 0xf8, 0xcb,
  0x38, 0xf9, 0xe0, 0x3e, 0xbf, 0x36, 0xbb, 0x3f, 0xea, 0xd8, 0xa5, 0x35,
  0x08, 0xf3, 0x3b, 0x35, 0xee, 0x49, 0xd7, 0xce, 0xdf, 0x39, 0x7f, 0x4c,
  0x0a, 0xbd, 0xf5, 0x22, 0x27, 0x40, 0xf8, 0x40, 0x33, 0x8c, 0x44, 0x45,
  0x0e, 0x20, 0x0f, 0xa8, 0xbd, 0xfc, 0xc0, 0xce, 0x00, 0x7f, 0xcc, 0x1f,
  0x26, 0xce, 0x16, 0x15, 0x4c, 0xbb, 0xc0, 0xd5, 0x24, 0xbc, 0xde, 0xc8,
  0xb8, 0xd0, 0x26, 0xfb, 0x54, 0x08, 0x07, 0x29, 0x76, 0x5d, 0xeb, 0xdb,
  0x12, 0x0e, 0x34, 0x97, 0x8d, 0x7f, 0x88, 0xe4, 0x1a, 0x38, 0x8f, 0x63,
  0x18, 0xf8, 0xd2, 0x89, 0x18, 0x47, 0xb7, 0x06, 0x94, 0x1d, 0x29, 0x20,
  0x02, 0x71, 0xcf, 0x9f, 0x9c, 0x65, 0x55, 0x03, 0xac, 0xc2, 0x04, 0x03,
  0x5e, 0xa6, 0xf1, 0x9a, 0x86, 0x7a, 0x23, 0xe0, 0x1b, 0x3e, 0x35, 0x66,
  0x78, 0x7b, 0x9b, 0x51, 0xb2, 0x1e, 0xfe, 0xa5, 0x10, 0x00, 0x7f, 0xe8,
  0x69, 0x3d, 0x07, 0xe4, 0xd8, 0xc1, 0xf6, 0x12, 0x1c, 0x34, 0x1a, 0xe1,
  0x23, 0xc6, 0xf2, 0xdf, 0x2b, 0xda, 0xd6, 0xc5, 0xff, 0xd3, 0x81, 0x24,
  0x5d, 0xa4, 0x61, 0xf9, 0x1c, 0xf6, 0xfe, 0x28, 0x0e, 0x38, 0xee, 0xec,
  0x2e, 0x28, 0x81, 0x1e, 0xca, 0xf2, 0x41, 0x01, 0x1c, 0x4a, 0xf3, 0xdc,
  0x18, 0xe6, 0x4e, 0x3d, 0xf9, 0xb6, 0xc5, 0x24, 0x53, 0xd7, 0xe5, 0x46,
  0x23, 0x08, 0x07, 0x26, 0x42, 0x37, 0x15, 0xdd, 0x1c, 0x0e, 0xb1, 0x68,
  0xeb, 0xd3, 0x1d, 0x45, 0xfa, 0x0c, 0x21, 0xe6, 0x13, 0xa5, 0x7f, 0xdc,
  0x10, 0x29, 0x8e, 0x22, 0x3b, 0xe6, 0xd6, 0x1a, 0xb9, 0xa5, 0xeb, 0x7b,
  0x13, 0xab, 0x5d, 0x81, 0xe4, 0x07, 0xf1, 0x9c, 0x91, 0xfb, 0xf8, 0x9c,
  0xa5, 0xc2, 0xc1, 0xd0, 0xa3, 0xa7, 0x9a, 0x51, 0x8c, 0x2c, 0xe0, 0x27,
  0x49, 0x6c, 0x28, 0xc2, 0x14, 0xeb, 0x0c, 0x95, 0x0e, 0xfe, 0xff, 0xff,
  0x04, 0x00, 0x00, 0x00, 0x80, 0x00, 0x00, 0x00, 0x2a, 0x07, 0x00, 0x00,
  0x90, 0xfe, 0xff, 0xff, 0x1f, 0xfe, 0xff, 0xff, 0x69, 0x04, 0x00, 0x00,
  0xe5, 0x0e, 0x00, 0x00, 0x8c, 0xfa, 0xff, 0xff, 0xe0, 0x00, 0x00, 0x00,
  0x41, 0xf7, 0xff, 0xff, 0x6a, 0x0e, 0x00, 0x00, 0xe9, 0xfe, 0xff, 0xff,
  0xa6, 0x01, 0x00, 0x00, 0x52, 0xfe, 0xff, 0xff, 0x24, 0xf8, 0xff, 0xff,
  0x5c, 0xff, 0xff, 0xff, 0x21, 0x03, 0x00, 0x00, 0x67, 0x00, 0x00, 0x00,
  0x80, 0xfc, 0xff, 0xff, 0x12, 0xf6, 0xff, 0xff, 0xa7, 0x02, 0x00, 0x00,
  0xe6, 0x0c, 0x00, 0x00, 0x8c, 0x05, 0x00, 0x00, 0xca, 0x04, 0x00, 0x00,
  0xa2, 0x02, 0x00, 0x00, 0x50, 0xfd, 0xff, 0xff, 0x2d, 0x0b, 0x00, 0x00,
  0xfc, 0x00, 0x00, 0x00, 0xea, 0x0b, 0x00, 0x00, 0x58, 0xf3, 0xff, 0xff,
  0xee, 0xfc, 0xff, 0xff, 0x8c, 0xfa, 0xff, 0xff, 0x6d, 0x03, 0x00, 0x00,
  0xf8, 0x02, 0x00, 0x00, 0x9a, 0xfe, 0xff, 0xff, 0x04, 0x00, 0x00, 0x00,
  0x80, 0x00, 0x00, 0x00, 0x49, 0x27, 0xf9, 0x81, 0x48, 0x1c, 0xe1, 0x33,
  0x25, 0xea, 0xc7, 0xce, 0x57, 0xb3, 0x2e, 0x5d, 0x47, 0xe2, 0x1b, 0x2e,
  0xb2, 0x3b, 0xf4, 0x29, 0xcb, 0x50, 0x01, 0x8c, 0x52, 0xdc, 0xb5, 0x23,
  0xd7, 0xc5, 0x1b, 0x8e, 0x1a, 0x19, 0x22, 0x36, 0x5b, 0x81, 0xfe, 0x3b,
  0xe3, 0x19, 0x57, 0x53, 0xb0, 0x30, 0x0f, 0x34, 0x20, 0xf1, 0x52, 0xef,
  0xca, 0x3a, 0x19, 0xc6, 0x67, 0xba, 0x8e, 0x1d, 0xbd, 0x5a, 0xe1, 0x1f,
  0x4f, 0x8d, 0x2d, 0xd5, 0x39, 0xf5, 0x5a, 0x46, 0xfa, 0x30, 0x38, 0x93,
  0xde, 0xfb, 0x81, 0x35, 0x32, 0xbb, 0x30, 0xb9, 0x0e, 0xa6, 0xe2, 0xf4,
  0x8c, 0xc0, 0xd6, 0xd8, 0x1c, 0x6e, 0x6d, 0x08, 0xd5, 0x40, 0x7b, 0xac,
  0xe7, 0x02, 0xfe, 0x5a, 0xcc, 0xf1, 0xc7, 0x46, 0xb0, 0x50, 0x07, 0xaa,
  0x0c, 0x3a, 0xba, 0x5d, 0x2f, 0xe5, 0x8f, 0x1e, 0x42, 0x5d, 0x56, 0x81,
  0x26, 0xff, 0xff, 0xff, 0x04, 0x00, 0x00, 0x00, 0x10, 0x00, 0x00, 0x00,
  0x03, 0xfb, 0xff, 0xff, 0x78, 0x09, 0x00, 0x00, 0xbd, 0x15, 0x00, 0x00,
  0xb0, 0xe7, 0xff, 0xff, 0x42, 0xff, 0xff, 0xff, 0x04, 0x00, 0x00, 0x00,
  0x08, 0x00, 0x00, 0x00, 0x01, 0x00, 0x00, 0x00, 0x02, 0x00, 0x00, 0x00,
  0x58, 0xe1, 0xff, 0xff, 0x5c, 0xe1, 0xff, 0xff, 0x0f, 0x00, 0x00, 0x00,
  0x4d, 0x4c, 0x49, 0x52, 0x20, 0x43, 0x6f, 0x6e, 0x76, 0x65, 0x72, 0x74,
  0x65, 0x64, 0x2e, 0x00, 0x01, 0x00, 0x00, 0x00, 0x14, 0x00, 0x00, 0x00,
  0x00, 0x00, 0x0e, 0x00, 0x18, 0x00, 0x14, 0x00, 0x10, 0x00, 0x0c, 0x00,
  0x08, 0x00, 0x04, 0x00, 0x0e, 0x00, 0x00, 0x00, 0x14, 0x00, 0x00, 0x00,
  0x1c, 0x00, 0x00, 0x00, 0x3c, 0x03, 0x00, 0x00, 0x40, 0x03, 0x00, 0x00,
  0x44, 0x03, 0x00, 0x00, 0x04, 0x00, 0x00, 0x00, 0x6d, 0x61, 0x69, 0x6e,
  0x00, 0x00, 0x00, 0x00, 0x0d, 0x00, 0x00, 0x00, 0xd8, 0x02, 0x00, 0x00,
  0x94, 0x02, 0x00, 0x00, 0x50, 0x02, 0x00, 0x00, 0x10, 0x02, 0x00, 0x00,
  0xdc, 0x01, 0x00, 0x00, 0xa8, 0x01, 0x00, 0x00, 0x68, 0x01, 0x00, 0x00,
  0x34, 0x01, 0x00, 0x00, 0x00, 0x01, 0x00, 0x00, 0xcc, 0x00, 0x00, 0x00,
  0x88, 0x00, 0x00, 0x00, 0x40, 0x00, 0x00, 0x00, 0x04, 0x00, 0x00, 0x00,
  0x92, 0xff, 0xff, 0xff, 0x1c, 0x00, 0x00, 0x00, 0x00, 0x00, 0x00, 0x09,
  0x1c, 0x00, 0x00, 0x00, 0x20, 0x00, 0x00, 0x00, 0x05, 0x00, 0x00, 0x00,
  0x00, 0x00, 0x06, 0x00, 0x08, 0x00, 0x04, 0x00, 0x06, 0x00, 0x00, 0x00,
  0x00, 0x00, 0x80, 0x3f, 0x01, 0x00, 0x00, 0x00, 0x1e, 0x00, 0x00, 0x00,
  0x01, 0x00, 0x00, 0x00, 0x1d, 0x00, 0x00, 0x00, 0xe2, 0xfd, 0xff, 0xff,
  0x14, 0x00, 0x00, 0x00, 0x00, 0x00, 0x00, 0x08, 0x10, 0x00, 0x00, 0x00,
  0x14, 0x00, 0x00, 0x00, 0x04, 0x00, 0x00, 0x00, 0x38, 0xe2, 0xff, 0xff,
  0x01, 0x00, 0x00, 0x00, 0x1d, 0x00, 0x00, 0x00, 0x03, 0x00, 0x00, 0x00,
  0x1c, 0x00, 0x00, 0x00, 0x03, 0x00, 0x00, 0x00, 0x02, 0x00, 0x00, 0x00,
  0x00, 0x00, 0x0e, 0x00, 0x1a, 0x00, 0x14, 0x00, 0x10, 0x00, 0x0c, 0x00,
  0x0b, 0x00, 0x04, 0x00, 0x0e, 0x00, 0x00, 0x00, 0x1c, 0x00, 0x00, 0x00,
  0x00, 0x00, 0x00, 0x08, 0x1c, 0x00, 0x00, 0x00, 0x20, 0x00, 0x00, 0x00,
  0x04, 0x00, 0x00, 0x00, 0x00, 0x00, 0x06, 0x00, 0x08, 0x00, 0x07, 0x00,
  0x06, 0x00, 0x00, 0x00, 0x00, 0x00, 0x00, 0x01, 0x01, 0x00, 0x00, 0x00,
  0x1c, 0x00, 0x00, 0x00, 0x03, 0x00, 0x00, 0x00, 0x1b, 0x00, 0x00, 0x00,
  0x05, 0x00, 0x00, 0x00, 0x04, 0x00, 0x00, 0x00, 0x66, 0xfe, 0xff, 0xff,
  0x14, 0x00, 0x00, 0x00, 0x00, 0x00, 0x00, 0x1b, 0x10, 0x00, 0x00, 0x00,
  0x14, 0x00, 0x00, 0x00, 0x03, 0x00, 0x00, 0x00, 0xbc, 0xe2, 0xff, 0xff,
  0x01, 0x00, 0x00, 0x00, 0x1b, 0x00, 0x00, 0x00, 0x02, 0x00, 0x00, 0x00,
  0x1a, 0x00, 0x00, 0x00, 0x01, 0x00, 0x00, 0x00, 0x96, 0xfe, 0xff, 0xff,
  0x14, 0x00, 0x00, 0x00, 0x00, 0x00, 0x00, 0x0b, 0x10, 0x00, 0x00, 0x00,
  0x14, 0x00, 0x00, 0x00, 0x02, 0x00, 0x00, 0x00, 0xec, 0xe2, 0xff, 0xff,
  0x01, 0x00, 0x00, 0x00, 0x1a, 0x00, 0x00, 0x00, 0x02, 0x00, 0x00, 0x00,
  0x19, 0x00, 0x00, 0x00, 0x06, 0x00, 0x00, 0x00, 0xc6, 0xfe, 0xff, 0xff,
  0x14, 0x00, 0x00, 0x00, 0x00, 0x00, 0x00, 0x15, 0x10, 0x00, 0x00, 0x00,
  0x14, 0x00, 0x00, 0x00, 0x01, 0x00, 0x00, 0x00, 0x1c, 0xe3, 0xff, 0xff,
  0x01, 0x00, 0x00, 0x00, 0x19, 0x00, 0x00, 0x00, 0x02, 0x00, 0x00, 0x00,
  0x18, 0x00, 0x00, 0x00, 0x07, 0x00, 0x00, 0x00, 0xb6, 0xfe, 0xff, 0xff,
  0x10, 0x00, 0x00, 0x00, 0x00, 0x00, 0x00, 0x01, 0x18, 0x00, 0x00, 0x00,
  0x1c, 0x00, 0x00, 0x00, 0xa8, 0xfe, 0xff, 0xff, 0x00, 0x00, 0x00, 0x01,
  0x01, 0x00, 0x00, 0x00, 0x01, 0x00, 0x00, 0x00, 0x01, 0x00, 0x00, 0x00,
  0x18, 0x00, 0x00, 0x00, 0x03, 0x00, 0x00, 0x00, 0x17, 0x00, 0x00, 0x00,
  0x09, 0x00, 0x00, 0x00, 0x08, 0x00, 0x00, 0x00, 0x32, 0xff, 0xff, 0xff,
  0x14, 0x00, 0x00, 0x00, 0x00, 0x00, 0x00, 0x0b, 0x10, 0x00, 0x00, 0x00,
  0x14, 0x00, 0x00, 0x00, 0x02, 0x00, 0x00, 0x00, 0x88, 0xe3, 0xff, 0xff,
  0x01, 0x00, 0x00, 0x00, 0x17, 0x00, 0x00, 0x00, 0x02, 0x00, 0x00, 0x00,
  0x16, 0x00, 0x00, 0x00, 0x0a, 0x00, 0x00, 0x00, 0x62, 0xff, 0xff, 0xff,
  0x14, 0x00, 0x00, 0x00, 0x00, 0x00, 0x00, 0x15, 0x10, 0x00, 0x00, 0x00,
  0x14, 0x00, 0x00, 0x00, 0x01, 0x00, 0x00, 0x00, 0xb8, 0xe3, 0xff, 0xff,
  0x01, 0x00, 0x00, 0x00, 0x16, 0x00, 0x00, 0x00, 0x02, 0x00, 0x00, 0x00,
  0x15, 0x00, 0x00, 0x00, 0x0b, 0x00, 0x00, 0x00, 0x52, 0xff, 0xff, 0xff,
  0x10, 0x00, 0x00, 0x00, 0x00, 0x00, 0x00, 0x01, 0x18, 0x00, 0x00, 0x00,
  0x1c, 0x00, 0x00, 0x00, 0x44, 0xff, 0xff, 0xff, 0x00, 0x00, 0x00, 0x01,
  0x01, 0x00, 0x00, 0x00, 0x01, 0x00, 0x00, 0x00, 0x01, 0x00, 0x00, 0x00,
  0x15, 0x00, 0x00, 0x00, 0x03, 0x00, 0x00, 0x00, 0x14, 0x00, 0x00, 0x00,
  0x0d, 0x00, 0x00, 0x00, 0x0c, 0x00, 0x00, 0x00, 0xce, 0xff, 0xff, 0xff,
  0x14, 0x00, 0x00, 0x00, 0x00, 0x00, 0x00, 0x0b, 0x10, 0x00, 0x00, 0x00,
  0x14, 0x00, 0x00, 0x00, 0x02, 0x00, 0x00, 0x00, 0x24, 0xe4, 0xff, 0xff,
  0x01, 0x00, 0x00, 0x00, 0x14, 0x00, 0x00, 0x00, 0x02, 0x00, 0x00, 0x00,
  0x13, 0x00, 0x00, 0x00, 0x0e, 0x00, 0x00, 0x00, 0x00, 0x00, 0x0e, 0x00,
  0x18, 0x00, 0x14, 0x00, 0x10, 0x00, 0x0c, 0x00, 0x0b, 0x00, 0x04, 0x00,
  0x0e, 0x00, 0x00, 0x00, 0x14, 0x00, 0x00, 0x00, 0x00, 0x00, 0x00, 0x15,
  0x10, 0x00, 0x00, 0x00, 0x14, 0x00, 0x00, 0x00, 0x01, 0x00, 0x00, 0x00,
  0x64, 0xe4, 0xff, 0xff, 0x01, 0x00, 0x00, 0x00, 0x13, 0x00, 0x00, 0x00,
  0x02, 0x00, 0x00, 0x00, 0x12, 0x00, 0x00, 0x00, 0x0f, 0x00, 0x00, 0x00,
  0x00, 0x00, 0x0e, 0x00, 0x14, 0x00, 0x00, 0x00, 0x10, 0x00, 0x0c, 0x00,
  0x0b, 0x00, 0x04, 0x00, 0x0e, 0x00, 0x00, 0x00, 0x1c, 0x00, 0x00, 0x00,
  0x00, 0x00, 0x00, 0x01, 0x24, 0x00, 0x00, 0x00, 0x28, 0x00, 0x00, 0x00,
  0x0c, 0x00, 0x10, 0x00, 0x00, 0x00, 0x0c, 0x00, 0x08, 0x00, 0x07, 0x00,
  0x0c, 0x00, 0x00, 0x00, 0x00, 0x00, 0x00, 0x01, 0x01, 0x00, 0x00, 0x00,
  0x01, 0x00, 0x00, 0x00, 0x01, 0x00, 0x00, 0x00, 0x12, 0x00, 0x00, 0x00,
  0x03, 0x00, 0x00, 0x00, 0x00, 0x00, 0x00, 0x00, 0x11, 0x00, 0x00, 0x00,
  0x10, 0x00, 0x00, 0x00, 0x01, 0x00, 0x00, 0x00, 0x1e, 0x00, 0x00, 0x00,
  0x01, 0x00, 0x00, 0x00, 0x00, 0x00, 0x00, 0x00, 0x1f, 0x00, 0x00, 0x00,
  0x70, 0x1b, 0x00, 0x00, 0xf8, 0x1a, 0x00, 0x00, 0x4c, 0x1a, 0x00, 0x00,
  0xb0, 0x19, 0x00, 0x00, 0xbc, 0x17, 0x00, 0x00, 0xd8, 0x15, 0x00, 0x00,
  0x6c, 0x15, 0x00, 0x00, 0x00, 0x15, 0x00, 0x00, 0xcc, 0x12, 0x00, 0x00,
  0xe0, 0x10, 0x00, 0x00, 0x74, 0x10, 0x00, 0x00, 0x08, 0x10, 0x00, 0x00,
  0xd4, 0x0d, 0x00, 0x00, 0xe8, 0x0b, 0x00, 0x00, 0x7c, 0x0b, 0x00, 0x00,
  0x10, 0x0b, 0x00, 0x00, 0x9c, 0x09, 0x00, 0x00, 0x70, 0x08, 0x00, 0x00,
  0x8c, 0x07, 0x00, 0x00, 0xf8, 0x06, 0x00, 0x00, 0x64, 0x06, 0x00, 0x00,
  0x80, 0x05, 0x00, 0x00, 0xec, 0x04, 0x00, 0x00, 0x58, 0x04, 0x00, 0x00,
  0x74, 0x03, 0x00, 0x00, 0xe0, 0x02, 0x00, 0x00, 0x4c, 0x02, 0x00, 0x00,
  0xd0, 0x01, 0x00, 0x00, 0x24, 0x01, 0x00, 0x00, 0x80, 0x00, 0x00, 0x00,
  0x04, 0x00, 0x00, 0x00, 0x22, 0xe5, 0xff, 0xff, 0x00, 0x00, 0x00, 0x01,
  0x18, 0x00, 0x00, 0x00, 0x20, 0x00, 0x00, 0x00, 0x3c, 0x00, 0x00, 0x00,
  0x1f, 0x00, 0x00, 0x00, 0x00, 0x00, 0x00, 0x09, 0x50, 0x00, 0x00, 0x00,
  0x02, 0x00, 0x00, 0x00, 0xff, 0xff, 0xff, 0xff, 0x04, 0x00, 0x00, 0x00,
  0x04, 0xe5, 0xff, 0xff, 0x08, 0x00, 0x00, 0x00, 0x10, 0x00, 0x00, 0x00,
  0x01, 0x00, 0x00, 0x00, 0x80, 0xff, 0xff, 0xff, 0xff, 0xff, 0xff, 0xff,
  0x01, 0x00, 0x00, 0x00, 0x00, 0x00, 0x80, 0x3b, 0x1b, 0x00, 0x00, 0x00,
  0x53, 0x74, 0x61, 0x74, 0x65, 0x66, 0x75, 0x6c, 0x50, 0x61, 0x72, 0x74,
  0x69, 0x74, 0x69, 0x6f, 0x6e, 0x65, 0x64, 0x43, 0x61, 0x6c, 0x6c, 0x5f,
  0x31, 0x3a, 0x30, 0x00, 0x02, 0x00, 0x00, 0x00, 0x01, 0x00, 0x00, 0x00,
  0x04, 0x00, 0x00, 0x00, 0x9a, 0xe5, 0xff, 0xff, 0x00, 0x00, 0x00, 0x01,
  0x18, 0x00, 0x00, 0x00, 0x20, 0x00, 0x00, 0x00, 0x3c, 0x00, 0x00, 0x00,
  0x1e, 0x00, 0x00, 0x00, 0x00, 0x00, 0x00, 0x09, 0x78, 0x00, 0x00, 0x00,
  0x02, 0x00, 0x00, 0x00, 0xff, 0xff, 0xff, 0xff, 0x04, 0x00, 0x00, 0x00,
  0x7c, 0xe5, 0xff, 0xff, 0x08, 0x00, 0x00, 0x00, 0x10, 0x00, 0x00, 0x00,
  0x01, 0x00, 0x00, 0x00, 0xf1, 0xff, 0xff, 0xff, 0xff, 0xff, 0xff, 0xff,
  0x01, 0x00, 0x00, 0x00, 0xf8, 0x53, 0xb3, 0x3c, 0x42, 0x00, 0x00, 0x00,
  0x47, 0x61, 0x69, 0x74, 0x43, 0x4e, 0x4e, 0x32, 0x44, 0x5f, 0x31, 0x2f,
  0x70, 0x72, 0x65, 0x64, 0x69, 0x63, 0x74, 0x69, 0x6f, 0x6e, 0x73, 0x5f,
  0x31, 0x2f, 0x4d, 0x61, 0x74, 0x4d, 0x75, 0x6c, 0x3b, 0x47, 0x61, 0x69,
  0x74, 0x43, 0x4e, 0x4e, 0x32, 0x44, 0x5f, 0x31, 0x2f, 0x70, 0x72, 0x65,
  0x64, 0x69, 0x63, 0x74, 0x69, 0x6f, 0x6e, 0x73, 0x5f, 0x31, 0x2f, 0x42,
  0x69, 0x61, 0x73, 0x41, 0x64, 0x64, 0x00, 0x00, 0x02, 0x00, 0x00, 0x00,
  0x01, 0x00, 0x00, 0x00, 0x04, 0x00, 0x00, 0x00, 0x3a, 0xe6, 0xff, 0xff,
  0x00, 0x00, 0x00, 0x01, 0x18, 0x00, 0x00, 0x00, 0x20, 0x00, 0x00, 0x00,
  0x3c, 0x00, 0x00, 0x00, 0x1d, 0x00, 0x00, 0x00, 0x00, 0x00, 0x00, 0x09,
  0x80, 0x00, 0x00, 0x00, 0x02, 0x00, 0x00, 0x00, 0xff, 0xff, 0xff, 0xff,
  0x20, 0x00, 0x00, 0x00, 0x1c, 0xe6, 0xff, 0xff, 0x08, 0x00, 0x00, 0x00,
  0x10, 0x00, 0x00, 0x00, 0x01, 0x00, 0x00, 0x00, 0x80, 0xff, 0xff, 0xff,
  0xff, 0xff, 0xff, 0xff, 0x01, 0x00, 0x00, 0x00, 0x6a, 0x1c, 0x9d, 0x3b,
  0x49, 0x00, 0x00, 0x00, 0x47, 0x61, 0x69, 0x74, 0x43, 0x4e, 0x4e, 0x32,
  0x44, 0x5f, 0x31, 0x2f, 0x66, 0x63, 0x31, 0x5f, 0x31, 0x2f, 0x4d, 0x61,
  0x74, 0x4d, 0x75, 0x6c, 0x3b, 0x47, 0x61, 0x69, 0x74, 0x43, 0x4e, 0x4e,
  0x32, 0x44, 0x5f, 0x31, 0x2f, 0x66, 0x63, 0x31, 0x5f, 0x31, 0x2f, 0x52,
  0x65, 0x6c, 0x75, 0x3b, 0x47, 0x61, 0x69, 0x74, 0x43, 0x4e, 0x4e, 0x32,
  0x44, 0x5f, 0x31, 0x2f, 0x66, 0x63, 0x31, 0x5f, 0x31, 0x2f, 0x42, 0x69,
  0x61, 0x73, 0x41, 0x64, 0x64, 0x00, 0x00, 0x00, 0x02, 0x00, 0x00, 0x00,
  0x01, 0x00, 0x00, 0x00, 0x20, 0x00, 0x00, 0x00, 0xe2, 0xe6, 0xff, 0xff,
  0x00, 0x00, 0x00, 0x01, 0x18, 0x00, 0x00, 0x00, 0x20, 0x00, 0x00, 0x00,
  0x40, 0x00, 0x00, 0x00, 0x1c, 0x00, 0x00, 0x00, 0x00, 0x00, 0x00, 0x09,
  0x50, 0x00, 0x00, 0x00, 0x02, 0x00, 0x00, 0x00, 0xff, 0xff, 0xff, 0xff,
  0x20, 0x00, 0x00, 0x00, 0xc4, 0xe6, 0xff, 0xff, 0x08, 0x00, 0x00, 0x00,
  0x14, 0x00, 0x00, 0x00, 0x01, 0x00, 0x00, 0x00, 0xe6, 0xff, 0xff, 0xff,
  0xff, 0xff, 0xff, 0xff, 0x00, 0x00, 0x00, 0x00, 0x01, 0x00, 0x00, 0x00,
  0x47, 0x89, 0xad, 0x3b, 0x16, 0x00, 0x00, 0x00, 0x47, 0x61, 0x69, 0x74,
  0x43, 0x4e, 0x4e, 0x32, 0x44, 0x5f, 0x31, 0x2f, 0x67, 0x61, 0x70, 0x5f,
  0x31, 0x2f, 0x4d, 0x65, 0x61, 0x6e, 0x00, 0x00, 0x02, 0x00, 0x00, 0x00,
  0x01, 0x00, 0x00, 0x00, 0x20, 0x00, 0x00, 0x00, 0x5a, 0xe7, 0xff, 0xff,
  0x00, 0x00, 0x00, 0x01, 0x18, 0x00, 0x00, 0x00, 0x28, 0x00, 0x00, 0x00,
  0x44, 0x00, 0x00, 0x00, 0x1b, 0x00, 0x00, 0x00, 0x00, 0x00, 0x00, 0x09,
  0x60, 0x00, 0x00, 0x00, 0x04, 0x00, 0x00, 0x00, 0xff, 0xff, 0xff, 0xff,
  0x32, 0x00, 0x00, 0x00, 0x0c, 0x00, 0x00, 0x00, 0x20, 0x00, 0x00, 0x00,
  0x44, 0xe7, 0xff, 0xff, 0x08, 0x00, 0x00, 0x00, 0x10, 0x00, 0x00, 0x00,
  0x01, 0x00, 0x00, 0x00, 0x8b, 0xff, 0xff, 0xff, 0xff, 0xff, 0xff, 0xff,
  0x01, 0x00, 0x00, 0x00, 0xde, 0xa6, 0xaf, 0x3d, 0x21, 0x00, 0x00, 0x00,
  0x47, 0x61, 0x69, 0x74, 0x43, 0x4e, 0x4e, 0x32, 0x44, 0x5f, 0x31, 0x2f,
  0x62, 0x6e, 0x33, 0x5f, 0x31, 0x2f, 0x62, 0x61, 0x74, 0x63, 0x68, 0x6e,
  0x6f, 0x72, 0x6d, 0x2f, 0x61, 0x64, 0x64, 0x5f, 0x31, 0x00, 0x00, 0x00,
  0x04, 0x00, 0x00, 0x00, 0x01, 0x00, 0x00, 0x00, 0x32, 0x00, 0x00, 0x00,
  0x0c, 0x00, 0x00, 0x00, 0x20, 0x00, 0x00, 0x00, 0xea, 0xe7, 0xff, 0xff,
  0x00, 0x00, 0x00, 0x01, 0x18, 0x00, 0x00, 0x00, 0x28, 0x00, 0x00, 0x00,
  0x44, 0x00, 0x00, 0x00, 0x1a, 0x00, 0x00, 0x00, 0x00, 0x00, 0x00, 0x09,
  0x60, 0x00, 0x00, 0x00, 0x04, 0x00, 0x00, 0x00, 0xff, 0xff, 0xff, 0xff,
  0x32, 0x00, 0x00, 0x00, 0x0c, 0x00, 0x00, 0x00, 0x20, 0x00, 0x00, 0x00,
  0xd4, 0xe7, 0xff, 0xff, 0x08, 0x00, 0x00, 0x00, 0x10, 0x00, 0x00, 0x00,
  0x01, 0x00, 0x00, 0x00, 0x8b, 0xff, 0xff, 0xff, 0xff, 0xff, 0xff, 0xff,
  0x01, 0x00, 0x00, 0x00, 0xc7, 0x91, 0xb3, 0x3d, 0x21, 0x00, 0x00, 0x00,
  0x47, 0x61, 0x69, 0x74, 0x43, 0x4e, 0x4e, 0x32, 0x44, 0x5f, 0x31, 0x2f,
  0x62, 0x6e, 0x33, 0x5f, 0x31, 0x2f, 0x62, 0x61, 0x74, 0x63, 0x68, 0x6e,
  0x6f, 0x72, 0x6d, 0x2f, 0x6d, 0x75, 0x6c, 0x5f, 0x31, 0x00, 0x00, 0x00,
  0x04, 0x00, 0x00, 0x00, 0x01, 0x00, 0x00, 0x00, 0x32, 0x00, 0x00, 0x00,
  0x0c, 0x00, 0x00, 0x00, 0x20, 0x00, 0x00, 0x00, 0x7a, 0xe8, 0xff, 0xff,
  0x00, 0x00, 0x00, 0x01, 0x18, 0x00, 0x00, 0x00, 0x28, 0x00, 0x00, 0x00,
  0x44, 0x00, 0x00, 0x00, 0x19, 0x00, 0x00, 0x00, 0x00, 0x00, 0x00, 0x09,
  0xb0, 0x00, 0x00, 0x00, 0x04, 0x00, 0x00, 0x00, 0xff, 0xff, 0xff, 0xff,
  0x32, 0x00, 0x00, 0x00, 0x0c, 0x00, 0x00, 0x00, 0x20, 0x00, 0x00, 0x00,
  0x64, 0xe8, 0xff, 0xff, 0x08, 0x00, 0x00, 0x00, 0x10, 0x00, 0x00, 0x00,
  0x01, 0x00, 0x00, 0x00, 0x80, 0xff, 0xff, 0xff, 0xff, 0xff, 0xff, 0xff,
  0x01, 0x00, 0x00, 0x00, 0xf7, 0x1f, 0xac, 0x3d, 0x71, 0x00, 0x00, 0x00,
  0x47, 0x61, 0x69, 0x74, 0x43, 0x4e, 0x4e, 0x32, 0x44, 0x5f, 0x31, 0x2f,
  0x63, 0x6f, 0x6e, 0x76, 0x33, 0x5f, 0x31, 0x2f, 0x52, 0x65, 0x6c, 0x75,
  0x3b, 0x47, 0x61, 0x69, 0x74, 0x43, 0x4e, 0x4e, 0x32, 0x44, 0x5f, 0x31,
  0x2f, 0x63, 0x6f, 0x6e, 0x76, 0x33, 0x5f, 0x31, 0x2f, 0x42, 0x69, 0x61,
  0x73, 0x41, 0x64, 0x64, 0x3b, 0x47, 0x61, 0x69, 0x74, 0x43, 0x4e, 0x4e,
  0x32, 0x44, 0x5f, 0x31, 0x2f, 0x63, 0x6f, 0x6e, 0x76, 0x33, 0x5f, 0x31,
  0x2f, 0x63, 0x6f, 0x6e, 0x76, 0x6f, 0x6c, 0x75, 0x74, 0x69, 0x6f, 0x6e,
  0x3b, 0x47, 0x61, 0x69, 0x74, 0x43, 0x4e, 0x4e, 0x32, 0x44, 0x5f, 0x31,
  0x2f, 0x63, 0x6f, 0x6e, 0x76, 0x33, 0x5f, 0x31, 0x2f, 0x53, 0x71, 0x75,
  0x65, 0x65, 0x7a, 0x65, 0x31, 0x00, 0x00, 0x00, 0x04, 0x00, 0x00, 0x00,
  0x01, 0x00, 0x00, 0x00, 0x32, 0x00, 0x00, 0x00, 0x0c, 0x00, 0x00, 0x00,
  0x20, 0x00, 0x00, 0x00, 0x5a, 0xe9, 0xff, 0xff, 0x00, 0x00, 0x00, 0x01,
  0x18, 0x00, 0x00, 0x00, 0x28, 0x00, 0x00, 0x00, 0x44, 0x00, 0x00, 0x00,
  0x18, 0x00, 0x00, 0x00, 0x00, 0x00, 0x00, 0x09, 0x60, 0x00, 0x00, 0x00,
  0x04, 0x00, 0x00, 0x00, 0xff, 0xff, 0xff, 0xff, 0x32, 0x00, 0x00, 0x00,
  0x0c, 0x00, 0x00, 0x00, 0x20, 0x00, 0x00, 0x00, 0x44, 0xe9, 0xff, 0xff,
  0x08, 0x00, 0x00, 0x00, 0x10, 0x00, 0x00, 0x00, 0x01, 0x00, 0x00, 0x00,
  0x8a, 0xff, 0xff, 0xff, 0xff, 0xff, 0xff, 0xff, 0x01, 0x00, 0x00, 0x00,
  0xec, 0x55, 0x98, 0x3d, 0x21, 0x00, 0x00, 0x00, 0x47, 0x61, 0x69, 0x74,
  0x43, 0x4e, 0x4e, 0x32, 0x44, 0x5f, 0x31, 0x2f, 0x62, 0x6e, 0x32, 0x5f,
  0x31, 0x2f, 0x62, 0x61, 0x74, 0x63, 0x68, 0x6e, 0x6f, 0x72, 0x6d, 0x2f,
  0x61, 0x64, 0x64, 0x5f, 0x31, 0x00, 0x00, 0x00, 0x04, 0x00, 0x00, 0x00,
  0x01, 0x00, 0x00, 0x00, 0x32, 0x00, 0x00, 0x00, 0x0c, 0x00, 0x00, 0x00,
  0x20, 0x00, 0x00, 0x00, 0xea, 0xe9, 0xff, 0xff, 0x00, 0x00, 0x00, 0x01,
  0x18, 0x00, 0x00, 0x00, 0x28, 0x00, 0x00, 0x00, 0x44, 0x00, 0x00, 0x00,
  0x17, 0x00, 0x00, 0x00, 0x00, 0x00, 0x00, 0x09, 0x60, 0x00, 0x00, 0x00,
  0x04, 0x00, 0x00, 0x00, 0xff, 0xff, 0xff, 0xff, 0x32, 0x00, 0x00, 0x00,
  0x0c, 0x00, 0x00, 0x00, 0x20, 0x00, 0x00, 0x00, 0xd4, 0xe9, 0xff, 0xff,
  0x08, 0x00, 0x00, 0x00, 0x10, 0x00, 0x00, 0x00, 0x01, 0x00, 0x00, 0x00,
  0x8a, 0xff, 0xff, 0xff, 0xff, 0xff, 0xff, 0xff, 0x01, 0x00, 0x00, 0x00,
  0x8a, 0xcd, 0x9c, 0x3d, 0x21, 0x00, 0x00, 0x00, 0x47, 0x61, 0x69, 0x74,
  0x43, 0x4e, 0x4e, 0x32, 0x44, 0x5f, 0x31, 0x2f, 0x62, 0x6e, 0x32, 0x5f,
  0x31, 0x2f, 0x62, 0x61, 0x74, 0x63, 0x68, 0x6e, 0x6f, 0x72, 0x6d, 0x2f,
  0x6d, 0x75, 0x6c, 0x5f, 0x31, 0x00, 0x00, 0x00, 0x04, 0x00, 0x00, 0x00,
  0x01, 0x00, 0x00, 0x00, 0x32, 0x00, 0x00, 0x00, 0x0c, 0x00, 0x00, 0x00,
  0x20, 0x00, 0x00, 0x00, 0x7a, 0xea, 0xff, 0xff, 0x00, 0x00, 0x00, 0x01,
  0x18, 0x00, 0x00, 0x00, 0x28, 0x00, 0x00, 0x00, 0x44, 0x00, 0x00, 0x00,
  0x16, 0x00, 0x00, 0x00, 0x00, 0x00, 0x00, 0x09, 0xb0, 0x00, 0x00, 0x00,
  0x04, 0x00, 0x00, 0x00, 0xff, 0xff, 0xff, 0xff, 0x32, 0x00, 0x00, 0x00,
  0x0c, 0x00, 0x00, 0x00, 0x20, 0x00, 0x00, 0x00, 0x64, 0xea, 0xff, 0xff,
  0x08, 0x00, 0x00, 0x00, 0x10, 0x00, 0x00, 0x00, 0x01, 0x00, 0x00, 0x00,
  0x80, 0xff, 0xff, 0xff, 0xff, 0xff, 0xff, 0xff, 0x01, 0x00, 0x00, 0x00,
  0x22, 0xa5, 0x96, 0x3d, 0x71, 0x00, 0x00, 0x00, 0x47, 0x61, 0x69, 0x74,
  0x43, 0x4e, 0x4e, 0x32, 0x44, 0x5f, 0x31, 0x2f, 0x63, 0x6f, 0x6e, 0x76,
  0x32, 0x5f, 0x31, 0x2f, 0x52, 0x65, 0x6c, 0x75, 0x3b, 0x47, 0x61, 0x69,
  0x74, 0x43, 0x4e, 0x4e, 0x32, 0x44, 0x5f, 0x31, 0x2f, 0x63, 0x6f, 0x6e,
  0x76, 0x32, 0x5f, 0x31, 0x2f, 0x42, 0x69, 0x61, 0x73, 0x41, 0x64, 0x64,
  0x3b, 0x47, 0x61, 0x69, 0x74, 0x43, 0x4e, 0x4e, 0x32, 0x44, 0x5f, 0x31,
  0x2f, 0x63, 0x6f, 0x6e, 0x76, 0x32, 0x5f, 0x31, 0x2f, 0x63, 0x6f, 0x6e,
  0x76, 0x6f, 0x6c, 0x75, 0x74, 0x69, 0x6f, 0x6e, 0x3b, 0x47, 0x61, 0x69,
  0x74, 0x43, 0x4e, 0x4e, 0x32, 0x44, 0x5f, 0x31, 0x2f, 0x63, 0x6f, 0x6e,
  0x76, 0x32, 0x5f, 0x31, 0x2f, 0x53, 0x71, 0x75, 0x65, 0x65, 0x7a, 0x65,
  0x31, 0x00, 0x00, 0x00, 0x04, 0x00, 0x00, 0x00, 0x01, 0x00, 0x00, 0x00,
  0x32, 0x00, 0x00, 0x00, 0x0c, 0x00, 0x00, 0x00, 0x20, 0x00, 0x00, 0x00,
  0x5a, 0xeb, 0xff, 0xff, 0x00, 0x00, 0x00, 0x01, 0x18, 0x00, 0x00, 0x00,
  0x28, 0x00, 0x00, 0x00, 0x44, 0x00, 0x00, 0x00, 0x15, 0x00, 0x00, 0x00,
  0x00, 0x00, 0x00, 0x09, 0x60, 0x00, 0x00, 0x00, 0x04, 0x00, 0x00, 0x00,
  0xff, 0xff, 0xff, 0xff, 0x32, 0x00, 0x00, 0x00, 0x0c, 0x00, 0x00, 0x00,
  0x10, 0x00, 0x00, 0x00, 0x44, 0xeb, 0xff, 0xff, 0x08, 0x00, 0x00, 0x00,
  0x10, 0x00, 0x00, 0x00, 0x01, 0x00, 0x00, 0x00, 0x88, 0xff, 0xff, 0xff,
  0xff, 0xff, 0xff, 0xff, 0x01, 0x00, 0x00, 0x00, 0x75, 0x6f, 0xb6, 0x3d,
  0x21, 0x00, 0x00, 0x00, 0x47, 0x61, 0x69, 0x74, 0x43, 0x4e, 0x4e, 0x32,
  0x44, 0x5f, 0x31, 0x2f, 0x62, 0x6e, 0x31, 0x5f, 0x31, 0x2f, 0x62, 0x61,
  0x74, 0x63, 0x68, 0x6e, 0x6f, 0x72, 0x6d, 0x2f, 0x61, 0x64, 0x64, 0x5f,
  0x31, 0x00, 0x00, 0x00, 0x04, 0x00, 0x00, 0x00, 0x01, 0x00, 0x00, 0x00,
  0x32, 0x00, 0x00, 0x00, 0x0c, 0x00, 0x00, 0x00, 0x10, 0x00, 0x00, 0x00,
  0xea, 0xeb, 0xff, 0xff, 0x00, 0x00, 0x00, 0x01, 0x18, 0x00, 0x00, 0x00,
  0x28, 0x00, 0x00, 0x00, 0x44, 0x00, 0x00, 0x00, 0x14, 0x00, 0x00, 0x00,
  0x00, 0x00, 0x00, 0x09, 0x60, 0x00, 0x00, 0x00, 0x04, 0x00, 0x00, 0x00,
  0xff, 0xff, 0xff, 0xff, 0x32, 0x00, 0x00, 0x00, 0x0c, 0x00, 0x00, 0x00,
  0x10, 0x00, 0x00, 0x00, 0xd4, 0xeb, 0xff, 0xff, 0x08, 0x00, 0x00, 0x00,
  0x10, 0x00, 0x00, 0x00, 0x01, 0x00, 0x00, 0x00, 0x87, 0xff, 0xff, 0xff,
  0xff, 0xff, 0xff, 0xff, 0x01, 0x00, 0x00, 0x00, 0xec, 0x3a, 0xba, 0x3d,
  0x21, 0x00, 0x00, 0x00, 0x47, 0x61, 0x69, 0x74, 0x43, 0x4e, 0x4e, 0x32,
  0x44, 0x5f, 0x31, 0x2f, 0x62, 0x6e, 0x31, 0x5f, 0x31, 0x2f, 0x62, 0x61,
  0x74, 0x63, 0x68, 0x6e, 0x6f, 0x72, 0x6d, 0x2f, 0x6d, 0x75, 0x6c, 0x5f,
  0x31, 0x00, 0x00, 0x00, 0x04, 0x00, 0x00, 0x00, 0x01, 0x00, 0x00, 0x00,
  0x32, 0x00, 0x00, 0x00, 0x0c, 0x00, 0x00, 0x00, 0x10, 0x00, 0x00, 0x00,
  0x7a, 0xec, 0xff, 0xff, 0x00, 0x00, 0x00, 0x01, 0x18, 0x00, 0x00, 0x00,
  0x28, 0x00, 0x00, 0x00, 0x44, 0x00, 0x00, 0x00, 0x13, 0x00, 0x00, 0x00,
  0x00, 0x00, 0x00, 0x09, 0xb0, 0x00, 0x00, 0x00, 0x04, 0x00, 0x00, 0x00,
  0xff, 0xff, 0xff, 0xff, 0x32, 0x00, 0x00, 0x00, 0x0c, 0x00, 0x00, 0x00,
  0x10, 0x00, 0x00, 0x00, 0x64, 0xec, 0xff, 0xff, 0x08, 0x00, 0x00, 0x00,
  0x10, 0x00, 0x00, 0x00, 0x01, 0x00, 0x00, 0x00, 0x80, 0xff, 0xff, 0xff,
  0xff, 0xff, 0xff, 0xff, 0x01, 0x00, 0x00, 0x00, 0x16, 0xd0, 0xb4, 0x3d,
  0x71, 0x00, 0x00, 0x00, 0x47, 0x61, 0x69, 0x74, 0x43, 0x4e, 0x4e, 0x32,
  0x44, 0x5f, 0x31, 0x2f, 0x63, 0x6f, 0x6e, 0x76, 0x31, 0x5f, 0x31, 0x2f,
  0x52, 0x65, 0x6c, 0x75, 0x3b, 0x47, 0x61, 0x69, 0x74, 0x43, 0x4e, 0x4e,
  0x32, 0x44, 0x5f, 0x31, 0x2f, 0x63, 0x6f, 0x6e, 0x76, 0x31, 0x5f, 0x31,
  0x2f, 0x42, 0x69, 0x61, 0x73, 0x41, 0x64, 0x64, 0x3b, 0x47, 0x61, 0x69,
  0x74, 0x43, 0x4e, 0x4e, 0x32, 0x44, 0x5f, 0x31, 0x2f, 0x63, 0x6f, 0x6e,
  0x76, 0x31, 0x5f, 0x31, 0x2f, 0x63, 0x6f, 0x6e, 0x76, 0x6f, 0x6c, 0x75,
  0x74, 0x69, 0x6f, 0x6e, 0x3b, 0x47, 0x61, 0x69, 0x74, 0x43, 0x4e, 0x4e,
  0x32, 0x44, 0x5f, 0x31, 0x2f, 0x63, 0x6f, 0x6e, 0x76, 0x31, 0x5f, 0x31,
  0x2f, 0x53, 0x71, 0x75, 0x65, 0x65, 0x7a, 0x65, 0x31, 0x00, 0x00, 0x00,
  0x04, 0x00, 0x00, 0x00, 0x01, 0x00, 0x00, 0x00, 0x32, 0x00, 0x00, 0x00,
  0x0c, 0x00, 0x00, 0x00, 0x10, 0x00, 0x00, 0x00, 0xce, 0xed, 0xff, 0xff,
  0x00, 0x00, 0x00, 0x01, 0x14, 0x00, 0x00, 0x00, 0xe4, 0x00, 0x00, 0x00,
  0x12, 0x00, 0x00, 0x00, 0x00, 0x00, 0x00, 0x09, 0xfc, 0x00, 0x00, 0x00,
  0x2c, 0xed, 0xff, 0xff, 0x08, 0x00, 0x00, 0x00, 0x88, 0x00, 0x00, 0x00,
  0x10, 0x00, 0x00, 0x00, 0x00, 0x00, 0x00, 0x00, 0x00, 0x00, 0x00, 0x00,
  0x00, 0x00, 0x00, 0x00, 0x00, 0x00, 0x00, 0x00, 0x00, 0x00, 0x00, 0x00,
  0x00, 0x00, 0x00, 0x00, 0x00, 0x00, 0x00, 0x00, 0x00, 0x00, 0x00, 0x00,
  0x00, 0x00, 0x00, 0x00, 0x00, 0x00, 0x00, 0x00, 0x00, 0x00, 0x00, 0x00,
  0x00, 0x00, 0x00, 0x00, 0x00, 0x00, 0x00, 0x00, 0x00, 0x00, 0x00, 0x00,
  0x00, 0x00, 0x00, 0x00, 0x00, 0x00, 0x00, 0x00, 0x00, 0x00, 0x00, 0x00,
  0x00, 0x00, 0x00, 0x00, 0x00, 0x00, 0x00, 0x00, 0x00, 0x00, 0x00, 0x00,
  0x00, 0x00, 0x00, 0x00, 0x00, 0x00, 0x00, 0x00, 0x00, 0x00, 0x00, 0x00,
  0x00, 0x00, 0x00, 0x00, 0x00, 0x00, 0x00, 0x00, 0x00, 0x00, 0x00, 0x00,
  0x00, 0x00, 0x00, 0x00, 0x00, 0x00, 0x00, 0x00, 0x00, 0x00, 0x00, 0x00,
  0x00, 0x00, 0x00, 0x00, 0x00, 0x00, 0x00, 0x00, 0x00, 0x00, 0x00, 0x00,
  0x10, 0x00, 0x00, 0x00, 0x68, 0x9a, 0xb1, 0x3a, 0xa6, 0xed, 0xb0, 0x3a,
  0x7e, 0x54, 0xa8, 0x3a, 0x7b, 0xd6, 0xae, 0x3a, 0xf2, 0x90, 0xe4, 0x3a,
  0x4e, 0xc2, 0xa8, 0x3a, 0xba, 0xdd, 0xb6, 0x3a, 0x9a, 0x67, 0xab, 0x3a,
  0x2b, 0x69, 0xc4, 0x3a, 0xeb, 0x86, 0xd1, 0x3a, 0xe5, 0x0a, 0xc9, 0x3a,
  0x77, 0x50, 0xa8, 0x3a, 0x19, 0xcb, 0xd7, 0x3a, 0x0f, 0xe7, 0x88, 0x3a,
  0x4e, 0x62, 0xb7, 0x3a, 0x7d, 0xb2, 0xbb, 0x3a, 0x1f, 0x00, 0x00, 0x00,
  0x47, 0x61, 0x69, 0x74, 0x43, 0x4e, 0x4e, 0x32, 0x44, 0x5f, 0x31, 0x2f,
  0x63, 0x6f, 0x6e, 0x76, 0x31, 0x5f, 0x31, 0x2f, 0x63, 0x6f, 0x6e, 0x76,
  0x6f, 0x6c, 0x75, 0x74, 0x69, 0x6f, 0x6e, 0x00, 0x04, 0x00, 0x00, 0x00,
  0x10, 0x00, 0x00, 0x00, 0x05, 0x00, 0x00, 0x00, 0x03, 0x00, 0x00, 0x00,
  0x01, 0x00, 0x00, 0x00, 0xf6, 0xee, 0xff, 0xff, 0x00, 0x00, 0x00, 0x01,
  0x14, 0x00, 0x00, 0x00, 0xe4, 0x00, 0x00, 0x00, 0x11, 0x00, 0x00, 0x00,
  0x00, 0x00, 0x00, 0x02, 0x50, 0x01, 0x00, 0x00, 0x54, 0xee, 0xff, 0xff,
  0x08, 0x00, 0x00, 0x00, 0x88, 0x00, 0x00, 0x00, 0x10, 0x00, 0x00, 0x00,
  0x00, 0x00, 0x00, 0x00, 0x00, 0x00, 0x00, 0x00, 0x00, 0x00, 0x00, 0x00,
  0x00, 0x00, 0x00, 0x00, 0x00, 0x00, 0x00, 0x00, 0x00, 0x00, 0x00, 0x00,
  0x00, 0x00, 0x00, 0x00, 0x00, 0x00, 0x00, 0x00, 0x00, 0x00, 0x00, 0x00,
  0x00, 0x00, 0x00, 0x00, 0x00, 0x00, 0x00, 0x00, 0x00, 0x00, 0x00, 0x00,
  0x00, 0x00, 0x00, 0x00, 0x00, 0x00, 0x00, 0x00, 0x00, 0x00, 0x00, 0x00,
  0x00, 0x00, 0x00, 0x00, 0x00, 0x00, 0x00, 0x00, 0x00, 0x00, 0x00, 0x00,
  0x00, 0x00, 0x00, 0x00, 0x00, 0x00, 0x00, 0x00, 0x00, 0x00, 0x00, 0x00,
  0x00, 0x00, 0x00, 0x00, 0x00, 0x00, 0x00, 0x00, 0x00, 0x00, 0x00, 0x00,
  0x00, 0x00, 0x00, 0x00, 0x00, 0x00, 0x00, 0x00, 0x00, 0x00, 0x00, 0x00,
  0x00, 0x00, 0x00, 0x00, 0x00, 0x00, 0x00, 0x00, 0x00, 0x00, 0x00, 0x00,
  0x00, 0x00, 0x00, 0x00, 0x00, 0x00, 0x00, 0x00, 0x10, 0x00, 0x00, 0x00,
  0x38, 0x14, 0xaf, 0x38, 0xea, 0x69, 0xae, 0x38, 0x0b, 0xf0, 0xa5, 0x38,
  0x5b, 0x5a, 0xac, 0x38, 0x56, 0x51, 0xe1, 0x38, 0x4c, 0x5c, 0xa6, 0x38,
  0x64, 0x44, 0xb4, 0x38, 0xf7, 0xf7, 0xa8, 0x38, 0x8d, 0x9e, 0xc1, 0x38,
  0x94, 0x8c, 0xce, 0x38, 0x6d, 0x2f, 0xc6, 0x38, 0x13, 0xec, 0xa5, 0x38,
  0xf6, 0xb9, 0xd4, 0x38, 0xf4, 0xf4, 0x86, 0x38, 0x15, 0xc7, 0xb4, 0x38,
  0x93, 0x07, 0xb9, 0x38, 0x70, 0x00, 0x00, 0x00, 0x47, 0x61, 0x69, 0x74,
  0x43, 0x4e, 0x4e, 0x32, 0x44, 0x5f, 0x31, 0x2f, 0x63, 0x6f, 0x6e, 0x76,
  0x31, 0x5f, 0x31, 0x2f, 0x52, 0x65, 0x6c, 0x75, 0x3b, 0x47, 0x61, 0x69,
  0x74, 0x43, 0x4e, 0x4e, 0x32, 0x44, 0x5f, 0x31, 0x2f, 0x63, 0x6f, 0x6e,
  0x76, 0x31, 0x5f, 0x31, 0x2f, 0x42, 0x69, 0x61, 0x73, 0x41, 0x64, 0x64,
  0x3b, 0x47, 0x61, 0x69, 0x74, 0x43, 0x4e, 0x4e, 0x32, 0x44, 0x5f, 0x31,
  0x2f, 0x63, 0x6f, 0x6e, 0x76, 0x31, 0x5f, 0x31, 0x2f, 0x63, 0x6f, 0x6e,
  0x76, 0x6f, 0x6c, 0x75, 0x74, 0x69, 0x6f, 0x6e, 0x3b, 0x47, 0x61, 0x69,
  0x74, 0x43, 0x4e, 0x4e, 0x32, 0x44, 0x5f, 0x31, 0x2f, 0x63, 0x6f, 0x6e,
  0x76, 0x31, 0x5f, 0x31, 0x2f, 0x53, 0x71, 0x75, 0x65, 0x65, 0x7a, 0x65,
  0x00, 0x00, 0x00, 0x00, 0x01, 0x00, 0x00, 0x00, 0x10, 0x00, 0x00, 0x00,
  0x66, 0xf0, 0xff, 0xff, 0x00, 0x00, 0x00, 0x01, 0x14, 0x00, 0x00, 0x00,
  0x30, 0x00, 0x00, 0x00, 0x10, 0x00, 0x00, 0x00, 0x00, 0x00, 0x00, 0x09,
  0x48, 0x00, 0x00, 0x00, 0xc4, 0xef, 0xff, 0xff, 0x08, 0x00, 0x00, 0x00,
  0x10, 0x00, 0x00, 0x00, 0x01, 0x00, 0x00, 0x00, 0x80, 0xff, 0xff, 0xff,
  0xff, 0xff, 0xff, 0xff, 0x01, 0x00, 0x00, 0x00, 0xcc, 0x6f, 0x0d, 0x3d,
  0x1f, 0x00, 0x00, 0x00, 0x47, 0x61, 0x69, 0x74, 0x43, 0x4e, 0x4e, 0x32,
  0x44, 0x5f, 0x31, 0x2f, 0x62, 0x6e, 0x31, 0x5f, 0x31, 0x2f, 0x62, 0x61,
  0x74, 0x63, 0x68, 0x6e, 0x6f, 0x72, 0x6d, 0x2f, 0x6d, 0x75, 0x6c, 0x00,
  0x01, 0x00, 0x00, 0x00, 0x10, 0x00, 0x00, 0x00, 0xce, 0xf0, 0xff, 0xff,
  0x00, 0x00, 0x00, 0x01, 0x14, 0x00, 0x00, 0x00, 0x30, 0x00, 0x00, 0x00,
  0x0f, 0x00, 0x00, 0x00, 0x00, 0x00, 0x00, 0x09, 0x48, 0x00, 0x00, 0x00,
  0x2c, 0xf0, 0xff, 0xff, 0x08, 0x00, 0x00, 0x00, 0x10, 0x00, 0x00, 0x00,
  0x01, 0x00, 0x00, 0x00, 0x7f, 0x00, 0x00, 0x00, 0x00, 0x00, 0x00, 0x00,
  0x01, 0x00, 0x00, 0x00, 0xae, 0x5a, 0x2d, 0x3b, 0x1f, 0x00, 0x00, 0x00,
  0x47, 0x61, 0x69, 0x74, 0x43, 0x4e, 0x4e, 0x32, 0x44, 0x5f, 0x31, 0x2f,
  0x62, 0x6e, 0x31, 0x5f, 0x31, 0x2f, 0x62, 0x61, 0x74, 0x63, 0x68, 0x6e,
  0x6f, 0x72, 0x6d, 0x2f, 0x73, 0x75, 0x62, 0x00, 0x01, 0x00, 0x00, 0x00,
  0x10, 0x00, 0x00, 0x00, 0x36, 0xf1, 0xff, 0xff, 0x00, 0x00, 0x00, 0x01,
  0x14, 0x00, 0x00, 0x00, 0xa4, 0x01, 0x00, 0x00, 0x0e, 0x00, 0x00, 0x00,
  0x00, 0x00, 0x00, 0x09, 0xbc, 0x01, 0x00, 0x00, 0x94, 0xf0, 0xff, 0xff,
  0x08, 0x00, 0x00, 0x00, 0x08, 0x01, 0x00, 0x00, 0x20, 0x00, 0x00, 0x00,
  0x00, 0x00, 0x00, 0x00, 0x00, 0x00, 0x00, 0x00, 0x00, 0x00, 0x00, 0x00,
  0x00, 0x00, 0x00, 0x00, 0x00, 0x00, 0x00, 0x00, 0x00, 0x00, 0x00, 0x00,
  0x00, 0x00, 0x00, 0x00, 0x00, 0x00, 0x00, 0x00, 0x00, 0x00, 0x00, 0x00,
  0x00, 0x00, 0x00, 0x00, 0x00, 0x00, 0x00, 0x00, 0x00, 0x00, 0x00, 0x00,
  0x00, 0x00, 0x00, 0x00, 0x00, 0x00, 0x00, 0x00, 0x00, 0x00, 0x00, 0x00,
  0x00, 0x00, 0x00, 0x00, 0x00, 0x00, 0x00, 0x00, 0x00, 0x00, 0x00, 0x00,
  0x00, 0x00, 0x00, 0x00, 0x00, 0x00, 0x00, 0x00, 0x00, 0x00, 0x00, 0x00,
  0x00, 0x00, 0x00, 0x00, 0x00, 0x00, 0x00, 0x00, 0x00, 0x00, 0x00, 0x00,
  0x00, 0x00, 0x00, 0x00, 0x00, 0x00, 0x00, 0x00, 0x00, 0x00, 0x00, 0x00,
  0x00, 0x00, 0x00, 0x00, 0x00, 0x00, 0x00, 0x00, 0x00, 0x00, 0x00, 0x00,
  0x00, 0x00, 0x00, 0x00, 0x00, 0x00, 0x00, 0x00, 0x00, 0x00, 0x00, 0x00,
  0x00, 0x00, 0x00, 0x00, 0x00, 0x00, 0x00, 0x00, 0x00, 0x00, 0x00, 0x00,
  0x00, 0x00, 0x00, 0x00, 0x00, 0x00, 0x00, 0x00, 0x00, 0x00, 0x00, 0x00,
  0x00, 0x00, 0x00, 0x00, 0x00, 0x00, 0x00, 0x00, 0x00, 0x00, 0x00, 0x00,
  0x00, 0x00, 0x00, 0x00, 0x00, 0x00, 0x00, 0x00, 0x00, 0x00, 0x00, 0x00,
  0x00, 0x00, 0x00, 0x00, 0x00, 0x00, 0x00, 0x00, 0x00, 0x00, 0x00, 0x00,
  0x00, 0x00, 0x00, 0x00, 0x00, 0x00, 0x00, 0x00, 0x00, 0x00, 0x00, 0x00,
  0x00, 0x00, 0x00, 0x00, 0x00, 0x00, 0x00, 0x00, 0x00, 0x00, 0x00, 0x00,
  0x00, 0x00, 0x00, 0x00, 0x00, 0x00, 0x00, 0x00, 0x00, 0x00, 0x00, 0x00,
  0x00, 0x00, 0x00, 0x00, 0x00, 0x00, 0x00, 0x00, 0x00, 0x00, 0x00, 0x00,
  0x00, 0x00, 0x00, 0x00, 0x00, 0x00, 0x00, 0x00, 0x00, 0x00, 0x00, 0x00,
  0x00, 0x00, 0x00, 0x00, 0x20, 0x00, 0x00, 0x00, 0x7d, 0xb0, 0xc0, 0x3a,
  0x2b, 0x18, 0xb3, 0x3a, 0x22, 0x15, 0xeb, 0x3a, 0x86, 0x4e, 0xb0, 0x3a,
  0x70, 0x50, 0xea, 0x3a, 0xa3, 0x81, 0xb4, 0x3a, 0x52, 0xdd, 0xd8, 0x3a,
  0xb4, 0xd4, 0xbf, 0x3a, 0xf0, 0x37, 0xaf, 0x3a, 0xae, 0x88, 0xcd, 0x3a,
  0xaf, 0x9c, 0xbd, 0x3a, 0xd9, 0x5d, 0xd4, 0x3a, 0xd3, 0x13, 0xb8, 0x3a,
  0xa2, 0x07, 0xcd, 0x3a, 0xae, 0xe9, 0xbb, 0x3a, 0x65, 0x73, 0x9f, 0x3a,
  0x24, 0x64, 0xe8, 0x3a, 0x9c, 0xb7, 0xbe, 0x3a, 0xf3, 0x8b, 0xc4, 0x3a,
  0xb9, 0x3a, 0xd3, 0x3a, 0x08, 0xe5, 0xae, 0x3a, 0xb2, 0xb1, 0x9a, 0x3a,
  0x25, 0x72, 0xcd, 0x3a, 0x1d, 0xe5, 0x0e, 0x3b, 0xa8, 0x07, 0x98, 0x3a,
  0x46, 0x8c, 0xd8, 0x3a, 0xba, 0x14, 0xe1, 0x3a, 0x3c, 0x26, 0xa7, 0x3a,
  0x35, 0x5c, 0xbc, 0x3a, 0xce, 0x7f, 0xd7, 0x3a, 0x8d, 0xc5, 0xeb, 0x3a,
  0x55, 0x68, 0x95, 0x3a, 0x1f, 0x00, 0x00, 0x00, 0x47, 0x61, 0x69, 0x74,
  0x43, 0x4e, 0x4e, 0x32, 0x44, 0x5f, 0x31, 0x2f, 0x63, 0x6f, 0x6e, 0x76,
  0x32, 0x5f, 0x31, 0x2f, 0x63, 0x6f, 0x6e, 0x76, 0x6f, 0x6c, 0x75, 0x74,
  0x69, 0x6f, 0x6e, 0x00, 0x04, 0x00, 0x00, 0x00, 0x20, 0x00, 0x00, 0x00,
  0x03, 0x00, 0x00, 0x00, 0x03, 0x00, 0x00, 0x00, 0x10, 0x00, 0x00, 0x00,
  0x1e, 0xf3, 0xff, 0xff, 0x00, 0x00, 0x00, 0x01, 0x14, 0x00, 0x00, 0x00,
  0xa4, 0x01, 0x00, 0x00, 0x0d, 0x00, 0x00, 0x00, 0x00, 0x00, 0x00, 0x02,
  0x10, 0x02, 0x00, 0x00, 0x7c, 0xf2, 0xff, 0xff, 0x08, 0x00, 0x00, 0x00,
  0x08, 0x01, 0x00, 0x00, 0x20, 0x00, 0x00, 0x00, 0x00, 0x00, 0x00, 0x00,
  0x00, 0x00, 0x00, 0x00, 0x00, 0x00, 0x00, 0x00, 0x00, 0x00, 0x00, 0x00,
  0x00, 0x00, 0x00, 0x00, 0x00, 0x00, 0x00, 0x00, 0x00, 0x00, 0x00, 0x00,
  0x00, 0x00, 0x00, 0x00, 0x00, 0x00, 0x00, 0x00, 0x00, 0x00, 0x00, 0x00,
  0x00, 0x00, 0x00, 0x00, 0x00, 0x00, 0x00, 0x00, 0x00, 0x00, 0x00, 0x00,
  0x00, 0x00, 0x00, 0x00, 0x00, 0x00, 0x00, 0x00, 0x00, 0x00, 0x00, 0x00,
  0x00, 0x00, 0x00, 0x00, 0x00, 0x00, 0x00, 0x00, 0x00, 0x00, 0x00, 0x00,
  0x00, 0x00, 0x00, 0x00, 0x00, 0x00, 0x00, 0x00, 0x00, 0x00, 0x00, 0x00,
  0x00, 0x00, 0x00, 0x00, 0x00, 0x00, 0x00, 0x00, 0x00, 0x00, 0x00, 0x00,
  0x00, 0x00, 0x00, 0x00, 0x00, 0x00, 0x00, 0x00, 0x00, 0x00, 0x00, 0x00,
  0x00, 0x00, 0x00, 0x00, 0x00, 0x00, 0x00, 0x00, 0x00, 0x00, 0x00, 0x00,
  0x00, 0x00, 0x00, 0x00, 0x00, 0x00, 0x00, 0x00, 0x00, 0x00, 0x00, 0x00,
  0x00, 0x00, 0x00, 0x00, 0x00, 0x00, 0x00, 0x00, 0x00, 0x00, 0x00, 0x00,
  0x00, 0x00, 0x00, 0x00, 0x00, 0x00, 0x00, 0x00, 0x00, 0x00, 0x00, 0x00,
  0x00, 0x00, 0x00, 0x00, 0x00, 0x00, 0x00, 0x00, 0x00, 0x00, 0x00, 0x00,
  0x00, 0x00, 0x00, 0x00, 0x00, 0x00, 0x00, 0x00, 0x00, 0x00, 0x00, 0x00,
  0x00, 0x00, 0x00, 0x00, 0x00, 0x00, 0x00, 0x00, 0x00, 0x00, 0x00, 0x00,
  0x00, 0x00, 0x00, 0x00, 0x00, 0x00, 0x00, 0x00, 0x00, 0x00, 0x00, 0x00,
  0x00, 0x00, 0x00, 0x00, 0x00, 0x00, 0x00, 0x00, 0x00, 0x00, 0x00, 0x00,
  0x00, 0x00, 0x00, 0x00, 0x00, 0x00, 0x00, 0x00, 0x00, 0x00, 0x00, 0x00,
  0x00, 0x00, 0x00, 0x00, 0x00, 0x00, 0x00, 0x00, 0x00, 0x00, 0x00, 0x00,
  0x00, 0x00, 0x00, 0x00, 0x00, 0x00, 0x00, 0x00, 0x00, 0x00, 0x00, 0x00,
  0x20, 0x00, 0x00, 0x00, 0x5d, 0x51, 0x09, 0x39, 0x50, 0x42, 0xff, 0x38,
  0x60, 0x87, 0x27, 0x39, 0x2c, 0x49, 0xfb, 0x38, 0x34, 0xfb, 0x26, 0x39,
  0xc1, 0xa2, 0x00, 0x39, 0xc3, 0x8b, 0x1a, 0x39, 0xbd, 0xb4, 0x08, 0x39,
  0x1c, 0xbc, 0xf9, 0x38, 0xa8, 0x78, 0x12, 0x39, 0xf2, 0x1f, 0x07, 0x39,
  0x2e, 0x57, 0x17, 0x39, 0x3d, 0x2e, 0x03, 0x39, 0xb1, 0x1c, 0x12, 0x39,
  0xf2, 0xe9, 0x05, 0x39, 0xeb, 0x42, 0xe3, 0x38, 0x5f, 0x9c, 0x25, 0x39,
  0x92, 0xe9, 0x07, 0x39, 0x11, 0x11, 0x0c, 0x39, 0xb7, 0x87, 0x16, 0x39,
  0xf2, 0x45, 0xf9, 0x38, 0x5d, 0x7b, 0xdc, 0x38, 0x99, 0x68, 0x12, 0x39,
  0x33, 0xaa, 0x4b, 0x39, 0x44, 0xaf, 0xd8, 0x38, 0x02, 0x52, 0x1a, 0x39,
  0xbb, 0x66, 0x20, 0x39, 0xe9, 0x3b, 0xee, 0x38, 0x90, 0x3b, 0x06, 0x39,
  0xaf, 0x92, 0x19, 0x39, 0x19, 0x05, 0x28, 0x39, 0x72, 0xf2, 0xd4, 0x38,
  0x70, 0x00, 0x00, 0x00, 0x47, 0x61, 0x69, 0x74, 0x43, 0x4e, 0x4e, 0x32,
  0x44, 0x5f, 0x31, 0x2f, 0x63, 0x6f, 0x6e, 0x76, 0x32, 0x5f, 0x31, 0x2f,
  0x52, 0x65, 0x6c, 0x75, 0x3b, 0x47, 0x61, 0x69, 0x74, 0x43, 0x4e, 0x4e,
  0x32, 0x44, 0x5f, 0x31, 0x2f, 0x63, 0x6f, 0x6e, 0x76, 0x32, 0x5f, 0x31,
  0x2f, 0x42, 0x69, 0x61, 0x73, 0x41, 0x64, 0x64, 0x3b, 0x47, 0x61, 0x69,
  0x74, 0x43, 0x4e, 0x4e, 0x32, 0x44, 0x5f, 0x31, 0x2f, 0x63, 0x6f, 0x6e,
  0x76, 0x32, 0x5f, 0x31, 0x2f, 0x63, 0x6f, 0x6e, 0x76, 0x6f, 0x6c, 0x75,
  0x74, 0x69, 0x6f, 0x6e, 0x3b, 0x47, 0x61, 0x69, 0x74, 0x43, 0x4e, 0x4e,
  0x32, 0x44, 0x5f, 0x31, 0x2f, 0x63, 0x6f, 0x6e, 0x76, 0x32, 0x5f, 0x31,
  0x2f, 0x53, 0x71, 0x75, 0x65, 0x65, 0x7a, 0x65, 0x00, 0x00, 0x00, 0x00,
  0x01, 0x00, 0x00, 0x00, 0x20, 0x00, 0x00, 0x00, 0x4e, 0xf5, 0xff, 0xff,
  0x00, 0x00, 0x00, 0x01, 0x14, 0x00, 0x00, 0x00, 0x30, 0x00, 0x00, 0x00,
  0x0c, 0x00, 0x00, 0x00, 0x00, 0x00, 0x00, 0x09, 0x48, 0x00, 0x00, 0x00,
  0xac, 0xf4, 0xff, 0xff, 0x08, 0x00, 0x00, 0x00, 0x10, 0x00, 0x00, 0x00,
  0x01, 0x00, 0x00, 0x00, 0x80, 0xff, 0xff, 0xff, 0xff, 0xff, 0xff, 0xff,
  0x01, 0x00, 0x00, 0x00, 0x88, 0x8c, 0x4b, 0x3c, 0x1f, 0x00, 0x00, 0x00,
  0x47, 0x61, 0x69, 0x74, 0x43, 0x4e, 0x4e, 0x32, 0x44, 0x5f, 0x31, 0x2f,
  0x62, 0x6e, 0x32, 0x5f, 0x31, 0x2f, 0x62, 0x61, 0x74, 0x63, 0x68, 0x6e,
  0x6f, 0x72, 0x6d, 0x2f, 0x6d, 0x75, 0x6c, 0x00, 0x01, 0x00, 0x00, 0x00,
  0x20, 0x00, 0x00, 0x00, 0xb6, 0xf5, 0xff, 0xff, 0x00, 0x00, 0x00, 0x01,
  0x14, 0x00, 0x00, 0x00, 0x30, 0x00, 0x00, 0x00, 0x0b, 0x00, 0x00, 0x00,
  0x00, 0x00, 0x00, 0x09, 0x48, 0x00, 0x00, 0x00, 0x14, 0xf5, 0xff, 0xff,
  0x08, 0x00, 0x00, 0x00, 0x10, 0x00, 0x00, 0x00, 0x01, 0x00, 0x00, 0x00,
  0x7f, 0x00, 0x00, 0x00, 0x00, 0x00, 0x00, 0x00, 0x01, 0x00, 0x00, 0x00,
  0xfa, 0x0c, 0x45, 0x3b, 0x1f, 0x00, 0x00, 0x00, 0x47, 0x61, 0x69, 0x74,
  0x43, 0x4e, 0x4e, 0x32, 0x44, 0x5f, 0x31, 0x2f, 0x62, 0x6e, 0x32, 0x5f,
  0x31, 0x2f, 0x62, 0x61, 0x74, 0x63, 0x68, 0x6e, 0x6f, 0x72, 0x6d, 0x2f,
  0x73, 0x75, 0x62, 0x00, 0x01, 0x00, 0x00, 0x00, 0x20, 0x00, 0x00, 0x00,
  0x1e, 0xf6, 0xff, 0xff, 0x00, 0x00, 0x00, 0x01, 0x14, 0x00, 0x00, 0x00,
  0xa4, 0x01, 0x00, 0x00, 0x0a, 0x00, 0x00, 0x00, 0x00, 0x00, 0x00, 0x09,
  0xbc, 0x01, 0x00, 0x00, 0x7c, 0xf5, 0xff, 0xff, 0x08, 0x00, 0x00, 0x00,
  0x08, 0x01, 0x00, 0x00, 0x20, 0x00, 0x00, 0x00, 0x00, 0x00, 0x00, 0x00,
  0x00, 0x00, 0x00, 0x00, 0x00, 0x00, 0x00, 0x00, 0x00, 0x00, 0x00, 0x00,
  0x00, 0x00, 0x00, 0x00, 0x00, 0x00, 0x00, 0x00, 0x00, 0x00, 0x00, 0x00,
  0x00, 0x00, 0x00, 0x00, 0x00, 0x00, 0x00, 0x00, 0x00, 0x00, 0x00, 0x00,
  0x00, 0x00, 0x00, 0x00, 0x00, 0x00, 0x00, 0x00, 0x00, 0x00, 0x00, 0x00,
  0x00, 0x00, 0x00, 0x00, 0x00, 0x00, 0x00, 0x00, 0x00, 0x00, 0x00, 0x00,
  0x00, 0x00, 0x00, 0x00, 0x00, 0x00, 0x00, 0x00, 0x00, 0x00, 0x00, 0x00,
  0x00, 0x00, 0x00, 0x00, 0x00, 0x00, 0x00, 0x00, 0x00, 0x00, 0x00, 0x00,
  0x00, 0x00, 0x00, 0x00, 0x00, 0x00, 0x00, 0x00, 0x00, 0x00, 0x00, 0x00,
  0x00, 0x00, 0x00, 0x00, 0x00, 0x00, 0x00, 0x00, 0x00, 0x00, 0x00, 0x00,
  0x00, 0x00, 0x00, 0x00, 0x00, 0x00, 0x00, 0x00, 0x00, 0x00, 0x00, 0x00,
  0x00, 0x00, 0x00, 0x00, 0x00, 0x00, 0x00, 0x00, 0x00, 0x00, 0x00, 0x00,
  0x00, 0x00, 0x00, 0x00, 0x00, 0x00, 0x00, 0x00, 0x00, 0x00, 0x00, 0x00,
  0x00, 0x00, 0x00, 0x00, 0x00, 0x00, 0x00, 0x00, 0x00, 0x00, 0x00, 0x00,
  0x00, 0x00, 0x00, 0x00, 0x00, 0x00, 0x00, 0x00, 0x00, 0x00, 0x00, 0x00,
  0x00, 0x00, 0x00, 0x00, 0x00, 0x00, 0x00, 0x00, 0x00, 0x00, 0x00, 0x00,
  0x00, 0x00, 0x00, 0x00, 0x00, 0x00, 0x00, 0x00, 0x00, 0x00, 0x00, 0x00,
  0x00, 0x00, 0x00, 0x00, 0x00, 0x00, 0x00, 0x00, 0x00, 0x00, 0x00, 0x00,
  0x00, 0x00, 0x00, 0x00, 0x00, 0x00, 0x00, 0x00, 0x00, 0x00, 0x00, 0x00,
  0x00, 0x00, 0x00, 0x00, 0x00, 0x00, 0x00, 0x00, 0x00, 0x00, 0x00, 0x00,
  0x00, 0x00, 0x00, 0x00, 0x00, 0x00, 0x00, 0x00, 0x00, 0x00, 0x00, 0x00,
  0x00, 0x00, 0x00, 0x00, 0x00, 0x00, 0x00, 0x00, 0x00, 0x00, 0x00, 0x00,
  0x20, 0x00, 0x00, 0x00, 0x2a, 0x78, 0xe0, 0x3a, 0xa6, 0x41, 0xea, 0x3a,
  0x2b, 0xca, 0x00, 0x3b, 0x0f, 0xd4, 0xde, 0x3a, 0x06, 0x14, 0x0f, 0x3b,
  0xa9, 0xdf, 0xe9, 0x3a, 0x91, 0x2d, 0xe3, 0x3a, 0x92, 0xf9, 0x08, 0x3b,
  0x38, 0xf5, 0xd4, 0x3a, 0xeb, 0x06, 0xf2, 0x3a, 0xe7, 0x92, 0xf2, 0x3a,
  0x8c, 0xa6, 0x0e, 0x3b, 0x88, 0x70, 0xd4, 0x3a, 0x4b, 0xca, 0x06, 0x3b,
  0x16, 0x51, 0xfc, 0x3a, 0xa6, 0xa8, 0xe7, 0x3a, 0xad, 0x33, 0x11, 0x3b,
  0x58, 0x86, 0x05, 0x3b, 0x73, 0x6d, 0xe2, 0x3a, 0x37, 0xa3, 0xe3, 0x3a,
  0x51, 0x98, 0xe5, 0x3a, 0xac, 0x3b, 0xe9, 0x3a, 0x3a, 0x5f, 0xeb, 0x3a,
  0x09, 0xdb, 0xd7, 0x3a, 0xd7, 0x56, 0xe4, 0x3a, 0x02, 0xe0, 0x04, 0x3b,
  0x76, 0x50, 0x04, 0x3b, 0xa4, 0x3a, 0xea, 0x3a, 0x31, 0x9c, 0xd2, 0x3a,
  0xe2, 0x55, 0x25, 0x3b, 0x6c, 0x25, 0xdd, 0x3a, 0x97, 0xcd, 0xdf, 0x3a,
  0x1f, 0x00, 0x00, 0x00, 0x47, 0x61, 0x69, 0x74, 0x43, 0x4e, 0x4e, 0x32,
  0x44, 0x5f, 0x31, 0x2f, 0x63, 0x6f, 0x6e, 0x76, 0x33, 0x5f, 0x31, 0x2f,
  0x63, 0x6f, 0x6e, 0x76, 0x6f, 0x6c, 0x75, 0x74, 0x69, 0x6f, 0x6e, 0x00,
  0x04, 0x00, 0x00, 0x00, 0x20, 0x00, 0x00, 0x00, 0x03, 0x00, 0x00, 0x00,
  0x01, 0x00, 0x00, 0x00, 0x20, 0x00, 0x00, 0x00, 0x06, 0xf8, 0xff, 0xff,
  0x00, 0x00, 0x00, 0x01, 0x14, 0x00, 0x00, 0x00, 0xa4, 0x01, 0x00, 0x00,
  0x09, 0x00, 0x00, 0x00, 0x00, 0x00, 0x00, 0x02, 0x10, 0x02, 0x00, 0x00,
  0x64, 0xf7, 0xff, 0xff, 0x08, 0x00, 0x00, 0x00, 0x08, 0x01, 0x00, 0x00,
  0x20, 0x00, 0x00, 0x00, 0x00, 0x00, 0x00, 0x00, 0x00, 0x00, 0x00, 0x00,
  0x00, 0x00, 0x00, 0x00, 0x00, 0x00, 0x00, 0x00, 0x00, 0x00, 0x00, 0x00,
  0x00, 0x00, 0x00, 0x00, 0x00, 0x00, 0x00, 0x00, 0x00, 0x00, 0x00, 0x00,
  0x00, 0x00, 0x00, 0x00, 0x00, 0x00, 0x00, 0x00, 0x00, 0x00, 0x00, 0x00,
  0x00, 0x00, 0x00, 0x00, 0x00, 0x00, 0x00, 0x00, 0x00, 0x00, 0x00, 0x00,
  0x00, 0x00, 0x00, 0x00, 0x00, 0x00, 0x00, 0x00, 0x00, 0x00, 0x00, 0x00,
  0x00, 0x00, 0x00, 0x00, 0x00, 0x00, 0x00, 0x00, 0x00, 0x00, 0x00, 0x00,
  0x00, 0x00, 0x00, 0x00, 0x00, 0x00, 0x00, 0x00, 0x00, 0x00, 0x00, 0x00,
  0x00, 0x00, 0x00, 0x00, 0x00, 0x00, 0x00, 0x00, 0x00, 0x00, 0x00, 0x00,
  0x00, 0x00, 0x00, 0x00, 0x00, 0x00, 0x00, 0x00, 0x00, 0x00, 0x00, 0x00,
  0x00, 0x00, 0x00, 0x00, 0x00, 0x00, 0x00, 0x00, 0x00, 0x00, 0x00, 0x00,
  0x00, 0x00, 0x00, 0x00, 0x00, 0x00, 0x00, 0x00, 0x00, 0x00, 0x00, 0x00,
  0x00, 0x00, 0x00, 0x00, 0x00, 0x00, 0x00, 0x00, 0x00, 0x00, 0x00, 0x00,
  0x00, 0x00, 0x00, 0x00, 0x00, 0x00, 0x00, 0x00, 0x00, 0x00, 0x00, 0x00,
  0x00, 0x00, 0x00, 0x00, 0x00, 0x00, 0x00, 0x00, 0x00, 0x00, 0x00, 0x00,
  0x00, 0x00, 0x00, 0x00, 0x00, 0x00, 0x00, 0x00, 0x00, 0x00, 0x00, 0x00,
  0x00, 0x00, 0x00, 0x00, 0x00, 0x00, 0x00, 0x00, 0x00, 0x00, 0x00, 0x00,
  0x00, 0x00, 0x00, 0x00, 0x00, 0x00, 0x00, 0x00, 0x00, 0x00, 0x00, 0x00,
  0x00, 0x00, 0x00, 0x00, 0x00, 0x00, 0x00, 0x00, 0x00, 0x00, 0x00, 0x00,
  0x00, 0x00, 0x00, 0x00, 0x00, 0x00, 0x00, 0x00, 0x00, 0x00, 0x00, 0x00,
  0x00, 0x00, 0x00, 0x00, 0x00, 0x00, 0x00, 0x00, 0x00, 0x00, 0x00, 0x00,
  0x00, 0x00, 0x00, 0x00, 0x00, 0x00, 0x00, 0x00, 0x20, 0x00, 0x00, 0x00,
  0xb0, 0x92, 0x05, 0x39, 0x9a, 0x65, 0x0b, 0x39, 0x87, 0x46, 0x19, 0x39,
  0xb3, 0x98, 0x04, 0x39, 0xd2, 0x47, 0x2a, 0x39, 0x4b, 0x2b, 0x0b, 0x39,
  0x4e, 0x2f, 0x07, 0x39, 0x50, 0x04, 0x23, 0x39, 0x26, 0x72, 0xfd, 0x38,
  0x57, 0x05, 0x10, 0x39, 0xa4, 0x58, 0x10, 0x39, 0x88, 0xc5, 0x29, 0x39,
  0x3c, 0xd4, 0xfc, 0x38, 0xb4, 0x6a, 0x20, 0x39, 0xd5, 0x24, 0x16, 0x39,
  0xe3, 0xd9, 0x09, 0x39, 0xd5, 0xce, 0x2c, 0x39, 0x2a, 0xe9, 0x1e, 0x39,
  0xfb, 0xbc, 0x06, 0x39, 0x50, 0x75, 0x07, 0x39, 0x7f, 0x9f, 0x08, 0x39,
  0xb6, 0xc9, 0x0a, 0x39, 0x8a, 0x0f, 0x0c, 0x39, 0x80, 0x72, 0x00, 0x39,
  0x33, 0xe0, 0x07, 0x39, 0x34, 0x23, 0x1e, 0x39, 0x5e, 0x78, 0x1d, 0x39,
  0x6f, 0x61, 0x0b, 0x39, 0xda, 0xa6, 0xfa, 0x38, 0xf8, 0xc4, 0x44, 0x39,
  0x71, 0x98, 0x03, 0x39, 0x2f, 0x2d, 0x05, 0x39, 0x70, 0x00, 0x00, 0x00,
  0x47, 0x61, 0x69, 0x74, 0x43, 0x4e, 0x4e, 0x32, 0x44, 0x5f, 0x31, 0x2f,
  0x63, 0x6f, 0x6e, 0x76, 0x33, 0x5f, 0x31, 0x2f, 0x52, 0x65, 0x6c, 0x75,
  0x3b, 0x47, 0x61, 0x69, 0x74, 0x43, 0x4e, 0x4e, 0x32, 0x44, 0x5f, 0x31,
  0x2f, 0x63, 0x6f, 0x6e, 0x76, 0x33, 0x5f, 0x31, 0x2f, 0x42, 0x69, 0x61,
  0x73, 0x41, 0x64, 0x64, 0x3b, 0x47, 0x61, 0x69, 0x74, 0x43, 0x4e, 0x4e,
  0x32, 0x44, 0x5f, 0x31, 0x2f, 0x63, 0x6f, 0x6e, 0x76, 0x33, 0x5f, 0x31,
  0x2f, 0x63, 0x6f, 0x6e, 0x76, 0x6f, 0x6c, 0x75, 0x74, 0x69, 0x6f, 0x6e,
  0x3b, 0x47, 0x61, 0x69, 0x74, 0x43, 0x4e, 0x4e, 0x32, 0x44, 0x5f, 0x31,
  0x2f, 0x63, 0x6f, 0x6e, 0x76, 0x33, 0x5f, 0x31, 0x2f, 0x53, 0x71, 0x75,
  0x65, 0x65, 0x7a, 0x65, 0x00, 0x00, 0x00, 0x00, 0x01, 0x00, 0x00, 0x00,
  0x20, 0x00, 0x00, 0x00, 0x36, 0xfa, 0xff, 0xff, 0x00, 0x00, 0x00, 0x01,
  0x14, 0x00, 0x00, 0x00, 0x30, 0x00, 0x00, 0x00, 0x08, 0x00, 0x00, 0x00,
  0x00, 0x00, 0x00, 0x09, 0x48, 0x00, 0x00, 0x00, 0x94, 0xf9, 0xff, 0xff,
  0x08, 0x00, 0x00, 0x00, 0x10, 0x00, 0x00, 0x00, 0x01, 0x00, 0x00, 0x00,
  0x80, 0xff, 0xff, 0xff, 0xff, 0xff, 0xff, 0xff, 0x01, 0x00, 0x00, 0x00,
  0x0e, 0xe6, 0x82, 0x3c, 0x1f, 0x00, 0x00, 0x00, 0x47, 0x61, 0x69, 0x74,
  0x43, 0x4e, 0x4e, 0x32, 0x44, 0x5f, 0x31, 0x2f, 0x62, 0x6e, 0x33, 0x5f,
  0x31, 0x2f, 0x62, 0x61, 0x74, 0x63, 0x68, 0x6e, 0x6f, 0x72, 0x6d, 0x2f,
  0x6d, 0x75, 0x6c, 0x00, 0x01, 0x00, 0x00, 0x00, 0x20, 0x00, 0x00, 0x00,
  0x9e, 0xfa, 0xff, 0xff, 0x00, 0x00, 0x00, 0x01, 0x14, 0x00, 0x00, 0x00,
  0x30, 0x00, 0x00, 0x00, 0x07, 0x00, 0x00, 0x00, 0x00, 0x00, 0x00, 0x09,
  0x48, 0x00, 0x00, 0x00, 0xfc, 0xf9, 0xff, 0xff, 0x08, 0x00, 0x00, 0x00,
  0x10, 0x00, 0x00, 0x00, 0x01, 0x00, 0x00, 0x00, 0x7f, 0x00, 0x00, 0x00,
  0x00, 0x00, 0x00, 0x00, 0x01, 0x00, 0x00, 0x00, 0x06, 0x3a, 0x6e, 0x3b,
  0x1f, 0x00, 0x00, 0x00, 0x47, 0x61, 0x69, 0x74, 0x43, 0x4e, 0x4e, 0x32,
  0x44, 0x5f, 0x31, 0x2f, 0x62, 0x6e, 0x33, 0x5f, 0x31, 0x2f, 0x62, 0x61,
  0x74, 0x63, 0x68, 0x6e, 0x6f, 0x72, 0x6d, 0x2f, 0x73, 0x75, 0x62, 0x00,
  0x01, 0x00, 0x00, 0x00, 0x20, 0x00, 0x00, 0x00, 0x06, 0xfb, 0xff, 0xff,
  0x00, 0x00, 0x00, 0x01, 0x14, 0x00, 0x00, 0x00, 0xa8, 0x01, 0x00, 0x00,
  0x06, 0x00, 0x00, 0x00, 0x00, 0x00, 0x00, 0x09, 0xbc, 0x01, 0x00, 0x00,
  0x64, 0xfa, 0xff, 0xff, 0x08, 0x00, 0x00, 0x00, 0x0c, 0x01, 0x00, 0x00,
  0x20, 0x00, 0x00, 0x00, 0x00, 0x00, 0x00, 0x00, 0x00, 0x00, 0x00, 0x00,
  0x00, 0x00, 0x00, 0x00, 0x00, 0x00, 0x00, 0x00, 0x00, 0x00, 0x00, 0x00,
  0x00, 0x00, 0x00, 0x00, 0x00, 0x00, 0x00, 0x00, 0x00, 0x00, 0x00, 0x00,
  0x00, 0x00, 0x00, 0x00, 0x00, 0x00, 0x00, 0x00, 0x00, 0x00, 0x00, 0x00,
  0x00, 0x00, 0x00, 0x00, 0x00, 0x00, 0x00, 0x00, 0x00, 0x00, 0x00, 0x00,
  0x00, 0x00, 0x00, 0x00, 0x00, 0x00, 0x00, 0x00, 0x00, 0x00, 0x00, 0x00,
  0x00, 0x00, 0x00, 0x00, 0x00, 0x00, 0x00, 0x00, 0x00, 0x00, 0x00, 0x00,
  0x00, 0x00, 0x00, 0x00, 0x00, 0x00, 0x00, 0x00, 0x00, 0x00, 0x00, 0x00,
  0x00, 0x00, 0x00, 0x00, 0x00, 0x00, 0x00, 0x00, 0x00, 0x00, 0x00, 0x00,
  0x00, 0x00, 0x00, 0x00, 0x00, 0x00, 0x00, 0x00, 0x00, 0x00, 0x00, 0x00,
  0x00, 0x00, 0x00, 0x00, 0x00, 0x00, 0x00, 0x00, 0x00, 0x00, 0x00, 0x00,
  0x00, 0x00, 0x00, 0x00, 0x00, 0x00, 0x00, 0x00, 0x00, 0x00, 0x00, 0x00,
  0x00, 0x00, 0x00, 0x00, 0x00, 0x00, 0x00, 0x00, 0x00, 0x00, 0x00, 0x00,
  0x00, 0x00, 0x00, 0x00, 0x00, 0x00, 0x00, 0x00, 0x00, 0x00, 0x00, 0x00,
  0x00, 0x00, 0x00, 0x00, 0x00, 0x00, 0x00, 0x00, 0x00, 0x00, 0x00, 0x00,
  0x00, 0x00, 0x00, 0x00, 0x00, 0x00, 0x00, 0x00, 0x00, 0x00, 0x00, 0x00,
  0x00, 0x00, 0x00, 0x00, 0x00, 0x00, 0x00, 0x00, 0x00, 0x00, 0x00, 0x00,
  0x00, 0x00, 0x00, 0x00, 0x00, 0x00, 0x00, 0x00, 0x00, 0x00, 0x00, 0x00,
  0x00, 0x00, 0x00, 0x00, 0x00, 0x00, 0x00, 0x00, 0x00, 0x00, 0x00, 0x00,
  0x00, 0x00, 0x00, 0x00, 0x00, 0x00, 0x00, 0x00, 0x00, 0x00, 0x00, 0x00,
  0x00, 0x00, 0x00, 0x00, 0x00, 0x00, 0x00, 0x00, 0x00, 0x00, 0x00, 0x00,
  0x00, 0x00, 0x00, 0x00, 0x00, 0x00, 0x00, 0x00, 0x00, 0x00, 0x00, 0x00,
  0x20, 0x00, 0x00, 0x00, 0x0a, 0xfe, 0x47, 0x3b, 0xd4, 0xa2, 0x4d, 0x3b,
  0xa4, 0xf0, 0x81, 0x3b, 0xe5, 0xf1, 0x84, 0x3b, 0xbf, 0x1a, 0x2e, 0x3b,
  0xa5, 0x88, 0x4f, 0x3b, 0x14, 0x4a, 0x55, 0x3b, 0xdc, 0xac, 0x56, 0x3b,
  0xe4, 0xad, 0x5c, 0x3b, 0xbc, 0x2a, 0x47, 0x3b, 0x53, 0x9f, 0x49, 0x3b,
  0x10, 0xe4, 0x4e, 0x3b, 0x30, 0x4f, 0x27, 0x3b, 0xaa, 0x9a, 0x6a, 0x3b,
  0x76, 0x1c, 0x43, 0x3b, 0x17, 0x01, 0x51, 0x3b, 0xeb, 0x94, 0x3d, 0x3b,
  0x93, 0x37, 0x4b, 0x3b, 0x01, 0x63, 0x6f, 0x3b, 0x3e, 0xec, 0x3b, 0x3b,
  0x9b, 0xce, 0x73, 0x3b, 0x68, 0x45, 0x4f, 0x3b, 0xad, 0x35, 0x40, 0x3b,
  0x2c, 0xfa, 0x6c, 0x3b, 0x13, 0xfe, 0x84, 0x3b, 0x5c, 0x04, 0x59, 0x3b,
  0xfb, 0x70, 0x30, 0x3b, 0x4d, 0xd4, 0x2e, 0x3b, 0x69, 0x43, 0x57, 0x3b,
  0xf1, 0x9b, 0x80, 0x3b, 0x56, 0x72, 0x3e, 0x3b, 0x96, 0x5c, 0x4a, 0x3b,
  0x18, 0x00, 0x00, 0x00, 0x47, 0x61, 0x69, 0x74, 0x43, 0x4e, 0x4e, 0x32,
  0x44, 0x5f, 0x31, 0x2f, 0x66, 0x63, 0x31, 0x5f, 0x31, 0x2f, 0x4d, 0x61,
  0x74, 0x4d, 0x75, 0x6c, 0x00, 0x00, 0x00, 0x00, 0x02, 0x00, 0x00, 0x00,
  0x20, 0x00, 0x00, 0x00, 0x20, 0x00, 0x00, 0x00, 0xe6, 0xfc, 0xff, 0xff,
  0x00, 0x00, 0x00, 0x01, 0x14, 0x00, 0x00, 0x00, 0xa4, 0x01, 0x00, 0x00,
  0x05, 0x00, 0x00, 0x00, 0x00, 0x00, 0x00, 0x02, 0xd0, 0x01, 0x00, 0x00,
  0x44, 0xfc, 0xff, 0xff, 0x08, 0x00, 0x00, 0x00, 0x08, 0x01, 0x00, 0x00,
  0x20, 0x00, 0x00, 0x00, 0x00, 0x00, 0x00, 0x00, 0x00, 0x00, 0x00, 0x00,
  0x00, 0x00, 0x00, 0x00, 0x00, 0x00, 0x00, 0x00, 0x00, 0x00, 0x00, 0x00,
  0x00, 0x00, 0x00, 0x00, 0x00, 0x00, 0x00, 0x00, 0x00, 0x00, 0x00, 0x00,
  0x00, 0x00, 0x00, 0x00, 0x00, 0x00, 0x00, 0x00, 0x00, 0x00, 0x00, 0x00,
  0x00, 0x00, 0x00, 0x00, 0x00, 0x00, 0x00, 0x00, 0x00, 0x00, 0x00, 0x00,
  0x00, 0x00, 0x00, 0x00, 0x00, 0x00, 0x00, 0x00, 0x00, 0x00, 0x00, 0x00,
  0x00, 0x00, 0x00, 0x00, 0x00, 0x00, 0x00, 0x00, 0x00, 0x00, 0x00, 0x00,
  0x00, 0x00, 0x00, 0x00, 0x00, 0x00, 0x00, 0x00, 0x00, 0x00, 0x00, 0x00,
  0x00, 0x00, 0x00, 0x00, 0x00, 0x00, 0x00, 0x00, 0x00, 0x00, 0x00, 0x00,
  0x00, 0x00, 0x00, 0x00, 0x00, 0x00, 0x00, 0x00, 0x00, 0x00, 0x00, 0x00,
  0x00, 0x00, 0x00, 0x00, 0x00, 0x00, 0x00, 0x00, 0x00, 0x00, 0x00, 0x00,
  0x00, 0x00, 0x00, 0x00, 0x00, 0x00, 0x00, 0x00, 0x00, 0x00, 0x00, 0x00,
  0x00, 0x00, 0x00, 0x00, 0x00, 0x00, 0x00, 0x00, 0x00, 0x00, 0x00, 0x00,
  0x00, 0x00, 0x00, 0x00, 0x00, 0x00, 0x00, 0x00, 0x00, 0x00, 0x00, 0x00,
  0x00, 0x00, 0x00, 0x00, 0x00, 0x00, 0x00, 0x00, 0x00, 0x00, 0x00, 0x00,
  0x00, 0x00, 0x00, 0x00, 0x00, 0x00, 0x00, 0x00, 0x00, 0x00, 0x00, 0x00,
  0x00, 0x00, 0x00, 0x00, 0x00, 0x00, 0x00, 0x00, 0x00, 0x00, 0x00, 0x00,
  0x00, 0x00, 0x00, 0x00, 0x00, 0x00, 0x00, 0x00, 0x00, 0x00, 0x00, 0x00,
  0x00, 0x00, 0x00, 0x00, 0x00, 0x00, 0x00, 0x00, 0x00, 0x00, 0x00, 0x00,
  0x00, 0x00, 0x00, 0x00, 0x00, 0x00, 0x00, 0x00, 0x00, 0x00, 0x00, 0x00,
  0x00, 0x00, 0x00, 0x00, 0x00, 0x00, 0x00, 0x00, 0x00, 0x00, 0x00, 0x00,
  0x00, 0x00, 0x00, 0x00, 0x00, 0x00, 0x00, 0x00, 0x20, 0x00, 0x00, 0x00,
  0xeb, 0x91, 0x87, 0x37, 0x4e, 0x65, 0x8b, 0x37, 0x99, 0x2a, 0xb0, 0x37,
  0x84, 0x3d, 0xb4, 0x37, 0xdf, 0x0a, 0x6c, 0x37, 0xa1, 0xae, 0x8c, 0x37,
  0x6f, 0x95, 0x90, 0x37, 0xef, 0x85, 0x91, 0x37, 0xd9, 0x97, 0x95, 0x37,
  0xae, 0x02, 0x87, 0x37, 0xc9, 0xac, 0x88, 0x37, 0x10, 0x3f, 0x8c, 0x37,
  0x76, 0xd4, 0x62, 0x37, 0x53, 0x08, 0x9f, 0x37, 0xdc, 0x42, 0x84, 0x37,
  0xd0, 0xad, 0x8d, 0x37, 0x4c, 0x83, 0x80, 0x37, 0x87, 0xc1, 0x89, 0x37,
  0x46, 0x46, 0xa2, 0x37, 0xd7, 0xc6, 0x7e, 0x37, 0x5c, 0x45, 0xa5, 0x37,
  0x0d, 0x81, 0x8c, 0x37, 0x58, 0x4b, 0x82, 0x37, 0x23, 0xa4, 0xa0, 0x37,
  0x07, 0x4e, 0xb4, 0x37, 0x52, 0x1c, 0x93, 0x37, 0xee, 0x35, 0x6f, 0x37,
  0x70, 0x06, 0x6d, 0x37, 0xfd, 0xeb, 0x91, 0x37, 0xb2, 0x5c, 0xae, 0x37,
  0x64, 0x19, 0x81, 0x37, 0x15, 0x2d, 0x89, 0x37, 0x30, 0x00, 0x00, 0x00,
  0x47, 0x61, 0x69, 0x74, 0x43, 0x4e, 0x4e, 0x32, 0x44, 0x5f, 0x31, 0x2f,
  0x66, 0x63, 0x31, 0x5f, 0x31, 0x2f, 0x52, 0x65, 0x6c, 0x75, 0x3b, 0x47,
  0x61, 0x69, 0x74, 0x43, 0x4e, 0x4e, 0x32, 0x44, 0x5f, 0x31, 0x2f, 0x66,
  0x63, 0x31, 0x5f, 0x31, 0x2f, 0x42, 0x69, 0x61, 0x73, 0x41, 0x64, 0x64,
  0x00, 0x00, 0x00, 0x00, 0x01, 0x00, 0x00, 0x00, 0x20, 0x00, 0x00, 0x00,
  0xd6, 0xfe, 0xff, 0xff, 0x00, 0x00, 0x00, 0x01, 0x14, 0x00, 0x00, 0x00,
  0x58, 0x00, 0x00, 0x00, 0x04, 0x00, 0x00, 0x00, 0x00, 0x00, 0x00, 0x09,
  0x74, 0x00, 0x00, 0x00, 0x34, 0xfe, 0xff, 0xff, 0x08, 0x00, 0x00, 0x00,
  0x2c, 0x00, 0x00, 0x00, 0x04, 0x00, 0x00, 0x00, 0x00, 0x00, 0x00, 0x00,
  0x00, 0x00, 0x00, 0x00, 0x00, 0x00, 0x00, 0x00, 0x00, 0x00, 0x00, 0x00,
  0x00, 0x00, 0x00, 0x00, 0x00, 0x00, 0x00, 0x00, 0x00, 0x00, 0x00, 0x00,
  0x00, 0x00, 0x00, 0x00, 0x00, 0x00, 0x00, 0x00, 0x04, 0x00, 0x00, 0x00,
  0xf1, 0xf5, 0xba, 0x3b, 0xde, 0x21, 0x8c, 0x3b, 0x5a, 0xde, 0x9d, 0x3b,
  0x80, 0xe0, 0x9f, 0x3b, 0x20, 0x00, 0x00, 0x00, 0x47, 0x61, 0x69, 0x74,
  0x43, 0x4e, 0x4e, 0x32, 0x44, 0x5f, 0x31, 0x2f, 0x70, 0x72, 0x65, 0x64,
  0x69, 0x63, 0x74, 0x69, 0x6f, 0x6e, 0x73, 0x5f, 0x31, 0x2f, 0x4d, 0x61,
  0x74, 0x4d, 0x75, 0x6c, 0x00, 0x00, 0x00, 0x00, 0x02, 0x00, 0x00, 0x00,
  0x04, 0x00, 0x00, 0x00, 0x20, 0x00, 0x00, 0x00, 0x6e, 0xff, 0xff, 0xff,
  0x00, 0x00, 0x00, 0x01, 0x14, 0x00, 0x00, 0x00, 0x54, 0x00, 0x00, 0x00,
  0x03, 0x00, 0x00, 0x00, 0x00, 0x00, 0x00, 0x02, 0x70, 0x00, 0x00, 0x00,
  0xcc, 0xfe, 0xff, 0xff, 0x08, 0x00, 0x00, 0x00, 0x28, 0x00, 0x00, 0x00,
  0x04, 0x00, 0x00, 0x00, 0x00, 0x00, 0x00, 0x00, 0x00, 0x00, 0x00, 0x00,
  0x00, 0x00, 0x00, 0x00, 0x00, 0x00, 0x00, 0x00, 0x00, 0x00, 0x00, 0x00,
  0x00, 0x00, 0x00, 0x00, 0x00, 0x00, 0x00, 0x00, 0x00, 0x00, 0x00, 0x00,
  0x04, 0x00, 0x00, 0x00, 0x2a, 0x7b, 0xe5, 0x37, 0xa6, 0x00, 0xac, 0x37,
  0xc6, 0xc5, 0xc1, 0x37, 0xdb, 0x3c, 0xc4, 0x37, 0x21, 0x00, 0x00, 0x00,
  0x47, 0x61, 0x69, 0x74, 0x43, 0x4e, 0x4e, 0x32, 0x44, 0x5f, 0x31, 0x2f,
  0x70, 0x72, 0x65, 0x64, 0x69, 0x63, 0x74, 0x69, 0x6f, 0x6e, 0x73, 0x5f,
  0x31, 0x2f, 0x42, 0x69, 0x61, 0x73, 0x41, 0x64, 0x64, 0x00, 0x00, 0x00,
  0x01, 0x00, 0x00, 0x00, 0x04, 0x00, 0x00, 0x00, 0x00, 0x00, 0x16, 0x00,
  0x1c, 0x00, 0x18, 0x00, 0x17, 0x00, 0x10, 0x00, 0x0c, 0x00, 0x08, 0x00,
  0x00, 0x00, 0x00, 0x00, 0x00, 0x00, 0x07, 0x00, 0x16, 0x00, 0x00, 0x00,
  0x00, 0x00, 0x00, 0x01, 0x18, 0x00, 0x00, 0x00, 0x18, 0x00, 0x00, 0x00,
  0x02, 0x00, 0x00, 0x00, 0x00, 0x00, 0x00, 0x02, 0x3c, 0x00, 0x00, 0x00,
  0x04, 0x00, 0x04, 0x00, 0x04, 0x00, 0x00, 0x00, 0x28, 0x00, 0x00, 0x00,
  0x47, 0x61, 0x69, 0x74, 0x43, 0x4e, 0x4e, 0x32, 0x44, 0x5f, 0x31, 0x2f,
  0x67, 0x61, 0x70, 0x5f, 0x31, 0x2f, 0x4d, 0x65, 0x61, 0x6e, 0x2f, 0x72,
  0x65, 0x64, 0x75, 0x63, 0x74, 0x69, 0x6f, 0x6e, 0x5f, 0x69, 0x6e, 0x64,
  0x69, 0x63, 0x65, 0x73, 0x00, 0x00, 0x00, 0x00, 0x01, 0x00, 0x00, 0x00,
  0x02, 0x00, 0x00, 0x00, 0x00, 0x00, 0x16, 0x00, 0x20, 0x00, 0x1c, 0x00,
  0x1b, 0x00, 0x14, 0x00, 0x10, 0x00, 0x0c, 0x00, 0x00, 0x00, 0x00, 0x00,
  0x08, 0x00, 0x07, 0x00, 0x16, 0x00, 0x00, 0x00, 0x00, 0x00, 0x00, 0x01,
  0x18, 0x00, 0x00, 0x00, 0x34, 0x00, 0x00, 0x00, 0x50, 0x00, 0x00, 0x00,
  0x01, 0x00, 0x00, 0x00, 0x00, 0x00, 0x00, 0x09, 0x64, 0x00, 0x00, 0x00,
  0x04, 0x00, 0x00, 0x00, 0xff, 0xff, 0xff, 0xff, 0x32, 0x00, 0x00, 0x00,
  0x0c, 0x00, 0x00, 0x00, 0x01, 0x00, 0x00, 0x00, 0x0c, 0x00, 0x0c, 0x00,
  0x00, 0x00, 0x00, 0x00, 0x08, 0x00, 0x04, 0x00, 0x0c, 0x00, 0x00, 0x00,
  0x08, 0x00, 0x00, 0x00, 0x10, 0x00, 0x00, 0x00, 0x01, 0x00, 0x00, 0x00,
  0xe8, 0xff, 0xff, 0xff, 0xff, 0xff, 0xff, 0xff, 0x01, 0x00, 0x00, 0x00,
  0x93, 0x5c, 0x7c, 0x3d, 0x1b, 0x00, 0x00, 0x00, 0x73, 0x65, 0x72, 0x76,
  0x69, 0x6e, 0x67, 0x5f, 0x64, 0x65, 0x66, 0x61, 0x75, 0x6c, 0x74, 0x5f,
  0x69, 0x6d, 0x75, 0x5f, 0x69, 0x6d, 0x61, 0x67, 0x65, 0x3a, 0x30, 0x00,
  0x04, 0x00, 0x00, 0x00, 0x01, 0x00, 0x00, 0x00, 0x32, 0x00, 0x00, 0x00,
  0x0c, 0x00, 0x00, 0x00, 0x01, 0x00, 0x00, 0x00, 0x06, 0x00, 0x00, 0x00,
  0x80, 0x00, 0x00, 0x00, 0x60, 0x00, 0x00, 0x00, 0x54, 0x00, 0x00, 0x00,
  0x38, 0x00, 0x00, 0x00, 0x18, 0x00, 0x00, 0x00, 0x04, 0x00, 0x00, 0x00,
  0xa4, 0xff, 0xff, 0xff, 0x19, 0x00, 0x00, 0x00, 0x02, 0x00, 0x00, 0x00,
  0x00, 0x00, 0x00, 0x19, 0xb4, 0xff, 0xff, 0xff, 0x09, 0x00, 0x00, 0x00,
  0x04, 0x00, 0x00, 0x00, 0x00, 0x00, 0x00, 0x09, 0x0c, 0x00, 0x0e, 0x00,
  0x0d, 0x00, 0x00, 0x00, 0x08, 0x00, 0x04, 0x00, 0x0c, 0x00, 0x00, 0x00,
  0x28, 0x00, 0x00, 0x00, 0x02, 0x00, 0x00, 0x00, 0x00, 0x28, 0x0a, 0x00,
  0x08, 0x00, 0x00, 0x00, 0x00, 0x00, 0x04, 0x00, 0x0a, 0x00, 0x00, 0x00,
  0x02, 0x00, 0x00, 0x00, 0xf0, 0xff, 0xff, 0xff, 0x12, 0x00, 0x00, 0x00,
  0x02, 0x00, 0x00, 0x00, 0x00, 0x00, 0x00, 0x12, 0x0c, 0x00, 0x10, 0x00,
  0x0f, 0x00, 0x00, 0x00, 0x08, 0x00, 0x04, 0x00, 0x0c, 0x00, 0x00, 0x00,
  0x03, 0x00, 0x00, 0x00, 0x03, 0x00, 0x00, 0x00, 0x00, 0x00, 0x00, 0x03
};

const int gait_model_len = 18744;

#endif // GAIT_MODEL_H
