timestamp_pc_ms,timestamp_arduino_ms,sensor_id,placement,ax,ay,az,gx,gy,gz,label,trial_id,subject_id
94402490,544047,3,ankle,-0.9327,-0.0757,-0.3105,0.4883,0.3662,0.0610,,t001,s001
94402505,544063,3,ankle,-0.9326,-0.0752,-0.3113,0.3662,0.3662,0.1221,,t001,s001
94402521,544078,3,ankle,-0.9329,-0.0752,-0.3101,-0.3662,0.0610,0.0000,,t001,s001
94402536,544094,3,ankle,-0.9326,-0.0750,-0.3083,-0.2441,0.0610,-0.0610,,t001,s001
94402552,544110,3,ankle,-0.9318,-0.0750,-0.3098,0.3052,0.1831,-0.0610,,t001,s001
94402567,544125,3,ankle,-0.9331,-0.0753,-0.3102,0.0000,0.1221,0.0000,,t001,s001
94402583,544140,3,ankle,-0.9335,-0.0769,-0.3101,-0.1831,0.0610,0.0610,,t001,s001
94402598,544156,3,ankle,-0.9325,-0.0762,-0.3107,0.1831,0.1221,0.0610,,t001,s001
94402614,544171,3,ankle,-0.9323,-0.0753,-0.3114,0.2441,0.1221,0.0610,,t001,s001
94402629,544187,3,ankle,-0.9329,-0.0752,-0.3105,0.0000,0.0000,0.0000,,t001,s001
94402645,544202,3,ankle,-0.9331,-0.0756,-0.3088,-0.1221,0.0000,0.1221,,t001,s001
94402660,544218,3,ankle,-0.9320,-0.0757,-0.3090,0.1831,0.1221,0.1221,,t001,s001
94402675,544233,3,ankle,-0.9308,-0.0750,-0.3073,0.3052,0.2441,0.1831,,t001,s001
94402691,544249,3,ankle,-0.9323,-0.0754,-0.3071,0.0610,0.4272,0.1221,,t001,s001
94402707,544264,3,ankle,-0.9335,-0.0764,-0.3098,-0.0610,0.4272,0.0610,,t001,s001
94402722,544280,3,ankle,-0.9294,-0.0741,-0.3093,-0.1221,0.3052,0.1831,,t001,s001
94402738,544295,3,ankle,-0.9329,-0.0747,-0.3101,0.7935,0.6104,0.3052,,t001,s001
94402753,544311,3,ankle,-0.9335,-0.0754,-0.3119,0.8545,0.5493,0.4883,,t001,s001
94402768,544326,3,ankle,-0.9321,-0.0751,-0.3114,0.0610,0.2441,0.3662,,t001,s001
94402784,544342,3,ankle,-0.9320,-0.0743,-0.3104,-0.0610,0.1831,0.2441,,t001,s001
94402800,544357,3,ankle,-0.9321,-0.0742,-0.3096,0.3662,0.1831,0.1221,,t001,s001
94402815,544373,3,ankle,-0.9335,-0.0748,-0.3102,0.4883,0.2441,0.1831,,t001,s001
94402830,544388,3,ankle,-0.9326,-0.0748,-0.3108,0.3052,0.0610,0.1831,,t001,s001
94402846,544404,3,ankle,-0.9332,-0.0753,-0.3107,0.1221,0.0000,0.1221,,t001,s001
94402861,544419,3,ankle,-0.9346,-0.0751,-0.3102,0.1831,-0.1221,0.3052,,t001,s001
94402877,544434,3,ankle,-0.9329,-0.0750,-0.3092,0.1831,-0.3052,0.3052,,t001,s001
94402893,544450,3,ankle,-0.9321,-0.0737,-0.3099,-0.1831,-0.3662,0.1221,,t001,s001
94402908,544466,3,ankle,-0.9323,-0.0734,-0.3094,-0.1221,-0.1221,-0.1221,,t001,s001
94402924,544481,3,ankle,-0.9342,-0.0736,-0.3086,0.0610,0.0000,-0.1831,,t001,s001
94402940,544497,3,ankle,-0.9359,-0.0743,-0.3083,-0.6104,-0.1831,-0.2441,,t001,s001
94402955,544513,3,ankle,-0.9302,-0.0743,-0.3054,-1.5869,-0.4883,-0.1221,,t001,s001
94402971,544528,3,ankle,-0.9308,-0.0739,-0.3059,-0.1831,0.3662,-0.2441,,t001,s001
94402986,544544,3,ankle,-0.9346,-0.0758,-0.3090,0.8545,0.7935,-0.1831,,t001,s001
94403002,544560,3,ankle,-0.9324,-0.0748,-0.3093,-0.1831,0.6714,-0.2441,,t001,s001
94403018,544575,3,ankle,-0.9323,-0.0750,-0.3090,-0.3052,0.6714,-0.3662,,t001,s001
94403033,544591,3,ankle,-0.9329,-0.0760,-0.3103,0.1831,0.7324,-0.3662,,t001,s001
94403049,544607,3,ankle,-0.9330,-0.0758,-0.3102,0.1221,0.7935,-0.3052,,t001,s001
94403065,544622,3,ankle,-0.9326,-0.0756,-0.3109,0.1831,0.7324,-0.1831,,t001,s001
94403080,544638,3,ankle,-0.9320,-0.0764,-0.3116,0.3662,0.4883,0.0000,,t001,s001
94403096,544653,3,ankle,-0.9314,-0.0765,-0.3115,0.2441,0.4272,0.0610,,t001,s001
94403111,544669,3,ankle,-0.9314,-0.0756,-0.3103,0.1831,0.1221,0.1221,,t001,s001
94403127,544684,3,ankle,-0.9329,-0.0758,-0.3101,0.0610,0.0000,0.1831,,t001,s001
94403142,544700,3,ankle,-0.9331,-0.0757,-0.3108,-0.1831,-0.3662,0.0610,,t001,s001
94403158,544715,3,ankle,-0.9347,-0.0752,-0.3098,-0.3052,-0.4272,0.0610,,t001,s001
94403173,544731,3,ankle,-0.9349,-0.0740,-0.3051,-1.0986,-0.7935,0.0000,,t001,s001
94403189,544747,3,ankle,-0.9318,-0.0718,-0.3047,-1.8311,-0.5493,-0.1831,,t001,s001
94403205,544762,3,ankle,-0.9362,-0.0743,-0.3044,-1.7090,-0.2441,-0.4883,,t001,s001
94403220,544778,3,ankle,-0.9338,-0.0737,-0.3038,-1.9531,0.0000,-0.3662,,t001,s001
94403236,544794,3,ankle,-0.9335,-0.0739,-0.3052,-1.4038,0.3662,-0.4883,,t001,s001
94403252,544809,3,ankle,-0.9351,-0.0745,-0.3048,-1.4038,0.7324,-0.4883,,t001,s001
94403267,544825,3,ankle,-0.9315,-0.0750,-0.3040,-1.5869,0.9155,-0.4272,,t001,s001
94403283,544841,3,ankle,-0.9324,-0.0759,-0.3051,-0.8545,1.4648,-0.3662,,t001,s001
94403299,544856,3,ankle,-0.9320,-0.0757,-0.3060,0.3662,1.9531,-0.1831,,t001,s001
94403314,544872,3,ankle,-0.9337,-0.0765,-0.3080,0.4272,2.0142,-0.1831,,t001,s001
94403330,544887,3,ankle,-0.9343,-0.0774,-0.3091,-0.3052,1.5869,-0.1221,,t001,s001
94403345,544903,3,ankle,-0.9343,-0.0785,-0.3096,-0.6714,1.2207,-0.0610,,t001,s001
94403361,544918,3,ankle,-0.9316,-0.0770,-0.3086,-1.7090,0.7324,0.1221,,t001,s001
94403376,544934,3,ankle,-0.9326,-0.0751,-0.3094,-0.9155,0.9155,0.1221,,t001,s001
94403392,544949,3,ankle,-0.9343,-0.0748,-0.3092,0.6104,0.9766,0.4883,,t001,s001
94403407,544965,3,ankle,-0.9329,-0.0756,-0.3081,0.1831,0.7324,0.5493,,t001,s001
94403422,544980,3,ankle,-0.9336,-0.0764,-0.3076,-0.4883,0.5493,0.4272,,t001,s001
94403438,544996,3,ankle,-0.9336,-0.0759,-0.3063,-0.4883,0.4883,0.5493,,t001,s001
94403453,545011,3,ankle,-0.9336,-0.0753,-0.3060,-0.6714,0.3662,0.4272,,t001,s001
94403469,545027,3,ankle,-0.9327,-0.0747,-0.3057,-0.5493,0.2441,0.5493,,t001,s001
94403484,545042,3,ankle,-0.9341,-0.0751,-0.3063,0.0000,0.3052,0.4883,,t001,s001
94403500,545057,3,ankle,-0.9336,-0.0756,-0.3068,-0.7935,0.0000,0.1831,,t001,s001
94403515,545073,3,ankle,-0.9309,-0.0757,-0.3076,-2.2583,-0.3052,-0.2441,,t001,s001
94403531,545089,3,ankle,-0.9320,-0.0773,-0.3081,-3.7231,-0.6104,-0.6104,,t001,s001
94403547,545104,3,ankle,-0.9320,-0.0785,-0.3088,-2.7466,-0.6714,-0.3052,,t001,s001
94403562,545120,3,ankle,-0.9313,-0.0789,-0.3094,-0.4883,-0.6104,0.3662,,t001,s001
94403578,545136,3,ankle,-0.9318,-0.0819,-0.3116,-1.0376,-0.8545,0.4272,,t001,s001
94403594,545151,3,ankle,-0.9316,-0.0801,-0.3137,-3.3569,-1.6479,0.3662,,t001,s001
94403609,545167,3,ankle,-0.9309,-0.0811,-0.3142,-4.5776,-2.4414,0.1831,,t001,s001
94403625,545183,3,ankle,-0.9302,-0.0856,-0.3137,-5.4932,-2.8687,0.2441,,t001,s001
94403641,545198,3,ankle,-0.9326,-0.0867,-0.3138,-4.5166,-3.1738,1.2817,,t001,s001
94403656,545214,3,ankle,-0.9319,-0.0868,-0.3114,-2.4414,-3.1128,2.1362,,t001,s001
94403672,545230,3,ankle,-0.9302,-0.0857,-0.3104,-0.1831,-2.9907,3.0518,,t001,s001
94403688,545245,3,ankle,-0.9304,-0.0851,-0.3114,-1.0376,-3.1128,2.9907,,t001,s001
94403703,545261,3,ankle,-0.9310,-0.0852,-0.3119,-3.8452,-3.6621,2.6245,,t001,s001
94403719,545276,3,ankle,-0.9310,-0.0857,-0.3134,-5.0049,-4.0283,2.3193,,t001,s001
94403734,545292,3,ankle,-0.9312,-0.0883,-0.3118,-7.3242,-4.4556,1.9531,,t001,s001
94403750,545308,3,ankle,-0.9309,-0.0884,-0.3116,-6.7749,-4.2114,2.6245,,t001,s001
94403766,545323,3,ankle,-0.9338,-0.0859,-0.3110,-4.6387,-3.7231,3.1738,,t001,s001
94403781,545339,3,ankle,-0.9299,-0.0853,-0.3105,-1.5869,-3.0518,3.8452,,t001,s001
94403797,545355,3,ankle,-0.9269,-0.0878,-0.3126,-1.8921,-2.6855,3.3569,,t001,s001
94403813,545370,3,ankle,-0.9319,-0.0905,-0.3142,-3.7231,-2.3804,2.6855,,t001,s001
94403828,545386,3,ankle,-0.9379,-0.0913,-0.3129,-2.9907,-2.2583,3.2349,,t001,s001
94403844,545401,3,ankle,-0.9270,-0.0845,-0.3098,1.2817,-1.4648,4.4556,,t001,s001
94403859,545417,3,ankle,-0.9258,-0.0836,-0.3098,2.0752,-0.9766,4.2114,,t001,s001
94403875,545433,3,ankle,-0.9320,-0.0873,-0.3123,-0.4272,-0.4883,2.5024,,t001,s001
94403891,545448,3,ankle,-0.9312,-0.0865,-0.3131,-0.0610,0.0000,2.1973,,t001,s001
94403906,545464,3,ankle,-0.9313,-0.0874,-0.3146,0.9766,0.4272,2.0752,,t001,s001
94403921,545479,3,ankle,-0.9325,-0.0872,-0.3152,0.1831,0.5493,1.5869,,t001,s001
94403937,545495,3,ankle,-0.9313,-0.0856,-0.3145,-0.1831,0.5493,1.2817,,t001,s001
94403952,545510,3,ankle,-0.9312,-0.0861,-0.3158,0.4272,0.9155,0.4272,,t001,s001
94403968,545526,3,ankle,-0.9308,-0.0864,-0.3171,0.0610,0.9155,-0.1221,,t001,s001
94403984,545541,3,ankle,-0.9318,-0.0872,-0.3170,-1.2207,0.7324,-1.0376,,t001,s001
94403999,545557,3,ankle,-0.9340,-0.0879,-0.3175,-0.9155,0.7324,-1.1597,,t001,s001
94404015,545572,3,ankle,-0.9316,-0.0862,-0.3165,1.1597,0.8545,-1.1597,,t001,s001
94404030,545588,3,ankle,-0.9286,-0.0858,-0.3160,0.3052,0.7324,-2.1973,,t001,s001
94404046,545604,3,ankle,-0.9271,-0.0873,-0.3176,-1.4648,0.6104,-3.0518,,t001,s001
94404061,545619,3,ankle,-0.9299,-0.0890,-0.3192,-2.3804,0.4883,-3.9062,,t001,s001
94404077,545635,3,ankle,-0.9314,-0.0917,-0.3212,-1.4648,0.4272,-3.7231,,t001,s001
94404093,545650,3,ankle,-0.9299,-0.0916,-0.3212,-1.1597,-0.2441,-3.4180,,t001,s001
94404108,545666,3,ankle,-0.9279,-0.0895,-0.3206,-1.7700,-0.4883,-3.5400,,t001,s001
94404124,545682,3,ankle,-0.9292,-0.0912,-0.3203,-2.2583,-0.7324,-3.6621,,t001,s001
94404140,545697,3,ankle,-0.9307,-0.0909,-0.3201,-2.3804,-0.9155,-3.5400,,t001,s001
94404155,545713,3,ankle,-0.9297,-0.0913,-0.3188,-1.8921,-1.2817,-2.9297,,t001,s001
94404171,545729,3,ankle,-0.9282,-0.0908,-0.3169,-0.7324,-1.2207,-2.4414,,t001,s001
94404187,545744,3,ankle,-0.9272,-0.0874,-0.3158,-0.7935,-1.0376,-2.3193,,t001,s001
94404203,545760,3,ankle,-0.9259,-0.0879,-0.3156,-1.1597,-0.6714,-2.6855,,t001,s001
94404218,545776,3,ankle,-0.9283,-0.0909,-0.3168,-1.7090,-0.5493,-2.8687,,t001,s001
94404234,545792,3,ankle,-0.9292,-0.0912,-0.3187,-1.7090,-0.5493,-2.3193,,t001,s001
94404250,545807,3,ankle,-0.9286,-0.0911,-0.3203,-1.2817,-0.6104,-1.8921,,t001,s001
94404265,545823,3,ankle,-0.9269,-0.0894,-0.3181,-0.9766,-0.7324,-1.2817,,t001,s001
94404281,545839,3,ankle,-0.9265,-0.0896,-0.3179,-0.9766,-0.7324,-0.9766,,t001,s001
94404297,545854,3,ankle,-0.9283,-0.0903,-0.3184,-0.9766,-0.6104,-0.7935,,t001,s001
94404313,545870,3,ankle,-0.9297,-0.0895,-0.3181,0.7324,-0.2441,0.1221,,t001,s001
94404328,545886,3,ankle,-0.9325,-0.0873,-0.3156,1.7090,-0.1221,0.6104,,t001,s001
94404343,545901,3,ankle,-0.9313,-0.0844,-0.3145,3.1738,0.3052,1.4038,,t001,s001
94404359,545917,3,ankle,-0.9241,-0.0793,-0.3120,3.6011,0.6104,1.1597,,t001,s001
94404374,545932,3,ankle,-0.9235,-0.0796,-0.3127,-0.2441,0.8545,-0.5493,,t001,s001
94404390,545948,3,ankle,-0.9324,-0.0864,-0.3192,-2.0142,0.9155,-1.0986,,t001,s001
94404406,545963,3,ankle,-0.9343,-0.0867,-0.3207,-0.0610,0.9155,-0.3052,,t001,s001
94404421,545979,3,ankle,-0.9286,-0.0828,-0.3195,2.1973,0.7935,0.4883,,t001,s001
94404437,545994,3,ankle,-0.9276,-0.0800,-0.3190,1.2817,0.9766,0.0000,,t001,s001
94404452,546010,3,ankle,-0.9348,-0.0807,-0.3203,-0.6104,0.6714,-0.3052,,t001,s001
94404468,546025,3,ankle,-0.9425,-0.0751,-0.3163,0.0000,0.4272,0.3662,,t001,s001
94404483,546041,3,ankle,-0.9418,-0.0675,-0.3114,1.0986,0.2441,0.9155,,t001,s001
94404498,546056,3,ankle,-0.9365,-0.0527,-0.3038,0.9155,0.3662,0.3052,,t001,s001
94404514,546072,3,ankle,-0.9246,-0.0446,-0.3022,-2.8687,0.8545,-3.4180,,t001,s001
94404530,546087,3,ankle,-0.9590,-0.0508,-0.3102,-7.3853,1.8311,-7.8735,,t001,s001
94404545,546103,3,ankle,-0.9756,-0.0656,-0.3230,-24.5361,3.7842,-14.6484,,t001,s001
94404561,546119,3,ankle,-0.9586,-0.0682,-0.3198,-40.4053,8.9111,-16.4795,,t001,s001
94404577,546134,3,ankle,-0.9143,-0.0570,-0.3372,-38.0249,19.2261,-16.2354,,t001,s001
94404592,546150,3,ankle,-0.9189,-0.0712,-0.3698,-5.1270,40.9546,-22.5220,,t001,s001
94404608,546165,3,ankle,-0.9841,-0.1149,-0.4468,-10.1318,35.7056,-26.6724,,t001,s001
94404623,546181,3,ankle,-0.9613,-0.1125,-0.4562,-55.7251,-17.3950,-23.8647,,t001,s001
94404639,546196,3,ankle,-0.8074,-0.0488,-0.3911,-88.0127,-45.2881,-19.8975,,t001,s001
94404654,546212,3,ankle,-0.8445,-0.0375,-0.3690,-108.8867,-48.5229,-23.7427,,t001,s001
94404670,546228,3,ankle,-1.0480,-0.1016,-0.3986,-93.4448,-32.7759,-26.4893,,t001,s001
94404686,546243,3,ankle,-1.0031,-0.1296,-0.4899,-81.1157,-7.6294,-31.7993,,t001,s001
94404701,546259,3,ankle,-0.9419,-0.1593,-0.5127,-152.7710,-51.2085,-43.4570,,t001,s001
94404717,546275,3,ankle,-0.9130,-0.1765,-0.4598,-203.4912,-79.5288,-38.0859,,t001,s001
94404733,546290,3,ankle,-0.9491,-0.1656,-0.4242,-166.3208,-73.3643,-7.1411,,t001,s001
94404748,546306,3,ankle,-0.9296,-0.1639,-0.4460,-90.5151,-51.9409,7.8735,,t001,s001
94404764,546322,3,ankle,-0.9144,-0.1724,-0.4705,-65.9790,-44.8608,16.6626,,t001,s001
94404779,546337,3,ankle,-0.9824,-0.2024,-0.4658,-109.8633,-60.3027,13.6108,,t001,s001
94404795,546353,3,ankle,-0.9695,-0.1901,-0.4370,-165.8935,-67.8101,24.5972,,t001,s001
94404811,546368,3,ankle,-0.8345,-0.1498,-0.4244,-127.8076,-52.4902,34.6069,,t001,s001
94404826,546384,3,ankle,-0.8374,-0.1672,-0.4432,-66.8945,-30.5176,42.1753,,t001,s001
94404842,546400,3,ankle,-0.8602,-0.1931,-0.4570,-85.5713,-30.7007,38.0249,,t001,s001
94404858,546415,3,ankle,-0.8595,-0.2373,-0.4695,-89.8437,-34.3018,40.8936,,t001,s001
94404873,546431,3,ankle,-0.9353,-0.2507,-0.4559,-50.7202,-34.8511,68.1763,,t001,s001
94404889,546447,3,ankle,-1.0114,-0.2179,-0.4332,-1.2817,-26.7334,89.2944,,t001,s001
94404904,546462,3,ankle,-0.9802,-0.1859,-0.4282,89.7217,-13.0615,112.3047,,t001,s001
94404920,546478,3,ankle,-0.9404,-0.1508,-0.4366,91.9800,-14.0381,107.1777,,t001,s001
94404935,546493,3,ankle,-0.9919,-0.1542,-0.4620,54.4434,-32.4097,80.0781,,t001,s001
94404951,546509,3,ankle,-0.9846,-0.1576,-0.4524,22.4609,-52.6733,63.0493,,t001,s001
94404967,546524,3,ankle,-0.9795,-0.1603,-0.3739,-108.0933,-102.4780,24.4141,,t001,s001
94404982,546540,3,ankle,-0.9768,-0.1477,-0.3256,-150.8789,-108.2764,9.4604,,t001,s001
94404998,546556,3,ankle,-0.9387,-0.1388,-0.2678,-101.4404,-88.5620,9.9487,,t001,s001
94405014,546571,3,ankle,-0.9141,-0.1368,-0.2588,-11.8408,-42.4194,11.0474,,t001,s001
94405029,546587,3,ankle,-0.8960,-0.1256,-0.2520,1.5869,-24.0478,5.1880,,t001,s001
94405045,546603,3,ankle,-0.8978,-0.1274,-0.2548,-7.0801,3.5400,-18.7988,,t001,s001
94405060,546618,3,ankle,-0.9365,-0.1398,-0.2610,-22.2168,13.3667,-34.2407,,t001,s001
94405076,546634,3,ankle,-0.9785,-0.1586,-0.2750,-52.3682,29.2358,-68.2373,,t001,s001
94405092,546649,3,ankle,-0.9797,-0.1677,-0.2756,-81.6040,35.5835,-101.3794,,t001,s001
94405107,546665,3,ankle,-0.9830,-0.1802,-0.2601,-99.8535,37.7808,-118.1030,,t001,s001
94405123,546681,3,ankle,-0.9972,-0.1949,-0.2592,-129.0283,52.0019,-153.4424,,t001,s001
94405138,546696,3,ankle,-1.0299,-0.2361,-0.2732,-132.2632,60.3027,-164.7949,,t001,s001
94405154,546712,3,ankle,-1.0526,-0.2561,-0.2826,-116.6382,77.5757,-173.8281,,t001,s001
94405170,546727,3,ankle,-1.0880,-0.2902,-0.2987,-105.1025,86.6089,-173.0347,,t001,s001
94405185,546743,3,ankle,-1.0967,-0.2952,-0.3116,-58.9600,106.4453,-161.1328,,t001,s001
94405201,546759,3,ankle,-1.1157,-0.3062,-0.3468,-32.4707,113.4033,-155.3345,,t001,s001
94405217,546774,3,ankle,-1.1091,-0.3241,-0.3656,-42.6636,106.6284,-152.7710,,t001,s001
94405232,546790,3,ankle,-1.0852,-0.3236,-0.3578,-82.7637,81.7871,-148.1934,,t001,s001
94405248,546806,3,ankle,-0.9886,-0.3184,-0.3193,-87.0361,72.4487,-142.5781,,t001,s001
94405263,546821,3,ankle,-0.9329,-0.3104,-0.2970,-69.3359,69.6411,-122.3755,,t001,s001
94405279,546837,3,ankle,-0.8804,-0.3005,-0.2970,-44.3726,75.6226,-111.8774,,t001,s001
94405295,546852,3,ankle,-0.8727,-0.3101,-0.3010,-23.8037,76.5991,-95.5810,,t001,s001
94405310,546868,3,ankle,-0.8135,-0.3011,-0.2957,-34.4238,73.6694,-86.6089,,t001,s001
94405326,546884,3,ankle,-0.7853,-0.3064,-0.3002,-16.6626,67.1387,-69.7632,,t001,s001
94405342,546899,3,ankle,-0.7782,-0.3215,-0.3053,-22.2168,60.6689,-65.0635,,t001,s001
94405357,546915,3,ankle,-0.7316,-0.3101,-0.2876,-54.5044,39.3066,-44.4946,,t001,s001
94405373,546931,3,ankle,-0.6964,-0.3009,-0.2723,-44.7998,27.0996,-18.9819,,t001,s001
94405389,546946,3,ankle,-0.6820,-0.2971,-0.2720,-36.1328,25.2075,-7.6904,,t001,s001
94405404,546962,3,ankle,-0.6890,-0.3033,-0.2795,-27.4048,14.6484,13.3667,,t001,s001
94405420,546977,3,ankle,-0.6693,-0.3053,-0.2810,-31.7993,5.1270,24.9023,,t001,s001
94405435,546993,3,ankle,-0.6533,-0.2979,-0.2732,-39.1235,-16.1133,49.9878,,t001,s001
94405451,547009,3,ankle,-0.6947,-0.2875,-0.2584,-35.2173,-23.5596,61.8286,,t001,s001
94405466,547024,3,ankle,-0.8457,-0.3090,-0.2836,-12.7563,-26.7334,82.3364,,t001,s001
94405482,547040,3,ankle,-0.9043,-0.3185,-0.2976,3.0518,-29.5410,94.7876,,t001,s001
94405498,547055,3,ankle,-0.9535,-0.2983,-0.2937,19.1040,-47.5464,125.4883,,t001,s001
94405513,547071,3,ankle,-0.9624,-0.2797,-0.2819,27.7100,-65.5518,145.1416,,t001,s001
94405529,547087,3,ankle,-0.9911,-0.2552,-0.2719,29.1138,-71.1670,147.9492,,t001,s001
94405544,547102,3,ankle,-1.0088,-0.2491,-0.2694,20.2026,-84.2895,145.9961,,t001,s001
94405560,547118,3,ankle,-1.0658,-0.2537,-0.2612,5.0049,-90.3931,142.5781,,t001,s001
94405575,547133,3,ankle,-1.0945,-0.2563,-0.2568,-19.7144,-95.2148,139.3433,,t001,s001
94405591,547149,3,ankle,-1.1379,-0.2565,-0.2498,-14.6484,-93.8110,140.6250,,t001,s001
94405607,547164,3,ankle,-1.1740,-0.2566,-0.2400,-0.5493,-89.0503,144.0430,,t001,s001
94405622,547180,3,ankle,-1.2983,0.0872,-0.1355,0.4883,-85.9375,145.6909,,t001,s001
94405638,547196,3,ankle,-1.3506,0.5195,0.0083,-40.9546,-92.5293,42.4194,,t001,s001
94405654,547211,3,ankle,-1.0854,-0.1072,-0.1107,-122.1924,-95.7642,-51.2085,,t001,s001
94405669,547227,3,ankle,-0.8767,-0.3927,-0.1155,-71.6553,-80.4443,-27.9541,,t001,s001
94405685,547243,3,ankle,-0.8586,-0.3032,-0.1045,44.6777,-27.5269,8.5449,,t001,s001
94405700,547258,3,ankle,-0.6929,-0.1547,-0.1775,62.6221,-9.3994,14.8926,,t001,s001
94405716,547274,3,ankle,-0.6338,-0.1691,-0.1838,36.7432,6.2866,-1.9531,,t001,s001
94405731,547289,3,ankle,-0.6090,-0.1857,-0.1827,3.0518,25.6348,-5.0049,,t001,s001
94405747,547305,3,ankle,-0.9011,-0.1888,-0.3500,139.2212,132.2632,20.9961,,t001,s001
94405762,547320,3,ankle,-1.1144,-0.2168,-0.4935,278.0762,182.2510,38.0249,,t001,s001
94405778,547336,3,ankle,-1.2682,-0.2854,-0.5660,262.3291,125.6714,18.9209,,t001,s001
94405794,547351,3,ankle,-1.2134,-0.2644,-0.5333,-27.8931,7.8125,-37.6587,,t001,s001
94405809,547367,3,ankle,-0.9889,-0.2267,-0.4137,-66.9556,-21.4844,-50.7812,,t001,s001
94405825,547383,3,ankle,-0.9153,-0.2046,-0.3823,-9.8267,-17.1509,-47.4853,,t001,s001
94405841,547398,3,ankle,-0.9211,-0.2146,-0.3645,19.3481,-8.7891,-50.7202,,t001,s001
94405856,547414,3,ankle,-0.9343,-0.2274,-0.3617,-36.4380,-13.0615,-73.1201,,t001,s001
94405872,547430,3,ankle,-0.9917,-0.2434,-0.3339,-74.8901,-22.3999,-85.5102,,t001,s001
94405888,547446,3,ankle,-0.9961,-0.2819,-0.3046,-114.6851,-34.0576,-107.7881,,t001,s001
94405904,547461,3,ankle,-0.9584,-0.2928,-0.2921,-125.0000,-36.7432,-107.6660,,t001,s001
94405920,547477,3,ankle,-0.8433,-0.2900,-0.2522,-110.1684,-35.4614,-97.2900,,t001,s001
94405936,547493,3,ankle,-0.8073,-0.2750,-0.2329,-55.7861,-12.2070,-70.0684,,t001,s001
94405951,547509,3,ankle,-0.7993,-0.2617,-0.2365,-18.9209,5.5542,-60.1807,,t001,s001
94405967,547525,3,ankle,-0.8914,-0.2864,-0.1866,-41.6260,-11.1084,-63.3545,,t001,s001
94405983,547540,3,ankle,-0.8199,-0.3700,0.0421,-180.3589,-16.2354,-76.4771,,t001,s001
94405998,547556,3,ankle,-0.7137,-0.2898,-0.0192,-223.5107,-4.3335,-100.3418,,t001,s001
94406014,547572,3,ankle,-0.7172,-0.3284,-0.1646,44.9829,29.0527,-75.3174,,t001,s001
94406029,547587,3,ankle,-0.7179,-0.3173,-0.2981,36.6821,43.9453,-38.0249,,t001,s001
94406045,547603,3,ankle,-0.8711,-0.3074,-0.2897,-13.4888,57.1899,3.4180,,t001,s001
94406060,547618,3,ankle,-1.5334,-0.3699,-0.2905,-7.6904,40.9546,18.5547,,t001,s001
94406076,547634,3,ankle,-1.3947,-0.3021,-0.2479,18.9209,-1.1597,66.2842,,t001,s001
94406092,547649,3,ankle,-0.8065,-0.1648,-0.1471,10.1929,4.0283,66.8945,,t001,s001
94406107,547665,3,ankle,-0.7399,-0.1483,-0.1512,-7.5684,42.6636,42.6025,,t001,s001
94406123,547680,3,ankle,-0.9440,-0.2062,-0.2578,20.5688,58.9600,37.5366,,t001,s001
94406138,547696,3,ankle,-0.9741,-0.2179,-0.3005,49.0723,58.5327,50.3540,,t001,s001
94406154,547712,3,ankle,-0.9089,-0.1979,-0.3004,37.9639,45.7764,59.3872,,t001,s001
94406169,547727,3,ankle,-0.8638,-0.1819,-0.3141,39.5508,42.3584,60.3027,,t001,s001
94406185,547743,3,ankle,-0.8693,-0.1779,-0.3232,44.4336,28.4424,61.9507,,t001,s001
94406200,547758,3,ankle,-0.8861,-0.1770,-0.3300,35.7056,18.9209,59.8755,,t001,s001
94406216,547774,3,ankle,-0.9166,-0.1820,-0.3344,12.0850,-0.0610,54.5654,,t001,s001
94406232,547789,3,ankle,-0.9962,-0.1826,-0.3322,7.6904,-7.9956,52.0019,,t001,s001
94406247,547805,3,ankle,-1.0264,-0.1915,-0.3298,-1.8311,-17.2119,38.1470,,t001,s001
94406263,547821,3,ankle,-1.0784,-0.1887,-0.3254,-1.5869,-18.0664,34.1187,,t001,s001
94406279,547836,3,ankle,-1.0632,-0.1849,-0.3135,6.8970,-19.2261,25.8789,,t001,s001
94406294,547852,3,ankle,-1.0876,-0.1772,-0.3042,-15.5029,-15.6250,10.8643,,t001,s001
94406310,547868,3,ankle,-1.0859,-0.1892,-0.3129,-12.5732,-8.6670,1.1597,,t001,s001
94406326,547884,3,ankle,-1.0685,-0.2024,-0.3208,-19.0430,-4.5776,-11.8408,,t001,s001
94406342,547899,3,ankle,-1.0072,-0.1964,-0.3021,-31.3110,-7.0190,-12.8174,,t001,s001
94406357,547915,3,ankle,-0.9799,-0.1805,-0.2911,-23.2544,1.8311,-14.7095,,t001,s001
94406373,547931,3,ankle,-0.9838,-0.2036,-0.3087,-18.6157,9.0942,-21.9116,,t001,s001
94406389,547946,3,ankle,-0.9801,-0.2183,-0.3143,-36.9873,11.1084,-25.8789,,t001,s001
94406404,547962,3,ankle,-0.9083,-0.2222,-0.3107,-2.6855,5.1270,-28.9307,,t001,s001
94406420,547978,3,ankle,-0.8859,-0.3958,-0.2717,-51.8188,-10.0708,-52.7954,,t001,s001
94406436,547994,3,ankle,-0.9487,-0.4120,-0.2701,-159.6069,-20.1416,-56.8237,,t001,s001
94406452,548009,3,ankle,-0.9741,-0.4420,-0.2539,-97.9004,-17.1509,-36.1328,,t001,s001
94406467,548025,3,ankle,-0.9236,-0.4241,-0.2438,-15.0146,-8.4229,19.2261,,t001,s001
94406483,548041,3,ankle,-0.8092,-0.3203,-0.2192,1.5259,-7.3853,38.9404,,t001,s001
94406499,548056,3,ankle,-0.9054,-0.3112,-0.1917,-0.1831,-16.2964,42.9077,,t001,s001
94406515,548072,3,ankle,-0.9557,-0.3073,-0.1642,-46.5698,-38.4521,49.3774,,t001,s001
94406530,548088,3,ankle,-0.9631,-0.2314,-0.0978,-43.4570,-42.1143,54.5654,,t001,s001
94406546,548104,3,ankle,-0.9244,-0.2115,-0.0863,11.9629,-19.6533,51.0864,,t001,s001
94406561,548119,3,ankle,-0.9166,-0.2111,-0.1074,44.6167,-3.5400,48.2788,,t001,s001
94406577,548135,3,ankle,-0.9116,-0.2180,-0.1219,61.5234,13.7939,42.0532,,t001,s001
94406592,548150,3,ankle,-0.9285,-0.2217,-0.1481,52.0630,18.3105,38.3911,,t001,s001
94406608,548166,3,ankle,-0.9565,-0.2255,-0.1542,50.9644,26.6113,33.4473,,t001,s001
94406623,548181,3,ankle,-1.0186,-0.1981,-0.1499,53.0395,32.6538,29.8462,,t001,s001
94406639,548197,3,ankle,-0.9287,-0.2079,-0.1718,41.1377,41.6870,0.9155,,t001,s001
94406655,548212,3,ankle,-0.9058,-0.2400,-0.2014,-33.6914,36.4380,-44.6777,,t001,s001
94406670,548228,3,ankle,-1.0071,-0.2666,-0.2529,-64.9414,29.1138,-55.3589,,t001,s001
94406686,548244,3,ankle,-0.9856,-0.2570,-0.2441,-52.6733,9.4604,-57.5561,,t001,s001
94406702,548259,3,ankle,-0.8658,-0.2681,-0.2079,-69.4580,2.8076,-62.3779,,t001,s001
94406718,548275,3,ankle,-0.8849,-0.2733,-0.1918,-109.3140,-2.6245,-63.9038,,t001,s001
94406733,548291,3,ankle,-0.9683,-0.2765,-0.1672,-90.1489,2.6245,-58.1665,,t001,s001
94406749,548307,3,ankle,-0.9133,-0.2911,-0.1836,-34.7290,20.4468,-47.6074,,t001,s001
94406765,548322,3,ankle,-0.9349,-0.3080,-0.1851,-40.8325,23.6816,-40.9546,,t001,s001
94406780,548338,3,ankle,-0.9703,-0.3085,-0.1887,-31.3721,26.7334,-33.5693,,t001,s001
94406796,548354,3,ankle,-0.9691,-0.3173,-0.2004,29.6631,38.4521,-13.3667,,t001,s001
94406812,548369,3,ankle,-0.9640,-0.3236,-0.2150,48.2788,40.1611,-0.3662,,t001,s001
94406827,548385,3,ankle,-0.9225,-0.3010,-0.2007,81.9702,38.9404,38.2080,,t001,s001
94406843,548401,3,ankle,-0.8374,-0.1989,-0.1272,119.6899,39.1846,59.5703,,t001,s001
94406858,548416,3,ankle,-0.8346,-0.1748,-0.1127,159.9731,51.8188,57.6172,,t001,s001
94406874,548432,3,ankle,-0.7928,-0.2341,-0.1570,126.0986,54.1382,36.6821,,t001,s001
94406889,548447,3,ankle,-0.7900,-0.3499,-0.1969,16.6626,37.2314,-7.5073,,t001,s001
94406905,548463,3,ankle,-0.8463,-0.4037,-0.1985,-22.7051,14.6484,-25.4517,,t001,s001
94406921,548479,3,ankle,-0.9303,-0.4801,-0.1737,-31.8603,5.6152,-24.0478,,t001,s001
94406937,548494,3,ankle,-0.9034,-0.4850,-0.1476,-38.2080,-6.8359,1.7700,,t001,s001
94406952,548510,3,ankle,-0.7317,-0.4557,-0.1010,-34.7900,-7.4463,17.4561,,t001,s001
94406968,548526,3,ankle,-0.7699,-0.4443,-0.0958,-28.9917,-2.0752,44.7998,,t001,s001
94406984,548542,3,ankle,-1.0645,-0.3792,-0.0768,-36.8042,2.1973,60.7300,,t001,s001
94406999,548557,3,ankle,-1.0101,-0.2581,-0.0350,22.9492,3.5400,91.3086,,t001,s001
94407015,548573,3,ankle,-0.9736,-0.2319,0.0035,-13.9770,-15.5029,73.9136,,t001,s001
94407031,548588,3,ankle,-1.0559,-0.2552,0.1107,-95.7031,-19.9585,51.1475,,t001,s001
94407046,548604,3,ankle,-1.0649,-0.2700,0.1521,-141.4185,5.0659,27.0996,,t001,s001
94407062,548620,3,ankle,-1.0421,-0.2754,0.1501,-104.9805,30.2124,27.5269,,t001,s001
94407077,548635,3,ankle,-1.0623,-0.2671,0.0872,-14.2212,94.4214,39.1846,,t001,s001
94407093,548651,3,ankle,-1.1434,-0.2942,-0.0519,42.0532,118.3472,46.3867,,t001,s001
94407109,548666,3,ankle,-1.1750,-0.3094,-0.1010,105.9570,137.8784,57.1289,,t001,s001
94407124,548682,3,ankle,-1.1581,-0.2882,-0.1912,117.8589,136.3525,59.5093,,t001,s001
94407140,548697,3,ankle,-1.1353,-0.2457,-0.2523,130.7373,115.4175,58.4717,,t001,s001
94407155,548713,3,ankle,-1.0986,-0.2085,-0.2722,141.6626,86.0596,55.2368,,t001,s001
94407171,548728,3,ankle,-1.0304,-0.1445,-0.2759,146.8506,68.5425,48.9502,,t001,s001
94407186,548744,3,ankle,-1.1034,-0.1266,-0.2634,98.2056,22.6440,9.7656,,t001,s001
94407202,548760,3,ankle,-1.0928,-0.1562,-0.2445,62.1948,-3.6621,-20.2026,,t001,s001
94407218,548775,3,ankle,-0.8748,-0.1393,-0.1897,-1.1597,-57.2510,-48.7061,,t001,s001
94407234,548791,3,ankle,-0.4552,-0.0332,-0.0742,-3.6621,-60.9131,-47.4853,,t001,s001
94407249,548807,3,ankle,-0.4651,0.0004,-0.1349,131.7139,1.2207,-50.5981,,t001,s001
94407265,548823,3,ankle,-0.5892,-0.0347,-0.2200,189.8804,33.2642,-70.0073,,t001,s001
94407281,548838,3,ankle,-0.9144,-0.0874,-0.3517,152.6489,40.4663,-120.5444,,t001,s001
94407296,548854,3,ankle,-1.0186,-0.1228,-0.3983,79.8340,5.5542,-174.5605,,t001,s001
94407312,548870,3,ankle,-1.1121,-0.2015,-0.4263,41.2598,-24.5361,-194.5190,,t001,s001
94407328,548885,3,ankle,-1.0917,-0.2189,-0.4012,-50.5371,-95.7642,-208.6792,,t001,s001
94407344,548901,3,ankle,-1.0264,-0.2196,-0.3173,-69.7021,-117.2485,-206.9702,,t001,s001
94407359,548917,3,ankle,-1.0148,-0.2444,-0.2860,-52.9785,-127.0142,-200.4394,,t001,s001
94407375,548933,3,ankle,-1.0988,-0.2982,-0.2926,-39.0015,-116.5771,-186.2793,,t001,s001
94407391,548949,3,ankle,-1.2042,-0.5841,-0.2450,50.4761,-84.2285,-127.5635,,t001,s001
94407406,548964,3,ankle,-1.1787,-0.9015,-0.0880,-126.5259,-112.6099,-81.7871,,t001,s001
94407422,548980,3,ankle,-1.0092,-0.7271,-0.0005,-181.0913,-146.6675,-74.2188,,t001,s001
94407438,548996,3,ankle,-0.9070,-0.4362,-0.1019,159.2407,-150.3296,-45.4712,,t001,s001
94407454,549011,3,ankle,-0.6938,-0.1783,-0.1958,159.6680,-112.9761,-8.6670,,t001,s001
94407469,549027,3,ankle,-0.6556,-0.1251,-0.2030,62.9883,-51.2085,27.5269,,t001,s001
94407485,549042,3,ankle,-0.7289,-0.1835,-0.2511,80.1392,-37.3535,21.4844,,t001,s001
94407500,549058,3,ankle,-0.8313,-0.1771,-0.1316,28.5034,-29.2358,9.3994,,t001,s001
94407516,549074,3,ankle,-0.8782,-0.0925,0.0381,-108.7036,-18.1274,-3.1738,,t001,s001
94407532,549089,3,ankle,-0.9847,-0.2277,-0.2952,-19.4092,-14.2212,-13.6108,,t001,s001
94407547,549105,3,ankle,-1.0083,-0.3416,-0.4133,30.0903,-4.3945,5.4932,,t001,s001
94407563,549121,3,ankle,-0.9785,-0.2698,-0.4194,-24.1699,-8.7280,23.2544,,t001,s001
94407579,549137,3,ankle,-0.9594,-0.2661,-0.3983,-40.0391,-22.3999,32.2266,,t001,s001
94407594,549152,3,ankle,-0.9919,-0.2920,-0.3990,-61.8896,-26.4893,37.7197,,t001,s001
94407610,549168,3,ankle,-1.0677,-0.2877,-0.3307,-64.8193,-31.5552,64.1479,,t001,s001
94407626,549184,3,ankle,-1.1099,-0.2159,-0.2231,-145.6909,-8.1177,78.4302,,t001,s001
94407642,549199,3,ankle,-1.1477,-0.1252,-0.1801,-141.4185,3.2349,66.9556,,t001,s001
94407657,549215,3,ankle,-1.0734,-0.1879,-0.2372,-28.3813,1.5869,55.8472,,t001,s001
94407673,549231,3,ankle,-0.7933,-0.2136,-0.3149,-17.8223,-5.7373,63.1714,,t001,s001
94407688,549246,3,ankle,-1.0168,-0.2146,-0.3297,-99.5483,13.6108,19.4092,,t001,s001
94407704,549262,3,ankle,-1.4066,-0.4258,-0.4735,-162.0483,29.4800,-18.9209,,t001,s001
94407720,549278,3,ankle,-1.1575,-0.3328,-0.3577,-240.7837,-30.5176,35.3394,,t001,s001
94407736,549294,3,ankle,-0.9514,-0.2566,-0.2634,-130.1270,-34.6069,95.5200,,t001,s001
94407752,549310,3,ankle,-0.7900,-0.2053,-0.2069,-94.6655,-2.5635,98.8159,,t001,s001
94407768,549325,3,ankle,-0.8480,-0.2128,-0.2388,-70.3735,62.9272,89.4775,,t001,s001
94407783,549341,3,ankle,-1.0266,-0.2437,-0.3412,-45.9595,77.9419,90.2100,,t001,s001
94407799,549357,3,ankle,-1.0615,-0.2545,-0.3633,-32.4707,67.1997,96.9238,,t001,s001
94407815,549373,3,ankle,-1.0072,-0.2229,-0.3546,-50.2930,56.5186,97.5952,,t001,s001
94407830,549388,3,ankle,-0.9692,-0.1987,-0.3333,-52.0019,45.8984,91.0644,,t001,s001
94407846,549404,3,ankle,-0.9807,-0.2013,-0.3375,-48.8281,48.0957,82.9468,,t001,s001
94407862,549420,3,ankle,-0.8248,-0.2078,-0.3439,-36.6821,57.1899,76.7822,,t001,s001
94407877,549435,3,ankle,-0.7246,-0.1464,-0.3411,90.2710,85.9375,117.0654,,t001,s001
94407893,549451,3,ankle,-0.7051,-0.0818,-0.4644,197.8760,108.5205,122.3755,,t001,s001
94407908,549466,3,ankle,-0.7660,-0.1115,-0.5077,191.1011,78.6133,82.7026,,t001,s001
94407924,549482,3,ankle,-0.7911,-0.0945,-0.5323,106.5063,51.0254,59.9976,,t001,s001
94407939,549497,3,ankle,-0.7933,-0.0886,-0.5490,51.0254,15.3198,15.8081,,t001,s001
94407955,549513,3,ankle,-1.1385,-0.1791,-0.5818,44.1284,-4.9438,-5.0049,,t001,s001
94407971,549529,3,ankle,-1.3658,-0.2024,-0.5032,18.6768,-70.7397,-17.2119,,t001,s001
94407987,549544,3,ankle,-1.2389,-0.1392,-0.4315,28.5645,-113.2202,-12.9395,,t001,s001
94408002,549560,3,ankle,-0.8914,-0.0394,-0.3513,55.8472,-115.4785,-29.0527,,t001,s001
94408018,549576,3,ankle,-0.8527,-0.0594,-0.3407,-21.4233,-123.5962,-111.3892,,t001,s001
94408034,549592,3,ankle,-0.9478,-0.1478,-0.3354,-105.3467,-143.2495,-156.7383,,t001,s001
94408050,549607,3,ankle,-0.9985,-0.2061,-0.2853,-264.9536,-201.7212,-225.6470,,t001,s001
94408066,549623,3,ankle,-0.8972,-0.2516,-0.2151,-263.3667,-196.2280,-219.2383,,t001,s001
94408081,549639,3,ankle,-0.6578,-0.2374,-0.2473,-24.1089,-133.2397,-146.3013,,t001,s001
94408097,549655,3,ankle,-0.6851,-0.2662,-0.2714,-0.1831,-112.0605,-148.1934,,t001,s001
94408113,549671,3,ankle,-0.8934,-0.3091,-0.2937,-54.4434,-116.9434,-161.8652,,t001,s001
94408129,549687,3,ankle,-1.0593,-0.3507,-0.2937,-90.1489,-118.2251,-181.7016,,t001,s001
94408145,549702,3,ankle,-1.3717,-0.4249,-0.3018,-92.2851,-112.3657,-180.4809,,t001,s001
94408160,549718,3,ankle,-1.4247,-0.4447,-0.2827,-32.4707,-100.4028,-153.6255,,t001,s001
94408176,549734,3,ankle,-1.0596,-0.4340,-0.2261,-14.2822,-85.6934,-141.3574,,t001,s001
94408192,549750,3,ankle,-0.9104,-0.4443,-0.2552,7.3242,-40.5273,-125.3662,,t001,s001
94408207,549765,3,ankle,-0.9004,-0.4652,-0.2750,28.2593,-4.0283,-96.9849,,t001,s001
94408223,549781,3,ankle,-0.8691,-0.4573,-0.3252,39.4897,15.3198,-74.9512,,t001,s001
94408239,549797,3,ankle,-0.8630,-0.4503,-0.3657,106.1401,56.4575,-31.5552,,t001,s001
94408254,549812,3,ankle,-0.8625,-0.4459,-0.4435,128.0518,70.1294,-12.5122,,t001,s001
94408270,549828,3,ankle,-0.8577,-0.4427,-0.4751,136.2915,81.4209,19.2261,,t001,s001
94408286,549843,3,ankle,-0.8646,-0.4456,-0.4896,152.1606,80.6885,36.6821,,t001,s001
94408301,549859,3,ankle,-0.8115,-0.4138,-0.4863,207.2143,81.6040,83.8623,,t001,s001
94408317,549875,3,ankle,-0.7970,-0.3835,-0.4747,224.4263,79.3457,107.3608,,t001,s001
94408332,549890,3,ankle,-0.8160,-0.2821,-0.4236,240.9668,66.9556,150.8789,,t001,s001
94408348,549906,3,ankle,-0.8387,-0.2399,-0.3921,303.7720,59.3262,183.7768,,t001,s001
94408363,549921,3,ankle,-0.9747,-0.1770,-0.3302,339.1113,57.9224,199.0967,,t001,s001
94408379,549937,3,ankle,-1.0092,-0.1425,-0.3030,349.6704,57.7393,218.2007,,t001,s001
94408394,549952,3,ankle,-0.9198,-0.0818,-0.2833,317.1997,59.9976,215.6372,,t001,s001
94408410,549968,3,ankle,-0.9015,-0.0598,-0.2889,282.2266,57.9834,210.5713,,t001,s001
94408425,549983,3,ankle,-1.1271,-0.0535,-0.2527,275.0854,48.2788,212.7075,,t001,s001
94408441,549999,3,ankle,-1.2189,-0.0104,-0.0944,156.5552,-49.0112,245.1172,,t001,s001
94408456,550014,3,ankle,-0.8267,0.0692,0.2299,101.0132,-49.0723,224.8535,,t001,s001
94408471,550030,3,ankle,-0.9513,-0.0479,0.2725,100.2197,44.3115,166.7480,,t001,s001
94408487,550045,3,ankle,-1.0334,-0.1019,0.2668,87.2803,81.7261,150.3296,,t001,s001
94408502,550060,3,ankle,-1.1083,-0.1710,0.2268,87.0361,147.3999,139.2822,,t001,s001
94408518,550076,3,ankle,-1.1823,-0.1531,0.1895,123.0469,208.3740,151.2451,,t001,s001
94408533,550091,3,ankle,-1.2427,0.1492,-0.1841,153.8696,234.0088,155.7617,,t001,s001
94408549,550107,3,ankle,-1.0741,0.5447,-0.8138,-352.3559,201.1719,67.0166,,t001,s001
94408564,550122,3,ankle,-0.9565,0.3136,-1.6873,-481.7505,135.5591,-0.4883,,t001,s001
94408580,550138,3,ankle,-0.9680,0.0734,-1.3846,58.8379,-16.2354,-51.5747,,t001,s001
94408596,550154,3,ankle,-1.1442,-0.2271,-0.0100,297.2412,-57.6172,-62.5000,,t001,s001
94408612,550169,3,ankle,-1.1222,-0.4250,0.4014,256.9580,-12.3901,-73.4863,,t001,s001
94408627,550185,3,ankle,-1.2003,-0.4000,0.1248,116.9434,38.4521,-66.3452,,t001,s001
94408643,550201,3,ankle,-1.2638,-0.2203,-0.1195,63.4155,61.5845,-30.4565,,t001,s001
94408658,550216,3,ankle,-0.3827,-0.3000,0.2130,152.5879,23.7427,-40.4053,,t001,s001
94408673,550232,3,ankle,0.1321,-0.2709,0.2620,-5.3711,122.8638,-88.1348,,t001,s001
94408689,550247,3,ankle,-0.9127,-0.3810,-0.2131,63.0493,269.8364,-103.0884,,t001,s001
94408705,550263,3,ankle,-1.2167,-0.5984,-0.6918,111.9995,204.2847,-53.5889,,t001,s001
94408720,550278,3,ankle,-0.7635,-0.5671,-0.6729,9.0332,-3.6011,33.8745,,t001,s001
94408736,550294,3,ankle,-0.9669,-0.5363,-0.3304,-40.1611,-72.0825,62.1338,,t001,s001
94408752,550310,3,ankle,-1.1428,-0.4312,-0.0876,-122.6807,-78.3691,74.7681,,t001,s001
94408767,550325,3,ankle,-1.1619,-0.1794,0.0222,-122.1924,-51.6357,65.9180,,t001,s001
94408783,550341,3,ankle,-1.1511,-0.0981,-0.0935,-128.9062,-14.4653,34.0576,,t001,s001
94408799,550356,3,ankle,-1.0846,-0.1483,-0.0691,-141.1743,13.1836,-7.2021,,t001,s001
94408814,550372,3,ankle,-0.9231,-0.3114,-0.0162,-130.2490,21.7285,-18.2495,,t001,s001
94408830,550388,3,ankle,-0.9127,-0.3463,-0.0121,-132.4463,24.1089,-9.8267,,t001,s001
94408845,550403,3,ankle,-0.9042,-0.1515,0.0045,-133.6670,23.9258,-3.4180,,t001,s001
94408861,550419,3,ankle,-0.9274,-0.1339,0.0205,-96.6797,27.4048,-13.9160,,t001,s001
94408877,550435,3,ankle,-0.9127,-0.2068,0.0197,-60.1807,26.0010,-17.0898,,t001,s001
94408892,550450,3,ankle,-0.9473,-0.2749,-0.0054,10.3149,19.2261,-11.2305,,t001,s001
94408908,550466,3,ankle,-0.9912,-0.2607,-0.0183,10.5591,18.3716,-7.0190,,t001,s001
94408924,550482,3,ankle,-1.0800,-0.1664,-0.0096,-7.3853,14.9536,-0.9155,,t001,s001
94408939,550497,3,ankle,-1.1106,-0.1257,0.0431,-34.9731,14.6484,-10.5591,,t001,s001
94408955,550513,3,ankle,-1.1560,-0.1163,0.1405,-57.7393,22.5830,-22.6440,,t001,s001
94408971,550529,3,ankle,-1.1560,-0.1501,0.1324,-128.1128,44.0674,-48.4009,,t001,s001
94408986,550544,3,ankle,-1.1215,-0.2500,0.1079,-144.0430,52.5513,-54.0161,,t001,s001
94409002,550560,3,ankle,-1.0928,-0.2338,0.1150,-134.8267,66.2842,-41.6870,,t001,s001
94409018,550576,3,ankle,-1.1022,-0.0216,0.1434,-155.7617,71.9604,-36.9873,,t001,s001
94409033,550591,3,ankle,-1.1066,-0.0775,0.1815,-142.2729,82.8857,-60.3027,,t001,s001
94409049,550607,3,ankle,-1.0928,-0.2476,0.1714,18.0664,101.3184,-74.3408,,t001,s001
94409064,550622,3,ankle,-1.0449,-0.3651,0.1578,33.0200,106.5063,-63.9038,,t001,s001
94409080,550638,3,ankle,-1.0369,-0.3676,0.2463,10.9253,119.5679,-38.1470,,t001,s001
94409096,550654,3,ankle,-1.0118,-0.3463,0.4453,17.9443,136.5356,-26.9165,,t001,s001
94409111,550669,3,ankle,-0.9833,-0.3390,0.4741,59.4482,185.3638,-10.3760,,t001,s001
94409127,550685,3,ankle,-0.8403,-0.3271,0.3560,73.8525,211.6089,-3.5400,,t001,s001
94409142,550700,3,ankle,-1.0154,-0.2390,0.0739,67.8711,240.6616,14.8926,,t001,s001
94409158,550716,3,ankle,-1.1016,-0.2208,0.0065,72.6929,214.1723,23.0103,,t001,s001
94409173,550732,3,ankle,-0.7963,-0.1454,0.1097,27.1606,107.2998,31.0059,,t001,s001
94409189,550747,3,ankle,-0.6597,-0.0952,0.1942,-59.5703,33.2031,28.6865,,t001,s001
94409205,550763,3,ankle,-0.5640,0.0414,0.4154,-86.8530,8.9111,22.5220,,t001,s001
94409220,550778,3,ankle,-0.5062,0.1813,0.6753,-79.4067,-30.0903,3.6011,,t001,s001
94409236,550794,3,ankle,-0.5480,0.2416,1.0106,-57.3730,-19.5923,-15.9912,,t001,s001
94409251,550809,3,ankle,-0.6237,0.1681,0.9564,-2.4414,34.7290,-51.5747,,t001,s001
94409267,550825,3,ankle,-0.6311,-0.0759,0.6469,22.9492,51.0254,-61.9507,,t001,s001
94409282,550840,3,ankle,-0.4844,-0.1650,0.5325,42.4805,58.5327,-69.3359,,t001,s001
94409298,550856,3,ankle,-0.5814,-0.1057,0.4634,31.1279,57.8613,-68.3594,,t001,s001
94409313,550871,3,ankle,-0.7965,-0.1776,0.3776,37.0483,39.6729,-69.0918,,t001,s001
94409329,550887,3,ankle,-0.7874,-0.1743,0.3884,36.2549,0.6104,-62.8052,,t001,s001
94409344,550902,3,ankle,-0.7310,-0.0469,0.5836,47.6074,-16.7236,-54.1382,,t001,s001
94409360,550918,3,ankle,-0.8657,-0.0947,0.6406,121.2768,-22.4609,-39.4897,,t001,s001
94409375,550933,3,ankle,-1.0784,-0.0054,0.6823,123.3520,-13.0615,-30.1514,,t001,s001
94409391,550949,3,ankle,-1.0732,0.0515,0.6879,99.1211,14.0381,-33.3252,,t001,s001
94409406,550964,3,ankle,-1.0188,-0.1685,0.5385,110.1684,30.2734,-40.2222,,t001,s001
94409422,550980,3,ankle,-1.0116,-0.3009,0.3978,108.2153,46.6919,-29.8462,,t001,s001
94409437,550996,3,ankle,-0.9863,-0.3770,0.4427,89.9048,35.8276,-11.8408,,t001,s001
94409453,551011,3,ankle,-0.9750,-0.3345,0.7045,100.8911,13.5498,31.6772,,t001,s001
94409468,551027,3,ankle,-0.8549,-0.3728,0.7097,150.0244,15.4419,54.0771,,t001,s001
94409484,551042,3,ankle,-0.7823,-0.3340,0.5026,198.1201,37.0483,73.9136,,t001,s001
94409500,551058,3,ankle,-0.7930,-0.1765,0.5409,87.8296,22.3389,60.9741,,t001,s001
94409515,551073,3,ankle,-0.6473,0.1865,0.7576,62.2559,24.2920,46.7529,,t001,s001
94409530,551088,3,ankle,-0.6117,0.1088,0.7395,80.1392,62.0728,-7.4463,,t001,s001
94409546,551104,3,ankle,-0.5839,-0.2416,0.5314,81.4819,74.2188,-27.2217,,t001,s001
94409562,551120,3,ankle,-0.5771,-0.3385,0.4265,67.1997,69.4580,-39.6729,,t001,s001
94409577,551135,3,ankle,-0.5745,-0.3712,0.3007,59.2651,54.3823,-38.0249,,t001,s001
94409593,551151,3,ankle,-0.5994,-0.3281,0.2849,26.2451,11.9629,-33.3862,,t001,s001
94409608,551166,3,ankle,-0.7250,-0.3169,0.3298,1.7090,-12.4512,-34.6680,,t001,s001
94409624,551182,3,ankle,-0.8574,-0.3474,0.5680,-52.3071,-57.5561,-32.4097,,t001,s001
94409640,551198,3,ankle,-0.8656,-0.3083,0.7078,-56.5796,-54.3213,-25.1465,,t001,s001
94409656,551213,3,ankle,-0.7759,-0.3182,0.7771,-33.2031,-33.5693,-27.4658,,t001,s001
94409671,551229,3,ankle,-0.7209,-0.3934,0.6482,-11.7187,3.1738,-30.2734,,t001,s001
94409687,551245,3,ankle,-0.7021,-0.5093,0.4089,-22.3389,3.4790,-25.4517,,t001,s001
94409703,551260,3,ankle,-0.7184,-0.5374,0.4343,-33.1421,-8.0566,-12.1460,,t001,s001
94409718,551276,3,ankle,-0.7035,-0.5110,0.4598,-29.4800,-4.6387,-6.5918,,t001,s001
94409734,551292,3,ankle,-0.7488,-0.3655,0.3024,-41.8091,6.1646,2.0142,,t001,s001
94409749,551307,3,ankle,-0.7551,-0.2814,0.2988,-83.9233,-5.7983,3.6011,,t001,s001
94409765,551323,3,ankle,-0.7900,-0.1616,0.4943,-98.4497,-17.3950,2.4414,,t001,s001
94409780,551338,3,ankle,-0.8287,-0.1660,0.5774,-114.1968,-26.4893,1.5259,,t001,s001
94409796,551354,3,ankle,-0.9185,-0.2228,0.6459,-112.9150,-21.7285,4.6387,,t001,s001
94409812,551370,3,ankle,-0.9424,-0.2723,0.6343,-80.0171,0.3662,17.2729,,t001,s001
94409827,551385,3,ankle,-0.8226,-0.1843,0.6589,-55.7251,8.3008,29.2358,,t001,s001
94409843,551401,3,ankle,-0.7341,-0.0621,0.6670,-19.1040,21.6064,44.9829,,t001,s001
94409858,551416,3,ankle,-0.7284,-0.0115,0.5763,-12.2070,28.9307,43.3960,,t001,s001
94409874,551432,3,ankle,-0.7771,-0.0214,0.5693,-6.9580,27.4048,39.9780,,t001,s001
94409889,551447,3,ankle,-0.8641,-0.0002,0.7119,4.4556,25.9399,39.2456,,t001,s001
94409904,551462,3,ankle,-0.9166,-0.0347,0.7122,40.8325,48.9502,32.8979,,t001,s001
94409920,551478,3,ankle,-0.8878,-0.0569,0.6790,71.1670,65.0024,38.0859,,t001,s001
94409935,551493,3,ankle,-0.8170,-0.0264,0.7023,77.9419,64.9414,46.0815,,t001,s001
94409951,551509,3,ankle,-0.7943,0.0048,0.7534,87.2803,68.6646,55.9692,,t001,s001
94409966,551524,3,ankle,-0.9293,-0.2120,0.9916,67.7490,81.3599,59.9976,,t001,s001
94409981,551540,3,ankle,-1.0237,-0.3710,1.0649,62.6221,137.9395,95.6421,,t001,s001
94409997,551555,3,ankle,-0.8882,-0.3729,0.5243,100.8911,155.6396,120.3613,,t001,s001
94410012,551570,3,ankle,-0.8094,-0.2505,0.2314,89.3555,101.2573,145.0195,,t001,s001
94410027,551586,3,ankle,-0.7539,-0.1379,0.3412,47.7295,55.7251,142.1509,,t001,s001
94410043,551601,3,ankle,-0.7402,-0.2144,0.4424,16.7847,11.1694,126.3428,,t001,s001
94410058,551617,3,ankle,-0.7017,-0.5028,0.3290,15.0757,0.6714,124.3286,,t001,s001
94410074,551632,3,ankle,-0.6469,-0.6141,0.2499,12.7563,-42.7246,141.4795,,t001,s001
94410089,551647,3,ankle,-0.5400,-0.5909,0.2896,21.3013,-77.6367,161.1938,,t001,s001
94410105,551663,3,ankle,-0.7928,0.9913,-0.9850,-42.7246,-141.4795,207.0923,,t001,s001
94410121,551679,3,ankle,-0.8480,1.3538,-1.5332,-116.3940,-431.9458,9.3994,,t001,s001
94410136,551694,3,ankle,-1.5488,0.4832,0.1920,-78.9185,-606.8115,-117.1875,,t001,s001
94410152,551710,3,ankle,-1.5503,-0.8060,1.9834,658.6303,-591.2476,-326.8432,,t001,s001
94410167,551725,3,ankle,-0.9463,-2.7415,2.4891,371.8261,-364.9902,-304.1992,,t001,s001
94410183,551741,3,ankle,-0.7982,-1.9039,1.2760,-649.5971,-17.9443,26.4282,,t001,s001
94410199,551756,3,ankle,-0.8499,-0.1877,-0.2499,-559.3262,11.5967,117.5537,,t001,s001
94410214,551772,3,ankle,-0.8551,-0.0132,-0.2214,-33.3252,-64.4531,102.8442,,t001,s001
94410230,551788,3,ankle,-0.8531,0.0461,-0.1726,-41.7480,-112.7930,70.9839,,t001,s001
94410246,551804,3,ankle,-0.8894,-0.0493,0.0245,-142.7612,-200.0732,4.4556,,t001,s001
94410261,551819,3,ankle,-0.8350,-0.2041,0.1670,-153.0762,-247.4365,-40.1611,,t001,s001
94410277,551835,3,ankle,-0.9445,-0.4631,0.4225,-144.2871,-251.7700,-43.7622,,t001,s001
94410293,551851,3,ankle,-0.9608,-0.5402,0.5251,-114.3188,-235.9009,-21.7285,,t001,s001
94410308,551866,3,ankle,-0.8062,-0.4839,0.6423,-96.3745,-213.9892,-1.2207,,t001,s001
94410324,551882,3,ankle,-0.8669,-0.4021,0.6525,-35.9497,-153.4424,24.8413,,t001,s001
94410340,551898,3,ankle,-0.8820,-0.2504,0.6029,-27.2217,-118.7134,22.8882,,t001,s001
94410355,551913,3,ankle,-0.9871,-0.0557,0.4109,-64.6362,-52.1240,-1.9531,,t001,s001
94410371,551929,3,ankle,-0.9441,0.0316,0.3701,-219.1162,-39.3677,-63.8428,,t001,s001
94410387,551945,3,ankle,-0.8318,-0.0205,0.4584,-232.6050,-40.4053,-99.1821,,t001,s001
94410402,551960,3,ankle,-0.8335,0.0048,0.4851,-276.0010,-34.6680,-152.9541,,t001,s001
94410418,551976,3,ankle,-1.0406,0.1738,0.5299,-253.6011,-30.9448,-169.1284,,t001,s001
94410433,551991,3,ankle,-1.0325,0.2303,0.5354,-156.5552,-12.0850,-210.3882,,t001,s001
94410449,552007,3,ankle,-1.0774,0.0315,0.4939,-149.9023,-3.8452,-243.9575,,t001,s001
94410464,552023,3,ankle,-1.1689,-0.3914,0.4843,-178.5889,2.4414,-296.4478,,t001,s001
94410480,552038,3,ankle,-1.2390,-1.2328,0.4310,-198.3032,5.9814,-267.3340,,t001,s001
94410496,552054,3,ankle,-1.1152,-0.7117,0.3290,-135.1929,8.3008,-71.5942,,t001,s001
94410511,552069,3,ankle,-1.0615,-0.2345,0.1047,80.4443,-7.3853,37.9639,,t001,s001
94410527,552085,3,ankle,-1.0154,0.2400,0.1664,65.0635,-25.6348,36.6821,,t001,s001
94410542,552100,3,ankle,-1.0607,0.2994,0.3096,-66.7725,-16.2964,-8.9722,,t001,s001
94410558,552116,3,ankle,-1.0665,0.1893,0.3051,-70.7397,2.9907,-31.4941,,t001,s001
94410573,552131,3,ankle,-1.0490,0.0831,0.1934,40.5273,39.4897,-43.5791,,t001,s001
94410589,552147,3,ankle,-0.9314,-0.1509,-0.0914,79.7729,51.4526,-38.6963,,t001,s001
94410604,552162,3,ankle,-0.8878,-0.1208,-0.1700,74.1577,44.7998,-7.3853,,t001,s001
94410620,552178,3,ankle,-1.0730,-0.1094,-0.0518,65.7959,34.9731,4.6387,,t001,s001
94410635,552194,3,ankle,-1.2316,-0.1857,0.4132,-6.8359,51.3916,36.0718,,t001,s001
94410651,552209,3,ankle,-1.2653,0.0304,0.4977,58.4106,106.6894,63.1103,,t001,s001
94410666,552224,3,ankle,-1.0044,0.1571,0.4657,116.5161,135.2539,60.6079,,t001,s001
94410681,552240,3,ankle,-1.0170,0.1160,0.3710,159.1187,190.1245,53.6499,,t001,s001
94410697,552255,3,ankle,-1.0822,0.0277,0.1644,202.4536,205.3833,64.0869,,t001,s001
94410712,552271,3,ankle,-1.0524,0.0375,0.1219,189.0259,196.1059,77.3926,,t001,s001
94410727,552286,3,ankle,-1.0548,0.0605,0.1361,147.6440,181.2744,72.7539,,t001,s001
94410743,552301,3,ankle,-1.0623,0.0540,0.2003,45.2270,141.2964,54.4434,,t001,s001
94410758,552316,3,ankle,-0.8419,-0.0461,0.2430,6.4087,132.5684,41.5649,,t001,s001
94410774,552332,3,ankle,-0.7965,-0.3452,0.1077,14.1602,126.0986,33.0811,,t001,s001
94410789,552347,3,ankle,-0.7750,-0.4951,0.0135,6.5308,93.1396,64.8804,,t001,s001
94410805,552363,3,ankle,-0.6757,-0.3687,0.1366,-12.5122,1.0376,140.3198,,t001,s001
94410820,552378,3,ankle,-0.7582,-0.0883,0.4679,-99.6094,-23.1323,146.5454,,t001,s001
94410836,552394,3,ankle,-0.8782,0.0950,0.6704,-114.9902,-48.8281,125.4883,,t001,s001
94410852,552410,3,ankle,-0.8433,0.2448,0.7164,-83.3740,-40.2222,79.4678,,t001,s001
94410867,552425,3,ankle,-0.8066,0.3945,0.7092,-96.9849,-29.4189,42.8467,,t001,s001
94410883,552441,3,ankle,-0.7772,0.3135,0.6935,-36.0718,-10.1318,-9.7046,,t001,s001
94410898,552456,3,ankle,-0.7888,0.1750,0.6006,-29.5410,-12.1460,-29.9072,,t001,s001
94410914,552472,3,ankle,-0.7573,0.0867,0.6438,-130.3711,-41.5039,-62.6221,,t001,s001
94410930,552488,3,ankle,-0.8844,0.0763,0.6987,-151.6113,-46.0205,-75.3174,,t001,s001
94410945,552503,3,ankle,-1.0016,0.0917,0.6333,-11.5967,-27.2827,-83.1299,,t001,s001
94410961,552519,3,ankle,-1.0316,0.1265,0.5370,21.3623,-17.9443,-84.8999,,t001,s001
94410976,552535,3,ankle,-1.0029,0.1505,0.5100,24.5972,-2.0752,-93.1396,,t001,s001
94410992,552550,3,ankle,-0.9625,0.0775,0.4979,44.1284,16.7847,-111.3281,,t001,s001
94411007,552565,3,ankle,-0.9115,-0.2505,0.4270,49.4385,26.7944,-118.2861,,t001,s001
94411023,552581,3,ankle,-0.8793,-0.4683,0.3588,104.3701,47.7905,-94.7266,,t001,s001
94411038,552596,3,ankle,-0.9114,-0.6337,0.1882,127.1362,51.1475,-63.2324,,t001,s001
94411054,552612,3,ankle,-0.8976,-0.5531,0.1086,139.9536,37.6587,4.5166,,t001,s001
94411069,552627,3,ankle,-0.7616,-0.2501,0.0039,139.8315,21.7285,27.7710,,t001,s001
94411085,552643,3,ankle,-0.7211,-0.1637,0.0093,77.6978,-21.7895,33.7524,,t001,s001
94411100,552658,3,ankle,-0.8145,-0.1052,0.1017,40.5273,-39.1235,26.0010,,t001,s001
94411116,552674,3,ankle,-0.8470,-0.0659,0.2311,-58.8989,-63.2935,7.5073,,t001,s001
94411131,552689,3,ankle,-0.8596,0.0277,0.4639,-99.3042,-61.4624,-5.4321,,t001,s001
94411147,552705,3,ankle,-0.8405,0.1327,0.4966,-139.6484,-42.6636,-32.4707,,t001,s001
94411162,552720,3,ankle,-0.8337,0.1027,0.4579,-44.6777,-19.8975,-35.5835,,t001,s001
94411178,552736,3,ankle,-0.7328,0.0570,0.4049,-23.6816,-22.7661,-33.8745,,t001,s001
94411194,552752,3,ankle,-0.6631,0.0770,0.3817,-39.7339,-43.0908,-40.4663,,t001,s001
94411210,552768,3,ankle,-0.8010,-0.0981,0.2194,-141.3574,-60.8520,-60.8520,,t001,s001
94411225,552783,3,ankle,-0.9215,-0.1331,0.1443,-247.7417,-115.5395,-40.1611,,t001,s001
94411241,552799,3,ankle,-0.8816,0.0958,0.3210,-110.4126,-135.2539,7.0190,,t001,s001
94411256,552815,3,ankle,-1.0154,0.1880,0.5022,38.2690,-156.1890,39.6118,,t001,s001
94411272,552830,3,ankle,-1.0503,0.1823,0.5502,9.4604,-157.3486,23.8037,,t001,s001
94411287,552846,3,ankle,-1.1830,0.1945,0.6097,0.7324,-148.3154,20.1416,,t001,s001
94411303,552861,3,ankle,-1.2745,0.2087,0.6179,85.6934,-96.8018,27.2827,,t001,s001
94411318,552877,3,ankle,-1.1747,0.2428,0.6318,123.1079,-66.5283,24.6582,,t001,s001
94411334,552892,3,ankle,-1.0927,0.2571,0.6387,110.2295,-23.8647,-1.0376,,t001,s001
94411350,552908,3,ankle,-1.0422,0.2595,0.6260,93.0176,-6.1035,-15.9912,,t001,s001
94411365,552923,3,ankle,-1.0442,0.2443,0.5996,88.6230,34.7900,-40.0391,,t001,s001
94411380,552939,3,ankle,-1.0839,0.1948,0.5298,88.2568,54.5654,-50.4150,,t001,s001
94411396,552954,3,ankle,-1.1067,0.1559,0.5104,73.7915,89.3555,-69.5190,,t001,s001
94411411,552970,3,ankle,-1.1643,0.0612,0.5114,55.4810,105.8960,-75.8057,,t001,s001
94411427,552985,3,ankle,-0.9891,-0.3300,0.2999,112.4878,156.1890,-63.4155,,t001,s001
94411443,553001,3,ankle,-1.1182,-0.4974,0.1503,217.4072,184.5093,2.1973,,t001,s001
94411458,553016,3,ankle,-1.1603,-0.1954,0.0077,196.7163,174.8047,38.0249,,t001,s001
94411474,553032,3,ankle,-1.0261,-0.0486,-0.0186,157.2876,156.3721,67.3218,,t001,s001
94411489,553047,3,ankle,-0.8827,-0.0460,-0.1014,154.7852,148.1934,67.2607,,t001,s001
94411505,553063,3,ankle,-0.8811,-0.0477,-0.1476,145.2637,123.0469,65.5518,,t001,s001
94411520,553078,3,ankle,-0.8104,-0.1223,-0.1998,140.1978,105.8350,61.3403,,t001,s001
94411536,553094,3,ankle,-0.8002,-0.2014,-0.2001,138.4277,65.9790,56.2744,,t001,s001
94411551,553109,3,ankle,-0.7172,-0.3042,-0.1829,145.4468,49.1943,60.7300,,t001,s001
94411567,553125,3,ankle,-0.7473,-0.3868,-0.1512,149.6582,11.6577,69.2139,,t001,s001
94411582,553140,3,ankle,-0.6998,-0.3286,-0.1520,89.5386,-19.8975,82.0312,,t001,s001
94411598,553156,3,ankle,-0.5731,-0.0826,-0.3420,-1.8311,-40.9546,66.3452,,t001,s001
94411614,553172,3,ankle,-0.6577,0.0139,-0.4194,-272.7661,-147.4609,18.5547,,t001,s001
94411629,553187,3,ankle,-0.7350,0.2073,-0.0028,-362.9760,-214.6606,10.7422,,t001,s001
94411645,553203,3,ankle,-0.7825,0.2651,0.2750,-477.9052,-298.7061,-14.8926,,t001,s001
94411660,553218,3,ankle,-0.8243,0.1901,0.6409,-471.3745,-310.3638,-25.5127,,t001,s001
94411676,553234,3,ankle,-0.8438,0.1658,0.6780,-298.3398,-286.3770,5.0049,,t001,s001
94411691,553249,3,ankle,-1.0265,0.1681,0.6952,-216.9800,-282.1045,25.8179,,t001,s001
94411707,553265,3,ankle,-1.1962,0.1823,0.7146,-113.2812,-269.7144,55.4199,,t001,s001
94411722,553281,3,ankle,-1.4133,0.2081,0.7355,-56.7627,-248.8403,67.1387,,t001,s001
94411738,553296,3,ankle,-1.3911,0.2300,0.7456,-4.0283,-200.9888,70.0684,,t001,s001
94411753,553312,3,ankle,-1.4047,0.2336,0.7438,-5.6763,-152.7710,58.7158,,t001,s001
94411769,553327,3,ankle,-1.4608,0.2389,0.7333,8.4839,-124.6948,55.9082,,t001,s001
94411785,553343,3,ankle,-1.4126,0.2455,0.7231,62.6831,-48.8892,45.5322,,t001,s001
94411800,553358,3,ankle,-1.2711,0.2139,0.6272,85.9985,-1.4648,32.2266,,t001,s001
94411816,553374,3,ankle,-1.1683,0.1874,0.5605,97.4731,87.7685,-5.1880,,t001,s001
94411831,553389,3,ankle,-0.9817,0.1366,0.4287,96.7407,128.0518,-25.8789,,t001,s001
94411847,553405,3,ankle,-1.0656,0.0918,0.3427,107.2388,210.9375,-62.6831,,t001,s001
94411862,553420,3,ankle,-1.4189,-0.0188,0.1615,111.4502,247.0703,-75.7446,,t001,s001
94411878,553436,3,ankle,-1.5981,-0.0868,0.0411,95.4590,300.1709,-95.3369,,t001,s001
94411893,553451,3,ankle,-1.5936,-0.1052,-0.0017,68.4814,337.2192,-111.0229,,t001,s001
94411909,553467,3,ankle,-1.3010,-0.0927,-0.0244,56.0913,337.4023,-113.2202,,t001,s001
94411924,553482,3,ankle,-1.2048,-0.0848,-0.0195,30.1514,321.6552,-120.3613,,t001,s001
94411940,553498,3,ankle,-1.2710,-0.1193,-0.0818,23.1934,324.5239,-128.8452,,t001,s001
94411956,553514,3,ankle,-1.0453,-0.2562,-0.1157,2.7466,288.6963,-175.9033,,t001,s001
94411972,553529,3,ankle,-0.6772,-0.9430,-0.0132,-160.8276,224.6704,-222.3511,,t001,s001
94411987,553545,3,ankle,-0.6672,-0.9911,0.0664,-304.1992,118.6523,-115.0513,,t001,s001
94412003,553561,3,ankle,-0.4552,-0.8884,0.1622,-157.3486,97.5952,-9.2773,,t001,s001
94412018,553576,3,ankle,-0.4318,-0.4363,0.1400,-18.4937,63.9648,175.6592,,t001,s001
94412033,553592,3,ankle,-0.4565,-0.1750,0.0554,135.5591,39.1235,294.7388,,t001,s001
94412049,553607,3,ankle,-0.7352,0.1348,-0.1873,241.9433,3.9062,325.5615,,t001,s001
94412064,553623,3,ankle,-0.9154,0.1202,-0.1652,92.0410,-175.1098,283.5693,,t001,s001
94412080,553638,3,ankle,-1.1925,0.2253,0.0477,-46.6919,-263.7939,265.1367,,t001,s001
94412096,553654,3,ankle,-1.3025,0.2380,0.1852,84.7778,-359.2529,247.0093,,t001,s001
94412111,553669,3,ankle,-1.5859,0.2039,0.3722,77.0874,-378.7841,218.5669,,t001,s001
94412126,553685,3,ankle,-1.6405,0.2166,0.4313,36.0718,-376.5258,172.9736,,t001,s001
94412142,553700,3,ankle,-1.5984,0.2147,0.5200,61.5845,-354.4922,151.1230,,t001,s001
94412157,553716,3,ankle,-1.3992,0.2255,0.6028,56.7017,-279.3579,74.3408,,t001,s001
94412173,553731,3,ankle,-1.3994,0.2693,0.8951,94.2993,-233.4595,29.9683,,t001,s001
94412188,553747,3,ankle,-1.0944,-0.1213,1.3674,575.0122,-53.1006,11.5967,,t001,s001
94412204,553762,3,ankle,-0.8910,-0.2178,1.0493,84.8389,133.6060,-65.4297,,t001,s001
94412220,553778,3,ankle,-1.0127,-0.0416,0.2858,-204.5288,163.3911,-133.1787,,t001,s001
94412235,553793,3,ankle,-1.1021,0.0426,0.0842,-173.5229,186.8896,-190.8569,,t001,s001
94412251,553809,3,ankle,-1.1466,-0.0928,0.0083,-13.8550,195.6787,-189.6362,,t001,s001
94412266,553824,3,ankle,-1.0765,-0.1298,-0.0029,82.1533,193.9697,-174.0723,,t001,s001
94412282,553840,3,ankle,-0.9974,-0.1432,-0.0575,62.9272,186.0351,-176.9409,,t001,s001
94412298,553856,3,ankle,-0.9619,-0.1541,-0.0837,47.4853,155.4565,-195.3125,,t001,s001
94412313,553871,3,ankle,-0.7354,-0.4065,-0.1608,-9.5215,142.5781,-238.7085,,t001,s001
94412329,553887,3,ankle,-0.6849,-0.5530,-0.3108,-101.0132,102.4170,-249.0234,,t001,s001
94412345,553903,3,ankle,-0.7015,-0.5830,-0.3452,22.4609,20.0195,-127.5024,,t001,s001
94412360,553918,3,ankle,-0.7400,-0.6067,0.1018,-48.0347,-34.3018,-62.3169,,t001,s001
94412376,553934,3,ankle,-0.8011,-0.4016,0.4327,-186.2182,-86.5478,60.3027,,t001,s001
94412392,553950,3,ankle,-1.0804,0.0798,0.8667,-107.2998,-82.2143,104.9805,,t001,s001
94412407,553965,3,ankle,-1.1462,0.2070,0.9928,44.7998,-46.3867,116.0889,,t001,s001
94412422,553981,3,ankle,-1.1655,0.3143,1.1047,73.4863,-9.3994,98.2666,,t001,s001
94412438,553996,3,ankle,-1.1903,0.3787,1.0621,98.9380,70.1294,48.4619,,t001,s001
94412453,554012,3,ankle,-1.0117,0.4093,0.9935,103.6377,107.6660,28.3813,,t001,s001
94412468,554027,3,ankle,-0.9019,0.4347,0.7531,155.4565,175.3540,3.1738,,t001,s001
94412484,554042,3,ankle,-0.9025,0.4437,0.6122,178.2837,203.1860,-32.1655,,t001,s001
94412500,554058,3,ankle,-0.9778,0.3253,0.4283,163.8183,200.1953,-55.1758,,t001,s001
94412515,554073,3,ankle,-1.0063,0.1471,0.4005,170.1050,185.1806,-86.7309,,t001,s001
94412530,554089,3,ankle,-1.0829,-0.2166,0.3340,185.6689,184.6313,-87.9517,,t001,s001
94412546,554104,3,ankle,-1.0573,-0.3174,0.2743,195.6177,182.4951,-60.4858,,t001,s001
94412562,554120,3,ankle,-0.9728,-0.4115,0.1508,195.8618,179.8096,-39.9170,,t001,s001
94412577,554135,3,ankle,-0.8643,-0.4171,0.0682,202.8198,173.4009,-0.4272,,t001,s001
94412593,554151,3,ankle,-0.6254,-0.3718,-0.1948,184.9975,164.1846,12.2070,,t001,s001
94412608,554166,3,ankle,-0.5508,-0.3245,-0.3300,108.7036,88.8061,28.1982,,t001,s001
94412624,554182,3,ankle,-0.4878,-0.2864,-0.3931,52.7954,26.5503,38.3911,,t001,s001
94412639,554197,3,ankle,-0.5682,-0.3175,-0.1079,-126.0376,-105.9570,61.8286,,t001,s001
94412655,554213,3,ankle,-0.6864,-0.3087,0.1412,-351.7456,-219.0552,94.0552,,t001,s001
94412671,554229,3,ankle,-0.8519,-0.0620,0.6775,-450.2563,-259.4604,116.9434,,t001,s001
94412686,554244,3,ankle,-0.8844,0.1946,0.8938,-592.4072,-282.7759,145.9961,,t001,s001
94412702,554260,3,ankle,-0.8607,0.7314,1.0199,-605.4687,-262.0239,138.6719,,t001,s001
94412717,554275,3,ankle,-0.9036,0.7528,0.9730,-428.7109,-202.8808,76.4771,,t001,s001
94412733,554291,3,ankle,-1.1935,0.4138,1.0271,-290.1001,-183.8989,56.6406,,t001,s001
94412748,554306,3,ankle,-1.2175,0.3656,1.1965,-30.9448,-124.6338,64.1479,,t001,s001
94412764,554322,3,ankle,-0.8877,0.1359,0.8387,415.7715,-46.8750,48.7671,,t001,s001
94412779,554337,3,ankle,-0.8662,-0.3127,0.4447,655.5786,48.8892,59.2041,,t001,s001
94412794,554353,3,ankle,-0.9172,-0.1041,0.2164,85.9985,49.1943,73.8525,,t001,s001
94412810,554368,3,ankle,-0.9679,-0.2405,-0.1021,143.6768,32.5317,68.8477,,t001,s001
94412826,554384,3,ankle,-0.9312,-0.2723,-0.1833,133.3008,-35.3394,80.6274,,t001,s001
94412841,554399,3,ankle,-0.8455,-0.2440,-0.1124,125.3052,-72.6929,89.7827,,t001,s001
94412857,554415,3,ankle,-0.8412,-0.2190,-0.0460,84.5947,-116.6382,92.5903,,t001,s001
94412873,554431,3,ankle,-0.8689,-0.1473,0.0085,45.9595,-128.0518,86.7309,,t001,s001
94412888,554446,3,ankle,-0.9113,-0.1195,0.0256,16.1743,-150.9399,69.5801,,t001,s001
94412904,554462,3,ankle,-0.9843,-0.0731,0.1013,1.4648,-163.8794,59.2041,,t001,s001
94412919,554477,3,ankle,-1.0626,-0.0043,0.3102,-41.0156,-192.1387,39.6118,,t001,s001
94412935,554493,3,ankle,-1.0660,0.0267,0.4636,-49.0723,-204.9560,31.5552,,t001,s001
94412950,554508,3,ankle,-1.1113,-0.0016,0.7825,-36.1328,-219.2383,6.7139,,t001,s001
94412966,554524,3,ankle,-1.1864,-0.0165,0.8953,-42.3584,-187.9272,-19.4092,,t001,s001
94412982,554540,3,ankle,-1.3329,-0.0203,0.9955,-41.1987,-147.5830,-32.2266,,t001,s001
94412997,554555,3,ankle,-1.3093,-0.0317,0.9983,-31.5552,-31.2500,-65.5518,,t001,s001
94413013,554571,3,ankle,-1.2123,-0.1010,0.8854,-24.2920,31.9214,-80.6885,,t001,s001
94413028,554586,3,ankle,-1.1763,-0.1123,0.7531,18.4937,142.3340,-87.0972,,t001,s001
94413044,554602,3,ankle,-1.1270,-0.1174,0.4492,47.6685,181.3965,-85.0830,,t001,s001
94413059,554618,3,ankle,-1.3279,-0.1459,0.2218,54.6265,233.1543,-89.0503,,t001,s001
94413075,554633,3,ankle,-1.2478,-0.1068,0.0618,47.4853,282.8979,-101.3794,,t001,s001
94413091,554649,3,ankle,-1.0967,-0.1521,-0.2000,34.4849,286.3159,-118.2251,,t001,s001
94413106,554664,3,ankle,-1.0055,-0.2192,-0.2638,-34.4849,239.0747,-146.7896,,t001,s001
94413122,554680,3,ankle,-1.2507,-0.2307,0.4528,32.1655,186.3403,-147.1558,,t001,s001
94413137,554696,3,ankle,-1.3322,-0.3164,1.5149,422.1191,229.6142,-98.5107,,t001,s001
94413153,554711,3,ankle,-1.0277,-0.4569,1.0912,163.3301,363.0981,-74.0356,,t001,s001
94413169,554727,3,ankle,-0.9500,-0.4019,-0.1427,-443.1152,401.1841,-86.6089,,t001,s001
94413184,554742,3,ankle,-1.0867,-0.2850,-0.8027,-302.3071,299.3774,-83.0688,,t001,s001
94413200,554758,3,ankle,-0.5271,-0.2037,-0.3140,21.7285,106.5063,-26.1230,,t001,s001
94413216,554774,3,ankle,-0.3590,-0.1113,-0.1758,-99.5483,-18.7378,12.3901,,t001,s001
94413231,554789,3,ankle,-0.5013,-0.0597,-0.0385,-106.9336,-63.5376,22.9492,,t001,s001
94413247,554805,3,ankle,-0.6802,-0.0422,0.0436,-93.1396,-145.5078,46.9360,,t001,s001
94413263,554821,3,ankle,-0.8290,0.0536,0.2507,-74.9512,-177.4902,58.5327,,t001,s001
94413278,554836,3,ankle,-0.7823,0.2189,0.4166,-13.9160,-229.0649,82.5195,,t001,s001
94413293,554852,3,ankle,-0.8674,0.6885,1.0106,29.2358,-237.7319,78.7354,,t001,s001
94413309,554867,3,ankle,-1.0724,0.8180,1.2133,48.3398,-157.8979,4.3945,,t001,s001
94413324,554883,3,ankle,-1.0835,0.8116,1.2494,31.5552,-97.6562,-54.6265,,t001,s001
94413340,554898,3,ankle,-0.9941,0.5532,0.8286,-15.5029,8.3008,-155.0293,,t001,s001
94413355,554914,3,ankle,-1.0155,0.4185,0.5764,8.1787,53.7109,-192.0166,,t001,s001
94413371,554929,3,ankle,-1.0505,0.2596,0.2192,20.5688,52.6123,-196.1059,,t001,s001
94413386,554944,3,ankle,-1.0168,0.2247,0.1262,20.2637,19.8364,-196.9604,,t001,s001
94413401,554960,3,ankle,-1.0251,0.1234,0.3273,44.3726,2.6855,-199.5849,,t001,s001
94413417,554975,3,ankle,-0.9791,-0.1687,0.7002,171.1426,25.3906,-201.5991,,t001,s001
94413432,554991,3,ankle,-0.8560,-0.7203,0.6301,118.2251,72.2656,-175.2319,,t001,s001
94413448,555006,3,ankle,-0.8169,-0.7108,0.3365,-10.1318,116.0889,-56.6406,,t001,s001
94413464,555022,3,ankle,-0.6384,-0.4384,-0.0017,-13.6719,99.8535,5.8594,,t001,s001
94413479,555037,3,ankle,-0.5654,-0.3466,0.0159,36.1328,34.5459,94.2383,,t001,s001
94413494,555053,3,ankle,-0.5182,-0.2904,0.1910,77.3926,4.3335,129.8828,,t001,s001
94413510,555068,3,ankle,-0.6824,-0.1364,0.1801,55.6641,-56.4575,193.1763,,t001,s001
94413526,555084,3,ankle,-0.7899,-0.0229,0.1720,1.8921,-96.1914,212.8906,,t001,s001
94413541,555099,3,ankle,-1.1497,0.0996,0.2533,-25.5737,-161.8652,227.1728,,t001,s001
94413556,555115,3,ankle,-1.3523,0.1110,0.3210,11.8408,-191.6504,221.7407,,t001,s001
94413572,555130,3,ankle,-0.9865,0.2484,0.4692,8.3008,-197.9980,217.9565,,t001,s001
94413587,555146,3,ankle,-0.8799,0.3230,0.5020,59.3262,-191.2842,199.8291,,t001,s001
94413603,555161,3,ankle,-1.1412,0.3168,0.5358,74.1577,-191.1011,173.5229,,t001,s001
94413618,555177,3,ankle,-1.1719,0.3031,0.5767,-5.3711,-195.3125,103.6377,,t001,s001
94413634,555192,3,ankle,-1.0594,0.3179,0.6617,-17.3340,-185.4248,79.2847,,t001,s001
94413649,555208,3,ankle,-1.0524,0.3064,0.6738,21.1182,-139.9536,37.5977,,t001,s001
94413665,555223,3,ankle,-1.0992,0.2550,0.6504,26.4282,-114.1968,12.6953,,t001,s001
94413681,555239,3,ankle,-1.1223,0.2039,0.5889,32.2876,-64.6362,-31.4941,,t001,s001
94413696,555254,3,ankle,-1.1400,0.1744,0.5496,51.5747,-16.6626,-63.4155,,t001,s001
94413711,555270,3,ankle,-1.1447,0.1147,0.4738,53.8940,8.1177,-79.7729,,t001,s001
94413727,555285,3,ankle,-1.1279,0.0895,0.4406,54.8096,53.8330,-105.8350,,t001,s001
94413742,555301,3,ankle,-1.1371,0.0436,0.3734,59.1431,72.4487,-112.7930,,t001,s001
94413758,555316,3,ankle,-1.1418,0.0192,0.3406,59.2651,98.0835,-120.5444,,t001,s001
94413773,555332,3,ankle,-1.0844,0.0007,0.3003,56.7627,104.1870,-119.9951,,t001,s001
94413789,555347,3,ankle,-1.0597,0.0190,0.3533,136.7798,107.6660,-103.5767,,t001,s001
94413804,555362,3,ankle,-0.9813,-0.0852,0.5992,234.6802,121.5820,-84.9609,,t001,s001
94413820,555378,3,ankle,-0.9598,-0.1471,0.5989,175.4761,160.7056,-67.3218,,t001,s001
94413835,555394,3,ankle,-1.0259,-0.2065,0.3695,69.8853,166.0766,-72.8760,,t001,s001
94413851,555409,3,ankle,-0.9005,-0.5605,-0.2357,132.3853,161.0718,-48.5840,,t001,s001
94413866,555425,3,ankle,-0.8500,-0.4869,-0.3479,190.7959,74.9512,39.3677,,t001,s001
94413882,555440,3,ankle,-0.8080,0.0375,0.3429,109.8633,13.3057,50.2930,,t001,s001
94413897,555456,3,ankle,-0.8467,0.1846,0.6918,57.8613,-4.5776,34.9731,,t001,s001
94413913,555471,3,ankle,-0.9735,0.0240,0.2974,37.5366,14.8926,21.7285,,t001,s001
94413928,555487,3,ankle,-0.9258,-0.0957,0.1022,-28.6865,-13.3057,10.3760,,t001,s001
94413944,555502,3,ankle,-0.8674,-0.0837,0.3052,-53.3447,-42.1753,13.3057,,t001,s001
94413960,555518,3,ankle,-0.8711,-0.0278,0.4460,-80.2612,-66.5283,13.4277,,t001,s001
94413976,555534,3,ankle,-0.8693,0.0825,0.4601,-89.2334,-65.1855,7.9956,,t001,s001
94413991,555549,3,ankle,-0.9044,0.1498,0.4066,-69.2749,-60.3638,-10.4980,,t001,s001
94414007,555565,3,ankle,-0.9027,0.1049,0.4812,-57.1289,-72.9980,-41.5649,,t001,s001
94414023,555581,3,ankle,-0.8591,-0.1948,0.8182,-92.1631,-77.2705,-59.2041,,t001,s001
94414038,555597,3,ankle,-0.8643,-0.3181,0.8517,-26.7944,-4.6997,-35.2173,,t001,s001
94414054,555612,3,ankle,-0.9886,-0.2180,0.4591,20.5688,45.7153,-11.7187,,t001,s001
94414069,555628,3,ankle,-0.9939,-0.1095,0.2472,2.8076,74.5850,6.9580,,t001,s001
94414085,555643,3,ankle,-0.8743,-0.0082,0.1814,-23.4985,56.8237,6.7749,,t001,s001
94414100,555659,3,ankle,-0.8524,-0.0040,0.2292,-51.0254,30.2734,6.9580,,t001,s001
94414116,555674,3,ankle,-0.6846,0.0702,0.2660,-53.6499,29.5410,15.7471,,t001,s001
94414131,555690,3,ankle,-0.7397,0.1174,0.2487,-34.7290,23.0713,24.2920,,t001,s001
94414147,555705,3,ankle,-0.7592,0.1025,0.2472,-49.4385,6.4087,7.6294,,t001,s001
94414162,555721,3,ankle,-0.7277,0.1122,0.2483,-54.8096,3.5400,3.3569,,t001,s001
94414178,555736,3,ankle,-0.7446,0.0803,0.2366,-46.2646,0.3052,-7.7515,,t001,s001
94414194,555752,3,ankle,-0.8251,0.0391,0.2067,-44.1894,-4.8828,-9.4604,,t001,s001
94414209,555767,3,ankle,-0.8817,0.0564,0.2104,-51.8188,-20.7520,-2.9907,,t001,s001
94414225,555783,3,ankle,-0.9656,0.0594,0.2877,-58.5327,-24.9023,1.1597,,t001,s001
94414240,555799,3,ankle,-0.9799,0.0303,0.3282,-63.9648,-13.1836,9.8877,,t001,s001
94414256,555814,3,ankle,-0.9753,-0.0314,0.3427,-57.1899,-0.7324,17.2729,,t001,s001
94414271,555830,3,ankle,-1.0060,-0.0133,0.3308,-43.6401,22.8271,36.7432,,t001,s001
94414287,555845,3,ankle,-0.9591,0.0170,0.3286,-48.2178,31.1279,43.4570,,t001,s001
94414302,555861,3,ankle,-0.8566,-0.0190,0.2809,-39.6118,40.9546,54.9927,,t001,s001
94414318,555876,3,ankle,-0.9930,-0.0613,0.2318,3.1738,45.7153,71.0449,,t001,s001
94414333,555891,3,ankle,-0.9600,0.0551,0.2343,-7.8735,44.1894,78.0029,,t001,s001
94414349,555907,3,ankle,-0.8191,0.0878,0.2114,-2.1362,59.6313,88.1348,,t001,s001
94414364,555922,3,ankle,-0.7671,-0.0063,0.0883,19.2261,57.8613,86.7309,,t001,s001
94414380,555938,3,ankle,-0.7338,-0.0120,0.0468,32.8369,34.1187,93.4448,,t001,s001
94414395,555953,3,ankle,-0.7267,0.0562,0.0100,22.6440,13.4888,93.4448,,t001,s001
94414410,555969,3,ankle,-0.7551,0.0842,0.0247,-24.2310,-35.8887,79.9561,,t001,s001
94414426,555984,3,ankle,-0.7838,0.0533,0.1494,-69.7632,-61.0962,67.4438,,t001,s001
94414442,556000,3,ankle,-0.7834,0.0725,0.3422,-161.4380,-101.7456,45.2881,,t001,s001
94414457,556015,3,ankle,-0.7734,0.1177,0.4224,-184.4482,-112.6709,36.0718,,t001,s001
94414472,556031,3,ankle,-0.7035,0.1737,0.4951,-155.3955,-113.9526,23.9868,,t001,s001
94414488,556046,3,ankle,-0.7007,0.1736,0.4985,-78.5522,-113.4033,19.5313,,t001,s001
94414503,556062,3,ankle,-0.7708,0.1730,0.5027,-66.2842,-120.1782,13.1226,,t001,s001
94414519,556077,3,ankle,-0.7869,0.1791,0.5126,-49.1943,-133.8501,-1.1597,,t001,s001
94414535,556093,3,ankle,-0.9229,0.1691,0.5219,-29.8462,-135.3149,-4.8218,,t001,s001
94414551,556109,3,ankle,-1.1010,0.1533,0.5129,21.1792,-125.5493,-3.6011,,t001,s001
94414566,556124,3,ankle,-1.5812,0.1171,0.4910,48.4009,-113.0981,-3.7842,,t001,s001
94414582,556140,3,ankle,-1.6775,0.1154,0.4913,97.9614,-60.1196,-15.8081,,t001,s001
94414597,556155,3,ankle,-1.3826,0.0914,0.6160,105.9570,-32.5317,-30.2124,,t001,s001
94414612,556171,3,ankle,-1.1411,0.0120,0.6884,21.1792,12.8784,-69.2139,,t001,s001
94414628,556186,3,ankle,-1.2014,0.0405,0.6671,158.8135,92.2241,-60.7910,,t001,s001
94414643,556202,3,ankle,-1.0909,-0.1343,0.8235,318.1152,135.3760,-37.5366,,t001,s001
94414659,556217,3,ankle,-1.1338,-0.1451,0.6592,77.3315,187.1948,-24.1089,,t001,s001
94414674,556233,3,ankle,-1.3657,0.0326,0.2247,-108.1543,172.1802,-49.8047,,t001,s001
94414690,556248,3,ankle,-1.3462,0.0326,0.2064,-45.1050,158.8745,-70.4956,,t001,s001
94414705,556264,3,ankle,-1.0964,-0.0189,0.2622,39.4897,169.7998,-56.2134,,t001,s001
94414721,556279,3,ankle,-0.9993,-0.0173,0.2661,51.8188,179.8706,-41.3208,,t001,s001
94414736,556294,3,ankle,-0.7535,-0.2805,0.1530,93.0176,187.5000,-34.8511,,t001,s001
94414752,556310,3,ankle,-0.6852,-0.5283,0.0442,247.8638,189.5141,27.7710,,t001,s001
94414767,556326,3,ankle,-0.5768,-0.4393,-0.1337,230.7739,153.9917,67.3218,,t001,s001
94414783,556341,3,ankle,-0.4768,-0.0481,-0.0833,109.4971,44.0063,93.2617,,t001,s001
94414799,556357,3,ankle,-0.5444,-0.0065,0.0021,-30.7617,-45.0439,47.6074,,t001,s001
94414814,556372,3,ankle,-0.7408,-0.0028,0.1852,-71.8994,-74.9512,31.7993,,t001,s001
94414830,556388,3,ankle,-0.7484,0.0270,0.2747,-107.4829,-114.5630,14.0381,,t001,s001
94414845,556403,3,ankle,-0.8041,0.0681,0.3993,-106.1401,-124.1455,2.7466,,t001,s001
94414861,556419,3,ankle,-0.8243,0.0833,0.4209,-65.9180,-131.6528,-7.7515,,t001,s001
94414876,556435,3,ankle,-0.8281,0.1084,0.4517,-53.6499,-137.6343,-9.6436,,t001,s001
94414892,556450,3,ankle,-0.8765,0.1154,0.4690,-68.9087,-154.9683,-22.5220,,t001,s001
94414907,556466,3,ankle,-0.9285,0.1368,0.5038,-62.2559,-160.2783,-26.1841,,t001,s001
94414923,556481,3,ankle,-0.9440,0.1438,0.5283,-24.5361,-163.3911,-30.3955,,t001,s001
94414939,556497,3,ankle,-0.9740,0.1458,0.5382,-8.5449,-165.8935,-38.3911,,t001,s001
94414954,556512,3,ankle,-1.1672,0.0568,0.7725,-4.9438,-175.2930,-44.3115,,t001,s001
94414970,556528,3,ankle,-1.1000,0.0223,0.9595,-96.8628,-166.7480,-58.8989,,t001,s001
94414986,556544,3,ankle,-0.8993,0.0154,0.8895,-62.1338,-107.4829,-43.8843,,t001,s001
94415001,556559,3,ankle,-0.8436,0.0222,0.7001,109.3750,2.0752,17.5171,,t001,s001
94415016,556575,3,ankle,-0.7527,0.1255,0.3978,153.8696,19.6533,40.8325,,t001,s001
94415031,556590,3,ankle,-0.7666,0.1466,0.3518,137.7563,6.1035,46.0815,,t001,s001
94415047,556605,3,ankle,-0.9452,0.4713,0.7676,182.2510,3.9062,38.9404,,t001,s001
94415062,556621,3,ankle,-1.1864,0.6492,1.1554,544.7998,137.3291,47.9736,,t001,s001
94415078,556636,3,ankle,-1.6919,0.3422,0.7926,420.0439,224.0600,12.5122,,t001,s001
94415093,556651,3,ankle,-1.6372,-0.0919,0.0732,-97.2290,254.9438,-110.4736,,t001,s001
94415109,556667,3,ankle,-1.4758,-0.1058,-0.0940,-70.9229,261.4746,-124.9390,,t001,s001
94415125,556683,3,ankle,-0.9766,-0.0374,-0.0671,36.7432,244.2627,-106.0181,,t001,s001
94415140,556698,3,ankle,-0.8905,-0.0381,-0.0312,63.1103,201.4160,-97.4731,,t001,s001
94415156,556714,3,ankle,-1.0022,-0.0553,-0.0568,42.2363,183.8379,-95.8862,,t001,s001
94415171,556730,3,ankle,-1.0355,-0.0643,-0.0746,66.3452,132.5073,-77.3315,,t001,s001
94415187,556745,3,ankle,-0.8368,-0.0374,-0.0326,61.5845,96.9849,-69.9463,,t001,s001
94415202,556761,3,ankle,-0.7490,-0.0212,0.0011,56.9458,28.2593,-57.8003,,t001,s001
94415218,556776,3,ankle,-0.7719,0.0228,0.2646,68.9087,-9.8877,-49.8047,,t001,s001
94415233,556792,3,ankle,-0.7792,0.0719,0.6639,115.3564,-57.7393,-38.2690,,t001,s001
94415249,556807,3,ankle,-0.7216,0.0479,0.4396,39.9780,-44.9829,-57.9224,,t001,s001
94415265,556823,3,ankle,-0.7468,-0.0320,0.1888,43.0298,-59.6313,-61.8896,,t001,s001
94415280,556838,3,ankle,-0.7743,-0.0350,0.2491,88.2568,-94.1772,-54.6875,,t001,s001
94415296,556854,3,ankle,-0.8621,-0.0323,0.3510,66.1011,-102.2339,-60.9131,,t001,s001
94415311,556870,3,ankle,-0.9177,-0.0367,0.3492,46.4478,-94.7266,-68.9087,,t001,s001
94415327,556885,3,ankle,-0.9762,-0.0519,0.3323,64.0869,-90.0879,-64.8193,,t001,s001
94415343,556901,3,ankle,-1.0349,-0.0710,0.3340,49.9268,-92.1020,-57.1899,,t001,s001
94415358,556916,3,ankle,-0.9797,-0.3425,0.5376,-38.2080,-101.5625,-58.1665,,t001,s001
94415374,556932,3,ankle,-0.9073,-0.5245,0.7418,-233.2153,-102.5391,-37.9639,,t001,s001
94415390,556948,3,ankle,-0.9794,-0.3716,0.7339,-171.5088,-52.4902,32.2876,,t001,s001
94415405,556963,3,ankle,-1.0453,-0.0452,0.5328,-41.8091,-19.5923,57.4951,,t001,s001
94415420,556979,3,ankle,-1.0076,0.0466,0.5116,109.9853,16.4795,104.7974,,t001,s001
94415436,556994,3,ankle,-1.0302,0.1646,0.5603,33.3252,18.0054,106.3843,,t001,s001
94415451,557010,3,ankle,-1.1534,0.1256,0.4629,-105.8960,30.1514,79.7729,,t001,s001
94415467,557025,3,ankle,-1.1963,-0.0314,0.2734,-101.2573,34.7290,80.5054,,t001,s001
94415482,557040,3,ankle,-0.9404,-0.0049,0.2821,-54.2603,28.4424,110.2905,,t001,s001
94415498,557056,3,ankle,-0.5487,0.0978,0.3569,-48.7061,18.2495,117.2485,,t001,s001
94415513,557072,3,ankle,-0.6248,0.0946,0.3323,-85.4492,-2.0752,96.1304,,t001,s001
94415529,557087,3,ankle,-0.6492,0.0868,0.3229,-104.6143,-14.0991,83.3130,,t001,s001
94415544,557103,3,ankle,-0.6573,0.0941,0.3314,-113.4033,-37.4756,70.8008,,t001,s001
94415560,557118,3,ankle,-0.7015,0.0920,0.3274,-100.1587,-46.0205,58.4106,,t001,s001
94415575,557133,3,ankle,-0.7531,0.0947,0.3291,-95.8252,-49.0723,52.5513,,t001,s001
94415590,557149,3,ankle,-0.7256,0.1105,0.3420,-80.4443,-60.7910,50.4150,,t001,s001
94415606,557164,3,ankle,-0.7289,0.1409,0.3695,-70.3125,-69.7021,50.2930,,t001,s001
94415621,557180,3,ankle,-0.7676,0.1484,0.3795,-61.2183,-87.0972,41.1987,,t001,s001
94415637,557195,3,ankle,-0.8289,0.1573,0.3999,-57.0679,-93.5669,34.6680,,t001,s001
94415652,557211,3,ankle,-0.9231,0.1493,0.4019,-46.2036,-93.6279,21.6064,,t001,s001
94415668,557226,3,ankle,-1.0957,0.1357,0.4042,-35.9497,-88.9282,16.3574,,t001,s001
94415683,557242,3,ankle,-0.9805,0.1553,0.4363,-14.4043,-74.5239,6.0425,,t001,s001
94415699,557257,3,ankle,-0.9340,0.1592,0.4436,-2.0142,-64.8804,-0.1831,,t001,s001
94415715,557273,3,ankle,-1.2145,0.1862,0.6212,15.0757,-53.8330,-8.6670,,t001,s001
94415730,557288,3,ankle,-1.4149,0.4401,1.4667,4.2114,-41.5649,-16.4185,,t001,s001
94415746,557304,3,ankle,-1.4012,0.8361,1.9972,-77.8198,55.1147,-69.7632,,t001,s001
94415761,557319,3,ankle,-1.8418,0.3784,0.6866,128.1128,359.4970,-149.6582,,t001,s001
94415777,557335,3,ankle,-1.4840,-0.1046,-0.4130,273.7427,353.5766,-105.4687,,t001,s001
94415792,557350,3,ankle,-1.1064,0.0040,-0.2307,111.4502,216.7969,-85.6323,,t001,s001
94415807,557366,3,ankle,-0.9557,0.0288,0.0020,40.2222,177.0630,-104.4922,,t001,s001
94415823,557381,3,ankle,-0.9712,-0.0059,-0.0057,60.4858,135.9863,-100.7080,,t001,s001
94415839,557397,3,ankle,-1.0415,-0.0361,-0.0309,80.1392,116.3330,-92.1631,,t001,s001
94415854,557413,3,ankle,-1.0111,-0.0326,0.0188,70.8618,71.6553,-84.4726,,t001,s001
94415870,557428,3,ankle,-0.9413,-0.0228,0.0630,67.5659,33.6304,-74.0356,,t001,s001
94415885,557443,3,ankle,-0.9061,-0.0280,0.1447,63.1103,18.4937,-70.1904,,t001,s001
94415901,557459,3,ankle,-0.9799,-0.0436,0.1727,41.6870,-3.4790,-62.5610,,t001,s001
94415916,557475,3,ankle,-1.1273,-0.0690,0.2139,39.3677,-8.8501,-53.8940,,t001,s001
94415932,557490,3,ankle,-1.1343,-0.0703,0.2401,44.5557,-19.2261,-28.5034,,t001,s001
94415948,557506,3,ankle,-0.9335,-0.0342,0.3284,37.8418,-23.4985,-15.9302,,t001,s001
94415963,557521,3,ankle,-0.8147,-0.0079,0.3557,50.8423,-18.0054,15.0146,,t001,s001
94415979,557537,3,ankle,-0.6440,0.0254,0.3854,59.4482,-19.8364,28.8696,,t001,s001
94415994,557553,3,ankle,-0.4921,0.0527,0.3938,45.2881,-33.1421,38.6353,,t001,s001
94416010,557568,3,ankle,-0.4259,0.0610,0.3934,29.3579,-60.4858,33.6304,,t001,s001
94416025,557584,3,ankle,-0.4503,0.0465,0.3700,23.0103,-76.7212,26.4282,,t001,s001
94416041,557599,3,ankle,-0.5289,-0.0282,0.3915,-44.4946,-115.4175,6.2256,,t001,s001
94416056,557615,3,ankle,-0.6917,-0.2644,0.7606,-157.2876,-142.9443,-8.3618,,t001,s001
94416072,557630,3,ankle,-0.8085,-0.2467,0.8593,-217.0410,-135.8643,5.3711,,t001,s001
94416088,557646,3,ankle,-0.8682,-0.1157,0.7555,-122.8638,-98.8159,38.7573,,t001,s001
94416103,557662,3,ankle,-0.8484,-0.1050,0.6647,47.8516,-46.9971,82.7637,,t001,s001
94416119,557677,3,ankle,-0.8682,-0.0361,0.3567,94.0552,-31.6162,97.9614,,t001,s001
94416134,557693,3,ankle,-0.8087,0.0635,0.3228,47.8516,-47.5464,101.3794,,t001,s001
94416150,557708,3,ankle,-0.7921,0.1152,0.3291,-15.3809,-67.4438,86.1206,,t001,s001
94416165,557723,3,ankle,-0.8080,0.1415,0.3402,-30.5786,-90.1489,66.4673,,t001,s001
94416181,557739,3,ankle,-0.7880,0.1511,0.3619,-45.8374,-103.9429,48.8892,,t001,s001
94416196,557754,3,ankle,-0.8517,0.1483,0.4326,-56.7627,-107.9101,38.5132,,t001,s001
94416212,557770,3,ankle,-0.9519,0.1327,0.4720,-85.2661,-103.8208,17.9443,,t001,s001
94416227,557786,3,ankle,-1.2422,0.1350,0.4449,-83.3740,-87.3413,11.9019,,t001,s001
94416243,557801,3,ankle,-1.6240,0.2242,0.9720,-10.1929,-69.1528,42.0532,,t001,s001
94416258,557817,3,ankle,-1.3341,1.2374,2.8474,-138.2446,19.8975,27.6489,,t001,s001
94416274,557832,3,ankle,-1.3740,1.2714,1.5138,299.8657,511.1694,-95.3369,,t001,s001
94416289,557847,3,ankle,-1.6295,0.5804,-0.8799,451.1718,547.9736,-107.9101,,t001,s001
94416305,557863,3,ankle,-1.0792,0.5680,-0.6224,131.9580,266.4795,-183.7158,,t001,s001
94416320,557879,3,ankle,-1.1305,0.4009,-0.3851,23.7427,150.3296,-246.8262,,t001,s001
94416336,557894,3,ankle,-1.3813,-0.2102,0.4652,34.9121,11.0474,-318.8477,,t001,s001
94416351,557910,3,ankle,-1.2286,-0.5092,0.7848,174.5605,49.9268,-244.3237,,t001,s001
94416367,557925,3,ankle,-1.0950,-0.4297,0.4152,85.9985,101.0132,-191.4673,,t001,s001
94416383,557941,3,ankle,-1.1008,-0.2300,0.1376,-25.2075,107.7270,-116.5771,,t001,s001
94416398,557956,3,ankle,-0.6646,-0.3832,0.0533,47.7295,87.7685,-91.8579,,t001,s001
94416414,557972,3,ankle,-0.4388,-0.8241,0.1350,181.6406,55.2978,-9.3384,,t001,s001
94416429,557988,3,ankle,-0.7627,-0.8324,0.1356,107.5439,26.8555,47.7295,,t001,s001
94416445,558003,3,ankle,-1.0178,-0.4130,0.1464,-59.3872,-43.0908,135.3760,,t001,s001
94416460,558018,3,ankle,-0.8713,0.0686,0.2684,-61.7676,-67.1997,149.9634,,t001,s001
94416476,558034,3,ankle,-0.7905,0.0117,0.3191,-18.9209,-80.0171,166.5039,,t001,s001
94416491,558050,3,ankle,-0.9530,-0.0171,0.3079,-92.8345,-95.5810,165.9546,,t001,s001
94416507,558065,3,ankle,-1.0309,0.0005,0.3339,-112.3047,-109.3750,167.9687,,t001,s001
94416522,558081,3,ankle,-0.9144,0.0289,0.3716,-121.8262,-124.6948,177.2461,,t001,s001
94416538,558096,3,ankle,-0.8635,0.0594,0.4033,-120.7886,-120.3613,178.7720,,t001,s001
94416554,558112,3,ankle,-0.9048,0.0599,0.3971,-117.0654,-116.1499,176.4526,,t001,s001
94416569,558127,3,ankle,-0.8060,0.1005,0.4246,-114.8682,-123.9014,174.4995,,t001,s001
94416585,558143,3,ankle,-0.7891,0.1217,0.4390,-106.5063,-133.3618,161.1328,,t001,s001
94416600,558159,3,ankle,-0.8390,0.1367,0.4376,-98.9380,-130.2490,149.9023,,t001,s001
94416616,558174,3,ankle,-0.8936,0.1401,0.4270,-84.5947,-117.7978,124.8779,,t001,s001
94416631,558190,3,ankle,-0.9576,0.1371,0.4193,-76.1719,-107.6660,97.1069,,t001,s001
94416647,558205,3,ankle,-0.9683,0.1505,0.4255,-69.3359,-104.3091,84.0454,,t001,s001
94416662,558221,3,ankle,-0.8934,0.1683,0.4386,-44.5557,-101.4404,57.7393,,t001,s001
94416678,558236,3,ankle,-0.7959,0.1887,0.4524,-35.0952,-102.3559,41.3208,,t001,s001
94416693,558252,3,ankle,-0.8457,0.1783,0.4502,-38.2080,-102.4170,0.3052,,t001,s001
94416709,558267,3,ankle,-1.1865,0.1013,0.3961,-41.5649,-91.6748,-21.8506,,t001,s001
94416725,558283,3,ankle,-1.2645,0.0651,0.3718,-38.3911,-58.3496,-54.1382,,t001,s001
94416740,558299,3,ankle,-1.0249,0.0719,0.3990,-34.7290,-45.1660,-62.3169,,t001,s001
94416756,558314,3,ankle,-0.8710,-0.0238,0.4470,-38.0249,-32.0435,-83.4961,,t001,s001
94416772,558330,3,ankle,-0.8993,-0.0956,0.4716,-102.1728,-36.3770,-104.6143,,t001,s001
94416787,558345,3,ankle,-0.9553,-0.1406,0.4928,-98.1445,-30.4565,-97.7783,,t001,s001
94416803,558361,3,ankle,-0.9275,-0.1412,0.4930,-51.4526,-6.5308,-72.3877,,t001,s001
94416819,558377,3,ankle,-0.7957,-0.0540,0.4731,-31.6772,4.5166,-59.9976,,t001,s001
94416834,558392,3,ankle,-0.7552,0.0133,0.4504,24.2310,20.9351,-44.1894,,t001,s001
94416850,558408,3,ankle,-0.7449,0.0942,0.3824,45.1660,24.5361,-45.1660,,t001,s001
94416865,558423,3,ankle,-0.7544,0.1039,0.3578,57.8003,11.0474,-60.2417,,t001,s001
94416880,558439,3,ankle,-0.8744,0.0835,0.3427,55.7251,-2.1973,-70.9229,,t001,s001
94416896,558454,3,ankle,-1.0236,0.0566,0.3348,66.7114,-16.7236,-83.1909,,t001,s001
94416912,558470,3,ankle,-1.0513,0.0551,0.3373,110.2905,-12.9395,-70.8618,,t001,s001
94416927,558485,3,ankle,-1.1451,0.0686,0.3828,127.8076,-7.6294,-61.1572,,t001,s001
94416943,558501,3,ankle,-1.2632,0.1929,0.6466,407.5317,24.8413,-29.4800,,t001,s001
94416958,558516,3,ankle,-1.3901,-0.0630,1.3475,657.1655,97.5952,1.4648,,t001,s001
94416973,558532,3,ankle,-1.2914,-0.1458,1.2305,365.1733,279.2358,31.7383,,t001,s001
94416989,558547,3,ankle,-1.1536,0.0402,0.4521,107.7270,317.6880,13.7939,,t001,s001
94417004,558563,3,ankle,-1.1436,0.0935,0.2095,-98.2666,277.9541,-43.1519,,t001,s001
94417020,558578,3,ankle,-1.1385,0.0750,-0.0029,-85.1440,247.2534,-54.0161,,t001,s001
94417036,558594,3,ankle,-1.1143,0.0226,-0.0442,-23.3154,188.3545,-56.5186,,t001,s001
94417051,558610,3,ankle,-1.0757,-0.0414,-0.0360,1.5259,161.4990,-48.2788,,t001,s001
94417067,558625,3,ankle,-1.0710,-0.0410,0.0067,12.0239,114.7461,-22.7051,,t001,s001
94417082,558641,3,ankle,-1.0621,-0.0400,0.0352,-33.8135,70.9229,-4.8828,,t001,s001
94417098,558656,3,ankle,-0.9968,-0.0317,0.1088,-49.7436,51.2695,4.5166,,t001,s001
94417114,558672,3,ankle,-0.9546,-0.0282,0.1422,-53.5278,15.8691,29.5410,,t001,s001
94417129,558688,3,ankle,-0.9543,-0.0311,0.2157,-70.4346,-6.0425,41.4429,,t001,s001
94417145,558703,3,ankle,-0.9218,-0.0209,0.2627,-118.0420,-44.7998,65.1245,,t001,s001
94417161,558719,3,ankle,-0.6372,0.0316,0.3379,-107.9101,-49.6826,81.9702,,t001,s001
94417176,558735,3,ankle,-0.6721,0.0079,0.3235,-73.0591,-51.4526,104.6753,,t001,s001
94417192,558750,3,ankle,-0.6978,0.0076,0.3315,-87.1582,-66.1011,108.5815,,t001,s001
94417207,558766,3,ankle,-0.6276,0.0327,0.3792,-86.7920,-97.1680,116.0278,,t001,s001
94417223,558781,3,ankle,-0.6067,0.0433,0.3958,-47.5464,-116.6382,118.5303,,t001,s001
94417239,558797,3,ankle,-0.5317,0.0745,0.4291,-30.2124,-127.8076,115.3564,,t001,s001
94417254,558812,3,ankle,-0.5189,0.0862,0.4462,-9.3384,-153.0151,96.2524,,t001,s001
94417270,558828,3,ankle,-0.6735,0.0800,0.4481,-6.9580,-162.2314,81.2988,,t001,s001
94417285,558844,3,ankle,-0.8018,0.0677,0.4352,10.1929,-172.7905,56.4575,,t001,s001
94417301,558859,3,ankle,-0.8909,-0.0515,0.4786,-0.7324,-179.8706,38.6353,,t001,s001
94417316,558874,3,ankle,-0.9172,-0.1282,0.5088,-306.8237,-215.2710,-20.1416,,t001,s001
94417332,558890,3,ankle,-0.9689,-0.0745,0.6479,-272.7661,-211.6089,2.5024,,t001,s001
94417348,558906,3,ankle,-0.8854,0.0474,0.7865,-25.3906,-168.7012,70.4346,,t001,s001
94417363,558921,3,ankle,-0.8986,0.1296,0.7439,-25.9399,-113.8916,55.4810,,t001,s001
94417378,558937,3,ankle,-0.9795,0.1403,0.6038,-19.1650,-87.5854,39.9780,,t001,s001
94417394,558952,3,ankle,-0.9095,0.1337,0.5260,25.9399,-44.9219,21.1792,,t001,s001
94417409,558968,3,ankle,-1.0177,0.7526,1.6067,322.2046,-29.2969,30.3345,,t001,s001
94417425,558983,3,ankle,-1.0475,0.7086,2.8643,996.8261,168.8232,59.5703,,t001,s001
94417440,558999,3,ankle,-1.6511,0.0341,1.7573,509.5215,355.5908,32.1045,,t001,s001
94417456,559014,3,ankle,-1.8282,0.0845,0.4128,-527.9541,438.2324,-167.1753,,t001,s001
94417471,559029,3,ankle,-1.8177,-0.0353,-0.4504,-529.7241,368.5913,-243.5303,,t001,s001
94417487,559045,3,ankle,-1.3373,-0.1283,-0.2604,-94.7266,240.2344,-206.1767,,t001,s001
94417502,559061,3,ankle,-1.1049,-0.1101,-0.1827,49.0723,166.2598,-147.3999,,t001,s001
94417518,559076,3,ankle,-0.8749,-0.0408,-0.0925,24.1089,135.8643,-138.9771,,t001,s001
94417534,559092,3,ankle,-0.8634,-0.0273,-0.0171,83.1299,84.0454,-111.3892,,t001,s001
94417549,559108,3,ankle,-0.9053,-0.0704,0.1135,108.3374,65.2466,-93.7500,,t001,s001
94417565,559123,3,ankle,-0.9574,-0.0937,0.1183,15.7471,29.4800,-70.8618,,t001,s001
94417580,559139,3,ankle,-1.0847,-0.0747,0.0906,-22.9492,11.5356,-55.7861,,t001,s001
94417596,559154,3,ankle,-1.0975,-0.0608,0.1251,46.4478,-19.8364,-2.8076,,t001,s001
94417612,559170,3,ankle,-1.0182,-0.0380,0.2450,86.9751,-32.8979,27.0386,,t001,s001
94417627,559185,3,ankle,-0.9741,-0.0011,0.3346,82.0923,-56.7017,70.8008,,t001,s001
94417642,559201,3,ankle,-0.9601,0.0160,0.3514,77.7588,-63.5986,90.0879,,t001,s001
94417658,559216,3,ankle,-0.9248,0.0012,0.3673,55.3589,-80.6885,115.9668,,t001,s001
94417673,559232,3,ankle,-0.8718,0.0171,0.3881,-40.4663,-107.1167,123.3520,,t001,s001
94417689,559247,3,ankle,-0.8444,0.0154,0.4006,-38.9404,-110.3516,131.8970,,t001,s001
94417705,559263,3,ankle,-0.8833,-0.0033,0.3851,-44.0674,-115.2344,143.9209,,t001,s001
94417720,559278,3,ankle,-0.8770,0.0099,0.3781,-45.1660,-121.3989,150.7568,,t001,s001
94417736,559294,3,ankle,-0.7749,0.0413,0.3999,-2.0142,-136.1694,158.2642,,t001,s001
94417751,559310,3,ankle,-0.6511,0.0959,0.4379,10.1318,-143.7378,149.4141,,t001,s001
94417767,559325,3,ankle,-0.6431,0.0728,0.4197,-72.0825,-156.9824,94.6655,,t001,s001
94417782,559341,3,ankle,-0.7957,0.0320,0.3325,-180.2368,-166.3818,59.7534,,t001,s001
94417798,559356,3,ankle,-0.9032,0.0062,0.3539,-115.7226,-170.3491,55.2978,,t001,s001
94417814,559372,3,ankle,-0.9746,-0.0261,0.4624,-146.6064,-186.0962,33.9966,,t001,s001
94417829,559388,3,ankle,-0.9281,-0.0010,0.6710,-211.4868,-179.6875,17.6392,,t001,s001
94417845,559403,3,ankle,-0.8569,0.0201,0.6718,-156.1890,-107.6660,17.2119,,t001,s001
94417860,559419,3,ankle,-0.7429,0.0552,0.5670,-100.5249,-69.5801,20.5078,,t001,s001
94417876,559434,3,ankle,-0.6968,0.0750,0.4758,-30.1514,-21.6675,16.1133,,t001,s001
94417891,559450,3,ankle,-0.6913,0.1207,0.3114,-7.8735,-15.6860,11.3525,,t001,s001
94417907,559465,3,ankle,-0.7852,0.1217,0.2764,-11.9019,-34.7900,-11.7187,,t001,s001
94417923,559481,3,ankle,-1.0178,0.0997,0.2893,-37.9028,-48.9502,-26.0010,,t001,s001
94417938,559496,3,ankle,-1.0245,0.1111,0.3328,-50.7202,-55.0537,-37.2925,,t001,s001
94417954,559512,3,ankle,-0.9698,0.1233,0.3533,25.8179,-47.3633,-34.7290,,t001,s001
94417969,559528,3,ankle,-1.1957,0.8809,1.5736,373.5351,-33.0200,-17.6392,,t001,s001
94417985,559543,3,ankle,-1.4391,0.6409,2.4686,1036.9263,207.7637,-7.6294,,t001,s001
94418000,559559,3,ankle,-1.7975,-0.2615,1.8490,565.7349,363.9526,-43.2739,,t001,s001
94418016,559574,3,ankle,-1.7562,0.0297,0.8198,-406.9214,463.9282,-104.5532,,t001,s001
94418031,559590,3,ankle,-1.5927,0.2108,-0.2338,-439.6362,426.9409,-175.3540,,t001,s001
94418047,559605,3,ankle,-1.5032,0.0055,-0.3041,-183.9599,303.4668,-256.2866,,t001,s001
94418063,559621,3,ankle,-1.3475,-0.1677,-0.1814,-49.8047,255.3711,-236.9995,,t001,s001
94418078,559637,3,ankle,-1.0659,-0.0614,0.0282,129.3335,198.4863,-170.4101,,t001,s001
94418094,559652,3,ankle,-0.9608,-0.0260,0.1383,184.3262,171.8139,-130.4321,,t001,s001
94418109,559668,3,ankle,-0.9596,-0.0642,0.1970,148.9868,160.8887,-120.7275,,t001,s001
94418125,559683,3,ankle,-0.9868,-0.0989,0.1305,33.2031,125.8545,-99.5483,,t001,s001
94418140,559699,3,ankle,-0.9403,-0.1038,0.0107,8.1177,98.6328,-82.2754,,t001,s001
94418156,559714,3,ankle,-0.9254,-0.0935,0.0427,84.2285,39.6118,-25.9399,,t001,s001
94418171,559730,3,ankle,-0.8612,-0.0642,0.1379,125.2441,15.6250,5.6152,,t001,s001
94418187,559745,3,ankle,-0.9075,-0.0779,0.1621,71.9604,-45.8374,42.1753,,t001,s001
94418202,559761,3,ankle,-0.9481,-0.0969,0.2375,-28.9917,-85.7544,47.6685,,t001,s001
94418218,559776,3,ankle,-0.7770,-0.0601,0.3486,-116.0278,-146.3623,84.0454,,t001,s001
94418234,559792,3,ankle,-0.7294,-0.0513,0.3907,-97.4731,-176.1474,132.7515,,t001,s001
94418250,559808,3,ankle,-0.7184,-0.0244,0.4371,-90.5762,-182.8003,153.7476,,t001,s001
94418265,559824,3,ankle,-0.7504,-0.0208,0.4370,-53.3447,-186.9507,186.7065,,t001,s001
94418281,559839,3,ankle,-0.8499,-0.0146,0.4332,-49.8657,-193.9087,194.1528,,t001,s001
94418297,559855,3,ankle,-0.9504,-0.0305,0.4465,-79.2236,-211.2427,197.3266,,t001,s001
94418312,559871,3,ankle,-1.0979,-0.0388,0.5969,-137.8784,-216.7358,197.6318,,t001,s001
94418328,559886,3,ankle,-1.1420,-0.0005,0.6798,-193.4814,-197.3877,190.9790,,t001,s001
94418343,559902,3,ankle,-1.0248,0.1058,0.7411,-139.1602,-173.2178,191.7724,,t001,s001
94418359,559917,3,ankle,-0.8488,0.0447,0.6581,62.7441,-109.9853,188.4765,,t001,s001
94418374,559933,3,ankle,-0.7451,0.0638,0.6044,49.6826,-64.2700,160.5225,,t001,s001
94418390,559948,3,ankle,-0.6997,0.1251,0.4288,11.6577,-48.7671,133.1177,,t001,s001
94418405,559964,3,ankle,-0.7035,0.1117,0.3435,-49.9268,-41.3208,76.9653,,t001,s001
94418421,559979,3,ankle,-0.6663,0.0604,0.2655,-175.5981,-58.9600,39.5508,,t001,s001
94418436,559995,3,ankle,-0.5586,0.1379,0.3019,-291.8091,-86.5478,-3.4180,,t001,s001
94418452,560010,3,ankle,-0.4698,0.1809,0.3378,-164.1846,-80.8716,1.7700,,t001,s001
94418467,560026,3,ankle,-0.6615,0.1454,0.3087,-80.8105,-94.6045,-15.3198,,t001,s001
94418483,560041,3,ankle,-1.1395,0.0930,0.2892,-127.2583,-109.1309,-34.7290,,t001,s001
94418499,560057,3,ankle,-1.1749,0.1083,0.3423,-133.9111,-105.7739,-48.6450,,t001,s001
94418514,560073,3,ankle,-1.0560,0.1273,0.3711,-59.6924,-71.8384,-47.4243,,t001,s001
94418530,560088,3,ankle,-1.1378,0.5186,0.9440,62.6831,-69.5190,-45.8374,,t001,s001
94418545,560104,3,ankle,-1.2760,0.7742,2.3312,1303.3446,86.1816,39.6118,,t001,s001
94418561,560119,3,ankle,-2.0453,-0.9409,2.4675,1076.9653,335.0219,46.7529,,t001,s001
94418576,560135,3,ankle,-2.0554,-0.6459,0.9608,-734.0698,468.6279,-81.9092,,t001,s001
94418592,560150,3,ankle,-1.8793,0.0244,-0.5186,-855.7128,417.1142,-183.4106,,t001,s001
94418608,560166,3,ankle,-1.7941,-0.0114,-0.4352,-157.5928,335.0830,-201.2329,,t001,s001
94418623,560182,3,ankle,-1.2419,-0.1406,-0.1486,79.5288,314.7583,-149.8413,,t001,s001
94418639,560197,3,ankle,-0.8147,-0.0648,-0.1096,26.7334,262.1460,-115.6006,,t001,s001
94418654,560213,3,ankle,-0.8123,-0.0602,-0.1365,14.7095,202.4536,-109.9243,,t001,s001
94418670,560228,3,ankle,-0.8223,-0.0981,-0.1285,31.7993,159.3018,-97.9614,,t001,s001
94418686,560244,3,ankle,-0.7618,-0.0879,-0.0826,38.3301,74.1577,-72.8149,,t001,s001
94418701,560260,3,ankle,-0.6056,-0.0726,0.0076,48.8281,40.4663,-62.6221,,t001,s001
94418717,560275,3,ankle,-0.5779,-0.0712,0.0443,67.8101,-23.1323,-44.0063,,t001,s001
94418732,560291,3,ankle,-0.6848,-0.0800,0.1143,74.0967,-53.2837,-35.4004,,t001,s001
94418748,560306,3,ankle,-0.7333,-0.0811,0.1520,71.3501,-106.6894,-20.4468,,t001,s001
94418764,560322,3,ankle,-0.7896,-0.0754,0.2286,61.8286,-132.6294,-15.5029,,t001,s001
94418779,560338,3,ankle,-0.9023,-0.0714,0.2971,37.9639,-180.7861,-8.6670,,t001,s001
94418795,560353,3,ankle,-0.8750,-0.0618,0.3292,33.5693,-216.1255,2.7466,,t001,s001
94418810,560369,3,ankle,-0.6693,-0.0331,0.4094,10.0098,-235.8398,1.5869,,t001,s001
94418826,560384,3,ankle,-0.7734,-0.0420,0.4280,-121.6431,-270.4468,-13.8550,,t001,s001
94418842,560400,3,ankle,-1.3694,0.6433,1.2561,-16.9678,-291.5649,15.5640,,t001,s001
94418857,560416,3,ankle,-1.4343,0.9287,2.1665,326.8432,-233.0932,29.6020,,t001,s001
94418873,560431,3,ankle,-1.1548,0.9536,2.4281,218.8721,-73.0591,-49.0112,,t001,s001
94418888,560447,3,ankle,-1.0325,0.5634,1.6987,21.7895,238.1592,-247.3144,,t001,s001
94418904,560462,3,ankle,-0.9199,-0.9780,0.2277,109.6191,302.1851,-260.4370,,t001,s001
94418920,560478,3,ankle,-0.8737,-1.0234,-0.3047,233.8867,233.4595,-98.8159,,t001,s001
94418935,560494,3,ankle,-0.7747,-0.3452,-0.1743,127.8076,68.9087,45.1660,,t001,s001
94418950,560509,3,ankle,-0.6539,0.5347,0.4508,69.8242,20.2637,37.4146,,t001,s001
94418966,560524,3,ankle,-0.6758,0.4644,0.6561,33.8745,11.7798,-40.1001,,t001,s001
94418981,560540,3,ankle,-0.7312,-0.0347,0.7076,44.5557,26.0010,-60.1807,,t001,s001
94418997,560555,3,ankle,-0.7416,-0.2037,0.6017,67.6270,39.2456,-47.3022,,t001,s001
94419012,560571,3,ankle,-0.7474,-0.1962,0.5029,67.4438,30.1514,-28.7476,,t001,s001
94419028,560586,3,ankle,-0.7588,-0.0756,0.5724,59.7534,8.1177,-0.3052,,t001,s001
94419043,560602,3,ankle,-0.7694,0.0795,0.6776,61.5234,6.9580,5.3101,,t001,s001
94419058,560617,3,ankle,-0.7654,0.0814,0.6700,70.4956,11.1694,10.7422,,t001,s001
94419074,560632,3,ankle,-0.7521,0.0262,0.7120,76.3550,8.7891,13.5498,,t001,s001
94419089,560648,3,ankle,-0.7467,-0.0314,0.8451,94.5434,5.0049,19.3481,,t001,s001
94419105,560663,3,ankle,-0.7373,-0.0288,0.8706,108.6426,10.4980,22.7661,,t001,s001
94419120,560679,3,ankle,-0.7207,0.0073,0.7943,132.8125,29.8462,23.8037,,t001,s001
94419135,560694,3,ankle,-0.7137,0.0186,0.7660,141.9067,37.7808,14.7705,,t001,s001
94419150,560709,3,ankle,-0.7123,-0.0391,0.7843,144.6533,39.7949,8.3008,,t001,s001
94419166,560724,3,ankle,-0.7096,-0.0656,0.7925,154.9683,48.8892,0.1221,,t001,s001
94419181,560740,3,ankle,-0.6919,-0.0916,0.7114,156.4331,54.5654,-3.2349,,t001,s001
94419197,560755,3,ankle,-0.6736,-0.0973,0.6553,136.7798,57.6782,-13.1226,,t001,s001
94419212,560771,3,ankle,-0.6628,-0.1477,0.6659,115.7226,54.8096,-19.8364,,t001,s001
94419228,560786,3,ankle,-0.7015,-0.1520,0.7294,87.7075,55.0537,-24.5361,,t001,s001
94419244,560802,3,ankle,-0.8014,-0.1591,0.6116,87.6465,62.7441,-23.0713,,t001,s001
94419259,560818,3,ankle,-0.8217,-0.2260,0.4734,67.7490,57.6782,-15.5029,,t001,s001
94419275,560833,3,ankle,-0.8010,-0.3118,0.4784,46.2036,38.2080,-0.6714,,t001,s001
94419290,560848,3,ankle,-0.7573,-0.1458,0.6486,18.0664,8.8501,36.9873,,t001,s001
94419305,560864,3,ankle,-0.7323,-0.1290,0.6143,-4.7607,8.4229,49.4995,,t001,s001
94419321,560880,3,ankle,-0.7124,-0.1904,0.3966,-26.7944,3.0518,52.4902,,t001,s001
94419337,560895,3,ankle,-0.7164,-0.2012,0.3423,-85.8154,-32.7759,66.6504,,t001,s001
94419352,560911,3,ankle,-0.6847,-0.1132,0.4425,-111.8164,-54.5044,75.8057,,t001,s001
94419368,560926,3,ankle,-0.6631,-0.0618,0.5612,-141.6016,-80.2002,86.1206,,t001,s001
94419384,560942,3,ankle,-0.6481,-0.0542,0.7338,-144.5312,-77.2705,86.3647,,t001,s001
94419399,560958,3,ankle,-0.6436,-0.1278,0.7404,-141.8457,-56.7627,85.4492,,t001,s001
94419415,560973,3,ankle,-0.6206,-0.1882,0.7313,-132.9346,-50.1709,92.7734,,t001,s001
94419431,560989,3,ankle,-0.5597,-0.0366,0.7571,-103.8208,-40.4053,105.7129,,t001,s001
94419446,561005,3,ankle,-0.5455,-0.0743,0.7731,-85.9375,-27.6489,88.3179,,t001,s001
94419462,561020,3,ankle,-0.5809,-0.2700,0.8624,-77.3926,-22.5220,83.4961,,t001,s001
94419477,561036,3,ankle,-0.5891,-0.2775,0.9336,-45.5322,-7.6294,89.5996,,t001,s001
94419493,561051,3,ankle,-0.5642,-0.2888,0.9592,-26.1841,4.2114,88.3789,,t001,s001
94419508,561067,3,ankle,-0.5579,-0.3359,0.9226,8.7891,20.2637,82.7637,,t001,s001
94419524,561083,3,ankle,-0.5527,-0.3252,0.8840,23.8647,22.7051,82.2143,,t001,s001
94419539,561098,3,ankle,-0.5294,-0.2565,0.8721,46.3867,30.3955,67.6880,,t001,s001
94419555,561113,3,ankle,-0.5037,-0.2117,0.8043,52.1240,36.0107,49.6826,,t001,s001
94419570,561129,3,ankle,-0.5541,-0.3693,0.8253,57.8003,40.7104,15.6860,,t001,s001
94419585,561144,3,ankle,-0.5742,-0.4110,0.8535,64.3311,45.1050,10.8032,,t001,s001
94419601,561159,3,ankle,-0.6257,-0.4231,0.7035,82.3975,64.6973,12.0850,,t001,s001
94419616,561175,3,ankle,-0.6246,-0.4637,0.6226,80.3223,61.1572,17.0288,,t001,s001
94419632,561190,3,ankle,-0.6101,-0.3998,0.5590,73.9136,51.6357,22.2778,,t001,s001
94419647,561206,3,ankle,-0.5875,-0.3510,0.5515,53.3447,29.8462,22.1558,,t001,s001
94419662,561221,3,ankle,-0.5543,-0.3333,0.6605,40.5884,18.5547,17.2119,,t001,s001
94419678,561236,3,ankle,-0.5590,-0.3464,0.7572,24.4141,9.8877,6.8359,,t001,s001
94419693,561252,3,ankle,-0.5670,-0.3610,0.7606,24.2920,15.0757,3.3569,,t001,s001
94419709,561267,3,ankle,-0.5574,-0.3658,0.6617,17.2119,15.9302,-1.8921,,t001,s001
94419724,561283,3,ankle,-0.5564,-0.4152,0.6477,5.5542,4.2114,-3.6621,,t001,s001
94419740,561298,3,ankle,-0.5684,-0.4196,0.7516,-9.4604,-12.9395,-2.8687,,t001,s001
94419755,561314,3,ankle,-0.5720,-0.4056,0.8501,-7.6294,-10.0098,-2.3193,,t001,s001
94419771,561329,3,ankle,-0.5576,-0.4030,0.7612,-0.3662,1.3428,-0.6714,,t001,s001
94419786,561345,3,ankle,-0.5413,-0.3555,0.7291,-1.6479,1.2817,1.0376,,t001,s001
94419802,561360,3,ankle,-0.5215,-0.2681,0.6782,-5.4932,0.0610,-3.5400,,t001,s001
94419818,561376,3,ankle,-0.5356,-0.2987,0.6508,-23.2544,-3.6011,-18.7988,,t001,s001
94419833,561392,3,ankle,-0.5347,-0.3436,0.6449,-33.6914,-4.8828,-22.6440,,t001,s001
94419849,561407,3,ankle,-0.5326,-0.3180,0.6259,-45.9595,-6.5918,-24.1089,,t001,s001
94419865,561423,3,ankle,-0.5410,-0.3231,0.6042,-52.4292,-10.8643,-26.2451,,t001,s001
94419880,561439,3,ankle,-0.5409,-0.3311,0.6296,-67.1997,-26.4282,-32.1655,,t001,s001
94419896,561454,3,ankle,-0.5724,-0.3755,0.7920,-70.4346,-31.5552,-33.3252,,t001,s001
94419912,561470,3,ankle,-0.5858,-0.3977,0.9141,-54.1382,-19.8975,-25.8789,,t001,s001
94419927,561486,3,ankle,-0.5824,-0.3914,0.8857,-16.6626,1.4648,-12.8784,,t001,s001
94419943,561501,3,ankle,-0.5892,-0.3710,0.8015,-1.2207,6.7749,-8.2397,,t001,s001
94419959,561517,3,ankle,-0.6027,-0.3906,0.7981,20.9351,11.5967,-1.0376,,t001,s001
94419974,561533,3,ankle,-0.6022,-0.4015,0.7823,35.1563,13.5498,5.2490,,t001,s001
94419989,561548,3,ankle,-0.5894,-0.3893,0.7794,65.4907,11.7187,16.5405,,t001,s001
94420005,561563,3,ankle,-0.6001,-0.3842,0.8978,83.0688,10.4980,19.2261,,t001,s001
94420020,561579,3,ankle,-0.6226,-0.4061,0.9567,131.8359,25.4517,24.7803,,t001,s001
94420036,561594,3,ankle,-0.6237,-0.3542,0.7936,154.6631,41.6260,30.2734,,t001,s001
94420051,561610,3,ankle,-0.6593,-0.4526,0.4624,156.4941,57.0068,35.5225,,t001,s001
94420067,561625,3,ankle,-0.6736,-0.5172,0.3398,109.4360,34.8511,52.9785,,t001,s001
94420082,561641,3,ankle,-0.6573,-0.5452,0.0181,80.4443,13.1836,65.4907,,t001,s001
94420098,561656,3,ankle,-0.5430,-0.5114,-0.1151,-35.4614,-55.7251,85.4492,,t001,s001
94420113,561672,3,ankle,-0.3762,-0.0380,0.1797,-112.3047,-97.7173,80.8716,,t001,s001
94420129,561687,3,ankle,-0.3875,0.0667,0.4774,-215.7593,-140.0757,18.5547,,t001,s001
94420144,561703,3,ankle,-0.4570,-0.0640,0.8663,-232.8491,-136.2915,-15.9302,,t001,s001
94420160,561719,3,ankle,-0.4888,-0.2178,1.0083,-223.0835,-110.9619,-60.8520,,t001,s001
94420176,561734,3,ankle,-0.5160,-0.4993,1.3706,-199.4018,-92.1631,-67.2607,,t001,s001
94420192,561750,3,ankle,-0.5377,-0.4243,1.4413,-103.3935,-28.1372,-58.4106,,t001,s001
94420207,561766,3,ankle,-0.5708,-0.3245,1.3037,13.1226,41.3818,-65.5518,,t001,s001
94420222,561781,3,ankle,-0.6747,-0.3843,1.0302,59.2041,56.8848,-72.5098,,t001,s001
94420238,561797,3,ankle,-0.7334,-0.4880,0.9792,126.9531,59.3262,-59.0210,,t001,s001
94420254,561812,3,ankle,-0.7592,-0.5331,0.9603,159.6069,57.2510,-36.4990,,t001,s001
94420269,561828,3,ankle,-0.7388,-0.4089,0.8840,212.2803,62.4390,9.4604,,t001,s001
94420284,561843,3,ankle,-0.6553,-0.1738,0.5999,220.0317,61.9507,17.5171,,t001,s001
94420300,561859,3,ankle,-0.6335,-0.2007,0.4960,185.1196,44.3115,9.5215,,t001,s001
94420315,561874,3,ankle,-0.6272,-0.3392,0.3759,153.5645,33.2642,6.8970,,t001,s001
94420331,561889,3,ankle,-0.6294,-0.3668,0.2955,79.2236,12.6953,11.3525,,t001,s001
94420346,561905,3,ankle,-0.6046,-0.4248,0.1539,33.1421,-3.3569,13.7329,,t001,s001
94420362,561920,3,ankle,-0.5605,-0.4402,0.2887,-65.3076,-47.0581,19.3481,,t001,s001
94420378,561936,3,ankle,-0.5314,-0.4004,0.4188,-136.5967,-73.5474,20.6909,,t001,s001
94420393,561952,3,ankle,-0.4962,-0.4281,0.7562,-153.3203,-80.1392,15.6250,,t001,s001
94420409,561967,3,ankle,-0.4900,-0.4971,0.9803,-124.9390,-79.7729,5.8594,,t001,s001
94420424,561983,3,ankle,-0.5125,-0.5762,1.3540,-72.9980,-65.0635,4.3945,,t001,s001
94420440,561999,3,ankle,-0.5524,-0.5958,1.4158,69.9463,-3.0518,3.6621,,t001,s001
94420455,562014,3,ankle,-0.6361,-0.5812,1.2128,135.7422,36.9873,7.8735,,t001,s001
94420471,562029,3,ankle,-0.6575,-0.4894,0.9169,213.6230,103.6987,25.6958,,t001,s001
94420486,562045,3,ankle,-0.6403,-0.2783,0.1821,210.3271,112.2436,27.1606,,t001,s001
94420502,562060,3,ankle,-0.5754,-0.3856,-0.1758,118.0420,60.1807,9.1553,,t001,s001
94420518,562076,3,ankle,-0.5544,-0.4423,-0.1617,-31.9214,-31.6772,1.7090,,t001,s001
94420533,562092,3,ankle,-0.5396,-0.2617,0.0663,-102.1728,-69.9463,1.1597,,t001,s001
94420549,562108,3,ankle,-0.5403,-0.1322,0.2825,-205.4443,-117.2485,-22.6440,,t001,s001
94420565,562123,3,ankle,-0.6064,-0.3304,0.9192,-229.3091,-126.4648,-43.0908,,t001,s001
94420580,562139,3,ankle,-0.6763,-0.6432,1.3231,-164.2456,-109.6802,-48.3398,,t001,s001
94420596,562154,3,ankle,-0.7396,-0.9978,1.8365,-65.9790,-72.2656,-21.7285,,t001,s001
94420611,562170,3,ankle,-0.7269,-0.8239,1.7169,158.8135,49.8047,48.2178,,t001,s001
94420627,562186,3,ankle,-0.6771,-0.3237,0.8373,225.8301,100.9521,64.6362,,t001,s001
94420642,562201,3,ankle,-0.6189,-0.2145,0.0955,228.9429,121.2158,54.5044,,t001,s001
94420658,562217,3,ankle,-0.5928,-0.2570,-0.0922,128.2349,60.1196,27.7710,,t001,s001
94420673,562232,3,ankle,-0.5806,-0.3982,-0.2173,60.4248,18.7988,18.6157,,t001,s001
94420689,562248,3,ankle,-0.5980,-0.4288,-0.1838,-78.6133,-64.0869,15.2588,,t001,s001
94420705,562263,3,ankle,-0.6111,-0.3423,0.0768,-140.2588,-100.9521,16.7236,,t001,s001
94420720,562279,3,ankle,-0.6246,-0.2725,0.2806,-228.8818,-149.5361,10.4980,,t001,s001
94420736,562294,3,ankle,-0.6505,-0.2546,0.7535,-244.2627,-157.3486,3.2959,,t001,s001
94420752,562310,3,ankle,-0.6649,-0.3346,0.9960,-224.6704,-137.5122,-7.2632,,t001,s001
94420767,562326,3,ankle,-0.6874,-0.6218,1.4218,-183.9599,-111.8164,-3.2959,,t001,s001
94420783,562342,3,ankle,-0.7216,-0.7878,1.4850,-45.5933,-28.1372,30.0293,,t001,s001
94420799,562357,3,ankle,-0.7283,-0.7290,1.3291,90.3931,63.2324,80.6274,,t001,s001
94420814,562373,3,ankle,-0.7014,-0.4459,0.8521,131.2256,93.6279,99.1211,,t001,s001
94420829,562388,3,ankle,-0.6675,-0.3149,0.6299,152.0996,111.0229,101.3184,,t001,s001
94420845,562404,3,ankle,-0.6034,-0.2468,0.3293,139.4043,101.7456,86.7309,,t001,s001
94420860,562419,3,ankle,-0.5675,-0.3420,0.2418,89.5386,63.0493,56.9458,,t001,s001
94420876,562434,3,ankle,-0.5244,-0.5178,0.1472,57.2510,39.3677,50.6592,,t001,s001
94420891,562450,3,ankle,-0.5028,-0.5039,0.1173,-19.3481,-8.3008,45.6543,,t001,s001
94420907,562465,3,ankle,-0.5052,-0.4298,0.1511,-60.1196,-34.1187,39.3066,,t001,s001
94420922,562481,3,ankle,-0.4852,-0.4117,0.2291,-132.0190,-81.0547,20.3247,,t001,s001
94420938,562496,3,ankle,-0.4838,-0.3417,0.4934,-159.1797,-97.5342,8.7280,,t001,s001
94420954,562512,3,ankle,-0.5095,-0.3481,0.8127,-191.5283,-103.6987,-17.2729,,t001,s001
94420969,562528,3,ankle,-0.5359,-0.4121,0.9506,-191.4062,-74.9512,-34.9121,,t001,s001
94420985,562544,3,ankle,-0.6080,-0.5986,1.2174,-169.0063,-54.3823,-34.0576,,t001,s001
94421001,562559,3,ankle,-0.6626,-0.6986,1.3187,-57.9224,-4.0894,-10.8643,,t001,s001
94421016,562575,3,ankle,-0.6956,-0.7620,1.2921,13.2446,27.7100,9.2773,,t001,s001
94421032,562591,3,ankle,-0.6849,-0.6669,1.1971,118.4692,87.5854,53.3447,,t001,s001
94421048,562606,3,ankle,-0.6469,-0.3553,0.9492,147.0337,111.9995,66.8335,,t001,s001
94421063,562622,3,ankle,-0.6233,-0.2551,0.4590,169.3115,145.0195,61.8286,,t001,s001
94421078,562637,3,ankle,-0.5887,-0.3386,0.1683,132.3853,124.5727,41.1377,,t001,s001
94421094,562653,3,ankle,-0.4760,-0.4615,-0.2982,87.5854,88.7451,37.0483,,t001,s001
94421110,562668,3,ankle,-0.4421,-0.4226,-0.3959,-48.7061,-23.2544,31.1279,,t001,s001
94421125,562684,3,ankle,-0.4437,-0.2257,-0.1274,-120.2393,-86.0596,23.3154,,t001,s001
94421141,562700,3,ankle,-0.4905,-0.1842,0.2131,-223.8769,-174.0112,-11.4746,,t001,s001
94421157,562715,3,ankle,-0.5895,-0.3339,0.9478,-244.8730,-187.1338,-27.4048,,t001,s001
94421172,562731,3,ankle,-0.6166,-0.4645,1.2782,-214.3555,-153.5034,-31.7383,,t001,s001
94421188,562746,3,ankle,-0.6466,-0.7227,1.8163,-163.1470,-110.1074,-19.8975,,t001,s001
94421204,562762,3,ankle,-0.6761,-0.7035,1.7831,-5.7983,22.6440,23.7427,,t001,s001
94421219,562778,3,ankle,-0.6901,-0.5496,1.4517,140.8081,153.0151,64.8804,,t001,s001
94421235,562793,3,ankle,-0.6405,-0.2328,0.6707,175.3540,183.5937,72.5708,,t001,s001
94421250,562809,3,ankle,-0.5894,-0.1379,0.3763,163.8183,177.9175,53.9551,,t001,s001
94421265,562824,3,ankle,-0.4865,-0.2003,-0.1857,134.6436,152.8320,33.6914,,t001,s001
94421281,562840,3,ankle,-0.4335,-0.3184,-0.4651,19.6533,49.9268,3.4180,,t001,s001
94421297,562855,3,ankle,-0.4133,-0.3824,-0.4952,-70.7397,-33.1421,-1.1597,,t001,s001
94421313,562871,3,ankle,-0.4718,-0.2749,-0.0886,-231.6284,-195.4956,-9.1553,,t001,s001
94421328,562887,3,ankle,-0.6298,-0.2156,1.0593,-265.3198,-235.2905,-21.3013,,t001,s001
94421344,562902,3,ankle,-0.6851,-0.6079,2.0691,-219.2993,-206.2378,-33.6304,,t001,s001
94421360,562918,3,ankle,-0.6689,-0.6799,2.3037,-40.8325,-43.8843,2.4414,,t001,s001
94421375,562934,3,ankle,-0.6560,-0.3944,1.7677,61.8896,59.0820,21.4233,,t001,s001
94421390,562949,3,ankle,-0.6531,-0.2651,1.1819,185.1196,186.1572,31.2500,,t001,s001
94421406,562965,3,ankle,-0.5841,-0.2498,0.3215,189.9414,190.5517,27.7100,,t001,s001
94421421,562980,3,ankle,-0.5488,-0.2533,0.0695,136.6577,135.0098,13.9770,,t001,s001
94421437,562996,3,ankle,-0.4421,-0.3364,-0.3204,93.8110,86.8530,5.7983,,t001,s001
94421453,563011,3,ankle,-0.4055,-0.4010,-0.3307,-41.8701,-46.6309,-6.7749,,t001,s001
94421469,563027,3,ankle,-0.4598,-0.3618,0.2654,-111.3892,-112.3657,-10.8032,,t001,s001
94421484,563043,3,ankle,-0.5544,-0.3540,1.1287,-173.8281,-170.2270,-22.7661,,t001,s001
94421500,563059,3,ankle,-0.5734,-0.4456,1.4286,-121.4600,-114.1968,-27.5879,,t001,s001
94421516,563074,3,ankle,-0.5765,-0.5386,1.5316,-70.3125,-59.0210,-20.8130,,t001,s001
94421532,563090,3,ankle,-0.5826,-0.5059,1.3600,31.1279,44.5557,-1.5869,,t001,s001
94421547,563106,3,ankle,-0.5844,-0.4049,0.8783,63.9038,75.6836,5.9204,,t001,s001
94421563,563121,3,ankle,-0.5735,-0.3633,0.6991,83.9844,90.5151,13.3057,,t001,s001
94421578,563137,3,ankle,-0.5470,-0.3464,0.5719,79.8950,82.3975,12.7563,,t001,s001
94421593,563152,3,ankle,-0.5298,-0.4244,0.5890,66.2231,62.5610,8.6670,,t001,s001
94421609,563167,3,ankle,-0.5170,-0.4614,0.5681,59.3872,56.0913,9.4604,,t001,s001
94421624,563183,3,ankle,-0.4733,-0.4520,0.4473,39.3066,41.1987,16.3574,,t001,s001
94421640,563199,3,ankle,-0.4613,-0.4567,0.4314,0.7324,9.1553,15.3809,,t001,s001
94421655,563214,3,ankle,-0.4453,-0.4943,0.5610,-18.5547,-7.0801,14.0381,,t001,s001
94421671,563230,3,ankle,-0.4446,-0.4885,0.6350,-40.6494,-24.5972,12.2681,,t001,s001
94421687,563245,3,ankle,-0.4535,-0.5157,0.7739,-45.0439,-27.8931,10.1318,,t001,s001
94421702,563261,3,ankle,-0.4590,-0.5449,0.8513,-40.4663,-21.4233,10.6201,,t001,s001
94421718,563276,3,ankle,-0.4550,-0.5151,0.8849,-29.9683,-11.0474,13.4277,,t001,s001
94421734,563292,3,ankle,-0.4498,-0.4850,0.8396,-9.9487,6.9580,13.3667,,t001,s001
94421749,563308,3,ankle,-0.4424,-0.4791,0.7584,-4.9438,10.3760,10.5591,,t001,s001
94421765,563323,3,ankle,-0.4432,-0.4893,0.7305,-3.5400,9.2773,5.1880,,t001,s001
94421780,563339,3,ankle,-0.4524,-0.5012,0.7454,-7.7515,3.9062,1.4648,,t001,s001
94421796,563354,3,ankle,-0.4542,-0.5081,0.7905,-7.8735,2.8687,1.5259,,t001,s001
94421811,563370,3,ankle,-0.4506,-0.4807,0.7957,-4.3945,3.7231,1.4648,,t001,s001
94421827,563385,3,ankle,-0.4445,-0.4382,0.7872,-3.0518,3.7842,-0.9766,,t001,s001
94421843,563401,3,ankle,-0.4436,-0.4376,0.7894,-2.6855,1.9531,-7.3242,,t001,s001
