timestamp_pc_ms,timestamp_arduino_ms,sensor_id,placement,phase,ax,ay,az,gx,gy,gz,trial_id,subject_id
2527329206,468677,3,tobillo,terminal,0.0590,0.9655,-0.2357,-3.0518,4.0283,6.6528,t001,AHC
2527329218,468692,3,tobillo,terminal,0.0471,0.9697,-0.2316,-2.4414,3.6011,7.5073,t001,AHC
2527329252,468708,3,tobillo,terminal,0.0428,0.9655,-0.2358,-0.6714,1.4648,6.8359,t001,AHC
2527329252,468724,3,tobillo,terminal,0.0420,0.9442,-0.2408,0.1221,0.2441,6.1035,t001,AHC
2527329291,468740,3,tobillo,terminal,0.0344,0.9392,-0.2452,0.7935,-0.1831,4.6387,t001,AHC
2527329292,468756,3,tobillo,terminal,0.0414,0.9381,-0.2428,1.1597,0.1221,3.9673,t001,AHC
2527329293,468772,3,tobillo,terminal,0.0437,0.9380,-0.2340,1.5869,-0.9155,2.4414,t001,AHC
2527329335,468788,3,tobillo,terminal,0.0358,0.9594,-0.2152,1.1597,-1.5259,1.7090,t001,AHC
2527329335,468804,3,tobillo,terminal,0.0421,0.9598,-0.2046,0.2441,-0.4272,1.4648,t001,AHC
2527329373,468819,3,tobillo,terminal,0.0564,0.9543,-0.2029,0.7324,0.5493,1.1597,t001,AHC
2527329375,468835,3,tobillo,terminal,0.0486,0.9580,-0.2385,1.1597,-0.5493,0.1831,t001,AHC
2527329375,468851,3,tobillo,terminal,0.0314,0.9689,-0.2622,1.9531,-2.5024,-2.1362,t001,AHC
2527329417,468867,3,tobillo,terminal,-0.0691,0.9995,-0.2817,2.6245,-2.5635,-3.7842,t001,AHC
2527329418,468883,3,tobillo,terminal,0.0231,1.0072,-0.2466,4.4556,1.0376,-6.7139,t001,AHC
2527329418,468899,3,tobillo,terminal,0.0746,0.9854,-0.2379,7.0190,0.4883,-6.5308,t001,AHC
2527329458,468914,3,tobillo,terminal,0.0671,0.9440,-0.2294,7.6904,-1.7090,-5.7983,t001,AHC
2527329458,468931,3,tobillo,terminal,0.0775,0.9424,-0.2163,7.9346,-4.4556,-3.7231,t001,AHC
2527329499,468947,3,tobillo,terminal,0.0903,0.9425,-0.2074,7.9346,-5.0049,-2.3804,t001,AHC
2527329500,468963,3,tobillo,terminal,0.0753,0.9453,-0.2114,7.5073,-5.7983,-0.2441,t001,AHC
2527329500,468979,3,tobillo,terminal,0.0482,0.9495,-0.2021,7.2632,-6.0425,0.3662,t001,AHC
2527329540,468995,3,tobillo,terminal,0.0360,0.9563,-0.2122,6.7749,-4.6387,0.4883,t001,AHC
2527329541,469011,3,tobillo,terminal,0.0312,0.9655,-0.2246,6.8970,-2.5024,-0.0610,t001,AHC
2527329582,469027,3,tobillo,terminal,0.0465,0.9668,-0.2263,7.5073,-1.9531,-0.1831,t001,AHC
2527329582,469042,3,tobillo,terminal,0.0587,0.9589,-0.2175,9.3384,-2.4414,-0.3662,t001,AHC
2527329582,469058,3,tobillo,terminal,0.0446,0.9495,-0.2142,9.9487,-2.8076,-0.7324,t001,AHC
2527329623,469074,3,tobillo,terminal,0.0565,0.9545,-0.1982,10.4370,-2.7466,-1.4648,t001,AHC
2527329623,469091,3,tobillo,terminal,0.0702,0.9490,-0.1896,10.8643,-2.0142,-0.7935,t001,AHC
2527329658,469107,3,tobillo,terminal,0.0918,0.9336,-0.1772,10.9253,-1.5259,0.0000,t001,AHC
2527329665,469123,3,tobillo,terminal,0.0798,0.9407,-0.1914,10.6201,-0.6714,1.2207,t001,AHC
2527329666,469138,3,tobillo,terminal,0.0648,0.9690,-0.2053,10.8643,-0.6104,1.5869,t001,AHC
2527329704,469154,3,tobillo,terminal,0.0521,0.9723,-0.2017,12.3901,-1.8921,2.0142,t001,AHC
2527329706,469170,3,tobillo,terminal,-0.0092,0.9877,-0.2052,12.5732,-0.1831,0.1221,t001,AHC
2527329707,469186,3,tobillo,terminal,-0.0532,1.0248,-0.1970,12.4512,1.7090,-1.0376,t001,AHC
2527329749,469202,3,tobillo,terminal,-0.0005,1.0260,-0.1792,12.7563,1.4648,-2.1973,t001,AHC
2527329750,469218,3,tobillo,terminal,0.0688,1.0105,-0.1597,12.8174,-0.8545,-2.2583,t001,AHC
2527329787,469234,3,tobillo,terminal,0.0656,1.0028,-0.1510,12.6953,-4.5776,-2.3804,t001,AHC
2527329789,469250,3,tobillo,terminal,0.0271,0.9841,-0.1381,12.0239,-5.5542,-2.8687,t001,AHC
2527329789,469266,3,tobillo,terminal,0.0366,0.9900,-0.1604,9.9487,-7.3242,-4.8828,t001,AHC
2527329831,469281,3,tobillo,terminal,0.0588,0.9908,-0.1783,9.1553,-12.7563,-5.8594,t001,AHC
2527329832,469297,3,tobillo,terminal,0.0984,0.9911,-0.1931,9.5825,-16.9067,-5.6763,t001,AHC
2527329832,469313,3,tobillo,terminal,0.1023,0.9867,-0.1772,11.8408,-22.6440,-3.9062,t001,AHC
2527329870,469329,3,tobillo,terminal,0.0835,0.9578,-0.1326,12.9395,-22.0337,-2.6855,t001,AHC
2527329871,469346,3,tobillo,terminal,0.0563,0.9553,-0.1094,12.2681,-17.8833,-1.7090,t001,AHC
2527329913,469362,3,tobillo,terminal,0.0647,0.9700,-0.1099,10.3760,-15.9912,-2.6245,t001,AHC
2527329914,469378,3,tobillo,terminal,0.0751,0.9659,-0.1202,10.1318,-16.2964,-3.0518,t001,AHC
2527329915,469394,3,tobillo,terminal,0.0736,0.9518,-0.1266,9.8877,-16.5405,-3.6011,t001,AHC
2527329954,469410,3,tobillo,terminal,0.0741,0.9401,-0.1354,9.5215,-16.2964,-3.9062,t001,AHC
2527329955,469426,3,tobillo,terminal,0.0847,0.9421,-0.1400,9.0942,-16.4795,-4.5776,t001,AHC
2527329997,469442,3,tobillo,terminal,0.0691,0.9386,-0.1493,8.2397,-16.2354,-5.4321,t001,AHC
2527329997,469458,3,tobillo,terminal,0.0638,0.9393,-0.1647,7.3242,-15.3198,-5.5542,t001,AHC
2527329998,469474,3,tobillo,terminal,0.0950,0.9463,-0.1541,5.8594,-14.5264,-4.5166,t001,AHC
2527330035,469490,3,tobillo,terminal,0.1292,0.9519,-0.1033,5.9204,-15.5640,-3.2959,t001,AHC
2527330039,469506,3,tobillo,terminal,0.0625,0.9524,-0.0850,6.1646,-17.5781,-2.1973,t001,AHC
2527330076,469522,3,tobillo,terminal,0.0480,0.9487,-0.0900,6.0425,-12.3901,-3.7842,t001,AHC
2527330081,469538,3,tobillo,terminal,0.0570,0.9344,-0.1093,6.3477,-9.2773,-5.2490,t001,AHC
2527330081,469554,3,tobillo,terminal,0.0371,0.9410,-0.1266,6.4697,-4.7607,-9.1553,t001,AHC
2527330123,469570,3,tobillo,terminal,-0.0022,1.0277,-0.1663,5.4932,-1.8921,-11.1694,t001,AHC
2527330123,469586,3,tobillo,terminal,0.0542,1.0619,-0.1534,4.8218,1.3428,-11.9019,t001,AHC
2527330123,469602,3,tobillo,terminal,0.1248,1.0327,-0.1147,5.6763,-0.1221,-11.4136,t001,AHC
2527330165,469618,3,tobillo,terminal,0.1011,0.9807,-0.0962,6.2256,-2.1362,-10.1929,t001,AHC
2527330166,469634,3,tobillo,terminal,0.0963,0.9861,-0.0948,6.3477,-2.4414,-10.8643,t001,AHC
2527330204,469650,3,tobillo,terminal,0.0900,1.0024,-0.1017,6.4697,-3.1738,-11.5356,t001,AHC
2527330204,469666,3,tobillo,terminal,0.0842,0.9991,-0.1047,5.7373,-1.8921,-12.7563,t001,AHC
2527330206,469682,3,tobillo,terminal,0.0753,0.9786,-0.1088,5.6152,0.8545,-13.2446,t001,AHC
2527330250,469698,3,tobillo,terminal,0.0264,1.0205,-0.0742,8.6670,5.7373,-18.6157,t001,AHC
2527330250,469714,3,tobillo,terminal,-0.0016,1.0530,-0.0863,12.5122,10.2539,-31.6772,t001,AHC
2527330251,469730,3,tobillo,terminal,-0.0663,1.0709,-0.1301,11.7187,10.9253,-41.5649,t001,AHC
2527330290,469746,3,tobillo,terminal,-0.1083,1.0925,-0.1266,5.6152,10.3149,-64.8193,t001,AHC
2527330291,469762,3,tobillo,terminal,-0.0742,1.2010,-0.1190,2.0752,11.7798,-75.1343,t001,AHC
2527330333,469778,3,tobillo,terminal,0.0432,1.2632,-0.2050,-4.2114,16.1133,-90.0268,t001,AHC
2527330334,469794,3,tobillo,terminal,0.1000,1.2582,-0.2478,-10.4980,4.8218,-93.0176,t001,AHC
2527330334,469810,3,tobillo,terminal,-0.2262,1.1467,-0.2479,-12.6343,-5.3101,-88.6230,t001,AHC
2527330373,469826,3,tobillo,terminal,-0.5649,1.0927,-0.2214,-16.1133,1.8311,-62.3169,t001,AHC
2527330376,469842,3,tobillo,terminal,-0.6284,0.8954,-0.1649,-16.6626,15.7471,-43.2739,t001,AHC
2527330377,469858,3,tobillo,terminal,-0.5260,0.7748,-0.0813,-15.0146,15.6860,-2.8687,t001,AHC
2527330418,469874,3,tobillo,terminal,-0.5023,0.7660,-0.0487,-9.5215,-3.4180,41.2598,t001,AHC
2527330419,469890,3,tobillo,terminal,-0.4116,0.7983,-0.0411,-6.1646,-11.1694,61.2793,t001,AHC
2527330459,469906,3,tobillo,terminal,-0.3075,0.8348,-0.0647,0.3662,-16.8457,96.7407,t001,AHC
2527330461,469922,3,tobillo,terminal,-0.1610,0.8788,-0.1433,2.8076,-16.7236,111.6943,t001,AHC
2527330461,469938,3,tobillo,terminal,-0.0718,0.9337,-0.1808,3.2349,-12.1460,131.1646,t001,AHC
2527330503,469954,3,tobillo,terminal,-0.0222,0.9626,-0.1882,-0.9155,-5.7373,138.6719,t001,AHC
2527330503,469970,3,tobillo,terminal,0.0613,1.0426,-0.1953,-3.9673,-1.8921,138.7329,t001,AHC
2527330510,469986,3,tobillo,terminal,0.1155,1.0874,-0.1942,-8.6060,8.9722,133.6670,t001,AHC
2527330541,470002,3,tobillo,terminal,0.2526,1.1418,-0.1768,-9.1553,13.5498,129.0894,t001,AHC
2527330543,470018,3,tobillo,terminal,0.3177,1.1389,-0.1698,-7.2021,17.8223,117.8589,t001,AHC
2527330584,470034,3,tobillo,terminal,0.3612,1.1033,-0.1655,-6.6528,17.9443,112.2436,t001,AHC
2527330584,470050,3,tobillo,terminal,0.3690,1.1099,-0.1553,-7.4463,15.2588,101.3794,t001,AHC
2527330584,470066,3,tobillo,terminal,0.3824,1.1157,-0.1620,-8.7280,12.5122,87.4634,t001,AHC
2527330620,470082,3,tobillo,terminal,0.3312,1.0626,-0.1704,-9.6436,11.9019,77.8198,t001,AHC
2527330622,470098,3,tobillo,terminal,0.2871,1.0381,-0.1525,-13.5498,14.7095,56.0913,t001,AHC
2527330662,470113,3,tobillo,terminal,0.1931,1.0392,-0.0862,-14.8315,16.6626,46.7529,t001,AHC
2527330662,470129,3,tobillo,terminal,-0.0907,0.9674,0.0403,-13.6108,24.9634,31.4331,t001,AHC
2527330669,470145,3,tobillo,terminal,-0.1646,0.9438,0.0890,-7.8735,47.8516,20.7520,t001,AHC
2527330698,470161,3,tobillo,terminal,-0.2662,0.9126,0.0753,-4.4556,61.8286,18.5547,t001,AHC
2527330699,470177,3,tobillo,terminal,-0.2899,0.8761,0.0522,0.9155,86.7920,19.1040,t001,AHC
2527330743,470193,3,tobillo,loading,-0.2429,0.8293,0.0082,2.3193,92.7124,20.6299,t001,AHC
2527330743,470208,3,tobillo,loading,-0.2169,0.8195,-0.0118,3.6011,89.6606,25.7568,t001,AHC
2527330743,470224,3,tobillo,loading,-0.1857,0.8489,-0.0492,4.1504,83.9844,28.8696,t001,AHC
2527330780,470240,3,tobillo,loading,-0.1538,0.9812,-0.1191,4.0894,66.9556,34.4849,t001,AHC
2527330782,470256,3,tobillo,loading,-0.1571,1.0430,-0.1572,3.9673,38.3301,38.8184,t001,AHC
2527330823,470272,3,tobillo,loading,-0.2411,1.0320,-0.2020,4.1504,22.6440,40.6494,t001,AHC
2527330823,470288,3,tobillo,loading,-0.2875,0.9989,-0.1971,3.0518,0.0610,44.1894,t001,AHC
2527330823,470304,3,tobillo,loading,-0.3450,0.9786,-0.1826,1.4038,-5.6763,45.1050,t001,AHC
2527330859,470320,3,tobillo,loading,-0.3665,0.9735,-0.1676,-2.1973,-8.4839,43.8232,t001,AHC
2527330861,470336,3,tobillo,loading,-0.3508,0.9583,-0.1427,-4.8218,-2.9907,40.5884,t001,AHC
2527330901,470352,3,tobillo,loading,-0.2422,0.9197,-0.0961,-5.5542,0.9155,38.5132,t001,AHC
2527330901,470368,3,tobillo,loading,-0.1578,0.8949,-0.0806,-5.6763,8.2397,33.5083,t001,AHC
2527330903,470384,3,tobillo,loading,0.0112,0.8264,-0.0377,-5.4321,11.9629,30.0293,t001,AHC
2527330940,470400,3,tobillo,loading,0.2174,0.7786,-0.0165,-3.7842,19.2871,18.8599,t001,AHC
2527330941,470416,3,tobillo,loading,0.3113,0.7817,-0.0232,-1.7700,23.7427,1.7700,t001,AHC
2527330956,470432,3,tobillo,loading,0.6097,0.7845,-0.1342,-1.7700,24.1699,-10.4980,t001,AHC
2527330981,470448,3,tobillo,loading,0.7344,0.7778,-0.1895,-5.3711,19.1650,-46.3867,t001,AHC
2527331005,470464,3,tobillo,loading,-0.4836,0.9518,-0.2843,-6.1035,11.9629,-57.9224,t001,AHC
2527331019,470480,3,tobillo,loading,-0.9335,1.0367,-0.2574,-5.8594,-1.5259,-36.6211,t001,AHC
2527331020,470496,3,tobillo,loading,-0.2556,1.1716,-0.2183,-15.1978,-3.7231,-43.2129,t001,AHC
2527331060,470512,3,tobillo,loading,-0.1466,1.3770,-0.1598,-19.6533,-7.2021,-58.7158,t001,AHC
2527331060,470529,3,tobillo,loading,-0.3093,1.3085,-0.0305,-20.0195,0.6104,-70.3125,t001,AHC
2527331096,470545,3,tobillo,loading,-0.1223,1.1058,0.0059,-20.8130,5.2490,-72.3267,t001,AHC
2527331098,470561,3,tobillo,loading,-0.0166,1.0151,-0.1256,-25.0854,0.6104,-69.7632,t001,AHC
2527331099,470577,3,tobillo,loading,0.0046,0.9603,-0.1853,-24.1699,-3.1738,-60.6689,t001,AHC
2527331139,470593,3,tobillo,loading,-0.0255,0.9674,-0.2129,-23.6206,-7.3853,-55.4810,t001,AHC
2527331139,470609,3,tobillo,loading,-0.0370,0.9830,-0.2205,-22.7051,-14.0381,-46.8140,t001,AHC
2527331175,470625,3,tobillo,loading,-0.1289,0.9857,-0.2040,-22.5830,-14.2212,-44.7388,t001,AHC
2527331177,470641,3,tobillo,loading,-0.2030,0.9102,-0.1149,-22.0337,-11.0474,-41.4429,t001,AHC
2527331177,470657,3,tobillo,loading,-0.1219,0.9152,-0.1315,-24.1699,-5.1270,-38.7573,t001,AHC
2527331217,470673,3,tobillo,loading,-0.0676,0.9739,-0.2097,-24.8413,-4.0894,-37.9028,t001,AHC
2527331218,470689,3,tobillo,loading,-0.0879,0.9720,-0.2144,-23.0103,-2.9297,-35.7056,t001,AHC
2527331256,470705,3,tobillo,loading,-0.0868,0.9719,-0.1927,-21.7285,-3.7842,-34.9731,t001,AHC
2527331257,470721,3,tobillo,loading,-0.1195,0.9481,-0.2327,-20.0195,-7.0801,-34.7900,t001,AHC
2527331257,470738,3,tobillo,loading,-0.1144,0.9398,-0.2256,-19.7144,-3.2349,-35.4614,t001,AHC
2527331298,470754,3,tobillo,loading,-0.0446,0.9814,-0.2201,-19.1040,0.2441,-35.2173,t001,AHC
2527331298,470770,3,tobillo,loading,-0.0094,0.9977,-0.2400,-14.7705,4.0283,-31.4941,t001,AHC
2527331337,470786,3,tobillo,loading,0.0757,0.9910,-0.2344,-11.7187,4.6997,-29.4800,t001,AHC
2527331339,470802,3,tobillo,midstance,-0.0142,0.9514,-0.1835,-9.2773,3.2349,-26.1841,t001,AHC
2527331339,470818,3,tobillo,midstance,-0.0153,0.9775,-0.1744,-11.5356,2.3193,-24.6582,t001,AHC
2527331381,470834,3,tobillo,midstance,-0.0087,0.9915,-0.2021,-12.1460,2.1973,-23.8037,t001,AHC
2527331381,470850,3,tobillo,midstance,-0.0262,0.9908,-0.2230,-12.5122,0.9766,-22.8271,t001,AHC
2527331420,470866,3,tobillo,midstance,-0.0126,0.9843,-0.2509,-11.9019,-0.0610,-22.2778,t001,AHC
2527331421,470882,3,tobillo,midstance,0.0350,0.9758,-0.2579,-9.2163,-2.3804,-19.4702,t001,AHC
2527331422,470898,3,tobillo,midstance,0.0459,0.9554,-0.2502,-6.8970,-6.1646,-15.1367,t001,AHC
2527331464,470914,3,tobillo,midstance,0.0265,0.9799,-0.2131,-6.2256,-7.9956,-12.8784,t001,AHC
2527331464,470930,3,tobillo,midstance,0.0154,0.9694,-0.2177,-6.1035,-10.9863,-9.3994,t001,AHC
2527331465,470946,3,tobillo,midstance,0.0151,0.9547,-0.2187,-6.2866,-11.4136,-8.1177,t001,AHC
2527331502,470962,3,tobillo,midstance,0.0249,0.9441,-0.2213,-6.5308,-10.0708,-5.7373,t001,AHC
2527331502,470978,3,tobillo,midstance,0.0212,0.9330,-0.2528,-6.4087,-9.1553,-4.5776,t001,AHC
2527331546,470994,3,tobillo,midstance,0.0371,0.9321,-0.2600,-5.2490,-7.8735,-2.5024,t001,AHC
2527331547,471010,3,tobillo,midstance,0.0214,0.9330,-0.2485,-3.4180,-6.8970,-1.7090,t001,AHC
2527331547,471026,3,tobillo,midstance,-0.0087,0.9550,-0.2355,-3.1738,-5.6152,-2.1973,t001,AHC
2527331586,471042,3,tobillo,midstance,-0.0088,0.9656,-0.2355,-2.8687,-2.9297,-4.0894,t001,AHC
2527331587,471058,3,tobillo,midstance,-0.0101,0.9705,-0.2300,-2.8076,-2.8076,-5.1270,t001,AHC
2527331629,471075,3,tobillo,midstance,0.0092,0.9535,-0.2247,-3.3569,-3.5400,-6.4697,t001,AHC
2527331629,471091,3,tobillo,midstance,0.0065,0.9518,-0.2363,-3.5400,-3.8452,-7.5684,t001,AHC
2527331629,471107,3,tobillo,midstance,0.0111,0.9478,-0.2719,-3.2349,-4.0283,-8.0566,t001,AHC
2527331669,471124,3,tobillo,midstance,-0.0068,0.9388,-0.2860,-1.9531,-4.7607,-8.9722,t001,AHC
2527331670,471140,3,tobillo,midstance,-0.0352,0.9480,-0.2809,-1.4038,-7.0190,-11.2305,t001,AHC
2527331711,471156,3,tobillo,midstance,-0.0880,0.9834,-0.2560,-1.3428,-8.0566,-13.5498,t001,AHC
2527331711,471172,3,tobillo,midstance,-0.0795,0.9904,-0.2438,-1.8921,-9.5825,-20.0195,t001,AHC
2527331712,471188,3,tobillo,midstance,-0.0223,0.9830,-0.2358,-2.0752,-10.8643,-23.4375,t001,AHC
2527331751,471205,3,tobillo,midstance,0.0231,0.9634,-0.2577,-2.1362,-13.3057,-28.9307,t001,AHC
2527331752,471221,3,tobillo,midstance,0.0387,0.9675,-0.2705,-1.4038,-17.7612,-31.3110,t001,AHC
2527331780,471237,3,tobillo,midstance,0.0348,0.9631,-0.2682,-1.0376,-20.5078,-32.0435,t001,AHC
2527331794,471253,3,tobillo,midstance,0.0394,0.9585,-0.2506,-1.9531,-20.8130,-34.3018,t001,AHC
2527331794,471269,3,tobillo,midstance,0.0580,0.9465,-0.2413,-2.4414,-19.3481,-35.6445,t001,AHC
2527331832,471285,3,tobillo,terminal,0.1472,0.9170,-0.2628,-2.5024,-16.8457,-36.4380,t001,AHC
2527331832,471301,3,tobillo,terminal,0.1685,0.9104,-0.2711,-1.8921,-15.8691,-34.3628,t001,AHC
2527331836,471317,3,tobillo,terminal,0.1619,0.9186,-0.2548,-1.5259,-15.8691,-32.9590,t001,AHC
2527331878,471333,3,tobillo,terminal,0.1584,0.9237,-0.2391,-1.6479,-14.1602,-30.4565,t001,AHC
2527331879,471349,3,tobillo,terminal,0.1431,0.9270,-0.2585,-1.7700,-12.3291,-29.9072,t001,AHC
2527331917,471366,3,tobillo,terminal,0.1552,0.9548,-0.2670,-0.7324,-11.3525,-30.0903,t001,AHC
2527331919,471382,3,tobillo,terminal,0.1508,0.9740,-0.2451,1.3428,-16.1743,-30.4565,t001,AHC
2527331920,471398,3,tobillo,terminal,0.1248,0.9672,-0.2173,1.8311,-17.4561,-31.3110,t001,AHC
2527331961,471414,3,tobillo,terminal,0.1448,0.9515,-0.2288,2.7466,-14.5874,-33.6304,t001,AHC
2527331961,471430,3,tobillo,terminal,0.1660,0.9357,-0.2706,3.4790,-12.6953,-34.6680,t001,AHC
2527331999,471446,3,tobillo,terminal,0.1624,0.9464,-0.2742,4.6387,-9.7046,-36.8042,t001,AHC
2527332000,471462,3,tobillo,terminal,0.1744,0.9526,-0.2651,5.4321,-8.3008,-38.9404,t001,AHC
2527332000,471478,3,tobillo,terminal,0.2306,0.9619,-0.2549,6.2866,-9.4604,-39.3066,t001,AHC
2527332044,471494,3,tobillo,terminal,0.2417,0.9683,-0.2521,8.5449,-15.2588,-39.1846,t001,AHC
2527332045,471510,3,tobillo,terminal,0.2145,0.9757,-0.2418,9.6436,-17.9443,-39.4287,t001,AHC
2527332045,471526,3,tobillo,terminal,0.1683,0.9866,-0.2723,10.6812,-18.8599,-42.6636,t001,AHC
2527332083,471542,3,tobillo,terminal,0.1774,0.9971,-0.2738,10.9253,-18.9209,-49.3774,t001,AHC
2527332085,471558,3,tobillo,terminal,0.2073,1.0083,-0.2678,11.4746,-19.6533,-53.2837,t001,AHC
2527332127,471574,3,tobillo,terminal,0.2125,1.0181,-0.2678,12.5122,-20.6909,-62.3779,t001,AHC
2527332127,471590,3,tobillo,terminal,0.2230,1.0471,-0.2161,12.6343,-21.7895,-67.2607,t001,AHC
2527332127,471606,3,tobillo,terminal,0.2251,1.1173,-0.2260,13.4277,-26.1230,-76.5991,t001,AHC
2527332167,471622,3,tobillo,terminal,0.1584,1.1543,-0.1895,13.8550,-25.4517,-86.4868,t001,AHC
2527332167,471638,3,tobillo,terminal,0.1980,1.2360,-0.1245,14.0991,-19.0430,-91.4917,t001,AHC
2527332209,471654,3,tobillo,terminal,0.2168,1.2614,-0.1409,9.7656,-12.3291,-102.6001,t001,AHC
2527332209,471670,3,tobillo,terminal,0.2020,1.3699,-0.2014,5.7373,-13.1226,-107.2998,t001,AHC
2527332209,471687,3,tobillo,terminal,0.0690,1.4359,-0.2280,-2.4414,-20.6909,-109.8633,t001,AHC
2527332247,471703,3,tobillo,terminal,0.0760,1.4185,-0.2230,-4.5776,-27.8320,-113.4643,t001,AHC
2527332249,471719,3,tobillo,terminal,0.1725,1.3507,-0.2109,-4.0894,-33.7524,-119.5679,t001,AHC
2527332274,471735,3,tobillo,terminal,0.2058,1.2947,-0.2273,-3.4180,-49.9268,-128.1738,t001,AHC
2527332293,471752,3,tobillo,terminal,0.2953,1.1681,-0.2286,-3.6011,-53.3447,-132.1411,t001,AHC
2527332293,471768,3,tobillo,terminal,0.3844,0.9764,-0.2432,-0.3052,-50.1099,-128.7842,t001,AHC
2527332330,471784,3,tobillo,swing,0.5193,0.8638,-0.2357,3.8452,-33.0811,-110.7788,t001,AHC
2527332330,471800,3,tobillo,swing,0.8762,0.7482,-0.2894,2.8076,-25.6958,-105.4077,t001,AHC
2527332334,471816,3,tobillo,swing,0.8931,0.7091,-0.3215,-3.4180,-21.7285,-105.7129,t001,AHC
2527332376,471832,3,tobillo,swing,-0.2023,0.5808,-0.2974,-2.5024,-30.8228,-87.1582,t001,AHC
2527332376,471848,3,tobillo,swing,-0.3207,0.4149,-0.1539,6.2866,-49.2554,-22.2778,t001,AHC
2527332416,471864,3,tobillo,swing,-0.2192,0.3947,-0.0835,5.6152,-30.3955,9.0332,t001,AHC
2527332418,471880,3,tobillo,swing,-0.2628,0.4246,-0.0354,6.3477,-13.8550,24.5972,t001,AHC
2527332418,471896,3,tobillo,swing,-0.2181,0.4082,-0.0603,9.1553,26.9165,57.9834,t001,AHC
2527332460,471912,3,tobillo,swing,0.0328,0.4510,-0.1504,8.9111,42.2363,73.3643,t001,AHC
2527332461,471928,3,tobillo,swing,0.1962,0.5658,-0.2645,8.4229,50.1709,105.2246,t001,AHC
2527332498,471944,3,tobillo,swing,0.2219,0.6321,-0.2971,9.8267,33.1421,136.7187,t001,AHC
2527332501,471960,3,tobillo,swing,0.2986,0.7397,-0.2891,10.9253,20.2637,149.9634,t001,AHC
2527332501,471975,3,tobillo,swing,0.3142,0.7765,-0.2714,11.0474,-3.2959,171.0815,t001,AHC
2527332543,471991,3,tobillo,swing,0.2732,0.8461,-0.2427,9.7656,-8.3618,178.8940,t001,AHC
2527332543,472007,3,tobillo,swing,0.2686,0.8829,-0.2428,5.3101,-2.6855,188.9038,t001,AHC
2527332543,472023,3,tobillo,swing,0.3405,0.9674,-0.2983,2.5024,3.1128,191.3452,t001,AHC
2527332583,472039,3,tobillo,swing,0.3777,1.0726,-0.3496,-3.6621,11.0474,193.2373,t001,AHC
2527332584,472055,3,tobillo,swing,0.3639,1.1071,-0.3375,-10.5591,19.4092,190.0024,t001,AHC
2527332626,472070,3,tobillo,swing,0.3192,1.1412,-0.2605,-14.4043,25.8789,186.2182,t001,AHC
2527332627,472086,3,tobillo,swing,0.2935,1.1500,-0.2300,-20.9961,39.5508,176.4526,t001,AHC
2527332627,472102,3,tobillo,swing,0.2720,1.1409,-0.1918,-23.0713,45.2881,171.6919,t001,AHC
2527332665,472118,3,tobillo,swing,0.2754,1.1227,-0.1547,-24.4141,50.5371,167.6636,t001,AHC
2527332667,472134,3,tobillo,swing,0.2451,1.1207,-0.1388,-22.0947,44.9829,169.6777,t001,AHC
2527332668,472150,3,tobillo,swing,0.2174,1.1299,-0.0957,-19.6533,40.6494,171.0815,t001,AHC
2527332709,472166,3,tobillo,swing,0.2277,1.1525,-0.0856,-13.6108,29.4800,173.2788,t001,AHC
2527332710,472181,3,tobillo,swing,0.2117,1.1884,-0.1080,-10.8643,23.0713,173.6450,t001,AHC
2527332747,472197,3,tobillo,swing,0.1948,1.1870,-0.1213,-8.3618,13.4277,170.0439,t001,AHC
2527332750,472213,3,tobillo,swing,0.1738,1.1594,-0.1376,-8.7280,11.1694,165.5884,t001,AHC
2527332750,472229,3,tobillo,swing,0.1626,1.1434,-0.1411,-11.2915,12.2070,151.7944,t001,AHC
2527332792,472245,3,tobillo,swing,0.1753,1.1436,-0.1349,-13.2446,17.4561,134.5215,t001,AHC
2527332793,472261,3,tobillo,swing,0.1965,1.0997,-0.1305,-12.6953,19.2871,124.8169,t001,AHC
2527332831,472277,3,tobillo,swing,0.2028,1.0653,-0.1406,-10.3149,22.6440,101.3184,t001,AHC
2527332833,472293,3,tobillo,swing,0.2354,1.0049,-0.1815,-9.8267,24.7803,88.2568,t001,AHC
2527332834,472309,3,tobillo,swing,0.2482,0.9755,-0.1984,-11.5356,28.1982,60.6079,t001,AHC
2527332876,472325,3,tobillo,swing,0.2177,0.9259,-0.2046,-14.8315,33.0811,30.8838,t001,AHC
2527332877,472340,3,tobillo,swing,0.2090,0.8939,-0.1873,-15.9912,37.0483,15.9302,t001,AHC
2527332877,472356,3,tobillo,swing,0.2114,0.8878,-0.1793,-17.8833,45.7764,-12.1460,t001,AHC
2527332915,472372,3,tobillo,loading,0.1774,0.9176,-0.1925,-18.6768,50.1099,-24.7803,t001,AHC
2527332916,472388,3,tobillo,loading,0.2128,0.9459,-0.1700,-18.4326,60.9741,-49.3774,t001,AHC
2527332961,472404,3,tobillo,loading,0.4263,0.9503,0.0438,-15.9912,67.3218,-63.9648,t001,AHC
2527332962,472420,3,tobillo,loading,-0.0792,1.0759,0.0254,-10.4980,71.5332,-95.0317,t001,AHC
2527332962,472436,3,tobillo,loading,-0.5763,1.1490,-0.0466,-12.8784,37.2925,-88.1348,t001,AHC
2527333001,472452,3,tobillo,loading,-0.1322,1.2916,0.0380,-14.0381,3.1738,-76.4160,t001,AHC
2527333003,472468,3,tobillo,loading,0.1625,1.2957,-0.0477,-21.1792,-45.9595,-87.7075,t001,AHC
2527333003,472484,3,tobillo,loading,0.0427,1.1873,-0.5763,-29.0527,-34.1187,-93.2617,t001,AHC
2527333045,472500,3,tobillo,loading,0.0936,1.3176,-0.1354,-29.0527,27.5269,-96.4966,t001,AHC
2527333046,472516,3,tobillo,loading,0.0383,1.1138,-0.0176,-9.7046,11.2305,-78.4912,t001,AHC
2527333084,472532,3,tobillo,loading,0.2036,0.8796,-0.2793,-13.3057,1.2817,-72.4487,t001,AHC
2527333086,472548,3,tobillo,loading,0.2008,0.9521,-0.3180,-15.4419,-6.1646,-56.5796,t001,AHC
2527333086,472564,3,tobillo,loading,0.0771,0.9829,-0.2170,-11.5356,-12.1460,-44.9219,t001,AHC
2527333128,472580,3,tobillo,loading,-0.1207,0.9760,-0.2003,-9.5825,-15.4419,-30.0293,t001,AHC
2527333129,472596,3,tobillo,loading,-0.1813,0.9858,-0.2268,-14.8926,-3.6621,-28.3813,t001,AHC
2527333167,472613,3,tobillo,loading,-0.1249,0.9974,-0.2480,-15.5029,0.3052,-28.1982,t001,AHC
2527333169,472629,3,tobillo,loading,-0.0446,0.9806,-0.2604,-12.2681,-0.6714,-25.0244,t001,AHC
2527333170,472645,3,tobillo,loading,0.0166,0.9639,-0.3009,-9.9487,-4.8828,-22.5830,t001,AHC
2527333212,472661,3,tobillo,loading,-0.0253,0.9587,-0.2729,-4.0894,-15.9912,-17.2119,t001,AHC
2527333212,472677,3,tobillo,loading,-0.0714,0.9705,-0.2478,-2.0752,-18.6157,-15.8081,t001,AHC
2527333213,472693,3,tobillo,loading,-0.0925,0.9740,-0.2235,-2.2583,-16.4185,-16.4185,t001,AHC
2527333251,472710,3,tobillo,loading,-0.0708,0.9561,-0.2380,-3.0518,-13.7939,-17.8223,t001,AHC
2527333252,472726,3,tobillo,loading,-0.0442,0.9357,-0.2540,-3.1128,-15.8691,-18.3105,t001,AHC
2527333295,472742,3,tobillo,loading,-0.0697,0.9414,-0.2706,-2.5635,-19.5923,-20.0195,t001,AHC
2527333295,472758,3,tobillo,loading,-0.0692,0.9352,-0.2711,-1.6479,-19.6533,-24.1699,t001,AHC
2527333295,472774,3,tobillo,loading,-0.0907,0.9440,-0.2678,-2.5024,-19.1040,-25.3906,t001,AHC
2527333310,472791,3,tobillo,loading,-0.0911,0.9554,-0.2678,-3.8452,-16.6626,-27.6489,t001,AHC
2527333335,472807,3,tobillo,loading,-0.0374,0.9701,-0.2510,-3.7842,-15.4419,-29.1138,t001,AHC
2527333354,472823,3,tobillo,midstance,-0.0071,0.9786,-0.2535,-2.6855,-14.7095,-32.1045,t001,AHC
2527333382,472839,3,tobillo,midstance,0.0023,0.9772,-0.2567,-1.0376,-15.6250,-33.3252,t001,AHC
2527333383,472855,3,tobillo,midstance,0.0148,0.9724,-0.2494,-0.3662,-16.2354,-33.8135,t001,AHC
2527333422,472871,3,tobillo,midstance,0.0083,0.9701,-0.2570,0.7324,-16.0522,-35.8276,t001,AHC
2527333424,472887,3,tobillo,midstance,0.0059,0.9635,-0.2684,1.5259,-15.2588,-37.3535,t001,AHC
2527333425,472903,3,tobillo,midstance,0.0469,0.9521,-0.2632,3.4180,-13.9770,-40.5884,t001,AHC
2527333467,472919,3,tobillo,midstance,0.0791,0.9452,-0.2592,4.1504,-13.4277,-42.4194,t001,AHC
2527333467,472935,3,tobillo,midstance,0.1038,0.9434,-0.2524,4.0283,-13.4277,-42.1753,t001,AHC
2527333505,472951,3,tobillo,midstance,0.1167,0.9475,-0.2454,2.9907,-13.0005,-40.0391,t001,AHC
2527333508,472967,3,tobillo,midstance,0.1366,0.9407,-0.2511,2.8076,-13.2446,-38.6353,t001,AHC
2527333508,472983,3,tobillo,midstance,0.1405,0.9447,-0.2672,2.8687,-14.4043,-36.0718,t001,AHC
2527333549,472999,3,tobillo,midstance,0.1512,0.9498,-0.2576,3.4180,-15.6860,-33.5693,t001,AHC
2527333550,473015,3,tobillo,midstance,0.1494,0.9493,-0.2378,3.8452,-16.6016,-32.6538,t001,AHC
2527333550,473031,3,tobillo,midstance,0.1455,0.9365,-0.2444,4.4556,-17.0898,-31.9824,t001,AHC
2527333590,473047,3,tobillo,midstance,0.1478,0.9244,-0.2645,4.6387,-16.4185,-32.1655,t001,AHC
2527333590,473063,3,tobillo,midstance,0.1619,0.9362,-0.2610,4.9438,-15.0146,-33.0811,t001,AHC
2527333634,473078,3,tobillo,midstance,0.1628,0.9528,-0.2498,5.2490,-15.6250,-34.2407,t001,AHC
2527333635,473094,3,tobillo,midstance,0.1636,0.9769,-0.2375,5.3101,-16.8457,-34.7900,t001,AHC
2527333636,473110,3,tobillo,midstance,0.1624,0.9781,-0.2291,5.6763,-19.5923,-37.2314,t001,AHC
2527333674,473126,3,tobillo,midstance,0.1586,0.9861,-0.2034,6.2256,-20.0806,-39.1846,t001,AHC
2527333674,473142,3,tobillo,terminal,0.1538,0.9968,-0.1887,7.9956,-19.7144,-43.8843,t001,AHC
2527333677,473158,3,tobillo,terminal,0.1333,1.0157,-0.1976,8.5449,-19.1650,-47.2412,t001,AHC
2527333721,473174,3,tobillo,terminal,0.1776,1.0222,-0.2374,10.3760,-16.8457,-54.3213,t001,AHC
2527333721,473190,3,tobillo,terminal,0.2368,1.0110,-0.2445,12.8784,-17.3950,-58.2886,t001,AHC
2527333761,473206,3,tobillo,terminal,0.2667,1.0166,-0.2706,14.5874,-19.1650,-59.0210,t001,AHC
2527333762,473222,3,tobillo,terminal,0.2592,1.0286,-0.2916,17.7612,-21.1792,-59.5703,t001,AHC
2527333764,473238,3,tobillo,terminal,0.2401,1.0458,-0.2651,18.1274,-21.3013,-60.0586,t001,AHC
2527333806,473254,3,tobillo,terminal,0.2026,1.0752,-0.1930,18.7378,-19.2871,-64.1479,t001,AHC
2527333807,473270,3,tobillo,terminal,0.1912,1.0939,-0.1759,20.0195,-17.2729,-74.2798,t001,AHC
2527333807,473285,3,tobillo,terminal,0.1555,1.1536,-0.1672,19.3481,-17.6392,-80.8716,t001,AHC
2527333845,473301,3,tobillo,terminal,0.1177,1.1937,-0.1744,15.6250,-18.4937,-96.7407,t001,AHC
2527333847,473317,3,tobillo,terminal,0.1168,1.3032,-0.1847,12.5732,-18.1274,-104.6753,t001,AHC
2527333889,473333,3,tobillo,terminal,0.1348,1.3403,-0.1775,6.8970,-23.6206,-115.2344,t001,AHC
2527333890,473349,3,tobillo,terminal,0.1189,1.3574,-0.1444,4.8828,-30.7617,-117.9199,t001,AHC
2527333891,473365,3,tobillo,terminal,0.1426,1.3369,-0.1350,3.2959,-49.1943,-121.3989,t001,AHC
2527333929,473381,3,tobillo,terminal,0.1450,1.3225,-0.1703,3.1738,-67.3218,-127.9907,t001,AHC
2527333931,473397,3,tobillo,terminal,0.1404,1.2742,-0.2180,3.6011,-69.2139,-133.9111,t001,AHC
2527333931,473413,3,tobillo,terminal,0.2347,1.2229,-0.2286,9.8267,-52.7954,-133.6670,t001,AHC
2527333973,473429,3,tobillo,terminal,0.3435,1.0511,-0.1958,15.1978,-36.2549,-128.2959,t001,AHC
2527333974,473445,3,tobillo,terminal,0.6162,0.7446,-0.2504,24.2310,-9.3994,-104.4922,t001,AHC
2527334012,473461,3,tobillo,terminal,0.7860,0.6808,-0.3193,16.4185,-5.8594,-90.5762,t001,AHC
2527334015,473477,3,tobillo,terminal,0.6222,0.4818,-0.4230,7.6904,-10.3760,-89.2944,t001,AHC
2527334015,473493,3,tobillo,terminal,-0.0206,0.4865,-0.3053,0.4272,-11.2915,-53.6499,t001,AHC
2527334057,473509,3,tobillo,terminal,-0.3164,0.4478,-0.1263,8.2397,5.6152,-22.9492,t001,AHC
2527334057,473525,3,tobillo,terminal,0.0436,0.3230,-0.0282,17.8223,26.0010,9.0332,t001,AHC
2527334095,473541,3,tobillo,terminal,0.1378,0.3457,-0.0759,13.8550,22.1558,33.7524,t001,AHC
2527334097,473556,3,tobillo,terminal,0.1550,0.3838,-0.2040,11.4136,25.2075,50.5371,t001,AHC
2527334098,473572,3,tobillo,terminal,0.1599,0.4340,-0.2184,9.9487,34.3628,86.1816,t001,AHC
2527334140,473588,3,tobillo,terminal,0.2108,0.5005,-0.1840,10.3760,35.2173,102.1728,t001,AHC
2527334140,473604,3,tobillo,terminal,0.2393,0.5243,-0.1947,7.2632,28.5034,126.1597,t001,AHC
2527334141,473619,3,tobillo,terminal,0.3319,0.6312,-0.2522,4.6387,22.8271,135.7422,t001,AHC
2527334179,473635,3,tobillo,terminal,0.3466,0.7255,-0.2614,0.5493,13.0615,152.9541,t001,AHC
2527334180,473651,3,tobillo,swing,0.3212,0.7546,-0.2430,-4.1504,12.6953,166.1987,t001,AHC
2527334185,473667,3,tobillo,swing,0.3423,0.8317,-0.2227,-6.3477,13.5498,170.9595,t001,AHC
2527334225,473683,3,tobillo,swing,0.3744,0.8783,-0.2356,-9.2773,7.9956,177.4292,t001,AHC
2527334225,473699,3,tobillo,swing,0.3284,0.9545,-0.2622,-11.3525,5.6152,179.2602,t001,AHC
2527334264,473715,3,tobillo,swing,0.2742,1.0063,-0.2535,-17.5781,17.9443,178.5278,t001,AHC
2527334266,473731,3,tobillo,swing,0.2272,1.1064,-0.2141,-19.8975,31.7383,176.5747,t001,AHC
2527334267,473747,3,tobillo,swing,0.2548,1.1498,-0.2042,-20.3857,58.9600,172.1802,t001,AHC
2527334308,473763,3,tobillo,swing,0.2819,1.1710,-0.2189,-17.2119,71.7163,167.7856,t001,AHC
2527334308,473779,3,tobillo,swing,0.3425,1.2150,-0.2589,-14.8926,71.8384,166.0766,t001,AHC
2527334346,473795,3,tobillo,swing,0.3657,1.2249,-0.2742,-9.3994,61.4624,164.0014,t001,AHC
2527334347,473810,3,tobillo,swing,0.3804,1.2084,-0.2952,-6.9580,52.1240,163.4521,t001,AHC
2527334347,473826,3,tobillo,swing,0.3262,1.1616,-0.2906,-4.6997,29.6631,162.6587,t001,AHC
2527334388,473842,3,tobillo,swing,0.2927,1.1471,-0.2803,-6.4087,11.8408,160.5835,t001,AHC
2527334389,473858,3,tobillo,swing,0.1945,1.1125,-0.2747,-7.8735,6.9580,157.8979,t001,AHC
2527334398,473874,3,tobillo,swing,0.1384,1.0901,-0.2799,-12.3901,9.1553,148.4985,t001,AHC
2527334428,473890,3,tobillo,swing,0.1035,1.0977,-0.2999,-15.6250,15.3198,143.1885,t001,AHC
2527334428,473905,3,tobillo,swing,0.0980,1.0975,-0.3115,-20.8740,28.5034,132.6294,t001,AHC
2527334470,473921,3,tobillo,swing,0.1150,1.0526,-0.3219,-23.0103,34.6069,126.4038,t001,AHC
2527334471,473937,3,tobillo,swing,0.1499,1.0077,-0.3138,-27.3437,42.8467,113.7695,t001,AHC
2527334471,473953,3,tobillo,swing,0.1682,0.9962,-0.3137,-30.8228,40.5273,100.4639,t001,AHC
2527334509,473969,3,tobillo,swing,0.2234,0.9756,-0.2963,-32.1655,35.4614,92.8955,t001,AHC
2527334509,473985,3,tobillo,swing,0.2401,0.9553,-0.2676,-34.7290,21.1182,75.6226,t001,AHC
2527334550,474001,3,tobillo,swing,0.2446,0.9280,-0.1793,-35.6445,14.7705,65.0635,t001,AHC
2527334551,474017,3,tobillo,swing,0.2499,0.9200,-0.1353,-34.6680,9.0942,40.0391,t001,AHC
2527334551,474033,3,tobillo,swing,0.2079,0.9014,-0.0518,-33.3252,10.6812,26.1841,t001,AHC
2527334587,474048,3,tobillo,swing,0.1857,0.8895,0.0237,-30.0293,20.9961,-2.9907,t001,AHC
2527334587,474064,3,tobillo,swing,0.1718,0.9077,0.0020,-27.7710,35.6445,-33.0200,t001,AHC
2527334630,474080,3,tobillo,swing,0.1400,0.9261,0.0890,-25.9399,45.9595,-48.0347,t001,AHC
2527334630,474096,3,tobillo,swing,0.1586,0.9523,0.1842,-16.1743,67.9321,-73.7305,t001,AHC
2527334631,474112,3,tobillo,swing,-0.4628,1.1022,0.2994,-7.8125,71.9604,-82.1533,t001,AHC
2527334667,474128,3,tobillo,swing,-0.6506,1.1146,0.0419,-2.8076,51.9409,-66.8945,t001,AHC
2527334667,474144,3,tobillo,loading,0.0237,1.2538,-0.0215,-10.5591,-15.6860,-63.8428,t001,AHC
2527334713,474160,3,tobillo,loading,-0.1173,1.3911,-0.2738,-14.0381,-55.7251,-75.5005,t001,AHC
2527334713,474176,3,tobillo,loading,-0.5011,1.2538,-0.4045,-17.7002,-40.3442,-89.4775,t001,AHC
2527334714,474192,3,tobillo,loading,0.0305,1.0875,-0.4963,-22.3389,-2.7466,-94.9707,t001,AHC
2527334751,474209,3,tobillo,loading,0.1023,1.1764,-0.1801,-15.6860,27.5269,-100.8911,t001,AHC
2527334753,474225,3,tobillo,loading,0.0262,1.0099,-0.1979,-5.4932,14.9536,-83.3130,t001,AHC
2527334795,474241,3,tobillo,loading,0.2832,0.9260,-0.3337,-6.8359,6.2256,-75.8057,t001,AHC
2527334796,474257,3,tobillo,loading,0.2262,0.9960,-0.2965,-3.7842,-14.7095,-58.5937,t001,AHC
2527334796,474273,3,tobillo,loading,-0.0637,0.9763,-0.2107,-1.8921,-18.4326,-49.6826,t001,AHC
2527334833,474289,3,tobillo,loading,-0.0636,0.9900,-0.1846,-5.6763,-1.6479,-39.4287,t001,AHC
2527334836,474305,3,tobillo,loading,-0.0419,0.9945,-0.2029,-9.3384,8.7280,-31.6772,t001,AHC
2527334876,474321,3,tobillo,loading,-0.0280,0.9789,-0.2732,-9.0332,8.8501,-28.3203,t001,AHC
2527334877,474337,3,tobillo,loading,-0.0234,0.9583,-0.3002,-6.1035,0.7324,-22.7661,t001,AHC
2527334877,474353,3,tobillo,loading,-0.0320,0.9418,-0.3163,-4.8828,-5.6763,-21.2402,t001,AHC
2527334914,474370,3,tobillo,loading,-0.0636,0.9374,-0.2932,-3.1128,-11.2915,-19.0430,t001,AHC
2527334916,474386,3,tobillo,loading,-0.0540,0.9353,-0.2805,-2.1973,-6.1646,-16.9678,t001,AHC
2527334957,474402,3,tobillo,loading,-0.0204,0.9344,-0.2750,-1.7090,-4.3335,-15.8691,t001,AHC
2527334958,474418,3,tobillo,loading,-0.0159,0.9395,-0.2871,-1.2817,-8.6670,-14.4043,t001,AHC
2527334958,474434,3,tobillo,loading,-0.0728,0.9540,-0.2777,-1.0986,-12.6953,-14.4043,t001,AHC
2527334995,474451,3,tobillo,midstance,-0.0963,0.9570,-0.2721,-1.2817,-15.1367,-16.1133,t001,AHC
2527334996,474467,3,tobillo,midstance,-0.0811,0.9515,-0.2747,-2.0142,-13.3057,-18.5547,t001,AHC
2527335001,474483,3,tobillo,midstance,-0.0222,0.9412,-0.2745,-2.0752,-12.9395,-19.0430,t001,AHC
2527335041,474499,3,tobillo,midstance,-0.0223,0.9347,-0.2821,-1.8311,-14.6484,-19.4702,t001,AHC
2527335041,474515,3,tobillo,midstance,-0.0389,0.9370,-0.2875,-1.4038,-15.9302,-20.9351,t001,AHC
2527335081,474531,3,tobillo,midstance,-0.0144,0.9355,-0.2914,-0.8545,-15.2588,-21.7895,t001,AHC
2527335082,474547,3,tobillo,midstance,0.0022,0.9343,-0.2949,0.2441,-12.8784,-22.5220,t001,AHC
2527335082,474563,3,tobillo,midstance,0.0042,0.9413,-0.2865,0.5493,-11.9019,-22.3389,t001,AHC
2527335122,474579,3,tobillo,midstance,-0.0012,0.9457,-0.2819,0.6714,-10.3149,-22.2168,t001,AHC
2527335123,474595,3,tobillo,midstance,-0.0043,0.9492,-0.2830,0.6714,-8.6670,-22.6440,t001,AHC
2527335162,474611,3,tobillo,midstance,0.0344,0.9399,-0.2855,0.8545,-7.3242,-22.7051,t001,AHC
2527335162,474628,3,tobillo,midstance,0.0469,0.9386,-0.2849,1.5869,-5.9204,-22.2168,t001,AHC
2527335162,474643,3,tobillo,midstance,0.0414,0.9470,-0.2795,2.0752,-5.9204,-22.0337,t001,AHC
2527335203,474659,3,tobillo,midstance,0.0331,0.9508,-0.2788,2.6855,-6.4697,-22.3999,t001,AHC
2527335203,474675,3,tobillo,midstance,0.0427,0.9482,-0.2821,2.6245,-6.1646,-22.4609,t001,AHC
2527335240,474691,3,tobillo,midstance,0.0863,0.9443,-0.2797,2.1362,-5.9814,-20.8130,t001,AHC
2527335242,474707,3,tobillo,midstance,0.0894,0.9377,-0.2820,2.1973,-7.6904,-18.2495,t001,AHC
2527335243,474724,3,tobillo,midstance,0.0807,0.9359,-0.2854,2.0752,-8.0566,-16.8457,t001,AHC
2527335283,474739,3,tobillo,midstance,0.0725,0.9352,-0.2872,2.0752,-7.5073,-15.1367,t001,AHC
2527335283,474755,3,tobillo,midstance,0.0616,0.9269,-0.2971,2.3804,-6.3477,-15.2588,t001,AHC
2527335319,474771,3,tobillo,midstance,0.0552,0.9468,-0.2955,3.2959,-4.7607,-16.4795,t001,AHC
2527335322,474787,3,tobillo,midstance,0.0726,0.9766,-0.2640,5.0659,-8.7280,-17.7002,t001,AHC
2527335322,474803,3,tobillo,midstance,0.0717,0.9791,-0.2151,5.4932,-11.2305,-18.6768,t001,AHC
2527335363,474819,3,tobillo,midstance,0.0660,0.9631,-0.2224,4.6997,-12.3291,-22.3389,t001,AHC
2527335363,474835,3,tobillo,midstance,0.0597,0.9359,-0.2753,4.3335,-11.2305,-24.4751,t001,AHC
2527335400,474851,3,tobillo,midstance,0.0830,0.9287,-0.2910,4.3335,-8.4229,-28.5645,t001,AHC
2527335400,474867,3,tobillo,terminal,0.1073,0.9227,-0.2823,4.3945,-6.4697,-31.3110,t001,AHC
2527335401,474883,3,tobillo,terminal,0.1376,0.9213,-0.2625,3.6621,-5.4932,-31.9214,t001,AHC
2527335445,474899,3,tobillo,terminal,0.1354,0.9283,-0.2589,2.0752,-4.0283,-31.9824,t001,AHC
2527335446,474915,3,tobillo,terminal,0.1664,0.9420,-0.2587,1.8921,-3.2959,-31.6162,t001,AHC
2527335463,474931,3,tobillo,terminal,0.1885,0.9357,-0.2565,2.9907,-3.9062,-29.6631,t001,AHC
2527335483,474947,3,tobillo,terminal,0.2009,0.9178,-0.2474,3.4180,-4.7607,-28.3813,t001,AHC
2527335485,474963,3,tobillo,terminal,0.1709,0.9331,-0.2603,3.5400,-6.1646,-26.3672,t001,AHC
2527335526,474979,3,tobillo,terminal,0.1497,0.9462,-0.2670,3.1738,-6.7749,-27.2217,t001,AHC
2527335527,474995,3,tobillo,terminal,0.1632,0.9623,-0.2562,3.0518,-6.8359,-28.4424,t001,AHC
2527335550,475011,3,tobillo,terminal,0.1833,0.9596,-0.2588,3.4790,-8.7280,-30.7007,t001,AHC
2527335563,475027,3,tobillo,terminal,0.1918,0.9584,-0.2783,3.7842,-10.4980,-31.7993,t001,AHC
2527335564,475043,3,tobillo,terminal,0.1833,0.9685,-0.2960,4.6387,-14.2212,-34.3018,t001,AHC
2527335606,475059,3,tobillo,terminal,0.1840,0.9786,-0.3013,5.8594,-17.9443,-38.1470,t001,AHC
2527335607,475075,3,tobillo,terminal,0.1746,1.0090,-0.3129,6.3477,-19.8364,-40.5884,t001,AHC
2527335643,475091,3,tobillo,terminal,0.1802,1.0278,-0.3315,6.6528,-24.7803,-46.6309,t001,AHC
2527335645,475107,3,tobillo,terminal,0.1798,1.0483,-0.3246,5.9204,-30.7617,-50.2319,t001,AHC
2527335646,475123,3,tobillo,terminal,0.1508,1.1613,-0.0962,9.3384,-37.0483,-58.2886,t001,AHC
2527335687,475139,3,tobillo,terminal,0.1797,1.1353,-0.0929,14.7095,-32.2266,-64.8804,t001,AHC
2527335687,475155,3,tobillo,terminal,0.2159,1.1249,-0.1437,13.6108,-30.2734,-69.0918,t001,AHC
2527335717,475171,3,tobillo,terminal,0.2130,1.1074,-0.1713,11.5967,-27.5879,-76.5991,t001,AHC
2527335724,475187,3,tobillo,terminal,0.2195,1.0928,-0.2407,10.0098,-26.4282,-80.9936,t001,AHC
2527335724,475203,3,tobillo,swing,0.1912,1.1139,-0.2493,4.3335,-27.4658,-89.7217,t001,AHC
2527335770,475218,3,tobillo,swing,0.1769,1.1561,-0.2316,-2.3193,-30.1514,-101.3794,t001,AHC
2527335770,475234,3,tobillo,swing,0.0895,1.2587,-0.1636,-4.8828,-31.5552,-107.4829,t001,AHC
2527335770,475250,3,tobillo,swing,0.0760,1.2991,-0.1449,-9.2163,-31.1279,-118.2251,t001,AHC
2527335808,475267,3,tobillo,swing,0.1230,1.3394,-0.1376,-11.4136,-32.5317,-122.6807,t001,AHC
2527335809,475283,3,tobillo,swing,0.1248,1.3340,-0.1459,-14.5264,-44.0063,-126.8310,t001,AHC
2527335853,475299,3,tobillo,swing,0.2439,1.2458,-0.1334,-11.4136,-46.0815,-123.2910,t001,AHC
2527335853,475315,3,tobillo,swing,0.4462,1.1510,-0.1545,-6.4697,-41.3208,-120.1172,t001,AHC
2527335853,475331,3,tobillo,swing,0.4728,1.1156,-0.2172,9.9487,-28.8086,-108.7036,t001,AHC
2527335889,475347,3,tobillo,swing,0.4709,0.8763,-0.3396,16.4185,-19.6533,-102.7832,t001,AHC
2527335892,475363,3,tobillo,swing,0.5983,0.7473,-0.3910,14.5874,-3.6011,-86.0596,t001,AHC
2527335934,475379,3,tobillo,swing,0.5802,0.5526,-0.5929,5.9814,-4.2114,-79.8340,t001,AHC
2527335936,475395,3,tobillo,swing,-0.5854,0.5720,-0.4015,-7.4463,-5.9814,-45.1050,t001,AHC
2527335936,475411,3,tobillo,swing,-0.5278,0.5850,-0.2386,3.9062,27.2217,2.9297,t001,AHC
2527335975,475427,3,tobillo,swing,0.0663,0.4275,-0.0856,9.3384,23.4375,17.7612,t001,AHC
2527335977,475443,3,tobillo,swing,0.1315,0.4292,-0.1477,7.1411,-12.0239,44.3115,t001,AHC
2527335977,475459,3,tobillo,swing,-0.0276,0.5182,-0.2325,6.4087,-15.3198,61.3403,t001,AHC
2527336021,475475,3,tobillo,swing,-0.0125,0.5879,-0.0916,14.8926,8.1177,95.5200,t001,AHC
2527336021,475490,3,tobillo,swing,0.0543,0.6027,-0.0634,21.2402,25.0854,122.6807,t001,AHC
2527336060,475506,3,tobillo,swing,0.1228,0.6414,-0.1444,20.3857,23.7427,134.7656,t001,AHC
2527336061,475522,3,tobillo,swing,0.1384,0.6754,-0.1862,15.5640,18.9209,156.2500,t001,AHC
2527336061,475538,3,tobillo,swing,0.1624,0.7791,-0.1804,13.5498,20.6299,166.0766,t001,AHC
2527336102,475554,3,tobillo,swing,0.1603,0.8464,-0.1564,11.4746,30.2734,183.2275,t001,AHC
2527336103,475569,3,tobillo,swing,0.1901,0.9790,-0.1342,11.8408,34.5459,189.8804,t001,AHC
2527336103,475585,3,tobillo,swing,0.2595,1.0680,-0.1652,15.1367,36.1938,198.9746,t001,AHC
2527336141,475601,3,tobillo,swing,0.2755,1.1029,-0.1868,17.4561,31.9214,205.0171,t001,AHC
2527336143,475617,3,tobillo,swing,0.2628,1.1533,-0.2141,17.1509,30.1514,207.3364,t001,AHC
2527336185,475633,3,tobillo,swing,0.2577,1.1763,-0.2162,14.4043,30.2734,210.0830,t001,AHC
2527336185,475649,3,tobillo,swing,0.2750,1.2247,-0.2010,12.6953,31.2500,210.9375,t001,AHC
2527336186,475664,3,tobillo,swing,0.2911,1.2487,-0.1862,10.4370,30.5176,211.1206,t001,AHC
2527336223,475680,3,tobillo,swing,0.3301,1.2715,-0.1736,10.1929,27.4048,209.7168,t001,AHC
2527336225,475696,3,tobillo,swing,0.3602,1.2672,-0.1849,10.6201,14.0381,205.3223,t001,AHC
2527336267,475712,3,tobillo,swing,0.3558,1.2579,-0.1947,10.2539,-5.9814,200.6225,t001,AHC
2527336268,475728,3,tobillo,swing,0.2921,1.2100,-0.2058,8.5449,-15.6860,197.6318,t001,AHC
2527336268,475744,3,tobillo,swing,0.2551,1.1865,-0.1854,1.5869,-28.3203,188.7207,t001,AHC
2527336307,475759,3,tobillo,loading,0.2327,1.1700,-0.1073,-2.0142,-30.8228,182.4951,t001,AHC
2527336309,475775,3,tobillo,loading,0.2238,1.1477,-0.0554,-5.3711,-29.1138,165.7715,t001,AHC
2527336310,475791,3,tobillo,loading,0.2228,1.1266,-0.0502,-5.4932,-15.2588,140.0757,t001,AHC
2527336351,475807,3,tobillo,loading,0.2642,1.0651,-0.0546,-5.6763,-4.9438,124.5117,t001,AHC
2527336351,475823,3,tobillo,loading,0.2981,1.0375,-0.0543,-7.3853,13.3057,89.5386,t001,AHC
2527336391,475839,3,tobillo,loading,0.3540,0.9872,-0.0475,-8.0566,19.9585,70.6177,t001,AHC
2527336393,475855,3,tobillo,loading,0.3717,0.9613,-0.0483,-7.7515,30.0903,31.1890,t001,AHC
2527336394,475871,3,tobillo,loading,0.3879,0.9210,-0.0763,-7.3853,33.8745,11.8408,t001,AHC
2527336436,475887,3,tobillo,loading,0.3580,0.9677,-0.1309,-7.6294,37.5366,-24.4141,t001,AHC
2527336437,475903,3,tobillo,loading,0.4164,0.9808,-0.1567,-8.2397,39.8560,-60.8520,t001,AHC
2527336437,475919,3,tobillo,loading,-0.1528,1.0338,-0.1096,-7.4463,38.6353,-78.8574,t001,AHC
2527336476,475935,3,tobillo,loading,-0.8365,1.0979,-0.1040,-3.4180,21.2402,-69.5190,t001,AHC
2527336477,475951,3,tobillo,loading,-0.4615,1.0386,0.0140,-2.6855,12.8784,-54.0771,t001,AHC
2527336520,475967,3,tobillo,loading,-0.0189,1.1235,-0.2324,-11.0474,-10.1929,-63.7817,t001,AHC
2527336520,475983,3,tobillo,loading,-0.2885,1.1749,-0.3057,-23.5596,-26.9165,-78.3691,t001,AHC
2527336520,475999,3,tobillo,loading,-0.2440,1.0978,-0.1556,-21.6064,-16.9067,-79.8340,t001,AHC
2527336560,476015,3,tobillo,loading,-0.0365,0.9834,-0.2289,-23.7427,5.0659,-79.9561,t001,AHC
2527336561,476031,3,tobillo,loading,0.1259,1.1224,-0.3154,-29.8462,12.5122,-79.1626,t001,AHC
2527336603,476047,3,tobillo,loading,-0.0226,1.0936,-0.1162,-20.8130,20.3247,-72.6318,t001,AHC
2527336604,476063,3,tobillo,loading,0.0626,0.9856,-0.0878,-13.1226,3.4790,-54.0771,t001,AHC
2527336604,476079,3,tobillo,loading,0.0527,0.9608,-0.1544,-14.7705,-7.0190,-47.9736,t001,AHC
2527336644,476095,3,tobillo,loading,-0.0215,0.9879,-0.1556,-17.6392,-11.3525,-35.7666,t001,AHC
2527336644,476111,3,tobillo,loading,-0.1100,1.0133,-0.1569,-17.9443,-7.5073,-30.7617,t001,AHC
2527336652,476128,3,tobillo,loading,-0.1023,0.9897,-0.1852,-18.5547,-0.7324,-24.1089,t001,AHC
2527336686,476144,3,tobillo,loading,-0.1143,0.9664,-0.2142,-18.4937,0.0610,-19.5313,t001,AHC
2527336687,476160,3,tobillo,loading,-0.1466,0.9208,-0.2566,-17.5781,0.5493,-18.3716,t001,AHC
2527336727,476176,3,tobillo,loading,-0.1333,0.9254,-0.2637,-14.9536,1.5869,-17.5171,t001,AHC
2527336728,476192,3,tobillo,loading,-0.1189,0.9585,-0.2509,-13.6719,1.0376,-16.9067,t001,AHC
2527336729,476208,3,tobillo,loading,-0.1146,0.9537,-0.2361,-10.9253,0.9155,-14.5264,t001,AHC
2527336770,476224,3,tobillo,loading,-0.1066,0.9423,-0.2211,-8.9722,-1.9531,-12.3291,t001,AHC
2527336770,476240,3,tobillo,loading,-0.1461,0.9661,-0.2177,-9.2163,-4.7607,-12.6343,t001,AHC
2527336809,476256,3,tobillo,loading,-0.1583,0.9785,-0.2273,-8.6670,-3.9062,-14.1602,t001,AHC
2527336809,476272,3,tobillo,loading,-0.1307,0.9634,-0.2686,-7.0190,-0.7324,-14.6484,t001,AHC
2527336810,476288,3,tobillo,loading,-0.0898,0.9546,-0.2648,-2.9297,0.1221,-15.0146,t001,AHC
2527336853,476304,3,tobillo,loading,-0.1039,0.9628,-0.2563,-1.0986,-5.2490,-16.4795,t001,AHC
2527336854,476321,3,tobillo,loading,-0.1294,0.9745,-0.2318,-0.6714,-6.1035,-17.3950,t001,AHC
2527336892,476337,3,tobillo,loading,-0.1339,0.9700,-0.2253,0.0000,-4.3335,-19.3481,t001,AHC
2527336893,476353,3,tobillo,loading,-0.1018,0.9489,-0.2257,-0.1221,-3.4790,-20.2026,t001,AHC
2527336894,476369,3,tobillo,loading,-0.0760,0.9431,-0.2377,-1.0376,-3.0518,-20.9961,t001,AHC
2527336937,476385,3,tobillo,loading,-0.0829,0.9467,-0.2423,-1.1597,-3.4790,-21.3013,t001,AHC
2527336937,476402,3,tobillo,loading,-0.0798,0.9406,-0.2581,-0.6104,-3.5400,-21.4844,t001,AHC
2527336937,476418,3,tobillo,loading,-0.0653,0.9362,-0.2592,0.7935,-4.9438,-21.1792,t001,AHC
2527336974,476434,3,tobillo,loading,-0.0482,0.9452,-0.2439,1.2817,-6.2866,-20.7520,t001,AHC
2527336975,476450,3,tobillo,midstance,-0.0449,0.9535,-0.2247,1.6479,-7.4463,-19.6533,t001,AHC
2527337022,476466,3,tobillo,midstance,-0.0492,0.9513,-0.2223,1.2817,-7.3853,-18.9819,t001,AHC
2527337022,476482,3,tobillo,midstance,-0.0652,0.9587,-0.2275,0.7935,-7.0801,-19.4702,t001,AHC
2527337022,476498,3,tobillo,midstance,-0.0714,0.9637,-0.2319,0.9155,-5.8594,-21.3623,t001,AHC
2527337062,476514,3,tobillo,midstance,-0.0386,0.9625,-0.2421,1.4648,-5.1880,-22.2778,t001,AHC
2527337065,476530,3,tobillo,midstance,-0.0359,0.9606,-0.2499,2.7466,-5.4321,-23.3765,t001,AHC
2527337066,476546,3,tobillo,midstance,-0.0481,0.9553,-0.2511,3.6621,-4.6997,-24.5361,t001,AHC
2527337107,476562,3,tobillo,midstance,-0.0254,0.9609,-0.2330,3.7842,-3.4790,-25.3296,t001,AHC
2527337107,476578,3,tobillo,midstance,-0.0203,0.9661,-0.2271,3.9673,-1.4038,-26.6113,t001,AHC
2527337147,476594,3,tobillo,midstance,-0.0107,0.9597,-0.2208,3.9062,-0.6714,-26.8555,t001,AHC
2527337148,476610,3,tobillo,midstance,0.0240,0.9611,-0.2308,3.7842,-0.9766,-26.5503,t001,AHC
2527337148,476626,3,tobillo,midstance,0.0250,0.9594,-0.2366,4.2725,-2.5635,-25.6348,t001,AHC
2527337189,476642,3,tobillo,midstance,0.0259,0.9484,-0.2362,4.5166,-2.8687,-25.1465,t001,AHC
2527337190,476658,3,tobillo,midstance,0.0320,0.9524,-0.2311,5.0659,-3.1128,-24.4751,t001,AHC
2527337227,476674,3,tobillo,midstance,0.0414,0.9596,-0.2258,5.4321,-3.2959,-24.2920,t001,AHC
2527337228,476690,3,tobillo,terminal,0.0425,0.9595,-0.2279,6.0425,-4.9438,-24.2920,t001,AHC
2527337228,476706,3,tobillo,terminal,0.0404,0.9548,-0.2272,6.4087,-8.1177,-24.5361,t001,AHC
2527337273,476722,3,tobillo,terminal,0.0436,0.9709,-0.2217,6.4087,-10.0708,-25.1465,t001,AHC
2527337274,476738,3,tobillo,terminal,0.0236,0.9727,-0.2283,6.9580,-13.0005,-27.4658,t001,AHC
2527337274,476754,3,tobillo,terminal,0.0093,0.9761,-0.2332,7.3853,-12.8174,-29.4800,t001,AHC
2527337313,476769,3,tobillo,terminal,0.0087,0.9790,-0.2322,8.3618,-11.1694,-35.2173,t001,AHC
2527337315,476785,3,tobillo,terminal,0.0033,0.9733,-0.2340,8.9111,-9.1553,-38.5132,t001,AHC
2527337356,476801,3,tobillo,terminal,0.0332,0.9906,-0.2375,10.1318,-4.9438,-45.7764,t001,AHC
2527337357,476817,3,tobillo,terminal,0.0912,0.9917,-0.2306,12.8174,-5.5542,-52.1851,t001,AHC
2527337357,476833,3,tobillo,terminal,0.1368,0.9714,-0.2091,13.3057,-8.4229,-53.4668,t001,AHC
2527337394,476849,3,tobillo,terminal,0.1359,0.9691,-0.2040,12.5122,-12.4512,-54.5044,t001,AHC
2527337396,476865,3,tobillo,terminal,0.1396,0.9724,-0.2147,12.6953,-13.6719,-55.5420,t001,AHC
2527337438,476881,3,tobillo,terminal,0.1351,0.9843,-0.2201,14.3433,-15.8081,-59.6924,t001,AHC
2527337438,476897,3,tobillo,terminal,0.1429,0.9962,-0.2273,16.0522,-17.2119,-64.7583,t001,AHC
2527337439,476913,3,tobillo,terminal,0.1372,1.0585,-0.2738,16.4185,-19.1650,-67.7490,t001,AHC
2527337476,476929,3,tobillo,terminal,0.1277,1.0978,-0.2803,17.7612,-25.0244,-74.6460,t001,AHC
2527337479,476945,3,tobillo,terminal,0.1437,1.1654,-0.2482,19.2261,-27.5879,-79.4067,t001,AHC
2527337479,476961,3,tobillo,terminal,0.1406,1.1869,-0.2292,19.5313,-33.7524,-92.1020,t001,AHC
2527337519,476977,3,tobillo,terminal,0.1238,1.3315,-0.0719,18.4937,-38.0859,-108.9477,t001,AHC
2527337519,476992,3,tobillo,terminal,0.0934,1.4313,-0.0375,17.1509,-37.4146,-117.4316,t001,AHC
2527337558,477008,3,tobillo,swing,0.1339,1.4589,-0.0609,8.3008,-34.7900,-137.3901,t001,AHC
2527337559,477024,3,tobillo,swing,0.1407,1.4329,-0.1263,4.8828,-36.4380,-144.6533,t001,AHC
2527337559,477040,3,tobillo,swing,0.1267,1.3821,-0.1658,1.7700,-44.4946,-151.0010,t001,AHC
2527337603,477056,3,tobillo,swing,0.0151,1.2932,-0.2308,-0.4272,-52.1240,-151.4282,t001,AHC
2527337604,477072,3,tobillo,swing,0.2704,1.2057,-0.2319,-4.2114,-75.1953,-144.9585,t001,AHC
2527337606,477088,3,tobillo,swing,0.4088,1.1362,-0.2157,-1.5259,-100.4639,-130.6763,t001,AHC
2527337644,477104,3,tobillo,swing,0.3125,0.9397,-0.2122,1.6479,-113.8916,-121.2768,t001,AHC
2527337645,477120,3,tobillo,swing,0.2480,0.8737,-0.1495,9.0332,-109.4360,-109.3140,t001,AHC
2527337686,477136,3,tobillo,swing,0.3547,0.7563,-0.0865,14.2212,-93.0176,-105.7129,t001,AHC
2527337686,477152,3,tobillo,swing,0.5046,0.6052,-0.1698,23.4985,-65.1245,-88.1348,t001,AHC
2527337687,477168,3,tobillo,swing,0.5760,0.5399,-0.2084,29.7241,-40.4053,-66.7725,t001,AHC
2527337724,477184,3,tobillo,swing,0.6515,0.5626,-0.2200,28.5645,-23.0103,-62.3169,t001,AHC
2527337726,477200,3,tobillo,swing,0.7559,0.5997,-0.1285,19.2871,22.9492,-60.1807,t001,AHC
2527337768,477215,3,tobillo,swing,1.1379,0.4904,0.0192,15.6250,38.1470,-63.1714,t001,AHC
2527337769,477231,3,tobillo,swing,0.8829,0.4192,0.0688,7.7515,29.8462,-65.4907,t001,AHC
2527337769,477247,3,tobillo,swing,-0.3929,0.6738,-0.0372,8.1177,27.8931,-45.3491,t001,AHC
2527337807,477263,3,tobillo,swing,-0.7177,0.3943,-0.2358,20.7520,100.2197,15.9912,t001,AHC
2527337807,477279,3,tobillo,swing,-0.3148,0.2976,-0.1951,14.6484,159.7290,30.1514,t001,AHC
2527337848,477294,3,tobillo,swing,0.2823,0.5062,-0.1383,8.6060,148.4985,39.5508,t001,AHC
2527337848,477310,3,tobillo,swing,0.2433,0.5874,-0.1653,4.4556,82.3975,82.3364,t001,AHC
2527337849,477326,3,tobillo,swing,0.0316,0.6494,-0.1613,4.8218,52.6733,107.1167,t001,AHC
2527337885,477342,3,tobillo,swing,0.0288,0.6552,-0.1206,4.4556,17.2729,145.8740,t001,AHC
2527337888,477357,3,tobillo,swing,0.0416,0.6996,-0.0381,3.6621,7.6294,161.2549,t001,AHC
2527337929,477373,3,tobillo,swing,-0.0273,0.8027,-0.0299,1.5259,5.1270,191.2231,t001,AHC
2527337929,477389,3,tobillo,swing,-0.0223,0.8619,-0.0613,-1.7700,18.9819,214.1723,t001,AHC
2527337930,477405,3,tobillo,swing,0.0286,0.9779,-0.1265,-4.0894,28.2593,222.4121,t001,AHC
2527337967,477421,3,tobillo,swing,0.0508,1.0488,-0.1332,-9.5215,51.5137,235.5957,t001,AHC
2527337969,477437,3,tobillo,swing,0.1155,1.2130,-0.1134,-10.6812,61.7065,241.8823,t001,AHC
2527337970,477452,3,tobillo,swing,0.1489,1.2780,-0.1086,-8.0566,68.0542,252.6855,t001,AHC
2527338010,477468,3,tobillo,swing,0.2346,1.3621,-0.1218,-5.0659,64.8804,256.2256,t001,AHC
2527338011,477484,3,tobillo,swing,0.2760,1.3934,-0.1716,0.8545,53.7109,261.7798,t001,AHC
2527338048,477500,3,tobillo,swing,0.2872,1.4009,-0.2008,3.7231,39.1846,265.4419,t001,AHC
2527338050,477515,3,tobillo,swing,0.3362,1.4189,-0.2300,4.4556,28.4424,265.9912,t001,AHC
2527338050,477531,3,tobillo,swing,0.3662,1.4242,-0.2286,5.0659,3.1128,262.6343,t001,AHC
2527338091,477547,3,tobillo,swing,0.3792,1.4169,-0.2313,4.0283,-5.0049,258.1787,t001,AHC
2527338092,477563,3,tobillo,swing,0.3781,1.3955,-0.2339,-1.5869,-9.6436,241.1499,t001,AHC
2527338131,477579,3,tobillo,swing,0.4552,1.3350,-0.2100,-5.8594,-10.9253,228.0884,t001,AHC
2527338132,477594,3,tobillo,swing,0.5450,1.2577,-0.1021,-14.7095,-16.4185,194.6411,t001,AHC
2527338132,477610,3,tobillo,swing,0.5968,1.2325,-0.0537,-14.5874,-19.9585,153.8696,t001,AHC
2527338173,477626,3,tobillo,swing,0.6626,1.0692,-0.0402,-11.2915,-21.0571,128.9062,t001,AHC
2527338174,477642,3,tobillo,swing,0.6976,0.9827,-0.0222,-9.6436,-20.0195,70.4346,t001,AHC
2527338210,477658,3,tobillo,swing,0.6395,0.9200,0.0344,-11.0474,-17.3340,39.8560,t001,AHC
2527338211,477674,3,tobillo,swing,0.5320,1.0358,0.0367,-13.0005,3.8452,-24.9023,t001,AHC
2527338211,477690,3,tobillo,loading,0.6377,0.9999,0.0311,-9.0942,38.5132,-85.9985,t001,AHC
2527338257,477706,3,tobillo,loading,-1.0007,1.0903,-0.1678,-8.7280,32.5928,-100.4028,t001,AHC
2527338257,477722,3,tobillo,loading,-1.4520,1.0973,-0.1417,-6.7749,15.0757,-62.3779,t001,AHC
2527338257,477738,3,tobillo,loading,0.2064,1.0697,-0.0286,-6.5918,12.1460,-57.6172,t001,AHC
2527338297,477754,3,tobillo,loading,0.1931,1.1538,-0.2340,-14.1602,-23.6206,-83.3740,t001,AHC
2527338299,477770,3,tobillo,loading,-0.5286,1.2045,-0.2649,-16.5405,-30.0293,-88.0127,t001,AHC
2527338341,477786,3,tobillo,loading,-0.1060,1.0826,-0.1595,-17.5171,2.1973,-94.7266,t001,AHC
2527338341,477802,3,tobillo,loading,-0.0172,1.0444,-0.1316,-19.7754,6.2256,-93.2007,t001,AHC
2527338342,477818,3,tobillo,loading,-0.0433,0.9178,-0.2092,-20.3857,0.1221,-87.8906,t001,AHC
2527338378,477834,3,tobillo,loading,0.0355,0.9187,-0.2990,-25.0244,-3.1738,-76.4160,t001,AHC
2527338381,477850,3,tobillo,loading,0.1133,1.0416,-0.2664,-25.7568,-2.3804,-70.9229,t001,AHC
2527338415,477866,3,tobillo,loading,0.0096,0.9901,-0.1857,-19.4702,-7.9346,-56.6406,t001,AHC
2527338424,477882,3,tobillo,loading,-0.0161,0.9839,-0.2135,-17.5781,-12.2681,-46.6919,t001,AHC
2527338424,477898,3,tobillo,loading,-0.0664,0.9932,-0.2076,-17.5171,-11.2305,-43.8843,t001,AHC
2527338462,477914,3,tobillo,loading,-0.0736,0.9940,-0.1843,-18.0054,-6.5308,-40.1611,t001,AHC
2527338464,477930,3,tobillo,loading,-0.1184,0.9878,-0.2135,-19.2871,-4.4556,-39.7949,t001,AHC
2527338465,477946,3,tobillo,loading,-0.0319,0.9825,-0.2531,-19.8364,-1.7090,-37.0483,t001,AHC
2527338505,477963,3,tobillo,loading,-0.0342,0.9602,-0.2646,-16.4795,-4.6997,-32.0435,t001,AHC
2527338506,477979,3,tobillo,loading,-0.0448,0.9407,-0.2892,-14.9536,-4.8828,-29.8462,t001,AHC
2527338544,477995,3,tobillo,loading,-0.0446,0.9501,-0.2920,-11.3525,-4.6387,-26.6113,t001,AHC
2527338545,478011,3,tobillo,loading,-0.0654,0.9714,-0.2800,-8.9722,-4.6387,-25.3296,t001,AHC
2527338546,478027,3,tobillo,loading,-0.0687,0.9717,-0.2753,-5.2490,-1.9531,-23.9258,t001,AHC
2527338587,478043,3,tobillo,loading,-0.0472,0.9720,-0.2651,-3.6621,-0.9155,-23.4985,t001,AHC
2527338588,478059,3,tobillo,loading,-0.0233,0.9667,-0.2496,-3.4790,-2.0142,-22.7661,t001,AHC
2527338626,478075,3,tobillo,loading,-0.0127,0.9639,-0.2484,-4.2114,-7.9956,-19.9585,t001,AHC
2527338626,478091,3,tobillo,loading,-0.0504,0.9543,-0.2573,-4.7607,-12.1460,-18.9209,t001,AHC
2527338627,478108,3,tobillo,midstance,-0.0771,0.9475,-0.2657,-6.1646,-15.4419,-18.7378,t001,AHC
2527338673,478124,3,tobillo,midstance,-0.0446,0.9482,-0.2747,-6.5918,-14.0381,-19.0430,t001,AHC
2527338673,478140,3,tobillo,midstance,0.0005,0.9462,-0.2856,-5.9814,-15.6250,-18.8599,t001,AHC
2527338674,478156,3,tobillo,midstance,-0.0165,0.9447,-0.2836,-4.5776,-20.2026,-18.9209,t001,AHC
2527338712,478172,3,tobillo,midstance,-0.0369,0.9392,-0.2764,-4.2114,-20.3247,-19.3481,t001,AHC
2527338714,478188,3,tobillo,midstance,-0.0636,0.9535,-0.2710,-4.3335,-17.3340,-21.7285,t001,AHC
2527338757,478204,3,tobillo,midstance,-0.0564,0.9612,-0.2656,-4.8828,-13.7329,-25.0854,t001,AHC
2527338757,478220,3,tobillo,midstance,-0.0363,0.9696,-0.2570,-5.3711,-13.3057,-26.6113,t001,AHC
2527338757,478236,3,tobillo,midstance,-0.0298,0.9755,-0.2634,-6.4697,-15.2588,-30.5176,t001,AHC
2527338795,478252,3,tobillo,midstance,0.0201,0.9639,-0.2753,-6.4087,-17.3340,-32.2266,t001,AHC
2527338797,478268,3,tobillo,midstance,0.0389,0.9407,-0.3013,-5.8594,-19.9585,-34.1187,t001,AHC
2527338840,478284,3,tobillo,midstance,0.0386,0.9403,-0.3036,-5.6152,-19.6533,-34.5459,t001,AHC
2527338841,478300,3,tobillo,midstance,0.0421,0.9583,-0.2980,-5.0659,-18.5547,-35.2173,t001,AHC
2527338841,478316,3,tobillo,midstance,0.0448,0.9496,-0.2944,-3.6011,-16.2354,-36.9873,t001,AHC
2527338879,478332,3,tobillo,terminal,0.0765,0.9414,-0.2781,-3.2349,-14.2822,-37.3535,t001,AHC
2527338879,478348,3,tobillo,terminal,0.1401,0.9315,-0.2791,-1.8311,-10.2539,-36.4990,t001,AHC
2527338883,478364,3,tobillo,terminal,0.1583,0.9241,-0.2844,-0.1221,-8.7280,-33.2031,t001,AHC
2527338926,478380,3,tobillo,terminal,0.1499,0.9204,-0.2915,0.6104,-8.4839,-31.1890,t001,AHC
2527338926,478396,3,tobillo,terminal,0.1285,0.9254,-0.2932,1.4648,-7.9346,-29.0527,t001,AHC
2527338966,478412,3,tobillo,terminal,0.1279,0.9291,-0.2827,1.9531,-7.2021,-28.8086,t001,AHC
2527338968,478428,3,tobillo,terminal,0.1678,0.9218,-0.2820,2.8076,-6.0425,-28.0151,t001,AHC
2527338968,478444,3,tobillo,terminal,0.1766,0.9233,-0.2860,3.7842,-6.7139,-25.6958,t001,AHC
2527339010,478460,3,tobillo,terminal,0.1787,0.9233,-0.2876,4.4556,-7.6904,-24.2310,t001,AHC
2527339011,478476,3,tobillo,terminal,0.1764,0.9249,-0.2795,5.6152,-8.9111,-22.0947,t001,AHC
2527339011,478492,3,tobillo,terminal,0.1793,0.9283,-0.2732,6.2866,-8.8501,-21.3623,t001,AHC
2527339049,478508,3,tobillo,terminal,0.1821,0.9274,-0.2776,7.3242,-8.6670,-20.0806,t001,AHC
2527339051,478524,3,tobillo,terminal,0.1864,0.9337,-0.2804,8.0566,-10.6201,-19.3481,t001,AHC
2527339092,478540,3,tobillo,terminal,0.1749,0.9431,-0.2687,8.2397,-12.0850,-19.4702,t001,AHC
2527339093,478556,3,tobillo,terminal,0.1660,0.9429,-0.2603,8.4229,-13.4277,-20.6299,t001,AHC
2527339094,478572,3,tobillo,terminal,0.1686,0.9510,-0.2482,8.6670,-13.0615,-21.6064,t001,AHC
2527339131,478588,3,tobillo,terminal,0.1670,0.9580,-0.2517,10.1318,-10.2539,-24.1089,t001,AHC
2527339131,478604,3,tobillo,swing,0.1910,0.9424,-0.2814,11.9629,-8.6060,-25.7568,t001,AHC
2527339143,478620,3,tobillo,swing,0.1998,0.9268,-0.2559,12.0239,-9.3384,-27.3437,t001,AHC
2527339177,478636,3,tobillo,swing,0.2023,0.9475,-0.2310,11.0474,-8.5449,-27.7710,t001,AHC
2527339177,478652,3,tobillo,swing,0.2180,0.9429,-0.2266,12.3291,-7.0801,-28.4424,t001,AHC
2527339216,478668,3,tobillo,swing,0.2312,0.9186,-0.2349,13.4888,-6.7139,-29.7241,t001,AHC
2527339218,478684,3,tobillo,swing,0.2357,0.9192,-0.2179,12.8784,-8.4839,-30.4565,t001,AHC
2527339218,478700,3,tobillo,swing,0.2222,0.9191,-0.2355,13.0615,-11.1694,-32.6538,t001,AHC
2527339259,478716,3,tobillo,swing,0.2283,0.9189,-0.2488,13.6108,-10.3760,-35.5835,t001,AHC
2527339260,478732,3,tobillo,swing,0.2842,0.9332,-0.2402,13.6108,-9.8267,-36.3159,t001,AHC
2527339297,478748,3,tobillo,swing,0.2966,0.9435,-0.2345,14.2212,-11.5967,-36.6821,t001,AHC
2527339299,478764,3,tobillo,swing,0.2886,0.9635,-0.2249,14.7705,-13.2446,-36.9263,t001,AHC
2527339299,478780,3,tobillo,swing,0.2852,0.9677,-0.2230,16.5405,-15.0757,-38.4521,t001,AHC
2527339340,478795,3,tobillo,swing,0.2938,0.9685,-0.2253,18.1274,-15.6250,-40.4663,t001,AHC
2527339341,478811,3,tobillo,swing,0.2921,0.9752,-0.2347,18.5547,-16.3574,-41.5649,t001,AHC
2527339379,478827,3,tobillo,swing,0.2787,0.9883,-0.2302,18.6768,-19.3481,-46.2646,t001,AHC
2527339381,478843,3,tobillo,swing,0.2313,1.0397,-0.2146,19.4702,-20.1416,-49.9878,t001,AHC
2527339381,478859,3,tobillo,swing,0.2379,1.0470,-0.2158,22.6440,-19.3481,-58.7158,t001,AHC
2527339422,478875,3,tobillo,swing,0.3062,1.0469,-0.2288,23.7427,-18.4937,-62.8052,t001,AHC
2527339423,478891,3,tobillo,swing,0.2725,1.0851,-0.2723,24.4141,-17.9443,-70.2515,t001,AHC
2527339452,478907,3,tobillo,swing,0.2449,1.1351,-0.2776,21.0571,-20.0806,-80.6885,t001,AHC
2527339460,478923,3,tobillo,swing,0.2339,1.2883,-0.2384,17.9443,-22.9492,-86.7920,t001,AHC
2527339462,478939,3,tobillo,swing,0.2383,1.3197,-0.1930,11.2305,-31.9824,-97.9004,t001,AHC
2527339503,478955,3,tobillo,swing,0.2958,1.2935,-0.0878,9.0942,-37.8418,-100.0366,t001,AHC
2527339503,478971,3,tobillo,swing,0.3557,1.1885,-0.0613,7.9346,-48.8281,-98.1445,t001,AHC
2527339540,478987,3,tobillo,swing,0.3749,1.1511,-0.1062,5.4932,-55.6641,-99.1211,t001,AHC
2527339542,479003,3,tobillo,swing,0.3835,1.0134,-0.2091,4.0894,-60.6689,-98.9990,t001,AHC
2527339542,479019,3,tobillo,swing,0.4408,0.9846,-0.2025,1.7090,-68.9087,-97.4731,t001,AHC
2527339582,479035,3,tobillo,swing,0.4500,0.9175,-0.1416,2.9907,-69.1528,-94.7876,t001,AHC
2527339583,479051,3,tobillo,swing,0.5150,0.7521,-0.2206,6.6528,-62.1948,-85.0220,t001,AHC
2527339619,479067,3,tobillo,swing,0.6165,0.7253,-0.2374,3.4790,-56.5796,-80.5664,t001,AHC
2527339621,479083,3,tobillo,swing,0.8491,0.7719,-0.0815,2.0752,-52.7954,-82.3364,t001,AHC
2527339622,479099,3,tobillo,swing,0.8138,0.7590,-0.0439,3.6621,-50.0488,-80.9326,t001,AHC
2527339662,479115,3,tobillo,swing,0.0038,0.6232,-0.0869,4.1504,-51.5137,-67.8711,t001,AHC
2527339663,479131,3,tobillo,swing,-0.0245,0.5192,-0.0758,0.9766,-30.4565,-29.0527,t001,AHC
2527339672,479147,3,tobillo,swing,0.1659,0.5111,-0.0098,-1.8921,-4.0283,-10.7422,t001,AHC
2527339700,479163,3,tobillo,swing,0.2748,0.5553,0.0192,-1.2207,-1.7700,-1.3428,t001,AHC
2527339702,479179,3,tobillo,swing,0.2285,0.5560,-0.0065,-0.4883,8.4839,19.5313,t001,AHC
2527339744,479195,3,tobillo,swing,0.2690,0.5850,0.0132,0.0610,18.7378,28.2593,t001,AHC
2527339744,479211,3,tobillo,swing,0.3547,0.6036,0.0330,2.9297,32.5928,43.7622,t001,AHC
2527339744,479226,3,tobillo,swing,0.4225,0.6324,-0.0054,4.5166,32.2876,51.8188,t001,AHC
2527339783,479242,3,tobillo,swing,0.3889,0.6550,-0.0763,6.0425,26.4282,66.4063,t001,AHC
2527339783,479258,3,tobillo,swing,0.3959,0.6793,-0.0929,5.0049,25.6348,76.7822,t001,AHC
2527339825,479273,3,tobillo,swing,0.4320,0.7432,-0.0962,4.5776,24.9634,81.7261,t001,AHC
2527339825,479289,3,tobillo,swing,0.4305,0.7650,-0.0984,4.6997,18.3105,92.7124,t001,AHC
2527339825,479305,3,tobillo,swing,0.3866,0.7853,-0.1102,4.3335,14.8315,98.0225,t001,AHC
2527339862,479321,3,tobillo,swing,0.3713,0.7947,-0.1128,1.4648,11.9019,107.4829,t001,AHC
2527339865,479337,3,tobillo,swing,0.3612,0.8181,-0.1138,-0.4272,11.7187,111.5723,t001,AHC
2527339906,479352,3,tobillo,swing,0.3485,0.8593,-0.1281,-4.2725,13.4277,118.5913,t001,AHC
2527339906,479368,3,tobillo,swing,0.3505,0.8911,-0.1333,-7.5073,19.2871,124.2065,t001,AHC
2527339907,479384,3,tobillo,swing,0.3263,0.9534,-0.1323,-8.6060,23.0103,126.2207,t001,AHC
2527339944,479400,3,tobillo,swing,0.2959,0.9788,-0.1296,-10.3760,33.9355,127.4414,t001,AHC
2527339946,479416,3,tobillo,swing,0.2747,1.0291,-0.1160,-11.4136,42.4194,127.0752,t001,AHC
2527339972,479432,3,tobillo,swing,0.2983,1.0533,-0.1127,-11.4746,56.7627,127.4414,t001,AHC
2527339988,479447,3,tobillo,swing,0.3052,1.0686,-0.1344,-10.4980,59.2651,127.5635,t001,AHC
2527339989,479463,3,tobillo,swing,0.3029,1.0789,-0.1483,-8.2397,61.0352,126.9531,t001,AHC
2527340026,479479,3,tobillo,swing,0.3062,1.0841,-0.1510,-6.5918,63.1103,127.2583,t001,AHC
2527340027,479495,3,tobillo,swing,0.2662,1.0868,-0.1558,-6.1646,64.1479,127.7466,t001,AHC
2527340063,479511,3,tobillo,swing,0.2430,1.0862,-0.1545,-5.6763,65.7959,127.7466,t001,AHC
2527340068,479527,3,tobillo,swing,0.2179,1.0728,-0.1528,-5.5542,65.6738,127.3193,t001,AHC
2527340069,479542,3,tobillo,swing,0.2023,1.0646,-0.1537,-6.0425,63.3545,126.8310,t001,AHC
2527340106,479558,3,tobillo,swing,0.1940,1.0740,-0.1527,-6.2866,61.3403,126.8921,t001,AHC
2527340108,479574,3,tobillo,swing,0.1819,1.0698,-0.1490,-5.2490,54.6265,127.2583,t001,AHC
2527340108,479590,3,tobillo,swing,0.1686,1.0538,-0.1455,-3.7231,46.5698,127.6245,t001,AHC
2527340148,479606,3,tobillo,swing,0.1300,1.0361,-0.1377,-3.4790,42.3584,128.3569,t001,AHC
2527340148,479622,3,tobillo,swing,0.1105,1.0402,-0.1321,-3.2349,32.5928,130.0049,t001,AHC
2527340185,479637,3,tobillo,swing,0.0813,1.0496,-0.1222,-2.7466,27.7710,130.3711,t001,AHC
2527340187,479653,3,tobillo,swing,0.0608,1.0399,-0.1161,-2.1362,20.8130,129.9438,t001,AHC
2527340188,479669,3,tobillo,swing,0.0328,1.0297,-0.1077,-2.4414,18.9209,129.3945,t001,AHC
2527340229,479685,3,tobillo,swing,0.0544,1.0463,-0.1219,-3.8452,16.3574,127.6855,t001,AHC
2527340230,479701,3,tobillo,swing,0.0704,1.0459,-0.1288,-4.4556,11.2305,123.4741,t001,AHC
2527340266,479716,3,tobillo,swing,0.0826,1.0110,-0.1395,-4.5776,7.3242,119.4458,t001,AHC
2527340269,479732,3,tobillo,swing,0.0879,0.9984,-0.1456,-6.2866,-0.9766,108.6426,t001,AHC
2527340269,479748,3,tobillo,swing,0.1083,0.9896,-0.1459,-7.4463,-5.9814,102.2949,t001,AHC
2527340309,479764,3,tobillo,swing,0.1300,0.9607,-0.1277,-8.7280,-16.4185,87.2803,t001,AHC
2527340310,479780,3,tobillo,swing,0.1364,0.9438,-0.1160,-9.7656,-20.9351,67.5659,t001,AHC
2527340348,479796,3,tobillo,swing,0.1310,0.9260,-0.0842,-10.2539,-20.2637,56.1523,t001,AHC
2527340348,479812,3,tobillo,swing,0.1338,0.9189,-0.0707,-10.4980,-14.2212,31.7383,t001,AHC
2527340349,479828,3,tobillo,loading,0.1385,0.9081,-0.0746,-10.5591,-9.7046,19.2261,t001,AHC
2527340394,479844,3,tobillo,loading,0.1486,0.9055,-0.0823,-10.4980,1.3428,-5.1270,t001,AHC
2527340394,479860,3,tobillo,loading,0.1906,0.8994,-0.0647,-10.0708,5.9814,-16.6626,t001,AHC
2527340394,479876,3,tobillo,loading,0.1614,0.8923,-0.0944,-8.9111,11.1694,-37.5366,t001,AHC
2527340434,479892,3,tobillo,loading,0.1012,0.9226,-0.1759,-10.8032,11.1084,-55.7251,t001,AHC
2527340435,479908,3,tobillo,loading,-0.6686,1.0331,-0.0293,-7.5073,3.5400,-58.2886,t001,AHC
2527340475,479924,3,tobillo,loading,-1.0801,1.0839,-0.0140,3.4790,-6.8970,-35.5225,t001,AHC
2527340476,479940,3,tobillo,loading,-0.2333,1.0719,-0.1454,1.0986,-0.0610,-29.9072,t001,AHC
2527340477,479956,3,tobillo,loading,-0.0948,1.3286,-0.2327,-13.7939,-24.2920,-57.0679,t001,AHC
2527340515,479972,3,tobillo,loading,-0.3499,1.3314,-0.1879,-15.9912,-34.7900,-70.7397,t001,AHC
2527340516,479988,3,tobillo,loading,-0.2036,1.1368,-0.1559,-16.1133,-15.6860,-73.0591,t001,AHC
2527340557,480004,3,tobillo,loading,-0.1019,1.0895,-0.1498,-18.1274,1.4648,-77.5146,t001,AHC
2527340558,480020,3,tobillo,loading,-0.0171,0.9906,-0.3068,-19.2261,-0.6714,-75.7446,t001,AHC
2527340558,480036,3,tobillo,loading,0.0081,1.0206,-0.2860,-20.5078,6.7749,-71.4111,t001,AHC
2527340595,480052,3,tobillo,loading,0.0420,0.9987,-0.2133,-12.0239,0.2441,-57.0679,t001,AHC
2527340597,480068,3,tobillo,loading,-0.0063,0.9602,-0.2303,-10.0708,-9.2163,-50.5981,t001,AHC
2527340638,480084,3,tobillo,loading,-0.0746,0.9835,-0.2358,-9.8267,-10.0708,-42.7246,t001,AHC
2527340639,480100,3,tobillo,loading,-0.1404,0.9799,-0.1750,-8.3008,-3.2349,-38.2690,t001,AHC
2527340639,480116,3,tobillo,loading,-0.1410,0.9678,-0.1882,-7.8125,10.3149,-33.2642,t001,AHC
2527340676,480132,3,tobillo,loading,-0.1271,0.9824,-0.2081,-10.0098,16.7847,-31.8603,t001,AHC
2527340678,480148,3,tobillo,loading,-0.1240,0.9689,-0.2245,-9.8877,16.2964,-30.8838,t001,AHC
2527340720,480164,3,tobillo,loading,-0.1100,0.9569,-0.2316,-9.1553,10.1318,-29.5410,t001,AHC
2527340720,480180,3,tobillo,loading,-0.0974,0.9773,-0.2406,-8.7280,5.7373,-29.2358,t001,AHC
2527340721,480196,3,tobillo,loading,-0.1057,0.9646,-0.2341,-6.8359,-2.1973,-28.2593,t001,AHC
2527340758,480212,3,tobillo,loading,-0.0941,0.9658,-0.2283,-6.5918,-5.4932,-27.3437,t001,AHC
2527340760,480228,3,tobillo,loading,-0.0651,0.9709,-0.2168,-6.7749,-5.9814,-26.7944,t001,AHC
2527340784,480244,3,tobillo,loading,-0.0593,0.9678,-0.2120,-6.7749,-6.7749,-25.3906,t001,AHC
2527340802,480260,3,tobillo,loading,-0.0614,0.9501,-0.2187,-6.5918,-7.0801,-24.3530,t001,AHC
2527340802,480277,3,tobillo,loading,-0.0594,0.9418,-0.2371,-5.8594,-6.4697,-22.6440,t001,AHC
2527340840,480293,3,tobillo,midstance,-0.0514,0.9387,-0.2416,-5.1270,-4.8218,-20.8740,t001,AHC
2527340840,480309,3,tobillo,midstance,-0.0588,0.9413,-0.2402,-5.0049,-4.4556,-20.2026,t001,AHC
2527340843,480325,3,tobillo,midstance,-0.0685,0.9432,-0.2338,-5.4321,-4.7607,-19.5923,t001,AHC
2527340886,480341,3,tobillo,midstance,-0.0527,0.9521,-0.2252,-5.9814,-4.6997,-19.4702,t001,AHC
2527340887,480357,3,tobillo,midstance,-0.0365,0.9567,-0.2371,-6.8359,-5.3711,-18.7988,t001,AHC
2527340925,480373,3,tobillo,midstance,-0.0414,0.9572,-0.2382,-6.8359,-7.3242,-18.6768,t001,AHC
2527340927,480389,3,tobillo,midstance,-0.0635,0.9648,-0.2533,-7.0190,-7.5073,-19.0430,t001,AHC
2527340928,480405,3,tobillo,midstance,-0.0712,0.9703,-0.2611,-6.3477,-11.1694,-20.4468,t001,AHC
2527340969,480421,3,tobillo,midstance,-0.0712,0.9613,-0.2405,-5.8594,-13.0005,-21.5454,t001,AHC
2527340969,480437,3,tobillo,midstance,-0.0404,0.9614,-0.2625,-5.4932,-11.7798,-23.9258,t001,AHC
2527340979,480453,3,tobillo,midstance,-0.0272,0.9623,-0.2698,-3.6011,-11.1084,-26.3672,t001,AHC
2527341006,480469,3,tobillo,midstance,-0.0122,0.9520,-0.2633,-2.5024,-12.0239,-27.4658,t001,AHC
2527341007,480486,3,tobillo,midstance,-0.0005,0.9462,-0.2463,-1.4648,-13.5498,-30.0903,t001,AHC
2527341049,480502,3,tobillo,midstance,0.0027,0.9558,-0.2236,-1.4038,-14.0381,-31.4331,t001,AHC
2527341049,480518,3,tobillo,midstance,-0.0275,0.9620,-0.2487,-1.1597,-13.1836,-34.7900,t001,AHC
2527341085,480534,3,tobillo,midstance,-0.0242,0.9576,-0.2629,-1.7700,-7.6904,-37.9639,t001,AHC
2527341087,480550,3,tobillo,midstance,0.0535,0.9623,-0.2738,-2.2583,-5.7983,-38.2080,t001,AHC
2527341088,480566,3,tobillo,midstance,0.0953,0.9673,-0.2633,-1.3428,-8.3618,-36.4380,t001,AHC
2527341129,480582,3,tobillo,midstance,0.1144,0.9568,-0.2404,-0.4272,-11.0474,-34.9731,t001,AHC
2527341129,480598,3,tobillo,midstance,0.1287,0.9427,-0.2466,0.6104,-13.1226,-31.4941,t001,AHC
2527341166,480614,3,tobillo,midstance,0.1267,0.9410,-0.2533,0.6714,-14.5264,-28.1982,t001,AHC
2527341166,480630,3,tobillo,terminal,0.0934,0.9542,-0.2527,0.6714,-15.7471,-27.4658,t001,AHC
2527341167,480646,3,tobillo,terminal,0.0801,0.9602,-0.2546,0.7324,-16.8457,-28.3203,t001,AHC
2527341211,480662,3,tobillo,terminal,0.0667,0.9590,-0.2684,0.8545,-16.4795,-29.7852,t001,AHC
2527341212,480677,3,tobillo,terminal,0.0731,0.9563,-0.2675,0.7935,-15.3809,-33.7524,t001,AHC
2527341212,480693,3,tobillo,terminal,0.0758,0.9594,-0.2595,0.7935,-15.1367,-36.2549,t001,AHC
2527341248,480709,3,tobillo,terminal,0.0944,0.9633,-0.2537,1.4648,-15.3198,-41.5039,t001,AHC
2527341250,480725,3,tobillo,terminal,0.1108,0.9623,-0.2546,2.3193,-14.7095,-46.6919,t001,AHC
2527341292,480741,3,tobillo,terminal,0.1401,0.9637,-0.2827,2.5024,-14.4653,-48.7671,t001,AHC
2527341292,480757,3,tobillo,terminal,0.1556,0.9646,-0.2864,2.8076,-16.2354,-51.6968,t001,AHC
2527341292,480773,3,tobillo,terminal,0.1858,0.9639,-0.2635,3.1738,-18.0664,-53.0395,t001,AHC
2527341330,480789,3,tobillo,terminal,0.2169,0.9492,-0.2549,3.7231,-21.5454,-55.0537,t001,AHC
2527341331,480805,3,tobillo,terminal,0.2368,0.9496,-0.2463,3.7231,-23.6206,-54.8096,t001,AHC
2527341371,480821,3,tobillo,terminal,0.2628,0.9602,-0.2325,3.9062,-24.1089,-54.3213,t001,AHC
2527341371,480837,3,tobillo,terminal,0.2616,0.9706,-0.2340,4.8218,-25.9399,-54.0771,t001,AHC
2527341372,480853,3,tobillo,terminal,0.2405,1.0162,-0.2056,6.5918,-27.6489,-53.9551,t001,AHC
2527341407,480869,3,tobillo,terminal,0.2383,1.0282,-0.1738,10.9863,-27.2217,-55.9692,t001,AHC
2527341408,480885,3,tobillo,swing,0.2463,1.0271,-0.1967,13.0615,-25.5737,-58.0444,t001,AHC
2527341452,480901,3,tobillo,swing,0.2308,1.0612,-0.2671,16.1133,-23.4985,-64.0259,t001,AHC
2527341453,480916,3,tobillo,swing,0.2144,1.0922,-0.2941,19.2261,-23.4985,-73.5474,t001,AHC
2527341453,480932,3,tobillo,swing,0.1906,1.1631,-0.2899,20.1416,-24.1699,-79.7119,t001,AHC
2527341491,480948,3,tobillo,swing,0.2092,1.1776,-0.2533,18.9209,-26.9775,-92.4683,t001,AHC
2527341492,480964,3,tobillo,swing,0.2373,1.2072,-0.1671,16.7236,-28.9917,-98.2666,t001,AHC
2527341533,480980,3,tobillo,swing,0.2206,1.1973,-0.1182,12.9395,-31.6772,-104.9194,t001,AHC
2527341533,480996,3,tobillo,swing,0.2017,1.1716,-0.1229,8.8501,-32.5317,-109.1309,t001,AHC
2527341534,481012,3,tobillo,swing,0.2522,1.1287,-0.1414,6.2866,-33.9966,-110.4126,t001,AHC
2527341571,481028,3,tobillo,swing,0.3198,1.0908,-0.1367,0.3662,-44.4946,-109.0698,t001,AHC
2527341573,481044,3,tobillo,swing,0.3273,1.0991,-0.1171,-3.3569,-56.2134,-108.0322,t001,AHC
2527341612,481060,3,tobillo,swing,0.2615,1.2097,-0.1005,-9.8877,-83.4961,-109.0698,t001,AHC
2527341613,481076,3,tobillo,swing,0.1808,1.2218,-0.0903,-11.2915,-99.1821,-116.3940,t001,AHC
2527341613,481092,3,tobillo,swing,0.2262,1.1416,-0.0438,-8.8501,-94.7266,-118.8354,t001,AHC
2527341650,481108,3,tobillo,swing,0.3059,1.1210,-0.0494,-2.6245,-68.2983,-124.5727,t001,AHC
2527341652,481124,3,tobillo,swing,0.2604,1.0364,-0.0862,2.9907,-60.0586,-119.7510,t001,AHC
2527341693,481140,3,tobillo,swing,0.3303,0.9336,-0.1405,21.3623,-43.2739,-97.9004,t001,AHC
2527341693,481156,3,tobillo,swing,0.5742,0.8005,-0.2656,28.8696,-31.4331,-86.9751,t001,AHC
2527341693,481172,3,tobillo,swing,0.5604,0.7607,-0.3146,33.8135,-11.9629,-70.3735,t001,AHC
2527341729,481188,3,tobillo,swing,0.5483,0.6796,-0.3418,28.8086,2.9297,-65.9180,t001,AHC
2527341732,481204,3,tobillo,swing,0.6600,0.4572,-0.3967,23.8037,10.8032,-68.8477,t001,AHC
2527341772,481220,3,tobillo,swing,0.7310,0.4348,-0.3665,11.7798,17.8223,-54.9316,t001,AHC
2527341772,481236,3,tobillo,swing,0.6282,0.5902,-0.3387,8.2397,24.7803,-34.0576,t001,AHC
2527341773,481251,3,tobillo,swing,0.3462,0.4331,-0.2225,8.3618,38.4521,-3.8452,t001,AHC
2527341809,481267,3,tobillo,swing,0.3207,0.3527,-0.1747,11.7187,38.7573,14.5264,t001,AHC
2527341811,481283,3,tobillo,swing,0.2424,0.3923,-0.1196,16.2354,34.7900,27.8320,t001,AHC
2527341852,481299,3,tobillo,swing,0.2498,0.3857,-0.1101,25.5737,30.5176,62.5610,t001,AHC
2527341852,481314,3,tobillo,swing,0.3450,0.3739,-0.1505,22.9492,32.4097,72.7539,t001,AHC
2527341853,481330,3,tobillo,swing,0.3613,0.4062,-0.1782,14.7705,30.6396,91.4917,t001,AHC
2527341890,481346,3,tobillo,swing,0.2920,0.4587,-0.1531,14.0991,24.2310,103.8818,t001,AHC
2527341892,481362,3,tobillo,swing,0.2664,0.4829,-0.1012,11.8408,17.8223,127.3193,t001,AHC
2527341931,481377,3,tobillo,swing,0.2882,0.5153,-0.0942,7.7515,21.4844,137.0239,t001,AHC
2527341931,481393,3,tobillo,swing,0.2715,0.6313,-0.0929,0.6714,26.8555,154.7241,t001,AHC
2527341931,481409,3,tobillo,swing,0.2612,0.6874,-0.0809,-0.2441,29.3579,169.9829,t001,AHC
2527341971,481424,3,tobillo,swing,0.3517,0.7583,-0.0658,-0.1221,32.5317,176.6357,t001,AHC
2527341971,481440,3,tobillo,swing,0.3928,0.7943,-0.0851,-1.2817,36.1938,188.2934,t001,AHC
2527341978,481456,3,tobillo,swing,0.3717,0.8912,-0.1387,-2.3804,36.8042,192.2607,t001,AHC
2527342011,481472,3,tobillo,swing,0.3516,0.9421,-0.1451,-4.7607,44.3726,194.5190,t001,AHC
2527342011,481488,3,tobillo,swing,0.3254,1.0310,-0.1216,-5.7983,52.2461,194.0307,t001,AHC
2527342046,481503,3,tobillo,swing,0.2684,1.0984,-0.1200,-7.5684,74.2188,193.1152,t001,AHC
2527342049,481519,3,tobillo,swing,0.2549,1.1287,-0.1343,-7.9956,97.6562,192.5659,t001,AHC
2527342088,481535,3,tobillo,swing,0.2766,1.1871,-0.1896,-7.4463,104.9805,192.2607,t001,AHC
2527342089,481551,3,tobillo,swing,0.2985,1.2266,-0.2186,-5.2490,105.2856,191.5893,t001,AHC
2527342089,481566,3,tobillo,swing,0.3458,1.2926,-0.2449,-3.2959,98.5107,191.8945,t001,AHC
2527342126,481582,3,tobillo,swing,0.3528,1.3052,-0.2423,0.9155,74.0967,193.0542,t001,AHC
2527342127,481598,3,tobillo,swing,0.3499,1.3022,-0.2190,2.8687,57.6782,193.1763,t001,AHC
2527342167,481614,3,tobillo,swing,0.3113,1.2601,-0.2052,5.7983,22.0947,191.7724,t001,AHC
2527342167,481629,3,tobillo,swing,0.2789,1.2423,-0.2065,4.4556,-3.2959,186.1572,t001,AHC
2527342168,481645,3,tobillo,swing,0.2352,1.1974,-0.1959,1.9531,-9.4604,181.7016,t001,AHC
2527342203,481661,3,tobillo,loading,0.2230,1.1783,-0.1725,-4.6997,-12.4512,169.1284,t001,AHC
2527342204,481677,3,tobillo,loading,0.2036,1.1498,-0.0984,-6.8970,-10.8643,160.8887,t001,AHC
2527342248,481693,3,tobillo,loading,0.2065,1.1187,-0.0745,-6.8359,-3.0518,139.5874,t001,AHC
2527342249,481709,3,tobillo,loading,0.2445,1.0614,-0.0928,-6.1035,2.9297,125.9766,t001,AHC
2527342249,481725,3,tobillo,loading,0.3523,0.9988,-0.0874,-4.8828,12.7563,95.2759,t001,AHC
2527342286,481740,3,tobillo,loading,0.3883,0.9568,-0.0784,-5.1270,9.5825,60.3638,t001,AHC
2527342289,481756,3,tobillo,loading,0.4072,0.9069,-0.0732,-5.7373,5.7983,41.5649,t001,AHC
2527342290,481772,3,tobillo,loading,0.3940,0.8922,-0.0778,-6.0425,0.8545,3.6621,t001,AHC
2527342328,481788,3,tobillo,loading,0.3352,0.9567,-0.1216,-6.3477,1.0986,-16.5405,t001,AHC
2527342329,481804,3,tobillo,loading,0.2845,1.0038,-0.0188,-3.4180,7.2021,-61.0962,t001,AHC
2527342365,481819,3,tobillo,loading,-0.4469,1.0770,-0.0845,-0.5493,4.0283,-78.6133,t001,AHC
2527342368,481835,3,tobillo,loading,-0.8831,1.0648,-0.1130,-0.6714,-8.0566,-58.8379,t001,AHC
2527342385,481851,3,tobillo,loading,-0.1758,1.0647,-0.1123,-9.2163,-10.9253,-58.4106,t001,AHC
2527342409,481867,3,tobillo,loading,-0.0702,1.2457,-0.2687,-15.0757,-25.0244,-73.1201,t001,AHC
2527342409,481883,3,tobillo,loading,-0.3873,1.2167,-0.2808,-16.1743,-24.0478,-82.3364,t001,AHC
2527342446,481899,3,tobillo,midstance,-0.1328,1.0292,-0.2959,-15.8691,-3.6621,-83.2519,t001,AHC
2527342446,481916,3,tobillo,midstance,0.1592,1.1478,-0.2977,-23.2544,18.1885,-83.7402,t001,AHC
2527342450,481931,3,tobillo,midstance,0.0427,1.1467,-0.2083,-15.8691,15.1978,-76.2939,t001,AHC
2527342491,481947,3,tobillo,midstance,0.0616,0.9753,-0.1770,-12.1460,11.6577,-69.0308,t001,AHC
2527342492,481963,3,tobillo,midstance,0.1019,0.9910,-0.1715,-10.9253,-6.4087,-57.8613,t001,AHC
2527342530,481979,3,tobillo,midstance,-0.0464,1.0164,-0.1628,-11.1694,-12.9395,-53.1616,t001,AHC
2527342530,481995,3,tobillo,midstance,-0.1029,0.9923,-0.1594,-11.9629,-6.1646,-46.0815,t001,AHC
2527342532,482011,3,tobillo,midstance,-0.0968,0.9827,-0.1764,-13.9160,2.9907,-42.2974,t001,AHC
2527342573,482027,3,tobillo,midstance,-0.1002,0.9506,-0.2323,-14.4043,4.8828,-40.9546,t001,AHC
2527342573,482043,3,tobillo,midstance,-0.0847,0.9447,-0.2461,-12.3291,6.6528,-38.2690,t001,AHC
2527342610,482059,3,tobillo,midstance,-0.0663,0.9502,-0.2631,-9.8877,5.8594,-36.6211,t001,AHC
2527342612,482075,3,tobillo,midstance,-0.1146,0.9742,-0.2450,-5.7983,-1.2817,-33.7524,t001,AHC
2527342613,482091,3,tobillo,midstance,-0.1368,0.9731,-0.2336,-4.3335,-2.0752,-33.9355,t001,AHC
2527342652,482107,3,tobillo,midstance,-0.0548,0.9685,-0.2280,-3.6621,2.1973,-33.6304,t001,AHC
2527342653,482123,3,tobillo,midstance,-0.0194,0.9734,-0.2130,-2.3804,1.5869,-32.4097,t001,AHC
2527342690,482139,3,tobillo,midstance,-0.0211,0.9788,-0.2222,-2.1362,-1.8921,-31.7993,t001,AHC
2527342690,482155,3,tobillo,midstance,-0.0110,0.9812,-0.2318,-0.9766,-6.3477,-30.3955,t001,AHC
2527342693,482171,3,tobillo,midstance,-0.0269,0.9622,-0.2350,0.8545,-9.0332,-28.9917,t001,AHC
2527342733,482187,3,tobillo,midstance,-0.0433,0.9486,-0.2258,1.0376,-9.0942,-28.8086,t001,AHC
2527342733,482203,3,tobillo,midstance,-0.0400,0.9573,-0.2236,0.5493,-7.9956,-29.2969,t001,AHC
2527342770,482219,3,tobillo,midstance,-0.0020,0.9733,-0.2369,0.6714,-7.6294,-29.4800,t001,AHC
2527342771,482235,3,tobillo,terminal,0.0067,0.9640,-0.2396,1.7700,-9.3994,-29.3579,t001,AHC
2527342771,482251,3,tobillo,terminal,0.0006,0.9501,-0.2247,2.1973,-10.4980,-29.5410,t001,AHC
2527342816,482267,3,tobillo,terminal,-0.0038,0.9563,-0.2251,2.4414,-9.7656,-30.7617,t001,AHC
2527342816,482283,3,tobillo,terminal,-0.0159,0.9595,-0.2341,2.0752,-7.3242,-32.9590,t001,AHC
2527342817,482299,3,tobillo,terminal,0.0060,0.9615,-0.2343,1.5259,-5.6763,-34.1187,t001,AHC
2527342856,482315,3,tobillo,terminal,0.0458,0.9664,-0.2251,0.9766,-4.6997,-35.2783,t001,AHC
2527342857,482330,3,tobillo,terminal,0.0741,0.9677,-0.2098,0.9766,-6.2256,-34.9731,t001,AHC
2527342897,482346,3,tobillo,terminal,0.0776,0.9562,-0.2087,1.1597,-8.3618,-34.1187,t001,AHC
2527342897,482362,3,tobillo,terminal,0.0793,0.9580,-0.2162,0.9766,-8.1787,-34.1797,t001,AHC
2527342898,482378,3,tobillo,terminal,0.0640,0.9626,-0.2328,1.0986,-7.9346,-34.7290,t001,AHC
2527342937,482394,3,tobillo,terminal,0.0590,0.9607,-0.2384,1.9531,-6.3477,-36.4990,t001,AHC
2527342937,482410,3,tobillo,terminal,0.0873,0.9526,-0.2322,2.2583,-5.3711,-37.3535,t001,AHC
2527342961,482425,3,tobillo,terminal,0.1155,0.9558,-0.2289,2.7466,-5.3711,-37.9028,t001,AHC
2527342978,482441,3,tobillo,terminal,0.1482,0.9608,-0.2224,3.1738,-6.8970,-37.3535,t001,AHC
2527342978,482457,3,tobillo,terminal,0.1368,0.9552,-0.2332,4.4556,-10.1929,-36.3159,t001,AHC
2527343016,482473,3,tobillo,swing,0.1309,0.9524,-0.2378,5.7983,-11.7798,-37.2314,t001,AHC
2527343016,482489,3,tobillo,swing,0.1315,0.9600,-0.2379,6.3477,-12.0850,-38.1470,t001,AHC
2527343060,482505,3,tobillo,swing,0.1401,0.9662,-0.2419,7.4463,-13.3057,-40.4053,t001,AHC
2527343060,482520,3,tobillo,swing,0.1685,0.9702,-0.2310,8.0566,-14.6484,-41.5039,t001,AHC
2527343060,482536,3,tobillo,swing,0.1716,0.9663,-0.2278,8.6670,-17.7612,-42.9687,t001,AHC
2527343099,482552,3,tobillo,swing,0.1775,0.9651,-0.2323,8.8501,-18.9209,-43.7012,t001,AHC
2527343100,482568,3,tobillo,swing,0.1826,0.9659,-0.2351,9.5825,-20.8740,-46.3257,t001,AHC
2527343102,482584,3,tobillo,swing,0.1854,0.9705,-0.2310,10.6201,-23.1934,-49.7436,t001,AHC
2527343141,482600,3,tobillo,swing,0.1876,0.9857,-0.2091,11.0474,-24.4141,-52.2461,t001,AHC
2527343141,482616,3,tobillo,swing,0.2004,0.9988,-0.2081,11.5356,-25.3906,-59.3262,t001,AHC
2527343179,482632,3,tobillo,swing,0.2220,1.0267,-0.2140,11.5967,-26.7334,-62.9883,t001,AHC
2527343181,482647,3,tobillo,swing,0.2189,1.0752,-0.2040,14.5874,-31.0669,-68.3594,t001,AHC
2527343181,482663,3,tobillo,swing,0.2065,1.1803,-0.2368,17.9443,-31.8603,-71.1060,t001,AHC
2527343220,482679,3,tobillo,swing,0.2332,1.1973,-0.2443,20.9961,-36.3770,-77.7588,t001,AHC
2527343220,482695,3,tobillo,swing,0.2130,1.2227,-0.1788,17.7002,-43.5791,-87.0361,t001,AHC
2527343257,482711,3,tobillo,swing,0.1621,1.2754,-0.0967,15.8081,-44.3115,-92.4072,t001,AHC
2527343259,482727,3,tobillo,swing,0.1548,1.2789,-0.0845,10.0708,-43.8232,-104.3701,t001,AHC
2527343284,482743,3,tobillo,swing,0.1368,1.2955,-0.0767,6.5918,-44.3726,-110.7178,t001,AHC
2527343298,482759,3,tobillo,swing,0.1460,1.3546,-0.1344,0.7324,-46.8750,-120.1782,t001,AHC
2527343298,482775,3,tobillo,swing,0.1530,1.3250,-0.1951,-1.4038,-58.5937,-123.9624,t001,AHC
2527343336,482791,3,tobillo,swing,0.1818,1.2489,-0.2839,-3.7842,-68.4814,-125.6103,t001,AHC
2527343338,482807,3,tobillo,swing,0.2849,1.2366,-0.2662,-7.3242,-92.5293,-130.4932,t001,AHC
2527343377,482823,3,tobillo,swing,0.5286,1.2222,-0.2146,-5.3101,-100.7080,-132.0190,t001,AHC
2527343377,482839,3,tobillo,swing,0.5333,1.0029,-0.2462,3.7842,-96.8018,-128.1738,t001,AHC
2527343377,482855,3,tobillo,swing,0.5518,0.8508,-0.3549,4.8828,-77.3315,-114.8682,t001,AHC
2527343415,482871,3,tobillo,swing,0.6379,0.7383,-0.4344,-0.7935,-71.0449,-105.5908,t001,AHC
2527343416,482887,3,tobillo,swing,0.7681,0.7296,-0.3348,-7.9956,-79.6509,-99.8535,t001,AHC
2527343433,482903,3,tobillo,swing,0.0974,0.6182,-0.1616,-5.1880,-86.6089,-92.4683,t001,AHC
2527343456,482919,3,tobillo,swing,-0.2598,0.5242,-0.1671,-5.1270,-60.2417,-50.5371,t001,AHC
2527343456,482935,3,tobillo,swing,-0.1483,0.3748,-0.1230,-11.8408,-2.0142,-29.4189,t001,AHC
2527343493,482951,3,tobillo,swing,0.0364,0.4170,-0.0088,-13.5498,20.9351,-20.5688,t001,AHC
2527343494,482967,3,tobillo,swing,0.1040,0.4415,-0.0138,-13.5498,59.5093,3.7842,t001,AHC
2527343535,482983,3,tobillo,swing,0.1968,0.4894,-0.0662,-13.2446,71.3501,18.4937,t001,AHC
2527343535,482998,3,tobillo,swing,0.2163,0.4971,-0.0793,-13.0615,81.4819,48.3398,t001,AHC
2527343536,483014,3,tobillo,swing,0.2605,0.5337,-0.0660,-12.2070,81.5430,62.5610,t001,AHC
2527343573,483030,3,tobillo,swing,0.2908,0.6007,-0.0735,-7.7515,69.2139,88.9282,t001,AHC
2527343574,483046,3,tobillo,swing,0.2889,0.6449,-0.0896,-3.8452,46.5698,110.6567,t001,AHC
2527343614,483061,3,tobillo,swing,0.3219,0.7451,-0.1000,-2.1362,36.3770,119.6289,t001,AHC
2527343614,483077,3,tobillo,swing,0.3442,0.7858,-0.1072,-0.1221,25.1465,136.4136,t001,AHC
2527343615,483093,3,tobillo,swing,0.3134,0.8561,-0.1420,-0.5493,24.5972,144.7144,t001,AHC
2527343652,483109,3,tobillo,swing,0.2625,0.8927,-0.1461,-3.1128,30.9448,157.7759,t001,AHC
2527343653,483124,3,tobillo,swing,0.2222,0.9558,-0.0997,-4.0283,36.5601,161.3769,t001,AHC
2527343693,483140,3,tobillo,swing,0.2290,0.9873,-0.0748,-5.5542,50.6592,165.5273,t001,AHC
2527343694,483156,3,tobillo,swing,0.2112,1.0082,-0.0818,-7.6294,71.7773,169.4946,t001,AHC
2527343694,483172,3,tobillo,swing,0.2023,1.0687,-0.0980,-7.6904,83.7402,172.1802,t001,AHC
2527343730,483188,3,tobillo,swing,0.2194,1.0985,-0.1166,-4.6387,96.0083,178.2226,t001,AHC
2527343732,483203,3,tobillo,swing,0.2361,1.1499,-0.1639,-2.3804,94.7876,181.1523,t001,AHC
2527343759,483219,3,tobillo,swing,0.2419,1.1707,-0.1764,2.3193,85.2051,187.0117,t001,AHC
2527343773,483235,3,tobillo,swing,0.2552,1.1831,-0.1835,4.4556,78.3691,189.8193,t001,AHC
2527343773,483251,3,tobillo,swing,0.2615,1.1815,-0.1989,7.0801,61.8896,194.8852,t001,AHC
2527343809,483266,3,tobillo,swing,0.2661,1.1807,-0.2070,7.8735,45.1050,199.4629,t001,AHC
2527343810,483282,3,tobillo,loading,0.2697,1.1752,-0.2203,7.6294,37.1094,201.5381,t001,AHC
2527343838,483298,3,tobillo,loading,0.2610,1.1801,-0.2274,6.1646,21.5454,203.4912,t001,AHC
2527343854,483314,3,tobillo,loading,0.2302,1.1803,-0.2399,5.3101,13.8550,202.3315,t001,AHC
2527343854,483329,3,tobillo,loading,0.2285,1.1696,-0.2445,2.5024,1.5869,195.3735,t001,AHC
2527343891,483345,3,tobillo,loading,0.2220,1.1490,-0.2600,-0.1831,-2.5024,190.3686,t001,AHC
2527343894,483361,3,tobillo,loading,0.2399,1.1503,-0.2467,-7.3242,-6.5308,176.8188,t001,AHC
2527343908,483377,3,tobillo,loading,0.2793,1.1372,-0.2291,-11.7187,-8.9111,159.4849,t001,AHC
2527343933,483393,3,tobillo,loading,0.3206,1.0552,-0.2104,-12.4512,-9.5215,148.3765,t001,AHC
2527343933,483409,3,tobillo,loading,0.3273,1.0248,-0.2025,-14.0991,-6.6528,118.6523,t001,AHC
2527343969,483425,3,tobillo,loading,0.4009,0.9739,-0.1665,-15.1367,-4.2725,100.8301,t001,AHC
2527343970,483441,3,tobillo,loading,0.4561,0.9403,-0.1425,-17.5171,0.1221,62.5000,t001,AHC
2527344010,483457,3,tobillo,loading,0.4441,0.9319,-0.1456,-19.1650,2.6855,41.6260,t001,AHC
2527344011,483472,3,tobillo,loading,0.6180,0.8879,0.0096,-18.7378,18.7988,-8.7280,t001,AHC
2527344011,483488,3,tobillo,loading,0.7533,0.9697,0.1206,-12.1460,37.5366,-67.0776,t001,AHC
2527344048,483504,3,tobillo,loading,-0.3224,1.3151,0.2959,-3.1128,38.1470,-96.4355,t001,AHC
2527344048,483520,3,tobillo,loading,-1.2996,1.3063,0.0927,-0.3052,12.2070,-86.6089,t001,AHC
2527344087,483536,3,tobillo,loading,-0.0200,1.3602,-0.0013,-9.7046,-2.5024,-76.2329,t001,AHC
2527344088,483552,3,tobillo,loading,-0.1796,1.4581,-0.2158,-25.2075,-47.4853,-111.9995,t001,AHC
2527344088,483568,3,tobillo,loading,-0.5260,1.2079,-0.3033,-19.9585,-17.2119,-114.6851,t001,AHC
2527344124,483584,3,tobillo,loading,0.0529,0.8157,-0.4260,-18.2495,10.0098,-111.4502,t001,AHC
2527344125,483600,3,tobillo,loading,0.3616,0.8713,-0.5364,-24.1089,25.7568,-105.5908,t001,AHC
2527344164,483616,3,tobillo,loading,0.1394,1.1029,-0.2943,-20.3247,30.3955,-102.1728,t001,AHC
2527344164,483632,3,tobillo,loading,0.1418,1.0181,-0.1570,-4.8218,14.0991,-74.2188,t001,AHC
2527344181,483648,3,tobillo,loading,0.2000,1.0564,-0.1418,-4.2725,-5.0049,-66.4673,t001,AHC
2527344200,483664,3,tobillo,loading,-0.1084,1.0454,-0.1067,-6.0425,-27.4048,-54.6875,t001,AHC
2527344200,483680,3,tobillo,loading,-0.2283,0.9897,-0.1168,-12.6953,-13.3667,-52.0630,t001,AHC
2527344241,483696,3,tobillo,loading,-0.1560,0.9697,-0.2014,-17.0898,0.5493,-52.8564,t001,AHC
2527344242,483712,3,tobillo,loading,-0.0043,0.9910,-0.2791,-17.1509,10.1929,-47.1802,t001,AHC
2527344277,483728,3,tobillo,loading,0.0707,0.9474,-0.3662,-12.2070,0.3052,-41.6870,t001,AHC
2527344278,483744,3,tobillo,midstance,-0.0129,0.9478,-0.3038,-3.1128,-20.0195,-33.2642,t001,AHC
2527344278,483760,3,tobillo,midstance,-0.0343,0.9651,-0.2578,0.9766,-20.6909,-28.9307,t001,AHC
2527344321,483776,3,tobillo,midstance,-0.0786,0.9895,-0.1934,1.0376,-17.1509,-28.7476,t001,AHC
2527344322,483792,3,tobillo,midstance,-0.0703,0.9896,-0.2008,1.2207,-8.6060,-28.9917,t001,AHC
2527344359,483808,3,tobillo,midstance,0.0175,0.9520,-0.2385,2.4414,-7.2021,-28.4424,t001,AHC
2527344360,483824,3,tobillo,midstance,0.0332,0.9233,-0.2532,4.0283,-11.7187,-25.3906,t001,AHC
2527344362,483840,3,tobillo,midstance,0.0131,0.9240,-0.2581,4.1504,-15.9302,-21.4844,t001,AHC
2527344401,483856,3,tobillo,midstance,0.0105,0.9366,-0.2303,4.2114,-15.8691,-19.9585,t001,AHC
2527344401,483872,3,tobillo,midstance,0.0226,0.9449,-0.2137,4.0283,-13.0615,-17.5781,t001,AHC
2527344437,483888,3,tobillo,midstance,0.0094,0.9611,-0.2186,4.0283,-11.9629,-16.6626,t001,AHC
2527344437,483904,3,tobillo,midstance,0.0039,0.9552,-0.2296,3.8452,-10.6812,-15.7471,t001,AHC
2527344439,483920,3,tobillo,midstance,0.0017,0.9519,-0.2305,3.1738,-9.6436,-16.7847,t001,AHC
2527344479,483936,3,tobillo,midstance,-0.0641,0.9579,-0.2489,2.3193,-8.7280,-18.4326,t001,AHC
2527344479,483952,3,tobillo,midstance,-0.0543,0.9686,-0.2501,0.6714,-4.2114,-22.3999,t001,AHC
2527344515,483968,3,tobillo,midstance,0.0371,0.9672,-0.2325,0.9766,-2.9907,-23.6206,t001,AHC
2527344517,483984,3,tobillo,midstance,0.0386,0.9614,-0.2437,2.3193,-4.2114,-24.2310,t001,AHC
2527344518,484000,3,tobillo,midstance,0.0299,0.9614,-0.2412,2.7466,-5.6152,-24.2310,t001,AHC
2527344557,484016,3,tobillo,midstance,0.0403,0.9585,-0.2239,2.7466,-5.5542,-24.4751,t001,AHC
2527344557,484032,3,tobillo,midstance,0.0551,0.9541,-0.2173,2.8076,-4.0283,-25.2075,t001,AHC
2527344593,484048,3,tobillo,midstance,0.0481,0.9540,-0.2281,2.9907,-3.7231,-25.8179,t001,AHC
2527344594,484064,3,tobillo,midstance,0.0286,0.9497,-0.2310,3.6011,-2.4414,-28.5645,t001,AHC
2527344634,484080,3,tobillo,midstance,0.0475,0.9485,-0.2269,3.7231,1.5869,-31.5552,t001,AHC
2527344635,484096,3,tobillo,midstance,0.1198,0.9430,-0.2328,4.2725,2.1973,-31.6772,t001,AHC
2527344635,484112,3,tobillo,midstance,0.1339,0.9388,-0.2384,6.0425,-1.1597,-30.0293,t001,AHC
2527344673,484128,3,tobillo,midstance,0.1123,0.9521,-0.2449,6.8359,-4.0894,-29.2358,t001,AHC
2527344673,484144,3,tobillo,midstance,0.0836,0.9650,-0.2427,7.8125,-8.3008,-30.0293,t001,AHC
2527344712,484160,3,tobillo,midstance,0.0454,0.9794,-0.2162,7.9346,-7.8125,-31.8603,t001,AHC
2527344712,484176,3,tobillo,midstance,0.1040,0.9823,-0.2187,7.9346,-3.2349,-35.8887,t001,AHC
2527344712,484192,3,tobillo,midstance,0.1295,0.9766,-0.2249,8.9722,-4.2114,-38.0859,t001,AHC
2527344747,484208,3,tobillo,midstance,0.1312,0.9598,-0.2324,9.8267,-6.4087,-38.8794,t001,AHC
2527344748,484224,3,tobillo,terminal,0.1329,0.9573,-0.2317,11.1694,-9.3384,-41.3208,t001,AHC
2527344791,484240,3,tobillo,terminal,0.1449,0.9615,-0.2290,11.7187,-9.3384,-42.7246,t001,AHC
2527344792,484256,3,tobillo,terminal,0.1810,0.9698,-0.2153,12.6343,-8.8501,-45.1050,t001,AHC
2527344792,484272,3,tobillo,terminal,0.2043,0.9673,-0.2146,14.2212,-10.6201,-46.0205,t001,AHC
2527344828,484288,3,tobillo,terminal,0.2278,0.9602,-0.2263,15.0757,-12.2070,-46.0205,t001,AHC
2527344830,484304,3,tobillo,terminal,0.2297,0.9597,-0.2280,16.9067,-16.2354,-45.7153,t001,AHC
2527344870,484320,3,tobillo,terminal,0.2283,0.9642,-0.2174,18.0054,-18.4937,-45.5933,t001,AHC
2527344871,484336,3,tobillo,terminal,0.2273,0.9946,-0.2277,20.0806,-22.0337,-46.2036,t001,AHC
2527344871,484352,3,tobillo,terminal,0.2383,1.0177,-0.2333,22.1558,-26.0620,-47.6074,t001,AHC
2527344907,484368,3,tobillo,terminal,0.2224,1.0682,-0.2279,23.6206,-29.2358,-49.1943,t001,AHC
2527344907,484384,3,tobillo,swing,0.2054,1.0925,-0.2244,26.0620,-33.3252,-54.9316,t001,AHC
2527344952,484400,3,tobillo,swing,0.1633,1.1561,-0.1416,26.9165,-34.2407,-59.1431,t001,AHC
2527344952,484416,3,tobillo,swing,0.1404,1.2024,-0.0548,24.9023,-33.0200,-67.9932,t001,AHC
2527344952,484432,3,tobillo,swing,0.1409,1.2308,-0.0535,18.9819,-26.1230,-83.0078,t001,AHC
2527344989,484448,3,tobillo,swing,0.1335,1.2712,-0.1243,17.7612,-22.7661,-91.1865,t001,AHC
2527344991,484464,3,tobillo,swing,0.1315,1.2626,-0.1593,15.6250,-21.3623,-105.7129,t001,AHC
2527345031,484480,3,tobillo,swing,0.1957,1.1906,-0.1656,13.9770,-24.8413,-110.3516,t001,AHC
2527345032,484496,3,tobillo,swing,0.2570,1.1228,-0.1000,9.3994,-32.1045,-113.6475,t001,AHC
2527345032,484512,3,tobillo,swing,0.2988,1.0931,-0.0955,5.4932,-36.2549,-111.4502,t001,AHC
2527345068,484528,3,tobillo,swing,0.3992,1.0461,-0.1719,3.2959,-40.6494,-110.8398,t001,AHC
2527345070,484544,3,tobillo,swing,0.4347,1.0518,-0.2322,-3.6011,-50.9644,-110.8398,t001,AHC
2527345110,484561,3,tobillo,swing,0.4629,1.0566,-0.2921,-6.4087,-56.3965,-108.8867,t001,AHC
2527345110,484577,3,tobillo,swing,0.5146,1.0242,-0.2932,-7.8125,-66.4063,-99.8535,t001,AHC
2527345110,484593,3,tobillo,swing,0.3779,0.9314,-0.3385,-10.8032,-78.0029,-86.9751,t001,AHC
2527345145,484609,3,tobillo,swing,-0.2223,0.7584,-0.3256,-13.9770,-77.5757,-76.7212,t001,AHC
2527345147,484625,3,tobillo,swing,-0.2700,0.7423,-0.2476,-17.8833,-73.0591,-45.1050,t001,AHC
2527345188,484641,3,tobillo,swing,0.0096,0.7010,-0.1880,-19.5923,-65.9790,-31.0669,t001,AHC
2527345189,484657,3,tobillo,swing,-0.0599,0.7229,-0.1566,-23.7427,-41.0156,-7.4463,t001,AHC
2527345205,484673,3,tobillo,swing,-0.0258,0.7104,-0.0797,-23.3154,-13.1226,11.2305,t001,AHC
2527345225,484689,3,tobillo,swing,0.1340,0.7115,-0.0745,-23.3154,-4.7607,20.5688,t001,AHC
2527345226,484705,3,tobillo,swing,0.1309,0.7223,-0.0668,-22.3999,4.6997,41.5039,t001,AHC
2527345267,484721,3,tobillo,swing,0.1541,0.7468,-0.0299,-20.8130,9.8267,51.3916,t001,AHC
2527345268,484737,3,tobillo,swing,0.1830,0.7516,-0.0149,-16.1743,17.7002,70.3735,t001,AHC
2527345305,484753,3,tobillo,swing,0.2024,0.7776,-0.0084,-13.9770,19.3481,79.2847,t001,AHC
2527345306,484769,3,tobillo,swing,0.2117,0.8153,-0.0280,-10.0098,23.1934,96.0083,t001,AHC
2527345306,484785,3,tobillo,swing,0.2164,0.8408,-0.0327,-8.6060,31.4331,110.9009,t001,AHC
2527345346,484801,3,tobillo,swing,0.2185,0.8994,-0.0281,-8.3008,36.4990,117.6147,t001,AHC
2527345346,484817,3,tobillo,swing,0.2228,0.9178,-0.0337,-7.9956,46.3867,129.3945,t001,AHC
2527345382,484833,3,tobillo,swing,0.2623,0.9492,-0.0588,-8.3618,50.9644,134.5215,t001,AHC
2527345384,484849,3,tobillo,swing,0.3088,0.9900,-0.0770,-9.0942,55.2368,144.5312,t001,AHC
2527345384,484865,3,tobillo,swing,0.3156,1.0088,-0.0824,-8.3008,52.9785,152.0996,t001,AHC
2527345424,484881,3,tobillo,swing,0.3003,1.0386,-0.0739,-7.7515,52.9785,154.7241,t001,AHC
2527345424,484897,3,tobillo,swing,0.2885,1.0532,-0.0645,-6.8970,59.0210,158.2642,t001,AHC
2527345460,484913,3,tobillo,swing,0.2469,1.0808,-0.0494,-6.4697,64.5142,159.3628,t001,AHC
2527345462,484929,3,tobillo,swing,0.2301,1.1102,-0.0322,-4.5776,79.0405,159.7290,t001,AHC
2527345462,484945,3,tobillo,swing,0.2391,1.1183,-0.0356,-0.7324,91.3696,159.0576,t001,AHC
2527345502,484960,3,tobillo,swing,0.2839,1.1293,-0.0544,1.4648,93.7500,159.0576,t001,AHC
2527345502,484976,3,tobillo,swing,0.3085,1.1371,-0.0631,6.2256,86.8530,159.3018,t001,AHC
2527345538,484992,3,tobillo,swing,0.3329,1.1355,-0.0825,8.6670,78.3691,159.2407,t001,AHC
2527345539,485008,3,tobillo,swing,0.3331,1.1219,-0.0863,12.1460,56.8237,158.7524,t001,AHC
2527345578,485024,3,tobillo,swing,0.2920,1.0885,-0.0972,12.7563,45.3491,158.2642,t001,AHC
2527345578,485040,3,tobillo,swing,0.2186,1.0708,-0.0948,11.6577,25.9399,155.6396,t001,AHC
2527345579,485055,3,tobillo,swing,0.1906,1.0665,-0.0775,9.0942,14.8315,151.1841,t001,AHC
2527345615,485071,3,tobillo,swing,0.1223,1.0859,-0.0587,8.0566,13.2446,148.6816,t001,AHC
2527345616,485087,3,tobillo,swing,0.1046,1.0964,-0.0587,7.5684,17.8223,143.4326,t001,AHC
2527345655,485103,3,tobillo,swing,0.1324,1.0605,-0.0839,7.8125,20.0195,139.5264,t001,AHC
2527345656,485119,3,tobillo,swing,0.1666,1.0415,-0.1061,5.7373,17.2729,127.1973,t001,AHC
2527345656,485134,3,tobillo,swing,0.2457,1.0094,-0.1343,3.9062,11.9629,119.2017,t001,AHC
2527345693,485150,3,tobillo,swing,0.2915,0.9781,-0.1293,0.0000,-2.1973,99.1211,t001,AHC
2527345695,485166,3,tobillo,swing,0.3153,0.9653,-0.1146,-2.5635,-13.1836,72.3267,t001,AHC
2527345733,485182,3,tobillo,swing,0.3588,0.9298,-0.0896,-3.2959,-17.0898,57.3120,t001,AHC
2527345734,485198,3,tobillo,swing,0.3644,0.9093,-0.0826,-3.9062,-21.0571,26.2451,t001,AHC
2527345734,485214,3,tobillo,swing,0.3541,0.8910,-0.0574,-3.9673,-21.3623,10.6812,t001,AHC
2527345769,485230,3,tobillo,swing,0.4282,0.9017,-0.1089,-3.2349,-21.4844,-22.3999,t001,AHC
2527345771,485246,3,tobillo,swing,0.4128,0.8646,-0.2784,-10.0098,-20.3857,-55.7861,t001,AHC
2527345811,485262,3,tobillo,swing,-0.9089,1.1021,-0.2466,-10.5591,-27.7100,-62.8052,t001,AHC
2527345812,485279,3,tobillo,swing,-1.2450,1.0911,-0.2228,-2.8076,-28.4424,-38.8184,t001,AHC
2527345813,485295,3,tobillo,swing,-0.0674,1.2045,-0.2100,-8.3008,-20.7520,-42.9077,t001,AHC
2527345849,485311,3,tobillo,swing,-0.3168,1.4259,-0.0488,-17.6392,-33.5693,-84.3506,t001,AHC
2527345850,485327,3,tobillo,swing,-0.4259,1.2810,0.0037,-18.3716,-18.7988,-90.9424,t001,AHC
2527345890,485343,3,tobillo,swing,-0.1663,1.0073,-0.0223,-23.0103,-4.7607,-93.7500,t001,AHC
2527345891,485359,3,tobillo,swing,-0.0103,0.9717,-0.1129,-35.0952,-2.8076,-93.9331,t001,AHC
2527345927,485375,3,tobillo,loading,0.1517,1.0608,-0.3519,-38.9404,-4.6387,-89.9048,t001,AHC
2527345927,485391,3,tobillo,loading,0.0684,1.0726,-0.2830,-33.5693,3.1128,-77.8198,t001,AHC
2527345928,485407,3,tobillo,loading,0.0737,1.0366,-0.2111,-20.1416,-14.8315,-57.8613,t001,AHC
2527345972,485423,3,tobillo,loading,-0.0239,0.9851,-0.2563,-17.0288,-26.9165,-51.2085,t001,AHC
2527345972,485440,3,tobillo,loading,-0.0978,0.9989,-0.2441,-15.9912,-27.3437,-45.7764,t001,AHC
2527345974,485456,3,tobillo,loading,-0.1608,0.9840,-0.1475,-16.7847,-21.1182,-44.7998,t001,AHC
2527346009,485472,3,tobillo,loading,-0.0626,1.0201,-0.1770,-21.6675,-4.0283,-41.1987,t001,AHC
2527346011,485488,3,tobillo,loading,-0.0310,1.0210,-0.2319,-18.5547,-3.5400,-34.6069,t001,AHC
2527346051,485505,3,tobillo,loading,-0.0376,0.9548,-0.2981,-14.3433,-9.8877,-31.0669,t001,AHC
2527346052,485521,3,tobillo,loading,-0.0588,0.9414,-0.3042,-7.9956,-23.3765,-26.0620,t001,AHC
2527346088,485537,3,tobillo,loading,-0.1151,0.9513,-0.2637,-5.4321,-25.9399,-24.4751,t001,AHC
2527346090,485553,3,tobillo,loading,-0.1084,0.9653,-0.2114,-5.1270,-22.7051,-24.1089,t001,AHC
2527346091,485570,3,tobillo,loading,-0.0658,0.9637,-0.2184,-4.5166,-15.9302,-22.2778,t001,AHC
2527346131,485586,3,tobillo,loading,-0.0275,0.9351,-0.2388,-3.9673,-14.7705,-21.1182,t001,AHC
2527346131,485602,3,tobillo,loading,-0.0248,0.9530,-0.2146,-3.8452,-14.1602,-19.7144,t001,AHC
2527346169,485618,3,tobillo,loading,-0.0161,0.9551,-0.2072,-4.2114,-15.3809,-18.6768,t001,AHC
2527346170,485635,3,tobillo,loading,-0.0537,0.9426,-0.2252,-4.8828,-15.4419,-18.1274,t001,AHC
2527346171,485651,3,tobillo,loading,-0.0649,0.9380,-0.2324,-6.3477,-13.0615,-18.7988,t001,AHC
2527346211,485667,3,tobillo,loading,-0.0750,0.9486,-0.2458,-6.8359,-11.5967,-20.2637,t001,AHC
2527346212,485683,3,tobillo,midstance,-0.0436,0.9563,-0.2413,-7.3242,-9.0332,-23.1323,t001,AHC
2527346250,485699,3,tobillo,midstance,-0.0309,0.9592,-0.2375,-7.3242,-7.4463,-24.3530,t001,AHC
2527346250,485716,3,tobillo,midstance,-0.0171,0.9578,-0.2371,-7.4463,-7.0801,-24.7803,t001,AHC
2527346250,485732,3,tobillo,midstance,-0.0153,0.9567,-0.2445,-7.3242,-6.0425,-26.0620,t001,AHC
2527346293,485748,3,tobillo,midstance,-0.0321,0.9575,-0.2676,-7.0190,-5.3711,-26.8555,t001,AHC
2527346294,485764,3,tobillo,midstance,0.0083,0.9662,-0.2578,-5.6152,-4.5166,-28.3203,t001,AHC
2527346331,485780,3,tobillo,midstance,0.0293,0.9635,-0.2526,-4.2725,-5.5542,-28.2593,t001,AHC
2527346333,485796,3,tobillo,midstance,0.0494,0.9445,-0.2622,-3.7842,-5.9814,-27.7100,t001,AHC
2527346333,485812,3,tobillo,midstance,0.0710,0.9333,-0.2654,-2.6855,-5.1880,-24.9634,t001,AHC
2527346374,485829,3,tobillo,midstance,0.0969,0.9241,-0.2625,-1.2817,-4.2114,-21.2402,t001,AHC
2527346375,485845,3,tobillo,midstance,0.0647,0.9282,-0.2700,-0.7935,-3.9062,-19.5923,t001,AHC
2527346388,485861,3,tobillo,midstance,0.0404,0.9331,-0.2734,-0.9155,-2.2583,-17.5781,t001,AHC
2527346411,485877,3,tobillo,midstance,0.0477,0.9565,-0.2612,-1.1597,-1.4038,-16.8457,t001,AHC
2527346413,485893,3,tobillo,midstance,0.0599,0.9650,-0.2512,-0.7935,-2.0142,-15.4419,t001,AHC
2527346456,485909,3,tobillo,midstance,0.0592,0.9584,-0.2504,-0.6104,-4.3945,-15.0757,t001,AHC
2527346457,485925,3,tobillo,midstance,0.0532,0.9496,-0.2646,-0.7324,-5.0049,-15.4419,t001,AHC
2527346493,485941,3,tobillo,midstance,0.0551,0.9476,-0.2732,-0.6104,-5.4321,-16.6016,t001,AHC
2527346494,485957,3,tobillo,midstance,0.0514,0.9432,-0.2804,-0.1831,-5.9204,-17.4561,t001,AHC
2527346495,485973,3,tobillo,midstance,0.0581,0.9540,-0.2609,0.0610,-6.1035,-19.3481,t001,AHC
2527346535,485989,3,tobillo,midstance,0.0719,0.9628,-0.2532,-0.1221,-5.8594,-20.5078,t001,AHC
2527346535,486005,3,tobillo,midstance,0.0840,0.9701,-0.2456,0.0610,-6.7749,-21.1182,t001,AHC
2527346571,486021,3,tobillo,midstance,0.0762,0.9431,-0.2520,-0.1831,-8.3618,-22.8882,t001,AHC
2527346574,486037,3,tobillo,midstance,0.1012,0.9454,-0.2682,-1.0986,-7.9956,-23.5596,t001,AHC
2527346574,486054,3,tobillo,midstance,0.1211,0.9369,-0.2673,-0.7324,-8.4839,-24.0478,t001,AHC
2527346613,486069,3,tobillo,midstance,0.1083,0.9307,-0.2592,-0.3662,-9.2163,-24.5972,t001,AHC
2527346614,486086,3,tobillo,terminal,0.0797,0.9573,-0.2643,-0.1831,-8.8501,-26.9775,t001,AHC
2527346651,486101,3,tobillo,terminal,0.0880,0.9664,-0.2627,0.0610,-7.7515,-30.0293,t001,AHC
2527346651,486117,3,tobillo,terminal,0.1503,0.9589,-0.2468,0.2441,-8.0566,-30.8838,t001,AHC
2527346652,486133,3,tobillo,terminal,0.1731,0.9500,-0.2477,-0.1221,-11.4136,-30.7007,t001,AHC
2527346697,486149,3,tobillo,terminal,0.1848,0.9384,-0.2638,-0.5493,-13.6719,-30.2734,t001,AHC
2527346697,486165,3,tobillo,terminal,0.1696,0.9365,-0.2760,-0.9766,-18.1274,-29.9072,t001,AHC
2527346699,486181,3,tobillo,terminal,0.1483,0.9343,-0.2748,-0.5493,-20.6299,-32.0435,t001,AHC
2527346735,486197,3,tobillo,terminal,0.1516,0.9414,-0.2604,-0.2441,-20.3857,-33.7524,t001,AHC
2527346736,486213,3,tobillo,terminal,0.1697,0.9491,-0.2595,0.2441,-19.6533,-37.2314,t001,AHC
2527346776,486229,3,tobillo,terminal,0.1945,0.9661,-0.2557,0.3662,-20.2026,-38.6963,t001,AHC
2527346776,486245,3,tobillo,terminal,0.2012,0.9688,-0.2565,1.4648,-22.5220,-41.3208,t001,AHC
2527346812,486261,3,tobillo,terminal,0.1986,0.9697,-0.2603,2.1973,-23.8647,-44.5557,t001,AHC
2527346813,486277,3,tobillo,terminal,0.1936,0.9850,-0.2572,2.3804,-24.1089,-46.6919,t001,AHC
2527346813,486293,3,tobillo,swing,0.1860,1.0079,-0.2369,3.9673,-23.4985,-52.8564,t001,AHC
2527346855,486309,3,tobillo,swing,0.1564,1.0499,-0.2196,5.3101,-22.3389,-56.7017,t001,AHC
2527346856,486325,3,tobillo,swing,0.1768,1.0608,-0.2329,7.0190,-20.2026,-65.6128,t001,AHC
2527346892,486340,3,tobillo,swing,0.2546,1.0881,-0.2733,7.8125,-20.3857,-69.4580,t001,AHC
2527346893,486356,3,tobillo,swing,0.2545,1.0991,-0.2996,10.6201,-23.4375,-75.1953,t001,AHC
2527346894,486372,3,tobillo,swing,0.2408,1.1169,-0.2791,12.0850,-26.8555,-81.5430,t001,AHC
2527346935,486388,3,tobillo,swing,0.2133,1.1667,-0.2089,12.0850,-27.5879,-85.6323,t001,AHC
2527346935,486404,3,tobillo,swing,0.2129,1.1937,-0.1760,10.0708,-28.5645,-95.3369,t001,AHC
2527346971,486420,3,tobillo,swing,0.1549,1.2620,-0.1212,8.6670,-29.2969,-100.4028,t001,AHC
2527346973,486436,3,tobillo,swing,0.1528,1.2313,-0.0756,6.2256,-29.0527,-106.0181,t001,AHC
2527346973,486452,3,tobillo,swing,0.2203,1.1738,-0.0619,3.3569,-25.7568,-104.9805,t001,AHC
2527347013,486468,3,tobillo,swing,0.2946,1.0450,-0.0778,2.0752,-27.8931,-102.6611,t001,AHC
2527347014,486484,3,tobillo,swing,0.2866,1.0156,-0.1038,-0.3052,-43.5791,-98.9990,t001,AHC
2527347052,486501,3,tobillo,swing,0.2650,1.0344,-0.1768,-1.7700,-52.4292,-98.2056,t001,AHC
2527347053,486517,3,tobillo,swing,0.2225,1.0306,-0.1876,-2.4414,-60.8520,-101.5015,t001,AHC
2527347054,486532,3,tobillo,swing,0.2896,1.0229,-0.1820,3.1128,-47.7295,-110.3516,t001,AHC
2527347094,486549,3,tobillo,swing,0.4254,1.0771,-0.1377,8.3008,-36.1328,-114.5630,t001,AHC
2527347095,486565,3,tobillo,swing,0.4680,1.0632,-0.1941,21.5454,-18.0054,-111.5112,t001,AHC
2527347131,486581,3,tobillo,swing,0.5603,1.0264,-0.3032,27.2217,-14.7705,-105.1025,t001,AHC
2527347133,486597,3,tobillo,swing,0.6392,0.9053,-0.2308,41.4429,-5.9814,-87.9517,t001,AHC
2527347134,486612,3,tobillo,swing,0.5466,0.8362,-0.2194,43.2129,13.1226,-78.5522,t001,AHC
2527347174,486628,3,tobillo,swing,0.5126,0.6011,-0.3712,41.8701,18.1885,-75.1953,t001,AHC
2527347174,486644,3,tobillo,swing,0.5017,0.3888,-0.5444,20.2637,14.1602,-58.8989,t001,AHC
2527347210,486660,3,tobillo,swing,-0.0469,0.6345,-0.6371,0.3052,11.4136,-44.1894,t001,AHC
2527347210,486676,3,tobillo,swing,-0.2384,0.7518,-0.4530,9.5215,27.0996,6.7139,t001,AHC
2527347211,486692,3,tobillo,swing,-0.0049,0.4569,-0.0763,29.8462,31.6162,28.0151,t001,AHC
2527347253,486708,3,tobillo,swing,0.2323,0.4634,-0.0695,36.0107,28.0762,44.7998,t001,AHC
2527347254,486724,3,tobillo,swing,0.2261,0.5503,-0.1443,31.3110,9.3994,76.9043,t001,AHC
2527347290,486740,3,tobillo,swing,0.2043,0.6252,-0.2477,33.1421,-1.6479,94.0552,t001,AHC
2527347293,486755,3,tobillo,swing,0.2026,0.6152,-0.2666,34.3628,-8.9722,120.6665,t001,AHC
2527347293,486771,3,tobillo,swing,0.1670,0.6042,-0.2493,32.3486,-2.4414,130.7983,t001,AHC
2527347334,486787,3,tobillo,swing,0.1750,0.7200,-0.2070,25.7568,22.5220,147.3389,t001,AHC
2527347334,486803,3,tobillo,swing,0.2357,0.7843,-0.2039,22.4609,36.3159,154.0527,t001,AHC
2527347370,486819,3,tobillo,swing,0.3687,0.8407,-0.2377,17.7002,55.9692,165.5273,t001,AHC
2527347373,486835,3,tobillo,swing,0.3817,0.8490,-0.2649,12.7563,64.4531,176.4526,t001,AHC
2527347373,486850,3,tobillo,swing,0.3862,0.9125,-0.2902,10.4980,65.6128,180.9082,t001,AHC
2527347413,486866,3,tobillo,swing,0.4094,0.9497,-0.2932,8.0566,61.7065,186.0962,t001,AHC
2527347414,486882,3,tobillo,swing,0.4017,1.0084,-0.3014,6.5308,59.3872,187.3169,t001,AHC
2527347451,486898,3,tobillo,swing,0.3433,1.0668,-0.2714,2.0142,64.6973,188.3545,t001,AHC
2527347452,486913,3,tobillo,swing,0.3264,1.0941,-0.2498,0.0000,71.5332,188.4155,t001,AHC
2527347453,486929,3,tobillo,swing,0.3079,1.1365,-0.2268,-2.0752,84.4116,188.0493,t001,AHC
2527347494,486945,3,tobillo,swing,0.3177,1.1622,-0.2235,-1.4038,89.4775,186.0962,t001,AHC
2527347495,486961,3,tobillo,swing,0.3781,1.2197,-0.2305,0.2441,88.0127,185.0586,t001,AHC
2527347495,486977,3,tobillo,swing,0.3955,1.2313,-0.2444,4.5776,76.1719,183.7768,t001,AHC
2527347532,486993,3,tobillo,swing,0.3622,1.1887,-0.2637,6.4087,65.9180,182.9834,t001,AHC
2527347534,487008,3,tobillo,swing,0.3201,1.1350,-0.2416,7.2632,39.5508,180.6640,t001,AHC
2527347575,487024,3,tobillo,swing,0.2966,1.1228,-0.2352,5.1880,12.5732,178.7720,t001,AHC
2527347576,487040,3,tobillo,swing,0.2161,1.0935,-0.2394,3.3569,2.8687,177.1850,t001,AHC
2527347576,487056,3,tobillo,swing,0.1808,1.0784,-0.2261,-2.0752,-5.0659,171.7529,t001,AHC
2527347613,487072,3,tobillo,swing,0.1403,1.0782,-0.1820,-5.1880,-5.9204,168.0298,t001,AHC
2527347615,487087,3,tobillo,swing,0.1415,1.1038,-0.1681,-9.5825,-6.8970,159.8511,t001,AHC
2527347653,487103,3,tobillo,swing,0.1500,1.0830,-0.1672,-9.5825,-7.3853,154.7852,t001,AHC
2527347658,487119,3,tobillo,swing,0.1890,1.0298,-0.1750,-9.2773,-6.7749,138.2446,t001,AHC
2527347658,487135,3,tobillo,swing,0.2306,1.0065,-0.1766,-10.8032,-7.9346,115.7226,t001,AHC
2527347695,487151,3,tobillo,swing,0.2904,0.9504,-0.1543,-12.5732,-10.4370,102.3559,t001,AHC
2527347698,487167,3,tobillo,swing,0.3088,0.9353,-0.1354,-15.8691,-14.6484,70.1904,t001,AHC
2527347740,487183,3,tobillo,swing,0.3129,0.9154,-0.1057,-16.5405,-13.8550,52.0019,t001,AHC
2527347740,487199,3,tobillo,swing,0.3047,0.9103,-0.0919,-16.6016,-4.5776,14.4043,t001,AHC
2527347740,487215,3,tobillo,swing,0.2714,0.9052,-0.0707,-16.2964,10.1318,-23.1323,t001,AHC
2527347780,487231,3,tobillo,loading,0.2239,0.9368,-0.0953,-16.4185,18.6157,-41.6260,t001,AHC
2527347781,487247,3,tobillo,loading,0.1061,0.9918,-0.1344,-16.2964,41.3818,-81.7871,t001,AHC
2527347781,487263,3,tobillo,loading,-0.7676,0.9515,-0.1177,-13.7939,51.1475,-92.1631,t001,AHC
2527347822,487279,3,tobillo,loading,-1.3257,1.0280,-0.0175,-6.2866,55.7861,-71.4722,t001,AHC
2527347823,487296,3,tobillo,loading,-0.3857,1.1042,0.1227,-4.5776,61.8896,-61.0962,t001,AHC
2527347860,487312,3,tobillo,loading,0.2460,1.2988,-0.1140,-10.2539,24.1699,-73.3032,t001,AHC
2527347863,487327,3,tobillo,loading,-0.2286,1.3328,-0.1659,-17.5171,-53.3447,-84.4116,t001,AHC
2527347863,487344,3,tobillo,loading,-0.5221,1.1165,-0.1995,-18.9819,-44.8608,-87.3413,t001,AHC
2527347904,487360,3,tobillo,loading,-0.3153,1.0613,-0.1963,-23.1934,3.3569,-99.3042,t001,AHC
2527347904,487376,3,tobillo,loading,0.0753,0.9775,-0.3535,-23.1323,11.8408,-98.5107,t001,AHC
2527347943,487392,3,tobillo,loading,0.0321,1.0691,-0.3489,-25.1465,15.0146,-93.6890,t001,AHC
2527347943,487407,3,tobillo,loading,0.0033,1.0814,-0.2283,-15.6250,21.5454,-89.4165,t001,AHC
2527347945,487423,3,tobillo,loading,0.1478,0.9412,-0.1903,-12.2681,11.3525,-80.5054,t001,AHC
2527347986,487439,3,tobillo,loading,0.1416,0.9692,-0.2124,-11.6577,-11.9019,-69.4580,t001,AHC
2527347987,487455,3,tobillo,loading,0.0167,1.0303,-0.1418,-9.9487,-18.7378,-62.0117,t001,AHC
2527348025,487471,3,tobillo,loading,-0.1031,1.0198,-0.1600,-11.2305,-20.9961,-53.4058,t001,AHC
2527348027,487488,3,tobillo,loading,-0.1427,1.0052,-0.1820,-15.8691,-6.2866,-50.7812,t001,AHC
2527348027,487504,3,tobillo,loading,-0.0972,0.9467,-0.2328,-17.2119,1.8311,-48.8281,t001,AHC
2527348070,487520,3,tobillo,loading,-0.0249,0.9445,-0.2451,-15.6860,2.6855,-41.9922,t001,AHC
2527348070,487536,3,tobillo,loading,0.0247,0.9688,-0.2506,-13.6719,-4.6997,-37.9639,t001,AHC
2527348071,487552,3,tobillo,loading,-0.0640,0.9622,-0.2615,-10.0098,-17.6392,-32.2266,t001,AHC
2527348108,487569,3,tobillo,loading,-0.1044,0.9613,-0.2496,-7.3242,-15.8691,-31.5552,t001,AHC
2527348109,487585,3,tobillo,midstance,-0.1398,0.9727,-0.2283,-7.0190,-10.3760,-33.3862,t001,AHC
2527348155,487601,3,tobillo,midstance,-0.0924,0.9690,-0.2294,-7.6904,-0.1831,-36.1938,t001,AHC
2527348155,487617,3,tobillo,midstance,-0.0138,0.9785,-0.2743,-5.3101,-3.9062,-36.8652,t001,AHC
2527348156,487634,3,tobillo,midstance,0.0007,0.9614,-0.2852,-3.4180,-7.3242,-36.3159,t001,AHC
2527348195,487650,3,tobillo,midstance,0.0095,0.9492,-0.2694,-1.6479,-9.9487,-34.4849,t001,AHC
2527348197,487666,3,tobillo,midstance,0.0126,0.9425,-0.2465,-1.7700,-9.2163,-33.5083,t001,AHC
2527348232,487682,3,tobillo,midstance,0.0017,0.9526,-0.2562,-3.0518,-6.8359,-32.2876,t001,AHC
2527348240,487698,3,tobillo,midstance,0.0122,0.9519,-0.2660,-3.9673,-4.9438,-31.6162,t001,AHC
2527348240,487714,3,tobillo,midstance,0.0527,0.9468,-0.2592,-4.0283,-5.0049,-30.9448,t001,AHC
2527348281,487731,3,tobillo,midstance,0.0564,0.9470,-0.2588,-3.7231,-7.2632,-29.6631,t001,AHC
2527348281,487747,3,tobillo,midstance,0.0425,0.9514,-0.2662,-3.6011,-8.3008,-29.6020,t001,AHC
2527348282,487763,3,tobillo,midstance,0.0243,0.9680,-0.2588,-3.3569,-9.8877,-31.0669,t001,AHC
2527348323,487779,3,tobillo,midstance,0.0291,0.9728,-0.2515,-3.1738,-10.9863,-33.9966,t001,AHC
2527348323,487795,3,tobillo,midstance,0.0529,0.9641,-0.2526,-2.9297,-11.2915,-35.4614,t001,AHC
2527348361,487811,3,tobillo,midstance,0.0688,0.9607,-0.2563,-2.7466,-11.5967,-37.5977,t001,AHC
2527348362,487827,3,tobillo,terminal,0.0939,0.9515,-0.2606,-2.5024,-11.8408,-38.2080,t001,AHC
2527348362,487843,3,tobillo,terminal,0.1252,0.9385,-0.2657,-1.8921,-12.6343,-38.5742,t001,AHC
2527348408,487859,3,tobillo,terminal,0.1274,0.9341,-0.2727,-1.4648,-13.9770,-38.7573,t001,AHC
2527348408,487875,3,tobillo,terminal,0.1178,0.9429,-0.2744,-1.5259,-14.5874,-39.0625,t001,AHC
2527348409,487891,3,tobillo,terminal,0.1390,0.9535,-0.2643,-1.6479,-14.5874,-39.3066,t001,AHC
2527348447,487907,3,tobillo,terminal,0.1777,0.9559,-0.2358,-1.5259,-15.5029,-38.9404,t001,AHC
2527348449,487923,3,tobillo,terminal,0.1951,0.9279,-0.2341,-1.4648,-18.2495,-37.3535,t001,AHC
2527348491,487939,3,tobillo,terminal,0.2019,0.9171,-0.2551,-2.0752,-19.9585,-34.7290,t001,AHC
2527348492,487955,3,tobillo,terminal,0.2148,0.9155,-0.2792,-2.3804,-20.8130,-33.3862,t001,AHC
2527348492,487971,3,tobillo,terminal,0.2086,0.9235,-0.2781,-2.6245,-23.3765,-31.6772,t001,AHC
2527348529,487988,3,tobillo,terminal,0.1951,0.9525,-0.2611,-2.8687,-24.3530,-31.3721,t001,AHC
2527348531,488004,3,tobillo,terminal,0.1987,0.9619,-0.2618,-2.9297,-25.7568,-32.6538,t001,AHC
2527348573,488020,3,tobillo,terminal,0.2064,0.9532,-0.2628,-2.3193,-27.0996,-35.7056,t001,AHC
2527348574,488036,3,tobillo,terminal,0.2012,0.9496,-0.2563,-1.5869,-28.0762,-37.4756,t001,AHC
2527348574,488052,3,tobillo,terminal,0.1758,0.9655,-0.2407,1.3428,-27.6489,-42.6025,t001,AHC
2527348612,488068,3,tobillo,terminal,0.1639,0.9518,-0.2493,3.0518,-25.8789,-45.9595,t001,AHC
2527348612,488084,3,tobillo,swing,0.2184,0.9404,-0.2800,4.6997,-20.5078,-52.9785,t001,AHC
2527348618,488100,3,tobillo,swing,0.2596,0.9464,-0.2753,5.2490,-18.4937,-56.8848,t001,AHC
2527348654,488116,3,tobillo,swing,0.3228,0.9686,-0.2472,5.7373,-20.2026,-57.7393,t001,AHC
2527348659,488132,3,tobillo,swing,0.3256,0.9686,-0.2362,6.8970,-26.4282,-59.2041,t001,AHC
2527348699,488148,3,tobillo,swing,0.3197,0.9843,-0.2097,7.4463,-28.6255,-59.9365,t001,AHC
2527348700,488164,3,tobillo,swing,0.3346,1.0161,-0.2291,8.9111,-29.4800,-61.4624,t001,AHC
2527348702,488180,3,tobillo,swing,0.3132,1.0514,-0.2692,11.1694,-30.7617,-64.5142,t001,AHC
2527348742,488196,3,tobillo,swing,0.2687,1.0999,-0.3811,12.6953,-32.2266,-67.6270,t001,AHC
2527348743,488212,3,tobillo,swing,0.2590,1.1272,-0.3864,14.7095,-37.9028,-75.1343,t001,AHC
2527348780,488228,3,tobillo,swing,0.2646,1.1619,-0.3176,15.1367,-40.8325,-78.6743,t001,AHC
2527348782,488245,3,tobillo,swing,0.2393,1.2589,-0.2605,10.4370,-44.9829,-87.1582,t001,AHC
2527348783,488260,3,tobillo,swing,0.2307,1.3246,-0.2144,3.9673,-51.3916,-95.5810,t001,AHC
2527348823,488276,3,tobillo,swing,0.2448,1.3516,-0.1508,2.3804,-56.3354,-97.5342,t001,AHC
2527348823,488292,3,tobillo,swing,0.2505,1.3014,-0.1362,-0.4272,-70.0684,-95.9473,t001,AHC
2527348861,488309,3,tobillo,swing,0.3303,1.1686,-0.1018,-1.5259,-78.2471,-94.8486,t001,AHC
2527348862,488325,3,tobillo,swing,0.3159,1.0359,-0.1692,-4.0283,-85.5713,-100.0366,t001,AHC
2527348863,488341,3,tobillo,swing,0.2632,0.9684,-0.1980,-6.8970,-70.3735,-99.4873,t001,AHC
2527348904,488357,3,tobillo,swing,0.3480,0.8779,-0.1940,-7.2632,-59.5703,-94.2383,t001,AHC
2527348905,488373,3,tobillo,swing,0.5237,0.8206,-0.1859,-7.2021,-49.8657,-84.2895,t001,AHC
2527348937,488389,3,tobillo,swing,0.9006,0.7622,-0.3018,-10.0708,-49.6826,-84.3506,t001,AHC
2527348942,488405,3,tobillo,swing,0.0730,0.7480,-0.2239,-20.2026,-54.9316,-77.4536,t001,AHC
2527348944,488421,3,tobillo,swing,-0.2430,0.7273,-0.1228,-14.4043,-40.2222,-38.0859,t001,AHC
2527348986,488437,3,tobillo,swing,0.0559,0.6313,-0.0356,-11.2305,-26.1230,-26.3672,t001,AHC
2527348986,488453,3,tobillo,swing,0.2516,0.6246,-0.0610,-8.9722,-31.9824,-8.0566,t001,AHC
2527349017,488469,3,tobillo,swing,0.2479,0.6042,-0.1616,-9.7656,-39.8560,3.8452,t001,AHC
2527349024,488485,3,tobillo,swing,0.1559,0.5952,-0.0901,-8.4839,-36.3770,28.3813,t001,AHC
2527349025,488501,3,tobillo,swing,0.1652,0.5968,-0.0476,-3.1128,-20.7520,48.8281,t001,AHC
2527349066,488517,3,tobillo,swing,0.2307,0.6095,-0.0446,-0.3052,-15.0146,58.4106,t001,AHC
2527349066,488533,3,tobillo,swing,0.2539,0.6234,-0.0674,2.7466,-5.6152,76.0498,t001,AHC
2527349067,488549,3,tobillo,swing,0.2893,0.6744,-0.1062,3.3569,-0.7324,84.1064,t001,AHC
2527349103,488565,3,tobillo,swing,0.2979,0.6940,-0.1205,3.4790,6.3477,100.0366,t001,AHC
2527349105,488581,3,tobillo,swing,0.2924,0.7301,-0.1500,2.8687,8.1177,107.2998,t001,AHC
2527349147,488597,3,tobillo,swing,0.3052,0.7822,-0.1707,0.7324,11.4136,119.2627,t001,AHC
2527349147,488613,3,tobillo,swing,0.3035,0.8044,-0.1742,-2.4414,19.0430,128.8452,t001,AHC
2527349148,488629,3,tobillo,swing,0.3009,0.8550,-0.1709,-4.5166,24.7803,133.2397,t001,AHC
2527349184,488645,3,tobillo,swing,0.3230,0.8851,-0.1678,-7.9346,34.0576,141.2964,t001,AHC
2527349186,488661,3,tobillo,swing,0.3712,0.9446,-0.1744,-8.8501,35.7666,144.7754,t001,AHC
2527349227,488677,3,tobillo,swing,0.3715,1.0027,-0.1827,-9.5215,36.6211,149.6582,t001,AHC
2527349227,488692,3,tobillo,swing,0.3577,1.0311,-0.1857,-9.8267,41.3818,150.8179,t001,AHC
2527349228,488708,3,tobillo,swing,0.2964,1.0703,-0.1879,-10.1318,46.7529,150.1465,t001,AHC
2527349264,488724,3,tobillo,swing,0.2765,1.0756,-0.1846,-10.9253,62.6831,146.9727,t001,AHC
2527349266,488740,3,tobillo,swing,0.2645,1.0710,-0.1884,-11.4746,71.1670,145.1416,t001,AHC
2527349307,488755,3,tobillo,swing,0.2605,1.0725,-0.2034,-13.1836,85.3271,141.9678,t001,AHC
2527349307,488771,3,tobillo,swing,0.2731,1.0802,-0.2443,-13.9160,89.8437,140.4419,t001,AHC
2527349308,488787,3,tobillo,swing,0.2859,1.0636,-0.2645,-13.8550,92.3462,138.7329,t001,AHC
2527349346,488803,3,tobillo,swing,0.2704,1.0565,-0.2666,-13.4888,84.0454,139.7705,t001,AHC
2527349346,488819,3,tobillo,swing,0.2573,1.0779,-0.2637,-13.1836,76.2939,140.9302,t001,AHC
2527349388,488835,3,tobillo,swing,0.2473,1.0873,-0.2629,-11.1694,56.5186,143.1885,t001,AHC
2527349389,488851,3,tobillo,swing,0.2041,1.0690,-0.2518,-9.7656,46.9360,143.4326,t001,AHC
2527349389,488867,3,tobillo,swing,0.1887,1.0525,-0.2440,-8.2397,32.0435,142.0898,t001,AHC
2527349425,488883,3,tobillo,swing,0.1483,1.0342,-0.2502,-10.1929,22.9492,139.9536,t001,AHC
2527349427,488899,3,tobillo,swing,0.0953,1.0344,-0.2511,-12.0239,21.1182,138.1836,t001,AHC
2527349469,488914,3,tobillo,swing,0.0873,1.0454,-0.2438,-15.5029,22.3999,133.7280,t001,AHC
2527349469,488930,3,tobillo,swing,0.0992,1.0585,-0.2271,-16.1743,24.0478,131.5308,t001,AHC
2527349470,488946,3,tobillo,swing,0.1176,1.0475,-0.2246,-15.5640,24.1699,124.7559,t001,AHC
2527349506,488962,3,tobillo,swing,0.1545,1.0110,-0.2373,-15.6250,21.9727,119.3848,t001,AHC
2527349509,488978,3,tobillo,swing,0.1971,0.9745,-0.2231,-17.7612,15.3809,106.0791,t001,AHC
2527349525,488994,3,tobillo,swing,0.2196,0.9586,-0.2052,-20.6299,9.1553,88.9282,t001,AHC
2527349550,489010,3,tobillo,swing,0.2352,0.9327,-0.1609,-21.6064,8.2397,78.2471,t001,AHC
2527349550,489026,3,tobillo,swing,0.2399,0.9230,-0.1367,-22.4609,15.3809,51.6357,t001,AHC
2527349590,489041,3,tobillo,swing,0.2889,0.8956,-0.0991,-22.6440,23.3765,36.1938,t001,AHC
2527349590,489057,3,tobillo,swing,0.3184,0.8860,-0.0903,-23.7427,42.4805,3.5400,t001,AHC
2527349591,489073,3,tobillo,swing,0.3339,0.9792,-0.1371,-25.0244,51.0254,-14.8315,t001,AHC
2527349630,489089,3,tobillo,swing,0.5615,1.0612,0.2189,-19.9585,73.4863,-57.1289,t001,AHC
2527349630,489105,3,tobillo,swing,0.0961,1.1993,0.4001,-1.1597,83.9844,-99.0601,t001,AHC
2527349667,489121,3,tobillo,swing,-1.1313,1.1340,0.0922,2.3804,79.8340,-90.8203,t001,AHC
2527349670,489137,3,tobillo,swing,-0.4125,1.1490,0.0323,-14.9536,38.7573,-77.6978,t001,AHC
2527349671,489153,3,tobillo,swing,0.2252,1.4811,-0.0659,-24.2920,-12.2681,-94.4824,t001,AHC
2527349712,489169,3,tobillo,swing,-0.6571,1.1757,-0.3412,-25.9399,-62.6831,-108.3984,t001,AHC
2527349712,489186,3,tobillo,swing,-0.3840,0.9058,-0.5260,-29.0527,4.8828,-108.8867,t001,AHC
2527349750,489202,3,tobillo,loading,0.5927,1.1772,-0.3933,-33.8135,34.0576,-113.9526,t001,AHC
2527349751,489218,3,tobillo,loading,0.3525,1.3718,-0.1667,-10.8032,37.4146,-109.1309,t001,AHC
2527349751,489234,3,tobillo,loading,0.1603,0.9923,-0.1652,0.7935,20.6909,-91.6138,t001,AHC
2527349797,489249,3,tobillo,loading,0.1133,1.0443,-0.2039,0.0000,-16.2354,-81.5430,t001,AHC
2527349797,489265,3,tobillo,loading,-0.1072,0.9980,-0.1487,-4.2114,-29.2969,-67.3828,t001,AHC
2527349799,489281,3,tobillo,loading,-0.1730,0.9774,-0.1027,-10.5591,-9.3994,-65.9790,t001,AHC
2527349836,489298,3,tobillo,loading,0.0184,1.0226,-0.1821,-16.0522,15.8081,-58.6548,t001,AHC
2527349839,489313,3,tobillo,loading,0.1232,0.9475,-0.3406,-13.1226,7.5684,-51.3916,t001,AHC
2527349881,489329,3,tobillo,loading,0.0542,0.9153,-0.2805,-7.2632,-9.7046,-40.3442,t001,AHC
2527349881,489345,3,tobillo,loading,0.0188,0.9558,-0.2498,-4.8828,-14.2212,-34.0576,t001,AHC
2527349882,489361,3,tobillo,loading,-0.0510,0.9969,-0.2463,-3.7842,-14.6484,-32.1045,t001,AHC
2527349919,489377,3,tobillo,loading,-0.0354,0.9913,-0.2235,-2.7466,-12.2681,-30.5786,t001,AHC
2527349921,489393,3,tobillo,loading,0.0135,0.9836,-0.2041,-2.5635,-12.2070,-30.1514,t001,AHC
2527349964,489409,3,tobillo,loading,0.0140,0.9812,-0.2284,-1.1597,-15.0146,-29.4189,t001,AHC
2527349965,489426,3,tobillo,loading,0.0371,0.9530,-0.2573,1.2817,-17.4561,-28.0151,t001,AHC
2527349965,489441,3,tobillo,loading,0.0558,0.9333,-0.2366,2.0752,-17.6392,-27.1606,t001,AHC
2527350003,489457,3,tobillo,loading,0.0571,0.9338,-0.2313,2.6855,-16.1743,-25.0854,t001,AHC
2527350003,489473,3,tobillo,loading,0.0746,0.9308,-0.2212,2.6245,-15.1367,-23.6816,t001,AHC
2527350007,489489,3,tobillo,midstance,0.0723,0.9355,-0.2250,2.2583,-12.9395,-20.6299,t001,AHC
2527350050,489506,3,tobillo,midstance,0.0515,0.9536,-0.2245,2.1362,-12.1460,-19.4092,t001,AHC
2527350051,489521,3,tobillo,midstance,0.0546,0.9576,-0.2129,2.0752,-10.3760,-18.3716,t001,AHC
2527350090,489538,3,tobillo,midstance,0.0573,0.9551,-0.2122,2.4414,-9.0332,-18.3716,t001,AHC
2527350090,489553,3,tobillo,midstance,0.0577,0.9496,-0.2308,2.5635,-8.3008,-18.7378,t001,AHC
2527350093,489569,3,tobillo,midstance,0.0670,0.9452,-0.2346,2.9297,-6.8359,-19.6533,t001,AHC
2527350135,489585,3,tobillo,midstance,0.0616,0.9498,-0.2430,3.1738,-6.3477,-20.3857,t001,AHC
2527350135,489601,3,tobillo,midstance,0.0516,0.9680,-0.2435,3.7842,-5.6763,-22.5830,t001,AHC
2527350135,489617,3,tobillo,midstance,0.0635,0.9709,-0.2323,5.3101,-5.7983,-24.9023,t001,AHC
2527350174,489633,3,tobillo,midstance,0.0927,0.9540,-0.2244,6.2256,-5.4932,-25.6958,t001,AHC
2527350175,489650,3,tobillo,midstance,0.1002,0.9517,-0.2305,7.2021,-4.3945,-26.8555,t001,AHC
2527350216,489665,3,tobillo,midstance,0.0804,0.9650,-0.2338,7.2632,-4.1504,-27.4048,t001,AHC
2527350216,489681,3,tobillo,midstance,0.1012,0.9723,-0.2152,7.5684,-2.9907,-29.0527,t001,AHC
2527350216,489697,3,tobillo,midstance,0.1353,0.9585,-0.2040,8.7280,-1.9531,-29.4189,t001,AHC
2527350253,489713,3,tobillo,terminal,0.1799,0.9292,-0.2133,9.3384,-2.4414,-28.6255,t001,AHC
2527350254,489729,3,tobillo,terminal,0.1661,0.9312,-0.2239,10.3149,-5.3101,-27.0386,t001,AHC
2527350299,489745,3,tobillo,terminal,0.1101,0.9559,-0.2281,10.7422,-6.1646,-27.2827,t001,AHC
2527350299,489761,3,tobillo,terminal,0.1112,0.9767,-0.2202,11.3525,-5.4932,-30.4565,t001,AHC
2527350299,489777,3,tobillo,terminal,0.1356,0.9767,-0.2067,11.6577,-4.7607,-33.7524,t001,AHC
2527350340,489794,3,tobillo,terminal,0.1709,0.9664,-0.1974,11.9019,-5.6152,-34.8511,t001,AHC
2527350341,489809,3,tobillo,terminal,0.1732,0.9659,-0.2034,12.5122,-8.8501,-37.2314,t001,AHC
2527350374,489825,3,tobillo,terminal,0.1644,0.9717,-0.2087,13.0005,-10.4370,-38.6963,t001,AHC
2527350382,489842,3,tobillo,terminal,0.1906,0.9679,-0.1932,14.1602,-12.6343,-41.9922,t001,AHC
2527350383,489858,3,tobillo,terminal,0.1964,0.9716,-0.1892,15.1978,-13.6108,-45.3491,t001,AHC
2527350420,489874,3,tobillo,terminal,0.2089,0.9854,-0.2115,15.6860,-14.7705,-46.7529,t001,AHC
2527350422,489890,3,tobillo,terminal,0.2094,0.9954,-0.2130,17.5171,-19.4092,-50.3540,t001,AHC
2527350423,489906,3,tobillo,terminal,0.2035,1.0098,-0.2156,19.0430,-21.6675,-52.8564,t001,AHC
2527350463,489921,3,tobillo,terminal,0.2206,1.0259,-0.2175,21.7895,-23.8037,-58.0444,t001,AHC
2527350464,489938,3,tobillo,terminal,0.2291,1.0770,-0.1643,23.2544,-25.7568,-60.1807,t001,AHC
2527350501,489954,3,tobillo,swing,0.1831,1.1552,-0.1166,24.2310,-27.7100,-66.2231,t001,AHC
2527350501,489970,3,tobillo,swing,0.1759,1.1976,-0.1362,21.7285,-21.4233,-75.8057,t001,AHC
2527350504,489986,3,tobillo,swing,0.1674,1.2527,-0.2125,19.7754,-19.5313,-82.2143,t001,AHC
2527350546,490002,3,tobillo,swing,0.1971,1.2642,-0.2360,14.6484,-24.4751,-95.3369,t001,AHC
2527350547,490017,3,tobillo,swing,0.2186,1.2408,-0.2280,11.4746,-31.9214,-100.7080,t001,AHC
2527350585,490033,3,tobillo,swing,0.2772,1.2324,-0.1707,4.7607,-49.6826,-106.0181,t001,AHC
2527350586,490049,3,tobillo,swing,0.2808,1.2214,-0.1383,-2.2583,-67.8711,-103.9429,t001,AHC
2527350588,490066,3,tobillo,swing,0.2051,1.2072,-0.1252,-4.6387,-75.3784,-103.9429,t001,AHC
2527350629,490082,3,tobillo,swing,0.1803,1.1466,-0.1578,-3.6011,-83.3740,-103.2715,t001,AHC
2527350629,490098,3,tobillo,swing,0.3237,1.0118,-0.1831,-2.6245,-81.4209,-101.6235,t001,AHC
2527350666,490114,3,tobillo,swing,0.5148,0.9199,-0.1520,-1.6479,-71.4111,-94.6045,t001,AHC
2527350666,490130,3,tobillo,swing,0.6168,0.8700,-0.1337,1.5259,-70.0073,-84.2285,t001,AHC
2527350668,490146,3,tobillo,swing,0.6500,0.7187,-0.2072,2.0142,-72.4487,-79.9561,t001,AHC
2527350710,490162,3,tobillo,swing,0.6202,0.6881,-0.2109,-3.1128,-70.5566,-72.4487,t001,AHC
2527350710,490178,3,tobillo,swing,0.3633,0.6893,-0.0859,-3.4790,-64.6362,-70.0073,t001,AHC
2527350711,490194,3,tobillo,swing,-0.1859,0.5470,-0.0957,-0.4272,-40.6494,-49.5605,t001,AHC
2527350748,490210,3,tobillo,swing,-0.0948,0.4712,-0.1324,-7.4463,12.8174,-29.9072,t001,AHC
2527350751,490226,3,tobillo,swing,0.1962,0.5150,-0.0769,-12.0850,32.0435,-23.8037,t001,AHC
2527350792,490242,3,tobillo,swing,0.2673,0.5442,-0.0410,-15.8691,47.8516,-5.8594,t001,AHC
2527350792,490258,3,tobillo,swing,0.3365,0.5762,0.0020,-17.3340,54.0771,3.4180,t001,AHC
2527350793,490274,3,tobillo,swing,0.4091,0.6357,0.0342,-19.1650,64.5752,19.4092,t001,AHC
2527350829,490290,3,tobillo,swing,0.4368,0.6663,0.0334,-17.4561,61.7065,34.9121,t001,AHC
2527350831,490306,3,tobillo,swing,0.5020,0.7043,0.0010,-16.1133,56.1523,41.9311,t001,AHC
2527350873,490321,3,tobillo,swing,0.5435,0.7236,-0.0272,-14.7705,42.0532,52.3682,t001,AHC
2527350874,490337,3,tobillo,swing,0.6072,0.7877,-0.0873,-14.4043,34.7290,56.2134,t001,AHC
2527350874,490353,3,tobillo,swing,0.6177,0.8193,-0.1100,-13.1226,19.7754,62.3779,t001,AHC
2527350912,490369,3,tobillo,swing,0.5975,0.8508,-0.1265,-11.9019,12.5122,64.6362,t001,AHC
2527350913,490385,3,tobillo,swing,0.5488,0.8461,-0.0718,-8.3008,-1.4038,68.4814,t001,AHC
2527350954,490401,3,tobillo,swing,0.5103,0.8375,-0.0400,-3.9673,-10.3149,72.0825,t001,AHC
2527350954,490417,3,tobillo,swing,0.4030,0.8273,-0.0138,-2.2583,-10.6812,73.8525,t001,AHC
2527350955,490433,3,tobillo,swing,0.3522,0.8270,-0.0146,0.4272,-2.6245,77.0874,t001,AHC
2527350992,490449,3,tobillo,swing,0.2985,0.8206,-0.0243,1.6479,4.2114,78.8574,t001,AHC
2527350992,490465,3,tobillo,swing,0.2977,0.8214,-0.0505,2.9907,18.3716,83.2519,t001,AHC
2527351035,490481,3,tobillo,swing,0.3038,0.8320,-0.0645,3.3569,29.6020,89.2334,t001,AHC
2527351035,490497,3,tobillo,swing,0.3000,0.8641,-0.0924,3.4180,33.2031,92.8345,t001,AHC
2527351036,490513,3,tobillo,swing,0.2832,0.8793,-0.1066,3.8452,35.8276,100.2197,t001,AHC
2527351073,490528,3,tobillo,swing,0.2570,0.9041,-0.1348,3.9673,36.1938,103.2715,t001,AHC
2527351075,490544,3,tobillo,swing,0.2502,0.9154,-0.1482,3.2349,37.6587,108.8257,t001,AHC
2527351088,490560,3,tobillo,swing,0.2325,0.9515,-0.1703,2.3193,38.3301,111.6943,t001,AHC
2527351112,490576,3,tobillo,swing,0.2225,0.9862,-0.1919,0.3052,38.3301,116.9434,t001,AHC
2527351117,490592,3,tobillo,swing,0.2158,0.9958,-0.1968,-1.8311,35.7056,122.0703,t001,AHC
2527351156,490608,3,tobillo,swing,0.2136,1.0098,-0.1790,-3.0518,32.6538,124.8169,t001,AHC
2527351157,490624,3,tobillo,swing,0.2086,1.0175,-0.1669,-4.8218,23.4375,130.7983,t001,AHC
2527351158,490640,3,tobillo,swing,0.1807,1.0397,-0.1552,-5.1880,18.7378,133.7280,t001,AHC
2527351184,490655,3,tobillo,swing,0.1594,1.0406,-0.1471,-5.0659,10.6201,138.9160,t001,AHC
2527351198,490671,3,tobillo,swing,0.1335,1.0442,-0.1255,-5.1880,3.7231,142.2119,t001,AHC
2527351235,490687,3,tobillo,swing,0.1172,1.0594,-0.1139,-5.2490,0.4272,143.3105,t001,AHC
2527351237,490703,3,tobillo,swing,0.0994,1.0591,-0.1053,-4.7607,-4.7607,143.9819,t001,AHC
2527351238,490719,3,tobillo,swing,0.0630,1.0435,-0.1023,-4.3945,-5.7373,143.7378,t001,AHC
2527351279,490735,3,tobillo,swing,0.0438,1.0490,-0.1110,-4.7607,-5.6152,142.3340,t001,AHC
2527351279,490751,3,tobillo,swing,0.0293,1.0851,-0.1189,-5.0049,-5.5542,141.0522,t001,AHC
2527351316,490767,3,tobillo,swing,-0.0100,1.0886,-0.1240,-4.3945,-5.3711,137.1460,t001,AHC
2527351318,490784,3,tobillo,swing,-0.0314,1.0830,-0.1263,-3.9062,-0.4272,130.5542,t001,AHC
2527351319,490800,3,tobillo,swing,-0.0287,1.0638,-0.1366,-3.9673,3.2959,126.8921,t001,AHC
2527351360,490816,3,tobillo,swing,-0.0245,1.0450,-0.1476,-4.5776,8.6060,118.6523,t001,AHC
2527351361,490832,3,tobillo,swing,-0.0258,1.0098,-0.1648,-5.1270,10.1929,113.3423,t001,AHC
2527351398,490848,3,tobillo,swing,-0.0350,1.0037,-0.1665,-7.2021,12.7563,100.8301,t001,AHC
2527351399,490863,3,tobillo,loading,-0.0256,0.9937,-0.1670,-8.4229,15.0146,87.2803,t001,AHC
2527351399,490880,3,tobillo,loading,0.0021,0.9501,-0.1692,-8.9722,15.1978,79.8950,t001,AHC
2527351444,490896,3,tobillo,loading,0.0074,0.9286,-0.1652,-10.4980,13.3057,63.6597,t001,AHC
2527351445,490912,3,tobillo,loading,0.0001,0.9038,-0.1510,-11.4136,12.7563,55.1147,t001,AHC
2527351445,490927,3,tobillo,loading,-0.0029,0.9016,-0.1406,-12.8174,16.5405,36.3770,t001,AHC
2527351484,490943,3,tobillo,loading,0.0090,0.8971,-0.1394,-13.9770,24.5361,15.8691,t001,AHC
2527351485,490959,3,tobillo,loading,0.0137,0.9148,-0.1315,-14.7705,28.9917,5.3711,t001,AHC
2527351526,490975,3,tobillo,loading,0.0161,0.9875,-0.1134,-14.9536,41.0156,-21.8506,t001,AHC
2527351527,490991,3,tobillo,loading,0.3323,0.9473,-0.0015,-12.6953,53.4058,-40.1001,t001,AHC
2527351527,491007,3,tobillo,loading,-0.7479,1.1025,0.0330,-8.6670,65.3687,-78.5522,t001,AHC
2527351564,491023,3,tobillo,loading,-1.1187,1.0847,0.0245,-6.3477,54.6265,-59.2041,t001,AHC
2527351566,491039,3,tobillo,loading,0.1448,1.1450,0.0116,-9.8877,41.3208,-55.8472,t001,AHC
2527351608,491055,3,tobillo,loading,0.2559,1.2687,-0.1213,-21.2402,-20.8740,-73.0591,t001,AHC
2527351608,491071,3,tobillo,loading,-0.4902,1.2268,-0.2415,-22.4609,-34.4238,-76.1719,t001,AHC
2527351609,491087,3,tobillo,loading,-0.4429,1.0909,-0.2109,-20.0195,1.0376,-79.7729,t001,AHC
2527351646,491103,3,tobillo,loading,-0.0402,0.9489,-0.1877,-20.0195,12.5732,-79.6509,t001,AHC
2527351647,491119,3,tobillo,loading,-0.1119,0.9122,-0.2620,-19.6533,2.9907,-73.6694,t001,AHC
2527351691,491135,3,tobillo,loading,-0.1423,0.9053,-0.2769,-16.8457,-1.8921,-66.3452,t001,AHC
2527351692,491151,3,tobillo,loading,-0.0854,0.9130,-0.2739,-15.1367,-3.9062,-62.0728,t001,AHC
2527351692,491167,3,tobillo,loading,-0.0598,0.9501,-0.2765,-15.6250,-5.6763,-54.8706,t001,AHC
2527351729,491183,3,tobillo,loading,-0.1019,1.0220,-0.1731,-14.2822,-2.6245,-52.7954,t001,AHC
2527351730,491199,3,tobillo,loading,-0.1133,0.9916,-0.1241,-12.3901,1.1597,-48.8892,t001,AHC
2527351733,491215,3,tobillo,loading,-0.1271,0.9895,-0.1470,-15.0146,0.7324,-47.6074,t001,AHC
2527351773,491231,3,tobillo,loading,-0.0741,1.0018,-0.1971,-16.0522,0.9155,-46.8140,t001,AHC
2527351774,491247,3,tobillo,loading,-0.0494,1.0079,-0.2156,-14.8315,-2.6245,-44.7998,t001,AHC
2527351810,491264,3,tobillo,loading,-0.0767,0.9963,-0.2111,-13.2446,-7.1411,-42.9077,t001,AHC
2527351811,491280,3,tobillo,midstance,-0.0887,0.9644,-0.2067,-10.9253,-17.0288,-40.1001,t001,AHC
2527351814,491296,3,tobillo,midstance,-0.0663,0.9601,-0.1995,-10.4980,-15.0757,-38.3301,t001,AHC
2527351856,491312,3,tobillo,midstance,-0.0792,0.9734,-0.1987,-10.4980,-11.5967,-37.5977,t001,AHC
2527351857,491328,3,tobillo,midstance,-0.0710,0.9755,-0.2144,-9.7656,-7.0801,-35.9497,t001,AHC
2527351896,491345,3,tobillo,midstance,-0.0470,0.9690,-0.2463,-7.5073,-7.8125,-34.9731,t001,AHC
2527351898,491361,3,tobillo,midstance,-0.0654,0.9575,-0.2555,-6.2256,-8.7891,-34.7900,t001,AHC
2527351898,491377,3,tobillo,midstance,-0.0686,0.9589,-0.2557,-4.2725,-6.2256,-33.5083,t001,AHC
2527351940,491393,3,tobillo,midstance,-0.0061,0.9653,-0.2400,-3.1738,-3.9673,-31.9824,t001,AHC
2527351940,491409,3,tobillo,midstance,0.0127,0.9597,-0.2450,-0.7324,-3.4180,-28.2593,t001,AHC
2527351977,491425,3,tobillo,midstance,0.0115,0.9633,-0.2401,0.3662,-6.2866,-24.9634,t001,AHC
2527351978,491441,3,tobillo,midstance,-0.0039,0.9670,-0.2257,0.5493,-7.6294,-23.4985,t001,AHC
2527351978,491458,3,tobillo,midstance,-0.0033,0.9578,-0.2214,0.3662,-6.8970,-21.3623,t001,AHC
2527352021,491474,3,tobillo,midstance,-0.0022,0.9567,-0.2295,0.0610,-6.2866,-20.7520,t001,AHC
2527352022,491490,3,tobillo,midstance,-0.0055,0.9640,-0.2329,-0.4883,-7.5073,-20.0195,t001,AHC
2527352058,491506,3,tobillo,midstance,-0.0106,0.9639,-0.2346,-0.6714,-9.2773,-20.8130,t001,AHC
2527352059,491522,3,tobillo,midstance,-0.0223,0.9568,-0.2360,-0.6104,-9.2773,-21.7895,t001,AHC
2527352061,491538,3,tobillo,midstance,-0.0176,0.9532,-0.2411,0.0610,-6.9580,-24.4141,t001,AHC
2527352102,491554,3,tobillo,midstance,0.0094,0.9460,-0.2429,0.5493,-5.7373,-25.6348,t001,AHC
2527352103,491570,3,tobillo,midstance,0.0138,0.9548,-0.2428,1.8921,-5.6763,-29.4189,t001,AHC
2527352103,491586,3,tobillo,midstance,0.0242,0.9540,-0.2327,1.9531,-6.0425,-30.5176,t001,AHC
2527352140,491601,3,tobillo,swing,0.0529,0.9508,-0.2397,1.6479,-5.7373,-31.0669,t001,AHC
2527352140,491617,3,tobillo,swing,0.0457,0.9526,-0.2448,1.8921,-5.4932,-32.1655,t001,AHC
2527352185,491633,3,tobillo,swing,0.0575,0.9670,-0.2372,2.1362,-5.4321,-32.8979,t001,AHC
2527352186,491649,3,tobillo,swing,0.0699,0.9675,-0.2296,2.8687,-6.1646,-33.4473,t001,AHC
2527352186,491665,3,tobillo,swing,0.1039,0.9490,-0.2230,3.2349,-6.4697,-33.0200,t001,AHC
2527352224,491681,3,tobillo,swing,0.1217,0.9464,-0.2303,3.8452,-6.7749,-31.4331,t001,AHC
2527352226,491697,3,tobillo,swing,0.1146,0.9517,-0.2340,5.0049,-7.7515,-30.6396,t001,AHC
2527352267,491713,3,tobillo,swing,0.0880,0.9613,-0.2290,5.4932,-7.9346,-30.9448,t001,AHC
2527352268,491729,3,tobillo,swing,0.0807,0.9620,-0.2252,5.6152,-6.1646,-32.7148,t001,AHC
2527352268,491745,3,tobillo,swing,0.1169,0.9669,-0.2218,5.3711,-4.9438,-33.5693,t001,AHC
2527352305,491761,3,tobillo,swing,0.1465,0.9725,-0.2239,5.2490,-5.9814,-34.3628,t001,AHC
2527352308,491777,3,tobillo,swing,0.1462,0.9711,-0.2253,6.0425,-10.0098,-35.3394,t001,AHC
2527352325,491793,3,tobillo,swing,0.1246,0.9618,-0.2236,6.5308,-11.7187,-36.4380,t001,AHC
2527352343,491809,3,tobillo,swing,0.1179,0.9636,-0.2264,7.1411,-11.9629,-40.2222,t001,AHC
2527352350,491825,3,tobillo,swing,0.1345,0.9626,-0.2303,7.3242,-11.2915,-42.5415,t001,AHC
2527352390,491841,3,tobillo,swing,0.1693,0.9763,-0.2175,7.5073,-10.8643,-47.1191,t001,AHC
2527352391,491857,3,tobillo,swing,0.1860,0.9771,-0.2159,8.3618,-12.7563,-50.7812,t001,AHC
2527352392,491873,3,tobillo,swing,0.2195,0.9574,-0.2329,9.1553,-14.4043,-52.0019,t001,AHC
2527352432,491889,3,tobillo,swing,0.2538,0.9424,-0.2385,10.6201,-18.1885,-52.4902,t001,AHC
2527352433,491905,3,tobillo,swing,0.2928,0.9435,-0.2294,11.2305,-20.2026,-51.6968,t001,AHC
2527352472,491921,3,tobillo,swing,0.2908,0.9580,-0.2231,13.1836,-23.9868,-49.9878,t001,AHC
2527352473,491937,3,tobillo,swing,0.2838,0.9860,-0.1930,15.3809,-28.6255,-50.4150,t001,AHC
2527352473,491953,3,tobillo,swing,0.2581,1.0593,-0.1962,16.9678,-30.8838,-51.4526,t001,AHC
2527352513,491970,3,tobillo,swing,0.2158,1.1238,-0.2136,22.7661,-34.7290,-55.2978,t001,AHC
2527352513,491986,3,tobillo,swing,0.1818,1.1785,-0.2090,25.0854,-35.5225,-59.0820,t001,AHC
2527352550,492002,3,tobillo,swing,0.1676,1.2086,-0.1793,24.2310,-33.8745,-70.8618,t001,AHC
2527352552,492018,3,tobillo,swing,0.1252,1.2588,-0.1670,17.5171,-27.2827,-85.8154,t001,AHC
2527352553,492034,3,tobillo,swing,0.0898,1.3146,-0.1595,13.6719,-26.1230,-94.9097,t001,AHC
2527352594,492050,3,tobillo,swing,0.0853,1.3315,-0.1416,10.1318,-28.9917,-112.1216,t001,AHC
2527352594,492066,3,tobillo,swing,0.1267,1.2734,-0.0995,9.4604,-31.1279,-118.5913,t001,AHC
2527352626,492082,3,tobillo,swing,0.3545,1.0803,-0.0275,8.6060,-30.8228,-119.2017,t001,AHC
2527352632,492098,3,tobillo,swing,0.4773,1.0022,-0.0338,6.1035,-39.6118,-108.3374,t001,AHC
2527352634,492114,3,tobillo,swing,0.4432,0.9841,-0.1469,3.9062,-51.0254,-104.0039,t001,AHC
2527352675,492130,3,tobillo,swing,0.3785,0.9904,-0.2081,2.5635,-67.0776,-98.2056,t001,AHC
2527352676,492147,3,tobillo,swing,0.3837,0.9414,-0.2175,4.2114,-68.1152,-95.9473,t001,AHC
2527352682,492162,3,tobillo,swing,0.3700,0.9020,-0.2034,6.7749,-62.8052,-94.4824,t001,AHC
2527352713,492179,3,tobillo,swing,0.3348,0.8229,-0.2101,9.7046,-59.1431,-87.2192,t001,AHC
2527352715,492194,3,tobillo,swing,0.5765,0.7994,-0.2573,10.9253,-55.9692,-82.5195,t001,AHC
2527352756,492210,3,tobillo,swing,0.7627,0.8146,-0.2727,6.8970,-39.7339,-73.1201,t001,AHC
2527352757,492226,3,tobillo,swing,0.9968,0.7596,-0.1888,3.9673,-35.2783,-73.6084,t001,AHC
2527352786,492242,3,tobillo,swing,1.0070,0.6979,-0.1555,-2.5024,-49.1333,-78.7964,t001,AHC
2527352795,492259,3,tobillo,swing,-0.0616,0.6041,-0.1193,-3.9673,-60.2417,-68.6646,t001,AHC
2527352795,492275,3,tobillo,swing,-0.6093,0.5331,-0.1520,-3.2959,-35.2173,-18.4326,t001,AHC
2527352838,492291,3,tobillo,swing,-0.3254,0.4471,-0.0889,-6.1035,22.8271,8.0566,t001,AHC
2527352839,492307,3,tobillo,swing,0.2328,0.4681,0.0277,-7.2021,26.1841,19.2261,t001,AHC
2527352876,492323,3,tobillo,swing,0.2335,0.5167,-0.0082,-11.4746,10.6201,51.8799,t001,AHC
