timestamp_pc_ms,timestamp_arduino_ms,sensor_id,placement,phase,ax,ay,az,gx,gy,gz,trial_id,subject_id
2527436945,576409,3,tobillo,loading,-0.0312,0.9777,-0.1165,-1.0986,-0.5493,1.7090,t004,AHC
2527436963,576425,3,tobillo,loading,-0.0258,0.9785,-0.1155,-1.2207,-0.4272,1.7700,t004,AHC
2527436963,576441,3,tobillo,loading,-0.0219,0.9751,-0.1182,-1.3428,-0.2441,2.2583,t004,AHC
2527437004,576457,3,tobillo,loading,-0.0228,0.9751,-0.1204,-1.0986,-0.5493,2.6855,t004,AHC
2527437005,576473,3,tobillo,loading,-0.0289,0.9736,-0.1195,-0.9766,-0.8545,2.8076,t004,AHC
2527437005,576489,3,tobillo,loading,-0.0326,0.9736,-0.1183,-0.7324,-1.0376,2.8076,t004,AHC
2527437045,576505,3,tobillo,loading,-0.0341,0.9763,-0.1169,-0.7324,-0.8545,2.6855,t004,AHC
2527437046,576521,3,tobillo,loading,-0.0366,0.9771,-0.1193,-0.9155,-0.4272,2.3804,t004,AHC
2527437083,576537,3,tobillo,loading,-0.0396,0.9778,-0.1216,-1.0986,0.0000,2.1362,t004,AHC
2527437083,576553,3,tobillo,loading,-0.0353,0.9786,-0.1221,-0.9766,0.0610,2.0142,t004,AHC
2527437086,576569,3,tobillo,loading,-0.0317,0.9773,-0.1204,-0.6104,-0.2441,1.9531,t004,AHC
2527437127,576585,3,tobillo,loading,-0.0330,0.9739,-0.1178,-0.6104,-0.4883,2.0142,t004,AHC
2527437127,576601,3,tobillo,loading,-0.0356,0.9747,-0.1173,-0.7935,-0.4883,1.8921,t004,AHC
2527437165,576617,3,tobillo,loading,-0.0404,0.9780,-0.1193,-0.7935,-0.3052,1.7090,t004,AHC
2527437167,576633,3,tobillo,loading,-0.0355,0.9769,-0.1191,-0.6714,0.0610,1.3428,t004,AHC
2527437168,576649,3,tobillo,loading,-0.0374,0.9755,-0.1204,-0.6714,0.0000,1.0376,t004,AHC
2527437210,576665,3,tobillo,loading,-0.0370,0.9772,-0.1211,-0.6714,0.1221,0.8545,t004,AHC
2527437210,576681,3,tobillo,loading,-0.0354,0.9775,-0.1210,-0.6714,0.1221,0.6714,t004,AHC
2527437247,576697,3,tobillo,loading,-0.0366,0.9761,-0.1233,-0.6104,0.0000,0.6104,t004,AHC
2527437248,576713,3,tobillo,loading,-0.0336,0.9760,-0.1199,-0.3662,-0.1221,0.4883,t004,AHC
2527437249,576729,3,tobillo,loading,-0.0321,0.9753,-0.1190,-0.2441,-0.1831,0.6104,t004,AHC
2527437291,576745,3,tobillo,loading,-0.0316,0.9739,-0.1221,-0.1831,-0.1831,0.7324,t004,AHC
2527437291,576761,3,tobillo,loading,-0.0334,0.9730,-0.1219,0.0000,-0.2441,0.7935,t004,AHC
2527437291,576777,3,tobillo,loading,-0.0365,0.9753,-0.1217,0.0610,-0.3052,0.7935,t004,AHC
2527437330,576793,3,tobillo,loading,-0.0409,0.9777,-0.1221,0.0610,-0.4272,0.8545,t004,AHC
2527437330,576809,3,tobillo,loading,-0.0382,0.9773,-0.1211,0.0610,-0.1221,0.6714,t004,AHC
2527437372,576825,3,tobillo,loading,-0.0358,0.9760,-0.1195,0.0610,-0.0610,0.6104,t004,AHC
2527437373,576841,3,tobillo,loading,-0.0374,0.9761,-0.1206,0.1831,-0.0610,0.6714,t004,AHC
2527437373,576857,3,tobillo,loading,-0.0381,0.9768,-0.1210,0.1831,-0.1831,0.6104,t004,AHC
2527437411,576872,3,tobillo,loading,-0.0367,0.9760,-0.1208,0.2441,-0.3052,0.4883,t004,AHC
2527437413,576888,3,tobillo,loading,-0.0359,0.9752,-0.1204,0.3052,-0.3052,0.5493,t004,AHC
2527437455,576904,3,tobillo,loading,-0.0433,0.9758,-0.1219,0.3052,-0.3662,0.5493,t004,AHC
2527437455,576920,3,tobillo,loading,-0.0450,0.9760,-0.1219,-0.0610,0.1831,0.3052,t004,AHC
2527437456,576936,3,tobillo,loading,-0.0380,0.9773,-0.1219,-0.1831,0.4272,0.1831,t004,AHC
2527437496,576952,3,tobillo,loading,-0.0378,0.9761,-0.1223,-0.0610,0.4272,0.1831,t004,AHC
2527437496,576968,3,tobillo,loading,-0.0360,0.9746,-0.1211,-0.0610,0.4272,0.1221,t004,AHC
2527437534,576984,3,tobillo,loading,-0.0352,0.9739,-0.1191,0.0610,0.0610,0.2441,t004,AHC
2527437539,576999,3,tobillo,loading,-0.0355,0.9742,-0.1195,0.2441,-0.1831,0.2441,t004,AHC
2527437539,577015,3,tobillo,loading,-0.0363,0.9778,-0.1210,0.2441,-0.2441,0.2441,t004,AHC
2527437578,577031,3,tobillo,loading,-0.0372,0.9783,-0.1217,0.3662,-0.3662,0.3662,t004,AHC
2527437579,577047,3,tobillo,loading,-0.0392,0.9747,-0.1212,0.3662,-0.4272,0.3662,t004,AHC
2527437580,577063,3,tobillo,loading,-0.0378,0.9751,-0.1201,0.2441,-0.2441,0.4272,t004,AHC
2527437623,577078,3,tobillo,loading,-0.0367,0.9766,-0.1188,0.3052,-0.1831,0.4883,t004,AHC
2527437623,577094,3,tobillo,loading,-0.0363,0.9745,-0.1199,0.6104,-0.3052,0.6104,t004,AHC
2527437624,577110,3,tobillo,loading,-0.0358,0.9753,-0.1200,0.7324,-0.6104,0.7324,t004,AHC
2527437663,577126,3,tobillo,loading,-0.0393,0.9772,-0.1198,0.7324,-0.6714,0.7935,t004,AHC
2527437664,577142,3,tobillo,loading,-0.0400,0.9779,-0.1195,0.7935,-0.4272,0.8545,t004,AHC
2527437708,577158,3,tobillo,loading,-0.0376,0.9774,-0.1188,0.7324,-0.2441,0.7935,t004,AHC
2527437708,577174,3,tobillo,loading,-0.0370,0.9761,-0.1199,0.3662,0.2441,1.0376,t004,AHC
2527437709,577190,3,tobillo,loading,-0.0575,0.9717,-0.1366,-0.7324,2.0142,1.4038,t004,AHC
2527437749,577206,3,tobillo,loading,-0.0424,0.9915,-0.1038,-4.0894,12.8784,3.4180,t004,AHC
2527437750,577221,3,tobillo,loading,-0.0096,0.9827,-0.0906,2.0752,10.7422,1.5259,t004,AHC
2527437751,577237,3,tobillo,loading,-0.0425,0.9840,-0.1067,4.2725,7.6904,0.1831,t004,AHC
2527437795,577253,3,tobillo,loading,-0.0522,0.9844,-0.1110,5.5542,8.7891,-2.8076,t004,AHC
2527437795,577269,3,tobillo,loading,-0.1104,0.9832,-0.1306,5.0659,9.0332,-5.5542,t004,AHC
2527437835,577285,3,tobillo,loading,-0.0863,0.9917,-0.1232,3.2349,11.4136,-11.3525,t004,AHC
2527437837,577301,3,tobillo,loading,-0.0460,0.9972,-0.1046,2.9297,16.7847,-15.5029,t004,AHC
2527437837,577317,3,tobillo,loading,-0.0354,0.9801,-0.1044,2.9907,17.7002,-16.4795,t004,AHC
2527437882,577333,3,tobillo,loading,-0.0077,0.9679,-0.1132,1.4648,17.8833,-16.3574,t004,AHC
2527437883,577349,3,tobillo,loading,0.0352,0.9644,-0.1119,0.4272,15.8081,-15.6250,t004,AHC
2527437883,577365,3,tobillo,loading,0.0250,0.9581,-0.1184,-1.0986,11.5967,-12.7563,t004,AHC
2527437927,577381,3,tobillo,loading,0.0371,0.9520,-0.1031,-1.4038,10.4980,-11.1084,t004,AHC
2527437927,577397,3,tobillo,loading,0.0277,0.9384,-0.0937,-1.2207,5.6763,-6.8970,t004,AHC
2527437928,577413,3,tobillo,loading,0.0095,0.9371,-0.1027,-1.9531,3.4180,-2.5635,t004,AHC
2527437974,577429,3,tobillo,loading,-0.0044,0.9301,-0.0818,-2.2583,4.0894,-0.7324,t004,AHC
2527437975,577445,3,tobillo,loading,-0.0027,0.9115,-0.0613,-2.5024,7.8125,2.7466,t004,AHC
2527437975,577461,3,tobillo,loading,0.0243,0.8521,-0.0463,-2.9907,10.1929,4.8218,t004,AHC
2527438018,577476,3,tobillo,loading,0.0109,0.8634,-0.1476,-5.7373,13.9770,8.7280,t004,AHC
2527438020,577492,3,tobillo,loading,-0.0040,0.9292,-0.1765,-8.0566,11.5967,12.5732,t004,AHC
2527438028,577508,3,tobillo,loading,-0.0127,1.0570,-0.1495,-6.8359,6.5918,14.4043,t004,AHC
2527438070,577524,3,tobillo,loading,-0.0514,1.0491,-0.1281,-3.6011,-2.5024,15.6860,t004,AHC
2527438070,577540,3,tobillo,loading,-0.1127,0.9890,-0.1222,-4.0283,-0.5493,14.6484,t004,AHC
2527438070,577556,3,tobillo,loading,-0.0768,0.9783,-0.1102,-7.0190,10.8032,11.4136,t004,AHC
2527438117,577572,3,tobillo,loading,-0.0712,0.9886,-0.1266,-7.6904,14.8315,8.6670,t004,AHC
2527438118,577588,3,tobillo,loading,-0.0762,1.0642,-0.1899,-6.9580,14.1602,7.2021,t004,AHC
2527438118,577604,3,tobillo,loading,-0.0769,1.0991,-0.2091,-2.1973,8.5449,3.6011,t004,AHC
2527438168,577620,3,tobillo,loading,-0.1033,1.0884,-0.2018,1.4648,4.6997,1.1597,t004,AHC
2527438168,577636,3,tobillo,loading,-0.1212,1.0481,-0.1610,6.5308,0.9155,-5.1270,t004,AHC
2527438169,577652,3,tobillo,loading,-0.1499,1.0049,-0.1007,6.8970,0.8545,-9.0332,t004,AHC
2527438217,577668,3,tobillo,loading,-0.1460,0.9915,-0.1174,5.3101,-0.0610,-17.2729,t004,AHC
2527438218,577684,3,tobillo,loading,-0.1362,0.9917,-0.1384,4.8218,-6.3477,-25.6958,t004,AHC
2527438218,577700,3,tobillo,loading,-0.0933,1.0319,-0.1752,5.6152,-8.9111,-30.0293,t004,AHC
2527438269,577716,3,tobillo,loading,-0.0625,1.0781,-0.1962,11.9019,-9.6436,-39.4897,t004,AHC
2527438269,577732,3,tobillo,loading,-0.1581,1.0809,-0.2324,16.5405,-10.2539,-45.3491,t004,AHC
2527438269,577748,3,tobillo,loading,-0.2993,1.0476,-0.1866,18.8599,-11.2305,-62.0117,t004,AHC
2527438314,577764,3,tobillo,loading,-0.3219,1.0687,-0.1219,11.7187,-5.4321,-81.6650,t004,AHC
2527438315,577780,3,tobillo,loading,-0.1595,1.1312,-0.1345,6.8359,0.6714,-89.4775,t004,AHC
2527438316,577796,3,tobillo,loading,-0.0433,1.2020,-0.2583,-5.6763,0.7324,-100.8301,t004,AHC
2527438368,577812,3,tobillo,loading,0.0211,1.2201,-0.2251,-6.4087,-8.1787,-102.9663,t004,AHC
2527438369,577828,3,tobillo,loading,0.1393,1.2043,-0.0170,-0.6714,-15.0757,-102.6611,t004,AHC
2527438369,577844,3,tobillo,loading,0.2523,1.2650,-0.0262,4.3335,-24.2920,-100.9521,t004,AHC
2527438417,577860,3,tobillo,loading,0.1140,1.2295,-0.1329,9.8267,-32.0435,-100.2197,t004,AHC
2527438419,577876,3,tobillo,loading,0.0215,1.0757,-0.2709,11.9019,-30.8838,-93.3227,t004,AHC
2527438420,577892,3,tobillo,loading,-0.1670,0.8622,-0.4681,5.1270,-31.4941,-84.6558,t004,AHC
2527438471,577908,3,tobillo,loading,-0.2683,0.8698,-0.3364,-9.6436,-28.5034,-57.8003,t004,AHC
2527438472,577924,3,tobillo,loading,-0.2554,0.8234,-0.3024,-19.7754,-20.2637,-33.0200,t004,AHC
2527438472,577940,3,tobillo,loading,-0.2386,0.7532,-0.2686,-24.7192,-15.4419,-22.1558,t004,AHC
2527438473,577956,3,tobillo,loading,-0.2251,0.7374,-0.2430,-32.0435,-5.1270,0.6714,t004,AHC
2527438519,577972,3,tobillo,loading,-0.1774,0.7157,-0.1930,-33.8745,-1.5259,12.4512,t004,AHC
2527438521,577988,3,tobillo,loading,-0.1367,0.7201,-0.1458,-33.4473,2.8687,35.3394,t004,AHC
2527438522,578004,3,tobillo,loading,-0.1112,0.7410,-0.1188,-31.5552,3.6621,55.7861,t004,AHC
2527438573,578020,3,tobillo,loading,-0.0937,0.7983,-0.0563,-30.1514,3.6621,65.1855,t004,AHC
2527438574,578036,3,tobillo,loading,-0.0983,0.8228,-0.0359,-26.0010,7.6294,80.5664,t004,AHC
2527438574,578052,3,tobillo,loading,-0.0895,0.8749,-0.0187,-23.6816,12.3901,86.7309,t004,AHC
2527438622,578068,3,tobillo,loading,-0.0880,0.8969,-0.0240,-19.1040,24.8413,96.2524,t004,AHC
2527438623,578084,3,tobillo,loading,-0.0775,0.9220,-0.0565,-16.8457,32.3486,99.5483,t004,AHC
2527438624,578100,3,tobillo,loading,-0.0560,0.9391,-0.0977,-12.3291,49.6826,104.4311,t004,AHC
2527438678,578116,3,tobillo,loading,-0.0510,0.9363,-0.1165,-7.8125,64.0259,109.5581,t004,AHC
2527438679,578132,3,tobillo,loading,-0.0181,0.9224,-0.1503,-5.9814,67.8101,112.5488,t004,AHC
2527438679,578148,3,tobillo,loading,0.0205,0.9302,-0.1597,-2.8076,64.5142,118.9575,t004,AHC
2527438680,578164,3,tobillo,loading,0.0577,0.9570,-0.1705,-0.8545,57.3730,121.8262,t004,AHC
2527438729,578180,3,tobillo,loading,0.0199,0.9667,-0.1750,1.7090,39.7339,126.4648,t004,AHC
2527438731,578195,3,tobillo,loading,0.0205,0.9910,-0.1825,0.9155,24.9023,130.7983,t004,AHC
2527438731,578211,3,tobillo,loading,0.0520,1.0497,-0.2159,0.1221,18.1885,132.2632,t004,AHC
2527438783,578227,3,tobillo,loading,0.0608,1.0613,-0.2271,-1.8921,8.3618,129.6997,t004,AHC
2527438784,578243,3,tobillo,loading,0.0824,1.0739,-0.2229,-3.2349,6.2866,125.2441,t004,AHC
2527438784,578258,3,tobillo,loading,0.0973,1.0674,-0.2225,-4.3945,6.8970,111.3281,t004,AHC
2527438832,578274,3,tobillo,loading,0.1278,1.0300,-0.2073,-4.8828,11.2915,101.6846,t004,AHC
2527438832,578290,3,tobillo,midstance,0.2072,0.9734,-0.1515,-6.2866,24.5972,78.7354,t004,AHC
2527438834,578306,3,tobillo,midstance,0.2397,0.9563,-0.1426,-9.0332,32.3486,52.8564,t004,AHC
2527438835,578322,3,tobillo,midstance,0.3206,0.9506,-0.1508,-10.8032,35.1563,39.0015,t004,AHC
2527438887,578338,3,tobillo,midstance,0.3551,0.9360,-0.1615,-12.6343,38.0859,10.5591,t004,AHC
2527438888,578354,3,tobillo,midstance,0.3972,0.8889,-0.1512,-13.2446,37.9028,-3.9062,t004,AHC
2527438888,578370,3,tobillo,midstance,0.4172,0.8879,-0.1228,-14.3433,33.2642,-32.9590,t004,AHC
2527438936,578386,3,tobillo,midstance,0.0822,1.1741,0.2572,-10.1318,30.2734,-48.9502,t004,AHC
2527438937,578401,3,tobillo,midstance,-0.9093,1.0591,-0.0771,3.2349,34.8511,-62.0728,t004,AHC
2527438937,578417,3,tobillo,midstance,-0.8534,1.1630,-0.1348,-8.7280,11.5356,-46.6919,t004,AHC
2527438988,578433,3,tobillo,midstance,0.1697,1.3573,-0.1260,-13.3667,-2.4414,-55.2368,t004,AHC
2527438988,578449,3,tobillo,midstance,0.1029,1.3745,-0.2646,-26.6113,-8.7891,-84.1675,t004,AHC
2527438988,578465,3,tobillo,midstance,-0.0828,1.1774,-0.3275,-25.8179,4.0283,-84.4726,t004,AHC
2527439035,578481,3,tobillo,midstance,0.1683,1.0867,-0.1835,-21.2402,21.9727,-77.8809,t004,AHC
2527439036,578497,3,tobillo,midstance,0.0906,0.9836,-0.2007,-14.9536,9.3994,-63.4766,t004,AHC
2527439037,578513,3,tobillo,midstance,0.2865,0.9260,-0.2538,-14.0991,2.5024,-52.8564,t004,AHC
2527439091,578529,3,tobillo,midstance,0.2493,1.0182,-0.2190,-12.6343,-17.4561,-34.7900,t004,AHC
2527439091,578545,3,tobillo,midstance,-0.0426,1.0408,-0.1033,-11.4746,-22.3389,-24.9634,t004,AHC
2527439092,578561,3,tobillo,midstance,-0.1804,0.9980,-0.1298,-14.3433,-14.9536,-14.7705,t004,AHC
2527439092,578577,3,tobillo,midstance,-0.1726,0.9865,-0.1875,-18.1274,-1.4648,-14.1602,t004,AHC
2527439141,578593,3,tobillo,midstance,-0.0935,0.9634,-0.3079,-17.8223,0.9155,-14.4653,t004,AHC
2527439142,578609,3,tobillo,midstance,-0.0575,0.9729,-0.3448,-11.6577,-7.9346,-14.7095,t004,AHC
2527439142,578625,3,tobillo,midstance,-0.0984,0.9777,-0.3497,-6.5918,-16.3574,-14.4653,t004,AHC
2527439195,578641,3,tobillo,midstance,-0.1600,0.9594,-0.2637,0.9155,-25.6348,-14.2212,t004,AHC
2527439196,578657,3,tobillo,midstance,-0.1624,0.9564,-0.2178,1.2817,-21.3623,-15.9302,t004,AHC
2527439196,578673,3,tobillo,midstance,-0.1173,0.9531,-0.1868,-0.0610,-18.0664,-16.8457,t004,AHC
2527439246,578689,3,tobillo,midstance,-0.1243,0.9493,-0.1975,-2.5635,-17.8833,-18.3716,t004,AHC
2527439247,578705,3,tobillo,midstance,-0.0927,0.9447,-0.2249,-2.9297,-19.7144,-18.8599,t004,AHC
2527439247,578721,3,tobillo,midstance,-0.0867,0.9460,-0.2412,-2.3193,-24.7803,-19.2871,t004,AHC
2527439300,578737,3,tobillo,midstance,-0.0876,0.9347,-0.2732,0.0610,-27.7100,-21.3623,t004,AHC
2527439301,578753,3,tobillo,midstance,-0.1104,0.9181,-0.2438,-0.6714,-28.4424,-21.7895,t004,AHC
2527439302,578769,3,tobillo,midstance,-0.1036,0.9320,-0.2385,-4.2725,-22.8882,-22.8271,t004,AHC
2527439302,578785,3,tobillo,midstance,-0.0576,0.9655,-0.2535,-4.3945,-20.6909,-23.4375,t004,AHC
2527439351,578802,3,tobillo,midstance,-0.0522,0.9689,-0.2511,-2.4414,-20.2026,-25.0244,t004,AHC
2527439353,578818,3,tobillo,midstance,-0.0345,0.9673,-0.2379,-1.8921,-19.5313,-25.5737,t004,AHC
2527439353,578834,3,tobillo,midstance,-0.0284,0.9581,-0.2462,-1.8921,-17.8223,-24.9634,t004,AHC
2527439405,578850,3,tobillo,midstance,-0.0215,0.9567,-0.2529,-1.8921,-16.3574,-24.1699,t004,AHC
2527439406,578866,3,tobillo,midstance,0.0002,0.9622,-0.2500,-1.4648,-16.2354,-24.0478,t004,AHC
2527439406,578882,3,tobillo,midstance,-0.0035,0.9611,-0.2506,-0.3662,-16.5405,-24.8413,t004,AHC
2527439455,578898,3,tobillo,midstance,-0.0326,0.9520,-0.2622,0.0000,-16.3574,-26.0620,t004,AHC
2527439456,578914,3,tobillo,midstance,-0.0255,0.9553,-0.2590,0.1831,-15.0146,-29.1748,t004,AHC
2527439457,578930,3,tobillo,midstance,-0.0149,0.9635,-0.2517,0.4272,-14.2212,-31.0669,t004,AHC
2527439508,578946,3,tobillo,midstance,0.0259,0.9701,-0.2407,0.4272,-14.1602,-31.7383,t004,AHC
2527439509,578962,3,tobillo,midstance,0.0476,0.9645,-0.2400,0.9766,-15.1978,-32.4097,t004,AHC
2527439509,578977,3,tobillo,midstance,0.0553,0.9482,-0.2476,1.3428,-16.5405,-32.5317,t004,AHC
2527439510,578993,3,tobillo,midstance,0.0526,0.9576,-0.2429,2.1973,-19.4092,-33.5693,t004,AHC
2527439557,579009,3,tobillo,midstance,0.0459,0.9655,-0.2416,2.9907,-22.6440,-36.9263,t004,AHC
2527439559,579025,3,tobillo,midstance,-0.0227,0.9686,-0.2524,3.3569,-23.0713,-39.9780,t004,AHC
2527439560,579041,3,tobillo,midstance,-0.0348,0.9670,-0.2572,3.6621,-17.1509,-47.7295,t004,AHC
2527439611,579057,3,tobillo,midstance,0.0648,0.9703,-0.2607,3.8452,-13.0005,-51.2085,t004,AHC
2527439612,579073,3,tobillo,midstance,0.1039,0.9673,-0.2699,5.6152,-11.7798,-55.9082,t004,AHC
2527439612,579089,3,tobillo,midstance,0.0978,0.9447,-0.2872,6.7139,-12.5732,-58.1665,t004,AHC
2527439660,579105,3,tobillo,midstance,0.0793,0.9370,-0.2867,8.4229,-10.8643,-64.8804,t004,AHC
2527439661,579121,3,tobillo,terminal,0.0947,0.9536,-0.2676,9.3384,-7.0801,-73.2422,t004,AHC
2527439661,579136,3,tobillo,terminal,0.1450,1.0494,-0.2184,10.3149,-8.3008,-76.5381,t004,AHC
2527439674,579152,3,tobillo,terminal,0.1378,1.0883,-0.2288,11.6577,-14.2822,-83.3130,t004,AHC
2527439717,579168,3,tobillo,terminal,0.1372,1.1387,-0.3461,11.4136,-18.7988,-87.0972,t004,AHC
2527439718,579184,3,tobillo,terminal,0.0554,1.2820,-0.2017,10.6201,-29.6631,-96.7407,t004,AHC
2527439718,579200,3,tobillo,terminal,0.1086,1.3275,-0.0789,15.6860,-25.3906,-106.2012,t004,AHC
2527439766,579216,3,tobillo,terminal,0.1981,1.3279,-0.0082,15.5029,-24.2920,-109.0088,t004,AHC
2527439769,579232,3,tobillo,terminal,0.1398,1.3650,-0.0378,10.6812,-17.2729,-112.1826,t004,AHC
2527439769,579248,3,tobillo,terminal,0.0864,1.3668,-0.1974,7.1411,-10.9863,-113.0981,t004,AHC
2527439820,579263,3,tobillo,terminal,0.0780,1.3414,-0.2396,1.5259,-11.1694,-119.8120,t004,AHC
2527439820,579279,3,tobillo,terminal,-0.0239,1.2318,-0.2036,1.3428,-19.4092,-122.2534,t004,AHC
2527439820,579295,3,tobillo,terminal,0.0781,1.1699,-0.1925,0.7324,-33.8745,-126.3428,t004,AHC
2527439868,579311,3,tobillo,terminal,0.0876,1.1464,-0.1930,-2.4414,-37.6587,-132.0190,t004,AHC
2527439869,579327,3,tobillo,terminal,0.2281,1.1621,-0.1469,-2.9907,-27.5879,-138.0615,t004,AHC
2527439870,579343,3,tobillo,terminal,0.2521,1.1473,-0.1578,1.8311,4.0894,-144.4092,t004,AHC
2527439921,579359,3,tobillo,terminal,0.4440,0.9585,-0.3625,3.0518,10.4980,-137.2681,t004,AHC
2527439921,579375,3,tobillo,terminal,0.5680,0.8676,-0.4840,-6.5308,-1.7090,-125.8545,t004,AHC
2527439922,579391,3,tobillo,terminal,-0.0463,0.8458,-0.3147,-4.6997,-12.2070,-92.8955,t004,AHC
2527439922,579407,3,tobillo,terminal,-0.4188,0.6958,-0.0554,4.9438,-1.0376,-64.5142,t004,AHC
2527439969,579423,3,tobillo,terminal,-0.1935,0.5375,-0.0957,15.7471,3.7842,-24.9023,t004,AHC
2527439969,579439,3,tobillo,swing,-0.1283,0.4729,-0.2168,15.1367,-4.5166,-9.8877,t004,AHC
2527439969,579454,3,tobillo,swing,-0.1776,0.4839,-0.2086,19.1650,4.5776,25.0854,t004,AHC
2527440029,579470,3,tobillo,swing,-0.1411,0.4988,-0.1853,22.5830,16.5405,42.2974,t004,AHC
2527440030,579486,3,tobillo,swing,0.0187,0.5565,-0.2468,27.2217,35.0952,73.7915,t004,AHC
2527440031,579502,3,tobillo,swing,0.0808,0.5989,-0.2815,30.6396,38.4521,105.3467,t004,AHC
2527440031,579518,3,tobillo,swing,0.1687,0.6765,-0.3296,32.2266,34.7900,120.6055,t004,AHC
2527440089,579533,3,tobillo,swing,0.1986,0.7006,-0.3506,33.3252,19.9585,147.0337,t004,AHC
2527440090,579549,3,tobillo,swing,0.2009,0.7397,-0.3854,32.0435,13.1226,157.7759,t004,AHC
2527440090,579565,3,tobillo,swing,0.1937,0.7701,-0.3942,26.5503,10.3149,175.2319,t004,AHC
2527440143,579581,3,tobillo,swing,0.2035,0.8594,-0.3969,22.7661,14.2822,182.4341,t004,AHC
2527440143,579596,3,tobillo,swing,0.2599,0.9819,-0.3942,14.2212,26.4282,194.4580,t004,AHC
2527440144,579612,3,tobillo,swing,0.2683,1.0342,-0.3978,6.6528,34.9121,202.5757,t004,AHC
2527440144,579628,3,tobillo,swing,0.2349,1.1066,-0.4022,3.0518,39.4287,203.7353,t004,AHC
2527440194,579644,3,tobillo,swing,0.2367,1.1400,-0.3922,-3.9062,53.8330,201.7822,t004,AHC
2527440195,579659,3,tobillo,swing,0.2812,1.1891,-0.3464,-6.4697,61.2183,200.3784,t004,AHC
2527440195,579675,3,tobillo,swing,0.3094,1.2075,-0.3175,-8.5449,66.3452,198.8525,t004,AHC
2527440245,579691,3,tobillo,swing,0.3469,1.2222,-0.2656,-7.9346,61.8896,198.4253,t004,AHC
2527440245,579707,3,tobillo,swing,0.3430,1.2095,-0.2222,-5.3101,43.0908,196.6553,t004,AHC
2527440246,579722,3,tobillo,swing,0.3152,1.1920,-0.2206,-3.3569,24.5972,191.5893,t004,AHC
2527440292,579738,3,tobillo,swing,0.2605,1.1549,-0.1951,-4.0283,18.4937,187.6831,t004,AHC
2527440294,579754,3,tobillo,swing,0.2693,1.1528,-0.1493,-7.1411,8.2397,180.1147,t004,AHC
2527440295,579770,3,tobillo,swing,0.2729,1.1627,-0.0513,-8.6670,2.7466,176.4526,t004,AHC
2527440345,579785,3,tobillo,swing,0.2607,1.1661,-0.0117,-8.7891,-2.0752,165.7715,t004,AHC
2527440345,579801,3,tobillo,swing,0.2207,1.1366,0.0277,-7.5684,0.4883,156.3721,t004,AHC
2527440346,579817,3,tobillo,swing,0.2316,1.1111,0.0289,-5.2490,15.1978,130.0659,t004,AHC
2527440346,579833,3,tobillo,swing,0.2534,1.0841,0.0193,-3.6011,32.5928,99.1821,t004,AHC
2527440393,579848,3,tobillo,loading,0.3340,1.0092,-0.0238,-3.3569,38.3911,82.8857,t004,AHC
2527440393,579864,3,tobillo,loading,0.3657,1.0372,-0.0634,-3.4790,43.6401,47.9736,t004,AHC
2527440393,579880,3,tobillo,loading,0.5939,1.0206,-0.1466,-1.9531,45.9595,28.8086,t004,AHC
2527440448,579896,3,tobillo,loading,0.6588,1.0050,-0.1918,-3.4180,48.8281,-17.3950,t004,AHC
2527440448,579912,3,tobillo,loading,1.1052,1.1248,-0.1980,-2.2583,52.7344,-46.0815,t004,AHC
2527440449,579928,3,tobillo,loading,-0.0876,1.3766,-0.5042,-12.0850,41.0156,-117.9809,t004,AHC
2527440497,579943,3,tobillo,loading,-1.3282,1.5840,-0.3629,-17.4561,-0.8545,-114.6851,t004,AHC
2527440498,579959,3,tobillo,loading,0.1467,1.1627,-0.1493,-12.7563,14.8926,-99.0601,t004,AHC
2527440499,579975,3,tobillo,loading,0.7018,1.1957,-0.2395,-35.5225,25.2686,-114.7461,t004,AHC
2527440551,579991,3,tobillo,loading,0.0422,1.3361,0.1162,-30.3955,15.0757,-112.3047,t004,AHC
2527440552,580007,3,tobillo,loading,-0.1296,0.9990,0.1161,-11.2305,2.2583,-89.0503,t004,AHC
2527440553,580023,3,tobillo,loading,0.1947,0.8467,-0.2524,-18.3105,2.6245,-86.3647,t004,AHC
2527440600,580039,3,tobillo,loading,0.1136,0.9911,-0.3000,-24.7192,2.0142,-69.1528,t004,AHC
2527440601,580055,3,tobillo,midstance,0.0647,0.9630,-0.2305,-15.1978,-1.0986,-42.1143,t004,AHC
2527440601,580071,3,tobillo,midstance,0.0493,0.9741,-0.1671,-12.7563,-7.5684,-32.2876,t004,AHC
2527440602,580087,3,tobillo,midstance,-0.0474,0.9849,-0.1770,-12.9395,-20.6909,-19.9585,t004,AHC
2527440656,580103,3,tobillo,midstance,-0.2350,0.9760,-0.1807,-14.2212,-15.9912,-18.5547,t004,AHC
2527440657,580119,3,tobillo,midstance,-0.1578,0.9719,-0.2262,-16.3574,5.9814,-20.9961,t004,AHC
2527440657,580135,3,tobillo,midstance,-0.1041,0.9775,-0.2616,-13.7939,8.9722,-21.7285,t004,AHC
2527440706,580151,3,tobillo,midstance,-0.0526,0.9893,-0.2904,-10.2539,2.6855,-20.9961,t004,AHC
2527440708,580167,3,tobillo,midstance,-0.0573,0.9778,-0.2793,-1.1597,-11.5967,-17.9443,t004,AHC
2527440709,580183,3,tobillo,midstance,-0.0995,0.9705,-0.2401,1.8921,-16.3574,-17.2119,t004,AHC
2527440761,580199,3,tobillo,midstance,-0.1548,0.9824,-0.1982,2.8076,-18.6768,-19.5923,t004,AHC
2527440762,580215,3,tobillo,midstance,-0.1532,0.9701,-0.1897,0.9766,-13.0615,-23.5596,t004,AHC
2527440763,580231,3,tobillo,midstance,-0.0975,0.9528,-0.2026,0.3052,-10.3149,-25.3296,t004,AHC
2527440811,580247,3,tobillo,midstance,-0.0812,0.9550,-0.2177,0.4883,-10.9253,-28.1372,t004,AHC
2527440811,580263,3,tobillo,terminal,-0.0713,0.9468,-0.2419,1.0986,-13.0615,-29.0527,t004,AHC
2527440812,580279,3,tobillo,terminal,-0.0779,0.9396,-0.2454,2.3804,-15.6250,-31.1890,t004,AHC
2527440812,580294,3,tobillo,terminal,-0.1033,0.9437,-0.2317,2.3193,-14.5874,-32.5317,t004,AHC
2527440867,580311,3,tobillo,terminal,-0.0377,0.9594,-0.2087,1.5259,-8.0566,-34.6069,t004,AHC
2527440868,580327,3,tobillo,terminal,-0.0177,0.9633,-0.2051,1.4648,-4.8218,-34.6069,t004,AHC
2527440868,580343,3,tobillo,terminal,0.0084,0.9680,-0.2190,1.4038,-4.7607,-33.8135,t004,AHC
2527440917,580358,3,tobillo,terminal,0.0266,0.9664,-0.2233,0.9155,-7.0190,-31.2500,t004,AHC
2527440919,580374,3,tobillo,terminal,0.0093,0.9644,-0.2274,0.7324,-9.2773,-30.0903,t004,AHC
2527440920,580390,3,tobillo,terminal,-0.0303,0.9753,-0.2278,-0.2441,-11.9019,-29.6020,t004,AHC
2527440920,580406,3,tobillo,terminal,-0.0170,0.9797,-0.2207,-0.7324,-10.5591,-31.1890,t004,AHC
2527440971,580422,3,tobillo,terminal,-0.0015,0.9790,-0.2217,-0.2441,-10.3149,-32.7148,t004,AHC
2527440972,580438,3,tobillo,terminal,0.0028,0.9730,-0.2217,1.3428,-10.4980,-37.6587,t004,AHC
2527440972,580454,3,tobillo,terminal,-0.0015,0.9705,-0.2281,1.5869,-10.3149,-39.9780,t004,AHC
2527441021,580470,3,tobillo,terminal,0.0079,0.9803,-0.2310,1.8921,-8.6060,-44.1894,t004,AHC
2527441022,580486,3,tobillo,terminal,0.0209,0.9905,-0.2280,2.7466,-7.9956,-49.4995,t004,AHC
2527441072,580502,3,tobillo,terminal,0.0447,0.9879,-0.2300,3.2959,-8.4839,-51.9409,t004,AHC
2527441072,580518,3,tobillo,terminal,0.0471,0.9810,-0.2366,4.1504,-8.9111,-56.5186,t004,AHC
2527441073,580534,3,tobillo,terminal,0.0791,0.9744,-0.2275,4.5776,-8.4839,-58.8989,t004,AHC
2527441073,580550,3,tobillo,terminal,0.1013,0.9683,-0.2169,5.3711,-8.4839,-62.9883,t004,AHC
2527441121,580565,3,tobillo,terminal,0.1279,0.9725,-0.2213,5.2490,-8.9111,-64.5142,t004,AHC
2527441121,580581,3,tobillo,swing,0.1633,0.9924,-0.2440,4.8828,-10.4980,-67.0166,t004,AHC
2527441122,580597,3,tobillo,swing,0.1820,1.0038,-0.2484,5.1270,-14.0991,-68.2983,t004,AHC
2527441174,580613,3,tobillo,swing,0.2050,1.0126,-0.2053,5.6763,-16.5405,-68.7256,t004,AHC
2527441174,580629,3,tobillo,swing,0.2246,1.0177,-0.1852,7.4463,-20.3857,-70.1904,t004,AHC
2527441175,580645,3,tobillo,swing,0.2527,1.0530,-0.1534,9.0332,-21.9116,-70.9839,t004,AHC
2527441175,580661,3,tobillo,swing,0.2177,1.0825,-0.1683,13.6108,-26.7334,-72.1436,t004,AHC
2527441221,580677,3,tobillo,swing,0.1943,1.1083,-0.1938,17.3950,-27.7710,-77.3315,t004,AHC
2527441222,580692,3,tobillo,swing,0.1427,1.1610,-0.2743,19.4702,-26.9165,-82.0312,t004,AHC
2527441223,580708,3,tobillo,swing,0.1311,1.1860,-0.2793,21.5454,-25.2075,-94.9707,t004,AHC
2527441271,580724,3,tobillo,swing,0.1252,1.2465,-0.1913,21.1182,-24.3530,-102.5391,t004,AHC
2527441271,580740,3,tobillo,swing,0.1211,1.2921,-0.1329,17.2119,-21.1792,-118.5913,t004,AHC
2527441271,580756,3,tobillo,swing,0.0461,1.3843,-0.0851,14.5264,-19.4092,-125.7324,t004,AHC
2527441317,580772,3,tobillo,swing,0.0190,1.3948,-0.1204,8.8501,-12.3291,-137.1460,t004,AHC
2527441319,580788,3,tobillo,swing,0.0575,1.3547,-0.1368,1.1597,-15.0146,-142.3340,t004,AHC
2527441320,580804,3,tobillo,swing,0.0981,1.2844,-0.1262,-2.9907,-23.7427,-143.2495,t004,AHC
2527441367,580819,3,tobillo,swing,0.1332,1.2865,-0.1194,-8.6060,-49.4995,-144.4092,t004,AHC
2527441368,580835,3,tobillo,swing,0.1816,1.2651,-0.1176,-9.7046,-64.3311,-144.5923,t004,AHC
2527441368,580851,3,tobillo,swing,0.1716,1.2667,-0.1343,-14.2822,-66.1621,-143.9209,t004,AHC
2527441411,580867,3,tobillo,swing,0.1715,1.2720,-0.1027,-10.6201,-44.6167,-142.4561,t004,AHC
2527441413,580883,3,tobillo,swing,0.6010,1.0681,-0.2056,10.3760,5.4932,-138.3057,t004,AHC
2527441413,580899,3,tobillo,swing,0.8210,1.0880,-0.2024,17.3340,11.4136,-123.7183,t004,AHC
2527441461,580915,3,tobillo,swing,0.5867,0.7129,-0.3220,16.4795,-6.3477,-115.4785,t004,AHC
2527441462,580931,3,tobillo,swing,-0.3010,0.5806,-0.4664,2.4414,-2.3193,-63.8428,t004,AHC
2527441462,580947,3,tobillo,swing,-0.9443,0.6053,-0.4666,-0.3662,43.3350,-33.9355,t004,AHC
2527441507,580963,3,tobillo,swing,-0.1797,0.2750,-0.0396,12.5122,99.9756,2.3193,t004,AHC
2527441508,580979,3,tobillo,swing,0.0177,0.2754,-0.0116,10.8643,60.3027,38.8184,t004,AHC
2527441508,580994,3,tobillo,swing,-0.0615,0.3964,-0.2561,8.4839,36.1938,63.1714,t004,AHC
2527441555,581010,3,tobillo,swing,-0.0908,0.4667,-0.3114,12.5732,16.9678,110.5347,t004,AHC
2527441556,581026,3,tobillo,swing,0.0354,0.5541,-0.2000,16.9678,18.6768,132.1411,t004,AHC
2527441556,581042,3,tobillo,swing,0.1292,0.5869,-0.1746,21.5454,7.6294,171.6919,t004,AHC
2527441600,581057,3,tobillo,swing,0.2224,0.6617,-0.2443,20.6299,-9.8267,189.6362,t004,AHC
2527441602,581073,3,tobillo,swing,0.1593,0.7562,-0.1974,13.0615,-36.3159,218.3838,t004,AHC
2527441602,581089,3,tobillo,swing,0.1316,0.8259,-0.1168,5.0049,-24.6582,237.9150,t004,AHC
2527441648,581104,3,tobillo,swing,0.1934,1.0098,-0.0092,2.2583,-10.1929,244.8730,t004,AHC
2527441649,581120,3,tobillo,swing,0.2815,1.1086,-0.0157,3.0518,10.5591,255.2490,t004,AHC
2527441649,581136,3,tobillo,swing,0.3645,1.2299,-0.1115,5.7983,13.4277,258.1787,t004,AHC
2527441693,581151,3,tobillo,swing,0.3489,1.2501,-0.1617,7.6904,18.2495,256.6528,t004,AHC
2527441694,581167,3,tobillo,swing,0.3304,1.2721,-0.2089,5.7983,23.3765,253.2348,t004,AHC
2527441739,581183,3,tobillo,swing,0.3624,1.2911,-0.2128,-0.1221,32.2266,247.3144,t004,AHC
2527441740,581198,3,tobillo,swing,0.4459,1.3092,-0.1898,-2.9907,31.7383,246.8262,t004,AHC
2527441741,581214,3,tobillo,swing,0.4769,1.3265,-0.1060,-7.1411,13.1226,246.5820,t004,AHC
2527441777,581230,3,tobillo,swing,0.4634,1.3257,-0.0721,-6.8970,-19.8975,241.6992,t004,AHC
2527441784,581246,3,tobillo,swing,0.3715,1.3069,-0.0364,-6.1035,-31.9824,237.7319,t004,AHC
2527441785,581262,3,tobillo,swing,0.3245,1.3284,-0.0143,-5.6152,-37.4146,227.4780,t004,AHC
2527441831,581277,3,tobillo,swing,0.3049,1.3896,0.0531,-5.6152,-32.6538,221.4355,t004,AHC
2527441831,581293,3,tobillo,swing,0.3107,1.3658,0.0773,-3.7231,-16.2354,203.4302,t004,AHC
2527441832,581309,3,tobillo,swing,0.3890,1.2489,0.0616,-2.8687,-7.7515,188.9648,t004,AHC
2527441875,581325,3,tobillo,loading,0.5331,1.1290,0.0059,-3.0518,4.3335,151.3672,t004,AHC
2527441875,581340,3,tobillo,loading,0.6027,1.0748,-0.0149,-4.0283,10.3760,105.2856,t004,AHC
2527441875,581356,3,tobillo,loading,0.7312,0.9757,-0.0309,-4.3335,12.3291,79.7729,t004,AHC
2527441924,581372,3,tobillo,loading,0.7823,0.9602,-0.0299,-5.6763,9.7046,24.5361,t004,AHC
2527441924,581388,3,tobillo,loading,0.7397,1.0648,0.0284,-5.3711,6.1035,-5.4321,t004,AHC
2527441925,581403,3,tobillo,loading,0.7792,1.0724,0.1063,1.2207,18.9209,-69.5801,t004,AHC
2527441967,581419,3,tobillo,loading,0.0155,1.0356,-0.0078,3.6621,37.4756,-99.8535,t004,AHC
2527441967,581435,3,tobillo,loading,-1.3217,1.1678,-0.3506,-7.1411,40.1001,-99.2432,t004,AHC
2527441969,581451,3,tobillo,loading,-0.4700,1.2153,-0.2548,-14.6484,4.0283,-71.8994,t004,AHC
2527442014,581467,3,tobillo,loading,0.2303,1.4358,-0.2817,-17.0898,-13.3057,-87.8906,t004,AHC
2527442015,581483,3,tobillo,loading,-0.2245,1.3855,-0.2789,-11.2915,-18.1274,-94.3603,t004,AHC
2527442015,581499,3,tobillo,loading,-0.1102,1.0627,-0.0646,-9.3994,0.9155,-91.3086,t004,AHC
2527442056,581515,3,tobillo,loading,0.0344,1.0428,-0.0034,-16.6626,8.0566,-85.5713,t004,AHC
2527442057,581530,3,tobillo,loading,0.0048,1.0255,-0.0601,-19.8364,-1.2817,-78.3691,t004,AHC
2527442102,581547,3,tobillo,loading,0.0781,1.0249,-0.2567,-23.0103,-6.4087,-63.5986,t004,AHC
2527442102,581562,3,tobillo,loading,0.1119,1.0764,-0.2292,-23.4985,-12.2070,-48.3398,t004,AHC
2527442102,581578,3,tobillo,loading,-0.0471,1.0287,-0.1528,-21.1182,-16.3574,-39.9780,t004,AHC
2527442143,581594,3,tobillo,loading,-0.1307,0.9735,-0.1868,-19.1650,-11.3525,-29.1748,t004,AHC
2527442144,581611,3,tobillo,midstance,-0.1691,0.9447,-0.2371,-19.3481,-5.0659,-27.3437,t004,AHC
2527442144,581627,3,tobillo,midstance,-0.1168,1.0010,-0.2402,-17.7002,-0.6104,-26.1841,t004,AHC
2527442193,581643,3,tobillo,midstance,-0.0948,1.0205,-0.2616,-11.7187,-10.8032,-23.9868,t004,AHC
2527442194,581659,3,tobillo,midstance,-0.1221,0.9836,-0.2667,-7.8125,-16.7236,-22.5830,t004,AHC
2527442194,581675,3,tobillo,midstance,-0.1426,0.9581,-0.2502,-2.3193,-21.6675,-20.6909,t004,AHC
2527442236,581691,3,tobillo,midstance,-0.1908,0.9362,-0.2161,-1.5869,-20.2026,-21.1182,t004,AHC
2527442238,581707,3,tobillo,midstance,-0.1415,0.9478,-0.2008,-2.1362,-13.9160,-22.1558,t004,AHC
2527442239,581723,3,tobillo,midstance,-0.1349,0.9480,-0.2068,-1.6479,-12.4512,-22.0337,t004,AHC
2527442284,581739,3,tobillo,midstance,-0.1331,0.9301,-0.2347,-1.1597,-12.7563,-22.0337,t004,AHC
2527442284,581755,3,tobillo,midstance,-0.1444,0.9189,-0.2482,-0.5493,-13.6108,-23.1323,t004,AHC
2527442285,581771,3,tobillo,midstance,-0.1630,0.9124,-0.2592,-0.5493,-13.5498,-24.2310,t004,AHC
2527442325,581787,3,tobillo,midstance,-0.1987,0.9084,-0.2714,-1.4038,-10.8643,-28.3203,t004,AHC
2527442325,581803,3,tobillo,terminal,-0.1885,0.8979,-0.2833,-3.7842,-2.7466,-32.5317,t004,AHC
2527442373,581819,3,tobillo,terminal,-0.1482,0.8901,-0.3090,-5.4932,1.8311,-34.8511,t004,AHC
2527442374,581835,3,tobillo,terminal,-0.1349,0.8921,-0.3002,-7.5073,8.5449,-39.1846,t004,AHC
2527442374,581851,3,tobillo,terminal,-0.1035,0.9351,-0.2255,-7.3242,10.3760,-41.1987,t004,AHC
2527442416,581867,3,tobillo,terminal,-0.0283,1.0122,-0.1438,-4.8828,9.0332,-43.8843,t004,AHC
2527442417,581883,3,tobillo,terminal,-0.0149,1.0327,-0.1158,-2.3193,3.9062,-45.1050,t004,AHC
2527442418,581899,3,tobillo,terminal,-0.0306,1.0204,-0.1306,-2.0752,2.1362,-45.3491,t004,AHC
2527442463,581915,3,tobillo,terminal,-0.0760,0.9963,-0.1757,-3.7231,1.5869,-46.6309,t004,AHC
2527442463,581931,3,tobillo,terminal,-0.0446,0.9675,-0.2448,-4.4556,2.0752,-46.9971,t004,AHC
2527442464,581947,3,tobillo,terminal,0.0636,0.9930,-0.2379,-3.7231,-2.4414,-45.9595,t004,AHC
2527442502,581963,3,tobillo,terminal,0.0645,1.0007,-0.2223,-1.2207,-12.3901,-44.3115,t004,AHC
2527442504,581979,3,tobillo,terminal,0.0463,0.9697,-0.2103,-0.7935,-14.7705,-43.2739,t004,AHC
2527442548,581995,3,tobillo,terminal,0.0571,0.9708,-0.2059,-2.0142,-14.7705,-43.0298,t004,AHC
2527442548,582011,3,tobillo,terminal,0.0468,0.9655,-0.2271,-2.1362,-14.9536,-43.0298,t004,AHC
2527442549,582027,3,tobillo,terminal,0.0768,0.9530,-0.2415,-0.9766,-13.6108,-43.0298,t004,AHC
2527442588,582043,3,tobillo,swing,0.0682,0.9554,-0.2445,1.5869,-13.6719,-43.8843,t004,AHC
2527442589,582059,3,tobillo,swing,0.0850,0.9679,-0.2368,2.9907,-13.7939,-44.3726,t004,AHC
2527442589,582075,3,tobillo,swing,0.0983,0.9773,-0.2291,5.4932,-15.6250,-45.8984,t004,AHC
2527442635,582091,3,tobillo,swing,0.0707,0.9800,-0.2313,6.4697,-17.2119,-46.9360,t004,AHC
2527442635,582107,3,tobillo,swing,0.0715,0.9792,-0.2284,7.6904,-17.0288,-49.8657,t004,AHC
2527442637,582123,3,tobillo,swing,0.0996,0.9656,-0.2292,8.4839,-16.4185,-51.6357,t004,AHC
2527442675,582139,3,tobillo,swing,0.0851,0.9572,-0.2511,9.9487,-15.7471,-56.5796,t004,AHC
2527442676,582155,3,tobillo,swing,0.1049,0.9705,-0.2439,10.5591,-14.0991,-62.7441,t004,AHC
2527442719,582171,3,tobillo,swing,0.1296,1.0006,-0.2346,10.6812,-13.9160,-66.2842,t004,AHC
2527442720,582187,3,tobillo,swing,0.1395,1.0142,-0.2291,10.8032,-15.5029,-72.9370,t004,AHC
2527442720,582203,3,tobillo,swing,0.1887,1.0416,-0.2416,11.3525,-16.8457,-76.1719,t004,AHC
2527442758,582219,3,tobillo,swing,0.2075,1.0413,-0.2478,12.8174,-21.6675,-82.5806,t004,AHC
2527442759,582235,3,tobillo,swing,0.1957,1.0811,-0.2294,13.9770,-24.4141,-89.1724,t004,AHC
2527442801,582251,3,tobillo,swing,0.2728,1.1937,-0.1460,15.5640,-23.8647,-92.5293,t004,AHC
2527442802,582267,3,tobillo,swing,0.2306,1.2529,-0.1298,23.2544,-28.8086,-97.9004,t004,AHC
2527442803,582283,3,tobillo,swing,0.2001,1.2380,-0.1808,25.1465,-29.1138,-100.8301,t004,AHC
2527442840,582299,3,tobillo,swing,0.1648,1.2776,-0.1486,22.2778,-27.4658,-111.3892,t004,AHC
2527442843,582315,3,tobillo,swing,0.1443,1.3262,-0.1393,18.2495,-23.8037,-122.0093,t004,AHC
2527442857,582331,3,tobillo,swing,0.1013,1.4604,-0.1602,15.7471,-23.4985,-125.5493,t004,AHC
2527442885,582347,3,tobillo,swing,0.0891,1.4927,-0.1702,11.7798,-30.8838,-127.5635,t004,AHC
2527442885,582363,3,tobillo,swing,0.0239,1.4269,-0.1993,10.8032,-40.0391,-127.6855,t004,AHC
2527442924,582379,3,tobillo,swing,-0.0126,1.2950,-0.1710,9.0332,-65.8569,-133.6060,t004,AHC
2527442926,582395,3,tobillo,swing,-0.0016,1.3003,-0.1299,2.6855,-93.3227,-146.1182,t004,AHC
2527442926,582411,3,tobillo,swing,-0.0322,1.3687,-0.0741,2.3193,-95.6421,-152.3437,t004,AHC
2527442968,582427,3,tobillo,swing,-0.0308,1.3553,-0.1014,9.7046,-59.8144,-152.0386,t004,AHC
2527442968,582443,3,tobillo,swing,0.2903,1.2189,-0.3271,16.6626,-25.6958,-151.1230,t004,AHC
2527443006,582459,3,tobillo,swing,0.7457,1.0237,-0.5051,17.1509,27.7710,-137.5122,t004,AHC
2527443009,582475,3,tobillo,swing,0.7997,0.9047,-0.4236,4.6997,4.2725,-122.4976,t004,AHC
2527443009,582491,3,tobillo,swing,-0.1403,0.7855,-0.2250,2.2583,-13.8550,-103.5767,t004,AHC
2527443050,582507,3,tobillo,swing,-0.5679,0.7635,-0.2828,2.1362,16.4795,-36.6821,t004,AHC
2527443051,582523,3,tobillo,swing,-0.4542,0.3448,-0.1860,5.3101,36.5601,-14.3433,t004,AHC
2527443072,582539,3,tobillo,swing,-0.1665,0.2960,-0.1084,6.2866,44.9219,5.0049,t004,AHC
2527443091,582555,3,tobillo,swing,0.0529,0.3732,-0.1769,5.0659,45.8374,21.4233,t004,AHC
2527443093,582571,3,tobillo,swing,-0.0192,0.4373,-0.2186,3.4180,60.1196,66.1011,t004,AHC
2527443135,582587,3,tobillo,swing,-0.0212,0.4736,-0.1910,9.8267,65.4907,111.4502,t004,AHC
2527443135,582603,3,tobillo,swing,0.0405,0.5153,-0.1532,14.0991,57.9224,131.3477,t004,AHC
2527443135,582618,3,tobillo,swing,0.0819,0.5300,-0.1680,16.1743,41.1987,166.8701,t004,AHC
2527443175,582634,3,tobillo,swing,0.1128,0.5972,-0.2231,15.1367,35.8887,184.8144,t004,AHC
2527443176,582650,3,tobillo,swing,0.1042,0.6614,-0.2300,12.2070,28.5034,217.9565,t004,AHC
2527443191,582665,3,tobillo,swing,0.1292,0.8046,-0.2062,10.6201,27.6489,231.0791,t004,AHC
2527443218,582681,3,tobillo,swing,0.1943,0.9473,-0.1840,6.8970,32.5928,251.8310,t004,AHC
2527443219,582697,3,tobillo,swing,0.1931,1.0316,-0.1873,3.4180,41.5649,267.5171,t004,AHC
2527443257,582713,3,tobillo,swing,0.2003,1.1815,-0.2107,2.8687,46.9360,272.5830,t004,AHC
2527443259,582729,3,tobillo,swing,0.2214,1.2354,-0.2303,1.7090,60.4858,277.0996,t004,AHC
2527443259,582745,3,tobillo,swing,0.2535,1.3358,-0.2734,0.4272,67.9932,278.0151,t004,AHC
2527443300,582760,3,tobillo,swing,0.2764,1.3947,-0.2887,-2.2583,79.9561,278.8086,t004,AHC
2527443301,582776,3,tobillo,swing,0.3589,1.5269,-0.2906,-2.0142,79.3457,278.1982,t004,AHC
2527443339,582792,3,tobillo,swing,0.4233,1.5657,-0.2965,3.4790,57.1289,274.1089,t004,AHC
2527443340,582808,3,tobillo,swing,0.4240,1.5266,-0.3124,6.5918,24.1699,265.9912,t004,AHC
2527443341,582823,3,tobillo,swing,0.4054,1.4838,-0.3119,4.1504,10.8643,261.0474,t004,AHC
2527443383,582839,3,tobillo,swing,0.4497,1.4628,-0.2865,-3.4790,-9.5825,250.1831,t004,AHC
2527443384,582855,3,tobillo,swing,0.5752,1.3344,-0.2332,-7.0801,-16.8457,240.3564,t004,AHC
2527443404,582871,3,tobillo,swing,0.7776,1.2173,-0.1654,-14.0991,-20.6909,203.7964,t004,AHC
2527443422,582887,3,tobillo,swing,0.8893,1.1471,-0.1222,-17.9443,-18.6157,146.3013,t004,AHC
2527443423,582903,3,tobillo,loading,1.0574,0.9843,-0.0372,-18.9819,-15.1978,109.4360,t004,AHC
2527443469,582919,3,tobillo,loading,1.1023,0.9226,-0.0043,-19.3481,2.6855,27.2217,t004,AHC
2527443470,582935,3,tobillo,loading,0.9816,1.0173,0.1254,-18.7378,14.7095,-15.1978,t004,AHC
2527443470,582951,3,tobillo,loading,0.9303,1.1196,0.2621,-7.5073,52.9175,-100.6470,t004,AHC
2527443509,582967,3,tobillo,loading,-0.2610,1.1934,0.1290,-2.0142,78.8574,-136.8408,t004,AHC
2527443511,582983,3,tobillo,loading,-1.1138,1.4496,0.0612,-11.9019,59.0210,-128.4790,t004,AHC
2527443539,582999,3,tobillo,loading,0.3431,1.4633,0.0895,-22.2168,-7.0801,-118.9575,t004,AHC
2527443554,583015,3,tobillo,loading,0.0878,1.6117,-0.3024,-31.9824,-48.1567,-138.5498,t004,AHC
2527443555,583031,3,tobillo,loading,-0.4912,1.3702,-0.3651,-25.8179,-26.9775,-133.3008,t004,AHC
2527443593,583047,3,tobillo,loading,0.2048,1.0050,-0.3204,-25.9399,13.6719,-127.7466,t004,AHC
2527443593,583063,3,tobillo,loading,0.3307,1.1404,-0.2291,-28.0762,16.9678,-124.2065,t004,AHC
2527443595,583079,3,tobillo,loading,0.2220,1.0195,-0.2516,-16.9678,-6.2866,-99.3042,t004,AHC
2527443639,583096,3,tobillo,loading,0.2584,0.9836,-0.2490,-12.2070,-11.0474,-87.4023,t004,AHC
2527443639,583112,3,tobillo,loading,0.1469,1.0269,-0.2207,-4.0894,-23.1934,-64.6973,t004,AHC
2527443668,583128,3,tobillo,loading,-0.1597,0.9540,-0.2206,-3.9673,-19.1650,-55.3589,t004,AHC
2527443674,583144,3,tobillo,loading,-0.0419,1.0021,-0.1847,-10.8032,7.0801,-47.1802,t004,AHC
2527443674,583160,3,tobillo,loading,-0.0007,1.0284,-0.2081,-11.2305,6.7749,-42.5415,t004,AHC
2527443726,583176,3,tobillo,midstance,0.0115,0.9685,-0.2627,-9.0942,0.4272,-38.7573,t004,AHC
2527443726,583191,3,tobillo,midstance,0.0223,0.9528,-0.2744,-5.6763,-13.6108,-32.5317,t004,AHC
2527443727,583207,3,tobillo,midstance,-0.0607,0.9652,-0.2521,-4.2114,-19.6533,-30.7007,t004,AHC
2527443768,583224,3,tobillo,midstance,-0.0674,0.9622,-0.2120,-2.1973,-18.3716,-29.9683,t004,AHC
2527443769,583240,3,tobillo,midstance,-0.0342,0.9524,-0.2053,-1.0376,-12.3901,-29.7852,t004,AHC
2527443769,583256,3,tobillo,midstance,0.0015,0.9327,-0.2269,-0.5493,-11.7798,-29.4800,t004,AHC
2527443812,583271,3,tobillo,midstance,0.0219,0.9337,-0.2279,0.3052,-15.0146,-27.8931,t004,AHC
2527443812,583287,3,tobillo,midstance,0.0361,0.9404,-0.2087,0.5493,-17.6392,-26.5503,t004,AHC
2527443853,583303,3,tobillo,midstance,0.0044,0.9456,-0.2090,0.3052,-19.1650,-24.2310,t004,AHC
2527443855,583319,3,tobillo,midstance,-0.0005,0.9463,-0.2189,-0.3662,-15.5029,-23.5596,t004,AHC
2527443855,583335,3,tobillo,midstance,0.0071,0.9556,-0.2377,-0.6104,-13.9160,-23.6206,t004,AHC
2527443898,583351,3,tobillo,midstance,0.0131,0.9561,-0.2375,-0.4272,-12.5122,-24.0478,t004,AHC
2527443899,583367,3,tobillo,midstance,0.0227,0.9640,-0.2284,-0.4883,-11.9629,-24.3530,t004,AHC
2527443899,583383,3,tobillo,midstance,0.0166,0.9714,-0.2319,-0.4883,-11.4746,-24.9023,t004,AHC
2527443938,583399,3,tobillo,midstance,0.0073,0.9777,-0.2374,-0.3052,-10.6201,-26.3672,t004,AHC
2527443938,583416,3,tobillo,terminal,0.0156,0.9773,-0.2358,0.0000,-9.7046,-27.6489,t004,AHC
2527443986,583432,3,tobillo,terminal,0.0275,0.9755,-0.2344,0.6714,-8.0566,-30.3955,t004,AHC
2527443986,583448,3,tobillo,terminal,0.0438,0.9708,-0.2284,0.7324,-7.8735,-31.5552,t004,AHC
2527443986,583463,3,tobillo,terminal,0.0516,0.9712,-0.2253,0.9155,-8.4839,-33.8135,t004,AHC
2527444026,583479,3,tobillo,terminal,0.0586,0.9658,-0.2335,1.2207,-9.0332,-35.2173,t004,AHC
2527444028,583495,3,tobillo,terminal,0.0564,0.9620,-0.2432,1.7090,-8.7280,-37.9639,t004,AHC
2527444029,583511,3,tobillo,terminal,0.0714,0.9661,-0.2495,3.1128,-7.5684,-41.6870,t004,AHC
2527444058,583528,3,tobillo,terminal,0.1184,0.9626,-0.2473,3.7842,-7.8125,-42.9077,t004,AHC
2527444073,583544,3,tobillo,terminal,0.1332,0.9601,-0.2441,4.0894,-10.3149,-43.3960,t004,AHC
2527444074,583560,3,tobillo,terminal,0.1426,0.9739,-0.2277,3.7842,-11.9629,-43.3960,t004,AHC
2527444113,583575,3,tobillo,swing,0.1370,0.9816,-0.2150,4.0283,-15.0146,-44.1284,t004,AHC
2527444113,583591,3,tobillo,swing,0.1310,0.9786,-0.2155,4.6387,-15.9302,-46.8140,t004,AHC
2527444161,583608,3,tobillo,swing,0.1339,0.9749,-0.2352,4.7607,-15.6250,-48.8281,t004,AHC
2527444162,583623,3,tobillo,swing,0.1442,0.9784,-0.2537,5.0659,-15.1367,-53.5889,t004,AHC
2527444162,583640,3,tobillo,swing,0.1616,0.9965,-0.2628,5.3711,-15.8081,-56.1523,t004,AHC
2527444205,583656,3,tobillo,swing,0.1879,1.0277,-0.2108,6.1035,-16.7847,-61.7065,t004,AHC
2527444206,583671,3,tobillo,swing,0.1953,1.0635,-0.1794,8.9111,-18.5547,-66.2842,t004,AHC
2527444206,583688,3,tobillo,swing,0.2018,1.0704,-0.1641,10.8643,-19.8364,-68.1763,t004,AHC
2527444249,583703,3,tobillo,swing,0.2018,1.0730,-0.1737,12.6953,-21.0571,-73.6694,t004,AHC
2527444250,583719,3,tobillo,swing,0.2010,1.0754,-0.2195,13.4277,-21.6675,-77.1484,t004,AHC
2527444250,583735,3,tobillo,swing,0.1761,1.1459,-0.2787,14.7095,-23.6816,-87.5854,t004,AHC
2527444289,583751,3,tobillo,swing,0.1583,1.1923,-0.3118,15.8081,-26.7944,-101.5625,t004,AHC
2527444290,583767,3,tobillo,swing,0.1029,1.2697,-0.2970,14.9536,-29.2969,-109.9853,t004,AHC
2527444335,583784,3,tobillo,swing,0.0487,1.3362,-0.2542,10.0708,-33.3862,-129.5166,t004,AHC
2527444335,583800,3,tobillo,swing,0.0095,1.4987,-0.2013,5.9814,-33.9355,-139.5874,t004,AHC
2527444336,583816,3,tobillo,swing,0.0063,1.5830,-0.1810,-5.6763,-42.0532,-155.2124,t004,AHC
2527444379,583832,3,tobillo,swing,-0.0314,1.6080,-0.1931,-13.5498,-64.6362,-158.6914,t004,AHC
2527444379,583848,3,tobillo,swing,-0.0831,1.4728,-0.2863,-16.1743,-74.5239,-157.7148,t004,AHC
2527444379,583864,3,tobillo,swing,0.0292,1.3917,-0.2915,-23.9258,-82.9468,-157.9590,t004,AHC
2527444423,583880,3,tobillo,swing,0.3728,1.3525,-0.1481,-20.9351,-82.5195,-160.6445,t004,AHC
2527444423,583896,3,tobillo,swing,0.6633,1.1104,-0.2803,-0.6714,-60.4858,-157.8979,t004,AHC
2527444446,583912,3,tobillo,swing,0.7556,0.9736,-0.3582,5.7983,-53.5889,-119.3237,t004,AHC
2527444465,583928,3,tobillo,swing,0.8774,0.7404,-0.2131,2.7466,-73.6084,-114.0747,t004,AHC
2527444465,583944,3,tobillo,swing,0.4364,0.6162,-0.1959,-0.1831,-89.1113,-85.8765,t004,AHC
2527444509,583960,3,tobillo,swing,-0.8262,0.4949,-0.3766,-5.0659,-74.4629,-48.0957,t004,AHC
2527444509,583977,3,tobillo,swing,-0.6550,0.2372,-0.0596,-5.6152,-28.9917,-0.3052,t004,AHC
2527444509,583993,3,tobillo,swing,-0.2858,0.2074,0.0691,-4.5776,10.4370,20.0806,t004,AHC
2527444550,584009,3,tobillo,swing,-0.1167,0.3549,-0.0486,-6.9580,25.9399,36.1938,t004,AHC
2527444551,584025,3,tobillo,swing,-0.1715,0.3929,-0.1173,-6.8359,66.8335,79.2236,t004,AHC
2527444594,584041,3,tobillo,swing,-0.0023,0.4790,-0.1097,-4.6387,85.6934,99.2432,t004,AHC
2527444594,584056,3,tobillo,swing,0.1239,0.5347,-0.1230,1.8311,85.5102,137.2681,t004,AHC
2527444595,584072,3,tobillo,swing,0.2623,0.6221,-0.2167,4.3945,68.8477,155.8228,t004,AHC
2527444635,584088,3,tobillo,swing,0.3185,0.7416,-0.2428,4.5776,34.9731,186.8896,t004,AHC
2527444637,584104,3,tobillo,swing,0.3341,0.8127,-0.2175,2.4414,18.3716,210.3271,t004,AHC
2527444638,584119,3,tobillo,swing,0.3507,0.9529,-0.1703,1.4038,15.6860,219.6045,t004,AHC
2527444682,584135,3,tobillo,swing,0.3555,1.0337,-0.1729,-0.0610,16.6626,230.6518,t004,AHC
2527444683,584151,3,tobillo,swing,0.3501,1.1547,-0.2213,-0.1221,20.0806,232.3608,t004,AHC
2527444683,584167,3,tobillo,swing,0.3335,1.1733,-0.2474,-2.0142,35.0952,229.5532,t004,AHC
2527444723,584183,3,tobillo,swing,0.2889,1.1735,-0.2803,-5.1880,47.7295,225.5249,t004,AHC
2527444725,584198,3,tobillo,swing,0.2648,1.1993,-0.2694,-14.3433,78.4302,217.4072,t004,AHC
2527444765,584214,3,tobillo,swing,0.2816,1.2335,-0.2509,-20.2026,100.2197,211.6089,t004,AHC
2527444769,584230,3,tobillo,swing,0.3486,1.3019,-0.2092,-19.7144,102.5391,209.2895,t004,AHC
2527444770,584246,3,tobillo,swing,0.3770,1.3158,-0.1987,-12.6953,90.5762,205.8716,t004,AHC
2527444811,584262,3,tobillo,swing,0.4009,1.3021,-0.2000,-8.4229,78.3691,205.0171,t004,AHC
2527444813,584278,3,tobillo,swing,0.3824,1.2874,-0.2040,-2.0142,48.4009,202.8808,t004,AHC
2527444813,584293,3,tobillo,swing,0.3237,1.2407,-0.2000,0.0610,33.8745,201.4770,t004,AHC
2527444858,584309,3,tobillo,swing,0.2664,1.1920,-0.1648,0.7935,8.4229,198.1811,t004,AHC
2527444859,584325,3,tobillo,swing,0.2378,1.1665,-0.1471,-2.7466,-6.6528,192.5659,t004,AHC
2527444859,584341,3,tobillo,swing,0.2299,1.1414,-0.1212,-4.5776,-9.2163,188.1714,t004,AHC
2527444901,584357,3,tobillo,swing,0.2465,1.1232,-0.1233,-5.5542,-9.8267,174.4995,t004,AHC
2527444902,584373,3,tobillo,swing,0.2852,1.0691,-0.1549,-5.7983,-8.2397,164.3677,t004,AHC
2527444942,584389,3,tobillo,swing,0.3710,1.0397,-0.1377,-7.5073,-4.7607,138.1836,t004,AHC
2527444946,584405,3,tobillo,swing,0.4266,1.0238,-0.1163,-8.0566,-8.1787,105.4077,t004,AHC
2527444947,584421,3,tobillo,swing,0.5013,0.9751,-0.0667,-7.7515,-9.9487,86.6699,t004,AHC
2527444989,584437,3,tobillo,swing,0.5181,0.9487,-0.0287,-6.7749,-5.3711,43.8843,t004,AHC
2527444989,584454,3,tobillo,swing,0.5734,0.9114,0.0160,-6.1646,0.3052,20.0806,t004,AHC
2527444989,584469,3,tobillo,loading,0.5804,0.9331,0.0033,-5.3711,14.2822,-26.7944,t004,AHC
2527445034,584486,3,tobillo,loading,0.4922,1.0254,0.0305,-1.7700,25.3906,-74.2188,t004,AHC
2527445035,584502,3,tobillo,loading,-0.2704,1.0977,0.0358,2.1973,30.0903,-92.0410,t004,AHC
2527445035,584517,3,tobillo,loading,-1.0477,1.2094,0.0055,7.2632,23.0713,-81.6650,t004,AHC
2527445075,584533,3,tobillo,loading,-0.2780,1.2335,-0.1165,4.8828,11.5356,-61.3403,t004,AHC
2527445077,584549,3,tobillo,loading,0.2983,1.3450,-0.2030,-12.9395,-25.8789,-86.4868,t004,AHC
2527445079,584565,3,tobillo,loading,-0.3774,1.5184,-0.3210,-19.8975,-30.2124,-100.5859,t004,AHC
2527445122,584581,3,tobillo,loading,-0.1641,1.1362,-0.1855,-17.1509,-5.8594,-101.5625,t004,AHC
2527445122,584597,3,tobillo,loading,0.0017,1.0249,-0.2418,-24.3530,12.0850,-101.1963,t004,AHC
2527445164,584613,3,tobillo,loading,0.0601,1.0774,-0.2590,-25.0854,4.8828,-97.5952,t004,AHC
2527445165,584629,3,tobillo,loading,0.1897,1.0032,-0.3059,-17.0288,-10.0098,-81.9092,t004,AHC
2527445165,584646,3,tobillo,loading,0.1803,1.0063,-0.3320,-13.0615,-29.2969,-64.2090,t004,AHC
2527445209,584662,3,tobillo,loading,-0.0834,0.9709,-0.2457,-11.1084,-32.4097,-56.2744,t004,AHC
2527445210,584678,3,tobillo,loading,-0.1322,0.9446,-0.2014,-9.2773,-21.9727,-44.7998,t004,AHC
2527445210,584694,3,tobillo,loading,-0.1396,0.9485,-0.2394,-10.9253,-15.2588,-42.7856,t004,AHC
2527445250,584710,3,tobillo,midstance,-0.1281,0.9955,-0.2703,-13.0005,-4.0894,-41.8091,t004,AHC
2527445252,584726,3,tobillo,midstance,-0.1083,0.9958,-0.2738,-8.0566,-8.6670,-40.1611,t004,AHC
2527445282,584742,3,tobillo,midstance,-0.0939,0.9668,-0.2788,-4.4556,-15.3809,-38.8794,t004,AHC
2527445297,584758,3,tobillo,midstance,-0.0974,0.9542,-0.2693,0.4883,-23.4375,-36.5601,t004,AHC
2527445297,584774,3,tobillo,midstance,-0.1351,0.9437,-0.2400,1.4038,-23.8647,-36.1938,t004,AHC
2527445341,584790,3,tobillo,midstance,-0.1372,0.9424,-0.2307,1.7700,-21.5454,-36.8652,t004,AHC
2527445341,584806,3,tobillo,midstance,-0.1255,0.9409,-0.2351,0.7324,-19.9585,-39.0625,t004,AHC
2527445342,584822,3,tobillo,midstance,-0.0895,0.9353,-0.2496,0.1831,-20.4468,-39.9780,t004,AHC
2527445385,584838,3,tobillo,midstance,-0.0679,0.9351,-0.2574,0.0000,-22.5220,-41.9311,t004,AHC
2527445385,584855,3,tobillo,midstance,-0.0724,0.9374,-0.2589,0.1221,-22.5830,-43.1519,t004,AHC
2527445386,584871,3,tobillo,midstance,-0.0526,0.9535,-0.2457,0.0000,-19.5923,-45.7153,t004,AHC
2527445427,584887,3,tobillo,midstance,-0.0365,0.9603,-0.2397,-0.3052,-17.0288,-47.4243,t004,AHC
2527445429,584903,3,tobillo,midstance,-0.0084,0.9646,-0.2380,-0.9766,-15.8081,-47.7295,t004,AHC
2527445473,584919,3,tobillo,midstance,0.0254,0.9683,-0.2371,-2.1973,-13.1836,-46.3257,t004,AHC
2527445474,584935,3,tobillo,midstance,0.0669,0.9701,-0.2375,-2.4414,-13.1836,-44.8608,t004,AHC
2527445474,584951,3,tobillo,terminal,0.0840,0.9832,-0.2275,-2.0752,-15.3809,-41.5039,t004,AHC
2527445515,584967,3,tobillo,terminal,0.0746,0.9814,-0.2288,-1.2817,-18.8599,-38.5742,t004,AHC
2527445517,584983,3,tobillo,terminal,0.0614,0.9791,-0.2268,-0.9155,-19.4702,-37.8418,t004,AHC
2527445517,584999,3,tobillo,terminal,0.0594,0.9717,-0.2317,0.4272,-19.1040,-37.9639,t004,AHC
2527445562,585015,3,tobillo,terminal,0.0665,0.9674,-0.2454,1.1597,-18.8599,-38.5742,t004,AHC
2527445562,585031,3,tobillo,terminal,0.0601,0.9568,-0.2467,3.4790,-18.9209,-42.2974,t004,AHC
2527445563,585047,3,tobillo,terminal,0.0479,0.9539,-0.2521,4.4556,-18.1885,-47.2412,t004,AHC
2527445604,585063,3,tobillo,terminal,0.0670,0.9639,-0.2493,4.2725,-16.4795,-49.6826,t004,AHC
2527445605,585079,3,tobillo,terminal,0.1140,0.9681,-0.2446,4.3945,-14.4043,-53.2837,t004,AHC
2527445650,585095,3,tobillo,terminal,0.1564,0.9579,-0.2599,4.8828,-15.9302,-54.3823,t004,AHC
2527445650,585111,3,tobillo,terminal,0.1602,0.9510,-0.2634,5.3711,-19.2261,-56.1523,t004,AHC
2527445650,585127,3,tobillo,terminal,0.1428,0.9479,-0.2760,5.4321,-20.3247,-57.7393,t004,AHC
2527445691,585144,3,tobillo,terminal,0.1272,0.9851,-0.2578,4.3335,-20.0195,-62.6221,t004,AHC
2527445692,585159,3,tobillo,swing,0.1755,1.0117,-0.2157,4.0283,-17.0288,-66.5283,t004,AHC
2527445692,585175,3,tobillo,swing,0.2239,1.0132,-0.1750,5.4932,-18.3105,-67.9321,t004,AHC
2527445741,585191,3,tobillo,swing,0.1956,1.0188,-0.1880,9.7046,-20.9961,-71.7773,t004,AHC
2527445741,585207,3,tobillo,swing,0.1805,1.0325,-0.2257,11.4746,-20.6299,-74.2188,t004,AHC
2527445741,585223,3,tobillo,swing,0.1735,1.0682,-0.2133,13.4888,-19.5313,-82.9468,t004,AHC
2527445784,585239,3,tobillo,swing,0.1647,1.0856,-0.1974,15.9302,-18.6768,-94.4214,t004,AHC
2527445786,585255,3,tobillo,swing,0.1753,1.1284,-0.1699,16.9678,-17.5781,-100.9521,t004,AHC
2527445786,585271,3,tobillo,swing,0.1777,1.1525,-0.1725,17.7002,-15.9912,-114.7461,t004,AHC
2527445830,585287,3,tobillo,swing,0.1633,1.2444,-0.2034,17.2729,-15.1978,-121.8262,t004,AHC
2527445830,585303,3,tobillo,swing,0.0460,1.4019,-0.3054,17.3340,-13.9770,-137.3291,t004,AHC
2527445871,585319,3,tobillo,swing,-0.0114,1.4640,-0.3368,12.6343,-15.0146,-155.3955,t004,AHC
2527445873,585335,3,tobillo,swing,-0.0713,1.6407,-0.3124,6.4697,-18.3716,-164.7339,t004,AHC
2527445873,585351,3,tobillo,swing,-0.0535,1.7522,-0.2346,-7.8125,-40.7715,-174.0723,t004,AHC
2527445917,585368,3,tobillo,swing,-0.0231,1.7598,-0.1852,-10.6201,-63.5376,-171.2646,t004,AHC
2527445917,585384,3,tobillo,swing,-0.0406,1.4799,-0.2750,-15.9912,-109.9853,-171.8750,t004,AHC
2527445918,585400,3,tobillo,swing,0.0187,1.4219,-0.2151,-19.2871,-80.9326,-187.4389,t004,AHC
2527445957,585416,3,tobillo,swing,0.3452,1.3236,-0.0629,-6.4697,-43.2739,-182.6172,t004,AHC
2527445959,585432,3,tobillo,swing,0.5968,1.1157,-0.1479,19.6533,-0.4883,-132.0190,t004,AHC
2527445968,585447,3,tobillo,swing,0.6062,0.7610,-0.3435,15.2588,-4.3945,-109.9243,t004,AHC
2527446003,585463,3,tobillo,swing,0.5054,0.6116,-0.3796,-0.2441,-27.8931,-90.0879,t004,AHC
2527446003,585479,3,tobillo,swing,0.0017,0.5232,-0.3540,-13.1226,-13.0615,-51.5137,t004,AHC
2527446044,585495,3,tobillo,swing,-0.4706,0.5852,-0.2336,-4.8828,3.6621,-20.6299,t004,AHC
2527446045,585511,3,tobillo,swing,-0.3278,0.3907,-0.0918,29.4800,24.2310,20.9351,t004,AHC
2527446046,585527,3,tobillo,swing,0.1530,0.2590,0.0021,34.1797,31.4941,30.0903,t004,AHC
2527446090,585543,3,tobillo,swing,0.2139,0.2856,-0.0820,34.4238,40.0391,68.2373,t004,AHC
2527446090,585559,3,tobillo,swing,0.0983,0.2974,-0.2615,36.7432,42.0532,92.7124,t004,AHC
2527446090,585575,3,tobillo,swing,0.0516,0.3369,-0.3010,42.8467,44.0063,135.0708,t004,AHC
2527446130,585591,3,tobillo,swing,0.0972,0.3638,-0.3029,45.4712,39.3066,166.4429,t004,AHC
2527446132,585606,3,tobillo,swing,0.2101,0.4697,-0.3350,43.2739,35.0342,179.8096,t004,AHC
2527446177,585622,3,tobillo,swing,0.2415,0.5553,-0.3429,36.1938,25.7568,205.5054,t004,AHC
2527446177,585638,3,tobillo,swing,0.2709,0.7046,-0.3289,33.1421,24.2920,217.1020,t004,AHC
2527446177,585654,3,tobillo,swing,0.2778,0.7737,-0.3225,26.0010,35.7056,232.7881,t004,AHC
2527446218,585670,3,tobillo,swing,0.3262,0.9614,-0.3416,21.8506,47.3633,238.1592,t004,AHC
2527446218,585685,3,tobillo,swing,0.3905,1.1071,-0.4009,16.6016,65.0635,247.0093,t004,AHC
2527446220,585701,3,tobillo,swing,0.3992,1.1350,-0.4332,10.1929,71.7773,249.5117,t004,AHC
2527446250,585717,3,tobillo,swing,0.3660,1.1681,-0.4655,5.2490,75.2563,249.2065,t004,AHC
2527446266,585733,3,tobillo,swing,0.3334,1.1890,-0.4531,-5.8594,87.4634,247.2534,t004,AHC
2527446266,585749,3,tobillo,swing,0.3405,1.2716,-0.3864,-10.6812,94.5434,245.6055,t004,AHC
2527446308,585765,3,tobillo,swing,0.4430,1.3533,-0.3179,-14.7095,97.0459,243.6523,t004,AHC
2527446309,585781,3,tobillo,swing,0.4714,1.3770,-0.2950,-12.3291,74.0356,242.1264,t004,AHC
2527446310,585797,3,tobillo,swing,0.4830,1.3546,-0.2839,-9.9487,55.6030,240.8447,t004,AHC
2527446354,585813,3,tobillo,swing,0.4819,1.3198,-0.2946,-7.8735,15.8081,234.8633,t004,AHC
2527446354,585829,3,tobillo,swing,0.4193,1.2786,-0.2780,-9.7046,-1.0986,230.2246,t004,AHC
2527446395,585845,3,tobillo,swing,0.3837,1.2869,-0.2213,-17.2729,-24.5361,220.8862,t004,AHC
2527446397,585861,3,tobillo,swing,0.3778,1.2979,-0.0959,-19.7144,-33.8135,215.3931,t004,AHC
2527446398,585877,3,tobillo,swing,0.3292,1.2200,-0.0686,-18.9819,-45.8374,194.4580,t004,AHC
2527446443,585893,3,tobillo,swing,0.3477,1.1508,-0.0667,-16.9678,-37.6587,158.9355,t004,AHC
2527446443,585909,3,tobillo,swing,0.4241,1.0160,-0.0626,-17.5781,-29.6020,138.0005,t004,AHC
2527446443,585925,3,tobillo,swing,0.4458,0.9950,-0.0465,-21.3013,-13.0615,89.7217,t004,AHC
2527446485,585941,3,tobillo,loading,0.4802,0.9690,-0.0161,-21.5454,-3.9062,62.5610,t004,AHC
2527446485,585957,3,tobillo,loading,0.5115,0.9178,-0.0354,-19.8975,19.5313,5.6763,t004,AHC
2527446486,585973,3,tobillo,loading,0.5129,0.9034,-0.0604,-20.2026,44.2505,-47.6685,t004,AHC
2527446533,585988,3,tobillo,loading,0.4427,0.9711,-0.0782,-21.3623,55.9692,-71.6553,t004,AHC
2527446534,586004,3,tobillo,loading,0.1357,1.1395,0.0809,-14.2822,78.1860,-116.8213,t004,AHC
2527446534,586020,3,tobillo,loading,-1.1343,1.1996,0.1158,-5.0049,87.1582,-120.1782,t004,AHC
2527446576,586036,3,tobillo,loading,-0.1910,1.2883,0.2588,-0.3052,67.1387,-85.3271,t004,AHC
2527446579,586052,3,tobillo,loading,0.4324,1.3198,0.0577,-11.0474,-19.8364,-89.7827,t004,AHC
2527446588,586068,3,tobillo,loading,-0.0540,1.4456,-0.2285,-21.4844,-57.1289,-98.0835,t004,AHC
2527446624,586085,3,tobillo,loading,-0.3522,1.4077,-0.2955,-25.8789,-33.8745,-106.5063,t004,AHC
2527446624,586101,3,tobillo,loading,0.0775,1.1765,-0.5133,-30.6396,-5.4932,-107.2388,t004,AHC
2527446665,586117,3,tobillo,loading,-0.0719,1.0902,-0.3307,-26.2451,10.4980,-107.3608,t004,AHC
2527446667,586133,3,tobillo,loading,0.0106,0.9532,-0.2784,-10.7422,5.1880,-94.2383,t004,AHC
2527446667,586149,3,tobillo,loading,0.2394,0.9069,-0.2751,-8.3618,-6.6528,-85.8765,t004,AHC
2527446713,586165,3,tobillo,loading,0.1729,0.9421,-0.2509,-6.7749,-31.7383,-61.4624,t004,AHC
2527446713,586181,3,tobillo,loading,-0.0505,0.9900,-0.1273,-6.8359,-33.3862,-51.2695,t004,AHC
2527446713,586197,3,tobillo,loading,-0.1580,1.0306,-0.1721,-13.5498,-20.2637,-41.9311,t004,AHC
2527446756,586214,3,tobillo,loading,-0.1964,1.0209,-0.2196,-16.9067,-6.4697,-38.8184,t004,AHC
2527446756,586230,3,tobillo,loading,-0.0967,0.9537,-0.3083,-14.3433,-4.2114,-36.2549,t004,AHC
2527446796,586246,3,tobillo,loading,-0.0319,0.9564,-0.3229,-5.9204,-16.0522,-30.5786,t004,AHC
2527446801,586262,3,tobillo,loading,-0.0898,0.9768,-0.2900,-1.9531,-26.4893,-28.8696,t004,AHC
2527446801,586279,3,tobillo,loading,-0.1644,0.9689,-0.2305,2.3193,-34.0576,-27.5269,t004,AHC
2527446843,586295,3,tobillo,midstance,-0.1685,0.9663,-0.2213,1.8921,-25.6348,-30.4565,t004,AHC
2527446843,586311,3,tobillo,midstance,-0.1238,0.9392,-0.2433,1.4038,-21.7895,-31.9214,t004,AHC
2527446844,586327,3,tobillo,midstance,-0.0824,0.9324,-0.2717,1.0986,-21.6064,-33.3862,t004,AHC
2527446891,586343,3,tobillo,midstance,-0.0286,0.9371,-0.2878,1.6479,-25.2075,-33.2642,t004,AHC
2527446891,586359,3,tobillo,midstance,-0.0406,0.9283,-0.2543,3.2959,-30.4565,-33.0200,t004,AHC
2527446892,586375,3,tobillo,midstance,-0.0461,0.9293,-0.2384,3.0518,-28.1372,-34.3628,t004,AHC
2527446933,586391,3,tobillo,midstance,-0.0476,0.9338,-0.2559,2.5024,-24.5361,-35.4614,t004,AHC
2527446934,586407,3,tobillo,midstance,-0.0392,0.9386,-0.2747,2.0142,-18.4937,-37.3535,t004,AHC
2527446936,586423,3,tobillo,midstance,-0.0023,0.9540,-0.2826,2.1973,-17.7002,-37.9028,t004,AHC
2527446963,586439,3,tobillo,midstance,0.0013,0.9629,-0.2369,2.6855,-18.9819,-39.2456,t004,AHC
2527446981,586455,3,tobillo,midstance,0.0002,0.9662,-0.2104,1.9531,-18.3105,-41.6260,t004,AHC
2527447021,586471,3,tobillo,midstance,0.0134,0.9817,-0.2096,1.1597,-17.2119,-43.0298,t004,AHC
2527447022,586487,3,tobillo,terminal,0.0309,0.9828,-0.2247,0.9766,-16.4185,-45.1050,t004,AHC
2527447022,586503,3,tobillo,terminal,0.0481,0.9724,-0.2577,1.3428,-17.3950,-46.0205,t004,AHC
2527447071,586519,3,tobillo,terminal,0.0471,0.9664,-0.2668,2.1362,-19.6533,-48.3398,t004,AHC
2527447071,586535,3,tobillo,terminal,0.0482,0.9651,-0.2692,2.9297,-19.1040,-51.3306,t004,AHC
2527447071,586551,3,tobillo,terminal,0.0901,0.9592,-0.2742,3.4180,-17.7612,-52.5513,t004,AHC
2527447114,586567,3,tobillo,terminal,0.1147,0.9471,-0.2832,4.8218,-15.3198,-55.3589,t004,AHC
2527447115,586583,3,tobillo,terminal,0.1387,0.9313,-0.3135,5.4321,-15.0757,-56.0303,t004,AHC
2527447116,586599,3,tobillo,terminal,0.1565,0.9723,-0.2672,7.4463,-18.7988,-55.6641,t004,AHC
2527447161,586615,3,tobillo,terminal,0.1404,0.9927,-0.2432,7.9956,-23.6206,-56.2134,t004,AHC
2527447162,586631,3,tobillo,terminal,0.1400,1.0356,-0.2267,7.3242,-24.8413,-57.0068,t004,AHC
2527447162,586647,3,tobillo,terminal,0.1589,1.0558,-0.1868,7.2632,-25.2075,-59.8144,t004,AHC
2527447205,586663,3,tobillo,terminal,0.1638,1.0753,-0.1008,9.0942,-25.3906,-61.0962,t004,AHC
2527447206,586679,3,tobillo,terminal,0.1414,1.0493,-0.1321,11.9629,-23.9868,-65.7349,t004,AHC
2527447250,586695,3,tobillo,terminal,0.1384,1.0472,-0.1738,13.4277,-20.5688,-73.9746,t004,AHC
2527447251,586711,3,tobillo,swing,0.1293,1.0712,-0.2355,14.1602,-19.4092,-79.4678,t004,AHC
2527447251,586727,3,tobillo,swing,0.1155,1.0886,-0.2350,15.9302,-18.6768,-92.9565,t004,AHC
2527447293,586743,3,tobillo,swing,0.0615,1.1621,-0.1951,16.9678,-17.4561,-101.3794,t004,AHC
2527447294,586759,3,tobillo,swing,0.0620,1.2216,-0.1936,20.3857,-10.8032,-119.6899,t004,AHC
2527447294,586775,3,tobillo,swing,0.0979,1.3152,-0.2793,22.0337,-8.7280,-136.2915,t004,AHC
2527447343,586792,3,tobillo,swing,0.0314,1.3461,-0.2505,20.1416,-11.4746,-142.8833,t004,AHC
2527447343,586807,3,tobillo,swing,-0.0242,1.4208,-0.2422,10.9863,-17.2119,-158.2031,t004,AHC
2527447343,586823,3,tobillo,swing,-0.0790,1.6046,-0.2194,4.7607,-21.9116,-163.5742,t004,AHC
2527447388,586840,3,tobillo,swing,-0.0836,1.6578,-0.1832,-2.6855,-45.1050,-164.8559,t004,AHC
2527447388,586856,3,tobillo,swing,-0.1549,1.6289,-0.1725,-1.8921,-60.6079,-164.1235,t004,AHC
2527447389,586872,3,tobillo,swing,-0.2552,1.4740,-0.1331,3.5400,-82.7026,-172.8515,t004,AHC
2527447433,586888,3,tobillo,swing,-0.1147,1.4052,-0.2196,14.7705,-55.0537,-181.4575,t004,AHC
2527447434,586904,3,tobillo,swing,0.1787,1.3239,-0.3971,21.5454,-23.0103,-173.4009,t004,AHC
2527447434,586920,3,tobillo,swing,0.3743,1.2302,-0.3936,40.8325,31.0669,-132.0801,t004,AHC
2527447478,586936,3,tobillo,swing,0.6357,0.8314,-0.4033,44.0063,39.9170,-114.5630,t004,AHC
2527447478,586951,3,tobillo,swing,0.6075,0.2787,-0.5419,26.6724,33.3252,-90.6372,t004,AHC
2527447487,586967,3,tobillo,swing,0.1752,0.3926,-0.6204,-19.9585,40.7104,-55.2368,t004,AHC
2527447523,586983,3,tobillo,swing,-0.6327,0.5836,-0.4297,-18.5547,54.7485,-17.3950,t004,AHC
2527447523,586999,3,tobillo,swing,-0.5160,0.3080,-0.2034,24.9634,56.8848,45.4102,t004,AHC
2527447565,587015,3,tobillo,swing,0.1621,0.1392,-0.1130,29.0527,52.0019,54.7485,t004,AHC
2527447567,587031,3,tobillo,swing,0.2710,0.2257,-0.2255,15.2588,38.1470,94.3603,t004,AHC
2527447568,587046,3,tobillo,swing,0.1719,0.3396,-0.3037,9.3384,28.1372,121.0327,t004,AHC
2527447614,587062,3,tobillo,swing,0.2361,0.4653,-0.1327,6.5308,1.9531,164.9780,t004,AHC
2527447614,587078,3,tobillo,swing,0.2372,0.5073,-0.0657,10.9253,-41.0767,201.0498,t004,AHC
2527447614,587094,3,tobillo,swing,0.0760,0.6084,-0.0604,9.8877,-57.4951,215.6372,t004,AHC
2527447656,587109,3,tobillo,swing,0.0222,0.6791,-0.0773,2.6245,-47.6074,236.5723,t004,AHC
2527447658,587125,3,tobillo,swing,0.0763,0.8337,-0.0986,-1.4648,-23.5596,242.7978,t004,AHC
2527447658,587141,3,tobillo,swing,0.1451,1.0035,-0.1757,-7.9346,35.1563,250.6714,t004,AHC
2527447704,587157,3,tobillo,swing,0.1956,1.0769,-0.2198,-9.7046,80.2612,254.3945,t004,AHC
2527447704,587173,3,tobillo,swing,0.3285,1.2107,-0.2618,-9.3994,91.3696,254.9438,t004,AHC
2527447705,587189,3,tobillo,swing,0.3680,1.2716,-0.2606,-5.7983,93.6279,255.3711,t004,AHC
2527447745,587205,3,tobillo,swing,0.4359,1.3422,-0.2598,-2.3804,89.4775,255.6763,t004,AHC
2527447748,587221,3,tobillo,swing,0.4535,1.3473,-0.2650,2.9907,73.1812,258.1787,t004,AHC
2527447788,587237,3,tobillo,swing,0.4448,1.3542,-0.2673,4.1504,60.0586,259.0942,t004,AHC
2527447793,587253,3,tobillo,swing,0.4379,1.3752,-0.2322,4.2114,28.3203,256.9580,t004,AHC
2527447794,587269,3,tobillo,swing,0.4100,1.3643,-0.2051,2.5024,3.4790,250.2441,t004,AHC
2527447835,587284,3,tobillo,swing,0.3292,1.3395,-0.1753,0.6714,-2.9907,244.2016,t004,AHC
2527447837,587300,3,tobillo,swing,0.3258,1.3389,-0.1733,-4.8828,-6.5918,229.7363,t004,AHC
2527447837,587316,3,tobillo,swing,0.3481,1.3307,-0.1501,-7.5684,-6.9580,222.9614,t004,AHC
2527447883,587332,3,tobillo,swing,0.3561,1.2628,-0.1379,-9.1553,-8.0566,204.6509,t004,AHC
2527447883,587348,3,tobillo,swing,0.3943,1.2014,-0.1542,-9.3384,-4.2725,169.8608,t004,AHC
2527447883,587364,3,tobillo,swing,0.5905,1.0609,-0.1357,-10.0708,-0.3662,147.8271,t004,AHC
2527447925,587380,3,tobillo,loading,0.6871,1.0012,-0.1007,-12.5732,5.4321,94.7876,t004,AHC
2527447926,587396,3,tobillo,loading,0.8125,0.9459,-0.0570,-13.8550,8.6060,63.6597,t004,AHC
2527447926,587412,3,tobillo,loading,0.8383,0.9438,-0.0596,-15.0146,22.7661,-5.5542,t004,AHC
2527447975,587428,3,tobillo,loading,0.7168,1.0867,0.0078,-14.1602,33.3252,-43.5791,t004,AHC
2527447975,587444,3,tobillo,loading,-0.0968,1.1019,0.0912,-4.5166,71.2891,-117.8589,t004,AHC
2527447976,587460,3,tobillo,loading,-1.2908,1.2170,0.0090,-0.2441,86.6699,-123.9624,t004,AHC
2527448018,587476,3,tobillo,loading,-0.4252,1.2080,0.0428,-1.7090,77.2095,-94.6045,t004,AHC
2527448020,587492,3,tobillo,loading,0.6000,1.2395,0.0216,-14.0991,9.5215,-109.8022,t004,AHC
2527448021,587508,3,tobillo,loading,-0.2965,1.3920,-0.2677,-23.1934,-37.0483,-123.5962,t004,AHC
2527448067,587524,3,tobillo,loading,-0.3915,1.1174,-0.1760,-26.6724,-35.4614,-119.9341,t004,AHC
2527448067,587540,3,tobillo,loading,-0.1827,0.9304,-0.2740,-28.7476,9.3384,-115.4785,t004,AHC
2527448108,587556,3,tobillo,loading,0.2397,0.9326,-0.5743,-38.4521,24.2310,-110.7178,t004,AHC
2527448109,587571,3,tobillo,loading,0.2324,1.2090,-0.3793,-36.0718,37.7197,-112.3047,t004,AHC
2527448110,587588,3,tobillo,loading,0.3052,1.1342,-0.1106,-20.2026,21.9116,-95.9473,t004,AHC
2527448155,587604,3,tobillo,loading,0.2100,1.0585,-0.1255,-8.9722,-27.7710,-66.3452,t004,AHC
2527448156,587620,3,tobillo,loading,0.0175,1.0431,-0.1046,-8.7280,-47.1802,-46.8140,t004,AHC
2527448157,587636,3,tobillo,loading,-0.1770,0.9641,-0.1405,-11.6577,-38.5132,-41.1377,t004,AHC
2527448198,587652,3,tobillo,midstance,-0.1975,0.9849,-0.1808,-20.8130,-7.3853,-39.9170,t004,AHC
2527448199,587668,3,tobillo,midstance,-0.1106,0.9739,-0.2937,-22.4609,5.3711,-38.9404,t004,AHC
2527448199,587684,3,tobillo,midstance,-0.0159,0.9454,-0.3430,-15.8691,5.7983,-33.0811,t004,AHC
2527448249,587700,3,tobillo,midstance,-0.0160,0.9347,-0.3394,-4.9438,-16.7236,-27.1606,t004,AHC
2527448249,587716,3,tobillo,midstance,-0.0730,0.9452,-0.2777,-1.5259,-25.6958,-24.9023,t004,AHC
2527448250,587733,3,tobillo,midstance,-0.1194,0.9506,-0.2302,-0.9155,-29.4189,-23.9868,t004,AHC
2527448293,587749,3,tobillo,midstance,-0.1327,0.9501,-0.1783,-3.1738,-25.0854,-24.7803,t004,AHC
2527448295,587765,3,tobillo,midstance,-0.0946,0.9503,-0.2277,-7.6294,-15.9302,-26.6113,t004,AHC
2527448295,587781,3,tobillo,midstance,-0.0902,0.9454,-0.2621,-7.4463,-17.5781,-28.0151,t004,AHC
2527448342,587797,3,tobillo,midstance,-0.0753,0.9431,-0.2849,-6.1035,-21.4844,-28.5034,t004,AHC
2527448343,587813,3,tobillo,midstance,-0.0663,0.9417,-0.2778,-3.9673,-27.4048,-28.5645,t004,AHC
2527448343,587829,3,tobillo,midstance,-0.0530,0.9474,-0.2504,-3.9062,-28.0151,-28.8696,t004,AHC
2527448385,587846,3,tobillo,midstance,-0.0649,0.9661,-0.2335,-4.4556,-26.4893,-29.5410,t004,AHC
2527448386,587862,3,tobillo,terminal,-0.0503,0.9658,-0.2390,-4.5776,-22.2168,-30.7617,t004,AHC
2527448433,587878,3,tobillo,terminal,-0.0162,0.9642,-0.2555,-4.3945,-21.4233,-31.7383,t004,AHC
2527448433,587894,3,tobillo,terminal,-0.0204,0.9681,-0.2649,-3.4790,-22.9492,-34.1797,t004,AHC
2527448434,587910,3,tobillo,terminal,-0.0306,0.9711,-0.2756,-2.6855,-23.3765,-35.4614,t004,AHC
2527448477,587926,3,tobillo,terminal,-0.0094,0.9640,-0.2629,-1.0986,-22.0947,-38.1470,t004,AHC
2527448479,587943,3,tobillo,terminal,0.0044,0.9624,-0.2518,-0.5493,-20.0806,-40.9546,t004,AHC
2527448479,587959,3,tobillo,terminal,0.0181,0.9624,-0.2573,-0.3052,-18.9209,-42.6636,t004,AHC
2527448524,587975,3,tobillo,terminal,0.0347,0.9618,-0.2687,0.9766,-17.4561,-45.9595,t004,AHC
2527448525,587991,3,tobillo,terminal,0.0404,0.9637,-0.2740,2.5635,-16.7236,-50.3540,t004,AHC
2527448525,588007,3,tobillo,terminal,0.0159,0.9559,-0.2699,2.9907,-15.8081,-53.2837,t004,AHC
2527448573,588023,3,tobillo,terminal,0.0270,0.9530,-0.2610,2.5635,-9.8267,-58.2275,t004,AHC
2527448574,588039,3,tobillo,terminal,0.0977,0.9604,-0.2711,2.5024,-7.2632,-59.7534,t004,AHC
2527448575,588055,3,tobillo,terminal,0.1246,0.9631,-0.2865,3.6011,-6.5918,-60.3638,t004,AHC
2527448623,588071,3,tobillo,terminal,0.1763,0.9436,-0.2899,4.1504,-7.1411,-59.8144,t004,AHC
2527448624,588087,3,tobillo,terminal,0.1984,0.9320,-0.2854,3.1738,-11.7798,-58.5937,t004,AHC
2527448624,588103,3,tobillo,swing,0.1730,0.9449,-0.2751,0.6714,-16.6016,-59.2651,t004,AHC
2527448668,588119,3,tobillo,swing,0.1779,0.9781,-0.2616,-0.1831,-16.3574,-60.1807,t004,AHC
2527448668,588135,3,tobillo,swing,0.2220,0.9783,-0.2617,-0.9766,-18.6768,-62.5000,t004,AHC
2527448668,588151,3,tobillo,swing,0.2422,1.0116,-0.2324,-1.1597,-21.9116,-64.0869,t004,AHC
2527448717,588167,3,tobillo,swing,0.2070,1.0674,-0.1680,1.0376,-27.5269,-66.5283,t004,AHC
2527448718,588183,3,tobillo,swing,0.1956,1.0701,-0.1682,3.0518,-30.5176,-71.7773,t004,AHC
2527448718,588199,3,tobillo,swing,0.1652,1.0758,-0.2411,3.5400,-30.3345,-76.1719,t004,AHC
2527448763,588215,3,tobillo,swing,0.1566,1.0833,-0.2775,3.1738,-29.7241,-87.5244,t004,AHC
2527448763,588231,3,tobillo,swing,0.1381,1.1821,-0.2905,2.9297,-30.6396,-95.2148,t004,AHC
2527448764,588247,3,tobillo,swing,0.0463,1.2968,-0.3549,3.6011,-34.2407,-115.6616,t004,AHC
2527448809,588263,3,tobillo,swing,-0.0325,1.3594,-0.3462,-0.9155,-38.1470,-142.1509,t004,AHC
2527448810,588279,3,tobillo,swing,-0.1176,1.5851,-0.2584,-5.1270,-38.1470,-156.9214,t004,AHC
2527448810,588295,3,tobillo,swing,-0.1427,1.6816,-0.2246,-16.4185,-41.1987,-182.1899,t004,AHC
2527448853,588311,3,tobillo,swing,-0.0984,1.8595,-0.2261,-23.1934,-47.9126,-188.9648,t004,AHC
2527448853,588327,3,tobillo,swing,-0.0359,1.9000,-0.3217,-29.5410,-83.4351,-186.7065,t004,AHC
2527448899,588343,3,tobillo,swing,-0.1105,1.6326,-0.5004,-31.3110,-127.7466,-189.0869,t004,AHC
2527448899,588359,3,tobillo,swing,0.1382,1.4279,-0.3632,-30.5786,-125.3662,-184.4482,t004,AHC
2527448900,588375,3,tobillo,swing,0.2294,1.3040,-0.3091,-9.5825,-79.2236,-139.0381,t004,AHC
2527448943,588391,3,tobillo,swing,0.4734,0.9006,-0.3175,2.0752,-56.2134,-112.2436,t004,AHC
2527448944,588407,3,tobillo,swing,0.6105,0.7340,-0.2421,1.0376,-38.1470,-98.2666,t004,AHC
2527448945,588423,3,tobillo,swing,0.7246,0.3505,-0.1952,-5.1270,-42.7856,-94.4214,t004,AHC
2527448991,588439,3,tobillo,swing,-0.1952,0.4407,-0.3220,-25.5737,-58.7158,-46.5698,t004,AHC
2527448991,588455,3,tobillo,swing,-0.6481,0.4769,-0.2336,-9.2163,-16.3574,10.3149,t004,AHC
2527448992,588471,3,tobillo,swing,-0.4575,0.1218,0.0951,11.0474,19.7754,32.8979,t004,AHC
2527449035,588487,3,tobillo,swing,-0.1431,0.0950,0.0999,16.8457,69.7632,61.3403,t004,AHC
2527449037,588503,3,tobillo,swing,0.1101,0.2230,-0.1302,12.6343,78.0029,78.3691,t004,AHC
2527449037,588518,3,tobillo,swing,0.1986,0.3088,-0.1729,12.7563,82.7026,118.9575,t004,AHC
2527449082,588534,3,tobillo,swing,0.2587,0.3481,-0.1323,21.0571,71.2280,154.4800,t004,AHC
2527449083,588550,3,tobillo,swing,0.2576,0.4504,-0.1256,24.4751,56.2744,170.4712,t004,AHC
2527449084,588566,3,tobillo,swing,0.2275,0.5132,-0.1493,27.5879,27.2217,198.5473,t004,AHC
2527449125,588581,3,tobillo,swing,0.2900,0.6582,-0.2290,27.0386,22.1558,208.9233,t004,AHC
2527449127,588597,3,tobillo,swing,0.3534,0.7679,-0.2631,24.5361,26.3672,223.0835,t004,AHC
2527449127,588613,3,tobillo,swing,0.4111,0.9678,-0.3021,23.8647,35.2173,226.9897,t004,AHC
2527449173,588628,3,tobillo,swing,0.3231,1.0730,-0.3282,22.2168,66.7114,227.9053,t004,AHC
2527449174,588644,3,tobillo,swing,0.2731,1.1138,-0.3489,20.8740,105.7129,222.7783,t004,AHC
2527449174,588660,3,tobillo,swing,0.3441,1.1740,-0.4205,20.5688,120.6665,220.1538,t004,AHC
2527449216,588676,3,tobillo,swing,0.4214,1.1969,-0.4531,20.4468,125.4883,218.6889,t004,AHC
2527449217,588692,3,tobillo,swing,0.5287,1.2218,-0.4669,19.7754,114.6851,219.7876,t004,AHC
2527449264,588708,3,tobillo,swing,0.5581,1.2321,-0.4456,17.0288,70.6177,223.7549,t004,AHC
2527449265,588723,3,tobillo,swing,0.5702,1.2339,-0.3949,15.9912,40.3442,226.1352,t004,AHC
2527449265,588739,3,tobillo,swing,0.4622,1.1893,-0.3529,14.7095,-22.7661,230.7129,t004,AHC
2527449307,588755,3,tobillo,swing,0.3638,1.1626,-0.3376,10.2539,-66.9556,232.5439,t004,AHC
2527449307,588771,3,tobillo,swing,0.2026,1.1346,-0.3193,5.3101,-75.9888,229.8584,t004,AHC
2527449310,588787,3,tobillo,swing,0.1613,1.1359,-0.3083,-8.7280,-73.6084,216.3696,t004,AHC
2527449356,588803,3,tobillo,swing,0.1307,1.1604,-0.2599,-16.0522,-66.2231,207.0312,t004,AHC
2527449356,588819,3,tobillo,swing,0.1541,1.1658,-0.2261,-25.4517,-46.0815,184.1431,t004,AHC
2527449357,588835,3,tobillo,swing,0.2184,1.1754,-0.1656,-27.2827,-36.6211,171.7529,t004,AHC
2527449398,588851,3,tobillo,swing,0.2057,1.1360,-0.1251,-24.9634,-19.5923,143.5547,t004,AHC
2527449398,588867,3,tobillo,loading,0.2274,1.0883,-0.1174,-21.8506,3.2349,104.8584,t004,AHC
2527449399,588883,3,tobillo,loading,0.3363,1.0111,-0.0778,-21.9116,17.5781,81.4819,t004,AHC
2527449449,588899,3,tobillo,loading,0.3787,0.9818,-0.0504,-23.0103,47.6685,31.0669,t004,AHC
2527449449,588914,3,tobillo,loading,0.4036,1.0273,-0.0374,-23.8647,62.3779,4.3945,t004,AHC
2527449449,588930,3,tobillo,loading,0.4760,1.1052,0.1498,-20.3857,94.1772,-55.2368,t004,AHC
2527449493,588946,3,tobillo,loading,0.5248,1.1207,0.2705,-6.7749,138.5498,-117.2485,t004,AHC
2527449494,588962,3,tobillo,loading,-0.5389,1.1949,0.0275,-5.0659,145.3857,-134.7046,t004,AHC
2527449495,588978,3,tobillo,loading,-0.7605,1.2870,0.0448,-9.9487,85.9375,-112.3047,t004,AHC
2527449540,588994,3,tobillo,loading,0.3586,1.3408,0.1014,-11.4746,30.0293,-103.2715,t004,AHC
2527449541,589010,3,tobillo,loading,0.2744,1.3257,-0.1300,-22.5830,-59.8755,-113.0981,t004,AHC
2527449541,589026,3,tobillo,loading,-0.5032,1.0920,-0.5272,-25.3296,-56.0913,-112.3657,t004,AHC
2527449585,589042,3,tobillo,loading,0.0762,0.8323,-0.5166,-25.3906,9.7656,-107.6660,t004,AHC
2527449585,589058,3,tobillo,loading,0.3058,1.0298,-0.3772,-27.5269,36.9263,-108.8867,t004,AHC
2527449630,589074,3,tobillo,loading,0.1260,1.1005,-0.1941,-17.8833,30.3955,-103.3935,t004,AHC
2527449630,589090,3,tobillo,loading,0.2657,1.0363,-0.1295,-3.7842,0.4272,-83.0078,t004,AHC
2527449631,589106,3,tobillo,loading,0.1836,1.0944,-0.0918,-0.2441,-22.7661,-73.6694,t004,AHC
2527449672,589122,3,tobillo,loading,-0.1399,0.9645,-0.1427,-1.6479,-40.5273,-51.2695,t004,AHC
2527449673,589138,3,tobillo,midstance,-0.2209,0.9530,-0.1674,-13.3667,-6.5918,-48.7671,t004,AHC
2527449673,589154,3,tobillo,midstance,-0.1488,0.9938,-0.2622,-17.3950,10.5591,-50.2930,t004,AHC
2527449724,589170,3,tobillo,midstance,-0.0544,0.9928,-0.3202,-14.7095,14.9536,-46.6919,t004,AHC
2527449725,589187,3,tobillo,midstance,0.0658,0.9756,-0.3663,-9.7656,1.7090,-41.6260,t004,AHC
2527449725,589202,3,tobillo,midstance,-0.0345,0.9551,-0.2787,-1.1597,-29.6631,-32.4707,t004,AHC
2527449769,589218,3,tobillo,midstance,-0.1052,0.9683,-0.2330,0.0610,-34.1797,-30.9448,t004,AHC
2527449771,589235,3,tobillo,midstance,-0.1484,1.0065,-0.1984,-1.0376,-28.3203,-32.7759,t004,AHC
2527449772,589251,3,tobillo,midstance,-0.1190,1.0007,-0.2115,-2.0752,-19.8364,-36.8042,t004,AHC
2527449818,589267,3,tobillo,midstance,-0.0314,0.9453,-0.2689,-1.7090,-19.5313,-38.2080,t004,AHC
2527449819,589283,3,tobillo,midstance,-0.0121,0.9286,-0.3002,0.1831,-24.2920,-39.8560,t004,AHC
2527449819,589299,3,tobillo,midstance,-0.0106,0.9325,-0.2936,2.9907,-27.6489,-40.7715,t004,AHC
2527449863,589315,3,tobillo,midstance,0.0140,0.9528,-0.2476,4.1504,-27.6489,-41.5039,t004,AHC
2527449863,589331,3,tobillo,midstance,0.0178,0.9644,-0.2289,4.7607,-26.0620,-42.7246,t004,AHC
2527449864,589347,3,tobillo,midstance,0.0233,0.9666,-0.2091,4.3335,-24.9634,-43.0298,t004,AHC
2527449910,589363,3,tobillo,midstance,0.0601,0.9583,-0.2083,2.9907,-22.8271,-43.0908,t004,AHC
2527449910,589379,3,tobillo,midstance,0.0720,0.9579,-0.2207,2.3804,-23.2544,-42.5415,t004,AHC
2527449910,589395,3,tobillo,midstance,0.0801,0.9645,-0.2382,2.5635,-23.9258,-42.9077,t004,AHC
2527449953,589411,3,tobillo,midstance,0.0585,0.9564,-0.2394,3.4790,-24.2310,-44.8608,t004,AHC
2527449955,589427,3,tobillo,midstance,0.0270,0.9498,-0.2594,3.6011,-21.4233,-46.6309,t004,AHC
2527450000,589443,3,tobillo,midstance,0.0769,0.9795,-0.2513,2.9907,-13.9770,-50.4150,t004,AHC
2527450001,589459,3,tobillo,midstance,0.1122,0.9797,-0.2400,3.4180,-11.1084,-51.7578,t004,AHC
2527450001,589475,3,tobillo,midstance,0.1761,0.9717,-0.2284,3.7842,-11.4136,-51.4526,t004,AHC
2527450043,589491,3,tobillo,midstance,0.1847,0.9655,-0.2382,4.8828,-14.3433,-49.8047,t004,AHC
2527450043,589507,3,tobillo,midstance,0.1570,0.9633,-0.2554,5.4932,-15.8691,-49.4385,t004,AHC
2527450045,589523,3,tobillo,midstance,0.1725,0.9672,-0.2623,6.5918,-15.3198,-49.8047,t004,AHC
2527450092,589539,3,tobillo,midstance,0.2032,0.9741,-0.2605,7.4463,-14.9536,-50.7202,t004,AHC
2527450092,589555,3,tobillo,midstance,0.2159,1.0062,-0.2223,8.2397,-17.2729,-50.5981,t004,AHC
2527450093,589571,3,tobillo,midstance,0.1913,1.0088,-0.1971,9.7656,-22.9492,-51.7578,t004,AHC
2527450136,589587,3,tobillo,midstance,0.1400,1.0096,-0.1719,10.0098,-23.1934,-54.8706,t004,AHC
2527450136,589603,3,tobillo,terminal,0.1213,1.0131,-0.1869,10.9253,-19.4092,-64.7583,t004,AHC
2527450137,589619,3,tobillo,terminal,0.1288,1.0386,-0.2158,11.0474,-15.2588,-77.2705,t004,AHC
2527450187,589635,3,tobillo,terminal,0.1836,1.0779,-0.2098,10.9253,-14.8315,-83.4961,t004,AHC
2527450187,589651,3,tobillo,terminal,0.2168,1.0892,-0.2019,10.8643,-17.2729,-93.6890,t004,AHC
2527450187,589667,3,tobillo,terminal,0.2518,1.0898,-0.1971,11.2915,-19.4702,-97.7173,t004,AHC
2527450237,589683,3,tobillo,terminal,0.2031,1.1166,-0.2268,11.9629,-22.0947,-105.1636,t004,AHC
2527450238,589699,3,tobillo,terminal,0.1796,1.1644,-0.2506,12.2070,-20.2026,-114.5019,t004,AHC
2527450238,589715,3,tobillo,terminal,0.1385,1.2496,-0.2931,12.2070,-19.5313,-119.8730,t004,AHC
2527450282,589731,3,tobillo,terminal,0.0863,1.2980,-0.2769,10.2539,-20.9351,-133.4839,t004,AHC
2527450282,589747,3,tobillo,swing,0.0333,1.4028,-0.2528,8.4839,-21.1792,-140.5640,t004,AHC
2527450283,589763,3,tobillo,swing,0.0421,1.4330,-0.2469,0.6104,-30.0903,-150.3906,t004,AHC
2527450334,589779,3,tobillo,swing,0.0889,1.5015,-0.2223,-4.4556,-43.5181,-152.2827,t004,AHC
2527450334,589795,3,tobillo,swing,0.0961,1.5385,-0.2930,-10.0098,-88.0737,-152.9541,t004,AHC
2527450335,589811,3,tobillo,swing,0.0731,1.5062,-0.2997,-14.1602,-122.8638,-160.4614,t004,AHC
2527450358,589827,3,tobillo,swing,0.2076,1.3615,-0.2308,-12.5732,-113.2812,-166.1377,t004,AHC
2527450385,589843,3,tobillo,swing,0.4084,1.1953,-0.2539,2.1362,-61.7065,-150.2075,t004,AHC
2527450386,589859,3,tobillo,swing,0.7699,0.8823,-0.2811,6.4697,-46.0205,-124.5727,t004,AHC
2527450428,589875,3,tobillo,swing,0.9784,0.7604,-0.0249,11.7798,-69.5190,-106.9946,t004,AHC
2527450429,589891,3,tobillo,swing,0.4530,0.5461,-0.1427,16.8457,-80.3223,-56.9458,t004,AHC
2527450431,589907,3,tobillo,swing,-1.0140,0.5994,-0.3334,10.8032,-77.2095,-8.1177,t004,AHC
2527450470,589923,3,tobillo,swing,-1.1077,0.4417,-0.2880,17.0898,-35.2173,37.9028,t004,AHC
2527450479,589939,3,tobillo,swing,-0.3245,0.2504,-0.1061,12.8784,12.3901,35.4614,t004,AHC
2527450481,589955,3,tobillo,swing,-0.1149,0.4423,-0.1095,2.6245,84.3506,52.7954,t004,AHC
2527450528,589971,3,tobillo,swing,-0.0817,0.4238,-0.1792,0.6714,109.8633,100.0976,t004,AHC
2527450530,589987,3,tobillo,swing,0.1571,0.5242,-0.2382,-1.4648,110.7788,120.1172,t004,AHC
2527450530,590003,3,tobillo,swing,0.2640,0.6107,-0.2374,2.3193,84.1675,157.5317,t004,AHC
2527450537,590018,3,tobillo,swing,0.3514,0.6716,-0.2719,6.5308,64.0869,176.3306,t004,AHC
2527450572,590034,3,tobillo,swing,0.3450,0.7045,-0.2980,6.4697,37.3535,207.3364,t004,AHC
2527450572,590050,3,tobillo,swing,0.2965,0.8719,-0.2747,3.6011,31.5552,218.3838,t004,AHC
2527450582,590066,3,tobillo,swing,0.3054,1.0073,-0.2180,0.6714,30.8838,232.0556,t004,AHC
2527450621,590082,3,tobillo,swing,0.3105,1.0564,-0.2230,-0.6714,44.6167,234.3750,t004,AHC
2527450622,590098,3,tobillo,swing,0.2761,1.1541,-0.2625,-1.3428,55.6641,233.3984,t004,AHC
2527450664,590114,3,tobillo,swing,0.2773,1.1893,-0.2725,-1.7090,80.9326,232.7270,t004,AHC
2527450666,590130,3,tobillo,swing,0.3203,1.2100,-0.2733,-1.7090,89.9048,234.0698,t004,AHC
2527450666,590146,3,tobillo,swing,0.3312,1.2197,-0.2771,-3.7842,94.7266,238.1592,t004,AHC
2527450713,590161,3,tobillo,swing,0.3456,1.2408,-0.2708,-6.7139,85.9985,240.9668,t004,AHC
2527450714,590177,3,tobillo,swing,0.4138,1.2993,-0.2260,-6.5308,75.0122,242.2485,t004,AHC
2527450714,590193,3,tobillo,swing,0.4402,1.3080,-0.2002,-2.8076,37.4756,244.5679,t004,AHC
2527450757,590209,3,tobillo,swing,0.3933,1.2568,-0.1913,-1.4648,17.3340,244.8120,t004,AHC
2527450759,590225,3,tobillo,swing,0.3297,1.2455,-0.1760,-3.8452,-7.8125,241.2109,t004,AHC
2527450759,590241,3,tobillo,swing,0.2568,1.3129,-0.0813,-5.9814,-11.8408,237.6709,t004,AHC
2527450806,590257,3,tobillo,swing,0.2845,1.3334,-0.0225,-6.8970,-9.7656,228.4546,t004,AHC
2527450807,590272,3,tobillo,swing,0.2981,1.2972,-0.0454,-5.0659,-1.4648,206.7261,t004,AHC
2527450807,590288,3,tobillo,swing,0.4197,1.1982,-0.1370,-5.4932,3.7231,190.1855,t004,AHC
2527450851,590304,3,tobillo,swing,0.5188,1.1255,-0.1602,-9.3994,7.4463,150.3906,t004,AHC
2527450851,590320,3,tobillo,swing,0.6597,1.0198,-0.1285,-12.0239,4.9438,127.4414,t004,AHC
2527450853,590336,3,tobillo,swing,0.6838,0.9941,-0.1036,-13.7329,2.1362,75.3174,t004,AHC
2527450900,590352,3,tobillo,swing,0.6768,0.9409,-0.0985,-12.6343,6.8359,46.3867,t004,AHC
2527450901,590368,3,tobillo,swing,0.6299,0.8674,-0.1029,-12.3291,26.0010,-13.1836,t004,AHC
2527450901,590383,3,tobillo,swing,0.5159,0.9525,-0.0374,-15.6250,53.1006,-72.3267,t004,AHC
2527450945,590399,3,tobillo,swing,0.2815,1.1139,0.2004,-12.3291,76.7212,-102.3559,t004,AHC
2527450946,590415,3,tobillo,loading,-0.3815,1.1296,0.1040,-9.1553,122.1313,-136.7798,t004,AHC
2527450946,590431,3,tobillo,loading,-0.8413,1.3384,-0.1725,-14.7095,107.7881,-118.1030,t004,AHC
2527450981,590447,3,tobillo,loading,0.6522,1.5520,-0.1669,-23.2544,9.3384,-102.3559,t004,AHC
2527450997,590463,3,tobillo,loading,0.1559,1.6086,-0.2430,-27.2827,-73.4253,-121.5820,t004,AHC
2527450998,590479,3,tobillo,loading,-0.3860,1.1498,-0.2947,-23.9868,-55.4810,-118.7134,t004,AHC
2527451043,590495,3,tobillo,loading,-0.0646,0.9858,-0.3124,-30.9448,4.1504,-113.8306,t004,AHC
2527451043,590511,3,tobillo,loading,0.2800,1.1727,-0.1680,-34.1797,9.8877,-114.0747,t004,AHC
2527451045,590527,3,tobillo,loading,0.0977,1.0665,-0.1775,-26.3672,-5.8594,-102.5391,t004,AHC
2527451093,590543,3,tobillo,loading,0.1486,0.9813,-0.2581,-19.1650,-19.5313,-81.6650,t004,AHC
2527451094,590559,3,tobillo,loading,0.0756,0.9845,-0.3145,-17.1509,-22.4609,-72.6929,t004,AHC
2527451094,590576,3,tobillo,loading,-0.0319,0.9531,-0.2944,-11.1694,-22.8882,-56.3354,t004,AHC
2527451139,590592,3,tobillo,loading,-0.0934,0.9727,-0.1958,-11.2915,-16.5405,-52.4902,t004,AHC
2527451140,590608,3,tobillo,midstance,-0.0121,1.0612,-0.1478,-11.7798,-6.3477,-43.9453,t004,AHC
2527451140,590624,3,tobillo,midstance,-0.0299,1.0493,-0.1808,-8.9111,-9.7046,-36.1938,t004,AHC
2527451192,590641,3,tobillo,midstance,-0.0345,0.9536,-0.2463,-7.0801,-10.7422,-33.3252,t004,AHC
2527451192,590657,3,tobillo,midstance,-0.0118,0.9272,-0.2449,-4.0894,-13.9770,-29.2358,t004,AHC
2527451193,590673,3,tobillo,midstance,-0.0477,0.9382,-0.2513,-2.8687,-16.2354,-27.9541,t004,AHC
2527451238,590690,3,tobillo,midstance,-0.0767,0.9530,-0.2380,-1.5259,-17.3950,-27.1606,t004,AHC
2527451239,590706,3,tobillo,midstance,-0.0692,0.9517,-0.2260,-1.8311,-17.0288,-28.0762,t004,AHC
2527451240,590722,3,tobillo,midstance,-0.0381,0.9397,-0.2087,-2.2583,-17.5781,-28.5034,t004,AHC
2527451289,590738,3,tobillo,midstance,-0.0266,0.9436,-0.2201,-2.6855,-20.2026,-29.6020,t004,AHC
2527451289,590754,3,tobillo,midstance,-0.0178,0.9430,-0.2271,-2.3804,-21.3013,-30.0903,t004,AHC
2527451290,590770,3,tobillo,midstance,-0.0254,0.9496,-0.2313,-1.4038,-19.8364,-32.1045,t004,AHC
2527451334,590786,3,tobillo,terminal,-0.0554,0.9589,-0.2422,-1.4038,-17.7002,-35.4614,t004,AHC
2527451335,590802,3,tobillo,terminal,-0.0197,0.9789,-0.2262,-1.7090,-15.9302,-36.6821,t004,AHC
2527451335,590818,3,tobillo,terminal,0.0244,0.9845,-0.2214,-0.9766,-13.4888,-37.6587,t004,AHC
2527451387,590835,3,tobillo,terminal,0.0503,0.9673,-0.2449,1.0986,-14.4043,-37.4756,t004,AHC
2527451387,590850,3,tobillo,terminal,0.0477,0.9475,-0.2587,1.8311,-14.7705,-36.9263,t004,AHC
2527451387,590866,3,tobillo,terminal,0.0459,0.9523,-0.2609,1.8311,-14.8315,-35.0952,t004,AHC
2527451433,590882,3,tobillo,terminal,0.0397,0.9814,-0.2491,1.9531,-14.8926,-34.7900,t004,AHC
2527451436,590898,3,tobillo,terminal,0.0475,0.9844,-0.2329,2.8687,-14.4653,-35.6445,t004,AHC
2527451436,590914,3,tobillo,terminal,0.0817,0.9751,-0.2201,3.2349,-14.4653,-36.3159,t004,AHC
2527451484,590930,3,tobillo,terminal,0.0796,0.9557,-0.2400,3.9673,-16.0522,-38.4521,t004,AHC
2527451485,590946,3,tobillo,terminal,0.0775,0.9449,-0.2465,5.0049,-16.4185,-41.0156,t004,AHC
2527451485,590962,3,tobillo,terminal,0.0663,0.9579,-0.2666,5.4321,-15.6250,-43.5181,t004,AHC
2527451529,590978,3,tobillo,terminal,0.0758,0.9625,-0.2651,6.6528,-13.2446,-47.6074,t004,AHC
2527451529,590994,3,tobillo,swing,0.1383,0.9684,-0.2404,6.9580,-13.1226,-47.9126,t004,AHC
2527451530,591010,3,tobillo,swing,0.1722,0.9669,-0.2260,7.0190,-15.4419,-49.1943,t004,AHC
2527451581,591026,3,tobillo,swing,0.1738,0.9612,-0.2334,7.8125,-16.2354,-49.8657,t004,AHC
2527451581,591042,3,tobillo,swing,0.1852,0.9667,-0.2450,8.1177,-16.1743,-50.1709,t004,AHC
2527451582,591058,3,tobillo,swing,0.1820,0.9733,-0.2472,9.4604,-16.2964,-52.0019,t004,AHC
2527451628,591074,3,tobillo,swing,0.1768,0.9973,-0.2200,10.2539,-16.5405,-53.2837,t004,AHC
2527451629,591090,3,tobillo,swing,0.1781,1.0453,-0.1509,12.3901,-17.2729,-56.5186,t004,AHC
2527451630,591106,3,tobillo,swing,0.1926,1.0450,-0.1414,14.3433,-16.4795,-60.3638,t004,AHC
2527451678,591122,3,tobillo,swing,0.1921,1.0302,-0.1866,15.1978,-15.7471,-62.8052,t004,AHC
2527451678,591138,3,tobillo,swing,0.1909,1.0217,-0.2180,17.2119,-14.3433,-69.0918,t004,AHC
2527451679,591154,3,tobillo,swing,0.1901,1.0306,-0.2554,18.0664,-14.5264,-73.6084,t004,AHC
2527451722,591170,3,tobillo,swing,0.1919,1.0522,-0.2488,18.4937,-16.9678,-84.5337,t004,AHC
2527451723,591186,3,tobillo,swing,0.1638,1.1449,-0.2384,18.6157,-18.3105,-90.8813,t004,AHC
2527451725,591201,3,tobillo,swing,0.1058,1.2428,-0.2732,20.4468,-19.0430,-106.1401,t004,AHC
2527451772,591217,3,tobillo,swing,0.1152,1.2675,-0.2642,19.9585,-17.8833,-120.7886,t004,AHC
2527451773,591234,3,tobillo,swing,0.1018,1.3396,-0.1951,18.1274,-18.1274,-126.7700,t004,AHC
2527451773,591250,3,tobillo,swing,0.0747,1.3917,-0.1854,11.2915,-20.6909,-136.9629,t004,AHC
2527451817,591265,3,tobillo,swing,0.0511,1.4755,-0.1501,6.0425,-25.4517,-140.3198,t004,AHC
2527451819,591281,3,tobillo,swing,0.0465,1.4785,-0.0978,-1.2817,-44.9829,-141.8457,t004,AHC
2527451820,591297,3,tobillo,swing,0.0729,1.4397,-0.1139,-0.3662,-69.2139,-140.6250,t004,AHC
2527451867,591313,3,tobillo,swing,0.0795,1.2999,-0.2125,0.0000,-78.7354,-141.7236,t004,AHC
2527451867,591329,3,tobillo,swing,0.0411,1.2872,-0.1844,0.3662,-60.7910,-147.3389,t004,AHC
2527451867,591345,3,tobillo,swing,0.2256,1.1788,-0.1162,8.7891,-33.5693,-143.3105,t004,AHC
2527451912,591361,3,tobillo,swing,0.4983,1.0289,-0.2458,27.5269,10.3149,-121.5210,t004,AHC
2527451914,591377,3,tobillo,swing,0.8986,0.9432,-0.3658,29.2358,-5.9814,-111.2671,t004,AHC
2527451914,591393,3,tobillo,swing,0.3881,0.6488,-0.2943,25.2686,-23.9258,-107.7881,t004,AHC
2527451962,591409,3,tobillo,swing,-0.3319,0.6246,-0.3579,13.7329,-18.0664,-52.0630,t004,AHC
2527451962,591425,3,tobillo,swing,-0.6135,0.4875,-0.3979,11.8408,8.7280,-22.1558,t004,AHC
2527451963,591441,3,tobillo,swing,-0.3706,0.3638,-0.2582,14.7705,44.4336,8.8501,t004,AHC
2527452006,591457,3,tobillo,swing,0.1177,0.3600,-0.1077,13.2446,46.3257,22.1558,t004,AHC
2527452007,591473,3,tobillo,swing,0.0909,0.3889,-0.1836,7.2021,34.9731,61.5234,t004,AHC
2527452008,591489,3,tobillo,swing,0.0568,0.4070,-0.1985,3.2349,28.7476,103.3325,t004,AHC
2527452056,591504,3,tobillo,swing,0.0935,0.5133,-0.1794,3.2349,25.5127,121.7651,t004,AHC
2527452056,591520,3,tobillo,swing,0.0992,0.5583,-0.1897,4.3335,12.3291,156.1890,t004,AHC
2527452057,591536,3,tobillo,swing,0.1261,0.6376,-0.2141,2.6855,6.5918,170.8984,t004,AHC
2527452101,591552,3,tobillo,swing,0.1625,0.6932,-0.2085,-4.5166,3.9673,195.0073,t004,AHC
2527452102,591567,3,tobillo,swing,0.1807,0.8193,-0.1936,-8.9722,6.1646,205.6274,t004,AHC
2527452103,591583,3,tobillo,swing,0.1481,0.9655,-0.1604,-16.0522,16.5405,223.3887,t004,AHC
2527452149,591599,3,tobillo,swing,0.1594,1.0342,-0.1522,-18.1885,34.7290,232.4829,t004,AHC
2527452150,591615,3,tobillo,swing,0.1826,1.1387,-0.1809,-17.5781,44.6167,234.4971,t004,AHC
2527452150,591631,3,tobillo,swing,0.1781,1.1761,-0.2091,-15.9302,66.5283,237.6098,t004,AHC
2527452195,591647,3,tobillo,swing,0.1896,1.2172,-0.2618,-15.5029,77.5757,239.5019,t004,AHC
2527452196,591663,3,tobillo,swing,0.2168,1.2389,-0.2817,-16.0522,91.0644,243.4082,t004,AHC
2527452196,591678,3,tobillo,swing,0.2827,1.3240,-0.2710,-14.5874,83.5571,247.1924,t004,AHC
2527452243,591694,3,tobillo,swing,0.3524,1.4021,-0.2235,-11.9629,72.0215,248.4741,t004,AHC
2527452244,591710,3,tobillo,swing,0.3799,1.4045,-0.2191,-5.7373,39.2456,248.6572,t004,AHC
2527452244,591726,3,tobillo,swing,0.3558,1.3402,-0.2448,-4.5166,23.3154,247.1313,t004,AHC
2527452289,591742,3,tobillo,swing,0.3263,1.3290,-0.2300,-6.5308,1.4648,241.2109,t004,AHC
2527452289,591758,3,tobillo,swing,0.3231,1.3485,-0.1381,-8.4229,-6.9580,238.0981,t004,AHC
2527452290,591774,3,tobillo,swing,0.3298,1.3278,-0.0635,-9.5215,-21.7285,229.6142,t004,AHC
2527452337,591790,3,tobillo,loading,0.3490,1.2947,-0.0591,-5.9204,-25.9399,208.3740,t004,AHC
2527452338,591806,3,tobillo,loading,0.4076,1.1383,-0.1194,-4.5776,-24.4751,192.8711,t004,AHC
2527452338,591822,3,tobillo,loading,0.4514,1.0389,-0.1288,-10.4370,-17.7612,150.8179,t004,AHC
2527452382,591838,3,tobillo,loading,0.6083,0.9778,-0.0343,-14.9536,-13.5498,123.5351,t004,AHC
2527452382,591854,3,tobillo,loading,0.6802,0.9623,0.0115,-16.6016,2.3193,61.0352,t004,AHC
2527452383,591870,3,tobillo,loading,0.7136,0.9696,0.0106,-13.4277,32.7148,-6.0425,t004,AHC
2527452426,591885,3,tobillo,loading,0.7506,1.0470,0.0543,-11.8408,42.6636,-42.7856,t004,AHC
2527452435,591901,3,tobillo,loading,0.8409,1.0750,0.1609,-4.6387,65.0635,-113.0371,t004,AHC
2527452435,591917,3,tobillo,loading,-0.6895,1.3024,-0.0100,-2.1973,73.1812,-139.7095,t004,AHC
2527452482,591933,3,tobillo,midstance,-1.3932,1.4143,-0.0239,-3.6621,50.9033,-118.1641,t004,AHC
2527452483,591950,3,tobillo,midstance,0.5021,1.4818,0.0123,-8.5449,20.6299,-106.2012,t004,AHC
2527452483,591965,3,tobillo,midstance,-0.1952,1.5653,-0.2349,-23.6206,-62.8662,-131.5918,t004,AHC
2527452531,591982,3,tobillo,midstance,-0.5121,1.2620,-0.2917,-16.9678,-26.4282,-124.3286,t004,AHC
2527452532,591998,3,tobillo,midstance,0.0884,0.8944,-0.4059,-20.3857,11.6577,-120.5444,t004,AHC
2527452532,592014,3,tobillo,midstance,0.2778,1.0378,-0.3690,-27.2827,29.9072,-115.7226,t004,AHC
2527452579,592030,3,tobillo,midstance,0.1798,1.0441,-0.2635,-22.9492,22.5220,-107.6660,t004,AHC
2527452579,592046,3,tobillo,midstance,0.3403,1.0435,-0.1760,-12.8784,-2.1362,-80.8105,t004,AHC
2527452579,592062,3,tobillo,midstance,0.2283,1.0858,-0.1636,-7.2632,-36.3770,-56.6406,t004,AHC
2527452628,592078,3,tobillo,midstance,-0.1437,0.9590,-0.1705,-6.0425,-38.4521,-47.1802,t004,AHC
2527452630,592094,3,tobillo,midstance,-0.2031,0.9198,-0.1788,-11.9629,-12.1460,-43.7012,t004,AHC
2527452630,592110,3,tobillo,midstance,-0.1927,0.9781,-0.2340,-14.9536,1.3428,-45.0439,t004,AHC
2527452678,592126,3,tobillo,midstance,-0.0461,0.9764,-0.3022,-13.6108,9.2163,-41.9922,t004,AHC
2527452678,592143,3,tobillo,midstance,0.0023,0.9640,-0.3124,-6.8359,-6.9580,-35.2783,t004,AHC
2527452679,592159,3,tobillo,midstance,-0.0270,0.9554,-0.2910,-3.6011,-16.9067,-32.9590,t004,AHC
2527452723,592175,3,tobillo,midstance,-0.0636,0.9501,-0.2627,0.3662,-26.0620,-30.6396,t004,AHC
2527452725,592191,3,tobillo,terminal,-0.1201,0.9663,-0.2202,0.6714,-25.7568,-31.0669,t004,AHC
2527452726,592207,3,tobillo,terminal,-0.1113,0.9766,-0.2144,-0.6714,-19.7754,-34.3628,t004,AHC
2527452774,592223,3,tobillo,terminal,-0.0710,0.9592,-0.2286,-0.5493,-14.4653,-37.0483,t004,AHC
2527452774,592239,3,tobillo,terminal,-0.0057,0.9406,-0.2545,0.3052,-15.3198,-37.5366,t004,AHC
2527452775,592255,3,tobillo,terminal,0.0098,0.9434,-0.2539,2.5635,-20.9351,-36.3159,t004,AHC
2527452821,592271,3,tobillo,terminal,-0.0177,0.9415,-0.2400,3.6011,-22.6440,-35.4614,t004,AHC
2527452821,592287,3,tobillo,terminal,-0.0138,0.9386,-0.2324,4.6387,-18.4326,-35.1563,t004,AHC
2527452821,592303,3,tobillo,terminal,-0.0092,0.9506,-0.2321,3.7842,-11.2305,-35.8276,t004,AHC
2527452868,592319,3,tobillo,terminal,0.0276,0.9720,-0.2281,3.2349,-9.5215,-35.5225,t004,AHC
2527452869,592335,3,tobillo,terminal,0.0389,0.9747,-0.2247,2.5024,-10.8643,-34.1187,t004,AHC
2527452869,592351,3,tobillo,terminal,0.0366,0.9767,-0.2213,2.1362,-12.3291,-33.6304,t004,AHC
2527452913,592367,3,tobillo,terminal,0.0311,0.9763,-0.2294,1.2817,-13.7329,-33.8135,t004,AHC
2527452915,592383,3,tobillo,terminal,0.0289,0.9725,-0.2334,1.3428,-13.7939,-35.8276,t004,AHC
2527452915,592399,3,tobillo,terminal,0.0176,0.9647,-0.2430,1.7090,-13.3667,-37.6587,t004,AHC
2527452963,592415,3,tobillo,terminal,0.0146,0.9636,-0.2544,2.6855,-10.9253,-42.9687,t004,AHC
2527452964,592431,3,tobillo,terminal,0.0371,0.9768,-0.2628,2.9907,-9.7656,-45.7153,t004,AHC
2527452964,592446,3,tobillo,terminal,0.0818,0.9819,-0.2441,4.0283,-10.0708,-50.3540,t004,AHC
2527453008,592462,3,tobillo,swing,0.0896,0.9723,-0.2421,4.8218,-12.5122,-53.2837,t004,AHC
2527453008,592478,3,tobillo,swing,0.1013,0.9565,-0.2411,5.0659,-13.4277,-54.9316,t004,AHC
2527453009,592494,3,tobillo,swing,0.1019,0.9569,-0.2472,5.0049,-14.0381,-59.2041,t004,AHC
2527453060,592510,3,tobillo,swing,0.1199,0.9885,-0.2502,4.9438,-14.2212,-61.6455,t004,AHC
2527453060,592526,3,tobillo,swing,0.1307,1.0074,-0.2521,5.2490,-15.1978,-65.3076,t004,AHC
2527453061,592542,3,tobillo,swing,0.1930,1.0353,-0.2246,5.6152,-16.4185,-66.4063,t004,AHC
2527453105,592558,3,tobillo,swing,0.2172,1.0138,-0.1747,7.5073,-20.2026,-68.6646,t004,AHC
2527453106,592574,3,tobillo,swing,0.2102,1.0229,-0.1686,10.1929,-22.8271,-70.1904,t004,AHC
2527453108,592590,3,tobillo,swing,0.2162,1.0309,-0.1794,11.1694,-23.8647,-71.1670,t004,AHC
2527453155,592605,3,tobillo,swing,0.2196,1.0419,-0.1863,12.0850,-25.0244,-76.2329,t004,AHC
2527453155,592621,3,tobillo,swing,0.2126,1.0596,-0.1958,12.6343,-26.1841,-79.4067,t004,AHC
2527453156,592637,3,tobillo,swing,0.2097,1.1021,-0.1974,14.1602,-28.5645,-86.9751,t004,AHC
2527453200,592653,3,tobillo,swing,0.2008,1.1188,-0.2078,16.4185,-30.5176,-97.1069,t004,AHC
2527453201,592669,3,tobillo,swing,0.1726,1.1907,-0.2531,17.3950,-29.8462,-103.2715,t004,AHC
2527453202,592685,3,tobillo,swing,0.1400,1.2498,-0.3029,19.7754,-27.4048,-116.6992,t004,AHC
2527453249,592701,3,tobillo,swing,0.0775,1.3088,-0.3414,19.1650,-27.6489,-122.6196,t004,AHC
2527453250,592717,3,tobillo,swing,0.0631,1.3599,-0.3027,12.6953,-33.6304,-136.8408,t004,AHC
2527453250,592733,3,tobillo,swing,0.0061,1.5812,-0.2499,8.4229,-40.8936,-144.1650,t004,AHC
2527453293,592749,3,tobillo,swing,-0.0803,1.6489,-0.1851,1.8311,-65.9180,-152.4658,t004,AHC
2527453295,592765,3,tobillo,swing,-0.0852,1.5881,-0.1494,-2.8076,-100.2197,-158.8745,t004,AHC
2527453296,592781,3,tobillo,swing,0.0673,1.4922,-0.1035,-5.5542,-115.9668,-164.8559,t004,AHC
2527453343,592797,3,tobillo,swing,0.1312,1.5165,-0.1061,-4.2725,-109.9243,-168.7012,t004,AHC
2527453343,592813,3,tobillo,swing,0.1112,1.3914,-0.1039,8.7280,-82.7026,-161.7431,t004,AHC
2527453344,592829,3,tobillo,swing,0.6423,0.9286,-0.4492,34.7290,-22.1558,-132.9346,t004,AHC
2527453389,592845,3,tobillo,swing,0.8768,0.8311,-0.5332,22.2168,-21.0571,-103.0884,t004,AHC
2527453389,592861,3,tobillo,swing,0.2281,0.4518,-0.3672,14.9536,-32.4707,-88.3789,t004,AHC
2527453390,592877,3,tobillo,swing,-0.5476,0.5925,-0.2999,-0.7935,2.3193,-29.3579,t004,AHC
2527453438,592893,3,tobillo,swing,-0.6310,0.4232,-0.1594,7.3242,32.8979,4.8828,t004,AHC
2527453438,592909,3,tobillo,swing,0.0684,0.1560,-0.0400,20.5078,43.7622,35.9497,t004,AHC
2527453439,592925,3,tobillo,swing,0.2018,0.2180,-0.1064,8.6670,28.5645,67.3828,t004,AHC
2527453485,592941,3,tobillo,swing,0.1758,0.2810,-0.2557,3.9062,28.5645,91.0034,t004,AHC
2527453486,592956,3,tobillo,swing,0.1785,0.3193,-0.2571,1.1597,31.0669,136.1084,t004,AHC
2527453486,592972,3,tobillo,swing,0.1774,0.4340,-0.2123,3.0518,23.3765,154.9683,t004,AHC
2527453534,592988,3,tobillo,swing,0.1722,0.4855,-0.2216,4.4556,2.2583,183.3496,t004,AHC
2527453535,593004,3,tobillo,swing,0.2515,0.5828,-0.2815,2.5024,-2.6245,193.4204,t004,AHC
2527453535,593020,3,tobillo,swing,0.3289,0.7540,-0.3252,-6.6528,1.4648,208.5571,t004,AHC
2527453581,593035,3,tobillo,swing,0.3451,0.8578,-0.3276,-17.7002,19.3481,219.7876,t004,AHC
2527453581,593051,3,tobillo,swing,0.4078,1.0370,-0.2844,-20.5688,31.1279,222.5342,t004,AHC
2527453581,593067,3,tobillo,swing,0.4268,1.0890,-0.2820,-23.5596,52.0630,219.2993,t004,AHC
2527453628,593083,3,tobillo,swing,0.3842,1.1079,-0.3389,-25.1465,60.8520,214.4165,t004,AHC
2527453629,593099,3,tobillo,swing,0.3650,1.0844,-0.3647,-30.2124,81.9702,205.6274,t004,AHC
2527453629,593114,3,tobillo,swing,0.3386,1.0410,-0.3772,-34.4238,93.2007,203.6133,t004,AHC
2527453671,593131,3,tobillo,swing,0.3004,1.0928,-0.3871,-45.0439,108.9477,203.9795,t004,AHC
2527453675,593146,3,tobillo,swing,0.2821,1.1501,-0.3903,-51.0864,111.5723,206.3598,t004,AHC
2527453675,593162,3,tobillo,swing,0.3110,1.2690,-0.3328,-50.4150,108.8867,207.2754,t004,AHC
2527453723,593178,3,tobillo,swing,0.3544,1.3124,-0.2909,-41.9922,91.1255,209.1675,t004,AHC
2527453724,593194,3,tobillo,swing,0.3926,1.3480,-0.2714,-36.1328,75.0122,209.2895,t004,AHC
2527453724,593210,3,tobillo,swing,0.3809,1.3356,-0.2852,-25.2686,37.1704,207.0312,t004,AHC
2527453767,593225,3,tobillo,loading,0.3152,1.2782,-0.2913,-22.0337,20.4468,204.1015,t004,AHC
2527453768,593241,3,tobillo,loading,0.3193,1.2229,-0.2399,-21.6064,-2.0142,195.7397,t004,AHC
2527453771,593257,3,tobillo,loading,0.3214,1.1865,-0.2029,-26.0620,-16.6016,185.4858,t004,AHC
2527453820,593273,3,tobillo,loading,0.3051,1.1257,-0.1172,-28.0762,-21.5454,178.0395,t004,AHC
2527453820,593289,3,tobillo,loading,0.3068,1.0992,-0.0845,-27.4048,-24.9634,154.7852,t004,AHC
2527453821,593305,3,tobillo,loading,0.2900,1.0305,-0.0731,-26.3062,-21.3013,138.4888,t004,AHC
2527453865,593321,3,tobillo,loading,0.3192,1.0157,-0.0256,-25.2075,-0.0610,98.8159,t004,AHC
2527453868,593337,3,tobillo,loading,0.3607,1.0044,0.0033,-23.0713,24.8413,53.2837,t004,AHC
2527453868,593353,3,tobillo,loading,0.4214,0.9719,0.0258,-21.8506,35.0952,29.4800,t004,AHC
2527453916,593369,3,tobillo,loading,0.4375,0.9525,0.0189,-18.9209,51.2085,-17.3340,t004,AHC
2527453916,593384,3,tobillo,loading,0.4417,0.9211,-0.0251,-17.5781,57.6172,-38.9404,t004,AHC
2527453917,593400,3,tobillo,loading,0.4454,0.9299,-0.0439,-15.4419,67.3218,-76.5991,t004,AHC
2527453960,593416,3,tobillo,midstance,0.3512,1.0782,-0.0925,-14.5874,68.2373,-95.7642,t004,AHC
2527453961,593432,3,tobillo,midstance,-1.0739,1.3018,0.3158,-0.2441,51.4526,-116.8823,t004,AHC
2527453961,593448,3,tobillo,midstance,-1.5851,1.3611,0.3101,15.7471,21.3623,-72.1436,t004,AHC
2527454013,593464,3,tobillo,midstance,0.4858,1.4067,-0.1840,-0.5493,5.3711,-62.4390,t004,AHC
2527454013,593480,3,tobillo,midstance,0.5928,1.6428,-0.1917,-19.5923,-55.5420,-99.8535,t004,AHC
2527454014,593496,3,tobillo,midstance,-0.6976,1.2764,-0.3533,-16.9067,-40.1611,-103.4546,t004,AHC
2527454058,593512,3,tobillo,midstance,0.2070,1.0424,-0.3485,-18.1885,37.5366,-96.2524,t004,AHC
2527454060,593528,3,tobillo,midstance,0.2823,1.1156,-0.4364,-17.6392,16.5405,-101.1352,t004,AHC
2527454061,593544,3,tobillo,midstance,-0.0592,0.9352,-0.3954,-11.1084,1.7090,-98.4497,t004,AHC
2527454108,593560,3,tobillo,midstance,0.0936,0.8674,-0.3324,-1.1597,-20.9351,-79.7729,t004,AHC
2527454108,593576,3,tobillo,midstance,0.1527,0.9340,-0.3094,-1.1597,-34.0576,-70.2515,t004,AHC
2527454109,593592,3,tobillo,midstance,-0.0752,0.9620,-0.1783,-1.9531,-34.6069,-51.1475,t004,AHC
2527454151,593609,3,tobillo,midstance,-0.1410,0.9724,-0.1650,-7.3853,-16.2354,-44.5557,t004,AHC
2527454152,593625,3,tobillo,terminal,-0.1798,0.9845,-0.2690,-8.9722,-8.0566,-44.2505,t004,AHC
2527454155,593641,3,tobillo,terminal,-0.1384,0.9598,-0.3300,-6.4087,-1.2207,-43.2129,t004,AHC
2527454205,593657,3,tobillo,terminal,-0.0391,0.9393,-0.3467,-3.6011,-5.0659,-41.6870,t004,AHC
2527454206,593673,3,tobillo,terminal,-0.0652,0.9644,-0.2976,1.4648,-16.7236,-37.9028,t004,AHC
2527454206,593689,3,tobillo,terminal,-0.1067,0.9706,-0.2809,4.5166,-22.5830,-36.9263,t004,AHC
2527454251,593705,3,tobillo,terminal,-0.1761,0.9712,-0.2621,5.1880,-23.1934,-38.5132,t004,AHC
2527454251,593721,3,tobillo,terminal,-0.1796,0.9559,-0.2607,4.5166,-18.9209,-44.1894,t004,AHC
2527454253,593737,3,tobillo,terminal,-0.0992,0.9357,-0.2823,3.6621,-16.6626,-46.8140,t004,AHC
2527454301,593753,3,tobillo,terminal,0.0085,0.9296,-0.2920,3.0518,-18.0664,-48.4009,t004,AHC
2527454302,593769,3,tobillo,terminal,0.0403,0.9214,-0.2831,3.6011,-21.4844,-45.5322,t004,AHC
2527454303,593785,3,tobillo,terminal,0.0546,0.9247,-0.2635,3.9062,-22.2778,-43.2739,t004,AHC
2527454346,593801,3,tobillo,terminal,0.0479,0.9331,-0.2469,3.6621,-23.2544,-39.0625,t004,AHC
2527454348,593817,3,tobillo,terminal,0.0234,0.9618,-0.2429,3.3569,-22.4609,-37.9639,t004,AHC
2527454349,593834,3,tobillo,terminal,0.0233,0.9662,-0.2451,3.4180,-21.1792,-36.5601,t004,AHC
2527454395,593850,3,tobillo,terminal,0.0350,0.9581,-0.2462,3.3569,-21.3013,-35.7666,t004,AHC
2527454395,593865,3,tobillo,terminal,0.0449,0.9594,-0.2637,3.4790,-21.6064,-35.8276,t004,AHC
2527454396,593881,3,tobillo,terminal,0.0377,0.9631,-0.2672,4.0894,-22.7661,-37.4146,t004,AHC
2527454439,593897,3,tobillo,terminal,0.0133,0.9570,-0.2610,4.3335,-22.2778,-39.3677,t004,AHC
2527454442,593913,3,tobillo,terminal,0.0106,0.9586,-0.2631,4.3945,-18.4937,-45.4712,t004,AHC
2527454442,593929,3,tobillo,terminal,0.0333,0.9758,-0.2755,4.0283,-15.4419,-51.0864,t004,AHC
2527454490,593945,3,tobillo,terminal,0.0723,0.9827,-0.2637,3.6011,-14.8315,-52.9785,t004,AHC
2527454490,593961,3,tobillo,terminal,0.0969,0.9796,-0.2670,2.6245,-15.5640,-55.9692,t004,AHC
2527454490,593977,3,tobillo,terminal,0.1274,0.9663,-0.2563,2.5635,-17.2119,-57.7393,t004,AHC
2527454533,593993,3,tobillo,terminal,0.1121,0.9491,-0.2489,2.9907,-20.2026,-63.8428,t004,AHC
2527454534,594009,3,tobillo,swing,0.0350,0.9384,-0.2635,2.4414,-18.7988,-69.1528,t004,AHC
2527454538,594025,3,tobillo,swing,0.0691,0.9950,-0.2942,-0.3662,-9.3994,-81.6650,t004,AHC
2527454587,594041,3,tobillo,swing,0.1411,1.0322,-0.2853,-2.6855,-4.6997,-90.5151,t004,AHC
2527454587,594058,3,tobillo,swing,0.2405,1.0939,-0.1829,-2.0142,-7.8125,-92.7734,t004,AHC
2527454587,594074,3,tobillo,swing,0.2332,1.0940,-0.1479,2.4414,-15.5029,-93.1396,t004,AHC
2527454633,594090,3,tobillo,swing,0.2767,1.0511,-0.1516,2.9297,-17.7002,-95.0317,t004,AHC
2527454635,594106,3,tobillo,swing,0.2542,1.0457,-0.2213,3.4790,-17.6392,-95.3979,t004,AHC
2527454636,594122,3,tobillo,swing,0.2603,1.0409,-0.2572,4.8828,-14.4043,-96.3135,t004,AHC
2527454684,594138,3,tobillo,swing,0.3015,1.0242,-0.2906,5.2490,-13.8550,-97.2900,t004,AHC
2527454684,594154,3,tobillo,swing,0.3003,1.0337,-0.2943,4.6997,-17.8833,-100.7690,t004,AHC
2527454684,594170,3,tobillo,swing,0.1870,1.1184,-0.2899,4.5776,-20.3857,-103.6377,t004,AHC
2527454730,594186,3,tobillo,swing,0.0785,1.2477,-0.3475,5.4321,-20.3857,-113.8306,t004,AHC
2527454731,594202,3,tobillo,swing,0.0693,1.2983,-0.3684,3.2349,-21.0571,-127.7466,t004,AHC
2527454731,594217,3,tobillo,swing,0.0205,1.4249,-0.3060,0.2441,-27.0386,-134.7656,t004,AHC
2527454779,594233,3,tobillo,swing,-0.0359,1.5280,-0.2455,-7.1411,-50.6592,-148.8647,t004,AHC
2527454779,594249,3,tobillo,swing,-0.0621,1.7473,-0.1725,-10.1318,-67.8711,-152.5269,t004,AHC
2527454779,594266,3,tobillo,swing,-0.1826,1.7596,-0.1351,-10.1929,-113.6475,-156.9214,t004,AHC
2527454824,594282,3,tobillo,swing,-0.1616,1.6317,-0.1570,-2.5024,-110.7178,-176.3306,t004,AHC
2527454825,594298,3,tobillo,swing,0.1644,1.4989,-0.2174,1.6479,-62.8052,-181.6406,t004,AHC
2527454826,594314,3,tobillo,swing,0.3423,1.3840,-0.2330,31.9824,22.7661,-154.9072,t004,AHC
2527454873,594329,3,tobillo,swing,0.7068,1.0167,-0.4500,41.8091,27.8320,-129.1504,t004,AHC
2527454873,594345,3,tobillo,swing,0.6093,0.5154,-0.4755,38.6963,-16.7236,-94.3603,t004,AHC
2527454895,594362,3,tobillo,swing,0.4824,0.1920,-0.5127,8.6670,-15.0757,-51.7578,t004,AHC
2527454916,594378,3,tobillo,swing,-0.4832,0.6062,-0.5352,-14.2822,6.5918,-27.5269,t004,AHC
2527454919,594394,3,tobillo,swing,-0.7651,0.6017,-0.3693,13.6108,25.0244,51.3916,t004,AHC
2527454967,594409,3,tobillo,swing,-0.1500,0.1167,-0.0074,31.7383,25.2686,69.6411,t004,AHC
2527454968,594425,3,tobillo,swing,0.1448,0.1235,0.0007,21.9116,24.9023,87.8906,t004,AHC
2527454968,594441,3,tobillo,swing,0.0922,0.3060,-0.1683,15.3198,24.2310,110.2295,t004,AHC
2527455012,594457,3,tobillo,swing,0.0088,0.3669,-0.2366,15.6860,27.7710,160.7666,t004,AHC
2527455012,594473,3,tobillo,swing,0.0623,0.4222,-0.2223,18.0054,20.4468,195.8618,t004,AHC
2527455014,594489,3,tobillo,swing,0.2164,0.5712,-0.1724,17.8833,8.1787,209.6557,t004,AHC
2527455062,594505,3,tobillo,swing,0.2633,0.6453,-0.1602,15.5029,-18.0664,234.0698,t004,AHC
2527455062,594521,3,tobillo,swing,0.2356,0.8171,-0.1879,11.9629,-21.5454,243.2251,t004,AHC
2527455062,594537,3,tobillo,swing,0.1953,1.0437,-0.1976,4.5166,-3.1738,256.4087,t004,AHC
2527455107,594553,3,tobillo,swing,0.2130,1.1246,-0.1844,3.6621,30.8228,260.6812,t004,AHC
2527455109,594569,3,tobillo,swing,0.2834,1.1832,-0.2284,3.9062,47.0581,259.2163,t004,AHC
2527455110,594584,3,tobillo,swing,0.2996,1.1801,-0.2927,1.7700,77.6367,254.2724,t004,AHC
2527455157,594600,3,tobillo,swing,0.2893,1.1915,-0.4048,-1.0376,92.8955,253.1128,t004,AHC
2527455158,594616,3,tobillo,swing,0.2986,1.2145,-0.4275,-8.2397,113.9526,252.9907,t004,AHC
2527455158,594632,3,tobillo,swing,0.4169,1.3082,-0.3944,-11.1084,114.6240,253.0517,t004,AHC
2527455202,594648,3,tobillo,swing,0.5162,1.4277,-0.2968,-10.1929,92.3462,253.7231,t004,AHC
2527455205,594664,3,tobillo,swing,0.5146,1.4552,-0.2751,-1.2817,51.3916,252.9907,t004,AHC
2527455205,594680,3,tobillo,swing,0.4313,1.4102,-0.3127,2.4414,31.0059,249.8169,t004,AHC
2527455253,594696,3,tobillo,swing,0.4126,1.3800,-0.3214,1.2817,-0.0610,238.1592,t004,AHC
2527455254,594711,3,tobillo,swing,0.4856,1.3502,-0.2671,-3.2349,-12.9395,233.1543,t004,AHC
2527455254,594727,3,tobillo,swing,0.4490,1.2550,-0.2195,-11.5356,-39.1846,218.9941,t004,AHC
2527455298,594743,3,tobillo,swing,0.4567,1.1952,-0.1996,-15.5640,-49.1943,182.6782,t004,AHC
2527455298,594760,3,tobillo,loading,0.6021,1.0659,-0.1345,-16.7236,-45.4102,158.3252,t004,AHC
2527455298,594775,3,tobillo,loading,0.6754,1.0015,-0.0946,-19.3481,-29.3579,99.9145,t004,AHC
2527455330,594791,3,tobillo,loading,0.7781,0.9440,-0.0197,-20.0195,-18.9819,65.8569,t004,AHC
2527455352,594807,3,tobillo,loading,0.7966,0.9225,-0.0059,-18.8599,6.8970,-7.6904,t004,AHC
2527455352,594823,3,tobillo,loading,0.7462,1.0164,0.1123,-18.1274,22.6440,-48.0347,t004,AHC
2527455352,594839,3,tobillo,loading,-0.0493,1.3151,0.4423,-1.9531,66.4063,-126.2207,t004,AHC
2527455398,594855,3,tobillo,loading,-1.2252,1.3479,0.1498,-0.2441,62.0117,-126.9531,t004,AHC
2527455398,594871,3,tobillo,loading,-0.0305,1.3743,0.0593,-9.5215,37.3535,-104.4311,t004,AHC
2527455401,594887,3,tobillo,loading,0.7162,1.4481,-0.0240,-24.6582,-46.2036,-122.0093,t004,AHC
2527455449,594903,3,tobillo,loading,-0.4598,1.3423,-0.3629,-25.3296,-68.2983,-127.6855,t004,AHC
2527455449,594919,3,tobillo,loading,-0.1847,0.8905,-0.4462,-18.6768,-9.2163,-120.0561,t004,AHC
2527455449,594936,3,tobillo,loading,0.2228,0.9124,-0.5607,-27.8931,20.5688,-116.1499,t004,AHC
2527455494,594952,3,tobillo,midstance,0.2769,1.2531,-0.4431,-29.2969,25.3906,-114.4409,t004,AHC
2527455494,594968,3,tobillo,midstance,0.2632,1.1866,-0.2563,-6.1646,13.4888,-90.4541,t004,AHC
2527455497,594984,3,tobillo,midstance,0.2981,0.9919,-0.1531,0.2441,-5.9204,-75.8057,t004,AHC
2527455547,595000,3,tobillo,midstance,-0.0121,0.9817,-0.1654,-0.3052,-36.2549,-56.0303,t004,AHC
2527455547,595016,3,tobillo,midstance,-0.1274,0.9573,-0.1776,-7.2632,-21.9116,-44.4336,t004,AHC
2527455548,595032,3,tobillo,midstance,-0.1650,1.0061,-0.2007,-11.5356,-8.6060,-43.9453,t004,AHC
2527455595,595048,3,tobillo,midstance,-0.1619,1.0122,-0.2495,-14.6484,8.3618,-44.4946,t004,AHC
2527455596,595064,3,tobillo,midstance,0.0006,0.9462,-0.3270,-11.2915,8.4839,-40.5884,t004,AHC
2527455596,595080,3,tobillo,midstance,0.0214,0.9292,-0.3218,-2.3804,-7.8735,-29.6631,t004,AHC
2527455644,595097,3,tobillo,midstance,-0.0188,0.9292,-0.2866,1.8921,-23.8037,-22.4609,t004,AHC
2527455645,595113,3,tobillo,midstance,-0.0623,0.9432,-0.2029,1.4038,-24.7192,-20.3247,t004,AHC
2527455645,595129,3,tobillo,midstance,-0.0609,0.9535,-0.1947,-1.4038,-19.2871,-18.0054,t004,AHC
2527455690,595145,3,tobillo,midstance,-0.0703,0.9462,-0.2325,-2.7466,-16.4185,-17.3950,t004,AHC
2527455691,595161,3,tobillo,midstance,-0.0575,0.9408,-0.2783,-2.5635,-16.3574,-17.7612,t004,AHC
2527455691,595177,3,tobillo,terminal,-0.0514,0.9410,-0.2854,-0.7324,-20.0195,-19.2261,t004,AHC
2527455744,595193,3,tobillo,terminal,-0.0581,0.9459,-0.2540,0.1831,-22.2778,-20.5688,t004,AHC
2527455745,595209,3,tobillo,terminal,-0.0686,0.9492,-0.2347,0.7324,-21.7895,-23.9868,t004,AHC
2527455745,595225,3,tobillo,terminal,-0.0815,0.9507,-0.2285,0.1221,-19.1650,-26.3062,t004,AHC
2527455791,595241,3,tobillo,terminal,-0.1062,0.9575,-0.2661,-1.4648,-14.0991,-31.6162,t004,AHC
2527455792,595258,3,tobillo,terminal,-0.0798,0.9647,-0.2715,-1.7700,-10.5591,-35.5835,t004,AHC
2527455793,595274,3,tobillo,terminal,0.0297,0.9741,-0.2445,-1.4038,-10.5591,-35.9497,t004,AHC
2527455844,595290,3,tobillo,terminal,0.0516,0.9668,-0.2390,-0.3662,-14.3433,-34.0576,t004,AHC
2527455845,595306,3,tobillo,terminal,0.0443,0.9613,-0.2432,0.3662,-16.4185,-31.3721,t004,AHC
2527455845,595322,3,tobillo,terminal,0.0310,0.9596,-0.2626,0.7935,-15.9302,-30.7617,t004,AHC
2527455891,595338,3,tobillo,terminal,0.0223,0.9596,-0.2727,2.0752,-16.2964,-31.3721,t004,AHC
2527455891,595354,3,tobillo,swing,0.0179,0.9674,-0.2620,2.8687,-16.9678,-32.7148,t004,AHC
2527455891,595370,3,tobillo,swing,0.0211,0.9642,-0.2524,4.5166,-16.9067,-37.4146,t004,AHC
2527455941,595385,3,tobillo,swing,0.0238,0.9569,-0.2495,5.2490,-16.2354,-39.6729,t004,AHC
2527455947,595402,3,tobillo,swing,0.0149,0.9475,-0.2632,6.8359,-12.8174,-44.6167,t004,AHC
2527455947,595417,3,tobillo,swing,0.0287,0.9563,-0.2686,7.7515,-9.2773,-50.9644,t004,AHC
2527455947,595433,3,tobillo,swing,0.0776,0.9701,-0.2606,8.2397,-8.4229,-53.5889,t004,AHC
2527455994,595449,3,tobillo,swing,0.1047,0.9719,-0.2527,8.6060,-8.9111,-56.8237,t004,AHC
2527455994,595465,3,tobillo,swing,0.1257,0.9750,-0.2518,8.9722,-10.2539,-57.8003,t004,AHC
2527455996,595481,3,tobillo,swing,0.0886,0.9562,-0.2623,9.7046,-11.6577,-61.0352,t004,AHC
2527456046,595497,3,tobillo,swing,0.0950,0.9581,-0.2637,8.8501,-7.9346,-66.2231,t004,AHC
2527456046,595513,3,tobillo,swing,0.1913,0.9926,-0.2606,7.9346,-7.3853,-68.0542,t004,AHC
2527456047,595529,3,tobillo,swing,0.2195,1.0035,-0.2664,6.8970,-13.1836,-69.4580,t004,AHC
2527456092,595545,3,tobillo,swing,0.1925,1.0223,-0.2670,6.8970,-16.6016,-70.0684,t004,AHC
2527456094,595561,3,tobillo,swing,0.1934,1.0311,-0.2429,7.4463,-19.8975,-73.4863,t004,AHC
2527456095,595577,3,tobillo,swing,0.2206,1.0699,-0.1941,8.3008,-20.3857,-76.9653,t004,AHC
2527456143,595593,3,tobillo,swing,0.1967,1.1243,-0.1655,12.9395,-23.9258,-82.5806,t004,AHC
2527456143,595609,3,tobillo,swing,0.1858,1.1373,-0.1797,16.1743,-23.6816,-91.7358,t004,AHC
2527456144,595625,3,tobillo,swing,0.1416,1.2252,-0.2971,17.3950,-22.1558,-98.2056,t004,AHC
2527456190,595641,3,tobillo,swing,0.1287,1.2495,-0.3549,17.7002,-22.8882,-112.8540,t004,AHC
2527456191,595657,3,tobillo,swing,0.0614,1.3231,-0.3113,15.7471,-26.0620,-121.5820,t004,AHC
2527456191,595673,3,tobillo,swing,-0.0228,1.5022,-0.2476,8.7891,-31.9824,-140.7471,t004,AHC
2527456223,595689,3,tobillo,swing,-0.0383,1.5901,-0.2236,-0.3052,-40.5884,-157.3486,t004,AHC
2527456239,595705,3,tobillo,swing,-0.0109,1.6785,-0.2791,-5.0049,-48.5229,-162.1094,t004,AHC
2527456240,595721,3,tobillo,swing,-0.0851,1.6512,-0.3640,-16.9678,-71.1060,-157.4707,t004,AHC
2527456287,595738,3,tobillo,swing,-0.0159,1.4457,-0.2729,-17.7612,-88.6230,-161.0718,t004,AHC
2527456287,595754,3,tobillo,swing,0.4355,1.5066,-0.1130,-12.1460,-92.7124,-173.4009,t004,AHC
2527456287,595770,3,tobillo,swing,0.4357,1.4749,-0.1847,8.7891,-82.8247,-172.7905,t004,AHC
2527456335,595786,3,tobillo,swing,0.6398,1.0966,-0.3375,16.8457,-78.0029,-149.3530,t004,AHC
2527456335,595802,3,tobillo,swing,0.8022,0.9449,-0.3655,17.3340,-104.5532,-116.8213,t004,AHC
2527456336,595818,3,tobillo,swing,-0.1068,0.5361,-0.3674,13.2446,-115.4785,-104.3701,t004,AHC
2527456380,595834,3,tobillo,swing,-0.8287,0.5497,-0.3505,1.0986,-57.9834,-43.7622,t004,AHC
2527456382,595850,3,tobillo,swing,-0.6376,0.3792,-0.1520,7.5684,22.1558,-7.5684,t004,AHC
2527456382,595866,3,tobillo,swing,-0.1047,0.1935,0.0189,7.6294,39.8560,1.6479,t004,AHC
2527456431,595882,3,tobillo,swing,-0.0190,0.2147,-0.0928,-2.6855,56.1523,37.1704,t004,AHC
2527456432,595898,3,tobillo,swing,-0.1310,0.2440,-0.2664,-7.4463,63.7207,60.8520,t004,AHC
2527456432,595914,3,tobillo,swing,-0.0735,0.3964,-0.1162,-12.7563,90.3931,98.3276,t004,AHC
2527456476,595930,3,tobillo,swing,0.0486,0.4854,-0.0400,-5.1270,98.4497,134.2773,t004,AHC
2527456478,595946,3,tobillo,swing,0.1930,0.6143,-0.0970,0.1221,89.5386,154.1138,t004,AHC
2527456479,595961,3,tobillo,swing,0.2053,0.6755,-0.1692,5.9204,66.5283,188.9038,t004,AHC
2527456527,595977,3,tobillo,swing,0.2413,0.8239,-0.2162,7.6294,57.4341,203.3691,t004,AHC
2527456527,595993,3,tobillo,swing,0.2712,0.9249,-0.2356,11.4746,43.7012,227.9663,t004,AHC
2527456528,596009,3,tobillo,swing,0.2378,0.9680,-0.2626,10.6201,41.1987,244.8120,t004,AHC
2527456573,596025,3,tobillo,swing,0.1576,1.0813,-0.2557,9.0942,46.9971,249.6948,t004,AHC
2527456575,596041,3,tobillo,swing,0.1470,1.1367,-0.2430,6.8970,71.1060,256.7139,t004,AHC
2527456575,596057,3,tobillo,swing,0.1582,1.2292,-0.2660,6.1035,85.4492,260.0098,t004,AHC
2527456624,596073,3,tobillo,swing,0.1696,1.2780,-0.2928,4.5166,110.3516,264.7705,t004,AHC
2527456624,596089,3,tobillo,swing,0.2629,1.3961,-0.3424,4.6387,117.7978,266.4185,t004,AHC
2527456624,596105,3,tobillo,swing,0.4377,1.5105,-0.3473,8.1177,112.1826,269.4092,t004,AHC
2527456670,596120,3,tobillo,swing,0.4912,1.5472,-0.3414,15.8081,70.4956,270.9961,t004,AHC
2527456671,596136,3,tobillo,swing,0.5078,1.5011,-0.3566,18.9819,42.2363,270.0806,t004,AHC
2527456671,596152,3,tobillo,swing,0.4725,1.4376,-0.3706,16.5405,-9.8877,263.4888,t004,AHC
2527456719,596168,3,tobillo,swing,0.4271,1.3409,-0.3230,9.7046,-29.6631,258.5449,t004,AHC
2527456720,596184,3,tobillo,swing,0.4402,1.3214,-0.2495,-6.4087,-58.7769,246.5820,t004,AHC
2527456720,596200,3,tobillo,swing,0.4299,1.2788,-0.1038,-11.3525,-72.6929,220.8252,t004,AHC
2527456765,596216,3,tobillo,swing,0.4248,1.2014,-0.0488,-10.3149,-67.6270,199.5239,t004,AHC
2527456767,596232,3,tobillo,swing,0.5076,1.1456,-0.0438,-7.3242,-37.4756,145.5688,t004,AHC
2527456768,596248,3,tobillo,swing,0.7676,0.9907,0.0110,-7.3242,-20.8740,114.2578,t004,AHC
2527456817,596263,3,tobillo,swing,0.8386,0.9365,0.0270,-9.7046,6.7139,42.0532,t004,AHC
2527456817,596279,3,tobillo,swing,0.8109,0.9171,-0.0269,-10.6201,19.9585,3.4180,t004,AHC
2527456817,596295,3,tobillo,swing,0.6923,0.9608,-0.1216,-11.5967,49.6826,-68.9697,t004,AHC
2527456862,596311,3,tobillo,swing,0.5742,1.0171,-0.1656,-13.1836,75.7446,-127.3804,t004,AHC
2527456862,596327,3,tobillo,loading,-0.8688,1.1714,-0.0743,-11.0474,76.1719,-145.6299,t004,AHC
2527456863,596343,3,tobillo,loading,-1.6171,1.1965,0.0796,2.1362,54.5654,-102.2949,t004,AHC
2527456916,596359,3,tobillo,loading,0.1908,1.1902,0.0634,2.9297,42.2974,-79.7729,t004,AHC
2527456916,596375,3,tobillo,loading,0.6954,1.3622,-0.1831,-19.0430,-30.3955,-106.9336,t004,AHC
2527456917,596391,3,tobillo,loading,-0.4478,1.5580,-0.2040,-21.1182,-48.0347,-114.0137,t004,AHC
2527456962,596407,3,tobillo,loading,-0.0870,1.0645,-0.4834,-21.3013,-8.7891,-112.4268,t004,AHC
2527456963,596423,3,tobillo,midstance,0.2415,1.0718,-0.5667,-31.6772,33.0200,-111.8774,t004,AHC
2527456963,596440,3,tobillo,midstance,0.1384,1.1476,-0.2178,-25.8179,28.1372,-109.1919,t004,AHC
2527456968,596456,3,tobillo,midstance,0.2795,0.9196,-0.2024,-10.0708,-0.0610,-84.8999,t004,AHC
2527457018,596472,3,tobillo,midstance,0.2821,0.9608,-0.2444,-11.9019,-30.2734,-63.2935,t004,AHC
2527457019,596488,3,tobillo,midstance,-0.0073,1.0037,-0.1641,-11.7798,-33.3862,-52.0019,t004,AHC
2527457019,596504,3,tobillo,midstance,-0.1138,0.9668,-0.1658,-14.6484,-16.8457,-36.9873,t004,AHC
2527457065,596520,3,tobillo,midstance,-0.1530,1.0093,-0.2041,-17.2119,-5.4932,-34.7900,t004,AHC
2527457068,596536,3,tobillo,midstance,-0.0924,0.9945,-0.2616,-16.4185,4.0283,-31.3110,t004,AHC
2527457068,596552,3,tobillo,midstance,-0.0594,0.9760,-0.2893,-10.4980,-7.2021,-28.7476,t004,AHC
2527457114,596568,3,tobillo,midstance,-0.0732,0.9607,-0.3088,-6.8970,-16.4795,-27.4658,t004,AHC
2527457115,596585,3,tobillo,midstance,-0.1102,0.9481,-0.2925,-1.4648,-26.8555,-25.6958,t004,AHC
2527457115,596601,3,tobillo,midstance,-0.1638,0.9246,-0.2581,-0.9766,-25.6958,-26.1230,t004,AHC
2527457159,596617,3,tobillo,terminal,-0.1368,0.9286,-0.2313,-3.2349,-17.0898,-27.5269,t004,AHC
2527457160,596633,3,tobillo,terminal,-0.0852,0.9370,-0.2399,-4.8218,-11.8408,-26.1230,t004,AHC
2527457163,596649,3,tobillo,terminal,0.0065,0.9413,-0.2695,-4.1504,-14.3433,-23.9868,t004,AHC
2527457212,596665,3,tobillo,terminal,-0.0104,0.9392,-0.2822,-1.3428,-25.2686,-19.2261,t004,AHC
2527457213,596682,3,tobillo,terminal,-0.0607,0.9412,-0.2604,-0.4272,-28.6255,-17.8833,t004,AHC
2527457213,596698,3,tobillo,terminal,-0.1036,0.9520,-0.2472,-0.8545,-27.3437,-18.6157,t004,AHC
2527457257,596714,3,tobillo,terminal,-0.1008,0.9561,-0.2533,-1.9531,-19.2871,-21.7895,t004,AHC
2527457258,596730,3,tobillo,terminal,-0.0677,0.9515,-0.2542,-1.8921,-16.7236,-23.1934,t004,AHC
2527457259,596746,3,tobillo,terminal,-0.0526,0.9493,-0.2496,-1.8921,-15.0757,-26.3062,t004,AHC
2527457306,596762,3,tobillo,terminal,-0.0522,0.9580,-0.2419,-2.0752,-15.0757,-28.0762,t004,AHC
2527457307,596779,3,tobillo,terminal,-0.0730,0.9713,-0.2513,-2.1973,-15.5640,-31.6162,t004,AHC
2527457308,596795,3,tobillo,terminal,-0.0852,0.9760,-0.2610,-2.8076,-13.6108,-36.9263,t004,AHC
2527457349,596811,3,tobillo,terminal,-0.0341,0.9768,-0.2649,-2.9907,-12.2681,-39.2456,t004,AHC
2527457350,596827,3,tobillo,swing,-0.0051,0.9761,-0.2723,-2.0142,-13.0005,-43.7622,t004,AHC
2527457362,596843,3,tobillo,swing,-0.0051,0.9597,-0.2848,-0.9766,-17.2729,-48.2178,t004,AHC
2527457401,596859,3,tobillo,swing,-0.0317,0.9502,-0.2867,-0.9766,-18.7378,-50.9644,t004,AHC
2527457401,596875,3,tobillo,swing,-0.0468,0.9529,-0.2817,-1.4038,-18.1885,-59.1431,t004,AHC
2527457446,596892,3,tobillo,swing,-0.0249,0.9774,-0.2795,-1.5869,-16.6016,-63.9648,t004,AHC
2527457446,596908,3,tobillo,swing,0.0656,0.9927,-0.2607,-1.2207,-15.5640,-71.9604,t004,AHC
2527457446,596924,3,tobillo,swing,0.0817,0.9775,-0.2539,0.1221,-17.7002,-78.0029,t004,AHC
2527457495,596939,3,tobillo,swing,0.0863,0.9553,-0.2668,0.6104,-17.8223,-80.7495,t004,AHC
2527457495,596956,3,tobillo,swing,0.1028,0.9615,-0.2808,1.0376,-15.5029,-85.6934,t004,AHC
2527457496,596972,3,tobillo,swing,0.1863,0.9904,-0.3264,0.5493,-14.8315,-87.3413,t004,AHC
2527457539,596988,3,tobillo,swing,0.2644,1.0327,-0.3075,-0.5493,-19.7754,-87.3413,t004,AHC
2527457539,597004,3,tobillo,swing,0.2852,1.0454,-0.2799,0.9766,-28.5645,-86.0596,t004,AHC
2527457540,597020,3,tobillo,swing,0.2222,1.1157,-0.1365,3.0518,-32.1655,-85.7544,t004,AHC
2527457588,597036,3,tobillo,swing,0.2242,1.0985,-0.1179,7.1411,-32.5317,-86.8530,t004,AHC
2527457588,597052,3,tobillo,swing,0.1741,1.1360,-0.2100,7.3853,-30.3955,-90.8203,t004,AHC
2527457589,597068,3,tobillo,swing,0.1344,1.1644,-0.2853,8.9722,-25.3906,-100.5859,t004,AHC
2527457632,597084,3,tobillo,swing,0.1101,1.2136,-0.3732,9.3384,-24.0478,-107.6050,t004,AHC
2527457632,597100,3,tobillo,swing,0.0844,1.2791,-0.3329,7.5073,-24.7803,-124.0234,t004,AHC
2527457634,597116,3,tobillo,swing,0.0349,1.3400,-0.2599,3.0518,-26.7334,-138.3057,t004,AHC
2527457680,597132,3,tobillo,swing,0.0349,1.4697,-0.1687,0.3052,-26.7944,-143.3105,t004,AHC
2527457681,597148,3,tobillo,swing,0.0602,1.5315,-0.1774,-5.1270,-41.7480,-148.1323,t004,AHC
2527457681,597164,3,tobillo,swing,-0.0662,1.5347,-0.3079,-7.0190,-60.8520,-147.7051,t004,AHC
2527457724,597180,3,tobillo,swing,-0.0981,1.4196,-0.2437,-15.0757,-109.4360,-150.6348,t004,AHC
2527457726,597196,3,tobillo,swing,0.0146,1.4490,-0.1212,-21.7895,-138.1836,-166.5039,t004,AHC
2527457726,597212,3,tobillo,swing,0.0393,1.4263,-0.0679,-16.6626,-134.3384,-171.1426,t004,AHC
2527457772,597228,3,tobillo,swing,-0.0417,1.3612,-0.0875,8.3008,-79.5288,-162.4756,t004,AHC
2527457773,597244,3,tobillo,swing,0.1340,1.0543,-0.2462,25.8179,-46.8140,-143.8599,t004,AHC
2527457773,597260,3,tobillo,swing,0.1923,0.8870,-0.4257,37.1094,-17.2119,-92.2241,t004,AHC
2527457816,597276,3,tobillo,swing,0.0266,0.8308,-0.4025,28.6865,-30.9448,-75.9277,t004,AHC
2527457818,597292,3,tobillo,swing,-0.0892,0.3959,-0.3439,24.8413,-26.2451,-62.5000,t004,AHC
2527457864,597308,3,tobillo,swing,0.0190,0.5145,-0.3640,9.3384,37.7808,-22.3389,t004,AHC
2527457865,597324,3,tobillo,swing,0.0627,0.5188,-0.2699,14.8926,83.4961,7.9346,t004,AHC
2527457865,597340,3,tobillo,swing,0.3608,0.2618,-0.1853,26.0010,143.9209,64.2090,t004,AHC
2527457908,597356,3,tobillo,swing,0.4445,0.3312,-0.1979,-0.7935,132.1411,87.8906,t004,AHC
2527457910,597372,3,tobillo,swing,0.0398,0.4540,-0.1530,-0.4883,109.9853,109.0088,t004,AHC
2527457911,597387,3,tobillo,swing,-0.1732,0.4219,-0.1340,35.4004,65.3076,186.2182,t004,AHC
2527457958,597403,3,tobillo,swing,0.0463,0.3928,-0.1104,42.6636,44.4946,206.2378,t004,AHC
2527457958,597419,3,tobillo,swing,0.2614,0.4927,-0.1191,32.7759,-3.6621,223.3276,t004,AHC
2527457959,597435,3,tobillo,swing,0.2384,0.7300,-0.1190,29.1748,-32.1045,240.7226,t004,AHC
2527458004,597451,3,tobillo,swing,0.0060,0.8756,-0.0856,23.9868,-65.3076,276.3672,t004,AHC
2527458005,597466,3,tobillo,swing,-0.0176,0.9530,-0.0289,18.1885,-51.8188,298.0347,t004,AHC
2527458005,597482,3,tobillo,swing,0.0937,1.1404,-0.0044,13.3057,-32.1045,301.5137,t004,AHC
2527458052,597498,3,tobillo,swing,0.1582,1.2543,-0.0645,2.7466,10.7422,301.3306,t004,AHC
2527458053,597514,3,tobillo,swing,0.2476,1.3990,-0.1979,-0.1831,27.3437,300.2930,t004,AHC
2527458053,597530,3,tobillo,swing,0.2881,1.4429,-0.2183,-3.2349,48.7061,295.3491,t004,AHC
2527458099,597546,3,tobillo,swing,0.3928,1.4980,-0.1888,-3.7842,54.0161,292.2363,t004,AHC
2527458099,597562,3,tobillo,swing,0.5009,1.5385,-0.1732,-1.5259,46.7529,285.8276,t004,AHC
2527458100,597577,3,tobillo,swing,0.5342,1.5425,-0.1885,4.6387,15.6250,277.0996,t004,AHC
2527458146,597593,3,tobillo,swing,0.4612,1.4752,-0.2307,5.7983,-1.4038,271.2402,t004,AHC
2527458147,597609,3,tobillo,swing,0.4329,1.4513,-0.2203,0.4272,-19.3481,253.3569,t004,AHC
2527458147,597625,3,tobillo,swing,0.4877,1.4159,-0.1122,-3.7842,-18.9209,240.9057,t004,AHC
2527458191,597641,3,tobillo,swing,0.6375,1.2794,-0.0587,-5.7373,-5.4321,205.3223,t004,AHC
2527458193,597657,3,tobillo,loading,0.7529,1.1626,-0.0919,-3.2959,7.4463,148.8647,t004,AHC
2527458193,597673,3,tobillo,loading,1.0399,0.9564,-0.1033,-4.3945,8.7891,113.9526,t004,AHC
2527458242,597689,3,tobillo,loading,1.0929,0.8959,-0.0696,-8.7891,5.3101,37.2925,t004,AHC
2527458243,597705,3,tobillo,loading,0.9816,0.9961,0.0382,-9.1553,8.4229,-5.6763,t004,AHC
2527458243,597720,3,tobillo,loading,1.0319,0.9834,0.0472,-5.1270,36.1328,-89.5996,t004,AHC
2527458289,597736,3,tobillo,loading,-0.0303,1.1577,-0.1769,-6.5308,51.7578,-125.4883,t004,AHC
2527458291,597752,3,tobillo,loading,-1.5471,1.3572,-0.0996,-6.1035,38.0859,-120.4834,t004,AHC
2527458292,597768,3,tobillo,loading,-0.1873,1.3026,-0.0524,-14.6484,2.6855,-98.0835,t004,AHC
2527458342,597784,3,tobillo,loading,0.3173,1.6143,-0.2675,-25.0244,-29.2969,-122.3755,t004,AHC
2527458342,597800,3,tobillo,loading,-0.3303,1.4725,-0.2466,-17.7002,-37.9639,-123.6572,t004,AHC
2527458343,597816,3,tobillo,loading,-0.1396,0.9436,-0.1307,-15.9912,-5.9204,-116.7602,t004,AHC
2527458390,597833,3,tobillo,loading,0.3547,1.0507,-0.3091,-27.2827,11.5356,-105.2246,t004,AHC
2527458390,597849,3,tobillo,midstance,0.2191,1.1265,-0.3777,-30.5786,-1.1597,-88.6230,t004,AHC
2527458391,597865,3,tobillo,midstance,0.0751,1.0233,-0.2252,-25.2075,2.6855,-79.1016,t004,AHC
2527458394,597881,3,tobillo,midstance,0.1428,1.0004,-0.1487,-16.1743,-4.6387,-58.5937,t004,AHC
2527458446,597897,3,tobillo,midstance,-0.0510,0.9719,-0.2097,-15.5029,-10.7422,-51.0864,t004,AHC
2527458447,597913,3,tobillo,midstance,-0.1337,0.9557,-0.1927,-17.0288,-0.9155,-41.3818,t004,AHC
2527458447,597929,3,tobillo,midstance,-0.1426,0.9713,-0.1757,-18.7988,7.3242,-38.9404,t004,AHC
2527458494,597945,3,tobillo,midstance,-0.1067,1.0017,-0.2111,-18.9819,7.8735,-38.4521,t004,AHC
2527458496,597961,3,tobillo,midstance,-0.0703,0.9946,-0.2513,-15.9912,-0.1221,-36.7432,t004,AHC
2527458496,597978,3,tobillo,midstance,-0.0802,0.9471,-0.2753,-12.7563,-6.6528,-35.5835,t004,AHC
2527458546,597994,3,tobillo,midstance,-0.1029,0.9495,-0.2653,-6.9580,-12.7563,-32.8979,t004,AHC
2527458547,598010,3,tobillo,midstance,-0.0936,0.9628,-0.2440,-3.9062,-11.6577,-31.1279,t004,AHC
2527458547,598026,3,tobillo,midstance,-0.0636,0.9689,-0.1997,-3.3569,-10.8643,-30.3345,t004,AHC
2527458593,598042,3,tobillo,midstance,-0.0588,0.9639,-0.2014,-3.1738,-8.9722,-28.6865,t004,AHC
2527458593,598058,3,tobillo,midstance,-0.0503,0.9548,-0.2234,-3.5400,-9.2163,-28.0762,t004,AHC
2527458594,598074,3,tobillo,terminal,-0.0626,0.9590,-0.2468,-3.5400,-13.5498,-27.8931,t004,AHC
2527458647,598090,3,tobillo,terminal,-0.0728,0.9523,-0.2500,-2.6855,-19.2871,-29.1748,t004,AHC
2527458647,598106,3,tobillo,terminal,-0.1234,0.9570,-0.2242,-2.7466,-20.5078,-30.8228,t004,AHC
2527458647,598123,3,tobillo,terminal,-0.0945,0.9545,-0.2179,-3.6011,-14.2822,-33.6914,t004,AHC
2527458676,598139,3,tobillo,terminal,-0.0165,0.9525,-0.2363,-3.7231,-11.3525,-34.1797,t004,AHC
2527458693,598155,3,tobillo,terminal,0.0071,0.9601,-0.2443,-3.1738,-12.2070,-33.9355,t004,AHC
2527458694,598171,3,tobillo,terminal,-0.0083,0.9656,-0.2455,-2.8687,-16.6626,-33.5083,t004,AHC
2527458745,598187,3,tobillo,terminal,-0.0388,0.9729,-0.2335,-2.9907,-17.7612,-33.9355,t004,AHC
2527458745,598203,3,tobillo,terminal,-0.0349,0.9802,-0.2352,-2.9907,-14.8315,-36.3770,t004,AHC
2527458746,598219,3,tobillo,terminal,-0.0150,0.9807,-0.2521,-2.5024,-13.3057,-37.8418,t004,AHC
2527458790,598236,3,tobillo,terminal,0.0245,0.9790,-0.2526,-1.0986,-14.2822,-40.8936,t004,AHC
2527458790,598252,3,tobillo,terminal,0.0272,0.9788,-0.2499,0.1221,-20.1416,-43.9453,t004,AHC
2527458790,598267,3,tobillo,swing,0.0082,0.9714,-0.2429,0.6714,-21.5454,-46.0815,t004,AHC
2527458796,598283,3,tobillo,swing,0.0099,0.9764,-0.2391,1.3428,-18.6157,-51.8188,t004,AHC
2527458843,598299,3,tobillo,swing,0.0504,0.9705,-0.2440,1.7090,-16.4185,-54.8096,t004,AHC
2527458844,598315,3,tobillo,swing,0.1096,0.9547,-0.2347,1.8921,-14.4653,-58.4717,t004,AHC
2527458844,598331,3,tobillo,swing,0.1161,0.9502,-0.2339,2.0142,-15.3198,-59.8144,t004,AHC
2527458890,598347,3,tobillo,swing,0.1344,0.9514,-0.2523,2.0142,-14.9536,-60.3027,t004,AHC
2527458892,598363,3,tobillo,swing,0.1595,0.9545,-0.2579,2.0142,-14.2822,-60.3027,t004,AHC
2527458892,598379,3,tobillo,swing,0.2208,0.9626,-0.2560,2.0142,-15.3198,-59.2041,t004,AHC
2527458940,598394,3,tobillo,swing,0.2367,0.9651,-0.2480,1.7090,-20.3857,-56.0913,t004,AHC
2527458941,598411,3,tobillo,swing,0.2191,0.9712,-0.2399,2.0752,-25.0244,-54.5654,t004,AHC
2527458941,598426,3,tobillo,swing,0.1984,0.9718,-0.2325,2.2583,-26.1841,-54.9316,t004,AHC
2527458986,598442,3,tobillo,swing,0.2010,0.9747,-0.2213,2.0142,-27.4048,-59.2651,t004,AHC
2527458988,598459,3,tobillo,swing,0.1936,1.0466,-0.1847,2.4414,-28.0151,-62.4390,t004,AHC
2527458988,598475,3,tobillo,swing,0.1743,1.0765,-0.1736,5.7373,-29.6631,-69.1528,t004,AHC
2527459036,598491,3,tobillo,swing,0.1804,1.0798,-0.1934,9.0332,-27.9541,-78.3081,t004,AHC
2527459037,598507,3,tobillo,swing,0.2257,1.0560,-0.2396,10.4980,-26.8555,-82.7637,t004,AHC
2527459037,598522,3,tobillo,swing,0.2472,1.0706,-0.2582,12.3901,-27.9541,-91.5527,t004,AHC
2527459081,598538,3,tobillo,swing,0.2301,1.1360,-0.3212,13.3057,-31.0669,-96.4355,t004,AHC
2527459083,598554,3,tobillo,swing,0.2024,1.1635,-0.3586,12.3291,-37.5977,-109.7412,t004,AHC
2527459084,598570,3,tobillo,swing,0.0515,1.2928,-0.3467,7.0190,-37.0483,-116.6992,t004,AHC
2527459132,598586,3,tobillo,swing,-0.0415,1.4779,-0.2159,-3.4790,-31.0059,-130.6152,t004,AHC
2527459132,598602,3,tobillo,swing,-0.0447,1.5627,-0.1826,-6.5918,-37.4756,-154.8462,t004,AHC
2527459133,598619,3,tobillo,swing,-0.0105,1.7500,-0.1653,-8.3618,-48.1567,-164.1235,t004,AHC
2527459177,598635,3,tobillo,swing,0.0116,1.7844,-0.1835,-8.3008,-79.7729,-176.3306,t004,AHC
