timestamp_pc_ms,timestamp_arduino_ms,sensor_id,placement,phase,ax,ay,az,gx,gy,gz,trial_id,subject_id
2527294398,433865,3,pelvis,loading,-0.0409,0.9708,-0.1532,0.7324,-2.0752,0.1831,t001,AHC
2527294402,433881,3,pelvis,loading,-0.0433,0.9683,-0.1488,0.6714,-1.5869,0.3052,t001,AHC
2527294449,433897,3,pelvis,loading,-0.0427,0.9670,-0.1482,0.4272,-0.4272,0.3662,t001,AHC
2527294449,433913,3,pelvis,loading,-0.0444,0.9686,-0.1497,0.2441,-0.1221,0.3662,t001,AHC
2527294450,433929,3,pelvis,loading,-0.0406,0.9722,-0.1514,0.1831,0.0000,0.4272,t001,AHC
2527294492,433945,3,pelvis,loading,-0.0433,0.9713,-0.1528,0.3052,0.0000,0.5493,t001,AHC
2527294494,433961,3,pelvis,loading,-0.0474,0.9692,-0.1522,0.3052,0.3052,0.6104,t001,AHC
2527294540,433977,3,pelvis,loading,-0.0437,0.9668,-0.1476,0.0000,1.4038,0.6104,t001,AHC
2527294540,433993,3,pelvis,loading,-0.0433,0.9624,-0.1438,-0.1221,1.8311,0.5493,t001,AHC
2527294541,434009,3,pelvis,loading,-0.0479,0.9675,-0.1505,-0.3662,2.5024,0.3052,t001,AHC
2527294573,434025,3,pelvis,loading,-0.0526,0.9707,-0.1555,-0.3052,2.8687,-0.1221,t001,AHC
2527294582,434041,3,pelvis,loading,-0.0485,0.9698,-0.1560,-0.0610,3.1128,-0.3052,t001,AHC
2527294583,434057,3,pelvis,loading,-0.0416,0.9701,-0.1549,0.2441,3.1128,-0.3052,t001,AHC
2527294631,434073,3,pelvis,loading,-0.0353,0.9722,-0.1556,0.4883,2.6855,-0.1831,t001,AHC
2527294631,434089,3,pelvis,loading,-0.0389,0.9714,-0.1594,1.0986,2.2583,0.4883,t001,AHC
2527294632,434105,3,pelvis,loading,-0.0432,0.9708,-0.1617,1.8921,2.9297,0.9766,t001,AHC
2527294673,434121,3,pelvis,loading,-0.0475,0.9728,-0.1587,2.3193,2.8687,1.0376,t001,AHC
2527294674,434137,3,pelvis,loading,-0.0461,0.9747,-0.1533,2.8076,2.1973,1.1597,t001,AHC
2527294675,434153,3,pelvis,loading,-0.0413,0.9736,-0.1477,2.9297,2.1973,1.3428,t001,AHC
2527294722,434168,3,pelvis,loading,-0.0441,0.9734,-0.1492,3.1128,2.0752,1.7700,t001,AHC
2527294723,434184,3,pelvis,loading,-0.0503,0.9832,-0.1582,3.3569,1.5259,1.8921,t001,AHC
2527294723,434200,3,pelvis,loading,-0.0726,0.9866,-0.1559,4.0283,-0.8545,1.7090,t001,AHC
2527294765,434216,3,pelvis,loading,-0.0629,0.9845,-0.1509,4.2725,-1.0986,1.4648,t001,AHC
2527294767,434232,3,pelvis,loading,-0.0486,0.9785,-0.1443,4.5166,-1.4038,1.4648,t001,AHC
2527294776,434249,3,pelvis,loading,-0.0510,0.9758,-0.1459,5.1270,-1.5259,1.5259,t001,AHC
2527294813,434264,3,pelvis,loading,-0.0400,0.9744,-0.1407,5.6152,-0.8545,1.7090,t001,AHC
2527294814,434280,3,pelvis,loading,-0.0399,0.9675,-0.1383,6.2866,0.1221,2.1973,t001,AHC
2527294828,434296,3,pelvis,loading,-0.0409,0.9702,-0.1375,6.5308,-0.6714,2.6855,t001,AHC
2527294856,434312,3,pelvis,loading,-0.0417,0.9729,-0.1311,6.6528,-1.4648,2.9297,t001,AHC
2527294858,434328,3,pelvis,loading,-0.0481,0.9724,-0.1309,6.7139,-2.8076,3.1128,t001,AHC
2527294904,434344,3,pelvis,loading,-0.0605,0.9763,-0.1327,6.7139,-2.9907,3.0518,t001,AHC
2527294905,434360,3,pelvis,loading,-0.0603,0.9749,-0.1334,6.8970,-2.4414,2.5635,t001,AHC
2527294905,434376,3,pelvis,loading,-0.0670,0.9725,-0.1354,7.0190,-2.0142,1.5259,t001,AHC
2527294948,434392,3,pelvis,loading,-0.0698,0.9812,-0.1299,6.9580,-2.0752,0.8545,t001,AHC
2527294950,434408,3,pelvis,loading,-0.0610,0.9854,-0.1252,7.0801,-2.6245,0.0000,t001,AHC
2527294950,434424,3,pelvis,loading,-0.0627,0.9884,-0.1185,7.2021,-3.4790,-0.2441,t001,AHC
2527294996,434440,3,pelvis,loading,-0.0608,0.9841,-0.1083,7.1411,-4.5166,-0.9155,t001,AHC
2527294996,434456,3,pelvis,loading,-0.0511,0.9849,-0.1090,6.9580,-4.7607,-1.1597,t001,AHC
2527294997,434472,3,pelvis,loading,-0.0419,0.9814,-0.1173,7.0801,-5.1880,-0.9155,t001,AHC
2527295044,434488,3,pelvis,loading,-0.0376,0.9818,-0.1178,7.3853,-7.0190,0.2441,t001,AHC
2527295045,434504,3,pelvis,loading,-0.0321,0.9805,-0.1094,7.5073,-8.1177,1.0376,t001,AHC
2527295045,434520,3,pelvis,loading,-0.0394,0.9675,-0.1062,7.8735,-9.3994,2.7466,t001,AHC
2527295098,434536,3,pelvis,loading,-0.0448,0.9625,-0.1050,7.8125,-9.1553,3.7842,t001,AHC
2527295098,434552,3,pelvis,loading,-0.0522,0.9700,-0.1083,7.4463,-8.4839,4.0283,t001,AHC
2527295099,434568,3,pelvis,loading,-0.0536,0.9753,-0.1085,7.0801,-7.2021,4.5776,t001,AHC
2527295148,434584,3,pelvis,loading,-0.0607,0.9785,-0.1042,6.8970,-6.8359,4.6997,t001,AHC
2527295149,434600,3,pelvis,loading,-0.0634,0.9803,-0.1025,6.8359,-5.8594,4.9438,t001,AHC
2527295214,434616,3,pelvis,loading,-0.0573,0.9794,-0.0970,6.8359,-5.1270,5.0049,t001,AHC
2527295251,434632,3,pelvis,loading,-0.0690,0.9843,-0.1016,6.5918,-4.0283,4.8218,t001,AHC
2527295252,434648,3,pelvis,loading,-0.0735,0.9905,-0.1034,6.3477,-3.3569,4.5166,t001,AHC
2527295252,434664,3,pelvis,loading,-0.0720,0.9967,-0.1005,6.2256,-3.3569,4.3945,t001,AHC
2527295252,434681,3,pelvis,loading,-0.0677,0.9941,-0.0959,5.7983,-4.0283,4.2114,t001,AHC
2527295299,434696,3,pelvis,loading,-0.0757,0.9860,-0.0977,5.5542,-4.5776,4.0283,t001,AHC
2527295300,434712,3,pelvis,loading,-0.0786,0.9912,-0.1028,4.5166,-5.3711,3.4180,t001,AHC
2527295300,434728,3,pelvis,loading,-0.0684,0.9883,-0.0940,4.0894,-5.9204,2.9907,t001,AHC
2527295343,434744,3,pelvis,loading,-0.0612,0.9604,-0.0809,4.2114,-6.0425,2.7466,t001,AHC
2527295346,434760,3,pelvis,loading,-0.0658,0.9542,-0.0802,3.9673,-6.1035,1.6479,t001,AHC
2527295346,434776,3,pelvis,loading,-0.0806,0.9558,-0.0776,3.6621,-5.6763,0.8545,t001,AHC
2527295394,434792,3,pelvis,loading,-0.0771,0.9508,-0.0745,2.8687,-3.3569,-0.9766,t001,AHC
2527295395,434808,3,pelvis,loading,-0.0710,0.9459,-0.0686,1.8921,-1.4648,-3.4790,t001,AHC
2527295395,434825,3,pelvis,loading,-0.0763,0.9443,-0.0717,1.6479,-0.4883,-5.1270,t001,AHC
2527295395,434841,3,pelvis,loading,-0.0913,0.9434,-0.0818,0.7935,3.6011,-9.0332,t001,AHC
2527295440,434857,3,pelvis,loading,-0.1001,0.9446,-0.0721,0.6714,6.0425,-11.9629,t001,AHC
2527295440,434873,3,pelvis,loading,-0.1096,0.9530,-0.0583,2.0142,6.7139,-19.4702,t001,AHC
2527295441,434889,3,pelvis,loading,-0.1239,0.9713,-0.0702,2.6245,7.1411,-27.2827,t001,AHC
2527295441,434905,3,pelvis,loading,-0.1080,1.0176,-0.1182,2.5635,7.7515,-30.5176,t001,AHC
2527295487,434921,3,pelvis,loading,-0.0798,1.0386,-0.1354,2.3804,6.6528,-35.3394,t001,AHC
2527295487,434936,3,pelvis,loading,-0.0704,1.0511,-0.1511,2.6245,4.7607,-37.2925,t001,AHC
2527295488,434952,3,pelvis,loading,-0.1283,1.1082,-0.1990,1.0986,3.4180,-41.9311,t001,AHC
2527295488,434968,3,pelvis,loading,-0.1481,1.1604,-0.2125,0.4883,5.9204,-49.2554,t001,AHC
2527295532,434984,3,pelvis,loading,-0.1661,1.1951,-0.1637,2.6855,3.7231,-55.7861,t001,AHC
2527295533,435000,3,pelvis,loading,-0.1426,1.2010,-0.1417,1.0376,2.6855,-73.6694,t001,AHC
2527295580,435016,3,pelvis,loading,-0.0321,1.1937,-0.2318,-3.6011,0.6714,-80.3833,t001,AHC
2527295581,435032,3,pelvis,loading,-0.0020,1.1998,-0.2264,-10.1318,-7.5073,-84.9609,t001,AHC
2527295581,435049,3,pelvis,loading,0.1293,1.1171,-0.1790,-8.1787,-19.8975,-80.4443,t001,AHC
2527295587,435065,3,pelvis,loading,-0.1885,0.9954,-0.1700,-7.1411,-26.0620,-73.5474,t001,AHC
2527295627,435081,3,pelvis,loading,-0.2714,0.9515,-0.1622,-5.9204,-18.4326,-55.0537,t001,AHC
2527295628,435097,3,pelvis,loading,-0.2499,0.8542,-0.1409,-6.9580,-11.6577,-47.1191,t001,AHC
2527295678,435113,3,pelvis,loading,-0.2480,0.8398,-0.0752,-8.5449,-2.9907,-30.5786,t001,AHC
2527295679,435129,3,pelvis,loading,-0.2577,0.8352,-0.0667,-7.3242,7.3853,-11.8408,t001,AHC
2527295679,435145,3,pelvis,loading,-0.2208,0.8231,-0.0562,-6.8359,13.0005,-2.2583,t001,AHC
2527295725,435162,3,pelvis,loading,-0.1921,0.8167,-0.0548,-5.6763,16.7847,17.2729,t001,AHC
2527295727,435178,3,pelvis,loading,-0.1461,0.8225,-0.0757,-5.0049,15.4419,26.9165,t001,AHC
2527295728,435193,3,pelvis,loading,-0.0702,0.8534,-0.0936,-3.7842,13.8550,45.9595,t001,AHC
2527295778,435209,3,pelvis,loading,-0.0347,0.8650,-0.0959,-2.8687,13.9160,63.3545,t001,AHC
2527295779,435225,3,pelvis,loading,0.0132,0.8926,-0.0937,-3.0518,14.6484,70.2515,t001,AHC
2527295779,435241,3,pelvis,loading,0.0364,0.9104,-0.0922,-4.7607,21.1182,79.2847,t001,AHC
2527295779,435257,3,pelvis,loading,0.0676,0.9323,-0.0778,-5.9204,26.1841,80.9326,t001,AHC
2527295824,435273,3,pelvis,loading,0.0801,0.9462,-0.0654,-8.4839,38.6963,78.8574,t001,AHC
2527295826,435289,3,pelvis,loading,0.1285,0.9836,-0.0391,-8.9722,44.8608,75.8667,t001,AHC
2527295827,435304,3,pelvis,loading,0.1614,1.0020,-0.0417,-7.2632,52.4292,68.1152,t001,AHC
2527295877,435320,3,pelvis,loading,0.1700,0.9963,-0.0599,-3.4180,53.0395,59.9976,t001,AHC
2527295877,435336,3,pelvis,loading,0.1447,0.9600,-0.0906,-2.1362,51.5747,56.3965,t001,AHC
2527295878,435352,3,pelvis,loading,0.1329,0.9550,-0.0841,-1.6479,46.9971,50.5371,t001,AHC
2527295925,435368,3,pelvis,loading,0.1201,0.9703,-0.0598,-1.3428,43.8232,48.3398,t001,AHC
2527295927,435384,3,pelvis,loading,0.0835,0.9622,-0.0564,-0.0610,38.3301,43.7622,t001,AHC
2527295927,435400,3,pelvis,loading,-0.0085,0.9366,-0.0520,0.3662,39.0015,41.0767,t001,AHC
2527295977,435416,3,pelvis,loading,-0.0403,0.9475,-0.0679,0.7324,47.6074,37.1704,t001,AHC
2527295978,435432,3,pelvis,loading,-0.0294,0.9469,-0.0819,1.7090,57.1899,35.7056,t001,AHC
2527295978,435447,3,pelvis,loading,0.0294,0.9377,-0.1143,2.1973,58.5937,34.9121,t001,AHC
2527296024,435463,3,pelvis,loading,0.0621,0.9346,-0.1338,2.8076,53.2837,33.3252,t001,AHC
2527296026,435479,3,pelvis,loading,0.1124,0.9319,-0.1757,2.5635,47.7295,32.7148,t001,AHC
2527296027,435495,3,pelvis,loading,0.1313,0.9337,-0.1931,1.2207,33.2642,31.2500,t001,AHC
2527296077,435510,3,pelvis,loading,0.1554,0.9250,-0.2156,0.0610,24.9023,29.4800,t001,AHC
2527296078,435526,3,pelvis,loading,0.1779,0.9132,-0.2307,-4.0283,9.4604,22.3389,t001,AHC
2527296079,435542,3,pelvis,loading,0.1774,0.9037,-0.2324,-8.9111,-3.5400,12.1460,t001,AHC
2527296079,435558,3,pelvis,loading,0.1359,1.0250,-0.0828,-10.5591,-8.5449,5.6152,t001,AHC
2527296128,435574,3,pelvis,loading,0.1041,1.1128,0.1272,-1.9531,5.0659,-17.0898,t001,AHC
2527296128,435590,3,pelvis,loading,-0.2577,1.0387,0.2693,3.2959,27.5269,-30.3345,t001,AHC
2527296129,435605,3,pelvis,loading,-0.4464,0.9965,-0.3370,-4.5776,47.8516,-28.1372,t001,AHC
2527296180,435621,3,pelvis,loading,-0.2168,1.1320,-0.2733,-22.6440,-1.7090,-25.5127,t001,AHC
2527296180,435638,3,pelvis,loading,-0.1907,1.1377,-0.2311,-21.1792,-24.0478,-32.0435,t001,AHC
2527296180,435654,3,pelvis,loading,-0.1445,1.0222,-0.4374,-27.2827,-14.1602,-41.0767,t001,AHC
2527296228,435670,3,pelvis,loading,0.3629,1.1628,-0.1807,-27.0996,-5.1880,-47.3022,t001,AHC
2527296229,435686,3,pelvis,loading,-0.0912,0.9995,0.0366,-13.2446,-25.5127,-49.3164,t001,AHC
2527296230,435702,3,pelvis,loading,-0.1340,0.9540,-0.0115,-17.6392,-9.6436,-47.0581,t001,AHC
2527296279,435718,3,pelvis,loading,0.0520,1.0028,-0.1171,-20.8130,2.1973,-46.1426,t001,AHC
2527296280,435734,3,pelvis,loading,-0.0002,1.0118,-0.1477,-21.4844,0.0000,-40.9546,t001,AHC
2527296280,435750,3,pelvis,loading,-0.0417,0.9973,-0.1670,-19.5923,-1.4038,-36.6821,t001,AHC
2527296327,435766,3,pelvis,loading,0.0762,0.9850,-0.1407,-15.2588,-2.3193,-27.5879,t001,AHC
2527296327,435782,3,pelvis,loading,0.0229,0.9692,-0.1399,-13.2446,-5.3101,-21.9116,t001,AHC
2527296328,435798,3,pelvis,loading,-0.0426,0.9662,-0.1431,-13.5498,-1.0376,-20.5688,t001,AHC
2527296372,435814,3,pelvis,loading,-0.0173,0.9645,-0.1549,-14.4653,6.2866,-18.2495,t001,AHC
2527296376,435830,3,pelvis,loading,0.0242,0.9502,-0.1766,-15.0757,6.4697,-16.7236,t001,AHC
2527296377,435846,3,pelvis,loading,0.0162,0.9491,-0.1793,-17.0288,8.1177,-12.0239,t001,AHC
2527296423,435863,3,pelvis,loading,0.0211,0.9425,-0.1790,-17.1509,12.6953,-6.5918,t001,AHC
2527296424,435879,3,pelvis,loading,0.0178,0.9525,-0.1898,-16.9067,13.9160,-4.5166,t001,AHC
2527296425,435894,3,pelvis,loading,0.0100,0.9567,-0.1843,-15.4419,16.2354,-0.4272,t001,AHC
2527296474,435910,3,pelvis,loading,0.0544,0.9391,-0.1693,-14.2212,17.8833,1.2207,t001,AHC
2527296475,435926,3,pelvis,loading,0.0710,0.9309,-0.1782,-11.7187,17.8833,3.0518,t001,AHC
2527296475,435942,3,pelvis,loading,0.0361,0.9393,-0.1906,-10.5591,17.3340,3.6621,t001,AHC
2527296509,435958,3,pelvis,loading,-0.0500,0.9802,-0.1940,-9.8877,15.9302,2.5635,t001,AHC
2527296520,435974,3,pelvis,loading,-0.0872,1.0111,-0.2046,-11.2915,13.6108,-1.2817,t001,AHC
2527296521,435990,3,pelvis,loading,-0.0952,1.0133,-0.2225,-11.7187,12.6953,-2.7466,t001,AHC
2527296571,436006,3,pelvis,loading,-0.0685,0.9987,-0.2233,-11.2915,10.4370,-5.2490,t001,AHC
2527296571,436022,3,pelvis,loading,-0.0380,0.9816,-0.2421,-10.3760,8.0566,-6.5918,t001,AHC
2527296572,436038,3,pelvis,loading,-0.0436,0.9934,-0.2599,-7.8735,3.0518,-8.8501,t001,AHC
2527296616,436054,3,pelvis,loading,-0.0430,0.9965,-0.2571,-4.9438,0.2441,-10.0708,t001,AHC
2527296618,436070,3,pelvis,loading,-0.0305,0.9707,-0.2314,-3.6011,-0.7324,-10.3149,t001,AHC
2527296619,436086,3,pelvis,loading,-0.0217,0.9576,-0.2209,-2.3804,-1.6479,-10.3149,t001,AHC
2527296653,436102,3,pelvis,loading,-0.0023,0.9551,-0.2179,-2.4414,-1.6479,-9.7656,t001,AHC
2527296667,436118,3,pelvis,loading,0.0122,0.9583,-0.2214,-2.6855,-2.0142,-7.7515,t001,AHC
2527296668,436134,3,pelvis,loading,0.0044,0.9558,-0.2208,-2.6855,-2.5635,-5.9814,t001,AHC
2527296713,436150,3,pelvis,loading,-0.0105,0.9514,-0.2148,-2.8076,-2.1973,-5.4932,t001,AHC
2527296713,436167,3,pelvis,midstance,-0.0160,0.9497,-0.2146,-3.2959,-1.5259,-5.0659,t001,AHC
2527296714,436183,3,pelvis,midstance,-0.0173,0.9514,-0.2267,-3.6011,-1.4648,-5.1270,t001,AHC
2527296751,436199,3,pelvis,midstance,-0.0273,0.9565,-0.2344,-3.8452,-2.0752,-5.8594,t001,AHC
2527296766,436215,3,pelvis,midstance,-0.0356,0.9584,-0.2378,-3.6621,-3.3569,-7.3853,t001,AHC
2527296766,436231,3,pelvis,midstance,-0.0424,0.9592,-0.2372,-3.8452,-3.9673,-8.4839,t001,AHC
2527296767,436247,3,pelvis,midstance,-0.0266,0.9653,-0.2380,-3.4790,-4.5166,-11.0474,t001,AHC
2527296812,436263,3,pelvis,midstance,-0.0103,0.9651,-0.2383,-2.8687,-4.5166,-12.2070,t001,AHC
2527296814,436279,3,pelvis,midstance,-0.0017,0.9604,-0.2361,-2.0752,-4.0283,-13.7329,t001,AHC
2527296815,436295,3,pelvis,midstance,0.0093,0.9626,-0.2310,-1.7700,-4.2114,-14.8926,t001,AHC
2527296862,436311,3,pelvis,midstance,-0.0267,0.9706,-0.2323,-1.5869,-5.0049,-15.8691,t001,AHC
2527296862,436327,3,pelvis,midstance,-0.0552,0.9716,-0.2345,-1.1597,-4.8218,-19.9585,t001,AHC
2527296884,436343,3,pelvis,midstance,0.0125,0.9659,-0.2300,-1.0376,-3.9062,-21.9116,t001,AHC
2527296908,436359,3,pelvis,midstance,0.0834,0.9573,-0.2288,-0.5493,-5.0659,-23.0713,t001,AHC
2527296909,436375,3,pelvis,midstance,0.0782,0.9532,-0.2300,0.3662,-7.4463,-21.8506,t001,AHC
2527296956,436391,3,pelvis,midstance,0.0751,0.9521,-0.2277,0.9155,-7.3853,-21.1792,t001,AHC
2527296957,436407,3,pelvis,midstance,0.0719,0.9454,-0.2280,2.0142,-5.6763,-20.3857,t001,AHC
2527296957,436423,3,pelvis,midstance,0.0684,0.9442,-0.2286,2.1973,-5.0659,-20.3857,t001,AHC
2527297001,436439,3,pelvis,midstance,0.0615,0.9517,-0.2263,2.3804,-5.7373,-21.5454,t001,AHC
2527297003,436455,3,pelvis,midstance,0.0319,0.9573,-0.2286,2.5635,-6.3477,-22.8882,t001,AHC
2527297003,436471,3,pelvis,midstance,0.0443,0.9742,-0.2371,2.6855,-6.5918,-26.8555,t001,AHC
2527297020,436487,3,pelvis,midstance,0.0759,0.9812,-0.2389,3.6621,-8.1787,-29.5410,t001,AHC
2527297050,436502,3,pelvis,midstance,0.0933,0.9817,-0.2402,4.4556,-10.0708,-30.5176,t001,AHC
2527297050,436518,3,pelvis,midstance,0.0837,0.9955,-0.2446,6.3477,-14.8315,-33.0200,t001,AHC
2527297092,436534,3,pelvis,midstance,0.0459,1.0334,-0.2792,7.9346,-17.0898,-35.1563,t001,AHC
2527297094,436550,3,pelvis,midstance,0.0192,1.0214,-0.2666,11.1694,-21.5454,-42.7246,t001,AHC
2527297094,436566,3,pelvis,midstance,0.0236,1.0226,-0.2382,11.8408,-24.2920,-53.1006,t001,AHC
2527297140,436582,3,pelvis,midstance,0.0504,1.0518,-0.2054,11.5356,-25.1465,-58.4106,t001,AHC
2527297140,436598,3,pelvis,midstance,0.0636,1.0571,-0.1917,10.1318,-26.3672,-68.4204,t001,AHC
2527297140,436614,3,pelvis,midstance,0.1083,1.0691,-0.1992,8.9722,-26.6113,-73.2422,t001,AHC
2527297181,436630,3,pelvis,midstance,0.1788,1.1000,-0.2529,5.7373,-30.1514,-82.5195,t001,AHC
2527297182,436646,3,pelvis,terminal,0.1595,1.1465,-0.2665,2.1973,-39.8560,-90.6372,t001,AHC
2527297182,436662,3,pelvis,terminal,0.0862,1.3199,-0.0721,2.3193,-43.3960,-94.7266,t001,AHC
2527297230,436678,3,pelvis,terminal,0.0863,1.3348,0.0131,4.4556,-38.1470,-105.7129,t001,AHC
2527297230,436694,3,pelvis,terminal,0.0937,1.3518,0.0198,3.2959,-32.2266,-112.4268,t001,AHC
2527297231,436710,3,pelvis,terminal,0.0688,1.3593,-0.0288,0.2441,-22.3999,-122.9248,t001,AHC
2527297273,436726,3,pelvis,terminal,-0.0176,1.3669,-0.1151,-1.1597,-20.8740,-125.9766,t001,AHC
2527297274,436742,3,pelvis,terminal,0.0652,1.3052,-0.1516,-1.7700,-20.6299,-131.2256,t001,AHC
2527297282,436758,3,pelvis,terminal,0.1433,1.2657,-0.1567,-1.2207,-24.5361,-138.0615,t001,AHC
2527297318,436774,3,pelvis,terminal,0.2192,1.1670,-0.2059,-0.2441,-21.4233,-142.2119,t001,AHC
2527297319,436790,3,pelvis,terminal,0.2399,1.0597,-0.2756,2.8076,-3.2959,-138.4277,t001,AHC
2527297359,436806,3,pelvis,terminal,0.4556,0.8037,-0.5004,1.4648,1.5259,-130.6152,t001,AHC
2527297360,436821,3,pelvis,terminal,0.0421,0.7206,-0.5098,-6.7139,-12.0239,-112.7319,t001,AHC
2527297361,436838,3,pelvis,terminal,-0.3856,0.6698,-0.3673,-3.1738,-50.7812,-60.7910,t001,AHC
2527297405,436854,3,pelvis,terminal,-0.1818,0.5471,-0.0511,2.6245,-81.0547,-28.9917,t001,AHC
2527297405,436870,3,pelvis,terminal,-0.1503,0.5460,0.0142,11.0474,-133.1787,27.9541,t001,AHC
2527297405,436885,3,pelvis,terminal,-0.7383,0.5283,0.0607,14.1602,-124.1455,54.5654,t001,AHC
2527297445,436901,3,pelvis,terminal,-0.9379,0.4838,0.0096,14.0991,-16.6016,94.6655,t001,AHC
2527297447,436917,3,pelvis,terminal,-0.6355,0.5156,-0.1929,9.6436,46.8140,109.1309,t001,AHC
2527297490,436933,3,pelvis,terminal,-0.0801,0.7169,-0.3160,3.3569,102.9053,142.0898,t001,AHC
2527297490,436949,3,pelvis,terminal,0.0396,0.8271,-0.2909,5.9814,80.9936,178.8940,t001,AHC
2527297491,436964,3,pelvis,terminal,0.2059,1.0488,-0.1621,8.3618,66.5283,193.5425,t001,AHC
2527297529,436980,3,pelvis,terminal,0.2871,1.1519,-0.1459,14.1602,41.6870,212.2803,t001,AHC
2527297532,436996,3,pelvis,terminal,0.3329,1.2656,-0.2366,17.5781,29.7852,218.0176,t001,AHC
2527297532,437012,3,pelvis,terminal,0.2908,1.2499,-0.2866,19.3481,15.8691,221.5576,t001,AHC
2527297574,437028,3,pelvis,terminal,0.2434,1.2775,-0.3163,16.0522,17.5171,218.8110,t001,AHC
2527297574,437043,3,pelvis,terminal,0.2457,1.2852,-0.2587,7.6294,28.3203,209.2285,t001,AHC
2527297612,437059,3,pelvis,terminal,0.2693,1.2625,-0.2328,1.8921,39.8560,196.9604,t001,AHC
2527297614,437075,3,pelvis,terminal,0.3729,1.2140,-0.2385,0.6714,41.0767,191.6504,t001,AHC
2527297615,437091,3,pelvis,terminal,0.4026,1.1698,-0.2560,-2.5635,26.1841,187.4389,t001,AHC
2527297656,437107,3,pelvis,terminal,0.4127,1.1431,-0.2484,-6.3477,11.6577,187.0727,t001,AHC
2527297657,437123,3,pelvis,terminal,0.4148,1.1661,-0.1681,-13.3667,-17.3950,185.7300,t001,AHC
2527297694,437139,3,pelvis,terminal,0.4249,1.1609,-0.1239,-14.5874,-29.3579,177.8564,t001,AHC
2527297695,437155,3,pelvis,swing,0.4409,1.1484,-0.0542,-13.5498,-28.5034,170.1660,t001,AHC
2527297695,437171,3,pelvis,swing,0.4614,1.1371,-0.0349,-10.1318,-21.1792,147.4609,t001,AHC
2527297742,437187,3,pelvis,swing,0.5657,1.0845,-0.0170,-8.9111,-15.8691,132.2632,t001,AHC
2527297742,437202,3,pelvis,swing,0.6285,1.0485,-0.0160,-8.8501,-5.3101,96.0083,t001,AHC
2527297742,437218,3,pelvis,swing,0.6841,0.9659,-0.0181,-9.4604,-1.7090,75.5005,t001,AHC
2527297783,437234,3,pelvis,swing,0.6962,0.9967,0.0454,-9.7046,3.2349,30.0903,t001,AHC
2527297785,437250,3,pelvis,swing,0.7883,1.0333,0.1049,-4.0894,19.1040,-23.5596,t001,AHC
2527297785,437266,3,pelvis,swing,0.9557,1.0557,0.2142,-0.7324,39.0625,-57.6782,t001,AHC
2527297826,437281,3,pelvis,swing,0.2095,1.0563,-0.0631,-8.5449,58.5937,-100.8911,t001,AHC
2527297827,437298,3,pelvis,swing,-1.1169,1.1719,-0.1925,-15.1978,37.5977,-83.9844,t001,AHC
2527297866,437314,3,pelvis,swing,0.3203,1.2197,-0.1891,-14.4043,-1.4038,-66.5283,t001,AHC
2527297868,437330,3,pelvis,swing,0.1930,1.2877,-0.3160,-19.4702,-15.8691,-88.7451,t001,AHC
2527297868,437346,3,pelvis,swing,-0.2019,1.0861,-0.2650,-16.1743,-11.1694,-86.4868,t001,AHC
2527297911,437362,3,pelvis,swing,0.0912,1.0140,-0.2150,-20.0806,-3.8452,-81.4209,t001,AHC
2527297912,437378,3,pelvis,swing,0.1183,1.1490,-0.1445,-23.8647,-5.6152,-80.7495,t001,AHC
2527297922,437394,3,pelvis,swing,0.0393,1.0533,-0.1608,-17.0898,-5.3101,-70.2515,t001,AHC
2527297951,437410,3,pelvis,swing,0.0903,1.0037,-0.2250,-10.1318,-12.5732,-59.5093,t001,AHC
2527297953,437426,3,pelvis,swing,-0.0637,0.9801,-0.2452,-10.2539,-18.9819,-55.4810,t001,AHC
2527297996,437442,3,pelvis,swing,-0.1355,0.9647,-0.2239,-12.3291,-12.6343,-49.2554,t001,AHC
2527297997,437459,3,pelvis,swing,-0.0139,0.9924,-0.1923,-13.1226,-1.2207,-46.8140,t001,AHC
2527297997,437475,3,pelvis,swing,0.0505,0.9747,-0.2030,-10.3760,6.0425,-39.9780,t001,AHC
2527298036,437491,3,pelvis,swing,0.0449,0.9579,-0.1881,-7.2021,-1.1597,-34.1187,t001,AHC
2527298036,437507,3,pelvis,swing,0.0275,0.9518,-0.1851,-6.4087,-4.3335,-31.6772,t001,AHC
2527298080,437523,3,pelvis,swing,0.0111,0.9517,-0.2050,-5.8594,-6.7139,-27.0386,t001,AHC
2527298080,437539,3,pelvis,swing,-0.0167,0.9539,-0.2361,-5.8594,-7.2632,-25.3296,t001,AHC
2527298080,437555,3,pelvis,swing,-0.0243,0.9507,-0.2021,-5.0659,-8.3618,-24.0478,t001,AHC
2527298119,437571,3,pelvis,swing,-0.0034,0.9543,-0.1887,-4.7607,-7.8125,-24.5361,t001,AHC
2527298120,437587,3,pelvis,swing,0.0167,0.9708,-0.2118,-4.6387,-7.5073,-24.5361,t001,AHC
2527298148,437603,3,pelvis,swing,0.0222,0.9706,-0.2203,-3.6621,-7.3242,-23.3765,t001,AHC
2527298163,437619,3,pelvis,swing,0.0129,0.9717,-0.2231,-3.1738,-7.5684,-22.8271,t001,AHC
2527298163,437635,3,pelvis,swing,-0.0142,0.9846,-0.2255,-3.1738,-6.6528,-22.3999,t001,AHC
2527298203,437651,3,pelvis,swing,0.0083,0.9830,-0.2168,-2.6245,-4.5166,-21.5454,t001,AHC
2527298204,437667,3,pelvis,swing,0.0612,0.9573,-0.1982,-2.2583,-3.7842,-20.2026,t001,AHC
2527298204,437683,3,pelvis,swing,0.0646,0.9518,-0.2004,-2.2583,-1.7700,-17.0288,t001,AHC
2527298245,437699,3,pelvis,swing,0.0668,0.9551,-0.2158,-2.3193,-0.5493,-15.5029,t001,AHC
2527298246,437715,3,pelvis,swing,0.0808,0.9377,-0.2046,-3.1128,3.0518,-11.7187,t001,AHC
2527298284,437731,3,pelvis,swing,0.0917,0.9341,-0.2000,-3.3569,4.1504,-7.7515,t001,AHC
2527298286,437747,3,pelvis,swing,0.0637,0.9468,-0.2275,-2.7466,2.6855,-6.5918,t001,AHC
2527298286,437763,3,pelvis,swing,0.0415,0.9545,-0.2338,-1.2207,-0.3662,-6.4697,t001,AHC
2527298328,437779,3,pelvis,swing,0.0208,0.9646,-0.2357,-0.6714,-1.5869,-7.0190,t001,AHC
2527298328,437796,3,pelvis,swing,0.0164,0.9685,-0.2393,-0.2441,-4.0894,-8.8501,t001,AHC
2527298367,437812,3,pelvis,swing,0.0262,0.9706,-0.2272,0.0000,-6.6528,-10.9863,t001,AHC
2527298368,437828,3,pelvis,swing,0.0250,0.9800,-0.2291,0.0610,-7.6904,-12.2070,t001,AHC
2527298369,437844,3,pelvis,swing,0.0242,0.9843,-0.2329,0.4883,-10.4370,-15.1978,t001,AHC
2527298411,437860,3,pelvis,swing,0.0056,0.9874,-0.2373,1.0376,-12.2070,-17.3340,t001,AHC
2527298412,437876,3,pelvis,swing,0.0060,0.9843,-0.2380,2.5024,-13.5498,-23.0103,t001,AHC
2527298412,437891,3,pelvis,swing,0.0354,0.9727,-0.2280,3.1738,-13.3057,-25.6958,t001,AHC
2527298450,437907,3,pelvis,swing,0.0447,0.9874,-0.2261,3.8452,-11.7187,-30.2734,t001,AHC
2527298450,437923,3,pelvis,swing,0.0679,0.9908,-0.2241,4.3335,-10.8032,-32.8369,t001,AHC
2527298494,437939,3,pelvis,swing,0.0964,0.9751,-0.2257,4.6997,-10.7422,-33.3252,t001,AHC
2527298494,437955,3,pelvis,swing,0.1183,0.9669,-0.2229,5.1270,-10.4370,-33.1421,t001,AHC
2527298494,437971,3,pelvis,swing,0.1571,0.9509,-0.2037,5.1270,-10.9863,-32.2266,t001,AHC
2527298531,437987,3,pelvis,swing,0.1454,0.9530,-0.2131,4.7607,-12.3291,-30.3955,t001,AHC
2527298533,438003,3,pelvis,swing,0.1335,0.9568,-0.2104,4.6997,-13.4888,-30.0903,t001,AHC
2527298581,438019,3,pelvis,swing,0.1289,0.9558,-0.1957,4.8828,-13.4888,-30.7007,t001,AHC
2527298582,438035,3,pelvis,swing,0.1384,0.9491,-0.1913,4.9438,-12.5732,-32.6538,t001,AHC
2527298582,438051,3,pelvis,swing,0.1548,0.9432,-0.1985,4.9438,-12.2681,-33.8135,t001,AHC
2527298623,438067,3,pelvis,swing,0.1603,0.9557,-0.2140,5.2490,-12.0850,-36.4990,t001,AHC
2527298624,438084,3,pelvis,swing,0.1610,0.9659,-0.2135,6.0425,-11.7798,-39.3677,t001,AHC
2527298625,438100,3,pelvis,swing,0.1912,0.9906,-0.2112,6.5918,-11.2915,-40.5884,t001,AHC
2527298665,438116,3,pelvis,swing,0.2064,1.0034,-0.2128,8.3008,-12.4512,-41.8701,t001,AHC
2527298665,438131,3,pelvis,swing,0.1813,1.0490,-0.2322,9.7046,-13.9160,-42.6025,t001,AHC
2527298702,438148,3,pelvis,swing,0.1550,1.0656,-0.2747,13.0615,-15.9302,-46.2036,t001,AHC
2527298705,438163,3,pelvis,swing,0.1534,1.0728,-0.2499,13.7939,-19.1040,-53.1006,t001,AHC
2527298705,438179,3,pelvis,swing,0.1293,1.1199,-0.1722,14.0381,-19.9585,-57.3120,t001,AHC
2527298746,438195,3,pelvis,swing,0.1340,1.1376,-0.1598,14.6484,-18.2495,-65.3076,t001,AHC
2527298747,438211,3,pelvis,swing,0.2272,1.1130,-0.1511,14.3433,-17.3340,-68.1152,t001,AHC
2527298747,438227,3,pelvis,swing,0.2637,1.0852,-0.1639,13.0005,-18.7378,-70.4956,t001,AHC
2527298786,438243,3,pelvis,swing,0.2562,1.0311,-0.2356,11.4136,-20.0195,-70.8618,t001,AHC
2527298786,438259,3,pelvis,swing,0.2257,1.0132,-0.2152,8.3618,-26.4282,-74.7681,t001,AHC
2527298828,438275,3,pelvis,swing,0.2095,1.0060,-0.1658,5.6763,-31.6162,-80.3223,t001,AHC
2527298828,438291,3,pelvis,swing,0.2272,1.0348,-0.0831,4.5776,-31.0669,-83.1909,t001,AHC
2527298828,438307,3,pelvis,swing,0.2230,1.0529,-0.0677,4.0283,-28.1372,-88.7451,t001,AHC
2527298866,438323,3,pelvis,swing,0.2382,1.0674,-0.0673,3.5400,-26.4893,-91.1865,t001,AHC
2527298867,438339,3,pelvis,swing,0.2500,1.0885,-0.1139,0.6104,-25.3906,-95.2759,t001,AHC
2527298909,438355,3,pelvis,swing,0.2485,1.0977,-0.1292,-3.1738,-26.1841,-96.8018,t001,AHC
2527298910,438371,3,pelvis,swing,0.3328,1.1392,-0.1315,-4.2725,-26.4282,-97.2900,t001,AHC
2527298910,438387,3,pelvis,swing,0.3359,1.1536,-0.1459,-1.5259,-28.0151,-103.0273,t001,AHC
2527298948,438403,3,pelvis,swing,0.3480,1.0890,-0.1289,2.5024,-26.3062,-106.2012,t001,AHC
2527298949,438419,3,pelvis,swing,0.4515,0.9609,-0.1672,7.8125,-11.4746,-110.2905,t001,AHC
2527298991,438436,3,pelvis,swing,0.5699,0.8789,-0.2083,7.6904,1.0986,-100.2197,t001,AHC
2527298992,438451,3,pelvis,swing,0.8656,0.8409,-0.1549,6.8359,1.4038,-95.8862,t001,AHC
2527298992,438467,3,pelvis,swing,0.8661,0.8175,-0.0863,10.0098,-6.4697,-92.8955,t001,AHC
2527299030,438483,3,pelvis,swing,0.0013,0.6719,-0.1492,13.7939,-6.4087,-78.5522,t001,AHC
2527299031,438499,3,pelvis,swing,-0.4170,0.5201,-0.2667,15.5640,4.5776,-29.1138,t001,AHC
2527299072,438515,3,pelvis,swing,-0.2700,0.4741,-0.2164,12.6343,13.4888,4.5776,t001,AHC
2527299072,438531,3,pelvis,swing,0.0747,0.4542,-0.1172,12.5732,9.3994,19.2261,t001,AHC
2527299073,438547,3,pelvis,swing,0.0859,0.4792,-0.1476,10.1929,0.3662,52.3682,t001,AHC
2527299112,438563,3,pelvis,swing,-0.0298,0.5394,-0.1630,9.8877,1.0986,70.9229,t001,AHC
2527299112,438579,3,pelvis,swing,0.0164,0.5771,-0.1339,11.7187,9.1553,102.1118,t001,AHC
2527299154,438595,3,pelvis,swing,0.2041,0.6664,-0.1462,12.9395,7.9346,115.1733,t001,AHC
2527299154,438610,3,pelvis,swing,0.2007,0.7346,-0.1936,12.7563,-3.9673,139.0381,t001,AHC
2527299155,438626,3,pelvis,swing,0.1771,0.7798,-0.1836,8.7891,-4.1504,156.0669,t001,AHC
2527299195,438642,3,pelvis,swing,0.1746,0.8884,-0.1351,6.7139,0.7935,162.2925,t001,AHC
2527299195,438658,3,pelvis,swing,0.2037,0.9415,-0.1215,2.8687,12.4512,171.4477,t001,AHC
2527299195,438674,3,pelvis,swing,0.2969,1.0417,-0.1274,1.8311,16.9678,175.0488,t001,AHC
2527299237,438690,3,pelvis,swing,0.3212,1.0743,-0.1460,0.3662,23.2544,180.1147,t001,AHC
2527299237,438705,3,pelvis,swing,0.3114,1.1150,-0.1754,-1.2817,27.5879,180.7251,t001,AHC
2527299275,438721,3,pelvis,swing,0.3031,1.1670,-0.1663,-5.9814,39.4897,178.6499,t001,AHC
2527299276,438737,3,pelvis,swing,0.2919,1.1748,-0.1526,-9.1553,47.9736,175.0488,t001,AHC
2527299278,438753,3,pelvis,swing,0.2672,1.1602,-0.1277,-10.1929,50.2930,172.9736,t001,AHC
2527299320,438769,3,pelvis,swing,0.2704,1.1642,-0.1138,-11.4136,51.5747,170.1050,t001,AHC
2527299321,438785,3,pelvis,swing,0.2565,1.1685,-0.0892,-10.9863,49.4385,169.3725,t001,AHC
2527299321,438801,3,pelvis,swing,0.2279,1.1644,-0.0813,-8.4229,40.2222,167.8467,t001,AHC
2527299359,438817,3,pelvis,swing,0.2177,1.1656,-0.0859,-6.4087,28.8696,165.5884,t001,AHC
2527299361,438833,3,pelvis,swing,0.1772,1.1647,-0.0936,-6.1646,24.2310,164.1235,t001,AHC
2527299403,438849,3,pelvis,swing,0.1521,1.1613,-0.0892,-6.8970,19.2261,159.7900,t001,AHC
2527299404,438865,3,pelvis,swing,0.1782,1.1824,-0.0808,-7.2021,18.3716,157.7759,t001,AHC
2527299404,438880,3,pelvis,swing,0.1893,1.1560,-0.0885,-4.7607,14.4043,152.3437,t001,AHC
2527299442,438896,3,pelvis,loading,0.1873,1.0914,-0.1061,-3.7842,11.1084,147.7661,t001,AHC
2527299443,438912,3,pelvis,loading,0.2266,1.0675,-0.1267,-3.9673,-0.7324,137.9395,t001,AHC
2527299462,438928,3,pelvis,loading,0.2278,1.0457,-0.1345,-5.4932,-20.2637,126.0376,t001,AHC
2527299489,438944,3,pelvis,loading,0.2148,1.0095,-0.1215,-6.4087,-29.0527,118.1641,t001,AHC
2527299489,438960,3,pelvis,loading,0.2081,0.9917,-0.1163,-7.4463,-38.8794,98.2666,t001,AHC
2527299529,438976,3,pelvis,loading,0.2032,0.9705,-0.1138,-7.9346,-39.0015,86.1816,t001,AHC
2527299530,438992,3,pelvis,loading,0.1852,0.9403,-0.1080,-8.9111,-31.3110,58.5327,t001,AHC
2527299531,439008,3,pelvis,loading,0.1521,0.9236,-0.1014,-10.4980,-13.0005,27.2217,t001,AHC
2527299573,439024,3,pelvis,loading,0.1273,0.8989,-0.0823,-11.2915,-0.2441,11.1694,t001,AHC
2527299574,439040,3,pelvis,loading,0.1409,0.8867,-0.0817,-12.3901,23.8037,-18.2495,t001,AHC
2527299611,439056,3,pelvis,loading,0.1268,0.9138,-0.0811,-12.9395,32.5928,-31.5552,t001,AHC
2527299611,439072,3,pelvis,loading,-0.0037,0.9989,0.0480,-10.3149,48.7671,-60.3638,t001,AHC
2527299613,439088,3,pelvis,loading,-0.3390,0.9292,0.0392,-5.9814,58.3496,-71.2891,t001,AHC
2527299656,439104,3,pelvis,loading,-0.5750,1.0034,-0.0354,-8.4839,49.0112,-60.8520,t001,AHC
2527299657,439120,3,pelvis,loading,-0.1503,1.0692,-0.0588,-11.4746,7.9346,-48.8281,t001,AHC
2527299657,439136,3,pelvis,loading,-0.1338,1.2533,-0.2678,-14.5874,-14.8315,-55.2978,t001,AHC
2527299697,439152,3,pelvis,loading,-0.4497,1.1918,-0.2833,-17.3340,-15.7471,-68.5425,t001,AHC
2527299698,439169,3,pelvis,loading,-0.2889,1.1052,-0.2235,-19.5923,14.4653,-75.1953,t001,AHC
2527299739,439185,3,pelvis,loading,0.0762,1.0590,-0.1945,-21.9727,15.9912,-76.4771,t001,AHC
2527299739,439201,3,pelvis,loading,0.0807,1.0773,-0.2457,-27.5879,6.7139,-73.5474,t001,AHC
2527299740,439217,3,pelvis,loading,0.0087,1.0896,-0.1555,-25.1465,3.2349,-69.4580,t001,AHC
2527299777,439233,3,pelvis,midstance,-0.0172,0.9729,-0.1536,-18.3716,-14.7705,-57.3120,t001,AHC
2527299777,439249,3,pelvis,midstance,-0.0920,0.9368,-0.2291,-19.7144,-25.3296,-50.3540,t001,AHC
2527299822,439265,3,pelvis,midstance,-0.1814,0.9542,-0.2637,-20.2637,-23.1323,-49.1943,t001,AHC
2527299823,439281,3,pelvis,midstance,-0.1727,0.9476,-0.2233,-18.8599,-13.9160,-45.8984,t001,AHC
2527299823,439298,3,pelvis,midstance,0.0050,0.9854,-0.1827,-18.3105,-9.5825,-43.0298,t001,AHC
2527299861,439314,3,pelvis,midstance,-0.0238,1.0112,-0.1765,-15.3198,-7.8735,-35.5835,t001,AHC
2527299863,439330,3,pelvis,midstance,-0.0665,0.9880,-0.1764,-13.4277,-7.3242,-29.5410,t001,AHC
2527299905,439346,3,pelvis,midstance,-0.0707,0.9812,-0.2151,-13.4888,-6.7139,-28.0151,t001,AHC
2527299905,439362,3,pelvis,midstance,-0.0713,0.9819,-0.2424,-11.8408,-9.9487,-25.5737,t001,AHC
2527299905,439378,3,pelvis,midstance,-0.0818,0.9550,-0.2640,-10.5591,-11.8408,-24.7192,t001,AHC
2527299942,439395,3,pelvis,midstance,-0.0917,0.9512,-0.2518,-8.9111,-12.7563,-24.4141,t001,AHC
2527299944,439411,3,pelvis,midstance,-0.0704,0.9573,-0.2397,-7.5684,-9.2163,-23.8647,t001,AHC
2527299971,439427,3,pelvis,midstance,-0.0424,0.9492,-0.2593,-5.7983,-6.0425,-22.5220,t001,AHC
2527299985,439443,3,pelvis,midstance,-0.0289,0.9434,-0.2716,-0.2441,-0.9766,-18.8599,t001,AHC
2527299986,439459,3,pelvis,midstance,-0.0381,0.9250,-0.2794,4.4556,0.9155,-15.9912,t001,AHC
2527300025,439475,3,pelvis,midstance,-0.0453,0.9414,-0.2462,4.5776,1.6479,-15.7471,t001,AHC
2527300025,439491,3,pelvis,midstance,-0.0427,0.9554,-0.2261,2.6855,4.3335,-15.4419,t001,AHC
2527300039,439507,3,pelvis,midstance,-0.0386,0.9545,-0.2000,1.5259,5.4932,-15.3198,t001,AHC
2527300066,439523,3,pelvis,midstance,-0.0380,0.9512,-0.2001,-0.6714,8.3618,-15.9302,t001,AHC
2527300066,439539,3,pelvis,midstance,-0.0137,0.9517,-0.2263,-1.2207,9.6436,-16.4795,t001,AHC
2527300104,439555,3,pelvis,midstance,-0.0630,0.9609,-0.2550,-1.2817,8.1787,-17.7002,t001,AHC
2527300104,439571,3,pelvis,midstance,-0.0834,0.9619,-0.2512,-0.8545,8.4229,-20.2637,t001,AHC
2527300144,439587,3,pelvis,midstance,-0.0797,0.9640,-0.2406,-1.0376,9.8267,-22.1558,t001,AHC
2527300144,439603,3,pelvis,midstance,-0.0609,0.9670,-0.2428,-1.4038,10.1318,-25.1465,t001,AHC
2527300144,439619,3,pelvis,midstance,-0.0181,0.9650,-0.2391,-0.9766,8.3618,-26.0010,t001,AHC
2527300181,439635,3,pelvis,midstance,-0.0154,0.9619,-0.2322,0.0610,4.3945,-27.5879,t001,AHC
2527300183,439651,3,pelvis,midstance,-0.0256,0.9594,-0.2378,0.1831,2.9907,-29.4800,t001,AHC
2527300223,439667,3,pelvis,midstance,-0.0178,0.9629,-0.2378,0.0610,2.9907,-30.4565,t001,AHC
2527300223,439683,3,pelvis,midstance,0.0104,0.9637,-0.2334,-0.2441,3.4790,-30.4565,t001,AHC
2527300224,439699,3,pelvis,midstance,0.0710,0.9576,-0.2285,-0.1831,2.7466,-29.2358,t001,AHC
2527300261,439715,3,pelvis,midstance,0.0804,0.9532,-0.2289,-0.2441,-1.2207,-25.2686,t001,AHC
2527300263,439731,3,pelvis,midstance,0.0800,0.9576,-0.2303,-0.2441,-5.7983,-21.3623,t001,AHC
2527300303,439747,3,pelvis,midstance,0.0618,0.9547,-0.2307,-0.0610,-7.6294,-19.8364,t001,AHC
2527300304,439763,3,pelvis,midstance,0.0474,0.9590,-0.2334,-0.7324,-9.4604,-18.5547,t001,AHC
2527300304,439779,3,pelvis,midstance,0.0248,0.9781,-0.2421,-1.3428,-10.0708,-18.5547,t001,AHC
2527300340,439795,3,pelvis,midstance,0.0343,0.9778,-0.2432,-1.4648,-9.6436,-18.6157,t001,AHC
2527300341,439811,3,pelvis,midstance,0.0654,0.9574,-0.2325,-0.7935,-8.5449,-18.7988,t001,AHC
2527300381,439827,3,pelvis,midstance,0.0664,0.9568,-0.2416,-0.5493,-8.4839,-19.1040,t001,AHC
2527300381,439843,3,pelvis,midstance,0.0680,0.9569,-0.2427,0.0000,-9.2163,-20.0806,t001,AHC
2527300382,439859,3,pelvis,midstance,0.0684,0.9536,-0.2399,0.2441,-9.3994,-20.8130,t001,AHC
2527300418,439875,3,pelvis,midstance,0.0680,0.9525,-0.2394,0.6714,-8.8501,-22.8271,t001,AHC
2527300420,439891,3,pelvis,midstance,0.0770,0.9526,-0.2413,0.8545,-8.2397,-23.9868,t001,AHC
2527300459,439907,3,pelvis,midstance,0.0994,0.9558,-0.2445,1.3428,-7.3242,-26.1841,t001,AHC
2527300460,439923,3,pelvis,midstance,0.1111,0.9503,-0.2448,2.5024,-7.5684,-27.4658,t001,AHC
2527300460,439939,3,pelvis,midstance,0.1112,0.9467,-0.2327,2.9297,-7.7515,-27.8931,t001,AHC
2527300495,439955,3,pelvis,midstance,0.1010,0.9501,-0.2313,3.0518,-6.5308,-28.9307,t001,AHC
2527300496,439971,3,pelvis,midstance,0.1371,0.9612,-0.2308,2.9297,-5.3101,-29.4189,t001,AHC
2527300536,439987,3,pelvis,midstance,0.1725,0.9619,-0.2301,3.3569,-6.2866,-28.6255,t001,AHC
2527300537,440003,3,pelvis,midstance,0.1794,0.9576,-0.2292,3.8452,-10.8643,-26.4893,t001,AHC
2527300572,440019,3,pelvis,midstance,0.1608,0.9502,-0.2385,3.9062,-13.0005,-25.6958,t001,AHC
2527300574,440034,3,pelvis,midstance,0.1520,0.9493,-0.2366,4.2725,-13.9770,-25.6348,t001,AHC
2527300574,440051,3,pelvis,midstance,0.1589,0.9563,-0.2340,4.9438,-13.4888,-26.6724,t001,AHC
2527300615,440066,3,pelvis,midstance,0.1478,0.9526,-0.2404,6.2256,-13.3667,-29.4800,t001,AHC
2527300616,440082,3,pelvis,midstance,0.1498,0.9602,-0.2347,5.1880,-12.9395,-32.3486,t001,AHC
2527300624,440098,3,pelvis,midstance,0.1727,0.9757,-0.2122,4.9438,-13.6108,-34.3018,t001,AHC
2527300652,440114,3,pelvis,midstance,0.1912,0.9756,-0.2042,5.7983,-16.7847,-37.9028,t001,AHC
2527300654,440130,3,pelvis,midstance,0.2339,0.9639,-0.1893,6.2866,-18.8599,-39.0015,t001,AHC
2527300693,440146,3,pelvis,midstance,0.2285,0.9656,-0.1998,7.3242,-22.5830,-40.1001,t001,AHC
2527300694,440162,3,pelvis,midstance,0.1941,0.9723,-0.2587,8.2397,-22.0337,-40.7715,t001,AHC
2527300730,440178,3,pelvis,midstance,0.2323,0.9862,-0.2466,10.1929,-20.5688,-43.1519,t001,AHC
2527300730,440194,3,pelvis,terminal,0.2399,0.9956,-0.2260,12.6953,-22.3999,-46.5088,t001,AHC
2527300731,440210,3,pelvis,terminal,0.2410,1.0453,-0.1947,13.7329,-24.1089,-48.6450,t001,AHC
2527300775,440226,3,pelvis,terminal,0.2108,1.0634,-0.1860,16.1743,-27.9541,-53.0395,t001,AHC
2527300775,440242,3,pelvis,terminal,0.2294,1.0969,-0.1901,17.4561,-27.5269,-55.1147,t001,AHC
2527300800,440259,3,pelvis,terminal,0.2191,1.0702,-0.2194,19.0430,-24.1699,-58.5937,t001,AHC
2527300813,440275,3,pelvis,terminal,0.2174,1.0643,-0.2172,16.3574,-17.6392,-63.1103,t001,AHC
2527300815,440290,3,pelvis,terminal,0.2740,1.0756,-0.1658,14.4653,-15.3198,-64.9414,t001,AHC
2527300855,440306,3,pelvis,terminal,0.2996,1.0690,-0.1274,11.5967,-15.3198,-64.3311,t001,AHC
2527300855,440322,3,pelvis,terminal,0.3553,1.0150,-0.0591,10.8643,-16.2354,-62.3779,t001,AHC
2527300892,440338,3,pelvis,terminal,0.3716,0.9495,-0.0280,10.6201,-17.7612,-57.6782,t001,AHC
2527300892,440354,3,pelvis,terminal,0.3701,0.9238,-0.0396,11.1694,-19.4702,-55.1147,t001,AHC
2527300893,440370,3,pelvis,terminal,0.3344,0.9149,-0.0886,10.8643,-21.2402,-55.2368,t001,AHC
2527300934,440386,3,pelvis,terminal,0.3068,0.9238,-0.1061,9.0942,-22.7051,-57.6172,t001,AHC
2527300935,440402,3,pelvis,terminal,0.2941,0.9554,-0.1061,7.9346,-22.3999,-59.5093,t001,AHC
2527300972,440418,3,pelvis,terminal,0.3214,0.9774,-0.0994,6.1646,-25.0854,-62.5610,t001,AHC
2527300974,440434,3,pelvis,terminal,0.3701,0.9846,-0.0936,5.7983,-28.8696,-63.2935,t001,AHC
2527300974,440450,3,pelvis,terminal,0.3162,0.9731,-0.0851,4.5776,-38.2690,-66.9556,t001,AHC
2527301013,440466,3,pelvis,terminal,0.2874,0.9861,-0.0736,3.4790,-39.3066,-75.5615,t001,AHC
2527301013,440481,3,pelvis,terminal,0.2939,1.0288,-0.0787,3.4790,-35.8276,-80.8105,t001,AHC
2527301051,440497,3,pelvis,terminal,0.2948,1.0543,-0.0963,3.9062,-22.2778,-92.6514,t001,AHC
2527301052,440513,3,pelvis,terminal,0.2732,1.0167,-0.1300,6.1035,-15.0757,-96.6186,t001,AHC
2527301053,440529,3,pelvis,terminal,0.3911,0.9790,-0.1674,12.6953,-0.6104,-100.0976,t001,AHC
2527301092,440545,3,pelvis,terminal,0.4651,0.9982,-0.1691,17.9443,27.4048,-98.2056,t001,AHC
2527301093,440561,3,pelvis,terminal,0.7952,1.0234,-0.1923,23.8037,44.4336,-96.8628,t001,AHC
2527301129,440577,3,pelvis,terminal,0.8600,0.9252,-0.2878,33.2642,62.0728,-92.0410,t001,AHC
2527301129,440593,3,pelvis,terminal,0.7577,0.7137,-0.3168,32.7759,60.0586,-86.6699,t001,AHC
2527301131,440609,3,pelvis,terminal,0.8713,0.6552,-0.2621,30.9448,43.3350,-78.2471,t001,AHC
2527301172,440624,3,pelvis,terminal,0.4313,0.5968,-0.2396,30.5786,32.1655,-66.1621,t001,AHC
2527301172,440640,3,pelvis,terminal,-0.4226,0.6732,-0.2039,24.8413,31.9824,-15.2588,t001,AHC
2527301208,440656,3,pelvis,terminal,-0.4678,0.6228,-0.1077,36.3770,19.1040,28.0151,t001,AHC
2527301210,440672,3,pelvis,terminal,0.0183,0.3248,-0.0542,38.9404,10.3760,38.8794,t001,AHC
2527301211,440688,3,pelvis,terminal,0.0509,0.3583,-0.1313,25.6348,0.6714,62.3779,t001,AHC
2527301250,440703,3,pelvis,terminal,-0.1184,0.5408,-0.2108,23.0713,0.8545,83.7402,t001,AHC
2527301250,440719,3,pelvis,terminal,-0.0544,0.5736,-0.1683,22.1558,14.5874,120.9106,t001,AHC
2527301287,440735,3,pelvis,terminal,0.2000,0.6508,-0.1428,15.7471,12.0850,150.6958,t001,AHC
2527301287,440751,3,pelvis,terminal,0.2612,0.7386,-0.2500,11.2915,-0.3662,166.1987,t001,AHC
2527301290,440767,3,pelvis,terminal,0.2490,0.7957,-0.2762,1.7700,-26.0620,190.4297,t001,AHC
2527301329,440783,3,pelvis,terminal,0.2386,0.8896,-0.2384,-3.2349,-32.1045,198.3642,t001,AHC
2527301330,440799,3,pelvis,terminal,0.2544,0.9414,-0.1929,-13.5498,-31.0059,209.1675,t001,AHC
2527301366,440815,3,pelvis,terminal,0.3352,1.0659,-0.1293,-17.5171,-28.6255,212.5854,t001,AHC
2527301369,440831,3,pelvis,terminal,0.3638,1.1354,-0.1221,-22.7051,-25.3906,215.3320,t001,AHC
2527301369,440847,3,pelvis,terminal,0.3445,1.1560,-0.1130,-28.1372,-16.1133,210.5713,t001,AHC
2527301410,440863,3,pelvis,terminal,0.2986,1.2083,-0.0608,-31.0669,-7.7515,206.1767,t001,AHC
2527301410,440879,3,pelvis,terminal,0.2876,1.2325,-0.0302,-33.6304,8.8501,197.2656,t001,AHC
2527301447,440895,3,pelvis,terminal,0.3024,1.2516,-0.0026,-32.8369,14.4653,193.3594,t001,AHC
2527301448,440911,3,pelvis,swing,0.3081,1.2550,-0.0145,-28.7476,17.2119,187.0727,t001,AHC
2527301448,440927,3,pelvis,swing,0.3000,1.2507,-0.0248,-23.2544,10.5591,182.1899,t001,AHC
2527301492,440943,3,pelvis,swing,0.2682,1.2385,-0.0494,-20.9961,5.5542,179.5044,t001,AHC
2527301492,440959,3,pelvis,swing,0.2504,1.2422,-0.0536,-18.1885,-1.8921,173.2178,t001,AHC
2527301494,440975,3,pelvis,swing,0.1992,1.2306,-0.0381,-16.9678,-3.4180,169.2505,t001,AHC
2527301532,440991,3,pelvis,swing,0.1814,1.2301,-0.0267,-15.1978,-0.3662,159.1187,t001,AHC
2527301532,441007,3,pelvis,swing,0.1674,1.2129,-0.0311,-11.4746,5.0659,145.4468,t001,AHC
2527301573,441023,3,pelvis,swing,0.1586,1.1407,-0.0629,-10.0708,7.3853,136.4136,t001,AHC
2527301573,441038,3,pelvis,swing,0.1581,1.1062,-0.0736,-9.4604,8.9111,116.8213,t001,AHC
2527301574,441054,3,pelvis,swing,0.1096,1.0227,-0.0791,-9.8267,7.7515,107.1777,t001,AHC
2527301609,441070,3,pelvis,swing,0.0867,1.0029,-0.0751,-10.7422,5.9814,87.7075,t001,AHC
2527301612,441086,3,pelvis,swing,0.0500,0.9694,-0.0736,-10.7422,7.3242,78.4302,t001,AHC
2527301651,441102,3,pelvis,swing,0.0380,0.9536,-0.0601,-10.3760,13.2446,60.3638,t001,AHC
2527301652,441118,3,pelvis,swing,0.0278,0.9406,-0.0573,-9.4604,16.4795,42.6636,t001,AHC
2527301687,441134,3,pelvis,swing,-0.0149,0.9152,-0.0549,-9.2163,17.7612,34.1187,t001,AHC
2527301689,441149,3,pelvis,swing,-0.0155,0.9032,-0.0514,-8.2397,21.2402,19.0430,t001,AHC
2527301690,441165,3,pelvis,swing,0.0078,0.8763,-0.0565,-7.5684,21.7285,12.2681,t001,AHC
2527301729,441181,3,pelvis,swing,0.0254,0.8682,-0.0714,-6.7139,18.4937,-1.6479,t001,AHC
2527301730,441197,3,pelvis,swing,0.0513,0.8719,-0.1044,-6.6528,15.7471,-9.3384,t001,AHC
2527301766,441213,3,pelvis,swing,0.0369,0.8733,-0.1060,-6.6528,13.2446,-26.3672,t001,AHC
2527301767,441229,3,pelvis,swing,0.0184,0.8660,-0.0988,-6.7749,18.9209,-44.1894,t001,AHC
2527301768,441245,3,pelvis,swing,-0.0361,0.9242,-0.0688,-6.5308,23.3154,-53.1006,t001,AHC
2527301808,441261,3,pelvis,swing,-0.1532,0.8835,-0.0804,-4.7607,27.2827,-62.9272,t001,AHC
2527301809,441277,3,pelvis,swing,-0.5712,0.8939,-0.1978,-7.0190,26.7334,-59.7534,t001,AHC
2527301815,441293,3,pelvis,swing,-0.3320,1.0431,0.0015,-4.5776,15.9912,-43.3350,t001,AHC
2527301846,441309,3,pelvis,swing,-0.1416,1.0403,-0.0171,1.9531,-2.6855,-44.1894,t001,AHC
2527301848,441325,3,pelvis,swing,-0.3086,1.0608,-0.4102,-2.8687,-12.6953,-49.6216,t001,AHC
2527301889,441341,3,pelvis,swing,-0.3889,1.2052,-0.4891,-24.9023,-15.0146,-63.6597,t001,AHC
2527301889,441358,3,pelvis,swing,-0.1281,1.2911,-0.2501,-25.9399,0.0610,-72.5708,t001,AHC
2527301926,441374,3,pelvis,swing,0.0668,1.1903,-0.1333,-27.4658,25.1465,-75.4395,t001,AHC
2527301927,441389,3,pelvis,swing,0.0630,1.0975,-0.0897,-20.1416,5.8594,-65.7349,t001,AHC
2527301928,441406,3,pelvis,swing,-0.0258,0.9755,-0.1997,-20.0806,-3.4180,-62.5000,t001,AHC
2527301968,441422,3,pelvis,swing,-0.0305,1.0009,-0.2258,-20.9351,-5.0659,-54.3823,t001,AHC
2527301969,441438,3,pelvis,swing,0.0135,1.0166,-0.2344,-19.4702,-4.7607,-48.1567,t001,AHC
2527302006,441454,3,pelvis,swing,-0.0414,0.9814,-0.2190,-14.7705,-6.9580,-34.4849,t001,AHC
2527302008,441470,3,pelvis,swing,-0.0790,0.9478,-0.2119,-11.5967,-8.6060,-24.5972,t001,AHC
2527302008,441486,3,pelvis,swing,-0.1448,0.9329,-0.2059,-11.2915,-6.9580,-22.5220,t001,AHC
2527302049,441502,3,pelvis,swing,-0.1498,0.9381,-0.2063,-11.9629,0.6714,-20.5078,t001,AHC
2527302050,441518,3,pelvis,swing,-0.1223,0.9519,-0.2075,-12.2070,2.6245,-20.0195,t001,AHC
2527302087,441534,3,pelvis,swing,-0.1327,0.9570,-0.2169,-11.7798,-1.6479,-20.2026,t001,AHC
2527302087,441550,3,pelvis,swing,-0.1515,0.9574,-0.2343,-10.4980,-6.6528,-22.3389,t001,AHC
2527302089,441567,3,pelvis,swing,-0.1530,0.9460,-0.2424,-9.8267,-7.0190,-23.8037,t001,AHC
2527302130,441583,3,pelvis,swing,-0.1445,0.9565,-0.2325,-7.9346,-7.1411,-27.0386,t001,AHC
2527302131,441599,3,pelvis,swing,-0.1365,0.9767,-0.2333,-6.9580,-7.8125,-28.6865,t001,AHC
2527302168,441615,3,pelvis,swing,-0.1123,0.9711,-0.2491,-5.6152,-8.5449,-31.3110,t001,AHC
2527302170,441631,3,pelvis,swing,-0.1088,0.9604,-0.2491,-4.4556,-6.7749,-32.2266,t001,AHC
2527302171,441648,3,pelvis,swing,-0.0660,0.9585,-0.2456,-4.1504,-6.1035,-31.9824,t001,AHC
2527302212,441664,3,pelvis,swing,-0.0214,0.9493,-0.2252,-2.9907,-7.1411,-30.0903,t001,AHC
2527302213,441680,3,pelvis,swing,-0.0197,0.9425,-0.2242,-2.5635,-5.5542,-26.9775,t001,AHC
2527302250,441696,3,pelvis,swing,-0.0226,0.9625,-0.2344,-2.5635,-3.5400,-25.6958,t001,AHC
2527302252,441713,3,pelvis,swing,-0.0438,0.9663,-0.2366,-2.1362,-2.9297,-24.4141,t001,AHC
2527302253,441729,3,pelvis,swing,-0.0687,0.9520,-0.2507,-1.7700,-2.3193,-24.5972,t001,AHC
2527302293,441745,3,pelvis,swing,-0.0120,0.9440,-0.2419,-1.4038,0.7324,-24.9634,t001,AHC
2527302293,441761,3,pelvis,swing,0.0193,0.9535,-0.2240,-1.7700,-1.8311,-24.0478,t001,AHC
2527302329,441777,3,pelvis,swing,0.0046,0.9731,-0.2170,-1.9531,-3.6621,-23.4375,t001,AHC
2527302331,441794,3,pelvis,swing,-0.0046,0.9756,-0.2218,-1.0986,-5.0659,-22.8882,t001,AHC
2527302332,441810,3,pelvis,swing,-0.0043,0.9539,-0.2347,-0.3052,-4.8828,-22.8882,t001,AHC
2527302371,441826,3,pelvis,swing,0.0243,0.9519,-0.2336,0.3052,-3.9673,-23.0713,t001,AHC
2527302371,441842,3,pelvis,swing,0.0160,0.9618,-0.2412,0.6104,-4.9438,-23.4985,t001,AHC
2527302407,441858,3,pelvis,swing,-0.0071,0.9663,-0.2461,1.0376,-5.0659,-24.1089,t001,AHC
2527302410,441874,3,pelvis,swing,-0.0085,0.9644,-0.2434,1.4038,-5.0049,-26.4893,t001,AHC
2527302410,441890,3,pelvis,swing,-0.0073,0.9655,-0.2390,1.3428,-5.0659,-28.0762,t001,AHC
2527302451,441906,3,pelvis,swing,0.0221,0.9658,-0.2440,1.7090,-3.4790,-30.8838,t001,AHC
2527302451,441922,3,pelvis,swing,0.0538,0.9583,-0.2446,2.9297,-1.9531,-31.0669,t001,AHC
2527302489,441938,3,pelvis,swing,0.0937,0.9526,-0.2345,3.4180,-3.0518,-30.3955,t001,AHC
2527302490,441954,3,pelvis,swing,0.0974,0.9564,-0.2274,4.0283,-6.7749,-28.7476,t001,AHC
2527302490,441970,3,pelvis,swing,0.0844,0.9579,-0.2290,4.1504,-8.2397,-28.1982,t001,AHC
2527302530,441986,3,pelvis,swing,0.0936,0.9478,-0.2310,4.6387,-9.2773,-27.6489,t001,AHC
2527302531,442002,3,pelvis,swing,0.0996,0.9442,-0.2312,5.0659,-9.0332,-27.2217,t001,AHC
2527302567,442018,3,pelvis,swing,0.1017,0.9496,-0.2236,5.0659,-8.8501,-27.1606,t001,AHC
2527302569,442034,3,pelvis,swing,0.1006,0.9539,-0.2168,5.0659,-8.3008,-28.0151,t001,AHC
2527302570,442050,3,pelvis,swing,0.1003,0.9657,-0.2258,5.3101,-8.5449,-28.9917,t001,AHC
2527302610,442066,3,pelvis,swing,0.1029,0.9669,-0.2279,4.4556,-9.2163,-29.9072,t001,AHC
2527302610,442082,3,pelvis,swing,0.1216,0.9622,-0.2185,3.8452,-10.0098,-30.8838,t001,AHC
2527302647,442098,3,pelvis,swing,0.1095,0.9673,-0.2272,4.0283,-10.4370,-32.0435,t001,AHC
2527302647,442114,3,pelvis,loading,0.1073,0.9723,-0.2346,4.9438,-10.7422,-35.5835,t001,AHC
2527302649,442130,3,pelvis,loading,0.1207,0.9768,-0.2355,5.3711,-11.0474,-37.7197,t001,AHC
2527302692,442146,3,pelvis,loading,0.1233,0.9799,-0.2386,6.2866,-11.9629,-42.4805,t001,AHC
2527302692,442162,3,pelvis,loading,0.1301,0.9880,-0.2423,6.8359,-12.4512,-44.9829,t001,AHC
2527302730,442178,3,pelvis,loading,0.1715,1.0001,-0.2245,8.0566,-13.2446,-49.4995,t001,AHC
2527302731,442193,3,pelvis,loading,0.1887,1.0076,-0.2126,9.9487,-13.9160,-52.6733,t001,AHC
2527302732,442209,3,pelvis,loading,0.1871,1.0638,-0.2537,11.2305,-14.2212,-53.8330,t001,AHC
2527302773,442226,3,pelvis,loading,0.1820,1.0916,-0.2898,14.2212,-16.9067,-56.8237,t001,AHC
2527302773,442241,3,pelvis,loading,0.2092,1.0996,-0.2246,15.2588,-19.5923,-59.7534,t001,AHC
2527302809,442258,3,pelvis,loading,0.1752,1.1339,-0.0936,17.1509,-27.2217,-65.5518,t001,AHC
2527302811,442274,3,pelvis,loading,0.1693,1.1420,-0.0598,16.9678,-28.8696,-71.8384,t001,AHC
2527302812,442290,3,pelvis,loading,0.2203,1.1345,-0.0679,16.6016,-27.4658,-74.5239,t001,AHC
2527302852,442306,3,pelvis,loading,0.2760,1.1017,-0.0973,16.7236,-22.5220,-74.8901,t001,AHC
2527302852,442322,3,pelvis,loading,0.3477,1.0199,-0.1570,16.4795,-21.4233,-72.9980,t001,AHC
2527302890,442338,3,pelvis,loading,0.2783,0.9786,-0.1945,15.1367,-24.0478,-67.6270,t001,AHC
2527302891,442353,3,pelvis,loading,0.2661,0.9795,-0.1971,12.7563,-22.2168,-67.8101,t001,AHC
2527302892,442369,3,pelvis,loading,0.2551,1.0110,-0.1967,12.0239,-22.0337,-69.5801,t001,AHC
2527302932,442385,3,pelvis,loading,0.2491,1.0254,-0.1871,10.0098,-27.7710,-73.8525,t001,AHC
2527302933,442401,3,pelvis,loading,0.2349,1.0487,-0.1375,8.5449,-31.9214,-76.7212,t001,AHC
2527302969,442417,3,pelvis,loading,0.2385,1.0646,-0.1078,5.2490,-40.1001,-83.1909,t001,AHC
2527302971,442433,3,pelvis,loading,0.2766,1.1044,-0.0741,4.0283,-44.6777,-86.1206,t001,AHC
2527302972,442449,3,pelvis,loading,0.2919,1.1160,-0.1279,2.4414,-53.8330,-91.3696,t001,AHC
2527303008,442465,3,pelvis,loading,0.2719,1.1187,-0.1852,-4.0283,-48.5229,-97.4731,t001,AHC
2527303013,442481,3,pelvis,loading,0.2877,1.1453,-0.2317,-6.7749,-37.3535,-99.0601,t001,AHC
2527303050,442497,3,pelvis,loading,0.2764,1.0918,-0.2439,-2.9907,-21.6064,-105.4687,t001,AHC
2527303050,442513,3,pelvis,loading,0.3895,0.9196,-0.2855,-2.6245,-16.2354,-105.9570,t001,AHC
2527303052,442529,3,pelvis,loading,0.8392,0.9048,-0.2490,-9.0942,-12.9395,-97.3511,t001,AHC
2527303093,442545,3,pelvis,loading,0.8785,0.8541,-0.2314,-11.4136,-38.1470,-88.9282,t001,AHC
2527303094,442561,3,pelvis,loading,-0.1915,0.7611,-0.1124,-7.3853,-56.5186,-64.0869,t001,AHC
2527303131,442578,3,pelvis,loading,-0.3524,0.7147,-0.0640,4.7607,-52.9175,-15.3809,t001,AHC
2527303131,442594,3,pelvis,loading,-0.1299,0.5103,-0.0470,8.6060,-36.0107,-6.0425,t001,AHC
2527303133,442610,3,pelvis,loading,0.0609,0.4668,-0.1737,4.4556,-1.3428,12.0239,t001,AHC
2527303174,442626,3,pelvis,loading,0.1710,0.4758,-0.2153,-0.5493,28.9307,40.8325,t001,AHC
2527303175,442641,3,pelvis,loading,0.2609,0.5104,-0.2312,-2.4414,32.9590,55.8472,t001,AHC
2527303212,442657,3,pelvis,loading,0.2672,0.5292,-0.2122,-5.4321,25.4517,80.1392,t001,AHC
2527303212,442673,3,pelvis,loading,0.4116,0.5913,-0.1582,-5.7373,20.3857,89.1724,t001,AHC
2527303213,442689,3,pelvis,midstance,0.5162,0.6538,-0.1426,-3.7842,9.3384,104.9194,t001,AHC
2527303258,442705,3,pelvis,midstance,0.4866,0.6696,-0.1427,-2.7466,-0.2441,116.3940,t001,AHC
2527303258,442721,3,pelvis,midstance,0.4564,0.6918,-0.1527,-3.7842,-1.9531,119.5068,t001,AHC
2527303259,442737,3,pelvis,midstance,0.4796,0.7172,-0.1487,-7.1411,-5.5542,124.6338,t001,AHC
2527303297,442753,3,pelvis,midstance,0.4740,0.7969,-0.1118,-8.7280,-7.8735,127.9297,t001,AHC
2527303299,442769,3,pelvis,midstance,0.4385,0.8491,-0.0776,-11.5967,-6.0425,133.5449,t001,AHC
2527303340,442785,3,pelvis,midstance,0.4069,0.9814,0.0222,-12.1460,-1.6479,134.2163,t001,AHC
2527303341,442801,3,pelvis,midstance,0.3722,1.0415,0.0703,-9.0942,7.9346,132.2021,t001,AHC
2527303341,442817,3,pelvis,midstance,0.3158,1.0358,0.0647,-5.3101,26.6113,127.1362,t001,AHC
2527303380,442833,3,pelvis,midstance,0.2036,1.0094,0.0186,-4.6997,43.2739,124.7559,t001,AHC
2527303381,442848,3,pelvis,midstance,0.1780,1.0106,-0.0035,-4.7607,81.9702,122.3144,t001,AHC
2527303423,442864,3,pelvis,midstance,0.1969,1.0437,-0.0586,-4.4556,97.9004,122.3755,t001,AHC
2527303424,442880,3,pelvis,midstance,0.2209,1.0737,-0.1246,-2.1362,114.8682,125.0000,t001,AHC
2527303424,442896,3,pelvis,midstance,0.2216,1.0876,-0.1515,0.6714,115.6006,128.7231,t001,AHC
2527303463,442912,3,pelvis,midstance,0.2422,1.0967,-0.1934,1.8921,111.3892,130.8594,t001,AHC
2527303463,442928,3,pelvis,midstance,0.2496,1.0940,-0.2102,3.1128,93.8721,135.3149,t001,AHC
2527303464,442943,3,pelvis,midstance,0.2295,1.0917,-0.2330,3.0518,81.5430,137.0850,t001,AHC
2527303504,442959,3,pelvis,midstance,0.2094,1.0901,-0.2369,2.0142,55.1147,139.0381,t001,AHC
2527303505,442975,3,pelvis,midstance,0.1938,1.1147,-0.2284,0.9155,42.6636,139.4043,t001,AHC
2527303542,442990,3,pelvis,midstance,0.1555,1.1527,-0.2079,-1.2817,19.6533,139.9536,t001,AHC
2527303542,443006,3,pelvis,midstance,0.1128,1.1495,-0.1842,-1.7090,2.8687,139.2822,t001,AHC
2527303542,443022,3,pelvis,terminal,0.0574,1.1266,-0.1545,-1.2207,-2.5635,138.5498,t001,AHC
2527303587,443038,3,pelvis,terminal,0.0376,1.1085,-0.1660,-0.8545,-10.1929,135.3760,t001,AHC
2527303587,443054,3,pelvis,terminal,0.0061,1.0819,-0.1952,-1.7090,-12.6343,132.9346,t001,AHC
2527303589,443070,3,pelvis,terminal,-0.0002,1.0656,-0.1978,-4.6387,-16.4185,125.6103,t001,AHC
2527303625,443086,3,pelvis,terminal,0.0385,1.0453,-0.1777,-6.3477,-18.7988,120.6055,t001,AHC
2527303625,443102,3,pelvis,terminal,0.0861,1.0236,-0.1549,-9.1553,-25.9399,107.2388,t001,AHC
2527303668,443118,3,pelvis,terminal,0.0823,1.0017,-0.1406,-10.8643,-30.2734,88.5010,t001,AHC
2527303669,443133,3,pelvis,terminal,0.0869,0.9646,-0.0990,-11.2915,-28.5034,77.2705,t001,AHC
2527303669,443149,3,pelvis,terminal,0.0916,0.9469,-0.0720,-11.1694,-18.3105,52.7344,t001,AHC
2527303707,443165,3,pelvis,terminal,0.1107,0.9116,-0.0193,-10.7422,-10.5591,39.9170,t001,AHC
2527303708,443181,3,pelvis,terminal,0.1333,0.8969,-0.0059,-9.5825,8.7891,14.4043,t001,AHC
2527303748,443197,3,pelvis,terminal,0.1860,0.8909,-0.0201,-9.0942,19.4092,1.4038,t001,AHC
2527303749,443213,3,pelvis,terminal,0.2152,0.9795,-0.0096,-8.3618,40.4053,-26.7944,t001,AHC
2527303749,443229,3,pelvis,terminal,0.3545,0.9647,0.0156,-3.0518,52.4292,-57.1899,t001,AHC
2527303785,443245,3,pelvis,terminal,0.0137,0.9279,-0.0975,-2.1973,49.4995,-69.2139,t001,AHC
2527303787,443261,3,pelvis,swing,-0.5239,0.9939,-0.1466,-2.3193,16.4795,-55.7251,t001,AHC
2527303827,443277,3,pelvis,swing,-0.4181,1.0238,-0.1740,-1.8311,-4.3945,-41.1987,t001,AHC
2527303828,443293,3,pelvis,swing,-0.1438,1.2103,-0.3292,-8.9722,-25.3906,-47.0581,t001,AHC
2527303829,443309,3,pelvis,swing,-0.2738,1.2358,-0.3304,-12.8784,-1.6479,-64.5142,t001,AHC
2527303867,443325,3,pelvis,swing,-0.2822,1.1205,-0.0613,-12.5122,13.5498,-69.0308,t001,AHC
2527303867,443341,3,pelvis,swing,-0.1550,1.0308,0.0133,-14.3433,17.9443,-70.2515,t001,AHC
2527303908,443357,3,pelvis,swing,0.0245,0.9828,-0.1954,-18.0054,10.5591,-68.1763,t001,AHC
2527303909,443373,3,pelvis,swing,-0.0286,1.0430,-0.3042,-21.9727,-1.9531,-63.1103,t001,AHC
2527303909,443389,3,pelvis,swing,-0.0863,1.0122,-0.2888,-14.5264,-5.0049,-55.7861,t001,AHC
2527303945,443405,3,pelvis,swing,-0.0914,0.9457,-0.2460,-11.2305,-8.7280,-51.8799,t001,AHC
2527303946,443422,3,pelvis,swing,-0.1807,0.9326,-0.2312,-9.8877,-18.4326,-49.7436,t001,AHC
2527303987,443438,3,pelvis,swing,-0.1973,0.9507,-0.1475,-10.9863,-15.0146,-49.7436,t001,AHC
2527303987,443454,3,pelvis,swing,-0.0717,1.0087,-0.1471,-13.3057,-7.0190,-49.0723,t001,AHC
2527304024,443470,3,pelvis,swing,-0.0051,1.0143,-0.1836,-12.2681,-10.9253,-45.4102,t001,AHC
2527304025,443486,3,pelvis,swing,0.0226,0.9755,-0.1716,-11.2305,-13.2446,-43.1519,t001,AHC
2527304026,443502,3,pelvis,swing,-0.0210,0.9469,-0.1704,-11.4746,-15.1367,-37.6587,t001,AHC
2527304066,443518,3,pelvis,swing,-0.1056,0.9380,-0.1931,-12.8174,-12.8784,-36.1938,t001,AHC
2527304067,443534,3,pelvis,swing,-0.0553,0.9612,-0.2185,-14.4653,-5.1880,-34.9121,t001,AHC
2527304103,443550,3,pelvis,swing,-0.0099,0.9698,-0.2277,-13.1836,-3.1738,-31.1890,t001,AHC
2527304103,443566,3,pelvis,swing,0.0045,0.9562,-0.2375,-11.9629,-5.0659,-28.7476,t001,AHC
2527304106,443582,3,pelvis,swing,-0.0077,0.9486,-0.2413,-10.8032,-6.5918,-24.2920,t001,AHC
2527304146,443598,3,pelvis,swing,-0.0092,0.9718,-0.2524,-10.6812,-6.4087,-22.4609,t001,AHC
2527304147,443614,3,pelvis,swing,-0.0310,0.9832,-0.2566,-9.6436,-7.1411,-19.4092,t001,AHC
2527304183,443630,3,pelvis,swing,-0.0320,0.9773,-0.2498,-8.3008,-8.9111,-18.0054,t001,AHC
2527304185,443647,3,pelvis,swing,-0.0238,0.9784,-0.2479,-7.8735,-9.9487,-17.7002,t001,AHC
2527304185,443663,3,pelvis,swing,-0.0303,0.9803,-0.2578,-6.5308,-11.0474,-17.3340,t001,AHC
2527304226,443679,3,pelvis,swing,-0.0325,0.9651,-0.2628,-5.3101,-11.1084,-17.5781,t001,AHC
2527304227,443695,3,pelvis,swing,-0.0226,0.9514,-0.2554,-2.6855,-10.0708,-19.0430,t001,AHC
2527304256,443711,3,pelvis,swing,-0.0040,0.9475,-0.2528,-1.0986,-7.5684,-19.5923,t001,AHC
2527304263,443727,3,pelvis,swing,0.0065,0.9429,-0.2550,-0.6714,-6.7139,-19.4092,t001,AHC
2527304265,443743,3,pelvis,swing,-0.0021,0.9465,-0.2554,-0.2441,-5.7983,-19.3481,t001,AHC
2527304305,443759,3,pelvis,swing,-0.0050,0.9595,-0.2384,-0.3052,-5.1880,-19.5313,t001,AHC
2527304305,443775,3,pelvis,swing,0.0089,0.9485,-0.2365,-0.1221,-3.9062,-20.1416,t001,AHC
2527304342,443791,3,pelvis,swing,0.0132,0.9452,-0.2438,-0.0610,-3.7231,-21.6675,t001,AHC
2527304344,443807,3,pelvis,swing,0.0118,0.9583,-0.2555,-0.0610,-4.3335,-22.7661,t001,AHC
2527304344,443823,3,pelvis,swing,0.0096,0.9656,-0.2504,0.0000,-6.2256,-25.2686,t001,AHC
2527304384,443839,3,pelvis,swing,-0.0107,0.9827,-0.2401,0.0000,-7.0190,-26.9775,t001,AHC
2527304385,443855,3,pelvis,swing,0.0581,0.9977,-0.2335,-0.2441,-9.3994,-29.2969,t001,AHC
2527304424,443871,3,pelvis,swing,0.0934,0.9894,-0.2372,0.0610,-16.2964,-27.7710,t001,AHC
2527304424,443887,3,pelvis,swing,0.0966,0.9614,-0.2417,-0.1221,-19.4702,-26.7334,t001,AHC
2527304425,443903,3,pelvis,swing,0.0835,0.9545,-0.2457,-0.3052,-22.2168,-25.5737,t001,AHC
2527304466,443919,3,pelvis,swing,0.0656,0.9548,-0.2562,0.0610,-21.9727,-25.4517,t001,AHC
2527304466,443935,3,pelvis,swing,0.1008,0.9502,-0.2566,1.4038,-18.5547,-25.5127,t001,AHC
2527304503,443951,3,pelvis,swing,0.1221,0.9495,-0.2507,2.4414,-16.7847,-24.4141,t001,AHC
2527304505,443967,3,pelvis,swing,0.1272,0.9497,-0.2506,3.0518,-16.6016,-23.3765,t001,AHC
2527304505,443983,3,pelvis,swing,0.1185,0.9403,-0.2555,4.9438,-14.2822,-21.7895,t001,AHC
2527304546,443999,3,pelvis,swing,0.1263,0.9303,-0.2601,5.6763,-12.8784,-21.6675,t001,AHC
2527304546,444015,3,pelvis,swing,0.1417,0.9314,-0.2537,6.3477,-12.2681,-21.7285,t001,AHC
2527304584,444031,3,pelvis,swing,0.1517,0.9397,-0.2433,6.4697,-13.6719,-21.6064,t001,AHC
2527304585,444047,3,pelvis,swing,0.1002,0.9489,-0.2363,5.6152,-15.2588,-21.7895,t001,AHC
2527304586,444062,3,pelvis,swing,0.0895,0.9624,-0.2308,4.9438,-10.8032,-24.7803,t001,AHC
2527304626,444078,3,pelvis,swing,0.1224,0.9700,-0.2219,5.3101,-8.7891,-26.7334,t001,AHC
2527304626,444094,3,pelvis,swing,0.1448,0.9634,-0.2198,5.9814,-7.9346,-29.6631,t001,AHC
2527304663,444110,3,pelvis,swing,0.1761,0.9481,-0.2365,6.2256,-8.5449,-30.5176,t001,AHC
2527304663,444126,3,pelvis,swing,0.1688,0.9594,-0.2284,7.1411,-11.7187,-31.8603,t001,AHC
2527304666,444142,3,pelvis,swing,0.1515,0.9607,-0.2187,8.5449,-13.5498,-34.7900,t001,AHC
2527304705,444158,3,pelvis,swing,0.1591,0.9808,-0.2100,8.7280,-12.9395,-37.1094,t001,AHC
2527304706,444174,3,pelvis,swing,0.1790,0.9924,-0.2156,9.3384,-12.5122,-40.9546,t001,AHC
2527304743,444190,3,pelvis,swing,0.1968,1.0068,-0.2109,9.8877,-13.6108,-42.4805,t001,AHC
2527304743,444206,3,pelvis,swing,0.1825,1.0265,-0.2135,12.1460,-15.9302,-46.4478,t001,AHC
2527304745,444222,3,pelvis,swing,0.1582,1.0649,-0.2527,14.9536,-17.7612,-52.0630,t001,AHC
2527304784,444238,3,pelvis,swing,0.1851,1.0818,-0.2098,15.9302,-19.0430,-55.2368,t001,AHC
2527304785,444254,3,pelvis,swing,0.1814,1.0922,-0.1907,17.8223,-19.5313,-61.7676,t001,AHC
2527304821,444270,3,pelvis,swing,0.1732,1.1072,-0.1824,18.1885,-18.7378,-65.3076,t001,AHC
2527304823,444286,3,pelvis,swing,0.1752,1.1157,-0.1603,17.3950,-18.2495,-73.6084,t001,AHC
2527304823,444301,3,pelvis,swing,0.2052,1.1105,-0.1395,16.9678,-17.7612,-76.9653,t001,AHC
2527304863,444317,3,pelvis,swing,0.2694,1.0636,-0.1698,13.1226,-12.8174,-78.4912,t001,AHC
2527304864,444333,3,pelvis,swing,0.2523,1.0504,-0.2139,7.3242,-12.2681,-78.7354,t001,AHC
2527304900,444349,3,pelvis,swing,0.2389,1.0764,-0.2878,4.5776,-13.0615,-79.7119,t001,AHC
2527304903,444365,3,pelvis,swing,0.2948,1.0822,-0.2891,3.5400,-28.7476,-84.2895,t001,AHC
2527304903,444381,3,pelvis,swing,0.3516,1.1229,-0.2350,2.5635,-44.1284,-87.3413,t001,AHC
2527304942,444397,3,pelvis,swing,0.4246,1.1486,-0.1917,-3.1128,-70.5566,-93.4448,t001,AHC
2527304943,444413,3,pelvis,swing,0.3756,1.1299,-0.2192,-11.5356,-73.4253,-99.5483,t001,AHC
2527304978,444429,3,pelvis,swing,0.3967,1.0675,-0.2623,-16.7236,-65.7349,-101.0132,t001,AHC
2527304981,444445,3,pelvis,swing,0.5497,1.0000,-0.2944,-28.1982,-61.2183,-96.6186,t001,AHC
2527304981,444461,3,pelvis,swing,0.2604,0.9656,-0.2041,-34.0576,-62.0728,-91.0034,t001,AHC
2527305020,444477,3,pelvis,swing,-0.0713,0.9410,-0.0931,-33.4473,-48.5840,-63.1714,t001,AHC
2527305021,444493,3,pelvis,swing,0.0129,0.6990,-0.0420,-30.0293,-36.9873,-48.7061,t001,AHC
2527305059,444509,3,pelvis,swing,0.0076,0.6193,-0.1012,-28.8086,-19.2871,-23.8647,t001,AHC
2527305060,444525,3,pelvis,swing,0.0265,0.6029,-0.0967,-25.2075,-15.1978,0.8545,t001,AHC
2527305060,444541,3,pelvis,swing,0.1912,0.5850,-0.0620,-21.9727,-16.1133,12.6343,t001,AHC
2527305100,444557,3,pelvis,swing,0.1748,0.5817,-0.0677,-14.8926,-25.6348,36.1328,t001,AHC
2527305100,444573,3,pelvis,swing,0.1200,0.5809,-0.0995,-12.0850,-27.9541,45.8374,t001,AHC
2527305137,444588,3,pelvis,swing,0.1761,0.5840,-0.1078,-7.2632,-25.5737,61.9507,t001,AHC
2527305138,444604,3,pelvis,swing,0.1899,0.5791,-0.1255,-4.2114,-21.0571,76.5381,t001,AHC
2527305140,444620,3,pelvis,swing,0.1715,0.6361,-0.1436,-3.9062,-15.7471,82.5195,t001,AHC
2527305179,444636,3,pelvis,swing,0.1869,0.6991,-0.1401,-2.1973,-0.3052,93.8721,t001,AHC
2527305179,444652,3,pelvis,swing,0.2552,0.7969,-0.1383,-0.2441,7.0801,99.7925,t001,AHC
2527305218,444668,3,pelvis,swing,0.2898,0.8345,-0.1439,3.2349,18.1885,111.1450,t001,AHC
2527305219,444683,3,pelvis,swing,0.3571,0.9164,-0.1823,4.6387,20.8130,115.8447,t001,AHC
2527305219,444699,3,pelvis,swing,0.3765,0.9854,-0.2312,5.9204,23.5596,122.0093,t001,AHC
2527305258,444715,3,pelvis,swing,0.3901,1.0143,-0.2396,4.8218,27.9541,124.9390,t001,AHC
2527305259,444731,3,pelvis,swing,0.4243,1.0585,-0.2450,3.9673,28.8086,125.6714,t001,AHC
2527305295,444746,3,pelvis,swing,0.4220,1.0717,-0.2539,1.9531,26.6724,125.1221,t001,AHC
2527305298,444762,3,pelvis,swing,0.3723,1.0696,-0.2603,0.0000,26.2451,123.1079,t001,AHC
2527305298,444778,3,pelvis,swing,0.3488,1.0593,-0.2434,-5.7373,29.4800,116.2109,t001,AHC
2527305338,444794,3,pelvis,swing,0.2944,1.0298,-0.1744,-8.4839,31.8603,112.4878,t001,AHC
2527305338,444810,3,pelvis,swing,0.2462,1.0187,-0.1216,-12.1460,37.4756,106.6284,t001,AHC
2527305374,444825,3,pelvis,swing,0.2338,1.0215,-0.1001,-12.8174,45.0439,103.8208,t001,AHC
2527305376,444841,3,pelvis,swing,0.2102,1.0377,-0.0520,-11.7187,47.2412,103.2104,t001,AHC
2527305376,444857,3,pelvis,swing,0.1765,1.0422,-0.0452,-7.5073,46.9360,102.1118,t001,AHC
2527305415,444873,3,pelvis,swing,0.0979,1.0376,-0.0529,-5.4321,46.9971,101.6235,t001,AHC
2527305416,444889,3,pelvis,swing,0.0887,1.0464,-0.0585,-2.4414,48.3398,102.6611,t001,AHC
2527305451,444904,3,pelvis,swing,0.0835,1.0475,-0.0825,-1.0376,47.6685,104.1260,t001,AHC
2527305454,444920,3,pelvis,swing,0.0669,1.0361,-0.0977,0.9766,45.3491,105.8960,t001,AHC
2527305461,444936,3,pelvis,swing,0.0569,1.0419,-0.1051,1.8311,45.5933,105.4687,t001,AHC
2527305493,444952,3,pelvis,swing,0.0562,1.0637,-0.1289,1.7700,46.3867,105.1636,t001,AHC
2527305493,444967,3,pelvis,swing,0.0717,1.0686,-0.1378,1.8921,45.3491,104.6753,t001,AHC
2527305529,444983,3,pelvis,swing,0.0621,1.0402,-0.1448,2.0752,43.1519,103.7598,t001,AHC
2527305531,444999,3,pelvis,swing,0.0507,1.0314,-0.1366,2.2583,37.7197,99.3042,t001,AHC
2527305548,445015,3,pelvis,swing,0.0499,1.0210,-0.1265,2.5024,34.9121,96.8628,t001,AHC
2527305570,445030,3,pelvis,swing,0.0272,0.9952,-0.1560,2.3193,31.1279,91.3696,t001,AHC
2527305571,445046,3,pelvis,swing,0.0299,0.9860,-0.1620,-0.1221,29.8462,83.2519,t001,AHC
2527305608,445062,3,pelvis,swing,0.0607,0.9592,-0.1477,-1.5869,27.4048,78.3691,t001,AHC
2527305609,445078,3,pelvis,swing,0.0763,0.9468,-0.1372,-4.3945,19.0430,66.7725,t001,AHC
2527305648,445094,3,pelvis,swing,0.1041,0.9265,-0.1212,-5.1880,15.6250,59.6924,t001,AHC
2527305649,445109,3,pelvis,swing,0.1072,0.9397,-0.1250,-6.1035,13.2446,41.6870,t001,AHC
2527305649,445125,3,pelvis,swing,0.2861,0.9805,-0.0378,-5.2490,14.7705,29.2969,t001,AHC
2527305686,445141,3,pelvis,swing,0.6460,0.9470,-0.0745,-4.6997,21.6675,-4.6387,t001,AHC
2527305687,445157,3,pelvis,swing,0.8218,0.9960,-0.1432,-12.1460,30.0293,-51.3916,t001,AHC
2527305726,445173,3,pelvis,swing,-0.0320,1.1292,-0.3064,-13.5498,27.1606,-72.5098,t001,AHC
2527305726,445189,3,pelvis,swing,-0.9147,1.1173,-0.3367,-9.8877,4.4556,-59.0210,t001,AHC
2527305727,445205,3,pelvis,swing,-0.2751,1.0703,-0.0717,-7.5684,5.7373,-50.2930,t001,AHC
2527305763,445221,3,pelvis,swing,0.0432,1.1487,-0.1917,-14.4653,3.2959,-63.7817,t001,AHC
2527305765,445237,3,pelvis,swing,-0.1770,1.1056,-0.1620,-15.8081,-2.6855,-62.2559,t001,AHC
2527305805,445253,3,pelvis,swing,-0.1451,0.9695,-0.0325,-15.1367,2.8076,-60.9741,t001,AHC
2527305805,445269,3,pelvis,swing,-0.0562,0.9696,-0.0621,-21.9727,5.4321,-59.7534,t001,AHC
2527305805,445285,3,pelvis,swing,0.0626,1.0347,-0.3369,-27.4658,3.7842,-57.4951,t001,AHC
2527305841,445301,3,pelvis,loading,0.0471,1.0903,-0.3168,-26.0010,4.0894,-52.7954,t001,AHC
2527305841,445317,3,pelvis,loading,-0.0491,1.0070,-0.1428,-15.9912,-5.6152,-44.3115,t001,AHC
2527305886,445333,3,pelvis,loading,-0.0615,0.9570,-0.2021,-14.8315,-8.6060,-41.8091,t001,AHC
2527305886,445349,3,pelvis,loading,-0.0594,0.9669,-0.2318,-15.9302,-3.1128,-38.2690,t001,AHC
2527305886,445365,3,pelvis,loading,-0.0647,0.9935,-0.1615,-15.6860,0.3662,-36.3770,t001,AHC
2527305925,445381,3,pelvis,loading,-0.0643,0.9927,-0.1334,-16.4795,3.8452,-32.2876,t001,AHC
2527305926,445397,3,pelvis,loading,-0.0107,0.9971,-0.1754,-17.0288,3.3569,-27.2827,t001,AHC
2527305966,445413,3,pelvis,loading,-0.0071,0.9736,-0.1992,-15.7471,1.4648,-23.8037,t001,AHC
2527305967,445429,3,pelvis,loading,-0.0120,0.9713,-0.1908,-13.1836,-2.3804,-16.9067,t001,AHC
2527305967,445445,3,pelvis,loading,-0.0565,0.9855,-0.1987,-12.4512,-5.1270,-14.7705,t001,AHC
2527306002,445461,3,pelvis,loading,-0.0737,0.9802,-0.2180,-11.5356,-7.9956,-12.6343,t001,AHC
2527306003,445477,3,pelvis,loading,-0.0651,0.9558,-0.2504,-11.1084,-7.0190,-12.2681,t001,AHC
2527306044,445494,3,pelvis,loading,-0.0769,0.9738,-0.2461,-9.3994,-7.0801,-11.6577,t001,AHC
2527306045,445510,3,pelvis,loading,-0.0806,0.9872,-0.2452,-6.9580,-11.7187,-11.5967,t001,AHC
2527306045,445526,3,pelvis,loading,-0.0529,0.9741,-0.2458,-5.8594,-13.4888,-11.2915,t001,AHC
2527306082,445542,3,pelvis,loading,-0.0493,0.9614,-0.2661,-4.2725,-15.8081,-10.4370,t001,AHC
2527306083,445558,3,pelvis,loading,-0.0907,0.9587,-0.2677,-3.2959,-16.8457,-10.4980,t001,AHC
2527306124,445574,3,pelvis,loading,-0.0709,0.9537,-0.2560,-1.4648,-14.5874,-12.3291,t001,AHC
2527306125,445590,3,pelvis,loading,-0.0591,0.9454,-0.2583,0.2441,-12.1460,-14.1602,t001,AHC
2527306125,445606,3,pelvis,loading,-0.0593,0.9318,-0.2549,0.4272,-10.7422,-15.0146,t001,AHC
2527306160,445622,3,pelvis,loading,-0.0529,0.9279,-0.2505,-0.4272,-7.5073,-16.6016,t001,AHC
2527306162,445638,3,pelvis,loading,-0.0490,0.9323,-0.2672,-0.8545,-5.8594,-17.6392,t001,AHC
2527306202,445654,3,pelvis,loading,-0.0629,0.9167,-0.2742,-0.4883,-2.6855,-19.1040,t001,AHC
2527306202,445670,3,pelvis,loading,-0.0789,0.9021,-0.2886,-3.1128,-0.0610,-21.4844,t001,AHC
2527306239,445686,3,pelvis,loading,-0.0558,0.8999,-0.2848,-4.9438,1.9531,-23.3154,t001,AHC
2527306240,445702,3,pelvis,loading,-0.0281,0.9443,-0.2322,-4.1504,4.4556,-26.2451,t001,AHC
2527306240,445718,3,pelvis,loading,-0.0059,1.0292,-0.1556,-2.7466,3.2349,-26.9165,t001,AHC
2527306279,445734,3,pelvis,loading,-0.0184,1.0024,-0.1876,-2.8687,0.0000,-28.5645,t001,AHC
2527306280,445750,3,pelvis,loading,-0.0199,0.9836,-0.2147,-4.5776,-2.5024,-30.8838,t001,AHC
2527306318,445766,3,pelvis,loading,-0.0177,0.9722,-0.2596,-5.0049,-4.5166,-32.2876,t001,AHC
2527306318,445782,3,pelvis,loading,0.0072,0.9822,-0.2615,-4.2114,-7.2021,-34.4238,t001,AHC
2527306319,445798,3,pelvis,loading,0.0798,0.9767,-0.2511,-2.8076,-7.8735,-34.1187,t001,AHC
2527306358,445814,3,pelvis,loading,0.1118,0.9482,-0.2448,0.7935,-7.9956,-30.3955,t001,AHC
2527306358,445830,3,pelvis,loading,0.1107,0.9468,-0.2396,3.1128,-8.7891,-25.6348,t001,AHC
2527306394,445846,3,pelvis,loading,0.0829,0.9613,-0.2305,3.8452,-9.3994,-24.1699,t001,AHC
2527306397,445862,3,pelvis,loading,0.0750,0.9581,-0.2345,5.3711,-7.4463,-22.3389,t001,AHC
2527306398,445878,3,pelvis,loading,0.0914,0.9395,-0.2369,5.8594,-5.4932,-21.6064,t001,AHC
2527306422,445894,3,pelvis,loading,0.1145,0.9403,-0.2308,6.0425,-3.9673,-19.8364,t001,AHC
2527306437,445910,3,pelvis,loading,0.1035,0.9528,-0.2319,5.6152,-5.8594,-18.6768,t001,AHC
2527306472,445926,3,pelvis,loading,0.0896,0.9547,-0.2374,5.6763,-6.2866,-18.3105,t001,AHC
2527306475,445942,3,pelvis,loading,0.0834,0.9471,-0.2407,5.7373,-5.8594,-18.7378,t001,AHC
2527306510,445958,3,pelvis,loading,0.0918,0.9540,-0.2457,5.4932,-5.2490,-19.4702,t001,AHC
2527306515,445974,3,pelvis,loading,0.1006,0.9578,-0.2405,5.8594,-5.7983,-20.8740,t001,AHC
2527306515,445990,3,pelvis,loading,0.0930,0.9545,-0.2300,6.2866,-6.4697,-21.6675,t001,AHC
2527306552,446006,3,pelvis,midstance,0.0936,0.9502,-0.2240,7.1411,-6.5918,-24.2310,t001,AHC
2527306552,446022,3,pelvis,midstance,0.0912,0.9534,-0.2306,7.0801,-5.1270,-27.8320,t001,AHC
2527306557,446038,3,pelvis,midstance,0.0983,0.9779,-0.2281,6.7749,-4.2114,-29.4800,t001,AHC
2527306596,446054,3,pelvis,midstance,0.1237,0.9863,-0.2151,7.0801,-3.9062,-31.2500,t001,AHC
2527306596,446070,3,pelvis,midstance,0.1749,0.9690,-0.2009,7.5684,-4.8218,-31.1890,t001,AHC
2527306634,446086,3,pelvis,midstance,0.1946,0.9484,-0.2174,8.3008,-7.2021,-29.7241,t001,AHC
2527306636,446102,3,pelvis,midstance,0.1967,0.9474,-0.2231,9.8267,-10.2539,-28.6255,t001,AHC
2527306637,446118,3,pelvis,midstance,0.1724,0.9528,-0.2246,10.3149,-11.4746,-28.1982,t001,AHC
2527306676,446134,3,pelvis,midstance,0.1617,0.9596,-0.2263,10.7422,-12.3901,-28.8086,t001,AHC
2527306676,446150,3,pelvis,midstance,0.1721,0.9689,-0.2174,11.1694,-12.5122,-30.0293,t001,AHC
2527306712,446166,3,pelvis,midstance,0.1780,0.9753,-0.2231,12.2681,-12.4512,-33.0200,t001,AHC
2527306713,446181,3,pelvis,midstance,0.1809,0.9816,-0.2236,13.4277,-12.4512,-35.4614,t001,AHC
2527306753,446197,3,pelvis,midstance,0.1971,0.9843,-0.2087,14.2212,-12.8174,-36.6821,t001,AHC
2527306754,446213,3,pelvis,midstance,0.2118,0.9933,-0.2078,16.1743,-12.7563,-39.0015,t001,AHC
2527306754,446229,3,pelvis,midstance,0.2281,1.0316,-0.2367,17.4561,-12.9395,-39.6729,t001,AHC
2527306789,446245,3,pelvis,midstance,0.2247,1.0405,-0.2338,21.2402,-17.5171,-40.4663,t001,AHC
2527306791,446261,3,pelvis,midstance,0.2097,1.0269,-0.1743,22.6440,-19.2871,-42.0532,t001,AHC
2527306829,446277,3,pelvis,midstance,0.1780,1.0114,-0.1539,22.9492,-15.0757,-45.8374,t001,AHC
2527306830,446293,3,pelvis,midstance,0.1919,1.0013,-0.1554,19.9585,-7.8125,-50.4150,t001,AHC
2527306830,446309,3,pelvis,midstance,0.2701,1.0557,-0.1296,18.1274,-6.7749,-53.2227,t001,AHC
2527306868,446325,3,pelvis,midstance,0.3000,1.0938,-0.1163,16.0522,-10.3149,-53.6499,t001,AHC
2527306868,446341,3,pelvis,midstance,0.3248,1.0493,-0.0997,15.6860,-13.7329,-51.5137,t001,AHC
2527306908,446357,3,pelvis,midstance,0.2983,0.9806,-0.0796,15.0146,-18.4326,-48.0957,t001,AHC
2527306908,446373,3,pelvis,midstance,0.2839,0.9653,-0.0837,14.0991,-16.3574,-48.1567,t001,AHC
2527306908,446389,3,pelvis,midstance,0.2789,0.9591,-0.1074,13.4888,-15.3809,-49.3774,t001,AHC
2527306943,446405,3,pelvis,midstance,0.2849,0.9619,-0.1158,11.2915,-17.6392,-53.2227,t001,AHC
2527306943,446420,3,pelvis,terminal,0.2762,0.9606,-0.1095,10.1318,-20.1416,-55.6030,t001,AHC
2527306987,446436,3,pelvis,terminal,0.2743,0.9631,-0.0889,8.2397,-22.3999,-60.0586,t001,AHC
2527306987,446452,3,pelvis,terminal,0.3273,0.9795,-0.0393,7.7515,-23.9258,-62.5000,t001,AHC
2527306988,446468,3,pelvis,terminal,0.3470,0.9739,-0.0338,8.2397,-24.7803,-63.1714,t001,AHC
2527307026,446484,3,pelvis,terminal,0.3552,0.9664,-0.0475,8.3618,-26.5503,-64.4531,t001,AHC
2527307026,446500,3,pelvis,terminal,0.3683,0.9532,-0.0590,7.8735,-28.0151,-65.3687,t001,AHC
2527307065,446516,3,pelvis,terminal,0.3654,0.9507,-0.0583,6.5918,-28.8696,-68.9697,t001,AHC
2527307065,446532,3,pelvis,terminal,0.3719,0.9941,-0.0842,5.9814,-26.9775,-72.4487,t001,AHC
2527307102,446548,3,pelvis,terminal,0.3459,1.0344,-0.1344,6.1035,-20.8740,-80.1392,t001,AHC
2527307103,446564,3,pelvis,terminal,0.3298,1.0127,-0.1726,5.3101,-10.9863,-82.0923,t001,AHC
2527307104,446580,3,pelvis,terminal,0.4056,0.9983,-0.1833,4.7607,-2.1973,-81.4819,t001,AHC
2527307143,446596,3,pelvis,terminal,0.5258,0.9995,-0.1909,10.1318,14.1602,-85.2661,t001,AHC
2527307144,446612,3,pelvis,terminal,0.6281,0.9025,-0.2396,11.3525,18.7378,-86.3647,t001,AHC
2527307179,446628,3,pelvis,terminal,0.7362,0.8417,-0.1732,9.1553,19.6533,-82.4585,t001,AHC
2527307181,446644,3,pelvis,terminal,0.7716,0.7850,-0.1670,10.6201,6.5308,-72.9370,t001,AHC
2527307181,446660,3,pelvis,terminal,0.1335,0.7062,-0.2031,9.7046,-1.0986,-62.5000,t001,AHC
2527307220,446676,3,pelvis,terminal,-0.1251,0.7076,-0.2137,7.7515,10.4370,-35.5225,t001,AHC
2527307220,446692,3,pelvis,terminal,-0.0536,0.6140,-0.1691,8.4229,23.4375,-24.0478,t001,AHC
2527307258,446708,3,pelvis,terminal,0.0706,0.5798,-0.1382,9.4604,25.0854,-5.0659,t001,AHC
2527307258,446723,3,pelvis,terminal,0.2474,0.5937,-0.1633,7.6904,21.3623,4.6387,t001,AHC
2527307258,446739,3,pelvis,terminal,0.1879,0.5983,-0.1803,2.9297,14.5874,32.9590,t001,AHC
2527307296,446755,3,pelvis,terminal,0.1383,0.6061,-0.1501,1.5869,12.9395,60.7910,t001,AHC
2527307297,446771,3,pelvis,terminal,0.1949,0.6371,-0.0995,2.2583,13.8550,72.5708,t001,AHC
2527307332,446786,3,pelvis,terminal,0.2484,0.6683,-0.1112,1.7090,9.8877,93.0786,t001,AHC
2527307334,446802,3,pelvis,swing,0.2187,0.7383,-0.1577,0.7324,5.6152,102.9053,t001,AHC
2527307373,446818,3,pelvis,swing,0.1908,0.7595,-0.1549,-1.3428,2.5024,119.8120,t001,AHC
2527307373,446834,3,pelvis,swing,0.2448,0.7964,-0.1267,-2.6245,3.1738,126.6479,t001,AHC
2527307373,446850,3,pelvis,swing,0.2604,0.8517,-0.1389,-5.1270,1.8311,139.8926,t001,AHC
2527307411,446865,3,pelvis,swing,0.2455,0.8864,-0.1426,-8.3618,2.7466,151.8555,t001,AHC
2527307412,446881,3,pelvis,swing,0.2930,0.9690,-0.1335,-10.0098,4.2725,156.4941,t001,AHC
2527307451,446897,3,pelvis,swing,0.3208,1.0110,-0.1373,-13.0615,1.5259,163.0249,t001,AHC
2527307451,446913,3,pelvis,swing,0.3032,1.0760,-0.1566,-14.5264,-0.4883,164.3677,t001,AHC
2527307451,446929,3,pelvis,swing,0.2814,1.1226,-0.1545,-17.4561,3.9062,163.0249,t001,AHC
2527307488,446945,3,pelvis,swing,0.2761,1.1389,-0.1525,-20.5078,19.3481,157.7148,t001,AHC
2527307490,446961,3,pelvis,swing,0.2537,1.1477,-0.1453,-21.7285,29.0527,154.1748,t001,AHC
2527307529,446977,3,pelvis,swing,0.2566,1.1453,-0.1401,-22.8882,45.5933,146.3013,t001,AHC
2527307529,446992,3,pelvis,swing,0.2604,1.1304,-0.1503,-22.7661,49.8047,143.0054,t001,AHC
2527307530,447008,3,pelvis,swing,0.2511,1.1305,-0.1641,-21.9727,50.4761,138.3057,t001,AHC
2527307564,447024,3,pelvis,swing,0.2510,1.1349,-0.1783,-20.9961,47.7295,136.9019,t001,AHC
2527307566,447040,3,pelvis,swing,0.2402,1.0938,-0.1525,-17.6392,35.5835,135.0708,t001,AHC
2527307606,447055,3,pelvis,swing,0.2087,1.0721,-0.1471,-14.8926,21.7895,133.8501,t001,AHC
2527307606,447071,3,pelvis,swing,0.1310,1.0802,-0.1582,-14.4653,17.7002,132.9346,t001,AHC
2527307606,447087,3,pelvis,swing,0.1008,1.0806,-0.1599,-14.1602,14.7705,129.2114,t001,AHC
2527307641,447103,3,pelvis,swing,0.0598,1.0605,-0.1487,-14.0381,15.3198,126.4038,t001,AHC
2527307642,447119,3,pelvis,swing,0.0419,1.0490,-0.1448,-14.0991,20.0806,120.4834,t001,AHC
2527307682,447134,3,pelvis,swing,0.0403,1.0450,-0.1425,-14.1602,23.6206,118.7134,t001,AHC
2527307683,447150,3,pelvis,swing,0.0834,1.0319,-0.1720,-13.7939,27.7100,116.0889,t001,AHC
2527307712,447166,3,pelvis,swing,0.1086,1.0293,-0.1908,-13.7329,26.4893,111.1450,t001,AHC
2527307717,447182,3,pelvis,swing,0.1580,1.0426,-0.2103,-14.2212,23.2544,107.4219,t001,AHC
2527307719,447198,3,pelvis,swing,0.1947,1.0594,-0.2087,-15.9912,10.5591,94.9707,t001,AHC
2527307759,447214,3,pelvis,swing,0.2380,1.0270,-0.1790,-16.7847,3.0518,85.3882,t001,AHC
2527307759,447230,3,pelvis,swing,0.2371,0.9990,-0.1473,-17.9443,-3.2349,59.7534,t001,AHC
2527307795,447245,3,pelvis,swing,0.2300,0.9648,-0.0825,-17.9443,-0.3662,44.5557,t001,AHC
2527307795,447261,3,pelvis,swing,0.2377,0.9373,-0.0493,-16.7847,13.0005,12.0850,t001,AHC
2527307798,447277,3,pelvis,swing,0.2292,0.9397,-0.0759,-16.7236,30.2124,-20.7520,t001,AHC
2527307837,447293,3,pelvis,swing,0.3135,0.9934,0.0795,-15.5029,40.2222,-38.1470,t001,AHC
2527307837,447309,3,pelvis,swing,0.3004,1.0479,0.2086,-3.7231,56.1523,-75.1343,t001,AHC
2527307873,447325,3,pelvis,swing,-0.6046,0.9750,-0.0913,-2.5024,55.3589,-81.0547,t001,AHC
2527307876,447341,3,pelvis,swing,-0.4526,1.0759,0.0186,-7.6904,28.0762,-59.2651,t001,AHC
2527307876,447357,3,pelvis,swing,-0.0836,1.1238,-0.0111,-8.9722,-11.0474,-60.6689,t001,AHC
2527307914,447373,3,pelvis,swing,-0.1492,1.1266,-0.4045,-13.0005,-20.1416,-71.1060,t001,AHC
2527307915,447389,3,pelvis,swing,-0.2544,1.0436,-0.6222,-26.3672,-0.6714,-82.4585,t001,AHC
2527307950,447405,3,pelvis,swing,0.0074,1.2102,-0.2821,-28.3203,20.9961,-88.1958,t001,AHC
2527307953,447421,3,pelvis,swing,0.0663,1.2587,-0.0421,-11.7798,32.2876,-86.7920,t001,AHC
2527307991,447437,3,pelvis,swing,0.0701,0.9841,-0.1228,-10.3760,6.2256,-75.3174,t001,AHC
2527307992,447453,3,pelvis,swing,0.1067,0.9404,-0.1958,-12.7563,-7.5073,-70.7397,t001,AHC
2527307992,447469,3,pelvis,swing,0.0537,0.9637,-0.1442,-13.0615,-30.3955,-59.2041,t001,AHC
2527308027,447485,3,pelvis,swing,-0.1078,0.9725,-0.1713,-14.4043,-29.4800,-54.7485,t001,AHC
2527308029,447501,3,pelvis,swing,-0.0730,0.9854,-0.2129,-17.8833,-9.8267,-46.3257,t001,AHC
2527308069,447517,3,pelvis,swing,0.0095,0.9764,-0.2631,-16.6626,-6.1646,-41.4429,t001,AHC
2527308069,447533,3,pelvis,swing,-0.0580,0.9403,-0.2543,-12.0850,-9.3384,-33.9966,t001,AHC
2527308070,447550,3,pelvis,swing,-0.0657,0.9464,-0.2368,-11.2915,-10.2539,-32.4097,t001,AHC
2527308107,447566,3,pelvis,swing,-0.1058,0.9751,-0.2305,-11.1084,-8.3618,-32.5317,t001,AHC
2527308107,447582,3,pelvis,swing,-0.0908,0.9780,-0.2378,-9.8267,2.9907,-32.1655,t001,AHC
2527308147,447598,3,pelvis,swing,-0.0126,0.9508,-0.2645,-8.7280,6.4087,-31.0669,t001,AHC
2527308147,447614,3,pelvis,swing,0.0194,0.9406,-0.2825,-6.7139,1.6479,-28.7476,t001,AHC
2527308177,447630,3,pelvis,swing,0.0168,0.9485,-0.2769,-4.2725,-5.4932,-26.4282,t001,AHC
2527308183,447646,3,pelvis,loading,-0.0414,0.9767,-0.2699,-3.2349,-7.5073,-25.7568,t001,AHC
2527308183,447662,3,pelvis,loading,-0.0438,0.9747,-0.2673,-1.4038,-5.1880,-24.9023,t001,AHC
2527308227,447678,3,pelvis,loading,0.0050,0.9679,-0.2521,-0.8545,-3.6011,-24.5361,t001,AHC
2527308228,447694,3,pelvis,loading,0.0239,0.9711,-0.2642,-0.1221,-4.5776,-23.1323,t001,AHC
2527308257,447710,3,pelvis,loading,0.0043,0.9795,-0.2744,0.5493,-8.4839,-22.2168,t001,AHC
2527308263,447726,3,pelvis,loading,-0.0310,0.9791,-0.2729,0.8545,-9.3994,-22.3389,t001,AHC
2527308264,447742,3,pelvis,loading,-0.0248,0.9696,-0.2585,0.5493,-8.1787,-23.4985,t001,AHC
2527308304,447758,3,pelvis,loading,0.0144,0.9601,-0.2410,0.0000,-7.4463,-24.2310,t001,AHC
2527308305,447774,3,pelvis,loading,0.0050,0.9716,-0.2555,-0.8545,-9.2773,-25.7568,t001,AHC
2527308341,447790,3,pelvis,loading,0.0071,0.9731,-0.2559,-0.5493,-11.5967,-28.1372,t001,AHC
2527308343,447806,3,pelvis,loading,0.0170,0.9525,-0.2584,-0.3052,-11.9019,-29.4800,t001,AHC
2527308343,447822,3,pelvis,loading,0.0293,0.9432,-0.2617,-0.2441,-10.4370,-31.1890,t001,AHC
2527308383,447838,3,pelvis,loading,0.0751,0.9362,-0.2511,-0.2441,-9.3384,-31.3721,t001,AHC
2527308383,447854,3,pelvis,loading,0.0927,0.9448,-0.2456,-0.5493,-8.7280,-30.7007,t001,AHC
2527308422,447870,3,pelvis,loading,0.0973,0.9448,-0.2430,-0.4883,-9.3384,-29.7852,t001,AHC
2527308422,447886,3,pelvis,loading,0.1086,0.9468,-0.2443,-0.3052,-9.5825,-29.3579,t001,AHC
2527308422,447902,3,pelvis,loading,0.1125,0.9496,-0.2435,-0.0610,-10.7422,-28.8696,t001,AHC
2527308461,447918,3,pelvis,loading,0.1252,0.9403,-0.2345,-0.2441,-12.0239,-28.7476,t001,AHC
2527308462,447934,3,pelvis,loading,0.0990,0.9362,-0.2495,-3.9673,-11.6577,-27.8320,t001,AHC
2527308497,447950,3,pelvis,loading,0.0707,0.9354,-0.2485,-7.6294,-0.7324,-25.0854,t001,AHC
2527308500,447966,3,pelvis,loading,0.0813,0.9269,-0.2759,-5.1880,4.9438,-26.4282,t001,AHC
2527308501,447981,3,pelvis,loading,0.1381,0.9301,-0.2812,-0.1831,7.3242,-30.2734,t001,AHC
2527308540,447997,3,pelvis,loading,0.2275,0.9409,-0.2511,0.8545,4.4556,-29.5410,t001,AHC
2527308540,448013,3,pelvis,loading,0.2327,0.9427,-0.2339,1.4648,-3.1738,-24.4141,t001,AHC
2527308577,448029,3,pelvis,loading,0.1973,0.9475,-0.2299,1.6479,-5.7373,-21.9116,t001,AHC
2527308578,448045,3,pelvis,loading,0.1801,0.9413,-0.2526,2.0142,-7.9346,-18.6768,t001,AHC
2527308617,448061,3,pelvis,loading,0.1869,0.9382,-0.2590,2.3804,-9.3994,-17.0898,t001,AHC
2527308618,448077,3,pelvis,loading,0.1821,0.9419,-0.2537,2.5635,-10.6812,-16.7847,t001,AHC
2527308618,448093,3,pelvis,loading,0.1715,0.9531,-0.2456,2.7466,-13.5498,-17.5171,t001,AHC
2527308655,448109,3,pelvis,loading,0.1479,0.9812,-0.2289,2.9907,-14.6484,-18.6768,t001,AHC
2527308656,448125,3,pelvis,loading,0.1637,0.9703,-0.2361,4.7607,-15.8081,-21.9727,t001,AHC
2527308696,448141,3,pelvis,loading,0.1775,0.9594,-0.2424,5.3711,-16.6626,-24.4751,t001,AHC
2527308697,448156,3,pelvis,loading,0.1757,0.9537,-0.2477,5.6152,-16.9678,-25.5737,t001,AHC
2527308697,448172,3,pelvis,loading,0.1656,0.9606,-0.2452,6.8359,-16.4185,-28.8696,t001,AHC
2527308732,448188,3,pelvis,loading,0.1837,0.9597,-0.2535,7.7515,-15.9912,-30.8838,t001,AHC
2527308734,448204,3,pelvis,loading,0.2111,0.9518,-0.2583,9.0332,-16.1743,-33.7524,t001,AHC
2527308756,448220,3,pelvis,loading,0.2394,0.9336,-0.2567,9.3384,-16.7236,-34.6069,t001,AHC
2527308774,448236,3,pelvis,loading,0.2252,0.9486,-0.2443,9.5825,-16.6016,-36.1328,t001,AHC
2527308774,448252,3,pelvis,loading,0.2173,0.9695,-0.2416,10.4980,-14.6484,-38.7573,t001,AHC
2527308810,448268,3,pelvis,midstance,0.2354,1.0090,-0.2639,11.4746,-13.6719,-40.2222,t001,AHC
2527308812,448284,3,pelvis,midstance,0.2412,1.0120,-0.2864,12.7563,-11.4746,-41.9311,t001,AHC
2527308851,448300,3,pelvis,midstance,0.2446,0.9968,-0.2611,12.5122,-10.7422,-42.6636,t001,AHC
2527308852,448315,3,pelvis,midstance,0.2052,1.0116,-0.2241,12.8784,-10.3760,-47.3633,t001,AHC
2527308852,448331,3,pelvis,midstance,0.1991,1.0140,-0.2272,13.3667,-8.1177,-55.4810,t001,AHC
2527308888,448347,3,pelvis,midstance,0.2183,1.0137,-0.2104,13.1836,-7.7515,-60.4248,t001,AHC
2527308891,448363,3,pelvis,midstance,0.2462,1.0093,-0.1989,11.9629,-8.1177,-69.2139,t001,AHC
2527308929,448379,3,pelvis,midstance,0.2576,1.0210,-0.2034,10.8643,-9.4604,-72.9370,t001,AHC
2527308930,448395,3,pelvis,midstance,0.2798,1.0182,-0.2303,7.6904,-13.4888,-80.1392,t001,AHC
2527308930,448411,3,pelvis,midstance,0.2657,1.0322,-0.2725,5.2490,-17.2729,-84.3506,t001,AHC
2527308966,448427,3,pelvis,midstance,0.2056,1.0674,-0.2236,-0.8545,-23.9868,-93.6279,t001,AHC
2527308968,448443,3,pelvis,midstance,0.1967,1.1077,-0.1603,-5.3711,-22.3389,-101.4404,t001,AHC
2527309008,448459,3,pelvis,midstance,0.3782,1.0724,-0.0042,-3.6011,-20.5688,-99.9145,t001,AHC
2527309009,448475,3,pelvis,midstance,0.5089,0.9691,0.0446,1.4648,-22.5220,-88.6841,t001,AHC
2527309044,448491,3,pelvis,midstance,0.6479,0.7894,0.0305,1.8921,-27.7710,-80.6885,t001,AHC
2527309046,448507,3,pelvis,midstance,0.5773,0.8583,-0.0758,-0.9155,-38.2690,-68.9697,t001,AHC
2527309047,448523,3,pelvis,midstance,0.5372,0.8856,-0.1288,0.1831,-41.4429,-60.3027,t001,AHC
2527309086,448538,3,pelvis,midstance,0.5078,0.8965,-0.1659,1.7700,-40.6494,-57.6172,t001,AHC
2527309086,448554,3,pelvis,midstance,0.4751,0.8940,-0.1810,3.8452,-37.1094,-57.7393,t001,AHC
2527309122,448570,3,pelvis,midstance,0.3986,0.8748,-0.2303,3.6621,-33.6914,-59.5703,t001,AHC
2527309124,448586,3,pelvis,midstance,0.4836,0.8851,-0.2325,3.7231,-14.2212,-59.8144,t001,AHC
2527309124,448602,3,pelvis,midstance,0.7206,0.8533,-0.2479,5.7373,-6.8970,-58.1665,t001,AHC
2527309164,448618,3,pelvis,midstance,0.8744,0.7933,-0.1761,10.0098,-12.6953,-56.7627,t001,AHC
2527309165,448634,3,pelvis,midstance,1.0176,0.7739,-0.1396,10.0708,-21.1182,-63.4766,t001,AHC
2527309200,448650,3,pelvis,midstance,0.7133,0.8060,-0.1381,7.9346,-23.4375,-67.3828,t001,AHC
2527309202,448665,3,pelvis,midstance,0.1274,0.7041,-0.1637,9.0942,-24.6582,-51.5747,t001,AHC
2527309203,448681,3,pelvis,midstance,-0.5676,0.6644,-0.2344,6.8970,-17.7612,-28.9307,t001,AHC
2527309242,448697,3,pelvis,midstance,-0.2808,0.6007,-0.1571,9.5215,2.3804,1.2817,t001,AHC
2527309243,448713,3,pelvis,midstance,0.2738,0.5508,-0.0781,8.6060,0.8545,10.9253,t001,AHC
2527309278,448729,3,pelvis,midstance,-0.0359,0.6305,-0.1199,4.4556,-13.7939,43.7622,t001,AHC
2527309280,448744,3,pelvis,midstance,0.0117,0.6310,-0.0914,6.8970,-9.7656,73.3643,t001,AHC
2527309281,448760,3,pelvis,midstance,0.3250,0.6815,-0.0927,7.7515,-13.1836,84.0454,t001,AHC
2527309320,448776,3,pelvis,midstance,0.3093,0.7151,-0.1149,7.6904,-32.5317,104.9194,t001,AHC
2527309320,448792,3,pelvis,midstance,0.2319,0.7623,-0.0975,6.5308,-33.5693,112.2436,t001,AHC
2527309356,448807,3,pelvis,midstance,0.2754,0.7936,-0.0818,3.4790,-18.2495,119.4458,t001,AHC
2527309358,448823,3,pelvis,midstance,0.3505,0.8732,-0.0986,2.1362,-8.6060,121.0327,t001,AHC
2527309359,448839,3,pelvis,midstance,0.3917,0.9091,-0.1340,-0.2441,10.4370,121.5210,t001,AHC
2527309398,448855,3,pelvis,midstance,0.4154,0.9176,-0.1471,-3.8452,23.3765,119.8120,t001,AHC
2527309399,448870,3,pelvis,midstance,0.4790,0.9453,-0.1519,-5.4932,24.6582,119.6899,t001,AHC
2527309435,448886,3,pelvis,terminal,0.4961,0.9589,-0.1570,-7.2632,15.5640,120.6665,t001,AHC
2527309437,448902,3,pelvis,terminal,0.4817,0.9855,-0.1708,-7.8125,8.7891,120.7275,t001,AHC
2527309438,448918,3,pelvis,terminal,0.4635,0.9988,-0.1694,-8.7280,3.8452,118.9575,t001,AHC
2527309477,448933,3,pelvis,terminal,0.4100,1.0157,-0.1532,-9.2163,6.3477,117.6147,t001,AHC
2527309477,448949,3,pelvis,terminal,0.3405,0.9994,-0.1503,-10.2539,16.4185,113.2812,t001,AHC
2527309515,448965,3,pelvis,terminal,0.3191,0.9934,-0.1576,-11.8408,32.5317,107.3608,t001,AHC
2527309517,448981,3,pelvis,terminal,0.2965,1.0055,-0.1892,-12.8174,41.6870,105.1025,t001,AHC
2527309518,448997,3,pelvis,terminal,0.2904,1.0125,-0.2135,-14.3433,56.2744,102.6001,t001,AHC
2527309557,449012,3,pelvis,terminal,0.2892,1.0165,-0.2571,-15.0146,59.5703,101.9287,t001,AHC
2527309557,449028,3,pelvis,terminal,0.2946,1.0188,-0.2692,-15.9912,56.7627,102.3559,t001,AHC
2527309595,449044,3,pelvis,terminal,0.2869,0.9999,-0.2812,-16.4185,51.6968,103.5156,t001,AHC
2527309596,449060,3,pelvis,terminal,0.2429,0.9878,-0.2712,-18.4937,37.7808,107.1167,t001,AHC
2527309596,449075,3,pelvis,terminal,0.2234,0.9930,-0.2604,-20.8740,21.7895,111.3892,t001,AHC
2527309635,449091,3,pelvis,terminal,0.1812,0.9935,-0.2430,-21.6675,14.3433,113.4643,t001,AHC
2527309635,449107,3,pelvis,terminal,0.1560,0.9900,-0.2349,-22.7661,3.6621,116.1499,t001,AHC
2527309671,449123,3,pelvis,terminal,0.1084,0.9840,-0.2230,-23.2544,0.1221,116.6992,t001,AHC
2527309674,449139,3,pelvis,terminal,0.0859,0.9963,-0.2261,-23.9868,-2.9907,115.9668,t001,AHC
2527309674,449155,3,pelvis,terminal,0.0701,1.0269,-0.2374,-23.9868,-1.9531,114.9902,t001,AHC
2527309713,449170,3,pelvis,terminal,0.0349,1.0176,-0.2329,-23.2544,3.1738,112.4268,t001,AHC
2527309713,449186,3,pelvis,terminal,0.0177,1.0157,-0.2250,-23.4985,6.4697,109.8022,t001,AHC
2527309749,449202,3,pelvis,terminal,0.0288,1.0216,-0.2231,-23.6206,6.7139,108.7036,t001,AHC
2527309749,449218,3,pelvis,swing,0.0267,1.0206,-0.2317,-25.0854,6.2866,106.3843,t001,AHC
2527309753,449234,3,pelvis,swing,0.0261,1.0353,-0.2233,-26.3672,6.1035,104.8584,t001,AHC
2527309793,449249,3,pelvis,swing,0.0293,1.0333,-0.2048,-28.1982,4.0283,101.5015,t001,AHC
2527309794,449265,3,pelvis,swing,0.0344,1.0175,-0.1509,-28.5645,2.9297,98.9990,t001,AHC
2527309832,449281,3,pelvis,swing,0.0723,1.0071,-0.0937,-27.2217,5.5542,89.1724,t001,AHC
2527309835,449297,3,pelvis,swing,0.0869,0.9990,-0.0739,-24.4751,12.6343,71.9604,t001,AHC
2527309835,449313,3,pelvis,swing,0.1184,0.9800,-0.0505,-23.3154,16.7847,60.9131,t001,AHC
2527309874,449328,3,pelvis,swing,0.1376,0.9733,-0.0426,-21.6064,26.1230,35.7056,t001,AHC
2527309875,449344,3,pelvis,swing,0.1553,0.9673,-0.0259,-20.5688,31.2500,22.0947,t001,AHC
2527309911,449360,3,pelvis,swing,0.1571,0.9536,-0.0160,-17.1509,41.6260,-5.0049,t001,AHC
2527309914,449376,3,pelvis,swing,0.1666,0.9308,-0.0142,-14.9536,45.8374,-18.1885,t001,AHC
2527309914,449392,3,pelvis,swing,0.1743,0.9119,-0.0541,-11.0474,50.1709,-41.8701,t001,AHC
2527309953,449408,3,pelvis,swing,0.0498,0.9388,-0.1053,-9.0942,45.8984,-60.9741,t001,AHC
2527309954,449424,3,pelvis,swing,-0.8058,0.9806,0.0331,-4.0894,36.6821,-61.0352,t001,AHC
2527309991,449439,3,pelvis,swing,-0.8839,0.9470,0.0403,4.5776,20.6909,-38.0859,t001,AHC
2527309991,449455,3,pelvis,swing,-0.0581,0.9926,-0.1516,0.7935,12.9395,-35.7666,t001,AHC
2527309992,449471,3,pelvis,swing,-0.2446,1.1647,-0.3618,-8.5449,-27.5269,-49.7436,t001,AHC
2527310031,449487,3,pelvis,swing,-0.3977,1.1809,-0.3773,-12.7563,-25.5737,-65.4907,t001,AHC
2527310032,449503,3,pelvis,swing,-0.3235,1.1073,-0.2761,-12.5732,-9.0332,-73.2422,t001,AHC
2527310067,449519,3,pelvis,swing,-0.1555,1.0145,-0.3229,-14.3433,10.9863,-78.0640,t001,AHC
2527310070,449535,3,pelvis,swing,0.1322,1.0887,-0.3418,-17.3950,16.0522,-78.4912,t001,AHC
2527310070,449551,3,pelvis,swing,0.0928,1.1475,-0.2382,-9.1553,14.5874,-76.4160,t001,AHC
2527310110,449567,3,pelvis,swing,0.0046,0.9526,-0.2072,-4.6997,7.1411,-69.7632,t001,AHC
2527310110,449583,3,pelvis,swing,0.0421,0.9219,-0.2970,-5.1270,-2.5635,-60.3638,t001,AHC
2527310148,449599,3,pelvis,swing,0.0123,0.9507,-0.2928,-5.0659,-5.6152,-51.0254,t001,AHC
2527310149,449615,3,pelvis,swing,-0.1024,0.9526,-0.2587,-3.9673,-5.3101,-46.7529,t001,AHC
2527310150,449631,3,pelvis,swing,-0.0614,0.9543,-0.2286,-4.6997,-1.0986,-39.0015,t001,AHC
2527310189,449647,3,pelvis,swing,-0.0121,0.9810,-0.2007,-6.2866,-2.7466,-36.0107,t001,AHC
2527310190,449663,3,pelvis,swing,-0.0708,0.9824,-0.2362,-7.5073,-10.2539,-32.1045,t001,AHC
2527310228,449679,3,pelvis,swing,-0.0754,0.9637,-0.2596,-6.4697,-9.8877,-30.8228,t001,AHC
2527310228,449695,3,pelvis,swing,-0.0728,0.9462,-0.3021,-5.7983,-9.0942,-31.0669,t001,AHC
2527310268,449711,3,pelvis,swing,-0.0979,0.9490,-0.3188,-4.3945,-7.6904,-32.4097,t001,AHC
2527310268,449727,3,pelvis,swing,-0.0699,0.9685,-0.2906,-3.7231,-6.0425,-32.7759,t001,AHC
2527310269,449743,3,pelvis,swing,0.0027,0.9578,-0.2883,-1.2207,-2.9297,-30.8228,t001,AHC
2527310304,449759,3,pelvis,swing,0.0294,0.9402,-0.2856,1.2207,-3.2349,-25.8179,t001,AHC
2527310306,449775,3,pelvis,swing,0.0448,0.9429,-0.2643,1.7700,-3.7842,-23.0713,t001,AHC
2527310346,449791,3,pelvis,swing,0.0393,0.9462,-0.2588,2.3804,-4.5776,-17.2119,t001,AHC
2527310347,449807,3,pelvis,swing,0.0088,0.9520,-0.2692,2.2583,-5.3101,-14.7705,t001,AHC
2527310347,449823,3,pelvis,swing,-0.0239,0.9679,-0.2766,1.4038,-8.2397,-11.8408,t001,AHC
2527310384,449839,3,pelvis,swing,-0.0364,0.9684,-0.2863,2.0752,-10.1318,-11.4746,t001,AHC
2527310386,449855,3,pelvis,swing,-0.0364,0.9561,-0.2927,2.9297,-10.0098,-11.9629,t001,AHC
2527310421,449871,3,pelvis,swing,-0.0291,0.9509,-0.2820,4.2725,-9.1553,-13.9770,t001,AHC
2527310426,449887,3,pelvis,swing,-0.0256,0.9498,-0.2678,4.5776,-8.7280,-15.1367,t001,AHC
2527310427,449903,3,pelvis,swing,-0.0278,0.9523,-0.2736,4.9438,-7.6294,-18.0664,t001,AHC
2527310463,449919,3,pelvis,swing,-0.0208,0.9501,-0.2760,5.1270,-6.9580,-21.2402,t001,AHC
2527310466,449935,3,pelvis,swing,-0.0276,0.9540,-0.2714,4.8828,-6.1646,-22.8882,t001,AHC
2527310504,449951,3,pelvis,swing,-0.0063,0.9635,-0.2581,4.2725,-3.9673,-25.4517,t001,AHC
2527310505,449967,3,pelvis,swing,0.0353,0.9580,-0.2395,4.2725,-3.9673,-25.8179,t001,AHC
2527310505,449983,3,pelvis,swing,0.0431,0.9465,-0.2396,4.3335,-4.5776,-25.5127,t001,AHC
2527310540,449999,3,pelvis,swing,0.0717,0.9324,-0.2400,3.9673,-4.3945,-25.0244,t001,AHC
2527310543,450015,3,pelvis,swing,0.0685,0.9359,-0.2355,3.2959,-4.5166,-23.8647,t001,AHC
2527310582,450030,3,pelvis,swing,0.0553,0.9420,-0.2372,2.0752,-3.6011,-23.4375,t001,AHC
2527310582,450046,3,pelvis,swing,0.0593,0.9578,-0.2367,1.3428,-2.8687,-23.3765,t001,AHC
2527310583,450062,3,pelvis,swing,0.0743,0.9574,-0.2402,1.0376,-2.8687,-23.3154,t001,AHC
2527310618,450078,3,pelvis,swing,0.0887,0.9520,-0.2521,1.0986,-3.8452,-23.1323,t001,AHC
2527310620,450094,3,pelvis,swing,0.0820,0.9491,-0.2581,1.4648,-6.2256,-22.2778,t001,AHC
2527310661,450110,3,pelvis,swing,0.0857,0.9454,-0.2605,1.6479,-5.1880,-21.6064,t001,AHC
2527310661,450126,3,pelvis,swing,0.1035,0.9412,-0.2534,1.6479,-4.7607,-21.3013,t001,AHC
2527310662,450141,3,pelvis,swing,0.1029,0.9474,-0.2465,1.4648,-5.4321,-21.1792,t001,AHC
2527310698,450157,3,pelvis,swing,0.0978,0.9600,-0.2546,1.6479,-6.0425,-21.2402,t001,AHC
2527310699,450173,3,pelvis,swing,0.0957,0.9576,-0.2554,2.1973,-5.5542,-21.0571,t001,AHC
2527310739,450189,3,pelvis,swing,0.1326,0.9475,-0.2446,2.5024,-4.7607,-20.8130,t001,AHC
2527310739,450205,3,pelvis,swing,0.1470,0.9307,-0.2539,3.4790,-5.2490,-20.4468,t001,AHC
2527310740,450221,3,pelvis,swing,0.1477,0.9321,-0.2554,3.2959,-6.3477,-19.0430,t001,AHC
2527310776,450237,3,pelvis,swing,0.1244,0.9399,-0.2578,3.3569,-6.6528,-18.8599,t001,AHC
2527310777,450252,3,pelvis,swing,0.1169,0.9491,-0.2601,3.7842,-6.0425,-19.8975,t001,AHC
2527310816,450268,3,pelvis,swing,0.1521,0.9485,-0.2512,4.0283,-5.6763,-20.3247,t001,AHC
2527310817,450284,3,pelvis,swing,0.1680,0.9480,-0.2394,4.2114,-7.5073,-20.4468,t001,AHC
2527310852,450300,3,pelvis,swing,0.1587,0.9473,-0.2288,4.2725,-8.9722,-20.3247,t001,AHC
2527310854,450316,3,pelvis,swing,0.1471,0.9388,-0.2498,4.5776,-9.0942,-21.0571,t001,AHC
2527310855,450332,3,pelvis,swing,0.1533,0.9437,-0.2582,4.7607,-8.1787,-22.5830,t001,AHC
2527310895,450348,3,pelvis,swing,0.1534,0.9636,-0.2578,4.9438,-9.0332,-23.7427,t001,AHC
2527310896,450364,3,pelvis,swing,0.1470,0.9745,-0.2493,5.6152,-11.2915,-27.2217,t001,AHC
2527310933,450380,3,pelvis,swing,0.1453,0.9772,-0.2423,6.1035,-11.8408,-29.2969,t001,AHC
2527310933,450396,3,pelvis,swing,0.1853,0.9618,-0.2256,6.5918,-12.1460,-33.0200,t001,AHC
2527310933,450411,3,pelvis,loading,0.1998,0.9617,-0.2214,6.5918,-14.5874,-35.8276,t001,AHC
2527310978,450427,3,pelvis,loading,0.2163,0.9891,-0.2101,6.6528,-16.9067,-37.1094,t001,AHC
2527310978,450443,3,pelvis,loading,0.1984,1.0205,-0.2230,8.6060,-20.3857,-40.3442,t001,AHC
2527310979,450459,3,pelvis,loading,0.1775,1.0475,-0.2762,9.9487,-20.8740,-42.0532,t001,AHC
2527311017,450475,3,pelvis,loading,0.1957,1.0487,-0.2449,10.8643,-24.1699,-45.8984,t001,AHC
2527311018,450491,3,pelvis,loading,0.1968,1.0500,-0.1749,11.5356,-25.1465,-47.9736,t001,AHC
2527311058,450507,3,pelvis,loading,0.2881,1.0149,-0.1783,12.9395,-24.1089,-50.2930,t001,AHC
2527311059,450523,3,pelvis,loading,0.3115,0.9976,-0.1736,12.6343,-28.1982,-49.2554,t001,AHC
2527311059,450539,3,pelvis,loading,0.2830,0.9655,-0.1948,12.5732,-28.9917,-48.0957,t001,AHC
2527311095,450554,3,pelvis,loading,0.2843,0.9529,-0.2046,12.2681,-25.6348,-46.4478,t001,AHC
2527311097,450570,3,pelvis,loading,0.3088,0.9230,-0.2245,12.4512,-23.9868,-45.5933,t001,AHC
2527311137,450586,3,pelvis,loading,0.3383,0.9061,-0.2247,12.5122,-20.4468,-44.3115,t001,AHC
2527311138,450602,3,pelvis,loading,0.3445,0.9132,-0.2198,11.7798,-19.8975,-44.0674,t001,AHC
2527311138,450618,3,pelvis,loading,0.3165,0.9561,-0.1953,11.1694,-21.0571,-44.4946,t001,AHC
2527311174,450634,3,pelvis,loading,0.2963,0.9812,-0.1750,9.8267,-22.6440,-46.8140,t001,AHC
2527311176,450650,3,pelvis,loading,0.2698,1.0073,-0.1296,8.9722,-22.0947,-48.8281,t001,AHC
2527311216,450666,3,pelvis,loading,0.2740,1.0150,-0.1074,6.0425,-21.3623,-54.3823,t001,AHC
2527311216,450682,3,pelvis,loading,0.2610,1.0179,-0.0677,4.3945,-22.4609,-57.6172,t001,AHC
2527311217,450698,3,pelvis,loading,0.2847,0.9990,-0.0193,1.6479,-23.3765,-63.2324,t001,AHC
2527311254,450714,3,pelvis,loading,0.3167,0.9937,0.0023,-0.0610,-23.7427,-66.9556,t001,AHC
2527311254,450730,3,pelvis,loading,0.3799,0.9969,0.0000,-0.8545,-25.9399,-67.5659,t001,AHC
2527311293,450745,3,pelvis,loading,0.3813,0.9982,-0.0222,-2.7466,-35.0952,-67.6880,t001,AHC
2527311294,450761,3,pelvis,loading,0.3331,0.9971,-0.0859,-3.7842,-39.8560,-68.3594,t001,AHC
2527311329,450777,3,pelvis,loading,0.2261,1.0231,-0.1021,-5.7373,-44.3726,-73.2422,t001,AHC
2527311332,450793,3,pelvis,loading,0.2489,1.0322,-0.0801,-0.9155,-35.4004,-80.1392,t001,AHC
2527311332,450809,3,pelvis,loading,0.3745,1.0446,-0.0728,2.7466,-27.2217,-83.3130,t001,AHC
2527311371,450825,3,pelvis,loading,0.3771,1.0281,-0.0796,11.9019,-12.3291,-85.1440,t001,AHC
2527311372,450841,3,pelvis,loading,0.3846,0.9680,-0.0518,17.3340,-1.4038,-81.5430,t001,AHC
2527311409,450857,3,pelvis,loading,0.4944,0.9581,-0.0300,32.1045,26.7334,-71.4722,t001,AHC
2527311411,450873,3,pelvis,loading,0.6821,0.8634,-0.1235,40.0391,35.7056,-70.4346,t001,AHC
2527311411,450889,3,pelvis,loading,0.6898,0.7273,-0.2588,46.2036,45.7153,-66.7114,t001,AHC
2527311450,450904,3,pelvis,loading,0.6831,0.6851,-0.2981,43.8843,52.9175,-64.0259,t001,AHC
2527311450,450920,3,pelvis,loading,0.5240,0.4712,-0.4934,38.9404,57.4951,-57.6172,t001,AHC
2527311486,450936,3,pelvis,loading,0.1061,0.4965,-0.4733,21.1182,65.5518,-25.3296,t001,AHC
2527311489,450952,3,pelvis,loading,-0.1808,0.6548,-0.2074,22.3999,74.4019,-9.0332,t001,AHC
2527311489,450968,3,pelvis,loading,0.1831,0.5020,-0.0808,32.3486,79.5288,19.1650,t001,AHC
2527311529,450984,3,pelvis,loading,0.2460,0.4869,-0.1282,27.3437,40.8325,45.9595,t001,AHC
2527311529,451000,3,pelvis,loading,0.2065,0.5679,-0.3058,21.8506,19.9585,60.9741,t001,AHC
2527311565,451016,3,pelvis,loading,0.2249,0.6140,-0.3599,13.9770,-10.6812,91.9189,t001,AHC
2527311568,451031,3,pelvis,loading,0.2218,0.6818,-0.3423,10.9253,-22.8882,106.5674,t001,AHC
2527311568,451047,3,pelvis,loading,0.1432,0.7211,-0.2726,6.8970,-39.3066,131.7139,t001,AHC
2527311608,451063,3,pelvis,loading,0.1248,0.8016,-0.0974,6.5918,-42.3584,141.1743,t001,AHC
2527311609,451079,3,pelvis,loading,0.1689,0.8455,-0.0452,5.4321,-45.4102,156.4331,t001,AHC
2527311646,451094,3,pelvis,loading,0.1394,0.8672,-0.0590,-0.1831,-37.7197,168.0908,t001,AHC
2527311647,451110,3,pelvis,loading,0.1405,0.9478,-0.0601,-3.4180,-25.8789,172.3022,t001,AHC
2527311647,451127,3,pelvis,loading,0.1873,1.0076,-0.0537,-7.6294,0.0610,178.7109,t001,AHC
2527311687,451143,3,pelvis,loading,0.2354,1.1152,-0.0621,-8.1787,8.7280,180.6640,t001,AHC
2527311687,451159,3,pelvis,loading,0.2520,1.1641,-0.0647,-7.5073,20.7520,179.8706,t001,AHC
2527311723,451175,3,pelvis,loading,0.2611,1.1696,-0.0652,-5.7983,29.9683,175.7202,t001,AHC
2527311726,451191,3,pelvis,loading,0.2690,1.1676,-0.0857,-4.9438,32.0435,174.0112,t001,AHC
2527311726,451206,3,pelvis,loading,0.2749,1.1692,-0.1024,-3.4180,29.5410,171.3867,t001,AHC
2527311765,451222,3,pelvis,loading,0.3002,1.1641,-0.1378,-2.9907,26.4893,170.4101,t001,AHC
2527311765,451238,3,pelvis,loading,0.3153,1.1525,-0.1553,-3.7231,17.3950,170.2881,t001,AHC
2527311801,451254,3,pelvis,loading,0.3029,1.1500,-0.1726,-4.9438,10.6812,170.4101,t001,AHC
2527311804,451270,3,pelvis,loading,0.2345,1.1489,-0.1597,-7.4463,-4.6387,167.7856,t001,AHC
2527311842,451286,3,pelvis,loading,0.2054,1.1610,-0.1407,-10.2539,-14.3433,160.7056,t001,AHC
2527311843,451302,3,pelvis,loading,0.1780,1.1865,-0.0979,-11.1084,-16.3574,156.9214,t001,AHC
2527311843,451318,3,pelvis,loading,0.1792,1.1793,-0.0853,-10.9863,-18.1885,149.7192,t001,AHC
2527311879,451334,3,pelvis,loading,0.1815,1.1210,-0.0912,-10.4980,-19.0430,145.0195,t001,AHC
2527311880,451350,3,pelvis,loading,0.2146,1.0942,-0.1188,-11.1694,-20.5688,132.2632,t001,AHC
2527311921,451366,3,pelvis,loading,0.2052,1.0801,-0.1238,-12.8784,-22.3389,117.0044,t001,AHC
2527311921,451382,3,pelvis,loading,0.1929,1.0396,-0.0906,-13.6108,-22.8271,107.0557,t001,AHC
2527311921,451398,3,pelvis,loading,0.2113,1.0151,-0.0701,-13.9770,-21.9116,82.3975,t001,AHC
2527311957,451414,3,pelvis,loading,0.2264,0.9823,-0.0483,-13.9160,-19.3481,68.7866,t001,AHC
2527311957,451430,3,pelvis,midstance,0.2506,1.0273,0.0190,-12.3901,-7.4463,37.5977,t001,AHC
2527312001,451446,3,pelvis,midstance,0.3496,0.9872,0.0551,-8.6060,15.2588,-0.6104,t001,AHC
2527312001,451462,3,pelvis,midstance,0.5072,1.0500,0.1273,-8.1177,27.0386,-21.6064,t001,AHC
2527312002,451478,3,pelvis,midstance,0.5349,1.0341,0.0813,-7.2021,49.8657,-63.8428,t001,AHC
2527312039,451494,3,pelvis,midstance,-0.4802,1.0446,-0.1128,-10.1929,47.4853,-74.4019,t001,AHC
2527312039,451510,3,pelvis,midstance,-0.8247,1.1094,-0.0338,-4.9438,12.5732,-47.8516,t001,AHC
2527312075,451526,3,pelvis,midstance,-0.0576,0.9751,-0.0625,-2.4414,-1.7090,-38.9404,t001,AHC
2527312080,451542,3,pelvis,midstance,-0.1997,1.0317,-0.4030,-10.3149,-22.0337,-48.3398,t001,AHC
2527312081,451558,3,pelvis,midstance,-0.3580,1.0482,-0.3740,-12.9395,-6.5918,-55.4810,t001,AHC
2527312117,451574,3,pelvis,midstance,-0.1940,1.0120,-0.1736,-12.0850,7.9956,-58.7158,t001,AHC
2527312119,451591,3,pelvis,midstance,-0.1304,0.9965,-0.1354,-13.7329,15.1367,-60.9131,t001,AHC
2527312159,451607,3,pelvis,midstance,-0.1455,0.9545,-0.1536,-14.7705,4.0894,-58.4717,t001,AHC
2527312160,451623,3,pelvis,midstance,-0.0861,0.9537,-0.2440,-16.6626,-0.2441,-57.4341,t001,AHC
2527312160,451639,3,pelvis,midstance,-0.0778,1.0109,-0.2157,-18.9819,-3.8452,-56.2744,t001,AHC
2527312198,451655,3,pelvis,midstance,-0.1180,0.9729,-0.1622,-16.9067,-5.8594,-54.1382,t001,AHC
2527312198,451671,3,pelvis,midstance,0.0170,0.9797,-0.2211,-15.8691,-8.4839,-49.4995,t001,AHC
2527312238,451687,3,pelvis,midstance,0.0038,1.0167,-0.2152,-14.2822,-10.8032,-47.9126,t001,AHC
2527312239,451703,3,pelvis,midstance,-0.0333,1.0411,-0.1785,-12.6343,-10.4370,-47.1802,t001,AHC
2527312239,451720,3,pelvis,midstance,-0.0575,1.0350,-0.1851,-9.8877,-11.7798,-46.3257,t001,AHC
2527312275,451736,3,pelvis,midstance,-0.0878,0.9968,-0.1735,-9.5215,-13.6719,-45.7153,t001,AHC
2527312277,451752,3,pelvis,midstance,-0.0730,0.9734,-0.1886,-11.4136,-14.1602,-44.6167,t001,AHC
2527312317,451768,3,pelvis,midstance,-0.0135,0.9797,-0.1990,-12.0239,-15.8081,-40.0391,t001,AHC
2527312317,451784,3,pelvis,midstance,0.0293,0.9719,-0.2070,-11.2305,-20.5688,-37.1094,t001,AHC
2527312353,451800,3,pelvis,midstance,0.0112,0.9556,-0.2108,-10.1318,-26.1230,-31.5552,t001,AHC
2527312356,451816,3,pelvis,midstance,0.0054,0.9376,-0.2059,-10.1929,-24.1699,-29.6020,t001,AHC
2527312357,451832,3,pelvis,midstance,-0.0204,0.9419,-0.2206,-10.7422,-15.5029,-27.0996,t001,AHC
2527312397,451849,3,pelvis,midstance,-0.0195,0.9457,-0.2189,-10.4370,-7.0801,-25.5127,t001,AHC
2527312397,451865,3,pelvis,midstance,0.0073,0.9612,-0.2272,-10.0098,-4.3335,-25.0854,t001,AHC
2527312433,451881,3,pelvis,midstance,0.0099,0.9578,-0.2463,-8.6670,0.0610,-23.4375,t001,AHC
2527312434,451897,3,pelvis,midstance,0.0142,0.9438,-0.2279,-8.4229,0.4272,-22.4609,t001,AHC
2527312434,451913,3,pelvis,terminal,-0.0284,0.9678,-0.2405,-9.4604,0.9155,-22.5220,t001,AHC
2527312478,451929,3,pelvis,terminal,-0.0161,0.9810,-0.2402,-10.3760,3.4180,-23.7427,t001,AHC
2527312479,451945,3,pelvis,terminal,0.0243,0.9777,-0.2483,-10.1318,2.6245,-24.1089,t001,AHC
2527312480,451961,3,pelvis,terminal,0.0331,0.9703,-0.2578,-8.9111,-0.8545,-24.3530,t001,AHC
2527312518,451977,3,pelvis,terminal,0.0487,0.9524,-0.2715,-8.0566,-1.8921,-24.1699,t001,AHC
2527312519,451993,3,pelvis,terminal,0.0524,0.9537,-0.2743,-6.3477,-3.4790,-23.5596,t001,AHC
2527312558,452009,3,pelvis,terminal,0.0558,0.9558,-0.2715,-4.8828,-3.2959,-22.3389,t001,AHC
2527312559,452026,3,pelvis,terminal,0.0806,0.9526,-0.2549,-4.3945,-2.9297,-21.1792,t001,AHC
2527312593,452042,3,pelvis,terminal,0.0775,0.9594,-0.2552,-3.8452,-3.1738,-19.1040,t001,AHC
2527312597,452058,3,pelvis,terminal,0.0756,0.9706,-0.2587,-3.4790,-3.6011,-18.3105,t001,AHC
2527312598,452074,3,pelvis,terminal,0.0704,0.9600,-0.2388,-2.8076,-5.1880,-17.0898,t001,AHC
2527312637,452091,3,pelvis,terminal,0.0647,0.9591,-0.2335,-3.3569,-6.1035,-17.3340,t001,AHC
2527312637,452107,3,pelvis,terminal,0.0603,0.9667,-0.2539,-3.5400,-6.3477,-18.0664,t001,AHC
2527312674,452123,3,pelvis,terminal,0.0636,0.9677,-0.2687,-2.8687,-7.8735,-19.8975,t001,AHC
2527312677,452139,3,pelvis,terminal,0.0664,0.9586,-0.2697,-2.2583,-8.7280,-20.9351,t001,AHC
2527312677,452155,3,pelvis,terminal,0.0883,0.9550,-0.2596,-1.3428,-9.5215,-22.3999,t001,AHC
2527312716,452171,3,pelvis,terminal,0.1108,0.9524,-0.2584,-1.0376,-10.6812,-22.0337,t001,AHC
2527312717,452187,3,pelvis,terminal,0.1429,0.9510,-0.2563,-0.9766,-12.4512,-21.3623,t001,AHC
2527312752,452203,3,pelvis,terminal,0.1371,0.9512,-0.2496,-1.4648,-18.2495,-19.5313,t001,AHC
2527312755,452219,3,pelvis,terminal,0.1213,0.9547,-0.2438,-2.1973,-20.2026,-18.7378,t001,AHC
2527312755,452236,3,pelvis,terminal,0.1304,0.9410,-0.2595,-3.4790,-20.5078,-17.5171,t001,AHC
2527312794,452252,3,pelvis,terminal,0.1313,0.9364,-0.2595,-2.9907,-18.9819,-17.2119,t001,AHC
2527312795,452268,3,pelvis,terminal,0.1379,0.9431,-0.2473,-2.8076,-18.0054,-17.7002,t001,AHC
2527312832,452284,3,pelvis,terminal,0.1406,0.9535,-0.2495,-1.7700,-16.4795,-18.8599,t001,AHC
2527312833,452300,3,pelvis,terminal,0.1532,0.9460,-0.2653,-0.8545,-15.8081,-19.1650,t001,AHC
2527312835,452316,3,pelvis,terminal,0.1688,0.9366,-0.2590,0.3662,-15.5029,-19.7754,t001,AHC
2527312874,452332,3,pelvis,terminal,0.1617,0.9451,-0.2539,1.3428,-16.2964,-20.8740,t001,AHC
2527312875,452348,3,pelvis,terminal,0.1549,0.9550,-0.2406,2.1973,-16.2354,-21.3013,t001,AHC
2527312912,452364,3,pelvis,terminal,0.1647,0.9493,-0.2356,3.6011,-14.8315,-22.3999,t001,AHC
2527312913,452380,3,pelvis,terminal,0.1941,0.9355,-0.2350,3.8452,-13.9160,-22.5830,t001,AHC
2527312952,452396,3,pelvis,terminal,0.2076,0.9172,-0.2491,4.6387,-12.3901,-21.8506,t001,AHC
2527312953,452412,3,pelvis,terminal,0.2195,0.9061,-0.2529,5.4321,-11.1084,-20.3857,t001,AHC
2527312954,452428,3,pelvis,terminal,0.2244,0.9038,-0.2505,5.7983,-10.9253,-19.7144,t001,AHC
2527312989,452444,3,pelvis,terminal,0.2263,0.9105,-0.2500,7.3853,-10.1929,-19.2871,t001,AHC
2527312991,452460,3,pelvis,terminal,0.2185,0.9122,-0.2418,7.8735,-10.0708,-19.2261,t001,AHC
2527313030,452476,3,pelvis,terminal,0.2094,0.9330,-0.2351,7.2632,-9.0332,-19.1650,t001,AHC
2527313031,452492,3,pelvis,terminal,0.2073,0.9480,-0.2273,7.2632,-7.6294,-20.2026,t001,AHC
2527313031,452508,3,pelvis,terminal,0.2251,0.9568,-0.2111,7.7515,-7.0801,-20.8130,t001,AHC
2527313066,452524,3,pelvis,terminal,0.2368,0.9507,-0.2112,8.6670,-7.5684,-21.7895,t001,AHC
2527313069,452540,3,pelvis,terminal,0.2430,0.9398,-0.2236,8.8501,-8.5449,-22.2778,t001,AHC
2527313108,452556,3,pelvis,terminal,0.2373,0.9464,-0.2323,8.9111,-10.8032,-24.0478,t001,AHC
2527313109,452572,3,pelvis,terminal,0.2310,0.9517,-0.2385,10.1318,-12.2070,-27.0386,t001,AHC
2527313109,452588,3,pelvis,terminal,0.2394,0.9493,-0.2458,10.8032,-11.9019,-28.5645,t001,AHC
2527313144,452604,3,pelvis,terminal,0.2598,0.9540,-0.2344,11.4746,-11.5967,-30.5786,t001,AHC
2527313144,452620,3,pelvis,swing,0.2684,0.9756,-0.2128,11.9629,-12.3901,-31.1890,t001,AHC
2527313188,452636,3,pelvis,swing,0.2710,0.9777,-0.2125,13.7939,-14.2822,-32.4707,t001,AHC
2527313188,452652,3,pelvis,swing,0.2789,0.9703,-0.2144,15.8081,-16.2354,-34.4238,t001,AHC
2527313188,452668,3,pelvis,swing,0.2738,0.9757,-0.2273,16.6626,-17.0898,-35.8887,t001,AHC
2527313226,452684,3,pelvis,swing,0.2614,0.9954,-0.2448,18.4326,-18.3105,-40.3442,t001,AHC
2527313226,452700,3,pelvis,swing,0.2430,1.0465,-0.2623,19.2261,-19.2871,-43.2739,t001,AHC
2527313267,452716,3,pelvis,swing,0.2500,1.0649,-0.2327,21.2402,-22.8882,-49.0723,t001,AHC
2527313268,452732,3,pelvis,swing,0.2576,1.0514,-0.1576,22.4609,-24.9023,-51.7578,t001,AHC
2527313268,452748,3,pelvis,swing,0.2053,1.0170,-0.1150,23.0713,-25.5737,-58.2275,t001,AHC
2527313303,452764,3,pelvis,swing,0.2283,1.0314,-0.0876,21.4233,-14.7705,-63.6597,t001,AHC
2527313306,452780,3,pelvis,swing,0.3706,1.0594,-0.0839,21.6064,-9.2773,-62.9272,t001,AHC
2527313345,452796,3,pelvis,swing,0.4080,1.0396,-0.1028,23.1323,-10.8643,-54.9927,t001,AHC
2527313345,452812,3,pelvis,swing,0.4379,0.9415,-0.1176,23.5596,-15.7471,-49.9878,t001,AHC
2527313380,452828,3,pelvis,swing,0.4401,0.8649,-0.1113,23.1934,-25.0854,-41.8701,t001,AHC
2527313383,452844,3,pelvis,swing,0.4174,0.8539,-0.1169,21.5454,-29.1138,-38.2080,t001,AHC
2527313384,452860,3,pelvis,swing,0.4001,0.8654,-0.1307,19.8975,-29.5410,-38.1470,t001,AHC
2527313423,452876,3,pelvis,swing,0.3916,0.8734,-0.1262,16.0522,-31.3721,-41.0156,t001,AHC
2527313423,452892,3,pelvis,swing,0.3580,0.8875,-0.0924,14.3433,-31.6162,-43.8232,t001,AHC
2527313459,452908,3,pelvis,swing,0.4103,0.9063,-0.0587,12.0850,-30.6396,-50.5371,t001,AHC
2527313461,452925,3,pelvis,swing,0.4220,0.9154,-0.0565,9.3384,-27.0386,-56.7627,t001,AHC
2527313461,452940,3,pelvis,swing,0.4229,0.9692,-0.0911,6.4087,-19.2261,-59.2041,t001,AHC
2527313500,452956,3,pelvis,swing,0.4602,1.0134,-0.0909,5.7373,5.6763,-64.5142,t001,AHC
2527313500,452972,3,pelvis,swing,0.4369,0.9819,-0.1515,9.7656,12.3291,-70.9229,t001,AHC
2527313536,452988,3,pelvis,swing,0.3696,0.9579,-0.2543,11.4136,15.6250,-86.1816,t001,AHC
2527313538,453004,3,pelvis,swing,0.4126,0.9862,-0.2682,8.7280,15.3809,-91.5527,t001,AHC
2527313539,453020,3,pelvis,swing,0.6210,0.9739,-0.2162,9.5215,11.5967,-88.0737,t001,AHC
2527313577,453035,3,pelvis,swing,0.7184,0.9565,-0.1724,10.4370,-1.1597,-88.1958,t001,AHC
2527313577,453052,3,pelvis,swing,0.7505,0.8951,-0.1681,10.5591,-8.4839,-89.1113,t001,AHC
2527313613,453067,3,pelvis,swing,0.3938,0.8181,-0.1724,11.8408,-23.0103,-72.8149,t001,AHC
2527313614,453084,3,pelvis,swing,-0.1958,0.7117,-0.1924,11.6577,-21.7895,-52.8564,t001,AHC
2527313654,453100,3,pelvis,swing,0.0735,0.5753,-0.0765,14.7095,-5.0659,-19.4702,t001,AHC
2527313655,453116,3,pelvis,swing,0.2227,0.5504,-0.0264,15.0757,-8.1177,2.5635,t001,AHC
2527313655,453131,3,pelvis,swing,0.2014,0.5768,-0.0717,12.8174,-11.6577,16.9678,t001,AHC
2527313692,453147,3,pelvis,swing,0.1460,0.5741,-0.0823,9.9487,-13.8550,48.5229,t001,AHC
2527313693,453163,3,pelvis,swing,0.2063,0.5793,-0.0216,9.4604,-11.1084,60.3027,t001,AHC
2527313731,453179,3,pelvis,swing,0.3247,0.6375,0.0017,7.4463,-2.1362,79.5288,t001,AHC
2527313732,453195,3,pelvis,swing,0.3335,0.6819,-0.0199,3.2959,4.9438,95.1538,t001,AHC
2527313733,453211,3,pelvis,swing,0.3409,0.7543,-0.0598,1.0986,10.1318,100.3418,t001,AHC
2527313771,453227,3,pelvis,swing,0.3889,0.7849,-0.0653,-2.0142,24.4141,105.6518,t001,AHC
2527313771,453242,3,pelvis,swing,0.5123,0.8456,-0.0844,-2.6855,29.1748,107.2388,t001,AHC
2527313811,453258,3,pelvis,swing,0.5334,0.8618,-0.1036,-3.9062,30.0903,110.1074,t001,AHC
2527313811,453274,3,pelvis,swing,0.5507,0.8829,-0.1385,-4.8828,27.5879,110.7788,t001,AHC
2527313811,453290,3,pelvis,swing,0.5801,0.9193,-0.1530,-6.8359,17.4561,110.4736,t001,AHC
2527313848,453306,3,pelvis,swing,0.5702,0.9264,-0.1544,-8.2397,6.5918,110.4736,t001,AHC
2527313849,453322,3,pelvis,swing,0.4985,0.9360,-0.1444,-9.7656,4.6997,110.2295,t001,AHC
2527313888,453338,3,pelvis,swing,0.4653,0.9467,-0.1267,-13.6719,7.4463,108.0322,t001,AHC
2527313889,453354,3,pelvis,swing,0.4342,0.9619,-0.0914,-15.1367,9.8877,106.2622,t001,AHC
2527313889,453370,3,pelvis,swing,0.3885,0.9674,-0.0936,-18.1885,16.3574,101.9287,t001,AHC
2527313927,453385,3,pelvis,swing,0.3657,0.9756,-0.0979,-21.6675,26.7944,96.8628,t001,AHC
2527313928,453401,3,pelvis,swing,0.3303,0.9833,-0.1189,-23.1934,32.7148,94.1772,t001,AHC
2527313966,453417,3,pelvis,swing,0.3146,0.9851,-0.1322,-26.4893,46.6309,89.5996,t001,AHC
2527313967,453433,3,pelvis,swing,0.2860,0.9901,-0.1514,-28.0151,54.9316,88.6841,t001,AHC
2527313983,453449,3,pelvis,swing,0.2583,0.9933,-0.1597,-30.4565,69.5801,88.8672,t001,AHC
2527314003,453465,3,pelvis,swing,0.2412,1.0070,-0.1688,-31.0669,73.4863,88.9282,t001,AHC
2527314003,453480,3,pelvis,swing,0.2574,1.0200,-0.1700,-30.1514,70.8618,89.2334,t001,AHC
2527314042,453496,3,pelvis,swing,0.2531,1.0236,-0.1731,-27.0386,56.8848,91.4917,t001,AHC
2527314043,453512,3,pelvis,swing,0.2334,1.0327,-0.1603,-25.0244,47.4243,93.1396,t001,AHC
2527314077,453528,3,pelvis,swing,0.2207,1.0319,-0.1379,-19.5313,27.2827,97.9614,t001,AHC
2527314079,453544,3,pelvis,swing,0.1525,1.0267,-0.1023,-16.3574,19.1650,100.8911,t001,AHC
2527314080,453560,3,pelvis,swing,0.1018,1.0299,-0.0907,-10.2539,12.5122,105.4687,t001,AHC
2527314117,453575,3,pelvis,swing,0.0353,1.0270,-0.0687,-7.5684,13.3057,106.7505,t001,AHC
2527314118,453591,3,pelvis,swing,-0.0234,1.0188,-0.0813,-4.0283,19.7144,108.0933,t001,AHC
2527314152,453608,3,pelvis,swing,-0.0455,1.0232,-0.0944,-2.9907,32.4707,109.4971,t001,AHC
2527314155,453623,3,pelvis,swing,-0.0443,1.0330,-0.1086,-2.8687,38.6353,110.4736,t001,AHC
2527314194,453640,3,pelvis,swing,-0.0234,1.0380,-0.1149,-1.8921,44.0063,112.4878,t001,AHC
2527314194,453656,3,pelvis,swing,0.0101,1.0486,-0.1544,-0.9766,43.4570,112.9761,t001,AHC
2527314194,453672,3,pelvis,swing,0.0708,1.0637,-0.1621,0.4272,36.9873,112.8540,t001,AHC
2527314231,453687,3,pelvis,swing,0.0890,1.0560,-0.1731,0.9155,19.7144,109.3140,t001,AHC
2527314232,453703,3,pelvis,swing,0.1211,1.0328,-0.1881,-0.2441,10.2539,105.5908,t001,AHC
2527314271,453719,3,pelvis,swing,0.1417,1.0258,-0.1686,-3.5400,-5.9814,93.3227,t001,AHC
2527314272,453735,3,pelvis,swing,0.1642,0.9971,-0.1224,-4.5776,-12.0850,84.6558,t001,AHC
2527314272,453751,3,pelvis,swing,0.1678,0.9797,-0.1132,-5.5542,-16.0522,63.0493,t001,AHC
2527314306,453767,3,pelvis,swing,0.1759,0.9586,-0.1132,-5.6763,-8.8501,37.9639,t001,AHC
2527314308,453783,3,pelvis,swing,0.1802,0.9397,-0.1121,-5.4321,-3.7842,24.9634,t001,AHC
2527314347,453799,3,pelvis,swing,0.1832,0.9238,-0.1162,-5.6152,5.4321,-0.8545,t001,AHC
2527314348,453815,3,pelvis,swing,0.1592,0.9493,-0.1493,-6.1646,10.4980,-14.0381,t001,AHC
2527314382,453831,3,pelvis,swing,0.2319,0.9802,-0.1195,-5.1270,27.8320,-45.5933,t001,AHC
2527314384,453847,3,pelvis,swing,-0.0144,0.9214,-0.1998,-5.6763,34.7900,-62.1338,t001,AHC
2527314384,453863,3,pelvis,swing,-0.8208,1.0217,-0.1133,-8.9722,22.5220,-59.7534,t001,AHC
2527314423,453880,3,pelvis,swing,-0.5536,1.0046,-0.0142,-5.0659,8.8501,-41.2598,t001,AHC
2527314423,453895,3,pelvis,swing,0.0618,1.0483,-0.1865,-8.2397,-0.1221,-46.3867,t001,AHC
2527314460,453912,3,pelvis,swing,-0.0311,1.0559,-0.3627,-20.8130,-16.1743,-58.7769,t001,AHC
2527314461,453928,3,pelvis,swing,-0.1334,1.1587,-0.3251,-25.0854,-8.5449,-62.5000,t001,AHC
2527314463,453944,3,pelvis,swing,-0.0662,1.1215,-0.0757,-19.4702,14.7095,-65.1245,t001,AHC
2527314500,453960,3,pelvis,swing,-0.0697,1.0382,-0.0967,-15.6250,7.2632,-58.2886,t001,AHC
2527314500,453976,3,pelvis,swing,0.0341,0.9862,-0.2109,-16.2354,0.1831,-55.7861,t001,AHC
2527314538,453992,3,pelvis,swing,0.0436,1.0112,-0.1986,-16.0522,-12.5732,-50.9033,t001,AHC
2527314539,454007,3,pelvis,swing,-0.0864,0.9921,-0.1821,-16.2354,-15.0757,-47.1802,t001,AHC
2527314578,454024,3,pelvis,swing,-0.0962,0.9679,-0.2140,-19.4092,-9.2773,-41.3818,t001,AHC
2527314579,454040,3,pelvis,swing,-0.1031,0.9595,-0.2252,-19.5923,-4.4556,-36.5601,t001,AHC
2527314579,454056,3,pelvis,swing,-0.0546,0.9562,-0.2181,-19.2871,-3.3569,-33.8745,t001,AHC
2527314616,454072,3,pelvis,swing,-0.0272,0.9762,-0.2157,-17.7612,-4.1504,-27.6489,t001,AHC
2527314617,454089,3,pelvis,swing,-0.0819,0.9769,-0.2644,-15.8081,-13.3057,-24.2310,t001,AHC
2527314657,454105,3,pelvis,swing,-0.1522,0.9664,-0.2655,-14.7705,-15.1978,-23.9258,t001,AHC
2527314657,454121,3,pelvis,swing,-0.1245,0.9623,-0.2611,-13.4888,-9.4604,-24.3530,t001,AHC
2527314657,454137,3,pelvis,swing,-0.0557,0.9650,-0.2948,-12.2681,-8.3618,-24.4141,t001,AHC
2527314693,454153,3,pelvis,swing,-0.0383,0.9578,-0.3009,-8.4839,-11.4746,-23.7427,t001,AHC
2527314695,454169,3,pelvis,swing,-0.0536,0.9506,-0.2771,-5.3711,-12.4512,-22.8882,t001,AHC
2527314735,454185,3,pelvis,swing,-0.0715,0.9757,-0.2562,-4.3945,-12.0239,-22.6440,t001,AHC
2527314735,454201,3,pelvis,swing,-0.0527,0.9845,-0.2556,-2.8687,-10.3149,-21.7285,t001,AHC
2527314771,454218,3,pelvis,swing,-0.0214,0.9756,-0.2563,-1.9531,-10.7422,-20.8740,t001,AHC
2527314771,454234,3,pelvis,swing,-0.0209,0.9781,-0.2319,0.0000,-13.4277,-19.5923,t001,AHC
2527314772,454250,3,pelvis,swing,-0.0500,0.9779,-0.2281,0.6714,-16.2354,-20.2637,t001,AHC
2527314812,454266,3,pelvis,swing,-0.0697,0.9404,-0.2731,0.2441,-15.5640,-21.3623,t001,AHC
2527314813,454282,3,pelvis,swing,-0.0339,0.9244,-0.3047,-0.6714,-11.5356,-22.0337,t001,AHC
2527314848,454298,3,pelvis,swing,0.0460,0.9191,-0.3136,-0.4272,-11.1084,-20.7520,t001,AHC
2527314848,454314,3,pelvis,loading,0.0367,0.9238,-0.2971,0.7935,-13.3667,-17.3340,t001,AHC
2527314849,454330,3,pelvis,loading,0.0076,0.9331,-0.2733,1.0986,-13.5498,-16.2964,t001,AHC
2527314892,454345,3,pelvis,loading,0.0165,0.9253,-0.2814,1.0986,-11.7798,-15.3198,t001,AHC
2527314893,454361,3,pelvis,loading,0.0273,0.9318,-0.2782,1.6479,-10.1318,-14.2822,t001,AHC
2527314929,454377,3,pelvis,loading,0.0223,0.9694,-0.2599,2.2583,-10.6201,-13.6719,t001,AHC
2527314929,454393,3,pelvis,loading,0.0038,0.9796,-0.2595,3.1738,-12.9395,-13.9160,t001,AHC
2527314930,454409,3,pelvis,loading,-0.0157,0.9584,-0.2650,3.0518,-13.3057,-15.0757,t001,AHC
2527314970,454425,3,pelvis,loading,-0.0037,0.9556,-0.2677,1.6479,-12.5122,-17.3950,t001,AHC
2527314971,454441,3,pelvis,loading,-0.0023,0.9498,-0.2706,1.2817,-10.9863,-19.9585,t001,AHC
2527315008,454457,3,pelvis,loading,0.0132,0.9529,-0.2742,1.4038,-10.1929,-21.6064,t001,AHC
2527315009,454473,3,pelvis,loading,0.0157,0.9485,-0.2754,1.8921,-9.1553,-24.5361,t001,AHC
2527315009,454489,3,pelvis,loading,0.0447,0.9348,-0.2659,1.9531,-8.4839,-25.4517,t001,AHC
2527315048,454505,3,pelvis,loading,0.0649,0.9456,-0.2581,1.8921,-7.8735,-25.8789,t001,AHC
2527315048,454521,3,pelvis,loading,0.0723,0.9517,-0.2532,1.8921,-8.8501,-25.6348,t001,AHC
2527315085,454537,3,pelvis,loading,0.0824,0.9530,-0.2555,2.0752,-9.6436,-25.2075,t001,AHC
2527315087,454553,3,pelvis,loading,0.0900,0.9491,-0.2617,2.0752,-10.4980,-23.9258,t001,AHC
2527315127,454569,3,pelvis,loading,0.1182,0.9319,-0.2639,2.0142,-10.3149,-22.8882,t001,AHC
2527315127,454585,3,pelvis,loading,0.1169,0.9338,-0.2524,1.8311,-10.2539,-20.8130,t001,AHC
2527315127,454601,3,pelvis,loading,0.1169,0.9436,-0.2469,1.8921,-11.4746,-19.4702,t001,AHC
2527315165,454617,3,pelvis,loading,0.1146,0.9542,-0.2391,1.8921,-12.3901,-19.0430,t001,AHC
2527315166,454634,3,pelvis,loading,0.1184,0.9567,-0.2374,1.8921,-13.7329,-18.6157,t001,AHC
2527315205,454650,3,pelvis,loading,0.1179,0.9609,-0.2495,1.9531,-14.2822,-18.6768,t001,AHC
2527315205,454665,3,pelvis,loading,0.1300,0.9460,-0.2585,2.3193,-15.1978,-19.0430,t001,AHC
2527315206,454681,3,pelvis,loading,0.1354,0.9387,-0.2557,2.9907,-15.6250,-19.7754,t001,AHC
2527315242,454697,3,pelvis,loading,0.1349,0.9408,-0.2618,3.3569,-15.8691,-20.3247,t001,AHC
2527315243,454714,3,pelvis,loading,0.1335,0.9481,-0.2667,4.2114,-16.7236,-21.9116,t001,AHC
2527315284,454730,3,pelvis,loading,0.1512,0.9371,-0.2745,4.3945,-17.5781,-22.5220,t001,AHC
2527315284,454745,3,pelvis,loading,0.1537,0.9363,-0.2645,4.0283,-19.3481,-23.8647,t001,AHC
2527315285,454761,3,pelvis,loading,0.1381,0.9430,-0.2448,3.8452,-19.3481,-24.2310,t001,AHC
2527315320,454777,3,pelvis,loading,0.1396,0.9528,-0.2216,3.4180,-15.3809,-25.9399,t001,AHC
2527315321,454793,3,pelvis,loading,0.1655,0.9609,-0.2076,3.8452,-12.0239,-28.2593,t001,AHC
2527315361,454809,3,pelvis,loading,0.1860,0.9878,-0.1949,4.4556,-13.1226,-29.0527,t001,AHC
2527315362,454825,3,pelvis,loading,0.1818,0.9907,-0.1969,5.6152,-15.3809,-30.8838,t001,AHC
2527315362,454841,3,pelvis,loading,0.1635,0.9894,-0.2074,5.9814,-15.0146,-32.5317,t001,AHC
2527315398,454857,3,pelvis,midstance,0.1611,0.9677,-0.2406,6.5918,-12.7563,-36.8652,t001,AHC
2527315398,454874,3,pelvis,midstance,0.1689,0.9553,-0.2555,6.5308,-9.8267,-41.9311,t001,AHC
2527315441,454889,3,pelvis,midstance,0.2125,0.9596,-0.2408,6.8359,-9.2163,-44.3115,t001,AHC
2527315442,454905,3,pelvis,midstance,0.2321,0.9690,-0.2203,9.4604,-10.3149,-47.7295,t001,AHC
2527315442,454921,3,pelvis,midstance,0.2734,0.9573,-0.1897,10.9253,-10.4370,-48.5229,t001,AHC
2527315479,454937,3,pelvis,midstance,0.2833,0.9606,-0.2074,14.5264,-9.2773,-48.8281,t001,AHC
2527315481,454953,3,pelvis,midstance,0.2714,0.9725,-0.2457,19.8975,-7.6904,-49.4995,t001,AHC
2527315521,454969,3,pelvis,midstance,0.2526,0.9895,-0.2925,22.0947,-7.0190,-50.6592,t001,AHC
2527315522,454985,3,pelvis,midstance,0.2467,1.0035,-0.2756,23.5596,-4.3945,-54.5044,t001,AHC
2527315522,455001,3,pelvis,midstance,0.2509,1.0591,-0.2280,23.1934,-1.9531,-56.5186,t001,AHC
2527315557,455017,3,pelvis,midstance,0.2297,1.0804,-0.1819,20.4468,0.9766,-60.3638,t001,AHC
2527315558,455033,3,pelvis,midstance,0.2415,1.0906,-0.1467,17.2729,-0.1221,-65.2466,t001,AHC
2527315598,455049,3,pelvis,midstance,0.3190,1.0905,-0.0951,16.7236,-2.5024,-67.4438,t001,AHC
2527315599,455065,3,pelvis,midstance,0.3219,1.0789,-0.0876,14.4043,-8.3618,-69.7021,t001,AHC
2527315620,455081,3,pelvis,midstance,0.3652,1.0441,-0.0835,12.8784,-10.9863,-69.0918,t001,AHC
2527315636,455097,3,pelvis,midstance,0.3804,1.0092,-0.0903,12.6953,-21.6675,-64.0869,t001,AHC
2527315637,455113,3,pelvis,midstance,0.3580,0.9385,-0.1160,12.9395,-27.0996,-62.6831,t001,AHC
2527315676,455129,3,pelvis,midstance,0.3276,0.9264,-0.1626,11.3525,-32.8369,-63.8428,t001,AHC
2527315676,455145,3,pelvis,midstance,0.2979,0.9326,-0.1785,7.9956,-33.9966,-67.1387,t001,AHC
2527315712,455161,3,pelvis,midstance,0.3019,0.9138,-0.1464,7.0801,-33.5083,-68.0542,t001,AHC
2527315714,455177,3,pelvis,midstance,0.3584,0.8993,-0.1215,6.3477,-29.1748,-70.8008,t001,AHC
2527315714,455193,3,pelvis,midstance,0.4204,0.8884,-0.0978,6.4087,-26.3672,-72.5708,t001,AHC
2527315754,455209,3,pelvis,midstance,0.3994,0.9213,-0.1035,7.3853,-18.8599,-75.5005,t001,AHC
2527315755,455225,3,pelvis,midstance,0.4304,0.9409,-0.1285,10.1929,-2.6855,-77.0874,t001,AHC
2527315790,455241,3,pelvis,midstance,0.4984,0.8976,-0.2109,11.8408,6.7139,-75.4395,t001,AHC
2527315792,455257,3,pelvis,midstance,0.4783,0.8685,-0.2373,13.9770,15.8691,-73.7915,t001,AHC
2527315792,455273,3,pelvis,midstance,0.5087,0.8123,-0.2677,15.4419,15.1367,-73.2422,t001,AHC
2527315830,455289,3,pelvis,midstance,0.5603,0.8052,-0.2651,15.9912,4.5776,-73.1201,t001,AHC
2527315831,455304,3,pelvis,midstance,0.5995,0.8275,-0.2676,17.3950,-9.6436,-69.7021,t001,AHC
2527315866,455320,3,pelvis,midstance,0.6174,0.8256,-0.3536,17.1509,-15.6860,-66.4673,t001,AHC
2527315866,455337,3,pelvis,terminal,0.6077,0.7826,-0.3867,10.9253,-24.2920,-60.3638,t001,AHC
2527315871,455352,3,pelvis,terminal,0.4866,0.7488,-0.3142,4.8828,-24.9634,-58.1665,t001,AHC
2527315910,455368,3,pelvis,terminal,0.6067,0.7941,-0.2439,6.2256,-11.0474,-53.4668,t001,AHC
2527315911,455384,3,pelvis,terminal,1.0004,0.6262,-0.0614,7.9346,-4.2725,-61.2183,t001,AHC
2527315948,455400,3,pelvis,terminal,0.1434,0.8127,-0.0863,-17.7002,-15.0757,-57.8003,t001,AHC
2527315949,455416,3,pelvis,terminal,-0.3466,0.7776,-0.1526,-9.8267,-12.9395,19.9585,t001,AHC
2527315988,455432,3,pelvis,terminal,-0.2406,0.4086,-0.0824,-2.9907,-0.7324,36.4380,t001,AHC
2527315988,455448,3,pelvis,terminal,0.0466,0.4708,-0.0383,-8.7891,8.3008,37.4146,t001,AHC
2527315989,455464,3,pelvis,terminal,0.1260,0.6841,-0.0564,-10.4980,4.4556,48.7671,t001,AHC
2527316025,455480,3,pelvis,terminal,-0.0117,0.7159,-0.0554,-7.8125,2.8687,81.5430,t001,AHC
2527316026,455496,3,pelvis,terminal,0.0946,0.7177,-0.0361,-5.4321,15.0146,105.9570,t001,AHC
2527316050,455512,3,pelvis,terminal,0.2607,0.7766,-0.0707,-4.1504,14.2822,117.5537,t001,AHC
2527316066,455528,3,pelvis,terminal,0.1903,0.8069,-0.1188,-1.7700,3.9062,141.2964,t001,AHC
2527316067,455544,3,pelvis,terminal,0.1221,0.8477,-0.1493,-1.9531,3.9062,150.3906,t001,AHC
2527316102,455559,3,pelvis,terminal,0.1816,0.8757,-0.1471,-5.1270,11.9629,162.5976,t001,AHC
2527316104,455575,3,pelvis,terminal,0.2644,0.9659,-0.1603,-7.9346,16.0522,175.4761,t001,AHC
2527316143,455591,3,pelvis,terminal,0.2784,1.0255,-0.1792,-7.8735,16.1133,181.0913,t001,AHC
2527316144,455607,3,pelvis,terminal,0.2815,1.0377,-0.1877,-8.5449,19.1040,187.0117,t001,AHC
2527316144,455623,3,pelvis,terminal,0.2753,1.0770,-0.2000,-10.0708,23.9868,188.2324,t001,AHC
2527316178,455639,3,pelvis,terminal,0.2690,1.1035,-0.2087,-13.6108,38.1470,189.8193,t001,AHC
2527316181,455655,3,pelvis,terminal,0.2554,1.1425,-0.2274,-14.8926,45.2270,190.2466,t001,AHC
2527316219,455671,3,pelvis,terminal,0.2915,1.1741,-0.2384,-16.4795,55.3589,189.3921,t001,AHC
2527316219,455687,3,pelvis,terminal,0.3230,1.1956,-0.2461,-16.0522,53.7720,186.8286,t001,AHC
2527316253,455703,3,pelvis,terminal,0.3582,1.2048,-0.2664,-14.7095,47.9736,185.0586,t001,AHC
2527316254,455719,3,pelvis,swing,0.3713,1.1941,-0.2744,-12.0850,32.8979,181.0303,t001,AHC
2527316254,455734,3,pelvis,swing,0.3590,1.1797,-0.2892,-11.6577,24.9634,178.9551,t001,AHC
2527316296,455750,3,pelvis,swing,0.3309,1.1682,-0.2869,-12.7563,11.2305,173.6450,t001,AHC
2527316297,455766,3,pelvis,swing,0.2821,1.1273,-0.2599,-15.9302,2.3804,164.1235,t001,AHC
2527316321,455782,3,pelvis,swing,0.2277,1.1082,-0.2383,-18.2495,-0.2441,157.9590,t001,AHC
2527316327,455798,3,pelvis,swing,0.2157,1.1130,-0.2285,-23.2544,-0.9155,144.9585,t001,AHC
2527316334,455814,3,pelvis,swing,0.2212,1.1183,-0.2032,-24.7192,0.1221,138.3057,t001,AHC
2527316375,455830,3,pelvis,swing,0.2228,1.1085,-0.1862,-24.5972,4.6387,125.0610,t001,AHC
2527316376,455846,3,pelvis,swing,0.1781,1.0588,-0.1602,-23.4985,8.4229,117.9809,t001,AHC
2527316412,455862,3,pelvis,swing,0.1554,1.0321,-0.1351,-22.0947,17.5781,100.7080,t001,AHC
2527316414,455878,3,pelvis,swing,0.1788,1.0189,-0.1267,-21.9116,22.3999,80.7495,t001,AHC
2527316414,455894,3,pelvis,swing,0.1942,1.0000,-0.1011,-22.3999,23.6206,69.5190,t001,AHC
2527316455,455909,3,pelvis,swing,0.1785,1.0035,-0.0732,-22.5220,29.6020,44.0674,t001,AHC
2527316455,455925,3,pelvis,swing,0.1765,0.9933,-0.0303,-21.6675,34.3628,30.5786,t001,AHC
2527316490,455941,3,pelvis,swing,0.1802,0.9789,-0.0321,-19.2261,43.7012,3.9673,t001,AHC
2527316493,455957,3,pelvis,swing,0.1685,0.9507,-0.0444,-18.0664,48.5229,-8.4839,t001,AHC
2527316493,455973,3,pelvis,swing,0.1779,0.9346,-0.0302,-15.3198,56.8848,-31.9214,t001,AHC
2527316532,455989,3,pelvis,swing,0.1587,0.9783,-0.0315,-11.5967,60.7300,-55.3589,t001,AHC
2527316532,456005,3,pelvis,swing,-0.0465,1.0194,0.0183,-7.4463,60.4248,-66.6504,t001,AHC
2527316567,456021,3,pelvis,swing,-0.4620,1.0038,-0.0015,-1.0986,42.0532,-66.3452,t001,AHC
2527316570,456037,3,pelvis,swing,-0.5332,1.0260,0.0034,-0.4272,30.4565,-53.6499,t001,AHC
2527316609,456053,3,pelvis,swing,-0.0392,1.0800,-0.1906,-3.7842,2.4414,-48.2178,t001,AHC
2527316610,456069,3,pelvis,swing,-0.1737,1.1328,-0.2996,-12.2070,-20.0806,-61.6455,t001,AHC
2527316610,456085,3,pelvis,swing,-0.4109,1.1021,-0.3135,-13.3667,-13.5498,-68.2373,t001,AHC
2527316648,456101,3,pelvis,swing,-0.3466,1.0472,-0.2665,-14.0381,10.0098,-77.3315,t001,AHC
2527316648,456117,3,pelvis,swing,-0.0760,0.9421,-0.3613,-15.9302,15.7471,-78.1250,t001,AHC
2527316687,456134,3,pelvis,swing,0.1086,1.1276,-0.2432,-19.8975,26.1841,-80.5664,t001,AHC
2527316687,456149,3,pelvis,swing,0.0863,1.1224,-0.1405,-7.6904,9.8267,-75.3174,t001,AHC
2527316688,456166,3,pelvis,swing,0.0997,0.9713,-0.1470,-5.1880,-7.6904,-69.3359,t001,AHC
2527316722,456182,3,pelvis,swing,0.0822,0.9589,-0.2172,-8.1177,-30.8228,-62.5000,t001,AHC
2527316725,456198,3,pelvis,swing,-0.1210,0.9353,-0.1910,-8.6060,-35.6445,-58.2275,t001,AHC
2527316765,456214,3,pelvis,swing,-0.1377,0.9783,-0.1625,-13.3667,-25.2686,-53.7109,t001,AHC
2527316765,456230,3,pelvis,swing,-0.0789,1.0161,-0.1792,-17.7002,-9.1553,-50.6592,t001,AHC
2527316766,456246,3,pelvis,swing,-0.0123,0.9775,-0.2313,-16.6626,-8.5449,-47.6685,t001,AHC
2527316800,456263,3,pelvis,swing,-0.0276,0.9464,-0.2607,-13.1226,-8.1177,-43.3350,t001,AHC
2527316802,456279,3,pelvis,swing,-0.0103,0.9335,-0.2554,-12.0239,-7.5073,-41.6260,t001,AHC
2527316842,456295,3,pelvis,swing,-0.0870,0.9524,-0.2518,-11.5967,-5.9814,-39.3677,t001,AHC
2527316843,456311,3,pelvis,swing,-0.0717,0.9644,-0.2603,-11.7187,4.6387,-36.4380,t001,AHC
2527316878,456328,3,pelvis,swing,0.0452,0.9700,-0.2667,-10.9863,6.2256,-34.1797,t001,AHC
2527316880,456343,3,pelvis,swing,0.0227,0.9663,-0.2854,-8.4229,-0.6104,-29.8462,t001,AHC
2527316881,456360,3,pelvis,swing,0.0131,0.9663,-0.2849,-5.0049,-4.2114,-27.3437,t001,AHC
2527316920,456376,3,pelvis,swing,0.0253,0.9624,-0.2786,-3.3569,-4.7607,-26.2451,t001,AHC
2527316921,456392,3,pelvis,swing,0.0223,0.9564,-0.2725,-1.4648,-5.3101,-23.6206,t001,AHC
2527316958,456408,3,pelvis,swing,0.0131,0.9618,-0.2643,-1.4648,-5.2490,-22.5830,t001,AHC
2527316959,456424,3,pelvis,swing,0.0128,0.9791,-0.2767,-1.7090,-5.1880,-21.3623,t001,AHC
2527316965,456440,3,pelvis,swing,0.0226,0.9751,-0.2780,-0.4883,-5.9814,-20.1416,t001,AHC
2527316997,456456,3,pelvis,swing,0.0317,0.9596,-0.2640,0.3662,-6.4087,-19.9585,t001,AHC
2527316998,456472,3,pelvis,swing,0.0398,0.9496,-0.2573,2.2583,-6.9580,-20.5688,t001,AHC
2527317034,456488,3,pelvis,swing,0.0403,0.9316,-0.2694,2.2583,-6.5918,-20.1416,t001,AHC
2527317036,456504,3,pelvis,loading,0.0233,0.9458,-0.2902,1.5259,-5.0049,-19.4702,t001,AHC
2527317075,456520,3,pelvis,loading,0.0382,0.9518,-0.2794,2.0752,-4.0283,-20.3247,t001,AHC
2527317075,456536,3,pelvis,loading,0.0526,0.9435,-0.2455,2.5024,-4.3335,-20.8740,t001,AHC
2527317076,456552,3,pelvis,loading,0.0577,0.9420,-0.2383,2.4414,-4.0283,-21.6064,t001,AHC
2527317113,456568,3,pelvis,loading,0.0776,0.9421,-0.2450,2.3193,-3.8452,-21.7895,t001,AHC
2527317114,456584,3,pelvis,loading,0.0565,0.9474,-0.2649,2.3804,-5.3711,-22.5220,t001,AHC
2527317139,456600,3,pelvis,loading,0.0406,0.9485,-0.2653,2.7466,-6.7749,-25.2686,t001,AHC
2527317154,456616,3,pelvis,loading,0.0458,0.9596,-0.2640,2.7466,-6.2256,-27.3437,t001,AHC
2527317154,456632,3,pelvis,loading,0.0682,0.9646,-0.2606,2.7466,-4.8828,-30.5786,t001,AHC
2527317188,456648,3,pelvis,loading,0.1067,0.9606,-0.2595,3.1738,-4.8218,-31.0669,t001,AHC
2527317190,456664,3,pelvis,loading,0.1171,0.9569,-0.2621,3.9062,-5.7983,-30.8228,t001,AHC
2527317232,456681,3,pelvis,loading,0.1252,0.9563,-0.2611,4.0283,-6.9580,-30.6396,t001,AHC
2527317232,456697,3,pelvis,loading,0.1265,0.9524,-0.2434,3.6621,-8.4839,-30.7007,t001,AHC
2527317233,456713,3,pelvis,loading,0.1346,0.9563,-0.2314,2.8076,-8.2397,-30.7617,t001,AHC
2527317268,456728,3,pelvis,loading,0.1591,0.9629,-0.2351,2.5635,-8.3618,-30.4565,t001,AHC
2527317270,456744,3,pelvis,loading,0.1650,0.9587,-0.2383,2.5635,-10.0098,-29.2969,t001,AHC
2527317310,456760,3,pelvis,loading,0.1813,0.9364,-0.2440,2.9907,-10.4980,-28.5034,t001,AHC
2527317310,456776,3,pelvis,loading,0.2059,0.9159,-0.2546,3.8452,-10.2539,-26.6113,t001,AHC
2527317311,456792,3,pelvis,loading,0.2037,0.9146,-0.2538,4.2114,-10.8032,-25.2075,t001,AHC
2527317346,456808,3,pelvis,midstance,0.1791,0.9309,-0.2437,4.2114,-11.2305,-25.1465,t001,AHC
2527317346,456824,3,pelvis,midstance,0.1746,0.9421,-0.2378,4.2114,-10.9863,-26.1841,t001,AHC
2527317390,456840,3,pelvis,midstance,0.1937,0.9563,-0.2275,4.2114,-10.8643,-27.0996,t001,AHC
2527317390,456856,3,pelvis,midstance,0.1980,0.9713,-0.2244,4.5776,-12.6343,-29.2358,t001,AHC
2527317391,456872,3,pelvis,midstance,0.1866,0.9709,-0.2205,5.5542,-16.4185,-32.4097,t001,AHC
2527317427,456888,3,pelvis,midstance,0.1716,0.9594,-0.2296,6.2256,-17.0898,-34.6680,t001,AHC
2527317427,456904,3,pelvis,midstance,0.1791,0.9458,-0.2405,7.5073,-15.6860,-39.7339,t001,AHC
2527317469,456920,3,pelvis,midstance,0.2181,0.9596,-0.2578,8.1787,-14.4043,-41.8701,t001,AHC
2527317470,456936,3,pelvis,midstance,0.2366,0.9817,-0.2637,9.7656,-15.0757,-44.7998,t001,AHC
2527317505,456952,3,pelvis,midstance,0.2606,1.0167,-0.2271,11.8408,-20.3247,-46.9360,t001,AHC
2527317507,456968,3,pelvis,midstance,0.2622,1.0381,-0.2012,13.3667,-22.6440,-47.8516,t001,AHC
2527317507,456984,3,pelvis,midstance,0.2504,1.0394,-0.2164,16.3574,-23.6206,-49.5605,t001,AHC
2527317545,457000,3,pelvis,midstance,0.2599,1.0392,-0.2220,17.2119,-22.6440,-50.5371,t001,AHC
2527317546,457016,3,pelvis,midstance,0.2552,1.0427,-0.2107,19.1650,-21.5454,-53.3447,t001,AHC
2527317582,457032,3,pelvis,terminal,0.2587,1.0502,-0.1929,20.0806,-20.3247,-55.1147,t001,AHC
2527317584,457048,3,pelvis,terminal,0.2909,1.0603,-0.1777,21.1792,-18.7378,-58.1055,t001,AHC
2527317585,457064,3,pelvis,terminal,0.2859,1.0579,-0.1705,20.8740,-19.8364,-59.3872,t001,AHC
2527317623,457080,3,pelvis,terminal,0.2498,1.0442,-0.1362,20.3857,-19.4092,-60.4248,t001,AHC
2527317623,457096,3,pelvis,terminal,0.2543,1.0295,-0.1334,19.1040,-13.9770,-63.4766,t001,AHC
2527317659,457112,3,pelvis,terminal,0.3053,1.0031,-0.1543,17.7002,-12.2070,-65.0024,t001,AHC
2527317662,457128,3,pelvis,terminal,0.3333,0.9700,-0.1721,14.7095,-17.8223,-66.4673,t001,AHC
2527317686,457144,3,pelvis,terminal,0.3395,0.9489,-0.1788,10.5591,-27.2827,-68.8477,t001,AHC
2527317701,457160,3,pelvis,terminal,0.3065,0.9510,-0.1945,7.2632,-31.6772,-71.4111,t001,AHC
2527317701,457176,3,pelvis,terminal,0.2734,0.9858,-0.2021,-5.0049,-32.2876,-76.2329,t001,AHC
2527317736,457192,3,pelvis,terminal,0.3284,1.0844,-0.1437,-10.0708,-30.1514,-77.6367,t001,AHC
2527317736,457209,3,pelvis,terminal,0.4316,1.1029,-0.0714,-10.9253,-37.5977,-82.6416,t001,AHC
2527317778,457225,3,pelvis,terminal,0.4485,1.1096,-0.0637,-9.0332,-41.6260,-91.7969,t001,AHC
2527317779,457241,3,pelvis,terminal,0.3893,1.0638,-0.0917,-8.6670,-34.4849,-96.6186,t001,AHC
2527317779,457257,3,pelvis,terminal,0.4008,0.9902,-0.1035,-6.7139,-16.6626,-97.4121,t001,AHC
2527317814,457273,3,pelvis,swing,0.5537,0.8947,-0.2142,-7.4463,-12.5122,-93.8110,t001,AHC
2527317814,457289,3,pelvis,swing,0.8054,0.8367,-0.1876,-9.1553,-20.2026,-82.0923,t001,AHC
2527317858,457305,3,pelvis,swing,0.7351,0.7744,-0.1597,-6.4087,-32.8369,-70.0684,t001,AHC
2527317858,457321,3,pelvis,swing,-0.2876,0.6721,-0.1416,-4.2725,-34.3628,-52.2461,t001,AHC
2527317859,457337,3,pelvis,swing,-0.3964,0.6531,-0.1241,0.6104,-13.6108,-15.1367,t001,AHC
2527317896,457353,3,pelvis,swing,0.0027,0.5458,-0.0739,3.7231,-4.3945,-3.8452,t001,AHC
2527317897,457369,3,pelvis,swing,0.1779,0.5763,-0.1078,6.2256,-2.8076,16.2964,t001,AHC
2527317938,457385,3,pelvis,swing,0.1731,0.5967,-0.1440,7.9956,8.7891,44.4946,t001,AHC
2527317938,457401,3,pelvis,swing,0.1772,0.6287,-0.1489,9.5215,15.3809,58.2886,t001,AHC
2527317938,457417,3,pelvis,swing,0.2217,0.6493,-0.1415,14.4043,19.4092,81.9092,t001,AHC
2527317975,457433,3,pelvis,swing,0.3748,0.6942,-0.1783,17.0288,17.0898,91.8579,t001,AHC
2527317975,457449,3,pelvis,swing,0.3466,0.7301,-0.2407,18.6157,8.4229,109.9243,t001,AHC
2527318016,457464,3,pelvis,swing,0.2902,0.7474,-0.2345,17.3950,4.9438,117.5537,t001,AHC
2527318016,457480,3,pelvis,swing,0.3221,0.7917,-0.1763,14.0381,2.1973,128.7231,t001,AHC
2527318016,457496,3,pelvis,swing,0.3557,0.8151,-0.1616,11.2305,-0.1221,138.2446,t001,AHC
2527318050,457512,3,pelvis,swing,0.3094,0.8505,-0.1661,9.2163,1.8921,143.0054,t001,AHC
2527318052,457528,3,pelvis,swing,0.2703,0.8707,-0.1633,3.4790,17.6392,149.8413,t001,AHC
2527318091,457543,3,pelvis,swing,0.3065,0.9526,-0.1453,0.4272,27.1606,151.6724,t001,AHC
2527318092,457559,3,pelvis,swing,0.3638,0.9991,-0.1521,-2.8076,33.5083,154.7852,t001,AHC
2527318127,457575,3,pelvis,swing,0.3842,1.0488,-0.1884,-3.6621,31.2500,155.5786,t001,AHC
2527318129,457591,3,pelvis,swing,0.3484,1.0786,-0.1892,-5.9204,29.2358,153.6865,t001,AHC
2527318129,457607,3,pelvis,swing,0.3496,1.0944,-0.1835,-9.0332,32.5928,148.2544,t001,AHC
2527318167,457622,3,pelvis,swing,0.3470,1.1179,-0.1769,-10.6201,35.2783,145.8130,t001,AHC
2527318168,457638,3,pelvis,swing,0.3252,1.1199,-0.1742,-13.0005,41.3818,141.3574,t001,AHC
2527318202,457654,3,pelvis,swing,0.2976,1.1141,-0.1732,-14.0381,43.5181,139.2212,t001,AHC
2527318205,457670,3,pelvis,swing,0.2994,1.1263,-0.1746,-15.7471,43.3350,135.7422,t001,AHC
2527318206,457686,3,pelvis,swing,0.2904,1.1268,-0.1727,-15.2588,37.2314,133.3008,t001,AHC
2527318244,457702,3,pelvis,swing,0.2529,1.0924,-0.1605,-14.6484,32.7759,131.7749,t001,AHC
2527318244,457718,3,pelvis,swing,0.2292,1.0724,-0.1570,-15.1978,21.5454,128.7231,t001,AHC
2527318280,457734,3,pelvis,swing,0.1824,1.0745,-0.1515,-16.4185,15.7471,127.9297,t001,AHC
2527318281,457750,3,pelvis,swing,0.1503,1.0853,-0.1328,-18.1885,6.5918,127.1362,t001,AHC
2527318320,457766,3,pelvis,swing,0.1385,1.0747,-0.1206,-17.3950,2.0142,124.3896,t001,AHC
2527318320,457782,3,pelvis,swing,0.1279,1.0670,-0.0894,-16.7236,1.0376,121.5210,t001,AHC
2527318320,457798,3,pelvis,swing,0.1384,1.0751,-0.0786,-14.5874,-1.2817,114.6240,t001,AHC
2527318357,457814,3,pelvis,swing,0.1516,1.0481,-0.0795,-13.1226,-2.5635,110.1684,t001,AHC
2527318357,457830,3,pelvis,swing,0.1487,1.0210,-0.0763,-12.2070,-3.0518,98.0835,t001,AHC
2527318396,457846,3,pelvis,swing,0.1359,0.9987,-0.0687,-12.5732,-2.6245,91.2476,t001,AHC
2527318396,457862,3,pelvis,swing,0.1138,0.9948,-0.0654,-12.5732,-1.4038,76.0498,t001,AHC
2527318429,457878,3,pelvis,swing,0.1169,0.9883,-0.0626,-11.2305,2.3193,57.4341,t001,AHC
2527318430,457894,3,pelvis,swing,0.1301,0.9554,-0.0588,-10.6201,4.2114,47.4243,t001,AHC
2527318431,457910,3,pelvis,swing,0.1365,0.9473,-0.0632,-10.0708,6.2866,26.7334,t001,AHC
2527318467,457926,3,pelvis,swing,0.1345,0.9440,-0.0847,-9.8267,7.0801,16.5405,t001,AHC
2527318468,457942,3,pelvis,swing,0.1127,0.9512,-0.0956,-9.2163,12.0850,-3.1738,t001,AHC
2527318503,457958,3,pelvis,swing,0.1016,1.0181,-0.0428,-5.8594,22.2168,-25.1465,t001,AHC
2527318504,457974,3,pelvis,swing,0.1481,0.9838,0.0471,-1.8311,30.0293,-38.8184,t001,AHC
2527318540,457990,3,pelvis,swing,-0.1324,0.9519,-0.0485,-3.1738,34.1187,-54.0161,t001,AHC
2527318541,458006,3,pelvis,swing,-0.6023,1.0233,-0.1035,-6.1646,25.5127,-44.9219,t001,AHC
2527318542,458023,3,pelvis,swing,-0.0911,1.0341,-0.1554,-3.5400,1.0986,-29.7852,t001,AHC
2527318576,458039,3,pelvis,swing,-0.0614,1.0507,-0.3127,-9.4604,-15.1367,-36.1328,t001,AHC
2527318576,458055,3,pelvis,swing,-0.3308,1.0997,-0.3542,-11.1084,-11.2305,-41.1987,t001,AHC
2527318613,458071,3,pelvis,swing,-0.3503,1.0457,-0.2505,-8.4229,11.8408,-46.5698,t001,AHC
2527318613,458087,3,pelvis,swing,-0.1257,0.9810,-0.1108,-10.4370,22.0947,-46.3257,t001,AHC
2527318647,458104,3,pelvis,loading,-0.0498,0.9785,-0.1598,-11.7798,19.2261,-44.7998,t001,AHC
2527318647,458120,3,pelvis,loading,-0.1063,0.9698,-0.1564,-12.0850,10.3149,-39.5508,t001,AHC
2527318689,458136,3,pelvis,loading,-0.1285,0.9587,-0.1487,-12.0239,7.6904,-36.1938,t001,AHC
2527318689,458152,3,pelvis,loading,-0.0242,1.0028,-0.2336,-14.1602,0.4272,-30.2734,t001,AHC
2527318689,458168,3,pelvis,loading,-0.0786,1.0114,-0.2461,-13.6108,-4.4556,-26.0010,t001,AHC
2527318724,458184,3,pelvis,loading,-0.1951,0.9369,-0.2272,-13.0005,0.0610,-24.2920,t001,AHC
2527318725,458200,3,pelvis,loading,-0.1547,0.9445,-0.2150,-13.3667,6.1646,-23.1934,t001,AHC
2527318763,458216,3,pelvis,loading,-0.1415,0.9816,-0.2219,-12.8174,3.1738,-23.1323,t001,AHC
2527318763,458233,3,pelvis,loading,-0.1542,0.9769,-0.2117,-11.0474,-1.8311,-22.2778,t001,AHC
2527318798,458249,3,pelvis,loading,-0.1439,0.9752,-0.1960,-10.2539,-4.3945,-21.1182,t001,AHC
2527318799,458265,3,pelvis,loading,-0.1466,0.9587,-0.2007,-10.3760,-5.4932,-20.5078,t001,AHC
2527318813,458281,3,pelvis,loading,-0.1572,0.9434,-0.2174,-10.6812,-6.2256,-19.4702,t001,AHC
2527318836,458297,3,pelvis,loading,-0.1721,0.9241,-0.2498,-10.9863,-5.4932,-19.2871,t001,AHC
2527318836,458313,3,pelvis,loading,-0.1532,0.9194,-0.2550,-11.4136,-3.4180,-19.0430,t001,AHC
2527318870,458330,3,pelvis,loading,-0.1443,0.9238,-0.2560,-11.1694,-2.9297,-19.1040,t001,AHC
2527318872,458346,3,pelvis,loading,-0.1682,0.9305,-0.2513,-11.1694,-2.5024,-19.5313,t001,AHC
2527318909,458362,3,pelvis,loading,-0.1743,0.9370,-0.2490,-11.5967,-1.8311,-20.7520,t001,AHC
2527318910,458378,3,pelvis,loading,-0.1501,0.9371,-0.2603,-11.5356,-2.4414,-21.1182,t001,AHC
2527318943,458394,3,pelvis,loading,-0.0836,0.9701,-0.2682,-10.8032,-3.2959,-21.1182,t001,AHC
2527318944,458411,3,pelvis,midstance,-0.0820,0.9845,-0.2601,-8.1787,-5.9204,-21.1182,t001,AHC
2527318947,458427,3,pelvis,midstance,-0.1106,0.9789,-0.2416,-6.8359,-7.6294,-21.3013,t001,AHC
2527318986,458443,3,pelvis,midstance,-0.1101,0.9736,-0.2476,-5.8594,-8.7280,-22.4609,t001,AHC
2527318986,458459,3,pelvis,midstance,-0.1094,0.9696,-0.2516,-4.7607,-9.7656,-23.4985,t001,AHC
2527319023,458475,3,pelvis,midstance,-0.0413,0.9684,-0.2407,-4.4556,-9.5825,-22.9492,t001,AHC
2527319023,458492,3,pelvis,midstance,-0.0240,0.9679,-0.2468,-3.6621,-10.2539,-20.2637,t001,AHC
2527319048,458508,3,pelvis,midstance,-0.0062,0.9501,-0.2352,-3.0518,-10.3760,-18.1885,t001,AHC
2527319061,458524,3,pelvis,midstance,0.0139,0.9518,-0.2435,-2.7466,-7.8125,-13.7329,t001,AHC
2527319062,458540,3,pelvis,midstance,-0.0084,0.9524,-0.2504,-2.1362,-6.2256,-10.0098,t001,AHC
2527319095,458556,3,pelvis,midstance,-0.0585,0.9459,-0.2625,-1.8921,-6.4087,-9.0942,t001,AHC
2527319097,458572,3,pelvis,midstance,-0.0671,0.9462,-0.2618,-1.9531,-6.7139,-8.9111,t001,AHC
2527319134,458588,3,pelvis,midstance,-0.0560,0.9403,-0.2544,-2.0752,-6.7139,-9.0942,t001,AHC
2527319134,458605,3,pelvis,midstance,-0.0472,0.9475,-0.2620,-2.5635,-5.8594,-9.3384,t001,AHC
2527319143,458621,3,pelvis,midstance,-0.0538,0.9542,-0.2667,-2.5024,-6.2256,-9.8267,t001,AHC
2527319168,458637,3,pelvis,midstance,-0.0977,0.9552,-0.2783,-2.3804,-7.3853,-10.7422,t001,AHC
2527319208,458653,3,pelvis,midstance,-0.0935,0.9478,-0.2781,-2.8687,-7.1411,-13.3057,t001,AHC
2527319209,458669,3,pelvis,midstance,-0.0345,0.9436,-0.2625,-3.0518,-6.3477,-13.9770,t001,AHC
2527319209,458686,3,pelvis,midstance,-0.0024,0.9528,-0.2473,-3.1128,-6.1646,-13.3667,t001,AHC
2527319243,458702,3,pelvis,midstance,-0.0089,0.9578,-0.2507,-2.8076,-6.9580,-12.0239,t001,AHC
2527319243,458718,3,pelvis,terminal,0.0049,0.9451,-0.2673,-2.2583,-7.1411,-11.2305,t001,AHC
2527319285,458734,3,pelvis,terminal,0.0204,0.9351,-0.2716,-1.0986,-7.0801,-8.9722,t001,AHC
2527319285,458750,3,pelvis,terminal,0.0125,0.9390,-0.2683,-0.7935,-6.8970,-7.5073,t001,AHC
2527319286,458766,3,pelvis,terminal,-0.0253,0.9517,-0.2722,-0.4883,-6.4087,-5.3711,t001,AHC
2527319320,458782,3,pelvis,terminal,-0.0336,0.9554,-0.2701,-0.8545,-4.6997,-5.1270,t001,AHC
2527319320,458798,3,pelvis,terminal,-0.0085,0.9430,-0.2543,-0.9766,-4.0283,-5.1270,t001,AHC
2527319360,458814,3,pelvis,terminal,-0.0056,0.9446,-0.2516,-1.2207,-4.0894,-5.1270,t001,AHC
2527319360,458830,3,pelvis,terminal,0.0035,0.9496,-0.2645,-0.9155,-4.3335,-5.2490,t001,AHC
2527319394,458846,3,pelvis,terminal,0.0139,0.9419,-0.2728,-0.5493,-4.3945,-4.2725,t001,AHC
2527319396,458863,3,pelvis,terminal,0.0057,0.9532,-0.2859,0.4883,-3.2349,-3.2349,t001,AHC
2527319432,458879,3,pelvis,terminal,-0.0009,0.9578,-0.2843,1.7700,-2.4414,-3.1128,t001,AHC
2527319433,458895,3,pelvis,terminal,-0.0031,0.9467,-0.2775,4.0894,-1.4648,-3.5400,t001,AHC
2527319433,458911,3,pelvis,terminal,-0.0125,0.9290,-0.2800,4.2725,-0.6714,-3.7842,t001,AHC
2527319467,458927,3,pelvis,terminal,-0.0072,0.9382,-0.2924,3.9673,2.1973,-4.5166,t001,AHC
