timestamp_pc_ms,timestamp_arduino_ms,sensor_id,placement,phase,ax,ay,az,gx,gy,gz,trial_id,subject_id
56848698,319018,1,pelvis,loading,0.9326,-0.1324,-0.3175,-1.8921,-2.8687,0.7324,t005,diego
56848699,319033,1,pelvis,loading,0.9460,-0.1339,-0.3265,-1.1597,-2.8076,-0.7324,t005,diego
56848699,319049,1,pelvis,loading,0.9474,-0.1434,-0.3348,0.1221,-3.1128,-2.1362,t005,diego
56848743,319065,1,pelvis,loading,0.9357,-0.1464,-0.3322,2.7466,-3.8452,-4.3335,t005,diego
56848744,319081,1,pelvis,loading,0.9330,-0.1357,-0.3337,3.4180,-3.9062,-5.1880,t005,diego
56848746,319097,1,pelvis,loading,0.9421,-0.1228,-0.3251,4.0894,-3.8452,-6.8359,t005,diego
56848792,319112,1,pelvis,loading,0.9519,-0.1185,-0.3254,5.3101,-2.3804,-9.7656,t005,diego
56848792,319128,1,pelvis,loading,0.9547,-0.1285,-0.3296,4.1504,-2.5024,-10.9863,t005,diego
56848793,319144,1,pelvis,loading,0.9426,-0.1346,-0.3190,-2.9297,-6.2256,-9.1553,t005,diego
56848835,319160,1,pelvis,loading,0.9159,-0.1477,-0.2754,-3.9673,-7.6294,-8.3008,t005,diego
56848836,319175,1,pelvis,loading,0.8501,-0.1307,-0.2700,4.2725,-6.5918,-9.5215,t005,diego
56848837,319191,1,pelvis,loading,0.8456,-0.1412,-0.2931,4.0894,-2.9907,-7.6904,t005,diego
56848881,319207,1,pelvis,loading,0.8879,-0.1691,-0.3264,1.9531,-2.1973,-5.9814,t005,diego
56848882,319222,1,pelvis,loading,0.8994,-0.1560,-0.3413,-2.0752,-0.4883,-2.7466,t005,diego
56848882,319238,1,pelvis,loading,0.9077,-0.1301,-0.3757,-3.5400,1.4038,-1.4038,t005,diego
56848922,319254,1,pelvis,loading,0.9186,-0.1199,-0.3748,-4.0894,3.7231,0.0000,t005,diego
56848924,319269,1,pelvis,loading,0.9158,-0.1233,-0.3600,-1.6479,3.3569,-1.0986,t005,diego
56848924,319285,1,pelvis,loading,0.9170,-0.1409,-0.3378,0.0610,3.4180,-1.9531,t005,diego
56848969,319301,1,pelvis,loading,0.9224,-0.1449,-0.3317,1.7700,3.8452,-2.7466,t005,diego
56848969,319316,1,pelvis,loading,0.9194,-0.1534,-0.3202,1.9531,3.8452,-2.8687,t005,diego
56848999,319332,1,pelvis,loading,0.9131,-0.1602,-0.3130,2.1973,3.0518,-2.8076,t005,diego
56849012,319347,1,pelvis,loading,0.9143,-0.1631,-0.2998,2.1973,2.6855,-2.5024,t005,diego
56849013,319363,1,pelvis,loading,0.9287,-0.1566,-0.2983,2.2583,2.7466,-2.2583,t005,diego
56849058,319379,1,pelvis,loading,0.9321,-0.1592,-0.2952,3.1128,2.3193,-2.9907,t005,diego
56849059,319394,1,pelvis,loading,0.9299,-0.1653,-0.2854,3.1738,2.0142,-3.0518,t005,diego
56849059,319410,1,pelvis,loading,0.9310,-0.1639,-0.2799,2.5635,1.2817,-2.2583,t005,diego
56849101,319425,1,pelvis,loading,0.9343,-0.1639,-0.2770,2.2583,1.2207,-1.8311,t005,diego
56849102,319441,1,pelvis,loading,0.9349,-0.1615,-0.2789,0.5493,1.3428,-1.5259,t005,diego
56849103,319456,1,pelvis,loading,0.9347,-0.1512,-0.2806,-0.4272,1.0376,-1.5259,t005,diego
56849148,319472,1,pelvis,loading,0.9380,-0.1526,-0.2883,-0.6714,0.7324,-1.3428,t005,diego
56849148,319488,1,pelvis,loading,0.9370,-0.1530,-0.2915,0.1831,0.5493,-1.2207,t005,diego
56849149,319503,1,pelvis,loading,0.9294,-0.1454,-0.2920,-0.1831,0.1831,-1.2207,t005,diego
56849188,319519,1,pelvis,loading,0.9263,-0.1476,-0.2919,-0.7935,-0.3052,-1.0986,t005,diego
56849190,319535,1,pelvis,loading,0.9269,-0.1609,-0.2939,-0.9155,-0.2441,-1.0986,t005,diego
56849191,319551,1,pelvis,loading,0.9319,-0.1545,-0.2969,-1.4648,0.2441,-0.9766,t005,diego
56849233,319566,1,pelvis,loading,0.9308,-0.1483,-0.2997,-2.1973,0.5493,-0.5493,t005,diego
56849234,319582,1,pelvis,loading,0.9233,-0.1373,-0.2979,-2.1362,0.5493,-0.4272,t005,diego
56849285,319598,1,pelvis,loading,0.9213,-0.1370,-0.2946,-1.2207,0.4883,-0.5493,t005,diego
56849287,319613,1,pelvis,loading,0.9227,-0.1478,-0.2875,-0.6714,0.6714,-0.6714,t005,diego
56849288,319629,1,pelvis,loading,0.9292,-0.1521,-0.2787,-0.0610,1.1597,-0.8545,t005,diego
56849289,319645,1,pelvis,loading,0.9268,-0.1492,-0.2736,-0.4272,1.5869,-0.0610,t005,diego
56849341,319660,1,pelvis,loading,0.9376,-0.1382,-0.2738,0.1221,1.8921,0.3662,t005,diego
56849342,319676,1,pelvis,loading,0.9521,-0.1345,-0.2833,1.7700,1.4648,-0.7324,t005,diego
56849342,319692,1,pelvis,loading,0.9591,-0.1389,-0.2920,2.1973,0.4272,-2.0142,t005,diego
56849384,319707,1,pelvis,loading,0.9471,-0.1429,-0.2878,2.9907,-1.7090,-3.6011,t005,diego
56849386,319723,1,pelvis,loading,0.9282,-0.1530,-0.2808,3.4180,-2.2583,-3.7231,t005,diego
56849387,319739,1,pelvis,loading,0.9343,-0.1549,-0.2906,3.4180,-2.6855,-3.7231,t005,diego
56849433,319754,1,pelvis,loading,0.9480,-0.1566,-0.2982,2.3193,-2.5024,-4.8218,t005,diego
56849433,319770,1,pelvis,loading,0.9611,-0.1517,-0.3131,1.7090,-2.6855,-5.7983,t005,diego
56849434,319786,1,pelvis,loading,0.9443,-0.1464,-0.3105,1.5869,-4.2114,-6.8970,t005,diego
56849477,319801,1,pelvis,loading,0.9154,-0.1466,-0.3085,2.0752,-4.6387,-7.0190,t005,diego
56849478,319817,1,pelvis,loading,0.9285,-0.1702,-0.3400,3.6011,-3.9062,-7.6904,t005,diego
56849478,319832,1,pelvis,loading,0.9233,-0.1741,-0.3561,4.4556,-3.7842,-8.9722,t005,diego
56849524,319848,1,pelvis,loading,0.8730,-0.1610,-0.3633,3.8452,-3.8452,-8.9722,t005,diego
56849525,319864,1,pelvis,loading,0.8619,-0.1589,-0.3643,2.7466,-1.8311,-7.6904,t005,diego
56849525,319880,1,pelvis,loading,0.8853,-0.1776,-0.3779,2.8076,0.1221,-7.2632,t005,diego
56849567,319895,1,pelvis,loading,0.9022,-0.1934,-0.3832,2.5024,3.0518,-7.2632,t005,diego
56849569,319911,1,pelvis,loading,0.9060,-0.2000,-0.3805,-0.3662,4.2114,-6.8359,t005,diego
56849570,319927,1,pelvis,loading,0.9094,-0.2046,-0.3658,-1.4648,4.4556,-6.3477,t005,diego
56849615,319942,1,pelvis,loading,0.9048,-0.2013,-0.3528,-2.0142,4.4556,-5.0659,t005,diego
56849615,319958,1,pelvis,loading,0.9093,-0.2017,-0.3309,-2.0142,4.5776,-4.3945,t005,diego
56849616,319973,1,pelvis,loading,0.9312,-0.2126,-0.3267,-1.6479,5.5542,-3.5400,t005,diego
56849660,319989,1,pelvis,loading,0.9519,-0.2389,-0.3022,-1.0376,5.7373,-3.2959,t005,diego
56849660,320005,1,pelvis,loading,0.9399,-0.2271,-0.2306,0.4272,4.3335,-2.5024,t005,diego
56849660,320020,1,pelvis,loading,0.9406,-0.2106,-0.2037,2.5635,2.6245,-2.5635,t005,diego
56849705,320036,1,pelvis,loading,0.9546,-0.1891,-0.1808,3.2349,1.8921,-2.8076,t005,diego
56849705,320051,1,pelvis,loading,0.9618,-0.1888,-0.1710,4.8828,-0.3662,-3.0518,t005,diego
56849706,320067,1,pelvis,loading,0.9668,-0.2036,-0.1571,6.1035,-1.8311,-3.2349,t005,diego
56849747,320083,1,pelvis,loading,0.9591,-0.2172,-0.1727,7.9956,-4.4556,-4.0283,t005,diego
56849750,320098,1,pelvis,loading,0.9476,-0.2181,-0.1967,7.5073,-5.6152,-4.8828,t005,diego
56849796,320114,1,pelvis,loading,0.9108,-0.2089,-0.2562,6.2256,-5.6152,-4.6387,t005,diego
56849797,320130,1,pelvis,loading,0.9003,-0.1996,-0.2888,3.1738,-4.3335,-2.7466,t005,diego
56849797,320146,1,pelvis,loading,0.8896,-0.1936,-0.3539,2.4414,-3.3569,-1.9531,t005,diego
56849843,320161,1,pelvis,loading,0.9009,-0.1893,-0.3658,1.7090,-1.6479,-1.8921,t005,diego
56849843,320177,1,pelvis,loading,0.9154,-0.1705,-0.3588,5.0049,-2.7466,-2.7466,t005,diego
56849846,320193,1,pelvis,loading,0.9088,-0.1504,-0.3405,7.8125,-3.4180,-2.7466,t005,diego
56849862,320209,1,pelvis,loading,0.9059,-0.1514,-0.3236,12.0239,-3.9673,-2.7466,t005,diego
56849892,320224,1,pelvis,loading,0.9064,-0.1395,-0.3223,14.5264,-3.9062,-3.2959,t005,diego
56849893,320240,1,pelvis,loading,0.9088,-0.1377,-0.3195,17.2119,-3.0518,-4.8218,t005,diego
56849935,320256,1,pelvis,loading,0.9133,-0.1417,-0.3142,14.2212,-3.8452,-5.0049,t005,diego
56849935,320271,1,pelvis,loading,0.9152,-0.1671,-0.2911,11.7187,-4.5166,-5.0659,t005,diego
56849937,320287,1,pelvis,loading,0.9133,-0.1764,-0.2748,6.0425,-6.4087,-5.1270,t005,diego
56849981,320303,1,pelvis,loading,0.9176,-0.1719,-0.2356,3.4180,-7.6904,-5.0659,t005,diego
56849981,320319,1,pelvis,loading,0.9338,-0.1672,-0.2128,1.2817,-10.3149,-5.6152,t005,diego
56849982,320334,1,pelvis,loading,0.9835,-0.1787,-0.1747,1.8311,-12.2070,-6.5308,t005,diego
56850022,320350,1,pelvis,loading,1.0255,-0.2061,-0.1252,4.2725,-17.2729,-8.5449,t005,diego
56850024,320366,1,pelvis,loading,1.0336,-0.2196,-0.0946,7.6904,-24.7192,-10.3149,t005,diego
56850024,320381,1,pelvis,loading,1.0470,-0.2458,-0.0309,8.8501,-28.5645,-10.9253,t005,diego
56850069,320397,1,pelvis,loading,1.0674,-0.2594,-0.0040,9.2773,-34.5459,-9.7046,t005,diego
56850069,320413,1,pelvis,loading,1.1069,-0.2808,0.0360,9.3994,-37.3535,-8.4839,t005,diego
56850070,320428,1,pelvis,loading,1.1128,-0.3097,0.0850,7.9956,-45.2270,-9.6436,t005,diego
56850112,320444,1,pelvis,loading,1.1136,-0.3320,0.1147,4.5166,-53.7109,-13.5498,t005,diego
56850114,320459,1,pelvis,loading,1.1266,-0.3384,0.1375,1.2817,-57.1289,-14.8315,t005,diego
56850114,320475,1,pelvis,loading,1.1177,-0.3403,0.1379,-7.6904,-60.5469,-15.8691,t005,diego
56850158,320491,1,pelvis,loading,1.0315,-0.2957,0.0927,-11.7187,-58.8379,-14.5874,t005,diego
56850159,320506,1,pelvis,loading,1.0129,-0.2065,-0.0485,-19.5313,-52.9175,-12.1460,t005,diego
56850199,320522,1,pelvis,loading,1.0828,-0.1689,-0.1447,-19.8364,-43.5181,-10.9253,t005,diego
56850201,320538,1,pelvis,loading,1.1383,-0.1360,-0.3253,-16.2354,-39.3066,-8.7891,t005,diego
56850201,320554,1,pelvis,loading,1.0889,-0.1298,-0.3928,-4.9438,-33.2642,0.3052,t005,diego
56850245,320570,1,pelvis,loading,0.9731,-0.1707,-0.4865,-1.7700,-33.0811,2.3804,t005,diego
56850245,320585,1,pelvis,loading,0.9298,-0.2135,-0.5084,-5.0659,-38.7573,1.9531,t005,diego
56850246,320601,1,pelvis,loading,0.8430,-0.2687,-0.5527,-14.0991,-42.4194,4.5166,t005,diego
56850287,320617,1,pelvis,loading,0.7665,-0.2643,-0.6462,-20.6299,-42.1753,4.6997,t005,diego
56850289,320632,1,pelvis,loading,0.7366,-0.2302,-0.6813,-27.7100,-35.9497,4.3335,t005,diego
56850290,320648,1,pelvis,loading,0.7168,-0.1466,-0.6368,-26.3062,-30.8838,4.0894,t005,diego
56850334,320664,1,pelvis,loading,0.7147,-0.1121,-0.5815,-14.3433,-20.7520,4.6997,t005,diego
56850335,320679,1,pelvis,loading,0.7360,-0.0651,-0.5168,-4.9438,-14.4043,6.9580,t005,diego
56850335,320695,1,pelvis,loading,0.8069,-0.0768,-0.5388,15.1978,-3.1738,15.1367,t005,diego
56850379,320711,1,pelvis,loading,0.8116,-0.1044,-0.5265,32.1655,-1.7700,21.3623,t005,diego
56850380,320727,1,pelvis,loading,0.7728,-0.1737,-0.4701,39.7949,-1.8921,20.7520,t005,diego
56850388,320742,1,pelvis,loading,0.7592,-0.2185,-0.4387,51.2695,0.4883,11.9019,t005,diego
56850425,320758,1,pelvis,loading,0.7766,-0.2714,-0.3652,53.6499,3.4180,6.9580,t005,diego
56850426,320773,1,pelvis,loading,0.8120,-0.2539,-0.2590,55.9692,10.1929,1.4648,t005,diego
56850448,320789,1,pelvis,loading,0.8436,-0.2443,-0.1954,56.3965,13.0615,-0.6714,t005,diego
56850469,320804,1,pelvis,loading,0.9481,-0.2571,-0.0603,51.7578,13.2446,-1.3428,t005,diego
56850469,320820,1,pelvis,midstance,0.9999,-0.2864,0.0239,39.4287,10.3760,2.5024,t005,diego
56850474,320835,1,pelvis,midstance,1.0190,-0.3630,0.2223,35.0952,7.3853,6.5308,t005,diego
56850520,320851,1,pelvis,midstance,1.0297,-0.4194,0.3368,24.3530,4.2725,14.9536,t005,diego
56850521,320867,1,pelvis,midstance,0.9923,-0.4569,0.5184,19.0430,7.3242,21.7285,t005,diego
56850521,320882,1,pelvis,midstance,0.8441,-0.3685,0.3457,7.8125,22.8882,32.2876,t005,diego
56850567,320897,1,pelvis,midstance,0.8116,-0.3257,0.1338,-16.2354,51.6968,34.5459,t005,diego
56850567,320913,1,pelvis,midstance,1.0981,-0.2830,-0.1948,-32.2876,61.5845,31.9824,t005,diego
56850567,320929,1,pelvis,midstance,1.2902,-0.2681,-0.1860,-24.4751,43.6401,17.3340,t005,diego
56850613,320944,1,pelvis,midstance,1.2903,-0.1548,-0.0588,3.4180,21.9727,7.8125,t005,diego
56850613,320960,1,pelvis,midstance,1.0879,-0.0779,0.0045,45.1660,-3.8452,-6.0425,t005,diego
56850614,320975,1,pelvis,midstance,0.8250,-0.0165,-0.0769,46.6919,0.6104,-5.9814,t005,diego
56850656,320991,1,pelvis,midstance,0.8826,-0.1216,-0.2572,26.7334,20.5688,4.0894,t005,diego
56850657,321007,1,pelvis,midstance,0.9265,-0.1423,-0.2904,5.7983,25.6348,11.8408,t005,diego
56850702,321022,1,pelvis,midstance,0.9624,-0.1022,-0.2734,0.1831,22.5220,14.1602,t005,diego
56850702,321038,1,pelvis,midstance,0.9552,-0.1084,-0.2659,-0.6104,17.5781,13.0615,t005,diego
56850703,321053,1,pelvis,midstance,0.9601,-0.1569,-0.2581,5.0049,17.7002,10.0708,t005,diego
56850744,321069,1,pelvis,midstance,0.9690,-0.1642,-0.2448,21.3623,20.8130,7.9346,t005,diego
56850745,321084,1,pelvis,midstance,0.9666,-0.1581,-0.2314,31.1890,23.9258,12.2681,t005,diego
56850746,321100,1,pelvis,midstance,0.9399,-0.1508,-0.2292,31.4941,23.9868,13.3057,t005,diego
56850791,321115,1,pelvis,midstance,0.9221,-0.1377,-0.2439,24.7803,25.9399,13.0615,t005,diego
56850792,321131,1,pelvis,midstance,0.9238,-0.1290,-0.2657,18.4937,28.5645,13.6108,t005,diego
56850792,321147,1,pelvis,midstance,0.9436,-0.0989,-0.2836,9.1553,30.7617,14.5264,t005,diego
56850834,321162,1,pelvis,midstance,0.9274,-0.0902,-0.2957,6.7749,31.0669,13.8550,t005,diego
56850835,321178,1,pelvis,midstance,0.9384,-0.0690,-0.3156,7.3242,33.2031,11.5356,t005,diego
56850835,321193,1,pelvis,midstance,0.9526,-0.0782,-0.3036,14.3433,30.5786,6.2256,t005,diego
56850881,321209,1,pelvis,midstance,0.9392,-0.1156,-0.2744,16.1743,30.0903,5.0049,t005,diego
56850882,321224,1,pelvis,midstance,0.9352,-0.1177,-0.2607,15.8081,30.5786,6.7749,t005,diego
56850882,321240,1,pelvis,midstance,0.9410,-0.0835,-0.2390,13.7329,30.3955,7.3242,t005,diego
56850926,321255,1,pelvis,midstance,0.9520,-0.0519,-0.2357,8.7280,29.9683,7.8735,t005,diego
56850928,321271,1,pelvis,midstance,0.9717,-0.0267,-0.2412,6.0425,30.2734,8.7280,t005,diego
56850928,321286,1,pelvis,midstance,0.9803,-0.0139,-0.2415,1.8921,30.1514,8.6670,t005,diego
56850974,321302,1,pelvis,midstance,0.9790,-0.0134,-0.2452,2.8076,29.2358,8.1177,t005,diego
56850975,321317,1,pelvis,midstance,0.9606,-0.0229,-0.2803,2.9297,29.4189,8.4229,t005,diego
56850975,321333,1,pelvis,midstance,0.9587,-0.0088,-0.2872,3.3569,27.8931,5.0659,t005,diego
56851019,321348,1,pelvis,midstance,0.9402,-0.0405,-0.2577,-0.8545,27.6489,5.1270,t005,diego
56851022,321364,1,pelvis,terminal,0.9503,-0.0419,-0.2526,-4.2725,26.3062,10.4980,t005,diego
56851023,321380,1,pelvis,terminal,0.9857,-0.0675,-0.2471,2.0142,22.2778,9.2773,t005,diego
56851070,321395,1,pelvis,terminal,0.9673,-0.1625,-0.2667,10.1318,17.0288,3.2959,t005,diego
56851070,321411,1,pelvis,terminal,0.9380,-0.1694,-0.2754,1.7090,17.6392,6.2256,t005,diego
56851070,321426,1,pelvis,terminal,0.8865,-0.0917,-0.3064,-1.7090,18.1885,8.4839,t005,diego
56851114,321442,1,pelvis,terminal,0.8889,-0.0515,-0.3335,-0.2441,20.1416,10.9253,t005,diego
56851116,321458,1,pelvis,terminal,0.9265,-0.0216,-0.4224,1.7700,20.9961,11.1084,t005,diego
56851116,321473,1,pelvis,terminal,0.9019,-0.0533,-0.4830,2.0142,20.5078,9.7046,t005,diego
56851163,321489,1,pelvis,terminal,0.8601,-0.0513,-0.4916,-3.8452,21.6064,9.2163,t005,diego
56851164,321505,1,pelvis,terminal,0.8418,-0.0067,-0.5044,-6.2256,23.0713,9.8267,t005,diego
56851164,321520,1,pelvis,terminal,0.8557,0.0034,-0.5088,-6.3477,25.4517,8.5449,t005,diego
56851208,321536,1,pelvis,terminal,0.8516,0.0201,-0.4972,-5.6152,26.3672,7.3242,t005,diego
56851209,321551,1,pelvis,terminal,0.8466,0.0225,-0.4894,-3.2349,26.2451,5.9814,t005,diego
56851210,321567,1,pelvis,terminal,0.8634,-0.0223,-0.4692,-1.5259,25.0854,5.4321,t005,diego
56851256,321583,1,pelvis,terminal,0.8811,-0.0585,-0.4403,0.6714,22.5220,4.5776,t005,diego
56851257,321598,1,pelvis,terminal,0.8846,-0.0492,-0.4192,-0.3662,21.9727,5.6763,t005,diego
56851257,321614,1,pelvis,terminal,0.8669,-0.0024,-0.3888,-2.4414,22.6440,6.2866,t005,diego
56851300,321629,1,pelvis,terminal,0.8745,-0.0007,-0.3868,-5.9814,25.0244,7.6294,t005,diego
56851302,321645,1,pelvis,terminal,0.9231,-0.0637,-0.4078,-7.8125,25.2075,8.9722,t005,diego
56851302,321660,1,pelvis,terminal,0.9274,-0.0898,-0.3796,-12.0850,23.2544,9.5825,t005,diego
56851348,321676,1,pelvis,terminal,0.9193,-0.0569,-0.3615,-12.3291,21.6675,7.6904,t005,diego
56851349,321691,1,pelvis,terminal,0.9305,0.0171,-0.3600,-10.9863,21.1792,6.6528,t005,diego
56851349,321707,1,pelvis,terminal,0.9349,0.0199,-0.3738,-7.2632,20.6909,4.4556,t005,diego
56851394,321722,1,pelvis,terminal,0.9202,-0.0264,-0.3872,-5.9814,20.7520,2.9907,t005,diego
56851394,321738,1,pelvis,terminal,0.9061,-0.0325,-0.3905,-6.1646,21.1792,0.7935,t005,diego
56851395,321753,1,pelvis,terminal,0.8942,0.0024,-0.4031,-6.7139,21.4844,0.4272,t005,diego
56851443,321769,1,pelvis,terminal,0.9016,-0.0071,-0.4083,-7.3853,21.8506,-0.6104,t005,diego
56851444,321785,1,pelvis,terminal,0.9009,-0.0262,-0.4050,-9.7046,21.1182,-1.7700,t005,diego
56851444,321800,1,pelvis,terminal,0.8937,-0.0524,-0.4020,-11.8408,20.5078,-2.0142,t005,diego
56851488,321816,1,pelvis,terminal,0.8835,-0.0454,-0.4108,-16.0522,20.3247,-1.5869,t005,diego
56851489,321831,1,pelvis,terminal,0.8835,-0.0354,-0.4253,-17.7612,20.6909,-0.7935,t005,diego
56851490,321847,1,pelvis,terminal,0.9016,-0.0375,-0.4232,-20.6299,20.7520,-0.4883,t005,diego
56851537,321863,1,pelvis,terminal,0.9413,-0.0458,-0.4038,-22.8882,20.1416,-1.0986,t005,diego
56851537,321879,1,pelvis,terminal,0.9827,-0.0820,-0.4049,-31.1279,18.4937,-2.5635,t005,diego
56851538,321894,1,pelvis,terminal,1.0292,-0.1210,-0.4045,-30.8228,16.6016,-6.8970,t005,diego
56851581,321910,1,pelvis,swing,1.0472,-0.1382,-0.3547,-28.1372,14.2822,-8.2397,t005,diego
56851581,321926,1,pelvis,swing,1.0079,-0.1069,-0.2938,-33.9355,7.5073,-5.1270,t005,diego
56851581,321942,1,pelvis,swing,0.9755,-0.0388,-0.2053,-40.8325,4.9438,-3.0518,t005,diego
56851631,321957,1,pelvis,swing,0.9487,-0.0356,-0.2192,-46.3257,0.0610,-0.6714,t005,diego
56851631,321973,1,pelvis,swing,0.9324,-0.1012,-0.2500,-34.7900,0.2441,-3.4180,t005,diego
56851632,321989,1,pelvis,swing,0.9899,-0.2606,-0.3097,-30.4565,1.0986,-7.2632,t005,diego
56851677,322004,1,pelvis,swing,1.0195,-0.2955,-0.3444,-35.8887,-2.6855,-16.0522,t005,diego
56851680,322020,1,pelvis,swing,0.9935,-0.3735,-0.3746,-42.7246,-7.0801,-19.1040,t005,diego
56851681,322036,1,pelvis,swing,0.9670,-0.4830,-0.3240,-53.6499,-18.9819,-23.3765,t005,diego
56851729,322052,1,pelvis,swing,0.9630,-0.4962,-0.2933,-63.5986,-29.0527,-23.9868,t005,diego
56851730,322068,1,pelvis,swing,0.9783,-0.4406,-0.1830,-69.5801,-33.0200,-21.1792,t005,diego
56851730,322084,1,pelvis,swing,0.9961,-0.4137,-0.1322,-80.4443,-41.7480,-13.8550,t005,diego
56851775,322099,1,pelvis,swing,0.9458,-0.3795,-0.1720,-83.8623,-44.6777,-11.9629,t005,diego
56851777,322115,1,pelvis,swing,0.8927,-0.3365,-0.2838,-87.2192,-42.8467,-14.6484,t005,diego
56851777,322131,1,pelvis,swing,0.9219,-0.2942,-0.3519,-84.1064,-38.0249,-21.6064,t005,diego
56851824,322147,1,pelvis,swing,1.1738,-0.2169,-0.4733,-82.7026,-40.0391,-23.8037,t005,diego
56851825,322163,1,pelvis,swing,1.2803,-0.1829,-0.4883,-76.0498,-65.6738,-16.3574,t005,diego
56851825,322179,1,pelvis,swing,1.2008,-0.0389,-0.4967,-67.5049,-82.0312,-9.3994,t005,diego
56851870,322194,1,pelvis,swing,1.0870,-0.0074,-0.5604,-41.6870,-97.0459,-9.1553,t005,diego
56851872,322210,1,pelvis,swing,1.0400,-0.0396,-0.5873,-27.1606,-97.6562,-26.8555,t005,diego
56851872,322226,1,pelvis,swing,0.9576,-0.1722,-0.5264,-21.4233,-97.1069,-31.1890,t005,diego
56851920,322242,1,pelvis,swing,0.9343,-0.2073,-0.4946,-9.8267,-85.6323,-17.2119,t005,diego
56851920,322257,1,pelvis,swing,0.8890,-0.1863,-0.4355,-9.7046,-78.2471,-8.1787,t005,diego
56851921,322273,1,pelvis,swing,0.8947,-0.1470,-0.3947,-16.9678,-66.8335,3.1128,t005,diego
56851965,322289,1,pelvis,swing,0.9071,-0.1489,-0.4022,-15.3198,-63.7207,9.7046,t005,diego
56851967,322305,1,pelvis,swing,0.9312,-0.1545,-0.4305,-9.9487,-63.5986,12.1460,t005,diego
56851968,322320,1,pelvis,swing,0.9446,-0.1552,-0.4302,-0.3662,-68.2373,13.3667,t005,diego
56852016,322336,1,pelvis,swing,0.9204,-0.1721,-0.3782,2.1973,-71.5942,12.8174,t005,diego
56852016,322352,1,pelvis,swing,0.8556,-0.2024,-0.3395,4.3335,-72.2656,11.2305,t005,diego
56852017,322367,1,pelvis,swing,0.8304,-0.2146,-0.3289,5.6152,-65.5518,10.0098,t005,diego
56852062,322383,1,pelvis,swing,0.8330,-0.2299,-0.3208,6.3477,-62.0117,9.6436,t005,diego
56852063,322398,1,pelvis,swing,0.8562,-0.2329,-0.3213,10.3149,-57.5561,10.3149,t005,diego
56852064,322414,1,pelvis,swing,0.8773,-0.2625,-0.3192,12.6953,-56.8848,10.4370,t005,diego
56852113,322430,1,pelvis,swing,0.8568,-0.3179,-0.3104,14.2212,-57.6782,7.6294,t005,diego
56852113,322445,1,pelvis,swing,0.8403,-0.3268,-0.3014,10.4370,-58.0444,5.0659,t005,diego
56852114,322461,1,pelvis,swing,0.8234,-0.3157,-0.2850,8.4839,-57.1899,5.3101,t005,diego
56852158,322477,1,pelvis,swing,0.8201,-0.3254,-0.2733,5.6763,-53.4058,6.4697,t005,diego
56852160,322492,1,pelvis,swing,0.8037,-0.3993,-0.2433,4.8218,-51.4526,5.8594,t005,diego
56852161,322508,1,pelvis,swing,0.7949,-0.4442,-0.2191,2.3193,-49.5605,1.7700,t005,diego
56852179,322523,1,pelvis,swing,0.8007,-0.4865,-0.1758,-1.2207,-48.8892,0.4272,t005,diego
56852208,322539,1,pelvis,swing,0.8053,-0.4524,-0.1727,-14.4043,-45.9595,1.3428,t005,diego
56852208,322555,1,pelvis,swing,0.7996,-0.4185,-0.1548,-30.3345,-38.6963,6.0425,t005,diego
56852209,322570,1,pelvis,swing,0.8276,-0.3431,-0.1154,-36.7432,-35.2173,9.1553,t005,diego
56852254,322586,1,pelvis,swing,0.8655,-0.3042,-0.1008,-45.3491,-31.4331,14.7705,t005,diego
56852255,322602,1,pelvis,swing,0.9012,-0.2281,-0.0504,-46.8140,-31.0059,17.2729,t005,diego
56852256,322617,1,pelvis,swing,0.9108,-0.1846,0.0135,-41.8701,-31.7383,20.3247,t005,diego
56852302,322633,1,pelvis,swing,0.9238,-0.1870,0.0200,-30.7617,-31.7383,19.2261,t005,diego
56852302,322649,1,pelvis,swing,0.9354,-0.1713,0.0419,-24.4141,-31.6162,18.1885,t005,diego
56852303,322664,1,pelvis,swing,0.9523,-0.1666,0.0256,-8.9111,-29.4189,17.7002,t005,diego
56852349,322680,1,pelvis,swing,0.8796,-0.1509,-0.0349,-1.2207,-26.1230,18.2495,t005,diego
56852349,322696,1,pelvis,swing,0.8185,-0.1372,-0.0204,12.5122,-17.2729,18.3716,t005,diego
56852395,322711,1,pelvis,swing,0.8164,-0.1396,-0.0289,18.4326,-11.1084,17.2119,t005,diego
56852395,322727,1,pelvis,swing,0.8881,-0.1760,-0.0880,30.1514,-0.2441,16.3574,t005,diego
56852395,322742,1,pelvis,swing,0.8809,-0.1815,-0.0802,36.8652,4.6387,19.7754,t005,diego
56852396,322758,1,pelvis,swing,0.8492,-0.1893,-0.0427,38.5742,8.1787,21.7285,t005,diego
56852439,322773,1,pelvis,swing,0.8547,-0.1970,-0.0375,39.7949,16.5405,24.5361,t005,diego
56852441,322789,1,pelvis,swing,0.8789,-0.1917,-0.0398,39.6729,18.1274,23.1323,t005,diego
56852443,322804,1,pelvis,swing,0.8925,-0.2023,-0.0377,41.9922,16.6016,15.6250,t005,diego
56852487,322820,1,pelvis,swing,0.8812,-0.2480,0.0157,42.9077,16.5405,12.1460,t005,diego
56852487,322835,1,pelvis,swing,0.8929,-0.2952,0.0881,42.6636,21.4844,8.1787,t005,diego
56852528,322851,1,pelvis,swing,0.9769,-0.2902,0.0911,44.4946,23.9258,6.0425,t005,diego
56852529,322866,1,pelvis,swing,1.0624,-0.2344,0.1298,50.5981,21.2402,6.2256,t005,diego
56852530,322881,1,pelvis,swing,1.0681,-0.2047,0.2083,55.6641,12.4512,5.9814,t005,diego
56852575,322897,1,pelvis,swing,1.1106,-0.1852,0.4021,53.9551,9.0942,5.5542,t005,diego
56852576,322912,1,pelvis,swing,1.0719,-0.2277,0.4144,55.9082,7.7515,0.9766,t005,diego
56852576,322928,1,pelvis,swing,0.9402,-0.3457,0.2394,63.3545,14.0991,-1.9531,t005,diego
56852618,322943,1,pelvis,swing,1.1084,-0.4882,0.1761,65.0635,41.6260,-4.5776,t005,diego
56852619,322959,1,pelvis,loading,1.1892,-0.5432,0.2358,29.3579,44.5557,-2.6245,t005,diego
56852619,322974,1,pelvis,loading,1.1727,-0.4863,0.3531,16.0522,32.6538,-1.0986,t005,diego
56852667,322990,1,pelvis,loading,1.1361,-0.4567,0.3832,15.9912,11.3525,-8.1787,t005,diego
56852668,323005,1,pelvis,loading,1.0571,-0.4200,0.3054,20.3857,9.3994,-11.5356,t005,diego
56852668,323021,1,pelvis,loading,0.9993,-0.3512,0.2987,15.5029,12.5732,-2.8076,t005,diego
56852712,323036,1,pelvis,loading,0.8107,-0.1667,0.1711,21.5454,19.9585,5.9814,t005,diego
56852712,323052,1,pelvis,loading,0.8707,-0.1289,-0.0361,39.5508,43.0908,19.4702,t005,diego
56852714,323067,1,pelvis,loading,0.9486,-0.1595,-0.0880,14.0381,35.7666,25.6348,t005,diego
56852761,323083,1,pelvis,loading,0.9764,-0.1810,-0.1410,-0.3662,26.4282,25.6348,t005,diego
56852762,323098,1,pelvis,loading,0.9408,-0.1527,-0.1915,-12.2681,20.6299,26.7334,t005,diego
56852762,323114,1,pelvis,loading,0.9175,-0.1146,-0.2120,-15.8691,21.4844,27.2217,t005,diego
56852805,323130,1,pelvis,loading,0.9310,-0.1108,-0.1863,-19.3481,21.3623,24.1699,t005,diego
56852807,323145,1,pelvis,loading,0.9323,-0.0082,-0.1893,-5.0659,22.9492,21.1182,t005,diego
56852807,323161,1,pelvis,loading,0.9609,0.0442,-0.1809,4.2114,25.3296,20.0195,t005,diego
56852851,323176,1,pelvis,loading,0.9698,-0.0042,-0.1818,11.9019,31.3721,17.4561,t005,diego
56852851,323192,1,pelvis,loading,0.9716,-0.1088,-0.2483,15.0146,32.1655,15.2588,t005,diego
56852852,323207,1,pelvis,loading,0.9524,-0.1432,-0.2865,19.7754,31.5552,12.0239,t005,diego
56852894,323223,1,pelvis,loading,0.9128,-0.1780,-0.3218,18.9209,33.0200,12.8784,t005,diego
56852895,323238,1,pelvis,loading,0.9105,-0.1652,-0.3245,8.4229,40.0391,18.1274,t005,diego
56852896,323254,1,pelvis,loading,0.9554,-0.0919,-0.3621,2.3193,43.3350,19.8975,t005,diego
56852943,323269,1,pelvis,loading,0.9374,-0.1140,-0.3218,0.7935,42.4805,15.8691,t005,diego
56852943,323285,1,pelvis,loading,0.9175,-0.1106,-0.2834,8.6670,46.2036,12.6343,t005,diego
56852944,323300,1,pelvis,loading,0.9658,-0.0270,-0.2617,10.9863,47.7295,11.5967,t005,diego
56852987,323316,1,pelvis,loading,0.9780,-0.0027,-0.2517,15.2588,45.0439,9.3384,t005,diego
56852989,323331,1,pelvis,loading,0.9642,-0.0240,-0.2314,16.7236,42.9687,7.8125,t005,diego
56852989,323347,1,pelvis,loading,0.9648,-0.0515,-0.2317,18.0664,40.4663,5.1270,t005,diego
56853033,323362,1,pelvis,loading,0.9656,-0.0697,-0.2100,16.6626,38.5742,2.2583,t005,diego
56853034,323378,1,pelvis,loading,0.9636,-0.0293,-0.2118,16.3574,37.9028,1.5869,t005,diego
56853034,323393,1,pelvis,loading,0.9664,-0.0190,-0.2266,18.4937,38.3301,2.2583,t005,diego
56853075,323409,1,pelvis,loading,0.9517,-0.0172,-0.2875,18.5547,39.1235,2.7466,t005,diego
56853077,323424,1,pelvis,loading,0.9435,-0.0310,-0.3184,13.4888,39.9170,2.8687,t005,diego
56853078,323440,1,pelvis,loading,0.9552,-0.0609,-0.3437,11.4136,38.8184,2.3193,t005,diego
56853124,323455,1,pelvis,loading,0.9382,-0.0815,-0.3411,10.2539,36.0107,0.3052,t005,diego
56853125,323471,1,pelvis,loading,0.9187,-0.0880,-0.3575,-1.5259,42.9687,3.6011,t005,diego
56853125,323486,1,pelvis,loading,0.9011,-0.1143,-0.3962,-8.0566,45.5322,5.3101,t005,diego
56853169,323502,1,pelvis,loading,0.8892,-0.1239,-0.3912,-12.6343,46.0205,3.0518,t005,diego
56853169,323518,1,pelvis,loading,0.8877,-0.1139,-0.3624,-10.9253,45.7153,2.0752,t005,diego
56853172,323533,1,pelvis,midstance,0.9021,-0.0875,-0.3513,-4.1504,44.7388,2.4414,t005,diego
56853216,323549,1,pelvis,midstance,0.9310,-0.0055,-0.3187,0.1221,43.0298,2.8076,t005,diego
56853216,323565,1,pelvis,midstance,0.9318,0.0166,-0.2626,10.2539,37.2314,2.1362,t005,diego
56853247,323580,1,pelvis,midstance,0.9286,-0.0015,-0.2357,24.9634,33.2642,-0.1221,t005,diego
56853260,323596,1,pelvis,midstance,0.9138,-0.0541,-0.2078,33.0200,32.4097,-1.2207,t005,diego
56853260,323611,1,pelvis,midstance,0.9189,-0.0691,-0.1965,40.9546,31.9214,-2.6855,t005,diego
56853305,323627,1,pelvis,midstance,0.9858,-0.0320,-0.1926,37.2314,30.0903,-1.5259,t005,diego
56853306,323643,1,pelvis,midstance,1.0192,-0.0073,-0.2302,18.7378,24.7803,4.4556,t005,diego
56853306,323658,1,pelvis,midstance,1.0547,-0.0338,-0.3502,12.5732,24.2310,4.5776,t005,diego
56853348,323674,1,pelvis,midstance,1.0037,-0.0859,-0.4139,6.7749,22.1558,-2.8687,t005,diego
56853349,323689,1,pelvis,midstance,0.9407,-0.0867,-0.4043,1.6479,17.1509,-5.7373,t005,diego
56853349,323705,1,pelvis,midstance,0.8539,-0.0702,-0.3743,0.1831,16.7847,-4.5166,t005,diego
56853395,323720,1,pelvis,midstance,0.8486,-0.0587,-0.3821,0.3052,21.0571,-1.6479,t005,diego
56853395,323736,1,pelvis,midstance,0.8649,-0.0367,-0.4272,0.6104,23.1934,-1.2207,t005,diego
56853395,323751,1,pelvis,midstance,0.8821,-0.0591,-0.4625,1.2207,23.1323,-2.3804,t005,diego
56853438,323767,1,pelvis,midstance,0.8833,-0.0626,-0.4694,4.7607,20.3857,-4.0283,t005,diego
56853439,323783,1,pelvis,midstance,0.8630,-0.0627,-0.4641,6.4087,19.7144,-4.5166,t005,diego
56853439,323798,1,pelvis,midstance,0.8557,-0.0709,-0.4474,7.0801,20.3247,-4.6387,t005,diego
56853483,323814,1,pelvis,midstance,0.8544,-0.0751,-0.4111,5.9814,21.6064,-4.5776,t005,diego
56853483,323830,1,pelvis,midstance,0.8677,-0.0646,-0.3995,0.4883,24.6582,-4.0283,t005,diego
56853484,323845,1,pelvis,midstance,0.9132,-0.0297,-0.3824,-1.8921,25.0244,-3.2349,t005,diego
56853525,323861,1,pelvis,midstance,0.9192,-0.0055,-0.3674,-5.8594,24.6582,-2.8076,t005,diego
56853526,323877,1,pelvis,midstance,0.9166,-0.0016,-0.3605,-8.1787,24.9023,-4.0283,t005,diego
56853570,323893,1,pelvis,midstance,0.9282,-0.0033,-0.3544,-9.0332,25.2686,-4.6387,t005,diego
56853570,323908,1,pelvis,midstance,0.9277,-0.0103,-0.3525,-11.8408,25.6348,-5.6152,t005,diego
56853570,323924,1,pelvis,midstance,0.9202,-0.0254,-0.3607,-13.9160,25.6958,-5.7983,t005,diego
56853611,323940,1,pelvis,midstance,0.9220,-0.0370,-0.4011,-19.0430,26.2451,-5.2490,t005,diego
56853612,323956,1,pelvis,midstance,0.9172,-0.0447,-0.4186,-23.7427,25.8179,-4.5776,t005,diego
56853612,323971,1,pelvis,midstance,0.8954,-0.0646,-0.4382,-26.0620,25.5127,-4.4556,t005,diego
56853656,323987,1,pelvis,midstance,0.9006,-0.0645,-0.4523,-30.4565,25.0244,-3.9673,t005,diego
56853656,324003,1,pelvis,midstance,0.9087,-0.0576,-0.4722,-31.8603,24.2920,-4.0894,t005,diego
56853657,324018,1,pelvis,midstance,0.8928,-0.0825,-0.4777,-32.5928,22.3389,-5.7983,t005,diego
56853697,324034,1,pelvis,midstance,0.8907,-0.1031,-0.4786,-32.2266,21.0571,-9.2773,t005,diego
56853699,324050,1,pelvis,midstance,0.9136,-0.1479,-0.4908,-32.1655,20.3247,-11.0474,t005,diego
56853741,324065,1,pelvis,midstance,0.9366,-0.1753,-0.4973,-32.6538,17.5781,-14.5874,t005,diego
56853742,324081,1,pelvis,midstance,0.9852,-0.2197,-0.4834,-32.1045,15.1367,-16.1743,t005,diego
56853742,324097,1,pelvis,midstance,0.9705,-0.2155,-0.4529,-28.0151,8.2397,-17.1509,t005,diego
56853781,324112,1,pelvis,midstance,0.9556,-0.2164,-0.4364,-22.6440,1.8311,-16.0522,t005,diego
56853782,324128,1,pelvis,terminal,0.9299,-0.2301,-0.4033,-20.3247,-0.9155,-15.7471,t005,diego
56853784,324144,1,pelvis,terminal,0.9109,-0.2427,-0.3842,-18.5547,-5.7373,-15.7471,t005,diego
56853826,324159,1,pelvis,terminal,0.9034,-0.2679,-0.3558,-19.2871,-7.9956,-15.5640,t005,diego
56853827,324175,1,pelvis,terminal,0.9155,-0.2693,-0.3391,-22.3389,-14.2822,-14.7705,t005,diego
56853866,324191,1,pelvis,terminal,0.9354,-0.2531,-0.2821,-25.5737,-23.7427,-14.8926,t005,diego
56853866,324207,1,pelvis,terminal,0.9559,-0.2626,-0.2329,-28.1982,-27.7100,-14.7705,t005,diego
56853868,324223,1,pelvis,terminal,0.9670,-0.2714,-0.2286,-27.4658,-35.3394,-13.7939,t005,diego
56853911,324238,1,pelvis,terminal,0.9355,-0.2635,-0.2424,-23.4375,-39.4897,-13.8550,t005,diego
56853911,324254,1,pelvis,terminal,0.8850,-0.2654,-0.2599,-22.0337,-43.2739,-14.8315,t005,diego
56853912,324270,1,pelvis,terminal,0.8047,-0.3312,-0.3165,-30.6396,-35.1563,-18.2495,t005,diego
56853951,324286,1,pelvis,terminal,0.8259,-0.3353,-0.3577,-36.8652,-31.7383,-16.9678,t005,diego
56853952,324302,1,pelvis,terminal,0.8656,-0.2955,-0.3860,-52.3071,-30.3955,-4.8218,t005,diego
56853994,324317,1,pelvis,terminal,0.9675,-0.2179,-0.4902,-58.2886,-31.4941,-1.3428,t005,diego
56853994,324333,1,pelvis,terminal,0.9963,-0.2019,-0.5317,-65.5518,-40.8936,-0.2441,t005,diego
56853995,324349,1,pelvis,terminal,0.9600,-0.2544,-0.5396,-66.9556,-53.4668,0.4883,t005,diego
56854033,324365,1,pelvis,terminal,0.8612,-0.2483,-0.5200,-66.2231,-53.8330,0.4883,t005,diego
56854036,324380,1,pelvis,terminal,0.8766,-0.2686,-0.5542,-63.7207,-44.9829,-4.6997,t005,diego
56854036,324396,1,pelvis,terminal,0.8903,-0.3126,-0.6083,-62.2559,-42.9687,-4.8218,t005,diego
56854076,324412,1,pelvis,terminal,0.8704,-0.3010,-0.6085,-62.1338,-43.3960,0.3052,t005,diego
56854077,324428,1,pelvis,terminal,0.8466,-0.2150,-0.6260,-61.5234,-44.4946,1.6479,t005,diego
56854115,324443,1,pelvis,terminal,0.8452,-0.2423,-0.6085,-53.4668,-49.1333,1.8311,t005,diego
56854116,324459,1,pelvis,terminal,0.8234,-0.2660,-0.5740,-37.7197,-46.3257,3.9062,t005,diego
56854117,324475,1,pelvis,swing,0.8036,-0.3018,-0.5283,-29.3579,-42.7856,2.8076,t005,diego
56854158,324490,1,pelvis,swing,0.8063,-0.3179,-0.5043,-14.8926,-40.7715,0.1831,t005,diego
56854159,324506,1,pelvis,swing,0.8024,-0.3416,-0.4734,-10.0708,-40.9546,1.7700,t005,diego
56854160,324522,1,pelvis,swing,0.7999,-0.3389,-0.4095,-7.5073,-41.8091,4.5166,t005,diego
56854198,324537,1,pelvis,swing,0.7932,-0.3345,-0.3900,-11.2915,-40.7104,-0.1221,t005,diego
56854199,324553,1,pelvis,swing,0.8241,-0.3350,-0.3673,-13.8550,-39.6118,0.0000,t005,diego
56854240,324569,1,pelvis,swing,0.8542,-0.3147,-0.3275,-12.8174,-36.3770,6.0425,t005,diego
56854240,324585,1,pelvis,swing,0.9109,-0.2446,-0.2351,-8.5449,-34.1797,9.2773,t005,diego
56854240,324600,1,pelvis,swing,0.9800,-0.1862,-0.1610,6.1035,-34.4849,14.2822,t005,diego
56854276,324616,1,pelvis,swing,0.9976,-0.1746,-0.1307,24.9023,-40.5273,17.2119,t005,diego
56854276,324632,1,pelvis,swing,1.0005,-0.1958,-0.0768,32.5928,-42.2363,17.0898,t005,diego
56854317,324647,1,pelvis,swing,1.0208,-0.2180,-0.0486,42.6025,-43.7622,15.5029,t005,diego
56854318,324663,1,pelvis,swing,1.0690,-0.2740,0.0033,44.4336,-45.3491,15.3198,t005,diego
56854318,324678,1,pelvis,swing,1.0653,-0.2952,0.0165,42.6025,-47.3022,14.4653,t005,diego
56854354,324694,1,pelvis,swing,1.0269,-0.3403,-0.0063,40.8325,-46.9360,12.9395,t005,diego
56854356,324709,1,pelvis,swing,1.0171,-0.3909,-0.0386,36.1328,-46.3257,10.1929,t005,diego
56854396,324725,1,pelvis,swing,1.0249,-0.3973,-0.0449,28.5034,-48.5229,10.1929,t005,diego
56854396,324740,1,pelvis,swing,1.0243,-0.3845,-0.0483,23.9868,-50.2319,10.1318,t005,diego
56854396,324756,1,pelvis,swing,1.0183,-0.3802,-0.0499,14.2212,-51.6357,8.1177,t005,diego
56854432,324772,1,pelvis,swing,1.0109,-0.3589,-0.0562,9.6436,-51.2085,7.5073,t005,diego
56854434,324787,1,pelvis,swing,0.9989,-0.3245,-0.0804,4.4556,-51.0254,9.0332,t005,diego
56854474,324803,1,pelvis,swing,1.0033,-0.3193,-0.1040,2.1973,-54.5654,11.9019,t005,diego
56854474,324818,1,pelvis,swing,0.9985,-0.3103,-0.1234,-0.0610,-56.9458,11.9019,t005,diego
56854474,324834,1,pelvis,swing,0.9808,-0.3010,-0.1317,-2.4414,-59.5093,11.6577,t005,diego
56854511,324850,1,pelvis,swing,0.9299,-0.2720,-0.1420,-2.3804,-60.2417,11.5356,t005,diego
56854512,324865,1,pelvis,swing,0.9124,-0.2592,-0.1523,0.6104,-60.1807,11.2305,t005,diego
56854552,324881,1,pelvis,swing,0.8914,-0.2340,-0.1804,3.2959,-60.0586,10.0708,t005,diego
56854553,324897,1,pelvis,swing,0.8679,-0.2274,-0.1902,10.2539,-60.6079,6.0425,t005,diego
56854553,324912,1,pelvis,swing,0.8535,-0.2238,-0.1959,14.0381,-60.1807,3.1738,t005,diego
56854589,324928,1,pelvis,swing,0.8210,-0.1860,-0.2007,15.2588,-59.8144,3.0518,t005,diego
56854591,324943,1,pelvis,swing,0.8121,-0.1736,-0.2079,19.2261,-57.8613,3.6011,t005,diego
56854629,324959,1,pelvis,swing,0.7711,-0.1665,-0.1993,20.4468,-55.9692,3.5400,t005,diego
56854630,324974,1,pelvis,swing,0.7445,-0.1996,-0.1842,15.5640,-46.4478,0.4883,t005,diego
56854630,324990,1,pelvis,swing,0.7694,-0.2235,-0.1716,5.4321,-38.5742,1.7090,t005,diego
56854666,325006,1,pelvis,swing,0.8323,-0.2354,-0.1433,-1.5259,-37.4756,6.2256,t005,diego
56854667,325021,1,pelvis,swing,0.8120,-0.2235,-0.1458,-13.0615,-33.9966,15.0757,t005,diego
56854705,325037,1,pelvis,swing,0.7258,-0.2369,-0.1228,-16.4185,-30.3955,17.7612,t005,diego
56854706,325053,1,pelvis,swing,0.7220,-0.2443,-0.0829,-19.5313,-22.4609,22.5830,t005,diego
56854707,325068,1,pelvis,swing,0.9353,-0.2521,0.0328,-19.2871,-23.3154,23.6816,t005,diego
56854743,325084,1,pelvis,swing,0.7421,-0.2454,-0.2134,-17.4561,-13.0615,19.8364,t005,diego
56854743,325099,1,pelvis,swing,0.6906,-0.2440,-0.1327,-18.6768,-2.2583,19.5923,t005,diego
56854781,325115,1,pelvis,swing,0.7452,-0.2349,-0.0190,-16.4795,1.7090,20.0195,t005,diego
56854782,325131,1,pelvis,swing,0.7396,-0.2211,-0.0204,-9.5215,17.8223,22.0947,t005,diego
56854816,325146,1,pelvis,swing,0.7363,-0.2377,0.0283,-7.6904,25.6348,20.0806,t005,diego
56854818,325162,1,pelvis,swing,0.8470,-0.2156,0.0897,-1.7700,37.9639,15.0146,t005,diego
56854819,325177,1,pelvis,swing,0.9414,-0.1268,0.0966,11.0474,49.8047,19.5313,t005,diego
56854857,325193,1,pelvis,swing,1.1683,-0.0125,0.2203,21.9116,52.9175,25.7568,t005,diego
56854857,325208,1,pelvis,swing,1.2800,-0.0076,0.3475,47.8516,50.9644,30.4565,t005,diego
56854893,325224,1,pelvis,swing,1.3529,0.0636,0.4611,58.4717,44.5557,25.2075,t005,diego
56854893,325239,1,pelvis,swing,1.2324,0.0526,0.4398,71.4111,29.6631,6.8970,t005,diego
56854895,325255,1,pelvis,swing,1.0518,-0.1946,0.5269,76.9653,23.6206,-5.6763,t005,diego
56854934,325270,1,pelvis,swing,1.0428,-0.3395,0.6469,98.9380,9.2773,-24.1089,t005,diego
56854934,325286,1,pelvis,swing,0.9064,-0.4462,0.5178,108.7646,12.2070,-23.7427,t005,diego
56854969,325301,1,pelvis,swing,0.9703,-0.5415,0.1295,81.4209,43.5791,-11.0474,t005,diego
56854971,325317,1,pelvis,swing,1.1686,-0.6334,0.1171,15.5640,48.0347,-10.0708,t005,diego
56854972,325332,1,pelvis,swing,1.1655,-0.4762,0.2576,7.2021,34.0576,-14.0381,t005,diego
56855010,325348,1,pelvis,swing,1.0028,-0.2924,0.2905,24.2310,21.2402,-7.1411,t005,diego
56855011,325363,1,pelvis,swing,0.8475,-0.2253,0.1570,24.1089,26.2451,2.5635,t005,diego
56855048,325379,1,pelvis,swing,0.8744,-0.2319,0.0226,11.0474,39.2456,15.8691,t005,diego
56855049,325394,1,pelvis,swing,0.9741,-0.1570,-0.1421,7.5684,40.7104,17.7002,t005,diego
56855049,325410,1,pelvis,swing,1.0283,-0.1145,-0.1071,10.7422,32.5317,18.5547,t005,diego
56855088,325425,1,pelvis,swing,1.0422,-0.1332,-0.0830,9.7656,24.6582,17.7612,t005,diego
56855089,325440,1,pelvis,swing,1.0013,-0.2091,-0.0706,7.9346,24.2310,15.8691,t005,diego
56855124,325456,1,pelvis,swing,0.9677,-0.2014,-0.0815,1.8311,30.1514,15.6860,t005,diego
56855126,325471,1,pelvis,swing,0.9497,-0.0889,-0.1669,-2.7466,34.7290,18.9209,t005,diego
56855127,325487,1,pelvis,swing,0.9825,-0.0366,-0.2169,-6.1646,41.5649,23.8037,t005,diego
56855165,325503,1,pelvis,swing,0.9825,-0.0355,-0.2159,-1.5259,39.9780,23.4985,t005,diego
56855166,325518,1,pelvis,swing,0.9482,-0.0273,-0.2437,1.2207,38.6353,21.4233,t005,diego
56855202,325534,1,pelvis,swing,0.9438,-0.0439,-0.2555,9.5215,36.2549,13.7939,t005,diego
56855204,325549,1,pelvis,loading,0.9395,-0.0928,-0.2406,12.2681,35.7666,12.0239,t005,diego
56855205,325565,1,pelvis,loading,0.9297,-0.0930,-0.2289,9.6436,38.6353,15.2588,t005,diego
56855242,325580,1,pelvis,loading,0.9471,-0.0513,-0.2267,9.0942,39.4287,16.9067,t005,diego
56855242,325596,1,pelvis,loading,0.9371,-0.0432,-0.2043,9.5825,38.9404,15.0146,t005,diego
56855279,325611,1,pelvis,loading,0.9464,-0.0449,-0.2096,12.6343,38.5132,10.9863,t005,diego
56855280,325627,1,pelvis,loading,0.9670,-0.0682,-0.2180,15.6860,37.4756,9.9487,t005,diego
56855281,325642,1,pelvis,loading,0.9619,-0.0823,-0.2170,20.8740,35.5225,8.7280,t005,diego
56855318,325658,1,pelvis,loading,0.9365,-0.0812,-0.2325,21.6675,35.3394,8.0566,t005,diego
56855318,325674,1,pelvis,loading,0.9299,-0.0879,-0.2551,14.7705,38.2690,8.0566,t005,diego
56855352,325689,1,pelvis,loading,0.9572,-0.1021,-0.3115,10.3760,38.6353,8.8501,t005,diego
56855355,325705,1,pelvis,loading,0.9452,-0.0823,-0.2803,6.8359,34.4849,9.3384,t005,diego
56855392,325720,1,pelvis,loading,0.9463,-0.0609,-0.2679,5.1270,34.0576,11.9019,t005,diego
56855392,325736,1,pelvis,loading,0.9702,-0.0076,-0.2688,4.6997,33.5693,11.7187,t005,diego
56855393,325751,1,pelvis,loading,0.9584,-0.0391,-0.2601,-7.6294,35.7666,11.2915,t005,diego
56855427,325767,1,pelvis,loading,0.9550,-0.0682,-0.2849,-13.0005,36.9873,13.5498,t005,diego
56855428,325782,1,pelvis,loading,0.9552,-0.0464,-0.2856,-16.6626,34.7290,14.2212,t005,diego
56855467,325798,1,pelvis,loading,0.9188,-0.0135,-0.2708,-17.1509,35.4004,14.1602,t005,diego
56855467,325814,1,pelvis,loading,0.9298,0.0107,-0.3075,-15.7471,38.4521,12.8174,t005,diego
56855468,325829,1,pelvis,loading,0.9353,0.0070,-0.3306,-8.6670,38.3911,9.4604,t005,diego
56855504,325845,1,pelvis,loading,0.9213,-0.0127,-0.3394,-2.9297,36.8042,7.8125,t005,diego
56855504,325860,1,pelvis,loading,0.9117,-0.0242,-0.3296,5.0049,33.8135,4.2114,t005,diego
56855542,325876,1,pelvis,loading,0.9261,-0.0317,-0.2964,7.3242,32.7759,2.9297,t005,diego
56855543,325891,1,pelvis,loading,0.9421,-0.0333,-0.2887,13.6719,29.8462,1.2817,t005,diego
56855572,325907,1,pelvis,loading,0.9371,-0.0461,-0.2855,15.4419,28.6865,1.3428,t005,diego
56855578,325922,1,pelvis,loading,0.9346,-0.0376,-0.2992,13.0005,28.3813,3.1738,t005,diego
56855579,325938,1,pelvis,loading,0.9514,-0.0328,-0.3333,6.5918,28.7476,4.7607,t005,diego
56855617,325953,1,pelvis,loading,0.9474,-0.0453,-0.4052,3.0518,28.1372,4.6387,t005,diego
56855618,325969,1,pelvis,loading,0.9095,-0.0526,-0.4258,-3.1738,27.9541,5.4321,t005,diego
56855654,325985,1,pelvis,loading,0.8573,-0.0425,-0.4490,-5.8594,29.9072,7.1411,t005,diego
56855655,326000,1,pelvis,midstance,0.8984,-0.0194,-0.4304,-10.1929,32.6538,9.8267,t005,diego
56855655,326016,1,pelvis,midstance,0.9246,-0.0170,-0.4020,-11.5356,28.3813,8.9722,t005,diego
56855693,326032,1,pelvis,midstance,0.9316,-0.0227,-0.3599,-11.4746,25.2075,8.3618,t005,diego
56855693,326047,1,pelvis,midstance,0.9277,-0.0206,-0.3552,-12.1460,21.4233,8.0566,t005,diego
56855728,326063,1,pelvis,midstance,0.9362,-0.0311,-0.3677,-11.4136,20.8740,7.3853,t005,diego
56855731,326078,1,pelvis,midstance,0.9331,-0.0479,-0.3777,-7.8125,19.8364,4.7607,t005,diego
56855754,326094,1,pelvis,midstance,0.8953,-0.0725,-0.3788,-6.1646,19.5313,3.4180,t005,diego
56855768,326109,1,pelvis,midstance,0.8812,-0.0491,-0.3927,-3.4180,22.2778,2.3193,t005,diego
56855769,326125,1,pelvis,midstance,0.8907,-0.0240,-0.4163,0.9155,25.5127,3.2349,t005,diego
56855803,326141,1,pelvis,midstance,0.8845,-0.0146,-0.4366,2.8687,25.3906,3.2959,t005,diego
56855805,326156,1,pelvis,midstance,0.8710,-0.0322,-0.4336,3.8452,24.4141,-0.6714,t005,diego
56855843,326172,1,pelvis,midstance,0.8738,-0.0675,-0.4307,2.3193,24.5972,-1.5869,t005,diego
56855843,326187,1,pelvis,midstance,0.8964,-0.0085,-0.4401,-3.0518,26.4282,0.0610,t005,diego
56855843,326203,1,pelvis,midstance,0.9034,0.0146,-0.4359,-3.2959,26.1841,0.4272,t005,diego
56855877,326219,1,pelvis,midstance,0.8944,0.0216,-0.4142,-1.5259,25.3906,-0.1831,t005,diego
56855879,326234,1,pelvis,midstance,0.8894,0.0159,-0.4016,0.5493,24.7803,-1.7090,t005,diego
56855917,326250,1,pelvis,midstance,0.8740,-0.0051,-0.3821,-0.4883,25.3296,-2.8076,t005,diego
56855918,326266,1,pelvis,midstance,0.8668,-0.0078,-0.3759,-2.8687,27.8320,-4.3945,t005,diego
56855934,326281,1,pelvis,midstance,0.8868,-0.0111,-0.3905,-3.6011,29.4189,-4.5776,t005,diego
56855954,326297,1,pelvis,midstance,0.8984,-0.0415,-0.4177,-5.7983,31.3110,-5.2490,t005,diego
56855954,326313,1,pelvis,midstance,0.8921,-0.0524,-0.4342,-9.5215,32.2266,-4.9438,t005,diego
56855992,326328,1,pelvis,midstance,0.8960,-0.0605,-0.4508,-12.5732,32.6538,-4.8218,t005,diego
56855993,326344,1,pelvis,midstance,0.8937,-0.0518,-0.4537,-22.2168,33.9966,-0.3052,t005,diego
56856027,326360,1,pelvis,midstance,0.9126,0.0181,-0.4575,-25.8179,33.4473,2.0752,t005,diego
56856028,326375,1,pelvis,midstance,0.8932,-0.0026,-0.4563,-28.6255,29.6631,0.4272,t005,diego
56856030,326391,1,pelvis,midstance,0.8827,-0.0192,-0.4742,-24.1699,27.2827,-6.2866,t005,diego
56856067,326406,1,pelvis,midstance,0.8981,-0.0137,-0.5287,-18.6768,27.6489,-9.9487,t005,diego
56856068,326422,1,pelvis,midstance,0.9097,-0.0100,-0.5565,-10.4370,28.9307,-14.2212,t005,diego
56856104,326438,1,pelvis,midstance,0.9154,-0.0167,-0.5698,-9.2163,27.9541,-14.8926,t005,diego
56856104,326453,1,pelvis,midstance,0.9266,-0.0200,-0.5652,-6.6528,23.2544,-17.6392,t005,diego
56856111,326469,1,pelvis,midstance,0.9344,-0.0607,-0.5493,-4.2725,19.8975,-20.7520,t005,diego
56856142,326485,1,pelvis,midstance,0.8903,-0.1637,-0.5209,-2.1362,13.7939,-25.2686,t005,diego
56856143,326500,1,pelvis,midstance,0.8622,-0.2122,-0.5227,-8.4229,11.0474,-21.9727,t005,diego
56856178,326516,1,pelvis,midstance,0.8387,-0.2936,-0.5138,-14.0381,10.6812,-19.0430,t005,diego
56856179,326532,1,pelvis,terminal,0.8324,-0.3134,-0.5023,-28.6865,10.9863,-12.3291,t005,diego
56856218,326548,1,pelvis,terminal,0.8121,-0.2903,-0.5068,-37.5977,12.4512,-8.9111,t005,diego
56856219,326563,1,pelvis,terminal,0.8137,-0.2555,-0.5288,-52.4902,13.4888,-5.0659,t005,diego
56856219,326579,1,pelvis,terminal,0.8098,-0.2484,-0.5277,-57.4341,9.7046,-6.0425,t005,diego
56856254,326595,1,pelvis,terminal,0.8038,-0.2175,-0.5012,-58.4106,6.8359,-6.4697,t005,diego
56856256,326610,1,pelvis,terminal,0.7997,-0.1931,-0.4806,-60.6689,2.5635,-7.2021,t005,diego
56856294,326626,1,pelvis,terminal,0.8296,-0.1503,-0.4495,-59.2041,0.3662,-8.3618,t005,diego
56856294,326642,1,pelvis,terminal,0.8673,-0.1323,-0.4224,-50.1709,-6.7139,-11.7798,t005,diego
56856329,326657,1,pelvis,terminal,0.8824,-0.1345,-0.4038,-38.6353,-14.5874,-14.9536,t005,diego
56856330,326673,1,pelvis,terminal,0.8888,-0.1598,-0.3604,-32.9590,-19.0430,-15.7471,t005,diego
56856332,326689,1,pelvis,terminal,0.8851,-0.1819,-0.3368,-22.3999,-28.3813,-15.5640,t005,diego
56856370,326705,1,pelvis,terminal,0.8956,-0.2106,-0.2964,-19.8364,-32.7759,-14.5264,t005,diego
56856370,326721,1,pelvis,terminal,0.9067,-0.2109,-0.2693,-20.0806,-40.8936,-10.8032,t005,diego
56856404,326737,1,pelvis,terminal,0.9165,-0.2281,-0.2705,-22.5830,-48.3398,-8.6060,t005,diego
56856406,326752,1,pelvis,terminal,0.9014,-0.2426,-0.3037,-24.1699,-50.5371,-8.2397,t005,diego
56856407,326768,1,pelvis,terminal,0.8568,-0.2196,-0.3013,-23.4375,-51.8188,-7.0801,t005,diego
56856444,326784,1,pelvis,terminal,0.8468,-0.2021,-0.3501,-19.4702,-49.3164,-8.6670,t005,diego
56856445,326800,1,pelvis,terminal,1.0164,-0.2601,-0.5436,-15.3198,-45.1050,-17.5171,t005,diego
56856479,326816,1,pelvis,terminal,0.9916,-0.2976,-0.5688,-23.8647,-56.7017,-20.1416,t005,diego
56856481,326832,1,pelvis,terminal,1.0349,-0.3130,-0.6035,-29.1138,-61.0962,-17.3950,t005,diego
56856520,326847,1,pelvis,terminal,1.0682,-0.3086,-0.5847,-38.8794,-72.3267,-14.5264,t005,diego
56856521,326863,1,pelvis,terminal,0.9950,-0.2830,-0.4900,-39.9780,-77.6367,-13.2446,t005,diego
56856521,326879,1,pelvis,terminal,0.9689,-0.2393,-0.4698,-33.7524,-74.7681,-5.0049,t005,diego
56856555,326895,1,pelvis,terminal,0.9733,-0.2164,-0.4592,-21.5454,-67.9321,2.3804,t005,diego
56856557,326910,1,pelvis,terminal,1.0007,-0.1917,-0.4585,-12.6953,-66.3452,4.3945,t005,diego
56856595,326926,1,pelvis,terminal,1.0178,-0.1919,-0.4463,7.9956,-67.5659,6.1035,t005,diego
56856596,326942,1,pelvis,terminal,0.9921,-0.1991,-0.3976,18.3716,-71.2280,4.6387,t005,diego
56856596,326957,1,pelvis,terminal,0.9546,-0.2666,-0.3260,32.8369,-78.7354,-2.5024,t005,diego
56856630,326973,1,pelvis,terminal,0.9929,-0.2957,-0.3174,33.2642,-87.2803,-6.3477,t005,diego
56856631,326989,1,pelvis,swing,1.0238,-0.3105,-0.3129,34.9121,-89.7217,-5.5542,t005,diego
56856670,327004,1,pelvis,swing,0.9995,-0.3021,-0.3153,38.4521,-87.1582,-2.8076,t005,diego
56856670,327020,1,pelvis,swing,0.9419,-0.3041,-0.2920,37.0483,-85.3882,-2.2583,t005,diego
56856704,327036,1,pelvis,swing,0.9308,-0.2975,-0.2812,30.3955,-80.9326,0.6104,t005,diego
56856706,327051,1,pelvis,swing,0.9376,-0.2917,-0.2903,22.9492,-75.8057,3.4790,t005,diego
56856707,327067,1,pelvis,swing,0.9174,-0.2937,-0.2899,19.8975,-72.6929,4.0283,t005,diego
56856744,327083,1,pelvis,swing,0.9099,-0.3063,-0.3014,13.2446,-68.6035,5.4932,t005,diego
56856745,327098,1,pelvis,swing,0.9133,-0.3015,-0.3053,8.6060,-68.1763,6.2256,t005,diego
56856779,327114,1,pelvis,swing,0.9065,-0.2886,-0.3010,1.0986,-66.8945,7.6904,t005,diego
56856779,327129,1,pelvis,swing,0.8966,-0.2654,-0.2891,-1.0376,-66.3452,8.6060,t005,diego
56856795,327145,1,pelvis,swing,0.8789,-0.2489,-0.2892,-2.4414,-65.6128,10.0708,t005,diego
56856819,327161,1,pelvis,swing,0.8756,-0.2402,-0.2909,-1.6479,-65.9790,9.5825,t005,diego
56856819,327176,1,pelvis,swing,0.8647,-0.2296,-0.2677,-0.1221,-66.1621,8.6060,t005,diego
56856854,327192,1,pelvis,swing,0.8558,-0.2285,-0.2490,3.6621,-64.8193,7.5684,t005,diego
56856856,327208,1,pelvis,swing,0.8507,-0.2239,-0.2225,5.6763,-63.5986,7.2632,t005,diego
56856894,327223,1,pelvis,swing,0.8427,-0.2341,-0.1794,10.0098,-61.5234,5.4932,t005,diego
56856894,327239,1,pelvis,swing,0.8363,-0.2478,-0.1572,13.4888,-59.0820,4.4556,t005,diego
56856895,327255,1,pelvis,swing,0.8240,-0.2716,-0.1217,14.2212,-57.8613,4.2114,t005,diego
56856930,327270,1,pelvis,swing,0.8169,-0.2825,-0.1124,14.1602,-54.3213,3.0518,t005,diego
56856930,327286,1,pelvis,swing,0.8212,-0.3069,-0.0925,13.3667,-52.3682,2.3193,t005,diego
56856967,327301,1,pelvis,swing,0.8230,-0.3099,-0.0797,11.8408,-47.9126,1.4648,t005,diego
56856967,327317,1,pelvis,swing,0.8160,-0.3225,-0.0804,10.9863,-45.2270,1.0986,t005,diego
56857001,327332,1,pelvis,swing,0.8134,-0.3347,-0.0804,6.9580,-39.6118,0.9155,t005,diego
56857003,327348,1,pelvis,swing,0.8199,-0.3308,-0.0760,1.2207,-34.4238,1.7700,t005,diego
56857004,327364,1,pelvis,swing,0.8152,-0.3040,-0.0763,-1.5259,-31.4331,2.0142,t005,diego
56857040,327379,1,pelvis,swing,0.8042,-0.2961,-0.0776,-5.4321,-24.9634,2.5635,t005,diego
56857041,327395,1,pelvis,swing,0.7926,-0.2709,-0.0624,-6.2866,-22.1558,3.5400,t005,diego
56857074,327411,1,pelvis,swing,0.8085,-0.2249,-0.0354,-5.1270,-16.9678,7.1411,t005,diego
56857075,327427,1,pelvis,swing,0.8043,-0.2018,-0.0199,-0.9155,-11.1694,9.9487,t005,diego
56857114,327442,1,pelvis,swing,0.8606,-0.1926,-0.0024,2.4414,-7.8735,10.1318,t005,diego
56857115,327458,1,pelvis,swing,0.9073,-0.2091,-0.0017,7.5684,-2.7466,10.9253,t005,diego
56857115,327474,1,pelvis,swing,0.9307,-0.2142,0.0155,8.2397,-1.5869,11.9629,t005,diego
56857148,327489,1,pelvis,swing,0.8871,-0.2009,0.0164,9.4604,0.4272,15.1367,t005,diego
56857150,327505,1,pelvis,swing,0.8839,-0.2369,0.0581,10.3149,2.9907,16.5405,t005,diego
56857187,327520,1,pelvis,swing,0.8440,-0.2607,-0.0059,8.1787,9.5215,16.8457,t005,diego
56857187,327536,1,pelvis,swing,0.8619,-0.2545,0.0194,5.1270,14.5874,15.1367,t005,diego
56857220,327551,1,pelvis,swing,0.9147,-0.2322,0.0867,2.9297,16.2354,14.8926,t005,diego
56857222,327566,1,pelvis,swing,0.9232,-0.2187,0.1130,1.5869,22.1558,15.8691,t005,diego
56857223,327582,1,pelvis,swing,1.0319,-0.1746,0.1595,2.9297,25.2075,18.0664,t005,diego
56857259,327597,1,pelvis,swing,1.1637,-0.1381,0.1677,10.2539,28.0151,25.1465,t005,diego
56857259,327613,1,pelvis,swing,1.2528,-0.0367,0.1132,16.9067,29.6020,28.0151,t005,diego
56857295,327628,1,pelvis,swing,1.0038,-0.1077,0.2190,41.2598,25.3296,19.8975,t005,diego
56857296,327644,1,pelvis,swing,0.8613,-0.1599,0.3025,87.4023,14.0991,-7.8125,t005,diego
56857298,327659,1,pelvis,swing,0.9830,-0.2288,0.4545,109.6191,5.0659,-24.1699,t005,diego
56857333,327675,1,pelvis,swing,1.0714,-0.2904,0.5173,143.0664,-13.6108,-39.4287,t005,diego
56857334,327690,1,pelvis,swing,1.0035,-0.3964,0.5217,148.3765,-14.5264,-37.5366,t005,diego
56857367,327706,1,pelvis,swing,0.9414,-0.4294,0.4103,131.1035,7.0801,-23.9868,t005,diego
56857369,327721,1,pelvis,swing,1.0157,-0.5920,0.2472,106.4453,22.1558,-15.5029,t005,diego
56857406,327737,1,pelvis,swing,1.1614,-0.7152,0.2701,36.3770,30.5176,-9.3994,t005,diego
56857406,327752,1,pelvis,swing,1.1450,-0.6816,0.2660,-6.0425,13.8550,-10.6812,t005,diego
56857407,327768,1,pelvis,swing,0.9806,-0.4988,0.2678,-14.7705,8.7280,-5.6763,t005,diego
56857441,327784,1,pelvis,swing,0.8573,-0.3818,0.3063,-23.4375,15.3809,14.2212,t005,diego
56857443,327800,1,pelvis,swing,0.7618,-0.1951,0.1769,-29.7241,28.0151,26.9165,t005,diego
56857480,327815,1,pelvis,swing,0.9519,-0.1552,-0.0885,-30.7007,48.4009,38.3301,t005,diego
56857481,327831,1,pelvis,swing,1.0176,-0.1592,-0.1378,-11.1694,37.9028,29.6020,t005,diego
56857504,327846,1,pelvis,swing,1.0052,-0.1887,-0.1007,-2.7466,28.4424,25.6348,t005,diego
56857516,327862,1,pelvis,swing,0.9794,-0.1917,-0.0658,5.1270,18.3716,23.3765,t005,diego
56857516,327877,1,pelvis,swing,0.9454,-0.1184,-0.0966,6.5918,18.0054,23.2544,t005,diego
56857554,327893,1,pelvis,swing,0.9292,-0.0714,-0.1260,8.0566,22.8882,22.0947,t005,diego
56857554,327908,1,pelvis,swing,0.9387,-0.0676,-0.1569,10.1318,25.8789,20.7520,t005,diego
56857587,327924,1,pelvis,swing,0.9374,-0.1672,-0.1940,14.7095,27.8320,15.7471,t005,diego
56857588,327940,1,pelvis,loading,0.9136,-0.1885,-0.2174,12.6343,30.7007,13.8550,t005,diego
56857629,327955,1,pelvis,loading,0.9131,-0.1625,-0.2463,13.6108,32.8369,16.4185,t005,diego
56857629,327971,1,pelvis,loading,0.9127,-0.1704,-0.2560,2.8687,40.1611,23.8037,t005,diego
56857630,327986,1,pelvis,loading,0.9441,-0.1305,-0.3051,-6.3477,45.1660,27.4658,t005,diego
56857665,328002,1,pelvis,loading,0.9614,-0.1011,-0.3224,-13.3667,49.0112,31.9214,t005,diego
56857667,328018,1,pelvis,loading,0.9734,-0.0466,-0.3507,-3.4180,44.5557,27.5879,t005,diego
56857705,328033,1,pelvis,loading,0.9553,-0.0210,-0.2881,1.3428,41.8091,23.7427,t005,diego
56857705,328049,1,pelvis,loading,0.9473,-0.0065,-0.2506,10.7422,41.5039,18.8599,t005,diego
56857705,328064,1,pelvis,loading,0.9626,0.0037,-0.2338,18.5547,41.8701,17.0288,t005,diego
56857740,328080,1,pelvis,loading,0.9702,-0.0275,-0.2374,32.6538,40.9546,13.0005,t005,diego
56857742,328095,1,pelvis,loading,0.9604,-0.1057,-0.2458,34.6680,39.9780,11.3525,t005,diego
56857780,328111,1,pelvis,loading,0.9568,-0.1320,-0.2340,29.0527,38.1470,9.2163,t005,diego
56857780,328126,1,pelvis,loading,0.9594,-0.1359,-0.2306,23.8647,37.9028,9.0942,t005,diego
56857780,328142,1,pelvis,loading,0.9553,-0.1324,-0.2440,12.6953,39.1235,11.1694,t005,diego
56857814,328157,1,pelvis,loading,0.9532,-0.1270,-0.2463,2.3804,39.5508,13.1836,t005,diego
56857815,328173,1,pelvis,loading,0.9500,-0.1106,-0.2682,-1.0986,39.4897,14.3433,t005,diego
56857854,328188,1,pelvis,loading,0.9468,-0.1060,-0.2747,-8.7891,40.1611,17.9443,t005,diego
56857855,328204,1,pelvis,loading,0.9528,-0.0879,-0.2451,-13.1836,40.4663,19.8364,t005,diego
56857889,328220,1,pelvis,loading,0.9515,-0.0520,-0.2268,-20.1416,39.7949,21.3013,t005,diego
56857890,328235,1,pelvis,loading,0.9498,-0.0610,-0.2372,-25.7568,41.2598,20.8740,t005,diego
56857891,328251,1,pelvis,loading,0.9524,-0.0835,-0.2612,-28.4424,41.4429,20.6299,t005,diego
56857928,328266,1,pelvis,loading,0.9454,-0.0614,-0.2694,-30.0293,40.8325,19.7144,t005,diego
56857929,328282,1,pelvis,loading,0.9463,-0.0095,-0.3010,-27.6489,40.5884,19.2871,t005,diego
56857963,328298,1,pelvis,loading,0.9508,0.0050,-0.3188,-18.6157,38.3911,16.2964,t005,diego
56857964,328313,1,pelvis,loading,0.9374,-0.0050,-0.3258,-14.0381,36.3770,13.1836,t005,diego
56858002,328329,1,pelvis,loading,0.9359,-0.0040,-0.3068,-4.3335,31.7383,10.1929,t005,diego
56858002,328345,1,pelvis,loading,0.9398,0.0067,-0.3029,2.7466,29.1138,10.4370,t005,diego
56858002,328360,1,pelvis,loading,0.9346,0.0275,-0.3105,5.3101,28.5645,9.8877,t005,diego
56858036,328375,1,pelvis,loading,0.9183,0.0143,-0.3090,8.8501,28.0151,7.3242,t005,diego
56858038,328391,1,pelvis,loading,0.8936,-0.0287,-0.2946,10.1318,28.3813,6.4087,t005,diego
56858076,328406,1,pelvis,loading,0.9021,-0.0392,-0.2914,9.7656,28.5645,6.8970,t005,diego
56858076,328422,1,pelvis,loading,0.9473,-0.0465,-0.3009,7.2632,27.5269,8.0566,t005,diego
56858076,328438,1,pelvis,loading,0.9885,-0.0457,-0.3127,0.4272,23.9258,11.1694,t005,diego
56858110,328453,1,pelvis,loading,1.0110,-0.0455,-0.3378,-6.4697,22.7051,12.7563,t005,diego
56858112,328469,1,pelvis,loading,1.0110,-0.0397,-0.3995,-9.8267,21.9116,11.7798,t005,diego
56858149,328484,1,pelvis,loading,0.9655,-0.0413,-0.3948,-13.6108,15.6860,8.1177,t005,diego
56858150,328500,1,pelvis,loading,0.8795,-0.0303,-0.3434,-12.4512,13.4277,7.8125,t005,diego
56858183,328516,1,pelvis,loading,0.8896,-0.0012,-0.3328,-9.2773,16.1743,9.5825,t005,diego
56858185,328531,1,pelvis,loading,0.9094,-0.0096,-0.3406,-10.1318,20.1416,10.6812,t005,diego
56858185,328547,1,pelvis,loading,0.9182,-0.0239,-0.3490,-11.7187,20.3857,10.5591,t005,diego
56858223,328562,1,pelvis,loading,0.9187,-0.0226,-0.3507,-13.4888,18.9209,9.0942,t005,diego
56858223,328578,1,pelvis,loading,0.9138,-0.0134,-0.3801,-13.4277,18.3105,8.0566,t005,diego
56858257,328594,1,pelvis,loading,0.9045,-0.0184,-0.3907,-10.9253,17.7002,5.2490,t005,diego
56858257,328609,1,pelvis,midstance,0.8735,-0.0231,-0.3976,-8.7280,18.3716,3.9062,t005,diego
56858296,328625,1,pelvis,midstance,0.8828,-0.0475,-0.3998,-6.5918,21.4233,0.7935,t005,diego
56858296,328641,1,pelvis,midstance,0.8977,-0.0515,-0.4044,-6.5918,22.3389,2.9907,t005,diego
56858297,328656,1,pelvis,midstance,0.8995,-0.0227,-0.3969,-7.6294,21.7285,4.6997,t005,diego
56858331,328672,1,pelvis,midstance,0.8975,-0.0031,-0.3954,-9.7656,21.4844,5.3711,t005,diego
56858333,328687,1,pelvis,midstance,0.8933,-0.0109,-0.3997,-9.7046,21.9727,4.2114,t005,diego
56858371,328703,1,pelvis,midstance,0.8820,-0.0492,-0.3929,-9.1553,22.6440,1.3428,t005,diego
56858371,328719,1,pelvis,midstance,0.8826,-0.0326,-0.3939,-12.2681,24.2920,1.4038,t005,diego
56858380,328734,1,pelvis,midstance,0.9000,0.0255,-0.3972,-13.6719,24.9634,1.8921,t005,diego
56858408,328750,1,pelvis,midstance,0.9048,0.0326,-0.4014,-11.8408,23.9258,0.9766,t005,diego
56858408,328765,1,pelvis,midstance,0.8947,-0.0232,-0.3893,-10.3149,23.4985,-0.4272,t005,diego
56858445,328781,1,pelvis,midstance,0.8927,-0.0521,-0.3975,-12.2681,24.7192,-1.2207,t005,diego
56858446,328796,1,pelvis,midstance,0.8944,-0.0619,-0.4126,-13.8550,24.9023,-0.6714,t005,diego
56858481,328812,1,pelvis,midstance,0.8979,-0.0343,-0.4094,-15.8691,25.0244,0.8545,t005,diego
56858482,328828,1,pelvis,midstance,0.9025,-0.0150,-0.4095,-17.7002,25.2075,2.9907,t005,diego
56858483,328843,1,pelvis,midstance,0.9055,0.0067,-0.4093,-18.5547,24.9023,3.9062,t005,diego
56858521,328859,1,pelvis,midstance,0.9022,0.0060,-0.4066,-20.3247,23.9258,4.4556,t005,diego
56858521,328874,1,pelvis,midstance,0.8984,0.0043,-0.4086,-21.3013,23.7427,3.9062,t005,diego
56858556,328890,1,pelvis,midstance,0.9032,0.0109,-0.4154,-22.2778,23.8037,1.7700,t005,diego
56858558,328905,1,pelvis,midstance,0.9150,0.0223,-0.4413,-21.7895,23.8037,0.3662,t005,diego
56858574,328921,1,pelvis,midstance,0.9292,0.0001,-0.4719,-18.5547,22.8271,-3.5400,t005,diego
56858596,328936,1,pelvis,midstance,0.9410,-0.0259,-0.4792,-14.4043,20.2026,-7.8125,t005,diego
56858597,328952,1,pelvis,midstance,0.9707,-0.0804,-0.4746,-13.2446,18.4326,-9.4604,t005,diego
56858632,328968,1,pelvis,midstance,0.9778,-0.1038,-0.4664,-12.4512,13.7329,-12.5732,t005,diego
56858633,328983,1,pelvis,midstance,0.9850,-0.1621,-0.4337,-12.3291,10.6201,-13.9160,t005,diego
56858671,328999,1,pelvis,midstance,0.9830,-0.1890,-0.3898,-12.8174,4.0283,-14.8926,t005,diego
56858671,329015,1,pelvis,midstance,0.9812,-0.1782,-0.3682,-14.2212,-2.8687,-13.6108,t005,diego
56858671,329030,1,pelvis,midstance,0.9825,-0.1561,-0.3307,-15.0146,-6.2256,-12.7563,t005,diego
56858706,329046,1,pelvis,midstance,0.9868,-0.1638,-0.3145,-15.9302,-12.3291,-12.4512,t005,diego
56858707,329062,1,pelvis,terminal,0.9918,-0.1991,-0.2552,-17.2729,-15.0146,-12.6343,t005,diego
56858745,329078,1,pelvis,terminal,1.0321,-0.1993,-0.1764,-22.4609,-21.1792,-12.4512,t005,diego
56858746,329094,1,pelvis,terminal,1.0707,-0.1973,-0.1356,-25.5737,-34.8511,-12.9395,t005,diego
56858781,329110,1,pelvis,terminal,1.0303,-0.2446,-0.1179,-23.4985,-43.8232,-14.7705,t005,diego
56858781,329125,1,pelvis,terminal,0.9276,-0.2937,-0.1467,-19.8364,-56.5796,-22.8882,t005,diego
56858782,329141,1,pelvis,terminal,0.7443,-0.4060,-0.2126,-26.1230,-55.1147,-25.5737,t005,diego
56858821,329157,1,pelvis,terminal,0.7823,-0.4951,-0.2255,-47.8516,-40.2832,-31.8603,t005,diego
56858821,329173,1,pelvis,terminal,0.8734,-0.4984,-0.2847,-70.4956,-34.9731,-34.2407,t005,diego
56858855,329189,1,pelvis,terminal,0.9783,-0.3948,-0.4393,-79.9561,-35.0952,-28.3813,t005,diego
56858857,329204,1,pelvis,terminal,0.9983,-0.3474,-0.4778,-93.1396,-39.9170,-21.1792,t005,diego
56858859,329220,1,pelvis,terminal,1.0309,-0.2683,-0.5101,-94.7266,-41.3208,-15.9912,t005,diego
56858895,329236,1,pelvis,terminal,1.0525,-0.1394,-0.5527,-86.3647,-44.0674,-1.7700,t005,diego
56858896,329252,1,pelvis,terminal,1.0437,-0.0981,-0.5756,-73.4863,-49.7436,-1.7090,t005,diego
56858930,329268,1,pelvis,terminal,1.0354,-0.1013,-0.5814,-64.4531,-52.1240,-3.9062,t005,diego
56858932,329283,1,pelvis,terminal,1.0511,-0.1199,-0.5847,-46.8750,-56.7627,-8.0566,t005,diego
56858971,329299,1,pelvis,terminal,1.0493,-0.1462,-0.5985,-39.0015,-59.6313,-10.0708,t005,diego
56858971,329315,1,pelvis,terminal,1.0106,-0.1321,-0.6002,-26.1230,-64.7583,-16.1743,t005,diego
56858971,329331,1,pelvis,terminal,0.9895,-0.1254,-0.5900,-17.3950,-70.2515,-22.1558,t005,diego
56859006,329347,1,pelvis,terminal,0.9370,-0.1420,-0.5378,-14.2212,-73.3643,-21.5454,t005,diego
56859007,329363,1,pelvis,terminal,0.9181,-0.1295,-0.5273,-6.8970,-79.8950,-18.3716,t005,diego
56859043,329378,1,pelvis,terminal,0.8430,-0.1241,-0.4537,-1.0376,-78.7964,-17.4561,t005,diego
56859044,329394,1,pelvis,terminal,0.8158,-0.1361,-0.4056,9.7046,-68.1152,-14.7095,t005,diego
56859077,329410,1,pelvis,terminal,0.8230,-0.1458,-0.4032,17.2729,-61.0352,-11.7798,t005,diego
56859077,329426,1,pelvis,terminal,0.7894,-0.2091,-0.4128,21.4233,-57.8003,-11.4746,t005,diego
56859080,329441,1,pelvis,terminal,0.7871,-0.2627,-0.3984,27.7710,-51.3916,-13.0615,t005,diego
56859117,329457,1,pelvis,terminal,0.8417,-0.3542,-0.3204,27.7710,-50.7812,-12.6343,t005,diego
56859118,329472,1,pelvis,terminal,0.8694,-0.3684,-0.2737,22.5830,-51.2085,-6.0425,t005,diego
56859153,329488,1,pelvis,swing,0.8717,-0.3624,-0.2384,14.5264,-49.3774,1.4038,t005,diego
56859154,329504,1,pelvis,swing,0.8950,-0.3271,-0.1707,10.2539,-47.9126,3.5400,t005,diego
56859195,329520,1,pelvis,swing,0.9045,-0.3140,-0.1505,5.1270,-46.3867,4.5166,t005,diego
56859196,329535,1,pelvis,swing,0.9247,-0.3420,-0.1196,3.2349,-45.8374,4.2725,t005,diego
56859196,329551,1,pelvis,swing,0.9697,-0.3679,-0.0927,-4.0283,-45.1050,5.0659,t005,diego
56859230,329567,1,pelvis,swing,0.9766,-0.3608,-0.0710,-8.7891,-47.7905,7.8735,t005,diego
56859231,329582,1,pelvis,swing,0.9695,-0.3395,-0.0374,-8.6670,-49.5605,9.7046,t005,diego
56859254,329598,1,pelvis,swing,0.9667,-0.3306,-0.0264,-5.1270,-52.3071,11.1694,t005,diego
56859270,329613,1,pelvis,swing,0.9785,-0.3312,-0.0074,-3.1738,-53.1006,10.4370,t005,diego
56859270,329629,1,pelvis,swing,0.9805,-0.3346,0.0035,0.0000,-54.1992,10.7422,t005,diego
56859304,329644,1,pelvis,swing,0.9609,-0.3071,0.0029,1.0376,-54.0771,11.2915,t005,diego
56859306,329660,1,pelvis,swing,0.9520,-0.2896,-0.0122,2.6245,-53.1006,9.4604,t005,diego
56859342,329675,1,pelvis,swing,0.9491,-0.2810,-0.0199,4.7607,-52.7344,7.9346,t005,diego
56859343,329691,1,pelvis,swing,0.9375,-0.2588,-0.0442,6.6528,-53.3447,8.1177,t005,diego
56859351,329707,1,pelvis,swing,0.9279,-0.2496,-0.0626,11.0474,-54.6875,7.8125,t005,diego
56859376,329722,1,pelvis,swing,0.9144,-0.2280,-0.1052,12.7563,-55.1147,7.4463,t005,diego
56859378,329738,1,pelvis,swing,0.9060,-0.2382,-0.1298,15.8081,-55.5420,9.0942,t005,diego
56859415,329753,1,pelvis,swing,0.8643,-0.2173,-0.1508,17.2119,-55.4810,10.4980,t005,diego
56859416,329769,1,pelvis,swing,0.8188,-0.2095,-0.1738,19.8364,-54.2603,9.6436,t005,diego
56859450,329785,1,pelvis,swing,0.7960,-0.2142,-0.1661,20.6909,-51.6968,7.3853,t005,diego
56859452,329800,1,pelvis,swing,0.7722,-0.2384,-0.1642,19.5923,-48.5229,7.5684,t005,diego
56859475,329816,1,pelvis,swing,0.7628,-0.2352,-0.1693,14.2212,-40.5273,9.7046,t005,diego
56859489,329831,1,pelvis,swing,0.7257,-0.2205,-0.1661,10.8032,-35.8276,10.2539,t005,diego
56859489,329847,1,pelvis,swing,0.6885,-0.2122,-0.1531,7.2632,-26.3062,9.5215,t005,diego
56859522,329862,1,pelvis,swing,0.6914,-0.2213,-0.1353,7.8125,-15.4419,8.6670,t005,diego
56859524,329878,1,pelvis,swing,0.7615,-0.2312,-0.1260,6.4087,-9.3994,8.5449,t005,diego
56859561,329893,1,pelvis,swing,0.7886,-0.2207,-0.0937,4.0894,-2.8076,14.5264,t005,diego
56859561,329909,1,pelvis,swing,0.8336,-0.1996,0.0012,5.3711,-0.3052,19.7144,t005,diego
56859562,329925,1,pelvis,swing,0.8698,-0.2034,0.0199,5.3711,2.8687,19.9585,t005,diego
56859594,329940,1,pelvis,swing,0.8970,-0.2832,0.0206,2.6245,4.5166,16.4795,t005,diego
56859596,329955,1,pelvis,swing,0.7228,-0.2772,0.0332,-0.4272,8.2397,14.3433,t005,diego
56859633,329971,1,pelvis,swing,0.7249,-0.2892,0.0790,2.1973,20.3857,20.8740,t005,diego
56859633,329986,1,pelvis,swing,0.9341,-0.3456,0.0996,-5.0049,25.3296,20.5078,t005,diego
56859668,330002,1,pelvis,swing,0.9659,-0.3331,0.1025,-21.1182,27.7710,20.5078,t005,diego
56859669,330017,1,pelvis,swing,0.9521,-0.3098,0.1666,-23.0103,28.6865,23.6816,t005,diego
56859698,330033,1,pelvis,swing,1.0292,-0.3202,0.1736,-26.0010,33.9966,26.3062,t005,diego
56859705,330048,1,pelvis,swing,1.0962,-0.3040,0.1830,-25.5737,34.2407,25.4517,t005,diego
56859706,330064,1,pelvis,swing,1.1267,-0.1158,0.2827,-15.3809,35.2173,27.9541,t005,diego
56859739,330079,1,pelvis,swing,1.1415,-0.0327,0.3160,-14.8926,34.8511,38.0249,t005,diego
56859741,330094,1,pelvis,swing,1.0455,-0.0312,0.3115,-16.4795,33.3252,39.8560,t005,diego
56859778,330110,1,pelvis,swing,1.0033,-0.0876,0.3071,-17.0288,36.0718,32.0435,t005,diego
56859779,330125,1,pelvis,swing,1.0182,-0.1876,0.3324,-12.7563,37.1094,26.4282,t005,diego
56859779,330141,1,pelvis,swing,1.0194,-0.1879,0.3495,2.1362,31.3110,19.2261,t005,diego
56859812,330156,1,pelvis,swing,0.9910,-0.1002,0.2799,8.3008,30.8228,18.7378,t005,diego
56859814,330172,1,pelvis,swing,0.9927,-0.0612,0.1818,20.6909,44.7388,20.9961,t005,diego
56859852,330187,1,pelvis,swing,1.1427,-0.0831,0.1295,29.1748,48.6450,18.9209,t005,diego
56859852,330203,1,pelvis,swing,1.1836,-0.0770,0.2466,51.4526,28.0151,9.7046,t005,diego
56859886,330218,1,pelvis,swing,1.1071,-0.1211,0.2407,83.5571,7.2632,-1.5259,t005,diego
56859888,330233,1,pelvis,swing,0.9889,-0.3436,0.1737,91.4307,6.3477,-8.4839,t005,diego
56859889,330249,1,pelvis,swing,0.9836,-0.4524,0.1534,76.2329,14.0991,-17.5781,t005,diego
56859926,330265,1,pelvis,swing,0.9958,-0.5507,0.1172,62.9272,18.7988,-19.1650,t005,diego
56859927,330280,1,pelvis,swing,1.0085,-0.5298,0.0946,45.4102,27.7710,-18.0054,t005,diego
56859961,330296,1,pelvis,swing,1.0634,-0.3274,0.0654,38.3911,32.4097,-13.3057,t005,diego
56859963,330311,1,pelvis,swing,1.0800,-0.0593,0.0090,29.4800,39.7949,7.0190,t005,diego
56859965,330326,1,pelvis,loading,1.0482,-0.0267,-0.0354,36.0718,48.0957,25.9399,t005,diego
56860003,330342,1,pelvis,loading,0.9718,-0.1171,-0.1605,37.7808,51.3916,28.9307,t005,diego
56860004,330357,1,pelvis,loading,0.9410,-0.1842,-0.1938,23.9868,50.1709,25.3906,t005,diego
56860038,330373,1,pelvis,loading,0.8973,-0.2179,-0.1552,11.9019,47.4853,24.2310,t005,diego
56860041,330388,1,pelvis,loading,0.8868,-0.1785,-0.1315,-9.6436,46.0205,26.3062,t005,diego
56860077,330404,1,pelvis,loading,0.9036,-0.0259,-0.2012,-14.2212,47.7905,27.8320,t005,diego
56860078,330420,1,pelvis,loading,0.9634,0.0314,-0.2640,-4.9438,45.9595,26.0010,t005,diego
56860078,330435,1,pelvis,loading,0.9498,0.0414,-0.2634,5.8594,42.2363,22.9492,t005,diego
56860112,330451,1,pelvis,loading,0.9104,0.0912,-0.2832,15.9912,40.7104,19.7144,t005,diego
56860114,330466,1,pelvis,loading,0.8909,0.0665,-0.2914,31.6162,42.7246,12.6343,t005,diego
56860152,330481,1,pelvis,loading,0.8768,-0.0017,-0.3368,31.6162,46.6919,10.5591,t005,diego
56860152,330497,1,pelvis,loading,0.8890,0.0020,-0.3770,32.2266,52.9175,6.9580,t005,diego
56860152,330513,1,pelvis,loading,0.9126,0.0298,-0.4655,34.9731,52.9175,4.0283,t005,diego
56860188,330528,1,pelvis,loading,0.8927,-0.0322,-0.4633,36.9873,51.1475,-4.0283,t005,diego
56860190,330543,1,pelvis,loading,0.8850,-0.0558,-0.4454,31.4331,53.9551,-1.2817,t005,diego
56860228,330559,1,pelvis,loading,0.9257,-0.0286,-0.3811,27.0996,53.1616,1.5869,t005,diego
56860228,330574,1,pelvis,loading,0.9648,-0.0049,-0.3293,19.7144,45.2881,4.0283,t005,diego
56860228,330590,1,pelvis,loading,1.0278,-0.0468,-0.1925,16.2964,40.3442,3.7231,t005,diego
56860263,330605,1,pelvis,loading,1.0360,-0.1019,-0.1299,7.5684,31.8603,5.4932,t005,diego
56860265,330621,1,pelvis,loading,1.0549,-0.1581,-0.0599,1.6479,28.9307,7.9346,t005,diego
56860301,330637,1,pelvis,loading,1.0486,-0.1257,-0.0752,-13.1836,26.9165,14.3433,t005,diego
56860302,330652,1,pelvis,loading,1.0206,-0.1124,-0.1086,-27.4048,29.6020,19.8364,t005,diego
56860335,330668,1,pelvis,loading,0.9644,-0.1294,-0.2113,-32.6538,31.5552,21.9116,t005,diego
56860337,330683,1,pelvis,loading,0.9432,-0.1134,-0.2659,-35.9497,32.2876,25.3296,t005,diego
56860338,330699,1,pelvis,loading,0.8944,-0.0322,-0.3613,-34.9121,32.0435,25.3906,t005,diego
56860374,330715,1,pelvis,loading,0.8789,0.0310,-0.4307,-29.5410,30.9448,23.0103,t005,diego
56860375,330730,1,pelvis,loading,0.8721,0.0367,-0.4548,-22.7051,29.2358,19.7754,t005,diego
56860408,330746,1,pelvis,loading,0.8644,0.0494,-0.4830,-19.7754,28.3203,18.1885,t005,diego
56860410,330761,1,pelvis,loading,0.8602,0.0688,-0.4872,-14.4043,25.7568,13.9770,t005,diego
56860447,330776,1,pelvis,loading,0.8517,0.0983,-0.4794,-11.8408,24.4141,11.5356,t005,diego
56860448,330792,1,pelvis,loading,0.8577,0.0979,-0.4744,-5.2490,23.0713,6.7749,t005,diego
56860448,330807,1,pelvis,loading,0.9067,0.0519,-0.4542,-1.8921,22.9492,4.4556,t005,diego
56860481,330823,1,pelvis,loading,0.9354,0.0200,-0.4321,2.1362,21.1792,1.1597,t005,diego
56860481,330838,1,pelvis,loading,0.9553,-0.0453,-0.3612,2.0752,19.1040,0.4272,t005,diego
56860521,330854,1,pelvis,loading,0.9510,-0.0823,-0.3096,-1.0986,15.3809,0.3662,t005,diego
56860521,330869,1,pelvis,loading,0.9525,-0.0820,-0.3074,-5.9814,15.0146,2.6245,t005,diego
56860555,330885,1,pelvis,loading,0.9443,-0.0880,-0.3259,-8.4839,15.1978,4.7607,t005,diego
56860555,330901,1,pelvis,midstance,0.9250,-0.0964,-0.3424,-13.9770,15.8691,10.0098,t005,diego
56860556,330916,1,pelvis,midstance,0.8885,-0.0937,-0.3802,-16.9067,16.6016,12.0850,t005,diego
56860594,330932,1,pelvis,midstance,0.8909,-0.0420,-0.4171,-22.5830,18.3716,14.7095,t005,diego
56860595,330947,1,pelvis,midstance,0.8931,-0.0094,-0.4246,-24.4751,18.3716,15.5640,t005,diego
56860628,330963,1,pelvis,midstance,0.8679,-0.0151,-0.4204,-24.0478,17.8223,15.0146,t005,diego
56860629,330979,1,pelvis,midstance,0.8489,-0.0247,-0.4275,-23.6816,18.3105,13.7329,t005,diego
56860638,330994,1,pelvis,midstance,0.8566,0.0181,-0.4586,-23.0713,18.9209,12.9395,t005,diego
56860668,331010,1,pelvis,midstance,0.8727,0.0471,-0.4669,-18.0664,18.3716,10.8032,t005,diego
56860669,331025,1,pelvis,midstance,0.8748,0.0533,-0.4480,-14.2212,17.5171,8.8501,t005,diego
56860703,331041,1,pelvis,midstance,0.8695,-0.0237,-0.4276,-8.2397,17.2119,5.7983,t005,diego
56860704,331056,1,pelvis,midstance,0.8793,-0.0449,-0.4286,-7.4463,18.3716,5.0659,t005,diego
56860737,331072,1,pelvis,midstance,0.8997,-0.0376,-0.4236,-7.8125,18.7378,5.4932,t005,diego
56860742,331088,1,pelvis,midstance,0.9049,-0.0363,-0.4069,-8.9111,18.3716,6.8359,t005,diego
56860743,331103,1,pelvis,midstance,0.9080,-0.0343,-0.3831,-10.7422,18.1885,7.6294,t005,diego
56860776,331119,1,pelvis,midstance,0.9014,-0.0323,-0.3831,-15.0757,18.1274,7.8735,t005,diego
56860778,331134,1,pelvis,midstance,0.8792,-0.0240,-0.3993,-16.1743,18.9819,6.9580,t005,diego
56860815,331150,1,pelvis,midstance,0.8870,-0.0013,-0.4310,-15.9302,19.8975,6.5308,t005,diego
56860816,331166,1,pelvis,midstance,0.9000,0.0029,-0.4460,-15.3198,20.6299,6.7139,t005,diego
56860849,331181,1,pelvis,midstance,0.9023,0.0137,-0.4703,-15.9302,20.0806,7.2021,t005,diego
56860851,331197,1,pelvis,midstance,0.8864,0.0087,-0.4796,-18.3105,18.3716,6.0425,t005,diego
56860852,331212,1,pelvis,midstance,0.8435,-0.0247,-0.4841,-19.2871,17.8833,4.5776,t005,diego
56860882,331228,1,pelvis,midstance,0.8365,-0.0199,-0.4861,-20.9351,18.3105,3.6621,t005,diego
56860890,331244,1,pelvis,midstance,0.8495,-0.0151,-0.4944,-24.2310,18.8599,6.0425,t005,diego
56860925,331259,1,pelvis,midstance,0.8503,-0.0408,-0.5032,-26.0620,18.6157,7.3242,t005,diego
56860927,331275,1,pelvis,midstance,0.8359,-0.0598,-0.5038,-30.8228,19.2261,9.8267,t005,diego
56860965,331290,1,pelvis,midstance,0.8060,-0.0568,-0.4966,-33.5693,20.5078,10.8643,t005,diego
56860965,331306,1,pelvis,midstance,0.8051,-0.0203,-0.4911,-36.0718,23.8647,10.9863,t005,diego
56860966,331322,1,pelvis,midstance,0.8412,0.0867,-0.4904,-34.6069,25.3296,10.6201,t005,diego
56861000,331337,1,pelvis,midstance,0.8766,0.1300,-0.4884,-26.3062,26.1230,8.3008,t005,diego
56861002,331352,1,pelvis,midstance,0.8757,0.1190,-0.4880,-16.9067,25.7568,2.8076,t005,diego
56861040,331368,1,pelvis,terminal,0.8756,0.0890,-0.4906,-13.9160,25.8789,0.1221,t005,diego
56861041,331384,1,pelvis,terminal,0.8942,0.0803,-0.4990,-10.1318,25.8789,-4.0283,t005,diego
56861041,331399,1,pelvis,terminal,0.9258,0.0026,-0.5043,-8.5449,25.0854,-5.6763,t005,diego
56861075,331415,1,pelvis,terminal,0.9230,-0.0383,-0.5132,-7.2021,23.4985,-7.2632,t005,diego
56861077,331430,1,pelvis,terminal,0.9220,-0.0861,-0.5330,-9.1553,22.3999,-8.9111,t005,diego
56861116,331446,1,pelvis,terminal,0.9413,-0.1034,-0.5193,-9.3384,21.5454,-10.4370,t005,diego
56861116,331462,1,pelvis,terminal,0.9492,-0.1168,-0.4984,-8.6060,18.7988,-11.5356,t005,diego
56861116,331478,1,pelvis,terminal,0.9545,-0.1530,-0.4473,-10.0708,17.0288,-10.8643,t005,diego
56861150,331493,1,pelvis,terminal,0.9579,-0.1653,-0.4213,-16.9678,13.9770,-9.4604,t005,diego
56861153,331509,1,pelvis,terminal,0.9347,-0.1464,-0.3757,-20.7520,11.8408,-8.7891,t005,diego
56861190,331525,1,pelvis,terminal,0.9109,-0.1090,-0.3502,-25.5127,5.6152,-7.8125,t005,diego
56861191,331540,1,pelvis,terminal,0.9257,-0.1167,-0.3488,-23.8037,-1.4648,-11.0474,t005,diego
56861226,331556,1,pelvis,terminal,0.9471,-0.1709,-0.3384,-21.4233,-5.6152,-13.5498,t005,diego
56861229,331572,1,pelvis,terminal,0.9387,-0.1952,-0.3213,-19.1040,-15.0146,-14.6484,t005,diego
56861229,331588,1,pelvis,terminal,0.9209,-0.1996,-0.2671,-19.4702,-19.4702,-13.9770,t005,diego
56861267,331603,1,pelvis,terminal,0.9254,-0.1948,-0.2039,-24.4751,-25.6958,-13.4888,t005,diego
56861267,331619,1,pelvis,terminal,0.9186,-0.1917,-0.2103,-33.6914,-27.4658,-12.6343,t005,diego
56861301,331635,1,pelvis,swing,0.7911,-0.2461,-0.3334,-40.4663,-25.6958,-12.2070,t005,diego
56861303,331651,1,pelvis,swing,0.7770,-0.3185,-0.3287,-46.6309,-21.2402,-14.6484,t005,diego
56861305,331667,1,pelvis,swing,0.8273,-0.3580,-0.3505,-43.6401,-20.8130,-15.9912,t005,diego
56861342,331682,1,pelvis,swing,0.8792,-0.2074,-0.4033,-48.7061,-22.5830,-11.9019,t005,diego
56861342,331698,1,pelvis,swing,0.8857,-0.1678,-0.4050,-54.7485,-28.3203,-8.8501,t005,diego
56861377,331714,1,pelvis,swing,0.9053,-0.1249,-0.4358,-53.0395,-31.1890,-9.0942,t005,diego
56861378,331730,1,pelvis,swing,0.9219,-0.1172,-0.4530,-45.4712,-39.9170,-17.1509,t005,diego
56861401,331746,1,pelvis,swing,0.9164,-0.1610,-0.4285,-39.4897,-42.4194,-22.5220,t005,diego
56861417,331761,1,pelvis,swing,1.0149,-0.1453,-0.5614,-28.3203,-35.9497,-24.7803,t005,diego
56861418,331777,1,pelvis,swing,1.0656,-0.1333,-0.6411,-24.8413,-37.7197,-20.1416,t005,diego
56861452,331793,1,pelvis,swing,1.0627,-0.0952,-0.6337,-23.8647,-47.0581,-20.1416,t005,diego
56861453,331809,1,pelvis,swing,1.0055,-0.1136,-0.5760,-17.3340,-65.3076,-23.1934,t005,diego
56861490,331824,1,pelvis,swing,0.9152,-0.1548,-0.5063,-14.7705,-66.8945,-22.9492,t005,diego
56861491,331840,1,pelvis,swing,0.9656,-0.1329,-0.5079,-12.5122,-63.3545,-21.7285,t005,diego
56861525,331856,1,pelvis,swing,0.9797,-0.1252,-0.5032,-9.6436,-62.2559,-19.5923,t005,diego
56861526,331872,1,pelvis,swing,0.9907,-0.1384,-0.4987,-5.9814,-62.4390,-16.6016,t005,diego
56861527,331888,1,pelvis,swing,0.9663,-0.1445,-0.4713,6.4697,-65.7959,-10.2539,t005,diego
56861565,331903,1,pelvis,swing,0.9037,-0.1481,-0.4161,13.9770,-66.2842,-7.9956,t005,diego
56861565,331919,1,pelvis,swing,0.9050,-0.1509,-0.4329,25.5737,-65.2466,-6.7139,t005,diego
56861598,331935,1,pelvis,swing,0.9182,-0.1705,-0.4346,30.4565,-66.1011,-8.3008,t005,diego
56861600,331950,1,pelvis,swing,0.9578,-0.2266,-0.3796,31.6772,-68.6646,-9.8877,t005,diego
56861637,331966,1,pelvis,swing,0.9667,-0.2596,-0.3467,32.5928,-75.6226,-12.7563,t005,diego
56861637,331982,1,pelvis,swing,0.9464,-0.2869,-0.3223,33.3862,-76.4160,-12.8174,t005,diego
56861638,331997,1,pelvis,swing,0.9487,-0.3060,-0.3159,31.9824,-72.6318,-10.6812,t005,diego
56861671,332013,1,pelvis,swing,0.9578,-0.3153,-0.3007,25.8179,-72.2046,-6.3477,t005,diego
56861673,332029,1,pelvis,swing,0.9631,-0.2958,-0.2834,23.0103,-72.5708,-4.6387,t005,diego
56861710,332044,1,pelvis,swing,0.9580,-0.2888,-0.2772,17.2119,-71.4722,-3.3569,t005,diego
56861711,332060,1,pelvis,swing,0.9604,-0.2740,-0.2533,14.0381,-70.6787,-2.1362,t005,diego
56861743,332076,1,pelvis,swing,0.9761,-0.2631,-0.2418,8.7280,-69.8853,1.5259,t005,diego
56861745,332091,1,pelvis,swing,0.9856,-0.2620,-0.2472,5.3711,-70.3125,2.8687,t005,diego
56861746,332107,1,pelvis,swing,0.9730,-0.2662,-0.2494,4.6387,-71.8994,2.3804,t005,diego
56861782,332123,1,pelvis,swing,0.9491,-0.2690,-0.2423,5.1880,-75.5005,1.5259,t005,diego
56861783,332138,1,pelvis,swing,0.9045,-0.2604,-0.2249,4.8218,-76.1719,0.6714,t005,diego
56861816,332154,1,pelvis,swing,0.8872,-0.2828,-0.2217,0.1831,-73.5474,-0.9155,t005,diego
56861818,332170,1,pelvis,swing,0.8850,-0.2852,-0.2443,-2.7466,-71.4722,0.6714,t005,diego
56861855,332185,1,pelvis,swing,0.8585,-0.2422,-0.2544,-7.3853,-69.6411,4.2114,t005,diego
56861855,332201,1,pelvis,swing,0.8490,-0.2252,-0.2418,-9.8877,-68.7866,3.7842,t005,diego
56861856,332217,1,pelvis,swing,0.8289,-0.1995,-0.2343,-8.9722,-67.5049,3.2349,t005,diego
56861889,332232,1,pelvis,swing,0.8237,-0.1959,-0.2361,-2.9907,-63.6597,4.8218,t005,diego
56861891,332248,1,pelvis,swing,0.8116,-0.1824,-0.2340,-0.5493,-60.6079,6.8359,t005,diego
56861928,332264,1,pelvis,swing,0.7969,-0.1436,-0.2328,1.8311,-52.4292,11.1084,t005,diego
56861929,332279,1,pelvis,swing,0.8044,-0.1366,-0.2297,5.3711,-44.9829,13.8550,t005,diego
56861963,332295,1,pelvis,swing,0.8004,-0.1199,-0.2227,7.5684,-41.9922,15.0146,t005,diego
56861965,332311,1,pelvis,swing,0.7904,-0.1246,-0.2296,11.9019,-33.7524,17.0288,t005,diego
56861965,332326,1,pelvis,swing,0.7333,-0.1567,-0.2203,13.7329,-29.2358,18.4326,t005,diego
56862001,332342,1,pelvis,swing,0.7114,-0.1549,-0.1886,18.9209,-17.8223,22.2168,t005,diego
56862002,332357,1,pelvis,swing,0.7466,-0.1550,-0.1289,22.2778,-10.3760,23.7427,t005,diego
56862035,332373,1,pelvis,swing,0.7723,-0.1628,-0.1084,26.7334,2.5635,22.5220,t005,diego
56862038,332388,1,pelvis,swing,0.8375,-0.1694,-0.0514,29.9072,8.0566,16.9678,t005,diego
56862074,332404,1,pelvis,swing,1.0032,-0.1504,-0.0717,36.3159,10.8643,17.9443,t005,diego
56862074,332419,1,pelvis,swing,1.0403,-0.1512,-0.1031,61.1572,16.9067,17.7612,t005,diego
56862075,332435,1,pelvis,swing,1.0076,-0.2299,-0.0134,75.9277,18.0054,11.1084,t005,diego
56862109,332450,1,pelvis,swing,1.0245,-0.2346,0.0872,94.1772,20.7520,-2.1362,t005,diego
56862111,332466,1,pelvis,swing,1.0443,-0.2238,0.2783,96.2524,20.8740,-2.8687,t005,diego
56862148,332481,1,pelvis,swing,0.9594,-0.3215,0.4437,97.1069,8.6670,-5.9204,t005,diego
56862148,332497,1,pelvis,swing,0.9501,-0.4055,0.4930,91.5527,6.1646,-9.8267,t005,diego
56862180,332513,1,pelvis,swing,0.9576,-0.5266,0.4960,80.9326,9.0942,-9.0942,t005,diego
56862181,332528,1,pelvis,swing,0.8999,-0.5513,0.5708,48.4619,15.4419,1.8311,t005,diego
56862182,332543,1,pelvis,swing,0.7856,-0.3793,0.4254,34.5459,25.6958,12.0850,t005,diego
56862220,332559,1,pelvis,swing,0.9113,-0.3232,-0.0197,16.6626,54.6265,25.4517,t005,diego
56862220,332574,1,pelvis,swing,1.1001,-0.4132,-0.0569,4.4556,60.1196,22.4609,t005,diego
56862253,332590,1,pelvis,swing,1.2134,-0.3873,0.0974,-5.4321,33.3862,4.8218,t005,diego
56862254,332605,1,pelvis,loading,1.1226,-0.3175,0.1268,21.1182,9.7656,-1.0986,t005,diego
56862280,332621,1,pelvis,loading,1.0005,-0.3333,0.1176,33.8135,8.3008,-0.6714,t005,diego
56862287,332636,1,pelvis,loading,1.0042,-0.3805,0.1060,39.4287,10.9253,-1.6479,t005,diego
56862294,332652,1,pelvis,loading,1.0426,-0.3177,0.0178,35.3394,13.3057,-0.6104,t005,diego
56862328,332667,1,pelvis,loading,1.0493,-0.2072,-0.0498,24.2310,20.2637,12.2070,t005,diego
56862330,332683,1,pelvis,loading,1.0106,-0.1088,-0.2064,15.9302,24.1089,19.1650,t005,diego
56862368,332698,1,pelvis,loading,0.9237,-0.1545,-0.3427,-7.2632,30.6396,25.3906,t005,diego
56862369,332714,1,pelvis,loading,0.8818,-0.1603,-0.3408,-27.2827,35.6445,30.2124,t005,diego
56862369,332730,1,pelvis,loading,0.8669,-0.1045,-0.3365,-29.9072,37.9028,31.6772,t005,diego
56862402,332745,1,pelvis,loading,0.8953,-0.0553,-0.3475,-20.2637,43.8843,29.9072,t005,diego
56862404,332761,1,pelvis,loading,0.9714,0.0057,-0.3484,-10.5591,45.7153,27.3437,t005,diego
56862437,332776,1,pelvis,loading,0.9714,-0.0165,-0.3096,13.4277,42.4194,19.5923,t005,diego
56862442,332792,1,pelvis,loading,0.9458,-0.0430,-0.2819,33.3862,36.4990,11.8408,t005,diego
56862476,332807,1,pelvis,loading,0.9172,-0.0846,-0.2222,38.6353,35.9497,9.9487,t005,diego
56862478,332823,1,pelvis,loading,0.9189,-0.0922,-0.1953,40.8936,38.6963,7.3853,t005,diego
56862479,332838,1,pelvis,loading,0.9500,-0.1321,-0.1780,40.9546,39.9780,5.6152,t005,diego
56862516,332854,1,pelvis,loading,0.9534,-0.1458,-0.1792,39.3677,42.4194,2.6855,t005,diego
56862517,332869,1,pelvis,loading,0.9602,-0.1083,-0.1724,37.1704,43.8232,2.6245,t005,diego
56862551,332885,1,pelvis,loading,0.9590,-0.0155,-0.1982,32.9590,45.1050,3.2959,t005,diego
56862553,332900,1,pelvis,loading,0.9659,0.0059,-0.2120,30.1514,45.5933,3.2959,t005,diego
56862554,332916,1,pelvis,loading,0.9933,-0.0255,-0.2365,30.7617,44.1284,2.6245,t005,diego
56862590,332931,1,pelvis,loading,0.9933,-0.0663,-0.2380,32.6538,38.8184,-1.5259,t005,diego
56862591,332947,1,pelvis,loading,0.9618,-0.1445,-0.2335,29.2969,37.7197,-2.1362,t005,diego
56862624,332962,1,pelvis,loading,0.9536,-0.1564,-0.2402,8.9722,40.6494,2.9907,t005,diego
56862626,332978,1,pelvis,loading,0.9572,-0.1194,-0.2524,-1.2817,41.6870,5.7983,t005,diego
56862664,332994,1,pelvis,loading,0.9426,-0.0648,-0.2712,-8.2397,43.2129,9.0942,t005,diego
56862664,333009,1,pelvis,loading,0.9491,-0.0579,-0.2870,-6.2256,41.9311,9.3994,t005,diego
56862664,333025,1,pelvis,loading,0.9609,-0.1316,-0.2655,-4.8218,38.2690,8.7280,t005,diego
56862698,333040,1,pelvis,loading,0.9535,-0.1638,-0.2531,-6.3477,32.1045,6.8970,t005,diego
56862700,333056,1,pelvis,loading,0.9277,-0.1143,-0.2709,-9.8877,32.8979,8.6060,t005,diego
56862736,333071,1,pelvis,loading,0.9338,-0.0474,-0.2997,-11.9019,35.8887,13.1226,t005,diego
56862737,333087,1,pelvis,loading,0.9722,0.0203,-0.3284,-6.3477,33.8745,11.8408,t005,diego
56862771,333102,1,pelvis,loading,0.9254,-0.0265,-0.2998,4.5776,26.1841,6.8970,t005,diego
56862773,333118,1,pelvis,loading,0.9061,-0.0249,-0.3035,7.3242,24.5972,5.1270,t005,diego
56862774,333133,1,pelvis,loading,0.8984,0.0308,-0.3097,12.3901,24.3530,3.5400,t005,diego
56862809,333149,1,pelvis,loading,0.9001,0.0331,-0.3083,27.1606,24.1699,-0.6714,t005,diego
56862809,333164,1,pelvis,loading,0.9174,-0.0364,-0.3372,33.6304,24.9634,-3.1128,t005,diego
56862842,333180,1,pelvis,loading,0.9385,-0.0677,-0.3702,37.9028,27.0996,-6.7139,t005,diego
56862844,333195,1,pelvis,loading,0.9629,-0.0719,-0.4344,34.8511,26.3672,-7.3853,t005,diego
56862882,333211,1,pelvis,loading,0.9152,-0.1064,-0.4076,26.9165,21.0571,-7.8125,t005,diego
56862882,333227,1,pelvis,loading,0.8942,-0.1243,-0.3890,23.6206,18.4937,-5.0659,t005,diego
56862883,333242,1,pelvis,loading,0.8726,-0.1396,-0.3759,21.2402,18.3716,-3.3569,t005,diego
56862915,333258,1,pelvis,loading,0.8618,-0.1300,-0.3774,12.5732,19.2871,0.6104,t005,diego
56862916,333274,1,pelvis,midstance,0.8610,-0.1086,-0.3988,8.3618,20.0806,3.5400,t005,diego
56862957,333289,1,pelvis,midstance,0.8879,-0.0659,-0.4359,4.7607,21.3013,9.2163,t005,diego
56862957,333305,1,pelvis,midstance,0.9142,-0.0560,-0.4484,5.1270,21.0571,7.7515,t005,diego
56862958,333320,1,pelvis,midstance,0.9072,-0.0660,-0.4622,3.9062,20.8740,5.6152,t005,diego
56862993,333336,1,pelvis,midstance,0.8845,-0.0697,-0.4629,-0.5493,21.6675,3.5400,t005,diego
56862994,333351,1,pelvis,midstance,0.8601,-0.0542,-0.4517,-2.1362,22.8271,3.7231,t005,diego
56863032,333367,1,pelvis,midstance,0.8622,-0.0474,-0.4352,-2.1973,25.6348,3.2349,t005,diego
56863033,333383,1,pelvis,midstance,0.8838,-0.0751,-0.4044,-2.0752,26.3062,2.2583,t005,diego
56863067,333398,1,pelvis,midstance,0.8962,-0.0748,-0.3918,-4.3945,25.3906,1.0986,t005,diego
56863069,333414,1,pelvis,midstance,0.8986,-0.0483,-0.3929,-6.6528,24.8413,1.7700,t005,diego
56863069,333429,1,pelvis,midstance,0.9019,-0.0127,-0.4060,-6.4087,24.9634,1.8921,t005,diego
56863107,333445,1,pelvis,midstance,0.8960,-0.0259,-0.4070,-4.3335,25.0244,0.1831,t005,diego
56863107,333460,1,pelvis,midstance,0.8855,-0.0675,-0.3943,-3.9673,25.0244,-0.7935,t005,diego
56863143,333476,1,pelvis,midstance,0.8934,-0.0488,-0.3993,-6.5308,26.1230,-0.3052,t005,diego
56863145,333492,1,pelvis,midstance,0.9114,-0.0299,-0.3942,-9.4604,25.8789,0.7324,t005,diego
56863151,333508,1,pelvis,midstance,0.9641,-0.0321,-0.3551,-9.8267,23.9868,0.4272,t005,diego
56863181,333523,1,pelvis,midstance,0.9733,-0.0488,-0.3364,-10.3760,19.1650,-1.0986,t005,diego
56863183,333539,1,pelvis,midstance,0.9592,-0.0552,-0.3297,-11.5356,18.0664,-1.0986,t005,diego
56863222,333555,1,pelvis,midstance,0.9528,-0.0569,-0.3381,-16.5405,18.9819,0.5493,t005,diego
56863223,333571,1,pelvis,midstance,0.9370,-0.0809,-0.3557,-20.0195,19.8364,1.2817,t005,diego
56863224,333586,1,pelvis,midstance,0.9038,-0.0848,-0.3835,-27.4048,20.5688,2.5635,t005,diego
56863259,333602,1,pelvis,midstance,0.8898,-0.0717,-0.4001,-33.0811,20.9351,2.2583,t005,diego
56863260,333617,1,pelvis,midstance,0.9109,-0.0524,-0.4513,-34.3018,21.2402,1.9531,t005,diego
56863299,333633,1,pelvis,midstance,0.9235,-0.0532,-0.4727,-33.2642,19.3481,0.7935,t005,diego
56863299,333649,1,pelvis,midstance,0.9084,-0.0582,-0.4924,-31.6772,17.5171,-0.9155,t005,diego
56863334,333664,1,pelvis,midstance,0.9017,-0.1071,-0.4948,-28.1982,14.0991,-5.8594,t005,diego
56863334,333680,1,pelvis,midstance,0.9119,-0.1432,-0.4884,-25.0244,10.6812,-11.1084,t005,diego
56863336,333696,1,pelvis,terminal,0.9185,-0.1868,-0.4717,-24.1699,8.8501,-13.0615,t005,diego
56863375,333711,1,pelvis,terminal,0.9189,-0.1921,-0.4636,-24.8413,5.1880,-14.1602,t005,diego
56863375,333727,1,pelvis,terminal,0.9344,-0.1759,-0.4515,-25.2075,3.4790,-13.3057,t005,diego
56863411,333743,1,pelvis,terminal,0.9501,-0.1937,-0.4385,-24.1089,0.3052,-12.0850,t005,diego
56863413,333759,1,pelvis,terminal,0.9485,-0.2207,-0.4166,-20.2026,-2.5024,-12.8784,t005,diego
56863413,333774,1,pelvis,terminal,0.9215,-0.2501,-0.3583,-19.3481,-3.6621,-13.6719,t005,diego
56863451,333790,1,pelvis,terminal,0.9166,-0.2462,-0.3165,-23.3765,-6.5918,-15.0146,t005,diego
56863451,333806,1,pelvis,terminal,0.9058,-0.2216,-0.2936,-27.9541,-8.5449,-14.6484,t005,diego
56863486,333822,1,pelvis,terminal,0.8280,-0.2916,-0.3136,-39.3066,-12.0850,-15.6250,t005,diego
56863488,333837,1,pelvis,terminal,0.8335,-0.3523,-0.3003,-41.9311,-13.5498,-19.8364,t005,diego
56863526,333853,1,pelvis,terminal,0.8333,-0.4254,-0.3232,-39.3677,-14.6484,-22.5830,t005,diego
56863526,333869,1,pelvis,terminal,0.8253,-0.4041,-0.3478,-46.2036,-15.0757,-23.1323,t005,diego
56863526,333885,1,pelvis,terminal,0.8676,-0.3092,-0.3855,-54.6265,-15.4419,-19.8364,t005,diego
56863562,333900,1,pelvis,terminal,0.8779,-0.2365,-0.4009,-63.0493,-21.7895,-11.6577,t005,diego
56863563,333916,1,pelvis,terminal,0.8707,-0.2054,-0.4062,-65.4297,-27.3437,-4.8218,t005,diego
56863601,333932,1,pelvis,terminal,0.8445,-0.1494,-0.3774,-65.0024,-29.1138,-3.1128,t005,diego
56863601,333948,1,pelvis,terminal,0.8796,-0.1337,-0.4020,-59.9365,-29.9683,-2.6855,t005,diego
56863602,333964,1,pelvis,terminal,0.9756,-0.1067,-0.4912,-58.0444,-31.5552,-3.1738,t005,diego
56863636,333979,1,pelvis,terminal,0.9552,-0.1400,-0.5033,-51.7578,-39.9170,-3.3569,t005,diego
56863638,333995,1,pelvis,swing,0.9104,-0.1375,-0.4971,-39.4897,-45.2270,-2.1362,t005,diego
56863676,334011,1,pelvis,swing,0.9502,-0.1534,-0.5222,-32.7148,-46.3867,-3.6621,t005,diego
56863676,334027,1,pelvis,swing,0.9747,-0.1759,-0.5310,-24.5361,-52.0630,-9.0332,t005,diego
56863709,334043,1,pelvis,swing,0.9767,-0.1567,-0.4808,-21.6064,-56.2134,-8.8501,t005,diego
56863712,334059,1,pelvis,swing,0.9703,-0.1344,-0.4395,-12.2681,-61.5845,-4.8218,t005,diego
56863713,334074,1,pelvis,swing,0.9692,-0.1479,-0.4196,-1.4038,-59.4482,-4.1504,t005,diego
56863748,334090,1,pelvis,swing,0.9808,-0.1798,-0.4689,4.7607,-55.4199,-4.7607,t005,diego
56863749,334106,1,pelvis,swing,0.9893,-0.1980,-0.4979,14.8926,-53.6499,-8.8501,t005,diego
56863783,334122,1,pelvis,swing,1.0023,-0.2765,-0.4233,20.5688,-57.4951,-10.1929,t005,diego
56863784,334137,1,pelvis,swing,0.9585,-0.3596,-0.3236,27.7100,-65.3076,-6.7139,t005,diego
56863822,334153,1,pelvis,swing,0.9541,-0.3879,-0.2789,17.5781,-72.2656,-2.9907,t005,diego
56863822,334169,1,pelvis,swing,0.9235,-0.3967,-0.2107,11.4136,-72.0825,0.5493,t005,diego
56863823,334184,1,pelvis,swing,0.9043,-0.3954,-0.2163,6.1646,-60.1807,10.4980,t005,diego
56863857,334200,1,pelvis,swing,0.9105,-0.4399,-0.1764,3.5400,-55.5420,15.1367,t005,diego
56863858,334215,1,pelvis,swing,0.9398,-0.4347,-0.1733,-2.3193,-52.4292,26.4282,t005,diego
56863895,334231,1,pelvis,swing,1.0101,-0.3756,-0.2035,-4.5776,-52.6733,31.4941,t005,diego
56863896,334247,1,pelvis,swing,1.0505,-0.3157,-0.2122,-7.7515,-53.1616,37.6587,t005,diego
56863930,334263,1,pelvis,swing,1.0747,-0.2919,-0.2391,-8.7891,-57.0679,36.3770,t005,diego
56863932,334278,1,pelvis,swing,1.0322,-0.3263,-0.2295,-7.6904,-61.2793,32.4097,t005,diego
56863933,334294,1,pelvis,swing,0.9705,-0.3514,-0.2347,-2.5635,-67.8711,24.9023,t005,diego
56863970,334309,1,pelvis,swing,0.8805,-0.3652,-0.2439,1.7090,-69.3970,22.0337,t005,diego
56863971,334325,1,pelvis,swing,0.9114,-0.3597,-0.2626,10.3149,-71.5942,16.9678,t005,diego
56864007,334341,1,pelvis,swing,0.9363,-0.3477,-0.2599,9.9487,-74.8901,11.9629,t005,diego
56864008,334356,1,pelvis,swing,0.9304,-0.3224,-0.2308,8.9111,-76.2329,9.3994,t005,diego
56864046,334372,1,pelvis,swing,0.9066,-0.3279,-0.2134,4.5776,-78.6133,5.0049,t005,diego
56864046,334388,1,pelvis,swing,0.8267,-0.2959,-0.1943,0.5493,-78.8574,4.2114,t005,diego
56864047,334403,1,pelvis,swing,0.7833,-0.2437,-0.1927,-4.2725,-77.2705,4.8218,t005,diego
56864083,334419,1,pelvis,swing,0.7760,-0.2333,-0.1951,-2.4414,-74.2798,3.9062,t005,diego
56864083,334435,1,pelvis,swing,0.7635,-0.2338,-0.1853,-0.9766,-73.4253,2.6855,t005,diego
56864122,334450,1,pelvis,swing,0.7614,-0.2329,-0.1797,2.5635,-72.2046,0.4272,t005,diego
56864122,334466,1,pelvis,swing,0.7623,-0.2349,-0.1830,5.1880,-71.4722,-0.9155,t005,diego
56864123,334482,1,pelvis,swing,0.7463,-0.2429,-0.1771,9.7656,-65.6128,-5.1270,t005,diego
56864159,334497,1,pelvis,swing,0.6952,-0.2635,-0.1639,11.6577,-59.2651,-7.1411,t005,diego
56864160,334513,1,pelvis,swing,0.6989,-0.2618,-0.1531,14.9536,-44.7388,-9.6436,t005,diego
56864198,334529,1,pelvis,swing,0.7515,-0.2759,-0.1489,10.4370,-33.0811,-9.3384,t005,diego
56864199,334545,1,pelvis,swing,0.8815,-0.2799,-0.0703,3.6621,-28.3813,-5.6152,t005,diego
56864199,334560,1,pelvis,swing,0.9799,-0.2604,-0.0468,-11.1084,-20.8740,3.8452,t005,diego
56864235,334576,1,pelvis,swing,0.7123,-0.2323,-0.2075,-12.8174,-11.7798,9.3994,t005,diego
56864236,334592,1,pelvis,swing,0.7054,-0.1666,-0.0211,2.6855,9.3994,18.7378,t005,diego
56864274,334607,1,pelvis,swing,0.7629,-0.1749,0.0402,29.9072,22.5830,16.1743,t005,diego
56864274,334622,1,pelvis,swing,0.9163,-0.1844,0.1901,47.3633,24.7192,15.2588,t005,diego
56864298,334638,1,pelvis,swing,1.0122,-0.1851,0.3053,78.7964,18.7378,10.6201,t005,diego
56864308,334653,1,pelvis,swing,1.0698,-0.2296,0.5775,83.9233,14.1602,4.5166,t005,diego
56864310,334669,1,pelvis,swing,1.0541,-0.2365,0.6570,71.0449,16.4795,0.1221,t005,diego
56864349,334684,1,pelvis,swing,1.0314,-0.3156,0.6881,55.9082,20.8130,1.7700,t005,diego
56864349,334699,1,pelvis,swing,0.8721,-0.2830,0.5701,32.5317,29.8462,10.0708,t005,diego
56864385,334715,1,pelvis,swing,0.6693,-0.2234,0.2856,32.1045,42.7246,21.8506,t005,diego
56864385,334730,1,pelvis,swing,0.9418,-0.3610,-0.0396,36.2549,92.1020,24.5972,t005,diego
56864386,334746,1,pelvis,swing,1.2671,-0.4283,0.0222,6.6528,68.9087,8.1787,t005,diego
56864426,334761,1,pelvis,swing,1.2350,-0.2510,0.1698,9.6436,39.3677,7.0190,t005,diego
56864427,334776,1,pelvis,swing,1.0370,-0.2113,0.1577,45.7153,13.0005,-0.3052,t005,diego
56864461,334792,1,pelvis,swing,0.8827,-0.3488,0.0608,54.0161,13.7939,-2.4414,t005,diego
56864464,334807,1,pelvis,swing,0.9269,-0.3984,0.0206,34.5459,25.0854,5.5542,t005,diego
56864465,334823,1,pelvis,swing,1.0752,-0.3923,-0.0131,18.0054,30.5786,11.5356,t005,diego
56864504,334838,1,pelvis,swing,1.1241,-0.2656,-0.0830,-3.0518,33.6914,20.2026,t005,diego
56864504,334854,1,pelvis,swing,1.0765,-0.1921,-0.1348,-15.3809,34.6680,28.8696,t005,diego
56864539,334869,1,pelvis,swing,0.9778,-0.1014,-0.2368,-20.0806,37.2925,31.6772,t005,diego
56864539,334885,1,pelvis,swing,0.9507,-0.0710,-0.2832,-22.7661,41.0156,33.1421,t005,diego
56864541,334900,1,pelvis,midstance,0.9396,-0.0015,-0.3551,-20.9961,42.4194,33.2642,t005,diego
56864584,334916,1,pelvis,midstance,0.9376,0.0282,-0.3602,-11.5356,42.3584,31.6772,t005,diego
56864584,334931,1,pelvis,midstance,0.9202,0.0574,-0.3324,-2.3804,40.6494,27.5269,t005,diego
56864622,334947,1,pelvis,midstance,0.9397,-0.0374,-0.2991,19.0430,37.9639,16.9678,t005,diego
56864624,334962,1,pelvis,midstance,0.9507,-0.1045,-0.2708,28.9917,36.3159,11.5356,t005,diego
56864625,334978,1,pelvis,midstance,0.9541,-0.2009,-0.2134,28.3203,35.2783,10.7422,t005,diego
56864664,334993,1,pelvis,midstance,0.9539,-0.2216,-0.1869,20.4468,34.8511,10.6201,t005,diego
56864664,335009,1,pelvis,midstance,0.9506,-0.1580,-0.1588,15.1367,35.7666,11.3525,t005,diego
56864665,335024,1,pelvis,midstance,0.9520,-0.1036,-0.1564,6.5308,39.3677,15.1367,t005,diego
56864700,335040,1,pelvis,midstance,0.9646,-0.0265,-0.1757,4.2725,41.0156,16.2354,t005,diego
56864702,335055,1,pelvis,midstance,0.9727,-0.0155,-0.2001,3.0518,40.7104,14.5264,t005,diego
56864742,335071,1,pelvis,midstance,0.9644,-0.0264,-0.1982,0.8545,37.0483,11.1084,t005,diego
56864743,335086,1,pelvis,midstance,0.9690,-0.0370,-0.1678,-0.2441,35.4004,10.1318,t005,diego
56864743,335102,1,pelvis,midstance,0.9779,-0.0250,-0.1500,0.1221,33.2642,9.6436,t005,diego
56864779,335117,1,pelvis,midstance,0.9747,-0.0310,-0.1324,1.8311,32.7148,8.9722,t005,diego
56864779,335133,1,pelvis,midstance,0.9781,-0.0309,-0.1310,6.1035,32.1655,7.0801,t005,diego
56864823,335148,1,pelvis,midstance,0.9956,0.0380,-0.1030,9.2163,30.5176,7.5073,t005,diego
56864823,335163,1,pelvis,midstance,1.0020,0.0200,-0.1016,17.4561,26.6724,8.0566,t005,diego
56864824,335179,1,pelvis,midstance,0.9899,-0.0494,-0.1246,20.8740,23.1934,-0.2441,t005,diego
56864862,335194,1,pelvis,midstance,0.9863,-0.1342,-0.1156,20.2026,21.4844,-2.7466,t005,diego
56864865,335210,1,pelvis,midstance,0.9788,-0.1241,-0.1292,18.4937,19.9585,-1.4648,t005,diego
56864865,335225,1,pelvis,midstance,0.9646,-0.0616,-0.1863,16.1133,20.8130,0.1831,t005,diego
56864906,335241,1,pelvis,midstance,0.9554,-0.0129,-0.2150,13.4277,21.1182,3.0518,t005,diego
56864907,335256,1,pelvis,midstance,0.9402,0.0688,-0.2523,15.3809,20.3247,3.6011,t005,diego
56864944,335272,1,pelvis,midstance,0.9532,-0.0328,-0.3278,25.2075,18.0664,-0.6104,t005,diego
56864944,335287,1,pelvis,midstance,0.9496,-0.1255,-0.3710,28.6865,16.9067,-7.9956,t005,diego
56864946,335303,1,pelvis,midstance,0.9111,-0.2008,-0.4067,25.3296,17.3950,-8.3618,t005,diego
56864988,335318,1,pelvis,midstance,0.8958,-0.1609,-0.4061,12.6953,20.0806,-3.4180,t005,diego
56864989,335334,1,pelvis,midstance,0.8967,-0.0773,-0.4009,7.7515,20.5078,-0.9766,t005,diego
56864989,335349,1,pelvis,midstance,0.8959,-0.0681,-0.3977,4.5776,23.1323,2.9297,t005,diego
56865026,335365,1,pelvis,midstance,0.9285,-0.0580,-0.4187,4.0283,24.1089,3.6011,t005,diego
56865027,335380,1,pelvis,midstance,0.9109,-0.0516,-0.4082,4.7607,22.7661,2.4414,t005,diego
56865071,335396,1,pelvis,midstance,0.9034,-0.0521,-0.3989,2.8076,23.3154,1.2817,t005,diego
56865071,335411,1,pelvis,midstance,0.9063,-0.0942,-0.3901,0.9155,23.5596,0.6104,t005,diego
56865071,335427,1,pelvis,midstance,0.9049,-0.1025,-0.3806,-2.0142,24.1699,0.1831,t005,diego
56865112,335442,1,pelvis,midstance,0.9056,-0.0546,-0.3486,-3.1128,24.6582,0.7935,t005,diego
56865112,335458,1,pelvis,midstance,0.8958,-0.0341,-0.3344,-10.0708,28.5034,0.8545,t005,diego
56865112,335473,1,pelvis,midstance,0.9304,-0.0239,-0.3834,-9.5215,29.9683,1.2207,t005,diego
56865151,335489,1,pelvis,midstance,0.9381,-0.0221,-0.4016,4.7607,26.0620,0.6714,t005,diego
56865152,335504,1,pelvis,midstance,0.9288,-0.0485,-0.3856,13.3057,21.8506,-3.3569,t005,diego
56865188,335520,1,pelvis,midstance,0.9169,-0.1143,-0.3353,13.2446,21.4233,-5.1880,t005,diego
56865190,335535,1,pelvis,midstance,0.9305,-0.1443,-0.2996,7.0190,20.7520,-5.5542,t005,diego
56865191,335551,1,pelvis,midstance,0.9387,-0.1230,-0.2694,1.2817,20.8740,-3.1128,t005,diego
56865230,335566,1,pelvis,midstance,0.9325,-0.0984,-0.2750,-5.4932,22.0337,2.3193,t005,diego
56865230,335582,1,pelvis,midstance,0.9272,-0.0286,-0.2961,-5.0659,22.8882,3.0518,t005,diego
56865267,335597,1,pelvis,midstance,0.9351,-0.0289,-0.3058,-0.5493,22.8271,1.1597,t005,diego
56865267,335613,1,pelvis,midstance,0.9413,-0.0439,-0.3273,3.2349,22.5220,-2.6245,t005,diego
56865269,335628,1,pelvis,midstance,0.9158,-0.0690,-0.3683,3.3569,21.2402,-4.0894,t005,diego
56865308,335644,1,pelvis,midstance,0.8879,-0.0789,-0.3831,3.1738,19.9585,-6.1035,t005,diego
56865309,335659,1,pelvis,midstance,0.8680,-0.0917,-0.4108,3.4180,20.1416,-7.2632,t005,diego
56865346,335675,1,pelvis,midstance,0.8701,-0.1029,-0.4155,-1.5259,21.1792,-5.3101,t005,diego
56865346,335690,1,pelvis,midstance,0.8793,-0.0824,-0.4158,-4.8218,22.2778,-3.2959,t005,diego
56865348,335706,1,pelvis,terminal,0.8862,-0.0583,-0.4193,-6.3477,23.9258,-3.2349,t005,diego
56865388,335722,1,pelvis,terminal,0.8882,-0.0626,-0.4169,-4.5166,24.0478,-3.6621,t005,diego
56865389,335737,1,pelvis,terminal,0.8790,-0.0822,-0.3964,-4.0283,23.9868,-3.1738,t005,diego
56865397,335753,1,pelvis,terminal,0.8680,-0.0858,-0.3820,-4.5166,24.8413,-1.2817,t005,diego
56865425,335769,1,pelvis,terminal,0.8512,-0.0614,-0.3585,-4.8828,26.1841,0.2441,t005,diego
56865426,335784,1,pelvis,terminal,0.8671,-0.0420,-0.3643,-7.5684,29.9683,3.2959,t005,diego
56865465,335800,1,pelvis,terminal,0.9208,-0.0250,-0.4105,-12.0850,30.3345,5.1270,t005,diego
56865465,335815,1,pelvis,terminal,0.9443,-0.0341,-0.4435,-14.3433,29.7241,4.6997,t005,diego
56865500,335831,1,pelvis,terminal,0.9427,-0.0476,-0.4415,-21.8506,28.1982,2.6855,t005,diego
56865500,335846,1,pelvis,terminal,0.9247,-0.0371,-0.4253,-25.0854,27.5269,1.9531,t005,diego
56865500,335862,1,pelvis,terminal,0.9177,-0.0148,-0.4164,-26.3672,26.3062,0.9155,t005,diego
56865541,335877,1,pelvis,terminal,0.9270,0.0029,-0.4226,-25.6958,26.2451,0.0000,t005,diego
56865541,335893,1,pelvis,terminal,0.9261,-0.0557,-0.4429,-21.4233,25.2075,-4.5166,t005,diego
56865577,335908,1,pelvis,terminal,0.9238,-0.0933,-0.4575,-17.2729,23.2544,-8.6670,t005,diego
56865579,335924,1,pelvis,terminal,0.9332,-0.1550,-0.4824,-17.1509,21.4233,-10.3760,t005,diego
56865579,335940,1,pelvis,terminal,0.9344,-0.1899,-0.4838,-18.4937,17.6392,-14.0381,t005,diego
56865619,335955,1,pelvis,terminal,0.9312,-0.2579,-0.4771,-19.8975,16.2354,-15.3198,t005,diego
56865620,335971,1,pelvis,terminal,0.9408,-0.2709,-0.4702,-22.7051,12.8174,-15.2588,t005,diego
56865656,335987,1,pelvis,terminal,0.9286,-0.2401,-0.4526,-23.2544,10.4980,-13.8550,t005,diego
56865658,336002,1,pelvis,terminal,0.8823,-0.2179,-0.4271,-23.3154,6.2866,-10.8032,t005,diego
56865658,336018,1,pelvis,terminal,0.8914,-0.2213,-0.4219,-20.6299,3.2959,-9.9487,t005,diego
56865699,336033,1,pelvis,terminal,0.9520,-0.2526,-0.4397,-17.3950,2.0142,-12.0239,t005,diego
56865699,336049,1,pelvis,terminal,0.9525,-0.2683,-0.4329,-12.5732,-4.0283,-16.7847,t005,diego
56865735,336065,1,pelvis,terminal,0.9069,-0.2623,-0.3104,-12.2070,-7.7515,-16.6016,t005,diego
56865737,336081,1,pelvis,terminal,0.8429,-0.2271,-0.2924,-14.2212,-10.4980,-16.1743,t005,diego
56865738,336096,1,pelvis,terminal,0.7561,-0.2289,-0.3890,-37.1704,-5.5542,-15.5029,t005,diego
56865777,336112,1,pelvis,terminal,0.7867,-0.3788,-0.4061,-39.4897,-2.2583,-18.0664,t005,diego
56865778,336128,1,pelvis,terminal,0.8301,-0.4021,-0.3993,-33.2031,-2.7466,-17.9443,t005,diego
56865816,336144,1,pelvis,terminal,0.8341,-0.3062,-0.4432,-36.3159,-3.3569,-14.8926,t005,diego
56865818,336159,1,pelvis,terminal,0.8492,-0.2499,-0.4403,-41.3818,-5.8594,-11.0474,t005,diego
56865818,336175,1,pelvis,terminal,0.8630,-0.2446,-0.4191,-43.0908,-12.8784,-8.3008,t005,diego
56865858,336191,1,pelvis,terminal,0.8823,-0.2240,-0.3809,-44.3115,-16.2354,-6.7749,t005,diego
56865858,336206,1,pelvis,terminal,0.8925,-0.2180,-0.3629,-42.9687,-21.6675,-4.4556,t005,diego
56865882,336222,1,pelvis,terminal,0.9098,-0.2029,-0.3296,-41.3818,-23.6206,-3.2349,t005,diego
56865895,336238,1,pelvis,terminal,0.9325,-0.1908,-0.3276,-40.0391,-27.4048,-2.6855,t005,diego
56865896,336253,1,pelvis,swing,0.9572,-0.2010,-0.2920,-33.9966,-36.0718,-3.7842,t005,diego
56865941,336269,1,pelvis,swing,0.8961,-0.2123,-0.2717,-29.1138,-37.9639,-4.1504,t005,diego
56865941,336285,1,pelvis,swing,0.8928,-0.2187,-0.2864,-22.9492,-33.2642,-5.3101,t005,diego
56865942,336301,1,pelvis,swing,0.9915,-0.2189,-0.3810,-22.5220,-32.4097,-5.8594,t005,diego
56865980,336316,1,pelvis,swing,1.0419,-0.2323,-0.4691,-27.8320,-42.4194,-8.4839,t005,diego
56865982,336332,1,pelvis,swing,1.0001,-0.3016,-0.4817,-32.0435,-50.1709,-10.3760,t005,diego
56866022,336348,1,pelvis,swing,0.9955,-0.2797,-0.4125,-34.1187,-60.1196,-12.1460,t005,diego
56866023,336363,1,pelvis,swing,1.0054,-0.2651,-0.3710,-28.3203,-65.4907,-8.3618,t005,diego
56866023,336379,1,pelvis,swing,1.0214,-0.2631,-0.2943,-24.7192,-66.4673,-2.0752,t005,diego
56866059,336395,1,pelvis,swing,1.0300,-0.2433,-0.2738,-16.3574,-68.0542,9.9487,t005,diego
56866061,336410,1,pelvis,swing,1.0398,-0.2145,-0.2581,-9.6436,-69.5190,11.5967,t005,diego
56866101,336426,1,pelvis,swing,1.0178,-0.2385,-0.2445,8.1177,-70.1904,7.7515,t005,diego
56866102,336441,1,pelvis,swing,0.9780,-0.2767,-0.2305,25.6958,-63.1714,6.5308,t005,diego
56866102,336457,1,pelvis,swing,0.9612,-0.3440,-0.2272,29.6631,-59.6313,5.5542,t005,diego
56866138,336472,1,pelvis,swing,1.0000,-0.3793,-0.2429,24.0478,-60.6079,0.9155,t005,diego
56866141,336488,1,pelvis,swing,1.0031,-0.3937,-0.2902,20.5688,-62.0117,0.2441,t005,diego
56866141,336503,1,pelvis,swing,0.9646,-0.3698,-0.2993,18.1885,-59.7534,1.6479,t005,diego
56866180,336519,1,pelvis,swing,0.9155,-0.3232,-0.2762,14.5264,-58.2275,1.7090,t005,diego
56866181,336534,1,pelvis,swing,0.8898,-0.3622,-0.3011,4.3335,-53.8940,0.5493,t005,diego
56866217,336550,1,pelvis,swing,0.8853,-0.3750,-0.3125,-7.0801,-49.7436,2.5024,t005,diego
56866219,336566,1,pelvis,swing,0.9063,-0.3695,-0.3381,-12.6343,-47.9126,3.9673,t005,diego
56866219,336581,1,pelvis,swing,0.9160,-0.3597,-0.3389,-21.4844,-48.0347,6.9580,t005,diego
56866258,336597,1,pelvis,swing,0.9089,-0.3074,-0.3231,-24.2310,-48.9502,7.6904,t005,diego
56866258,336612,1,pelvis,swing,0.9015,-0.2745,-0.3065,-24.4751,-50.6592,6.8970,t005,diego
56866295,336628,1,pelvis,swing,0.9036,-0.2273,-0.2838,-23.0713,-51.4526,6.2256,t005,diego
56866296,336643,1,pelvis,swing,0.9037,-0.1906,-0.2794,-18.9819,-53.5278,4.0894,t005,diego
56866297,336659,1,pelvis,swing,0.8949,-0.1920,-0.2825,-11.6577,-55.9692,-0.3052,t005,diego
56866334,336675,1,pelvis,swing,0.8560,-0.2128,-0.2814,-7.8735,-56.7627,-1.8311,t005,diego
56866335,336691,1,pelvis,swing,0.8402,-0.2189,-0.2812,-2.4414,-57.1899,-2.2583,t005,diego
56866370,336706,1,pelvis,swing,0.8302,-0.1980,-0.2731,-0.8545,-56.8848,-1.8311,t005,diego
56866372,336722,1,pelvis,swing,0.8193,-0.1666,-0.2499,3.4180,-54.8096,-0.9766,t005,diego
56866411,336738,1,pelvis,swing,0.8036,-0.1660,-0.2313,9.7656,-51.2085,-0.1831,t005,diego
56866411,336753,1,pelvis,swing,0.7883,-0.1866,-0.1973,13.2446,-49.4995,0.1831,t005,diego
56866412,336769,1,pelvis,swing,0.7852,-0.2039,-0.1803,19.8364,-47.0581,-0.3662,t005,diego
56866447,336785,1,pelvis,swing,0.7937,-0.2441,-0.1542,22.0337,-46.3867,-0.8545,t005,diego
56866450,336800,1,pelvis,swing,0.7902,-0.2887,-0.1322,23.1323,-44.3726,-0.3052,t005,diego
56866488,336816,1,pelvis,swing,0.7837,-0.3068,-0.1279,18.7378,-39.3066,0.7935,t005,diego
56866488,336831,1,pelvis,swing,0.8000,-0.3049,-0.1113,15.4419,-36.7432,1.7700,t005,diego
56866489,336847,1,pelvis,swing,0.8181,-0.2942,-0.0929,13.0615,-32.7148,4.3335,t005,diego
56866525,336862,1,pelvis,swing,0.8193,-0.2872,-0.0344,12.9395,-30.3955,4.7607,t005,diego
56866527,336878,1,pelvis,swing,0.8170,-0.2920,-0.0177,12.6343,-24.2920,4.8828,t005,diego
56866565,336893,1,pelvis,swing,0.8434,-0.2936,-0.0061,12.2070,-21.0571,5.2490,t005,diego
56866566,336909,1,pelvis,swing,0.8837,-0.2955,-0.0173,11.2915,-12.8174,7.5073,t005,diego
56866566,336924,1,pelvis,swing,0.9077,-0.3011,-0.0192,10.7422,-6.8970,12.0850,t005,diego
56866602,336940,1,pelvis,swing,0.9166,-0.2657,0.0336,13.1226,-3.9673,15.0757,t005,diego
56866604,336955,1,pelvis,swing,0.9395,-0.2565,0.0305,19.1650,2.8687,18.7378,t005,diego
56866643,336971,1,pelvis,swing,0.9160,-0.2776,-0.0283,18.6157,5.6763,19.1040,t005,diego
56866643,336986,1,pelvis,swing,0.9269,-0.2703,-0.0023,13.7329,4.9438,19.5313,t005,diego
56866643,337001,1,pelvis,swing,0.8889,-0.3103,-0.0278,11.9629,4.3945,18.5547,t005,diego
56866679,337017,1,pelvis,swing,0.8640,-0.3213,-0.0151,14.7095,7.4463,19.4702,t005,diego
56866680,337032,1,pelvis,swing,0.9355,-0.2749,0.0522,16.0522,8.1787,21.1182,t005,diego
56866705,337048,1,pelvis,swing,0.9811,-0.1588,0.1167,21.6675,6.1646,23.1934,t005,diego
56866720,337063,1,pelvis,swing,1.0199,-0.0719,0.1223,47.0581,11.4746,28.7476,t005,diego
56866720,337079,1,pelvis,swing,1.1158,-0.0498,0.1268,68.7866,12.5122,26.6113,t005,diego
56866758,337094,1,pelvis,swing,1.1589,-0.1005,0.1797,114.3799,3.4180,9.2773,t005,diego
56866758,337109,1,pelvis,swing,1.0399,-0.1954,0.3962,134.0332,-2.2583,2.0752,t005,diego
56866796,337125,1,pelvis,swing,0.8994,-0.2598,0.4492,153.5645,-4.9438,-11.5356,t005,diego
56866796,337140,1,pelvis,swing,0.8253,-0.4572,0.5045,145.8740,-0.0610,-16.6626,t005,diego
56866797,337156,1,pelvis,swing,0.9674,-0.5837,0.4619,101.8677,13.7939,-15.7471,t005,diego
56866831,337171,1,pelvis,swing,0.9193,-0.5862,0.2631,39.4287,31.7383,-1.0986,t005,diego
56866833,337187,1,pelvis,swing,0.9403,-0.5984,0.0752,15.8081,44.1284,7.2632,t005,diego
56866873,337202,1,pelvis,swing,1.1136,-0.6591,0.1648,-11.0474,43.7012,6.5308,t005,diego
56866873,337218,1,pelvis,swing,1.3455,-0.6089,0.1973,-3.7231,31.7993,-1.5259,t005,diego
56866874,337233,1,pelvis,swing,1.3464,-0.4791,0.1282,36.1328,15.0146,1.6479,t005,diego
56866908,337249,1,pelvis,swing,1.0226,-0.1659,-0.0901,44.8608,15.9302,18.6157,t005,diego
56866910,337264,1,pelvis,swing,0.8409,-0.0978,-0.4509,29.1748,33.3862,40.1611,t005,diego
56866951,337280,1,pelvis,swing,0.8192,-0.1311,-0.5422,3.9673,32.1045,33.9966,t005,diego
56866951,337295,1,pelvis,swing,0.7775,-0.1277,-0.5070,-5.6763,25.9399,31.1890,t005,diego
56866952,337310,1,pelvis,swing,0.8042,-0.0894,-0.4495,-16.7236,20.0195,32.7148,t005,diego
56866987,337326,1,pelvis,swing,0.9263,-0.0522,-0.3702,-15.5029,22.3999,32.5928,t005,diego
56866989,337341,1,pelvis,swing,0.9540,-0.0686,-0.3448,-3.6621,30.4565,25.2686,t005,diego
56867030,337357,1,pelvis,swing,0.9159,-0.1490,-0.2588,1.0376,33.3252,20.3857,t005,diego
56867031,337373,1,pelvis,swing,0.9233,-0.1027,-0.2104,5.1880,36.3770,16.2964,t005,diego
56867031,337388,1,pelvis,swing,0.9630,-0.0500,-0.2007,23.0103,33.9966,15.9302,t005,diego
56867069,337403,1,pelvis,swing,0.9740,-0.0704,-0.1534,29.4800,33.1421,14.5874,t005,diego
56867070,337419,1,pelvis,swing,0.9565,-0.0942,-0.1256,35.9497,33.1421,9.9487,t005,diego
56867095,337434,1,pelvis,swing,0.9670,-0.1388,-0.1246,35.5835,33.8745,8.7280,t005,diego
56867105,337450,1,pelvis,swing,0.9774,-0.1573,-0.1493,22.9492,35.8887,9.8267,t005,diego
56867110,337465,1,pelvis,swing,0.9740,-0.1350,-0.1794,14.0991,36.5601,10.8032,t005,diego
56867148,337480,1,pelvis,swing,0.9724,-0.1080,-0.1775,2.6855,35.2173,12.4512,t005,diego
