timestamp_pc_ms,timestamp_arduino_ms,sensor_id,placement,phase,ax,ay,az,gx,gy,gz,trial_id,subject_id
2528924913,1919101,2,tobillo,loading,-0.1677,0.9653,0.0337,-0.0610,0.3052,-0.1831,t002,FIJTB
2528924914,1919117,2,tobillo,loading,-0.1681,0.9639,0.0352,0.1831,0.2441,-0.4883,t002,FIJTB
2528924966,1919133,2,tobillo,loading,-0.1655,0.9622,0.0349,0.1221,0.3052,-0.7324,t002,FIJTB
2528924967,1919148,2,tobillo,loading,-0.1669,0.9626,0.0330,-0.0610,0.4272,-0.6714,t002,FIJTB
2528924967,1919164,2,tobillo,loading,-0.1692,0.9655,0.0328,-0.0610,0.5493,-0.7935,t002,FIJTB
2528925022,1919180,2,tobillo,loading,-0.1670,0.9651,0.0339,0.0000,0.3052,-1.0986,t002,FIJTB
2528925023,1919196,2,tobillo,loading,-0.1635,0.9622,0.0348,0.0000,0.2441,-1.0986,t002,FIJTB
2528925023,1919212,2,tobillo,loading,-0.1649,0.9634,0.0345,-0.1831,0.5493,-0.9766,t002,FIJTB
2528925023,1919228,2,tobillo,loading,-0.1639,0.9633,0.0327,-0.1831,0.8545,-1.1597,t002,FIJTB
2528925074,1919243,2,tobillo,loading,-0.1635,0.9628,0.0287,0.1221,1.2207,-1.4038,t002,FIJTB
2528925077,1919259,2,tobillo,loading,-0.1613,0.9656,0.0320,0.3662,1.0376,-1.3428,t002,FIJTB
2528925077,1919275,2,tobillo,loading,-0.1581,0.9683,0.0338,0.4883,0.8545,-1.0986,t002,FIJTB
2528925131,1919291,2,tobillo,loading,-0.1620,0.9678,0.0310,0.4272,0.3052,-0.6104,t002,FIJTB
2528925132,1919307,2,tobillo,loading,-0.1637,0.9667,0.0308,0.4272,0.2441,-0.6104,t002,FIJTB
2528925132,1919323,2,tobillo,loading,-0.1624,0.9663,0.0311,0.7324,0.3052,-0.5493,t002,FIJTB
2528925183,1919338,2,tobillo,loading,-0.1621,0.9663,0.0305,0.9766,0.0610,-0.3662,t002,FIJTB
2528925185,1919354,2,tobillo,loading,-0.1616,0.9653,0.0327,1.0376,-0.0610,-0.3052,t002,FIJTB
2528925186,1919370,2,tobillo,loading,-0.1613,0.9652,0.0350,1.0986,-0.1831,-0.3052,t002,FIJTB
2528925186,1919386,2,tobillo,loading,-0.1613,0.9630,0.0353,1.0376,-0.1831,-0.2441,t002,FIJTB
2528925241,1919402,2,tobillo,loading,-0.1571,0.9613,0.0331,0.9766,-0.1831,-0.0610,t002,FIJTB
2528925242,1919417,2,tobillo,loading,-0.1547,0.9609,0.0261,0.1831,-1.5259,3.2349,t002,FIJTB
2528925242,1919433,2,tobillo,loading,-0.2034,0.9512,0.0168,-0.8545,-2.0752,5.9204,t002,FIJTB
2528925293,1919449,2,tobillo,loading,-0.1738,0.9606,0.0361,-2.5635,5.1880,7.0190,t002,FIJTB
2528925293,1919465,2,tobillo,loading,-0.1154,0.9573,0.0408,-1.7700,8.6060,6.2256,t002,FIJTB
2528925295,1919481,2,tobillo,loading,-0.1475,0.9714,0.0420,-0.9155,5.0049,4.8828,t002,FIJTB
2528925295,1919497,2,tobillo,loading,-0.1714,0.9725,0.0468,0.4272,1.2207,2.3193,t002,FIJTB
2528925351,1919513,2,tobillo,loading,-0.1736,0.9601,0.0358,0.3052,1.0376,1.5869,t002,FIJTB
2528925351,1919528,2,tobillo,loading,-0.1798,0.9673,0.0347,0.1831,-0.3662,-0.0610,t002,FIJTB
2528925352,1919544,2,tobillo,loading,-0.1760,0.9670,0.0349,1.4038,0.2441,-1.4648,t002,FIJTB
2528925404,1919560,2,tobillo,loading,-0.1664,0.9735,0.0271,1.5869,0.7935,-1.5259,t002,FIJTB
2528925406,1919576,2,tobillo,loading,-0.1761,0.9722,0.0222,2.1973,1.5259,-0.7935,t002,FIJTB
2528925406,1919592,2,tobillo,loading,-0.1691,0.9738,0.0227,3.0518,1.7090,-1.0986,t002,FIJTB
2528925406,1919608,2,tobillo,loading,-0.1631,0.9709,0.0280,5.2490,0.2441,-1.2817,t002,FIJTB
2528925462,1919624,2,tobillo,loading,-0.1708,0.9707,0.0310,6.1646,-1.1597,-1.0986,t002,FIJTB
2528925463,1919640,2,tobillo,loading,-0.1814,0.9662,0.0382,6.2256,-0.6714,-1.0376,t002,FIJTB
2528925463,1919656,2,tobillo,loading,-0.1814,0.9650,0.0398,6.1035,1.2207,-1.2817,t002,FIJTB
2528925514,1919672,2,tobillo,loading,-0.1781,0.9677,0.0421,6.2256,2.0752,-1.5869,t002,FIJTB
2528925516,1919687,2,tobillo,loading,-0.1808,0.9650,0.0438,6.4697,3.2349,-2.4414,t002,FIJTB
2528925517,1919703,2,tobillo,loading,-0.1842,0.9652,0.0444,6.7139,3.8452,-4.1504,t002,FIJTB
2528925517,1919719,2,tobillo,loading,-0.1902,0.9648,0.0482,6.8970,4.2725,-5.2490,t002,FIJTB
2528925573,1919735,2,tobillo,loading,-0.1908,0.9642,0.0521,6.8970,5.4321,-8.1177,t002,FIJTB
2528925573,1919751,2,tobillo,loading,-0.1882,0.9572,0.0626,6.4087,6.2256,-9.4604,t002,FIJTB
2528925574,1919766,2,tobillo,loading,-0.1904,0.9553,0.0682,4.7607,8.6670,-12.6953,t002,FIJTB
2528925625,1919782,2,tobillo,loading,-0.1936,0.9542,0.0707,2.5024,11.2305,-17.0288,t002,FIJTB
2528925627,1919798,2,tobillo,loading,-0.2123,0.9551,0.0813,0.4883,12.6953,-19.7144,t002,FIJTB
2528925628,1919814,2,tobillo,loading,-0.2367,0.9625,0.0852,-5.2490,15.9912,-26.4282,t002,FIJTB
2528925629,1919830,2,tobillo,loading,-0.2451,0.9967,0.0640,-7.8125,19.5313,-36.0718,t002,FIJTB
2528925683,1919846,2,tobillo,loading,-0.1357,1.0039,0.0613,-6.4087,20.6299,-40.7104,t002,FIJTB
2528925683,1919862,2,tobillo,loading,-0.0970,0.9907,0.0519,-5.7373,16.0522,-42.1753,t002,FIJTB
2528925684,1919878,2,tobillo,loading,-0.0634,0.9786,0.0361,-6.7139,12.8174,-40.3442,t002,FIJTB
2528925735,1919894,2,tobillo,loading,-0.0261,0.9912,0.0370,-6.4697,6.1646,-36.2549,t002,FIJTB
2528925735,1919910,2,tobillo,loading,-0.0186,0.9940,0.0377,-3.2959,0.2441,-32.8979,t002,FIJTB
2528925738,1919926,2,tobillo,loading,-0.0527,0.9873,0.0419,-2.1362,-2.8687,-30.8838,t002,FIJTB
2528925739,1919942,2,tobillo,loading,-0.0718,0.9939,0.0363,-0.5493,-6.5918,-29.4800,t002,FIJTB
2528925794,1919958,2,tobillo,loading,-0.1621,1.0028,0.0006,-7.2632,-7.0190,-28.2593,t002,FIJTB
2528925794,1919974,2,tobillo,loading,-0.1560,1.0134,0.0402,-15.9302,-5.2490,-24.2310,t002,FIJTB
2528925794,1919990,2,tobillo,loading,-0.0189,1.0553,0.0861,-17.2119,0.3052,-23.1934,t002,FIJTB
2528925848,1920006,2,tobillo,loading,0.0133,1.1190,0.0679,-9.7656,-3.8452,-26.9165,t002,FIJTB
2528925849,1920022,2,tobillo,loading,-0.1547,1.0659,-0.0336,5.4932,-13.9770,-35.6445,t002,FIJTB
2528925850,1920038,2,tobillo,loading,-0.1869,1.0287,-0.0756,7.8125,-8.4839,-41.3818,t002,FIJTB
2528925850,1920055,2,tobillo,loading,-0.1879,0.9946,-0.1205,4.0283,-4.5776,-42.5415,t002,FIJTB
2528925908,1920071,2,tobillo,loading,-0.1891,1.0193,-0.1102,-6.5918,2.3193,-36.2549,t002,FIJTB
2528925909,1920087,2,tobillo,loading,-0.2064,0.9594,-0.0131,-5.9204,8.6060,-30.2734,t002,FIJTB
2528925909,1920103,2,tobillo,loading,-0.5848,0.7701,0.0248,-3.9062,4.8218,-19.6533,t002,FIJTB
2528925963,1920119,2,tobillo,loading,-0.7084,0.7250,0.0164,-12.9395,10.2539,6.4087,t002,FIJTB
2528925966,1920134,2,tobillo,loading,-0.5588,0.7776,0.0239,-18.9819,24.2920,19.8364,t002,FIJTB
2528925966,1920150,2,tobillo,loading,-0.5126,0.7948,0.0706,-22.5830,29.4189,47.0581,t002,FIJTB
2528925966,1920166,2,tobillo,loading,-0.4854,0.8314,0.0840,-19.6533,15.9302,59.3262,t002,FIJTB
2528926024,1920182,2,tobillo,loading,-0.4329,0.9116,0.0807,-16.8457,10.5591,66.2231,t002,FIJTB
2528926025,1920198,2,tobillo,loading,-0.4229,0.9333,0.1008,-9.0942,1.4038,79.7729,t002,FIJTB
2528926026,1920214,2,tobillo,loading,-0.3694,0.9781,0.1703,-3.9673,-1.8921,81.9702,t002,FIJTB
2528926026,1920230,2,tobillo,loading,-0.3035,1.0212,0.1726,4.5166,-5.6763,83.8623,t002,FIJTB
2528926080,1920245,2,tobillo,loading,-0.2878,1.0293,0.1730,8.3618,-2.5024,88.9893,t002,FIJTB
2528926081,1920261,2,tobillo,loading,-0.2711,1.0610,0.1725,10.2539,0.4272,91.3696,t002,FIJTB
2528926082,1920277,2,tobillo,loading,-0.2664,1.0605,0.1577,14.5874,6.2256,93.1396,t002,FIJTB
2528926140,1920293,2,tobillo,loading,-0.2933,1.0251,0.1183,15.5029,10.3760,92.4072,t002,FIJTB
2528926140,1920309,2,tobillo,loading,-0.2841,1.0410,0.0985,13.9770,21.6675,92.4683,t002,FIJTB
2528926141,1920324,2,tobillo,loading,-0.2516,1.0535,0.0811,15.3809,34.0576,94.9707,t002,FIJTB
2528926141,1920340,2,tobillo,loading,-0.2577,1.0364,0.0602,16.6626,38.6963,95.7031,t002,FIJTB
2528926194,1920356,2,tobillo,loading,-0.2938,1.0222,0.0679,16.5405,44.8608,93.8721,t002,FIJTB
2528926196,1920372,2,tobillo,loading,-0.3026,1.0402,0.0839,15.3198,47.5464,91.4917,t002,FIJTB
2528926196,1920387,2,tobillo,loading,-0.2802,1.0514,0.1050,15.4419,50.1099,84.8389,t002,FIJTB
2528926218,1920403,2,tobillo,loading,-0.2826,1.0387,0.1061,16.9067,49.2554,78.1250,t002,FIJTB
2528926254,1920419,2,tobillo,loading,-0.2576,1.0043,0.0704,17.8833,49.9878,75.6226,t002,FIJTB
2528926254,1920435,2,tobillo,loading,-0.2390,0.9896,0.0370,20.6909,47.5464,72.8149,t002,FIJTB
2528926255,1920450,2,tobillo,loading,-0.2604,0.9347,0.0260,22.5220,43.6401,72.6318,t002,FIJTB
2528926307,1920466,2,tobillo,loading,-0.3407,0.8820,0.0592,24.9634,35.0342,68.8477,t002,FIJTB
2528926310,1920482,2,tobillo,loading,-0.3497,0.8785,0.0709,23.1934,26.7334,63.7817,t002,FIJTB
2528926310,1920498,2,tobillo,loading,-0.2938,0.8767,0.0564,22.4609,21.5454,61.3403,t002,FIJTB
2528926310,1920514,2,tobillo,loading,-0.2659,0.8760,0.0349,21.5454,7.6904,54.9316,t002,FIJTB
2528926367,1920529,2,tobillo,loading,-0.2640,0.8540,0.0233,21.1182,1.4038,51.9409,t002,FIJTB
2528926367,1920545,2,tobillo,loading,-0.2972,0.8168,0.0411,19.2871,-8.0566,45.9595,t002,FIJTB
2528926368,1920561,2,tobillo,loading,-0.2924,0.8069,0.0316,14.9536,-13.5498,37.4756,t002,FIJTB
2528926422,1920577,2,tobillo,loading,-0.2277,0.8141,-0.0017,11.7798,-15.0146,33.2642,t002,FIJTB
2528926423,1920593,2,tobillo,loading,-0.1969,0.8152,-0.0006,6.1646,-15.9912,26.1841,t002,FIJTB
2528926423,1920609,2,tobillo,loading,-0.1974,0.8011,0.0166,1.1597,-15.4419,18.6768,t002,FIJTB
2528926424,1920625,2,tobillo,loading,-0.2289,0.7988,0.0165,-2.0752,-12.8784,13.2446,t002,FIJTB
2528926481,1920641,2,tobillo,loading,-0.2273,0.8107,0.0215,-9.2163,-2.2583,-0.0610,t002,FIJTB
2528926482,1920657,2,tobillo,loading,-0.2030,0.8265,0.0552,-12.7563,5.3101,-6.8359,t002,FIJTB
2528926483,1920673,2,tobillo,loading,-0.1193,0.8274,0.0854,-19.9585,22.8271,-18.9209,t002,FIJTB
2528926531,1920689,2,tobillo,loading,-0.0813,0.8429,0.1031,-26.0620,37.9639,-32.1045,t002,FIJTB
2528926536,1920705,2,tobillo,loading,-0.1200,0.9050,0.1169,-28.1372,40.5273,-40.3442,t002,FIJTB
2528926538,1920721,2,tobillo,loading,-0.1449,0.9462,0.0858,-29.4189,40.4663,-56.5186,t002,FIJTB
2528926539,1920737,2,tobillo,loading,-0.1702,0.9564,0.0273,-34.1187,35.5835,-66.4063,t002,FIJTB
2528926596,1920753,2,tobillo,loading,-0.7372,1.0011,0.3113,-36.9263,21.8506,-62.9883,t002,FIJTB
2528926597,1920770,2,tobillo,loading,-0.9421,0.9089,0.3542,-16.1133,-16.5405,-46.5088,t002,FIJTB
2528926597,1920786,2,tobillo,loading,-0.5128,0.9139,0.1418,-17.4561,-14.8315,-58.8989,t002,FIJTB
2528926597,1920802,2,tobillo,loading,-0.3510,1.2900,0.2378,-37.7808,-5.9204,-61.1572,t002,FIJTB
2528926650,1920818,2,tobillo,loading,-0.3650,1.3298,0.2599,-50.0488,-14.0991,-83.2519,t002,FIJTB
2528926652,1920834,2,tobillo,loading,-0.1394,1.1422,-0.0049,-51.3916,-0.3662,-98.2666,t002,FIJTB
2528926652,1920850,2,tobillo,loading,-0.2850,0.8977,-0.1001,-48.7061,20.8740,-71.7163,t002,FIJTB
2528926709,1920867,2,tobillo,loading,-0.3403,0.9169,-0.1134,-41.3208,29.1138,-52.1240,t002,FIJTB
2528926710,1920883,2,tobillo,loading,-0.2828,1.0015,-0.1289,-36.3159,34.6680,-49.8047,t002,FIJTB
2528926711,1920899,2,tobillo,loading,-0.2362,1.0416,-0.1311,-28.4424,34.4849,-44.3115,t002,FIJTB
2528926711,1920915,2,tobillo,loading,-0.1702,1.0941,-0.0381,-11.3525,21.7285,-44.7388,t002,FIJTB
2528926763,1920931,2,tobillo,loading,-0.2325,0.9138,0.0323,-5.5542,14.5264,-45.4102,t002,FIJTB
2528926766,1920947,2,tobillo,loading,-0.2388,0.9156,0.0448,-8.7280,11.5967,-40.2832,t002,FIJTB
2528926767,1920963,2,tobillo,loading,-0.2091,0.9542,0.0647,-10.9863,12.8174,-36.6821,t002,FIJTB
2528926823,1920979,2,tobillo,loading,-0.2051,1.0007,0.0275,-14.8926,14.8926,-31.1279,t002,FIJTB
2528926824,1920995,2,tobillo,loading,-0.2311,1.0013,0.0037,-13.9770,18.3716,-31.4331,t002,FIJTB
2528926824,1921011,2,tobillo,loading,-0.2666,0.9382,-0.0227,-8.7891,18.9819,-31.9824,t002,FIJTB
2528926824,1921027,2,tobillo,loading,-0.2209,0.9453,-0.0251,0.5493,16.9067,-30.8228,t002,FIJTB
2528926878,1921043,2,tobillo,loading,-0.1300,0.9807,0.0040,-2.0142,9.7656,-23.6816,t002,FIJTB
2528926880,1921059,2,tobillo,loading,-0.1460,0.9573,0.0503,-4.0283,5.6763,-18.9819,t002,FIJTB
2528926880,1921075,2,tobillo,loading,-0.1543,0.9528,0.0619,-6.2866,1.2207,-11.4136,t002,FIJTB
2528926938,1921091,2,tobillo,loading,-0.1826,0.9478,0.0359,-7.9346,0.1831,-8.4839,t002,FIJTB
2528926938,1921107,2,tobillo,loading,-0.2301,0.9500,0.0393,-13.1836,-6.1035,-6.4087,t002,FIJTB
2528926938,1921123,2,tobillo,loading,-0.2290,0.9523,0.0350,-14.7095,-9.0332,-9.2163,t002,FIJTB
2528926939,1921140,2,tobillo,loading,-0.2057,0.9559,0.0231,-14.2212,-10.1318,-9.7656,t002,FIJTB
2528926993,1921155,2,tobillo,midstance,-0.1945,0.9639,0.0099,-13.3667,-15.8691,-10.6201,t002,FIJTB
2528926995,1921172,2,tobillo,midstance,-0.1799,0.9630,0.0068,-11.9019,-17.0288,-11.2915,t002,FIJTB
2528926996,1921188,2,tobillo,midstance,-0.1855,0.9606,0.0029,-10.5591,-14.5874,-11.5967,t002,FIJTB
2528927054,1921204,2,tobillo,midstance,-0.1846,0.9547,-0.0101,-6.8359,-8.9111,-12.3901,t002,FIJTB
2528927055,1921220,2,tobillo,midstance,-0.1578,0.9705,-0.0226,-6.6528,-7.6294,-11.7187,t002,FIJTB
2528927055,1921236,2,tobillo,midstance,-0.1422,0.9701,-0.0062,-10.6812,-8.8501,-8.6060,t002,FIJTB
2528927055,1921252,2,tobillo,midstance,-0.1489,0.9661,-0.0088,-12.1460,-11.1694,-3.6011,t002,FIJTB
2528927112,1921269,2,tobillo,midstance,-0.1667,0.9562,-0.0251,-11.4136,-10.4980,-1.9531,t002,FIJTB
2528927112,1921285,2,tobillo,midstance,-0.1689,0.9683,-0.0210,-10.0098,-7.3853,-1.2207,t002,FIJTB
2528927113,1921301,2,tobillo,midstance,-0.1797,0.9683,-0.0238,-10.3149,-4.2725,-0.9766,t002,FIJTB
2528927113,1921317,2,tobillo,midstance,-0.1864,0.9591,-0.0275,-9.7046,-2.0752,-1.4038,t002,FIJTB
2528927173,1921333,2,tobillo,midstance,-0.1721,0.9556,-0.0190,-8.9111,1.3428,-1.9531,t002,FIJTB
2528927174,1921349,2,tobillo,midstance,-0.1661,0.9675,-0.0309,-10.1929,-0.1221,-0.3052,t002,FIJTB
2528927174,1921365,2,tobillo,midstance,-0.1803,0.9658,-0.0507,-9.0942,-1.4648,-0.1221,t002,FIJTB
2528927231,1921381,2,tobillo,midstance,-0.1826,0.9741,-0.0553,-6.7139,-0.6714,-0.9766,t002,FIJTB
2528927232,1921398,2,tobillo,midstance,-0.1940,0.9761,-0.0579,-6.5918,0.7324,-1.8311,t002,FIJTB
2528927234,1921414,2,tobillo,midstance,-0.1748,0.9666,-0.0413,-5.3711,2.8076,-4.0283,t002,FIJTB
2528927234,1921430,2,tobillo,midstance,-0.1715,0.9576,-0.0337,-5.0659,2.8076,-3.7231,t002,FIJTB
2528927293,1921446,2,tobillo,midstance,-0.1752,0.9585,-0.0342,-5.8594,1.8311,-3.4180,t002,FIJTB
2528927293,1921462,2,tobillo,midstance,-0.1837,0.9545,-0.0389,-7.9956,-1.7700,-5.1270,t002,FIJTB
2528927294,1921478,2,tobillo,midstance,-0.1866,0.9537,-0.0427,-8.4229,-3.3569,-7.1411,t002,FIJTB
2528927294,1921494,2,tobillo,midstance,-0.2097,0.9557,-0.0498,-7.3242,-2.9297,-8.0566,t002,FIJTB
2528927348,1921510,2,tobillo,midstance,-0.1984,0.9642,-0.0548,-5.9204,-0.5493,-12.6343,t002,FIJTB
2528927351,1921526,2,tobillo,midstance,-0.1586,0.9707,-0.0583,-6.5308,0.0610,-14.8926,t002,FIJTB
2528927351,1921542,2,tobillo,midstance,-0.1562,0.9684,-0.0594,-7.0190,-1.1597,-15.3809,t002,FIJTB
2528927390,1921558,2,tobillo,midstance,-0.1577,0.9677,-0.0588,-6.1646,-0.9155,-15.6250,t002,FIJTB
2528927410,1921574,2,tobillo,midstance,-0.1774,0.9663,-0.0527,-5.2490,-0.3052,-16.4185,t002,FIJTB
2528927410,1921591,2,tobillo,midstance,-0.1453,0.9590,-0.0509,-4.5166,0.6104,-19.5923,t002,FIJTB
2528927411,1921607,2,tobillo,midstance,-0.1292,0.9556,-0.0459,-6.3477,0.4272,-20.6299,t002,FIJTB
2528927465,1921623,2,tobillo,midstance,-0.1415,0.9521,-0.0443,-7.3242,0.1831,-20.1416,t002,FIJTB
2528927467,1921639,2,tobillo,midstance,-0.1493,0.9653,-0.0490,-9.8877,1.3428,-21.3013,t002,FIJTB
2528927467,1921655,2,tobillo,midstance,-0.1278,0.9795,-0.0571,-11.7798,3.4790,-24.7192,t002,FIJTB
2528927468,1921671,2,tobillo,midstance,-0.1189,0.9702,-0.0704,-12.2681,4.1504,-25.7568,t002,FIJTB
2528927526,1921687,2,tobillo,midstance,-0.1068,0.9825,-0.0800,-14.0991,5.4321,-26.3062,t002,FIJTB
2528927526,1921703,2,tobillo,midstance,-0.0991,0.9760,-0.0803,-15.0146,5.7983,-27.6489,t002,FIJTB
2528927526,1921719,2,tobillo,midstance,-0.0552,0.9758,-0.0524,-16.4185,4.2114,-29.9072,t002,FIJTB
2528927575,1921735,2,tobillo,midstance,-0.0696,0.9790,-0.0652,-20.1416,2.1362,-29.4800,t002,FIJTB
2528927579,1921751,2,tobillo,midstance,-0.1268,0.9944,-0.1127,-21.4233,2.2583,-30.1514,t002,FIJTB
2528927582,1921767,2,tobillo,midstance,-0.1432,0.9991,-0.1262,-20.7520,5.7983,-35.8276,t002,FIJTB
2528927582,1921783,2,tobillo,midstance,-0.0743,0.9978,-0.1035,-18.2495,7.8735,-42.3584,t002,FIJTB
2528927640,1921799,2,tobillo,midstance,-0.0593,1.0042,-0.0900,-18.0664,9.0332,-44.5557,t002,FIJTB
2528927640,1921815,2,tobillo,midstance,-0.0759,1.0096,-0.1001,-18.8599,9.8877,-50.2319,t002,FIJTB
2528927641,1921831,2,tobillo,midstance,-0.0303,1.0084,-0.0969,-18.8599,9.3384,-53.0395,t002,FIJTB
2528927693,1921847,2,tobillo,midstance,0.0563,1.0284,-0.0735,-20.0806,7.3853,-53.5889,t002,FIJTB
2528927694,1921863,2,tobillo,midstance,0.0049,1.0393,-0.0977,-22.8271,0.1221,-49.9878,t002,FIJTB
2528927696,1921879,2,tobillo,terminal,-0.0151,1.0372,-0.1304,-23.0103,-1.5259,-51.8799,t002,FIJTB
2528927697,1921895,2,tobillo,terminal,-0.0017,1.0286,-0.1476,-22.9492,-3.2959,-57.2510,t002,FIJTB
2528927758,1921911,2,tobillo,terminal,0.0111,1.0435,-0.1648,-22.7661,-5.7983,-58.7769,t002,FIJTB
2528927758,1921927,2,tobillo,terminal,0.0465,1.0659,-0.1442,-20.6299,-11.9019,-61.5845,t002,FIJTB
2528927759,1921943,2,tobillo,terminal,0.0637,1.0895,-0.1145,-22.8882,-21.3013,-64.2090,t002,FIJTB
2528927759,1921959,2,tobillo,terminal,0.0300,1.1365,-0.1007,-25.0244,-26.2451,-66.3452,t002,FIJTB
2528927814,1921975,2,tobillo,terminal,-0.0149,1.2109,-0.1107,-30.3955,-30.5176,-79.7119,t002,FIJTB
2528927815,1921991,2,tobillo,terminal,-0.0608,1.2198,-0.1471,-35.3394,-20.9351,-102.7222,t002,FIJTB
2528927815,1922007,2,tobillo,terminal,-0.0880,1.1863,-0.2126,-37.0483,-13.3667,-114.1357,t002,FIJTB
2528927869,1922023,2,tobillo,terminal,-0.0640,1.2004,-0.2253,-39.3677,-11.8408,-127.0142,t002,FIJTB
2528927870,1922039,2,tobillo,terminal,0.0287,1.2268,-0.2042,-45.5322,-25.5737,-125.6714,t002,FIJTB
2528927870,1922055,2,tobillo,terminal,0.0907,1.2542,-0.1273,-49.4385,-37.0483,-126.0376,t002,FIJTB
2528927871,1922071,2,tobillo,terminal,0.0741,1.2820,-0.1006,-58.6548,-62.1948,-128.3569,t002,FIJTB
2528927925,1922087,2,tobillo,terminal,-0.0165,1.2583,0.0106,-64.5752,-71.6553,-127.6855,t002,FIJTB
2528927926,1922103,2,tobillo,terminal,0.1392,1.1671,0.0502,-74.2188,-83.8623,-123.1079,t002,FIJTB
2528927926,1922119,2,tobillo,terminal,0.2366,1.0863,0.0282,-69.0308,-90.5151,-135.9253,t002,FIJTB
2528927982,1922135,2,tobillo,terminal,0.3561,1.0298,-0.1353,-60.2417,-93.0786,-150.4517,t002,FIJTB
2528927982,1922151,2,tobillo,terminal,0.3824,1.0504,-0.2347,-48.0347,-91.3696,-144.7754,t002,FIJTB
2528927983,1922167,2,tobillo,terminal,0.4266,1.0044,-0.3776,-44.6777,-85.4492,-125.7934,t002,FIJTB
2528927983,1922184,2,tobillo,terminal,0.4221,0.8091,-0.6184,-37.9028,-93.4448,-85.8154,t002,FIJTB
2528928035,1922200,2,tobillo,terminal,0.3953,0.7357,-0.6168,-30.9448,-82.5195,-63.3545,t002,FIJTB
2528928037,1922216,2,tobillo,terminal,0.1331,0.5543,-0.2189,-23.0103,-70.0684,-45.7764,t002,FIJTB
2528928038,1922232,2,tobillo,terminal,-0.5839,0.3615,-0.0448,4.4556,-54.6875,10.8643,t002,FIJTB
2528928093,1922248,2,tobillo,terminal,-0.9166,0.3496,0.0701,1.2817,-72.7539,73.2422,t002,FIJTB
2528928094,1922264,2,tobillo,terminal,-0.6096,0.3052,0.1965,2.3804,-71.8384,72.4487,t002,FIJTB
2528928094,1922279,2,tobillo,terminal,-0.1670,0.3506,0.1429,10.3760,-23.9868,63.7207,t002,FIJTB
2528928094,1922295,2,tobillo,terminal,0.0754,0.5510,0.1110,12.2070,-11.4746,89.1724,t002,FIJTB
2528928149,1922311,2,tobillo,terminal,-0.2075,0.5009,0.1268,24.5361,-13.8550,141.7847,t002,FIJTB
2528928150,1922327,2,tobillo,terminal,-0.1450,0.5400,0.1062,35.4004,8.4229,152.8320,t002,FIJTB
2528928150,1922343,2,tobillo,terminal,0.1124,0.7195,0.0005,38.6963,25.2686,167.3584,t002,FIJTB
2528928167,1922359,2,tobillo,terminal,0.1271,0.7672,-0.0143,47.3633,44.2505,207.4585,t002,FIJTB
2528928205,1922374,2,tobillo,terminal,0.2865,0.8945,-0.0857,51.9409,47.9126,213.7451,t002,FIJTB
2528928206,1922390,2,tobillo,terminal,0.5587,1.1249,-0.2626,54.3823,54.5654,211.1206,t002,FIJTB
2528928206,1922406,2,tobillo,terminal,0.6073,1.1656,-0.3212,57.0679,56.1523,214.4165,t002,FIJTB
2528928258,1922422,2,tobillo,terminal,0.7225,1.2616,-0.3662,56.3965,56.4575,211.3037,t002,FIJTB
2528928258,1922438,2,tobillo,swing,0.8248,1.3317,-0.3750,48.2788,58.1055,192.5049,t002,FIJTB
2528928259,1922453,2,tobillo,swing,0.9393,1.3723,-0.3865,43.5181,57.3120,176.5747,t002,FIJTB
2528928264,1922469,2,tobillo,swing,0.8630,1.3495,-0.5210,31.7383,53.2837,144.5923,t002,FIJTB
2528928320,1922485,2,tobillo,swing,0.9086,1.3361,-0.3927,28.3203,45.4712,120.1172,t002,FIJTB
2528928320,1922501,2,tobillo,swing,0.6366,1.2152,-0.2603,26.4282,40.5884,105.5298,t002,FIJTB
2528928320,1922517,2,tobillo,swing,0.3568,1.0944,-0.2490,12.3901,42.7246,80.9936,t002,FIJTB
2528928375,1922533,2,tobillo,swing,0.4025,1.0984,-0.2322,9.5825,47.7905,46.5698,t002,FIJTB
2528928378,1922548,2,tobillo,swing,0.3893,1.0553,-0.1726,10.3760,41.1377,37.3535,t002,FIJTB
2528928378,1922564,2,tobillo,swing,0.3351,1.0327,-0.1370,14.6484,13.0615,16.0522,t002,FIJTB
2528928378,1922580,2,tobillo,swing,0.3674,1.0385,-0.1959,16.6016,-1.3428,2.8076,t002,FIJTB
2528928434,1922596,2,tobillo,swing,0.4108,1.1416,-0.2415,21.7285,-32.5928,-18.9819,t002,FIJTB
2528928435,1922612,2,tobillo,swing,0.5332,1.2100,-0.3210,23.4375,-47.2412,-31.1279,t002,FIJTB
2528928435,1922628,2,tobillo,swing,0.6688,1.1693,-0.3302,17.3950,-44.4336,-35.0342,t002,FIJTB
2528928482,1922644,2,tobillo,swing,0.5579,1.1124,-0.0961,6.4087,-34.1797,-42.2363,t002,FIJTB
2528928489,1922660,2,tobillo,swing,0.1671,0.9739,0.4242,8.5449,-21.1792,-46.2036,t002,FIJTB
2528928490,1922675,2,tobillo,swing,-0.3199,1.0276,0.0692,2.1362,-5.8594,-39.0625,t002,FIJTB
2528928490,1922691,2,tobillo,swing,-0.3354,1.0680,-0.0571,-0.3052,9.3384,-36.9873,t002,FIJTB
2528928546,1922707,2,tobillo,swing,-0.1589,1.1493,-0.0764,0.5493,19.2871,-41.5649,t002,FIJTB
2528928546,1922723,2,tobillo,swing,-0.1655,1.1582,-0.0150,4.6997,28.5645,-37.4146,t002,FIJTB
2528928547,1922739,2,tobillo,swing,-0.1354,1.0791,0.1898,9.7656,24.2920,-36.3770,t002,FIJTB
2528928600,1922755,2,tobillo,swing,-0.3896,0.9786,0.0585,13.1836,0.8545,-39.7949,t002,FIJTB
2528928601,1922771,2,tobillo,swing,-0.4584,0.9762,0.0940,10.5591,-2.9297,-31.4941,t002,FIJTB
2528928603,1922787,2,tobillo,swing,-0.3430,0.9325,0.1951,13.2446,-0.2441,-31.8603,t002,FIJTB
2528928603,1922803,2,tobillo,swing,-0.3607,0.8916,0.1920,12.6953,-4.6387,-23.8037,t002,FIJTB
2528928659,1922819,2,tobillo,swing,-0.4471,0.8732,0.2559,6.2256,-0.3662,-4.5776,t002,FIJTB
2528928660,1922835,2,tobillo,swing,-0.4070,0.8596,0.3116,5.2490,5.7983,1.7090,t002,FIJTB
2528928681,1922850,2,tobillo,swing,-0.4000,0.8666,0.3003,5.4932,13.4888,12.6343,t002,FIJTB
2528928713,1922866,2,tobillo,swing,-0.4104,0.8823,0.2567,6.4087,14.3433,19.1040,t002,FIJTB
2528928714,1922882,2,tobillo,swing,-0.4268,0.8850,0.2476,10.3760,14.0381,35.8887,t002,FIJTB
2528928714,1922897,2,tobillo,swing,-0.4320,0.8796,0.2493,16.2964,12.6953,52.6123,t002,FIJTB
2528928714,1922913,2,tobillo,swing,-0.4155,0.8801,0.2314,18.3105,11.2915,60.5469,t002,FIJTB
2528928770,1922929,2,tobillo,swing,-0.4270,0.8966,0.2207,20.6909,9.5825,78.3081,t002,FIJTB
2528928770,1922945,2,tobillo,swing,-0.4363,0.9376,0.2179,22.1558,10.3760,86.1206,t002,FIJTB
2528928771,1922960,2,tobillo,swing,-0.4250,0.9397,0.2141,23.5596,11.9629,94.7876,t002,FIJTB
2528928771,1922976,2,tobillo,swing,-0.4009,0.9569,0.1772,20.0806,12.7563,101.9287,t002,FIJTB
2528928823,1922992,2,tobillo,swing,-0.3667,1.0380,0.1179,19.4092,15.3198,108.5205,t002,FIJTB
2528928825,1923008,2,tobillo,swing,-0.3907,1.0366,0.1125,22.7661,21.4233,121.1548,t002,FIJTB
2528928826,1923024,2,tobillo,swing,-0.3945,1.0059,0.1342,23.5596,22.2778,123.1689,t002,FIJTB
2528928882,1923039,2,tobillo,swing,-0.3357,1.0363,0.1250,22.7051,22.5220,123.9014,t002,FIJTB
2528928882,1923055,2,tobillo,swing,-0.3014,1.1022,0.0973,23.9868,25.2075,125.6103,t002,FIJTB
2528928882,1923071,2,tobillo,swing,-0.3275,1.0878,0.1060,29.6020,36.3159,128.7842,t002,FIJTB
2528928882,1923087,2,tobillo,swing,-0.2654,1.0973,0.1115,33.6304,48.9502,127.5024,t002,FIJTB
2528928937,1923102,2,tobillo,swing,-0.1465,1.1655,0.0890,35.9497,50.0488,129.0894,t002,FIJTB
2528928937,1923118,2,tobillo,swing,-0.1434,1.1737,0.0442,45.1660,45.1050,134.7656,t002,FIJTB
2528928937,1923134,2,tobillo,swing,-0.1965,1.1327,0.0664,51.0864,46.6919,133.3618,t002,FIJTB
2528928992,1923150,2,tobillo,swing,-0.1672,1.0487,0.0652,59.2651,52.5513,118.4082,t002,FIJTB
2528928993,1923165,2,tobillo,swing,-0.1139,1.0361,-0.0042,57.4951,46.6919,97.7173,t002,FIJTB
2528928993,1923181,2,tobillo,swing,-0.0071,1.0171,-0.1013,56.7627,41.0156,90.3931,t002,FIJTB
2528928993,1923197,2,tobillo,swing,0.0247,0.9613,-0.0897,54.7485,25.6958,78.2471,t002,FIJTB
2528929045,1923213,2,tobillo,loading,0.0574,0.8617,-0.0488,51.7578,14.7705,70.1904,t002,FIJTB
2528929046,1923229,2,tobillo,loading,0.0066,0.8776,-0.0679,40.7104,-6.9580,51.5747,t002,FIJTB
2528929046,1923245,2,tobillo,loading,-0.0101,0.9026,-0.0801,29.4800,-10.2539,31.1890,t002,FIJTB
2528929105,1923260,2,tobillo,loading,-0.0415,0.8488,-0.1256,24.6582,-8.3618,20.0195,t002,FIJTB
2528929105,1923276,2,tobillo,loading,-0.0681,0.8257,-0.1359,12.6343,-11.7187,-2.3193,t002,FIJTB
2528929105,1923292,2,tobillo,loading,-0.0857,0.8590,-0.1758,0.3662,-22.6440,-15.6250,t002,FIJTB
2528929105,1923309,2,tobillo,loading,0.0626,0.7571,-0.3513,-4.8828,-20.2026,-26.9775,t002,FIJTB
2528929157,1923325,2,tobillo,loading,0.1195,0.8676,-0.4509,-30.8228,-10.3760,-60.8520,t002,FIJTB
2528929160,1923341,2,tobillo,loading,-0.2849,1.1106,-0.1854,-37.0483,-10.6201,-72.1436,t002,FIJTB
2528929160,1923357,2,tobillo,loading,-1.6832,0.9263,0.2411,-37.9028,-28.9307,-57.1289,t002,FIJTB
2528929212,1923373,2,tobillo,loading,-1.7025,0.9479,0.2173,-84.4726,-15.8691,-110.7788,t002,FIJTB
2528929213,1923389,2,tobillo,loading,-0.1149,1.3212,0.1041,-103.6987,32.9590,-154.4189,t002,FIJTB
2528929213,1923405,2,tobillo,loading,0.5120,1.2618,0.2214,-83.2519,75.3784,-153.0762,t002,FIJTB
2528929261,1923420,2,tobillo,loading,0.4507,1.2379,0.1611,-53.4668,32.8979,-83.9844,t002,FIJTB
2528929262,1923436,2,tobillo,loading,-0.0627,1.1100,0.1382,-52.6733,19.7144,-52.7344,t002,FIJTB
2528929263,1923452,2,tobillo,loading,-0.2705,0.9821,0.1348,-59.9976,4.1504,-31.3110,t002,FIJTB
2528929264,1923468,2,tobillo,loading,-0.2640,0.9547,-0.0044,-61.9507,1.4038,-32.4707,t002,FIJTB
2528929318,1923484,2,tobillo,loading,-0.3931,0.9401,-0.1409,-51.2695,0.1221,-25.5127,t002,FIJTB
2528929318,1923500,2,tobillo,loading,-0.4758,0.9073,-0.1344,-35.4004,4.2725,-23.0103,t002,FIJTB
2528929318,1923516,2,tobillo,loading,-0.3188,0.9790,-0.0903,-25.0854,8.1177,-31.4941,t002,FIJTB
2528929371,1923532,2,tobillo,loading,-0.2023,0.9979,-0.0073,-13.1836,-1.3428,-43.8232,t002,FIJTB
2528929371,1923548,2,tobillo,loading,-0.1648,0.9838,0.0773,-10.4370,-19.4702,-35.4004,t002,FIJTB
2528929371,1923565,2,tobillo,loading,-0.3160,0.9331,0.0334,-11.0474,-18.5547,-32.2266,t002,FIJTB
2528929423,1923581,2,tobillo,loading,-0.3646,0.9139,0.0247,-17.3340,-1.2207,-33.8135,t002,FIJTB
2528929424,1923597,2,tobillo,loading,-0.2343,1.0024,-0.0198,-19.3481,10.7422,-38.7573,t002,FIJTB
2528929425,1923613,2,tobillo,loading,-0.1813,0.9656,0.0363,-10.0098,24.4751,-42.2974,t002,FIJTB
2528929425,1923629,2,tobillo,loading,-0.1960,0.9475,0.0286,-8.1787,15.0757,-29.1138,t002,FIJTB
2528929475,1923645,2,tobillo,loading,-0.1289,0.9717,0.0327,-11.0474,9.6436,-23.6816,t002,FIJTB
2528929475,1923661,2,tobillo,loading,-0.1398,0.9442,0.0374,-11.9019,-2.3193,-14.1602,t002,FIJTB
2528929476,1923677,2,tobillo,loading,-0.2095,0.9448,0.0310,-14.4043,-13.1836,-10.0708,t002,FIJTB
2528929526,1923693,2,tobillo,loading,-0.2197,0.9795,0.0148,-17.6392,-14.6484,-10.8032,t002,FIJTB
2528929527,1923709,2,tobillo,loading,-0.2349,0.9614,0.0056,-17.2729,-12.5732,-13.1836,t002,FIJTB
2528929527,1923725,2,tobillo,midstance,-0.2485,0.9475,0.0001,-13.1226,-11.3525,-15.2588,t002,FIJTB
2528929575,1923741,2,tobillo,midstance,-0.2268,0.9633,0.0095,-13.3057,-8.9722,-19.7144,t002,FIJTB
2528929576,1923757,2,tobillo,midstance,-0.2126,0.9648,0.0070,-15.3198,-11.5967,-20.6299,t002,FIJTB
2528929577,1923773,2,tobillo,midstance,-0.2111,0.9431,-0.0154,-12.6953,-11.1694,-20.7520,t002,FIJTB
2528929628,1923790,2,tobillo,midstance,-0.1512,0.9790,-0.0151,-12.6953,-5.7983,-21.3623,t002,FIJTB
2528929628,1923806,2,tobillo,midstance,-0.1605,0.9796,-0.0063,-16.2964,-4.6387,-21.2402,t002,FIJTB
2528929629,1923822,2,tobillo,midstance,-0.1588,0.9597,0.0016,-14.0991,-5.1270,-21.1792,t002,FIJTB
2528929676,1923838,2,tobillo,midstance,-0.1241,0.9637,-0.0068,-11.6577,-5.0049,-20.3247,t002,FIJTB
2528929676,1923854,2,tobillo,midstance,-0.1450,0.9493,-0.0342,-11.4136,-6.3477,-15.0146,t002,FIJTB
2528929679,1923870,2,tobillo,midstance,-0.1448,0.9825,-0.0537,-10.7422,-7.2021,-13.6108,t002,FIJTB
2528929729,1923886,2,tobillo,midstance,-0.1466,0.9862,-0.0516,-10.3760,-7.5073,-15.6250,t002,FIJTB
2528929729,1923903,2,tobillo,midstance,-0.1566,0.9795,-0.0503,-10.0098,-7.3242,-16.6016,t002,FIJTB
2528929730,1923919,2,tobillo,midstance,-0.1649,0.9774,-0.0256,-11.6577,-7.3242,-16.8457,t002,FIJTB
2528929730,1923935,2,tobillo,midstance,-0.1686,0.9774,-0.0168,-15.6860,-5.4932,-19.5923,t002,FIJTB
2528929776,1923951,2,tobillo,midstance,-0.1610,0.9769,-0.0205,-16.6626,-3.2959,-21.5454,t002,FIJTB
2528929778,1923967,2,tobillo,midstance,-0.1250,0.9741,-0.0330,-16.1743,0.7935,-24.1089,t002,FIJTB
2528929779,1923984,2,tobillo,midstance,-0.1270,0.9771,-0.0330,-18.0054,3.1738,-26.1230,t002,FIJTB
2528929828,1924000,2,tobillo,midstance,-0.1261,0.9678,-0.0385,-18.4326,3.8452,-27.5269,t002,FIJTB
2528929829,1924016,2,tobillo,midstance,-0.0975,0.9606,-0.0554,-18.3105,3.9673,-29.9072,t002,FIJTB
2528929829,1924032,2,tobillo,midstance,-0.1013,0.9683,-0.0862,-18.1885,2.5024,-32.4707,t002,FIJTB
2528929875,1924048,2,tobillo,midstance,-0.1080,0.9803,-0.0751,-18.3105,2.3193,-34.7290,t002,FIJTB
2528929878,1924064,2,tobillo,midstance,-0.0912,0.9757,-0.0670,-19.7754,4.4556,-37.5977,t002,FIJTB
2528929878,1924080,2,tobillo,midstance,-0.1010,0.9895,-0.0801,-20.6909,5.9204,-38.5132,t002,FIJTB
2528929928,1924096,2,tobillo,midstance,-0.0961,1.0095,-0.0862,-22.5220,8.6060,-43.7012,t002,FIJTB
2528929928,1924112,2,tobillo,midstance,-0.0782,1.0055,-0.0913,-24.2310,10.6201,-48.5840,t002,FIJTB
2528929929,1924128,2,tobillo,midstance,-0.0311,1.0024,-0.0818,-25.3296,10.9863,-49.4995,t002,FIJTB
2528929975,1924144,2,tobillo,midstance,-0.0110,1.0093,-0.0746,-25.6958,10.0708,-48.8892,t002,FIJTB
2528929976,1924160,2,tobillo,midstance,0.0153,1.0087,-0.0953,-23.1934,7.9956,-44.4946,t002,FIJTB
2528929976,1924176,2,tobillo,midstance,0.0038,1.0123,-0.1384,-22.1558,5.9204,-42.7246,t002,FIJTB
2528930025,1924192,2,tobillo,midstance,-0.0146,1.0015,-0.1602,-21.4233,0.5493,-42.3584,t002,FIJTB
2528930026,1924208,2,tobillo,midstance,0.0135,1.0029,-0.1349,-21.4233,-1.4038,-42.6025,t002,FIJTB
2528930027,1924224,2,tobillo,midstance,0.0245,0.9833,-0.1448,-20.8130,-2.5024,-42.7246,t002,FIJTB
2528930074,1924240,2,tobillo,midstance,0.0475,0.9713,-0.1434,-20.5688,-2.1362,-43.2129,t002,FIJTB
2528930075,1924256,2,tobillo,midstance,0.0577,0.9734,-0.1438,-20.3857,-2.1362,-42.4805,t002,FIJTB
2528930075,1924272,2,tobillo,midstance,0.0500,0.9812,-0.1445,-20.3857,-1.8921,-42.4194,t002,FIJTB
2528930124,1924288,2,tobillo,midstance,0.0959,0.9456,-0.1597,-20.4468,-0.4883,-42.9077,t002,FIJTB
2528930124,1924304,2,tobillo,midstance,0.1324,0.9154,-0.1923,-20.9351,0.7324,-39.8560,t002,FIJTB
2528930125,1924320,2,tobillo,midstance,0.1381,0.9056,-0.1876,-21.7285,-3.8452,-34.7900,t002,FIJTB
2528930171,1924336,2,tobillo,midstance,0.1748,0.9603,-0.0790,-22.8271,-5.6763,-32.2876,t002,FIJTB
2528930173,1924352,2,tobillo,midstance,0.1068,0.9974,-0.1493,-25.9399,-2.2583,-30.2124,t002,FIJTB
2528930173,1924368,2,tobillo,midstance,0.0791,0.9960,-0.2023,-27.2217,0.9766,-34.6069,t002,FIJTB
2528930222,1924384,2,tobillo,midstance,0.0950,0.9869,-0.2268,-26.7944,0.4883,-37.2925,t002,FIJTB
2528930223,1924400,2,tobillo,midstance,0.1016,0.9888,-0.2231,-27.3437,-1.7700,-41.3208,t002,FIJTB
2528930224,1924416,2,tobillo,midstance,0.1289,1.0011,-0.2186,-28.0762,-2.2583,-43.4570,t002,FIJTB
2528930267,1924432,2,tobillo,midstance,0.1698,0.9697,-0.2246,-30.5786,-2.2583,-48.2788,t002,FIJTB
2528930268,1924448,2,tobillo,midstance,0.1957,0.9568,-0.2128,-33.6914,-6.7139,-49.8047,t002,FIJTB
2528930270,1924464,2,tobillo,midstance,0.2101,1.0366,-0.1965,-34.2407,-11.6577,-50.5371,t002,FIJTB
2528930320,1924480,2,tobillo,midstance,0.1479,1.0134,-0.1744,-35.7056,-16.8457,-56.7627,t002,FIJTB
2528930320,1924496,2,tobillo,midstance,0.2000,0.9978,-0.1705,-31.9214,-10.3760,-61.5234,t002,FIJTB
2528930321,1924512,2,tobillo,midstance,0.1882,1.0161,-0.2780,-30.0903,-8.8501,-62.6221,t002,FIJTB
2528930336,1924528,2,tobillo,midstance,0.1353,1.0151,-0.3215,-28.7476,-13.1226,-68.5425,t002,FIJTB
2528930366,1924544,2,tobillo,terminal,0.1528,1.0743,-0.2748,-29.5410,-17.5171,-72.6318,t002,FIJTB
2528930366,1924560,2,tobillo,terminal,0.2120,1.1545,-0.1843,-31.8603,-28.6255,-82.7026,t002,FIJTB
2528930371,1924576,2,tobillo,terminal,0.2159,1.1854,-0.1274,-33.3252,-41.9311,-92.7734,t002,FIJTB
2528930419,1924592,2,tobillo,terminal,0.1146,1.3407,-0.0259,-34.4238,-48.0347,-97.7783,t002,FIJTB
2528930419,1924608,2,tobillo,terminal,-0.0724,1.5072,0.0063,-35.7666,-61.0962,-113.0981,t002,FIJTB
2528930420,1924624,2,tobillo,terminal,-0.0801,1.4921,0.0238,-34.4238,-82.6416,-130.1880,t002,FIJTB
2528930466,1924640,2,tobillo,terminal,0.0858,1.3151,0.1433,-34.7900,-95.2148,-139.8926,t002,FIJTB
2528930467,1924656,2,tobillo,terminal,0.1814,1.2230,0.1431,-41.0156,-107.6660,-157.6538,t002,FIJTB
2528930467,1924672,2,tobillo,terminal,0.2601,1.1926,-0.0386,-46.2646,-97.3511,-161.9873,t002,FIJTB
2528930514,1924688,2,tobillo,terminal,0.3616,1.1534,-0.2417,-54.5654,-48.2788,-161.4380,t002,FIJTB
2528930514,1924704,2,tobillo,terminal,0.4625,1.1362,-0.3002,-47.9126,-13.1836,-154.4189,t002,FIJTB
2528930515,1924720,2,tobillo,terminal,0.6942,0.9308,-0.5428,-37.5977,-11.7798,-130.8594,t002,FIJTB
2528930559,1924736,2,tobillo,terminal,0.6692,0.7524,-0.6399,-31.7993,-35.4004,-73.2422,t002,FIJTB
2528930561,1924752,2,tobillo,terminal,0.3553,0.5675,-0.6060,-35.2783,-62.8662,-24.3530,t002,FIJTB
2528930608,1924768,2,tobillo,terminal,-0.0881,0.2054,-0.3524,-20.2026,-68.2983,-4.0283,t002,FIJTB
2528930608,1924784,2,tobillo,terminal,-0.2560,0.1462,-0.3540,-5.1270,-48.7671,36.3159,t002,FIJTB
2528930609,1924801,2,tobillo,terminal,-0.5000,0.3739,0.1101,-21.0571,-48.8892,68.3594,t002,FIJTB
2528930615,1924816,2,tobillo,terminal,-0.2599,0.3785,0.1295,-9.5215,-79.8950,111.0840,t002,FIJTB
2528930652,1924832,2,tobillo,terminal,0.0289,0.3689,0.0546,26.5503,-59.2041,128.4790,t002,FIJTB
2528930655,1924848,2,tobillo,terminal,0.2914,0.4755,0.0480,35.6445,-33.4473,152.8931,t002,FIJTB
2528930695,1924864,2,tobillo,terminal,0.1818,0.4508,0.1007,35.4614,1.1597,192.5659,t002,FIJTB
2528930703,1924880,2,tobillo,terminal,0.0269,0.5286,0.1769,42.9077,6.0425,186.4014,t002,FIJTB
2528930704,1924896,2,tobillo,terminal,0.3383,0.7876,0.0428,51.9409,12.2070,188.2934,t002,FIJTB
2528930748,1924911,2,tobillo,terminal,0.4568,0.8010,-0.0900,71.0449,24.5361,211.1206,t002,FIJTB
2528930748,1924927,2,tobillo,terminal,0.4695,0.7867,-0.1625,77.3926,24.8413,221.2524,t002,FIJTB
2528930750,1924943,2,tobillo,terminal,0.4487,0.8536,-0.1384,80.5054,19.9585,230.6518,t002,FIJTB
2528930782,1924959,2,tobillo,terminal,0.5680,1.0170,-0.1888,79.4678,18.7988,229.3701,t002,FIJTB
2528930800,1924974,2,tobillo,terminal,0.8469,1.1528,-0.2798,72.8149,24.4751,217.1631,t002,FIJTB
2528930801,1924990,2,tobillo,terminal,0.9359,1.2112,-0.2863,64.5752,23.5596,205.4443,t002,FIJTB
2528930801,1925006,2,tobillo,terminal,0.8672,1.3184,-0.2939,58.9600,16.7847,197.2656,t002,FIJTB
2528930846,1925022,2,tobillo,terminal,0.7410,1.3503,-0.2968,51.3916,2.5635,179.8096,t002,FIJTB
2528930847,1925038,2,tobillo,terminal,0.3879,1.2955,-0.2087,47.8516,-3.2959,161.6821,t002,FIJTB
2528930848,1925053,2,tobillo,terminal,0.1569,1.2124,-0.0519,44.7388,-2.1362,146.4233,t002,FIJTB
2528930896,1925069,2,tobillo,terminal,0.1278,1.1936,-0.0211,36.2549,4.6387,115.2344,t002,FIJTB
2528930897,1925085,2,tobillo,terminal,0.1035,1.1967,-0.0190,31.9214,8.1177,107.6660,t002,FIJTB
2528930897,1925101,2,tobillo,terminal,0.0585,1.1685,0.0071,29.6020,17.6392,103.1494,t002,FIJTB
2528930941,1925117,2,tobillo,terminal,-0.0887,1.0310,0.0773,27.0996,26.0010,90.4541,t002,FIJTB
2528930941,1925132,2,tobillo,swing,-0.0865,0.9791,0.1129,23.7427,27.5879,83.1299,t002,FIJTB
2528930943,1925148,2,tobillo,swing,-0.0529,0.9849,0.1331,19.6533,21.3013,74.7681,t002,FIJTB
2528930994,1925164,2,tobillo,swing,-0.1008,0.9762,0.1421,18.9819,14.6484,70.9839,t002,FIJTB
2528930995,1925179,2,tobillo,swing,-0.1653,0.9952,0.0708,11.9019,3.3569,60.8520,t002,FIJTB
2528930995,1925195,2,tobillo,swing,0.1381,0.9771,-0.1661,9.5825,1.4648,48.1567,t002,FIJTB
2528931041,1925211,2,tobillo,swing,0.8527,1.3676,-0.3370,15.3198,12.1460,17.2729,t002,FIJTB
2528931042,1925227,2,tobillo,swing,0.8712,1.4469,-0.3618,33.5693,11.7187,44.2505,t002,FIJTB
2528931043,1925242,2,tobillo,swing,-0.0338,0.9672,-0.2566,33.3862,-8.7280,55.2978,t002,FIJTB
2528931091,1925258,2,tobillo,swing,-0.1082,0.9595,-0.2292,7.4463,-16.2354,-11.2305,t002,FIJTB
2528931091,1925274,2,tobillo,swing,0.2078,1.2384,-0.1488,-0.5493,8.5449,-34.9731,t002,FIJTB
2528931091,1925290,2,tobillo,swing,-0.3280,1.0183,0.0922,1.4038,8.9111,-23.3154,t002,FIJTB
2528931135,1925306,2,tobillo,swing,-0.6094,0.8942,0.1786,-8.1177,20.8130,-32.4097,t002,FIJTB
2528931135,1925322,2,tobillo,swing,-0.7167,1.0219,0.3290,-15.0757,38.6353,-35.6445,t002,FIJTB
2528931137,1925338,2,tobillo,swing,-0.6960,0.9241,0.3363,-15.9912,72.8760,-13.2446,t002,FIJTB
2528931187,1925354,2,tobillo,swing,-0.6682,0.8562,0.3417,-13.6719,90.8813,-8.4229,t002,FIJTB
2528931187,1925370,2,tobillo,swing,-0.6355,0.8685,0.3777,-12.7563,93.0176,-4.0283,t002,FIJTB
2528931187,1925386,2,tobillo,swing,-0.5961,0.8782,0.3982,-4.4556,84.8999,12.8174,t002,FIJTB
2528931231,1925402,2,tobillo,swing,-0.5240,0.8682,0.4176,2.9907,77.0264,20.1416,t002,FIJTB
2528931233,1925418,2,tobillo,swing,-0.5227,0.8440,0.4193,16.2964,56.4575,31.9824,t002,FIJTB
2528931234,1925433,2,tobillo,swing,-0.4680,0.8698,0.4009,29.0527,38.8794,43.2129,t002,FIJTB
2528931281,1925449,2,tobillo,swing,-0.4265,0.8625,0.3911,36.7432,34.1797,49.1333,t002,FIJTB
2528931282,1925465,2,tobillo,swing,-0.4634,0.8402,0.3927,46.9360,29.7852,59.4482,t002,FIJTB
2528931282,1925481,2,tobillo,swing,-0.4043,0.8821,0.3521,48.5840,30.4565,63.1103,t002,FIJTB
2528931324,1925497,2,tobillo,swing,-0.2637,0.9196,0.3186,52.9175,32.2266,67.5659,t002,FIJTB
2528931326,1925512,2,tobillo,swing,-0.2760,0.8937,0.3081,55.2368,31.4331,73.2422,t002,FIJTB
2528931327,1925528,2,tobillo,swing,-0.3607,0.8926,0.2626,52.6733,33.3252,75.3784,t002,FIJTB
2528931375,1925544,2,tobillo,swing,-0.3239,0.9310,0.2203,49.8047,44.6167,72.1436,t002,FIJTB
2528931375,1925560,2,tobillo,swing,-0.1353,0.9331,0.1487,51.6968,49.0112,68.4204,t002,FIJTB
2528931376,1925575,2,tobillo,swing,-0.0952,0.8914,0.0869,53.5278,47.3022,67.1387,t002,FIJTB
2528931419,1925591,2,tobillo,swing,-0.1163,0.8840,0.0515,45.1050,45.7153,63.5986,t002,FIJTB
2528931421,1925607,2,tobillo,swing,0.0056,0.9747,-0.0597,39.0625,50.4761,56.6406,t002,FIJTB
2528931422,1925623,2,tobillo,swing,0.0970,1.0049,-0.1149,34.0576,61.9507,44.4336,t002,FIJTB
2528931470,1925639,2,tobillo,swing,0.0686,0.8690,-0.1884,31.1890,61.5845,39.0015,t002,FIJTB
2528931470,1925654,2,tobillo,swing,0.0490,0.8510,-0.2782,14.0991,53.8330,17.5171,t002,FIJTB
2528931471,1925670,2,tobillo,swing,0.1339,0.9012,-0.3180,-1.0376,51.0864,-3.5400,t002,FIJTB
2528931515,1925686,2,tobillo,swing,0.0790,0.8164,-0.3313,-7.2632,45.5322,-10.6201,t002,FIJTB
2528931515,1925702,2,tobillo,loading,-0.0250,0.7812,-0.2965,-17.4561,18.7378,-23.7427,t002,FIJTB
2528931515,1925718,2,tobillo,loading,-0.0327,0.7491,-0.5634,-19.6533,-6.4087,-31.3721,t002,FIJTB
2528931568,1925734,2,tobillo,loading,-0.5571,0.8507,-0.1108,-21.1182,-48.0957,-31.1279,t002,FIJTB
2528931569,1925750,2,tobillo,loading,-1.2118,1.0016,0.2604,1.3428,-97.1069,10.4370,t002,FIJTB
2528931569,1925766,2,tobillo,loading,-1.2415,2.0879,0.1907,-48.4009,-101.3184,-10.8643,t002,FIJTB
2528931614,1925782,2,tobillo,loading,0.2339,1.5559,-0.1432,-130.3101,29.4189,-93.9941,t002,FIJTB
2528931616,1925798,2,tobillo,loading,0.0757,0.8496,0.2340,-94.1162,43.4570,-81.5430,t002,FIJTB
2528931617,1925814,2,tobillo,loading,-0.1361,0.7449,0.2910,-84.1064,20.6909,-66.2231,t002,FIJTB
2528931665,1925830,2,tobillo,loading,-0.0936,0.8988,0.1252,-73.7915,12.0850,-32.2876,t002,FIJTB
2528931666,1925846,2,tobillo,loading,-0.2113,1.0479,-0.0371,-68.6646,9.3994,-16.8457,t002,FIJTB
2528931666,1925862,2,tobillo,loading,-0.3187,1.0026,-0.0728,-66.2842,3.5400,-0.3052,t002,FIJTB
2528931711,1925878,2,tobillo,loading,-0.3148,0.9923,-0.0979,-77.2095,11.1084,8.7891,t002,FIJTB
2528931713,1925894,2,tobillo,loading,-0.2874,0.9359,-0.0052,-75.6836,13.5498,10.4980,t002,FIJTB
2528931713,1925910,2,tobillo,loading,-0.2947,0.9075,0.0692,-60.6079,7.3242,4.3945,t002,FIJTB
2528931761,1925926,2,tobillo,loading,-0.3090,0.9364,0.0518,-52.6733,5.4321,-7.7515,t002,FIJTB
2528931762,1925942,2,tobillo,loading,-0.3522,0.9436,0.0831,-55.7861,10.7422,-13.0615,t002,FIJTB
2528931762,1925958,2,tobillo,loading,-0.3583,0.8962,0.1132,-64.8193,20.2637,-24.4751,t002,FIJTB
2528931806,1925973,2,tobillo,loading,-0.3257,0.8766,0.0564,-67.5659,17.3950,-27.8931,t002,FIJTB
2528931808,1925989,2,tobillo,loading,-0.3429,0.8867,0.0199,-63.1714,5.5542,-28.4424,t002,FIJTB
2528931809,1926005,2,tobillo,loading,-0.3773,0.8680,0.0283,-52.3071,-4.2114,-27.4048,t002,FIJTB
2528931861,1926021,2,tobillo,loading,-0.3469,0.9305,-0.0068,-50.9033,-8.1177,-29.9072,t002,FIJTB
2528931862,1926038,2,tobillo,loading,-0.3276,0.9478,-0.0312,-53.7109,-11.7187,-35.3394,t002,FIJTB
2528931862,1926054,2,tobillo,loading,-0.0262,1.0898,-0.0701,-36.5601,-19.1650,-45.8984,t002,FIJTB
2528931908,1926070,2,tobillo,loading,-0.2628,0.9977,-0.1641,-27.5269,-27.2217,-42.1753,t002,FIJTB
2528931909,1926086,2,tobillo,loading,-0.2356,1.0021,-0.1873,-41.1377,-40.6494,-34.3018,t002,FIJTB
2528931911,1926103,2,tobillo,loading,-0.1493,0.9501,-0.1572,-42.3584,-44.3726,-27.2217,t002,FIJTB
2528931960,1926119,2,tobillo,loading,-0.2058,0.9543,-0.1243,-32.7148,-41.7480,-19.8975,t002,FIJTB
2528931961,1926135,2,tobillo,loading,-0.2166,0.9587,-0.1353,-36.8042,-25.4517,-28.3203,t002,FIJTB
2528931961,1926151,2,tobillo,loading,-0.1738,0.9442,-0.1796,-37.6587,-16.7236,-33.5083,t002,FIJTB
2528932005,1926167,2,tobillo,loading,-0.1481,0.9185,-0.1681,-28.5645,-8.3618,-32.0435,t002,FIJTB
2528932008,1926183,2,tobillo,loading,-0.1327,0.9431,-0.1466,-21.0571,-10.6201,-22.5220,t002,FIJTB
2528932009,1926199,2,tobillo,loading,-0.1420,0.9551,-0.1459,-21.9727,-11.7798,-19.9585,t002,FIJTB
2528932057,1926216,2,tobillo,loading,-0.1586,0.9458,-0.1876,-24.1699,-11.2305,-16.4185,t002,FIJTB
2528932058,1926232,2,tobillo,loading,-0.1587,0.9521,-0.1993,-22.2778,-8.4229,-13.5498,t002,FIJTB
2528932058,1926248,2,tobillo,loading,-0.1388,0.9468,-0.1941,-21.2402,-6.5308,-12.4512,t002,FIJTB
2528932102,1926264,2,tobillo,loading,-0.1388,0.9445,-0.1805,-20.6909,-6.7139,-7.6294,t002,FIJTB
2528932103,1926280,2,tobillo,midstance,-0.1476,0.9292,-0.1708,-21.7895,-7.8125,-5.0049,t002,FIJTB
2528932103,1926296,2,tobillo,midstance,-0.1309,0.9510,-0.1918,-25.7568,-8.4229,-1.0986,t002,FIJTB
2528932107,1926313,2,tobillo,midstance,-0.1342,0.9639,-0.2112,-28.5034,-7.6904,2.0752,t002,FIJTB
2528932159,1926329,2,tobillo,midstance,-0.1536,0.9907,-0.2372,-27.9541,-7.0190,2.3804,t002,FIJTB
2528932159,1926345,2,tobillo,midstance,-0.1758,0.9519,-0.2467,-23.4375,-7.0190,-0.4883,t002,FIJTB
2528932159,1926361,2,tobillo,midstance,-0.1632,0.9305,-0.2371,-21.3013,-6.1646,-5.2490,t002,FIJTB
2528932207,1926377,2,tobillo,midstance,-0.1373,0.9181,-0.2322,-22.2778,-4.2114,-8.2397,t002,FIJTB
2528932208,1926393,2,tobillo,midstance,-0.1442,0.9386,-0.2423,-22.1558,0.2441,-12.7563,t002,FIJTB
2528932208,1926409,2,tobillo,midstance,-0.1652,0.9363,-0.2703,-19.5313,1.0376,-14.9536,t002,FIJTB
2528932258,1926425,2,tobillo,midstance,-0.1274,0.9457,-0.2297,-16.1743,0.2441,-18.8599,t002,FIJTB
2528932258,1926441,2,tobillo,midstance,-0.1427,0.9458,-0.2363,-17.3950,-2.8076,-19.5313,t002,FIJTB
2528932258,1926457,2,tobillo,midstance,-0.1707,0.9374,-0.2695,-18.2495,-3.9673,-22.0947,t002,FIJTB
2528932303,1926473,2,tobillo,midstance,-0.1436,0.9537,-0.2770,-18.0664,-4.5776,-29.6631,t002,FIJTB
2528932305,1926489,2,tobillo,midstance,-0.1215,0.9648,-0.2533,-16.7236,-5.7983,-33.5083,t002,FIJTB
2528932306,1926505,2,tobillo,midstance,-0.1090,0.9663,-0.2374,-16.9067,-5.8594,-34.5459,t002,FIJTB
2528932355,1926521,2,tobillo,midstance,-0.1030,0.9590,-0.2509,-18.6157,-5.9204,-36.4380,t002,FIJTB
2528932355,1926537,2,tobillo,midstance,-0.0768,0.9438,-0.2837,-18.7988,-5.9814,-37.1094,t002,FIJTB
2528932356,1926554,2,tobillo,midstance,-0.0651,0.9346,-0.3037,-17.7612,-6.1646,-36.3770,t002,FIJTB
2528932403,1926570,2,tobillo,midstance,-0.0592,0.9323,-0.3035,-15.5640,-6.7139,-34.7900,t002,FIJTB
2528932404,1926586,2,tobillo,midstance,-0.0414,0.9407,-0.3026,-14.7095,-6.5308,-34.4238,t002,FIJTB
2528932404,1926602,2,tobillo,midstance,-0.0461,0.9313,-0.3380,-11.5356,-5.9204,-33.3252,t002,FIJTB
2528932454,1926618,2,tobillo,midstance,-0.0338,0.9247,-0.3409,-7.3853,-6.3477,-30.5176,t002,FIJTB
2528932455,1926634,2,tobillo,midstance,-0.0122,0.9250,-0.3158,-5.8594,-6.8970,-28.3203,t002,FIJTB
2528932455,1926650,2,tobillo,midstance,-0.0092,0.9354,-0.3014,-5.0659,-7.5684,-25.1465,t002,FIJTB
2528932503,1926666,2,tobillo,midstance,-0.0078,0.9338,-0.3077,-5.1880,-7.0190,-22.6440,t002,FIJTB
2528932503,1926682,2,tobillo,midstance,-0.0028,0.9384,-0.3032,-5.6152,-7.3853,-21.3013,t002,FIJTB
2528932503,1926698,2,tobillo,midstance,0.0143,0.9436,-0.2886,-6.5918,-7.5684,-18.4326,t002,FIJTB
2528932554,1926714,2,tobillo,midstance,-0.0078,0.9481,-0.2970,-7.7515,-6.4697,-17.5171,t002,FIJTB
2528932554,1926731,2,tobillo,midstance,-0.0125,0.9445,-0.3213,-8.4229,-5.7373,-18.6768,t002,FIJTB
2528932555,1926747,2,tobillo,midstance,-0.0013,0.9362,-0.3300,-8.1787,-4.7607,-20.0195,t002,FIJTB
2528932600,1926763,2,tobillo,midstance,0.0284,0.9277,-0.3020,-8.4229,-5.0659,-20.0195,t002,FIJTB
2528932600,1926779,2,tobillo,midstance,0.0454,0.9313,-0.2928,-10.8032,-4.8218,-19.8364,t002,FIJTB
2528932603,1926795,2,tobillo,midstance,0.0386,0.9244,-0.3170,-11.9019,-3.7842,-19.7754,t002,FIJTB
2528932642,1926811,2,tobillo,midstance,0.0128,0.9135,-0.3629,-11.6577,-3.9062,-20.2637,t002,FIJTB
2528932654,1926827,2,tobillo,midstance,0.0017,0.9281,-0.3606,-11.5356,-5.6152,-21.6675,t002,FIJTB
2528932654,1926843,2,tobillo,midstance,0.0061,0.9630,-0.3354,-11.1084,-6.4697,-24.8413,t002,FIJTB
2528932655,1926859,2,tobillo,midstance,0.0342,0.9561,-0.3270,-10.9253,-6.4087,-26.0010,t002,FIJTB
2528932701,1926875,2,tobillo,midstance,0.0356,0.9664,-0.3236,-10.1318,-5.5542,-26.6724,t002,FIJTB
2528932703,1926891,2,tobillo,midstance,0.0760,0.9414,-0.3198,-9.2773,-4.5776,-27.7100,t002,FIJTB
2528932704,1926907,2,tobillo,midstance,0.0764,0.9437,-0.3378,-7.2021,-2.8687,-28.1372,t002,FIJTB
2528932753,1926923,2,tobillo,midstance,0.0563,0.9486,-0.3619,-3.5400,-2.5635,-29.3579,t002,FIJTB
2528932753,1926939,2,tobillo,midstance,0.0510,0.9631,-0.3595,-1.5259,-2.8687,-31.2500,t002,FIJTB
2528932754,1926955,2,tobillo,midstance,0.0649,0.9540,-0.3451,2.3804,-2.9297,-34.1187,t002,FIJTB
2528932799,1926971,2,tobillo,terminal,0.0825,0.9647,-0.3295,3.7842,-3.9062,-34.8511,t002,FIJTB
2528932799,1926987,2,tobillo,terminal,0.0773,1.0101,-0.3254,4.8828,-4.0894,-36.6211,t002,FIJTB
2528932800,1927003,2,tobillo,terminal,0.0679,1.0264,-0.3384,10.0708,-3.7842,-44.3726,t002,FIJTB
2528932853,1927019,2,tobillo,terminal,0.0751,1.1089,-0.3278,12.6953,-4.0894,-49.9878,t002,FIJTB
2528932853,1927035,2,tobillo,terminal,0.1296,1.1654,-0.2551,26.4282,-4.2114,-69.3970,t002,FIJTB
2528932854,1927051,2,tobillo,terminal,0.1647,1.2952,-0.1885,99.0601,-4.5776,-106.0181,t002,FIJTB
2528932899,1927067,2,tobillo,terminal,-0.0173,0.9712,-0.4703,111.5723,-11.9019,-129.0283,t002,FIJTB
2528932902,1927083,2,tobillo,terminal,-0.0837,0.9200,-0.4127,-6.7749,-29.2969,-94.2993,t002,FIJTB
2528932902,1927099,2,tobillo,terminal,0.1134,1.1749,-0.2465,-32.8979,-31.7993,-77.0874,t002,FIJTB
2528932944,1927115,2,tobillo,terminal,0.1101,1.1141,-0.2145,-21.2402,-48.8281,-77.8809,t002,FIJTB
2528932952,1927131,2,tobillo,terminal,0.0869,1.0386,-0.1974,-22.1558,-66.9556,-82.8247,t002,FIJTB
2528932953,1927147,2,tobillo,terminal,0.1731,1.0122,-0.1315,-27.0996,-71.5332,-86.6089,t002,FIJTB
2528932997,1927163,2,tobillo,terminal,0.2694,1.0007,-0.1008,-32.6538,-81.2378,-92.0410,t002,FIJTB
2528932998,1927179,2,tobillo,terminal,0.2888,0.9731,-0.1158,-35.7666,-94.3603,-98.7549,t002,FIJTB
2528933000,1927195,2,tobillo,terminal,0.2909,0.9412,-0.2539,-38.2690,-99.9145,-103.2715,t002,FIJTB
2528933051,1927211,2,tobillo,terminal,0.3322,0.9825,-0.2892,-45.7153,-98.3887,-112.0605,t002,FIJTB
2528933052,1927228,2,tobillo,terminal,0.2812,0.9990,-0.2816,-54.0771,-94.4824,-102.6001,t002,FIJTB
2528933052,1927244,2,tobillo,terminal,0.3348,0.9537,-0.2646,-59.3262,-94.9097,-93.9331,t002,FIJTB
2528933061,1927260,2,tobillo,terminal,0.5048,0.9642,-0.2253,-55.5420,-89.3555,-83.3130,t002,FIJTB
2528933098,1927276,2,tobillo,terminal,0.5723,0.8462,-0.2645,-49.0723,-85.6934,-79.4678,t002,FIJTB
2528933101,1927292,2,tobillo,terminal,0.3571,0.7292,-0.4990,-45.4102,-95.8252,-53.9551,t002,FIJTB
2528933133,1927308,2,tobillo,terminal,0.3826,0.7598,-0.5773,-49.9878,-104.8584,-37.3535,t002,FIJTB
2528933151,1927324,2,tobillo,terminal,0.3925,0.8074,-0.4017,-47.1802,-101.7456,-35.4004,t002,FIJTB
2528933151,1927340,2,tobillo,terminal,0.2073,0.6528,-0.2986,-19.5313,-78.9795,-1.7700,t002,FIJTB
2528933152,1927356,2,tobillo,terminal,-0.3199,0.3954,-0.1995,-6.8970,-47.0581,67.6880,t002,FIJTB
2528933198,1927372,2,tobillo,swing,-0.6423,0.5844,0.1185,-12.3901,-46.1426,100.7080,t002,FIJTB
2528933198,1927388,2,tobillo,swing,-0.4504,0.5433,0.1467,13.5498,-42.9687,142.8833,t002,FIJTB
2528933199,1927404,2,tobillo,swing,0.0231,0.3633,0.1025,26.4282,-29.8462,142.2119,t002,FIJTB
2528933252,1927420,2,tobillo,swing,-0.1232,0.4769,0.1304,29.9683,-28.2593,150.2075,t002,FIJTB
2528933253,1927436,2,tobillo,swing,-0.2079,0.5299,0.1398,24.5361,-37.8418,175.4761,t002,FIJTB
2528933253,1927451,2,tobillo,swing,0.0120,0.7123,0.1016,28.3813,-27.2827,180.9082,t002,FIJTB
2528933300,1927467,2,tobillo,swing,0.1165,0.8306,0.0874,42.1143,10.1929,198.3032,t002,FIJTB
2528933302,1927483,2,tobillo,swing,0.1045,0.8478,0.0936,49.5605,20.3247,214.5386,t002,FIJTB
2528933302,1927499,2,tobillo,swing,0.2692,0.9912,-0.0308,49.0112,32.5928,217.5903,t002,FIJTB
2528933353,1927515,2,tobillo,swing,0.4153,1.1583,-0.1459,39.7949,51.2085,211.1816,t002,FIJTB
2528933354,1927531,2,tobillo,swing,0.6953,1.3671,-0.2305,40.8936,59.6924,211.3037,t002,FIJTB
2528933355,1927546,2,tobillo,swing,0.7871,1.3871,-0.1965,42.5415,61.8896,197.6929,t002,FIJTB
2528933400,1927562,2,tobillo,swing,0.9716,1.4368,-0.2383,37.5977,58.5327,184.4482,t002,FIJTB
2528933403,1927578,2,tobillo,swing,1.0863,1.5144,-0.3784,25.6958,57.3730,152.8320,t002,FIJTB
2528933404,1927594,2,tobillo,swing,1.0624,1.4646,-0.3706,26.4282,42.6636,114.9292,t002,FIJTB
2528933404,1927609,2,tobillo,swing,0.9784,1.2273,-0.2582,28.5034,27.8931,89.5386,t002,FIJTB
2528933454,1927625,2,tobillo,swing,0.8142,1.1470,-0.2482,24.7803,5.5542,62.1948,t002,FIJTB
2528933454,1927641,2,tobillo,swing,0.4468,1.1249,-0.2692,19.7144,4.5776,61.1572,t002,FIJTB
2528933454,1927657,2,tobillo,swing,0.3817,1.0195,-0.1589,15.9912,15.7471,46.8140,t002,FIJTB
2528933502,1927673,2,tobillo,swing,0.3712,0.9857,-0.1160,10.6812,18.1885,22.9492,t002,FIJTB
2528933503,1927688,2,tobillo,swing,0.2761,0.9902,-0.0642,7.3853,16.6016,15.6860,t002,FIJTB
2528933503,1927704,2,tobillo,swing,0.2415,0.9778,-0.0526,6.5918,13.3057,9.5215,t002,FIJTB
2528933553,1927720,2,tobillo,swing,0.2014,0.9620,-0.0524,7.3853,11.0474,8.8501,t002,FIJTB
2528933553,1927736,2,tobillo,swing,0.1327,0.9749,-0.0405,9.2163,4.6997,8.6670,t002,FIJTB
2528933554,1927751,2,tobillo,swing,0.0736,1.0074,-0.0649,9.1553,1.0376,4.9438,t002,FIJTB
2528933600,1927767,2,tobillo,swing,0.1338,1.0143,-0.1498,8.6670,3.7231,3.1128,t002,FIJTB
2528933602,1927783,2,tobillo,swing,0.2061,0.9988,-0.1554,3.7231,3.7231,-0.9766,t002,FIJTB
2528933603,1927799,2,tobillo,swing,0.0413,0.9886,-0.2194,-2.6855,5.1270,3.4180,t002,FIJTB
2528933653,1927815,2,tobillo,swing,-0.2404,0.9376,0.0155,-9.5825,12.8784,12.2070,t002,FIJTB
2528933653,1927831,2,tobillo,swing,-0.3169,0.9390,0.0126,-4.3335,8.3618,3.4790,t002,FIJTB
2528933654,1927846,2,tobillo,swing,-0.1379,1.0358,-0.1703,-2.3193,10.8643,1.9531,t002,FIJTB
2528933699,1927862,2,tobillo,swing,0.0234,1.0631,-0.1758,1.9531,13.7329,1.5869,t002,FIJTB
2528933702,1927878,2,tobillo,swing,-0.0493,1.0221,-0.0350,4.5776,8.4839,2.3193,t002,FIJTB
2528933703,1927894,2,tobillo,swing,-0.1285,0.9795,-0.0096,6.1035,3.1128,0.4272,t002,FIJTB
2528933753,1927910,2,tobillo,swing,-0.1113,0.9844,-0.0315,6.0425,5.3101,-2.0142,t002,FIJTB
2528933754,1927926,2,tobillo,swing,-0.1028,1.0001,-0.0474,7.6904,6.3477,-3.0518,t002,FIJTB
2528933754,1927942,2,tobillo,swing,-0.0902,0.9871,-0.0354,9.0332,5.9814,-5.9814,t002,FIJTB
2528933754,1927958,2,tobillo,swing,-0.0780,0.9753,-0.0292,5.4321,2.4414,-5.7983,t002,FIJTB
2528933801,1927974,2,tobillo,swing,-0.1061,0.9663,-0.0397,3.6621,0.8545,-4.7607,t002,FIJTB
2528933804,1927990,2,tobillo,swing,-0.1104,0.9675,-0.0504,1.8921,0.3052,-4.4556,t002,FIJTB
2528933804,1928006,2,tobillo,swing,-0.0970,0.9680,-0.0592,1.8311,0.7324,-4.4556,t002,FIJTB
2528933854,1928022,2,tobillo,swing,-0.1028,0.9712,-0.0591,0.9155,1.2817,-3.3569,t002,FIJTB
2528933854,1928038,2,tobillo,swing,-0.1023,0.9733,-0.0609,0.8545,0.6714,-2.9907,t002,FIJTB
2528933855,1928054,2,tobillo,swing,-0.1041,0.9727,-0.0526,0.7935,0.3052,-2.9907,t002,FIJTB
2528933900,1928069,2,tobillo,swing,-0.0962,0.9728,-0.0458,-0.1831,0.0610,-3.4790,t002,FIJTB
2528933903,1928085,2,tobillo,swing,-0.0848,0.9730,-0.0344,-1.5259,0.5493,-3.6011,t002,FIJTB
2528933903,1928102,2,tobillo,swing,-0.0977,0.9745,-0.0366,-2.1362,1.1597,-3.6621,t002,FIJTB
2528933953,1928117,2,tobillo,swing,-0.1027,0.9772,-0.0427,-2.9297,1.8921,-4.2725,t002,FIJTB
2528933954,1928133,2,tobillo,swing,-0.0682,0.9786,-0.0386,-2.6245,1.4038,-4.2725,t002,FIJTB
2528933954,1928149,2,tobillo,swing,-0.0656,0.9781,-0.0332,-2.3804,-0.9155,-2.1973,t002,FIJTB
2528934000,1928166,2,tobillo,swing,-0.0693,0.9791,-0.0317,-2.5024,-3.1738,-0.1831,t002,FIJTB
2528934002,1928182,2,tobillo,swing,-0.0853,0.9702,-0.0355,-2.8687,-3.6621,0.3662,t002,FIJTB
2528934003,1928198,2,tobillo,swing,-0.0939,0.9678,-0.0430,-3.6621,-2.3804,-0.0610,t002,FIJTB
2528934051,1928214,2,tobillo,swing,-0.0857,0.9734,-0.0640,-1.8921,-0.1831,-0.8545,t002,FIJTB
2528934052,1928230,2,tobillo,swing,-0.0779,0.9723,-0.0713,-0.8545,0.2441,-0.6714,t002,FIJTB
2528934053,1928246,2,tobillo,swing,-0.0759,0.9686,-0.0697,0.7324,-0.5493,-0.2441,t002,FIJTB
2528934097,1928262,2,tobillo,swing,-0.0834,0.9697,-0.0564,1.2817,-0.9155,0.0610,t002,FIJTB
2528934100,1928278,2,tobillo,swing,-0.1002,0.9796,-0.0502,2.0752,-0.1221,0.0610,t002,FIJTB
2528934100,1928294,2,tobillo,swing,-0.1002,0.9821,-0.0510,3.1128,1.2207,-2.3193,t002,FIJTB
2528934150,1928310,2,tobillo,swing,-0.0879,0.9812,-0.0497,3.2349,1.2207,-3.4790,t002,FIJTB
2528934150,1928325,2,tobillo,swing,-0.0852,0.9791,-0.0468,2.9297,0.5493,-3.9673,t002,FIJTB
2528934151,1928341,2,tobillo,swing,-0.0978,0.9791,-0.0381,2.6855,0.2441,-4.5166,t002,FIJTB
2528934196,1928357,2,tobillo,swing,-0.1035,0.9836,-0.0394,2.4414,0.2441,-7.2021,t002,FIJTB
2528934198,1928373,2,tobillo,swing,-0.0983,0.9861,-0.0413,1.4648,-0.4883,-10.3149,t002,FIJTB
2528934199,1928389,2,tobillo,swing,-0.0908,0.9897,-0.0359,1.0376,-1.7700,-11.4746,t002,FIJTB
2528934224,1928405,2,tobillo,swing,-0.0898,0.9907,-0.0286,-0.4272,-4.3945,-13.2446,t002,FIJTB
2528934249,1928422,2,tobillo,swing,-0.0889,0.9923,-0.0271,-2.7466,-5.0659,-16.2354,t002,FIJTB
2528934250,1928438,2,tobillo,swing,-0.0886,0.9984,-0.0339,-3.4790,-4.3335,-18.4326,t002,FIJTB
2528934250,1928454,2,tobillo,swing,-0.0999,1.0078,-0.0396,-3.1128,-2.8076,-23.4375,t002,FIJTB
2528934296,1928470,2,tobillo,swing,-0.1024,1.0184,-0.0431,-1.9531,-2.6245,-29.3579,t002,FIJTB
2528934297,1928486,2,tobillo,swing,-0.0990,1.0303,-0.0388,-2.2583,-3.4790,-32.1045,t002,FIJTB
2528934298,1928502,2,tobillo,swing,-0.1044,1.0350,-0.0308,-4.2725,-6.1035,-38.0859,t002,FIJTB
2528934347,1928518,2,tobillo,swing,-0.0992,1.0592,-0.0105,-5.3101,-6.5918,-41.9311,t002,FIJTB
2528934347,1928534,2,tobillo,swing,-0.1133,1.1111,-0.0118,-7.4463,-8.4229,-49.4995,t002,FIJTB
2528934348,1928550,2,tobillo,swing,-0.1110,1.1245,-0.0061,-10.6201,-11.9019,-56.9458,t002,FIJTB
2528934394,1928566,2,tobillo,swing,-0.1202,1.1577,0.0165,-13.1226,-12.6953,-62.1948,t002,FIJTB
2528934395,1928583,2,tobillo,swing,-0.1339,1.1912,0.0262,-15.2588,-15.1978,-73.5474,t002,FIJTB
2528934395,1928599,2,tobillo,swing,-0.1125,1.2090,0.0277,-15.4419,-15.3809,-82.9468,t002,FIJTB
2528934443,1928615,2,tobillo,swing,-0.0844,1.1290,-0.0349,-14.9536,-12.6343,-82.8247,t002,FIJTB
2528934444,1928631,2,tobillo,swing,-0.0693,1.0569,-0.0641,-21.1182,4.9438,-76.9653,t002,FIJTB
2528934444,1928647,2,tobillo,swing,0.0962,1.0146,-0.1167,-25.6348,14.2212,-75.2563,t002,FIJTB
2528934489,1928663,2,tobillo,swing,0.1718,0.9855,-0.2054,-24.6582,16.8457,-68.7866,t002,FIJTB
2528934492,1928679,2,tobillo,swing,0.0015,0.9238,-0.0974,-10.8032,8.7891,-46.2036,t002,FIJTB
2528934492,1928695,2,tobillo,swing,-0.5928,0.7274,0.1416,-2.5024,5.7983,-29.2358,t002,FIJTB
2528934540,1928711,2,tobillo,swing,-0.6630,0.6754,0.1458,1.0986,16.6016,-5.9204,t002,FIJTB
2528934540,1928727,2,tobillo,swing,-0.4972,0.6985,0.0687,0.5493,34.6069,22.2168,t002,FIJTB
2528934541,1928742,2,tobillo,swing,-0.4647,0.7251,0.0758,3.6621,35.5835,36.4380,t002,FIJTB
2528934585,1928758,2,tobillo,swing,-0.4293,0.7434,0.0824,14.2212,33.1421,59.0820,t002,FIJTB
2528934587,1928774,2,tobillo,swing,-0.4312,0.8148,0.0643,17.7002,29.4800,72.4487,t002,FIJTB
2528934587,1928790,2,tobillo,swing,-0.4302,0.8607,0.0508,22.6440,22.0337,96.1914,t002,FIJTB
2528934635,1928805,2,tobillo,swing,-0.3906,0.9155,0.0532,26.2451,19.7144,104.7974,t002,FIJTB
2528934636,1928821,2,tobillo,swing,-0.3682,0.9512,0.0652,33.2031,13.1226,118.7744,t002,FIJTB
2528934636,1928837,2,tobillo,swing,-0.3690,0.9750,0.0612,36.0718,7.3853,130.0659,t002,FIJTB
2528934681,1928853,2,tobillo,swing,-0.3374,1.0201,0.0531,36.6821,7.8125,133.7891,t002,FIJTB
2528934681,1928869,2,tobillo,swing,-0.2980,1.0431,0.0491,38.8184,13.7329,139.4653,t002,FIJTB
2528934683,1928885,2,tobillo,swing,-0.2927,1.0948,0.0349,40.5884,17.3950,152.2827,t002,FIJTB
2528934733,1928900,2,tobillo,swing,-0.3392,1.1279,0.0046,39.9780,18.4937,157.6538,t002,FIJTB
2528934733,1928916,2,tobillo,swing,-0.3152,1.1530,-0.0585,36.1938,22.5220,157.2266,t002,FIJTB
2528934733,1928932,2,tobillo,swing,-0.1495,1.2695,-0.1376,35.3394,29.6631,155.9448,t002,FIJTB
2528934777,1928948,2,tobillo,swing,-0.1444,1.2312,-0.0695,41.3818,45.0439,163.0859,t002,FIJTB
2528934780,1928964,2,tobillo,swing,-0.2023,1.1667,-0.0380,42.6025,42.9077,162.8418,t002,FIJTB
2528934780,1928979,2,tobillo,swing,-0.2102,1.1456,-0.0502,39.2456,41.8091,154.4189,t002,FIJTB
2528934829,1928995,2,tobillo,swing,-0.1453,1.1819,-0.0702,35.0342,47.2412,136.4136,t002,FIJTB
2528934829,1929011,2,tobillo,swing,-0.0858,1.1843,-0.0868,35.9497,49.0112,129.1504,t002,FIJTB
2528934829,1929027,2,tobillo,swing,-0.1210,1.0989,-0.1444,36.6821,42.9077,112.6709,t002,FIJTB
2528934874,1929043,2,tobillo,swing,-0.0803,1.0933,-0.2101,32.1655,33.6304,94.6045,t002,FIJTB
2528934876,1929059,2,tobillo,swing,0.0171,1.0752,-0.1656,31.4941,33.3862,88.2568,t002,FIJTB
2528934876,1929075,2,tobillo,swing,-0.0697,0.9996,-0.0787,32.2876,25.9399,76.2329,t002,FIJTB
2528934925,1929091,2,tobillo,swing,-0.2460,0.8634,-0.0388,27.2217,19.9585,63.7207,t002,FIJTB
2528934926,1929107,2,tobillo,swing,-0.1884,0.8804,-0.0330,14.0991,16.6016,36.0107,t002,FIJTB
2528934926,1929123,2,tobillo,swing,-0.2115,0.8772,-0.0005,11.6577,12.2070,28.1982,t002,FIJTB
2528934973,1929139,2,tobillo,swing,-0.3456,0.7985,0.0697,12.5732,8.9111,26.4893,t002,FIJTB
2528934973,1929155,2,tobillo,swing,-0.3629,0.7762,0.0802,9.5825,6.0425,22.1558,t002,FIJTB
2528934973,1929170,2,tobillo,swing,-0.3037,0.7964,0.0681,5.2490,2.1362,21.7895,t002,FIJTB
2528935022,1929186,2,tobillo,swing,-0.3341,0.8102,0.0542,4.3335,-1.0986,19.4092,t002,FIJTB
2528935022,1929202,2,tobillo,swing,-0.3220,0.8057,0.0330,2.3804,-2.1973,8.1177,t002,FIJTB
2528935023,1929218,2,tobillo,swing,-0.1942,0.7892,-0.0308,0.3662,-0.7324,2.6855,t002,FIJTB
2528935068,1929234,2,tobillo,swing,-0.1809,0.7841,-0.0659,-2.9297,-2.5635,-6.6528,t002,FIJTB
2528935070,1929250,2,tobillo,swing,-0.2339,0.7858,-0.0818,-8.4839,-6.5918,-21.3623,t002,FIJTB
2528935070,1929266,2,tobillo,swing,-0.2587,0.8101,-0.1062,-12.8784,-5.9814,-29.4189,t002,FIJTB
2528935119,1929282,2,tobillo,swing,-0.2307,0.8064,-0.1188,-20.0806,-4.2114,-40.2222,t002,FIJTB
2528935119,1929299,2,tobillo,swing,-0.2830,0.8262,-0.0747,-26.0620,-5.7983,-41.5039,t002,FIJTB
2528935120,1929315,2,tobillo,swing,-0.7338,0.9308,0.2665,-23.4985,-0.9155,-31.3110,t002,FIJTB
2528935165,1929331,2,tobillo,swing,-0.8977,0.7971,0.3856,-4.4556,18.3105,-24.7803,t002,FIJTB
2528935167,1929347,2,tobillo,swing,-0.8964,0.6616,0.3114,-9.3994,25.3906,-37.9639,t002,FIJTB
2528935167,1929363,2,tobillo,swing,-0.6361,0.9969,0.3607,-52.1851,51.5137,-67.0776,t002,FIJTB
2528935185,1929379,2,tobillo,swing,-0.4922,1.2415,0.4319,-60.8520,41.9311,-101.0742,t002,FIJTB
2528935216,1929395,2,tobillo,swing,-0.1102,1.3329,0.2262,-46.6309,26.1841,-126.0376,t002,FIJTB
2528935216,1929411,2,tobillo,swing,-0.0292,1.2421,0.0677,-27.2217,25.5127,-118.9575,t002,FIJTB
2528935261,1929427,2,tobillo,swing,-0.1696,1.0322,-0.1201,-51.8188,31.3110,-54.1992,t002,FIJTB
2528935262,1929443,2,tobillo,loading,-0.2985,0.9867,0.0146,-57.8613,28.2593,-43.7622,t002,FIJTB
2528935262,1929459,2,tobillo,loading,-0.2933,0.9760,0.0374,-45.7153,22.8882,-48.5840,t002,FIJTB
2528935317,1929475,2,tobillo,loading,-0.2899,0.9247,-0.0659,-37.1094,20.0195,-47.1191,t002,FIJTB
2528935317,1929491,2,tobillo,loading,-0.2504,0.9451,-0.1155,-36.0107,3.1738,-35.6445,t002,FIJTB
2528935318,1929507,2,tobillo,loading,-0.2482,0.9705,-0.0409,-31.0669,-9.5825,-28.0151,t002,FIJTB
2528935318,1929524,2,tobillo,loading,-0.2308,1.0269,0.0425,-26.1230,-8.1177,-25.2686,t002,FIJTB
2528935364,1929540,2,tobillo,loading,-0.2322,0.9539,0.0769,-19.6533,2.8687,-16.1133,t002,FIJTB
2528935367,1929556,2,tobillo,loading,-0.2389,0.9497,0.1118,-20.0195,7.3242,-11.1084,t002,FIJTB
2528935367,1929572,2,tobillo,loading,-0.2078,0.9502,0.1372,-21.8506,6.6528,-10.7422,t002,FIJTB
2528935417,1929588,2,tobillo,loading,-0.2109,0.9581,0.1038,-26.7944,7.9346,-3.9673,t002,FIJTB
2528935417,1929604,2,tobillo,loading,-0.3702,0.9016,-0.0350,-28.9307,7.9956,0.4883,t002,FIJTB
2528935417,1929619,2,tobillo,loading,-0.4172,0.9221,-0.0865,-25.8179,10.6201,-3.8452,t002,FIJTB
2528935463,1929635,2,tobillo,loading,-0.3856,0.9283,-0.0970,-13.1836,5.9814,-12.5732,t002,FIJTB
2528935465,1929652,2,tobillo,loading,-0.3562,0.9177,-0.0819,-10.1318,-0.6104,-13.7329,t002,FIJTB
2528935465,1929668,2,tobillo,loading,-0.3315,0.9198,-0.0840,-8.8501,-15.5029,-14.8926,t002,FIJTB
2528935514,1929684,2,tobillo,loading,-0.2841,0.9384,-0.0305,-8.4229,-20.7520,-13.8550,t002,FIJTB
2528935515,1929700,2,tobillo,loading,-0.2903,0.9569,0.0055,-7.6904,-19.8975,-14.0991,t002,FIJTB
2528935515,1929716,2,tobillo,loading,-0.3171,0.9474,-0.0029,-6.3477,-12.7563,-19.0430,t002,FIJTB
2528935559,1929732,2,tobillo,loading,-0.2915,0.9578,-0.0079,-6.9580,-7.4463,-21.6675,t002,FIJTB
2528935560,1929748,2,tobillo,midstance,-0.2095,0.9490,-0.0297,-3.7231,-3.1738,-20.3247,t002,FIJTB
2528935560,1929764,2,tobillo,midstance,-0.2334,0.9508,-0.0413,-3.6011,-10.0708,-13.2446,t002,FIJTB
2528935612,1929780,2,tobillo,midstance,-0.2908,0.9438,-0.0414,-3.7842,-11.7798,-13.1226,t002,FIJTB
2528935613,1929796,2,tobillo,midstance,-0.2690,0.9340,-0.0245,-2.0752,-8.3008,-16.1743,t002,FIJTB
2528935613,1929813,2,tobillo,midstance,-0.2324,0.9484,-0.0269,-1.4038,-3.4790,-16.2964,t002,FIJTB
2528935659,1929829,2,tobillo,midstance,-0.2281,0.9556,-0.0458,-2.6855,-3.5400,-13.9160,t002,FIJTB
2528935659,1929845,2,tobillo,midstance,-0.2406,0.9473,-0.0425,-2.3804,-4.9438,-10.3149,t002,FIJTB
2528935660,1929861,2,tobillo,midstance,-0.2214,0.9490,-0.0282,-1.7090,-4.9438,-7.7515,t002,FIJTB
2528935710,1929878,2,tobillo,midstance,-0.2203,0.9503,-0.0089,-2.0142,-5.0659,-5.8594,t002,FIJTB
2528935711,1929894,2,tobillo,midstance,-0.2218,0.9453,-0.0125,-3.6621,-6.0425,-1.8311,t002,FIJTB
2528935711,1929910,2,tobillo,midstance,-0.2316,0.9476,-0.0193,-6.0425,-8.4229,0.8545,t002,FIJTB
2528935757,1929926,2,tobillo,midstance,-0.2483,0.9471,-0.0371,-6.5308,-9.3384,1.3428,t002,FIJTB
2528935758,1929942,2,tobillo,midstance,-0.2604,0.9479,-0.0430,-6.2256,-8.3618,0.4883,t002,FIJTB
2528935758,1929959,2,tobillo,midstance,-0.2722,0.9388,-0.0510,-5.4932,-7.5073,-1.0376,t002,FIJTB
2528935807,1929975,2,tobillo,midstance,-0.2494,0.9369,-0.0333,-4.0894,-6.1035,-3.9062,t002,FIJTB
2528935807,1929991,2,tobillo,midstance,-0.2526,0.9358,-0.0306,-4.0894,-5.1270,-3.2349,t002,FIJTB
2528935808,1930007,2,tobillo,midstance,-0.2704,0.9407,-0.0491,-3.6011,-4.1504,-3.4180,t002,FIJTB
2528935853,1930023,2,tobillo,midstance,-0.2601,0.9468,-0.0699,-2.0752,-0.7935,-5.3711,t002,FIJTB
2528935853,1930039,2,tobillo,midstance,-0.2449,0.9579,-0.0640,-4.0894,0.9155,-6.7749,t002,FIJTB
2528935854,1930056,2,tobillo,midstance,-0.2239,0.9467,-0.0331,-4.6997,0.3052,-5.7373,t002,FIJTB
2528935903,1930072,2,tobillo,midstance,-0.2269,0.9508,-0.0311,-6.7139,-1.7090,-2.9907,t002,FIJTB
2528935904,1930088,2,tobillo,midstance,-0.2523,0.9521,-0.0532,-7.5073,-1.2817,-4.0894,t002,FIJTB
2528935904,1930104,2,tobillo,midstance,-0.2542,0.9492,-0.0677,-7.3853,0.2441,-5.6763,t002,FIJTB
2528935949,1930120,2,tobillo,midstance,-0.2601,0.9357,-0.0680,-5.5542,3.4180,-6.8970,t002,FIJTB
2528935950,1930136,2,tobillo,midstance,-0.2161,0.9576,-0.0509,-4.4556,3.9062,-6.9580,t002,FIJTB
2528935950,1930152,2,tobillo,midstance,-0.2305,0.9487,-0.0503,-3.9673,2.5024,-6.9580,t002,FIJTB
2528935997,1930168,2,tobillo,midstance,-0.2316,0.9532,-0.0585,-4.5776,3.2349,-7.2021,t002,FIJTB
2528935998,1930184,2,tobillo,midstance,-0.2256,0.9485,-0.0729,-4.5166,4.3945,-7.0801,t002,FIJTB
2528935998,1930200,2,tobillo,midstance,-0.2281,0.9463,-0.0602,-3.6621,4.2725,-6.5918,t002,FIJTB
2528936043,1930216,2,tobillo,midstance,-0.2106,0.9500,-0.0426,-3.9062,1.8311,-5.2490,t002,FIJTB
2528936045,1930232,2,tobillo,midstance,-0.1976,0.9523,-0.0521,-4.8218,1.0376,-3.9673,t002,FIJTB
2528936045,1930249,2,tobillo,midstance,-0.2004,0.9641,-0.0643,-6.5308,-0.6714,-1.9531,t002,FIJTB
2528936093,1930265,2,tobillo,midstance,-0.2224,0.9669,-0.0771,-6.2866,-1.0376,-1.7700,t002,FIJTB
2528936093,1930281,2,tobillo,midstance,-0.2209,0.9650,-0.0569,-5.1880,-1.2207,-2.1973,t002,FIJTB
2528936094,1930297,2,tobillo,midstance,-0.2345,0.9564,-0.0660,-6.1035,-2.8076,-2.0142,t002,FIJTB
2528936139,1930313,2,tobillo,midstance,-0.2256,0.9514,-0.0950,-5.9814,-3.4790,-2.5635,t002,FIJTB
2528936140,1930329,2,tobillo,midstance,-0.2148,0.9553,-0.0824,-3.7842,-3.0518,-3.1128,t002,FIJTB
2528936140,1930345,2,tobillo,midstance,-0.2104,0.9553,-0.0696,-1.4038,-3.7231,-2.9907,t002,FIJTB
2528936188,1930361,2,tobillo,midstance,-0.2163,0.9519,-0.0618,-1.2817,-4.6387,-2.9297,t002,FIJTB
2528936189,1930378,2,tobillo,midstance,-0.2349,0.9464,-0.0720,-2.5635,-4.9438,-3.9062,t002,FIJTB
2528936189,1930394,2,tobillo,midstance,-0.2552,0.9413,-0.0822,-2.3804,-2.5024,-7.9346,t002,FIJTB
2528936235,1930410,2,tobillo,midstance,-0.2246,0.9557,-0.0844,-2.0142,-1.5259,-10.1318,t002,FIJTB
2528936236,1930426,2,tobillo,midstance,-0.2256,0.9476,-0.0851,-2.4414,-2.5024,-11.9019,t002,FIJTB
2528936237,1930442,2,tobillo,midstance,-0.2402,0.9473,-0.0792,-3.3569,-3.1128,-12.8784,t002,FIJTB
2528936285,1930458,2,tobillo,midstance,-0.2140,0.9534,-0.0699,-3.9673,-1.1597,-15.7471,t002,FIJTB
2528936285,1930474,2,tobillo,midstance,-0.1857,0.9642,-0.0824,-4.4556,1.1597,-16.4795,t002,FIJTB
2528936286,1930490,2,tobillo,midstance,-0.1904,0.9642,-0.1063,-4.3945,0.1221,-15.7471,t002,FIJTB
2528936331,1930506,2,tobillo,midstance,-0.1747,0.9558,-0.0892,-3.4790,-3.3569,-15.0146,t002,FIJTB
2528936333,1930523,2,tobillo,midstance,-0.1765,0.9537,-0.0844,-4.1504,-2.3193,-13.3057,t002,FIJTB
2528936334,1930539,2,tobillo,midstance,-0.1852,0.9587,-0.0889,-3.9062,-0.8545,-12.6953,t002,FIJTB
2528936382,1930555,2,tobillo,midstance,-0.2017,0.9551,-0.0918,-3.1738,-1.6479,-12.0239,t002,FIJTB
2528936383,1930571,2,tobillo,midstance,-0.1863,0.9578,-0.0603,-5.7373,-5.3711,-14.4043,t002,FIJTB
2528936383,1930587,2,tobillo,midstance,-0.2053,0.9537,-0.0538,-8.0566,-5.3101,-16.2354,t002,FIJTB
2528936427,1930604,2,tobillo,terminal,-0.2170,0.9620,-0.0615,-10.4980,-1.9531,-21.5454,t002,FIJTB
2528936428,1930620,2,tobillo,terminal,-0.1802,0.9518,-0.0724,-10.5591,0.1831,-23.8037,t002,FIJTB
2528936431,1930636,2,tobillo,terminal,-0.1395,0.9612,-0.0585,-11.5356,3.4790,-26.1841,t002,FIJTB
2528936481,1930652,2,tobillo,terminal,-0.1484,0.9688,-0.0753,-12.8174,5.7983,-28.1982,t002,FIJTB
2528936481,1930668,2,tobillo,terminal,-0.1549,0.9719,-0.1040,-12.8174,6.8970,-29.3579,t002,FIJTB
2528936482,1930684,2,tobillo,terminal,-0.1514,0.9705,-0.1248,-11.7798,8.6060,-32.4097,t002,FIJTB
2528936527,1930700,2,tobillo,terminal,-0.1272,0.9784,-0.1229,-12.5732,7.2632,-36.9263,t002,FIJTB
2528936529,1930716,2,tobillo,terminal,-0.1030,0.9775,-0.0962,-13.9160,5.6152,-38.9404,t002,FIJTB
2528936530,1930732,2,tobillo,terminal,-0.0898,0.9847,-0.1045,-15.5029,0.7935,-37.5977,t002,FIJTB
2528936578,1930748,2,tobillo,terminal,-0.0939,0.9891,-0.1138,-16.7847,-1.0376,-35.2173,t002,FIJTB
2528936579,1930764,2,tobillo,terminal,-0.0625,0.9807,-0.1200,-19.8364,-3.3569,-35.7666,t002,FIJTB
2528936580,1930780,2,tobillo,terminal,-0.0487,0.9814,-0.1250,-23.3154,-7.5073,-36.9873,t002,FIJTB
2528936628,1930797,2,tobillo,terminal,-0.0665,0.9845,-0.1373,-25.6348,-9.0332,-36.4380,t002,FIJTB
2528936628,1930813,2,tobillo,terminal,-0.0818,0.9905,-0.1576,-29.3579,-10.1929,-35.2783,t002,FIJTB
2528936628,1930829,2,tobillo,terminal,-0.0835,0.9865,-0.1648,-30.1514,-9.5825,-37.0483,t002,FIJTB
2528936677,1930845,2,tobillo,terminal,-0.0465,0.9948,-0.1589,-30.1514,-9.0942,-38.5742,t002,FIJTB
2528936678,1930861,2,tobillo,terminal,-0.0376,1.0094,-0.1627,-30.2124,-8.4229,-41.8701,t002,FIJTB
2528936678,1930877,2,tobillo,terminal,-0.0297,1.0000,-0.1748,-30.9448,-8.1177,-44.9829,t002,FIJTB
2528936723,1930894,2,tobillo,terminal,0.0051,1.0121,-0.1678,-31.6772,-8.8501,-45.4712,t002,FIJTB
2528936725,1930910,2,tobillo,terminal,-0.0159,1.0172,-0.1754,-35.4004,-12.2681,-46.4478,t002,FIJTB
2528936726,1930926,2,tobillo,terminal,-0.0334,1.0330,-0.1852,-37.5366,-14.2822,-48.8281,t002,FIJTB
2528936773,1930942,2,tobillo,terminal,0.0303,1.0482,-0.1713,-40.2222,-16.4185,-57.4341,t002,FIJTB
2528936773,1930958,2,tobillo,terminal,0.0297,1.0847,-0.1819,-40.4053,-18.0054,-64.3921,t002,FIJTB
2528936774,1930974,2,tobillo,terminal,0.0000,1.1218,-0.2056,-38.8794,-18.7988,-70.4956,t002,FIJTB
2528936820,1930991,2,tobillo,terminal,0.0225,1.1488,-0.2068,-35.0342,-20.9961,-85.1440,t002,FIJTB
2528936821,1931007,2,tobillo,terminal,0.0538,1.1809,-0.2079,-40.0391,-25.5737,-89.4165,t002,FIJTB
2528936821,1931023,2,tobillo,terminal,-0.0048,1.1943,-0.2202,-41.0156,-31.0059,-85.5713,t002,FIJTB
2528936869,1931039,2,tobillo,terminal,-0.0457,1.1606,-0.2422,-37.6587,-44.0063,-85.9985,t002,FIJTB
2528936870,1931055,2,tobillo,terminal,-0.0256,1.1400,-0.2408,-36.8652,-53.7109,-93.2617,t002,FIJTB
2528936870,1931071,2,tobillo,terminal,0.0576,1.0852,-0.2076,-36.8652,-59.0210,-94.1772,t002,FIJTB
2528936913,1931087,2,tobillo,swing,0.0918,1.0732,-0.1891,-35.5835,-76.0498,-94.8486,t002,FIJTB
2528936913,1931103,2,tobillo,swing,0.1074,1.0377,-0.1366,-35.0952,-84.2895,-97.6562,t002,FIJTB
2528936914,1931120,2,tobillo,swing,0.0696,0.9899,-0.1384,-38.5742,-92.7734,-105.4687,t002,FIJTB
2528936965,1931136,2,tobillo,swing,0.0605,0.9738,-0.1731,-47.3022,-82.6416,-108.2153,t002,FIJTB
2528936966,1931152,2,tobillo,swing,0.2562,0.9735,-0.2272,-48.4009,-72.7539,-107.6660,t002,FIJTB
2528936966,1931168,2,tobillo,swing,0.4707,0.9330,-0.3291,-42.4805,-55.1147,-108.8867,t002,FIJTB
2528937011,1931184,2,tobillo,swing,0.4933,0.9059,-0.4041,-39.6118,-56.3965,-97.2900,t002,FIJTB
2528937013,1931200,2,tobillo,swing,0.5742,0.9464,-0.5854,-39.3066,-62.1338,-86.1816,t002,FIJTB
2528937014,1931216,2,tobillo,swing,0.5403,0.9381,-0.5681,-31.1890,-81.0547,-69.0308,t002,FIJTB
2528937061,1931232,2,tobillo,swing,0.4633,0.8743,-0.5687,-29.6631,-96.1914,-54.6265,t002,FIJTB
2528937061,1931248,2,tobillo,swing,0.3246,0.8289,-0.4629,-31.1890,-102.1118,-46.0205,t002,FIJTB
2528937062,1931264,2,tobillo,swing,0.3119,0.7858,-0.3938,-30.4565,-97.6562,-52.1851,t002,FIJTB
2528937107,1931280,2,tobillo,swing,0.3156,0.6572,-0.3300,-29.6631,-94.8486,-59.9365,t002,FIJTB
2528937107,1931296,2,tobillo,swing,0.3705,0.7196,-0.4102,-30.4565,-119.6899,-56.7627,t002,FIJTB
2528937108,1931312,2,tobillo,swing,0.2982,0.8802,-0.3193,-28.8086,-140.9912,-13.0005,t002,FIJTB
2528937156,1931328,2,tobillo,swing,-0.0187,0.7537,-0.1873,-15.5029,-134.7046,17.7612,t002,FIJTB
2528937156,1931344,2,tobillo,swing,-0.0988,0.5564,-0.1075,7.1411,-99.4263,48.7061,t002,FIJTB
2528937156,1931360,2,tobillo,swing,-0.1256,0.4052,0.0645,7.4463,-73.7915,49.8047,t002,FIJTB
2528937199,1931376,2,tobillo,swing,-0.1458,0.4141,0.1749,2.8687,-52.8564,70.9839,t002,FIJTB
2528937201,1931392,2,tobillo,swing,-0.1198,0.4087,0.1624,7.9956,-65.1245,98.3276,t002,FIJTB
2528937203,1931407,2,tobillo,swing,-0.1396,0.4049,0.1049,7.7515,-59.2651,101.9287,t002,FIJTB
2528937250,1931423,2,tobillo,swing,-0.1605,0.4468,0.1078,6.2256,-25.0244,116.3330,t002,FIJTB
2528937250,1931439,2,tobillo,swing,-0.1144,0.6116,0.1051,9.7046,14.2822,155.2734,t002,FIJTB
2528937250,1931455,2,tobillo,swing,-0.1821,0.7008,0.1659,13.4277,32.2876,173.7671,t002,FIJTB
2528937295,1931471,2,tobillo,swing,-0.1873,0.7251,0.1733,25.0244,63.9038,191.4673,t002,FIJTB
2528937296,1931486,2,tobillo,swing,-0.0215,0.8220,0.0950,28.9307,81.2988,194.9463,t002,FIJTB
2528937296,1931502,2,tobillo,swing,0.0654,0.8992,0.0675,32.8979,114.0137,213.1348,t002,FIJTB
2528937343,1931518,2,tobillo,swing,0.0995,1.0944,0.0748,34.7290,125.4883,225.5249,t002,FIJTB
2528937343,1931533,2,tobillo,swing,0.0881,1.2758,0.0289,40.3442,137.0239,239.3188,t002,FIJTB
2528937343,1931549,2,tobillo,swing,0.1581,1.4066,-0.0406,48.5840,139.8926,231.4453,t002,FIJTB
2528937386,1931565,2,tobillo,swing,0.3179,1.5688,-0.1752,55.6641,137.7563,223.8159,t002,FIJTB
2528937388,1931581,2,tobillo,swing,0.3042,1.5569,-0.2157,68.6646,118.5303,204.8950,t002,FIJTB
2528937419,1931596,2,tobillo,swing,0.1404,1.4736,-0.3102,69.8242,104.9805,193.5425,t002,FIJTB
2528937436,1931612,2,tobillo,swing,0.1177,1.5468,-0.4093,59.9976,84.5947,170.0439,t002,FIJTB
2528937436,1931628,2,tobillo,swing,0.1606,1.5568,-0.4354,49.9268,73.0591,148.4375,t002,FIJTB
2528937479,1931643,2,tobillo,swing,0.1901,1.4059,-0.4333,47.3022,66.1621,137.4512,t002,FIJTB
2528937479,1931659,2,tobillo,swing,0.1921,1.3143,-0.3987,38.5132,46.9971,113.3423,t002,FIJTB
2528937479,1931675,2,tobillo,swing,0.2509,1.2139,-0.2827,32.4707,35.9497,99.7925,t002,FIJTB
2528937528,1931691,2,tobillo,swing,0.3357,1.2415,-0.3141,25.6348,14.7095,76.2939,t002,FIJTB
2528937528,1931707,2,tobillo,swing,0.3511,1.2502,-0.3372,22.6440,10.4370,65.2466,t002,FIJTB
2528937529,1931723,2,tobillo,swing,0.3896,1.1705,-0.3083,23.3154,16.4185,59.8755,t002,FIJTB
2528937573,1931738,2,tobillo,swing,0.4043,1.0844,-0.3083,23.1323,27.4658,44.1284,t002,FIJTB
2528937574,1931754,2,tobillo,swing,0.4138,0.9438,-0.3080,20.5078,30.9448,36.8652,t002,FIJTB
2528937574,1931770,2,tobillo,swing,0.5078,0.9335,-0.3237,10.8643,38.0859,22.9492,t002,FIJTB
2528937621,1931786,2,tobillo,swing,0.5741,0.9851,-0.3035,-7.2021,52.1851,19.4092,t002,FIJTB
2528937621,1931801,2,tobillo,swing,0.6180,1.1379,-0.3430,-13.4888,58.7769,21.9727,t002,FIJTB
2528937622,1931817,2,tobillo,swing,0.5098,1.1798,-0.3527,-13.2446,62.9272,16.6626,t002,FIJTB
2528937665,1931833,2,tobillo,swing,-0.0057,0.8739,-0.0173,-0.4883,65.3687,3.1738,t002,FIJTB
2528937668,1931849,2,tobillo,swing,-1.1672,0.7423,0.0249,9.5825,47.2412,40.5273,t002,FIJTB
2528937668,1931865,2,tobillo,swing,-1.2513,0.7937,-0.0209,4.3335,19.2871,39.9170,t002,FIJTB
2528937714,1931881,2,tobillo,swing,-0.1953,1.5201,0.0750,9.9487,21.2402,4.6387,t002,FIJTB
2528937715,1931896,2,tobillo,swing,-0.0902,1.2792,0.0186,28.4424,32.2266,-35.4614,t002,FIJTB
2528937715,1931912,2,tobillo,swing,-0.2169,0.8529,0.2277,17.5171,29.1748,-32.4707,t002,FIJTB
2528937759,1931928,2,tobillo,swing,-0.1302,0.9120,0.2664,-3.1738,19.2261,-15.0757,t002,FIJTB
2528937760,1931944,2,tobillo,swing,-0.2147,0.9075,0.2101,-5.0659,7.8125,-4.0894,t002,FIJTB
2528937760,1931960,2,tobillo,swing,-0.4076,0.9142,0.0728,-8.4229,4.8218,-3.9062,t002,FIJTB
2528937807,1931976,2,tobillo,swing,-0.4767,0.8873,0.0205,-9.8877,7.5684,-12.0850,t002,FIJTB
2528937808,1931992,2,tobillo,swing,-0.3396,0.9530,-0.0760,-4.2725,6.8970,-19.8364,t002,FIJTB
2528937808,1932008,2,tobillo,swing,-0.3643,0.8021,-0.0315,2.1362,1.0986,-21.3013,t002,FIJTB
2528937851,1932024,2,tobillo,swing,-0.3594,0.8815,-0.0011,7.2021,-15.1367,-28.3203,t002,FIJTB
2528937851,1932040,2,tobillo,loading,-0.2788,1.0040,0.0654,5.9814,-16.1133,-30.3955,t002,FIJTB
2528937851,1932056,2,tobillo,loading,-0.3340,0.8975,0.1136,3.4180,-15.0757,-33.3252,t002,FIJTB
2528937902,1932072,2,tobillo,loading,-0.3987,0.8784,0.1094,-11.7798,-15.6250,-38.2080,t002,FIJTB
2528937903,1932088,2,tobillo,loading,-0.4330,1.0681,0.0948,-22.9492,-11.1694,-44.0674,t002,FIJTB
2528937903,1932104,2,tobillo,loading,-0.4421,1.0375,0.1072,-26.2451,1.9531,-69.0308,t002,FIJTB
2528937947,1932120,2,tobillo,loading,-0.4933,0.9431,0.1067,-31.5552,10.8032,-85.8765,t002,FIJTB
2528937949,1932135,2,tobillo,loading,-0.5415,0.8945,0.0757,-30.6396,15.5029,-82.9468,t002,FIJTB
2528937950,1932151,2,tobillo,loading,-0.4905,0.8988,0.0720,-48.2788,18.4937,-75.1343,t002,FIJTB
2528937996,1932167,2,tobillo,loading,-0.5667,1.0804,0.3903,-49.3164,13.2446,-58.6548,t002,FIJTB
2528937997,1932183,2,tobillo,loading,-1.0948,0.8141,0.3370,-22.1558,-1.4038,-3.9062,t002,FIJTB
2528937997,1932199,2,tobillo,loading,-1.0364,0.6726,0.2838,-5.5542,1.4648,9.8267,t002,FIJTB
2528938040,1932215,2,tobillo,loading,-0.7252,0.6376,0.2617,0.1831,1.0376,14.0991,t002,FIJTB
2528938043,1932231,2,tobillo,loading,-0.7386,0.6871,0.2196,6.7749,-13.3667,35.4614,t002,FIJTB
2528938043,1932247,2,tobillo,loading,-0.7185,0.8387,0.1743,10.9253,-17.0898,41.5039,t002,FIJTB
2528938090,1932263,2,tobillo,loading,-0.5400,0.8597,0.1525,19.2871,-16.5405,42.6636,t002,FIJTB
2528938090,1932279,2,tobillo,loading,-0.5292,0.8813,0.1405,15.3198,-16.9067,55.1758,t002,FIJTB
2528938091,1932294,2,tobillo,loading,-0.5044,0.9739,0.0857,13.7329,-14.4043,58.1665,t002,FIJTB
2528938135,1932310,2,tobillo,loading,-0.3960,1.0371,0.0652,19.8364,-0.3662,56.9458,t002,FIJTB
2528938137,1932326,2,tobillo,loading,-0.2419,1.0295,0.0875,25.0244,6.5308,58.7158,t002,FIJTB
2528938137,1932342,2,tobillo,loading,-0.3230,0.9243,0.1453,29.2969,14.2822,68.9697,t002,FIJTB
2528938184,1932357,2,tobillo,loading,-0.3884,0.9055,0.1702,25.3296,25.0854,73.5474,t002,FIJTB
2528938184,1932373,2,tobillo,loading,-0.3665,0.9885,0.1154,24.0478,30.4565,73.9136,t002,FIJTB
2528938185,1932389,2,tobillo,loading,-0.3325,1.0591,0.1113,30.7007,52.1851,72.3267,t002,FIJTB
2528938231,1932405,2,tobillo,loading,-0.3522,1.0115,0.1382,37.0483,68.6646,67.6880,t002,FIJTB
2528938231,1932420,2,tobillo,loading,-0.3342,0.9307,0.0668,38.3911,93.5669,76.6602,t002,FIJTB
2528938231,1932436,2,tobillo,loading,-0.2798,0.9713,0.0266,35.5835,91.7969,102.1728,t002,FIJTB
2528938278,1932452,2,tobillo,loading,-0.3390,0.9750,-0.0059,37.4146,81.6650,105.2856,t002,FIJTB
2528938278,1932468,2,tobillo,loading,-0.3910,0.9329,-0.0287,37.9639,50.4150,94.2383,t002,FIJTB
2528938278,1932483,2,tobillo,loading,-0.2723,0.9235,-0.0801,36.1328,33.5083,86.4868,t002,FIJTB
2528938322,1932499,2,tobillo,loading,-0.2289,0.9086,-0.0304,36.0107,0.2441,81.7261,t002,FIJTB
2528938323,1932515,2,tobillo,loading,-0.3160,0.8762,0.0319,35.4004,-32.8979,84.4726,t002,FIJTB
2528938369,1932531,2,tobillo,loading,-0.3751,0.8533,0.1235,34.3628,-45.1050,81.9702,t002,FIJTB
2528938370,1932547,2,tobillo,loading,-0.3188,0.8409,0.1323,33.3252,-54.0771,73.1201,t002,FIJTB
2528938371,1932562,2,tobillo,loading,-0.3173,0.7717,0.1102,31.4331,-53.8330,67.1387,t002,FIJTB
2528938413,1932578,2,tobillo,loading,-0.4036,0.7537,0.0914,22.5220,-45.1050,50.2930,t002,FIJTB
2528938413,1932594,2,tobillo,midstance,-0.3296,0.7628,0.0880,15.4419,-20.2637,34.1797,t002,FIJTB
2528938415,1932610,2,tobillo,midstance,-0.2053,0.7349,0.0817,12.5732,-9.0332,28.6865,t002,FIJTB
2528938463,1932626,2,tobillo,midstance,-0.2271,0.7205,0.0648,1.5869,1.4648,15.6250,t002,FIJTB
2528938463,1932642,2,tobillo,midstance,-0.2097,0.7736,-0.0095,-5.6152,7.2632,5.7373,t002,FIJTB
2528938463,1932658,2,tobillo,midstance,-0.1023,0.8180,-0.0690,-15.8691,23.6206,-13.1836,t002,FIJTB
2528938507,1932674,2,tobillo,midstance,-0.1259,0.8055,-0.0872,-24.5972,33.3862,-29.7241,t002,FIJTB
2528938509,1932690,2,tobillo,midstance,-0.2251,0.8649,-0.1571,-31.9824,36.3159,-39.1846,t002,FIJTB
2528938510,1932706,2,tobillo,midstance,-0.2053,0.8591,-0.2106,-40.4053,31.6162,-57.9224,t002,FIJTB
2528938556,1932722,2,tobillo,midstance,-0.4518,0.8553,0.0717,-29.4189,28.0762,-62.4390,t002,FIJTB
2528938556,1932738,2,tobillo,midstance,-1.1743,0.9419,0.4104,-29.9683,14.1602,-60.3638,t002,FIJTB
2528938557,1932754,2,tobillo,midstance,-1.2162,1.1088,0.3627,-66.5894,-12.8174,-112.8540,t002,FIJTB
2528938601,1932770,2,tobillo,midstance,-0.0127,1.6873,-0.1366,-79.5898,3.6011,-141.5405,t002,FIJTB
2528938603,1932786,2,tobillo,midstance,0.1332,1.2153,0.1738,-80.3833,47.1191,-113.0371,t002,FIJTB
2528938603,1932802,2,tobillo,midstance,-0.1522,0.9399,0.2288,-72.2046,33.2031,-68.6646,t002,FIJTB
2528938651,1932818,2,tobillo,midstance,-0.3856,0.9725,-0.0807,-72.8149,31.7383,-62.5000,t002,FIJTB
2528938651,1932834,2,tobillo,midstance,-0.3782,0.9874,-0.1743,-72.3877,46.3867,-48.2788,t002,FIJTB
2528938652,1932850,2,tobillo,midstance,-0.3779,0.9281,-0.0895,-64.0259,38.9404,-42.2363,t002,FIJTB
2528938697,1932866,2,tobillo,midstance,-0.3722,0.9365,-0.0559,-59.7534,31.7383,-47.7295,t002,FIJTB
2528938697,1932882,2,tobillo,midstance,-0.3477,0.9475,-0.0521,-43.8232,21.8506,-51.0254,t002,FIJTB
2528938698,1932898,2,tobillo,midstance,-0.1907,0.9420,0.0165,-28.6865,18.9209,-46.2646,t002,FIJTB
2528938745,1932914,2,tobillo,midstance,-0.1744,0.8446,0.2324,5.7983,11.2305,-29.8462,t002,FIJTB
2528938745,1932930,2,tobillo,midstance,-0.2209,0.8967,0.1919,55.1758,-4.3335,-24.0478,t002,FIJTB
2528938746,1932946,2,tobillo,midstance,-0.3584,0.9467,0.0258,26.1841,-5.0049,-37.5977,t002,FIJTB
2528938791,1932962,2,tobillo,midstance,-0.4290,0.8514,-0.0021,-21.2402,6.8970,-35.6445,t002,FIJTB
2528938792,1932978,2,tobillo,midstance,-0.3311,0.9315,-0.0570,-15.9302,8.4229,-30.0903,t002,FIJTB
2528938792,1932994,2,tobillo,midstance,-0.2416,1.0131,-0.0227,-13.1226,6.2256,-29.2358,t002,FIJTB
2528938840,1933010,2,tobillo,midstance,-0.2278,1.0160,0.0398,-10.9863,-3.4180,-35.1563,t002,FIJTB
2528938840,1933026,2,tobillo,midstance,-0.2660,0.9399,0.0613,-7.2021,-8.7280,-35.3394,t002,FIJTB
2528938843,1933042,2,tobillo,midstance,-0.2145,0.9373,0.0366,-11.4136,-12.2681,-31.3110,t002,FIJTB
2528938890,1933058,2,tobillo,midstance,-0.2021,0.9359,0.0264,-10.2539,-13.4277,-19.7754,t002,FIJTB
2528938891,1933074,2,tobillo,midstance,-0.1901,0.9592,-0.0110,-8.3008,-17.0288,-13.3667,t002,FIJTB
2528938891,1933090,2,tobillo,midstance,-0.1953,0.9948,-0.0182,-15.5640,-24.8413,-6.9580,t002,FIJTB
2528938934,1933106,2,tobillo,midstance,-0.2286,0.9642,-0.0015,-14.7705,-27.8320,-5.4321,t002,FIJTB
2528938936,1933123,2,tobillo,midstance,-0.3213,0.9498,-0.0004,-13.0005,-27.8931,-5.6152,t002,FIJTB
2528938937,1933139,2,tobillo,midstance,-0.3173,0.9572,-0.0142,-12.5732,-20.3857,-12.3901,t002,FIJTB
2528938984,1933155,2,tobillo,midstance,-0.2498,0.9502,-0.0188,-9.0332,-14.6484,-19.3481,t002,FIJTB
2528938985,1933171,2,tobillo,midstance,-0.2471,0.9437,-0.0148,-8.1787,-13.4277,-20.8130,t002,FIJTB
2528938985,1933187,2,tobillo,midstance,-0.2520,0.9574,-0.0209,-9.5215,-9.8267,-23.2544,t002,FIJTB
2528939031,1933203,2,tobillo,midstance,-0.2081,0.9589,-0.0181,-9.8267,-7.3242,-24.5972,t002,FIJTB
2528939032,1933219,2,tobillo,midstance,-0.1530,0.9600,-0.0178,-9.0942,-5.8594,-21.6064,t002,FIJTB
2528939032,1933235,2,tobillo,midstance,-0.1547,0.9691,-0.0178,-9.7656,-7.8735,-15.2588,t002,FIJTB
2528939080,1933251,2,tobillo,midstance,-0.1919,0.9658,-0.0297,-9.2773,-8.0566,-14.2212,t002,FIJTB
2528939080,1933267,2,tobillo,midstance,-0.2067,0.9586,-0.0353,-6.5308,-5.9814,-13.9770,t002,FIJTB
2528939081,1933283,2,tobillo,midstance,-0.2102,0.9581,-0.0471,-4.9438,-4.5776,-13.8550,t002,FIJTB
2528939127,1933299,2,tobillo,midstance,-0.1934,0.9492,-0.0380,-2.1362,-3.2959,-13.8550,t002,FIJTB
2528939128,1933315,2,tobillo,midstance,-0.1938,0.9480,-0.0289,-0.0610,-2.1362,-12.6953,t002,FIJTB
2528939129,1933332,2,tobillo,midstance,-0.1619,0.9592,-0.0156,0.2441,-1.0376,-12.2681,t002,FIJTB
2528939177,1933348,2,tobillo,midstance,-0.1476,0.9580,-0.0116,-0.1831,0.1221,-9.3994,t002,FIJTB
2528939177,1933364,2,tobillo,midstance,-0.1511,0.9641,-0.0317,-1.1597,0.1221,-3.9062,t002,FIJTB
2528939177,1933380,2,tobillo,midstance,-0.1743,0.9819,-0.0546,-1.4038,-0.1831,-2.6855,t002,FIJTB
2528939220,1933396,2,tobillo,terminal,-0.1931,0.9758,-0.0588,1.5869,-0.6714,-4.0894,t002,FIJTB
2528939221,1933412,2,tobillo,terminal,-0.1777,0.9526,-0.0209,2.2583,-1.5869,-3.7231,t002,FIJTB
2528939224,1933428,2,tobillo,terminal,-0.1556,0.9479,0.0223,-0.4883,-1.8311,-1.4648,t002,FIJTB
2528939274,1933444,2,tobillo,terminal,-0.1769,0.9460,0.0084,-5.1880,-1.0376,1.5869,t002,FIJTB
2528939274,1933460,2,tobillo,terminal,-0.2214,0.9626,-0.0476,-5.3711,-0.1221,-0.0610,t002,FIJTB
2528939274,1933476,2,tobillo,terminal,-0.1761,0.9590,-0.0326,-1.2817,0.8545,-4.9438,t002,FIJTB
2528939320,1933492,2,tobillo,terminal,-0.1733,0.9489,-0.0251,-0.4883,0.8545,-4.3945,t002,FIJTB
2528939321,1933508,2,tobillo,terminal,-0.2151,0.9586,-0.0222,-3.7842,1.6479,-4.2725,t002,FIJTB
2528939322,1933524,2,tobillo,terminal,-0.2130,0.9460,-0.0247,-7.7515,3.7231,-7.6904,t002,FIJTB
2528939370,1933540,2,tobillo,terminal,-0.1868,0.9692,-0.0364,-9.8877,5.1880,-10.9253,t002,FIJTB
2528939370,1933556,2,tobillo,terminal,-0.1624,0.9814,-0.0289,-9.8877,6.2256,-12.8784,t002,FIJTB
2528939370,1933572,2,tobillo,terminal,-0.1481,0.9856,-0.0361,-8.3008,6.1646,-15.6250,t002,FIJTB
2528939417,1933588,2,tobillo,terminal,-0.1526,0.9618,-0.0568,-7.1411,5.6763,-15.1367,t002,FIJTB
2528939418,1933605,2,tobillo,terminal,-0.1387,0.9797,-0.0349,-4.2114,5.6763,-12.3901,t002,FIJTB
2528939418,1933621,2,tobillo,terminal,-0.1301,0.9790,-0.0317,-5.6152,6.6528,-11.5356,t002,FIJTB
2528939467,1933637,2,tobillo,terminal,-0.1461,0.9595,-0.0615,-5.4932,7.6294,-9.8877,t002,FIJTB
2528939467,1933653,2,tobillo,terminal,-0.1322,0.9723,-0.0663,-4.3945,7.8125,-6.5918,t002,FIJTB
2528939467,1933669,2,tobillo,terminal,-0.1414,0.9758,-0.0599,-5.1880,3.6621,-3.7842,t002,FIJTB
2528939511,1933685,2,tobillo,terminal,-0.1582,0.9706,-0.0472,-5.3101,2.3193,-3.3569,t002,FIJTB
2528939513,1933701,2,tobillo,terminal,-0.1616,0.9680,-0.0516,-4.6387,3.0518,-5.0049,t002,FIJTB
2528939514,1933717,2,tobillo,terminal,-0.1687,0.9581,-0.0615,-3.6011,4.0894,-5.9814,t002,FIJTB
2528939561,1933733,2,tobillo,terminal,-0.1465,0.9565,-0.0579,-1.8311,4.9438,-5.0049,t002,FIJTB
2528939562,1933749,2,tobillo,terminal,-0.1438,0.9603,-0.0465,-4.5166,5.7983,-5.3711,t002,FIJTB
2528939562,1933765,2,tobillo,terminal,-0.1847,0.9589,-0.0391,-5.2490,6.6528,-6.1646,t002,FIJTB
2528939607,1933781,2,tobillo,terminal,-0.1586,0.9739,-0.0385,-5.0659,8.9722,-10.1318,t002,FIJTB
2528939609,1933798,2,tobillo,terminal,-0.1420,0.9692,-0.0405,-5.1270,9.3994,-12.6343,t002,FIJTB
2528939609,1933814,2,tobillo,terminal,-0.1296,0.9727,-0.0526,-5.0049,8.9722,-11.7798,t002,FIJTB
2528939655,1933830,2,tobillo,terminal,-0.1233,0.9799,-0.0575,-6.0425,7.4463,-13.0615,t002,FIJTB
2528939656,1933846,2,tobillo,terminal,-0.1141,0.9725,-0.0525,-6.4697,5.6763,-14.7705,t002,FIJTB
2528939657,1933862,2,tobillo,terminal,-0.1100,0.9705,-0.0457,-7.2632,4.8828,-14.3433,t002,FIJTB
2528939699,1933878,2,tobillo,terminal,-0.1150,0.9724,-0.0474,-8.8501,3.7231,-15.5029,t002,FIJTB
2528939701,1933894,2,tobillo,terminal,-0.1141,0.9771,-0.0568,-8.8501,3.9062,-17.1509,t002,FIJTB
2528939748,1933911,2,tobillo,terminal,-0.1188,0.9725,-0.0632,-8.6670,3.8452,-18.6768,t002,FIJTB
2528939749,1933926,2,tobillo,terminal,-0.1102,0.9706,-0.0658,-9.3384,3.9062,-18.8599,t002,FIJTB
2528939749,1933942,2,tobillo,terminal,-0.0933,0.9541,-0.0669,-9.9487,3.9062,-18.7988,t002,FIJTB
2528939793,1933958,2,tobillo,terminal,-0.0784,0.9657,-0.0490,-11.5356,4.2725,-15.9302,t002,FIJTB
2528939793,1933974,2,tobillo,terminal,-0.0967,0.9678,-0.0627,-14.2212,4.9438,-17.3950,t002,FIJTB
2528939794,1933990,2,tobillo,swing,-0.1027,0.9727,-0.0809,-15.3198,4.1504,-19.7144,t002,FIJTB
2528939845,1934006,2,tobillo,swing,-0.1023,0.9785,-0.0764,-16.7847,1.7700,-24.4141,t002,FIJTB
2528939846,1934022,2,tobillo,swing,-0.1267,0.9821,-0.1057,-16.2354,1.7700,-26.2451,t002,FIJTB
2528939846,1934038,2,tobillo,swing,-0.1278,0.9913,-0.1154,-15.2588,4.3945,-32.1655,t002,FIJTB
2528939878,1934054,2,tobillo,swing,-0.1005,0.9924,-0.0981,-16.6626,7.9956,-39.9170,t002,FIJTB
2528939891,1934070,2,tobillo,swing,-0.0322,0.9832,-0.0671,-18.4326,9.0942,-41.4429,t002,FIJTB
2528939894,1934087,2,tobillo,swing,-0.0382,0.9912,-0.1213,-20.8740,9.2163,-40.2832,t002,FIJTB
2528939941,1934103,2,tobillo,swing,-0.0518,0.9994,-0.1377,-22.1558,5.6152,-42.3584,t002,FIJTB
2528939941,1934119,2,tobillo,swing,-0.0243,1.0118,-0.1251,-22.0947,4.0283,-43.3960,t002,FIJTB
2528939941,1934135,2,tobillo,swing,0.0077,1.0126,-0.1189,-23.5596,-0.4272,-43.6401,t002,FIJTB
2528939985,1934151,2,tobillo,swing,0.0410,1.0055,-0.0984,-24.7192,-3.2349,-41.5649,t002,FIJTB
2528939985,1934167,2,tobillo,swing,0.0018,1.0383,-0.1212,-25.7568,-5.3711,-39.0625,t002,FIJTB
2528939985,1934183,2,tobillo,swing,-0.0459,1.0452,-0.1584,-24.5361,-5.0049,-43.7012,t002,FIJTB
2528940046,1934199,2,tobillo,swing,-0.0377,1.0593,-0.1760,-23.3765,-5.6152,-47.1191,t002,FIJTB
2528940047,1934215,2,tobillo,swing,-0.0033,1.0957,-0.1553,-22.0337,-8.7891,-56.2134,t002,FIJTB
2528940099,1934231,2,tobillo,swing,-0.0272,1.1261,-0.1559,-22.4609,-14.0991,-65.7349,t002,FIJTB
2528940100,1934248,2,tobillo,swing,-0.0281,1.1968,-0.1038,-23.7427,-17.5781,-70.9839,t002,FIJTB
2528940101,1934264,2,tobillo,swing,-0.0643,1.2361,-0.0824,-40.3442,-16.8457,-75.3174,t002,FIJTB
2528940152,1934280,2,tobillo,swing,-0.1042,1.2159,-0.0781,-52.3682,-5.7983,-83.6792,t002,FIJTB
2528940153,1934296,2,tobillo,swing,0.0237,1.3010,-0.1296,-45.4102,-3.6621,-95.7031,t002,FIJTB
2528940154,1934312,2,tobillo,swing,0.0929,1.3070,-0.1793,-54.2603,-1.0986,-119.8730,t002,FIJTB
2528940227,1934328,2,tobillo,swing,0.1180,0.9952,-0.2817,-75.1953,-8.4839,-119.7510,t002,FIJTB
2528940241,1934344,2,tobillo,swing,0.0585,1.0717,-0.2776,-86.7920,-38.4521,-101.0742,t002,FIJTB
2528940258,1934360,2,tobillo,swing,0.1879,1.1393,-0.2887,-44.7998,-61.5845,-84.7168,t002,FIJTB
2528940259,1934377,2,tobillo,swing,0.2731,0.9081,-0.2743,-29.2358,-76.0498,-81.7261,t002,FIJTB
2528940259,1934393,2,tobillo,swing,0.2365,0.8116,-0.1965,-20.2637,-100.1587,-78.7964,t002,FIJTB
2528940260,1934409,2,tobillo,swing,0.2579,0.8373,-0.1582,-19.4092,-102.2339,-72.1436,t002,FIJTB
2528940260,1934425,2,tobillo,swing,0.3036,0.8600,-0.1456,-16.2964,-99.4873,-70.1294,t002,FIJTB
2528940305,1934441,2,tobillo,swing,0.2988,0.8309,-0.1827,-10.6201,-86.1206,-72.6318,t002,FIJTB
2528940306,1934457,2,tobillo,swing,0.3074,0.7991,-0.2372,-12.0850,-75.0122,-76.1108,t002,FIJTB
2528940306,1934473,2,tobillo,swing,0.3223,0.8081,-0.2439,-17.0898,-59.2651,-77.0264,t002,FIJTB
2528940306,1934489,2,tobillo,swing,0.3278,0.8068,-0.2709,-21.3013,-58.1665,-79.6509,t002,FIJTB
2528940306,1934505,2,tobillo,swing,0.3154,0.8350,-0.2928,-24.5361,-59.6924,-82.9468,t002,FIJTB
2528940354,1934521,2,tobillo,swing,0.2699,0.8818,-0.3293,-31.6162,-65.9180,-85.1440,t002,FIJTB
2528940354,1934537,2,tobillo,swing,0.2555,0.8888,-0.3430,-39.6118,-74.9512,-75.0732,t002,FIJTB
2528940354,1934553,2,tobillo,swing,0.3823,0.8939,-0.4077,-41.6260,-79.1016,-69.5801,t002,FIJTB
2528940400,1934569,2,tobillo,swing,0.4713,0.8915,-0.4395,-38.7573,-95.2148,-52.9785,t002,FIJTB
2528940401,1934585,2,tobillo,swing,0.4045,0.8672,-0.3536,-38.8184,-114.6240,-37.6587,t002,FIJTB
2528940401,1934601,2,tobillo,swing,-0.0507,0.8480,-0.3789,-35.8276,-168.5181,-23.6816,t002,FIJTB
2528940449,1934617,2,tobillo,swing,-0.0553,0.8507,-0.4286,-23.4375,-122.6196,-92.8345,t002,FIJTB
2528940449,1934633,2,tobillo,swing,1.1783,0.8545,-0.1049,17.6392,-46.5088,-111.9995,t002,FIJTB
2528940450,1934649,2,tobillo,swing,-0.0217,1.0443,-0.0469,-20.7520,-95.4590,44.0674,t002,FIJTB
2528940493,1934665,2,tobillo,swing,-0.8887,0.5024,-0.1077,-1.5869,-165.4663,129.8218,t002,FIJTB
2528940495,1934681,2,tobillo,swing,-0.3936,0.3857,0.1373,19.7144,-134.8877,73.9136,t002,FIJTB
2528940496,1934697,2,tobillo,swing,0.1625,0.6654,0.1760,1.2207,-28.1982,72.2046,t002,FIJTB
2528940545,1934713,2,tobillo,swing,0.0002,0.6738,0.2330,-9.3384,-6.2866,125.8545,t002,FIJTB
2528940545,1934729,2,tobillo,swing,-0.2780,0.5200,0.3097,-0.7324,-16.5405,155.3955,t002,FIJTB
2528940545,1934745,2,tobillo,swing,-0.1106,0.5775,0.2709,-3.2959,11.5356,142.4561,t002,FIJTB
2528940593,1934761,2,tobillo,swing,0.2249,0.7646,0.1653,-6.2256,33.1421,162.1704,t002,FIJTB
2528940593,1934777,2,tobillo,swing,0.2139,0.8441,0.1953,3.7842,47.7905,204.1626,t002,FIJTB
2528940593,1934793,2,tobillo,swing,0.1949,0.8352,0.1846,18.0054,41.8701,200.3174,t002,FIJTB
2528940641,1934808,2,tobillo,swing,0.3871,0.9672,0.0834,19.2261,44.7998,195.4346,t002,FIJTB
2528940641,1934824,2,tobillo,swing,0.5267,1.0743,0.0424,21.1182,54.0161,199.5849,t002,FIJTB
2528940642,1934839,2,tobillo,swing,0.7592,1.2051,-0.0388,24.7803,56.4575,201.9043,t002,FIJTB
2528940688,1934855,2,tobillo,swing,0.8334,1.2579,-0.0686,31.0059,60.6689,201.9043,t002,FIJTB
2528940689,1934871,2,tobillo,swing,0.7847,1.2778,-0.1045,32.1045,61.4014,195.2514,t002,FIJTB
2528940689,1934887,2,tobillo,swing,0.7136,1.2386,-0.1838,30.0903,62.9272,164.7339,t002,FIJTB
2528940738,1934903,2,tobillo,swing,0.7546,1.2784,-0.2130,27.3437,64.2090,139.5264,t002,FIJTB
2528940738,1934918,2,tobillo,swing,0.6523,1.2218,-0.2240,27.7100,59.9976,125.6103,t002,FIJTB
2528940739,1934934,2,tobillo,swing,0.5643,1.1638,-0.2190,24.3530,49.1333,89.1724,t002,FIJTB
2528940784,1934950,2,tobillo,swing,0.5249,1.1134,-0.1877,20.8130,45.7764,74.7070,t002,FIJTB
2528940786,1934966,2,tobillo,swing,0.3768,1.0375,-0.1418,15.1978,36.3159,53.8940,t002,FIJTB
2528940787,1934982,2,tobillo,swing,0.3130,0.9929,-0.1104,10.3149,28.1982,38.8184,t002,FIJTB
2528940837,1934998,2,tobillo,swing,0.2637,0.9000,-0.0569,6.5918,26.9775,32.1045,t002,FIJTB
2528940837,1935013,2,tobillo,swing,0.2560,0.8811,-0.0383,-8.8501,33.3862,20.3857,t002,FIJTB
2528940838,1935029,2,tobillo,swing,0.1770,0.8629,0.0040,-31.6162,45.9595,0.1221,t002,FIJTB
2528940882,1935045,2,tobillo,swing,0.4624,1.6422,-0.6963,-45.1660,54.6265,-1.6479,t002,FIJTB
2528940885,1935061,2,tobillo,swing,1.2034,1.5305,-0.9138,-5.8594,82.8857,-55.9082,t002,FIJTB
2528940885,1935077,2,tobillo,swing,0.8944,0.9181,-0.0614,18.6157,41.0156,-65.8569,t002,FIJTB
2528940934,1935093,2,tobillo,swing,-0.7598,0.9374,0.1763,13.1836,-45.2881,-8.1787,t002,FIJTB
2528940935,1935109,2,tobillo,swing,-0.6080,0.9895,0.0179,1.0376,-6.6528,-21.7895,t002,FIJTB
2528940935,1935125,2,tobillo,swing,-0.0348,0.9987,-0.1296,1.3428,5.1270,-27.8320,t002,FIJTB
2528940936,1935141,2,tobillo,swing,0.0070,1.0089,-0.0688,3.3569,2.0752,-29.2969,t002,FIJTB
2528940982,1935157,2,tobillo,swing,-0.0203,1.0070,0.0715,1.9531,2.3804,-33.6914,t002,FIJTB
2528940983,1935173,2,tobillo,swing,-0.0609,0.9957,0.0354,-5.1880,9.3384,-41.3208,t002,FIJTB
2528941008,1935189,2,tobillo,swing,-0.0066,0.9904,-0.0240,-5.3101,15.2588,-39.9780,t002,FIJTB
2528941032,1935205,2,tobillo,swing,0.1042,1.0056,-0.0643,-2.9907,13.9770,-38.0859,t002,FIJTB
2528941033,1935221,2,tobillo,swing,0.0826,0.9893,-0.0210,-1.2817,2.9297,-34.9121,t002,FIJTB
2528941033,1935237,2,tobillo,swing,0.0494,0.9883,-0.0247,-3.1738,-6.1646,-31.2500,t002,FIJTB
2528941078,1935253,2,tobillo,swing,0.0063,0.9607,-0.0605,-3.2959,-6.2256,-29.1138,t002,FIJTB
2528941080,1935269,2,tobillo,swing,-0.0016,0.9531,-0.0648,-4.1504,-0.7935,-26.3672,t002,FIJTB
2528941080,1935285,2,tobillo,swing,0.0374,0.9697,-0.0830,-4.5776,1.1597,-25.8789,t002,FIJTB
2528941130,1935301,2,tobillo,swing,0.1145,0.9584,-0.0714,-4.7607,1.1597,-25.5127,t002,FIJTB
2528941131,1935317,2,tobillo,swing,0.1323,0.9580,-0.0554,-4.9438,-0.0610,-20.7520,t002,FIJTB
2528941131,1935333,2,tobillo,swing,0.0864,0.9799,-0.0453,-5.3711,-1.0986,-16.5405,t002,FIJTB
2528941177,1935349,2,tobillo,swing,0.0688,0.9856,-0.0563,-5.9204,-2.2583,-12.3291,t002,FIJTB
2528941178,1935365,2,tobillo,swing,0.0648,0.9834,-0.0691,-5.4932,-1.4648,-10.9253,t002,FIJTB
2528941179,1935381,2,tobillo,swing,0.0837,0.9668,-0.0653,-4.6997,-0.9155,-10.3149,t002,FIJTB
2528941229,1935397,2,tobillo,swing,0.0917,0.9614,-0.0590,-3.1738,0.0000,-7.7515,t002,FIJTB
2528941230,1935413,2,tobillo,swing,0.1028,0.9622,-0.0614,-3.2959,0.1221,-5.8594,t002,FIJTB
2528941230,1935429,2,tobillo,swing,0.0912,0.9617,-0.0676,-3.9673,-0.7324,-1.4038,t002,FIJTB
2528941278,1935445,2,tobillo,swing,0.0770,0.9642,-0.0674,-4.5166,-1.4038,0.9766,t002,FIJTB
2528941280,1935461,2,tobillo,swing,0.0814,0.9659,-0.0717,-4.6387,-1.5869,0.7324,t002,FIJTB
2528941281,1935477,2,tobillo,swing,0.0911,0.9590,-0.0734,-3.8452,-2.6245,1.0986,t002,FIJTB
2528941332,1935493,2,tobillo,swing,0.0956,0.9585,-0.0748,-3.7842,-3.6011,1.8921,t002,FIJTB
2528941332,1935509,2,tobillo,swing,0.0719,0.9728,-0.0702,-5.9204,-5.6152,1.8921,t002,FIJTB
2528941333,1935525,2,tobillo,swing,0.0681,0.9747,-0.0747,-6.4697,-8.3008,1.4648,t002,FIJTB
2528941378,1935541,2,tobillo,swing,0.0653,0.9795,-0.0730,-5.5542,-9.5215,1.2817,t002,FIJTB
2528941378,1935557,2,tobillo,swing,0.0724,0.9779,-0.0652,-3.1128,-9.5825,-0.4272,t002,FIJTB
2528941381,1935573,2,tobillo,swing,0.0723,0.9730,-0.0631,-1.5869,-7.0801,-1.8921,t002,FIJTB
2528941430,1935589,2,tobillo,swing,0.0740,0.9701,-0.0708,-1.0986,-5.7373,-2.1973,t002,FIJTB
2528941431,1935604,2,tobillo,swing,0.0756,0.9689,-0.0765,-1.0986,-4.6997,-3.1128,t002,FIJTB
2528941432,1935620,2,tobillo,swing,0.0750,0.9694,-0.0809,-1.2207,-4.7607,-2.9907,t002,FIJTB
2528941432,1935636,2,tobillo,swing,0.0903,0.9532,-0.0850,-0.7324,-5.0049,-2.4414,t002,FIJTB
2528941479,1935652,2,tobillo,swing,0.0966,0.9434,-0.0840,-1.1597,-5.6763,-1.5869,t002,FIJTB
2528941480,1935668,2,tobillo,swing,0.0774,0.9517,-0.0775,-1.5869,-5.9814,-1.2207,t002,FIJTB
2528941480,1935684,2,tobillo,swing,0.0740,0.9807,-0.0801,-0.8545,-6.5918,-0.9155,t002,FIJTB
2528941530,1935701,2,tobillo,swing,0.0792,0.9858,-0.0814,0.3662,-7.0190,-1.4648,t002,FIJTB
2528941530,1935716,2,tobillo,swing,0.0841,0.9657,-0.0767,0.6714,-6.4697,-1.4648,t002,FIJTB
2528941530,1935732,2,tobillo,swing,0.0831,0.9597,-0.0717,0.2441,-4.5166,-1.5259,t002,FIJTB
2528941577,1935748,2,tobillo,swing,0.0757,0.9803,-0.0657,-0.0610,-4.0894,-1.5259,t002,FIJTB
2528941578,1935764,2,tobillo,swing,0.0701,0.9984,-0.0771,0.3052,-4.0894,-1.8921,t002,FIJTB
2528941578,1935780,2,tobillo,swing,0.0759,0.9844,-0.0787,0.7324,-2.8687,-2.5024,t002,FIJTB
2528941626,1935796,2,tobillo,swing,0.0840,0.9595,-0.0665,0.4272,-1.8311,-2.1362,t002,FIJTB
2528941627,1935812,2,tobillo,swing,0.0867,0.9647,-0.0632,0.1221,0.0610,-0.2441,t002,FIJTB
2528941627,1935828,2,tobillo,swing,0.0792,0.9841,-0.0742,0.3662,0.4883,0.3662,t002,FIJTB
2528941674,1935844,2,tobillo,swing,0.0848,0.9719,-0.0823,0.6714,0.7935,1.0376,t002,FIJTB
2528941676,1935859,2,tobillo,swing,0.0911,0.9590,-0.0798,0.6714,1.0376,1.5869,t002,FIJTB
2528941676,1935875,2,tobillo,swing,0.0936,0.9434,-0.0756,0.7324,0.8545,2.2583,t002,FIJTB
2528941725,1935891,2,tobillo,swing,0.0940,0.9438,-0.0769,1.0376,1.0986,3.1738,t002,FIJTB
2528941725,1935907,2,tobillo,swing,0.0856,0.9514,-0.0869,1.2207,1.5259,3.6621,t002,FIJTB
2528941726,1935922,2,tobillo,swing,0.0713,0.9519,-0.0939,1.8311,2.6245,4.3335,t002,FIJTB
2528941772,1935938,2,tobillo,swing,0.0721,0.9474,-0.0908,1.9531,3.3569,3.9062,t002,FIJTB
2528941773,1935954,2,tobillo,swing,0.0792,0.9573,-0.0778,1.9531,3.3569,3.8452,t002,FIJTB
2528941773,1935970,2,tobillo,swing,0.0801,0.9618,-0.0741,2.6245,3.7842,4.3945,t002,FIJTB
2528941822,1935985,2,tobillo,swing,0.0709,0.9755,-0.0752,3.1738,4.0894,4.7607,t002,FIJTB
2528941822,1936001,2,tobillo,swing,0.0718,0.9792,-0.0729,4.3335,4.0283,5.0659,t002,FIJTB
2528941822,1936017,2,tobillo,swing,0.0752,0.9778,-0.0642,4.4556,3.5400,5.0049,t002,FIJTB
2528941867,1936033,2,tobillo,swing,0.0643,0.9938,-0.0487,4.0894,3.2349,5.0049,t002,FIJTB
2528941867,1936049,2,tobillo,swing,0.0603,0.9994,-0.0487,3.8452,2.8076,4.5776,t002,FIJTB
2528941869,1936064,2,tobillo,swing,0.0602,1.0001,-0.0527,3.7842,2.5024,4.2114,t002,FIJTB
2528941901,1936080,2,tobillo,swing,0.0605,0.9893,-0.0510,3.2349,1.8311,3.6621,t002,FIJTB
2528941918,1936096,2,tobillo,swing,0.0599,0.9833,-0.0519,2.6245,2.1973,3.2959,t002,FIJTB
2528941918,1936112,2,tobillo,swing,0.0590,0.9720,-0.0588,2.3804,2.7466,3.1128,t002,FIJTB
2528941962,1936127,2,tobillo,swing,0.0586,0.9668,-0.0620,2.3804,4.1504,2.9297,t002,FIJTB
2528941964,1936143,2,tobillo,swing,0.0634,0.9573,-0.0682,2.3193,4.8218,3.0518,t002,FIJTB
2528941965,1936159,2,tobillo,swing,0.0658,0.9514,-0.0746,2.3193,5.3101,3.4790,t002,FIJTB
2528942013,1936175,2,tobillo,swing,0.0656,0.9513,-0.0760,3.0518,5.1270,4.2114,t002,FIJTB
2528942013,1936190,2,tobillo,swing,0.0663,0.9528,-0.0735,3.4180,4.8828,4.5776,t002,FIJTB
2528942014,1936206,2,tobillo,swing,0.0691,0.9539,-0.0696,3.9673,4.2725,5.7983,t002,FIJTB
2528942057,1936222,2,tobillo,swing,0.0762,0.9423,-0.0627,4.2114,3.9062,6.8359,t002,FIJTB
2528942060,1936238,2,tobillo,swing,0.0575,0.9534,-0.0608,3.6011,3.1738,9.2773,t002,FIJTB
2528942060,1936253,2,tobillo,swing,0.0438,0.9749,-0.0577,2.9297,2.4414,9.4604,t002,FIJTB
2528942108,1936269,2,tobillo,swing,0.0273,1.0204,-0.0507,3.3569,2.6855,9.7656,t002,FIJTB
2528942109,1936285,2,tobillo,swing,0.0316,1.0100,-0.0498,5.1880,3.9673,10.7422,t002,FIJTB
2528942109,1936301,2,tobillo,swing,0.0485,0.9928,-0.0431,5.1880,3.7842,10.8032,t002,FIJTB
2528942153,1936317,2,tobillo,swing,0.0383,1.0018,-0.0353,3.6621,1.4648,11.6577,t002,FIJTB
2528942156,1936333,2,tobillo,swing,0.0314,1.0043,-0.0353,1.9531,-0.6104,11.5967,t002,FIJTB
2528942156,1936349,2,tobillo,swing,0.0237,0.9973,-0.0414,1.4648,-1.4038,11.3525,t002,FIJTB
2528942204,1936364,2,tobillo,swing,0.0270,0.9905,-0.0420,1.0986,-2.3804,10.4980,t002,FIJTB
2528942204,1936380,2,tobillo,swing,0.0382,0.9698,-0.0460,1.0376,-2.6245,10.3760,t002,FIJTB
2528942205,1936396,2,tobillo,swing,0.0400,0.9514,-0.0586,0.8545,-2.1973,10.9253,t002,FIJTB
2528942248,1936412,2,tobillo,swing,0.0347,0.9493,-0.0631,1.9531,0.0610,11.8408,t002,FIJTB
2528942249,1936428,2,tobillo,swing,0.0154,0.9623,-0.0692,2.8687,1.3428,12.3291,t002,FIJTB
2528942252,1936444,2,tobillo,swing,0.0066,0.9700,-0.0718,4.6387,1.8311,12.7563,t002,FIJTB
2528942299,1936459,2,tobillo,swing,-0.0029,0.9702,-0.0703,6.1646,1.3428,11.4136,t002,FIJTB
2528942300,1936475,2,tobillo,swing,-0.0184,0.9877,-0.0524,6.7139,1.9531,10.5591,t002,FIJTB
2528942300,1936491,2,tobillo,swing,-0.0145,0.9945,-0.0459,7.5684,3.7842,8.4839,t002,FIJTB
2528942343,1936507,2,tobillo,swing,-0.0002,0.9904,-0.0353,7.6904,4.2114,7.8125,t002,FIJTB
2528942343,1936523,2,tobillo,swing,0.0070,0.9860,-0.0306,7.3853,3.9062,7.9956,t002,FIJTB
2528942345,1936538,2,tobillo,swing,0.0138,0.9812,-0.0231,7.1411,3.2349,8.7891,t002,FIJTB
2528942386,1936554,2,tobillo,swing,-0.0001,0.9792,-0.0276,7.2021,1.9531,10.9253,t002,FIJTB
2528942394,1936570,2,tobillo,swing,-0.0042,0.9784,-0.0336,6.9580,1.5869,11.7187,t002,FIJTB
2528942395,1936585,2,tobillo,swing,0.0051,0.9741,-0.0308,6.5918,1.3428,12.2070,t002,FIJTB
2528942395,1936601,2,tobillo,swing,0.0079,0.9751,-0.0281,6.9580,0.3662,13.8550,t002,FIJTB
2528942441,1936617,2,tobillo,swing,-0.0074,0.9800,-0.0334,7.3242,-0.2441,14.7705,t002,FIJTB
2528942441,1936633,2,tobillo,swing,-0.0128,0.9849,-0.0326,7.8735,-1.4038,15.2588,t002,FIJTB
2528942487,1936649,2,tobillo,swing,-0.0149,0.9863,-0.0303,8.3618,-2.9297,14.1602,t002,FIJTB
2528942487,1936665,2,tobillo,swing,-0.0334,0.9863,-0.0254,8.4839,-3.2959,13.9770,t002,FIJTB
2528942488,1936680,2,tobillo,swing,-0.0419,0.9814,-0.0244,8.1177,-2.8076,15.0757,t002,FIJTB
2528942531,1936696,2,tobillo,swing,-0.0375,0.9727,-0.0238,7.9346,-1.2817,15.5640,t002,FIJTB
2528942532,1936712,2,tobillo,swing,-0.0526,0.9727,-0.0245,8.3008,-0.6714,15.6860,t002,FIJTB
2528942534,1936728,2,tobillo,swing,-0.0533,0.9744,-0.0214,9.2163,0.4272,15.3198,t002,FIJTB
2528942581,1936744,2,tobillo,swing,-0.0400,0.9778,-0.0063,9.4604,0.4883,15.2588,t002,FIJTB
2528942581,1936760,2,tobillo,swing,-0.0601,0.9852,0.0017,8.7280,-0.4272,15.2588,t002,FIJTB
2528942582,1936776,2,tobillo,swing,-0.0688,0.9840,0.0018,7.9346,-1.5259,14.0991,t002,FIJTB
2528942625,1936792,2,tobillo,swing,-0.0675,0.9829,0.0021,7.5684,-1.7700,13.1836,t002,FIJTB
2528942627,1936808,2,tobillo,swing,-0.0688,0.9823,0.0052,6.7749,-2.5024,12.4512,t002,FIJTB
2528942627,1936824,2,tobillo,swing,-0.0819,0.9791,0.0062,6.2256,-2.9907,12.1460,t002,FIJTB
2528942675,1936839,2,tobillo,swing,-0.0768,0.9712,-0.0005,5.1880,-3.2959,10.3760,t002,FIJTB
2528942676,1936855,2,tobillo,swing,-0.0854,0.9681,-0.0033,4.8218,-2.8076,9.0942,t002,FIJTB
2528942676,1936871,2,tobillo,swing,-0.0898,0.9747,-0.0039,5.2490,-2.0752,8.7891,t002,FIJTB
2528942719,1936887,2,tobillo,swing,-0.0845,0.9760,-0.0029,6.2256,-1.3428,8.4229,t002,FIJTB
2528942721,1936903,2,tobillo,swing,-0.0802,0.9789,0.0107,6.4697,-2.5635,8.0566,t002,FIJTB
2528942722,1936919,2,tobillo,swing,-0.1064,0.9900,0.0135,6.3477,-3.1738,7.7515,t002,FIJTB
2528942769,1936935,2,tobillo,swing,-0.1248,0.9890,0.0104,5.3711,-4.0283,5.3711,t002,FIJTB
2528942769,1936951,2,tobillo,swing,-0.1110,0.9832,0.0087,4.7607,-4.0283,4.1504,t002,FIJTB
2528942770,1936966,2,tobillo,swing,-0.0934,0.9785,0.0096,3.3569,-3.4790,2.9907,t002,FIJTB
2528942812,1936982,2,tobillo,swing,-0.0895,0.9707,0.0114,3.1128,-3.4180,2.7466,t002,FIJTB
2528942814,1936998,2,tobillo,swing,-0.0801,0.9685,0.0134,3.3569,-3.0518,2.8076,t002,FIJTB
2528942815,1937014,2,tobillo,swing,-0.0790,0.9744,0.0160,4.2725,-2.8076,3.7231,t002,FIJTB
2528942861,1937029,2,tobillo,swing,-0.0729,0.9807,0.0159,5.4321,-3.7231,3.7842,t002,FIJTB
2528942862,1937045,2,tobillo,swing,-0.0764,0.9678,0.0109,7.8735,-6.7139,3.6011,t002,FIJTB
2528942862,1937061,2,tobillo,swing,-0.0935,0.9703,0.0142,7.9956,-7.1411,4.5166,t002,FIJTB
2528942907,1937077,2,tobillo,swing,-0.0863,0.9891,0.0262,8.4839,-7.9346,3.9673,t002,FIJTB
2528942907,1937093,2,tobillo,swing,-0.0813,0.9777,0.0155,9.7656,-11.5356,1.6479,t002,FIJTB
2528942907,1937109,2,tobillo,swing,-0.1243,0.9628,0.0208,8.9111,-11.5356,1.8921,t002,FIJTB
2528942948,1937125,2,tobillo,swing,-0.1185,0.9746,0.0341,5.6152,-7.8735,3.6011,t002,FIJTB
2528942955,1937140,2,tobillo,swing,-0.0979,0.9880,0.0399,4.6387,-8.4839,3.9673,t002,FIJTB
2528942956,1937156,2,tobillo,swing,-0.0767,0.9866,0.0189,5.6763,-11.6577,2.7466,t002,FIJTB
2528943000,1937172,2,tobillo,swing,-0.1086,0.9771,0.0183,6.8359,-15.3198,-0.6714,t002,FIJTB
2528943002,1937188,2,tobillo,swing,-0.1492,0.9639,0.0063,6.2866,-14.1602,-1.0376,t002,FIJTB
2528943003,1937204,2,tobillo,swing,-0.1002,0.9694,0.0044,4.8828,-7.9956,-1.2817,t002,FIJTB
2528943050,1937220,2,tobillo,swing,-0.0851,0.9716,0.0316,5.0049,-4.7607,-2.5024,t002,FIJTB
2528943051,1937236,2,tobillo,swing,-0.0703,0.9768,0.0308,4.3945,-5.0659,-2.3804,t002,FIJTB
2528943051,1937252,2,tobillo,swing,-0.0367,0.9835,0.0133,4.6997,-3.3569,-3.0518,t002,FIJTB
2528943095,1937268,2,tobillo,swing,-0.0157,0.9635,0.0554,6.4087,-5.4932,-4.8218,t002,FIJTB
2528943097,1937284,2,tobillo,swing,-0.1423,0.9589,0.0675,6.8970,-19.6533,0.7935,t002,FIJTB
2528943097,1937300,2,tobillo,swing,-0.1592,0.9723,0.0591,2.8076,-15.8691,3.4180,t002,FIJTB
2528943145,1937315,2,tobillo,swing,-0.1305,0.9878,0.0249,1.4648,-11.5967,2.8687,t002,FIJTB
2528943145,1937331,2,tobillo,swing,-0.1343,0.9813,0.0198,1.3428,-9.3994,1.9531,t002,FIJTB
2528943145,1937347,2,tobillo,swing,-0.1376,0.9709,0.0436,1.1597,-8.1787,0.5493,t002,FIJTB
2528943189,1937363,2,tobillo,swing,-0.0968,0.9772,0.0400,0.3052,-5.2490,-0.9155,t002,FIJTB
2528943191,1937379,2,tobillo,swing,-0.0684,0.9825,0.0291,0.6104,-5.5542,0.0610,t002,FIJTB
2528943192,1937395,2,tobillo,swing,-0.0883,0.9611,0.0421,1.2817,-5.9814,1.5259,t002,FIJTB
2528943239,1937410,2,tobillo,swing,-0.1343,0.9550,0.0557,1.9531,-5.9204,2.1362,t002,FIJTB
2528943240,1937426,2,tobillo,swing,-0.1282,0.9661,0.0420,1.4648,-3.3569,0.6104,t002,FIJTB
2528943240,1937442,2,tobillo,swing,-0.0894,0.9784,0.0215,1.2207,-1.7700,0.9766,t002,FIJTB
2528943284,1937458,2,tobillo,swing,-0.0941,0.9642,0.0366,2.3193,-0.8545,2.7466,t002,FIJTB
2528943285,1937474,2,tobillo,swing,-0.1226,0.9546,0.0632,2.8687,-1.3428,2.8687,t002,FIJTB
2528943286,1937490,2,tobillo,swing,-0.0922,0.9802,0.0342,2.3804,-1.4648,1.9531,t002,FIJTB
2528943333,1937505,2,tobillo,swing,-0.0820,0.9833,0.0250,2.0752,-1.5869,2.9907,t002,FIJTB
2528943333,1937521,2,tobillo,swing,-0.0985,0.9773,0.0350,2.1973,-1.5869,3.9673,t002,FIJTB
2528943334,1937537,2,tobillo,swing,-0.1157,0.9734,0.0436,2.0142,-0.9155,4.5166,t002,FIJTB
2528943377,1937553,2,tobillo,swing,-0.1125,0.9752,0.0442,1.7090,-0.6714,3.9062,t002,FIJTB
2528943379,1937569,2,tobillo,swing,-0.0675,0.9869,0.0278,0.7324,0.5493,3.3569,t002,FIJTB
2528943380,1937585,2,tobillo,swing,-0.0844,0.9724,0.0377,1.2817,1.2207,4.6997,t002,FIJTB
2528943427,1937600,2,tobillo,swing,-0.1332,0.9485,0.0599,1.8311,0.9766,4.6997,t002,FIJTB
2528943427,1937616,2,tobillo,swing,-0.1219,0.9556,0.0546,2.0142,1.4038,4.0283,t002,FIJTB
2528943427,1937632,2,tobillo,swing,-0.1000,0.9772,0.0341,2.0142,1.7700,5.0049,t002,FIJTB
2528943471,1937648,2,tobillo,swing,-0.1010,0.9740,0.0427,2.9297,2.7466,7.3242,t002,FIJTB
2528943473,1937664,2,tobillo,swing,-0.1097,0.9728,0.0441,3.9673,2.9907,7.6904,t002,FIJTB
2528943503,1937680,2,tobillo,swing,-0.1178,0.9716,0.0303,3.9062,3.6011,8.3008,t002,FIJTB
2528943521,1937696,2,tobillo,swing,-0.0809,0.9893,0.0240,4.3335,7.6904,11.9629,t002,FIJTB
2528943522,1937712,2,tobillo,swing,-0.0249,0.9567,0.0596,6.8970,8.9111,14.2822,t002,FIJTB
2528943522,1937727,2,tobillo,swing,-0.1748,0.9381,0.0901,13.4888,1.6479,15.0757,t002,FIJTB
2528943564,1937743,2,tobillo,swing,-0.1877,0.9659,0.0682,13.2446,0.1831,11.3525,t002,FIJTB
2528943566,1937759,2,tobillo,swing,-0.1455,0.9847,0.0402,11.5967,1.7700,11.1694,t002,FIJTB
2528943598,1937775,2,tobillo,swing,-0.1639,0.9666,0.0526,10.8643,1.5869,11.8408,t002,FIJTB
2528943616,1937791,2,tobillo,swing,-0.1825,0.9596,0.0682,10.4980,1.5869,10.4370,t002,FIJTB
2528943617,1937806,2,tobillo,swing,-0.1505,0.9686,0.0699,8.1787,3.8452,7.6294,t002,FIJTB
2528943617,1937822,2,tobillo,swing,-0.1508,0.9673,0.0710,6.7749,4.5166,7.9346,t002,FIJTB
2528943659,1937838,2,tobillo,swing,-0.1608,0.9723,0.0713,6.4087,4.8828,7.8735,t002,FIJTB
2528943661,1937854,2,tobillo,swing,-0.1669,0.9728,0.0737,5.1880,6.1646,6.8359,t002,FIJTB
2528943699,1937869,2,tobillo,swing,-0.1726,0.9647,0.0806,4.3945,6.4697,6.2256,t002,FIJTB
2528943709,1937885,2,tobillo,swing,-0.1622,0.9692,0.0754,2.8687,6.5308,5.3101,t002,FIJTB
2528943710,1937901,2,tobillo,swing,-0.1351,0.9790,0.0642,2.0142,7.0190,5.2490,t002,FIJTB
2528943711,1937917,2,tobillo,swing,-0.1169,0.9711,0.0740,2.8687,6.9580,6.4087,t002,FIJTB
2528943752,1937932,2,tobillo,swing,-0.1403,0.9625,0.0878,5.0659,4.8828,8.6670,t002,FIJTB
2528943754,1937948,2,tobillo,swing,-0.1688,0.9564,0.1089,5.1270,3.2349,8.6670,t002,FIJTB
2528943784,1937964,2,tobillo,swing,-0.1602,0.9576,0.1067,3.6011,0.0610,8.2397,t002,FIJTB
2528943801,1937980,2,tobillo,swing,-0.1855,0.9490,0.0961,2.1973,-1.5869,9.2773,t002,FIJTB
2528943801,1937996,2,tobillo,swing,-0.2351,0.9436,0.0809,1.6479,-1.2817,8.4839,t002,FIJTB
2528943844,1938012,2,tobillo,swing,-0.2338,0.9523,0.0737,0.0610,0.6714,4.2114,t002,FIJTB
2528943846,1938028,2,tobillo,swing,-0.2253,0.9436,0.0795,-0.6104,1.5869,-0.7935,t002,FIJTB
2528943847,1938044,2,tobillo,swing,-0.2319,0.9255,0.1067,-1.5259,1.7700,-3.9062,t002,FIJTB
2528943893,1938059,2,tobillo,swing,-0.2401,0.9241,0.1155,-5.7983,2.5635,-12.1460,t002,FIJTB
2528943894,1938075,2,tobillo,swing,-0.2882,0.9182,0.1195,-8.9722,3.6011,-17.3950,t002,FIJTB
2528943894,1938091,2,tobillo,swing,-0.2596,0.9434,0.1168,-16.2354,7.3853,-29.0527,t002,FIJTB
2528943938,1938107,2,tobillo,swing,-0.1439,1.0139,0.0884,-23.1323,10.9863,-38.3911,t002,FIJTB
2528943938,1938123,2,tobillo,swing,0.0315,1.0874,0.0051,-23.9868,11.1084,-38.8184,t002,FIJTB
2528943939,1938139,2,tobillo,swing,-0.0919,1.0232,0.0291,-19.4702,5.1880,-31.9214,t002,FIJTB
2528943984,1938155,2,tobillo,swing,-0.2440,1.0089,0.1108,-21.7895,1.5259,-33.8745,t002,FIJTB
2528943985,1938171,2,tobillo,swing,-0.1426,1.0214,0.0741,-30.8228,0.6104,-42.6636,t002,FIJTB
2528943985,1938187,2,tobillo,swing,-0.2130,1.0227,0.0669,-37.7808,-3.1128,-40.5884,t002,FIJTB
2528944029,1938203,2,tobillo,swing,-0.3901,1.1165,0.0553,-40.8936,-4.9438,-42.4805,t002,FIJTB
2528944030,1938219,2,tobillo,swing,-0.3842,1.1246,0.0583,-32.8369,-12.3901,-62.2559,t002,FIJTB
2528944030,1938235,2,tobillo,swing,-0.3409,1.0471,0.1130,-20.2637,-29.9683,-76.4771,t002,FIJTB
2528944077,1938251,2,tobillo,swing,-0.6469,0.9937,0.3768,-11.6577,-32.7148,-67.8101,t002,FIJTB
2528944077,1938267,2,tobillo,swing,-0.8700,1.0210,0.4241,-2.5635,-8.4839,-15.2588,t002,FIJTB
2528944077,1938283,2,tobillo,swing,-0.9011,0.7830,0.3207,-0.9766,15.3809,0.6104,t002,FIJTB
2528944122,1938299,2,tobillo,swing,-0.6888,0.7035,0.2921,8.5449,38.7573,13.1836,t002,FIJTB
2528944123,1938314,2,tobillo,swing,-0.6976,0.7478,0.2480,9.1553,43.4570,32.5317,t002,FIJTB
2528944159,1938330,2,tobillo,swing,-0.5989,0.8337,0.2015,10.8643,48.4619,40.5273,t002,FIJTB
2528944170,1938346,2,tobillo,swing,-0.4840,0.8574,0.1777,5.5542,52.8564,49.8047,t002,FIJTB
2528944170,1938362,2,tobillo,swing,-0.4324,0.8165,0.1600,-2.3804,47.9736,56.2134,t002,FIJTB
2528944213,1938377,2,tobillo,swing,-0.4175,1.0427,0.0291,-4.4556,35.6445,78.2471,t002,FIJTB
2528944215,1938393,2,tobillo,swing,-0.3857,1.1284,-0.0118,10.4370,41.0767,88.8061,t002,FIJTB
2528944216,1938409,2,tobillo,swing,-0.2587,1.0789,0.0055,20.0806,42.8467,87.8296,t002,FIJTB
2528944262,1938425,2,tobillo,swing,-0.1827,1.0493,0.0137,28.6255,30.3345,88.5010,t002,FIJTB
2528944262,1938440,2,tobillo,swing,-0.2336,1.0199,0.0370,26.7334,18.6157,93.4448,t002,FIJTB
2528944262,1938456,2,tobillo,swing,-0.3207,1.0251,0.0856,19.4092,0.4272,97.9004,t002,FIJTB
2528944306,1938472,2,tobillo,swing,-0.2664,1.0709,0.0657,17.2729,-8.2397,93.9331,t002,FIJTB
2528944307,1938488,2,tobillo,swing,-0.1724,1.1295,-0.0114,19.4702,-6.7749,95.1538,t002,FIJTB
2528944307,1938504,2,tobillo,swing,-0.2142,1.0872,0.0470,27.0996,5.0659,100.1587,t002,FIJTB
2528944352,1938520,2,tobillo,swing,-0.2454,0.9747,0.1608,29.4189,11.7187,96.3135,t002,FIJTB
2528944353,1938536,2,tobillo,swing,-0.1132,1.0199,0.1204,28.6865,23.3765,88.3789,t002,FIJTB
2528944353,1938551,2,tobillo,swing,-0.0942,1.0352,0.0984,32.1045,28.0762,90.9424,t002,FIJTB
2528944395,1938567,2,tobillo,swing,-0.2107,0.9830,0.1250,33.8135,26.6113,91.4917,t002,FIJTB
2528944397,1938583,2,tobillo,swing,-0.2234,0.9838,0.1182,33.2031,21.0571,82.7026,t002,FIJTB
2528944398,1938598,2,tobillo,swing,-0.1550,1.0125,0.0769,33.0811,19.4702,79.0405,t002,FIJTB
2528944443,1938614,2,tobillo,swing,-0.1781,0.9447,0.0953,36.3770,21.7285,75.6226,t002,FIJTB
2528944443,1938630,2,tobillo,swing,-0.2336,0.8895,0.1017,34.9121,27.4048,67.8101,t002,FIJTB
2528944444,1938646,2,tobillo,swing,-0.2139,0.8868,0.0823,31.5552,30.6396,61.0962,t002,FIJTB
2528944486,1938661,2,tobillo,loading,-0.1412,0.9120,0.0587,27.8931,34.3628,50.2930,t002,FIJTB
2528944486,1938677,2,tobillo,loading,-0.1345,0.8842,0.0490,27.0386,33.6304,47.4853,t002,FIJTB
2528944487,1938693,2,tobillo,loading,-0.2263,0.8517,0.0996,21.2402,28.8696,38.8184,t002,FIJTB
2528944538,1938709,2,tobillo,loading,-0.1958,0.8727,0.1046,14.1602,23.1323,19.2871,t002,FIJTB
2528944538,1938725,2,tobillo,loading,-0.1785,0.8789,0.0864,11.9629,19.6533,12.0850,t002,FIJTB
2528944538,1938740,2,tobillo,loading,-0.2289,0.8550,0.0874,7.7515,14.4653,5.1270,t002,FIJTB
2528944582,1938756,2,tobillo,loading,-0.3176,0.8177,0.1279,5.0659,13.1226,1.4648,t002,FIJTB
2528944583,1938772,2,tobillo,loading,-0.3459,0.8217,0.1884,0.3052,12.2070,-5.7983,t002,FIJTB
2528944585,1938788,2,tobillo,loading,-0.3701,0.8112,0.2019,-1.4038,16.9678,-7.2632,t002,FIJTB
2528944631,1938804,2,tobillo,loading,-0.3914,0.7896,0.1683,-2.4414,21.5454,-7.0190,t002,FIJTB
2528944632,1938820,2,tobillo,loading,-0.3623,0.8068,0.1414,-3.9673,30.6396,-10.1318,t002,FIJTB
2528944632,1938835,2,tobillo,loading,-0.2927,0.8392,0.0803,-3.8452,31.9214,-13.4277,t002,FIJTB
2528944674,1938851,2,tobillo,loading,-0.2561,0.8477,-0.0049,-4.9438,28.0762,-24.3530,t002,FIJTB
2528944676,1938867,2,tobillo,loading,-0.2649,0.8392,-0.0336,-8.9722,20.5078,-36.1328,t002,FIJTB
2528944678,1938883,2,tobillo,loading,-0.2394,0.8778,-0.2001,-12.6953,9.7656,-40.4663,t002,FIJTB
2528944722,1938899,2,tobillo,loading,-0.1841,0.8035,-0.3909,-24.1089,-23.1323,-55.3589,t002,FIJTB
2528944723,1938916,2,tobillo,loading,0.0050,1.0422,-0.3656,-34.4238,-13.3667,-85.6934,t002,FIJTB
2528944764,1938932,2,tobillo,loading,-0.0896,0.9031,0.2017,-32.8979,-4.4556,-98.9380,t002,FIJTB
2528944766,1938948,2,tobillo,loading,-0.5217,0.8502,0.3197,-40.2832,-22.2168,-76.5381,t002,FIJTB
2528944767,1938964,2,tobillo,loading,-1.0992,1.1843,0.5564,-40.8325,-39.4287,-63.9038,t002,FIJTB
2528944813,1938980,2,tobillo,loading,-0.2158,1.5203,0.0616,-43.8232,-32.4707,-121.2158,t002,FIJTB
2528944813,1938996,2,tobillo,loading,0.1606,1.3230,-0.1262,-77.8809,23.3765,-113.5864,t002,FIJTB
2528944813,1939012,2,tobillo,loading,-0.1378,0.9524,0.1243,-81.6040,28.5645,-74.0967,t002,FIJTB
2528944856,1939028,2,tobillo,loading,-0.0826,1.0773,-0.0585,-60.3027,32.9590,-56.0303,t002,FIJTB
2528944857,1939044,2,tobillo,loading,-0.0898,1.0588,-0.1082,-36.8652,20.0806,-48.0347,t002,FIJTB
2528944858,1939060,2,tobillo,loading,-0.1831,1.0319,-0.1401,-37.4146,13.7939,-36.9873,t002,FIJTB
2528944905,1939076,2,tobillo,loading,-0.1611,0.9904,-0.0447,-33.1421,10.8643,-29.1748,t002,FIJTB
2528944905,1939092,2,tobillo,loading,-0.1157,0.9727,-0.0260,-28.0151,-0.1221,-24.2310,t002,FIJTB
2528944905,1939108,2,tobillo,loading,-0.2402,0.9391,0.0405,-18.0054,-24.4751,-9.2163,t002,FIJTB
2528944949,1939124,2,tobillo,loading,-0.2567,0.9867,0.0525,-17.2729,-24.5972,-15.5640,t002,FIJTB
2528944949,1939140,2,tobillo,loading,-0.2073,0.9666,0.0707,-20.6909,-16.6016,-16.9678,t002,FIJTB
2528944972,1939156,2,tobillo,loading,-0.1887,0.9895,0.0172,-23.0713,-5.9204,-15.5029,t002,FIJTB
2528944996,1939173,2,tobillo,loading,-0.1959,0.9730,0.0017,-23.7427,-1.8921,-12.3291,t002,FIJTB
2528944997,1939189,2,tobillo,loading,-0.2108,0.9562,-0.0184,-19.6533,-3.6011,-10.4980,t002,FIJTB
2528945014,1939205,2,tobillo,loading,-0.2015,0.9624,-0.0111,-12.0239,-5.7373,-10.3760,t002,FIJTB
2528945041,1939221,2,tobillo,loading,-0.1919,0.9653,0.0137,-10.9863,-4.5776,-10.1929,t002,FIJTB
2528945043,1939237,2,tobillo,loading,-0.1876,0.9623,0.0326,-10.9863,-3.0518,-8.0566,t002,FIJTB
2528945089,1939253,2,tobillo,loading,-0.1879,0.9668,0.0258,-13.9770,-4.3335,-6.7139,t002,FIJTB
2528945090,1939269,2,tobillo,loading,-0.2096,0.9677,0.0020,-14.5874,-5.6152,-6.9580,t002,FIJTB
2528945090,1939285,2,tobillo,loading,-0.2091,0.9547,-0.0045,-11.5967,-9.8877,-9.1553,t002,FIJTB
2528945132,1939301,2,tobillo,loading,-0.1936,0.9548,0.0024,-9.8267,-13.8550,-10.8643,t002,FIJTB
2528945132,1939317,2,tobillo,midstance,-0.2015,0.9579,0.0022,-10.3760,-13.9770,-11.0474,t002,FIJTB
2528945134,1939333,2,tobillo,midstance,-0.2181,0.9595,-0.0042,-11.3525,-11.5356,-13.9770,t002,FIJTB
2528945182,1939349,2,tobillo,midstance,-0.2324,0.9368,-0.0123,-7.5073,-8.9722,-18.6157,t002,FIJTB
2528945182,1939366,2,tobillo,midstance,-0.1777,0.9666,-0.0139,-8.4229,-8.1787,-20.3247,t002,FIJTB
2528945182,1939382,2,tobillo,midstance,-0.1716,0.9614,-0.0062,-12.8784,-7.9956,-22.4609,t002,FIJTB
2528945227,1939398,2,tobillo,midstance,-0.1522,0.9760,-0.0170,-13.9770,-7.6294,-22.6440,t002,FIJTB
2528945228,1939414,2,tobillo,midstance,-0.1564,0.9517,-0.0281,-13.7329,-3.9062,-22.1558,t002,FIJTB
2528945228,1939430,2,tobillo,midstance,-0.1542,0.9420,-0.0314,-8.7891,-2.3193,-18.6768,t002,FIJTB
2528945274,1939446,2,tobillo,midstance,-0.1382,0.9758,-0.0249,-10.1318,-2.5024,-18.3716,t002,FIJTB
2528945274,1939462,2,tobillo,midstance,-0.1583,0.9722,-0.0217,-15.8081,-3.2959,-20.2637,t002,FIJTB
2528945275,1939479,2,tobillo,midstance,-0.1473,0.9830,-0.0145,-19.0430,-3.6011,-23.0103,t002,FIJTB
2528945319,1939495,2,tobillo,midstance,-0.1339,0.9862,-0.0107,-20.9351,-4.2114,-23.6816,t002,FIJTB
2528945320,1939511,2,tobillo,midstance,-0.1442,1.0026,-0.0140,-26.8555,-4.4556,-28.1982,t002,FIJTB
2528945343,1939527,2,tobillo,midstance,-0.1566,0.9761,-0.0293,-29.8462,0.7324,-37.7197,t002,FIJTB
2528945367,1939543,2,tobillo,midstance,-0.1305,0.9995,-0.0531,-31.1279,3.2959,-42.1753,t002,FIJTB
2528945367,1939559,2,tobillo,midstance,-0.1395,0.9971,-0.0807,-32.4707,4.5776,-52.2461,t002,FIJTB
2528945410,1939575,2,tobillo,midstance,-0.1345,1.0018,-0.0911,-32.1655,4.2725,-58.8379,t002,FIJTB
2528945412,1939591,2,tobillo,midstance,-0.1282,0.9949,-0.0914,-29.7852,5.3711,-68.1763,t002,FIJTB
2528945413,1939607,2,tobillo,midstance,-0.0951,1.0082,-0.0914,-32.1655,7.8125,-69.5190,t002,FIJTB
2528945449,1939623,2,tobillo,midstance,0.0303,1.0084,-0.0840,-34.1797,8.6060,-70.1904,t002,FIJTB
2528945459,1939639,2,tobillo,midstance,0.0651,0.9933,-0.0930,-38.0249,5.8594,-64.8193,t002,FIJTB
2528945459,1939655,2,tobillo,midstance,0.0422,1.0284,-0.0973,-40.2222,-0.8545,-55.4810,t002,FIJTB
2528945503,1939671,2,tobillo,midstance,-0.0060,1.0449,-0.1293,-40.2222,-2.5024,-54.0161,t002,FIJTB
2528945504,1939687,2,tobillo,midstance,-0.0037,1.0521,-0.1327,-40.4663,-5.2490,-54.6875,t002,FIJTB
2528945504,1939703,2,tobillo,midstance,0.0045,1.0555,-0.1428,-40.8936,-7.0801,-55.6030,t002,FIJTB
2528945550,1939719,2,tobillo,midstance,0.0103,1.0909,-0.1371,-43.1519,-11.5967,-58.6548,t002,FIJTB
2528945551,1939735,2,tobillo,midstance,0.0144,1.1078,-0.1495,-45.7764,-13.6108,-67.3218,t002,FIJTB
2528945551,1939752,2,tobillo,midstance,-0.0093,1.1528,-0.1727,-44.8608,-14.5264,-72.9370,t002,FIJTB
2528945594,1939768,2,tobillo,midstance,-0.0055,1.2041,-0.1702,-44.9219,-17.7612,-90.0879,t002,FIJTB
2528945596,1939784,2,tobillo,midstance,0.0178,1.2322,-0.1409,-55.8472,-20.0806,-111.4502,t002,FIJTB
2528945596,1939800,2,tobillo,midstance,0.0034,1.3094,-0.1007,-61.0962,-25.7568,-120.4224,t002,FIJTB
2528945643,1939816,2,tobillo,midstance,-0.0051,1.3925,-0.0497,-61.8286,-48.4619,-128.9062,t002,FIJTB
2528945643,1939832,2,tobillo,midstance,0.0317,1.4688,0.1018,-61.3403,-62.0117,-131.3477,t002,FIJTB
2528945644,1939848,2,tobillo,midstance,-0.0291,1.4387,0.2432,-61.4014,-92.2851,-147.1558,t002,FIJTB
2528945687,1939864,2,tobillo,midstance,-0.0581,1.3577,0.2690,-50.6592,-119.2627,-161.8042,t002,FIJTB
2528945688,1939880,2,tobillo,midstance,0.0306,1.2229,0.1232,-45.4712,-121.4600,-171.6308,t002,FIJTB
2528945734,1939896,2,tobillo,midstance,0.0345,1.2653,-0.1560,-53.2227,-91.7358,-174.5605,t002,FIJTB
2528945735,1939912,2,tobillo,midstance,-0.0273,1.2365,-0.2529,-78.0640,-45.4712,-157.5317,t002,FIJTB
2528945736,1939928,2,tobillo,midstance,0.1801,1.1877,-0.2595,-79.8950,-21.7895,-148.3765,t002,FIJTB
2528945778,1939944,2,tobillo,midstance,0.4803,1.0500,-0.3439,-44.9219,0.4272,-115.1123,t002,FIJTB
2528945779,1939960,2,tobillo,terminal,0.6600,0.8396,-0.4904,-34.9121,-20.2026,-84.3506,t002,FIJTB
2528945779,1939976,2,tobillo,terminal,0.1466,0.5723,-0.3568,-32.4707,-72.4487,-24.1089,t002,FIJTB
2528945830,1939992,2,tobillo,terminal,-0.1257,0.2432,-0.3453,7.2632,-17.5171,-25.8179,t002,FIJTB
2528945830,1940008,2,tobillo,terminal,-0.6438,0.5321,-0.1619,9.2163,20.9351,-6.4087,t002,FIJTB
2528945830,1940024,2,tobillo,terminal,-0.9590,0.7355,0.1062,14.2822,-4.1504,133.8501,t002,FIJTB
2528945834,1940040,2,tobillo,terminal,-0.7491,0.2042,0.1963,60.1807,-44.9219,149.7192,t002,FIJTB
2528945881,1940056,2,tobillo,terminal,-0.2500,0.2830,0.0936,64.2700,-36.8652,114.0747,t002,FIJTB
2528945882,1940072,2,tobillo,terminal,-0.2563,0.5607,0.0704,73.4863,-51.1475,152.6489,t002,FIJTB
2528945882,1940088,2,tobillo,terminal,-0.4340,0.7437,0.1459,81.2988,-68.7866,197.9980,t002,FIJTB
2528945924,1940103,2,tobillo,terminal,-0.3213,0.8107,0.2610,97.3511,-62.3169,206.0547,t002,FIJTB
2528945926,1940119,2,tobillo,terminal,-0.1566,0.8954,0.2145,109.6191,-36.1328,205.7495,t002,FIJTB
2528945973,1940135,2,tobillo,terminal,-0.1980,0.9525,0.0536,103.2104,-34.5459,226.0132,t002,FIJTB
2528945973,1940151,2,tobillo,terminal,-0.2776,1.0527,0.0146,68.4814,-18.2495,258.2397,t002,FIJTB
2528945974,1940167,2,tobillo,terminal,-0.1824,1.3533,-0.0125,56.6406,-1.0376,258.0566,t002,FIJTB
2528946016,1940183,2,tobillo,terminal,-0.0237,1.5392,-0.0513,50.6592,16.9678,236.6943,t002,FIJTB
2528946018,1940199,2,tobillo,terminal,0.0995,1.6541,-0.0659,50.3540,16.7847,224.2431,t002,FIJTB
2528946019,1940215,2,tobillo,terminal,0.2307,1.6887,-0.0491,52.0019,13.4277,225.5249,t002,FIJTB
2528946065,1940230,2,tobillo,terminal,0.1968,1.6278,-0.0115,51.7578,1.4038,227.8442,t002,FIJTB
2528946065,1940246,2,tobillo,terminal,0.1622,1.5995,0.0493,49.3164,1.3428,223.9990,t002,FIJTB
2528946066,1940262,2,tobillo,terminal,0.1724,1.5374,0.1354,49.1333,20.4468,215.3931,t002,FIJTB
2528946109,1940277,2,tobillo,terminal,0.1842,1.4802,0.1422,52.9175,44.8608,205.5664,t002,FIJTB
2528946110,1940293,2,tobillo,terminal,0.1848,1.4581,0.1138,55.3589,56.8848,202.0874,t002,FIJTB
2528946110,1940309,2,tobillo,terminal,0.0903,1.4247,0.1012,58.5937,80.8105,197.6318,t002,FIJTB
2528946157,1940324,2,tobillo,terminal,0.0457,1.3179,0.0134,56.4575,94.2383,187.0117,t002,FIJTB
2528946157,1940340,2,tobillo,terminal,0.2435,1.2695,-0.1208,51.3916,113.2202,155.0903,t002,FIJTB
2528946158,1940356,2,tobillo,terminal,0.2781,1.2089,-0.1802,50.0488,105.8350,131.5308,t002,FIJTB
2528946201,1940372,2,tobillo,terminal,0.2856,1.1106,-0.2583,47.6685,98.8769,118.8965,t002,FIJTB
2528946203,1940387,2,tobillo,terminal,0.2944,1.0841,-0.2632,41.2598,87.0361,85.8154,t002,FIJTB
2528946203,1940403,2,tobillo,terminal,0.3611,0.9838,-0.3177,36.7432,77.7588,68.3594,t002,FIJTB
2528946251,1940419,2,tobillo,terminal,0.4099,0.9451,-0.3508,23.9258,52.5513,35.5225,t002,FIJTB
2528946251,1940435,2,tobillo,terminal,0.3953,0.9243,-0.3756,10.9863,24.0478,4.8828,t002,FIJTB
2528946251,1940450,2,tobillo,terminal,0.2588,0.9392,-0.3778,3.9673,13.1226,-10.8032,t002,FIJTB
2528946294,1940466,2,tobillo,terminal,0.1824,0.9475,-0.3807,-11.7187,8.7891,-39.8560,t002,FIJTB
2528946295,1940482,2,tobillo,terminal,0.0896,0.9052,-0.3489,-18.7988,14.5874,-52.5513,t002,FIJTB
2528946296,1940498,2,tobillo,terminal,0.0394,0.9474,-0.3990,-34.0576,27.2827,-73.0591,t002,FIJTB
2528946343,1940514,2,tobillo,terminal,-0.0563,0.9156,-0.4121,-28.5645,37.2314,-67.5049,t002,FIJTB
2528946343,1940530,2,tobillo,terminal,-0.9113,0.9503,0.1304,-21.9727,36.7432,-50.2319,t002,FIJTB
2528946344,1940546,2,tobillo,terminal,-1.3827,0.8813,0.2921,-50.9644,26.5503,-70.3735,t002,FIJTB
2528946386,1940562,2,tobillo,terminal,-0.8937,1.4026,0.4568,-81.2988,31.1279,-110.5957,t002,FIJTB
2528946387,1940578,2,tobillo,swing,0.6892,1.7367,-0.0721,-114.0747,82.4585,-182.9223,t002,FIJTB
2528946390,1940594,2,tobillo,swing,0.4619,1.3500,-0.0073,-89.4165,70.5566,-116.7602,t002,FIJTB
2528946440,1940610,2,tobillo,swing,-0.5957,0.8457,0.1498,-89.1113,47.3022,-88.2568,t002,FIJTB
2528946441,1940626,2,tobillo,swing,-0.0647,0.9296,0.0021,-79.4678,69.2139,-108.2153,t002,FIJTB
2528946441,1940642,2,tobillo,swing,0.1693,1.0709,-0.0563,-23.9258,38.3301,-110.7178,t002,FIJTB
2528946487,1940658,2,tobillo,swing,-0.0403,1.0702,-0.0778,-16.0522,5.6152,-111.8774,t002,FIJTB
2528946488,1940674,2,tobillo,swing,-0.0929,0.9199,0.0140,-18.3716,-7.8125,-84.1675,t002,FIJTB
2528946489,1940690,2,tobillo,swing,0.1154,0.9243,0.0681,-25.6958,-5.2490,-64.8804,t002,FIJTB
2528946538,1940706,2,tobillo,swing,-0.0676,0.9740,0.0796,-27.3437,-8.1177,-32.4707,t002,FIJTB
2528946538,1940722,2,tobillo,swing,-0.1561,0.9713,0.0615,-24.8413,5.2490,-34.6069,t002,FIJTB
2528946538,1940738,2,tobillo,swing,-0.1467,1.0032,0.0148,-23.7427,13.3667,-38.0859,t002,FIJTB
2528946583,1940754,2,tobillo,swing,-0.0813,1.0120,0.0149,-23.1934,14.3433,-37.5366,t002,FIJTB
2528946585,1940770,2,tobillo,swing,-0.0358,0.9651,0.0275,-20.9961,2.3193,-29.1748,t002,FIJTB
2528946585,1940786,2,tobillo,swing,-0.0587,0.9846,0.0114,-21.8506,-2.1362,-25.4517,t002,FIJTB
2528946633,1940802,2,tobillo,swing,-0.1018,0.9846,0.0033,-20.8130,-3.1128,-23.3765,t002,FIJTB
2528946634,1940818,2,tobillo,swing,-0.0946,0.9961,0.0159,-18.3716,-1.0376,-23.7427,t002,FIJTB
2528946634,1940834,2,tobillo,swing,-0.0510,0.9873,0.0460,-20.5078,1.8921,-27.0996,t002,FIJTB
2528946679,1940850,2,tobillo,swing,-0.0529,0.9784,0.0525,-19.2261,-1.5259,-22.6440,t002,FIJTB
2528946681,1940866,2,tobillo,swing,-0.0382,0.9801,0.0325,-19.5923,-2.9297,-21.0571,t002,FIJTB
2528946681,1940882,2,tobillo,swing,-0.0236,0.9860,0.0190,-23.6206,-3.0518,-20.5688,t002,FIJTB
2528946730,1940898,2,tobillo,swing,-0.0381,0.9814,-0.0029,-24.2920,-3.2959,-18.4326,t002,FIJTB
2528946730,1940914,2,tobillo,swing,-0.0492,0.9817,-0.0135,-23.8037,-2.8076,-17.4561,t002,FIJTB
2528946731,1940930,2,tobillo,swing,-0.0471,0.9777,-0.0208,-24.5972,1.7090,-19.0430,t002,FIJTB
2528946775,1940946,2,tobillo,swing,-0.0269,0.9614,-0.0315,-24.5361,3.9673,-18.3716,t002,FIJTB
2528946777,1940962,2,tobillo,swing,0.0013,0.9775,-0.0204,-24.4141,4.1504,-15.3809,t002,FIJTB
2528946778,1940978,2,tobillo,swing,-0.0096,0.9818,-0.0203,-24.7803,-0.1221,-13.3057,t002,FIJTB
2528946826,1940994,2,tobillo,swing,-0.0450,0.9843,-0.0366,-25.5127,-1.0376,-13.3667,t002,FIJTB
2528946827,1941010,2,tobillo,swing,-0.0337,0.9778,-0.0461,-27.1606,0.7324,-17.8223,t002,FIJTB
2528946827,1941026,2,tobillo,swing,-0.0164,0.9690,-0.0635,-25.5737,2.1362,-20.3247,t002,FIJTB
2528946872,1941042,2,tobillo,loading,-0.0200,0.9761,-0.0753,-23.3765,2.0752,-19.8364,t002,FIJTB
2528946873,1941058,2,tobillo,loading,-0.0005,0.9897,-0.0751,-23.0713,0.7935,-21.7285,t002,FIJTB
2528946873,1941074,2,tobillo,loading,0.0065,0.9999,-0.0626,-24.7192,-0.5493,-23.7427,t002,FIJTB
2528946926,1941091,2,tobillo,loading,0.0048,1.0088,-0.0503,-27.5269,-3.5400,-26.4282,t002,FIJTB
2528946927,1941107,2,tobillo,loading,0.0216,1.0117,-0.0464,-29.4800,-3.2959,-29.4800,t002,FIJTB
2528946927,1941123,2,tobillo,loading,0.0662,0.9926,-0.0267,-30.2734,-2.6855,-29.3579,t002,FIJTB
2528946975,1941139,2,tobillo,loading,0.0729,0.9902,-0.0165,-32.8979,-1.7090,-25.3296,t002,FIJTB
2528946976,1941155,2,tobillo,loading,0.0123,1.0168,-0.1053,-33.6914,-1.2207,-26.3672,t002,FIJTB
2528946976,1941171,2,tobillo,loading,-0.0258,1.0377,-0.1788,-32.1655,-2.5635,-29.9072,t002,FIJTB
2528947026,1941187,2,tobillo,loading,-0.0151,1.0408,-0.1808,-27.9541,-8.6670,-37.4146,t002,FIJTB
2528947027,1941203,2,tobillo,loading,0.0342,1.0515,-0.1196,-27.2827,-13.6719,-39.0625,t002,FIJTB
2528947027,1941219,2,tobillo,loading,0.0292,1.0967,-0.0808,-28.3203,-20.4468,-41.0767,t002,FIJTB
2528947071,1941235,2,tobillo,loading,0.0341,1.1097,-0.0886,-28.8086,-21.8506,-49.8047,t002,FIJTB
2528947074,1941251,2,tobillo,loading,0.0421,1.1166,-0.1304,-29.4189,-22.4609,-56.7627,t002,FIJTB
2528947074,1941267,2,tobillo,loading,0.0925,1.1171,-0.1707,-31.4941,-26.6724,-73.3643,t002,FIJTB
2528947122,1941283,2,tobillo,loading,0.1063,1.0985,-0.1865,-48.7671,-32.8369,-88.9893,t002,FIJTB
2528947123,1941299,2,tobillo,loading,0.0632,0.9908,-0.1591,-59.1431,-37.8418,-91.3086,t002,FIJTB
2528947124,1941315,2,tobillo,loading,0.0642,1.0403,-0.1316,-63.6597,-45.4102,-82.5806,t002,FIJTB
2528947131,1941331,2,tobillo,loading,0.0632,1.1865,-0.1106,-59.1431,-44.1894,-82.5806,t002,FIJTB
2528947168,1941347,2,tobillo,loading,0.0247,1.2856,-0.1558,-46.3257,-38.3301,-101.3184,t002,FIJTB
2528947171,1941363,2,tobillo,loading,0.0035,1.3413,-0.1688,-41.3208,-41.3818,-115.4785,t002,FIJTB
2528947220,1941379,2,tobillo,loading,-0.0790,1.4023,-0.1453,-40.2832,-50.2930,-118.7744,t002,FIJTB
2528947220,1941395,2,tobillo,loading,-0.1438,1.3785,0.0470,-38.5742,-79.7729,-131.6528,t002,FIJTB
2528947221,1941411,2,tobillo,loading,-0.1478,1.3195,0.1378,-40.2832,-106.2012,-149.2310,t002,FIJTB
2528947236,1941427,2,tobillo,loading,-0.1134,1.1962,0.1132,-41.5649,-113.5254,-160.5835,t002,FIJTB
2528947264,1941444,2,tobillo,loading,0.0538,1.2079,0.0120,-46.3257,-98.0225,-178.1616,t002,FIJTB
2528947268,1941460,2,tobillo,loading,0.4196,1.2565,-0.1973,-51.9409,-78.6743,-179.1382,t002,FIJTB
2528947316,1941476,2,tobillo,loading,0.3535,1.2396,-0.4286,-65.8569,-59.7534,-158.3862,t002,FIJTB
2528947317,1941492,2,tobillo,loading,0.3776,1.2379,-0.5099,-59.8144,-42.5415,-123.9624,t002,FIJTB
2528947317,1941508,2,tobillo,loading,0.4025,1.0360,-0.4501,-45.3491,-38.3301,-103.0273,t002,FIJTB
2528947333,1941524,2,tobillo,loading,0.0435,0.6920,-0.3437,-25.7568,-66.4673,-46.8750,t002,FIJTB
2528947361,1941540,2,tobillo,loading,-0.1284,0.5033,-0.2490,-4.9438,-90.7593,-11.3525,t002,FIJTB
2528947364,1941556,2,tobillo,loading,-0.3302,0.2286,-0.3103,10.7422,-79.5288,-8.9111,t002,FIJTB
2528947412,1941572,2,tobillo,loading,-0.4712,0.3334,-0.1831,-0.9155,-47.9126,33.0200,t002,FIJTB
2528947412,1941588,2,tobillo,loading,-0.6282,0.4180,0.1152,-8.1787,-51.4526,67.9321,t002,FIJTB
2528947413,1941604,2,tobillo,loading,-0.1674,0.3651,0.0621,6.0425,-45.6543,122.4976,t002,FIJTB
2528947414,1941620,2,tobillo,loading,-0.0339,0.4296,0.0887,20.3857,-1.2817,144.4702,t002,FIJTB
2528947459,1941635,2,tobillo,midstance,-0.1508,0.5870,0.1588,29.3579,4.6387,172.1191,t002,FIJTB
2528947460,1941651,2,tobillo,midstance,-0.1887,0.5668,0.1771,47.2412,7.3853,220.0928,t002,FIJTB
2528947461,1941667,2,tobillo,midstance,-0.2283,0.5524,0.1487,55.2368,14.6484,224.8535,t002,FIJTB
2528947514,1941683,2,tobillo,midstance,-0.2512,0.7361,0.1772,61.5845,20.0195,237.8540,t002,FIJTB
2528947514,1941698,2,tobillo,midstance,-0.1963,0.8322,0.1536,54.1382,31.7993,265.6860,t002,FIJTB
2528947514,1941714,2,tobillo,midstance,-0.0404,1.1345,0.0564,45.9595,41.6870,273.9868,t002,FIJTB
2528947561,1941730,2,tobillo,midstance,0.0868,1.3898,0.0081,44.6777,36.3770,273.4375,t002,FIJTB
2528947562,1941745,2,tobillo,midstance,0.2260,1.5548,-0.0319,55.3589,21.7895,266.8457,t002,FIJTB
2528947563,1941761,2,tobillo,midstance,0.1663,1.5709,-0.0552,62.1948,-1.2817,250.7934,t002,FIJTB
2528947613,1941777,2,tobillo,midstance,0.2008,1.6355,-0.0988,46.6919,5.4932,240.2954,t002,FIJTB
2528947614,1941793,2,tobillo,midstance,0.2405,1.6846,-0.1644,41.4429,18.6768,236.5723,t002,FIJTB
2528947614,1941809,2,tobillo,midstance,0.2048,1.6678,-0.2286,39.9780,46.8750,227.8442,t002,FIJTB
2528947659,1941824,2,tobillo,midstance,0.1461,1.5632,-0.2434,40.5273,59.0820,222.3511,t002,FIJTB
2528947659,1941840,2,tobillo,midstance,0.1381,1.4457,-0.1709,40.5884,67.9932,200.8056,t002,FIJTB
2528947662,1941856,2,tobillo,midstance,0.1298,1.4386,-0.1599,40.3442,55.5420,180.5420,t002,FIJTB
2528947710,1941872,2,tobillo,midstance,0.1553,1.4391,-0.1349,42.4805,48.4009,173.4619,t002,FIJTB
2528947711,1941887,2,tobillo,midstance,0.1577,1.4008,-0.0917,50.4761,37.2925,160.4004,t002,FIJTB
2528947711,1941903,2,tobillo,midstance,0.1212,1.2285,-0.0966,50.7812,33.5083,150.6958,t002,FIJTB
2528947754,1941919,2,tobillo,midstance,0.2610,1.2465,-0.1534,42.0532,28.9917,130.7983,t002,FIJTB
2528947757,1941935,2,tobillo,midstance,0.2566,1.2227,-0.1292,40.7715,15.1367,125.2441,t002,FIJTB
2528947757,1941950,2,tobillo,midstance,0.0066,1.0094,-0.0341,39.1235,9.4604,117.4316,t002,FIJTB
2528947775,1941966,2,tobillo,midstance,0.0293,0.9812,-0.0227,27.2217,14.7705,82.8857,t002,FIJTB
2528947804,1941982,2,tobillo,midstance,0.2327,1.0280,-0.0748,20.9351,21.1792,68.9087,t002,FIJTB
2528947805,1941998,2,tobillo,midstance,0.1587,0.9358,-0.0680,12.6343,32.1655,49.4995,t002,FIJTB
2528947842,1942013,2,tobillo,midstance,0.1403,0.8916,-0.0594,3.2349,39.8560,17.3340,t002,FIJTB
2528947851,1942029,2,tobillo,midstance,0.2358,0.8755,-0.0775,-2.2583,41.1987,1.0986,t002,FIJTB
2528947851,1942045,2,tobillo,midstance,0.2043,0.8776,-0.0909,-13.7329,37.5977,-21.1182,t002,FIJTB
2528947900,1942061,2,tobillo,midstance,0.1194,0.8959,-0.1036,-18.9819,37.5977,-29.9683,t002,FIJTB
2528947900,1942077,2,tobillo,midstance,0.0773,0.9187,-0.1252,-28.5034,43.8843,-51.4526,t002,FIJTB
2528947901,1942093,2,tobillo,midstance,0.0111,1.0012,-0.1965,-41.1377,41.7480,-71.0449,t002,FIJTB
2528947944,1942109,2,tobillo,midstance,-0.2454,0.8359,-0.1152,-42.0532,33.9355,-78.7354,t002,FIJTB
2528947945,1942125,2,tobillo,terminal,-0.6550,0.8643,0.1254,-42.6025,10.6812,-65.3687,t002,FIJTB
2528947945,1942141,2,tobillo,terminal,-1.1118,0.8859,0.1730,-42.2974,16.0522,-64.5752,t002,FIJTB
2528947951,1942156,2,tobillo,terminal,-0.7598,1.2980,0.0834,-58.7158,28.5645,-77.6367,t002,FIJTB
2528947998,1942172,2,tobillo,terminal,-0.3505,1.6447,0.0527,-81.9092,46.0815,-131.4697,t002,FIJTB
2528947999,1942188,2,tobillo,terminal,0.2490,1.1771,0.1644,-56.2744,58.8379,-155.1514,t002,FIJTB
2528947999,1942204,2,tobillo,terminal,0.1659,0.9395,0.1615,-43.1519,35.4614,-108.5205,t002,FIJTB
2528948046,1942220,2,tobillo,terminal,-0.2275,0.9865,-0.1158,-58.9600,20.2637,-47.8516,t002,FIJTB
2528948048,1942236,2,tobillo,terminal,-0.2520,1.0393,-0.1729,-52.0019,24.2310,-45.1050,t002,FIJTB
2528948049,1942252,2,tobillo,terminal,-0.2042,0.9822,-0.1802,-18.1274,9.4604,-61.3403,t002,FIJTB
2528948097,1942268,2,tobillo,terminal,-0.2158,0.9929,-0.0707,-13.6719,-6.4697,-59.1431,t002,FIJTB
2528948098,1942284,2,tobillo,terminal,-0.2355,1.0126,-0.0312,-16.1743,-23.8037,-48.7061,t002,FIJTB
2528948098,1942300,2,tobillo,terminal,-0.1344,1.0209,0.0021,-7.2021,-18.6768,-51.3916,t002,FIJTB
2528948142,1942316,2,tobillo,terminal,-0.1437,0.9493,0.0623,-9.1553,-13.9770,-42.6636,t002,FIJTB
2528948145,1942332,2,tobillo,terminal,-0.1973,0.9635,0.0616,-15.3198,-4.1504,-29.4800,t002,FIJTB
2528948145,1942348,2,tobillo,terminal,-0.2581,0.9492,-0.0134,-14.3433,5.4321,-31.2500,t002,FIJTB
2528948193,1942364,2,tobillo,terminal,-0.1862,0.9847,-0.0516,-15.1367,5.7983,-30.5786,t002,FIJTB
2528948194,1942380,2,tobillo,terminal,-0.1914,0.9619,-0.0507,-13.3667,0.0610,-30.0903,t002,FIJTB
2528948195,1942396,2,tobillo,terminal,-0.1724,0.9349,-0.0165,-9.5825,-1.9531,-27.7100,t002,FIJTB
2528948242,1942412,2,tobillo,terminal,-0.1179,0.9803,0.0020,-4.8828,-3.7231,-19.1650,t002,FIJTB
2528948242,1942428,2,tobillo,terminal,-0.1160,0.9958,0.0083,-10.3149,-5.7373,-16.9067,t002,FIJTB
2528948242,1942444,2,tobillo,terminal,-0.1359,0.9764,-0.0140,-12.2070,-7.2021,-15.3198,t002,FIJTB
2528948290,1942460,2,tobillo,terminal,-0.1473,0.9745,-0.0278,-13.7329,-12.0850,-10.2539,t002,FIJTB
2528948291,1942476,2,tobillo,terminal,-0.1692,0.9635,-0.0383,-11.2915,-15.0146,-7.1411,t002,FIJTB
2528948292,1942492,2,tobillo,terminal,-0.1705,0.9590,-0.0371,-10.5591,-14.4653,-6.5308,t002,FIJTB
2528948337,1942509,2,tobillo,terminal,-0.1736,0.9579,-0.0231,-9.9487,-12.2070,-7.2021,t002,FIJTB
2528948338,1942525,2,tobillo,terminal,-0.1945,0.9489,-0.0148,-9.3994,-10.7422,-8.9111,t002,FIJTB
2528948339,1942541,2,tobillo,terminal,-0.1805,0.9536,-0.0138,-7.9956,-8.4839,-13.0005,t002,FIJTB
2528948387,1942557,2,tobillo,terminal,-0.1724,0.9587,-0.0364,-10.8643,-8.5449,-17.7612,t002,FIJTB
2528948388,1942573,2,tobillo,terminal,-0.2151,0.9567,-0.0234,-14.2822,-7.8735,-19.9585,t002,FIJTB
2528948388,1942589,2,tobillo,terminal,-0.2104,0.9491,-0.0441,-17.2729,-4.3945,-26.1841,t002,FIJTB
2528948435,1942605,2,tobillo,terminal,-0.1772,0.9908,-0.0491,-21.3013,0.4272,-31.0669,t002,FIJTB
2528948435,1942621,2,tobillo,swing,-0.1560,0.9855,-0.0582,-22.4609,2.6245,-33.6304,t002,FIJTB
2528948436,1942637,2,tobillo,swing,-0.1228,0.9763,-0.0544,-23.7427,3.3569,-35.1563,t002,FIJTB
2528948485,1942653,2,tobillo,swing,-0.0806,0.9850,-0.0448,-25.2075,3.1128,-35.4614,t002,FIJTB
2528948486,1942669,2,tobillo,swing,-0.1027,0.9872,-0.0598,-26.9775,2.6855,-36.3159,t002,FIJTB
2528948486,1942685,2,tobillo,swing,-0.0984,0.9851,-0.0530,-26.9775,4.6387,-42.3584,t002,FIJTB
2528948534,1942701,2,tobillo,swing,-0.0685,0.9818,-0.0822,-26.1841,5.1270,-45.0439,t002,FIJTB
2528948535,1942717,2,tobillo,swing,-0.0784,0.9912,-0.1343,-24.9634,3.2959,-50.0488,t002,FIJTB
2528948535,1942733,2,tobillo,swing,-0.0997,0.9845,-0.1511,-22.2778,1.7090,-52.1851,t002,FIJTB
2528948590,1942749,2,tobillo,swing,-0.0472,0.9830,-0.1205,-21.7285,1.0986,-52.3682,t002,FIJTB
2528948592,1942765,2,tobillo,swing,0.0010,0.9883,-0.0935,-24.9634,0.3662,-51.8188,t002,FIJTB
2528948592,1942781,2,tobillo,swing,0.0099,1.0065,-0.0865,-27.2827,-0.1831,-50.4150,t002,FIJTB
2528948592,1942797,2,tobillo,swing,-0.0376,1.0165,-0.1372,-29.9072,-1.4648,-49.1333,t002,FIJTB
2528948640,1942813,2,tobillo,swing,-0.0369,1.0171,-0.1558,-30.3955,-3.4790,-49.9878,t002,FIJTB
2528948641,1942829,2,tobillo,swing,-0.0016,1.0338,-0.1490,-30.6396,-5.0659,-50.2319,t002,FIJTB
2528948642,1942845,2,tobillo,swing,0.0244,1.0389,-0.1326,-30.4565,-9.2163,-49.0112,t002,FIJTB
2528948691,1942861,2,tobillo,swing,0.0305,1.0392,-0.1348,-32.8369,-12.0239,-50.2930,t002,FIJTB
2528948692,1942877,2,tobillo,swing,-0.0134,1.0647,-0.1467,-33.7524,-13.3057,-51.1475,t002,FIJTB
2528948692,1942893,2,tobillo,swing,-0.0137,1.0610,-0.1542,-33.4473,-13.6108,-60.2417,t002,FIJTB
2528948738,1942909,2,tobillo,swing,0.0145,1.0792,-0.1500,-33.9355,-13.0615,-66.1011,t002,FIJTB
2528948741,1942925,2,tobillo,swing,0.0155,1.1616,-0.1362,-36.7432,-12.6343,-77.8809,t002,FIJTB
2528948741,1942941,2,tobillo,swing,-0.0018,1.2145,-0.1340,-37.1704,-15.0146,-93.5059,t002,FIJTB
2528948790,1942957,2,tobillo,swing,0.0168,1.2759,-0.1532,-42.2363,-15.6860,-102.9053,t002,FIJTB
2528948791,1942973,2,tobillo,swing,0.0166,1.2677,-0.0979,-65.7959,-23.4985,-122.2534,t002,FIJTB
2528948791,1942989,2,tobillo,swing,0.0341,1.3363,-0.0510,-70.9229,-50.4761,-131.5918,t002,FIJTB
2528948839,1943005,2,tobillo,swing,0.1453,1.4102,0.0790,-67.4438,-64.4531,-131.8970,t002,FIJTB
2528948839,1943021,2,tobillo,swing,0.1743,1.3787,0.1492,-58.7769,-92.8345,-140.5640,t002,FIJTB
2528948840,1943037,2,tobillo,swing,0.1246,1.3159,0.2238,-52.8564,-108.2764,-140.6250,t002,FIJTB
2528948889,1943053,2,tobillo,swing,-0.0297,1.0873,0.0536,-39.1235,-130.1880,-144.2261,t002,FIJTB
2528948890,1943069,2,tobillo,swing,-0.0393,1.0082,-0.1016,-45.4102,-112.6099,-160.2173,t002,FIJTB
2528948890,1943085,2,tobillo,swing,0.2590,1.1257,-0.3873,-57.3730,-90.1489,-157.5317,t002,FIJTB
2528948936,1943101,2,tobillo,swing,0.3877,1.2136,-0.3899,-61.5845,-52.6733,-130.6152,t002,FIJTB
2528948936,1943117,2,tobillo,loading,0.4568,1.0410,-0.3451,-34.1187,-66.8335,-105.5908,t002,FIJTB
2528948937,1943133,2,tobillo,loading,0.5197,0.9312,-0.4730,-29.7852,-80.3223,-93.9331,t002,FIJTB
2528948974,1943149,2,tobillo,loading,0.4492,0.9231,-0.5387,-36.8652,-103.1494,-54.3213,t002,FIJTB
2528948992,1943165,2,tobillo,loading,-0.0432,0.6760,-0.4065,-34.5459,-102.4780,-41.3818,t002,FIJTB
2528948992,1943181,2,tobillo,loading,-0.3580,0.2787,-0.4072,1.8311,-61.8896,-53.3447,t002,FIJTB
2528948992,1943197,2,tobillo,loading,-0.4088,0.4852,-0.3054,-3.9062,-1.6479,-2.3804,t002,FIJTB
2528949040,1943213,2,tobillo,loading,-0.6293,0.5913,0.0682,-3.7842,-3.9673,50.4761,t002,FIJTB
2528949042,1943229,2,tobillo,loading,-0.5739,0.3774,0.0604,19.8364,-34.3628,92.4683,t002,FIJTB
2528949043,1943245,2,tobillo,loading,-0.1877,0.2729,-0.0129,21.7285,-27.8320,76.4160,t002,FIJTB
2528949092,1943261,2,tobillo,loading,-0.1086,0.5972,0.0507,29.4189,5.4321,87.5244,t002,FIJTB
2528949093,1943277,2,tobillo,loading,-0.1749,0.6427,0.0590,63.5376,-16.9678,182.6172,t002,FIJTB
2528949093,1943292,2,tobillo,loading,-0.2371,0.5602,0.1046,71.0449,-29.4189,201.7822,t002,FIJTB
2528949139,1943308,2,tobillo,loading,-0.2295,0.6439,0.1168,80.1392,-20.2637,193.2983,t002,FIJTB
2528949141,1943324,2,tobillo,loading,-0.2159,0.8757,0.0991,88.3179,-11.1694,203.6133,t002,FIJTB
2528949142,1943340,2,tobillo,loading,-0.3147,0.8805,0.0981,94.7266,3.4180,244.2627,t002,FIJTB
2528949192,1943356,2,tobillo,loading,-0.2947,0.9662,0.0881,69.3359,38.7573,253.1738,t002,FIJTB
2528949192,1943371,2,tobillo,loading,-0.0181,1.4055,-0.0146,58.2275,57.8003,253.3569,t002,FIJTB
2528949193,1943387,2,tobillo,loading,0.0413,1.5229,-0.0852,55.9692,71.8994,257.0801,t002,FIJTB
2528949240,1943403,2,tobillo,loading,0.0023,1.5748,-0.1564,55.7251,70.6177,253.9062,t002,FIJTB
2528949241,1943419,2,tobillo,loading,0.1538,1.7136,-0.2498,46.1426,66.6504,233.1543,t002,FIJTB
2528949241,1943434,2,tobillo,loading,0.2417,1.7650,-0.3064,43.2739,66.7725,224.1211,t002,FIJTB
2528949290,1943450,2,tobillo,loading,0.1133,1.6040,-0.2986,45.3491,66.2842,224.3042,t002,FIJTB
2528949291,1943466,2,tobillo,loading,0.0356,1.5117,-0.2725,41.0156,58.2886,209.2895,t002,FIJTB
2528949291,1943482,2,tobillo,loading,0.0217,1.4337,-0.2402,35.5225,50.2319,196.2890,t002,FIJTB
2528949291,1943497,2,tobillo,loading,0.0410,1.4023,-0.2134,27.0386,30.2734,174.8657,t002,FIJTB
2528949339,1943513,2,tobillo,loading,0.0898,1.5381,-0.1895,26.4893,12.9395,167.3584,t002,FIJTB
2528949339,1943529,2,tobillo,loading,0.2327,1.3287,-0.1343,29.7241,6.8359,168.3960,t002,FIJTB
2528949340,1943544,2,tobillo,loading,0.2274,1.1768,-0.0568,30.6396,7.6294,148.2544,t002,FIJTB
2528949389,1943560,2,tobillo,loading,0.4901,1.3909,-0.0580,34.2407,16.1133,138.9771,t002,FIJTB
2528949389,1943576,2,tobillo,loading,-0.0470,1.2025,-0.2004,47.3022,13.9770,150.5127,t002,FIJTB
2528949390,1943592,2,tobillo,loading,-0.2620,0.9709,-0.2312,42.2363,21.5454,123.9014,t002,FIJTB
2528949436,1943607,2,tobillo,loading,0.1599,1.0638,-0.1505,32.7759,30.8838,100.7690,t002,FIJTB
2528949436,1943623,2,tobillo,loading,0.4161,1.1290,-0.1487,25.3906,23.6816,91.0034,t002,FIJTB
2528949437,1943639,2,tobillo,midstance,0.3081,0.9565,-0.2290,24.2310,10.9253,84.2895,t002,FIJTB
2528949475,1943655,2,tobillo,midstance,0.1731,0.9402,-0.2386,13.0005,8.2397,53.1616,t002,FIJTB
2528949493,1943670,2,tobillo,midstance,0.2577,0.9069,-0.2236,-1.8311,27.8320,25.4517,t002,FIJTB
2528949493,1943686,2,tobillo,midstance,0.3932,0.8676,-0.2007,-10.8032,33.1421,12.3291,t002,FIJTB
2528949496,1943702,2,tobillo,midstance,0.3229,0.8693,-0.2075,-27.2827,37.7808,-20.0806,t002,FIJTB
2528949542,1943718,2,tobillo,midstance,0.1787,0.8776,-0.2352,-35.7666,46.8140,-38.6963,t002,FIJTB
2528949545,1943734,2,tobillo,midstance,0.0011,1.0369,-0.1448,-59.5093,74.7070,-61.7676,t002,FIJTB
2528949545,1943750,2,tobillo,midstance,-0.2386,1.0403,0.1040,-54.1992,81.7871,-58.4106,t002,FIJTB
2528949595,1943766,2,tobillo,midstance,-1.2681,0.8365,0.3507,-37.5977,65.5518,-49.5605,t002,FIJTB
2528949595,1943781,2,tobillo,midstance,-1.5177,0.7045,0.3473,-50.2930,35.5835,-69.7021,t002,FIJTB
2528949595,1943797,2,tobillo,midstance,-0.4417,1.3219,0.4088,-68.4814,39.6729,-112.9761,t002,FIJTB
2528949642,1943813,2,tobillo,midstance,0.6755,1.8142,-0.0497,-68.6646,61.8286,-158.5693,t002,FIJTB
2528949644,1943829,2,tobillo,midstance,0.2141,1.3042,0.0049,-48.1567,40.8936,-97.9614,t002,FIJTB
2528949644,1943845,2,tobillo,midstance,-0.5902,0.8427,0.0366,-57.1289,27.4048,-83.4961,t002,FIJTB
2528949695,1943861,2,tobillo,midstance,-0.4152,0.9484,-0.1005,-65.1245,63.1103,-88.9282,t002,FIJTB
2528949696,1943877,2,tobillo,midstance,-0.1805,1.0081,-0.1576,-7.7515,65.7959,-78.4302,t002,FIJTB
2528949696,1943893,2,tobillo,midstance,-0.2386,0.8948,-0.1399,4.7607,50.4761,-76.4160,t002,FIJTB
2528949742,1943909,2,tobillo,midstance,-0.1654,0.8607,-0.0717,-0.4272,14.2212,-75.4395,t002,FIJTB
2528949743,1943925,2,tobillo,midstance,-0.0360,0.9916,0.0507,-12.7563,-0.9155,-60.4858,t002,FIJTB
2528949744,1943941,2,tobillo,midstance,-0.1901,0.9783,0.1110,-20.3247,-25.6348,-36.2549,t002,FIJTB
2528949795,1943957,2,tobillo,midstance,-0.2046,1.0083,0.1227,-21.8506,-18.4937,-43.7622,t002,FIJTB
2528949796,1943973,2,tobillo,midstance,-0.2924,0.9551,0.0637,-22.7661,-9.8267,-46.5698,t002,FIJTB
2528949796,1943989,2,tobillo,midstance,-0.3008,0.9648,0.0150,-22.5220,3.7231,-47.0581,t002,FIJTB
2528949842,1944005,2,tobillo,midstance,-0.2245,1.0037,-0.0632,-18.6157,8.6670,-48.2178,t002,FIJTB
2528949843,1944021,2,tobillo,terminal,-0.1639,0.9388,-0.0551,-13.0615,5.8594,-46.0205,t002,FIJTB
2528949844,1944037,2,tobillo,terminal,-0.1449,0.9642,-0.0212,-11.7798,-3.0518,-39.3677,t002,FIJTB
2528949847,1944053,2,tobillo,terminal,-0.1373,1.0073,0.0355,-14.8926,-3.2349,-39.5508,t002,FIJTB
2528949900,1944069,2,tobillo,terminal,-0.1335,0.9739,0.0321,-18.0664,4.0283,-41.0767,t002,FIJTB
2528949901,1944085,2,tobillo,terminal,-0.1178,0.9603,0.0134,-14.7705,7.9346,-37.7808,t002,FIJTB
2528949901,1944101,2,tobillo,terminal,-0.0261,0.9673,-0.0085,-14.0991,5.3101,-33.9355,t002,FIJTB
2528949952,1944117,2,tobillo,terminal,-0.0050,0.9750,0.0017,-17.5781,-5.6763,-26.0620,t002,FIJTB
2528949953,1944133,2,tobillo,terminal,-0.0720,0.9845,-0.0071,-18.9819,-12.3901,-20.0195,t002,FIJTB
2528949953,1944149,2,tobillo,terminal,-0.1094,0.9808,-0.0369,-19.4702,-10.8643,-20.6299,t002,FIJTB
2528950006,1944165,2,tobillo,terminal,-0.1134,0.9668,-0.0437,-17.6392,-6.3477,-21.7285,t002,FIJTB
2528950007,1944181,2,tobillo,terminal,-0.0856,0.9679,-0.0287,-16.5405,-6.2256,-20.0806,t002,FIJTB
2528950007,1944197,2,tobillo,terminal,-0.0809,0.9773,-0.0220,-18.7988,-7.3853,-16.7236,t002,FIJTB
2528950038,1944213,2,tobillo,terminal,-0.0959,0.9712,-0.0326,-21.3623,-6.9580,-15.2588,t002,FIJTB
2528950055,1944229,2,tobillo,terminal,-0.1227,0.9514,-0.0597,-21.1792,-5.9814,-15.9912,t002,FIJTB
2528950057,1944246,2,tobillo,terminal,-0.1123,0.9683,-0.0629,-21.1792,-4.2114,-19.5313,t002,FIJTB
2528950058,1944262,2,tobillo,terminal,-0.0918,0.9949,-0.0546,-22.5220,-2.7466,-25.5737,t002,FIJTB
2528950110,1944278,2,tobillo,terminal,-0.0685,0.9734,-0.0516,-22.7051,-2.8687,-27.2217,t002,FIJTB
2528950110,1944294,2,tobillo,terminal,-0.0508,0.9734,-0.0452,-25.5737,-5.0659,-27.8931,t002,FIJTB
2528950111,1944310,2,tobillo,terminal,-0.0364,0.9933,-0.0575,-27.4048,-5.7983,-28.3813,t002,FIJTB
2528950160,1944326,2,tobillo,terminal,-0.0782,0.9858,-0.1018,-27.8931,-7.6904,-30.2124,t002,FIJTB
2528950162,1944342,2,tobillo,terminal,-0.0881,0.9919,-0.1174,-27.6489,-5.9814,-36.1328,t002,FIJTB
2528950162,1944358,2,tobillo,terminal,-0.0675,0.9894,-0.1274,-26.9775,-3.7231,-40.3442,t002,FIJTB
2528950215,1944374,2,tobillo,terminal,0.0048,0.9910,-0.0927,-25.1465,-2.7466,-45.2270,t002,FIJTB
2528950215,1944390,2,tobillo,terminal,0.0201,0.9929,-0.0779,-26.0620,-3.5400,-43.8843,t002,FIJTB
2528950215,1944406,2,tobillo,terminal,-0.0009,1.0042,-0.0909,-27.0386,-3.9673,-43.2739,t002,FIJTB
2528950247,1944422,2,tobillo,terminal,-0.0200,1.0089,-0.1212,-27.1606,-4.8828,-41.5039,t002,FIJTB
2528950264,1944438,2,tobillo,terminal,-0.0149,1.0111,-0.1615,-26.9775,-5.1880,-41.9311,t002,FIJTB
2528950266,1944454,2,tobillo,terminal,0.0457,1.0071,-0.1467,-26.8555,-7.6294,-44.2505,t002,FIJTB
2528950267,1944470,2,tobillo,terminal,0.0634,1.0079,-0.1344,-27.6489,-12.6953,-44.2505,t002,FIJTB
2528950319,1944486,2,tobillo,terminal,0.0424,1.0251,-0.1367,-28.3813,-15.1367,-43.8232,t002,FIJTB
2528950320,1944502,2,tobillo,terminal,0.0278,1.0321,-0.1454,-28.3813,-17.4561,-46.6919,t002,FIJTB
2528950320,1944518,2,tobillo,terminal,0.0109,1.0575,-0.1694,-26.2451,-17.2119,-54.8096,t002,FIJTB
2528950367,1944534,2,tobillo,terminal,0.0514,1.0667,-0.1708,-26.3672,-17.2729,-60.5469,t002,FIJTB
2528950367,1944550,2,tobillo,swing,0.0792,1.0787,-0.1611,-28.6255,-18.0664,-71.6553,t002,FIJTB
2528950368,1944566,2,tobillo,swing,0.0669,1.1420,-0.1633,-29.1748,-18.5547,-77.5757,t002,FIJTB
2528950424,1944582,2,tobillo,swing,0.0804,1.1345,-0.1860,-36.0107,-16.2354,-93.2007,t002,FIJTB
2528950425,1944598,2,tobillo,swing,0.0552,1.1025,-0.1793,-47.9126,-20.5078,-90.6372,t002,FIJTB
2528950425,1944614,2,tobillo,swing,0.0614,1.1403,-0.1227,-48.6450,-22.7051,-90.2710,t002,FIJTB
2528950425,1944630,2,tobillo,swing,0.1090,1.1887,-0.1001,-42.5415,-24.9023,-101.0742,t002,FIJTB
2528950474,1944646,2,tobillo,swing,0.1195,1.2527,-0.0868,-43.3960,-42.8467,-110.5957,t002,FIJTB
2528950477,1944662,2,tobillo,swing,0.0217,1.2668,-0.0398,-45.8984,-57.9834,-115.7226,t002,FIJTB
2528950477,1944678,2,tobillo,swing,0.0244,1.2676,0.0424,-48.0347,-89.3555,-124.2676,t002,FIJTB
2528950528,1944694,2,tobillo,swing,0.1388,1.2404,0.1578,-46.3257,-102.7832,-128.4790,t002,FIJTB
2528950529,1944710,2,tobillo,swing,0.1489,1.1633,0.0204,-38.8794,-117.1265,-141.9678,t002,FIJTB
2528950529,1944726,2,tobillo,swing,0.1672,1.1482,-0.1150,-38.8184,-100.2808,-150.7568,t002,FIJTB
2528950578,1944742,2,tobillo,swing,0.1741,1.0631,-0.3856,-42.2974,-85.3271,-151.5503,t002,FIJTB
2528950579,1944758,2,tobillo,swing,0.1829,1.0696,-0.4449,-52.0019,-57.6782,-159.4238,t002,FIJTB
2528950579,1944774,2,tobillo,swing,0.3331,1.0908,-0.2917,-47.1802,-34.5459,-142.1509,t002,FIJTB
2528950630,1944790,2,tobillo,swing,0.4598,0.8796,-0.3485,-39.2456,-35.0342,-124.2676,t002,FIJTB
2528950631,1944806,2,tobillo,swing,0.4325,0.8433,-0.4042,-32.7148,-65.6128,-71.8384,t002,FIJTB
2528950632,1944822,2,tobillo,swing,0.3735,0.8353,-0.4762,-32.2266,-82.8247,-39.8560,t002,FIJTB
2528950646,1944838,2,tobillo,swing,0.3002,0.5332,-0.2314,-28.7476,-84.8389,-14.6484,t002,FIJTB
2528950681,1944854,2,tobillo,swing,0.2177,0.1503,-0.3560,30.2734,-42.7246,-36.5601,t002,FIJTB
2528950682,1944870,2,tobillo,swing,-0.2546,0.4098,-0.1768,14.4043,-21.8506,9.0942,t002,FIJTB
2528950682,1944886,2,tobillo,swing,-0.6746,0.5736,0.0991,-15.1367,-41.2598,150.0244,t002,FIJTB
2528950734,1944902,2,tobillo,swing,-0.6313,0.2977,0.2440,15.8691,-59.3872,187.6221,t002,FIJTB
2528950734,1944918,2,tobillo,swing,0.1013,0.3663,0.2109,51.1475,-29.7852,158.6304,t002,FIJTB
2528950735,1944933,2,tobillo,swing,0.1527,0.4998,0.2230,47.0581,-13.7329,201.1108,t002,FIJTB
2528950781,1944949,2,tobillo,swing,-0.3453,0.6237,0.2672,51.8799,-34.7290,235.2295,t002,FIJTB
2528950784,1944965,2,tobillo,swing,-0.5377,0.6068,0.2908,68.6646,-60.6079,231.2622,t002,FIJTB
2528950784,1944981,2,tobillo,swing,-0.1781,0.7087,0.2749,62.8662,-44.7388,217.1020,t002,FIJTB
2528950836,1944997,2,tobillo,swing,0.1578,1.1311,0.1383,38.2690,-5.9204,238.5864,t002,FIJTB
2528950837,1945012,2,tobillo,swing,0.0027,1.2684,0.0940,36.9263,-8.7891,257.6294,t002,FIJTB
2528950837,1945028,2,tobillo,swing,0.0786,1.4106,0.0571,42.2974,-11.9019,247.1313,t002,FIJTB
2528950838,1945044,2,tobillo,swing,0.2196,1.4435,0.0415,44.6167,-19.4702,228.1494,t002,FIJTB
2528950886,1945060,2,tobillo,swing,0.2076,1.5520,-0.0288,39.4897,-26.0620,228.3935,t002,FIJTB
2528950887,1945075,2,tobillo,loading,0.1714,1.5912,-0.0016,34.7290,-20.2637,230.0415,t002,FIJTB
2528950887,1945091,2,tobillo,loading,0.1381,1.5179,0.0145,37.3535,0.7935,226.1963,t002,FIJTB
2528950944,1945107,2,tobillo,loading,0.0074,1.4058,-0.0325,34.0576,8.6060,223.8159,t002,FIJTB
2528950945,1945122,2,tobillo,loading,-0.0679,1.4138,-0.0514,25.7568,26.7944,216.5527,t002,FIJTB
2528950945,1945138,2,tobillo,loading,-0.1421,1.4685,-0.0560,25.0854,37.4146,208.6792,t002,FIJTB
2528950964,1945154,2,tobillo,loading,-0.0664,1.4503,-0.0010,23.3154,55.7251,200.3174,t002,FIJTB
2528950995,1945170,2,tobillo,loading,0.3130,1.3030,0.0477,32.4097,83.1909,157.1045,t002,FIJTB
2528950995,1945186,2,tobillo,loading,0.1313,1.5000,-0.1118,32.1045,64.3921,157.1655,t002,FIJTB
2528950997,1945201,2,tobillo,loading,-0.2487,1.3622,-0.1437,27.4048,40.5273,199.4629,t002,FIJTB
2528951049,1945217,2,tobillo,loading,-0.2472,1.1404,-0.0369,25.7568,55.1758,172.6684,t002,FIJTB
2528951050,1945233,2,tobillo,loading,0.1357,1.2573,-0.0656,31.0059,82.7637,119.8120,t002,FIJTB
2528951050,1945249,2,tobillo,loading,0.0205,1.1283,-0.1212,34.4238,74.6460,112.0605,t002,FIJTB
2528951098,1945265,2,tobillo,loading,-0.2186,0.9425,-0.1979,31.0669,70.8618,97.1069,t002,FIJTB
2528951098,1945281,2,tobillo,loading,-0.0940,0.9552,-0.2256,24.1699,70.0684,64.6362,t002,FIJTB
2528951101,1945296,2,tobillo,loading,0.2238,0.9181,-0.1995,21.7895,65.1855,56.6406,t002,FIJTB
2528951154,1945312,2,tobillo,loading,0.1576,0.8385,-0.1366,14.8926,40.5273,46.6919,t002,FIJTB
2528951154,1945328,2,tobillo,loading,0.0221,0.8287,-0.1288,2.8687,21.3623,29.6631,t002,FIJTB
2528951155,1945344,2,tobillo,loading,-0.1211,0.8328,-0.1134,-3.2349,21.1182,17.6392,t002,FIJTB
2528951155,1945360,2,tobillo,loading,-0.0474,0.8535,-0.1102,-12.6343,27.7100,-7.9346,t002,FIJTB
2528951205,1945376,2,tobillo,loading,0.0745,0.8665,-0.1221,-15.9912,27.7100,-17.3950,t002,FIJTB
2528951206,1945392,2,tobillo,loading,-0.0117,0.8667,-0.1301,-23.8647,20.8740,-29.6631,t002,FIJTB
2528951206,1945408,2,tobillo,loading,-0.0454,0.8862,-0.1074,-33.6914,20.9351,-45.8374,t002,FIJTB
2528951258,1945424,2,tobillo,loading,-0.0292,0.9373,-0.0714,-39.1235,23.2544,-54.8096,t002,FIJTB
2528951259,1945440,2,tobillo,loading,-0.0216,0.9838,-0.0789,-50.8423,29.5410,-71.4722,t002,FIJTB
2528951259,1945456,2,tobillo,loading,-0.0684,0.9928,-0.0812,-59.9976,37.4146,-82.4585,t002,FIJTB
2528951307,1945472,2,tobillo,midstance,-0.5900,0.9022,0.2457,-61.9507,38.7573,-82.5806,t002,FIJTB
2528951307,1945488,2,tobillo,midstance,-0.9434,0.9563,0.4615,-37.4146,32.9590,-36.7432,t002,FIJTB
2528951308,1945504,2,tobillo,midstance,-0.8287,0.7982,0.1792,-20.7520,38.7573,-13.0005,t002,FIJTB
2528951314,1945520,2,tobillo,midstance,-0.3372,1.0048,0.2769,-26.4893,50.7812,-35.7056,t002,FIJTB
2528951365,1945536,2,tobillo,midstance,-0.3722,1.4066,0.4692,-56.7017,16.9678,-63.4766,t002,FIJTB
2528951366,1945552,2,tobillo,midstance,-0.0758,1.5509,0.1433,-65.3076,4.3335,-96.2524,t002,FIJTB
2528951367,1945568,2,tobillo,midstance,-0.0856,0.8657,0.0038,-60.7300,24.5972,-109.1919,t002,FIJTB
2528951416,1945583,2,tobillo,midstance,-0.2056,0.8710,0.0745,-82.4585,25.5737,-47.7905,t002,FIJTB
2528951417,1945599,2,tobillo,midstance,-0.1857,1.0890,-0.0388,-75.2563,22.4609,-45.8984,t002,FIJTB
2528951417,1945615,2,tobillo,midstance,-0.2109,1.0074,-0.1002,-28.2593,14.4043,-51.5747,t002,FIJTB
2528951471,1945631,2,tobillo,midstance,-0.4147,0.8771,-0.1753,-9.1553,10.0708,-47.7295,t002,FIJTB
2528951472,1945647,2,tobillo,midstance,-0.2949,0.9816,-0.0830,-12.5122,12.7563,-53.3447,t002,FIJTB
2528951472,1945663,2,tobillo,midstance,-0.2030,0.9286,-0.0103,-5.3711,9.8877,-40.8325,t002,FIJTB
2528951522,1945679,2,tobillo,midstance,-0.2142,0.9249,0.0060,-4.5166,0.5493,-29.6631,t002,FIJTB
2528951523,1945695,2,tobillo,midstance,-0.2441,0.9530,0.0405,-16.9678,-8.9722,-21.1792,t002,FIJTB
2528951524,1945711,2,tobillo,midstance,-0.3265,0.9515,0.0212,-24.0478,-8.8501,-26.8555,t002,FIJTB
2528951524,1945727,2,tobillo,midstance,-0.2548,0.9901,0.0203,-25.4517,-5.3101,-32.7759,t002,FIJTB
2528951578,1945743,2,tobillo,midstance,-0.1877,1.0085,-0.0123,-19.2261,0.3052,-39.6729,t002,FIJTB
2528951579,1945759,2,tobillo,midstance,-0.1812,0.9886,-0.0190,-17.1509,-0.4272,-35.8887,t002,FIJTB
2528951579,1945775,2,tobillo,midstance,-0.1437,0.9961,0.0160,-4.3335,-6.8359,-33.4473,t002,FIJTB
2528951632,1945791,2,tobillo,midstance,-0.2052,0.9484,0.0248,-2.0752,-13.0615,-27.1606,t002,FIJTB
2528951634,1945807,2,tobillo,midstance,-0.2100,0.9473,-0.0026,-4.6387,-12.6953,-24.9634,t002,FIJTB
2528951635,1945823,2,tobillo,midstance,-0.1743,0.9871,-0.0133,-14.3433,-10.1318,-23.4985,t002,FIJTB
2528951635,1945839,2,tobillo,midstance,-0.1693,0.9684,-0.0157,-15.5640,-10.9253,-23.1323,t002,FIJTB
2528951689,1945855,2,tobillo,midstance,-0.1772,0.9497,-0.0344,-13.2446,-14.5264,-20.2026,t002,FIJTB
2528951690,1945871,2,tobillo,midstance,-0.1697,0.9398,-0.0333,-9.7046,-15.3809,-17.5171,t002,FIJTB
2528951690,1945887,2,tobillo,midstance,-0.1493,0.9637,-0.0238,-9.8877,-14.8926,-16.6626,t002,FIJTB
2528951744,1945903,2,tobillo,midstance,-0.1576,0.9825,-0.0220,-13.7939,-14.1602,-17.0898,t002,FIJTB
2528951744,1945919,2,tobillo,midstance,-0.1595,0.9781,-0.0334,-14.5874,-12.8174,-19.9585,t002,FIJTB
2528951799,1945935,2,tobillo,midstance,-0.1683,0.9700,-0.0344,-14.5264,-12.1460,-21.1182,t002,FIJTB
2528951799,1945951,2,tobillo,terminal,-0.1710,0.9672,-0.0316,-13.4277,-11.7187,-22.4609,t002,FIJTB
2528951800,1945968,2,tobillo,terminal,-0.1625,0.9589,-0.0265,-12.2070,-10.5591,-24.2920,t002,FIJTB
2528951800,1945984,2,tobillo,terminal,-0.1359,0.9625,-0.0382,-12.5122,-9.5215,-25.1465,t002,FIJTB
2528951800,1946000,2,tobillo,terminal,-0.1248,0.9767,-0.0386,-15.9302,-8.8501,-26.9775,t002,FIJTB
2528951850,1946016,2,tobillo,terminal,-0.1501,0.9712,-0.0470,-17.3340,-8.9111,-27.4048,t002,FIJTB
2528951852,1946032,2,tobillo,terminal,-0.1379,0.9608,-0.0291,-19.8975,-8.4839,-31.1279,t002,FIJTB
2528951852,1946048,2,tobillo,terminal,-0.1334,0.9613,-0.0262,-24.5972,-4.5776,-35.8887,t002,FIJTB
2528951908,1946064,2,tobillo,terminal,-0.1476,1.0248,-0.0548,-26.6724,-1.8311,-39.0015,t002,FIJTB
2528951909,1946080,2,tobillo,terminal,-0.1732,1.0198,-0.0845,-26.3062,3.1738,-50.1709,t002,FIJTB
2528951909,1946096,2,tobillo,terminal,-0.1353,1.0100,-0.0892,-25.6348,4.0894,-62.2559,t002,FIJTB
2528951909,1946112,2,tobillo,terminal,-0.0735,1.0273,-0.0740,-27.5269,2.9297,-65.7349,t002,FIJTB
2528951958,1946128,2,tobillo,terminal,-0.0586,1.0183,-0.0702,-32.2266,-0.9766,-70.2515,t002,FIJTB
2528951960,1946144,2,tobillo,terminal,-0.0399,1.0251,-0.0740,-34.0576,-2.1973,-73.6694,t002,FIJTB
2528951961,1946160,2,tobillo,terminal,-0.0406,1.0436,-0.1056,-36.1328,-4.0283,-77.2705,t002,FIJTB
2528952014,1946176,2,tobillo,terminal,-0.0328,1.0433,-0.1305,-36.8042,-4.9438,-77.5146,t002,FIJTB
2528952014,1946192,2,tobillo,terminal,-0.0208,1.0688,-0.1477,-36.3770,-6.4697,-80.8716,t002,FIJTB
2528952015,1946208,2,tobillo,terminal,-0.0205,1.0790,-0.1476,-36.8652,-11.8408,-90.4541,t002,FIJTB
2528952064,1946224,2,tobillo,terminal,-0.0171,1.1036,-0.1257,-44.1284,-18.7988,-96.6797,t002,FIJTB
2528952067,1946240,2,tobillo,terminal,-0.0704,1.2390,-0.1102,-48.1567,-22.0947,-101.0742,t002,FIJTB
2528952068,1946256,2,tobillo,terminal,-0.0492,1.2500,-0.1111,-55.4199,-23.8647,-118.0420,t002,FIJTB
2528952068,1946272,2,tobillo,terminal,-0.0634,1.5228,-0.0420,-56.8237,-27.8931,-123.2300,t002,FIJTB
2528952120,1946288,2,tobillo,terminal,-0.1716,1.5085,-0.0204,-44.3726,-36.6821,-156.8604,t002,FIJTB
2528952121,1946305,2,tobillo,terminal,-0.2166,1.4279,0.0225,-64.3311,-66.2842,-166.1987,t002,FIJTB
2528952121,1946321,2,tobillo,terminal,-0.3196,1.5886,0.2299,-75.3784,-82.0312,-167.2973,t002,FIJTB
2528952170,1946337,2,tobillo,terminal,-0.2159,1.5386,0.2701,-60.1196,-105.1025,-187.1948,t002,FIJTB
2528952172,1946353,2,tobillo,terminal,-0.1635,1.3379,0.0736,-37.1704,-112.9150,-205.5054,t002,FIJTB
2528952172,1946369,2,tobillo,terminal,-0.0415,1.2120,-0.3776,-50.3540,-95.6421,-208.1299,t002,FIJTB
2528952227,1946385,2,tobillo,terminal,0.1995,1.4395,-0.3923,-82.4585,-24.2310,-186.6455,t002,FIJTB
2528952227,1946401,2,tobillo,terminal,0.7633,1.3922,-0.5089,-65.2466,3.6621,-165.7715,t002,FIJTB
2528952276,1946417,2,tobillo,terminal,0.4778,1.0071,-0.4347,-26.0620,-18.1274,-113.1592,t002,FIJTB
2528952276,1946433,2,tobillo,terminal,0.0951,0.9015,-0.3070,-21.1182,-82.7637,-37.6587,t002,FIJTB
2528952276,1946449,2,tobillo,swing,-0.3939,0.3091,-0.2001,-3.6621,-92.7734,-17.1509,t002,FIJTB
2528952277,1946465,2,tobillo,swing,-0.5447,0.0516,-0.3270,33.3862,-65.0635,-9.8267,t002,FIJTB
2528952277,1946481,2,tobillo,swing,-0.6608,0.2106,-0.0629,5.7983,-44.9219,27.8320,t002,FIJTB
2528952334,1946497,2,tobillo,swing,-0.5341,0.2782,0.1416,8.7891,-49.1333,65.0635,t002,FIJTB
2528952335,1946513,2,tobillo,swing,-0.2610,0.2423,0.0952,29.3579,-35.6445,120.4834,t002,FIJTB
2528952335,1946529,2,tobillo,swing,0.0029,0.3558,0.1238,35.6445,-15.9912,134.8267,t002,FIJTB
2528952386,1946544,2,tobillo,swing,-0.2311,0.4728,0.1525,49.3164,-1.0376,190.9180,t002,FIJTB
2528952389,1946560,2,tobillo,swing,-0.2773,0.4722,0.1844,64.8193,9.8877,222.3511,t002,FIJTB
2528952389,1946576,2,tobillo,swing,-0.1600,0.5345,0.1660,74.8901,24.9634,225.5249,t002,FIJTB
2528952390,1946592,2,tobillo,swing,-0.2007,0.5353,0.1132,88.8672,38.8184,250.1221,t002,FIJTB
2528952442,1946608,2,tobillo,swing,-0.3545,0.7012,0.0837,80.5664,39.1235,261.2305,t002,FIJTB
2528952442,1946624,2,tobillo,swing,-0.0446,1.1371,-0.0532,53.2227,63.9038,268.0664,t002,FIJTB
2528952442,1946639,2,tobillo,swing,0.0814,1.3398,-0.1245,54.0161,62.4390,266.1133,t002,FIJTB
2528952494,1946655,2,tobillo,swing,0.0714,1.5791,-0.2040,59.4482,43.6401,261.7798,t002,FIJTB
2528952495,1946671,2,tobillo,swing,0.1412,1.7435,-0.2477,59.6924,19.1040,248.7793,t002,FIJTB
2528952495,1946687,2,tobillo,swing,0.3065,1.8831,-0.2799,61.5845,17.3340,243.5303,t002,FIJTB
2528952496,1946702,2,tobillo,swing,0.1444,1.7424,-0.3013,62.5610,9.6436,232.3608,t002,FIJTB
2528952548,1946718,2,tobillo,swing,0.0431,1.6504,-0.2994,52.1240,12.9395,207.8247,t002,FIJTB
2528952548,1946734,2,tobillo,swing,0.0081,1.6581,-0.4048,44.1894,17.3340,193.5425,t002,FIJTB
2528952549,1946750,2,tobillo,swing,0.1971,1.5790,-0.3369,35.3394,29.2358,173.9502,t002,FIJTB
2528952597,1946765,2,tobillo,swing,0.7904,1.3623,-0.2732,39.3677,25.3906,158.8135,t002,FIJTB
2528952599,1946781,2,tobillo,swing,-0.0266,1.3594,-0.2241,30.6396,-20.9351,184.3262,t002,FIJTB
2528952600,1946797,2,tobillo,swing,-0.1394,1.1873,-0.0535,31.0059,-13.4888,159.7900,t002,FIJTB
2528952651,1946813,2,tobillo,swing,0.2391,1.2836,0.0410,31.7993,0.3662,135.4980,t002,FIJTB
2528952652,1946829,2,tobillo,swing,0.3146,1.2758,-0.0758,35.0952,15.0757,118.7744,t002,FIJTB
2528952652,1946844,2,tobillo,swing,0.0237,1.0063,-0.1808,34.8511,14.5874,107.6050,t002,FIJTB
2528952700,1946860,2,tobillo,swing,0.1353,0.9629,-0.1570,24.1089,21.0571,81.9702,t002,FIJTB
2528952702,1946876,2,tobillo,swing,0.3767,1.0101,-0.1483,11.8408,21.6675,65.1245,t002,FIJTB
2528952703,1946892,2,tobillo,swing,0.3333,0.9443,-0.0928,6.7139,16.2964,55.7861,t002,FIJTB
2528952703,1946907,2,tobillo,swing,0.1600,0.8925,-0.0767,-7.2632,23.9258,24.9634,t002,FIJTB
2528952756,1946923,2,tobillo,swing,0.2323,0.9105,-0.1200,-15.8081,39.7949,7.2021,t002,FIJTB
2528952756,1946939,2,tobillo,swing,0.4078,0.9449,-0.1621,-28.9917,64.4531,-20.7520,t002,FIJTB
2528952757,1946955,2,tobillo,swing,0.2728,1.0142,-0.1221,-41.8701,68.7256,-48.3398,t002,FIJTB
2528952807,1946971,2,tobillo,swing,0.0648,0.9464,-0.0360,-42.9077,79.1016,-65.1855,t002,FIJTB
2528952807,1946987,2,tobillo,swing,-0.2571,0.9293,0.1241,-44.4946,82.3364,-53.8330,t002,FIJTB
2528952807,1947002,2,tobillo,swing,-1.2979,1.0289,0.3794,-41.6260,56.8848,-24.0478,t002,FIJTB
2528952859,1947018,2,tobillo,swing,-0.8483,1.3240,0.2101,-51.2085,13.0005,-72.9980,t002,FIJTB
2528952860,1947034,2,tobillo,swing,0.1001,1.7706,-0.0563,-48.6450,39.3677,-166.0766,t002,FIJTB
2528952860,1947050,2,tobillo,swing,0.2626,1.0592,0.0856,-34.7290,62.6221,-137.1460,t002,FIJTB
2528952860,1947066,2,tobillo,swing,-0.3275,0.6639,0.2360,-51.8799,44.1284,-56.6406,t002,FIJTB
2528952909,1947082,2,tobillo,loading,-0.4471,0.8903,0.0449,-52.4902,43.8232,-59.5093,t002,FIJTB
2528952910,1947098,2,tobillo,loading,-0.0712,0.9757,-0.1678,-29.3579,47.7295,-70.2515,t002,FIJTB
2528952911,1947114,2,tobillo,loading,-0.1169,0.8871,-0.1340,-24.9634,15.6860,-39.0625,t002,FIJTB
2528952964,1947130,2,tobillo,loading,-0.2719,0.9528,0.0272,-27.5269,0.1221,-30.5176,t002,FIJTB
2528952965,1947145,2,tobillo,loading,-0.2350,1.0262,0.0442,-30.3345,-11.7798,-33.9966,t002,FIJTB
2528952966,1947161,2,tobillo,loading,-0.2566,0.9342,0.0044,-25.3296,-16.7236,-29.2969,t002,FIJTB
2528953018,1947177,2,tobillo,loading,-0.3649,0.9590,0.0090,-23.7427,-17.0898,-28.5034,t002,FIJTB
2528953018,1947193,2,tobillo,loading,-0.4370,0.9268,-0.0059,-23.8647,-7.5684,-32.6538,t002,FIJTB
2528953019,1947209,2,tobillo,loading,-0.2882,0.9930,-0.0417,-21.4233,-2.8687,-38.0859,t002,FIJTB
2528953045,1947225,2,tobillo,loading,-0.2843,0.9884,-0.0449,-21.1182,-1.7090,-40.5273,t002,FIJTB
2528953072,1947241,2,tobillo,loading,-0.2566,0.9830,-0.0181,-17.2119,-5.1880,-39.8560,t002,FIJTB
2528953073,1947257,2,tobillo,loading,-0.1802,0.9381,-0.0283,-10.5591,-6.8359,-39.8560,t002,FIJTB
2528953073,1947273,2,tobillo,midstance,-0.1968,0.9623,-0.0303,-9.5825,-8.2397,-33.0811,t002,FIJTB
2528953127,1947289,2,tobillo,midstance,-0.1918,0.9856,-0.0237,-12.2681,-6.4697,-31.2500,t002,FIJTB
2528953127,1947305,2,tobillo,midstance,-0.1060,0.9730,-0.0256,-13.1226,-6.5308,-28.9917,t002,FIJTB
2528953128,1947321,2,tobillo,midstance,-0.1005,0.9608,-0.0331,-14.5874,-11.0474,-18.7378,t002,FIJTB
2528953182,1947337,2,tobillo,midstance,-0.1483,0.9596,-0.0361,-14.8315,-14.5264,-13.8550,t002,FIJTB
2528953183,1947353,2,tobillo,midstance,-0.2372,0.9541,-0.0564,-13.4277,-16.1743,-12.1460,t002,FIJTB
2528953183,1947369,2,tobillo,midstance,-0.2452,0.9529,-0.0596,-11.5356,-12.5732,-18.3716,t002,FIJTB
2528953184,1947385,2,tobillo,midstance,-0.2411,0.9425,-0.0391,-10.8032,-11.9629,-21.5454,t002,FIJTB
2528953234,1947401,2,tobillo,midstance,-0.2324,0.9471,-0.0253,-10.6812,-12.1460,-25.5127,t002,FIJTB
2528953236,1947417,2,tobillo,midstance,-0.2402,0.9504,-0.0217,-13.5498,-9.6436,-32.2876,t002,FIJTB
2528953237,1947433,2,tobillo,midstance,-0.2067,0.9709,-0.0380,-14.7705,-7.0801,-36.0107,t002,FIJTB
2528953293,1947449,2,tobillo,midstance,-0.1802,0.9673,-0.0530,-16.7847,-2.0142,-40.4663,t002,FIJTB
2528953293,1947465,2,tobillo,midstance,-0.1263,0.9492,-0.0717,-17.5171,-1.0986,-40.4053,t002,FIJTB
2528953293,1947481,2,tobillo,midstance,-0.1005,0.9669,-0.0692,-19.6533,-1.5869,-37.7197,t002,FIJTB
2528953293,1947497,2,tobillo,midstance,-0.1157,0.9956,-0.0747,-21.9727,-0.8545,-36.5601,t002,FIJTB
2528953344,1947513,2,tobillo,midstance,-0.1066,0.9888,-0.1025,-21.3623,0.8545,-38.2080,t002,FIJTB
2528953345,1947529,2,tobillo,midstance,-0.0729,0.9767,-0.0992,-19.8975,1.4038,-38.4521,t002,FIJTB
2528953345,1947545,2,tobillo,midstance,-0.0244,0.9794,-0.0771,-19.4092,-0.1831,-36.2549,t002,FIJTB
2528953400,1947561,2,tobillo,midstance,-0.0474,0.9634,-0.0715,-19.7144,-4.3945,-32.6538,t002,FIJTB
2528953401,1947577,2,tobillo,midstance,-0.0402,0.9639,-0.0518,-20.3857,-4.5166,-31.9214,t002,FIJTB
2528953401,1947594,2,tobillo,midstance,-0.0959,0.9869,-0.1162,-20.9351,-3.9062,-31.8603,t002,FIJTB
2528953451,1947610,2,tobillo,midstance,-0.1277,1.0123,-0.1615,-19.9585,-4.2114,-38.8184,t002,FIJTB
2528953453,1947626,2,tobillo,midstance,-0.1011,1.0037,-0.1667,-17.8833,-3.5400,-50.1709,t002,FIJTB
2528953454,1947642,2,tobillo,midstance,-0.0505,0.9943,-0.1350,-18.6768,-5.4321,-51.8799,t002,FIJTB
2528953454,1947658,2,tobillo,midstance,-0.0430,1.0065,-0.1196,-21.6064,-9.1553,-50.9644,t002,FIJTB
2528953508,1947674,2,tobillo,midstance,-0.0560,1.0096,-0.1290,-22.2778,-8.7891,-49.0723,t002,FIJTB
2528953508,1947690,2,tobillo,midstance,-0.0227,1.0044,-0.1428,-22.1558,-7.4463,-48.4619,t002,FIJTB
2528953509,1947706,2,tobillo,midstance,-0.0027,1.0033,-0.1288,-21.4233,-6.1035,-51.6968,t002,FIJTB
2528953558,1947722,2,tobillo,terminal,0.0261,1.0226,-0.1193,-21.4844,-5.7373,-52.8564,t002,FIJTB
2528953559,1947738,2,tobillo,terminal,-0.0039,1.0284,-0.1449,-23.0713,-8.0566,-54.0771,t002,FIJTB
2528953559,1947754,2,tobillo,terminal,-0.0054,1.0375,-0.1375,-23.2544,-10.4980,-59.7534,t002,FIJTB
2528953564,1947770,2,tobillo,terminal,0.0159,1.0558,-0.1445,-23.9868,-10.6201,-63.4155,t002,FIJTB
2528953617,1947786,2,tobillo,terminal,0.0261,1.0518,-0.1416,-27.8320,-9.5825,-74.0967,t002,FIJTB
2528953617,1947802,2,tobillo,terminal,0.0348,1.1046,-0.1344,-27.8931,-9.0942,-79.5288,t002,FIJTB
2528953618,1947818,2,tobillo,terminal,0.0428,1.1660,-0.1810,-31.9214,-7.3242,-92.0410,t002,FIJTB
2528953668,1947834,2,tobillo,terminal,0.0281,1.1387,-0.1926,-45.9595,-9.8877,-97.3511,t002,FIJTB
2528953670,1947850,2,tobillo,terminal,-0.0159,1.2164,-0.1794,-47.2412,-14.4653,-94.6045,t002,FIJTB
2528953670,1947866,2,tobillo,terminal,0.0281,1.2489,-0.1465,-43.3960,-21.8506,-102.2339,t002,FIJTB
2528953716,1947882,2,tobillo,terminal,0.0648,1.2236,-0.1134,-44.9219,-38.7573,-119.4458,t002,FIJTB
2528953724,1947898,2,tobillo,terminal,0.0732,1.2357,-0.0297,-48.3398,-52.0630,-125.2441,t002,FIJTB
2528953725,1947914,2,tobillo,terminal,0.0266,1.2559,-0.0049,-53.6499,-82.4585,-130.9204,t002,FIJTB
2528953725,1947930,2,tobillo,terminal,0.0032,1.2747,0.0591,-53.7720,-95.9473,-134.1553,t002,FIJTB
2528953774,1947946,2,tobillo,terminal,0.0997,1.2639,-0.1071,-47.2412,-121.1548,-148.6206,t002,FIJTB
2528953776,1947962,2,tobillo,terminal,0.0850,1.2512,-0.3018,-46.9971,-129.8828,-145.5078,t002,FIJTB
2528953776,1947978,2,tobillo,terminal,-0.0676,1.1174,-0.3790,-53.3447,-117.3096,-145.9961,t002,FIJTB
2528953829,1947994,2,tobillo,terminal,-0.0358,1.1265,-0.2347,-61.3403,-79.6509,-151.2451,t002,FIJTB
2528953829,1948010,2,tobillo,terminal,0.5298,1.0582,-0.0977,-38.5132,-57.0068,-108.8257,t002,FIJTB
2528953829,1948026,2,tobillo,terminal,0.5828,0.7975,-0.4055,-29.4800,-70.6177,-80.4443,t002,FIJTB
2528953879,1948042,2,tobillo,swing,0.4000,0.7616,-0.5907,-39.2456,-102.9053,-47.7295,t002,FIJTB
2528953879,1948058,2,tobillo,swing,0.2379,0.6346,-0.3970,-45.6543,-105.7129,-33.7524,t002,FIJTB
2528953879,1948074,2,tobillo,swing,-0.1866,0.2791,-0.4005,-11.8408,-77.7588,-1.0986,t002,FIJTB
2528953884,1948090,2,tobillo,swing,-0.5643,0.4296,-0.2183,-2.5024,-11.5967,31.4331,t002,FIJTB
2528953937,1948106,2,tobillo,swing,-0.7501,0.5027,0.2545,3.1128,1.4038,78.1250,t002,FIJTB
2528953938,1948121,2,tobillo,swing,-0.3754,0.3259,0.2782,35.4614,16.3574,133.7891,t002,FIJTB
2528953938,1948137,2,tobillo,swing,0.1884,0.3903,0.2242,41.6870,26.2451,132.9346,t002,FIJTB
2528953988,1948153,2,tobillo,swing,-0.1500,0.6146,0.1909,46.5088,10.8643,170.1050,t002,FIJTB
2528953988,1948168,2,tobillo,swing,-0.4294,0.5977,0.1874,66.4673,1.1597,200.6225,t002,FIJTB
2528953991,1948184,2,tobillo,swing,-0.3817,0.6583,0.2101,75.8057,19.1040,193.9087,t002,FIJTB
2528954044,1948200,2,tobillo,swing,-0.1482,0.7764,0.1743,88.0737,62.5000,197.1435,t002,FIJTB
2528954044,1948216,2,tobillo,swing,-0.1466,0.9097,0.1145,91.4307,65.3076,218.8721,t002,FIJTB
2528954045,1948231,2,tobillo,swing,-0.3560,1.0953,0.0503,78.9795,55.6030,244.8730,t002,FIJTB
2528954046,1948247,2,tobillo,swing,-0.2405,1.2675,-0.0408,64.6973,77.2095,233.1543,t002,FIJTB
2528954093,1948263,2,tobillo,swing,-0.0977,1.4127,-0.1528,65.0024,84.1064,228.5156,t002,FIJTB
2528954095,1948278,2,tobillo,swing,-0.0997,1.4698,-0.1923,62.7441,77.6367,227.3559,t002,FIJTB
2528954096,1948294,2,tobillo,swing,-0.0159,1.6237,-0.2806,60.3638,75.1343,228.5766,t002,FIJTB
2528954148,1948310,2,tobillo,swing,-0.0782,1.5975,-0.3315,57.6172,74.6460,230.1025,t002,FIJTB
2528954148,1948326,2,tobillo,swing,-0.1489,1.5830,-0.3591,55.6641,64.6362,226.0132,t002,FIJTB
2528954148,1948341,2,tobillo,swing,-0.1438,1.5667,-0.3735,54.3213,58.7769,220.0928,t002,FIJTB
2528954195,1948357,2,tobillo,swing,-0.1161,1.5334,-0.3510,50.1709,41.5649,205.7495,t002,FIJTB
2528954196,1948373,2,tobillo,swing,-0.0981,1.4858,-0.2614,46.6309,27.9541,199.7681,t002,FIJTB
2528954198,1948389,2,tobillo,swing,-0.0228,1.4976,-0.1825,40.4053,-0.6714,189.1479,t002,FIJTB
2528954198,1948405,2,tobillo,swing,0.0527,1.4553,-0.0812,40.5884,-10.2539,171.8750,t002,FIJTB
2528954251,1948420,2,tobillo,swing,0.2670,1.3993,0.0248,43.2129,-10.1318,161.0718,t002,FIJTB
2528954252,1948436,2,tobillo,swing,0.2643,1.3763,-0.0431,47.6685,-1.8311,151.6113,t002,FIJTB
2528954252,1948452,2,tobillo,swing,-0.0420,1.1897,-0.1045,47.7295,10.0098,149.1089,t002,FIJTB
2528954299,1948468,2,tobillo,swing,0.0056,1.0421,-0.1099,40.9546,38.0249,129.0894,t002,FIJTB
2528954302,1948483,2,tobillo,swing,0.2224,1.0503,-0.1333,27.0996,39.4287,105.0415,t002,FIJTB
2528954302,1948499,2,tobillo,swing,0.4473,0.9854,-0.1611,22.8882,29.1748,94.9097,t002,FIJTB
2528954355,1948515,2,tobillo,swing,0.3632,0.9039,-0.1542,12.1460,13.1836,65.1855,t002,FIJTB
2528954355,1948530,2,tobillo,swing,0.2549,0.8342,-0.1735,2.7466,18.3105,47.0581,t002,FIJTB
2528954355,1948546,2,tobillo,swing,0.3341,0.8710,-0.2535,-14.8315,49.1333,13.9160,t002,FIJTB
2528954403,1948562,2,tobillo,swing,0.3423,0.8899,-0.2295,-26.9775,73.8525,-22.0947,t002,FIJTB
2528954406,1948578,2,tobillo,swing,0.5018,0.9635,-0.1584,-31.0669,79.7119,-42.4805,t002,FIJTB
2528954406,1948594,2,tobillo,swing,0.5284,0.9700,-0.1902,-41.2598,77.3315,-77.2095,t002,FIJTB
2528954406,1948610,2,tobillo,swing,0.1093,0.9479,-0.2228,-49.6826,72.2656,-87.0361,t002,FIJTB
2528954458,1948626,2,tobillo,swing,-1.2234,1.2117,0.4132,-52.6123,47.9736,-59.6313,t002,FIJTB
2528954458,1948642,2,tobillo,swing,-1.7283,0.8627,0.4700,1.9531,-19.9585,-6.8359,t002,FIJTB
2528954459,1948657,2,tobillo,swing,-1.2111,0.5977,0.3610,-11.7187,-32.6538,-55.4810,t002,FIJTB
2528954508,1948673,2,tobillo,swing,-0.3896,1.3999,0.1760,-90.3931,16.8457,-132.1411,t002,FIJTB
2528954509,1948689,2,tobillo,swing,0.3779,1.7362,0.0557,-99.7314,45.1050,-128.9062,t002,FIJTB
2528954510,1948705,2,tobillo,swing,-0.2206,0.8748,0.2240,-60.7300,31.2500,-91.1255,t002,FIJTB
2528954563,1948721,2,tobillo,swing,-0.3385,0.8932,0.0953,-64.4531,30.8838,-64.1479,t002,FIJTB
2528954563,1948737,2,tobillo,swing,-0.3502,0.9619,-0.1886,-57.6782,37.5366,-57.7393,t002,FIJTB
2528954563,1948753,2,tobillo,swing,-0.3651,0.9690,-0.2328,-30.8838,30.4565,-47.9736,t002,FIJTB
2528954564,1948769,2,tobillo,swing,-0.3403,0.9838,-0.1619,-23.3765,25.2075,-48.6450,t002,FIJTB
2528954612,1948785,2,tobillo,swing,-0.2618,0.8921,-0.0336,-3.9673,11.7187,-48.8281,t002,FIJTB
2528954613,1948801,2,tobillo,swing,-0.1852,0.8979,0.0032,1.0376,-10.5591,-33.5693,t002,FIJTB
2528954613,1948816,2,tobillo,loading,-0.1782,0.9719,0.0925,-0.3662,-21.6675,-25.7568,t002,FIJTB
2528954670,1948832,2,tobillo,loading,-0.2776,0.9598,0.1394,-6.5918,-28.1372,-19.9585,t002,FIJTB
2528954671,1948848,2,tobillo,loading,-0.3308,0.9581,0.1019,-22.7051,-12.4512,-19.2261,t002,FIJTB
2528954671,1948864,2,tobillo,loading,-0.3936,0.9363,-0.0088,-26.6724,-3.4180,-21.7895,t002,FIJTB
2528954721,1948880,2,tobillo,loading,-0.3712,0.9375,-0.0516,-15.3809,-0.1831,-30.8228,t002,FIJTB
2528954723,1948896,2,tobillo,loading,-0.3411,0.9174,-0.0533,-9.9487,-4.5776,-32.6538,t002,FIJTB
2528954724,1948912,2,tobillo,loading,-0.3257,0.9061,0.0040,-3.9673,-10.9863,-32.4707,t002,FIJTB
2528954724,1948928,2,tobillo,loading,-0.3019,0.9159,0.0413,-4.5166,-6.4697,-32.6538,t002,FIJTB
2528954778,1948944,2,tobillo,loading,-0.2474,0.9752,0.0430,-7.6294,-3.9062,-32.8369,t002,FIJTB
2528954779,1948960,2,tobillo,loading,-0.2623,0.9470,0.0033,-12.8784,-1.1597,-31.3110,t002,FIJTB
2528954780,1948976,2,tobillo,loading,-0.2399,0.9272,-0.0195,-7.6294,-7.2632,-26.7334,t002,FIJTB
2528954832,1948992,2,tobillo,loading,-0.2083,0.9565,-0.0303,-7.6904,-12.2681,-24.1699,t002,FIJTB
2528954834,1949008,2,tobillo,loading,-0.2034,0.9678,-0.0251,-8.7280,-16.5405,-20.5688,t002,FIJTB
2528954834,1949024,2,tobillo,loading,-0.1886,0.9855,0.0027,-9.2163,-14.6484,-20.5078,t002,FIJTB
2528954841,1949040,2,tobillo,loading,-0.2433,0.9426,0.0099,-8.1787,-8.4839,-20.0806,t002,FIJTB
2528954889,1949056,2,tobillo,loading,-0.2347,0.9404,0.0122,-4.1504,-4.2114,-21.4844,t002,FIJTB
2528954890,1949072,2,tobillo,loading,-0.1959,0.9421,-0.0022,-3.8452,-4.2114,-20.6909,t002,FIJTB
2528954890,1949088,2,tobillo,loading,-0.2008,0.9420,-0.0111,-9.0942,-6.4087,-17.9443,t002,FIJTB
2528954942,1949104,2,tobillo,loading,-0.2299,0.9563,-0.0159,-13.3667,-6.7749,-16.9678,t002,FIJTB
2528954942,1949120,2,tobillo,midstance,-0.2306,0.9263,-0.0094,-14.1602,-6.0425,-17.7002,t002,FIJTB
2528954943,1949136,2,tobillo,midstance,-0.1912,0.9576,-0.0126,-15.9302,-6.5308,-17.7612,t002,FIJTB
2528954946,1949152,2,tobillo,midstance,-0.2096,0.9916,-0.0256,-18.5547,-6.4697,-19.8364,t002,FIJTB
2528955001,1949168,2,tobillo,midstance,-0.2133,0.9813,-0.0404,-19.4702,-5.3711,-25.0854,t002,FIJTB
2528955002,1949184,2,tobillo,midstance,-0.2079,0.9712,-0.0359,-18.2495,-3.3569,-28.1372,t002,FIJTB
2528955002,1949200,2,tobillo,midstance,-0.1632,0.9835,-0.0519,-17.5171,-3.1128,-29.2358,t002,FIJTB
2528955055,1949216,2,tobillo,midstance,-0.1763,0.9727,-0.0635,-19.8975,-3.6011,-31.5552,t002,FIJTB
2528955057,1949232,2,tobillo,midstance,-0.1426,0.9764,-0.0562,-21.4233,-4.2725,-31.5552,t002,FIJTB
2528955058,1949248,2,tobillo,midstance,-0.1263,0.9799,-0.0608,-22.0947,-5.2490,-30.2734,t002,FIJTB
2528955059,1949264,2,tobillo,midstance,-0.1344,0.9762,-0.0679,-20.3857,-7.0801,-30.5786,t002,FIJTB
2528955112,1949280,2,tobillo,midstance,-0.1477,0.9766,-0.0568,-19.1040,-6.7139,-31.4331,t002,FIJTB
2528955113,1949296,2,tobillo,midstance,-0.1327,0.9731,-0.0529,-15.0757,1.8311,-40.3442,t002,FIJTB
2528955113,1949312,2,tobillo,midstance,-0.1132,0.9680,-0.0641,-16.0522,1.7700,-44.4946,t002,FIJTB
2528955165,1949328,2,tobillo,midstance,-0.1270,0.9969,-0.0787,-18.0054,-0.3662,-45.2270,t002,FIJTB
2528955166,1949344,2,tobillo,midstance,-0.1327,1.0037,-0.0905,-18.2495,1.5869,-54.4434,t002,FIJTB
2528955166,1949360,2,tobillo,midstance,-0.1304,1.0002,-0.1041,-18.2495,3.0518,-59.6313,t002,FIJTB
2528955220,1949376,2,tobillo,midstance,-0.1058,0.9966,-0.1101,-18.9819,4.0894,-62.8662,t002,FIJTB
2528955220,1949392,2,tobillo,midstance,-0.0703,1.0125,-0.0961,-21.8506,2.8687,-60.4858,t002,FIJTB
2528955221,1949408,2,tobillo,midstance,-0.0627,1.0428,-0.1002,-23.6816,1.6479,-61.2793,t002,FIJTB
2528955221,1949424,2,tobillo,midstance,-0.0585,1.0721,-0.0990,-27.0996,-0.9155,-66.5894,t002,FIJTB
2528955273,1949440,2,tobillo,midstance,-0.0610,1.0823,-0.0990,-31.4941,-3.6011,-71.1670,t002,FIJTB
2528955273,1949456,2,tobillo,midstance,-0.0682,1.1135,-0.0847,-33.6304,-5.3101,-74.0356,t002,FIJTB
2528955273,1949472,2,tobillo,midstance,-0.0593,1.1447,-0.0720,-34.4849,-6.2866,-81.9702,t002,FIJTB
2528955327,1949488,2,tobillo,midstance,-0.0551,1.1945,-0.1018,-34.6069,-4.9438,-86.8530,t002,FIJTB
2528955328,1949504,2,tobillo,terminal,-0.0208,1.1766,-0.1046,-37.1704,0.5493,-99.1211,t002,FIJTB
2528955329,1949520,2,tobillo,terminal,0.0331,1.1365,-0.1016,-51.1475,2.0142,-110.0464,t002,FIJTB
2528955357,1949536,2,tobillo,terminal,0.0790,1.0980,-0.0636,-60.8520,-2.3193,-108.9477,t002,FIJTB
2528955379,1949552,2,tobillo,terminal,0.0308,1.2460,-0.0856,-66.5283,-16.1743,-103.2104,t002,FIJTB
2528955380,1949568,2,tobillo,terminal,0.0038,1.2876,-0.0824,-62.5000,-29.4189,-117.2485,t002,FIJTB
2528955380,1949584,2,tobillo,terminal,-0.0237,1.3710,-0.0079,-63.7207,-41.8701,-126.4648,t002,FIJTB
2528955439,1949600,2,tobillo,terminal,-0.0530,1.4124,0.0753,-68.9697,-78.7964,-143.5547,t002,FIJTB
2528955439,1949616,2,tobillo,terminal,0.0117,1.4537,0.2650,-65.4297,-101.9287,-150.6958,t002,FIJTB
2528955440,1949632,2,tobillo,terminal,0.1704,1.3661,0.2728,-41.7480,-146.8506,-168.2739,t002,FIJTB
2528955455,1949648,2,tobillo,terminal,0.1316,1.2543,0.0741,-30.7617,-152.4658,-181.3965,t002,FIJTB
2528955491,1949664,2,tobillo,terminal,-0.0339,1.1921,-0.4536,-48.5229,-124.5727,-181.5185,t002,FIJTB
2528955493,1949680,2,tobillo,terminal,-0.0283,1.3370,-0.5188,-84.7168,-47.9736,-150.0854,t002,FIJTB
2528955494,1949696,2,tobillo,terminal,0.3701,1.3026,-0.3790,-45.1050,-19.1040,-114.6851,t002,FIJTB
2528955546,1949712,2,tobillo,terminal,0.2515,0.8163,-0.4509,-28.1982,-44.2505,-99.3652,t002,FIJTB
2528955547,1949728,2,tobillo,terminal,-0.1626,0.7079,-0.4586,-26.4282,-116.9434,-34.6069,t002,FIJTB
2528955547,1949744,2,tobillo,terminal,-0.8143,0.4165,-0.2240,-16.1743,-127.8076,-0.7324,t002,FIJTB
2528955597,1949760,2,tobillo,swing,-0.6111,0.1796,-0.0820,15.5640,-74.0356,23.6206,t002,FIJTB
2528955600,1949776,2,tobillo,swing,-0.4929,0.2196,-0.0035,7.6294,-22.5220,54.4434,t002,FIJTB
2528955601,1949792,2,tobillo,swing,-0.4005,0.3734,0.1008,7.4463,-26.1841,89.4165,t002,FIJTB
2528955601,1949807,2,tobillo,swing,-0.3140,0.4174,0.0912,25.0244,-32.1655,152.7100,t002,FIJTB
2528955654,1949823,2,tobillo,swing,-0.1857,0.5536,0.0876,36.3770,-21.7895,173.6450,t002,FIJTB
2528955655,1949839,2,tobillo,swing,-0.1211,0.6876,0.1536,55.0537,0.9766,209.1675,t002,FIJTB
2528955655,1949855,2,tobillo,swing,-0.0808,0.7402,0.1770,75.6836,17.5781,226.1963,t002,FIJTB
2528955704,1949871,2,tobillo,swing,-0.1675,0.7830,0.1470,90.2710,21.3013,239.3188,t002,FIJTB
2528955706,1949886,2,tobillo,swing,-0.3541,0.7697,0.1272,97.5952,20.0806,272.2168,t002,FIJTB
2528955707,1949902,2,tobillo,swing,-0.5123,0.9227,0.1420,81.1768,28.0151,280.7007,t002,FIJTB
2528955760,1949918,2,tobillo,swing,0.0359,1.4315,-0.0125,47.7295,62.3779,267.3340,t002,FIJTB
2528955761,1949934,2,tobillo,swing,0.1637,1.5756,-0.0780,53.7109,54.9316,249.6948,t002,FIJTB
2528955761,1949949,2,tobillo,swing,0.0985,1.7078,-0.1724,54.8706,37.8418,249.9389,t002,FIJTB
2528955761,1949965,2,tobillo,swing,0.2112,1.8586,-0.2328,51.2085,19.8364,248.0469,t002,FIJTB
2528955810,1949981,2,tobillo,swing,0.3126,1.8844,-0.3674,53.5889,17.0288,246.3379,t002,FIJTB
2528955811,1949996,2,tobillo,swing,0.0919,1.5154,-0.2424,55.5420,4.3945,227.3559,t002,FIJTB
2528955812,1950012,2,tobillo,swing,-0.0035,1.6090,-0.3513,31.4941,-5.5542,208.1299,t002,FIJTB
2528955864,1950028,2,tobillo,swing,0.2905,1.5317,-0.2275,27.8320,0.0000,201.8432,t002,FIJTB
2528955865,1950044,2,tobillo,swing,0.5631,1.4215,-0.0709,34.2407,-6.8359,161.6821,t002,FIJTB
2528955866,1950059,2,tobillo,swing,0.5204,1.2566,-0.0059,35.9497,-24.4751,151.6724,t002,FIJTB
2528955913,1950075,2,tobillo,swing,0.0518,1.1606,-0.0479,28.9917,-43.9453,148.0103,t002,FIJTB
2528955916,1950091,2,tobillo,swing,-0.0305,1.2548,-0.0714,16.6626,-7.9346,141.3574,t002,FIJTB
2528955916,1950107,2,tobillo,swing,0.0878,1.1635,0.0343,21.8506,24.2310,137.0239,t002,FIJTB
2528955917,1950122,2,tobillo,swing,0.1550,1.0690,0.0211,30.5176,61.0352,108.7646,t002,FIJTB
2528955969,1950138,2,tobillo,swing,0.2576,1.0135,-0.2173,24.8413,63.2324,92.2241,t002,FIJTB
2528955969,1950154,2,tobillo,swing,0.3608,1.0029,-0.2761,8.4229,62.8052,64.5142,t002,FIJTB
2528955970,1950169,2,tobillo,swing,0.4565,0.9280,-0.2552,-1.4648,56.8237,40.2832,t002,FIJTB
2528956018,1950185,2,tobillo,swing,0.2354,0.9390,-0.3004,-11.8408,56.5186,24.0478,t002,FIJTB
2528956019,1950201,2,tobillo,loading,0.2064,1.0319,-0.3953,-38.5132,82.3364,-11.0474,t002,FIJTB
2528956019,1950217,2,tobillo,loading,0.7269,0.9822,-0.4745,-41.6260,103.5156,-31.3721,t002,FIJTB
2528956043,1950233,2,tobillo,loading,0.6831,0.9904,-0.4053,-55.4810,101.8066,-67.9932,t002,FIJTB
2528956077,1950248,2,tobillo,loading,-1.1189,1.0942,0.5040,-49.8657,56.5186,-23.3765,t002,FIJTB
2528956077,1950264,2,tobillo,loading,-1.4941,1.3740,0.6162,-53.5889,26.4282,-44.0063,t002,FIJTB
2528956077,1950280,2,tobillo,loading,-0.2117,1.6635,0.2539,-44.4946,73.3643,-207.3974,t002,FIJTB
2528956129,1950296,2,tobillo,loading,0.6459,1.0231,0.0969,-33.9966,101.4404,-185.1196,t002,FIJTB
2528956130,1950312,2,tobillo,loading,-0.4320,0.8901,0.1639,-78.4302,26.3062,-47.3633,t002,FIJTB
2528956131,1950328,2,tobillo,loading,-0.4634,1.0122,0.0142,-68.8477,15.8081,-65.0024,t002,FIJTB
2528956184,1950344,2,tobillo,loading,-0.2263,1.0475,-0.2957,-47.9736,25.6348,-76.2939,t002,FIJTB
2528956184,1950360,2,tobillo,loading,-0.2600,0.9491,-0.2705,-17.5781,10.6812,-59.3872,t002,FIJTB
2528956185,1950376,2,tobillo,loading,-0.3037,0.9110,-0.0829,-8.6670,-3.4180,-60.1807,t002,FIJTB
2528956214,1950392,2,tobillo,loading,-0.1538,1.0012,-0.0044,-6.5918,-21.6675,-63.1103,t002,FIJTB
2528956234,1950408,2,tobillo,loading,-0.0747,0.9908,0.0607,-5.5542,-30.6396,-39.1235,t002,FIJTB
2528956236,1950423,2,tobillo,loading,-0.2115,0.9288,0.1012,-9.8267,-29.0527,-26.9775,t002,FIJTB
2528956237,1950439,2,tobillo,loading,-0.2725,0.9221,0.0894,-17.4561,-15.0757,-21.3013,t002,FIJTB
2528956292,1950455,2,tobillo,loading,-0.3414,1.0002,-0.0129,-26.1841,1.4038,-31.1890,t002,FIJTB
2528956293,1950471,2,tobillo,loading,-0.2863,0.9434,-0.0742,-24.7192,5.8594,-32.9590,t002,FIJTB
2528956294,1950487,2,tobillo,loading,-0.2451,0.9109,-0.0754,-12.1460,0.8545,-25.5737,t002,FIJTB
2528956346,1950503,2,tobillo,loading,-0.1959,0.9666,-0.0188,-11.5356,-5.0659,-21.7895,t002,FIJTB
2528956347,1950519,2,tobillo,loading,-0.2416,0.9937,0.0023,-15.2588,-10.9253,-19.7144,t002,FIJTB
2528956347,1950535,2,tobillo,loading,-0.2576,0.9707,-0.0044,-12.8784,-6.2256,-21.9116,t002,FIJTB
2528956347,1950551,2,tobillo,loading,-0.2750,0.9379,-0.0126,-10.6812,-4.7607,-23.7427,t002,FIJTB
2528956402,1950567,2,tobillo,loading,-0.2461,0.9414,-0.0186,-8.9111,-8.6060,-24.0478,t002,FIJTB
2528956402,1950583,2,tobillo,loading,-0.1863,0.9507,-0.0122,-11.2915,-13.1226,-22.9492,t002,FIJTB
2528956403,1950599,2,tobillo,midstance,-0.2332,0.9595,-0.0109,-16.3574,-19.7144,-19.9585,t002,FIJTB
2528956455,1950615,2,tobillo,midstance,-0.2509,0.9764,-0.0214,-19.1040,-17.0288,-24.1089,t002,FIJTB
2528956457,1950631,2,tobillo,midstance,-0.2446,0.9523,-0.0403,-18.5547,-14.6484,-27.4658,t002,FIJTB
2528956457,1950648,2,tobillo,midstance,-0.2247,0.9478,-0.0485,-17.2119,-11.2305,-32.2266,t002,FIJTB
2528956458,1950664,2,tobillo,midstance,-0.2104,0.9785,-0.0397,-19.4092,-8.7280,-34.9121,t002,FIJTB
2528956513,1950680,2,tobillo,midstance,-0.2339,0.9595,-0.0408,-20.0806,-7.2632,-37.4756,t002,FIJTB
2528956514,1950696,2,tobillo,midstance,-0.2130,0.9622,-0.0470,-21.4844,-3.9673,-41.6870,t002,FIJTB
2528956514,1950712,2,tobillo,midstance,-0.0956,0.9744,-0.0641,-22.0337,-2.7466,-40.8325,t002,FIJTB
2528956565,1950728,2,tobillo,midstance,-0.0950,0.9650,-0.0729,-22.6440,-3.2349,-39.0015,t002,FIJTB
2528956566,1950744,2,tobillo,midstance,-0.0991,0.9728,-0.0698,-22.5830,-3.6621,-36.5601,t002,FIJTB
2528956567,1950760,2,tobillo,midstance,-0.1064,0.9778,-0.0681,-22.3999,-3.6011,-36.0107,t002,FIJTB
2528956582,1950776,2,tobillo,midstance,-0.0994,0.9929,-0.0717,-22.4609,-2.8687,-36.8042,t002,FIJTB
2528956624,1950792,2,tobillo,midstance,-0.0927,0.9989,-0.0718,-23.1323,-3.2959,-39.6118,t002,FIJTB
2528956625,1950808,2,tobillo,midstance,-0.0779,0.9885,-0.0558,-23.4985,-4.0283,-41.1987,t002,FIJTB
2528956625,1950824,2,tobillo,midstance,-0.0751,0.9805,-0.0510,-24.7192,-3.8452,-44.0674,t002,FIJTB
2528956677,1950840,2,tobillo,midstance,-0.1031,1.0089,-0.1100,-24.4141,-3.4790,-50.0488,t002,FIJTB
2528956678,1950856,2,tobillo,terminal,-0.1167,1.0210,-0.1548,-23.0103,-5.4321,-54.2603,t002,FIJTB
2528956678,1950872,2,tobillo,terminal,-0.1099,1.0198,-0.1266,-20.4468,-4.5166,-64.8193,t002,FIJTB
2528956682,1950888,2,tobillo,terminal,-0.0281,0.9976,-0.1184,-21.1792,-1.2817,-68.1763,t002,FIJTB
2528956737,1950904,2,tobillo,terminal,0.0294,1.0087,-0.1228,-27.4048,-4.7607,-62.9883,t002,FIJTB
2528956738,1950920,2,tobillo,terminal,0.0020,1.0029,-0.1370,-33.5083,-11.1694,-56.2134,t002,FIJTB
2528956738,1950936,2,tobillo,terminal,0.0295,1.0135,-0.1279,-35.1563,-12.3291,-55.5420,t002,FIJTB
2528956792,1950952,2,tobillo,terminal,0.0408,1.0208,-0.1188,-36.5601,-13.4888,-56.0303,t002,FIJTB
2528956793,1950968,2,tobillo,terminal,-0.0107,1.0199,-0.1764,-39.3066,-15.5029,-56.7017,t002,FIJTB
2528956793,1950984,2,tobillo,terminal,-0.0116,1.0264,-0.1973,-40.1611,-16.7847,-60.8520,t002,FIJTB
2528956819,1951000,2,tobillo,terminal,0.0024,1.0369,-0.1887,-40.8936,-18.7378,-72.0215,t002,FIJTB
2528956848,1951016,2,tobillo,terminal,0.0354,1.0774,-0.1573,-41.6870,-19.5313,-77.5146,t002,FIJTB
2528956848,1951032,2,tobillo,terminal,0.0696,1.0747,-0.1432,-45.7153,-19.5313,-88.5620,t002,FIJTB
2528956848,1951048,2,tobillo,terminal,0.1105,1.0916,-0.1542,-47.6074,-22.8882,-92.8345,t002,FIJTB
2528956898,1951064,2,tobillo,terminal,0.1046,1.1523,-0.1510,-52.4292,-27.5879,-95.1538,t002,FIJTB
2528956901,1951080,2,tobillo,terminal,0.0312,1.2184,-0.1398,-63.5376,-43.8232,-104.6753,t002,FIJTB
2528956902,1951096,2,tobillo,terminal,-0.1127,1.5100,-0.1488,-64.9414,-54.0161,-110.6567,t002,FIJTB
2528956956,1951113,2,tobillo,terminal,-0.0765,1.5341,0.0513,-62.6831,-78.6743,-133.7280,t002,FIJTB
2528956957,1951128,2,tobillo,terminal,0.0110,1.4901,0.2302,-56.5186,-121.1548,-155.3345,t002,FIJTB
2528956957,1951144,2,tobillo,terminal,0.2032,1.3134,0.4526,-48.4009,-144.0430,-159.4238,t002,FIJTB
2528956958,1951160,2,tobillo,terminal,0.0354,1.0504,0.1523,-36.1328,-153.1372,-176.0864,t002,FIJTB
2528957009,1951176,2,tobillo,terminal,0.0493,1.0714,-0.0404,-52.1851,-88.3789,-174.9878,t002,FIJTB
2528957010,1951192,2,tobillo,terminal,0.3893,1.2562,-0.3865,-55.4199,-48.5840,-157.5317,t002,FIJTB
2528957011,1951208,2,tobillo,terminal,0.4822,1.1901,-0.5414,-41.5649,-23.3154,-121.7651,t002,FIJTB
2528957066,1951224,2,tobillo,terminal,0.3501,1.0270,-0.5995,-36.4990,-39.1235,-108.9477,t002,FIJTB
2528957067,1951240,2,tobillo,terminal,0.1804,0.8394,-0.5175,-26.1841,-72.6929,-67.3218,t002,FIJTB
2528957067,1951256,2,tobillo,terminal,0.0553,0.6385,-0.4038,-9.4604,-53.1616,-39.6118,t002,FIJTB
2528957067,1951272,2,tobillo,terminal,-0.4736,0.1781,-0.1521,-0.3052,-34.1187,-36.3159,t002,FIJTB
2528957119,1951288,2,tobillo,terminal,-0.2261,0.3931,-0.1370,1.8311,-7.6904,5.9204,t002,FIJTB
2528957119,1951304,2,tobillo,terminal,-0.0760,0.6180,0.0459,-5.6763,-3.5400,82.1533,t002,FIJTB
2528957120,1951320,2,tobillo,terminal,-0.2224,0.5143,0.0433,13.1836,-17.7002,117.5537,t002,FIJTB
2528957173,1951336,2,tobillo,terminal,-0.3251,0.3696,0.0231,45.4712,-29.4800,144.2871,t002,FIJTB
2528957175,1951352,2,tobillo,terminal,-0.3071,0.4427,0.0798,53.2837,-18.3716,144.3481,t002,FIJTB
2528957175,1951368,2,tobillo,terminal,-0.1995,0.6450,0.1368,76.8433,2.8076,193.0542,t002,FIJTB
2528957226,1951383,2,tobillo,terminal,-0.2106,0.6644,0.1656,95.4590,-2.7466,221.3135,t002,FIJTB
2528957227,1951399,2,tobillo,terminal,-0.2533,0.7634,0.1434,106.6284,-11.6577,213.8061,t002,FIJTB
2528957228,1951415,2,tobillo,terminal,-0.2096,0.8364,0.0884,111.4502,-4.0283,208.4350,t002,FIJTB
2528957228,1951431,2,tobillo,terminal,-0.0950,1.0637,-0.0762,100.8301,11.0474,215.5151,t002,FIJTB
2528957282,1951447,2,tobillo,swing,-0.0363,1.3911,-0.1661,80.2612,35.5835,230.0415,t002,FIJTB
2528957282,1951462,2,tobillo,swing,0.0170,1.4860,-0.2219,75.3784,52.7954,220.4590,t002,FIJTB
2528957282,1951478,2,tobillo,swing,0.0580,1.5446,-0.3114,71.7163,62.8662,214.9048,t002,FIJTB
2528957334,1951494,2,tobillo,swing,0.1171,1.5680,-0.3292,58.5327,79.2236,200.0122,t002,FIJTB
2528957336,1951510,2,tobillo,swing,0.2246,1.5527,-0.3920,52.7954,83.5571,193.4204,t002,FIJTB
2528957337,1951525,2,tobillo,swing,0.0864,1.4301,-0.4149,43.9453,88.0737,189.7583,t002,FIJTB
2528957337,1951541,2,tobillo,swing,0.0369,1.3635,-0.3959,33.2642,87.7075,175.4150,t002,FIJTB
2528957392,1951557,2,tobillo,swing,-0.0018,1.2913,-0.3795,27.7710,82.2143,165.4053,t002,FIJTB
2528957392,1951573,2,tobillo,swing,-0.0248,1.2842,-0.3911,20.6299,61.2793,153.1982,t002,FIJTB
2528957393,1951589,2,tobillo,swing,-0.0140,1.3011,-0.3138,20.3857,49.4385,150.6958,t002,FIJTB
2528957446,1951605,2,tobillo,swing,0.0276,1.2494,-0.2023,24.4141,21.5454,143.1274,t002,FIJTB
2528957447,1951621,2,tobillo,swing,0.0712,1.2393,-0.1855,23.1323,-5.7373,134.5215,t002,FIJTB
2528957447,1951636,2,tobillo,swing,0.1625,1.2985,-0.1344,23.3765,-13.6108,131.7139,t002,FIJTB
2528957500,1951652,2,tobillo,swing,0.1177,1.2617,-0.0222,31.6772,-16.0522,127.1973,t002,FIJTB
2528957500,1951668,2,tobillo,swing,-0.0260,1.1140,0.0798,35.6445,-13.1226,119.4458,t002,FIJTB
2528957501,1951684,2,tobillo,swing,0.0333,1.1573,-0.0464,26.9775,4.7607,112.9761,t002,FIJTB
2528957501,1951700,2,tobillo,swing,0.1484,1.1841,-0.0581,21.2402,34.1187,126.8310,t002,FIJTB
2528957551,1951715,2,tobillo,swing,0.1716,1.0808,0.0166,25.5737,40.8325,126.5869,t002,FIJTB
2528957553,1951731,2,tobillo,swing,0.0942,0.9994,0.0087,28.2593,34.2407,107.7881,t002,FIJTB
2528957554,1951747,2,tobillo,swing,0.1664,0.9432,-0.0905,21.0571,31.9824,94.8486,t002,FIJTB
2528957607,1951762,2,tobillo,swing,0.3600,0.9241,-0.0973,3.4180,40.5273,78.0029,t002,FIJTB
2528957607,1951778,2,tobillo,swing,0.3430,0.8960,-0.0919,-5.3101,49.4995,53.4058,t002,FIJTB
2528957608,1951794,2,tobillo,loading,0.3053,0.8997,-0.1693,-9.5215,54.3823,34.3018,t002,FIJTB
2528957608,1951810,2,tobillo,loading,0.3357,0.9102,-0.2297,-21.6675,66.1011,-4.2725,t002,FIJTB
2528957658,1951826,2,tobillo,loading,0.3666,0.9128,-0.3350,-29.6631,65.9180,-22.6440,t002,FIJTB
2528957660,1951842,2,tobillo,loading,0.0283,0.9934,-0.3768,-52.1851,46.5088,-61.5845,t002,FIJTB
2528957661,1951858,2,tobillo,loading,-0.3370,1.0111,-0.0083,-46.2646,21.8506,-69.3970,t002,FIJTB
2528957714,1951874,2,tobillo,loading,-1.3119,0.8878,0.5404,-24.8413,7.1411,-41.5039,t002,FIJTB
2528957715,1951890,2,tobillo,loading,-1.0820,0.9170,0.3760,-45.1660,-1.2817,-59.9365,t002,FIJTB
2528957715,1951906,2,tobillo,loading,-0.3793,1.3573,0.2183,-93.8110,25.5737,-150.4517,t002,FIJTB
2528957716,1951922,2,tobillo,loading,0.3533,1.5369,-0.0127,-91.6748,37.1094,-154.7241,t002,FIJTB
2528957764,1951938,2,tobillo,loading,-0.0344,1.1001,-0.0005,-59.2651,23.8647,-101.6235,t002,FIJTB
2528957766,1951954,2,tobillo,loading,-0.5345,0.9777,-0.2057,-70.3125,19.9585,-85.8765,t002,FIJTB
2528957767,1951970,2,tobillo,loading,-0.3616,1.0161,-0.1528,-72.6318,74.4629,-83.1909,t002,FIJTB
2528957820,1951986,2,tobillo,loading,-0.2548,0.9264,-0.0754,20.3857,67.0166,-83.2519,t002,FIJTB
2528957820,1952002,2,tobillo,loading,0.0720,0.9115,-0.0964,36.6821,39.1846,-85.4492,t002,FIJTB
2528957821,1952018,2,tobillo,loading,0.0194,0.8729,-0.0295,1.8921,-22.7051,-59.7534,t002,FIJTB
2528957872,1952034,2,tobillo,loading,-0.1296,1.0188,0.0558,-17.7612,-45.7153,-22.7661,t002,FIJTB
2528957873,1952050,2,tobillo,loading,-0.2300,0.9657,0.0745,-18.4326,-38.6353,-18.7378,t002,FIJTB
2528957874,1952066,2,tobillo,loading,-0.2455,0.9572,0.0624,-22.8882,-12.7563,-17.5781,t002,FIJTB
2528957928,1952082,2,tobillo,loading,-0.3251,0.9821,0.0078,-26.4893,-4.3335,-18.9209,t002,FIJTB
2528957928,1952098,2,tobillo,loading,-0.2924,0.9357,-0.0739,-18.5547,6.7139,-26.4282,t002,FIJTB
2528957929,1952114,2,tobillo,midstance,-0.2340,0.9202,-0.0956,-8.3008,-1.7700,-16.6016,t002,FIJTB
2528957929,1952130,2,tobillo,midstance,-0.1565,1.0048,-0.0363,-9.3994,-11.5356,-8.4229,t002,FIJTB
2528957980,1952146,2,tobillo,midstance,-0.2211,0.9502,0.0422,-12.0239,-22.8271,-1.1597,t002,FIJTB
2528957981,1952162,2,tobillo,midstance,-0.2407,0.9423,0.0400,-12.2681,-19.5313,-0.6714,t002,FIJTB
2528957983,1952178,2,tobillo,midstance,-0.2632,0.9525,-0.0015,-12.6343,-15.9912,-2.8076,t002,FIJTB
2528958038,1952194,2,tobillo,midstance,-0.2639,0.9515,-0.0194,-11.5967,-15.7471,-7.3242,t002,FIJTB
2528958039,1952210,2,tobillo,midstance,-0.2455,0.9420,-0.0417,-10.8032,-18.2495,-7.5684,t002,FIJTB
2528958039,1952227,2,tobillo,midstance,-0.2507,0.9553,-0.0250,-11.2305,-22.2778,-7.1411,t002,FIJTB
2528958040,1952243,2,tobillo,midstance,-0.2704,0.9458,-0.0153,-13.0005,-20.2026,-12.0850,t002,FIJTB
2528958092,1952259,2,tobillo,midstance,-0.2834,0.9493,-0.0172,-13.6108,-17.7002,-16.3574,t002,FIJTB
2528958093,1952275,2,tobillo,midstance,-0.2639,0.9587,-0.0234,-16.2354,-13.0005,-24.0478,t002,FIJTB
2528958093,1952291,2,tobillo,midstance,-0.2671,0.9385,-0.0166,-11.8408,-10.4980,-28.9307,t002,FIJTB
2528958148,1952307,2,tobillo,midstance,-0.2314,0.9253,-0.0586,-11.2305,-9.2773,-30.7617,t002,FIJTB
2528958149,1952323,2,tobillo,midstance,-0.2100,0.9340,-0.0454,-16.4185,-7.8735,-31.0059,t002,FIJTB
2528958149,1952340,2,tobillo,midstance,-0.1682,0.9446,-0.0428,-22.2778,-9.6436,-28.6865,t002,FIJTB
2528958150,1952356,2,tobillo,midstance,-0.1677,1.0131,-0.0482,-25.9399,-9.8267,-28.0151,t002,FIJTB
2528958203,1952372,2,tobillo,midstance,-0.1965,0.9998,-0.0646,-27.4048,-6.7749,-30.9448,t002,FIJTB
2528958204,1952388,2,tobillo,midstance,-0.1615,0.9868,-0.0743,-26.1230,-5.8594,-33.4473,t002,FIJTB
2528958204,1952404,2,tobillo,midstance,-0.1127,0.9779,-0.0646,-25.5127,-5.6763,-35.2173,t002,FIJTB
2528958258,1952420,2,tobillo,midstance,-0.1171,0.9735,-0.0699,-26.0010,-7.3853,-34.5459,t002,FIJTB
2528958259,1952436,2,tobillo,midstance,-0.1293,0.9720,-0.0685,-26.0010,-8.6670,-35.5225,t002,FIJTB
2528958259,1952452,2,tobillo,midstance,-0.1156,1.0027,-0.0433,-26.9775,-9.3994,-39.3066,t002,FIJTB
2528958310,1952468,2,tobillo,midstance,-0.1431,1.0034,-0.0717,-23.9258,-5.1880,-47.4853,t002,FIJTB
2528958311,1952485,2,tobillo,terminal,-0.1658,0.9863,-0.1804,-23.0103,-5.3101,-53.4058,t002,FIJTB
2528958311,1952501,2,tobillo,terminal,-0.1592,0.9984,-0.1697,-29.3579,-7.8125,-61.4014,t002,FIJTB
2528958311,1952517,2,tobillo,terminal,-0.1370,1.0001,-0.1201,-31.7993,-9.2163,-60.4248,t002,FIJTB
2528958371,1952533,2,tobillo,terminal,-0.1074,1.0214,-0.1163,-37.3535,-11.9629,-53.1616,t002,FIJTB
2528958371,1952549,2,tobillo,terminal,-0.1019,1.0298,-0.1160,-45.7764,-11.9019,-56.2744,t002,FIJTB
2528958371,1952565,2,tobillo,terminal,-0.0754,1.0414,-0.1340,-48.7061,-11.7798,-59.6313,t002,FIJTB
2528958423,1952581,2,tobillo,terminal,-0.0558,1.0653,-0.1537,-52.7954,-14.6484,-64.8804,t002,FIJTB
2528958424,1952597,2,tobillo,terminal,-0.0549,1.0697,-0.1630,-56.8848,-20.6909,-70.0684,t002,FIJTB
2528958426,1952613,2,tobillo,terminal,-0.0240,1.1051,-0.1592,-58.4106,-23.8037,-74.7681,t002,FIJTB
2528958427,1952629,2,tobillo,terminal,-0.0004,1.1476,-0.1511,-57.6782,-29.8462,-88.8672,t002,FIJTB
2528958482,1952646,2,tobillo,terminal,-0.0475,1.2318,-0.1575,-49.0723,-35.6445,-110.9619,t002,FIJTB
2528958482,1952662,2,tobillo,terminal,-0.0161,1.2839,-0.1412,-51.3916,-39.6118,-124.0234,t002,FIJTB
2528958482,1952678,2,tobillo,terminal,-0.0529,1.3135,-0.1079,-62.4390,-54.2603,-126.9531,t002,FIJTB
2528958534,1952694,2,tobillo,terminal,-0.1060,1.4388,0.0341,-66.1621,-64.6973,-125.0610,t002,FIJTB
2528958534,1952710,2,tobillo,terminal,-0.0537,1.4965,0.2513,-65.2466,-89.7217,-146.4844,t002,FIJTB
2528958535,1952727,2,tobillo,terminal,-0.0393,1.4287,0.3281,-47.4853,-119.2627,-170.1660,t002,FIJTB
2528958574,1952742,2,tobillo,terminal,-0.0776,1.1489,0.2166,-37.6587,-126.2817,-180.7251,t002,FIJTB
2528958587,1952759,2,tobillo,terminal,-0.0193,1.1255,-0.1680,-42.3584,-89.0503,-184.9975,t002,FIJTB
2528958588,1952775,2,tobillo,terminal,0.1097,1.1864,-0.2917,-60.4858,-17.7612,-155.2124,t002,FIJTB
2528958589,1952791,2,tobillo,terminal,0.5592,1.2419,-0.2356,-57.2510,-4.5776,-146.6064,t002,FIJTB
2528958640,1952807,2,tobillo,terminal,0.6223,1.0776,-0.3751,-33.2642,-44.1894,-132.0190,t002,FIJTB
2528958640,1952824,2,tobillo,terminal,0.5012,1.0808,-0.4979,-34.6680,-90.3320,-88.1348,t002,FIJTB
2528958640,1952840,2,tobillo,terminal,0.1459,1.0674,-0.5782,-36.7432,-92.1631,-60.4248,t002,FIJTB
2528958694,1952856,2,tobillo,terminal,-0.0813,0.8408,-0.5366,-13.9160,-48.5229,-34.9121,t002,FIJTB
2528958695,1952872,2,tobillo,terminal,-0.4458,-0.0227,-0.3942,9.6436,-21.7895,-41.1377,t002,FIJTB
2528958696,1952888,2,tobillo,terminal,-0.1665,0.2617,-0.2552,21.7895,5.9204,-16.2354,t002,FIJTB
2528958733,1952904,2,tobillo,terminal,-0.0585,0.5454,-0.0513,7.6904,-31.1279,90.6982,t002,FIJTB
2528958746,1952920,2,tobillo,terminal,-0.2252,0.3213,-0.0394,29.7241,-59.6924,127.1362,t002,FIJTB
2528958746,1952936,2,tobillo,swing,-0.4475,-0.0204,-0.0739,63.3545,-65.7349,112.7930,t002,FIJTB
2528958747,1952952,2,tobillo,swing,-0.4038,0.0538,-0.0348,48.4619,-26.5503,101.1352,t002,FIJTB
2528958805,1952968,2,tobillo,swing,-0.0157,0.5381,0.1416,49.2554,-9.2163,140.1978,t002,FIJTB
2528958805,1952984,2,tobillo,swing,0.2426,0.7606,0.1901,73.6694,9.1553,222.7783,t002,FIJTB
2528958806,1952999,2,tobillo,swing,0.2784,0.9811,0.1956,88.9282,-0.4272,223.3887,t002,FIJTB
2528958857,1953015,2,tobillo,swing,-0.1277,0.7998,-0.0920,118.2251,-31.2500,190.6738,t002,FIJTB
2528958858,1953031,2,tobillo,swing,-0.2285,0.8773,-0.2003,86.7309,6.1035,185.7910,t002,FIJTB
2528958860,1953047,2,tobillo,swing,-0.0598,1.2677,-0.1578,68.7866,37.5366,197.8149,t002,FIJTB
2528958861,1953063,2,tobillo,swing,0.0640,1.3680,-0.1204,62.0117,75.4395,195.0073,t002,FIJTB
2528958914,1953079,2,tobillo,swing,0.0787,1.3440,-0.1653,61.9507,87.0361,186.8286,t002,FIJTB
2528958914,1953095,2,tobillo,swing,0.0281,1.3441,-0.1982,50.1099,111.9385,181.5796,t002,FIJTB
2528958915,1953110,2,tobillo,swing,0.0369,1.3583,-0.2096,41.1987,121.7041,179.9316,t002,FIJTB
2528958965,1953126,2,tobillo,swing,-0.0300,1.3392,-0.2590,39.4897,117.6147,178.7109,t002,FIJTB
2528958967,1953142,2,tobillo,swing,-0.0608,1.3368,-0.2859,36.2549,100.8911,175.6592,t002,FIJTB
2528958968,1953158,2,tobillo,swing,-0.0806,1.3252,-0.3046,36.3159,91.0034,174.4995,t002,FIJTB
2528958969,1953174,2,tobillo,swing,-0.1350,1.2798,-0.2566,40.8936,66.2842,175.2930,t002,FIJTB
2528959023,1953189,2,tobillo,swing,-0.1539,1.2795,-0.2328,42.9687,32.1045,167.8467,t002,FIJTB
2528959023,1953205,2,tobillo,swing,-0.1250,1.3188,-0.2009,42.3584,16.5405,161.4990,t002,FIJTB
2528959024,1953221,2,tobillo,swing,-0.0388,1.3772,-0.1921,45.8374,-2.5024,155.2124,t002,FIJTB
2528959073,1953237,2,tobillo,loading,-0.0294,1.3685,-0.0881,56.8848,-15.5029,157.7148,t002,FIJTB
2528959073,1953253,2,tobillo,loading,-0.1819,1.2277,0.0239,58.6548,-20.3247,153.5034,t002,FIJTB
2528959073,1953269,2,tobillo,loading,-0.1753,1.2432,-0.0283,52.9175,-16.9067,134.3994,t002,FIJTB
2528959095,1953285,2,tobillo,loading,-0.0665,1.2931,-0.1516,49.9878,-4.9438,128.6011,t002,FIJTB
2528959131,1953301,2,tobillo,loading,0.0336,1.1399,-0.0573,50.1709,27.4658,123.8403,t002,FIJTB
2528959132,1953317,2,tobillo,loading,0.1012,1.0599,-0.0282,45.5933,41.3208,109.3140,t002,FIJTB
2528959132,1953333,2,tobillo,loading,0.1429,1.0052,-0.0515,38.7573,38.4521,99.5483,t002,FIJTB
2528959183,1953348,2,tobillo,loading,0.1270,0.9935,-0.0570,24.8413,33.7524,76.9043,t002,FIJTB
2528959186,1953364,2,tobillo,loading,0.1475,0.9253,-0.0364,20.3247,35.2783,63.7817,t002,FIJTB
2528959186,1953380,2,tobillo,loading,0.1630,0.8809,-0.0282,12.3901,38.3301,39.6729,t002,FIJTB
2528959240,1953396,2,tobillo,loading,0.1282,0.8663,-0.0206,3.1738,42.9077,18.4326,t002,FIJTB
2528959240,1953412,2,tobillo,loading,0.1113,0.8647,0.0032,-1.4038,43.7622,7.9346,t002,FIJTB
2528959240,1953427,2,tobillo,loading,0.1479,0.8888,0.0001,-4.9438,30.6396,-11.5967,t002,FIJTB
2528959241,1953443,2,tobillo,loading,0.0032,0.9010,-0.0430,-4.3945,16.6626,-20.2637,t002,FIJTB
2528959290,1953459,2,tobillo,loading,-0.1302,0.8822,-0.0457,-6.3477,-4.8828,-38.0859,t002,FIJTB
2528959292,1953475,2,tobillo,loading,-0.1113,0.8845,-0.0388,-8.4229,-16.1133,-50.1709,t002,FIJTB
2528959293,1953491,2,tobillo,loading,-0.1345,0.9015,-0.0663,-8.2397,-23.5596,-52.1240,t002,FIJTB
2528959347,1953507,2,tobillo,loading,-0.2745,0.9103,-0.1080,-6.1035,-37.2925,-56.5796,t002,FIJTB
2528959347,1953524,2,tobillo,loading,-0.2935,0.9020,-0.1210,-7.3853,-32.5928,-67.0776,t002,FIJTB
2528959348,1953540,2,tobillo,loading,-0.4674,0.8560,0.0023,-7.8125,-27.4048,-70.0684,t002,FIJTB
2528959355,1953556,2,tobillo,loading,-0.7709,0.8506,0.1204,4.7607,-39.7949,-47.2412,t002,FIJTB
2528959400,1953572,2,tobillo,loading,-0.9742,0.8916,0.1548,15.9912,-41.6260,-26.8555,t002,FIJTB
2528959401,1953588,2,tobillo,loading,-0.5625,0.7426,0.0806,24.8413,-21.7895,-51.7578,t002,FIJTB
2528959401,1953604,2,tobillo,loading,-0.7043,0.8246,0.0999,-23.7427,-22.1558,-46.6919,t002,FIJTB
2528959455,1953620,2,tobillo,loading,-0.5859,1.5131,0.0944,-54.3823,-18.7378,-51.6357,t002,FIJTB
2528959455,1953636,2,tobillo,loading,-0.0490,1.2269,0.0443,-41.6870,17.7002,-101.3794,t002,FIJTB
2528959455,1953652,2,tobillo,loading,-0.1547,0.9663,0.0688,-26.4282,17.6392,-82.5195,t002,FIJTB
2528959507,1953668,2,tobillo,loading,-0.4666,0.8362,0.0101,-35.1563,16.4795,-64.0259,t002,FIJTB
2528959508,1953684,2,tobillo,midstance,-0.4600,0.8665,-0.0149,-47.1802,26.5503,-53.4058,t002,FIJTB
2528959509,1953700,2,tobillo,midstance,-0.2865,0.9664,0.0243,-45.1660,22.7661,-53.9551,t002,FIJTB
2528959517,1953716,2,tobillo,midstance,-0.3000,0.9387,-0.0110,-51.2085,18.7988,-48.0347,t002,FIJTB
2528959563,1953732,2,tobillo,midstance,-0.2562,0.9694,-0.0251,-62.6831,19.1040,-34.6680,t002,FIJTB
2528959563,1953748,2,tobillo,midstance,-0.1219,0.9987,0.0052,-54.5654,15.3809,-31.5552,t002,FIJTB
2528959564,1953764,2,tobillo,midstance,-0.2703,0.9213,-0.0338,-14.6484,-2.2583,-25.2075,t002,FIJTB
2528959616,1953780,2,tobillo,midstance,-0.3765,0.9402,-0.0763,-14.0381,0.6104,-29.2969,t002,FIJTB
2528959618,1953796,2,tobillo,midstance,-0.3674,0.9155,-0.0189,-16.8457,7.2021,-31.4941,t002,FIJTB
2528959619,1953812,2,tobillo,midstance,-0.2878,0.9320,-0.0238,-13.4888,9.1553,-39.3066,t002,FIJTB
2528959672,1953828,2,tobillo,midstance,-0.1306,1.0227,0.0093,-14.7095,8.0566,-37.3535,t002,FIJTB
2528959672,1953844,2,tobillo,midstance,-0.1844,0.9902,0.0004,-9.8877,1.7700,-31.4941,t002,FIJTB
2528959673,1953860,2,tobillo,midstance,-0.2332,0.9489,0.0087,-7.6904,-1.9531,-29.1138,t002,FIJTB
2528959673,1953876,2,tobillo,midstance,-0.2108,0.9811,0.0145,-10.0708,-2.2583,-29.5410,t002,FIJTB
2528959725,1953892,2,tobillo,midstance,-0.2551,0.9470,-0.0133,-14.0991,0.4272,-27.5879,t002,FIJTB
2528959726,1953908,2,tobillo,midstance,-0.2361,0.9515,-0.0320,-9.5825,2.5635,-26.9775,t002,FIJTB
2528959726,1953924,2,tobillo,midstance,-0.1727,0.9514,-0.0448,-7.5073,1.4038,-25.2075,t002,FIJTB
2528959781,1953940,2,tobillo,midstance,-0.1388,0.9927,-0.0281,-13.2446,-5.7373,-19.5313,t002,FIJTB
2528959782,1953957,2,tobillo,midstance,-0.2087,0.9603,-0.0051,-15.5029,-9.1553,-18.4326,t002,FIJTB
2528959782,1953973,2,tobillo,midstance,-0.1978,0.9503,-0.0255,-11.7187,-10.9863,-18.4326,t002,FIJTB
2528959831,1953989,2,tobillo,midstance,-0.1656,0.9432,-0.0287,-9.3994,-7.8735,-17.3340,t002,FIJTB
2528959832,1954005,2,tobillo,midstance,-0.1597,0.9666,-0.0273,-10.1929,-7.5684,-14.9536,t002,FIJTB
2528959834,1954021,2,tobillo,midstance,-0.1578,0.9794,-0.0282,-12.4512,-7.0801,-13.7939,t002,FIJTB
2528959834,1954037,2,tobillo,midstance,-0.1588,0.9805,-0.0303,-13.3057,-7.8125,-13.8550,t002,FIJTB
2528959889,1954053,2,tobillo,midstance,-0.1549,0.9755,-0.0214,-12.8174,-8.9722,-13.5498,t002,FIJTB
2528959889,1954070,2,tobillo,midstance,-0.1438,0.9475,-0.0171,-9.3994,-12.7563,-12.3901,t002,FIJTB
2528959890,1954086,2,tobillo,midstance,-0.1493,0.9375,-0.0219,-8.8501,-14.1602,-11.4136,t002,FIJTB
2528959941,1954102,2,tobillo,midstance,-0.1555,0.9690,-0.0479,-10.7422,-13.6108,-11.1694,t002,FIJTB
2528959941,1954118,2,tobillo,terminal,-0.1754,0.9847,-0.0599,-13.1836,-12.9395,-12.5732,t002,FIJTB
2528959942,1954134,2,tobillo,terminal,-0.1959,0.9780,-0.0638,-11.8408,-10.4370,-21.1792,t002,FIJTB
2528959944,1954150,2,tobillo,terminal,-0.1777,0.9475,-0.0552,-12.2681,-9.8877,-23.8647,t002,FIJTB
2528960002,1954166,2,tobillo,terminal,-0.1550,0.9858,-0.0354,-17.2119,-6.8359,-26.2451,t002,FIJTB
2528960002,1954182,2,tobillo,terminal,-0.1392,0.9696,-0.0446,-18.1885,-4.8218,-27.6489,t002,FIJTB
2528960002,1954199,2,tobillo,terminal,-0.1478,0.9712,-0.0712,-18.5547,-3.9673,-29.7241,t002,FIJTB
2528960054,1954215,2,tobillo,terminal,-0.1611,0.9762,-0.0721,-19.0430,-1.7090,-33.0200,t002,FIJTB
2528960056,1954231,2,tobillo,terminal,-0.1700,1.0033,-0.0739,-19.2261,0.9155,-36.6821,t002,FIJTB
2528960057,1954247,2,tobillo,terminal,-0.1273,0.9812,-0.1050,-17.9443,5.5542,-46.0815,t002,FIJTB
2528960057,1954263,2,tobillo,terminal,-0.0859,0.9692,-0.1053,-17.8833,6.9580,-48.8281,t002,FIJTB
2528960111,1954279,2,tobillo,terminal,-0.0333,0.9729,-0.1021,-18.9819,5.7983,-45.8984,t002,FIJTB
2528960111,1954295,2,tobillo,terminal,-0.0270,0.9803,-0.1069,-21.1792,0.8545,-41.8701,t002,FIJTB
2528960111,1954311,2,tobillo,terminal,-0.0673,0.9777,-0.1240,-20.7520,-0.3052,-42.2974,t002,FIJTB
2528960163,1954327,2,tobillo,terminal,-0.0679,0.9888,-0.1481,-18.3716,1.1597,-45.5933,t002,FIJTB
2528960165,1954343,2,tobillo,terminal,-0.0436,0.9989,-0.1460,-18.1274,1.9531,-46.5088,t002,FIJTB
2528960166,1954359,2,tobillo,terminal,-0.0090,0.9960,-0.1239,-19.1650,0.9766,-44.3726,t002,FIJTB
2528960219,1954375,2,tobillo,terminal,0.0266,1.0026,-0.1091,-22.5830,-1.8921,-41.5649,t002,FIJTB
2528960220,1954391,2,tobillo,terminal,0.0229,1.0067,-0.1158,-25.5737,-4.8828,-40.8325,t002,FIJTB
2528960220,1954407,2,tobillo,terminal,0.0012,0.9993,-0.1451,-25.8789,-5.8594,-41.2598,t002,FIJTB
2528960220,1954424,2,tobillo,terminal,0.0078,0.9940,-0.1499,-24.9023,-7.1411,-43.5181,t002,FIJTB
2528960272,1954440,2,tobillo,terminal,0.0127,1.0099,-0.1570,-24.5972,-7.6904,-44.6777,t002,FIJTB
2528960273,1954456,2,tobillo,terminal,0.0106,1.0286,-0.1432,-24.2310,-9.4604,-48.7671,t002,FIJTB
2528960273,1954472,2,tobillo,terminal,0.0057,1.0496,-0.1298,-25.2686,-11.7187,-54.7485,t002,FIJTB
2528960326,1954488,2,tobillo,terminal,0.0138,1.1028,-0.1174,-26.4282,-12.2681,-59.1431,t002,FIJTB
2528960327,1954503,2,tobillo,terminal,0.0165,1.1288,-0.1183,-27.0386,-12.3291,-71.3501,t002,FIJTB
2528960327,1954519,2,tobillo,terminal,0.0035,1.2091,-0.1620,-31.3721,-14.4043,-87.7075,t002,FIJTB
2528960352,1954535,2,tobillo,terminal,0.0134,1.1796,-0.1215,-38.2080,-16.3574,-94.3603,t002,FIJTB
2528960379,1954551,2,tobillo,terminal,0.0320,1.1978,-0.0830,-47.3022,-28.5645,-103.6377,t002,FIJTB
2528960380,1954567,2,tobillo,terminal,0.0612,1.2463,-0.0233,-48.7061,-37.6587,-104.4922,t002,FIJTB
2528960380,1954583,2,tobillo,terminal,0.1063,1.1991,0.0403,-50.3540,-54.5044,-115.5395,t002,FIJTB
2528960433,1954599,2,tobillo,terminal,0.1406,1.1792,0.0854,-54.0771,-65.0024,-125.2441,t002,FIJTB
2528960433,1954615,2,tobillo,swing,0.1804,1.1488,0.1067,-52.8564,-70.4346,-123.2300,t002,FIJTB
2528960434,1954631,2,tobillo,swing,0.1869,1.1074,0.0734,-44.4946,-85.6934,-126.6479,t002,FIJTB
2528960484,1954647,2,tobillo,swing,0.1516,1.1053,-0.0699,-42.4194,-91.1865,-133.3008,t002,FIJTB
2528960486,1954663,2,tobillo,swing,0.0275,1.0779,-0.2310,-53.2227,-74.8901,-128.1738,t002,FIJTB
2528960487,1954679,2,tobillo,swing,0.1206,1.0675,-0.2170,-59.6924,-32.5317,-111.7554,t002,FIJTB
2528960539,1954695,2,tobillo,swing,0.6525,1.0813,-0.2904,-48.5229,-18.0664,-108.2153,t002,FIJTB
2528960540,1954711,2,tobillo,swing,0.6246,0.9565,-0.4094,-27.9541,-37.1094,-95.3979,t002,FIJTB
2528960540,1954727,2,tobillo,swing,0.4426,0.9871,-0.5062,-36.8652,-89.1113,-64.9414,t002,FIJTB
2528960540,1954743,2,tobillo,swing,0.1309,1.0695,-0.6089,-40.7715,-94.2993,-51.5137,t002,FIJTB
2528960589,1954759,2,tobillo,swing,0.0337,0.9021,-0.4725,-17.7612,-36.6211,-50.5371,t002,FIJTB
2528960589,1954776,2,tobillo,swing,-0.4490,0.3379,-0.1361,14.2822,1.8921,-17.0898,t002,FIJTB
2528960591,1954791,2,tobillo,swing,-0.8025,0.4354,0.0619,11.1694,-10.8032,30.2734,t002,FIJTB
2528960644,1954807,2,tobillo,swing,-0.6506,0.4883,0.1006,8.2397,-34.7900,60.4248,t002,FIJTB
2528960645,1954823,2,tobillo,swing,-0.2035,0.4519,-0.0159,20.5078,-31.9824,56.8237,t002,FIJTB
2528960645,1954839,2,tobillo,swing,-0.1584,0.5470,0.0154,55.6641,-27.0996,92.4072,t002,FIJTB
2528960692,1954855,2,tobillo,swing,-0.1931,0.5442,0.0515,77.0874,-49.1333,161.1328,t002,FIJTB
2528960695,1954871,2,tobillo,swing,-0.1582,0.5876,0.1332,82.3975,-56.5796,176.0254,t002,FIJTB
2528960696,1954887,2,tobillo,swing,-0.2052,0.6461,0.1349,96.4355,-60.7300,193.0542,t002,FIJTB
2528960696,1954903,2,tobillo,swing,-0.3949,0.7101,0.1581,99.1211,-59.6924,203.5522,t002,FIJTB
2528960747,1954918,2,tobillo,swing,-0.1522,0.9059,0.1033,81.4819,-33.0200,204.8340,t002,FIJTB
2528960747,1954934,2,tobillo,swing,-0.0305,1.0853,0.0459,55.7251,4.4556,216.5527,t002,FIJTB
2528960748,1954950,2,tobillo,swing,-0.0972,1.3131,-0.0035,50.4150,14.8315,226.9897,t002,FIJTB
2528960796,1954966,2,tobillo,swing,-0.0946,1.3945,-0.0156,44.4336,32.1655,227.1118,t002,FIJTB
2528960798,1954981,2,tobillo,swing,0.1328,1.5767,-0.0822,40.3442,41.8091,218.7500,t002,FIJTB
2528960798,1954997,2,tobillo,swing,0.1876,1.6189,-0.1459,37.4146,54.7485,213.3789,t002,FIJTB
2528960851,1955013,2,tobillo,swing,0.0813,1.5757,-0.1415,36.9263,68.3594,220.0928,t002,FIJTB
2528960851,1955029,2,tobillo,swing,0.0127,1.4938,-0.1168,35.6445,77.0264,214.1723,t002,FIJTB
2528960852,1955044,2,tobillo,swing,0.0265,1.4529,-0.1202,32.9590,83.8623,196.8994,t002,FIJTB
2528960900,1955060,2,tobillo,swing,-0.0723,1.3929,-0.1309,30.6396,80.8105,190.9180,t002,FIJTB
2528960903,1955076,2,tobillo,swing,-0.1445,1.3621,-0.1239,25.6348,73.4253,173.0957,t002,FIJTB
2528960903,1955092,2,tobillo,swing,-0.0708,1.3770,-0.1648,22.1558,63.3545,156.4941,t002,FIJTB
2528960904,1955108,2,tobillo,swing,0.1205,1.4464,-0.2583,22.2168,60.9131,155.5176,t002,FIJTB
2528960954,1955123,2,tobillo,swing,0.1161,1.4154,-0.1626,31.8603,66.3452,158.8135,t002,FIJTB
2528960955,1955139,2,tobillo,swing,0.1837,1.2272,0.0227,39.6729,66.5894,153.2593,t002,FIJTB
2528960955,1955155,2,tobillo,swing,0.1614,1.1595,-0.1859,42.5415,54.5654,132.8735,t002,FIJTB
2528961003,1955171,2,tobillo,swing,0.0775,1.1254,-0.2506,34.1187,50.9644,125.1221,t002,FIJTB
2528961005,1955187,2,tobillo,swing,0.0903,1.0035,-0.1516,33.6304,52.6123,116.5161,t002,FIJTB
2528961005,1955202,2,tobillo,swing,0.1587,0.9664,-0.1393,31.5552,37.7197,86.9751,t002,FIJTB
2528961057,1955218,2,tobillo,swing,0.2308,0.9774,-0.2141,26.0010,24.7803,73.6084,t002,FIJTB
2528961059,1955234,2,tobillo,swing,0.2258,0.9548,-0.2101,14.5264,8.2397,56.2134,t002,FIJTB
2528961084,1955250,2,tobillo,swing,0.1804,0.9004,-0.1797,9.7656,1.7700,32.4707,t002,FIJTB
2528961108,1955266,2,tobillo,swing,0.1138,0.8508,-0.1927,4.9438,-1.3428,18.0054,t002,FIJTB
2528961109,1955282,2,tobillo,swing,0.1504,0.8845,-0.2158,-7.3242,-3.7842,-5.7373,t002,FIJTB
2528961110,1955298,2,tobillo,swing,0.1146,0.9092,-0.1666,-9.9487,-4.2725,-14.6484,t002,FIJTB
2528961110,1955314,2,tobillo,swing,-0.0559,0.8527,-0.1051,-13.0615,-6.3477,-37.3535,t002,FIJTB
2528961161,1955330,2,tobillo,swing,-0.1016,0.8821,-0.0609,-23.0713,1.7700,-60.3638,t002,FIJTB
2528961161,1955347,2,tobillo,swing,-0.3964,0.9952,0.2086,-23.6816,8.1177,-57.4341,t002,FIJTB
2528961162,1955363,2,tobillo,swing,-0.8855,0.7902,0.3175,4.6997,12.8174,-33.5083,t002,FIJTB
2528961210,1955379,2,tobillo,swing,-0.9834,0.6927,0.2153,-8.8501,7.9956,-47.3633,t002,FIJTB
2528961212,1955395,2,tobillo,swing,-0.7709,1.1866,0.2354,-37.8418,9.3384,-68.0542,t002,FIJTB
2528961212,1955411,2,tobillo,swing,-0.3822,1.5005,0.1161,-55.4810,26.6724,-110.4126,t002,FIJTB
2528961264,1955426,2,tobillo,swing,-0.0627,1.3303,-0.0387,-44.3726,39.2456,-114.0137,t002,FIJTB
2528961265,1955442,2,tobillo,swing,-0.3954,0.9329,0.0116,-27.2217,53.4668,-96.3135,t002,FIJTB
2528961265,1955459,2,tobillo,swing,-0.4330,0.8783,-0.0076,-42.0532,69.6411,-78.9795,t002,FIJTB
2528961296,1955475,2,tobillo,swing,-0.1560,0.9927,0.0500,-46.8140,69.8853,-68.6035,t002,FIJTB
2528961313,1955491,2,tobillo,swing,-0.1338,0.9745,0.0466,-30.9448,46.5698,-53.9551,t002,FIJTB
2528961315,1955506,2,tobillo,swing,-0.1973,0.9666,0.0227,-19.6533,13.6719,-42.1753,t002,FIJTB
2528961316,1955522,2,tobillo,swing,-0.2469,0.9315,0.0621,-19.2871,7.2021,-33.0200,t002,FIJTB
2528961370,1955538,2,tobillo,swing,-0.2119,0.9143,0.1229,-26.9165,4.0283,-20.9961,t002,FIJTB
2528961370,1955554,2,tobillo,swing,-0.1902,0.9048,0.1593,-30.1514,-0.3662,-16.1133,t002,FIJTB
2528961370,1955570,2,tobillo,swing,-0.2230,0.9604,0.0564,-22.5220,-7.5684,-11.4746,t002,FIJTB
2528961419,1955586,2,tobillo,swing,-0.2584,1.0271,-0.0089,-23.5596,-4.6387,-21.1792,t002,FIJTB
2528961419,1955602,2,tobillo,loading,-0.3517,0.9185,0.0278,-25.4517,2.0142,-19.4092,t002,FIJTB
2528961419,1955618,2,tobillo,loading,-0.3354,0.9244,0.0023,-24.5361,9.8877,-20.7520,t002,FIJTB
2528961479,1955634,2,tobillo,loading,-0.2964,0.9703,-0.0071,-19.0430,13.0005,-22.0337,t002,FIJTB
2528961479,1955650,2,tobillo,loading,-0.2240,0.9869,0.0031,-14.2212,10.4980,-21.9116,t002,FIJTB
2528961480,1955666,2,tobillo,loading,-0.2393,0.9407,0.0328,-8.9111,2.1362,-20.8130,t002,FIJTB
2528961480,1955682,2,tobillo,loading,-0.2074,0.9705,0.0497,-10.9253,-0.4883,-20.6299,t002,FIJTB
2528961530,1955698,2,tobillo,loading,-0.2257,0.9478,0.0262,-12.6343,-5.9204,-14.5264,t002,FIJTB
2528961532,1955714,2,tobillo,loading,-0.2172,0.9720,0.0095,-11.8408,-8.0566,-14.1602,t002,FIJTB
2528961532,1955731,2,tobillo,loading,-0.2344,0.9550,-0.0037,-11.9629,-5.9204,-14.2212,t002,FIJTB
2528961586,1955747,2,tobillo,loading,-0.2306,0.9619,-0.0154,-6.4087,-3.7842,-9.5825,t002,FIJTB
2528961587,1955763,2,tobillo,loading,-0.2128,0.9778,-0.0018,-5.9814,-4.2114,-10.2539,t002,FIJTB
2528961587,1955779,2,tobillo,loading,-0.2115,0.9513,0.0283,-5.6763,-5.0049,-9.1553,t002,FIJTB
2528961635,1955795,2,tobillo,loading,-0.2146,0.9482,0.0287,-2.5635,-8.3618,-4.7607,t002,FIJTB
2528961636,1955811,2,tobillo,loading,-0.2186,0.9565,0.0032,-1.7700,-9.6436,-3.2959,t002,FIJTB
2528961636,1955827,2,tobillo,midstance,-0.2117,0.9742,-0.0074,-3.3569,-9.8877,-2.6855,t002,FIJTB
2528961637,1955843,2,tobillo,midstance,-0.2205,0.9633,-0.0072,-4.0283,-10.1929,-3.2959,t002,FIJTB
2528961694,1955860,2,tobillo,midstance,-0.2412,0.9476,-0.0045,-2.7466,-11.1084,-2.9297,t002,FIJTB
2528961695,1955876,2,tobillo,midstance,-0.1877,0.9453,0.0056,-0.2441,-14.2822,-3.1738,t002,FIJTB
2528961695,1955892,2,tobillo,midstance,-0.2294,0.9668,0.0071,0.3662,-11.4136,0.6714,t002,FIJTB
2528961744,1955907,2,tobillo,midstance,-0.2078,0.9523,0.0183,1.2817,-7.6904,-5.0049,t002,FIJTB
2528961746,1955923,2,tobillo,midstance,-0.1849,0.9318,0.0278,-2.3193,-15.5640,-3.4790,t002,FIJTB
2528961748,1955939,2,tobillo,midstance,-0.2585,0.9480,0.0084,-6.7139,-18.9209,0.9155,t002,FIJTB
2528961782,1955955,2,tobillo,midstance,-0.2635,0.9540,-0.0062,-8.5449,-15.1367,-4.8828,t002,FIJTB
2528961800,1955972,2,tobillo,midstance,-0.2469,0.9449,-0.0056,-5.6763,-12.2070,-12.6343,t002,FIJTB
2528961800,1955988,2,tobillo,midstance,-0.2357,0.9475,0.0093,-4.8218,-12.3291,-14.0381,t002,FIJTB
2528961801,1956003,2,tobillo,midstance,-0.2524,0.9486,0.0144,-3.8452,-10.6812,-16.6626,t002,FIJTB
2528961849,1956020,2,tobillo,terminal,-0.2451,0.9512,0.0052,-4.9438,-5.4321,-20.6909,t002,FIJTB
2528961849,1956036,2,tobillo,terminal,-0.1926,0.9692,-0.0292,-5.7983,-3.1738,-21.4233,t002,FIJTB
2528961849,1956052,2,tobillo,terminal,-0.1757,0.9757,-0.0385,-4.4556,-2.3193,-20.0195,t002,FIJTB
2528961906,1956068,2,tobillo,terminal,-0.1825,0.9738,-0.0293,-3.3569,-2.3193,-18.6768,t002,FIJTB
2528961907,1956084,2,tobillo,terminal,-0.1771,0.9740,-0.0138,-3.4790,-2.1362,-18.8599,t002,FIJTB
2528961907,1956100,2,tobillo,terminal,-0.1578,0.9698,-0.0033,-2.9907,-4.7607,-17.7612,t002,FIJTB
2528961915,1956116,2,tobillo,terminal,-0.1555,0.9648,-0.0209,-3.2349,-6.0425,-14.8926,t002,FIJTB
2528961957,1956132,2,tobillo,terminal,-0.1787,0.9657,-0.0454,-2.6245,-7.3853,-10.7422,t002,FIJTB
2528961959,1956148,2,tobillo,terminal,-0.1759,0.9633,-0.0502,1.2817,-8.1177,-10.4980,t002,FIJTB
2528961960,1956164,2,tobillo,terminal,-0.1722,0.9688,-0.0255,3.0518,-9.0332,-10.4980,t002,FIJTB
2528962010,1956180,2,tobillo,terminal,-0.1752,0.9733,-0.0131,4.6387,-8.4839,-12.6953,t002,FIJTB
2528962011,1956196,2,tobillo,terminal,-0.1749,0.9728,-0.0165,4.8828,-5.1880,-16.2354,t002,FIJTB
2528962011,1956212,2,tobillo,terminal,-0.1674,0.9700,-0.0300,5.5542,-3.8452,-17.2119,t002,FIJTB
2528962062,1956228,2,tobillo,swing,-0.1659,0.9705,-0.0305,8.2397,-2.9907,-18.4326,t002,FIJTB
2528962062,1956244,2,tobillo,swing,-0.1680,0.9777,-0.0220,9.5825,-3.1128,-19.2871,t002,FIJTB
2528962063,1956261,2,tobillo,swing,-0.1676,0.9872,-0.0100,11.1694,-3.1738,-22.7661,t002,FIJTB
2528962115,1956277,2,tobillo,swing,-0.1741,0.9879,-0.0083,10.9863,-1.8921,-28.0151,t002,FIJTB
2528962116,1956293,2,tobillo,swing,-0.1787,0.9835,0.0038,10.0098,-0.7324,-30.4565,t002,FIJTB
2528962117,1956309,2,tobillo,swing,-0.1740,0.9746,0.0023,6.2866,3.4790,-34.6069,t002,FIJTB
2528962165,1956324,2,tobillo,swing,-0.1572,0.9697,-0.0016,3.0518,7.6904,-38.9404,t002,FIJTB
2528962167,1956340,2,tobillo,swing,-0.1277,0.9672,0.0060,1.8921,9.0332,-40.4663,t002,FIJTB
2528962168,1956356,2,tobillo,swing,-0.1094,0.9752,0.0103,-0.3052,10.6812,-43.8232,t002,FIJTB
2528962168,1956372,2,tobillo,swing,-0.0997,0.9774,-0.0001,-2.5635,10.7422,-45.7153,t002,FIJTB
2528962218,1956388,2,tobillo,swing,-0.0469,0.9783,-0.0061,-7.5073,10.0098,-49.0723,t002,FIJTB
2528962219,1956404,2,tobillo,swing,-0.0269,0.9872,-0.0099,-11.1084,4.9438,-49.3164,t002,FIJTB
2528962219,1956421,2,tobillo,swing,-0.0547,1.0315,-0.0248,-12.1460,0.7935,-46.4478,t002,FIJTB
2528962268,1956437,2,tobillo,swing,-0.0549,1.0714,-0.0190,-7.2021,-9.2773,-42.9687,t002,FIJTB
2528962269,1956453,2,tobillo,swing,0.0021,1.0378,0.0133,-3.2959,-14.7705,-41.7480,t002,FIJTB
2528962270,1956469,2,tobillo,swing,0.0126,0.9897,-0.0190,-5.4321,-16.4795,-39.6118,t002,FIJTB
2528962320,1956485,2,tobillo,swing,0.0048,0.9951,-0.0266,-9.3994,-21.8506,-36.3770,t002,FIJTB
2528962320,1956501,2,tobillo,swing,0.0125,1.0093,-0.0388,-6.8359,-24.1089,-34.9731,t002,FIJTB
2528962320,1956517,2,tobillo,swing,0.0488,0.9741,-0.0760,-4.9438,-29.5410,-33.8745,t002,FIJTB
2528962367,1956533,2,tobillo,swing,0.0453,0.9565,-0.0981,-8.4229,-37.5366,-29.3579,t002,FIJTB
2528962369,1956549,2,tobillo,swing,0.0278,0.9894,-0.1426,-7.2021,-41.1987,-27.9541,t002,FIJTB
2528962370,1956565,2,tobillo,swing,0.0553,0.9778,-0.2245,-5.5542,-50.4150,-29.5410,t002,FIJTB
2528962420,1956581,2,tobillo,swing,0.0355,0.9512,-0.2961,-11.7798,-72.1436,-25.6958,t002,FIJTB
2528962421,1956598,2,tobillo,swing,-0.0569,0.9623,-0.3352,-12.0850,-86.8530,-22.1558,t002,FIJTB
2528962421,1956614,2,tobillo,swing,-0.0364,0.9697,-0.3167,-5.6763,-111.4502,-24.1699,t002,FIJTB
2528962466,1956630,2,tobillo,swing,0.0148,0.9363,-0.2505,-3.2959,-132.9956,-22.2168,t002,FIJTB
2528962468,1956646,2,tobillo,swing,-0.0282,0.9220,-0.2941,-4.2725,-145.6299,-20.1416,t002,FIJTB
2528962469,1956662,2,tobillo,swing,-0.0599,0.9482,-0.3007,-4.2114,-174.4995,-15.9302,t002,FIJTB
2528962494,1956678,2,tobillo,swing,-0.0277,0.9518,-0.1942,-1.2817,-186.4624,-16.6016,t002,FIJTB
2528962519,1956695,2,tobillo,swing,-0.0613,0.9434,-0.1943,-3.7842,-211.3037,-16.3574,t002,FIJTB
2528962519,1956711,2,tobillo,swing,-0.0732,0.9683,-0.1486,-5.7983,-235.6567,-12.4512,t002,FIJTB
2528962564,1956727,2,tobillo,swing,-0.1428,0.9532,-0.1187,-4.8218,-248.8403,-14.7095,t002,FIJTB
2528962566,1956743,2,tobillo,swing,-0.0986,0.9865,-0.0073,-6.6528,-265.6250,-13.3057,t002,FIJTB
2528962567,1956759,2,tobillo,swing,-0.0599,0.9667,0.0179,-8.0566,-276.4893,-17.0288,t002,FIJTB
2528962583,1956775,2,tobillo,swing,-0.1523,0.9634,0.0087,-11.1694,-284.0576,-17.6392,t002,FIJTB
2528962617,1956791,2,tobillo,swing,-0.1595,0.9667,0.0630,-14.4653,-291.9312,-9.8877,t002,FIJTB
2528962618,1956807,2,tobillo,swing,-0.0864,0.9442,0.1736,-14.4043,-291.9312,-8.7280,t002,FIJTB
2528962618,1956823,2,tobillo,swing,-0.0791,0.9056,0.2366,-15.8081,-287.3535,-8.1787,t002,FIJTB
2528962666,1956840,2,tobillo,swing,-0.0861,0.9115,0.2908,-19.6533,-275.6958,1.3428,t002,FIJTB
2528962666,1956855,2,tobillo,swing,-0.0098,0.9365,0.3751,-19.8364,-266.7236,5.6152,t002,FIJTB
2528962667,1956871,2,tobillo,swing,0.0256,0.9297,0.4100,-19.4092,-244.1406,10.6812,t002,FIJTB
2528962716,1956887,2,tobillo,swing,0.0305,0.9313,0.4517,-17.7612,-210.8764,19.2871,t002,FIJTB
2528962716,1956903,2,tobillo,swing,0.0785,0.9387,0.5001,-15.7471,-190.3076,22.1558,t002,FIJTB
2528962717,1956919,2,tobillo,swing,0.0858,0.9465,0.5059,-11.1694,-143.2495,24.5361,t002,FIJTB
2528962764,1956935,2,tobillo,swing,0.0948,0.9535,0.5232,-8.4839,-115.9668,26.4893,t002,FIJTB
2528962764,1956951,2,tobillo,swing,0.1654,0.9419,0.4794,-3.4790,-59.5703,27.3437,t002,FIJTB
2528962764,1956967,2,tobillo,swing,0.1555,0.9426,0.4532,-0.1221,-12.3291,27.2217,t002,FIJTB
2528962813,1956983,2,tobillo,swing,0.1470,0.9779,0.2847,2.0752,5.6152,26.7334,t002,FIJTB
2528962814,1956999,2,tobillo,swing,0.0652,0.9839,0.1049,1.8311,22.5220,30.1514,t002,FIJTB
2528962814,1957014,2,tobillo,swing,-0.0829,0.9865,-0.1379,0.1221,23.3154,35.0952,t002,FIJTB
2528962861,1957030,2,tobillo,swing,-0.0660,0.9650,-0.1445,-0.3662,14.8315,36.8042,t002,FIJTB
2528962862,1957046,2,tobillo,swing,-0.0243,0.9668,-0.0684,0.5493,-2.6245,36.1938,t002,FIJTB
2528962862,1957062,2,tobillo,swing,0.0278,1.0017,0.0973,1.4038,-9.5825,38.3301,t002,FIJTB
2528962911,1957078,2,tobillo,swing,-0.0076,1.0907,0.1840,7.9956,-16.4795,45.7764,t002,FIJTB
2528962912,1957094,2,tobillo,swing,-0.0460,1.0699,0.1273,16.0522,-8.0566,40.2832,t002,FIJTB
2528962912,1957110,2,tobillo,swing,-0.1310,0.9907,0.0668,15.6250,-3.3569,34.1797,t002,FIJTB
2528962960,1957126,2,tobillo,swing,-0.1200,0.9872,0.0819,9.8267,0.4272,25.2075,t002,FIJTB
2528962961,1957142,2,tobillo,swing,-0.0844,0.9847,0.1022,7.2632,0.8545,22.1558,t002,FIJTB
2528962961,1957158,2,tobillo,swing,-0.0680,0.9819,0.0872,2.5024,-1.2817,19.3481,t002,FIJTB
2528963010,1957173,2,tobillo,swing,-0.0818,0.9775,0.0802,-0.6714,-4.8218,16.1133,t002,FIJTB
2528963010,1957189,2,tobillo,swing,-0.0892,0.9720,0.0768,-0.7935,-5.5542,14.4043,t002,FIJTB
2528963011,1957205,2,tobillo,swing,-0.0858,0.9708,0.0839,-0.8545,-4.3945,11.2305,t002,FIJTB
2528963056,1957221,2,tobillo,swing,-0.0874,0.9686,0.0880,-1.0376,-3.1128,9.9487,t002,FIJTB
2528963058,1957237,2,tobillo,swing,-0.0829,0.9673,0.0864,-1.5869,-0.4272,8.4229,t002,FIJTB
2528963058,1957253,2,tobillo,swing,-0.0800,0.9678,0.0876,-3.1738,1.0376,8.1177,t002,FIJTB
2528963107,1957269,2,tobillo,swing,-0.0830,0.9712,0.0906,-4.4556,1.3428,8.1787,t002,FIJTB
2528963108,1957285,2,tobillo,swing,-0.0833,0.9724,0.0900,-6.8970,2.0142,7.7515,t002,FIJTB
2528963108,1957301,2,tobillo,swing,-0.0720,0.9729,0.0804,-6.5308,2.6245,7.3242,t002,FIJTB
2528963153,1957317,2,tobillo,swing,-0.0977,0.9718,0.0452,-5.1880,2.6855,7.3242,t002,FIJTB
2528963155,1957333,2,tobillo,swing,-0.1107,0.9705,0.0370,-1.6479,2.3193,5.5542,t002,FIJTB
2528963155,1957348,2,tobillo,swing,-0.1071,0.9713,0.0597,-0.4272,1.8921,4.0283,t002,FIJTB
2528963204,1957364,2,tobillo,swing,-0.0839,0.9694,0.0846,0.1221,0.4272,1.7090,t002,FIJTB
2528963205,1957380,2,tobillo,swing,-0.0826,0.9666,0.0873,-0.4272,-0.1221,1.6479,t002,FIJTB
2528963205,1957396,2,tobillo,swing,-0.0864,0.9655,0.0900,-1.0986,0.5493,1.4648,t002,FIJTB
2528963206,1957412,2,tobillo,swing,-0.0773,0.9630,0.0966,-2.1362,4.5166,1.7090,t002,FIJTB
2528963249,1957428,2,tobillo,swing,-0.0795,0.9705,0.0724,-2.3193,8.1177,2.5635,t002,FIJTB
2528963251,1957444,2,tobillo,swing,-0.1256,0.9719,0.0356,-0.1221,16.6016,2.5024,t002,FIJTB
2528963254,1957459,2,tobillo,swing,-0.1051,0.9705,0.0568,2.2583,20.2637,1.2817,t002,FIJTB
2528963301,1957475,2,tobillo,swing,-0.0707,0.9641,0.0812,0.9766,20.8740,3.7842,t002,FIJTB
2528963302,1957491,2,tobillo,swing,-0.0886,0.9562,0.0731,-2.0752,22.4609,11.2915,t002,FIJTB
2528963302,1957507,2,tobillo,swing,-0.0746,0.9545,0.0474,-4.5166,20.1416,15.2588,t002,FIJTB
2528963348,1957523,2,tobillo,swing,-0.0903,0.9896,0.0726,-8.1177,14.5874,20.2026,t002,FIJTB
2528963349,1957539,2,tobillo,swing,-0.1173,0.9780,0.0682,-4.3335,12.4512,18.2495,t002,FIJTB
2528963350,1957555,2,tobillo,swing,-0.1328,0.9805,0.0576,-4.2725,11.2305,16.3574,t002,FIJTB
2528963398,1957571,2,tobillo,swing,-0.1218,0.9796,0.0580,-5.7983,11.1084,13.3667,t002,FIJTB
2528963398,1957587,2,tobillo,swing,-0.1382,0.9714,0.0466,-4.6997,6.6528,12.1460,t002,FIJTB
2528963399,1957602,2,tobillo,swing,-0.1162,0.9772,0.0638,-3.7842,2.3193,11.7798,t002,FIJTB
2528963443,1957618,2,tobillo,swing,-0.1172,0.9799,0.0493,-3.3569,-4.1504,14.3433,t002,FIJTB
2528963446,1957634,2,tobillo,swing,-0.1321,0.9739,0.0231,-2.2583,-5.8594,15.7471,t002,FIJTB
2528963446,1957651,2,tobillo,swing,-0.1375,0.9697,0.0575,2.1973,-8.0566,16.7847,t002,FIJTB
2528963495,1957666,2,tobillo,swing,-0.1340,0.9702,0.0648,3.8452,-9.6436,17.5781,t002,FIJTB
2528963495,1957682,2,tobillo,swing,-0.1250,0.9746,0.0607,4.2725,-10.9863,19.0430,t002,FIJTB
2528963496,1957698,2,tobillo,swing,-0.1355,0.9716,0.0518,6.7749,-12.4512,22.8882,t002,FIJTB
2528963540,1957714,2,tobillo,swing,-0.1581,0.9700,0.0469,8.5449,-11.9629,23.3765,t002,FIJTB
2528963542,1957730,2,tobillo,swing,-0.1802,0.9667,0.0538,10.6812,-10.5591,20.1416,t002,FIJTB
2528963543,1957746,2,tobillo,swing,-0.1887,0.9639,0.0624,11.6577,-9.9487,13.0615,t002,FIJTB
2528963592,1957762,2,tobillo,swing,-0.1698,0.9641,0.0624,11.9629,-9.6436,10.4980,t002,FIJTB
2528963592,1957778,2,tobillo,swing,-0.1501,0.9701,0.0640,14.2212,-12.2681,9.2773,t002,FIJTB
2528963592,1957794,2,tobillo,swing,-0.1238,0.9758,0.0636,19.2261,-18.7988,10.9863,t002,FIJTB
2528963638,1957810,2,tobillo,swing,-0.1893,0.9589,0.0830,20.9351,-21.5454,10.5591,t002,FIJTB
2528963639,1957826,2,tobillo,swing,-0.2119,0.9509,0.0875,21.7895,-22.2778,2.3193,t002,FIJTB
2528963639,1957842,2,tobillo,swing,-0.2200,0.9590,0.0791,21.7895,-21.2402,-0.9155,t002,FIJTB
2528963687,1957858,2,tobillo,swing,-0.1852,0.9801,0.0781,20.9961,-18.4326,0.0610,t002,FIJTB
2528963688,1957874,2,tobillo,swing,-0.1930,0.9659,0.0800,21.9727,-18.3105,0.1221,t002,FIJTB
2528963688,1957890,2,tobillo,swing,-0.1523,0.9991,0.0861,24.4141,-21.6675,-1.3428,t002,FIJTB
2528963732,1957906,2,tobillo,swing,-0.1130,1.0043,0.0890,20.2637,-27.9541,-5.7983,t002,FIJTB
2528963734,1957922,2,tobillo,swing,-0.1523,0.9341,0.1324,22.2168,-33.2642,1.8921,t002,FIJTB
2528963734,1957938,2,tobillo,swing,-0.1248,1.0070,0.0664,20.6299,-34.4238,3.9062,t002,FIJTB
2528963782,1957954,2,tobillo,swing,-0.1284,0.9678,0.0706,5.5542,-35.2783,1.0376,t002,FIJTB
2528963782,1957970,2,tobillo,swing,-0.1854,0.9414,0.1266,-1.2817,-39.3066,3.7842,t002,FIJTB
2528963782,1957986,2,tobillo,swing,-0.1562,0.9789,0.1393,2.3193,-47.4853,18.0054,t002,FIJTB
2528963828,1958002,2,tobillo,swing,-0.1621,1.0093,0.1407,17.3340,-53.3447,23.0103,t002,FIJTB
2528963828,1958018,2,tobillo,swing,-0.2101,1.0938,0.0726,27.4048,-54.5044,20.9351,t002,FIJTB
2528963828,1958034,2,tobillo,swing,-0.2439,1.0498,0.0516,35.6445,-55.4810,5.0659,t002,FIJTB
2528963875,1958050,2,tobillo,swing,-0.2727,0.9565,0.0609,34.1187,-58.4717,-2.1362,t002,FIJTB
2528963875,1958066,2,tobillo,swing,-0.1820,1.0703,0.0886,30.6396,-66.1011,-1.3428,t002,FIJTB
2528963876,1958082,2,tobillo,swing,-0.0873,1.0896,0.1216,33.2642,-85.1440,-9.5215,t002,FIJTB
2528963919,1958098,2,tobillo,swing,0.1228,1.0428,0.1589,36.9263,-101.3794,-17.6392,t002,FIJTB
2528963922,1958114,2,tobillo,swing,0.0331,0.9812,0.2140,46.9971,-143.7378,-28.0762,t002,FIJTB
2528963946,1958129,2,tobillo,swing,0.0225,0.9696,0.0950,48.0347,-177.6123,-33.8745,t002,FIJTB
2528963968,1958145,2,tobillo,swing,0.2117,0.9220,-0.3979,43.7012,-196.9604,-51.2695,t002,FIJTB
2528963969,1958161,2,tobillo,swing,0.1384,0.9583,-0.3231,36.8042,-238.7695,-52.0019,t002,FIJTB
2528964013,1958177,2,tobillo,swing,-0.2234,0.9475,0.0715,32.5317,-229.9805,-35.8276,t002,FIJTB
2528964015,1958193,2,tobillo,swing,-0.1268,0.9459,0.2794,29.8462,-143.9819,-29.6631,t002,FIJTB
2528964016,1958209,2,tobillo,swing,-0.0576,0.9150,0.1716,26.7944,-55.9692,-60.3638,t002,FIJTB
2528964045,1958225,2,tobillo,swing,-0.0692,0.8728,-0.0443,21.2402,-25.7568,-66.9556,t002,FIJTB
2528964062,1958241,2,tobillo,swing,-0.0596,0.9269,-0.0765,6.3477,20.3857,-62.6221,t002,FIJTB
2528964063,1958257,2,tobillo,swing,-0.0983,1.0110,-0.0404,-0.4272,30.8838,-50.7812,t002,FIJTB
2528964106,1958273,2,tobillo,swing,-0.2260,0.9902,0.0111,-13.4277,37.0483,-24.7803,t002,FIJTB
2528964108,1958289,2,tobillo,swing,-0.2007,1.0212,-0.0125,-25.6958,44.6167,-36.0718,t002,FIJTB
2528964108,1958305,2,tobillo,swing,-0.1240,1.0607,-0.1243,-29.3579,46.0205,-44.1894,t002,FIJTB
2528964156,1958321,2,tobillo,swing,-0.1887,0.9890,-0.1770,-31.1279,28.8086,-47.0581,t002,FIJTB
2528964156,1958338,2,tobillo,swing,-0.2455,0.9523,-0.1930,-30.5786,-15.1978,-44.6167,t002,FIJTB
2528964156,1958354,2,tobillo,swing,-0.2513,0.8987,-0.1593,-30.5786,-37.5366,-42.1143,t002,FIJTB
2528964199,1958370,2,tobillo,swing,-0.2419,0.8658,-0.0823,-29.5410,-68.8477,-32.0435,t002,FIJTB
2528964201,1958386,2,tobillo,swing,-0.3392,0.7560,0.1080,-23.3765,-78.5522,-24.2920,t002,FIJTB
2528964201,1958402,2,tobillo,swing,-0.3668,0.6893,0.1938,-20.5688,-76.5381,-19.0430,t002,FIJTB
2528964247,1958418,2,tobillo,swing,-0.3999,0.6787,0.2015,-18.6157,-64.7583,-2.8687,t002,FIJTB
2528964248,1958434,2,tobillo,swing,-0.7426,0.7324,0.6259,-14.1602,-52.2461,12.9395,t002,FIJTB
2528964248,1958450,2,tobillo,swing,-0.7765,1.0372,1.5670,36.5601,-10.8032,98.4497,t002,FIJTB
2528964290,1958465,2,tobillo,swing,-0.4319,1.4777,1.1654,55.0537,17.7002,26.0010,t002,FIJTB
2528964292,1958481,2,tobillo,swing,0.0542,1.2412,-0.0183,50.9644,33.0200,-61.5234,t002,FIJTB
2528964293,1958497,2,tobillo,swing,-0.2943,0.8702,-0.0857,-11.0474,47.9126,-36.9873,t002,FIJTB
2528964340,1958513,2,tobillo,swing,-0.0978,0.9340,0.1417,-25.3296,46.6919,-8.8501,t002,FIJTB
2528964341,1958529,2,tobillo,swing,-0.0227,1.0216,-0.0769,-3.4180,36.8652,-17.4561,t002,FIJTB
2528964341,1958545,2,tobillo,swing,-0.2657,0.9108,-0.1324,6.7749,23.8037,-22.1558,t002,FIJTB
2528964385,1958561,2,tobillo,swing,-0.1370,0.9315,0.0963,5.5542,20.3247,-24.1699,t002,FIJTB
2528964386,1958577,2,tobillo,swing,-0.0240,0.9680,0.1869,1.8311,14.5264,-26.5503,t002,FIJTB
2528964387,1958593,2,tobillo,swing,-0.0245,1.0023,0.1945,-9.1553,13.6108,-26.8555,t002,FIJTB
2528964435,1958609,2,tobillo,swing,-0.0549,0.9539,0.1337,-10.1929,15.4419,-25.5127,t002,FIJTB
2528964435,1958625,2,tobillo,swing,-0.0428,0.9856,0.1075,-11.1694,17.5781,-25.8789,t002,FIJTB
2528964436,1958641,2,tobillo,swing,0.0127,0.9938,0.1017,-10.0708,18.4937,-26.7944,t002,FIJTB
2528964481,1958657,2,tobillo,swing,0.0500,1.0066,0.0800,-7.4463,17.2729,-23.3154,t002,FIJTB
2528964483,1958673,2,tobillo,swing,0.0361,0.9965,0.0728,-7.0801,11.2915,-20.2026,t002,FIJTB
2528964484,1958689,2,tobillo,swing,0.0381,0.9928,0.0730,-4.3945,8.9722,-18.6157,t002,FIJTB
2528964532,1958704,2,tobillo,swing,0.0349,0.9926,0.0780,0.0610,5.8594,-16.7236,t002,FIJTB
2528964533,1958720,2,tobillo,swing,-0.0052,0.9756,0.0824,1.8311,5.0659,-16.1743,t002,FIJTB
2528964533,1958736,2,tobillo,swing,0.0244,0.9757,0.0873,4.8828,4.2725,-14.5874,t002,FIJTB
2528964578,1958752,2,tobillo,swing,0.0472,0.9733,0.0934,6.8970,2.5635,-13.6719,t002,FIJTB
2528964580,1958768,2,tobillo,swing,-0.0320,0.9683,0.0962,6.4697,1.2817,-13.3057,t002,FIJTB
2528964580,1958784,2,tobillo,swing,-0.0336,0.9784,0.0875,5.9204,0.7935,-16.9678,t002,FIJTB
2528964628,1958800,2,tobillo,swing,0.0492,0.9847,0.0795,10.3149,2.1973,-19.4702,t002,FIJTB
2528964628,1958816,2,tobillo,swing,0.0142,0.9806,0.0875,12.2070,1.2207,-18.9819,t002,FIJTB
2528964629,1958832,2,tobillo,swing,-0.0018,0.9883,0.0934,15.1978,-0.3052,-22.1558,t002,FIJTB
2528964674,1958848,2,tobillo,swing,-0.0228,0.9883,0.0916,15.8081,1.0986,-27.0386,t002,FIJTB
2528964676,1958863,2,tobillo,swing,0.0083,0.9949,0.0934,14.4653,0.5493,-35.8887,t002,FIJTB
2528964677,1958879,2,tobillo,swing,-0.0209,1.0032,0.1150,7.2632,-2.2583,-41.0156,t002,FIJTB
2528964725,1958895,2,tobillo,swing,-0.0494,1.0054,0.1404,5.3711,0.8545,-48.5229,t002,FIJTB
2528964726,1958911,2,tobillo,swing,-0.0392,1.0131,0.1295,0.5493,9.8877,-60.4858,t002,FIJTB
2528964726,1958927,2,tobillo,swing,-0.0348,1.0083,0.1489,-5.0659,12.5122,-64.0259,t002,FIJTB
2528964773,1958943,2,tobillo,swing,-0.0509,1.1503,0.1731,-10.6201,12.3901,-75.6226,t002,FIJTB
2528964773,1958959,2,tobillo,swing,-0.0630,1.2736,0.1572,2.5635,18.7378,-102.8442,t002,FIJTB
2528964774,1958975,2,tobillo,swing,-0.1825,1.4020,0.0648,4.4556,23.1323,-121.2768,t002,FIJTB
2528964821,1958991,2,tobillo,swing,-0.1881,1.5890,0.1373,2.3804,6.4697,-140.7471,t002,FIJTB
2528964821,1959007,2,tobillo,swing,-0.1869,1.6365,0.2140,0.6714,-24.2310,-179.0161,t002,FIJTB
2528964822,1959023,2,tobillo,swing,-0.5524,1.3893,-0.1111,-8.0566,-23.6206,-185.1196,t002,FIJTB
2528964869,1959039,2,tobillo,swing,-0.4707,1.1476,-0.2211,-47.7295,-24.7803,-132.8735,t002,FIJTB
2528964869,1959055,2,tobillo,swing,0.3547,1.1089,-0.3398,-66.7114,-37.9639,-117.3096,t002,FIJTB
2528964869,1959071,2,tobillo,swing,0.1344,1.1771,-0.5542,-72.8149,-72.4487,-101.9287,t002,FIJTB
2528964918,1959087,2,tobillo,swing,-0.0176,0.8940,-0.4088,-36.6211,-97.4731,-58.8989,t002,FIJTB
2528964918,1959103,2,tobillo,swing,0.1105,0.1819,0.0173,-19.3481,-120.6055,-54.3823,t002,FIJTB
2528964919,1959119,2,tobillo,swing,-0.4038,0.2742,0.0393,-39.9170,-132.0190,4.3335,t002,FIJTB
2528964964,1959135,2,tobillo,swing,-1.1788,0.3103,0.1542,-66.9556,-31.8603,77.2095,t002,FIJTB
2528964966,1959152,2,tobillo,swing,-0.1053,0.4297,0.3070,-70.0073,-1.9531,97.4731,t002,FIJTB
2528964966,1959168,2,tobillo,swing,-0.1785,0.4902,0.3461,-67.5049,-27.4048,158.3862,t002,FIJTB
2528965015,1959184,2,tobillo,swing,-0.1465,0.8093,0.6089,-56.3965,-47.7905,170.7153,t002,FIJTB
2528965016,1959200,2,tobillo,swing,0.0555,0.8920,0.7628,-33.4473,-82.6416,164.2456,t002,FIJTB
2528965016,1959216,2,tobillo,swing,0.0590,0.9473,0.7548,-27.5269,-117.9199,172.0581,t002,FIJTB
2528965060,1959231,2,tobillo,swing,0.0687,1.1681,0.5898,-26.0010,-129.0894,178.7720,t002,FIJTB
2528965063,1959247,2,tobillo,swing,0.1531,1.2478,0.5330,-13.3057,-144.3481,179.3213,t002,FIJTB
2528965063,1959263,2,tobillo,swing,0.1489,1.1930,0.5009,-5.0659,-147.5830,172.7295,t002,FIJTB
2528965095,1959279,2,tobillo,swing,-0.0115,1.0835,0.5598,-3.5400,-131.8970,151.4282,t002,FIJTB
2528965112,1959295,2,tobillo,swing,0.0566,1.1479,0.5526,-8.7280,-96.9238,122.5586,t002,FIJTB
2528965113,1959311,2,tobillo,swing,0.2134,1.2550,0.4509,-9.6436,-76.7212,119.3237,t002,FIJTB
2528965159,1959327,2,tobillo,swing,0.1208,1.2620,0.4352,-4.6997,-40.3442,137.3901,t002,FIJTB
2528965160,1959343,2,tobillo,swing,0.0619,1.2411,0.3844,8.9722,-18.0664,134.9487,t002,FIJTB
2528965160,1959359,2,tobillo,swing,0.0557,1.1774,0.2114,12.6343,-4.3945,121.4600,t002,FIJTB
2528965208,1959374,2,tobillo,swing,0.1147,1.1589,0.1460,13.4277,21.1792,113.4033,t002,FIJTB
2528965209,1959390,2,tobillo,swing,0.3337,1.1656,0.1975,16.9678,24.9634,121.8872,t002,FIJTB
2528965209,1959406,2,tobillo,swing,0.2662,1.0677,0.2484,29.1138,-2.5024,124.5727,t002,FIJTB
2528965255,1959421,2,tobillo,swing,0.2565,1.0323,0.2343,37.1094,-44.7998,101.9287,t002,FIJTB
2528965256,1959437,2,tobillo,swing,0.3596,0.9788,0.1559,38.6963,-64.6973,91.4307,t002,FIJTB
2528965256,1959453,2,tobillo,swing,0.3451,0.9152,0.1152,34.3018,-106.2622,71.4111,t002,FIJTB
2528965304,1959469,2,tobillo,swing,0.2405,0.8695,0.0741,28.7476,-122.9248,59.5093,t002,FIJTB
2528965305,1959484,2,tobillo,swing,0.2467,0.8977,0.0562,18.1885,-131.3477,38.6353,t002,FIJTB
2528965306,1959500,2,tobillo,swing,0.2263,0.9064,0.0411,11.3525,-106.3843,22.8882,t002,FIJTB
2528965350,1959516,2,tobillo,swing,0.0343,0.9386,0.0267,5.0659,-85.5713,13.0615,t002,FIJTB
2528965352,1959532,2,tobillo,swing,0.2861,0.9341,-0.0417,-3.2349,-29.3579,-16.0522,t002,FIJTB
2528965353,1959548,2,tobillo,swing,0.4348,0.9756,-0.1738,-11.9629,-16.1133,-31.2500,t002,FIJTB
2528965403,1959564,2,tobillo,swing,-1.2292,1.2061,0.0883,-13.4888,-42.1143,-18.4326,t002,FIJTB
2528965404,1959580,2,tobillo,swing,-1.5449,1.1757,0.3208,17.1509,-51.2695,-38.4521,t002,FIJTB
2528965404,1959596,2,tobillo,swing,-0.0037,1.3900,0.0817,4.3945,1.0986,-93.7500,t002,FIJTB
2528965411,1959611,2,tobillo,swing,0.4570,1.3467,0.0314,-24.4141,67.6270,-85.0220,t002,FIJTB
2528965451,1959627,2,tobillo,swing,-0.1550,0.9132,0.1101,-27.8320,43.4570,-48.7061,t002,FIJTB
2528965452,1959643,2,tobillo,swing,-0.3378,0.8768,-0.0741,-27.3437,17.6392,-35.7056,t002,FIJTB
2528965453,1959659,2,tobillo,swing,-0.1733,0.9744,-0.1161,-21.9727,27.5269,-32.1655,t002,FIJTB
2528965501,1959675,2,tobillo,swing,-0.2108,0.9630,-0.0579,-14.2212,23.3765,-28.7476,t002,FIJTB
2528965502,1959691,2,tobillo,swing,-0.3112,0.9061,-0.0206,-1.2207,12.3291,-31.5552,t002,FIJTB
2528965502,1959707,2,tobillo,swing,-0.1580,0.9771,0.0011,-9.1553,3.2349,-32.7148,t002,FIJTB
2528965549,1959723,2,tobillo,swing,-0.1799,0.9188,0.0752,-12.7563,-6.8359,-23.9868,t002,FIJTB
2528965551,1959739,2,tobillo,swing,-0.2197,0.9652,0.0670,-15.8081,-16.8457,-15.3198,t002,FIJTB
2528965551,1959755,2,tobillo,swing,-0.2366,0.9979,0.0077,-11.4136,-12.3901,-19.4702,t002,FIJTB
2528965600,1959771,2,tobillo,swing,-0.2860,0.9509,-0.0111,-2.0752,-1.4038,-26.7334,t002,FIJTB
2528965601,1959787,2,tobillo,swing,-0.2648,0.9426,-0.0229,-2.2583,0.7324,-32.7148,t002,FIJTB
2528965601,1959803,2,tobillo,swing,-0.1908,0.9509,-0.0038,-3.4790,-3.2349,-31.6772,t002,FIJTB
2528965648,1959820,2,tobillo,swing,-0.1882,0.9686,0.0107,-6.2866,-8.8501,-27.2217,t002,FIJTB
2528965649,1959836,2,tobillo,swing,-0.2408,0.9495,0.0221,-5.7373,-4.1504,-27.6489,t002,FIJTB
2528965649,1959852,2,tobillo,swing,-0.1079,1.0085,-0.0189,-6.7139,-0.7935,-27.5879,t002,FIJTB
2528965699,1959868,2,tobillo,swing,-0.1024,0.9817,-0.0350,-6.8970,-1.5259,-20.3857,t002,FIJTB
2528965699,1959884,2,tobillo,swing,-0.1241,0.9591,-0.0277,-6.4697,-7.3853,-14.3433,t002,FIJTB
2528965700,1959900,2,tobillo,swing,-0.1554,0.9713,-0.0365,-6.1035,-13.7329,-7.1411,t002,FIJTB
2528965745,1959916,2,tobillo,swing,-0.1609,0.9734,-0.0371,-1.1597,-10.0098,-6.1646,t002,FIJTB
2528965747,1959932,2,tobillo,swing,-0.1421,0.9614,-0.0319,1.8311,-8.3618,-5.8594,t002,FIJTB
2528965748,1959948,2,tobillo,swing,-0.1475,0.9609,-0.0079,5.0049,-8.5449,-1.0986,t002,FIJTB
2528965797,1959965,2,tobillo,swing,-0.1514,0.9680,0.0051,5.3101,-12.3291,2.9907,t002,FIJTB
2528965798,1959980,2,tobillo,swing,-0.1696,0.9672,0.0125,4.6997,-14.4653,3.8452,t002,FIJTB
2528965798,1959996,2,tobillo,swing,-0.1748,0.9653,0.0065,2.4414,-15.1367,2.9297,t002,FIJTB
2528965845,1960012,2,tobillo,swing,-0.1733,0.9591,0.0006,1.5259,-14.1602,1.9531,t002,FIJTB
2528965846,1960028,2,tobillo,swing,-0.1860,0.9677,0.0107,-0.1221,-12.5122,0.1831,t002,FIJTB
2528965846,1960044,2,tobillo,swing,-0.2015,0.9728,0.0063,-2.1362,-11.1694,-4.2114,t002,FIJTB
2528965895,1960060,2,tobillo,swing,-0.2048,0.9725,0.0037,-3.0518,-10.0098,-8.1787,t002,FIJTB
2528965896,1960076,2,tobillo,swing,-0.1882,0.9678,0.0022,-5.3711,-9.2773,-15.1367,t002,FIJTB
2528965896,1960092,2,tobillo,swing,-0.1855,0.9586,-0.0042,-5.5542,-9.8877,-18.9209,t002,FIJTB
2528965941,1960108,2,tobillo,swing,-0.1719,0.9703,-0.0188,-5.0049,-10.3760,-20.6299,t002,FIJTB
2528965943,1960124,2,tobillo,swing,-0.1525,0.9694,-0.0168,-4.4556,-11.8408,-21.6675,t002,FIJTB
2528965944,1960140,2,tobillo,swing,-0.1150,0.9675,-0.0112,-4.6997,-12.5732,-20.6299,t002,FIJTB
2528965994,1960156,2,tobillo,swing,-0.1556,0.9795,-0.0396,-6.1646,-13.6719,-16.7236,t002,FIJTB
2528965994,1960173,2,tobillo,swing,-0.1733,0.9830,-0.0532,-4.3335,-12.6953,-19.2261,t002,FIJTB
2528965995,1960189,2,tobillo,swing,-0.1345,0.9755,-0.0414,-2.0142,-11.8408,-21.7895,t002,FIJTB
2528966031,1960205,2,tobillo,swing,-0.1086,0.9663,-0.0387,0.6714,-12.1460,-21.4844,t002,FIJTB
2528966040,1960221,2,tobillo,swing,-0.1128,0.9702,-0.0312,-0.2441,-17.6392,-18.1885,t002,FIJTB
2528966043,1960237,2,tobillo,swing,-0.1118,0.9774,-0.0142,-1.0986,-20.0195,-17.8833,t002,FIJTB
2528966086,1960253,2,tobillo,swing,-0.1188,0.9784,-0.0228,-2.5024,-20.9351,-19.1650,t002,FIJTB
2528966093,1960269,2,tobillo,swing,-0.1224,0.9777,-0.0417,-2.1973,-19.9585,-21.3013,t002,FIJTB
2528966094,1960285,2,tobillo,swing,-0.1316,0.9750,-0.0549,0.3662,-17.6392,-25.7568,t002,FIJTB
2528966095,1960301,2,tobillo,swing,-0.1414,0.9760,-0.0502,2.0752,-17.3340,-31.0059,t002,FIJTB
2528966141,1960317,2,tobillo,swing,-0.1201,0.9756,-0.0240,1.9531,-16.6626,-34.1797,t002,FIJTB
2528966143,1960333,2,tobillo,swing,-0.0754,0.9696,-0.0302,0.8545,-13.8550,-37.2925,t002,FIJTB
2528966143,1960349,2,tobillo,swing,-0.0542,0.9683,-0.0485,2.7466,-10.8643,-36.3159,t002,FIJTB
2528966192,1960365,2,tobillo,swing,-0.0422,0.9574,-0.0636,5.4321,-8.7891,-35.4004,t002,FIJTB
2528966193,1960381,2,tobillo,swing,-0.0208,0.9592,-0.0503,12.7563,-2.2583,-32.8979,t002,FIJTB
2528966193,1960397,2,tobillo,swing,-0.0331,0.9623,-0.0435,16.5405,1.6479,-30.6396,t002,FIJTB
2528966241,1960413,2,tobillo,swing,-0.0492,0.9579,-0.0894,23.2544,10.3149,-26.8555,t002,FIJTB
2528966241,1960429,2,tobillo,swing,-0.0227,0.9866,-0.0481,29.1748,9.6436,-27.4658,t002,FIJTB
2528966241,1960445,2,tobillo,swing,-0.0134,1.0271,0.0310,29.9072,5.6763,-28.1982,t002,FIJTB
2528966291,1960461,2,tobillo,swing,-0.0397,1.0262,0.0214,25.4517,2.0752,-28.3203,t002,FIJTB
2528966292,1960477,2,tobillo,swing,-0.0569,1.0214,-0.0057,20.8130,2.6245,-25.9399,t002,FIJTB
2528966292,1960493,2,tobillo,swing,-0.0789,1.0530,-0.0552,20.1416,0.9155,-25.1465,t002,FIJTB
2528966339,1960509,2,tobillo,swing,-0.0946,1.0659,-0.0703,13.6108,-8.6060,-19.3481,t002,FIJTB
2528966340,1960525,2,tobillo,swing,-0.0715,1.0835,-0.0454,10.0098,-16.0522,-14.5874,t002,FIJTB
2528966341,1960541,2,tobillo,swing,-0.0391,1.0693,-0.0968,1.3428,-35.9497,-10.3760,t002,FIJTB
2528966389,1960557,2,tobillo,swing,-0.0826,1.0089,-0.0667,-12.3901,-50.8423,-12.5732,t002,FIJTB
2528966390,1960573,2,tobillo,swing,-0.0336,1.0714,-0.1548,-6.1035,-56.7627,-13.7939,t002,FIJTB
2528966390,1960590,2,tobillo,swing,-0.0699,0.9735,-0.6320,4.0894,-80.5664,-25.0854,t002,FIJTB
2528966438,1960606,2,tobillo,swing,-0.2344,0.9102,-0.7982,6.1035,-154.2358,-21.9116,t002,FIJTB
2528966439,1960622,2,tobillo,swing,-0.2644,0.8894,-0.7528,11.1084,-197.8760,-20.2026,t002,FIJTB
2528966439,1960638,2,tobillo,swing,-0.2792,0.8759,-0.7766,18.2495,-282.0435,-21.9116,t002,FIJTB
2528966488,1960654,2,tobillo,swing,-0.4390,0.8429,-0.6151,23.0103,-316.9556,-12.0239,t002,FIJTB
2528966489,1960670,2,tobillo,swing,-0.2280,0.8383,-0.6085,25.2075,-358.3374,-10.5591,t002,FIJTB
2528966489,1960686,2,tobillo,swing,-0.2828,0.8849,-0.5157,19.4092,-375.3051,0.8545,t002,FIJTB
2528966534,1960702,2,tobillo,swing,-0.1899,1.0342,-0.0795,17.2119,-362.5488,-0.2441,t002,FIJTB
2528966536,1960718,2,tobillo,swing,-0.4098,0.8486,0.0618,9.0332,-297.2412,0.4883,t002,FIJTB
2528966537,1960734,2,tobillo,swing,-0.5648,0.8118,0.0109,-53.3447,-111.0840,15.8691,t002,FIJTB
2528966586,1960750,2,tobillo,swing,-0.6301,0.9037,0.1964,-92.7734,-0.4272,37.3535,t002,FIJTB
2528966586,1960766,2,tobillo,swing,-0.4651,0.8906,0.3359,-122.4976,154.4800,59.0210,t002,FIJTB
2528966587,1960782,2,tobillo,swing,-0.2142,0.9999,0.4501,-108.8257,214.1723,76.8433,t002,FIJTB
2528966633,1960798,2,tobillo,swing,0.0604,1.1193,0.5763,-89.5996,222.9004,89.2334,t002,FIJTB
2528966635,1960814,2,tobillo,swing,0.2534,1.1052,0.6062,-37.9639,166.5039,76.8433,t002,FIJTB
2528966636,1960830,2,tobillo,swing,0.4208,1.0117,0.4744,-15.3809,108.2764,67.2607,t002,FIJTB
2528966691,1960846,2,tobillo,swing,0.2024,0.9866,0.3262,7.8735,-5.1880,58.6548,t002,FIJTB
2528966692,1960861,2,tobillo,swing,0.0964,1.0114,0.3414,13.4277,-50.8423,50.0488,t002,FIJTB
2528966692,1960877,2,tobillo,swing,-0.0055,1.1729,0.5652,15.6250,-43.2129,52.0630,t002,FIJTB
2528966692,1960893,2,tobillo,swing,0.2708,1.1285,0.7495,28.6865,27.7100,25.2686,t002,FIJTB
2528966739,1960909,2,tobillo,swing,0.4220,1.0518,0.9182,32.0435,58.6548,13.9160,t002,FIJTB
2528966740,1960925,2,tobillo,swing,0.2139,1.0435,0.6858,23.7427,95.4590,5.7983,t002,FIJTB
2528966741,1960940,2,tobillo,swing,0.0813,1.1039,0.2502,5.6763,36.9873,-1.3428,t002,FIJTB
2528966791,1960956,2,tobillo,swing,-0.1066,1.0442,-0.1091,12.0239,-5.7983,-6.8970,t002,FIJTB
2528966791,1960972,2,tobillo,swing,-0.2520,0.9515,-0.1211,7.9956,-16.4795,-4.2114,t002,FIJTB
2528966792,1960988,2,tobillo,swing,-0.2993,0.9955,-0.0837,1.5259,-15.3198,1.9531,t002,FIJTB
2528966840,1961004,2,tobillo,swing,-0.2133,0.9299,-0.1918,7.0801,-30.9448,-3.7842,t002,FIJTB
2528966841,1961020,2,tobillo,swing,-0.2001,0.9497,-0.1649,16.9067,-27.0996,-2.1362,t002,FIJTB
2528966841,1961036,2,tobillo,swing,-0.1228,0.9436,-0.0229,21.3623,-21.4844,-1.5259,t002,FIJTB
2528966874,1961052,2,tobillo,swing,-0.1090,0.9357,0.0153,22.2168,-4.6387,3.5400,t002,FIJTB
2528966893,1961068,2,tobillo,swing,-0.1113,0.9520,0.0679,19.4702,11.9019,13.3057,t002,FIJTB
2528966894,1961084,2,tobillo,swing,-0.1329,0.9585,0.1039,17.1509,15.5029,15.5029,t002,FIJTB
2528966894,1961100,2,tobillo,swing,-0.1394,0.9619,0.1060,11.3525,17.7002,16.9067,t002,FIJTB
2528966942,1961115,2,tobillo,swing,-0.1805,0.9536,0.0675,8.2397,18.9819,16.1743,t002,FIJTB
2528966942,1961131,2,tobillo,swing,-0.1995,0.9523,0.0607,4.2114,18.7988,13.9160,t002,FIJTB
2528966942,1961147,2,tobillo,swing,-0.1675,0.9633,0.0370,4.0894,18.1274,12.6343,t002,FIJTB
2528966993,1961163,2,tobillo,swing,-0.1855,0.9658,0.0441,3.7231,14.2822,14.6484,t002,FIJTB
2528966994,1961178,2,tobillo,swing,-0.1943,0.9799,0.0483,0.4272,10.1318,15.2588,t002,FIJTB
2528966994,1961194,2,tobillo,swing,-0.2036,0.9684,0.0143,0.3662,10.9863,14.2212,t002,FIJTB
2528967042,1961210,2,tobillo,swing,-0.2318,0.9709,0.0085,1.4038,13.3057,12.6953,t002,FIJTB
2528967042,1961226,2,tobillo,swing,-0.1987,0.9794,0.0427,2.3193,13.9160,10.0708,t002,FIJTB
2528967044,1961241,2,tobillo,swing,-0.1980,0.9697,0.0425,5.0049,14.0991,6.0425,t002,FIJTB
2528967100,1961257,2,tobillo,swing,-0.2169,0.9692,0.0481,8.1177,13.3057,1.8921,t002,FIJTB
2528967100,1961273,2,tobillo,swing,-0.2076,0.9692,0.0690,8.9111,12.2070,-2.1362,t002,FIJTB
2528967101,1961289,2,tobillo,swing,-0.1969,0.9658,0.0699,9.0332,11.1084,-7.9956,t002,FIJTB
2528967101,1961304,2,tobillo,swing,-0.1998,0.9636,0.0640,8.4229,11.3525,-9.4604,t002,FIJTB
2528967151,1961320,2,tobillo,swing,-0.1904,0.9669,0.0676,7.9956,13.1226,-13.9770,t002,FIJTB
2528967152,1961336,2,tobillo,swing,-0.1815,0.9628,0.0713,8.2397,13.7329,-17.4561,t002,FIJTB
2528967152,1961352,2,tobillo,swing,-0.1554,0.9584,0.0698,7.6294,12.7563,-16.9678,t002,FIJTB
2528967204,1961368,2,tobillo,swing,-0.1477,0.9574,0.0629,7.0801,8.7891,-11.4746,t002,FIJTB
2528967204,1961384,2,tobillo,swing,-0.1428,0.9604,0.0569,8.8501,3.6621,-4.8828,t002,FIJTB
2528967204,1961400,2,tobillo,swing,-0.1687,0.9647,0.0654,9.8877,1.7700,-2.9297,t002,FIJTB
2528967252,1961416,2,tobillo,swing,-0.1666,0.9664,0.0713,11.9019,0.0000,-2.9907,t002,FIJTB
2528967255,1961432,2,tobillo,swing,-0.1390,0.9677,0.0797,12.8174,-1.0376,-2.8687,t002,FIJTB
2528967255,1961448,2,tobillo,swing,-0.1643,0.9644,0.0797,12.9395,-2.6245,0.2441,t002,FIJTB
2528967288,1961464,2,tobillo,swing,-0.1682,0.9689,0.0836,13.3057,-0.2441,-0.3662,t002,FIJTB
2528967306,1961480,2,tobillo,swing,-0.1654,0.9629,0.0852,13.2446,1.3428,-1.1597,t002,FIJTB
2528967307,1961496,2,tobillo,swing,-0.1650,0.9622,0.0861,13.6108,2.7466,-0.7324,t002,FIJTB
2528967307,1961512,2,tobillo,swing,-0.1550,0.9717,0.0867,14.0381,2.9297,0.1221,t002,FIJTB
2528967356,1961527,2,tobillo,swing,-0.1422,0.9696,0.0957,15.1367,2.3804,2.2583,t002,FIJTB
2528967356,1961543,2,tobillo,swing,-0.1366,0.9718,0.0989,13.1226,-0.7935,5.9814,t002,FIJTB
2528967357,1961559,2,tobillo,swing,-0.1500,0.9482,0.1155,11.4136,-2.1973,7.2632,t002,FIJTB
2528967407,1961575,2,tobillo,swing,-0.1666,0.9357,0.1228,12.4512,-7.2632,11.6577,t002,FIJTB
2528967408,1961591,2,tobillo,swing,-0.1425,0.9760,0.1130,14.2822,-11.1694,12.0850,t002,FIJTB
2528967408,1961607,2,tobillo,swing,-0.1301,0.9879,0.1039,12.5732,-12.8784,12.3291,t002,FIJTB
2528967456,1961623,2,tobillo,swing,-0.1543,0.9755,0.1093,6.2256,-15.6860,16.6016,t002,FIJTB
2528967457,1961639,2,tobillo,swing,-0.2249,0.9551,0.1154,6.2256,-15.9912,19.7754,t002,FIJTB
2528967458,1961655,2,tobillo,swing,-0.1276,1.0168,0.0573,0.8545,-11.4746,22.4609,t002,FIJTB
2528967510,1961671,2,tobillo,swing,-0.1570,0.9224,0.0977,-6.1035,-7.0801,27.5269,t002,FIJTB
2528967511,1961687,2,tobillo,swing,-0.1022,1.0012,0.1036,-3.1738,-11.9629,30.3955,t002,FIJTB
2528967511,1961703,2,tobillo,swing,-0.0286,1.0374,0.1108,-6.5918,-35.2173,25.0244,t002,FIJTB
2528967558,1961719,2,tobillo,swing,-0.2621,0.8859,0.1726,-12.6343,-44.9829,26.9165,t002,FIJTB
2528967560,1961736,2,tobillo,swing,-0.3771,0.9950,0.0950,-8.7280,-37.4756,28.1372,t002,FIJTB
2528967561,1961751,2,tobillo,swing,-0.3038,1.0138,0.0748,1.9531,-19.1040,18.1885,t002,FIJTB
2528967561,1961767,2,tobillo,swing,-0.2552,0.9492,0.0845,6.4087,-16.7847,14.8315,t002,FIJTB
2528967612,1961783,2,tobillo,swing,-0.2538,0.9541,0.0793,9.3994,-15.2588,11.2305,t002,FIJTB
2528967612,1961799,2,tobillo,swing,-0.2548,0.9642,0.0790,8.8501,-12.8784,9.4604,t002,FIJTB
2528967612,1961815,2,tobillo,swing,-0.2220,0.9747,0.0670,7.7515,-12.7563,8.7891,t002,FIJTB
2528967659,1961831,2,tobillo,swing,-0.1597,1.0178,0.0380,2.6855,-13.4888,6.7749,t002,FIJTB
2528967661,1961846,2,tobillo,swing,0.1478,1.0420,-0.1863,-3.3569,-14.8926,2.5635,t002,FIJTB
2528967661,1961862,2,tobillo,swing,0.4164,1.1150,-0.2446,-17.0898,-15.9302,-27.4658,t002,FIJTB
2528967712,1961878,2,tobillo,swing,0.3220,1.1329,-0.2063,-20.7520,-13.1836,-36.5601,t002,FIJTB
2528967712,1961895,2,tobillo,swing,0.1155,1.0413,-0.0680,-21.7285,-5.2490,-36.9263,t002,FIJTB
2528967712,1961911,2,tobillo,swing,0.1110,1.0059,-0.0277,-26.3062,7.5073,-48.9502,t002,FIJTB
2528967762,1961927,2,tobillo,swing,0.1077,1.0007,-0.0410,-29.1748,7.5684,-58.3496,t002,FIJTB
2528967762,1961942,2,tobillo,swing,0.0387,1.0021,-0.0538,-28.9307,8.4839,-57.2510,t002,FIJTB
2528967763,1961958,2,tobillo,swing,0.0046,1.0103,-0.0233,-25.6958,14.4653,-51.1475,t002,FIJTB
2528967802,1961975,2,tobillo,swing,-0.0675,1.0071,0.0690,-24.1699,16.6626,-50.0488,t002,FIJTB
2528967814,1961990,2,tobillo,swing,-0.1278,0.9490,0.0662,-20.9351,17.1509,-55.9692,t002,FIJTB
2528967815,1962006,2,tobillo,swing,-0.1205,0.9458,0.0341,-18.2495,19.8975,-55.2368,t002,FIJTB
2528967824,1962022,2,tobillo,swing,-0.1447,0.9940,0.0372,-17.0288,21.4233,-50.5981,t002,FIJTB
2528967861,1962038,2,tobillo,swing,-0.2184,0.9515,0.0674,-11.5356,21.3013,-48.5840,t002,FIJTB
2528967864,1962054,2,tobillo,swing,-0.3271,0.8170,0.0996,-9.5215,19.9585,-49.9268,t002,FIJTB
2528967864,1962070,2,tobillo,swing,-0.3494,0.8088,0.1040,-8.1787,17.0898,-40.3442,t002,FIJTB
2528967915,1962086,2,tobillo,swing,-0.3795,0.8145,0.1204,-9.5825,14.4653,-18.3716,t002,FIJTB
2528967915,1962102,2,tobillo,swing,-0.4476,0.7539,0.1638,-10.1929,14.1602,-9.5215,t002,FIJTB
2528967916,1962118,2,tobillo,swing,-0.4427,0.7390,0.1666,-12.2070,11.6577,2.2583,t002,FIJTB
2528967962,1962134,2,tobillo,swing,-0.4657,0.7328,0.1736,-12.6953,4.1504,13.3057,t002,FIJTB
2528967964,1962149,2,tobillo,swing,-0.5492,0.8190,0.1877,-12.4512,-0.9766,15.3198,t002,FIJTB
2528967965,1962165,2,tobillo,swing,-0.5596,1.0410,0.3107,7.5684,-3.6011,35.0952,t002,FIJTB
2528968015,1962181,2,tobillo,swing,-0.5382,1.1367,0.4673,33.6304,-7.5684,40.3442,t002,FIJTB
2528968016,1962197,2,tobillo,swing,0.0150,1.2874,0.0267,61.8896,-8.4839,28.0151,t002,FIJTB
2528968016,1962213,2,tobillo,swing,0.1368,1.1576,0.1473,59.4482,30.2124,34.6069,t002,FIJTB
2528968063,1962228,2,tobillo,swing,-0.2229,1.0380,0.3685,42.2363,24.2920,40.8936,t002,FIJTB
2528968065,1962244,2,tobillo,swing,-0.3829,0.9983,0.1874,-1.6479,0.5493,18.4326,t002,FIJTB
2528968065,1962260,2,tobillo,swing,-0.2385,0.9756,0.0638,-12.3291,0.4272,5.3711,t002,FIJTB
2528968110,1962276,2,tobillo,swing,-0.0609,0.9545,0.0134,-9.0942,1.7090,4.2114,t002,FIJTB
2528968118,1962292,2,tobillo,swing,-0.0868,0.9574,-0.0226,-0.9155,-4.6387,10.5591,t002,FIJTB
2528968118,1962308,2,tobillo,swing,-0.1417,0.9622,0.0070,3.6621,-8.7891,8.3008,t002,FIJTB
2528968118,1962324,2,tobillo,swing,-0.1610,0.9611,0.0476,7.0190,-12.7563,7.5073,t002,FIJTB
2528968165,1962339,2,tobillo,swing,-0.1506,0.9575,0.0846,5.7373,-11.6577,7.9346,t002,FIJTB
2528968167,1962355,2,tobillo,swing,-0.1494,0.9609,0.0845,3.7842,-5.7983,8.7891,t002,FIJTB
2528968168,1962371,2,tobillo,swing,-0.1189,0.9668,0.0887,2.5024,1.8921,9.8267,t002,FIJTB
2528968217,1962387,2,tobillo,swing,-0.1421,0.9708,0.0782,1.4648,3.9673,10.3149,t002,FIJTB
2528968218,1962403,2,tobillo,swing,-0.1815,0.9728,0.0634,0.9766,6.8970,12.0850,t002,FIJTB
2528968218,1962418,2,tobillo,swing,-0.1913,0.9709,0.0570,1.8921,8.8501,11.1694,t002,FIJTB
2528968266,1962434,2,tobillo,swing,-0.1633,0.9633,0.0698,4.0283,10.7422,7.0801,t002,FIJTB
2528968267,1962450,2,tobillo,swing,-0.1533,0.9626,0.0791,4.2114,8.7280,4.6387,t002,FIJTB
2528968267,1962466,2,tobillo,swing,-0.1417,0.9673,0.0989,3.4790,6.6528,4.8828,t002,FIJTB
2528968317,1962481,2,tobillo,swing,-0.1399,0.9672,0.1025,1.1597,1.5259,6.9580,t002,FIJTB
2528968318,1962497,2,tobillo,swing,-0.1407,0.9652,0.0887,-0.0610,-0.3052,7.9956,t002,FIJTB
2528968318,1962513,2,tobillo,swing,-0.1611,0.9619,0.0688,-2.2583,-1.6479,7.9956,t002,FIJTB
2528968365,1962529,2,tobillo,swing,-0.1700,0.9636,0.0581,-0.7324,-2.5635,7.7515,t002,FIJTB
2528968367,1962545,2,tobillo,swing,-0.1581,0.9634,0.0554,1.1597,-3.2349,8.4229,t002,FIJTB
2528968368,1962561,2,tobillo,swing,-0.1617,0.9637,0.0624,4.3945,-4.4556,9.0332,t002,FIJTB
2528968384,1962577,2,tobillo,swing,-0.1611,0.9719,0.0635,5.4932,-5.1880,8.9111,t002,FIJTB
2528968418,1962592,2,tobillo,swing,-0.1805,0.9624,0.0762,6.6528,-6.1035,12.3901,t002,FIJTB
2528968419,1962608,2,tobillo,swing,-0.1940,0.9580,0.0891,7.3242,-1.0986,10.9863,t002,FIJTB
2528968419,1962624,2,tobillo,swing,-0.2059,0.9484,0.1040,6.3477,1.7090,7.9956,t002,FIJTB
2528968466,1962640,2,tobillo,swing,-0.1997,0.9532,0.0985,3.1128,3.2959,4.5166,t002,FIJTB
2528968468,1962656,2,tobillo,swing,-0.1624,0.9652,0.0771,2.2583,3.4790,4.0894,t002,FIJTB
2528968468,1962671,2,tobillo,swing,-0.1477,0.9644,0.0746,2.5024,4.0894,5.8594,t002,FIJTB
2528968518,1962687,2,tobillo,swing,-0.1796,0.9523,0.0883,2.3804,2.8687,7.5684,t002,FIJTB
2528968519,1962703,2,tobillo,swing,-0.2275,0.9459,0.1010,2.0142,1.4648,6.8970,t002,FIJTB
2528968519,1962719,2,tobillo,swing,-0.2146,0.9506,0.0950,1.3428,-0.2441,3.9062,t002,FIJTB
2528968565,1962735,2,tobillo,swing,-0.1956,0.9525,0.0901,1.0986,-0.7935,3.5400,t002,FIJTB
2528968568,1962751,2,tobillo,swing,-0.2081,0.9532,0.0940,0.9766,-1.2817,2.8076,t002,FIJTB
2528968568,1962767,2,tobillo,swing,-0.2103,0.9563,0.0906,-0.1221,-0.6714,0.6104,t002,FIJTB
2528968619,1962783,2,tobillo,swing,-0.1676,0.9683,0.0769,-0.3052,-0.1831,0.4883,t002,FIJTB
2528968620,1962799,2,tobillo,swing,-0.2009,0.9513,0.0940,1.2817,0.4883,2.3804,t002,FIJTB
2528968620,1962815,2,tobillo,swing,-0.2174,0.9484,0.0984,0.7324,0.5493,1.3428,t002,FIJTB
2528968667,1962830,2,tobillo,swing,-0.2062,0.9489,0.0986,-0.2441,0.7324,0.1221,t002,FIJTB
2528968669,1962846,2,tobillo,swing,-0.2015,0.9495,0.0936,-1.5869,0.1831,-0.5493,t002,FIJTB
2528968670,1962862,2,tobillo,swing,-0.1953,0.9517,0.0834,-1.8311,0.2441,-0.6714,t002,FIJTB
2528968672,1962878,2,tobillo,swing,-0.1995,0.9562,0.0872,-1.5259,0.4883,-0.3052,t002,FIJTB
2528968722,1962894,2,tobillo,swing,-0.1930,0.9601,0.0885,-0.9155,-0.1831,-0.7324,t002,FIJTB
2528968723,1962910,2,tobillo,swing,-0.1758,0.9639,0.0802,-0.3662,-0.8545,-0.4883,t002,FIJTB
2528968723,1962926,2,tobillo,swing,-0.1824,0.9603,0.0807,0.7935,-1.5869,1.2207,t002,FIJTB
2528968772,1962942,2,tobillo,swing,-0.2057,0.9509,0.0887,0.4883,-1.0376,1.1597,t002,FIJTB
2528968773,1962958,2,tobillo,swing,-0.1985,0.9485,0.0951,0.0000,-0.9155,0.5493,t002,FIJTB
2528968773,1962974,2,tobillo,swing,-0.1964,0.9506,0.0951,-0.8545,-1.4038,0.1221,t002,FIJTB
2528968825,1962990,2,tobillo,swing,-0.2006,0.9529,0.0902,-1.1597,-1.6479,-0.2441,t002,FIJTB
2528968825,1963006,2,tobillo,swing,-0.1986,0.9552,0.0870,-1.5869,-2.1362,-1.4648,t002,FIJTB
2528968825,1963022,2,tobillo,swing,-0.1968,0.9551,0.0836,-1.8311,-2.8076,-2.3193,t002,FIJTB
2528968872,1963038,2,tobillo,swing,-0.1965,0.9554,0.0819,-1.7090,-3.1738,-2.4414,t002,FIJTB
2528968875,1963054,2,tobillo,swing,-0.1945,0.9563,0.0828,-1.6479,-3.6621,-2.6855,t002,FIJTB
2528968875,1963070,2,tobillo,swing,-0.1910,0.9590,0.0850,-1.5259,-3.8452,-2.8076,t002,FIJTB
2528968927,1963086,2,tobillo,swing,-0.1794,0.9607,0.0803,-0.9766,-4.3945,-3.1128,t002,FIJTB
2528968927,1963102,2,tobillo,swing,-0.1558,0.9604,0.0748,0.4883,-4.7607,-4.5776,t002,FIJTB
2528968928,1963118,2,tobillo,swing,-0.1630,0.9578,0.0764,1.0986,-5.0049,-5.1270,t002,FIJTB
2528968928,1963134,2,tobillo,swing,-0.2030,0.9569,0.0846,1.3428,-4.5776,-3.0518,t002,FIJTB
2528968975,1963150,2,tobillo,swing,-0.2024,0.9580,0.0764,0.9155,-2.4414,-0.8545,t002,FIJTB
2528968977,1963166,2,tobillo,swing,-0.1873,0.9545,0.0756,0.7324,-1.1597,1.8311,t002,FIJTB
2528968977,1963182,2,tobillo,swing,-0.1890,0.9532,0.0853,0.4272,0.7935,4.4556,t002,FIJTB
2528969028,1963198,2,tobillo,swing,-0.1852,0.9565,0.0872,0.0610,0.9766,3.1128,t002,FIJTB
2528969028,1963214,2,tobillo,swing,-0.1976,0.9556,0.0848,-0.4883,0.3052,1.3428,t002,FIJTB
2528969029,1963229,2,tobillo,swing,-0.1971,0.9570,0.0825,-0.9155,-0.2441,0.5493,t002,FIJTB
2528969075,1963245,2,tobillo,swing,-0.1929,0.9558,0.0819,-0.9155,-0.3052,0.0000,t002,FIJTB
2528969076,1963261,2,tobillo,swing,-0.1931,0.9559,0.0825,-0.7935,0.0000,-0.8545,t002,FIJTB
2528969077,1963277,2,tobillo,swing,-0.2001,0.9564,0.0848,-0.8545,0.2441,-0.7324,t002,FIJTB
2528969129,1963294,2,tobillo,swing,-0.1831,0.9565,0.0813,-1.5259,0.6714,-0.8545,t002,FIJTB
2528969130,1963310,2,tobillo,swing,-0.1799,0.9554,0.0785,-1.5259,0.4272,0.1831,t002,FIJTB
2528969130,1963325,2,tobillo,swing,-0.1870,0.9581,0.0751,-1.3428,0.4272,1.0986,t002,FIJTB
2528969177,1963341,2,tobillo,swing,-0.1952,0.9578,0.0765,-0.7935,1.0376,1.6479,t002,FIJTB
2528969179,1963357,2,tobillo,swing,-0.1937,0.9568,0.0781,-0.4883,1.5869,0.7935,t002,FIJTB
2528969180,1963373,2,tobillo,swing,-0.1919,0.9568,0.0817,-0.3662,1.4648,0.6104,t002,FIJTB
2528969223,1963389,2,tobillo,swing,-0.1909,0.9565,0.0817,-0.2441,1.0986,0.1221,t002,FIJTB
2528969231,1963404,2,tobillo,swing,-0.1935,0.9573,0.0804,-0.2441,0.8545,0.0000,t002,FIJTB
2528969232,1963420,2,tobillo,swing,-0.1948,0.9578,0.0784,-0.4272,0.9155,0.0000,t002,FIJTB
2528969232,1963436,2,tobillo,swing,-0.1921,0.9575,0.0789,-0.4272,1.2817,-0.1221,t002,FIJTB
2528969280,1963452,2,tobillo,swing,-0.1907,0.9576,0.0775,-0.3052,1.2207,0.0000,t002,FIJTB
2528969281,1963468,2,tobillo,swing,-0.1914,0.9584,0.0780,-0.1221,0.7935,0.1221,t002,FIJTB
2528969282,1963484,2,tobillo,swing,-0.1892,0.9562,0.0787,-0.0610,0.5493,0.0000,t002,FIJTB
2528969332,1963500,2,tobillo,swing,-0.1946,0.9556,0.0811,-0.3052,0.4883,0.1221,t002,FIJTB
2528969332,1963515,2,tobillo,swing,-0.1931,0.9552,0.0822,-0.7324,1.0986,-0.6104,t002,FIJTB
2528969332,1963531,2,tobillo,swing,-0.1929,0.9585,0.0813,-0.9155,1.2207,-1.0986,t002,FIJTB
2528969380,1963547,2,tobillo,swing,-0.1937,0.9586,0.0790,-1.1597,1.3428,-1.3428,t002,FIJTB
2528969381,1963563,2,tobillo,swing,-0.1914,0.9557,0.0791,-1.0986,1.4648,-1.5259,t002,FIJTB
2528969382,1963579,2,tobillo,swing,-0.1907,0.9557,0.0785,-1.0986,1.5869,-2.0142,t002,FIJTB
2528969435,1963595,2,tobillo,swing,-0.1935,0.9573,0.0770,-1.3428,1.4648,-2.5635,t002,FIJTB
2528969435,1963611,2,tobillo,swing,-0.1879,0.9583,0.0743,-1.3428,1.5869,-2.8076,t002,FIJTB
2528969435,1963627,2,tobillo,swing,-0.1791,0.9601,0.0730,-0.6104,1.5869,-2.8687,t002,FIJTB
2528969484,1963643,2,tobillo,swing,-0.1783,0.9606,0.0741,0.0610,0.7324,-1.4038,t002,FIJTB
2528969485,1963659,2,tobillo,swing,-0.1792,0.9587,0.0734,0.1831,0.2441,-0.3052,t002,FIJTB
2528969485,1963675,2,tobillo,swing,-0.1810,0.9586,0.0741,0.0610,-0.4272,1.6479,t002,FIJTB
2528969486,1963691,2,tobillo,swing,-0.1862,0.9572,0.0739,0.0000,-0.1831,1.8921,t002,FIJTB
2528969536,1963707,2,tobillo,swing,-0.1907,0.9573,0.0797,0.4272,0.7324,1.6479,t002,FIJTB
2528969537,1963722,2,tobillo,swing,-0.1918,0.9590,0.0806,0.3662,0.7324,1.2817,t002,FIJTB
2528969537,1963738,2,tobillo,swing,-0.1886,0.9583,0.0795,0.3052,0.3052,1.0986,t002,FIJTB
2528969583,1963754,2,tobillo,swing,-0.1887,0.9575,0.0768,0.1831,-0.3662,1.2207,t002,FIJTB
2528969586,1963770,2,tobillo,swing,-0.1899,0.9574,0.0753,0.2441,-0.3662,1.2207,t002,FIJTB
2528969586,1963786,2,tobillo,swing,-0.1934,0.9575,0.0776,0.3052,-0.1221,1.2207,t002,FIJTB
2528969637,1963801,2,tobillo,swing,-0.1920,0.9580,0.0797,0.1831,-0.1831,0.7935,t002,FIJTB
2528969638,1963817,2,tobillo,swing,-0.1874,0.9565,0.0782,0.1221,-0.3662,0.6714,t002,FIJTB
2528969638,1963833,2,tobillo,swing,-0.1907,0.9551,0.0762,0.1221,-0.3052,0.7935,t002,FIJTB
2528969675,1963849,2,tobillo,swing,-0.1945,0.9572,0.0753,0.0610,-0.0610,0.5493,t002,FIJTB
2528969685,1963865,2,tobillo,swing,-0.1902,0.9578,0.0770,0.0000,0.0000,0.1831,t002,FIJTB
2528969688,1963880,2,tobillo,swing,-0.1888,0.9575,0.0774,-0.1831,-0.6714,0.4883,t002,FIJTB
2528969714,1963897,2,tobillo,swing,-0.1876,0.9568,0.0758,-0.1831,-1.0376,0.7324,t002,FIJTB
2528969739,1963912,2,tobillo,swing,-0.1755,0.9579,0.0760,0.0000,-1.4648,0.1831,t002,FIJTB
2528969739,1963928,2,tobillo,swing,-0.1841,0.9591,0.0770,0.1221,-1.8311,-0.8545,t002,FIJTB
2528969739,1963944,2,tobillo,swing,-0.2052,0.9568,0.0751,1.1597,-3.2959,-1.5259,t002,FIJTB
2528969787,1963960,2,tobillo,swing,-0.1981,0.9570,0.0763,1.2817,-2.4414,-0.5493,t002,FIJTB
2528969788,1963976,2,tobillo,swing,-0.1743,0.9595,0.0763,1.2207,-2.2583,-0.7935,t002,FIJTB
2528969788,1963992,2,tobillo,swing,-0.1747,0.9581,0.0754,1.4038,-3.0518,-2.8076,t002,FIJTB
2528969839,1964007,2,tobillo,swing,-0.2026,0.9575,0.0781,1.6479,-2.9297,-2.6245,t002,FIJTB
2528969840,1964024,2,tobillo,swing,-0.1859,0.9594,0.0762,1.8311,-2.6855,-2.1362,t002,FIJTB
2528969840,1964039,2,tobillo,swing,-0.1801,0.9576,0.0734,2.1973,-3.1738,-1.2817,t002,FIJTB
2528969887,1964055,2,tobillo,swing,-0.1902,0.9561,0.0739,2.0752,-3.1128,-0.9155,t002,FIJTB
2528969889,1964071,2,tobillo,swing,-0.1919,0.9561,0.0784,1.7700,-2.1973,-0.8545,t002,FIJTB
2528969890,1964087,2,tobillo,swing,-0.1946,0.9562,0.0793,1.2207,-1.3428,-1.7700,t002,FIJTB
2528969940,1964103,2,tobillo,swing,-0.1908,0.9569,0.0787,0.8545,-1.1597,-1.7700,t002,FIJTB
2528969941,1964119,2,tobillo,swing,-0.1885,0.9562,0.0786,0.3052,-1.0986,-0.6104,t002,FIJTB
2528969941,1964135,2,tobillo,swing,-0.1893,0.9563,0.0791,0.1221,-1.0986,-0.3662,t002,FIJTB
2528969950,1964151,2,tobillo,swing,-0.1869,0.9570,0.0781,-0.2441,-0.8545,-0.5493,t002,FIJTB
2528969989,1964167,2,tobillo,swing,-0.1913,0.9572,0.0771,-0.4883,-0.6714,-0.9766,t002,FIJTB
2528969990,1964183,2,tobillo,swing,-0.1917,0.9564,0.0779,-0.7324,-0.2441,-0.8545,t002,FIJTB
2528970040,1964199,2,tobillo,swing,-0.1882,0.9565,0.0782,-1.1597,0.9155,-0.8545,t002,FIJTB
2528970040,1964215,2,tobillo,swing,-0.1877,0.9573,0.0778,-1.7090,1.3428,-1.6479,t002,FIJTB
2528970041,1964231,2,tobillo,swing,-0.1863,0.9580,0.0781,-1.8311,1.4038,-2.0752,t002,FIJTB
2528970041,1964247,2,tobillo,swing,-0.1858,0.9603,0.0778,-1.4648,1.0986,-2.3804,t002,FIJTB
2528970088,1964263,2,tobillo,swing,-0.1808,0.9600,0.0732,-1.0986,0.7935,-2.2583,t002,FIJTB
2528970089,1964279,2,tobillo,swing,-0.1812,0.9589,0.0748,-0.5493,-0.3052,-1.4648,t002,FIJTB
2528970090,1964295,2,tobillo,swing,-0.1838,0.9590,0.0756,-0.3052,-0.4883,-0.9155,t002,FIJTB
2528970140,1964311,2,tobillo,swing,-0.1783,0.9586,0.0764,-0.1221,-0.0610,-0.9155,t002,FIJTB
2528970140,1964327,2,tobillo,swing,-0.1774,0.9594,0.0769,0.3662,0.2441,-0.1221,t002,FIJTB
2528970141,1964343,2,tobillo,swing,-0.1804,0.9594,0.0774,0.4272,0.3052,0.7935,t002,FIJTB
2528970189,1964359,2,tobillo,swing,-0.1820,0.9586,0.0763,0.5493,0.3052,1.1597,t002,FIJTB
2528970190,1964375,2,tobillo,swing,-0.1849,0.9581,0.0760,0.6104,0.4883,1.5259,t002,FIJTB
2528970191,1964390,2,tobillo,swing,-0.1854,0.9586,0.0753,0.6104,0.7935,1.2817,t002,FIJTB
2528970244,1964406,2,tobillo,swing,-0.1853,0.9587,0.0762,0.5493,1.4038,1.0376,t002,FIJTB
2528970245,1964422,2,tobillo,swing,-0.1866,0.9589,0.0778,0.4883,1.7700,0.9155,t002,FIJTB
2528970245,1964437,2,tobillo,swing,-0.1880,0.9586,0.0784,0.2441,2.4414,0.3052,t002,FIJTB
2528970292,1964453,2,tobillo,swing,-0.1884,0.9580,0.0780,-0.1831,2.8076,-0.4272,t002,FIJTB
2528970293,1964469,2,tobillo,swing,-0.1880,0.9590,0.0789,-0.4883,2.8687,-0.7935,t002,FIJTB
2528970295,1964485,2,tobillo,swing,-0.1871,0.9594,0.0780,-0.9155,3.0518,-1.4648,t002,FIJTB
2528970295,1964501,2,tobillo,swing,-0.1854,0.9575,0.0758,-1.0376,3.2959,-1.8921,t002,FIJTB
2528970346,1964517,2,tobillo,swing,-0.1849,0.9575,0.0763,-1.1597,3.4180,-2.0752,t002,FIJTB
2528970347,1964533,2,tobillo,swing,-0.1831,0.9585,0.0754,-1.0986,3.7842,-2.7466,t002,FIJTB
2528970347,1964549,2,tobillo,swing,-0.1785,0.9591,0.0742,-0.9155,3.8452,-2.8687,t002,FIJTB
2528970396,1964565,2,tobillo,swing,-0.1804,0.9600,0.0774,-0.7935,3.2959,-2.2583,t002,FIJTB
2528970397,1964581,2,tobillo,swing,-0.1779,0.9596,0.0782,-0.9766,3.0518,-2.0752,t002,FIJTB
2528970397,1964596,2,tobillo,swing,-0.1812,0.9584,0.0801,-1.2207,3.1738,-1.8311,t002,FIJTB
2528970449,1964612,2,tobillo,swing,-0.1849,0.9597,0.0767,-1.7090,3.6011,-1.9531,t002,FIJTB
2528970449,1964628,2,tobillo,swing,-0.1815,0.9597,0.0685,-1.4648,3.5400,-2.5024,t002,FIJTB
2528970450,1964644,2,tobillo,swing,-0.1722,0.9579,0.0740,-0.9155,2.5024,-2.8076,t002,FIJTB
2528970496,1964660,2,tobillo,swing,-0.1702,0.9579,0.0760,-0.9155,1.1597,-2.0142,t002,FIJTB
2528970498,1964676,2,tobillo,swing,-0.1719,0.9591,0.0787,-1.0376,0.7324,-1.5869,t002,FIJTB
2528970499,1964692,2,tobillo,swing,-0.1730,0.9598,0.0784,-1.5259,0.7324,-1.1597,t002,FIJTB
2528970508,1964708,2,tobillo,swing,-0.1765,0.9607,0.0743,-1.9531,1.4038,-1.1597,t002,FIJTB
2528970551,1964724,2,tobillo,swing,-0.1766,0.9612,0.0730,-2.0142,1.7700,-1.5259,t002,FIJTB
2528970552,1964740,2,tobillo,swing,-0.1754,0.9614,0.0741,-1.8311,2.3804,-2.1973,t002,FIJTB
2528970552,1964756,2,tobillo,swing,-0.1788,0.9622,0.0739,-1.9531,2.6245,-2.1973,t002,FIJTB
2528970600,1964772,2,tobillo,swing,-0.1733,0.9611,0.0704,-2.2583,2.8076,-2.5635,t002,FIJTB
2528970601,1964788,2,tobillo,swing,-0.1704,0.9602,0.0704,-2.0752,2.5635,-2.3193,t002,FIJTB
2528970602,1964804,2,tobillo,swing,-0.1676,0.9612,0.0715,-2.0142,2.1973,-1.8311,t002,FIJTB
2528970654,1964820,2,tobillo,swing,-0.1653,0.9611,0.0715,-2.0142,1.6479,-1.0986,t002,FIJTB
2528970655,1964836,2,tobillo,swing,-0.1674,0.9609,0.0680,-1.9531,1.3428,-0.7935,t002,FIJTB
2528970655,1964852,2,tobillo,swing,-0.1656,0.9607,0.0684,-1.5869,0.8545,-0.3662,t002,FIJTB
2528970706,1964868,2,tobillo,swing,-0.1667,0.9613,0.0677,-1.1597,0.0610,0.4272,t002,FIJTB
2528970707,1964884,2,tobillo,swing,-0.1676,0.9615,0.0687,-1.0376,-0.3662,0.7324,t002,FIJTB
2528970707,1964900,2,tobillo,swing,-0.1707,0.9606,0.0691,-0.9155,-1.0986,1.2207,t002,FIJTB
2528970734,1964915,2,tobillo,swing,-0.1713,0.9604,0.0687,-0.9766,-1.5259,1.3428,t002,FIJTB
2528970760,1964932,2,tobillo,swing,-0.1741,0.9600,0.0674,-0.9155,-1.4038,1.1597,t002,FIJTB
2528970761,1964947,2,tobillo,swing,-0.1759,0.9600,0.0681,-0.9766,-1.3428,0.6104,t002,FIJTB
2528970761,1964964,2,tobillo,swing,-0.1726,0.9598,0.0696,-1.1597,-1.4038,0.3662,t002,FIJTB
2528970810,1964979,2,tobillo,swing,-0.1683,0.9607,0.0651,-1.2817,-1.6479,0.3662,t002,FIJTB
2528970813,1964995,2,tobillo,swing,-0.1694,0.9613,0.0643,-0.8545,-1.9531,0.9155,t002,FIJTB
2528970813,1965011,2,tobillo,swing,-0.1713,0.9614,0.0637,-0.6104,-2.0752,1.0986,t002,FIJTB
2528970865,1965027,2,tobillo,swing,-0.1716,0.9617,0.0625,-0.3052,-2.3193,1.4648,t002,FIJTB
2528970866,1965044,2,tobillo,swing,-0.1760,0.9619,0.0651,-0.2441,-2.5635,1.5869,t002,FIJTB
2528970866,1965060,2,tobillo,swing,-0.1755,0.9623,0.0654,-0.3052,-2.4414,1.4038,t002,FIJTB
2528970914,1965075,2,tobillo,swing,-0.1748,0.9615,0.0647,-0.4272,-1.9531,1.1597,t002,FIJTB
2528970915,1965091,2,tobillo,swing,-0.1736,0.9598,0.0630,-0.3662,-1.8311,1.2817,t002,FIJTB
2528970917,1965107,2,tobillo,swing,-0.1771,0.9622,0.0631,-0.0610,-1.7700,1.5259,t002,FIJTB
2528970918,1965123,2,tobillo,swing,-0.1771,0.9626,0.0636,0.2441,-1.5869,1.2817,t002,FIJTB
2528970970,1965139,2,tobillo,swing,-0.1742,0.9607,0.0637,0.3052,-1.3428,1.2817,t002,FIJTB
2528970971,1965155,2,tobillo,swing,-0.1738,0.9598,0.0638,0.3662,-1.1597,1.5259,t002,FIJTB
2528970971,1965171,2,tobillo,swing,-0.1711,0.9601,0.0635,0.5493,-1.1597,1.6479,t002,FIJTB
2528971022,1965187,2,tobillo,swing,-0.1788,0.9613,0.0640,0.6104,-1.6479,2.0142,t002,FIJTB
2528971022,1965203,2,tobillo,swing,-0.1740,0.9611,0.0649,0.4883,-1.7700,1.8311,t002,FIJTB
2528971022,1965218,2,tobillo,swing,-0.1763,0.9602,0.0652,0.5493,-2.1362,1.2817,t002,FIJTB
2528971075,1965234,2,tobillo,swing,-0.1881,0.9601,0.0656,0.3662,-2.1973,1.0986,t002,FIJTB
2528971076,1965250,2,tobillo,swing,-0.1873,0.9604,0.0653,-0.3052,-1.0986,1.4648,t002,FIJTB
2528971076,1965266,2,tobillo,swing,-0.1791,0.9603,0.0659,-0.5493,-0.9766,1.5259,t002,FIJTB
2528971076,1965282,2,tobillo,swing,-0.1797,0.9603,0.0651,-0.6104,-0.9155,0.7935,t002,FIJTB
2528971127,1965298,2,tobillo,swing,-0.1877,0.9595,0.0635,-0.5493,-0.8545,0.3052,t002,FIJTB
2528971128,1965314,2,tobillo,swing,-0.1829,0.9595,0.0609,-0.5493,-0.3662,0.3662,t002,FIJTB
2528971129,1965330,2,tobillo,swing,-0.1799,0.9600,0.0604,-0.6104,-0.2441,0.4272,t002,FIJTB
2528971180,1965346,2,tobillo,swing,-0.1797,0.9597,0.0621,-0.5493,-0.3052,0.3662,t002,FIJTB
2528971181,1965362,2,tobillo,swing,-0.1814,0.9600,0.0619,-0.6714,-0.5493,0.4272,t002,FIJTB
2528971181,1965378,2,tobillo,swing,-0.1820,0.9598,0.0616,-0.7324,-0.5493,0.3662,t002,FIJTB
2528971230,1965394,2,tobillo,swing,-0.1796,0.9611,0.0640,-0.7324,-0.4272,0.3052,t002,FIJTB
2528971232,1965410,2,tobillo,swing,-0.1785,0.9613,0.0645,-0.6104,-0.5493,0.7324,t002,FIJTB
2528971233,1965426,2,tobillo,swing,-0.1798,0.9601,0.0613,-0.5493,-0.6104,0.9766,t002,FIJTB
2528971286,1965442,2,tobillo,swing,-0.1809,0.9592,0.0592,-0.4272,-0.5493,1.2207,t002,FIJTB
2528971287,1965458,2,tobillo,swing,-0.1819,0.9586,0.0604,-0.1831,-0.4272,1.3428,t002,FIJTB
2528971288,1965474,2,tobillo,swing,-0.1814,0.9576,0.0619,-0.1831,-0.3052,1.2207,t002,FIJTB
2528971288,1965490,2,tobillo,swing,-0.1803,0.9576,0.0624,-0.5493,0.0000,0.7935,t002,FIJTB
2528971339,1965506,2,tobillo,swing,-0.1835,0.9596,0.0636,-0.6714,0.1221,0.2441,t002,FIJTB
2528971339,1965522,2,tobillo,swing,-0.1941,0.9619,0.0634,-1.0986,0.3662,-0.2441,t002,FIJTB
2528971340,1965538,2,tobillo,swing,-0.1877,0.9614,0.0631,-1.4648,0.6714,-1.3428,t002,FIJTB
2528971395,1965554,2,tobillo,swing,-0.1841,0.9618,0.0596,-1.5869,0.4272,-1.6479,t002,FIJTB
2528971395,1965570,2,tobillo,swing,-0.1815,0.9606,0.0573,-1.5869,-0.1221,-2.0142,t002,FIJTB
2528971396,1965586,2,tobillo,swing,-0.1785,0.9591,0.0546,-1.0986,-0.6714,-1.2817,t002,FIJTB
2528971396,1965602,2,tobillo,swing,-0.1783,0.9602,0.0564,-0.8545,-0.9155,-0.9155,t002,FIJTB
2528971447,1965618,2,tobillo,swing,-0.1759,0.9603,0.0557,-0.2441,-1.2817,0.1221,t002,FIJTB
2528971449,1965634,2,tobillo,swing,-0.1738,0.9587,0.0547,0.1221,-1.4648,0.9155,t002,FIJTB
2528971450,1965650,2,tobillo,swing,-0.1779,0.9595,0.0555,0.7324,-1.8921,2.6855,t002,FIJTB
2528971503,1965666,2,tobillo,swing,-0.1810,0.9595,0.0553,1.2817,-1.8921,3.4790,t002,FIJTB
2528971504,1965682,2,tobillo,swing,-0.1843,0.9579,0.0563,1.4648,-1.5869,3.5400,t002,FIJTB
2528971504,1965698,2,tobillo,swing,-0.1863,0.9586,0.0581,1.7700,-0.7324,3.2349,t002,FIJTB
2528971554,1965714,2,tobillo,swing,-0.1699,0.9620,0.0609,1.6479,-0.3052,2.6245,t002,FIJTB
2528971556,1965730,2,tobillo,swing,-0.2025,0.9570,0.0631,1.2207,-0.8545,0.6104,t002,FIJTB
2528971557,1965745,2,tobillo,swing,-0.2125,0.9589,0.0637,0.1831,0.3052,0.8545,t002,FIJTB
2528971557,1965761,2,tobillo,swing,-0.1886,0.9614,0.0649,-0.2441,1.1597,0.3052,t002,FIJTB
2528971610,1965777,2,tobillo,swing,-0.1888,0.9612,0.0647,-1.0376,1.2207,-0.9766,t002,FIJTB
2528971611,1965793,2,tobillo,swing,-0.1902,0.9595,0.0634,-1.9531,1.2207,-2.5024,t002,FIJTB
2528971612,1965809,2,tobillo,swing,-0.1880,0.9597,0.0569,-2.3193,1.2207,-2.9907,t002,FIJTB
2528971661,1965825,2,tobillo,swing,-0.1859,0.9606,0.0557,-1.8311,1.0376,-3.4180,t002,FIJTB
2528971664,1965841,2,tobillo,swing,-0.1774,0.9613,0.0519,-1.2207,0.9766,-3.2959,t002,FIJTB
2528971664,1965857,2,tobillo,swing,-0.1759,0.9598,0.0507,-0.3052,0.6104,-1.9531,t002,FIJTB
2528971690,1965873,2,tobillo,swing,-0.1753,0.9601,0.0505,0.4272,0.1831,-0.2441,t002,FIJTB
2528971718,1965889,2,tobillo,swing,-0.1760,0.9603,0.0551,0.8545,0.0000,0.5493,t002,FIJTB
2528971718,1965905,2,tobillo,swing,-0.1777,0.9611,0.0590,1.5259,-0.1221,1.7700,t002,FIJTB
2528971719,1965921,2,tobillo,swing,-0.1804,0.9598,0.0629,1.4648,-0.2441,2.3193,t002,FIJTB
2528971770,1965937,2,tobillo,swing,-0.1814,0.9579,0.0593,0.7935,-0.3052,2.9907,t002,FIJTB
2528971771,1965953,2,tobillo,swing,-0.1842,0.9579,0.0562,0.6104,0.0000,3.2349,t002,FIJTB
2528971771,1965969,2,tobillo,swing,-0.1893,0.9604,0.0558,0.9155,0.1831,2.9297,t002,FIJTB
2528971825,1965984,2,tobillo,swing,-0.1923,0.9622,0.0583,1.3428,0.4272,1.6479,t002,FIJTB
2528971826,1966000,2,tobillo,swing,-0.1909,0.9613,0.0593,1.4648,0.1831,0.3052,t002,FIJTB
2528971826,1966016,2,tobillo,swing,-0.1902,0.9591,0.0558,1.5259,-0.1831,-0.1831,t002,FIJTB
2528971826,1966032,2,tobillo,swing,-0.1888,0.9586,0.0526,2.0752,-0.6104,-1.2207,t002,FIJTB
2528971875,1966048,2,tobillo,swing,-0.1848,0.9576,0.0488,2.8076,-0.5493,-1.6479,t002,FIJTB
2528971877,1966064,2,tobillo,swing,-0.1862,0.9581,0.0507,4.6387,-0.4272,-1.9531,t002,FIJTB
2528971877,1966080,2,tobillo,swing,-0.1837,0.9585,0.0566,6.0425,-0.8545,-1.7700,t002,FIJTB
2528971931,1966096,2,tobillo,swing,-0.1791,0.9558,0.0674,6.1646,-1.2817,-1.1597,t002,FIJTB
2528971932,1966112,2,tobillo,swing,-0.1787,0.9574,0.0697,5.5542,-1.4038,0.6714,t002,FIJTB
2528971946,1966127,2,tobillo,swing,-0.1802,0.9591,0.0735,5.1880,-1.0986,1.3428,t002,FIJTB
2528971982,1966143,2,tobillo,swing,-0.1863,0.9602,0.0758,4.2114,-0.2441,2.0142,t002,FIJTB
2528971984,1966159,2,tobillo,swing,-0.1870,0.9607,0.0779,2.7466,0.1221,2.1362,t002,FIJTB
2528971985,1966175,2,tobillo,swing,-0.1838,0.9587,0.0823,1.8311,0.2441,2.1362,t002,FIJTB
2528971985,1966191,2,tobillo,swing,-0.1835,0.9594,0.0809,-0.3662,0.7935,2.8687,t002,FIJTB
2528972039,1966206,2,tobillo,swing,-0.1851,0.9606,0.0696,-1.1597,0.8545,3.3569,t002,FIJTB
2528972039,1966222,2,tobillo,swing,-0.1948,0.9569,0.0626,-1.6479,0.3052,4.7607,t002,FIJTB
2528972040,1966238,2,tobillo,swing,-0.2004,0.9585,0.0643,-0.9766,1.5259,3.1738,t002,FIJTB
2528972091,1966254,2,tobillo,swing,-0.1943,0.9584,0.0686,-0.4272,2.5024,1.5869,t002,FIJTB
2528972094,1966270,2,tobillo,swing,-0.1917,0.9585,0.0695,0.0000,2.8687,0.4883,t002,FIJTB
2528972095,1966286,2,tobillo,swing,-0.1879,0.9574,0.0706,-0.1831,2.9297,0.6104,t002,FIJTB
2528972149,1966302,2,tobillo,swing,-0.1892,0.9579,0.0696,-0.3662,3.2349,1.2817,t002,FIJTB
2528972149,1966317,2,tobillo,swing,-0.1906,0.9573,0.0679,-0.0610,2.6855,1.6479,t002,FIJTB
2528972150,1966333,2,tobillo,swing,-0.1906,0.9550,0.0616,0.2441,2.0142,1.9531,t002,FIJTB
2528972150,1966349,2,tobillo,swing,-0.1913,0.9547,0.0609,1.0376,0.3662,2.4414,t002,FIJTB
2528972201,1966365,2,tobillo,swing,-0.1898,0.9563,0.0637,1.5259,-0.5493,2.5635,t002,FIJTB
2528972203,1966381,2,tobillo,swing,-0.1968,0.9578,0.0670,1.8311,-2.9297,4.0283,t002,FIJTB
2528972204,1966397,2,tobillo,swing,-0.1953,0.9591,0.0605,1.5869,-4.3335,4.2725,t002,FIJTB
2528972238,1966412,2,tobillo,swing,-0.1823,0.9630,0.0651,2.0142,-5.2490,4.3335,t002,FIJTB
2528972259,1966428,2,tobillo,swing,-0.1747,0.9666,0.0750,4.6387,-5.1880,2.6245,t002,FIJTB
2528972260,1966444,2,tobillo,swing,-0.1990,0.9490,0.0773,5.5542,-2.4414,3.6621,t002,FIJTB
2528972260,1966460,2,tobillo,swing,-0.2228,0.9557,0.0765,5.0659,-1.2207,3.0518,t002,FIJTB
2528972311,1966475,2,tobillo,swing,-0.2126,0.9556,0.0774,4.6387,-0.6714,0.3052,t002,FIJTB
2528972313,1966491,2,tobillo,swing,-0.1997,0.9543,0.0745,4.3335,-1.2817,0.5493,t002,FIJTB
2528972314,1966507,2,tobillo,swing,-0.1962,0.9551,0.0747,3.8452,-2.2583,2.2583,t002,FIJTB
2528972369,1966523,2,tobillo,swing,-0.1895,0.9564,0.0787,3.7231,-2.5635,4.7607,t002,FIJTB
2528972370,1966539,2,tobillo,swing,-0.1794,0.9669,0.0759,4.1504,-2.7466,5.6763,t002,FIJTB
2528972370,1966555,2,tobillo,swing,-0.1820,0.9634,0.0715,6.4697,-3.2349,7.5684,t002,FIJTB
2528972370,1966571,2,tobillo,swing,-0.2137,0.9514,0.0802,6.9580,-3.2959,8.3008,t002,FIJTB
2528972424,1966587,2,tobillo,swing,-0.2086,0.9523,0.0781,5.6152,-2.2583,6.7749,t002,FIJTB
2528972424,1966602,2,tobillo,swing,-0.2048,0.9526,0.0769,4.3945,-1.6479,5.6763,t002,FIJTB
2528972424,1966618,2,tobillo,swing,-0.2166,0.9556,0.0853,4.3945,-1.5869,5.6763,t002,FIJTB
2528972479,1966634,2,tobillo,swing,-0.2054,0.9601,0.0856,5.9814,-1.3428,5.1880,t002,FIJTB
2528972480,1966650,2,tobillo,swing,-0.2187,0.9500,0.0956,6.1646,-1.9531,5.1880,t002,FIJTB
2528972480,1966666,2,tobillo,swing,-0.2175,0.9508,0.0953,4.8218,-3.2959,4.0283,t002,FIJTB
2528972480,1966682,2,tobillo,swing,-0.2067,0.9568,0.0939,4.1504,-3.9673,3.9062,t002,FIJTB
2528972532,1966697,2,tobillo,swing,-0.2112,0.9537,0.0905,4.3945,-4.7607,4.1504,t002,FIJTB
2528972533,1966713,2,tobillo,swing,-0.2311,0.9398,0.0936,3.9673,-5.0659,4.2725,t002,FIJTB
2528972534,1966729,2,tobillo,swing,-0.2408,0.9390,0.0902,3.3569,-4.5166,4.0283,t002,FIJTB
2528972583,1966745,2,tobillo,swing,-0.2183,0.9497,0.0874,2.9297,-3.4180,3.6011,t002,FIJTB
2528972591,1966761,2,tobillo,swing,-0.2344,0.9397,0.0933,3.1738,-3.2349,4.1504,t002,FIJTB
2528972591,1966777,2,tobillo,swing,-0.2592,0.9308,0.1002,2.5635,-2.6245,3.6011,t002,FIJTB
2528972592,1966793,2,tobillo,swing,-0.2469,0.9360,0.0969,0.7324,-0.9766,1.4648,t002,FIJTB
2528972643,1966809,2,tobillo,swing,-0.2228,0.9498,0.0929,-0.4883,-1.0376,0.1831,t002,FIJTB
2528972643,1966825,2,tobillo,swing,-0.2363,0.9442,0.0941,-0.6104,-1.1597,-0.1831,t002,FIJTB
2528972646,1966840,2,tobillo,swing,-0.2401,0.9397,0.0955,-1.4038,-0.9766,-0.1831,t002,FIJTB
2528972694,1966856,2,tobillo,swing,-0.2268,0.9426,0.0948,-2.2583,-0.8545,-0.4883,t002,FIJTB
2528972702,1966872,2,tobillo,swing,-0.2351,0.9456,0.0944,-4.0283,-0.9155,-1.5869,t002,FIJTB
2528972702,1966889,2,tobillo,swing,-0.2400,0.9507,0.0934,-4.8218,-1.0376,-1.7090,t002,FIJTB
2528972703,1966905,2,tobillo,swing,-0.2233,0.9519,0.0886,-4.8218,-0.6104,-2.4414,t002,FIJTB
2528972754,1966921,2,tobillo,swing,-0.2261,0.9525,0.0883,-4.3335,-0.4883,-2.7466,t002,FIJTB
2528972756,1966937,2,tobillo,swing,-0.2250,0.9521,0.0861,-3.8452,-0.3052,-2.8687,t002,FIJTB
2528972756,1966953,2,tobillo,swing,-0.2169,0.9534,0.0857,-3.7231,0.1221,-3.6011,t002,FIJTB
2528972812,1966969,2,tobillo,swing,-0.2211,0.9531,0.0846,-4.3945,0.1831,-3.9673,t002,FIJTB
2528972813,1966985,2,tobillo,swing,-0.2224,0.9504,0.0811,-4.5776,0.6714,-4.5166,t002,FIJTB
2528972813,1967001,2,tobillo,swing,-0.2104,0.9534,0.0814,-4.5166,1.6479,-5.5542,t002,FIJTB
2528972813,1967017,2,tobillo,swing,-0.2089,0.9528,0.0806,-4.1504,1.4648,-4.5166,t002,FIJTB
2528972865,1967033,2,tobillo,swing,-0.2100,0.9540,0.0769,-4.0283,1.2207,-3.9673,t002,FIJTB
2528972867,1967049,2,tobillo,swing,-0.2085,0.9539,0.0760,-3.3569,0.7324,-3.2349,t002,FIJTB
2528972868,1967064,2,tobillo,swing,-0.2142,0.9535,0.0762,-3.0518,0.5493,-2.8687,t002,FIJTB
2528972913,1967080,2,tobillo,swing,-0.2144,0.9541,0.0756,-2.7466,0.8545,-2.9297,t002,FIJTB
2528972925,1967096,2,tobillo,swing,-0.2095,0.9523,0.0732,-2.5024,1.2817,-3.1738,t002,FIJTB
2528972926,1967112,2,tobillo,swing,-0.2053,0.9528,0.0720,-2.4414,1.0376,-2.5635,t002,FIJTB
2528972926,1967128,2,tobillo,swing,-0.2061,0.9550,0.0719,-2.1973,0.3662,-1.4038,t002,FIJTB
2528972981,1967144,2,tobillo,swing,-0.2030,0.9552,0.0742,-2.0142,0.3052,-1.1597,t002,FIJTB
2528972982,1967160,2,tobillo,swing,-0.2108,0.9557,0.0740,-1.7700,0.6104,-1.0376,t002,FIJTB
2528972982,1967176,2,tobillo,swing,-0.2106,0.9557,0.0726,-1.7700,1.3428,-1.0376,t002,FIJTB
2528973038,1967192,2,tobillo,swing,-0.2076,0.9523,0.0712,-1.7090,1.1597,-0.7935,t002,FIJTB
2528973039,1967207,2,tobillo,swing,-0.2097,0.9529,0.0712,-1.7700,0.1221,-0.3052,t002,FIJTB
2528973039,1967223,2,tobillo,swing,-0.2137,0.9525,0.0752,-2.0142,-0.3662,-1.1597,t002,FIJTB
2528973040,1967240,2,tobillo,swing,-0.2167,0.9531,0.0754,-2.2583,-0.1221,-2.0142,t002,FIJTB
2528973093,1967256,2,tobillo,swing,-0.2167,0.9541,0.0730,-2.9907,1.0376,-3.4180,t002,FIJTB
2528973095,1967271,2,tobillo,swing,-0.2133,0.9530,0.0696,-3.2349,1.4038,-3.9062,t002,FIJTB
2528973095,1967287,2,tobillo,swing,-0.2106,0.9551,0.0710,-3.6621,1.7700,-4.6997,t002,FIJTB
2528973103,1967303,2,tobillo,swing,-0.2072,0.9553,0.0699,-3.7842,2.5024,-5.4932,t002,FIJTB
2528973153,1967319,2,tobillo,swing,-0.1959,0.9561,0.0645,-3.4180,2.7466,-5.6763,t002,FIJTB
2528973154,1967335,2,tobillo,swing,-0.1956,0.9561,0.0624,-2.2583,2.3193,-4.9438,t002,FIJTB
2528973154,1967351,2,tobillo,swing,-0.1984,0.9565,0.0647,-2.0142,1.8921,-4.6387,t002,FIJTB
2528973206,1967367,2,tobillo,swing,-0.1954,0.9556,0.0638,-1.7700,1.2817,-4.2114,t002,FIJTB
2528973209,1967383,2,tobillo,swing,-0.1959,0.9576,0.0610,-1.5869,1.2817,-3.2959,t002,FIJTB
2528973209,1967399,2,tobillo,swing,-0.1970,0.9594,0.0616,-1.5869,1.4648,-2.9297,t002,FIJTB
2528973209,1967415,2,tobillo,swing,-0.1976,0.9586,0.0598,-1.2817,1.3428,-2.6245,t002,FIJTB
2528973266,1967431,2,tobillo,swing,-0.1963,0.9581,0.0603,-0.7935,0.7324,-2.3804,t002,FIJTB
2528973266,1967447,2,tobillo,swing,-0.1930,0.9579,0.0618,-0.6104,0.4883,-2.1973,t002,FIJTB
2528973267,1967463,2,tobillo,swing,-0.1938,0.9578,0.0640,-0.6104,0.2441,-1.6479,t002,FIJTB
2528973321,1967479,2,tobillo,swing,-0.1945,0.9569,0.0652,-0.7324,0.2441,-1.5869,t002,FIJTB
2528973323,1967495,2,tobillo,swing,-0.1931,0.9569,0.0638,-1.0986,0.5493,-1.4038,t002,FIJTB
2528973323,1967511,2,tobillo,swing,-0.1927,0.9585,0.0621,-1.0986,0.7935,-1.0376,t002,FIJTB
2528973324,1967527,2,tobillo,swing,-0.1908,0.9589,0.0612,-0.7935,0.6714,-0.7935,t002,FIJTB
2528973381,1967543,2,tobillo,swing,-0.1904,0.9581,0.0608,-0.2441,0.3662,-0.0610,t002,FIJTB
2528973381,1967559,2,tobillo,swing,-0.1925,0.9580,0.0605,0.0000,0.2441,0.4883,t002,FIJTB
2528973382,1967574,2,tobillo,swing,-0.1940,0.9568,0.0612,0.0610,0.1221,0.6714,t002,FIJTB
2528973435,1967590,2,tobillo,swing,-0.1938,0.9570,0.0629,0.0000,-0.2441,0.7935,t002,FIJTB
2528973435,1967606,2,tobillo,swing,-0.1931,0.9579,0.0635,-0.1221,-0.3052,0.8545,t002,FIJTB
2528973437,1967622,2,tobillo,swing,-0.1951,0.9578,0.0607,-0.3052,-0.1831,0.7935,t002,FIJTB
2528973438,1967638,2,tobillo,swing,-0.1951,0.9570,0.0599,-0.0610,-0.1221,0.7324,t002,FIJTB
2528973496,1967654,2,tobillo,swing,-0.1957,0.9576,0.0604,0.0610,-0.3052,0.7324,t002,FIJTB
2528973497,1967670,2,tobillo,swing,-0.1963,0.9581,0.0612,0.3662,-0.5493,0.6104,t002,FIJTB
2528973497,1967686,2,tobillo,swing,-0.1937,0.9564,0.0616,0.4272,-0.5493,0.4272,t002,FIJTB
2528973497,1967702,2,tobillo,swing,-0.1921,0.9553,0.0615,0.4272,-0.6104,0.7935,t002,FIJTB
2528973553,1967718,2,tobillo,swing,-0.1931,0.9570,0.0612,0.5493,-0.3052,1.3428,t002,FIJTB
2528973554,1967733,2,tobillo,swing,-0.1965,0.9583,0.0610,0.7324,-0.1831,1.4648,t002,FIJTB
2528973554,1967749,2,tobillo,swing,-0.1963,0.9574,0.0620,0.9155,-0.3052,1.4038,t002,FIJTB
2528973611,1967765,2,tobillo,swing,-0.1959,0.9558,0.0636,0.8545,-0.4883,1.5259,t002,FIJTB
2528973612,1967781,2,tobillo,swing,-0.1956,0.9564,0.0640,0.6714,-0.7935,1.6479,t002,FIJTB
2528973612,1967797,2,tobillo,swing,-0.1953,0.9559,0.0643,0.3662,-0.7935,1.8311,t002,FIJTB
2528973613,1967813,2,tobillo,swing,-0.1984,0.9564,0.0645,0.1831,-0.7324,1.8921,t002,FIJTB
2528973668,1967829,2,tobillo,swing,-0.1982,0.9567,0.0636,0.0610,-0.7324,1.7090,t002,FIJTB
2528973670,1967845,2,tobillo,swing,-0.1979,0.9559,0.0601,0.1831,-0.9766,2.1362,t002,FIJTB
2528973670,1967861,2,tobillo,swing,-0.2002,0.9559,0.0623,0.2441,-1.0376,2.2583,t002,FIJTB
2528973671,1967876,2,tobillo,swing,-0.2006,0.9562,0.0616,0.1221,-1.3428,2.3193,t002,FIJTB
2528973729,1967892,2,tobillo,swing,-0.2015,0.9562,0.0623,0.1221,-1.7090,2.5635,t002,FIJTB
2528973730,1967908,2,tobillo,swing,-0.2032,0.9565,0.0607,0.2441,-1.3428,2.4414,t002,FIJTB
2528973731,1967924,2,tobillo,swing,-0.2032,0.9565,0.0599,0.5493,-1.0986,2.0142,t002,FIJTB
2528973784,1967940,2,tobillo,swing,-0.2032,0.9567,0.0597,0.8545,-1.2817,2.0752,t002,FIJTB
2528973787,1967956,2,tobillo,swing,-0.2026,0.9568,0.0614,1.2207,-1.6479,2.1973,t002,FIJTB
2528973787,1967972,2,tobillo,swing,-0.2018,0.9557,0.0629,1.3428,-1.7090,2.3193,t002,FIJTB
2528973787,1967988,2,tobillo,swing,-0.1805,0.9603,0.0616,1.4038,-1.4648,2.3193,t002,FIJTB
2528973847,1968004,2,tobillo,swing,-0.1847,0.9581,0.0627,1.7090,-2.9907,-0.2441,t002,FIJTB
2528973847,1968020,2,tobillo,swing,-0.2338,0.9509,0.0603,1.8311,-3.4790,0.8545,t002,FIJTB
2528973848,1968036,2,tobillo,swing,-0.2167,0.9521,0.0599,1.4648,-3.3569,4.6997,t002,FIJTB
2528973848,1968052,2,tobillo,swing,-0.2064,0.9559,0.0667,1.4038,-3.7231,5.3101,t002,FIJTB
2528973903,1968068,2,tobillo,swing,-0.2147,0.9540,0.0686,1.4648,-2.5024,3.9062,t002,FIJTB
2528973905,1968083,2,tobillo,swing,-0.2135,0.9531,0.0671,1.4038,-0.4272,1.9531,t002,FIJTB
2528973906,1968100,2,tobillo,swing,-0.2125,0.9540,0.0651,1.3428,-0.0610,1.7700,t002,FIJTB
2528973964,1968115,2,tobillo,swing,-0.2163,0.9532,0.0667,1.2817,0.2441,1.0986,t002,FIJTB
2528973964,1968131,2,tobillo,swing,-0.2162,0.9526,0.0671,0.9155,0.7935,0.0000,t002,FIJTB
2528973965,1968147,2,tobillo,swing,-0.2118,0.9529,0.0659,0.7324,1.0986,-0.4272,t002,FIJTB
2528973965,1968163,2,tobillo,swing,-0.2100,0.9532,0.0658,0.5493,1.4648,-0.8545,t002,FIJTB
2528974020,1968178,2,tobillo,swing,-0.2107,0.9536,0.0669,0.5493,1.2817,-0.9155,t002,FIJTB
2528974022,1968194,2,tobillo,swing,-0.2125,0.9530,0.0686,0.3052,0.4272,-1.0986,t002,FIJTB
2528974023,1968210,2,tobillo,swing,-0.2107,0.9537,0.0692,-0.1221,0.3662,-1.6479,t002,FIJTB
2528974023,1968226,2,tobillo,swing,-0.2102,0.9551,0.0656,-0.3052,0.7935,-1.8311,t002,FIJTB
2528974081,1968242,2,tobillo,swing,-0.2111,0.9561,0.0635,-0.2441,1.6479,-2.3193,t002,FIJTB
2528974082,1968258,2,tobillo,swing,-0.2119,0.9556,0.0621,0.0000,1.9531,-2.5635,t002,FIJTB
2528974136,1968274,2,tobillo,swing,-0.2103,0.9557,0.0643,0.5493,1.8921,-2.9907,t002,FIJTB
2528974138,1968289,2,tobillo,swing,-0.2063,0.9547,0.0656,0.7324,1.3428,-3.1128,t002,FIJTB
2528974139,1968305,2,tobillo,swing,-0.2021,0.9542,0.0670,0.8545,1.2817,-2.8687,t002,FIJTB
2528974139,1968321,2,tobillo,swing,-0.2036,0.9543,0.0676,0.9766,1.5259,-2.0752,t002,FIJTB
2528974139,1968337,2,tobillo,swing,-0.2042,0.9551,0.0676,0.9766,1.6479,-1.9531,t002,FIJTB
2528974196,1968353,2,tobillo,swing,-0.2009,0.9548,0.0634,0.9155,1.4038,-1.4648,t002,FIJTB
2528974196,1968369,2,tobillo,swing,-0.2008,0.9545,0.0646,0.9155,0.1831,-0.0610,t002,FIJTB
2528974196,1968385,2,tobillo,swing,-0.2025,0.9548,0.0692,0.9766,-0.1831,0.3052,t002,FIJTB
2528974197,1968400,2,tobillo,swing,-0.2039,0.9548,0.0693,1.0376,0.0610,0.3052,t002,FIJTB
2528974250,1968416,2,tobillo,swing,-0.2045,0.9551,0.0668,0.9766,0.3052,0.1831,t002,FIJTB
2528974250,1968432,2,tobillo,swing,-0.2058,0.9551,0.0675,1.0986,0.4883,0.0610,t002,FIJTB
2528974251,1968448,2,tobillo,swing,-0.2054,0.9551,0.0681,1.2207,0.4883,0.0610,t002,FIJTB
2528974306,1968463,2,tobillo,swing,-0.2029,0.9539,0.0688,1.3428,0.4272,0.0610,t002,FIJTB
2528974307,1968479,2,tobillo,swing,-0.2026,0.9545,0.0691,1.3428,0.4272,0.2441,t002,FIJTB
2528974307,1968495,2,tobillo,swing,-0.2045,0.9552,0.0707,1.2207,0.4883,0.3052,t002,FIJTB
2528974308,1968511,2,tobillo,swing,-0.2054,0.9542,0.0713,0.9766,0.7324,0.2441,t002,FIJTB
2528974361,1968527,2,tobillo,swing,-0.2043,0.9546,0.0708,0.6104,0.5493,0.3052,t002,FIJTB
2528974361,1968543,2,tobillo,swing,-0.2032,0.9558,0.0709,0.6104,0.3052,0.4883,t002,FIJTB
2528974361,1968558,2,tobillo,swing,-0.2050,0.9559,0.0703,0.6714,0.0000,0.7324,t002,FIJTB
2528974417,1968574,2,tobillo,swing,-0.2059,0.9551,0.0701,0.7324,-0.1221,0.7935,t002,FIJTB
2528974417,1968590,2,tobillo,swing,-0.2061,0.9545,0.0707,0.6104,-0.4883,0.9155,t002,FIJTB
2528974418,1968606,2,tobillo,swing,-0.2061,0.9547,0.0704,0.4272,-0.4272,1.0376,t002,FIJTB
2528974418,1968622,2,tobillo,swing,-0.2059,0.9541,0.0697,0.3662,-0.3052,0.9766,t002,FIJTB
2528974470,1968638,2,tobillo,swing,-0.2075,0.9540,0.0699,0.4883,-0.0610,0.8545,t002,FIJTB
2528974471,1968654,2,tobillo,swing,-0.2076,0.9545,0.0706,0.4272,-0.1221,0.4272,t002,FIJTB
2528974472,1968669,2,tobillo,swing,-0.2083,0.9556,0.0721,0.3662,-0.0610,0.1831,t002,FIJTB
2528974481,1968685,2,tobillo,swing,-0.2076,0.9559,0.0731,0.2441,0.1831,-0.2441,t002,FIJTB
2528974528,1968701,2,tobillo,swing,-0.2056,0.9543,0.0714,0.1831,0.3052,-0.3662,t002,FIJTB
2528974529,1968717,2,tobillo,swing,-0.2057,0.9547,0.0709,0.3052,0.3662,-0.2441,t002,FIJTB
2528974529,1968733,2,tobillo,swing,-0.2069,0.9548,0.0702,0.3662,0.3052,-0.1221,t002,FIJTB
2528974580,1968749,2,tobillo,swing,-0.2069,0.9554,0.0709,0.2441,0.2441,-0.1831,t002,FIJTB
2528974583,1968764,2,tobillo,swing,-0.2057,0.9546,0.0720,-0.1221,0.0000,-0.2441,t002,FIJTB
2528974583,1968780,2,tobillo,swing,-0.2013,0.9546,0.0703,-0.2441,-0.2441,0.0000,t002,FIJTB
2528974638,1968796,2,tobillo,swing,-0.2041,0.9545,0.0664,-0.4272,-1.0376,0.9766,t002,FIJTB
2528974639,1968812,2,tobillo,swing,-0.2052,0.9545,0.0664,-0.1831,-1.7090,1.4038,t002,FIJTB
2528974639,1968828,2,tobillo,swing,-0.2101,0.9550,0.0725,0.2441,-1.2817,0.9155,t002,FIJTB
2528974640,1968844,2,tobillo,swing,-0.2076,0.9539,0.0735,0.5493,0.4883,0.0610,t002,FIJTB
2528974691,1968859,2,tobillo,swing,-0.2058,0.9541,0.0676,0.3662,0.6714,0.1831,t002,FIJTB
2528974693,1968875,2,tobillo,swing,-0.1971,0.9540,0.0647,0.9155,0.4883,0.0610,t002,FIJTB
2528974694,1968891,2,tobillo,swing,-0.1997,0.9524,0.0739,2.0752,0.0610,1.0986,t002,FIJTB
2528974750,1968907,2,tobillo,swing,-0.2030,0.9521,0.0830,1.6479,0.0000,1.7090,t002,FIJTB
2528974750,1968922,2,tobillo,swing,-0.2004,0.9541,0.0747,0.0610,-0.1221,2.6855,t002,FIJTB
2528974751,1968938,2,tobillo,swing,-0.1835,0.9600,0.0654,0.3052,-0.0610,3.3569,t002,FIJTB
2528974751,1968954,2,tobillo,swing,-0.2125,0.9519,0.0824,2.3193,0.3052,5.4321,t002,FIJTB
2528974803,1968970,2,tobillo,swing,-0.2341,0.9504,0.0804,0.5493,1.2207,4.0283,t002,FIJTB
2528974806,1968986,2,tobillo,swing,-0.2340,0.9508,0.0741,-0.4272,1.8921,1.7700,t002,FIJTB
2528974806,1969002,2,tobillo,swing,-0.2223,0.9493,0.0713,-1.6479,2.9907,-0.5493,t002,FIJTB
2528974862,1969018,2,tobillo,swing,-0.2078,0.9532,0.0757,-1.8311,3.3569,-0.4883,t002,FIJTB
2528974863,1969034,2,tobillo,swing,-0.2091,0.9520,0.0681,-1.4648,3.2959,0.8545,t002,FIJTB
2528974863,1969049,2,tobillo,swing,-0.2169,0.9545,0.0636,-1.5259,4.4556,1.8311,t002,FIJTB
2528974863,1969065,2,tobillo,swing,-0.2098,0.9591,0.0577,-0.8545,5.0659,1.2817,t002,FIJTB
2528974916,1969081,2,tobillo,swing,-0.2067,0.9576,0.0591,1.9531,4.0894,1.0376,t002,FIJTB
2528974917,1969097,2,tobillo,swing,-0.2207,0.9514,0.0778,2.5635,1.9531,1.3428,t002,FIJTB
2528974917,1969113,2,tobillo,swing,-0.2355,0.9495,0.0807,1.4648,1.2817,0.7324,t002,FIJTB
2528974974,1969129,2,tobillo,swing,-0.2363,0.9503,0.0789,-0.1221,1.0986,-2.0142,t002,FIJTB
2528974975,1969145,2,tobillo,swing,-0.2407,0.9530,0.0729,-0.5493,1.4648,-3.6011,t002,FIJTB
2528974975,1969161,2,tobillo,swing,-0.2251,0.9529,0.0764,-0.6714,2.7466,-7.5073,t002,FIJTB
2528974976,1969177,2,tobillo,swing,-0.2158,0.9528,0.0742,0.0000,3.2349,-8.6060,t002,FIJTB
2528975028,1969192,2,tobillo,swing,-0.2111,0.9554,0.0708,0.4883,2.8076,-8.3008,t002,FIJTB
2528975030,1969208,2,tobillo,swing,-0.2094,0.9563,0.0690,1.4038,2.6245,-8.6670,t002,FIJTB
2528975031,1969224,2,tobillo,swing,-0.2167,0.9557,0.0708,1.8921,2.8076,-9.2773,t002,FIJTB
2528975088,1969240,2,tobillo,swing,-0.2266,0.9502,0.0798,2.3804,4.2725,-10.2539,t002,FIJTB
2528975089,1969256,2,tobillo,swing,-0.2025,0.9562,0.0796,2.1973,6.3477,-10.3760,t002,FIJTB
2528975089,1969272,2,tobillo,swing,-0.1617,0.9635,0.0750,2.1973,6.2866,-11.4746,t002,FIJTB
2528975090,1969288,2,tobillo,swing,-0.1786,0.9601,0.0752,3.3569,4.9438,-10.8643,t002,FIJTB
2528975145,1969304,2,tobillo,swing,-0.1750,0.9608,0.0780,4.7607,4.1504,-9.1553,t002,FIJTB
2528975146,1969320,2,tobillo,swing,-0.1693,0.9587,0.0862,5.0659,3.1738,-7.9346,t002,FIJTB
2528975146,1969336,2,tobillo,swing,-0.1741,0.9592,0.0864,4.9438,1.1597,-6.2866,t002,FIJTB
2528975147,1969352,2,tobillo,swing,-0.1942,0.9573,0.0889,4.5166,0.7324,-6.2256,t002,FIJTB
2528975202,1969368,2,tobillo,swing,-0.1796,0.9612,0.0854,3.0518,1.4648,-7.6294,t002,FIJTB
2528975202,1969383,2,tobillo,swing,-0.1672,0.9594,0.0803,3.9673,2.9297,-7.0801,t002,FIJTB
2528975203,1969399,2,tobillo,swing,-0.1794,0.9615,0.0807,4.3335,3.1738,-4.5776,t002,FIJTB
2528975255,1969415,2,tobillo,swing,-0.1697,0.9670,0.0867,4.0894,2.5635,-0.6714,t002,FIJTB
2528975258,1969431,2,tobillo,swing,-0.1539,0.9688,0.0905,3.8452,0.5493,-0.1831,t002,FIJTB
2528975258,1969447,2,tobillo,swing,-0.1661,0.9863,0.0868,2.0752,-4.0283,2.9907,t002,FIJTB
2528975259,1969463,2,tobillo,swing,-0.1627,0.9829,0.0961,1.8921,-5.9814,1.7090,t002,FIJTB
2528975315,1969479,2,tobillo,swing,-0.1991,0.9735,0.1066,2.1362,-6.5918,-0.9766,t002,FIJTB
2528975315,1969495,2,tobillo,swing,-0.2198,0.9689,0.1036,0.7935,-8.6670,-9.0942,t002,FIJTB
2528975316,1969510,2,tobillo,swing,-0.2164,0.9835,0.1036,-0.2441,-9.7046,-13.9770,t002,FIJTB
2528975369,1969526,2,tobillo,swing,-0.2600,0.9685,0.1061,-3.4180,-8.9722,-19.4092,t002,FIJTB
2528975371,1969542,2,tobillo,swing,-0.2716,0.9612,0.1196,-10.5591,-4.2725,-24.5972,t002,FIJTB
2528975372,1969559,2,tobillo,swing,-0.2776,0.9783,0.1384,-14.6484,-3.6011,-28.6865,t002,FIJTB
2528975372,1969575,2,tobillo,swing,-0.2697,0.9957,0.1436,-22.4609,-5.4932,-37.3535,t002,FIJTB
2528975427,1969591,2,tobillo,swing,-0.2206,1.0487,0.1146,-28.1982,-6.9580,-41.5649,t002,FIJTB
2528975428,1969607,2,tobillo,swing,-0.2294,0.9961,0.0999,-27.3437,-8.6670,-42.8467,t002,FIJTB
2528975428,1969623,2,tobillo,swing,-0.3328,0.9900,0.1038,-9.5215,-19.5923,-38.1470,t002,FIJTB
2528975480,1969639,2,tobillo,swing,-0.5424,0.9072,0.1902,-4.5166,-22.7051,-34.6680,t002,FIJTB
2528975482,1969655,2,tobillo,swing,-0.6251,0.8033,0.1548,-6.1035,-16.6016,-23.7427,t002,FIJTB
2528975483,1969671,2,tobillo,swing,-0.6392,0.7883,0.1443,-1.2817,-12.6343,-8.3008,t002,FIJTB
2528975483,1969687,2,tobillo,swing,-0.5914,0.7843,0.1390,0.5493,-14.8315,-0.0610,t002,FIJTB
2528975540,1969703,2,tobillo,swing,-0.5853,0.8165,0.1429,0.5493,-19.4702,22.5830,t002,FIJTB
2528975541,1969719,2,tobillo,swing,-0.5750,0.8408,0.1481,4.1504,-13.6719,41.5039,t002,FIJTB
2528975541,1969735,2,tobillo,swing,-0.4990,0.8666,0.1611,6.5308,-10.4370,46.0815,t002,FIJTB
2528975583,1969750,2,tobillo,swing,-0.4595,0.8866,0.1476,9.6436,-14.0991,50.6592,t002,FIJTB
2528975595,1969766,2,tobillo,swing,-0.3895,1.0024,0.0640,11.2915,-18.3716,54.1382,t002,FIJTB
2528975597,1969782,2,tobillo,swing,-0.3015,1.0663,0.0414,17.0898,-18.7378,63.4766,t002,FIJTB
2528975597,1969798,2,tobillo,swing,-0.2659,1.0448,0.0543,21.0571,-13.7329,67.0776,t002,FIJTB
2528975657,1969814,2,tobillo,swing,-0.2285,1.0005,0.0593,20.5688,-13.2446,67.5659,t002,FIJTB
2528975657,1969830,2,tobillo,swing,-0.1987,1.0171,0.0336,17.1509,-13.6719,70.8618,t002,FIJTB
2528975658,1969845,2,tobillo,swing,-0.2101,1.0363,0.0229,15.6250,-12.3901,72.0825,t002,FIJTB
2528975658,1969861,2,tobillo,swing,-0.2582,0.9912,0.0593,13.1836,-7.2632,67.6880,t002,FIJTB
2528975714,1969877,2,tobillo,swing,-0.2294,0.9945,0.0380,8.1177,-1.6479,59.9976,t002,FIJTB
2528975716,1969893,2,tobillo,swing,-0.1685,0.9873,-0.0155,6.6528,2.1362,59.2041,t002,FIJTB
2528975717,1969909,2,tobillo,swing,-0.2103,0.9451,0.0011,4.4556,9.9487,55.2368,t002,FIJTB
2528975718,1969924,2,tobillo,swing,-0.2783,0.9063,0.0596,1.7090,14.1602,53.0395,t002,FIJTB
2528975776,1969940,2,tobillo,swing,-0.2483,0.9410,0.1017,-3.7231,22.4609,51.6968,t002,FIJTB
2528975777,1969956,2,tobillo,swing,-0.2549,0.9443,0.1464,-2.1362,27.3437,49.8657,t002,FIJTB
2528975777,1969972,2,tobillo,swing,-0.2777,0.9337,0.1564,0.4883,30.5176,48.2788,t002,FIJTB
2528975833,1969988,2,tobillo,loading,-0.2998,0.9139,0.1254,3.2959,41.1377,45.5933,t002,FIJTB
2528975833,1970003,2,tobillo,loading,-0.3040,0.9233,0.1000,3.4790,44.6167,44.4946,t002,FIJTB
2528975834,1970019,2,tobillo,loading,-0.2676,0.9281,0.0769,5.7983,43.1519,42.8467,t002,FIJTB
2528975834,1970035,2,tobillo,loading,-0.2877,0.9097,0.0637,7.4463,35.2783,41.5039,t002,FIJTB
2528975898,1970051,2,tobillo,loading,-0.3239,0.8832,0.0563,7.5073,32.9590,41.1377,t002,FIJTB
2528975899,1970067,2,tobillo,loading,-0.3334,0.8898,0.0676,7.2632,32.0435,41.1987,t002,FIJTB
2528975900,1970082,2,tobillo,loading,-0.3612,0.8964,0.0854,7.5684,31.4941,40.8936,t002,FIJTB
2528975900,1970098,2,tobillo,loading,-0.3390,0.8840,0.0691,7.3853,28.5034,38.3911,t002,FIJTB
2528975957,1970114,2,tobillo,loading,-0.3162,0.8743,0.0690,6.2866,20.5688,36.8652,t002,FIJTB
2528975959,1970130,2,tobillo,loading,-0.3512,0.8511,0.0870,5.1270,15.1978,35.0952,t002,FIJTB
2528975959,1970146,2,tobillo,loading,-0.3868,0.8434,0.1042,1.8921,8.1177,29.6631,t002,FIJTB
2528975960,1970162,2,tobillo,loading,-0.3788,0.8607,0.1326,0.9766,6.4087,27.4658,t002,FIJTB
2528975999,1970177,2,tobillo,loading,-0.3541,0.8523,0.1660,1.2817,4.3335,24.3530,t002,FIJTB
2528976020,1970193,2,tobillo,loading,-0.3920,0.8328,0.1831,0.1221,2.5024,19.4092,t002,FIJTB
2528976021,1970209,2,tobillo,loading,-0.4061,0.8280,0.2113,-1.0986,2.5024,16.2964,t002,FIJTB
2528976021,1970225,2,tobillo,loading,-0.3671,0.8395,0.2218,-0.8545,4.1504,12.6953,t002,FIJTB
2528976078,1970241,2,tobillo,loading,-0.3563,0.8375,0.2036,-0.3052,3.8452,11.3525,t002,FIJTB
2528976080,1970257,2,tobillo,loading,-0.3494,0.8456,0.1653,-2.3193,6.7139,6.6528,t002,FIJTB
2528976081,1970273,2,tobillo,loading,-0.2917,0.8717,0.1539,-4.8218,12.8174,2.0752,t002,FIJTB
2528976090,1970289,2,tobillo,loading,-0.2584,0.9036,0.1444,-4.9438,13.9160,-0.8545,t002,FIJTB
2528976141,1970305,2,tobillo,loading,-0.3325,0.8828,0.1268,-5.5542,10.6201,-10.3149,t002,FIJTB
2528976141,1970321,2,tobillo,loading,-0.3026,0.8866,0.1205,-5.6763,7.0190,-19.1040,t002,FIJTB
2528976141,1970336,2,tobillo,loading,-0.2277,0.9329,0.1085,-4.4556,3.9062,-19.6533,t002,FIJTB
2528976197,1970352,2,tobillo,loading,-0.2941,0.9814,0.0692,-7.9956,-5.6763,-18.9209,t002,FIJTB
2528976199,1970368,2,tobillo,loading,-0.1788,0.9100,-0.0161,-8.1787,-7.5073,-26.9165,t002,FIJTB
2528976199,1970385,2,tobillo,loading,0.1644,0.9288,-0.1959,-16.5405,-6.5308,-50.1709,t002,FIJTB
2528976199,1970401,2,tobillo,loading,0.1034,0.9298,-0.1257,-31.1890,-8.7891,-55.9692,t002,FIJTB
2528976258,1970417,2,tobillo,loading,-0.7014,1.0410,0.2267,-31.4941,-16.3574,-50.5981,t002,FIJTB
2528976259,1970433,2,tobillo,loading,-0.9033,0.9810,0.1469,-26.7944,-22.0947,-47.7905,t002,FIJTB
2528976259,1970449,2,tobillo,loading,-0.4786,1.0355,0.1058,-36.0718,8.9722,-72.7539,t002,FIJTB
2528976260,1970465,2,tobillo,loading,0.0350,1.1223,0.0984,-37.1704,15.7471,-69.2749,t002,FIJTB
2528976315,1970481,2,tobillo,loading,-0.1665,1.0229,0.1046,-34.7900,7.3853,-45.4102,t002,FIJTB
2528976316,1970497,2,tobillo,loading,-0.3918,0.9698,0.0344,-36.2549,10.7422,-44.3115,t002,FIJTB
2528976317,1970513,2,tobillo,loading,-0.2516,0.9957,0.0194,-34.9731,26.1841,-48.1567,t002,FIJTB
2528976375,1970529,2,tobillo,loading,-0.2528,0.9570,0.0254,-26.9165,24.7803,-41.4429,t002,FIJTB
2528976375,1970545,2,tobillo,loading,-0.3231,0.9225,-0.0342,-24.7192,22.0337,-38.7573,t002,FIJTB
2528976375,1970561,2,tobillo,loading,-0.2596,0.9800,-0.0492,-17.7002,16.7236,-33.8135,t002,FIJTB
2528976376,1970577,2,tobillo,loading,-0.1995,0.9451,0.0155,-12.2070,5.0049,-24.9023,t002,FIJTB
2528976430,1970593,2,tobillo,loading,-0.3182,0.9128,0.0836,-13.6719,-0.0610,-20.7520,t002,FIJTB
2528976432,1970609,2,tobillo,loading,-0.2859,0.9233,0.0906,-11.0474,-4.3945,-24.4141,t002,FIJTB
2528976433,1970625,2,tobillo,loading,-0.1021,1.0223,0.0599,-11.8408,-4.8218,-23.1934,t002,FIJTB
2528976440,1970641,2,tobillo,loading,-0.3284,0.9254,0.0490,-22.3389,-2.5635,-9.9487,t002,FIJTB
2528976491,1970657,2,tobillo,loading,-0.3944,0.9172,0.0178,-17.0898,5.8594,-15.4419,t002,FIJTB
2528976491,1970673,2,tobillo,loading,-0.2988,0.9177,-0.0192,-11.5356,10.6812,-19.4092,t002,FIJTB
2528976492,1970689,2,tobillo,loading,-0.2617,0.9451,-0.0048,-15.1978,8.6670,-16.6016,t002,FIJTB
2528976546,1970705,2,tobillo,midstance,-0.2644,0.9415,0.0001,-17.0288,-2.1362,-15.6860,t002,FIJTB
2528976546,1970721,2,tobillo,midstance,-0.2605,0.9443,0.0105,-17.7002,-7.0801,-16.7847,t002,FIJTB
2528976548,1970737,2,tobillo,midstance,-0.2803,0.9476,0.0198,-18.1885,-8.3618,-17.5171,t002,FIJTB
2528976548,1970753,2,tobillo,midstance,-0.2615,0.9640,0.0035,-14.8315,-5.1880,-18.9209,t002,FIJTB
2528976606,1970769,2,tobillo,midstance,-0.1975,0.9508,-0.0190,-5.0659,0.1221,-22.0947,t002,FIJTB
2528976606,1970785,2,tobillo,midstance,-0.2142,0.9561,-0.0166,-7.0190,1.4648,-20.0806,t002,FIJTB
2528976607,1970801,2,tobillo,midstance,-0.2408,0.9553,-0.0049,-8.5449,1.6479,-19.9585,t002,FIJTB
2528976661,1970817,2,tobillo,midstance,-0.2327,0.9557,0.0043,-9.7656,0.9155,-19.1650,t002,FIJTB
2528976663,1970833,2,tobillo,midstance,-0.2141,0.9390,0.0081,-9.8267,0.6714,-18.6157,t002,FIJTB
2528976664,1970849,2,tobillo,midstance,-0.1595,0.9951,0.0090,-9.9487,-0.4883,-15.8081,t002,FIJTB
2528976664,1970865,2,tobillo,midstance,-0.1863,0.9867,0.0106,-12.4512,-3.7231,-14.8926,t002,FIJTB
2528976722,1970881,2,tobillo,midstance,-0.2194,0.9459,-0.0172,-10.6201,-5.4321,-14.3433,t002,FIJTB
2528976722,1970897,2,tobillo,midstance,-0.1857,0.9623,-0.0262,-7.8125,-7.6904,-14.3433,t002,FIJTB
2528976723,1970913,2,tobillo,midstance,-0.1782,0.9631,-0.0231,-7.8735,-7.5073,-14.0381,t002,FIJTB
2528976723,1970929,2,tobillo,midstance,-0.1776,0.9515,-0.0118,-7.8125,-7.0190,-13.6108,t002,FIJTB
2528976777,1970945,2,tobillo,midstance,-0.1774,0.9564,-0.0118,-8.3008,-8.9111,-12.3901,t002,FIJTB
2528976779,1970961,2,tobillo,midstance,-0.1808,0.9724,0.0017,-13.6108,-13.9160,-11.9019,t002,FIJTB
2528976779,1970978,2,tobillo,midstance,-0.2029,0.9401,-0.0070,-16.4795,-15.6250,-12.2070,t002,FIJTB
2528976837,1970994,2,tobillo,midstance,-0.1892,0.9517,-0.0245,-20.9961,-12.9395,-13.9770,t002,FIJTB
2528976837,1971010,2,tobillo,midstance,-0.1659,0.9729,-0.0753,-21.1182,-10.5591,-14.2212,t002,FIJTB
2528976837,1971026,2,tobillo,midstance,-0.1774,0.9786,-0.0768,-16.9678,-8.4229,-13.1226,t002,FIJTB
2528976838,1971042,2,tobillo,midstance,-0.1798,0.9677,-0.0629,-12.6343,-10.1318,-13.4277,t002,FIJTB
2528976891,1971058,2,tobillo,midstance,-0.1617,0.9692,-0.0326,-12.5122,-10.3760,-13.7329,t002,FIJTB
2528976893,1971075,2,tobillo,midstance,-0.1749,0.9742,-0.0529,-14.0381,-8.1177,-15.4419,t002,FIJTB
2528976894,1971091,2,tobillo,midstance,-0.1721,0.9650,-0.0746,-12.7563,-5.9204,-19.1040,t002,FIJTB
2528976950,1971107,2,tobillo,midstance,-0.1534,0.9637,-0.0732,-12.5732,-5.4932,-20.4468,t002,FIJTB
2528976951,1971123,2,tobillo,midstance,-0.1489,0.9659,-0.0624,-12.8174,-6.8359,-21.7895,t002,FIJTB
2528976951,1971139,2,tobillo,midstance,-0.1525,0.9738,-0.0635,-13.7329,-7.2632,-23.4985,t002,FIJTB
2528976951,1971155,2,tobillo,midstance,-0.1334,0.9792,-0.0686,-13.9160,-6.6528,-24.6582,t002,FIJTB
2528977004,1971171,2,tobillo,midstance,-0.1283,0.9801,-0.0756,-13.3057,-3.9673,-25.6958,t002,FIJTB
2528977006,1971187,2,tobillo,midstance,-0.1270,0.9683,-0.1018,-13.0005,-2.8687,-25.9399,t002,FIJTB
2528977006,1971203,2,tobillo,midstance,-0.0836,0.9619,-0.0797,-12.8784,-3.9062,-25.3906,t002,FIJTB
2528977062,1971219,2,tobillo,midstance,-0.0739,0.9727,-0.0726,-14.5264,-5.7983,-21.9727,t002,FIJTB
2528977063,1971235,2,tobillo,midstance,-0.1194,0.9806,-0.1248,-14.5264,-6.2256,-21.3623,t002,FIJTB
2528977063,1971252,2,tobillo,midstance,-0.1128,0.9752,-0.1221,-12.0850,-6.6528,-24.7192,t002,FIJTB
2528977063,1971268,2,tobillo,midstance,-0.0981,0.9783,-0.0980,-11.1084,-5.4932,-28.0151,t002,FIJTB
2528977116,1971284,2,tobillo,midstance,-0.0791,0.9843,-0.0951,-11.6577,-4.8218,-29.2969,t002,FIJTB
2528977118,1971300,2,tobillo,midstance,-0.0698,0.9825,-0.1040,-13.7329,-4.4556,-31.4331,t002,FIJTB
2528977119,1971316,2,tobillo,midstance,-0.0745,0.9695,-0.1229,-14.4043,-5.3101,-31.3721,t002,FIJTB
2528977127,1971332,2,tobillo,midstance,-0.0425,0.9774,-0.1111,-15.4419,-7.5073,-29.6631,t002,FIJTB
2528977175,1971348,2,tobillo,midstance,-0.0459,0.9818,-0.1207,-16.1743,-9.0332,-26.8555,t002,FIJTB
2528977175,1971364,2,tobillo,midstance,-0.0750,0.9937,-0.1208,-16.6016,-10.2539,-27.2827,t002,FIJTB
2528977175,1971380,2,tobillo,midstance,-0.0674,1.0000,-0.1151,-17.8833,-10.3149,-31.7383,t002,FIJTB
2528977227,1971397,2,tobillo,midstance,-0.0679,0.9991,-0.1240,-19.5313,-8.0566,-38.8184,t002,FIJTB
2528977227,1971413,2,tobillo,terminal,-0.0651,1.0059,-0.1405,-20.5688,-7.7515,-42.7246,t002,FIJTB
2528977228,1971429,2,tobillo,terminal,-0.0146,1.0184,-0.1178,-23.9258,-9.6436,-49.5605,t002,FIJTB
2528977288,1971445,2,tobillo,terminal,-0.0077,1.0315,-0.1144,-28.0151,-11.3525,-54.5654,t002,FIJTB
2528977289,1971461,2,tobillo,terminal,-0.0309,1.0681,-0.1323,-29.6631,-11.5967,-58.1055,t002,FIJTB
2528977289,1971477,2,tobillo,terminal,-0.0214,1.0897,-0.1481,-31.3721,-11.9629,-67.9321,t002,FIJTB
2528977290,1971493,2,tobillo,terminal,-0.0576,1.1428,-0.1857,-32.3486,-14.0381,-73.1201,t002,FIJTB
2528977342,1971510,2,tobillo,terminal,-0.0514,1.1697,-0.1560,-35.7666,-22.0947,-84.8999,t002,FIJTB
2528977344,1971526,2,tobillo,terminal,-0.0078,1.1888,-0.1273,-43.6401,-31.3110,-96.0083,t002,FIJTB
2528977345,1971542,2,tobillo,terminal,0.0443,1.2238,-0.0988,-49.8657,-34.9731,-99.9145,t002,FIJTB
2528977399,1971558,2,tobillo,terminal,0.1123,1.2498,-0.0763,-60.5469,-40.2222,-108.3374,t002,FIJTB
2528977400,1971574,2,tobillo,terminal,0.1527,1.2179,-0.0615,-66.6504,-56.6406,-106.0181,t002,FIJTB
2528977400,1971590,2,tobillo,terminal,0.0947,1.1312,-0.0187,-68.5425,-66.8335,-106.1401,t002,FIJTB
2528977400,1971606,2,tobillo,terminal,0.0958,1.1229,0.0031,-65.6738,-81.2988,-118.9575,t002,FIJTB
2528977450,1971622,2,tobillo,terminal,0.1743,1.1194,0.0464,-54.6265,-99.3652,-123.5962,t002,FIJTB
2528977453,1971638,2,tobillo,terminal,0.2651,1.1566,0.0493,-47.3022,-112.4268,-124.6948,t002,FIJTB
2528977453,1971654,2,tobillo,terminal,0.2566,1.1775,-0.0479,-37.9639,-127.1973,-134.6436,t002,FIJTB
2528977508,1971671,2,tobillo,terminal,0.1086,1.1869,-0.2545,-39.6118,-119.9951,-137.8784,t002,FIJTB
2528977509,1971687,2,tobillo,terminal,-0.0155,1.1211,-0.4686,-48.5840,-86.8530,-126.8921,t002,FIJTB
2528977509,1971703,2,tobillo,terminal,0.1115,1.0869,-0.4226,-52.3071,-57.4951,-102.1728,t002,FIJTB
2528977560,1971719,2,tobillo,terminal,0.5913,1.0721,-0.4377,-43.5791,-45.6543,-100.5859,t002,FIJTB
2528977562,1971735,2,tobillo,terminal,0.3390,1.0071,-0.5359,-35.8276,-64.4531,-81.4209,t002,FIJTB
2528977564,1971751,2,tobillo,terminal,0.1052,0.9166,-0.5662,-26.5503,-90.8813,-42.4805,t002,FIJTB
2528977564,1971767,2,tobillo,terminal,-0.2317,0.5049,-0.3508,-12.4512,-70.0073,-40.8936,t002,FIJTB
2528977619,1971783,2,tobillo,terminal,-0.3256,0.2054,-0.1779,15.5029,3.6011,-48.5840,t002,FIJTB
2528977619,1971799,2,tobillo,terminal,-0.4545,0.3002,-0.0007,11.4136,30.1514,-18.6157,t002,FIJTB
2528977620,1971815,2,tobillo,terminal,-0.4138,0.5801,0.1644,-3.0518,14.4653,80.5054,t002,FIJTB
2528977670,1971830,2,tobillo,terminal,-0.2959,0.4854,0.1168,34.0576,-5.6763,103.0273,t002,FIJTB
2528977672,1971846,2,tobillo,terminal,-0.1168,0.4199,0.0371,49.6826,-1.2207,101.0132,t002,FIJTB
2528977673,1971862,2,tobillo,terminal,-0.1382,0.4904,0.0184,61.6455,0.6104,136.7798,t002,FIJTB
2528977673,1971878,2,tobillo,terminal,-0.1786,0.6516,0.1394,62.7441,-1.7090,160.5225,t002,FIJTB
2528977727,1971894,2,tobillo,terminal,-0.0293,0.8204,0.1993,78.7354,1.2817,195.3125,t002,FIJTB
2528977727,1971909,2,tobillo,terminal,-0.0265,0.7833,0.1710,88.5620,-2.9907,208.8013,t002,FIJTB
2528977727,1971925,2,tobillo,terminal,-0.0349,0.9006,0.0598,81.1157,-2.2583,207.5806,t002,FIJTB
2528977779,1971941,2,tobillo,terminal,0.0402,1.1531,-0.0077,65.3687,18.9819,218.6889,t002,FIJTB
2528977780,1971957,2,tobillo,terminal,0.1714,1.4097,-0.0864,67.0776,24.5361,219.7876,t002,FIJTB
2528977780,1971973,2,tobillo,terminal,0.2389,1.4005,-0.1650,71.5942,20.2637,204.7119,t002,FIJTB
2528977781,1971988,2,tobillo,terminal,0.2319,1.4215,-0.1705,64.9414,21.5454,195.8618,t002,FIJTB
2528977832,1972004,2,tobillo,terminal,0.2881,1.4690,-0.1742,61.2793,23.9868,190.1245,t002,FIJTB
2528977833,1972020,2,tobillo,terminal,0.2997,1.4729,-0.2257,54.6875,29.2358,183.6548,t002,FIJTB
2528977833,1972036,2,tobillo,terminal,0.2192,1.3536,-0.1378,54.3823,27.7100,178.5278,t002,FIJTB
2528977880,1972051,2,tobillo,terminal,0.0897,1.2617,-0.1196,45.8374,20.3247,162.6587,t002,FIJTB
2528977881,1972067,2,tobillo,swing,0.0028,1.2217,-0.0833,37.1704,18.1885,145.2637,t002,FIJTB
2528977881,1972083,2,tobillo,swing,-0.0420,1.2390,-0.0970,35.4004,17.7002,137.4512,t002,FIJTB
2528977937,1972099,2,tobillo,swing,-0.0280,1.2345,-0.0737,39.4897,14.2212,119.6289,t002,FIJTB
2528977938,1972114,2,tobillo,swing,0.0153,1.2660,-0.1071,41.2598,10.6201,110.2905,t002,FIJTB
2528977938,1972130,2,tobillo,swing,0.0913,1.2964,-0.2920,43.8232,3.6011,102.8442,t002,FIJTB
2528977939,1972146,2,tobillo,swing,0.1158,1.2332,-0.2407,41.5649,10.6201,118.1030,t002,FIJTB
2528977986,1972162,2,tobillo,swing,0.1631,1.1541,-0.0096,41.2598,11.7187,128.4790,t002,FIJTB
2528977988,1972178,2,tobillo,swing,0.0636,1.1400,0.0007,37.7808,4.2725,132.2632,t002,FIJTB
2528977989,1972193,2,tobillo,swing,-0.2378,1.0840,-0.0900,33.8135,4.7607,126.9531,t002,FIJTB
2528978039,1972209,2,tobillo,swing,-0.1322,1.0892,-0.0608,28.8086,25.6348,117.0044,t002,FIJTB
2528978040,1972225,2,tobillo,swing,-0.0682,1.0778,-0.0300,31.9214,46.2036,113.8306,t002,FIJTB
2528978040,1972241,2,tobillo,swing,-0.0883,0.9983,-0.0668,32.5928,47.6074,111.6333,t002,FIJTB
2528978087,1972257,2,tobillo,swing,-0.0581,0.9384,-0.0713,29.1748,42.6636,102.8442,t002,FIJTB
2528978090,1972273,2,tobillo,swing,-0.0825,0.9020,-0.0483,22.4609,33.7524,84.7168,t002,FIJTB
2528978090,1972289,2,tobillo,swing,-0.0964,0.8900,-0.0509,16.7236,30.3345,72.3267,t002,FIJTB
2528978141,1972305,2,tobillo,swing,-0.0531,0.9200,-0.0542,7.0190,28.4424,53.2227,t002,FIJTB
2528978142,1972321,2,tobillo,swing,-0.0280,0.8820,-0.0254,5.6152,27.0386,44.8608,t002,FIJTB
2528978142,1972337,2,tobillo,swing,-0.0881,0.8009,0.0133,1.8311,21.8506,22.4609,t002,FIJTB
2528978189,1972353,2,tobillo,swing,-0.0735,0.8096,0.0135,-8.1177,18.0054,5.9204,t002,FIJTB
2528978189,1972369,2,tobillo,swing,-0.0295,0.8569,0.0249,-11.5967,16.9067,0.3662,t002,FIJTB
2528978191,1972384,2,tobillo,swing,-0.0901,0.8544,0.0535,-13.7329,18.0054,-13.6108,t002,FIJTB
2528978243,1972400,2,tobillo,swing,-0.1781,0.8342,0.0594,-15.6250,21.9116,-23.3154,t002,FIJTB
2528978243,1972416,2,tobillo,swing,-0.1746,0.9613,-0.0980,-25.9399,28.4424,-36.9263,t002,FIJTB
2528978244,1972433,2,tobillo,swing,-0.1133,0.8777,-0.1650,-29.5410,28.0151,-50.3540,t002,FIJTB
2528978244,1972449,2,tobillo,swing,-0.4946,0.9397,0.2146,-32.4707,21.7285,-57.1289,t002,FIJTB
2528978292,1972465,2,tobillo,swing,-0.9670,0.9694,0.2308,-16.1743,-1.2207,-46.3867,t002,FIJTB
2528978293,1972481,2,tobillo,swing,-0.8131,0.9067,0.1423,-16.2354,-0.0610,-89.4775,t002,FIJTB
2528978294,1972497,2,tobillo,swing,-0.3800,1.2026,0.2341,-24.5361,3.5400,-95.3979,t002,FIJTB
2528978345,1972513,2,tobillo,swing,-0.3192,1.2153,0.2772,-46.5088,3.3569,-91.0644,t002,FIJTB
2528978346,1972529,2,tobillo,swing,-0.1152,1.0874,0.2440,-50.3540,10.8032,-97.8393,t002,FIJTB
2528978347,1972545,2,tobillo,swing,-0.1571,1.0018,0.0917,-52.2461,23.5596,-77.4536,t002,FIJTB
2528978394,1972560,2,tobillo,swing,-0.2415,0.9490,0.0431,-51.4526,17.8223,-50.2319,t002,FIJTB
2528978396,1972576,2,tobillo,swing,-0.2971,0.9647,-0.0778,-50.5371,16.2964,-42.6636,t002,FIJTB
2528978397,1972593,2,tobillo,swing,-0.3198,0.9858,-0.1414,-44.5557,13.4277,-34.2407,t002,FIJTB
2528978445,1972609,2,tobillo,swing,-0.3280,0.9635,-0.1177,-29.5410,5.6763,-30.9448,t002,FIJTB
2528978446,1972625,2,tobillo,swing,-0.2139,0.9680,0.0048,-23.2544,1.5869,-29.4800,t002,FIJTB
2528978446,1972641,2,tobillo,swing,-0.1969,0.9746,0.0336,-17.9443,-7.2632,-22.2168,t002,FIJTB
2528978491,1972657,2,tobillo,swing,-0.2867,0.9689,0.0433,-18.8599,-8.1177,-19.1650,t002,FIJTB
2528978492,1972673,2,tobillo,swing,-0.3363,0.9363,0.0734,-24.5972,1.8311,-19.9585,t002,FIJTB
2528978492,1972689,2,tobillo,loading,-0.3517,0.9249,0.0474,-19.1040,9.2163,-29.1748,t002,FIJTB
2528978498,1972705,2,tobillo,loading,-0.3679,0.8798,-0.0372,-16.7236,10.9863,-32.9590,t002,FIJTB
2528978548,1972721,2,tobillo,loading,-0.3308,0.9258,-0.0585,-17.6392,10.1318,-31.6772,t002,FIJTB
2528978548,1972737,2,tobillo,loading,-0.3624,0.9003,-0.0010,-11.1084,2.6245,-32.2876,t002,FIJTB
2528978548,1972753,2,tobillo,loading,-0.2610,0.9487,0.0079,-8.1177,-1.7700,-33.2031,t002,FIJTB
2528978601,1972769,2,tobillo,loading,-0.1763,1.0354,0.0256,-14.7095,-4.2725,-33.2031,t002,FIJTB
2528978603,1972785,2,tobillo,loading,-0.2235,0.9653,0.0266,-12.4512,-5.4321,-31.7993,t002,FIJTB
2528978604,1972801,2,tobillo,loading,-0.2534,0.9492,-0.0216,-4.3945,-6.5918,-31.6772,t002,FIJTB
2528978655,1972818,2,tobillo,loading,-0.2096,1.0007,-0.0226,-7.4463,-5.4932,-31.6772,t002,FIJTB
2528978655,1972834,2,tobillo,loading,-0.2134,0.9478,-0.0215,-8.4229,-5.2490,-30.7617,t002,FIJTB
2528978655,1972850,2,tobillo,loading,-0.2267,0.9744,0.0149,-10.3760,-4.0283,-30.5176,t002,FIJTB
2528978701,1972866,2,tobillo,loading,-0.2095,0.9688,0.0168,-11.7187,1.5259,-32.4097,t002,FIJTB
2528978701,1972882,2,tobillo,loading,-0.0946,0.9746,0.0186,-11.1694,4.0894,-33.2642,t002,FIJTB
2528978703,1972898,2,tobillo,loading,-0.0898,0.9719,0.0087,-11.9019,3.4790,-26.2451,t002,FIJTB
2528978754,1972914,2,tobillo,loading,-0.1516,0.9664,-0.0321,-12.3901,1.5259,-21.6675,t002,FIJTB
2528978754,1972930,2,tobillo,loading,-0.1599,0.9573,-0.0551,-11.9629,-1.4648,-17.1509,t002,FIJTB
2528978755,1972946,2,tobillo,loading,-0.1429,0.9590,-0.0339,-11.7798,-2.8076,-12.1460,t002,FIJTB
2528978770,1972962,2,tobillo,loading,-0.1342,0.9705,-0.0055,-11.7798,-3.8452,-9.0332,t002,FIJTB
2528978800,1972978,2,tobillo,loading,-0.1744,0.9630,-0.0284,-12.6343,-5.8594,-6.2256,t002,FIJTB
2528978802,1972995,2,tobillo,loading,-0.1895,0.9569,-0.0402,-11.3525,-5.5542,-7.0801,t002,FIJTB
2528978852,1973011,2,tobillo,loading,-0.1804,0.9578,-0.0408,-10.1929,-5.3101,-7.7515,t002,FIJTB
2528978853,1973027,2,tobillo,loading,-0.1654,0.9644,-0.0303,-9.3384,-5.4321,-9.6436,t002,FIJTB
2528978854,1973043,2,tobillo,loading,-0.1704,0.9684,-0.0321,-10.1318,-5.7983,-12.3291,t002,FIJTB
2528978854,1973060,2,tobillo,loading,-0.1809,0.9600,-0.0470,-10.0098,-5.5542,-14.0381,t002,FIJTB
2528978901,1973076,2,tobillo,loading,-0.1738,0.9611,-0.0503,-9.9487,-4.4556,-16.2964,t002,FIJTB
2528978903,1973092,2,tobillo,loading,-0.1692,0.9656,-0.0457,-11.4136,-3.6011,-18.9209,t002,FIJTB
2528978903,1973109,2,tobillo,loading,-0.1661,0.9645,-0.0398,-11.5967,-2.8076,-20.9351,t002,FIJTB
2528978953,1973125,2,tobillo,loading,-0.1724,0.9602,-0.0428,-10.4370,0.3662,-25.2075,t002,FIJTB
2528978954,1973141,2,tobillo,loading,-0.1877,0.9741,-0.0671,-10.0708,2.9907,-27.1606,t002,FIJTB
2528978954,1973157,2,tobillo,loading,-0.1074,0.9739,-0.0663,-10.8643,6.7749,-29.7241,t002,FIJTB
2528979000,1973173,2,tobillo,loading,-0.0779,0.9745,-0.0636,-11.1694,6.8359,-27.7100,t002,FIJTB
2528979002,1973189,2,tobillo,loading,-0.0785,0.9828,-0.0562,-11.1084,6.2866,-27.0386,t002,FIJTB
2528979003,1973205,2,tobillo,loading,-0.0839,0.9795,-0.0613,-10.5591,5.5542,-27.5269,t002,FIJTB
2528979052,1973221,2,tobillo,loading,-0.0624,0.9785,-0.0634,-11.2915,5.1270,-28.9917,t002,FIJTB
2528979053,1973237,2,tobillo,loading,-0.0712,0.9718,-0.0808,-11.7187,3.7842,-28.6255,t002,FIJTB
2528979053,1973253,2,tobillo,loading,-0.0814,0.9747,-0.0737,-12.1460,0.7324,-28.5645,t002,FIJTB
2528979098,1973269,2,tobillo,loading,-0.0959,0.9855,-0.0675,-12.6343,0.9766,-29.9683,t002,FIJTB
2528979100,1973285,2,tobillo,loading,-0.0839,0.9819,-0.0874,-14.3433,3.2959,-32.2876,t002,FIJTB
2528979101,1973301,2,tobillo,loading,-0.0717,0.9778,-0.1005,-15.0146,3.5400,-32.1045,t002,FIJTB
2528979150,1973317,2,tobillo,loading,-0.0566,0.9817,-0.1062,-15.1367,2.8076,-32.9590,t002,FIJTB
2528979150,1973333,2,tobillo,loading,-0.0641,0.9845,-0.1058,-15.0757,2.1362,-36.4380,t002,FIJTB
2528979151,1973349,2,tobillo,loading,-0.0486,0.9880,-0.0996,-14.7095,2.6855,-39.6118,t002,FIJTB
2528979197,1973365,2,tobillo,loading,-0.0275,1.0103,-0.1029,-14.9536,2.5635,-41.5039,t002,FIJTB
2528979198,1973381,2,tobillo,midstance,-0.0355,1.0160,-0.1115,-16.1743,1.4648,-46.3257,t002,FIJTB
2528979198,1973398,2,tobillo,midstance,-0.0388,1.0288,-0.1260,-17.1509,-2.6855,-49.3164,t002,FIJTB
2528979252,1973414,2,tobillo,midstance,-0.0186,1.0604,-0.0962,-17.5781,-5.9204,-50.7812,t002,FIJTB
2528979252,1973430,2,tobillo,midstance,-0.0074,1.0831,-0.0737,-19.1040,-9.2163,-55.9082,t002,FIJTB
2528979253,1973446,2,tobillo,midstance,-0.0326,1.1288,-0.0795,-20.3247,-9.7046,-58.9600,t002,FIJTB
2528979284,1973462,2,tobillo,midstance,-0.0649,1.1654,-0.1104,-23.8037,-10.3149,-69.0918,t002,FIJTB
2528979300,1973478,2,tobillo,midstance,-0.0853,1.1545,-0.1334,-31.1279,-10.3760,-78.7354,t002,FIJTB
2528979302,1973495,2,tobillo,midstance,-0.0330,1.1708,-0.1274,-36.3159,-10.9863,-80.9326,t002,FIJTB
2528979304,1973511,2,tobillo,midstance,0.0095,1.1265,-0.1130,-45.2881,-15.1978,-91.2476,t002,FIJTB
2528979353,1973527,2,tobillo,midstance,0.0330,1.1075,-0.0947,-51.2695,-15.0757,-99.8535,t002,FIJTB
2528979354,1973543,2,tobillo,midstance,0.1880,1.1216,-0.1439,-49.1943,-15.0757,-107.8491,t002,FIJTB
2528979354,1973559,2,tobillo,midstance,0.2344,1.0701,-0.1732,-58.5327,-24.0478,-113.7695,t002,FIJTB
2528979399,1973575,2,tobillo,midstance,0.1636,1.0378,-0.1641,-62.5000,-35.8887,-104.7974,t002,FIJTB
2528979401,1973591,2,tobillo,midstance,0.1659,1.1057,-0.0872,-57.3730,-56.3965,-97.4731,t002,FIJTB
2528979402,1973607,2,tobillo,midstance,0.1975,1.1189,-0.0282,-54.8096,-72.3267,-109.2529,t002,FIJTB
2528979450,1973623,2,tobillo,midstance,0.2057,1.1389,0.0574,-54.2603,-82.5806,-113.5254,t002,FIJTB
2528979451,1973639,2,tobillo,midstance,0.2223,1.1029,0.0417,-46.6919,-100.8301,-121.0937,t002,FIJTB
2528979452,1973655,2,tobillo,midstance,0.2479,1.0975,0.0193,-37.5977,-106.5674,-134.4604,t002,FIJTB
2528979499,1973671,2,tobillo,midstance,0.2811,1.1359,-0.0848,-33.3252,-105.1636,-138.0005,t002,FIJTB
2528979499,1973687,2,tobillo,midstance,0.2777,1.1628,-0.2312,-38.7573,-94.1162,-134.1553,t002,FIJTB
2528979500,1973703,2,tobillo,midstance,0.1675,1.1855,-0.3904,-53.7109,-82.7026,-120.5444,t002,FIJTB
2528979548,1973719,2,tobillo,midstance,0.4270,1.1870,-0.4115,-49.5605,-44.7388,-101.4404,t002,FIJTB
2528979548,1973735,2,tobillo,midstance,0.4595,1.1047,-0.4625,-25.5737,-35.0342,-100.5249,t002,FIJTB
2528979548,1973751,2,tobillo,midstance,0.1997,0.9526,-0.5587,-22.1558,-55.6641,-83.7402,t002,FIJTB
2528979578,1973767,2,tobillo,midstance,0.0408,0.7688,-0.4393,-17.2119,-66.7114,-44.3115,t002,FIJTB
2528979596,1973783,2,tobillo,midstance,-0.0563,0.5806,-0.2219,2.4414,-26.1841,-49.1333,t002,FIJTB
2528979596,1973799,2,tobillo,midstance,-0.3512,0.3182,-0.0728,14.0381,-8.5449,-44.7388,t002,FIJTB
2528979645,1973815,2,tobillo,midstance,-0.5034,0.4219,-0.0232,0.1831,14.4043,23.5596,t002,FIJTB
2528979645,1973831,2,tobillo,midstance,-0.4913,0.5286,0.1470,-0.3662,10.6812,58.1665,t002,FIJTB
2528979646,1973847,2,tobillo,midstance,-0.0381,0.4327,-0.0270,31.6162,18.7988,84.4116,t002,FIJTB
2528979692,1973862,2,tobillo,midstance,0.0250,0.4683,-0.0096,48.5229,42.2974,117.7368,t002,FIJTB
2528979692,1973878,2,tobillo,midstance,-0.1893,0.5568,0.0826,54.2603,39.8560,147.0947,t002,FIJTB
2528979693,1973894,2,tobillo,midstance,-0.3048,0.5994,0.1199,67.1997,22.4609,184.9975,t002,FIJTB
2528979741,1973910,2,tobillo,midstance,-0.3153,0.7151,0.1333,74.5850,17.3950,194.1528,t002,FIJTB
2528979742,1973925,2,tobillo,midstance,-0.0902,0.7352,0.1681,81.9092,15.3809,204.9560,t002,FIJTB
2528979742,1973941,2,tobillo,midstance,0.0757,0.8649,0.1368,69.7632,17.2729,214.8437,t002,FIJTB
2528979788,1973957,2,tobillo,midstance,0.1526,1.1722,0.0045,66.5894,13.2446,224.1821,t002,FIJTB
2528979789,1973973,2,tobillo,midstance,0.1082,1.2288,-0.0315,68.9697,-4.2725,227.2339,t002,FIJTB
2528979789,1973989,2,tobillo,midstance,0.1945,1.3531,-0.0730,69.5801,-10.6812,221.3745,t002,FIJTB
2528979836,1974004,2,tobillo,midstance,0.2264,1.4617,-0.1321,63.4155,-19.6533,209.9609,t002,FIJTB
2528979837,1974020,2,tobillo,midstance,0.2566,1.5264,-0.1490,55.5420,-20.0195,202.6977,t002,FIJTB
2528979837,1974036,2,tobillo,midstance,0.3173,1.5706,-0.1509,52.9785,-15.3198,200.5615,t002,FIJTB
2528979883,1974052,2,tobillo,midstance,0.3086,1.5443,-0.1371,44.7998,-3.4790,196.2280,t002,FIJTB
2528979884,1974068,2,tobillo,midstance,0.2504,1.4404,-0.0797,37.4146,12.5732,183.7768,t002,FIJTB
2528979884,1974084,2,tobillo,midstance,0.2018,1.3302,-0.0264,34.6680,22.9492,176.6357,t002,FIJTB
2528979930,1974100,2,tobillo,midstance,0.2245,1.2799,-0.0365,31.9824,36.5601,161.9263,t002,FIJTB
2528979931,1974115,2,tobillo,terminal,0.1162,1.2664,-0.0082,31.4331,33.0811,157.7148,t002,FIJTB
2528979931,1974131,2,tobillo,terminal,0.0516,1.2294,0.0391,31.6162,33.8135,148.1323,t002,FIJTB
2528979949,1974147,2,tobillo,terminal,0.1274,1.2264,0.0164,31.1890,42.6636,135.3760,t002,FIJTB
2528979979,1974163,2,tobillo,terminal,0.1997,1.3191,-0.0529,31.9824,47.3022,138.4277,t002,FIJTB
2528979980,1974179,2,tobillo,terminal,0.1407,1.2957,-0.0479,37.9028,54.5044,149.5972,t002,FIJTB
2528980023,1974195,2,tobillo,terminal,-0.0095,1.1554,-0.0560,38.9404,57.3120,143.2495,t002,FIJTB
2528980026,1974211,2,tobillo,terminal,0.0503,1.1407,-0.1354,34.2407,57.7393,113.8306,t002,FIJTB
2528980026,1974227,2,tobillo,terminal,0.1110,1.1436,-0.1683,32.4097,50.4150,92.0410,t002,FIJTB
2528980072,1974243,2,tobillo,terminal,0.0659,1.0107,-0.1477,33.6304,47.5464,82.1533,t002,FIJTB
2528980073,1974258,2,tobillo,terminal,-0.0044,0.9185,-0.1462,26.1841,47.9126,57.6782,t002,FIJTB
2528980073,1974274,2,tobillo,terminal,0.0962,0.9171,-0.1682,17.7002,50.6592,48.6450,t002,FIJTB
2528980115,1974290,2,tobillo,terminal,0.1267,0.9205,-0.1229,8.3008,49.7436,40.7715,t002,FIJTB
2528980118,1974306,2,tobillo,terminal,0.0115,0.8722,-0.0950,1.9531,39.3677,23.2544,t002,FIJTB
2528980119,1974322,2,tobillo,terminal,-0.0469,0.8613,-0.0907,-4.1504,38.0859,9.9487,t002,FIJTB
2528980165,1974338,2,tobillo,terminal,-0.0017,0.8839,-0.0886,-14.2822,39.3066,-4.8828,t002,FIJTB
2528980166,1974354,2,tobillo,terminal,-0.0143,0.8679,-0.0634,-16.1133,38.0859,-10.9863,t002,FIJTB
2528980166,1974370,2,tobillo,terminal,-0.0944,0.8491,-0.0626,-20.9351,36.1328,-26.0620,t002,FIJTB
2528980208,1974386,2,tobillo,terminal,-0.0571,0.8812,-0.0656,-27.8931,39.5508,-35.2173,t002,FIJTB
2528980211,1974402,2,tobillo,terminal,-0.1624,0.9335,-0.0469,-30.8228,37.4146,-38.3301,t002,FIJTB
2528980211,1974418,2,tobillo,terminal,-0.5847,0.8906,0.1169,-28.0762,21.3013,-36.8042,t002,FIJTB
2528980257,1974434,2,tobillo,terminal,-0.8431,0.8190,0.1572,-15.8691,14.5874,-34.0576,t002,FIJTB
2528980257,1974450,2,tobillo,terminal,-0.9393,0.7374,0.0360,-20.8130,16.0522,-37.5366,t002,FIJTB
2528980298,1974466,2,tobillo,terminal,-0.7632,0.8306,0.0797,-41.0156,31.1890,-48.7061,t002,FIJTB
2528980299,1974482,2,tobillo,terminal,-0.4639,1.3472,0.2920,-47.9126,35.6445,-49.6216,t002,FIJTB
2528980300,1974498,2,tobillo,terminal,-0.0325,1.3545,0.3259,-41.5649,40.7715,-95.8252,t002,FIJTB
2528980346,1974514,2,tobillo,terminal,0.0200,0.9924,0.2811,-41.0156,51.0864,-105.7129,t002,FIJTB
2528980346,1974530,2,tobillo,terminal,-0.1648,0.8809,0.2321,-57.0679,41.2598,-78.9185,t002,FIJTB
2528980346,1974546,2,tobillo,terminal,-0.1455,1.0225,0.1588,-65.8569,19.4702,-58.8379,t002,FIJTB
2528980388,1974562,2,tobillo,terminal,-0.1912,0.9789,-0.0148,-50.3540,7.6904,-48.8281,t002,FIJTB
2528980389,1974578,2,tobillo,terminal,-0.4575,0.8900,-0.1073,-49.3774,3.9673,-44.4946,t002,FIJTB
2528980389,1974594,2,tobillo,terminal,-0.3859,0.9857,-0.1366,-37.1094,6.3477,-55.6030,t002,FIJTB
2528980434,1974610,2,tobillo,terminal,-0.0018,1.1497,-0.0983,-19.4702,7.3242,-57.9834,t002,FIJTB
2528980435,1974626,2,tobillo,terminal,-0.2770,0.9020,0.0234,0.0610,1.3428,-37.8418,t002,FIJTB
2528980435,1974641,2,tobillo,terminal,-0.2477,0.9602,0.0923,-8.9111,-1.3428,-32.5317,t002,FIJTB
2528980479,1974658,2,tobillo,terminal,-0.1207,0.9506,0.0981,-9.6436,1.2817,-29.4189,t002,FIJTB
2528980480,1974674,2,tobillo,terminal,-0.1747,0.9908,0.0756,-24.6582,3.1128,-19.5313,t002,FIJTB
2528980526,1974690,2,tobillo,terminal,-0.2552,0.9496,0.0056,-17.3340,10.6201,-19.1650,t002,FIJTB
2528980526,1974705,2,tobillo,terminal,-0.1478,0.9863,-0.0322,-14.4653,10.0708,-17.3340,t002,FIJTB
2528980527,1974722,2,tobillo,terminal,-0.1713,0.9835,-0.0154,-16.4185,4.5776,-15.1978,t002,FIJTB
2528980569,1974738,2,tobillo,terminal,-0.1831,0.9821,0.0416,-15.9912,3.7842,-15.1367,t002,FIJTB
2528980571,1974754,2,tobillo,swing,-0.1715,0.9532,0.0460,-12.3901,3.4180,-12.6953,t002,FIJTB
2528980571,1974770,2,tobillo,swing,-0.1660,0.9557,0.0356,-10.0098,2.2583,-9.2163,t002,FIJTB
2528980618,1974786,2,tobillo,swing,-0.2069,0.9362,0.0078,-10.5591,2.9907,-8.5449,t002,FIJTB
2528980618,1974802,2,tobillo,swing,-0.2012,0.9624,0.0096,-12.5732,5.1270,-8.0566,t002,FIJTB
2528980619,1974818,2,tobillo,swing,-0.1949,0.9788,0.0266,-14.7705,5.7983,-10.3760,t002,FIJTB
2528980664,1974834,2,tobillo,swing,-0.2167,0.9451,0.0248,-16.7847,6.4087,-11.7798,t002,FIJTB
2528980665,1974850,2,tobillo,swing,-0.2267,0.9330,0.0103,-14.7705,5.9204,-10.4370,t002,FIJTB
2528980665,1974866,2,tobillo,swing,-0.1824,0.9811,-0.0061,-14.4653,5.2490,-12.4512,t002,FIJTB
2528980711,1974882,2,tobillo,swing,-0.1708,0.9794,0.0044,-15.8081,2.5024,-19.0430,t002,FIJTB
2528980711,1974898,2,tobillo,swing,-0.1718,0.9661,0.0010,-15.1367,-1.2817,-22.5220,t002,FIJTB
2528980712,1974914,2,tobillo,swing,-0.1683,0.9573,-0.0244,-14.2212,-2.1362,-22.7661,t002,FIJTB
2528980756,1974930,2,tobillo,swing,-0.1613,0.9534,-0.0322,-12.5732,-2.9907,-23.3154,t002,FIJTB
2528980756,1974946,2,tobillo,swing,-0.1138,0.9709,-0.0210,-12.8784,-3.5400,-21.9116,t002,FIJTB
2528980757,1974962,2,tobillo,swing,-0.1205,0.9740,-0.0204,-13.0005,-6.6528,-15.9302,t002,FIJTB
2528980804,1974978,2,tobillo,swing,-0.1421,0.9723,-0.0293,-12.0850,-7.9346,-14.9536,t002,FIJTB
2528980804,1974994,2,tobillo,swing,-0.1296,0.9631,-0.0328,-10.7422,-6.9580,-15.0757,t002,FIJTB
2528980804,1975010,2,tobillo,swing,-0.0975,0.9844,-0.0176,-9.7656,-5.9204,-13.6108,t002,FIJTB
2528980848,1975026,2,tobillo,swing,-0.1115,0.9841,-0.0234,-10.9253,-6.7139,-11.4746,t002,FIJTB
2528980848,1975042,2,tobillo,swing,-0.1365,0.9784,-0.0403,-10.9253,-7.2632,-11.2915,t002,FIJTB
2528980895,1975058,2,tobillo,swing,-0.1339,0.9750,-0.0410,-10.6201,-8.9722,-12.3291,t002,FIJTB
2528980895,1975074,2,tobillo,swing,-0.1372,0.9712,-0.0529,-11.2305,-10.7422,-12.2681,t002,FIJTB
2528980896,1975090,2,tobillo,swing,-0.1387,0.9700,-0.0551,-11.7798,-9.8267,-12.5732,t002,FIJTB
2528980938,1975107,2,tobillo,swing,-0.1321,0.9698,-0.0548,-12.2681,-8.2397,-14.8926,t002,FIJTB
2528980938,1975123,2,tobillo,swing,-0.1348,0.9625,-0.0483,-12.6343,-7.8735,-16.7236,t002,FIJTB
2528980940,1975139,2,tobillo,swing,-0.1379,0.9734,-0.0519,-12.8174,-5.0049,-20.9961,t002,FIJTB
2528980987,1975155,2,tobillo,swing,-0.1343,0.9714,-0.0547,-13.5498,-0.6104,-26.3672,t002,FIJTB
2528980987,1975171,2,tobillo,swing,-0.0708,0.9749,-0.0337,-13.6719,0.7324,-27.2827,t002,FIJTB
2528980988,1975187,2,tobillo,swing,-0.0677,0.9727,-0.0342,-13.8550,1.7090,-25.4517,t002,FIJTB
2528981031,1975203,2,tobillo,swing,-0.1025,0.9628,-0.0980,-10.0098,2.1362,-23.3765,t002,FIJTB
2528981032,1975219,2,tobillo,swing,-0.0928,0.9624,-0.1189,-9.0332,1.8921,-24.2920,t002,FIJTB
2528981032,1975235,2,tobillo,swing,-0.0698,0.9729,-0.0902,-8.5449,-0.1221,-25.8179,t002,FIJTB
2528981079,1975251,2,tobillo,swing,-0.0834,0.9832,-0.0790,-8.6060,-0.6714,-26.6724,t002,FIJTB
2528981079,1975267,2,tobillo,swing,-0.0924,0.9875,-0.0988,-9.1553,0.0000,-32.1655,t002,FIJTB
2528981079,1975283,2,tobillo,swing,-0.0819,0.9854,-0.1027,-8.2397,0.9155,-39.0625,t002,FIJTB
2528981122,1975299,2,tobillo,swing,-0.0558,0.9879,-0.1039,-7.5684,0.4883,-40.7715,t002,FIJTB
2528981124,1975315,2,tobillo,swing,-0.0455,0.9950,-0.0978,-6.8970,-0.1831,-40.4663,t002,FIJTB
2528981125,1975331,2,tobillo,swing,-0.0154,1.0109,-0.0840,-8.8501,0.1831,-40.6494,t002,FIJTB
2528981171,1975347,2,tobillo,swing,-0.0060,1.0468,-0.0698,-10.0098,0.2441,-40.1001,t002,FIJTB
2528981171,1975363,2,tobillo,swing,-0.0186,1.0710,-0.0825,-10.7422,-0.4883,-42.3584,t002,FIJTB
2528981214,1975379,2,tobillo,swing,-0.1270,1.1652,-0.1073,-10.7422,-2.2583,-45.1660,t002,FIJTB
2528981214,1975395,2,tobillo,swing,-0.0643,1.1328,-0.0787,-11.9629,-4.9438,-52.9175,t002,FIJTB
2528981216,1975412,2,tobillo,swing,-0.0330,1.1090,-0.0582,-24.7192,-7.3242,-56.9458,t002,FIJTB
2528981262,1975428,2,tobillo,swing,0.0272,1.0831,-0.0197,-31.7993,-8.7891,-57.0679,t002,FIJTB
2528981262,1975444,2,tobillo,swing,0.0884,1.0973,-0.0398,-25.7568,-17.7002,-66.9556,t002,FIJTB
2528981263,1975460,2,tobillo,swing,0.0646,1.0740,-0.0552,-28.3203,-24.4751,-72.6318,t002,FIJTB
2528981306,1975476,2,tobillo,swing,0.0461,1.0621,-0.0909,-29.1748,-23.2544,-72.9980,t002,FIJTB
2528981308,1975492,2,tobillo,swing,0.0909,1.0786,-0.1255,-31.3721,-18.7378,-79.2236,t002,FIJTB
2528981308,1975508,2,tobillo,swing,0.1183,0.9700,-0.1592,-40.5884,-20.0195,-82.6416,t002,FIJTB
2528981355,1975524,2,tobillo,swing,0.2074,0.8787,-0.1788,-51.3916,-24.1089,-84.3506,t002,FIJTB
2528981355,1975541,2,tobillo,swing,0.1761,0.8315,-0.1381,-67.5659,-36.8652,-81.4209,t002,FIJTB
2528981356,1975557,2,tobillo,swing,0.1736,1.0381,-0.1168,-59.6313,-40.3442,-76.5991,t002,FIJTB
2528981398,1975573,2,tobillo,swing,0.2705,1.0094,-0.1162,-40.1001,-35.0952,-78.8574,t002,FIJTB
2528981400,1975589,2,tobillo,swing,0.2618,0.9780,-0.1110,-33.3862,-40.7104,-82.4585,t002,FIJTB
2528981401,1975605,2,tobillo,swing,0.1949,0.9764,-0.0977,-32.1045,-46.2646,-81.9092,t002,FIJTB
2528981449,1975621,2,tobillo,swing,0.1735,0.9890,-0.1042,-31.1890,-53.8330,-90.5151,t002,FIJTB
2528981450,1975637,2,tobillo,swing,0.1957,1.0457,-0.0845,-31.7993,-59.5093,-98.0225,t002,FIJTB
2528981450,1975653,2,tobillo,swing,0.2595,1.1218,-0.0114,-30.8228,-63.2935,-99.6094,t002,FIJTB
2528981493,1975669,2,tobillo,swing,0.3054,1.1306,0.0383,-23.1934,-75.3174,-109.1919,t002,FIJTB
2528981495,1975685,2,tobillo,swing,0.4258,1.1493,-0.0328,-16.2964,-83.6792,-115.3564,t002,FIJTB
2528981496,1975701,2,tobillo,swing,0.3268,1.1349,-0.3484,-18.2495,-92.2851,-117.6758,t002,FIJTB
2528981542,1975717,2,tobillo,swing,0.2648,1.1250,-0.4202,-38.7573,-58.7769,-94.7876,t002,FIJTB
2528981542,1975733,2,tobillo,swing,0.3967,1.0919,-0.4194,-38.0859,-28.2593,-87.7685,t002,FIJTB
2528981543,1975749,2,tobillo,swing,0.3931,0.8823,-0.5156,-25.2686,-10.4370,-83.4351,t002,FIJTB
2528981586,1975765,2,tobillo,loading,0.3193,0.8606,-0.5665,-26.1230,-28.5645,-60.9131,t002,FIJTB
2528981588,1975781,2,tobillo,loading,0.0311,0.8306,-0.3201,-25.0854,-25.0244,-40.5884,t002,FIJTB
2528981634,1975797,2,tobillo,loading,-0.2372,0.6401,-0.0735,7.5073,-17.4561,-19.5923,t002,FIJTB
2528981635,1975814,2,tobillo,loading,-0.5541,0.4402,0.0564,19.1650,-21.9727,-14.0381,t002,FIJTB
2528981636,1975830,2,tobillo,loading,-0.3906,0.5853,0.1450,18.9819,-35.5225,30.3955,t002,FIJTB
2528981679,1975846,2,tobillo,loading,-0.2356,0.5415,0.0880,34.9121,-29.6631,65.6738,t002,FIJTB
2528981680,1975861,2,tobillo,loading,-0.0873,0.5428,0.0508,40.5273,-24.9634,73.7915,t002,FIJTB
2528981681,1975877,2,tobillo,loading,-0.0756,0.6311,0.0898,53.4058,-26.6724,122.7417,t002,FIJTB
2528981720,1975893,2,tobillo,loading,-0.2311,0.6571,0.1588,66.6504,-39.9170,170.4712,t002,FIJTB
2528981728,1975909,2,tobillo,loading,-0.3689,0.6108,0.2333,64.8804,-41.0156,172.8515,t002,FIJTB
2528981728,1975925,2,tobillo,loading,-0.2111,0.7308,0.2216,45.5933,-13.9160,170.5322,t002,FIJTB
2528981773,1975941,2,tobillo,loading,0.1312,1.1071,0.0876,38.7573,2.8687,181.2744,t002,FIJTB
2528981774,1975957,2,tobillo,loading,-0.0060,1.1682,0.0660,44.2505,13.1226,208.6181,t002,FIJTB
2528981775,1975972,2,tobillo,loading,0.0261,1.1919,0.0570,47.4853,8.1787,201.9653,t002,FIJTB
2528981822,1975988,2,tobillo,loading,0.1990,1.3097,-0.0171,45.8374,7.0801,195.8008,t002,FIJTB
2528981822,1976004,2,tobillo,loading,0.1489,1.3342,-0.0419,40.3442,2.0752,190.6738,t002,FIJTB
2528981823,1976020,2,tobillo,loading,0.1025,1.4211,-0.0854,37.7197,4.8218,186.7676,t002,FIJTB
2528981867,1976035,2,tobillo,loading,0.2079,1.4254,-0.1096,35.7666,22.9492,179.6264,t002,FIJTB
2528981868,1976051,2,tobillo,loading,0.2021,1.4008,-0.1499,28.8086,33.3862,176.7578,t002,FIJTB
2528981868,1976067,2,tobillo,loading,0.1071,1.3188,-0.1604,25.2686,34.8511,172.1802,t002,FIJTB
2528981915,1976083,2,tobillo,loading,0.1229,1.2886,-0.1758,20.2026,31.2500,155.0293,t002,FIJTB
2528981916,1976098,2,tobillo,loading,0.1472,1.1593,0.0354,22.3999,19.5313,140.5640,t002,FIJTB
2528981916,1976114,2,tobillo,loading,0.0032,1.2832,-0.1162,17.8833,-1.2207,128.2349,t002,FIJTB
2528981959,1976130,2,tobillo,loading,0.0377,1.2444,-0.1487,20.8740,3.5400,138.2446,t002,FIJTB
2528981961,1976146,2,tobillo,loading,0.0443,1.2321,-0.1467,22.8882,9.5825,134.5825,t002,FIJTB
2528981962,1976162,2,tobillo,loading,0.0216,1.2698,-0.1014,23.6206,21.6675,144.4702,t002,FIJTB
2528982009,1976178,2,tobillo,loading,0.1841,1.1118,0.0503,26.9775,25.1465,141.9067,t002,FIJTB
2528982009,1976194,2,tobillo,loading,-0.0826,1.1990,-0.1189,22.5220,15.3809,124.2676,t002,FIJTB
2528982009,1976209,2,tobillo,loading,-0.1565,1.1492,-0.0939,20.5688,31.3110,126.9531,t002,FIJTB
2528982054,1976225,2,tobillo,loading,0.0953,1.1154,-0.0155,22.5830,42.9077,122.0093,t002,FIJTB
2528982055,1976241,2,tobillo,loading,0.2040,1.1554,-0.0303,26.0620,51.1475,117.5537,t002,FIJTB
2528982055,1976257,2,tobillo,loading,0.0144,1.0880,-0.0474,27.6489,50.1709,114.3799,t002,FIJTB
2528982102,1976273,2,tobillo,loading,-0.0034,0.9573,-0.1052,25.2686,49.4995,92.2241,t002,FIJTB
2528982103,1976289,2,tobillo,loading,0.1654,0.9768,-0.1273,17.4561,40.1611,76.1719,t002,FIJTB
2528982103,1976305,2,tobillo,loading,0.2102,0.9244,-0.0808,15.8081,29.7241,69.5190,t002,FIJTB
2528982147,1976320,2,tobillo,midstance,0.0780,0.8657,-0.0549,9.4604,10.1929,44.7998,t002,FIJTB
2528982147,1976336,2,tobillo,midstance,0.0800,0.9208,-0.0907,2.8076,8.4229,31.4941,t002,FIJTB
2528982147,1976352,2,tobillo,midstance,0.1985,0.9363,-0.0448,-5.6152,16.1743,12.6953,t002,FIJTB
2528982199,1976368,2,tobillo,midstance,0.1238,0.8942,-0.0247,-7.7515,15.0146,-7.3242,t002,FIJTB
2528982199,1976384,2,tobillo,midstance,-0.0215,0.8483,-0.0387,-12.1460,15.8081,-19.8975,t002,FIJTB
2528982200,1976400,2,tobillo,midstance,0.0266,0.8804,-0.0393,-25.6958,26.7944,-38.2690,t002,FIJTB
2528982245,1976416,2,tobillo,midstance,-0.0948,0.9828,-0.0728,-31.0669,37.7197,-39.5508,t002,FIJTB
2528982246,1976432,2,tobillo,midstance,-0.4008,0.8629,0.1992,-26.1230,37.5366,-42.4194,t002,FIJTB
2528982246,1976448,2,tobillo,midstance,-0.6980,0.9877,0.2147,-18.4937,22.2168,-28.4424,t002,FIJTB
2528982293,1976464,2,tobillo,midstance,-0.8394,0.9299,0.0541,-13.3667,17.5171,-29.1138,t002,FIJTB
2528982295,1976480,2,tobillo,midstance,-0.6093,1.0726,0.2915,-12.0239,11.5356,-65.6128,t002,FIJTB
2528982296,1976496,2,tobillo,midstance,-0.4293,1.2310,0.2740,-26.1230,6.8359,-89.7217,t002,FIJTB
2528982343,1976512,2,tobillo,midstance,-0.0529,1.1515,0.2365,-34.7900,16.6626,-94.1772,t002,FIJTB
2528982344,1976528,2,tobillo,midstance,-0.0994,0.9398,0.1904,-49.4385,32.8979,-70.7397,t002,FIJTB
2528982344,1976544,2,tobillo,midstance,-0.1281,0.9944,0.2032,-63.4766,20.7520,-48.9502,t002,FIJTB
2528982388,1976560,2,tobillo,midstance,-0.1555,1.0205,0.0181,-57.1289,11.1084,-47.6074,t002,FIJTB
2528982390,1976576,2,tobillo,midstance,-0.2532,1.0184,-0.1622,-47.7905,3.2959,-26.0010,t002,FIJTB
2528982390,1976592,2,tobillo,midstance,-0.3676,0.9832,-0.1793,-45.5933,7.6904,-16.4185,t002,FIJTB
2528982439,1976608,2,tobillo,midstance,-0.1675,1.0233,-0.0658,-31.9824,12.6953,-16.3574,t002,FIJTB
2528982440,1976624,2,tobillo,midstance,-0.1239,1.0016,-0.0264,-20.6299,-1.9531,-3.2349,t002,FIJTB
2528982440,1976640,2,tobillo,midstance,-0.2832,0.9032,0.0232,-19.2871,-10.3760,7.1411,t002,FIJTB
2528982484,1976656,2,tobillo,midstance,-0.3422,0.9270,0.0345,-18.3716,-18.0664,8.6060,t002,FIJTB
2528982486,1976672,2,tobillo,midstance,-0.4022,0.9139,0.0454,-18.7378,-11.6577,-6.3477,t002,FIJTB
2528982487,1976688,2,tobillo,midstance,-0.3904,0.9330,-0.0195,-18.7988,-6.2256,-13.0005,t002,FIJTB
2528982536,1976704,2,tobillo,midstance,-0.4050,0.9052,-0.0552,-14.3433,-3.3569,-20.4468,t002,FIJTB
2528982536,1976721,2,tobillo,midstance,-0.4553,0.8687,-0.0779,-11.1694,-6.7139,-22.6440,t002,FIJTB
2528982537,1976737,2,tobillo,midstance,-0.4183,0.8986,-0.0890,-6.7749,-11.4136,-30.0903,t002,FIJTB
2528982580,1976753,2,tobillo,midstance,-0.3079,0.9323,-0.0696,-2.2583,-9.1553,-36.4990,t002,FIJTB
2528982583,1976770,2,tobillo,midstance,-0.2190,0.9771,0.0018,-2.9907,-8.1787,-33.9966,t002,FIJTB
2528982583,1976786,2,tobillo,midstance,-0.2650,0.9510,0.0004,-7.1411,-6.9580,-30.8838,t002,FIJTB
2528982631,1976802,2,tobillo,midstance,-0.2532,0.8977,-0.0133,-2.9297,-5.5542,-29.0527,t002,FIJTB
2528982632,1976818,2,tobillo,midstance,-0.2778,0.9333,-0.0300,-6.5918,-5.7373,-26.4282,t002,FIJTB
2528982632,1976834,2,tobillo,midstance,-0.2931,0.9590,-0.0149,-13.7329,-0.7935,-28.8696,t002,FIJTB
2528982677,1976851,2,tobillo,midstance,-0.2585,0.9432,-0.0073,-8.1787,2.0752,-33.5693,t002,FIJTB
2528982677,1976867,2,tobillo,terminal,-0.2257,0.9203,-0.0160,-7.5684,1.7700,-33.6914,t002,FIJTB
2528982678,1976883,2,tobillo,terminal,-0.2042,0.9409,-0.0204,-13.0615,1.4038,-30.3345,t002,FIJTB
2528982730,1976899,2,tobillo,terminal,-0.0267,1.0891,0.0135,-13.5498,-0.0610,-26.5503,t002,FIJTB
2528982731,1976915,2,tobillo,terminal,-0.1584,0.9624,-0.0131,-10.9863,-3.9673,-14.7705,t002,FIJTB
2528982731,1976931,2,tobillo,terminal,-0.2308,0.9420,-0.0288,-12.7563,-4.1504,-11.4746,t002,FIJTB
2528982779,1976947,2,tobillo,terminal,-0.2007,0.9712,-0.0503,-11.9019,-3.6621,-12.3901,t002,FIJTB
2528982779,1976964,2,tobillo,terminal,-0.1854,0.9570,-0.0564,-8.2397,-3.2349,-11.6577,t002,FIJTB
2528982779,1976980,2,tobillo,terminal,-0.1888,0.9514,-0.0535,-7.0801,-3.3569,-9.9487,t002,FIJTB
2528982829,1976996,2,tobillo,terminal,-0.1935,0.9536,-0.0386,-7.4463,-3.4790,-10.0708,t002,FIJTB
2528982829,1977012,2,tobillo,terminal,-0.1897,0.9590,-0.0494,-8.2397,-2.7466,-10.3760,t002,FIJTB
2528982829,1977028,2,tobillo,terminal,-0.1996,0.9557,-0.0586,-8.7891,-1.5259,-10.6201,t002,FIJTB
2528982874,1977044,2,tobillo,terminal,-0.2113,0.9584,-0.0626,-8.6670,-1.4648,-11.3525,t002,FIJTB
2528982876,1977060,2,tobillo,terminal,-0.1986,0.9583,-0.0582,-8.4229,-1.4648,-13.6108,t002,FIJTB
2528982876,1977076,2,tobillo,terminal,-0.1796,0.9650,-0.0537,-8.6670,-1.3428,-14.5874,t002,FIJTB
2528982925,1977093,2,tobillo,terminal,-0.1711,0.9651,-0.0549,-8.8501,-1.2817,-14.8926,t002,FIJTB
2528982926,1977109,2,tobillo,terminal,-0.1704,0.9719,-0.0551,-10.0708,-1.4648,-15.7471,t002,FIJTB
2528982926,1977125,2,tobillo,terminal,-0.1819,0.9735,-0.0625,-10.8643,-2.1362,-16.2354,t002,FIJTB
2528982972,1977141,2,tobillo,terminal,-0.1719,0.9657,-0.0548,-11.4746,-4.1504,-18.1274,t002,FIJTB
2528982973,1977157,2,tobillo,terminal,-0.1829,0.9646,-0.0569,-12.5122,-4.0283,-20.4468,t002,FIJTB
2528982973,1977173,2,tobillo,terminal,-0.1814,0.9733,-0.0634,-12.7563,-3.4790,-22.4609,t002,FIJTB
2528983021,1977190,2,tobillo,terminal,-0.1643,0.9760,-0.0731,-12.6953,-2.2583,-26.8555,t002,FIJTB
2528983021,1977206,2,tobillo,terminal,-0.1654,0.9698,-0.0813,-12.1460,-1.4038,-30.8228,t002,FIJTB
2528983022,1977222,2,tobillo,terminal,-0.1577,0.9591,-0.0988,-11.4746,-1.0986,-32.5317,t002,FIJTB
2528983066,1977238,2,tobillo,terminal,-0.1508,0.9656,-0.0988,-11.5967,-1.4648,-35.5225,t002,FIJTB
2528983068,1977254,2,tobillo,terminal,-0.1311,0.9821,-0.0872,-12.8174,-2.5635,-41.3208,t002,FIJTB
2528983068,1977270,2,tobillo,terminal,-0.1365,0.9819,-0.1105,-13.3667,-2.8076,-44.3726,t002,FIJTB
2528983117,1977287,2,tobillo,terminal,-0.1221,0.9889,-0.1274,-14.5264,-3.9673,-48.6450,t002,FIJTB
2528983117,1977303,2,tobillo,terminal,-0.0485,0.9618,-0.0696,-15.6250,-4.6997,-49.9268,t002,FIJTB
2528983117,1977319,2,tobillo,terminal,0.0159,1.0044,-0.0604,-18.6768,-3.4790,-46.7529,t002,FIJTB
2528983161,1977335,2,tobillo,terminal,-0.0288,1.0125,-0.1000,-21.7285,-3.1128,-43.0298,t002,FIJTB
2528983162,1977351,2,tobillo,swing,-0.0576,0.9927,-0.1514,-21.4844,-4.0894,-42.2363,t002,FIJTB
2528983164,1977367,2,tobillo,swing,-0.0312,1.0011,-0.1196,-23.4375,-6.7139,-43.0908,t002,FIJTB
2528983212,1977383,2,tobillo,swing,-0.0380,1.0068,-0.1285,-25.9399,-6.2256,-47.8516,t002,FIJTB
2528983212,1977399,2,tobillo,swing,-0.0292,1.0017,-0.1444,-27.0386,-5.7373,-50.5371,t002,FIJTB
2528983212,1977415,2,tobillo,swing,-0.0182,1.0096,-0.1361,-29.5410,-6.2256,-54.0771,t002,FIJTB
2528983258,1977431,2,tobillo,swing,-0.0229,1.0197,-0.1398,-30.5176,-6.8359,-56.2134,t002,FIJTB
2528983259,1977447,2,tobillo,swing,0.0055,1.0159,-0.1338,-31.5552,-7.0801,-61.4624,t002,FIJTB
2528983259,1977463,2,tobillo,swing,0.0267,1.0140,-0.1381,-33.5083,-7.4463,-67.2607,t002,FIJTB
2528983306,1977479,2,tobillo,swing,0.0564,1.0494,-0.1360,-35.5225,-8.9722,-70.9229,t002,FIJTB
2528983306,1977495,2,tobillo,swing,0.0269,1.1346,-0.1575,-38.3911,-13.9770,-81.1157,t002,FIJTB
2528983307,1977511,2,tobillo,swing,0.0173,1.2013,-0.1758,-36.3159,-22.8271,-100.8911,t002,FIJTB
2528983350,1977527,2,tobillo,swing,0.0525,1.2775,-0.1776,-35.0952,-29.2358,-111.9995,t002,FIJTB
2528983352,1977543,2,tobillo,swing,0.0350,1.2603,-0.1532,-40.2832,-42.4805,-122.3144,t002,FIJTB
2528983353,1977559,2,tobillo,swing,0.0206,1.2456,-0.0844,-44.4946,-50.2930,-120.7275,t002,FIJTB
2528983400,1977575,2,tobillo,swing,0.1198,1.1776,-0.0023,-51.5137,-66.4063,-114.5019,t002,FIJTB
2528983400,1977591,2,tobillo,swing,0.1638,1.1243,0.0421,-56.9458,-77.6367,-115.4175,t002,FIJTB
2528983401,1977607,2,tobillo,swing,0.2037,1.0668,0.0612,-58.5327,-81.0547,-115.4175,t002,FIJTB
2528983443,1977623,2,tobillo,swing,0.2052,1.0465,0.0300,-56.9458,-84.0454,-119.1406,t002,FIJTB
2528983445,1977639,2,tobillo,swing,0.1941,1.0157,-0.1219,-54.1382,-76.6602,-118.5913,t002,FIJTB
2528983486,1977655,2,tobillo,swing,0.2621,0.9971,-0.2354,-56.5186,-67.9321,-117.0044,t002,FIJTB
2528983494,1977671,2,tobillo,swing,0.3647,1.0071,-0.2170,-58.0444,-51.7578,-110.9619,t002,FIJTB
2528983495,1977687,2,tobillo,swing,0.5325,1.0417,-0.2772,-56.7017,-53.7720,-105.8350,t002,FIJTB
2528983510,1977703,2,tobillo,swing,0.5778,0.9846,-0.2386,-47.8516,-73.8525,-96.1914,t002,FIJTB
2528983540,1977719,2,tobillo,swing,0.5073,0.9768,-0.3223,-48.0957,-97.8393,-84.7168,t002,FIJTB
2528983543,1977735,2,tobillo,swing,0.2389,1.0549,-0.4869,-52.1240,-106.0181,-74.5239,t002,FIJTB
2528983566,1977751,2,tobillo,swing,0.1454,1.0654,-0.4827,-43.5181,-92.4072,-53.0395,t002,FIJTB
2528983590,1977767,2,tobillo,swing,0.0217,0.8580,-0.2416,-19.9585,-45.1660,-53.3447,t002,FIJTB
2528983591,1977783,2,tobillo,swing,-0.0106,0.4062,-0.1323,-10.2539,-23.7427,-69.8853,t002,FIJTB
2528983627,1977799,2,tobillo,swing,0.0049,0.4674,-0.2073,-19.5923,1.9531,-46.0815,t002,FIJTB
2528983634,1977815,2,tobillo,swing,-0.2277,0.9814,-0.0294,-21.7285,-3.6011,22.8271,t002,FIJTB
2528983636,1977831,2,tobillo,swing,-0.3463,0.5271,-0.0153,33.3862,-27.3437,115.5395,t002,FIJTB
2528983687,1977847,2,tobillo,swing,-0.3546,0.3105,0.0155,49.9268,-21.5454,102.7222,t002,FIJTB
2528983687,1977863,2,tobillo,swing,-0.3191,0.5073,0.1058,52.6123,-28.8086,109.6802,t002,FIJTB
2528983688,1977879,2,tobillo,swing,-0.2922,0.6207,0.0948,72.6929,-61.6455,151.1230,t002,FIJTB
2528983688,1977894,2,tobillo,swing,-0.2249,0.5619,0.1431,81.6650,-66.7114,165.2832,t002,FIJTB
2528983733,1977910,2,tobillo,swing,-0.2328,0.7421,0.2274,86.7920,-54.4434,182.7392,t002,FIJTB
2528983734,1977926,2,tobillo,swing,-0.2131,0.8862,0.1874,88.9282,-42.2363,195.0073,t002,FIJTB
2528983735,1977942,2,tobillo,swing,-0.1001,0.9661,0.0597,89.8437,-26.3062,197.7539,t002,FIJTB
2528983781,1977958,2,tobillo,swing,-0.0925,1.0249,0.0291,76.3550,14.0381,208.8013,t002,FIJTB
2528983782,1977974,2,tobillo,swing,0.0038,1.2607,-0.0660,67.8101,29.0527,211.1206,t002,FIJTB
2528983782,1977989,2,tobillo,swing,0.0890,1.3959,-0.1390,56.8848,53.7720,207.1533,t002,FIJTB
2528983825,1978005,2,tobillo,swing,0.1235,1.4105,-0.1675,48.4619,68.7256,194.3970,t002,FIJTB
2528983828,1978021,2,tobillo,swing,0.2606,1.4907,-0.2399,43.7622,71.7163,187.9272,t002,FIJTB
2528983858,1978037,2,tobillo,swing,0.2548,1.4985,-0.2917,36.5601,75.8667,179.1382,t002,FIJTB
2528983876,1978053,2,tobillo,swing,0.1117,1.4211,-0.3347,33.6914,78.6743,171.6919,t002,FIJTB
2528983876,1978068,2,tobillo,swing,0.1559,1.3743,-0.3413,31.3110,86.2427,151.0620,t002,FIJTB
2528983877,1978084,2,tobillo,swing,0.2190,1.3650,-0.3359,35.0342,85.4492,146.2402,t002,FIJTB
2528983922,1978100,2,tobillo,swing,0.1168,1.2444,-0.3082,36.8042,78.8574,150.2075,t002,FIJTB
2528983923,1978116,2,tobillo,swing,0.0399,1.1691,-0.2881,33.9966,65.6738,145.4468,t002,FIJTB
2528983930,1978132,2,tobillo,swing,0.1119,1.1689,-0.3021,31.1890,60.4248,137.4512,t002,FIJTB
2528983971,1978147,2,tobillo,swing,0.2883,1.2357,-0.2849,27.4658,48.7061,136.7187,t002,FIJTB
2528983972,1978163,2,tobillo,loading,0.1686,1.1851,-0.2291,27.9541,31.1279,156.6772,t002,FIJTB
2528983972,1978179,2,tobillo,loading,-0.1919,1.0654,-0.1573,24.5361,27.5269,159.1187,t002,FIJTB
2528984016,1978195,2,tobillo,loading,-0.1819,1.1036,-0.1294,15.1367,41.8701,146.4844,t002,FIJTB
2528984017,1978211,2,tobillo,loading,-0.0082,1.1945,-0.0764,15.0146,53.8330,141.9067,t002,FIJTB
2528984020,1978227,2,tobillo,loading,-0.0134,1.1378,-0.0527,16.6016,56.1523,141.4795,t002,FIJTB
2528984070,1978242,2,tobillo,loading,-0.0110,1.1132,-0.0631,19.8975,65.1245,134.3384,t002,FIJTB
2528984071,1978258,2,tobillo,loading,-0.0613,1.0784,-0.1077,20.7520,69.2139,129.5166,t002,FIJTB
2528984071,1978274,2,tobillo,loading,-0.0381,1.0085,-0.1680,17.3340,68.7256,113.4033,t002,FIJTB
2528984117,1978290,2,tobillo,loading,0.0922,1.0217,-0.1934,13.8550,51.9409,88.0737,t002,FIJTB
2528984118,1978306,2,tobillo,loading,0.1082,0.9537,-0.2003,12.2070,38.3301,80.4443,t002,FIJTB
2528984119,1978322,2,tobillo,loading,0.0605,0.9127,-0.1779,3.7842,18.3105,61.0962,t002,FIJTB
2528984167,1978337,2,tobillo,loading,0.1044,0.9022,-0.1395,-0.9766,14.7095,47.1802,t002,FIJTB
2528984168,1978353,2,tobillo,loading,0.0812,0.8705,-0.1107,-10.3760,11.5356,21.4233,t002,FIJTB
2528984168,1978369,2,tobillo,loading,0.0463,0.8683,-0.1124,-21.2402,11.2915,-6.2866,t002,FIJTB
2528984215,1978385,2,tobillo,loading,0.0057,0.8701,-0.0875,-26.3672,12.8174,-19.7754,t002,FIJTB
2528984216,1978401,2,tobillo,loading,0.0157,0.8623,-0.0593,-33.9966,17.8223,-42.4194,t002,FIJTB
2528984216,1978418,2,tobillo,loading,-0.2936,0.8788,0.0659,-38.4521,21.6064,-48.4009,t002,FIJTB
2528984264,1978434,2,tobillo,loading,-0.7435,0.9489,0.3550,-34.2407,49.3164,-38.7573,t002,FIJTB
2528984265,1978450,2,tobillo,loading,-0.7169,0.9824,0.3757,-8.1787,66.7725,-43.6401,t002,FIJTB
2528984265,1978466,2,tobillo,loading,-0.5608,0.7417,0.3413,-9.5825,63.1103,-62.9272,t002,FIJTB
2528984311,1978482,2,tobillo,loading,-0.5430,1.2970,0.4612,-42.1143,45.8374,-80.1392,t002,FIJTB
2528984312,1978498,2,tobillo,loading,-0.3694,1.5059,0.4407,-55.0537,1.4038,-114.4409,t002,FIJTB
2528984312,1978514,2,tobillo,loading,0.0734,1.2115,0.0940,-59.6313,-5.2490,-127.9907,t002,FIJTB
2528984360,1978529,2,tobillo,loading,-0.0406,1.0068,0.0575,-87.4634,6.7749,-63.3545,t002,FIJTB
2528984360,1978545,2,tobillo,loading,-0.3291,0.9529,0.0184,-91.9189,8.4229,-43.1519,t002,FIJTB
2528984361,1978561,2,tobillo,loading,-0.3561,0.9773,-0.1483,-63.5376,10.3760,-46.5698,t002,FIJTB
2528984405,1978577,2,tobillo,loading,-0.3488,0.9662,-0.1888,-37.2314,10.6201,-49.3774,t002,FIJTB
2528984405,1978593,2,tobillo,midstance,-0.3129,0.9843,-0.1105,-36.1328,7.9346,-47.6074,t002,FIJTB
2528984408,1978610,2,tobillo,midstance,-0.2063,0.9785,-0.0487,-30.4565,0.0610,-35.4614,t002,FIJTB
2528984458,1978626,2,tobillo,midstance,-0.1974,0.9485,-0.0259,-19.0430,-9.7046,-20.9961,t002,FIJTB
2528984458,1978642,2,tobillo,midstance,-0.2478,0.9705,0.0118,-17.0898,-12.6953,-17.0288,t002,FIJTB
2528984459,1978658,2,tobillo,midstance,-0.2628,0.9739,0.0370,-20.0195,-10.3149,-9.4604,t002,FIJTB
2528984506,1978674,2,tobillo,midstance,-0.2906,0.9646,0.0315,-21.9727,-7.7515,-7.5684,t002,FIJTB
2528984507,1978690,2,tobillo,midstance,-0.3334,0.9440,-0.0300,-24.7192,-2.6245,-8.4229,t002,FIJTB
2528984507,1978706,2,tobillo,midstance,-0.3470,0.9348,-0.0648,-21.6064,-1.4648,-10.0708,t002,FIJTB
2528984557,1978722,2,tobillo,midstance,-0.2924,0.9512,-0.0640,-16.4185,-1.0376,-9.9487,t002,FIJTB
2528984557,1978738,2,tobillo,midstance,-0.2737,0.9574,-0.0107,-3.0518,-7.0801,-9.9487,t002,FIJTB
2528984557,1978754,2,tobillo,midstance,-0.2806,0.9473,0.0144,-1.8311,-13.7939,-9.8267,t002,FIJTB
2528984604,1978770,2,tobillo,midstance,-0.3120,0.9379,0.0052,-4.2725,-15.0757,-9.5825,t002,FIJTB
2528984605,1978786,2,tobillo,midstance,-0.3274,0.9314,-0.0103,-7.7515,-13.5498,-11.9629,t002,FIJTB
2528984605,1978802,2,tobillo,midstance,-0.3433,0.9136,-0.0360,-6.2256,-13.1836,-14.6484,t002,FIJTB
2528984654,1978819,2,tobillo,midstance,-0.3372,0.8967,-0.0568,2.3193,-14.6484,-19.7754,t002,FIJTB
2528984654,1978835,2,tobillo,midstance,-0.3400,0.8999,-0.0663,2.5635,-15.0146,-21.1182,t002,FIJTB
2528984655,1978851,2,tobillo,midstance,-0.3500,0.8995,-0.0623,-0.6714,-12.8784,-21.3623,t002,FIJTB
2528984700,1978867,2,tobillo,midstance,-0.3004,0.9403,-0.0304,-6.5918,-5.5542,-24.8413,t002,FIJTB
2528984702,1978883,2,tobillo,midstance,-0.2782,0.8763,-0.0302,0.0610,1.8921,-28.3203,t002,FIJTB
2528984702,1978899,2,tobillo,midstance,-0.2122,1.0107,0.0150,-5.0049,4.5776,-26.7334,t002,FIJTB
2528984751,1978915,2,tobillo,midstance,-0.1536,1.0458,0.0612,-9.0332,8.7280,-25.6958,t002,FIJTB
2528984752,1978930,2,tobillo,midstance,-0.2363,0.9141,0.0161,-6.4697,6.5308,-23.0103,t002,FIJTB
2528984752,1978946,2,tobillo,midstance,-0.2357,0.9341,-0.0369,-8.0566,0.7324,-19.3481,t002,FIJTB
2528984797,1978963,2,tobillo,midstance,-0.2596,0.9379,-0.0524,-12.6343,-0.6104,-19.4092,t002,FIJTB
2528984799,1978979,2,tobillo,midstance,-0.2767,0.9454,-0.0676,-12.7563,0.1221,-19.8364,t002,FIJTB
2528984800,1978995,2,tobillo,midstance,-0.2496,0.9736,-0.0345,-12.8784,3.5400,-23.1934,t002,FIJTB
2528984848,1979011,2,tobillo,midstance,-0.2411,0.9637,-0.0269,-11.9019,6.4697,-25.5737,t002,FIJTB
2528984849,1979027,2,tobillo,midstance,-0.1215,0.9860,-0.0071,-10.2539,6.1646,-25.0244,t002,FIJTB
2528984850,1979043,2,tobillo,midstance,-0.1282,0.9807,-0.0170,-12.0239,0.1221,-19.4092,t002,FIJTB
2528984895,1979059,2,tobillo,midstance,-0.1813,0.9810,-0.0353,-13.3667,-2.7466,-17.5171,t002,FIJTB
2528984896,1979075,2,tobillo,midstance,-0.2246,0.9615,-0.0439,-15.0146,-5.0049,-16.4185,t002,FIJTB
2528984898,1979091,2,tobillo,midstance,-0.2025,0.9584,-0.0446,-15.1367,-5.7983,-18.7378,t002,FIJTB
2528984947,1979107,2,tobillo,midstance,-0.1619,0.9631,-0.0376,-16.2354,-6.1646,-18.8599,t002,FIJTB
2528984947,1979123,2,tobillo,midstance,-0.1846,0.9729,-0.0558,-18.4937,-5.6763,-19.0430,t002,FIJTB
2528984948,1979140,2,tobillo,midstance,-0.1899,0.9766,-0.0692,-18.1274,-5.0659,-22.5220,t002,FIJTB
2528984964,1979156,2,tobillo,midstance,-0.1776,0.9653,-0.0825,-17.5171,-4.9438,-24.9634,t002,FIJTB
2528984992,1979172,2,tobillo,midstance,-0.1759,0.9740,-0.0767,-16.6626,-4.7607,-29.6631,t002,FIJTB
2528984995,1979188,2,tobillo,midstance,-0.1815,0.9728,-0.0797,-16.7236,-2.2583,-35.4614,t002,FIJTB
2528985027,1979204,2,tobillo,midstance,-0.1610,0.9629,-0.0776,-16.6626,-0.6714,-37.8418,t002,FIJTB
2528985044,1979221,2,tobillo,midstance,-0.1368,0.9701,-0.0842,-16.0522,1.3428,-40.1001,t002,FIJTB
2528985045,1979237,2,tobillo,midstance,-0.1332,0.9781,-0.1143,-14.5874,0.2441,-41.9922,t002,FIJTB
2528985046,1979253,2,tobillo,midstance,-0.1000,0.9825,-0.1068,-14.9536,-1.3428,-43.6401,t002,FIJTB
2528985090,1979269,2,tobillo,midstance,-0.1008,0.9858,-0.0986,-18.2495,-4.3945,-46.5088,t002,FIJTB
2528985092,1979285,2,tobillo,midstance,-0.1244,0.9948,-0.1122,-19.4092,-4.9438,-48.7671,t002,FIJTB
2528985141,1979301,2,tobillo,midstance,-0.0941,0.9945,-0.1305,-19.4092,-3.1128,-55.7861,t002,FIJTB
2528985142,1979317,2,tobillo,midstance,-0.0715,0.9886,-0.1305,-19.8364,-2.1973,-58.7158,t002,FIJTB
2528985142,1979333,2,tobillo,midstance,-0.0409,0.9832,-0.1259,-20.9961,-2.3193,-55.8472,t002,FIJTB
2528985143,1979350,2,tobillo,midstance,-0.0104,0.9940,-0.1339,-23.9258,-3.2349,-49.1943,t002,FIJTB
2528985189,1979366,2,tobillo,midstance,0.0066,0.9904,-0.1423,-26.8555,-4.9438,-47.8516,t002,FIJTB
2528985190,1979382,2,tobillo,midstance,-0.0127,0.9978,-0.1569,-28.3203,-7.0190,-47.0581,t002,FIJTB
2528985238,1979398,2,tobillo,midstance,-0.0006,0.9945,-0.1515,-29.6631,-10.6812,-47.5464,t002,FIJTB
2528985238,1979414,2,tobillo,midstance,0.0231,1.0000,-0.1447,-31.0669,-12.3901,-47.8516,t002,FIJTB
2528985239,1979430,2,tobillo,terminal,0.0311,0.9928,-0.1649,-31.4331,-12.5122,-48.5229,t002,FIJTB
2528985239,1979446,2,tobillo,terminal,0.0266,1.0001,-0.1764,-32.6538,-13.7329,-50.0488,t002,FIJTB
2528985284,1979462,2,tobillo,terminal,0.0245,1.0354,-0.1880,-33.6914,-14.8926,-52.2461,t002,FIJTB
2528985285,1979478,2,tobillo,terminal,0.0011,1.1219,-0.1869,-35.4004,-17.8833,-59.5703,t002,FIJTB
2528985288,1979494,2,tobillo,terminal,-0.0197,1.1753,-0.2032,-34.3018,-20.9961,-74.7070,t002,FIJTB
2528985337,1979510,2,tobillo,terminal,-0.0135,1.1758,-0.2056,-36.8652,-20.6909,-80.3223,t002,FIJTB
2528985338,1979526,2,tobillo,terminal,0.0328,1.1626,-0.1531,-43.9453,-25.3906,-80.2612,t002,FIJTB
2528985338,1979542,2,tobillo,terminal,0.1116,1.1823,-0.1036,-44.7388,-33.3252,-80.3223,t002,FIJTB
2528985387,1979558,2,tobillo,terminal,0.1232,1.1460,-0.0681,-47.4243,-52.4292,-80.5664,t002,FIJTB
2528985388,1979574,2,tobillo,terminal,0.1152,1.1117,-0.0416,-48.4619,-66.7725,-90.9424,t002,FIJTB
2528985388,1979590,2,tobillo,terminal,0.1322,1.0752,-0.0244,-46.9971,-69.8853,-95.3369,t002,FIJTB
2528985435,1979606,2,tobillo,terminal,0.2106,1.0154,-0.0387,-40.5273,-70.4956,-99.6704,t002,FIJTB
2528985436,1979622,2,tobillo,terminal,0.2306,0.9784,-0.0519,-34.2407,-73.6084,-104.5532,t002,FIJTB
2528985436,1979639,2,tobillo,terminal,0.2407,0.9592,-0.1172,-33.3862,-75.5005,-105.7739,t002,FIJTB
2528985483,1979655,2,tobillo,terminal,0.2419,0.9542,-0.1719,-33.0200,-72.8760,-106.8726,t002,FIJTB
2528985484,1979671,2,tobillo,terminal,0.3031,0.9757,-0.2406,-34.2407,-66.5894,-103.4546,t002,FIJTB
2528985484,1979687,2,tobillo,terminal,0.3259,1.0935,-0.3760,-32.5928,-63.2324,-101.9287,t002,FIJTB
2528985525,1979703,2,tobillo,terminal,0.3396,1.0938,-0.3855,-34.4238,-65.8569,-83.2519,t002,FIJTB
2528985533,1979719,2,tobillo,terminal,0.5807,1.0472,-0.3612,-32.3486,-70.9229,-72.4487,t002,FIJTB
2528985534,1979735,2,tobillo,terminal,0.3306,1.0956,-0.4988,-26.0620,-78.0029,-80.6274,t002,FIJTB
2528985578,1979751,2,tobillo,terminal,0.0973,1.1074,-0.5802,-27.1606,-78.5522,-68.1763,t002,FIJTB
2528985581,1979767,2,tobillo,terminal,0.0995,1.0657,-0.4738,-23.9868,-60.1196,-51.8799,t002,FIJTB
2528985581,1979783,2,tobillo,terminal,0.2134,0.9302,-0.3081,-4.5776,-15.8081,-30.2124,t002,FIJTB
2528985630,1979799,2,tobillo,terminal,0.0676,0.4398,-0.1704,15.3809,-4.0283,-18.6768,t002,FIJTB
2528985631,1979815,2,tobillo,terminal,-0.6476,0.7571,0.0283,7.3853,-18.6157,19.4092,t002,FIJTB
2528985631,1979830,2,tobillo,terminal,-0.7190,0.7462,0.1216,31.3721,-56.5186,71.1060,t002,FIJTB
2528985677,1979846,2,tobillo,terminal,-0.3098,0.3253,-0.0450,43.2129,-55.4199,49.6216,t002,FIJTB
2528985677,1979862,2,tobillo,terminal,-0.1528,0.4786,-0.1051,27.7100,-32.4097,30.1514,t002,FIJTB
2528985678,1979878,2,tobillo,terminal,-0.2117,0.6514,-0.0134,35.7056,-20.9961,106.5674,t002,FIJTB
2528985725,1979894,2,tobillo,terminal,-0.2087,0.7166,0.1123,55.7251,-26.3062,138.6719,t002,FIJTB
2528985726,1979910,2,tobillo,terminal,-0.1582,0.6935,0.1385,77.6367,-36.3159,150.8789,t002,FIJTB
2528985726,1979926,2,tobillo,terminal,-0.2234,0.6992,0.1451,80.8716,-38.5132,155.0293,t002,FIJTB
2528985771,1979941,2,tobillo,terminal,-0.2428,0.7454,0.2031,74.6460,-32.2876,167.9687,t002,FIJTB
2528985772,1979957,2,tobillo,terminal,-0.1334,0.8868,0.1699,53.5278,0.2441,182.6782,t002,FIJTB
2528985772,1979973,2,tobillo,terminal,-0.0392,1.1842,0.0355,46.7529,17.2119,198.1811,t002,FIJTB
2528985820,1979989,2,tobillo,terminal,-0.0806,1.2218,0.0171,42.6636,42.9077,212.0361,t002,FIJTB
2528985821,1980005,2,tobillo,terminal,-0.0486,1.3179,-0.0513,39.4287,56.1523,207.9468,t002,FIJTB
2528985821,1980021,2,tobillo,terminal,0.0243,1.4025,-0.1492,30.4565,77.6367,195.6177,t002,FIJTB
2528985865,1980036,2,tobillo,swing,0.0822,1.4609,-0.1859,22.3389,87.5854,187.8052,t002,FIJTB
2528985866,1980052,2,tobillo,swing,0.4175,1.6749,-0.4016,19.7754,91.4917,185.7300,t002,FIJTB
2528985866,1980068,2,tobillo,swing,0.4482,1.6814,-0.4655,24.3530,84.4116,179.0161,t002,FIJTB
2528985918,1980084,2,tobillo,swing,0.4340,1.3696,-0.2771,29.5410,74.0356,169.2505,t002,FIJTB
2528985919,1980100,2,tobillo,swing,0.3422,1.2261,-0.1188,34.0576,37.6587,138.4888,t002,FIJTB
2528985919,1980116,2,tobillo,swing,0.1031,1.0664,-0.0676,30.0293,7.5073,137.2681,t002,FIJTB
2528985963,1980132,2,tobillo,swing,-0.2034,1.2081,-0.1526,24.7192,7.0801,134.7656,t002,FIJTB
2528985964,1980148,2,tobillo,swing,-0.2131,1.3431,-0.2430,21.9727,32.1045,146.4233,t002,FIJTB
2528985966,1980164,2,tobillo,swing,0.1077,0.9689,-0.0443,41.4429,41.6870,92.3462,t002,FIJTB
2528985998,1980179,2,tobillo,swing,0.2413,0.9617,0.0438,37.6587,17.7002,64.7583,t002,FIJTB
2528986016,1980195,2,tobillo,swing,-0.0181,1.3313,-0.0804,25.9399,-25.3906,84.9609,t002,FIJTB
2528986017,1980211,2,tobillo,swing,-0.2159,1.1349,-0.0410,34.9121,-17.6392,95.7031,t002,FIJTB
2528986061,1980227,2,tobillo,swing,-0.1824,0.9592,-0.0504,34.3628,8.5449,70.1294,t002,FIJTB
2528986065,1980243,2,tobillo,swing,-0.0375,0.9146,-0.0500,18.4937,36.9263,76.3550,t002,FIJTB
2528986065,1980259,2,tobillo,swing,-0.0267,1.1593,-0.0897,16.2964,39.6118,81.3599,t002,FIJTB
2528986113,1980275,2,tobillo,swing,-0.0708,1.2148,-0.1483,22.7661,51.2695,99.2432,t002,FIJTB
2528986114,1980291,2,tobillo,swing,-0.0154,0.9967,-0.0310,25.6348,64.2700,103.0884,t002,FIJTB
2528986114,1980307,2,tobillo,swing,-0.0493,0.9725,0.0869,26.2451,70.9839,106.0791,t002,FIJTB
2528986115,1980322,2,tobillo,swing,-0.1674,0.9678,0.0452,20.3857,70.9839,94.2993,t002,FIJTB
2528986160,1980338,2,tobillo,swing,-0.2576,1.0281,-0.0770,13.2446,78.3691,81.2988,t002,FIJTB
2528986162,1980354,2,tobillo,swing,-0.0369,1.0074,-0.1095,8.7891,87.4634,47.0581,t002,FIJTB
2528986163,1980370,2,tobillo,swing,0.5010,0.9545,-0.1251,11.4136,83.3740,26.8555,t002,FIJTB
2528986211,1980386,2,tobillo,swing,0.0458,1.0946,-0.1780,4.8828,51.7578,36.3159,t002,FIJTB
2528986212,1980402,2,tobillo,swing,-0.0087,0.8401,-0.2632,2.9907,41.3818,3.6621,t002,FIJTB
2528986212,1980418,2,tobillo,swing,0.3433,0.7771,-0.3348,-12.5122,42.2363,-27.9541,t002,FIJTB
2528986256,1980434,2,tobillo,swing,0.2657,0.9753,-0.1543,-33.2031,41.3208,-29.8462,t002,FIJTB
2528986259,1980450,2,tobillo,swing,-0.1846,1.0321,0.0524,-10.5591,29.9072,-35.4004,t002,FIJTB
2528986259,1980466,2,tobillo,swing,0.0256,0.7849,-0.2607,-14.6484,25.6958,-66.3452,t002,FIJTB
2528986308,1980482,2,tobillo,swing,-0.2104,1.1306,-0.1489,-17.9443,6.7139,-44.9219,t002,FIJTB
2528986309,1980498,2,tobillo,swing,-0.9304,1.1477,0.2150,16.9678,-0.0610,-14.8315,t002,FIJTB
2528986309,1980514,2,tobillo,swing,-0.8539,1.2220,0.0858,45.7764,-14.0381,-21.8506,t002,FIJTB
2528986354,1980530,2,tobillo,swing,-0.5844,1.3004,0.1842,0.6104,-5.3711,-85.3271,t002,FIJTB
2528986356,1980546,2,tobillo,swing,-0.2981,0.9935,0.4004,-25.1465,12.0239,-105.7739,t002,FIJTB
2528986356,1980562,2,tobillo,swing,-0.3425,0.7843,0.2817,-54.6265,30.8838,-82.0312,t002,FIJTB
2528986405,1980578,2,tobillo,swing,-0.1594,0.9169,0.1931,-45.7153,26.7334,-58.7158,t002,FIJTB
2528986406,1980594,2,tobillo,loading,-0.2765,0.8843,0.0818,-38.3911,18.4937,-49.0112,t002,FIJTB
2528986406,1980610,2,tobillo,loading,-0.4216,0.8739,0.0170,-42.1143,13.3667,-32.2266,t002,FIJTB
2528986452,1980626,2,tobillo,loading,-0.3571,0.9906,0.0188,-44.2505,15.0146,-33.6914,t002,FIJTB
2528986452,1980642,2,tobillo,loading,-0.1560,0.9722,0.0284,-39.7949,10.2539,-41.9311,t002,FIJTB
2528986452,1980658,2,tobillo,loading,-0.1974,0.9016,0.0594,-31.5552,-0.3052,-25.2686,t002,FIJTB
2528986506,1980674,2,tobillo,loading,-0.4478,0.7872,0.1270,-30.0293,-3.8452,-17.4561,t002,FIJTB
2528986506,1980690,2,tobillo,loading,-0.4412,0.8510,0.1266,-33.5083,-3.2959,-23.3154,t002,FIJTB
2528986507,1980706,2,tobillo,loading,-0.1085,1.0936,0.0323,-39.3066,16.0522,-35.6445,t002,FIJTB
2528986555,1980722,2,tobillo,loading,-0.2166,0.9658,0.0536,-37.2925,21.1182,-32.7759,t002,FIJTB
2528986556,1980738,2,tobillo,loading,-0.3745,0.8932,0.0643,-31.1279,17.9443,-30.5176,t002,FIJTB
2528986556,1980754,2,tobillo,loading,-0.2340,0.9763,0.0151,-23.8647,17.7002,-34.9731,t002,FIJTB
2528986606,1980770,2,tobillo,loading,-0.2268,0.9430,0.0293,-15.9302,14.6484,-31.7383,t002,FIJTB
2528986606,1980786,2,tobillo,loading,-0.2394,0.9683,0.0591,-17.5781,4.8218,-30.0293,t002,FIJTB
2528986607,1980802,2,tobillo,loading,-0.1039,1.0596,0.0387,-16.6016,3.2349,-32.2876,t002,FIJTB
2528986653,1980818,2,tobillo,loading,-0.1587,0.9574,-0.0074,-13.4277,1.3428,-23.2544,t002,FIJTB
2528986654,1980834,2,tobillo,loading,-0.2205,0.9849,0.0060,-14.1602,-0.2441,-19.1650,t002,FIJTB
2528986655,1980850,2,tobillo,loading,-0.2058,0.9747,0.0081,-12.7563,0.6714,-19.3481,t002,FIJTB
2528986704,1980866,2,tobillo,loading,-0.1675,0.9880,0.0144,-11.1084,-0.1831,-16.7847,t002,FIJTB
2528986704,1980882,2,tobillo,loading,-0.1407,0.9552,0.0386,-10.4370,-1.0376,-14.9536,t002,FIJTB
2528986705,1980898,2,tobillo,loading,-0.1733,0.9537,0.0403,-11.3525,-2.5635,-8.4839,t002,FIJTB
2528986750,1980914,2,tobillo,loading,-0.1765,0.9620,0.0256,-12.6343,-2.4414,-5.1270,t002,FIJTB
2528986750,1980931,2,tobillo,loading,-0.1740,0.9503,0.0247,-12.8784,-2.3193,-3.9673,t002,FIJTB
2528986753,1980947,2,tobillo,loading,-0.1809,0.9507,0.0311,-13.6108,-3.6011,-0.7935,t002,FIJTB
2528986796,1980963,2,tobillo,loading,-0.2140,0.9513,0.0293,-15.9912,-7.5684,0.1831,t002,FIJTB
2528986804,1980978,2,tobillo,loading,-0.2106,0.9623,0.0093,-16.6626,-8.4229,-0.9155,t002,FIJTB
2528986804,1980995,2,tobillo,loading,-0.2151,0.9622,-0.0001,-17.7612,-6.5918,-3.9673,t002,FIJTB
2528986805,1981011,2,tobillo,loading,-0.2311,0.9580,-0.0005,-17.5781,-5.4321,-5.9814,t002,FIJTB
2528986850,1981027,2,tobillo,loading,-0.2264,0.9673,0.0165,-16.0522,-5.9814,-9.9487,t002,FIJTB
2528986852,1981043,2,tobillo,loading,-0.2268,0.9702,0.0077,-16.7847,-7.7515,-12.3291,t002,FIJTB
2528986853,1981059,2,tobillo,loading,-0.2117,0.9777,-0.0199,-17.5781,-7.0801,-13.3057,t002,FIJTB
2528986902,1981075,2,tobillo,loading,-0.1892,0.9790,-0.0236,-19.1650,-6.0425,-15.9302,t002,FIJTB
2528986902,1981091,2,tobillo,loading,-0.1799,0.9684,-0.0265,-19.4092,-7.1411,-16.9067,t002,FIJTB
2528986903,1981107,2,tobillo,loading,-0.1552,0.9578,-0.0204,-17.6392,-10.6201,-18.0664,t002,FIJTB
2528986948,1981123,2,tobillo,loading,-0.1814,0.9486,-0.0397,-18.3716,-9.2773,-20.4468,t002,FIJTB
2528986950,1981139,2,tobillo,loading,-0.2223,0.9481,-0.0461,-20.3857,-6.6528,-24.8413,t002,FIJTB
2528986951,1981155,2,tobillo,loading,-0.1813,0.9652,-0.0718,-21.7895,-0.1221,-35.8887,t002,FIJTB
2528987000,1981171,2,tobillo,loading,-0.1715,0.9630,-0.0980,-21.0571,2.3804,-42.4805,t002,FIJTB
2528987001,1981187,2,tobillo,loading,-0.1565,0.9729,-0.1223,-20.0806,1.2817,-43.6401,t002,FIJTB
2528987001,1981203,2,tobillo,loading,-0.1195,0.9775,-0.0959,-19.8975,-3.5400,-45.9595,t002,FIJTB
2528987047,1981219,2,tobillo,loading,-0.0659,0.9735,-0.0392,-18.6157,-7.0801,-39.9780,t002,FIJTB
2528987047,1981236,2,tobillo,midstance,-0.1362,0.9727,-0.1068,-18.4326,-6.2256,-37.3535,t002,FIJTB
2528987047,1981252,2,tobillo,midstance,-0.1289,0.9731,-0.1350,-15.2588,-1.4648,-37.5366,t002,FIJTB
2528987101,1981268,2,tobillo,midstance,-0.0597,0.9818,-0.1296,-12.6343,-0.3662,-39.3066,t002,FIJTB
2528987102,1981284,2,tobillo,midstance,-0.0316,1.0011,-0.0702,-10.2539,-5.2490,-42.1143,t002,FIJTB
2528987102,1981300,2,tobillo,midstance,-0.0314,1.0144,-0.0667,-11.9629,-12.1460,-42.3584,t002,FIJTB
2528987149,1981316,2,tobillo,midstance,-0.0654,1.0370,-0.1078,-12.4512,-14.5874,-44.1894,t002,FIJTB
2528987151,1981332,2,tobillo,midstance,-0.1115,1.0605,-0.1272,-11.7187,-17.7002,-52.9175,t002,FIJTB
2528987151,1981348,2,tobillo,midstance,-0.1127,1.0669,-0.1155,-13.8550,-15.5029,-65.5518,t002,FIJTB
2528987201,1981365,2,tobillo,midstance,-0.1217,1.1414,-0.0757,-16.2964,-14.5874,-70.7397,t002,FIJTB
2528987202,1981381,2,tobillo,midstance,-0.1520,1.2003,-0.0505,-18.7378,-21.1182,-72.8149,t002,FIJTB
2528987203,1981397,2,tobillo,midstance,-0.0446,1.1661,-0.0343,-22.1558,-24.1699,-78.1860,t002,FIJTB
2528987247,1981413,2,tobillo,midstance,0.0504,1.1046,-0.0508,-27.4048,-25.0244,-77.8809,t002,FIJTB
2528987248,1981429,2,tobillo,midstance,0.0757,1.0956,-0.0386,-30.7007,-26.6724,-70.6787,t002,FIJTB
2528987250,1981445,2,tobillo,midstance,0.1171,1.1219,-0.0320,-24.5972,-28.1372,-72.4487,t002,FIJTB
2528987267,1981461,2,tobillo,midstance,0.2249,1.0819,-0.0574,-25.5737,-28.6255,-80.3223,t002,FIJTB
2528987298,1981477,2,tobillo,midstance,0.2214,1.0214,-0.1057,-48.9502,-28.1982,-76.6602,t002,FIJTB
2528987298,1981493,2,tobillo,midstance,0.0879,0.7990,-0.1124,-67.6270,-31.1279,-72.5708,t002,FIJTB
2528987342,1981509,2,tobillo,midstance,0.0529,0.8602,-0.1160,-68.6035,-38.1470,-58.7158,t002,FIJTB
2528987344,1981525,2,tobillo,midstance,0.1733,1.1173,-0.1329,-47.6685,-35.2783,-68.9697,t002,FIJTB
2528987344,1981541,2,tobillo,midstance,0.1652,1.0763,-0.1456,-39.2456,-38.0859,-74.5850,t002,FIJTB
2528987390,1981557,2,tobillo,midstance,0.1047,1.0496,-0.1318,-29.7241,-49.3164,-85.5102,t002,FIJTB
2528987391,1981573,2,tobillo,midstance,0.1072,1.0525,-0.0795,-28.0762,-52.9785,-90.8813,t002,FIJTB
2528987392,1981589,2,tobillo,midstance,0.1302,1.1095,-0.0325,-30.3345,-67.0166,-96.3745,t002,FIJTB
2528987437,1981605,2,tobillo,midstance,0.1270,1.1477,-0.0344,-33.2642,-89.7827,-100.7690,t002,FIJTB
2528987438,1981621,2,tobillo,midstance,0.1604,1.2008,-0.0068,-33.4473,-94.1162,-102.3559,t002,FIJTB
2528987438,1981637,2,tobillo,midstance,0.1653,1.1990,-0.0093,-26.3062,-86.7920,-112.3657,t002,FIJTB
2528987484,1981653,2,tobillo,midstance,0.0864,1.1261,-0.2164,-32.0435,-68.1152,-120.8496,t002,FIJTB
2528987485,1981669,2,tobillo,midstance,0.0858,1.1104,-0.3988,-42.0532,-52.8564,-108.9477,t002,FIJTB
2528987485,1981685,2,tobillo,midstance,0.2620,1.1172,-0.3966,-36.4990,-11.3525,-92.8955,t002,FIJTB
2528987530,1981701,2,tobillo,midstance,0.5800,1.0297,-0.5334,-28.9917,-5.1270,-97.8393,t002,FIJTB
2528987531,1981717,2,tobillo,midstance,0.2605,0.9344,-0.6031,-25.5127,-36.2549,-71.4722,t002,FIJTB
2528987532,1981733,2,tobillo,midstance,-0.0297,0.8137,-0.4359,-11.5967,-41.9922,-15.6860,t002,FIJTB
2528987578,1981749,2,tobillo,midstance,-0.4692,0.3514,-0.0271,2.3804,-28.5034,-11.2915,t002,FIJTB
2528987579,1981765,2,tobillo,midstance,-0.4604,0.2993,-0.0719,9.0942,-15.0757,1.4648,t002,FIJTB
2528987579,1981781,2,tobillo,midstance,-0.3447,0.5391,0.0387,3.2349,-32.3486,55.3589,t002,FIJTB
2528987625,1981797,2,tobillo,midstance,-0.3010,0.4615,0.0269,20.9351,-45.9595,80.5664,t002,FIJTB
2528987625,1981813,2,tobillo,midstance,-0.2432,0.4224,0.0374,48.4009,-48.6450,102.1118,t002,FIJTB
2528987625,1981829,2,tobillo,midstance,-0.1606,0.5270,0.1130,49.8047,-38.9404,112.4268,t002,FIJTB
2528987674,1981845,2,tobillo,midstance,-0.1844,0.6750,0.2057,56.3354,-34.3628,159.4849,t002,FIJTB
2528987675,1981861,2,tobillo,terminal,-0.2220,0.6824,0.2216,73.5474,-44.3726,197.9980,t002,FIJTB
2528987675,1981877,2,tobillo,terminal,-0.3102,0.6688,0.2438,70.7397,-43.8843,199.9512,t002,FIJTB
2528987722,1981893,2,tobillo,terminal,-0.2339,0.7675,0.2196,42.1753,-21.9116,200.7446,t002,FIJTB
2528987722,1981909,2,tobillo,terminal,0.0128,1.1241,0.0988,30.3345,-8.6670,210.9985,t002,FIJTB
2528987722,1981925,2,tobillo,terminal,-0.0043,1.2855,0.1030,27.9541,-1.4648,226.5625,t002,FIJTB
2528987776,1981941,2,tobillo,terminal,0.0221,1.3289,0.0909,28.8086,-8.2397,213.3179,t002,FIJTB
2528987776,1981956,2,tobillo,terminal,0.1626,1.5386,-0.0121,25.2075,-8.1177,210.1440,t002,FIJTB
2528987776,1981972,2,tobillo,terminal,0.1648,1.5989,-0.0339,27.6489,-1.8921,217.2241,t002,FIJTB
2528987807,1981988,2,tobillo,terminal,0.0619,1.5195,0.0206,32.1045,2.6245,216.1255,t002,FIJTB
2528987826,1982004,2,tobillo,terminal,0.0850,1.4327,0.0625,33.9966,10.7422,200.6225,t002,FIJTB
2528987827,1982019,2,tobillo,terminal,0.0391,1.3840,0.0769,31.3110,13.8550,188.5986,t002,FIJTB
2528987828,1982035,2,tobillo,terminal,-0.0792,1.3013,0.0785,30.3955,14.5874,180.6030,t002,FIJTB
2528987875,1982050,2,tobillo,terminal,-0.0701,1.2972,0.0715,29.2969,15.9912,164.3677,t002,FIJTB
2528987876,1982066,2,tobillo,terminal,0.0311,1.3762,0.0060,28.5645,13.7939,160.3394,t002,FIJTB
2528987876,1982082,2,tobillo,terminal,0.1089,1.4532,-0.0822,33.4473,11.1694,158.4473,t002,FIJTB
2528987923,1982098,2,tobillo,terminal,0.0256,1.3790,-0.0585,41.3818,21.1792,151.0010,t002,FIJTB
2528987924,1982113,2,tobillo,terminal,-0.1322,1.1765,-0.0085,40.5273,29.2358,141.5405,t002,FIJTB
2528987925,1982129,2,tobillo,terminal,-0.1307,1.1563,-0.0234,31.9824,44.2505,119.6899,t002,FIJTB
2528987974,1982145,2,tobillo,terminal,-0.0525,1.1293,-0.0725,27.8931,50.5981,112.7930,t002,FIJTB
2528987975,1982161,2,tobillo,terminal,0.0366,1.0266,-0.0642,24.2920,58.2886,104.0039,t002,FIJTB
2528987975,1982177,2,tobillo,terminal,0.0515,1.0045,-0.0770,26.6113,51.3306,89.2944,t002,FIJTB
2528988022,1982193,2,tobillo,terminal,-0.0177,0.9744,-0.1735,26.1841,48.7671,81.9702,t002,FIJTB
2528988022,1982209,2,tobillo,terminal,-0.0999,0.9246,-0.1440,18.8599,62.1338,65.1855,t002,FIJTB
2528988023,1982225,2,tobillo,terminal,-0.1042,0.8682,-0.0730,14.2212,68.7256,55.1758,t002,FIJTB
2528988071,1982241,2,tobillo,terminal,0.0531,0.8857,-0.1381,5.6152,63.9038,34.5459,t002,FIJTB
2528988072,1982257,2,tobillo,terminal,0.0371,0.8815,-0.1584,0.3662,40.8325,19.5923,t002,FIJTB
2528988072,1982272,2,tobillo,terminal,-0.0751,0.8383,-0.1240,-1.2207,28.1982,12.1460,t002,FIJTB
2528988117,1982288,2,tobillo,terminal,-0.0775,0.8304,-0.1082,-5.4321,7.3853,-2.5024,t002,FIJTB
2528988119,1982304,2,tobillo,terminal,-0.0502,0.8511,-0.1112,-9.8877,-7.2632,-12.8174,t002,FIJTB
2528988120,1982320,2,tobillo,terminal,-0.2140,0.8590,-0.0975,-11.0474,-13.4277,-17.9443,t002,FIJTB
2528988170,1982337,2,tobillo,terminal,-0.2966,0.8483,-0.0793,-11.5356,-21.4233,-30.0293,t002,FIJTB
2528988170,1982353,2,tobillo,terminal,-0.2914,0.8412,-0.0758,-12.7563,-20.5688,-35.1563,t002,FIJTB
2528988171,1982369,2,tobillo,terminal,-0.2654,0.8716,-0.0951,-17.5781,-14.2822,-38.3911,t002,FIJTB
2528988217,1982385,2,tobillo,terminal,-0.2710,0.8617,-0.0957,-20.2026,-8.6670,-43.0298,t002,FIJTB
2528988217,1982401,2,tobillo,terminal,-0.2837,0.8246,-0.0991,-22.8271,-4.8218,-49.3774,t002,FIJTB
2528988217,1982417,2,tobillo,swing,-0.2784,0.8634,-0.1044,-33.3862,10.0708,-57.4341,t002,FIJTB
2528988268,1982434,2,tobillo,swing,-0.3044,0.8922,-0.0984,-43.7622,33.2642,-60.6689,t002,FIJTB
2528988268,1982449,2,tobillo,swing,-0.9165,1.0223,0.2616,-40.4053,41.5649,-56.7017,t002,FIJTB
2528988269,1982465,2,tobillo,swing,-1.1945,0.9467,0.2594,-11.1084,63.3545,-34.5459,t002,FIJTB
2528988315,1982481,2,tobillo,swing,-0.9647,0.6047,0.3153,-17.0288,76.4160,-51.0864,t002,FIJTB
2528988315,1982497,2,tobillo,swing,-0.1429,1.3525,0.6799,-44.3115,91.4307,-88.2568,t002,FIJTB
2528988317,1982513,2,tobillo,swing,0.2144,1.7052,0.4845,-45.2881,43.3960,-115.7226,t002,FIJTB
2528988367,1982529,2,tobillo,swing,0.3853,1.4835,0.1353,-28.4424,10.6812,-124.7559,t002,FIJTB
2528988367,1982545,2,tobillo,swing,-0.5233,0.7172,-0.1681,-44.6167,-2.4414,-72.9370,t002,FIJTB
2528988368,1982561,2,tobillo,swing,-0.5382,0.8878,-0.2117,-96.1304,42.7246,-75.1343,t002,FIJTB
2528988414,1982578,2,tobillo,swing,-0.0573,1.1002,-0.0637,-62.5000,65.5518,-91.9800,t002,FIJTB
2528988416,1982594,2,tobillo,swing,-0.0747,1.0093,-0.1753,-4.9438,55.2978,-56.5796,t002,FIJTB
2528988416,1982610,2,tobillo,swing,-0.2808,0.9548,-0.0768,-5.0049,36.9873,-40.8325,t002,FIJTB
2528988466,1982626,2,tobillo,swing,0.0173,0.9552,0.1746,-12.2681,9.4604,-44.0063,t002,FIJTB
2528988466,1982642,2,tobillo,swing,0.0227,0.8760,0.1802,-24.3530,-8.5449,-20.3857,t002,FIJTB
2528988466,1982658,2,tobillo,swing,-0.1815,1.0256,0.0983,-33.9355,-7.4463,-10.5591,t002,FIJTB
2528988467,1982674,2,tobillo,swing,-0.3168,0.9761,-0.0780,-31.1279,7.4463,-14.4653,t002,FIJTB
2528988515,1982690,2,tobillo,swing,-0.2701,1.0138,-0.0928,-21.7285,14.4653,-23.9868,t002,FIJTB
2528988515,1982706,2,tobillo,swing,-0.1586,0.9609,0.0092,-18.4937,11.2305,-24.4751,t002,FIJTB
2528988515,1982722,2,tobillo,swing,-0.1277,0.9436,0.0427,-17.8833,-2.6855,-19.8364,t002,FIJTB
2528988564,1982738,2,tobillo,swing,-0.1743,0.9580,0.0078,-21.4233,-5.2490,-19.3481,t002,FIJTB
2528988565,1982754,2,tobillo,swing,-0.2307,0.9941,-0.0502,-20.3857,-1.1597,-21.7285,t002,FIJTB
2528988566,1982770,2,tobillo,swing,-0.2238,0.9700,-0.0552,-14.4043,6.3477,-24.5972,t002,FIJTB
2528988614,1982786,2,tobillo,swing,-0.1072,0.9764,-0.0214,-13.7329,6.2256,-23.4375,t002,FIJTB
2528988614,1982802,2,tobillo,swing,-0.1060,0.9635,-0.0089,-16.7847,-2.6245,-16.4185,t002,FIJTB
2528988615,1982818,2,tobillo,swing,-0.1334,0.9601,-0.0193,-18.0054,-10.3760,-9.0942,t002,FIJTB
2528988664,1982834,2,tobillo,swing,-0.1791,0.9716,-0.0461,-17.7002,-11.3525,-8.5449,t002,FIJTB
2528988664,1982851,2,tobillo,swing,-0.1777,0.9667,-0.0466,-15.5640,-12.0850,-11.3525,t002,FIJTB
2528988665,1982867,2,tobillo,swing,-0.1537,0.9606,-0.0438,-13.9160,-13.3057,-12.2070,t002,FIJTB
2528988713,1982883,2,tobillo,swing,-0.1677,0.9675,-0.0422,-13.6108,-13.8550,-12.4512,t002,FIJTB
2528988714,1982899,2,tobillo,swing,-0.1830,0.9663,-0.0396,-13.4888,-13.4277,-17.0898,t002,FIJTB
2528988714,1982915,2,tobillo,swing,-0.1884,0.9724,-0.0283,-14.0381,-12.8174,-20.9351,t002,FIJTB
2528988763,1982932,2,tobillo,swing,-0.1631,0.9731,-0.0402,-15.4419,-10.2539,-27.9541,t002,FIJTB
2528988764,1982948,2,tobillo,swing,-0.1475,0.9668,-0.0553,-16.2964,-7.5684,-29.7241,t002,FIJTB
2528988764,1982964,2,tobillo,loading,-0.1079,0.9625,-0.0787,-16.4185,-7.0801,-29.0527,t002,FIJTB
2528988811,1982980,2,tobillo,loading,-0.0796,0.9801,-0.0525,-16.9678,-8.2397,-27.6489,t002,FIJTB
2528988811,1982996,2,tobillo,loading,-0.0833,0.9829,-0.0438,-17.8223,-8.7280,-25.3906,t002,FIJTB
2528988813,1983012,2,tobillo,loading,-0.1117,0.9812,-0.0736,-17.9443,-7.8735,-25.0854,t002,FIJTB
2528988864,1983028,2,tobillo,loading,-0.1096,0.9812,-0.0895,-17.5781,-6.3477,-28.2593,t002,FIJTB
2528988865,1983044,2,tobillo,loading,-0.0725,0.9867,-0.0883,-18.0664,-8.3008,-29.5410,t002,FIJTB
2528988865,1983060,2,tobillo,loading,-0.0720,0.9674,-0.0706,-18.7378,-9.4604,-29.1138,t002,FIJTB
2528988911,1983076,2,tobillo,loading,-0.0638,0.9612,-0.0444,-19.3481,-8.3008,-29.1138,t002,FIJTB
2528988911,1983093,2,tobillo,loading,-0.0829,0.9811,-0.0925,-19.1650,-6.2256,-29.6020,t002,FIJTB
2528988914,1983109,2,tobillo,loading,-0.1445,0.9891,-0.1968,-18.1885,-4.6997,-35.7666,t002,FIJTB
2528988964,1983125,2,tobillo,loading,-0.1208,0.9769,-0.1848,-17.8833,-5.1270,-44.4336,t002,FIJTB
2528988964,1983141,2,tobillo,loading,0.0059,0.9830,-0.1108,-19.2871,-5.5542,-44.0674,t002,FIJTB
2528988965,1983157,2,tobillo,loading,-0.0022,1.0061,-0.1132,-22.2168,-8.2397,-37.4756,t002,FIJTB
2528988988,1983174,2,tobillo,loading,-0.0254,1.0067,-0.1300,-21.4844,-8.4229,-37.2925,t002,FIJTB
2528989012,1983190,2,tobillo,loading,-0.0300,1.0142,-0.1335,-21.4233,-8.0566,-39.2456,t002,FIJTB
2528989015,1983206,2,tobillo,loading,-0.0042,1.0120,-0.1500,-22.0947,-9.1553,-42.1753,t002,FIJTB
2528989064,1983222,2,tobillo,loading,0.0023,1.0186,-0.1453,-22.4609,-10.9253,-44.7998,t002,FIJTB
2528989064,1983238,2,tobillo,loading,0.0359,1.0140,-0.1368,-22.7051,-11.9629,-45.5322,t002,FIJTB
2528989065,1983254,2,tobillo,loading,0.0374,1.0144,-0.1354,-24.1699,-15.0757,-46.4478,t002,FIJTB
2528989065,1983270,2,tobillo,loading,0.0204,1.0448,-0.1324,-24.7803,-16.0522,-48.2788,t002,FIJTB
2528989112,1983286,2,tobillo,loading,0.0096,1.0717,-0.1420,-24.9023,-14.8926,-56.6406,t002,FIJTB
2528989113,1983302,2,tobillo,loading,0.0133,1.0812,-0.1488,-24.6582,-11.2915,-69.2749,t002,FIJTB
2528989114,1983318,2,tobillo,loading,0.0438,1.0881,-0.1514,-25.6958,-9.5825,-75.6226,t002,FIJTB
2528989162,1983334,2,tobillo,loading,0.0197,1.1421,-0.1788,-29.7241,-6.6528,-82.1533,t002,FIJTB
2528989163,1983350,2,tobillo,loading,0.0059,1.1545,-0.1809,-27.2827,-8.6060,-91.1865,t002,FIJTB
2528989163,1983366,2,tobillo,loading,0.1208,1.1627,-0.1637,-26.9775,-13.4888,-94.1772,t002,FIJTB
2528989211,1983382,2,tobillo,loading,0.1550,1.1049,-0.1228,-41.3208,-26.6724,-91.0644,t002,FIJTB
2528989211,1983398,2,tobillo,loading,0.1298,1.1152,-0.0543,-46.0815,-36.2549,-92.0410,t002,FIJTB
2528989212,1983414,2,tobillo,loading,0.1915,1.1730,-0.0153,-47.6074,-54.1382,-103.8818,t002,FIJTB
2528989260,1983430,2,tobillo,loading,0.2111,1.1597,0.0266,-51.3916,-76.0498,-114.5019,t002,FIJTB
2528989261,1983446,2,tobillo,loading,0.1973,1.1237,0.1171,-51.7578,-88.9893,-117.6147,t002,FIJTB
2528989261,1983462,2,tobillo,loading,0.2985,1.1399,0.1327,-45.5322,-107.2998,-127.2583,t002,FIJTB
2528989306,1983478,2,tobillo,loading,0.3435,1.1764,0.0774,-33.7524,-114.8071,-134.5825,t002,FIJTB
2528989309,1983494,2,tobillo,midstance,0.2327,1.1481,-0.1261,-30.8228,-110.0464,-135.6201,t002,FIJTB
2528989309,1983510,2,tobillo,midstance,0.1593,1.1106,-0.2246,-34.4238,-78.8574,-137.7563,t002,FIJTB
2528989360,1983526,2,tobillo,midstance,0.1464,1.1384,-0.3544,-37.9028,-59.5093,-134.0942,t002,FIJTB
2528989360,1983542,2,tobillo,midstance,0.3929,1.1281,-0.3284,-38.6353,-38.3301,-107.8491,t002,FIJTB
2528989360,1983558,2,tobillo,midstance,0.5746,1.1027,-0.3286,-26.0010,-42.1753,-87.2192,t002,FIJTB
2528989409,1983574,2,tobillo,midstance,0.5757,0.9872,-0.5270,-24.5361,-54.5044,-80.1392,t002,FIJTB
2528989409,1983590,2,tobillo,midstance,0.3542,0.9839,-0.6199,-33.1421,-73.7915,-58.8989,t002,FIJTB
2528989409,1983606,2,tobillo,midstance,-0.2125,0.7062,-0.4138,-2.6245,-30.2734,-37.0483,t002,FIJTB
2528989458,1983622,2,tobillo,midstance,-0.4419,0.1298,-0.2155,20.4468,8.8501,-29.8462,t002,FIJTB
2528989458,1983638,2,tobillo,midstance,-0.4594,0.3011,-0.1023,2.5635,41.6870,38.0249,t002,FIJTB
2528989459,1983654,2,tobillo,midstance,-0.4426,0.6334,0.1100,-2.6855,23.3154,77.6367,t002,FIJTB
2528989507,1983670,2,tobillo,midstance,-0.2010,0.4225,0.0394,28.6255,-17.3950,103.2715,t002,FIJTB
2528989507,1983686,2,tobillo,midstance,-0.1138,0.4312,0.0229,52.2461,-33.2642,106.5674,t002,FIJTB
2528989508,1983702,2,tobillo,midstance,-0.1918,0.6124,0.0604,57.0068,-43.3350,134.5215,t002,FIJTB
2528989558,1983717,2,tobillo,midstance,-0.2686,0.6395,0.1213,61.6455,-57.4341,188.2324,t002,FIJTB
2528989559,1983733,2,tobillo,midstance,-0.2537,0.7524,0.1932,66.9556,-55.3589,199.2187,t002,FIJTB
2528989560,1983749,2,tobillo,midstance,-0.2252,0.7753,0.2120,80.6885,-45.1050,217.4682,t002,FIJTB
2528989560,1983765,2,tobillo,midstance,-0.2494,0.7794,0.1965,71.6553,-39.3066,221.0083,t002,FIJTB
2528989607,1983781,2,tobillo,midstance,-0.1483,1.0643,0.0797,57.9834,-25.4517,223.8159,t002,FIJTB
2528989608,1983796,2,tobillo,midstance,-0.0676,1.2313,0.0272,40.5884,6.4697,235.8398,t002,FIJTB
2528989609,1983812,2,tobillo,midstance,-0.0435,1.3540,-0.0289,39.3677,11.8408,236.7554,t002,FIJTB
2528989659,1983828,2,tobillo,midstance,0.0704,1.5022,-0.1029,34.7290,7.7515,228.3325,t002,FIJTB
2528989660,1983844,2,tobillo,midstance,0.1462,1.5621,-0.1212,28.8696,-0.2441,218.6889,t002,FIJTB
2528989660,1983860,2,tobillo,midstance,0.1545,1.5878,-0.1472,26.9165,-5.4321,217.1020,t002,FIJTB
2528989707,1983876,2,tobillo,midstance,0.0819,1.5571,-0.1328,24.4751,-12.5122,206.0547,t002,FIJTB
2528989708,1983891,2,tobillo,midstance,0.0286,1.4951,-0.1113,24.0478,-14.0991,193.5425,t002,FIJTB
2528989708,1983907,2,tobillo,midstance,0.0583,1.4242,-0.1398,20.9351,-14.5264,168.7012,t002,FIJTB
2528989758,1983923,2,tobillo,midstance,0.1536,1.4189,-0.1072,21.4844,-5.8594,163.5742,t002,FIJTB
2528989759,1983939,2,tobillo,midstance,0.3280,1.3713,0.0120,25.4517,-5.5542,164.9170,t002,FIJTB
2528989759,1983955,2,tobillo,midstance,0.2402,1.2999,0.0170,27.8320,-19.9585,162.1094,t002,FIJTB
2528989804,1983971,2,tobillo,midstance,0.0970,1.2548,-0.0780,21.3623,-8.7280,155.5176,t002,FIJTB
2528989806,1983987,2,tobillo,midstance,0.1693,1.2642,-0.0132,20.8130,8.3618,156.0669,t002,FIJTB
2528989807,1984003,2,tobillo,midstance,0.1179,1.1873,-0.0028,23.4985,33.3862,151.9165,t002,FIJTB
2528989856,1984018,2,tobillo,midstance,-0.0104,1.0786,-0.0786,21.6675,42.8467,143.0664,t002,FIJTB
2528989857,1984034,2,tobillo,midstance,0.1039,1.0986,-0.1218,16.2964,64.4531,124.3896,t002,FIJTB
2528989858,1984050,2,tobillo,midstance,0.1273,1.0651,-0.1337,14.0381,73.7305,110.5347,t002,FIJTB
2528989858,1984066,2,tobillo,midstance,0.1440,0.9834,-0.1571,10.9863,74.3408,102.4780,t002,FIJTB
2528989904,1984081,2,tobillo,midstance,0.1676,0.9717,-0.1694,2.6245,72.8760,81.4209,t002,FIJTB
2528989906,1984097,2,tobillo,midstance,0.1998,0.9517,-0.2129,-1.9531,71.1670,68.9087,t002,FIJTB
2528989907,1984113,2,tobillo,midstance,0.2300,0.9399,-0.2383,-11.9629,68.2983,41.1987,t002,FIJTB
2528989956,1984129,2,tobillo,midstance,0.2715,0.9078,-0.2435,-23.4375,64.6362,11.2305,t002,FIJTB
2528989957,1984145,2,tobillo,terminal,0.3297,0.9169,-0.2488,-29.7852,62.5610,-4.7607,t002,FIJTB
2528989957,1984160,2,tobillo,terminal,0.3409,0.9497,-0.2303,-43.7622,60.9131,-31.0669,t002,FIJTB
2528990004,1984176,2,tobillo,terminal,-0.0610,0.9932,-0.1638,-50.6592,60.2417,-36.8652,t002,FIJTB
2528990004,1984193,2,tobillo,terminal,-0.6993,1.0049,0.3483,-34.4238,75.4395,-40.4663,t002,FIJTB
2528990005,1984209,2,tobillo,terminal,-1.1326,0.9178,0.4203,-22.7661,49.8047,-27.3437,t002,FIJTB
2528990059,1984225,2,tobillo,terminal,-1.0756,1.0387,0.3577,-38.1470,39.3066,-58.0444,t002,FIJTB
2528990059,1984241,2,tobillo,terminal,-0.4390,1.4312,0.3394,-65.4907,45.2881,-140.4419,t002,FIJTB
2528990060,1984257,2,tobillo,terminal,0.1548,1.2788,0.1981,-44.0674,53.3447,-132.4463,t002,FIJTB
2528990108,1984273,2,tobillo,terminal,-0.2587,0.8466,0.1914,-45.5933,48.5840,-104.4922,t002,FIJTB
2528990108,1984289,2,tobillo,terminal,-0.2328,0.9854,0.0748,-61.2183,38.4521,-92.8345,t002,FIJTB
2528990109,1984305,2,tobillo,terminal,-0.1588,1.0226,-0.0922,-54.0771,35.8887,-90.1489,t002,FIJTB
2528990159,1984321,2,tobillo,terminal,-0.3557,0.9177,-0.1375,-36.2549,18.7378,-66.2842,t002,FIJTB
2528990160,1984337,2,tobillo,terminal,-0.3320,0.9144,-0.1962,-29.8462,8.4229,-56.7627,t002,FIJTB
2528990160,1984353,2,tobillo,terminal,-0.0729,1.1226,-0.0961,-26.9165,5.9204,-53.6499,t002,FIJTB
2528990206,1984369,2,tobillo,terminal,-0.0303,1.0923,0.0109,-10.3760,-11.7187,-36.1938,t002,FIJTB
2528990209,1984385,2,tobillo,terminal,-0.1903,0.8708,0.0507,-5.9814,-22.2778,-28.7476,t002,FIJTB
2528990209,1984401,2,tobillo,terminal,-0.2921,1.0325,0.0260,-17.0288,-22.5830,-17.3950,t002,FIJTB
2528990210,1984417,2,tobillo,terminal,-0.3129,0.9911,0.0521,-19.2871,-2.8687,-14.7705,t002,FIJTB
2528990260,1984433,2,tobillo,terminal,-0.2715,0.9733,0.0243,-18.0054,3.4790,-17.8833,t002,FIJTB
2528990260,1984450,2,tobillo,terminal,-0.2454,0.9973,-0.0165,-21.3013,11.9019,-18.2495,t002,FIJTB
2528990261,1984466,2,tobillo,terminal,-0.2708,0.9380,-0.0297,-12.3291,7.1411,-15.1367,t002,FIJTB
2528990309,1984482,2,tobillo,terminal,-0.2445,0.9354,-0.0409,-8.3008,2.4414,-12.6343,t002,FIJTB
2528990309,1984498,2,tobillo,terminal,-0.2312,0.9611,-0.0146,-6.4087,-5.9814,-9.3994,t002,FIJTB
2528990310,1984514,2,tobillo,terminal,-0.2677,0.9313,0.0048,-7.3853,-11.7798,-8.6060,t002,FIJTB
2528990361,1984531,2,tobillo,terminal,-0.2880,0.9381,0.0085,-9.0942,-12.7563,-9.5825,t002,FIJTB
2528990361,1984547,2,tobillo,swing,-0.2922,0.9509,0.0015,-13.0005,-11.4746,-12.7563,t002,FIJTB
2528990362,1984563,2,tobillo,swing,-0.3113,0.9050,-0.0365,-11.1694,-10.8032,-16.9067,t002,FIJTB
2528990411,1984579,2,tobillo,swing,-0.2225,0.9767,-0.0222,-10.0098,-9.7656,-17.7612,t002,FIJTB
2528990412,1984595,2,tobillo,swing,-0.2180,0.9879,0.0009,-9.7046,-6.7749,-17.3340,t002,FIJTB
2528990413,1984611,2,tobillo,swing,-0.2277,0.9702,0.0175,-8.5449,-5.7373,-17.9443,t002,FIJTB
2528990464,1984627,2,tobillo,swing,-0.2180,0.9613,0.0126,-8.1787,-4.0283,-22.0337,t002,FIJTB
2528990465,1984643,2,tobillo,swing,-0.2516,0.9458,-0.0002,-9.2163,-4.6997,-25.3906,t002,FIJTB
2528990465,1984659,2,tobillo,swing,-0.2780,0.9532,-0.0253,-9.5215,-4.6997,-29.1138,t002,FIJTB
2528990511,1984675,2,tobillo,swing,-0.2552,0.9512,-0.0317,-10.3149,-2.1362,-35.4614,t002,FIJTB
2528990512,1984691,2,tobillo,swing,-0.1890,0.9579,-0.0319,-8.8501,0.9155,-36.3159,t002,FIJTB
2528990514,1984707,2,tobillo,swing,-0.1674,0.9575,-0.0173,-8.4839,2.0752,-36.7432,t002,FIJTB
2528990516,1984723,2,tobillo,swing,-0.1438,0.9727,-0.0171,-9.8267,2.2583,-35.0952,t002,FIJTB
2528990565,1984739,2,tobillo,swing,-0.1345,0.9719,-0.0382,-10.8643,1.5259,-32.9590,t002,FIJTB
2528990565,1984755,2,tobillo,swing,-0.1371,0.9780,-0.0547,-11.1694,-0.7935,-27.2827,t002,FIJTB
2528990566,1984771,2,tobillo,swing,-0.1273,0.9868,-0.0502,-11.5356,-1.9531,-26.5503,t002,FIJTB
2528990612,1984787,2,tobillo,swing,-0.1041,0.9745,-0.0375,-11.4136,-2.4414,-26.1230,t002,FIJTB
2528990614,1984804,2,tobillo,swing,-0.0862,0.9751,-0.0604,-10.8032,-4.7607,-21.2402,t002,FIJTB
2528990614,1984820,2,tobillo,swing,-0.1011,0.9766,-0.0682,-13.0615,-9.3384,-17.6392,t002,FIJTB
2528990664,1984836,2,tobillo,swing,-0.1216,0.9734,-0.0548,-13.7329,-10.9863,-17.2119,t002,FIJTB
2528990665,1984852,2,tobillo,swing,-0.1292,0.9705,-0.0557,-13.9160,-11.4136,-18.1885,t002,FIJTB
2528990665,1984868,2,tobillo,swing,-0.1296,0.9713,-0.0535,-13.5498,-10.8032,-19.6533,t002,FIJTB
2528990711,1984884,2,tobillo,swing,-0.1200,0.9589,-0.0509,-12.1460,-8.4229,-22.2778,t002,FIJTB
2528990713,1984900,2,tobillo,swing,-0.1072,0.9666,-0.0471,-11.6577,-5.7983,-24.8413,t002,FIJTB
2528990714,1984917,2,tobillo,swing,-0.1411,0.9893,-0.0887,-10.3760,-5.5542,-27.5269,t002,FIJTB
2528990764,1984933,2,tobillo,swing,-0.1437,0.9741,-0.1116,-5.7983,-5.6152,-36.3770,t002,FIJTB
2528990765,1984949,2,tobillo,swing,-0.1263,0.9746,-0.0988,-4.7607,-5.7983,-43.0298,t002,FIJTB
2528990765,1984965,2,tobillo,swing,-0.0865,0.9817,-0.0736,-5.5542,-5.3711,-44.9829,t002,FIJTB
2528990810,1984981,2,tobillo,swing,-0.0875,0.9797,-0.1019,-7.4463,-4.2114,-44.4946,t002,FIJTB
2528990812,1984997,2,tobillo,swing,-0.0798,0.9844,-0.1116,-9.2773,-3.6621,-43.5181,t002,FIJTB
2528990813,1985014,2,tobillo,swing,-0.0635,1.0227,-0.1000,-10.3760,-3.8452,-45.5933,t002,FIJTB
2528990863,1985030,2,tobillo,swing,-0.0778,1.0554,-0.1029,-11.5967,-2.8076,-54.6265,t002,FIJTB
2528990863,1985046,2,tobillo,swing,-0.1083,1.1151,-0.1176,-11.7798,-4.9438,-67.3218,t002,FIJTB
2528990864,1985062,2,tobillo,swing,-0.1034,1.1597,-0.0267,-14.0991,-7.8735,-72.1436,t002,FIJTB
2528990909,1985078,2,tobillo,swing,-0.0566,1.1754,0.0315,-21.0571,-10.8032,-79.7729,t002,FIJTB
2528990910,1985094,2,tobillo,swing,-0.0004,1.1163,0.0277,-26.4893,-10.8032,-83.1299,t002,FIJTB
2528990911,1985110,2,tobillo,swing,-0.0040,1.1180,-0.0465,-43.4570,-7.2632,-83.6792,t002,FIJTB
2528990960,1985127,2,tobillo,swing,-0.0087,1.1151,-0.0912,-51.2085,-4.2725,-90.0268,t002,FIJTB
2528990961,1985143,2,tobillo,swing,0.0190,1.1013,-0.0988,-50.1099,-3.9673,-96.0693,t002,FIJTB
2528990962,1985159,2,tobillo,swing,0.1292,1.1526,-0.0817,-38.2690,-10.0708,-106.9336,t002,FIJTB
2528991007,1985175,2,tobillo,swing,0.1858,1.1466,-0.0861,-45.7153,-23.7427,-104.0649,t002,FIJTB
2528991008,1985191,2,tobillo,loading,0.1357,1.0266,-0.0121,-57.9834,-33.4473,-102.6611,t002,FIJTB
2528991008,1985207,2,tobillo,loading,0.0891,1.0803,0.0244,-67.5659,-57.3730,-105.5298,t002,FIJTB
2528991055,1985223,2,tobillo,loading,0.0625,1.2505,0.0702,-68.7866,-66.4673,-109.3140,t002,FIJTB
2528991063,1985239,2,tobillo,loading,0.1313,1.2124,0.1206,-71.9604,-88.8061,-115.4175,t002,FIJTB
2528991063,1985254,2,tobillo,loading,0.1865,1.2250,0.0994,-52.6123,-114.6851,-132.3242,t002,FIJTB
2528991064,1985270,2,tobillo,loading,0.1631,1.2609,-0.2098,-41.9311,-125.0610,-141.7847,t002,FIJTB
2528991112,1985287,2,tobillo,loading,0.0704,1.2292,-0.4543,-44.6167,-98.4497,-154.7852,t002,FIJTB
2528991112,1985303,2,tobillo,loading,0.2067,1.3278,-0.7391,-56.2744,-20.7520,-118.5303,t002,FIJTB
2528991113,1985319,2,tobillo,loading,0.3214,1.2288,-0.7103,-49.8657,0.4883,-86.6699,t002,FIJTB
2528991163,1985335,2,tobillo,loading,0.0862,0.9954,-0.5608,-25.0854,-27.2217,-59.8755,t002,FIJTB
2528991164,1985350,2,tobillo,loading,-0.5883,0.5565,-0.0356,-6.2256,-56.7017,-54.1992,t002,FIJTB
2528991164,1985366,2,tobillo,loading,-0.7607,0.3964,0.1542,18.9209,-117.4316,-17.0288,t002,FIJTB
2528991210,1985383,2,tobillo,loading,-0.6698,0.3812,0.2156,20.2026,-114.0137,23.9258,t002,FIJTB
2528991210,1985398,2,tobillo,loading,-0.3502,0.4663,0.2485,22.9492,-90.9424,43.5181,t002,FIJTB
2528991212,1985414,2,tobillo,loading,-0.2418,0.5961,0.2584,33.7524,-47.3022,102.7222,t002,FIJTB
2528991263,1985430,2,tobillo,loading,-0.2089,0.6030,0.2834,44.5557,-33.2642,128.4790,t002,FIJTB
2528991263,1985446,2,tobillo,loading,-0.3198,0.5753,0.1670,59.8755,-16.9678,150.8179,t002,FIJTB
2528991264,1985462,2,tobillo,loading,-0.3972,0.6581,0.1050,51.2695,6.1035,176.0254,t002,FIJTB
2528991312,1985477,2,tobillo,loading,-0.2712,0.8193,0.1123,47.5464,23.3765,184.3872,t002,FIJTB
2528991314,1985493,2,tobillo,loading,-0.0867,0.9210,0.1149,44.9219,52.6123,187.1338,t002,FIJTB
2528991314,1985509,2,tobillo,loading,0.0120,1.0913,0.0404,45.4712,53.5889,192.1387,t002,FIJTB
2528991364,1985525,2,tobillo,loading,-0.0516,1.1912,-0.0125,48.5840,33.2642,204.7119,t002,FIJTB
2528991365,1985540,2,tobillo,loading,0.0249,1.2748,-0.0402,46.6919,16.7236,202.7588,t002,FIJTB
2528991366,1985557,2,tobillo,loading,0.1724,1.4146,-0.1346,46.8750,14.7705,201.9653,t002,FIJTB
2528991366,1985573,2,tobillo,loading,0.0948,1.4158,-0.1667,47.9126,17.2729,210.8764,t002,FIJTB
2528991414,1985588,2,tobillo,loading,-0.0670,1.4124,-0.1678,45.8374,23.4985,212.1582,t002,FIJTB
2528991415,1985604,2,tobillo,loading,-0.0194,1.3616,-0.1770,38.6353,40.4663,194.7632,t002,FIJTB
2528991415,1985620,2,tobillo,loading,-0.0085,1.3334,-0.1970,25.7568,44.1894,176.7578,t002,FIJTB
2528991465,1985636,2,tobillo,loading,0.0432,1.3516,-0.1989,20.9351,43.3960,168.8843,t002,FIJTB
2528991465,1985652,2,tobillo,loading,0.0741,1.3622,-0.2009,21.0571,34.2407,156.0669,t002,FIJTB
2528991466,1985667,2,tobillo,loading,0.1406,1.3350,-0.2688,20.0806,24.7803,151.1841,t002,FIJTB
2528991513,1985683,2,tobillo,loading,0.2152,1.3519,-0.3354,17.0898,12.7563,144.7754,t002,FIJTB
2528991514,1985699,2,tobillo,loading,0.2035,1.3569,-0.2546,23.8037,19.2261,155.9448,t002,FIJTB
2528991515,1985715,2,tobillo,loading,0.1107,1.2255,-0.0493,29.2358,23.1323,157.2876,t002,FIJTB
2528991566,1985731,2,tobillo,midstance,0.0800,1.1815,-0.0490,31.1279,25.4517,140.8691,t002,FIJTB
2528991567,1985746,2,tobillo,midstance,0.0889,1.1501,-0.1521,29.6020,28.8086,125.1221,t002,FIJTB
2528991567,1985762,2,tobillo,midstance,0.1437,1.0220,-0.1698,30.3345,28.7476,117.4927,t002,FIJTB
2528991615,1985778,2,tobillo,midstance,0.1862,0.9670,-0.1672,24.9634,17.5171,101.4404,t002,FIJTB
2528991618,1985794,2,tobillo,midstance,0.2653,0.9561,-0.1567,19.3481,9.8877,93.6279,t002,FIJTB
2528991618,1985809,2,tobillo,midstance,0.2333,0.9425,-0.1417,10.4980,-0.2441,73.2422,t002,FIJTB
2528991619,1985825,2,tobillo,midstance,0.0875,0.8672,-0.1105,-0.9766,5.7373,45.4712,t002,FIJTB
2528991670,1985841,2,tobillo,midstance,0.1306,0.8529,-0.0916,-8.7280,13.8550,32.1655,t002,FIJTB
2528991671,1985857,2,tobillo,midstance,0.2042,0.8800,-0.0988,-20.2637,25.2075,8.9111,t002,FIJTB
2528991671,1985873,2,tobillo,midstance,0.2013,0.8885,-0.0907,-23.4985,27.6489,-1.7090,t002,FIJTB
2528991719,1985889,2,tobillo,midstance,-0.0566,1.0472,-0.1451,-35.0952,35.7666,-18.3716,t002,FIJTB
2528991721,1985905,2,tobillo,midstance,0.0981,1.2942,-0.0411,-26.7944,81.2988,-29.3579,t002,FIJTB
2528991721,1985921,2,tobillo,midstance,0.1647,1.0040,0.1973,-3.4790,93.9941,-40.9546,t002,FIJTB
2528991773,1985937,2,tobillo,midstance,-0.4696,0.6700,0.3927,5.6763,45.7153,-70.1294,t002,FIJTB
2528991774,1985953,2,tobillo,midstance,-1.4583,1.0415,0.5847,-3.2349,-3.9673,-75.0122,t002,FIJTB
2528991820,1985968,2,tobillo,midstance,0.0159,1.4679,0.1973,-37.2314,-17.8223,-146.7896,t002,FIJTB
2528991823,1985984,2,tobillo,midstance,0.3496,1.2578,0.0198,-68.7256,20.2026,-125.7324,t002,FIJTB
2528991824,1986000,2,tobillo,midstance,-0.2462,0.9862,0.0361,-78.0640,13.2446,-75.3174,t002,FIJTB
2528991874,1986016,2,tobillo,midstance,-0.3495,1.0397,-0.0450,-62.3779,16.1133,-73.3032,t002,FIJTB
2528991875,1986032,2,tobillo,midstance,-0.2339,1.0228,-0.2448,-30.3955,30.2124,-69.8853,t002,FIJTB
2528991875,1986048,2,tobillo,midstance,-0.3182,1.0032,-0.2474,-22.2778,31.6162,-51.8188,t002,FIJTB
2528991875,1986064,2,tobillo,midstance,-0.3314,1.0027,-0.0934,-5.8594,25.2686,-48.0347,t002,FIJTB
2528991876,1986080,2,tobillo,midstance,-0.1666,0.8789,0.0120,0.4883,19.8975,-52.5513,t002,FIJTB
2528991924,1986096,2,tobillo,midstance,-0.1400,0.8975,0.0264,-9.4604,2.5024,-29.6631,t002,FIJTB
2528991924,1986112,2,tobillo,midstance,-0.2124,0.9111,0.0226,-20.0195,-7.6904,-9.5215,t002,FIJTB
2528991924,1986128,2,tobillo,midstance,-0.2672,1.0428,0.0941,-21.9727,-2.5635,-7.9346,t002,FIJTB
2528991975,1986145,2,tobillo,midstance,-0.2903,0.9722,0.0771,-14.3433,9.4604,-15.6860,t002,FIJTB
2528991975,1986160,2,tobillo,midstance,-0.2662,0.9458,-0.0023,-14.8926,12.6343,-18.4937,t002,FIJTB
2528991976,1986176,2,tobillo,midstance,-0.2458,0.9578,-0.0374,-18.7378,8.4229,-13.4888,t002,FIJTB
2528992025,1986192,2,tobillo,midstance,-0.2686,0.9419,-0.0449,-16.6016,-1.7700,-13.0615,t002,FIJTB
2528992025,1986209,2,tobillo,midstance,-0.2513,0.9749,-0.0273,-14.5874,-4.0894,-14.6484,t002,FIJTB
2528992025,1986225,2,tobillo,midstance,-0.2418,0.9554,0.0010,-11.0474,-4.3335,-16.1133,t002,FIJTB
2528992076,1986241,2,tobillo,midstance,-0.2216,0.9698,0.0193,-9.7656,-4.0283,-13.3667,t002,FIJTB
2528992077,1986257,2,tobillo,midstance,-0.2350,0.9550,0.0244,-10.7422,-3.9062,-11.5356,t002,FIJTB
2528992077,1986273,2,tobillo,midstance,-0.2910,0.9385,-0.0150,-12.7563,-5.1270,-11.1084,t002,FIJTB
2528992125,1986289,2,tobillo,midstance,-0.2794,0.9407,-0.0358,-10.2539,-6.3477,-13.9770,t002,FIJTB
2528992125,1986306,2,tobillo,midstance,-0.2012,0.9581,-0.0480,-7.5684,-8.2397,-13.9160,t002,FIJTB
2528992125,1986322,2,tobillo,terminal,-0.1974,0.9586,-0.0359,-5.3711,-12.0850,-10.3149,t002,FIJTB
2528992131,1986338,2,tobillo,terminal,-0.2205,0.9609,-0.0121,-5.6763,-12.4512,-9.3384,t002,FIJTB
2528992183,1986354,2,tobillo,terminal,-0.2150,0.9623,-0.0118,-6.8970,-12.0239,-9.0332,t002,FIJTB
2528992183,1986370,2,tobillo,terminal,-0.2262,0.9536,-0.0170,-8.5449,-14.0381,-7.3242,t002,FIJTB
2528992183,1986386,2,tobillo,terminal,-0.2295,0.9492,-0.0350,-8.3618,-15.5640,-7.0190,t002,FIJTB
2528992232,1986402,2,tobillo,terminal,-0.2356,0.9507,-0.0524,-8.3008,-16.9678,-6.8359,t002,FIJTB
2528992234,1986418,2,tobillo,terminal,-0.2480,0.9430,-0.0499,-7.8125,-15.6250,-7.9956,t002,FIJTB
2528992235,1986434,2,tobillo,terminal,-0.2314,0.9459,-0.0389,-7.4463,-14.5874,-9.5215,t002,FIJTB
2528992285,1986451,2,tobillo,terminal,-0.2172,0.9604,-0.0344,-8.1787,-13.1226,-11.2305,t002,FIJTB
2528992286,1986467,2,tobillo,terminal,-0.2236,0.9570,-0.0432,-8.8501,-12.5122,-12.5732,t002,FIJTB
2528992286,1986483,2,tobillo,terminal,-0.2311,0.9574,-0.0536,-9.3994,-12.0850,-14.2212,t002,FIJTB
2528992333,1986499,2,tobillo,terminal,-0.2230,0.9553,-0.0480,-10.6812,-10.9863,-17.5171,t002,FIJTB
2528992336,1986515,2,tobillo,terminal,-0.2065,0.9655,-0.0460,-11.2915,-11.1084,-18.6768,t002,FIJTB
2528992336,1986531,2,tobillo,terminal,-0.2211,0.9485,-0.0415,-12.6953,-10.8643,-22.3389,t002,FIJTB
2528992376,1986547,2,tobillo,terminal,-0.2185,0.9514,-0.0358,-13.2446,-9.5825,-28.3813,t002,FIJTB
2528992388,1986563,2,tobillo,terminal,-0.2378,0.9740,-0.0659,-13.0615,-9.0332,-30.8838,t002,FIJTB
2528992388,1986579,2,tobillo,terminal,-0.2605,0.9858,-0.1011,-10.0708,-7.8125,-38.5742,t002,FIJTB
2528992389,1986595,2,tobillo,terminal,-0.2457,0.9747,-0.1012,-6.1035,-6.2866,-50.9033,t002,FIJTB
2528992433,1986611,2,tobillo,terminal,-0.1919,0.9741,-0.0771,-7.2632,-5.3711,-55.4810,t002,FIJTB
2528992434,1986628,2,tobillo,terminal,-0.1466,0.9757,-0.0604,-12.3901,-4.2114,-57.3120,t002,FIJTB
2528992481,1986644,2,tobillo,terminal,-0.0521,0.9885,-0.0583,-13.3057,-3.9062,-56.2744,t002,FIJTB
2528992482,1986660,2,tobillo,terminal,-0.0725,0.9771,-0.0946,-13.6108,-3.7231,-55.7861,t002,FIJTB
2528992482,1986676,2,tobillo,terminal,-0.0874,0.9730,-0.1094,-14.4043,-7.8735,-54.0161,t002,FIJTB
2528992525,1986692,2,tobillo,terminal,-0.0891,0.9884,-0.1149,-15.8691,-9.8877,-52.7344,t002,FIJTB
2528992525,1986708,2,tobillo,terminal,-0.0879,1.0024,-0.0959,-19.4092,-10.1929,-53.2837,t002,FIJTB
2528992526,1986724,2,tobillo,swing,-0.0709,1.0104,-0.0933,-22.2168,-8.1177,-53.1616,t002,FIJTB
2528992577,1986740,2,tobillo,swing,-0.0194,1.0067,-0.0751,-24.1089,-7.7515,-53.0395,t002,FIJTB
2528992577,1986756,2,tobillo,swing,-0.0084,1.0156,-0.0802,-26.9775,-8.1787,-53.5889,t002,FIJTB
2528992577,1986772,2,tobillo,swing,-0.0367,1.0350,-0.1162,-27.3437,-9.2773,-58.7158,t002,FIJTB
2528992582,1986789,2,tobillo,swing,-0.0256,1.0382,-0.1288,-27.7710,-9.9487,-62.0117,t002,FIJTB
2528992621,1986805,2,tobillo,swing,-0.0116,1.0491,-0.1237,-29.6631,-12.6343,-67.3218,t002,FIJTB
2528992628,1986821,2,tobillo,swing,-0.0487,1.1160,-0.1426,-30.7617,-14.4043,-70.1294,t002,FIJTB
2528992671,1986837,2,tobillo,swing,-0.0865,1.1815,-0.1573,-33.8745,-16.6016,-83.5571,t002,FIJTB
2528992672,1986853,2,tobillo,swing,-0.0684,1.2059,-0.1577,-37.9028,-16.4185,-100.8911,t002,FIJTB
2528992673,1986869,2,tobillo,swing,-0.0027,1.1870,-0.0665,-45.2270,-13.9160,-104.3091,t002,FIJTB
2528992719,1986886,2,tobillo,swing,0.0978,1.2321,0.0221,-48.2178,-16.2964,-115.7226,t002,FIJTB
2528992719,1986902,2,tobillo,swing,0.1461,1.2169,0.0192,-47.1802,-25.9399,-120.0561,t002,FIJTB
2528992720,1986918,2,tobillo,swing,0.1017,1.1669,-0.0078,-48.5840,-32.5317,-120.4834,t002,FIJTB
2528992764,1986934,2,tobillo,swing,0.0804,1.1661,-0.0087,-48.5840,-48.7061,-127.0752,t002,FIJTB
2528992766,1986950,2,tobillo,swing,0.1344,1.1572,0.0615,-44.5557,-70.6787,-134.7046,t002,FIJTB
2528992766,1986965,2,tobillo,swing,0.2482,1.1476,0.1155,-38.5132,-85.2051,-136.9019,t002,FIJTB
2528992813,1986982,2,tobillo,swing,0.2765,1.1249,0.0870,-27.2217,-104.7974,-149.2920,t002,FIJTB
2528992813,1986998,2,tobillo,swing,0.2126,1.0891,-0.1749,-27.0996,-101.6235,-154.1748,t002,FIJTB
2528992813,1987014,2,tobillo,swing,0.1317,1.1440,-0.3265,-42.2363,-70.1294,-142.0898,t002,FIJTB
2528992856,1987030,2,tobillo,swing,0.2065,1.1617,-0.2909,-43.2739,-43.3350,-116.6992,t002,FIJTB
2528992858,1987046,2,tobillo,swing,0.5101,1.1340,-0.3652,-34.9731,-38.9404,-113.6475,t002,FIJTB
2528992859,1987062,2,tobillo,swing,0.5051,1.0548,-0.3965,-23.1934,-51.2695,-102.2949,t002,FIJTB
2528992906,1987078,2,tobillo,swing,0.1897,0.9861,-0.4783,-26.1841,-66.3452,-65.2466,t002,FIJTB
2528992906,1987094,2,tobillo,swing,-0.0121,0.8375,-0.4697,-19.3481,-55.7251,-50.9644,t002,FIJTB
2528992906,1987110,2,tobillo,swing,-0.0342,0.6194,-0.3529,6.2256,-1.0376,-52.5513,t002,FIJTB
2528992950,1987126,2,tobillo,swing,0.0426,0.1742,-0.2854,14.4653,26.3062,-68.0542,t002,FIJTB
2528992952,1987142,2,tobillo,swing,-0.2766,0.8167,-0.0331,-8.9111,51.0254,-15.6250,t002,FIJTB
2528992952,1987158,2,tobillo,swing,-0.4869,0.8674,0.0757,26.6724,1.7090,116.8213,t002,FIJTB
2528992999,1987173,2,tobillo,swing,-0.3871,0.2668,-0.0028,55.9082,-17.5171,125.5493,t002,FIJTB
2528993000,1987189,2,tobillo,swing,-0.2531,0.2057,-0.0377,61.0962,-23.1934,90.8203,t002,FIJTB
2528993000,1987205,2,tobillo,swing,-0.2184,0.5908,-0.0027,57.2510,-25.0854,114.0137,t002,FIJTB
2528993043,1987221,2,tobillo,swing,-0.3566,0.6340,0.1572,66.8335,-36.0107,182.3730,t002,FIJTB
2528993045,1987237,2,tobillo,swing,-0.3500,0.6041,0.2141,78.9795,-35.8887,179.0161,t002,FIJTB
2528993045,1987253,2,tobillo,swing,-0.1417,0.7606,0.1235,79.1016,-27.5269,178.5278,t002,FIJTB
2528993093,1987268,2,tobillo,swing,-0.0953,0.8641,0.0547,71.5332,-8.5449,214.3555,t002,FIJTB
2528993093,1987284,2,tobillo,swing,-0.2706,0.9808,0.0259,65.2466,2.1362,230.5908,t002,FIJTB
2528993093,1987300,2,tobillo,swing,-0.2148,1.1278,-0.0083,50.3540,35.9497,229.8584,t002,FIJTB
2528993138,1987316,2,tobillo,swing,-0.1254,1.2358,-0.0946,32.5928,58.1665,223.2056,t002,FIJTB
2528993139,1987332,2,tobillo,swing,-0.0642,1.5050,-0.2399,26.2451,60.5469,223.3276,t002,FIJTB
2528993140,1987347,2,tobillo,swing,0.0189,1.5878,-0.2721,29.9072,59.8755,217.5903,t002,FIJTB
2528993186,1987363,2,tobillo,swing,0.1039,1.5504,-0.2820,34.3018,54.0161,216.6748,t002,FIJTB
2528993187,1987379,2,tobillo,swing,-0.0037,1.4985,-0.2629,35.4614,33.3862,215.1489,t002,FIJTB
2528993187,1987395,2,tobillo,loading,0.0045,1.4851,-0.2521,35.6445,16.1743,197.9370,t002,FIJTB
2528993232,1987410,2,tobillo,loading,0.0374,1.4014,-0.1967,37.4146,6.1646,189.3310,t002,FIJTB
2528993232,1987426,2,tobillo,loading,0.0220,1.3735,-0.1639,39.9170,-21.7895,177.0019,t002,FIJTB
2528993235,1987442,2,tobillo,loading,0.0422,1.3785,-0.1082,41.2598,-34.2407,172.7295,t002,FIJTB
2528993287,1987458,2,tobillo,loading,0.0846,1.3145,-0.0681,42.2974,-46.3257,158.3252,t002,FIJTB
2528993287,1987473,2,tobillo,loading,0.1189,1.2836,-0.0623,35.1563,-41.3818,145.8740,t002,FIJTB
2528993288,1987489,2,tobillo,loading,0.2444,1.3514,-0.0669,31.8603,-35.0952,145.3857,t002,FIJTB
2528993336,1987505,2,tobillo,loading,0.2927,1.3728,-0.0731,33.8745,-16.0522,156.1890,t002,FIJTB
2528993336,1987521,2,tobillo,loading,0.0377,1.1888,0.0150,36.4380,-1.1597,158.0811,t002,FIJTB
2528993337,1987536,2,tobillo,loading,-0.0056,1.0334,-0.0530,29.9072,38.4521,133.6670,t002,FIJTB
2528993387,1987552,2,tobillo,loading,0.2031,1.0548,-0.1243,12.5732,75.6836,101.0742,t002,FIJTB
2528993387,1987568,2,tobillo,loading,0.4487,1.0201,-0.2015,7.8735,84.1675,88.0127,t002,FIJTB
2528993388,1987584,2,tobillo,loading,0.4327,0.9594,-0.2267,-2.6855,89.9048,59.5703,t002,FIJTB
2528993425,1987600,2,tobillo,loading,0.4630,0.9410,-0.2374,-10.9863,93.6279,43.5791,t002,FIJTB
2528993436,1987616,2,tobillo,loading,0.4420,0.9232,-0.2118,-26.1841,100.9521,10.3149,t002,FIJTB
2528993437,1987632,2,tobillo,loading,0.4038,0.8909,-0.2291,-39.4897,102.5391,-29.1748,t002,FIJTB
2528993487,1987647,2,tobillo,loading,0.2733,0.9832,-0.2896,-49.4995,100.4639,-44.7998,t002,FIJTB
2528993487,1987663,2,tobillo,loading,0.0441,1.0892,-0.1824,-53.5278,87.8906,-44.6777,t002,FIJTB
2528993488,1987679,2,tobillo,loading,-0.8177,1.0432,0.3694,-31.7383,77.0264,-31.7383,t002,FIJTB
2528993488,1987695,2,tobillo,loading,-1.2981,0.8604,0.4523,-9.0942,44.6777,-49.2554,t002,FIJTB
2528993534,1987711,2,tobillo,loading,-0.8851,1.1984,0.3948,-43.3960,36.0107,-125.3052,t002,FIJTB
2528993536,1987727,2,tobillo,loading,0.2850,1.6155,0.1970,-48.3398,44.5557,-160.1562,t002,FIJTB
2528993536,1987743,2,tobillo,loading,-0.0842,0.9449,0.1331,-41.9922,59.0210,-120.3613,t002,FIJTB
2528993586,1987759,2,tobillo,loading,-0.3148,0.8988,0.1741,-68.8477,56.0303,-72.0825,t002,FIJTB
2528993587,1987775,2,tobillo,loading,-0.2032,0.9670,0.0077,-64.3921,57.0068,-73.2422,t002,FIJTB
2528993587,1987791,2,tobillo,loading,-0.1359,0.9611,-0.0706,-39.7949,39.8560,-63.8428,t002,FIJTB
2528993633,1987807,2,tobillo,loading,-0.2715,0.9647,-0.1642,-35.0342,27.0386,-52.1240,t002,FIJTB
2528993635,1987823,2,tobillo,loading,-0.2050,1.0302,-0.0284,-22.6440,14.9536,-44.6167,t002,FIJTB
2528993636,1987839,2,tobillo,loading,-0.1406,0.9918,0.0543,-14.6484,0.8545,-46.5088,t002,FIJTB
2528993687,1987855,2,tobillo,loading,-0.1820,0.8584,0.0746,-14.4653,-10.5591,-40.4663,t002,FIJTB
2528993687,1987871,2,tobillo,loading,-0.2004,0.9243,0.0616,-27.4658,-17.0898,-24.8413,t002,FIJTB
2528993688,1987887,2,tobillo,loading,-0.2467,0.9628,0.0776,-28.3203,-5.1880,-18.0054,t002,FIJTB
2528993734,1987903,2,tobillo,midstance,-0.3412,0.9850,0.0397,-29.0527,0.9155,-18.6768,t002,FIJTB
2528993735,1987918,2,tobillo,midstance,-0.3054,1.0305,0.0173,-30.7617,16.4795,-26.6113,t002,FIJTB
2528993735,1987934,2,tobillo,midstance,-0.1868,0.9606,-0.0305,-22.8271,15.8081,-27.0386,t002,FIJTB
2528993790,1987950,2,tobillo,midstance,-0.2079,0.9396,-0.0334,-10.7422,-4.0283,-22.7661,t002,FIJTB
2528993791,1987966,2,tobillo,midstance,-0.2007,0.9923,-0.0028,-13.4888,-13.3667,-22.5830,t002,FIJTB
2528993791,1987982,2,tobillo,midstance,-0.2423,0.9694,0.0239,-14.3433,-10.9863,-22.4609,t002,FIJTB
2528993792,1987998,2,tobillo,midstance,-0.2565,0.9906,0.0089,-13.8550,-3.5400,-26.9165,t002,FIJTB
2528993841,1988014,2,tobillo,midstance,-0.2455,0.9740,-0.0275,-12.7563,0.7935,-29.7241,t002,FIJTB
2528993842,1988030,2,tobillo,midstance,-0.1566,0.9607,-0.0200,-10.1318,2.6245,-30.4565,t002,FIJTB
2528993842,1988046,2,tobillo,midstance,-0.1572,0.9467,-0.0095,-10.1929,-2.3193,-26.0010,t002,FIJTB
2528993893,1988062,2,tobillo,midstance,-0.1702,0.9742,0.0055,-10.5591,-3.4180,-24.9023,t002,FIJTB
2528993894,1988078,2,tobillo,midstance,-0.1692,0.9664,-0.0010,-11.4136,-2.6245,-25.0854,t002,FIJTB
2528993894,1988094,2,tobillo,midstance,-0.1470,0.9662,-0.0048,-11.5967,-3.7842,-22.8882,t002,FIJTB
2528993941,1988111,2,tobillo,midstance,-0.1366,0.9597,-0.0156,-12.6953,-5.3101,-20.8130,t002,FIJTB
2528993942,1988127,2,tobillo,midstance,-0.1392,0.9564,-0.0215,-13.5498,-8.1787,-17.0288,t002,FIJTB
2528993944,1988143,2,tobillo,midstance,-0.1287,0.9655,-0.0288,-13.4277,-10.9253,-13.8550,t002,FIJTB
2528993996,1988159,2,tobillo,midstance,-0.1302,0.9603,-0.0262,-13.4888,-12.8784,-11.9629,t002,FIJTB
2528993997,1988175,2,tobillo,midstance,-0.1295,0.9597,-0.0242,-14.2822,-16.2354,-7.5073,t002,FIJTB
2528993997,1988191,2,tobillo,midstance,-0.1404,0.9728,-0.0389,-14.8315,-16.8457,-5.7983,t002,FIJTB
2528994044,1988207,2,tobillo,midstance,-0.1511,0.9608,-0.0565,-14.2212,-16.0522,-6.7139,t002,FIJTB
2528994047,1988223,2,tobillo,midstance,-0.1533,0.9617,-0.0479,-12.3901,-14.7095,-8.0566,t002,FIJTB
2528994047,1988239,2,tobillo,midstance,-0.1573,0.9767,-0.0354,-12.0239,-14.2822,-8.7280,t002,FIJTB
2528994048,1988255,2,tobillo,midstance,-0.1582,0.9796,-0.0398,-12.8174,-12.5732,-12.0239,t002,FIJTB
2528994097,1988272,2,tobillo,midstance,-0.1520,0.9758,-0.0621,-14.9536,-9.2163,-16.9067,t002,FIJTB
2528994098,1988288,2,tobillo,midstance,-0.1482,0.9762,-0.0743,-15.5029,-8.6670,-18.4326,t002,FIJTB
2528994098,1988304,2,tobillo,midstance,-0.1467,0.9731,-0.0742,-14.9536,-9.8877,-20.6909,t002,FIJTB
2528994147,1988320,2,tobillo,midstance,-0.1266,0.9794,-0.0601,-15.2588,-11.0474,-21.9116,t002,FIJTB
2528994148,1988336,2,tobillo,midstance,-0.1372,0.9777,-0.0602,-17.4561,-12.0850,-25.1465,t002,FIJTB
2528994148,1988352,2,tobillo,midstance,-0.1558,0.9756,-0.0702,-18.0664,-10.4370,-30.6396,t002,FIJTB
2528994198,1988368,2,tobillo,midstance,-0.1550,0.9724,-0.0692,-17.3340,-8.7891,-34.6680,t002,FIJTB
2528994199,1988384,2,tobillo,terminal,-0.1252,0.9855,-0.0719,-15.8691,-4.2114,-42.7246,t002,FIJTB
2528994200,1988400,2,tobillo,terminal,-0.1288,0.9900,-0.1025,-14.6484,-0.1831,-50.2930,t002,FIJTB
2528994247,1988416,2,tobillo,terminal,-0.0889,0.9823,-0.1337,-14.0991,1.0376,-53.4668,t002,FIJTB
2528994249,1988432,2,tobillo,terminal,-0.0465,0.9703,-0.1333,-15.5029,-0.1831,-52.6123,t002,FIJTB
2528994250,1988448,2,tobillo,terminal,0.0072,0.9841,-0.0851,-17.2729,-2.8687,-49.0112,t002,FIJTB
2528994301,1988464,2,tobillo,terminal,-0.0149,0.9979,-0.1079,-16.7847,-3.7231,-43.1519,t002,FIJTB
2528994302,1988480,2,tobillo,terminal,-0.0321,0.9982,-0.1385,-14.0381,-1.8921,-45.2270,t002,FIJTB
2528994302,1988496,2,tobillo,terminal,0.0049,0.9919,-0.1382,-13.9160,-1.7700,-46.9360,t002,FIJTB
2528994349,1988512,2,tobillo,terminal,0.0469,1.0077,-0.0925,-16.4185,-4.4556,-46.1426,t002,FIJTB
2528994349,1988528,2,tobillo,terminal,0.0372,1.0245,-0.0840,-18.5547,-8.4839,-44.3726,t002,FIJTB
2528994352,1988544,2,tobillo,terminal,0.0236,1.0365,-0.0996,-19.0430,-9.1553,-45.7764,t002,FIJTB
2528994353,1988560,2,tobillo,terminal,0.0137,1.0331,-0.1146,-20.2026,-9.9487,-49.8657,t002,FIJTB
2528994403,1988576,2,tobillo,terminal,-0.0020,1.0393,-0.1310,-20.3857,-10.4980,-52.9785,t002,FIJTB
2528994404,1988592,2,tobillo,terminal,0.0109,1.0555,-0.1294,-21.4233,-10.9863,-61.5845,t002,FIJTB
2528994404,1988608,2,tobillo,terminal,0.0052,1.0779,-0.1306,-24.6582,-10.9863,-71.2280,t002,FIJTB
2528994452,1988624,2,tobillo,terminal,-0.0372,1.1470,-0.1511,-26.4893,-10.1929,-77.6978,t002,FIJTB
2528994453,1988640,2,tobillo,terminal,-0.0874,1.2518,-0.1940,-31.9824,-5.0049,-88.8672,t002,FIJTB
2528994453,1988656,2,tobillo,terminal,-0.0763,1.2743,-0.1785,-34.0576,-7.0801,-111.5112,t002,FIJTB
2528994503,1988672,2,tobillo,terminal,0.0223,1.3029,-0.1051,-37.6587,-12.6953,-123.5351,t002,FIJTB
2528994503,1988688,2,tobillo,terminal,0.0891,1.3024,-0.0603,-51.3916,-35.3394,-130.6152,t002,FIJTB
2528994504,1988704,2,tobillo,terminal,0.1276,1.2828,0.0331,-57.9224,-51.0864,-127.0142,t002,FIJTB
2528994552,1988720,2,tobillo,terminal,0.0626,1.2667,0.1942,-70.5566,-79.2236,-130.4932,t002,FIJTB
2528994552,1988736,2,tobillo,terminal,0.0627,1.2789,0.2627,-79.5288,-103.5156,-137.2070,t002,FIJTB
2528994552,1988752,2,tobillo,terminal,0.1544,1.1937,0.1742,-73.4863,-111.6333,-140.6860,t002,FIJTB
2528994602,1988768,2,tobillo,terminal,0.2225,1.1100,0.0861,-48.0347,-111.1450,-161.8042,t002,FIJTB
2528994602,1988784,2,tobillo,terminal,0.3982,1.1104,-0.1693,-35.4004,-91.9800,-174.0723,t002,FIJTB
2528994602,1988800,2,tobillo,terminal,0.3746,1.1390,-0.4551,-38.2080,-78.6743,-162.9028,t002,FIJTB
2528994648,1988816,2,tobillo,swing,0.2230,1.0386,-0.4471,-41.2598,-71.4111,-131.2866,t002,FIJTB
2528994648,1988832,2,tobillo,swing,0.1683,0.8579,-0.4476,-37.6587,-73.7305,-124.8169,t002,FIJTB
2528994649,1988848,2,tobillo,swing,0.3650,0.9165,-0.4592,-33.0200,-72.4487,-98.1445,t002,FIJTB
2528994703,1988864,2,tobillo,swing,0.3270,0.8481,-0.4303,-27.4048,-67.5659,-52.5513,t002,FIJTB
2528994703,1988880,2,tobillo,swing,-0.0289,0.5497,-0.1735,-22.4609,-59.5703,-48.2788,t002,FIJTB
2528994704,1988896,2,tobillo,swing,-0.2197,0.3918,-0.1243,-7.8735,-40.2222,-45.9595,t002,FIJTB
2528994705,1988912,2,tobillo,swing,-0.3126,0.5112,-0.1987,-9.1553,-12.8784,34.2407,t002,FIJTB
2528994751,1988928,2,tobillo,swing,-0.4180,0.6497,0.0018,-0.0610,-10.7422,77.2705,t002,FIJTB
2528994753,1988944,2,tobillo,swing,-0.4043,0.5198,0.0009,34.7290,-17.5171,114.6851,t002,FIJTB
2528994753,1988960,2,tobillo,swing,-0.1134,0.4319,0.0836,45.7153,-13.1836,118.6523,t002,FIJTB
2528994803,1988976,2,tobillo,swing,-0.0428,0.5752,0.1395,49.8047,-10.7422,155.3345,t002,FIJTB
2528994804,1988992,2,tobillo,swing,-0.1735,0.6285,0.1354,52.1240,-37.6587,196.1059,t002,FIJTB
2528994804,1989007,2,tobillo,swing,-0.3236,0.6924,0.1079,59.4482,-43.5181,207.2143,t002,FIJTB
2528994850,1989023,2,tobillo,swing,-0.2743,0.7344,0.1211,70.9839,-29.2969,225.5859,t002,FIJTB
2528994852,1989039,2,tobillo,swing,-0.2437,0.8750,0.1205,69.2749,-19.0430,237.4267,t002,FIJTB
2528994852,1989055,2,tobillo,swing,-0.1887,1.0565,0.1171,48.6450,10.9863,251.6479,t002,FIJTB
2528994902,1989071,2,tobillo,swing,-0.0208,1.2122,0.0667,33.2642,34.6680,240.4175,t002,FIJTB
2528994903,1989086,2,tobillo,swing,0.0978,1.3844,-0.0316,32.3486,34.8511,238.8306,t002,FIJTB
2528994903,1989102,2,tobillo,swing,0.0535,1.4136,-0.0443,28.3813,26.0620,235.4126,t002,FIJTB
2528994951,1989118,2,tobillo,swing,0.2357,1.5806,-0.1107,25.8179,25.3296,231.3232,t002,FIJTB
2528994952,1989133,2,tobillo,swing,0.1963,1.5743,-0.1561,27.4658,28.6255,236.6333,t002,FIJTB
2528994952,1989149,2,tobillo,swing,0.0969,1.5389,-0.1329,33.4473,33.8135,240.8447,t002,FIJTB
2528995003,1989165,2,tobillo,swing,0.0900,1.4713,-0.1042,35.5225,37.1704,235.7178,t002,FIJTB
2528995003,1989181,2,tobillo,swing,0.0847,1.4270,-0.0917,34.2407,38.6963,227.0508,t002,FIJTB
2528995004,1989196,2,tobillo,swing,0.0499,1.4396,-0.0862,33.3252,37.1094,222.7173,t002,FIJTB
2528995012,1989212,2,tobillo,swing,0.0536,1.4578,-0.0916,37.4756,36.6211,212.1582,t002,FIJTB
2528995049,1989228,2,tobillo,swing,0.0527,1.4419,-0.0862,40.2222,37.9028,206.7871,t002,FIJTB
2528995051,1989243,2,tobillo,swing,0.0713,1.4277,-0.0886,44.9829,40.3442,190.5517,t002,FIJTB
2528995052,1989259,2,tobillo,swing,0.0908,1.3898,-0.1014,47.0581,40.1001,168.8232,t002,FIJTB
2528995103,1989275,2,tobillo,swing,0.0992,1.2375,-0.1433,46.3867,40.2222,157.0435,t002,FIJTB
2528995103,1989291,2,tobillo,swing,0.0894,1.1710,-0.1561,40.2222,39.4287,133.0566,t002,FIJTB
2528995103,1989306,2,tobillo,swing,0.1454,1.0947,-0.1793,35.6445,37.9639,118.9575,t002,FIJTB
2528995150,1989322,2,tobillo,swing,0.2267,1.0486,-0.1758,24.9634,36.1938,92.3462,t002,FIJTB
2528995150,1989338,2,tobillo,swing,0.2279,0.9926,-0.1718,10.1929,36.8652,70.1294,t002,FIJTB
2528995150,1989354,2,tobillo,loading,0.2349,0.9290,-0.1553,1.5869,38.6353,55.4199,t002,FIJTB
2528995206,1989369,2,tobillo,loading,0.2474,0.9337,-0.1510,-13.6719,44.3726,23.2544,t002,FIJTB
2528995206,1989385,2,tobillo,loading,0.2010,0.9297,-0.1643,-19.9585,47.1191,8.8501,t002,FIJTB
2528995207,1989401,2,tobillo,loading,0.1617,0.9060,-0.1360,-30.0903,51.4526,-15.2588,t002,FIJTB
2528995254,1989417,2,tobillo,loading,0.1144,0.8832,-0.1079,-39.1846,50.2319,-35.5225,t002,FIJTB
2528995254,1989433,2,tobillo,loading,-0.0714,0.9099,-0.0474,-43.9453,49.2554,-45.2270,t002,FIJTB
2528995257,1989449,2,tobillo,loading,-0.3398,1.0452,0.0071,-37.7808,47.4853,-34.4849,t002,FIJTB
2528995257,1989465,2,tobillo,loading,-0.6088,1.0806,0.2450,1.5869,50.4150,-43.2129,t002,FIJTB
2528995308,1989481,2,tobillo,loading,-0.8793,0.5951,0.2230,2.6855,35.8276,-67.0776,t002,FIJTB
2528995309,1989497,2,tobillo,loading,-0.8127,0.7103,0.1973,-23.9258,14.6484,-87.9517,t002,FIJTB
2528995309,1989512,2,tobillo,loading,-0.5717,1.2048,0.3463,-31.6162,16.9678,-97.7783,t002,FIJTB
2528995355,1989528,2,tobillo,loading,-0.2838,1.3314,0.1593,-49.6216,17.3340,-121.1548,t002,FIJTB
2528995358,1989544,2,tobillo,loading,-0.1476,1.0809,0.1809,-59.9365,42.0532,-119.9341,t002,FIJTB
2528995358,1989560,2,tobillo,loading,-0.1248,0.9314,0.1479,-60.5469,44.9219,-103.3935,t002,FIJTB
2528995408,1989576,2,tobillo,loading,-0.1344,1.0060,0.0874,-52.0019,33.2642,-80.3833,t002,FIJTB
2528995409,1989592,2,tobillo,loading,-0.2051,0.9962,-0.0422,-37.5366,26.3672,-76.3550,t002,FIJTB
2528995409,1989608,2,tobillo,loading,-0.3501,0.9271,-0.0405,-29.5410,10.1318,-62.2559,t002,FIJTB
2528995458,1989624,2,tobillo,loading,-0.2897,0.9476,-0.0084,-33.8135,0.2441,-52.6123,t002,FIJTB
2528995459,1989640,2,tobillo,loading,-0.1613,0.9827,-0.0083,-30.6396,-6.1646,-49.0112,t002,FIJTB
2528995459,1989656,2,tobillo,loading,-0.1367,1.0081,-0.0039,-28.8696,-14.7095,-37.4756,t002,FIJTB
2528995510,1989672,2,tobillo,loading,-0.1578,1.0541,0.0082,-30.3345,-15.1367,-26.3672,t002,FIJTB
2528995510,1989688,2,tobillo,loading,-0.2866,0.9828,0.0255,-31.7383,-12.2070,-22.3389,t002,FIJTB
2528995511,1989704,2,tobillo,loading,-0.2964,0.9452,0.0043,-26.8555,-5.0049,-26.3672,t002,FIJTB
2528995557,1989720,2,tobillo,loading,-0.2623,0.9387,-0.0455,-22.3389,-1.1597,-28.7476,t002,FIJTB
2528995558,1989736,2,tobillo,midstance,-0.2656,0.9855,-0.0427,-19.4702,4.3945,-24.1699,t002,FIJTB
2528995558,1989752,2,tobillo,midstance,-0.2561,0.9922,-0.0209,-14.3433,7.6294,-24.1089,t002,FIJTB
2528995561,1989768,2,tobillo,midstance,-0.2167,0.9169,-0.0101,-8.7280,7.4463,-23.4985,t002,FIJTB
2528995613,1989784,2,tobillo,midstance,-0.1635,0.9890,-0.0081,-12.0850,4.4556,-16.9067,t002,FIJTB
2528995614,1989800,2,tobillo,midstance,-0.1509,1.0149,0.0211,-13.6108,1.0986,-10.8032,t002,FIJTB
2528995614,1989816,2,tobillo,midstance,-0.2037,0.9451,0.0143,-11.5967,-3.1128,-7.2021,t002,FIJTB
2528995662,1989832,2,tobillo,midstance,-0.2390,0.9308,0.0120,-10.9863,-15.6860,-3.0518,t002,FIJTB
2528995665,1989848,2,tobillo,midstance,-0.2531,0.9175,-0.0233,-12.5732,-17.6392,-3.9062,t002,FIJTB
2528995665,1989864,2,tobillo,midstance,-0.2783,0.9042,-0.0577,-16.7847,-13.7329,-5.6152,t002,FIJTB
2528995715,1989880,2,tobillo,midstance,-0.2751,0.9341,-0.0507,-17.3950,-10.9863,-8.3008,t002,FIJTB
2528995716,1989896,2,tobillo,midstance,-0.2297,0.9705,-0.0165,-16.3574,-9.0942,-11.1084,t002,FIJTB
2528995716,1989912,2,tobillo,midstance,-0.2274,0.9408,-0.0151,-14.8315,-7.8125,-13.8550,t002,FIJTB
2528995763,1989928,2,tobillo,midstance,-0.1963,1.0229,0.0002,-13.6108,-6.5308,-16.3574,t002,FIJTB
2528995763,1989944,2,tobillo,midstance,-0.2084,0.9626,-0.0150,-11.5967,-6.1035,-18.8599,t002,FIJTB
2528995764,1989960,2,tobillo,midstance,-0.2078,0.9630,-0.0201,-10.4980,-5.8594,-21.4233,t002,FIJTB
2528995817,1989976,2,tobillo,midstance,-0.2090,0.9525,-0.0400,-9.6436,-5.9204,-22.3389,t002,FIJTB
2528995817,1989992,2,tobillo,midstance,-0.1879,0.9601,-0.0406,-8.8501,-5.8594,-24.6582,t002,FIJTB
2528995817,1990008,2,tobillo,midstance,-0.2030,0.9540,-0.0420,-9.2163,-5.9204,-24.4141,t002,FIJTB
2528995818,1990024,2,tobillo,midstance,-0.2152,0.9640,-0.0375,-9.8267,-6.3477,-25.9399,t002,FIJTB
2528995868,1990040,2,tobillo,midstance,-0.1981,0.9602,-0.0377,-10.3149,-6.4697,-30.3345,t002,FIJTB
2528995868,1990056,2,tobillo,midstance,-0.1531,0.9653,-0.0422,-10.7422,-5.9204,-31.4941,t002,FIJTB
2528995868,1990072,2,tobillo,midstance,-0.1636,0.9813,-0.0503,-12.3291,-4.4556,-33.3862,t002,FIJTB
2528995918,1990088,2,tobillo,midstance,-0.1639,0.9768,-0.0621,-13.6719,-4.7607,-33.2642,t002,FIJTB
2528995919,1990104,2,tobillo,midstance,-0.1206,0.9819,-0.0675,-14.4043,-5.6152,-33.3252,t002,FIJTB
2528995919,1990120,2,tobillo,midstance,-0.1156,0.9813,-0.0602,-15.8691,-7.9956,-34.5459,t002,FIJTB
2528995966,1990137,2,tobillo,midstance,-0.1415,0.9830,-0.0713,-13.3057,-5.5542,-40.2832,t002,FIJTB
2528995968,1990153,2,tobillo,midstance,-0.1255,0.9813,-0.0894,-12.4512,-3.9673,-44.4336,t002,FIJTB
2528995969,1990169,2,tobillo,midstance,-0.0959,0.9763,-0.0822,-12.2681,-3.2349,-48.5840,t002,FIJTB
2528996022,1990185,2,tobillo,midstance,-0.0681,0.9688,-0.0604,-14.7705,-2.3804,-48.6450,t002,FIJTB
2528996022,1990201,2,tobillo,midstance,-0.0808,0.9803,-0.0626,-15.8691,-1.3428,-47.4853,t002,FIJTB
2528996022,1990217,2,tobillo,midstance,-0.0787,0.9866,-0.0809,-17.0288,-0.0610,-47.7295,t002,FIJTB
2528996069,1990233,2,tobillo,midstance,-0.0729,0.9849,-0.1447,-17.3340,0.1831,-49.9878,t002,FIJTB
2528996071,1990249,2,tobillo,midstance,-0.0428,0.9706,-0.1420,-17.4561,-0.1221,-52.6123,t002,FIJTB
2528996071,1990265,2,tobillo,midstance,-0.0104,0.9711,-0.1219,-18.6768,-2.5024,-46.3867,t002,FIJTB
2528996113,1990281,2,tobillo,midstance,0.0095,1.0042,-0.0865,-20.2637,-4.1504,-44.1284,t002,FIJTB
2528996121,1990297,2,tobillo,midstance,-0.0156,1.0176,-0.0978,-23.3154,-5.0659,-45.6543,t002,FIJTB
2528996121,1990313,2,tobillo,midstance,0.0051,1.0138,-0.1320,-23.4985,-3.4790,-52.7954,t002,FIJTB
2528996122,1990329,2,tobillo,terminal,0.0425,0.9950,-0.1223,-23.6206,-3.1738,-54.5654,t002,FIJTB
2528996169,1990345,2,tobillo,terminal,0.0670,1.0017,-0.1191,-24.7803,-4.2725,-53.2227,t002,FIJTB
2528996169,1990361,2,tobillo,terminal,0.0645,0.9990,-0.1312,-25.2075,-5.6152,-53.4668,t002,FIJTB
2528996169,1990377,2,tobillo,terminal,0.0442,1.0074,-0.1605,-24.6582,-6.1035,-55.2368,t002,FIJTB
2528996223,1990393,2,tobillo,terminal,0.0365,1.0166,-0.1725,-22.8271,-6.2256,-59.9976,t002,FIJTB
2528996224,1990409,2,tobillo,terminal,0.0438,1.0652,-0.1600,-21.9116,-6.5308,-63.7817,t002,FIJTB
2528996224,1990425,2,tobillo,terminal,0.0215,1.1206,-0.1560,-20.8740,-7.3242,-74.7070,t002,FIJTB
2528996271,1990441,2,tobillo,terminal,-0.0383,1.1970,-0.1764,-25.9399,-7.6294,-93.2617,t002,FIJTB
2528996272,1990457,2,tobillo,terminal,0.0210,1.2153,-0.0828,-34.0576,-6.3477,-98.1445,t002,FIJTB
2528996273,1990473,2,tobillo,terminal,0.0737,1.2324,-0.0311,-53.1006,-7.4463,-106.8115,t002,FIJTB
2528996321,1990489,2,tobillo,terminal,0.1309,1.2583,0.0072,-60.6689,-12.2681,-114.4409,t002,FIJTB
2528996322,1990505,2,tobillo,terminal,0.1600,1.2726,-0.0375,-66.4063,-33.7524,-126.9531,t002,FIJTB
2528996322,1990521,2,tobillo,terminal,0.1704,1.2291,-0.0162,-68.3594,-65.9790,-123.1689,t002,FIJTB
2528996368,1990537,2,tobillo,terminal,0.2371,1.1846,0.0864,-69.1528,-81.8481,-127.8076,t002,FIJTB
2528996369,1990553,2,tobillo,terminal,0.2949,1.2213,0.1224,-61.8286,-116.6382,-142.9443,t002,FIJTB
2528996370,1990569,2,tobillo,terminal,0.2701,1.2529,-0.0115,-55.1758,-131.2866,-146.3623,t002,FIJTB
2528996418,1990585,2,tobillo,terminal,0.0310,1.1163,-0.2339,-60.1196,-123.9624,-144.6533,t002,FIJTB
2528996419,1990601,2,tobillo,terminal,0.1339,1.1407,-0.2434,-63.1714,-74.5850,-124.9390,t002,FIJTB
2528996419,1990617,2,tobillo,terminal,0.6295,1.1697,-0.2634,-51.4526,-54.1992,-110.3516,t002,FIJTB
2528996464,1990633,2,tobillo,terminal,0.4038,0.9551,-0.5084,-37.1704,-71.6553,-87.5854,t002,FIJTB
2528996467,1990649,2,tobillo,terminal,0.1965,0.9670,-0.6436,-49.1333,-108.8257,-53.0395,t002,FIJTB
2528996467,1990665,2,tobillo,terminal,-0.0770,0.9481,-0.5310,-47.4853,-95.5200,-33.0811,t002,FIJTB
2528996516,1990681,2,tobillo,terminal,-0.1653,0.7083,-0.2531,-13.9160,-29.2358,-36.9263,t002,FIJTB
2528996516,1990697,2,tobillo,terminal,-0.4531,0.3184,-0.0756,0.3052,-3.0518,-35.5835,t002,FIJTB
2528996517,1990713,2,tobillo,terminal,-0.5731,0.5582,0.0753,-15.2588,-2.7466,44.3726,t002,FIJTB
2528996562,1990729,2,tobillo,terminal,-0.4099,0.5919,0.0928,4.2725,-14.3433,88.4399,t002,FIJTB
2528996562,1990745,2,tobillo,swing,-0.0911,0.4783,0.0225,27.0996,-8.9722,100.4028,t002,FIJTB
2528996563,1990761,2,tobillo,swing,-0.1166,0.4509,0.0370,54.2603,-18.8599,138.7329,t002,FIJTB
2528996580,1990777,2,tobillo,swing,-0.2864,0.5469,0.1069,66.2231,-46.8140,166.3818,t002,FIJTB
2528996617,1990792,2,tobillo,swing,-0.2786,0.7333,0.0951,73.3032,-45.2881,172.3633,t002,FIJTB
2528996617,1990808,2,tobillo,swing,-0.2863,0.7612,0.1166,88.8672,-28.3813,201.9043,t002,FIJTB
2528996617,1990824,2,tobillo,swing,-0.3013,0.7344,0.1655,87.6465,-23.1934,211.7309,t002,FIJTB
2528996664,1990840,2,tobillo,swing,-0.2018,0.8695,0.1254,64.2700,-5.1880,216.9800,t002,FIJTB
2528996666,1990855,2,tobillo,swing,-0.0406,1.1973,-0.0360,48.2788,20.5078,229.9194,t002,FIJTB
2528996667,1990871,2,tobillo,swing,-0.1049,1.2787,-0.0466,46.6309,28.3813,235.0464,t002,FIJTB
2528996716,1990887,2,tobillo,swing,-0.0420,1.3226,-0.0614,41.6870,31.3721,225.4639,t002,FIJTB
2528996717,1990903,2,tobillo,swing,0.1344,1.4658,-0.1371,36.9263,28.6255,216.4306,t002,FIJTB
2528996717,1990918,2,tobillo,swing,0.1460,1.5186,-0.1797,34.7290,25.3296,213.5620,t002,FIJTB
2528996762,1990934,2,tobillo,swing,0.0232,1.4858,-0.1454,36.4990,27.2217,217.6514,t002,FIJTB
2528996764,1990950,2,tobillo,swing,0.0756,1.4254,-0.0690,39.3677,28.3203,212.5244,t002,FIJTB
2528996764,1990965,2,tobillo,swing,0.0659,1.4014,-0.0612,35.9497,18.7378,201.6601,t002,FIJTB
2528996814,1990981,2,tobillo,swing,-0.0333,1.3992,-0.0393,33.9966,13.6719,198.3642,t002,FIJTB
2528996815,1990997,2,tobillo,swing,-0.0300,1.4125,-0.0197,34.7290,10.8032,190.6128,t002,FIJTB
2528996815,1991013,2,tobillo,swing,-0.0006,1.5704,-0.0416,34.6680,11.7187,190.1245,t002,FIJTB
2528996861,1991028,2,tobillo,swing,0.3876,1.2667,0.0688,37.0483,27.6489,195.6787,t002,FIJTB
2528996863,1991044,2,tobillo,swing,0.3593,1.2622,0.0487,39.1235,25.2075,157.7759,t002,FIJTB
2528996864,1991060,2,tobillo,swing,-0.1023,1.6155,-0.1644,37.4146,19.4092,176.0864,t002,FIJTB
2528996915,1991075,2,tobillo,swing,-0.0516,1.3879,-0.1663,49.9268,57.9834,177.2461,t002,FIJTB
2528996915,1991091,2,tobillo,swing,0.0886,1.1786,-0.1443,49.5605,72.6929,162.7197,t002,FIJTB
2528996916,1991107,2,tobillo,swing,0.2072,1.2075,-0.3074,36.2549,71.1060,139.1602,t002,FIJTB
2528996916,1991123,2,tobillo,swing,0.2423,1.1261,-0.3557,24.1699,53.8940,112.8540,t002,FIJTB
2528996963,1991138,2,tobillo,swing,0.3480,0.9352,-0.3690,18.0054,44.1284,98.2666,t002,FIJTB
2528996964,1991154,2,tobillo,swing,0.4012,0.9092,-0.3512,5.3101,21.2402,62.8662,t002,FIJTB
2528996965,1991170,2,tobillo,swing,0.3525,0.9077,-0.3098,-1.2207,10.6201,44.8608,t002,FIJTB
2528997016,1991186,2,tobillo,swing,0.2112,0.8650,-0.3698,-14.2212,-2.1362,6.1646,t002,FIJTB
2528997017,1991202,2,tobillo,swing,0.1033,0.8575,-0.3643,-31.4331,5.6763,-22.8882,t002,FIJTB
2528997017,1991217,2,tobillo,swing,-0.0508,0.8445,-0.1797,-38.3911,15.6250,-31.6772,t002,FIJTB
2528997063,1991233,2,tobillo,midstance,-0.0555,0.8499,-0.1093,-43.6401,30.0903,-59.0210,t002,FIJTB
2528997064,1991249,2,tobillo,midstance,-0.1343,0.8785,-0.0365,-44.4946,35.1563,-67.2607,t002,FIJTB
2528997064,1991265,2,tobillo,midstance,-0.7723,0.9067,0.3467,-43.0908,47.3633,-62.8052,t002,FIJTB
2528997120,1991281,2,tobillo,midstance,-1.1696,0.8859,0.5370,-5.8594,63.8428,-17.7002,t002,FIJTB
2528997121,1991297,2,tobillo,midstance,-1.0507,0.5461,0.1519,0.2441,63.4766,-15.6860,t002,FIJTB
2528997121,1991313,2,tobillo,midstance,-0.6490,0.5985,-0.0264,-36.1938,67.0776,-64.9414,t002,FIJTB
2528997122,1991329,2,tobillo,midstance,-0.0298,1.0564,0.5995,-19.1040,64.2700,-88.9282,t002,FIJTB
2528997171,1991345,2,tobillo,midstance,-0.4254,1.1249,0.6222,-16.4185,46.0205,-102.9053,t002,FIJTB
2528997172,1991361,2,tobillo,midstance,-0.4165,1.4187,0.4532,-35.5225,-3.4790,-127.4414,t002,FIJTB
2528997173,1991377,2,tobillo,midstance,-0.1219,1.1793,0.1703,-44.8608,-11.6577,-126.0376,t002,FIJTB
2528997224,1991393,2,tobillo,midstance,-0.2018,0.9899,0.0310,-65.6128,-3.0518,-84.1064,t002,FIJTB
2528997224,1991409,2,tobillo,midstance,-0.2181,1.1039,-0.0848,-72.6929,7.3853,-53.7720,t002,FIJTB
2528997225,1991425,2,tobillo,midstance,-0.3837,1.0347,-0.2407,-59.1431,5.5542,-55.2368,t002,FIJTB
2528997272,1991441,2,tobillo,midstance,-0.4281,1.0569,-0.4286,-53.4668,11.7187,-43.1519,t002,FIJTB
2528997273,1991457,2,tobillo,midstance,-0.4189,0.9730,-0.2195,-50.2319,15.1978,-37.5366,t002,FIJTB
2528997274,1991473,2,tobillo,midstance,-0.2485,0.9382,-0.0055,-30.0293,7.3853,-35.4614,t002,FIJTB
2528997325,1991489,2,tobillo,midstance,-0.2340,0.9215,-0.0157,-18.6157,5.7983,-18.6768,t002,FIJTB
2528997325,1991505,2,tobillo,midstance,-0.1927,0.9822,0.0619,-17.3950,4.3335,-11.7798,t002,FIJTB
2528997326,1991521,2,tobillo,midstance,-0.2330,0.9525,0.0702,-17.3340,-2.0752,-4.8828,t002,FIJTB
2528997374,1991537,2,tobillo,midstance,-0.2970,0.9529,0.0425,-21.2402,-1.6479,-3.6621,t002,FIJTB
2528997376,1991553,2,tobillo,midstance,-0.2993,0.9567,-0.0010,-20.3857,-0.2441,-6.7749,t002,FIJTB
2528997377,1991569,2,tobillo,midstance,-0.2572,0.9553,0.0018,-13.4888,-8.4229,-7.8125,t002,FIJTB
2528997377,1991585,2,tobillo,midstance,-0.2996,0.9171,-0.0209,-9.5215,-15.9302,-5.1270,t002,FIJTB
2528997427,1991601,2,tobillo,midstance,-0.3370,0.9326,-0.0734,-7.5073,-28.5034,-3.1128,t002,FIJTB
2528997428,1991617,2,tobillo,midstance,-0.3328,0.9401,-0.0669,-9.8267,-33.6304,-4.2114,t002,FIJTB
2528997429,1991633,2,tobillo,midstance,-0.3185,0.9301,-0.0232,-10.0098,-32.6538,-5.3711,t002,FIJTB
2528997476,1991649,2,tobillo,midstance,-0.3489,0.9150,-0.0387,-10.6812,-25.9399,-9.0332,t002,FIJTB
2528997479,1991665,2,tobillo,midstance,-0.3448,0.9153,-0.0542,-9.1553,-17.9443,-12.8784,t002,FIJTB
2528997479,1991681,2,tobillo,midstance,-0.2589,0.9471,-0.0673,-5.3101,-15.5640,-13.7939,t002,FIJTB
2528997529,1991697,2,tobillo,midstance,-0.2498,0.9406,-0.0547,1.5259,-16.2354,-11.8408,t002,FIJTB
2528997529,1991713,2,tobillo,midstance,-0.3112,0.9172,-0.0542,3.1128,-17.4561,-10.7422,t002,FIJTB
2528997530,1991729,2,tobillo,midstance,-0.3531,0.9456,-0.0442,-3.6011,-15.2588,-10.6812,t002,FIJTB
2528997578,1991745,2,tobillo,midstance,-0.3647,0.9104,-0.0311,-3.7231,-7.5684,-19.3481,t002,FIJTB
2528997579,1991761,2,tobillo,midstance,-0.3102,0.8877,-0.0527,-1.5869,-4.4556,-23.9868,t002,FIJTB
2528997579,1991778,2,tobillo,midstance,-0.2235,1.0155,-0.0311,-8.4229,-0.7324,-23.4985,t002,FIJTB
2528997629,1991794,2,tobillo,midstance,-0.2052,0.9779,-0.0155,-3.1128,-3.1128,-24.2310,t002,FIJTB
2528997630,1991810,2,tobillo,midstance,-0.2444,0.9502,-0.0122,-2.2583,-7.1411,-21.4233,t002,FIJTB
2528997630,1991826,2,tobillo,midstance,-0.3320,0.9688,-0.0139,-1.8311,-1.0376,-31.0669,t002,FIJTB
2528997678,1991842,2,tobillo,midstance,-0.2439,0.9138,-0.0497,-11.0474,4.9438,-34.1797,t002,FIJTB
2528997680,1991858,2,tobillo,midstance,-0.2710,0.9382,-0.0682,-16.4185,4.2725,-24.8413,t002,FIJTB
2528997681,1991874,2,tobillo,midstance,-0.3102,0.9407,-0.0778,-15.8081,8.7891,-22.3999,t002,FIJTB
2528997714,1991890,2,tobillo,midstance,-0.2836,0.9570,-0.1073,-13.3057,13.1836,-25.2686,t002,FIJTB
2528997731,1991906,2,tobillo,midstance,-0.1769,0.9814,-0.0508,-4.9438,17.8223,-29.9072,t002,FIJTB
2528997732,1991922,2,tobillo,midstance,-0.1244,0.9810,-0.0134,-1.5259,13.9160,-30.0293,t002,FIJTB
2528997733,1991938,2,tobillo,midstance,-0.1434,0.9695,0.0171,-5.2490,10.8643,-28.4424,t002,FIJTB
2528997781,1991954,2,tobillo,midstance,-0.1726,0.9590,0.0000,-14.4043,8.7891,-26.1230,t002,FIJTB
2528997782,1991970,2,tobillo,midstance,-0.2026,0.9594,-0.0525,-17.7612,9.0332,-26.9165,t002,FIJTB
2528997783,1991986,2,tobillo,midstance,-0.2396,0.9880,-0.0876,-16.1743,9.1553,-29.0527,t002,FIJTB
2528997833,1992002,2,tobillo,midstance,-0.2325,0.9891,-0.0990,-11.1694,9.3384,-36.4990,t002,FIJTB
2528997834,1992018,2,tobillo,midstance,-0.1816,0.9751,-0.0942,-9.6436,8.5449,-40.4053,t002,FIJTB
2528997834,1992034,2,tobillo,midstance,-0.1560,0.9792,-0.0745,-9.7656,3.5400,-48.2178,t002,FIJTB
2528997882,1992050,2,tobillo,midstance,-0.1399,0.9928,-0.0779,-12.8784,-1.4038,-54.9927,t002,FIJTB
2528997883,1992067,2,tobillo,midstance,-0.1268,0.9854,-0.0962,-14.2212,-2.5024,-55.7861,t002,FIJTB
2528997884,1992083,2,tobillo,midstance,-0.1083,0.9734,-0.1061,-15.3809,-3.2349,-52.0630,t002,FIJTB
2528997932,1992099,2,tobillo,midstance,-0.0720,0.9773,-0.1006,-16.4185,-3.6621,-50.2930,t002,FIJTB
2528997933,1992115,2,tobillo,midstance,-0.0208,0.9874,-0.0709,-18.4937,-4.4556,-49.3774,t002,FIJTB
2528997933,1992131,2,tobillo,midstance,-0.0206,0.9856,-0.0691,-23.0103,-3.7231,-47.3022,t002,FIJTB
2528997980,1992147,2,tobillo,midstance,-0.0460,0.9948,-0.0907,-24.2310,-2.8687,-47.1802,t002,FIJTB
2528997981,1992163,2,tobillo,midstance,-0.0341,1.0088,-0.0898,-25.3296,-2.0142,-47.9736,t002,FIJTB
2528997982,1992179,2,tobillo,midstance,-0.0322,1.0193,-0.0969,-26.0620,-0.9155,-48.7671,t002,FIJTB
2528998031,1992195,2,tobillo,midstance,-0.0298,1.0313,-0.1229,-25.9399,-0.7324,-50.2319,t002,FIJTB
2528998032,1992211,2,tobillo,midstance,-0.0356,1.0438,-0.1384,-25.3296,-1.8921,-56.4575,t002,FIJTB
2528998032,1992227,2,tobillo,midstance,-0.0415,1.0479,-0.1312,-25.4517,-4.5776,-63.5986,t002,FIJTB
2528998061,1992243,2,tobillo,midstance,-0.0474,1.0914,-0.0874,-26.3062,-5.3711,-66.4063,t002,FIJTB
2528998079,1992259,2,tobillo,midstance,-0.0431,1.1234,-0.0887,-28.1982,-5.6152,-74.9512,t002,FIJTB
2528998080,1992275,2,tobillo,midstance,-0.0204,1.1621,-0.1183,-28.6865,-6.2866,-82.1533,t002,FIJTB
2528998129,1992291,2,tobillo,midstance,0.0656,1.1127,-0.0826,-37.2925,-8.6060,-92.5903,t002,FIJTB
2528998129,1992307,2,tobillo,midstance,0.0909,1.0978,-0.0786,-51.1475,-10.6812,-91.2476,t002,FIJTB
2528998130,1992323,2,tobillo,midstance,0.0803,1.1476,-0.1293,-53.1006,-16.6016,-93.0176,t002,FIJTB
2528998175,1992339,2,tobillo,midstance,0.0771,1.1841,-0.1913,-45.1660,-39.7339,-94.3603,t002,FIJTB
2528998177,1992355,2,tobillo,midstance,0.0573,1.1268,-0.1691,-40.4663,-64.4531,-98.4497,t002,FIJTB
2528998178,1992371,2,tobillo,midstance,0.0265,1.0424,-0.0922,-41.1377,-73.7305,-104.4311,t002,FIJTB
2528998209,1992387,2,tobillo,midstance,0.0624,1.0253,-0.0549,-43.9453,-82.8857,-110.1684,t002,FIJTB
2528998227,1992403,2,tobillo,midstance,0.1754,1.0107,0.0074,-45.5322,-83.0688,-113.6475,t002,FIJTB
2528998227,1992419,2,tobillo,midstance,0.2172,1.0396,-0.0082,-46.6309,-80.1392,-120.7886,t002,FIJTB
2528998228,1992435,2,tobillo,midstance,0.2242,1.0747,-0.0894,-46.0815,-75.8667,-126.7700,t002,FIJTB
2528998274,1992451,2,tobillo,midstance,0.2787,1.1813,-0.3203,-46.6919,-73.1201,-127.5635,t002,FIJTB
2528998275,1992467,2,tobillo,midstance,0.2617,1.2264,-0.3550,-48.0957,-68.0542,-121.3989,t002,FIJTB
2528998276,1992483,2,tobillo,midstance,0.1080,1.1859,-0.2948,-50.5371,-72.8149,-104.0649,t002,FIJTB
2528998324,1992499,2,tobillo,midstance,0.4055,1.1150,-0.3704,-48.1567,-74.8291,-98.3887,t002,FIJTB
2528998324,1992515,2,tobillo,midstance,0.5762,1.1367,-0.4128,-39.4897,-71.8994,-87.9517,t002,FIJTB
2528998325,1992531,2,tobillo,midstance,0.3207,1.1062,-0.5167,-36.8042,-78.1250,-71.7163,t002,FIJTB
2528998373,1992547,2,tobillo,midstance,-0.0662,0.8556,-0.5414,-28.9917,-78.4302,-32.1045,t002,FIJTB
2528998373,1992563,2,tobillo,midstance,-0.0947,0.5558,-0.3962,-9.9487,-11.1694,-46.1426,t002,FIJTB
2528998373,1992579,2,tobillo,midstance,0.1573,0.0819,-0.2600,-7.0190,18.3716,-72.5708,t002,FIJTB
2528998422,1992595,2,tobillo,midstance,0.1294,0.3507,-0.1785,-23.7427,41.4429,-21.6675,t002,FIJTB
2528998422,1992611,2,tobillo,midstance,-0.2993,0.5458,0.1366,-16.6626,29.5410,52.2461,t002,FIJTB
2528998423,1992627,2,tobillo,midstance,-0.1926,-0.1255,0.3199,29.6631,-9.2773,104.3091,t002,FIJTB
2528998471,1992643,2,tobillo,midstance,-0.0234,-0.2300,0.3916,27.2217,-10.3760,14.7705,t002,FIJTB
2528998472,1992659,2,tobillo,midstance,0.3914,0.1353,0.0708,14.4653,4.1504,4.5166,t002,FIJTB
2528998472,1992674,2,tobillo,midstance,0.9126,0.4667,-0.1002,16.5405,50.9033,66.0400,t002,FIJTB
2528998522,1992690,2,tobillo,midstance,1.0034,0.5266,-0.2727,41.0156,67.8101,125.4883,t002,FIJTB
2528998522,1992706,2,tobillo,midstance,1.5226,0.7820,-1.5043,36.3770,63.7207,135.0708,t002,FIJTB
2528998523,1992722,2,tobillo,midstance,2.5441,1.2251,-1.9807,13.1226,87.8296,9.7046,t002,FIJTB
2528998568,1992737,2,tobillo,midstance,3.9269,1.5647,-0.6145,43.3350,135.4370,-122.0093,t002,FIJTB
2528998571,1992753,2,tobillo,midstance,2.6212,0.7788,0.0126,43.2129,-12.6953,-83.6182,t002,FIJTB
2528998571,1992769,2,tobillo,midstance,-0.8387,-0.1593,-0.0099,-13.4277,-133.7891,72.9370,t002,FIJTB
2528998622,1992785,2,tobillo,midstance,-0.3394,0.7269,-0.2114,-28.4424,-56.8237,32.7148,t002,FIJTB
2528998622,1992801,2,tobillo,midstance,0.4384,1.0236,-0.1805,-14.9536,58.5937,-26.6724,t002,FIJTB
2528998622,1992817,2,tobillo,midstance,0.5657,0.6027,-0.0592,7.3242,46.5088,-33.0200,t002,FIJTB
2528998631,1992833,2,tobillo,midstance,0.2958,0.5356,-0.1808,20.2026,-2.5024,-49.0723,t002,FIJTB
2528998670,1992849,2,tobillo,midstance,0.4689,0.6471,-0.2383,-1.3428,22.2778,-40.4053,t002,FIJTB
2528998671,1992865,2,tobillo,midstance,0.5507,0.6843,-0.2042,-4.4556,31.4941,-22.0337,t002,FIJTB
2528998723,1992881,2,tobillo,midstance,0.4349,0.6532,-0.1750,9.5825,23.2544,-10.1929,t002,FIJTB
2528998723,1992897,2,tobillo,midstance,0.3534,0.6395,-0.2187,16.6016,18.0664,-19.5923,t002,FIJTB
2528998724,1992913,2,tobillo,midstance,0.4923,0.7063,-0.3284,20.1416,6.4697,-29.9072,t002,FIJTB
2528998724,1992929,2,tobillo,midstance,0.5273,0.7146,-0.3276,17.5781,-10.3149,-11.1694,t002,FIJTB
2528998773,1992945,2,tobillo,midstance,0.4617,0.6707,-0.2126,15.0146,-18.5547,2.5635,t002,FIJTB
2528998773,1992960,2,tobillo,midstance,0.4321,0.7440,-0.1671,8.9722,-31.5552,17.9443,t002,FIJTB
2528998773,1992976,2,tobillo,midstance,0.4471,0.7908,-0.1729,10.3149,-33.2642,20.9351,t002,FIJTB
2528998824,1992992,2,tobillo,midstance,0.4578,0.8032,-0.1691,11.9019,-30.5176,21.7895,t002,FIJTB
2528998825,1993008,2,tobillo,midstance,0.4564,0.8066,-0.1680,10.9863,-22.7661,24.7192,t002,FIJTB
2528998826,1993024,2,tobillo,midstance,0.4799,0.8535,-0.1780,9.5825,-18.1274,25.5737,t002,FIJTB
2528998875,1993040,2,tobillo,midstance,0.5018,0.8593,-0.2133,9.2773,-8.8501,24.2310,t002,FIJTB
2528998876,1993056,2,tobillo,midstance,0.4961,0.8402,-0.2273,9.0332,-1.9531,23.1934,t002,FIJTB
2528998876,1993072,2,tobillo,midstance,0.5265,0.8352,-0.2959,7.0190,-0.1831,22.8271,t002,FIJTB
2528998928,1993087,2,tobillo,midstance,0.6442,0.8789,-0.3931,-1.6479,10.1318,13.7329,t002,FIJTB
2528998928,1993103,2,tobillo,midstance,0.9447,0.9061,-0.3685,-2.7466,14.5874,6.8359,t002,FIJTB
2528998929,1993119,2,tobillo,midstance,0.4723,0.7688,-0.0763,-0.8545,-10.9863,14.9536,t002,FIJTB
2528998929,1993135,2,tobillo,midstance,0.2094,0.6538,-0.0582,0.6104,-31.7993,9.8877,t002,FIJTB
2528998979,1993151,2,tobillo,midstance,0.2671,0.7006,-0.2234,-2.7466,-22.3999,2.0752,t002,FIJTB
2528998979,1993167,2,tobillo,midstance,0.4678,0.8054,-0.2875,-10.4980,-1.3428,16.0522,t002,FIJTB
2528998979,1993183,2,tobillo,midstance,0.6146,0.8258,-0.3018,-3.1128,-1.8921,20.4468,t002,FIJTB
2528999030,1993199,2,tobillo,midstance,0.5735,0.7780,-0.2278,-0.2441,-4.6997,20.1416,t002,FIJTB
2528999031,1993215,2,tobillo,midstance,0.5442,0.7729,-0.1984,-2.1973,-7.0801,28.6865,t002,FIJTB
2528999031,1993231,2,tobillo,midstance,0.4121,0.7426,-0.1808,-2.6245,-7.8735,31.8603,t002,FIJTB
2528999078,1993247,2,tobillo,midstance,0.3820,0.7451,-0.2407,0.7324,-6.6528,31.6772,t002,FIJTB
2528999081,1993263,2,tobillo,midstance,0.4440,0.7858,-0.2743,1.7090,-3.1738,33.8745,t002,FIJTB
2528999081,1993279,2,tobillo,midstance,0.5275,0.8326,-0.2805,1.7700,-3.9062,36.3159,t002,FIJTB
2528999134,1993295,2,tobillo,midstance,0.5049,0.8182,-0.2679,2.0142,-9.6436,39.5508,t002,FIJTB
2528999135,1993311,2,tobillo,midstance,0.4437,0.7971,-0.2573,1.8311,-12.5732,41.2598,t002,FIJTB
2528999135,1993326,2,tobillo,midstance,0.3876,0.7783,-0.2136,2.4414,-15.0757,45.7764,t002,FIJTB
2528999135,1993342,2,tobillo,midstance,0.3374,0.7563,-0.1836,3.9673,-19.0430,43.8232,t002,FIJTB
2528999183,1993358,2,tobillo,midstance,0.2667,0.7483,-0.1886,3.7842,-21.5454,40.1001,t002,FIJTB
2528999185,1993374,2,tobillo,midstance,0.2983,0.7870,-0.2372,1.8921,-20.8740,36.0718,t002,FIJTB
2528999185,1993389,2,tobillo,midstance,0.5490,0.9141,-0.2714,2.8076,-17.8223,37.0483,t002,FIJTB
2528999237,1993405,2,tobillo,midstance,0.5023,0.8909,-0.2183,8.1787,-18.1274,45.2881,t002,FIJTB
2528999237,1993421,2,tobillo,midstance,0.3920,0.8674,-0.1898,11.8408,-17.2729,50.9644,t002,FIJTB
2528999237,1993437,2,tobillo,midstance,0.3285,0.8994,-0.1163,12.6343,-9.2773,48.9502,t002,FIJTB
2528999285,1993453,2,tobillo,midstance,0.3513,0.9419,-0.0948,13.0005,7.0801,50.1709,t002,FIJTB
2528999285,1993468,2,tobillo,midstance,0.3365,0.9812,-0.0479,13.7329,11.2305,52.4292,t002,FIJTB
2528999287,1993484,2,tobillo,midstance,0.2716,0.9969,-0.0195,15.3198,13.9770,48.8892,t002,FIJTB
2528999339,1993500,2,tobillo,midstance,0.2615,1.0270,-0.0281,15.1978,18.4937,46.3867,t002,FIJTB
2528999340,1993515,2,tobillo,midstance,0.2297,1.0284,-0.0780,15.6250,20.6299,49.4385,t002,FIJTB
2528999340,1993531,2,tobillo,midstance,0.2109,0.9884,-0.1011,16.2964,20.0806,55.0537,t002,FIJTB
2528999340,1993547,2,tobillo,midstance,0.2725,0.9634,-0.0963,15.5029,19.9585,53.8330,t002,FIJTB
2528999387,1993563,2,tobillo,midstance,0.2947,0.9834,-0.0769,13.8550,17.2119,51.7578,t002,FIJTB
2528999390,1993578,2,tobillo,midstance,0.2764,0.9913,-0.0635,14.4043,9.2773,54.0161,t002,FIJTB
2528999391,1993594,2,tobillo,midstance,0.1724,1.0059,-0.0969,14.0381,6.7749,54.1382,t002,FIJTB
2528999441,1993610,2,tobillo,midstance,0.1244,0.9984,-0.1285,12.5122,8.1177,50.0488,t002,FIJTB
2528999441,1993626,2,tobillo,midstance,0.1021,0.9751,-0.1625,12.4512,9.4604,46.5698,t002,FIJTB
2528999441,1993641,2,tobillo,midstance,0.1365,0.9591,-0.1483,13.9160,9.2773,42.2974,t002,FIJTB
2528999489,1993657,2,tobillo,midstance,0.1461,0.9454,-0.1412,14.1602,7.7515,42.1143,t002,FIJTB
2528999491,1993673,2,tobillo,midstance,0.1547,0.9430,-0.1168,13.3667,7.2021,42.5415,t002,FIJTB
2528999491,1993689,2,tobillo,midstance,0.1632,0.9531,-0.0956,12.7563,6.5918,43.2739,t002,FIJTB
2528999542,1993704,2,tobillo,midstance,0.1166,0.9962,-0.0942,12.8174,6.0425,43.5181,t002,FIJTB
2528999543,1993720,2,tobillo,midstance,0.0278,0.9888,-0.1362,13.3667,6.1646,44.3726,t002,FIJTB
2528999543,1993736,2,tobillo,midstance,0.0361,0.9794,-0.1357,13.4888,11.2915,38.8794,t002,FIJTB
2528999572,1993752,2,tobillo,midstance,0.0924,1.0104,-0.0945,12.7563,12.3901,36.9873,t002,FIJTB
2528999589,1993767,2,tobillo,midstance,0.1099,1.0109,-0.0665,12.0850,10.4980,36.9263,t002,FIJTB
2528999592,1993783,2,tobillo,midstance,0.0582,0.9821,-0.0752,11.8408,9.7656,37.7197,t002,FIJTB
2528999592,1993799,2,tobillo,midstance,0.0260,0.9821,-0.0931,10.3149,12.5122,35.8276,t002,FIJTB
2528999641,1993814,2,tobillo,midstance,0.0234,1.0156,-0.1062,11.3525,16.0522,30.3345,t002,FIJTB
2528999642,1993830,2,tobillo,midstance,0.0435,1.0066,-0.0933,12.2070,15.4419,28.8086,t002,FIJTB
2528999642,1993846,2,tobillo,midstance,0.0569,1.0149,-0.0824,11.8408,10.6812,29.3579,t002,FIJTB
2528999688,1993862,2,tobillo,midstance,0.0417,1.0223,-0.0574,11.1084,9.3384,28.6255,t002,FIJTB
2528999690,1993877,2,tobillo,midstance,0.0306,1.0061,-0.0576,10.0708,10.6201,25.0244,t002,FIJTB
2528999691,1993893,2,tobillo,midstance,0.0372,0.9730,-0.0702,10.3760,11.4746,23.6206,t002,FIJTB
2528999740,1993909,2,tobillo,midstance,0.0458,0.9609,-0.0873,13.1226,12.3291,22.7661,t002,FIJTB
2528999741,1993925,2,tobillo,midstance,0.0411,0.9552,-0.0994,16.0522,11.4136,23.5596,t002,FIJTB
2528999741,1993940,2,tobillo,midstance,0.0223,0.9446,-0.1011,16.9067,11.4746,25.0244,t002,FIJTB
2528999786,1993956,2,tobillo,midstance,0.0187,0.9382,-0.0985,20.0806,11.9629,29.9072,t002,FIJTB
2528999788,1993972,2,tobillo,midstance,-0.0471,1.0327,-0.0349,21.6064,11.4746,34.0576,t002,FIJTB
2528999789,1993987,2,tobillo,midstance,-0.0558,1.0527,0.0006,24.1089,6.4697,45.0439,t002,FIJTB
2528999837,1994003,2,tobillo,midstance,-0.0570,1.0363,0.0074,16.3574,5.0049,39.4897,t002,FIJTB
2528999838,1994019,2,tobillo,midstance,-0.0253,1.0164,-0.0023,11.9019,5.4321,35.4614,t002,FIJTB
2528999838,1994035,2,tobillo,midstance,-0.0253,1.0071,-0.0305,7.2632,3.1128,34.9731,t002,FIJTB
2528999883,1994051,2,tobillo,midstance,-0.0773,0.9858,-0.0719,7.4463,-0.1831,36.7432,t002,FIJTB
2528999885,1994067,2,tobillo,midstance,-0.0698,0.9762,-0.0446,6.5308,-2.7466,37.4756,t002,FIJTB
2528999886,1994083,2,tobillo,midstance,-0.0909,0.9873,-0.0339,6.1646,1.4648,35.2783,t002,FIJTB
2528999936,1994098,2,tobillo,midstance,-0.1483,0.9807,-0.0327,6.5308,2.0752,30.8228,t002,FIJTB
2528999937,1994114,2,tobillo,midstance,-0.1643,0.9774,-0.0219,3.5400,2.9297,20.0195,t002,FIJTB
2528999938,1994130,2,tobillo,midstance,-0.1765,0.9805,-0.0081,0.7935,3.1128,15.1978,t002,FIJTB
2528999938,1994146,2,tobillo,midstance,-0.1721,0.9835,-0.0312,-3.4180,2.2583,7.1411,t002,FIJTB
2528999983,1994162,2,tobillo,midstance,-0.1598,0.9786,-0.0555,-3.6621,2.0142,3.4790,t002,FIJTB
2528999986,1994178,2,tobillo,midstance,-0.0905,0.9680,-0.0433,-2.9297,2.3193,3.0518,t002,FIJTB
2528999986,1994193,2,tobillo,midstance,-0.0715,0.9846,-0.0348,-2.6245,2.9907,6.2256,t002,FIJTB
2529000044,1994209,2,tobillo,midstance,-0.0977,0.9889,-0.0453,0.4883,0.3052,6.4087,t002,FIJTB
2529000045,1994225,2,tobillo,midstance,-0.0964,0.9819,-0.0583,3.7231,-0.8545,6.3477,t002,FIJTB
2529000045,1994241,2,tobillo,midstance,-0.0986,0.9751,-0.0605,8.2397,-3.1738,6.9580,t002,FIJTB
2529000094,1994257,2,tobillo,midstance,-0.1268,0.9745,-0.0422,10.3149,-4.1504,8.1177,t002,FIJTB
2529000096,1994273,2,tobillo,midstance,-0.1354,0.9666,-0.0458,12.6953,-3.4180,7.2021,t002,FIJTB
2529000097,1994289,2,tobillo,midstance,-0.1633,0.9557,-0.0483,11.9019,-1.4648,3.8452,t002,FIJTB
2529000097,1994305,2,tobillo,midstance,-0.1746,0.9579,-0.0317,10.0098,-0.6104,1.4648,t002,FIJTB
2529000147,1994320,2,tobillo,midstance,-0.1573,0.9657,-0.0219,5.1270,-0.1831,-3.3569,t002,FIJTB
2529000148,1994336,2,tobillo,midstance,-0.1237,0.9692,-0.0262,3.1128,-0.3662,-4.4556,t002,FIJTB
2529000148,1994352,2,tobillo,midstance,-0.1169,0.9695,-0.0205,1.2817,-1.4038,-3.1738,t002,FIJTB
2529000194,1994368,2,tobillo,midstance,-0.1111,0.9684,-0.0183,0.0000,-2.8076,-1.8311,t002,FIJTB
2529000194,1994384,2,tobillo,midstance,-0.0713,0.9689,-0.0187,-0.6104,-3.0518,-0.4272,t002,FIJTB
2529000197,1994400,2,tobillo,midstance,-0.0497,0.9747,-0.0200,1.5259,-2.5635,7.2021,t002,FIJTB
2529000246,1994416,2,tobillo,midstance,-0.0488,0.9752,-0.0234,8.4839,-1.9531,18.6768,t002,FIJTB
2529000246,1994432,2,tobillo,midstance,-0.0968,0.9799,-0.0078,11.1694,-2.1973,24.4751,t002,FIJTB
2529000247,1994448,2,tobillo,midstance,-0.0839,0.9827,-0.0001,9.7656,-2.7466,28.9307,t002,FIJTB
2529000293,1994464,2,tobillo,midstance,-0.1266,0.9742,0.0016,7.2021,-2.9907,28.0151,t002,FIJTB
2529000294,1994480,2,tobillo,midstance,-0.1360,0.9666,-0.0023,5.5542,-3.6621,24.9634,t002,FIJTB
2529000295,1994496,2,tobillo,midstance,-0.1387,0.9613,-0.0083,4.7607,0.0000,25.4517,t002,FIJTB
2529000344,1994512,2,tobillo,midstance,-0.1660,0.9579,-0.0189,4.2725,0.8545,25.3296,t002,FIJTB
2529000344,1994527,2,tobillo,midstance,-0.2161,0.9550,-0.0247,5.3101,1.8311,17.3950,t002,FIJTB
2529000344,1994543,2,tobillo,midstance,-0.2180,0.9626,-0.0133,5.3101,3.3569,15.9912,t002,FIJTB
2529000389,1994559,2,tobillo,midstance,-0.1940,0.9681,0.0051,4.8218,4.9438,15.6860,t002,FIJTB
2529000391,1994575,2,tobillo,midstance,-0.2162,0.9678,0.0021,3.7842,5.0049,14.4653,t002,FIJTB
2529000392,1994590,2,tobillo,midstance,-0.1986,0.9741,-0.0183,4.3335,5.0049,12.2681,t002,FIJTB
2529000440,1994606,2,tobillo,midstance,-0.1863,0.9738,-0.0242,8.9722,2.2583,7.9956,t002,FIJTB
2529000440,1994622,2,tobillo,midstance,-0.1998,0.9670,-0.0088,11.1084,0.5493,7.0190,t002,FIJTB
2529000441,1994638,2,tobillo,midstance,-0.1771,0.9651,-0.0079,12.1460,-1.2207,6.5308,t002,FIJTB
2529000485,1994654,2,tobillo,midstance,-0.1715,0.9607,-0.0001,12.2070,-1.7090,9.1553,t002,FIJTB
2529000487,1994669,2,tobillo,midstance,-0.1903,0.9604,0.0068,11.4136,-1.7700,10.3760,t002,FIJTB
2529000488,1994685,2,tobillo,midstance,-0.1926,0.9678,-0.0093,10.4980,-0.9766,10.3760,t002,FIJTB
2529000537,1994701,2,tobillo,midstance,-0.1798,0.9818,-0.0179,11.7187,-0.1221,10.7422,t002,FIJTB
2529000537,1994717,2,tobillo,midstance,-0.1880,0.9790,-0.0068,15.3809,-0.1831,13.6108,t002,FIJTB
2529000537,1994733,2,tobillo,midstance,-0.1987,0.9603,0.0106,16.6016,-2.6855,16.7236,t002,FIJTB
2529000582,1994748,2,tobillo,midstance,-0.2250,0.9424,0.0536,14.5874,-3.8452,17.1509,t002,FIJTB
2529000585,1994764,2,tobillo,midstance,-0.2327,0.9417,0.0573,11.3525,-4.6997,15.6250,t002,FIJTB
2529000585,1994780,2,tobillo,midstance,-0.2280,0.9615,0.0278,9.5215,-4.2725,13.1836,t002,FIJTB
2529000638,1994796,2,tobillo,midstance,-0.2461,0.9586,0.0061,2.4414,-2.1973,9.4604,t002,FIJTB
2529000638,1994811,2,tobillo,midstance,-0.2627,0.9545,-0.0063,-2.9907,2.1973,9.9487,t002,FIJTB
2529000639,1994827,2,tobillo,midstance,-0.2946,0.9078,0.0243,3.1738,4.3945,10.9253,t002,FIJTB
2529000639,1994843,2,tobillo,midstance,-0.2902,0.9155,0.0363,17.3950,2.5024,10.4980,t002,FIJTB
2529000686,1994859,2,tobillo,midstance,-0.2604,0.9419,0.0436,21.1792,0.9766,8.4839,t002,FIJTB
2529000687,1994874,2,tobillo,midstance,-0.2528,0.9572,0.0557,18.3105,-0.8545,-1.1597,t002,FIJTB
2529000687,1994890,2,tobillo,midstance,-0.2960,0.9214,0.0629,14.5874,-0.9766,-9.7046,t002,FIJTB
2529000735,1994906,2,tobillo,midstance,-0.3363,0.8948,0.0696,15.3809,-0.0610,-11.7798,t002,FIJTB
2529000736,1994922,2,tobillo,midstance,-0.2939,0.9186,0.0768,13.8550,2.9907,-19.2871,t002,FIJTB
2529000737,1994938,2,tobillo,midstance,-0.1548,1.0122,0.0609,13.7329,3.7842,-19.4702,t002,FIJTB
2529000783,1994953,2,tobillo,midstance,-0.1749,0.9589,0.0752,14.3433,5.6763,-15.3809,t002,FIJTB
2529000783,1994969,2,tobillo,midstance,-0.2402,0.9233,0.0732,12.8784,5.5542,-9.2773,t002,FIJTB
2529000784,1994985,2,tobillo,midstance,-0.2141,0.9802,0.0841,13.7329,7.0190,-9.3384,t002,FIJTB
2529000831,1995001,2,tobillo,midstance,-0.2050,0.9818,0.1012,14.4653,9.0942,-13.7939,t002,FIJTB
2529000832,1995016,2,tobillo,midstance,-0.2764,0.9227,0.0919,10.3149,9.0942,-15.5029,t002,FIJTB
2529000832,1995032,2,tobillo,midstance,-0.1094,0.9828,0.0500,3.1128,10.8643,-13.9160,t002,FIJTB
2529000876,1995048,2,tobillo,midstance,0.0597,1.1205,0.0790,14.8315,8.3618,-8.6060,t002,FIJTB
2529000878,1995064,2,tobillo,midstance,-0.0676,0.9924,0.1149,16.8457,2.3804,2.6855,t002,FIJTB
2529000878,1995079,2,tobillo,midstance,-0.1591,0.9728,0.1212,11.6577,-11.1084,11.6577,t002,FIJTB
2529000927,1995095,2,tobillo,midstance,-0.1432,1.0165,0.1544,9.2773,-12.1460,6.8970,t002,FIJTB
2529000928,1995111,2,tobillo,midstance,-0.2355,0.9203,0.1112,0.5493,-10.4980,2.5024,t002,FIJTB
2529000928,1995127,2,tobillo,midstance,-0.2710,0.9285,0.0538,-2.6855,-12.9395,3.3569,t002,FIJTB
2529000973,1995143,2,tobillo,midstance,-0.2024,1.0184,0.0225,-1.2817,-10.9863,0.9766,t002,FIJTB
2529000975,1995158,2,tobillo,midstance,-0.1362,1.0575,0.0144,-4.5776,-5.0659,-0.3662,t002,FIJTB
2529000975,1995174,2,tobillo,midstance,-0.0778,0.9933,-0.0220,-12.5122,-2.6855,-0.0610,t002,FIJTB
2529001024,1995190,2,tobillo,midstance,0.3427,1.0605,-0.2266,-36.6821,11.8408,-21.4233,t002,FIJTB
2529001025,1995206,2,tobillo,midstance,0.6238,1.2738,-0.2533,-25.6348,31.1279,-54.9316,t002,FIJTB
2529001025,1995222,2,tobillo,midstance,0.5649,1.1478,-0.1855,-16.2964,23.4985,-55.2978,t002,FIJTB
2529001070,1995238,2,tobillo,midstance,0.3113,1.0590,-0.1245,-22.8271,-2.8076,-57.0679,t002,FIJTB
2529001072,1995254,2,tobillo,midstance,0.0948,1.0083,-0.0422,-25.4517,-0.8545,-67.0166,t002,FIJTB
2529001072,1995270,2,tobillo,midstance,0.0205,1.0099,-0.0317,-29.4189,16.0522,-69.0308,t002,FIJTB
2529001121,1995286,2,tobillo,midstance,-0.0668,0.9766,0.0155,-28.8086,21.7285,-57.2510,t002,FIJTB
2529001121,1995302,2,tobillo,midstance,-0.1857,0.9187,0.1104,-25.7568,23.4985,-56.6406,t002,FIJTB
2529001122,1995318,2,tobillo,midstance,-0.2151,0.9009,0.1327,-20.4468,29.3579,-51.6357,t002,FIJTB
2529001166,1995334,2,tobillo,midstance,-0.2206,0.8492,0.1621,-12.0239,25.9399,-43.3960,t002,FIJTB
2529001168,1995349,2,tobillo,midstance,-0.1931,0.8403,0.1681,-6.4087,19.5313,-40.5273,t002,FIJTB
2529001169,1995365,2,tobillo,midstance,-0.2582,0.8289,0.1758,0.0610,7.3242,-26.7334,t002,FIJTB
2529001217,1995381,2,tobillo,midstance,-0.3954,0.7747,0.2150,1.9531,4.8828,-19.6533,t002,FIJTB
2529001218,1995397,2,tobillo,midstance,-0.3927,0.7855,0.2235,3.4180,6.1646,-12.5732,t002,FIJTB
2529001218,1995413,2,tobillo,midstance,-0.4238,0.8021,0.2246,2.3193,10.3149,2.9907,t002,FIJTB
2529001247,1995428,2,tobillo,midstance,-0.3904,0.8810,0.1934,1.8311,14.5264,9.1553,t002,FIJTB
2529001265,1995444,2,tobillo,midstance,-0.3605,0.9139,0.1815,0.6104,23.2544,19.7144,t002,FIJTB
2529001265,1995460,2,tobillo,midstance,-0.3402,0.9502,0.1594,0.6714,26.3672,24.4141,t002,FIJTB
2529001283,1995476,2,tobillo,midstance,-0.3401,0.9250,0.1720,2.6245,28.5034,30.7617,t002,FIJTB
2529001315,1995491,2,tobillo,midstance,-0.3171,0.9192,0.1792,3.7231,18.4326,30.3345,t002,FIJTB
2529001315,1995507,2,tobillo,midstance,-0.1616,1.2716,-0.0310,-4.6997,10.0098,30.2124,t002,FIJTB
2529001316,1995523,2,tobillo,midstance,0.0696,1.2238,-0.1329,5.9204,-5.3711,15.8691,t002,FIJTB
2529001361,1995539,2,tobillo,midstance,0.0782,1.0638,-0.1418,15.9912,-14.7705,8.8501,t002,FIJTB
2529001363,1995555,2,tobillo,midstance,-0.1440,0.9829,0.1279,18.9209,-13.7329,18.3716,t002,FIJTB
2529001364,1995570,2,tobillo,midstance,-0.1405,0.9807,0.1479,14.4653,-18.5547,14.7705,t002,FIJTB
2529001413,1995586,2,tobillo,midstance,-0.0748,0.9827,0.0765,12.6343,-17.8833,11.0474,t002,FIJTB
2529001414,1995602,2,tobillo,midstance,-0.0968,0.9919,0.0745,10.6201,-8.0566,16.9678,t002,FIJTB
2529001414,1995618,2,tobillo,midstance,-0.1354,0.9901,0.0554,10.5591,-3.8452,17.6392,t002,FIJTB
2529001459,1995634,2,tobillo,midstance,-0.0880,0.9801,0.0579,9.2773,4.0894,12.6343,t002,FIJTB
2529001459,1995649,2,tobillo,midstance,-0.0922,0.9775,0.0529,8.1787,6.1035,13.3667,t002,FIJTB
2529001460,1995665,2,tobillo,midstance,-0.1464,0.9824,0.0325,9.0332,5.0659,13.0005,t002,FIJTB
2529001510,1995681,2,tobillo,midstance,-0.1456,0.9818,0.0345,11.3525,4.2725,12.5122,t002,FIJTB
2529001510,1995697,2,tobillo,midstance,-0.1028,0.9812,0.0582,11.7187,3.9062,10.8643,t002,FIJTB
2529001511,1995712,2,tobillo,midstance,-0.1268,0.9731,0.0764,11.1084,2.0142,9.1553,t002,FIJTB
2529001555,1995728,2,tobillo,midstance,-0.1421,0.9733,0.0774,8.7280,2.5024,12.6953,t002,FIJTB
2529001556,1995744,2,tobillo,midstance,-0.1113,0.9768,0.0940,7.5073,1.8921,13.9160,t002,FIJTB
2529001557,1995760,2,tobillo,midstance,-0.1035,0.9756,0.1016,5.3711,1.8921,11.1694,t002,FIJTB
2529001606,1995775,2,tobillo,midstance,-0.1198,0.9667,0.0909,3.8452,1.7700,9.3384,t002,FIJTB
2529001606,1995791,2,tobillo,midstance,-0.1337,0.9661,0.0825,2.0142,-0.1221,6.5918,t002,FIJTB
2529001607,1995807,2,tobillo,midstance,-0.1608,0.9695,0.0739,2.1362,-1.5259,8.1787,t002,FIJTB
2529001653,1995823,2,tobillo,midstance,-0.1254,0.9696,0.0790,2.3193,-1.4648,7.3853,t002,FIJTB
2529001654,1995839,2,tobillo,midstance,-0.1156,0.9701,0.0812,2.1362,-2.7466,3.6621,t002,FIJTB
2529001654,1995854,2,tobillo,midstance,-0.1471,0.9674,0.0798,2.0142,-3.6011,2.5024,t002,FIJTB
2529001701,1995870,2,tobillo,midstance,-0.1628,0.9648,0.0762,1.7700,-2.6245,6.1035,t002,FIJTB
2529001701,1995886,2,tobillo,midstance,-0.1459,0.9655,0.0774,1.3428,0.4272,6.6528,t002,FIJTB
2529001702,1995902,2,tobillo,midstance,-0.1329,0.9635,0.0762,0.9766,0.7935,6.6528,t002,FIJTB
2529001746,1995917,2,tobillo,midstance,-0.1416,0.9624,0.0741,0.1221,1.4648,7.3853,t002,FIJTB
2529001746,1995933,2,tobillo,midstance,-0.1467,0.9626,0.0814,-0.1221,1.9531,7.5684,t002,FIJTB
2529001748,1995949,2,tobillo,midstance,-0.1426,0.9613,0.0856,-0.6104,2.5635,6.1035,t002,FIJTB
2529001773,1995965,2,tobillo,midstance,-0.1672,0.9634,0.0837,-1.5869,1.8921,6.4697,t002,FIJTB
2529001797,1995980,2,tobillo,midstance,-0.1569,0.9658,0.0811,-1.4648,1.9531,6.4087,t002,FIJTB
2529001797,1995996,2,tobillo,midstance,-0.1450,0.9628,0.0806,-1.2817,2.3804,6.3477,t002,FIJTB
2529001841,1996012,2,tobillo,midstance,-0.1497,0.9622,0.0769,-1.5259,2.4414,7.2021,t002,FIJTB
2529001843,1996028,2,tobillo,midstance,-0.1511,0.9617,0.0752,-1.7700,2.8076,8.7280,t002,FIJTB
2529001844,1996043,2,tobillo,midstance,-0.1537,0.9614,0.0692,-2.0752,3.1128,9.3384,t002,FIJTB
2529001892,1996059,2,tobillo,midstance,-0.1515,0.9625,0.0707,-2.1362,3.6621,10.4980,t002,FIJTB
2529001892,1996075,2,tobillo,midstance,-0.1525,0.9623,0.0708,-1.7090,4.3945,10.3760,t002,FIJTB
2529001892,1996091,2,tobillo,midstance,-0.1746,0.9607,0.0776,-1.2817,4.5776,10.3149,t002,FIJTB
2529001938,1996106,2,tobillo,midstance,-0.1942,0.9590,0.0796,-0.8545,4.2725,10.6201,t002,FIJTB
2529001938,1996122,2,tobillo,midstance,-0.1868,0.9586,0.0797,-1.0986,4.2114,9.7046,t002,FIJTB
2529001939,1996138,2,tobillo,midstance,-0.1664,0.9601,0.0786,-2.1973,5.0659,7.2632,t002,FIJTB
2529001986,1996154,2,tobillo,midstance,-0.1742,0.9583,0.0795,-2.7466,5.5542,7.7515,t002,FIJTB
2529001987,1996169,2,tobillo,midstance,-0.1924,0.9602,0.0782,-2.7466,5.7373,7.0190,t002,FIJTB
2529001987,1996185,2,tobillo,midstance,-0.1974,0.9615,0.0746,-2.8076,5.7983,4.6997,t002,FIJTB
2529002033,1996201,2,tobillo,midstance,-0.1865,0.9651,0.0702,-2.6855,5.4321,3.4790,t002,FIJTB
2529002034,1996217,2,tobillo,midstance,-0.1852,0.9600,0.0710,-1.8311,4.0283,2.3193,t002,FIJTB
2529002034,1996232,2,tobillo,midstance,-0.1943,0.9589,0.0724,-2.2583,2.4414,2.5024,t002,FIJTB
2529002081,1996248,2,tobillo,midstance,-0.1910,0.9608,0.0751,-2.6245,2.0752,1.4648,t002,FIJTB
2529002082,1996264,2,tobillo,midstance,-0.1824,0.9613,0.0743,-2.8687,1.9531,-0.3052,t002,FIJTB
2529002082,1996280,2,tobillo,midstance,-0.1753,0.9604,0.0713,-2.9297,1.8921,-0.1831,t002,FIJTB
2529002125,1996295,2,tobillo,midstance,-0.1766,0.9604,0.0719,-2.9297,1.2817,1.2817,t002,FIJTB
2529002128,1996311,2,tobillo,midstance,-0.1774,0.9609,0.0731,-3.2959,0.4272,1.9531,t002,FIJTB
2529002128,1996327,2,tobillo,midstance,-0.1876,0.9595,0.0713,-3.5400,0.1831,2.0142,t002,FIJTB
2529002176,1996343,2,tobillo,midstance,-0.1914,0.9595,0.0686,-3.7842,0.1221,1.2207,t002,FIJTB
2529002176,1996358,2,tobillo,midstance,-0.1925,0.9575,0.0651,-3.7842,0.1221,0.4272,t002,FIJTB
2529002176,1996374,2,tobillo,midstance,-0.1892,0.9587,0.0645,-4.1504,0.2441,-1.2817,t002,FIJTB
2529002221,1996390,2,tobillo,midstance,-0.1865,0.9578,0.0665,-3.8452,0.0000,-2.7466,t002,FIJTB
2529002222,1996406,2,tobillo,midstance,-0.1827,0.9572,0.0636,-3.4790,-0.1221,-3.1128,t002,FIJTB
2529002222,1996422,2,tobillo,midstance,-0.1851,0.9619,0.0605,-3.8452,-0.3662,-2.8076,t002,FIJTB
2529002268,1996438,2,tobillo,midstance,-0.1874,0.9600,0.0597,-3.5400,-0.7324,-3.4790,t002,FIJTB
2529002269,1996454,2,tobillo,midstance,-0.1875,0.9590,0.0563,-3.1128,-1.9531,-4.9438,t002,FIJTB
2529002269,1996470,2,tobillo,midstance,-0.1852,0.9617,0.0560,-3.7231,-2.3193,-5.4321,t002,FIJTB
2529002313,1996486,2,tobillo,midstance,-0.1704,0.9661,0.0582,-3.8452,-2.0752,-5.4321,t002,FIJTB
2529002315,1996501,2,tobillo,midstance,-0.1638,0.9668,0.0559,-4.2114,-0.3052,-4.5776,t002,FIJTB
2529002315,1996517,2,tobillo,midstance,-0.1644,0.9639,0.0549,-4.3945,1.0376,-2.7466,t002,FIJTB
2529002362,1996533,2,tobillo,midstance,-0.1727,0.9645,0.0509,-4.1504,1.1597,-1.8921,t002,FIJTB
2529002363,1996549,2,tobillo,midstance,-0.1759,0.9655,0.0486,-2.9297,0.6714,-1.4038,t002,FIJTB
2529002363,1996565,2,tobillo,midstance,-0.1747,0.9655,0.0458,-2.1362,0.2441,-1.6479,t002,FIJTB
2529002406,1996581,2,tobillo,midstance,-0.1722,0.9624,0.0499,-1.8921,0.6104,-1.5259,t002,FIJTB
2529002409,1996597,2,tobillo,midstance,-0.1716,0.9603,0.0522,-2.0142,0.4883,-1.4038,t002,FIJTB
2529002409,1996613,2,tobillo,midstance,-0.1711,0.9618,0.0565,-1.8311,-0.0610,-1.7090,t002,FIJTB
2529002456,1996628,2,tobillo,midstance,-0.1747,0.9629,0.0547,-1.7090,0.0610,-2.9907,t002,FIJTB
2529002456,1996644,2,tobillo,midstance,-0.1753,0.9658,0.0444,-1.8311,0.6104,-3.8452,t002,FIJTB
2529002457,1996660,2,tobillo,midstance,-0.1655,0.9653,0.0447,-2.1362,1.4648,-4.0894,t002,FIJTB
2529002500,1996676,2,tobillo,midstance,-0.1658,0.9639,0.0463,-1.6479,1.0986,-2.8076,t002,FIJTB
2529002502,1996692,2,tobillo,midstance,-0.1650,0.9633,0.0466,-0.9155,0.6104,-2.6245,t002,FIJTB
2529002502,1996708,2,tobillo,midstance,-0.1655,0.9634,0.0454,-0.7935,0.1221,-1.9531,t002,FIJTB
2529002549,1996724,2,tobillo,midstance,-0.1627,0.9617,0.0513,-1.4038,0.2441,-1.4038,t002,FIJTB
2529002549,1996740,2,tobillo,midstance,-0.1606,0.9612,0.0505,-1.4648,0.0610,-0.7324,t002,FIJTB
2529002550,1996756,2,tobillo,midstance,-0.1671,0.9628,0.0408,-1.0376,-0.7324,0.1221,t002,FIJTB
2529002592,1996771,2,tobillo,midstance,-0.1713,0.9633,0.0425,-0.9155,-1.1597,0.0000,t002,FIJTB
2529002595,1996787,2,tobillo,midstance,-0.1692,0.9609,0.0457,-0.6104,-1.8921,-0.9155,t002,FIJTB
2529002596,1996803,2,tobillo,midstance,-0.1620,0.9626,0.0557,-1.2207,-1.9531,-1.4648,t002,FIJTB
2529002642,1996819,2,tobillo,midstance,-0.1603,0.9631,0.0463,-1.8921,-1.4648,-0.8545,t002,FIJTB
2529002643,1996835,2,tobillo,midstance,-0.1741,0.9663,0.0326,-1.0376,-0.9766,-0.1221,t002,FIJTB
2529002643,1996851,2,tobillo,midstance,-0.1707,0.9700,0.0338,-0.1831,-0.7935,-0.7324,t002,FIJTB
2529002685,1996867,2,tobillo,midstance,-0.1660,0.9637,0.0393,0.3052,-2.2583,-0.1831,t002,FIJTB
2529002687,1996883,2,tobillo,midstance,-0.1685,0.9626,0.0376,1.2817,-1.6479,-0.1221,t002,FIJTB
2529002734,1996899,2,tobillo,midstance,-0.1687,0.9646,0.0404,2.0142,-0.3662,-0.7935,t002,FIJTB
2529002735,1996915,2,tobillo,midstance,-0.1666,0.9669,0.0422,3.3569,0.8545,-1.5869,t002,FIJTB
2529002735,1996931,2,tobillo,midstance,-0.1665,0.9646,0.0415,3.9062,0.4883,-1.2817,t002,FIJTB
2529002777,1996946,2,tobillo,midstance,-0.1710,0.9664,0.0442,4.6387,-0.0610,-1.1597,t002,FIJTB
2529002779,1996962,2,tobillo,midstance,-0.1757,0.9675,0.0435,5.4321,0.6714,-2.6245,t002,FIJTB
2529002779,1996978,2,tobillo,midstance,-0.1726,0.9663,0.0481,5.9204,1.0986,-3.9673,t002,FIJTB
2529002825,1996994,2,tobillo,midstance,-0.1697,0.9653,0.0493,6.5308,1.5259,-6.4087,t002,FIJTB
2529002826,1997010,2,tobillo,midstance,-0.1652,0.9666,0.0559,6.5308,1.5869,-7.3242,t002,FIJTB
2529002827,1997025,2,tobillo,midstance,-0.1680,0.9669,0.0591,6.1035,2.1973,-9.1553,t002,FIJTB
2529002871,1997041,2,tobillo,midstance,-0.1653,0.9657,0.0607,5.6763,3.4180,-12.3901,t002,FIJTB
2529002872,1997057,2,tobillo,midstance,-0.1558,0.9651,0.0646,5.3101,3.9673,-14.0381,t002,FIJTB
2529002872,1997073,2,tobillo,midstance,-0.1498,0.9641,0.0670,4.2114,4.5776,-16.4795,t002,FIJTB
2529002918,1997089,2,tobillo,midstance,-0.1444,0.9694,0.0703,3.5400,4.4556,-17.5171,t002,FIJTB
2529002918,1997104,2,tobillo,midstance,-0.1486,0.9684,0.0598,2.7466,4.4556,-19.3481,t002,FIJTB
2529002919,1997120,2,tobillo,midstance,-0.1532,0.9667,0.0630,3.6621,5.0659,-22.4609,t002,FIJTB
2529002962,1997136,2,tobillo,midstance,-0.1403,0.9688,0.0642,4.4556,5.2490,-24.1699,t002,FIJTB
2529002963,1997152,2,tobillo,midstance,-0.1349,0.9719,0.0688,4.2725,4.3945,-26.8555,t002,FIJTB
2529002963,1997168,2,tobillo,midstance,-0.1395,0.9744,0.0813,3.9062,3.2959,-28.3203,t002,FIJTB
2529003010,1997183,2,tobillo,midstance,-0.1456,0.9800,0.0900,2.6855,1.5259,-32.7148,t002,FIJTB
2529003011,1997199,2,tobillo,midstance,-0.1509,0.9843,0.0934,-0.4883,-0.4272,-39.0625,t002,FIJTB
2529003011,1997215,2,tobillo,midstance,-0.1740,0.9877,0.0957,-3.0518,-1.3428,-43.4570,t002,FIJTB
2529003056,1997231,2,tobillo,midstance,-0.1730,1.0004,0.1002,-10.1929,-2.1973,-53.2227,t002,FIJTB
2529003057,1997247,2,tobillo,midstance,-0.1711,1.0228,0.1019,-18.5547,-2.8687,-64.7583,t002,FIJTB
2529003057,1997263,2,tobillo,midstance,-0.1462,1.1023,0.0614,-23.4375,-3.4180,-68.9087,t002,FIJTB
2529003103,1997279,2,tobillo,midstance,-0.1652,1.1556,0.0289,-28.1372,-13.6108,-68.4204,t002,FIJTB
2529003104,1997295,2,tobillo,midstance,-0.1816,1.2935,0.1509,-29.6020,-32.2266,-67.1997,t002,FIJTB
2529003104,1997311,2,tobillo,midstance,-0.0383,1.3340,0.0901,-19.7144,-54.4434,-52.9785,t002,FIJTB
2529003146,1997327,2,tobillo,midstance,-0.1313,1.2068,0.0044,-17.4561,-29.4800,-64.0259,t002,FIJTB
2529003149,1997343,2,tobillo,midstance,-0.2134,1.0349,-0.1693,-24.5972,-21.1182,-78.6133,t002,FIJTB
2529003163,1997359,2,tobillo,midstance,-0.2101,0.9554,-0.1847,-29.7241,-22.6440,-78.2471,t002,FIJTB
2529003196,1997375,2,tobillo,midstance,-0.4709,1.0197,-0.0670,-3.3569,-45.9595,-26.8555,t002,FIJTB
2529003196,1997391,2,tobillo,midstance,-0.6127,0.6736,0.1613,9.3384,-45.5322,-10.3149,t002,FIJTB
2529003238,1997407,2,tobillo,midstance,-0.3658,0.6113,0.1157,12.6953,-29.1748,-0.9155,t002,FIJTB
2529003241,1997423,2,tobillo,midstance,-0.7460,0.6090,0.1271,7.7515,-21.3013,37.9639,t002,FIJTB
2529003241,1997439,2,tobillo,midstance,-0.3749,0.6650,0.1438,9.0942,1.1597,47.4243,t002,FIJTB
2529003286,1997454,2,tobillo,midstance,-0.3623,0.7174,0.1248,9.4604,16.3574,77.7588,t002,FIJTB
2529003287,1997470,2,tobillo,midstance,-0.4507,0.7994,0.1591,8.6060,22.0337,93.3227,t002,FIJTB
2529003287,1997486,2,tobillo,midstance,-0.3341,0.8511,0.1558,6.5918,38.2080,93.2617,t002,FIJTB
2529003330,1997501,2,tobillo,midstance,-0.2372,0.8856,0.1799,1.3428,42.9687,98.5718,t002,FIJTB
2529003330,1997517,2,tobillo,midstance,-0.2574,0.9473,0.1619,2.5024,43.6401,116.3940,t002,FIJTB
2529003330,1997533,2,tobillo,midstance,-0.2345,0.9899,0.1366,3.8452,39.0015,115.1733,t002,FIJTB
2529003376,1997549,2,tobillo,midstance,-0.1818,1.0664,0.1160,4.9438,34.9121,114.8071,t002,FIJTB
2529003377,1997564,2,tobillo,midstance,-0.1395,1.1470,0.0703,10.3149,26.3672,112.5488,t002,FIJTB
2529003377,1997580,2,tobillo,midstance,-0.0181,1.2465,-0.0701,14.8926,24.6582,113.7085,t002,FIJTB
2529003421,1997596,2,tobillo,midstance,-0.0100,1.2509,-0.0764,21.1182,26.6113,125.6714,t002,FIJTB
2529003422,1997612,2,tobillo,midstance,-0.1390,1.1747,0.0210,20.9961,26.6724,131.1035,t002,FIJTB
2529003422,1997628,2,tobillo,midstance,-0.1986,1.0927,0.0591,18.6157,26.5503,122.2534,t002,FIJTB
2529003469,1997643,2,tobillo,midstance,-0.1736,1.1101,0.0485,12.0239,26.9165,106.2012,t002,FIJTB
2529003469,1997659,2,tobillo,midstance,-0.1589,1.1077,0.0676,11.1694,26.1230,102.5391,t002,FIJTB
2529003469,1997675,2,tobillo,midstance,-0.1882,1.0464,0.0891,11.0474,25.5737,91.7969,t002,FIJTB
2529003510,1997691,2,tobillo,midstance,-0.2140,1.0192,0.1266,9.3994,25.3296,85.2661,t002,FIJTB
2529003513,1997706,2,tobillo,midstance,-0.1156,1.0907,0.1144,11.5967,28.6865,78.9795,t002,FIJTB
2529003514,1997722,2,tobillo,midstance,-0.1741,1.0261,0.1250,18.3716,39.7339,79.2847,t002,FIJTB
2529003559,1997738,2,tobillo,midstance,-0.3422,0.8853,0.1428,19.3481,44.7998,76.0498,t002,FIJTB
2529003560,1997753,2,tobillo,midstance,-0.3054,0.8977,0.1221,19.5923,47.7905,65.6738,t002,FIJTB
2529003561,1997769,2,tobillo,midstance,-0.1962,0.9232,0.0710,20.6299,45.5322,63.5376,t002,FIJTB
2529003602,1997785,2,tobillo,midstance,-0.2898,0.8489,0.0610,20.8740,37.8418,63.7817,t002,FIJTB
2529003602,1997800,2,tobillo,loading,-0.3090,0.8541,0.0576,17.5781,34.8511,56.9458,t002,FIJTB
2529003608,1997816,2,tobillo,loading,-0.2496,0.9019,0.0288,16.3574,32.7148,52.4292,t002,FIJTB
2529003655,1997832,2,tobillo,loading,-0.2438,0.8920,0.0150,14.2822,21.5454,44.7998,t002,FIJTB
2529003655,1997847,2,tobillo,loading,-0.2756,0.8494,0.0122,12.5122,13.6719,41.0767,t002,FIJTB
2529003655,1997863,2,tobillo,loading,-0.2561,0.8427,0.0664,7.8735,0.9766,30.5786,t002,FIJTB
2529003698,1997879,2,tobillo,loading,-0.2834,0.8356,0.0966,5.1880,-4.5166,25.7568,t002,FIJTB
2529003701,1997895,2,tobillo,loading,-0.3856,0.8042,0.1528,4.6387,-2.9297,22.2778,t002,FIJTB
2529003702,1997910,2,tobillo,loading,-0.3848,0.8022,0.1707,2.6855,7.1411,12.2070,t002,FIJTB
2529003747,1997926,2,tobillo,loading,-0.3115,0.8145,0.1874,1.3428,13.5498,7.5073,t002,FIJTB
2529003747,1997942,2,tobillo,loading,-0.3928,0.8202,0.1611,-2.0752,27.5269,1.2207,t002,FIJTB
2529003788,1997958,2,tobillo,loading,-0.4110,0.8308,0.1367,-5.6152,40.0391,-8.3618,t002,FIJTB
2529003789,1997974,2,tobillo,loading,-0.3169,0.8408,0.1003,-7.1411,43.8232,-13.7329,t002,FIJTB
2529003790,1997990,2,tobillo,loading,-0.3230,0.8234,0.0986,-12.1460,46.6309,-20.0195,t002,FIJTB
2529003836,1998005,2,tobillo,loading,-0.3770,0.8452,0.1495,-15.5029,48.1567,-23.9868,t002,FIJTB
2529003837,1998021,2,tobillo,loading,-0.3303,0.8739,0.1506,-18.2495,50.2930,-34.6069,t002,FIJTB
2529003837,1998037,2,tobillo,loading,-0.3384,0.8461,0.1110,-18.4326,46.2036,-42.2363,t002,FIJTB
2529003881,1998053,2,tobillo,loading,-0.4037,0.8942,0.0719,-21.0571,43.3350,-43.3350,t002,FIJTB
2529003881,1998069,2,tobillo,loading,-0.2975,0.9629,-0.0178,-20.8130,16.7236,-53.7109,t002,FIJTB
2529003882,1998085,2,tobillo,loading,-0.2708,0.9048,0.0831,-16.7847,-1.0986,-58.4106,t002,FIJTB
2529003926,1998101,2,tobillo,loading,-0.4740,0.9874,0.2848,-11.6577,-14.9536,-52.9175,t002,FIJTB
2529003927,1998117,2,tobillo,loading,-0.5669,0.8876,0.2047,-8.1177,-24.8413,-50.2319,t002,FIJTB
2529003927,1998133,2,tobillo,loading,-0.4945,0.9189,0.0955,-12.3291,-23.0713,-55.4810,t002,FIJTB
2529003968,1998149,2,tobillo,loading,-0.3273,0.9667,0.1960,-18.1885,-13.7939,-54.7485,t002,FIJTB
2529003970,1998165,2,tobillo,loading,-0.4000,1.0099,0.2207,-28.0762,-14.7095,-56.2744,t002,FIJTB
2529004016,1998181,2,tobillo,loading,-0.1865,1.1866,0.1703,-31.0669,-13.6108,-61.2183,t002,FIJTB
2529004017,1998197,2,tobillo,loading,-0.0709,1.1136,0.1904,-28.2593,-14.4043,-55.8472,t002,FIJTB
2529004017,1998213,2,tobillo,loading,-0.2606,0.8889,0.2021,-35.7056,-27.0386,-29.9072,t002,FIJTB
2529004058,1998229,2,tobillo,loading,-0.2993,0.9508,0.1166,-37.6587,-26.3062,-29.8462,t002,FIJTB
2529004060,1998245,2,tobillo,loading,-0.2384,0.9562,0.0937,-29.2358,-22.4609,-30.8838,t002,FIJTB
2529004061,1998261,2,tobillo,loading,-0.2671,0.9482,0.0284,-27.2827,-21.1182,-23.8037,t002,FIJTB
2529004107,1998277,2,tobillo,loading,-0.3608,0.9541,0.0121,-31.9824,-10.0708,-13.3667,t002,FIJTB
2529004107,1998293,2,tobillo,loading,-0.3412,0.9556,0.0164,-29.9072,-1.4648,-17.8833,t002,FIJTB
2529004107,1998309,2,tobillo,loading,-0.2386,0.9655,0.0659,-25.5737,-1.0986,-17.7002,t002,FIJTB
2529004149,1998325,2,tobillo,loading,-0.1906,0.9731,0.0981,-18.9209,-7.3853,-10.1929,t002,FIJTB
2529004152,1998341,2,tobillo,loading,-0.2094,0.9706,0.0789,-18.9819,-12.3901,-5.6763,t002,FIJTB
2529004152,1998357,2,tobillo,loading,-0.3069,0.9304,0.0363,-19.7144,-18.7988,-1.4648,t002,FIJTB
2529004198,1998373,2,tobillo,loading,-0.3354,0.9238,0.0284,-17.4561,-17.4561,-4.5166,t002,FIJTB
2529004198,1998389,2,tobillo,loading,-0.3447,0.9091,0.0160,-17.0288,-15.5640,-5.1270,t002,FIJTB
2529004198,1998405,2,tobillo,loading,-0.3558,0.9509,-0.0521,-18.4326,-13.3057,-6.8970,t002,FIJTB
2529004240,1998421,2,tobillo,loading,-0.3541,0.9781,-0.0698,-17.7612,-7.5684,-6.7139,t002,FIJTB
2529004241,1998438,2,tobillo,loading,-0.3077,0.9310,0.0037,-14.3433,-3.2959,-6.6528,t002,FIJTB
2529004288,1998454,2,tobillo,loading,-0.2782,0.9396,0.0375,-9.7046,-0.3052,-7.9956,t002,FIJTB
2529004288,1998470,2,tobillo,loading,-0.2406,0.9633,0.0554,-10.3149,-1.6479,-6.2866,t002,FIJTB
2529004289,1998486,2,tobillo,loading,-0.2151,0.9833,0.0377,-11.5967,-7.3242,-1.7090,t002,FIJTB
2529004330,1998502,2,tobillo,loading,-0.2622,0.9327,0.0612,-7.6294,-12.3291,1.6479,t002,FIJTB
2529004332,1998518,2,tobillo,loading,-0.3689,0.9131,0.0092,-9.3994,-14.7705,1.7090,t002,FIJTB
2529004333,1998534,2,tobillo,loading,-0.3354,0.9493,-0.0282,-13.0005,-13.2446,-4.6997,t002,FIJTB
2529004380,1998550,2,tobillo,loading,-0.3152,0.9381,-0.0093,-9.2163,-8.4839,-9.2773,t002,FIJTB
2529004380,1998566,2,tobillo,loading,-0.3209,0.9191,0.0095,-8.1787,-7.8735,-9.4604,t002,FIJTB
2529004380,1998582,2,tobillo,loading,-0.3091,0.9220,0.0050,-7.9956,-9.4604,-9.7656,t002,FIJTB
2529004423,1998598,2,tobillo,midstance,-0.2853,0.9279,-0.0259,-8.0566,-11.7798,-7.6904,t002,FIJTB
2529004424,1998614,2,tobillo,midstance,-0.2559,0.9392,-0.0288,-6.4697,-11.4136,-6.1035,t002,FIJTB
2529004424,1998630,2,tobillo,midstance,-0.2440,0.9489,-0.0166,-5.7373,-10.8032,-1.8921,t002,FIJTB
2529004474,1998646,2,tobillo,midstance,-0.3069,0.9091,-0.0117,-6.6528,-12.2070,-0.0610,t002,FIJTB
2529004475,1998662,2,tobillo,midstance,-0.2777,0.9652,-0.0406,-10.5591,-14.8315,-1.2817,t002,FIJTB
2529004475,1998678,2,tobillo,midstance,-0.2377,0.9734,-0.0431,-6.7139,-11.3525,-1.5259,t002,FIJTB
2529004519,1998694,2,tobillo,midstance,-0.2706,0.9464,-0.0229,-3.9062,-10.9253,0.2441,t002,FIJTB
2529004521,1998710,2,tobillo,midstance,-0.2941,0.9492,-0.0242,-2.1362,-12.0239,-0.9766,t002,FIJTB
2529004522,1998726,2,tobillo,midstance,-0.2496,0.9528,-0.0148,-1.4038,-11.1694,-2.4414,t002,FIJTB
2529004568,1998742,2,tobillo,midstance,-0.2716,0.9296,-0.0160,-1.4038,-10.0098,-0.9155,t002,FIJTB
2529004569,1998758,2,tobillo,midstance,-0.2958,0.9296,-0.0312,-4.5166,-9.2163,-0.6104,t002,FIJTB
2529004569,1998774,2,tobillo,midstance,-0.3427,0.9148,-0.0726,-5.7983,-8.1787,-2.3804,t002,FIJTB
2529004612,1998791,2,tobillo,midstance,-0.3754,0.8903,-0.0736,-7.8735,-3.4790,-7.8125,t002,FIJTB
2529004613,1998807,2,tobillo,midstance,-0.3505,0.9186,-0.0480,-7.0801,3.1738,-17.8223,t002,FIJTB
2529004615,1998823,2,tobillo,midstance,-0.2373,0.9587,0.0327,-4.5776,5.9204,-21.6064,t002,FIJTB
2529004659,1998839,2,tobillo,midstance,-0.2858,0.9100,0.0380,-5.9204,5.7373,-20.8130,t002,FIJTB
2529004659,1998854,2,tobillo,midstance,-0.2856,0.9395,-0.0150,-12.1460,6.1646,-26.3062,t002,FIJTB
2529004681,1998870,2,tobillo,midstance,-0.2540,0.9078,-0.0435,-14.2212,6.2866,-26.6113,t002,FIJTB
2529004702,1998886,2,tobillo,midstance,-0.2719,0.9093,-0.0579,-18.5547,3.6011,-26.0010,t002,FIJTB
2529004702,1998902,2,tobillo,midstance,-0.2922,0.9788,-0.0476,-18.9819,2.5635,-27.6489,t002,FIJTB
2529004750,1998919,2,tobillo,midstance,-0.2880,0.9515,-0.0438,-16.2354,6.3477,-33.5083,t002,FIJTB
2529004750,1998935,2,tobillo,midstance,-0.2018,1.0035,-0.0358,-15.5640,13.7329,-38.8184,t002,FIJTB
2529004750,1998951,2,tobillo,midstance,-0.1368,0.9760,-0.0378,-13.6719,15.0757,-39.2456,t002,FIJTB
2529004792,1998967,2,tobillo,midstance,-0.1390,0.9650,-0.0411,-13.2446,10.4980,-34.4849,t002,FIJTB
2529004794,1998983,2,tobillo,midstance,-0.1732,0.9552,-0.0521,-14.6484,7.8735,-33.0200,t002,FIJTB
2529004795,1998999,2,tobillo,midstance,-0.2050,0.9781,-0.0685,-15.5029,5.6152,-33.7524,t002,FIJTB
2529004839,1999014,2,tobillo,midstance,-0.1892,0.9832,-0.0797,-12.1460,7.2021,-39.9780,t002,FIJTB
2529004840,1999030,2,tobillo,midstance,-0.1442,0.9758,-0.0916,-11.2915,7.8125,-42.0532,t002,FIJTB
2529004840,1999046,2,tobillo,midstance,-0.1180,0.9777,-0.0822,-12.7563,5.9814,-42.5415,t002,FIJTB
2529004881,1999062,2,tobillo,midstance,-0.1030,0.9800,-0.0804,-13.9160,2.7466,-39.6118,t002,FIJTB
2529004883,1999078,2,tobillo,midstance,-0.1173,0.9744,-0.0856,-14.1602,1.2207,-37.7197,t002,FIJTB
2529004912,1999094,2,tobillo,midstance,-0.1105,0.9771,-0.0892,-15.0146,0.0610,-35.0342,t002,FIJTB
2529004929,1999110,2,tobillo,midstance,-0.0980,0.9767,-0.0824,-15.6860,-0.4883,-34.1797,t002,FIJTB
2529004930,1999127,2,tobillo,midstance,-0.0944,0.9851,-0.0914,-17.2729,-2.5635,-32.7759,t002,FIJTB
2529004972,1999143,2,tobillo,midstance,-0.1034,0.9841,-0.0979,-19.1650,-4.2725,-33.8745,t002,FIJTB
2529004972,1999159,2,tobillo,midstance,-0.0907,0.9865,-0.1013,-19.5923,-4.5166,-35.4004,t002,FIJTB
2529004974,1999175,2,tobillo,midstance,-0.0885,0.9863,-0.0914,-20.4468,-4.6387,-34.9731,t002,FIJTB
2529005020,1999191,2,tobillo,midstance,-0.0842,0.9882,-0.0990,-22.7661,-3.1128,-32.0435,t002,FIJTB
2529005020,1999207,2,tobillo,midstance,-0.0481,0.9836,-0.1230,-23.6816,-2.6855,-33.0200,t002,FIJTB
2529005020,1999224,2,tobillo,midstance,-0.0321,0.9845,-0.1292,-25.0244,-4.2725,-35.3394,t002,FIJTB
2529005063,1999240,2,tobillo,midstance,-0.0388,0.9854,-0.1411,-26.3062,-7.0190,-35.7666,t002,FIJTB
2529005064,1999256,2,tobillo,midstance,-0.0177,0.9863,-0.1466,-26.9165,-7.4463,-36.8042,t002,FIJTB
2529005064,1999272,2,tobillo,midstance,-0.0125,0.9880,-0.1528,-28.5034,-8.4839,-38.2080,t002,FIJTB
2529005109,1999288,2,tobillo,midstance,-0.0046,1.0101,-0.1307,-29.0527,-9.5215,-38.6353,t002,FIJTB
2529005110,1999304,2,tobillo,terminal,-0.0095,1.0515,-0.1189,-29.9072,-10.1929,-41.6260,t002,FIJTB
2529005128,1999320,2,tobillo,terminal,-0.0220,1.0591,-0.1361,-31.1279,-9.2163,-50.1709,t002,FIJTB
2529005153,1999336,2,tobillo,terminal,-0.0674,1.1560,-0.1555,-32.4707,-10.6201,-54.7485,t002,FIJTB
2529005153,1999353,2,tobillo,terminal,-0.0544,1.2191,-0.1664,-32.2266,-16.7236,-71.5332,t002,FIJTB
2529005201,1999369,2,tobillo,terminal,-0.0302,1.1915,-0.1466,-33.5083,-23.7427,-83.8623,t002,FIJTB
2529005202,1999385,2,tobillo,terminal,0.0571,1.1423,-0.0878,-35.5225,-26.5503,-79.8950,t002,FIJTB
2529005202,1999401,2,tobillo,terminal,0.0797,1.1310,-0.1008,-33.6914,-39.4897,-74.0967,t002,FIJTB
2529005244,1999417,2,tobillo,terminal,-0.0028,1.0542,-0.1456,-32.7148,-46.0205,-77.5757,t002,FIJTB
2529005246,1999433,2,tobillo,terminal,0.0176,0.9640,-0.1343,-33.1421,-54.6875,-86.7309,t002,FIJTB
2529005247,1999449,2,tobillo,terminal,0.0928,0.9425,-0.1086,-38.2080,-57.5561,-94.2383,t002,FIJTB
2529005293,1999465,2,tobillo,terminal,0.2369,0.9604,-0.0654,-39.9170,-58.4106,-96.3135,t002,FIJTB
2529005293,1999481,2,tobillo,terminal,0.2323,0.9897,-0.0629,-40.2222,-59.9976,-95.3979,t002,FIJTB
2529005294,1999497,2,tobillo,terminal,0.1920,0.9910,-0.0750,-39.2456,-59.7534,-95.2759,t002,FIJTB
2529005336,1999513,2,tobillo,terminal,0.1860,0.9740,-0.1552,-39.1846,-57.3120,-97.9614,t002,FIJTB
2529005338,1999530,2,tobillo,terminal,0.2783,1.0317,-0.2251,-39.6729,-53.8940,-105.7129,t002,FIJTB
2529005339,1999546,2,tobillo,terminal,0.3010,1.0764,-0.2399,-38.8794,-58.1665,-106.0791,t002,FIJTB
2529005385,1999562,2,tobillo,terminal,0.2349,1.1272,-0.2373,-38.1470,-62.1948,-106.1401,t002,FIJTB
2529005386,1999578,2,tobillo,terminal,0.1954,1.1271,-0.2330,-33.9966,-65.8569,-109.0698,t002,FIJTB
2529005386,1999594,2,tobillo,terminal,0.1532,1.1187,-0.3503,-36.3770,-64.0869,-107.9712,t002,FIJTB
2529005429,1999610,2,tobillo,terminal,0.3630,1.2206,-0.3539,-49.0723,-62.7441,-88.5620,t002,FIJTB
2529005429,1999626,2,tobillo,terminal,0.5078,1.2666,-0.4033,-44.0674,-49.8657,-76.2939,t002,FIJTB
2529005475,1999642,2,tobillo,terminal,0.2754,1.2466,-0.4395,-43.1519,-45.7153,-62.5000,t002,FIJTB
2529005476,1999658,2,tobillo,terminal,0.0734,1.1685,-0.4299,-28.5645,-51.5137,-21.1182,t002,FIJTB
2529005476,1999674,2,tobillo,terminal,-0.1421,0.6688,-0.3164,-2.4414,-24.2310,-39.0015,t002,FIJTB
2529005518,1999690,2,tobillo,terminal,-0.4012,0.3964,-0.2284,-2.3804,1.7700,-52.4902,t002,FIJTB
2529005520,1999706,2,tobillo,terminal,-0.6837,0.7417,0.0284,-23.8647,21.9116,44.1284,t002,FIJTB
2529005520,1999721,2,tobillo,terminal,-0.6464,0.6737,0.2501,-0.0610,2.1362,96.0083,t002,FIJTB
2529005565,1999737,2,tobillo,terminal,-0.2174,0.3184,-0.0137,44.0674,-32.4097,80.9936,t002,FIJTB
2529005565,1999753,2,tobillo,terminal,-0.1652,0.4600,0.0118,40.0391,-35.8276,85.2661,t002,FIJTB
2529005565,1999769,2,tobillo,terminal,-0.2709,0.7347,0.1912,52.0019,-35.2783,127.9297,t002,FIJTB
2529005607,1999785,2,tobillo,terminal,-0.3214,0.7178,0.2605,78.6133,-37.7808,176.6357,t002,FIJTB
2529005610,1999801,2,tobillo,terminal,-0.2720,0.7137,0.2744,86.1206,-37.4146,172.3022,t002,FIJTB
2529005610,1999817,2,tobillo,terminal,-0.1646,0.8334,0.1749,96.7407,-26.3062,178.5278,t002,FIJTB
2529005655,1999832,2,tobillo,terminal,-0.1543,0.9015,0.1461,91.4917,-9.3384,201.3550,t002,FIJTB
2529005656,1999848,2,tobillo,terminal,-0.0696,1.1245,0.0229,85.9375,4.6997,210.2661,t002,FIJTB
2529005656,1999864,2,tobillo,terminal,-0.0465,1.2195,-0.0199,80.4443,31.8603,225.9521,t002,FIJTB
2529005698,1999880,2,tobillo,terminal,-0.0649,1.3274,-0.0985,78.7354,38.3911,227.2949,t002,FIJTB
2529005699,1999895,2,tobillo,terminal,0.0563,1.4701,-0.2134,68.9087,45.1050,213.9282,t002,FIJTB
2529005716,1999911,2,tobillo,terminal,0.1486,1.5541,-0.2570,60.3027,53.1616,205.9936,t002,FIJTB
2529005745,1999927,2,tobillo,terminal,0.0835,1.5696,-0.3756,59.0820,56.8237,206.7261,t002,FIJTB
2529005746,1999942,2,tobillo,terminal,-0.0206,1.5303,-0.3898,54.3213,67.6270,196.0449,t002,FIJTB
2529005788,1999958,2,tobillo,terminal,-0.0018,1.4333,-0.3529,52.1240,71.4111,182.5561,t002,FIJTB
2529005789,1999974,2,tobillo,terminal,0.1073,1.3904,-0.3236,48.5229,61.0352,156.0059,t002,FIJTB
2529005790,1999990,2,tobillo,terminal,0.1697,1.4115,-0.2952,55.1758,29.4189,147.0337,t002,FIJTB
2529005836,2000006,2,tobillo,terminal,0.3247,1.3276,-0.2485,61.5234,12.3291,144.1650,t002,FIJTB
2529005837,2000021,2,tobillo,terminal,0.3191,1.2582,-0.2288,61.1572,-17.9443,137.6953,t002,FIJTB
2529005837,2000037,2,tobillo,terminal,0.1677,1.1982,-0.1765,52.9175,-28.0762,137.9395,t002,FIJTB
2529005878,2000053,2,tobillo,terminal,0.1620,1.1915,-0.1290,34.5459,-33.3252,138.3667,t002,FIJTB
2529005878,2000069,2,tobillo,swing,0.1725,1.1805,-0.1343,30.0293,-28.3203,137.3291,t002,FIJTB
2529005879,2000085,2,tobillo,swing,-0.0168,1.0625,-0.0330,29.3579,-19.6533,135.4980,t002,FIJTB
2529005930,2000101,2,tobillo,swing,-0.0431,1.0435,0.0146,26.4282,7.8735,124.6338,t002,FIJTB
2529005930,2000117,2,tobillo,swing,0.0441,1.0297,-0.0741,23.8647,21.2402,116.0889,t002,FIJTB
2529005930,2000132,2,tobillo,swing,0.0800,1.0006,-0.1132,15.8081,41.6870,100.2197,t002,FIJTB
2529005973,2000148,2,tobillo,swing,0.1156,1.0009,-0.0942,9.7046,47.2412,78.0640,t002,FIJTB
2529005975,2000164,2,tobillo,swing,0.1377,0.9749,-0.1001,6.9580,43.7012,61.8896,t002,FIJTB
2529005976,2000180,2,tobillo,swing,0.0559,0.9283,-0.1079,-2.5024,36.6211,26.9775,t002,FIJTB
2529006023,2000195,2,tobillo,swing,-0.0538,0.8342,-0.0925,-8.2397,37.6587,11.9019,t002,FIJTB
2529006023,2000211,2,tobillo,swing,0.0525,0.8569,-0.0356,-17.5781,47.3022,-9.8877,t002,FIJTB
2529006023,2000227,2,tobillo,swing,0.0444,0.8827,0.0052,-22.7051,48.4619,-22.5220,t002,FIJTB
2529006065,2000243,2,tobillo,swing,-0.1434,0.8901,0.0439,-25.3906,45.4712,-30.5176,t002,FIJTB
2529006065,2000259,2,tobillo,swing,-0.1772,0.8749,0.0477,-32.6538,48.2178,-48.4009,t002,FIJTB
2529006068,2000275,2,tobillo,swing,-0.2191,0.9889,-0.0360,-34.3628,58.7769,-54.6875,t002,FIJTB
2529006114,2000291,2,tobillo,swing,-0.1648,1.0100,0.0765,-25.1465,64.4531,-54.6875,t002,FIJTB
2529006115,2000307,2,tobillo,swing,-0.3142,1.1121,0.2928,1.5869,40.4663,-61.3403,t002,FIJTB
2529006115,2000323,2,tobillo,swing,-0.8574,0.7793,0.4069,7.9956,15.7471,-86.6089,t002,FIJTB
2529006159,2000339,2,tobillo,swing,-0.7024,1.3828,0.3694,-19.4702,-36.3159,-121.0327,t002,FIJTB
2529006160,2000355,2,tobillo,swing,-0.0107,1.5718,0.2911,-46.2036,-8.5449,-124.4507,t002,FIJTB
2529006206,2000371,2,tobillo,swing,0.0989,0.9810,0.2340,-57.0679,10.2539,-97.7173,t002,FIJTB
2529006206,2000387,2,tobillo,swing,-0.1909,0.9244,0.1677,-82.8857,10.6812,-47.5464,t002,FIJTB
2529006206,2000403,2,tobillo,swing,-0.2013,1.0505,-0.0690,-79.9561,15.6250,-45.6543,t002,FIJTB
2529006248,2000419,2,tobillo,swing,-0.2017,1.0093,-0.1136,-58.7158,21.1792,-30.6396,t002,FIJTB
2529006251,2000435,2,tobillo,swing,-0.2946,0.9794,-0.1100,-46.9360,12.8174,-17.0898,t002,FIJTB
2529006251,2000451,2,tobillo,swing,-0.2970,0.9677,-0.0697,-42.0532,1.4648,-20.0195,t002,FIJTB
2529006298,2000467,2,tobillo,swing,-0.2068,0.9786,-0.0728,-32.8979,-19.1040,-18.9819,t002,FIJTB
2529006299,2000483,2,tobillo,swing,-0.2053,0.9742,-0.0029,-26.0010,-21.1792,-6.6528,t002,FIJTB
2529006299,2000499,2,tobillo,swing,-0.2683,0.9434,0.0238,-21.9116,-19.5313,-5.6763,t002,FIJTB
2529006343,2000515,2,tobillo,swing,-0.2761,0.9799,0.0226,-23.4375,-11.5356,-5.5542,t002,FIJTB
2529006344,2000531,2,tobillo,swing,-0.2244,1.0479,0.0139,-20.0806,-2.9907,-7.0190,t002,FIJTB
2529006344,2000547,2,tobillo,swing,-0.2837,0.9309,-0.0410,-13.6719,-4.1504,-7.8735,t002,FIJTB
2529006391,2000563,2,tobillo,swing,-0.3204,0.9158,-0.0635,-6.7139,-12.5732,-5.7983,t002,FIJTB
2529006392,2000580,2,tobillo,swing,-0.3120,0.9437,-0.0465,-4.2114,-15.2588,-5.7983,t002,FIJTB
2529006392,2000596,2,tobillo,swing,-0.3279,0.9380,-0.0095,-1.6479,-15.7471,-8.1177,t002,FIJTB
2529006436,2000612,2,tobillo,swing,-0.3413,0.9312,-0.0022,-5.2490,-12.8784,-13.6719,t002,FIJTB
2529006438,2000628,2,tobillo,swing,-0.3152,0.9158,-0.0194,-6.4697,-11.7798,-16.7236,t002,FIJTB
2529006438,2000644,2,tobillo,swing,-0.3038,0.9235,-0.0371,-7.5073,-13.1836,-17.8833,t002,FIJTB
2529006486,2000660,2,tobillo,swing,-0.3412,0.9141,-0.0605,-4.5776,-16.5405,-20.5078,t002,FIJTB
2529006486,2000676,2,tobillo,swing,-0.2423,0.9625,-0.0502,-1.5869,-17.2729,-22.3389,t002,FIJTB
2529006486,2000692,2,tobillo,swing,-0.2257,0.9526,-0.0204,0.0610,-16.8457,-19.7144,t002,FIJTB
2529006531,2000708,2,tobillo,loading,-0.2277,0.9612,0.0282,-1.7090,-16.2964,-18.1885,t002,FIJTB
2529006532,2000724,2,tobillo,loading,-0.2451,0.9476,-0.0038,-6.1646,-13.8550,-16.6016,t002,FIJTB
2529006533,2000741,2,tobillo,loading,-0.2468,0.9514,-0.0166,-9.5215,-11.3525,-14.5874,t002,FIJTB
2529006579,2000757,2,tobillo,loading,-0.3071,0.9352,-0.0541,-10.1318,-9.8267,-14.3433,t002,FIJTB
2529006580,2000773,2,tobillo,loading,-0.2531,0.9381,-0.0576,-9.3994,-7.5684,-17.0898,t002,FIJTB
2529006581,2000789,2,tobillo,loading,-0.2153,0.9604,-0.0469,-9.5215,-6.5918,-16.3574,t002,FIJTB
2529006624,2000805,2,tobillo,loading,-0.2164,0.9630,-0.0308,-9.5825,-6.6528,-15.3198,t002,FIJTB
2529006627,2000821,2,tobillo,loading,-0.2236,0.9567,-0.0316,-9.7046,-6.1646,-14.8315,t002,FIJTB
2529006658,2000838,2,tobillo,loading,-0.2061,0.9546,-0.0403,-9.7046,-5.9204,-13.7939,t002,FIJTB
2529006674,2000854,2,tobillo,loading,-0.2202,0.9423,-0.0657,-10.2539,-5.8594,-12.7563,t002,FIJTB
2529006675,2000870,2,tobillo,loading,-0.2455,0.9335,-0.0731,-10.9253,-4.5776,-12.5732,t002,FIJTB
2529006721,2000886,2,tobillo,loading,-0.3103,0.9226,-0.0964,-9.9487,-2.4414,-15.0757,t002,FIJTB
2529006722,2000902,2,tobillo,loading,-0.2816,0.9395,-0.0870,-7.2632,2.5635,-22.3999,t002,FIJTB
2529006723,2000919,2,tobillo,loading,-0.2422,0.9462,-0.0692,-4.8828,7.9346,-25.6958,t002,FIJTB
2529006770,2000935,2,tobillo,loading,-0.1010,1.0189,-0.0215,-4.4556,9.2773,-25.6348,t002,FIJTB
2529006771,2000951,2,tobillo,loading,-0.1481,0.9703,-0.0223,-5.7373,6.1035,-25.9399,t002,FIJTB
2529006771,2000967,2,tobillo,loading,-0.1807,0.9681,-0.0490,-10.0708,3.3569,-24.1699,t002,FIJTB
2529006816,2000983,2,tobillo,loading,-0.1813,0.9685,-0.0765,-10.6201,3.1738,-24.6582,t002,FIJTB
2529006817,2000999,2,tobillo,loading,-0.1646,0.9717,-0.0687,-9.5825,3.1738,-26.7334,t002,FIJTB
2529006818,2001015,2,tobillo,loading,-0.1780,0.9683,-0.0674,-9.5215,3.2959,-29.7852,t002,FIJTB
2529006866,2001031,2,tobillo,loading,-0.1885,0.9626,-0.0858,-9.7046,3.9673,-31.5552,t002,FIJTB
2529006867,2001047,2,tobillo,loading,-0.1556,0.9574,-0.0839,-8.6670,5.1880,-34.2407,t002,FIJTB
2529006867,2001063,2,tobillo,loading,-0.1141,0.9652,-0.0709,-8.3008,4.2114,-34.9731,t002,FIJTB
2529006910,2001079,2,tobillo,loading,-0.1256,0.9773,-0.0801,-9.5825,1.8311,-37.1094,t002,FIJTB
2529006913,2001095,2,tobillo,loading,-0.1233,0.9724,-0.0830,-10.3149,1.7700,-40.8325,t002,FIJTB
2529006913,2001111,2,tobillo,loading,-0.0942,0.9683,-0.0858,-10.1318,1.8311,-41.5039,t002,FIJTB
2529006960,2001127,2,tobillo,loading,-0.0847,0.9807,-0.0884,-11.1084,0.6714,-41.0156,t002,FIJTB
2529006961,2001143,2,tobillo,loading,-0.0879,0.9810,-0.0803,-12.5122,-0.9155,-41.9922,t002,FIJTB
2529006961,2001160,2,tobillo,loading,-0.0306,0.9846,-0.0719,-13.3667,-1.3428,-41.7480,t002,FIJTB
2529007005,2001176,2,tobillo,loading,-0.0183,0.9884,-0.0797,-15.8081,-2.7466,-36.7432,t002,FIJTB
2529007007,2001192,2,tobillo,loading,-0.0358,0.9749,-0.1005,-16.5405,-4.2114,-33.6914,t002,FIJTB
2529007007,2001208,2,tobillo,loading,-0.0358,0.9695,-0.1259,-17.3340,-6.9580,-28.5034,t002,FIJTB
2529007055,2001224,2,tobillo,loading,-0.0475,0.9739,-0.1289,-19.1040,-9.3994,-22.8271,t002,FIJTB
2529007055,2001240,2,tobillo,loading,-0.0669,0.9895,-0.1350,-19.8364,-10.0708,-22.8882,t002,FIJTB
2529007055,2001256,2,tobillo,loading,-0.0504,1.0000,-0.1342,-21.3013,-10.7422,-26.4893,t002,FIJTB
2529007099,2001273,2,tobillo,loading,-0.0374,1.0107,-0.1278,-23.6816,-11.9629,-31.3110,t002,FIJTB
2529007100,2001289,2,tobillo,midstance,-0.0200,1.0316,-0.1030,-25.2075,-13.2446,-33.5693,t002,FIJTB
2529007100,2001305,2,tobillo,midstance,-0.0162,1.0437,-0.0914,-27.4048,-14.9536,-39.9170,t002,FIJTB
2529007152,2001321,2,tobillo,midstance,-0.0460,1.0587,-0.1117,-29.9072,-16.6626,-48.0957,t002,FIJTB
2529007152,2001337,2,tobillo,midstance,-0.0869,1.1066,-0.1538,-30.6396,-18.2495,-55.0537,t002,FIJTB
2529007153,2001353,2,tobillo,midstance,-0.0854,1.1116,-0.1700,-31.1279,-23.5596,-71.9604,t002,FIJTB
2529007197,2001369,2,tobillo,midstance,-0.0396,1.1704,-0.1483,-32.0435,-28.1982,-79.8950,t002,FIJTB
2529007200,2001385,2,tobillo,midstance,0.0156,1.2235,-0.1014,-32.8369,-36.9873,-90.0879,t002,FIJTB
2529007200,2001401,2,tobillo,midstance,0.0037,1.2184,-0.0800,-33.3252,-45.7153,-86.3647,t002,FIJTB
2529007247,2001417,2,tobillo,midstance,-0.0298,1.1367,-0.0557,-34.2407,-48.6450,-90.5151,t002,FIJTB
2529007247,2001433,2,tobillo,midstance,-0.0173,1.0986,-0.0414,-36.9263,-50.4761,-104.6143,t002,FIJTB
2529007248,2001449,2,tobillo,midstance,0.0858,1.0919,0.0135,-37.5977,-48.2178,-109.6191,t002,FIJTB
2529007292,2001464,2,tobillo,midstance,0.1781,1.0792,0.0582,-36.0718,-47.1802,-111.1450,t002,FIJTB
2529007293,2001480,2,tobillo,midstance,0.1803,1.0803,0.0559,-32.7759,-52.8564,-118.8965,t002,FIJTB
2529007294,2001496,2,tobillo,midstance,0.0972,1.1261,-0.0089,-32.1655,-59.6924,-125.3662,t002,FIJTB
2529007341,2001512,2,tobillo,midstance,0.0754,1.2021,-0.1038,-30.0293,-70.0684,-136.9019,t002,FIJTB
2529007341,2001528,2,tobillo,midstance,0.1243,1.2202,-0.1799,-28.9307,-61.5845,-140.8081,t002,FIJTB
2529007341,2001545,2,tobillo,midstance,0.1819,1.2262,-0.3065,-31.5552,-50.7812,-140.8691,t002,FIJTB
2529007384,2001560,2,tobillo,midstance,0.1427,1.1959,-0.3966,-43.5181,-34.3018,-128.6011,t002,FIJTB
2529007387,2001577,2,tobillo,midstance,0.2117,1.1613,-0.3989,-47.4243,-30.7007,-118.8965,t002,FIJTB
2529007387,2001592,2,tobillo,midstance,0.4297,1.1423,-0.3632,-35.5225,-19.1040,-103.6377,t002,FIJTB
2529007433,2001609,2,tobillo,midstance,0.3330,1.1003,-0.3689,-21.0571,-14.9536,-78.3081,t002,FIJTB
2529007434,2001624,2,tobillo,midstance,0.0405,0.9606,-0.4124,-12.1460,-20.4468,-56.9458,t002,FIJTB
2529007434,2001641,2,tobillo,midstance,-0.0668,0.4908,-0.2445,9.7046,0.0000,-38.5742,t002,FIJTB
2529007477,2001657,2,tobillo,midstance,-0.1067,0.2385,-0.2544,19.1650,42.0532,-63.0493,t002,FIJTB
2529007478,2001672,2,tobillo,midstance,-0.4044,0.6211,-0.1621,6.1035,57.0068,-33.0200,t002,FIJTB
2529007525,2001688,2,tobillo,midstance,-0.4579,0.7926,0.0465,22.7661,46.9360,80.5054,t002,FIJTB
2529007525,2001704,2,tobillo,midstance,-0.2321,0.4247,0.0026,52.1240,28.5645,105.8960,t002,FIJTB
2529007526,2001720,2,tobillo,midstance,-0.1642,0.3423,-0.0282,70.4956,1.0986,90.5762,t002,FIJTB
2529007554,2001736,2,tobillo,midstance,-0.2283,0.4832,0.0398,76.6602,-13.7939,125.7934,t002,FIJTB
2529007571,2001752,2,tobillo,midstance,-0.3326,0.5924,0.1335,84.3506,-24.6582,158.8135,t002,FIJTB
2529007572,2001767,2,tobillo,midstance,-0.3264,0.6149,0.1770,89.1113,-32.9590,183.8989,t002,FIJTB
2529007618,2001783,2,tobillo,midstance,-0.1754,0.7491,0.1473,91.7358,-23.8647,184.9365,t002,FIJTB
2529007619,2001799,2,tobillo,midstance,-0.1466,0.8802,0.1229,94.4214,-2.0142,202.6367,t002,FIJTB
2529007619,2001815,2,tobillo,midstance,-0.1737,0.9631,0.1057,76.1108,18.3716,220.2148,t002,FIJTB
2529007662,2001831,2,tobillo,midstance,-0.0765,1.1919,-0.0226,65.5518,32.6538,222.9004,t002,FIJTB
2529007662,2001846,2,tobillo,terminal,-0.0146,1.2852,-0.0952,53.4058,52.0630,222.8393,t002,FIJTB
2529007663,2001862,2,tobillo,terminal,0.0006,1.4180,-0.2030,49.0112,52.4902,218.9941,t002,FIJTB
2529007714,2001878,2,tobillo,terminal,0.2142,1.6018,-0.2897,44.5557,49.4995,209.1675,t002,FIJTB
2529007714,2001894,2,tobillo,terminal,0.2438,1.5986,-0.3054,50.5371,41.5649,212.0361,t002,FIJTB
2529007714,2001910,2,tobillo,terminal,0.0861,1.5004,-0.2535,52.6733,34.9731,213.1958,t002,FIJTB
2529007717,2001925,2,tobillo,terminal,0.0594,1.4525,-0.2131,53.7720,26.4893,204.2236,t002,FIJTB
2529007760,2001941,2,tobillo,terminal,0.0173,1.3373,-0.1794,52.4292,21.7895,198.9746,t002,FIJTB
2529007761,2001957,2,tobillo,terminal,-0.1003,1.3356,-0.1941,44.8608,9.3384,189.5752,t002,FIJTB
2529007808,2001973,2,tobillo,terminal,-0.1080,1.3279,-0.1868,38.3301,7.0190,174.8657,t002,FIJTB
2529007809,2001989,2,tobillo,terminal,-0.0419,1.2599,-0.1487,35.6445,8.4839,166.7480,t002,FIJTB
2529007809,2002005,2,tobillo,terminal,0.0187,1.2627,-0.1317,32.0435,10.9253,154.9683,t002,FIJTB
2529007852,2002020,2,tobillo,terminal,0.0493,1.2377,-0.0814,33.0811,13.6719,152.0996,t002,FIJTB
2529007853,2002036,2,tobillo,terminal,-0.1486,1.1100,-0.0367,33.5083,26.4282,147.8882,t002,FIJTB
2529007854,2002052,2,tobillo,terminal,-0.1572,1.0997,-0.0557,25.3296,49.0723,128.9673,t002,FIJTB
2529007901,2002068,2,tobillo,terminal,0.0142,1.1162,-0.1289,21.7895,59.2651,119.2627,t002,FIJTB
2529007902,2002084,2,tobillo,terminal,0.0186,1.0381,-0.2081,19.0430,64.2700,104.6753,t002,FIJTB
2529007902,2002100,2,tobillo,terminal,-0.0121,1.0035,-0.2419,14.5874,61.0962,79.5288,t002,FIJTB
2529007948,2002116,2,tobillo,terminal,0.0771,0.9648,-0.2456,12.4512,59.9976,62.1948,t002,FIJTB
2529007949,2002131,2,tobillo,terminal,0.1348,0.9369,-0.2483,8.8501,47.6685,31.9214,t002,FIJTB
2529007949,2002147,2,tobillo,terminal,0.0869,0.8688,-0.2762,4.9438,37.4146,21.6675,t002,FIJTB
2529007995,2002163,2,tobillo,terminal,0.0205,0.8745,-0.2489,-6.2866,19.4092,2.0752,t002,FIJTB
2529007996,2002179,2,tobillo,terminal,0.0331,0.8950,-0.2284,-13.7329,5.3711,-22.3389,t002,FIJTB
2529007996,2002195,2,tobillo,terminal,0.0074,0.9011,-0.2094,-16.1133,-1.0376,-32.3486,t002,FIJTB
2529008039,2002211,2,tobillo,terminal,-0.0579,0.8740,-0.1736,-22.3389,-7.9956,-45.2881,t002,FIJTB
2529008041,2002227,2,tobillo,terminal,-0.1647,0.8381,-0.0835,-26.3672,-7.0190,-51.5747,t002,FIJTB
2529008041,2002243,2,tobillo,terminal,-0.1893,0.8619,-0.0533,-35.6445,1.5259,-61.4624,t002,FIJTB
2529008088,2002259,2,tobillo,terminal,-0.2061,0.8661,-0.0461,-40.1611,12.7563,-64.9414,t002,FIJTB
2529008089,2002275,2,tobillo,terminal,-0.4835,0.9026,0.1313,-38.9404,19.7144,-66.3452,t002,FIJTB
2529008089,2002291,2,tobillo,terminal,-1.3291,0.9718,0.5537,-6.2256,42.2363,-25.2686,t002,FIJTB
2529008132,2002307,2,tobillo,terminal,-1.2291,0.7985,0.3434,10.5591,68.7866,-48.1567,t002,FIJTB
2529008134,2002323,2,tobillo,terminal,-0.3871,0.7754,0.2778,-5.3711,86.0596,-82.5806,t002,FIJTB
2529008135,2002339,2,tobillo,terminal,-0.2543,1.0830,0.5067,-44.1894,81.2378,-68.4204,t002,FIJTB
2529008181,2002355,2,tobillo,terminal,-0.1841,1.5345,0.6071,-54.6875,43.6401,-75.9277,t002,FIJTB
2529008182,2002371,2,tobillo,terminal,0.1957,1.0848,0.2491,-43.2129,-2.3193,-141.6016,t002,FIJTB
2529008182,2002387,2,tobillo,terminal,-0.0220,0.8365,0.2098,-72.1436,-13.1226,-69.3359,t002,FIJTB
2529008224,2002403,2,tobillo,terminal,-0.3179,0.9872,-0.0145,-94.7266,-12.6343,-42.2363,t002,FIJTB
2529008227,2002419,2,tobillo,terminal,-0.2046,1.1505,-0.2692,-87.3413,-4.7607,-44.8608,t002,FIJTB
2529008228,2002435,2,tobillo,terminal,-0.2197,1.0692,-0.3954,-50.8423,-9.1553,-46.9360,t002,FIJTB
2529008274,2002452,2,tobillo,terminal,-0.4458,0.9990,-0.1886,-41.2598,-11.0474,-41.0767,t002,FIJTB
2529008274,2002468,2,tobillo,terminal,-0.3812,0.9473,-0.0735,-19.3481,-17.4561,-38.2080,t002,FIJTB
2529008304,2002484,2,tobillo,terminal,-0.1654,0.9333,-0.0453,-14.4653,-20.0806,-37.4756,t002,FIJTB
2529008317,2002500,2,tobillo,swing,-0.1237,0.9431,0.0937,-16.6016,-7.6904,-19.2261,t002,FIJTB
2529008320,2002516,2,tobillo,swing,-0.1604,1.0240,0.0991,-27.0386,-3.4180,-11.6577,t002,FIJTB
2529008367,2002532,2,tobillo,swing,-0.3115,0.9510,-0.0074,-27.5269,1.9531,-14.0991,t002,FIJTB
2529008368,2002549,2,tobillo,swing,-0.2305,0.9846,-0.0950,-24.2310,9.4604,-21.8506,t002,FIJTB
2529008369,2002565,2,tobillo,swing,-0.1996,0.9692,-0.0931,-16.2354,1.2817,-13.9160,t002,FIJTB
2529008413,2002581,2,tobillo,swing,-0.2238,0.9419,-0.0602,-12.2070,-6.2866,-9.3384,t002,FIJTB
2529008416,2002597,2,tobillo,swing,-0.2216,0.9576,-0.0287,-9.4604,-16.5405,-5.4321,t002,FIJTB
2529008416,2002613,2,tobillo,swing,-0.2501,0.9711,-0.0371,-11.6577,-15.4419,-4.5776,t002,FIJTB
2529008453,2002629,2,tobillo,swing,-0.2683,0.9457,-0.0631,-10.8643,-12.5122,-5.3711,t002,FIJTB
2529008464,2002645,2,tobillo,swing,-0.2535,0.9426,-0.0726,-8.1177,-11.1084,-5.3101,t002,FIJTB
2529008465,2002661,2,tobillo,swing,-0.2494,0.9335,-0.0798,-7.5684,-13.6108,-4.0283,t002,FIJTB
2529008508,2002677,2,tobillo,swing,-0.3027,0.9493,-0.0730,-9.3384,-19.2871,-1.6479,t002,FIJTB
2529008511,2002693,2,tobillo,swing,-0.3278,0.9529,-0.0748,-7.2632,-13.2446,-10.4370,t002,FIJTB
2529008511,2002709,2,tobillo,swing,-0.2946,0.9221,-0.0813,-6.5308,-8.6060,-14.5264,t002,FIJTB
2529008561,2002725,2,tobillo,swing,-0.2806,0.9219,-0.0715,-7.0801,-5.1270,-16.6016,t002,FIJTB
2529008562,2002742,2,tobillo,swing,-0.2972,0.9282,-0.0818,-6.9580,-1.8311,-18.5547,t002,FIJTB
2529008562,2002758,2,tobillo,swing,-0.3793,0.9093,-0.1329,-5.9204,2.8076,-21.7285,t002,FIJTB
2529008610,2002774,2,tobillo,swing,-0.4185,0.8910,-0.1527,-0.4272,18.0054,-33.8135,t002,FIJTB
2529008611,2002790,2,tobillo,swing,-0.3591,0.9025,-0.1078,3.1738,27.1606,-40.5273,t002,FIJTB
2529008612,2002805,2,tobillo,swing,-0.0668,1.0027,0.0430,5.6152,38.6353,-44.1894,t002,FIJTB
2529008613,2002821,2,tobillo,swing,0.0164,1.0214,0.0923,-2.6245,34.6069,-34.3018,t002,FIJTB
2529008662,2002837,2,tobillo,swing,-0.0405,1.0195,0.0442,-9.5215,28.5645,-27.2217,t002,FIJTB
2529008663,2002853,2,tobillo,swing,-0.0861,1.0162,-0.0125,-18.4937,18.7988,-19.2871,t002,FIJTB
2529008663,2002869,2,tobillo,swing,-0.1394,0.9775,-0.0922,-17.5171,9.7046,-17.5171,t002,FIJTB
2529008708,2002886,2,tobillo,swing,-0.1387,0.9696,-0.0814,-16.2354,4.7607,-16.8457,t002,FIJTB
2529008710,2002902,2,tobillo,swing,-0.1565,0.9685,-0.0669,-16.4795,-2.1362,-16.6016,t002,FIJTB
2529008710,2002918,2,tobillo,swing,-0.1821,0.9701,-0.0658,-16.9067,-3.3569,-18.5547,t002,FIJTB
2529008758,2002934,2,tobillo,swing,-0.1791,0.9733,-0.0643,-16.9678,-3.8452,-24.1089,t002,FIJTB
2529008759,2002950,2,tobillo,swing,-0.1771,0.9779,-0.0583,-17.3340,-2.5635,-30.7617,t002,FIJTB
2529008759,2002966,2,tobillo,swing,-0.1803,0.9829,-0.0812,-17.4561,-1.5259,-34.6680,t002,FIJTB
2529008803,2002982,2,tobillo,swing,-0.1227,0.9724,-0.0923,-17.3340,-1.1597,-41.4429,t002,FIJTB
2529008806,2002998,2,tobillo,swing,-0.1097,0.9700,-0.0947,-18.0664,-4.1504,-43.5791,t002,FIJTB
2529008806,2003014,2,tobillo,swing,-0.1232,0.9790,-0.1084,-18.6768,-6.4087,-44.6167,t002,FIJTB
2529008853,2003030,2,tobillo,swing,-0.1221,0.9785,-0.1068,-20.1416,-9.2773,-48.2788,t002,FIJTB
2529008854,2003046,2,tobillo,swing,-0.1282,0.9918,-0.1045,-20.9961,-9.3384,-49.4385,t002,FIJTB
2529008854,2003062,2,tobillo,swing,-0.0902,1.0089,-0.1096,-22.6440,-8.6670,-51.8799,t002,FIJTB
2529008899,2003078,2,tobillo,swing,-0.0614,1.0029,-0.1094,-25.3906,-9.2163,-53.7720,t002,FIJTB
2529008901,2003094,2,tobillo,swing,-0.0383,0.9861,-0.1188,-27.0386,-10.0098,-53.4668,t002,FIJTB
2529008902,2003110,2,tobillo,swing,-0.0232,0.9828,-0.1265,-29.1138,-10.7422,-53.8330,t002,FIJTB
2529008950,2003126,2,tobillo,swing,0.0042,0.9745,-0.1467,-30.7007,-10.8032,-51.6357,t002,FIJTB
2529008951,2003142,2,tobillo,swing,-0.0171,0.9716,-0.1838,-31.4331,-11.5356,-49.3774,t002,FIJTB
2529008951,2003158,2,tobillo,swing,-0.0070,0.9764,-0.1846,-32.4097,-13.2446,-48.6450,t002,FIJTB
2529008998,2003174,2,tobillo,swing,0.0177,0.9862,-0.1749,-33.0811,-13.7939,-49.5605,t002,FIJTB
2529008998,2003190,2,tobillo,swing,0.0719,0.9708,-0.1733,-33.4473,-12.6343,-51.4526,t002,FIJTB
2529008998,2003206,2,tobillo,swing,0.0771,0.9723,-0.1807,-33.6914,-12.2070,-49.1943,t002,FIJTB
2529009047,2003222,2,tobillo,swing,0.0554,0.9989,-0.2020,-33.7524,-13.0615,-48.2178,t002,FIJTB
2529009047,2003238,2,tobillo,swing,0.0295,1.0360,-0.1963,-33.6914,-15.6250,-49.9878,t002,FIJTB
2529009047,2003255,2,tobillo,swing,0.0370,1.0612,-0.1918,-33.8745,-16.6626,-58.2886,t002,FIJTB
2529009092,2003271,2,tobillo,swing,0.0165,1.1123,-0.2175,-34.7900,-17.8223,-63.9648,t002,FIJTB
2529009092,2003287,2,tobillo,loading,0.0083,1.1267,-0.2195,-40.3442,-22.5220,-80.3223,t002,FIJTB
2529009095,2003303,2,tobillo,loading,0.0754,1.1182,-0.1707,-46.9360,-24.4751,-86.7920,t002,FIJTB
2529009146,2003319,2,tobillo,loading,0.1589,1.1304,-0.1279,-59.6924,-29.3579,-87.7075,t002,FIJTB
2529009147,2003335,2,tobillo,loading,0.2037,1.1335,-0.1156,-58.7769,-39.6729,-79.4678,t002,FIJTB
2529009147,2003351,2,tobillo,loading,0.2532,1.1056,-0.1310,-54.9927,-47.4853,-77.8198,t002,FIJTB
2529009195,2003367,2,tobillo,loading,0.1945,1.0712,-0.1176,-48.2788,-68.0542,-81.9092,t002,FIJTB
2529009196,2003383,2,tobillo,loading,0.1483,1.0604,-0.0975,-40.0391,-87.8296,-88.5010,t002,FIJTB
2529009196,2003400,2,tobillo,loading,0.1788,1.0398,-0.0664,-33.8745,-94.7876,-91.6138,t002,FIJTB
2529009245,2003416,2,tobillo,loading,0.2643,1.0753,-0.0256,-23.4375,-106.8726,-104.4922,t002,FIJTB
2529009245,2003432,2,tobillo,loading,0.2493,1.0791,-0.0667,-20.9351,-115.7226,-109.8633,t002,FIJTB
2529009246,2003448,2,tobillo,loading,0.1554,1.0685,-0.2289,-25.3296,-110.8398,-112.0605,t002,FIJTB
2529009290,2003464,2,tobillo,loading,0.1299,1.1064,-0.2427,-33.6914,-76.4771,-114.3799,t002,FIJTB
2529009293,2003480,2,tobillo,loading,0.3522,1.1244,-0.2445,-32.9590,-62.6221,-107.3608,t002,FIJTB
2529009293,2003496,2,tobillo,loading,0.7888,1.1345,-0.5123,-22.5220,-61.4624,-92.1631,t002,FIJTB
2529009341,2003512,2,tobillo,loading,0.5497,1.1328,-0.5922,-30.5176,-83.8013,-80.9936,t002,FIJTB
2529009342,2003528,2,tobillo,loading,-0.0841,1.1179,-0.5459,-36.3159,-89.6606,-68.1763,t002,FIJTB
2529009342,2003544,2,tobillo,loading,-0.0656,0.9063,-0.4402,-25.6958,-62.3169,-54.6265,t002,FIJTB
2529009388,2003560,2,tobillo,loading,0.0524,0.8107,-0.3636,-9.7046,-25.6348,-56.2744,t002,FIJTB
2529009389,2003576,2,tobillo,loading,0.1370,0.5452,-0.1559,-5.8594,-13.7939,-61.7676,t002,FIJTB
2529009390,2003592,2,tobillo,loading,0.3431,0.4010,-0.1219,3.4790,10.0098,-97.8393,t002,FIJTB
2529009438,2003608,2,tobillo,loading,0.6614,0.8684,-0.3104,-1.8311,29.6631,-84.7778,t002,FIJTB
2529009438,2003624,2,tobillo,loading,-0.5475,0.7722,-0.2405,-6.5308,7.6904,107.9712,t002,FIJTB
2529009440,2003640,2,tobillo,loading,-0.8499,0.3574,-0.1284,45.7764,-57.7393,170.8984,t002,FIJTB
2529009489,2003656,2,tobillo,loading,-0.5370,0.1641,0.0065,42.8467,-35.2173,112.4878,t002,FIJTB
2529009490,2003672,2,tobillo,loading,-0.0848,0.6244,0.1099,22.0947,18.4937,77.0874,t002,FIJTB
2529009490,2003688,2,tobillo,loading,-0.0780,0.7135,0.1216,73.3032,-35.5835,170.7153,t002,FIJTB
2529009535,2003704,2,tobillo,loading,-0.3356,0.5773,0.1681,83.4351,-58.1665,180.2978,t002,FIJTB
2529009536,2003720,2,tobillo,loading,-0.3230,0.6335,0.1824,85.8765,-41.6870,169.1284,t002,FIJTB
2529009538,2003736,2,tobillo,loading,-0.0278,0.8291,0.1516,91.4917,-21.6064,184.6924,t002,FIJTB
2529009587,2003752,2,tobillo,loading,-0.2155,0.8584,0.1129,85.0830,-9.5825,227.1728,t002,FIJTB
2529009588,2003767,2,tobillo,loading,-0.2041,0.9900,0.0546,54.1382,15.7471,226.9897,t002,FIJTB
2529009588,2003783,2,tobillo,loading,-0.0010,1.2618,-0.1304,45.6543,34.6680,223.8159,t002,FIJTB
2529009633,2003799,2,tobillo,loading,-0.0157,1.3391,-0.1825,38.5132,53.8940,228.8208,t002,FIJTB
2529009636,2003815,2,tobillo,loading,0.0901,1.5038,-0.2177,37.9028,55.8472,223.5107,t002,FIJTB
2529009636,2003831,2,tobillo,loading,0.2542,1.5645,-0.2942,40.5273,53.0395,211.7920,t002,FIJTB
2529009686,2003846,2,tobillo,loading,0.1814,1.5463,-0.3091,40.7715,39.7339,215.4541,t002,FIJTB
2529009687,2003862,2,tobillo,loading,0.0957,1.5272,-0.2957,42.1753,35.0952,210.3882,t002,FIJTB
2529009687,2003878,2,tobillo,loading,0.1240,1.4865,-0.2671,45.4712,31.1279,195.3735,t002,FIJTB
2529009687,2003894,2,tobillo,loading,0.1050,1.3818,-0.2034,45.1660,26.4893,190.0635,t002,FIJTB
2529009732,2003909,2,tobillo,loading,0.0889,1.3602,-0.2036,41.9922,15.0146,181.0913,t002,FIJTB
2529009733,2003925,2,tobillo,midstance,0.1971,1.3843,-0.1956,42.3584,12.1460,179.5044,t002,FIJTB
2529009734,2003941,2,tobillo,midstance,0.1482,1.3064,-0.1483,44.0674,10.9253,180.6640,t002,FIJTB
2529009784,2003957,2,tobillo,midstance,-0.0153,1.2310,-0.1228,38.8794,13.9160,176.0254,t002,FIJTB
2529009785,2003973,2,tobillo,midstance,-0.0100,1.2156,-0.0834,34.2407,20.8740,163.4521,t002,FIJTB
2529009785,2003989,2,tobillo,midstance,0.1112,1.1923,-0.0244,29.4800,35.2173,140.9302,t002,FIJTB
2529009834,2004004,2,tobillo,midstance,0.0865,1.1366,-0.0294,25.0854,44.6777,123.0469,t002,FIJTB
2529009834,2004020,2,tobillo,midstance,0.0868,1.0996,-0.0983,20.6299,50.9644,113.9526,t002,FIJTB
2529009835,2004036,2,tobillo,midstance,0.1523,1.1107,-0.1234,15.3809,60.9131,95.9473,t002,FIJTB
2529009885,2004052,2,tobillo,midstance,0.1547,1.0138,-0.1672,14.5264,59.6924,84.7168,t002,FIJTB
2529009885,2004068,2,tobillo,midstance,0.2085,0.9600,-0.1924,7.9956,46.8750,54.8096,t002,FIJTB
2529009885,2004084,2,tobillo,midstance,0.2347,0.9543,-0.2002,-0.7935,30.0293,25.5127,t002,FIJTB
2529009933,2004099,2,tobillo,midstance,0.1577,0.9222,-0.2026,-5.6152,22.9492,13.9770,t002,FIJTB
2529009934,2004115,2,tobillo,midstance,0.1512,0.9248,-0.1963,-14.8926,16.0522,-11.3525,t002,FIJTB
2529009934,2004131,2,tobillo,midstance,0.1478,0.9359,-0.1765,-17.7612,14.2212,-23.1323,t002,FIJTB
2529009949,2004147,2,tobillo,midstance,-0.0120,0.9254,-0.1410,-23.6816,10.3760,-43.7012,t002,FIJTB
2529009983,2004163,2,tobillo,midstance,-0.2109,1.0016,-0.0874,-29.8462,21.9727,-55.2978,t002,FIJTB
2529009984,2004179,2,tobillo,midstance,-0.5900,1.0482,0.2064,-20.5078,41.2598,-51.3306,t002,FIJTB
2529010001,2004195,2,tobillo,midstance,-0.8474,0.6129,0.1997,0.8545,65.9180,-58.8989,t002,FIJTB
2529010033,2004211,2,tobillo,midstance,-0.9352,0.5901,0.1346,-31.9824,77.2095,-77.8809,t002,FIJTB
2529010034,2004227,2,tobillo,midstance,-0.5823,1.0889,0.1650,-49.3164,89.1113,-75.3174,t002,FIJTB
2529010035,2004243,2,tobillo,midstance,-0.3508,1.3174,0.3193,-58.6548,71.2891,-88.9282,t002,FIJTB
2529010084,2004259,2,tobillo,midstance,0.1107,1.3608,0.4578,-47.3633,43.7622,-116.5161,t002,FIJTB
2529010084,2004275,2,tobillo,midstance,0.0046,0.9635,0.1709,-35.7056,21.1182,-117.4927,t002,FIJTB
2529010084,2004291,2,tobillo,midstance,-0.1703,0.9080,0.1173,-63.1714,5.9204,-69.4580,t002,FIJTB
2529010132,2004307,2,tobillo,midstance,-0.2522,0.9951,-0.0040,-62.0728,-2.8687,-65.6738,t002,FIJTB
2529010133,2004323,2,tobillo,midstance,-0.2419,1.0087,-0.0972,-47.4243,-15.3809,-61.2793,t002,FIJTB
2529010133,2004339,2,tobillo,midstance,-0.3185,0.9375,-0.2007,-44.8608,-18.9209,-41.4429,t002,FIJTB
2529010183,2004355,2,tobillo,midstance,-0.2324,1.0159,-0.1777,-43.2739,-14.5874,-34.2407,t002,FIJTB
2529010183,2004371,2,tobillo,midstance,-0.1654,1.0607,-0.1289,-28.3203,-5.4321,-29.4189,t002,FIJTB
2529010184,2004388,2,tobillo,midstance,-0.2144,0.9063,-0.0140,-18.0664,-4.0283,-26.6724,t002,FIJTB
2529010230,2004404,2,tobillo,midstance,-0.2229,1.0031,-0.0051,-9.7046,-9.0942,-22.3389,t002,FIJTB
2529010232,2004420,2,tobillo,midstance,-0.2280,0.9650,0.0037,-10.8032,-0.8545,-18.4326,t002,FIJTB
2529010233,2004436,2,tobillo,midstance,-0.1597,1.1066,0.0345,-13.9770,4.4556,-18.0664,t002,FIJTB
2529010283,2004452,2,tobillo,midstance,-0.2961,0.9132,-0.0095,-10.2539,16.6016,-21.5454,t002,FIJTB
2529010283,2004468,2,tobillo,midstance,-0.2687,0.9189,-0.0364,-1.5259,20.6909,-21.6064,t002,FIJTB
2529010284,2004484,2,tobillo,midstance,-0.1841,0.9398,-0.0468,0.1221,18.9819,-18.4937,t002,FIJTB
2529010329,2004500,2,tobillo,midstance,-0.1886,0.9746,-0.0287,-2.3804,10.2539,-8.6670,t002,FIJTB
2529010330,2004516,2,tobillo,midstance,-0.2164,0.9540,-0.0312,-3.2959,7.6294,-8.4839,t002,FIJTB
2529010331,2004532,2,tobillo,midstance,-0.1820,0.9720,0.0031,-7.3853,3.2349,-7.2632,t002,FIJTB
2529010382,2004548,2,tobillo,midstance,-0.1885,0.9685,0.0195,-12.2681,-0.2441,-4.9438,t002,FIJTB
2529010383,2004564,2,tobillo,midstance,-0.2795,0.9196,0.0127,-14.7095,-1.7090,-4.5776,t002,FIJTB
2529010383,2004580,2,tobillo,midstance,-0.2538,0.9714,0.0092,-18.6768,-1.3428,-6.6528,t002,FIJTB
2529010429,2004596,2,tobillo,midstance,-0.2374,0.9781,0.0098,-17.7002,3.0518,-14.1602,t002,FIJTB
2529010430,2004612,2,tobillo,terminal,-0.2871,0.9308,-0.0300,-16.9067,3.0518,-17.0288,t002,FIJTB
2529010432,2004628,2,tobillo,terminal,-0.2814,0.9442,-0.0344,-16.5405,-1.0376,-24.2310,t002,FIJTB
2529010483,2004644,2,tobillo,terminal,-0.2294,0.9485,-0.0128,-16.7236,-1.8311,-26.6724,t002,FIJTB
2529010483,2004660,2,tobillo,terminal,-0.2324,0.9741,0.0051,-18.7988,-1.6479,-26.4282,t002,FIJTB
2529010484,2004676,2,tobillo,terminal,-0.2183,0.9756,-0.0073,-15.8691,-0.3662,-31.2500,t002,FIJTB
2529010484,2004692,2,tobillo,terminal,-0.1464,0.9717,-0.0461,-13.6719,-0.4272,-32.8369,t002,FIJTB
2529010532,2004708,2,tobillo,terminal,-0.1313,0.9565,-0.0580,-13.3057,-2.1362,-34.6680,t002,FIJTB
2529010533,2004724,2,tobillo,terminal,-0.1705,0.9547,-0.0607,-19.5313,-4.2114,-34.1797,t002,FIJTB
2529010533,2004741,2,tobillo,terminal,-0.1791,0.9575,-0.0603,-21.7285,-3.0518,-35.7056,t002,FIJTB
2529010582,2004757,2,tobillo,terminal,-0.1322,0.9742,-0.0555,-21.2402,0.2441,-38.2690,t002,FIJTB
2529010583,2004773,2,tobillo,terminal,-0.1130,0.9917,-0.0770,-22.2168,0.1831,-38.3911,t002,FIJTB
2529010583,2004789,2,tobillo,terminal,-0.1284,0.9668,-0.0979,-21.4233,0.2441,-38.7573,t002,FIJTB
2529010631,2004805,2,tobillo,terminal,-0.1016,0.9622,-0.0892,-17.5171,0.0000,-36.6821,t002,FIJTB
2529010632,2004821,2,tobillo,terminal,-0.0587,0.9817,-0.0708,-17.5781,-0.6104,-35.0952,t002,FIJTB
2529010633,2004837,2,tobillo,terminal,-0.1022,0.9832,-0.1136,-19.7144,-1.8921,-34.5459,t002,FIJTB
2529010682,2004854,2,tobillo,terminal,-0.0891,0.9764,-0.1215,-19.0430,-1.5259,-35.5225,t002,FIJTB
2529010682,2004870,2,tobillo,terminal,-0.0302,0.9755,-0.0830,-18.8599,-1.7090,-35.7666,t002,FIJTB
2529010683,2004886,2,tobillo,terminal,-0.0612,0.9791,-0.0985,-18.4937,-3.3569,-34.3628,t002,FIJTB
2529010730,2004902,2,tobillo,terminal,-0.0630,0.9773,-0.1198,-16.1133,-4.5776,-34.6069,t002,FIJTB
2529010732,2004918,2,tobillo,terminal,-0.0642,0.9783,-0.1326,-15.6250,-5.1880,-35.4614,t002,FIJTB
2529010733,2004934,2,tobillo,terminal,-0.0696,0.9779,-0.1437,-15.9912,-5.5542,-34.6069,t002,FIJTB
2529010783,2004950,2,tobillo,terminal,-0.0513,0.9828,-0.1335,-18.7988,-6.3477,-34.7290,t002,FIJTB
2529010783,2004966,2,tobillo,terminal,-0.0059,1.0046,-0.1143,-19.8975,-6.9580,-34.6069,t002,FIJTB
2529010784,2004982,2,tobillo,terminal,-0.0138,1.0062,-0.1296,-20.9351,-9.6436,-34.5459,t002,FIJTB
2529010829,2004998,2,tobillo,terminal,-0.0167,1.0002,-0.1414,-20.8130,-10.8643,-34.8511,t002,FIJTB
2529010831,2005015,2,tobillo,terminal,0.0240,0.9995,-0.1271,-21.2402,-12.2681,-37.2925,t002,FIJTB
2529010831,2005031,2,tobillo,terminal,0.0275,1.0052,-0.1202,-22.7661,-15.0146,-37.5366,t002,FIJTB
2529010881,2005047,2,tobillo,terminal,0.0087,1.0208,-0.1196,-23.5596,-15.8081,-38.0249,t002,FIJTB
2529010882,2005063,2,tobillo,terminal,-0.0067,1.0116,-0.1813,-24.4751,-14.3433,-41.6870,t002,FIJTB
2529010882,2005079,2,tobillo,terminal,0.0122,1.0038,-0.1979,-22.7051,-13.6719,-47.2412,t002,FIJTB
2529010927,2005095,2,tobillo,terminal,0.0389,0.9969,-0.1874,-21.9727,-14.4043,-49.0723,t002,FIJTB
2529010929,2005112,2,tobillo,terminal,0.0450,1.0020,-0.1713,-21.7895,-14.5874,-52.0019,t002,FIJTB
2529010930,2005128,2,tobillo,terminal,0.0760,1.0308,-0.1646,-21.4844,-12.6953,-56.5796,t002,FIJTB
2529010979,2005144,2,tobillo,terminal,0.0494,1.0531,-0.1924,-21.6064,-12.5122,-59.5093,t002,FIJTB
2529010980,2005160,2,tobillo,terminal,0.0568,1.0690,-0.1923,-22.2778,-13.0005,-67.8101,t002,FIJTB
2529010980,2005176,2,tobillo,terminal,0.1100,1.0651,-0.1708,-23.7427,-12.8784,-72.3877,t002,FIJTB
2529011025,2005192,2,tobillo,terminal,0.1423,1.0330,-0.1438,-32.3486,-11.2305,-76.5991,t002,FIJTB
2529011026,2005208,2,tobillo,terminal,0.1427,1.0598,-0.1571,-35.0342,-11.4746,-77.5757,t002,FIJTB
2529011027,2005224,2,tobillo,terminal,0.1807,1.0541,-0.2186,-35.1563,-13.9770,-81.4209,t002,FIJTB
2529011077,2005240,2,tobillo,terminal,0.1849,1.0271,-0.2374,-41.3818,-26.3672,-74.4019,t002,FIJTB
2529011077,2005256,2,tobillo,terminal,0.1843,0.9943,-0.1993,-43.0908,-35.4614,-69.3970,t002,FIJTB
2529011078,2005272,2,tobillo,terminal,0.2258,1.0564,-0.1758,-42.2974,-39.3677,-72.5708,t002,FIJTB
2529011117,2005288,2,tobillo,terminal,0.2249,1.0825,-0.1678,-40.7715,-51.2085,-80.8105,t002,FIJTB
2529011125,2005305,2,tobillo,terminal,0.1666,1.0894,-0.1428,-38.8184,-57.5561,-83.9233,t002,FIJTB
2529011126,2005321,2,tobillo,terminal,0.1567,1.0730,-0.1115,-34.7290,-68.8477,-84.6558,t002,FIJTB
2529011176,2005337,2,tobillo,terminal,0.1991,1.0635,-0.0828,-32.9590,-83.6792,-94.5434,t002,FIJTB
2529011177,2005353,2,tobillo,terminal,0.3314,1.1184,-0.0134,-31.6162,-92.7124,-100.3418,t002,FIJTB
2529011178,2005369,2,tobillo,swing,0.3130,1.0844,-0.0448,-26.0010,-108.6426,-106.9336,t002,FIJTB
2529011178,2005385,2,tobillo,swing,0.2787,1.0481,-0.1140,-28.8086,-104.8584,-124.8779,t002,FIJTB
2529011223,2005401,2,tobillo,swing,0.2665,1.1213,-0.2941,-35.1563,-94.0552,-130.6763,t002,FIJTB
2529011225,2005417,2,tobillo,swing,0.2432,1.1740,-0.3098,-45.7764,-77.9419,-111.0840,t002,FIJTB
2529011226,2005433,2,tobillo,swing,0.4479,1.1012,-0.2561,-39.8560,-72.9980,-102.2339,t002,FIJTB
2529011276,2005449,2,tobillo,swing,0.5385,0.9839,-0.4210,-26.5503,-65.5518,-97.9004,t002,FIJTB
2529011277,2005465,2,tobillo,swing,0.4146,0.9773,-0.4839,-31.4331,-85.2051,-68.8477,t002,FIJTB
2529011277,2005481,2,tobillo,swing,0.2469,0.9950,-0.6005,-34.9121,-95.8252,-49.2554,t002,FIJTB
2529011326,2005497,2,tobillo,swing,0.1805,0.9462,-0.4949,-29.6631,-84.1675,-23.3154,t002,FIJTB
2529011326,2005513,2,tobillo,swing,-0.0878,0.5439,-0.2278,-3.7842,-50.6592,-26.2451,t002,FIJTB
2529011326,2005529,2,tobillo,swing,-0.3141,0.5820,-0.2013,-1.3428,-34.6069,-10.8643,t002,FIJTB
2529011376,2005545,2,tobillo,swing,-0.4523,0.6945,-0.0638,-4.5776,-43.5791,71.8994,t002,FIJTB
2529011377,2005561,2,tobillo,swing,-0.4957,0.4901,0.0291,12.0850,-60.4858,101.9897,t002,FIJTB
2529011377,2005576,2,tobillo,swing,-0.2886,0.3573,0.0349,39.4287,-56.5796,105.7129,t002,FIJTB
2529011424,2005592,2,tobillo,swing,-0.2393,0.4735,0.0739,49.5605,-30.9448,133.0566,t002,FIJTB
2529011426,2005608,2,tobillo,swing,-0.2061,0.7002,0.1898,52.3071,-31.7993,165.9546,t002,FIJTB
2529011426,2005624,2,tobillo,swing,-0.1875,0.7589,0.2339,71.0449,-36.6211,215.8203,t002,FIJTB
2529011476,2005640,2,tobillo,swing,-0.3157,0.6382,0.2358,81.8481,-37.2314,230.6518,t002,FIJTB
2529011477,2005656,2,tobillo,swing,-0.4620,0.7065,0.2201,66.1011,-28.4424,245.4834,t002,FIJTB
2529011478,2005671,2,tobillo,swing,-0.3314,0.9161,0.1578,28.9917,21.2402,248.8403,t002,FIJTB
2529011524,2005687,2,tobillo,swing,0.0197,1.3021,0.0494,21.2402,48.2178,249.0845,t002,FIJTB
2529011525,2005703,2,tobillo,swing,0.0261,1.3429,0.0249,20.8740,68.4814,255.0049,t002,FIJTB
2529011526,2005719,2,tobillo,swing,0.0311,1.4819,-0.0173,19.0430,63.6597,254.1504,t002,FIJTB
2529011527,2005734,2,tobillo,swing,0.2632,1.7253,-0.1562,10.4980,53.7109,238.4033,t002,FIJTB
2529011576,2005750,2,tobillo,swing,0.3705,1.8024,-0.2184,14.2212,51.0864,233.8867,t002,FIJTB
2529011576,2005766,2,tobillo,swing,0.2947,1.6908,-0.2090,20.9351,47.9736,231.1401,t002,FIJTB
2529011576,2005782,2,tobillo,swing,0.3177,1.6217,-0.1910,25.5737,41.3818,208.2519,t002,FIJTB
2529011622,2005797,2,tobillo,swing,0.3574,1.4882,-0.1610,24.1089,38.1470,200.1953,t002,FIJTB
2529011625,2005813,2,tobillo,swing,0.2081,1.3745,-0.1641,18.6768,38.6353,194.7632,t002,FIJTB
2529011625,2005829,2,tobillo,swing,0.2058,1.3450,-0.1448,20.3857,54.1382,187.4389,t002,FIJTB
2529011675,2005845,2,tobillo,swing,0.1611,1.2249,-0.0872,21.8506,59.9976,184.6924,t002,FIJTB
2529011675,2005860,2,tobillo,swing,0.1196,1.1931,-0.0802,20.9961,66.9556,172.4243,t002,FIJTB
2529011676,2005876,2,tobillo,swing,0.0559,1.1669,-0.0852,20.9961,72.5098,164.1235,t002,FIJTB
2529011721,2005892,2,tobillo,swing,0.0643,1.1216,-0.0760,22.7051,85.2661,146.2402,t002,FIJTB
2529011724,2005908,2,tobillo,swing,0.0942,1.1040,-0.0831,22.2168,87.6465,125.6103,t002,FIJTB
2529011724,2005924,2,tobillo,swing,0.1670,1.1071,-0.1536,20.9351,83.9233,116.0889,t002,FIJTB
2529011774,2005940,2,tobillo,swing,0.1693,1.0940,-0.1954,18.1274,71.3501,101.0132,t002,FIJTB
2529011775,2005955,2,tobillo,swing,0.1641,1.0278,-0.2244,15.9912,64.1479,89.9658,t002,FIJTB
2529011775,2005971,2,tobillo,swing,0.2968,0.9994,-0.2546,9.1553,48.2178,55.4199,t002,FIJTB
2529011823,2005987,2,tobillo,swing,0.3192,0.9769,-0.2655,0.1221,33.8135,26.7944,t002,FIJTB
2529011823,2006003,2,tobillo,swing,0.2686,0.9342,-0.2454,-6.1646,31.7383,14.5264,t002,FIJTB
2529011824,2006019,2,tobillo,swing,0.2751,0.9385,-0.2306,-21.6675,37.7197,-14.3433,t002,FIJTB
2529011873,2006035,2,tobillo,swing,0.1357,1.3700,-0.3114,-10.2539,54.9927,-26.9775,t002,FIJTB
2529011874,2006051,2,tobillo,swing,-0.0098,0.8173,0.0768,8.4229,64.3921,-41.0767,t002,FIJTB
2529011874,2006068,2,tobillo,swing,-0.5504,0.7406,0.3479,4.6387,18.7378,-46.9971,t002,FIJTB
2529011910,2006083,2,tobillo,swing,-1.3949,0.7708,0.2842,-0.4272,-13.2446,-56.0913,t002,FIJTB
2529011923,2006100,2,tobillo,swing,-0.3809,1.2046,0.2253,-18.5547,-2.0142,-107.1777,t002,FIJTB
2529011923,2006116,2,tobillo,swing,-0.1191,1.3259,0.1853,-45.3491,17.2119,-99.4263,t002,FIJTB
2529011924,2006132,2,tobillo,swing,-0.2004,1.0587,0.2772,-57.5561,12.8174,-90.3931,t002,FIJTB
2529011974,2006148,2,tobillo,swing,-0.2581,0.9154,0.2671,-65.5518,22.0337,-83.2519,t002,FIJTB
2529011974,2006163,2,tobillo,swing,-0.2616,0.9349,0.0726,-67.8101,27.7710,-60.7910,t002,FIJTB
2529011975,2006180,2,tobillo,loading,-0.1500,1.0240,0.0001,-56.3965,18.9209,-56.1523,t002,FIJTB
2529012022,2006195,2,tobillo,loading,-0.1880,1.0085,-0.0558,-30.4565,-10.9863,-44.6167,t002,FIJTB
2529012022,2006212,2,tobillo,loading,-0.3068,0.9790,-0.0944,-24.4141,-19.4702,-37.7808,t002,FIJTB
2529012022,2006228,2,tobillo,loading,-0.2445,0.9932,-0.1097,-18.1885,-15.3809,-33.6304,t002,FIJTB
2529012078,2006244,2,tobillo,loading,-0.2365,1.0037,-0.0852,-17.7002,-7.4463,-23.0103,t002,FIJTB
2529012078,2006260,2,tobillo,loading,-0.3362,0.9485,0.0217,-16.9678,-6.2866,-20.0806,t002,FIJTB
2529012078,2006276,2,tobillo,loading,-0.3577,0.9226,0.0538,-18.0664,-0.4883,-19.9585,t002,FIJTB
2529012127,2006292,2,tobillo,loading,-0.3333,0.9382,0.0406,-20.4468,4.4556,-20.4468,t002,FIJTB
2529012130,2006308,2,tobillo,loading,-0.3175,0.9552,-0.0061,-19.5313,5.2490,-20.9961,t002,FIJTB
2529012130,2006324,2,tobillo,loading,-0.3533,0.9402,-0.0220,-17.9443,8.7280,-19.2261,t002,FIJTB
2529012181,2006340,2,tobillo,loading,-0.3865,0.8872,-0.0470,-11.2915,10.8643,-20.2026,t002,FIJTB
2529012181,2006356,2,tobillo,loading,-0.2729,0.9584,-0.0249,-2.4414,12.7563,-21.7285,t002,FIJTB
2529012181,2006372,2,tobillo,loading,-0.3197,0.8956,0.0266,-5.6152,12.5122,-15.8691,t002,FIJTB
2529012182,2006389,2,tobillo,loading,-0.2892,0.9825,0.0286,-7.7515,12.0239,-13.9770,t002,FIJTB
2529012231,2006404,2,tobillo,loading,-0.3304,0.9097,0.0372,-15.6250,14.5264,-21.3013,t002,FIJTB
2529012232,2006420,2,tobillo,loading,-0.3564,0.8658,0.0125,-11.2305,15.8691,-27.4658,t002,FIJTB
2529012233,2006437,2,tobillo,loading,-0.1943,0.9546,-0.0317,-9.4604,17.1509,-26.4893,t002,FIJTB
2529012282,2006453,2,tobillo,loading,-0.1609,0.9863,-0.0072,-11.1694,15.1367,-18.7378,t002,FIJTB
2529012283,2006469,2,tobillo,loading,-0.2089,0.9670,0.0239,-12.8174,11.7798,-17.3950,t002,FIJTB
2529012284,2006484,2,tobillo,loading,-0.1755,0.9917,0.0309,-13.6719,7.2632,-15.4419,t002,FIJTB
2529012330,2006500,2,tobillo,loading,-0.2014,0.9729,0.0342,-15.0757,3.1738,-12.6953,t002,FIJTB
2529012332,2006516,2,tobillo,loading,-0.2585,0.9518,0.0195,-15.7471,0.8545,-12.5122,t002,FIJTB
2529012332,2006532,2,tobillo,loading,-0.3190,0.9242,-0.0017,-21.4844,-2.0752,-18.3716,t002,FIJTB
2529012381,2006548,2,tobillo,loading,-0.2677,0.9244,-0.0311,-18.3105,-1.1597,-23.9258,t002,FIJTB
2529012382,2006564,2,tobillo,loading,-0.1292,1.0170,-0.0237,-15.2588,-2.0142,-24.8413,t002,FIJTB
2529012382,2006580,2,tobillo,loading,-0.1360,1.0140,-0.0023,-12.6343,-4.8828,-23.8037,t002,FIJTB
2529012429,2006596,2,tobillo,loading,-0.2471,0.9574,-0.0123,-12.2070,-6.4087,-22.7051,t002,FIJTB
2529012430,2006613,2,tobillo,loading,-0.2494,0.9607,-0.0176,-12.2070,-6.0425,-24.1089,t002,FIJTB
2529012431,2006629,2,tobillo,loading,-0.2412,0.9578,-0.0278,-10.3760,-5.9204,-27.9541,t002,FIJTB
2529012482,2006645,2,tobillo,loading,-0.1876,0.9723,-0.0359,-8.9111,-5.4932,-30.2734,t002,FIJTB
2529012482,2006661,2,tobillo,loading,-0.1339,0.9769,-0.0370,-9.7046,-3.9673,-30.0293,t002,FIJTB
2529012482,2006677,2,tobillo,loading,-0.1353,0.9668,-0.0447,-8.1177,-3.6621,-25.0854,t002,FIJTB
2529012502,2006693,2,tobillo,loading,-0.1292,0.9840,-0.0527,-8.0566,-4.9438,-23.3154,t002,FIJTB
2529012529,2006709,2,tobillo,loading,-0.1421,0.9844,-0.0540,-10.6201,-6.5918,-22.7051,t002,FIJTB
2529012532,2006725,2,tobillo,loading,-0.1769,0.9694,-0.0515,-10.7422,-6.7139,-23.3154,t002,FIJTB
2529012532,2006741,2,tobillo,loading,-0.1674,0.9666,-0.0452,-8.7891,-5.4321,-27.2827,t002,FIJTB
2529012582,2006757,2,tobillo,loading,-0.1642,0.9626,-0.0396,-5.8594,-4.1504,-29.7241,t002,FIJTB
2529012582,2006773,2,tobillo,loading,-0.1667,0.9718,-0.0687,-5.4321,-3.9062,-30.8838,t002,FIJTB
2529012583,2006789,2,tobillo,loading,-0.1757,0.9750,-0.0796,-6.4697,-5.4321,-35.2173,t002,FIJTB
2529012629,2006805,2,tobillo,midstance,-0.1495,0.9731,-0.0634,-6.9580,-6.2866,-38.2080,t002,FIJTB
2529012631,2006821,2,tobillo,midstance,-0.1051,0.9829,-0.0574,-7.8125,-5.9814,-40.0391,t002,FIJTB
2529012632,2006837,2,tobillo,midstance,-0.1140,0.9811,-0.0669,-8.9111,-6.0425,-44.6167,t002,FIJTB
2529012682,2006853,2,tobillo,midstance,-0.0908,0.9669,-0.0776,-8.2397,-5.6763,-45.2881,t002,FIJTB
2529012682,2006869,2,tobillo,midstance,-0.0237,0.9666,-0.0508,-8.9722,-5.0659,-43.3350,t002,FIJTB
2529012682,2006885,2,tobillo,midstance,-0.0198,0.9728,-0.0424,-12.1460,-5.9814,-39.6729,t002,FIJTB
2529012731,2006901,2,tobillo,midstance,-0.0468,0.9771,-0.0845,-12.2070,-5.7983,-38.3911,t002,FIJTB
2529012731,2006917,2,tobillo,midstance,-0.0463,0.9669,-0.1038,-10.8032,-3.4180,-34.9731,t002,FIJTB
2529012731,2006934,2,tobillo,midstance,-0.0205,0.9706,-0.0988,-10.4980,-1.4038,-32.0435,t002,FIJTB
2529012781,2006950,2,tobillo,midstance,-0.0016,0.9751,-0.0708,-10.8643,-1.7090,-31.1890,t002,FIJTB
2529012782,2006966,2,tobillo,midstance,0.0039,0.9861,-0.0603,-12.2070,-2.1362,-29.9683,t002,FIJTB
2529012782,2006982,2,tobillo,midstance,-0.0076,0.9934,-0.0835,-12.5122,-1.5869,-29.9683,t002,FIJTB
2529012830,2006998,2,tobillo,midstance,-0.0026,0.9744,-0.1145,-11.9629,0.8545,-31.3721,t002,FIJTB
2529012831,2007014,2,tobillo,midstance,0.0232,0.9736,-0.1115,-10.3149,1.4648,-30.2124,t002,FIJTB
2529012831,2007030,2,tobillo,midstance,0.0179,0.9738,-0.1086,-9.8877,0.7324,-28.8696,t002,FIJTB
2529012881,2007046,2,tobillo,midstance,0.0170,0.9802,-0.1331,-8.9111,0.4883,-26.3672,t002,FIJTB
2529012881,2007062,2,tobillo,midstance,0.0123,0.9708,-0.1367,-7.3853,1.0986,-26.6724,t002,FIJTB
2529012882,2007078,2,tobillo,midstance,0.0605,0.9922,-0.1333,-6.4087,1.0376,-25.9399,t002,FIJTB
2529012928,2007094,2,tobillo,midstance,0.0475,1.0043,-0.1224,-4.3945,-2.6855,-28.1372,t002,FIJTB
2529012930,2007110,2,tobillo,midstance,0.0272,1.0126,-0.1036,-3.6011,-2.3804,-28.6865,t002,FIJTB
2529012931,2007127,2,tobillo,midstance,0.0645,1.0273,-0.1051,-3.1738,-2.8076,-30.5176,t002,FIJTB
2529012981,2007143,2,tobillo,midstance,0.0450,1.0406,-0.1063,-3.2349,-5.3711,-35.5225,t002,FIJTB
2529012982,2007159,2,tobillo,midstance,0.0297,1.0634,-0.1229,-2.7466,-6.1646,-38.2690,t002,FIJTB
2529012983,2007175,2,tobillo,midstance,0.0227,1.0850,-0.1287,-3.0518,-8.4839,-43.2739,t002,FIJTB
2529012983,2007191,2,tobillo,midstance,0.0298,1.0820,-0.1173,-8.8501,-8.3618,-48.0957,t002,FIJTB
2529013029,2007207,2,tobillo,midstance,0.0631,1.0569,-0.0894,-12.9395,-7.7515,-50.8423,t002,FIJTB
2529013031,2007223,2,tobillo,midstance,0.1091,1.0568,-0.0510,-20.1416,-7.0801,-56.7017,t002,FIJTB
2529013032,2007239,2,tobillo,midstance,0.1312,1.0496,-0.0392,-20.5078,-5.0659,-65.1855,t002,FIJTB
2529013082,2007255,2,tobillo,midstance,0.1687,1.0598,-0.0703,-16.5405,-6.7139,-67.4438,t002,FIJTB
2529013082,2007271,2,tobillo,midstance,0.1772,1.0479,-0.1011,-15.7471,-13.3057,-64.7583,t002,FIJTB
2529013083,2007287,2,tobillo,midstance,0.1498,0.9661,-0.1377,-21.4233,-17.9443,-65.9180,t002,FIJTB
2529013129,2007304,2,tobillo,midstance,0.1327,0.9832,-0.1132,-28.3813,-27.5269,-66.5283,t002,FIJTB
2529013131,2007320,2,tobillo,midstance,0.1685,0.9977,-0.0967,-26.7944,-32.1045,-69.8242,t002,FIJTB
2529013132,2007335,2,tobillo,midstance,0.1812,0.9945,-0.0989,-26.7944,-33.2642,-72.3877,t002,FIJTB
2529013182,2007352,2,tobillo,midstance,0.1832,0.9709,-0.1194,-29.1748,-34.4238,-78.0029,t002,FIJTB
2529013183,2007368,2,tobillo,midstance,0.2078,0.9747,-0.1165,-31.5552,-37.7197,-79.8340,t002,FIJTB
2529013183,2007384,2,tobillo,midstance,0.2584,1.0018,-0.0923,-32.8979,-41.5039,-79.5898,t002,FIJTB
2529013229,2007400,2,tobillo,midstance,0.2517,1.0221,-0.0870,-35.9497,-49.9878,-82.1533,t002,FIJTB
2529013231,2007416,2,tobillo,midstance,0.1918,1.0667,-0.1091,-36.6821,-53.8330,-86.3647,t002,FIJTB
2529013232,2007432,2,tobillo,midstance,0.2133,1.0605,-0.1855,-36.0718,-54.3213,-96.4966,t002,FIJTB
2529013282,2007448,2,tobillo,midstance,0.2354,1.0577,-0.2349,-36.0107,-53.5278,-103.0884,t002,FIJTB
2529013282,2007464,2,tobillo,midstance,0.3307,1.1019,-0.3115,-36.5601,-53.7109,-104.1870,t002,FIJTB
2529013282,2007480,2,tobillo,midstance,0.3625,1.1049,-0.3094,-36.6821,-57.5561,-102.4170,t002,FIJTB
2529013329,2007496,2,tobillo,midstance,0.3347,1.0635,-0.2957,-37.7808,-72.4487,-100.6470,t002,FIJTB
2529013329,2007512,2,tobillo,midstance,0.2373,0.9825,-0.3922,-45.7153,-78.7964,-94.2383,t002,FIJTB
2529013329,2007529,2,tobillo,terminal,0.4490,0.9291,-0.3685,-53.1006,-73.1201,-76.2329,t002,FIJTB
2529013384,2007545,2,tobillo,terminal,0.5803,0.9341,-0.4116,-33.6304,-66.7114,-73.1812,t002,FIJTB
2529013385,2007561,2,tobillo,terminal,0.4894,0.8732,-0.3745,-19.9585,-67.0776,-66.4673,t002,FIJTB
2529013386,2007577,2,tobillo,terminal,0.3687,0.7566,-0.3639,-4.4556,-78.3691,-22.0337,t002,FIJTB
2529013386,2007593,2,tobillo,terminal,0.2616,0.5565,-0.2094,-5.1270,-80.3833,1.3428,t002,FIJTB
2529013432,2007609,2,tobillo,terminal,0.3411,0.2904,-0.1200,-12.9395,-65.3076,1.8311,t002,FIJTB
2529013434,2007625,2,tobillo,terminal,0.1055,0.4602,0.1775,-21.0571,-51.5137,41.9922,t002,FIJTB
2529013435,2007641,2,tobillo,terminal,-0.7310,0.6232,0.3115,-11.1694,-51.5747,113.1592,t002,FIJTB
2529013486,2007657,2,tobillo,terminal,-0.2904,0.2991,0.3247,30.8838,-7.2632,160.9497,t002,FIJTB
2529013486,2007673,2,tobillo,terminal,-0.0157,0.3730,0.2267,37.2314,26.6113,143.9819,t002,FIJTB
2529013487,2007689,2,tobillo,terminal,-0.2192,0.5499,0.2499,33.3862,18.1274,170.9595,t002,FIJTB
2529013532,2007704,2,tobillo,terminal,-0.2861,0.5475,0.3572,33.9966,1.5869,171.1426,t002,FIJTB
2529013535,2007720,2,tobillo,terminal,0.1085,0.8152,0.2632,32.9590,6.8970,156.9214,t002,FIJTB
2529013535,2007736,2,tobillo,terminal,0.1650,1.0815,0.1169,33.3862,21.1792,175.9033,t002,FIJTB
2529013585,2007752,2,tobillo,terminal,0.1156,1.1025,0.1442,48.0957,7.6904,186.5845,t002,FIJTB
2529013586,2007767,2,tobillo,terminal,0.2537,1.1497,0.1102,53.0395,-2.6245,179.3213,t002,FIJTB
2529013586,2007783,2,tobillo,terminal,0.2288,1.1901,0.0659,52.8564,-15.6250,171.7529,t002,FIJTB
2529013623,2007799,2,tobillo,terminal,0.2222,1.3251,0.0221,50.4150,-15.3809,169.0674,t002,FIJTB
2529013633,2007815,2,tobillo,terminal,0.2488,1.3942,-0.0082,45.7764,0.1831,169.6777,t002,FIJTB
2529013635,2007831,2,tobillo,terminal,0.2006,1.3761,-0.0110,39.2456,27.3437,173.8891,t002,FIJTB
2529013685,2007847,2,tobillo,terminal,0.1899,1.3329,-0.0471,35.4614,39.6729,169.6777,t002,FIJTB
2529013686,2007862,2,tobillo,terminal,0.1467,1.3119,-0.0656,28.1372,55.6641,163.5132,t002,FIJTB
2529013686,2007878,2,tobillo,terminal,0.0354,1.2321,-0.0507,24.2310,59.9976,159.7290,t002,FIJTB
2529013687,2007894,2,tobillo,terminal,-0.0328,1.1614,-0.0461,17.2119,60.3638,146.4233,t002,FIJTB
2529013733,2007910,2,tobillo,terminal,-0.0630,1.1567,-0.0610,10.8032,49.5605,133.1177,t002,FIJTB
2529013735,2007926,2,tobillo,terminal,-0.0311,1.1694,-0.1096,-0.7935,42.2974,123.2300,t002,FIJTB
2529013736,2007941,2,tobillo,terminal,-0.0608,1.1656,-0.0725,-12.2070,29.3579,109.3750,t002,FIJTB
2529013785,2007957,2,tobillo,terminal,-0.0352,1.2118,-0.0594,-5.7373,25.6348,109.7412,t002,FIJTB
2529013786,2007973,2,tobillo,terminal,-0.0602,1.2010,-0.0576,6.4697,26.2451,108.2764,t002,FIJTB
2529013787,2007989,2,tobillo,terminal,-0.1125,1.1398,-0.0121,14.0381,43.7622,111.3281,t002,FIJTB
2529013833,2008005,2,tobillo,terminal,-0.2213,1.0175,0.0988,16.9678,52.1851,112.1216,t002,FIJTB
2529013834,2008021,2,tobillo,terminal,-0.2531,1.0129,0.0870,20.2026,60.2417,111.5723,t002,FIJTB
2529013835,2008037,2,tobillo,terminal,-0.2334,1.0764,-0.0016,20.9351,64.9414,111.6943,t002,FIJTB
2529013886,2008052,2,tobillo,terminal,-0.2245,1.0398,0.0154,23.6206,77.2705,110.7178,t002,FIJTB
2529013887,2008068,2,tobillo,terminal,-0.1986,1.0200,0.0212,25.9399,78.4912,104.1870,t002,FIJTB
2529013887,2008084,2,tobillo,terminal,-0.1575,1.0090,0.0042,26.7944,73.6084,101.8677,t002,FIJTB
2529013933,2008100,2,tobillo,terminal,-0.1709,0.9858,0.0007,26.7334,66.3452,93.8721,t002,FIJTB
2529013935,2008116,2,tobillo,terminal,-0.1881,0.9270,-0.0253,21.1792,72.0215,75.0732,t002,FIJTB
2529013936,2008132,2,tobillo,terminal,-0.1384,0.9246,-0.0825,16.1133,78.1250,64.9414,t002,FIJTB
2529013986,2008148,2,tobillo,terminal,-0.1024,0.9176,-0.1039,8.1787,85.3882,47.7295,t002,FIJTB
2529013986,2008165,2,tobillo,terminal,-0.0991,0.8795,-0.1017,5.0049,85.1440,41.0156,t002,FIJTB
2529013987,2008180,2,tobillo,terminal,-0.1418,0.8427,-0.0588,-4.0283,86.3647,27.2827,t002,FIJTB
2529014033,2008196,2,tobillo,terminal,-0.1486,0.8263,-0.0549,-14.9536,96.8018,12.1460,t002,FIJTB
2529014035,2008213,2,tobillo,terminal,-0.1029,0.8311,-0.0702,-20.0195,101.6235,5.0049,t002,FIJTB
2529014037,2008229,2,tobillo,terminal,-0.0587,0.8647,-0.0978,-26.9165,100.2197,-10.8643,t002,FIJTB
2529014037,2008245,2,tobillo,terminal,-0.0833,0.8883,-0.1399,-34.0576,88.5620,-25.8789,t002,FIJTB
2529014087,2008261,2,tobillo,terminal,-0.1600,0.9668,-0.1606,-39.5508,81.5430,-34.2407,t002,FIJTB
2529014088,2008277,2,tobillo,terminal,-0.2284,0.8984,-0.1486,-38.7573,63.2935,-39.8560,t002,FIJTB
2529014088,2008293,2,tobillo,terminal,-0.7684,0.9200,0.2664,-38.0249,57.2510,-28.8696,t002,FIJTB
2529014136,2008309,2,tobillo,terminal,-0.7664,0.9869,0.4341,-26.4282,47.9126,-28.4424,t002,FIJTB
2529014136,2008325,2,tobillo,terminal,-0.4979,0.9524,0.3884,-33.5693,48.0347,-93.6279,t002,FIJTB
2529014137,2008341,2,tobillo,terminal,-0.0640,1.0951,0.1337,-46.3867,48.8281,-96.4966,t002,FIJTB
2529014186,2008357,2,tobillo,terminal,-0.2552,1.0094,0.2144,-62.9272,43.3350,-51.0864,t002,FIJTB
2529014186,2008373,2,tobillo,terminal,-0.3346,0.9805,0.2571,-59.6313,25.8789,-52.9785,t002,FIJTB
2529014187,2008389,2,tobillo,terminal,-0.2054,0.9413,0.1824,-56.0913,19.3481,-56.7017,t002,FIJTB
2529014233,2008405,2,tobillo,swing,-0.1443,0.9290,0.1633,-49.0112,5.2490,-51.5747,t002,FIJTB
2529014234,2008421,2,tobillo,swing,-0.3374,0.9033,0.1096,-45.8374,-5.6152,-48.3398,t002,FIJTB
2529014234,2008437,2,tobillo,swing,-0.3887,0.9303,-0.0172,-47.1802,-18.6768,-35.6445,t002,FIJTB
2529014288,2008453,2,tobillo,swing,-0.2922,0.9576,-0.0248,-36.8652,-19.4702,-38.2080,t002,FIJTB
2529014289,2008469,2,tobillo,swing,-0.1606,1.0192,-0.0288,-29.6020,-16.5405,-42.4805,t002,FIJTB
2529014289,2008486,2,tobillo,swing,-0.1577,1.0087,0.0834,-20.6299,-1.6479,-39.7949,t002,FIJTB
2529014336,2008502,2,tobillo,swing,-0.2102,0.9894,0.0743,-19.3481,10.6201,-35.2173,t002,FIJTB
2529014339,2008518,2,tobillo,swing,-0.2418,0.9481,0.1003,-18.1274,13.8550,-35.4614,t002,FIJTB
2529014339,2008534,2,tobillo,swing,-0.1868,0.9436,0.1307,-11.6577,19.4702,-38.8794,t002,FIJTB
2529014371,2008550,2,tobillo,swing,-0.2041,0.9070,0.1167,-9.3994,20.1416,-32.2876,t002,FIJTB
2529014389,2008566,2,tobillo,swing,-0.1295,0.9847,0.0781,-14.3433,21.6064,-19.1040,t002,FIJTB
2529014390,2008581,2,tobillo,swing,-0.0349,1.0096,0.0891,-13.7939,27.8931,-17.1509,t002,FIJTB
2529014390,2008597,2,tobillo,swing,-0.0045,0.9819,0.1332,-12.8174,25.9399,-10.9253,t002,FIJTB
2529014435,2008613,2,tobillo,swing,-0.0890,0.9669,0.1542,-20.0195,12.4512,2.1362,t002,FIJTB
2529014437,2008629,2,tobillo,swing,-0.2036,0.9465,0.0967,-19.1040,0.9155,8.4839,t002,FIJTB
2529014438,2008645,2,tobillo,swing,-0.1992,0.9215,0.0269,-17.7002,-0.6104,8.3008,t002,FIJTB
2529014488,2008661,2,tobillo,swing,-0.2313,0.9335,0.0098,-22.1558,2.4414,16.1743,t002,FIJTB
2529014488,2008677,2,tobillo,swing,-0.2837,0.9636,0.0461,-24.8413,5.5542,15.6250,t002,FIJTB
2529014489,2008693,2,tobillo,swing,-0.2462,0.9084,-0.0009,-14.8315,7.2632,10.8032,t002,FIJTB
2529014536,2008709,2,tobillo,swing,-0.2172,0.9565,-0.0201,-16.2354,7.5073,14.5874,t002,FIJTB
2529014537,2008725,2,tobillo,swing,-0.2955,0.9574,0.0076,-18.9819,9.5215,14.0381,t002,FIJTB
2529014537,2008740,2,tobillo,swing,-0.2876,0.9677,0.0232,-17.4561,14.7705,6.0425,t002,FIJTB
2529014587,2008756,2,tobillo,swing,-0.1945,0.9734,0.0526,-13.1226,16.0522,3.3569,t002,FIJTB
2529014587,2008772,2,tobillo,swing,-0.1707,0.9601,0.0464,-4.4556,15.4419,5.4932,t002,FIJTB
2529014587,2008788,2,tobillo,swing,-0.2455,0.9441,0.0297,-7.2021,10.0098,10.6812,t002,FIJTB
2529014633,2008804,2,tobillo,swing,-0.2932,0.9481,0.0260,-9.9487,8.4229,9.7046,t002,FIJTB
2529014635,2008819,2,tobillo,swing,-0.2443,0.9658,0.0181,-8.5449,6.6528,10.0098,t002,FIJTB
2529014635,2008835,2,tobillo,swing,-0.2177,0.9830,0.0281,-8.4229,4.9438,11.2305,t002,FIJTB
2529014685,2008851,2,tobillo,swing,-0.3159,0.9303,0.0261,-11.9019,2.7466,9.3384,t002,FIJTB
2529014686,2008867,2,tobillo,swing,-0.3323,0.9178,0.0248,-13.1226,2.9297,5.1270,t002,FIJTB
2529014686,2008883,2,tobillo,swing,-0.3677,0.8978,0.0205,-13.3057,2.2583,2.8076,t002,FIJTB
2529014731,2008899,2,tobillo,swing,-0.3667,0.8864,0.0144,-14.2212,1.5259,-3.9062,t002,FIJTB
2529014734,2008915,2,tobillo,swing,-0.2747,0.9606,0.0085,-15.6860,2.5635,-6.8359,t002,FIJTB
2529014734,2008930,2,tobillo,swing,-0.3524,0.9087,0.0002,-16.2964,-0.1831,-6.0425,t002,FIJTB
2529014783,2008946,2,tobillo,swing,-0.4523,0.8866,-0.0027,-17.1509,-15.8691,-8.3618,t002,FIJTB
2529014784,2008963,2,tobillo,swing,-0.2679,1.0348,-0.0433,-18.7378,-21.6675,-17.3950,t002,FIJTB
2529014785,2008979,2,tobillo,swing,0.0422,1.0038,0.0205,-5.3101,-21.1792,-29.6020,t002,FIJTB
2529014829,2008994,2,tobillo,swing,-0.1730,0.9175,-0.0115,-1.7700,-32.4707,-14.5264,t002,FIJTB
2529014832,2009010,2,tobillo,swing,-0.2150,0.9575,0.0002,-3.0518,-30.5786,-15.6250,t002,FIJTB
2529014833,2009026,2,tobillo,swing,-0.1604,0.9657,-0.0094,-3.0518,-24.1089,-13.5498,t002,FIJTB
2529014835,2009042,2,tobillo,swing,-0.2009,0.9568,-0.0439,-2.2583,-24.9023,-10.3760,t002,FIJTB
2529014883,2009059,2,tobillo,swing,-0.1957,0.9697,-0.0400,-0.6714,-24.9634,-8.6060,t002,FIJTB
2529014884,2009075,2,tobillo,swing,-0.1741,0.9731,-0.0350,1.7090,-26.7334,-3.5400,t002,FIJTB
2529014884,2009091,2,tobillo,swing,-0.1621,0.9707,-0.0259,4.1504,-27.4048,-1.2207,t002,FIJTB
2529014930,2009107,2,tobillo,swing,-0.1868,0.9661,0.0042,6.3477,-21.5454,2.1973,t002,FIJTB
2529014932,2009123,2,tobillo,swing,-0.2004,0.9633,-0.0026,7.3242,-12.8174,4.8218,t002,FIJTB
2529014933,2009139,2,tobillo,swing,-0.1683,0.9640,-0.0339,8.5449,-11.0474,3.6621,t002,FIJTB
2529014982,2009155,2,tobillo,swing,-0.1549,0.9551,-0.0389,9.4604,-9.2773,-1.1597,t002,FIJTB
2529014983,2009171,2,tobillo,swing,-0.2189,0.9359,-0.0193,10.4980,-7.5073,2.3193,t002,FIJTB
2529014983,2009187,2,tobillo,swing,-0.1576,0.9845,-0.0171,11.4746,-4.8828,6.8970,t002,FIJTB
2529015028,2009203,2,tobillo,swing,-0.2095,0.9542,-0.0126,7.0190,-7.3242,3.4790,t002,FIJTB
2529015031,2009219,2,tobillo,swing,-0.2861,0.9468,-0.0087,6.7749,-6.8359,3.8452,t002,FIJTB
2529015031,2009235,2,tobillo,swing,-0.2102,0.9706,-0.0103,7.1411,-2.8076,0.3052,t002,FIJTB
2529015081,2009251,2,tobillo,swing,-0.2007,0.9583,-0.0051,3.1738,-2.3804,-1.2817,t002,FIJTB
2529015081,2009267,2,tobillo,swing,-0.2532,0.9430,0.0084,3.9062,-3.0518,0.4272,t002,FIJTB
2529015081,2009283,2,tobillo,swing,-0.2415,0.9600,0.0042,7.2021,-2.7466,-1.5259,t002,FIJTB
2529015128,2009299,2,tobillo,swing,-0.2168,0.9604,0.0060,8.5449,-2.9907,-2.4414,t002,FIJTB
2529015129,2009315,2,tobillo,swing,-0.2295,0.9491,0.0067,10.8643,-3.9062,-2.8076,t002,FIJTB
2529015129,2009331,2,tobillo,swing,-0.2351,0.9504,0.0059,9.9487,-3.7842,-4.6997,t002,FIJTB
2529015178,2009347,2,tobillo,swing,-0.2238,0.9569,0.0182,8.9722,-3.9673,-5.7983,t002,FIJTB
2529015179,2009363,2,tobillo,swing,-0.2106,0.9645,0.0219,11.4136,-6.1035,-6.7749,t002,FIJTB
2529015179,2009379,2,tobillo,swing,-0.2075,0.9489,0.0127,13.3667,-7.3853,-7.0801,t002,FIJTB
2529015226,2009395,2,tobillo,swing,-0.2059,0.9395,0.0060,12.7563,-7.0190,-5.5542,t002,FIJTB
2529015227,2009411,2,tobillo,swing,-0.2074,0.9430,0.0122,11.1084,-5.4321,-2.0142,t002,FIJTB
2529015227,2009427,2,tobillo,swing,-0.2112,0.9536,0.0187,10.3760,-4.5166,-0.8545,t002,FIJTB
2529015277,2009443,2,tobillo,swing,-0.2159,0.9601,0.0183,9.3994,-2.9297,-0.3662,t002,FIJTB
2529015277,2009459,2,tobillo,swing,-0.2134,0.9640,0.0151,7.2021,-3.1738,-1.2207,t002,FIJTB
2529015277,2009475,2,tobillo,swing,-0.2056,0.9464,0.0394,6.5308,-2.3804,-2.0752,t002,FIJTB
2529015322,2009491,2,tobillo,swing,-0.2086,0.9504,0.0360,6.2866,-0.4883,-0.6104,t002,FIJTB
2529015323,2009507,2,tobillo,swing,-0.1907,0.9702,0.0355,4.5776,-1.3428,-1.8921,t002,FIJTB
2529015325,2009523,2,tobillo,swing,-0.2162,0.9519,0.0496,4.2725,-2.0752,-1.2817,t002,FIJTB
2529015374,2009539,2,tobillo,swing,-0.2008,0.9626,0.0559,3.2349,-1.4648,-2.3804,t002,FIJTB
2529015375,2009556,2,tobillo,swing,-0.1653,0.9568,0.0692,2.6245,-1.7090,-2.3804,t002,FIJTB
2529015376,2009572,2,tobillo,swing,-0.1528,0.9561,0.0759,-2.8076,-4.6387,1.0986,t002,FIJTB
2529015422,2009588,2,tobillo,swing,-0.1476,0.9622,0.0831,-10.4370,-6.7749,2.7466,t002,FIJTB
2529015422,2009604,2,tobillo,swing,-0.2350,0.9535,0.1069,-13.6719,-6.7139,3.6621,t002,FIJTB
2529015422,2009620,2,tobillo,swing,-0.2560,0.9431,0.0444,-20.5688,0.9155,0.5493,t002,FIJTB
2529015472,2009636,2,tobillo,swing,-0.1984,0.9537,-0.0098,-22.0337,10.8032,1.0986,t002,FIJTB
2529015473,2009652,2,tobillo,swing,-0.1759,0.9814,-0.0385,-18.1885,8.5449,4.8218,t002,FIJTB
2529015474,2009668,2,tobillo,swing,-0.2373,0.9712,-0.0580,-2.4414,12.3291,2.8076,t002,FIJTB
2529015489,2009684,2,tobillo,swing,-0.2345,0.8966,-0.0796,2.3804,13.7939,-1.2817,t002,FIJTB
2529015518,2009700,2,tobillo,swing,-0.1866,0.9449,-0.0647,5.6152,10.4980,0.3052,t002,FIJTB
2529015521,2009715,2,tobillo,swing,-0.2028,0.9644,-0.0232,12.4512,7.8735,8.2397,t002,FIJTB
2529015570,2009731,2,tobillo,swing,-0.1985,1.0126,0.0414,15.1978,7.5684,7.8735,t002,FIJTB
2529015571,2009747,2,tobillo,swing,-0.1609,1.0155,0.0599,23.9258,1.4038,6.3477,t002,FIJTB
2529015571,2009763,2,tobillo,swing,-0.2102,0.9559,0.0499,27.5879,-3.1128,7.2021,t002,FIJTB
2529015572,2009779,2,tobillo,swing,-0.2712,0.9594,0.0383,27.7100,-9.9487,6.4087,t002,FIJTB
2529015616,2009795,2,tobillo,swing,-0.2504,0.9634,0.0212,27.7710,-16.0522,2.2583,t002,FIJTB
2529015619,2009811,2,tobillo,swing,-0.2341,0.9420,0.0128,29.9683,-19.1650,1.2817,t002,FIJTB
2529015619,2009827,2,tobillo,swing,-0.2192,0.9780,0.0433,34.8511,-20.1416,-1.0376,t002,FIJTB
2529015666,2009843,2,tobillo,swing,-0.2369,0.9810,0.0542,38.6353,-17.8833,-1.6479,t002,FIJTB
2529015667,2009859,2,tobillo,swing,-0.2051,1.0321,0.1003,39.7339,-19.7754,-2.1362,t002,FIJTB
2529015668,2009875,2,tobillo,swing,-0.2306,1.0067,0.0999,42.5415,-31.6772,-4.2114,t002,FIJTB
2529015712,2009891,2,tobillo,swing,-0.3318,1.0039,0.1499,39.8560,-39.2456,-0.4272,t002,FIJTB
2529015713,2009907,2,tobillo,swing,-0.1879,1.0052,0.1700,26.3672,-45.8984,-6.2256,t002,FIJTB
2529015715,2009923,2,tobillo,swing,-0.0903,1.0527,0.1527,20.8130,-53.2837,-17.5171,t002,FIJTB
2529015762,2009939,2,tobillo,swing,-0.0858,1.0134,0.1863,20.2026,-61.8896,-19.5923,t002,FIJTB
2529015762,2009955,2,tobillo,swing,-0.0479,1.0399,0.2080,14.8315,-97.7783,-34.1187,t002,FIJTB
2529015763,2009971,2,tobillo,swing,-0.0239,1.0155,0.2201,16.2354,-159.9121,-50.4150,t002,FIJTB
2529015806,2009987,2,tobillo,swing,-0.1064,1.0525,0.3488,31.9214,-204.6509,-49.9268,t002,FIJTB
2529015808,2010003,2,tobillo,swing,-0.2001,1.0757,0.3899,55.3589,-263.9771,-44.3115,t002,FIJTB
2529015811,2010019,2,tobillo,swing,-0.6213,1.0997,0.4545,60.3027,-265.6250,-38.0249,t002,FIJTB
2529015858,2010035,2,tobillo,swing,-0.6290,0.7203,0.5524,63.1714,-212.8296,-36.8042,t002,FIJTB
2529015859,2010051,2,tobillo,swing,-0.5590,0.6876,0.4963,47.9736,-135.2539,-43.0298,t002,FIJTB
2529015859,2010067,2,tobillo,swing,-0.6132,0.7067,0.4056,39.2456,-100.6470,-31.6772,t002,FIJTB
2529015902,2010083,2,tobillo,swing,-0.6068,0.7205,0.3988,25.0854,-40.2222,-20.0195,t002,FIJTB
2529015905,2010099,2,tobillo,swing,-0.4313,0.8346,0.2980,3.1738,-0.5493,-29.0527,t002,FIJTB
2529015936,2010115,2,tobillo,swing,-0.2803,0.8201,0.2501,-17.1509,13.1836,-30.6396,t002,FIJTB
2529015953,2010131,2,tobillo,swing,-0.2888,0.8239,0.3018,-3.9062,27.7100,-2.1362,t002,FIJTB
2529015954,2010147,2,tobillo,swing,-0.1061,1.0405,0.2643,11.7798,32.7759,20.4468,t002,FIJTB
2529015954,2010163,2,tobillo,swing,-0.1896,0.8638,0.2617,18.1885,40.2222,37.3535,t002,FIJTB
2529016000,2010179,2,tobillo,swing,-0.2451,0.8303,0.2225,22.5220,30.7617,42.7856,t002,FIJTB
2529016002,2010195,2,tobillo,swing,-0.2225,0.8646,0.1613,22.2778,28.0151,43.7012,t002,FIJTB
2529016003,2010210,2,tobillo,swing,-0.1769,0.9375,0.1172,35.3394,19.2871,50.9644,t002,FIJTB
2529016052,2010226,2,tobillo,swing,-0.1125,1.0094,-0.0087,40.1611,13.4277,51.8188,t002,FIJTB
2529016052,2010242,2,tobillo,swing,-0.0859,1.0197,0.0312,38.4521,8.6670,54.1992,t002,FIJTB
2529016052,2010258,2,tobillo,swing,-0.0394,1.0328,0.0619,38.0859,11.9629,59.5093,t002,FIJTB
2529016097,2010274,2,tobillo,swing,-0.1298,0.9502,0.0559,36.2549,13.0615,61.9507,t002,FIJTB
2529016098,2010289,2,tobillo,swing,-0.1852,0.9170,0.0494,24.7192,17.8833,58.4717,t002,FIJTB
2529016098,2010305,2,tobillo,swing,-0.0909,0.9242,0.0970,19.4092,20.7520,51.9409,t002,FIJTB
2529016146,2010321,2,tobillo,swing,-0.0012,0.9232,0.1674,16.7236,18.0054,39.8560,t002,FIJTB
2529016147,2010337,2,tobillo,swing,-0.0623,0.9070,0.1738,17.5171,11.1694,34.2407,t002,FIJTB
2529016147,2010353,2,tobillo,swing,-0.1693,0.9778,0.1617,16.6626,12.0850,32.1045,t002,FIJTB
2529016191,2010368,2,tobillo,swing,-0.1063,1.0532,0.1681,22.8271,13.2446,18.9209,t002,FIJTB
2529016192,2010384,2,tobillo,swing,-0.0360,0.9678,0.1462,29.1138,4.3335,10.0708,t002,FIJTB
2529016193,2010400,2,tobillo,swing,-0.1000,0.8582,0.1412,32.8979,-35.9497,0.6104,t002,FIJTB
2529016240,2010416,2,tobillo,swing,-0.1364,0.8868,0.1656,28.9307,-80.5664,-0.3052,t002,FIJTB
2529016241,2010432,2,tobillo,swing,-0.1600,0.9518,0.2153,29.8462,-96.4355,0.1831,t002,FIJTB
2529016241,2010448,2,tobillo,swing,-0.2273,0.9364,0.2058,38.5132,-120.7886,-1.0986,t002,FIJTB
2529016283,2010464,2,tobillo,swing,-0.2544,0.9138,0.1763,46.0205,-142.6392,-6.2866,t002,FIJTB
2529016286,2010480,2,tobillo,swing,-0.2292,0.9142,0.1112,47.3633,-152.4658,-10.4980,t002,FIJTB
2529016288,2010496,2,tobillo,swing,-0.2052,0.9130,0.1016,50.5981,-178.7720,-17.3340,t002,FIJTB
2529016333,2010512,2,tobillo,swing,-0.2280,0.8220,0.0608,52.6733,-196.5942,-19.5313,t002,FIJTB
2529016333,2010528,2,tobillo,swing,-0.2556,0.8708,0.0403,48.6450,-228.7598,-23.3154,t002,FIJTB
2529016358,2010544,2,tobillo,swing,-0.2079,0.8843,0.0507,50.9644,-246.0327,-28.5645,t002,FIJTB
2529016377,2010560,2,tobillo,swing,-0.1399,0.8502,0.0193,52.7344,-254.6387,-31.0669,t002,FIJTB
2529016379,2010576,2,tobillo,swing,-0.1366,0.8638,-0.0178,46.5698,-268.6768,-37.9028,t002,FIJTB
2529016426,2010592,2,tobillo,swing,-0.1184,0.9332,-0.0294,37.7808,-259.2773,-50.9033,t002,FIJTB
2529016426,2010609,2,tobillo,swing,-0.2012,1.0624,0.0939,37.2314,-245.9717,-55.9692,t002,FIJTB
2529016427,2010624,2,tobillo,swing,-0.1758,0.9546,0.1514,51.2085,-211.7920,-67.8101,t002,FIJTB
2529016471,2010640,2,tobillo,swing,-0.3362,0.8850,0.1185,57.1289,-205.8716,-72.5708,t002,FIJTB
2529016471,2010657,2,tobillo,swing,-0.6924,0.7999,0.0555,66.0400,-208.3740,-65.2466,t002,FIJTB
2529016472,2010673,2,tobillo,swing,-0.6794,0.8909,0.0215,98.5107,-180.1147,-79.5288,t002,FIJTB
2529016519,2010688,2,tobillo,swing,-1.0217,0.9054,-0.3916,88.3179,-136.9019,-68.1152,t002,FIJTB
2529016519,2010704,2,tobillo,swing,-1.2512,0.8802,-0.5359,-62.6221,3.4180,-25.9399,t002,FIJTB
2529016519,2010720,2,tobillo,swing,-0.4481,1.2483,0.2697,-106.8726,76.4160,-76.0498,t002,FIJTB
2529016561,2010736,2,tobillo,swing,0.3392,1.0166,0.2968,-46.9360,65.9790,-98.1445,t002,FIJTB
2529016563,2010752,2,tobillo,swing,0.1165,0.9087,-0.1091,-19.7144,20.9351,-46.1426,t002,FIJTB
2529016564,2010768,2,tobillo,swing,-0.2941,0.9023,-0.1486,-31.2500,9.5215,-19.3481,t002,FIJTB
2529016612,2010784,2,tobillo,swing,-0.0503,1.0648,0.1030,-26.0620,0.6104,-6.1646,t002,FIJTB
2529016612,2010800,2,tobillo,swing,-0.0868,1.0370,0.0697,-20.3857,-9.5215,1.7090,t002,FIJTB
2529016613,2010816,2,tobillo,swing,-0.2841,0.9476,0.0204,-22.8271,-7.9346,7.3853,t002,FIJTB
2529016656,2010832,2,tobillo,swing,-0.2239,0.9755,0.0719,-19.8364,-1.2207,3.7231,t002,FIJTB
2529016658,2010848,2,tobillo,swing,-0.1716,0.9299,0.1086,-17.7612,-5.1880,6.2866,t002,FIJTB
2529016658,2010864,2,tobillo,swing,-0.2400,1.0237,-0.0101,-22.6440,-20.0806,20.6909,t002,FIJTB
2529016706,2010880,2,tobillo,swing,-0.2385,1.0343,-0.0731,-19.9585,-22.6440,16.1743,t002,FIJTB
2529016707,2010896,2,tobillo,swing,-0.3120,0.9667,-0.0703,-13.8550,-23.9868,16.7236,t002,FIJTB
2529016707,2010912,2,tobillo,swing,-0.3276,0.9355,-0.0610,-1.3428,-28.5645,16.3574,t002,FIJTB
2529016750,2010929,2,tobillo,swing,-0.3085,0.9473,-0.0452,7.0190,-28.4424,10.8032,t002,FIJTB
2529016753,2010945,2,tobillo,swing,-0.2672,0.9830,0.0229,12.1460,-27.3437,8.0566,t002,FIJTB
2529016753,2010960,2,tobillo,swing,-0.2632,0.9543,0.0497,18.5547,-27.9541,5.3101,t002,FIJTB
2529016801,2010976,2,tobillo,swing,-0.2971,0.9172,0.0293,16.0522,-28.5645,4.6997,t002,FIJTB
2529016801,2010992,2,tobillo,swing,-0.3201,0.9125,0.0342,11.8408,-27.8320,5.3101,t002,FIJTB
2529016801,2011008,2,tobillo,swing,-0.3329,0.9099,0.0326,9.7656,-27.0386,7.3242,t002,FIJTB
2529016845,2011024,2,tobillo,swing,-0.3239,0.9357,-0.0084,8.1177,-27.3437,5.0049,t002,FIJTB
2529016848,2011040,2,tobillo,swing,-0.3273,0.9250,-0.0339,9.0942,-28.0762,-1.8921,t002,FIJTB
2529016848,2011056,2,tobillo,swing,-0.3467,0.9188,-0.0250,12.5122,-27.5269,-3.1128,t002,FIJTB
2529016896,2011073,2,tobillo,swing,-0.3436,0.9299,0.0070,13.4888,-26.4282,-5.2490,t002,FIJTB
2529016896,2011088,2,tobillo,swing,-0.3411,0.9271,0.0085,13.2446,-24.2920,-10.9863,t002,FIJTB
2529016896,2011105,2,tobillo,swing,-0.3373,0.9348,0.0164,11.9629,-22.3389,-12.6343,t002,FIJTB
2529016940,2011120,2,tobillo,swing,-0.2944,0.9385,0.0266,12.9395,-16.7236,-13.6108,t002,FIJTB
2529016943,2011136,2,tobillo,swing,-0.2992,0.9235,0.0272,12.8174,-16.3574,-13.5498,t002,FIJTB
2529016944,2011152,2,tobillo,swing,-0.3151,0.9203,0.0211,9.7046,-17.1509,-15.6250,t002,FIJTB
2529016990,2011168,2,tobillo,swing,-0.2832,0.9337,0.0220,6.4087,-19.0430,-19.5923,t002,FIJTB
2529016991,2011184,2,tobillo,swing,-0.2552,0.9413,0.0210,8.8501,-19.7754,-17.8223,t002,FIJTB
2529017000,2011200,2,tobillo,swing,-0.2275,0.9573,0.0214,10.8032,-19.8975,-16.1743,t002,FIJTB
2529017034,2011216,2,tobillo,swing,-0.2361,0.9601,0.0289,17.0288,-19.7144,-12.0850,t002,FIJTB
2529017036,2011232,2,tobillo,swing,-0.2759,0.9448,0.0226,18.3716,-19.1650,-12.1460,t002,FIJTB
2529017078,2011248,2,tobillo,swing,-0.2876,0.9346,0.0229,16.9678,-16.7847,-12.3291,t002,FIJTB
2529017085,2011264,2,tobillo,swing,-0.2692,0.9373,0.0276,16.7236,-15.0146,-8.6060,t002,FIJTB
2529017086,2011280,2,tobillo,swing,-0.2479,0.9603,0.0519,17.2729,-15.7471,-7.6904,t002,FIJTB
2529017130,2011296,2,tobillo,swing,-0.2661,0.9556,0.0542,18.6157,-17.2119,-8.9722,t002,FIJTB
2529017131,2011312,2,tobillo,swing,-0.2816,0.9628,0.0575,18.7378,-15.9302,-12.5122,t002,FIJTB
2529017133,2011328,2,tobillo,swing,-0.2767,0.9634,0.0624,18.0054,-14.9536,-14.4043,t002,FIJTB
2529017163,2011344,2,tobillo,swing,-0.2574,0.9729,0.0688,17.8833,-14.5874,-18.3716,t002,FIJTB
2529017181,2011360,2,tobillo,swing,-0.2399,0.9508,0.0852,18.7378,-15.6250,-20.6909,t002,FIJTB
2529017182,2011376,2,tobillo,swing,-0.2677,0.9335,0.0961,17.2729,-18.3105,-22.0947,t002,FIJTB
2529017225,2011392,2,tobillo,swing,-0.2705,0.9385,0.0868,11.1694,-20.7520,-25.6348,t002,FIJTB
2529017226,2011408,2,tobillo,swing,-0.2373,0.9471,0.0735,9.2163,-20.4468,-28.3203,t002,FIJTB
2529017229,2011424,2,tobillo,swing,-0.2275,0.9454,0.0692,8.0566,-18.8599,-30.0293,t002,FIJTB
2529017245,2011440,2,tobillo,swing,-0.2146,0.9711,0.0806,7.8735,-19.1040,-31.3110,t002,FIJTB
2529017276,2011456,2,tobillo,swing,-0.2007,0.9895,0.0736,8.1787,-20.6909,-32.4707,t002,FIJTB
2529017277,2011472,2,tobillo,swing,-0.1821,1.0020,0.0745,8.2397,-26.4893,-30.5176,t002,FIJTB
2529017321,2011488,2,tobillo,swing,-0.1307,1.0676,0.1073,10.6812,-30.0903,-28.6865,t002,FIJTB
2529017323,2011504,2,tobillo,swing,-0.1656,1.0200,0.0937,6.1646,-38.9404,-22.7661,t002,FIJTB
2529017323,2011520,2,tobillo,swing,-0.1508,0.9094,0.1188,-15.7471,-52.0019,-22.7051,t002,FIJTB
2529017371,2011536,2,tobillo,swing,-0.1790,1.0135,0.0396,-18.6157,-62.4390,-21.1792,t002,FIJTB
2529017372,2011552,2,tobillo,swing,-0.2067,1.0134,0.0111,-42.4805,-83.7402,-18.0054,t002,FIJTB
2529017372,2011568,2,tobillo,swing,-0.2448,0.9913,-0.2318,-44.9219,-106.9946,-25.1465,t002,FIJTB
2529017416,2011584,2,tobillo,swing,-0.5172,1.1539,-0.2897,17.7612,-256.6528,-21.9116,t002,FIJTB
2529017417,2011600,2,tobillo,swing,-0.5931,1.1471,-0.3853,123.8403,-431.5796,-5.9204,t002,FIJTB
2529017418,2011616,2,tobillo,swing,-0.5840,0.9615,-0.3583,151.1841,-489.3188,-19.8364,t002,FIJTB
2529017466,2011632,2,tobillo,swing,-0.7474,0.7064,0.0413,157.5317,-535.2173,-34.6069,t002,FIJTB
2529017466,2011648,2,tobillo,swing,-0.7671,0.6403,0.1704,136.5967,-506.3476,-32.8369,t002,FIJTB
2529017467,2011664,2,tobillo,swing,-0.9508,0.6406,0.3087,117.3096,-466.4306,-34.3018,t002,FIJTB
2529017511,2011680,2,tobillo,swing,-1.0267,0.5776,0.4144,65.4297,-355.2856,-56.6406,t002,FIJTB
2529017511,2011696,2,tobillo,swing,-0.9004,0.6155,0.4379,32.2876,-298.8281,-71.5942,t002,FIJTB
2529017514,2011712,2,tobillo,swing,0.0635,1.2205,0.3145,-4.8828,-190.7348,-56.7017,t002,FIJTB
2529017561,2011728,2,tobillo,swing,0.4834,1.1936,0.2542,17.2119,-106.1401,10.9863,t002,FIJTB
2529017561,2011744,2,tobillo,swing,-0.6350,0.6669,0.4771,9.5215,-82.2754,69.1528,t002,FIJTB
2529017562,2011760,2,tobillo,swing,-0.8083,0.8108,0.5226,-34.4849,-7.3853,88.0127,t002,FIJTB
2529017607,2011776,2,tobillo,swing,-0.3539,0.9711,0.3804,-40.7104,81.4819,29.7852,t002,FIJTB
2529017608,2011792,2,tobillo,swing,-0.1171,1.0750,0.1840,-32.2266,103.9429,30.0903,t002,FIJTB
2529017608,2011808,2,tobillo,swing,-0.2853,0.9867,0.2069,-6.8359,107.1167,39.0625,t002,FIJTB
2529017657,2011824,2,tobillo,swing,-0.3925,0.8551,0.2292,1.7700,100.2197,27.4658,t002,FIJTB
2529017658,2011840,2,tobillo,swing,-0.0114,1.0208,0.1530,4.1504,83.8623,18.6157,t002,FIJTB
2529017658,2011855,2,tobillo,swing,0.0985,1.0740,0.1373,13.2446,52.3682,39.3066,t002,FIJTB
2529017705,2011871,2,tobillo,swing,-0.0863,0.9683,0.1661,20.5078,24.6582,48.2788,t002,FIJTB
2529017706,2011887,2,tobillo,swing,-0.1807,0.9189,0.1611,24.4751,-32.2266,47.5464,t002,FIJTB
2529017708,2011903,2,tobillo,swing,-0.1100,0.9475,0.1245,24.0478,-51.4526,46.6309,t002,FIJTB
2529017757,2011919,2,tobillo,swing,-0.1327,0.9529,0.1466,26.8555,-77.2095,55.5420,t002,FIJTB
2529017757,2011934,2,tobillo,swing,-0.2318,0.9279,0.1985,30.9448,-92.5903,61.7676,t002,FIJTB
2529017758,2011950,2,tobillo,swing,-0.2657,0.9128,0.2234,32.1045,-94.1772,57.5561,t002,FIJTB
2529017758,2011966,2,tobillo,swing,-0.2051,0.9172,0.1853,30.2124,-93.2617,46.3867,t002,FIJTB
2529017804,2011982,2,tobillo,swing,-0.1669,0.9049,0.1445,27.9541,-95.2759,42.6636,t002,FIJTB
2529017805,2011998,2,tobillo,swing,-0.2156,0.8846,0.1489,22.5830,-104.2480,37.1094,t002,FIJTB
2529017805,2012014,2,tobillo,swing,-0.2136,0.8607,0.1411,21.3623,-113.6475,25.4517,t002,FIJTB
2529017854,2012029,2,tobillo,swing,-0.1770,0.8550,0.0822,20.9351,-119.0796,18.0664,t002,FIJTB
2529017855,2012045,2,tobillo,swing,-0.1479,0.8575,0.0437,20.6299,-126.2817,12.8174,t002,FIJTB
2529017855,2012061,2,tobillo,swing,-0.1577,0.8645,0.0377,20.8740,-126.9531,13.8550,t002,FIJTB
2529017900,2012077,2,tobillo,swing,-0.3374,0.9504,0.0977,18.9819,-120.8496,13.0615,t002,FIJTB
2529017901,2012093,2,tobillo,swing,-0.1184,0.8795,0.0626,12.3901,-67.3218,-18.3716,t002,FIJTB
2529017903,2012109,2,tobillo,swing,0.6533,0.9709,0.0054,-2.6855,-31.1279,-51.0864,t002,FIJTB
2529017951,2012125,2,tobillo,swing,-0.0477,1.2024,0.3275,-23.0713,9.3994,-65.5518,t002,FIJTB
2529017951,2012141,2,tobillo,swing,-0.7927,1.0715,0.3076,-6.3477,6.5308,-18.0054,t002,FIJTB
2529017951,2012157,2,tobillo,swing,-1.0070,0.7720,-0.0193,-14.7705,17.5171,-30.5786,t002,FIJTB
2529017996,2012173,2,tobillo,swing,-0.5769,0.8988,-0.1118,-49.0723,61.2183,-70.0073,t002,FIJTB
2529017998,2012189,2,tobillo,swing,-0.0116,1.1707,-0.0747,-53.2227,69.1528,-59.4482,t002,FIJTB
2529017999,2012205,2,tobillo,swing,-0.3060,0.9553,-0.1401,-31.5552,44.3726,-46.1426,t002,FIJTB
2529018047,2012221,2,tobillo,swing,-0.4457,0.8383,-0.1888,-25.5737,45.5933,-44.0674,t002,FIJTB
2529018048,2012237,2,tobillo,swing,-0.1793,0.8635,-0.2130,-27.7100,55.4199,-33.8135,t002,FIJTB
2529018048,2012253,2,tobillo,swing,-0.0525,1.0574,-0.0320,-29.8462,41.8701,-19.8364,t002,FIJTB
2529018095,2012269,2,tobillo,swing,-0.1760,1.0948,0.0740,-19.1650,21.3013,-19.7754,t002,FIJTB
2529018095,2012285,2,tobillo,swing,-0.0553,1.1656,0.0981,-15.5029,23.2544,-25.0854,t002,FIJTB
2529018096,2012301,2,tobillo,swing,-0.0201,1.0360,0.0879,-6.7749,22.8271,-18.9819,t002,FIJTB
2529018144,2012317,2,tobillo,swing,-0.2356,0.9127,0.0016,-12.2681,14.9536,-4.7607,t002,FIJTB
2529018145,2012333,2,tobillo,swing,-0.3171,0.9602,-0.0254,-19.1040,10.8643,1.1597,t002,FIJTB
2529018145,2012349,2,tobillo,swing,-0.2787,0.9775,-0.0485,-14.9536,18.0664,-8.4839,t002,FIJTB
2529018192,2012365,2,tobillo,swing,-0.2103,0.9786,-0.0610,-11.1694,17.3950,-9.3384,t002,FIJTB
2529018193,2012381,2,tobillo,swing,-0.2432,0.9583,-0.0532,-5.9204,5.2490,-4.8218,t002,FIJTB
2529018193,2012397,2,tobillo,swing,-0.2660,0.9575,-0.0547,-6.9580,-9.3384,-0.6714,t002,FIJTB
2529018242,2012414,2,tobillo,swing,-0.2440,0.9750,-0.0378,-5.5542,-12.5732,-0.6104,t002,FIJTB
2529018242,2012430,2,tobillo,swing,-0.2543,0.9633,-0.0360,2.9297,-10.2539,-1.5869,t002,FIJTB
2529018243,2012446,2,tobillo,swing,-0.3152,0.9386,-0.0461,4.6997,-7.1411,-0.9155,t002,FIJTB
2529018289,2012462,2,tobillo,swing,-0.3090,0.9352,-0.0331,5.0659,-1.7700,-2.8076,t002,FIJTB
2529018289,2012478,2,tobillo,swing,-0.2739,0.9453,-0.0348,6.6528,-1.7090,-4.5776,t002,FIJTB
2529018289,2012494,2,tobillo,swing,-0.2203,0.9510,-0.0232,9.1553,-3.4180,-4.1504,t002,FIJTB
2529018337,2012510,2,tobillo,swing,-0.2498,0.9462,-0.0098,10.2539,-6.3477,-1.0986,t002,FIJTB
2529018337,2012526,2,tobillo,swing,-0.2446,0.9515,-0.0094,5.8594,-6.2256,-0.9766,t002,FIJTB
2529018338,2012542,2,tobillo,swing,-0.2479,0.9458,-0.0148,5.6152,-5.9204,-0.9766,t002,FIJTB
2529018383,2012558,2,tobillo,swing,-0.2755,0.9380,-0.0170,6.2866,-4.0894,-1.2207,t002,FIJTB
2529018385,2012574,2,tobillo,swing,-0.2649,0.9385,-0.0076,5.0659,-2.8076,-2.5635,t002,FIJTB
2529018385,2012590,2,tobillo,swing,-0.1885,0.9578,0.0054,3.9062,-2.2583,-2.5635,t002,FIJTB
2529018434,2012606,2,tobillo,swing,-0.2097,0.9451,0.0084,5.7373,-6.7749,2.1973,t002,FIJTB
2529018434,2012622,2,tobillo,swing,-0.2667,0.9374,0.0082,5.2490,-9.7046,2.6855,t002,FIJTB
2529018435,2012638,2,tobillo,swing,-0.2626,0.9467,-0.0065,4.5166,-14.0381,0.1831,t002,FIJTB
2529018480,2012654,2,tobillo,swing,-0.2666,0.9473,-0.0101,5.4932,-18.1274,-1.9531,t002,FIJTB
2529018482,2012670,2,tobillo,swing,-0.2965,0.9380,-0.0073,6.0425,-19.2261,-3.7231,t002,FIJTB
2529018483,2012686,2,tobillo,swing,-0.3135,0.9384,-0.0074,6.5918,-18.9209,-7.7515,t002,FIJTB
2529018530,2012702,2,tobillo,swing,-0.3076,0.9548,-0.0084,6.6528,-18.3716,-10.5591,t002,FIJTB
2529018531,2012718,2,tobillo,swing,-0.3059,0.9589,-0.0408,8.6670,-18.2495,-16.2964,t002,FIJTB
2529018531,2012734,2,tobillo,swing,-0.3119,0.9434,-0.0326,9.5215,-19.7754,-23.3154,t002,FIJTB
2529018575,2012750,2,tobillo,swing,-0.2114,0.9968,-0.0294,10.3760,-20.8130,-25.9399,t002,FIJTB
2529018577,2012767,2,tobillo,swing,-0.1556,0.9977,-0.0199,15.0757,-27.3437,-26.0620,t002,FIJTB
2529018578,2012783,2,tobillo,swing,-0.1654,0.9933,0.0038,18.0664,-37.1704,-26.1230,t002,FIJTB
2529018626,2012799,2,tobillo,swing,-0.2700,0.9673,0.0199,17.8833,-38.6353,-27.5269,t002,FIJTB
2529018626,2012815,2,tobillo,swing,-0.3403,0.9426,0.0135,15.1367,-31.3721,-32.8369,t002,FIJTB
2529018627,2012830,2,tobillo,swing,-0.2782,0.9686,-0.0092,14.3433,-22.4609,-36.4380,t002,FIJTB
2529018671,2012846,2,tobillo,swing,-0.1465,1.0066,0.0077,18.4937,-3.7842,-40.0391,t002,FIJTB
2529018673,2012862,2,tobillo,swing,-0.1764,0.9738,0.0087,23.1323,-5.2490,-37.9639,t002,FIJTB
2529018674,2012878,2,tobillo,swing,-0.2360,0.9763,0.0184,22.0947,-7.1411,-39.1235,t002,FIJTB
2529018715,2012894,2,tobillo,swing,-0.1752,1.0110,0.0347,18.4326,-7.8125,-41.6260,t002,FIJTB
2529018723,2012910,2,tobillo,swing,-0.1489,1.0042,0.0427,16.8457,-10.3149,-47.1802,t002,FIJTB
2529018723,2012926,2,tobillo,swing,-0.1899,0.9686,0.0641,14.4653,-12.0850,-49.4385,t002,FIJTB
2529018768,2012942,2,tobillo,swing,-0.2039,0.9703,0.0709,7.0801,-11.5967,-53.7109,t002,FIJTB
2529018770,2012958,2,tobillo,swing,-0.1456,1.0278,0.0847,4.2725,-7.1411,-54.9316,t002,FIJTB
2529018770,2012974,2,tobillo,swing,-0.0706,1.0536,0.0540,4.8828,1.5869,-51.0864,t002,FIJTB
2529018811,2012990,2,tobillo,swing,-0.0499,1.0360,0.0220,5.5542,-4.7607,-46.4478,t002,FIJTB
2529018819,2013006,2,tobillo,swing,0.0206,0.9937,0.0466,5.6152,-10.8032,-44.0674,t002,FIJTB
2529018819,2013022,2,tobillo,swing,0.0477,0.9629,0.0348,9.3994,-24.3530,-35.5225,t002,FIJTB
2529018865,2013038,2,tobillo,swing,0.0197,0.9619,-0.1556,8.9722,-36.0718,-25.5127,t002,FIJTB
2529018866,2013053,2,tobillo,swing,-0.1044,0.9596,-0.1027,-2.5024,-48.9502,7.9956,t002,FIJTB
2529018866,2013069,2,tobillo,swing,-0.0072,0.9252,-0.0944,-0.9766,-50.1709,24.1089,t002,FIJTB
2529018915,2013086,2,tobillo,swing,0.0908,0.9257,-0.1689,2.7466,-60.3638,19.2261,t002,FIJTB
2529018916,2013101,2,tobillo,swing,-0.0148,0.9402,-0.1326,12.7563,-89.9658,21.1182,t002,FIJTB
2529018916,2013117,2,tobillo,swing,0.0142,0.9427,-0.1244,15.3198,-103.6377,24.6582,t002,FIJTB
2529018962,2013133,2,tobillo,swing,0.0674,0.9757,-0.0945,14.6484,-107.7881,24.9634,t002,FIJTB
2529018963,2013149,2,tobillo,swing,0.0419,0.9882,-0.0730,19.2871,-131.7749,31.6772,t002,FIJTB
2529018963,2013165,2,tobillo,swing,0.0465,1.0424,0.0624,25.7568,-146.6064,33.9966,t002,FIJTB
2529019013,2013181,2,tobillo,swing,0.0039,0.9399,0.0759,40.1001,-157.6538,29.4800,t002,FIJTB
2529019014,2013196,2,tobillo,swing,-0.1000,0.8845,0.0543,34.9731,-157.3486,19.2261,t002,FIJTB
2529019014,2013212,2,tobillo,swing,-0.0769,0.9611,0.0392,27.8320,-150.8789,11.5356,t002,FIJTB
2529019061,2013228,2,tobillo,swing,-0.0083,0.9940,0.0383,21.5454,-127.3193,2.9907,t002,FIJTB
2529019061,2013244,2,tobillo,swing,-0.0649,0.9260,0.0275,20.0195,-118.1641,0.9766,t002,FIJTB
2529019061,2013260,2,tobillo,swing,-0.1029,0.9226,0.0156,9.0942,-99.4873,-6.2256,t002,FIJTB
2529019112,2013276,2,tobillo,swing,-0.0922,0.9498,0.0392,0.9766,-74.7070,-12.5732,t002,FIJTB
2529019113,2013292,2,tobillo,swing,-0.0911,0.9551,0.0562,1.0376,-69.2749,-13.4888,t002,FIJTB
2529019113,2013308,2,tobillo,swing,-0.0695,0.9504,0.0179,0.7935,-70.4956,-16.3574,t002,FIJTB
2529019161,2013324,2,tobillo,swing,-0.0774,0.9763,-0.0212,0.1831,-72.3267,-17.9443,t002,FIJTB
2529019162,2013340,2,tobillo,swing,-0.1710,0.9521,0.0446,3.0518,-83.5571,-18.4326,t002,FIJTB
2529019163,2013355,2,tobillo,swing,-0.1741,0.9291,0.0562,6.2256,-97.9614,-27.7710,t002,FIJTB
2529019163,2013371,2,tobillo,swing,-0.1664,0.9303,0.0352,5.9204,-101.7456,-31.9214,t002,FIJTB
2529019212,2013387,2,tobillo,swing,-0.2080,0.8934,0.0957,5.4932,-103.8208,-33.0200,t002,FIJTB
2529019212,2013403,2,tobillo,swing,-0.2318,0.8612,0.1326,2.0752,-98.2056,-36.6211,t002,FIJTB
2529019212,2013419,2,tobillo,swing,-0.2961,0.8594,0.1729,-2.6245,-89.9658,-39.2456,t002,FIJTB
2529019258,2013435,2,tobillo,swing,-0.3368,0.8751,0.1818,-10.2539,-64.8804,-45.7764,t002,FIJTB
2529019260,2013451,2,tobillo,swing,-0.3293,0.8999,0.1166,-9.8877,-52.1851,-48.7671,t002,FIJTB
2529019261,2013467,2,tobillo,swing,-0.5869,1.0314,0.2985,1.4648,-30.1514,-30.8228,t002,FIJTB
2529019310,2013483,2,tobillo,swing,-0.8180,0.8735,0.4669,31.0059,-36.2549,9.5825,t002,FIJTB
2529019310,2013499,2,tobillo,swing,-0.3285,0.9009,0.0804,28.0762,-39.2456,3.3569,t002,FIJTB
2529019311,2013515,2,tobillo,swing,0.1381,1.0775,-0.0437,5.3711,-6.3477,-2.9297,t002,FIJTB
2529019357,2013530,2,tobillo,swing,0.4518,1.0898,0.1722,7.5684,2.3193,1.8921,t002,FIJTB
2529019359,2013546,2,tobillo,swing,0.0214,0.9742,0.3214,18.0664,-13.1226,2.4414,t002,FIJTB
2529019359,2013562,2,tobillo,swing,-0.1394,0.9547,0.2433,11.4136,-11.4136,14.8315,t002,FIJTB
2529019409,2013578,2,tobillo,swing,-0.1182,0.9570,0.0582,6.0425,0.6104,18.1885,t002,FIJTB
2529019409,2013594,2,tobillo,swing,-0.0925,0.9724,0.0144,4.0283,10.9253,18.3105,t002,FIJTB
2529019410,2013610,2,tobillo,swing,-0.0853,0.9788,0.0497,5.5542,5.3711,16.7236,t002,FIJTB
2529019456,2013626,2,tobillo,swing,-0.0487,0.9601,0.1521,4.3335,1.9531,16.5405,t002,FIJTB
2529019458,2013642,2,tobillo,swing,-0.0511,0.9666,0.1729,1.2207,-4.5166,18.7378,t002,FIJTB
2529019459,2013658,2,tobillo,swing,-0.0804,0.9833,0.1147,0.6104,-5.1880,19.2261,t002,FIJTB
2529019509,2013673,2,tobillo,swing,-0.1849,1.0225,0.0760,-1.1597,-3.6621,20.2026,t002,FIJTB
2529019510,2013689,2,tobillo,swing,-0.1882,1.0266,0.0732,0.1221,2.5024,13.4888,t002,FIJTB
2529019511,2013705,2,tobillo,swing,-0.1331,1.0043,0.0770,1.2207,5.9204,9.7656,t002,FIJTB
2529019543,2013721,2,tobillo,swing,-0.1317,1.0034,0.0718,1.2207,7.6904,6.8359,t002,FIJTB
2529019557,2013737,2,tobillo,swing,-0.1401,0.9980,0.0728,1.0986,6.4087,5.7373,t002,FIJTB
2529019560,2013753,2,tobillo,swing,-0.1156,0.9813,0.0917,0.5493,3.3569,3.1128,t002,FIJTB
2529019560,2013768,2,tobillo,swing,-0.1100,0.9741,0.0961,-1.2207,2.6855,2.5024,t002,FIJTB
2529019610,2013784,2,tobillo,swing,-0.1085,0.9690,0.0881,-1.8921,3.0518,2.4414,t002,FIJTB
2529019611,2013800,2,tobillo,swing,-0.1088,0.9698,0.0865,-2.3193,3.6621,2.5635,t002,FIJTB
2529019611,2013816,2,tobillo,swing,-0.1033,0.9706,0.0771,-2.2583,3.6621,2.6855,t002,FIJTB
2529019658,2013831,2,tobillo,swing,-0.1023,0.9668,0.0732,-1.4648,2.6855,3.3569,t002,FIJTB
2529019660,2013847,2,tobillo,swing,-0.1084,0.9680,0.0732,-0.4883,1.3428,4.4556,t002,FIJTB
2529019661,2013863,2,tobillo,swing,-0.1085,0.9702,0.0765,0.0000,1.1597,4.5166,t002,FIJTB
2529019711,2013879,2,tobillo,swing,-0.1082,0.9680,0.0781,0.7324,1.2207,4.6997,t002,FIJTB
2529019711,2013895,2,tobillo,swing,-0.1185,0.9686,0.0796,0.8545,0.9766,4.8218,t002,FIJTB
2529019712,2013911,2,tobillo,swing,-0.1285,0.9753,0.0806,0.7324,0.4272,4.0283,t002,FIJTB
2529019758,2013926,2,tobillo,swing,-0.1317,0.9747,0.0787,0.0610,0.3052,2.3804,t002,FIJTB
2529019760,2013942,2,tobillo,swing,-0.1302,0.9713,0.0745,-0.1831,0.3662,1.5259,t002,FIJTB
2529019761,2013958,2,tobillo,swing,-0.1282,0.9708,0.0702,0.1221,-0.3052,0.1221,t002,FIJTB
2529019813,2013973,2,tobillo,swing,-0.1146,0.9691,0.0717,0.6104,-0.8545,-0.3052,t002,FIJTB
2529019814,2013989,2,tobillo,swing,-0.1151,0.9668,0.0757,1.4038,-1.5869,-0.1831,t002,FIJTB
2529019814,2014005,2,tobillo,swing,-0.1161,0.9700,0.0774,1.5869,-1.4648,0.3052,t002,FIJTB
2529019815,2014021,2,tobillo,swing,-0.1174,0.9729,0.0780,1.9531,-1.5869,0.3052,t002,FIJTB
2529019863,2014037,2,tobillo,swing,-0.1172,0.9700,0.0790,2.0752,-1.9531,0.4272,t002,FIJTB
2529019865,2014053,2,tobillo,swing,-0.1140,0.9706,0.0771,1.8311,-1.8921,0.6714,t002,FIJTB
2529019866,2014069,2,tobillo,swing,-0.1217,0.9702,0.0746,1.8921,-2.3193,0.5493,t002,FIJTB
2529019918,2014085,2,tobillo,swing,-0.1281,0.9691,0.0773,2.0142,-2.4414,0.9766,t002,FIJTB
2529019919,2014101,2,tobillo,swing,-0.1315,0.9688,0.0797,1.7090,-1.8921,1.4038,t002,FIJTB
2529019919,2014116,2,tobillo,swing,-0.1294,0.9678,0.0820,0.6104,-1.0376,1.8311,t002,FIJTB
2529019942,2014132,2,tobillo,swing,-0.1149,0.9647,0.0896,0.1221,-0.8545,1.8311,t002,FIJTB
2529019967,2014148,2,tobillo,swing,-0.1237,0.9637,0.0864,-0.9766,-0.8545,2.3193,t002,FIJTB
2529019969,2014164,2,tobillo,swing,-0.1282,0.9663,0.0858,-1.7090,-0.4272,2.4414,t002,FIJTB
2529020021,2014180,2,tobillo,swing,-0.1266,0.9692,0.0782,-1.9531,-0.2441,2.3193,t002,FIJTB
2529020022,2014196,2,tobillo,swing,-0.1283,0.9685,0.0763,-2.1973,-0.4883,2.0752,t002,FIJTB
2529020022,2014212,2,tobillo,swing,-0.1287,0.9664,0.0781,-2.3193,-0.9155,1.8311,t002,FIJTB
2529020023,2014228,2,tobillo,swing,-0.1255,0.9664,0.0829,-2.4414,-1.1597,1.7090,t002,FIJTB
2529020072,2014244,2,tobillo,swing,-0.1295,0.9690,0.0817,-2.9907,-1.6479,1.5259,t002,FIJTB
2529020072,2014260,2,tobillo,swing,-0.1289,0.9683,0.0769,-3.0518,-1.7090,1.2817,t002,FIJTB
2529020073,2014276,2,tobillo,swing,-0.1230,0.9653,0.0724,-2.8687,-1.4038,0.7324,t002,FIJTB
2529020089,2014292,2,tobillo,swing,-0.1299,0.9669,0.0713,-2.5024,-1.0376,0.3662,t002,FIJTB
2529020136,2014308,2,tobillo,swing,-0.1328,0.9694,0.0652,-2.0752,-0.8545,-0.1221,t002,FIJTB
2529020136,2014323,2,tobillo,swing,-0.1266,0.9670,0.0662,-1.1597,-0.9766,-0.8545,t002,FIJTB
2529020136,2014340,2,tobillo,swing,-0.1207,0.9655,0.0758,-0.8545,-1.0986,-0.7935,t002,FIJTB
2529020147,2014356,2,tobillo,swing,-0.1232,0.9653,0.0773,-0.8545,-0.9766,-0.3662,t002,FIJTB
2529020196,2014372,2,tobillo,swing,-0.1229,0.9652,0.0751,-1.1597,-0.2441,-0.4883,t002,FIJTB
2529020196,2014388,2,tobillo,swing,-0.1217,0.9655,0.0753,-1.1597,0.1831,-0.4883,t002,FIJTB
2529020197,2014404,2,tobillo,swing,-0.1248,0.9666,0.0726,-0.7935,0.7324,-0.5493,t002,FIJTB
2529020211,2014420,2,tobillo,swing,-0.1252,0.9664,0.0715,-0.6714,0.8545,-0.3662,t002,FIJTB
2529020264,2014435,2,tobillo,swing,-0.1271,0.9690,0.0707,-0.6104,0.6714,-0.2441,t002,FIJTB
2529020265,2014451,2,tobillo,swing,-0.1294,0.9707,0.0725,-0.6104,0.1221,-0.4272,t002,FIJTB
2529020265,2014467,2,tobillo,swing,-0.1282,0.9689,0.0756,-0.8545,0.0000,-0.7935,t002,FIJTB
2529020275,2014483,2,tobillo,swing,-0.1213,0.9656,0.0735,-1.6479,0.2441,-0.9766,t002,FIJTB
2529020336,2014499,2,tobillo,swing,-0.1216,0.9645,0.0713,-1.5869,0.5493,-1.1597,t002,FIJTB
2529020338,2014515,2,tobillo,swing,-0.1245,0.9658,0.0725,-1.3428,0.7935,-1.3428,t002,FIJTB
2529020339,2014531,2,tobillo,swing,-0.1245,0.9680,0.0726,-0.9766,1.5869,-1.6479,t002,FIJTB
2529020339,2014547,2,tobillo,swing,-0.1248,0.9698,0.0702,-1.5869,2.1362,-1.3428,t002,FIJTB
2529020393,2014563,2,tobillo,swing,-0.1174,0.9662,0.0660,-1.6479,2.1973,-1.0986,t002,FIJTB
2529020393,2014579,2,tobillo,swing,-0.1136,0.9662,0.0656,-1.4648,2.1973,0.0610,t002,FIJTB
2529020393,2014595,2,tobillo,swing,-0.1194,0.9713,0.0642,-1.4648,2.1362,1.0376,t002,FIJTB
2529020442,2014611,2,tobillo,swing,-0.1230,0.9723,0.0656,-1.2817,1.7700,2.0142,t002,FIJTB
2529020443,2014627,2,tobillo,swing,-0.1195,0.9679,0.0656,-1.4648,1.7090,2.5635,t002,FIJTB
2529020443,2014643,2,tobillo,swing,-0.1151,0.9630,0.0659,-1.4648,1.8311,3.1128,t002,FIJTB
2529020495,2014658,2,tobillo,swing,-0.1198,0.9639,0.0665,-0.7935,2.4414,4.2114,t002,FIJTB
2529020495,2014674,2,tobillo,swing,-0.1309,0.9703,0.0660,-0.6104,2.8687,4.3335,t002,FIJTB
2529020496,2014690,2,tobillo,swing,-0.1321,0.9725,0.0699,-0.6104,3.5400,3.6011,t002,FIJTB
2529020533,2014706,2,tobillo,swing,-0.1277,0.9709,0.0718,-0.8545,3.6011,2.9907,t002,FIJTB
2529020546,2014722,2,tobillo,swing,-0.1252,0.9666,0.0697,-1.0376,3.3569,3.2349,t002,FIJTB
2529020547,2014739,2,tobillo,swing,-0.1300,0.9650,0.0658,-1.5259,2.9297,3.9062,t002,FIJTB
2529020548,2014754,2,tobillo,swing,-0.1278,0.9645,0.0615,-1.2817,2.9297,3.6621,t002,FIJTB
2529020600,2014770,2,tobillo,swing,-0.1345,0.9656,0.0649,-0.7324,2.8076,3.7231,t002,FIJTB
2529020600,2014786,2,tobillo,swing,-0.1387,0.9656,0.0675,-0.1221,2.9907,3.2349,t002,FIJTB
2529020601,2014802,2,tobillo,swing,-0.1317,0.9669,0.0659,-0.2441,3.2349,2.8687,t002,FIJTB
2529020649,2014818,2,tobillo,swing,-0.1300,0.9644,0.0591,-0.3052,2.9907,3.2349,t002,FIJTB
2529020649,2014834,2,tobillo,swing,-0.1326,0.9637,0.0596,0.6104,2.6855,3.7842,t002,FIJTB
2529020650,2014850,2,tobillo,swing,-0.1307,0.9620,0.0725,1.0986,2.6245,3.7231,t002,FIJTB
2529020657,2014866,2,tobillo,swing,-0.1320,0.9640,0.0751,0.6104,2.8076,4.4556,t002,FIJTB
2529020714,2014882,2,tobillo,swing,-0.1427,0.9692,0.0735,-0.3052,3.4180,5.1880,t002,FIJTB
2529020714,2014898,2,tobillo,swing,-0.1516,0.9697,0.0645,-0.8545,5.7373,4.4556,t002,FIJTB
2529020715,2014913,2,tobillo,swing,-0.1520,0.9666,0.0649,-0.2441,8.1177,2.3193,t002,FIJTB
2529020755,2014929,2,tobillo,swing,-0.1511,0.9729,0.0704,-0.1221,9.5825,1.4648,t002,FIJTB
2529020763,2014945,2,tobillo,swing,-0.1532,0.9789,0.0665,-0.1831,11.9629,-0.0610,t002,FIJTB
2529020763,2014961,2,tobillo,swing,-0.1492,0.9740,0.0598,0.1221,11.9019,-0.7935,t002,FIJTB
2529020769,2014977,2,tobillo,swing,-0.1459,0.9652,0.0662,0.1831,10.1318,-1.0376,t002,FIJTB
2529020822,2014993,2,tobillo,swing,-0.1461,0.9662,0.0684,-0.9766,8.2397,0.1221,t002,FIJTB
2529020823,2015009,2,tobillo,swing,-0.1375,0.9694,0.0662,-1.0376,7.9346,0.3052,t002,FIJTB
2529020823,2015025,2,tobillo,swing,-0.1345,0.9673,0.0540,-0.1831,7.9346,0.7935,t002,FIJTB
2529020875,2015041,2,tobillo,swing,-0.1263,0.9669,0.0529,0.1221,5.6152,1.8311,t002,FIJTB
2529020876,2015056,2,tobillo,swing,-0.1263,0.9641,0.0610,0.0610,3.2959,2.8687,t002,FIJTB
2529020877,2015072,2,tobillo,swing,-0.1274,0.9631,0.0647,-0.2441,-0.9766,5.7983,t002,FIJTB
2529020879,2015088,2,tobillo,swing,-0.1177,0.9576,0.0590,-0.6714,-2.9297,8.3618,t002,FIJTB
2529020935,2015104,2,tobillo,swing,-0.1553,0.9700,0.0702,-2.9907,-5.0659,13.7329,t002,FIJTB
2529020936,2015120,2,tobillo,swing,-0.1447,0.9729,0.0707,-0.7935,-0.4272,9.7046,t002,FIJTB
2529020936,2015136,2,tobillo,swing,-0.1237,0.9626,0.0597,-0.5493,-0.0610,11.8408,t002,FIJTB
2529020943,2015152,2,tobillo,swing,-0.1161,0.9634,0.0669,-1.2207,-1.3428,15.2588,t002,FIJTB
2529020991,2015168,2,tobillo,swing,-0.1525,0.9622,0.0732,-0.3662,-2.6245,13.8550,t002,FIJTB
2529020991,2015184,2,tobillo,swing,-0.1953,0.9640,0.0621,0.6714,-4.2725,11.3525,t002,FIJTB
2529020992,2015200,2,tobillo,swing,-0.1927,0.9646,0.0610,0.8545,-2.8687,8.8501,t002,FIJTB
2529021046,2015216,2,tobillo,swing,-0.1859,0.9618,0.0630,1.0986,-2.3193,8.1787,t002,FIJTB
2529021046,2015232,2,tobillo,swing,-0.1874,0.9615,0.0641,1.7700,-1.7090,7.5073,t002,FIJTB
2529021047,2015248,2,tobillo,swing,-0.1857,0.9620,0.0709,1.4648,-1.7700,7.2021,t002,FIJTB
2529021092,2015263,2,tobillo,swing,-0.1814,0.9629,0.0674,1.0376,-1.7700,6.8359,t002,FIJTB
2529021094,2015279,2,tobillo,swing,-0.1794,0.9625,0.0659,0.5493,-1.5869,6.3477,t002,FIJTB
2529021095,2015295,2,tobillo,swing,-0.1846,0.9594,0.0645,0.4883,-1.5259,6.2866,t002,FIJTB
2529021145,2015311,2,tobillo,swing,-0.1846,0.9591,0.0673,0.6714,-1.6479,6.0425,t002,FIJTB
2529021146,2015327,2,tobillo,swing,-0.1810,0.9594,0.0665,0.4272,-1.8311,5.6763,t002,FIJTB
2529021146,2015342,2,tobillo,swing,-0.1909,0.9587,0.0632,0.4272,-2.0142,5.8594,t002,FIJTB
2529021191,2015358,2,tobillo,swing,-0.1956,0.9595,0.0623,0.8545,-1.7700,5.1880,t002,FIJTB
2529021192,2015374,2,tobillo,swing,-0.1909,0.9600,0.0647,0.9766,-1.4038,4.3335,t002,FIJTB
2529021194,2015390,2,tobillo,swing,-0.1953,0.9587,0.0659,0.8545,-1.5869,3.3569,t002,FIJTB
2529021245,2015406,2,tobillo,swing,-0.1984,0.9585,0.0681,0.6104,-1.6479,2.2583,t002,FIJTB
2529021246,2015422,2,tobillo,swing,-0.1963,0.9569,0.0695,0.3052,-1.2207,1.4648,t002,FIJTB
2529021246,2015437,2,tobillo,swing,-0.1934,0.9583,0.0671,-0.3662,-0.3052,0.4883,t002,FIJTB
2529021247,2015453,2,tobillo,swing,-0.1849,0.9589,0.0641,-0.3662,0.2441,0.1831,t002,FIJTB
2529021292,2015469,2,tobillo,swing,-0.1934,0.9586,0.0669,-0.3052,0.6714,0.3052,t002,FIJTB
2529021293,2015485,2,tobillo,swing,-0.1949,0.9584,0.0680,-0.6714,-0.0610,-0.4883,t002,FIJTB
2529021293,2015501,2,tobillo,swing,-0.1899,0.9583,0.0652,-0.8545,-0.2441,-0.9155,t002,FIJTB
2529021349,2015517,2,tobillo,swing,-0.1890,0.9595,0.0635,-1.0376,-0.1221,-0.9766,t002,FIJTB
2529021350,2015533,2,tobillo,swing,-0.1895,0.9589,0.0629,-0.9155,0.1831,-0.9766,t002,FIJTB
2529021350,2015549,2,tobillo,swing,-0.1932,0.9579,0.0649,-0.9766,0.8545,-1.5869,t002,FIJTB
2529021397,2015565,2,tobillo,swing,-0.1931,0.9597,0.0641,-0.9155,1.4038,-2.7466,t002,FIJTB
2529021398,2015581,2,tobillo,swing,-0.1847,0.9589,0.0608,-0.7935,1.7700,-3.1128,t002,FIJTB
2529021398,2015597,2,tobillo,swing,-0.1871,0.9565,0.0684,-0.6104,2.0752,-2.6855,t002,FIJTB
2529021454,2015613,2,tobillo,swing,-0.1914,0.9569,0.0696,-1.0986,2.0142,-2.8687,t002,FIJTB
2529021454,2015629,2,tobillo,swing,-0.1927,0.9618,0.0630,-1.3428,2.1362,-3.3569,t002,FIJTB
2529021455,2015645,2,tobillo,swing,-0.1874,0.9626,0.0642,-0.9155,2.6245,-4.8828,t002,FIJTB
2529021455,2015661,2,tobillo,swing,-0.1851,0.9580,0.0668,-0.9766,2.8076,-5.0659,t002,FIJTB
2529021505,2015676,2,tobillo,swing,-0.1881,0.9562,0.0714,-2.0142,3.1128,-5.0049,t002,FIJTB
2529021505,2015692,2,tobillo,swing,-0.1855,0.9586,0.0667,-2.8076,4.2725,-6.4087,t002,FIJTB
2529021506,2015708,2,tobillo,swing,-0.1853,0.9631,0.0596,-2.9297,5.3101,-6.7749,t002,FIJTB
2529021554,2015724,2,tobillo,swing,-0.1864,0.9666,0.0594,-2.5635,7.0801,-7.9956,t002,FIJTB
2529021554,2015740,2,tobillo,swing,-0.1687,0.9614,0.0618,-2.1362,7.6904,-8.7891,t002,FIJTB
2529021555,2015756,2,tobillo,swing,-0.1611,0.9591,0.0621,-2.0752,7.0801,-7.9956,t002,FIJTB
2529021600,2015772,2,tobillo,swing,-0.1636,0.9628,0.0613,-2.3193,5.1880,-6.8970,t002,FIJTB
2529021600,2015788,2,tobillo,swing,-0.1710,0.9636,0.0585,-2.6855,5.2490,-6.4697,t002,FIJTB
2529021600,2015804,2,tobillo,swing,-0.1627,0.9655,0.0568,-3.1738,5.9204,-6.5308,t002,FIJTB
2529021611,2015820,2,tobillo,swing,-0.1556,0.9626,0.0573,-2.2583,5.7983,-6.1035,t002,FIJTB
2529021670,2015836,2,tobillo,swing,-0.1481,0.9601,0.0588,-1.9531,5.0659,-5.1880,t002,FIJTB
2529021671,2015852,2,tobillo,swing,-0.1514,0.9620,0.0627,-2.0752,3.6011,-2.6855,t002,FIJTB
2529021681,2015868,2,tobillo,swing,-0.1606,0.9650,0.0596,-2.3804,3.3569,-2.0752,t002,FIJTB
2529021720,2015884,2,tobillo,swing,-0.1593,0.9631,0.0527,-2.5024,3.5400,-2.3193,t002,FIJTB
2529021722,2015900,2,tobillo,swing,-0.1549,0.9652,0.0497,-2.6245,3.5400,-2.5024,t002,FIJTB
2529021723,2015915,2,tobillo,swing,-0.1492,0.9611,0.0518,-2.5635,3.1128,-1.9531,t002,FIJTB
2529021723,2015932,2,tobillo,swing,-0.1473,0.9646,0.0525,-2.8687,2.1362,-0.7324,t002,FIJTB
2529021771,2015947,2,tobillo,swing,-0.1537,0.9688,0.0562,-3.2349,1.9531,-0.3662,t002,FIJTB
2529021772,2015964,2,tobillo,swing,-0.1542,0.9668,0.0511,-3.1128,2.0752,0.0000,t002,FIJTB
2529021772,2015979,2,tobillo,swing,-0.1536,0.9664,0.0494,-2.6245,2.5635,0.7324,t002,FIJTB
2529021815,2015995,2,tobillo,swing,-0.1542,0.9664,0.0471,-2.4414,2.6855,1.0376,t002,FIJTB
2529021818,2016011,2,tobillo,swing,-0.1537,0.9659,0.0492,-2.3193,2.3804,1.5869,t002,FIJTB
2529021819,2016027,2,tobillo,swing,-0.1539,0.9640,0.0516,-2.2583,1.2207,2.2583,t002,FIJTB
2529021866,2016043,2,tobillo,swing,-0.1512,0.9634,0.0502,-2.1973,0.6104,3.0518,t002,FIJTB
2529021868,2016059,2,tobillo,swing,-0.1554,0.9636,0.0453,-2.1362,-0.7935,5.3711,t002,FIJTB
2529021868,2016076,2,tobillo,swing,-0.1593,0.9604,0.0405,-2.0142,-1.7700,6.4087,t002,FIJTB
2529021911,2016092,2,tobillo,swing,-0.1747,0.9670,0.0494,-1.8921,-3.0518,7.5073,t002,FIJTB
2529021913,2016108,2,tobillo,swing,-0.1630,0.9679,0.0502,-1.2817,0.1221,4.7607,t002,FIJTB
2529021915,2016123,2,tobillo,swing,-0.1675,0.9658,0.0464,-1.6479,0.5493,4.6387,t002,FIJTB
2529021961,2016139,2,tobillo,swing,-0.1719,0.9631,0.0433,-1.6479,0.4883,3.9673,t002,FIJTB
2529021962,2016155,2,tobillo,swing,-0.1725,0.9626,0.0430,-0.9766,-0.7935,3.7842,t002,FIJTB
2529021962,2016171,2,tobillo,swing,-0.1703,0.9640,0.0436,-0.8545,-1.5869,3.5400,t002,FIJTB
2529022006,2016187,2,tobillo,swing,-0.1694,0.9636,0.0410,-0.7935,-2.0752,3.4180,t002,FIJTB
2529022007,2016203,2,tobillo,swing,-0.1813,0.9655,0.0388,-0.7324,-1.8311,3.1738,t002,FIJTB
2529022055,2016219,2,tobillo,swing,-0.1776,0.9614,0.0414,-0.1831,-0.8545,1.5869,t002,FIJTB
2529022055,2016235,2,tobillo,swing,-0.1697,0.9609,0.0428,0.0610,-1.3428,1.1597,t002,FIJTB
2529022056,2016251,2,tobillo,swing,-0.1691,0.9628,0.0466,-0.1221,-1.8311,1.7700,t002,FIJTB
2529022090,2016266,2,tobillo,swing,-0.1747,0.9630,0.0444,-0.6104,-1.6479,2.3804,t002,FIJTB
2529022100,2016283,2,tobillo,swing,-0.1715,0.9615,0.0408,-0.6104,-1.1597,2.2583,t002,FIJTB
2529022102,2016299,2,tobillo,swing,-0.1667,0.9614,0.0466,-0.6714,-1.1597,3.1738,t002,FIJTB
2529022150,2016315,2,tobillo,swing,-0.1727,0.9626,0.0479,-1.2817,-1.9531,4.6387,t002,FIJTB
2529022150,2016331,2,tobillo,swing,-0.1770,0.9639,0.0437,-1.4038,-1.6479,4.4556,t002,FIJTB
2529022151,2016346,2,tobillo,swing,-0.1732,0.9637,0.0375,-1.6479,0.2441,3.9062,t002,FIJTB
2529022194,2016362,2,tobillo,swing,-0.1873,0.9618,0.0421,-1.0986,2.3193,2.9297,t002,FIJTB
2529022195,2016378,2,tobillo,swing,-0.2018,0.9613,0.0458,-1.4038,2.9297,1.5869,t002,FIJTB
2529022196,2016394,2,tobillo,swing,-0.2013,0.9615,0.0436,-2.1973,1.7090,-1.2817,t002,FIJTB
2529022246,2016410,2,tobillo,swing,-0.2018,0.9587,0.0476,-2.0752,1.0986,-2.3193,t002,FIJTB
2529022246,2016426,2,tobillo,swing,-0.1971,0.9606,0.0420,-2.3193,2.0752,-4.5166,t002,FIJTB
2529022246,2016442,2,tobillo,swing,-0.1954,0.9623,0.0417,-2.1973,3.4790,-7.4463,t002,FIJTB
2529022265,2016457,2,tobillo,swing,-0.1840,0.9612,0.0382,-1.3428,3.6621,-8.6670,t002,FIJTB
2529022291,2016473,2,tobillo,swing,-0.1783,0.9618,0.0339,-0.1221,3.1128,-9.3384,t002,FIJTB
2529022291,2016489,2,tobillo,swing,-0.1636,0.9628,0.0327,0.0000,2.5635,-9.5215,t002,FIJTB
2529022341,2016505,2,tobillo,swing,-0.1624,0.9655,0.0400,-0.1831,1.2817,-9.1553,t002,FIJTB
2529022342,2016521,2,tobillo,swing,-0.1637,0.9658,0.0421,-0.5493,1.3428,-9.2163,t002,FIJTB
2529022342,2016537,2,tobillo,swing,-0.1581,0.9659,0.0413,-0.3662,1.9531,-9.3384,t002,FIJTB
2529022344,2016553,2,tobillo,swing,-0.1523,0.9684,0.0367,0.3052,2.5635,-8.7280,t002,FIJTB
2529022386,2016569,2,tobillo,swing,-0.1514,0.9677,0.0303,0.7324,2.2583,-8.3008,t002,FIJTB
2529022387,2016584,2,tobillo,swing,-0.1573,0.9664,0.0391,0.9766,1.3428,-7.5073,t002,FIJTB
2529022421,2016600,2,tobillo,swing,-0.1575,0.9656,0.0421,0.8545,0.8545,-6.9580,t002,FIJTB
2529022439,2016616,2,tobillo,swing,-0.1296,0.9706,0.0402,0.8545,0.9155,-6.5918,t002,FIJTB
2529022439,2016632,2,tobillo,swing,-0.1315,0.9694,0.0369,0.0000,0.8545,-4.0894,t002,FIJTB
2529022440,2016648,2,tobillo,swing,-0.1404,0.9656,0.0364,0.0610,1.2817,-3.2349,t002,FIJTB
2529022487,2016664,2,tobillo,swing,-0.1309,0.9667,0.0403,0.7324,1.6479,-1.4038,t002,FIJTB
2529022488,2016679,2,tobillo,swing,-0.1327,0.9655,0.0417,0.7935,0.6714,1.7090,t002,FIJTB
2529022488,2016695,2,tobillo,swing,-0.1429,0.9653,0.0428,0.6714,0.3662,2.9297,t002,FIJTB
2529022538,2016711,2,tobillo,swing,-0.1466,0.9655,0.0419,0.6104,0.3052,4.6387,t002,FIJTB
2529022538,2016727,2,tobillo,swing,-0.1466,0.9663,0.0385,0.8545,0.0610,5.9204,t002,FIJTB
2529022539,2016743,2,tobillo,swing,-0.1436,0.9652,0.0375,0.6714,-0.9155,7.2632,t002,FIJTB
2529022586,2016759,2,tobillo,swing,-0.1508,0.9634,0.0369,-0.7324,-3.5400,9.9487,t002,FIJTB
2529022586,2016775,2,tobillo,swing,-0.1600,0.9664,0.0411,-1.1597,-2.7466,9.6436,t002,FIJTB
2529022586,2016790,2,tobillo,swing,-0.1613,0.9674,0.0371,-0.3052,0.3052,8.3618,t002,FIJTB
2529022638,2016806,2,tobillo,swing,-0.1611,0.9658,0.0363,0.4883,0.7324,7.7515,t002,FIJTB
2529022639,2016822,2,tobillo,swing,-0.1697,0.9640,0.0427,0.7324,0.3052,7.5684,t002,FIJTB
2529022639,2016837,2,tobillo,swing,-0.1722,0.9633,0.0443,0.6104,-0.1831,6.8359,t002,FIJTB
2529022645,2016853,2,tobillo,swing,-0.1724,0.9657,0.0388,0.2441,-0.6104,6.4087,t002,FIJTB
2529022660,2016869,2,tobillo,swing,-0.1742,0.9640,0.0442,0.0000,-0.9155,5.2490,t002,FIJTB
2529022676,2016885,2,tobillo,swing,-0.1770,0.9625,0.0465,0.0000,-0.7324,3.3569,t002,FIJTB
2529022692,2016901,2,tobillo,swing,-0.1840,0.9636,0.0422,-0.4272,-0.6714,2.4414,t002,FIJTB
2529022708,2016917,2,tobillo,swing,-0.1833,0.9646,0.0406,-0.9766,-0.0610,0.4272,t002,FIJTB
2529022724,2016933,2,tobillo,swing,-0.1801,0.9636,0.0406,-1.0376,0.2441,-0.3052,t002,FIJTB
2529022740,2016949,2,tobillo,swing,-0.1783,0.9620,0.0392,-1.1597,0.8545,-1.5259,t002,FIJTB
2529022756,2016965,2,tobillo,swing,-0.1769,0.9620,0.0405,-1.4648,1.2207,-2.8076,t002,FIJTB
2529022772,2016981,2,tobillo,swing,-0.1733,0.9629,0.0388,-1.4038,1.2817,-3.2959,t002,FIJTB
2529022788,2016997,2,tobillo,swing,-0.1742,0.9631,0.0374,-0.9155,1.1597,-3.6621,t002,FIJTB
2529022848,2017013,2,tobillo,swing,-0.1747,0.9611,0.0394,-0.6714,1.0986,-3.8452,t002,FIJTB
2529022849,2017029,2,tobillo,swing,-0.1682,0.9618,0.0437,-0.7935,1.1597,-3.9673,t002,FIJTB
2529022850,2017045,2,tobillo,swing,-0.1659,0.9640,0.0425,-1.1597,1.9531,-3.7842,t002,FIJTB
2529022852,2017061,2,tobillo,swing,-0.1693,0.9657,0.0387,-1.0376,2.5635,-3.8452,t002,FIJTB
2529022905,2017077,2,tobillo,swing,-0.1632,0.9646,0.0356,-0.1831,3.1128,-3.7231,t002,FIJTB
2529022905,2017093,2,tobillo,swing,-0.1572,0.9645,0.0342,0.1221,3.0518,-3.2959,t002,FIJTB
2529022906,2017109,2,tobillo,swing,-0.1550,0.9663,0.0363,0.0000,2.9907,-2.8076,t002,FIJTB
2529022953,2017124,2,tobillo,swing,-0.1569,0.9664,0.0396,-0.0610,2.8076,-1.6479,t002,FIJTB
2529022955,2017140,2,tobillo,swing,-0.1584,0.9648,0.0365,-0.0610,2.7466,-1.0376,t002,FIJTB
2529022956,2017156,2,tobillo,swing,-0.1561,0.9639,0.0350,-0.3052,2.0142,0.5493,t002,FIJTB
2529023006,2017172,2,tobillo,swing,-0.1548,0.9631,0.0326,-0.7935,0.2441,2.6855,t002,FIJTB
2529023007,2017188,2,tobillo,swing,-0.1538,0.9657,0.0293,-0.7935,0.0000,3.1738,t002,FIJTB
2529023008,2017204,2,tobillo,swing,-0.1481,0.9652,0.0280,0.0000,-0.3052,4.2114,t002,FIJTB
2529023055,2017219,2,tobillo,swing,-0.1605,0.9657,0.0411,0.9155,-0.3662,5.0049,t002,FIJTB
2529023056,2017235,2,tobillo,swing,-0.1766,0.9626,0.0453,1.5259,0.6714,5.3101,t002,FIJTB
2529023056,2017251,2,tobillo,swing,-0.1731,0.9656,0.0406,0.6104,0.8545,4.0894,t002,FIJTB
2529023108,2017267,2,tobillo,swing,-0.1652,0.9637,0.0333,0.6104,0.6714,4.0283,t002,FIJTB
2529023108,2017283,2,tobillo,swing,-0.1771,0.9609,0.0348,1.0376,0.0000,4.5166,t002,FIJTB
2529023109,2017299,2,tobillo,swing,-0.1841,0.9606,0.0393,0.9155,-0.2441,4.0894,t002,FIJTB
2529023109,2017315,2,tobillo,swing,-0.1783,0.9630,0.0411,0.1831,-0.7935,3.1128,t002,FIJTB
2529023156,2017330,2,tobillo,swing,-0.1785,0.9642,0.0404,0.2441,-0.7935,2.0142,t002,FIJTB
2529023158,2017346,2,tobillo,swing,-0.1830,0.9636,0.0397,0.4272,-0.4883,1.1597,t002,FIJTB
2529023159,2017362,2,tobillo,swing,-0.1781,0.9625,0.0410,0.3662,0.2441,-0.2441,t002,FIJTB
2529023210,2017378,2,tobillo,swing,-0.1786,0.9633,0.0402,-0.3052,0.5493,-0.8545,t002,FIJTB
2529023210,2017394,2,tobillo,swing,-0.1827,0.9633,0.0393,-0.3052,0.5493,-1.3428,t002,FIJTB
2529023210,2017411,2,tobillo,swing,-0.1816,0.9636,0.0392,-0.3052,0.4883,-2.6855,t002,FIJTB
2529023257,2017427,2,tobillo,swing,-0.1792,0.9639,0.0374,-0.3662,0.3662,-3.1738,t002,FIJTB
2529023259,2017443,2,tobillo,swing,-0.1704,0.9640,0.0386,-0.5493,-0.0610,-3.7842,t002,FIJTB
2529023259,2017459,2,tobillo,swing,-0.1649,0.9633,0.0410,-0.7324,-0.2441,-3.5400,t002,FIJTB
2529023310,2017475,2,tobillo,swing,-0.1615,0.9648,0.0382,-0.9155,0.1221,-3.0518,t002,FIJTB
2529023310,2017491,2,tobillo,swing,-0.1661,0.9640,0.0321,-0.6104,1.4038,-2.2583,t002,FIJTB
2529023311,2017507,2,tobillo,swing,-0.1649,0.9642,0.0348,-0.2441,2.3193,-2.3193,t002,FIJTB
2529023358,2017523,2,tobillo,swing,-0.1635,0.9633,0.0387,-0.1221,2.4414,-2.1362,t002,FIJTB
2529023358,2017539,2,tobillo,swing,-0.1599,0.9639,0.0397,-0.1831,1.9531,-1.0376,t002,FIJTB
2529023360,2017555,2,tobillo,swing,-0.1554,0.9636,0.0359,-0.7935,0.6714,0.4272,t002,FIJTB
2529023362,2017570,2,tobillo,swing,-0.1702,0.9656,0.0355,-1.1597,-0.9766,2.5635,t002,FIJTB
2529023415,2017586,2,tobillo,swing,-0.1718,0.9651,0.0374,0.0610,0.6104,1.6479,t002,FIJTB
2529023415,2017602,2,tobillo,swing,-0.1720,0.9650,0.0352,0.3662,0.9155,1.3428,t002,FIJTB
2529023416,2017618,2,tobillo,swing,-0.1715,0.9640,0.0328,0.7324,0.6104,1.2207,t002,FIJTB
2529023466,2017634,2,tobillo,swing,-0.1708,0.9642,0.0342,0.8545,0.3662,1.2207,t002,FIJTB
2529023467,2017649,2,tobillo,swing,-0.1688,0.9635,0.0382,1.1597,0.0000,1.4648,t002,FIJTB
2529023467,2017665,2,tobillo,swing,-0.1691,0.9634,0.0389,0.9155,-0.1831,1.7700,t002,FIJTB
2529023519,2017681,2,tobillo,swing,-0.1740,0.9633,0.0383,0.9155,-0.3052,1.7090,t002,FIJTB
2529023520,2017697,2,tobillo,swing,-0.1735,0.9630,0.0375,0.9766,-0.4272,1.3428,t002,FIJTB
2529023520,2017713,2,tobillo,swing,-0.1725,0.9624,0.0358,0.9766,-0.5493,1.1597,t002,FIJTB
2529023520,2017729,2,tobillo,swing,-0.1697,0.9623,0.0380,0.9155,-1.0376,1.2207,t002,FIJTB
2529023568,2017745,2,tobillo,swing,-0.1731,0.9637,0.0393,0.4883,-1.7090,1.7090,t002,FIJTB
2529023570,2017760,2,tobillo,swing,-0.1747,0.9636,0.0369,0.3662,-1.4648,1.5259,t002,FIJTB
2529023570,2017776,2,tobillo,swing,-0.1768,0.9626,0.0388,0.5493,-1.2207,0.8545,t002,FIJTB
2529023622,2017792,2,tobillo,swing,-0.1758,0.9639,0.0415,0.0610,-2.1362,0.1831,t002,FIJTB
2529023622,2017808,2,tobillo,swing,-0.1743,0.9642,0.0399,-0.3662,-2.0142,-0.1221,t002,FIJTB
2529023623,2017824,2,tobillo,swing,-0.1742,0.9645,0.0370,-0.7935,-1.2817,-0.7935,t002,FIJTB
2529023670,2017840,2,tobillo,swing,-0.1794,0.9656,0.0345,-0.7324,-0.7935,-1.2207,t002,FIJTB
2529023671,2017856,2,tobillo,swing,-0.1726,0.9641,0.0406,-0.4883,0.2441,-2.6245,t002,FIJTB
2529023671,2017872,2,tobillo,swing,-0.1705,0.9639,0.0409,-0.8545,0.3052,-3.1128,t002,FIJTB
2529023725,2017888,2,tobillo,swing,-0.1724,0.9639,0.0376,-0.8545,0.4272,-3.2349,t002,FIJTB
2529023726,2017904,2,tobillo,swing,-0.1716,0.9639,0.0356,-0.4883,0.7935,-3.5400,t002,FIJTB
2529023727,2017920,2,tobillo,swing,-0.1687,0.9628,0.0377,-0.3662,0.8545,-3.4180,t002,FIJTB
2529023727,2017936,2,tobillo,swing,-0.1646,0.9629,0.0374,-0.0610,0.7935,-2.9907,t002,FIJTB
2529023775,2017952,2,tobillo,swing,-0.1676,0.9620,0.0378,0.1831,0.4272,-2.1362,t002,FIJTB
2529023775,2017968,2,tobillo,swing,-0.1636,0.9662,0.0372,0.3662,0.4272,-1.7700,t002,FIJTB
2529023775,2017984,2,tobillo,swing,-0.1630,0.9651,0.0370,0.1831,0.4272,-1.2817,t002,FIJTB
2529023791,2018000,2,tobillo,swing,-0.1633,0.9647,0.0359,0.2441,0.3662,-0.7324,t002,FIJTB
2529023807,2018015,2,tobillo,swing,-0.1648,0.9647,0.0365,0.3662,0.3662,-0.4272,t002,FIJTB
2529023822,2018031,2,tobillo,swing,-0.1647,0.9644,0.0370,0.4272,0.0000,0.0610,t002,FIJTB
2529023838,2018047,2,tobillo,swing,-0.1667,0.9656,0.0367,0.4272,-0.1221,0.2441,t002,FIJTB
2529023854,2018063,2,tobillo,swing,-0.1648,0.9655,0.0391,0.6104,0.0000,0.1831,t002,FIJTB
2529023870,2018079,2,tobillo,swing,-0.1646,0.9645,0.0365,0.4883,0.0610,0.3052,t002,FIJTB
2529023885,2018094,2,tobillo,swing,-0.1661,0.9633,0.0348,0.3662,-0.0610,0.4272,t002,FIJTB
2529023901,2018110,2,tobillo,swing,-0.1671,0.9642,0.0359,0.1831,-0.1831,0.7324,t002,FIJTB
2529023917,2018126,2,tobillo,swing,-0.1667,0.9639,0.0389,0.1221,-0.1831,0.7935,t002,FIJTB
2529023978,2018142,2,tobillo,swing,-0.1671,0.9639,0.0382,-0.1831,-0.4272,0.7935,t002,FIJTB
2529023978,2018158,2,tobillo,swing,-0.1669,0.9642,0.0372,-0.4272,-0.9155,0.7935,t002,FIJTB
2529023979,2018173,2,tobillo,swing,-0.1687,0.9637,0.0337,-0.6714,-1.2207,0.9155,t002,FIJTB
2529023981,2018189,2,tobillo,swing,-0.1703,0.9636,0.0343,-0.8545,-1.2817,0.7935,t002,FIJTB
2529024029,2018205,2,tobillo,swing,-0.1691,0.9636,0.0355,-0.7935,-1.0376,0.4883,t002,FIJTB
2529024030,2018221,2,tobillo,swing,-0.1681,0.9647,0.0369,-0.7324,-0.9155,0.1221,t002,FIJTB
2529024030,2018237,2,tobillo,swing,-0.1650,0.9635,0.0377,-1.7700,-2.0752,0.6714,t002,FIJTB
2529024080,2018253,2,tobillo,swing,-0.1713,0.9639,0.0341,-2.2583,-2.4414,0.9766,t002,FIJTB
2529024080,2018269,2,tobillo,swing,-0.1733,0.9641,0.0330,-1.2207,-0.5493,-0.1831,t002,FIJTB
2529024081,2018285,2,tobillo,swing,-0.1713,0.9647,0.0328,-0.4272,0.1831,-1.2207,t002,FIJTB
2529024128,2018301,2,tobillo,swing,-0.1676,0.9639,0.0348,-0.3052,0.0000,-1.3428,t002,FIJTB
2529024129,2018317,2,tobillo,swing,-0.1680,0.9639,0.0361,-0.1221,-0.0610,-1.4648,t002,FIJTB
2529024130,2018333,2,tobillo,swing,-0.1680,0.9659,0.0336,0.1221,0.2441,-1.5259,t002,FIJTB
2529024181,2018349,2,tobillo,swing,-0.1659,0.9642,0.0316,0.4883,1.1597,-1.8921,t002,FIJTB
2529024182,2018365,2,tobillo,swing,-0.1641,0.9636,0.0321,0.6104,1.0376,-1.7700,t002,FIJTB
2529024182,2018381,2,tobillo,swing,-0.1632,0.9642,0.0339,0.6104,0.7935,-1.3428,t002,FIJTB
2529024229,2018396,2,tobillo,swing,-0.1641,0.9650,0.0342,0.6104,0.4883,-0.7324,t002,FIJTB
2529024231,2018412,2,tobillo,swing,-0.1653,0.9645,0.0352,0.7324,0.6104,-0.7324,t002,FIJTB
2529024231,2018428,2,tobillo,swing,-0.1637,0.9642,0.0361,0.8545,0.8545,-0.7324,t002,FIJTB
2529024239,2018444,2,tobillo,swing,-0.1633,0.9650,0.0359,0.7935,0.6714,-0.2441,t002,FIJTB
2529024283,2018460,2,tobillo,swing,-0.1674,0.9652,0.0339,0.7935,0.5493,0.0000,t002,FIJTB
2529024284,2018476,2,tobillo,swing,-0.1672,0.9650,0.0339,0.8545,0.4883,-0.0610,t002,FIJTB
2529024284,2018492,2,tobillo,swing,-0.1644,0.9651,0.0372,0.9155,0.3662,-0.0610,t002,FIJTB
2529024330,2018507,2,tobillo,swing,-0.1644,0.9630,0.0374,0.6714,0.0000,0.1221,t002,FIJTB
2529024333,2018523,2,tobillo,swing,-0.1643,0.9631,0.0378,0.3662,-0.3052,0.1831,t002,FIJTB
2529024334,2018539,2,tobillo,swing,-0.1680,0.9640,0.0356,0.2441,-0.4272,0.1831,t002,FIJTB
2529024385,2018555,2,tobillo,swing,-0.1676,0.9647,0.0349,-0.0610,-0.1831,-0.1221,t002,FIJTB
2529024385,2018571,2,tobillo,swing,-0.1637,0.9637,0.0337,-0.1831,0.1221,-0.3052,t002,FIJTB
2529024385,2018587,2,tobillo,swing,-0.1638,0.9636,0.0338,-0.1831,0.4272,-0.3662,t002,FIJTB
2529024432,2018603,2,tobillo,swing,-0.1658,0.9641,0.0337,-0.1831,0.3052,-0.1831,t002,FIJTB
2529024433,2018619,2,tobillo,swing,-0.1649,0.9653,0.0369,-0.1831,0.1831,-0.1831,t002,FIJTB
2529024434,2018635,2,tobillo,swing,-0.1638,0.9640,0.0360,-0.2441,0.0000,0.0000,t002,FIJTB
2529024486,2018650,2,tobillo,swing,-0.1650,0.9647,0.0356,-0.4272,0.3662,0.1221,t002,FIJTB
2529024487,2018666,2,tobillo,swing,-0.1647,0.9650,0.0342,-0.4272,0.4883,0.1221,t002,FIJTB
2529024487,2018682,2,tobillo,swing,-0.1652,0.9645,0.0333,-0.3052,0.3052,0.1221,t002,FIJTB
2529024510,2018698,2,tobillo,swing,-0.1648,0.9647,0.0347,-0.1831,0.0610,0.0610,t002,FIJTB
2529024535,2018714,2,tobillo,swing,-0.1639,0.9657,0.0364,-0.2441,-0.3052,-0.0610,t002,FIJTB
2529024535,2018730,2,tobillo,swing,-0.1656,0.9661,0.0354,-0.3662,-0.0610,0.0610,t002,FIJTB
2529024538,2018746,2,tobillo,swing,-0.1661,0.9645,0.0317,-0.3052,0.1831,-0.1221,t002,FIJTB
2529024591,2018761,2,tobillo,swing,-0.1648,0.9648,0.0315,-0.1831,0.3052,-0.3052,t002,FIJTB
2529024592,2018778,2,tobillo,swing,-0.1649,0.9646,0.0323,-0.0610,0.0610,-0.3052,t002,FIJTB
2529024592,2018793,2,tobillo,swing,-0.1663,0.9652,0.0349,0.0000,-0.6714,-0.2441,t002,FIJTB
2529024641,2018809,2,tobillo,swing,-0.1650,0.9652,0.0354,-0.1831,-0.5493,-0.4272,t002,FIJTB
2529024641,2018825,2,tobillo,swing,-0.1638,0.9645,0.0344,-0.2441,-0.3052,-0.5493,t002,FIJTB
2529024641,2018841,2,tobillo,swing,-0.1641,0.9645,0.0334,-0.1831,0.0000,-0.4883,t002,FIJTB
2529024696,2018857,2,tobillo,swing,-0.1658,0.9646,0.0336,-0.1221,-0.2441,-0.4883,t002,FIJTB
2529024697,2018873,2,tobillo,swing,-0.1660,0.9642,0.0338,-0.1831,-0.4272,-0.5493,t002,FIJTB
2529024697,2018889,2,tobillo,swing,-0.1648,0.9651,0.0352,-0.3052,-0.3052,-0.9155,t002,FIJTB
2529024697,2018905,2,tobillo,swing,-0.1635,0.9652,0.0338,-0.3052,-0.1831,-0.9155,t002,FIJTB
2529024746,2018921,2,tobillo,swing,-0.1647,0.9641,0.0332,-0.3662,-0.1221,-0.8545,t002,FIJTB
2529024747,2018937,2,tobillo,swing,-0.1641,0.9640,0.0321,-0.3662,-0.3052,-0.9766,t002,FIJTB
2529024747,2018954,2,tobillo,swing,-0.1628,0.9634,0.0328,-0.3052,-0.3662,-0.9766,t002,FIJTB
2529024803,2018970,2,tobillo,swing,-0.1635,0.9636,0.0338,-0.2441,-0.2441,-1.0376,t002,FIJTB
2529024803,2018986,2,tobillo,swing,-0.1628,0.9644,0.0330,-0.1221,-0.3662,-1.2207,t002,FIJTB
2529024804,2019002,2,tobillo,swing,-0.1620,0.9644,0.0322,-0.3052,-0.3662,-1.0376,t002,FIJTB
2529024838,2019018,2,tobillo,swing,-0.1620,0.9642,0.0342,-0.7935,-0.2441,-0.7324,t002,FIJTB
2529024856,2019034,2,tobillo,swing,-0.1614,0.9659,0.0309,-0.9155,-0.1831,-0.6714,t002,FIJTB
2529024856,2019050,2,tobillo,swing,-0.1606,0.9651,0.0297,-0.7324,-0.1831,-0.4272,t002,FIJTB
2529024858,2019066,2,tobillo,swing,-0.1608,0.9655,0.0303,-0.4272,-0.3052,0.0000,t002,FIJTB
2529024913,2019082,2,tobillo,swing,-0.1603,0.9652,0.0326,-0.4272,-0.4272,0.1221,t002,FIJTB
2529024914,2019098,2,tobillo,swing,-0.1603,0.9650,0.0322,-0.6714,-0.4883,0.2441,t002,FIJTB
2529024914,2019114,2,tobillo,swing,-0.1608,0.9658,0.0310,-0.5493,-0.3052,0.4883,t002,FIJTB
2529024965,2019130,2,tobillo,swing,-0.1619,0.9659,0.0305,-0.5493,-0.1831,0.4883,t002,FIJTB
2529024966,2019146,2,tobillo,swing,-0.1619,0.9657,0.0297,-0.4883,-0.4272,0.6714,t002,FIJTB
2529024966,2019162,2,tobillo,swing,-0.1611,0.9641,0.0303,-0.4272,-0.7324,0.7935,t002,FIJTB
2529024969,2019178,2,tobillo,swing,-0.1637,0.9647,0.0303,-0.5493,-0.8545,0.8545,t002,FIJTB
2529025023,2019194,2,tobillo,swing,-0.1642,0.9647,0.0310,-0.6714,-0.5493,0.4883,t002,FIJTB
2529025024,2019210,2,tobillo,swing,-0.1659,0.9650,0.0300,-0.6714,-0.4883,0.3662,t002,FIJTB
2529025024,2019226,2,tobillo,swing,-0.1663,0.9656,0.0284,-0.5493,-0.4883,0.0610,t002,FIJTB
2529025076,2019242,2,tobillo,swing,-0.1643,0.9653,0.0292,-0.3662,-0.3052,-0.1831,t002,FIJTB
2529025076,2019258,2,tobillo,swing,-0.1644,0.9645,0.0280,-0.3052,-0.4272,-0.1831,t002,FIJTB
2529025077,2019274,2,tobillo,swing,-0.1649,0.9648,0.0280,-0.1831,-0.7324,-0.2441,t002,FIJTB
2529025081,2019290,2,tobillo,swing,-0.1642,0.9659,0.0289,-0.1831,-0.6104,-0.4883,t002,FIJTB
2529025136,2019306,2,tobillo,swing,-0.1617,0.9633,0.0320,-0.2441,-0.2441,-0.9766,t002,FIJTB
2529025137,2019322,2,tobillo,swing,-0.1603,0.9639,0.0294,0.1221,-0.1221,-0.9155,t002,FIJTB
2529025137,2019338,2,tobillo,swing,-0.1602,0.9663,0.0264,-0.1831,-0.0610,-0.6714,t002,FIJTB
2529025191,2019354,2,tobillo,swing,-0.1619,0.9659,0.0256,-0.3052,-0.1831,-0.3052,t002,FIJTB
2529025192,2019370,2,tobillo,swing,-0.1617,0.9650,0.0266,0.0610,-0.2441,-0.3052,t002,FIJTB
2529025192,2019386,2,tobillo,swing,-0.1591,0.9644,0.0295,0.0610,-0.2441,-0.2441,t002,FIJTB
2529025193,2019402,2,tobillo,swing,-0.1591,0.9650,0.0305,0.1221,-0.1831,0.1221,t002,FIJTB
2529025265,2019418,2,tobillo,swing,-0.1606,0.9651,0.0276,0.1221,0.0000,0.2441,t002,FIJTB
2529025266,2019434,2,tobillo,swing,-0.1610,0.9659,0.0265,-0.0610,0.2441,0.4883,t002,FIJTB
2529025266,2019449,2,tobillo,swing,-0.1620,0.9661,0.0270,-0.0610,0.0610,0.7935,t002,FIJTB
2529025266,2019465,2,tobillo,swing,-0.1597,0.9653,0.0278,0.0000,-0.0610,0.9766,t002,FIJTB
2529025322,2019481,2,tobillo,swing,-0.1598,0.9657,0.0276,0.0000,-0.1831,1.4648,t002,FIJTB
2529025322,2019497,2,tobillo,swing,-0.1625,0.9655,0.0267,0.0610,-0.1221,1.6479,t002,FIJTB
2529025322,2019513,2,tobillo,swing,-0.1603,0.9636,0.0256,0.0610,-0.3662,1.9531,t002,FIJTB
2529025322,2019529,2,tobillo,swing,-0.1650,0.9641,0.0267,-0.3052,-1.8311,2.8687,t002,FIJTB
2529025389,2019545,2,tobillo,swing,-0.1670,0.9648,0.0312,-0.1221,-1.6479,2.6855,t002,FIJTB
2529025389,2019561,2,tobillo,swing,-0.1664,0.9655,0.0292,-0.1831,-0.6104,2.1973,t002,FIJTB
2529025390,2019576,2,tobillo,swing,-0.1685,0.9647,0.0266,-0.4272,-0.1831,1.8311,t002,FIJTB
2529025390,2019592,2,tobillo,swing,-0.1698,0.9653,0.0243,-0.4272,0.4272,1.1597,t002,FIJTB
2529025448,2019608,2,tobillo,swing,-0.1675,0.9647,0.0254,-0.0610,0.3052,0.9155,t002,FIJTB
2529025448,2019624,2,tobillo,swing,-0.1658,0.9629,0.0262,-0.1221,-0.0610,1.1597,t002,FIJTB
2529025448,2019640,2,tobillo,swing,-0.1677,0.9631,0.0281,-0.4883,-0.3662,1.3428,t002,FIJTB
2529025449,2019656,2,tobillo,swing,-0.1691,0.9641,0.0276,-0.5493,-0.1221,1.2207,t002,FIJTB
2529025512,2019672,2,tobillo,swing,-0.1696,0.9652,0.0259,-0.3052,0.3052,0.8545,t002,FIJTB
2529025513,2019688,2,tobillo,swing,-0.1691,0.9648,0.0249,-0.1221,0.3662,0.5493,t002,FIJTB
2529025514,2019704,2,tobillo,swing,-0.1693,0.9639,0.0256,-0.0610,0.3052,0.5493,t002,FIJTB
2529025514,2019719,2,tobillo,swing,-0.1699,0.9636,0.0265,0.0000,0.3052,0.4272,t002,FIJTB
2529025574,2019735,2,tobillo,swing,-0.1691,0.9641,0.0264,0.0000,0.7324,0.1831,t002,FIJTB
2529025575,2019751,2,tobillo,swing,-0.1677,0.9631,0.0272,0.0000,0.7324,0.1831,t002,FIJTB
2529025575,2019767,2,tobillo,swing,-0.1691,0.9626,0.0260,0.1831,0.5493,0.3662,t002,FIJTB
2529025575,2019783,2,tobillo,swing,-0.1698,0.9641,0.0250,0.2441,0.4272,0.3662,t002,FIJTB
2529025631,2019799,2,tobillo,swing,-0.1697,0.9644,0.0236,0.2441,0.2441,0.2441,t002,FIJTB
2529025644,2019815,2,tobillo,swing,-0.1704,0.9642,0.0239,0.2441,0.3052,-0.0610,t002,FIJTB
2529025645,2019831,2,tobillo,swing,-0.1676,0.9623,0.0275,0.1831,0.4272,-0.1221,t002,FIJTB
2529025645,2019847,2,tobillo,swing,-0.1677,0.9623,0.0283,-0.1831,0.4272,0.0000,t002,FIJTB
2529025653,2019862,2,tobillo,swing,-0.1705,0.9640,0.0255,-0.1831,0.5493,0.0000,t002,FIJTB
2529025708,2019878,2,tobillo,swing,-0.1708,0.9633,0.0265,0.0000,0.3662,-0.1221,t002,FIJTB
2529025709,2019894,2,tobillo,swing,-0.1705,0.9640,0.0259,0.2441,-0.4272,0.1221,t002,FIJTB
2529025710,2019910,2,tobillo,swing,-0.1677,0.9636,0.0259,0.1831,-0.2441,-0.0610,t002,FIJTB
2529025717,2019926,2,tobillo,swing,-0.1686,0.9635,0.0284,0.0610,0.3052,-0.1831,t002,FIJTB
2529025774,2019942,2,tobillo,swing,-0.1697,0.9659,0.0258,0.0610,0.4272,-0.1831,t002,FIJTB
2529025775,2019958,2,tobillo,swing,-0.1676,0.9642,0.0272,0.1831,0.4883,-0.3052,t002,FIJTB
2529025775,2019973,2,tobillo,swing,-0.1677,0.9637,0.0261,0.1831,0.4272,-0.1831,t002,FIJTB
2529025827,2019989,2,tobillo,swing,-0.1676,0.9651,0.0250,0.1221,0.4272,-0.1831,t002,FIJTB
2529025828,2020005,2,tobillo,swing,-0.1681,0.9650,0.0256,0.3052,0.3662,-0.1221,t002,FIJTB
2529025830,2020021,2,tobillo,swing,-0.1686,0.9634,0.0251,0.3662,0.1831,0.0000,t002,FIJTB
2529025831,2020037,2,tobillo,swing,-0.1667,0.9644,0.0280,0.2441,0.1221,0.0610,t002,FIJTB
2529025888,2020053,2,tobillo,swing,-0.1667,0.9641,0.0292,-0.1221,-0.0610,0.4272,t002,FIJTB
2529025889,2020069,2,tobillo,swing,-0.1709,0.9636,0.0266,-0.2441,-0.0610,0.4883,t002,FIJTB
2529025890,2020085,2,tobillo,swing,-0.1716,0.9653,0.0228,-0.1221,0.1831,0.3052,t002,FIJTB
2529025923,2020100,2,tobillo,swing,-0.1699,0.9661,0.0237,0.1831,-0.0610,0.0610,t002,FIJTB
2529025943,2020116,2,tobillo,swing,-0.1682,0.9635,0.0278,0.1831,-0.3052,0.1221,t002,FIJTB
2529025943,2020132,2,tobillo,swing,-0.1686,0.9637,0.0291,0.1221,-0.5493,0.0610,t002,FIJTB
2529025944,2020148,2,tobillo,swing,-0.1699,0.9651,0.0281,0.1831,-0.4272,-0.0610,t002,FIJTB
2529025956,2020164,2,tobillo,swing,-0.1686,0.9658,0.0244,0.0610,0.1221,-0.3052,t002,FIJTB
2529026015,2020180,2,tobillo,swing,-0.1687,0.9641,0.0237,0.1221,0.1221,-0.1221,t002,FIJTB
2529026015,2020196,2,tobillo,swing,-0.1681,0.9633,0.0249,0.0610,-0.0610,0.0000,t002,FIJTB
2529026016,2020211,2,tobillo,swing,-0.1688,0.9641,0.0253,0.1831,-0.3052,0.3662,t002,FIJTB
2529026018,2020227,2,tobillo,swing,-0.1689,0.9644,0.0270,0.1831,-0.3662,0.4883,t002,FIJTB
2529026077,2020243,2,tobillo,swing,-0.1693,0.9648,0.0280,-0.0610,-0.4272,0.6104,t002,FIJTB
2529026077,2020259,2,tobillo,swing,-0.1703,0.9646,0.0269,-0.1831,-0.3662,0.6104,t002,FIJTB
2529026078,2020275,2,tobillo,swing,-0.1727,0.9646,0.0249,-0.0610,-0.3662,0.5493,t002,FIJTB
2529026083,2020291,2,tobillo,swing,-0.1729,0.9650,0.0242,0.1221,-0.5493,0.4272,t002,FIJTB
2529026145,2020307,2,tobillo,swing,-0.1719,0.9645,0.0262,0.1221,-0.6104,0.2441,t002,FIJTB
2529026146,2020323,2,tobillo,swing,-0.1716,0.9653,0.0266,0.0610,-0.8545,0.1221,t002,FIJTB
2529026147,2020339,2,tobillo,swing,-0.1699,0.9648,0.0265,-0.1831,-0.8545,-0.1831,t002,FIJTB
2529026147,2020354,2,tobillo,swing,-0.1709,0.9646,0.0250,-0.2441,-0.6104,-0.3052,t002,FIJTB
2529026204,2020370,2,tobillo,swing,-0.1698,0.9640,0.0247,-0.1831,-0.1221,-0.5493,t002,FIJTB
2529026205,2020387,2,tobillo,swing,-0.1686,0.9634,0.0231,-0.0610,0.1831,-0.4883,t002,FIJTB
2529026205,2020402,2,tobillo,swing,-0.1699,0.9644,0.0249,0.0000,0.2441,-0.4272,t002,FIJTB
2529026209,2020418,2,tobillo,swing,-0.1689,0.9640,0.0255,0.0000,0.1221,-0.2441,t002,FIJTB
2529026272,2020434,2,tobillo,swing,-0.1678,0.9625,0.0264,-0.0610,-0.1221,0.0610,t002,FIJTB
2529026273,2020450,2,tobillo,swing,-0.1681,0.9645,0.0255,-0.1831,-0.2441,0.4272,t002,FIJTB
2529026274,2020466,2,tobillo,swing,-0.1669,0.9640,0.0251,-0.5493,-0.8545,0.8545,t002,FIJTB
2529026274,2020482,2,tobillo,swing,-0.1743,0.9622,0.0219,-0.9766,-1.6479,1.2207,t002,FIJTB
2529026326,2020498,2,tobillo,swing,-0.1738,0.9650,0.0219,-0.7935,-1.1597,0.4272,t002,FIJTB
2529026326,2020514,2,tobillo,swing,-0.1720,0.9648,0.0245,-0.4272,-0.4883,-0.0610,t002,FIJTB
2529026326,2020530,2,tobillo,swing,-0.1708,0.9633,0.0251,0.0610,-0.0610,-0.4883,t002,FIJTB
2529026386,2020546,2,tobillo,swing,-0.1721,0.9634,0.0243,0.0000,0.1221,-0.6104,t002,FIJTB
2529026386,2020562,2,tobillo,swing,-0.1704,0.9639,0.0229,0.0610,0.3052,-0.6714,t002,FIJTB
2529026387,2020577,2,tobillo,swing,-0.1692,0.9645,0.0233,0.0610,0.6104,-0.7324,t002,FIJTB
2529026387,2020593,2,tobillo,swing,-0.1702,0.9655,0.0221,0.1831,0.4883,-0.7324,t002,FIJTB
2529026441,2020609,2,tobillo,swing,-0.1689,0.9652,0.0223,0.3052,0.4883,-0.7935,t002,FIJTB
2529026442,2020625,2,tobillo,swing,-0.1689,0.9648,0.0226,0.4272,0.3662,-0.6714,t002,FIJTB
2529026443,2020641,2,tobillo,swing,-0.1688,0.9641,0.0260,0.4272,0.3052,-0.5493,t002,FIJTB
2529026500,2020657,2,tobillo,swing,-0.1696,0.9637,0.0253,0.2441,0.1831,-0.3662,t002,FIJTB
2529026501,2020673,2,tobillo,swing,-0.1697,0.9651,0.0240,0.2441,0.3052,-0.3662,t002,FIJTB
2529026501,2020689,2,tobillo,swing,-0.1694,0.9646,0.0239,0.3662,0.3662,-0.4272,t002,FIJTB
2529026502,2020705,2,tobillo,swing,-0.1691,0.9640,0.0233,0.5493,0.1221,-0.3662,t002,FIJTB
2529026556,2020721,2,tobillo,swing,-0.1692,0.9640,0.0251,0.4883,-0.0610,-0.3662,t002,FIJTB
2529026559,2020737,2,tobillo,swing,-0.1699,0.9650,0.0255,0.4272,-0.1221,-0.4272,t002,FIJTB
2529026559,2020753,2,tobillo,swing,-0.1700,0.9644,0.0245,0.3662,0.0610,-0.4883,t002,FIJTB
2529026575,2020769,2,tobillo,swing,-0.1688,0.9647,0.0250,0.3662,0.1831,-0.5493,t002,FIJTB
2529026618,2020785,2,tobillo,swing,-0.1683,0.9652,0.0251,0.1831,0.1831,-0.6104,t002,FIJTB
2529026619,2020801,2,tobillo,swing,-0.1675,0.9644,0.0262,-0.0610,0.0610,-0.4272,t002,FIJTB
2529026620,2020816,2,tobillo,swing,-0.1688,0.9646,0.0238,0.0000,0.1221,-0.4883,t002,FIJTB
2529026675,2020832,2,tobillo,swing,-0.1698,0.9648,0.0232,0.1221,0.2441,-0.4883,t002,FIJTB
2529026675,2020848,2,tobillo,swing,-0.1674,0.9647,0.0227,0.1221,0.3662,-0.4883,t002,FIJTB
2529026678,2020864,2,tobillo,swing,-0.1661,0.9647,0.0250,0.1831,0.3052,-0.4272,t002,FIJTB
2529026678,2020880,2,tobillo,swing,-0.1653,0.9644,0.0250,0.2441,0.1221,-0.3052,t002,FIJTB
2529026738,2020896,2,tobillo,swing,-0.1660,0.9637,0.0248,0.1831,0.1221,-0.1221,t002,FIJTB
2529026738,2020911,2,tobillo,swing,-0.1671,0.9637,0.0239,0.1831,0.1831,0.0610,t002,FIJTB
2529026739,2020927,2,tobillo,swing,-0.1680,0.9645,0.0239,0.1831,0.2441,0.1221,t002,FIJTB
2529026740,2020943,2,tobillo,swing,-0.1683,0.9646,0.0225,0.2441,0.0000,0.0610,t002,FIJTB
2529026797,2020959,2,tobillo,swing,-0.1685,0.9644,0.0239,0.3662,-0.1221,0.0000,t002,FIJTB
2529026797,2020974,2,tobillo,swing,-0.1675,0.9644,0.0253,0.3662,-0.1221,0.0000,t002,FIJTB
2529026798,2020991,2,tobillo,swing,-0.1665,0.9644,0.0255,0.2441,-0.1831,0.0000,t002,FIJTB
2529026798,2021006,2,tobillo,swing,-0.1671,0.9647,0.0247,0.3052,-0.1831,0.0610,t002,FIJTB
2529026857,2021022,2,tobillo,swing,-0.1677,0.9646,0.0249,0.3662,-0.1221,0.1221,t002,FIJTB
2529026858,2021038,2,tobillo,swing,-0.1683,0.9641,0.0245,0.2441,-0.1831,0.0000,t002,FIJTB
2529026859,2021054,2,tobillo,swing,-0.1680,0.9644,0.0249,0.2441,-0.1831,-0.0610,t002,FIJTB
2529026913,2021070,2,tobillo,swing,-0.1678,0.9655,0.0249,0.2441,-0.1221,-0.1831,t002,FIJTB
2529026916,2021086,2,tobillo,swing,-0.1678,0.9637,0.0240,0.3052,-0.0610,-0.2441,t002,FIJTB
2529026917,2021102,2,tobillo,swing,-0.1671,0.9655,0.0253,0.1221,0.0610,-0.3662,t002,FIJTB
2529026917,2021118,2,tobillo,swing,-0.1672,0.9664,0.0264,0.0000,0.0610,-0.2441,t002,FIJTB
2529026975,2021134,2,tobillo,swing,-0.1666,0.9658,0.0253,0.0610,0.0610,-0.1831,t002,FIJTB
2529026975,2021150,2,tobillo,swing,-0.1667,0.9656,0.0239,0.2441,0.1221,-0.1221,t002,FIJTB
2529026976,2021166,2,tobillo,swing,-0.1680,0.9653,0.0238,0.4272,0.0000,-0.0610,t002,FIJTB
2529026976,2021182,2,tobillo,swing,-0.1685,0.9650,0.0259,0.3662,-0.0610,-0.0610,t002,FIJTB
2529027028,2021198,2,tobillo,swing,-0.1676,0.9641,0.0272,0.3052,-0.2441,-0.1221,t002,FIJTB
2529027030,2021214,2,tobillo,swing,-0.1663,0.9644,0.0269,0.2441,-0.3052,0.0000,t002,FIJTB
2529027031,2021229,2,tobillo,swing,-0.1675,0.9656,0.0238,0.1831,0.0000,-0.1221,t002,FIJTB
2529027090,2021245,2,tobillo,swing,-0.1670,0.9646,0.0242,0.2441,0.1831,-0.3052,t002,FIJTB
2529027090,2021261,2,tobillo,swing,-0.1656,0.9645,0.0270,0.2441,0.1221,-0.2441,t002,FIJTB
2529027091,2021277,2,tobillo,swing,-0.1664,0.9639,0.0266,0.1831,0.0000,0.0000,t002,FIJTB
2529027091,2021293,2,tobillo,swing,-0.1666,0.9647,0.0258,0.1221,0.0000,0.1221,t002,FIJTB
2529027149,2021308,2,tobillo,swing,-0.1677,0.9646,0.0228,0.1221,-0.2441,0.2441,t002,FIJTB
2529027149,2021324,2,tobillo,swing,-0.1676,0.9640,0.0222,0.2441,-0.1831,0.3662,t002,FIJTB
2529027150,2021340,2,tobillo,swing,-0.1660,0.9634,0.0262,0.2441,-0.2441,0.3662,t002,FIJTB
2529027150,2021356,2,tobillo,swing,-0.1675,0.9642,0.0265,0.1221,-0.3662,0.6104,t002,FIJTB
2529027229,2021372,2,tobillo,swing,-0.1652,0.9639,0.0251,-0.3662,-0.9155,1.1597,t002,FIJTB
2529027230,2021388,2,tobillo,swing,-0.1713,0.9642,0.0234,-0.6714,-1.5259,1.4038,t002,FIJTB
2529027231,2021404,2,tobillo,swing,-0.1732,0.9641,0.0249,-0.4883,-1.0986,0.5493,t002,FIJTB
2529027231,2021420,2,tobillo,swing,-0.1704,0.9650,0.0255,-0.2441,-0.6104,0.1221,t002,FIJTB
2529027231,2021436,2,tobillo,swing,-0.1666,0.9639,0.0256,0.1831,-0.2441,-0.0610,t002,FIJTB
2529027291,2021452,2,tobillo,swing,-0.1671,0.9635,0.0259,0.0000,-0.1221,-0.0610,t002,FIJTB
2529027291,2021468,2,tobillo,swing,-0.1703,0.9644,0.0254,-0.1221,0.0610,-0.0610,t002,FIJTB
2529027292,2021484,2,tobillo,swing,-0.1697,0.9648,0.0242,-0.1221,0.3662,0.0000,t002,FIJTB
2529027293,2021500,2,tobillo,swing,-0.1681,0.9653,0.0231,0.0610,0.4272,0.0610,t002,FIJTB
2529027354,2021516,2,tobillo,swing,-0.1676,0.9636,0.0240,0.3662,0.3052,0.1221,t002,FIJTB
2529027355,2021531,2,tobillo,swing,-0.1661,0.9637,0.0262,0.1221,0.0610,0.3662,t002,FIJTB
2529027355,2021547,2,tobillo,swing,-0.1689,0.9648,0.0256,-0.0610,-0.0610,0.4883,t002,FIJTB
2529027355,2021563,2,tobillo,swing,-0.1702,0.9650,0.0254,-0.3052,0.1831,0.4883,t002,FIJTB
2529027414,2021579,2,tobillo,swing,-0.1703,0.9641,0.0233,-0.3052,0.3052,0.4272,t002,FIJTB
2529027415,2021595,2,tobillo,swing,-0.1693,0.9646,0.0214,-0.3662,0.0610,0.4272,t002,FIJTB
2529027416,2021610,2,tobillo,swing,-0.1697,0.9646,0.0226,-0.3662,-0.1221,0.6104,t002,FIJTB
2529027477,2021626,2,tobillo,swing,-0.1698,0.9639,0.0254,-0.1831,0.0000,0.4883,t002,FIJTB
2529027477,2021642,2,tobillo,swing,-0.1708,0.9635,0.0251,-0.0610,0.3662,0.1831,t002,FIJTB
2529027478,2021658,2,tobillo,swing,-0.1715,0.9640,0.0234,-0.1221,0.5493,0.1221,t002,FIJTB
2529027478,2021674,2,tobillo,swing,-0.1698,0.9647,0.0223,0.0000,0.4272,0.1831,t002,FIJTB
2529027481,2021690,2,tobillo,swing,-0.1699,0.9657,0.0215,0.1831,0.1221,0.1831,t002,FIJTB
2529027539,2021706,2,tobillo,swing,-0.1685,0.9640,0.0234,0.2441,0.0000,0.1831,t002,FIJTB
2529027541,2021722,2,tobillo,swing,-0.1693,0.9639,0.0253,0.0610,-0.0610,0.3052,t002,FIJTB
2529027541,2021737,2,tobillo,swing,-0.1714,0.9641,0.0228,0.0000,0.0610,0.2441,t002,FIJTB
