timestamp_pc_ms,timestamp_arduino_ms,sensor_id,placement,phase,ax,ay,az,gx,gy,gz,trial_id,subject_id
2529686597,2680820,2,pelvis,loading,-0.1105,0.9683,0.0260,2.7466,-5.6763,1.0986,t008,FIJTB
2529686626,2680836,2,pelvis,loading,-0.1190,0.9720,0.0247,2.2583,-6.3477,1.0986,t008,FIJTB
2529686626,2680852,2,pelvis,loading,-0.1534,0.9767,0.0229,0.9766,-7.0801,-0.7324,t008,FIJTB
2529686666,2680868,2,pelvis,loading,-0.1549,0.9795,0.0225,0.4883,-5.3101,-7.8735,t008,FIJTB
2529686666,2680884,2,pelvis,loading,-0.1068,0.9760,0.0168,0.7935,-5.0049,-10.9253,t008,FIJTB
2529686668,2680900,2,pelvis,loading,-0.0945,0.9714,0.0135,2.1973,-6.5918,-9.4604,t008,FIJTB
2529686705,2680915,2,pelvis,loading,-0.1007,0.9749,0.0126,3.0518,-8.3618,-7.5073,t008,FIJTB
2529686705,2680931,2,pelvis,loading,-0.0891,0.9788,0.0331,4.8828,-11.2915,-5.9204,t008,FIJTB
2529686739,2680947,2,pelvis,loading,-0.0867,0.9771,0.0306,6.6528,-12.4512,-3.9673,t008,FIJTB
2529686740,2680964,2,pelvis,loading,-0.0912,0.9822,0.0116,7.7515,-12.7563,-2.5635,t008,FIJTB
2529686778,2680980,2,pelvis,loading,-0.0939,0.9856,0.0062,11.1084,-13.7939,-0.4883,t008,FIJTB
2529686778,2680995,2,pelvis,loading,-0.0966,0.9961,0.0021,14.0991,-14.9536,1.5259,t008,FIJTB
2529686779,2681011,2,pelvis,loading,-0.1049,1.0187,-0.0304,14.8926,-15.5640,1.8921,t008,FIJTB
2529686813,2681027,2,pelvis,loading,-0.0886,1.0209,-0.0470,5.6152,-14.6484,-5.4932,t008,FIJTB
2529686813,2681043,2,pelvis,loading,-0.1202,0.9457,0.0516,-0.4272,-13.8550,-8.2397,t008,FIJTB
2529686850,2681059,2,pelvis,loading,-0.1036,0.9564,0.0586,-0.4883,-12.8784,-0.2441,t008,FIJTB
2529686850,2681075,2,pelvis,loading,-0.0997,0.9448,0.0826,-11.5967,-15.9302,-2.0142,t008,FIJTB
2529686886,2681091,2,pelvis,loading,-0.1543,0.9766,0.0751,-7.0190,-18.2495,-2.1362,t008,FIJTB
2529686886,2681107,2,pelvis,loading,-0.1786,0.9813,0.0475,-2.0752,-17.2729,-11.7187,t008,FIJTB
2529686923,2681123,2,pelvis,loading,-0.2180,0.9738,0.0403,-3.9673,-16.2354,-26.1841,t008,FIJTB
2529686924,2681139,2,pelvis,loading,-0.2362,0.9651,0.0505,-5.7373,-15.5029,-33.4473,t008,FIJTB
2529686924,2681155,2,pelvis,loading,-0.2323,0.9561,0.0670,-15.1978,-11.4746,-43.2739,t008,FIJTB
2529686959,2681172,2,pelvis,loading,-0.1503,0.9882,0.1078,-22.5830,-9.8267,-46.0815,t008,FIJTB
2529686960,2681188,2,pelvis,loading,-0.1509,1.0559,0.0984,-34.7290,-13.5498,-52.1240,t008,FIJTB
2529686997,2681204,2,pelvis,loading,-0.1515,1.0948,0.1056,-43.2129,-16.9678,-56.3965,t008,FIJTB
2529686998,2681220,2,pelvis,loading,-0.0481,1.2053,0.0292,-42.5415,-19.0430,-58.7769,t008,FIJTB
2529687032,2681236,2,pelvis,loading,-0.0310,1.2410,-0.0079,-34.1797,-38.1470,-63.2324,t008,FIJTB
2529687034,2681252,2,pelvis,loading,-0.0203,1.2104,0.0046,-24.5972,-63.1714,-73.9746,t008,FIJTB
2529687034,2681268,2,pelvis,loading,-0.2340,1.0437,-0.2406,-25.6348,-76.9653,-76.0498,t008,FIJTB
2529687072,2681284,2,pelvis,loading,-0.3759,0.9806,-0.3165,-34.0576,-101.3184,-63.4766,t008,FIJTB
2529687072,2681300,2,pelvis,loading,-0.3572,0.8538,-0.3577,-29.6631,-111.2671,-54.6875,t008,FIJTB
2529687106,2681316,2,pelvis,loading,-0.6486,0.5665,0.0566,-0.6714,-135.4980,-22.8271,t008,FIJTB
2529687107,2681332,2,pelvis,loading,-0.6996,0.4694,0.1152,21.0571,-134.3384,20.2637,t008,FIJTB
2529687147,2681348,2,pelvis,loading,-0.5570,0.4861,0.0591,24.9023,-126.1597,50.0488,t008,FIJTB
2529687147,2681364,2,pelvis,loading,-0.4889,0.6177,0.1124,26.1230,-119.3848,96.6186,t008,FIJTB
2529687148,2681380,2,pelvis,loading,-0.4141,0.7305,0.1150,18.9209,-103.5767,118.7744,t008,FIJTB
2529687182,2681396,2,pelvis,loading,-0.5409,1.0615,-0.0796,10.3149,-84.6558,130.8594,t008,FIJTB
2529687184,2681412,2,pelvis,loading,-0.2776,1.4534,-0.1466,6.4697,-24.2310,154.7241,t008,FIJTB
2529687223,2681428,2,pelvis,loading,2.4100,1.9803,0.7832,15.3809,42.8467,65.9180,t008,FIJTB
2529687224,2681444,2,pelvis,loading,2.5615,0.9215,0.1353,35.0342,196.2890,-132.0190,t008,FIJTB
2529687243,2681460,2,pelvis,loading,1.0669,0.3082,-0.2148,-15.5029,68.7866,-1.2817,t008,FIJTB
2529687259,2681476,2,pelvis,loading,-0.5476,0.8879,-0.4193,-31.1890,21.4844,35.5835,t008,FIJTB
2529687260,2681492,2,pelvis,loading,-0.4792,1.5857,0.1589,24.8413,27.7100,52.1851,t008,FIJTB
2529687301,2681507,2,pelvis,loading,-0.2555,1.0579,0.1213,55.1758,41.1377,13.1226,t008,FIJTB
2529687301,2681523,2,pelvis,loading,0.1029,0.9342,-0.0547,42.2363,13.4888,-18.7378,t008,FIJTB
2529687338,2681539,2,pelvis,loading,0.1711,0.9849,0.0293,3.6621,-27.8931,5.0659,t008,FIJTB
2529687340,2681555,2,pelvis,loading,0.0626,0.9674,0.1040,-8.3008,-36.3159,7.0190,t008,FIJTB
2529687340,2681571,2,pelvis,loading,-0.1040,0.9529,0.0929,-11.1694,-26.5503,6.2866,t008,FIJTB
2529687381,2681586,2,pelvis,loading,-0.3049,0.9718,0.0519,-2.3804,-11.4136,7.0190,t008,FIJTB
2529687381,2681602,2,pelvis,loading,-0.0812,0.9840,0.0217,9.1553,12.4512,-0.6714,t008,FIJTB
2529687419,2681618,2,pelvis,loading,-0.0211,0.9746,0.0071,6.4697,9.5215,-5.1880,t008,FIJTB
2529687419,2681634,2,pelvis,loading,-0.0560,0.9752,0.0187,2.8687,3.6621,-4.2725,t008,FIJTB
2529687421,2681650,2,pelvis,loading,-0.0837,0.9810,0.0278,-0.3662,-3.1128,-6.1646,t008,FIJTB
2529687463,2681666,2,pelvis,loading,-0.0923,0.9739,0.0367,-1.2817,-2.5024,-12.3291,t008,FIJTB
2529687463,2681682,2,pelvis,loading,-0.1028,0.9824,0.0674,-1.8311,-0.7935,-16.3574,t008,FIJTB
2529687464,2681698,2,pelvis,loading,-0.1061,0.9896,0.0721,-2.6855,3.5400,-24.6582,t008,FIJTB
2529687502,2681714,2,pelvis,loading,-0.1045,0.9918,0.0596,-3.7842,4.6997,-28.3813,t008,FIJTB
2529687503,2681730,2,pelvis,loading,-0.1045,0.9983,0.0592,-7.7515,3.1128,-38.6353,t008,FIJTB
2529687546,2681746,2,pelvis,loading,-0.1410,1.0182,0.0662,-18.6768,-2.4414,-51.2695,t008,FIJTB
2529687546,2681762,2,pelvis,loading,-0.1927,1.1270,0.0580,-26.1230,-4.5166,-59.7534,t008,FIJTB
2529687547,2681778,2,pelvis,loading,-0.1396,1.2704,0.0818,-36.2549,-8.3008,-77.8198,t008,FIJTB
2529687584,2681794,2,pelvis,loading,-0.1835,1.3816,0.1371,-40.8936,-40.8936,-68.4814,t008,FIJTB
2529687585,2681810,2,pelvis,loading,-0.0223,1.5048,0.1512,-29.6631,-60.9131,-60.4248,t008,FIJTB
2529687629,2681826,2,pelvis,loading,0.0062,1.3632,-0.1232,-16.7847,-58.1665,-71.2280,t008,FIJTB
2529687630,2681842,2,pelvis,loading,-0.4215,1.1761,-0.5323,-34.7290,-48.2788,-76.2939,t008,FIJTB
2529687630,2681858,2,pelvis,loading,-0.6704,1.1000,-0.0516,-53.1616,-25.1465,-53.3447,t008,FIJTB
2529687670,2681875,2,pelvis,loading,-0.6519,0.9159,0.3512,-15.7471,-25.9399,-34.4238,t008,FIJTB
2529687671,2681891,2,pelvis,loading,-0.5892,0.6183,0.4246,-9.4604,-32.5928,-24.7192,t008,FIJTB
2529687684,2681907,2,pelvis,loading,-0.7535,0.5496,0.3931,-18.7378,-16.1133,34.8511,t008,FIJTB
2529687714,2681922,2,pelvis,loading,-0.7654,0.6282,0.5653,-6.6528,19.4092,60.9131,t008,FIJTB
2529687715,2681938,2,pelvis,loading,-0.5012,0.6090,0.4854,3.7231,25.6958,64.9414,t008,FIJTB
2529687755,2681954,2,pelvis,loading,-0.5288,0.6614,0.4202,7.8125,16.9678,90.0268,t008,FIJTB
2529687756,2681970,2,pelvis,loading,-0.4773,0.8855,0.3573,11.6577,16.8457,99.6094,t008,FIJTB
2529687757,2681986,2,pelvis,loading,-0.3153,0.9803,0.2863,33.5083,26.5503,108.2764,t008,FIJTB
2529687800,2682001,2,pelvis,loading,-0.2776,1.0077,0.2537,49.9878,26.6724,128.5400,t008,FIJTB
2529687801,2682017,2,pelvis,loading,-0.2299,1.1044,0.2357,53.5889,23.3765,140.4419,t008,FIJTB
2529687801,2682033,2,pelvis,loading,-0.2119,1.1390,0.2345,55.9692,25.3296,153.1982,t008,FIJTB
2529687840,2682049,2,pelvis,loading,-0.1971,1.1416,0.2118,55.5420,29.1748,154.4189,t008,FIJTB
2529687841,2682065,2,pelvis,loading,-0.2053,1.1661,0.1189,53.1006,32.1045,145.9351,t008,FIJTB
2529687880,2682080,2,pelvis,loading,-0.1929,1.2035,0.0858,54.2603,35.2783,154.8462,t008,FIJTB
2529687887,2682096,2,pelvis,loading,-0.1573,1.2091,0.0425,55.0537,38.1470,153.8696,t008,FIJTB
2529687888,2682112,2,pelvis,loading,-0.1608,1.1898,0.0243,56.3965,39.4287,146.8506,t008,FIJTB
2529687927,2682128,2,pelvis,loading,-0.0548,1.2159,-0.0104,56.8237,39.4287,145.2637,t008,FIJTB
2529687929,2682143,2,pelvis,loading,-0.0326,1.1923,-0.0059,59.7534,38.4521,142.7002,t008,FIJTB
2529687930,2682159,2,pelvis,loading,-0.0585,1.1681,-0.0089,61.2793,30.0293,138.1836,t008,FIJTB
2529687974,2682175,2,pelvis,loading,0.0022,1.1815,-0.0436,59.5093,23.1934,130.9814,t008,FIJTB
2529687974,2682191,2,pelvis,loading,0.0687,1.1674,-0.0569,56.8848,10.4980,110.4736,t008,FIJTB
2529687975,2682207,2,pelvis,loading,0.0769,1.0613,-0.0928,54.6875,5.0659,98.7549,t008,FIJTB
2529688016,2682223,2,pelvis,loading,0.0787,0.9980,-0.0851,45.5933,-4.0894,71.2280,t008,FIJTB
2529688018,2682238,2,pelvis,loading,0.0937,0.9635,-0.0646,36.6821,-8.9111,44.4946,t008,FIJTB
2529688060,2682254,2,pelvis,loading,0.0092,0.8855,-0.0398,30.6396,-10.2539,34.6680,t008,FIJTB
2529688061,2682270,2,pelvis,loading,-0.0372,0.8923,-0.0345,13.0005,-1.7090,16.7236,t008,FIJTB
2529688061,2682286,2,pelvis,loading,-0.0145,0.9341,-0.0190,6.3477,7.6904,6.2866,t008,FIJTB
2529688100,2682302,2,pelvis,loading,-0.0724,0.8582,-0.0205,-2.2583,20.8130,-16.7847,t008,FIJTB
2529688102,2682318,2,pelvis,loading,-0.1340,0.8414,-0.0190,-17.3950,25.8179,-34.1187,t008,FIJTB
2529688103,2682334,2,pelvis,loading,-0.1614,0.8787,0.0212,-23.3154,29.5410,-40.9546,t008,FIJTB
2529688145,2682350,2,pelvis,loading,-0.1219,0.8773,0.0449,-25.3296,33.2031,-57.3120,t008,FIJTB
2529688145,2682366,2,pelvis,loading,-0.1036,0.8578,0.0312,-24.7803,31.1279,-64.5752,t008,FIJTB
2529688183,2682382,2,pelvis,loading,-0.1881,0.8479,-0.0151,-28.2593,23.6206,-71.1060,t008,FIJTB
2529688185,2682398,2,pelvis,loading,-0.1732,0.8551,0.0034,-25.5737,19.9585,-72.7539,t008,FIJTB
2529688186,2682413,2,pelvis,loading,-0.4276,0.7002,-0.0839,-20.2026,4.1504,-61.8896,t008,FIJTB
2529688227,2682429,2,pelvis,loading,-0.7478,0.8057,0.1605,-17.7612,-30.2124,-25.2075,t008,FIJTB
2529688227,2682445,2,pelvis,loading,-0.6808,0.8373,0.2384,-19.2261,-1.7700,-54.9316,t008,FIJTB
2529688227,2682461,2,pelvis,loading,-0.6658,0.9061,0.0472,-24.7192,14.4653,-60.1807,t008,FIJTB
2529688264,2682477,2,pelvis,loading,-0.7124,0.8884,-0.0729,-53.7109,20.9961,-39.2456,t008,FIJTB
2529688266,2682493,2,pelvis,loading,-0.5714,1.2156,0.3278,-69.0308,13.9770,-41.5039,t008,FIJTB
2529688306,2682509,2,pelvis,loading,0.0835,1.5858,0.1400,-71.8384,19.2261,-78.9185,t008,FIJTB
2529688306,2682525,2,pelvis,loading,0.2429,1.4441,-0.0675,-48.7671,14.2212,-98.6328,t008,FIJTB
2529688307,2682541,2,pelvis,loading,-0.3157,0.7639,0.0601,-46.8140,4.5166,-77.0874,t008,FIJTB
2529688342,2682557,2,pelvis,loading,-0.4233,0.7330,0.1014,-62.1338,2.0752,-44.4946,t008,FIJTB
2529688344,2682573,2,pelvis,loading,0.0001,1.0946,0.0032,-55.6641,7.2632,-45.6543,t008,FIJTB
2529688386,2682589,2,pelvis,loading,-0.2136,0.9648,-0.0880,-35.2173,2.6245,-39.8560,t008,FIJTB
2529688386,2682605,2,pelvis,loading,-0.3556,1.0208,-0.0034,-49.5605,-4.2725,-29.1748,t008,FIJTB
2529688387,2682621,2,pelvis,loading,-0.2229,0.9823,0.1163,-48.5229,2.1973,-40.5273,t008,FIJTB
2529688423,2682637,2,pelvis,loading,-0.0903,1.0063,-0.0493,-26.6113,9.6436,-50.1099,t008,FIJTB
2529688425,2682653,2,pelvis,loading,-0.0074,1.1423,-0.0562,-30.0903,7.6294,-36.8652,t008,FIJTB
2529688467,2682669,2,pelvis,loading,-0.1211,0.9109,0.0344,-6.9580,12.2070,-30.3345,t008,FIJTB
2529688467,2682685,2,pelvis,loading,-0.2299,0.9006,0.0057,-10.7422,11.0474,-6.5308,t008,FIJTB
2529688467,2682701,2,pelvis,loading,-0.2001,0.9883,0.0043,-21.6064,10.8032,-7.2021,t008,FIJTB
2529688505,2682717,2,pelvis,loading,-0.2059,0.9631,-0.0176,-20.1416,10.0098,-9.2163,t008,FIJTB
2529688506,2682733,2,pelvis,loading,-0.2184,0.9587,-0.0315,-13.9770,6.4087,-10.7422,t008,FIJTB
2529688548,2682749,2,pelvis,loading,-0.1774,0.9674,-0.0162,-11.2305,5.0659,-11.9629,t008,FIJTB
2529688549,2682765,2,pelvis,loading,-0.1416,0.9706,-0.0006,-9.5215,-1.0986,-9.7656,t008,FIJTB
2529688549,2682781,2,pelvis,loading,-0.1560,0.9719,0.0013,-10.9863,-8.0566,-1.5869,t008,FIJTB
2529688587,2682797,2,pelvis,loading,-0.2054,0.9768,-0.0099,-11.2915,-8.5449,-1.6479,t008,FIJTB
2529688589,2682813,2,pelvis,loading,-0.2112,0.9692,-0.0145,-8.1787,-6.5918,-8.4839,t008,FIJTB
2529688631,2682829,2,pelvis,loading,-0.1713,0.9596,0.0071,-6.7139,-7.8125,-10.5591,t008,FIJTB
2529688632,2682845,2,pelvis,loading,-0.1420,0.9592,0.0103,-5.7373,-15.1367,-7.6294,t008,FIJTB
2529688632,2682861,2,pelvis,loading,-0.1482,0.9634,0.0011,-6.3477,-21.7285,-1.6479,t008,FIJTB
2529688672,2682877,2,pelvis,loading,-0.1790,0.9740,-0.0139,-7.6904,-22.5830,-0.5493,t008,FIJTB
2529688672,2682893,2,pelvis,loading,-0.1759,0.9672,-0.0044,-8.9111,-24.2920,-1.2207,t008,FIJTB
2529688694,2682909,2,pelvis,loading,-0.1821,0.9625,-0.0010,-7.9346,-27.9541,-1.5869,t008,FIJTB
2529688714,2682925,2,pelvis,loading,-0.1951,0.9606,-0.0077,-8.0566,-27.9541,-3.9062,t008,FIJTB
2529688715,2682941,2,pelvis,loading,-0.2001,0.9757,-0.0144,-11.1084,-23.1323,-13.3667,t008,FIJTB
2529688753,2682957,2,pelvis,loading,-0.1899,0.9740,-0.0327,-13.6719,-19.2261,-15.2588,t008,FIJTB
2529688755,2682973,2,pelvis,loading,-0.2369,0.9775,-0.0349,-16.7847,-12.4512,-16.7847,t008,FIJTB
2529688755,2682990,2,pelvis,loading,-0.2344,0.9805,-0.0282,-19.9585,-5.9204,-25.2075,t008,FIJTB
2529688799,2683006,2,pelvis,loading,-0.1326,0.9742,-0.0251,-21.6675,-3.1738,-30.5786,t008,FIJTB
2529688799,2683022,2,pelvis,loading,-0.1149,0.9572,-0.0328,-24.1699,-3.3569,-34.1797,t008,FIJTB
2529688839,2683038,2,pelvis,loading,-0.1168,0.9745,-0.0289,-24.5972,-9.5215,-33.2642,t008,FIJTB
2529688840,2683054,2,pelvis,midstance,-0.1459,0.9812,-0.0497,-19.5313,-9.0942,-39.4287,t008,FIJTB
2529688840,2683070,2,pelvis,midstance,-0.1296,0.9562,-0.0707,-18.6768,-6.3477,-47.2412,t008,FIJTB
2529688888,2683086,2,pelvis,midstance,-0.1216,0.9542,-0.0815,-22.2168,-5.9814,-41.5039,t008,FIJTB
2529688889,2683102,2,pelvis,midstance,-0.0785,0.9526,-0.0826,-20.8740,-4.3945,-40.7715,t008,FIJTB
2529688889,2683118,2,pelvis,midstance,-0.0715,0.9606,-0.0916,-23.3765,-1.1597,-36.8042,t008,FIJTB
2529688929,2683134,2,pelvis,midstance,-0.0735,0.9519,-0.1051,-23.2544,-0.0610,-34.7290,t008,FIJTB
2529688931,2683150,2,pelvis,midstance,-0.0404,0.9673,-0.1147,-20.2637,2.1362,-32.7759,t008,FIJTB
2529688932,2683166,2,pelvis,midstance,-0.0535,0.9731,-0.1254,-19.5313,1.8921,-32.1045,t008,FIJTB
2529688976,2683182,2,pelvis,midstance,-0.0083,0.9966,-0.1229,-19.9585,2.3804,-33.3862,t008,FIJTB
2529688976,2683198,2,pelvis,midstance,0.0032,0.9897,-0.1277,-18.7378,1.2817,-32.7759,t008,FIJTB
2529689016,2683214,2,pelvis,midstance,0.0247,0.9911,-0.1177,-18.0054,-1.7700,-27.9541,t008,FIJTB
2529689016,2683230,2,pelvis,midstance,-0.0023,0.9886,-0.1355,-18.1274,-2.9297,-26.3672,t008,FIJTB
2529689018,2683246,2,pelvis,midstance,-0.0120,0.9856,-0.1382,-17.0898,-2.7466,-25.2075,t008,FIJTB
2529689063,2683262,2,pelvis,midstance,0.0280,0.9858,-0.1190,-16.7236,-2.3193,-24.4751,t008,FIJTB
2529689063,2683278,2,pelvis,midstance,0.0050,0.9949,-0.1107,-17.8223,-3.0518,-23.3154,t008,FIJTB
2529689063,2683294,2,pelvis,midstance,-0.0210,1.0039,-0.1165,-18.4937,-0.1831,-25.2075,t008,FIJTB
2529689103,2683310,2,pelvis,midstance,-0.0319,1.0074,-0.1475,-18.6768,1.7090,-27.0386,t008,FIJTB
2529689104,2683326,2,pelvis,midstance,-0.0112,1.0010,-0.1206,-21.1792,3.1128,-31.7383,t008,FIJTB
2529689149,2683342,2,pelvis,midstance,0.0089,1.0156,-0.1173,-23.3765,3.9062,-33.2642,t008,FIJTB
2529689150,2683358,2,pelvis,midstance,-0.0194,1.0398,-0.1666,-27.3437,4.3945,-38.2690,t008,FIJTB
2529689150,2683374,2,pelvis,midstance,-0.0134,1.0530,-0.1683,-28.8086,1.8921,-45.1050,t008,FIJTB
2529689190,2683390,2,pelvis,midstance,-0.0272,1.1001,-0.1538,-29.6020,0.2441,-49.1333,t008,FIJTB
2529689193,2683406,2,pelvis,midstance,-0.0405,1.1415,-0.1530,-33.3252,-3.1738,-57.2510,t008,FIJTB
2529689193,2683422,2,pelvis,midstance,-0.0300,1.1350,-0.1439,-42.6025,-4.3945,-67.8101,t008,FIJTB
2529689238,2683438,2,pelvis,midstance,0.0004,1.2054,-0.1357,-46.0815,-6.2256,-73.4863,t008,FIJTB
2529689238,2683454,2,pelvis,midstance,-0.0297,1.2205,-0.1598,-55.3589,-7.9346,-83.5571,t008,FIJTB
2529689238,2683470,2,pelvis,midstance,-0.0148,1.1857,-0.2097,-61.0352,-9.9487,-89.0503,t008,FIJTB
2529689279,2683486,2,pelvis,midstance,0.0435,1.1796,-0.1719,-74.4629,-22.1558,-99.9145,t008,FIJTB
2529689280,2683502,2,pelvis,midstance,0.0667,1.2311,-0.1443,-82.0312,-40.7104,-104.9805,t008,FIJTB
2529689325,2683518,2,pelvis,midstance,0.0209,1.3947,-0.0846,-78.3081,-49.0112,-107.3608,t008,FIJTB
2529689326,2683534,2,pelvis,midstance,-0.0410,1.3044,-0.0145,-64.5142,-70.8008,-112.0605,t008,FIJTB
2529689326,2683550,2,pelvis,midstance,-0.0828,1.2277,0.0085,-75.0122,-96.9849,-118.0420,t008,FIJTB
2529689366,2683566,2,pelvis,midstance,-0.0023,1.2509,0.0031,-79.1626,-113.4033,-125.0000,t008,FIJTB
2529689367,2683582,2,pelvis,terminal,0.1304,1.3451,-0.0112,-68.2983,-148.0713,-144.5312,t008,FIJTB
2529689367,2683598,2,pelvis,terminal,0.1914,1.3336,-0.1541,-61.8286,-157.1655,-151.4893,t008,FIJTB
2529689416,2683614,2,pelvis,terminal,0.0310,1.0874,-0.3585,-74.4629,-151.1841,-155.3955,t008,FIJTB
2529689416,2683630,2,pelvis,terminal,0.2524,1.1299,-0.4302,-90.3320,-102.5391,-150.5737,t008,FIJTB
2529689417,2683646,2,pelvis,terminal,0.5964,1.0758,-0.4528,-80.0171,-78.3081,-137.7563,t008,FIJTB
2529689458,2683662,2,pelvis,terminal,0.7075,0.8108,-0.5682,-51.0864,-78.0029,-109.0698,t008,FIJTB
2529689459,2683678,2,pelvis,terminal,0.5867,0.7896,-0.5433,-54.1992,-78.6133,-70.1294,t008,FIJTB
2529689460,2683694,2,pelvis,terminal,0.1678,0.4883,-0.4165,-47.2412,-90.6372,-21.1182,t008,FIJTB
2529689507,2683710,2,pelvis,terminal,0.1578,0.2596,-0.4259,-23.8647,-105.4687,5.0049,t008,FIJTB
2529689507,2683726,2,pelvis,terminal,0.1359,0.4684,-0.0326,-19.4092,-90.5151,-19.7754,t008,FIJTB
2529689508,2683742,2,pelvis,terminal,-0.7849,0.4961,0.2489,-1.4648,-59.6313,52.9785,t008,FIJTB
2529689550,2683758,2,pelvis,terminal,-0.8386,0.1913,0.2142,36.3770,-28.4424,149.5361,t008,FIJTB
2529689551,2683774,2,pelvis,terminal,-0.2573,0.1466,0.1342,28.6865,26.7944,122.5586,t008,FIJTB
2529689587,2683790,2,pelvis,terminal,-0.0991,0.3994,0.1659,15.1978,123.4741,111.4502,t008,FIJTB
2529689597,2683805,2,pelvis,terminal,-0.1089,0.5626,0.2238,35.2783,126.4038,157.7148,t008,FIJTB
2529689598,2683821,2,pelvis,terminal,-0.0974,0.4451,0.1699,68.4814,100.8911,209.9609,t008,FIJTB
2529689640,2683837,2,pelvis,terminal,-0.0636,0.5135,0.0996,78.5522,89.9658,212.7075,t008,FIJTB
2529689640,2683853,2,pelvis,terminal,-0.0353,0.7113,-0.0061,88.0127,83.2519,226.2573,t008,FIJTB
2529689642,2683868,2,pelvis,terminal,-0.0360,0.7715,-0.0166,116.1499,44.8608,247.0703,t008,FIJTB
2529689689,2683884,2,pelvis,terminal,-0.1104,0.8699,0.0759,127.0142,18.1274,243.9575,t008,FIJTB
2529689689,2683900,2,pelvis,terminal,-0.0732,1.1549,-0.1199,112.4878,-18.9209,234.4971,t008,FIJTB
2529689689,2683916,2,pelvis,terminal,0.0626,1.4050,-0.2035,97.9614,-48.0957,240.4785,t008,FIJTB
2529689730,2683932,2,pelvis,terminal,0.0941,1.5825,-0.1776,103.4546,-62.1948,249.4507,t008,FIJTB
2529689732,2683948,2,pelvis,terminal,0.0531,1.5537,-0.1163,100.0366,-69.0918,266.6626,t008,FIJTB
2529689732,2683964,2,pelvis,terminal,0.0748,1.6156,-0.0587,82.5195,-47.1191,277.1606,t008,FIJTB
2529689779,2683980,2,pelvis,terminal,-0.1497,1.6285,-0.0756,73.3032,-33.3862,279.5410,t008,FIJTB
2529689780,2683995,2,pelvis,terminal,-0.1941,1.6604,-0.0807,56.8237,-2.3804,260.2539,t008,FIJTB
2529689780,2684011,2,pelvis,terminal,-0.0564,1.6989,-0.0996,54.9927,11.6577,244.2016,t008,FIJTB
2529689823,2684027,2,pelvis,terminal,-0.0502,1.7358,-0.0801,56.1523,27.2217,223.0835,t008,FIJTB
2529689824,2684043,2,pelvis,terminal,-0.0100,1.6997,-0.0431,60.3027,43.1519,196.5332,t008,FIJTB
2529689824,2684059,2,pelvis,terminal,0.3118,1.4744,-0.1238,67.8101,60.0586,162.2314,t008,FIJTB
2529689871,2684075,2,pelvis,terminal,0.3763,1.4678,-0.2327,75.6226,66.1621,131.5918,t008,FIJTB
2529689871,2684090,2,pelvis,terminal,0.1256,1.1418,-0.2966,75.1953,53.9551,137.0850,t008,FIJTB
2529689872,2684106,2,pelvis,terminal,0.0575,0.9398,-0.2367,55.7251,27.8931,108.3984,t008,FIJTB
2529689915,2684122,2,pelvis,terminal,0.2969,0.9272,-0.1774,25.8789,21.4233,66.2231,t008,FIJTB
2529689915,2684138,2,pelvis,terminal,0.3160,0.9441,-0.1846,16.8457,21.4844,53.8330,t008,FIJTB
2529689948,2684153,2,pelvis,terminal,0.2205,0.8827,-0.2064,0.9766,32.9590,18.0054,t008,FIJTB
2529689965,2684169,2,pelvis,terminal,0.2435,0.8490,-0.2294,-9.8267,43.0908,-1.7090,t008,FIJTB
2529689965,2684185,2,pelvis,terminal,0.2422,0.9225,-0.2404,-36.9873,53.4058,-31.9214,t008,FIJTB
2529690008,2684201,2,pelvis,terminal,0.2295,0.9146,-0.3335,-48.4619,65.6128,-70.9229,t008,FIJTB
2529690008,2684217,2,pelvis,terminal,0.2776,1.0624,-0.1895,-57.6172,69.2139,-98.5107,t008,FIJTB
2529690008,2684233,2,pelvis,swing,-0.2578,1.1975,0.1605,-64.3311,38.7573,-80.9936,t008,FIJTB
2529690014,2684249,2,pelvis,swing,-1.2906,1.0229,0.4286,-54.1992,9.2163,-57.3730,t008,FIJTB
2529690062,2684265,2,pelvis,swing,-0.2775,1.2244,0.0712,-62.9272,-0.9766,-115.3564,t008,FIJTB
2529690062,2684281,2,pelvis,swing,0.2316,1.4301,-0.0013,-70.6177,30.8838,-106.1401,t008,FIJTB
2529690062,2684296,2,pelvis,swing,-0.0981,1.0826,0.0056,-69.0918,29.6631,-74.4019,t008,FIJTB
2529690107,2684312,2,pelvis,swing,-0.3645,0.8992,-0.0220,-76.2329,23.0713,-59.3872,t008,FIJTB
2529690109,2684328,2,pelvis,swing,-0.1024,1.0363,-0.0452,-69.3359,22.8271,-65.7349,t008,FIJTB
2529690110,2684344,2,pelvis,swing,-0.0604,1.0073,-0.2362,-41.6260,9.8877,-54.7485,t008,FIJTB
2529690159,2684360,2,pelvis,swing,-0.1628,1.0984,-0.1860,-37.7197,-5.7373,-34.1797,t008,FIJTB
2529690159,2684376,2,pelvis,swing,-0.3083,0.9989,-0.0116,-27.3437,-4.3335,-25.8789,t008,FIJTB
2529690160,2684392,2,pelvis,swing,-0.2695,0.9336,-0.0349,-15.4419,-7.1411,-36.6821,t008,FIJTB
2529690204,2684408,2,pelvis,swing,-0.2047,0.9449,0.0009,-8.7891,-16.7847,-28.8696,t008,FIJTB
2529690204,2684424,2,pelvis,swing,-0.2794,0.9280,-0.0377,-5.5542,-21.1792,-23.4985,t008,FIJTB
2529690206,2684440,2,pelvis,swing,-0.3556,0.9357,-0.0638,-7.3853,-17.3950,-23.3765,t008,FIJTB
2529690256,2684456,2,pelvis,swing,-0.3350,0.9448,-0.0085,-9.8877,-11.2915,-22.1558,t008,FIJTB
2529690256,2684472,2,pelvis,swing,-0.2877,0.9275,-0.0483,-11.2305,-8.4839,-15.4419,t008,FIJTB
2529690256,2684489,2,pelvis,swing,-0.3154,0.9191,-0.0846,-9.7656,-13.6719,-9.1553,t008,FIJTB
2529690303,2684505,2,pelvis,swing,-0.3152,0.9514,-0.1013,-8.3618,-16.4795,-8.5449,t008,FIJTB
2529690303,2684521,2,pelvis,swing,-0.2471,0.9546,-0.0381,-3.2959,-20.7520,-8.9111,t008,FIJTB
2529690303,2684537,2,pelvis,swing,-0.2925,0.9253,-0.0372,-3.4790,-21.4844,-4.8218,t008,FIJTB
2529690352,2684553,2,pelvis,swing,-0.3232,0.9377,-0.0454,-6.5918,-19.2261,-6.7139,t008,FIJTB
2529690353,2684569,2,pelvis,swing,-0.2843,0.9508,-0.0382,-9.3384,-10.6201,-12.5122,t008,FIJTB
2529690353,2684585,2,pelvis,swing,-0.2507,0.9480,-0.0176,-7.6904,-8.7280,-13.3057,t008,FIJTB
2529690401,2684601,2,pelvis,swing,-0.3191,0.9281,-0.0634,-6.8359,-9.8877,-14.2212,t008,FIJTB
2529690401,2684617,2,pelvis,swing,-0.3202,0.9344,-0.0763,-7.9346,-8.0566,-19.4092,t008,FIJTB
2529690402,2684633,2,pelvis,swing,-0.2595,0.9442,-0.0417,-6.1646,-6.6528,-22.2778,t008,FIJTB
2529690452,2684649,2,pelvis,swing,-0.2695,0.9369,-0.0266,-5.9204,-3.7231,-22.1558,t008,FIJTB
2529690452,2684665,2,pelvis,swing,-0.2632,0.9449,-0.0341,-11.2915,-4.1504,-22.5830,t008,FIJTB
2529690453,2684681,2,pelvis,swing,-0.2789,0.9410,-0.0570,-12.1460,-2.2583,-23.4985,t008,FIJTB
2529690500,2684697,2,pelvis,swing,-0.2644,0.9298,-0.0653,-8.2397,2.2583,-26.8555,t008,FIJTB
2529690500,2684713,2,pelvis,swing,-0.1849,0.9504,-0.0817,-8.2397,-6.2866,-26.3062,t008,FIJTB
2529690501,2684729,2,pelvis,swing,-0.2739,1.0055,-0.0239,-3.4790,-8.9722,-28.2593,t008,FIJTB
2529690549,2684745,2,pelvis,swing,-0.2650,0.9872,-0.0315,12.7563,7.3242,-52.1851,t008,FIJTB
2529690550,2684761,2,pelvis,swing,-0.0592,0.9261,-0.0609,11.6577,7.8125,-52.0630,t008,FIJTB
2529690550,2684777,2,pelvis,swing,-0.1361,0.9592,-0.0477,-8.9111,-9.6436,-25.2686,t008,FIJTB
2529690596,2684793,2,pelvis,swing,-0.1642,0.9756,-0.0474,-15.0757,-12.7563,-20.4468,t008,FIJTB
2529690596,2684809,2,pelvis,loading,-0.1514,0.9675,-0.0536,-14.2212,-10.1929,-21.9727,t008,FIJTB
2529690597,2684825,2,pelvis,loading,-0.1510,0.9757,-0.0515,-13.4888,-7.8125,-25.5127,t008,FIJTB
2529690610,2684841,2,pelvis,loading,-0.1636,0.9446,-0.0182,-12.4512,-5.4321,-28.9917,t008,FIJTB
2529690652,2684857,2,pelvis,loading,-0.2048,0.9646,-0.0828,-14.5874,1.8921,-36.3159,t008,FIJTB
2529690652,2684873,2,pelvis,loading,-0.2228,0.9860,-0.1204,-20.0806,5.3101,-42.8467,t008,FIJTB
2529690654,2684889,2,pelvis,loading,-0.1975,1.0315,-0.0985,-21.0571,5.8594,-47.0581,t008,FIJTB
2529690700,2684905,2,pelvis,loading,-0.1406,1.0046,-0.0786,-21.1182,6.5308,-56.8237,t008,FIJTB
2529690702,2684921,2,pelvis,loading,-0.1151,1.0010,-0.0782,-23.9258,7.9956,-63.7817,t008,FIJTB
2529690703,2684937,2,pelvis,loading,-0.0408,0.9916,-0.1101,-25.5737,9.0942,-65.8569,t008,FIJTB
2529690753,2684953,2,pelvis,loading,-0.0310,0.9851,-0.1193,-29.2969,4.8218,-64.6362,t008,FIJTB
2529690754,2684969,2,pelvis,loading,-0.0397,0.9669,-0.1376,-30.7007,2.0142,-61.6455,t008,FIJTB
2529690754,2684985,2,pelvis,loading,-0.0552,1.0121,-0.1471,-35.9497,-1.4648,-55.9692,t008,FIJTB
2529690801,2685001,2,pelvis,loading,-0.0610,1.0231,-0.1467,-37.7197,-3.1738,-59.8755,t008,FIJTB
2529690803,2685017,2,pelvis,loading,0.0149,1.0360,-0.1190,-37.3535,-3.1128,-63.1103,t008,FIJTB
2529690803,2685033,2,pelvis,loading,0.0303,1.0457,-0.1179,-37.5366,-4.4556,-65.9790,t008,FIJTB
2529690853,2685049,2,pelvis,loading,0.0084,1.0559,-0.1162,-36.8042,-6.7139,-69.8242,t008,FIJTB
2529690854,2685065,2,pelvis,loading,0.0079,1.0748,-0.1320,-36.4990,-7.0190,-73.1812,t008,FIJTB
2529690854,2685081,2,pelvis,loading,0.0073,1.0989,-0.1420,-35.6445,-8.5449,-81.5430,t008,FIJTB
2529690903,2685097,2,pelvis,loading,0.0229,1.1477,-0.1328,-35.4004,-8.8501,-87.7075,t008,FIJTB
2529690904,2685113,2,pelvis,loading,0.0406,1.1672,-0.1219,-43.5181,-11.6577,-99.3042,t008,FIJTB
2529690904,2685129,2,pelvis,loading,0.0243,1.2350,-0.1112,-58.8379,-18.0664,-107.2998,t008,FIJTB
2529690954,2685145,2,pelvis,loading,-0.0059,1.3586,-0.0864,-57.9834,-21.7285,-117.0044,t008,FIJTB
2529690955,2685161,2,pelvis,loading,0.0239,1.3396,-0.0023,-51.1475,-33.9966,-130.0659,t008,FIJTB
2529690956,2685177,2,pelvis,loading,0.0179,1.3333,0.0415,-62.0117,-52.4292,-140.3809,t008,FIJTB
2529691002,2685193,2,pelvis,loading,-0.0437,1.3383,0.1151,-67.5659,-62.1948,-142.7002,t008,FIJTB
2529691004,2685209,2,pelvis,loading,-0.0590,1.3263,0.1317,-68.1152,-75.9888,-144.6533,t008,FIJTB
2529691005,2685225,2,pelvis,loading,-0.0427,1.2050,0.0117,-65.6738,-75.5615,-151.3062,t008,FIJTB
2529691022,2685241,2,pelvis,loading,0.0535,1.1652,-0.2648,-67.6270,-58.8989,-182.3730,t008,FIJTB
2529691057,2685257,2,pelvis,loading,0.1819,1.2623,-0.3245,-75.6836,-29.4189,-187.8662,t008,FIJTB
2529691057,2685273,2,pelvis,loading,0.2614,1.3105,-0.2513,-77.3315,-24.3530,-171.3867,t008,FIJTB
2529691058,2685289,2,pelvis,loading,0.3463,1.2092,-0.2842,-66.8335,-37.0483,-144.6533,t008,FIJTB
2529691105,2685305,2,pelvis,loading,0.5166,1.1437,-0.3467,-57.3120,-61.1572,-111.3281,t008,FIJTB
2529691107,2685322,2,pelvis,loading,0.2448,1.0924,-0.3472,-55.5420,-80.6885,-75.9888,t008,FIJTB
2529691107,2685338,2,pelvis,loading,0.0276,0.8937,-0.3033,-40.2832,-94.9097,-36.8042,t008,FIJTB
2529691159,2685354,2,pelvis,loading,-0.3494,0.2585,-0.3074,-21.4844,-90.2710,-41.0767,t008,FIJTB
2529691159,2685370,2,pelvis,loading,-0.3757,0.6036,-0.2516,-11.5356,-59.4482,-11.0474,t008,FIJTB
2529691160,2685386,2,pelvis,loading,-0.5079,0.7375,-0.0981,1.1597,-39.8560,94.6045,t008,FIJTB
2529691208,2685402,2,pelvis,loading,-0.6606,0.3271,-0.1259,20.3857,-41.1987,116.5771,t008,FIJTB
2529691209,2685418,2,pelvis,midstance,-0.5209,0.2650,-0.0807,44.6777,-23.6206,105.2856,t008,FIJTB
2529691209,2685433,2,pelvis,midstance,-0.1654,0.5514,0.0731,71.8384,-12.8174,166.0156,t008,FIJTB
2529691214,2685449,2,pelvis,midstance,-0.0746,0.5575,0.2003,79.4067,-22.2778,207.8247,t008,FIJTB
2529691266,2685465,2,pelvis,midstance,-0.1262,0.5909,0.2365,85.8765,-58.4106,238.2202,t008,FIJTB
2529691267,2685481,2,pelvis,midstance,-0.1638,0.8531,0.2152,90.2100,-69.1528,243.6523,t008,FIJTB
2529691267,2685497,2,pelvis,midstance,-0.2571,0.8317,0.1462,100.8911,-49.1333,252.1362,t008,FIJTB
2529691316,2685512,2,pelvis,midstance,-0.4446,0.8364,0.0732,92.4072,-4.7607,252.4414,t008,FIJTB
2529691317,2685528,2,pelvis,midstance,-0.2324,1.0276,-0.0341,79.2847,24.1089,253.8452,t008,FIJTB
2529691318,2685544,2,pelvis,midstance,-0.1069,1.2028,-0.1302,51.8799,59.7534,260.2539,t008,FIJTB
2529691370,2685560,2,pelvis,midstance,-0.0662,1.5250,-0.2328,41.5039,61.8286,259.5825,t008,FIJTB
2529691370,2685576,2,pelvis,midstance,-0.0220,1.6815,-0.2758,34.3018,62.4390,245.9106,t008,FIJTB
2529691371,2685591,2,pelvis,midstance,0.2719,1.8744,-0.3706,45.4102,61.5845,240.2344,t008,FIJTB
2529691401,2685607,2,pelvis,midstance,0.3469,1.7196,-0.3456,50.5371,49.4995,240.4785,t008,FIJTB
2529691420,2685623,2,pelvis,midstance,0.3234,1.6357,-0.3361,43.5181,19.9585,233.2153,t008,FIJTB
2529691421,2685639,2,pelvis,midstance,0.2357,1.5029,-0.3135,36.1938,14.2822,227.0508,t008,FIJTB
2529691421,2685654,2,pelvis,midstance,0.1758,1.4402,-0.2864,30.0293,14.8926,214.9658,t008,FIJTB
2529691473,2685670,2,pelvis,midstance,0.1493,1.3666,-0.2330,32.8979,17.8833,200.2563,t008,FIJTB
2529691473,2685686,2,pelvis,midstance,0.1826,1.3167,-0.1442,36.2549,20.2637,193.4204,t008,FIJTB
2529691473,2685702,2,pelvis,midstance,0.2029,1.3016,-0.1119,42.8467,28.3203,173.5229,t008,FIJTB
2529691521,2685717,2,pelvis,midstance,0.1127,1.2565,-0.1099,44.0674,35.4614,165.4053,t008,FIJTB
2529691522,2685733,2,pelvis,midstance,0.0570,1.2195,-0.1451,37.5977,58.3496,147.8882,t008,FIJTB
2529691523,2685749,2,pelvis,midstance,0.1295,1.1199,-0.2218,32.7759,71.3501,131.8970,t008,FIJTB
2529691575,2685765,2,pelvis,midstance,0.2737,1.0095,-0.3115,24.2920,84.5337,95.2148,t008,FIJTB
2529691576,2685780,2,pelvis,midstance,0.3081,0.9834,-0.3508,13.1836,82.6416,65.3076,t008,FIJTB
2529691576,2685796,2,pelvis,midstance,0.2899,0.9351,-0.3665,5.3711,82.3364,51.6968,t008,FIJTB
2529691590,2685812,2,pelvis,midstance,0.3311,0.9286,-0.3676,-15.5640,86.4868,15.6250,t008,FIJTB
2529691625,2685828,2,pelvis,terminal,0.4338,0.9388,-0.3962,-24.8413,86.9141,-3.5400,t008,FIJTB
2529691625,2685844,2,pelvis,terminal,0.1986,1.0020,-0.4806,-48.2178,77.5757,-26.7944,t008,FIJTB
2529691625,2685859,2,pelvis,terminal,0.2245,1.0392,-0.4784,-63.9038,90.3931,-54.1382,t008,FIJTB
2529691682,2685875,2,pelvis,terminal,0.2013,1.0267,0.0829,-57.5561,107.9712,-81.9092,t008,FIJTB
2529691683,2685891,2,pelvis,terminal,-0.3805,1.0924,0.6074,-64.3311,98.6938,-78.7354,t008,FIJTB
2529691683,2685907,2,pelvis,terminal,-1.2535,1.3319,0.7904,-101.7456,37.8418,-105.2246,t008,FIJTB
2529691733,2685923,2,pelvis,terminal,0.5597,1.9044,-0.1722,-86.0596,37.4756,-166.0766,t008,FIJTB
2529691735,2685939,2,pelvis,terminal,0.5020,1.3789,-0.2291,-29.8462,55.1147,-149.3530,t008,FIJTB
2529691736,2685955,2,pelvis,terminal,-0.5883,0.6962,0.0999,-47.3022,38.2080,-111.4502,t008,FIJTB
2529691737,2685971,2,pelvis,terminal,-0.2728,1.1066,-0.2430,-83.5571,49.1943,-92.3462,t008,FIJTB
2529691791,2685987,2,pelvis,terminal,0.0513,1.3854,-0.3265,-61.7676,50.3540,-113.6475,t008,FIJTB
2529691792,2686003,2,pelvis,terminal,-0.1113,1.0598,-0.3099,-49.3774,31.3721,-114.3799,t008,FIJTB
2529691793,2686019,2,pelvis,terminal,-0.1066,1.0052,-0.0763,-25.5737,11.5356,-110.1074,t008,FIJTB
2529691846,2686035,2,pelvis,terminal,-0.1467,0.9025,0.0223,2.3193,11.1084,-102.6611,t008,FIJTB
2529691848,2686051,2,pelvis,terminal,-0.1749,0.9240,0.0908,13.6108,7.5073,-62.7441,t008,FIJTB
2529691848,2686066,2,pelvis,terminal,-0.1288,0.9766,0.0148,26.7944,0.0000,-57.5561,t008,FIJTB
2529691848,2686082,2,pelvis,terminal,-0.0663,0.9293,0.0558,8.2397,0.8545,-55.9082,t008,FIJTB
2529691904,2686098,2,pelvis,terminal,-0.1071,0.9293,0.0886,-22.9492,2.1973,-26.1230,t008,FIJTB
2529691904,2686114,2,pelvis,terminal,-0.1915,0.9596,0.0852,-28.1372,2.6855,-20.7520,t008,FIJTB
2529691905,2686130,2,pelvis,terminal,-0.1836,0.9579,-0.0470,-25.7568,7.9956,-20.4468,t008,FIJTB
2529691959,2686146,2,pelvis,terminal,-0.1521,0.9711,-0.0912,-24.1089,-5.4321,-18.9819,t008,FIJTB
2529691960,2686162,2,pelvis,terminal,-0.1001,0.9641,-0.0253,-23.9258,-18.9819,-17.2119,t008,FIJTB
2529691960,2686178,2,pelvis,terminal,-0.1145,0.9655,0.0480,-22.8882,-35.5225,-10.1929,t008,FIJTB
2529691960,2686194,2,pelvis,terminal,-0.1199,0.9883,0.0579,-31.9214,-30.7007,-8.6670,t008,FIJTB
2529692015,2686210,2,pelvis,terminal,-0.1078,0.9987,0.0094,-37.1704,-26.1230,-10.1318,t008,FIJTB
2529692016,2686226,2,pelvis,terminal,-0.1066,0.9728,-0.0388,-33.1421,-21.1792,-11.6577,t008,FIJTB
2529692016,2686242,2,pelvis,terminal,-0.0972,0.9711,-0.0850,-27.8320,-28.2593,-7.3853,t008,FIJTB
2529692068,2686258,2,pelvis,terminal,-0.1096,0.9916,-0.0468,-29.6631,-31.3110,-5.6763,t008,FIJTB
2529692070,2686274,2,pelvis,terminal,-0.1177,0.9934,-0.0377,-30.6396,-28.2593,-8.2397,t008,FIJTB
2529692070,2686290,2,pelvis,terminal,-0.1357,0.9847,-0.0513,-28.9307,-25.0244,-11.6577,t008,FIJTB
2529692097,2686306,2,pelvis,terminal,-0.1313,0.9740,-0.0747,-26.7334,-18.8599,-20.0195,t008,FIJTB
2529692126,2686322,2,pelvis,terminal,-0.1262,0.9645,-0.0776,-26.3062,-13.9160,-24.9634,t008,FIJTB
2529692127,2686338,2,pelvis,terminal,-0.1228,0.9604,-0.0890,-25.8179,-11.7798,-25.8179,t008,FIJTB
2529692127,2686355,2,pelvis,terminal,-0.1075,0.9587,-0.0824,-21.1182,-9.0942,-26.9775,t008,FIJTB
2529692178,2686371,2,pelvis,terminal,-0.0658,0.9564,-0.0759,-20.5078,-5.9814,-24.3530,t008,FIJTB
2529692178,2686387,2,pelvis,terminal,-0.0598,0.9510,-0.0765,-22.7661,-5.4321,-23.8647,t008,FIJTB
2529692179,2686403,2,pelvis,swing,-0.0856,0.9799,-0.0461,-21.5454,-3.2959,-26.1230,t008,FIJTB
2529692218,2686419,2,pelvis,swing,-0.1006,0.9865,-0.0997,-15.9912,1.9531,-35.2783,t008,FIJTB
2529692237,2686435,2,pelvis,swing,-0.1208,0.9677,-0.1727,-17.3950,1.6479,-45.8374,t008,FIJTB
2529692237,2686451,2,pelvis,swing,-0.1334,0.9701,-0.1597,-25.2075,-0.9766,-50.2930,t008,FIJTB
2529692238,2686467,2,pelvis,swing,-0.0360,1.0199,-0.1107,-28.8086,0.2441,-53.7109,t008,FIJTB
2529692289,2686483,2,pelvis,swing,-0.0424,1.0454,-0.1224,-38.6963,0.3662,-57.6172,t008,FIJTB
2529692291,2686499,2,pelvis,swing,-0.0472,1.0582,-0.1348,-41.8091,-0.9766,-63.8428,t008,FIJTB
2529692291,2686515,2,pelvis,swing,0.0018,1.0519,-0.1307,-41.4429,-2.2583,-65.0635,t008,FIJTB
2529692345,2686531,2,pelvis,swing,0.0238,1.0590,-0.1399,-41.8701,-6.6528,-59.0210,t008,FIJTB
2529692345,2686547,2,pelvis,swing,0.0050,1.0717,-0.1882,-42.4805,-8.9722,-60.0586,t008,FIJTB
2529692346,2686563,2,pelvis,swing,0.0176,1.0873,-0.1869,-41.5649,-12.5732,-67.0166,t008,FIJTB
2529692346,2686579,2,pelvis,swing,0.0393,1.0840,-0.1819,-42.1753,-15.9912,-74.3408,t008,FIJTB
2529692395,2686595,2,pelvis,swing,0.0719,1.0880,-0.1674,-45.4102,-17.4561,-78.0029,t008,FIJTB
2529692397,2686611,2,pelvis,swing,0.0709,1.1241,-0.1680,-53.6499,-15.8081,-86.8530,t008,FIJTB
2529692397,2686627,2,pelvis,swing,0.0697,1.1338,-0.1642,-55.2368,-15.5029,-97.9614,t008,FIJTB
2529692450,2686643,2,pelvis,swing,0.1030,1.2086,-0.1464,-52.9785,-16.1743,-101.3794,t008,FIJTB
2529692450,2686659,2,pelvis,swing,0.1118,1.2135,-0.1327,-52.0630,-18.2495,-107.6050,t008,FIJTB
2529692451,2686675,2,pelvis,swing,0.0594,1.2627,-0.1390,-54.8706,-22.2168,-112.8540,t008,FIJTB
2529692501,2686692,2,pelvis,swing,0.0381,1.4438,-0.0992,-64.8193,-40.2832,-122.6196,t008,FIJTB
2529692502,2686707,2,pelvis,swing,0.0198,1.5115,-0.0042,-77.0874,-76.2939,-140.6860,t008,FIJTB
2529692502,2686723,2,pelvis,swing,-0.1001,1.4814,0.2126,-81.0547,-96.8018,-148.8647,t008,FIJTB
2529692543,2686740,2,pelvis,swing,-0.1222,1.3882,0.2634,-77.0264,-132.5684,-163.2080,t008,FIJTB
2529692555,2686755,2,pelvis,swing,-0.1058,1.1957,0.0730,-68.4204,-133.7280,-187.3169,t008,FIJTB
2529692556,2686771,2,pelvis,swing,-0.0150,1.1855,-0.3368,-70.1294,-107.1777,-199.8901,t008,FIJTB
2529692556,2686787,2,pelvis,swing,0.1737,1.1537,-0.3911,-75.3174,-35.0342,-207.0923,t008,FIJTB
2529692604,2686803,2,pelvis,swing,0.6119,1.1348,-0.3229,-72.0825,-14.7705,-199.8901,t008,FIJTB
2529692606,2686820,2,pelvis,swing,0.5242,1.0570,-0.3994,-58.6548,-37.7197,-143.2495,t008,FIJTB
2529692607,2686835,2,pelvis,swing,0.3584,0.9608,-0.5022,-58.4106,-81.1768,-83.8013,t008,FIJTB
2529692660,2686851,2,pelvis,swing,0.0789,0.8027,-0.4899,-57.3120,-92.3462,-61.4014,t008,FIJTB
2529692660,2686867,2,pelvis,swing,0.0049,0.5911,-0.3392,-20.6299,-98.9380,-19.0430,t008,FIJTB
2529692661,2686883,2,pelvis,swing,-0.0291,0.1279,-0.3461,6.7749,-64.0259,-7.7515,t008,FIJTB
2529692710,2686899,2,pelvis,swing,-0.0281,0.4954,-0.0538,-10.6812,-42.9687,28.0151,t008,FIJTB
2529692712,2686915,2,pelvis,swing,-0.2799,0.5278,0.0428,1.1597,-50.8423,165.8325,t008,FIJTB
2529692712,2686931,2,pelvis,swing,-0.6577,0.2648,0.0386,27.6489,-59.3872,206.7261,t008,FIJTB
2529692713,2686947,2,pelvis,swing,-0.5077,0.3335,0.1992,67.9932,-13.8550,191.7114,t008,FIJTB
2529692765,2686963,2,pelvis,swing,-0.3450,0.4099,0.2100,84.1675,39.9780,206.9092,t008,FIJTB
2529692765,2686979,2,pelvis,swing,-0.0580,0.6193,0.2407,82.8247,41.4429,222.1069,t008,FIJTB
2529692766,2686994,2,pelvis,swing,0.0103,0.7810,0.2223,98.9990,18.0054,248.7793,t008,FIJTB
2529692815,2687010,2,pelvis,loading,-0.1979,0.8491,0.0931,108.7036,9.6436,256.2866,t008,FIJTB
2529692816,2687026,2,pelvis,loading,-0.3060,0.9106,0.0431,100.0366,21.3013,250.9765,t008,FIJTB
2529692817,2687042,2,pelvis,loading,0.0000,1.1650,-0.0896,83.8013,54.3213,248.9014,t008,FIJTB
2529692870,2687057,2,pelvis,loading,0.3354,1.6011,-0.2583,87.2803,52.4292,249.3896,t008,FIJTB
2529692871,2687073,2,pelvis,loading,0.2222,1.5594,-0.2621,98.1445,11.5356,239.1357,t008,FIJTB
2529692871,2687089,2,pelvis,loading,0.2249,1.6075,-0.2985,91.6748,-4.4556,230.3467,t008,FIJTB
2529692871,2687105,2,pelvis,loading,0.3881,1.7137,-0.3334,76.6602,-6.5308,220.8862,t008,FIJTB
2529692923,2687121,2,pelvis,loading,0.3375,1.6252,-0.2960,64.4531,-6.0425,210.0220,t008,FIJTB
2529692924,2687136,2,pelvis,loading,0.3905,1.5214,-0.2783,55.9692,-4.9438,202.2705,t008,FIJTB
2529692924,2687152,2,pelvis,loading,0.4324,1.4805,-0.2638,48.4009,0.9766,196.7773,t008,FIJTB
2529692978,2687168,2,pelvis,loading,0.1790,1.2928,-0.1848,45.3491,1.0376,197.0825,t008,FIJTB
2529692979,2687184,2,pelvis,loading,0.1007,1.3127,-0.1444,34.1187,9.2773,185.2417,t008,FIJTB
2529692979,2687199,2,pelvis,loading,0.1420,1.3093,-0.1348,31.7993,26.2451,169.9829,t008,FIJTB
2529693028,2687215,2,pelvis,loading,0.1167,1.2279,-0.0753,31.1279,33.1421,163.1470,t008,FIJTB
2529693029,2687231,2,pelvis,loading,0.0812,1.2228,-0.0410,31.7993,47.4243,146.3013,t008,FIJTB
2529693030,2687247,2,pelvis,loading,0.0785,1.2529,-0.0540,35.4004,55.7251,134.5825,t008,FIJTB
2529693030,2687262,2,pelvis,loading,0.0812,1.1462,-0.1263,41.6260,74.1577,109.9243,t008,FIJTB
2529693084,2687278,2,pelvis,loading,0.0967,1.0754,-0.1647,38.0249,84.0454,96.1304,t008,FIJTB
2529693085,2687294,2,pelvis,loading,0.2269,1.0148,-0.2346,33.5693,82.0923,91.2476,t008,FIJTB
2529693085,2687310,2,pelvis,loading,0.2637,0.9906,-0.2566,24.4141,69.7021,80.3223,t008,FIJTB
2529693135,2687325,2,pelvis,loading,0.2460,0.9064,-0.2444,18.4937,64.3311,72.0825,t008,FIJTB
2529693137,2687341,2,pelvis,loading,0.3025,0.8966,-0.2634,1.5869,58.2886,44.4946,t008,FIJTB
2529693138,2687357,2,pelvis,loading,0.4116,0.9161,-0.3373,-18.9209,52.1851,17.1509,t008,FIJTB
2529693138,2687373,2,pelvis,loading,0.4069,0.8687,-0.3811,-28.8696,50.4761,0.9155,t008,FIJTB
2529693192,2687389,2,pelvis,loading,0.4261,0.8575,-0.3923,-47.1191,48.3398,-34.3018,t008,FIJTB
2529693193,2687404,2,pelvis,loading,0.1522,0.9314,-0.2812,-59.7534,46.9360,-48.6450,t008,FIJTB
2529693193,2687420,2,pelvis,loading,-0.4303,0.9625,0.5048,-64.4531,68.1763,-59.5703,t008,FIJTB
2529693245,2687436,2,pelvis,loading,-0.9005,1.0022,0.7987,-36.2549,58.7158,-45.6543,t008,FIJTB
2529693246,2687452,2,pelvis,loading,-0.7620,1.6696,0.6683,-49.6826,35.8887,-84.8999,t008,FIJTB
2529693281,2687468,2,pelvis,loading,0.0973,2.1338,0.1849,-54.5044,29.7241,-204.9560,t008,FIJTB
2529693300,2687484,2,pelvis,loading,0.3127,1.0103,-0.1025,-31.7993,47.6074,-187.0117,t008,FIJTB
2529693300,2687500,2,pelvis,loading,-0.4072,0.8811,0.0361,-78.6743,28.6865,-86.4868,t008,FIJTB
2529693301,2687516,2,pelvis,loading,-0.2878,1.1168,-0.0968,-77.6978,47.0581,-82.9468,t008,FIJTB
2529693301,2687532,2,pelvis,loading,-0.0238,1.0156,-0.3567,-36.8652,50.9644,-80.2002,t008,FIJTB
2529693351,2687548,2,pelvis,midstance,-0.0914,0.9537,-0.3297,-23.9258,11.9629,-51.1475,t008,FIJTB
2529693351,2687564,2,pelvis,midstance,-0.1478,1.0210,-0.0338,-31.9824,-2.3193,-42.6025,t008,FIJTB
2529693351,2687580,2,pelvis,midstance,-0.1426,1.0079,-0.1077,-17.0898,-12.2681,-38.6963,t008,FIJTB
2529693410,2687596,2,pelvis,midstance,-0.1912,0.9550,-0.0448,-19.5313,-16.6626,-29.4189,t008,FIJTB
2529693410,2687612,2,pelvis,midstance,-0.1768,0.9731,0.0854,-22.0337,-12.9395,-27.0996,t008,FIJTB
2529693411,2687628,2,pelvis,midstance,-0.1932,0.9760,0.0679,-17.8223,-0.8545,-22.1558,t008,FIJTB
2529693411,2687644,2,pelvis,midstance,-0.2141,0.9750,0.0511,-18.4937,4.2725,-21.1792,t008,FIJTB
2529693460,2687660,2,pelvis,midstance,-0.1995,0.9685,-0.0137,-19.9585,4.6387,-22.3999,t008,FIJTB
2529693462,2687676,2,pelvis,midstance,-0.1691,0.9659,-0.0310,-18.7988,-6.3477,-21.2402,t008,FIJTB
2529693463,2687692,2,pelvis,midstance,-0.1737,0.9509,-0.0051,-17.8223,-15.8081,-18.7988,t008,FIJTB
2529693516,2687708,2,pelvis,midstance,-0.2092,0.9558,0.0327,-17.7612,-25.2075,-17.7002,t008,FIJTB
2529693516,2687724,2,pelvis,midstance,-0.1969,0.9600,0.0435,-22.1558,-17.5781,-21.3013,t008,FIJTB
2529693517,2687740,2,pelvis,midstance,-0.1323,0.9703,0.0126,-22.2778,-13.0615,-22.3389,t008,FIJTB
2529693525,2687756,2,pelvis,midstance,-0.1414,0.9871,-0.0577,-24.2310,-11.1694,-22.3389,t008,FIJTB
2529693569,2687772,2,pelvis,midstance,-0.1559,0.9790,-0.0684,-25.3296,-16.4185,-23.6816,t008,FIJTB
2529693570,2687788,2,pelvis,midstance,-0.1680,0.9539,-0.0569,-21.1792,-18.9209,-23.7427,t008,FIJTB
2529693570,2687804,2,pelvis,midstance,-0.1425,0.9740,-0.0490,-16.6016,-17.0898,-24.2920,t008,FIJTB
2529693623,2687820,2,pelvis,midstance,-0.0985,0.9828,-0.0159,-18.5547,-10.0098,-24.9634,t008,FIJTB
2529693624,2687837,2,pelvis,midstance,-0.0939,0.9860,-0.0422,-18.6157,-7.9956,-24.6582,t008,FIJTB
2529693624,2687853,2,pelvis,midstance,-0.1014,0.9800,-0.0573,-19.4092,-7.2632,-25.2075,t008,FIJTB
2529693674,2687869,2,pelvis,midstance,-0.0829,0.9678,-0.0685,-17.6392,-8.6670,-24.8413,t008,FIJTB
2529693676,2687885,2,pelvis,midstance,-0.0771,0.9756,-0.0665,-22.7051,-11.3525,-22.7661,t008,FIJTB
2529693676,2687901,2,pelvis,midstance,-0.0737,0.9591,-0.0582,-31.9824,-13.0005,-20.9351,t008,FIJTB
2529693730,2687917,2,pelvis,midstance,-0.1290,0.9781,-0.0546,-31.8603,-10.5591,-21.3623,t008,FIJTB
2529693731,2687933,2,pelvis,midstance,-0.1112,0.9657,-0.0554,-23.6816,-0.4272,-33.0200,t008,FIJTB
2529693731,2687949,2,pelvis,midstance,-0.0741,0.9615,-0.0571,-24.6582,4.2725,-37.8418,t008,FIJTB
2529693731,2687965,2,pelvis,midstance,-0.1401,0.9808,-0.1354,-24.9023,4.4556,-39.5508,t008,FIJTB
2529693780,2687981,2,pelvis,midstance,-0.1429,0.9830,-0.1558,-21.9116,3.7842,-49.3164,t008,FIJTB
2529693780,2687997,2,pelvis,terminal,-0.0712,1.0422,-0.1350,-23.6206,4.8828,-55.4199,t008,FIJTB
2529693781,2688013,2,pelvis,terminal,-0.0399,0.9996,-0.1053,-28.0151,7.2021,-66.2231,t008,FIJTB
2529693838,2688029,2,pelvis,terminal,-0.0061,0.9946,-0.1141,-32.1655,7.8735,-69.2139,t008,FIJTB
2529693839,2688045,2,pelvis,terminal,0.0140,1.0048,-0.1301,-34.9731,6.5918,-68.4204,t008,FIJTB
2529693839,2688060,2,pelvis,terminal,0.0104,1.0190,-0.1394,-35.2173,5.1880,-64.5142,t008,FIJTB
2529693848,2688076,2,pelvis,terminal,0.0156,1.0453,-0.1541,-34.6069,4.0283,-64.4531,t008,FIJTB
2529693891,2688092,2,pelvis,terminal,0.0198,1.0791,-0.1461,-34.9731,-1.1597,-68.4204,t008,FIJTB
2529693892,2688108,2,pelvis,terminal,0.0404,1.0720,-0.1467,-37.7808,-6.6528,-73.7915,t008,FIJTB
2529693893,2688124,2,pelvis,terminal,0.0330,1.0890,-0.1697,-39.4897,-8.7891,-76.9043,t008,FIJTB
2529693945,2688140,2,pelvis,terminal,-0.0071,1.1104,-0.1932,-41.3818,-13.0005,-85.6934,t008,FIJTB
2529693946,2688156,2,pelvis,terminal,0.0044,1.1406,-0.1857,-46.4478,-13.2446,-97.1069,t008,FIJTB
2529693946,2688172,2,pelvis,terminal,0.0756,1.1929,-0.1434,-50.2319,-12.6953,-102.6001,t008,FIJTB
2529693995,2688188,2,pelvis,terminal,0.1097,1.2013,-0.1027,-60.5469,-13.3667,-112.9761,t008,FIJTB
2529693998,2688204,2,pelvis,terminal,0.1525,1.2767,-0.0742,-64.5752,-14.2212,-118.6523,t008,FIJTB
2529693998,2688220,2,pelvis,terminal,0.1025,1.3712,-0.0935,-69.3970,-24.7803,-120.8496,t008,FIJTB
2529694051,2688236,2,pelvis,terminal,0.0631,1.3848,-0.0398,-78.6743,-53.1616,-132.1411,t008,FIJTB
2529694052,2688252,2,pelvis,terminal,0.0680,1.4232,0.1366,-85.9985,-72.3267,-142.8833,t008,FIJTB
2529694052,2688268,2,pelvis,terminal,0.0729,1.4421,0.2672,-91.5527,-112.3657,-159.3018,t008,FIJTB
2529694053,2688284,2,pelvis,terminal,0.2047,1.3906,0.4657,-53.5278,-142.3950,-174.1333,t008,FIJTB
2529694101,2688300,2,pelvis,terminal,0.1544,1.0151,0.1837,-39.3677,-141.0522,-186.3403,t008,FIJTB
2529694102,2688316,2,pelvis,terminal,0.0596,0.9697,-0.1680,-62.9272,-76.1719,-197.4487,t008,FIJTB
2529694103,2688332,2,pelvis,terminal,0.2516,1.3260,-0.5529,-85.0220,-22.2778,-185.5469,t008,FIJTB
2529694117,2688348,2,pelvis,terminal,0.6178,1.2758,-0.3501,-70.5566,32.1655,-127.5024,t008,FIJTB
2529694156,2688364,2,pelvis,terminal,0.7354,1.0250,-0.3926,-25.3906,-9.7046,-99.3042,t008,FIJTB
2529694157,2688380,2,pelvis,terminal,0.5050,0.8475,-0.5042,-28.7476,-41.4429,-81.0547,t008,FIJTB
2529694205,2688396,2,pelvis,terminal,0.1271,0.8135,-0.4839,-39.3066,-80.1392,-5.7373,t008,FIJTB
2529694205,2688412,2,pelvis,terminal,-0.7111,0.3380,-0.3304,-20.1416,-66.9556,8.8501,t008,FIJTB
2529694207,2688428,2,pelvis,terminal,-0.6349,0.4866,-0.2610,12.2070,7.0801,11.1694,t008,FIJTB
2529694208,2688443,2,pelvis,terminal,-0.4464,0.7174,-0.1029,5.7373,21.7895,83.1299,t008,FIJTB
2529694262,2688459,2,pelvis,terminal,-0.2506,0.5629,-0.0173,21.1182,0.0610,108.5205,t008,FIJTB
2529694263,2688475,2,pelvis,terminal,-0.1892,0.3876,-0.0696,55.6641,-31.2500,112.1826,t008,FIJTB
2529694263,2688491,2,pelvis,terminal,-0.1752,0.4272,-0.0825,63.7817,-32.4707,120.8496,t008,FIJTB
2529694312,2688507,2,pelvis,terminal,-0.3199,0.5461,0.0356,88.6230,-46.3257,198.6084,t008,FIJTB
2529694312,2688522,2,pelvis,terminal,-0.3644,0.5538,0.1267,88.6841,-68.1763,236.6943,t008,FIJTB
2529694313,2688538,2,pelvis,swing,-0.3396,0.7349,0.1207,87.7685,-69.1528,231.1401,t008,FIJTB
2529694363,2688554,2,pelvis,swing,-0.2939,0.8406,0.0801,99.4263,-57.9224,232.6050,t008,FIJTB
2529694370,2688570,2,pelvis,swing,-0.2185,0.9568,0.0548,100.3418,-46.1426,238.2202,t008,FIJTB
2529694371,2688585,2,pelvis,swing,-0.1512,1.0538,-0.0710,83.0078,-5.9814,248.3520,t008,FIJTB
2529694371,2688601,2,pelvis,swing,-0.1149,1.2013,-0.1439,57.6782,29.6020,265.3198,t008,FIJTB
2529694421,2688617,2,pelvis,swing,-0.0846,1.4657,-0.1958,51.9409,39.6118,270.1416,t008,FIJTB
2529694422,2688633,2,pelvis,swing,-0.0197,1.5626,-0.2124,49.1333,44.3115,260.0708,t008,FIJTB
2529694423,2688648,2,pelvis,swing,0.1965,1.7573,-0.3567,47.0581,41.9311,251.3428,t008,FIJTB
2529694475,2688664,2,pelvis,swing,0.3187,1.8158,-0.4216,45.4712,35.8276,250.9155,t008,FIJTB
2529694476,2688680,2,pelvis,swing,0.3643,1.8047,-0.3947,50.7202,23.0713,249.7558,t008,FIJTB
2529694476,2688696,2,pelvis,swing,0.3905,1.6687,-0.3119,52.7344,16.3574,246.5820,t008,FIJTB
2529694476,2688711,2,pelvis,swing,0.3103,1.5646,-0.2585,49.9878,4.8828,240.8447,t008,FIJTB
2529694524,2688727,2,pelvis,swing,0.1802,1.4402,-0.1799,45.9595,1.1597,230.2246,t008,FIJTB
2529694525,2688743,2,pelvis,swing,0.2946,1.4344,-0.1693,38.7573,5.3711,200.1953,t008,FIJTB
2529694526,2688758,2,pelvis,swing,0.2740,1.3759,-0.1256,38.8794,18.7988,178.8940,t008,FIJTB
2529694579,2688774,2,pelvis,swing,0.2269,1.2864,-0.0948,38.0249,26.9165,164.7949,t008,FIJTB
2529694579,2688790,2,pelvis,swing,0.2487,1.2612,-0.1195,35.7056,48.2788,136.1084,t008,FIJTB
2529694580,2688805,2,pelvis,swing,0.2843,1.1615,-0.2024,33.8745,56.7017,125.4272,t008,FIJTB
2529694628,2688821,2,pelvis,swing,0.3026,1.0229,-0.2659,27.3437,56.6406,100.8301,t008,FIJTB
2529694631,2688837,2,pelvis,swing,0.3414,0.9894,-0.2883,15.4419,42.5415,72.0215,t008,FIJTB
2529694631,2688853,2,pelvis,swing,0.3639,0.9661,-0.2931,7.8735,36.9263,59.3872,t008,FIJTB
2529694683,2688868,2,pelvis,swing,0.3497,0.9553,-0.2849,-8.6670,34.7290,30.6396,t008,FIJTB
2529694683,2688884,2,pelvis,swing,0.4102,0.9591,-0.3087,-16.2964,38.3911,12.2681,t008,FIJTB
2529694684,2688900,2,pelvis,swing,0.4379,0.9364,-0.2874,-28.6255,51.1475,-24.4751,t008,FIJTB
2529694684,2688916,2,pelvis,swing,0.3285,0.9651,-0.2504,-41.2598,64.2090,-56.7627,t008,FIJTB
2529694733,2688932,2,pelvis,swing,-0.0206,1.0825,-0.0002,-38.8794,75.8057,-60.5469,t008,FIJTB
2529694735,2688948,2,pelvis,swing,-0.2502,1.0603,0.3385,-8.1787,86.9751,-65.9790,t008,FIJTB
2529694735,2688963,2,pelvis,swing,-1.2050,0.8243,0.6279,-4.6997,64.6973,-79.3457,t008,FIJTB
2529694788,2688979,2,pelvis,swing,-0.5533,1.3209,0.4056,-34.5459,40.1001,-137.9395,t008,FIJTB
2529694789,2688995,2,pelvis,swing,0.0360,1.6851,0.0632,-65.9790,54.5044,-154.2358,t008,FIJTB
2529694790,2689011,2,pelvis,swing,0.0922,1.3575,-0.0044,-64.8193,53.8330,-139.9536,t008,FIJTB
2529694838,2689027,2,pelvis,swing,-0.2780,0.9961,0.1505,-56.3965,51.4526,-118.4692,t008,FIJTB
2529694839,2689043,2,pelvis,loading,-0.3481,0.7476,0.0630,-56.2134,60.1807,-115.3564,t008,FIJTB
2529694840,2689059,2,pelvis,loading,0.1106,0.9810,-0.1884,-46.8750,50.7812,-87.4634,t008,FIJTB
2529694840,2689075,2,pelvis,loading,0.0627,1.1671,-0.2240,-47.9126,0.3052,-47.7295,t008,FIJTB
2529694898,2689091,2,pelvis,loading,-0.3781,1.0215,-0.1005,-45.6543,-7.5073,-42.4805,t008,FIJTB
2529694899,2689107,2,pelvis,loading,-0.2794,1.0261,-0.0544,-40.1001,1.8311,-49.3774,t008,FIJTB
2529694899,2689123,2,pelvis,loading,-0.0469,0.9980,-0.0752,-28.5645,-1.0986,-42.1143,t008,FIJTB
2529694908,2689139,2,pelvis,loading,-0.1566,0.9460,0.0000,-23.8037,-5.7983,-32.2266,t008,FIJTB
2529694951,2689155,2,pelvis,loading,-0.1681,0.9973,0.0149,-19.7144,-8.1177,-25.5737,t008,FIJTB
2529694953,2689171,2,pelvis,loading,-0.1790,0.9771,0.0428,-20.0195,-6.7139,-24.7803,t008,FIJTB
2529694954,2689187,2,pelvis,loading,-0.2100,0.9500,0.0105,-28.4424,-5.6763,-19.5923,t008,FIJTB
2529695008,2689203,2,pelvis,loading,-0.2549,0.9395,-0.0300,-31.3110,-6.4697,-15.7471,t008,FIJTB
2529695008,2689219,2,pelvis,loading,-0.2311,0.9825,-0.0781,-32.2876,-5.1270,-15.8691,t008,FIJTB
2529695009,2689235,2,pelvis,loading,-0.1718,0.9915,-0.0488,-19.6533,-5.2490,-18.0054,t008,FIJTB
2529695062,2689251,2,pelvis,loading,-0.1456,0.9664,-0.0319,-13.3057,-19.5313,-13.0005,t008,FIJTB
2529695063,2689267,2,pelvis,loading,-0.1422,0.9719,-0.0044,-18.8599,-24.7803,-7.3242,t008,FIJTB
2529695063,2689283,2,pelvis,loading,-0.1316,0.9730,0.0107,-23.4985,-30.4565,0.6714,t008,FIJTB
2529695096,2689299,2,pelvis,loading,-0.1741,0.9814,-0.0366,-20.6299,-30.8838,0.3662,t008,FIJTB
2529695116,2689315,2,pelvis,loading,-0.2086,0.9799,-0.0798,-18.7988,-27.3437,-7.2021,t008,FIJTB
2529695117,2689331,2,pelvis,loading,-0.2008,0.9614,-0.0751,-13.6719,-24.7192,-15.2588,t008,FIJTB
2529695117,2689347,2,pelvis,loading,-0.2076,0.9586,-0.0758,-10.8032,-23.9868,-18.1885,t008,FIJTB
2529695168,2689363,2,pelvis,loading,-0.1998,0.9639,-0.0817,-11.1694,-19.2871,-23.5596,t008,FIJTB
2529695170,2689379,2,pelvis,loading,-0.1477,0.9661,-0.0531,-11.9629,-21.9116,-18.7378,t008,FIJTB
2529695171,2689395,2,pelvis,loading,-0.1631,0.9869,-0.0544,-4.7607,-21.4233,-24.5361,t008,FIJTB
2529695225,2689411,2,pelvis,loading,-0.1442,0.9624,-0.0748,-2.0752,-21.4844,-34.1797,t008,FIJTB
2529695226,2689427,2,pelvis,loading,-0.1488,0.9286,-0.0834,-10.7422,-23.4375,-29.1748,t008,FIJTB
2529695226,2689443,2,pelvis,loading,-0.1716,0.9551,-0.0811,-23.9258,-24.4141,-18.1274,t008,FIJTB
2529695227,2689459,2,pelvis,loading,-0.1749,0.9576,-0.0763,-14.7705,-19.7754,-26.6113,t008,FIJTB
2529695277,2689475,2,pelvis,loading,-0.1520,0.9244,-0.0529,-12.9395,-14.2822,-30.9448,t008,FIJTB
2529695279,2689491,2,pelvis,loading,-0.1499,1.0054,-0.0919,-21.3013,-5.9814,-30.1514,t008,FIJTB
2529695279,2689507,2,pelvis,loading,-0.1835,1.0258,-0.1058,-27.7710,-2.9907,-34.7900,t008,FIJTB
2529695334,2689523,2,pelvis,loading,-0.1978,1.0060,-0.1283,-25.8789,-1.4648,-43.0908,t008,FIJTB
2529695334,2689539,2,pelvis,loading,-0.1787,1.0056,-0.1321,-24.1699,-0.6714,-58.0444,t008,FIJTB
2529695335,2689555,2,pelvis,midstance,-0.0891,1.0074,-0.1255,-24.2310,-0.8545,-63.4766,t008,FIJTB
2529695343,2689571,2,pelvis,midstance,-0.0487,0.9918,-0.1328,-27.7100,1.0376,-70.2515,t008,FIJTB
2529695387,2689587,2,pelvis,midstance,-0.0475,0.9961,-0.1466,-32.2266,0.1831,-69.7632,t008,FIJTB
2529695388,2689603,2,pelvis,midstance,-0.0299,1.0104,-0.1621,-35.4004,-0.4883,-67.8101,t008,FIJTB
2529695389,2689619,2,pelvis,midstance,-0.0084,1.0159,-0.1500,-41.8091,-3.2959,-61.2793,t008,FIJTB
2529695444,2689635,2,pelvis,midstance,0.0111,1.0308,-0.1476,-45.9595,-6.7749,-63.9648,t008,FIJTB
2529695445,2689651,2,pelvis,midstance,-0.0028,1.0458,-0.1696,-47.1802,-9.2163,-65.7349,t008,FIJTB
2529695446,2689667,2,pelvis,midstance,-0.0032,1.0529,-0.1766,-49.8047,-13.4277,-69.8242,t008,FIJTB
2529695495,2689683,2,pelvis,midstance,-0.0098,1.0627,-0.1907,-51.4526,-15.5029,-72.0825,t008,FIJTB
2529695497,2689699,2,pelvis,midstance,0.0206,1.1055,-0.1721,-55.9082,-19.8975,-78.9795,t008,FIJTB
2529695498,2689715,2,pelvis,midstance,0.0266,1.1475,-0.1742,-61.7676,-23.3765,-89.5386,t008,FIJTB
2529695498,2689731,2,pelvis,midstance,0.0156,1.2086,-0.1564,-66.2231,-26.5503,-96.6186,t008,FIJTB
2529695552,2689747,2,pelvis,midstance,0.0120,1.2280,-0.1223,-72.4487,-36.8042,-114.4409,t008,FIJTB
2529695553,2689763,2,pelvis,midstance,0.0674,1.4026,-0.0668,-72.5708,-49.6216,-124.2676,t008,FIJTB
2529695553,2689779,2,pelvis,midstance,0.0056,1.5267,-0.0343,-75.1343,-58.7158,-131.9580,t008,FIJTB
2529695603,2689795,2,pelvis,midstance,-0.0493,1.5228,0.0140,-84.2285,-91.4307,-163.5132,t008,FIJTB
2529695606,2689811,2,pelvis,midstance,-0.1041,1.4703,0.1865,-87.7075,-110.1684,-174.1943,t008,FIJTB
2529695606,2689827,2,pelvis,midstance,-0.0209,1.3715,0.1675,-73.3643,-136.9629,-176.0864,t008,FIJTB
2529695659,2689843,2,pelvis,midstance,-0.0021,1.2932,-0.0491,-61.1572,-125.1831,-190.3076,t008,FIJTB
2529695660,2689859,2,pelvis,midstance,0.0664,1.3300,-0.3433,-70.0073,-95.9473,-192.8100,t008,FIJTB
2529695660,2689875,2,pelvis,midstance,0.0482,1.3695,-0.3219,-79.5898,-50.0488,-178.1006,t008,FIJTB
2529695661,2689891,2,pelvis,midstance,0.1118,1.1625,-0.4098,-76.4771,-48.6450,-170.2270,t008,FIJTB
2529695712,2689907,2,pelvis,midstance,0.7297,1.2789,-0.5134,-58.2275,-45.5933,-155.9448,t008,FIJTB
2529695713,2689923,2,pelvis,midstance,0.6451,1.2009,-0.4941,-32.2266,-72.9370,-66.0400,t008,FIJTB
2529695713,2689939,2,pelvis,midstance,-0.0897,0.6897,-0.3223,-25.5127,-88.8061,-25.5737,t008,FIJTB
2529695767,2689955,2,pelvis,midstance,-0.4495,0.0979,-0.3068,3.4180,-78.4302,-9.2163,t008,FIJTB
2529695767,2689971,2,pelvis,midstance,-0.3792,0.1733,-0.3967,11.0474,-17.3340,10.3760,t008,FIJTB
2529695768,2689987,2,pelvis,midstance,-0.4042,0.6255,-0.0132,3.2349,5.8594,59.9365,t008,FIJTB
2529695768,2690003,2,pelvis,midstance,-0.4705,0.5404,0.0664,37.1094,-3.9062,145.5688,t008,FIJTB
2529695818,2690019,2,pelvis,midstance,-0.3638,0.2324,0.0604,59.8144,-9.2773,152.7100,t008,FIJTB
2529695819,2690035,2,pelvis,terminal,-0.2234,0.3773,0.1189,74.5850,12.1460,155.8838,t008,FIJTB
2529695820,2690050,2,pelvis,terminal,-0.2206,0.4718,0.1343,88.1348,5.6152,218.3838,t008,FIJTB
2529695875,2690066,2,pelvis,terminal,-0.2402,0.5867,0.1659,90.5762,-6.5308,243.1030,t008,FIJTB
2529695876,2690082,2,pelvis,terminal,-0.2281,0.6853,0.1509,95.1538,-2.9297,256.2256,t008,FIJTB
2529695876,2690098,2,pelvis,terminal,-0.2399,0.8954,0.0681,103.4546,12.2070,259.6436,t008,FIJTB
2529695927,2690113,2,pelvis,terminal,-0.3109,0.9834,0.0009,118.8965,36.4380,261.5356,t008,FIJTB
2529695928,2690129,2,pelvis,terminal,-0.3154,1.0057,-0.0692,110.0464,55.9082,262.3291,t008,FIJTB
2529695929,2690145,2,pelvis,terminal,-0.1438,1.3431,-0.2377,95.5810,69.2749,264.8926,t008,FIJTB
2529695930,2690161,2,pelvis,terminal,-0.0764,1.5426,-0.3224,83.0078,78.5522,259.7656,t008,FIJTB
2529695983,2690177,2,pelvis,terminal,0.0126,1.7708,-0.5354,82.7637,75.8667,255.3100,t008,FIJTB
2529695984,2690192,2,pelvis,terminal,0.2455,1.9121,-0.5811,80.6274,68.4204,250.7934,t008,FIJTB
2529695984,2690208,2,pelvis,terminal,0.3420,1.9125,-0.6104,74.9512,50.2930,248.2300,t008,FIJTB
2529696036,2690224,2,pelvis,terminal,0.2382,1.6785,-0.6427,65.2466,40.2832,246.3989,t008,FIJTB
2529696038,2690240,2,pelvis,terminal,0.1785,1.5952,-0.5813,41.4429,39.9170,236.8164,t008,FIJTB
2529696038,2690255,2,pelvis,terminal,0.1793,1.4933,-0.4371,35.2783,44.3115,229.4922,t008,FIJTB
2529696038,2690271,2,pelvis,terminal,0.1294,1.3750,-0.3604,28.5645,41.5649,214.3555,t008,FIJTB
2529696092,2690287,2,pelvis,terminal,0.1206,1.3402,-0.2468,28.1372,32.7148,198.1811,t008,FIJTB
2529696092,2690303,2,pelvis,terminal,0.2137,1.2997,0.0704,33.3252,29.2358,185.7300,t008,FIJTB
2529696093,2690318,2,pelvis,terminal,0.2388,1.3052,0.0660,42.9687,33.7524,149.4141,t008,FIJTB
2529696145,2690334,2,pelvis,terminal,0.1893,1.2869,-0.1624,42.7856,48.4009,135.3760,t008,FIJTB
2529696146,2690350,2,pelvis,terminal,0.2950,1.0950,-0.2681,38.9404,79.2847,108.2764,t008,FIJTB
2529696181,2690365,2,pelvis,terminal,0.3822,1.0133,-0.2960,27.6489,70.7397,68.9697,t008,FIJTB
2529696199,2690381,2,pelvis,terminal,0.4792,0.9271,-0.2958,18.8599,57.0068,52.9175,t008,FIJTB
2529696200,2690397,2,pelvis,terminal,0.4448,0.9230,-0.2865,-4.9438,45.7764,27.4658,t008,FIJTB
2529696200,2690412,2,pelvis,terminal,0.3245,0.9613,-0.3042,-16.9067,52.5513,13.6108,t008,FIJTB
2529696200,2690428,2,pelvis,terminal,0.3356,0.9788,-0.3395,-33.5693,69.8853,-24.6582,t008,FIJTB
2529696250,2690444,2,pelvis,terminal,0.2312,1.0771,-0.6134,-44.7388,62.3169,-60.0586,t008,FIJTB
2529696251,2690460,2,pelvis,terminal,0.1876,1.1515,-0.3409,-42.9077,52.8564,-80.8105,t008,FIJTB
2529696252,2690476,2,pelvis,terminal,-0.2871,1.1486,0.2118,-19.4092,33.8745,-82.0312,t008,FIJTB
2529696307,2690492,2,pelvis,terminal,-1.4434,0.6527,0.6227,-6.6528,14.2212,-71.2280,t008,FIJTB
2529696308,2690507,2,pelvis,terminal,-0.2753,1.1522,0.4288,-49.3774,27.5269,-126.8310,t008,FIJTB
2529696308,2690523,2,pelvis,terminal,0.2136,1.5098,0.3752,-58.4717,63.2324,-154.0527,t008,FIJTB
2529696308,2690539,2,pelvis,terminal,-0.1626,1.2988,-0.0052,-59.6924,47.3022,-131.2866,t008,FIJTB
2529696359,2690555,2,pelvis,swing,-0.3022,1.1221,-0.0077,-61.0352,22.8271,-104.0039,t008,FIJTB
2529696359,2690571,2,pelvis,swing,-0.3480,0.8818,0.0099,-65.3687,30.3345,-101.0742,t008,FIJTB
2529696360,2690587,2,pelvis,swing,-0.0657,1.0381,-0.0223,-67.1387,39.3066,-85.0830,t008,FIJTB
2529696420,2690603,2,pelvis,swing,0.0449,1.1184,-0.1260,-32.1655,5.4321,-74.1577,t008,FIJTB
2529696420,2690619,2,pelvis,swing,-0.2468,0.9662,-0.2655,-27.4048,-13.7329,-63.7207,t008,FIJTB
2529696421,2690635,2,pelvis,swing,-0.3326,0.9641,-0.1425,-54.5044,-30.7007,-44.8608,t008,FIJTB
2529696421,2690651,2,pelvis,swing,-0.1031,1.0925,-0.0669,-68.1763,-26.6113,-46.6309,t008,FIJTB
2529696474,2690667,2,pelvis,swing,-0.2916,0.9286,-0.0427,-60.0586,-20.2026,-36.0718,t008,FIJTB
2529696476,2690683,2,pelvis,swing,-0.2583,0.9871,-0.0238,-57.8613,-8.5449,-36.4380,t008,FIJTB
2529696477,2690699,2,pelvis,swing,-0.1809,0.9774,0.0059,-48.2178,-0.9155,-41.3208,t008,FIJTB
2529696532,2690715,2,pelvis,swing,-0.1681,0.9573,-0.0426,-33.0811,4.8828,-32.3486,t008,FIJTB
2529696532,2690730,2,pelvis,swing,-0.1544,0.9430,-0.0889,-31.0059,1.9531,-21.3623,t008,FIJTB
2529696533,2690746,2,pelvis,swing,-0.2272,0.9426,-0.1165,-33.7524,-4.5776,-16.1133,t008,FIJTB
2529696533,2690762,2,pelvis,swing,-0.2542,0.9570,-0.1237,-29.2969,-14.5264,-11.6577,t008,FIJTB
2529696584,2690778,2,pelvis,swing,-0.1819,0.9707,-0.1012,-24.9634,-15.1978,-11.9019,t008,FIJTB
2529696585,2690794,2,pelvis,swing,-0.2069,0.9514,-0.0664,-16.7847,-17.2729,-6.9580,t008,FIJTB
2529696586,2690810,2,pelvis,swing,-0.1985,0.9576,-0.0422,-3.2349,-18.3105,-2.9907,t008,FIJTB
2529696642,2690826,2,pelvis,swing,-0.1965,0.9281,0.0155,10.1318,-16.4185,-1.5259,t008,FIJTB
2529696642,2690842,2,pelvis,swing,-0.2208,0.9432,-0.0436,51.3306,-18.4937,-2.1973,t008,FIJTB
2529696643,2690858,2,pelvis,swing,-0.2400,0.9667,-0.1429,-1.5869,-14.9536,-19.2871,t008,FIJTB
2529696643,2690874,2,pelvis,swing,-0.1547,0.9789,-0.0620,-12.3291,-12.9395,-21.7285,t008,FIJTB
2529696695,2690890,2,pelvis,swing,-0.1580,0.9675,-0.0516,0.0000,-16.9067,-24.7803,t008,FIJTB
2529696695,2690906,2,pelvis,swing,-0.2051,0.9515,-0.0565,-1.5869,-18.7378,-26.1841,t008,FIJTB
2529696696,2690922,2,pelvis,swing,-0.1956,0.9617,-0.0408,-8.4229,-11.5356,-32.7148,t008,FIJTB
2529696750,2690938,2,pelvis,swing,-0.1483,0.9692,-0.0574,-8.1787,-9.1553,-43.1519,t008,FIJTB
2529696750,2690954,2,pelvis,swing,-0.1288,0.9685,-0.0798,-15.0146,-11.0474,-42.6636,t008,FIJTB
2529696751,2690970,2,pelvis,swing,-0.1418,0.9705,-0.0803,-26.1230,-12.3291,-40.6494,t008,FIJTB
2529696801,2690986,2,pelvis,swing,-0.1786,0.9575,-0.0983,-18.7988,-9.7656,-40.8936,t008,FIJTB
2529696803,2691002,2,pelvis,swing,-0.1351,0.9867,-0.1035,-18.3716,-7.3242,-42.7246,t008,FIJTB
2529696804,2691018,2,pelvis,swing,-0.1202,0.9778,-0.0977,-20.3857,-3.7842,-45.4102,t008,FIJTB
2529696804,2691034,2,pelvis,swing,-0.0752,0.9698,-0.0958,-20.9961,-2.3193,-45.9595,t008,FIJTB
2529696859,2691050,2,pelvis,swing,-0.0447,0.9688,-0.0695,-23.3765,1.5259,-44.1894,t008,FIJTB
2529696860,2691066,2,pelvis,swing,-0.0389,0.9860,-0.0820,-23.9258,5.6152,-44.4336,t008,FIJTB
2529696860,2691082,2,pelvis,swing,-0.0811,0.9851,-0.1432,-24.1699,6.0425,-47.1802,t008,FIJTB
2529696911,2691098,2,pelvis,swing,-0.1079,0.9675,-0.1531,-21.6675,4.3945,-52.5513,t008,FIJTB
2529696912,2691114,2,pelvis,loading,-0.0792,1.0076,-0.1573,-22.5830,3.2959,-55.6641,t008,FIJTB
2529696912,2691130,2,pelvis,loading,0.0104,1.0449,-0.1305,-31.6162,1.5259,-62.1948,t008,FIJTB
2529696913,2691146,2,pelvis,loading,0.0125,1.0404,-0.1382,-42.4805,0.7935,-65.6738,t008,FIJTB
2529696972,2691162,2,pelvis,loading,0.0099,1.0220,-0.1514,-43.7622,1.0376,-66.8945,t008,FIJTB
2529696973,2691178,2,pelvis,loading,0.0510,1.0316,-0.1536,-40.7715,0.4272,-65.0635,t008,FIJTB
2529696973,2691193,2,pelvis,loading,0.1042,1.0153,-0.1758,-40.3442,-4.6997,-62.0728,t008,FIJTB
2529696982,2691209,2,pelvis,loading,0.0839,1.0270,-0.2095,-41.3818,-8.4839,-61.3403,t008,FIJTB
2529697025,2691225,2,pelvis,loading,0.0574,1.0538,-0.2169,-41.7480,-15.4419,-58.6548,t008,FIJTB
2529697025,2691241,2,pelvis,loading,0.0306,1.0769,-0.2350,-45.4712,-17.3340,-60.1807,t008,FIJTB
2529697028,2691257,2,pelvis,loading,0.0906,1.0842,-0.2196,-54.1992,-15.7471,-64.3311,t008,FIJTB
2529697083,2691273,2,pelvis,loading,0.0881,1.0836,-0.2341,-59.0210,-15.3198,-66.8945,t008,FIJTB
2529697083,2691289,2,pelvis,loading,0.0388,1.1284,-0.2297,-58.9600,-16.1133,-67.9321,t008,FIJTB
2529697084,2691305,2,pelvis,loading,0.0359,1.1733,-0.1954,-51.5747,-18.7378,-79.7729,t008,FIJTB
2529697135,2691321,2,pelvis,loading,0.0710,1.2201,-0.1512,-50.1709,-18.3105,-89.2944,t008,FIJTB
2529697137,2691337,2,pelvis,loading,0.0116,1.3175,-0.2013,-51.4526,-24.9634,-105.2246,t008,FIJTB
2529697137,2691353,2,pelvis,loading,-0.0413,1.3373,-0.1770,-57.7393,-44.6167,-127.5024,t008,FIJTB
2529697137,2691369,2,pelvis,loading,-0.0964,1.3682,-0.0306,-62.6831,-56.5796,-139.5264,t008,FIJTB
2529697192,2691385,2,pelvis,loading,0.0270,1.4193,0.1240,-70.2515,-85.3882,-146.7896,t008,FIJTB
2529697193,2691401,2,pelvis,loading,0.0747,1.4208,0.2301,-64.7583,-120.2393,-158.8135,t008,FIJTB
2529697194,2691417,2,pelvis,loading,0.1875,1.3572,0.5227,-55.3589,-133.8501,-174.3164,t008,FIJTB
2529697246,2691433,2,pelvis,loading,0.3196,1.3026,0.3069,-38.2690,-135.1929,-212.2192,t008,FIJTB
2529697246,2691449,2,pelvis,loading,0.1855,1.2875,-0.5071,-59.2041,-99.9756,-214.9048,t008,FIJTB
2529697247,2691465,2,pelvis,loading,0.1797,1.5115,-0.7826,-108.5205,-1.4038,-160.2783,t008,FIJTB
2529697247,2691481,2,pelvis,loading,0.2919,1.5459,-0.7646,-74.9512,2.5635,-123.9624,t008,FIJTB
2529697301,2691496,2,pelvis,loading,0.2736,1.1600,-0.4845,-43.7012,-15.2588,-119.0185,t008,FIJTB
2529697302,2691512,2,pelvis,midstance,0.0103,0.8643,-0.3076,-13.0005,-43.0298,-60.1196,t008,FIJTB
2529697302,2691528,2,pelvis,midstance,-0.5502,0.3199,-0.2274,-4.0894,-46.0205,-24.4141,t008,FIJTB
2529697354,2691544,2,pelvis,midstance,-0.3738,0.4469,-0.1593,-2.3804,-13.6719,8.1787,t008,FIJTB
2529697356,2691560,2,pelvis,midstance,-0.3099,0.5874,-0.0696,0.7324,12.0239,53.4058,t008,FIJTB
2529697357,2691576,2,pelvis,midstance,-0.3417,0.4358,-0.0052,19.2871,0.7324,89.7827,t008,FIJTB
2529697357,2691592,2,pelvis,midstance,-0.3167,0.2913,-0.0239,52.7954,-22.5220,125.7324,t008,FIJTB
2529697412,2691608,2,pelvis,midstance,-0.2360,0.3043,-0.0059,56.9458,-5.0659,148.0103,t008,FIJTB
2529697412,2691624,2,pelvis,midstance,-0.1644,0.5607,0.0258,70.1294,0.5493,183.2275,t008,FIJTB
2529697413,2691640,2,pelvis,midstance,-0.1262,0.6157,0.0554,97.3511,-5.1880,248.5351,t008,FIJTB
2529697465,2691656,2,pelvis,midstance,-0.1770,0.6812,0.0449,103.7598,-6.6528,254.9438,t008,FIJTB
2529697467,2691671,2,pelvis,midstance,-0.3071,0.7618,-0.0653,119.2017,-2.5635,260.6201,t008,FIJTB
2529697468,2691687,2,pelvis,midstance,-0.3802,0.8187,-0.1208,117.5537,13.7329,278.4424,t008,FIJTB
2529697468,2691703,2,pelvis,midstance,-0.3623,1.0399,-0.0972,110.3516,24.8413,290.3442,t008,FIJTB
2529697521,2691719,2,pelvis,midstance,-0.1548,1.2094,-0.1383,94.7266,35.2783,279.1138,t008,FIJTB
2529697522,2691735,2,pelvis,midstance,0.1805,1.5298,-0.3826,91.6748,26.9165,268.7988,t008,FIJTB
2529697522,2691750,2,pelvis,midstance,0.0829,1.6617,-0.4449,87.9517,-7.3853,273.3765,t008,FIJTB
2529697573,2691766,2,pelvis,midstance,0.1366,1.7542,-0.4266,74.2188,-27.7710,277.6489,t008,FIJTB
2529697575,2691782,2,pelvis,midstance,0.3167,1.8116,-0.4197,70.0073,-30.5786,273.6206,t008,FIJTB
2529697576,2691798,2,pelvis,midstance,0.3458,1.7920,-0.4103,57.9224,-31.4941,266.5405,t008,FIJTB
2529697597,2691814,2,pelvis,midstance,0.3000,1.6425,-0.2566,51.2695,-25.8789,264.5264,t008,FIJTB
2529697631,2691829,2,pelvis,midstance,0.2158,1.4993,-0.0874,43.0908,-6.3477,255.6152,t008,FIJTB
2529697632,2691845,2,pelvis,midstance,0.2004,1.4700,-0.0281,40.5273,10.1929,234.7412,t008,FIJTB
2529697632,2691861,2,pelvis,midstance,0.2036,1.4508,0.0491,41.3818,20.3247,223.6328,t008,FIJTB
2529697685,2691877,2,pelvis,midstance,0.1831,1.4313,0.0455,46.0815,47.4853,198.3642,t008,FIJTB
2529697686,2691892,2,pelvis,midstance,0.1786,1.3622,-0.0933,48.5229,61.7676,181.8848,t008,FIJTB
2529697686,2691908,2,pelvis,midstance,0.2740,1.2192,-0.2994,48.7061,80.7495,141.9678,t008,FIJTB
2529697740,2691924,2,pelvis,midstance,0.3589,1.1526,-0.3651,36.4990,74.7070,101.5625,t008,FIJTB
2529697741,2691940,2,pelvis,midstance,0.5571,1.1102,-0.4156,27.2217,65.9790,84.1675,t008,FIJTB
2529697741,2691955,2,pelvis,midstance,0.5918,1.0875,-0.4165,10.8643,55.9692,45.8984,t008,FIJTB
2529697741,2691971,2,pelvis,midstance,0.5045,0.9695,-0.4625,1.8921,54.1992,23.0713,t008,FIJTB
2529697794,2691987,2,pelvis,midstance,0.5365,0.9799,-0.5110,-23.0713,48.4009,-21.9116,t008,FIJTB
2529697794,2692003,2,pelvis,midstance,0.4355,0.9991,-0.4833,-45.7764,42.1143,-51.4526,t008,FIJTB
2529697795,2692019,2,pelvis,midstance,-0.3119,1.2212,-0.1763,-46.5088,49.1943,-40.5884,t008,FIJTB
2529697849,2692035,2,pelvis,midstance,-0.4115,0.9305,0.2625,-9.5215,91.2476,-59.6313,t008,FIJTB
2529697850,2692050,2,pelvis,midstance,-1.1265,0.4623,0.4065,-19.2871,83.0688,-81.5430,t008,FIJTB
2529697850,2692066,2,pelvis,midstance,-0.8102,1.1592,0.2712,-98.8159,57.6172,-93.3227,t008,FIJTB
2529697850,2692082,2,pelvis,midstance,-0.1854,1.7477,0.2618,-117.4316,74.1577,-129.0283,t008,FIJTB
2529697900,2692098,2,pelvis,midstance,0.1698,1.4657,0.0868,-93.3838,61.8896,-150.6958,t008,FIJTB
2529697901,2692114,2,pelvis,terminal,-0.0835,1.0016,0.1053,-63.2324,20.4468,-142.5781,t008,FIJTB
2529697901,2692130,2,pelvis,terminal,-0.2646,0.8658,0.0372,-76.7212,12.3901,-119.4458,t008,FIJTB
2529697960,2692146,2,pelvis,terminal,-0.0168,1.0948,-0.0953,-85.3271,8.9722,-77.3315,t008,FIJTB
2529697961,2692162,2,pelvis,terminal,-0.0745,1.1370,-0.1676,-62.8052,-27.4048,-46.9971,t008,FIJTB
2529697961,2692179,2,pelvis,terminal,-0.3815,0.9423,-0.3271,-65.9180,-41.1987,-31.7383,t008,FIJTB
2529697961,2692195,2,pelvis,terminal,-0.2625,1.0585,-0.2339,-112.6099,-29.3579,-6.7749,t008,FIJTB
2529698011,2692211,2,pelvis,terminal,-0.1843,1.1200,-0.2808,-113.0371,-22.1558,-14.0381,t008,FIJTB
2529698013,2692227,2,pelvis,terminal,-0.3467,0.9279,-0.2255,-85.8154,-20.2026,-14.0381,t008,FIJTB
2529698014,2692243,2,pelvis,terminal,-0.3237,0.9562,-0.1680,-52.0630,-14.0991,-22.0337,t008,FIJTB
2529698069,2692259,2,pelvis,terminal,-0.2463,0.9545,-0.1118,-32.5928,-14.2822,-24.4751,t008,FIJTB
2529698070,2692275,2,pelvis,terminal,-0.2650,0.9415,-0.1155,-32.5928,-15.3198,-20.2026,t008,FIJTB
2529698070,2692291,2,pelvis,terminal,-0.2598,0.9384,-0.1274,-32.5928,-17.9443,-12.7563,t008,FIJTB
2529698122,2692307,2,pelvis,terminal,-0.2893,0.9194,-0.1909,-30.5786,-19.5923,-9.5215,t008,FIJTB
2529698124,2692323,2,pelvis,terminal,-0.3284,0.9114,-0.2081,-25.4517,-20.9961,-7.3242,t008,FIJTB
2529698124,2692339,2,pelvis,terminal,-0.3082,0.9189,-0.1975,-22.0947,-20.1416,-11.3525,t008,FIJTB
2529698124,2692355,2,pelvis,terminal,-0.2991,0.9268,-0.1741,-22.2778,-20.9351,-12.3291,t008,FIJTB
2529698179,2692371,2,pelvis,terminal,-0.2943,0.9271,-0.1832,-25.2075,-22.0337,-15.5029,t008,FIJTB
2529698180,2692387,2,pelvis,terminal,-0.2939,0.9177,-0.2184,-25.2075,-22.9492,-18.1885,t008,FIJTB
2529698180,2692403,2,pelvis,terminal,-0.2935,0.9088,-0.2355,-24.4751,-23.1934,-19.7144,t008,FIJTB
2529698231,2692420,2,pelvis,terminal,-0.2994,0.9111,-0.2422,-25.0244,-23.3765,-24.4141,t008,FIJTB
2529698234,2692436,2,pelvis,terminal,-0.3049,0.9059,-0.2622,-26.4893,-23.2544,-28.5645,t008,FIJTB
2529698234,2692452,2,pelvis,terminal,-0.2678,0.9142,-0.2644,-25.9399,-23.0103,-36.4380,t008,FIJTB
2529698234,2692468,2,pelvis,terminal,-0.2617,0.9132,-0.2570,-23.2544,-23.3765,-41.3818,t008,FIJTB
2529698289,2692484,2,pelvis,terminal,-0.2354,0.9194,-0.2388,-25.5127,-22.8271,-44.8608,t008,FIJTB
2529698290,2692500,2,pelvis,terminal,-0.1979,0.9337,-0.2435,-30.2124,-19.8975,-49.2554,t008,FIJTB
2529698290,2692516,2,pelvis,terminal,-0.1818,0.9297,-0.2506,-28.1372,-18.7988,-46.7529,t008,FIJTB
2529698341,2692532,2,pelvis,swing,-0.1600,0.9231,-0.2701,-27.3437,-19.5313,-43.6401,t008,FIJTB
2529698342,2692548,2,pelvis,swing,-0.1653,0.9297,-0.2694,-25.4517,-19.7144,-38.6963,t008,FIJTB
2529698343,2692565,2,pelvis,swing,-0.2043,0.9293,-0.2690,-18.9819,-14.4653,-37.7197,t008,FIJTB
2529698346,2692581,2,pelvis,swing,-0.1635,0.9310,-0.2721,-13.8550,-11.5356,-39.0015,t008,FIJTB
2529698403,2692597,2,pelvis,swing,-0.2201,0.9369,-0.2394,31.0669,-3.1738,-39.4287,t008,FIJTB
2529698404,2692613,2,pelvis,swing,-0.4377,0.4535,0.1331,198.9746,13.7939,-30.3345,t008,FIJTB
2529698404,2692629,2,pelvis,swing,0.2585,1.5271,-0.6730,329.9560,10.3149,-29.5410,t008,FIJTB
2529698460,2692645,2,pelvis,swing,0.1479,1.3856,-0.3203,-73.3032,-1.0376,-58.7158,t008,FIJTB
2529698462,2692661,2,pelvis,swing,-0.2589,0.8792,-0.0741,-83.0078,-10.0708,-52.8564,t008,FIJTB
2529698462,2692677,2,pelvis,swing,-0.1914,0.9302,-0.1261,-20.0195,-9.9487,-51.8799,t008,FIJTB
2529698462,2692693,2,pelvis,swing,-0.0878,1.0188,-0.1838,-25.6958,-8.0566,-54.8096,t008,FIJTB
2529698519,2692709,2,pelvis,swing,-0.1166,1.0125,-0.1747,-30.7617,-9.0942,-56.5796,t008,FIJTB
2529698520,2692725,2,pelvis,swing,-0.0992,1.0037,-0.1796,-32.8979,-10.4980,-62.3779,t008,FIJTB
2529698521,2692741,2,pelvis,swing,-0.0504,1.0122,-0.1945,-33.9966,-11.9019,-65.7959,t008,FIJTB
2529698578,2692758,2,pelvis,swing,-0.0957,1.0388,-0.2152,-37.6587,-17.0288,-70.2515,t008,FIJTB
2529698580,2692774,2,pelvis,swing,-0.1012,1.0540,-0.2064,-39.3677,-19.4092,-72.2046,t008,FIJTB
2529698581,2692790,2,pelvis,swing,-0.0276,1.0450,-0.2166,-38.3301,-18.6157,-74.6460,t008,FIJTB
2529698581,2692807,2,pelvis,swing,0.0522,1.0582,-0.2109,-39.0015,-18.6768,-78.2471,t008,FIJTB
2529698639,2692823,2,pelvis,swing,0.0541,1.0879,-0.2218,-40.6494,-21.2402,-81.9092,t008,FIJTB
2529698640,2692839,2,pelvis,swing,0.0071,1.1375,-0.2543,-40.4663,-22.2778,-84.7168,t008,FIJTB
2529698640,2692855,2,pelvis,swing,0.0118,1.1838,-0.1744,-42.4805,-22.6440,-89.9048,t008,FIJTB
2529698640,2692871,2,pelvis,swing,0.0081,1.2568,-0.1581,-41.9922,-25.9399,-100.0976,t008,FIJTB
2529698695,2692887,2,pelvis,swing,-0.0426,1.3254,-0.1880,-42.7856,-29.2358,-109.3750,t008,FIJTB
2529698696,2692903,2,pelvis,swing,-0.0886,1.3074,-0.1696,-50.4761,-42.1753,-128.2959,t008,FIJTB
2529698696,2692919,2,pelvis,swing,-0.1335,1.3804,-0.0249,-54.8096,-51.8188,-132.0801,t008,FIJTB
2529698751,2692935,2,pelvis,swing,-0.0511,1.3395,0.0762,-41.9311,-71.8994,-143.9209,t008,FIJTB
2529698751,2692951,2,pelvis,swing,-0.0184,1.1736,0.0852,-24.9023,-97.9004,-171.4477,t008,FIJTB
2529698752,2692967,2,pelvis,swing,-0.0085,0.9943,0.0254,-28.9307,-108.4595,-183.1665,t008,FIJTB
2529698752,2692983,2,pelvis,swing,0.2330,1.2145,-0.2179,-44.9829,-101.1963,-201.4770,t008,FIJTB
2529698803,2692999,2,pelvis,swing,0.3080,1.3153,-0.2944,-53.7109,-59.3262,-195.4346,t008,FIJTB
2529698805,2693015,2,pelvis,swing,0.2117,1.2529,-0.3108,-52.4902,-43.4570,-191.8335,t008,FIJTB
2529698806,2693031,2,pelvis,swing,0.1937,1.1721,-0.3793,-48.7061,-30.7007,-200.0122,t008,FIJTB
2529698862,2693048,2,pelvis,swing,0.3153,1.1776,-0.4323,-43.6401,-33.6304,-191.1011,t008,FIJTB
2529698863,2693064,2,pelvis,swing,0.4635,1.0532,-0.4440,-23.9868,-55.2368,-138.6719,t008,FIJTB
2529698863,2693080,2,pelvis,swing,0.4510,0.9600,-0.4442,-14.2822,-76.9043,-80.9936,t008,FIJTB
2529698863,2693096,2,pelvis,swing,0.0646,0.8021,-0.2736,-15.5640,-81.7871,-48.7671,t008,FIJTB
2529698915,2693112,2,pelvis,swing,-0.2050,0.2474,-0.3645,12.5732,-65.4297,-25.0244,t008,FIJTB
2529698916,2693128,2,pelvis,loading,-0.1425,0.2175,-0.6196,12.2070,-7.1411,12.6953,t008,FIJTB
2529698916,2693144,2,pelvis,loading,-0.3556,0.5811,-0.1095,-5.3711,17.5781,56.8848,t008,FIJTB
2529698977,2693160,2,pelvis,loading,-0.5035,0.5907,0.0132,31.7993,12.9395,140.1978,t008,FIJTB
2529698977,2693176,2,pelvis,loading,-0.4064,0.3818,0.1248,67.5049,13.6108,162.5366,t008,FIJTB
2529698978,2693191,2,pelvis,loading,-0.1569,0.4109,0.2122,101.1963,37.5977,171.2036,t008,FIJTB
2529698978,2693207,2,pelvis,loading,-0.1193,0.5211,0.1936,105.5908,24.1089,199.8291,t008,FIJTB
2529699033,2693223,2,pelvis,loading,-0.1086,0.5403,0.2557,102.7222,6.6528,211.7309,t008,FIJTB
2529699033,2693238,2,pelvis,loading,-0.0990,0.5597,0.2721,85.9375,1.4038,254.3335,t008,FIJTB
2529699035,2693254,2,pelvis,loading,-0.1442,0.8612,0.1602,78.8574,10.4370,275.4517,t008,FIJTB
2529699035,2693270,2,pelvis,loading,-0.3424,1.0171,0.0717,79.0405,10.4370,275.3906,t008,FIJTB
2529699093,2693286,2,pelvis,loading,-0.3154,1.0713,-0.0045,67.1387,25.5127,248.4131,t008,FIJTB
2529699093,2693301,2,pelvis,loading,0.1825,1.5853,-0.3059,60.4858,44.7998,249.5117,t008,FIJTB
2529699093,2693317,2,pelvis,loading,0.3118,1.7332,-0.3518,79.4678,67.0166,274.9634,t008,FIJTB
2529699146,2693333,2,pelvis,loading,0.1151,1.5890,-0.2867,89.2944,56.2134,278.7476,t008,FIJTB
2529699146,2693349,2,pelvis,loading,0.2800,1.6892,-0.4089,81.4819,18.9819,264.2822,t008,FIJTB
2529699148,2693364,2,pelvis,loading,0.3273,1.7245,-0.4336,68.6646,3.9673,263.3057,t008,FIJTB
2529699149,2693380,2,pelvis,loading,0.1721,1.5685,-0.3286,64.8804,2.4414,265.9302,t008,FIJTB
2529699206,2693396,2,pelvis,loading,0.0984,1.4906,-0.2695,54.6265,1.8921,263.0615,t008,FIJTB
2529699207,2693412,2,pelvis,loading,0.0531,1.4656,-0.2003,49.0723,0.9155,256.8359,t008,FIJTB
2529699207,2693428,2,pelvis,loading,0.0494,1.4917,-0.1516,41.6260,3.1738,242.0654,t008,FIJTB
2529699259,2693444,2,pelvis,loading,0.0315,1.4857,-0.0626,42.2974,16.8457,225.8911,t008,FIJTB
2529699261,2693459,2,pelvis,loading,0.1570,1.5331,0.0503,46.6919,24.3530,210.6933,t008,FIJTB
2529699261,2693475,2,pelvis,loading,0.1866,1.5143,-0.0140,59.3262,42.2974,172.6684,t008,FIJTB
2529699262,2693491,2,pelvis,loading,0.1133,1.2914,-0.2434,62.1948,52.5513,152.8931,t008,FIJTB
2529699282,2693507,2,pelvis,loading,0.2959,1.0560,-0.3610,55.9692,57.1899,112.7319,t008,FIJTB
2529699317,2693523,2,pelvis,loading,0.4448,0.9938,-0.3743,44.5557,28.1982,73.2422,t008,FIJTB
2529699318,2693538,2,pelvis,loading,0.4437,0.9004,-0.3257,37.1094,12.1460,58.5327,t008,FIJTB
2529699349,2693554,2,pelvis,loading,0.3286,0.8673,-0.2721,11.7798,5.4321,34.5459,t008,FIJTB
2529699372,2693570,2,pelvis,loading,0.3361,0.9032,-0.2615,-1.8921,16.0522,15.3198,t008,FIJTB
2529699372,2693586,2,pelvis,loading,0.4413,0.8833,-0.3317,-21.7895,38.6963,-23.8647,t008,FIJTB
2529699372,2693602,2,pelvis,loading,0.3816,0.8693,-0.3180,-41.4429,45.9595,-56.8237,t008,FIJTB
2529699427,2693618,2,pelvis,loading,0.2931,0.9554,-0.2407,-50.9644,50.9644,-71.7773,t008,FIJTB
2529699428,2693634,2,pelvis,loading,0.2700,1.0109,-0.2220,-61.7676,67.0776,-98.1445,t008,FIJTB
2529699428,2693650,2,pelvis,loading,-0.8394,1.1292,0.3025,-28.3813,49.7436,-59.6313,t008,FIJTB
2529699479,2693665,2,pelvis,loading,-1.8081,0.7220,0.4099,-0.3052,32.6538,-28.6865,t008,FIJTB
2529699482,2693682,2,pelvis,midstance,-1.3683,0.4594,0.1562,-38.4521,42.1143,-98.0225,t008,FIJTB
2529699483,2693697,2,pelvis,midstance,0.0314,1.1682,0.3961,-65.5518,54.9927,-123.4131,t008,FIJTB
2529699483,2693713,2,pelvis,midstance,0.1497,1.6840,0.3356,-86.5478,22.2168,-92.9565,t008,FIJTB
2529699538,2693729,2,pelvis,midstance,0.2189,1.6198,0.2571,-92.1631,20.2637,-98.0225,t008,FIJTB
2529699539,2693745,2,pelvis,midstance,0.0522,1.0365,0.2302,-93.0786,14.8315,-97.9614,t008,FIJTB
2529699539,2693761,2,pelvis,midstance,-0.0697,0.9087,0.1005,-87.7685,-15.5640,-73.3032,t008,FIJTB
2529699591,2693777,2,pelvis,midstance,-0.2965,0.9240,-0.3245,-79.2847,-20.0806,-50.9644,t008,FIJTB
2529699593,2693793,2,pelvis,midstance,-0.5223,1.0081,-0.4019,-66.3452,-9.2773,-25.0854,t008,FIJTB
2529699594,2693809,2,pelvis,midstance,-0.4707,1.0215,-0.3231,-47.4243,6.0425,-47.1802,t008,FIJTB
2529699595,2693825,2,pelvis,midstance,-0.2151,1.0408,-0.1835,-36.8652,5.4932,-54.4434,t008,FIJTB
2529699650,2693841,2,pelvis,midstance,-0.1550,0.9521,-0.1364,-25.3296,-7.0190,-39.9170,t008,FIJTB
2529699650,2693857,2,pelvis,midstance,-0.2202,0.9304,-0.1169,-19.2261,-18.0664,-24.4751,t008,FIJTB
2529699651,2693873,2,pelvis,midstance,-0.2886,0.9645,-0.0094,-17.1509,-15.2588,-19.6533,t008,FIJTB
2529699704,2693889,2,pelvis,midstance,-0.2842,0.9727,0.0039,-17.5171,-4.8218,-17.3340,t008,FIJTB
2529699706,2693906,2,pelvis,midstance,-0.3080,0.9651,-0.0590,-18.4326,-0.6104,-18.9819,t008,FIJTB
2529699707,2693922,2,pelvis,midstance,-0.3198,0.9415,-0.1318,-16.4185,4.6387,-23.6816,t008,FIJTB
2529699707,2693938,2,pelvis,midstance,-0.3052,0.9316,-0.1371,-9.0332,0.4883,-26.5503,t008,FIJTB
2529699764,2693953,2,pelvis,midstance,-0.3099,0.9296,-0.1132,-5.9814,-3.6011,-26.9775,t008,FIJTB
2529699764,2693970,2,pelvis,midstance,-0.2805,0.9521,-0.0549,-0.9155,-5.9204,-32.7148,t008,FIJTB
2529699765,2693986,2,pelvis,midstance,-0.2762,0.9370,-0.0400,1.9531,0.4272,-38.3301,t008,FIJTB
2529699818,2694001,2,pelvis,midstance,-0.2489,0.9484,-0.0367,1.0986,4.0894,-39.4897,t008,FIJTB
2529699819,2694017,2,pelvis,midstance,-0.1827,0.9578,-0.0352,2.3804,6.2866,-38.1470,t008,FIJTB
2529699820,2694033,2,pelvis,midstance,-0.1100,0.9491,-0.0388,2.4414,2.3804,-32.8369,t008,FIJTB
2529699821,2694049,2,pelvis,midstance,-0.1913,0.9454,-0.0773,-4.4556,-10.8032,-20.9351,t008,FIJTB
2529699877,2694066,2,pelvis,midstance,-0.2239,0.9607,-0.0818,-10.4980,-14.2212,-21.1182,t008,FIJTB
2529699878,2694082,2,pelvis,midstance,-0.2228,0.9716,-0.0757,-9.3384,-11.8408,-24.4141,t008,FIJTB
2529699878,2694098,2,pelvis,midstance,-0.2009,0.9465,-0.0706,-4.2114,-6.5308,-28.9917,t008,FIJTB
2529699931,2694114,2,pelvis,midstance,-0.1808,0.9453,-0.0647,-3.8452,-2.6855,-30.3345,t008,FIJTB
2529699933,2694130,2,pelvis,midstance,-0.1251,0.9785,-0.0537,-6.4087,-2.1362,-29.5410,t008,FIJTB
2529699934,2694146,2,pelvis,midstance,-0.1322,0.9646,-0.0503,-10.4370,-3.9062,-26.2451,t008,FIJTB
2529699934,2694163,2,pelvis,midstance,-0.1611,0.9440,-0.0726,-10.8643,-8.9722,-22.6440,t008,FIJTB
2529699991,2694179,2,pelvis,midstance,-0.1432,0.9786,-0.0917,-13.4277,-10.8643,-22.7051,t008,FIJTB
2529699992,2694195,2,pelvis,midstance,-0.1578,0.9873,-0.0900,-17.3950,-10.0708,-25.1465,t008,FIJTB
2529699992,2694211,2,pelvis,midstance,-0.1603,0.9576,-0.0577,-17.6392,-7.6294,-28.1372,t008,FIJTB
2529699993,2694227,2,pelvis,midstance,-0.1289,0.9548,-0.0529,-18.1885,-1.1597,-31.7993,t008,FIJTB
2529700045,2694243,2,pelvis,midstance,-0.1282,0.9882,-0.0804,-22.7661,0.5493,-35.1563,t008,FIJTB
2529700046,2694259,2,pelvis,terminal,-0.1763,1.0081,-0.1619,-25.3906,1.2207,-38.2690,t008,FIJTB
2529700046,2694275,2,pelvis,terminal,-0.1483,1.0103,-0.1372,-24.4751,1.8311,-45.7153,t008,FIJTB
2529700107,2694292,2,pelvis,terminal,-0.0995,0.9938,-0.1262,-18.9819,0.6714,-52.8564,t008,FIJTB
2529700108,2694308,2,pelvis,terminal,-0.0671,0.9982,-0.1393,-19.7754,-0.6714,-55.5420,t008,FIJTB
2529700108,2694324,2,pelvis,terminal,-0.0900,1.0028,-0.1552,-23.4985,-2.1973,-60.8520,t008,FIJTB
2529700109,2694340,2,pelvis,terminal,-0.0714,0.9905,-0.1538,-26.0620,-3.1738,-65.6128,t008,FIJTB
2529700162,2694356,2,pelvis,terminal,-0.0475,1.0601,-0.1284,-24.2920,0.0000,-70.1294,t008,FIJTB
2529700162,2694372,2,pelvis,terminal,-0.0129,1.0033,-0.1443,-19.1650,5.3711,-82.2143,t008,FIJTB
2529700165,2694388,2,pelvis,terminal,0.0293,0.9583,-0.1814,-28.4424,0.2441,-75.1343,t008,FIJTB
2529700223,2694404,2,pelvis,terminal,-0.0103,1.0353,-0.1774,-45.7764,-7.9346,-59.8144,t008,FIJTB
2529700224,2694420,2,pelvis,terminal,0.0154,1.0531,-0.1678,-43.6401,-6.4697,-66.0400,t008,FIJTB
2529700224,2694436,2,pelvis,terminal,0.0121,1.0955,-0.1602,-41.2598,-6.2866,-70.1904,t008,FIJTB
2529700224,2694452,2,pelvis,terminal,-0.0121,1.1228,-0.1677,-36.7432,-5.4321,-79.7729,t008,FIJTB
2529700278,2694468,2,pelvis,terminal,-0.0106,1.1375,-0.1815,-37.2314,-2.1973,-94.2383,t008,FIJTB
2529700279,2694484,2,pelvis,terminal,0.0431,1.1316,-0.1379,-41.0156,-1.5259,-99.5483,t008,FIJTB
2529700280,2694501,2,pelvis,terminal,0.0848,1.1495,-0.0985,-46.8140,-4.5166,-106.8726,t008,FIJTB
2529700317,2694517,2,pelvis,terminal,0.1323,1.2507,-0.0831,-48.7061,-8.3008,-107.2998,t008,FIJTB
2529700336,2694533,2,pelvis,terminal,0.0247,1.2084,-0.0731,-54.3823,-15.9302,-115.3564,t008,FIJTB
2529700336,2694549,2,pelvis,swing,0.0481,1.2030,-0.0309,-68.7866,-27.9541,-129.8828,t008,FIJTB
2529700336,2694565,2,pelvis,swing,0.1359,1.2938,0.0712,-81.4209,-39.7339,-131.9580,t008,FIJTB
2529700389,2694580,2,pelvis,swing,0.0956,1.3646,0.1255,-102.6001,-81.1768,-126.9531,t008,FIJTB
2529700390,2694596,2,pelvis,swing,-0.0370,1.4557,0.2179,-94.9707,-133.1177,-129.3335,t008,FIJTB
2529700390,2694612,2,pelvis,swing,-0.0206,1.2971,0.1528,-83.5571,-154.7241,-141.3574,t008,FIJTB
2529700394,2694629,2,pelvis,swing,0.0426,1.2242,0.0175,-76.5381,-157.1045,-176.1474,t008,FIJTB
2529700451,2694645,2,pelvis,swing,0.1937,1.4095,-0.1890,-83.1909,-130.4321,-190.1245,t008,FIJTB
2529700452,2694661,2,pelvis,swing,0.2285,1.4005,-0.3870,-80.9326,-73.5474,-188.0493,t008,FIJTB
2529700452,2694677,2,pelvis,swing,0.2247,1.2867,-0.5411,-81.9702,-56.4575,-167.1753,t008,FIJTB
2529700507,2694693,2,pelvis,swing,0.4838,1.3390,-0.5431,-76.4771,-62.9883,-142.1509,t008,FIJTB
2529700508,2694709,2,pelvis,swing,0.5055,1.2068,-0.5222,-50.7202,-90.0268,-70.1904,t008,FIJTB
2529700509,2694725,2,pelvis,swing,-0.0707,0.6968,-0.3500,-35.7056,-97.9004,-21.6064,t008,FIJTB
2529700509,2694741,2,pelvis,swing,-0.3475,0.1553,-0.4408,-16.8457,-93.2617,-11.1084,t008,FIJTB
2529700566,2694757,2,pelvis,swing,-0.1927,0.2156,-0.5499,-8.7280,-49.3164,39.1235,t008,FIJTB
2529700566,2694773,2,pelvis,swing,-0.3778,0.6327,-0.1136,-12.5732,-33.4473,90.8203,t008,FIJTB
2529700567,2694789,2,pelvis,swing,-0.6141,0.2754,0.0981,25.1465,-33.5693,176.3306,t008,FIJTB
2529700622,2694805,2,pelvis,swing,-0.5139,0.0865,0.1285,51.5747,-7.5684,161.7431,t008,FIJTB
2529700622,2694821,2,pelvis,swing,-0.1660,0.2667,0.2062,56.9458,4.3335,166.3818,t008,FIJTB
2529700622,2694836,2,pelvis,swing,-0.0950,0.4885,0.2332,75.6226,-16.0522,261.2305,t008,FIJTB
2529700623,2694853,2,pelvis,swing,-0.2377,0.6119,0.3022,76.8433,-28.6255,297.9126,t008,FIJTB
2529700680,2694869,2,pelvis,swing,-0.3719,0.7780,0.3146,76.2939,-21.6064,284.9731,t008,FIJTB
2529700680,2694884,2,pelvis,swing,-0.2837,0.9386,0.3036,95.0928,13.1836,270.1416,t008,FIJTB
2529700681,2694900,2,pelvis,swing,-0.1809,0.9827,0.1831,96.5576,31.6772,267.5781,t008,FIJTB
2529700732,2694916,2,pelvis,swing,-0.1222,1.0930,0.0448,69.5801,53.8330,269.6533,t008,FIJTB
2529700732,2694931,2,pelvis,swing,0.0309,1.5460,-0.1704,61.2793,60.4858,271.0571,t008,FIJTB
2529700734,2694947,2,pelvis,swing,0.0872,1.7605,-0.2925,73.2422,59.6313,264.8315,t008,FIJTB
2529700735,2694963,2,pelvis,swing,0.2056,1.8344,-0.3354,84.6558,40.2222,248.2910,t008,FIJTB
2529700792,2694979,2,pelvis,swing,0.5042,1.9390,-0.4117,87.4634,27.7710,240.3564,t008,FIJTB
2529700792,2694994,2,pelvis,swing,0.5244,1.8992,-0.3958,85.0830,-0.2441,234.0698,t008,FIJTB
2529700793,2695010,2,pelvis,swing,0.5092,1.7614,-0.3313,80.1392,-9.5215,227.5390,t008,FIJTB
2529700793,2695026,2,pelvis,swing,0.4000,1.4548,-0.2594,67.1387,-7.2021,210.8154,t008,FIJTB
2529700845,2695042,2,pelvis,loading,0.3040,1.3402,-0.2302,47.1191,17.4561,196.8994,t008,FIJTB
2529700845,2695058,2,pelvis,loading,0.1892,1.4244,-0.2046,37.5366,37.2314,188.9648,t008,FIJTB
2529700846,2695074,2,pelvis,loading,0.3547,1.1766,-0.2502,32.5928,100.9521,151.4893,t008,FIJTB
2529700905,2695089,2,pelvis,loading,0.2213,1.2327,-0.1967,25.5127,117.3096,136.5356,t008,FIJTB
2529700906,2695105,2,pelvis,loading,0.1559,1.1814,-0.2677,20.5688,125.9155,125.4883,t008,FIJTB
2529700906,2695121,2,pelvis,loading,0.3850,1.1449,-0.2809,23.1934,162.1094,84.5947,t008,FIJTB
2529700906,2695137,2,pelvis,loading,0.1659,1.0485,-0.3253,22.3999,161.6211,82.0923,t008,FIJTB
2529700959,2695152,2,pelvis,loading,0.0599,0.9702,-0.3427,9.0332,137.3291,64.5752,t008,FIJTB
2529700961,2695168,2,pelvis,loading,0.5566,0.9847,-0.4714,1.5869,130.1270,35.6445,t008,FIJTB
2529700961,2695184,2,pelvis,loading,0.6427,0.9032,-0.7173,-13.7939,104.0039,-9.6436,t008,FIJTB
2529701009,2695200,2,pelvis,loading,0.5759,1.0035,-0.6709,-44.9219,81.7261,-46.5088,t008,FIJTB
2529701017,2695216,2,pelvis,loading,0.4031,1.1063,-0.4686,-56.8848,82.6416,-75.7446,t008,FIJTB
2529701017,2695232,2,pelvis,loading,-0.1042,1.1573,0.2537,-66.7114,68.4204,-66.4673,t008,FIJTB
2529701018,2695248,2,pelvis,loading,-1.1785,1.2465,0.7350,-69.0918,-3.9673,-80.4443,t008,FIJTB
2529701068,2695264,2,pelvis,loading,0.2570,1.7706,-0.1271,-69.4580,-10.8643,-131.9580,t008,FIJTB
2529701069,2695280,2,pelvis,loading,0.3143,1.3906,-0.2212,-49.1943,18.6768,-111.1450,t008,FIJTB
2529701070,2695296,2,pelvis,loading,-0.6920,0.6678,0.2610,-59.4482,18.1885,-75.7446,t008,FIJTB
2529701127,2695312,2,pelvis,loading,-0.3367,0.8993,0.1229,-74.4629,31.9214,-86.7309,t008,FIJTB
2529701128,2695328,2,pelvis,loading,0.0496,1.0248,-0.1083,-48.5840,59.9365,-72.9980,t008,FIJTB
2529701128,2695344,2,pelvis,loading,-0.0331,0.7488,-0.2168,-36.8042,47.6074,-44.7388,t008,FIJTB
2529701149,2695360,2,pelvis,loading,-0.0750,1.1122,-0.2289,-93.3838,3.2959,-21.3013,t008,FIJTB
2529701180,2695376,2,pelvis,loading,0.0150,1.2892,0.0597,-76.5381,-9.7046,-22.3999,t008,FIJTB
2529701182,2695392,2,pelvis,loading,-0.2944,0.8379,-0.0300,-57.4341,-18.4326,-14.7095,t008,FIJTB
2529701182,2695408,2,pelvis,loading,-0.3396,0.8810,-0.0509,-57.4951,-25.3296,-4.2725,t008,FIJTB
2529701239,2695424,2,pelvis,loading,-0.2539,0.9828,-0.0389,-50.4761,-22.8271,-9.5825,t008,FIJTB
2529701240,2695440,2,pelvis,loading,-0.2216,0.9459,-0.0387,-38.4521,-14.5264,-13.7329,t008,FIJTB
2529701240,2695456,2,pelvis,loading,-0.2361,0.9474,-0.0504,-39.8560,-7.2021,-5.1880,t008,FIJTB
2529701241,2695472,2,pelvis,loading,-0.2589,0.9573,-0.0702,-26.9775,-7.3242,-6.3477,t008,FIJTB
2529701294,2695488,2,pelvis,loading,-0.2224,0.9188,-0.0585,0.0000,-12.5732,-11.2305,t008,FIJTB
2529701295,2695504,2,pelvis,loading,-0.2280,0.8990,0.0115,37.5366,-18.2495,-8.9722,t008,FIJTB
2529701296,2695520,2,pelvis,loading,-0.2573,1.0228,-0.0978,49.1333,-23.1934,-19.0430,t008,FIJTB
2529701352,2695536,2,pelvis,loading,-0.2271,0.9755,-0.0796,-12.5732,-19.8364,-13.3667,t008,FIJTB
2529701353,2695553,2,pelvis,loading,-0.2362,0.9479,-0.0189,-29.7852,-19.2261,-3.2959,t008,FIJTB
2529701353,2695569,2,pelvis,loading,-0.2598,0.9556,-0.0536,-24.9634,-24.5361,-3.8452,t008,FIJTB
2529701354,2695585,2,pelvis,loading,-0.2455,0.9535,-0.0714,-19.3481,-27.5269,-10.1929,t008,FIJTB
2529701406,2695601,2,pelvis,loading,-0.2434,0.9418,-0.0717,-18.1274,-27.8931,-11.1084,t008,FIJTB
2529701407,2695617,2,pelvis,midstance,-0.2695,0.9420,-0.0695,-14.1602,-25.8789,-16.7236,t008,FIJTB
2529701407,2695633,2,pelvis,midstance,-0.2638,0.9362,-0.0564,-12.2070,-20.8740,-22.7661,t008,FIJTB
2529701439,2695649,2,pelvis,midstance,-0.2137,0.9509,-0.0841,-10.6812,-18.4326,-24.5361,t008,FIJTB
2529701469,2695666,2,pelvis,midstance,-0.1952,0.9631,-0.1024,-13.2446,-16.0522,-24.7803,t008,FIJTB
2529701469,2695682,2,pelvis,midstance,-0.1687,0.9689,-0.0984,-16.1133,-16.5405,-25.8179,t008,FIJTB
2529701470,2695698,2,pelvis,midstance,-0.1759,0.9509,-0.0803,-13.0615,-16.2964,-25.3296,t008,FIJTB
2529701525,2695714,2,pelvis,midstance,-0.1737,0.9603,-0.0858,-8.2397,-13.5498,-25.9399,t008,FIJTB
2529701526,2695730,2,pelvis,midstance,-0.1554,0.9767,-0.1072,-8.1177,-11.9629,-26.6724,t008,FIJTB
2529701526,2695746,2,pelvis,midstance,-0.1385,0.9645,-0.0928,-10.4370,-12.0239,-28.5034,t008,FIJTB
2529701533,2695762,2,pelvis,midstance,-0.1281,0.9509,-0.0819,-8.3618,-13.4277,-28.3203,t008,FIJTB
2529701583,2695778,2,pelvis,midstance,-0.1273,0.9408,-0.0786,-8.3618,-13.6719,-26.5503,t008,FIJTB
2529701584,2695794,2,pelvis,midstance,-0.1343,0.9838,-0.0533,-16.1743,-12.8174,-27.8320,t008,FIJTB
2529701585,2695811,2,pelvis,midstance,-0.1465,0.9568,-0.0635,-20.9351,-7.5684,-32.2266,t008,FIJTB
2529701640,2695827,2,pelvis,midstance,-0.2179,0.9835,-0.1914,-20.7520,-6.5308,-33.3252,t008,FIJTB
2529701642,2695843,2,pelvis,midstance,-0.2083,0.9431,-0.2067,-25.6958,-7.5073,-39.1235,t008,FIJTB
2529701642,2695859,2,pelvis,midstance,-0.1301,1.0790,-0.1632,-28.1372,-7.6904,-47.4243,t008,FIJTB
2529701642,2695875,2,pelvis,midstance,-0.0681,1.0057,-0.1161,-25.0244,-9.3384,-59.0210,t008,FIJTB
2529701699,2695891,2,pelvis,midstance,-0.0854,0.9717,-0.1143,-30.9448,-13.0005,-59.0820,t008,FIJTB
2529701699,2695907,2,pelvis,midstance,-0.1207,0.9966,-0.1503,-34.6680,-9.3994,-58.2886,t008,FIJTB
2529701700,2695923,2,pelvis,midstance,-0.0297,1.0099,-0.1626,-36.4990,-2.6245,-62.2559,t008,FIJTB
2529701753,2695939,2,pelvis,midstance,-0.0140,1.0168,-0.1627,-39.0625,-5.9814,-61.9507,t008,FIJTB
2529701756,2695955,2,pelvis,midstance,-0.0449,1.0248,-0.1766,-40.7104,-8.8501,-61.7065,t008,FIJTB
2529701756,2695971,2,pelvis,midstance,-0.0350,1.0397,-0.1775,-42.2974,-11.7798,-63.7207,t008,FIJTB
2529701765,2695988,2,pelvis,midstance,-0.0172,1.0270,-0.1917,-44.9829,-12.5122,-67.5049,t008,FIJTB
2529701812,2696004,2,pelvis,midstance,-0.0256,1.0533,-0.2230,-46.3867,-12.4512,-70.8618,t008,FIJTB
2529701813,2696020,2,pelvis,midstance,-0.0144,1.0764,-0.2469,-41.9922,-11.1694,-82.8247,t008,FIJTB
2529701814,2696036,2,pelvis,midstance,0.0289,1.0576,-0.2528,-39.7339,-11.2915,-90.3931,t008,FIJTB
2529701867,2696052,2,pelvis,midstance,0.1006,1.1278,-0.1619,-39.1235,-15.0757,-99.8535,t008,FIJTB
2529701867,2696068,2,pelvis,terminal,0.1146,1.1678,-0.1470,-38.9404,-18.5547,-106.0181,t008,FIJTB
2529701868,2696084,2,pelvis,terminal,0.0333,1.2189,-0.1564,-38.8184,-20.6299,-109.6191,t008,FIJTB
2529701868,2696100,2,pelvis,terminal,0.0085,1.2419,-0.1302,-42.4194,-25.4517,-120.4224,t008,FIJTB
2529701930,2696116,2,pelvis,terminal,0.0306,1.3021,-0.0443,-56.8237,-33.6914,-133.3008,t008,FIJTB
2529701930,2696132,2,pelvis,terminal,0.0070,1.3636,0.0530,-66.3452,-44.1284,-138.6719,t008,FIJTB
2529701931,2696147,2,pelvis,terminal,-0.0056,1.3909,0.1289,-75.9277,-81.1768,-143.8599,t008,FIJTB
2529701931,2696163,2,pelvis,terminal,0.0593,1.3091,0.2622,-72.1436,-102.9053,-148.3765,t008,FIJTB
2529701984,2696179,2,pelvis,terminal,0.1528,1.2214,0.1006,-62.5610,-133.9111,-164.8559,t008,FIJTB
2529701986,2696195,2,pelvis,terminal,0.1465,1.2493,-0.0933,-73.3032,-108.1543,-171.5698,t008,FIJTB
2529701987,2696211,2,pelvis,terminal,0.2488,1.3842,-0.2452,-77.3926,-75.1953,-176.7578,t008,FIJTB
2529702046,2696227,2,pelvis,terminal,0.3391,1.3677,-0.3394,-65.8569,-42.7246,-184.1431,t008,FIJTB
2529702046,2696243,2,pelvis,terminal,0.3765,1.2336,-0.4795,-67.2607,-49.6216,-174.2554,t008,FIJTB
2529702046,2696259,2,pelvis,terminal,0.3806,1.2211,-0.4873,-69.8853,-76.6602,-123.8403,t008,FIJTB
2529702047,2696276,2,pelvis,terminal,0.2357,1.1395,-0.4995,-61.6455,-94.7876,-64.0869,t008,FIJTB
2529702099,2696292,2,pelvis,terminal,-0.1602,0.6975,-0.3817,-52.3071,-88.3789,-41.6260,t008,FIJTB
2529702100,2696308,2,pelvis,terminal,-0.2356,0.2152,-0.3610,-20.8130,-63.1103,-20.8740,t008,FIJTB
2529702102,2696324,2,pelvis,terminal,-0.0460,0.3716,-0.3857,-11.4746,-29.4800,40.7104,t008,FIJTB
2529702124,2696340,2,pelvis,terminal,-0.2367,0.7235,-0.1017,-8.7280,-25.8179,95.5810,t008,FIJTB
2529702160,2696356,2,pelvis,terminal,-0.5833,0.2445,-0.0453,35.8276,-53.4058,157.6538,t008,FIJTB
2529702160,2696372,2,pelvis,terminal,-0.5553,0.1228,-0.0105,60.1807,-25.8179,152.8320,t008,FIJTB
2529702160,2696388,2,pelvis,terminal,-0.3071,0.4008,0.0559,68.3594,-3.0518,173.6450,t008,FIJTB
2529702213,2696404,2,pelvis,terminal,-0.2264,0.5364,0.0776,87.4023,-1.5869,238.5254,t008,FIJTB
2529702216,2696420,2,pelvis,terminal,-0.2217,0.6053,0.2192,89.5996,-11.7798,247.6806,t008,FIJTB
2529702216,2696436,2,pelvis,terminal,-0.2404,0.7216,0.2639,93.6890,-23.4375,247.5586,t008,FIJTB
2529702225,2696452,2,pelvis,terminal,-0.2461,0.7921,0.2292,101.5625,-6.2866,241.6382,t008,FIJTB
2529702273,2696468,2,pelvis,terminal,-0.1832,0.9426,0.0262,92.5903,6.8970,232.7270,t008,FIJTB
2529702273,2696484,2,pelvis,terminal,-0.0902,1.1154,-0.1293,63.9038,47.4853,243.9575,t008,FIJTB
2529702273,2696499,2,pelvis,terminal,-0.0510,1.4761,-0.3364,58.6548,72.8760,263.0005,t008,FIJTB
2529702328,2696515,2,pelvis,terminal,-0.0908,1.5969,-0.3375,71.1060,104.9194,272.7051,t008,FIJTB
2529702328,2696531,2,pelvis,terminal,0.0452,1.6418,-0.4038,73.2422,98.5718,242.1875,t008,FIJTB
2529702329,2696547,2,pelvis,terminal,0.3491,1.7805,-0.5282,68.6646,88.9282,239.7461,t008,FIJTB
2529702336,2696563,2,pelvis,terminal,0.3383,1.7844,-0.4954,65.2466,66.7114,251.4038,t008,FIJTB
2529702385,2696579,2,pelvis,terminal,0.1582,1.6329,-0.4111,59.3872,52.3071,241.5161,t008,FIJTB
2529702385,2696595,2,pelvis,terminal,0.1267,1.5044,-0.4254,54.2603,50.1099,234.5581,t008,FIJTB
2529702386,2696610,2,pelvis,terminal,0.0713,1.4634,-0.4330,43.0298,46.5698,225.3418,t008,FIJTB
2529702438,2696626,2,pelvis,terminal,-0.0006,1.4103,-0.4133,38.6353,45.8984,217.2851,t008,FIJTB
2529702441,2696642,2,pelvis,terminal,0.0121,1.3818,-0.3800,37.1704,43.7012,195.0683,t008,FIJTB
2529702442,2696658,2,pelvis,terminal,0.0587,1.3354,-0.2560,37.5366,41.0767,184.6924,t008,FIJTB
2529702442,2696674,2,pelvis,terminal,0.2034,1.3580,-0.0796,42.9077,36.6211,163.6352,t008,FIJTB
2529702496,2696690,2,pelvis,terminal,0.2563,1.3529,-0.1082,54.1382,33.6304,140.3198,t008,FIJTB
2529702497,2696705,2,pelvis,terminal,0.1075,1.1692,-0.3203,54.3823,31.7993,130.5542,t008,FIJTB
2529702497,2696721,2,pelvis,terminal,0.0437,1.0543,-0.3815,42.9077,27.1606,102.6611,t008,FIJTB
2529702548,2696737,2,pelvis,terminal,0.2609,1.0134,-0.4061,39.0015,15.4419,62.9883,t008,FIJTB
2529702550,2696753,2,pelvis,terminal,0.4233,0.8950,-0.3719,38.1470,1.4648,45.2270,t008,FIJTB
2529702551,2696769,2,pelvis,terminal,0.3989,0.8534,-0.3437,18.7378,-23.6206,23.4985,t008,FIJTB
2529702551,2696784,2,pelvis,terminal,0.3066,0.8828,-0.3036,4.3335,-26.4282,13.0615,t008,FIJTB
2529702607,2696800,2,pelvis,terminal,0.3104,0.9083,-0.3385,-20.4468,-14.4043,-18.8599,t008,FIJTB
2529702607,2696816,2,pelvis,terminal,0.3188,0.9131,-0.3279,-38.5132,1.5869,-50.3540,t008,FIJTB
2529702607,2696832,2,pelvis,terminal,0.2297,0.9154,-0.2632,-46.8140,7.6904,-64.2090,t008,FIJTB
2529702662,2696848,2,pelvis,terminal,0.1726,0.9484,-0.2242,-64.3921,25.5127,-87.8296,t008,FIJTB
2529702662,2696864,2,pelvis,terminal,0.0665,1.0287,-0.1508,-72.2046,39.1235,-97.4121,t008,FIJTB
2529702662,2696880,2,pelvis,terminal,-1.2853,1.2150,0.7676,-67.8101,62.8052,-94.8486,t008,FIJTB
2529702663,2696896,2,pelvis,terminal,-2.3187,1.0771,1.0798,14.5264,66.4673,0.6714,t008,FIJTB
2529702717,2696912,2,pelvis,terminal,-1.7045,0.0437,-0.0284,11.8408,85.6323,-28.7476,t008,FIJTB
2529702718,2696928,2,pelvis,terminal,-0.4062,0.4498,-0.0195,-86.7309,155.3955,-115.2954,t008,FIJTB
2529702718,2696944,2,pelvis,swing,0.5675,1.9937,0.5526,-85.0220,89.9048,-80.6274,t008,FIJTB
2529702771,2696960,2,pelvis,swing,0.2946,1.6641,0.2814,-65.7959,48.5840,-95.0928,t008,FIJTB
2529702771,2696976,2,pelvis,swing,0.0439,1.1499,0.0211,-80.3833,15.9912,-88.0737,t008,FIJTB
2529702772,2696992,2,pelvis,swing,-0.2789,0.8978,-0.1941,-96.4966,7.1411,-59.5703,t008,FIJTB
2529702773,2697008,2,pelvis,swing,-0.5071,0.8584,-0.2007,-69.2749,5.2490,-40.5884,t008,FIJTB
2529702797,2697024,2,pelvis,swing,-0.4932,0.8582,-0.2965,-32.8369,14.9536,-60.6079,t008,FIJTB
2529702834,2697040,2,pelvis,swing,-0.4110,0.9160,-0.2786,-31.4331,13.1836,-58.2886,t008,FIJTB
2529702835,2697056,2,pelvis,swing,-0.3217,1.0258,-0.1497,-33.2642,0.4883,-50.9033,t008,FIJTB
2529702837,2697072,2,pelvis,swing,-0.1206,1.0327,0.0190,-26.1841,-2.1362,-47.8516,t008,FIJTB
2529702893,2697088,2,pelvis,swing,-0.2698,0.9229,0.0605,-18.4326,-6.7749,-31.6772,t008,FIJTB
2529702893,2697104,2,pelvis,swing,-0.3420,0.9321,0.0345,-20.4468,2.1973,-29.9072,t008,FIJTB
2529702893,2697120,2,pelvis,swing,-0.2719,1.0397,-0.0427,-16.0522,9.6436,-37.1704,t008,FIJTB
2529702952,2697136,2,pelvis,swing,-0.2264,0.9182,-0.0739,-2.6855,10.9863,-41.1987,t008,FIJTB
2529702953,2697152,2,pelvis,swing,-0.1901,0.9371,-0.0363,-13.9770,-0.3662,-25.7568,t008,FIJTB
2529702953,2697168,2,pelvis,swing,-0.2533,0.9481,-0.0278,-18.7988,-7.4463,-21.7285,t008,FIJTB
2529702978,2697184,2,pelvis,swing,-0.2881,0.9467,-0.0481,-16.2354,-11.2305,-25.3296,t008,FIJTB
2529703007,2697200,2,pelvis,swing,-0.2986,0.9543,-0.0815,-11.5356,-3.7231,-32.8979,t008,FIJTB
2529703010,2697216,2,pelvis,swing,-0.2207,0.9717,-0.0774,-10.0098,-0.4883,-35.6445,t008,FIJTB
2529703010,2697233,2,pelvis,swing,-0.1653,0.9744,-0.0710,-9.0332,-2.3804,-33.6914,t008,FIJTB
2529703068,2697249,2,pelvis,swing,-0.1577,0.9429,-0.0580,-9.0332,-7.2632,-29.2969,t008,FIJTB
2529703069,2697265,2,pelvis,swing,-0.1826,0.9462,-0.0757,-6.1035,-13.1836,-22.5830,t008,FIJTB
2529703070,2697281,2,pelvis,swing,-0.2000,0.9525,-0.0874,-3.3569,-10.9863,-20.9961,t008,FIJTB
2529703070,2697297,2,pelvis,swing,-0.1885,0.9680,-0.0863,-2.3804,-8.8501,-21.4233,t008,FIJTB
2529703125,2697313,2,pelvis,swing,-0.1898,0.9478,-0.0559,-1.7090,-8.1177,-20.6299,t008,FIJTB
2529703127,2697330,2,pelvis,swing,-0.1816,0.9539,-0.0499,-1.6479,-9.7046,-16.9678,t008,FIJTB
2529703128,2697346,2,pelvis,swing,-0.1747,0.9491,-0.0610,-3.7842,-10.3149,-15.6860,t008,FIJTB
2529703128,2697362,2,pelvis,swing,-0.1688,0.9547,-0.0736,-10.3760,-12.5732,-13.5498,t008,FIJTB
2529703186,2697378,2,pelvis,swing,-0.1753,0.9619,-0.0839,-13.0615,-15.5029,-13.0005,t008,FIJTB
2529703187,2697394,2,pelvis,swing,-0.1774,0.9507,-0.0778,-13.4277,-16.1743,-12.0850,t008,FIJTB
2529703187,2697410,2,pelvis,swing,-0.1815,0.9391,-0.0800,-14.2822,-15.0757,-11.4746,t008,FIJTB
2529703243,2697426,2,pelvis,swing,-0.1868,1.0066,-0.0796,-16.8457,-14.5264,-10.2539,t008,FIJTB
2529703244,2697443,2,pelvis,swing,-0.1564,0.9520,-0.0944,-7.5073,-11.2305,-20.5688,t008,FIJTB
2529703245,2697459,2,pelvis,swing,-0.1414,0.9413,-0.1013,-12.0239,-13.9160,-18.7378,t008,FIJTB
2529703246,2697475,2,pelvis,swing,-0.1720,0.9762,-0.0919,-18.7378,-13.6108,-15.5640,t008,FIJTB
2529703303,2697491,2,pelvis,swing,-0.1620,0.9388,-0.0977,-17.8223,-6.9580,-19.8975,t008,FIJTB
2529703304,2697507,2,pelvis,swing,-0.1372,0.9606,-0.0977,-17.7002,-1.4038,-22.5830,t008,FIJTB
2529703305,2697524,2,pelvis,swing,-0.1705,0.9785,-0.1279,-19.8364,0.0610,-22.7661,t008,FIJTB
2529703358,2697540,2,pelvis,swing,-0.1823,1.0059,-0.1378,-19.5313,1.7700,-28.6255,t008,FIJTB
2529703358,2697556,2,pelvis,loading,-0.1564,0.9944,-0.1138,-16.4185,2.7466,-36.4990,t008,FIJTB
2529703360,2697572,2,pelvis,loading,-0.1339,0.9803,-0.1277,-16.9067,2.0752,-38.7573,t008,FIJTB
2529703360,2697588,2,pelvis,loading,-0.1320,0.9852,-0.1338,-20.5078,-0.1221,-42.4194,t008,FIJTB
2529703419,2697604,2,pelvis,loading,-0.1179,0.9940,-0.1445,-21.9116,-0.7324,-45.1660,t008,FIJTB
2529703419,2697620,2,pelvis,loading,-0.1193,0.9937,-0.1514,-23.2544,-1.0376,-51.0254,t008,FIJTB
2529703420,2697636,2,pelvis,loading,-0.1118,0.9945,-0.1520,-23.0103,-0.2441,-55.7861,t008,FIJTB
2529703420,2697652,2,pelvis,loading,-0.0444,1.0042,-0.1311,-24.1699,0.0610,-57.4951,t008,FIJTB
2529703473,2697668,2,pelvis,loading,-0.0372,0.9954,-0.1324,-27.8931,-1.0986,-58.4717,t008,FIJTB
2529703474,2697684,2,pelvis,loading,-0.0403,0.9691,-0.1741,-34.7290,-3.2349,-56.6406,t008,FIJTB
2529703474,2697700,2,pelvis,loading,-0.0388,0.9834,-0.1992,-38.0249,-4.1504,-56.0303,t008,FIJTB
2529703531,2697716,2,pelvis,loading,-0.0226,0.9950,-0.1931,-40.7104,-5.6152,-57.3120,t008,FIJTB
2529703532,2697732,2,pelvis,loading,0.0162,1.0159,-0.1832,-40.2832,-6.5918,-57.9224,t008,FIJTB
2529703532,2697748,2,pelvis,loading,0.0096,1.0259,-0.1937,-38.1470,-9.5215,-57.9834,t008,FIJTB
2529703584,2697764,2,pelvis,loading,0.0188,1.0055,-0.2223,-41.0767,-11.2915,-60.4858,t008,FIJTB
2529703587,2697780,2,pelvis,loading,0.0115,1.0378,-0.2239,-45.2881,-15.6860,-59.0210,t008,FIJTB
2529703587,2697796,2,pelvis,loading,0.0052,1.0880,-0.1991,-44.6167,-17.8833,-64.9414,t008,FIJTB
2529703587,2697812,2,pelvis,loading,0.0549,1.1378,-0.2002,-42.7856,-13.2446,-77.6367,t008,FIJTB
2529703643,2697828,2,pelvis,loading,0.0894,1.1415,-0.2538,-48.1567,-12.7563,-77.6367,t008,FIJTB
2529703644,2697844,2,pelvis,loading,0.0951,1.1228,-0.2402,-61.3403,-20.9351,-68.4204,t008,FIJTB
2529703644,2697860,2,pelvis,loading,0.0872,1.1251,-0.1737,-67.7490,-28.7476,-67.0776,t008,FIJTB
2529703645,2697876,2,pelvis,loading,0.1024,1.1991,-0.1282,-79.2847,-46.8750,-72.3267,t008,FIJTB
2529703696,2697893,2,pelvis,loading,0.1177,1.2196,-0.1167,-80.4443,-72.8760,-90.3931,t008,FIJTB
2529703697,2697909,2,pelvis,loading,0.2020,1.1733,-0.0095,-78.7354,-89.8437,-99.3652,t008,FIJTB
2529703698,2697925,2,pelvis,loading,0.2686,1.1970,0.1700,-71.8384,-135.1929,-100.9521,t008,FIJTB
2529703754,2697941,2,pelvis,loading,0.2781,1.2203,0.2001,-52.4902,-190.2466,-106.5674,t008,FIJTB
2529703755,2697957,2,pelvis,loading,0.1749,1.1764,0.0095,-45.1050,-205.5054,-118.5913,t008,FIJTB
2529703756,2697972,2,pelvis,loading,0.0728,1.1418,-0.1533,-55.1147,-172.1802,-141.2354,t008,FIJTB
2529703807,2697988,2,pelvis,loading,0.0774,1.1970,-0.2980,-60.9741,-135.3760,-143.4937,t008,FIJTB
2529703807,2698004,2,pelvis,midstance,0.4066,1.2302,-0.4681,-51.3916,-91.3696,-128.1128,t008,FIJTB
2529703808,2698020,2,pelvis,midstance,0.5127,1.1945,-0.5632,-50.6592,-89.8437,-112.0605,t008,FIJTB
2529703808,2698037,2,pelvis,midstance,0.4927,1.1702,-0.6714,-54.4434,-92.8345,-104.3091,t008,FIJTB
2529703868,2698053,2,pelvis,midstance,0.3599,1.1392,-0.6628,-56.0913,-93.6890,-62.9883,t008,FIJTB
2529703869,2698069,2,pelvis,midstance,0.0162,0.8875,-0.5039,-32.2266,-60.4248,-21.9116,t008,FIJTB
2529703870,2698085,2,pelvis,midstance,-0.2643,0.2061,-0.2401,-13.9160,-45.0439,-18.7378,t008,FIJTB
2529703870,2698101,2,pelvis,midstance,-0.2172,0.0936,-0.2795,7.8735,-18.3105,-0.7324,t008,FIJTB
2529703923,2698117,2,pelvis,midstance,-0.1863,0.6086,-0.0872,-3.2349,-10.2539,43.1519,t008,FIJTB
2529703925,2698133,2,pelvis,midstance,-0.5551,0.4637,0.0042,16.7236,-43.3960,135.6812,t008,FIJTB
2529703926,2698148,2,pelvis,midstance,-0.5995,0.2284,0.0616,52.1240,-60.7300,133.4839,t008,FIJTB
2529703943,2698164,2,pelvis,midstance,-0.3535,0.2753,0.1909,50.8423,-51.0254,117.7368,t008,FIJTB
2529703981,2698180,2,pelvis,midstance,-0.2036,0.5228,0.2078,61.0962,-49.4385,164.1235,t008,FIJTB
2529703982,2698196,2,pelvis,midstance,-0.0610,0.6537,0.2832,76.2939,-54.6265,209.4116,t008,FIJTB
2529703982,2698212,2,pelvis,midstance,-0.1849,0.6287,0.3219,87.4634,-52.4292,233.5815,t008,FIJTB
2529704034,2698228,2,pelvis,midstance,-0.2681,0.7631,0.2738,82.9468,-51.8799,241.7602,t008,FIJTB
2529704036,2698243,2,pelvis,midstance,-0.2054,0.9561,0.1858,76.2939,-38.3911,248.5351,t008,FIJTB
2529704037,2698259,2,pelvis,midstance,-0.1194,1.0217,0.1289,55.9082,5.0049,250.4883,t008,FIJTB
2529704092,2698275,2,pelvis,midstance,-0.0403,1.2982,-0.0265,42.2363,21.7285,249.1455,t008,FIJTB
2529704092,2698291,2,pelvis,midstance,0.0363,1.5646,-0.1434,42.2363,20.9961,246.3379,t008,FIJTB
2529704093,2698307,2,pelvis,midstance,0.1205,1.6573,-0.1663,49.0723,16.8457,243.5303,t008,FIJTB
2529704093,2698323,2,pelvis,midstance,0.2590,1.7129,-0.2168,53.4058,13.1226,243.4082,t008,FIJTB
2529704145,2698339,2,pelvis,midstance,0.1376,1.6010,-0.1907,57.1289,3.9673,241.9433,t008,FIJTB
2529704147,2698355,2,pelvis,midstance,0.1057,1.5632,-0.1749,54.1992,6.1646,232.9101,t008,FIJTB
2529704147,2698371,2,pelvis,midstance,0.0646,1.4939,-0.1665,52.9175,9.4604,230.2246,t008,FIJTB
2529704203,2698386,2,pelvis,midstance,0.0227,1.4578,-0.1646,47.3633,12.6953,224.8535,t008,FIJTB
2529704203,2698402,2,pelvis,midstance,-0.0469,1.4156,-0.1427,43.9453,15.4419,219.7876,t008,FIJTB
2529704204,2698418,2,pelvis,midstance,-0.0701,1.3971,-0.0913,39.2456,29.1138,206.8481,t008,FIJTB
2529704204,2698434,2,pelvis,midstance,-0.0436,1.4030,-0.0801,36.8042,45.2270,184.4482,t008,FIJTB
2529704257,2698450,2,pelvis,midstance,0.0974,1.4159,-0.1436,37.7197,52.6733,172.9126,t008,FIJTB
2529704258,2698466,2,pelvis,midstance,0.1416,1.3772,-0.2086,43.2739,66.4673,156.9214,t008,FIJTB
2529704258,2698482,2,pelvis,midstance,0.0266,1.1450,-0.2592,43.0908,69.1528,151.1841,t008,FIJTB
2529704314,2698498,2,pelvis,midstance,0.1982,1.0273,-0.2836,30.8228,61.2793,115.9058,t008,FIJTB
2529704315,2698513,2,pelvis,midstance,0.2832,1.0193,-0.2765,17.0288,44.0063,78.1860,t008,FIJTB
2529704315,2698529,2,pelvis,midstance,0.2374,0.9247,-0.1998,9.3994,39.7339,65.9790,t008,FIJTB
2529704315,2698545,2,pelvis,midstance,0.2385,0.9006,-0.1648,-8.1177,49.5605,31.3721,t008,FIJTB
2529704366,2698561,2,pelvis,midstance,0.2943,0.9335,-0.1454,-15.1978,59.6924,13.9770,t008,FIJTB
2529704367,2698576,2,pelvis,terminal,0.2245,0.8945,-0.1587,-27.0386,74.6460,-16.4185,t008,FIJTB
2529704367,2698592,2,pelvis,terminal,0.1918,0.9009,-0.1558,-42.1143,79.1626,-49.8657,t008,FIJTB
2529704390,2698608,2,pelvis,terminal,0.1644,0.9703,-0.1206,-47.2412,79.8340,-64.4531,t008,FIJTB
2529704428,2698624,2,pelvis,terminal,0.1328,0.9846,-0.1171,-50.0488,78.6743,-87.1582,t008,FIJTB
2529704429,2698640,2,pelvis,terminal,-0.2750,0.9047,0.0923,-49.2554,75.6836,-96.5576,t008,FIJTB
2529704429,2698656,2,pelvis,terminal,-1.4265,0.9497,0.6882,-10.1929,32.8369,-62.7441,t008,FIJTB
2529704484,2698672,2,pelvis,terminal,-1.3506,0.7001,0.4470,21.3623,-10.1318,-54.6875,t008,FIJTB
2529704485,2698688,2,pelvis,terminal,-0.2227,0.6782,0.0554,-4.6387,-5.9814,-94.1772,t008,FIJTB
2529704486,2698705,2,pelvis,terminal,-0.5159,1.2047,0.0095,-51.7578,3.7842,-77.5146,t008,FIJTB
2529704486,2698720,2,pelvis,terminal,-0.7906,1.3682,0.0082,-83.0078,-9.8877,-49.5605,t008,FIJTB
2529704540,2698736,2,pelvis,terminal,-0.2076,1.4346,0.0557,-81.2988,2.8076,-78.7354,t008,FIJTB
2529704541,2698752,2,pelvis,terminal,-0.0647,1.1605,0.0327,-58.8379,42.6636,-106.2012,t008,FIJTB
2529704542,2698768,2,pelvis,terminal,-0.3715,0.7843,-0.0178,-61.4624,43.6401,-89.1724,t008,FIJTB
2529704594,2698784,2,pelvis,terminal,-0.0989,1.2333,-0.1003,-90.6982,43.3350,-60.7300,t008,FIJTB
2529704595,2698800,2,pelvis,terminal,0.0011,1.2462,-0.0831,-97.1069,15.2588,-71.5942,t008,FIJTB
2529704595,2698816,2,pelvis,terminal,-0.0723,0.9684,-0.0394,-88.0127,-1.1597,-63.9038,t008,FIJTB
2529704651,2698832,2,pelvis,terminal,-0.2169,0.9382,0.0247,-78.5522,-11.5356,-32.2266,t008,FIJTB
2529704653,2698848,2,pelvis,terminal,-0.2017,0.9645,-0.0103,-72.6929,-14.5874,-14.8926,t008,FIJTB
2529704653,2698864,2,pelvis,terminal,-0.2894,0.9254,-0.1072,-62.5000,-18.0054,-7.0801,t008,FIJTB
2529704653,2698881,2,pelvis,terminal,-0.3260,0.9241,-0.1215,-52.0630,-14.6484,-1.0986,t008,FIJTB
2529704708,2698897,2,pelvis,terminal,-0.3013,0.9446,-0.1003,-39.1235,-7.2632,-5.7373,t008,FIJTB
2529704709,2698913,2,pelvis,terminal,-0.3134,0.9435,-0.1510,-32.9590,-6.4697,-7.1411,t008,FIJTB
2529704709,2698929,2,pelvis,terminal,-0.2924,0.9457,-0.1545,-27.4048,-8.0566,-11.2305,t008,FIJTB
2529704710,2698945,2,pelvis,terminal,-0.2583,0.9381,-0.1541,-24.2310,-11.1084,-10.0098,t008,FIJTB
2529704766,2698961,2,pelvis,terminal,-0.2885,0.9332,-0.1437,-19.4702,-17.2729,-4.3945,t008,FIJTB
2529704766,2698977,2,pelvis,terminal,-0.2936,0.9391,-0.1230,-19.1650,-16.7847,-7.0801,t008,FIJTB
2529704766,2698993,2,pelvis,terminal,-0.2964,0.9292,-0.1086,-17.4561,-15.6250,-8.7280,t008,FIJTB
2529704819,2699009,2,pelvis,terminal,-0.2936,0.9244,-0.1403,-21.8506,-12.3291,-11.9019,t008,FIJTB
2529704821,2699025,2,pelvis,terminal,-0.2699,0.9308,-0.1554,-23.8037,-9.9487,-14.5264,t008,FIJTB
2529704821,2699041,2,pelvis,terminal,-0.2650,0.9349,-0.1646,-22.3999,-10.5591,-13.7329,t008,FIJTB
2529704823,2699058,2,pelvis,terminal,-0.2863,0.9255,-0.1727,-19.8364,-13.1226,-13.0615,t008,FIJTB
2529704883,2699074,2,pelvis,terminal,-0.2488,0.9375,-0.1846,-18.7378,-13.3667,-13.8550,t008,FIJTB
2529704883,2699090,2,pelvis,terminal,-0.2175,0.9625,-0.1628,-13.9160,-13.3057,-14.3433,t008,FIJTB
2529704914,2699106,2,pelvis,terminal,-0.2421,0.9463,-0.1617,-10.1929,-15.3198,-17.3950,t008,FIJTB
2529704939,2699123,2,pelvis,swing,-0.2542,0.9365,-0.1539,-11.4136,-13.1226,-19.8975,t008,FIJTB
2529704939,2699139,2,pelvis,swing,-0.2207,0.9368,-0.1730,-14.6484,-8.7280,-24.4141,t008,FIJTB
2529704939,2699155,2,pelvis,swing,-0.2400,0.9254,-0.1876,-18.4937,-5.7373,-27.3437,t008,FIJTB
2529704940,2699171,2,pelvis,swing,-0.2377,0.9198,-0.1973,-19.8364,-3.8452,-28.7476,t008,FIJTB
2529705002,2699187,2,pelvis,swing,-0.2017,0.9326,-0.1923,-21.1792,-2.3804,-28.2593,t008,FIJTB
2529705002,2699204,2,pelvis,swing,-0.1927,0.9366,-0.1976,-20.7520,-2.5024,-24.7192,t008,FIJTB
2529705003,2699220,2,pelvis,swing,-0.1946,0.9412,-0.2111,-19.9585,-2.6855,-22.9492,t008,FIJTB
2529705003,2699236,2,pelvis,swing,-0.1844,0.9473,-0.2097,-17.4561,-6.6528,-20.3857,t008,FIJTB
2529705056,2699252,2,pelvis,swing,-0.1912,0.9312,-0.2218,-16.6626,-8.7280,-19.2871,t008,FIJTB
2529705058,2699268,2,pelvis,swing,-0.1825,0.9335,-0.2222,-16.9067,-8.7891,-17.3950,t008,FIJTB
2529705058,2699284,2,pelvis,swing,-0.1819,0.9393,-0.2231,-15.9912,-7.6904,-15.3198,t008,FIJTB
2529705115,2699300,2,pelvis,swing,-0.2072,0.9330,-0.2220,-15.4419,-7.1411,-14.7095,t008,FIJTB
2529705116,2699316,2,pelvis,swing,-0.1771,0.9397,-0.2316,-17.3950,-3.0518,-14.5264,t008,FIJTB
2529705116,2699332,2,pelvis,swing,-0.1443,0.9454,-0.2308,-18.1885,-0.3662,-12.8174,t008,FIJTB
2529705116,2699348,2,pelvis,swing,-0.1445,0.9384,-0.2480,-16.9678,-0.0610,-11.0474,t008,FIJTB
2529705168,2699364,2,pelvis,swing,-0.1477,0.9342,-0.2543,-14.7095,0.6104,-8.6060,t008,FIJTB
2529705170,2699380,2,pelvis,swing,-0.1316,0.9393,-0.2581,-13.2446,0.8545,-7.3242,t008,FIJTB
2529705170,2699396,2,pelvis,swing,-0.1432,0.9326,-0.2625,-9.0332,1.0376,-2.3804,t008,FIJTB
2529705226,2699412,2,pelvis,swing,-0.1542,0.9315,-0.2655,-7.9956,2.8076,2.0752,t008,FIJTB
2529705227,2699428,2,pelvis,swing,-0.1415,0.9393,-0.2603,-7.6294,2.9297,2.0142,t008,FIJTB
2529705227,2699443,2,pelvis,swing,-0.1667,0.9366,-0.2654,-4.6387,-0.1221,0.8545,t008,FIJTB
2529705278,2699460,2,pelvis,swing,-0.1770,0.9359,-0.2701,-2.6245,-2.2583,-2.1362,t008,FIJTB
2529705279,2699476,2,pelvis,swing,-0.1829,0.9386,-0.2712,-1.9531,-3.6011,-4.0894,t008,FIJTB
2529705280,2699492,2,pelvis,swing,-0.1854,0.9431,-0.2679,-1.2817,-7.0801,-8.7891,t008,FIJTB
2529705281,2699508,2,pelvis,swing,-0.1835,0.9429,-0.2587,-1.5869,-8.4229,-11.8408,t008,FIJTB
2529705337,2699524,2,pelvis,swing,-0.1710,0.9396,-0.2618,-3.4180,-8.6060,-17.7612,t008,FIJTB
2529705338,2699540,2,pelvis,swing,-0.1666,0.9343,-0.2727,-3.9673,-6.4087,-21.1182,t008,FIJTB
2529705338,2699556,2,pelvis,swing,-0.1375,0.9319,-0.2871,-3.3569,-5.5542,-21.9116,t008,FIJTB
2529705388,2699572,2,pelvis,swing,-0.1249,0.9271,-0.2802,-1.2817,-6.2866,-22.3389,t008,FIJTB
2529705390,2699589,2,pelvis,swing,-0.1178,0.9255,-0.2734,-0.4272,-7.1411,-20.6299,t008,FIJTB
2529705390,2699605,2,pelvis,swing,-0.1121,0.9374,-0.2688,-0.2441,-7.7515,-20.0195,t008,FIJTB
2529705390,2699621,2,pelvis,swing,-0.1023,0.9365,-0.2686,0.8545,-9.1553,-19.6533,t008,FIJTB
2529705444,2699637,2,pelvis,swing,-0.0812,0.9243,-0.2662,1.1597,-8.1177,-17.8833,t008,FIJTB
2529705444,2699653,2,pelvis,swing,-0.0562,0.9243,-0.2653,1.4038,-7.1411,-16.1743,t008,FIJTB
2529705444,2699669,2,pelvis,swing,-0.0583,0.9232,-0.2672,1.9531,-5.8594,-11.4136,t008,FIJTB
2529705495,2699685,2,pelvis,swing,-0.0714,0.9321,-0.2799,2.3193,-5.6763,-8.7280,t008,FIJTB
2529705497,2699701,2,pelvis,swing,-0.1204,0.9402,-0.2731,4.7607,-7.3242,-5.2490,t008,FIJTB
2529705498,2699717,2,pelvis,swing,-0.1404,0.9490,-0.2687,4.8828,-7.5684,-7.9956,t008,FIJTB
2529705499,2699733,2,pelvis,swing,-0.1345,0.9629,-0.2610,5.0049,-8.8501,-10.7422,t008,FIJTB
2529705551,2699749,2,pelvis,swing,-0.1376,0.9656,-0.2515,5.3101,-15.0146,-16.4185,t008,FIJTB
2529705552,2699765,2,pelvis,swing,-0.1425,0.9666,-0.2484,0.7935,-20.6299,-23.9868,t008,FIJTB
2529705552,2699781,2,pelvis,swing,-0.1587,0.9935,-0.2345,-2.6245,-22.5830,-28.4424,t008,FIJTB
2529705601,2699797,2,pelvis,swing,-0.1670,1.0109,-0.2385,-8.7891,-26.9165,-39.6729,t008,FIJTB
2529705603,2699814,2,pelvis,swing,-0.2502,1.0201,-0.2787,-11.7187,-29.6020,-43.7012,t008,FIJTB
2529705603,2699830,2,pelvis,swing,-0.3120,1.1077,-0.1931,-22.0337,-31.1890,-39.5508,t008,FIJTB
2529705656,2699846,2,pelvis,swing,-0.1393,1.1602,-0.1348,-31.5552,-32.8979,-36.9263,t008,FIJTB
2529705657,2699862,2,pelvis,swing,0.0033,1.2274,-0.0856,-26.6724,-41.0767,-34.2407,t008,FIJTB
2529705658,2699878,2,pelvis,swing,-0.2379,1.1442,0.0101,9.6436,-59.4482,-28.1982,t008,FIJTB
2529705706,2699894,2,pelvis,swing,-0.3300,1.1493,-0.0594,71.7163,-43.9453,-22.7051,t008,FIJTB
2529705708,2699910,2,pelvis,swing,0.1478,1.3641,-0.2224,43.0298,-49.0112,-36.1328,t008,FIJTB
2529705709,2699926,2,pelvis,swing,-0.0089,1.2432,-0.3024,1.9531,-117.6147,-36.1328,t008,FIJTB
2529705709,2699942,2,pelvis,swing,-0.4761,1.2985,-0.5431,-9.1553,-164.0014,-44.7998,t008,FIJTB
2529705761,2699958,2,pelvis,swing,-0.7101,1.0029,-0.1444,-1.2817,-194.0307,-58.1055,t008,FIJTB
2529705762,2699974,2,pelvis,swing,-0.5792,0.9065,0.0781,11.9019,-187.5000,-35.8276,t008,FIJTB
2529705762,2699990,2,pelvis,swing,-0.4139,0.7010,0.2371,25.5737,-195.1904,-19.7754,t008,FIJTB
2529705810,2700006,2,pelvis,swing,-0.5854,0.5443,0.3079,49.0112,-217.9565,21.3623,t008,FIJTB
2529705812,2700022,2,pelvis,swing,-0.6008,0.5155,0.3210,46.2646,-201.2329,46.2646,t008,FIJTB
2529705812,2700038,2,pelvis,swing,-0.4852,0.5525,0.3552,44.9829,-179.7485,60.9741,t008,FIJTB
2529705866,2700054,2,pelvis,swing,-0.3961,0.6259,0.3232,44.3726,-139.4653,86.6699,t008,FIJTB
2529705866,2700070,2,pelvis,swing,-0.3544,0.7183,0.2703,43.8232,-121.7041,97.5342,t008,FIJTB
2529705867,2700086,2,pelvis,swing,-0.2845,0.8093,0.3250,37.3535,-78.7354,119.9341,t008,FIJTB
2529705867,2700102,2,pelvis,swing,-0.2507,0.8156,0.3414,30.5176,-33.3862,134.8267,t008,FIJTB
2529705916,2700117,2,pelvis,swing,-0.2378,0.8873,0.2787,27.8320,-16.1133,142.8833,t008,FIJTB
2529705917,2700133,2,pelvis,swing,-0.2202,0.9724,0.2239,25.2075,5.7373,156.6772,t008,FIJTB
2529705917,2700149,2,pelvis,swing,-0.1404,1.1504,0.1353,26.0620,15.5029,159.2407,t008,FIJTB
2529705969,2700165,2,pelvis,swing,-0.0469,1.2805,0.1021,31.3721,30.7007,153.0151,t008,FIJTB
2529705969,2700180,2,pelvis,swing,0.0104,1.3148,0.0771,40.5884,34.5459,135.9863,t008,FIJTB
2529705969,2700196,2,pelvis,swing,0.0640,1.2809,0.0385,45.2881,31.6772,132.5073,t008,FIJTB
2529706018,2700212,2,pelvis,swing,0.1066,1.2983,0.0344,52.1851,17.8833,130.3711,t008,FIJTB
2529706020,2700227,2,pelvis,swing,0.0869,1.2917,0.0123,52.7954,9.4604,123.7793,t008,FIJTB
2529706020,2700243,2,pelvis,swing,0.0139,1.1412,0.0105,45.1050,-2.4414,107.4829,t008,FIJTB
2529706073,2700259,2,pelvis,swing,0.0607,1.1415,0.0225,41.6260,-6.4087,102.6001,t008,FIJTB
2529706074,2700275,2,pelvis,swing,0.1086,1.2302,0.0350,45.0439,-12.2681,99.4263,t008,FIJTB
2529706075,2700291,2,pelvis,swing,0.0668,1.2452,0.0464,64.5752,-28.9917,84.3506,t008,FIJTB
2529706075,2700306,2,pelvis,swing,0.0255,1.1830,0.0443,72.3877,-31.6772,74.4019,t008,FIJTB
2529706124,2700322,2,pelvis,swing,0.0863,1.1046,-0.0311,68.5425,-25.7568,57.1289,t008,FIJTB
2529706125,2700338,2,pelvis,swing,0.1318,1.0815,-0.0204,57.3120,-19.4702,58.8989,t008,FIJTB
2529706125,2700354,2,pelvis,swing,0.1639,1.0493,0.0359,54.9316,-21.4844,65.9180,t008,FIJTB
2529706178,2700370,2,pelvis,swing,0.1201,1.0635,0.0193,52.7344,-34.4238,63.5376,t008,FIJTB
2529706179,2700386,2,pelvis,swing,0.0570,1.0598,0.0089,52.0630,-40.0391,53.4668,t008,FIJTB
2529706180,2700402,2,pelvis,swing,0.0782,1.0229,0.0443,51.2085,-53.8330,32.8369,t008,FIJTB
2529706229,2700417,2,pelvis,swing,0.0441,1.0181,0.0272,48.8281,-73.4253,14.2212,t008,FIJTB
2529706231,2700433,2,pelvis,swing,0.1002,1.0443,0.0332,48.1567,-85.4492,5.4321,t008,FIJTB
2529706232,2700449,2,pelvis,swing,0.2084,1.0361,0.0439,52.4292,-116.1499,-15.6250,t008,FIJTB
2529706232,2700465,2,pelvis,swing,0.1697,0.9421,0.0092,49.4385,-153.1372,-26.5503,t008,FIJTB
2529706285,2700481,2,pelvis,swing,-0.0734,0.9440,0.0101,42.9687,-163.6352,-27.5269,t008,FIJTB
2529706285,2700497,2,pelvis,swing,-0.0707,0.9884,0.0103,35.2173,-158.5693,-36.8652,t008,FIJTB
2529706286,2700513,2,pelvis,swing,-0.0266,1.0338,-0.0382,34.1797,-148.1323,-42.7856,t008,FIJTB
2529706336,2700529,2,pelvis,swing,-0.1155,1.0045,-0.0751,31.7383,-120.9106,-50.6592,t008,FIJTB
2529706337,2700545,2,pelvis,swing,-0.0968,0.9923,-0.1207,24.0478,-91.1255,-56.2134,t008,FIJTB
2529706338,2700561,2,pelvis,swing,0.0227,1.0754,-0.1465,18.6157,-75.1953,-58.4717,t008,FIJTB
2529706393,2700577,2,pelvis,swing,0.0422,1.0861,-0.0876,29.6631,-56.5186,-63.0493,t008,FIJTB
2529706393,2700593,2,pelvis,swing,-0.2124,0.8417,-0.0068,44.4336,-72.9980,-70.3125,t008,FIJTB
2529706393,2700609,2,pelvis,swing,-0.3101,0.9020,-0.0919,35.4614,-80.6274,-81.0547,t008,FIJTB
2529706393,2700625,2,pelvis,swing,-0.2938,0.9290,-0.2961,39.4287,-98.5718,-93.6279,t008,FIJTB
2529706444,2700641,2,pelvis,swing,-0.5902,0.8567,-0.5035,44.3115,-134.7046,-85.0220,t008,FIJTB
2529706445,2700657,2,pelvis,swing,-0.9504,0.9432,-0.0676,67.1387,-232.5439,-66.0400,t008,FIJTB
2529706445,2700673,2,pelvis,swing,-0.9855,0.8337,-0.1426,71.1060,-277.1606,-62.5000,t008,FIJTB
2529706498,2700689,2,pelvis,swing,-0.8511,0.7833,-0.4800,44.7998,-266.7847,-60.8520,t008,FIJTB
2529706498,2700705,2,pelvis,swing,-0.8488,0.9559,-0.4623,-18.0664,-156.2500,-74.4629,t008,FIJTB
2529706499,2700722,2,pelvis,swing,-1.0718,1.1271,-0.4767,-64.5142,46.2036,-46.9360,t008,FIJTB
2529706550,2700738,2,pelvis,swing,-0.4337,1.0764,0.2781,-59.2651,101.0742,-59.2041,t008,FIJTB
2529706550,2700754,2,pelvis,swing,0.0826,0.9983,0.2118,7.9346,119.0796,-99.9145,t008,FIJTB
2529706551,2700769,2,pelvis,swing,0.4335,1.0123,-0.2037,20.7520,106.9946,-77.9419,t008,FIJTB
2529706551,2700785,2,pelvis,swing,-0.1038,0.9381,-0.0043,-4.4556,54.5044,-28.3813,t008,FIJTB
2529706604,2700801,2,pelvis,swing,-0.1350,0.9706,0.0936,-11.4136,9.0942,-25.5737,t008,FIJTB
2529706604,2700817,2,pelvis,swing,0.0055,1.0005,0.0203,-13.5498,-4.2725,-23.0713,t008,FIJTB
2529706604,2700833,2,pelvis,swing,-0.0577,0.9810,-0.0010,-17.7002,-20.1416,-7.6904,t008,FIJTB
2529706655,2700850,2,pelvis,swing,-0.1539,0.9677,-0.0399,-16.1743,-17.3950,-2.1973,t008,FIJTB
2529706656,2700866,2,pelvis,swing,-0.1470,0.9869,-0.0350,-14.5874,-11.7798,-0.7324,t008,FIJTB
2529706656,2700882,2,pelvis,swing,-0.1528,1.0162,-0.0394,-15.1367,-3.5400,-2.7466,t008,FIJTB
2529706710,2700898,2,pelvis,swing,-0.1849,0.9386,-0.0775,-12.0239,-5.0659,-3.7231,t008,FIJTB
2529706712,2700914,2,pelvis,swing,-0.1327,0.9928,-0.0735,-8.6670,-19.7144,-2.8687,t008,FIJTB
2529706712,2700930,2,pelvis,swing,-0.1401,0.9998,-0.0515,-15.0146,-25.2686,-0.9766,t008,FIJTB
2529706761,2700947,2,pelvis,swing,-0.1740,0.9639,-0.0558,-16.2964,-24.5361,-0.1831,t008,FIJTB
2529706763,2700963,2,pelvis,swing,-0.1493,0.9966,-0.0518,-18.7378,-20.5688,0.5493,t008,FIJTB
2529706764,2700979,2,pelvis,swing,-0.1486,0.9794,-0.0607,-17.5781,-16.6626,2.3804,t008,FIJTB
2529706764,2700995,2,pelvis,swing,-0.1520,0.9513,-0.0645,-17.0898,-17.9443,4.5776,t008,FIJTB
2529706818,2701011,2,pelvis,swing,-0.1454,0.9480,-0.0609,-16.3574,-24.2920,8.0566,t008,FIJTB
2529706818,2701027,2,pelvis,swing,-0.1682,0.9607,-0.0911,-16.7236,-26.6724,9.3384,t008,FIJTB
2529706819,2701043,2,pelvis,swing,-0.1827,0.9673,-0.1005,-18.3105,-26.9775,9.8267,t008,FIJTB
2529706870,2701059,2,pelvis,swing,-0.1841,0.9637,-0.0994,-15.8081,-25.6958,5.9204,t008,FIJTB
2529706872,2701076,2,pelvis,swing,-0.1986,0.9706,-0.1001,-14.7095,-25.3906,4.2114,t008,FIJTB
2529706872,2701092,2,pelvis,swing,-0.1823,0.9633,-0.0841,-14.4043,-24.0478,1.4648,t008,FIJTB
2529706926,2701108,2,pelvis,swing,-0.1927,0.9583,-0.0823,-14.9536,-24.6582,-2.6245,t008,FIJTB
2529706926,2701124,2,pelvis,swing,-0.2252,0.9614,-0.1007,-15.5029,-23.3154,-5.4321,t008,FIJTB
2529706927,2701140,2,pelvis,swing,-0.2056,0.9636,-0.1107,-14.7705,-16.9067,-13.7329,t008,FIJTB
2529706927,2701156,2,pelvis,swing,-0.1787,0.9596,-0.1079,-12.3901,-12.2070,-20.3857,t008,FIJTB
2529706978,2701172,2,pelvis,swing,-0.1554,0.9526,-0.1016,-11.2915,-12.3901,-21.2402,t008,FIJTB
2529706981,2701188,2,pelvis,swing,-0.1709,0.9554,-0.1091,-12.6953,-14.8926,-21.6064,t008,FIJTB
2529706981,2701204,2,pelvis,swing,-0.1599,0.9618,-0.1171,-13.3057,-15.1978,-23.4375,t008,FIJTB
2529707014,2701221,2,pelvis,swing,-0.1320,0.9659,-0.1399,-12.5732,-12.8174,-26.4282,t008,FIJTB
2529707039,2701237,2,pelvis,swing,-0.1289,0.9656,-0.1584,-11.1694,-11.4136,-26.4893,t008,FIJTB
2529707039,2701253,2,pelvis,swing,-0.1268,0.9651,-0.1475,-10.4370,-11.9629,-26.0010,t008,FIJTB
2529707039,2701269,2,pelvis,swing,-0.1285,0.9796,-0.1396,-9.5825,-12.5122,-26.8555,t008,FIJTB
2529707097,2701286,2,pelvis,swing,-0.1414,0.9786,-0.1514,-8.6060,-12.2070,-29.3579,t008,FIJTB
2529707099,2701302,2,pelvis,swing,-0.1293,0.9745,-0.1703,-7.4463,-11.5356,-32.0435,t008,FIJTB
2529707099,2701318,2,pelvis,swing,-0.1179,0.9733,-0.1732,-7.0801,-12.2681,-37.4756,t008,FIJTB
2529707152,2701334,2,pelvis,swing,-0.1154,0.9773,-0.1646,-10.4370,-15.9302,-42.0532,t008,FIJTB
2529707153,2701350,2,pelvis,swing,-0.1066,0.9880,-0.1541,-12.7563,-17.6392,-45.0439,t008,FIJTB
2529707153,2701367,2,pelvis,swing,-0.1029,0.9899,-0.1587,-18.7988,-21.1792,-51.0864,t008,FIJTB
2529707153,2701383,2,pelvis,swing,-0.1040,1.0118,-0.1753,-23.5596,-24.3530,-56.7017,t008,FIJTB
2529707204,2701399,2,pelvis,swing,-0.1218,1.0449,-0.1901,-25.5127,-26.0620,-59.9365,t008,FIJTB
2529707205,2701415,2,pelvis,swing,-0.0858,1.0575,-0.1852,-28.1372,-31.0059,-61.5234,t008,FIJTB
2529707206,2701431,2,pelvis,swing,0.0223,1.0823,-0.1722,-28.2593,-37.2314,-58.1055,t008,FIJTB
2529707259,2701447,2,pelvis,swing,-0.0452,1.0704,-0.2074,-30.0293,-52.4292,-49.7436,t008,FIJTB
2529707259,2701463,2,pelvis,swing,-0.0498,1.1036,-0.1632,-29.2969,-61.0352,-55.9082,t008,FIJTB
2529707260,2701480,2,pelvis,swing,0.0005,1.1608,-0.0752,-27.4048,-62.8662,-62.6831,t008,FIJTB
2529707308,2701496,2,pelvis,swing,0.0819,1.1228,-0.0809,-36.3770,-71.4722,-70.1294,t008,FIJTB
2529707310,2701512,2,pelvis,swing,0.0730,1.0651,-0.0199,-37.5366,-82.7637,-63.9038,t008,FIJTB
2529707310,2701528,2,pelvis,swing,0.0602,1.2439,0.0051,-21.7285,-95.3369,-67.6270,t008,FIJTB
2529707310,2701544,2,pelvis,swing,0.1730,1.3879,-0.1687,-12.2681,-136.7187,-91.0644,t008,FIJTB
2529707363,2701560,2,pelvis,swing,0.3270,1.2451,-0.3076,-89.5386,-184.0210,-95.7642,t008,FIJTB
2529707363,2701576,2,pelvis,swing,-0.0217,0.7118,-0.3844,-163.3911,-211.3037,-94.1162,t008,FIJTB
2529707363,2701593,2,pelvis,swing,-0.2821,1.0442,-0.1780,-166.9311,-229.7363,-34.5459,t008,FIJTB
2529707411,2701609,2,pelvis,swing,0.0139,1.3744,-0.2568,-128.3569,-216.1255,-7.5073,t008,FIJTB
2529707413,2701625,2,pelvis,swing,0.0314,0.9207,-1.0990,-70.1904,-238.7695,3.3569,t008,FIJTB
2529707415,2701641,2,pelvis,swing,-0.0627,0.9105,-0.8403,-54.3823,-264.9536,16.9067,t008,FIJTB
2529707467,2701657,2,pelvis,swing,0.0511,0.8163,-0.4298,-46.1426,-253.9062,23.5596,t008,FIJTB
2529707467,2701673,2,pelvis,swing,0.1982,0.6053,-0.4182,-38.3301,-225.8301,30.0293,t008,FIJTB
2529707468,2701689,2,pelvis,swing,-0.1124,0.4558,-0.3271,-23.6816,-217.1631,53.8330,t008,FIJTB
2529707515,2701705,2,pelvis,swing,-0.7240,0.3716,0.1029,-20.9351,-238.2202,77.6367,t008,FIJTB
2529707517,2701721,2,pelvis,swing,-0.7286,0.4641,0.3177,-17.7002,-241.4551,93.0176,t008,FIJTB
2529707518,2701738,2,pelvis,swing,-0.3269,0.6249,0.3517,-7.3242,-195.9839,87.6465,t008,FIJTB
2529707519,2701754,2,pelvis,swing,-0.1024,0.6614,0.3799,2.3193,-179.6264,94.9707,t008,FIJTB
2529707571,2701769,2,pelvis,swing,-0.1060,0.6567,0.3899,27.3437,-157.8369,115.3564,t008,FIJTB
2529707572,2701785,2,pelvis,swing,-0.1035,0.6595,0.4156,32.5928,-149.0479,127.6245,t008,FIJTB
2529707572,2701801,2,pelvis,swing,-0.1329,0.6704,0.4561,28.3813,-139.0381,159.2407,t008,FIJTB
2529707621,2701817,2,pelvis,swing,-0.1570,0.7340,0.4427,14.1602,-115.1123,168.7622,t008,FIJTB
2529707623,2701833,2,pelvis,swing,-0.0856,0.9908,0.3428,10.3149,-95.2759,167.6636,t008,FIJTB
2529707623,2701849,2,pelvis,swing,0.0204,1.1036,0.2961,18.3716,-74.0356,167.6636,t008,FIJTB
2529707676,2701865,2,pelvis,swing,0.2218,1.2562,0.2225,24.2920,-75.1953,171.0815,t008,FIJTB
2529707676,2701880,2,pelvis,swing,0.2163,1.3218,0.1627,27.0386,-84.4116,178.6499,t008,FIJTB
2529707677,2701896,2,pelvis,swing,0.2264,1.3412,0.1191,20.0806,-85.4492,170.1660,t008,FIJTB
2529707677,2701912,2,pelvis,swing,0.2341,1.3934,0.0028,15.8081,-82.5195,162.7197,t008,FIJTB
2529707726,2701928,2,pelvis,swing,0.2570,1.4052,-0.0283,15.2588,-72.3267,150.8179,t008,FIJTB
2529707727,2701944,2,pelvis,swing,0.3416,1.3068,-0.0300,16.0522,-70.1904,140.2588,t008,FIJTB
2529707727,2701960,2,pelvis,swing,0.3248,1.2377,-0.0693,6.5918,-72.6929,110.0464,t008,FIJTB
2529707780,2701976,2,pelvis,swing,0.3976,1.2357,-0.0793,-3.6621,-59.8144,91.7358,t008,FIJTB
2529707780,2701992,2,pelvis,swing,0.4296,1.1332,-0.0211,-5.4321,-51.3916,87.3413,t008,FIJTB
2529707781,2702008,2,pelvis,swing,0.1968,1.0065,0.0029,-11.1084,-37.9639,70.4346,t008,FIJTB
2529707829,2702024,2,pelvis,swing,0.2081,1.0131,-0.0275,-20.1416,-7.4463,40.3442,t008,FIJTB
2529707831,2702040,2,pelvis,swing,0.3594,1.0081,-0.0430,-20.5078,11.4136,27.8931,t008,FIJTB
2529707832,2702056,2,pelvis,swing,0.2954,0.9546,-0.0105,-20.1416,33.0200,21.6064,t008,FIJTB
2529707867,2702072,2,pelvis,swing,-0.0781,0.9509,0.0264,-24.1699,39.3066,22.6440,t008,FIJTB
2529707885,2702087,2,pelvis,swing,0.2064,0.9231,-0.0020,-20.9351,78.8574,9.0332,t008,FIJTB
2529707886,2702103,2,pelvis,swing,0.0327,1.0332,-0.0420,-12.1460,79.3457,4.0894,t008,FIJTB
2529707886,2702119,2,pelvis,swing,-0.7100,1.0336,-0.1978,-3.7842,71.5332,21.3623,t008,FIJTB
2529707935,2702135,2,pelvis,swing,-0.8171,1.0236,-0.2340,21.3013,56.1523,-10.4370,t008,FIJTB
2529707938,2702151,2,pelvis,swing,-0.2904,1.1311,0.0109,38.3301,54.3823,-37.5977,t008,FIJTB
2529707938,2702167,2,pelvis,swing,-0.1969,0.9282,0.1204,64.3921,57.1899,-63.2324,t008,FIJTB
2529707991,2702183,2,pelvis,swing,-0.1683,1.0106,0.1007,17.8223,35.8887,-50.4150,t008,FIJTB
2529707991,2702199,2,pelvis,swing,-0.0298,1.0197,0.1299,0.7935,29.7241,-46.5088,t008,FIJTB
2529707992,2702215,2,pelvis,swing,-0.1268,0.9546,0.0908,-3.1738,17.0288,-37.5977,t008,FIJTB
2529708041,2702231,2,pelvis,swing,-0.1719,0.9490,0.0513,0.0610,11.6577,-30.8838,t008,FIJTB
2529708043,2702247,2,pelvis,swing,-0.0344,1.0421,-0.0627,7.6294,11.9019,-30.8838,t008,FIJTB
2529708043,2702262,2,pelvis,swing,-0.0382,0.9969,-0.0687,20.9351,8.5449,-23.1323,t008,FIJTB
2529708044,2702278,2,pelvis,swing,-0.2037,0.9596,-0.0627,17.0288,3.4180,-15.3198,t008,FIJTB
2529708097,2702294,2,pelvis,swing,-0.2202,0.9440,-0.0337,8.6670,-4.2114,-8.8501,t008,FIJTB
2529708097,2702310,2,pelvis,swing,-0.2056,0.9441,-0.0144,9.3994,-7.2632,-6.7139,t008,FIJTB
2529708097,2702326,2,pelvis,swing,-0.1888,0.9673,0.0063,8.9111,-7.3242,-5.9814,t008,FIJTB
2529708146,2702342,2,pelvis,swing,-0.2261,0.9476,0.0162,3.6011,-3.7231,-4.3945,t008,FIJTB
2529708149,2702358,2,pelvis,swing,-0.2451,0.9656,0.0332,-0.6104,-0.4272,-6.2866,t008,FIJTB
2529708149,2702374,2,pelvis,swing,-0.2352,0.9601,0.0126,1.0986,6.9580,-12.6953,t008,FIJTB
2529708202,2702390,2,pelvis,swing,-0.2152,0.9702,0.0039,-2.7466,7.4463,-19.6533,t008,FIJTB
2529708202,2702406,2,pelvis,swing,-0.2037,0.9486,0.0009,-6.2866,3.6011,-19.8975,t008,FIJTB
2529708203,2702422,2,pelvis,swing,-0.1671,0.9728,-0.0140,-9.8267,-5.5542,-17.9443,t008,FIJTB
2529708203,2702438,2,pelvis,swing,-0.1742,0.9681,-0.0022,-5.7983,-12.4512,-15.7471,t008,FIJTB
2529708253,2702454,2,pelvis,swing,-0.1254,0.9817,0.0085,-4.1504,-15.0146,-15.8691,t008,FIJTB
2529708254,2702470,2,pelvis,swing,-0.1279,0.9702,0.0024,-3.4790,-16.3574,-10.4980,t008,FIJTB
2529708254,2702486,2,pelvis,swing,-0.1074,0.9948,-0.0288,-4.3335,-14.4653,-7.9346,t008,FIJTB
2529708307,2702503,2,pelvis,swing,-0.1005,0.9757,-0.0264,-1.0376,-7.2021,-5.0659,t008,FIJTB
2529708308,2702519,2,pelvis,swing,-0.1171,0.9760,-0.0325,1.3428,-5.5542,1.2817,t008,FIJTB
2529708308,2702535,2,pelvis,swing,-0.0984,0.9912,-0.0413,2.2583,-6.5308,3.2349,t008,FIJTB
2529708358,2702550,2,pelvis,swing,-0.1323,0.9784,-0.0037,7.9346,-8.7891,5.0049,t008,FIJTB
2529708360,2702566,2,pelvis,swing,-0.1775,0.9590,0.0098,9.2773,-10.4370,4.2114,t008,FIJTB
2529708361,2702582,2,pelvis,swing,-0.1290,0.9888,0.0133,7.3242,-11.0474,1.7090,t008,FIJTB
2529708406,2702598,2,pelvis,swing,-0.0848,0.9971,0.0208,8.9722,-12.8174,-1.8921,t008,FIJTB
2529708414,2702614,2,pelvis,swing,-0.1384,0.9698,0.0190,11.0474,-14.3433,-1.0986,t008,FIJTB
2529708414,2702630,2,pelvis,swing,-0.1407,0.9720,0.0084,11.9629,-15.6250,-1.6479,t008,FIJTB
2529708414,2702646,2,pelvis,swing,-0.1401,0.9784,-0.0026,12.5732,-14.7705,-1.1597,t008,FIJTB
2529708465,2702662,2,pelvis,swing,-0.1573,0.9823,-0.0079,13.7939,-14.3433,-0.4883,t008,FIJTB
2529708467,2702678,2,pelvis,swing,-0.1646,0.9807,-0.0079,16.9678,-12.1460,-1.3428,t008,FIJTB
2529708467,2702694,2,pelvis,swing,-0.2048,0.9530,-0.0012,17.7612,-10.6201,-3.1738,t008,FIJTB
2529708519,2702710,2,pelvis,swing,-0.1696,0.9702,0.0118,16.1743,-9.8877,-4.5166,t008,FIJTB
2529708520,2702726,2,pelvis,swing,-0.1438,0.9686,0.0249,16.7847,-8.6060,-5.3101,t008,FIJTB
2529708520,2702742,2,pelvis,swing,-0.1682,0.9550,0.0350,17.8223,-8.9111,-4.0283,t008,FIJTB
2529708569,2702758,2,pelvis,swing,-0.1964,0.9463,0.0513,16.6016,-7.9346,-2.1973,t008,FIJTB
2529708569,2702774,2,pelvis,swing,-0.2222,0.9333,0.0569,12.2681,-5.1270,-2.0752,t008,FIJTB
2529708572,2702790,2,pelvis,swing,-0.1864,0.9513,0.0520,8.1787,-3.0518,-2.8687,t008,FIJTB
2529708572,2702806,2,pelvis,swing,-0.1315,0.9669,0.0690,4.3335,0.7935,-6.2256,t008,FIJTB
2529708624,2702821,2,pelvis,swing,-0.1482,0.9622,0.0790,4.6387,1.0986,-7.4463,t008,FIJTB
2529708625,2702837,2,pelvis,swing,-0.2014,0.9700,0.0901,0.3662,1.7700,-14.1602,t008,FIJTB
2529708625,2702853,2,pelvis,swing,-0.2062,0.9795,0.0869,-7.6294,4.3335,-30.3955,t008,FIJTB
2529708673,2702869,2,pelvis,swing,-0.2523,0.9646,0.0964,-11.8408,4.5776,-38.6353,t008,FIJTB
2529708675,2702885,2,pelvis,swing,-0.3096,0.9498,0.1138,-23.1323,1.5869,-51.3916,t008,FIJTB
2529708676,2702901,2,pelvis,swing,-0.3437,0.9834,0.1776,-43.0298,-2.3804,-69.8242,t008,FIJTB
2529708686,2702917,2,pelvis,swing,-0.3700,1.0825,0.1846,-51.9409,-6.6528,-80.4443,t008,FIJTB
2529708729,2702933,2,pelvis,swing,-0.3545,1.1591,0.1516,-64.0259,-18.6157,-98.3887,t008,FIJTB
2529708730,2702949,2,pelvis,swing,-0.3395,1.2673,0.1375,-77.6367,-24.2920,-104.6753,t008,FIJTB
2529708730,2702965,2,pelvis,swing,-0.2655,1.5670,-0.1586,-94.6045,-38.4521,-105.1025,t008,FIJTB
2529708779,2702982,2,pelvis,swing,-0.3359,1.6160,-0.2714,-45.5322,-98.3887,-103.0273,t008,FIJTB
2529708781,2702998,2,pelvis,swing,-0.7709,1.1154,0.3193,-22.4609,-120.3003,-107.3608,t008,FIJTB
2529708781,2703014,2,pelvis,swing,-0.9110,0.9014,0.5132,2.1973,-105.6518,-67.6270,t008,FIJTB
2529708833,2703029,2,pelvis,swing,-0.8424,0.8278,0.2325,14.1602,-71.8994,-12.2681,t008,FIJTB
2529708834,2703045,2,pelvis,swing,-0.7111,0.6459,0.2983,22.2778,-66.8335,-0.9155,t008,FIJTB
2529708834,2703061,2,pelvis,swing,-0.6797,0.5818,0.3075,29.8462,-50.4761,21.9727,t008,FIJTB
2529708881,2703077,2,pelvis,swing,-0.5609,0.5966,0.3203,32.3486,-37.4756,41.2598,t008,FIJTB
2529708884,2703093,2,pelvis,swing,-0.3033,0.7257,0.3158,37.6587,-6.7749,80.7495,t008,FIJTB
2529708884,2703109,2,pelvis,swing,-0.2622,0.7535,0.3168,39.4287,26.0010,125.9766,t008,FIJTB
2529708937,2703125,2,pelvis,swing,-0.3397,0.8405,0.3671,38.5742,42.2363,147.3389,t008,FIJTB
2529708938,2703141,2,pelvis,swing,-0.3070,0.9446,0.3485,38.8794,72.6318,161.6821,t008,FIJTB
2529708938,2703157,2,pelvis,swing,-0.1577,1.1104,0.2172,40.7104,86.2427,160.0342,t008,FIJTB
2529708938,2703172,2,pelvis,swing,0.0088,1.1422,0.1254,41.7480,100.1587,151.7334,t008,FIJTB
2529708986,2703188,2,pelvis,swing,0.0188,1.0997,0.1365,38.0249,93.0176,149.9634,t008,FIJTB
2529708987,2703204,2,pelvis,swing,-0.0273,1.1344,0.1543,41.5649,86.7309,150.9399,t008,FIJTB
2529708988,2703219,2,pelvis,swing,-0.0063,1.1753,0.1160,49.5605,78.9185,141.5405,t008,FIJTB
2529709031,2703235,2,pelvis,swing,0.0157,1.1921,0.0463,53.5278,74.9512,136.7187,t008,FIJTB
2529709042,2703251,2,pelvis,swing,-0.0197,1.1561,0.0302,59.5093,58.9600,127.9297,t008,FIJTB
2529709042,2703267,2,pelvis,swing,-0.0225,1.1603,0.0264,60.8520,39.7949,113.8916,t008,FIJTB
2529709090,2703283,2,pelvis,swing,-0.0643,1.1226,0.0255,59.0210,34.4238,108.0933,t008,FIJTB
2529709093,2703299,2,pelvis,swing,-0.0905,1.0969,0.0219,51.3306,27.8931,96.9849,t008,FIJTB
2529709093,2703314,2,pelvis,swing,-0.0948,1.1094,-0.0273,48.8281,25.5127,89.9048,t008,FIJTB
2529709108,2703330,2,pelvis,swing,-0.1298,1.0065,0.0177,48.9502,24.1699,80.9326,t008,FIJTB
2529709145,2703346,2,pelvis,swing,-0.1505,0.9685,0.0300,45.8984,19.1650,68.7256,t008,FIJTB
2529709146,2703362,2,pelvis,swing,-0.0969,1.0151,-0.0261,43.5181,16.4795,56.9458,t008,FIJTB
2529709146,2703377,2,pelvis,swing,-0.0798,0.9868,-0.0419,38.3911,10.4980,37.3535,t008,FIJTB
2529709193,2703393,2,pelvis,swing,-0.1479,0.8735,-0.0341,34.7290,4.1504,29.9072,t008,FIJTB
2529709196,2703409,2,pelvis,swing,-0.1083,0.8610,-0.0048,25.5737,-8.9722,9.7656,t008,FIJTB
2529709197,2703425,2,pelvis,swing,-0.0879,0.8889,0.0104,16.8457,-10.1929,-3.3569,t008,FIJTB
2529709248,2703441,2,pelvis,swing,-0.1987,0.8729,0.0144,12.3901,-5.1880,-7.9956,t008,FIJTB
2529709248,2703457,2,pelvis,swing,-0.2242,0.8253,0.0134,1.7090,8.5449,-23.7427,t008,FIJTB
2529709249,2703473,2,pelvis,loading,-0.2045,0.7820,-0.0406,-8.7280,13.9770,-38.8794,t008,FIJTB
2529709297,2703489,2,pelvis,loading,-0.2179,0.7866,-0.0942,-13.7939,14.3433,-41.5649,t008,FIJTB
2529709297,2703505,2,pelvis,loading,-0.2178,0.7878,-0.1168,-20.9961,8.5449,-47.5464,t008,FIJTB
2529709298,2703521,2,pelvis,loading,-0.2283,0.7943,-0.1859,-24.5972,0.9766,-52.0630,t008,FIJTB
2529709302,2703537,2,pelvis,loading,-0.2872,0.9602,-0.1533,-36.9873,-16.7236,-59.9365,t008,FIJTB
2529709355,2703553,2,pelvis,loading,-0.3352,1.0175,-0.0792,-23.6816,-30.2124,-62.6831,t008,FIJTB
2529709355,2703569,2,pelvis,loading,-0.5410,0.6498,0.2815,-29.6020,-35.7056,-73.7915,t008,FIJTB
2529709356,2703585,2,pelvis,loading,-0.5945,0.7526,0.3367,-42.7856,-21.8506,-62.3779,t008,FIJTB
2529709406,2703601,2,pelvis,loading,-0.5854,0.9456,0.2689,-73.3643,19.5923,-53.1006,t008,FIJTB
2529709406,2703617,2,pelvis,loading,-0.6342,1.5077,0.2478,-88.0127,28.1982,-59.1431,t008,FIJTB
2529709407,2703633,2,pelvis,loading,-0.2446,1.5183,0.2726,-84.4726,26.5503,-120.9106,t008,FIJTB
2529709457,2703649,2,pelvis,loading,0.1229,1.1047,0.0107,-70.7397,28.6865,-140.0757,t008,FIJTB
2529709458,2703665,2,pelvis,loading,-0.1460,1.0305,-0.0748,-72.5098,33.5693,-80.0781,t008,FIJTB
2529709458,2703681,2,pelvis,loading,-0.2026,1.0388,-0.0355,-66.1011,30.7617,-62.6221,t008,FIJTB
2529709506,2703697,2,pelvis,loading,-0.1049,0.9811,-0.0396,-47.7295,24.0478,-70.3125,t008,FIJTB
2529709508,2703713,2,pelvis,loading,-0.0460,1.0205,-0.0914,-36.3770,-0.1221,-63.0493,t008,FIJTB
2529709509,2703730,2,pelvis,loading,0.0688,1.1840,0.0103,-38.3301,-14.5264,-58.3496,t008,FIJTB
2529709543,2703745,2,pelvis,loading,-0.1483,0.8871,0.0219,-20.8130,-21.9727,-53.4058,t008,FIJTB
2529709561,2703761,2,pelvis,loading,-0.1733,0.9520,-0.0081,-24.2920,-12.6953,-20.8740,t008,FIJTB
2529709561,2703777,2,pelvis,loading,-0.0470,1.0023,0.0208,-27.1606,-2.9297,-24.4141,t008,FIJTB
2529709562,2703793,2,pelvis,loading,-0.1307,1.0024,-0.0359,-20.0806,11.1694,-23.4985,t008,FIJTB
2529709611,2703809,2,pelvis,loading,-0.1760,0.9601,-0.0424,-11.5356,13.4277,-18.1885,t008,FIJTB
2529709612,2703825,2,pelvis,loading,-0.0896,0.9883,-0.0284,-6.9580,10.4980,-17.8833,t008,FIJTB
2529709612,2703841,2,pelvis,loading,-0.0691,0.9657,0.0067,-11.9629,5.4321,-10.5591,t008,FIJTB
2529709664,2703857,2,pelvis,loading,-0.0671,1.0013,0.0317,-14.1602,3.5400,-6.2866,t008,FIJTB
2529709665,2703874,2,pelvis,loading,-0.1315,0.9791,0.0157,-14.2822,3.9673,-4.8218,t008,FIJTB
2529709665,2703890,2,pelvis,loading,-0.1429,0.9611,0.0012,-8.1177,3.5400,-6.9580,t008,FIJTB
2529709714,2703906,2,pelvis,loading,-0.0913,0.9784,0.0009,-9.4604,2.9297,-8.0566,t008,FIJTB
2529709716,2703922,2,pelvis,loading,-0.0737,0.9673,0.0173,-14.4653,-0.2441,-5.0049,t008,FIJTB
2529709717,2703938,2,pelvis,loading,-0.0793,0.9741,0.0239,-17.2119,-6.3477,-1.3428,t008,FIJTB
2529709761,2703954,2,pelvis,loading,-0.1372,0.9575,0.0129,-17.1509,-9.0942,-1.2817,t008,FIJTB
2529709769,2703970,2,pelvis,loading,-0.1477,0.9509,-0.0093,-15.3198,-5.8594,-3.8452,t008,FIJTB
2529709769,2703986,2,pelvis,loading,-0.1495,0.9753,-0.0190,-17.9443,-1.3428,-6.9580,t008,FIJTB
2529709770,2704002,2,pelvis,loading,-0.1460,0.9767,-0.0109,-18.9819,2.9907,-10.5591,t008,FIJTB
2529709818,2704018,2,pelvis,midstance,-0.1294,0.9786,-0.0046,-11.5356,1.8921,-16.5405,t008,FIJTB
2529709819,2704034,2,pelvis,midstance,-0.0863,0.9323,-0.0011,-8.5449,0.9766,-19.1040,t008,FIJTB
2529709819,2704050,2,pelvis,midstance,-0.0980,0.9691,-0.0221,-11.7798,-1.0376,-14.7095,t008,FIJTB
2529709875,2704067,2,pelvis,midstance,-0.0892,0.9708,-0.0273,-17.1509,-2.1973,-11.1084,t008,FIJTB
2529709876,2704083,2,pelvis,midstance,-0.0701,0.9987,-0.0203,-19.0430,-4.0283,-10.5591,t008,FIJTB
2529709876,2704099,2,pelvis,midstance,-0.1343,0.9669,-0.0233,-21.0571,-6.6528,-12.5122,t008,FIJTB
2529709915,2704115,2,pelvis,midstance,-0.1392,0.9843,-0.0372,-25.4517,-2.3804,-17.5781,t008,FIJTB
2529709927,2704131,2,pelvis,midstance,-0.1138,0.9961,-0.0504,-27.4048,0.3052,-20.9351,t008,FIJTB
2529709928,2704147,2,pelvis,midstance,-0.0917,0.9861,-0.0530,-26.4893,5.0659,-24.5361,t008,FIJTB
2529709928,2704164,2,pelvis,midstance,-0.0406,0.9677,-0.0701,-24.9634,3.8452,-20.3857,t008,FIJTB
2529709981,2704180,2,pelvis,midstance,-0.0448,0.9768,-0.0732,-25.5737,1.5259,-18.0664,t008,FIJTB
2529709981,2704196,2,pelvis,midstance,-0.0583,0.9904,-0.0851,-26.0620,-0.1221,-17.5171,t008,FIJTB
2529709982,2704212,2,pelvis,midstance,-0.0607,0.9895,-0.0948,-24.1089,0.0610,-18.7378,t008,FIJTB
2529710031,2704228,2,pelvis,midstance,-0.0225,1.0055,-0.0822,-21.1792,-2.8687,-20.6299,t008,FIJTB
2529710032,2704244,2,pelvis,midstance,-0.0278,1.0016,-0.0660,-25.5127,-6.8970,-23.4985,t008,FIJTB
2529710032,2704261,2,pelvis,midstance,-0.0631,0.9847,-0.0875,-26.9165,-5.7373,-25.3296,t008,FIJTB
2529710083,2704277,2,pelvis,midstance,-0.0326,0.9899,-0.1060,-26.5503,-1.0986,-31.0669,t008,FIJTB
2529710084,2704293,2,pelvis,midstance,-0.0287,0.9966,-0.1122,-27.0386,-0.2441,-36.0107,t008,FIJTB
2529710084,2704309,2,pelvis,midstance,-0.0225,0.9926,-0.1156,-27.7100,-0.9155,-38.3301,t008,FIJTB
2529710133,2704325,2,pelvis,midstance,-0.0177,0.9856,-0.1141,-29.6631,-2.1973,-41.2598,t008,FIJTB
2529710135,2704341,2,pelvis,midstance,-0.0059,0.9943,-0.1234,-32.4097,-1.8311,-41.9311,t008,FIJTB
2529710135,2704357,2,pelvis,midstance,-0.0389,1.0063,-0.1560,-33.2642,-1.1597,-41.6260,t008,FIJTB
2529710185,2704374,2,pelvis,midstance,-0.0250,1.0043,-0.1704,-34.1797,0.4883,-47.1802,t008,FIJTB
2529710186,2704390,2,pelvis,midstance,0.0428,0.9937,-0.1766,-34.0576,0.9766,-49.3164,t008,FIJTB
2529710186,2704406,2,pelvis,midstance,0.0809,0.9989,-0.1844,-33.6914,-0.3052,-50.5981,t008,FIJTB
2529710187,2704422,2,pelvis,midstance,0.0819,1.0206,-0.1849,-33.4473,-5.4932,-50.3540,t008,FIJTB
2529710236,2704438,2,pelvis,midstance,0.0797,1.0630,-0.1638,-33.3862,-9.0332,-50.8423,t008,FIJTB
2529710237,2704454,2,pelvis,midstance,0.0752,1.0924,-0.1486,-34.2407,-15.1978,-54.2603,t008,FIJTB
2529710270,2704470,2,pelvis,midstance,0.0466,1.1642,-0.1522,-40.5884,-17.1509,-64.5142,t008,FIJTB
2529710288,2704486,2,pelvis,midstance,0.0571,1.2010,-0.1804,-45.7153,-16.9067,-73.5474,t008,FIJTB
2529710289,2704502,2,pelvis,midstance,0.0447,1.2137,-0.2039,-54.5044,-18.6768,-93.1396,t008,FIJTB
2529710289,2704518,2,pelvis,midstance,-0.0006,1.2074,-0.2014,-61.2183,-18.1274,-99.0601,t008,FIJTB
2529710337,2704534,2,pelvis,midstance,0.0726,1.2401,-0.1327,-73.3643,-23.0103,-114.5019,t008,FIJTB
2529710339,2704550,2,pelvis,midstance,0.0967,1.2660,-0.1177,-78.3081,-40.8936,-112.4878,t008,FIJTB
2529710340,2704566,2,pelvis,midstance,0.0471,1.2909,-0.0968,-82.0923,-52.5513,-112.1216,t008,FIJTB
2529710391,2704582,2,pelvis,midstance,-0.0070,1.3590,0.0100,-93.6279,-89.6606,-119.0185,t008,FIJTB
2529710391,2704598,2,pelvis,terminal,0.0085,1.3718,0.1169,-102.5391,-141.2964,-129.0894,t008,FIJTB
2529710392,2704614,2,pelvis,terminal,0.2284,1.4260,0.3959,-98.3887,-172.6684,-137.8784,t008,FIJTB
2529710442,2704630,2,pelvis,terminal,0.3698,1.4539,0.3953,-69.8242,-224.7314,-164.0625,t008,FIJTB
2529710444,2704646,2,pelvis,terminal,0.3860,1.2819,-0.2434,-65.9790,-219.0552,-177.6123,t008,FIJTB
2529710446,2704662,2,pelvis,terminal,0.1326,1.4257,-0.5474,-102.8442,-123.4131,-182.6172,t008,FIJTB
2529710446,2704678,2,pelvis,terminal,0.0630,1.5051,-0.4534,-100.0366,-68.2983,-113.5254,t008,FIJTB
2529710497,2704695,2,pelvis,terminal,0.1793,1.2056,-0.3693,-79.5288,-67.3828,-84.7168,t008,FIJTB
2529710497,2704711,2,pelvis,terminal,0.2877,0.8799,-0.4600,-49.0723,-68.6646,-59.9976,t008,FIJTB
2529710498,2704727,2,pelvis,terminal,0.0546,0.6997,-0.3842,-31.9214,-71.2891,-1.4648,t008,FIJTB
2529710545,2704743,2,pelvis,terminal,-0.4984,0.1719,-0.4189,-11.5356,-57.3120,24.7192,t008,FIJTB
2529710548,2704759,2,pelvis,terminal,-0.5378,0.1929,-0.3229,1.5259,7.6904,60.7910,t008,FIJTB
2529710548,2704775,2,pelvis,terminal,-0.4955,0.4867,0.0913,0.7935,20.6909,82.7637,t008,FIJTB
2529710599,2704790,2,pelvis,terminal,-0.2479,0.1948,0.0464,33.3862,0.7324,139.2212,t008,FIJTB
2529710600,2704806,2,pelvis,terminal,-0.1493,0.1578,0.0353,43.8232,-1.0376,151.6113,t008,FIJTB
2529710600,2704822,2,pelvis,terminal,-0.1387,0.4364,0.0402,51.0864,-2.0752,165.4053,t008,FIJTB
2529710640,2704838,2,pelvis,terminal,-0.1874,0.5518,0.0646,83.1299,-21.2402,224.9756,t008,FIJTB
2529710647,2704854,2,pelvis,terminal,-0.2633,0.5771,0.1857,95.5200,-23.4985,232.1777,t008,FIJTB
2529710650,2704870,2,pelvis,terminal,-0.1534,0.7432,0.2013,100.2197,-17.5171,228.6377,t008,FIJTB
2529710651,2704886,2,pelvis,terminal,-0.0840,0.8358,0.1501,105.7129,-7.2021,242.7368,t008,FIJTB
2529710701,2704902,2,pelvis,terminal,-0.2141,0.9104,0.0815,102.4170,-3.1738,251.8921,t008,FIJTB
2529710702,2704918,2,pelvis,terminal,-0.2021,1.2786,-0.0554,70.8008,23.6816,265.9912,t008,FIJTB
2529710702,2704934,2,pelvis,terminal,-0.0587,1.5023,-0.1200,62.6831,44.6777,252.3193,t008,FIJTB
2529710751,2704950,2,pelvis,terminal,0.1425,1.6697,-0.2681,68.8477,39.0015,241.0889,t008,FIJTB
2529710751,2704965,2,pelvis,terminal,0.2091,1.7156,-0.3210,69.8853,17.2729,240.4785,t008,FIJTB
2529710752,2704981,2,pelvis,terminal,0.3375,1.7776,-0.3269,68.4814,7.7515,243.1030,t008,FIJTB
2529710803,2704997,2,pelvis,terminal,0.2660,1.6346,-0.2559,64.8804,-11.5356,241.8823,t008,FIJTB
2529710803,2705013,2,pelvis,terminal,0.2174,1.5801,-0.2252,56.9458,-19.1040,229.0039,t008,FIJTB
2529710803,2705028,2,pelvis,terminal,0.1986,1.5179,-0.1686,54.2603,-15.3809,223.6328,t008,FIJTB
2529710850,2705044,2,pelvis,terminal,0.1658,1.4659,-0.1490,52.1851,-5.8594,212.4634,t008,FIJTB
2529710851,2705060,2,pelvis,swing,0.0892,1.3463,-0.1124,50.1099,0.0610,205.2612,t008,FIJTB
2529710852,2705076,2,pelvis,swing,0.1169,1.2975,-0.0798,42.9687,17.4561,191.5283,t008,FIJTB
2529710856,2705092,2,pelvis,swing,0.0781,1.2894,-0.0599,37.6587,40.3442,175.9643,t008,FIJTB
2529710909,2705107,2,pelvis,swing,0.0266,1.2321,-0.1083,36.6821,56.5796,161.6821,t008,FIJTB
2529710909,2705123,2,pelvis,swing,0.0935,1.1761,-0.1777,34.1187,76.8433,129.1504,t008,FIJTB
2529710909,2705139,2,pelvis,swing,0.2522,1.0790,-0.3003,29.1748,78.1860,117.0654,t008,FIJTB
2529710958,2705155,2,pelvis,swing,0.3547,0.9760,-0.3688,17.8223,75.3784,92.9565,t008,FIJTB
2529710960,2705171,2,pelvis,swing,0.3464,0.9125,-0.3762,5.3101,67.9321,57.1899,t008,FIJTB
2529710960,2705186,2,pelvis,swing,0.3832,0.9135,-0.4028,-3.8452,63.7817,33.7524,t008,FIJTB
2529711012,2705202,2,pelvis,swing,0.4242,0.9685,-0.4146,-21.3013,63.8428,-17.4561,t008,FIJTB
2529711012,2705218,2,pelvis,swing,0.3702,0.9905,-0.4196,-27.7100,67.8101,-40.4663,t008,FIJTB
2529711013,2705234,2,pelvis,swing,0.1188,1.0702,-0.4285,-43.1519,79.4678,-78.3691,t008,FIJTB
2529711060,2705250,2,pelvis,swing,0.0525,1.0642,-0.1511,-27.9541,119.2627,-121.3379,t008,FIJTB
2529711063,2705266,2,pelvis,swing,-0.8346,1.1414,0.5526,-15.3198,123.4131,-131.5918,t008,FIJTB
2529711063,2705282,2,pelvis,swing,-1.3582,0.9323,0.5981,-12.3291,86.7309,-125.9766,t008,FIJTB
2529711064,2705298,2,pelvis,swing,-0.8326,1.0707,0.5610,-34.7290,97.9614,-191.8945,t008,FIJTB
2529711115,2705314,2,pelvis,swing,0.5830,1.6677,0.0457,-44.6777,103.0273,-212.8906,t008,FIJTB
2529711115,2705330,2,pelvis,swing,0.7614,1.5664,0.0026,-31.3110,101.3794,-160.3394,t008,FIJTB
2529711116,2705346,2,pelvis,swing,-0.0217,0.8021,0.2191,-32.2266,79.4678,-127.2583,t008,FIJTB
2529711163,2705362,2,pelvis,swing,0.0110,0.8384,-0.1436,-60.8520,49.3164,-85.2051,t008,FIJTB
2529711165,2705378,2,pelvis,swing,0.2465,1.0603,-0.2626,-71.8994,20.4468,-19.5313,t008,FIJTB
2529711166,2705394,2,pelvis,swing,-0.0295,1.1918,-0.0157,-67.0776,2.7466,0.9766,t008,FIJTB
2529711217,2705410,2,pelvis,swing,-0.2671,1.0453,0.0115,-41.5649,-10.5591,-13.7329,t008,FIJTB
2529711218,2705426,2,pelvis,swing,-0.2032,0.9282,0.0121,-34.6680,-13.3057,-17.6392,t008,FIJTB
2529711218,2705442,2,pelvis,swing,-0.1732,0.9406,0.0449,-39.0625,-15.3809,-6.5918,t008,FIJTB
2529711267,2705459,2,pelvis,swing,-0.2271,0.9438,0.0538,-32.2266,-17.3950,-0.9155,t008,FIJTB
2529711267,2705475,2,pelvis,loading,-0.1937,1.0083,0.1008,-27.5879,-14.2822,-5.4321,t008,FIJTB
2529711268,2705491,2,pelvis,loading,-0.2102,0.9971,0.0685,-19.0430,-4.6387,-8.0566,t008,FIJTB
2529711272,2705507,2,pelvis,loading,-0.2284,1.0222,0.0339,-17.5171,2.8076,-14.4653,t008,FIJTB
2529711326,2705523,2,pelvis,loading,-0.2483,0.9364,-0.0038,-11.2305,0.4272,-17.0288,t008,FIJTB
2529711326,2705539,2,pelvis,loading,-0.1475,0.9597,-0.0085,-3.9062,-9.8877,-17.7002,t008,FIJTB
2529711326,2705555,2,pelvis,loading,-0.1558,0.9602,0.0295,-10.4370,-17.2119,-12.0239,t008,FIJTB
2529711377,2705571,2,pelvis,loading,-0.2281,0.9548,0.0721,-9.8877,-16.3574,-11.8408,t008,FIJTB
2529711379,2705587,2,pelvis,loading,-0.1870,0.9873,0.0596,-10.6201,-9.6436,-19.8364,t008,FIJTB
2529711379,2705603,2,pelvis,loading,-0.2128,0.9458,0.0557,-13.9160,-7.4463,-23.0103,t008,FIJTB
2529711433,2705619,2,pelvis,loading,-0.1943,0.9415,0.0227,-8.6060,-6.7749,-23.0713,t008,FIJTB
2529711433,2705635,2,pelvis,loading,-0.1587,0.9468,0.0050,-8.3618,-5.1270,-24.8413,t008,FIJTB
2529711434,2705652,2,pelvis,loading,-0.1027,0.9768,0.0127,-9.8267,-4.5776,-23.5596,t008,FIJTB
2529711434,2705668,2,pelvis,loading,-0.0865,1.0066,0.0387,-13.3667,-5.1270,-21.6064,t008,FIJTB
2529711483,2705684,2,pelvis,loading,-0.1232,0.9982,0.0367,-16.0522,-5.1880,-24.4141,t008,FIJTB
2529711484,2705700,2,pelvis,loading,-0.1429,0.9471,0.0037,-14.8315,-4.0894,-26.4893,t008,FIJTB
2529711485,2705716,2,pelvis,loading,-0.1152,0.9700,0.0037,-15.9302,-3.1128,-26.0620,t008,FIJTB
2529711538,2705732,2,pelvis,loading,-0.1011,0.9926,0.0125,-15.4419,-2.5024,-28.0151,t008,FIJTB
2529711538,2705748,2,pelvis,loading,-0.0975,0.9459,0.0065,-15.9302,-4.7607,-31.0669,t008,FIJTB
2529711538,2705764,2,pelvis,loading,-0.1124,0.9460,0.0013,-20.7520,-6.5918,-28.2593,t008,FIJTB
2529711590,2705780,2,pelvis,loading,-0.1364,0.9849,-0.0059,-22.4609,-4.3335,-29.0527,t008,FIJTB
2529711591,2705796,2,pelvis,loading,-0.1031,0.9902,-0.0154,-23.0103,2.3193,-34.9731,t008,FIJTB
2529711592,2705812,2,pelvis,loading,-0.0745,0.9834,-0.0244,-22.4609,5.5542,-37.2925,t008,FIJTB
2529711593,2705828,2,pelvis,loading,-0.0582,0.9735,-0.0404,-22.0947,4.8828,-35.5835,t008,FIJTB
2529711644,2705844,2,pelvis,loading,-0.0715,0.9761,-0.0287,-13.4888,-1.8311,-28.8696,t008,FIJTB
2529711645,2705860,2,pelvis,loading,-0.0609,0.9597,-0.0155,-8.9722,-3.8452,-28.5034,t008,FIJTB
2529711645,2705876,2,pelvis,loading,-0.0830,0.9637,-0.0092,-11.4136,1.4648,-33.3252,t008,FIJTB
2529711695,2705892,2,pelvis,loading,-0.0916,0.9963,-0.0267,-23.1934,11.2915,-41.4429,t008,FIJTB
2529711696,2705908,2,pelvis,loading,-0.1068,1.0096,-0.0835,-26.9775,13.7939,-47.2412,t008,FIJTB
2529711697,2705924,2,pelvis,loading,-0.0538,1.0061,-0.0874,-28.9917,15.7471,-57.3120,t008,FIJTB
2529711750,2705940,2,pelvis,loading,-0.0173,0.9982,-0.0724,-29.1748,16.4185,-57.9834,t008,FIJTB
2529711751,2705956,2,pelvis,loading,0.0381,1.0271,-0.0604,-32.1045,16.8457,-59.1431,t008,FIJTB
2529711752,2705972,2,pelvis,loading,0.0212,1.0355,-0.0590,-37.3535,17.3340,-61.9507,t008,FIJTB
2529711800,2705988,2,pelvis,midstance,0.0237,1.0524,-0.0957,-37.9028,13.9770,-65.9180,t008,FIJTB
2529711801,2706004,2,pelvis,midstance,0.0598,1.0621,-0.0981,-39.3066,9.7046,-68.2983,t008,FIJTB
2529711801,2706020,2,pelvis,midstance,0.0608,1.0829,-0.0952,-44.3115,1.2817,-73.4863,t008,FIJTB
2529711801,2706036,2,pelvis,midstance,0.0676,1.1344,-0.0937,-45.8374,-2.1362,-77.6367,t008,FIJTB
2529711857,2706052,2,pelvis,midstance,0.0161,1.2183,-0.1317,-47.1191,-10.0098,-89.1724,t008,FIJTB
2529711858,2706068,2,pelvis,midstance,-0.0082,1.2628,-0.1169,-46.8750,-16.2354,-105.7739,t008,FIJTB
2529711858,2706084,2,pelvis,midstance,-0.0210,1.3206,-0.1176,-44.6167,-14.6484,-117.0654,t008,FIJTB
2529711908,2706100,2,pelvis,midstance,0.0031,1.2928,-0.1329,-58.1665,-14.4653,-128.0518,t008,FIJTB
2529711912,2706116,2,pelvis,midstance,0.0581,1.3276,-0.0791,-87.6465,-29.1138,-138.0005,t008,FIJTB
2529711912,2706132,2,pelvis,midstance,0.0815,1.3577,0.0458,-101.2573,-39.1235,-151.6113,t008,FIJTB
2529711965,2706148,2,pelvis,midstance,0.0496,1.3875,0.0875,-116.6992,-73.3643,-171.6308,t008,FIJTB
2529711966,2706164,2,pelvis,midstance,0.1885,1.4165,0.1506,-121.3379,-98.6328,-158.0200,t008,FIJTB
2529711966,2706180,2,pelvis,midstance,0.4037,1.4465,0.2847,-143.3716,-150.3906,-148.0103,t008,FIJTB
2529711967,2706196,2,pelvis,midstance,0.4583,1.5641,0.1354,-111.6943,-204.8340,-178.8940,t008,FIJTB
2529712016,2706213,2,pelvis,midstance,0.2192,1.3063,-0.5267,-91.6748,-200.8056,-183.1055,t008,FIJTB
2529712018,2706229,2,pelvis,midstance,-0.0645,1.0618,-0.5930,-108.0933,-122.4365,-156.8604,t008,FIJTB
2529712019,2706245,2,pelvis,midstance,-0.0695,1.0531,-0.4484,-102.6001,-69.0918,-106.8115,t008,FIJTB
2529712073,2706261,2,pelvis,midstance,0.6263,1.0640,-0.3840,-73.6084,-54.1992,-90.3320,t008,FIJTB
2529712073,2706277,2,pelvis,midstance,0.6478,0.8632,-0.4163,-17.7612,-69.0308,-27.2827,t008,FIJTB
2529712074,2706293,2,pelvis,midstance,-0.0354,0.3339,-0.3031,-7.6294,-89.1113,12.8784,t008,FIJTB
2529712074,2706309,2,pelvis,midstance,-0.6206,0.1184,-0.2336,-19.0430,-62.8052,15.0146,t008,FIJTB
2529712123,2706325,2,pelvis,midstance,-0.9039,0.3259,-0.0563,-19.2871,-33.9355,78.6743,t008,FIJTB
2529712125,2706341,2,pelvis,midstance,-0.6755,0.4270,0.2233,-10.0708,-26.3062,106.2622,t008,FIJTB
2529712126,2706357,2,pelvis,midstance,-0.2495,0.3453,0.2035,21.7895,21.0571,94.1162,t008,FIJTB
2529712179,2706373,2,pelvis,midstance,0.2135,0.5137,0.1578,54.0161,12.3291,133.4839,t008,FIJTB
2529712180,2706389,2,pelvis,midstance,-0.1689,0.5581,0.2030,68.1763,-9.8877,168.2739,t008,FIJTB
2529712180,2706405,2,pelvis,midstance,-0.3677,0.4105,0.2625,90.4541,-26.3062,193.1763,t008,FIJTB
2529712230,2706420,2,pelvis,midstance,-0.3171,0.4980,0.2632,91.0644,-16.7847,193.3594,t008,FIJTB
2529712230,2706436,2,pelvis,terminal,-0.2184,0.6716,0.2187,85.8154,5.8594,226.6235,t008,FIJTB
2529712231,2706452,2,pelvis,terminal,-0.1578,0.8549,0.1180,90.5151,10.0098,250.1831,t008,FIJTB
2529712233,2706468,2,pelvis,terminal,-0.1776,1.0826,0.0890,92.4683,13.9770,256.5308,t008,FIJTB
2529712289,2706484,2,pelvis,terminal,-0.1848,1.1915,0.0718,90.3320,14.5264,263.1226,t008,FIJTB
2529712289,2706500,2,pelvis,terminal,-0.1157,1.4235,-0.0005,86.6089,7.2632,259.3994,t008,FIJTB
2529712290,2706516,2,pelvis,terminal,0.1537,1.7921,-0.1761,73.4863,-2.8687,245.6055,t008,FIJTB
2529712341,2706531,2,pelvis,terminal,0.2218,1.8667,-0.2244,67.5049,2.1973,246.0937,t008,FIJTB
2529712343,2706547,2,pelvis,terminal,0.0970,1.7748,-0.2039,57.9224,3.2349,242.9199,t008,FIJTB
2529712343,2706563,2,pelvis,terminal,0.1074,1.8040,-0.2362,40.1001,12.3901,209.9609,t008,FIJTB
2529712344,2706579,2,pelvis,terminal,0.2222,1.7579,-0.3523,40.1001,23.9258,193.2373,t008,FIJTB
2529712398,2706595,2,pelvis,terminal,0.2761,1.5276,-0.2897,38.1470,43.3960,177.1240,t008,FIJTB
2529712398,2706611,2,pelvis,terminal,0.3192,1.4363,-0.2579,29.0527,45.4102,163.2080,t008,FIJTB
2529712398,2706627,2,pelvis,terminal,0.3893,1.3153,-0.2489,26.4893,41.0767,159.6069,t008,FIJTB
2529712451,2706642,2,pelvis,terminal,0.3188,1.2314,-0.2278,21.6675,30.5176,166.1987,t008,FIJTB
2529712452,2706658,2,pelvis,terminal,0.0941,1.1737,0.0115,17.6392,31.6772,170.2881,t008,FIJTB
2529712452,2706674,2,pelvis,terminal,0.2981,1.2950,0.0829,23.9868,37.5977,156.4331,t008,FIJTB
2529712505,2706690,2,pelvis,terminal,0.2683,1.2682,-0.0168,32.4097,40.4053,131.5308,t008,FIJTB
2529712506,2706706,2,pelvis,terminal,0.0453,1.0898,-0.1421,30.8228,43.5791,122.6807,t008,FIJTB
2529712506,2706721,2,pelvis,terminal,0.1344,1.0444,-0.1874,28.0762,37.9028,94.8486,t008,FIJTB
2529712506,2706737,2,pelvis,terminal,0.4014,0.9874,-0.3546,29.6631,23.6206,81.9092,t008,FIJTB
2529712556,2706753,2,pelvis,terminal,0.1964,0.8488,-0.3021,27.8931,-12.4512,65.6128,t008,FIJTB
2529712558,2706769,2,pelvis,terminal,0.1299,0.8215,-0.2399,14.7095,-21.9727,39.9780,t008,FIJTB
2529712559,2706785,2,pelvis,terminal,0.2728,0.8835,-0.2017,7.5684,-14.1602,23.3765,t008,FIJTB
2529712614,2706801,2,pelvis,terminal,0.3392,0.9060,-0.2236,-2.1973,7.2632,-8.8501,t008,FIJTB
2529712614,2706817,2,pelvis,terminal,0.2996,0.8942,-0.2523,-11.0474,33.9355,-44.9829,t008,FIJTB
2529712615,2706833,2,pelvis,terminal,0.3641,0.9441,-0.2513,-15.3809,54.5654,-64.8804,t008,FIJTB
2529712615,2706849,2,pelvis,terminal,0.3424,0.9739,-0.1868,-21.6064,106.8115,-93.5669,t008,FIJTB
2529712664,2706865,2,pelvis,terminal,-0.6154,1.1293,0.3972,-18.7988,123.8403,-82.8857,t008,FIJTB
2529712665,2706881,2,pelvis,swing,-1.7446,0.7269,0.5498,-1.2817,114.6240,-59.0210,t008,FIJTB
2529712665,2706897,2,pelvis,swing,-1.6057,0.6304,0.6219,-17.8223,89.7827,-126.6479,t008,FIJTB
2529712724,2706913,2,pelvis,swing,0.3009,1.4927,0.5906,-35.4004,89.1113,-155.2124,t008,FIJTB
2529712725,2706929,2,pelvis,swing,0.9563,1.7867,0.3546,-73.8525,67.9932,-145.6909,t008,FIJTB
2529712725,2706945,2,pelvis,swing,0.5875,1.2913,0.1067,-81.8481,49.7436,-113.5254,t008,FIJTB
2529712725,2706961,2,pelvis,swing,-0.3661,0.9441,-0.0607,-107.5439,23.1323,-54.5044,t008,FIJTB
2529712775,2706977,2,pelvis,swing,-0.3126,0.9996,-0.0483,-79.3457,34.4238,-51.5137,t008,FIJTB
2529712778,2706993,2,pelvis,swing,-0.1899,0.9686,-0.2396,-57.0679,45.9595,-47.2412,t008,FIJTB
2529712778,2707009,2,pelvis,swing,-0.1530,1.0576,-0.1498,-38.4521,45.2881,-19.5313,t008,FIJTB
2529712833,2707025,2,pelvis,swing,-0.1090,1.0182,-0.0175,-22.6440,22.5220,-18.9209,t008,FIJTB
2529712833,2707041,2,pelvis,swing,0.0609,1.0184,0.0280,-23.7427,10.3760,-17.5781,t008,FIJTB
2529712834,2707057,2,pelvis,swing,-0.0243,0.9553,0.0265,-29.9683,-20.4468,0.1831,t008,FIJTB
2529712842,2707073,2,pelvis,swing,-0.1827,0.9889,0.0505,-30.8838,-30.5786,6.4697,t008,FIJTB
2529712884,2707089,2,pelvis,swing,-0.1918,0.9885,0.0862,-21.4233,-27.4048,5.1270,t008,FIJTB
2529712886,2707105,2,pelvis,swing,-0.2347,1.0072,0.0709,-20.8740,-11.1694,-2.9297,t008,FIJTB
2529712887,2707121,2,pelvis,swing,-0.3409,0.9517,-0.0155,-22.4609,-4.3945,-10.7422,t008,FIJTB
2529712941,2707137,2,pelvis,swing,-0.2831,0.9045,-0.0562,-19.8975,-5.7373,-19.4702,t008,FIJTB
2529712942,2707154,2,pelvis,swing,-0.2296,0.9250,-0.0361,-14.7705,-16.7236,-15.7471,t008,FIJTB
2529712942,2707170,2,pelvis,swing,-0.1975,0.9656,0.0073,-13.6108,-20.0195,-15.3198,t008,FIJTB
2529712994,2707186,2,pelvis,swing,-0.1969,0.9691,0.0178,-18.0664,-20.3857,-16.2964,t008,FIJTB
2529712996,2707202,2,pelvis,swing,-0.1803,0.9756,0.0026,-19.4092,-19.4702,-16.6626,t008,FIJTB
2529712996,2707218,2,pelvis,swing,-0.1724,0.9716,-0.0555,-17.3340,-20.8130,-15.9302,t008,FIJTB
2529713050,2707234,2,pelvis,swing,-0.1873,0.9868,-0.0581,-15.2588,-24.4751,-16.1133,t008,FIJTB
2529713051,2707250,2,pelvis,swing,-0.2191,0.9574,-0.0375,-8.6670,-24.9634,-19.5313,t008,FIJTB
2529713051,2707267,2,pelvis,swing,-0.2054,0.9369,-0.0200,-0.7935,-22.3389,-26.9165,t008,FIJTB
2529713051,2707283,2,pelvis,swing,-0.1943,0.9712,-0.0214,-7.6294,-16.8457,-27.2827,t008,FIJTB
2529713105,2707299,2,pelvis,swing,-0.1906,0.9647,-0.0302,-9.8877,-15.5640,-29.8462,t008,FIJTB
2529713106,2707315,2,pelvis,swing,-0.2007,0.9701,-0.0353,-16.4795,-13.4888,-31.3110,t008,FIJTB
2529713106,2707331,2,pelvis,swing,-0.1993,0.9451,-0.0483,-13.6108,-8.7891,-31.6162,t008,FIJTB
2529713161,2707347,2,pelvis,swing,-0.1505,0.9801,-0.0648,-12.8174,-6.9580,-31.5552,t008,FIJTB
2529713161,2707364,2,pelvis,swing,-0.0840,0.9912,-0.0526,-15.5640,-3.9673,-32.2266,t008,FIJTB
2529713162,2707380,2,pelvis,swing,-0.0847,0.9702,-0.0482,-18.4326,-4.6387,-30.5176,t008,FIJTB
2529713162,2707396,2,pelvis,swing,-0.0918,0.9722,-0.0442,-19.2871,-5.5542,-28.4424,t008,FIJTB
2529713216,2707412,2,pelvis,swing,-0.0916,0.9783,-0.0453,-21.4233,-5.3101,-28.0151,t008,FIJTB
2529713216,2707428,2,pelvis,swing,-0.0854,0.9716,-0.0343,-22.7661,-4.4556,-29.4800,t008,FIJTB
2529713217,2707444,2,pelvis,swing,-0.1217,0.9629,-0.0688,-22.6440,-2.1973,-33.8745,t008,FIJTB
2529713271,2707460,2,pelvis,swing,-0.1569,0.9620,-0.1055,-18.3105,-1.2207,-42.1753,t008,FIJTB
2529713272,2707476,2,pelvis,swing,-0.1301,1.0172,-0.1317,-18.2495,-0.7324,-48.8892,t008,FIJTB
2529713272,2707493,2,pelvis,loading,-0.1021,1.0056,-0.1014,-23.1934,1.9531,-61.5234,t008,FIJTB
2529713273,2707509,2,pelvis,loading,-0.1077,0.9911,-0.0896,-24.4141,2.6245,-63.8428,t008,FIJTB
2529713324,2707525,2,pelvis,loading,-0.0298,1.0112,-0.0991,-25.5127,3.1738,-61.8896,t008,FIJTB
2529713326,2707541,2,pelvis,loading,-0.0095,1.0155,-0.1152,-31.4941,4.5166,-60.5469,t008,FIJTB
2529713327,2707557,2,pelvis,loading,0.0176,0.9891,-0.1227,-35.0342,4.2114,-59.5703,t008,FIJTB
2529713381,2707572,2,pelvis,loading,0.0765,0.9938,-0.1234,-36.9263,3.6011,-56.7017,t008,FIJTB
2529713381,2707589,2,pelvis,loading,0.0658,1.0117,-0.1368,-39.8560,-0.5493,-54.1382,t008,FIJTB
2529713382,2707605,2,pelvis,loading,0.0063,1.0298,-0.1719,-40.4663,-3.0518,-55.8472,t008,FIJTB
2529713431,2707621,2,pelvis,loading,0.0232,1.0468,-0.1536,-40.3442,-6.4087,-62.6221,t008,FIJTB
2529713431,2707636,2,pelvis,loading,0.0392,1.0587,-0.1482,-41.8701,-7.3853,-69.7632,t008,FIJTB
2529713433,2707653,2,pelvis,loading,0.0724,1.0765,-0.1407,-41.9922,-7.7515,-73.7915,t008,FIJTB
2529713434,2707668,2,pelvis,loading,0.0605,1.0879,-0.1537,-41.6870,-8.0566,-80.9326,t008,FIJTB
2529713488,2707684,2,pelvis,loading,0.0712,1.0985,-0.1893,-41.3208,-7.9956,-86.4258,t008,FIJTB
2529713489,2707700,2,pelvis,loading,0.1318,1.1176,-0.1725,-47.0581,-8.7280,-95.3979,t008,FIJTB
2529713489,2707716,2,pelvis,loading,0.1375,1.1542,-0.1683,-54.9316,-8.4229,-102.6611,t008,FIJTB
2529713539,2707732,2,pelvis,loading,0.1364,1.1644,-0.1377,-57.1289,-9.5825,-110.8398,t008,FIJTB
2529713539,2707748,2,pelvis,loading,0.1494,1.2113,-0.0447,-62.5610,-19.5923,-128.3569,t008,FIJTB
2529713541,2707765,2,pelvis,loading,0.1533,1.3113,-0.0297,-69.5801,-37.7197,-123.6572,t008,FIJTB
2529713595,2707781,2,pelvis,loading,0.0811,1.4250,-0.0354,-77.6367,-49.0112,-122.9248,t008,FIJTB
2529713595,2707797,2,pelvis,loading,0.0406,1.4424,-0.0067,-98.6328,-84.5947,-137.5732,t008,FIJTB
2529713596,2707813,2,pelvis,loading,0.1523,1.4817,0.2467,-104.4922,-106.8726,-147.3389,t008,FIJTB
2529713596,2707829,2,pelvis,loading,0.4813,1.5269,0.3553,-82.5806,-161.1938,-164.0625,t008,FIJTB
2529713646,2707844,2,pelvis,midstance,0.4479,1.4822,0.1188,-58.0444,-176.2695,-188.5376,t008,FIJTB
2529713647,2707861,2,pelvis,midstance,0.1029,1.3309,-0.3511,-67.7490,-140.6860,-194.4580,t008,FIJTB
2529713647,2707877,2,pelvis,midstance,-0.1908,1.2847,-0.5509,-92.4683,-54.5044,-171.5698,t008,FIJTB
2529713706,2707893,2,pelvis,midstance,-0.1694,1.2079,-0.5804,-76.8433,-32.6538,-137.7563,t008,FIJTB
2529713706,2707909,2,pelvis,midstance,0.0980,1.0604,-0.4177,-60.6079,-26.3062,-132.3853,t008,FIJTB
2529713706,2707925,2,pelvis,midstance,0.1180,0.9292,-0.3716,-30.4565,-24.9634,-87.9517,t008,FIJTB
2529713706,2707941,2,pelvis,midstance,-0.1869,0.6266,-0.2515,-14.0381,-43.1519,-30.2734,t008,FIJTB
2529713759,2707957,2,pelvis,midstance,-0.2659,0.2117,-0.2753,-1.9531,-49.4995,-22.3389,t008,FIJTB
2529713760,2707974,2,pelvis,midstance,-0.0045,0.1998,-0.3179,4.4556,-34.3018,-16.9067,t008,FIJTB
2529713761,2707990,2,pelvis,midstance,0.3501,0.6312,-0.0282,2.6245,-24.7803,17.2729,t008,FIJTB
2529713815,2708006,2,pelvis,midstance,-0.0782,0.3397,-0.1442,27.8320,-32.4097,147.5830,t008,FIJTB
2529713815,2708022,2,pelvis,midstance,-0.2859,0.1588,-0.1257,49.5605,-22.6440,225.3418,t008,FIJTB
2529713816,2708038,2,pelvis,midstance,-0.3868,0.4746,0.1111,65.6738,11.2915,241.5771,t008,FIJTB
2529713866,2708053,2,pelvis,midstance,-0.3679,0.6123,0.1692,104.7363,53.7109,256.2866,t008,FIJTB
2529713867,2708069,2,pelvis,midstance,-0.3173,0.5874,0.2047,111.5112,53.2837,250.1831,t008,FIJTB
2529713868,2708085,2,pelvis,midstance,-0.2224,0.7863,0.0737,113.5254,54.6875,257.5073,t008,FIJTB
2529713869,2708101,2,pelvis,midstance,-0.2255,0.8973,0.0471,119.3848,68.2983,268.4326,t008,FIJTB
2529713923,2708116,2,pelvis,midstance,-0.1699,1.0380,0.0245,123.5351,68.6035,256.7139,t008,FIJTB
2529713924,2708132,2,pelvis,midstance,-0.0398,1.1685,-0.1011,113.6475,71.1060,240.0513,t008,FIJTB
2529713974,2708148,2,pelvis,midstance,0.0996,1.4347,-0.2714,108.0322,67.4438,247.8638,t008,FIJTB
2529713976,2708164,2,pelvis,midstance,0.0902,1.5782,-0.3010,105.5298,38.6353,252.6855,t008,FIJTB
2529713977,2708179,2,pelvis,midstance,0.1338,1.6460,-0.3741,97.9004,12.5732,237.0605,t008,FIJTB
2529713977,2708195,2,pelvis,midstance,0.2317,1.7167,-0.4310,95.2148,11.2915,236.0840,t008,FIJTB
2529713977,2708211,2,pelvis,midstance,0.2231,1.6760,-0.3947,89.3555,11.7798,232.1167,t008,FIJTB
2529714031,2708227,2,pelvis,midstance,0.2559,1.5811,-0.4028,80.3833,9.7656,224.6094,t008,FIJTB
2529714031,2708243,2,pelvis,midstance,0.2983,1.4940,-0.4066,59.8755,11.2915,216.7969,t008,FIJTB
2529714032,2708258,2,pelvis,midstance,0.2174,1.4213,-0.3657,43.2739,15.2588,215.0879,t008,FIJTB
2529714082,2708274,2,pelvis,midstance,0.1334,1.3420,-0.3112,35.2173,17.2729,205.9326,t008,FIJTB
2529714083,2708290,2,pelvis,midstance,0.1495,1.3391,-0.2766,24.7192,23.6206,183.5327,t008,FIJTB
2529714085,2708306,2,pelvis,midstance,0.1627,1.3018,-0.1178,24.2920,26.4893,173.6450,t008,FIJTB
2529714086,2708322,2,pelvis,midstance,0.2491,1.2622,-0.0012,30.2124,34.8511,149.9023,t008,FIJTB
2529714139,2708338,2,pelvis,midstance,0.2660,1.2527,-0.0334,38.2690,54.1382,132.6294,t008,FIJTB
2529714140,2708353,2,pelvis,midstance,0.1077,1.1256,-0.1884,38.6963,65.0024,128.8452,t008,FIJTB
2529714141,2708369,2,pelvis,midstance,0.1510,1.0701,-0.2765,30.0903,78.6133,102.2949,t008,FIJTB
2529714190,2708385,2,pelvis,midstance,0.3752,0.9854,-0.3921,21.7895,65.7959,68.2373,t008,FIJTB
2529714191,2708401,2,pelvis,midstance,0.3684,0.8983,-0.3944,16.1743,53.1006,53.4668,t008,FIJTB
2529714191,2708417,2,pelvis,terminal,0.3485,0.8979,-0.3773,-2.6855,41.9922,22.0947,t008,FIJTB
2529714197,2708433,2,pelvis,terminal,0.3721,0.9454,-0.3658,-14.1602,45.6543,6.7139,t008,FIJTB
2529714252,2708448,2,pelvis,terminal,0.2834,0.9662,-0.4028,-36.6211,56.5186,-23.0103,t008,FIJTB
2529714252,2708464,2,pelvis,terminal,0.1600,1.0585,-0.4839,-54.0771,67.2607,-43.3960,t008,FIJTB
2529714252,2708480,2,pelvis,terminal,0.1227,1.1893,0.0221,-41.6870,86.1206,-56.5796,t008,FIJTB
2529714295,2708496,2,pelvis,terminal,-0.3059,0.8745,0.5808,-12.3901,69.8853,-70.9229,t008,FIJTB
2529714305,2708512,2,pelvis,terminal,-1.4664,0.8551,0.8269,-35.2173,27.0996,-61.5845,t008,FIJTB
2529714307,2708528,2,pelvis,terminal,0.1204,1.9827,0.2275,-95.7031,-0.0610,-142.8833,t008,FIJTB
2529714309,2708544,2,pelvis,terminal,0.5251,1.6318,-0.0765,-82.9468,9.8267,-143.3105,t008,FIJTB
2529714363,2708560,2,pelvis,terminal,-0.1412,0.8678,0.1416,-102.5391,-3.0518,-79.5898,t008,FIJTB
2529714363,2708576,2,pelvis,terminal,-0.2620,0.9087,0.1177,-131.7139,-12.1460,-44.0674,t008,FIJTB
2529714364,2708592,2,pelvis,terminal,-0.1921,1.1151,-0.3164,-83.5571,-5.9204,-46.5698,t008,FIJTB
2529714416,2708608,2,pelvis,terminal,-0.3895,0.9872,-0.3719,-69.7632,-3.7842,-34.2407,t008,FIJTB
2529714417,2708625,2,pelvis,terminal,-0.3829,0.9849,-0.2498,-72.3877,1.2207,-27.0386,t008,FIJTB
2529714418,2708641,2,pelvis,terminal,-0.2496,1.0105,-0.0695,-58.2275,4.5166,-36.0107,t008,FIJTB
2529714455,2708657,2,pelvis,terminal,-0.2284,0.9136,0.0345,10.0098,6.8359,-44.6167,t008,FIJTB
2529714476,2708672,2,pelvis,terminal,-0.2278,0.9290,-0.0281,57.3120,-10.3760,-43.6401,t008,FIJTB
2529714476,2708688,2,pelvis,terminal,-0.3185,0.9146,-0.0974,31.7993,-16.8457,-40.5273,t008,FIJTB
2529714476,2708705,2,pelvis,terminal,-0.3250,0.9121,-0.0042,-3.2349,-0.1221,-32.7148,t008,FIJTB
2529714530,2708721,2,pelvis,swing,-0.2823,0.9840,0.0156,0.2441,16.2354,-34.7900,t008,FIJTB
2529714531,2708737,2,pelvis,swing,-0.2977,0.9138,-0.0182,1.1597,21.4233,-34.6069,t008,FIJTB
2529714531,2708753,2,pelvis,swing,-0.2878,0.9160,-0.0475,-5.5542,16.1133,-28.3203,t008,FIJTB
2529714534,2708769,2,pelvis,swing,-0.1945,0.9666,-0.0311,-10.0708,12.5122,-25.2075,t008,FIJTB
2529714592,2708785,2,pelvis,swing,-0.2034,0.9523,-0.0073,-10.0098,1.0376,-17.5171,t008,FIJTB
2529714593,2708801,2,pelvis,swing,-0.2635,0.9169,0.0024,-9.4604,-13.3667,-12.3291,t008,FIJTB
2529714594,2708817,2,pelvis,swing,-0.2782,0.9393,-0.0012,-11.4136,-15.8081,-14.0381,t008,FIJTB
2529714648,2708833,2,pelvis,swing,-0.2443,0.9617,-0.0011,-17.2729,-15.1978,-20.2026,t008,FIJTB
2529714650,2708849,2,pelvis,swing,-0.2469,0.9230,-0.0026,-6.2866,-12.9395,-24.1089,t008,FIJTB
2529714650,2708865,2,pelvis,swing,-0.2744,0.9269,-0.0605,-0.6104,-13.0615,-24.5361,t008,FIJTB
2529714650,2708881,2,pelvis,swing,-0.2262,1.0286,-0.0471,-9.3994,-11.2915,-28.9307,t008,FIJTB
2529714709,2708898,2,pelvis,swing,-0.1887,0.9647,-0.0220,-7.1411,-12.2681,-32.5317,t008,FIJTB
2529714710,2708914,2,pelvis,swing,-0.1866,0.9744,-0.0090,-9.9487,-16.3574,-33.9966,t008,FIJTB
2529714710,2708930,2,pelvis,swing,-0.1674,0.9678,-0.0183,-10.1318,-15.9912,-30.8838,t008,FIJTB
2529714728,2708946,2,pelvis,swing,-0.2087,0.9038,-0.0354,-8.3008,-14.2212,-30.3345,t008,FIJTB
2529714764,2708962,2,pelvis,swing,-0.2327,0.9773,-0.0565,-14.6484,-10.2539,-29.1138,t008,FIJTB
2529714766,2708979,2,pelvis,swing,-0.2146,1.0372,-0.0569,-27.4048,-3.2959,-32.2266,t008,FIJTB
2529714766,2708995,2,pelvis,swing,-0.1661,0.9667,-0.0619,-24.2920,-0.3052,-36.8042,t008,FIJTB
2529714824,2709011,2,pelvis,swing,-0.0510,1.0107,-0.0586,-21.3013,0.4272,-37.4146,t008,FIJTB
2529714824,2709027,2,pelvis,swing,-0.0601,1.0082,-0.0635,-25.2686,-5.1880,-34.1797,t008,FIJTB
2529714824,2709043,2,pelvis,swing,-0.1639,0.9697,-0.0742,-25.6958,-7.5073,-35.3394,t008,FIJTB
2529714825,2709059,2,pelvis,swing,-0.1649,0.9698,-0.0856,-23.7427,-4.5776,-40.7104,t008,FIJTB
2529714880,2709075,2,pelvis,swing,-0.0872,0.9833,-0.0886,-22.5220,-3.1738,-42.6025,t008,FIJTB
2529714880,2709091,2,pelvis,swing,-0.0372,0.9777,-0.0945,-22.6440,-5.3101,-42.1753,t008,FIJTB
2529714881,2709108,2,pelvis,swing,-0.0648,0.9712,-0.0988,-25.2686,-9.7046,-41.5039,t008,FIJTB
2529714937,2709124,2,pelvis,swing,-0.0845,0.9785,-0.0927,-24.6582,-10.0708,-43.5791,t008,FIJTB
2529714938,2709140,2,pelvis,swing,-0.0522,0.9940,-0.1016,-24.9634,-6.2256,-51.4526,t008,FIJTB
2529714938,2709156,2,pelvis,swing,-0.0542,0.9904,-0.1251,-28.4424,-1.9531,-58.2275,t008,FIJTB
2529714939,2709173,2,pelvis,swing,-0.0698,0.9790,-0.1621,-29.7852,-1.4648,-60.5469,t008,FIJTB
2529714992,2709189,2,pelvis,swing,-0.0446,0.9852,-0.1428,-27.9541,-3.1128,-62.6221,t008,FIJTB
2529714993,2709205,2,pelvis,swing,-0.0059,0.9935,-0.1423,-26.9775,-3.1128,-60.6079,t008,FIJTB
2529714993,2709221,2,pelvis,swing,0.0311,0.9990,-0.1713,-28.8696,-3.3569,-56.0303,t008,FIJTB
2529715049,2709237,2,pelvis,swing,0.0382,0.9980,-0.1827,-33.9355,-6.8970,-48.8892,t008,FIJTB
2529715050,2709254,2,pelvis,swing,0.0524,1.0109,-0.1584,-36.1328,-10.7422,-50.5371,t008,FIJTB
2529715050,2709270,2,pelvis,loading,0.0499,1.0421,-0.1582,-36.7432,-12.1460,-51.0864,t008,FIJTB
2529715051,2709286,2,pelvis,loading,0.0306,1.0544,-0.1687,-37.9028,-13.5498,-54.4434,t008,FIJTB
2529715103,2709302,2,pelvis,loading,0.0146,1.0553,-0.1958,-39.1846,-13.7939,-58.1055,t008,FIJTB
2529715105,2709318,2,pelvis,loading,0.0234,1.0597,-0.2174,-45.2881,-14.4043,-67.7490,t008,FIJTB
2529715106,2709334,2,pelvis,loading,0.0269,1.0604,-0.2216,-54.4434,-10.3149,-75.3784,t008,FIJTB
2529715162,2709350,2,pelvis,loading,0.0364,1.1217,-0.2183,-57.8003,-9.2773,-78.7964,t008,FIJTB
2529715163,2709366,2,pelvis,loading,0.0465,1.2340,-0.1670,-54.1992,-9.5215,-93.5059,t008,FIJTB
2529715163,2709382,2,pelvis,loading,0.0709,1.2699,-0.1852,-52.2461,-8.7891,-117.1875,t008,FIJTB
2529715164,2709398,2,pelvis,loading,0.0513,1.2814,-0.1804,-59.7534,-13.5498,-120.1782,t008,FIJTB
2529715215,2709414,2,pelvis,loading,0.0338,1.3005,-0.1503,-71.8994,-34.9121,-118.1030,t008,FIJTB
2529715217,2709430,2,pelvis,loading,0.0500,1.3839,-0.0914,-73.4253,-48.4619,-126.0376,t008,FIJTB
2529715217,2709446,2,pelvis,loading,0.1498,1.3961,0.0361,-74.9512,-80.0171,-144.4092,t008,FIJTB
2529715273,2709462,2,pelvis,loading,0.2028,1.3834,0.1180,-66.5283,-123.6572,-157.0435,t008,FIJTB
2529715274,2709478,2,pelvis,loading,0.2482,1.4136,0.1140,-57.7393,-146.3623,-167.7246,t008,FIJTB
2529715274,2709494,2,pelvis,loading,0.0763,1.2496,-0.2460,-45.7153,-154.1748,-186.3403,t008,FIJTB
2529715275,2709510,2,pelvis,loading,0.0140,1.1600,-0.4133,-68.9697,-92.7734,-197.4487,t008,FIJTB
2529715327,2709526,2,pelvis,loading,-0.0062,1.2156,-0.3531,-81.6040,-63.4766,-185.8520,t008,FIJTB
2529715329,2709542,2,pelvis,loading,0.1688,1.2073,-0.3461,-63.1714,-40.7715,-136.4746,t008,FIJTB
2529715329,2709558,2,pelvis,loading,0.7040,1.0382,-0.4186,-43.2129,-35.4004,-126.8921,t008,FIJTB
2529715384,2709574,2,pelvis,loading,0.3918,0.8652,-0.4658,-33.3252,-63.5376,-70.7397,t008,FIJTB
2529715385,2709591,2,pelvis,loading,-0.0216,0.7109,-0.3444,-33.6914,-92.6514,-2.9297,t008,FIJTB
2529715386,2709607,2,pelvis,loading,-0.5299,0.1930,-0.3945,-11.4746,-73.3032,-9.1553,t008,FIJTB
2529715393,2709623,2,pelvis,loading,-0.5734,0.4761,-0.0125,-3.6621,2.2583,12.2681,t008,FIJTB
2529715437,2709639,2,pelvis,loading,-0.5157,0.6814,0.2308,16.2964,17.8223,121.0327,t008,FIJTB
2529715439,2709654,2,pelvis,loading,-0.1862,0.4103,0.1178,43.3350,14.0991,152.8320,t008,FIJTB
2529715440,2709670,2,pelvis,loading,-0.0312,0.2889,0.1151,72.3877,24.6582,131.5308,t008,FIJTB
2529715495,2709686,2,pelvis,loading,-0.0380,0.4733,0.1255,80.2002,23.2544,139.2822,t008,FIJTB
2529715497,2709702,2,pelvis,loading,-0.2784,0.5638,0.1713,90.6982,0.4883,191.8945,t008,FIJTB
2529715497,2709717,2,pelvis,loading,-0.3174,0.5356,0.2017,96.6797,6.0425,225.7690,t008,FIJTB
2529715506,2709733,2,pelvis,loading,-0.1865,0.6986,0.1716,97.5952,17.6392,238.2812,t008,FIJTB
2529715549,2709749,2,pelvis,midstance,-0.1254,0.8362,0.1211,98.0225,37.8418,246.2768,t008,FIJTB
2529715551,2709765,2,pelvis,midstance,-0.0391,1.0935,-0.0695,95.2148,54.3213,242.5537,t008,FIJTB
2529715551,2709781,2,pelvis,midstance,0.0756,1.3489,-0.2498,93.3227,89.5386,241.0278,t008,FIJTB
2529715608,2709797,2,pelvis,midstance,0.1409,1.4281,-0.3005,98.5718,88.4399,234.6802,t008,FIJTB
2529715608,2709812,2,pelvis,midstance,0.2501,1.4973,-0.4208,96.4966,74.8901,225.2807,t008,FIJTB
2529715609,2709828,2,pelvis,midstance,0.3220,1.5804,-0.4998,85.9375,49.8047,212.4634,t008,FIJTB
2529715609,2709844,2,pelvis,midstance,0.3807,1.6594,-0.5833,84.7168,41.4429,209.6557,t008,FIJTB
2529715663,2709860,2,pelvis,midstance,0.3301,1.5519,-0.5225,82.4585,29.3579,201.6601,t008,FIJTB
2529715663,2709876,2,pelvis,midstance,0.4061,1.5129,-0.4875,72.2046,24.2310,189.2090,t008,FIJTB
2529715663,2709892,2,pelvis,midstance,0.3204,1.3256,-0.4203,66.5283,20.9961,188.7817,t008,FIJTB
2529715719,2709907,2,pelvis,midstance,0.1946,1.2561,-0.3730,49.8657,13.9770,185.4248,t008,FIJTB
2529715719,2709923,2,pelvis,midstance,0.1808,1.2328,-0.3021,43.2739,13.2446,174.8657,t008,FIJTB
2529715720,2709939,2,pelvis,midstance,0.1342,1.1836,-0.2191,37.3535,19.0430,155.3955,t008,FIJTB
2529715720,2709955,2,pelvis,midstance,0.1006,1.1765,-0.1550,36.8042,19.5313,140.4419,t008,FIJTB
2529715771,2709971,2,pelvis,midstance,0.1196,1.1504,-0.0803,39.5508,17.3340,127.9297,t008,FIJTB
2529715773,2709987,2,pelvis,midstance,0.1819,1.1526,-0.0757,43.8843,17.8223,107.9101,t008,FIJTB
2529715774,2710002,2,pelvis,midstance,0.1514,1.1151,-0.0574,44.2505,18.3105,106.9946,t008,FIJTB
2529715829,2710018,2,pelvis,midstance,0.0304,1.0366,-0.0780,38.4521,19.4092,104.9805,t008,FIJTB
2529715830,2710034,2,pelvis,midstance,0.0874,1.0302,-0.1284,28.0151,20.8130,83.0078,t008,FIJTB
2529715830,2710049,2,pelvis,midstance,0.2083,0.9943,-0.2054,23.3765,17.3950,72.9980,t008,FIJTB
2529715831,2710065,2,pelvis,midstance,0.1824,0.9579,-0.2086,12.3901,7.6294,58.1665,t008,FIJTB
2529715883,2710081,2,pelvis,midstance,0.1169,0.9037,-0.1906,5.3101,7.1411,49.4385,t008,FIJTB
2529715883,2710097,2,pelvis,midstance,0.2119,0.9187,-0.2106,-10.5591,18.1885,25.3296,t008,FIJTB
2529715883,2710113,2,pelvis,midstance,0.2592,0.9335,-0.2405,-21.7285,32.7148,2.1973,t008,FIJTB
2529715940,2710129,2,pelvis,midstance,0.0698,1.1256,-0.3169,-27.4658,36.5601,-5.2490,t008,FIJTB
2529715941,2710145,2,pelvis,midstance,0.3420,1.1688,-0.3004,-18.4937,66.7114,-27.7710,t008,FIJTB
2529715941,2710161,2,pelvis,midstance,0.4667,0.7705,-0.0778,-10.1318,96.8018,-112.7319,t008,FIJTB
2529715947,2710177,2,pelvis,midstance,-0.9840,1.0414,0.6965,-35.7056,73.9746,-98.9990,t008,FIJTB
2529715994,2710193,2,pelvis,midstance,-1.4221,1.4774,0.6262,-75.0732,-5.6152,-71.2891,t008,FIJTB
2529715995,2710210,2,pelvis,midstance,0.0792,1.7715,0.1147,-69.7021,-7.9956,-162.7807,t008,FIJTB
2529715995,2710225,2,pelvis,midstance,-0.1509,0.5526,-0.0560,-23.0103,71.4722,-171.7529,t008,FIJTB
2529716051,2710242,2,pelvis,midstance,-0.4950,0.6167,0.0586,-96.1304,63.9648,-78.8574,t008,FIJTB
2529716051,2710258,2,pelvis,midstance,0.0306,1.1763,-0.0194,-84.5947,60.7910,-92.2241,t008,FIJTB
2529716052,2710274,2,pelvis,midstance,0.2577,0.9712,-0.1677,1.0376,52.6123,-97.0459,t008,FIJTB
2529716103,2710290,2,pelvis,midstance,0.0840,0.9320,-0.1289,-10.1318,-2.1973,-52.0019,t008,FIJTB
2529716104,2710306,2,pelvis,midstance,-0.0325,1.0928,0.0111,-20.5688,-15.7471,-41.0156,t008,FIJTB
2529716104,2710322,2,pelvis,terminal,-0.0848,1.0422,-0.0366,-21.1792,-23.0713,-32.5317,t008,FIJTB
2529716105,2710338,2,pelvis,terminal,-0.2811,0.9508,-0.0569,-23.5596,-22.1558,-28.5645,t008,FIJTB
2529716166,2710354,2,pelvis,terminal,-0.2207,0.9867,0.0226,-18.6768,-5.1880,-27.0996,t008,FIJTB
2529716166,2710370,2,pelvis,terminal,-0.1660,1.0094,0.0297,-12.6953,11.2305,-29.0527,t008,FIJTB
2529716167,2710386,2,pelvis,terminal,-0.1567,0.9938,0.0303,-10.4980,12.4512,-26.7334,t008,FIJTB
2529716167,2710402,2,pelvis,terminal,-0.2013,0.9805,0.0049,-12.7563,12.6343,-25.6958,t008,FIJTB
2529716223,2710418,2,pelvis,terminal,-0.2050,0.9541,-0.0002,-12.3901,8.2397,-27.0386,t008,FIJTB
2529716224,2710434,2,pelvis,terminal,-0.1509,0.9409,-0.0028,-8.3618,4.0283,-25.7568,t008,FIJTB
2529716224,2710450,2,pelvis,terminal,-0.1365,0.9647,-0.0044,-4.5166,-2.6855,-20.4468,t008,FIJTB
2529716280,2710466,2,pelvis,terminal,-0.1093,0.9871,0.0188,-6.5308,-4.2114,-19.8364,t008,FIJTB
2529716281,2710482,2,pelvis,terminal,-0.0846,0.9817,0.0588,-11.9019,-5.3711,-17.9443,t008,FIJTB
2529716281,2710498,2,pelvis,terminal,-0.0898,0.9717,0.0557,-16.2964,-7.4463,-13.9160,t008,FIJTB
2529716282,2710514,2,pelvis,terminal,-0.1124,0.9871,0.0083,-18.4937,-8.3618,-13.2446,t008,FIJTB
2529716335,2710530,2,pelvis,terminal,-0.1414,0.9648,-0.0203,-20.8130,-9.2163,-14.8926,t008,FIJTB
2529716336,2710546,2,pelvis,terminal,-0.1461,0.9507,-0.0315,-18.3105,-7.0190,-15.6860,t008,FIJTB
2529716337,2710562,2,pelvis,terminal,-0.0906,0.9799,-0.0261,-17.3950,-5.9204,-15.1367,t008,FIJTB
2529716395,2710578,2,pelvis,terminal,-0.0853,0.9730,-0.0200,-16.7236,-7.0801,-12.6953,t008,FIJTB
2529716395,2710594,2,pelvis,terminal,-0.0800,0.9839,-0.0272,-18.6768,-9.2773,-10.5591,t008,FIJTB
2529716395,2710611,2,pelvis,terminal,-0.0876,0.9683,-0.0193,-20.3857,-9.6436,-10.8643,t008,FIJTB
2529716396,2710627,2,pelvis,terminal,-0.0887,0.9698,-0.0319,-20.9961,-9.8267,-9.3384,t008,FIJTB
2529716450,2710643,2,pelvis,terminal,-0.1161,0.9667,-0.0571,-21.0571,-9.5825,-8.7280,t008,FIJTB
2529716451,2710659,2,pelvis,terminal,-0.1293,0.9705,-0.0488,-20.6299,-6.6528,-10.0098,t008,FIJTB
2529716451,2710676,2,pelvis,terminal,-0.1202,0.9706,-0.0317,-20.8130,-1.5259,-12.3901,t008,FIJTB
2529716507,2710692,2,pelvis,terminal,-0.1238,0.9579,-0.0328,-22.2778,1.2207,-13.9160,t008,FIJTB
2529716507,2710708,2,pelvis,terminal,-0.1089,0.9900,-0.0491,-25.2075,4.5776,-16.7847,t008,FIJTB
2529716508,2710724,2,pelvis,terminal,-0.1244,1.0007,-0.0703,-25.8179,5.1880,-25.5127,t008,FIJTB
2529716508,2710740,2,pelvis,terminal,-0.1945,0.9933,-0.0981,-22.2778,5.2490,-31.3110,t008,FIJTB
2529716561,2710756,2,pelvis,terminal,-0.1677,0.9943,-0.1082,-12.2070,6.9580,-49.0723,t008,FIJTB
2529716562,2710772,2,pelvis,terminal,-0.0826,0.9813,-0.1062,-12.0239,5.4321,-61.7676,t008,FIJTB
2529716562,2710788,2,pelvis,terminal,0.0149,0.9902,-0.0792,-15.0146,3.8452,-63.7817,t008,FIJTB
2529716618,2710804,2,pelvis,terminal,0.0361,1.0077,-0.0782,-24.7192,0.5493,-63.5986,t008,FIJTB
2529716619,2710820,2,pelvis,swing,-0.0239,0.9978,-0.1091,-26.3062,-1.5869,-60.2417,t008,FIJTB
2529716620,2710837,2,pelvis,swing,0.0547,1.0411,-0.0565,-26.6113,-5.6763,-55.1758,t008,FIJTB
2529716620,2710853,2,pelvis,swing,0.0443,1.0536,-0.0715,-31.0669,-9.7046,-57.6172,t008,FIJTB
2529716672,2710869,2,pelvis,swing,-0.0403,1.0902,-0.1023,-32.8369,-10.0708,-61.8896,t008,FIJTB
2529716673,2710885,2,pelvis,swing,-0.0175,1.1227,-0.1088,-31.6772,-6.3477,-73.1812,t008,FIJTB
2529716673,2710901,2,pelvis,swing,0.0172,1.1420,-0.0784,-32.5928,-8.9111,-78.1250,t008,FIJTB
2529716734,2710917,2,pelvis,swing,0.0502,1.1597,-0.0443,-37.4146,-13.0615,-77.3926,t008,FIJTB
2529716735,2710934,2,pelvis,swing,0.0376,1.2319,-0.0692,-51.0254,-16.9067,-79.8340,t008,FIJTB
2529716735,2710950,2,pelvis,swing,-0.0006,1.2650,-0.1592,-62.8052,-7.0801,-105.5298,t008,FIJTB
2529716735,2710966,2,pelvis,swing,0.0372,1.1256,-0.1771,-68.5425,-4.9438,-115.6006,t008,FIJTB
2529716791,2710982,2,pelvis,swing,0.0583,1.1239,-0.1588,-73.7305,-8.3008,-121.0937,t008,FIJTB
2529716791,2710998,2,pelvis,swing,0.1418,1.1573,-0.1232,-74.5239,-10.9863,-115.9668,t008,FIJTB
2529716792,2711014,2,pelvis,swing,0.1349,1.2048,-0.1455,-73.0591,-18.6157,-110.4126,t008,FIJTB
2529716828,2711030,2,pelvis,swing,0.1207,1.2512,-0.1597,-68.8477,-41.1987,-125.4272,t008,FIJTB
2529716848,2711046,2,pelvis,swing,0.0084,1.3135,-0.1721,-66.7114,-56.0303,-132.0190,t008,FIJTB
2529716848,2711062,2,pelvis,swing,-0.0338,1.2866,-0.2762,-60.4858,-85.2661,-140.1367,t008,FIJTB
2529716849,2711079,2,pelvis,swing,-0.0251,1.2815,-0.3348,-65.6738,-114.8682,-158.2642,t008,FIJTB
2529716904,2711095,2,pelvis,swing,0.0907,1.3409,-0.1660,-67.9321,-123.0469,-167.6025,t008,FIJTB
2529716905,2711111,2,pelvis,swing,0.1886,1.4174,-0.1118,-69.6411,-124.9390,-172.4243,t008,FIJTB
2529716906,2711127,2,pelvis,swing,0.1051,1.3259,-0.1146,-69.1528,-125.8545,-176.9409,t008,FIJTB
2529716961,2711143,2,pelvis,swing,0.0029,1.1251,-0.2549,-71.1670,-114.4409,-181.5185,t008,FIJTB
2529716962,2711159,2,pelvis,swing,0.2987,1.1024,-0.3440,-57.2510,-58.3496,-160.3394,t008,FIJTB
2529716962,2711175,2,pelvis,swing,0.7733,1.0344,-0.6621,-55.4810,-45.4712,-132.2632,t008,FIJTB
2529716963,2711191,2,pelvis,loading,0.0686,0.8049,-0.3571,-40.8936,-105.4687,-44.1894,t008,FIJTB
2529717016,2711207,2,pelvis,loading,-0.1650,0.5602,-0.2390,-26.1230,-83.3740,-17.0898,t008,FIJTB
2529717018,2711223,2,pelvis,loading,-0.3843,0.5140,0.1744,-24.2920,-37.2925,-1.0986,t008,FIJTB
2529717019,2711239,2,pelvis,loading,-0.5658,0.5760,0.3003,-27.0386,-33.6914,102.9053,t008,FIJTB
2529717020,2711255,2,pelvis,loading,-0.5166,0.4219,0.3668,-3.1128,-24.5361,101.0742,t008,FIJTB
2529717076,2711271,2,pelvis,loading,0.0270,0.5525,0.3632,12.1460,-1.7700,102.7832,t008,FIJTB
2529717076,2711287,2,pelvis,loading,0.0781,0.5660,0.2861,33.0811,23.9868,158.9355,t008,FIJTB
2529717076,2711303,2,pelvis,loading,-0.1793,0.4304,0.2701,34.8511,23.0103,191.4062,t008,FIJTB
2529717128,2711319,2,pelvis,loading,-0.1875,0.5935,0.3975,35.8887,27.3437,249.5117,t008,FIJTB
2529717131,2711334,2,pelvis,loading,-0.1167,0.7120,0.4225,50.2930,27.9541,282.4707,t008,FIJTB
2529717132,2711350,2,pelvis,loading,-0.0066,0.9098,0.3333,57.4951,17.3340,286.4990,t008,FIJTB
2529717132,2711366,2,pelvis,loading,0.0319,0.9664,0.3038,69.8853,-7.2632,285.7056,t008,FIJTB
2529717187,2711382,2,pelvis,loading,0.1018,1.1193,0.2034,74.9512,-15.6250,280.0293,t008,FIJTB
2529717187,2711398,2,pelvis,loading,0.2357,1.3755,0.1289,86.3647,-44.0674,275.9399,t008,FIJTB
2529717187,2711413,2,pelvis,loading,0.2562,1.4856,0.1346,92.4683,-68.6035,275.8789,t008,FIJTB
2529717239,2711429,2,pelvis,loading,0.2310,1.6125,0.1028,90.0879,-61.0962,269.7144,t008,FIJTB
2529717241,2711445,2,pelvis,loading,0.3208,1.6775,0.0312,78.9185,-13.2446,250.7324,t008,FIJTB
2529717242,2711461,2,pelvis,loading,0.3416,1.6439,-0.0997,71.3501,15.5029,244.9341,t008,FIJTB
2529717242,2711477,2,pelvis,loading,0.3213,1.5710,-0.1200,57.6172,68.7256,237.8540,t008,FIJTB
2529717296,2711493,2,pelvis,loading,0.3662,1.5410,-0.1448,60.1196,101.6846,217.0410,t008,FIJTB
2529717296,2711508,2,pelvis,loading,0.3553,1.4185,-0.2008,63.4155,104.7974,207.7637,t008,FIJTB
2529717297,2711524,2,pelvis,loading,0.3182,1.3589,-0.2078,67.3828,88.1348,188.5986,t008,FIJTB
2529717347,2711540,2,pelvis,loading,0.2804,1.2632,-0.2030,67.8101,74.7070,173.2788,t008,FIJTB
2529717350,2711556,2,pelvis,loading,0.2438,1.1882,-0.2172,67.9932,53.0395,140.1367,t008,FIJTB
2529717350,2711571,2,pelvis,loading,0.2131,1.1392,-0.2206,62.5610,48.8281,115.9668,t008,FIJTB
2529717396,2711587,2,pelvis,loading,0.2068,1.0651,-0.2628,56.3354,50.9644,104.9194,t008,FIJTB
2529717404,2711603,2,pelvis,loading,0.2014,1.0400,-0.2943,43.0908,55.6641,80.6885,t008,FIJTB
2529717405,2711619,2,pelvis,loading,0.2324,1.0076,-0.3597,36.6211,58.1665,67.6270,t008,FIJTB
2529717405,2711634,2,pelvis,loading,0.2648,0.9214,-0.4008,23.5596,59.5703,42.2363,t008,FIJTB
2529717455,2711650,2,pelvis,loading,0.2809,0.8739,-0.4358,4.8828,54.9927,18.3716,t008,FIJTB
2529717456,2711666,2,pelvis,midstance,0.2924,0.8700,-0.4801,-6.4697,51.0864,10.9253,t008,FIJTB
2529717456,2711682,2,pelvis,midstance,0.3003,0.8849,-0.4858,-24.1699,43.3350,-3.7231,t008,FIJTB
2529717508,2711698,2,pelvis,midstance,0.2180,0.8240,-0.4238,-30.0903,42.3584,-12.7563,t008,FIJTB
2529717515,2711714,2,pelvis,midstance,0.1119,0.7319,-0.3174,-42.1753,45.5933,-34.2407,t008,FIJTB
2529717516,2711730,2,pelvis,midstance,-0.0773,1.0936,-0.1829,-30.4565,46.8750,-20.8130,t008,FIJTB
2529717516,2711746,2,pelvis,midstance,-0.3474,0.5735,0.2023,7.9346,51.0864,-4.6997,t008,FIJTB
2529717568,2711762,2,pelvis,midstance,-1.0358,0.4720,0.5688,-33.2031,-2.2583,-49.9878,t008,FIJTB
2529717570,2711778,2,pelvis,midstance,-0.8505,2.6975,0.5505,-148.0713,-60.9741,-141.7236,t008,FIJTB
2529717571,2711794,2,pelvis,midstance,0.5466,1.4368,-0.1733,-129.5166,1.5259,-195.6787,t008,FIJTB
2529717626,2711810,2,pelvis,midstance,0.2872,0.8019,0.1135,-129.3945,15.3198,-93.2617,t008,FIJTB
2529717626,2711826,2,pelvis,midstance,-0.1584,1.0057,0.1166,-148.9258,-15.7471,-57.1289,t008,FIJTB
2529717627,2711842,2,pelvis,midstance,-0.2964,1.0553,-0.5446,-127.0752,-27.9541,-59.7534,t008,FIJTB
2529717627,2711859,2,pelvis,midstance,-0.2271,1.0043,-0.5083,-122.3144,-3.7231,-43.3350,t008,FIJTB
2529717679,2711875,2,pelvis,midstance,-0.0201,0.9932,-0.1379,-96.9849,0.0610,-42.0532,t008,FIJTB
2529717679,2711891,2,pelvis,midstance,-0.2935,0.8951,-0.1951,-55.4199,-9.3384,-28.1982,t008,FIJTB
2529717680,2711907,2,pelvis,midstance,-0.3395,0.8984,-0.1926,-61.4624,-11.0474,-16.7236,t008,FIJTB
2529717738,2711924,2,pelvis,midstance,-0.2543,0.9315,-0.0927,-54.3823,-9.9487,-15.6250,t008,FIJTB
2529717739,2711940,2,pelvis,midstance,-0.2477,0.9437,-0.0583,-46.1426,-3.4180,-15.0757,t008,FIJTB
2529717739,2711956,2,pelvis,midstance,-0.1782,0.9916,-0.0660,-48.1567,5.8594,-19.0430,t008,FIJTB
2529717739,2711972,2,pelvis,midstance,-0.2723,0.9509,-0.1558,-47.9736,8.9111,-21.3013,t008,FIJTB
2529717794,2711988,2,pelvis,midstance,-0.2687,0.9323,-0.2113,-43.7012,6.1035,-27.2827,t008,FIJTB
2529717794,2712004,2,pelvis,midstance,-0.2303,0.9159,-0.2357,-39.9170,1.0376,-26.1230,t008,FIJTB
2529717794,2712021,2,pelvis,midstance,-0.2372,0.9229,-0.2012,-37.4756,-6.8359,-22.7661,t008,FIJTB
2529717852,2712037,2,pelvis,midstance,-0.2494,0.9226,-0.1897,-41.1377,-7.8125,-27.7100,t008,FIJTB
2529717852,2712053,2,pelvis,terminal,-0.2024,0.9396,-0.1705,-42.4194,-6.7139,-31.4941,t008,FIJTB
2529717853,2712069,2,pelvis,terminal,-0.1956,0.9440,-0.1620,-41.8091,-8.9722,-33.5693,t008,FIJTB
2529717854,2712085,2,pelvis,terminal,-0.2286,0.9270,-0.1835,-44.9219,-15.4419,-33.6304,t008,FIJTB
2529717907,2712101,2,pelvis,terminal,-0.2722,0.8997,-0.2175,-47.6685,-18.6768,-33.8745,t008,FIJTB
2529717908,2712118,2,pelvis,terminal,-0.1852,0.9348,-0.2543,-45.4102,-27.0386,-33.4473,t008,FIJTB
2529717910,2712134,2,pelvis,terminal,-0.1716,0.9381,-0.2582,-40.7715,-32.7148,-33.6304,t008,FIJTB
2529717934,2712150,2,pelvis,terminal,-0.0900,0.9677,-0.2822,-41.7480,-32.6538,-36.4380,t008,FIJTB
2529717968,2712166,2,pelvis,terminal,-0.0459,0.9707,-0.2841,-48.4619,-27.2827,-45.3491,t008,FIJTB
2529717969,2712182,2,pelvis,terminal,-0.0924,0.9867,-0.2661,-48.2788,-24.3530,-48.2178,t008,FIJTB
2529717969,2712198,2,pelvis,terminal,-0.0544,0.9518,-0.2759,-36.2549,-27.0996,-59.8144,t008,FIJTB
2529718022,2712214,2,pelvis,terminal,-0.1322,0.9172,-0.3010,-31.0059,-30.1514,-64.6973,t008,FIJTB
2529718025,2712230,2,pelvis,terminal,-0.1210,0.9211,-0.3188,-32.4097,-30.0293,-65.3687,t008,FIJTB
2529718027,2712247,2,pelvis,terminal,-0.0490,0.9419,-0.3365,-31.4941,-30.2734,-64.2090,t008,FIJTB
2529718082,2712263,2,pelvis,terminal,0.0366,0.9537,-0.3905,-30.0293,-29.4189,-61.4624,t008,FIJTB
2529718083,2712279,2,pelvis,terminal,0.0720,0.9286,-0.4198,-32.9590,-26.2451,-58.8379,t008,FIJTB
2529718083,2712295,2,pelvis,terminal,0.0389,0.9181,-0.3910,-33.5083,-23.1323,-52.3071,t008,FIJTB
2529718083,2712311,2,pelvis,terminal,0.0524,0.9260,-0.3525,-29.8462,-21.1792,-49.7436,t008,FIJTB
2529718136,2712327,2,pelvis,terminal,0.0667,0.9109,-0.3569,-28.6255,-18.9819,-50.5371,t008,FIJTB
2529718138,2712343,2,pelvis,terminal,0.0785,0.9010,-0.3763,-27.4048,-14.5874,-53.7109,t008,FIJTB
2529718139,2712359,2,pelvis,terminal,0.0538,0.9053,-0.4143,-26.5503,-15.0146,-54.2603,t008,FIJTB
2529718140,2712375,2,pelvis,terminal,0.0734,0.9034,-0.4215,-22.0947,-17.2119,-53.5278,t008,FIJTB
2529718196,2712391,2,pelvis,terminal,0.1053,0.8810,-0.4296,-21.2402,-18.0664,-53.8940,t008,FIJTB
2529718196,2712407,2,pelvis,terminal,0.1173,0.9073,-0.4380,-19.8975,-18.4326,-52.3682,t008,FIJTB
2529718197,2712423,2,pelvis,terminal,0.1335,0.9001,-0.3969,-7.8125,-19.6533,-50.9644,t008,FIJTB
2529718252,2712439,2,pelvis,terminal,0.1323,0.9211,-0.3677,1.0376,-16.1133,-43.5181,t008,FIJTB
2529718252,2712455,2,pelvis,terminal,0.1132,0.9550,-0.3641,14.7705,-7.6904,-42.1753,t008,FIJTB
2529718253,2712472,2,pelvis,terminal,0.1106,0.9917,-0.3087,72.1436,10.3149,-42.1753,t008,FIJTB
2529718309,2712488,2,pelvis,terminal,-0.1741,0.8470,-0.0654,239.9292,37.1704,-32.8979,t008,FIJTB
2529718309,2712504,2,pelvis,terminal,0.5797,1.1960,-0.7455,283.6304,31.7383,-85.4492,t008,FIJTB
2529718309,2712520,2,pelvis,terminal,0.5043,1.2439,-0.3740,-90.5151,-33.2642,-91.9189,t008,FIJTB
2529718310,2712536,2,pelvis,terminal,-0.0410,1.2621,-0.1334,-107.8491,-51.2695,-79.4067,t008,FIJTB
2529718364,2712552,2,pelvis,terminal,0.0132,1.3734,-0.2249,-44.6777,-37.4146,-104.9805,t008,FIJTB
2529718365,2712568,2,pelvis,terminal,0.0928,1.3416,-0.2299,-34.3628,-22.9492,-130.2490,t008,FIJTB
2529718422,2712584,2,pelvis,terminal,0.0061,1.4246,-0.1764,-41.0156,-26.7334,-136.4136,t008,FIJTB
2529718422,2712601,2,pelvis,terminal,-0.0511,1.4919,-0.1469,-55.9082,-43.8232,-153.8086,t008,FIJTB
2529718423,2712617,2,pelvis,swing,-0.0729,1.4814,-0.0480,-69.0918,-59.5703,-179.8096,t008,FIJTB
2529718423,2712633,2,pelvis,swing,0.0280,1.2948,0.1100,-65.6128,-66.0400,-186.0962,t008,FIJTB
2529718424,2712649,2,pelvis,swing,0.1560,1.1412,0.1382,-46.3257,-71.0449,-183.3496,t008,FIJTB
2529718479,2712665,2,pelvis,swing,0.3959,0.9454,-0.0574,-41.5649,-70.0073,-189.9414,t008,FIJTB
2529718479,2712681,2,pelvis,swing,0.5405,1.1152,-0.2657,-54.1992,-51.6968,-200.9277,t008,FIJTB
2529718480,2712697,2,pelvis,swing,0.4855,1.1863,-0.3064,-67.9932,-28.6255,-162.1094,t008,FIJTB
2529718480,2712713,2,pelvis,swing,0.4705,1.0836,-0.3719,-62.0728,-25.6958,-141.1743,t008,FIJTB
2529718542,2712729,2,pelvis,swing,0.4916,0.9028,-0.4703,-41.5039,-34.7290,-112.4878,t008,FIJTB
2529718542,2712745,2,pelvis,swing,0.3574,0.8201,-0.5566,-44.9219,-47.6074,-61.8286,t008,FIJTB
2529718543,2712762,2,pelvis,swing,-0.0302,0.6456,-0.3324,-42.9077,-56.1523,-35.3394,t008,FIJTB
2529718543,2712778,2,pelvis,swing,-0.1582,0.5182,-0.3120,-18.9209,-23.8647,21.3623,t008,FIJTB
2529718598,2712794,2,pelvis,swing,-0.5962,0.6831,-0.1112,-11.2305,-1.2817,86.2427,t008,FIJTB
2529718599,2712810,2,pelvis,swing,-0.6233,0.5264,0.2783,5.7983,-8.6670,168.0908,t008,FIJTB
2529718599,2712826,2,pelvis,swing,-0.3019,0.4486,0.1940,35.0952,2.9907,113.8306,t008,FIJTB
2529718657,2712841,2,pelvis,swing,0.1979,0.5629,0.0380,49.9268,12.8174,120.5444,t008,FIJTB
2529718658,2712857,2,pelvis,swing,0.0963,0.5962,0.0450,54.8706,3.9673,185.5469,t008,FIJTB
2529718658,2712873,2,pelvis,swing,-0.3397,0.6428,0.0867,60.1807,-2.4414,210.0830,t008,FIJTB
2529718658,2712889,2,pelvis,swing,-0.3235,0.6943,0.0514,88.1958,18.9819,230.5908,t008,FIJTB
2529718713,2712904,2,pelvis,swing,-0.1881,0.8512,0.0140,104.0039,51.3916,229.0649,t008,FIJTB
2529718713,2712920,2,pelvis,swing,-0.0326,0.9742,-0.0776,107.9712,57.7393,229.9194,t008,FIJTB
2529718714,2712936,2,pelvis,swing,-0.0537,0.9951,-0.2322,97.3511,58.4717,215.9424,t008,FIJTB
2529718771,2712952,2,pelvis,swing,-0.0020,1.1440,-0.2665,90.9424,57.4951,218.8110,t008,FIJTB
2529718771,2712968,2,pelvis,swing,0.0315,1.3887,-0.3467,98.9990,56.2134,223.8159,t008,FIJTB
2529718771,2712984,2,pelvis,swing,0.0476,1.4264,-0.3638,105.2856,70.8008,231.4453,t008,FIJTB
2529718772,2712999,2,pelvis,swing,0.1028,1.4425,-0.4059,103.4546,80.0781,234.0088,t008,FIJTB
2529718825,2713015,2,pelvis,swing,0.0608,1.5033,-0.4692,100.0366,89.6606,242.4927,t008,FIJTB
2529718828,2713031,2,pelvis,swing,0.0020,1.5121,-0.4558,97.9614,98.1445,247.6806,t008,FIJTB
2529718828,2713047,2,pelvis,swing,0.0244,1.5239,-0.4314,97.7783,98.8159,241.6382,t008,FIJTB
2529718828,2713063,2,pelvis,swing,0.0609,1.5499,-0.4513,94.6045,84.6558,221.0693,t008,FIJTB
2529718883,2713079,2,pelvis,swing,0.0896,1.5549,-0.5033,86.9141,74.5239,212.7075,t008,FIJTB
2529718883,2713095,2,pelvis,swing,0.2483,1.5441,-0.4938,70.1904,56.8237,195.8618,t008,FIJTB
2529718884,2713110,2,pelvis,swing,0.3353,1.5354,-0.4540,70.1294,38.6963,181.9458,t008,FIJTB
2529718937,2713126,2,pelvis,swing,0.2704,1.4055,-0.3170,71.7163,30.0293,177.0630,t008,FIJTB
2529718939,2713142,2,pelvis,swing,0.3049,1.3479,-0.2799,78.6743,24.7192,151.6113,t008,FIJTB
2529718939,2713158,2,pelvis,swing,0.3729,1.2253,-0.2181,79.6509,24.7192,143.4937,t008,FIJTB
2529718993,2713173,2,pelvis,swing,0.3137,1.0966,-0.2295,64.7583,17.2119,142.8833,t008,FIJTB
2529718994,2713189,2,pelvis,swing,0.4082,1.1110,-0.2806,42.3584,10.5591,119.6289,t008,FIJTB
2529718994,2713205,2,pelvis,swing,0.5083,1.0087,-0.3546,34.0576,4.3335,105.1025,t008,FIJTB
2529718994,2713221,2,pelvis,swing,0.4714,0.9346,-0.3571,13.9160,-8.6060,73.6084,t008,FIJTB
2529719048,2713237,2,pelvis,loading,0.4830,0.9332,-0.3282,2.6855,-7.6904,56.3354,t008,FIJTB
2529719050,2713252,2,pelvis,loading,0.4337,0.9026,-0.3430,-14.7705,3.2959,15.8081,t008,FIJTB
2529719050,2713268,2,pelvis,loading,0.3993,0.8589,-0.3683,-31.7993,8.1177,-30.2734,t008,FIJTB
2529719050,2713284,2,pelvis,loading,0.4053,0.8589,-0.3671,-42.6025,7.7515,-47.3022,t008,FIJTB
2529719106,2713300,2,pelvis,loading,0.3644,0.8904,-0.3257,-61.8286,9.0332,-69.7632,t008,FIJTB
2529719106,2713317,2,pelvis,loading,-0.2810,0.9520,0.0339,-67.2607,13.3057,-76.4160,t008,FIJTB
2529719107,2713332,2,pelvis,loading,-1.7749,0.9773,0.4534,-31.7383,9.9487,-10.5591,t008,FIJTB
2529719161,2713348,2,pelvis,loading,-1.8684,0.5618,0.1628,-38.7573,-8.7280,-49.0723,t008,FIJTB
2529719161,2713364,2,pelvis,loading,-0.5415,1.2594,0.3225,-62.8662,-11.7798,-105.5908,t008,FIJTB
2529719162,2713380,2,pelvis,loading,0.2242,2.0146,0.2531,-111.6943,22.7051,-118.2861,t008,FIJTB
2529719162,2713396,2,pelvis,loading,0.1848,1.4563,0.0955,-125.4272,37.1704,-130.9814,t008,FIJTB
2529719218,2713413,2,pelvis,loading,0.0594,1.0112,0.0632,-128.0518,20.6909,-116.3330,t008,FIJTB
2529719218,2713428,2,pelvis,loading,-0.0530,1.0518,-0.0437,-114.1357,-17.2119,-86.1816,t008,FIJTB
2529719218,2713445,2,pelvis,loading,-0.3221,1.0134,-0.3674,-107.7881,-17.5171,-78.1860,t008,FIJTB
2529719271,2713461,2,pelvis,loading,-0.3566,0.9827,-0.3743,-111.6943,8.8501,-70.1294,t008,FIJTB
2529719273,2713477,2,pelvis,loading,-0.3361,0.9224,-0.2357,-18.3716,25.5127,-78.9795,t008,FIJTB
2529719273,2713493,2,pelvis,loading,-0.0879,0.9929,0.0428,63.8428,24.7803,-81.2988,t008,FIJTB
2529719274,2713509,2,pelvis,loading,-0.0419,0.8499,-0.3306,147.3999,-17.3340,-81.7871,t008,FIJTB
2529719330,2713525,2,pelvis,loading,-0.1162,0.8468,-0.2415,-10.9863,-29.1748,-35.4004,t008,FIJTB
2529719331,2713541,2,pelvis,loading,-0.2355,0.9847,0.0074,-37.9639,-21.4844,-4.2725,t008,FIJTB
2529719331,2713557,2,pelvis,loading,-0.2440,1.0239,0.0057,-18.3716,-13.1226,-4.2725,t008,FIJTB
2529719386,2713573,2,pelvis,loading,-0.2524,0.9689,-0.0321,-11.6577,-0.7935,-12.6953,t008,FIJTB
2529719387,2713589,2,pelvis,loading,-0.2937,0.9478,-0.1039,-14.9536,3.9062,-14.1602,t008,FIJTB
2529719388,2713606,2,pelvis,loading,-0.2837,0.9387,-0.1335,-20.2637,4.4556,-17.7002,t008,FIJTB
2529719388,2713622,2,pelvis,loading,-0.2244,0.9268,-0.1279,-17.7612,0.0000,-15.9912,t008,FIJTB
2529719446,2713638,2,pelvis,loading,-0.1924,0.9445,-0.0604,-9.8877,-9.8877,-6.1646,t008,FIJTB
2529719447,2713654,2,pelvis,loading,-0.2104,0.9373,-0.0426,-10.3760,-11.4746,1.5869,t008,FIJTB
2529719447,2713670,2,pelvis,loading,-0.1565,1.0164,-0.0468,-12.3901,-12.2070,2.2583,t008,FIJTB
2529719501,2713686,2,pelvis,loading,-0.2361,0.9371,-0.0782,-15.9302,-10.1318,-0.3662,t008,FIJTB
2529719501,2713702,2,pelvis,midstance,-0.2748,0.9087,-0.1155,-9.9487,-9.1553,-0.0610,t008,FIJTB
2529719502,2713719,2,pelvis,midstance,-0.2374,0.9545,-0.1533,-8.3008,-9.4604,-1.4648,t008,FIJTB
2529719502,2713735,2,pelvis,midstance,-0.2302,0.9512,-0.1353,-6.2866,-9.8877,-4.6997,t008,FIJTB
2529719565,2713751,2,pelvis,midstance,-0.2152,0.9290,-0.0808,2.5024,-12.8784,-5.4321,t008,FIJTB
2529719566,2713767,2,pelvis,midstance,-0.2043,0.9569,-0.0912,2.5635,-14.3433,-7.3853,t008,FIJTB
2529719566,2713783,2,pelvis,midstance,-0.2153,0.9568,-0.0961,-9.7046,-13.9160,-11.9629,t008,FIJTB
2529719567,2713799,2,pelvis,midstance,-0.1984,1.0330,-0.1069,-15.9912,-12.8174,-13.4888,t008,FIJTB
2529719623,2713815,2,pelvis,midstance,-0.2117,0.9513,-0.1122,-12.9395,-12.5732,-17.6392,t008,FIJTB
2529719625,2713831,2,pelvis,midstance,-0.2083,0.9307,-0.1167,-9.3994,-15.2588,-18.0054,t008,FIJTB
2529719626,2713847,2,pelvis,midstance,-0.1866,0.9750,-0.1235,-12.0239,-15.1367,-17.2729,t008,FIJTB
2529719663,2713863,2,pelvis,midstance,-0.1906,0.9729,-0.1271,-14.5874,-11.3525,-18.1885,t008,FIJTB
2529719684,2713879,2,pelvis,midstance,-0.2112,0.9611,-0.1384,-11.9629,-9.5825,-21.4233,t008,FIJTB
2529719685,2713895,2,pelvis,midstance,-0.2047,0.9567,-0.1271,-10.3149,-9.4604,-24.2920,t008,FIJTB
2529719685,2713911,2,pelvis,midstance,-0.1919,0.9579,-0.1254,-11.3525,-10.1318,-28.2593,t008,FIJTB
2529719742,2713928,2,pelvis,midstance,-0.1593,0.9288,-0.1245,-13.5498,-12.1460,-28.5034,t008,FIJTB
2529719743,2713944,2,pelvis,midstance,-0.2566,1.0453,-0.1194,-10.4370,-10.9863,-33.6304,t008,FIJTB
2529719744,2713960,2,pelvis,midstance,-0.2266,0.9668,-0.1483,16.4795,-2.3193,-70.7397,t008,FIJTB
2529719744,2713976,2,pelvis,midstance,-0.1580,0.9313,-0.1750,8.3008,-3.4790,-69.7021,t008,FIJTB
2529719801,2713992,2,pelvis,midstance,-0.1296,0.9780,-0.1436,-16.2964,-3.0518,-57.2510,t008,FIJTB
2529719801,2714008,2,pelvis,midstance,-0.0742,0.9867,-0.1399,-23.2544,-3.2959,-60.6079,t008,FIJTB
2529719802,2714024,2,pelvis,midstance,-0.0886,0.9863,-0.1499,-25.7568,-5.4932,-58.2886,t008,FIJTB
2529719855,2714040,2,pelvis,midstance,-0.1021,0.9828,-0.1642,-25.3296,-6.3477,-49.4385,t008,FIJTB
2529719855,2714056,2,pelvis,midstance,-0.0487,1.0145,-0.1539,-27.9541,-5.5542,-52.1851,t008,FIJTB
2529719857,2714072,2,pelvis,midstance,-0.0244,1.0253,-0.1234,-30.7617,-5.1270,-55.6641,t008,FIJTB
2529719858,2714089,2,pelvis,midstance,-0.0365,1.0308,-0.1334,-38.0249,-3.4790,-63.0493,t008,FIJTB
2529719915,2714105,2,pelvis,midstance,-0.0383,1.0487,-0.1486,-42.3584,-2.7466,-67.5049,t008,FIJTB
2529719916,2714121,2,pelvis,midstance,-0.0125,1.0963,-0.1332,-50.2930,-2.7466,-75.5005,t008,FIJTB
2529719916,2714137,2,pelvis,midstance,-0.0111,1.0969,-0.1344,-52.0019,-3.6621,-86.3647,t008,FIJTB
2529719969,2714153,2,pelvis,midstance,-0.0262,1.0793,-0.1410,-51.5137,-2.9907,-92.7734,t008,FIJTB
2529719970,2714170,2,pelvis,terminal,-0.0688,1.1648,-0.2075,-55.5420,-2.2583,-105.8350,t008,FIJTB
2529719970,2714186,2,pelvis,terminal,-0.0569,1.2360,-0.2042,-57.9224,-5.1880,-133.6670,t008,FIJTB
2529719971,2714202,2,pelvis,terminal,0.0680,1.2666,-0.1620,-58.5327,-7.9346,-151.0010,t008,FIJTB
2529720036,2714218,2,pelvis,terminal,0.0614,1.2722,-0.1580,-74.7681,-40.2832,-171.4477,t008,FIJTB
2529720036,2714234,2,pelvis,terminal,0.0541,1.4410,-0.0493,-98.0835,-86.1816,-164.2456,t008,FIJTB
2529720036,2714250,2,pelvis,terminal,0.1223,1.5355,0.1323,-107.1777,-106.0181,-151.9775,t008,FIJTB
2529720037,2714266,2,pelvis,terminal,0.1090,1.4304,0.1925,-122.3144,-135.0708,-155.0293,t008,FIJTB
2529720097,2714283,2,pelvis,terminal,0.0789,1.3173,0.1896,-115.4175,-143.4326,-165.8325,t008,FIJTB
2529720100,2714299,2,pelvis,terminal,0.2134,1.3660,-0.1943,-82.1533,-132.0801,-168.1518,t008,FIJTB
2529720100,2714315,2,pelvis,terminal,0.1566,1.3671,-0.3560,-80.6274,-76.2939,-168.9453,t008,FIJTB
2529720100,2714331,2,pelvis,terminal,0.0521,1.2222,-0.3093,-85.1440,-53.5889,-161.6211,t008,FIJTB
2529720158,2714347,2,pelvis,terminal,0.6757,1.2157,-0.4000,-74.6460,-39.7949,-130.5542,t008,FIJTB
2529720159,2714363,2,pelvis,terminal,0.8176,1.2522,-0.4382,-60.6689,-52.0019,-74.4019,t008,FIJTB
2529720159,2714379,2,pelvis,terminal,0.2301,0.9675,-0.4675,-52.3071,-75.2563,-25.8789,t008,FIJTB
2529720213,2714396,2,pelvis,terminal,-0.2465,0.5634,-0.3979,-19.1040,-73.8525,-8.6670,t008,FIJTB
2529720214,2714412,2,pelvis,terminal,-0.6992,-0.0074,-0.5575,-10.6201,1.4038,-37.2314,t008,FIJTB
2529720215,2714428,2,pelvis,terminal,-0.6904,0.8223,0.0734,-20.5688,35.2173,24.4751,t008,FIJTB
2529720215,2714444,2,pelvis,terminal,-0.4734,0.8130,0.1975,41.5039,51.1475,122.1313,t008,FIJTB
2529720273,2714459,2,pelvis,terminal,-0.0177,0.2314,0.0452,65.8569,40.2222,100.9521,t008,FIJTB
2529720274,2714475,2,pelvis,terminal,0.0530,0.3945,-0.1262,80.9936,10.8032,84.0454,t008,FIJTB
2529720274,2714491,2,pelvis,terminal,-0.0836,0.5417,-0.1384,92.3462,-7.7515,187.9883,t008,FIJTB
2529720275,2714507,2,pelvis,terminal,-0.3376,0.5963,0.0723,89.8437,-18.1274,225.5249,t008,FIJTB
2529720330,2714523,2,pelvis,terminal,-0.3381,0.7069,0.1522,102.5391,-21.5454,223.7549,t008,FIJTB
2529720330,2714539,2,pelvis,terminal,-0.2250,0.8564,0.0605,116.8213,-9.0942,209.5337,t008,FIJTB
2529720330,2714555,2,pelvis,terminal,-0.0897,0.8442,-0.1060,135.8643,16.6016,213.8672,t008,FIJTB
2529720387,2714571,2,pelvis,terminal,-0.1244,0.9087,-0.1697,123.9624,25.8789,219.5434,t008,FIJTB
2529720388,2714586,2,pelvis,terminal,-0.1110,1.1910,-0.3081,112.1826,40.1611,220.8252,t008,FIJTB
2529720388,2714602,2,pelvis,terminal,-0.0392,1.3384,-0.3514,104.0039,77.8809,223.6328,t008,FIJTB
2529720388,2714618,2,pelvis,terminal,0.0421,1.4093,-0.3711,104.9194,86.9141,219.7876,t008,FIJTB
2529720442,2714634,2,pelvis,swing,0.1846,1.5010,-0.4996,100.2197,80.1392,199.9512,t008,FIJTB
2529720442,2714650,2,pelvis,swing,0.2629,1.5609,-0.5881,87.4634,65.3687,192.2607,t008,FIJTB
2529720442,2714666,2,pelvis,swing,0.2245,1.5049,-0.6052,81.1157,59.4482,197.2046,t008,FIJTB
2529720445,2714681,2,pelvis,swing,0.1951,1.4633,-0.5530,71.1060,49.6216,196.9604,t008,FIJTB
2529720504,2714697,2,pelvis,swing,0.2860,1.3943,-0.4976,67.8711,45.4102,190.3076,t008,FIJTB
2529720504,2714713,2,pelvis,swing,0.1536,1.2452,-0.4292,61.0962,31.4941,187.3779,t008,FIJTB
2529720504,2714729,2,pelvis,swing,0.1106,1.2297,-0.3909,51.3306,7.6294,173.5840,t008,FIJTB
2529720557,2714744,2,pelvis,swing,0.2177,1.2572,-0.3831,45.3491,-0.8545,159.4238,t008,FIJTB
2529720559,2714760,2,pelvis,swing,0.2251,1.2426,-0.3551,35.3394,-6.0425,144.7754,t008,FIJTB
2529720560,2714776,2,pelvis,swing,0.1754,1.1658,-0.2366,31.4941,-4.1504,138.6108,t008,FIJTB
2529720561,2714792,2,pelvis,swing,0.1729,1.1227,-0.1361,27.5879,7.2632,116.8823,t008,FIJTB
2529720616,2714808,2,pelvis,swing,0.1555,1.0995,-0.1052,28.0151,22.6440,96.2524,t008,FIJTB
2529720616,2714823,2,pelvis,swing,0.1217,1.0376,-0.1136,26.6724,30.8838,88.9893,t008,FIJTB
2529720617,2714839,2,pelvis,swing,0.1366,1.0276,-0.1309,20.9961,51.1475,81.0547,t008,FIJTB
2529720668,2714855,2,pelvis,swing,0.0864,0.9731,-0.1715,16.8457,60.5469,68.3594,t008,FIJTB
2529720670,2714871,2,pelvis,swing,0.1091,0.9192,-0.2716,12.1460,59.0210,56.7627,t008,FIJTB
2529720671,2714887,2,pelvis,swing,0.1619,0.9111,-0.3135,-0.3052,52.1240,39.7339,t008,FIJTB
2529720671,2714903,2,pelvis,swing,0.1650,0.8740,-0.2913,-6.7749,44.5557,34.1797,t008,FIJTB
2529720726,2714919,2,pelvis,swing,0.1796,0.8917,-0.2944,-19.4702,27.5269,10.3760,t008,FIJTB
2529720726,2714935,2,pelvis,swing,0.2306,0.9463,-0.3527,-29.7241,14.2822,-16.7847,t008,FIJTB
2529720727,2714951,2,pelvis,swing,-0.0055,1.0677,-0.3763,-37.7197,7.5684,-24.0478,t008,FIJTB
2529720779,2714967,2,pelvis,swing,-0.0560,1.3022,-0.2737,-39.0015,25.8789,-34.9121,t008,FIJTB
2529720779,2714983,2,pelvis,swing,-0.0873,0.8724,0.3840,-16.2354,48.8892,-69.2139,t008,FIJTB
2529720781,2714999,2,pelvis,swing,-1.3584,0.8722,0.4600,-23.0103,31.9214,-75.9277,t008,FIJTB
2529720782,2715015,2,pelvis,swing,-1.1783,1.4564,0.3000,-87.4023,24.2310,-96.1914,t008,FIJTB
2529720837,2715031,2,pelvis,swing,0.4452,1.9058,-0.0471,-86.8530,34.8511,-162.2925,t008,FIJTB
2529720838,2715047,2,pelvis,swing,0.2424,1.2120,-0.0608,-56.2744,44.9219,-146.0571,t008,FIJTB
2529720838,2715063,2,pelvis,swing,-0.7943,0.5859,0.0660,-133.6670,50.1099,-94.7266,t008,FIJTB
2529720890,2715079,2,pelvis,loading,-0.0356,1.1289,0.0089,-112.6709,66.7114,-111.5112,t008,FIJTB
2529720891,2715095,2,pelvis,loading,0.2328,1.1078,-0.0361,57.8003,73.4253,-83.7402,t008,FIJTB
2529720891,2715111,2,pelvis,loading,0.0591,0.8358,-0.2775,66.5894,39.4287,-57.8003,t008,FIJTB
2529720891,2715126,2,pelvis,loading,-0.0918,1.0044,-0.0002,-10.3149,-10.1929,-36.4990,t008,FIJTB
2529720954,2715143,2,pelvis,loading,-0.1393,1.0593,0.0232,-26.7334,-22.3999,-21.7895,t008,FIJTB
2529720954,2715159,2,pelvis,loading,-0.2061,0.9518,0.0146,-26.4282,-24.4141,-23.2544,t008,FIJTB
2529720954,2715175,2,pelvis,loading,-0.2004,0.9437,0.0159,-25.8179,-16.2964,-22.5220,t008,FIJTB
2529720955,2715191,2,pelvis,loading,-0.1858,0.9835,-0.0411,-17.6392,-8.7891,-15.3198,t008,FIJTB
2529721011,2715207,2,pelvis,loading,-0.2207,1.0143,-0.0463,-17.2729,-7.9956,-9.7656,t008,FIJTB
2529721012,2715223,2,pelvis,loading,-0.2327,1.0265,-0.0378,-24.4751,-1.9531,-11.2305,t008,FIJTB
2529721012,2715239,2,pelvis,loading,-0.2181,0.9451,-0.0668,-21.6064,-2.3193,-13.6108,t008,FIJTB
2529721070,2715255,2,pelvis,loading,-0.2025,0.9475,-0.0725,-19.0430,-10.0098,-9.9487,t008,FIJTB
2529721071,2715271,2,pelvis,loading,-0.1948,0.9728,-0.0702,-17.4561,-15.4419,-5.9814,t008,FIJTB
2529721071,2715288,2,pelvis,loading,-0.2153,0.9508,-0.0356,-15.3198,-15.2588,-6.3477,t008,FIJTB
2529721071,2715304,2,pelvis,loading,-0.1953,0.9679,-0.0566,-6.6528,-17.0898,-8.9111,t008,FIJTB
2529721125,2715320,2,pelvis,loading,-0.1929,1.0021,-0.0494,-14.8926,-21.7895,-7.9956,t008,FIJTB
2529721126,2715336,2,pelvis,loading,-0.2240,0.9750,-0.0481,-17.8223,-23.6206,-8.1177,t008,FIJTB
2529721127,2715353,2,pelvis,loading,-0.2329,0.9270,-0.0741,-19.8364,-22.0337,-12.2070,t008,FIJTB
2529721185,2715369,2,pelvis,loading,-0.2229,0.9668,-0.0779,-23.1323,-18.0054,-15.9302,t008,FIJTB
2529721185,2715385,2,pelvis,loading,-0.2209,0.9774,-0.0719,-21.7895,-15.6250,-18.3105,t008,FIJTB
2529721186,2715401,2,pelvis,loading,-0.2219,0.9495,-0.0812,-16.5405,-13.2446,-24.5972,t008,FIJTB
2529721186,2715417,2,pelvis,loading,-0.1990,0.9613,-0.0991,-16.1133,-12.6343,-26.3672,t008,FIJTB
2529721241,2715433,2,pelvis,loading,-0.1504,0.9608,-0.1011,-15.8691,-10.9253,-28.3813,t008,FIJTB
2529721242,2715450,2,pelvis,loading,-0.1389,0.9633,-0.1024,-16.3574,-11.7798,-26.8555,t008,FIJTB
2529721242,2715466,2,pelvis,loading,-0.1388,0.9604,-0.0918,-16.2354,-12.8784,-25.4517,t008,FIJTB
2529721299,2715482,2,pelvis,loading,-0.1292,0.9462,-0.1053,-15.1367,-12.9395,-23.6816,t008,FIJTB
2529721300,2715498,2,pelvis,loading,-0.1248,0.9648,-0.0961,-15.3198,-12.9395,-21.0571,t008,FIJTB
2529721301,2715514,2,pelvis,loading,-0.1608,0.9955,-0.0935,-10.6201,-7.8125,-26.3062,t008,FIJTB
2529721301,2715530,2,pelvis,loading,-0.1211,0.9606,-0.1085,-4.5166,-4.7607,-39.0015,t008,FIJTB
2529721357,2715546,2,pelvis,loading,-0.1270,0.9634,-0.1101,-15.9912,-10.1929,-37.4146,t008,FIJTB
2529721358,2715562,2,pelvis,loading,-0.1526,0.9640,-0.0823,-17.7612,-8.3008,-38.9404,t008,FIJTB
2529721386,2715579,2,pelvis,loading,-0.1179,0.9708,-0.0916,-17.3950,-1.2207,-44.6777,t008,FIJTB
2529721414,2715595,2,pelvis,loading,-0.1116,0.9871,-0.1318,-18.5547,-0.1831,-46.5088,t008,FIJTB
2529721415,2715611,2,pelvis,loading,-0.1127,0.9763,-0.1589,-18.1885,0.3052,-52.4292,t008,FIJTB
2529721415,2715627,2,pelvis,loading,-0.0768,0.9780,-0.1497,-18.0054,1.0986,-59.2651,t008,FIJTB
2529721416,2715643,2,pelvis,loading,-0.0385,0.9854,-0.1519,-20.6909,0.6714,-61.6455,t008,FIJTB
2529721472,2715659,2,pelvis,loading,-0.0391,1.0095,-0.1599,-26.3672,-0.9766,-60.5469,t008,FIJTB
2529721473,2715675,2,pelvis,loading,-0.0364,1.0200,-0.1609,-32.6538,-1.8921,-53.8940,t008,FIJTB
2529721508,2715691,2,pelvis,loading,0.0082,1.0078,-0.1422,-34.4238,-2.3193,-53.8940,t008,FIJTB
2529721529,2715707,2,pelvis,loading,0.0559,1.0076,-0.1407,-36.0107,-1.8921,-53.9551,t008,FIJTB
2529721529,2715723,2,pelvis,loading,0.0474,1.0120,-0.1896,-37.4756,-4.3335,-53.1006,t008,FIJTB
2529721530,2715739,2,pelvis,loading,0.0181,1.0251,-0.2129,-37.9028,-5.9814,-54.0771,t008,FIJTB
2529721530,2715755,2,pelvis,loading,-0.0037,1.0205,-0.2201,-36.8042,-7.5073,-58.9600,t008,FIJTB
2529721586,2715771,2,pelvis,loading,0.0416,1.0135,-0.2233,-35.9497,-7.9346,-62.1338,t008,FIJTB
2529721587,2715787,2,pelvis,loading,0.0930,1.0608,-0.2028,-38.1470,-11.0474,-66.4063,t008,FIJTB
2529721587,2715803,2,pelvis,loading,0.1060,1.0992,-0.1886,-40.0391,-15.6250,-75.1953,t008,FIJTB
2529721644,2715819,2,pelvis,loading,0.0830,1.1085,-0.1964,-39.9780,-16.9067,-83.9844,t008,FIJTB
2529721645,2715835,2,pelvis,loading,0.0842,1.0958,-0.2015,-41.5039,-21.3623,-99.1211,t008,FIJTB
2529721645,2715851,2,pelvis,terminal,0.1473,1.1743,-0.1710,-49.8657,-30.2734,-107.3608,t008,FIJTB
2529721645,2715867,2,pelvis,terminal,0.0636,1.2745,-0.1597,-52.4902,-36.4990,-113.4643,t008,FIJTB
2529721684,2715884,2,pelvis,terminal,0.0438,1.2899,-0.1383,-56.3354,-54.9927,-116.6382,t008,FIJTB
2529721700,2715900,2,pelvis,terminal,0.0922,1.2925,-0.0352,-65.3076,-65.6738,-117.9809,t008,FIJTB
2529721702,2715916,2,pelvis,terminal,0.0667,1.3444,0.0325,-91.1255,-91.7969,-130.6763,t008,FIJTB
2529721702,2715932,2,pelvis,terminal,0.0503,1.3550,0.1027,-99.1211,-122.6196,-142.2729,t008,FIJTB
2529721760,2715948,2,pelvis,terminal,0.2123,1.3164,0.2576,-92.2851,-135.3149,-150.3296,t008,FIJTB
2529721761,2715964,2,pelvis,terminal,0.3767,1.3563,-0.0355,-72.3877,-146.7285,-177.3071,t008,FIJTB
2529721761,2715981,2,pelvis,terminal,0.3181,1.3700,-0.2058,-76.1719,-103.3325,-178.6499,t008,FIJTB
2529721762,2715997,2,pelvis,terminal,0.1141,1.3361,-0.3042,-79.5898,-73.6694,-173.7671,t008,FIJTB
2529721815,2716013,2,pelvis,terminal,0.0579,1.2579,-0.4374,-82.0312,-54.0161,-151.9775,t008,FIJTB
2529721816,2716029,2,pelvis,terminal,0.2384,1.2231,-0.4094,-81.4819,-54.0161,-138.2446,t008,FIJTB
2529721816,2716045,2,pelvis,terminal,0.4008,1.0947,-0.4208,-57.2510,-53.0395,-97.9614,t008,FIJTB
2529721874,2716061,2,pelvis,terminal,0.2185,0.9373,-0.4634,-40.0391,-62.8662,-31.4331,t008,FIJTB
2529721875,2716077,2,pelvis,terminal,-0.2720,0.5043,-0.2942,-34.8511,-58.9600,-12.5732,t008,FIJTB
2529721875,2716093,2,pelvis,terminal,-0.3082,0.2231,-0.4218,-2.6855,-16.5405,-9.1553,t008,FIJTB
2529721875,2716109,2,pelvis,terminal,-0.2396,0.4453,-0.2643,-3.6621,36.5601,71.2280,t008,FIJTB
2529721928,2716125,2,pelvis,terminal,-0.2832,0.5746,0.0455,5.1880,36.1328,128.5400,t008,FIJTB
2529721928,2716141,2,pelvis,terminal,-0.2853,0.4146,0.0536,42.0532,14.9536,186.8286,t008,FIJTB
2529721930,2716157,2,pelvis,terminal,-0.1797,0.3668,0.0952,61.0352,11.2305,191.1011,t008,FIJTB
2529721988,2716173,2,pelvis,terminal,-0.1694,0.5354,0.1355,82.2143,7.5073,203.9795,t008,FIJTB
2529721989,2716189,2,pelvis,terminal,-0.2146,0.5823,0.1562,90.9424,-6.3477,229.6753,t008,FIJTB
2529721989,2716205,2,pelvis,terminal,-0.2362,0.7313,0.1639,97.1069,-4.4556,238.4033,t008,FIJTB
2529721989,2716221,2,pelvis,terminal,-0.1102,0.7977,0.1104,118.5913,13.7939,248.8403,t008,FIJTB
2529722044,2716236,2,pelvis,terminal,-0.1276,0.8661,0.0651,118.7134,25.6348,256.5918,t008,FIJTB
2529722044,2716252,2,pelvis,terminal,-0.2354,1.1062,-0.0940,108.9477,35.3394,258.9722,t008,FIJTB
2529722045,2716268,2,pelvis,terminal,-0.1545,1.2866,-0.1863,92.6514,69.7021,253.1128,t008,FIJTB
2529722101,2716284,2,pelvis,terminal,0.0411,1.5355,-0.3308,92.9565,82.6416,247.2534,t008,FIJTB
2529722101,2716300,2,pelvis,terminal,0.1465,1.6082,-0.4426,96.0083,76.8433,235.2295,t008,FIJTB
2529722102,2716316,2,pelvis,terminal,0.1945,1.6429,-0.4916,86.7309,48.9502,220.3979,t008,FIJTB
2529722102,2716331,2,pelvis,terminal,0.3488,1.6948,-0.5372,81.7871,37.1094,215.0268,t008,FIJTB
2529722156,2716347,2,pelvis,terminal,0.3245,1.6450,-0.5176,75.0122,16.7236,212.5244,t008,FIJTB
2529722157,2716363,2,pelvis,terminal,0.2695,1.5010,-0.4708,71.6553,9.2773,209.8999,t008,FIJTB
2529722157,2716379,2,pelvis,terminal,0.2209,1.3746,-0.3925,64.5752,3.0518,203.5522,t008,FIJTB
2529722175,2716395,2,pelvis,terminal,0.1624,1.3134,-0.3615,58.4106,-0.3662,193.1152,t008,FIJTB
2529722212,2716410,2,pelvis,terminal,0.0929,1.2065,-0.3198,53.1006,-2.0142,185.9131,t008,FIJTB
2529722212,2716426,2,pelvis,terminal,0.0870,1.1875,-0.2732,41.6870,-5.0049,174.1943,t008,FIJTB
2529722213,2716442,2,pelvis,terminal,0.0914,1.1841,-0.1655,37.9639,-4.7607,166.1377,t008,FIJTB
2529722264,2716458,2,pelvis,terminal,0.0668,1.1681,-0.0829,32.8979,10.1929,148.3765,t008,FIJTB
2529722267,2716474,2,pelvis,terminal,0.0519,1.1436,-0.0667,27.4048,40.3442,131.2866,t008,FIJTB
2529722267,2716490,2,pelvis,terminal,0.0686,1.0895,-0.1373,23.0713,55.1147,122.1313,t008,FIJTB
2529722315,2716505,2,pelvis,terminal,0.0946,1.0800,-0.2240,11.5967,83.3130,103.3935,t008,FIJTB
2529722322,2716521,2,pelvis,terminal,0.1853,1.0226,-0.3374,8.6060,94.7266,90.6372,t008,FIJTB
2529722323,2716537,2,pelvis,terminal,0.2798,0.9471,-0.4064,4.3335,98.1445,54.4434,t008,FIJTB
2529722323,2716553,2,pelvis,terminal,0.2979,0.9580,-0.4263,-7.5073,78.6743,21.3013,t008,FIJTB
2529722375,2716568,2,pelvis,terminal,0.3026,0.9567,-0.4442,-14.4653,66.4063,6.8970,t008,FIJTB
2529722375,2716584,2,pelvis,terminal,0.2859,0.9283,-0.4392,-30.2124,42.7246,-18.4937,t008,FIJTB
2529722376,2716600,2,pelvis,swing,0.2268,0.8717,-0.3939,-38.4521,31.4941,-30.0293,t008,FIJTB
2529722380,2716616,2,pelvis,swing,0.1935,0.9172,-0.3530,-52.9175,12.8784,-55.5420,t008,FIJTB
2529722437,2716632,2,pelvis,swing,0.0643,0.9777,-0.2168,-58.7158,1.8921,-63.7207,t008,FIJTB
2529722438,2716648,2,pelvis,swing,-0.9708,1.0585,0.6232,-43.3960,1.8311,-38.3301,t008,FIJTB
2529722438,2716664,2,pelvis,swing,-1.3878,0.8269,0.8195,-2.8076,22.3389,-4.6997,t008,FIJTB
2529722490,2716680,2,pelvis,swing,-0.8903,0.6135,0.2990,-66.2842,45.4102,-78.0640,t008,FIJTB
2529722491,2716696,2,pelvis,swing,-0.0879,1.8055,0.1919,-92.1631,43.2739,-88.0737,t008,FIJTB
2529722494,2716712,2,pelvis,swing,0.0438,1.9534,0.1639,-62.5610,-2.4414,-126.5869,t008,FIJTB
2529722494,2716728,2,pelvis,swing,-0.2043,1.0438,-0.0597,-44.2505,-9.2773,-143.7378,t008,FIJTB
2529722550,2716745,2,pelvis,swing,-0.3917,0.9254,-0.1255,-86.9141,12.0239,-98.3276,t008,FIJTB
2529722550,2716761,2,pelvis,swing,-0.2885,1.0039,-0.0696,-102.6611,27.4658,-82.5195,t008,FIJTB
2529722550,2716777,2,pelvis,swing,-0.1490,0.9915,-0.1713,-86.5478,21.2402,-79.5288,t008,FIJTB
2529722606,2716793,2,pelvis,swing,-0.2002,0.9976,-0.2760,-93.0176,-0.4272,-39.0015,t008,FIJTB
2529722606,2716809,2,pelvis,swing,-0.2042,1.0183,-0.1971,-98.0225,-6.0425,-19.4702,t008,FIJTB
2529722606,2716826,2,pelvis,swing,-0.2667,0.9630,-0.1683,-84.2285,-8.0566,-22.2778,t008,FIJTB
2529722607,2716842,2,pelvis,swing,-0.2981,0.9207,-0.1610,-71.5942,-1.3428,-23.6206,t008,FIJTB
2529722663,2716858,2,pelvis,swing,-0.2915,0.9341,-0.1536,-75.8667,6.0425,-26.5503,t008,FIJTB
2529722663,2716875,2,pelvis,swing,-0.2632,0.9532,-0.1726,-74.7681,7.4463,-29.4189,t008,FIJTB
2529722664,2716891,2,pelvis,swing,-0.2582,0.9507,-0.1622,-59.2041,7.5684,-26.5503,t008,FIJTB
2529722718,2716907,2,pelvis,swing,-0.2754,0.9436,-0.1968,-46.6309,1.5259,-24.2920,t008,FIJTB
2529722720,2716923,2,pelvis,swing,-0.2765,0.9207,-0.2340,-40.3442,-1.2207,-23.7427,t008,FIJTB
2529722721,2716939,2,pelvis,swing,-0.2571,0.9235,-0.2336,-31.9824,-6.4087,-21.9116,t008,FIJTB
2529722721,2716955,2,pelvis,swing,-0.2745,0.9174,-0.2268,-28.8696,-9.7656,-19.1040,t008,FIJTB
2529722778,2716971,2,pelvis,swing,-0.2469,0.9264,-0.2042,-25.0244,-15.8691,-14.7095,t008,FIJTB
2529722779,2716988,2,pelvis,swing,-0.2523,0.9258,-0.2020,-27.5879,-22.2168,-8.4229,t008,FIJTB
2529722779,2717004,2,pelvis,swing,-0.2604,0.9226,-0.2264,-30.0293,-25.4517,-6.4087,t008,FIJTB
2529722833,2717020,2,pelvis,swing,-0.3015,0.9081,-0.2491,-32.7759,-28.1982,-8.4839,t008,FIJTB
2529722836,2717036,2,pelvis,swing,-0.3181,0.8993,-0.2653,-36.7432,-28.6865,-18.4326,t008,FIJTB
2529722836,2717052,2,pelvis,swing,-0.2841,0.8979,-0.2919,-38.6353,-28.7476,-24.2310,t008,FIJTB
2529722836,2717068,2,pelvis,swing,-0.2461,0.9020,-0.2919,-38.2690,-27.9541,-31.1279,t008,FIJTB
2529722893,2717084,2,pelvis,swing,-0.2223,0.9109,-0.2902,-37.2925,-27.6489,-32.7148,t008,FIJTB
2529722893,2717101,2,pelvis,swing,-0.2172,0.9167,-0.3018,-35.5835,-28.6255,-34.2407,t008,FIJTB
2529722894,2717117,2,pelvis,swing,-0.2184,0.9103,-0.3107,-36.4380,-28.2593,-37.5977,t008,FIJTB
2529722947,2717133,2,pelvis,swing,-0.1935,0.8933,-0.3164,-38.2080,-26.7944,-41.2598,t008,FIJTB
2529722949,2717149,2,pelvis,swing,-0.1498,0.9012,-0.3453,-36.0718,-24.1699,-41.0156,t008,FIJTB
2529722950,2717165,2,pelvis,swing,-0.1519,0.9021,-0.3486,-31.9824,-24.5972,-35.1563,t008,FIJTB
2529722950,2717182,2,pelvis,swing,-0.1559,0.9117,-0.3544,-30.9448,-25.3906,-33.2642,t008,FIJTB
2529723007,2717198,2,pelvis,swing,-0.1708,0.9178,-0.3506,-28.7476,-24.3530,-36.3159,t008,FIJTB
2529723008,2717214,2,pelvis,swing,-0.1602,0.8982,-0.3500,-29.2358,-21.8506,-41.9922,t008,FIJTB
2529723008,2717230,2,pelvis,swing,-0.1012,0.9063,-0.3549,-31.0669,-21.3623,-42.4194,t008,FIJTB
2529723062,2717246,2,pelvis,swing,-0.0876,0.9138,-0.3918,-33.5083,-19.9585,-44.8608,t008,FIJTB
2529723064,2717262,2,pelvis,loading,-0.0885,0.9041,-0.4147,-32.7759,-20.8740,-49.5605,t008,FIJTB
2529723065,2717278,2,pelvis,loading,-0.1056,0.8899,-0.4438,-31.2500,-22.2168,-50.4150,t008,FIJTB
2529723066,2717295,2,pelvis,loading,-0.1089,0.8916,-0.4464,-29.1138,-24.5361,-52.0019,t008,FIJTB
2529723122,2717311,2,pelvis,loading,-0.0739,0.9189,-0.4220,-29.6631,-25.1465,-52.7954,t008,FIJTB
2529723122,2717327,2,pelvis,loading,-0.0458,0.9307,-0.4237,-30.7007,-24.9634,-52.7954,t008,FIJTB
2529723123,2717343,2,pelvis,loading,-0.0358,0.9313,-0.4321,-31.3110,-24.1699,-51.1475,t008,FIJTB
2529723143,2717360,2,pelvis,loading,-0.0134,0.9374,-0.4382,-31.6772,-23.6816,-50.5371,t008,FIJTB
2529723177,2717376,2,pelvis,loading,0.0104,0.9238,-0.4569,-31.4331,-23.3765,-49.9878,t008,FIJTB
2529723178,2717392,2,pelvis,loading,-0.0046,0.9229,-0.4792,-28.8086,-24.9634,-50.8423,t008,FIJTB
2529723178,2717408,2,pelvis,loading,-0.0153,0.9214,-0.4907,-26.6724,-25.8179,-52.3682,t008,FIJTB
2529723227,2717424,2,pelvis,loading,0.0315,0.9048,-0.4832,-22.0947,-26.0010,-55.9082,t008,FIJTB
2529723235,2717441,2,pelvis,loading,0.0332,0.9130,-0.4855,-18.1274,-26.9775,-55.3589,t008,FIJTB
2529723235,2717457,2,pelvis,loading,0.0066,0.9606,-0.4875,-16.7847,-28.0151,-55.7251,t008,FIJTB
2529723289,2717473,2,pelvis,loading,0.0100,0.9829,-0.4745,-14.9536,-29.2969,-61.5234,t008,FIJTB
2529723291,2717489,2,pelvis,loading,0.0400,1.0070,-0.4340,-7.2021,-25.3296,-69.5801,t008,FIJTB
2529723291,2717505,2,pelvis,loading,-0.0222,1.0758,-0.4166,1.6479,-20.1416,-74.7681,t008,FIJTB
2529723292,2717521,2,pelvis,loading,0.0002,1.0995,-0.3976,30.9448,-9.5825,-85.3882,t008,FIJTB
2529723349,2717537,2,pelvis,loading,-0.0840,1.3311,-0.2714,55.1758,-8.3008,-84.5947,t008,FIJTB
2529723349,2717553,2,pelvis,loading,0.0378,1.4257,-0.4043,196.9604,-14.4043,-113.5254,t008,FIJTB
2529723349,2717569,2,pelvis,loading,0.1350,1.3943,-0.5302,46.9971,-94.9097,-198.6694,t008,FIJTB
2529723389,2717585,2,pelvis,loading,0.1433,1.5117,0.0295,-67.5659,-117.1875,-174.7436,t008,FIJTB
2529723402,2717601,2,pelvis,loading,0.0665,1.4690,0.1365,-75.3174,-150.2075,-143.7988,t008,FIJTB
2529723403,2717617,2,pelvis,loading,0.0724,1.2623,0.0496,-45.0439,-165.5273,-159.4238,t008,FIJTB
2529723404,2717633,2,pelvis,loading,0.2568,1.1952,-0.3437,-51.7578,-160.4004,-178.2226,t008,FIJTB
2529723461,2717649,2,pelvis,loading,0.3595,1.3192,-0.3745,-86.5478,-110.4126,-154.0527,t008,FIJTB
2529723462,2717665,2,pelvis,loading,0.5028,1.3898,-0.2139,-75.9888,-92.4683,-136.9019,t008,FIJTB
2529723462,2717681,2,pelvis,loading,0.4231,0.9762,-0.5485,-44.4946,-103.4546,-116.5161,t008,FIJTB
2529723514,2717697,2,pelvis,loading,0.2832,0.9755,-0.7184,-62.8662,-139.5264,-81.7871,t008,FIJTB
2529723514,2717713,2,pelvis,midstance,-0.2317,0.8932,-0.6184,-60.4858,-139.3433,-57.7393,t008,FIJTB
2529723514,2717730,2,pelvis,midstance,-0.3718,0.2249,-0.2437,-22.0337,-91.6748,-43.0908,t008,FIJTB
2529723515,2717746,2,pelvis,midstance,-0.0916,0.2178,-0.2969,-10.3149,-6.5918,-0.5493,t008,FIJTB
2529723576,2717762,2,pelvis,midstance,-0.2007,0.7056,-0.0470,-16.9678,24.8413,71.0449,t008,FIJTB
2529723577,2717778,2,pelvis,midstance,-0.5625,0.5503,-0.0125,14.6484,18.9819,186.5234,t008,FIJTB
2529723577,2717794,2,pelvis,midstance,-0.7844,0.0576,0.0476,25.2075,12.4512,173.2178,t008,FIJTB
2529723578,2717810,2,pelvis,midstance,-0.2698,0.4059,0.0419,14.5874,44.2505,92.1020,t008,FIJTB
2529723632,2717825,2,pelvis,midstance,-0.0621,0.6587,0.0437,65.0024,56.3965,156.0669,t008,FIJTB
2529723634,2717841,2,pelvis,midstance,-0.0153,0.6438,0.1576,87.0361,43.6401,202.2095,t008,FIJTB
2529723634,2717857,2,pelvis,midstance,-0.1183,0.6102,0.1635,105.0415,12.8784,229.2480,t008,FIJTB
2529723656,2717873,2,pelvis,midstance,-0.2194,0.7080,0.0709,114.1357,0.9155,224.2431,t008,FIJTB
2529723690,2717889,2,pelvis,midstance,-0.0547,0.9055,-0.1290,112.8540,0.2441,216.6138,t008,FIJTB
2529723691,2717905,2,pelvis,midstance,-0.0280,1.0367,-0.2251,92.1631,26.3062,239.1968,t008,FIJTB
2529723691,2717921,2,pelvis,midstance,-0.0778,1.1993,-0.2404,92.7124,35.3394,251.0376,t008,FIJTB
2529723742,2717936,2,pelvis,midstance,-0.0277,1.3003,-0.2396,94.0552,33.0811,249.5117,t008,FIJTB
2529723743,2717952,2,pelvis,midstance,0.1317,1.5071,-0.3284,86.7309,25.7568,236.1450,t008,FIJTB
2529723744,2717968,2,pelvis,midstance,0.2058,1.6870,-0.4479,80.0171,25.9399,233.7036,t008,FIJTB
2529723799,2717984,2,pelvis,midstance,0.2233,1.6892,-0.4387,66.6504,35.2173,237.0605,t008,FIJTB
2529723799,2718000,2,pelvis,midstance,0.3352,1.6615,-0.3914,63.5376,38.2080,232.4219,t008,FIJTB
2529723800,2718016,2,pelvis,midstance,0.2991,1.5342,-0.3877,54.5044,39.0015,221.3745,t008,FIJTB
2529723801,2718032,2,pelvis,midstance,0.2513,1.4857,-0.3875,44.2505,44.5557,206.4209,t008,FIJTB
2529723851,2718048,2,pelvis,midstance,0.2061,1.3918,-0.3505,42.2974,51.3916,195.6177,t008,FIJTB
2529723853,2718064,2,pelvis,midstance,0.1951,1.3083,-0.3085,40.7104,60.4248,174.5605,t008,FIJTB
2529723853,2718080,2,pelvis,midstance,0.1431,1.2411,-0.2397,39.4897,59.6313,165.9546,t008,FIJTB
2529723908,2718095,2,pelvis,midstance,0.1427,1.2273,-0.2119,36.7432,59.9365,145.7520,t008,FIJTB
2529723908,2718111,2,pelvis,midstance,0.1631,1.2025,-0.1735,35.4004,71.1060,128.2349,t008,FIJTB
2529723908,2718127,2,pelvis,midstance,0.1744,1.1261,-0.1106,34.6680,75.9277,120.9717,t008,FIJTB
2529723908,2718143,2,pelvis,midstance,0.1688,1.0967,-0.1239,27.0996,79.2847,104.9805,t008,FIJTB
2529723961,2718159,2,pelvis,midstance,0.1863,1.0923,-0.2393,20.6909,80.2612,96.4966,t008,FIJTB
2529723961,2718175,2,pelvis,midstance,0.2366,1.0428,-0.3240,8.6670,84.4116,75.3174,t008,FIJTB
2529723962,2718191,2,pelvis,midstance,0.2678,0.9978,-0.3339,-0.6104,81.8481,44.0063,t008,FIJTB
2529724017,2718207,2,pelvis,midstance,0.3469,0.9581,-0.3369,-5.1880,75.3784,27.4048,t008,FIJTB
2529724018,2718223,2,pelvis,midstance,0.3593,0.9556,-0.3350,-13.3667,56.3965,-2.2583,t008,FIJTB
2529724018,2718239,2,pelvis,midstance,0.3262,0.9160,-0.3267,-23.8647,43.3960,-28.7476,t008,FIJTB
2529724019,2718255,2,pelvis,terminal,0.2566,0.9008,-0.3279,-31.4331,38.0859,-41.3208,t008,FIJTB
2529724071,2718270,2,pelvis,terminal,0.0477,1.1086,-0.3075,-39.7949,28.2593,-51.0254,t008,FIJTB
2529724071,2718286,2,pelvis,terminal,-0.4015,0.9658,0.1417,-17.8833,28.0762,-40.4053,t008,FIJTB
2529724071,2718303,2,pelvis,terminal,-1.0052,0.5186,0.3401,0.7324,0.0000,-59.6924,t008,FIJTB
2529724123,2718318,2,pelvis,terminal,-1.0417,0.6536,0.2426,-44.9219,-19.1040,-64.2090,t008,FIJTB
2529724131,2718334,2,pelvis,terminal,-0.4421,1.6101,0.1573,-66.8335,-10.8032,-70.0684,t008,FIJTB
2529724131,2718351,2,pelvis,terminal,-0.1764,1.8182,0.0629,-83.4351,5.7373,-111.1450,t008,FIJTB
2529724131,2718367,2,pelvis,terminal,-0.0806,1.0911,0.0494,-89.3555,15.6250,-120.4834,t008,FIJTB
2529724185,2718383,2,pelvis,terminal,-0.2562,0.8429,0.1133,-97.4121,14.7095,-101.6235,t008,FIJTB
2529724186,2718399,2,pelvis,terminal,-0.1635,1.0192,-0.0134,-90.7593,9.9487,-80.0781,t008,FIJTB
2529724186,2718415,2,pelvis,terminal,-0.0929,1.0867,-0.2306,-70.8008,3.8452,-73.4863,t008,FIJTB
2529724242,2718431,2,pelvis,terminal,-0.3275,0.9738,-0.3101,-56.8848,-7.7515,-45.4712,t008,FIJTB
2529724243,2718447,2,pelvis,terminal,-0.2815,0.9827,-0.2322,-76.2939,-3.7842,-35.4614,t008,FIJTB
2529724243,2718463,2,pelvis,terminal,-0.1311,1.0168,-0.1630,-72.1436,-2.5024,-36.9263,t008,FIJTB
2529724250,2718479,2,pelvis,terminal,-0.1924,0.9707,-0.2012,-68.8477,-5.0659,-25.7568,t008,FIJTB
2529724297,2718495,2,pelvis,terminal,-0.2727,0.9369,-0.1775,-81.0547,-5.1880,-20.5688,t008,FIJTB
2529724298,2718512,2,pelvis,terminal,-0.2931,0.9247,-0.1461,-79.2847,-3.6011,-26.7334,t008,FIJTB
2529724299,2718528,2,pelvis,terminal,-0.2740,0.9249,-0.1682,-72.3877,0.0000,-34.6680,t008,FIJTB
2529724356,2718544,2,pelvis,terminal,-0.2418,0.9351,-0.2140,-68.0542,0.6714,-35.0952,t008,FIJTB
2529724357,2718560,2,pelvis,terminal,-0.2179,0.9279,-0.2451,-56.9458,2.4414,-34.0576,t008,FIJTB
2529724357,2718576,2,pelvis,terminal,-0.1738,0.9471,-0.2355,-47.2412,2.6855,-29.9683,t008,FIJTB
2529724408,2718592,2,pelvis,terminal,-0.1827,0.9430,-0.2292,-40.8325,0.0000,-25.3906,t008,FIJTB
2529724409,2718608,2,pelvis,swing,-0.2263,0.9323,-0.2323,-34.3018,-6.0425,-18.4937,t008,FIJTB
2529724410,2718624,2,pelvis,swing,-0.2103,0.9391,-0.2368,-32.4097,-8.0566,-18.0054,t008,FIJTB
2529724410,2718640,2,pelvis,swing,-0.1844,0.9355,-0.2495,-30.1514,-8.1787,-17.5171,t008,FIJTB
2529724469,2718657,2,pelvis,swing,-0.1921,0.9288,-0.2561,-26.4282,-8.5449,-15.1978,t008,FIJTB
2529724470,2718673,2,pelvis,swing,-0.2113,0.9247,-0.2678,-24.2310,-11.9019,-13.4277,t008,FIJTB
2529724470,2718689,2,pelvis,swing,-0.1974,0.9158,-0.2848,-22.9492,-13.8550,-13.1836,t008,FIJTB
2529724471,2718705,2,pelvis,swing,-0.2002,0.9133,-0.2816,-21.5454,-15.6250,-13.4277,t008,FIJTB
2529724525,2718722,2,pelvis,swing,-0.2002,0.9147,-0.2830,-21.4844,-18.0054,-15.0757,t008,FIJTB
2529724526,2718738,2,pelvis,swing,-0.1670,0.9194,-0.2820,-20.0806,-19.8975,-15.1367,t008,FIJTB
2529724526,2718754,2,pelvis,swing,-0.1512,0.9248,-0.2797,-16.6626,-21.8506,-14.2822,t008,FIJTB
2529724581,2718770,2,pelvis,swing,-0.1703,0.9318,-0.2969,-16.1133,-21.3013,-14.4653,t008,FIJTB
2529724582,2718786,2,pelvis,swing,-0.1653,0.9344,-0.3025,-19.2261,-18.9819,-18.6768,t008,FIJTB
2529724583,2718803,2,pelvis,swing,-0.1556,0.9331,-0.3008,-22.9492,-19.9585,-21.7285,t008,FIJTB
2529724629,2718819,2,pelvis,swing,-0.1805,0.9377,-0.3037,-21.4233,-20.5078,-23.3154,t008,FIJTB
2529724634,2718835,2,pelvis,swing,-0.1338,0.9143,-0.3090,-17.8833,-19.7754,-30.5176,t008,FIJTB
2529724636,2718851,2,pelvis,swing,-0.1278,0.9147,-0.3203,-22.3999,-21.1792,-30.0293,t008,FIJTB
2529724637,2718868,2,pelvis,swing,-0.1503,0.9216,-0.3424,-24.5361,-21.7285,-30.3345,t008,FIJTB
2529724692,2718884,2,pelvis,swing,-0.1383,0.9211,-0.3455,-26.6113,-23.3154,-36.1328,t008,FIJTB
2529724693,2718900,2,pelvis,swing,-0.1343,0.9165,-0.3492,-28.9917,-24.5972,-44.6167,t008,FIJTB
2529724693,2718916,2,pelvis,swing,-0.0937,0.9136,-0.3546,-31.1279,-24.5972,-48.4619,t008,FIJTB
2529724745,2718932,2,pelvis,swing,-0.0804,0.9183,-0.3597,-33.2642,-24.5972,-51.4526,t008,FIJTB
2529724747,2718948,2,pelvis,swing,-0.0837,0.9285,-0.3722,-33.2642,-24.6582,-52.5513,t008,FIJTB
2529724748,2718964,2,pelvis,swing,-0.0382,0.9340,-0.3723,-33.5083,-23.6816,-56.5796,t008,FIJTB
2529724748,2718980,2,pelvis,swing,-0.0244,0.9336,-0.3856,-33.8745,-22.3999,-57.9224,t008,FIJTB
2529724802,2718996,2,pelvis,swing,-0.0328,0.9382,-0.4156,-33.2031,-22.3389,-57.3730,t008,FIJTB
2529724803,2719012,2,pelvis,swing,0.0178,0.9230,-0.4365,-31.1890,-22.5830,-56.5796,t008,FIJTB
2529724803,2719029,2,pelvis,swing,0.0397,0.9260,-0.4283,-30.6396,-24.6582,-56.4575,t008,FIJTB
2529724854,2719045,2,pelvis,swing,0.0312,0.9445,-0.4424,-30.2124,-25.6958,-56.0303,t008,FIJTB
2529724855,2719061,2,pelvis,loading,0.0188,0.9532,-0.4552,-27.0996,-27.1606,-55.7861,t008,FIJTB
2529724855,2719077,2,pelvis,loading,0.0280,0.9418,-0.4636,-25.1465,-27.7100,-56.5796,t008,FIJTB
2529724857,2719093,2,pelvis,loading,0.0485,0.9467,-0.4636,-22.8882,-29.1138,-59.3872,t008,FIJTB
2529724915,2719109,2,pelvis,loading,0.0469,0.9532,-0.4572,-21.9727,-29.7241,-58.5327,t008,FIJTB
2529724915,2719125,2,pelvis,loading,0.0767,0.9647,-0.4443,-21.0571,-29.3579,-58.1665,t008,FIJTB
2529724916,2719141,2,pelvis,loading,0.0842,0.9867,-0.4331,-14.4653,-27.2827,-59.8144,t008,FIJTB
2529724968,2719157,2,pelvis,loading,0.0839,0.9958,-0.4281,-6.4087,-23.2544,-66.5894,t008,FIJTB
2529724972,2719173,2,pelvis,loading,0.0704,1.0375,-0.4167,-2.5635,-21.7285,-69.0918,t008,FIJTB
2529724972,2719189,2,pelvis,loading,0.0447,1.0707,-0.3986,11.4136,-17.1509,-77.5146,t008,FIJTB
2529724972,2719205,2,pelvis,loading,-0.0239,1.1489,-0.3468,25.6958,-11.5967,-82.9468,t008,FIJTB
2529725026,2719221,2,pelvis,loading,-0.0388,1.3363,-0.2745,70.9229,-4.3945,-92.6514,t008,FIJTB
2529725027,2719237,2,pelvis,loading,0.0715,1.5099,-0.3146,135.0098,-42.2974,-142.3340,t008,FIJTB
2529725027,2719253,2,pelvis,loading,0.1907,1.4487,-0.3042,82.1533,-87.1582,-191.2231,t008,FIJTB
2529725078,2719269,2,pelvis,loading,0.2092,1.3646,0.1449,-46.2646,-143.9209,-182.5561,t008,FIJTB
2529725081,2719285,2,pelvis,loading,0.2021,1.3799,0.1744,-35.5835,-178.1006,-144.4092,t008,FIJTB
2529725081,2719301,2,pelvis,loading,0.0187,1.2379,-0.2822,-34.0576,-175.7202,-151.1841,t008,FIJTB
2529725135,2719317,2,pelvis,loading,-0.0933,1.1183,-0.5692,-82.3364,-108.5205,-142.8833,t008,FIJTB
2529725136,2719333,2,pelvis,loading,0.3972,1.2637,-0.6929,-75.6836,-19.1650,-120.2393,t008,FIJTB
2529725136,2719350,2,pelvis,loading,0.8132,1.1113,-0.6387,-50.8423,-16.6626,-106.9946,t008,FIJTB
2529725137,2719366,2,pelvis,loading,0.6176,0.9104,-0.6918,-32.8979,-85.6934,-25.4517,t008,FIJTB
2529725187,2719382,2,pelvis,loading,-0.1882,0.5005,-0.6591,-35.7666,-106.8115,9.5825,t008,FIJTB
2529725190,2719398,2,pelvis,loading,-0.8358,0.0403,-0.2870,-11.2915,-62.4390,-8.2397,t008,FIJTB
2529725190,2719414,2,pelvis,loading,-1.0220,0.2683,-0.0925,-20.0195,3.0518,49.1333,t008,FIJTB
2529725225,2719430,2,pelvis,loading,-0.5909,0.6128,0.2731,-14.7095,1.4038,109.4360,t008,FIJTB
2529725245,2719446,2,pelvis,loading,0.0636,0.4609,0.0806,25.4517,-13.6108,128.2349,t008,FIJTB
2529725245,2719462,2,pelvis,loading,0.0575,0.4749,0.0200,44.9219,-29.4189,136.6577,t008,FIJTB
2529725245,2719478,2,pelvis,loading,-0.3685,0.5740,0.1572,49.3774,-35.1563,164.5508,t008,FIJTB
2529725296,2719493,2,pelvis,midstance,-0.4740,0.6049,0.2355,67.9321,-33.3252,192.6269,t008,FIJTB
2529725296,2719509,2,pelvis,midstance,-0.1947,0.6747,0.2341,73.1812,-24.5972,190.7959,t008,FIJTB
2529725297,2719525,2,pelvis,midstance,-0.0226,0.9703,0.0671,64.0259,2.5635,211.4258,t008,FIJTB
2529725355,2719541,2,pelvis,midstance,-0.1226,1.0543,0.0256,62.5000,27.7710,230.5908,t008,FIJTB
2529725356,2719557,2,pelvis,midstance,-0.1803,1.1290,-0.0446,64.3921,42.3584,228.5766,t008,FIJTB
2529725356,2719572,2,pelvis,midstance,-0.0499,1.2417,-0.1062,65.7349,65.6738,219.1772,t008,FIJTB
2529725356,2719588,2,pelvis,midstance,0.0656,1.3557,-0.1903,67.1387,69.4580,218.3838,t008,FIJTB
2529725407,2719604,2,pelvis,midstance,0.1265,1.4360,-0.2690,67.9932,62.5610,214.2944,t008,FIJTB
2529725409,2719620,2,pelvis,midstance,0.1676,1.5175,-0.3177,66.5283,56.3965,211.0596,t008,FIJTB
2529725409,2719635,2,pelvis,midstance,0.2638,1.5715,-0.3512,65.7959,60.7300,211.9140,t008,FIJTB
2529725464,2719651,2,pelvis,midstance,0.2400,1.5103,-0.4086,64.3311,60.3638,208.8623,t008,FIJTB
2529725464,2719667,2,pelvis,midstance,0.0424,1.4075,-0.3835,60.4858,57.6172,210.3271,t008,FIJTB
2529725465,2719683,2,pelvis,midstance,0.1115,1.3167,-0.3342,57.3730,60.2417,199.0967,t008,FIJTB
2529725465,2719699,2,pelvis,midstance,0.0842,1.2633,-0.3442,55.4199,46.6919,186.9507,t008,FIJTB
2529725514,2719714,2,pelvis,midstance,-0.0109,1.1924,-0.3269,52.2461,38.0859,182.9223,t008,FIJTB
2529725516,2719730,2,pelvis,midstance,-0.0354,1.1763,-0.3090,47.5464,22.9492,170.2270,t008,FIJTB
2529725517,2719746,2,pelvis,midstance,-0.0923,1.1692,-0.2817,44.3115,15.0146,160.4614,t008,FIJTB
2529725571,2719762,2,pelvis,midstance,0.1066,1.2820,-0.2197,39.7339,8.6670,138.0615,t008,FIJTB
2529725571,2719778,2,pelvis,midstance,0.1572,1.2352,-0.1710,48.7061,7.9956,128.2959,t008,FIJTB
2529725572,2719794,2,pelvis,midstance,-0.0114,1.0652,-0.0801,46.4478,5.1880,127.5635,t008,FIJTB
2529725596,2719810,2,pelvis,midstance,-0.0217,1.0679,-0.0780,30.8228,7.5684,114.3799,t008,FIJTB
2529725621,2719826,2,pelvis,midstance,0.1062,1.0883,-0.1483,25.3296,14.2212,104.7974,t008,FIJTB
2529725623,2719841,2,pelvis,midstance,0.0957,1.0049,-0.2108,19.8364,27.2827,88.9282,t008,FIJTB
2529725624,2719857,2,pelvis,midstance,0.1018,0.9686,-0.2271,8.7280,33.6304,69.3359,t008,FIJTB
2529725678,2719873,2,pelvis,midstance,0.2733,1.0266,-0.2625,3.1128,37.7197,56.3354,t008,FIJTB
2529725678,2719889,2,pelvis,midstance,0.2506,1.0055,-0.2578,-1.2207,42.1753,36.4990,t008,FIJTB
2529725679,2719905,2,pelvis,midstance,0.1385,0.9127,-0.2543,-7.0190,41.6260,23.9258,t008,FIJTB
2529725729,2719921,2,pelvis,midstance,0.2531,0.9354,-0.3131,-22.2168,38.6963,-11.0474,t008,FIJTB
2529725729,2719937,2,pelvis,terminal,0.2290,0.9349,-0.3250,-32.1655,29.3579,-33.6914,t008,FIJTB
2529725729,2719953,2,pelvis,terminal,0.1160,0.9287,-0.3103,-37.1094,26.0620,-45.7153,t008,FIJTB
2529725763,2719969,2,pelvis,terminal,-0.0411,1.0481,-0.2455,-46.9360,27.5879,-74.1577,t008,FIJTB
2529725784,2719985,2,pelvis,terminal,-0.3884,1.2695,-0.0342,-23.6816,41.1987,-63.0493,t008,FIJTB
2529725784,2720001,2,pelvis,terminal,-1.1556,0.7714,0.2827,5.5542,54.0161,-56.7017,t008,FIJTB
2529725785,2720017,2,pelvis,terminal,-1.3306,0.5818,0.0770,-12.9395,55.2368,-95.0317,t008,FIJTB
2529725835,2720033,2,pelvis,terminal,-0.5720,1.0103,0.2587,-31.3110,73.9136,-104.0039,t008,FIJTB
2529725837,2720049,2,pelvis,terminal,-0.1283,1.6279,0.3964,-37.8418,98.6938,-123.7793,t008,FIJTB
2529725838,2720065,2,pelvis,terminal,0.1499,1.5649,0.3187,-58.6548,57.4951,-175.2930,t008,FIJTB
2529725893,2720081,2,pelvis,terminal,0.0570,0.9880,0.0449,-58.5327,48.7671,-159.8511,t008,FIJTB
2529725893,2720096,2,pelvis,terminal,-0.1163,0.9867,0.0298,-79.6509,37.4756,-86.6699,t008,FIJTB
2529725893,2720112,2,pelvis,terminal,-0.2206,1.0001,0.0742,-28.8696,35.5225,-83.6792,t008,FIJTB
2529725893,2720128,2,pelvis,terminal,-0.3016,0.9513,-0.2491,3.0518,32.5317,-85.3882,t008,FIJTB
2529725945,2720144,2,pelvis,terminal,-0.3076,0.9077,-0.3885,-2.5024,23.8037,-72.8760,t008,FIJTB
2529725946,2720160,2,pelvis,terminal,-0.1526,1.0197,-0.1533,-21.8506,19.2871,-59.3872,t008,FIJTB
2529725946,2720176,2,pelvis,terminal,-0.0867,0.9838,-0.0681,-19.1040,14.9536,-44.7388,t008,FIJTB
2529726000,2720192,2,pelvis,terminal,-0.1202,0.9180,-0.0459,-8.6060,-5.6152,-35.2173,t008,FIJTB
2529726000,2720209,2,pelvis,terminal,-0.1464,0.9735,0.0112,-11.1084,-12.6343,-32.1655,t008,FIJTB
2529726000,2720225,2,pelvis,terminal,-0.1309,1.0399,0.0056,-18.2495,-10.3149,-32.6538,t008,FIJTB
2529726051,2720241,2,pelvis,terminal,-0.1450,1.0093,0.0363,-11.9019,-7.9346,-33.6914,t008,FIJTB
2529726051,2720257,2,pelvis,swing,-0.2926,0.9550,-0.0046,-14.6484,-7.8125,-33.8135,t008,FIJTB
2529726053,2720273,2,pelvis,swing,-0.2722,0.9476,-0.0381,-18.7378,-2.0142,-34.3018,t008,FIJTB
2529726054,2720289,2,pelvis,swing,-0.1387,0.9611,-0.0540,-15.6860,-3.2959,-33.1421,t008,FIJTB
2529726109,2720305,2,pelvis,swing,-0.1028,0.9717,-0.0181,-10.8032,-9.8267,-29.2969,t008,FIJTB
2529726109,2720321,2,pelvis,swing,-0.0905,0.9741,0.0105,-14.7095,-9.2163,-24.7803,t008,FIJTB
2529726110,2720337,2,pelvis,swing,-0.0868,0.9795,0.0120,-15.3809,-7.6904,-22.2168,t008,FIJTB
2529726162,2720353,2,pelvis,swing,-0.0973,0.9824,-0.0094,-18.1274,-7.8735,-18.7378,t008,FIJTB
2529726163,2720369,2,pelvis,swing,-0.1447,0.9561,-0.0541,-13.9770,-11.9019,-16.3574,t008,FIJTB
2529726164,2720385,2,pelvis,swing,-0.1058,0.9541,-0.0776,-8.1177,-14.4653,-14.2822,t008,FIJTB
2529726197,2720401,2,pelvis,swing,-0.0718,0.9899,-0.0664,-11.5356,-19.5923,-11.4136,t008,FIJTB
2529726218,2720417,2,pelvis,swing,-0.0901,0.9763,-0.0303,-15.4419,-21.5454,-10.0708,t008,FIJTB
2529726219,2720433,2,pelvis,swing,-0.1298,0.9462,-0.0527,-18.1885,-21.3013,-9.8267,t008,FIJTB
2529726220,2720449,2,pelvis,swing,-0.1440,1.0033,-0.0635,-23.0713,-15.0146,-14.0991,t008,FIJTB
2529726272,2720465,2,pelvis,swing,-0.1593,0.9673,-0.0852,-22.3999,-11.1694,-20.9961,t008,FIJTB
2529726272,2720481,2,pelvis,swing,-0.1279,0.9825,-0.0764,-17.6392,-6.0425,-28.9307,t008,FIJTB
2529726272,2720497,2,pelvis,swing,-0.1021,1.0093,-0.0385,-9.7656,1.9531,-43.2739,t008,FIJTB
2529726318,2720513,2,pelvis,swing,-0.0582,0.9342,-0.0244,-11.3525,2.8076,-43.8843,t008,FIJTB
2529726325,2720529,2,pelvis,swing,-0.0692,0.9469,-0.0393,-19.0430,1.2207,-35.9497,t008,FIJTB
2529726326,2720545,2,pelvis,swing,-0.1288,0.9828,-0.1204,-19.3481,0.7935,-35.6445,t008,FIJTB
2529726326,2720561,2,pelvis,swing,-0.1517,0.9709,-0.1268,-10.2539,2.6245,-45.8374,t008,FIJTB
2529726378,2720577,2,pelvis,swing,-0.0946,0.9786,-0.1079,-3.6621,1.7090,-57.3120,t008,FIJTB
2529726379,2720593,2,pelvis,swing,-0.0369,1.0005,-0.0697,-6.7749,-0.4272,-61.9507,t008,FIJTB
2529726379,2720610,2,pelvis,swing,-0.0187,0.9854,-0.1028,-13.1836,0.8545,-64.6362,t008,FIJTB
2529726433,2720626,2,pelvis,swing,0.0029,0.9894,-0.1168,-20.0806,2.2583,-58.8379,t008,FIJTB
2529726434,2720642,2,pelvis,swing,0.0646,0.9971,-0.1188,-22.7051,0.4272,-56.7017,t008,FIJTB
2529726435,2720658,2,pelvis,swing,0.0651,1.0017,-0.1139,-26.1230,-6.3477,-52.4902,t008,FIJTB
2529726485,2720674,2,pelvis,swing,0.0260,0.9969,-0.1307,-26.5503,-7.9956,-51.5137,t008,FIJTB
2529726485,2720691,2,pelvis,loading,0.0359,1.0078,-0.1492,-25.6958,-7.4463,-53.2837,t008,FIJTB
2529726486,2720707,2,pelvis,loading,0.0520,1.0269,-0.1499,-26.4282,-8.9111,-60.7300,t008,FIJTB
2529726487,2720723,2,pelvis,loading,0.0444,1.0690,-0.1190,-27.8320,-10.9253,-64.7583,t008,FIJTB
2529726544,2720739,2,pelvis,loading,0.0574,1.1768,-0.0758,-28.6865,-14.0381,-71.2280,t008,FIJTB
2529726544,2720755,2,pelvis,loading,0.0524,1.2047,-0.0940,-28.9307,-17.6392,-80.0781,t008,FIJTB
2529726544,2720771,2,pelvis,loading,0.0033,1.2584,-0.1223,-31.7383,-18.9209,-86.1816,t008,FIJTB
2529726597,2720787,2,pelvis,loading,-0.0299,1.3029,-0.1599,-41.0156,-19.0430,-100.1587,t008,FIJTB
2529726598,2720803,2,pelvis,loading,0.0056,1.3201,-0.1282,-61.8896,-13.7329,-111.0840,t008,FIJTB
2529726598,2720820,2,pelvis,loading,0.0802,1.3160,-0.1122,-70.5566,-14.8315,-122.0703,t008,FIJTB
2529726607,2720836,2,pelvis,loading,0.0770,1.2875,-0.0846,-89.4165,-27.2827,-142.4561,t008,FIJTB
2529726652,2720852,2,pelvis,loading,0.0684,1.2924,-0.0669,-91.1255,-40.8936,-141.0522,t008,FIJTB
2529726653,2720868,2,pelvis,loading,0.1571,1.2557,0.0594,-102.7222,-69.3970,-121.3989,t008,FIJTB
2529726654,2720884,2,pelvis,loading,0.1763,1.2910,0.1447,-108.2153,-118.2861,-133.3008,t008,FIJTB
2529726703,2720900,2,pelvis,loading,0.3115,1.4352,0.1643,-93.0176,-151.1230,-145.3247,t008,FIJTB
2529726703,2720916,2,pelvis,loading,0.2623,1.2721,-0.2201,-59.5093,-177.9785,-162.9639,t008,FIJTB
2529726705,2720932,2,pelvis,loading,0.0587,1.0677,-0.4692,-67.9321,-110.2905,-183.2275,t008,FIJTB
2529726759,2720948,2,pelvis,loading,0.1349,0.9985,-0.5460,-83.9233,-69.8242,-163.5132,t008,FIJTB
2529726759,2720964,2,pelvis,loading,0.4568,1.1145,-0.5076,-85.0830,-35.5835,-91.3086,t008,FIJTB
2529726760,2720981,2,pelvis,loading,0.5592,1.0126,-0.4678,-44.4946,-77.2705,-36.9263,t008,FIJTB
2529726768,2720997,2,pelvis,loading,0.0349,0.6150,-0.4318,-23.8037,-100.5859,-3.2959,t008,FIJTB
2529726812,2721013,2,pelvis,loading,-0.2205,0.4103,-0.2638,-6.1646,-87.8296,24.7803,t008,FIJTB
2529726813,2721029,2,pelvis,loading,-0.6354,0.2181,-0.1693,-16.0522,-49.3774,9.5825,t008,FIJTB
2529726814,2721045,2,pelvis,loading,-0.6296,0.5188,0.1415,-11.5967,-7.4463,71.1060,t008,FIJTB
2529726867,2721061,2,pelvis,loading,-0.4087,0.4646,0.2041,17.2119,7.8125,97.5342,t008,FIJTB
2529726867,2721077,2,pelvis,loading,-0.0354,0.3517,0.1217,31.3721,15.6250,87.5244,t008,FIJTB
2529726868,2721093,2,pelvis,loading,-0.0088,0.3794,0.1008,49.1943,13.2446,114.1968,t008,FIJTB
2529726907,2721108,2,pelvis,loading,-0.1714,0.4911,0.1144,53.5278,9.9487,144.7754,t008,FIJTB
2529726918,2721124,2,pelvis,midstance,-0.2776,0.5521,0.1680,67.5049,14.3433,196.5942,t008,FIJTB
2529726918,2721140,2,pelvis,midstance,-0.2671,0.5977,0.1521,81.4209,26.3062,202.9419,t008,FIJTB
2529726919,2721156,2,pelvis,midstance,-0.2090,0.8389,0.0455,79.0405,38.3301,202.2095,t008,FIJTB
2529726976,2721171,2,pelvis,midstance,-0.1707,0.9462,-0.0270,68.7866,73.7915,214.3555,t008,FIJTB
2529726977,2721187,2,pelvis,midstance,0.0040,1.2454,-0.1573,65.3687,85.3882,215.3931,t008,FIJTB
2529726977,2721203,2,pelvis,midstance,0.1233,1.3479,-0.2194,72.9980,77.6367,211.6089,t008,FIJTB
2529727027,2721219,2,pelvis,midstance,0.1621,1.3794,-0.2585,68.7256,45.6543,208.2519,t008,FIJTB
2529727029,2721235,2,pelvis,midstance,0.2742,1.5493,-0.3546,62.3169,33.4473,207.8247,t008,FIJTB
2529727031,2721251,2,pelvis,midstance,0.2725,1.5845,-0.3535,62.4390,21.4844,210.8764,t008,FIJTB
2529727031,2721266,2,pelvis,midstance,0.2052,1.5127,-0.2970,57.9224,20.6909,202.8808,t008,FIJTB
2529727085,2721282,2,pelvis,midstance,0.2170,1.4015,-0.2722,52.0630,24.4141,198.4253,t008,FIJTB
2529727085,2721298,2,pelvis,midstance,0.1533,1.3292,-0.2609,40.4663,30.5176,198.7915,t008,FIJTB
2529727086,2721314,2,pelvis,midstance,0.0146,1.2482,-0.2266,35.2783,33.2031,196.1670,t008,FIJTB
2529727135,2721330,2,pelvis,midstance,0.0140,1.2716,-0.1887,28.6255,41.6870,184.0210,t008,FIJTB
2529727135,2721346,2,pelvis,midstance,0.0082,1.2802,-0.1572,31.6162,50.1709,173.1567,t008,FIJTB
2529727138,2721361,2,pelvis,midstance,-0.0713,1.2452,-0.0802,36.3770,51.9409,165.2222,t008,FIJTB
2529727183,2721377,2,pelvis,midstance,-0.0986,1.2180,-0.0483,43.3960,56.4575,140.6860,t008,FIJTB
2529727191,2721393,2,pelvis,midstance,-0.0504,1.1865,0.0203,43.6401,60.9741,131.0425,t008,FIJTB
2529727192,2721409,2,pelvis,midstance,0.0323,1.1729,0.0337,42.0532,67.7490,120.6055,t008,FIJTB
2529727192,2721425,2,pelvis,midstance,0.0223,1.1542,-0.0208,37.6587,67.3828,113.4033,t008,FIJTB
2529727240,2721440,2,pelvis,midstance,0.0146,1.0959,-0.1348,33.8135,67.7490,110.7178,t008,FIJTB
2529727243,2721456,2,pelvis,midstance,0.0310,1.0599,-0.1666,26.0010,62.9883,95.8862,t008,FIJTB
2529727244,2721472,2,pelvis,midstance,0.1172,1.0044,-0.2302,22.0947,57.2510,82.5806,t008,FIJTB
2529727296,2721488,2,pelvis,midstance,0.1908,0.9813,-0.2465,17.0898,46.5698,57.1899,t008,FIJTB
2529727296,2721504,2,pelvis,midstance,0.1595,0.9448,-0.2212,9.0332,42.1753,38.6353,t008,FIJTB
2529727297,2721519,2,pelvis,midstance,0.2258,0.9150,-0.2410,2.0752,42.3584,24.4751,t008,FIJTB
2529727321,2721535,2,pelvis,midstance,0.3053,0.9246,-0.2668,-11.0474,42.3584,-4.9438,t008,FIJTB
2529727346,2721551,2,pelvis,terminal,0.2378,0.9056,-0.2482,-16.8457,39.9780,-16.7847,t008,FIJTB
2529727346,2721567,2,pelvis,terminal,0.1129,1.1346,-0.4353,-31.1279,37.2925,-41.1377,t008,FIJTB
2529727347,2721583,2,pelvis,terminal,0.2639,1.2592,-0.3988,-10.6812,60.7300,-95.8252,t008,FIJTB
2529727405,2721599,2,pelvis,terminal,-0.0415,0.9551,0.2537,4.4556,61.9507,-135.5591,t008,FIJTB
2529727406,2721615,2,pelvis,terminal,-0.8318,0.9512,0.5205,-3.8452,-3.2959,-128.1128,t008,FIJTB
2529727406,2721631,2,pelvis,terminal,-1.2566,1.2271,0.2701,-19.8364,-27.5269,-131.6528,t008,FIJTB
2529727457,2721647,2,pelvis,terminal,0.1332,1.3369,0.1162,-40.1611,40.9546,-188.9038,t008,FIJTB
2529727459,2721663,2,pelvis,terminal,0.1354,0.9736,0.1136,-33.9355,83.6792,-150.9399,t008,FIJTB
2529727460,2721679,2,pelvis,terminal,-0.0928,0.9932,0.0822,-47.0581,66.5283,-123.4741,t008,FIJTB
2529727460,2721695,2,pelvis,terminal,0.2742,1.1256,-0.0292,-45.2881,45.8984,-94.2383,t008,FIJTB
2529727514,2721711,2,pelvis,terminal,0.2130,0.9694,0.0428,-38.6963,22.4609,-60.9741,t008,FIJTB
2529727515,2721727,2,pelvis,terminal,-0.1017,1.0413,-0.0449,-50.5371,6.8970,-42.1753,t008,FIJTB
2529727515,2721743,2,pelvis,terminal,-0.0840,1.1165,-0.1112,-55.8472,2.9297,-15.7471,t008,FIJTB
2529727565,2721759,2,pelvis,terminal,-0.0094,1.0181,-0.0197,-49.8047,-0.7324,-14.2212,t008,FIJTB
2529727568,2721775,2,pelvis,terminal,-0.1556,0.9280,-0.0404,-40.0391,-15.2588,-6.7749,t008,FIJTB
2529727568,2721791,2,pelvis,terminal,-0.1832,0.9868,-0.0876,-43.0298,-17.5781,3.2349,t008,FIJTB
2529727624,2721807,2,pelvis,terminal,-0.1708,0.9696,-0.0094,-41.5649,-13.0615,6.6528,t008,FIJTB
2529727624,2721824,2,pelvis,terminal,-0.1774,1.0151,-0.0122,-34.5459,-8.9722,4.5776,t008,FIJTB
2529727625,2721840,2,pelvis,terminal,-0.1892,0.9778,0.0011,-31.1890,-6.2256,1.6479,t008,FIJTB
2529727625,2721856,2,pelvis,terminal,-0.1938,0.9834,-0.0376,-29.1748,-5.2490,1.0376,t008,FIJTB
2529727678,2721872,2,pelvis,terminal,-0.1887,0.9845,-0.0475,-26.3672,-5.2490,0.3052,t008,FIJTB
2529727678,2721888,2,pelvis,terminal,-0.2021,0.9546,-0.0562,-17.7002,-14.5264,1.2817,t008,FIJTB
2529727679,2721904,2,pelvis,terminal,-0.2490,0.9640,-0.0374,-16.6016,-20.3857,0.1221,t008,FIJTB
2529727733,2721920,2,pelvis,terminal,-0.2427,0.9633,-0.0078,-20.2637,-24.0478,-6.4087,t008,FIJTB
2529727734,2721936,2,pelvis,terminal,-0.1521,0.9854,-0.0260,-18.6768,-23.1934,-9.3384,t008,FIJTB
2529727734,2721952,2,pelvis,swing,-0.1768,0.9517,-0.0255,-15.2588,-24.2310,-11.2305,t008,FIJTB
2529727735,2721968,2,pelvis,swing,-0.1859,0.9565,-0.0365,-14.6484,-21.6675,-14.9536,t008,FIJTB
2529727786,2721985,2,pelvis,swing,-0.2006,0.9506,-0.0326,-16.1133,-18.2495,-16.1743,t008,FIJTB
2529727787,2722001,2,pelvis,swing,-0.1417,0.9423,-0.0945,-3.5400,-17.7612,-20.8130,t008,FIJTB
2529727787,2722017,2,pelvis,swing,-0.0969,0.9987,-0.0935,-12.3291,-18.1885,-15.1367,t008,FIJTB
2529727848,2722033,2,pelvis,swing,-0.1234,0.9528,-0.0858,-17.5781,-18.6768,-12.4512,t008,FIJTB
2529727848,2722049,2,pelvis,swing,-0.1377,1.0089,-0.0759,-23.3154,-21.4844,-6.5918,t008,FIJTB
2529727849,2722066,2,pelvis,swing,-0.2111,1.0266,-0.0831,-6.2866,-14.6484,-28.7476,t008,FIJTB
2529727849,2722082,2,pelvis,swing,-0.1321,0.9104,-0.1000,-4.5166,-11.8408,-34.1187,t008,FIJTB
2529727904,2722098,2,pelvis,swing,-0.1204,0.9202,-0.0929,-18.2495,-11.6577,-18.7378,t008,FIJTB
2529727904,2722114,2,pelvis,swing,-0.1268,0.9794,-0.0719,-23.3154,-13.0615,-13.4888,t008,FIJTB
2529727905,2722130,2,pelvis,swing,-0.1428,0.9788,-0.0719,-22.2168,-12.0239,-16.0522,t008,FIJTB
2529727960,2722147,2,pelvis,swing,-0.1418,0.9688,-0.0673,-18.1274,-6.3477,-23.9868,t008,FIJTB
2529727961,2722163,2,pelvis,swing,-0.1429,0.9662,-0.0826,-17.5781,-3.1738,-27.0996,t008,FIJTB
2529727962,2722179,2,pelvis,swing,-0.1628,0.9769,-0.1270,-17.0288,0.8545,-32.8979,t008,FIJTB
2529727962,2722195,2,pelvis,swing,-0.1633,0.9670,-0.1324,-13.4888,0.3662,-40.6494,t008,FIJTB
2529728012,2722211,2,pelvis,swing,-0.1523,0.9525,-0.1274,-12.5732,-1.0986,-43.7622,t008,FIJTB
2529728014,2722227,2,pelvis,swing,-0.0525,1.0283,-0.1294,-16.2964,-2.4414,-49.9268,t008,FIJTB
2529728015,2722244,2,pelvis,swing,-0.0243,1.0382,-0.1351,-25.2686,-0.7935,-56.9458,t008,FIJTB
2529728070,2722260,2,pelvis,swing,-0.0421,0.9841,-0.1455,-26.0620,-0.9155,-57.4951,t008,FIJTB
2529728071,2722276,2,pelvis,swing,-0.0283,0.9780,-0.1423,-24.5972,-3.1128,-51.3916,t008,FIJTB
2529728071,2722292,2,pelvis,swing,-0.0015,0.9855,-0.1580,-25.0244,-4.3945,-46.5698,t008,FIJTB
2529728122,2722308,2,pelvis,swing,-0.0164,0.9814,-0.1760,-27.1606,-5.4321,-41.8701,t008,FIJTB
2529728122,2722324,2,pelvis,swing,-0.0228,0.9908,-0.1752,-28.3813,-5.0659,-46.6919,t008,FIJTB
2529728125,2722340,2,pelvis,swing,-0.0131,1.0118,-0.1671,-28.6865,-4.6997,-49.6216,t008,FIJTB
2529728125,2722356,2,pelvis,swing,0.0149,1.0148,-0.1592,-30.1514,-5.4932,-54.6265,t008,FIJTB
2529728179,2722372,2,pelvis,swing,0.0332,1.0188,-0.1539,-33.9966,-8.8501,-57.2510,t008,FIJTB
2529728179,2722388,2,pelvis,swing,0.0352,1.0502,-0.1716,-37.2314,-11.4746,-58.7769,t008,FIJTB
2529728180,2722404,2,pelvis,swing,0.0150,1.0613,-0.1816,-44.5557,-15.9912,-64.3921,t008,FIJTB
2529728230,2722421,2,pelvis,swing,-0.0098,1.0670,-0.2051,-51.7578,-17.1509,-71.4722,t008,FIJTB
2529728230,2722437,2,pelvis,swing,-0.0217,1.1859,-0.2288,-56.5186,-18.0054,-74.4629,t008,FIJTB
2529728233,2722453,2,pelvis,swing,-0.0210,1.2272,-0.2117,-67.6270,-20.1416,-87.4634,t008,FIJTB
2529728234,2722469,2,pelvis,swing,0.0266,1.2988,-0.1117,-68.9087,-22.5220,-98.7549,t008,FIJTB
2529728287,2722485,2,pelvis,swing,0.1654,1.3427,-0.0592,-71.1670,-36.1328,-122.5586,t008,FIJTB
2529728288,2722501,2,pelvis,swing,0.1465,1.3433,-0.0341,-86.5478,-64.2700,-115.2954,t008,FIJTB
2529728288,2722517,2,pelvis,swing,0.0327,1.3600,0.0237,-92.0410,-80.1392,-118.5303,t008,FIJTB
2529728338,2722533,2,pelvis,swing,0.0352,1.2959,0.0892,-91.6138,-101.1963,-142.0288,t008,FIJTB
2529728340,2722549,2,pelvis,swing,0.1016,1.2496,0.0912,-72.9980,-113.9526,-156.8604,t008,FIJTB
2529728341,2722565,2,pelvis,swing,0.2639,1.2366,-0.0236,-63.1103,-117.7368,-160.7666,t008,FIJTB
2529728395,2722581,2,pelvis,swing,0.2668,1.2410,-0.1616,-58.8989,-111.6333,-155.2124,t008,FIJTB
2529728396,2722597,2,pelvis,swing,0.1349,1.1906,-0.4225,-71.4722,-99.1211,-144.8975,t008,FIJTB
2529728396,2722613,2,pelvis,swing,0.4390,1.3544,-0.4087,-84.8999,-77.2095,-111.2671,t008,FIJTB
2529728396,2722629,2,pelvis,swing,0.5674,1.2979,-0.4458,-50.8423,-79.0405,-95.9473,t008,FIJTB
2529728446,2722645,2,pelvis,swing,0.2732,1.0409,-0.6522,-45.2881,-98.4497,-77.8809,t008,FIJTB
2529728447,2722661,2,pelvis,loading,-0.0066,0.9362,-0.6708,-49.3164,-109.8022,-26.3672,t008,FIJTB
2529728448,2722677,2,pelvis,loading,-0.5327,0.3778,-0.3469,-18.3716,-50.5981,-38.2690,t008,FIJTB
2529728502,2722693,2,pelvis,loading,-0.4133,0.3171,-0.2732,-6.1035,-16.2354,-40.4663,t008,FIJTB
2529728503,2722710,2,pelvis,loading,-0.2910,0.6157,-0.0751,-6.0425,11.8408,51.5137,t008,FIJTB
2529728503,2722726,2,pelvis,loading,-0.2504,0.5015,0.0469,10.9253,1.1597,103.8208,t008,FIJTB
2529728553,2722741,2,pelvis,loading,-0.1938,0.1788,-0.0352,48.4009,-24.1699,122.6196,t008,FIJTB
2529728556,2722757,2,pelvis,loading,-0.1511,0.2412,-0.0292,59.5703,-5.0659,149.8413,t008,FIJTB
2529728557,2722774,2,pelvis,loading,-0.2303,0.4634,0.1010,69.0918,0.2441,197.5098,t008,FIJTB
2529728557,2722789,2,pelvis,loading,-0.2943,0.5233,0.1948,74.4629,-10.6201,236.8164,t008,FIJTB
2529728615,2722805,2,pelvis,loading,-0.1484,0.9475,0.2020,97.1069,12.2070,197.0215,t008,FIJTB
2529728616,2722821,2,pelvis,loading,-0.0370,0.6595,-0.0084,110.9619,27.5269,179.3823,t008,FIJTB
2529728617,2722837,2,pelvis,loading,0.0238,0.8079,-0.1583,85.1440,50.5981,182.9834,t008,FIJTB
2529728617,2722852,2,pelvis,loading,-0.0415,1.1036,-0.2747,73.1201,61.6455,205.2612,t008,FIJTB
2529728667,2722868,2,pelvis,loading,0.0464,1.2837,-0.2819,68.6035,75.0122,215.5762,t008,FIJTB
2529728668,2722884,2,pelvis,loading,0.1233,1.3190,-0.3262,69.5190,75.8057,194.0307,t008,FIJTB
2529728669,2722900,2,pelvis,loading,0.2227,1.4312,-0.4287,68.1152,70.0073,188.8428,t008,FIJTB
2529728722,2722916,2,pelvis,loading,0.2318,1.4263,-0.4108,66.7114,56.2134,187.2558,t008,FIJTB
2529728722,2722931,2,pelvis,loading,0.2892,1.4325,-0.3468,66.4063,48.1567,184.1431,t008,FIJTB
2529728723,2722947,2,pelvis,loading,0.3275,1.4469,-0.3502,63.4766,32.4097,174.1943,t008,FIJTB
2529728771,2722963,2,pelvis,loading,0.3091,1.3943,-0.3451,54.0771,21.3013,172.7905,t008,FIJTB
2529728772,2722979,2,pelvis,loading,0.2517,1.3499,-0.3099,50.5981,20.7520,165.8935,t008,FIJTB
2529728774,2722994,2,pelvis,loading,0.2162,1.3104,-0.2874,48.1567,25.3296,142.7002,t008,FIJTB
2529728774,2723010,2,pelvis,loading,0.2286,1.2644,-0.2546,49.0723,28.6255,132.3242,t008,FIJTB
2529728828,2723026,2,pelvis,loading,0.2245,1.2157,-0.2517,48.3398,31.6162,112.4268,t008,FIJTB
2529728829,2723042,2,pelvis,loading,0.2911,1.1750,-0.2756,44.1894,39.6729,103.5156,t008,FIJTB
2529728829,2723058,2,pelvis,loading,0.3119,1.1394,-0.2130,42.2363,42.9687,106.6894,t008,FIJTB
2529728878,2723073,2,pelvis,loading,0.2472,1.0635,-0.2228,33.6304,46.4478,107.9712,t008,FIJTB
2529728878,2723089,2,pelvis,midstance,0.2196,1.0265,-0.2485,27.8320,53.5278,100.2197,t008,FIJTB
2529728878,2723105,2,pelvis,midstance,0.2552,1.0734,-0.2522,19.2261,70.2515,88.7451,t008,FIJTB
2529728898,2723121,2,pelvis,midstance,0.2872,1.0756,-0.2828,15.7471,75.5615,77.5757,t008,FIJTB
2529728938,2723137,2,pelvis,midstance,0.2482,0.9977,-0.3641,12.9395,77.2095,67.8101,t008,FIJTB
2529728938,2723153,2,pelvis,midstance,0.2701,0.9927,-0.3805,1.9531,84.1064,52.7344,t008,FIJTB
2529728939,2723169,2,pelvis,midstance,0.3800,1.0270,-0.3920,-2.1973,83.6792,45.0439,t008,FIJTB
2529728990,2723184,2,pelvis,midstance,0.3430,0.9254,-0.4293,-7.8735,69.5190,25.5127,t008,FIJTB
2529728993,2723201,2,pelvis,midstance,0.3168,0.8901,-0.4226,-20.3247,51.6357,1.7700,t008,FIJTB
2529728993,2723217,2,pelvis,midstance,0.0587,0.9656,-0.3350,-29.6631,43.7622,-4.1504,t008,FIJTB
2529729046,2723233,2,pelvis,midstance,-0.0299,0.9437,-0.2035,-35.7666,53.7720,-27.0386,t008,FIJTB
2529729047,2723249,2,pelvis,midstance,-0.1768,1.0781,0.1674,-21.2402,74.7070,-45.1050,t008,FIJTB
2529729047,2723265,2,pelvis,midstance,-1.2914,1.1998,1.1084,11.6577,70.0684,-10.6201,t008,FIJTB
2529729047,2723281,2,pelvis,midstance,-1.5558,0.9592,0.6582,12.1460,15.8081,-57.3120,t008,FIJTB
2529729099,2723297,2,pelvis,midstance,0.1847,1.5386,-0.0520,-7.4463,13.4888,-126.4648,t008,FIJTB
2529729100,2723313,2,pelvis,midstance,0.3690,1.2271,0.0964,-9.3384,58.9600,-116.8213,t008,FIJTB
2529729100,2723329,2,pelvis,midstance,-0.3577,0.7294,0.2712,-28.0151,24.4751,-54.4434,t008,FIJTB
2529729153,2723345,2,pelvis,midstance,-0.4209,0.8549,0.1174,-38.0249,17.1509,-59.1431,t008,FIJTB
2529729154,2723361,2,pelvis,midstance,-0.2603,0.8618,-0.1219,-38.5742,24.1089,-56.9458,t008,FIJTB
2529729155,2723377,2,pelvis,midstance,-0.3159,0.9059,-0.2809,-44.7388,3.6621,-25.9399,t008,FIJTB
2529729204,2723393,2,pelvis,midstance,-0.3636,1.0862,-0.0142,-45.5322,3.4180,-24.5972,t008,FIJTB
2529729205,2723409,2,pelvis,terminal,-0.3625,0.9485,0.0587,-21.6064,13.2446,-42.9077,t008,FIJTB
2529729205,2723425,2,pelvis,terminal,-0.2084,0.8547,0.0585,-13.3057,11.4746,-45.5322,t008,FIJTB
2529729205,2723441,2,pelvis,terminal,-0.1117,0.9260,0.1110,-20.0806,1.7700,-29.4800,t008,FIJTB
2529729264,2723457,2,pelvis,terminal,-0.1350,0.9611,0.1146,-26.9775,1.1597,-15.3198,t008,FIJTB
2529729264,2723473,2,pelvis,terminal,-0.1376,0.9948,0.1218,-24.5361,5.3711,-16.0522,t008,FIJTB
2529729264,2723489,2,pelvis,terminal,-0.1731,0.9586,0.1204,-21.3013,14.0991,-17.4561,t008,FIJTB
2529729316,2723505,2,pelvis,terminal,-0.2773,0.9364,0.0123,-25.5127,15.8691,-17.3340,t008,FIJTB
2529729318,2723521,2,pelvis,terminal,-0.2125,0.9808,-0.0522,-29.2358,19.0430,-19.3481,t008,FIJTB
2529729318,2723537,2,pelvis,terminal,-0.1652,1.0145,-0.0498,-19.7144,10.6201,-23.0713,t008,FIJTB
2529729318,2723553,2,pelvis,terminal,-0.2045,0.9189,0.0050,-15.1367,1.5259,-23.8037,t008,FIJTB
2529729374,2723569,2,pelvis,terminal,-0.1483,0.9745,-0.0293,-13.0615,-15.0757,-18.7988,t008,FIJTB
2529729375,2723585,2,pelvis,terminal,-0.1323,0.9900,-0.0234,-21.9116,-15.3809,-9.5825,t008,FIJTB
2529729375,2723601,2,pelvis,terminal,-0.1967,0.9910,-0.0032,-21.9727,-13.9770,-7.6294,t008,FIJTB
2529729428,2723617,2,pelvis,terminal,-0.2169,0.9686,-0.0083,-16.2354,-5.3101,-14.4653,t008,FIJTB
2529729429,2723633,2,pelvis,terminal,-0.1953,0.9816,-0.0513,-17.5781,-1.5869,-14.8926,t008,FIJTB
2529729430,2723649,2,pelvis,terminal,-0.1393,0.9669,-0.0591,-16.6626,-1.4038,-15.2588,t008,FIJTB
2529729430,2723665,2,pelvis,terminal,-0.1420,1.0043,-0.0072,-10.4980,-4.9438,-12.7563,t008,FIJTB
2529729483,2723681,2,pelvis,terminal,-0.1641,0.9613,0.0004,3.7842,-0.6104,-23.3154,t008,FIJTB
2529729484,2723697,2,pelvis,terminal,-0.0641,0.9530,-0.0403,3.2959,-0.2441,-25.9399,t008,FIJTB
2529729484,2723714,2,pelvis,terminal,-0.1228,0.9921,-0.0402,-19.4702,-9.2163,-1.8311,t008,FIJTB
2529729535,2723730,2,pelvis,terminal,-0.1897,0.9343,-0.0426,-21.0571,-11.6577,-1.5869,t008,FIJTB
2529729536,2723746,2,pelvis,terminal,-0.1530,1.0017,-0.0376,-21.9116,-15.1978,-2.5024,t008,FIJTB
2529729537,2723763,2,pelvis,terminal,-0.1687,0.9827,-0.0375,-23.8647,-13.4888,-6.5308,t008,FIJTB
2529729591,2723779,2,pelvis,terminal,-0.1736,0.9590,-0.0369,-22.2778,-13.4277,-8.6670,t008,FIJTB
2529729592,2723795,2,pelvis,terminal,-0.1613,0.9786,-0.0352,-22.3389,-14.5874,-12.4512,t008,FIJTB
2529729592,2723811,2,pelvis,terminal,-0.1818,0.9489,-0.0430,-23.1934,-10.4980,-16.5405,t008,FIJTB
2529729592,2723827,2,pelvis,terminal,-0.1639,0.9973,-0.0533,-24.1699,-7.6904,-18.7378,t008,FIJTB
2529729642,2723843,2,pelvis,terminal,-0.1544,0.9916,-0.0654,-24.2920,-3.5400,-24.9023,t008,FIJTB
2529729642,2723859,2,pelvis,swing,-0.1250,0.9812,-0.0857,-23.0103,-3.2959,-27.2827,t008,FIJTB
2529729642,2723875,2,pelvis,swing,-0.1307,0.9700,-0.0942,-22.1558,-4.3335,-30.1514,t008,FIJTB
2529729702,2723892,2,pelvis,swing,-0.1212,0.9796,-0.0940,-23.2544,-6.4087,-32.5317,t008,FIJTB
2529729702,2723908,2,pelvis,swing,-0.0781,0.9860,-0.0857,-24.0478,-6.8970,-33.0200,t008,FIJTB
2529729703,2723924,2,pelvis,swing,-0.0658,0.9785,-0.0929,-24.8413,-7.3853,-31.0059,t008,FIJTB
2529729704,2723940,2,pelvis,swing,-0.0853,0.9724,-0.0929,-25.4517,-7.9956,-32.5317,t008,FIJTB
2529729754,2723956,2,pelvis,swing,-0.1019,0.9650,-0.0968,-24.4141,-5.9204,-34.8511,t008,FIJTB
2529729754,2723972,2,pelvis,swing,-0.1068,0.9712,-0.1359,-20.9961,-1.0376,-40.1001,t008,FIJTB
2529729756,2723988,2,pelvis,swing,-0.1233,0.9740,-0.1971,-21.0571,-0.3052,-43.7622,t008,FIJTB
2529729803,2724004,2,pelvis,swing,-0.0547,0.9844,-0.1603,-21.7285,-2.9297,-50.2930,t008,FIJTB
2529729811,2724020,2,pelvis,swing,-0.0208,0.9989,-0.1221,-29.6631,-7.5684,-52.3682,t008,FIJTB
2529729811,2724036,2,pelvis,swing,-0.0745,1.0211,-0.1359,-32.5317,-8.3618,-51.1475,t008,FIJTB
2529729861,2724052,2,pelvis,swing,-0.1097,1.0171,-0.1642,-33.6914,-6.8359,-50.7202,t008,FIJTB
2529729863,2724068,2,pelvis,swing,-0.0654,1.0240,-0.1949,-34.2407,-6.1646,-60.9741,t008,FIJTB
2529729863,2724084,2,pelvis,swing,0.0300,1.0267,-0.1565,-35.1563,-6.7139,-65.1855,t008,FIJTB
2529729872,2724100,2,pelvis,swing,0.0758,1.0383,-0.1312,-37.8418,-10.2539,-67.5049,t008,FIJTB
2529729916,2724116,2,pelvis,swing,0.0670,1.0420,-0.1479,-39.9780,-13.0005,-67.3218,t008,FIJTB
2529729917,2724132,2,pelvis,swing,0.0508,1.0557,-0.1803,-44.8608,-18.0664,-68.4204,t008,FIJTB
2529729917,2724148,2,pelvis,swing,0.0411,1.0867,-0.1890,-52.4902,-21.1182,-73.2422,t008,FIJTB
2529729970,2724164,2,pelvis,swing,0.0339,1.1138,-0.2136,-56.9458,-22.5830,-77.7588,t008,FIJTB
2529729970,2724180,2,pelvis,swing,0.0846,1.1306,-0.1659,-69.8242,-25.0854,-86.5478,t008,FIJTB
2529729970,2724196,2,pelvis,swing,0.0963,1.1498,-0.1407,-71.9604,-29.1138,-97.9614,t008,FIJTB
2529730024,2724212,2,pelvis,swing,0.0935,1.2756,-0.1635,-71.1060,-30.8838,-109.3750,t008,FIJTB
2529730024,2724228,2,pelvis,swing,0.0325,1.3615,-0.1981,-73.0591,-45.5933,-118.8965,t008,FIJTB
2529730025,2724244,2,pelvis,swing,-0.1136,1.4469,-0.1670,-76.5381,-59.8144,-120.3613,t008,FIJTB
2529730025,2724260,2,pelvis,swing,-0.0847,1.5057,0.0320,-91.4307,-96.8018,-140.7471,t008,FIJTB
2529730074,2724276,2,pelvis,swing,-0.0046,1.5399,0.1460,-91.3086,-140.5029,-156.3110,t008,FIJTB
2529730077,2724292,2,pelvis,swing,0.1483,1.4598,0.3141,-75.4395,-164.1235,-161.6821,t008,FIJTB
2529730077,2724308,2,pelvis,swing,0.0769,1.1971,-0.0770,-50.4761,-185.3638,-181.5185,t008,FIJTB
2529730130,2724325,2,pelvis,swing,0.0706,1.1458,-0.3589,-89.5386,-112.6099,-182.6782,t008,FIJTB
2529730130,2724341,2,pelvis,swing,0.5253,1.4928,-0.5209,-95.7031,-66.4673,-168.2739,t008,FIJTB
2529730131,2724357,2,pelvis,swing,0.6857,1.4783,-0.5275,-55.6641,-49.7436,-130.4321,t008,FIJTB
2529730181,2724373,2,pelvis,swing,0.3334,1.1125,-0.5859,-46.8140,-80.0781,-105.7129,t008,FIJTB
2529730181,2724389,2,pelvis,loading,-0.3551,0.7668,-0.4854,-52.1851,-123.2910,-40.3442,t008,FIJTB
2529730181,2724405,2,pelvis,loading,-0.6361,0.4353,-0.2893,-15.8691,-73.9136,-41.9311,t008,FIJTB
2529730185,2724421,2,pelvis,loading,-0.5270,0.2017,-0.1473,1.4648,-35.9497,-43.7622,t008,FIJTB
2529730239,2724438,2,pelvis,loading,-0.3867,0.5610,0.0363,-7.6294,5.3101,36.4990,t008,FIJTB
2529730240,2724454,2,pelvis,loading,-0.3494,0.5051,0.0941,9.3384,-14.7705,112.1216,t008,FIJTB
2529730240,2724469,2,pelvis,loading,-0.1014,0.3275,0.0063,35.2783,-16.5405,114.3188,t008,FIJTB
2529730290,2724485,2,pelvis,loading,-0.0642,0.3757,0.0112,77.8809,6.9580,105.3467,t008,FIJTB
2529730292,2724501,2,pelvis,loading,-0.2418,0.4579,0.1307,96.1304,11.2305,141.7847,t008,FIJTB
2529730292,2724517,2,pelvis,loading,-0.3372,0.4114,0.2366,99.5483,10.6812,228.3325,t008,FIJTB
2529730346,2724533,2,pelvis,loading,-0.3203,0.5179,0.2124,94.1162,18.4326,242.7368,t008,FIJTB
2529730347,2724549,2,pelvis,loading,-0.2690,0.9033,0.1128,98.5107,27.1606,247.5586,t008,FIJTB
2529730347,2724564,2,pelvis,loading,-0.2224,0.9939,0.0942,113.1592,47.9736,253.3569,t008,FIJTB
2529730347,2724580,2,pelvis,loading,-0.0975,1.0647,-0.0951,112.1826,61.2793,246.7041,t008,FIJTB
2529730396,2724596,2,pelvis,loading,-0.0507,1.3451,-0.2720,99.0601,81.9702,250.8545,t008,FIJTB
2529730399,2724612,2,pelvis,loading,-0.0342,1.4548,-0.2754,98.4497,85.2051,257.5684,t008,FIJTB
2529730399,2724627,2,pelvis,loading,0.1251,1.6333,-0.3625,98.6328,79.5898,248.5351,t008,FIJTB
2529730452,2724643,2,pelvis,loading,0.2251,1.7397,-0.4716,96.4355,71.5332,240.5395,t008,FIJTB
2529730453,2724659,2,pelvis,loading,0.2025,1.7434,-0.5374,92.4683,71.5332,246.4599,t008,FIJTB
2529730453,2724675,2,pelvis,loading,0.1943,1.6586,-0.4849,81.0547,75.8667,249.2065,t008,FIJTB
2529730467,2724690,2,pelvis,loading,0.1774,1.5669,-0.4646,70.9839,76.9653,237.3657,t008,FIJTB
2529730502,2724706,2,pelvis,loading,0.0881,1.4601,-0.4509,64.5142,71.0449,230.4687,t008,FIJTB
2529730504,2724722,2,pelvis,loading,0.0614,1.4285,-0.4500,49.2554,52.5513,212.2803,t008,FIJTB
2529730505,2724738,2,pelvis,loading,0.0078,1.4110,-0.4238,41.3208,42.4805,205.5054,t008,FIJTB
2529730558,2724754,2,pelvis,loading,0.1670,1.4205,-0.3369,30.1514,27.1606,190.9180,t008,FIJTB
2529730558,2724770,2,pelvis,loading,0.3365,1.4344,-0.2150,40.0391,20.9961,173.7060,t008,FIJTB
2529730559,2724785,2,pelvis,loading,0.2629,1.3234,-0.0513,49.9878,16.0522,168.2739,t008,FIJTB
2529730607,2724801,2,pelvis,loading,0.0944,1.2200,-0.1166,50.1709,15.1978,143.5547,t008,FIJTB
2529730609,2724817,2,pelvis,loading,0.1858,1.1779,-0.2891,43.0298,20.1416,124.0234,t008,FIJTB
2529730610,2724833,2,pelvis,loading,0.4260,1.0272,-0.3979,37.1094,19.3481,87.7075,t008,FIJTB
2529730637,2724849,2,pelvis,loading,0.4520,0.9392,-0.4031,30.1514,-5.4321,56.8237,t008,FIJTB
2529730664,2724864,2,pelvis,loading,0.3724,0.9023,-0.3047,21.1182,-13.4277,42.7856,t008,FIJTB
2529730665,2724880,2,pelvis,loading,0.3098,0.9189,-0.2603,-0.9155,-0.3662,7.4463,t008,FIJTB
2529730665,2724896,2,pelvis,loading,0.3376,0.8989,-0.2928,-20.8130,24.4141,-31.7993,t008,FIJTB
2529730714,2724912,2,pelvis,midstance,0.3141,0.8441,-0.3386,-31.7993,29.9072,-45.8984,t008,FIJTB
2529730715,2724928,2,pelvis,midstance,0.2429,0.8738,-0.2960,-50.1709,38.5132,-67.8711,t008,FIJTB
2529730715,2724945,2,pelvis,midstance,-0.1438,0.9641,-0.0579,-54.6875,48.6450,-80.9326,t008,FIJTB
2529730762,2724961,2,pelvis,midstance,-1.3700,1.0289,0.5979,-31.7383,68.4204,-52.7344,t008,FIJTB
2529730773,2724977,2,pelvis,midstance,-1.6516,0.7693,0.5143,-13.6719,86.8530,-61.8896,t008,FIJTB
2529730774,2724993,2,pelvis,midstance,-0.7986,0.8239,0.2246,-43.8232,101.3794,-107.1777,t008,FIJTB
2529730774,2725009,2,pelvis,midstance,-0.0841,1.4979,0.3807,-92.7124,105.1025,-159.2407,t008,FIJTB
2529730825,2725025,2,pelvis,midstance,0.5703,1.6697,0.3423,-64.5752,42.3584,-177.9175,t008,FIJTB
2529730825,2725040,2,pelvis,midstance,-0.0973,0.8129,0.2133,-66.4673,17.1509,-145.1416,t008,FIJTB
2529730828,2725056,2,pelvis,midstance,-0.3114,0.8479,0.0629,-118.4082,-0.8545,-79.8340,t008,FIJTB
2529730884,2725072,2,pelvis,midstance,-0.1749,1.1218,-0.0809,-111.7554,2.4414,-78.6133,t008,FIJTB
2529730884,2725088,2,pelvis,midstance,-0.1367,1.0940,-0.3950,-63.5986,-1.4648,-83.3130,t008,FIJTB
2529730885,2725105,2,pelvis,midstance,-0.2698,0.9624,-0.3893,-61.7676,-7.6904,-45.7764,t008,FIJTB
2529730885,2725121,2,pelvis,midstance,-0.2046,1.0411,-0.0039,-39.0015,0.7324,-39.8560,t008,FIJTB
2529730935,2725137,2,pelvis,midstance,-0.0111,1.0199,-0.2239,19.1040,-3.7842,-62.2559,t008,FIJTB
2529730936,2725153,2,pelvis,midstance,-0.1046,0.8854,-0.1346,-3.7231,-15.8691,-41.6260,t008,FIJTB
2529730937,2725170,2,pelvis,midstance,-0.1550,1.0171,-0.0077,-5.0659,-16.1743,-32.2876,t008,FIJTB
2529730993,2725186,2,pelvis,midstance,-0.1599,1.0204,0.0210,4.6997,-4.6997,-39.0015,t008,FIJTB
2529730993,2725202,2,pelvis,midstance,-0.1423,1.0109,0.0363,-6.4087,9.7046,-38.5132,t008,FIJTB
2529730994,2725218,2,pelvis,midstance,-0.1792,0.9661,-0.0121,-6.4697,13.5498,-33.9355,t008,FIJTB
2529731045,2725234,2,pelvis,midstance,-0.1510,0.9934,-0.0499,-9.1553,11.1084,-31.9214,t008,FIJTB
2529731045,2725250,2,pelvis,midstance,-0.1506,0.9309,-0.0583,-6.5308,6.5308,-28.5034,t008,FIJTB
2529731047,2725266,2,pelvis,midstance,-0.1443,0.9771,-0.0365,-4.2725,-5.0659,-21.8506,t008,FIJTB
2529731048,2725282,2,pelvis,midstance,-0.1567,0.9578,-0.0135,-9.3384,-13.9160,-19.7754,t008,FIJTB
2529731103,2725298,2,pelvis,midstance,-0.1367,0.9799,0.0164,-12.7563,-14.5874,-18.6768,t008,FIJTB
2529731104,2725314,2,pelvis,midstance,-0.1328,0.9738,0.0116,-22.7051,-10.9253,-20.6299,t008,FIJTB
2529731105,2725331,2,pelvis,midstance,-0.1508,0.9940,-0.0189,-21.9116,-6.9580,-22.8882,t008,FIJTB
2529731156,2725347,2,pelvis,midstance,-0.1218,0.9694,-0.0573,-16.7236,-6.5308,-28.9917,t008,FIJTB
2529731158,2725363,2,pelvis,midstance,-0.1138,0.9604,-0.0558,-15.9912,-8.3618,-30.8228,t008,FIJTB
2529731159,2725379,2,pelvis,midstance,-0.1036,0.9760,-0.0460,-19.1650,-9.2163,-28.9917,t008,FIJTB
2529731202,2725396,2,pelvis,midstance,-0.1138,0.9548,-0.0197,-17.0898,-8.9722,-29.9683,t008,FIJTB
2529731214,2725412,2,pelvis,midstance,-0.1030,0.9489,-0.0372,-10.1929,-4.3335,-31.7993,t008,FIJTB
2529731214,2725428,2,pelvis,midstance,-0.0656,0.9714,-0.0658,-11.7187,-3.6011,-31.0059,t008,FIJTB
2529731215,2725444,2,pelvis,midstance,-0.1013,0.9603,-0.0795,-20.7520,-7.2632,-26.8555,t008,FIJTB
2529731266,2725460,2,pelvis,midstance,-0.0941,0.9855,-0.0795,-25.9399,-8.4839,-26.1841,t008,FIJTB
2529731267,2725476,2,pelvis,terminal,-0.0493,0.9872,-0.0653,-26.0620,-7.2021,-27.4048,t008,FIJTB
2529731267,2725492,2,pelvis,terminal,-0.0300,0.9792,-0.0717,-25.5127,-6.7139,-27.0996,t008,FIJTB
2529731273,2725509,2,pelvis,terminal,-0.0280,0.9856,-0.0804,-26.5503,-4.8218,-26.7944,t008,FIJTB
2529731327,2725525,2,pelvis,terminal,-0.0363,0.9708,-0.0742,-26.3672,-2.0752,-28.3203,t008,FIJTB
2529731327,2725541,2,pelvis,terminal,-0.0449,0.9725,-0.0908,-22.3999,3.4180,-30.9448,t008,FIJTB
2529731328,2725557,2,pelvis,terminal,-0.0872,0.9791,-0.1417,-16.9678,4.1504,-35.7056,t008,FIJTB
2529731380,2725573,2,pelvis,terminal,-0.0624,0.9894,-0.1278,-15.8081,3.6621,-39.9780,t008,FIJTB
2529731382,2725589,2,pelvis,terminal,-0.0391,0.9899,-0.1154,-16.9067,2.0752,-49.0112,t008,FIJTB
2529731383,2725605,2,pelvis,terminal,0.0024,0.9985,-0.1292,-18.5547,0.6104,-51.8799,t008,FIJTB
2529731400,2725621,2,pelvis,terminal,-0.0033,1.0203,-0.1537,-24.1089,-3.3569,-56.6406,t008,FIJTB
2529731438,2725637,2,pelvis,terminal,-0.0261,1.0122,-0.1644,-28.7476,-6.7139,-57.2510,t008,FIJTB
2529731438,2725654,2,pelvis,terminal,-0.0006,1.0300,-0.1499,-31.0059,-7.5073,-59.3872,t008,FIJTB
2529731439,2725670,2,pelvis,terminal,0.0809,1.0443,-0.1281,-35.6445,-9.1553,-65.9790,t008,FIJTB
2529731492,2725686,2,pelvis,terminal,0.0795,1.0698,-0.1351,-40.9546,-15.3198,-66.5283,t008,FIJTB
2529731493,2725702,2,pelvis,terminal,0.0483,1.1006,-0.1547,-41.1377,-18.2495,-67.4438,t008,FIJTB
2529731493,2725718,2,pelvis,terminal,0.0553,1.0929,-0.1530,-40.2832,-20.3247,-74.8901,t008,FIJTB
2529731548,2725734,2,pelvis,terminal,0.0737,1.0773,-0.1489,-42.0532,-20.3247,-79.3457,t008,FIJTB
2529731548,2725750,2,pelvis,terminal,0.1151,1.1180,-0.1516,-53.5889,-19.7144,-82.0312,t008,FIJTB
2529731549,2725766,2,pelvis,terminal,0.1226,1.1746,-0.1650,-57.4951,-21.3013,-89.7827,t008,FIJTB
2529731549,2725782,2,pelvis,terminal,0.0298,1.2777,-0.2362,-58.7158,-21.3623,-98.0225,t008,FIJTB
2529731603,2725799,2,pelvis,terminal,-0.0236,1.3132,-0.2407,-67.0776,-29.9072,-122.1313,t008,FIJTB
2529731604,2725814,2,pelvis,terminal,0.0221,1.3232,-0.1724,-71.3501,-47.9126,-124.8169,t008,FIJTB
2529731604,2725830,2,pelvis,terminal,0.1606,1.3748,-0.0057,-77.0264,-56.5796,-122.4365,t008,FIJTB
2529731659,2725847,2,pelvis,terminal,0.2012,1.4078,0.0924,-89.5386,-92.2851,-131.5918,t008,FIJTB
2529731660,2725863,2,pelvis,terminal,0.2401,1.5162,0.3363,-84.0454,-154.7241,-147.5220,t008,FIJTB
2529731660,2725879,2,pelvis,terminal,0.2804,1.5048,0.3091,-65.8569,-188.2324,-157.1045,t008,FIJTB
2529731660,2725895,2,pelvis,terminal,0.2382,1.3068,-0.0692,-41.5649,-197.6318,-183.3496,t008,FIJTB
2529731711,2725911,2,pelvis,terminal,-0.0447,0.9048,-0.5352,-59.2651,-148.2544,-185.3638,t008,FIJTB
2529731713,2725927,2,pelvis,swing,0.4276,1.1666,-0.7119,-79.6509,-24.9023,-150.1465,t008,FIJTB
2529731714,2725943,2,pelvis,swing,0.6614,1.1714,-0.6748,-41.0156,-1.6479,-103.6377,t008,FIJTB
2529731770,2725960,2,pelvis,swing,0.4999,0.8645,-0.4353,-23.7427,-20.3247,-84.2895,t008,FIJTB
2529731770,2725976,2,pelvis,swing,-0.0059,0.5066,-0.2218,-16.9678,-62.8052,-21.7285,t008,FIJTB
2529731771,2725992,2,pelvis,swing,-0.2938,0.2836,-0.2423,3.6621,-65.6738,6.5918,t008,FIJTB
2529731796,2726008,2,pelvis,swing,-0.6556,0.2688,-0.1907,6.4087,-62.1948,24.1699,t008,FIJTB
2529731823,2726024,2,pelvis,swing,-0.7119,0.4415,0.0200,11.9019,-61.4014,88.3789,t008,FIJTB
2529731824,2726040,2,pelvis,swing,-0.4882,0.3138,0.1848,23.1323,-57.7393,107.4219,t008,FIJTB
2529731824,2726056,2,pelvis,swing,-0.0378,0.3373,0.1143,31.1890,-29.5410,96.4355,t008,FIJTB
2529731878,2726071,2,pelvis,swing,0.0850,0.5547,0.1135,57.1899,-15.4419,127.0752,t008,FIJTB
2529731879,2726087,2,pelvis,swing,-0.0773,0.6174,0.2131,73.1812,-19.4092,148.5596,t008,FIJTB
2529731880,2726103,2,pelvis,swing,-0.2693,0.5043,0.2185,82.8247,-33.2642,189.2090,t008,FIJTB
2529731931,2726119,2,pelvis,swing,-0.4335,0.5475,0.1321,72.4487,-29.9683,210.9375,t008,FIJTB
2529731932,2726135,2,pelvis,swing,-0.2023,0.9187,0.1254,50.2930,10.8032,248.7182,t008,FIJTB
2529731933,2726150,2,pelvis,swing,-0.1102,1.0790,0.1658,47.9736,65.7349,255.3711,t008,FIJTB
2529731933,2726166,2,pelvis,swing,0.0282,1.2765,0.0658,48.0347,79.2236,249.0845,t008,FIJTB
2529731988,2726182,2,pelvis,swing,0.1206,1.3794,-0.0089,48.8281,68.2373,241.8823,t008,FIJTB
2529731989,2726198,2,pelvis,swing,0.1892,1.5513,-0.1052,50.1099,52.6733,242.7368,t008,FIJTB
2529731989,2726214,2,pelvis,swing,0.3530,1.6661,-0.1266,51.7578,23.2544,238.8916,t008,FIJTB
2529732038,2726229,2,pelvis,swing,0.3970,1.6675,-0.1078,58.0444,-2.1362,232.2998,t008,FIJTB
2529732041,2726245,2,pelvis,swing,0.2192,1.5764,-0.0424,59.6313,-10.7422,228.3325,t008,FIJTB
2529732041,2726261,2,pelvis,swing,0.1757,1.5568,-0.0081,58.3496,-7.3853,216.9800,t008,FIJTB
2529732041,2726277,2,pelvis,swing,0.1927,1.4908,0.0244,55.8472,1.4648,200.5005,t008,FIJTB
2529732094,2726293,2,pelvis,swing,0.1091,1.4354,-0.0148,53.5278,3.3569,191.5283,t008,FIJTB
2529732095,2726308,2,pelvis,swing,0.0808,1.4048,-0.0315,50.9644,9.2773,169.4336,t008,FIJTB
2529732095,2726324,2,pelvis,swing,0.1422,1.3145,-0.0884,49.7436,14.4653,156.9214,t008,FIJTB
2529732145,2726340,2,pelvis,swing,0.2015,1.2794,-0.1045,46.1426,25.8789,140.8081,t008,FIJTB
2529732147,2726356,2,pelvis,swing,0.2576,1.2407,-0.0858,44.9219,29.0527,137.5122,t008,FIJTB
2529732148,2726371,2,pelvis,swing,0.1437,1.1875,-0.0764,45.5322,28.8696,125.4883,t008,FIJTB
2529732168,2726387,2,pelvis,swing,0.0826,1.1169,-0.0890,41.5649,31.9214,106.8726,t008,FIJTB
2529732203,2726403,2,pelvis,swing,0.1165,1.0255,-0.1292,36.4380,37.3535,100.7080,t008,FIJTB
2529732203,2726419,2,pelvis,swing,0.1425,1.0155,-0.1561,29.8462,47.6074,88.5010,t008,FIJTB
2529732204,2726434,2,pelvis,swing,0.1250,0.9550,-0.2340,28.0151,49.8657,79.2236,t008,FIJTB
2529732254,2726450,2,pelvis,swing,0.2019,0.9264,-0.2795,22.5830,47.4853,55.4810,t008,FIJTB
2529732255,2726466,2,pelvis,loading,0.2020,0.9102,-0.2823,15.9302,35.8276,34.9121,t008,FIJTB
2529732255,2726482,2,pelvis,loading,0.0885,0.8582,-0.2852,9.6436,29.9683,23.9868,t008,FIJTB
2529732280,2726498,2,pelvis,loading,0.0748,0.8514,-0.2964,-8.7280,29.1138,-2.0142,t008,FIJTB
2529732314,2726514,2,pelvis,loading,0.1738,0.8625,-0.3242,-24.5972,35.1563,-22.5830,t008,FIJTB
2529732315,2726530,2,pelvis,loading,0.0123,0.9561,-0.3743,-34.4238,36.6821,-27.8931,t008,FIJTB
2529732315,2726546,2,pelvis,loading,0.0326,0.9379,-0.4094,-43.3350,51.6968,-42.0532,t008,FIJTB
2529732368,2726562,2,pelvis,loading,0.1198,0.9917,-0.0657,-46.7529,65.4907,-64.8804,t008,FIJTB
2529732368,2726578,2,pelvis,loading,-0.9192,1.1344,0.7742,-35.0342,67.2607,-53.1616,t008,FIJTB
2529732369,2726594,2,pelvis,loading,-1.3290,1.0623,0.7416,-53.9551,9.6436,-90.8203,t008,FIJTB
2529732423,2726610,2,pelvis,loading,0.1705,1.7302,0.0297,-65.0635,-0.2441,-152.5269,t008,FIJTB
2529732424,2726626,2,pelvis,loading,0.7656,1.7606,-0.1145,-61.4014,56.8848,-145.1416,t008,FIJTB
2529732424,2726642,2,pelvis,loading,-0.4590,0.7174,-0.0267,-66.4063,44.2505,-97.1680,t008,FIJTB
2529732424,2726658,2,pelvis,loading,-0.3414,1.2488,-0.1166,-122.1924,23.1323,-76.7822,t008,FIJTB
2529732470,2726674,2,pelvis,loading,0.0297,1.3442,-0.2063,-79.4067,58.1665,-97.8393,t008,FIJTB
2529732476,2726690,2,pelvis,loading,-0.0886,0.7777,-0.1021,-10.6812,65.0024,-81.9702,t008,FIJTB
2529732476,2726706,2,pelvis,loading,0.0052,1.0195,-0.0776,13.3057,24.9634,-64.0259,t008,FIJTB
2529732533,2726722,2,pelvis,loading,0.0276,0.9443,0.0070,-7.0801,-13.3667,-49.4995,t008,FIJTB
2529732533,2726738,2,pelvis,loading,-0.0901,0.9781,-0.0162,-16.7847,-26.3672,-29.3579,t008,FIJTB
2529732534,2726754,2,pelvis,loading,-0.1768,0.9993,0.0082,-20.8130,-26.7944,-22.6440,t008,FIJTB
2529732534,2726770,2,pelvis,loading,-0.2356,0.9685,0.0210,-13.7939,-5.9204,-30.3955,t008,FIJTB
2529732587,2726786,2,pelvis,loading,-0.2150,0.9692,0.0189,-12.8784,2.1362,-29.7241,t008,FIJTB
2529732587,2726802,2,pelvis,loading,-0.1807,1.0170,0.0082,-16.8457,17.0898,-28.0151,t008,FIJTB
2529732587,2726818,2,pelvis,loading,-0.1649,0.9688,-0.0493,-16.1133,22.5830,-29.6020,t008,FIJTB
2529732643,2726834,2,pelvis,loading,-0.0862,0.9652,-0.0547,-10.6201,11.4746,-25.8179,t008,FIJTB
2529732643,2726850,2,pelvis,loading,-0.0863,0.9694,-0.0388,-10.1929,-9.0332,-18.2495,t008,FIJTB
2529732644,2726866,2,pelvis,loading,-0.1355,0.9911,0.0081,-11.3525,-14.6484,-16.2354,t008,FIJTB
2529732696,2726882,2,pelvis,loading,-0.1519,0.9779,0.0194,-10.1929,-13.4888,-18.3105,t008,FIJTB
2529732698,2726899,2,pelvis,midstance,-0.1326,0.9653,0.0153,-11.2915,-7.9346,-23.1323,t008,FIJTB
2529732698,2726915,2,pelvis,midstance,-0.1055,0.9838,-0.0220,-14.3433,-6.7749,-23.0713,t008,FIJTB
2529732699,2726931,2,pelvis,midstance,-0.1053,0.9695,-0.0337,-18.5547,-8.9722,-18.6768,t008,FIJTB
2529732755,2726947,2,pelvis,midstance,-0.1096,0.9701,-0.0325,-20.0806,-12.0239,-15.5029,t008,FIJTB
2529732756,2726963,2,pelvis,midstance,-0.1154,0.9746,-0.0364,-22.4609,-17.5781,-11.5967,t008,FIJTB
2529732756,2726979,2,pelvis,midstance,-0.1207,0.9939,-0.0422,-24.2920,-16.5405,-13.6108,t008,FIJTB
2529732809,2726995,2,pelvis,midstance,-0.1323,0.9725,-0.0518,-22.8882,-14.7095,-16.3574,t008,FIJTB
2529732811,2727012,2,pelvis,midstance,-0.1086,0.9661,-0.0424,-20.3857,-13.4888,-19.8364,t008,FIJTB
2529732811,2727028,2,pelvis,midstance,-0.1111,0.9570,-0.0444,-19.8364,-12.4512,-19.8364,t008,FIJTB
2529732811,2727044,2,pelvis,midstance,-0.0925,0.9791,-0.0542,-20.0195,-11.1084,-20.5078,t008,FIJTB
2529732866,2727060,2,pelvis,midstance,-0.0906,0.9789,-0.0719,-19.9585,-8.3618,-23.2544,t008,FIJTB
2529732867,2727077,2,pelvis,midstance,-0.0851,0.9764,-0.0752,-18.7988,-7.0190,-26.8555,t008,FIJTB
2529732867,2727093,2,pelvis,midstance,-0.0841,0.9723,-0.0812,-18.4326,-6.2866,-28.1372,t008,FIJTB
2529732922,2727109,2,pelvis,midstance,-0.0780,0.9750,-0.0778,-18.5547,-4.6997,-30.1514,t008,FIJTB
2529732922,2727125,2,pelvis,midstance,-0.0588,0.9854,-0.0813,-18.7378,-4.3945,-30.8228,t008,FIJTB
2529732923,2727141,2,pelvis,midstance,-0.0636,0.9736,-0.0957,-18.6768,-5.0659,-32.0435,t008,FIJTB
2529732923,2727157,2,pelvis,midstance,-0.0560,0.9640,-0.0945,-17.6392,-5.0049,-34.9121,t008,FIJTB
2529732978,2727173,2,pelvis,midstance,-0.0266,0.9677,-0.0823,-17.2119,-4.0894,-35.8276,t008,FIJTB
2529732979,2727190,2,pelvis,midstance,-0.0375,0.9907,-0.1261,-18.5547,-0.9766,-38.0249,t008,FIJTB
2529732980,2727206,2,pelvis,midstance,-0.0560,0.9972,-0.1497,-19.4702,-0.4272,-45.1050,t008,FIJTB
2529733031,2727222,2,pelvis,midstance,-0.0258,1.0095,-0.1487,-20.0195,-0.4883,-50.7812,t008,FIJTB
2529733034,2727238,2,pelvis,midstance,-0.0001,1.0046,-0.1261,-20.5688,-0.6714,-51.3306,t008,FIJTB
2529733034,2727254,2,pelvis,midstance,0.0320,1.0148,-0.1134,-21.9727,-2.1362,-46.5698,t008,FIJTB
2529733034,2727270,2,pelvis,midstance,0.0566,0.9984,-0.1298,-23.1934,-3.4180,-45.5322,t008,FIJTB
2529733088,2727286,2,pelvis,midstance,0.0676,1.0012,-0.1356,-25.0244,-6.8970,-44.0674,t008,FIJTB
2529733089,2727302,2,pelvis,midstance,0.0414,1.0095,-0.1592,-25.1465,-8.8501,-43.7012,t008,FIJTB
2529733089,2727318,2,pelvis,midstance,0.0310,1.0293,-0.1766,-24.9634,-11.5356,-46.9360,t008,FIJTB
2529733140,2727334,2,pelvis,midstance,0.0381,1.0286,-0.1799,-25.2075,-14.0381,-52.6123,t008,FIJTB
2529733140,2727350,2,pelvis,terminal,0.0544,1.0433,-0.1599,-25.5127,-15.7471,-55.0537,t008,FIJTB
2529733141,2727367,2,pelvis,terminal,0.0612,1.0604,-0.1522,-31.4331,-18.9819,-61.8286,t008,FIJTB
2529733146,2727383,2,pelvis,terminal,0.0508,1.0865,-0.1669,-38.0249,-22.0337,-71.4111,t008,FIJTB
2529733201,2727399,2,pelvis,terminal,0.0469,1.1366,-0.1694,-43.2129,-22.0337,-76.6602,t008,FIJTB
2529733201,2727415,2,pelvis,terminal,0.0410,1.1750,-0.1642,-51.7578,-22.3999,-89.6606,t008,FIJTB
2529733202,2727431,2,pelvis,terminal,0.0127,1.2837,-0.1624,-51.0864,-24.2920,-99.6704,t008,FIJTB
2529733254,2727447,2,pelvis,terminal,-0.0094,1.3737,-0.1715,-56.9458,-33.9355,-126.3428,t008,FIJTB
2529733257,2727463,2,pelvis,terminal,-0.0114,1.4042,-0.1351,-72.3267,-53.4668,-132.6904,t008,FIJTB
2529733258,2727479,2,pelvis,terminal,0.0547,1.4613,-0.0173,-80.2612,-65.3076,-132.9346,t008,FIJTB
2529733267,2727495,2,pelvis,terminal,0.1385,1.6105,0.1906,-98.2666,-107.2388,-148.4985,t008,FIJTB
2529733312,2727511,2,pelvis,terminal,0.1350,1.6793,0.3096,-100.5249,-178.4668,-172.0581,t008,FIJTB
2529733313,2727527,2,pelvis,terminal,0.1339,1.5690,0.1219,-83.4961,-213.3179,-184.2041,t008,FIJTB
2529733313,2727543,2,pelvis,terminal,0.0671,1.3357,-0.2742,-72.7539,-194.8852,-203.5522,t008,FIJTB
2529733364,2727559,2,pelvis,terminal,0.0397,1.1023,-0.6396,-88.0737,-128.9062,-192.3218,t008,FIJTB
2529733367,2727575,2,pelvis,terminal,0.6674,1.2245,-0.6383,-78.7964,-15.6860,-126.4648,t008,FIJTB
2529733368,2727591,2,pelvis,terminal,0.7550,1.0322,-0.6724,-35.0342,-27.9541,-49.9268,t008,FIJTB
2529733422,2727607,2,pelvis,terminal,0.1738,0.6686,-0.5773,-22.5220,-55.7861,-12.6953,t008,FIJTB
2529733423,2727623,2,pelvis,terminal,-0.4796,0.1902,-0.0955,9.8267,-67.8711,-4.5776,t008,FIJTB
2529733423,2727639,2,pelvis,terminal,-0.7292,0.0524,0.0663,10.1929,-55.2368,6.3477,t008,FIJTB
2529733423,2727654,2,pelvis,terminal,-0.7582,0.1904,0.2987,11.2915,-64.7583,45.1050,t008,FIJTB
2529733473,2727670,2,pelvis,terminal,-0.5167,0.2836,0.2733,15.0146,-52.0019,96.0083,t008,FIJTB
2529733475,2727686,2,pelvis,terminal,-0.0751,0.3064,0.1282,20.3857,-28.1372,105.1025,t008,FIJTB
2529733476,2727702,2,pelvis,terminal,-0.0154,0.4650,0.2223,41.2598,10.1929,134.3384,t008,FIJTB
2529733531,2727718,2,pelvis,terminal,-0.1046,0.5471,0.2612,69.7632,15.4419,193.8476,t008,FIJTB
2529733532,2727734,2,pelvis,terminal,-0.2167,0.5166,0.1893,81.6650,14.0991,215.2099,t008,FIJTB
2529733532,2727749,2,pelvis,terminal,-0.2753,0.4989,0.0997,75.3174,22.4609,246.1548,t008,FIJTB
2529733532,2727765,2,pelvis,terminal,-0.3217,0.7981,0.1527,67.3828,34.8511,269.1040,t008,FIJTB
2529733582,2727781,2,pelvis,terminal,-0.0427,1.1841,0.1006,70.5566,86.5478,270.6299,t008,FIJTB
2529733583,2727797,2,pelvis,terminal,0.0974,1.2722,-0.0341,73.0591,115.2344,254.2114,t008,FIJTB
2529733583,2727812,2,pelvis,swing,0.2002,1.4690,-0.1787,74.4629,102.4780,256.2256,t008,FIJTB
2529733643,2727828,2,pelvis,swing,0.2460,1.5842,-0.2349,74.1577,64.8193,253.2348,t008,FIJTB
2529733643,2727844,2,pelvis,swing,0.4189,1.7828,-0.3582,71.7163,52.5513,249.3286,t008,FIJTB
2529733644,2727860,2,pelvis,swing,0.3461,1.7830,-0.4445,66.2231,35.4614,236.5112,t008,FIJTB
2529733644,2727875,2,pelvis,swing,0.3087,1.7751,-0.4590,65.1855,38.9404,221.0693,t008,FIJTB
2529733696,2727891,2,pelvis,swing,0.2974,1.5616,-0.4237,65.4907,48.4619,212.2192,t008,FIJTB
2529733696,2727907,2,pelvis,swing,0.2614,1.4333,-0.4214,52.3682,55.2978,194.7632,t008,FIJTB
2529733698,2727923,2,pelvis,swing,0.2115,1.3824,-0.4639,43.1519,52.4292,188.5376,t008,FIJTB
2529733733,2727939,2,pelvis,swing,0.1892,1.2981,-0.4194,36.4990,45.5933,178.1616,t008,FIJTB
2529733754,2727954,2,pelvis,swing,0.1591,1.2499,-0.3596,36.8652,29.9683,161.8042,t008,FIJTB
2529733754,2727970,2,pelvis,swing,0.1185,1.2307,-0.2384,34.9731,21.7285,152.0386,t008,FIJTB
2529733755,2727986,2,pelvis,swing,0.2664,1.1720,-0.1288,38.3911,8.3008,120.6665,t008,FIJTB
2529733805,2728002,2,pelvis,swing,0.2572,1.1434,-0.0955,41.5039,-3.4790,98.8769,t008,FIJTB
2529733807,2728017,2,pelvis,swing,-0.0304,1.0221,-0.1522,34.7290,-22.1558,93.9941,t008,FIJTB
2529733807,2728033,2,pelvis,swing,0.0455,0.9567,-0.1692,26.6724,-22.7661,70.7397,t008,FIJTB
2529733863,2728049,2,pelvis,swing,0.2443,0.9757,-0.2142,22.6440,-25.4517,61.8286,t008,FIJTB
2529733864,2728065,2,pelvis,swing,0.2052,0.9641,-0.1776,18.5547,-35.5225,51.8799,t008,FIJTB
2529733864,2728081,2,pelvis,swing,0.0166,0.8704,-0.1235,15.6860,-40.5273,41.2598,t008,FIJTB
2529733864,2728097,2,pelvis,swing,-0.0308,0.9006,-0.1561,0.4272,-40.1611,20.0806,t008,FIJTB
2529733915,2728113,2,pelvis,swing,-0.0254,0.9430,-0.1562,-9.5825,-22.6440,5.3101,t008,FIJTB
2529733917,2728129,2,pelvis,swing,-0.0162,0.9224,-0.1147,-8.7280,-12.8174,-7.3242,t008,FIJTB
2529733918,2728145,2,pelvis,swing,-0.0212,0.8668,-0.1113,-9.6436,-3.4790,-36.0107,t008,FIJTB
2529733974,2728161,2,pelvis,swing,-0.0532,0.8789,-0.1107,-19.7144,-2.1973,-51.0254,t008,FIJTB
2529733974,2728178,2,pelvis,swing,-0.1254,0.9271,-0.0685,-23.6816,0.6714,-55.6030,t008,FIJTB
2529733975,2728194,2,pelvis,swing,-0.1450,0.9269,-0.0450,-27.8320,11.2915,-67.7490,t008,FIJTB
2529733982,2728210,2,pelvis,swing,-0.1482,0.9252,-0.0325,-30.6396,22.5220,-73.7915,t008,FIJTB
2529734027,2728226,2,pelvis,swing,-0.4463,1.0277,0.1570,-28.3203,23.6816,-66.7725,t008,FIJTB
2529734028,2728242,2,pelvis,swing,-0.7506,1.0282,0.3596,-3.4180,26.0620,-36.5601,t008,FIJTB
2529734028,2728258,2,pelvis,swing,-1.3586,0.8484,0.4889,13.0615,28.8696,-23.9258,t008,FIJTB
2529734063,2728274,2,pelvis,swing,-0.6940,0.6849,0.0540,5.0659,39.6729,-47.3022,t008,FIJTB
2529734082,2728290,2,pelvis,swing,-0.1301,0.9075,0.1383,-4.2725,60.9131,-68.5425,t008,FIJTB
2529734083,2728306,2,pelvis,swing,0.0638,1.2261,0.2992,2.9907,62.5610,-57.1899,t008,FIJTB
2529734090,2728322,2,pelvis,swing,-0.1328,1.2562,0.2390,2.9907,16.1133,-48.1567,t008,FIJTB
2529734135,2728337,2,pelvis,swing,-0.2754,1.1284,0.0232,-5.9204,-3.7842,-54.0771,t008,FIJTB
2529734137,2728353,2,pelvis,swing,-0.4176,0.9347,-0.0283,-35.7666,15.5640,-48.4619,t008,FIJTB
2529734137,2728369,2,pelvis,swing,-0.4078,0.9862,0.0559,-42.3584,38.5132,-54.1992,t008,FIJTB
2529734192,2728385,2,pelvis,swing,-0.2959,0.9139,0.0448,-27.8320,40.8325,-60.4248,t008,FIJTB
2529734193,2728401,2,pelvis,swing,-0.2827,0.8665,-0.0713,-10.3149,39.1235,-42.9687,t008,FIJTB
2529734193,2728417,2,pelvis,swing,-0.1884,0.9323,-0.1301,-10.4980,34.1187,-27.7100,t008,FIJTB
2529734246,2728433,2,pelvis,swing,-0.1638,0.9443,-0.0043,-9.7656,32.2876,-24.7803,t008,FIJTB
2529734247,2728449,2,pelvis,swing,-0.1553,0.9489,0.0294,-6.4697,27.9541,-14.4653,t008,FIJTB
2529734248,2728465,2,pelvis,swing,-0.1730,0.9518,0.0885,-8.0566,25.5737,-10.2539,t008,FIJTB
2529734248,2728481,2,pelvis,swing,-0.2444,0.9637,0.0593,-9.9487,17.7002,-3.9062,t008,FIJTB
2529734303,2728497,2,pelvis,swing,-0.2009,1.0027,0.0178,-9.6436,17.5171,-4.0894,t008,FIJTB
2529734303,2728513,2,pelvis,swing,-0.2457,0.9697,0.0665,-10.4980,20.2637,-0.9155,t008,FIJTB
2529734304,2728529,2,pelvis,swing,-0.3177,0.9274,0.0695,-10.7422,20.2637,-3.1128,t008,FIJTB
2529734355,2728545,2,pelvis,swing,-0.2415,0.9779,-0.0381,-8.8501,19.3481,-5.2490,t008,FIJTB
2529734358,2728561,2,pelvis,swing,-0.2596,0.9491,-0.0237,-2.8687,17.3340,-0.8545,t008,FIJTB
2529734358,2728577,2,pelvis,swing,-0.3219,0.9363,0.0018,-1.9531,12.2681,-2.1973,t008,FIJTB
2529734414,2728593,2,pelvis,swing,-0.3246,0.9279,0.0227,0.1831,10.0708,-7.8125,t008,FIJTB
2529734414,2728609,2,pelvis,swing,-0.2112,0.9774,0.0088,8.4229,6.3477,-12.8784,t008,FIJTB
2529734415,2728625,2,pelvis,swing,-0.2354,0.9530,0.0277,2.6245,0.1831,-14.2822,t008,FIJTB
2529734415,2728640,2,pelvis,swing,-0.2848,0.9338,0.0425,-1.2817,-3.1128,-15.6250,t008,FIJTB
2529734467,2728657,2,pelvis,swing,-0.2616,0.9497,0.0216,-0.3662,-7.0801,-16.4795,t008,FIJTB
2529734468,2728673,2,pelvis,swing,-0.2241,0.9946,0.0125,1.0986,-7.3242,-16.5405,t008,FIJTB
2529734469,2728688,2,pelvis,swing,-0.2610,0.9417,0.0347,1.7700,-4.5166,-19.4092,t008,FIJTB
2529734470,2728704,2,pelvis,swing,-0.2339,0.9301,0.0382,4.3945,-3.9062,-20.9351,t008,FIJTB
2529734524,2728720,2,pelvis,swing,-0.1760,0.9681,0.0198,4.3335,-5.5542,-18.4326,t008,FIJTB
2529734525,2728736,2,pelvis,swing,-0.1514,0.9902,0.0168,7.1411,-8.3618,-11.1084,t008,FIJTB
2529734525,2728752,2,pelvis,swing,-0.2280,0.9421,0.0280,7.8125,-9.1553,-9.8267,t008,FIJTB
2529734578,2728768,2,pelvis,swing,-0.2301,0.9509,0.0299,7.3853,-9.2163,-10.1929,t008,FIJTB
2529734580,2728784,2,pelvis,swing,-0.2279,0.9480,0.0316,8.9722,-8.4229,-10.2539,t008,FIJTB
2529734580,2728800,2,pelvis,swing,-0.2416,0.9376,0.0374,9.5215,-8.4229,-10.2539,t008,FIJTB
2529734580,2728816,2,pelvis,swing,-0.2172,0.9565,0.0337,10.1318,-8.4839,-10.4370,t008,FIJTB
2529734634,2728832,2,pelvis,swing,-0.1851,0.9657,0.0360,10.4980,-6.5918,-7.8735,t008,FIJTB
2529734635,2728848,2,pelvis,swing,-0.2268,0.9346,0.0708,9.5215,-5.9814,-7.1411,t008,FIJTB
2529734635,2728864,2,pelvis,swing,-0.2006,0.9440,0.0703,7.1411,-6.7139,-8.1787,t008,FIJTB
2529734688,2728879,2,pelvis,swing,-0.1566,0.9807,0.0504,7.0190,-8.6670,-7.3853,t008,FIJTB
2529734690,2728895,2,pelvis,swing,-0.2112,0.9622,0.0493,9.6436,-12.8174,-5.4321,t008,FIJTB
2529734690,2728911,2,pelvis,swing,-0.2286,0.9506,0.0496,11.5967,-16.1133,-7.9346,t008,FIJTB
2529734691,2728927,2,pelvis,swing,-0.1979,0.9594,0.0566,11.9629,-17.8223,-9.4604,t008,FIJTB
2529734744,2728943,2,pelvis,swing,-0.1847,0.9634,0.0668,14.4043,-23.0103,-12.3291,t008,FIJTB
2529734745,2728959,2,pelvis,swing,-0.2122,0.9530,0.0619,15.6860,-25.8179,-13.6719,t008,FIJTB
2529734745,2728975,2,pelvis,swing,-0.2173,0.9545,0.0681,16.5405,-29.5410,-16.6016,t008,FIJTB
2529734796,2728991,2,pelvis,swing,-0.2003,0.9589,0.0775,15.6250,-31.1890,-20.7520,t008,FIJTB
2529734797,2729007,2,pelvis,swing,-0.1600,0.9568,0.0746,15.0146,-31.3721,-21.2402,t008,FIJTB
2529734798,2729023,2,pelvis,swing,-0.1494,0.9579,0.0734,14.7705,-31.3721,-16.1743,t008,FIJTB
2529734852,2729039,2,pelvis,swing,-0.1356,0.9705,0.0881,14.2822,-29.2358,-8.7280,t008,FIJTB
2529734853,2729055,2,pelvis,swing,-0.1492,0.9906,0.0710,15.0146,-28.0762,-6.7749,t008,FIJTB
2529734853,2729070,2,pelvis,swing,-0.1768,0.9860,0.0616,19.2871,-27.0386,-8.8501,t008,FIJTB
2529734853,2729086,2,pelvis,swing,-0.2052,0.9849,0.0688,20.5688,-26.4282,-11.3525,t008,FIJTB
2529734906,2729102,2,pelvis,swing,-0.2080,0.9742,0.0756,20.3247,-23.5596,-15.8081,t008,FIJTB
2529734907,2729118,2,pelvis,swing,-0.1992,0.9742,0.0817,17.2119,-21.6675,-17.5781,t008,FIJTB
2529734907,2729134,2,pelvis,swing,-0.1609,0.9684,0.0917,16.3574,-20.3247,-18.4937,t008,FIJTB
2529734962,2729150,2,pelvis,swing,-0.1464,0.9709,0.0929,16.2354,-16.3574,-18.5547,t008,FIJTB
2529734962,2729166,2,pelvis,swing,-0.1682,0.9681,0.0979,16.4795,-14.5874,-18.0054,t008,FIJTB
2529734962,2729182,2,pelvis,swing,-0.1675,0.9528,0.1106,16.6016,-12.0239,-20.1416,t008,FIJTB
2529734963,2729198,2,pelvis,swing,-0.1398,0.9478,0.1108,16.5405,-13.2446,-21.0571,t008,FIJTB
2529735014,2729214,2,pelvis,swing,-0.0850,0.9537,0.1063,17.4561,-16.2354,-17.5171,t008,FIJTB
2529735015,2729229,2,pelvis,swing,-0.0625,0.9993,0.1129,19.7754,-22.9492,-7.9346,t008,FIJTB
2529735016,2729245,2,pelvis,swing,-0.0997,0.9926,0.1234,19.6533,-22.9492,-4.8828,t008,FIJTB
2529735070,2729261,2,pelvis,swing,-0.1470,0.9442,0.1177,18.1274,-20.6909,-7.2632,t008,FIJTB
2529735070,2729277,2,pelvis,swing,-0.1281,0.9772,0.1217,18.5547,-22.6440,-8.5449,t008,FIJTB
2529735071,2729293,2,pelvis,swing,-0.1061,1.0065,0.1343,18.1885,-21.8506,-9.3994,t008,FIJTB
2529735120,2729309,2,pelvis,swing,-0.1521,0.9355,0.1306,10.9253,-19.7144,-12.4512,t008,FIJTB
2529735122,2729325,2,pelvis,swing,-0.1727,0.9080,0.1350,-3.0518,-23.1323,-15.5029,t008,FIJTB
2529735123,2729341,2,pelvis,swing,-0.1202,0.9211,0.1365,-10.6812,-27.1606,-17.0898,t008,FIJTB
2529735123,2729357,2,pelvis,swing,-0.0823,0.9458,0.1592,-8.9111,-38.1470,-12.1460,t008,FIJTB
2529735169,2729373,2,pelvis,swing,-0.0559,1.0695,0.1187,-3.2349,-45.0439,-5.8594,t008,FIJTB
2529735177,2729389,2,pelvis,swing,0.1152,1.0443,-0.0511,-17.8223,-63.2324,-6.4697,t008,FIJTB
2529735177,2729405,2,pelvis,swing,0.2831,1.0779,-0.0856,-7.2632,-137.3901,-22.8882,t008,FIJTB
2529735228,2729421,2,pelvis,swing,0.3864,1.2007,-0.1514,13.7329,-199.1577,-24.7192,t008,FIJTB
2529735230,2729437,2,pelvis,swing,0.3220,1.2986,-0.1660,45.2881,-320.4956,-22.3389,t008,FIJTB
2529735231,2729453,2,pelvis,swing,0.0477,0.9784,-0.1802,89.5386,-429.3823,-38.8794,t008,FIJTB
2529735239,2729469,2,pelvis,swing,-0.6478,0.9558,-0.1904,94.6655,-472.2900,-36.3770,t008,FIJTB
2529735283,2729485,2,pelvis,swing,-0.8752,1.0450,0.0110,87.5854,-461.9751,-30.7617,t008,FIJTB
2529735284,2729501,2,pelvis,swing,-0.5552,0.8705,0.3611,83.8013,-407.2876,-46.5088,t008,FIJTB
2529735284,2729517,2,pelvis,swing,-0.4047,0.8142,0.2312,61.0352,-306.6406,-61.2793,t008,FIJTB
2529735332,2729533,2,pelvis,swing,-0.5015,0.8429,0.1995,20.8130,-228.0884,-54.4434,t008,FIJTB
2529735335,2729549,2,pelvis,swing,-0.4998,0.9076,0.2538,-3.1738,-184.0210,-59.0820,t008,FIJTB
2529735335,2729565,2,pelvis,swing,-0.2783,0.9904,0.2570,-11.1084,-98.7549,-56.1523,t008,FIJTB
2529735388,2729581,2,pelvis,swing,-0.0342,0.9620,0.1975,-4.0283,-50.4150,-22.8271,t008,FIJTB
2529735389,2729597,2,pelvis,swing,-0.3027,0.8254,0.2692,-10.7422,-36.5601,-4.8218,t008,FIJTB
2529735390,2729613,2,pelvis,swing,-0.2705,0.7805,0.2505,-28.8086,-12.5122,2.7466,t008,FIJTB
2529735438,2729629,2,pelvis,swing,-0.1819,0.8286,0.1743,-30.2734,-6.4697,7.1411,t008,FIJTB
2529735440,2729645,2,pelvis,swing,-0.2325,0.8462,0.1356,-20.7520,-5.0049,16.5405,t008,FIJTB
2529735441,2729661,2,pelvis,swing,-0.2252,0.8387,0.1539,-10.5591,-12.5122,12.2070,t008,FIJTB
2529735442,2729677,2,pelvis,swing,-0.1549,0.8301,0.0853,-5.4321,-20.2637,10.1929,t008,FIJTB
2529735494,2729693,2,pelvis,swing,-0.1560,0.8326,0.0388,4.5776,-35.6445,19.1040,t008,FIJTB
2529735495,2729709,2,pelvis,swing,-0.2041,0.8447,0.0807,9.2773,-41.5649,23.8037,t008,FIJTB
2529735496,2729724,2,pelvis,swing,-0.1652,0.8887,0.0735,15.2588,-59.5703,22.0947,t008,FIJTB
2529735545,2729740,2,pelvis,swing,-0.1548,0.9287,0.0631,15.1367,-82.0923,22.1558,t008,FIJTB
2529735547,2729756,2,pelvis,swing,-0.0942,1.0131,-0.0251,16.6016,-92.8345,24.5361,t008,FIJTB
2529735548,2729772,2,pelvis,swing,-0.0725,1.0309,-0.0626,20.2637,-104.2480,28.1372,t008,FIJTB
2529735602,2729788,2,pelvis,swing,-0.1086,1.0070,-0.0350,25.8789,-106.3843,31.3721,t008,FIJTB
2529735602,2729804,2,pelvis,swing,-0.1625,0.9768,-0.0411,26.8555,-104.5532,29.1138,t008,FIJTB
2529735603,2729820,2,pelvis,swing,-0.1732,0.9724,-0.0233,22.2168,-95.1538,28.1982,t008,FIJTB
2529735603,2729836,2,pelvis,swing,-0.1143,1.0045,0.0538,19.6533,-89.1113,28.3203,t008,FIJTB
2529735653,2729852,2,pelvis,swing,-0.1975,0.9901,0.0831,18.3716,-77.2095,19.4702,t008,FIJTB
2529735655,2729868,2,pelvis,swing,-0.2567,0.9808,0.0803,13.4888,-58.7158,5.4932,t008,FIJTB
2529735656,2729883,2,pelvis,swing,-0.2382,0.9629,0.0555,9.2163,-44.8608,-0.8545,t008,FIJTB
2529735709,2729899,2,pelvis,swing,-0.1639,0.9650,0.0649,1.8921,-19.5923,-2.1973,t008,FIJTB
2529735710,2729915,2,pelvis,swing,-0.1199,0.9915,0.0925,0.9155,-12.5732,0.8545,t008,FIJTB
2529735710,2729931,2,pelvis,swing,-0.2773,0.9557,0.1024,0.0610,-3.1128,3.3569,t008,FIJTB
2529735710,2729947,2,pelvis,swing,-0.2771,0.9404,0.0986,-5.3711,10.7422,-4.9438,t008,FIJTB
2529735762,2729963,2,pelvis,swing,-0.1167,0.9517,0.0870,-8.3618,15.9912,-4.8218,t008,FIJTB
2529735762,2729978,2,pelvis,swing,-0.0967,0.9547,0.0902,-10.3149,16.3574,-0.7324,t008,FIJTB
2529735762,2729994,2,pelvis,swing,-0.1851,0.9524,0.1021,-10.0098,13.2446,-0.6714,t008,FIJTB
2529735815,2730010,2,pelvis,swing,-0.1709,0.9922,0.0654,-11.4746,6.7139,-3.6621,t008,FIJTB
2529735815,2730026,2,pelvis,swing,-0.1450,1.0048,0.0615,-12.3291,-4.2725,-5.4321,t008,FIJTB
2529735816,2730042,2,pelvis,swing,-0.1775,0.9712,0.1018,-11.7187,-10.2539,-6.5918,t008,FIJTB
2529735866,2730058,2,pelvis,swing,-0.1959,0.9587,0.1062,-12.6953,-15.8081,-8.3618,t008,FIJTB
2529735868,2730074,2,pelvis,swing,-0.1754,0.9561,0.1202,-13.4277,-17.5171,-7.2632,t008,FIJTB
2529735869,2730090,2,pelvis,swing,-0.2074,0.9625,0.1754,-13.9160,-19.3481,-7.2632,t008,FIJTB
2529735911,2730106,2,pelvis,swing,-0.2285,0.9725,0.1854,-15.3809,-19.2871,-10.1929,t008,FIJTB
2529735922,2730122,2,pelvis,swing,-0.2466,0.9551,0.1841,-15.7471,-17.3340,-12.8174,t008,FIJTB
2529735923,2730138,2,pelvis,swing,-0.2292,0.9375,0.1865,-15.7471,-13.0005,-16.0522,t008,FIJTB
2529735923,2730154,2,pelvis,swing,-0.2211,0.9268,0.1815,-14.4043,-7.9346,-14.8315,t008,FIJTB
2529735973,2730170,2,pelvis,swing,-0.2747,0.9042,0.1749,-14.8315,-5.1270,-12.7563,t008,FIJTB
2529735975,2730186,2,pelvis,swing,-0.2749,0.9224,0.1877,-16.6016,1.0986,-5.0049,t008,FIJTB
2529735976,2730202,2,pelvis,swing,-0.2671,0.9373,0.2246,-13.2446,2.7466,-1.5869,t008,FIJTB
2529736030,2730218,2,pelvis,swing,-0.3270,0.8824,0.2245,-3.9062,1.1597,-2.1973,t008,FIJTB
2529736030,2730234,2,pelvis,swing,-0.3416,0.8701,0.2236,-1.1597,2.4414,-3.6011,t008,FIJTB
2529736031,2730250,2,pelvis,swing,-0.3042,0.8798,0.2130,-0.1831,3.6011,-2.6245,t008,FIJTB
2529736031,2730266,2,pelvis,swing,-0.2859,0.8992,0.1725,4.2114,1.4648,-0.2441,t008,FIJTB
2529736081,2730282,2,pelvis,swing,-0.2970,0.9130,0.1228,6.2256,-4.2114,4.5166,t008,FIJTB
2529736082,2730298,2,pelvis,swing,-0.2595,1.0013,0.0179,3.7842,-4.8218,9.8267,t008,FIJTB
2529736082,2730313,2,pelvis,swing,-0.2719,1.0287,0.0591,7.3853,-2.8687,18.5547,t008,FIJTB
2529736135,2730329,2,pelvis,swing,-0.3560,0.9948,0.0275,10.1929,-3.6011,15.5640,t008,FIJTB
2529736136,2730345,2,pelvis,swing,-0.2465,1.0115,-0.0367,6.5918,-2.3193,5.9814,t008,FIJTB
2529736136,2730361,2,pelvis,swing,-0.2301,1.0220,-0.0171,4.6997,-7.0801,8.0566,t008,FIJTB
2529736185,2730377,2,pelvis,swing,-0.2375,1.0024,-0.0424,2.3193,-10.6812,7.6294,t008,FIJTB
2529736187,2730393,2,pelvis,swing,-0.1766,1.0065,0.0150,3.5400,-10.9253,15.6250,t008,FIJTB
2529736188,2730409,2,pelvis,swing,-0.2369,0.9420,0.1859,12.2681,-15.0757,21.9727,t008,FIJTB
2529736189,2730424,2,pelvis,swing,-0.4358,0.8481,0.2324,21.3013,-42.0532,28.4424,t008,FIJTB
2529736241,2730440,2,pelvis,swing,-0.3676,0.8643,0.2283,19.4092,-55.0537,25.8789,t008,FIJTB
2529736241,2730456,2,pelvis,swing,-0.2833,0.9379,0.1857,21.2402,-58.0444,26.1230,t008,FIJTB
2529736242,2730472,2,pelvis,swing,-0.3307,0.9158,0.1876,25.6958,-65.0024,24.7803,t008,FIJTB
2529736290,2730488,2,pelvis,swing,-0.2869,0.9137,0.2203,25.8179,-67.7490,18.5547,t008,FIJTB
2529736293,2730503,2,pelvis,swing,-0.1224,0.9777,0.1403,25.0854,-72.9980,7.3853,t008,FIJTB
2529736293,2730519,2,pelvis,swing,-0.1428,0.9727,0.0950,26.3672,-73.4253,11.8408,t008,FIJTB
2529736345,2730535,2,pelvis,swing,-0.2502,0.9502,0.0804,24.9023,-67.7490,15.0757,t008,FIJTB
2529736346,2730551,2,pelvis,swing,-0.2124,0.9688,0.0886,25.0244,-56.8237,7.5684,t008,FIJTB
2529736346,2730566,2,pelvis,swing,-0.0626,0.9801,0.0237,29.1748,-57.6782,-2.0752,t008,FIJTB
2529736346,2730582,2,pelvis,swing,-0.1006,0.8973,-0.0304,34.3018,-70.9839,-16.2964,t008,FIJTB
2529736394,2730598,2,pelvis,swing,-0.0708,0.9257,-0.0714,23.3154,-82.9468,-23.6206,t008,FIJTB
2529736395,2730614,2,pelvis,swing,-0.0571,0.9365,-0.2335,15.7471,-82.2143,-28.5034,t008,FIJTB
2529736396,2730630,2,pelvis,swing,-0.0723,0.9678,-0.2555,0.7935,-70.1294,-36.1328,t008,FIJTB
2529736448,2730646,2,pelvis,swing,0.0344,0.9434,-0.4287,-10.4370,-43.9453,-45.4102,t008,FIJTB
2529736449,2730662,2,pelvis,swing,-0.1656,0.8636,-0.2794,-14.5264,-36.1328,-49.1333,t008,FIJTB
2529736449,2730679,2,pelvis,swing,-0.4108,0.8699,-0.0194,-11.5967,-33.3252,-38.5742,t008,FIJTB
2529736498,2730695,2,pelvis,swing,-0.4972,0.7993,0.2184,-8.9111,-25.6958,-33.9966,t008,FIJTB
2529736500,2730711,2,pelvis,swing,-0.1945,1.1609,-0.0901,-20.5688,15.0757,-26.0620,t008,FIJTB
2529736500,2730727,2,pelvis,swing,-0.1442,1.4214,-0.0953,-30.8838,35.1563,-25.5127,t008,FIJTB
2529736553,2730743,2,pelvis,swing,-0.2251,0.9830,0.3560,-11.8408,33.9966,-41.4429,t008,FIJTB
2529736554,2730759,2,pelvis,swing,-0.2570,0.8601,0.3542,-7.5073,54.7485,-62.8052,t008,FIJTB
2529736555,2730775,2,pelvis,swing,-0.1012,1.0220,0.0758,-20.3857,76.4771,-45.5322,t008,FIJTB
2529736555,2730791,2,pelvis,swing,0.0983,0.9504,-0.1660,-8.9111,76.6602,-44.7388,t008,FIJTB
2529736603,2730807,2,pelvis,swing,0.0454,0.9125,-0.1396,0.6714,48.2788,-20.0195,t008,FIJTB
2529736605,2730822,2,pelvis,swing,-0.0347,0.9685,-0.0153,-1.3428,30.3345,-4.8218,t008,FIJTB
2529736605,2730838,2,pelvis,swing,-0.0787,0.9871,0.0625,-11.4136,9.6436,12.0239,t008,FIJTB
2529736658,2730854,2,pelvis,swing,-0.1136,0.9717,0.0768,-8.1787,-1.8921,22.0337,t008,FIJTB
2529736658,2730870,2,pelvis,swing,-0.1460,0.9877,0.0364,-14.2822,-5.3101,21.7285,t008,FIJTB
2529736658,2730886,2,pelvis,swing,-0.1436,0.9622,0.0056,-21.7895,-1.3428,22.1558,t008,FIJTB
2529736710,2730902,2,pelvis,swing,-0.1781,0.9679,-0.0608,-20.0195,0.3052,23.8037,t008,FIJTB
2529736711,2730918,2,pelvis,swing,-0.2035,0.9911,-0.0487,-15.5029,-0.1221,21.7895,t008,FIJTB
2529736711,2730934,2,pelvis,swing,-0.1908,0.9891,-0.0323,-6.7139,-4.3945,14.8926,t008,FIJTB
2529736731,2730950,2,pelvis,swing,-0.1492,0.9734,0.0054,-2.6245,-8.6670,12.0850,t008,FIJTB
2529736764,2730966,2,pelvis,swing,-0.1661,0.9745,0.0065,-1.0376,-16.7236,10.3760,t008,FIJTB
2529736765,2730982,2,pelvis,swing,-0.1825,0.9772,-0.0026,-7.6294,-18.1885,12.0239,t008,FIJTB
2529736765,2730998,2,pelvis,swing,-0.1763,0.9727,-0.0303,-9.5825,-15.3809,12.6953,t008,FIJTB
2529736813,2731014,2,pelvis,swing,-0.1719,0.9690,-0.0413,-7.6294,-15.8691,14.4653,t008,FIJTB
2529736815,2731030,2,pelvis,swing,-0.1946,0.9595,-0.0557,-5.9814,-20.5688,16.4185,t008,FIJTB
2529736816,2731046,2,pelvis,swing,-0.2336,0.9631,-0.0325,-4.6997,-28.0762,19.6533,t008,FIJTB
2529736867,2731062,2,pelvis,swing,-0.2432,0.9624,-0.0172,-2.5024,-27.8320,18.9819,t008,FIJTB
2529736868,2731078,2,pelvis,swing,-0.2284,0.9515,-0.0087,-1.5869,-26.7334,17.6392,t008,FIJTB
2529736868,2731094,2,pelvis,swing,-0.2091,0.9559,0.0024,-0.7324,-26.2451,13.5498,t008,FIJTB
2529736916,2731110,2,pelvis,swing,-0.2212,0.9612,-0.0057,-0.1831,-30.0293,9.3994,t008,FIJTB
2529736917,2731126,2,pelvis,swing,-0.2657,0.9537,-0.0420,0.3662,-31.3110,7.6904,t008,FIJTB
