timestamp_pc_ms,timestamp_arduino_ms,sensor_id,placement,phase,ax,ay,az,gx,gy,gz,trial_id,subject_id
2528665964,1805454,3,pelvis,loading,-0.9034,-0.1482,-0.3745,0.0610,-0.6714,0.6104,t001,FIJTB
2528665964,1805470,3,pelvis,loading,-0.8969,-0.1417,-0.3854,-0.7935,-0.7935,0.4883,t001,FIJTB
2528665964,1805487,3,pelvis,loading,-0.8956,-0.1367,-0.4003,-0.1221,-1.2817,-0.0610,t001,FIJTB
2528665965,1805503,3,pelvis,loading,-0.8949,-0.1337,-0.3992,1.0986,-1.1597,-0.9155,t001,FIJTB
2528666028,1805519,3,pelvis,loading,-0.8932,-0.1324,-0.3800,0.7935,-1.0986,-0.6714,t001,FIJTB
2528666028,1805535,3,pelvis,loading,-0.8951,-0.1353,-0.3809,0.5493,-2.6245,-0.0610,t001,FIJTB
2528666029,1805551,3,pelvis,loading,-0.9048,-0.1392,-0.3958,1.0986,-3.4180,0.0000,t001,FIJTB
2528666029,1805567,3,pelvis,loading,-0.9067,-0.1499,-0.3800,0.7935,-2.8687,0.9766,t001,FIJTB
2528666085,1805583,3,pelvis,loading,-0.9038,-0.1527,-0.3738,-1.4648,-2.6245,-0.0610,t001,FIJTB
2528666087,1805600,3,pelvis,loading,-0.9077,-0.1300,-0.3783,-1.8311,-3.0518,-1.4648,t001,FIJTB
2528666088,1805616,3,pelvis,loading,-0.9098,-0.1184,-0.3671,-1.7700,-2.2583,-1.4648,t001,FIJTB
2528666147,1805633,3,pelvis,loading,-0.9084,-0.1322,-0.3560,-2.3193,-1.4648,1.2207,t001,FIJTB
2528666147,1805649,3,pelvis,loading,-0.9099,-0.1530,-0.3615,-2.1973,-1.8921,1.0376,t001,FIJTB
2528666148,1805665,3,pelvis,loading,-0.9117,-0.1427,-0.3707,-0.7935,-1.8921,-1.1597,t001,FIJTB
2528666148,1805682,3,pelvis,loading,-0.9124,-0.1171,-0.3719,-0.1831,-1.2207,-1.0376,t001,FIJTB
2528666202,1805698,3,pelvis,loading,-0.9078,-0.1299,-0.3684,0.4272,-0.8545,0.7935,t001,FIJTB
2528666205,1805714,3,pelvis,loading,-0.9073,-0.1368,-0.3724,0.4272,-1.5259,0.7324,t001,FIJTB
2528666206,1805731,3,pelvis,loading,-0.9054,-0.1318,-0.3788,0.2441,-1.4038,0.2441,t001,FIJTB
2528666264,1805747,3,pelvis,loading,-0.9032,-0.1274,-0.3776,0.1831,-0.7324,0.6104,t001,FIJTB
2528666264,1805763,3,pelvis,loading,-0.8998,-0.1379,-0.3850,0.3662,-0.5493,1.4038,t001,FIJTB
2528666265,1805779,3,pelvis,loading,-0.8918,-0.1503,-0.3972,0.7324,-0.8545,1.4038,t001,FIJTB
2528666265,1805795,3,pelvis,loading,-0.8898,-0.1492,-0.3969,0.6714,-1.4038,0.6714,t001,FIJTB
2528666321,1805811,3,pelvis,loading,-0.8922,-0.1520,-0.3958,0.5493,-1.8311,0.8545,t001,FIJTB
2528666322,1805827,3,pelvis,loading,-0.8967,-0.1554,-0.3971,-0.0610,-2.3804,0.6104,t001,FIJTB
2528666323,1805843,3,pelvis,loading,-0.9037,-0.1517,-0.3959,-0.3052,-2.1973,0.1221,t001,FIJTB
2528666381,1805859,3,pelvis,loading,-0.9020,-0.1318,-0.3911,-0.1221,-1.5869,-0.8545,t001,FIJTB
2528666382,1805875,3,pelvis,loading,-0.8975,-0.1221,-0.3929,1.3428,-1.9531,-0.2441,t001,FIJTB
2528666382,1805891,3,pelvis,loading,-0.8954,-0.1205,-0.4009,2.3804,-2.2583,0.6714,t001,FIJTB
2528666383,1805907,3,pelvis,loading,-0.8982,-0.1263,-0.3979,3.7231,-2.2583,2.0142,t001,FIJTB
2528666437,1805924,3,pelvis,loading,-0.9044,-0.1361,-0.3859,3.9062,-2.0752,1.4648,t001,FIJTB
2528666437,1805940,3,pelvis,loading,-0.9066,-0.1426,-0.3807,3.7231,-1.9531,1.4038,t001,FIJTB
2528666439,1805956,3,pelvis,loading,-0.9066,-0.1475,-0.3788,2.5024,-1.4038,1.7700,t001,FIJTB
2528666440,1805972,3,pelvis,loading,-0.9036,-0.1510,-0.3809,1.9531,-1.2207,1.3428,t001,FIJTB
2528666501,1805989,3,pelvis,loading,-0.9014,-0.1366,-0.3896,1.3428,-1.2817,-0.1221,t001,FIJTB
2528666501,1806005,3,pelvis,loading,-0.9014,-0.1306,-0.3925,1.0986,-0.6714,0.0000,t001,FIJTB
2528666502,1806021,3,pelvis,loading,-0.9027,-0.1307,-0.3958,1.2207,-0.4272,0.2441,t001,FIJTB
2528666558,1806037,3,pelvis,loading,-0.9021,-0.1305,-0.3988,1.8921,-0.4883,-0.1221,t001,FIJTB
2528666560,1806053,3,pelvis,loading,-0.8915,-0.1250,-0.4045,2.1973,-0.6104,-0.1831,t001,FIJTB
2528666561,1806069,3,pelvis,loading,-0.8862,-0.1254,-0.4045,2.6855,-0.9766,1.0376,t001,FIJTB
2528666620,1806085,3,pelvis,loading,-0.8890,-0.1278,-0.4082,3.5400,-1.5869,2.1973,t001,FIJTB
2528666621,1806101,3,pelvis,loading,-0.8954,-0.1287,-0.4144,4.0283,-1.5259,2.2583,t001,FIJTB
2528666621,1806117,3,pelvis,loading,-0.8937,-0.1302,-0.4105,4.6387,-1.0376,2.5635,t001,FIJTB
2528666622,1806133,3,pelvis,loading,-0.8910,-0.1429,-0.3993,4.5166,-1.0986,2.8076,t001,FIJTB
2528666622,1806149,3,pelvis,loading,-0.8942,-0.1522,-0.3989,3.2349,-1.7700,2.5024,t001,FIJTB
2528666678,1806165,3,pelvis,loading,-0.8962,-0.1492,-0.4004,1.7700,-1.8921,1.2207,t001,FIJTB
2528666680,1806181,3,pelvis,loading,-0.8982,-0.1335,-0.3993,1.5259,-1.7700,0.7935,t001,FIJTB
2528666680,1806197,3,pelvis,loading,-0.8987,-0.1288,-0.3972,1.9531,-1.5869,1.2207,t001,FIJTB
2528666681,1806213,3,pelvis,loading,-0.8982,-0.1366,-0.3890,2.0752,-1.5869,1.8311,t001,FIJTB
2528666741,1806229,3,pelvis,loading,-0.8989,-0.1445,-0.3876,1.7090,-1.9531,2.1973,t001,FIJTB
2528666742,1806246,3,pelvis,loading,-0.8992,-0.1427,-0.3911,1.1597,-2.1362,1.1597,t001,FIJTB
2528666743,1806262,3,pelvis,loading,-0.8981,-0.1329,-0.3992,1.0986,-1.9531,0.8545,t001,FIJTB
2528666743,1806278,3,pelvis,loading,-0.8975,-0.1326,-0.3982,1.2817,-1.7700,1.2207,t001,FIJTB
2528666801,1806294,3,pelvis,loading,-0.8944,-0.1401,-0.3977,1.2207,-1.8311,1.4038,t001,FIJTB
2528666803,1806310,3,pelvis,loading,-0.8940,-0.1450,-0.4006,0.7935,-2.2583,1.1597,t001,FIJTB
2528666803,1806326,3,pelvis,loading,-0.8956,-0.1499,-0.4008,0.0000,-2.1362,0.3052,t001,FIJTB
2528666803,1806341,3,pelvis,loading,-0.8953,-0.1436,-0.3969,-0.3662,-1.9531,-0.0610,t001,FIJTB
2528666865,1806358,3,pelvis,loading,-0.8959,-0.1383,-0.4005,-0.5493,-2.0752,-0.4272,t001,FIJTB
2528666866,1806374,3,pelvis,loading,-0.8943,-0.1340,-0.4108,-0.2441,-2.1362,-0.1221,t001,FIJTB
2528666922,1806390,3,pelvis,loading,-0.8921,-0.1394,-0.4076,0.6104,-1.9531,0.6714,t001,FIJTB
2528666922,1806406,3,pelvis,loading,-0.8917,-0.1405,-0.4053,0.9766,-1.9531,0.3052,t001,FIJTB
2528666924,1806422,3,pelvis,loading,-0.8932,-0.1372,-0.4050,0.9766,-2.0752,-0.1221,t001,FIJTB
2528666925,1806439,3,pelvis,loading,-0.8945,-0.1350,-0.4052,0.6104,-2.3193,0.0000,t001,FIJTB
2528666936,1806455,3,pelvis,loading,-0.8947,-0.1365,-0.4021,0.6714,-2.3804,0.3662,t001,FIJTB
2528666987,1806471,3,pelvis,loading,-0.8947,-0.1398,-0.3983,0.8545,-2.3804,0.7324,t001,FIJTB
2528666987,1806487,3,pelvis,loading,-0.8969,-0.1392,-0.3964,0.7935,-2.2583,0.5493,t001,FIJTB
2528666988,1806503,3,pelvis,loading,-0.9028,-0.1331,-0.3965,0.7935,-1.8921,0.3662,t001,FIJTB
2528666988,1806519,3,pelvis,loading,-0.9021,-0.1313,-0.3964,1.0376,-1.1597,0.1831,t001,FIJTB
2528667045,1806535,3,pelvis,loading,-0.8987,-0.1343,-0.3943,1.1597,-1.0376,0.4272,t001,FIJTB
2528667047,1806550,3,pelvis,loading,-0.8971,-0.1382,-0.3951,0.8545,-1.2817,0.9155,t001,FIJTB
2528667048,1806566,3,pelvis,loading,-0.8953,-0.1437,-0.3999,0.5493,-1.3428,0.7935,t001,FIJTB
2528667048,1806582,3,pelvis,loading,-0.8938,-0.1350,-0.4044,0.2441,-1.2207,0.0000,t001,FIJTB
2528667110,1806598,3,pelvis,loading,-0.8922,-0.1329,-0.4078,0.3662,-1.2207,0.3662,t001,FIJTB
2528667110,1806615,3,pelvis,loading,-0.8896,-0.1388,-0.4127,0.6104,-1.3428,0.9155,t001,FIJTB
2528667110,1806631,3,pelvis,loading,-0.8892,-0.1436,-0.4122,0.4883,-1.4648,0.8545,t001,FIJTB
2528667111,1806647,3,pelvis,loading,-0.8857,-0.1453,-0.4185,-0.0610,-2.0752,0.1221,t001,FIJTB
2528667169,1806663,3,pelvis,loading,-0.8848,-0.1370,-0.4282,-0.1831,-2.3804,0.0000,t001,FIJTB
2528667171,1806679,3,pelvis,loading,-0.8840,-0.1331,-0.4309,-0.1831,-2.1362,0.1831,t001,FIJTB
2528667172,1806696,3,pelvis,loading,-0.8738,-0.1372,-0.4336,-0.0610,-2.1973,0.3052,t001,FIJTB
2528667195,1806712,3,pelvis,loading,-0.8665,-0.1510,-0.4349,-0.2441,-3.4180,0.6714,t001,FIJTB
2528667232,1806728,3,pelvis,loading,-0.8690,-0.1561,-0.4331,-2.6245,-4.4556,0.0610,t001,FIJTB
2528667233,1806744,3,pelvis,loading,-0.8724,-0.1307,-0.4507,-3.4790,-5.0049,-2.3193,t001,FIJTB
2528667233,1806760,3,pelvis,loading,-0.8674,-0.1052,-0.4562,-1.7090,-4.9438,-7.9346,t001,FIJTB
2528667290,1806777,3,pelvis,loading,-0.8660,-0.1283,-0.4044,-1.9531,-3.1128,-5.9814,t001,FIJTB
2528667291,1806793,3,pelvis,loading,-0.8887,-0.2578,-0.3650,-10.6812,-2.7466,3.9673,t001,FIJTB
2528667292,1806809,3,pelvis,loading,-0.9109,-0.2871,-0.3890,-18.0664,-7.5073,-2.8076,t001,FIJTB
2528667293,1806825,3,pelvis,loading,-0.9374,-0.1853,-0.4614,-17.4561,-7.0190,-13.4888,t001,FIJTB
2528667355,1806842,3,pelvis,loading,-0.9180,-0.0988,-0.4694,-11.1084,0.9766,-27.6489,t001,FIJTB
2528667355,1806858,3,pelvis,loading,-0.8567,-0.0201,-0.4106,-8.3008,3.6621,-24.0478,t001,FIJTB
2528667356,1806874,3,pelvis,loading,-0.8719,-0.1411,-0.3561,-6.2256,0.0000,-1.5869,t001,FIJTB
2528667407,1806890,3,pelvis,loading,-0.9030,-0.2260,-0.3668,-7.2021,-5.2490,6.0425,t001,FIJTB
2528667414,1806906,3,pelvis,loading,-0.9562,-0.2334,-0.4033,-6.2256,-3.9062,-1.9531,t001,FIJTB
2528667416,1806922,3,pelvis,loading,-0.9434,-0.1539,-0.3984,0.8545,1.7090,-17.3950,t001,FIJTB
2528667417,1806938,3,pelvis,loading,-0.9017,-0.0482,-0.3412,3.6621,3.6011,-14.8315,t001,FIJTB
2528667417,1806954,3,pelvis,loading,-0.8950,-0.1323,-0.3281,2.9907,1.9531,0.9155,t001,FIJTB
2528667479,1806969,3,pelvis,loading,-0.8879,-0.1769,-0.3647,3.9673,-4.0283,-1.1597,t001,FIJTB
2528667479,1806986,3,pelvis,loading,-0.8956,-0.1537,-0.4120,6.1035,-4.3945,-6.2256,t001,FIJTB
2528667479,1807002,3,pelvis,loading,-0.8936,-0.1403,-0.4026,6.1035,-2.0752,-5.1880,t001,FIJTB
2528667479,1807018,3,pelvis,loading,-0.8999,-0.1869,-0.3717,4.3335,-1.8311,-2.2583,t001,FIJTB
2528667536,1807034,3,pelvis,loading,-0.9348,-0.1775,-0.3783,3.1738,-3.2959,-5.1880,t001,FIJTB
2528667537,1807050,3,pelvis,loading,-0.9469,-0.1354,-0.3804,4.5166,-1.7090,-10.6201,t001,FIJTB
2528667539,1807066,3,pelvis,loading,-0.9591,-0.0779,-0.3446,4.7607,0.0000,-9.0942,t001,FIJTB
2528667600,1807082,3,pelvis,loading,-0.9557,-0.0768,-0.3324,4.4556,1.0376,-4.2725,t001,FIJTB
2528667600,1807098,3,pelvis,loading,-0.9384,-0.0819,-0.3698,4.3335,0.0000,-5.3711,t001,FIJTB
2528667601,1807115,3,pelvis,loading,-0.9446,-0.0557,-0.4042,3.7842,-0.2441,-10.2539,t001,FIJTB
2528667601,1807131,3,pelvis,loading,-0.9448,-0.0461,-0.3954,0.3052,3.2959,-7.6294,t001,FIJTB
2528667661,1807147,3,pelvis,loading,-0.9574,-0.0474,-0.3589,-2.1362,5.3711,-5.4321,t001,FIJTB
2528667661,1807163,3,pelvis,loading,-1.0007,-0.0245,-0.3295,-3.4180,11.9019,-6.7749,t001,FIJTB
2528667661,1807179,3,pelvis,loading,-1.0737,0.0431,-0.2826,0.7324,15.7471,-7.5073,t001,FIJTB
2528667662,1807195,3,pelvis,loading,-1.1035,0.0737,-0.2335,11.5356,25.6958,-3.2349,t001,FIJTB
2528667722,1807211,3,pelvis,loading,-1.1101,0.0585,-0.2087,10.5591,37.1094,-0.2441,t001,FIJTB
2528667722,1807227,3,pelvis,loading,-1.0798,-0.0262,-0.2218,9.5825,39.7339,-1.7700,t001,FIJTB
2528667723,1807243,3,pelvis,loading,-1.0405,-0.0631,-0.2633,13.4277,37.0483,-6.4087,t001,FIJTB
2528667723,1807259,3,pelvis,loading,-0.9746,-0.0624,-0.3700,13.6108,33.8745,-8.4839,t001,FIJTB
2528667779,1807275,3,pelvis,loading,-0.9410,-0.0842,-0.4541,13.0005,28.8696,-8.4839,t001,FIJTB
2528667781,1807291,3,pelvis,loading,-0.9391,-0.1388,-0.4717,16.1133,31.1890,8.9111,t001,FIJTB
2528667781,1807307,3,pelvis,loading,-0.9639,-0.2606,-0.4463,14.4653,34.7290,15.1367,t001,FIJTB
2528667842,1807323,3,pelvis,loading,-0.9591,-0.2697,-0.4186,3.4180,40.4053,0.3662,t001,FIJTB
2528667842,1807339,3,pelvis,loading,-0.8700,-0.1332,-0.3936,-2.9297,41.0156,-13.9160,t001,FIJTB
2528667843,1807356,3,pelvis,loading,-0.8066,0.0229,-0.3894,-11.5967,41.5039,-28.9307,t001,FIJTB
2528667843,1807372,3,pelvis,loading,-0.8018,0.0454,-0.3739,-13.4888,43.0908,-22.9492,t001,FIJTB
2528667900,1807388,3,pelvis,loading,-0.8353,0.0123,-0.3212,-12.3291,41.8091,-18.3105,t001,FIJTB
2528667901,1807404,3,pelvis,loading,-0.8718,-0.0137,-0.2968,-7.3242,36.1938,-12.2681,t001,FIJTB
2528667903,1807420,3,pelvis,loading,-0.9351,-0.0812,-0.2645,-5.1880,34.6680,-9.8267,t001,FIJTB
2528667903,1807437,3,pelvis,loading,-0.9601,-0.1536,-0.2611,-7.7515,34.6069,-5.6763,t001,FIJTB
2528667964,1807453,3,pelvis,loading,-0.9692,-0.1459,-0.2693,-15.5640,36.0107,-15.3198,t001,FIJTB
2528667964,1807469,3,pelvis,loading,-0.9435,-0.0232,-0.2513,-17.5171,36.4380,-21.2402,t001,FIJTB
2528667965,1807485,3,pelvis,loading,-0.9236,0.0675,-0.2028,-17.6392,36.3770,-20.6909,t001,FIJTB
2528667965,1807501,3,pelvis,loading,-0.9139,0.0657,-0.1813,-11.5967,36.7432,-12.9395,t001,FIJTB
2528668022,1807518,3,pelvis,loading,-0.9187,0.0109,-0.1371,-8.4839,35.2173,-9.5215,t001,FIJTB
2528668025,1807534,3,pelvis,loading,-0.9352,-0.0289,-0.1139,-6.3477,32.1655,-5.7983,t001,FIJTB
2528668025,1807550,3,pelvis,loading,-0.9430,-0.1189,-0.1012,-8.1787,31.2500,-4.8828,t001,FIJTB
2528668066,1807566,3,pelvis,loading,-0.9459,-0.1234,-0.1498,-15.0146,25.1465,-10.6201,t001,FIJTB
2528668087,1807582,3,pelvis,loading,-0.9539,-0.0624,-0.1881,-15.1367,19.8364,-27.1606,t001,FIJTB
2528668087,1807598,3,pelvis,loading,-0.9313,0.0928,-0.2469,-11.4746,20.8740,-31.6772,t001,FIJTB
2528668088,1807614,3,pelvis,loading,-0.8827,0.1320,-0.2435,-3.7842,25.1465,-22.7661,t001,FIJTB
2528668146,1807630,3,pelvis,loading,-0.8412,0.1187,-0.1571,-2.5635,24.7192,-13.6719,t001,FIJTB
2528668148,1807646,3,pelvis,loading,-0.8989,0.0271,-0.0850,-1.8311,17.2729,2.3193,t001,FIJTB
2528668149,1807662,3,pelvis,loading,-0.9275,-0.0249,-0.0814,-3.2959,8.9722,3.6011,t001,FIJTB
2528668149,1807678,3,pelvis,loading,-0.9503,-0.0599,-0.1162,-4.3945,6.7139,-2.6245,t001,FIJTB
2528668209,1807694,3,pelvis,loading,-0.9711,-0.0236,-0.1404,-3.5400,3.7231,-19.4702,t001,FIJTB
2528668210,1807711,3,pelvis,loading,-1.0004,0.0562,-0.1580,-3.4790,4.3945,-22.8882,t001,FIJTB
2528668210,1807727,3,pelvis,loading,-0.9672,0.0247,-0.0725,-11.4136,14.0991,-18.4937,t001,FIJTB
2528668210,1807743,3,pelvis,loading,-0.9346,-0.0170,-0.0145,-26.4282,22.5220,-19.4702,t001,FIJTB
2528668266,1807759,3,pelvis,loading,-0.8843,-0.0332,0.0558,-32.4707,21.1792,-24.6582,t001,FIJTB
2528668269,1807775,3,pelvis,loading,-0.8831,0.0077,0.0645,-38.2080,10.0708,-36.3770,t001,FIJTB
2528668269,1807791,3,pelvis,loading,-0.9338,0.1265,0.0417,-37.7808,4.9438,-38.9404,t001,FIJTB
2528668269,1807807,3,pelvis,loading,-0.9535,0.1805,0.0187,-30.1514,-1.3428,-33.6304,t001,FIJTB
2528668328,1807823,3,pelvis,loading,-0.9391,0.2290,-0.0424,-16.1743,-7.7515,-14.7705,t001,FIJTB
2528668329,1807839,3,pelvis,loading,-0.8505,0.1300,-0.1198,-10.0708,-10.4370,-1.4038,t001,FIJTB
2528668329,1807855,3,pelvis,loading,-0.7775,0.0314,-0.1726,-3.2349,-17.5171,21.8506,t001,FIJTB
2528668385,1807871,3,pelvis,loading,-0.7061,-0.0813,-0.2815,-2.3804,-24.0478,26.2451,t001,FIJTB
2528668387,1807888,3,pelvis,loading,-0.8179,0.0009,-0.3824,-0.8545,-36.3159,18.5547,t001,FIJTB
2528668388,1807904,3,pelvis,loading,-0.9021,0.0739,-0.4075,8.0566,-35.0952,13.7939,t001,FIJTB
2528668388,1807920,3,pelvis,loading,-1.1747,0.1160,-0.2632,8.6060,-27.9541,15.3809,t001,FIJTB
2528668446,1807936,3,pelvis,loading,-1.3523,0.0623,-0.1327,-13.2446,-13.1836,21.8506,t001,FIJTB
2528668446,1807952,3,pelvis,loading,-1.6864,-0.1021,0.0428,-32.3486,-9.7656,17.0288,t001,FIJTB
2528668447,1807968,3,pelvis,loading,-1.2300,-0.0793,-0.1188,-59.8755,-10.8643,-12.8784,t001,FIJTB
2528668493,1807984,3,pelvis,loading,-0.8701,0.0707,-0.2360,-57.6782,-29.8462,-34.0576,t001,FIJTB
2528668501,1808000,3,pelvis,loading,-0.6844,0.3271,-0.3727,-48.6450,-42.9687,-19.6533,t001,FIJTB
2528668503,1808016,3,pelvis,loading,-0.7295,0.2761,-0.4436,-22.6440,-52.4902,49.9878,t001,FIJTB
2528668503,1808032,3,pelvis,loading,-0.8517,-0.1625,-0.4846,-14.0991,-40.7715,77.8198,t001,FIJTB
2528668562,1808048,3,pelvis,loading,-0.9114,-0.4540,-0.2419,-6.4087,-6.3477,65.1245,t001,FIJTB
2528668563,1808064,3,pelvis,loading,-0.9103,-0.3988,-0.1613,2.3193,-13.9160,11.9629,t001,FIJTB
2528668563,1808080,3,pelvis,loading,-0.9084,-0.1635,-0.2620,4.2114,-26.9775,-0.1221,t001,FIJTB
2528668564,1808096,3,pelvis,loading,-0.9673,-0.0842,-0.3160,-8.2397,-33.0811,9.6436,t001,FIJTB
2528668617,1808113,3,pelvis,loading,-1.0392,-0.1328,-0.2623,-19.4702,-27.7710,20.7520,t001,FIJTB
2528668620,1808129,3,pelvis,loading,-0.9852,-0.2316,-0.1793,-37.5977,-22.3999,20.4468,t001,FIJTB
2528668621,1808145,3,pelvis,loading,-0.9655,-0.1810,-0.1848,-41.3818,-28.0762,-3.9673,t001,FIJTB
2528668630,1808161,3,pelvis,loading,-0.9480,0.0380,-0.2405,-41.2598,-29.1748,-9.5215,t001,FIJTB
2528668679,1808177,3,pelvis,loading,-0.9568,0.1283,-0.2587,-37.6587,-22.5220,-1.5259,t001,FIJTB
2528668680,1808193,3,pelvis,loading,-0.9775,0.1768,-0.2699,-31.2500,-17.3340,7.6294,t001,FIJTB
2528668680,1808209,3,pelvis,loading,-0.9586,0.0699,-0.2545,-10.7422,-9.5825,28.6255,t001,FIJTB
2528668735,1808226,3,pelvis,midstance,-0.9557,-0.0132,-0.2219,5.4321,-5.5542,43.5181,t001,FIJTB
2528668736,1808242,3,pelvis,midstance,-0.9559,-0.1965,-0.1779,8.2397,-4.2114,48.0347,t001,FIJTB
2528668738,1808258,3,pelvis,midstance,-0.9337,-0.2539,-0.2120,7.1411,-11.3525,39.1846,t001,FIJTB
2528668738,1808274,3,pelvis,midstance,-0.9064,-0.1716,-0.3362,8.6670,-17.8833,25.3906,t001,FIJTB
2528668795,1808290,3,pelvis,midstance,-0.9143,0.0052,-0.4231,9.7656,-22.8271,10.3760,t001,FIJTB
2528668795,1808306,3,pelvis,midstance,-0.9194,0.0197,-0.4301,-2.8687,-13.9160,22.8882,t001,FIJTB
2528668796,1808322,3,pelvis,midstance,-0.8831,-0.1235,-0.4021,-6.9580,-10.3149,29.6020,t001,FIJTB
2528668850,1808338,3,pelvis,midstance,-0.8638,-0.2117,-0.3899,-7.0801,-12.0239,33.3252,t001,FIJTB
2528668852,1808354,3,pelvis,midstance,-0.8499,-0.3242,-0.3859,-9.3994,-14.6484,32.5317,t001,FIJTB
2528668853,1808371,3,pelvis,midstance,-0.8550,-0.3260,-0.4097,-22.0947,-19.1040,24.0478,t001,FIJTB
2528668867,1808387,3,pelvis,midstance,-0.8733,-0.2618,-0.4358,-30.1514,-19.5313,3.6011,t001,FIJTB
2528668910,1808403,3,pelvis,midstance,-0.8765,-0.0719,-0.4874,-29.4189,-17.0288,-4.6387,t001,FIJTB
2528668910,1808419,3,pelvis,midstance,-0.8514,-0.0247,-0.4717,-17.5171,-12.3901,2.8687,t001,FIJTB
2528668911,1808435,3,pelvis,midstance,-0.8335,-0.1064,-0.3922,-10.1929,-15.1978,16.2354,t001,FIJTB
2528668928,1808451,3,pelvis,midstance,-0.8892,-0.2653,-0.4438,1.9531,-27.0996,33.0811,t001,FIJTB
2528668965,1808467,3,pelvis,midstance,-0.9177,-0.2981,-0.4833,11.4746,-25.8789,25.0244,t001,FIJTB
2528668967,1808483,3,pelvis,midstance,-0.9203,-0.2886,-0.4420,12.2681,-19.7754,19.6533,t001,FIJTB
2528668967,1808499,3,pelvis,midstance,-0.8950,-0.3015,-0.3865,7.9956,-10.8032,19.2261,t001,FIJTB
2528669004,1808515,3,pelvis,midstance,-0.8853,-0.3522,-0.3267,5.4932,-11.0474,20.3857,t001,FIJTB
2528669025,1808532,3,pelvis,midstance,-0.9355,-0.2858,-0.3544,3.1738,-15.7471,11.3525,t001,FIJTB
2528669025,1808548,3,pelvis,midstance,-0.9518,-0.2106,-0.3674,6.8359,-13.1836,-0.2441,t001,FIJTB
2528669026,1808564,3,pelvis,midstance,-0.9363,-0.1313,-0.3611,10.9253,-10.4980,2.4414,t001,FIJTB
2528669077,1808580,3,pelvis,midstance,-0.9055,-0.1632,-0.3522,14.9536,-7.0190,18.1274,t001,FIJTB
2528669079,1808596,3,pelvis,midstance,-0.8477,-0.2651,-0.3145,13.7329,-6.0425,21.3623,t001,FIJTB
2528669080,1808612,3,pelvis,midstance,-0.8844,-0.2076,-0.3224,15.3809,-8.7280,10.8643,t001,FIJTB
2528669136,1808628,3,pelvis,midstance,-0.9197,-0.1451,-0.3685,25.2075,-13.7939,6.1646,t001,FIJTB
2528669137,1808644,3,pelvis,midstance,-0.9312,-0.1592,-0.4432,27.7100,-12.0850,13.5498,t001,FIJTB
2528669189,1808660,3,pelvis,midstance,-0.9037,-0.2540,-0.4336,23.8037,-4.8218,32.8979,t001,FIJTB
2528669189,1808676,3,pelvis,midstance,-0.8556,-0.4330,-0.3773,19.8975,-4.2114,33.9966,t001,FIJTB
2528669191,1808693,3,pelvis,midstance,-0.8550,-0.4028,-0.4010,13.4277,-9.8267,15.7471,t001,FIJTB
2528669191,1808709,3,pelvis,midstance,-0.8524,-0.3326,-0.4335,2.6855,-12.3901,-4.0283,t001,FIJTB
2528669192,1808725,3,pelvis,midstance,-0.8459,-0.2015,-0.4366,-3.1738,-10.6201,-8.0566,t001,FIJTB
2528669249,1808741,3,pelvis,midstance,-0.8495,-0.1643,-0.4117,-8.4839,-7.5684,-3.9062,t001,FIJTB
2528669249,1808757,3,pelvis,midstance,-0.8628,-0.1383,-0.3735,-6.5308,-7.9346,1.5869,t001,FIJTB
2528669250,1808773,3,pelvis,midstance,-0.8987,-0.1320,-0.3522,-0.3052,-9.2773,7.8735,t001,FIJTB
2528669302,1808789,3,pelvis,midstance,-0.9187,-0.1268,-0.3420,4.1504,-8.8501,7.0190,t001,FIJTB
2528669303,1808805,3,pelvis,midstance,-0.9323,-0.1318,-0.3496,6.2256,-8.3618,6.7749,t001,FIJTB
2528669304,1808821,3,pelvis,midstance,-0.9031,-0.1439,-0.3726,9.9487,-7.7515,10.1929,t001,FIJTB
2528669305,1808837,3,pelvis,midstance,-0.8429,-0.1876,-0.4197,11.2305,-10.2539,16.4795,t001,FIJTB
2528669359,1808853,3,pelvis,midstance,-0.8591,-0.2076,-0.4615,11.8408,-12.0239,18.6768,t001,FIJTB
2528669359,1808869,3,pelvis,midstance,-0.8901,-0.2053,-0.4722,16.4795,-10.3149,15.0757,t001,FIJTB
2528669360,1808885,3,pelvis,midstance,-0.9283,-0.1979,-0.4276,18.4937,-6.0425,12.5122,t001,FIJTB
2528669410,1808902,3,pelvis,midstance,-0.9109,-0.2358,-0.3433,18.7988,2.1362,13.0005,t001,FIJTB
2528669412,1808918,3,pelvis,midstance,-0.8966,-0.2596,-0.3387,19.2871,1.9531,14.8926,t001,FIJTB
2528669413,1808934,3,pelvis,midstance,-0.8430,-0.2798,-0.4338,25.5737,-6.4697,14.9536,t001,FIJTB
2528669413,1808950,3,pelvis,midstance,-0.8104,-0.2850,-0.4778,28.3203,-8.5449,15.2588,t001,FIJTB
2528669468,1808966,3,pelvis,midstance,-0.7499,-0.3370,-0.4847,25.3296,-8.1177,16.7847,t001,FIJTB
2528669468,1808982,3,pelvis,midstance,-0.7262,-0.3657,-0.4896,19.4092,-13.9770,16.1133,t001,FIJTB
2528669469,1808998,3,pelvis,midstance,-0.7113,-0.3636,-0.5416,14.6484,-23.0713,9.0332,t001,FIJTB
2528669520,1809014,3,pelvis,midstance,-0.8110,-0.3058,-0.5328,12.9395,-24.4751,6.8359,t001,FIJTB
2528669523,1809031,3,pelvis,midstance,-0.8682,-0.2882,-0.5023,10.2539,-22.9492,6.5308,t001,FIJTB
2528669543,1809047,3,pelvis,midstance,-0.8882,-0.2782,-0.4608,10.3149,-22.6440,5.1880,t001,FIJTB
2528669577,1809063,3,pelvis,midstance,-0.8590,-0.2714,-0.4519,11.9629,-23.1934,1.0376,t001,FIJTB
2528669577,1809079,3,pelvis,midstance,-0.8094,-0.2648,-0.4343,6.4087,-24.9023,2.8687,t001,FIJTB
2528669578,1809095,3,pelvis,midstance,-0.8340,-0.2653,-0.4355,2.6855,-26.3062,4.2114,t001,FIJTB
2528669578,1809111,3,pelvis,midstance,-0.8646,-0.2507,-0.4443,1.2207,-28.3203,1.0986,t001,FIJTB
2528669628,1809127,3,pelvis,midstance,-0.9342,-0.2101,-0.4373,3.7231,-27.4048,0.2441,t001,FIJTB
2528669629,1809143,3,pelvis,midstance,-0.9615,-0.2109,-0.4166,7.1411,-22.8882,8.2397,t001,FIJTB
2528669630,1809159,3,pelvis,midstance,-0.9407,-0.2592,-0.3901,7.7515,-21.3623,11.9629,t001,FIJTB
2528669685,1809174,3,pelvis,midstance,-0.9066,-0.2109,-0.3896,13.8550,-20.3247,3.1128,t001,FIJTB
2528669685,1809190,3,pelvis,midstance,-0.9128,-0.1703,-0.3900,18.1274,-18.6768,-3.7842,t001,FIJTB
2528669686,1809207,3,pelvis,midstance,-0.9207,-0.1963,-0.4249,15.0757,-18.1274,-0.6714,t001,FIJTB
2528669686,1809223,3,pelvis,midstance,-0.8998,-0.2434,-0.4752,9.0332,-19.7754,3.2349,t001,FIJTB
2528669737,1809239,3,pelvis,midstance,-0.8030,-0.2947,-0.6333,9.9487,-21.6064,2.4414,t001,FIJTB
2528669737,1809255,3,pelvis,midstance,-0.6913,-0.2476,-0.7593,16.3574,-24.4141,3.1738,t001,FIJTB
2528669737,1809271,3,pelvis,midstance,-0.6339,-0.2045,-0.7753,22.5830,-21.6064,5.7373,t001,FIJTB
2528669783,1809287,3,pelvis,midstance,-0.5520,-0.1392,-0.7013,26.6724,-17.5781,6.5918,t001,FIJTB
2528669791,1809303,3,pelvis,midstance,-0.5901,-0.1228,-0.6270,30.0293,-11.4746,7.9956,t001,FIJTB
2528669792,1809319,3,pelvis,midstance,-0.8113,-0.1564,-0.5388,29.9072,-12.6953,8.7891,t001,FIJTB
2528669841,1809335,3,pelvis,midstance,-0.9044,-0.2787,-0.5818,27.1606,-16.7847,15.3198,t001,FIJTB
2528669844,1809351,3,pelvis,midstance,-0.8845,-0.3281,-0.5789,16.7847,-12.0239,8.8501,t001,FIJTB
2528669844,1809367,3,pelvis,midstance,-0.8123,-0.3090,-0.5022,12.1460,-9.5215,-0.6714,t001,FIJTB
2528669845,1809383,3,pelvis,midstance,-0.7958,-0.2561,-0.4907,6.1646,-9.7046,-12.5732,t001,FIJTB
2528669896,1809399,3,pelvis,midstance,-0.8168,-0.1807,-0.5292,3.7842,-9.7046,-10.9863,t001,FIJTB
2528669897,1809415,3,pelvis,midstance,-0.8175,-0.1744,-0.5247,0.1831,-6.4697,-2.8687,t001,FIJTB
2528669897,1809432,3,pelvis,midstance,-0.8080,-0.1670,-0.5242,2.7466,-5.0049,-2.9297,t001,FIJTB
2528669945,1809448,3,pelvis,midstance,-0.7894,-0.1304,-0.5542,4.8828,-3.6011,-4.3945,t001,FIJTB
2528669947,1809464,3,pelvis,midstance,-0.7712,-0.1267,-0.5585,7.3853,2.0752,-2.8687,t001,FIJTB
2528669948,1809480,3,pelvis,midstance,-0.7551,-0.1819,-0.5199,6.7139,3.8452,-0.3662,t001,FIJTB
2528670000,1809496,3,pelvis,midstance,-0.8120,-0.2454,-0.5156,2.8687,1.0986,0.2441,t001,FIJTB
2528670000,1809512,3,pelvis,midstance,-0.8567,-0.2407,-0.5375,1.0986,-0.5493,-8.1177,t001,FIJTB
2528670001,1809529,3,pelvis,midstance,-0.9279,-0.1560,-0.5537,0.7324,2.6855,-12.7563,t001,FIJTB
2528670049,1809545,3,pelvis,midstance,-0.9396,-0.1003,-0.5363,2.5024,11.3525,-15.3809,t001,FIJTB
2528670051,1809561,3,pelvis,midstance,-0.9132,-0.0253,-0.5205,8.9111,15.2588,-10.5591,t001,FIJTB
2528670052,1809577,3,pelvis,midstance,-0.8954,-0.0011,-0.5293,11.9019,17.3340,-8.3008,t001,FIJTB
2528670092,1809593,3,pelvis,midstance,-0.8778,-0.0107,-0.5231,19.3481,26.0620,-4.2725,t001,FIJTB
2528670104,1809609,3,pelvis,midstance,-0.7732,-0.0785,-0.5078,22.5830,29.6631,-1.2207,t001,FIJTB
2528670105,1809625,3,pelvis,midstance,-0.7371,-0.1011,-0.5071,24.0478,30.0903,0.9766,t001,FIJTB
2528670105,1809641,3,pelvis,midstance,-0.7947,-0.0815,-0.5302,25.0854,27.8931,-1.0376,t001,FIJTB
2528670153,1809657,3,pelvis,midstance,-0.9055,-0.0636,-0.5698,30.3345,26.0010,-0.9155,t001,FIJTB
2528670155,1809673,3,pelvis,midstance,-0.9363,-0.0795,-0.5769,34.5459,31.3110,9.7046,t001,FIJTB
2528670155,1809689,3,pelvis,midstance,-0.9095,-0.2823,-0.5856,34.0576,33.5693,16.1743,t001,FIJTB
2528670208,1809705,3,pelvis,midstance,-0.8699,-0.3730,-0.6115,35.7666,30.3345,24.3530,t001,FIJTB
2528670209,1809721,3,pelvis,midstance,-0.9696,-0.3694,-0.6390,36.1938,27.8320,18.3716,t001,FIJTB
2528670209,1809737,3,pelvis,midstance,-1.0000,-0.2241,-0.5884,34.8511,42.8467,-3.1128,t001,FIJTB
2528670257,1809753,3,pelvis,midstance,-0.9432,-0.1799,-0.5356,28.6255,67.4438,-8.5449,t001,FIJTB
2528670259,1809769,3,pelvis,midstance,-0.8684,-0.1703,-0.4264,23.1934,72.8760,-5.7373,t001,FIJTB
2528670261,1809785,3,pelvis,midstance,-0.8837,-0.1897,-0.3872,8.8501,70.1294,-3.5400,t001,FIJTB
2528670268,1809801,3,pelvis,midstance,-0.9568,-0.2144,-0.3400,2.0142,65.7959,-6.5308,t001,FIJTB
2528670313,1809817,3,pelvis,midstance,-1.0035,-0.2076,-0.3755,-10.8643,56.8848,-16.1133,t001,FIJTB
2528670313,1809833,3,pelvis,midstance,-1.0096,-0.1909,-0.4027,-26.1230,57.9224,-28.2593,t001,FIJTB
2528670314,1809849,3,pelvis,midstance,-0.9720,-0.1305,-0.4003,-32.1045,61.9507,-33.1421,t001,FIJTB
2528670365,1809865,3,pelvis,midstance,-0.9506,-0.0984,-0.3734,-36.0107,67.0776,-34.6069,t001,FIJTB
2528670365,1809881,3,pelvis,midstance,-0.9515,-0.0837,-0.3341,-35.0952,66.5894,-32.7148,t001,FIJTB
2528670366,1809897,3,pelvis,midstance,-0.9786,-0.1080,-0.3397,-33.3252,65.4907,-31.7993,t001,FIJTB
2528670415,1809913,3,pelvis,midstance,-0.9730,-0.1117,-0.3440,-34.7900,68.2983,-37.7197,t001,FIJTB
2528670416,1809929,3,pelvis,midstance,-0.9454,-0.0745,-0.3231,-35.8887,69.5801,-41.7480,t001,FIJTB
2528670417,1809945,3,pelvis,midstance,-0.9457,-0.0419,-0.3129,-35.2173,68.7866,-46.9360,t001,FIJTB
2528670424,1809961,3,pelvis,midstance,-0.9391,0.0006,-0.3423,-33.2031,66.7725,-46.2036,t001,FIJTB
2528670463,1809977,3,pelvis,terminal,-0.9142,-0.0005,-0.3778,-26.5503,64.0869,-40.0391,t001,FIJTB
2528670463,1809993,3,pelvis,terminal,-0.9103,-0.0114,-0.3540,-19.4092,66.8335,-32.8979,t001,FIJTB
2528670519,1810009,3,pelvis,terminal,-0.8967,-0.0500,-0.2660,-16.9678,68.9087,-29.4189,t001,FIJTB
2528670519,1810026,3,pelvis,terminal,-0.8853,-0.0713,-0.2451,-15.4419,66.7725,-26.1230,t001,FIJTB
2528670519,1810042,3,pelvis,terminal,-0.9027,-0.0764,-0.2502,-16.9678,63.4155,-27.5879,t001,FIJTB
2528670520,1810058,3,pelvis,terminal,-0.8624,-0.0486,-0.2894,-20.9351,57.3120,-34.5459,t001,FIJTB
2528670567,1810074,3,pelvis,terminal,-0.8472,-0.0199,-0.2771,-22.2778,54.9927,-38.3911,t001,FIJTB
2528670569,1810090,3,pelvis,terminal,-0.9001,-0.0059,-0.1927,-20.9351,53.8330,-34.0576,t001,FIJTB
2528670569,1810106,3,pelvis,terminal,-0.9103,-0.0443,-0.1622,-20.3247,52.2461,-19.3481,t001,FIJTB
2528670619,1810122,3,pelvis,terminal,-0.7836,-0.1523,-0.1241,-21.6675,51.5137,-17.5171,t001,FIJTB
2528670620,1810139,3,pelvis,terminal,-0.7350,-0.1080,-0.0695,-21.2402,36.3770,-31.7383,t001,FIJTB
2528670620,1810155,3,pelvis,terminal,-0.7982,-0.0444,-0.0693,-18.5547,9.6436,-44.8608,t001,FIJTB
2528670666,1810171,3,pelvis,terminal,-0.8584,0.0303,-0.1484,-19.5313,2.8076,-43.3350,t001,FIJTB
2528670668,1810187,3,pelvis,terminal,-0.8478,0.0486,-0.1770,-27.3437,7.3853,-32.9590,t001,FIJTB
2528670669,1810203,3,pelvis,terminal,-0.8956,0.0554,-0.1185,-30.0293,10.7422,-28.8086,t001,FIJTB
2528670719,1810219,3,pelvis,terminal,-0.9242,0.0406,-0.0844,-29.4800,9.0332,-23.3765,t001,FIJTB
2528670719,1810236,3,pelvis,terminal,-0.9125,0.0435,-0.1031,-22.0947,4.6997,-26.7944,t001,FIJTB
2528670719,1810252,3,pelvis,terminal,-0.9139,0.0927,-0.1096,-18.0664,4.3335,-28.3203,t001,FIJTB
2528670766,1810268,3,pelvis,terminal,-0.9369,0.1241,-0.0880,-11.2305,2.3804,-20.9351,t001,FIJTB
2528670768,1810284,3,pelvis,terminal,-0.9874,0.1583,-0.0695,-8.2397,-0.7935,-11.2915,t001,FIJTB
2528670768,1810300,3,pelvis,terminal,-0.9086,0.0969,-0.1168,-1.4038,-8.6060,13.3667,t001,FIJTB
2528670819,1810316,3,pelvis,terminal,-0.8474,0.0298,-0.1372,-0.4272,-14.4653,31.4331,t001,FIJTB
2528670819,1810332,3,pelvis,terminal,-0.8113,-0.1086,-0.1547,-3.7231,-17.3340,33.6304,t001,FIJTB
2528670820,1810348,3,pelvis,terminal,-0.7992,-0.1650,-0.1746,-13.3667,-23.0103,23.7427,t001,FIJTB
2528670867,1810364,3,pelvis,terminal,-0.7994,-0.1757,-0.2217,-19.4092,-25.6958,14.1602,t001,FIJTB
2528670869,1810381,3,pelvis,terminal,-0.9570,-0.0061,-0.2521,-30.6396,-31.3721,-7.3853,t001,FIJTB
2528670870,1810397,3,pelvis,terminal,-1.0708,0.0856,-0.2417,-34.2407,-26.5503,-13.6108,t001,FIJTB
2528670922,1810413,3,pelvis,terminal,-1.2371,0.1658,-0.1521,-36.1328,-18.0054,-9.0942,t001,FIJTB
2528670923,1810429,3,pelvis,terminal,-1.2698,0.1798,-0.0939,-37.6587,-5.9204,-2.0752,t001,FIJTB
2528670924,1810445,3,pelvis,terminal,-1.3712,0.2023,-0.0306,-29.7852,-12.6343,-4.0894,t001,FIJTB
2528670924,1810462,3,pelvis,terminal,-1.3184,0.1123,-0.1261,-27.2217,-17.8223,1.2207,t001,FIJTB
2528670971,1810477,3,pelvis,terminal,-1.1296,0.0333,-0.2246,-33.8135,-20.7520,22.9492,t001,FIJTB
2528670973,1810494,3,pelvis,terminal,-0.8101,-0.0083,-0.3309,-38.0859,-21.1792,27.1606,t001,FIJTB
2528670974,1810510,3,pelvis,terminal,-0.7416,0.1005,-0.4044,-27.8931,-28.2593,20.6909,t001,FIJTB
2528671024,1810526,3,pelvis,terminal,-0.7644,0.1284,-0.4518,1.3428,-31.6162,26.0010,t001,FIJTB
2528671025,1810542,3,pelvis,terminal,-0.8586,0.0452,-0.4490,14.1602,-26.6113,36.2549,t001,FIJTB
2528671025,1810558,3,pelvis,terminal,-0.8875,-0.0598,-0.3849,21.0571,-13.3057,52.4292,t001,FIJTB
2528671073,1810574,3,pelvis,terminal,-0.9468,-0.2552,-0.2345,16.4185,-11.1694,50.9033,t001,FIJTB
2528671074,1810590,3,pelvis,terminal,-0.9777,-0.2965,-0.1992,1.2207,-18.0054,30.0903,t001,FIJTB
2528671074,1810606,3,pelvis,terminal,-1.0033,-0.2340,-0.1870,-7.2632,-21.6064,16.2964,t001,FIJTB
2528671125,1810622,3,pelvis,terminal,-0.9623,-0.0817,-0.1482,-26.0010,-22.4609,0.7935,t001,FIJTB
2528671125,1810638,3,pelvis,terminal,-0.9453,-0.0243,-0.1218,-40.0391,-25.0244,2.3193,t001,FIJTB
2528671125,1810654,3,pelvis,terminal,-0.9598,0.0391,-0.1493,-41.0156,-28.1982,4.8828,t001,FIJTB
2528671172,1810670,3,pelvis,terminal,-0.9993,0.0659,-0.2167,-32.0435,-29.3579,10.3149,t001,FIJTB
2528671172,1810686,3,pelvis,swing,-1.0073,0.0527,-0.2126,-18.9819,-22.3999,22.1558,t001,FIJTB
2528671173,1810702,3,pelvis,swing,-0.9866,-0.0525,-0.1848,-14.4043,-20.5078,29.2969,t001,FIJTB
2528671179,1810718,3,pelvis,swing,-0.9717,-0.1021,-0.1956,-8.6670,-22.2778,32.2266,t001,FIJTB
2528671229,1810735,3,pelvis,swing,-0.9473,-0.1084,-0.2444,-5.4932,-22.7661,27.5269,t001,FIJTB
2528671229,1810751,3,pelvis,swing,-0.9122,-0.0785,-0.2755,1.0986,-20.5078,20.0195,t001,FIJTB
2528671230,1810767,3,pelvis,swing,-0.9022,-0.0902,-0.2700,1.1597,-20.3247,25.6348,t001,FIJTB
2528671278,1810783,3,pelvis,swing,-0.8981,-0.1750,-0.2513,-3.2959,-21.8506,31.0059,t001,FIJTB
2528671280,1810799,3,pelvis,swing,-0.8994,-0.2272,-0.2620,-20.5688,-28.1372,31.7383,t001,FIJTB
2528671280,1810815,3,pelvis,swing,-0.9368,-0.2539,-0.3384,-28.2593,-30.9448,23.8037,t001,FIJTB
2528671330,1810831,3,pelvis,swing,-0.9498,-0.1592,-0.4253,-32.4097,-30.2734,0.3662,t001,FIJTB
2528671331,1810847,3,pelvis,swing,-0.9396,-0.1016,-0.4402,-30.5786,-20.7520,-9.2773,t001,FIJTB
2528671331,1810864,3,pelvis,swing,-0.9148,0.0015,-0.3926,-33.0811,-15.6250,-8.4229,t001,FIJTB
2528671378,1810880,3,pelvis,swing,-0.8866,0.0623,-0.3813,-28.6255,-15.5029,-6.5308,t001,FIJTB
2528671380,1810896,3,pelvis,swing,-0.8522,0.1572,-0.4232,-14.7095,-18.7988,-2.5635,t001,FIJTB
2528671381,1810913,3,pelvis,swing,-0.9172,-0.0005,-0.3705,16.9067,-21.7285,31.4941,t001,FIJTB
2528671432,1810929,3,pelvis,swing,-0.9542,-0.1738,-0.2965,12.4512,-18.7988,75.5615,t001,FIJTB
2528671432,1810945,3,pelvis,swing,-1.0222,-0.4338,-0.1805,3.7231,-16.2964,78.0029,t001,FIJTB
2528671433,1810961,3,pelvis,swing,-1.0658,-0.4681,-0.1743,11.4746,-9.2773,34.5459,t001,FIJTB
2528671480,1810977,3,pelvis,swing,-1.0458,-0.2958,-0.2227,22.8271,-3.3569,7.8125,t001,FIJTB
2528671483,1810993,3,pelvis,swing,-0.8735,-0.0892,-0.2095,27.5269,10.0708,-4.2114,t001,FIJTB
2528671484,1811009,3,pelvis,swing,-0.8135,-0.0854,-0.2336,26.4893,-0.7324,27.1606,t001,FIJTB
2528671533,1811025,3,pelvis,swing,-0.7804,-0.1924,-0.4146,32.0435,-12.2070,39.0015,t001,FIJTB
2528671534,1811041,3,pelvis,swing,-0.8153,-0.2435,-0.5059,42.1143,-20.2637,37.9028,t001,FIJTB
2528671534,1811057,3,pelvis,swing,-0.9111,-0.2589,-0.5240,43.0908,-15.0757,32.2876,t001,FIJTB
2528671534,1811073,3,pelvis,swing,-0.8624,-0.2671,-0.4310,39.6118,-5.6763,28.2593,t001,FIJTB
2528671580,1811090,3,pelvis,swing,-0.8439,-0.2755,-0.4117,35.1563,-9.1553,26.5503,t001,FIJTB
2528671583,1811106,3,pelvis,swing,-0.8696,-0.2401,-0.4127,34.4238,-11.4136,22.7051,t001,FIJTB
2528671583,1811122,3,pelvis,swing,-0.8982,-0.2089,-0.3977,32.9590,-9.5215,17.0288,t001,FIJTB
2528671631,1811138,3,pelvis,swing,-0.9305,-0.2151,-0.3302,30.7007,-8.1787,18.4326,t001,FIJTB
2528671631,1811154,3,pelvis,swing,-0.8866,-0.3259,-0.3143,21.2402,-9.3994,24.1699,t001,FIJTB
2528671632,1811170,3,pelvis,swing,-0.8617,-0.3610,-0.3414,11.9019,-13.3057,16.5405,t001,FIJTB
2528671676,1811186,3,pelvis,swing,-0.8531,-0.2773,-0.4164,9.3384,-15.6250,7.8735,t001,FIJTB
2528671678,1811202,3,pelvis,swing,-0.8657,-0.1830,-0.4426,11.7798,-18.7988,-4.5166,t001,FIJTB
2528671694,1811219,3,pelvis,swing,-0.9135,-0.0575,-0.4414,18.4937,-15.4419,5.1270,t001,FIJTB
2528671727,1811235,3,pelvis,swing,-0.9120,-0.1321,-0.3656,18.7378,-11.8408,16.0522,t001,FIJTB
2528671728,1811251,3,pelvis,swing,-0.8806,-0.2091,-0.3368,16.7236,-10.1318,27.7710,t001,FIJTB
2528671729,1811267,3,pelvis,swing,-0.8412,-0.2789,-0.3549,18.8599,-13.0615,24.2920,t001,FIJTB
2528671773,1811283,3,pelvis,swing,-0.8457,-0.2684,-0.3866,24.9634,-17.1509,15.4419,t001,FIJTB
2528671775,1811299,3,pelvis,swing,-0.8820,-0.2325,-0.4050,22.8882,-14.2212,15.9302,t001,FIJTB
2528671776,1811315,3,pelvis,swing,-0.9270,-0.2458,-0.3667,20.2026,-13.0005,17.1509,t001,FIJTB
2528671825,1811331,3,pelvis,swing,-0.9393,-0.2566,-0.3684,14.8315,-13.9770,15.0757,t001,FIJTB
2528671826,1811347,3,pelvis,swing,-0.9238,-0.2404,-0.4204,13.9770,-14.3433,11.1084,t001,FIJTB
2528671826,1811363,3,pelvis,swing,-0.8921,-0.2125,-0.4429,17.4561,-12.6343,6.9580,t001,FIJTB
2528671871,1811379,3,pelvis,swing,-0.7933,-0.1875,-0.4534,19.9585,-13.6719,12.8174,t001,FIJTB
2528671872,1811395,3,pelvis,swing,-0.7334,-0.2426,-0.4485,19.2261,-16.2964,16.6626,t001,FIJTB
2528671873,1811412,3,pelvis,swing,-0.7426,-0.2905,-0.4480,14.9536,-22.3999,22.2168,t001,FIJTB
2528671921,1811428,3,pelvis,swing,-0.8112,-0.3774,-0.4465,10.7422,-23.9258,22.8882,t001,FIJTB
2528671921,1811444,3,pelvis,swing,-0.8403,-0.4003,-0.4403,2.1362,-22.8882,14.5874,t001,FIJTB
2528671922,1811460,3,pelvis,swing,-0.8319,-0.4038,-0.3960,-5.3101,-18.4326,2.8076,t001,FIJTB
2528671966,1811476,3,pelvis,swing,-0.8157,-0.2953,-0.3829,-10.6812,-17.4561,-3.7231,t001,FIJTB
2528671969,1811492,3,pelvis,swing,-0.8546,-0.1865,-0.4169,-10.0098,-21.1792,-22.8882,t001,FIJTB
2528671970,1811508,3,pelvis,swing,-0.9377,-0.0045,-0.4781,-3.2959,-22.2778,-25.2075,t001,FIJTB
2528672017,1811525,3,pelvis,swing,-0.8945,0.0021,-0.5043,6.1646,-21.1792,-3.6011,t001,FIJTB
2528672018,1811541,3,pelvis,swing,-0.8312,-0.0659,-0.5027,8.9111,-19.3481,24.2920,t001,FIJTB
2528672018,1811557,3,pelvis,swing,-0.7787,-0.2211,-0.5013,10.4370,-20.7520,28.6255,t001,FIJTB
2528672064,1811573,3,pelvis,swing,-0.7877,-0.2648,-0.5227,17.3950,-25.3296,23.2544,t001,FIJTB
2528672065,1811589,3,pelvis,swing,-0.7864,-0.3066,-0.5443,19.5923,-25.0244,20.5078,t001,FIJTB
2528672095,1811605,3,pelvis,swing,-0.7551,-0.3710,-0.4976,17.2119,-21.5454,21.9727,t001,FIJTB
2528672112,1811621,3,pelvis,swing,-0.7361,-0.4163,-0.4927,9.7656,-26.6724,24.2310,t001,FIJTB
2528672112,1811637,3,pelvis,swing,-0.7316,-0.4580,-0.5405,4.5776,-30.8838,20.2026,t001,FIJTB
2528672156,1811653,3,pelvis,swing,-0.7708,-0.4047,-0.5699,-3.2959,-34.6680,-0.3662,t001,FIJTB
2528672158,1811669,3,pelvis,swing,-0.8702,-0.2018,-0.5945,-1.9531,-34.8511,-10.5591,t001,FIJTB
2528672160,1811685,3,pelvis,swing,-0.8688,-0.1066,-0.5660,5.9814,-32.1045,-10.9863,t001,FIJTB
2528672207,1811701,3,pelvis,swing,-0.8291,-0.1138,-0.5339,8.9722,-29.7241,10.6201,t001,FIJTB
2528672207,1811717,3,pelvis,swing,-0.8240,-0.1957,-0.4485,9.8877,-30.3345,21.5454,t001,FIJTB
2528672208,1811733,3,pelvis,swing,-0.8622,-0.2703,-0.4182,12.8784,-36.0718,39.2456,t001,FIJTB
2528672252,1811749,3,pelvis,swing,-0.9417,-0.4287,-0.4292,12.5122,-39.8560,43.8232,t001,FIJTB
2528672254,1811765,3,pelvis,swing,-1.0057,-0.4972,-0.5286,7.3242,-48.0957,34.3628,t001,FIJTB
2528672255,1811782,3,pelvis,swing,-1.0063,-0.4631,-0.6105,4.0283,-48.1567,0.9766,t001,FIJTB
2528672303,1811798,3,pelvis,swing,-0.9480,-0.2601,-0.6644,3.1128,-40.5273,-18.2495,t001,FIJTB
2528672303,1811814,3,pelvis,swing,-0.8953,-0.1667,-0.6044,3.6011,-21.1792,-31.7383,t001,FIJTB
2528672304,1811830,3,pelvis,swing,-0.8051,-0.0867,-0.4934,2.3193,-17.0288,-25.0244,t001,FIJTB
2528672348,1811846,3,pelvis,swing,-0.8052,-0.0450,-0.5565,5.4321,-20.5688,-9.7046,t001,FIJTB
2528672349,1811862,3,pelvis,swing,-0.7916,-0.0143,-0.6290,26.6113,-22.3389,-1.7090,t001,FIJTB
2528672350,1811879,3,pelvis,swing,-0.6892,0.0081,-0.6974,37.5366,-18.1274,4.8218,t001,FIJTB
2528672398,1811895,3,pelvis,swing,-0.6333,-0.0287,-0.6682,46.8140,-9.3994,25.8179,t001,FIJTB
2528672398,1811911,3,pelvis,swing,-0.6152,-0.1936,-0.5782,47.5464,-9.3384,34.6069,t001,FIJTB
2528672399,1811927,3,pelvis,swing,-0.7240,-0.3729,-0.5468,45.9595,-10.6812,36.3770,t001,FIJTB
2528672443,1811943,3,pelvis,swing,-0.7551,-0.4213,-0.5348,36.1328,-6.4087,19.8364,t001,FIJTB
2528672445,1811959,3,pelvis,swing,-0.7148,-0.3971,-0.4999,30.0293,-4.3945,8.2397,t001,FIJTB
2528672445,1811975,3,pelvis,swing,-0.7040,-0.3365,-0.4937,18.4326,-5.8594,-10.9253,t001,FIJTB
2528672493,1811991,3,pelvis,swing,-0.7778,-0.2019,-0.5356,13.6108,-6.8970,-14.7705,t001,FIJTB
2528672493,1812007,3,pelvis,swing,-0.8265,-0.1506,-0.6406,6.8359,-4.9438,-12.7563,t001,FIJTB
2528672493,1812023,3,pelvis,swing,-0.8052,-0.1456,-0.6897,5.9814,0.5493,-6.8359,t001,FIJTB
2528672537,1812039,3,pelvis,swing,-0.7352,-0.1116,-0.7223,6.7749,4.0894,-6.5918,t001,FIJTB
2528672539,1812055,3,pelvis,swing,-0.7089,-0.0835,-0.7123,12.6953,7.0190,-10.3760,t001,FIJTB
2528672539,1812071,3,pelvis,swing,-0.6639,-0.0514,-0.7274,18.5547,5.0049,-10.1929,t001,FIJTB
2528672587,1812087,3,pelvis,swing,-0.6693,-0.0481,-0.7429,26.7944,2.0752,-2.0752,t001,FIJTB
2528672587,1812103,3,pelvis,swing,-0.7059,-0.0981,-0.7402,29.2358,3.1738,2.9297,t001,FIJTB
2528672587,1812119,3,pelvis,swing,-0.7264,-0.2151,-0.7136,30.8228,7.0190,10.4370,t001,FIJTB
2528672631,1812134,3,pelvis,swing,-0.7389,-0.2585,-0.7072,20.4468,15.7471,4.4556,t001,FIJTB
2528672632,1812151,3,pelvis,swing,-0.7817,-0.2382,-0.6520,10.9253,23.2544,-6.0425,t001,FIJTB
2528672634,1812167,3,pelvis,swing,-0.8053,-0.1740,-0.6047,-2.7466,33.4473,-30.6396,t001,FIJTB
2528672680,1812183,3,pelvis,swing,-0.7412,-0.0753,-0.6422,-3.5400,31.7993,-37.2314,t001,FIJTB
2528672680,1812199,3,pelvis,swing,-0.7037,-0.0433,-0.7102,12.0239,26.3672,-27.4658,t001,FIJTB
2528672681,1812215,3,pelvis,swing,-0.6664,-0.0775,-0.7611,33.5693,17.7002,1.5259,t001,FIJTB
2528672723,1812231,3,pelvis,swing,-0.7858,-0.1687,-0.8027,37.7197,16.2354,12.0850,t001,FIJTB
2528672725,1812247,3,pelvis,swing,-0.8612,-0.2029,-0.7903,40.7104,33.0811,12.6343,t001,FIJTB
2528672726,1812263,3,pelvis,swing,-0.8087,-0.2212,-0.7271,40.1611,46.0205,4.8218,t001,FIJTB
2528672774,1812279,3,pelvis,swing,-0.6663,-0.1730,-0.6718,33.4473,58.2886,-7.9346,t001,FIJTB
2528672774,1812295,3,pelvis,swing,-0.6263,-0.1631,-0.7109,21.4844,44.4946,-14.6484,t001,FIJTB
2528672775,1812311,3,pelvis,swing,-0.5920,-0.1176,-0.8710,16.4185,32.8979,-21.3013,t001,FIJTB
2528672797,1812327,3,pelvis,swing,-0.5936,-0.0549,-0.9203,13.3667,22.1558,-34.4849,t001,FIJTB
2528672817,1812343,3,pelvis,swing,-0.6060,0.0388,-0.8364,14.4043,26.4282,-31.7993,t001,FIJTB
2528672820,1812359,3,pelvis,swing,-0.6313,-0.1326,-0.6283,17.7612,35.8887,-5.7983,t001,FIJTB
2528672868,1812375,3,pelvis,swing,-0.6864,-0.2817,-0.5492,12.3901,27.4048,13.9160,t001,FIJTB
2528672869,1812391,3,pelvis,swing,-0.7885,-0.4578,-0.4987,4.3335,21.3623,8.5449,t001,FIJTB
2528672869,1812407,3,pelvis,swing,-0.7878,-0.4240,-0.5165,-19.9585,7.9956,-25.4517,t001,FIJTB
2528672914,1812423,3,pelvis,swing,-0.7229,-0.1710,-0.6152,-31.6162,-0.7324,-40.0391,t001,FIJTB
2528672915,1812440,3,pelvis,swing,-0.6456,-0.0096,-0.7515,-42.4805,-10.4370,-40.5273,t001,FIJTB
2528672929,1812456,3,pelvis,swing,-0.6190,-0.0156,-0.7729,-38.8184,-7.8735,-23.3154,t001,FIJTB
2528672964,1812472,3,pelvis,swing,-0.6045,-0.0753,-0.7638,-31.4331,-9.0332,-18.7988,t001,FIJTB
2528672964,1812488,3,pelvis,swing,-0.6150,-0.0892,-0.7684,-14.8315,-14.0381,-17.2119,t001,FIJTB
2528672971,1812505,3,pelvis,swing,-0.6514,-0.1100,-0.7395,-7.3853,-11.4746,-11.5967,t001,FIJTB
2528673008,1812521,3,pelvis,swing,-0.6959,-0.1577,-0.6746,-6.6528,-10.2539,-8.1177,t001,FIJTB
2528673009,1812537,3,pelvis,swing,-0.7356,-0.1556,-0.6537,-5.6763,-12.5122,-9.1553,t001,FIJTB
2528673035,1812554,3,pelvis,swing,-0.8475,-0.0741,-0.6382,-4.8828,-12.8174,-12.0239,t001,FIJTB
2528673057,1812570,3,pelvis,swing,-0.9314,-0.0067,-0.5985,-5.2490,-4.6387,-13.0005,t001,FIJTB
2528673058,1812586,3,pelvis,swing,-0.9775,0.0060,-0.5391,-9.0942,10.1318,-10.8032,t001,FIJTB
2528673101,1812602,3,pelvis,swing,-0.9901,-0.0033,-0.4667,-9.2773,15.6250,-10.0098,t001,FIJTB
2528673102,1812619,3,pelvis,swing,-0.9460,-0.0015,-0.4984,-7.0801,18.3716,-10.1318,t001,FIJTB
2528673103,1812635,3,pelvis,swing,-0.8715,0.0757,-0.5970,-5.7373,18.5547,-11.5356,t001,FIJTB
2528673151,1812651,3,pelvis,swing,-0.7814,0.1667,-0.6455,3.6011,21.9116,-10.9253,t001,FIJTB
2528673151,1812667,3,pelvis,swing,-0.7408,0.1700,-0.6534,25.1465,23.4985,2.0752,t001,FIJTB
2528673152,1812683,3,pelvis,swing,-0.7206,0.0636,-0.6509,37.5366,24.4751,12.3901,t001,FIJTB
2528673194,1812699,3,pelvis,swing,-0.7296,-0.0260,-0.6234,55.2978,29.9683,27.6489,t001,FIJTB
2528673196,1812715,3,pelvis,swing,-0.7145,-0.1768,-0.5330,58.9600,31.8603,29.0527,t001,FIJTB
2528673197,1812731,3,pelvis,swing,-0.7023,-0.2200,-0.4460,54.6875,29.0527,22.7051,t001,FIJTB
2528673243,1812747,3,pelvis,swing,-0.7418,-0.2114,-0.4460,37.2925,14.2822,12.3291,t001,FIJTB
2528673244,1812762,3,pelvis,swing,-0.8085,-0.1428,-0.5714,26.6724,6.4697,3.9062,t001,FIJTB
2528673244,1812778,3,pelvis,swing,-0.7955,-0.0889,-0.6342,10.9863,0.3662,-9.9487,t001,FIJTB
2528673289,1812794,3,pelvis,swing,-0.7148,-0.0247,-0.6434,7.1411,0.2441,-9.2773,t001,FIJTB
2528673290,1812810,3,pelvis,swing,-0.6487,-0.0740,-0.6416,6.3477,-6.4697,1.4038,t001,FIJTB
2528673290,1812826,3,pelvis,swing,-0.6492,-0.0992,-0.6617,12.8174,-18.0054,6.5308,t001,FIJTB
2528673337,1812842,3,pelvis,swing,-0.7294,-0.0869,-0.6650,15.5029,-19.9585,5.4932,t001,FIJTB
2528673337,1812859,3,pelvis,swing,-0.7599,-0.0629,-0.6461,16.6626,-16.4185,2.4414,t001,FIJTB
2528673337,1812875,3,pelvis,swing,-0.7521,-0.0128,-0.6458,18.1274,-16.7236,1.0376,t001,FIJTB
2528673380,1812891,3,pelvis,swing,-0.7495,0.0193,-0.6676,29.6020,-23.1934,1.5869,t001,FIJTB
2528673382,1812907,3,pelvis,swing,-0.7526,0.0391,-0.6815,39.6729,-22.7661,15.8081,t001,FIJTB
2528673384,1812923,3,pelvis,swing,-0.7627,-0.0890,-0.6356,39.6118,-20.9351,25.3906,t001,FIJTB
2528673430,1812939,3,pelvis,swing,-0.7811,-0.1744,-0.6135,31.3110,-19.7754,30.5176,t001,FIJTB
2528673430,1812955,3,pelvis,swing,-0.7889,-0.2418,-0.5901,25.8789,-20.6909,23.6206,t001,FIJTB
2528673460,1812971,3,pelvis,swing,-0.7693,-0.2139,-0.5908,17.4561,-25.9399,8.5449,t001,FIJTB
2528673475,1812987,3,pelvis,swing,-0.7742,-0.1454,-0.6117,13.7329,-27.9541,7.2021,t001,FIJTB
2528673476,1813003,3,pelvis,swing,-0.8121,-0.1458,-0.6152,5.0659,-25.2075,10.3760,t001,FIJTB
2528673523,1813019,3,pelvis,swing,-0.7838,-0.1401,-0.6184,-2.2583,-20.4468,7.3242,t001,FIJTB
2528673523,1813035,3,pelvis,swing,-0.7241,-0.0862,-0.6128,-4.4556,-20.2026,5.1880,t001,FIJTB
2528673524,1813051,3,pelvis,swing,-0.7089,-0.0679,-0.6168,-4.6997,-22.3999,7.8125,t001,FIJTB
2528673568,1813067,3,pelvis,swing,-0.7297,-0.0583,-0.6663,-1.9531,-27.4048,10.8032,t001,FIJTB
2528673569,1813083,3,pelvis,swing,-0.7941,-0.0511,-0.7350,1.5259,-28.6865,11.7798,t001,FIJTB
2528673570,1813099,3,pelvis,swing,-0.8177,-0.0283,-0.7424,8.8501,-23.6206,10.6201,t001,FIJTB
2528673616,1813115,3,pelvis,swing,-0.9414,0.0695,-0.5887,11.1084,-15.1978,8.7891,t001,FIJTB
2528673617,1813132,3,pelvis,swing,-0.9609,0.0500,-0.4722,9.3994,11.7798,17.8833,t001,FIJTB
2528673617,1813148,3,pelvis,swing,-0.7715,-0.1201,-0.4016,4.5166,18.1885,23.6206,t001,FIJTB
2528673660,1813164,3,pelvis,swing,-0.6858,-0.0208,-0.5431,3.0518,-7.9956,8.3008,t001,FIJTB
2528673662,1813180,3,pelvis,swing,-0.7367,0.0730,-0.6488,23.3154,-43.3960,2.5024,t001,FIJTB
2528673662,1813196,3,pelvis,swing,-0.9254,0.0389,-0.7823,24.7192,-40.7104,15.5029,t001,FIJTB
2528673709,1813212,3,pelvis,swing,-0.9811,-0.0602,-0.7755,3.0518,-7.5073,30.8838,t001,FIJTB
2528673710,1813228,3,pelvis,swing,-0.8712,-0.1698,-0.6310,-6.1646,3.8452,21.2402,t001,FIJTB
2528673710,1813244,3,pelvis,swing,-0.7732,-0.0247,-0.5825,-12.0239,0.9155,-12.4512,t001,FIJTB
2528673755,1813260,3,pelvis,swing,-0.7424,0.0637,-0.6090,-11.2305,-5.0049,-17.9443,t001,FIJTB
2528673756,1813276,3,pelvis,swing,-0.7136,0.1049,-0.6022,-8.8501,-4.0894,-8.1177,t001,FIJTB
2528673756,1813293,3,pelvis,swing,-0.7148,0.0536,-0.5829,0.9155,-5.6763,12.0850,t001,FIJTB
2528673804,1813308,3,pelvis,swing,-0.7408,-0.0916,-0.6006,7.3242,-6.7749,17.3950,t001,FIJTB
2528673804,1813324,3,pelvis,swing,-0.7358,-0.1686,-0.6267,7.0190,-5.0659,15.5029,t001,FIJTB
2528673805,1813341,3,pelvis,swing,-0.7190,-0.1782,-0.6249,4.7607,-3.5400,9.2163,t001,FIJTB
2528673848,1813357,3,pelvis,swing,-0.7134,-0.1582,-0.6398,4.7607,-5.4321,7.0190,t001,FIJTB
2528673851,1813373,3,pelvis,swing,-0.7262,-0.1396,-0.6613,5.0659,-9.1553,5.9204,t001,FIJTB
2528673852,1813389,3,pelvis,swing,-0.7418,-0.1241,-0.6863,0.3052,-8.1787,7.0190,t001,FIJTB
2528673899,1813405,3,pelvis,swing,-0.7428,-0.1179,-0.6705,-3.0518,-7.4463,5.9814,t001,FIJTB
2528673899,1813421,3,pelvis,swing,-0.7460,-0.1046,-0.6648,-7.7515,-7.1411,-0.0610,t001,FIJTB
2528673900,1813438,3,pelvis,swing,-0.7455,-0.0676,-0.6677,-8.5449,-6.9580,-2.7466,t001,FIJTB
2528673944,1813454,3,pelvis,swing,-0.7347,-0.0465,-0.6652,-8.5449,-6.2256,-3.1128,t001,FIJTB
2528673945,1813470,3,pelvis,swing,-0.7408,-0.0409,-0.6592,-8.1177,-6.1035,-0.3052,t001,FIJTB
2528673947,1813486,3,pelvis,swing,-0.7715,-0.0360,-0.6523,-6.8970,-6.2866,0.8545,t001,FIJTB
2528673993,1813503,3,pelvis,swing,-0.7804,-0.0403,-0.6500,-3.1738,-4.7607,3.3569,t001,FIJTB
2528673993,1813519,3,pelvis,swing,-0.7692,-0.0632,-0.6296,-1.5869,-2.9297,4.6387,t001,FIJTB
2528674036,1813535,3,pelvis,swing,-0.7643,-0.0879,-0.5924,0.0610,0.1831,6.0425,t001,FIJTB
2528674036,1813551,3,pelvis,swing,-0.7632,-0.0980,-0.5775,-0.9155,2.3804,5.1270,t001,FIJTB
2528674039,1813567,3,pelvis,swing,-0.7334,-0.1099,-0.5665,-1.8311,3.6011,3.4790,t001,FIJTB
2528674086,1813583,3,pelvis,swing,-0.7114,-0.1090,-0.5746,-3.7842,2.5635,0.7324,t001,FIJTB
2528674086,1813600,3,pelvis,swing,-0.7231,-0.0925,-0.6389,-4.4556,-0.1221,0.4272,t001,FIJTB
2528674087,1813616,3,pelvis,swing,-0.7645,-0.0902,-0.7107,-4.8218,-2.7466,2.0142,t001,FIJTB
2528674129,1813632,3,pelvis,swing,-0.7631,-0.0961,-0.7156,-4.0894,1.2207,2.4414,t001,FIJTB
2528674131,1813648,3,pelvis,swing,-0.7224,-0.1058,-0.6860,-3.4790,2.5024,1.7700,t001,FIJTB
2528674132,1813664,3,pelvis,swing,-0.7085,-0.1101,-0.6786,-3.2349,0.1221,1.3428,t001,FIJTB
2528674178,1813681,3,pelvis,swing,-0.7246,-0.1151,-0.6882,-5.6763,-2.6855,1.4648,t001,FIJTB
2528674179,1813697,3,pelvis,swing,-0.7560,-0.1084,-0.6908,-6.8970,-2.5024,0.6714,t001,FIJTB
2528674179,1813713,3,pelvis,swing,-0.7548,-0.0999,-0.6843,-6.9580,-0.3662,-2.2583,t001,FIJTB
2528674221,1813730,3,pelvis,swing,-0.7321,-0.0818,-0.6593,-6.5308,0.6104,-3.0518,t001,FIJTB
2528674224,1813746,3,pelvis,swing,-0.7180,-0.0840,-0.6434,-6.6528,0.6714,-1.5259,t001,FIJTB
2528674224,1813762,3,pelvis,swing,-0.7212,-0.0861,-0.6453,-5.9814,-0.7324,-0.5493,t001,FIJTB
2528674271,1813778,3,pelvis,swing,-0.7332,-0.0706,-0.6608,-4.8218,-1.2817,-0.7324,t001,FIJTB
2528674272,1813794,3,pelvis,swing,-0.7380,-0.0632,-0.6660,-2.0752,-0.9766,0.7324,t001,FIJTB
2528674272,1813810,3,pelvis,swing,-0.7411,-0.0767,-0.6542,-0.7935,-0.1221,2.5024,t001,FIJTB
2528674313,1813826,3,pelvis,swing,-0.7249,-0.1055,-0.6375,0.6714,0.9155,4.5166,t001,FIJTB
2528674315,1813842,3,pelvis,swing,-0.7225,-0.1099,-0.6393,0.5493,-1.2207,3.0518,t001,FIJTB
2528674362,1813858,3,pelvis,swing,-0.7428,-0.1050,-0.6636,-0.2441,-2.3193,2.1973,t001,FIJTB
2528674363,1813874,3,pelvis,swing,-0.7533,-0.1008,-0.6752,-1.3428,-2.1362,1.3428,t001,FIJTB
2528674363,1813890,3,pelvis,swing,-0.7551,-0.0935,-0.6760,-1.0986,-1.1597,1.2207,t001,FIJTB
2528674406,1813907,3,pelvis,swing,-0.7487,-0.0901,-0.6598,-0.1831,0.4272,1.5259,t001,FIJTB
2528674407,1813923,3,pelvis,swing,-0.7441,-0.0883,-0.6569,1.2817,0.6104,1.5869,t001,FIJTB
2528674408,1813939,3,pelvis,swing,-0.7347,-0.0833,-0.6516,2.0752,0.4883,1.7700,t001,FIJTB
2528674456,1813954,3,pelvis,swing,-0.7356,-0.0841,-0.6505,2.9907,0.0000,2.8076,t001,FIJTB
2528674457,1813971,3,pelvis,swing,-0.7386,-0.0886,-0.6600,3.5400,-0.2441,3.2959,t001,FIJTB
2528674457,1813987,3,pelvis,swing,-0.7391,-0.0988,-0.6639,4.6387,-0.1221,4.3335,t001,FIJTB
2528674500,1814003,3,pelvis,swing,-0.7373,-0.1061,-0.6622,4.3335,0.5493,4.3335,t001,FIJTB
2528674502,1814019,3,pelvis,swing,-0.7306,-0.1097,-0.6611,4.0283,0.6104,3.3569,t001,FIJTB
2528674503,1814035,3,pelvis,swing,-0.7241,-0.1053,-0.6615,3.6621,0.4272,1.5259,t001,FIJTB
2528674550,1814050,3,pelvis,swing,-0.7169,-0.1010,-0.6637,3.4790,0.2441,1.5259,t001,FIJTB
2528674550,1814066,3,pelvis,swing,-0.7157,-0.1058,-0.6735,3.1738,-0.1221,2.1362,t001,FIJTB
2528674551,1814083,3,pelvis,swing,-0.7156,-0.1067,-0.6785,3.2349,0.0610,1.8311,t001,FIJTB
2528674595,1814099,3,pelvis,swing,-0.7153,-0.1045,-0.6857,3.6011,0.0000,1.6479,t001,FIJTB
2528674595,1814115,3,pelvis,swing,-0.7148,-0.1031,-0.6882,4.4556,-0.3052,1.8921,t001,FIJTB
2528674596,1814131,3,pelvis,swing,-0.7146,-0.1033,-0.6844,4.5166,-0.3662,2.0752,t001,FIJTB
2528674643,1814147,3,pelvis,swing,-0.7212,-0.1053,-0.6774,4.0894,-0.6714,2.0142,t001,FIJTB
2528674643,1814163,3,pelvis,swing,-0.7288,-0.1039,-0.6757,3.9062,-0.7324,1.7090,t001,FIJTB
2528674644,1814179,3,pelvis,swing,-0.7301,-0.1007,-0.6725,3.5400,-0.3052,1.5259,t001,FIJTB
2528674685,1814195,3,pelvis,swing,-0.7244,-0.0994,-0.6694,2.3804,0.6104,1.0376,t001,FIJTB
2528674687,1814211,3,pelvis,swing,-0.7220,-0.1003,-0.6667,1.9531,0.7324,0.9155,t001,FIJTB
2528674688,1814227,3,pelvis,swing,-0.7290,-0.1025,-0.6649,1.1597,0.7935,0.7324,t001,FIJTB
2528674734,1814243,3,pelvis,swing,-0.7279,-0.1014,-0.6625,0.6714,1.1597,0.1831,t001,FIJTB
2528674735,1814259,3,pelvis,swing,-0.7224,-0.0940,-0.6624,0.7935,0.9155,0.0610,t001,FIJTB
2528674735,1814275,3,pelvis,swing,-0.7227,-0.0902,-0.6655,1.5259,0.3052,0.8545,t001,FIJTB
2528674776,1814291,3,pelvis,swing,-0.7266,-0.0946,-0.6722,2.0142,0.1831,1.4648,t001,FIJTB
2528674778,1814307,3,pelvis,swing,-0.7269,-0.1002,-0.6729,2.3804,0.3052,1.8921,t001,FIJTB
2528674825,1814323,3,pelvis,swing,-0.7255,-0.1084,-0.6646,1.9531,0.6714,1.7090,t001,FIJTB
2528674825,1814338,3,pelvis,swing,-0.7194,-0.1053,-0.6636,0.4272,0.7935,0.8545,t001,FIJTB
2528674825,1814354,3,pelvis,swing,-0.7174,-0.0975,-0.6700,-0.4272,0.0610,0.1221,t001,FIJTB
2528674867,1814370,3,pelvis,swing,-0.7194,-0.0892,-0.6827,-0.6104,-0.1831,0.4883,t001,FIJTB
2528674869,1814387,3,pelvis,swing,-0.7202,-0.0913,-0.6860,-0.0610,-0.1831,1.5869,t001,FIJTB
2528674869,1814403,3,pelvis,swing,-0.7201,-0.0962,-0.6881,0.4883,-0.3052,1.7090,t001,FIJTB
2528674914,1814419,3,pelvis,swing,-0.7219,-0.0994,-0.6808,1.2207,-0.6104,1.7700,t001,FIJTB
2528674915,1814435,3,pelvis,swing,-0.7245,-0.1028,-0.6731,0.7935,-0.4272,1.7090,t001,FIJTB
2528674915,1814451,3,pelvis,swing,-0.7299,-0.1001,-0.6647,0.4883,-0.6104,1.4648,t001,FIJTB
2528674958,1814467,3,pelvis,swing,-0.7343,-0.0928,-0.6655,0.2441,-0.9155,1.1597,t001,FIJTB
2528674959,1814483,3,pelvis,swing,-0.7397,-0.0817,-0.6648,0.3662,-0.5493,1.4038,t001,FIJTB
2528674960,1814499,3,pelvis,swing,-0.7354,-0.0870,-0.6561,0.9766,0.4883,2.3193,t001,FIJTB
2528675005,1814515,3,pelvis,swing,-0.7369,-0.0896,-0.6539,1.8311,0.4272,2.3193,t001,FIJTB
2528675005,1814531,3,pelvis,swing,-0.7440,-0.0928,-0.6547,2.0752,0.4883,2.2583,t001,FIJTB
2528675043,1814547,3,pelvis,swing,-0.7422,-0.0964,-0.6560,1.9531,1.4038,2.3193,t001,FIJTB
2528675048,1814563,3,pelvis,swing,-0.7244,-0.1007,-0.6591,1.8311,1.5869,2.2583,t001,FIJTB
2528675049,1814579,3,pelvis,swing,-0.7218,-0.0989,-0.6683,1.4038,0.8545,1.9531,t001,FIJTB
2528675095,1814595,3,pelvis,swing,-0.7235,-0.1018,-0.6735,0.6714,0.5493,2.0142,t001,FIJTB
2528675096,1814611,3,pelvis,swing,-0.7235,-0.1071,-0.6743,0.5493,0.8545,1.5869,t001,FIJTB
2528675096,1814627,3,pelvis,swing,-0.7223,-0.1093,-0.6732,0.0610,0.7935,0.8545,t001,FIJTB
2528675140,1814643,3,pelvis,swing,-0.7225,-0.1123,-0.6779,-0.4883,0.4883,0.7935,t001,FIJTB
2528675141,1814659,3,pelvis,swing,-0.7252,-0.1093,-0.6798,-1.2207,0.2441,-0.1221,t001,FIJTB
2528675141,1814675,3,pelvis,swing,-0.7308,-0.0947,-0.6808,-1.0986,0.6104,-0.8545,t001,FIJTB
2528675187,1814691,3,pelvis,swing,-0.7251,-0.0903,-0.6752,-0.9155,0.9766,-0.5493,t001,FIJTB
2528675187,1814707,3,pelvis,swing,-0.7173,-0.0950,-0.6711,-0.6714,1.0376,0.7935,t001,FIJTB
2528675187,1814723,3,pelvis,swing,-0.7069,-0.1000,-0.6669,-0.4883,0.3662,1.0376,t001,FIJTB
2528675230,1814739,3,pelvis,swing,-0.7102,-0.0967,-0.6671,-0.1831,-1.2207,0.9766,t001,FIJTB
2528675233,1814755,3,pelvis,swing,-0.7231,-0.0955,-0.6655,-0.1831,-1.4038,1.0376,t001,FIJTB
2528675233,1814771,3,pelvis,swing,-0.7313,-0.1119,-0.6537,-0.5493,-0.7324,1.6479,t001,FIJTB
2528675279,1814787,3,pelvis,swing,-0.7324,-0.1191,-0.6497,-1.4648,-0.6714,0.7935,t001,FIJTB
2528675279,1814804,3,pelvis,swing,-0.7328,-0.1101,-0.6558,-1.7700,-0.6714,-0.1831,t001,FIJTB
2528675317,1814820,3,pelvis,swing,-0.7313,-0.1008,-0.6605,-1.7090,-0.4272,-0.7935,t001,FIJTB
2528675321,1814836,3,pelvis,swing,-0.7317,-0.0953,-0.6635,-1.7090,-0.3052,0.3662,t001,FIJTB
2528675323,1814852,3,pelvis,swing,-0.7313,-0.0980,-0.6705,-1.6479,-0.6104,0.6714,t001,FIJTB
2528675370,1814868,3,pelvis,swing,-0.7294,-0.0948,-0.6761,-1.4648,-0.9766,0.1221,t001,FIJTB
2528675371,1814884,3,pelvis,swing,-0.7347,-0.0852,-0.6820,-1.2207,-0.8545,0.1221,t001,FIJTB
2528675371,1814900,3,pelvis,swing,-0.7366,-0.0925,-0.6735,-0.8545,0.1221,1.3428,t001,FIJTB
2528675415,1814917,3,pelvis,swing,-0.7334,-0.0978,-0.6655,-0.7935,0.9155,1.3428,t001,FIJTB
2528675415,1814933,3,pelvis,swing,-0.7325,-0.1021,-0.6593,-0.8545,0.8545,0.7935,t001,FIJTB
2528675416,1814949,3,pelvis,swing,-0.7369,-0.1042,-0.6572,-1.5259,1.0376,0.7324,t001,FIJTB
2528675462,1814965,3,pelvis,swing,-0.7340,-0.1128,-0.6537,-2.0142,1.4038,0.6714,t001,FIJTB
2528675463,1814981,3,pelvis,swing,-0.7175,-0.1062,-0.6587,-2.1362,1.4648,-0.1221,t001,FIJTB
2528675463,1814997,3,pelvis,swing,-0.7139,-0.0997,-0.6663,-1.5869,0.4272,-0.0610,t001,FIJTB
2528675505,1815013,3,pelvis,swing,-0.7150,-0.1040,-0.6772,-1.4038,-0.1221,0.6104,t001,FIJTB
2528675507,1815029,3,pelvis,swing,-0.7169,-0.1100,-0.6776,-1.1597,-0.7324,1.0376,t001,FIJTB
2528675508,1815045,3,pelvis,swing,-0.7224,-0.1108,-0.6755,-1.1597,-0.8545,0.6714,t001,FIJTB
2528675554,1815061,3,pelvis,swing,-0.7312,-0.1124,-0.6768,-1.7090,-1.1597,0.4883,t001,FIJTB
2528675554,1815077,3,pelvis,swing,-0.7365,-0.1166,-0.6758,-3.1738,-0.8545,-0.0610,t001,FIJTB
2528675554,1815093,3,pelvis,swing,-0.7396,-0.1110,-0.6713,-3.7842,-0.7935,-0.9155,t001,FIJTB
2528675596,1815110,3,pelvis,swing,-0.7358,-0.1002,-0.6699,-3.9673,-0.6104,-2.0142,t001,FIJTB
2528675598,1815126,3,pelvis,swing,-0.7277,-0.0865,-0.6658,-3.7231,-0.4272,-1.4648,t001,FIJTB
2528675644,1815142,3,pelvis,swing,-0.7303,-0.0916,-0.6609,-2.5635,-0.5493,0.4272,t001,FIJTB
2528675644,1815158,3,pelvis,swing,-0.7328,-0.0944,-0.6610,-0.7324,-0.6714,1.2207,t001,FIJTB
2528675645,1815174,3,pelvis,swing,-0.7367,-0.0929,-0.6581,0.0610,-0.5493,1.5259,t001,FIJTB
2528675687,1815190,3,pelvis,swing,-0.7367,-0.0952,-0.6573,1.0376,-0.1831,2.5635,t001,FIJTB
2528675689,1815206,3,pelvis,swing,-0.7377,-0.1077,-0.6538,1.0376,-0.0610,2.9907,t001,FIJTB
2528675690,1815222,3,pelvis,swing,-0.7327,-0.1097,-0.6526,0.5493,0.1221,2.5024,t001,FIJTB
2528675736,1815238,3,pelvis,swing,-0.7275,-0.1084,-0.6553,0.3662,0.0610,2.1362,t001,FIJTB
2528675736,1815254,3,pelvis,swing,-0.7200,-0.1128,-0.6616,0.3052,-0.1221,2.5024,t001,FIJTB
2528675737,1815270,3,pelvis,swing,-0.7222,-0.1180,-0.6643,-0.3662,-0.6104,2.8076,t001,FIJTB
2528675780,1815286,3,pelvis,swing,-0.7296,-0.1248,-0.6669,-0.8545,-0.6104,2.5024,t001,FIJTB
2528675781,1815302,3,pelvis,swing,-0.7302,-0.1206,-0.6714,-1.5869,-0.6104,1.3428,t001,FIJTB
2528675781,1815318,3,pelvis,swing,-0.7285,-0.1182,-0.6726,-2.5024,-0.6714,0.9155,t001,FIJTB
2528675827,1815334,3,pelvis,swing,-0.7258,-0.1177,-0.6742,-2.6855,-0.8545,0.7935,t001,FIJTB
2528675828,1815350,3,pelvis,swing,-0.7284,-0.1166,-0.6754,-2.7466,-0.9766,0.3052,t001,FIJTB
2528675828,1815366,3,pelvis,swing,-0.7284,-0.1165,-0.6713,-3.0518,-0.7935,-0.0610,t001,FIJTB
2528675869,1815382,3,pelvis,swing,-0.7264,-0.1172,-0.6680,-3.7231,-0.7935,-0.2441,t001,FIJTB
2528675871,1815398,3,pelvis,swing,-0.7229,-0.1208,-0.6686,-4.5166,-1.4648,-0.1221,t001,FIJTB
2528675917,1815415,3,pelvis,swing,-0.7213,-0.1200,-0.6721,-4.7607,-1.6479,-0.2441,t001,FIJTB
2528675918,1815431,3,pelvis,swing,-0.7223,-0.1151,-0.6737,-4.6387,-1.5259,-0.8545,t001,FIJTB
2528675918,1815447,3,pelvis,swing,-0.7247,-0.1100,-0.6709,-4.3945,-1.1597,-0.7324,t001,FIJTB
2528675961,1815463,3,pelvis,swing,-0.7295,-0.1140,-0.6597,-3.8452,-0.4883,-0.0610,t001,FIJTB
2528675961,1815480,3,pelvis,swing,-0.7322,-0.1152,-0.6567,-3.6011,-0.6714,0.0610,t001,FIJTB
2528675963,1815496,3,pelvis,swing,-0.7332,-0.1123,-0.6583,-3.4180,-0.7935,0.0000,t001,FIJTB
2528676010,1815512,3,pelvis,swing,-0.7332,-0.1108,-0.6589,-2.7466,-0.6714,0.4272,t001,FIJTB
2528676010,1815528,3,pelvis,swing,-0.7311,-0.1128,-0.6602,-2.5635,-0.4272,0.6714,t001,FIJTB
2528676011,1815544,3,pelvis,swing,-0.7274,-0.1149,-0.6643,-1.8311,-0.0610,0.8545,t001,FIJTB
2528676053,1815560,3,pelvis,swing,-0.7257,-0.1176,-0.6660,-1.2207,-0.1221,1.4648,t001,FIJTB
2528676055,1815577,3,pelvis,swing,-0.7211,-0.1326,-0.6680,-1.2817,-0.1831,1.8311,t001,FIJTB
2528676056,1815593,3,pelvis,swing,-0.7196,-0.1385,-0.6709,-1.7700,-0.4883,1.4648,t001,FIJTB
2528676103,1815609,3,pelvis,swing,-0.7169,-0.1355,-0.6744,-2.0142,-0.5493,0.7935,t001,FIJTB
2528676103,1815625,3,pelvis,swing,-0.7174,-0.1277,-0.6765,-2.4414,-0.4883,-0.2441,t001,FIJTB
2528676103,1815641,3,pelvis,swing,-0.7184,-0.1281,-0.6765,-2.9907,-0.4883,0.1221,t001,FIJTB
2528676145,1815658,3,pelvis,swing,-0.7205,-0.1305,-0.6787,-3.1128,-0.4883,0.0000,t001,FIJTB
2528676147,1815674,3,pelvis,swing,-0.7216,-0.1279,-0.6790,-2.8076,-0.4883,-0.6714,t001,FIJTB
2528676193,1815690,3,pelvis,swing,-0.7216,-0.1177,-0.6779,-2.2583,-0.2441,-0.3052,t001,FIJTB
2528676193,1815707,3,pelvis,swing,-0.7189,-0.1144,-0.6754,-1.8311,0.0000,0.1221,t001,FIJTB
2528676194,1815723,3,pelvis,swing,-0.7155,-0.1155,-0.6724,-0.7935,0.0000,1.0376,t001,FIJTB
2528676235,1815739,3,pelvis,swing,-0.7124,-0.1216,-0.6680,-0.3052,-0.1831,1.4648,t001,FIJTB
2528676236,1815755,3,pelvis,swing,-0.7186,-0.1298,-0.6689,0.1831,-0.6104,2.1973,t001,FIJTB
2528676238,1815771,3,pelvis,swing,-0.7224,-0.1333,-0.6705,0.0000,-0.6714,1.9531,t001,FIJTB
2528676284,1815787,3,pelvis,swing,-0.7230,-0.1343,-0.6709,0.0000,-0.4272,1.6479,t001,FIJTB
2528676285,1815803,3,pelvis,swing,-0.7216,-0.1321,-0.6694,-0.2441,-0.3052,1.0986,t001,FIJTB
2528676285,1815819,3,pelvis,swing,-0.7228,-0.1334,-0.6698,-0.3662,-0.3662,1.1597,t001,FIJTB
2528676328,1815835,3,pelvis,swing,-0.7250,-0.1328,-0.6681,-0.7324,-0.2441,0.9155,t001,FIJTB
2528676329,1815851,3,pelvis,swing,-0.7230,-0.1289,-0.6678,-0.7324,-0.1221,0.6104,t001,FIJTB
2528676329,1815867,3,pelvis,swing,-0.7166,-0.1256,-0.6698,-0.6104,-0.2441,0.9155,t001,FIJTB
2528676376,1815883,3,pelvis,swing,-0.7166,-0.1270,-0.6721,-0.4272,-0.4883,1.5259,t001,FIJTB
2528676376,1815899,3,pelvis,swing,-0.7217,-0.1292,-0.6754,-0.1831,-0.4272,1.5259,t001,FIJTB
2528676376,1815915,3,pelvis,swing,-0.7205,-0.1320,-0.6711,0.2441,-0.0610,1.2207,t001,FIJTB
2528676418,1815931,3,pelvis,swing,-0.7194,-0.1338,-0.6667,-0.2441,0.1221,0.9766,t001,FIJTB
2528676418,1815947,3,pelvis,swing,-0.7246,-0.1377,-0.6666,-0.6104,-0.1831,0.7935,t001,FIJTB
2528676457,1815964,3,pelvis,swing,-0.7300,-0.1382,-0.6694,-0.9766,-0.1831,0.4883,t001,FIJTB
2528676467,1815980,3,pelvis,swing,-0.7306,-0.1309,-0.6643,-1.0376,0.3052,0.1221,t001,FIJTB
2528676467,1815996,3,pelvis,swing,-0.7224,-0.1284,-0.6597,-0.9766,0.6104,-0.3052,t001,FIJTB
2528676510,1816012,3,pelvis,swing,-0.7207,-0.1321,-0.6603,-1.4038,-0.0610,0.4883,t001,FIJTB
2528676511,1816028,3,pelvis,swing,-0.7271,-0.1371,-0.6638,-1.8311,-0.3662,0.4272,t001,FIJTB
2528676512,1816044,3,pelvis,swing,-0.7274,-0.1354,-0.6666,-2.1362,-0.5493,-0.3662,t001,FIJTB
2528676559,1816061,3,pelvis,swing,-0.7203,-0.1337,-0.6699,-2.2583,-0.4272,-0.3052,t001,FIJTB
2528676559,1816077,3,pelvis,swing,-0.7174,-0.1390,-0.6716,-2.8076,-0.6714,-0.0610,t001,FIJTB
2528676560,1816094,3,pelvis,swing,-0.7194,-0.1394,-0.6726,-2.9297,-0.9155,-0.6714,t001,FIJTB
2528676605,1816110,3,pelvis,swing,-0.7251,-0.1337,-0.6703,-2.9907,-0.7324,-0.9766,t001,FIJTB
2528676606,1816126,3,pelvis,swing,-0.7266,-0.1365,-0.6700,-3.2959,-0.5493,-0.9155,t001,FIJTB
2528676606,1816142,3,pelvis,swing,-0.7234,-0.1401,-0.6704,-3.3569,-0.4272,-0.6714,t001,FIJTB
2528676653,1816159,3,pelvis,swing,-0.7196,-0.1355,-0.6705,-3.3569,-0.3662,-0.9766,t001,FIJTB
2528676654,1816175,3,pelvis,swing,-0.7181,-0.1299,-0.6719,-2.9297,-0.4883,-1.1597,t001,FIJTB
2528676654,1816192,3,pelvis,swing,-0.7167,-0.1306,-0.6738,-2.6855,-0.5493,-0.7324,t001,FIJTB
2528676700,1816208,3,pelvis,swing,-0.7209,-0.1368,-0.6732,-2.1362,-0.5493,-0.1831,t001,FIJTB
2528676701,1816224,3,pelvis,swing,-0.7229,-0.1349,-0.6731,-1.4038,-0.3662,-0.5493,t001,FIJTB
2528676738,1816241,3,pelvis,swing,-0.7223,-0.1357,-0.6714,-1.2817,-0.2441,-0.4272,t001,FIJTB
2528676749,1816257,3,pelvis,swing,-0.7220,-0.1407,-0.6711,-1.3428,-0.1831,-0.1831,t001,FIJTB
2528676750,1816273,3,pelvis,swing,-0.7211,-0.1387,-0.6731,-1.2207,-0.2441,-0.6104,t001,FIJTB
2528676750,1816289,3,pelvis,swing,-0.7151,-0.1357,-0.6729,-1.0986,-0.1831,-0.4883,t001,FIJTB
2528676796,1816305,3,pelvis,swing,-0.7155,-0.1364,-0.6700,-0.9766,-0.3052,-0.1221,t001,FIJTB
2528676797,1816322,3,pelvis,swing,-0.7173,-0.1379,-0.6719,-0.7935,-0.4883,-0.1221,t001,FIJTB
2528676799,1816338,3,pelvis,swing,-0.7155,-0.1376,-0.6729,-0.1831,-0.6714,0.1221,t001,FIJTB
2528676829,1816354,3,pelvis,swing,-0.7183,-0.1381,-0.6736,0.0000,-1.2817,0.2441,t001,FIJTB
2528676847,1816370,3,pelvis,swing,-0.7227,-0.1378,-0.6805,-0.1221,-1.2817,0.2441,t001,FIJTB
2528676847,1816386,3,pelvis,swing,-0.7189,-0.1392,-0.6792,-0.3052,-0.5493,0.2441,t001,FIJTB
2528676892,1816403,3,pelvis,swing,-0.7128,-0.1414,-0.6685,-0.3052,-0.4883,0.3052,t001,FIJTB
2528676894,1816419,3,pelvis,swing,-0.7206,-0.1379,-0.6702,-0.8545,-1.0986,-0.1831,t001,FIJTB
2528676914,1816436,3,pelvis,swing,-0.7224,-0.1344,-0.6716,-1.1597,-0.7935,-0.2441,t001,FIJTB
2528676944,1816452,3,pelvis,swing,-0.7222,-0.1321,-0.6659,-0.9155,-0.4272,0.0000,t001,FIJTB
2528676944,1816468,3,pelvis,swing,-0.7196,-0.1351,-0.6680,-0.4272,-0.4272,0.2441,t001,FIJTB
2528676945,1816484,3,pelvis,swing,-0.7189,-0.1360,-0.6704,-0.1831,-0.4272,0.3662,t001,FIJTB
2528676991,1816500,3,pelvis,swing,-0.7205,-0.1320,-0.6731,0.0000,-0.3662,0.3052,t001,FIJTB
2528676992,1816516,3,pelvis,swing,-0.7198,-0.1294,-0.6749,0.7324,-0.2441,0.5493,t001,FIJTB
2528677041,1816533,3,pelvis,swing,-0.7184,-0.1301,-0.6730,1.0986,0.0000,0.9155,t001,FIJTB
2528677042,1816549,3,pelvis,swing,-0.7175,-0.1375,-0.6741,1.6479,0.1221,1.4648,t001,FIJTB
2528677042,1816565,3,pelvis,swing,-0.7175,-0.1381,-0.6769,2.0142,0.1831,1.1597,t001,FIJTB
2528677043,1816581,3,pelvis,swing,-0.7181,-0.1370,-0.6759,1.9531,0.3662,1.1597,t001,FIJTB
2528677088,1816597,3,pelvis,swing,-0.7186,-0.1379,-0.6736,1.7700,0.4272,1.4038,t001,FIJTB
2528677090,1816613,3,pelvis,swing,-0.7191,-0.1389,-0.6752,1.7700,0.4272,1.3428,t001,FIJTB
2528677091,1816629,3,pelvis,swing,-0.7170,-0.1364,-0.6753,2.0142,0.5493,1.1597,t001,FIJTB
2528677141,1816645,3,pelvis,swing,-0.7150,-0.1371,-0.6740,2.3193,0.3662,1.5259,t001,FIJTB
2528677142,1816661,3,pelvis,swing,-0.7144,-0.1384,-0.6699,2.3804,0.3052,1.5869,t001,FIJTB
2528677143,1816677,3,pelvis,swing,-0.7146,-0.1367,-0.6691,2.3804,0.2441,1.2207,t001,FIJTB
2528677189,1816693,3,pelvis,swing,-0.7174,-0.1345,-0.6681,2.3193,0.3052,1.1597,t001,FIJTB
2528677192,1816709,3,pelvis,swing,-0.7181,-0.1343,-0.6663,2.4414,0.3052,1.4038,t001,FIJTB
2528677192,1816725,3,pelvis,swing,-0.7208,-0.1344,-0.6680,2.5635,0.0610,1.4038,t001,FIJTB
2528677242,1816741,3,pelvis,swing,-0.7272,-0.1364,-0.6713,2.3193,0.0610,1.4038,t001,FIJTB
2528677242,1816757,3,pelvis,swing,-0.7269,-0.1371,-0.6694,1.9531,0.6104,1.2817,t001,FIJTB
2528677243,1816773,3,pelvis,swing,-0.7220,-0.1353,-0.6646,1.8311,0.7935,1.0376,t001,FIJTB
2528677292,1816789,3,pelvis,swing,-0.7212,-0.1339,-0.6652,1.4648,0.3662,0.9155,t001,FIJTB
2528677292,1816805,3,pelvis,swing,-0.7238,-0.1359,-0.6702,0.9766,0.2441,1.0376,t001,FIJTB
2528677292,1816821,3,pelvis,swing,-0.7218,-0.1335,-0.6740,0.6104,0.1831,0.7324,t001,FIJTB
2528677325,1816837,3,pelvis,swing,-0.7202,-0.1299,-0.6755,0.8545,0.4883,0.5493,t001,FIJTB
2528677344,1816853,3,pelvis,swing,-0.7198,-0.1377,-0.6736,0.6714,0.6104,0.7935,t001,FIJTB
2528677345,1816869,3,pelvis,swing,-0.7225,-0.1442,-0.6720,0.0000,0.4272,0.6104,t001,FIJTB
2528677346,1816885,3,pelvis,swing,-0.7252,-0.1407,-0.6772,-0.2441,0.3052,0.0610,t001,FIJTB
2528677394,1816901,3,pelvis,swing,-0.7190,-0.1281,-0.6768,0.1831,0.9155,-0.4883,t001,FIJTB
2528677395,1816917,3,pelvis,swing,-0.7109,-0.1321,-0.6714,0.6714,1.5259,0.6104,t001,FIJTB
2528677395,1816933,3,pelvis,swing,-0.7023,-0.1438,-0.6680,0.7324,1.0986,0.7935,t001,FIJTB
2528677447,1816949,3,pelvis,swing,-0.7076,-0.1425,-0.6710,-0.0610,0.2441,-0.1831,t001,FIJTB
2528677447,1816965,3,pelvis,swing,-0.7208,-0.1289,-0.6714,-0.6104,0.4272,-0.6714,t001,FIJTB
2528677448,1816982,3,pelvis,swing,-0.7354,-0.1233,-0.6581,-1.2207,0.8545,-0.5493,t001,FIJTB
2528677495,1816998,3,pelvis,swing,-0.7410,-0.1240,-0.6537,-1.6479,1.6479,-0.8545,t001,FIJTB
2528677495,1817014,3,pelvis,swing,-0.7408,-0.1237,-0.6479,-1.4038,2.1362,-1.2207,t001,FIJTB
2528677498,1817030,3,pelvis,swing,-0.7357,-0.1243,-0.6422,-0.8545,2.3804,-0.7324,t001,FIJTB
2528677551,1817047,3,pelvis,swing,-0.7352,-0.1267,-0.6461,0.3662,1.3428,0.1221,t001,FIJTB
2528677552,1817063,3,pelvis,swing,-0.7338,-0.1311,-0.6655,1.4038,0.8545,0.5493,t001,FIJTB
2528677552,1817079,3,pelvis,swing,-0.7351,-0.1342,-0.6704,2.8687,1.1597,1.4648,t001,FIJTB
2528677600,1817094,3,pelvis,swing,-0.7422,-0.1410,-0.6681,3.1738,1.5869,1.5259,t001,FIJTB
2528677603,1817111,3,pelvis,swing,-0.7416,-0.1432,-0.6681,3.6621,1.9531,0.7324,t001,FIJTB
2528677603,1817127,3,pelvis,swing,-0.7187,-0.1434,-0.6708,3.7842,2.4414,0.1831,t001,FIJTB
2528677603,1817143,3,pelvis,swing,-0.6957,-0.1409,-0.6686,3.7842,2.3193,0.1831,t001,FIJTB
2528677655,1817159,3,pelvis,swing,-0.6987,-0.1384,-0.6702,3.6011,1.4038,0.4883,t001,FIJTB
2528677656,1817175,3,pelvis,swing,-0.7164,-0.1349,-0.6798,3.6621,1.2207,0.7324,t001,FIJTB
2528677656,1817191,3,pelvis,swing,-0.7218,-0.1359,-0.6816,4.7607,1.5869,1.0986,t001,FIJTB
2528677686,1817206,3,pelvis,swing,-0.7319,-0.1377,-0.6765,5.3101,1.6479,1.4038,t001,FIJTB
2528677706,1817222,3,pelvis,swing,-0.7244,-0.1329,-0.6711,5.6152,1.4648,0.9155,t001,FIJTB
2528677708,1817238,3,pelvis,swing,-0.7147,-0.1278,-0.6671,6.3477,1.1597,1.0986,t001,FIJTB
2528677762,1817254,3,pelvis,swing,-0.7197,-0.1218,-0.6606,7.0190,0.6714,1.7090,t001,FIJTB
2528677762,1817270,3,pelvis,swing,-0.7291,-0.1257,-0.6639,7.6294,0.2441,3.1738,t001,FIJTB
2528677763,1817286,3,pelvis,swing,-0.7313,-0.1407,-0.6669,7.6294,0.6714,3.1738,t001,FIJTB
2528677763,1817302,3,pelvis,swing,-0.7209,-0.1381,-0.6636,7.6904,1.0376,1.9531,t001,FIJTB
2528677811,1817318,3,pelvis,swing,-0.7234,-0.1342,-0.6625,6.7139,0.4272,0.9766,t001,FIJTB
2528677813,1817334,3,pelvis,swing,-0.7332,-0.1375,-0.6630,5.6763,0.6714,0.7935,t001,FIJTB
2528677814,1817350,3,pelvis,swing,-0.7360,-0.1353,-0.6646,4.5776,0.6714,-0.9766,t001,FIJTB
2528677843,1817366,3,pelvis,swing,-0.7373,-0.1208,-0.6671,4.5166,0.5493,-1.5869,t001,FIJTB
2528677868,1817383,3,pelvis,swing,-0.7349,-0.1262,-0.6566,4.3335,1.2207,-0.7324,t001,FIJTB
2528677869,1817399,3,pelvis,swing,-0.7314,-0.1339,-0.6486,3.4180,1.4648,-1.0986,t001,FIJTB
2528677919,1817415,3,pelvis,swing,-0.7251,-0.1349,-0.6486,2.9907,1.1597,-1.7090,t001,FIJTB
2528677920,1817431,3,pelvis,swing,-0.7245,-0.1311,-0.6532,2.5024,0.4272,-2.4414,t001,FIJTB
2528677921,1817447,3,pelvis,swing,-0.7307,-0.1243,-0.6597,2.4414,0.4272,-2.1973,t001,FIJTB
2528677923,1817463,3,pelvis,swing,-0.7338,-0.1204,-0.6631,2.9297,1.2817,-2.6855,t001,FIJTB
2528677977,1817479,3,pelvis,swing,-0.7332,-0.1187,-0.6604,3.6621,2.4414,-3.2349,t001,FIJTB
2528677978,1817495,3,pelvis,swing,-0.7299,-0.1174,-0.6564,3.7231,2.5635,-3.3569,t001,FIJTB
2528677978,1817511,3,pelvis,swing,-0.7340,-0.1160,-0.6606,3.3569,1.5869,-3.9673,t001,FIJTB
2528678030,1817527,3,pelvis,swing,-0.7441,-0.1030,-0.6818,3.2959,1.1597,-4.5166,t001,FIJTB
2528678031,1817543,3,pelvis,swing,-0.7334,-0.0876,-0.6953,4.6997,1.7090,-4.3335,t001,FIJTB
2528678032,1817559,3,pelvis,swing,-0.7303,-0.0854,-0.6925,7.5073,2.3193,-1.9531,t001,FIJTB
2528678089,1817575,3,pelvis,swing,-0.7187,-0.1062,-0.6820,8.5449,2.6855,-0.6104,t001,FIJTB
2528678090,1817591,3,pelvis,swing,-0.7068,-0.1207,-0.6729,9.7656,3.1128,0.0610,t001,FIJTB
2528678090,1817607,3,pelvis,swing,-0.6927,-0.1337,-0.6567,9.8877,2.6245,-0.4883,t001,FIJTB
2528678090,1817623,3,pelvis,swing,-0.6965,-0.1351,-0.6564,8.8501,0.6104,-1.2207,t001,FIJTB
2528678142,1817639,3,pelvis,swing,-0.7036,-0.1393,-0.6681,7.5684,-0.5493,-2.0752,t001,FIJTB
2528678143,1817655,3,pelvis,swing,-0.7123,-0.1277,-0.6678,7.0801,-0.6714,-3.1128,t001,FIJTB
2528678145,1817671,3,pelvis,swing,-0.7198,-0.1150,-0.6632,6.6528,0.2441,-5.1270,t001,FIJTB
2528678163,1817687,3,pelvis,swing,-0.7423,-0.1035,-0.6454,6.1035,1.1597,-5.4932,t001,FIJTB
2528678204,1817703,3,pelvis,swing,-0.7511,-0.1028,-0.6382,4.5166,1.8921,-6.5918,t001,FIJTB
2528678204,1817719,3,pelvis,swing,-0.7681,-0.0874,-0.6420,4.3335,1.4648,-7.6904,t001,FIJTB
2528678204,1817735,3,pelvis,swing,-0.7783,-0.0676,-0.6488,4.4556,1.0986,-8.2397,t001,FIJTB
2528678259,1817751,3,pelvis,swing,-0.7842,-0.0621,-0.6450,4.1504,1.8921,-7.0801,t001,FIJTB
2528678261,1817767,3,pelvis,swing,-0.7916,-0.0521,-0.6279,4.3335,2.6245,-6.7749,t001,FIJTB
2528678261,1817783,3,pelvis,swing,-0.7936,-0.0447,-0.6108,5.4932,6.0425,-6.5918,t001,FIJTB
2528678261,1817799,3,pelvis,swing,-0.7689,-0.0391,-0.5699,6.2866,8.3008,-6.2256,t001,FIJTB
2528678311,1817815,3,pelvis,swing,-0.7311,-0.0521,-0.5568,8.0566,9.5825,-4.5166,t001,FIJTB
2528678318,1817831,3,pelvis,swing,-0.7269,-0.0609,-0.5706,8.8501,6.3477,-2.8076,t001,FIJTB
2528678319,1817847,3,pelvis,swing,-0.7518,-0.0610,-0.6161,9.2163,5.1270,-2.6855,t001,FIJTB
2528678369,1817863,3,pelvis,swing,-0.7690,-0.0558,-0.6326,11.4746,5.9814,-3.4790,t001,FIJTB
2528678375,1817879,3,pelvis,swing,-0.8038,-0.0559,-0.6284,12.3901,7.8735,-3.3569,t001,FIJTB
2528678376,1817895,3,pelvis,swing,-0.8810,-0.0674,-0.5771,10.9863,13.2446,-2.8076,t001,FIJTB
2528678377,1817911,3,pelvis,swing,-0.9215,-0.0725,-0.5475,6.1646,20.7520,-6.1035,t001,FIJTB
2528678434,1817927,3,pelvis,swing,-0.9523,-0.0654,-0.4913,3.1738,25.8179,-9.6436,t001,FIJTB
2528678435,1817943,3,pelvis,swing,-0.9351,-0.0436,-0.4678,-3.8452,35.8887,-18.3716,t001,FIJTB
2528678436,1817959,3,pelvis,swing,-0.8522,0.0475,-0.4573,-8.1177,39.9780,-22.8271,t001,FIJTB
2528678488,1817976,3,pelvis,swing,-0.6814,0.1111,-0.5740,-10.1929,40.1611,-25.1465,t001,FIJTB
2528678489,1817992,3,pelvis,swing,-0.6379,0.1184,-0.6547,-0.7324,30.2124,-12.7563,t001,FIJTB
2528678491,1818008,3,pelvis,swing,-0.6498,0.0626,-0.7980,8.4839,25.7568,-2.5024,t001,FIJTB
2528678491,1818024,3,pelvis,swing,-0.6519,-0.0052,-0.8438,28.8086,21.4233,18.9819,t001,FIJTB
2528678550,1818040,3,pelvis,swing,-0.6145,-0.1794,-0.9054,36.6821,18.7988,26.9775,t001,FIJTB
2528678550,1818056,3,pelvis,swing,-0.6208,-0.2708,-1.0151,46.9971,4.2114,31.1279,t001,FIJTB
2528678551,1818072,3,pelvis,swing,-0.6891,-0.2168,-1.0209,45.3491,4.6387,18.1274,t001,FIJTB
2528678559,1818088,3,pelvis,swing,-0.7394,-0.0784,-0.8083,37.9639,18.9209,14.8315,t001,FIJTB
2528678609,1818104,3,pelvis,swing,-0.7102,-0.1078,-0.6434,14.8315,44.2505,21.7895,t001,FIJTB
2528678612,1818119,3,pelvis,swing,-0.6887,-0.3030,-0.4669,0.5493,43.6401,21.4844,t001,FIJTB
2528678613,1818135,3,pelvis,swing,-0.7257,-0.3430,-0.4718,-18.2495,20.6909,4.7607,t001,FIJTB
2528678614,1818152,3,pelvis,swing,-0.8452,-0.1487,-0.4823,-26.2451,13.7329,-14.7095,t001,FIJTB
2528678670,1818168,3,pelvis,swing,-0.8684,0.1100,-0.3871,-30.3345,18.0664,-19.0430,t001,FIJTB
2528678670,1818184,3,pelvis,swing,-0.7064,0.1149,-0.4644,-9.7656,-0.0610,-10.1929,t001,FIJTB
2528678671,1818200,3,pelvis,swing,-0.2928,0.1040,-0.7698,9.3384,-24.5361,-5.5542,t001,FIJTB
2528678724,1818216,3,pelvis,swing,-0.4703,0.2518,-0.8243,37.9639,-68.7866,-4.3945,t001,FIJTB
2528678727,1818232,3,pelvis,swing,-0.7214,0.2096,-0.7474,24.9023,-38.9404,36.0107,t001,FIJTB
2528678727,1818248,3,pelvis,swing,-0.9570,-0.2107,-0.4534,-1.5869,-5.5542,56.1523,t001,FIJTB
2528678727,1818264,3,pelvis,swing,-0.9196,-0.4036,-0.3199,-34.6680,18.3105,24.3530,t001,FIJTB
2528678785,1818280,3,pelvis,swing,-0.7683,-0.2759,-0.3401,-27.8320,2.5635,-19.4092,t001,FIJTB
2528678786,1818296,3,pelvis,swing,-0.7773,-0.0339,-0.4363,-3.6011,-35.7056,-63.4155,t001,FIJTB
2528678787,1818312,3,pelvis,swing,-1.0321,0.2461,-0.6606,3.6011,-31.7383,-2.8076,t001,FIJTB
2528678841,1818329,3,pelvis,swing,-1.0085,0.0498,-0.7633,4.2725,-15.9302,25.8789,t001,FIJTB
2528678843,1818345,3,pelvis,swing,-0.9113,-0.0289,-0.6816,15.5640,8.4839,20.7520,t001,FIJTB
2528678843,1818361,3,pelvis,swing,-0.7645,0.0746,-0.5378,27.8931,5.9204,4.5776,t001,FIJTB
2528678843,1818377,3,pelvis,swing,-0.8260,0.1982,-0.5947,41.5039,-8.7280,-2.2583,t001,FIJTB
2528678904,1818393,3,pelvis,swing,-0.9138,0.1808,-0.6162,32.8979,-6.4697,15.3198,t001,FIJTB
2528678905,1818409,3,pelvis,swing,-0.9102,-0.0099,-0.6006,25.8789,-1.4038,21.6064,t001,FIJTB
2528678905,1818425,3,pelvis,swing,-0.8710,-0.1079,-0.5647,10.1318,2.8687,23.9868,t001,FIJTB
2528678906,1818441,3,pelvis,swing,-0.8660,-0.1815,-0.5414,2.8687,0.3662,19.9585,t001,FIJTB
2528678963,1818457,3,pelvis,swing,-0.8541,-0.1508,-0.5760,-2.4414,-2.3193,4.3335,t001,FIJTB
2528678965,1818473,3,pelvis,swing,-0.8077,-0.0426,-0.6078,0.0610,-0.1831,-2.0142,t001,FIJTB
2528678966,1818489,3,pelvis,swing,-0.7347,-0.0920,-0.5839,3.3569,2.8687,1.5869,t001,FIJTB
2528678966,1818505,3,pelvis,swing,-0.7263,-0.1615,-0.5865,-4.4556,-1.4038,2.1973,t001,FIJTB
2528679027,1818521,3,pelvis,swing,-0.7804,-0.1732,-0.6332,-8.3618,-4.6387,-5.6152,t001,FIJTB
2528679028,1818537,3,pelvis,swing,-0.8049,-0.0054,-0.6965,-10.4980,-6.4087,-19.5923,t001,FIJTB
2528679028,1818554,3,pelvis,swing,-0.7843,0.0488,-0.6874,-7.5073,-0.5493,-11.7187,t001,FIJTB
2528679066,1818570,3,pelvis,swing,-0.7313,-0.0044,-0.6061,-6.5308,1.4038,-3.5400,t001,FIJTB
2528679088,1818586,3,pelvis,swing,-0.7236,-0.0609,-0.5807,-6.7749,-1.5259,1.5869,t001,FIJTB
2528679088,1818602,3,pelvis,swing,-0.7595,-0.0730,-0.5972,-7.3853,-4.2114,-2.8076,t001,FIJTB
2528679089,1818618,3,pelvis,swing,-0.7900,0.0055,-0.6348,-7.1411,-5.9814,-9.7656,t001,FIJTB
2528679151,1818635,3,pelvis,swing,-0.7953,0.0200,-0.6393,-4.0894,-3.2349,-3.4790,t001,FIJTB
2528679151,1818651,3,pelvis,swing,-0.8114,-0.0215,-0.6407,-1.5259,-2.3804,0.0610,t001,FIJTB
2528679152,1818667,3,pelvis,swing,-0.8197,-0.0461,-0.6455,3.4180,-0.9766,0.4272,t001,FIJTB
2528679152,1818683,3,pelvis,swing,-0.8185,-0.0571,-0.6438,4.5166,-0.2441,-1.6479,t001,FIJTB
2528679209,1818699,3,pelvis,swing,-0.7805,-0.0416,-0.6145,4.0283,1.4648,-4.6997,t001,FIJTB
2528679211,1818715,3,pelvis,swing,-0.7596,-0.0377,-0.5984,1.1597,1.6479,-3.7842,t001,FIJTB
2528679212,1818731,3,pelvis,swing,-0.7520,-0.0299,-0.5854,-0.6714,0.4883,-3.7842,t001,FIJTB
2528679212,1818747,3,pelvis,swing,-0.7664,-0.0181,-0.5892,-2.4414,-1.8311,-4.4556,t001,FIJTB
2528679275,1818763,3,pelvis,swing,-0.8071,0.0206,-0.6003,-2.0752,-1.8921,-4.4556,t001,FIJTB
2528679275,1818779,3,pelvis,swing,-0.8231,0.0195,-0.5780,0.1831,1.4038,-1.0986,t001,FIJTB
2528679276,1818795,3,pelvis,swing,-0.8088,-0.0110,-0.5597,1.2207,6.1646,3.1738,t001,FIJTB
2528679285,1818811,3,pelvis,swing,-0.7733,-0.0724,-0.5529,1.0986,5.9204,2.9297,t001,FIJTB
2528679335,1818827,3,pelvis,swing,-0.7850,-0.0713,-0.5664,-0.4272,1.4038,-2.6245,t001,FIJTB
2528679337,1818844,3,pelvis,swing,-0.8257,-0.0182,-0.6172,-1.2207,-0.1831,-5.0659,t001,FIJTB
2528679338,1818860,3,pelvis,swing,-0.8433,0.0262,-0.6364,-0.7935,0.3662,-5.6152,t001,FIJTB
2528679338,1818876,3,pelvis,swing,-0.8300,0.0238,-0.6372,0.2441,2.3804,-1.9531,t001,FIJTB
2528679401,1818892,3,pelvis,swing,-0.7843,-0.0016,-0.6283,0.3662,3.4180,-0.5493,t001,FIJTB
2528679402,1818908,3,pelvis,swing,-0.7554,-0.0126,-0.6310,1.8311,4.0283,1.6479,t001,FIJTB
2528679402,1818924,3,pelvis,swing,-0.7128,-0.0238,-0.6581,2.9907,3.1738,3.0518,t001,FIJTB
2528679461,1818940,3,pelvis,swing,-0.7161,-0.0306,-0.6707,5.3101,1.2207,4.5166,t001,FIJTB
2528679461,1818956,3,pelvis,swing,-0.7205,-0.0359,-0.6720,5.9814,-0.0610,5.1880,t001,FIJTB
2528679463,1818972,3,pelvis,swing,-0.7350,-0.0520,-0.6687,5.5542,-0.1831,5.7373,t001,FIJTB
2528679464,1818988,3,pelvis,swing,-0.7377,-0.0631,-0.6626,4.0283,0.7935,5.6152,t001,FIJTB
2528679465,1819004,3,pelvis,swing,-0.7412,-0.0764,-0.6311,2.9907,1.4648,4.5166,t001,FIJTB
2528679527,1819020,3,pelvis,swing,-0.7925,-0.0836,-0.5901,0.6104,1.2207,2.5024,t001,FIJTB
2528679527,1819036,3,pelvis,swing,-0.8613,-0.0948,-0.5771,-4.1504,1.5259,3.0518,t001,FIJTB
2528679528,1819052,3,pelvis,swing,-0.9443,-0.1387,-0.5540,-7.3853,3.4790,2.9297,t001,FIJTB
2528679529,1819068,3,pelvis,swing,-0.9194,-0.1139,-0.5416,-14.8315,8.4839,-7.9956,t001,FIJTB
2528679587,1819084,3,pelvis,swing,-0.8138,0.0950,-0.5759,-17.9443,7.6904,-15.6860,t001,FIJTB
2528679589,1819100,3,pelvis,swing,-0.7571,0.2076,-0.6339,-17.6392,3.4790,-19.4092,t001,FIJTB
2528679590,1819116,3,pelvis,swing,-0.7085,0.3099,-0.7347,-5.4932,1.9531,-7.2632,t001,FIJTB
2528679623,1819132,3,pelvis,swing,-0.7402,0.2385,-0.7625,3.2349,3.2349,2.0142,t001,FIJTB
2528679655,1819148,3,pelvis,swing,-0.7458,0.0974,-0.7214,20.2026,12.4512,29.8462,t001,FIJTB
2528679656,1819164,3,pelvis,swing,-0.6989,-0.4135,-0.5322,22.2168,20.0195,57.6782,t001,FIJTB
2528679656,1819180,3,pelvis,swing,-0.7413,-0.6184,-0.4418,2.3804,21.6064,97.4121,t001,FIJTB
2528679715,1819196,3,pelvis,swing,-1.0159,-0.7609,-0.3320,-14.8926,14.8926,75.8667,t001,FIJTB
2528679718,1819212,3,pelvis,swing,-1.0796,-0.6294,-0.3953,-55.2978,10.2539,-10.1318,t001,FIJTB
2528679719,1819228,3,pelvis,swing,-0.9860,-0.4314,-0.4279,-97.7783,24.7803,-91.7358,t001,FIJTB
2528679719,1819244,3,pelvis,swing,-0.8093,0.1110,-0.4839,-104.3701,29.0527,-114.4409,t001,FIJTB
2528679769,1819260,3,pelvis,swing,-0.8174,0.3414,-0.5155,-88.8672,35.8276,-98.8769,t001,FIJTB
2528679786,1819277,3,pelvis,swing,-0.7866,0.4368,-0.4777,-76.6602,40.5273,-64.0869,t001,FIJTB
2528679786,1819293,3,pelvis,swing,-0.4344,0.1735,-0.5544,-76.1108,24.4141,5.4321,t001,FIJTB
2528679786,1819309,3,pelvis,swing,-0.3240,0.0957,-0.7072,-68.2373,-17.1509,-8.2397,t001,FIJTB
2528679826,1819325,3,pelvis,swing,-0.3796,0.2323,-1.0229,-43.3350,-33.5693,-27.6489,t001,FIJTB
2528679846,1819341,3,pelvis,swing,-0.6874,0.2531,-0.9568,10.6201,-27.4048,-6.2256,t001,FIJTB
2528679848,1819357,3,pelvis,swing,-0.7532,0.0178,-0.8048,10.1318,9.8877,79.5898,t001,FIJTB
2528679850,1819373,3,pelvis,swing,-0.8793,-0.5646,-0.5129,-0.8545,18.7378,102.1728,t001,FIJTB
2528679850,1819389,3,pelvis,swing,-0.9771,-0.7125,-0.4606,-2.3804,6.2866,52.4902,t001,FIJTB
2528679916,1819406,3,pelvis,swing,-1.1267,-0.4896,-0.5388,2.2583,-1.2817,-2.0752,t001,FIJTB
2528679917,1819422,3,pelvis,swing,-0.9749,0.0111,-0.5732,-8.5449,4.0894,-75.0122,t001,FIJTB
2528679917,1819438,3,pelvis,swing,-0.8619,0.1530,-0.5298,-40.8325,19.1040,-54.4434,t001,FIJTB
2528679917,1819454,3,pelvis,swing,-0.7714,0.1619,-0.4268,-51.2695,18.5547,-25.4517,t001,FIJTB
2528679978,1819470,3,pelvis,swing,-0.7830,0.0637,-0.4313,-49.6826,3.1738,16.3574,t001,FIJTB
2528679980,1819486,3,pelvis,swing,-0.8615,-0.1224,-0.5334,-41.9311,-2.3804,18.9209,t001,FIJTB
2528679980,1819502,3,pelvis,swing,-0.8671,-0.1521,-0.5769,-27.8931,3.2959,4.5776,t001,FIJTB
2528679981,1819518,3,pelvis,swing,-0.7997,-0.1127,-0.5624,-25.7568,15.7471,-6.0425,t001,FIJTB
2528680045,1819534,3,pelvis,swing,-0.7784,-0.0165,-0.5198,-24.3530,16.1133,-5.8594,t001,FIJTB
2528680045,1819550,3,pelvis,swing,-0.8130,0.0165,-0.5381,-13.1836,10.8032,3.9062,t001,FIJTB
2528680046,1819566,3,pelvis,swing,-0.8365,-0.0011,-0.5872,-4.4556,11.2305,9.8877,t001,FIJTB
2528680046,1819583,3,pelvis,swing,-0.7876,-0.1190,-0.5361,8.4229,15.6250,20.2026,t001,FIJTB
2528680108,1819599,3,pelvis,swing,-0.7889,-0.1969,-0.5038,7.7515,14.0991,24.2920,t001,FIJTB
2528680109,1819614,3,pelvis,swing,-0.8628,-0.2855,-0.4929,3.1128,12.7563,19.4702,t001,FIJTB
2528680109,1819630,3,pelvis,swing,-0.8976,-0.2594,-0.5054,-7.3242,15.1978,-2.3804,t001,FIJTB
2528680110,1819647,3,pelvis,swing,-0.8533,-0.1516,-0.5231,-9.9487,17.8223,-9.5215,t001,FIJTB
2528680175,1819663,3,pelvis,swing,-0.7643,-0.1802,-0.4952,-12.1460,19.0430,-3.2349,t001,FIJTB
2528680175,1819679,3,pelvis,swing,-0.7543,-0.2241,-0.4692,-16.6626,15.3198,6.1646,t001,FIJTB
2528680176,1819695,3,pelvis,swing,-0.8142,-0.2498,-0.4238,-19.3481,14.8315,3.0518,t001,FIJTB
2528680176,1819711,3,pelvis,swing,-0.8485,-0.2220,-0.4214,-18.4937,15.8691,-8.6060,t001,FIJTB
2528680240,1819727,3,pelvis,swing,-0.8441,-0.1495,-0.4716,-14.5264,14.3433,-11.8408,t001,FIJTB
2528680241,1819744,3,pelvis,swing,-0.8357,-0.1573,-0.5184,-6.7749,6.5918,-7.4463,t001,FIJTB
2528680242,1819760,3,pelvis,swing,-0.8606,-0.2026,-0.5121,-4.3335,1.7700,1.2207,t001,FIJTB
2528680243,1819776,3,pelvis,swing,-0.9406,-0.2882,-0.4574,-4.5166,2.0752,1.0986,t001,FIJTB
2528680307,1819792,3,pelvis,swing,-0.9408,-0.2866,-0.4325,-6.6528,3.3569,-6.5308,t001,FIJTB
2528680308,1819808,3,pelvis,swing,-0.8477,-0.1995,-0.4044,-8.0566,2.5024,-9.8877,t001,FIJTB
2528680308,1819824,3,pelvis,swing,-0.8062,-0.1273,-0.4156,-7.5073,-3.7842,-9.3994,t001,FIJTB
2528680309,1819840,3,pelvis,swing,-0.8262,-0.1234,-0.4371,-2.2583,-9.4604,-3.1128,t001,FIJTB
2528680370,1819857,3,pelvis,swing,-0.8613,-0.1482,-0.4458,-0.3052,-9.0332,-0.7935,t001,FIJTB
2528680373,1819873,3,pelvis,swing,-0.8595,-0.1654,-0.4325,0.9155,-7.9956,-0.4272,t001,FIJTB
2528680373,1819889,3,pelvis,swing,-0.8510,-0.1727,-0.4297,0.6104,-9.7046,-2.0142,t001,FIJTB
2528680374,1819906,3,pelvis,swing,-0.8435,-0.1511,-0.4620,0.1831,-13.6719,-4.9438,t001,FIJTB
2528680439,1819922,3,pelvis,swing,-0.8394,-0.1394,-0.4714,0.6104,-16.1743,-5.6763,t001,FIJTB
2528680439,1819938,3,pelvis,swing,-0.8359,-0.1451,-0.4663,0.8545,-17.3950,-4.5776,t001,FIJTB
2528680440,1819954,3,pelvis,swing,-0.8503,-0.1741,-0.4484,-0.8545,-19.4702,-0.3662,t001,FIJTB
2528680456,1819970,3,pelvis,swing,-0.8663,-0.1768,-0.4437,0.3662,-22.1558,0.9766,t001,FIJTB
2528680506,1819986,3,pelvis,swing,-0.8998,-0.1809,-0.4474,4.0283,-23.1323,2.3193,t001,FIJTB
2528680506,1820002,3,pelvis,swing,-0.9092,-0.2012,-0.4391,7.0190,-20.5078,7.0801,t001,FIJTB
2528680506,1820018,3,pelvis,swing,-0.9103,-0.2314,-0.3978,5.4932,-18.5547,5.9204,t001,FIJTB
2528680551,1820034,3,pelvis,swing,-0.9027,-0.2051,-0.3905,2.9297,-17.4561,-6.3477,t001,FIJTB
2528680572,1820050,3,pelvis,swing,-0.9081,-0.0958,-0.3986,2.4414,-16.7847,-11.5356,t001,FIJTB
2528680573,1820066,3,pelvis,swing,-0.9437,-0.0513,-0.3594,1.5259,-8.6670,-10.6812,t001,FIJTB
2528680573,1820082,3,pelvis,swing,-0.9673,-0.0472,-0.3153,0.2441,2.5024,-8.2397,t001,FIJTB
2528680574,1820098,3,pelvis,swing,-1.0098,-0.0286,-0.2607,1.7700,6.7139,-9.7656,t001,FIJTB
2528680634,1820114,3,pelvis,swing,-1.0143,-0.0168,-0.2643,8.2397,12.9395,-12.3901,t001,FIJTB
2528680635,1820131,3,pelvis,swing,-1.0411,-0.0117,-0.2737,8.5449,19.8975,-10.4370,t001,FIJTB
2528680636,1820147,3,pelvis,swing,-1.1157,-0.0731,-0.2841,8.4229,23.6206,-8.0566,t001,FIJTB
2528680637,1820163,3,pelvis,swing,-1.1573,-0.1112,-0.2926,11.1694,32.7759,-5.4321,t001,FIJTB
2528680681,1820179,3,pelvis,swing,-1.2179,-0.1610,-0.3207,10.6201,37.4146,-6.5918,t001,FIJTB
2528680704,1820195,3,pelvis,swing,-1.2396,-0.1692,-0.3489,3.7842,47.1802,-13.9770,t001,FIJTB
2528680704,1820211,3,pelvis,swing,-1.2062,-0.1481,-0.4315,0.2441,54.0771,-19.1040,t001,FIJTB
2528680704,1820227,3,pelvis,swing,-1.0201,-0.0963,-0.5284,-7.4463,68.3594,-26.5503,t001,FIJTB
2528680704,1820243,3,pelvis,swing,-0.9297,-0.0765,-0.5797,-15.2588,68.0542,-27.8320,t001,FIJTB
2528680766,1820259,3,pelvis,swing,-0.8394,-0.0474,-0.6548,-15.1978,64.1479,-26.6113,t001,FIJTB
2528680768,1820275,3,pelvis,swing,-0.7935,-0.0541,-0.7163,-5.6152,54.7485,-18.4326,t001,FIJTB
2528680769,1820291,3,pelvis,swing,-0.7933,-0.0956,-0.8076,0.6714,49.1943,-12.3901,t001,FIJTB
2528680769,1820307,3,pelvis,swing,-0.8984,-0.1691,-0.7635,13.6719,49.3774,-1.8311,t001,FIJTB
2528680834,1820324,3,pelvis,swing,-0.8779,-0.2393,-0.7056,11.0474,65.8569,1.3428,t001,FIJTB
2528680834,1820340,3,pelvis,swing,-0.7657,-0.3322,-0.5330,0.1221,72.8760,-2.1973,t001,FIJTB
2528680835,1820356,3,pelvis,swing,-0.7274,-0.3196,-0.4565,-24.5972,70.3735,-20.6299,t001,FIJTB
2528680836,1820372,3,pelvis,swing,-0.7213,-0.2029,-0.4071,-33.9355,62.6221,-33.1421,t001,FIJTB
2528680898,1820388,3,pelvis,swing,-0.7693,-0.0168,-0.4293,-46.7529,49.2554,-57.2510,t001,FIJTB
2528680900,1820404,3,pelvis,swing,-0.7858,0.0819,-0.4336,-48.2788,46.1426,-71.5332,t001,FIJTB
2528680901,1820420,3,pelvis,swing,-0.7974,0.2412,-0.4069,-44.0674,45.5322,-72.3267,t001,FIJTB
2528680901,1820436,3,pelvis,swing,-0.8011,0.2805,-0.3850,-29.9683,42.6025,-59.6313,t001,FIJTB
2528680965,1820452,3,pelvis,swing,-0.8107,0.2209,-0.3429,-22.4609,42.1143,-47.7905,t001,FIJTB
2528680965,1820468,3,pelvis,swing,-0.8221,0.0686,-0.2809,-9.2773,44.9219,-28.3813,t001,FIJTB
2528680966,1820484,3,pelvis,swing,-0.8099,0.0182,-0.2589,1.0986,43.7012,-20.6299,t001,FIJTB
2528680966,1820500,3,pelvis,swing,-0.8066,-0.0266,-0.1709,4.0283,39.9170,-16.9067,t001,FIJTB
2528681027,1820516,3,pelvis,swing,-0.9053,-0.0375,-0.0825,5.9204,34.4849,-2.3193,t001,FIJTB
2528681029,1820532,3,pelvis,swing,-1.1252,-0.1328,0.0463,1.9531,32.8979,4.5166,t001,FIJTB
2528681029,1820548,3,pelvis,swing,-1.1018,-0.1798,0.0001,-9.8267,26.7334,-6.2256,t001,FIJTB
2528681030,1820564,3,pelvis,swing,-1.0100,-0.0736,-0.0496,8.3008,12.0239,-63.0493,t001,FIJTB
2528681093,1820580,3,pelvis,swing,-0.7888,0.2279,-0.0956,28.0762,8.2397,-86.9141,t001,FIJTB
2528681094,1820596,3,pelvis,swing,-0.7971,0.3303,-0.0789,40.9546,8.3618,-64.6973,t001,FIJTB
2528681094,1820612,3,pelvis,swing,-0.8536,0.2721,-0.0172,33.2642,6.1035,-28.0151,t001,FIJTB
2528681155,1820628,3,pelvis,swing,-0.7412,-0.0485,-0.1116,10.3760,-6.2256,32.7759,t001,FIJTB
2528681157,1820644,3,pelvis,swing,-0.7616,-0.1855,-0.1835,-1.2207,-14.4653,17.8833,t001,FIJTB
2528681157,1820660,3,pelvis,swing,-0.9716,-0.1766,-0.2218,-0.4272,-14.0991,-9.0332,t001,FIJTB
2528681157,1820676,3,pelvis,swing,-1.0435,-0.0559,-0.2252,3.1738,-12.2070,-40.2832,t001,FIJTB
2528681158,1820693,3,pelvis,swing,-0.9725,0.1549,-0.2948,4.4556,-10.7422,-37.9028,t001,FIJTB
2528681220,1820709,3,pelvis,swing,-0.9016,0.2355,-0.2838,8.3008,-4.9438,-17.3340,t001,FIJTB
2528681220,1820725,3,pelvis,swing,-0.8967,0.2223,-0.2382,15.9302,-1.1597,7.7515,t001,FIJTB
2528681221,1820741,3,pelvis,swing,-0.8397,0.0730,-0.2047,19.2261,-2.0142,19.9585,t001,FIJTB
2528681221,1820757,3,pelvis,swing,-0.8296,-0.0227,-0.2200,19.9585,-9.8267,29.3579,t001,FIJTB
2528681279,1820773,3,pelvis,swing,-0.9330,-0.1063,-0.2433,18.7988,-13.1836,23.4985,t001,FIJTB
2528681281,1820789,3,pelvis,swing,-0.9236,-0.0847,-0.2317,12.9395,-9.7046,5.4932,t001,FIJTB
2528681282,1820805,3,pelvis,swing,-0.8351,-0.0643,-0.2325,-1.4038,-12.5732,-3.4180,t001,FIJTB
2528681282,1820821,3,pelvis,swing,-0.8369,0.0427,-0.3171,-8.1787,-24.6582,-7.8125,t001,FIJTB
2528681344,1820837,3,pelvis,swing,-0.9794,0.1177,-0.3837,-12.8174,-43.7622,-19.8364,t001,FIJTB
2528681345,1820853,3,pelvis,swing,-1.2744,0.2052,-0.4310,-16.0522,-38.3911,-23.3765,t001,FIJTB
2528681345,1820870,3,pelvis,swing,-1.2935,0.2311,-0.3494,-25.1465,-11.7187,-29.4189,t001,FIJTB
2528681376,1820886,3,pelvis,swing,-1.1702,0.2319,-0.3162,-18.1274,-3.1738,-28.3203,t001,FIJTB
2528681402,1820902,3,pelvis,swing,-0.8842,0.1849,-0.2734,-15.2588,-6.1035,-17.5171,t001,FIJTB
2528681404,1820918,3,pelvis,swing,-0.8579,0.1301,-0.2467,-23.1323,-17.4561,17.3950,t001,FIJTB
2528681405,1820934,3,pelvis,swing,-0.9305,-0.0184,-0.2949,-26.0620,-25.1465,29.6631,t001,FIJTB
2528681465,1820950,3,pelvis,swing,-0.9893,-0.0837,-0.3795,-19.2871,-27.1606,22.0337,t001,FIJTB
2528681466,1820967,3,pelvis,swing,-0.9950,-0.0210,-0.3617,-5.4932,-12.3291,-4.5166,t001,FIJTB
2528681467,1820983,3,pelvis,swing,-0.9364,0.1600,-0.2722,-0.5493,-7.0190,-10.0708,t001,FIJTB
2528681467,1820999,3,pelvis,swing,-0.9093,0.2024,-0.2168,4.3945,-5.6152,-1.7700,t001,FIJTB
2528681526,1821015,3,pelvis,swing,-0.9152,0.1593,-0.2168,6.1646,-9.3994,13.3057,t001,FIJTB
2528681526,1821031,3,pelvis,swing,-0.9526,0.0404,-0.2335,5.5542,-9.2163,15.9302,t001,FIJTB
2528681526,1821047,3,pelvis,swing,-0.9713,0.0022,-0.2318,2.3804,-4.4556,9.5825,t001,FIJTB
2528681527,1821063,3,pelvis,swing,-0.9927,-0.0127,-0.2144,0.2441,-1.7700,4.6997,t001,FIJTB
2528681587,1821079,3,pelvis,swing,-0.9963,0.0018,-0.2124,-5.4932,1.1597,-0.3052,t001,FIJTB
2528681588,1821095,3,pelvis,swing,-0.9948,0.0323,-0.2374,-7.5684,1.7700,-0.1221,t001,FIJTB
2528681588,1821111,3,pelvis,swing,-0.9841,0.0448,-0.2576,-8.1787,4.5776,1.4648,t001,FIJTB
2528681588,1821127,3,pelvis,swing,-0.9596,0.0389,-0.2659,-7.5684,8.0566,3.4180,t001,FIJTB
2528681645,1821143,3,pelvis,swing,-0.9086,0.0111,-0.2731,-7.0801,8.2397,4.3335,t001,FIJTB
2528681647,1821159,3,pelvis,swing,-0.9086,0.0042,-0.2709,-4.0894,7.0801,3.3569,t001,FIJTB
2528681648,1821175,3,pelvis,swing,-0.9716,0.0251,-0.2505,-3.1128,7.7515,0.9155,t001,FIJTB
2528681700,1821191,3,pelvis,swing,-0.9824,0.0955,-0.2991,-4.7607,7.0190,-8.7891,t001,FIJTB
2528681707,1821207,3,pelvis,swing,-0.9659,0.1643,-0.3546,2.8687,-2.6855,-17.1509,t001,FIJTB
2528681708,1821223,3,pelvis,swing,-0.9376,0.2701,-0.4022,10.6201,-3.3569,-13.6719,t001,FIJTB
2528681708,1821239,3,pelvis,swing,-0.9325,0.2212,-0.3605,13.3667,9.2163,12.3901,t001,FIJTB
2528681765,1821255,3,pelvis,swing,-0.9391,-0.0404,-0.2242,7.5073,15.0757,23.6816,t001,FIJTB
2528681767,1821271,3,pelvis,swing,-0.9476,-0.1539,-0.1938,-2.6245,15.5640,17.3950,t001,FIJTB
2528681768,1821287,3,pelvis,swing,-0.9395,-0.0964,-0.2174,-1.8311,8.5449,-7.5073,t001,FIJTB
2528681768,1821303,3,pelvis,swing,-0.8971,0.0897,-0.2933,0.3052,6.3477,-12.0239,t001,FIJTB
2528681827,1821319,3,pelvis,swing,-0.8787,0.1238,-0.3152,4.7607,8.6060,0.4272,t001,FIJTB
2528681827,1821335,3,pelvis,swing,-0.8958,0.0109,-0.2822,7.0190,10.3149,10.9253,t001,FIJTB
2528681828,1821350,3,pelvis,swing,-0.9255,-0.0582,-0.2865,9.5825,6.3477,15.2588,t001,FIJTB
2528681828,1821366,3,pelvis,swing,-0.9587,-0.0365,-0.3768,12.2681,2.0752,4.3335,t001,FIJTB
2528681882,1821382,3,pelvis,swing,-0.9601,0.1357,-0.3931,17.3340,-0.9155,-12.5732,t001,FIJTB
2528681884,1821399,3,pelvis,swing,-0.9453,0.1714,-0.3872,14.5874,-1.4038,-6.1035,t001,FIJTB
2528681884,1821415,3,pelvis,swing,-0.9551,0.1166,-0.3497,11.2305,-0.3662,-1.6479,t001,FIJTB
2528681942,1821431,3,pelvis,swing,-0.9584,0.0635,-0.3119,2.9907,4.7607,5.5542,t001,FIJTB
2528681943,1821446,3,pelvis,swing,-0.9266,-0.0018,-0.2338,0.0000,6.3477,6.4697,t001,FIJTB
2528681943,1821462,3,pelvis,swing,-0.9353,0.0415,-0.2117,-0.3052,4.0894,2.5024,t001,FIJTB
2528681943,1821478,3,pelvis,swing,-0.9479,0.0750,-0.2219,4.8828,2.2583,1.6479,t001,FIJTB
2528681997,1821494,3,pelvis,swing,-0.9508,0.0980,-0.2183,7.4463,2.8687,3.2959,t001,FIJTB
2528682000,1821510,3,pelvis,swing,-0.9447,0.0881,-0.2070,12.2070,2.0142,5.5542,t001,FIJTB
2528682000,1821526,3,pelvis,swing,-0.9572,0.0698,-0.2078,14.2822,0.4883,5.0049,t001,FIJTB
2528682008,1821541,3,pelvis,swing,-0.9700,0.0637,-0.2107,15.6250,0.1831,3.6011,t001,FIJTB
2528682056,1821557,3,pelvis,swing,-0.9733,0.0441,-0.1917,14.5874,1.1597,3.4180,t001,FIJTB
2528682056,1821573,3,pelvis,swing,-0.9731,0.0303,-0.1722,10.1929,0.8545,2.3193,t001,FIJTB
2528682057,1821589,3,pelvis,swing,-0.9785,0.0330,-0.1713,4.3945,-1.2817,-0.9155,t001,FIJTB
2528682112,1821605,3,pelvis,swing,-0.9894,0.0601,-0.1786,1.7090,-1.8311,-2.5635,t001,FIJTB
2528682113,1821621,3,pelvis,swing,-0.9918,0.0756,-0.1875,-1.4648,-2.1362,-3.4180,t001,FIJTB
2528682113,1821637,3,pelvis,swing,-0.9934,0.0895,-0.1978,-1.9531,-2.3193,-2.8076,t001,FIJTB
2528682120,1821653,3,pelvis,swing,-0.9912,0.0818,-0.2056,-2.6855,-1.9531,-1.4038,t001,FIJTB
2528682168,1821669,3,pelvis,swing,-0.9819,0.0819,-0.2070,-2.5635,0.3662,-2.8687,t001,FIJTB
2528682168,1821685,3,pelvis,swing,-0.9567,0.0969,-0.2014,-1.7090,1.1597,-3.9062,t001,FIJTB
2528682168,1821701,3,pelvis,swing,-0.9484,0.1058,-0.2004,0.1831,0.4272,-3.8452,t001,FIJTB
2528682221,1821717,3,pelvis,swing,-0.9474,0.0988,-0.2057,0.8545,-0.3052,-2.3193,t001,FIJTB
2528682223,1821733,3,pelvis,swing,-0.9606,0.0677,-0.2211,0.3052,-1.3428,-0.0610,t001,FIJTB
2528682224,1821749,3,pelvis,swing,-0.9656,0.0687,-0.2266,-1.8921,-1.0986,-2.9297,t001,FIJTB
2528682246,1821765,3,pelvis,swing,-0.9601,0.1025,-0.2269,-2.3193,-0.6714,-4.1504,t001,FIJTB
2528682279,1821781,3,pelvis,swing,-0.9537,0.1140,-0.2267,-1.8921,-0.5493,-2.5635,t001,FIJTB
2528682280,1821797,3,pelvis,swing,-0.9521,0.1050,-0.2316,-1.5869,-0.7935,-0.7324,t001,FIJTB
2528682280,1821813,3,pelvis,swing,-0.9641,0.0723,-0.2295,-1.0376,-0.7324,1.0986,t001,FIJTB
2528682332,1821829,3,pelvis,swing,-0.9672,0.0642,-0.2228,-1.5869,-0.0610,-0.3662,t001,FIJTB
2528682334,1821845,3,pelvis,swing,-0.9670,0.0696,-0.2175,-2.1362,0.0000,-1.1597,t001,FIJTB
2528682335,1821862,3,pelvis,swing,-0.9679,0.0765,-0.2191,-2.3804,0.2441,-1.8311,t001,FIJTB
2528682364,1821878,3,pelvis,swing,-0.9673,0.0846,-0.2236,-2.5024,0.4883,-1.8311,t001,FIJTB
2528682389,1821893,3,pelvis,swing,-0.9565,0.0854,-0.2227,-2.2583,0.7324,-2.0752,t001,FIJTB
2528682389,1821909,3,pelvis,swing,-0.9539,0.0853,-0.2222,-1.8311,-0.3052,-1.3428,t001,FIJTB
2528682389,1821925,3,pelvis,swing,-0.9574,0.0797,-0.2307,-1.9531,-0.7935,-0.5493,t001,FIJTB
2528682440,1821942,3,pelvis,swing,-0.9596,0.0746,-0.2367,-2.6245,-0.7324,0.0000,t001,FIJTB
2528682443,1821958,3,pelvis,swing,-0.9569,0.0706,-0.2411,-2.8687,-0.4272,-0.4883,t001,FIJTB
2528682443,1821974,3,pelvis,swing,-0.9492,0.0715,-0.2404,-3.2349,-0.1831,-0.9155,t001,FIJTB
2528682496,1821990,3,pelvis,swing,-0.9452,0.0701,-0.2433,-3.6621,-0.6104,-0.8545,t001,FIJTB
2528682497,1822006,3,pelvis,swing,-0.9443,0.0721,-0.2522,-3.3569,-1.0376,-1.0376,t001,FIJTB
2528682498,1822022,3,pelvis,swing,-0.9480,0.0760,-0.2579,-2.5024,-1.5869,-0.4272,t001,FIJTB
2528682514,1822038,3,pelvis,swing,-0.9531,0.0748,-0.2590,-2.2583,-1.2817,0.1831,t001,FIJTB
2528682546,1822054,3,pelvis,swing,-0.9508,0.0719,-0.2571,-1.5259,-0.4883,0.2441,t001,FIJTB
2528682549,1822070,3,pelvis,swing,-0.9447,0.0747,-0.2544,-0.6714,-0.4272,-0.1831,t001,FIJTB
2528682549,1822086,3,pelvis,swing,-0.9489,0.0739,-0.2499,-0.4272,-0.5493,0.3662,t001,FIJTB
2528682600,1822102,3,pelvis,swing,-0.9540,0.0696,-0.2480,-0.3052,-0.7324,1.0376,t001,FIJTB
2528682601,1822118,3,pelvis,swing,-0.9612,0.0696,-0.2465,-0.1221,-0.6714,0.7324,t001,FIJTB
2528682601,1822134,3,pelvis,swing,-0.9602,0.0741,-0.2449,0.5493,-0.1831,0.4883,t001,FIJTB
2528682649,1822150,3,pelvis,swing,-0.9563,0.0751,-0.2416,0.7324,-0.1221,0.6714,t001,FIJTB
2528682651,1822166,3,pelvis,swing,-0.9502,0.0708,-0.2438,0.9766,-0.4272,0.7324,t001,FIJTB
2528682652,1822182,3,pelvis,swing,-0.9489,0.0697,-0.2426,0.7935,-0.4883,0.6104,t001,FIJTB
2528682703,1822198,3,pelvis,swing,-0.9495,0.0710,-0.2440,0.7324,-0.6714,0.5493,t001,FIJTB
2528682704,1822214,3,pelvis,swing,-0.9518,0.0739,-0.2480,0.8545,-0.9155,0.3662,t001,FIJTB
2528682704,1822230,3,pelvis,swing,-0.9550,0.0781,-0.2513,1.2207,-0.6714,0.4272,t001,FIJTB
2528682738,1822246,3,pelvis,swing,-0.9536,0.0715,-0.2423,1.5869,-0.0610,1.0986,t001,FIJTB
2528682753,1822262,3,pelvis,swing,-0.9532,0.0660,-0.2407,1.0986,-0.2441,1.2207,t001,FIJTB
2528682754,1822277,3,pelvis,swing,-0.9559,0.0664,-0.2427,0.7935,-0.4272,0.7935,t001,FIJTB
2528682755,1822293,3,pelvis,swing,-0.9569,0.0725,-0.2448,0.4883,-0.4883,0.0610,t001,FIJTB
2528682806,1822309,3,pelvis,swing,-0.9545,0.0824,-0.2467,0.6104,-0.2441,0.0000,t001,FIJTB
2528682807,1822325,3,pelvis,swing,-0.9532,0.0839,-0.2449,1.2817,0.3052,0.7935,t001,FIJTB
2528682807,1822341,3,pelvis,swing,-0.9551,0.0760,-0.2401,1.7700,0.4272,1.2817,t001,FIJTB
2528682856,1822357,3,pelvis,swing,-0.9550,0.0663,-0.2360,2.0752,0.2441,1.4038,t001,FIJTB
2528682857,1822373,3,pelvis,swing,-0.9564,0.0682,-0.2355,1.8311,0.0000,0.7935,t001,FIJTB
2528682857,1822388,3,pelvis,swing,-0.9603,0.0763,-0.2384,1.6479,-0.0610,0.7935,t001,FIJTB
2528682907,1822404,3,pelvis,swing,-0.9602,0.0769,-0.2373,1.4038,0.4272,1.0376,t001,FIJTB
2528682907,1822420,3,pelvis,swing,-0.9578,0.0769,-0.2328,1.4038,0.5493,1.0376,t001,FIJTB
2528682908,1822436,3,pelvis,swing,-0.9583,0.0753,-0.2327,1.6479,0.5493,1.3428,t001,FIJTB
2528682939,1822451,3,pelvis,swing,-0.9586,0.0658,-0.2325,1.4648,0.6104,1.4038,t001,FIJTB
2528682953,1822467,3,pelvis,swing,-0.9556,0.0649,-0.2319,0.7935,0.6714,0.6714,t001,FIJTB
2528682954,1822483,3,pelvis,swing,-0.9554,0.0703,-0.2335,0.5493,0.6104,0.1221,t001,FIJTB
2528682983,1822499,3,pelvis,swing,-0.9602,0.0778,-0.2334,0.5493,0.5493,0.1831,t001,FIJTB
2528683006,1822515,3,pelvis,swing,-0.9601,0.0751,-0.2329,0.5493,0.5493,0.5493,t001,FIJTB
2528683007,1822530,3,pelvis,swing,-0.9558,0.0702,-0.2333,0.5493,0.4272,0.3662,t001,FIJTB
2528683007,1822546,3,pelvis,swing,-0.9545,0.0715,-0.2344,0.4883,0.1221,0.0610,t001,FIJTB
2528683054,1822562,3,pelvis,swing,-0.9550,0.0720,-0.2377,0.3662,0.0610,0.2441,t001,FIJTB
2528683055,1822578,3,pelvis,swing,-0.9567,0.0687,-0.2371,-0.1831,0.1221,0.4883,t001,FIJTB
2528683055,1822594,3,pelvis,swing,-0.9563,0.0687,-0.2366,-0.4883,0.3052,-0.0610,t001,FIJTB
2528683103,1822610,3,pelvis,swing,-0.9553,0.0729,-0.2367,-0.4883,0.3052,-0.3662,t001,FIJTB
2528683104,1822626,3,pelvis,swing,-0.9552,0.0739,-0.2369,-0.2441,0.3052,-0.3052,t001,FIJTB
2528683104,1822642,3,pelvis,swing,-0.9562,0.0774,-0.2374,-0.3052,0.3052,-0.3052,t001,FIJTB
2528683149,1822658,3,pelvis,swing,-0.9542,0.0782,-0.2373,-0.3052,0.3052,-0.0610,t001,FIJTB
2528683152,1822674,3,pelvis,swing,-0.9557,0.0763,-0.2375,0.3052,0.0610,0.4272,t001,FIJTB
2528683152,1822689,3,pelvis,swing,-0.9579,0.0737,-0.2386,0.5493,0.1221,0.3052,t001,FIJTB
2528683200,1822705,3,pelvis,swing,-0.9564,0.0753,-0.2362,0.6104,0.3052,0.1221,t001,FIJTB
2528683201,1822721,3,pelvis,swing,-0.9547,0.0778,-0.2340,0.6714,0.2441,0.3662,t001,FIJTB
2528683201,1822737,3,pelvis,swing,-0.9563,0.0769,-0.2349,0.7324,0.1831,0.7935,t001,FIJTB
2528683246,1822753,3,pelvis,swing,-0.9589,0.0720,-0.2343,0.6714,0.2441,0.7935,t001,FIJTB
2528683248,1822769,3,pelvis,swing,-0.9580,0.0731,-0.2319,0.6104,0.3662,0.1831,t001,FIJTB
2528683249,1822784,3,pelvis,swing,-0.9589,0.0762,-0.2321,0.2441,0.2441,-0.1831,t001,FIJTB
2528683297,1822800,3,pelvis,swing,-0.9586,0.0781,-0.2334,0.3052,0.2441,0.1221,t001,FIJTB
2528683298,1822816,3,pelvis,swing,-0.9573,0.0774,-0.2350,0.4272,0.3662,0.6714,t001,FIJTB
2528683299,1822832,3,pelvis,swing,-0.9564,0.0758,-0.2375,0.5493,0.4272,0.7324,t001,FIJTB
2528683343,1822848,3,pelvis,swing,-0.9564,0.0734,-0.2360,0.6104,0.4883,0.6714,t001,FIJTB
2528683345,1822864,3,pelvis,swing,-0.9562,0.0679,-0.2352,0.3662,0.4272,0.6714,t001,FIJTB
2528683346,1822879,3,pelvis,swing,-0.9559,0.0674,-0.2396,-0.1221,0.2441,0.3662,t001,FIJTB
2528683395,1822895,3,pelvis,swing,-0.9561,0.0714,-0.2406,0.0000,0.2441,-0.1831,t001,FIJTB
2528683395,1822911,3,pelvis,swing,-0.9553,0.0780,-0.2390,0.3662,0.3662,-0.0610,t001,FIJTB
2528683395,1822927,3,pelvis,swing,-0.9558,0.0760,-0.2368,0.4883,0.4883,0.6104,t001,FIJTB
2528683443,1822943,3,pelvis,swing,-0.9539,0.0664,-0.2333,0.6104,0.5493,0.7935,t001,FIJTB
2528683443,1822959,3,pelvis,swing,-0.9553,0.0676,-0.2306,-0.0610,0.3662,0.2441,t001,FIJTB
2528683443,1822975,3,pelvis,swing,-0.9584,0.0717,-0.2306,-0.6104,0.0610,-0.2441,t001,FIJTB
2528683492,1822991,3,pelvis,swing,-0.9619,0.0790,-0.2314,-0.8545,0.1831,-0.3662,t001,FIJTB
2528683493,1823007,3,pelvis,swing,-0.9617,0.0822,-0.2308,-0.8545,0.4883,-0.2441,t001,FIJTB
2528683493,1823023,3,pelvis,swing,-0.9608,0.0818,-0.2285,-0.6104,0.5493,0.2441,t001,FIJTB
2528683537,1823038,3,pelvis,swing,-0.9619,0.0776,-0.2263,-0.5493,0.6714,0.7935,t001,FIJTB
2528683539,1823054,3,pelvis,swing,-0.9633,0.0730,-0.2260,-0.4883,0.8545,0.7935,t001,FIJTB
2528683540,1823070,3,pelvis,swing,-0.9623,0.0823,-0.2225,-0.6104,1.0376,0.0000,t001,FIJTB
2528683589,1823086,3,pelvis,swing,-0.9602,0.0864,-0.2224,-0.6714,1.0376,0.2441,t001,FIJTB
2528683590,1823102,3,pelvis,swing,-0.9591,0.0840,-0.2218,-0.7935,0.9766,0.7935,t001,FIJTB
2528683590,1823118,3,pelvis,swing,-0.9608,0.0800,-0.2198,-0.9766,1.0376,1.1597,t001,FIJTB
2528683634,1823134,3,pelvis,swing,-0.9658,0.0787,-0.2177,-1.1597,1.0986,1.1597,t001,FIJTB
2528683634,1823150,3,pelvis,swing,-0.9675,0.0834,-0.2174,-1.0986,1.3428,1.0376,t001,FIJTB
2528683637,1823166,3,pelvis,swing,-0.9655,0.0876,-0.2192,-0.6714,1.3428,0.9155,t001,FIJTB
2528683686,1823182,3,pelvis,swing,-0.9596,0.0945,-0.2218,-0.3052,1.1597,0.7935,t001,FIJTB
2528683686,1823197,3,pelvis,swing,-0.9589,0.0916,-0.2220,0.9155,0.9155,2.3193,t001,FIJTB
2528683687,1823213,3,pelvis,swing,-0.9598,0.0707,-0.2227,0.9155,0.9766,3.3569,t001,FIJTB
2528683732,1823229,3,pelvis,swing,-0.9619,0.0605,-0.2219,-0.4272,1.4648,3.2959,t001,FIJTB
2528683732,1823245,3,pelvis,swing,-0.9597,0.0560,-0.2186,-1.3428,1.6479,2.2583,t001,FIJTB
2528683735,1823261,3,pelvis,swing,-0.9624,0.0649,-0.2150,-3.1128,1.8921,0.6104,t001,FIJTB
2528683773,1823277,3,pelvis,swing,-0.9662,0.0679,-0.2147,-4.3335,2.3193,0.7324,t001,FIJTB
2528683785,1823293,3,pelvis,swing,-0.9739,0.0725,-0.2129,-4.6997,2.7466,0.7935,t001,FIJTB
2528683785,1823309,3,pelvis,swing,-0.9739,0.0730,-0.2109,-5.3711,3.6621,0.4272,t001,FIJTB
2528683786,1823325,3,pelvis,swing,-0.9657,0.0767,-0.1989,-5.7373,3.9673,0.0000,t001,FIJTB
2528683831,1823341,3,pelvis,swing,-0.9637,0.0806,-0.1981,-6.1646,3.4180,-0.1831,t001,FIJTB
2528683833,1823357,3,pelvis,swing,-0.9666,0.0809,-0.2037,-6.3477,2.6245,0.6104,t001,FIJTB
2528683834,1823372,3,pelvis,swing,-0.9735,0.0824,-0.2118,-6.3477,2.6245,0.7935,t001,FIJTB
2528683882,1823388,3,pelvis,swing,-0.9739,0.0872,-0.2150,-5.2490,2.6855,0.6714,t001,FIJTB
2528683883,1823404,3,pelvis,swing,-0.9724,0.1042,-0.2187,-4.6387,2.8687,0.6714,t001,FIJTB
2528683883,1823420,3,pelvis,swing,-0.9691,0.1122,-0.2177,-3.0518,3.9673,2.1973,t001,FIJTB
2528683930,1823436,3,pelvis,swing,-0.9631,0.1128,-0.2041,-2.2583,4.5776,4.1504,t001,FIJTB
2528683931,1823452,3,pelvis,swing,-0.9623,0.0862,-0.1925,-1.4648,5.3101,8.1177,t001,FIJTB
2528683931,1823468,3,pelvis,swing,-0.9613,0.0673,-0.1830,-3.1738,5.4932,8.1177,t001,FIJTB
2528683980,1823484,3,pelvis,swing,-0.9581,0.0477,-0.1702,-4.6387,4.8218,6.9580,t001,FIJTB
2528683980,1823500,3,pelvis,swing,-0.9594,0.0452,-0.1724,-8.1177,2.9297,4.8828,t001,FIJTB
2528683981,1823516,3,pelvis,swing,-0.9698,0.0492,-0.1866,-10.0098,1.7700,4.2725,t001,FIJTB
2528684027,1823532,3,pelvis,swing,-0.9768,0.0679,-0.2003,-12.4512,-0.5493,2.6855,t001,FIJTB
2528684029,1823548,3,pelvis,swing,-0.9750,0.0856,-0.2079,-11.9629,-0.3052,1.7700,t001,FIJTB
2528684029,1823564,3,pelvis,swing,-0.9678,0.1121,-0.2030,-11.4136,1.1597,2.7466,t001,FIJTB
2528684078,1823580,3,pelvis,swing,-0.9633,0.1095,-0.1880,-10.5591,3.5400,6.5918,t001,FIJTB
2528684079,1823596,3,pelvis,swing,-0.9585,0.0841,-0.1558,-10.6201,3.7231,8.3008,t001,FIJTB
2528684079,1823612,3,pelvis,swing,-0.9761,0.0654,-0.1348,-12.5732,2.8687,9.3384,t001,FIJTB
2528684126,1823628,3,pelvis,swing,-0.9841,0.0654,-0.1331,-14.7095,1.8921,7.9346,t001,FIJTB
2528684127,1823644,3,pelvis,swing,-0.9889,0.0852,-0.1426,-15.5029,2.0142,6.9580,t001,FIJTB
2528684127,1823660,3,pelvis,swing,-0.9902,0.0986,-0.1461,-16.1133,3.8452,7.1411,t001,FIJTB
2528684178,1823676,3,pelvis,swing,-1.0051,0.1058,-0.1420,-15.9912,5.0659,8.6060,t001,FIJTB
2528684178,1823692,3,pelvis,swing,-1.0051,0.0801,-0.1475,-15.4419,6.6528,11.0474,t001,FIJTB
2528684178,1823708,3,pelvis,swing,-0.9929,0.0662,-0.1444,-17.8223,8.9722,8.6060,t001,FIJTB
2528684224,1823724,3,pelvis,swing,-0.9513,0.0640,-0.1199,-19.1040,8.7891,7.2632,t001,FIJTB
2528684226,1823739,3,pelvis,swing,-0.9415,0.0669,-0.1199,-18.9209,3.6621,8.8501,t001,FIJTB
2528684227,1823755,3,pelvis,swing,-0.9530,0.0458,-0.1664,-19.0430,1.4038,11.1694,t001,FIJTB
2528684276,1823771,3,pelvis,swing,-0.9578,0.0126,-0.1847,-22.2168,2.8076,14.0991,t001,FIJTB
2528684277,1823787,3,pelvis,swing,-0.9255,-0.0505,-0.1917,-24.2920,3.8452,12.8174,t001,FIJTB
2528684278,1823803,3,pelvis,swing,-0.8755,-0.0215,-0.2281,-27.0386,0.7935,6.9580,t001,FIJTB
2528684285,1823819,3,pelvis,swing,-0.8522,-0.0105,-0.2662,-26.7334,-4.7607,9.5825,t001,FIJTB
2528684324,1823835,3,pelvis,swing,-0.8595,-0.0679,-0.3008,-25.6348,-5.7983,14.7705,t001,FIJTB
2528684325,1823851,3,pelvis,swing,-0.8922,-0.1199,-0.2874,-26.7944,-6.7139,23.6816,t001,FIJTB
2528684359,1823868,3,pelvis,swing,-0.9354,-0.2177,-0.2880,-30.4565,-8.3618,23.7427,t001,FIJTB
2528684377,1823884,3,pelvis,swing,-0.9685,-0.1887,-0.3270,-41.8091,-13.1226,13.2446,t001,FIJTB
2528684378,1823900,3,pelvis,swing,-0.9779,-0.1241,-0.3466,-48.1567,-15.0757,0.4883,t001,FIJTB
2528684378,1823916,3,pelvis,swing,-0.9412,0.0266,-0.4028,-48.0347,-15.8081,-3.2349,t001,FIJTB
2528684426,1823932,3,pelvis,swing,-0.8994,0.0857,-0.4343,-40.8936,-21.1792,-4.5776,t001,FIJTB
2528684426,1823948,3,pelvis,swing,-0.8690,0.1586,-0.4548,-35.0342,-24.6582,-0.9155,t001,FIJTB
2528684427,1823964,3,pelvis,swing,-0.9050,0.1180,-0.4121,-22.5830,-26.2451,17.2119,t001,FIJTB
2528684477,1823980,3,pelvis,swing,-0.9187,0.0330,-0.3813,-14.9536,-21.7895,37.0483,t001,FIJTB
2528684477,1823996,3,pelvis,swing,-0.9292,-0.1664,-0.3289,-12.4512,-20.5688,41.0156,t001,FIJTB
2528684478,1824012,3,pelvis,swing,-0.9380,-0.2251,-0.3226,-6.7139,-22.2778,32.2876,t001,FIJTB
2528684526,1824028,3,pelvis,swing,-0.9670,-0.2102,-0.3270,-2.9297,-23.0713,23.0713,t001,FIJTB
2528684527,1824044,3,pelvis,swing,-0.9669,-0.1508,-0.2739,2.3804,-19.1040,10.8032,t001,FIJTB
2528684528,1824060,3,pelvis,swing,-0.9407,-0.1642,-0.2374,0.6714,-18.7988,19.7754,t001,FIJTB
2528684579,1824076,3,pelvis,swing,-0.9331,-0.2461,-0.2249,-3.8452,-22.4609,25.3296,t001,FIJTB
2528684579,1824092,3,pelvis,swing,-0.9480,-0.2656,-0.2538,-15.3809,-29.4189,16.3574,t001,FIJTB
2528684579,1824108,3,pelvis,swing,-0.9664,-0.2150,-0.2982,-18.6768,-28.6255,3.4180,t001,FIJTB
2528684626,1824124,3,pelvis,swing,-0.9448,-0.1222,-0.2726,-19.4092,-21.6064,-12.3291,t001,FIJTB
2528684628,1824141,3,pelvis,swing,-0.9475,-0.0937,-0.2592,-23.5596,-18.9819,-4.6387,t001,FIJTB
2528684629,1824157,3,pelvis,swing,-0.9727,-0.0626,-0.2684,-25.2075,-19.2261,0.5493,t001,FIJTB
2528684678,1824173,3,pelvis,swing,-0.9902,-0.0387,-0.2814,-18.1885,-16.5405,1.7700,t001,FIJTB
2528684679,1824189,3,pelvis,swing,-0.9911,0.0105,-0.2828,-10.1929,-13.2446,1.3428,t001,FIJTB
2528684679,1824205,3,pelvis,swing,-0.9508,-0.0223,-0.2377,4.5166,-6.5308,9.9487,t001,FIJTB
2528684725,1824221,3,pelvis,swing,-0.9352,-0.0747,-0.2218,10.2539,-6.7749,22.5830,t001,FIJTB
2528684727,1824237,3,pelvis,swing,-0.9399,-0.1558,-0.2740,12.3291,-9.1553,22.8882,t001,FIJTB
2528684728,1824253,3,pelvis,swing,-0.9351,-0.1567,-0.3281,20.2026,-10.8032,14.9536,t001,FIJTB
2528684776,1824269,3,pelvis,swing,-0.9142,-0.1171,-0.3536,23.6206,-8.8501,12.4512,t001,FIJTB
2528684777,1824285,3,pelvis,swing,-0.9049,-0.1223,-0.3073,24.1089,-6.0425,15.7471,t001,FIJTB
2528684777,1824301,3,pelvis,swing,-0.9105,-0.1401,-0.3103,20.9961,-8.5449,16.2354,t001,FIJTB
2528684778,1824317,3,pelvis,swing,-0.9358,-0.1826,-0.3256,18.9209,-8.6060,13.4888,t001,FIJTB
2528684823,1824333,3,pelvis,swing,-0.9215,-0.2144,-0.3184,9.3384,-6.9580,10.5591,t001,FIJTB
2528684826,1824349,3,pelvis,swing,-0.8962,-0.2478,-0.3087,2.3804,-8.2397,9.0332,t001,FIJTB
2528684826,1824365,3,pelvis,swing,-0.8984,-0.1664,-0.3900,-5.6152,-14.5264,-0.7324,t001,FIJTB
2528684875,1824381,3,pelvis,swing,-0.9056,-0.0856,-0.4290,1.2207,-14.6484,-11.9629,t001,FIJTB
2528684876,1824398,3,pelvis,swing,-0.9376,0.0243,-0.4080,6.3477,-10.8643,-10.8643,t001,FIJTB
2528684876,1824413,3,pelvis,swing,-0.9453,0.0109,-0.3629,10.7422,-4.6387,8.6060,t001,FIJTB
2528684922,1824429,3,pelvis,swing,-0.9232,-0.1270,-0.3109,9.8267,-5.2490,19.5923,t001,FIJTB
2528684923,1824445,3,pelvis,swing,-0.9330,-0.2230,-0.3208,8.1787,-8.7280,20.7520,t001,FIJTB
2528684923,1824461,3,pelvis,swing,-0.9469,-0.2001,-0.3169,10.8643,-7.6904,3.7231,t001,FIJTB
2528684974,1824477,3,pelvis,swing,-0.9287,-0.0825,-0.3079,12.5732,-6.8970,-0.9155,t001,FIJTB
2528684974,1824493,3,pelvis,swing,-0.9222,-0.0458,-0.3032,15.1367,-6.1035,2.5024,t001,FIJTB
2528684975,1824509,3,pelvis,swing,-0.9302,-0.0795,-0.2888,15.8691,-5.3101,8.2397,t001,FIJTB
2528685022,1824525,3,pelvis,swing,-0.9313,-0.1349,-0.2885,15.0757,-5.4321,18.0664,t001,FIJTB
2528685023,1824541,3,pelvis,swing,-0.9459,-0.2334,-0.3004,14.2212,-6.1646,18.9209,t001,FIJTB
2528685024,1824557,3,pelvis,swing,-0.9337,-0.2230,-0.3314,13.9160,-6.7749,12.0850,t001,FIJTB
2528685073,1824573,3,pelvis,swing,-0.9237,-0.1792,-0.3423,17.5171,-4.2114,1.2207,t001,FIJTB
2528685074,1824589,3,pelvis,swing,-0.9377,-0.1078,-0.3112,18.7378,-1.4038,0.2441,t001,FIJTB
2528685074,1824605,3,pelvis,swing,-0.9386,-0.1271,-0.2778,16.6626,0.7324,13.1226,t001,FIJTB
2528685120,1824621,3,pelvis,swing,-0.8824,-0.2751,-0.3209,15.0757,-2.6855,21.3013,t001,FIJTB
2528685122,1824637,3,pelvis,swing,-0.8485,-0.3750,-0.4480,11.4746,-10.1929,22.5220,t001,FIJTB
2528685123,1824653,3,pelvis,swing,-0.8442,-0.3615,-0.4783,5.3711,-12.5732,7.3853,t001,FIJTB
2528685172,1824669,3,pelvis,swing,-0.8667,-0.2367,-0.4664,1.3428,-12.0239,-2.1362,t001,FIJTB
2528685172,1824685,3,pelvis,swing,-0.8832,-0.1405,-0.4604,-3.7231,-9.8877,-20.2637,t001,FIJTB
2528685173,1824701,3,pelvis,swing,-0.8795,0.0320,-0.4771,-0.6714,-10.4370,-25.2686,t001,FIJTB
2528685218,1824718,3,pelvis,swing,-0.9000,0.0292,-0.4341,8.3008,-9.5215,-10.3760,t001,FIJTB
2528685219,1824734,3,pelvis,swing,-0.9005,-0.0604,-0.3945,5.4932,-7.7515,19.9585,t001,FIJTB
2528685220,1824750,3,pelvis,swing,-0.8878,-0.2578,-0.3905,4.7607,-8.6670,23.8647,t001,FIJTB
2528685269,1824766,3,pelvis,swing,-0.8851,-0.2780,-0.4258,9.5215,-11.0474,7.3242,t001,FIJTB
2528685270,1824782,3,pelvis,swing,-0.8774,-0.1510,-0.4592,11.1084,-10.0098,-2.5024,t001,FIJTB
2528685270,1824798,3,pelvis,swing,-0.8766,-0.0454,-0.4115,8.6060,-6.6528,-7.9956,t001,FIJTB
2528685315,1824814,3,pelvis,swing,-0.8857,-0.0510,-0.3879,6.4087,-7.8125,0.6714,t001,FIJTB
2528685317,1824830,3,pelvis,swing,-0.9205,-0.1359,-0.3828,5.9204,-8.6060,5.0659,t001,FIJTB
2528685317,1824846,3,pelvis,swing,-0.9254,-0.1799,-0.3864,4.4556,-7.0801,5.5542,t001,FIJTB
2528685349,1824862,3,pelvis,swing,-0.8989,-0.1897,-0.3966,4.5166,-6.1035,1.4038,t001,FIJTB
2528685365,1824878,3,pelvis,swing,-0.8745,-0.1125,-0.4308,6.4697,-7.0801,-5.8594,t001,FIJTB
2528685366,1824894,3,pelvis,swing,-0.8732,-0.0968,-0.4425,4.4556,-7.0190,-1.4038,t001,FIJTB
2528685411,1824910,3,pelvis,swing,-0.8820,-0.1407,-0.4397,2.3193,-6.2256,1.3428,t001,FIJTB
2528685413,1824926,3,pelvis,swing,-0.8850,-0.1621,-0.4376,0.2441,-5.3101,-1.1597,t001,FIJTB
2528685414,1824942,3,pelvis,swing,-0.8824,-0.1326,-0.4446,0.7935,-5.1270,-4.5776,t001,FIJTB
2528685464,1824958,3,pelvis,swing,-0.8721,-0.0890,-0.4388,2.3193,-4.6387,-5.0659,t001,FIJTB
2528685464,1824974,3,pelvis,swing,-0.8707,-0.0970,-0.4397,2.8687,-5.4932,0.6104,t001,FIJTB
2528685465,1824990,3,pelvis,swing,-0.8793,-0.1351,-0.4565,3.1128,-5.7373,1.4038,t001,FIJTB
2528685478,1825006,3,pelvis,swing,-0.8785,-0.1394,-0.4598,3.6621,-4.6997,-1.7090,t001,FIJTB
2528685511,1825023,3,pelvis,swing,-0.8702,-0.1107,-0.4581,3.9062,-4.4556,-3.2959,t001,FIJTB
2528685512,1825039,3,pelvis,swing,-0.8656,-0.0903,-0.4619,5.1270,-5.1880,-2.3193,t001,FIJTB
2528685530,1825055,3,pelvis,swing,-0.8662,-0.0948,-0.4620,6.5308,-5.6152,1.7700,t001,FIJTB
2528685560,1825071,3,pelvis,swing,-0.8732,-0.1169,-0.4530,6.9580,-5.7373,2.8687,t001,FIJTB
2528685561,1825087,3,pelvis,swing,-0.8792,-0.1211,-0.4493,7.3242,-5.6763,1.9531,t001,FIJTB
2528685570,1825103,3,pelvis,swing,-0.8953,-0.1052,-0.4423,7.5073,-5.3101,0.9766,t001,FIJTB
2528685605,1825119,3,pelvis,swing,-0.8937,-0.0975,-0.4376,7.6294,-3.6621,1.7090,t001,FIJTB
2528685608,1825135,3,pelvis,swing,-0.8862,-0.1030,-0.4357,7.4463,-2.8687,3.5400,t001,FIJTB
2528685656,1825151,3,pelvis,swing,-0.8857,-0.1121,-0.4316,7.7515,-2.9907,3.7231,t001,FIJTB
2528685656,1825167,3,pelvis,swing,-0.8884,-0.1154,-0.4331,8.6670,-2.9907,3.3569,t001,FIJTB
2528685657,1825183,3,pelvis,swing,-0.8861,-0.1306,-0.4333,8.4839,-2.5635,3.6621,t001,FIJTB
2528685701,1825199,3,pelvis,swing,-0.8788,-0.1451,-0.4346,6.7139,-1.7090,3.4180,t001,FIJTB
2528685703,1825215,3,pelvis,swing,-0.8739,-0.1442,-0.4435,4.9438,-2.1973,1.0986,t001,FIJTB
2528685703,1825231,3,pelvis,swing,-0.8734,-0.1288,-0.4611,4.1504,-2.4414,0.3052,t001,FIJTB
2528685750,1825247,3,pelvis,swing,-0.8702,-0.1235,-0.4666,2.6245,-2.2583,0.0000,t001,FIJTB
2528685751,1825263,3,pelvis,swing,-0.8582,-0.1238,-0.4681,2.2583,-2.3804,-0.0610,t001,FIJTB
2528685751,1825279,3,pelvis,swing,-0.8534,-0.1296,-0.4705,1.4648,-3.2349,0.9155,t001,FIJTB
2528685795,1825295,3,pelvis,swing,-0.8571,-0.1370,-0.4756,-0.3662,-2.9907,-0.3052,t001,FIJTB
2528685797,1825311,3,pelvis,swing,-0.8694,-0.1285,-0.4672,-0.4272,-2.6855,-1.2817,t001,FIJTB
2528685797,1825327,3,pelvis,swing,-0.8741,-0.1228,-0.4613,0.3662,-2.0142,-1.1597,t001,FIJTB
2528685846,1825343,3,pelvis,swing,-0.8759,-0.1239,-0.4500,0.1221,-1.6479,-1.1597,t001,FIJTB
2528685846,1825360,3,pelvis,swing,-0.8707,-0.1277,-0.4528,-1.8921,-1.9531,-2.6855,t001,FIJTB
2528685846,1825376,3,pelvis,swing,-0.8724,-0.1270,-0.4532,-3.7231,-2.1973,-2.1362,t001,FIJTB
2528685893,1825392,3,pelvis,swing,-0.8745,-0.1230,-0.4561,-3.6011,-2.3193,-1.2207,t001,FIJTB
2528685893,1825408,3,pelvis,swing,-0.8732,-0.1172,-0.4575,-1.2207,-2.3193,-1.7090,t001,FIJTB
2528685894,1825425,3,pelvis,swing,-0.8685,-0.1101,-0.4575,-0.6104,-2.0142,-2.3193,t001,FIJTB
2528685941,1825441,3,pelvis,swing,-0.8628,-0.1216,-0.4600,-1.3428,-2.3193,-1.2817,t001,FIJTB
2528685941,1825457,3,pelvis,swing,-0.8619,-0.1289,-0.4614,-2.1973,-2.9907,0.0610,t001,FIJTB
2528685941,1825473,3,pelvis,swing,-0.8730,-0.1194,-0.4600,-2.1362,-3.0518,-0.8545,t001,FIJTB
2528685987,1825489,3,pelvis,swing,-0.8856,-0.1039,-0.4528,-0.5493,-1.2817,-3.7231,t001,FIJTB
2528685988,1825506,3,pelvis,swing,-0.8962,-0.0883,-0.4257,0.3662,0.1221,-3.6011,t001,FIJTB
2528685989,1825522,3,pelvis,swing,-0.8945,-0.1085,-0.4073,1.2207,1.0986,-0.4883,t001,FIJTB
2528686036,1825538,3,pelvis,swing,-0.8959,-0.1232,-0.4105,1.0376,0.6714,1.0376,t001,FIJTB
2528686037,1825554,3,pelvis,swing,-0.8970,-0.1263,-0.4253,1.0376,0.6714,0.0000,t001,FIJTB
2528686037,1825570,3,pelvis,swing,-0.8922,-0.1127,-0.4304,1.4648,1.0376,-1.7090,t001,FIJTB
2528686081,1825586,3,pelvis,swing,-0.8790,-0.1007,-0.4329,1.4648,1.2817,-0.7324,t001,FIJTB
2528686083,1825602,3,pelvis,swing,-0.8723,-0.1277,-0.4346,1.0376,0.9766,1.7700,t001,FIJTB
2528686083,1825618,3,pelvis,swing,-0.8723,-0.1353,-0.4434,0.9155,0.0610,0.4272,t001,FIJTB
2528686130,1825634,3,pelvis,swing,-0.8665,-0.1208,-0.4630,1.0376,0.0000,-0.7324,t001,FIJTB
2528686131,1825650,3,pelvis,swing,-0.8608,-0.1089,-0.4692,1.7090,-0.4272,-0.6104,t001,FIJTB
2528686132,1825666,3,pelvis,swing,-0.8540,-0.1074,-0.4829,2.0752,-1.0376,0.5493,t001,FIJTB
2528686177,1825682,3,pelvis,swing,-0.8506,-0.1267,-0.4973,2.1973,-2.3193,2.1362,t001,FIJTB
2528686177,1825698,3,pelvis,swing,-0.8507,-0.1310,-0.4987,1.9531,-2.6855,1.2817,t001,FIJTB
2528686177,1825714,3,pelvis,swing,-0.8522,-0.1246,-0.4939,1.7700,-2.7466,0.5493,t001,FIJTB
2528686224,1825730,3,pelvis,swing,-0.8553,-0.1188,-0.4905,1.8921,-2.9297,0.1221,t001,FIJTB
2528686225,1825746,3,pelvis,swing,-0.8645,-0.1093,-0.4786,1.9531,-2.9297,0.3052,t001,FIJTB
2528686225,1825762,3,pelvis,swing,-0.8695,-0.1013,-0.4659,1.8921,-2.7466,0.3662,t001,FIJTB
2528686269,1825778,3,pelvis,swing,-0.8738,-0.0974,-0.4615,2.6855,-2.5635,0.6104,t001,FIJTB
2528686271,1825794,3,pelvis,swing,-0.8800,-0.0964,-0.4509,3.1738,-2.1973,1.2817,t001,FIJTB
2528686272,1825810,3,pelvis,swing,-0.8771,-0.1027,-0.4470,3.5400,-1.5869,2.9297,t001,FIJTB
2528686319,1825826,3,pelvis,swing,-0.8806,-0.1243,-0.4447,3.2959,-1.4648,3.2349,t001,FIJTB
2528686320,1825842,3,pelvis,swing,-0.8873,-0.1315,-0.4441,2.2583,-0.9766,1.7090,t001,FIJTB
2528686320,1825858,3,pelvis,swing,-0.8851,-0.1226,-0.4406,1.8921,-0.7324,0.2441,t001,FIJTB
2528686364,1825874,3,pelvis,swing,-0.8772,-0.0984,-0.4449,1.8921,-0.7324,-0.6104,t001,FIJTB
2528686366,1825890,3,pelvis,swing,-0.8778,-0.0957,-0.4502,2.3193,-0.6714,1.5259,t001,FIJTB
2528686366,1825906,3,pelvis,swing,-0.8738,-0.1062,-0.4595,2.9297,-0.4272,2.2583,t001,FIJTB
2528686413,1825922,3,pelvis,swing,-0.8694,-0.1122,-0.4618,3.8452,-0.2441,2.4414,t001,FIJTB
2528686414,1825938,3,pelvis,swing,-0.8641,-0.1216,-0.4645,3.6011,-0.3662,2.1362,t001,FIJTB
2528686414,1825954,3,pelvis,swing,-0.8652,-0.1274,-0.4696,2.1973,-0.4883,1.1597,t001,FIJTB
2528686459,1825970,3,pelvis,swing,-0.8662,-0.1273,-0.4695,0.7935,-0.3662,0.7324,t001,FIJTB
2528686460,1825986,3,pelvis,swing,-0.8696,-0.1216,-0.4657,0.4272,-0.4883,0.6714,t001,FIJTB
2528686509,1826002,3,pelvis,swing,-0.8691,-0.1174,-0.4669,0.1831,-0.8545,0.1831,t001,FIJTB
2528686510,1826018,3,pelvis,swing,-0.8636,-0.1096,-0.4720,0.3052,-0.7935,0.1221,t001,FIJTB
2528686510,1826034,3,pelvis,swing,-0.8595,-0.1154,-0.4729,0.9155,-0.7324,0.8545,t001,FIJTB
2528686510,1826050,3,pelvis,swing,-0.8604,-0.1223,-0.4727,0.9766,-1.0376,1.0376,t001,FIJTB
2528686556,1826066,3,pelvis,swing,-0.8596,-0.1208,-0.4750,1.0376,-1.1597,0.6104,t001,FIJTB
2528686557,1826082,3,pelvis,swing,-0.8574,-0.1123,-0.4769,1.4038,-1.2817,-0.1831,t001,FIJTB
2528686558,1826098,3,pelvis,swing,-0.8618,-0.0991,-0.4741,1.8311,-1.4038,0.1221,t001,FIJTB
2528686607,1826114,3,pelvis,swing,-0.8693,-0.1124,-0.4689,2.4414,-1.3428,1.9531,t001,FIJTB
2528686607,1826130,3,pelvis,swing,-0.8711,-0.1221,-0.4674,2.5635,-1.0986,2.1362,t001,FIJTB
2528686607,1826146,3,pelvis,swing,-0.8671,-0.1259,-0.4675,2.5635,-0.9766,1.5869,t001,FIJTB
2528686652,1826162,3,pelvis,swing,-0.8636,-0.1224,-0.4695,2.6855,-0.9155,0.7324,t001,FIJTB
2528686655,1826178,3,pelvis,swing,-0.8594,-0.1240,-0.4689,2.4414,-1.0376,0.9155,t001,FIJTB
2528686655,1826194,3,pelvis,swing,-0.8630,-0.1266,-0.4672,1.7700,-1.5869,0.9155,t001,FIJTB
2528686704,1826210,3,pelvis,swing,-0.8680,-0.1223,-0.4668,1.7700,-1.8311,-0.2441,t001,FIJTB
2528686705,1826226,3,pelvis,swing,-0.8673,-0.1086,-0.4666,1.9531,-1.7700,-0.5493,t001,FIJTB
2528686705,1826242,3,pelvis,swing,-0.8662,-0.1042,-0.4642,2.1973,-1.5259,-0.1221,t001,FIJTB
2528686750,1826258,3,pelvis,swing,-0.8645,-0.1162,-0.4678,2.0142,-1.5869,0.1221,t001,FIJTB
2528686750,1826274,3,pelvis,swing,-0.8634,-0.1239,-0.4713,2.0142,-1.4648,0.1831,t001,FIJTB
2528686753,1826290,3,pelvis,swing,-0.8612,-0.1249,-0.4760,1.9531,-1.2817,-0.3052,t001,FIJTB
2528686802,1826306,3,pelvis,swing,-0.8651,-0.1096,-0.4792,1.5259,-1.2817,-1.2207,t001,FIJTB
2528686803,1826322,3,pelvis,swing,-0.8678,-0.1021,-0.4784,1.8921,-1.1597,-0.7324,t001,FIJTB
2528686803,1826338,3,pelvis,swing,-0.8690,-0.1006,-0.4718,2.0142,-1.0376,0.0000,t001,FIJTB
2528686848,1826354,3,pelvis,swing,-0.8672,-0.1053,-0.4691,2.1362,-0.8545,0.9155,t001,FIJTB
2528686850,1826370,3,pelvis,swing,-0.8682,-0.1115,-0.4645,2.1362,-0.7935,0.7324,t001,FIJTB
2528686850,1826386,3,pelvis,swing,-0.8682,-0.1051,-0.4656,2.5635,-0.5493,0.3052,t001,FIJTB
2528686899,1826402,3,pelvis,swing,-0.8683,-0.1018,-0.4684,2.8076,-0.5493,0.2441,t001,FIJTB
2528686900,1826418,3,pelvis,swing,-0.8669,-0.1031,-0.4709,2.9297,-0.4883,0.6714,t001,FIJTB
2528686900,1826434,3,pelvis,swing,-0.8649,-0.1061,-0.4733,3.7231,-0.4883,1.7090,t001,FIJTB
2528686945,1826450,3,pelvis,swing,-0.8577,-0.1085,-0.4807,4.2725,-0.5493,1.8311,t001,FIJTB
2528686947,1826466,3,pelvis,swing,-0.8560,-0.1121,-0.4823,4.7607,-0.6714,2.1362,t001,FIJTB
2528686947,1826482,3,pelvis,swing,-0.8550,-0.1162,-0.4827,4.6387,-0.9155,2.2583,t001,FIJTB
2528686996,1826498,3,pelvis,swing,-0.8577,-0.1191,-0.4880,4.4556,-1.0376,1.8311,t001,FIJTB
2528686996,1826514,3,pelvis,swing,-0.8601,-0.1193,-0.4873,3.5400,-0.8545,1.4038,t001,FIJTB
2528686997,1826530,3,pelvis,swing,-0.8578,-0.1210,-0.4810,3.1738,-0.7324,1.2207,t001,FIJTB
2528687041,1826546,3,pelvis,swing,-0.8635,-0.1140,-0.4778,2.6855,-0.8545,0.3662,t001,FIJTB
2528687043,1826562,3,pelvis,swing,-0.8682,-0.1100,-0.4746,2.5635,-0.3052,0.1831,t001,FIJTB
2528687044,1826578,3,pelvis,swing,-0.8702,-0.1079,-0.4667,2.5635,0.0000,0.3052,t001,FIJTB
2528687093,1826593,3,pelvis,swing,-0.8680,-0.1063,-0.4640,3.4180,0.1221,0.6104,t001,FIJTB
2528687093,1826609,3,pelvis,swing,-0.8647,-0.1016,-0.4694,4.1504,0.0610,0.8545,t001,FIJTB
2528687094,1826625,3,pelvis,swing,-0.8640,-0.1011,-0.4733,5.3101,0.0000,1.3428,t001,FIJTB
2528687140,1826641,3,pelvis,swing,-0.8669,-0.1058,-0.4735,5.4932,0.0000,1.5869,t001,FIJTB
2528687141,1826657,3,pelvis,swing,-0.8656,-0.1149,-0.4764,5.0049,0.2441,1.2817,t001,FIJTB
2528687143,1826673,3,pelvis,swing,-0.8621,-0.1172,-0.4778,4.0283,0.5493,0.6714,t001,FIJTB
2528687186,1826689,3,pelvis,swing,-0.8649,-0.1232,-0.4720,3.2349,0.6714,0.3662,t001,FIJTB
2528687194,1826704,3,pelvis,swing,-0.8693,-0.1250,-0.4686,1.5259,1.0376,-0.8545,t001,FIJTB
2528687194,1826720,3,pelvis,swing,-0.8723,-0.1172,-0.4697,1.2207,1.2207,-1.5259,t001,FIJTB
2528687240,1826736,3,pelvis,swing,-0.8761,-0.1038,-0.4690,1.4648,2.0142,-2.5024,t001,FIJTB
2528687242,1826752,3,pelvis,swing,-0.8770,-0.0953,-0.4674,1.8921,2.0752,-3.0518,t001,FIJTB
2528687243,1826768,3,pelvis,swing,-0.8730,-0.0824,-0.4685,2.3804,1.7700,-2.6245,t001,FIJTB
2528687291,1826784,3,pelvis,swing,-0.8689,-0.0851,-0.4658,3.4790,2.3804,-0.1221,t001,FIJTB
2528687292,1826800,3,pelvis,swing,-0.8627,-0.1014,-0.4550,3.6011,2.6855,0.7324,t001,FIJTB
2528687292,1826816,3,pelvis,swing,-0.8640,-0.1046,-0.4567,4.3335,2.2583,0.0610,t001,FIJTB
2528687292,1826832,3,pelvis,swing,-0.8724,-0.0887,-0.4773,4.8828,1.8921,-0.5493,t001,FIJTB
2528687338,1826848,3,pelvis,swing,-0.8801,-0.0760,-0.4941,5.3101,2.0142,-1.7700,t001,FIJTB
2528687339,1826864,3,pelvis,swing,-0.8776,-0.0806,-0.4918,4.5776,2.9907,0.3662,t001,FIJTB
2528687340,1826880,3,pelvis,swing,-0.8787,-0.1029,-0.4617,3.8452,3.2959,1.9531,t001,FIJTB
2528687389,1826896,3,pelvis,swing,-0.8829,-0.1099,-0.4458,1.8921,3.2349,3.7231,t001,FIJTB
2528687389,1826912,3,pelvis,swing,-0.8945,-0.0961,-0.4421,0.7324,3.3569,3.1128,t001,FIJTB
2528687390,1826928,3,pelvis,swing,-0.8965,-0.0581,-0.4557,-0.3662,5.3101,0.2441,t001,FIJTB
2528687434,1826944,3,pelvis,swing,-0.8873,-0.0475,-0.4557,1.4648,7.5073,0.7324,t001,FIJTB
2528687436,1826959,3,pelvis,swing,-0.8698,-0.0669,-0.4417,1.7700,8.1177,2.9297,t001,FIJTB
2528687437,1826975,3,pelvis,swing,-0.8713,-0.0896,-0.4329,-0.6714,7.5684,6.8359,t001,FIJTB
2528687486,1826991,3,pelvis,swing,-0.9043,-0.1180,-0.4436,-2.7466,6.7139,6.8970,t001,FIJTB
2528687486,1827007,3,pelvis,swing,-0.9164,-0.1204,-0.4685,-3.9062,7.0801,2.3804,t001,FIJTB
2528687486,1827023,3,pelvis,swing,-0.8370,-0.0599,-0.4659,-4.0283,8.9722,-0.5493,t001,FIJTB
2528687531,1827039,3,pelvis,swing,-0.8334,-0.0146,-0.4165,-3.4790,7.6904,2.0142,t001,FIJTB
2528687534,1827055,3,pelvis,swing,-0.8601,-0.0518,-0.4216,-5.1270,5.1880,10.0708,t001,FIJTB
2528687534,1827071,3,pelvis,swing,-0.8868,-0.1227,-0.4054,-9.0942,7.6294,9.6436,t001,FIJTB
2528687584,1827087,3,pelvis,swing,-0.8949,-0.1121,-0.3817,-14.4653,11.1084,1.8311,t001,FIJTB
2528687585,1827103,3,pelvis,swing,-0.9425,-0.0459,-0.3757,-14.8315,11.0474,-0.1831,t001,FIJTB
2528687585,1827119,3,pelvis,swing,-0.9413,-0.0280,-0.4218,-14.0991,12.5732,3.2349,t001,FIJTB
2528687632,1827135,3,pelvis,swing,-0.9072,-0.0468,-0.4438,-10.8032,14.7705,8.6670,t001,FIJTB
2528687634,1827151,3,pelvis,swing,-0.8285,-0.0978,-0.4558,-9.3994,14.5264,11.2305,t001,FIJTB
2528687634,1827167,3,pelvis,swing,-0.8019,-0.1277,-0.4556,-11.7187,11.1084,15.1367,t001,FIJTB
2528687684,1827183,3,pelvis,swing,-0.7819,-0.1886,-0.4799,-14.8315,9.2773,13.3667,t001,FIJTB
2528687685,1827199,3,pelvis,swing,-0.7927,-0.1979,-0.5151,-19.8364,7.0190,3.1128,t001,FIJTB
2528687685,1827215,3,pelvis,swing,-0.7870,-0.1782,-0.5413,-19.9585,3.4790,-7.2021,t001,FIJTB
2528687732,1827231,3,pelvis,swing,-0.7866,-0.1178,-0.5767,-19.0430,0.7324,-9.2163,t001,FIJTB
2528687734,1827247,3,pelvis,swing,-0.8337,-0.1019,-0.5437,-23.0713,-1.5869,-3.9673,t001,FIJTB
2528687735,1827263,3,pelvis,swing,-0.9241,-0.1714,-0.4270,-29.4800,-1.4648,1.0376,t001,FIJTB
2528687785,1827279,3,pelvis,swing,-0.9482,-0.2426,-0.3864,-42.9687,0.4272,-2.0142,t001,FIJTB
2528687786,1827295,3,pelvis,swing,-0.9371,-0.2216,-0.3927,-42.8467,-0.3052,-16.0522,t001,FIJTB
2528687786,1827312,3,pelvis,swing,-0.8883,-0.1624,-0.4124,-37.8418,-2.6245,-14.8926,t001,FIJTB
2528687802,1827328,3,pelvis,swing,-0.8781,-0.1782,-0.4039,-30.7617,-7.5684,2.8076,t001,FIJTB
2528687831,1827344,3,pelvis,swing,-0.8851,-0.2600,-0.3815,-31.3721,-8.7891,8.4229,t001,FIJTB
2528687833,1827360,3,pelvis,swing,-0.8915,-0.2643,-0.4365,-33.3252,-7.8125,-2.9907,t001,FIJTB
2528687864,1827376,3,pelvis,swing,-0.8914,-0.2150,-0.4586,-29.8462,-1.1597,-21.7285,t001,FIJTB
2528687884,1827392,3,pelvis,swing,-0.8625,-0.0935,-0.4240,-24.8413,0.1831,-21.1792,t001,FIJTB
2528687884,1827408,3,pelvis,swing,-0.8490,-0.0702,-0.4049,-11.9019,-7.6294,0.1221,t001,FIJTB
2528687884,1827424,3,pelvis,swing,-0.8712,-0.1377,-0.4230,-8.3008,-12.2681,11.7187,t001,FIJTB
2528687929,1827440,3,pelvis,swing,-0.9110,-0.2275,-0.4197,-5.7373,-12.8784,16.5405,t001,FIJTB
2528687931,1827456,3,pelvis,swing,-0.9028,-0.2183,-0.3939,-2.0142,-7.9956,4.2114,t001,FIJTB
2528687932,1827472,3,pelvis,swing,-0.8669,-0.1433,-0.3358,-0.3662,-7.3242,0.6104,t001,FIJTB
2528687980,1827488,3,pelvis,swing,-0.8634,-0.1328,-0.3224,-1.3428,-11.6577,5.4932,t001,FIJTB
2528687981,1827504,3,pelvis,swing,-0.8948,-0.1832,-0.3439,-3.6621,-14.7705,9.3384,t001,FIJTB
2528687981,1827520,3,pelvis,swing,-0.9275,-0.1998,-0.4030,-9.6436,-17.3340,5.4932,t001,FIJTB
2528688029,1827536,3,pelvis,swing,-0.9196,-0.1636,-0.4115,-14.2822,-12.6953,-8.7280,t001,FIJTB
2528688029,1827552,3,pelvis,swing,-0.9038,-0.0886,-0.3722,-16.3574,-10.1318,-10.4370,t001,FIJTB
2528688029,1827568,3,pelvis,swing,-0.9076,-0.0931,-0.3550,-18.5547,-8.4839,-0.4272,t001,FIJTB
2528688078,1827585,3,pelvis,swing,-0.9015,-0.1647,-0.3655,-16.7236,-9.1553,5.0049,t001,FIJTB
2528688078,1827601,3,pelvis,swing,-0.8826,-0.1924,-0.3949,-7.5073,-11.7798,8.5449,t001,FIJTB
2528688079,1827617,3,pelvis,swing,-0.8802,-0.1982,-0.4027,-0.1221,-13.4277,8.0566,t001,FIJTB
2528688124,1827633,3,pelvis,swing,-0.8586,-0.2349,-0.3960,-0.2441,-13.0615,7.8735,t001,FIJTB
2528688126,1827649,3,pelvis,swing,-0.8549,-0.2445,-0.3934,-0.9155,-13.4277,5.9814,t001,FIJTB
2528688127,1827665,3,pelvis,swing,-0.8560,-0.1960,-0.4484,0.9766,-14.7705,2.4414,t001,FIJTB
2528688176,1827681,3,pelvis,swing,-0.8230,-0.0490,-0.5360,13.0005,-16.1133,-6.4697,t001,FIJTB
2528688177,1827697,3,pelvis,swing,-0.7997,0.0195,-0.5533,33.2642,-15.7471,-1.7090,t001,FIJTB
2528688177,1827713,3,pelvis,swing,-0.8096,0.0259,-0.5198,40.5884,-16.9678,10.9253,t001,FIJTB
2528688224,1827728,3,pelvis,swing,-0.8104,-0.0448,-0.5140,48.2178,-26.3062,44.6167,t001,FIJTB
2528688225,1827744,3,pelvis,swing,-0.7599,-0.2490,-0.5532,50.4150,-31.6772,55.6641,t001,FIJTB
2528688225,1827760,3,pelvis,swing,-0.7610,-0.3641,-0.5610,47.2412,-35.2173,61.1572,t001,FIJTB
2528688275,1827776,3,pelvis,swing,-0.8584,-0.5393,-0.5190,41.6870,-35.2173,58.4106,t001,FIJTB
2528688275,1827792,3,pelvis,swing,-0.9318,-0.5171,-0.4996,30.5176,-35.0342,33.8135,t001,FIJTB
2528688276,1827808,3,pelvis,swing,-0.9025,-0.4109,-0.5062,25.6348,-27.7100,-7.5073,t001,FIJTB
2528688323,1827824,3,pelvis,swing,-0.7688,-0.1544,-0.4838,22.2168,-22.4609,-19.5923,t001,FIJTB
2528688323,1827840,3,pelvis,swing,-0.7379,-0.0771,-0.4629,15.0757,-16.9678,-15.5029,t001,FIJTB
2528688324,1827856,3,pelvis,swing,-0.7759,-0.0585,-0.4801,14.3433,-18.4326,-3.9673,t001,FIJTB
2528688375,1827872,3,pelvis,swing,-0.8433,-0.1674,-0.6080,17.3340,-22.4609,18.6768,t001,FIJTB
2528688375,1827888,3,pelvis,swing,-0.8834,-0.2139,-0.6527,19.1650,-14.7705,19.2871,t001,FIJTB
2528688376,1827904,3,pelvis,swing,-0.8597,-0.2097,-0.6445,20.9961,-9.5215,12.5732,t001,FIJTB
2528688421,1827920,3,pelvis,swing,-0.8011,-0.1686,-0.6191,25.2686,-4.6387,2.1973,t001,FIJTB
2528688423,1827936,3,pelvis,swing,-0.7137,-0.1184,-0.5878,25.4517,-4.3945,3.2959,t001,FIJTB
2528688425,1827952,3,pelvis,swing,-0.7102,-0.1685,-0.5792,22.4609,-4.4556,12.0239,t001,FIJTB
2528688474,1827968,3,pelvis,swing,-0.7208,-0.2035,-0.5773,19.7754,-4.2725,13.6719,t001,FIJTB
2528688475,1827984,3,pelvis,swing,-0.7567,-0.2244,-0.5961,18.9209,-4.6997,10.3760,t001,FIJTB
2528688475,1828000,3,pelvis,swing,-0.7664,-0.2186,-0.6204,16.6016,-5.6763,4.0283,t001,FIJTB
2528688498,1828016,3,pelvis,swing,-0.7678,-0.2236,-0.6659,13.3667,-4.8218,2.6855,t001,FIJTB
2528688521,1828032,3,pelvis,swing,-0.7737,-0.2404,-0.6716,2.6855,-2.1973,0.3052,t001,FIJTB
2528688524,1828048,3,pelvis,swing,-0.7725,-0.2557,-0.6665,-6.1646,-1.7090,-6.8970,t001,FIJTB
2528688530,1828064,3,pelvis,swing,-0.7406,-0.1876,-0.6521,-8.1177,-2.1362,-10.9863,t001,FIJTB
2528688573,1828080,3,pelvis,swing,-0.7332,-0.1486,-0.6366,-9.2163,-3.0518,-12.4512,t001,FIJTB
2528688574,1828097,3,pelvis,swing,-0.7649,-0.1398,-0.5928,-10.2539,-3.1128,-8.8501,t001,FIJTB
2528688574,1828113,3,pelvis,swing,-0.8269,-0.1765,-0.5785,-11.9019,-2.9907,-3.1128,t001,FIJTB
2528688622,1828129,3,pelvis,swing,-0.8475,-0.1696,-0.5773,-9.2163,-0.9155,-7.6904,t001,FIJTB
2528688622,1828145,3,pelvis,swing,-0.8341,-0.1361,-0.5520,-7.4463,1.2817,-9.6436,t001,FIJTB
2528688623,1828161,3,pelvis,swing,-0.8213,-0.1360,-0.5309,-7.2632,4.4556,-7.4463,t001,FIJTB
2528688673,1828177,3,pelvis,swing,-0.8265,-0.1567,-0.5167,-7.6904,4.0894,-4.5166,t001,FIJTB
2528688673,1828193,3,pelvis,swing,-0.8158,-0.1552,-0.5695,-4.8828,1.8921,-1.2817,t001,FIJTB
2528688674,1828209,3,pelvis,swing,-0.8003,-0.1389,-0.6006,0.8545,3.4180,-2.5635,t001,FIJTB
2528688719,1828225,3,pelvis,swing,-0.7581,-0.1024,-0.6176,3.2349,4.7607,-2.0142,t001,FIJTB
2528688721,1828241,3,pelvis,swing,-0.7469,-0.1053,-0.6237,8.4229,4.3945,4.0283,t001,FIJTB
2528688722,1828257,3,pelvis,swing,-0.7466,-0.1582,-0.6499,10.3149,3.8452,7.1411,t001,FIJTB
2528688771,1828273,3,pelvis,swing,-0.7480,-0.1855,-0.6503,10.1318,4.8218,7.0190,t001,FIJTB
2528688772,1828289,3,pelvis,swing,-0.7531,-0.1887,-0.6383,9.4604,4.7607,4.7607,t001,FIJTB
2528688772,1828305,3,pelvis,swing,-0.7653,-0.1488,-0.6561,10.8643,2.1973,2.1973,t001,FIJTB
2528688816,1828320,3,pelvis,swing,-0.7748,-0.1414,-0.6488,12.8784,1.1597,7.6294,t001,FIJTB
2528688819,1828336,3,pelvis,swing,-0.7754,-0.1932,-0.5898,12.1460,0.8545,12.1460,t001,FIJTB
2528688819,1828352,3,pelvis,swing,-0.7723,-0.2382,-0.5675,7.7515,-1.5869,14.9536,t001,FIJTB
2528688868,1828368,3,pelvis,swing,-0.7867,-0.2925,-0.5577,5.2490,-2.7466,11.6577,t001,FIJTB
2528688868,1828385,3,pelvis,swing,-0.7985,-0.2493,-0.5573,0.7935,-3.4180,1.4648,t001,FIJTB
2528688868,1828401,3,pelvis,swing,-0.7985,-0.2069,-0.5522,-1.8921,-2.0142,-4.8218,t001,FIJTB
2528688913,1828417,3,pelvis,swing,-0.8085,-0.1455,-0.5299,-2.8076,-1.1597,-5.4321,t001,FIJTB
2528688915,1828433,3,pelvis,swing,-0.8138,-0.1389,-0.5250,-4.7607,-1.0376,-2.9297,t001,FIJTB
2528688916,1828449,3,pelvis,swing,-0.8206,-0.1617,-0.5353,-5.8594,-1.1597,-1.4038,t001,FIJTB
2528688963,1828465,3,pelvis,swing,-0.8263,-0.1790,-0.5310,-8.3618,-0.6104,-0.7324,t001,FIJTB
2528688963,1828481,3,pelvis,swing,-0.8263,-0.1732,-0.5304,-9.3994,-0.6714,-2.8076,t001,FIJTB
2528688964,1828497,3,pelvis,swing,-0.8126,-0.1475,-0.5435,-9.1553,-0.6104,-3.3569,t001,FIJTB
2528689009,1828514,3,pelvis,swing,-0.8059,-0.1451,-0.5419,-9.3384,0.7935,-1.7700,t001,FIJTB
2528689010,1828530,3,pelvis,swing,-0.8070,-0.1768,-0.5258,-9.7656,1.2817,-0.3662,t001,FIJTB
2528689010,1828546,3,pelvis,swing,-0.8146,-0.2140,-0.5304,-9.6436,2.0752,0.7324,t001,FIJTB
2528689057,1828562,3,pelvis,swing,-0.8103,-0.2219,-0.5371,-9.5215,2.7466,-2.1973,t001,FIJTB
2528689058,1828578,3,pelvis,swing,-0.7954,-0.2224,-0.5435,-10.0708,2.7466,-4.2725,t001,FIJTB
2528689058,1828594,3,pelvis,swing,-0.7893,-0.2141,-0.5477,-13.0005,2.1973,-8.4839,t001,FIJTB
2528689103,1828610,3,pelvis,swing,-0.7831,-0.1725,-0.5664,-13.6108,1.8921,-10.0098,t001,FIJTB
2528689104,1828626,3,pelvis,swing,-0.7759,-0.1495,-0.5663,-12.3901,1.5869,-7.3853,t001,FIJTB
2528689104,1828642,3,pelvis,swing,-0.7830,-0.1615,-0.5569,-11.5356,1.2817,-1.1597,t001,FIJTB
2528689153,1828658,3,pelvis,swing,-0.8207,-0.2021,-0.5549,-11.0474,1.4038,-0.3662,t001,FIJTB
2528689154,1828674,3,pelvis,swing,-0.8278,-0.2113,-0.5590,-10.0708,3.7231,-4.2725,t001,FIJTB
2528689154,1828691,3,pelvis,swing,-0.7997,-0.1990,-0.5439,-10.2539,4.9438,-5.9814,t001,FIJTB
2528689198,1828707,3,pelvis,swing,-0.7788,-0.1897,-0.5419,-12.5122,4.6387,-5.7983,t001,FIJTB
2528689200,1828723,3,pelvis,swing,-0.7842,-0.1890,-0.5541,-12.5732,3.4180,-4.8828,t001,FIJTB
2528689201,1828739,3,pelvis,swing,-0.8011,-0.1947,-0.5692,-11.9019,3.7231,-3.9673,t001,FIJTB
2528689249,1828755,3,pelvis,swing,-0.8025,-0.2030,-0.5729,-10.8032,3.9062,-3.9673,t001,FIJTB
2528689249,1828771,3,pelvis,swing,-0.7925,-0.2108,-0.5840,-10.1318,3.9062,-5.4321,t001,FIJTB
2528689250,1828787,3,pelvis,swing,-0.7772,-0.2019,-0.5842,-8.4229,4.9438,-7.2632,t001,FIJTB
2528689296,1828804,3,pelvis,swing,-0.7749,-0.2029,-0.5715,-6.9580,6.8970,-4.8218,t001,FIJTB
2528689297,1828820,3,pelvis,swing,-0.7908,-0.1987,-0.5459,-6.5918,7.5073,-4.8218,t001,FIJTB
2528689297,1828836,3,pelvis,swing,-0.7950,-0.1792,-0.5507,-3.3569,7.2021,-10.1318,t001,FIJTB
2528689347,1828852,3,pelvis,swing,-0.7913,-0.1311,-0.5660,0.5493,7.1411,-7.9346,t001,FIJTB
2528689348,1828868,3,pelvis,swing,-0.7996,-0.1597,-0.5375,0.6714,7.0190,-3.1738,t001,FIJTB
2528689348,1828884,3,pelvis,swing,-0.8187,-0.1924,-0.5311,0.3662,5.2490,1.8311,t001,FIJTB
2528689393,1828900,3,pelvis,swing,-0.8434,-0.2056,-0.5603,1.8311,5.0659,-0.4883,t001,FIJTB
2528689395,1828916,3,pelvis,swing,-0.8234,-0.1871,-0.5696,6.2256,6.8359,-6.1035,t001,FIJTB
2528689396,1828932,3,pelvis,swing,-0.7609,-0.2010,-0.5508,6.8359,6.4087,-3.9673,t001,FIJTB
2528689413,1828948,3,pelvis,swing,-0.7709,-0.2721,-0.5532,4.3335,1.2207,4.2114,t001,FIJTB
2528689445,1828964,3,pelvis,swing,-0.7994,-0.2716,-0.5627,5.3711,-0.8545,-2.8687,t001,FIJTB
2528689445,1828980,3,pelvis,swing,-0.8256,-0.1666,-0.5438,8.4839,0.0610,-9.8877,t001,FIJTB
2528689493,1828996,3,pelvis,swing,-0.8239,-0.1163,-0.5153,13.5498,1.0986,-11.5967,t001,FIJTB
2528689494,1829012,3,pelvis,swing,-0.8281,-0.1361,-0.4473,14.3433,-0.2441,-4.4556,t001,FIJTB
2528689494,1829028,3,pelvis,swing,-0.8530,-0.2426,-0.4237,14.7095,-4.8218,8.1177,t001,FIJTB
2528689542,1829044,3,pelvis,swing,-0.8591,-0.2639,-0.4240,15.7471,-5.2490,0.6714,t001,FIJTB
2528689543,1829060,3,pelvis,swing,-0.8483,-0.2224,-0.4106,15.5640,-4.5166,-5.4932,t001,FIJTB
2528689543,1829076,3,pelvis,swing,-0.8448,-0.1868,-0.4017,14.2212,-5.3101,-9.4604,t001,FIJTB
2528689589,1829092,3,pelvis,swing,-0.8479,-0.1265,-0.4003,14.7095,-6.7749,-8.1177,t001,FIJTB
2528689591,1829108,3,pelvis,swing,-0.8478,-0.1123,-0.4174,18.5547,-8.6060,-4.5166,t001,FIJTB
2528689591,1829124,3,pelvis,swing,-0.8453,-0.1278,-0.4215,22.3999,-9.0942,0.5493,t001,FIJTB
2528689640,1829140,3,pelvis,swing,-0.8364,-0.1709,-0.4414,23.2544,-10.2539,2.3193,t001,FIJTB
2528689641,1829156,3,pelvis,swing,-0.8324,-0.1783,-0.4663,24.4141,-14.4653,0.3052,t001,FIJTB
2528689641,1829172,3,pelvis,swing,-0.8152,-0.1545,-0.5482,25.5737,-17.2119,-1.9531,t001,FIJTB
2528689686,1829188,3,pelvis,swing,-0.7850,-0.1057,-0.6602,29.2358,-23.9868,-4.8828,t001,FIJTB
2528689688,1829204,3,pelvis,swing,-0.7764,-0.0813,-0.7134,33.8135,-33.0200,-4.8828,t001,FIJTB
2528689688,1829221,3,pelvis,swing,-0.8108,-0.0541,-0.8060,35.9497,-37.3535,-3.1128,t001,FIJTB
2528689736,1829237,3,pelvis,swing,-0.8621,-0.0454,-0.8376,39.4897,-41.0156,0.2441,t001,FIJTB
2528689736,1829253,3,pelvis,swing,-1.0295,-0.0237,-0.8108,40.7715,-38.2690,0.9155,t001,FIJTB
2528689737,1829269,3,pelvis,swing,-1.1835,0.0106,-0.6189,41.0156,-21.1182,0.2441,t001,FIJTB
2528689781,1829284,3,pelvis,swing,-1.1882,0.0208,-0.5195,36.3159,1.5259,-2.2583,t001,FIJTB
2528689783,1829300,3,pelvis,swing,-1.0100,0.0220,-0.3999,32.2876,9.9487,-1.8921,t001,FIJTB
2528689783,1829316,3,pelvis,swing,-0.8982,0.0068,-0.3645,27.1606,11.9019,4.0283,t001,FIJTB
2528689830,1829332,3,pelvis,swing,-0.7732,-0.0591,-0.3845,26.4893,4.7607,9.3384,t001,FIJTB
2528689831,1829348,3,pelvis,swing,-0.7383,-0.1075,-0.4733,21.4844,-11.5356,17.7002,t001,FIJTB
2528689831,1829364,3,pelvis,swing,-0.6777,-0.1925,-0.6600,16.7236,-15.1978,18.0054,t001,FIJTB
2528689877,1829380,3,pelvis,swing,-0.6027,-0.2012,-0.7904,10.3760,-19.4702,11.3525,t001,FIJTB
2528689878,1829396,3,pelvis,swing,-0.6052,-0.1616,-0.8286,13.1226,-23.1323,-1.0376,t001,FIJTB
2528689878,1829412,3,pelvis,swing,-0.8834,-0.0571,-0.6935,14.9536,-14.4043,-5.9814,t001,FIJTB
2528689926,1829428,3,pelvis,swing,-0.9589,-0.0601,-0.5675,6.9580,20.0195,-5.7983,t001,FIJTB
2528689926,1829444,3,pelvis,swing,-0.9462,-0.0963,-0.3517,-0.5493,33.5693,-7.7515,t001,FIJTB
2528689926,1829460,3,pelvis,swing,-0.8806,-0.0081,-0.3737,-1.4648,39.4287,-21.7895,t001,FIJTB
2528689971,1829476,3,pelvis,swing,-0.8475,0.0488,-0.4161,6.6528,41.8701,-21.0571,t001,FIJTB
2528689973,1829492,3,pelvis,swing,-0.8010,0.0432,-0.4265,7.3853,43.2129,-8.7280,t001,FIJTB
2528689973,1829508,3,pelvis,swing,-0.8214,-0.0203,-0.4537,3.4790,38.5742,13.9160,t001,FIJTB
2528690022,1829524,3,pelvis,swing,-0.8761,-0.1189,-0.5864,0.9766,36.6821,12.3901,t001,FIJTB
2528690022,1829540,3,pelvis,swing,-0.8710,-0.0330,-0.6658,1.5259,39.9780,-8.6670,t001,FIJTB
2528690022,1829556,3,pelvis,swing,-0.8574,0.0459,-0.6678,6.5918,50.5371,-17.2119,t001,FIJTB
2528690067,1829572,3,pelvis,swing,-0.8169,0.1246,-0.5996,8.9722,56.3354,-11.7798,t001,FIJTB
2528690069,1829588,3,pelvis,swing,-0.8068,0.1016,-0.5549,15.2588,59.8144,3.6011,t001,FIJTB
2528690070,1829604,3,pelvis,swing,-0.8309,-0.0052,-0.5369,19.1040,57.5561,7.6294,t001,FIJTB
2528690118,1829620,3,pelvis,swing,-0.8416,-0.0865,-0.5448,24.1089,55.4199,7.3853,t001,FIJTB
2528690119,1829636,3,pelvis,swing,-0.8169,-0.0967,-0.5599,18.6157,55.5420,-0.7324,t001,FIJTB
2528690120,1829652,3,pelvis,swing,-0.7739,-0.0278,-0.6085,16.4185,53.6499,-7.6294,t001,FIJTB
2528690164,1829668,3,pelvis,swing,-0.7676,0.0277,-0.6279,19.1650,48.8892,-13.6108,t001,FIJTB
2528690164,1829684,3,pelvis,swing,-0.7847,0.0592,-0.6130,21.7895,47.9126,-9.3994,t001,FIJTB
2528690167,1829700,3,pelvis,swing,-0.8167,-0.0476,-0.5354,21.4233,48.9502,4.1504,t001,FIJTB
2528690216,1829716,3,pelvis,swing,-0.7614,-0.1129,-0.5277,16.4795,42.6636,2.8687,t001,FIJTB
2528690216,1829732,3,pelvis,swing,-0.6360,-0.0640,-0.5736,17.9443,34.7900,-6.5918,t001,FIJTB
2528690217,1829748,3,pelvis,swing,-0.6805,0.0280,-0.5679,28.3813,23.0713,-20.5688,t001,FIJTB
2528690264,1829764,3,pelvis,swing,-0.8187,0.0692,-0.4598,28.3813,23.7427,-12.8784,t001,FIJTB
2528690264,1829780,3,pelvis,swing,-0.8516,0.0016,-0.3914,11.1084,26.3062,12.3901,t001,FIJTB
2528690264,1829796,3,pelvis,swing,-0.8367,-0.1476,-0.3278,-1.1597,18.2495,7.7515,t001,FIJTB
2528690313,1829813,3,pelvis,swing,-0.8187,-0.1105,-0.3214,1.2207,11.4746,-5.0049,t001,FIJTB
2528690314,1829829,3,pelvis,swing,-0.8583,-0.0481,-0.3398,8.6060,0.9155,-15.3809,t001,FIJTB
2528690315,1829845,3,pelvis,swing,-0.9066,-0.0203,-0.4027,5.4932,-0.1831,-7.4463,t001,FIJTB
2528690361,1829861,3,pelvis,swing,-0.8333,-0.0955,-0.3705,-7.6294,3.6011,9.3384,t001,FIJTB
2528690362,1829877,3,pelvis,swing,-0.8152,-0.1276,-0.3351,-10.3760,5.6763,9.5825,t001,FIJTB
2528690362,1829893,3,pelvis,swing,-0.7598,-0.1042,-0.3453,-7.5073,3.6621,3.1128,t001,FIJTB
2528690412,1829909,3,pelvis,swing,-0.7333,-0.0518,-0.3809,0.7324,-1.2817,-6.1646,t001,FIJTB
2528690412,1829925,3,pelvis,swing,-0.7157,0.0702,-0.4604,4.5776,-5.4932,-1.0986,t001,FIJTB
2528690413,1829941,3,pelvis,swing,-0.7715,0.1072,-0.4900,14.8315,-15.1978,13.9160,t001,FIJTB
2528690458,1829957,3,pelvis,swing,-0.9119,0.0204,-0.5173,14.5874,-13.7329,28.7476,t001,FIJTB
2528690460,1829973,3,pelvis,swing,-0.9502,-0.1431,-0.5270,5.6763,-11.0474,27.5879,t001,FIJTB
2528690460,1829989,3,pelvis,swing,-0.9924,-0.1519,-0.5326,-6.2866,-16.4185,-8.1177,t001,FIJTB
2528690509,1830005,3,pelvis,swing,-1.0721,-0.0062,-0.6099,-7.8125,-21.7895,-25.1465,t001,FIJTB
2528690509,1830022,3,pelvis,swing,-1.0221,0.0786,-0.5978,-19.8975,-15.5029,-21.8506,t001,FIJTB
2528690510,1830038,3,pelvis,swing,-0.9404,0.0486,-0.5084,-32.7759,-2.0142,7.5073,t001,FIJTB
2528690556,1830054,3,pelvis,swing,-0.7758,-0.0391,-0.3909,-31.0059,-3.7842,16.4185,t001,FIJTB
2528690558,1830071,3,pelvis,swing,-0.7535,-0.0513,-0.4137,-17.3950,-17.7612,18.4326,t001,FIJTB
2528690558,1830087,3,pelvis,swing,-0.8226,-0.0684,-0.4940,-12.7563,-21.2402,16.7847,t001,FIJTB
2528690608,1830103,3,pelvis,swing,-0.8574,-0.1672,-0.4768,-16.9678,-16.2964,13.8550,t001,FIJTB
2528690608,1830119,3,pelvis,swing,-0.8535,-0.2128,-0.4578,-27.4658,-13.7939,-0.0610,t001,FIJTB
2528690609,1830135,3,pelvis,swing,-0.8547,-0.1577,-0.4894,-29.7241,-15.6860,-10.0098,t001,FIJTB
2528690654,1830151,3,pelvis,swing,-0.8583,-0.0811,-0.5148,-29.4189,-14.7705,-18.0054,t001,FIJTB
2528690654,1830167,3,pelvis,swing,-0.8694,0.0198,-0.5077,-27.8931,-12.3901,-14.4653,t001,FIJTB
2528690656,1830183,3,pelvis,swing,-0.8881,0.0275,-0.5128,-20.4468,-11.1084,-4.0283,t001,FIJTB
2528690698,1830200,3,pelvis,swing,-0.9006,0.0238,-0.5314,-9.8877,-9.8267,1.5869,t001,FIJTB
2528690706,1830216,3,pelvis,swing,-0.9028,0.0187,-0.5374,-5.4932,-7.2632,3.6011,t001,FIJTB
2528690707,1830232,3,pelvis,swing,-0.8856,0.0139,-0.5173,2.5635,-2.7466,8.9111,t001,FIJTB
2528690715,1830248,3,pelvis,swing,-0.8569,-0.0123,-0.4871,7.2632,-2.5024,12.3291,t001,FIJTB
2528690754,1830264,3,pelvis,swing,-0.8556,-0.0737,-0.4868,15.1978,-2.7466,17.7612,t001,FIJTB
2528690755,1830280,3,pelvis,swing,-0.8546,-0.1129,-0.4850,17.0898,-1.2207,18.0664,t001,FIJTB
2528690756,1830296,3,pelvis,swing,-0.8560,-0.1666,-0.4766,16.2354,-1.1597,15.3809,t001,FIJTB
2528690805,1830312,3,pelvis,swing,-0.8632,-0.1698,-0.4766,12.5732,-2.1362,7.3242,t001,FIJTB
2528690806,1830328,3,pelvis,swing,-0.8668,-0.1414,-0.4802,10.0098,-2.1973,4.0894,t001,FIJTB
2528690806,1830344,3,pelvis,swing,-0.8640,-0.1041,-0.4673,5.5542,-1.4648,1.0986,t001,FIJTB
2528690852,1830360,3,pelvis,swing,-0.8713,-0.0903,-0.4647,4.6997,-1.1597,-0.1831,t001,FIJTB
2528690854,1830376,3,pelvis,swing,-0.8926,-0.0712,-0.4760,5.6152,-0.6714,-0.6714,t001,FIJTB
2528690855,1830393,3,pelvis,swing,-0.9003,-0.0658,-0.4799,6.8359,1.7700,-0.5493,t001,FIJTB
2528690906,1830409,3,pelvis,swing,-0.9025,-0.0571,-0.4829,6.4697,3.2349,-0.3662,t001,FIJTB
2528690906,1830425,3,pelvis,swing,-0.8881,-0.0426,-0.4830,5.5542,5.8594,0.0610,t001,FIJTB
2528690907,1830441,3,pelvis,swing,-0.8760,-0.0348,-0.4835,6.1646,7.3242,1.2817,t001,FIJTB
2528690954,1830457,3,pelvis,swing,-0.8514,-0.0399,-0.4872,7.2632,6.8970,2.5024,t001,FIJTB
2528690955,1830473,3,pelvis,swing,-0.8436,-0.0582,-0.4923,9.0332,5.1880,6.5918,t001,FIJTB
2528690955,1830489,3,pelvis,swing,-0.8374,-0.1150,-0.4950,9.3384,4.8828,8.1177,t001,FIJTB
2528691005,1830505,3,pelvis,swing,-0.8374,-0.1302,-0.4873,9.7046,4.5166,4.6387,t001,FIJTB
2528691006,1830521,3,pelvis,swing,-0.8428,-0.1140,-0.4827,9.4604,4.1504,-0.9766,t001,FIJTB
2528691006,1830537,3,pelvis,swing,-0.8536,-0.0850,-0.4659,8.6670,4.2725,-1.4648,t001,FIJTB
2528691052,1830553,3,pelvis,swing,-0.8610,-0.0836,-0.4568,6.5308,4.2114,-0.7324,t001,FIJTB
2528691054,1830569,3,pelvis,swing,-0.8892,-0.0868,-0.4500,5.6152,4.2114,-1.1597,t001,FIJTB
2528691055,1830586,3,pelvis,swing,-0.9034,-0.0737,-0.4453,4.1504,5.7373,-3.8452,t001,FIJTB
2528691105,1830602,3,pelvis,swing,-0.8949,-0.0652,-0.4388,2.9907,7.5684,-5.0659,t001,FIJTB
2528691106,1830618,3,pelvis,swing,-0.8766,-0.0568,-0.4258,2.2583,7.5684,-4.4556,t001,FIJTB
2528691106,1830634,3,pelvis,swing,-0.8727,-0.0621,-0.4294,0.9766,5.3101,-2.1362,t001,FIJTB
2528691152,1830651,3,pelvis,swing,-0.8712,-0.0721,-0.4487,-0.0610,3.7842,-2.5635,t001,FIJTB
2528691155,1830667,3,pelvis,swing,-0.8655,-0.0533,-0.4553,0.2441,3.8452,-3.8452,t001,FIJTB
2528691156,1830683,3,pelvis,swing,-0.8606,-0.0385,-0.4507,2.9907,4.3335,-4.0283,t001,FIJTB
2528691187,1830699,3,pelvis,swing,-0.8624,-0.0333,-0.4358,4.6387,3.7842,-1.9531,t001,FIJTB
2528691206,1830715,3,pelvis,swing,-0.8965,-0.0602,-0.4385,6.1646,1.3428,2.1973,t001,FIJTB
2528691207,1830731,3,pelvis,swing,-0.9113,-0.0704,-0.4437,6.5918,1.6479,0.8545,t001,FIJTB
2528691207,1830747,3,pelvis,swing,-0.9089,-0.0598,-0.4348,7.4463,2.8687,-1.2207,t001,FIJTB
2528691254,1830763,3,pelvis,swing,-0.9044,-0.0472,-0.4196,9.1553,4.4556,-2.3193,t001,FIJTB
2528691254,1830779,3,pelvis,swing,-0.9128,-0.0442,-0.3895,9.0942,4.2725,-0.7324,t001,FIJTB
2528691257,1830795,3,pelvis,swing,-0.9236,-0.0537,-0.3818,8.0566,3.6011,1.0376,t001,FIJTB
2528691307,1830811,3,pelvis,swing,-0.9402,-0.0670,-0.3820,6.3477,5.2490,-2.5635,t001,FIJTB
2528691307,1830827,3,pelvis,swing,-0.9329,-0.0531,-0.3667,5.1270,6.7749,-4.7607,t001,FIJTB
2528691307,1830843,3,pelvis,swing,-0.9250,-0.0426,-0.3535,3.0518,8.6060,-6.2866,t001,FIJTB
2528691354,1830859,3,pelvis,swing,-0.9272,-0.0345,-0.3451,2.3193,8.6670,-5.7983,t001,FIJTB
2528691356,1830875,3,pelvis,swing,-0.9368,-0.0356,-0.3522,1.7700,9.3994,-5.7373,t001,FIJTB
2528691357,1830891,3,pelvis,swing,-0.9517,-0.0375,-0.3623,2.1362,10.6201,-6.7749,t001,FIJTB
2528691407,1830907,3,pelvis,swing,-0.9359,-0.0308,-0.3679,3.1128,13.2446,-9.2773,t001,FIJTB
2528691408,1830924,3,pelvis,swing,-0.9248,-0.0264,-0.3765,3.3569,13.6719,-11.1084,t001,FIJTB
2528691408,1830939,3,pelvis,swing,-0.9274,-0.0144,-0.4059,3.7842,13.4888,-11.4746,t001,FIJTB
2528691456,1830956,3,pelvis,swing,-0.9346,-0.0090,-0.4229,4.1504,14.8315,-10.0098,t001,FIJTB
2528691457,1830972,3,pelvis,swing,-0.9203,-0.0093,-0.4512,3.0518,18.9209,-7.1411,t001,FIJTB
2528691457,1830988,3,pelvis,swing,-0.8591,-0.0245,-0.4766,3.2349,19.9585,-6.7139,t001,FIJTB
2528691507,1831004,3,pelvis,swing,-0.8289,-0.0265,-0.4962,6.4697,18.3716,-8.3008,t001,FIJTB
2528691508,1831020,3,pelvis,swing,-0.8077,-0.0026,-0.5469,9.1553,17.1509,-8.3008,t001,FIJTB
2528691508,1831036,3,pelvis,swing,-0.8335,0.0129,-0.5590,15.5029,17.1509,-3.7842,t001,FIJTB
2528691554,1831052,3,pelvis,swing,-0.8551,-0.0060,-0.5513,20.5078,17.6392,1.7090,t001,FIJTB
2528691557,1831068,3,pelvis,swing,-0.8984,-0.0669,-0.5352,21.5454,17.6392,2.8076,t001,FIJTB
2528691557,1831084,3,pelvis,swing,-0.9026,-0.0822,-0.5275,20.2026,17.9443,0.3052,t001,FIJTB
2528691588,1831100,3,pelvis,swing,-0.8912,-0.0593,-0.5072,18.3716,17.8833,-2.5635,t001,FIJTB
2528691607,1831116,3,pelvis,swing,-0.8969,-0.0266,-0.5026,15.0757,16.9678,-8.6060,t001,FIJTB
2528691608,1831132,3,pelvis,swing,-0.9506,0.0494,-0.4882,14.3433,17.8223,-10.4980,t001,FIJTB
2528691608,1831148,3,pelvis,swing,-0.9827,0.0823,-0.4058,13.3667,25.3906,-9.0332,t001,FIJTB
2528691654,1831164,3,pelvis,swing,-0.9603,0.0721,-0.3596,11.1694,32.6538,-2.3804,t001,FIJTB
2528691656,1831180,3,pelvis,swing,-0.9034,0.0411,-0.2998,10.6812,31.8603,-1.2207,t001,FIJTB
2528691657,1831196,3,pelvis,swing,-0.9097,0.0447,-0.2922,14.8315,21.8506,-4.6997,t001,FIJTB
2528691707,1831212,3,pelvis,swing,-0.9578,0.0718,-0.3093,18.3716,17.0898,-5.0659,t001,FIJTB
2528691708,1831228,3,pelvis,swing,-0.9858,0.0653,-0.2930,24.2310,15.1978,3.4180,t001,FIJTB
2528691708,1831244,3,pelvis,swing,-0.9878,0.0557,-0.2628,28.2593,17.7002,12.5732,t001,FIJTB
2528691755,1831260,3,pelvis,swing,-0.9960,0.0800,-0.1836,29.7852,19.2871,13.4277,t001,FIJTB
2528691757,1831276,3,pelvis,swing,-0.9502,0.1025,-0.1710,34.6069,20.2637,14.0991,t001,FIJTB
2528691758,1831292,3,pelvis,swing,-0.7975,0.1461,-0.1931,40.4053,15.1367,17.0288,t001,FIJTB
2528691809,1831308,3,pelvis,swing,-0.7136,0.1465,-0.2911,61.4624,-8.5449,32.4707,t001,FIJTB
2528691810,1831324,3,pelvis,swing,-0.7142,0.0988,-0.3622,73.3032,-28.8696,59.5093,t001,FIJTB
2528691810,1831340,3,pelvis,swing,-0.7687,-0.1138,-0.4547,69.5190,-30.4565,67.4438,t001,FIJTB
2528691857,1831356,3,pelvis,swing,-0.7961,-0.2195,-0.4453,45.2881,-19.2261,52.7954,t001,FIJTB
2528691860,1831372,3,pelvis,swing,-0.7263,-0.2784,-0.3806,31.4331,-16.9067,35.2783,t001,FIJTB
2528691860,1831388,3,pelvis,swing,-0.6703,-0.1063,-0.4419,13.8550,-31.8603,7.3242,t001,FIJTB
2528691911,1831404,3,pelvis,swing,-0.6948,-0.0029,-0.4995,7.9956,-47.3633,6.5918,t001,FIJTB
2528691912,1831420,3,pelvis,swing,-0.7720,0.0742,-0.5559,9.0942,-49.5605,13.3667,t001,FIJTB
2528691912,1831436,3,pelvis,swing,-0.7980,0.0405,-0.5537,14.8926,-49.8047,27.0386,t001,FIJTB
2528691913,1831452,3,pelvis,swing,-0.8361,-0.0638,-0.5179,15.5029,-50.5371,30.3955,t001,FIJTB
2528691962,1831468,3,pelvis,swing,-0.8638,-0.0916,-0.4899,9.2773,-53.4058,26.1841,t001,FIJTB
2528691962,1831484,3,pelvis,swing,-0.9167,-0.0907,-0.4603,5.7373,-54.9927,21.4844,t001,FIJTB
2528691962,1831500,3,pelvis,swing,-0.9235,-0.0459,-0.4858,3.6011,-56.0303,16.3574,t001,FIJTB
2528692014,1831516,3,pelvis,swing,-0.9232,-0.0182,-0.4872,5.3101,-52.7344,15.1367,t001,FIJTB
2528692015,1831532,3,pelvis,swing,-0.9324,-0.0026,-0.4751,6.6528,-51.2695,15.3809,t001,FIJTB
2528692015,1831549,3,pelvis,swing,-0.9314,-0.0146,-0.4885,8.5449,-49.7436,16.1743,t001,FIJTB
2528692065,1831565,3,pelvis,swing,-0.9224,-0.0151,-0.5236,9.3994,-48.6450,15.6250,t001,FIJTB
2528692065,1831580,3,pelvis,swing,-0.9014,-0.0049,-0.5441,11.8408,-45.9595,14.7705,t001,FIJTB
2528692066,1831597,3,pelvis,swing,-0.8906,-0.0212,-0.5466,12.3291,-41.9311,16.3574,t001,FIJTB
2528692116,1831613,3,pelvis,swing,-0.8699,-0.0402,-0.5271,11.5356,-39.0015,14.2212,t001,FIJTB
2528692116,1831629,3,pelvis,swing,-0.8674,-0.0293,-0.5222,9.5825,-33.8135,8.1787,t001,FIJTB
2528692116,1831645,3,pelvis,swing,-0.8778,-0.0302,-0.5275,5.9814,-27.2827,6.4697,t001,FIJTB
2528692163,1831662,3,pelvis,swing,-0.9058,-0.0597,-0.5146,4.7607,-21.6675,7.1411,t001,FIJTB
2528692164,1831678,3,pelvis,swing,-0.8856,-0.0677,-0.5153,3.6621,-11.5967,6.7749,t001,FIJTB
2528692165,1831694,3,pelvis,swing,-0.8479,0.0034,-0.5510,5.1880,-10.0708,3.9062,t001,FIJTB
2528692214,1831709,3,pelvis,swing,-0.8495,0.0497,-0.5792,12.2681,-6.2256,2.0142,t001,FIJTB
2528692215,1831725,3,pelvis,swing,-0.9117,0.0491,-0.5928,16.1743,-1.2207,6.0425,t001,FIJTB
2528692215,1831741,3,pelvis,swing,-1.3473,-0.0575,-0.3073,11.1084,27.2827,19.1040,t001,FIJTB
2528692260,1831757,3,pelvis,swing,-1.3073,-0.2421,-0.2957,-7.1411,62.5610,28.0762,t001,FIJTB
2528692262,1831773,3,pelvis,swing,-1.0302,-0.3677,-0.4730,-8.3618,60.3638,25.8789,t001,FIJTB
2528692263,1831789,3,pelvis,swing,-0.9601,-0.2178,-0.5580,20.8740,38.4521,21.1792,t001,FIJTB
2528692287,1831805,3,pelvis,swing,-0.7065,-0.0638,-0.6721,30.8838,34.6680,26.6724,t001,FIJTB
2528692311,1831821,3,pelvis,swing,-0.5258,-0.2347,-0.7643,2.7466,31.0669,20.3247,t001,FIJTB
2528692312,1831837,3,pelvis,swing,-0.5177,-0.2361,-0.8192,-41.3818,25.4517,-21.1792,t001,FIJTB
2528692355,1831853,3,pelvis,swing,-0.4662,-0.0619,-0.8638,-43.6401,24.8413,-30.8228,t001,FIJTB
2528692355,1831869,3,pelvis,swing,-0.4784,-0.0540,-0.8057,-28.8696,24.5972,4.6997,t001,FIJTB
2528692357,1831885,3,pelvis,swing,-0.8882,-0.2653,-0.4481,-28.6255,25.0244,32.6538,t001,FIJTB
2528692406,1831901,3,pelvis,swing,-1.4637,-0.4960,-0.2432,-50.5981,24.7192,34.9731,t001,FIJTB
2528692407,1831918,3,pelvis,swing,-1.5892,-0.4681,-0.2961,-81.2378,20.4468,-40.4053,t001,FIJTB
2528692407,1831934,3,pelvis,swing,-1.1637,-0.0039,-0.5199,-87.2192,24.5972,-76.9043,t001,FIJTB
2528692452,1831950,3,pelvis,swing,-0.8882,0.1935,-0.4902,-82.3364,44.7998,-75.2563,t001,FIJTB
2528692452,1831966,3,pelvis,swing,-0.6271,0.1732,-0.2578,-74.0356,45.4102,-38.6353,t001,FIJTB
2528692454,1831982,3,pelvis,swing,-0.7064,-0.1849,-0.2806,-33.6914,19.6533,31.6772,t001,FIJTB
2528692486,1831998,3,pelvis,swing,-0.8170,-0.3308,-0.3414,-1.2817,9.2163,24.9023,t001,FIJTB
2528692503,1832014,3,pelvis,swing,-0.9377,-0.2273,-0.3584,4.7607,13.1226,-0.9155,t001,FIJTB
2528692504,1832030,3,pelvis,swing,-0.9240,-0.0375,-0.3424,9.5825,22.6440,-30.9448,t001,FIJTB
2528692548,1832046,3,pelvis,swing,-0.9287,0.1825,-0.3025,11.9019,27.5269,-23.8037,t001,FIJTB
2528692551,1832061,3,pelvis,swing,-0.9602,0.0245,-0.1984,16.7847,40.3442,7.4463,t001,FIJTB
2528692552,1832077,3,pelvis,swing,-0.9763,-0.0858,-0.1206,23.4375,50.2319,18.8599,t001,FIJTB
2528692582,1832093,3,pelvis,swing,-1.0055,-0.1766,0.0051,29.5410,49.9268,14.1602,t001,FIJTB
2528692600,1832109,3,pelvis,swing,-0.9805,-0.1777,-0.0125,38.7573,36.4990,4.8218,t001,FIJTB
2528692601,1832125,3,pelvis,swing,-0.9104,-0.1625,-0.1975,38.2080,28.8696,2.8076,t001,FIJTB
2528692602,1832141,3,pelvis,swing,-0.9076,-0.1683,-0.2762,27.9541,25.5127,5.1880,t001,FIJTB
2528692648,1832157,3,pelvis,swing,-0.9456,-0.2787,-0.3215,18.1885,27.8320,9.6436,t001,FIJTB
2528692649,1832173,3,pelvis,swing,-0.9746,-0.4146,-0.3654,-1.0986,32.0435,9.4604,t001,FIJTB
2528692649,1832189,3,pelvis,swing,-0.9447,-0.4177,-0.4225,-9.2163,34.7290,-18.7988,t001,FIJTB
2528692697,1832205,3,pelvis,swing,-0.8247,-0.2556,-0.4888,-8.9722,37.4146,-34.6069,t001,FIJTB
2528692698,1832222,3,pelvis,swing,-0.7876,-0.1691,-0.4697,-6.5918,40.0391,-34.8511,t001,FIJTB
2528692698,1832238,3,pelvis,swing,-0.8124,-0.1549,-0.4391,-8.3008,36.6821,-22.7661,t001,FIJTB
2528692744,1832254,3,pelvis,swing,-0.8695,-0.2029,-0.5309,-15.5640,26.9775,-15.0757,t001,FIJTB
2528692745,1832270,3,pelvis,swing,-0.8777,-0.1796,-0.5770,-19.2261,26.6113,-32.5928,t001,FIJTB
2528692747,1832286,3,pelvis,swing,-0.8258,-0.1206,-0.6554,-18.9819,27.7710,-36.3770,t001,FIJTB
2528692794,1832303,3,pelvis,swing,-0.7532,-0.1251,-0.7351,-13.3667,27.9541,-28.9917,t001,FIJTB
2528692795,1832319,3,pelvis,swing,-0.7306,-0.1284,-0.7656,-1.0376,25.7568,-21.6675,t001,FIJTB
2528692795,1832335,3,pelvis,swing,-0.7427,-0.0989,-0.7780,6.5308,24.7803,-21.5454,t001,FIJTB
2528692839,1832351,3,pelvis,swing,-0.7721,-0.0714,-0.7452,19.4092,27.7710,-22.0947,t001,FIJTB
2528692841,1832367,3,pelvis,swing,-0.7766,-0.0126,-0.6368,23.8037,28.8696,-21.2402,t001,FIJTB
2528692842,1832383,3,pelvis,swing,-0.7659,0.0234,-0.5740,32.3486,22.9492,-21.3013,t001,FIJTB
2528692891,1832398,3,pelvis,swing,-0.8685,0.0846,-0.4073,36.7432,20.5078,-18.7988,t001,FIJTB
2528692891,1832414,3,pelvis,swing,-1.1293,0.0005,-0.1901,32.8369,30.3345,9.7046,t001,FIJTB
2528692892,1832430,3,pelvis,swing,-1.2529,-0.0803,-0.0819,11.9629,56.1523,34.4849,t001,FIJTB
2528692938,1832446,3,pelvis,swing,-1.4041,-0.1168,0.1632,8.8501,69.7021,22.2778,t001,FIJTB
2528692939,1832462,3,pelvis,swing,-1.3900,-0.0104,0.2771,27.6489,83.8623,-35.2783,t001,FIJTB
2528692939,1832478,3,pelvis,swing,-1.3003,0.3102,0.4534,39.9780,82.0312,-56.8237,t001,FIJTB
2528692987,1832494,3,pelvis,swing,-1.2900,0.4783,0.4775,48.2788,57.6782,-53.0395,t001,FIJTB
2528692988,1832510,3,pelvis,swing,-1.1472,0.4871,0.3219,42.1753,-5.3101,-13.8550,t001,FIJTB
2528692988,1832526,3,pelvis,swing,-0.8606,0.3539,-0.0454,47.9736,-38.8794,5.0049,t001,FIJTB
2528693033,1832542,3,pelvis,swing,-0.8418,0.2500,-0.1854,63.7817,-89.3555,35.5835,t001,FIJTB
2528693035,1832558,3,pelvis,swing,-0.9027,0.0156,-0.5334,71.1670,-96.8628,39.0015,t001,FIJTB
2528693036,1832574,3,pelvis,swing,-0.9529,-0.0660,-0.6240,70.1904,-51.7578,14.9536,t001,FIJTB
2528693085,1832590,3,pelvis,swing,-0.8593,-0.0144,-0.4583,54.2603,-7.9956,-6.5308,t001,FIJTB
2528693085,1832606,3,pelvis,swing,-0.5142,0.0625,-0.2174,51.9409,-12.1460,-9.5215,t001,FIJTB
2528693086,1832622,3,pelvis,swing,-0.4659,0.0802,-0.2150,46.1426,-39.5508,-5.7373,t001,FIJTB
2528693133,1832638,3,pelvis,swing,-0.5348,0.0867,-0.3118,40.8325,-50.2930,0.7935,t001,FIJTB
2528693133,1832654,3,pelvis,swing,-0.5599,0.0656,-0.3387,29.4800,-56.2744,8.1177,t001,FIJTB
2528693133,1832670,3,pelvis,swing,-0.6130,0.0227,-0.2854,23.9868,-56.8848,-2.4414,t001,FIJTB
2528693182,1832686,3,pelvis,swing,-0.6626,0.0264,-0.2739,22.8271,-60.9131,-9.5825,t001,FIJTB
2528693183,1832702,3,pelvis,swing,-0.6870,0.0403,-0.3085,20.8740,-73.4253,-20.0806,t001,FIJTB
2528693183,1832718,3,pelvis,swing,-0.7816,0.0708,-0.3674,21.6675,-80.1392,-20.3247,t001,FIJTB
2528693229,1832734,3,pelvis,swing,-0.8430,0.0597,-0.3811,30.5786,-91.0644,-7.5073,t001,FIJTB
2528693231,1832750,3,pelvis,swing,-0.9479,-0.0319,-0.3912,36.6821,-93.2617,2.1362,t001,FIJTB
2528693231,1832766,3,pelvis,swing,-0.9883,-0.0908,-0.3420,45.4102,-93.1396,15.3198,t001,FIJTB
2528693280,1832782,3,pelvis,swing,-0.9869,-0.0914,-0.3289,48.8281,-98.3276,22.5830,t001,FIJTB
2528693280,1832798,3,pelvis,swing,-0.9888,-0.1094,-0.3760,50.2319,-101.7456,28.1372,t001,FIJTB
2528693281,1832814,3,pelvis,swing,-0.9944,-0.1450,-0.4099,53.5278,-100.3418,41.0156,t001,FIJTB
2528693328,1832830,3,pelvis,swing,-0.9943,-0.2626,-0.4613,51.8188,-94.7876,43.8843,t001,FIJTB
2528693329,1832846,3,pelvis,swing,-0.9301,-0.3120,-0.4470,32.0435,-78.3081,31.1279,t001,FIJTB
2528693329,1832862,3,pelvis,swing,-0.8807,-0.2805,-0.4193,0.0610,-68.2373,7.2632,t001,FIJTB
2528693379,1832878,3,pelvis,swing,-0.7800,-0.1859,-0.4515,-13.4888,-68.9087,0.7324,t001,FIJTB
2528693379,1832894,3,pelvis,swing,-0.7332,-0.1714,-0.5258,-33.5083,-73.2422,-1.2207,t001,FIJTB
2528693379,1832911,3,pelvis,swing,-0.6636,-0.2000,-0.6310,-41.7480,-71.7163,-0.7324,t001,FIJTB
2528693415,1832927,3,pelvis,swing,-0.6234,-0.2325,-0.5939,-57.8613,-65.1855,0.5493,t001,FIJTB
2528693425,1832943,3,pelvis,swing,-0.6135,-0.2419,-0.5883,-70.8008,-70.6787,1.6479,t001,FIJTB
2528693426,1832959,3,pelvis,swing,-0.6698,-0.1959,-0.6852,-75.8667,-74.5239,1.3428,t001,FIJTB
2528693475,1832976,3,pelvis,swing,-0.7902,-0.0533,-0.7815,-85.6934,-67.6880,-6.5918,t001,FIJTB
2528693475,1832992,3,pelvis,swing,-0.8524,0.0179,-0.7737,-85.8765,-45.2270,-17.0288,t001,FIJTB
2528693476,1833008,3,pelvis,swing,-0.9384,0.1008,-0.6757,-82.3975,-33.8745,-17.5171,t001,FIJTB
2528693521,1833024,3,pelvis,swing,-1.1398,0.2318,-0.4827,-89.7827,-5.3101,-27.1606,t001,FIJTB
2528693524,1833040,3,pelvis,swing,-1.8275,0.5585,-0.1074,-102.0508,22.8271,-46.1426,t001,FIJTB
2528693524,1833056,3,pelvis,swing,-1.6910,0.3666,-0.3612,-85.8154,54.9927,-19.5923,t001,FIJTB
2528693573,1833072,3,pelvis,swing,-1.6454,0.2794,-0.4512,-10.1318,59.2651,57.8613,t001,FIJTB
2528693574,1833088,3,pelvis,swing,-1.1649,0.0012,-0.4503,36.0107,63.9038,80.1392,t001,FIJTB
2528693574,1833104,3,pelvis,swing,-0.9229,-0.2299,-0.4331,40.8936,63.7817,88.1348,t001,FIJTB
2528693621,1833120,3,pelvis,swing,-0.8201,-0.5371,-0.5466,-1.8921,56.2134,64.7583,t001,FIJTB
2528693622,1833136,3,pelvis,swing,-0.9637,-0.4299,-0.6165,-65.9180,56.0913,-27.9541,t001,FIJTB
2528693622,1833152,3,pelvis,swing,-1.1971,0.0820,-0.5538,-63.1714,92.0410,-63.8428,t001,FIJTB
2528693672,1833168,3,pelvis,swing,-1.2057,0.2241,-0.2612,-56.4575,107.0557,-43.3960,t001,FIJTB
2528693673,1833184,3,pelvis,swing,-1.0430,0.0590,-0.1682,-38.6963,94.5434,19.1650,t001,FIJTB
2528693674,1833200,3,pelvis,swing,-0.6826,-0.3669,-0.3053,-29.2969,70.4346,39.6118,t001,FIJTB
2528693682,1833216,3,pelvis,swing,-0.6168,-0.4949,-0.4611,-10.8032,34.1187,31.6162,t001,FIJTB
2528693721,1833232,3,pelvis,swing,-0.6683,-0.4574,-0.6091,-6.3477,31.3721,13.0005,t001,FIJTB
2528693722,1833248,3,pelvis,swing,-0.7823,-0.2583,-0.5204,-9.4604,35.1563,-4.6387,t001,FIJTB
2528693764,1833264,3,pelvis,swing,-0.8680,-0.2028,-0.4918,-20.4468,28.3203,1.3428,t001,FIJTB
2528693772,1833280,3,pelvis,swing,-0.9705,-0.1104,-0.4880,-22.9492,25.5737,-0.6104,t001,FIJTB
2528693773,1833297,3,pelvis,swing,-0.9347,-0.0728,-0.4642,-15.1978,29.2969,-0.6714,t001,FIJTB
2528693773,1833313,3,pelvis,swing,-0.8091,-0.1271,-0.3569,-10.8032,32.8369,8.1177,t001,FIJTB
2528693820,1833329,3,pelvis,swing,-0.7488,-0.3129,-0.2588,-5.9204,33.3252,26.4893,t001,FIJTB
2528693822,1833345,3,pelvis,swing,-0.7407,-0.3866,-0.2112,-9.3994,23.1323,21.4233,t001,FIJTB
2528693822,1833361,3,pelvis,swing,-0.7916,-0.4221,-0.1422,-19.4092,15.5640,12.0239,t001,FIJTB
2528693873,1833377,3,pelvis,swing,-0.8390,-0.4115,-0.1453,-53.6499,2.0752,-7.2632,t001,FIJTB
2528693873,1833393,3,pelvis,swing,-0.9496,-0.3840,-0.2017,-70.5566,-1.0376,-15.7471,t001,FIJTB
2528693873,1833409,3,pelvis,swing,-0.9886,-0.3318,-0.2849,-93.0176,-3.4790,-29.3579,t001,FIJTB
2528693921,1833425,3,pelvis,swing,-0.9572,-0.2880,-0.3214,-105.8350,1.0376,-42.0532,t001,FIJTB
2528693923,1833441,3,pelvis,swing,-0.8719,-0.1945,-0.3514,-106.9946,5.4932,-46.2646,t001,FIJTB
2528693923,1833457,3,pelvis,swing,-0.8427,-0.1587,-0.3551,-98.5107,10.2539,-43.8843,t001,FIJTB
2528693974,1833473,3,pelvis,swing,-0.8430,-0.0961,-0.3798,-91.5527,10.7422,-40.2832,t001,FIJTB
2528693974,1833490,3,pelvis,swing,-0.8655,-0.0376,-0.4366,-73.3643,7.6904,-36.1328,t001,FIJTB
2528693975,1833506,3,pelvis,swing,-0.8717,-0.0153,-0.4652,-46.5698,4.4556,-28.3203,t001,FIJTB
2528694020,1833522,3,pelvis,swing,-0.8965,-0.0126,-0.4667,-33.6914,6.1035,-19.5923,t001,FIJTB
2528694023,1833538,3,pelvis,swing,-0.9166,-0.0557,-0.4281,-22.5220,17.0898,2.7466,t001,FIJTB
2528694023,1833554,3,pelvis,swing,-0.9438,-0.2186,-0.3143,-24.5972,23.6206,10.1318,t001,FIJTB
2528694073,1833570,3,pelvis,swing,-0.9177,-0.2979,-0.2605,-33.6914,30.1514,4.7607,t001,FIJTB
2528694073,1833586,3,pelvis,swing,-0.8900,-0.2655,-0.2700,-35.2783,28.7476,-18.2495,t001,FIJTB
2528694074,1833602,3,pelvis,swing,-0.8789,-0.1355,-0.3199,-33.4473,28.1982,-25.0244,t001,FIJTB
2528694120,1833618,3,pelvis,swing,-0.9069,-0.1073,-0.3428,-27.3437,32.8369,-19.9585,t001,FIJTB
2528694123,1833635,3,pelvis,swing,-0.9266,-0.2069,-0.3772,-22.3999,40.8936,-4.8218,t001,FIJTB
2528694123,1833651,3,pelvis,swing,-0.8439,-0.3400,-0.4308,-23.7427,43.8232,-3.7842,t001,FIJTB
2528694173,1833667,3,pelvis,swing,-0.7906,-0.3507,-0.4635,-27.0996,44.6167,-20.5078,t001,FIJTB
2528694174,1833683,3,pelvis,swing,-0.7853,-0.2390,-0.4612,-27.8320,43.0908,-28.9307,t001,FIJTB
2528694174,1833699,3,pelvis,swing,-0.8948,-0.1505,-0.4083,-31.1279,43.7012,-29.2969,t001,FIJTB
2528694220,1833716,3,pelvis,swing,-0.9491,-0.1617,-0.3817,-39.9780,53.1006,-21.4233,t001,FIJTB
2528694221,1833732,3,pelvis,swing,-0.9778,-0.2128,-0.3658,-40.2222,56.0303,-19.5313,t001,FIJTB
2528694223,1833748,3,pelvis,swing,-0.9473,-0.1990,-0.3745,-28.8086,51.2085,-25.4517,t001,FIJTB
2528694224,1833764,3,pelvis,swing,-0.9382,-0.0400,-0.3461,-20.8740,44.3726,-32.6538,t001,FIJTB
2528694274,1833780,3,pelvis,swing,-0.9742,0.0696,-0.2725,-6.1035,36.0107,-37.7808,t001,FIJTB
2528694274,1833796,3,pelvis,swing,-1.0425,0.0488,-0.2068,-4.8828,55.8472,-14.4043,t001,FIJTB
2528694275,1833812,3,pelvis,swing,-1.2831,-0.1128,-0.0044,-11.6577,72.8149,1.0986,t001,FIJTB
2528694321,1833827,3,pelvis,swing,-1.3673,-0.1980,0.1256,-33.3862,98.0225,4.5166,t001,FIJTB
2528694321,1833843,3,pelvis,swing,-1.2876,-0.1888,0.3645,-41.8091,97.9614,-7.8735,t001,FIJTB
2528694324,1833859,3,pelvis,swing,-1.1827,-0.0739,0.4270,-35.5835,64.9414,-43.5181,t001,FIJTB
2528694375,1833876,3,pelvis,swing,-1.1434,0.2867,0.4801,-7.1411,34.9121,-45.9595,t001,FIJTB
2528694375,1833891,3,pelvis,swing,-0.9373,0.3417,0.3123,-8.7891,25.8179,-34.9121,t001,FIJTB
2528694376,1833907,3,pelvis,swing,-0.8416,0.2928,0.2379,-34.0576,-13.6719,-43.7012,t001,FIJTB
2528694422,1833923,3,pelvis,swing,-0.8884,0.2750,-0.0084,-27.2217,-41.8701,-44.8608,t001,FIJTB
2528694424,1833940,3,pelvis,swing,-0.9449,0.2760,-0.2314,19.7754,-74.9512,-20.7520,t001,FIJTB
2528694425,1833956,3,pelvis,swing,-1.0300,0.2761,-0.5642,47.3022,-64.3311,-15.5029,t001,FIJTB
2528694476,1833972,3,pelvis,swing,-0.8035,0.2325,-0.3579,87.8906,-13.9160,-7.1411,t001,FIJTB
2528694477,1833988,3,pelvis,swing,-0.6174,0.1266,-0.2380,107.4219,-8.3008,24.4751,t001,FIJTB
2528694477,1834004,3,pelvis,swing,-0.5265,-0.1844,-0.1998,106.9946,-20.3247,36.3159,t001,FIJTB
2528694523,1834020,3,pelvis,swing,-0.5906,-0.3154,-0.2257,81.3599,-37.1704,41.7480,t001,FIJTB
2528694525,1834036,3,pelvis,swing,-0.6058,-0.4037,-0.2689,61.6455,-38.8184,31.8603,t001,FIJTB
2528694526,1834052,3,pelvis,swing,-0.4680,-0.2277,-0.2435,30.0903,-41.4429,-8.3618,t001,FIJTB
2528694534,1834068,3,pelvis,swing,-0.4373,-0.1490,-0.2588,16.1133,-65.4907,-27.7100,t001,FIJTB
2528694577,1834084,3,pelvis,swing,-0.5110,-0.1505,-0.3616,11.9629,-79.0405,-25.2075,t001,FIJTB
2528694578,1834100,3,pelvis,swing,-0.5865,-0.2058,-0.3821,5.0659,-98.2056,-14.6484,t001,FIJTB
2528694579,1834116,3,pelvis,swing,-0.7521,-0.3053,-0.3813,2.6855,-106.5063,-11.1694,t001,FIJTB
2528694628,1834132,3,pelvis,swing,-0.9086,-0.3114,-0.4457,-0.6104,-121.7651,-9.2773,t001,FIJTB
2528694629,1834149,3,pelvis,swing,-0.9425,-0.2710,-0.4844,-2.8687,-121.8872,-13.0615,t001,FIJTB
2528694629,1834165,3,pelvis,swing,-0.9197,-0.1641,-0.4934,-3.1128,-117.4316,-12.9395,t001,FIJTB
2528694679,1834181,3,pelvis,swing,-0.9070,-0.1510,-0.4885,-2.3804,-113.8916,-3.7231,t001,FIJTB
2528694680,1834197,3,pelvis,swing,-0.9172,-0.2034,-0.5101,-5.5542,-114.4409,3.4180,t001,FIJTB
2528694680,1834213,3,pelvis,swing,-0.9353,-0.2264,-0.5162,-8.8501,-114.0137,5.2490,t001,FIJTB
2528694727,1834230,3,pelvis,swing,-0.9679,-0.2242,-0.5314,-15.7471,-114.5630,12.0239,t001,FIJTB
2528694728,1834246,3,pelvis,swing,-1.0226,-0.2155,-0.6184,-16.5405,-115.1123,14.9536,t001,FIJTB
2528694729,1834262,3,pelvis,swing,-1.0109,-0.1681,-0.6710,-15.1367,-109.1919,12.3901,t001,FIJTB
2528694781,1834278,3,pelvis,swing,-0.9604,-0.1572,-0.6505,-19.4092,-91.3086,9.8267,t001,FIJTB
2528694781,1834294,3,pelvis,swing,-0.8575,-0.1266,-0.5687,-25.7568,-84.3506,9.3994,t001,FIJTB
2528694782,1834311,3,pelvis,swing,-0.8350,-0.1041,-0.5667,-33.9966,-86.9141,-1.4038,t001,FIJTB
2528694829,1834327,3,pelvis,swing,-0.9218,0.0164,-0.6801,-34.7900,-90.7593,-12.1460,t001,FIJTB
2528694831,1834343,3,pelvis,swing,-2.0774,0.5505,-0.0813,-45.4712,-67.1387,-62.3169,t001,FIJTB
2528694832,1834359,3,pelvis,swing,-2.6890,0.5444,0.1698,-57.1899,45.5322,-44.9219,t001,FIJTB
2528694867,1834375,3,pelvis,swing,-1.5854,-0.3079,-0.0671,-48.0347,78.6133,49.0723,t001,FIJTB
2528694885,1834391,3,pelvis,swing,-1.0717,-0.5742,-0.0460,-22.5830,92.4683,113.3423,t001,FIJTB
2528694885,1834407,3,pelvis,swing,-0.8010,-0.3652,0.1299,0.4883,67.7490,53.0395,t001,FIJTB
2528694886,1834422,3,pelvis,swing,-0.9139,0.1671,-0.0629,4.1504,-7.0801,-71.5942,t001,FIJTB
2528694933,1834438,3,pelvis,swing,-1.1415,0.3713,-0.2520,-46.9971,-28.2593,-92.7734,t001,FIJTB
2528694935,1834455,3,pelvis,swing,-1.4403,0.4833,-0.6920,-45.4712,-20.7520,-70.5566,t001,FIJTB
2528694936,1834471,3,pelvis,swing,-1.2559,0.3214,-0.8098,-5.6763,27.1606,12.7563,t001,FIJTB
2528694988,1834486,3,pelvis,swing,-0.6121,-0.1875,-0.6041,1.6479,53.2227,55.7861,t001,FIJTB
2528694989,1834502,3,pelvis,swing,-0.4326,-0.3748,-0.4288,5.6152,57.0068,101.9897,t001,FIJTB
2528694989,1834518,3,pelvis,swing,-0.5076,-0.6172,-0.3209,7.7515,37.3535,95.2759,t001,FIJTB
2528695038,1834534,3,pelvis,swing,-0.9147,-0.6100,-0.4167,7.2021,5.9204,25.8179,t001,FIJTB
2528695040,1834550,3,pelvis,swing,-1.0099,-0.4435,-0.4282,-7.8125,9.0332,-54.3213,t001,FIJTB
2528695041,1834567,3,pelvis,swing,-0.9911,-0.0157,-0.3722,-16.1133,18.4326,-68.7866,t001,FIJTB
2528695068,1834583,3,pelvis,swing,-0.9794,0.1123,-0.3405,-25.2075,34.6069,-47.5464,t001,FIJTB
2528695094,1834599,3,pelvis,swing,-0.9437,0.1708,-0.2776,-25.0854,36.3159,-25.0244,t001,FIJTB
2528695095,1834615,3,pelvis,swing,-0.8885,0.0535,-0.2332,-16.0522,30.2734,12.4512,t001,FIJTB
2528695095,1834631,3,pelvis,swing,-0.9081,-0.0474,-0.2186,-0.7935,29.7241,17.8223,t001,FIJTB
2528695142,1834646,3,pelvis,swing,-0.9298,-0.1775,-0.2290,7.8125,31.3721,11.4746,t001,FIJTB
2528695144,1834662,3,pelvis,swing,-0.8867,-0.1725,-0.2612,19.7754,32.5928,3.2959,t001,FIJTB
2528695145,1834678,3,pelvis,swing,-0.8116,-0.1555,-0.3352,21.6675,30.7007,8.6060,t001,FIJTB
2528695196,1834694,3,pelvis,swing,-0.8737,-0.1650,-0.4207,17.4561,20.5078,23.8037,t001,FIJTB
2528695197,1834710,3,pelvis,swing,-0.9359,-0.1530,-0.4672,17.6392,14.3433,8.2397,t001,FIJTB
2528695197,1834726,3,pelvis,swing,-0.9451,-0.1576,-0.4774,19.4092,18.1885,-1.4648,t001,FIJTB
2528695244,1834742,3,pelvis,swing,-0.8768,-0.2195,-0.4194,10.9863,27.2217,2.9297,t001,FIJTB
2528695246,1834758,3,pelvis,swing,-0.7988,-0.3679,-0.3429,4.0894,24.1089,9.3384,t001,FIJTB
2528695247,1834774,3,pelvis,swing,-0.8571,-0.3698,-0.4072,1.4648,9.7656,0.9155,t001,FIJTB
2528695256,1834790,3,pelvis,swing,-0.9058,-0.3134,-0.4156,0.0610,9.5825,-18.1885,t001,FIJTB
2528695300,1834806,3,pelvis,swing,-0.9644,-0.1995,-0.3740,-4.5776,13.0005,-21.6675,t001,FIJTB
2528695300,1834822,3,pelvis,swing,-0.9586,-0.1625,-0.3690,-12.2681,17.0288,-20.6299,t001,FIJTB
2528695301,1834839,3,pelvis,swing,-0.8850,-0.1339,-0.3878,-13.1226,17.6392,-18.5547,t001,FIJTB
2528695349,1834855,3,pelvis,swing,-0.8417,-0.1571,-0.3612,-14.2822,16.7847,-12.4512,t001,FIJTB
2528695351,1834871,3,pelvis,swing,-0.8546,-0.1875,-0.3413,-18.0054,13.5498,-10.1318,t001,FIJTB
2528695352,1834887,3,pelvis,swing,-0.8832,-0.2529,-0.3472,-20.8130,12.3291,-13.0005,t001,FIJTB
2528695404,1834903,3,pelvis,swing,-0.8947,-0.2650,-0.3510,-23.8647,14.1602,-23.3154,t001,FIJTB
2528695405,1834919,3,pelvis,swing,-0.9143,-0.2609,-0.3311,-23.6816,15.4419,-25.7568,t001,FIJTB
2528695405,1834935,3,pelvis,swing,-0.9063,-0.2938,-0.3354,-26.1841,13.7329,-20.8130,t001,FIJTB
2528695454,1834952,3,pelvis,swing,-0.9108,-0.2834,-0.3594,-34.4849,9.8877,-27.4048,t001,FIJTB
2528695457,1834968,3,pelvis,swing,-0.9095,-0.0927,-0.4493,-35.2173,8.8501,-45.0439,t001,FIJTB
2528695458,1834984,3,pelvis,swing,-0.8887,0.0503,-0.4764,-25.0244,11.7187,-72.4487,t001,FIJTB
2528695466,1835000,3,pelvis,swing,-0.8451,0.1801,-0.4482,-18.7378,14.7705,-64.9414,t001,FIJTB
2528695510,1835016,3,pelvis,swing,-0.8257,-0.0374,-0.3824,-13.6719,16.9678,-15.2588,t001,FIJTB
2528695510,1835032,3,pelvis,swing,-0.8230,-0.2118,-0.3699,-20.5688,10.3760,16.6016,t001,FIJTB
2528695511,1835048,3,pelvis,swing,-0.8962,-0.4354,-0.3831,-24.4141,8.3618,8.3618,t001,FIJTB
2528695559,1835065,3,pelvis,swing,-0.9484,-0.4156,-0.3937,-28.0151,9.0332,-39.7339,t001,FIJTB
2528695560,1835081,3,pelvis,swing,-0.9349,-0.1708,-0.4402,-28.9307,11.2305,-61.7676,t001,FIJTB
2528695560,1835097,3,pelvis,swing,-0.8782,0.0469,-0.4313,-30.5786,18.0054,-74.5239,t001,FIJTB
2528695611,1835113,3,pelvis,swing,-0.8837,0.0919,-0.3939,-28.8086,20.9961,-56.9458,t001,FIJTB
2528695612,1835129,3,pelvis,swing,-0.8975,0.1012,-0.3694,-24.2920,18.7378,-48.9502,t001,FIJTB
2528695613,1835145,3,pelvis,swing,-0.9034,0.1019,-0.3921,-5.3711,10.9253,-45.5322,t001,FIJTB
2528695661,1835161,3,pelvis,swing,-0.9565,0.1251,-0.4293,5.9814,9.8877,-42.3584,t001,FIJTB
2528695662,1835177,3,pelvis,swing,-0.9662,0.1002,-0.4291,22.9492,15.6250,-24.0478,t001,FIJTB
2528695663,1835193,3,pelvis,swing,-0.9435,0.0616,-0.4114,31.7993,23.1323,-11.1084,t001,FIJTB
2528695716,1835210,3,pelvis,swing,-0.9153,0.0394,-0.3497,35.3394,24.8413,-10.3149,t001,FIJTB
2528695716,1835226,3,pelvis,swing,-0.9336,0.0758,-0.3147,43.6401,22.6440,-13.0615,t001,FIJTB
2528695717,1835242,3,pelvis,swing,-1.0127,0.1577,-0.2731,47.7905,19.8975,-11.3525,t001,FIJTB
2528695737,1835258,3,pelvis,swing,-1.0819,0.1779,-0.2468,53.2227,19.7144,0.1831,t001,FIJTB
2528695765,1835274,3,pelvis,swing,-1.1047,0.1768,-0.2085,58.7158,30.8228,6.1646,t001,FIJTB
2528695767,1835290,3,pelvis,swing,-1.1346,0.1694,-0.0640,60.7910,37.9028,5.7983,t001,FIJTB
2528695767,1835306,3,pelvis,swing,-1.1599,0.1664,0.0265,55.8472,49.5605,3.7842,t001,FIJTB
2528695821,1835322,3,pelvis,swing,-1.1921,0.1880,0.1605,48.7061,53.1006,1.5259,t001,FIJTB
2528695821,1835337,3,pelvis,swing,-1.1371,0.2686,0.2806,35.2173,51.3916,-8.2397,t001,FIJTB
2528695822,1835353,3,pelvis,swing,-1.0835,0.2775,0.3434,13.3667,48.6450,-3.4180,t001,FIJTB
2528695871,1835369,3,pelvis,swing,-0.8761,0.1464,0.2631,1.7090,42.4805,10.9863,t001,FIJTB
2528695874,1835385,3,pelvis,swing,-0.7782,0.0907,0.1289,9.4604,1.6479,22.6440,t001,FIJTB
2528695874,1835401,3,pelvis,swing,-0.7187,0.1162,-0.1674,20.7520,-23.3154,16.4795,t001,FIJTB
2528695917,1835417,3,pelvis,swing,-0.7461,0.1438,-0.3090,29.1138,-43.7622,17.7002,t001,FIJTB
2528695928,1835433,3,pelvis,swing,-0.8177,0.0028,-0.4493,24.2310,-33.6304,27.5269,t001,FIJTB
2528695929,1835449,3,pelvis,swing,-0.7418,-0.2145,-0.2845,3.7842,-2.6855,38.2080,t001,FIJTB
2528695929,1835465,3,pelvis,swing,-0.6667,-0.2338,-0.2013,-9.7656,-14.5874,16.9678,t001,FIJTB
2528695979,1835481,3,pelvis,swing,-0.6647,-0.1179,-0.2395,-11.7187,-33.4473,5.3101,t001,FIJTB
2528695982,1835497,3,pelvis,swing,-0.7550,-0.0488,-0.3367,-12.4512,-53.5278,2.6245,t001,FIJTB
2528695982,1835513,3,pelvis,swing,-0.8785,-0.0072,-0.4446,-12.2070,-36.6211,9.7046,t001,FIJTB
2528696036,1835530,3,pelvis,swing,-0.8052,-0.0748,-0.3221,-12.2681,-28.0762,9.2773,t001,FIJTB
2528696037,1835546,3,pelvis,swing,-0.7811,-0.0978,-0.2645,-12.5732,-34.5459,6.2866,t001,FIJTB
2528696037,1835562,3,pelvis,swing,-0.8710,-0.0682,-0.2919,-13.9770,-44.0063,4.8828,t001,FIJTB
2528696079,1835578,3,pelvis,swing,-0.9395,0.0448,-0.3529,-20.2637,-51.5137,0.6104,t001,FIJTB
2528696087,1835594,3,pelvis,swing,-0.9348,0.1136,-0.3500,-22.3999,-49.6826,2.5024,t001,FIJTB
2528696089,1835610,3,pelvis,swing,-0.9094,0.2083,-0.3729,-18.7378,-51.4526,7.5073,t001,FIJTB
2528696089,1835626,3,pelvis,swing,-0.9146,0.2119,-0.4106,-5.2490,-53.8940,22.7661,t001,FIJTB
2528696143,1835643,3,pelvis,swing,-0.9135,0.1108,-0.4608,1.1597,-51.3916,29.6631,t001,FIJTB
2528696144,1835659,3,pelvis,swing,-0.8269,0.0200,-0.4658,10.1318,-48.1567,33.0811,t001,FIJTB
2528696144,1835674,3,pelvis,swing,-0.7800,0.0189,-0.4846,16.1743,-58.4717,26.3672,t001,FIJTB
2528696194,1835690,3,pelvis,swing,-0.7944,0.0964,-0.5363,19.8364,-64.6362,24.8413,t001,FIJTB
2528696197,1835706,3,pelvis,swing,-0.9154,0.1917,-0.5321,31.0059,-65.1855,14.5264,t001,FIJTB
2528696197,1835723,3,pelvis,swing,-1.6954,0.3291,-0.1483,46.0205,-52.1240,14.3433,t001,FIJTB
2528696224,1835738,3,pelvis,swing,-2.2466,0.1133,0.1434,46.7529,18.4937,82.1533,t001,FIJTB
2528696251,1835754,3,pelvis,swing,-1.6736,-0.9039,0.1237,6.3477,48.7671,114.1357,t001,FIJTB
2528696251,1835770,3,pelvis,swing,-0.7195,-0.6279,0.0745,-63.1714,43.1519,-8.4839,t001,FIJTB
2528696252,1835786,3,pelvis,swing,-0.5245,-0.1234,-0.0385,-30.6396,-40.5884,-135.4980,t001,FIJTB
2528696301,1835803,3,pelvis,swing,-0.4127,0.4988,-0.4696,-15.4419,-62.9272,-124.6948,t001,FIJTB
2528696303,1835819,3,pelvis,swing,-0.5312,0.5631,-0.5356,-12.9395,-41.1377,-28.7476,t001,FIJTB
2528696304,1835835,3,pelvis,swing,-0.8435,0.3923,-0.4666,-10.6812,-14.4653,61.4014,t001,FIJTB
2528696359,1835851,3,pelvis,swing,-0.9843,-0.0381,-0.4150,7.9346,-11.8408,70.9839,t001,FIJTB
2528696360,1835867,3,pelvis,swing,-1.0490,-0.1686,-0.4154,31.9824,-13.6719,38.6963,t001,FIJTB
2528696360,1835883,3,pelvis,swing,-1.1184,-0.2020,-0.4539,27.5879,-10.0708,22.7661,t001,FIJTB
2528696360,1835899,3,pelvis,swing,-1.0735,-0.1934,-0.4395,4.9438,5.0049,11.1084,t001,FIJTB
2528696412,1835915,3,pelvis,swing,-0.8959,-0.1857,-0.3132,-11.9019,6.5918,5.9204,t001,FIJTB
2528696414,1835931,3,pelvis,swing,-0.8396,-0.1244,-0.2781,-14.1602,-0.3662,1.6479,t001,FIJTB
2528696414,1835947,3,pelvis,swing,-0.8580,-0.0717,-0.3224,-9.4604,-13.4888,-6.0425,t001,FIJTB
2528696469,1835964,3,pelvis,swing,-0.9174,-0.0034,-0.4045,-7.6904,-14.1602,-4.8218,t001,FIJTB
2528696470,1835980,3,pelvis,swing,-0.9537,-0.0468,-0.4105,-10.4370,-8.1177,4.5776,t001,FIJTB
2528696470,1835996,3,pelvis,swing,-0.9580,-0.0603,-0.4072,-14.0991,-3.3569,2.5024,t001,FIJTB
2528696522,1836012,3,pelvis,swing,-0.9236,0.0409,-0.4159,-13.8550,-1.7700,-4.0283,t001,FIJTB
2528696522,1836028,3,pelvis,swing,-0.8971,0.1138,-0.4202,-6.4087,1.7700,-8.9722,t001,FIJTB
2528696524,1836044,3,pelvis,swing,-0.8674,0.1351,-0.3976,-0.7324,3.7231,-2.0752,t001,FIJTB
2528696525,1836060,3,pelvis,swing,-0.8789,-0.0482,-0.3556,7.0801,3.8452,20.2637,t001,FIJTB
2528696580,1836076,3,pelvis,swing,-0.8961,-0.1500,-0.3564,7.6904,0.7324,25.9399,t001,FIJTB
2528696582,1836092,3,pelvis,swing,-0.9409,-0.2041,-0.3832,7.2632,0.0000,18.1274,t001,FIJTB
2528696582,1836108,3,pelvis,swing,-0.9490,-0.1479,-0.3976,8.4229,1.0376,-2.5635,t001,FIJTB
2528696633,1836124,3,pelvis,swing,-0.9336,-0.0118,-0.4196,8.8501,2.0752,-6.0425,t001,FIJTB
2528696635,1836140,3,pelvis,swing,-0.8911,-0.0194,-0.4116,7.9956,3.1128,3.0518,t001,FIJTB
2528696637,1836157,3,pelvis,swing,-0.8793,-0.0618,-0.4082,7.2632,2.4414,10.1318,t001,FIJTB
2528696637,1836172,3,pelvis,swing,-0.8654,-0.1010,-0.4250,7.5073,1.8921,8.2397,t001,FIJTB
2528696693,1836188,3,pelvis,swing,-0.8644,-0.0845,-0.4296,7.6904,2.6855,2.5635,t001,FIJTB
2528696694,1836204,3,pelvis,swing,-0.8828,-0.0656,-0.4183,7.0190,3.5400,2.7466,t001,FIJTB
2528696745,1836220,3,pelvis,swing,-0.8937,-0.0814,-0.4130,3.7842,4.2725,5.6152,t001,FIJTB
2528696745,1836236,3,pelvis,swing,-0.9011,-0.1290,-0.4039,2.1973,3.8452,5.4932,t001,FIJTB
2528696748,1836252,3,pelvis,swing,-0.9089,-0.1497,-0.3971,-0.3662,2.3193,1.9531,t001,FIJTB
2528696748,1836268,3,pelvis,swing,-0.9141,-0.1436,-0.3914,-3.4180,2.2583,-2.8076,t001,FIJTB
2528696748,1836284,3,pelvis,swing,-0.9132,-0.1042,-0.3816,-4.3945,2.6245,-5.0049,t001,FIJTB
2528696803,1836300,3,pelvis,swing,-0.9102,-0.0750,-0.3844,-4.3945,2.7466,-8.1787,t001,FIJTB
2528696803,1836317,3,pelvis,swing,-0.8944,-0.0067,-0.4055,-3.2959,2.4414,-8.5449,t001,FIJTB
2528696804,1836333,3,pelvis,swing,-0.8820,0.0016,-0.4072,0.8545,1.3428,-3.9062,t001,FIJTB
2528696855,1836349,3,pelvis,swing,-0.8907,-0.0358,-0.4006,2.0752,0.7324,5.9204,t001,FIJTB
2528696858,1836365,3,pelvis,swing,-0.9138,-0.1371,-0.4049,1.4038,0.7935,7.6294,t001,FIJTB
2528696858,1836381,3,pelvis,swing,-0.9128,-0.1577,-0.4174,0.4272,1.7090,-0.0610,t001,FIJTB
2528696858,1836396,3,pelvis,swing,-0.8901,-0.1017,-0.4270,0.3662,2.5024,-5.5542,t001,FIJTB
2528696913,1836413,3,pelvis,swing,-0.8829,-0.0388,-0.4066,0.4272,3.4180,-8.2397,t001,FIJTB
2528696913,1836429,3,pelvis,swing,-0.8947,-0.0439,-0.3937,-1.2817,2.0142,-0.8545,t001,FIJTB
2528696914,1836445,3,pelvis,swing,-0.9216,-0.0966,-0.3943,-2.0752,1.2207,1.3428,t001,FIJTB
2528696965,1836461,3,pelvis,swing,-0.9255,-0.1075,-0.4036,-2.1362,2.3804,-2.6855,t001,FIJTB
2528696968,1836477,3,pelvis,swing,-0.9141,-0.0765,-0.3989,-2.1362,4.0894,-5.6763,t001,FIJTB
2528696968,1836493,3,pelvis,swing,-0.8983,-0.0414,-0.3826,-2.3804,5.7983,-6.8970,t001,FIJTB
2528696977,1836509,3,pelvis,swing,-0.8988,-0.0314,-0.3888,-1.0376,3.9673,-5.2490,t001,FIJTB
2528697023,1836525,3,pelvis,swing,-0.8895,-0.0165,-0.4259,0.6714,3.1128,-5.1270,t001,FIJTB
2528697023,1836541,3,pelvis,swing,-0.8839,-0.0190,-0.4341,4.7607,3.2959,-2.1973,t001,FIJTB
2528697023,1836557,3,pelvis,swing,-0.8909,-0.0743,-0.4117,5.7373,3.1128,1.1597,t001,FIJTB
2528697074,1836573,3,pelvis,swing,-0.9274,-0.1395,-0.4022,3.6011,1.7090,3.1128,t001,FIJTB
2528697077,1836589,3,pelvis,swing,-0.9377,-0.1337,-0.4056,-0.8545,3.2349,-5.7373,t001,FIJTB
2528697077,1836606,3,pelvis,swing,-0.9102,-0.0574,-0.4128,-1.7090,4.3945,-10.5591,t001,FIJTB
2528697115,1836622,3,pelvis,swing,-0.8948,-0.0242,-0.4149,-0.9766,5.4932,-11.1084,t001,FIJTB
2528697133,1836638,3,pelvis,swing,-0.8772,-0.0563,-0.4171,-1.0986,4.9438,-7.5684,t001,FIJTB
2528697133,1836654,3,pelvis,swing,-0.9033,-0.1089,-0.4352,-5.7373,2.5635,-4.7607,t001,FIJTB
2528697134,1836671,3,pelvis,swing,-0.9258,-0.0732,-0.4542,-10.4370,2.1973,-17.3950,t001,FIJTB
2528697186,1836687,3,pelvis,swing,-0.9327,0.0861,-0.4750,-8.4839,4.2114,-22.6440,t001,FIJTB
2528697188,1836703,3,pelvis,swing,-0.9131,0.1329,-0.4687,1.7700,10.6812,-14.5874,t001,FIJTB
2528697190,1836719,3,pelvis,swing,-0.8845,0.0796,-0.4202,7.0190,12.7563,-4.1504,t001,FIJTB
2528697246,1836735,3,pelvis,swing,-0.9207,-0.0442,-0.3868,14.9536,11.8408,9.5215,t001,FIJTB
2528697246,1836750,3,pelvis,swing,-0.9464,-0.0719,-0.3914,19.7754,11.7187,5.4321,t001,FIJTB
2528697247,1836766,3,pelvis,swing,-0.9714,-0.0389,-0.3810,20.6299,14.1602,0.8545,t001,FIJTB
2528697247,1836782,3,pelvis,swing,-0.9703,-0.0117,-0.3547,19.9585,20.8740,-1.4038,t001,FIJTB
2528697301,1836798,3,pelvis,swing,-0.9554,-0.0071,-0.2979,18.4326,23.0103,1.2207,t001,FIJTB
2528697302,1836814,3,pelvis,swing,-0.9668,-0.0343,-0.2678,14.2212,23.8647,4.9438,t001,FIJTB
2528697302,1836830,3,pelvis,swing,-0.9675,-0.0370,-0.2673,11.2915,22.9492,0.6104,t001,FIJTB
2528697359,1836846,3,pelvis,swing,-0.9525,0.0006,-0.2852,10.8032,22.6440,-3.1738,t001,FIJTB
2528697360,1836862,3,pelvis,swing,-0.9498,0.0342,-0.2924,11.9019,21.8506,-7.1411,t001,FIJTB
2528697360,1836878,3,pelvis,swing,-0.9391,0.0707,-0.3043,13.1226,21.2402,-5.0049,t001,FIJTB
2528697361,1836894,3,pelvis,swing,-0.9370,0.0436,-0.3022,15.2588,19.7144,4.0894,t001,FIJTB
2528697417,1836910,3,pelvis,swing,-0.9469,0.0272,-0.2947,16.2964,17.3950,7.5073,t001,FIJTB
2528697417,1836926,3,pelvis,swing,-0.9576,0.0216,-0.3005,17.7002,15.3809,5.9204,t001,FIJTB
2528697417,1836942,3,pelvis,swing,-0.9515,0.0446,-0.3088,22.2778,13.5498,0.0610,t001,FIJTB
2528697474,1836958,3,pelvis,swing,-0.9486,0.1244,-0.2683,25.4517,15.3198,-1.6479,t001,FIJTB
2528697474,1836974,3,pelvis,swing,-0.9106,0.1323,-0.2584,35.4004,15.8081,6.2866,t001,FIJTB
2528697475,1836989,3,pelvis,swing,-0.8074,0.0448,-0.3124,42.4194,12.4512,16.2964,t001,FIJTB
2528697476,1837005,3,pelvis,swing,-0.7942,-0.1066,-0.3711,57.3120,1.9531,40.9546,t001,FIJTB
2528697530,1837021,3,pelvis,swing,-0.8055,-0.1821,-0.3933,60.6689,-7.0801,49.9878,t001,FIJTB
2528697530,1837037,3,pelvis,swing,-0.8152,-0.2765,-0.4341,54.3823,-9.0332,43.8232,t001,FIJTB
2528697531,1837054,3,pelvis,swing,-0.8032,-0.2578,-0.4271,30.9448,-10.0708,20.6299,t001,FIJTB
2528697532,1837070,3,pelvis,swing,-0.7567,-0.1409,-0.4260,20.3857,-13.3057,12.4512,t001,FIJTB
2528697588,1837086,3,pelvis,swing,-0.7368,-0.0917,-0.4879,8.2397,-22.3999,10.4980,t001,FIJTB
2528697588,1837102,3,pelvis,swing,-0.7220,-0.1055,-0.5070,4.9438,-28.0151,15.9912,t001,FIJTB
2528697589,1837118,3,pelvis,swing,-0.6711,-0.1740,-0.5183,4.9438,-31.9824,18.0054,t001,FIJTB
2528697643,1837134,3,pelvis,swing,-0.6326,-0.2264,-0.5521,4.0283,-46.6919,24.9023,t001,FIJTB
2528697644,1837150,3,pelvis,swing,-0.9056,-0.1718,-0.5219,-0.1221,-53.2837,22.6440,t001,FIJTB
2528697644,1837166,3,pelvis,swing,-1.3563,-0.0955,-0.3491,-13.7329,-35.8887,1.8311,t001,FIJTB
2528697645,1837182,3,pelvis,swing,-1.3098,-0.1960,-0.2977,-33.9355,3.4180,7.5684,t001,FIJTB
2528697700,1837199,3,pelvis,swing,-1.1476,-0.2749,-0.1903,-40.7715,7.2021,7.6294,t001,FIJTB
2528697701,1837215,3,pelvis,swing,-1.1040,-0.1552,-0.1743,-30.8228,-17.4561,-19.0430,t001,FIJTB
2528697702,1837231,3,pelvis,swing,-1.0123,0.1705,-0.3199,-23.1934,-29.6020,-30.7617,t001,FIJTB
2528697725,1837247,3,pelvis,swing,-0.9491,0.2850,-0.4078,-17.8223,-30.2124,-27.8320,t001,FIJTB
2528697756,1837263,3,pelvis,swing,-0.8817,0.2593,-0.4050,-17.1509,-15.1978,-4.9438,t001,FIJTB
2528697756,1837279,3,pelvis,swing,-0.7859,0.1979,-0.3749,-11.6577,-11.5356,2.8687,t001,FIJTB
2528697756,1837296,3,pelvis,swing,-0.7827,0.1687,-0.3727,12.9395,-13.5498,16.0522,t001,FIJTB
2528697817,1837312,3,pelvis,swing,-0.8314,0.0276,-0.3977,23.9868,-15.0757,26.5503,t001,FIJTB
2528697818,1837328,3,pelvis,swing,-0.8978,-0.1896,-0.3766,28.9917,-13.6108,44.6777,t001,FIJTB
2528697818,1837344,3,pelvis,swing,-0.9297,-0.2773,-0.3479,18.0054,-12.2681,37.7808,t001,FIJTB
2528697871,1837360,3,pelvis,swing,-0.9868,-0.3354,-0.3328,11.2305,-13.6719,25.9399,t001,FIJTB
2528697872,1837376,3,pelvis,swing,-0.9999,-0.3035,-0.3544,-2.3193,-15.6250,-0.4272,t001,FIJTB
2528697874,1837392,3,pelvis,swing,-0.9603,-0.1989,-0.3884,-9.5825,-14.1602,-9.3994,t001,FIJTB
2528697875,1837408,3,pelvis,swing,-0.8942,-0.1224,-0.3829,-22.3389,-11.2915,-16.2964,t001,FIJTB
2528697933,1837424,3,pelvis,swing,-0.8770,-0.0929,-0.3870,-26.2451,-13.7939,-17.2119,t001,FIJTB
2528697933,1837441,3,pelvis,swing,-0.8845,-0.0309,-0.4219,-25.6348,-14.7095,-16.6626,t001,FIJTB
2528697934,1837457,3,pelvis,swing,-0.8958,0.0331,-0.4491,-21.9727,-13.1836,-12.9395,t001,FIJTB
2528697934,1837473,3,pelvis,swing,-0.8947,0.0551,-0.4484,-15.0146,-9.6436,-5.1880,t001,FIJTB
2528697986,1837489,3,pelvis,swing,-0.8938,0.0499,-0.4340,-10.5591,-8.3008,-0.1221,t001,FIJTB
2528697986,1837505,3,pelvis,swing,-0.8956,0.0114,-0.4246,-3.6621,-6.2256,10.3760,t001,FIJTB
2528697987,1837522,3,pelvis,swing,-0.9015,-0.1033,-0.4003,-2.9907,-5.3711,13.5498,t001,FIJTB
2528698048,1837538,3,pelvis,swing,-0.9016,-0.1664,-0.3918,-5.0659,-4.3945,10.4370,t001,FIJTB
2528698048,1837554,3,pelvis,swing,-0.8999,-0.1565,-0.3992,-5.7983,-5.4321,-0.1221,t001,FIJTB
2528698049,1837570,3,pelvis,swing,-0.9108,-0.1050,-0.4076,-5.6152,-5.1880,-3.1128,t001,FIJTB
2528698049,1837586,3,pelvis,swing,-0.9148,-0.0953,-0.4033,-7.0190,-2.4414,-2.1973,t001,FIJTB
2528698103,1837602,3,pelvis,swing,-0.9087,-0.1027,-0.4088,-7.4463,-1.6479,-1.5869,t001,FIJTB
2528698105,1837619,3,pelvis,swing,-0.8995,-0.0763,-0.4396,-5.6763,-1.3428,-3.7842,t001,FIJTB
2528698105,1837635,3,pelvis,swing,-0.8900,-0.0585,-0.4484,-4.2725,0.7935,-2.5635,t001,FIJTB
2528698163,1837651,3,pelvis,swing,-0.8710,-0.0544,-0.4509,-4.2114,1.6479,-0.4272,t001,FIJTB
2528698164,1837667,3,pelvis,swing,-0.8683,-0.0629,-0.4556,-3.4180,1.7700,1.4038,t001,FIJTB
2528698164,1837683,3,pelvis,swing,-0.8668,-0.0706,-0.4779,-2.3193,1.7090,1.1597,t001,FIJTB
2528698193,1837700,3,pelvis,swing,-0.8528,-0.0833,-0.4851,0.6104,1.4648,2.3804,t001,FIJTB
2528698215,1837715,3,pelvis,swing,-0.8502,-0.1013,-0.4799,2.9297,0.1221,7.0801,t001,FIJTB
2528698216,1837731,3,pelvis,swing,-0.8615,-0.1514,-0.4810,3.4790,-0.7935,8.4229,t001,FIJTB
2528698216,1837747,3,pelvis,swing,-0.8717,-0.1630,-0.4828,3.4180,-0.6714,6.0425,t001,FIJTB
