timestamp_pc_ms,timestamp_arduino_ms,sensor_id,placement,phase,ax,ay,az,gx,gy,gz,trial_id,subject_id
2529800326,2939881,3,pierna,loading,-0.9712,-0.1959,-0.0421,1.2817,0.2441,0.6714,t009,FIJTB
2529800327,2939897,3,pierna,loading,-0.9688,-0.1963,-0.0459,2.2583,0.3662,0.4272,t009,FIJTB
2529800327,2939913,3,pierna,loading,-0.9670,-0.1942,-0.0527,2.5024,0.6104,0.2441,t009,FIJTB
2529800375,2939929,3,pierna,loading,-0.9640,-0.1924,-0.0486,2.3193,0.9155,0.1221,t009,FIJTB
2529800376,2939945,3,pierna,loading,-0.9641,-0.1942,-0.0503,2.3804,0.4272,0.1831,t009,FIJTB
2529800377,2939961,3,pierna,loading,-0.9661,-0.1943,-0.0565,2.6855,0.2441,0.1831,t009,FIJTB
2529800400,2939977,3,pierna,loading,-0.9650,-0.1947,-0.0571,3.0518,0.1831,0.1831,t009,FIJTB
2529800400,2939993,3,pierna,loading,-0.9636,-0.1946,-0.0570,2.9297,0.0610,0.2441,t009,FIJTB
2529800452,2940009,3,pierna,loading,-0.9653,-0.1935,-0.0585,2.0142,-0.1221,0.4883,t009,FIJTB
2529800452,2940025,3,pierna,loading,-0.9658,-0.1948,-0.0612,1.2817,-0.1831,0.2441,t009,FIJTB
2529800452,2940041,3,pierna,loading,-0.9628,-0.1942,-0.0614,0.9155,-0.3052,0.1831,t009,FIJTB
2529800500,2940057,3,pierna,loading,-0.9614,-0.1938,-0.0592,0.3662,-0.7935,0.3662,t009,FIJTB
2529800501,2940073,3,pierna,loading,-0.9630,-0.1969,-0.0537,0.1221,-1.1597,0.4272,t009,FIJTB
2529800501,2940089,3,pierna,loading,-0.9686,-0.1976,-0.0546,0.1831,-1.4038,0.1831,t009,FIJTB
2529800551,2940105,3,pierna,loading,-0.9701,-0.1975,-0.0557,0.7324,-0.9766,-0.3662,t009,FIJTB
2529800551,2940121,3,pierna,loading,-0.9698,-0.1979,-0.0546,0.8545,-0.6104,-0.4883,t009,FIJTB
2529800552,2940137,3,pierna,loading,-0.9685,-0.1967,-0.0535,0.3662,-0.1831,-0.2441,t009,FIJTB
2529800598,2940154,3,pierna,loading,-0.9678,-0.1899,-0.0503,0.0610,-0.2441,-0.0610,t009,FIJTB
2529800600,2940170,3,pierna,loading,-0.9661,-0.1892,-0.0508,-0.0610,-0.7324,0.1221,t009,FIJTB
2529800600,2940186,3,pierna,loading,-0.9664,-0.1904,-0.0513,0.6104,-1.2817,0.1221,t009,FIJTB
2529800652,2940202,3,pierna,loading,-0.9717,-0.1927,-0.0526,0.8545,-1.2207,0.0610,t009,FIJTB
2529800652,2940218,3,pierna,loading,-0.9725,-0.1948,-0.0532,0.9766,-0.6714,0.1221,t009,FIJTB
2529800652,2940234,3,pierna,loading,-0.9674,-0.1980,-0.0554,0.9766,-0.4272,0.1831,t009,FIJTB
2529800699,2940250,3,pierna,loading,-0.9650,-0.1914,-0.0580,0.7324,-0.1221,0.4272,t009,FIJTB
2529800701,2940266,3,pierna,loading,-0.9659,-0.1892,-0.0583,0.4883,0.2441,0.5493,t009,FIJTB
2529800702,2940282,3,pierna,loading,-0.9688,-0.1935,-0.0590,0.4883,0.3052,0.6104,t009,FIJTB
2529800736,2940298,3,pierna,loading,-0.9683,-0.1968,-0.0596,0.4272,0.3052,0.4883,t009,FIJTB
2529800754,2940314,3,pierna,loading,-0.9644,-0.1971,-0.0610,0.3662,0.2441,0.3662,t009,FIJTB
2529800755,2940330,3,pierna,loading,-0.9628,-0.1936,-0.0630,0.0610,0.0000,0.3052,t009,FIJTB
2529800756,2940346,3,pierna,loading,-0.9644,-0.1915,-0.0624,-0.2441,0.0610,-0.0610,t009,FIJTB
2529800802,2940362,3,pierna,loading,-0.9661,-0.1866,-0.0599,-0.1221,-0.1831,-0.0610,t009,FIJTB
2529800804,2940378,3,pierna,loading,-0.9650,-0.1874,-0.0597,0.0000,-0.6104,0.4272,t009,FIJTB
2529800804,2940394,3,pierna,loading,-0.9658,-0.1906,-0.0585,0.0610,-0.7935,0.6714,t009,FIJTB
2529800855,2940410,3,pierna,loading,-0.9673,-0.1918,-0.0608,0.1831,-0.9766,0.7935,t009,FIJTB
2529800855,2940426,3,pierna,loading,-0.9688,-0.1919,-0.0616,0.3052,-0.9155,0.6104,t009,FIJTB
2529800856,2940442,3,pierna,loading,-0.9685,-0.1935,-0.0610,0.4883,-0.7324,0.6104,t009,FIJTB
2529800902,2940458,3,pierna,loading,-0.9674,-0.1941,-0.0594,0.5493,-0.6714,0.4272,t009,FIJTB
2529800904,2940474,3,pierna,loading,-0.9647,-0.1957,-0.0582,0.4272,-0.7324,0.3662,t009,FIJTB
2529800904,2940490,3,pierna,loading,-0.9636,-0.1960,-0.0597,0.2441,-1.0376,0.4883,t009,FIJTB
2529800955,2940506,3,pierna,loading,-0.9658,-0.1960,-0.0607,0.2441,-0.8545,0.5493,t009,FIJTB
2529800956,2940522,3,pierna,loading,-0.9679,-0.1953,-0.0598,0.3662,-0.4883,0.4883,t009,FIJTB
2529800956,2940538,3,pierna,loading,-0.9669,-0.1957,-0.0586,0.2441,0.0610,0.4272,t009,FIJTB
2529801003,2940554,3,pierna,loading,-0.9641,-0.1968,-0.0555,0.0000,0.0000,0.5493,t009,FIJTB
2529801005,2940570,3,pierna,loading,-0.9650,-0.1971,-0.0560,-0.4883,-0.4272,0.7324,t009,FIJTB
2529801005,2940586,3,pierna,loading,-0.9690,-0.1964,-0.0576,-0.7324,-0.5493,0.4883,t009,FIJTB
2529801058,2940603,3,pierna,loading,-0.9719,-0.1954,-0.0553,-0.7324,-0.4272,0.3662,t009,FIJTB
2529801058,2940619,3,pierna,loading,-0.9712,-0.1976,-0.0533,-0.4883,-0.0610,0.2441,t009,FIJTB
2529801059,2940635,3,pierna,loading,-0.9669,-0.2021,-0.0516,-0.6104,0.1221,0.3662,t009,FIJTB
2529801059,2940651,3,pierna,loading,-0.9652,-0.2000,-0.0536,-1.1597,0.2441,0.6714,t009,FIJTB
2529801107,2940667,3,pierna,loading,-0.9664,-0.1976,-0.0557,-1.4038,0.1221,0.6104,t009,FIJTB
2529801108,2940683,3,pierna,loading,-0.9667,-0.1952,-0.0569,-1.4038,0.0610,0.4272,t009,FIJTB
2529801109,2940699,3,pierna,loading,-0.9659,-0.1984,-0.0555,-1.4648,-0.2441,0.3052,t009,FIJTB
2529801161,2940716,3,pierna,loading,-0.9655,-0.2034,-0.0557,-1.6479,-0.4272,0.3052,t009,FIJTB
2529801161,2940732,3,pierna,loading,-0.9659,-0.2048,-0.0586,-2.1973,-0.5493,0.3662,t009,FIJTB
2529801162,2940748,3,pierna,loading,-0.9673,-0.2034,-0.0590,-2.9297,-0.3052,0.3052,t009,FIJTB
2529801210,2940764,3,pierna,loading,-0.9684,-0.1984,-0.0577,-3.1738,-0.1831,0.1831,t009,FIJTB
2529801211,2940780,3,pierna,loading,-0.9683,-0.1973,-0.0577,-3.5400,-0.3052,0.0000,t009,FIJTB
2529801211,2940797,3,pierna,loading,-0.9653,-0.1980,-0.0582,-3.5400,-0.4883,0.0610,t009,FIJTB
2529801263,2940813,3,pierna,loading,-0.9615,-0.1959,-0.0631,-3.1738,-0.6104,0.1831,t009,FIJTB
2529801264,2940829,3,pierna,loading,-0.9626,-0.1937,-0.0667,-2.9907,-0.7324,0.2441,t009,FIJTB
2529801264,2940845,3,pierna,loading,-0.9717,-0.1923,-0.0719,-2.8076,-0.7324,0.1831,t009,FIJTB
2529801312,2940861,3,pierna,loading,-0.9727,-0.1915,-0.0723,-2.3193,-0.6714,-0.0610,t009,FIJTB
2529801312,2940877,3,pierna,loading,-0.9641,-0.1892,-0.0718,-2.2583,-0.8545,-0.0610,t009,FIJTB
2529801314,2940893,3,pierna,loading,-0.9583,-0.1886,-0.0740,-2.3193,-1.4038,0.0000,t009,FIJTB
2529801366,2940909,3,pierna,loading,-0.9595,-0.1886,-0.0767,-1.8311,-1.7700,0.1831,t009,FIJTB
2529801366,2940926,3,pierna,loading,-0.9647,-0.1906,-0.0773,-1.5259,-1.7090,0.3662,t009,FIJTB
2529801367,2940942,3,pierna,loading,-0.9667,-0.1927,-0.0764,-0.9766,-1.3428,0.4272,t009,FIJTB
2529801367,2940958,3,pierna,loading,-0.9657,-0.1959,-0.0770,-0.6714,-1.2207,0.3052,t009,FIJTB
2529801415,2940974,3,pierna,loading,-0.9615,-0.1965,-0.0759,-0.3052,-1.2207,0.2441,t009,FIJTB
2529801416,2940990,3,pierna,loading,-0.9617,-0.1959,-0.0746,-0.4272,-1.2817,0.3052,t009,FIJTB
2529801417,2941006,3,pierna,loading,-0.9658,-0.1920,-0.0732,-0.3052,-1.2817,0.3052,t009,FIJTB
2529801469,2941022,3,pierna,loading,-0.9685,-0.1890,-0.0731,0.7324,-1.0376,0.3662,t009,FIJTB
2529801469,2941038,3,pierna,loading,-0.9685,-0.1877,-0.0721,2.0752,-0.7324,0.3052,t009,FIJTB
2529801470,2941054,3,pierna,loading,-0.9635,-0.1925,-0.0702,2.6245,-0.6714,0.3662,t009,FIJTB
2529801517,2941070,3,pierna,loading,-0.9637,-0.1954,-0.0687,2.9907,-0.7324,0.6104,t009,FIJTB
2529801518,2941086,3,pierna,loading,-0.9656,-0.1991,-0.0698,3.0518,-0.7324,0.6714,t009,FIJTB
2529801519,2941102,3,pierna,loading,-0.9659,-0.2000,-0.0704,3.2349,-0.5493,0.7324,t009,FIJTB
2529801572,2941118,3,pierna,loading,-0.9658,-0.1978,-0.0690,3.2349,-0.4272,0.5493,t009,FIJTB
2529801572,2941134,3,pierna,loading,-0.9646,-0.1954,-0.0681,3.2349,-0.4272,0.3052,t009,FIJTB
2529801572,2941150,3,pierna,loading,-0.9644,-0.1951,-0.0675,3.2959,-0.7935,0.3052,t009,FIJTB
2529801573,2941167,3,pierna,loading,-0.9656,-0.1954,-0.0658,3.3569,-0.9155,0.3662,t009,FIJTB
2529801621,2941182,3,pierna,loading,-0.9664,-0.1936,-0.0657,3.4790,-1.0986,0.3662,t009,FIJTB
2529801621,2941198,3,pierna,loading,-0.9666,-0.1904,-0.0693,3.6621,-1.0986,0.3662,t009,FIJTB
2529801622,2941214,3,pierna,loading,-0.9640,-0.1940,-0.0690,4.0894,-1.2207,0.4883,t009,FIJTB
2529801673,2941230,3,pierna,loading,-0.9651,-0.1957,-0.0681,3.8452,-1.5869,0.7324,t009,FIJTB
2529801674,2941247,3,pierna,loading,-0.9662,-0.1982,-0.0671,3.5400,-1.7090,0.7935,t009,FIJTB
2529801674,2941263,3,pierna,loading,-0.9656,-0.1981,-0.0670,3.1738,-2.0142,0.7935,t009,FIJTB
2529801723,2941279,3,pierna,loading,-0.9646,-0.1980,-0.0680,3.0518,-2.1362,0.8545,t009,FIJTB
2529801724,2941295,3,pierna,loading,-0.9663,-0.1997,-0.0710,2.7466,-1.8921,1.1597,t009,FIJTB
2529801725,2941311,3,pierna,loading,-0.9664,-0.1980,-0.0709,2.5635,-1.7090,1.0986,t009,FIJTB
2529801778,2941327,3,pierna,loading,-0.9650,-0.1964,-0.0646,2.3804,-1.7090,1.0376,t009,FIJTB
2529801779,2941343,3,pierna,loading,-0.9641,-0.1985,-0.0623,2.2583,-1.7700,1.0376,t009,FIJTB
2529801779,2941359,3,pierna,loading,-0.9659,-0.2042,-0.0635,2.4414,-1.9531,1.2207,t009,FIJTB
2529801828,2941375,3,pierna,loading,-0.9688,-0.2046,-0.0658,2.1362,-1.9531,1.1597,t009,FIJTB
2529801829,2941391,3,pierna,loading,-0.9685,-0.2075,-0.0660,1.5259,-1.0986,1.0986,t009,FIJTB
2529801831,2941407,3,pierna,loading,-0.9674,-0.2145,-0.0635,1.1597,-0.5493,1.2207,t009,FIJTB
2529801831,2941423,3,pierna,loading,-0.9677,-0.2150,-0.0647,-0.1831,0.4883,1.2817,t009,FIJTB
2529801884,2941439,3,pierna,loading,-0.9679,-0.2087,-0.0647,-0.6714,0.7935,1.1597,t009,FIJTB
2529801885,2941455,3,pierna,loading,-0.9657,-0.2053,-0.0653,-0.9155,0.7324,0.8545,t009,FIJTB
2529801885,2941471,3,pierna,loading,-0.9662,-0.2045,-0.0668,-0.7324,0.7935,0.7324,t009,FIJTB
2529801934,2941487,3,pierna,loading,-0.9661,-0.2034,-0.0725,-0.4883,0.8545,0.7935,t009,FIJTB
2529801936,2941503,3,pierna,loading,-0.9650,-0.2040,-0.0735,-0.2441,1.2207,0.8545,t009,FIJTB
2529801937,2941519,3,pierna,loading,-0.9613,-0.2069,-0.0728,-0.4272,1.4648,0.9155,t009,FIJTB
2529801990,2941535,3,pierna,loading,-0.9606,-0.2074,-0.0741,-0.9766,1.6479,1.0986,t009,FIJTB
2529801991,2941551,3,pierna,loading,-0.9640,-0.2056,-0.0780,-1.3428,1.5869,1.0986,t009,FIJTB
2529801991,2941567,3,pierna,loading,-0.9630,-0.2032,-0.0767,-1.5259,1.5259,1.0376,t009,FIJTB
2529801991,2941583,3,pierna,loading,-0.9624,-0.2045,-0.0747,-1.8921,1.4038,0.9766,t009,FIJTB
2529802043,2941599,3,pierna,loading,-0.9629,-0.2075,-0.0724,-2.1973,1.4038,0.9766,t009,FIJTB
2529802043,2941615,3,pierna,loading,-0.9619,-0.2079,-0.0721,-2.8076,0.9766,1.1597,t009,FIJTB
2529802043,2941631,3,pierna,loading,-0.9615,-0.2047,-0.0734,-2.9907,0.7324,1.1597,t009,FIJTB
2529802096,2941647,3,pierna,loading,-0.9663,-0.1998,-0.0750,-2.9907,0.6714,0.9766,t009,FIJTB
2529802096,2941663,3,pierna,loading,-0.9670,-0.2001,-0.0742,-2.6855,0.7324,0.7935,t009,FIJTB
2529802097,2941679,3,pierna,loading,-0.9620,-0.2045,-0.0701,-2.5635,0.7935,0.7935,t009,FIJTB
2529802147,2941695,3,pierna,loading,-0.9604,-0.2054,-0.0692,-2.3804,0.5493,0.8545,t009,FIJTB
2529802150,2941711,3,pierna,loading,-0.9614,-0.2030,-0.0704,-2.1973,0.3662,0.7324,t009,FIJTB
2529802150,2941727,3,pierna,loading,-0.9642,-0.2046,-0.0713,-2.3193,0.1831,0.6714,t009,FIJTB
2529802150,2941743,3,pierna,loading,-0.9641,-0.2061,-0.0725,-2.4414,0.1221,0.7324,t009,FIJTB
2529802205,2941759,3,pierna,loading,-0.9609,-0.2083,-0.0743,-2.4414,-0.0610,0.7324,t009,FIJTB
2529802206,2941775,3,pierna,loading,-0.9596,-0.2095,-0.0740,-2.6855,-0.3052,0.6104,t009,FIJTB
2529802206,2941791,3,pierna,loading,-0.9597,-0.2086,-0.0752,-2.6855,-0.4883,0.4883,t009,FIJTB
2529802257,2941807,3,pierna,loading,-0.9626,-0.2037,-0.0763,-2.2583,-0.8545,0.0610,t009,FIJTB
2529802259,2941823,3,pierna,loading,-0.9640,-0.2024,-0.0767,-2.1362,-1.0376,0.0000,t009,FIJTB
2529802260,2941839,3,pierna,loading,-0.9646,-0.2019,-0.0737,-2.1362,-1.1597,0.0610,t009,FIJTB
2529802315,2941855,3,pierna,loading,-0.9645,-0.2032,-0.0732,-1.8921,-1.2207,0.0000,t009,FIJTB
2529802316,2941871,3,pierna,loading,-0.9664,-0.2020,-0.0710,-1.7700,-1.0986,0.0000,t009,FIJTB
2529802316,2941887,3,pierna,loading,-0.9656,-0.2040,-0.0679,-1.3428,-0.6714,0.0610,t009,FIJTB
2529802316,2941903,3,pierna,loading,-0.9655,-0.2036,-0.0679,-0.5493,-0.1831,0.0000,t009,FIJTB
2529802368,2941919,3,pierna,loading,-0.9647,-0.1971,-0.0682,-0.2441,0.0000,-0.3052,t009,FIJTB
2529802370,2941935,3,pierna,loading,-0.9639,-0.1948,-0.0681,0.3662,-0.1221,-0.5493,t009,FIJTB
2529802370,2941951,3,pierna,loading,-0.9613,-0.2023,-0.0679,0.7324,-0.1221,-0.4272,t009,FIJTB
2529802426,2941968,3,pierna,loading,-0.9645,-0.2034,-0.0684,1.2207,-0.4272,-0.1221,t009,FIJTB
2529802427,2941984,3,pierna,loading,-0.9630,-0.2018,-0.0682,0.7935,-0.3052,-0.6714,t009,FIJTB
2529802427,2942000,3,pierna,loading,-0.9596,-0.2091,-0.0730,1.0986,-0.4883,-0.7935,t009,FIJTB
2529802428,2942016,3,pierna,loading,-0.9603,-0.2142,-0.0747,1.6479,-1.5259,-1.2207,t009,FIJTB
2529802481,2942032,3,pierna,loading,-0.9606,-0.2206,-0.0767,1.2207,-1.7700,-1.5259,t009,FIJTB
2529802482,2942048,3,pierna,loading,-0.9601,-0.2252,-0.0773,-0.6714,-1.9531,-1.8311,t009,FIJTB
2529802483,2942064,3,pierna,loading,-0.9600,-0.2269,-0.0768,-2.6855,-2.5635,-2.0752,t009,FIJTB
2529802514,2942080,3,pierna,loading,-0.9645,-0.2263,-0.0730,-3.6011,-2.7466,-2.1362,t009,FIJTB
2529802540,2942097,3,pierna,loading,-0.9672,-0.2227,-0.0695,-4.8828,-1.9531,-2.5635,t009,FIJTB
2529802541,2942113,3,pierna,loading,-0.9633,-0.2184,-0.0688,-5.1270,-1.4038,-2.9297,t009,FIJTB
2529802541,2942129,3,pierna,loading,-0.9633,-0.2235,-0.0730,-5.5542,-0.9766,-3.1738,t009,FIJTB
2529802594,2942145,3,pierna,loading,-0.9656,-0.2249,-0.0734,-7.1411,-0.8545,-2.8687,t009,FIJTB
2529802595,2942161,3,pierna,loading,-0.9700,-0.2189,-0.0701,-7.9346,-0.7935,-2.8687,t009,FIJTB
2529802596,2942178,3,pierna,loading,-0.9681,-0.2148,-0.0695,-8.3008,-0.5493,-3.2959,t009,FIJTB
2529802653,2942194,3,pierna,loading,-0.9690,-0.2106,-0.0737,-8.1177,0.3052,-3.7842,t009,FIJTB
2529802653,2942210,3,pierna,loading,-0.9587,-0.2072,-0.0773,-8.3618,0.7324,-3.8452,t009,FIJTB
2529802654,2942226,3,pierna,loading,-0.9554,-0.2039,-0.0767,-10.3149,1.4038,-3.4180,t009,FIJTB
2529802654,2942242,3,pierna,loading,-0.9547,-0.1954,-0.0752,-11.5967,1.7700,-3.1738,t009,FIJTB
2529802706,2942258,3,pierna,loading,-0.9584,-0.1967,-0.0797,-11.9019,2.1973,-2.8076,t009,FIJTB
2529802708,2942274,3,pierna,loading,-0.9636,-0.1981,-0.0800,-10.9253,2.6855,-2.5635,t009,FIJTB
2529802709,2942290,3,pierna,loading,-0.9727,-0.2015,-0.0757,-10.8032,2.9907,-2.8687,t009,FIJTB
2529802766,2942307,3,pierna,loading,-0.9730,-0.2013,-0.0741,-10.9863,3.0518,-3.7842,t009,FIJTB
2529802766,2942323,3,pierna,loading,-0.9692,-0.1947,-0.0730,-11.1694,2.8076,-4.1504,t009,FIJTB
2529802766,2942339,3,pierna,loading,-0.9696,-0.1796,-0.0754,-11.7187,1.2817,-4.5776,t009,FIJTB
2529802767,2942355,3,pierna,loading,-0.9673,-0.1754,-0.0762,-11.1694,-0.8545,-4.6997,t009,FIJTB
2529802819,2942371,3,pierna,loading,-0.9635,-0.1708,-0.0768,-10.4370,-1.6479,-4.5166,t009,FIJTB
2529802819,2942387,3,pierna,loading,-0.9698,-0.1692,-0.0762,-8.5449,-2.4414,-4.4556,t009,FIJTB
2529802821,2942403,3,pierna,loading,-0.9753,-0.1625,-0.0735,-7.7515,-2.6245,-4.8218,t009,FIJTB
2529802878,2942419,3,pierna,loading,-0.9589,-0.1606,-0.0719,-6.2256,-3.1738,-4.7607,t009,FIJTB
2529802879,2942435,3,pierna,loading,-0.9563,-0.1637,-0.0712,-4.7607,-3.6621,-3.8452,t009,FIJTB
2529802879,2942452,3,pierna,loading,-0.9675,-0.1694,-0.0665,-3.9673,-3.7842,-3.6621,t009,FIJTB
2529802880,2942468,3,pierna,loading,-0.9712,-0.1708,-0.0660,-1.8921,-3.4790,-3.6621,t009,FIJTB
2529802933,2942484,3,pierna,loading,-0.9680,-0.1737,-0.0636,-0.9766,-3.2959,-3.6621,t009,FIJTB
2529802935,2942500,3,pierna,loading,-0.9681,-0.1821,-0.0631,0.2441,-2.9297,-3.6621,t009,FIJTB
2529802935,2942516,3,pierna,loading,-0.9757,-0.1832,-0.0640,0.3052,-2.2583,-3.7231,t009,FIJTB
2529802972,2942532,3,pierna,loading,-0.9862,-0.1744,-0.0675,0.0000,-2.0752,-4.1504,t009,FIJTB
2529802991,2942548,3,pierna,loading,-0.9768,-0.1699,-0.0687,-0.0610,-2.3804,-4.6387,t009,FIJTB
2529802992,2942564,3,pierna,loading,-0.9521,-0.1718,-0.0684,0.6104,-2.5024,-4.3335,t009,FIJTB
2529802993,2942581,3,pierna,loading,-0.9500,-0.1823,-0.0677,1.5259,-2.1362,-3.2349,t009,FIJTB
2529803044,2942597,3,pierna,loading,-0.9536,-0.1808,-0.0665,0.4883,-0.9155,-2.4414,t009,FIJTB
2529803047,2942613,3,pierna,loading,-0.9565,-0.1678,-0.0695,-0.0610,-0.4272,-2.4414,t009,FIJTB
2529803047,2942629,3,pierna,loading,-0.9567,-0.1642,-0.0707,0.6714,0.1831,-2.6855,t009,FIJTB
2529803102,2942645,3,pierna,loading,-0.9631,-0.1732,-0.0668,1.7090,0.8545,-2.4414,t009,FIJTB
2529803103,2942661,3,pierna,loading,-0.9778,-0.1755,-0.0586,2.0752,2.9907,-2.1362,t009,FIJTB
2529803103,2942677,3,pierna,loading,-0.9785,-0.1617,-0.0531,-1.7700,4.8218,-5.6763,t009,FIJTB
2529803104,2942693,3,pierna,loading,-0.9692,-0.1544,-0.0413,-4.5166,5.4932,-7.6904,t009,FIJTB
2529803155,2942709,3,pierna,loading,-0.9731,-0.1758,-0.0424,-4.7607,4.6997,-7.2021,t009,FIJTB
2529803157,2942726,3,pierna,loading,-0.9930,-0.2378,-0.0341,-3.3569,3.4790,-5.4321,t009,FIJTB
2529803158,2942742,3,pierna,loading,-0.9841,-0.2526,-0.0171,-5.3711,1.9531,-3.6621,t009,FIJTB
2529803214,2942758,3,pierna,loading,-0.9764,-0.2439,-0.0051,-13.1836,0.4883,-4.6997,t009,FIJTB
2529803215,2942774,3,pierna,loading,-0.9880,-0.2211,0.0278,-17.5781,-0.0610,-5.9814,t009,FIJTB
2529803215,2942790,3,pierna,loading,-1.0056,-0.2139,0.0554,-23.9868,2.3804,-8.6670,t009,FIJTB
2529803215,2942806,3,pierna,loading,-1.0300,-0.2085,0.1256,-25.8179,6.1035,-9.4604,t009,FIJTB
2529803268,2942822,3,pierna,loading,-1.0150,-0.2035,0.1924,-27.8320,16.8457,-8.6670,t009,FIJTB
2529803271,2942838,3,pierna,loading,-1.0063,-0.2019,0.2268,-27.3437,28.4424,-6.5308,t009,FIJTB
2529803271,2942854,3,pierna,loading,-1.0383,-0.2004,0.3011,-25.7568,35.2783,-5.8594,t009,FIJTB
2529803330,2942870,3,pierna,loading,-1.0613,-0.1949,0.3336,-24.7803,51.4526,-7.2632,t009,FIJTB
2529803330,2942886,3,pierna,loading,-1.0582,-0.1932,0.4006,-25.7568,59.3872,-8.6060,t009,FIJTB
2529803330,2942902,3,pierna,loading,-1.0002,-0.1965,0.3898,-22.8882,70.2515,-7.2632,t009,FIJTB
2529803385,2942918,3,pierna,loading,-0.9774,-0.1929,0.3452,-10.8643,67.2607,-2.1973,t009,FIJTB
2529803385,2942934,3,pierna,loading,-0.9982,-0.1321,0.2323,-2.5024,63.9038,-0.3052,t009,FIJTB
2529803387,2942950,3,pierna,loading,-1.0465,-0.1067,0.1757,17.4561,66.2842,4.2725,t009,FIJTB
2529803388,2942966,3,pierna,loading,-1.1090,-0.1029,0.0090,23.7427,68.7256,8.7280,t009,FIJTB
2529803424,2942982,3,pierna,loading,-1.1249,-0.1354,-0.0542,23.1323,66.5283,16.9678,t009,FIJTB
2529803449,2942998,3,pierna,loading,-1.1349,-0.1659,-0.0264,12.9395,67.9321,18.8599,t009,FIJTB
2529803449,2943014,3,pierna,loading,-1.1079,-0.1902,-0.0123,3.6011,68.1763,16.7847,t009,FIJTB
2529803449,2943029,3,pierna,loading,-1.0559,-0.1770,-0.0387,-9.9487,60.0586,10.9863,t009,FIJTB
2529803485,2943045,3,pierna,loading,-0.9492,-0.1217,-0.0765,-8.8501,53.9551,10.0708,t009,FIJTB
2529803507,2943061,3,pierna,loading,-0.9115,-0.0964,-0.0579,3.6011,47.9126,9.3384,t009,FIJTB
2529803508,2943077,3,pierna,loading,-0.8796,-0.1102,0.0200,7.2021,48.2788,9.5825,t009,FIJTB
2529803509,2943093,3,pierna,loading,-0.8832,-0.1791,0.0957,-1.5259,48.1567,12.3901,t009,FIJTB
2529803577,2943109,3,pierna,loading,-0.8867,-0.1914,0.1216,-23.8037,43.1519,15.1367,t009,FIJTB
2529803578,2943125,3,pierna,loading,-0.8800,-0.1545,0.1547,-34.3628,39.3677,14.8926,t009,FIJTB
2529803579,2943141,3,pierna,loading,-0.8700,-0.1238,0.1720,-48.4009,32.3486,11.0474,t009,FIJTB
2529803579,2943157,3,pierna,loading,-0.8599,-0.0680,0.2126,-52.4292,29.7852,8.2397,t009,FIJTB
2529803629,2943173,3,pierna,loading,-0.8743,-0.0344,0.2604,-58.1665,26.3062,2.1973,t009,FIJTB
2529803644,2943189,3,pierna,loading,-0.8867,-0.0392,0.2893,-62.4390,24.6582,-3.5400,t009,FIJTB
2529803644,2943205,3,pierna,loading,-0.9025,-0.0947,0.3500,-64.1479,24.3530,-5.3101,t009,FIJTB
2529803655,2943221,3,pierna,loading,-0.8961,-0.1245,0.3688,-63.2935,25.9399,-6.1646,t009,FIJTB
2529803711,2943237,3,pierna,loading,-0.8533,-0.1274,0.3619,-60.3638,26.1230,-5.7373,t009,FIJTB
2529803712,2943253,3,pierna,loading,-0.8375,-0.0618,0.3331,-52.2461,19.2261,-5.6763,t009,FIJTB
2529803713,2943269,3,pierna,loading,-0.8448,-0.0375,0.3428,-46.9360,14.0381,-7.4463,t009,FIJTB
2529803775,2943285,3,pierna,loading,-0.8604,-0.0293,0.3867,-44.1894,14.7095,-7.5073,t009,FIJTB
2529803778,2943301,3,pierna,loading,-0.8726,-0.0321,0.4163,-36.8042,18.8599,-7.2021,t009,FIJTB
2529803778,2943317,3,pierna,loading,-0.9001,-0.0168,0.5000,-31.4941,21.5454,-7.8735,t009,FIJTB
2529803838,2943333,3,pierna,loading,-0.9172,-0.0063,0.5293,-17.4561,24.4141,-11.8408,t009,FIJTB
2529803846,2943349,3,pierna,loading,-0.9329,0.0071,0.5457,-9.0332,23.8037,-15.3809,t009,FIJTB
2529803847,2943365,3,pierna,loading,-0.8707,0.0253,0.4760,11.7798,19.3481,-21.9727,t009,FIJTB
2529803847,2943381,3,pierna,loading,-0.8353,0.0089,0.4053,28.3203,12.0239,-24.1089,t009,FIJTB
2529803911,2943397,3,pierna,loading,-0.8405,-0.0439,0.3291,33.8135,10.6812,-21.6675,t009,FIJTB
2529803911,2943413,3,pierna,loading,-0.8518,-0.0673,0.3315,38.1470,15.0146,-15.7471,t009,FIJTB
2529803913,2943429,3,pierna,loading,-0.8722,-0.1062,0.3763,36.2549,17.8223,-14.0381,t009,FIJTB
2529803914,2943445,3,pierna,loading,-0.8693,-0.1476,0.3882,28.2593,20.8740,-13.2446,t009,FIJTB
2529803914,2943461,3,pierna,loading,-0.8636,-0.1676,0.3867,16.7236,20.1416,-13.1226,t009,FIJTB
2529803915,2943476,3,pierna,loading,-0.8519,-0.1727,0.3851,10.6812,18.4937,-12.8784,t009,FIJTB
2529803980,2943492,3,pierna,loading,-0.8474,-0.1556,0.3889,-0.4272,14.0381,-13.1836,t009,FIJTB
2529803981,2943508,3,pierna,loading,-0.8279,-0.1095,0.4052,-5.4932,11.9629,-13.1836,t009,FIJTB
2529803981,2943524,3,pierna,loading,-0.8234,-0.0933,0.4312,-13.3057,8.4229,-11.1694,t009,FIJTB
2529803982,2943540,3,pierna,loading,-0.8369,-0.0853,0.4413,-16.2354,5.8594,-8.4229,t009,FIJTB
2529803982,2943556,3,pierna,loading,-0.8418,-0.0498,0.4395,-15.6250,4.3945,-7.9346,t009,FIJTB
2529803982,2943572,3,pierna,loading,-0.8342,-0.0337,0.4359,-9.7656,0.7935,-7.2021,t009,FIJTB
2529804047,2943588,3,pierna,loading,-0.8318,-0.0278,0.4366,-5.5542,-0.1831,-5.9814,t009,FIJTB
2529804047,2943605,3,pierna,loading,-0.8320,-0.0359,0.4392,3.4180,-0.6714,-2.3804,t009,FIJTB
2529804048,2943620,3,pierna,loading,-0.8199,-0.0463,0.4341,10.4980,-2.7466,0.5493,t009,FIJTB
2529804114,2943636,3,pierna,loading,-0.7842,-0.0531,0.3956,12.8784,-4.4556,2.0752,t009,FIJTB
2529804115,2943652,3,pierna,loading,-0.7590,-0.0580,0.3544,17.8833,-10.3149,7.4463,t009,FIJTB
2529804115,2943668,3,pierna,loading,-0.7061,-0.0450,0.2372,20.8740,-15.8081,10.1929,t009,FIJTB
2529804115,2943684,3,pierna,loading,-0.6785,-0.0251,0.1465,27.1606,-33.4473,11.6577,t009,FIJTB
2529804116,2943700,3,pierna,loading,-0.7158,0.0199,-0.0515,31.1890,-44.8608,10.5591,t009,FIJTB
2529804179,2943716,3,pierna,loading,-1.0040,0.0574,0.2126,36.8652,-51.2085,5.0049,t009,FIJTB
2529804179,2943732,3,pierna,loading,-1.1166,-0.0042,0.4906,19.7754,-17.8223,12.6343,t009,FIJTB
2529804180,2943748,3,pierna,loading,-1.5469,-0.3827,1.1694,5.3101,4.8828,26.7334,t009,FIJTB
2529804180,2943764,3,pierna,loading,-1.7754,-0.5851,1.2943,-46.0205,20.2026,42.1143,t009,FIJTB
2529804245,2943780,3,pierna,loading,-1.3380,-0.3215,0.6602,-78.7964,0.3052,28.2593,t009,FIJTB
2529804245,2943796,3,pierna,loading,-0.7910,0.1219,-0.0032,-81.9702,-57.3120,2.5024,t009,FIJTB
2529804246,2943812,3,pierna,loading,-0.7296,0.1444,-0.1165,-23.6206,-67.8101,8.6670,t009,FIJTB
2529804246,2943828,3,pierna,loading,-0.6447,0.0856,-0.1133,2.9907,-54.3823,15.6250,t009,FIJTB
2529804307,2943844,3,pierna,loading,-0.6796,0.0222,-0.0487,40.0391,-36.1328,29.5410,t009,FIJTB
2529804308,2943860,3,pierna,loading,-0.9366,-0.2191,0.0184,53.4058,-36.1328,35.4004,t009,FIJTB
2529804309,2943876,3,pierna,loading,-1.0364,-0.3389,0.0238,60.6689,-38.8794,39.4287,t009,FIJTB
2529804310,2943892,3,pierna,loading,-1.0485,-0.3011,0.0680,48.0347,-39.1846,37.1704,t009,FIJTB
2529804378,2943908,3,pierna,loading,-1.0210,-0.1333,0.1947,5.7373,-44.5557,28.3813,t009,FIJTB
2529804379,2943924,3,pierna,loading,-1.0188,-0.1251,0.2545,-18.3716,-56.2134,18.8599,t009,FIJTB
2529804379,2943940,3,pierna,loading,-0.9471,-0.2296,0.2350,-20.3857,-59.0210,14.4653,t009,FIJTB
2529804380,2943956,3,pierna,loading,-0.8984,-0.2738,0.1925,-19.8975,-57.6172,10.1929,t009,FIJTB
2529804444,2943972,3,pierna,loading,-0.8389,-0.2848,0.1487,-20.4468,-55.2368,10.8032,t009,FIJTB
2529804444,2943988,3,pierna,loading,-0.9126,-0.2791,0.1450,-19.8364,-50.1099,14.4653,t009,FIJTB
2529804446,2944004,3,pierna,loading,-0.9785,-0.2609,0.1399,-18.0054,-45.9595,14.0991,t009,FIJTB
2529804447,2944020,3,pierna,loading,-1.0320,-0.1862,0.1324,-15.4419,-42.0532,12.3291,t009,FIJTB
2529804515,2944036,3,pierna,loading,-1.0015,-0.1644,0.1311,-2.8687,-32.5928,9.3994,t009,FIJTB
2529804516,2944052,3,pierna,loading,-0.9287,-0.1927,0.1217,5.9814,-29.9683,8.1177,t009,FIJTB
2529804516,2944068,3,pierna,loading,-0.9028,-0.2992,0.1216,20.4468,-27.4658,7.3242,t009,FIJTB
2529804516,2944084,3,pierna,loading,-0.9043,-0.3347,0.1154,22.7661,-27.8320,9.7656,t009,FIJTB
2529804517,2944100,3,pierna,loading,-0.9459,-0.2954,0.0889,21.3013,-29.0527,10.7422,t009,FIJTB
2529804581,2944116,3,pierna,loading,-0.9805,-0.2421,0.0840,18.0054,-30.2734,10.1318,t009,FIJTB
2529804582,2944132,3,pierna,midstance,-1.0096,-0.1471,0.0930,17.7002,-29.9683,8.8501,t009,FIJTB
2529804582,2944148,3,pierna,midstance,-0.9796,-0.1486,0.0833,23.1323,-29.3579,6.8359,t009,FIJTB
2529804583,2944164,3,pierna,midstance,-0.9594,-0.1700,0.0660,31.3721,-30.0903,6.8359,t009,FIJTB
2529804586,2944180,3,pierna,midstance,-0.9165,-0.1982,0.0216,33.1421,-30.7617,7.0801,t009,FIJTB
2529804654,2944196,3,pierna,midstance,-0.9036,-0.2057,0.0098,32.6538,-31.6162,7.0801,t009,FIJTB
2529804654,2944212,3,pierna,midstance,-0.9364,-0.2081,0.0583,31.3721,-30.6396,6.6528,t009,FIJTB
2529804655,2944228,3,pierna,midstance,-0.9905,-0.1636,0.0795,27.7710,-26.4282,2.5024,t009,FIJTB
2529804655,2944244,3,pierna,midstance,-0.9998,-0.1638,0.0667,30.7007,-27.1606,-2.0752,t009,FIJTB
2529804719,2944260,3,pierna,midstance,-0.9722,-0.2195,0.0770,33.3252,-27.2827,-1.7700,t009,FIJTB
2529804721,2944276,3,pierna,midstance,-0.9553,-0.2373,0.0990,32.3486,-23.9868,2.9907,t009,FIJTB
2529804722,2944292,3,pierna,midstance,-0.9491,-0.2289,0.0896,30.8228,-23.9868,4.3945,t009,FIJTB
2529804722,2944308,3,pierna,midstance,-0.9609,-0.2289,0.0645,31.6772,-29.2358,4.0894,t009,FIJTB
2529804790,2944323,3,pierna,midstance,-0.9680,-0.2368,0.0453,31.3721,-31.3721,3.9062,t009,FIJTB
2529804790,2944339,3,pierna,midstance,-0.9493,-0.2432,0.0416,29.0527,-33.3862,5.0659,t009,FIJTB
2529804791,2944355,3,pierna,midstance,-0.9463,-0.2437,0.0328,28.2593,-35.8276,5.1880,t009,FIJTB
2529804791,2944371,3,pierna,midstance,-0.9384,-0.2063,-0.0035,27.3437,-36.7432,4.4556,t009,FIJTB
2529804853,2944387,3,pierna,midstance,-0.9287,-0.1855,-0.0193,26.7334,-37.2925,3.7231,t009,FIJTB
2529804854,2944404,3,pierna,midstance,-0.9371,-0.1774,0.0028,28.3203,-36.6211,3.6621,t009,FIJTB
2529804856,2944419,3,pierna,midstance,-0.9576,-0.2230,0.0593,33.0200,-32.4097,3.4180,t009,FIJTB
2529804857,2944435,3,pierna,midstance,-0.9514,-0.2581,0.0581,37.4146,-28.3203,3.6011,t009,FIJTB
2529804876,2944451,3,pierna,midstance,-0.9384,-0.2831,-0.0227,37.5977,-27.5269,3.9062,t009,FIJTB
2529804923,2944467,3,pierna,midstance,-0.9425,-0.2550,-0.0692,34.4849,-27.7100,4.8828,t009,FIJTB
2529804924,2944483,3,pierna,midstance,-0.9299,-0.2157,-0.1154,33.8135,-28.5034,5.1880,t009,FIJTB
2529804924,2944499,3,pierna,midstance,-0.9312,-0.2493,-0.1475,34.7900,-28.9917,4.3335,t009,FIJTB
2529804924,2944515,3,pierna,midstance,-0.9385,-0.2721,-0.1725,39.1235,-26.6113,3.0518,t009,FIJTB
2529804988,2944531,3,pierna,midstance,-0.9427,-0.2760,-0.1892,41.4429,-25.7568,2.3804,t009,FIJTB
2529804989,2944547,3,pierna,midstance,-0.9290,-0.2660,-0.1852,43.3350,-27.5879,0.8545,t009,FIJTB
2529804989,2944563,3,pierna,midstance,-0.9259,-0.2494,-0.1592,42.3584,-29.2358,-0.1831,t009,FIJTB
2529804989,2944579,3,pierna,midstance,-0.9592,-0.2578,-0.1259,38.7573,-30.8838,-2.3193,t009,FIJTB
2529805054,2944595,3,pierna,midstance,-0.9640,-0.2615,-0.1147,34.7900,-30.4565,-3.9673,t009,FIJTB
2529805055,2944611,3,pierna,midstance,-0.9575,-0.2449,-0.0974,33.8135,-30.1514,-4.8828,t009,FIJTB
2529805055,2944628,3,pierna,midstance,-0.9601,-0.2338,-0.0808,35.5225,-30.0293,-5.4932,t009,FIJTB
2529805056,2944644,3,pierna,midstance,-0.9706,-0.2610,-0.0343,37.2314,-29.6631,-4.9438,t009,FIJTB
2529805116,2944660,3,pierna,midstance,-0.9917,-0.3737,-0.0004,38.3301,-27.2827,-2.7466,t009,FIJTB
2529805117,2944676,3,pierna,midstance,-1.0266,-0.4376,0.0024,34.7900,-25.5127,-0.3662,t009,FIJTB
2529805117,2944692,3,pierna,terminal,-1.1592,-0.4796,0.0220,31.6772,-24.2920,-1.2207,t009,FIJTB
2529805117,2944708,3,pierna,terminal,-1.2075,-0.4532,0.0461,19.1040,-16.0522,-9.4604,t009,FIJTB
2529805185,2944724,3,pierna,terminal,-1.1937,-0.3423,0.1277,10.3760,-7.9956,-15.5029,t009,FIJTB
2529805185,2944740,3,pierna,terminal,-1.1387,-0.1831,0.2085,-2.9907,13.0005,-26.2451,t009,FIJTB
2529805186,2944756,3,pierna,terminal,-1.1178,-0.0854,0.2352,-3.9062,20.3857,-32.4097,t009,FIJTB
2529805186,2944772,3,pierna,terminal,-1.0973,0.1455,0.3446,3.4790,16.2354,-32.1045,t009,FIJTB
2529805247,2944788,3,pierna,terminal,-1.1193,0.2842,0.3364,36.3770,13.3667,-24.7803,t009,FIJTB
2529805249,2944804,3,pierna,terminal,-1.1749,0.3713,0.0328,52.9175,16.3574,-18.7378,t009,FIJTB
2529805249,2944820,3,pierna,terminal,-1.1829,0.2808,-0.1172,78.4302,38.4521,-5.3711,t009,FIJTB
2529805249,2944836,3,pierna,terminal,-1.0731,-0.0240,-0.2126,91.2476,55.4199,0.6714,t009,FIJTB
2529805312,2944852,3,pierna,terminal,-0.9479,-0.3761,-0.2865,105.4687,82.9468,12.5122,t009,FIJTB
2529805312,2944868,3,pierna,terminal,-0.9408,-0.5183,-0.3367,77.8809,94.1772,20.3247,t009,FIJTB
2529805313,2944884,3,pierna,terminal,-1.0282,-0.5690,-0.2946,48.3398,98.2666,19.6533,t009,FIJTB
2529805313,2944900,3,pierna,terminal,-1.0784,-0.4886,-0.2190,-17.6392,104.5532,7.8125,t009,FIJTB
2529805372,2944916,3,pierna,terminal,-1.1444,-0.4238,-0.2025,-42.6025,104.1870,1.1597,t009,FIJTB
2529805374,2944932,3,pierna,terminal,-1.1797,-0.4403,-0.2913,-69.2139,97.4731,-0.1831,t009,FIJTB
2529805374,2944948,3,pierna,terminal,-1.1809,-0.3608,-0.2968,-81.7261,97.5952,5.7983,t009,FIJTB
2529805375,2944964,3,pierna,terminal,-1.1306,-0.1561,-0.2253,-84.5337,99.9145,6.9580,t009,FIJTB
2529805438,2944980,3,pierna,terminal,-1.0889,-0.1163,-0.1768,-81.4819,100.7080,14.3433,t009,FIJTB
2529805439,2944996,3,pierna,terminal,-0.9838,-0.1146,-0.1036,-76.1108,98.4497,20.3857,t009,FIJTB
2529805439,2945012,3,pierna,terminal,-0.9138,-0.0865,-0.0712,-60.7910,91.1255,24.7803,t009,FIJTB
2529805439,2945028,3,pierna,terminal,-0.9095,-0.0725,-0.0656,-51.9409,86.4868,17.1509,t009,FIJTB
2529805500,2945044,3,pierna,terminal,-0.9286,-0.0811,-0.0529,-51.9409,84.6558,13.1836,t009,FIJTB
2529805501,2945060,3,pierna,terminal,-0.9280,-0.1056,-0.0479,-57.9834,79.2847,10.6201,t009,FIJTB
2529805501,2945076,3,pierna,terminal,-0.9258,-0.1254,-0.0492,-61.5234,75.8667,10.6812,t009,FIJTB
2529805513,2945092,3,pierna,terminal,-0.9387,-0.0931,-0.0514,-60.1807,71.0449,9.5825,t009,FIJTB
2529805564,2945108,3,pierna,terminal,-0.9302,-0.0918,-0.0542,-47.6074,68.4204,8.2397,t009,FIJTB
2529805564,2945124,3,pierna,terminal,-0.8757,-0.1127,-0.0410,-40.7715,66.4063,7.6294,t009,FIJTB
2529805564,2945140,3,pierna,terminal,-0.8452,-0.1152,-0.0210,-29.5410,61.8286,5.6152,t009,FIJTB
2529805565,2945156,3,pierna,terminal,-0.7825,-0.1241,0.0229,-24.8413,59.0820,5.3711,t009,FIJTB
2529805625,2945172,3,pierna,terminal,-0.7725,-0.1305,0.0509,-20.0806,52.1240,7.3242,t009,FIJTB
2529805626,2945188,3,pierna,terminal,-0.7766,-0.1305,0.1127,-20.6299,48.7671,8.1177,t009,FIJTB
2529805626,2945204,3,pierna,terminal,-0.7847,-0.0916,0.1677,-25.6348,42.2974,8.1177,t009,FIJTB
2529805681,2945220,3,pierna,terminal,-0.7932,-0.0693,0.1891,-29.1138,35.1563,5.8594,t009,FIJTB
2529805689,2945235,3,pierna,terminal,-0.8044,-0.0402,0.2223,-28.3813,31.7383,4.3335,t009,FIJTB
2529805690,2945251,3,pierna,terminal,-0.7975,-0.0490,0.2380,-22.8882,25.1465,1.4038,t009,FIJTB
2529805690,2945267,3,pierna,terminal,-0.7941,-0.1008,0.2657,-20.0195,22.0947,0.9766,t009,FIJTB
2529805691,2945283,3,pierna,terminal,-0.7816,-0.1313,0.3009,-13.3057,16.7847,1.8921,t009,FIJTB
2529805752,2945299,3,pierna,terminal,-0.7697,-0.1566,0.3175,-11.5356,8.2397,5.8594,t009,FIJTB
2529805753,2945315,3,pierna,terminal,-0.7703,-0.2661,0.3789,-14.7095,3.7231,10.3760,t009,FIJTB
2529805753,2945331,3,pierna,terminal,-0.7981,-0.3242,0.4264,-29.4800,-1.2207,22.0337,t009,FIJTB
2529805753,2945347,3,pierna,terminal,-0.8619,-0.3683,0.4844,-39.4897,-0.7324,25.5127,t009,FIJTB
2529805815,2945363,3,pierna,terminal,-0.9026,-0.2518,0.5345,-60.1807,1.2817,20.9351,t009,FIJTB
2529805815,2945379,3,pierna,swing,-0.9017,-0.1613,0.5717,-71.7163,2.3804,5.4321,t009,FIJTB
2529805816,2945395,3,pierna,swing,-0.8589,-0.0327,0.6461,-72.0215,2.1973,-0.3052,t009,FIJTB
2529805832,2945411,3,pierna,swing,-0.8462,-0.0151,0.6700,-63.7817,-0.0610,-3.1128,t009,FIJTB
2529805875,2945427,3,pierna,swing,-0.8301,-0.0148,0.6576,-56.3965,-2.3193,-2.5024,t009,FIJTB
2529805877,2945443,3,pierna,swing,-0.8257,-0.0142,0.6266,-35.5835,-10.3149,-2.1362,t009,FIJTB
2529805877,2945459,3,pierna,swing,-0.8408,-0.0099,0.5516,-24.1089,-14.8315,-2.2583,t009,FIJTB
2529805938,2945475,3,pierna,swing,-0.8625,-0.0536,0.5475,-4.3335,-17.0288,0.4883,t009,FIJTB
2529805938,2945491,3,pierna,swing,-0.8641,-0.1061,0.5767,12.2681,-5.5542,10.1318,t009,FIJTB
2529805939,2945507,3,pierna,swing,-0.7407,-0.0247,0.4785,25.6348,-8.4229,14.4043,t009,FIJTB
2529805939,2945523,3,pierna,swing,-0.7671,0.0513,0.4012,65.1245,-53.9551,0.5493,t009,FIJTB
2529805995,2945539,3,pierna,swing,-1.5945,-0.1801,0.6095,75.3784,-66.1621,0.0610,t009,FIJTB
2529805997,2945555,3,pierna,swing,-1.6058,-0.5197,0.3860,25.3296,-30.8228,32.1045,t009,FIJTB
2529805997,2945571,3,pierna,swing,-1.1174,-0.4819,0.0688,-72.9980,-34.0576,40.4053,t009,FIJTB
2529805998,2945587,3,pierna,swing,-0.6036,-0.0829,-0.2284,-90.7593,-54.9316,31.0059,t009,FIJTB
2529806059,2945603,3,pierna,swing,-0.6346,0.1230,-0.2708,-58.2275,-81.2988,22.0337,t009,FIJTB
2529806059,2945619,3,pierna,swing,-0.6620,0.2319,-0.3396,-26.4893,-82.2143,22.3389,t009,FIJTB
2529806060,2945635,3,pierna,swing,-0.7695,-0.1438,-0.3260,30.0903,-79.5898,32.7148,t009,FIJTB
2529806060,2945651,3,pierna,swing,-0.9775,-0.3391,-0.2982,60.6079,-79.2847,38.2080,t009,FIJTB
2529806116,2945667,3,pierna,swing,-1.3073,-0.4459,-0.1198,64.5752,-73.7915,35.2783,t009,FIJTB
2529806116,2945683,3,pierna,swing,-1.2360,-0.4072,0.0048,44.4946,-61.9507,19.8975,t009,FIJTB
2529806118,2945699,3,pierna,swing,-0.9337,-0.3933,0.0764,25.8789,-63.9038,10.5591,t009,FIJTB
2529806142,2945715,3,pierna,swing,-0.8915,-0.4291,0.0106,-14.2212,-75.5005,0.2441,t009,FIJTB
2529806179,2945731,3,pierna,swing,-0.9026,-0.3813,-0.0133,-45.9595,-78.0029,-0.7324,t009,FIJTB
2529806179,2945747,3,pierna,swing,-0.9227,-0.2197,0.0114,-53.4668,-75.8667,0.0610,t009,FIJTB
2529806179,2945763,3,pierna,swing,-0.9457,-0.1636,0.0474,-46.1426,-70.6787,0.9155,t009,FIJTB
2529806236,2945779,3,pierna,swing,-1.0292,-0.1077,0.1127,-33.5693,-68.2373,0.1221,t009,FIJTB
2529806237,2945795,3,pierna,swing,-1.0686,-0.0890,0.1337,-3.7231,-58.5327,-0.3662,t009,FIJTB
2529806238,2945811,3,pierna,swing,-1.0448,-0.0876,0.1648,23.5596,-44.2505,4.9438,t009,FIJTB
2529806238,2945827,3,pierna,swing,-0.9285,-0.1375,0.1742,33.7524,-39.0625,9.2773,t009,FIJTB
2529806297,2945842,3,pierna,swing,-0.8981,-0.1506,0.1558,52.3682,-40.0391,13.5498,t009,FIJTB
2529806297,2945858,3,pierna,swing,-0.9116,-0.1617,0.0709,62.8662,-42.9077,12.8174,t009,FIJTB
2529806297,2945874,3,pierna,swing,-0.9327,-0.1937,0.0210,84.6558,-45.4102,10.1318,t009,FIJTB
2529806298,2945890,3,pierna,swing,-0.9810,-0.2991,-0.0549,90.5762,-44.3726,8.9722,t009,FIJTB
2529806352,2945906,3,pierna,swing,-0.9946,-0.3397,-0.1204,83.0078,-40.0391,7.2021,t009,FIJTB
2529806353,2945922,3,pierna,loading,-0.9708,-0.3367,-0.1633,59.6313,-38.1470,4.0894,t009,FIJTB
2529806353,2945938,3,pierna,loading,-0.9054,-0.2930,-0.2253,47.8516,-38.7573,2.1973,t009,FIJTB
2529806415,2945954,3,pierna,loading,-0.8888,-0.2542,-0.2472,29.9683,-43.2129,-2.8076,t009,FIJTB
2529806415,2945970,3,pierna,loading,-0.9146,-0.2009,-0.2566,23.2544,-45.8984,-4.8218,t009,FIJTB
2529806415,2945986,3,pierna,loading,-0.9446,-0.1998,-0.2162,14.9536,-49.5605,-4.5166,t009,FIJTB
2529806416,2946002,3,pierna,loading,-0.9567,-0.2080,-0.1727,10.3760,-47.9736,-2.0142,t009,FIJTB
2529806470,2946018,3,pierna,loading,-0.9525,-0.2097,-0.0443,7.9346,-44.3726,-0.5493,t009,FIJTB
2529806473,2946034,3,pierna,loading,-0.9304,-0.2042,0.0035,1.4648,-33.3252,3.2349,t009,FIJTB
2529806473,2946050,3,pierna,loading,-0.9429,-0.2020,0.0320,0.9766,-29.7241,6.3477,t009,FIJTB
2529806473,2946066,3,pierna,loading,-0.9778,-0.1874,-0.0068,16.2964,-28.4424,12.5122,t009,FIJTB
2529806531,2946082,3,pierna,loading,-0.9795,-0.1943,-0.0496,49.4385,-26.6724,10.5591,t009,FIJTB
2529806532,2946098,3,pierna,loading,-0.9957,-0.2465,-0.1692,62.3779,-24.1699,7.0190,t009,FIJTB
2529806547,2946114,3,pierna,loading,-1.0018,-0.2539,-0.2153,69.8853,-19.4092,-0.4272,t009,FIJTB
2529806586,2946130,3,pierna,loading,-0.9695,-0.2258,-0.2574,64.6973,-18.7378,-1.8311,t009,FIJTB
2529806587,2946146,3,pierna,loading,-0.9449,-0.1859,-0.2563,52.2461,-21.4844,0.7935,t009,FIJTB
2529806588,2946162,3,pierna,loading,-0.9369,-0.1843,-0.2448,53.1006,-26.6113,1.8921,t009,FIJTB
2529806589,2946178,3,pierna,loading,-0.9454,-0.2352,-0.1707,56.8237,-28.0151,1.2207,t009,FIJTB
2529806645,2946194,3,pierna,loading,-0.9506,-0.2804,-0.1210,58.6548,-23.5596,-1.3428,t009,FIJTB
2529806646,2946210,3,pierna,loading,-0.9830,-0.3320,-0.0333,57.1289,-21.0571,-2.4414,t009,FIJTB
2529806646,2946226,3,pierna,loading,-0.9521,-0.3582,-0.0359,57.9834,-23.6206,-1.0986,t009,FIJTB
2529806662,2946242,3,pierna,loading,-0.9476,-0.3801,-0.0768,55.8472,-23.6816,-0.9766,t009,FIJTB
2529806698,2946258,3,pierna,loading,-0.9766,-0.3098,-0.0989,43.1519,-22.4609,-6.4087,t009,FIJTB
2529806700,2946274,3,pierna,loading,-0.9650,-0.2756,-0.1034,30.4565,-24.3530,-14.1602,t009,FIJTB
2529806701,2946290,3,pierna,loading,-0.9690,-0.2739,-0.0763,28.5034,-26.0620,-16.1133,t009,FIJTB
2529806755,2946307,3,pierna,loading,-1.0120,-0.3002,-0.0455,30.4565,-27.2217,-17.5171,t009,FIJTB
2529806756,2946323,3,pierna,loading,-1.1141,-0.3594,0.0549,31.3110,-25.5127,-17.9443,t009,FIJTB
2529806756,2946339,3,pierna,loading,-1.2054,-0.4225,0.2261,32.1045,-16.4795,-16.8457,t009,FIJTB
2529806807,2946355,3,pierna,loading,-1.2717,-0.4333,0.3282,30.7617,3.4180,-17.8223,t009,FIJTB
2529806809,2946371,3,pierna,loading,-1.3809,-0.2625,0.5010,27.8320,17.7002,-21.9116,t009,FIJTB
2529806809,2946386,3,pierna,loading,-1.3635,-0.0719,0.4976,20.3247,41.5039,-35.2173,t009,FIJTB
2529806810,2946402,3,pierna,loading,-1.2352,0.2916,0.3170,21.1792,44.6167,-39.7949,t009,FIJTB
2529806864,2946418,3,pierna,loading,-1.1710,0.1931,0.0513,46.8140,50.7812,-33.6304,t009,FIJTB
2529806865,2946434,3,pierna,loading,-1.1023,0.0167,-0.0979,81.1157,70.0684,-0.9155,t009,FIJTB
2529806865,2946450,3,pierna,loading,-0.9578,-0.2688,-0.3672,89.8437,80.9326,16.4795,t009,FIJTB
2529806916,2946466,3,pierna,loading,-0.9329,-0.3569,-0.4189,82.7026,98.5718,36.3159,t009,FIJTB
2529806917,2946482,3,pierna,midstance,-1.0513,-0.4344,-0.3148,63.3545,106.8726,40.2222,t009,FIJTB
2529806917,2946498,3,pierna,midstance,-1.1329,-0.4313,-0.2266,-5.1270,121.1548,39.4897,t009,FIJTB
2529806920,2946514,3,pierna,midstance,-1.2670,-0.4547,-0.1978,-37.9028,124.2676,34.8511,t009,FIJTB
2529806973,2946530,3,pierna,midstance,-1.3053,-0.4244,-0.2985,-82.2143,121.7651,21.9116,t009,FIJTB
2529806973,2946546,3,pierna,midstance,-1.2640,-0.3385,-0.3268,-99.9145,115.7226,15.6250,t009,FIJTB
2529806973,2946562,3,pierna,midstance,-1.1305,-0.1198,-0.2957,-101.0742,116.2109,14.2822,t009,FIJTB
2529807023,2946578,3,pierna,midstance,-1.0881,-0.0807,-0.2777,-92.1020,120.1782,15.4419,t009,FIJTB
2529807023,2946594,3,pierna,midstance,-1.0686,-0.1046,-0.2717,-85.3271,119.9341,20.0806,t009,FIJTB
2529807025,2946610,3,pierna,midstance,-1.0176,-0.0804,-0.2832,-70.1904,115.7837,29.0527,t009,FIJTB
2529807077,2946626,3,pierna,midstance,-0.9783,-0.0524,-0.2949,-54.5044,107.3608,28.5645,t009,FIJTB
2529807078,2946642,3,pierna,midstance,-0.9106,-0.0409,-0.3292,-47.2412,102.1728,26.4893,t009,FIJTB
2529807078,2946658,3,pierna,midstance,-0.8790,-0.0677,-0.3485,-36.5601,91.7358,24.5972,t009,FIJTB
2529807110,2946674,3,pierna,midstance,-0.8129,-0.1479,-0.3688,-36.1328,85.2051,24.5361,t009,FIJTB
2529807126,2946690,3,pierna,midstance,-0.7775,-0.1862,-0.3765,-47.5464,67.7490,22.4609,t009,FIJTB
2529807128,2946706,3,pierna,midstance,-0.7837,-0.1714,-0.3590,-66.2231,52.6123,14.7705,t009,FIJTB
2529807128,2946722,3,pierna,midstance,-0.7863,-0.1029,-0.3138,-73.4253,49.3164,9.5215,t009,FIJTB
2529807179,2946738,3,pierna,midstance,-0.7625,-0.1011,-0.2653,-79.2236,46.8140,4.3945,t009,FIJTB
2529807180,2946754,3,pierna,midstance,-0.7312,-0.1555,-0.1090,-81.0547,46.2036,6.4697,t009,FIJTB
2529807181,2946770,3,pierna,midstance,-0.7744,-0.1818,0.0582,-88.3179,45.4102,14.1602,t009,FIJTB
2529807228,2946786,3,pierna,midstance,-0.8065,-0.1595,0.1132,-89.7217,44.5557,13.4277,t009,FIJTB
2529807230,2946801,3,pierna,midstance,-0.8209,-0.0620,0.1945,-83.7402,42.5415,9.4604,t009,FIJTB
2529807230,2946817,3,pierna,midstance,-0.7867,0.0059,0.2201,-63.5986,31.4941,0.6104,t009,FIJTB
2529807283,2946833,3,pierna,midstance,-0.7571,0.0989,0.2975,-52.7954,22.2168,-1.2817,t009,FIJTB
2529807283,2946849,3,pierna,midstance,-0.7965,0.0822,0.3665,-31.1890,5.7983,1.9531,t009,FIJTB
2529807283,2946865,3,pierna,midstance,-0.8865,-0.0621,0.5143,-22.0337,3.8452,7.7515,t009,FIJTB
2529807330,2946881,3,pierna,midstance,-0.9431,-0.2540,0.5894,-2.1973,10.6201,26.6113,t009,FIJTB
2529807333,2946897,3,pierna,midstance,-0.9279,-0.3281,0.5934,29.0527,13.1836,38.8794,t009,FIJTB
2529807333,2946912,3,pierna,midstance,-0.8684,-0.3024,0.6138,39.1846,11.3525,32.4707,t009,FIJTB
2529807352,2946928,3,pierna,midstance,-0.9307,-0.2225,0.6290,36.6211,11.6577,-2.1362,t009,FIJTB
2529807384,2946944,3,pierna,midstance,-0.9779,-0.1667,0.6482,28.6255,14.2212,-15.6250,t009,FIJTB
2529807385,2946960,3,pierna,terminal,-0.8859,-0.1846,0.6561,9.2163,12.7563,-14.9536,t009,FIJTB
2529807385,2946976,3,pierna,terminal,-0.7617,-0.2271,0.6161,3.1128,6.7749,-7.6904,t009,FIJTB
2529807433,2946992,3,pierna,terminal,-0.7560,-0.2867,0.4620,1.0376,-5.9814,-1.4038,t009,FIJTB
2529807434,2947008,3,pierna,terminal,-0.7297,-0.2969,0.3790,-20.7520,-20.8130,0.0000,t009,FIJTB
2529807435,2947024,3,pierna,terminal,-0.7324,-0.2473,0.2617,-33.3252,-25.5737,3.5400,t009,FIJTB
2529807486,2947040,3,pierna,terminal,-0.7676,-0.1946,0.2382,-56.4575,-29.7852,13.1226,t009,FIJTB
2529807487,2947056,3,pierna,terminal,-0.8107,-0.1927,0.2272,-58.0444,-31.0669,17.7002,t009,FIJTB
2529807487,2947072,3,pierna,terminal,-0.8590,-0.1401,0.1643,-56.7627,-40.1001,26.1841,t009,FIJTB
2529807533,2947088,3,pierna,terminal,-0.9786,-0.0648,0.1714,-53.7720,-55.3589,15.6860,t009,FIJTB
2529807535,2947104,3,pierna,terminal,-1.4817,-0.0487,0.5020,-46.5088,-52.3071,9.4604,t009,FIJTB
2529807536,2947120,3,pierna,terminal,-1.6852,-0.1646,0.7091,-40.4663,-18.0664,18.3716,t009,FIJTB
2529807588,2947136,3,pierna,terminal,-1.4045,-0.3020,0.6541,-51.8188,-7.4463,26.7944,t009,FIJTB
2529807589,2947152,3,pierna,terminal,-0.7795,-0.1482,0.0040,-85.2051,-42.0532,18.2495,t009,FIJTB
2529807589,2947168,3,pierna,terminal,-0.6652,0.0092,-0.2476,-95.0928,-88.2568,7.8735,t009,FIJTB
2529807636,2947184,3,pierna,terminal,-0.7894,0.3466,-0.3916,-76.4160,-92.4072,9.2163,t009,FIJTB
2529807639,2947200,3,pierna,terminal,-0.7363,0.4114,-0.3483,3.0518,-70.2515,20.9961,t009,FIJTB
2529807639,2947216,3,pierna,terminal,-0.6705,0.1267,-0.2019,43.2129,-59.5703,30.2734,t009,FIJTB
2529807639,2947232,3,pierna,terminal,-1.0465,-0.3387,-0.0844,94.5434,-47.8516,44.9829,t009,FIJTB
2529807690,2947248,3,pierna,terminal,-1.1472,-0.4771,-0.0160,108.2764,-46.3867,38.2080,t009,FIJTB
2529807691,2947264,3,pierna,terminal,-1.0616,-0.5848,0.0861,96.2524,-49.0112,28.8696,t009,FIJTB
2529807691,2947280,3,pierna,terminal,-1.0201,-0.6516,0.1084,41.6260,-59.0820,11.5967,t009,FIJTB
2529807737,2947296,3,pierna,terminal,-0.9479,-0.6547,0.0804,7.2632,-61.2793,5.0049,t009,FIJTB
2529807739,2947312,3,pierna,terminal,-0.8640,-0.4240,-0.0040,-43.4570,-61.5845,-4.3335,t009,FIJTB
2529807739,2947328,3,pierna,terminal,-0.8606,-0.2974,-0.0197,-59.8755,-59.5093,-7.4463,t009,FIJTB
2529807790,2947344,3,pierna,terminal,-0.9152,-0.1237,0.0682,-57.8003,-55.1147,-5.5542,t009,FIJTB
2529807791,2947360,3,pierna,terminal,-0.9604,-0.0790,0.1285,-32.8369,-45.4102,1.5259,t009,FIJTB
2529807791,2947376,3,pierna,terminal,-1.0564,-0.0443,0.2024,-14.2822,-41.8091,5.4321,t009,FIJTB
2529807838,2947392,3,pierna,terminal,-1.0070,-0.0402,0.1766,19.8975,-35.5835,10.5591,t009,FIJTB
2529807838,2947408,3,pierna,swing,-0.9592,-0.0634,0.1417,46.6309,-35.1563,11.5967,t009,FIJTB
2529807839,2947424,3,pierna,swing,-0.9160,-0.1676,0.0767,61.4624,-38.7573,12.1460,t009,FIJTB
2529807878,2947440,3,pierna,swing,-0.9193,-0.2319,0.0371,83.8013,-47.2412,12.4512,t009,FIJTB
2529807895,2947456,3,pierna,swing,-0.9426,-0.3168,-0.0813,85.2051,-48.5840,10.9863,t009,FIJTB
2529807896,2947472,3,pierna,swing,-0.9584,-0.3247,-0.1327,71.7773,-46.2646,4.3335,t009,FIJTB
2529807896,2947488,3,pierna,swing,-0.9753,-0.3005,-0.1716,60.1196,-44.1894,0.6714,t009,FIJTB
2529807944,2947504,3,pierna,swing,-0.9332,-0.2349,-0.1835,36.9263,-40.5884,-5.3101,t009,FIJTB
2529807945,2947520,3,pierna,swing,-0.9165,-0.1798,-0.1764,18.6157,-38.0249,-11.8408,t009,FIJTB
2529807946,2947536,3,pierna,swing,-0.9354,-0.0651,-0.1479,14.2212,-39.6729,-15.3198,t009,FIJTB
2529807997,2947552,3,pierna,swing,-0.9344,-0.0596,-0.1444,17.3950,-47.5464,-18.9819,t009,FIJTB
2529807997,2947569,3,pierna,swing,-0.9380,-0.1523,-0.1288,23.0103,-50.9033,-16.1743,t009,FIJTB
2529807997,2947585,3,pierna,swing,-0.9343,-0.2374,-0.0552,29.1138,-50.8423,-4.0894,t009,FIJTB
2529808044,2947601,3,pierna,swing,-0.9261,-0.2219,-0.0228,26.1230,-48.4619,3.9673,t009,FIJTB
2529808044,2947617,3,pierna,swing,-0.9692,-0.1908,0.0687,23.9258,-46.0815,4.0894,t009,FIJTB
2529808046,2947633,3,pierna,swing,-0.9578,-0.1956,0.1007,19.8975,-36.8652,1.1597,t009,FIJTB
2529808096,2947649,3,pierna,swing,-0.9188,-0.3279,0.0934,23.9258,-35.8276,3.4790,t009,FIJTB
2529808097,2947664,3,pierna,swing,-0.9496,-0.4613,-0.0049,39.8560,-38.2690,12.2070,t009,FIJTB
2529808098,2947681,3,pierna,swing,-0.9658,-0.4492,-0.0416,44.4336,-30.1514,10.4980,t009,FIJTB
2529808147,2947697,3,pierna,swing,-0.9409,-0.3110,-0.0663,43.5181,-24.4141,6.4087,t009,FIJTB
2529808148,2947713,3,pierna,swing,-0.9261,-0.2504,-0.0736,42.2363,-20.1416,1.0376,t009,FIJTB
2529808148,2947729,3,pierna,swing,-0.9342,-0.2192,-0.1113,42.2974,-22.7051,0.8545,t009,FIJTB
2529808199,2947745,3,pierna,swing,-0.8854,-0.2491,-0.1461,46.8140,-30.3345,2.6245,t009,FIJTB
2529808199,2947761,3,pierna,swing,-0.8722,-0.2865,-0.1450,55.0537,-34.0576,4.2725,t009,FIJTB
2529808200,2947777,3,pierna,swing,-0.9077,-0.3295,-0.1141,57.2510,-34.7900,5.1270,t009,FIJTB
2529808200,2947793,3,pierna,swing,-0.9207,-0.3300,-0.1179,54.9927,-36.8652,1.9531,t009,FIJTB
2529808248,2947809,3,pierna,swing,-0.9399,-0.3298,-0.1693,51.4526,-38.8794,-1.7700,t009,FIJTB
2529808249,2947825,3,pierna,swing,-1.0311,-0.3835,-0.1918,42.7246,-42.6025,-7.8735,t009,FIJTB
2529808250,2947841,3,pierna,swing,-1.0770,-0.4148,-0.1763,26.7334,-36.5601,-12.8174,t009,FIJTB
2529808298,2947857,3,pierna,swing,-1.1913,-0.4095,-0.0857,17.3340,-31.3721,-15.0757,t009,FIJTB
2529808298,2947873,3,pierna,swing,-1.1989,-0.3669,-0.0386,-0.1221,-20.5688,-20.7520,t009,FIJTB
2529808299,2947889,3,pierna,swing,-1.1670,-0.2471,0.0857,-7.5073,-13.1836,-25.2075,t009,FIJTB
2529808346,2947906,3,pierna,swing,-1.1631,-0.2321,0.2126,-11.9019,0.5493,-29.6631,t009,FIJTB
2529808347,2947922,3,pierna,swing,-1.1875,-0.2473,0.2629,-6.0425,10.8643,-25.2686,t009,FIJTB
2529808347,2947938,3,pierna,swing,-1.2343,-0.1794,0.3014,-2.6855,17.2729,-23.8647,t009,FIJTB
2529808395,2947954,3,pierna,swing,-1.2415,-0.0885,0.2965,7.3853,34.6069,-29.9072,t009,FIJTB
2529808396,2947970,3,pierna,swing,-1.2522,0.1008,0.2252,16.4795,42.2974,-35.4614,t009,FIJTB
2529808396,2947986,3,pierna,swing,-1.1663,0.1565,0.1733,39.7339,59.0820,-37.9028,t009,FIJTB
2529808444,2948002,3,pierna,swing,-1.1266,0.1129,0.1345,65.5518,78.4302,-21.1792,t009,FIJTB
2529808444,2948017,3,pierna,swing,-1.1151,0.0159,-0.0242,77.7588,89.5996,-13.3057,t009,FIJTB
2529808445,2948033,3,pierna,swing,-1.1116,0.0009,-0.1749,94.1162,97.0459,-1.4648,t009,FIJTB
2529808493,2948049,3,pierna,swing,-1.1108,-0.0128,-0.4048,93.2007,94.5434,5.8594,t009,FIJTB
2529808494,2948065,3,pierna,loading,-1.1385,-0.0372,-0.4183,76.8433,107.2998,21.6675,t009,FIJTB
2529808494,2948081,3,pierna,loading,-1.2396,-0.1691,-0.3928,59.9365,120.9717,28.3813,t009,FIJTB
2529808541,2948097,3,pierna,loading,-1.3014,-0.2466,-0.3447,8.3618,138.5498,33.0811,t009,FIJTB
2529808543,2948113,3,pierna,loading,-1.3119,-0.2172,-0.3392,-17.8223,133.1787,27.4658,t009,FIJTB
2529808544,2948129,3,pierna,loading,-1.2220,-0.0853,-0.3496,-17.3340,125.7934,21.6064,t009,FIJTB
2529808593,2948145,3,pierna,loading,-1.1445,-0.0587,-0.3411,-11.2915,115.2344,12.3291,t009,FIJTB
2529808593,2948161,3,pierna,loading,-0.9948,-0.0778,-0.3054,-12.3901,112.4268,12.4512,t009,FIJTB
2529808593,2948177,3,pierna,loading,-0.9124,-0.0778,-0.2766,-22.0337,106.5063,16.2354,t009,FIJTB
2529808638,2948193,3,pierna,loading,-0.8890,-0.0850,-0.2646,-31.7383,98.2056,17.3950,t009,FIJTB
2529808638,2948209,3,pierna,loading,-0.8671,-0.1427,-0.2661,-37.2314,93.5059,17.3340,t009,FIJTB
2529808640,2948225,3,pierna,loading,-0.8621,-0.1602,-0.2773,-51.4526,84.1064,15.2588,t009,FIJTB
2529808690,2948242,3,pierna,loading,-0.8857,-0.1555,-0.2789,-59.5093,80.8716,13.4277,t009,FIJTB
2529808691,2948258,3,pierna,loading,-0.8850,-0.0542,-0.2218,-74.5239,83.0078,10.3149,t009,FIJTB
2529808691,2948274,3,pierna,loading,-0.8453,-0.0033,-0.1713,-67.5049,83.0078,8.2397,t009,FIJTB
2529808737,2948290,3,pierna,loading,-0.7694,-0.0229,-0.0294,-57.8613,79.4678,8.7280,t009,FIJTB
2529808738,2948306,3,pierna,loading,-0.7502,-0.0824,0.0399,-42.6636,71.8384,13.3057,t009,FIJTB
2529808739,2948322,3,pierna,loading,-0.7565,-0.1565,0.1459,-40.2222,69.0918,15.5029,t009,FIJTB
2529808790,2948338,3,pierna,loading,-0.8270,-0.0747,0.2686,-31.6772,65.5518,13.3057,t009,FIJTB
2529808790,2948354,3,pierna,loading,-0.8479,-0.0455,0.3341,-13.4888,67.0166,7.5684,t009,FIJTB
2529808791,2948370,3,pierna,loading,-0.8463,-0.0416,0.3915,-5.0049,67.5049,6.7139,t009,FIJTB
2529808800,2948386,3,pierna,loading,-0.8184,-0.0464,0.3669,6.1646,59.6313,5.6763,t009,FIJTB
2529808837,2948402,3,pierna,loading,-0.7505,-0.0433,0.2878,8.7891,50.5981,4.1504,t009,FIJTB
2529808839,2948418,3,pierna,loading,-0.7281,-0.0569,0.2626,8.7891,30.9448,1.2817,t009,FIJTB
2529808840,2948434,3,pierna,loading,-0.7227,-0.0830,0.2584,2.9297,19.1040,2.9297,t009,FIJTB
2529808890,2948450,3,pierna,loading,-0.7084,-0.1744,0.2651,-0.3052,14.2212,5.0659,t009,FIJTB
2529808891,2948466,3,pierna,loading,-0.7338,-0.2406,0.2814,-5.4321,4.3335,11.6577,t009,FIJTB
2529808891,2948482,3,pierna,loading,-0.8286,-0.4004,0.3468,-10.6812,2.0752,18.4326,t009,FIJTB
2529808937,2948498,3,pierna,loading,-0.8921,-0.4452,0.4613,-31.1279,5.3101,35.0342,t009,FIJTB
2529808938,2948514,3,pierna,loading,-0.9133,-0.4056,0.5082,-55.7861,12.4512,35.1563,t009,FIJTB
2529808940,2948529,3,pierna,loading,-0.9081,-0.2390,0.5504,-67.2607,14.3433,25.2686,t009,FIJTB
2529808990,2948545,3,pierna,loading,-0.8744,-0.1445,0.5714,-81.2378,13.4277,3.6011,t009,FIJTB
2529808990,2948561,3,pierna,loading,-0.8024,-0.0229,0.6162,-81.2988,10.8643,-1.7700,t009,FIJTB
2529808991,2948577,3,pierna,loading,-0.7899,0.0013,0.6240,-72.1436,0.7324,-1.1597,t009,FIJTB
2529809037,2948593,3,pierna,loading,-0.7776,0.0000,0.5789,-66.2842,-5.3711,2.0752,t009,FIJTB
2529809038,2948610,3,pierna,midstance,-0.7783,-0.0242,0.5057,-55.1758,-17.3340,7.8735,t009,FIJTB
2529809038,2948626,3,pierna,midstance,-0.7775,-0.0386,0.4695,-44.0063,-25.8179,13.7939,t009,FIJTB
2529809094,2948642,3,pierna,midstance,-0.7963,-0.0909,0.4500,-39.8560,-27.7100,17.4561,t009,FIJTB
2529809094,2948658,3,pierna,midstance,-0.8041,-0.1353,0.4515,-30.3345,-27.2217,25.9399,t009,FIJTB
2529809095,2948674,3,pierna,midstance,-0.7875,-0.0754,0.4315,-2.9297,-49.5605,16.1743,t009,FIJTB
2529809096,2948690,3,pierna,midstance,-1.2352,0.0923,0.7771,8.3618,-63.9648,0.7935,t009,FIJTB
2529809142,2948706,3,pierna,midstance,-1.6376,0.1680,1.0182,9.0942,-34.7900,-13.4888,t009,FIJTB
2529809145,2948722,3,pierna,midstance,-1.4602,0.1401,0.7245,-8.6060,-10.1929,-6.2256,t009,FIJTB
2529809145,2948738,3,pierna,midstance,-1.0313,0.1243,0.2782,-32.6538,-34.2407,5.0049,t009,FIJTB
2529809196,2948754,3,pierna,midstance,-0.6383,0.2289,-0.2686,-17.5171,-66.2842,5.4321,t009,FIJTB
2529809196,2948771,3,pierna,midstance,-0.6853,0.1327,-0.3685,54.8096,-96.2524,4.2114,t009,FIJTB
2529809197,2948787,3,pierna,midstance,-0.6908,-0.0466,-0.3795,115.1123,-82.6416,22.1558,t009,FIJTB
2529809244,2948803,3,pierna,midstance,-0.7806,-0.5139,-0.2987,125.8545,-81.0547,39.4287,t009,FIJTB
2529809246,2948819,3,pierna,midstance,-0.9790,-0.6541,-0.2264,108.9477,-70.9839,52.5513,t009,FIJTB
2529809246,2948835,3,pierna,midstance,-1.2683,-0.6835,-0.0643,63.5376,-42.9077,20.1416,t009,FIJTB
2529809297,2948851,3,pierna,midstance,-0.9725,-0.4812,0.1487,37.7808,-39.1846,4.1504,t009,FIJTB
2529809298,2948867,3,pierna,midstance,-0.8746,-0.4053,0.1671,-10.1929,-51.2695,-6.1646,t009,FIJTB
2529809299,2948883,3,pierna,midstance,-0.8831,-0.3879,0.0928,-30.6396,-55.6641,-5.2490,t009,FIJTB
2529809346,2948900,3,pierna,midstance,-0.9008,-0.2490,0.0094,-51.8188,-58.9600,-5.7373,t009,FIJTB
2529809348,2948916,3,pierna,midstance,-0.9161,-0.2010,-0.0247,-39.7339,-63.2935,-3.3569,t009,FIJTB
2529809349,2948932,3,pierna,midstance,-0.9318,-0.2109,-0.0342,-28.8696,-63.4155,1.9531,t009,FIJTB
2529809400,2948948,3,pierna,midstance,-0.9390,-0.2388,0.0082,-11.9019,-59.9976,15.6860,t009,FIJTB
2529809400,2948964,3,pierna,midstance,-1.0470,-0.2249,0.0796,-9.0942,-57.6172,19.4092,t009,FIJTB
2529809401,2948981,3,pierna,midstance,-1.0742,-0.0897,0.0271,-18.1885,-55.1758,12.6953,t009,FIJTB
2529809415,2948997,3,pierna,midstance,-1.0359,-0.0197,-0.0060,-23.8037,-57.8613,1.0376,t009,FIJTB
2529809449,2949013,3,pierna,terminal,-0.9528,0.0273,-0.0453,-17.1509,-61.0962,-1.4648,t009,FIJTB
2529809449,2949029,3,pierna,terminal,-0.9363,-0.0090,-0.0687,5.3711,-66.8945,-1.4038,t009,FIJTB
2529809452,2949046,3,pierna,terminal,-0.9784,-0.1399,-0.0807,18.4937,-67.5049,0.4883,t009,FIJTB
2529809505,2949062,3,pierna,terminal,-0.9926,-0.2008,-0.0024,39.5508,-61.3403,2.0142,t009,FIJTB
2529809506,2949078,3,pierna,terminal,-1.0054,-0.2159,0.0634,48.7671,-55.7251,0.1831,t009,FIJTB
2529809506,2949094,3,pierna,terminal,-1.0132,-0.2283,0.1191,47.1802,-55.1758,-0.0610,t009,FIJTB
2529809554,2949110,3,pierna,terminal,-1.0031,-0.2233,0.1139,32.4097,-52.9785,0.4883,t009,FIJTB
2529809556,2949126,3,pierna,terminal,-0.9407,-0.1871,0.1122,23.8647,-51.6357,-0.0610,t009,FIJTB
2529809557,2949142,3,pierna,terminal,-0.9178,-0.2067,0.1207,14.5874,-50.2319,-1.2817,t009,FIJTB
2529809608,2949158,3,pierna,terminal,-0.9053,-0.2135,0.1154,12.5122,-46.3867,2.1362,t009,FIJTB
2529809609,2949174,3,pierna,terminal,-0.9464,-0.2588,0.1368,14.2212,-43.5181,5.4321,t009,FIJTB
2529809609,2949190,3,pierna,terminal,-0.9646,-0.2686,0.1364,8.4229,-31.1279,10.3760,t009,FIJTB
2529809656,2949206,3,pierna,terminal,-0.9454,-0.2579,0.1171,7.9956,-25.0244,13.3667,t009,FIJTB
2529809656,2949222,3,pierna,terminal,-0.9752,-0.2078,0.0364,13.4277,-17.7612,17.2119,t009,FIJTB
2529809659,2949239,3,pierna,terminal,-0.9795,-0.1443,-0.0199,18.9819,-13.2446,12.9395,t009,FIJTB
2529809675,2949255,3,pierna,terminal,-0.9453,-0.1093,-0.1307,27.1606,-13.3667,11.1694,t009,FIJTB
2529809710,2949271,3,pierna,terminal,-0.9390,-0.1451,-0.1643,48.0957,-15.6860,8.7891,t009,FIJTB
2529809711,2949287,3,pierna,terminal,-0.9515,-0.2117,-0.1976,57.2510,-16.9678,6.8970,t009,FIJTB
2529809711,2949303,3,pierna,terminal,-0.9460,-0.2573,-0.2498,55.9692,-17.9443,6.5918,t009,FIJTB
2529809760,2949319,3,pierna,terminal,-0.9366,-0.2524,-0.2699,46.8140,-21.0571,6.8359,t009,FIJTB
2529809760,2949335,3,pierna,terminal,-0.9392,-0.1812,-0.2737,41.4429,-22.3389,6.4697,t009,FIJTB
2529809761,2949351,3,pierna,terminal,-0.9528,-0.1562,-0.2635,37.7808,-24.4141,4.0894,t009,FIJTB
2529809812,2949367,3,pierna,terminal,-0.9694,-0.1526,-0.2102,43.7622,-25.9399,2.8076,t009,FIJTB
2529809812,2949383,3,pierna,terminal,-0.9799,-0.1854,-0.1639,49.6216,-27.5879,2.4414,t009,FIJTB
2529809812,2949400,3,pierna,terminal,-0.9895,-0.2056,-0.1445,59.5703,-30.2734,-0.2441,t009,FIJTB
2529809860,2949416,3,pierna,terminal,-1.0016,-0.2529,-0.0933,61.5845,-29.7852,-2.2583,t009,FIJTB
2529809861,2949432,3,pierna,terminal,-1.0150,-0.3248,-0.0428,59.8755,-26.0010,-6.4697,t009,FIJTB
2529809862,2949449,3,pierna,terminal,-0.9985,-0.3616,-0.0374,49.4385,-22.2778,-9.4604,t009,FIJTB
2529809913,2949465,3,pierna,terminal,-0.9712,-0.3926,-0.0459,43.0908,-22.7051,-10.1929,t009,FIJTB
2529809914,2949481,3,pierna,terminal,-0.9642,-0.3745,-0.0415,30.2734,-25.3906,-13.0005,t009,FIJTB
2529809914,2949498,3,pierna,terminal,-0.9965,-0.2968,0.0261,26.6724,-26.8555,-15.2588,t009,FIJTB
2529809962,2949514,3,pierna,terminal,-1.0161,-0.3525,0.0659,32.9590,-32.5317,-17.8223,t009,FIJTB
2529809963,2949530,3,pierna,swing,-1.0670,-0.4280,0.1018,42.5415,-31.7993,-17.7612,t009,FIJTB
2529809965,2949546,3,pierna,swing,-1.3019,-0.5000,0.2644,40.8325,-25.8789,-18.1885,t009,FIJTB
2529810016,2949562,3,pierna,swing,-1.3821,-0.4368,0.3650,17.5781,1.8311,-26.2451,t009,FIJTB
2529810017,2949578,3,pierna,swing,-1.3912,-0.1372,0.4680,0.9155,21.9727,-34.9121,t009,FIJTB
2529810017,2949594,3,pierna,swing,-1.2947,0.1910,0.4240,-15.5640,57.1899,-57.5561,t009,FIJTB
2529810018,2949610,3,pierna,swing,-1.2224,0.2898,0.3450,11.9629,70.2515,-65.7959,t009,FIJTB
2529810066,2949626,3,pierna,swing,-1.0724,0.2858,0.0894,38.0859,70.8618,-56.5796,t009,FIJTB
2529810068,2949642,3,pierna,swing,-1.0156,0.1896,-0.0869,86.6089,77.1484,-20.0195,t009,FIJTB
2529810069,2949658,3,pierna,swing,-1.0198,-0.0461,-0.4044,99.7314,81.7871,-2.2583,t009,FIJTB
2529810120,2949674,3,pierna,swing,-1.1493,-0.2976,-0.4319,104.1260,96.2524,24.4751,t009,FIJTB
2529810121,2949690,3,pierna,swing,-1.2249,-0.4219,-0.3619,70.0684,118.7134,44.7388,t009,FIJTB
2529810121,2949706,3,pierna,swing,-1.3086,-0.4976,-0.2412,35.5225,127.8686,50.0488,t009,FIJTB
2529810172,2949722,3,pierna,swing,-1.2869,-0.4429,-0.2557,-37.5366,130.0049,40.2222,t009,FIJTB
2529810173,2949738,3,pierna,swing,-1.1930,-0.2952,-0.3450,-62.0728,125.5493,29.9683,t009,FIJTB
2529810173,2949754,3,pierna,swing,-1.0406,-0.1564,-0.3652,-81.9702,115.4175,13.7329,t009,FIJTB
2529810225,2949770,3,pierna,swing,-0.9823,-0.1471,-0.3275,-82.5806,111.9385,10.9863,t009,FIJTB
2529810226,2949786,3,pierna,swing,-1.0083,-0.2032,-0.2662,-82.9468,111.3281,16.2964,t009,FIJTB
2529810226,2949803,3,pierna,swing,-1.0520,-0.2136,-0.2590,-84.4726,107.5439,30.4565,t009,FIJTB
2529810226,2949819,3,pierna,swing,-1.0879,-0.1433,-0.2532,-84.5337,105.5298,35.4004,t009,FIJTB
2529810274,2949835,3,pierna,swing,-1.0042,0.0123,-0.2609,-81.8481,102.2339,38.0859,t009,FIJTB
2529810277,2949851,3,pierna,swing,-0.9434,0.0658,-0.2692,-65.6128,94.7266,31.3721,t009,FIJTB
2529810277,2949867,3,pierna,swing,-0.8014,0.0565,-0.2681,-54.6875,88.9893,26.4893,t009,FIJTB
2529810328,2949883,3,pierna,swing,-0.7429,0.0232,-0.2405,-40.2222,75.4395,20.8740,t009,FIJTB
2529810329,2949899,3,pierna,swing,-0.7006,-0.0416,-0.1642,-38.4521,69.1528,20.3247,t009,FIJTB
2529810329,2949915,3,pierna,swing,-0.7372,-0.0696,-0.0846,-39.7949,58.5327,20.2026,t009,FIJTB
2529810377,2949932,3,pierna,swing,-0.7736,-0.0712,-0.0322,-45.9595,54.0161,13.6719,t009,FIJTB
2529810380,2949948,3,pierna,swing,-0.8207,-0.0736,0.0913,-48.5840,55.4199,10.3760,t009,FIJTB
2529810380,2949964,3,pierna,swing,-0.8336,-0.0631,0.1621,-53.3447,60.5469,8.4229,t009,FIJTB
2529810433,2949979,3,pierna,swing,-0.8671,-0.0035,0.2965,-53.8330,63.0493,6.0425,t009,FIJTB
2529810434,2949996,3,pierna,swing,-0.8560,0.0096,0.4064,-46.2036,66.4673,0.1221,t009,FIJTB
2529810435,2950011,3,pierna,swing,-0.8538,0.0023,0.4409,-24.0478,61.7065,1.8311,t009,FIJTB
2529810483,2950027,3,pierna,swing,-0.7789,-0.0479,0.4336,-14.8315,53.9551,3.4790,t009,FIJTB
2529810484,2950043,3,pierna,loading,-0.7114,-0.0930,0.4005,-7.0801,27.4658,4.8828,t009,FIJTB
2529810484,2950059,3,pierna,loading,-0.6819,-0.1799,0.3439,-8.6060,12.7563,5.6152,t009,FIJTB
2529810484,2950075,3,pierna,loading,-0.7817,-0.2118,0.3140,-19.3481,-10.9253,4.6387,t009,FIJTB
2529810540,2950091,3,pierna,loading,-0.8174,-0.2488,0.3254,-31.8603,-20.8740,4.8218,t009,FIJTB
2529810541,2950107,3,pierna,loading,-0.8450,-0.3300,0.3972,-37.8418,-19.4092,7.9346,t009,FIJTB
2529810541,2950123,3,pierna,loading,-0.8667,-0.3328,0.4349,-55.4810,-8.4839,12.2070,t009,FIJTB
2529810592,2950139,3,pierna,loading,-0.8860,-0.1885,0.4774,-68.2373,-2.1973,9.5215,t009,FIJTB
2529810593,2950155,3,pierna,loading,-0.9264,-0.0049,0.5647,-89.9048,5.6763,-3.9673,t009,FIJTB
2529810593,2950171,3,pierna,loading,-0.9268,0.0441,0.6189,-95.1538,8.2397,-12.8784,t009,FIJTB
2529810593,2950187,3,pierna,loading,-0.8159,0.0861,0.6874,-92.3462,7.5073,-12.2070,t009,FIJTB
2529810646,2950203,3,pierna,loading,-0.7802,0.0922,0.6843,-77.9419,1.1597,-5.4321,t009,FIJTB
2529810646,2950219,3,pierna,loading,-0.7812,0.0667,0.5969,-67.0776,-2.5635,-2.1362,t009,FIJTB
2529810646,2950235,3,pierna,loading,-0.7913,0.0565,0.5472,-45.1660,-7.9956,2.8687,t009,FIJTB
2529810694,2950251,3,pierna,loading,-0.8099,0.0520,0.4819,-35.5225,-9.4604,4.6387,t009,FIJTB
2529810695,2950267,3,pierna,loading,-0.7783,0.0367,0.4541,-11.4746,-10.1318,8.9722,t009,FIJTB
2529810697,2950283,3,pierna,loading,-0.7549,0.0497,0.4496,23.8037,-18.4937,17.2729,t009,FIJTB
2529810749,2950299,3,pierna,loading,-0.7261,0.0559,0.3270,43.5791,-28.8696,20.2637,t009,FIJTB
2529810750,2950315,3,pierna,loading,-0.7825,0.0222,0.2329,78.1860,-60.7300,23.0713,t009,FIJTB
2529810751,2950331,3,pierna,loading,-1.2274,-0.0574,0.3015,85.3882,-69.2139,26.3672,t009,FIJTB
2529810765,2950347,3,pierna,loading,-1.5840,-0.3484,0.6421,75.1343,-31.7993,45.3491,t009,FIJTB
2529810801,2950363,3,pierna,loading,-1.4631,-0.5204,0.6099,15.9302,0.0610,57.8003,t009,FIJTB
2529810802,2950379,3,pierna,loading,-0.9778,-0.3970,0.1068,-27.8320,-20.8740,43.5181,t009,FIJTB
2529810802,2950395,3,pierna,loading,-0.8573,-0.1135,-0.0962,-78.1250,-80.4443,16.9678,t009,FIJTB
2529810853,2950411,3,pierna,loading,-0.7975,0.2249,-0.2719,-68.6646,-92.4072,18.5547,t009,FIJTB
2529810854,2950427,3,pierna,loading,-0.6738,0.0900,-0.3047,-14.3433,-83.7402,31.7383,t009,FIJTB
2529810854,2950443,3,pierna,loading,-0.7102,-0.0828,-0.2267,28.5034,-72.6929,44.7388,t009,FIJTB
2529810905,2950460,3,pierna,loading,-1.0209,-0.3816,-0.0294,42.2974,-68.4814,48.4619,t009,FIJTB
2529810906,2950476,3,pierna,loading,-1.1445,-0.4706,0.0327,49.5605,-56.1523,40.7715,t009,FIJTB
2529810906,2950492,3,pierna,loading,-1.0737,-0.4811,0.1050,39.8560,-51.9409,29.5410,t009,FIJTB
2529810951,2950508,3,pierna,loading,-0.9908,-0.4117,0.1177,9.9487,-55.6641,10.3760,t009,FIJTB
2529810959,2950524,3,pierna,loading,-0.9951,-0.3787,0.1219,-20.9351,-61.4624,0.9766,t009,FIJTB
2529810959,2950540,3,pierna,loading,-0.9404,-0.2349,0.1051,-32.4097,-62.1948,-2.9907,t009,FIJTB
2529810987,2950556,3,pierna,loading,-0.9103,-0.1694,0.0841,-35.8887,-61.5234,-5.4321,t009,FIJTB
2529811011,2950572,3,pierna,loading,-0.8916,-0.1064,0.0680,-30.6396,-59.6313,-3.2349,t009,FIJTB
2529811011,2950588,3,pierna,loading,-0.9133,-0.0814,0.0728,-11.1694,-56.7627,4.0894,t009,FIJTB
2529811011,2950604,3,pierna,loading,-0.9520,-0.0927,0.0536,17.5171,-56.6406,11.5356,t009,FIJTB
2529811064,2950620,3,pierna,loading,-1.0197,-0.1233,0.0181,30.0293,-55.2368,13.6719,t009,FIJTB
2529811064,2950636,3,pierna,loading,-1.0201,-0.1271,0.0112,45.7153,-51.0254,11.8408,t009,FIJTB
2529811064,2950652,3,pierna,midstance,-0.9670,-0.1439,-0.0300,51.5747,-51.0864,8.7891,t009,FIJTB
2529811114,2950668,3,pierna,midstance,-0.9374,-0.2012,-0.0940,61.2793,-57.4341,2.9907,t009,FIJTB
2529811115,2950684,3,pierna,midstance,-0.9432,-0.2230,-0.1034,62.8052,-60.0586,-0.6104,t009,FIJTB
2529811116,2950701,3,pierna,midstance,-0.9666,-0.2452,-0.0878,61.8286,-58.2275,-1.2207,t009,FIJTB
2529811171,2950717,3,pierna,midstance,-0.9692,-0.2617,-0.0780,57.9224,-57.5561,-0.9766,t009,FIJTB
2529811172,2950733,3,pierna,midstance,-0.9681,-0.2913,-0.0591,54.9927,-58.8989,-0.9155,t009,FIJTB
2529811172,2950749,3,pierna,midstance,-0.9501,-0.2626,-0.0385,44.3726,-60.2417,-2.2583,t009,FIJTB
2529811172,2950765,3,pierna,midstance,-0.9293,-0.2273,-0.0325,33.3862,-63.6597,-2.0752,t009,FIJTB
2529811221,2950781,3,pierna,midstance,-0.9016,-0.2190,-0.0237,30.9448,-65.6128,-1.2817,t009,FIJTB
2529811223,2950797,3,pierna,midstance,-0.9161,-0.2368,-0.0131,25.2686,-63.5986,-1.5259,t009,FIJTB
2529811223,2950814,3,pierna,midstance,-0.9474,-0.2534,-0.0054,21.5454,-59.6313,-1.8311,t009,FIJTB
2529811276,2950830,3,pierna,midstance,-0.9810,-0.2161,0.0526,16.5405,-52.7954,-0.2441,t009,FIJTB
2529811276,2950846,3,pierna,midstance,-0.9681,-0.2007,0.0947,15.2588,-42.1143,1.7090,t009,FIJTB
2529811276,2950862,3,pierna,midstance,-0.9326,-0.2114,0.1329,15.7471,-36.8042,2.6855,t009,FIJTB
2529811326,2950878,3,pierna,midstance,-0.9507,-0.2532,0.1293,23.9258,-36.3770,10.6812,t009,FIJTB
2529811327,2950894,3,pierna,midstance,-0.9882,-0.3350,0.0853,31.0669,-36.7432,15.9302,t009,FIJTB
2529811328,2950910,3,pierna,midstance,-0.9445,-0.3733,-0.0171,51.8188,-32.2266,18.6768,t009,FIJTB
2529811373,2950927,3,pierna,midstance,-0.9658,-0.3857,-0.0485,61.2183,-25.0854,11.9629,t009,FIJTB
2529811381,2950943,3,pierna,midstance,-0.9977,-0.3455,-0.1022,55.4810,-21.1792,7.7515,t009,FIJTB
2529811382,2950959,3,pierna,midstance,-0.9777,-0.3077,-0.1506,41.8701,-19.8975,1.5869,t009,FIJTB
2529811382,2950975,3,pierna,midstance,-0.8951,-0.2224,-0.2485,39.1846,-25.8179,-2.5024,t009,FIJTB
2529811431,2950991,3,pierna,terminal,-0.8889,-0.1676,-0.2664,41.8701,-28.5645,-3.1738,t009,FIJTB
2529811432,2951007,3,pierna,terminal,-0.9255,-0.1443,-0.2546,48.6450,-28.6255,-4.6997,t009,FIJTB
2529811433,2951023,3,pierna,terminal,-1.0012,-0.1455,-0.2148,51.3306,-26.7944,-6.3477,t009,FIJTB
2529811485,2951040,3,pierna,terminal,-1.0245,-0.2186,-0.1598,55.9692,-25.0854,-6.5918,t009,FIJTB
2529811486,2951056,3,pierna,terminal,-1.0466,-0.2527,-0.1227,54.9927,-23.8647,-5.7373,t009,FIJTB
2529811486,2951073,3,pierna,terminal,-1.0848,-0.3210,-0.0375,51.6968,-22.2778,-6.7139,t009,FIJTB
2529811536,2951089,3,pierna,terminal,-1.0955,-0.3665,0.0116,42.9687,-18.8599,-7.9956,t009,FIJTB
2529811537,2951105,3,pierna,terminal,-1.1636,-0.4728,0.1254,39.4287,-17.3950,-7.3242,t009,FIJTB
2529811537,2951121,3,pierna,terminal,-1.3497,-0.4865,0.2908,33.8745,-10.8643,-8.5449,t009,FIJTB
2529811590,2951137,3,pierna,terminal,-1.4480,-0.3975,0.3920,21.3623,18.2495,-26.6724,t009,FIJTB
2529811591,2951153,3,pierna,terminal,-1.4143,-0.0326,0.4633,15.5640,40.3442,-43.1519,t009,FIJTB
2529811591,2951169,3,pierna,terminal,-1.3190,0.1809,0.3911,25.8179,59.4482,-65.3687,t009,FIJTB
2529811592,2951185,3,pierna,terminal,-1.0935,0.4635,0.0778,38.6963,49.9268,-60.1807,t009,FIJTB
2529811641,2951201,3,pierna,terminal,-1.0696,0.3015,-0.2784,69.7632,35.0342,-28.1982,t009,FIJTB
2529811641,2951217,3,pierna,terminal,-1.0334,0.1066,-0.4529,119.1406,57.1289,-3.4180,t009,FIJTB
2529811642,2951233,3,pierna,terminal,-0.9158,-0.2108,-0.5875,132.3853,70.3735,4.2114,t009,FIJTB
2529811694,2951249,3,pierna,terminal,-0.8859,-0.3123,-0.4929,109.5581,91.6748,17.6392,t009,FIJTB
2529811694,2951265,3,pierna,terminal,-0.9333,-0.5515,-0.2751,78.1860,98.3887,22.8271,t009,FIJTB
2529811695,2951281,3,pierna,terminal,-1.0907,-0.5203,-0.1759,-7.0190,101.5625,23.6816,t009,FIJTB
2529811744,2951298,3,pierna,terminal,-1.1482,-0.3916,-0.2096,-81.1768,94.3603,7.3242,t009,FIJTB
2529811746,2951314,3,pierna,terminal,-1.1270,-0.1667,-0.3441,-98.9990,89.4775,0.6714,t009,FIJTB
2529811746,2951330,3,pierna,terminal,-1.0775,-0.1224,-0.3884,-97.5952,85.2661,0.5493,t009,FIJTB
2529811756,2951346,3,pierna,terminal,-1.0751,-0.1604,-0.3746,-87.8296,87.8296,6.9580,t009,FIJTB
2529811800,2951361,3,pierna,terminal,-1.1182,-0.1621,-0.3108,-74.2188,98.7549,24.1699,t009,FIJTB
2529811801,2951377,3,pierna,terminal,-1.0916,-0.1146,-0.2842,-69.6411,105.5908,33.2642,t009,FIJTB
2529811802,2951394,3,pierna,terminal,-1.0211,-0.0029,-0.2854,-64.8193,104.8584,33.3862,t009,FIJTB
2529811852,2951410,3,pierna,swing,-0.9928,0.0193,-0.3015,-42.7246,98.3276,29.1138,t009,FIJTB
2529811852,2951426,3,pierna,swing,-0.9241,-0.0636,-0.3085,-29.1138,94.2993,27.8320,t009,FIJTB
2529811853,2951442,3,pierna,swing,-0.8746,-0.1964,-0.2676,-17.8833,86.6089,29.7852,t009,FIJTB
2529811906,2951458,3,pierna,swing,-0.8577,-0.2255,-0.2411,-33.0200,79.0405,32.1655,t009,FIJTB
2529811906,2951474,3,pierna,swing,-0.8507,-0.2311,-0.1940,-44.9219,74.8291,32.4707,t009,FIJTB
2529811907,2951490,3,pierna,swing,-0.8612,-0.2225,-0.1650,-70.8008,69.5190,31.9824,t009,FIJTB
2529811957,2951506,3,pierna,swing,-0.8855,-0.2031,-0.0757,-83.8013,69.6411,31.4941,t009,FIJTB
2529811960,2951522,3,pierna,swing,-0.8809,-0.1605,0.0558,-104.8584,74.4629,31.7993,t009,FIJTB
2529811960,2951538,3,pierna,swing,-0.8652,-0.1251,0.1119,-112.8540,77.5146,26.5503,t009,FIJTB
2529811961,2951554,3,pierna,swing,-0.8403,-0.0338,0.2072,-111.1450,75.8667,20.0195,t009,FIJTB
2529812012,2951570,3,pierna,swing,-0.8260,0.0078,0.2246,-96.5576,67.7490,6.7749,t009,FIJTB
2529812012,2951586,3,pierna,swing,-0.7614,0.0968,0.2140,-85.8765,61.2183,2.2583,t009,FIJTB
2529812012,2951602,3,pierna,swing,-0.7494,0.1421,0.2096,-59.4482,47.6685,-3.6621,t009,FIJTB
2529812064,2951618,3,pierna,swing,-0.7546,0.1809,0.2184,-33.0811,38.8794,-5.4321,t009,FIJTB
2529812065,2951634,3,pierna,swing,-0.7784,0.1206,0.2400,-24.0478,34.1797,-3.5400,t009,FIJTB
2529812065,2951650,3,pierna,swing,-0.7905,0.0770,0.2496,-15.0146,25.1465,2.3193,t009,FIJTB
2529812118,2951666,3,pierna,swing,-0.7972,-0.0472,0.2688,-12.3901,22.0337,4.7607,t009,FIJTB
2529812118,2951682,3,pierna,swing,-0.8033,-0.1631,0.2979,-1.6479,20.6909,16.4795,t009,FIJTB
2529812119,2951698,3,pierna,swing,-0.8574,-0.4004,0.3779,5.2490,19.5923,28.1982,t009,FIJTB
2529812143,2951714,3,pierna,swing,-0.8154,-0.3940,0.4702,8.1787,15.3809,41.6870,t009,FIJTB
2529812167,2951730,3,pierna,swing,-0.8153,-0.3251,0.5328,-2.8076,10.8032,21.5454,t009,FIJTB
2529812169,2951746,3,pierna,swing,-0.8721,-0.2222,0.6379,-11.3525,9.1553,7.9346,t009,FIJTB
2529812170,2951762,3,pierna,swing,-0.8977,-0.1962,0.6831,-28.8696,10.1929,-4.8218,t009,FIJTB
2529812222,2951778,3,pierna,swing,-0.9231,-0.1300,0.7379,-31.6162,10.8032,-4.4556,t009,FIJTB
2529812222,2951794,3,pierna,swing,-0.8098,-0.0900,0.7007,-21.2402,3.9673,-0.3662,t009,FIJTB
2529812223,2951810,3,pierna,swing,-0.7421,-0.1023,0.6504,-1.4038,-15.5029,1.2817,t009,FIJTB
2529812271,2951826,3,pierna,swing,-0.6735,-0.1617,0.5149,4.1504,-25.0244,3.2349,t009,FIJTB
2529812272,2951843,3,pierna,swing,-0.6420,-0.2117,0.4543,7.0801,-36.0107,14.6484,t009,FIJTB
2529812273,2951859,3,pierna,swing,-0.5381,-0.2318,0.1952,4.5166,-47.7905,19.1650,t009,FIJTB
2529812326,2951875,3,pierna,swing,-0.8298,-0.2778,0.1672,-8.6670,-99.1211,18.3716,t009,FIJTB
2529812327,2951891,3,pierna,swing,-1.3362,-0.3616,0.4711,-36.8042,-92.4683,32.0435,t009,FIJTB
2529812327,2951907,3,pierna,swing,-2.2565,-0.5853,0.7302,-71.4722,-55.5420,34.9121,t009,FIJTB
2529812376,2951923,3,pierna,swing,-1.9430,-0.4031,0.4320,-163.8183,-12.3291,11.8408,t009,FIJTB
2529812376,2951939,3,pierna,loading,-0.7517,0.3334,-0.1355,-177.1850,-34.3018,0.6104,t009,FIJTB
2529812377,2951955,3,pierna,loading,-0.6387,0.4833,-0.3125,-98.5107,-85.0220,1.4038,t009,FIJTB
2529812377,2951971,3,pierna,loading,-0.6599,0.3617,-0.3750,25.6348,-64.6362,12.1460,t009,FIJTB
2529812435,2951987,3,pierna,loading,-0.5636,-0.0197,-0.3236,70.0073,-54.4434,24.4751,t009,FIJTB
2529812435,2952003,3,pierna,loading,-0.6389,-0.1594,-0.2367,109.6802,-50.9033,49.1333,t009,FIJTB
2529812435,2952020,3,pierna,loading,-0.9894,-0.3104,-0.1476,122.4976,-49.7436,52.6733,t009,FIJTB
2529812486,2952036,3,pierna,loading,-1.2015,-0.4557,-0.0844,135.9863,-49.1943,36.4990,t009,FIJTB
2529812486,2952052,3,pierna,loading,-1.2285,-0.5261,-0.0427,77.6367,-57.6782,13.0005,t009,FIJTB
2529812489,2952068,3,pierna,loading,-1.1390,-0.5889,0.0284,33.8745,-60.7300,8.4229,t009,FIJTB
2529812543,2952085,3,pierna,loading,-0.8727,-0.4449,-0.0011,-17.8833,-61.5234,0.9155,t009,FIJTB
2529812543,2952101,3,pierna,loading,-0.8075,-0.3765,-0.0342,-9.1553,-63.9038,-10.4980,t009,FIJTB
2529812544,2952117,3,pierna,loading,-0.8325,-0.2595,-0.0385,-4.0283,-61.4624,-13.8550,t009,FIJTB
2529812544,2952133,3,pierna,loading,-0.8754,-0.1938,-0.0127,-0.6714,-49.4995,-9.5825,t009,FIJTB
2529812596,2952149,3,pierna,loading,-0.9797,-0.0929,0.0088,4.2114,-46.9971,-3.9062,t009,FIJTB
2529812597,2952165,3,pierna,loading,-1.0629,-0.0990,-0.0387,18.7378,-47.7905,6.4697,t009,FIJTB
2529812597,2952181,3,pierna,loading,-1.0598,-0.1271,-0.0552,37.0483,-45.5322,10.6201,t009,FIJTB
2529812651,2952198,3,pierna,loading,-0.9833,-0.2777,-0.0195,47.6074,-42.9077,12.4512,t009,FIJTB
2529812651,2952214,3,pierna,loading,-0.9324,-0.3625,0.0125,62.4390,-43.3350,16.4185,t009,FIJTB
2529812652,2952230,3,pierna,loading,-0.9087,-0.4034,0.0375,60.7300,-45.1660,15.5029,t009,FIJTB
2529812701,2952246,3,pierna,loading,-0.9232,-0.2668,0.0038,38.8794,-44.1894,4.8828,t009,FIJTB
2529812701,2952262,3,pierna,loading,-0.9467,-0.2054,-0.0037,19.6533,-44.9219,-3.4180,t009,FIJTB
2529812703,2952279,3,pierna,loading,-0.9817,-0.1923,-0.0052,18.1274,-44.7998,-3.7231,t009,FIJTB
2529812704,2952295,3,pierna,loading,-0.9669,-0.2330,-0.0077,22.9492,-38.5132,-1.8311,t009,FIJTB
2529812758,2952311,3,pierna,loading,-0.9127,-0.2950,-0.0033,21.4844,-30.4565,-0.6104,t009,FIJTB
2529812758,2952327,3,pierna,loading,-0.9125,-0.2614,-0.0063,16.6016,-28.0762,-0.6104,t009,FIJTB
2529812759,2952343,3,pierna,loading,-0.9309,-0.2330,-0.0099,7.5684,-25.6958,-0.1831,t009,FIJTB
2529812809,2952359,3,pierna,loading,-0.9417,-0.1635,-0.0231,6.6528,-25.8789,-0.1831,t009,FIJTB
2529812810,2952376,3,pierna,loading,-0.9341,-0.1311,-0.0409,13.1226,-31.9214,-0.7324,t009,FIJTB
2529812810,2952392,3,pierna,loading,-0.9429,-0.1071,-0.1106,27.4658,-37.5366,0.3052,t009,FIJTB
2529812865,2952408,3,pierna,loading,-0.9731,-0.1238,-0.1471,34.3628,-37.6587,0.9766,t009,FIJTB
2529812866,2952425,3,pierna,loading,-0.9684,-0.1510,-0.1442,43.7622,-37.1704,3.9062,t009,FIJTB
2529812866,2952441,3,pierna,loading,-0.9475,-0.2533,-0.1256,45.9595,-36.8042,5.9814,t009,FIJTB
2529812866,2952457,3,pierna,loading,-0.9211,-0.3656,-0.1152,44.1894,-33.8745,8.3618,t009,FIJTB
2529812916,2952473,3,pierna,loading,-0.9271,-0.3721,-0.1210,33.5693,-29.8462,4.2114,t009,FIJTB
2529812917,2952489,3,pierna,midstance,-0.9227,-0.2668,-0.1322,27.2827,-27.4048,1.0986,t009,FIJTB
2529812917,2952505,3,pierna,midstance,-0.9349,-0.2263,-0.1196,27.6489,-25.8789,-1.2207,t009,FIJTB
2529812975,2952521,3,pierna,midstance,-0.9972,-0.2228,-0.0989,32.4707,-26.2451,-0.9155,t009,FIJTB
2529812976,2952537,3,pierna,midstance,-1.0286,-0.2244,-0.0876,38.0249,-25.5127,-0.8545,t009,FIJTB
2529812976,2952553,3,pierna,midstance,-1.0187,-0.2190,-0.0962,41.6870,-24.9023,-1.0986,t009,FIJTB
2529812976,2952569,3,pierna,midstance,-0.9762,-0.2152,-0.1429,45.5322,-25.3906,-1.1597,t009,FIJTB
2529813029,2952585,3,pierna,midstance,-0.9541,-0.2097,-0.1562,53.0395,-27.7710,-1.1597,t009,FIJTB
2529813030,2952602,3,pierna,midstance,-0.9034,-0.2279,-0.1473,57.0068,-29.1748,-1.3428,t009,FIJTB
2529813031,2952618,3,pierna,midstance,-0.9194,-0.3102,-0.0914,64.2090,-30.2124,-4.2725,t009,FIJTB
2529813083,2952634,3,pierna,midstance,-0.9598,-0.3596,-0.0634,58.8989,-28.1982,-11.2305,t009,FIJTB
2529813083,2952650,3,pierna,midstance,-1.0266,-0.4329,-0.0251,50.1099,-27.4658,-14.6484,t009,FIJTB
2529813084,2952666,3,pierna,midstance,-1.0251,-0.4399,-0.0072,28.2593,-27.7100,-17.2119,t009,FIJTB
2529813133,2952682,3,pierna,midstance,-1.0215,-0.4240,0.0275,20.1416,-27.8931,-15.7471,t009,FIJTB
2529813135,2952698,3,pierna,midstance,-1.1256,-0.3563,0.0908,13.0005,-23.4375,-14.8926,t009,FIJTB
2529813135,2952714,3,pierna,midstance,-1.1600,-0.2697,0.1256,4.8218,-11.9629,-25.7568,t009,FIJTB
2529813155,2952730,3,pierna,midstance,-1.1534,-0.0255,0.1293,1.0376,-5.5542,-31.8603,t009,FIJTB
2529813187,2952746,3,pierna,midstance,-1.1367,0.1115,0.1213,-0.9766,2.9907,-37.3535,t009,FIJTB
2529813188,2952762,3,pierna,midstance,-1.1591,0.3073,0.1288,7.1411,7.9346,-38.4521,t009,FIJTB
2529813188,2952778,3,pierna,midstance,-1.2041,0.2982,0.0551,51.9409,25.8179,-39.9170,t009,FIJTB
2529813237,2952794,3,pierna,midstance,-1.1880,0.2109,0.0192,100.5249,51.5137,-40.5273,t009,FIJTB
2529813239,2952810,3,pierna,midstance,-1.1096,-0.0909,-0.0707,113.2812,64.3921,-37.7197,t009,FIJTB
2529813239,2952826,3,pierna,midstance,-1.0739,-0.2623,-0.1346,109.2529,78.9185,-18.7988,t009,FIJTB
2529813291,2952842,3,pierna,midstance,-1.0486,-0.4901,-0.2086,94.8486,81.7261,-5.9204,t009,FIJTB
2529813291,2952858,3,pierna,midstance,-1.1051,-0.5670,-0.2341,50.1709,90.3931,17.0288,t009,FIJTB
2529813291,2952874,3,pierna,midstance,-1.1608,-0.5385,-0.2452,-14.1602,100.9521,28.3813,t009,FIJTB
2529813340,2952891,3,pierna,midstance,-1.2634,-0.3702,-0.2611,-43.6401,108.0322,27.3437,t009,FIJTB
2529813342,2952907,3,pierna,midstance,-1.2870,-0.2859,-0.2710,-81.8481,121.6431,20.0806,t009,FIJTB
2529813343,2952923,3,pierna,midstance,-1.2535,-0.2212,-0.3043,-90.8203,125.2441,18.6157,t009,FIJTB
2529813370,2952939,3,pierna,midstance,-1.1564,-0.1250,-0.3273,-89.7217,120.1782,19.2261,t009,FIJTB
2529813396,2952955,3,pierna,midstance,-1.1301,-0.0632,-0.2867,-77.2705,116.3940,17.4561,t009,FIJTB
2529813397,2952971,3,pierna,midstance,-1.1023,0.0071,-0.2040,-70.3735,118.5303,21.2402,t009,FIJTB
2529813397,2952987,3,pierna,midstance,-1.0717,0.0146,-0.1841,-56.5186,119.8730,35.2173,t009,FIJTB
2529813446,2953003,3,pierna,midstance,-0.9973,0.0160,-0.1667,-50.6592,118.5913,39.0625,t009,FIJTB
2529813446,2953018,3,pierna,terminal,-0.9789,0.0212,-0.1757,-39.1235,115.5395,35.6445,t009,FIJTB
2529813447,2953034,3,pierna,terminal,-0.9635,0.0251,-0.2352,-31.9824,112.9761,30.7007,t009,FIJTB
2529813503,2953050,3,pierna,terminal,-0.9081,-0.0040,-0.2528,-17.9443,107.3608,21.4844,t009,FIJTB
2529813504,2953066,3,pierna,terminal,-0.8857,-0.0292,-0.2280,-14.5874,101.4404,16.6016,t009,FIJTB
2529813504,2953083,3,pierna,terminal,-0.8560,-0.0570,-0.1719,-19.3481,98.9990,14.4653,t009,FIJTB
2529813505,2953099,3,pierna,terminal,-0.8394,-0.0453,-0.1470,-31.9214,93.1396,10.0098,t009,FIJTB
2529813555,2953115,3,pierna,terminal,-0.8242,-0.0284,-0.0443,-37.0483,86.3647,5.9204,t009,FIJTB
2529813557,2953131,3,pierna,terminal,-0.8311,-0.0808,0.1230,-37.9028,84.4726,6.7139,t009,FIJTB
2529813557,2953147,3,pierna,terminal,-0.8463,-0.1017,0.2015,-39.5508,82.8857,9.0942,t009,FIJTB
2529813609,2953163,3,pierna,terminal,-0.8810,-0.0730,0.3219,-38.7573,81.9702,7.0801,t009,FIJTB
2529813609,2953179,3,pierna,terminal,-0.8760,-0.0323,0.3635,-29.5410,79.4067,-0.4272,t009,FIJTB
2529813610,2953195,3,pierna,terminal,-0.8551,-0.0083,0.4156,-18.6768,77.1484,-2.5024,t009,FIJTB
2529813659,2953211,3,pierna,terminal,-0.8054,-0.0529,0.3748,8.1177,70.6787,-4.8828,t009,FIJTB
2529813660,2953227,3,pierna,terminal,-0.7383,-0.0909,0.3309,24.9023,53.6499,-3.9673,t009,FIJTB
2529813660,2953243,3,pierna,terminal,-0.6952,-0.1757,0.2571,27.2217,42.8467,-0.5493,t009,FIJTB
2529813705,2953259,3,pierna,terminal,-0.6859,-0.2361,0.2374,22.2168,25.2075,9.3384,t009,FIJTB
2529813712,2953275,3,pierna,terminal,-0.6975,-0.3907,0.2762,15.0757,18.7378,15.9302,t009,FIJTB
2529813713,2953291,3,pierna,terminal,-0.7408,-0.4829,0.3695,-9.4604,13.3667,27.1606,t009,FIJTB
2529813714,2953307,3,pierna,terminal,-0.7505,-0.4800,0.4108,-44.4946,15.9302,27.5269,t009,FIJTB
2529813763,2953323,3,pierna,terminal,-0.7572,-0.3207,0.5269,-62.6221,17.0288,22.3999,t009,FIJTB
2529813764,2953339,3,pierna,terminal,-0.7640,-0.1924,0.5980,-84.2895,16.6016,6.7139,t009,FIJTB
2529813764,2953355,3,pierna,terminal,-0.7163,-0.0231,0.6414,-83.1299,13.7329,0.4883,t009,FIJTB
2529813815,2953371,3,pierna,terminal,-0.6932,-0.0336,0.5869,-64.6973,-0.5493,-0.9155,t009,FIJTB
2529813815,2953387,3,pierna,terminal,-0.7324,-0.0619,0.5695,-51.5747,-15.1978,8.7280,t009,FIJTB
2529813816,2953403,3,pierna,terminal,-0.7795,-0.1201,0.5503,-51.7578,-19.0430,13.6108,t009,FIJTB
2529813865,2953419,3,pierna,terminal,-0.7596,-0.1295,0.5234,-54.9927,-23.8647,18.0054,t009,FIJTB
2529813866,2953435,3,pierna,terminal,-0.6960,-0.0918,0.4830,-51.9409,-27.5879,17.4561,t009,FIJTB
2529813866,2953451,3,pierna,terminal,-0.8070,-0.0448,0.6001,-32.3486,-28.6865,18.6157,t009,FIJTB
2529813918,2953467,3,pierna,terminal,-0.7605,-0.0129,0.5806,7.2021,-38.2080,17.1509,t009,FIJTB
2529813919,2953483,3,pierna,terminal,-0.7253,0.0056,0.4871,39.4897,-67.6270,11.1084,t009,FIJTB
2529813920,2953499,3,pierna,terminal,-1.1433,-0.0895,0.6276,103.2715,-94.6045,10.0708,t009,FIJTB
2529813967,2953515,3,pierna,terminal,-1.9263,-0.5220,0.6721,88.8672,-68.3594,23.2544,t009,FIJTB
2529813970,2953531,3,pierna,terminal,-1.2651,-0.4240,0.2777,-63.1714,-21.1792,36.5601,t009,FIJTB
2529813971,2953548,3,pierna,terminal,-0.8624,-0.1476,0.0366,-148.6206,-58.7769,17.2729,t009,FIJTB
2529813971,2953564,3,pierna,terminal,-0.7491,0.3134,-0.1635,-135.0098,-86.9751,18.0664,t009,FIJTB
2529814023,2953580,3,pierna,terminal,-0.7019,0.4100,-0.2393,-47.9126,-93.4448,33.2642,t009,FIJTB
2529814023,2953596,3,pierna,terminal,-0.4961,0.2457,-0.3197,-6.4087,-86.3647,35.2173,t009,FIJTB
2529814023,2953612,3,pierna,swing,-0.9803,-0.1696,-0.1311,56.0303,-85.5713,35.4004,t009,FIJTB
2529814073,2953628,3,pierna,swing,-1.1951,-0.3677,-0.0206,86.9141,-74.0356,36.0107,t009,FIJTB
2529814075,2953644,3,pierna,swing,-1.2344,-0.5421,0.1450,83.6792,-65.4297,30.5176,t009,FIJTB
2529814075,2953660,3,pierna,swing,-1.1188,-0.5500,0.1685,40.5884,-61.0352,12.9395,t009,FIJTB
2529814122,2953676,3,pierna,swing,-0.9520,-0.5316,0.1000,11.9019,-65.2466,5.0049,t009,FIJTB
2529814129,2953692,3,pierna,swing,-0.9081,-0.3737,0.0491,-32.5928,-71.2280,-3.0518,t009,FIJTB
2529814130,2953708,3,pierna,swing,-0.8937,-0.2668,0.0359,-47.8516,-70.4956,-2.6245,t009,FIJTB
2529814131,2953724,3,pierna,swing,-0.9098,-0.1145,0.0820,-47.7905,-67.8101,-0.4272,t009,FIJTB
2529814180,2953740,3,pierna,swing,-0.9199,-0.0679,0.1169,-34.1797,-64.6973,2.5024,t009,FIJTB
2529814180,2953757,3,pierna,swing,-0.9913,-0.0131,0.1216,-18.4326,-64.3921,3.1738,t009,FIJTB
2529814182,2953773,3,pierna,swing,-1.0944,-0.0201,0.1135,25.1465,-61.4014,4.6387,t009,FIJTB
2529814235,2953788,3,pierna,swing,-1.0876,-0.0321,0.1311,53.8330,-50.5371,4.5776,t009,FIJTB
2529814236,2953804,3,pierna,swing,-0.9681,-0.0660,0.1359,59.8144,-44.7998,4.3945,t009,FIJTB
2529814236,2953820,3,pierna,swing,-0.9141,-0.1143,0.1207,72.3267,-42.4194,5.9204,t009,FIJTB
2529814285,2953836,3,pierna,swing,-0.8884,-0.2396,0.0614,80.9326,-44.4336,7.0801,t009,FIJTB
2529814288,2953852,3,pierna,swing,-0.9159,-0.2855,0.0458,93.8721,-41.8091,6.5918,t009,FIJTB
2529814288,2953868,3,pierna,swing,-0.9561,-0.3414,0.0443,94.6655,-37.1094,5.7983,t009,FIJTB
2529814296,2953884,3,pierna,swing,-0.9484,-0.3400,0.0215,83.3130,-32.4097,3.6621,t009,FIJTB
2529814341,2953900,3,pierna,swing,-0.9486,-0.3408,-0.0013,63.1714,-33.9966,3.3569,t009,FIJTB
2529814341,2953916,3,pierna,swing,-0.9381,-0.3231,-0.0328,53.2227,-34.6069,3.1128,t009,FIJTB
2529814342,2953932,3,pierna,swing,-0.9216,-0.3092,-0.0358,39.4897,-36.0718,-0.1221,t009,FIJTB
2529814392,2953948,3,pierna,swing,-0.9183,-0.3262,-0.0272,36.4990,-36.8042,-1.2817,t009,FIJTB
2529814393,2953965,3,pierna,swing,-0.9498,-0.3406,-0.0143,31.8603,-36.9263,-0.0610,t009,FIJTB
2529814393,2953981,3,pierna,swing,-0.9568,-0.3015,-0.0082,22.0337,-34.4849,0.8545,t009,FIJTB
2529814447,2953997,3,pierna,swing,-0.9442,-0.1947,0.0020,17.8833,-32.8369,0.2441,t009,FIJTB
2529814447,2954013,3,pierna,swing,-0.9476,-0.1820,0.0050,21.8506,-30.8228,0.8545,t009,FIJTB
2529814448,2954029,3,pierna,swing,-0.9573,-0.2335,-0.0265,26.6724,-29.9683,1.7090,t009,FIJTB
2529814497,2954045,3,pierna,swing,-0.9745,-0.2429,-0.0514,34.6680,-27.4048,1.0986,t009,FIJTB
2529814500,2954061,3,pierna,swing,-0.9700,-0.2323,-0.0673,41.1987,-25.9399,-0.7935,t009,FIJTB
2529814500,2954077,3,pierna,swing,-0.9409,-0.2249,-0.1133,41.6260,-25.6958,-1.5869,t009,FIJTB
2529814501,2954093,3,pierna,swing,-0.9391,-0.2271,-0.1454,39.4287,-27.9541,-1.0986,t009,FIJTB
2529814553,2954110,3,pierna,swing,-0.9402,-0.1848,-0.2039,37.1094,-30.6396,-2.6855,t009,FIJTB
2529814554,2954126,3,pierna,swing,-0.8997,-0.1449,-0.2211,36.7432,-31.7993,-3.9062,t009,FIJTB
2529814555,2954142,3,pierna,swing,-0.8949,-0.1525,-0.2289,40.8936,-37.0483,-3.6621,t009,FIJTB
2529814605,2954158,3,pierna,swing,-0.9402,-0.1886,-0.2417,43.0908,-40.2222,-3.6621,t009,FIJTB
2529814607,2954175,3,pierna,loading,-0.9696,-0.2192,-0.2161,42.2363,-44.0063,-4.2114,t009,FIJTB
2529814608,2954191,3,pierna,loading,-0.9586,-0.2219,-0.2008,36.8652,-43.5791,-7.0801,t009,FIJTB
2529814663,2954207,3,pierna,loading,-0.9596,-0.2218,-0.1573,34.3018,-43.1519,-8.9722,t009,FIJTB
2529814663,2954223,3,pierna,loading,-0.9393,-0.2223,-0.1355,30.4565,-41.9922,-10.2539,t009,FIJTB
2529814663,2954239,3,pierna,loading,-0.9277,-0.2655,-0.1000,31.0059,-42.6025,-9.8267,t009,FIJTB
2529814664,2954256,3,pierna,loading,-0.9886,-0.2906,-0.0540,30.7007,-44.1284,-9.8267,t009,FIJTB
2529814714,2954272,3,pierna,loading,-1.0148,-0.2783,-0.0292,25.1465,-42.4194,-12.1460,t009,FIJTB
2529814714,2954288,3,pierna,loading,-1.0367,-0.2690,-0.0037,23.8647,-41.7480,-14.0991,t009,FIJTB
2529814716,2954305,3,pierna,loading,-1.0479,-0.3052,-0.0015,27.8320,-41.9922,-14.9536,t009,FIJTB
2529814771,2954321,3,pierna,loading,-1.1066,-0.3461,0.0509,27.6489,-37.2925,-15.1367,t009,FIJTB
2529814772,2954337,3,pierna,loading,-1.1245,-0.3602,0.1350,24.9634,-32.7148,-17.5781,t009,FIJTB
2529814772,2954353,3,pierna,loading,-1.1481,-0.3595,0.1926,19.5923,-21.4844,-24.8413,t009,FIJTB
2529814812,2954369,3,pierna,loading,-1.2297,-0.2666,0.3419,16.8457,-14.1602,-31.4331,t009,FIJTB
2529814824,2954385,3,pierna,loading,-1.2529,-0.1803,0.4242,12.4512,5.0049,-46.0815,t009,FIJTB
2529814825,2954401,3,pierna,loading,-1.2191,0.0912,0.5129,12.0239,14.3433,-49.8657,t009,FIJTB
2529814825,2954417,3,pierna,loading,-1.2025,0.3190,0.3125,34.6680,27.5269,-48.2788,t009,FIJTB
2529814879,2954433,3,pierna,loading,-1.2129,0.2751,0.1304,75.9277,36.7432,-32.6538,t009,FIJTB
2529814880,2954449,3,pierna,loading,-1.1022,-0.0559,-0.1655,90.5762,47.5464,-19.4092,t009,FIJTB
2529814880,2954465,3,pierna,loading,-1.0179,-0.1927,-0.2155,108.1543,76.2329,8.7280,t009,FIJTB
2529814932,2954480,3,pierna,loading,-1.0079,-0.3363,-0.2708,109.8022,85.8154,21.5454,t009,FIJTB
2529814933,2954496,3,pierna,loading,-1.1991,-0.3752,-0.2963,79.2847,99.5483,37.7197,t009,FIJTB
2529814934,2954512,3,pierna,loading,-1.2886,-0.3660,-0.2841,11.5967,115.7837,34.6069,t009,FIJTB
2529814987,2954528,3,pierna,loading,-1.3423,-0.3079,-0.2976,-18.3105,122.5586,28.9307,t009,FIJTB
2529814988,2954544,3,pierna,loading,-1.3303,-0.2927,-0.3383,-52.1240,128.1738,18.9209,t009,FIJTB
2529814988,2954560,3,pierna,loading,-1.2612,-0.2952,-0.3939,-59.7534,127.8686,16.9678,t009,FIJTB
2529814989,2954577,3,pierna,loading,-1.1920,-0.2479,-0.3622,-74.3408,128.8452,16.8457,t009,FIJTB
2529815046,2954593,3,pierna,loading,-1.1572,-0.1846,-0.3387,-88.0127,130.7983,20.5688,t009,FIJTB
2529815099,2954609,3,pierna,loading,-1.1218,-0.0630,-0.3069,-87.9517,130.0049,22.7051,t009,FIJTB
2529815108,2954625,3,pierna,loading,-1.0947,-0.0400,-0.3103,-78.0640,124.8779,29.0527,t009,FIJTB
2529815109,2954641,3,pierna,loading,-0.9829,-0.0228,-0.3047,-69.1528,120.2393,33.6914,t009,FIJTB
2529815167,2954657,3,pierna,loading,-0.9049,-0.0873,-0.2950,-48.7671,108.5815,40.4053,t009,FIJTB
2529815168,2954673,3,pierna,midstance,-0.8999,-0.1335,-0.2996,-38.8184,98.3887,40.7104,t009,FIJTB
2529815168,2954689,3,pierna,midstance,-0.8746,-0.1821,-0.3091,-42.8467,95.5810,39.0015,t009,FIJTB
2529815169,2954705,3,pierna,midstance,-0.8527,-0.1777,-0.3074,-64.8193,91.4307,29.1748,t009,FIJTB
2529815169,2954722,3,pierna,midstance,-0.8197,-0.1388,-0.2719,-76.1108,89.1113,22.2168,t009,FIJTB
2529815169,2954738,3,pierna,midstance,-0.7834,-0.1122,-0.2037,-88.1348,83.5571,13.7939,t009,FIJTB
2529815170,2954754,3,pierna,midstance,-0.7865,-0.1256,-0.1371,-93.2617,78.5522,19.2871,t009,FIJTB
2529815214,2954770,3,pierna,midstance,-0.8201,-0.1465,0.0139,-96.4966,77.3926,24.1699,t009,FIJTB
2529815232,2954786,3,pierna,midstance,-0.8346,-0.1274,0.0862,-101.3794,77.9419,27.5269,t009,FIJTB
2529815233,2954802,3,pierna,midstance,-0.8678,-0.0455,0.2250,-100.7690,77.5146,24.5361,t009,FIJTB
2529815233,2954818,3,pierna,midstance,-0.9147,0.0095,0.3783,-88.0127,76.7212,15.9912,t009,FIJTB
2529815285,2954834,3,pierna,midstance,-0.9346,0.0261,0.4106,-67.6880,79.5898,10.7422,t009,FIJTB
2529815288,2954850,3,pierna,midstance,-0.7806,0.1295,0.3467,-59.8755,73.7305,7.9346,t009,FIJTB
2529815288,2954866,3,pierna,midstance,-0.6863,0.2140,0.3035,-44.2505,41.9922,-3.6621,t009,FIJTB
2529815288,2954882,3,pierna,midstance,-0.7036,0.2322,0.2781,-35.0342,25.2686,-8.4839,t009,FIJTB
2529815341,2954898,3,pierna,midstance,-0.8528,0.0115,0.4387,-22.5220,19.4702,-2.3804,t009,FIJTB
2529815341,2954914,3,pierna,midstance,-0.8213,-0.1387,0.3503,-36.9263,21.4233,16.8457,t009,FIJTB
2529815341,2954930,3,pierna,midstance,-0.6415,-0.4335,0.3220,-44.7998,9.5215,23.0103,t009,FIJTB
2529815393,2954946,3,pierna,midstance,-0.7155,-0.4460,0.3795,-37.5366,-9.4604,42.7246,t009,FIJTB
2529815394,2954962,3,pierna,midstance,-0.7894,-0.3083,0.4225,-30.6396,-9.3384,45.4712,t009,FIJTB
2529815448,2954979,3,pierna,midstance,-0.6852,-0.1288,0.4669,-26.0620,-7.0190,22.3999,t009,FIJTB
2529815449,2954995,3,pierna,midstance,-0.7321,-0.0447,0.5134,-35.2173,-11.7187,-4.7607,t009,FIJTB
2529815450,2955011,3,pierna,midstance,-0.8730,0.0682,0.6022,-39.4287,-12.9395,-8.5449,t009,FIJTB
2529815450,2955027,3,pierna,midstance,-0.8896,0.0859,0.6329,-31.4331,-13.3667,-1.1597,t009,FIJTB
2529815450,2955043,3,pierna,midstance,-0.7881,-0.0270,0.6348,-19.5923,-15.6860,5.7373,t009,FIJTB
2529815501,2955059,3,pierna,midstance,-0.6561,-0.1879,0.5756,2.1362,-29.1748,15.9912,t009,FIJTB
2529815502,2955075,3,pierna,midstance,-0.6422,-0.2056,0.5370,9.2773,-46.2036,17.2119,t009,FIJTB
2529815502,2955091,3,pierna,midstance,-0.5607,-0.1478,0.3750,10.1929,-58.9600,12.5732,t009,FIJTB
2529815557,2955107,3,pierna,midstance,-0.5288,-0.1371,0.2665,13.9160,-103.2104,1.2207,t009,FIJTB
2529815558,2955123,3,pierna,midstance,-0.9608,0.0602,0.2701,13.5498,-119.7510,-4.6387,t009,FIJTB
2529815558,2955139,3,pierna,midstance,-1.9424,0.1060,0.7510,-16.7236,-91.5527,-17.3950,t009,FIJTB
2529815609,2955155,3,pierna,midstance,-2.2483,-0.1334,0.8684,-56.2134,-33.6914,28.1372,t009,FIJTB
2529815611,2955171,3,pierna,midstance,-1.4232,-0.2203,0.2419,-86.3647,-30.8228,43.3350,t009,FIJTB
2529815611,2955187,3,pierna,midstance,-0.8243,-0.0597,-0.0388,-93.2007,-71.2891,29.7852,t009,FIJTB
2529815611,2955203,3,pierna,midstance,-0.6006,0.1642,-0.3416,-53.1616,-91.0644,22.9492,t009,FIJTB
2529815666,2955219,3,pierna,midstance,-0.6716,0.0829,-0.4441,52.4292,-88.9282,18.7378,t009,FIJTB
2529815666,2955235,3,pierna,terminal,-0.5979,-0.0911,-0.3834,97.2290,-75.4395,30.0293,t009,FIJTB
2529815667,2955251,3,pierna,terminal,-0.7389,-0.3602,-0.2819,95.7642,-76.0498,39.9780,t009,FIJTB
2529815718,2955267,3,pierna,terminal,-0.9663,-0.4308,-0.2871,72.1436,-67.6270,46.1426,t009,FIJTB
2529815718,2955283,3,pierna,terminal,-1.2778,-0.4877,-0.1855,51.8799,-59.5093,36.9263,t009,FIJTB
2529815719,2955299,3,pierna,terminal,-1.1459,-0.3295,-0.0500,1.4038,-54.9316,11.5967,t009,FIJTB
2529815722,2955315,3,pierna,terminal,-1.0516,-0.2610,0.0076,-31.6162,-68.4814,3.3569,t009,FIJTB
2529815779,2955332,3,pierna,terminal,-0.9602,-0.2087,0.0682,-38.8184,-73.5474,3.1128,t009,FIJTB
2529815779,2955348,3,pierna,terminal,-0.9347,-0.1836,0.0780,-40.7715,-67.8711,1.5259,t009,FIJTB
2529815780,2955364,3,pierna,terminal,-0.9264,-0.1686,0.1193,-34.1187,-62.1338,0.7935,t009,FIJTB
2529815834,2955380,3,pierna,terminal,-1.0250,-0.0841,0.1901,-14.7095,-56.8848,-5.0049,t009,FIJTB
2529815835,2955396,3,pierna,terminal,-1.0991,-0.0140,0.1941,13.0005,-51.0864,-8.6060,t009,FIJTB
2529815835,2955412,3,pierna,terminal,-1.1162,0.0078,0.1305,32.3486,-46.5698,-3.6621,t009,FIJTB
2529815836,2955428,3,pierna,terminal,-1.0613,-0.0564,0.1050,70.9229,-39.9170,9.8877,t009,FIJTB
2529815891,2955444,3,pierna,terminal,-0.9043,-0.1725,0.0150,83.6792,-39.6118,13.8550,t009,FIJTB
2529815892,2955460,3,pierna,terminal,-0.8439,-0.1876,-0.0597,94.5434,-39.0015,18.3716,t009,FIJTB
2529815892,2955476,3,pierna,terminal,-0.8246,-0.2559,-0.1611,98.3276,-36.9263,19.6533,t009,FIJTB
2529815933,2955492,3,pierna,terminal,-0.9211,-0.3641,-0.1069,101.5625,-31.4941,17.0288,t009,FIJTB
2529815946,2955508,3,pierna,terminal,-0.9756,-0.4048,-0.0616,90.1489,-31.7383,7.3853,t009,FIJTB
2529815947,2955524,3,pierna,swing,-1.0493,-0.4259,-0.0186,79.6509,-33.3862,5.1880,t009,FIJTB
2529815947,2955540,3,pierna,swing,-1.0277,-0.3949,-0.0135,54.1382,-33.2031,2.3804,t009,FIJTB
2529816003,2955556,3,pierna,swing,-0.9364,-0.2747,-0.0454,41.0156,-32.2266,0.9155,t009,FIJTB
2529816004,2955572,3,pierna,swing,-0.8879,-0.1840,-0.0945,19.6533,-31.2500,1.6479,t009,FIJTB
2529816004,2955588,3,pierna,swing,-0.8752,-0.1970,-0.0912,17.3340,-32.7148,5.4321,t009,FIJTB
2529816058,2955604,3,pierna,swing,-0.9069,-0.2500,-0.0590,21.1182,-33.0811,5.3101,t009,FIJTB
2529816059,2955620,3,pierna,swing,-0.9393,-0.2593,-0.0585,24.5361,-31.5552,0.0610,t009,FIJTB
2529816060,2955636,3,pierna,swing,-0.9904,-0.1740,-0.0723,21.4844,-29.9072,-2.6855,t009,FIJTB
2529816060,2955652,3,pierna,swing,-0.9653,-0.1069,-0.0348,19.7754,-28.1982,-3.6621,t009,FIJTB
2529816109,2955669,3,pierna,swing,-0.9419,-0.1279,-0.0265,28.5034,-27.8320,2.4414,t009,FIJTB
2529816116,2955685,3,pierna,swing,-0.9182,-0.1781,-0.0239,31.3721,-27.5269,5.5542,t009,FIJTB
2529816116,2955701,3,pierna,swing,-0.9467,-0.2279,-0.0394,37.3535,-27.7710,10.3760,t009,FIJTB
2529816172,2955717,3,pierna,swing,-0.9502,-0.3073,-0.1233,41.1377,-27.8320,11.5356,t009,FIJTB
2529816172,2955733,3,pierna,swing,-0.9485,-0.2983,-0.2054,49.4385,-28.8086,5.4321,t009,FIJTB
2529816173,2955749,3,pierna,swing,-0.9476,-0.2812,-0.2192,46.2646,-30.8838,2.1362,t009,FIJTB
2529816173,2955765,3,pierna,swing,-0.9779,-0.2185,-0.1863,35.7666,-30.5176,1.3428,t009,FIJTB
2529816228,2955781,3,pierna,swing,-0.9713,-0.2052,-0.1760,18.3105,-28.6255,-1.9531,t009,FIJTB
2529816228,2955798,3,pierna,swing,-0.9285,-0.2076,-0.1759,21.6675,-27.7710,-1.6479,t009,FIJTB
2529816229,2955814,3,pierna,swing,-0.9138,-0.2032,-0.2366,28.9917,-27.7100,-1.5259,t009,FIJTB
2529816283,2955830,3,pierna,swing,-0.9211,-0.1786,-0.2732,42.7246,-30.0293,-3.6011,t009,FIJTB
2529816284,2955846,3,pierna,swing,-0.9351,-0.1281,-0.2993,46.8140,-32.1045,-4.5776,t009,FIJTB
2529816284,2955862,3,pierna,swing,-0.9805,-0.1661,-0.2466,48.2178,-35.8887,-5.3711,t009,FIJTB
2529816285,2955878,3,pierna,swing,-0.9843,-0.2047,-0.2047,42.0532,-36.9263,-7.6294,t009,FIJTB
2529816339,2955894,3,pierna,swing,-0.9504,-0.2699,-0.1268,38.6963,-37.7197,-8.6060,t009,FIJTB
2529816340,2955911,3,pierna,swing,-0.9395,-0.2993,-0.1001,35.4004,-40.2222,-10.4980,t009,FIJTB
2529816340,2955927,3,pierna,swing,-0.9733,-0.3552,-0.0609,35.1563,-41.3208,-11.3525,t009,FIJTB
2529816393,2955943,3,pierna,swing,-1.0514,-0.3809,-0.0188,32.8369,-40.5884,-13.5498,t009,FIJTB
2529816395,2955959,3,pierna,swing,-1.0985,-0.3922,0.0024,27.2827,-36.0107,-15.9912,t009,FIJTB
2529816396,2955975,3,pierna,swing,-1.1927,-0.3893,0.0425,23.5596,-32.2266,-17.9443,t009,FIJTB
2529816443,2955991,3,pierna,swing,-1.2379,-0.3478,0.0732,13.3667,-17.3950,-28.7476,t009,FIJTB
2529816450,2956007,3,pierna,swing,-1.2456,-0.1223,0.1720,5.4932,-5.6152,-37.5366,t009,FIJTB
2529816451,2956023,3,pierna,swing,-1.1578,0.1753,0.2115,-13.6108,17.6392,-49.0723,t009,FIJTB
2529816451,2956039,3,pierna,swing,-1.1415,0.2885,0.2187,2.5024,26.9775,-49.3164,t009,FIJTB
2529816503,2956055,3,pierna,swing,-1.1465,0.3567,0.1754,30.0903,34.0576,-49.6826,t009,FIJTB
2529816506,2956071,3,pierna,swing,-1.0837,0.3115,0.0648,87.7685,47.1802,-40.5273,t009,FIJTB
2529816506,2956087,3,pierna,swing,-0.9552,0.0721,-0.1504,106.2622,51.3306,-26.4893,t009,FIJTB
2529816560,2956103,3,pierna,swing,-0.9205,-0.0713,-0.2305,123.1689,65.4297,3.6621,t009,FIJTB
2529816561,2956119,3,pierna,swing,-0.9835,-0.2883,-0.3290,112.1826,79.5288,18.5547,t009,FIJTB
2529816561,2956135,3,pierna,swing,-1.1481,-0.3701,-0.3201,87.7685,86.3647,20.9351,t009,FIJTB
2529816562,2956151,3,pierna,swing,-1.1957,-0.3702,-0.2931,18.4937,101.5625,19.2261,t009,FIJTB
2529816612,2956167,3,pierna,loading,-1.2094,-0.3041,-0.2512,-13.0615,109.2529,14.2212,t009,FIJTB
2529816613,2956183,3,pierna,loading,-1.2068,-0.2723,-0.2733,-54.9927,118.7134,5.7983,t009,FIJTB
2529816613,2956199,3,pierna,loading,-1.1997,-0.2362,-0.3354,-77.6978,115.6006,13.5498,t009,FIJTB
2529816653,2956215,3,pierna,loading,-1.2023,-0.1725,-0.3649,-83.3130,113.0371,19.1040,t009,FIJTB
2529816673,2956231,3,pierna,loading,-1.2159,-0.1293,-0.3422,-88.5010,116.0889,24.5972,t009,FIJTB
2529816674,2956247,3,pierna,loading,-1.2220,-0.0448,-0.3193,-86.7920,118.7134,27.7100,t009,FIJTB
2529816674,2956263,3,pierna,loading,-1.2091,-0.0045,-0.2986,-69.7632,118.5303,33.5083,t009,FIJTB
2529816727,2956279,3,pierna,loading,-1.1149,0.0342,-0.2356,-57.6172,117.1265,35.4614,t009,FIJTB
2529816729,2956295,3,pierna,loading,-0.9923,0.0181,-0.2262,-38.3301,113.3423,37.4756,t009,FIJTB
2529816730,2956311,3,pierna,loading,-0.9614,0.0071,-0.2443,-27.9541,108.7646,32.4097,t009,FIJTB
2529816784,2956327,3,pierna,loading,-0.9440,-0.0518,-0.2727,-24.3530,106.2622,28.6865,t009,FIJTB
2529816785,2956344,3,pierna,loading,-0.9266,-0.0881,-0.2734,-24.1089,100.0976,23.4985,t009,FIJTB
2529816785,2956360,3,pierna,loading,-0.8966,-0.1172,-0.2421,-27.8931,96.6186,21.9116,t009,FIJTB
2529816785,2956376,3,pierna,loading,-0.8517,-0.0740,-0.1987,-39.6729,91.3086,19.8364,t009,FIJTB
2529816835,2956392,3,pierna,loading,-0.8344,-0.0463,-0.1571,-47.4243,87.2803,16.7236,t009,FIJTB
2529816837,2956409,3,pierna,loading,-0.8245,-0.0341,-0.0302,-49.9268,86.4258,14.8926,t009,FIJTB
2529816839,2956425,3,pierna,loading,-0.8243,-0.0829,0.1329,-56.0303,87.0361,17.3950,t009,FIJTB
2529816892,2956441,3,pierna,loading,-0.8463,-0.0826,0.2084,-61.1572,88.2568,19.1650,t009,FIJTB
2529816893,2956457,3,pierna,loading,-0.9008,-0.0569,0.3394,-58.9600,89.4165,16.0522,t009,FIJTB
2529816894,2956473,3,pierna,loading,-0.9023,-0.0511,0.3867,-47.3633,91.0034,9.6436,t009,FIJTB
2529816943,2956489,3,pierna,loading,-0.8358,-0.0308,0.4447,-40.7104,89.1724,7.4463,t009,FIJTB
2529816944,2956505,3,pierna,loading,-0.7621,-0.0148,0.4365,-23.3154,71.8994,4.2725,t009,FIJTB
2529816946,2956521,3,pierna,loading,-0.6415,-0.0267,0.3500,-15.8081,57.1289,2.1973,t009,FIJTB
2529816947,2956537,3,pierna,loading,-0.6227,-0.0706,0.2588,-8.9722,30.4565,-2.0752,t009,FIJTB
2529817000,2956553,3,pierna,loading,-0.6298,-0.0940,0.2394,-6.1646,14.8315,-1.0376,t009,FIJTB
2529817000,2956569,3,pierna,loading,-0.6821,-0.1516,0.2479,-7.6294,11.4136,1.5869,t009,FIJTB
2529817001,2956585,3,pierna,loading,-0.7244,-0.1914,0.2761,-14.0991,10.6201,7.2632,t009,FIJTB
2529817050,2956601,3,pierna,loading,-0.7859,-0.3053,0.3486,-21.9727,6.1646,14.5874,t009,FIJTB
2529817051,2956617,3,pierna,midstance,-0.7893,-0.3610,0.4082,-27.5269,-0.3052,16.5405,t009,FIJTB
2529817051,2956633,3,pierna,midstance,-0.7903,-0.3477,0.4219,-39.2456,-9.7656,11.1084,t009,FIJTB
2529817055,2956649,3,pierna,midstance,-0.8029,-0.2559,0.4282,-45.4102,-10.9253,4.1504,t009,FIJTB
2529817110,2956665,3,pierna,midstance,-0.8110,-0.2086,0.4468,-60.5469,-12.0850,-7.8125,t009,FIJTB
2529817110,2956682,3,pierna,midstance,-0.8318,-0.1222,0.5067,-68.0542,-12.8784,-9.8267,t009,FIJTB
2529817111,2956698,3,pierna,midstance,-0.8213,-0.0780,0.5408,-76.5381,-13.1226,-6.9580,t009,FIJTB
2529817161,2956714,3,pierna,midstance,-0.7993,-0.0684,0.5527,-75.9277,-17.5781,1.1597,t009,FIJTB
2529817161,2956730,3,pierna,midstance,-0.7395,-0.0524,0.5367,-71.6553,-22.7661,5.4321,t009,FIJTB
2529817163,2956747,3,pierna,midstance,-0.7081,-0.0304,0.4680,-54.0161,-37.9028,16.3574,t009,FIJTB
2529817218,2956763,3,pierna,midstance,-0.7281,-0.0348,0.4464,-32.5317,-51.0254,31.0669,t009,FIJTB
2529817218,2956779,3,pierna,midstance,-0.7356,-0.0892,0.3149,-21.4844,-57.8613,37.7808,t009,FIJTB
2529817219,2956795,3,pierna,midstance,-0.7339,-0.1079,0.1979,-0.6714,-88.2568,47.1191,t009,FIJTB
2529817219,2956811,3,pierna,midstance,-1.0765,-0.0260,0.2174,4.3335,-101.7456,47.1802,t009,FIJTB
2529817269,2956827,3,pierna,midstance,-1.6809,-0.1238,0.7695,-9.7046,-70.2515,46.1426,t009,FIJTB
2529817270,2956843,3,pierna,midstance,-1.8480,-0.2476,1.0759,-70.8618,-3.2349,54.0771,t009,FIJTB
2529817271,2956859,3,pierna,midstance,-1.4875,-0.1365,0.7803,-107.6050,-3.9673,37.8418,t009,FIJTB
2529817326,2956875,3,pierna,midstance,-1.0692,0.1514,0.2457,-131.1646,-65.4907,-0.7324,t009,FIJTB
2529817327,2956892,3,pierna,midstance,-0.7998,0.4653,-0.2955,-101.0132,-88.5620,3.0518,t009,FIJTB
2529817327,2956908,3,pierna,midstance,-0.8053,0.1691,-0.3711,1.3428,-84.1675,28.9307,t009,FIJTB
2529817377,2956924,3,pierna,midstance,-0.6628,0.0234,-0.3241,50.6592,-58.2275,47.5464,t009,FIJTB
2529817379,2956940,3,pierna,midstance,-0.4402,-0.2480,-0.1802,54.6265,-49.0112,55.1758,t009,FIJTB
2529817380,2956956,3,pierna,midstance,-0.6500,-0.3912,-0.0851,74.6460,-42.7246,59.8755,t009,FIJTB
2529817381,2956972,3,pierna,midstance,-1.0920,-0.5756,0.1199,80.2002,-40.7715,53.0395,t009,FIJTB
2529817436,2956988,3,pierna,midstance,-1.2155,-0.4725,0.1801,53.5889,-44.0063,25.9399,t009,FIJTB
2529817436,2957004,3,pierna,midstance,-1.2413,-0.4307,0.1350,1.2817,-55.6030,2.1362,t009,FIJTB
2529817437,2957020,3,pierna,midstance,-1.0409,-0.3373,0.0315,-20.3247,-60.0586,-4.0283,t009,FIJTB
2529817490,2957036,3,pierna,midstance,-0.9010,-0.2875,-0.0265,-40.5273,-67.3828,-5.1880,t009,FIJTB
2529817490,2957053,3,pierna,terminal,-0.8226,-0.2731,-0.1653,-43.3960,-69.2139,-2.9907,t009,FIJTB
2529817491,2957069,3,pierna,terminal,-0.8571,-0.2207,-0.1445,-40.2832,-63.2324,4.8828,t009,FIJTB
2529817491,2957085,3,pierna,terminal,-0.9098,-0.1260,-0.1029,-22.2778,-60.4248,11.4746,t009,FIJTB
2529817552,2957101,3,pierna,terminal,-1.0232,0.0723,-0.0582,-8.1787,-62.0728,11.4136,t009,FIJTB
2529817553,2957118,3,pierna,terminal,-1.0533,0.0978,-0.0627,18.6157,-66.4673,6.3477,t009,FIJTB
2529817553,2957134,3,pierna,terminal,-1.0586,-0.0100,-0.0857,25.0244,-66.2231,4.8828,t009,FIJTB
2529817579,2957150,3,pierna,terminal,-0.9524,-0.1390,-0.0684,28.0151,-62.8662,7.4463,t009,FIJTB
2529817607,2957166,3,pierna,terminal,-0.9196,-0.1622,-0.0668,32.7759,-61.8896,9.3994,t009,FIJTB
2529817609,2957182,3,pierna,terminal,-0.9315,-0.2002,-0.0189,37.5366,-59.4482,8.4839,t009,FIJTB
2529817610,2957198,3,pierna,terminal,-0.9558,-0.2628,0.0719,42.1753,-53.8940,7.9346,t009,FIJTB
2529817666,2957214,3,pierna,terminal,-0.9652,-0.2828,0.0870,33.8745,-51.5137,8.3008,t009,FIJTB
2529817667,2957230,3,pierna,terminal,-0.9601,-0.3159,0.0623,27.5879,-49.6826,7.2632,t009,FIJTB
2529817674,2957246,3,pierna,terminal,-0.9495,-0.3231,0.0508,17.2119,-45.8374,4.7607,t009,FIJTB
2529817721,2957262,3,pierna,terminal,-0.9299,-0.2972,0.0177,14.9536,-45.9595,3.6011,t009,FIJTB
2529817721,2957278,3,pierna,terminal,-0.9446,-0.2571,-0.0067,14.7095,-48.5229,-0.9766,t009,FIJTB
2529817722,2957294,3,pierna,terminal,-0.9771,-0.1309,-0.0305,16.4185,-48.7671,-4.4556,t009,FIJTB
2529817722,2957310,3,pierna,terminal,-0.9818,-0.0691,-0.0046,27.0996,-46.5088,-9.9487,t009,FIJTB
2529817778,2957327,3,pierna,terminal,-0.9491,-0.0712,0.0228,39.6118,-40.8936,-3.4180,t009,FIJTB
2529817779,2957343,3,pierna,terminal,-0.8782,-0.1154,0.0994,44.6167,-37.5977,3.8452,t009,FIJTB
2529817779,2957358,3,pierna,terminal,-0.8591,-0.1532,0.1090,51.7578,-32.2266,16.9067,t009,FIJTB
2529817831,2957374,3,pierna,terminal,-0.9000,-0.2458,0.0167,54.2603,-30.0903,19.0430,t009,FIJTB
2529817833,2957390,3,pierna,terminal,-0.9515,-0.3905,-0.1700,64.0259,-25.9399,16.1743,t009,FIJTB
2529817834,2957407,3,pierna,terminal,-0.9719,-0.4338,-0.2435,64.8193,-20.8130,5.8594,t009,FIJTB
2529817834,2957423,3,pierna,terminal,-0.9519,-0.3701,-0.3220,52.3071,-18.3716,2.1362,t009,FIJTB
2529817889,2957439,3,pierna,terminal,-0.8834,-0.2249,-0.3739,25.6348,-25.2075,0.1831,t009,FIJTB
2529817890,2957455,3,pierna,terminal,-0.9058,-0.2354,-0.3810,19.2871,-41.7480,3.3569,t009,FIJTB
2529817890,2957471,3,pierna,terminal,-0.9535,-0.1068,-0.3656,18.1885,-47.2412,4.4556,t009,FIJTB
2529817905,2957487,3,pierna,terminal,-0.9872,-0.0717,-0.3154,27.2217,-52.6733,-0.6714,t009,FIJTB
2529817943,2957504,3,pierna,terminal,-1.0485,-0.1157,-0.1805,35.2783,-52.1240,-3.1738,t009,FIJTB
2529817945,2957520,3,pierna,terminal,-1.0553,-0.1683,-0.1189,50.4761,-47.7905,-5.7373,t009,FIJTB
2529817945,2957536,3,pierna,terminal,-1.0413,-0.3032,-0.0361,57.6172,-46.0205,-7.0190,t009,FIJTB
2529818000,2957552,3,pierna,terminal,-1.0570,-0.4147,-0.0133,57.0068,-45.4102,-7.7515,t009,FIJTB
2529818000,2957569,3,pierna,terminal,-1.0491,-0.4529,-0.0197,46.8140,-40.5273,-10.4370,t009,FIJTB
2529818001,2957585,3,pierna,swing,-1.1453,-0.4558,0.0190,37.7808,-35.5225,-12.5122,t009,FIJTB
2529818052,2957601,3,pierna,swing,-1.2073,-0.4025,0.0748,28.7476,-31.2500,-10.9863,t009,FIJTB
2529818055,2957617,3,pierna,swing,-1.2023,-0.3293,0.1229,15.3809,-15.5640,-19.4092,t009,FIJTB
2529818055,2957633,3,pierna,swing,-1.2780,-0.0991,0.2810,10.9863,-3.1738,-27.7710,t009,FIJTB
2529818056,2957649,3,pierna,swing,-1.3368,0.0449,0.3613,13.6719,23.9868,-43.2129,t009,FIJTB
2529818110,2957665,3,pierna,swing,-1.2764,0.3447,0.3372,24.1089,38.4521,-49.4385,t009,FIJTB
2529818111,2957681,3,pierna,swing,-1.1154,0.4340,0.1226,68.7256,42.9077,-50.4150,t009,FIJTB
2529818111,2957697,3,pierna,swing,-1.0403,0.3647,-0.0051,123.5351,40.4663,-28.6255,t009,FIJTB
2529818163,2957713,3,pierna,swing,-0.9598,0.1232,-0.2483,140.7471,49.6216,-13.9160,t009,FIJTB
2529818166,2957729,3,pierna,swing,-0.9695,-0.0458,-0.3387,153.0151,77.2095,8.6670,t009,FIJTB
2529818167,2957745,3,pierna,swing,-1.0205,-0.3173,-0.3719,147.0947,88.7451,16.4795,t009,FIJTB
2529818167,2957761,3,pierna,swing,-1.1456,-0.3969,-0.2808,104.0039,107.1167,24.4141,t009,FIJTB
2529818221,2957777,3,pierna,swing,-1.1891,-0.4139,-0.2540,36.7432,118.1641,23.2544,t009,FIJTB
2529818221,2957793,3,pierna,swing,-1.2485,-0.4045,-0.2712,5.1880,119.6899,21.7285,t009,FIJTB
2529818222,2957809,3,pierna,swing,-1.2659,-0.3577,-0.3245,-47.4243,120.3613,17.8833,t009,FIJTB
2529818275,2957825,3,pierna,swing,-1.2338,-0.2329,-0.4192,-64.6973,121.3379,17.5781,t009,FIJTB
2529818276,2957841,3,pierna,swing,-1.2069,-0.1506,-0.4564,-81.2988,125.4883,19.4702,t009,FIJTB
2529818277,2957857,3,pierna,swing,-1.1537,0.0253,-0.4200,-70.6787,123.9624,19.5313,t009,FIJTB
2529818331,2957873,3,pierna,swing,-1.1689,0.0970,-0.3260,-58.7158,122.8638,22.0947,t009,FIJTB
2529818331,2957889,3,pierna,swing,-1.1561,0.0950,-0.3124,-38.6353,117.9809,30.3955,t009,FIJTB
2529818331,2957905,3,pierna,swing,-1.0688,0.0480,-0.3145,-29.5410,113.8306,33.5083,t009,FIJTB
2529818332,2957921,3,pierna,swing,-1.0105,0.0029,-0.3124,-12.5122,105.8350,37.5977,t009,FIJTB
2529818386,2957937,3,pierna,swing,-0.9172,-0.0857,-0.3247,-8.8501,101.6846,38.6963,t009,FIJTB
2529818386,2957954,3,pierna,swing,-0.8561,-0.1183,-0.3163,-19.9585,93.6279,35.8887,t009,FIJTB
2529818387,2957970,3,pierna,swing,-0.8470,-0.1141,-0.2856,-44.1894,88.5010,30.4565,t009,FIJTB
2529818441,2957986,3,pierna,swing,-0.8354,-0.0457,-0.2300,-57.4341,87.4023,27.0386,t009,FIJTB
2529818441,2958002,3,pierna,swing,-0.8182,0.0018,-0.2083,-72.9980,85.3271,18.6157,t009,FIJTB
2529818442,2958017,3,pierna,swing,-0.8044,0.0767,-0.1134,-71.1670,84.3506,14.4653,t009,FIJTB
2529818442,2958033,3,pierna,swing,-0.8138,0.0409,0.0377,-54.4434,82.6416,9.9487,t009,FIJTB
2529818493,2958049,3,pierna,swing,-0.8259,0.0122,0.1177,-45.9595,85.0830,8.6060,t009,FIJTB
2529818494,2958065,3,pierna,swing,-0.8229,-0.0160,0.2590,-42.8467,88.5010,6.2866,t009,FIJTB
2529818494,2958081,3,pierna,swing,-0.8157,-0.0078,0.3337,-38.5742,89.7827,2.8076,t009,FIJTB
2529818549,2958097,3,pierna,swing,-0.8124,0.0146,0.4346,-35.2173,86.4868,2.6855,t009,FIJTB
2529818550,2958113,3,pierna,swing,-0.7155,0.0372,0.4111,-25.9399,71.0449,1.0986,t009,FIJTB
2529818551,2958129,3,pierna,swing,-0.6753,0.0304,0.3888,-6.6528,45.7764,-1.9531,t009,FIJTB
2529818598,2958145,3,pierna,swing,-0.6855,-0.0667,0.3400,2.6855,32.6538,0.5493,t009,FIJTB
2529818606,2958161,3,pierna,swing,-0.7073,-0.1162,0.3131,12.6953,10.8032,8.3618,t009,FIJTB
2529818606,2958177,3,pierna,loading,-0.7914,-0.2303,0.2814,13.9160,5.1270,11.1084,t009,FIJTB
2529818607,2958193,3,pierna,loading,-0.8169,-0.2812,0.2891,9.2773,6.0425,15.1978,t009,FIJTB
2529818665,2958209,3,pierna,loading,-0.8340,-0.3770,0.3286,-3.9062,10.4370,20.6299,t009,FIJTB
2529818666,2958225,3,pierna,loading,-0.8351,-0.4108,0.3601,-15.0146,10.8032,22.9492,t009,FIJTB
2529818666,2958241,3,pierna,loading,-0.8221,-0.3673,0.3707,-41.8091,10.1318,17.8833,t009,FIJTB
2529818666,2958257,3,pierna,loading,-0.8623,-0.2213,0.4104,-54.8096,9.5825,11.6577,t009,FIJTB
2529818717,2958273,3,pierna,loading,-0.8737,-0.1538,0.4436,-74.8291,8.4229,2.2583,t009,FIJTB
2529818719,2958289,3,pierna,loading,-0.8086,-0.0901,0.5167,-83.8623,3.2959,0.0000,t009,FIJTB
2529818719,2958305,3,pierna,loading,-0.7705,-0.0782,0.5693,-83.4351,-1.4648,0.3662,t009,FIJTB
2529818773,2958321,3,pierna,loading,-0.7745,-0.0724,0.5759,-76.6602,-13.6108,1.7700,t009,FIJTB
2529818773,2958337,3,pierna,loading,-0.7574,-0.0266,0.5571,-71.8994,-19.5923,2.0752,t009,FIJTB
2529818774,2958354,3,pierna,loading,-0.7345,0.0082,0.5066,-57.1899,-29.2358,5.7373,t009,FIJTB
2529818822,2958369,3,pierna,loading,-0.7535,0.0269,0.4896,-33.8135,-36.4990,13.0005,t009,FIJTB
2529818825,2958385,3,pierna,loading,-0.8308,0.0796,0.4846,-19.8364,-39.3677,13.4277,t009,FIJTB
2529818825,2958401,3,pierna,loading,-0.8401,0.1094,0.5184,26.0010,-45.2881,-0.1831,t009,FIJTB
2529818825,2958417,3,pierna,loading,-1.0447,0.1326,0.7216,54.8706,-60.0586,-14.2212,t009,FIJTB
2529818879,2958433,3,pierna,loading,-1.3923,0.0380,0.7953,84.0454,-75.1953,-10.0708,t009,FIJTB
2529818879,2958449,3,pierna,loading,-1.8181,-0.4357,0.6191,65.8569,-55.3589,18.3105,t009,FIJTB
2529818880,2958466,3,pierna,loading,-1.1213,-0.3645,-0.1385,-48.6450,-40.0391,45.8984,t009,FIJTB
2529818932,2958482,3,pierna,loading,-0.8287,-0.1257,-0.3173,-108.0322,-76.2329,36.3770,t009,FIJTB
2529818932,2958498,3,pierna,loading,-0.7360,0.3350,-0.3903,-95.0317,-90.3320,31.6772,t009,FIJTB
2529818933,2958514,3,pierna,loading,-0.6877,0.4661,-0.3768,-29.3579,-89.9048,18.3716,t009,FIJTB
2529818979,2958530,3,pierna,loading,-0.6223,0.2764,-0.2892,1.5259,-85.2051,15.0146,t009,FIJTB
2529818987,2958546,3,pierna,loading,-1.0000,-0.1350,-0.1443,51.3916,-78.1250,21.6675,t009,FIJTB
2529818987,2958562,3,pierna,loading,-1.1550,-0.3051,-0.0667,77.0264,-63.4155,27.0386,t009,FIJTB
2529818988,2958578,3,pierna,loading,-1.1682,-0.4708,0.0651,73.4863,-56.3354,25.7568,t009,FIJTB
2529819040,2958595,3,pierna,loading,-1.0598,-0.4772,0.0807,43.6401,-52.3682,17.0898,t009,FIJTB
2529819041,2958610,3,pierna,loading,-0.9822,-0.4767,0.0464,25.0244,-55.1758,9.8267,t009,FIJTB
2529819041,2958627,3,pierna,loading,-0.9908,-0.3792,-0.0629,-11.4746,-58.3496,-8.1177,t009,FIJTB
2529819097,2958643,3,pierna,loading,-0.9978,-0.3000,-0.1047,-30.3955,-55.6030,-18.1274,t009,FIJTB
2529819098,2958659,3,pierna,loading,-0.9493,-0.1545,-0.0802,-31.5552,-54.4434,-16.8457,t009,FIJTB
2529819098,2958675,3,pierna,loading,-0.9435,-0.0709,-0.0521,-21.4233,-55.7861,-6.2256,t009,FIJTB
2529819098,2958692,3,pierna,loading,-0.9908,0.0768,-0.0309,5.9814,-57.0679,2.7466,t009,FIJTB
2529819150,2958708,3,pierna,midstance,-1.0229,0.0364,0.0105,25.3296,-55.1147,6.5308,t009,FIJTB
2529819150,2958723,3,pierna,midstance,-0.9976,-0.0475,0.0627,57.5561,-47.3633,13.0615,t009,FIJTB
2529819151,2958739,3,pierna,midstance,-0.9152,-0.2542,0.1382,65.1855,-45.9595,15.5640,t009,FIJTB
2529819212,2958755,3,pierna,midstance,-0.8658,-0.2981,0.1196,57.6782,-48.4009,19.0430,t009,FIJTB
2529819212,2958771,3,pierna,midstance,-0.8987,-0.2948,0.0060,54.1992,-51.8188,11.9019,t009,FIJTB
2529819212,2958787,3,pierna,midstance,-0.9602,-0.3296,0.0125,51.3306,-47.8516,5.7373,t009,FIJTB
2529819213,2958803,3,pierna,midstance,-1.0076,-0.3253,0.0364,31.3110,-35.2173,-2.0752,t009,FIJTB
2529819265,2958819,3,pierna,midstance,-1.0779,-0.2427,0.0813,19.7144,-33.2642,-1.5869,t009,FIJTB
2529819266,2958835,3,pierna,midstance,-1.0457,-0.2183,0.0808,5.3101,-36.6821,3.7231,t009,FIJTB
2529819269,2958852,3,pierna,midstance,-0.9519,-0.1837,0.0530,1.7090,-37.6587,4.8218,t009,FIJTB
2529819312,2958867,3,pierna,midstance,-0.9073,-0.1273,0.0088,0.5493,-40.0391,7.9956,t009,FIJTB
2529819325,2958884,3,pierna,midstance,-0.9257,-0.1334,-0.0089,0.1221,-43.0908,11.1694,t009,FIJTB
2529819325,2958900,3,pierna,midstance,-0.9539,-0.1578,-0.0552,0.7324,-43.9453,10.8032,t009,FIJTB
2529819325,2958916,3,pierna,midstance,-0.9741,-0.1835,-0.0598,4.5166,-45.8374,8.2397,t009,FIJTB
2529819378,2958932,3,pierna,midstance,-0.9843,-0.1626,-0.0713,-2.0142,-41.0767,5.6763,t009,FIJTB
2529819379,2958949,3,pierna,midstance,-0.9304,-0.0903,-0.0557,-0.9155,-37.9028,3.5400,t009,FIJTB
2529819380,2958965,3,pierna,midstance,-0.9167,-0.1039,-0.0269,8.6060,-35.0342,3.7842,t009,FIJTB
2529819435,2958981,3,pierna,midstance,-0.9520,-0.1577,0.0188,12.8784,-34.9731,7.3853,t009,FIJTB
2529819436,2958996,3,pierna,midstance,-0.9716,-0.1957,0.0262,20.8130,-34.4238,13.1226,t009,FIJTB
2529819436,2959012,3,pierna,midstance,-0.9821,-0.3138,0.0107,26.6113,-32.8979,13.3057,t009,FIJTB
2529819436,2959028,3,pierna,midstance,-0.9686,-0.3781,-0.0084,33.0811,-27.8931,10.1929,t009,FIJTB
2529819489,2959045,3,pierna,midstance,-0.9655,-0.3765,-0.0294,34.4849,-19.0430,3.7842,t009,FIJTB
2529819489,2959061,3,pierna,midstance,-0.9415,-0.3059,-0.1663,36.3159,-15.5029,-0.0610,t009,FIJTB
2529819489,2959077,3,pierna,midstance,-0.9253,-0.2196,-0.2458,33.8135,-18.6768,-4.6997,t009,FIJTB
2529819545,2959093,3,pierna,midstance,-0.8730,-0.0248,-0.3340,28.2593,-30.5176,-3.4180,t009,FIJTB
2529819546,2959109,3,pierna,midstance,-0.9093,0.0171,-0.3373,29.9683,-36.1328,-2.4414,t009,FIJTB
2529819546,2959125,3,pierna,midstance,-0.9393,-0.0339,-0.3319,43.0298,-41.8091,2.4414,t009,FIJTB
2529819577,2959141,3,pierna,midstance,-0.9149,-0.1807,-0.3130,50.1099,-43.6401,6.3477,t009,FIJTB
2529819599,2959157,3,pierna,midstance,-0.9130,-0.2404,-0.2955,53.5278,-47.1191,10.1929,t009,FIJTB
2529819600,2959174,3,pierna,midstance,-0.9684,-0.3149,-0.2192,39.2456,-43.4570,3.2349,t009,FIJTB
2529819600,2959190,3,pierna,midstance,-1.0146,-0.3428,-0.1320,31.9824,-42.4194,-0.9766,t009,FIJTB
2529819655,2959206,3,pierna,midstance,-1.0009,-0.3586,-0.1217,20.8740,-44.2505,-9.8877,t009,FIJTB
2529819656,2959222,3,pierna,midstance,-0.9496,-0.3689,-0.1013,16.9067,-44.3726,-13.6719,t009,FIJTB
2529819656,2959238,3,pierna,midstance,-0.9790,-0.3330,-0.0404,11.9019,-42.6025,-15.8691,t009,FIJTB
2529819707,2959254,3,pierna,midstance,-1.0383,-0.3180,-0.0192,12.6343,-40.0391,-15.9302,t009,FIJTB
2529819708,2959270,3,pierna,midstance,-1.1373,-0.3065,0.0424,14.7095,-38.3301,-15.9912,t009,FIJTB
2529819709,2959287,3,pierna,midstance,-1.1804,-0.3035,0.0869,16.7236,-33.4473,-18.0664,t009,FIJTB
2529819710,2959303,3,pierna,midstance,-1.2667,-0.2737,0.1971,13.9160,-28.4424,-21.3013,t009,FIJTB
2529819764,2959319,3,pierna,midstance,-1.2562,-0.1346,0.2855,9.1553,-7.6904,-32.9590,t009,FIJTB
2529819765,2959335,3,pierna,midstance,-1.2454,-0.0336,0.3107,3.9062,18.5547,-49.1943,t009,FIJTB
2529819765,2959351,3,pierna,midstance,-1.2900,0.1553,0.3940,4.1504,31.4941,-57.4951,t009,FIJTB
2529819817,2959366,3,pierna,midstance,-1.2699,0.2478,0.4108,15.3809,55.9692,-64.7583,t009,FIJTB
2529819817,2959382,3,pierna,terminal,-1.1256,0.4362,0.3397,34.4238,58.3496,-62.2559,t009,FIJTB
2529819817,2959398,3,pierna,terminal,-1.0371,0.4229,0.2070,101.9287,38.5742,-33.9355,t009,FIJTB
2529819872,2959414,3,pierna,terminal,-0.9435,0.2527,-0.3124,136.9629,34.0576,10.9253,t009,FIJTB
2529819873,2959430,3,pierna,terminal,-0.9489,-0.0624,-0.6265,140.0146,45.7764,25.5127,t009,FIJTB
2529819873,2959446,3,pierna,terminal,-1.0197,-0.2554,-0.5759,119.2627,81.7261,33.2031,t009,FIJTB
2529819874,2959462,3,pierna,terminal,-1.2151,-0.5867,-0.3069,95.0928,100.2808,32.4097,t009,FIJTB
2529819927,2959478,3,pierna,terminal,-1.2815,-0.6505,-0.2451,22.6440,123.2300,31.8603,t009,FIJTB
2529819928,2959494,3,pierna,terminal,-1.3115,-0.5940,-0.3424,-19.8364,122.9858,28.7476,t009,FIJTB
2529819928,2959510,3,pierna,terminal,-1.2491,-0.3761,-0.5037,-78.0640,113.7085,21.8506,t009,FIJTB
2529819982,2959526,3,pierna,terminal,-1.2076,-0.2627,-0.5277,-95.7642,115.9668,18.1885,t009,FIJTB
2529819983,2959543,3,pierna,terminal,-1.1534,-0.1531,-0.4247,-100.8911,121.8872,16.2964,t009,FIJTB
2529819983,2959559,3,pierna,terminal,-1.1421,-0.1096,-0.3923,-107.6660,130.6763,14.2212,t009,FIJTB
2529819983,2959575,3,pierna,terminal,-1.0894,-0.0356,-0.3575,-102.7222,128.7842,13.9160,t009,FIJTB
2529820035,2959591,3,pierna,terminal,-1.0068,0.0114,-0.3352,-82.3975,118.6523,18.1274,t009,FIJTB
2529820036,2959607,3,pierna,terminal,-0.9670,0.0043,-0.3247,-54.9316,110.7178,28.5645,t009,FIJTB
2529820036,2959623,3,pierna,terminal,-0.9081,-0.0676,-0.3229,-44.0063,107.0557,34.5459,t009,FIJTB
2529820089,2959639,3,pierna,terminal,-0.8868,-0.0950,-0.3203,-39.4897,99.7314,41.1377,t009,FIJTB
2529820090,2959655,3,pierna,terminal,-0.8414,-0.0990,-0.2881,-45.3491,96.9238,40.7715,t009,FIJTB
2529820090,2959671,3,pierna,terminal,-0.7992,-0.0234,-0.2350,-66.2842,91.9189,33.0200,t009,FIJTB
2529820140,2959687,3,pierna,terminal,-0.7748,0.0267,-0.2098,-85.8154,89.6606,20.8740,t009,FIJTB
2529820142,2959703,3,pierna,terminal,-0.7612,0.0502,-0.1056,-91.6748,90.0268,16.6626,t009,FIJTB
2529820142,2959719,3,pierna,terminal,-0.7793,0.0276,-0.0280,-96.6797,92.1631,17.5781,t009,FIJTB
2529820143,2959736,3,pierna,terminal,-0.8236,-0.0245,0.1205,-96.9238,92.1631,20.3857,t009,FIJTB
2529820196,2959752,3,pierna,terminal,-0.8297,-0.0676,0.2206,-91.2476,89.0503,21.4233,t009,FIJTB
2529820197,2959768,3,pierna,terminal,-0.8154,-0.0859,0.2744,-70.2515,80.9936,22.2168,t009,FIJTB
2529820197,2959784,3,pierna,terminal,-0.8265,-0.0935,0.3612,-57.8003,75.5615,23.5596,t009,FIJTB
2529820245,2959800,3,pierna,swing,-0.8488,-0.0942,0.3721,-40.9546,62.0117,21.6064,t009,FIJTB
2529820246,2959816,3,pierna,swing,-0.8364,-0.0046,0.3224,-36.4380,53.2227,18.7988,t009,FIJTB
2529820246,2959832,3,pierna,swing,-0.7750,0.1133,0.3041,-28.2593,34.7290,8.5449,t009,FIJTB
2529820269,2959847,3,pierna,swing,-0.7731,0.1063,0.2957,-27.3437,25.5737,-1.8311,t009,FIJTB
2529820285,2959863,3,pierna,swing,-0.7673,-0.0194,0.2762,-32.2266,22.3999,-2.5635,t009,FIJTB
2529820304,2959880,3,pierna,swing,-0.7584,-0.0780,0.2877,-47.6074,16.9678,1.4038,t009,FIJTB
2529820305,2959896,3,pierna,swing,-0.8035,-0.1692,0.3864,-53.1616,14.5874,4.6997,t009,FIJTB
2529820355,2959912,3,pierna,swing,-0.8499,-0.3372,0.4823,-56.0303,11.7798,19.2871,t009,FIJTB
2529820357,2959928,3,pierna,swing,-0.8285,-0.3818,0.5061,-59.4482,7.2021,33.2031,t009,FIJTB
2529820357,2959944,3,pierna,swing,-0.7704,-0.2623,0.5443,-61.4624,2.3804,31.9214,t009,FIJTB
2529820411,2959959,3,pierna,swing,-0.7454,-0.1254,0.5664,-60.6079,-5.5542,13.9770,t009,FIJTB
2529820412,2959975,3,pierna,swing,-0.7351,0.0864,0.6062,-53.0395,-7.8735,5.5542,t009,FIJTB
2529820412,2959992,3,pierna,swing,-0.7489,0.0632,0.6016,-24.2310,-14.3433,3.2349,t009,FIJTB
2529820427,2960008,3,pierna,swing,-0.7329,0.0129,0.5753,5.9204,-27.5879,7.2021,t009,FIJTB
2529820461,2960023,3,pierna,swing,-0.6899,-0.0707,0.4729,18.4937,-36.0718,9.2163,t009,FIJTB
2529820464,2960040,3,pierna,swing,-0.6917,-0.0962,0.4470,36.7432,-50.6592,14.7705,t009,FIJTB
2529820464,2960056,3,pierna,swing,-0.6464,-0.1307,0.3621,43.0908,-58.4717,14.6484,t009,FIJTB
2529820518,2960072,3,pierna,swing,-0.6857,-0.1215,0.3169,48.7061,-100.2808,-2.0752,t009,FIJTB
2529820518,2960088,3,pierna,swing,-1.6069,-0.2849,0.8845,20.2026,-86.4258,-1.0376,t009,FIJTB
2529820519,2960104,3,pierna,swing,-2.4797,-0.7426,0.7750,-28.0762,-52.4292,12.6343,t009,FIJTB
2529820571,2960120,3,pierna,swing,-1.9338,-0.4597,0.1337,-159.3018,-37.2314,18.5547,t009,FIJTB
2529820572,2960136,3,pierna,swing,-0.7408,0.3478,-0.3997,-173.0347,-55.2978,16.9067,t009,FIJTB
2529820572,2960152,3,pierna,swing,-0.6442,0.2999,-0.3878,-73.5474,-67.0166,32.4707,t009,FIJTB
2529820626,2960168,3,pierna,swing,-0.4507,0.1973,-0.4102,19.4092,-42.9077,48.2788,t009,FIJTB
2529820626,2960184,3,pierna,swing,-0.3016,0.0765,-0.2817,48.4009,-42.1753,49.6216,t009,FIJTB
2529820627,2960200,3,pierna,swing,-0.6414,0.0234,-0.2078,104.5532,-57.4341,36.0107,t009,FIJTB
2529820627,2960217,3,pierna,swing,-1.0662,-0.1927,-0.0991,122.4976,-58.6548,25.8789,t009,FIJTB
2529820680,2960233,3,pierna,swing,-1.2904,-0.4811,0.0709,115.2954,-57.8613,13.5498,t009,FIJTB
2529820680,2960249,3,pierna,swing,-1.3896,-0.5880,0.1320,40.5273,-61.1572,14.3433,t009,FIJTB
2529820680,2960265,3,pierna,swing,-1.1208,-0.5127,0.0817,-8.6670,-59.5093,12.6343,t009,FIJTB
2529820734,2960281,3,pierna,swing,-0.9276,-0.3887,0.0323,-54.9927,-59.6313,2.7466,t009,FIJTB
2529820735,2960297,3,pierna,swing,-0.8070,-0.2152,-0.0540,-49.1943,-63.7817,-1.2817,t009,FIJTB
2529820735,2960313,3,pierna,swing,-0.8784,-0.1655,-0.0618,-24.9634,-65.2466,-8.5449,t009,FIJTB
2529820736,2960329,3,pierna,swing,-0.8835,-0.1112,0.0062,-4.2114,-54.5044,-6.5308,t009,FIJTB
2529820787,2960345,3,pierna,swing,-0.9662,0.0463,0.0605,4.7607,-52.1240,-2.1362,t009,FIJTB
2529820788,2960361,3,pierna,swing,-1.0448,0.0597,0.0511,26.2451,-51.6968,6.5918,t009,FIJTB
2529820789,2960377,3,pierna,swing,-1.0668,-0.0142,0.0017,36.0107,-50.9033,9.1553,t009,FIJTB
2529820816,2960393,3,pierna,swing,-1.0405,-0.0616,-0.0284,51.6357,-47.7295,13.1226,t009,FIJTB
2529820843,2960409,3,pierna,swing,-0.9628,-0.1606,0.0049,60.3027,-46.5088,13.4888,t009,FIJTB
2529820844,2960424,3,pierna,loading,-0.9091,-0.2211,0.0168,74.8901,-49.1333,12.1460,t009,FIJTB
2529820895,2960441,3,pierna,loading,-0.9425,-0.2534,0.0100,71.5332,-47.4243,11.4746,t009,FIJTB
2529820895,2960457,3,pierna,loading,-1.0078,-0.2816,0.0205,62.6221,-44.2505,11.3525,t009,FIJTB
2529820897,2960473,3,pierna,loading,-1.0033,-0.2511,-0.0004,42.9077,-40.1611,8.3618,t009,FIJTB
2529820898,2960489,3,pierna,loading,-0.9575,-0.1661,-0.0757,37.2314,-39.4897,5.7983,t009,FIJTB
2529820954,2960505,3,pierna,loading,-0.9235,-0.1426,-0.1099,31.4941,-34.6680,2.1362,t009,FIJTB
2529820954,2960521,3,pierna,loading,-0.9283,-0.1459,-0.0848,28.9307,-37.2314,3.9062,t009,FIJTB
2529820955,2960537,3,pierna,loading,-0.9480,-0.1429,-0.0806,28.3813,-38.2690,5.1880,t009,FIJTB
2529821005,2960553,3,pierna,loading,-0.9569,-0.1538,-0.0670,31.6162,-38.3911,8.1787,t009,FIJTB
2529821006,2960569,3,pierna,loading,-0.9711,-0.1971,-0.0570,34.7290,-40.5884,10.1318,t009,FIJTB
2529821007,2960585,3,pierna,loading,-0.9941,-0.1746,-0.0095,37.8418,-42.9687,11.4136,t009,FIJTB
2529821008,2960601,3,pierna,loading,-0.9773,-0.1775,0.0018,46.2036,-37.2925,14.2212,t009,FIJTB
2529821063,2960617,3,pierna,loading,-0.9158,-0.2570,0.1095,46.6309,-32.1655,13.9160,t009,FIJTB
2529821063,2960633,3,pierna,loading,-0.8741,-0.3182,0.1572,45.3491,-24.4141,12.9395,t009,FIJTB
2529821064,2960648,3,pierna,loading,-0.8920,-0.3938,0.0935,45.2270,-21.5454,11.5356,t009,FIJTB
2529821116,2960664,3,pierna,loading,-0.9573,-0.4198,0.0316,51.4526,-16.1133,7.0801,t009,FIJTB
2529821117,2960680,3,pierna,loading,-1.0063,-0.3951,-0.1224,58.4106,-13.9770,5.2490,t009,FIJTB
2529821118,2960696,3,pierna,loading,-0.9943,-0.2638,-0.2783,60.1807,-13.9160,0.9766,t009,FIJTB
2529821126,2960712,3,pierna,loading,-0.9801,-0.1936,-0.3177,33.3862,-19.8975,-2.8076,t009,FIJTB
2529821172,2960729,3,pierna,loading,-0.9218,-0.1099,-0.3079,23.0713,-25.1465,-3.2349,t009,FIJTB
2529821173,2960745,3,pierna,loading,-0.9073,-0.1215,-0.2893,24.1089,-34.4238,-2.4414,t009,FIJTB
2529821173,2960761,3,pierna,loading,-0.9508,-0.1697,-0.2439,37.5977,-36.0107,-3.0518,t009,FIJTB
2529821225,2960777,3,pierna,loading,-0.9595,-0.2329,-0.2046,43.7012,-34.8511,-5.1270,t009,FIJTB
2529821226,2960793,3,pierna,loading,-0.9558,-0.2700,-0.1787,47.5464,-34.5459,-8.7280,t009,FIJTB
2529821227,2960809,3,pierna,loading,-0.9294,-0.2732,-0.1516,43.2129,-35.6445,-10.1929,t009,FIJTB
2529821262,2960825,3,pierna,loading,-0.9199,-0.2006,-0.1625,31.4941,-38.1470,-12.0239,t009,FIJTB
2529821282,2960841,3,pierna,loading,-0.9246,-0.1818,-0.1747,32.7148,-41.1987,-14.0991,t009,FIJTB
2529821282,2960858,3,pierna,loading,-0.9491,-0.2045,-0.2073,35.8887,-43.3960,-13.6108,t009,FIJTB
2529821282,2960874,3,pierna,loading,-0.9600,-0.2069,-0.2101,39.4287,-46.3867,-11.7187,t009,FIJTB
2529821332,2960890,3,pierna,loading,-1.0153,-0.2496,-0.1700,40.4663,-46.7529,-11.2915,t009,FIJTB
2529821333,2960906,3,pierna,midstance,-1.0155,-0.3058,-0.1096,38.8184,-46.8140,-7.3853,t009,FIJTB
2529821333,2960922,3,pierna,midstance,-1.0411,-0.3464,-0.0770,34.6680,-47.1802,-6.4697,t009,FIJTB
2529821392,2960938,3,pierna,midstance,-1.1582,-0.3594,0.0389,29.6020,-45.2881,-8.6060,t009,FIJTB
2529821392,2960954,3,pierna,midstance,-1.2445,-0.3033,0.1450,18.1274,-27.6489,-22.3999,t009,FIJTB
2529821392,2960970,3,pierna,midstance,-1.3591,-0.1165,0.3485,17.8223,-9.2773,-33.3252,t009,FIJTB
2529821393,2960986,3,pierna,midstance,-1.3392,0.1326,0.4507,12.4512,33.4473,-60.5469,t009,FIJTB
2529821445,2961002,3,pierna,midstance,-1.2533,0.2512,0.4204,22.4609,66.2231,-70.8008,t009,FIJTB
2529821446,2961018,3,pierna,midstance,-1.0542,0.2686,0.2617,41.7480,69.5190,-61.0962,t009,FIJTB
2529821447,2961034,3,pierna,midstance,-1.0383,0.1403,0.1646,94.4214,69.2139,-26.3062,t009,FIJTB
2529821500,2961050,3,pierna,midstance,-1.0380,-0.0939,-0.1285,111.3892,69.2139,-11.4746,t009,FIJTB
2529821500,2961066,3,pierna,midstance,-1.0256,-0.1094,-0.2122,116.6382,74.2188,1.2817,t009,FIJTB
2529821501,2961082,3,pierna,midstance,-1.0641,-0.0131,-0.1998,108.5815,81.1768,1.2817,t009,FIJTB
2529821509,2961098,3,pierna,midstance,-1.1648,-0.0712,-0.1373,75.2563,99.6704,4.8218,t009,FIJTB
2529821552,2961114,3,pierna,midstance,-1.2274,-0.1763,-0.1637,32.7148,110.9009,18.3716,t009,FIJTB
2529821553,2961130,3,pierna,midstance,-1.3689,-0.3422,-0.3210,12.9395,110.7788,25.1465,t009,FIJTB
2529821553,2961146,3,pierna,midstance,-1.3749,-0.3391,-0.4126,-20.1416,108.6426,33.7524,t009,FIJTB
2529821607,2961162,3,pierna,midstance,-1.2947,-0.2339,-0.4626,-32.1655,112.4268,34.6069,t009,FIJTB
2529821607,2961178,3,pierna,midstance,-1.2191,-0.1826,-0.3824,-43.3350,127.3193,35.7056,t009,FIJTB
2529821608,2961194,3,pierna,midstance,-1.1942,-0.1796,-0.3510,-45.0439,128.9673,37.8418,t009,FIJTB
2529821657,2961210,3,pierna,midstance,-1.1381,-0.1550,-0.3429,-46.3867,124.6338,37.6587,t009,FIJTB
2529821658,2961227,3,pierna,midstance,-1.0974,-0.1268,-0.3536,-48.7061,118.4082,36.8042,t009,FIJTB
2529821659,2961243,3,pierna,midstance,-1.0156,-0.0918,-0.3715,-47.0581,116.8213,37.3535,t009,FIJTB
2529821704,2961259,3,pierna,midstance,-0.9854,-0.1335,-0.3735,-41.6260,112.8540,39.8560,t009,FIJTB
2529821712,2961275,3,pierna,midstance,-0.9568,-0.1451,-0.3695,-49.0112,109.1919,39.6118,t009,FIJTB
2529821713,2961291,3,pierna,midstance,-0.8682,-0.1226,-0.3275,-55.4199,106.6284,37.5977,t009,FIJTB
2529821713,2961307,3,pierna,midstance,-0.8240,-0.0939,-0.2966,-69.3359,100.2197,32.5928,t009,FIJTB
2529821761,2961323,3,pierna,midstance,-0.7487,-0.0400,-0.2327,-75.2563,96.3135,30.6396,t009,FIJTB
2529821763,2961339,3,pierna,midstance,-0.7509,-0.0228,-0.1317,-85.0220,88.6841,28.5645,t009,FIJTB
2529821763,2961355,3,pierna,midstance,-0.7629,-0.0090,-0.0754,-90.2100,83.0688,25.0244,t009,FIJTB
2529821818,2961371,3,pierna,midstance,-0.7690,0.0338,0.0217,-90.1489,80.4443,21.9116,t009,FIJTB
2529821819,2961387,3,pierna,midstance,-0.7698,0.0652,0.0681,-86.1816,76.0498,13.2446,t009,FIJTB
2529821819,2961402,3,pierna,midstance,-0.7723,0.1116,0.1812,-81.2378,74.4629,8.8501,t009,FIJTB
2529821867,2961418,3,pierna,midstance,-0.8019,0.1184,0.2734,-70.9839,68.6035,5.8594,t009,FIJTB
2529821867,2961434,3,pierna,terminal,-0.8312,0.1204,0.3154,-63.2324,59.2651,5.8594,t009,FIJTB
2529821868,2961450,3,pierna,terminal,-0.8884,0.1256,0.3893,-55.7861,56.0303,5.3101,t009,FIJTB
2529821872,2961466,3,pierna,terminal,-0.8645,0.1305,0.3949,-35.4004,47.7295,4.0894,t009,FIJTB
2529821925,2961482,3,pierna,terminal,-0.8167,0.0714,0.3827,-23.7427,41.0156,3.1738,t009,FIJTB
2529821925,2961498,3,pierna,terminal,-0.8271,0.0150,0.3595,-9.0942,24.8413,6.6528,t009,FIJTB
2529821925,2961514,3,pierna,terminal,-0.7356,-0.0994,0.3010,-7.6294,17.0288,7.8735,t009,FIJTB
2529821974,2961530,3,pierna,terminal,-0.7351,-0.2086,0.3275,-9.0942,3.7231,10.0708,t009,FIJTB
2529821976,2961546,3,pierna,terminal,-0.7800,-0.2617,0.3450,-15.0146,-2.6245,14.7095,t009,FIJTB
2529821977,2961562,3,pierna,terminal,-0.8367,-0.3340,0.3589,-20.6909,-3.7842,16.4795,t009,FIJTB
2529822031,2961578,3,pierna,terminal,-0.8253,-0.3066,0.3728,-33.9966,-5.2490,15.1367,t009,FIJTB
2529822032,2961594,3,pierna,terminal,-0.7953,-0.2252,0.4534,-38.9404,-5.1270,13.1836,t009,FIJTB
2529822032,2961610,3,pierna,terminal,-0.7642,-0.2159,0.5472,-46.3257,-6.1646,13.1226,t009,FIJTB
2529822032,2961626,3,pierna,terminal,-0.7719,-0.2015,0.5933,-57.3730,-15.6250,18.1274,t009,FIJTB
2529822080,2961642,3,pierna,terminal,-0.7715,-0.0829,0.6266,-61.0352,-21.1792,18.4326,t009,FIJTB
2529822083,2961658,3,pierna,terminal,-0.7454,-0.0233,0.5999,-49.9268,-31.6162,14.5264,t009,FIJTB
2529822083,2961674,3,pierna,terminal,-0.7230,0.0059,0.5326,-36.3159,-38.0249,12.7563,t009,FIJTB
2529822135,2961690,3,pierna,terminal,-0.7659,0.0090,0.4211,-11.6577,-50.4761,11.2915,t009,FIJTB
2529822136,2961706,3,pierna,terminal,-0.7773,0.0542,0.3688,1.1597,-65.6128,2.1973,t009,FIJTB
2529822136,2961721,3,pierna,terminal,-1.1963,0.0894,0.7819,14.4043,-69.6411,-6.9580,t009,FIJTB
2529822186,2961737,3,pierna,terminal,-1.6907,0.0070,1.2223,59.3262,-48.0957,-14.5874,t009,FIJTB
2529822187,2961753,3,pierna,terminal,-1.7703,-0.5261,0.8801,51.9409,-38.3301,-4.1504,t009,FIJTB
2529822187,2961769,3,pierna,terminal,-1.3154,-0.4513,0.3428,-69.6411,-49.2554,29.5410,t009,FIJTB
2529822240,2961785,3,pierna,terminal,-0.7910,0.1364,-0.2859,-116.7602,-60.0586,33.7524,t009,FIJTB
2529822241,2961801,3,pierna,terminal,-0.8615,0.2352,-0.4395,-88.1348,-69.8853,31.4941,t009,FIJTB
2529822241,2961817,3,pierna,terminal,-0.7773,0.1837,-0.4170,6.3477,-61.8896,39.4287,t009,FIJTB
2529822241,2961833,3,pierna,terminal,-0.3752,-0.0026,-0.3436,31.5552,-59.3872,47.0581,t009,FIJTB
2529822290,2961850,3,pierna,terminal,-0.5073,-0.0353,-0.2848,63.2324,-64.2700,41.5039,t009,FIJTB
2529822292,2961865,3,pierna,terminal,-1.1199,-0.0387,-0.1508,80.8105,-63.6597,27.7710,t009,FIJTB
2529822293,2961882,3,pierna,terminal,-1.2404,-0.1788,0.0750,94.1162,-58.8379,6.4697,t009,FIJTB
2529822346,2961898,3,pierna,terminal,-1.1898,-0.3167,0.0978,56.4575,-62.2559,8.6670,t009,FIJTB
2529822347,2961913,3,pierna,terminal,-1.1016,-0.6256,0.1580,20.5688,-63.6597,13.5498,t009,FIJTB
2529822347,2961929,3,pierna,terminal,-1.0164,-0.6384,0.1643,-45.5322,-67.1997,11.7187,t009,FIJTB
2529822398,2961945,3,pierna,terminal,-0.9001,-0.4792,0.0269,-65.3687,-68.2373,6.7749,t009,FIJTB
2529822398,2961961,3,pierna,swing,-0.8634,-0.1715,-0.0681,-83.3740,-61.1572,1.0986,t009,FIJTB
2529822399,2961977,3,pierna,swing,-0.8582,-0.0469,0.0104,-55.6641,-54.8096,-2.2583,t009,FIJTB
2529822399,2961994,3,pierna,swing,-0.9176,0.1366,0.1698,-32.4707,-52.2461,-1.8311,t009,FIJTB
2529822458,2962010,3,pierna,swing,-0.9824,0.1567,0.1951,25.5737,-48.8892,3.8452,t009,FIJTB
2529822459,2962025,3,pierna,swing,-1.0729,0.0599,0.1870,46.7529,-47.2412,7.6904,t009,FIJTB
2529822460,2962041,3,pierna,swing,-1.0421,-0.1124,0.1313,65.3076,-42.0532,14.1602,t009,FIJTB
2529822468,2962057,3,pierna,swing,-0.9720,-0.1542,0.1180,80.9326,-44.9829,17.0288,t009,FIJTB
2529822511,2962073,3,pierna,swing,-0.9462,-0.2412,0.0306,88.6230,-49.8657,17.0288,t009,FIJTB
2529822513,2962089,3,pierna,swing,-0.9578,-0.2577,-0.0106,92.2241,-50.1099,12.2070,t009,FIJTB
2529822514,2962105,3,pierna,swing,-0.9769,-0.2772,-0.0453,85.3882,-45.6543,7.1411,t009,FIJTB
2529822569,2962121,3,pierna,swing,-0.9802,-0.2850,-0.0736,60.3027,-35.8887,6.0425,t009,FIJTB
2529822569,2962137,3,pierna,swing,-0.9429,-0.2947,-0.1448,43.1519,-31.4941,6.5308,t009,FIJTB
2529822569,2962153,3,pierna,swing,-0.9087,-0.2677,-0.1372,39.4287,-31.0059,3.7842,t009,FIJTB
2529822620,2962169,3,pierna,swing,-0.9087,-0.2539,-0.1029,31.5552,-32.5317,-3.2959,t009,FIJTB
2529822623,2962185,3,pierna,swing,-0.9358,-0.1957,-0.0656,25.1465,-33.6914,-5.2490,t009,FIJTB
2529822623,2962202,3,pierna,swing,-0.9685,-0.2032,-0.0605,18.6768,-37.2925,-2.5024,t009,FIJTB
2529822623,2962218,3,pierna,swing,-0.9774,-0.1583,-0.0503,17.3340,-42.2974,3.2959,t009,FIJTB
2529822677,2962234,3,pierna,swing,-0.9788,-0.1202,-0.0431,17.2729,-43.4570,4.6997,t009,FIJTB
2529822678,2962250,3,pierna,swing,-0.9562,-0.1133,-0.0441,20.5078,-41.6260,4.3335,t009,FIJTB
2529822678,2962266,3,pierna,swing,-0.9114,-0.1086,-0.0406,23.1323,-39.9170,4.8828,t009,FIJTB
2529822730,2962282,3,pierna,swing,-0.9171,-0.1309,-0.0178,30.0903,-39.1846,7.0190,t009,FIJTB
2529822731,2962298,3,pierna,swing,-0.9258,-0.2252,-0.0330,34.6680,-41.6260,10.1929,t009,FIJTB
2529822731,2962314,3,pierna,swing,-0.8882,-0.2937,-0.1036,33.7524,-42.1753,8.2397,t009,FIJTB
2529822784,2962330,3,pierna,swing,-0.8854,-0.3228,-0.1106,20.2637,-37.2925,2.5024,t009,FIJTB
2529822784,2962346,3,pierna,swing,-0.9303,-0.3467,-0.0927,11.5356,-35.5835,1.5259,t009,FIJTB
2529822785,2962362,3,pierna,swing,-0.9780,-0.2844,-0.1167,0.7935,-36.7432,-1.0376,t009,FIJTB
2529822786,2962379,3,pierna,swing,-0.9850,-0.2490,-0.1339,1.7090,-38.7573,-5.1270,t009,FIJTB
2529822838,2962395,3,pierna,swing,-0.9896,-0.2051,-0.1592,2.9907,-38.5742,-6.3477,t009,FIJTB
2529822838,2962411,3,pierna,swing,-0.9932,-0.1918,-0.1700,5.9204,-38.3911,-5.7373,t009,FIJTB
2529822839,2962427,3,pierna,swing,-0.9703,-0.1681,-0.1906,7.8125,-39.1235,-4.0894,t009,FIJTB
2529822892,2962443,3,pierna,swing,-0.9203,-0.1516,-0.2017,15.0757,-42.7246,1.8311,t009,FIJTB
2529822892,2962459,3,pierna,swing,-0.9375,-0.1456,-0.1978,25.5127,-44.6167,2.3804,t009,FIJTB
2529822893,2962475,3,pierna,swing,-0.9996,-0.1600,-0.1545,30.3955,-43.2739,-0.3662,t009,FIJTB
2529822944,2962491,3,pierna,swing,-1.0029,-0.1724,-0.1284,36.1328,-38.9404,-5.6763,t009,FIJTB
2529822945,2962507,3,pierna,swing,-0.9978,-0.2327,-0.0851,38.0249,-38.2080,-6.0425,t009,FIJTB
2529822946,2962524,3,pierna,swing,-1.0471,-0.3049,-0.0322,40.8936,-38.7573,-2.9297,t009,FIJTB
2529822946,2962540,3,pierna,swing,-1.0779,-0.3267,-0.0085,42.8467,-33.2031,-4.6997,t009,FIJTB
2529822998,2962556,3,pierna,swing,-1.0874,-0.3419,0.0590,43.3350,-29.2969,-8.9111,t009,FIJTB
2529822999,2962572,3,pierna,loading,-1.0889,-0.3307,0.1022,43.4570,-27.0996,-12.3901,t009,FIJTB
2529822999,2962588,3,pierna,loading,-1.2332,-0.1835,0.2257,39.7949,-26.1230,-14.8926,t009,FIJTB
2529823049,2962604,3,pierna,loading,-1.3514,0.0854,0.3330,38.9404,-5.1270,-34.2407,t009,FIJTB
2529823049,2962620,3,pierna,loading,-1.3369,0.2412,0.3596,46.7529,19.9585,-55.0537,t009,FIJTB
2529823050,2962636,3,pierna,loading,-1.2170,0.4966,0.2286,59.6924,25.6958,-58.2275,t009,FIJTB
2529823108,2962652,3,pierna,loading,-1.1632,0.4683,0.0492,107.3608,32.8979,-42.0532,t009,FIJTB
2529823109,2962668,3,pierna,loading,-1.0812,0.1211,-0.2545,127.8076,41.8091,-27.5879,t009,FIJTB
2529823110,2962684,3,pierna,loading,-1.0164,-0.2184,-0.3219,155.0293,72.4487,-3.9062,t009,FIJTB
2529823110,2962700,3,pierna,loading,-1.0433,-0.3158,-0.3229,145.4468,88.0127,14.5874,t009,FIJTB
2529823160,2962716,3,pierna,loading,-1.1653,-0.3828,-0.2877,122.1924,90.6372,20.2637,t009,FIJTB
2529823162,2962732,3,pierna,loading,-1.2246,-0.4098,-0.2621,54.5654,100.9521,23.1323,t009,FIJTB
2529823163,2962748,3,pierna,loading,-1.2520,-0.4611,-0.2699,20.0195,107.6660,22.7051,t009,FIJTB
2529823216,2962764,3,pierna,loading,-1.2462,-0.4617,-0.3018,-41.1377,113.6475,19.4092,t009,FIJTB
2529823217,2962780,3,pierna,loading,-1.2372,-0.3585,-0.3844,-67.3218,113.7695,17.7002,t009,FIJTB
2529823217,2962796,3,pierna,loading,-1.1938,-0.1871,-0.4248,-103.2104,117.9809,19.2261,t009,FIJTB
2529823218,2962812,3,pierna,loading,-1.1572,-0.1047,-0.4224,-119.2017,127.1362,18.6157,t009,FIJTB
2529823269,2962828,3,pierna,loading,-1.1392,0.0040,-0.3849,-114.0747,127.7466,17.5781,t009,FIJTB
2529823270,2962844,3,pierna,loading,-1.1523,0.0276,-0.3805,-86.4258,121.2158,19.7144,t009,FIJTB
2529823270,2962860,3,pierna,loading,-1.1011,0.0708,-0.3864,-69.7632,117.4316,23.5596,t009,FIJTB
2529823323,2962876,3,pierna,loading,-0.9844,0.0701,-0.3737,-36.9263,112.3047,29.2358,t009,FIJTB
2529823323,2962892,3,pierna,loading,-0.9338,0.0291,-0.3717,-9.3384,105.8960,30.9448,t009,FIJTB
2529823324,2962908,3,pierna,loading,-0.8575,-0.0796,-0.3727,-2.1362,101.0742,31.7383,t009,FIJTB
2529823373,2962925,3,pierna,loading,-0.8411,-0.1279,-0.3564,-0.8545,90.8813,32.5928,t009,FIJTB
2529823374,2962941,3,pierna,midstance,-0.8322,-0.1765,-0.3036,-6.2256,86.4258,31.4941,t009,FIJTB
2529823374,2962957,3,pierna,midstance,-0.8450,-0.1786,-0.2443,-24.8413,81.6040,26.9165,t009,FIJTB
2529823379,2962973,3,pierna,midstance,-0.8422,-0.1777,-0.2006,-50.1099,83.9233,27.1606,t009,FIJTB
2529823433,2962989,3,pierna,midstance,-0.8341,-0.1810,-0.0785,-62.6831,85.6323,29.9683,t009,FIJTB
2529823433,2963005,3,pierna,midstance,-0.8293,-0.1715,-0.0131,-86.1206,87.4634,35.4614,t009,FIJTB
2529823434,2963022,3,pierna,midstance,-0.8424,-0.1045,0.1166,-100.7690,85.3882,30.5176,t009,FIJTB
2529823484,2963038,3,pierna,midstance,-0.8678,-0.0286,0.2179,-101.3794,82.7637,25.6348,t009,FIJTB
2529823486,2963053,3,pierna,midstance,-0.8719,0.0107,0.2418,-93.0786,74.4629,18.3105,t009,FIJTB
2529823486,2963070,3,pierna,midstance,-0.8214,0.1072,0.2454,-85.9375,68.4204,15.5029,t009,FIJTB
2529823540,2963085,3,pierna,midstance,-0.7863,0.1461,0.2469,-61.7676,50.3540,11.3525,t009,FIJTB
2529823541,2963101,3,pierna,midstance,-0.7699,0.1588,0.2526,-47.1802,39.9780,10.4980,t009,FIJTB
2529823541,2963117,3,pierna,midstance,-0.8413,0.1226,0.2449,-23.6206,23.8037,8.6060,t009,FIJTB
2529823541,2963133,3,pierna,midstance,-0.8298,0.1078,0.2343,-3.4180,16.0522,4.4556,t009,FIJTB
2529823590,2963149,3,pierna,midstance,-0.7948,-0.0265,0.3080,7.9956,13.9160,5.2490,t009,FIJTB
2529823592,2963165,3,pierna,midstance,-0.8904,-0.1427,0.3595,18.4937,15.9302,20.2637,t009,FIJTB
2529823592,2963181,3,pierna,midstance,-0.9390,-0.3389,0.3801,15.2588,18.1274,28.5034,t009,FIJTB
2529823645,2963197,3,pierna,midstance,-0.8009,-0.4644,0.3392,6.2256,15.5640,41.8091,t009,FIJTB
2529823645,2963213,3,pierna,midstance,-0.7450,-0.4767,0.3339,1.1597,4.2725,43.9453,t009,FIJTB
2529823646,2963229,3,pierna,midstance,-0.7313,-0.3883,0.3734,-3.2959,-0.6104,39.2456,t009,FIJTB
2529823695,2963245,3,pierna,midstance,-0.7538,-0.3162,0.4006,-24.8413,-4.6387,19.5923,t009,FIJTB
2529823697,2963261,3,pierna,midstance,-0.8114,-0.1796,0.4458,-38.3301,-4.5166,9.5215,t009,FIJTB
2529823698,2963277,3,pierna,midstance,-0.8160,-0.1355,0.4895,-55.9692,-4.1504,0.1831,t009,FIJTB
2529823698,2963293,3,pierna,midstance,-0.7822,-0.1398,0.5170,-57.2510,-9.3384,4.5776,t009,FIJTB
2529823750,2963309,3,pierna,midstance,-0.7178,-0.1226,0.5339,-56.1523,-16.2964,6.7749,t009,FIJTB
2529823751,2963325,3,pierna,midstance,-0.7200,-0.0917,0.5112,-53.1006,-32.4707,3.0518,t009,FIJTB
2529823751,2963341,3,pierna,midstance,-0.7174,-0.0439,0.3979,-49.4385,-38.7573,0.4272,t009,FIJTB
2529823800,2963357,3,pierna,midstance,-0.6896,-0.0227,0.3051,-40.1611,-52.7954,-1.8311,t009,FIJTB
2529823802,2963373,3,pierna,midstance,-0.7510,0.1001,0.2144,-16.1743,-67.6270,-12.1460,t009,FIJTB
2529823802,2963389,3,pierna,midstance,-1.2107,0.1484,0.5858,3.2959,-65.4297,-20.0806,t009,FIJTB
2529823856,2963405,3,pierna,midstance,-1.3677,0.1492,0.8529,40.5884,-35.5225,-29.4800,t009,FIJTB
2529823857,2963421,3,pierna,midstance,-1.3158,-0.0135,0.9330,53.3447,-25.7568,-26.6724,t009,FIJTB
2529823857,2963438,3,pierna,midstance,-1.3375,-0.2893,0.4604,38.3911,-41.4429,-0.9155,t009,FIJTB
2529823907,2963454,3,pierna,midstance,-1.2065,-0.2137,0.2075,-14.9536,-57.1899,11.6577,t009,FIJTB
2529823908,2963470,3,pierna,midstance,-0.8446,0.0756,-0.0908,-22.8882,-61.0962,7.2021,t009,FIJTB
2529823909,2963486,3,pierna,midstance,-0.7729,0.1429,-0.1437,3.8452,-69.0308,-5.8594,t009,FIJTB
2529823909,2963502,3,pierna,midstance,-0.7268,0.1737,-0.1833,28.1982,-70.1294,-7.3853,t009,FIJTB
2529823962,2963518,3,pierna,midstance,-0.6923,0.1179,-0.1836,71.7163,-70.0073,0.2441,t009,FIJTB
2529823963,2963534,3,pierna,midstance,-0.8156,-0.1096,-0.1018,85.5102,-69.6411,9.9487,t009,FIJTB
2529823963,2963550,3,pierna,midstance,-1.1405,-0.3453,-0.0708,87.6465,-67.0776,12.2070,t009,FIJTB
2529824014,2963566,3,pierna,terminal,-1.2007,-0.4480,-0.0857,78.6743,-59.0820,12.6953,t009,FIJTB
2529824017,2963582,3,pierna,terminal,-1.0438,-0.4500,-0.0472,64.6973,-57.1899,9.8877,t009,FIJTB
2529824017,2963598,3,pierna,terminal,-1.0400,-0.4207,-0.0189,39.1235,-56.3965,1.2817,t009,FIJTB
2529824071,2963614,3,pierna,terminal,-1.0311,-0.4016,0.0151,27.2827,-51.0864,-4.5166,t009,FIJTB
2529824071,2963630,3,pierna,terminal,-0.8865,-0.2928,0.0507,-4.1504,-37.4146,-13.4888,t009,FIJTB
2529824071,2963646,3,pierna,terminal,-0.8893,-0.2135,0.0311,-33.0811,-40.6494,-12.5732,t009,FIJTB
2529824072,2963662,3,pierna,terminal,-0.9672,-0.1011,-0.0537,-36.3770,-44.5557,-10.7422,t009,FIJTB
2529824125,2963679,3,pierna,terminal,-1.0021,-0.0557,-0.0533,-21.9116,-46.5088,-4.8218,t009,FIJTB
2529824126,2963695,3,pierna,terminal,-1.0112,-0.0562,-0.0491,-2.0142,-43.0298,0.7935,t009,FIJTB
2529824126,2963711,3,pierna,terminal,-1.0011,-0.1233,-0.0663,7.2632,-41.9311,2.5635,t009,FIJTB
2529824178,2963727,3,pierna,terminal,-0.9817,-0.1528,-0.0764,17.0898,-41.0156,3.1738,t009,FIJTB
2529824178,2963743,3,pierna,terminal,-0.9412,-0.1375,-0.0702,17.9443,-40.8325,1.8311,t009,FIJTB
2529824179,2963760,3,pierna,terminal,-0.9711,-0.1746,-0.0282,14.4043,-41.3818,-1.2207,t009,FIJTB
2529824227,2963776,3,pierna,terminal,-0.9786,-0.1584,-0.0227,8.9111,-41.2598,-4.6387,t009,FIJTB
2529824229,2963792,3,pierna,terminal,-0.9899,-0.1139,-0.0109,11.4746,-40.8325,-5.1270,t009,FIJTB
2529824229,2963808,3,pierna,terminal,-1.0186,-0.1212,-0.0150,28.5034,-40.6494,-2.0142,t009,FIJTB
2529824230,2963824,3,pierna,terminal,-1.0215,-0.1348,-0.0165,33.8135,-39.7339,-0.6104,t009,FIJTB
2529824281,2963840,3,pierna,terminal,-0.9631,-0.1418,-0.0186,30.1514,-37.2314,1.5869,t009,FIJTB
2529824281,2963856,3,pierna,terminal,-0.9502,-0.1700,-0.0123,21.7285,-36.1328,3.7231,t009,FIJTB
2529824282,2963872,3,pierna,terminal,-0.9551,-0.2181,-0.0022,17.4561,-35.8276,4.3335,t009,FIJTB
2529824331,2963888,3,pierna,terminal,-0.9506,-0.2213,-0.0050,6.0425,-34.4849,2.0752,t009,FIJTB
2529824333,2963905,3,pierna,terminal,-0.9302,-0.2216,-0.0245,-1.4038,-33.9355,0.5493,t009,FIJTB
2529824333,2963921,3,pierna,terminal,-0.9583,-0.1582,-0.0267,-15.6250,-33.5693,0.2441,t009,FIJTB
2529824385,2963937,3,pierna,terminal,-0.9718,-0.0889,-0.0287,-21.3623,-31.7993,-4.1504,t009,FIJTB
2529824385,2963953,3,pierna,terminal,-1.0128,-0.0480,-0.0173,-15.8081,-31.3721,-5.2490,t009,FIJTB
2529824385,2963969,3,pierna,terminal,-0.9888,-0.0844,-0.0018,6.1646,-31.7383,1.4038,t009,FIJTB
2529824435,2963985,3,pierna,terminal,-0.9497,-0.1519,0.0105,13.3057,-31.5552,5.1270,t009,FIJTB
2529824435,2964001,3,pierna,swing,-0.9664,-0.1433,0.0215,17.1509,-30.2734,9.4604,t009,FIJTB
2529824436,2964017,3,pierna,swing,-0.9661,-0.1565,0.0236,19.7754,-27.6489,9.9487,t009,FIJTB
2529824439,2964033,3,pierna,swing,-0.9104,-0.2560,-0.0065,20.9351,-26.0620,11.6577,t009,FIJTB
2529824495,2964049,3,pierna,swing,-0.9059,-0.2784,-0.0452,20.5688,-24.8413,14.0381,t009,FIJTB
2529824495,2964065,3,pierna,swing,-0.9957,-0.2285,-0.0851,18.0054,-24.5972,11.9019,t009,FIJTB
2529824496,2964082,3,pierna,swing,-0.9395,-0.1211,-0.1152,11.2915,-22.2168,5.1880,t009,FIJTB
2529824549,2964098,3,pierna,swing,-0.9207,-0.1132,-0.1221,14.9536,-23.2544,2.3804,t009,FIJTB
2529824550,2964114,3,pierna,swing,-0.9528,-0.1570,-0.1483,19.3481,-24.6582,3.3569,t009,FIJTB
2529824551,2964130,3,pierna,swing,-0.9640,-0.1721,-0.1777,28.6865,-27.1606,6.7749,t009,FIJTB
2529824551,2964146,3,pierna,swing,-0.9642,-0.1361,-0.2325,32.1045,-28.0762,7.6904,t009,FIJTB
2529824604,2964162,3,pierna,swing,-0.9357,-0.0590,-0.2593,34.5459,-29.7241,4.5166,t009,FIJTB
2529824604,2964178,3,pierna,swing,-0.9260,-0.0570,-0.2710,39.1846,-32.1655,0.4883,t009,FIJTB
2529824604,2964194,3,pierna,swing,-0.9215,-0.1071,-0.2931,41.6870,-33.6304,0.3052,t009,FIJTB
2529824654,2964210,3,pierna,swing,-0.9314,-0.1282,-0.2841,42.1753,-35.0952,1.4648,t009,FIJTB
2529824656,2964226,3,pierna,swing,-0.9576,-0.1459,-0.2362,41.8091,-35.0952,1.5259,t009,FIJTB
2529824656,2964242,3,pierna,swing,-0.9653,-0.1649,-0.2032,42.6025,-35.2783,0.0000,t009,FIJTB
2529824711,2964258,3,pierna,swing,-0.9680,-0.1754,-0.1930,43.7622,-38.0249,-1.9531,t009,FIJTB
2529824711,2964274,3,pierna,swing,-0.9578,-0.2092,-0.1821,44.4336,-39.7339,-1.8311,t009,FIJTB
2529824712,2964290,3,pierna,swing,-0.9575,-0.2401,-0.1726,45.7153,-43.3960,-1.1597,t009,FIJTB
2529824712,2964306,3,pierna,swing,-1.0640,-0.3004,-0.1034,43.3350,-43.0908,-2.1973,t009,FIJTB
2529824763,2964322,3,pierna,swing,-1.1783,-0.2959,-0.0394,37.3535,-40.1001,-6.2256,t009,FIJTB
2529824764,2964338,3,pierna,swing,-1.1687,-0.3167,-0.0298,31.6162,-34.9121,-11.9629,t009,FIJTB
2529824764,2964354,3,pierna,swing,-1.1379,-0.3386,0.0067,28.8696,-32.6538,-13.1836,t009,FIJTB
2529824817,2964371,3,pierna,swing,-1.1564,-0.3140,0.0417,19.7754,-28.1982,-17.3340,t009,FIJTB
2529824818,2964387,3,pierna,swing,-1.1927,-0.2158,0.1586,15.9912,-21.8506,-22.5830,t009,FIJTB
2529824819,2964403,3,pierna,swing,-1.1940,-0.0953,0.3102,9.1553,-3.4180,-33.9966,t009,FIJTB
2529824871,2964419,3,pierna,swing,-1.2058,-0.0255,0.4324,8.6060,21.8506,-41.6260,t009,FIJTB
2529824872,2964435,3,pierna,swing,-1.2183,0.1218,0.5156,22.6440,42.1753,-45.4102,t009,FIJTB
2529824872,2964450,3,pierna,swing,-1.1935,0.1644,0.3893,42.9077,53.9551,-52.5513,t009,FIJTB
2529824872,2964466,3,pierna,swing,-1.1057,0.2106,0.2252,53.5278,46.9971,-48.5229,t009,FIJTB
2529824924,2964482,3,pierna,swing,-1.0389,0.1895,0.1465,92.3462,39.9780,-24.6582,t009,FIJTB
2529824925,2964498,3,pierna,swing,-1.0234,0.0472,-0.0930,110.1074,46.3867,-12.3291,t009,FIJTB
2529824925,2964514,3,pierna,swing,-1.0675,-0.0604,-0.2933,125.3662,67.7490,4.5776,t009,FIJTB
2529824975,2964530,3,pierna,swing,-1.1204,-0.1517,-0.3591,115.1733,81.4819,23.9868,t009,FIJTB
2529824975,2964546,3,pierna,swing,-1.3252,-0.3405,-0.3844,93.2617,89.1724,33.2031,t009,FIJTB
2529824976,2964562,3,pierna,swing,-1.3977,-0.3805,-0.3514,20.8740,113.8306,40.2832,t009,FIJTB
2529825029,2964578,3,pierna,swing,-1.4355,-0.3114,-0.3400,-13.9160,125.2441,36.9263,t009,FIJTB
2529825030,2964594,3,pierna,loading,-1.3763,-0.1605,-0.3976,-57.8003,134.1553,24.9634,t009,FIJTB
2529825031,2964610,3,pierna,loading,-1.3212,-0.0425,-0.4243,-75.0732,131.2866,16.6626,t009,FIJTB
2529825038,2964627,3,pierna,loading,-1.1887,0.1229,-0.3739,-73.7305,131.1646,14.9536,t009,FIJTB
2529825079,2964643,3,pierna,loading,-1.1381,0.1272,-0.3463,-56.0913,130.6152,22.8882,t009,FIJTB
2529825079,2964659,3,pierna,loading,-1.0554,0.0846,-0.3193,-48.4619,127.3193,30.4565,t009,FIJTB
2529825080,2964675,3,pierna,loading,-0.9829,0.0664,-0.2787,-39.1846,119.7510,39.7949,t009,FIJTB
2529825136,2964691,3,pierna,loading,-0.9645,0.0588,-0.2633,-32.4707,115.6616,38.8794,t009,FIJTB
2529825137,2964707,3,pierna,loading,-0.9302,0.0598,-0.2750,-30.6396,114.0747,35.0952,t009,FIJTB
2529825138,2964723,3,pierna,loading,-0.8848,0.0518,-0.2925,-32.7148,109.8022,24.1699,t009,FIJTB
2529825189,2964738,3,pierna,loading,-0.7838,-0.0046,-0.2948,-37.7197,106.3843,19.2871,t009,FIJTB
2529825191,2964754,3,pierna,loading,-0.7606,-0.0620,-0.2365,-54.3213,100.2808,11.6577,t009,FIJTB
2529825192,2964771,3,pierna,loading,-0.7506,-0.0532,-0.2136,-68.6646,98.7549,7.9956,t009,FIJTB
2529825192,2964787,3,pierna,loading,-0.7518,0.0045,-0.1351,-71.0449,97.9614,6.4697,t009,FIJTB
2529825244,2964803,3,pierna,loading,-0.7749,0.0182,-0.0674,-67.6880,97.9004,4.8828,t009,FIJTB
2529825244,2964819,3,pierna,loading,-0.8245,0.0233,0.0707,-63.1103,98.3276,5.8594,t009,FIJTB
2529825245,2964835,3,pierna,loading,-0.8544,0.0442,0.2271,-49.0723,100.0366,4.9438,t009,FIJTB
2529825294,2964850,3,pierna,loading,-0.8480,0.0436,0.3141,-27.6489,102.7222,3.9673,t009,FIJTB
2529825296,2964867,3,pierna,loading,-0.8326,0.0232,0.4260,-17.8223,102.6611,2.8687,t009,FIJTB
2529825297,2964882,3,pierna,loading,-0.7833,0.0011,0.4307,-8.1177,92.7734,-1.6479,t009,FIJTB
2529825351,2964899,3,pierna,loading,-0.6230,-0.0507,0.3529,-8.0566,79.7729,-2.5024,t009,FIJTB
2529825352,2964915,3,pierna,loading,-0.5902,-0.1443,0.2743,-8.3618,48.2788,2.3804,t009,FIJTB
2529825352,2964931,3,pierna,loading,-0.5898,-0.2145,0.2645,-5.4321,25.0854,11.2305,t009,FIJTB
2529825352,2964946,3,pierna,loading,-0.6547,-0.3469,0.3054,-7.2021,17.7612,16.4795,t009,FIJTB
2529825400,2964962,3,pierna,loading,-0.6812,-0.3514,0.3345,-14.2212,11.2305,22.3389,t009,FIJTB
2529825402,2964978,3,pierna,loading,-0.7566,-0.2832,0.4253,-18.6157,10.8032,22.3999,t009,FIJTB
2529825403,2964994,3,pierna,loading,-0.7943,-0.2273,0.4945,-34.4238,10.5591,15.9912,t009,FIJTB
2529825456,2965011,3,pierna,loading,-0.8186,-0.0972,0.6666,-49.0723,6.2256,6.4697,t009,FIJTB
2529825456,2965027,3,pierna,loading,-0.7694,-0.0228,0.7755,-50.8423,1.2207,3.6621,t009,FIJTB
2529825457,2965043,3,pierna,loading,-0.7290,-0.0315,0.7565,-48.2178,-15.0146,7.1411,t009,FIJTB
2529825506,2965059,3,pierna,loading,-0.6703,-0.1146,0.6223,-47.3633,-24.1699,11.2305,t009,FIJTB
2529825506,2965075,3,pierna,midstance,-0.6936,-0.1593,0.5909,-52.1851,-38.6353,17.5171,t009,FIJTB
2529825507,2965091,3,pierna,midstance,-0.8119,-0.1840,0.6606,-53.5278,-40.4053,21.7895,t009,FIJTB
2529825512,2965107,3,pierna,midstance,-0.8583,0.0294,0.6541,-42.7246,-60.6689,20.1416,t009,FIJTB
2529825566,2965122,3,pierna,midstance,-1.2192,0.1606,0.9196,-16.5405,-95.2759,-6.9580,t009,FIJTB
2529825566,2965138,3,pierna,midstance,-2.2457,0.0120,1.0481,-21.2402,-82.2143,-6.2866,t009,FIJTB
2529825566,2965154,3,pierna,midstance,-1.9812,-0.0092,0.5383,-108.2153,-35.6445,21.6675,t009,FIJTB
2529825618,2965171,3,pierna,midstance,-0.6492,0.3533,-0.4362,-134.3994,-36.9873,31.1279,t009,FIJTB
2529825618,2965187,3,pierna,midstance,-0.6133,0.4745,-0.5436,-82.3975,-62.2559,32.2266,t009,FIJTB
2529825621,2965203,3,pierna,midstance,-0.7415,0.4752,-0.4630,34.6069,-59.8144,48.8892,t009,FIJTB
2529825676,2965219,3,pierna,midstance,-0.3444,0.0341,-0.3455,80.4443,-60.7910,66.1011,t009,FIJTB
2529825676,2965235,3,pierna,midstance,-0.3234,-0.3341,-0.3461,118.8965,-86.3037,78.4912,t009,FIJTB
2529825677,2965251,3,pierna,midstance,-1.1671,-0.7187,-0.1051,115.7837,-85.3882,65.8569,t009,FIJTB
2529825677,2965267,3,pierna,midstance,-1.6884,-0.5579,0.3066,55.7251,-52.1851,25.0244,t009,FIJTB
2529825728,2965283,3,pierna,midstance,-1.3596,-0.3137,0.3223,-7.8125,-50.1099,1.7090,t009,FIJTB
2529825730,2965299,3,pierna,midstance,-0.8936,-0.2233,0.1675,-20.7520,-59.9976,1.7090,t009,FIJTB
2529825731,2965315,3,pierna,midstance,-0.9260,-0.3275,0.1428,-36.4380,-67.1387,4.0283,t009,FIJTB
2529825786,2965331,3,pierna,midstance,-0.8705,-0.3768,0.1027,-43.5181,-64.0259,3.5400,t009,FIJTB
2529825786,2965347,3,pierna,midstance,-0.8385,-0.2676,0.0132,-57.1899,-59.2041,4.8218,t009,FIJTB
2529825787,2965363,3,pierna,midstance,-0.8423,-0.1837,0.0159,-59.5093,-57.4341,8.5449,t009,FIJTB
2529825787,2965379,3,pierna,midstance,-0.9185,-0.0106,0.0636,-50.7202,-56.6406,9.5825,t009,FIJTB
2529825838,2965395,3,pierna,midstance,-0.9727,0.0811,0.0900,-17.8833,-53.4668,10.5591,t009,FIJTB
2529825841,2965411,3,pierna,midstance,-1.0662,0.1361,0.0846,3.4790,-52.1851,10.6812,t009,FIJTB
2529825841,2965426,3,pierna,midstance,-1.0833,0.0837,0.0787,40.4053,-49.3164,8.7891,t009,FIJTB
2529825896,2965442,3,pierna,midstance,-1.0356,-0.0990,0.0560,47.5464,-48.2788,8.6060,t009,FIJTB
2529825896,2965458,3,pierna,midstance,-0.9436,-0.2192,-0.0161,45.2270,-49.0112,10.3760,t009,FIJTB
2529825897,2965474,3,pierna,midstance,-0.9146,-0.2432,-0.0455,43.1519,-53.1006,11.7187,t009,FIJTB
2529825897,2965491,3,pierna,midstance,-0.9290,-0.2273,-0.0604,40.6494,-53.1616,10.3149,t009,FIJTB
2529825948,2965507,3,pierna,midstance,-0.9622,-0.1982,-0.0575,29.1748,-48.4619,5.6763,t009,FIJTB
2529825949,2965523,3,pierna,terminal,-1.0110,-0.1420,-0.0275,23.2544,-46.0205,4.2725,t009,FIJTB
2529825949,2965539,3,pierna,terminal,-0.9930,-0.1350,0.0012,15.6860,-44.0674,2.1973,t009,FIJTB
2529826009,2965555,3,pierna,terminal,-0.9663,-0.1537,0.0056,13.3057,-43.7622,0.3662,t009,FIJTB
2529826009,2965571,3,pierna,terminal,-0.9286,-0.1868,0.0072,13.7329,-44.9219,-1.0376,t009,FIJTB
2529826010,2965587,3,pierna,terminal,-0.9390,-0.1881,-0.0012,14.8315,-47.0581,-3.3569,t009,FIJTB
2529826010,2965603,3,pierna,terminal,-0.9705,-0.1682,-0.0278,14.4043,-47.3022,-3.4180,t009,FIJTB
2529826062,2965619,3,pierna,terminal,-0.9945,-0.1117,-0.0367,13.1836,-47.1191,-2.6245,t009,FIJTB
2529826062,2965635,3,pierna,terminal,-0.9851,-0.0792,-0.0322,15.3198,-46.2036,-0.3052,t009,FIJTB
2529826065,2965651,3,pierna,terminal,-0.9749,-0.0812,-0.0042,21.4844,-46.0205,2.3804,t009,FIJTB
2529826121,2965668,3,pierna,terminal,-0.9735,-0.1083,0.0105,37.5366,-47.4853,6.3477,t009,FIJTB
2529826121,2965683,3,pierna,terminal,-0.9574,-0.1337,-0.0121,42.1143,-48.0957,6.2256,t009,FIJTB
2529826122,2965699,3,pierna,terminal,-0.9397,-0.1898,-0.0370,46.0205,-46.6919,5.3711,t009,FIJTB
2529826122,2965715,3,pierna,terminal,-0.9373,-0.2277,-0.0383,45.7153,-45.2270,6.2256,t009,FIJTB
2529826173,2965731,3,pierna,terminal,-0.9319,-0.2389,-0.0444,42.1143,-44.3726,5.4321,t009,FIJTB
2529826175,2965747,3,pierna,terminal,-0.9257,-0.2164,-0.0328,32.4097,-39.7949,3.6011,t009,FIJTB
2529826176,2965764,3,pierna,terminal,-0.9208,-0.2095,0.0048,29.7241,-37.4146,3.7842,t009,FIJTB
2529826232,2965779,3,pierna,terminal,-0.9518,-0.2144,-0.0685,28.1982,-35.7666,3.9062,t009,FIJTB
2529826232,2965795,3,pierna,terminal,-0.9773,-0.1923,-0.1310,30.3345,-37.0483,2.8687,t009,FIJTB
2529826232,2965812,3,pierna,terminal,-0.9894,-0.1559,-0.2186,34.1797,-37.1704,2.8076,t009,FIJTB
2529826233,2965828,3,pierna,terminal,-0.9781,-0.1615,-0.2396,44.6777,-37.3535,3.7842,t009,FIJTB
2529826285,2965844,3,pierna,terminal,-0.9752,-0.1764,-0.2333,45.5322,-37.4146,3.1128,t009,FIJTB
2529826286,2965860,3,pierna,terminal,-0.9679,-0.1864,-0.1888,42.1143,-37.1704,1.0986,t009,FIJTB
2529826287,2965876,3,pierna,terminal,-0.9803,-0.1879,-0.1599,40.1001,-38.3911,-0.4883,t009,FIJTB
2529826342,2965892,3,pierna,terminal,-1.0217,-0.1906,-0.1097,40.4663,-38.3911,-2.3193,t009,FIJTB
2529826342,2965908,3,pierna,terminal,-1.0306,-0.2159,-0.0823,44.0674,-36.4990,-4.8218,t009,FIJTB
2529826343,2965924,3,pierna,terminal,-1.0405,-0.3156,-0.0243,46.2646,-35.5835,-4.2114,t009,FIJTB
2529826392,2965940,3,pierna,terminal,-1.0819,-0.4167,0.0421,50.2930,-34.2407,-2.4414,t009,FIJTB
2529826395,2965956,3,pierna,terminal,-1.1100,-0.4518,0.0635,47.1802,-30.4565,-2.7466,t009,FIJTB
2529826395,2965972,3,pierna,terminal,-1.1626,-0.4255,0.1138,39.3677,-27.3437,-5.6152,t009,FIJTB
2529826395,2965989,3,pierna,terminal,-1.1952,-0.3467,0.1615,16.6016,-13.9770,-21.2402,t009,FIJTB
2529826450,2966005,3,pierna,terminal,-1.2548,-0.0586,0.2690,4.6997,-4.7607,-32.4097,t009,FIJTB
2529826451,2966021,3,pierna,terminal,-1.2972,0.2916,0.3604,-6.7749,15.1367,-55.5420,t009,FIJTB
2529826451,2966037,3,pierna,terminal,-1.3031,0.3896,0.3550,36.6821,36.0718,-60.6689,t009,FIJTB
2529826501,2966053,3,pierna,terminal,-1.2231,0.3442,0.2914,69.5801,41.1377,-55.4199,t009,FIJTB
2529826502,2966068,3,pierna,swing,-1.1564,0.2247,0.2355,123.1689,48.6450,-34.4849,t009,FIJTB
2529826502,2966085,3,pierna,swing,-1.0551,0.0244,0.0447,132.3853,52.9785,-19.4702,t009,FIJTB
2529826506,2966101,3,pierna,swing,-0.9999,-0.1642,-0.1415,130.3101,69.2139,6.5308,t009,FIJTB
2529826561,2966117,3,pierna,swing,-1.0221,-0.2539,-0.1952,104.7974,86.1816,22.2168,t009,FIJTB
2529826562,2966133,3,pierna,swing,-1.1902,-0.3414,-0.2534,83.0078,91.0644,27.4048,t009,FIJTB
2529826562,2966149,3,pierna,swing,-1.3064,-0.3350,-0.2781,33.0200,99.9145,30.9448,t009,FIJTB
2529826601,2966165,3,pierna,swing,-1.4403,-0.2725,-0.3429,8.3008,107.2998,28.6255,t009,FIJTB
2529826615,2966181,3,pierna,swing,-1.3704,-0.1804,-0.4318,-30.8838,124.1455,23.0713,t009,FIJTB
2529826616,2966197,3,pierna,swing,-1.2836,-0.1392,-0.4517,-47.8516,131.4087,23.6206,t009,FIJTB
2529826649,2966213,3,pierna,swing,-1.1139,-0.0831,-0.4580,-50.0488,130.9204,25.2686,t009,FIJTB
2529826670,2966229,3,pierna,swing,-1.0585,-0.0638,-0.4362,-50.4761,126.4038,29.3579,t009,FIJTB
2529826670,2966245,3,pierna,swing,-1.0577,-0.0256,-0.3549,-49.0723,123.5351,31.6772,t009,FIJTB
2529826670,2966261,3,pierna,swing,-1.0833,-0.0002,-0.3207,-44.0063,118.7134,35.2783,t009,FIJTB
2529826720,2966277,3,pierna,swing,-1.0808,0.0292,-0.2977,-39.3066,113.5254,40.6494,t009,FIJTB
2529826722,2966293,3,pierna,swing,-0.9764,0.0046,-0.3154,-38.2690,110.1684,43.4570,t009,FIJTB
2529826723,2966309,3,pierna,swing,-0.9196,-0.0168,-0.3302,-38.8184,102.7832,44.1284,t009,FIJTB
2529826776,2966325,3,pierna,swing,-0.8120,-0.0275,-0.3562,-40.5273,98.9990,40.3442,t009,FIJTB
2529826776,2966341,3,pierna,swing,-0.7656,-0.0217,-0.3595,-49.9878,88.8061,28.3813,t009,FIJTB
2529826777,2966357,3,pierna,swing,-0.7349,-0.0009,-0.2988,-56.9458,83.8013,22.3999,t009,FIJTB
2529826825,2966373,3,pierna,swing,-0.7378,0.0538,-0.2114,-70.1904,80.3223,13.7939,t009,FIJTB
2529826827,2966389,3,pierna,swing,-0.7446,0.0792,-0.1554,-65.1855,79.3457,10.4370,t009,FIJTB
2529826828,2966405,3,pierna,swing,-0.7833,0.0533,0.0060,-55.1147,78.7964,10.6812,t009,FIJTB
2529826828,2966421,3,pierna,swing,-0.8073,0.0094,0.0997,-37.4756,77.9419,15.4419,t009,FIJTB
2529826882,2966437,3,pierna,swing,-0.8433,-0.0322,0.2668,-35.5835,78.4302,16.9067,t009,FIJTB
2529826882,2966453,3,pierna,swing,-0.8865,0.0104,0.4470,-32.4707,80.8716,14.7705,t009,FIJTB
2529826883,2966469,3,pierna,swing,-0.8923,0.0245,0.4823,-19.1040,80.2002,8.7891,t009,FIJTB
2529826932,2966484,3,pierna,swing,-0.7667,0.0461,0.4305,-13.3057,72.8760,5.0049,t009,FIJTB
2529826935,2966500,3,pierna,swing,-0.6819,0.0519,0.3767,-4.0283,41.8701,-0.3662,t009,FIJTB
2529826935,2966516,3,pierna,swing,-0.6156,0.0116,0.2994,-1.5259,24.2920,-1.0986,t009,FIJTB
2529826982,2966532,3,pierna,swing,-0.6899,-0.1519,0.2850,2.1362,1.1597,2.7466,t009,FIJTB
2529826989,2966548,3,pierna,swing,-0.7714,-0.2598,0.3021,5.7373,-7.6904,14.7705,t009,FIJTB
2529826990,2966564,3,pierna,swing,-0.9139,-0.4288,0.3452,6.5918,-8.1787,22.4609,t009,FIJTB
2529826991,2966580,3,pierna,swing,-0.9391,-0.5072,0.3884,1.4648,-1.5869,34.0576,t009,FIJTB
2529827040,2966596,3,pierna,swing,-0.8800,-0.4226,0.4104,-7.3242,3.4180,32.0435,t009,FIJTB
2529827042,2966611,3,pierna,swing,-0.8053,-0.2816,0.4336,-30.2734,11.7187,6.1035,t009,FIJTB
2529827042,2966627,3,pierna,swing,-0.8077,-0.0840,0.4972,-40.9546,12.0850,-5.6763,t009,FIJTB
2529827097,2966643,3,pierna,swing,-0.8928,-0.0454,0.5413,-52.4902,7.9956,-10.5591,t009,FIJTB
2529827098,2966660,3,pierna,swing,-0.8646,-0.0330,0.5455,-45.1660,-1.7090,-2.3804,t009,FIJTB
2529827098,2966676,3,pierna,swing,-0.7405,-0.0354,0.5250,-38.5132,-8.4229,2.5635,t009,FIJTB
2529827148,2966692,3,pierna,swing,-0.7063,-0.0564,0.5103,-29.0527,-21.1792,9.2773,t009,FIJTB
2529827149,2966708,3,pierna,loading,-0.6820,-0.1110,0.4744,-27.5269,-27.3437,12.4512,t009,FIJTB
2529827150,2966724,3,pierna,loading,-0.7377,-0.1222,0.4153,-30.5176,-40.0391,18.7988,t009,FIJTB
2529827150,2966740,3,pierna,loading,-0.7771,-0.1042,0.3654,-30.8838,-51.3916,19.4702,t009,FIJTB
2529827209,2966756,3,pierna,loading,-0.8312,-0.0081,0.3568,-28.9307,-57.1899,15.4419,t009,FIJTB
2529827210,2966772,3,pierna,loading,-0.9774,0.0491,0.5164,-15.2588,-60.4858,-0.8545,t009,FIJTB
2529827210,2966788,3,pierna,loading,-1.6149,0.0894,1.1375,0.4272,-51.2085,-11.7798,t009,FIJTB
2529827210,2966804,3,pierna,loading,-1.7111,-0.2609,0.9939,16.4795,-32.1045,-18.9209,t009,FIJTB
2529827262,2966820,3,pierna,loading,-1.3777,-0.2637,0.5303,-61.5845,-58.2275,-3.6011,t009,FIJTB
2529827263,2966836,3,pierna,loading,-0.7303,0.0033,-0.3296,-86.6089,-75.5615,5.9204,t009,FIJTB
2529827264,2966852,3,pierna,loading,-0.6794,0.0688,-0.4452,-60.3027,-89.9658,15.9302,t009,FIJTB
2529827320,2966868,3,pierna,loading,-0.8364,0.1140,-0.3756,-30.7007,-85.3882,15.6250,t009,FIJTB
2529827321,2966884,3,pierna,loading,-0.5273,0.0546,-0.3053,20.5688,-62.8662,36.9873,t009,FIJTB
2529827322,2966900,3,pierna,loading,-0.4403,-0.0065,-0.2593,48.8892,-63.4155,43.9453,t009,FIJTB
2529827373,2966916,3,pierna,loading,-0.9694,-0.0769,-0.1692,67.6270,-67.0776,33.3862,t009,FIJTB
2529827373,2966932,3,pierna,loading,-1.2096,-0.1914,-0.0706,85.0220,-61.7065,12.4512,t009,FIJTB
2529827375,2966948,3,pierna,loading,-1.2863,-0.4023,0.1719,70.1904,-56.6406,7.8735,t009,FIJTB
2529827375,2966964,3,pierna,loading,-1.1187,-0.4443,0.1685,12.6343,-52.0630,6.2256,t009,FIJTB
2529827433,2966981,3,pierna,loading,-0.9972,-0.4451,0.1305,-36.0718,-54.7485,1.5259,t009,FIJTB
2529827434,2966997,3,pierna,loading,-0.9379,-0.3546,0.0211,-50.5371,-55.4810,-2.1973,t009,FIJTB
2529827434,2967013,3,pierna,loading,-0.9537,-0.2781,-0.0228,-60.5469,-50.3540,-8.4229,t009,FIJTB
2529827486,2967029,3,pierna,loading,-0.9398,-0.1375,-0.0040,-59.1431,-45.8374,-8.9722,t009,FIJTB
2529827488,2967045,3,pierna,loading,-0.9724,0.0045,0.0707,-46.0815,-40.2222,-2.5024,t009,FIJTB
2529827489,2967062,3,pierna,loading,-0.9934,0.0548,0.0797,-12.5732,-38.3301,8.7891,t009,FIJTB
2529827489,2967077,3,pierna,loading,-0.9821,0.0740,0.0804,8.1787,-37.4146,12.1460,t009,FIJTB
2529827545,2967093,3,pierna,loading,-0.9775,0.0487,0.0736,44.0063,-36.4380,13.3057,t009,FIJTB
2529827546,2967109,3,pierna,loading,-0.9404,-0.0736,0.0356,54.2603,-35.8887,12.2070,t009,FIJTB
2529827547,2967125,3,pierna,loading,-0.8939,-0.1498,0.0197,59.9365,-37.8418,11.3525,t009,FIJTB
2529827547,2967141,3,pierna,loading,-0.9148,-0.1892,0.0228,63.4155,-41.6870,11.9629,t009,FIJTB
2529827598,2967157,3,pierna,loading,-0.9934,-0.2113,0.0254,61.7676,-40.8936,10.1318,t009,FIJTB
2529827599,2967173,3,pierna,midstance,-1.0233,-0.1888,0.0240,53.2837,-36.2549,4.2114,t009,FIJTB
2529827599,2967190,3,pierna,midstance,-1.0265,-0.1616,0.0322,48.4009,-34.8511,2.5024,t009,FIJTB
2529827661,2967205,3,pierna,midstance,-0.9781,-0.1746,0.0228,38.0859,-34.6680,2.3193,t009,FIJTB
2529827661,2967221,3,pierna,midstance,-0.9587,-0.1725,0.0096,28.0151,-33.3862,2.1362,t009,FIJTB
2529827661,2967238,3,pierna,midstance,-0.9323,-0.1365,-0.0198,24.2310,-32.8369,1.1597,t009,FIJTB
2529827662,2967254,3,pierna,midstance,-0.9274,-0.1277,-0.0236,20.9961,-32.5928,0.1831,t009,FIJTB
2529827714,2967270,3,pierna,midstance,-0.9331,-0.1552,-0.0138,20.8740,-33.0811,1.0376,t009,FIJTB
2529827716,2967286,3,pierna,midstance,-0.9702,-0.1556,-0.0239,19.2261,-36.2549,3.2349,t009,FIJTB
2529827716,2967302,3,pierna,midstance,-0.9852,-0.1278,-0.0270,16.6626,-36.8652,2.6855,t009,FIJTB
2529827773,2967318,3,pierna,midstance,-0.9707,-0.1025,-0.0454,19.2261,-35.9497,2.4414,t009,FIJTB
2529827774,2967334,3,pierna,midstance,-0.9526,-0.1265,-0.0717,33.2031,-35.5225,4.7607,t009,FIJTB
2529827774,2967350,3,pierna,midstance,-0.9484,-0.1779,-0.0900,39.6118,-35.6445,6.4087,t009,FIJTB
2529827774,2967366,3,pierna,midstance,-0.9369,-0.2107,0.0077,44.0063,-32.4707,7.2632,t009,FIJTB
2529827824,2967382,3,pierna,midstance,-0.9148,-0.2524,0.0530,40.7715,-26.4282,7.7515,t009,FIJTB
2529827827,2967398,3,pierna,midstance,-0.9214,-0.3466,0.0302,36.8652,-25.3906,8.2397,t009,FIJTB
2529827827,2967414,3,pierna,midstance,-0.9590,-0.3405,-0.0264,27.7100,-26.1841,6.2256,t009,FIJTB
2529827883,2967430,3,pierna,midstance,-0.9690,-0.2225,-0.1598,23.7427,-25.9399,3.7231,t009,FIJTB
2529827883,2967446,3,pierna,midstance,-0.9490,-0.1642,-0.2175,22.0337,-26.1230,-1.2207,t009,FIJTB
2529827884,2967462,3,pierna,midstance,-0.9299,-0.0917,-0.3036,24.6582,-28.6255,-3.0518,t009,FIJTB
2529827884,2967479,3,pierna,midstance,-0.9121,-0.0514,-0.3473,26.9165,-30.9448,-2.0142,t009,FIJTB
2529827937,2967495,3,pierna,midstance,-0.9131,-0.0295,-0.3384,34.7900,-36.2549,0.7324,t009,FIJTB
2529827938,2967511,3,pierna,midstance,-0.9453,-0.0219,-0.2585,38.7573,-37.2314,0.9766,t009,FIJTB
2529827938,2967527,3,pierna,midstance,-0.9769,-0.1045,-0.1986,48.1567,-37.5366,0.9155,t009,FIJTB
2529827994,2967543,3,pierna,midstance,-0.9773,-0.1541,-0.1986,54.5654,-38.3301,-0.4883,t009,FIJTB
2529827994,2967559,3,pierna,midstance,-0.9562,-0.1912,-0.2032,53.1006,-38.8794,-1.9531,t009,FIJTB
2529827995,2967575,3,pierna,midstance,-0.9435,-0.1913,-0.1858,44.6167,-38.8184,-4.7607,t009,FIJTB
2529828048,2967592,3,pierna,midstance,-0.9598,-0.1930,-0.1061,40.7715,-38.4521,-5.4932,t009,FIJTB
2529828049,2967608,3,pierna,midstance,-0.9784,-0.2126,-0.0665,35.3394,-38.6963,-6.2866,t009,FIJTB
2529828049,2967624,3,pierna,midstance,-0.9878,-0.2314,-0.0608,34.9121,-40.1611,-5.6152,t009,FIJTB
2529828049,2967640,3,pierna,midstance,-1.0299,-0.2574,-0.0170,36.6821,-39.9780,-5.0659,t009,FIJTB
2529828104,2967657,3,pierna,midstance,-1.0569,-0.2634,0.0226,42.3584,-35.7666,-5.0659,t009,FIJTB
2529828105,2967673,3,pierna,midstance,-1.0721,-0.3358,0.0107,44.0063,-33.9355,-5.4932,t009,FIJTB
2529828105,2967689,3,pierna,midstance,-1.0885,-0.3967,-0.0856,42.9687,-35.2173,-6.7139,t009,FIJTB
2529828126,2967705,3,pierna,midstance,-1.1439,-0.3225,-0.0981,22.3999,-36.9873,-16.4795,t009,FIJTB
2529828157,2967721,3,pierna,midstance,-1.2495,-0.1006,0.0114,13.2446,-32.7148,-23.1323,t009,FIJTB
2529828160,2967737,3,pierna,midstance,-1.2960,-0.0063,0.1194,10.5591,-12.5122,-34.8511,t009,FIJTB
2529828160,2967753,3,pierna,midstance,-1.3557,0.1580,0.3120,25.4517,6.8359,-39.1235,t009,FIJTB
2529828214,2967769,3,pierna,midstance,-1.2853,0.2773,0.3062,61.8896,42.6636,-44.9219,t009,FIJTB
2529828214,2967785,3,pierna,midstance,-1.1887,0.2605,0.2379,92.6514,62.8052,-37.1094,t009,FIJTB
2529828214,2967801,3,pierna,midstance,-1.0341,0.0273,0.0314,106.1401,68.7866,-29.0527,t009,FIJTB
2529828267,2967817,3,pierna,midstance,-0.9795,-0.1062,-0.0673,113.4033,77.3315,-6.4697,t009,FIJTB
2529828268,2967833,3,pierna,terminal,-0.9128,-0.2001,-0.1973,104.7363,78.3691,5.6763,t009,FIJTB
2529828269,2967849,3,pierna,terminal,-1.0448,-0.2446,-0.2272,73.6694,81.6040,20.5078,t009,FIJTB
2529828278,2967865,3,pierna,terminal,-1.1764,-0.2612,-0.2174,22.1558,92.7734,20.9351,t009,FIJTB
2529828324,2967881,3,pierna,terminal,-1.4050,-0.2268,-0.2485,-7.1411,101.1963,17.1509,t009,FIJTB
2529828324,2967897,3,pierna,terminal,-1.4458,-0.2085,-0.3217,-47.8516,110.9009,14.3433,t009,FIJTB
2529828324,2967913,3,pierna,terminal,-1.3954,-0.2051,-0.4650,-55.2978,111.7554,18.4326,t009,FIJTB
2529828375,2967929,3,pierna,terminal,-1.2670,-0.1378,-0.4456,-62.1948,119.2627,23.6206,t009,FIJTB
2529828376,2967945,3,pierna,terminal,-1.2133,-0.0913,-0.4155,-58.6548,125.3662,32.7148,t009,FIJTB
2529828376,2967961,3,pierna,terminal,-1.1658,-0.0187,-0.3846,-53.7109,125.0610,35.4614,t009,FIJTB
2529828433,2967977,3,pierna,terminal,-1.1395,0.0033,-0.3730,-41.9922,122.2534,32.2266,t009,FIJTB
2529828434,2967994,3,pierna,terminal,-1.0374,0.0739,-0.3873,-36.8042,119.6899,28.9917,t009,FIJTB
2529828434,2968010,3,pierna,terminal,-0.9459,0.0571,-0.4202,-22.2778,111.2671,24.1699,t009,FIJTB
2529828434,2968025,3,pierna,terminal,-0.9093,0.0127,-0.4338,-9.9487,100.9521,23.6206,t009,FIJTB
2529828486,2968042,3,pierna,terminal,-0.8522,-0.0656,-0.4252,-10.4370,97.2900,24.4751,t009,FIJTB
2529828486,2968058,3,pierna,terminal,-0.8301,-0.0654,-0.3929,-29.2969,94.9707,24.5972,t009,FIJTB
2529828486,2968074,3,pierna,terminal,-0.7408,-0.0079,-0.3258,-42.4194,95.9473,23.0103,t009,FIJTB
2529828540,2968090,3,pierna,terminal,-0.7200,-0.0128,-0.2031,-60.4858,96.0083,20.5078,t009,FIJTB
2529828541,2968106,3,pierna,terminal,-0.7391,-0.0326,-0.1179,-71.2891,92.1020,23.6816,t009,FIJTB
2529828541,2968122,3,pierna,terminal,-0.7957,-0.0283,0.0552,-75.7446,89.7217,24.9634,t009,FIJTB
2529828591,2968138,3,pierna,terminal,-0.8246,-0.0103,0.1227,-77.7588,85.3882,19.4702,t009,FIJTB
2529828593,2968154,3,pierna,terminal,-0.8453,0.0210,0.2512,-72.1436,84.2895,14.7095,t009,FIJTB
2529828593,2968170,3,pierna,terminal,-0.8462,0.0197,0.3259,-52.3071,81.1157,11.0474,t009,FIJTB
2529828594,2968185,3,pierna,terminal,-0.8469,0.0369,0.3262,-36.7432,69.3359,7.9346,t009,FIJTB
2529828648,2968201,3,pierna,terminal,-0.7877,0.1063,0.2639,-30.2734,58.7158,3.1738,t009,FIJTB
2529828649,2968217,3,pierna,terminal,-0.7396,0.1268,0.2543,-13.6108,34.4849,-5.6152,t009,FIJTB
2529828649,2968233,3,pierna,terminal,-0.7339,0.0753,0.2831,-2.8076,25.2686,-7.8735,t009,FIJTB
2529828699,2968249,3,pierna,swing,-0.7543,0.0024,0.2830,9.6436,15.5640,-6.5308,t009,FIJTB
2529828700,2968265,3,pierna,swing,-0.8264,-0.2235,0.3003,11.8408,13.7939,-0.1831,t009,FIJTB
2529828700,2968281,3,pierna,swing,-0.9135,-0.4404,0.3676,16.9067,14.7705,23.0103,t009,FIJTB
2529828703,2968297,3,pierna,swing,-0.9106,-0.4961,0.3844,19.2871,15.3809,33.6914,t009,FIJTB
2529828758,2968313,3,pierna,swing,-0.8228,-0.3776,0.4030,13.4277,14.5264,26.4893,t009,FIJTB
2529828759,2968329,3,pierna,swing,-0.8212,-0.2577,0.4380,-11.9629,13.0615,-1.4038,t009,FIJTB
2529828759,2968345,3,pierna,swing,-0.8634,-0.0780,0.5090,-24.7192,12.0850,-11.7798,t009,FIJTB
2529828810,2968361,3,pierna,swing,-0.8442,-0.0403,0.5378,-36.3159,9.0942,-17.2729,t009,FIJTB
2529828813,2968377,3,pierna,swing,-0.8254,-0.0367,0.5380,-34.2407,0.1221,-7.2021,t009,FIJTB
2529828814,2968393,3,pierna,swing,-0.7905,-0.0677,0.5244,-30.0903,-5.9814,-2.0752,t009,FIJTB
2529828814,2968409,3,pierna,swing,-0.7806,-0.0804,0.5051,-25.6958,-17.0288,0.9766,t009,FIJTB
2529828867,2968425,3,pierna,swing,-0.7506,-0.0785,0.4368,-26.3672,-20.9351,1.8311,t009,FIJTB
2529828867,2968441,3,pierna,swing,-0.7234,-0.1156,0.3690,-28.8086,-28.8696,9.1553,t009,FIJTB
2529828868,2968457,3,pierna,swing,-0.7275,-0.1337,0.3368,-29.2969,-39.3066,18.5547,t009,FIJTB
2529828917,2968473,3,pierna,swing,-0.7261,-0.1334,0.2598,-27.0996,-45.5933,20.5688,t009,FIJTB
2529828919,2968489,3,pierna,swing,-0.6959,-0.1166,0.2084,-18.9819,-66.7114,15.5029,t009,FIJTB
2529828920,2968505,3,pierna,swing,-0.6693,-0.0754,0.0275,-14.6484,-83.4351,9.8267,t009,FIJTB
2529828974,2968522,3,pierna,swing,-0.8491,0.0049,-0.2686,-12.1460,-119.9341,2.9297,t009,FIJTB
2529828974,2968538,3,pierna,swing,-1.1001,0.0675,-0.1007,-4.0894,-115.2344,1.6479,t009,FIJTB
2529828975,2968554,3,pierna,swing,-2.3220,-0.1680,1.1545,7.2632,-70.2515,1.5869,t009,FIJTB
2529828975,2968570,3,pierna,swing,-2.4335,-0.4030,1.1598,-18.6157,25.9399,7.6904,t009,FIJTB
2529829028,2968586,3,pierna,swing,-1.0026,-0.0995,0.4646,-84.7168,18.6157,3.2349,t009,FIJTB
2529829028,2968602,3,pierna,swing,-0.5851,0.7262,-0.1265,-176.6968,-64.5752,-10.4370,t009,FIJTB
2529829029,2968618,3,pierna,swing,-0.7458,0.8245,-0.3031,-73.8525,-92.4683,3.1128,t009,FIJTB
2529829084,2968634,3,pierna,swing,-0.8500,0.3585,-0.3661,-8.4229,-87.7685,7.9956,t009,FIJTB
2529829085,2968650,3,pierna,swing,-0.7432,0.0574,-0.3262,62.9272,-85.2661,37.5366,t009,FIJTB
2529829085,2968666,3,pierna,swing,-0.6450,-0.3047,-0.2096,80.5054,-84.8999,59.4482,t009,FIJTB
2529829137,2968682,3,pierna,swing,-1.0862,-0.3456,-0.0905,100.0366,-59.2651,59.4482,t009,FIJTB
2529829140,2968698,3,pierna,swing,-1.2032,-0.3011,-0.0542,103.2715,-33.0811,14.5264,t009,FIJTB
2529829141,2968714,3,pierna,swing,-1.0262,-0.3607,0.0869,94.0552,-32.1045,-3.1128,t009,FIJTB
2529829141,2968731,3,pierna,swing,-1.0580,-0.4417,0.1174,38.3911,-40.0391,-14.0991,t009,FIJTB
2529829198,2968747,3,pierna,swing,-1.1517,-0.5400,0.1450,6.7749,-37.2925,-10.9253,t009,FIJTB
2529829199,2968763,3,pierna,swing,-0.9200,-0.3578,0.0795,-29.2969,-31.7383,-6.7749,t009,FIJTB
2529829199,2968779,3,pierna,swing,-0.9008,-0.2097,0.0214,-30.1514,-34.6069,-7.3853,t009,FIJTB
2529829251,2968795,3,pierna,swing,-1.0017,-0.0729,-0.0240,-25.3906,-33.3862,-7.2632,t009,FIJTB
2529829252,2968811,3,pierna,swing,-0.9755,0.0023,-0.0469,-11.3525,-30.2124,-12.0850,t009,FIJTB
2529829254,2968827,3,pierna,swing,-0.9110,0.0990,-0.0826,2.9297,-32.2266,-7.5684,t009,FIJTB
2529829255,2968843,3,pierna,swing,-0.9679,0.0839,-0.0814,29.1748,-40.0391,11.9629,t009,FIJTB
2529829312,2968859,3,pierna,swing,-0.9930,0.0426,-0.0905,51.4526,-43.2739,20.1416,t009,FIJTB
2529829312,2968875,3,pierna,swing,-0.9830,-0.0548,-0.0991,60.5469,-42.5415,20.1416,t009,FIJTB
2529829313,2968892,3,pierna,swing,-0.9896,-0.1136,-0.0701,67.7490,-35.5225,15.1367,t009,FIJTB
2529829313,2968908,3,pierna,swing,-0.9845,-0.2227,0.0001,65.3687,-30.7007,10.8643,t009,FIJTB
2529829365,2968924,3,pierna,swing,-0.9674,-0.3069,0.0208,56.3965,-24.2310,2.7466,t009,FIJTB
2529829367,2968940,3,pierna,loading,-0.9857,-0.3146,0.0388,41.1987,-26.0010,2.1973,t009,FIJTB
2529829368,2968956,3,pierna,loading,-1.0095,-0.2144,0.0533,31.4941,-26.3672,5.1880,t009,FIJTB
2529829425,2968971,3,pierna,loading,-1.0198,-0.1741,0.0767,18.4326,-23.0713,10.6201,t009,FIJTB
2529829425,2968987,3,pierna,loading,-0.9972,-0.1335,0.1060,17.5781,-23.2544,10.4370,t009,FIJTB
2529829425,2969003,3,pierna,loading,-0.9772,-0.1052,0.0724,17.3950,-24.1699,8.1787,t009,FIJTB
2529829426,2969019,3,pierna,loading,-0.9233,-0.1310,0.0223,15.0757,-23.9868,9.1553,t009,FIJTB
2529829479,2969036,3,pierna,loading,-0.9539,-0.1920,-0.0009,12.1460,-23.8647,9.5825,t009,FIJTB
2529829481,2969052,3,pierna,loading,-0.9718,-0.2003,-0.0183,4.6387,-22.2778,8.9722,t009,FIJTB
2529829481,2969068,3,pierna,loading,-0.9706,-0.1956,-0.0299,4.8218,-21.4233,7.9346,t009,FIJTB
2529829537,2969084,3,pierna,loading,-0.9686,-0.1713,-0.0330,12.8174,-19.3481,4.5776,t009,FIJTB
2529829537,2969100,3,pierna,loading,-0.9751,-0.1505,-0.0394,20.6909,-18.7378,1.2817,t009,FIJTB
2529829537,2969116,3,pierna,loading,-0.9863,-0.1299,-0.0869,23.3765,-19.2871,1.3428,t009,FIJTB
2529829538,2969132,3,pierna,loading,-0.9773,-0.1171,-0.1144,24.4751,-21.1792,3.2349,t009,FIJTB
2529829589,2969148,3,pierna,loading,-0.9351,-0.1154,-0.1473,23.4375,-22.9492,4.1504,t009,FIJTB
2529829590,2969164,3,pierna,loading,-0.9274,-0.1412,-0.1462,21.6064,-26.4893,5.7983,t009,FIJTB
2529829592,2969180,3,pierna,loading,-0.9424,-0.2051,-0.1249,16.9678,-26.3062,6.5308,t009,FIJTB
2529829648,2969196,3,pierna,loading,-0.9382,-0.1808,-0.1122,12.9395,-24.9023,5.8594,t009,FIJTB
2529829649,2969212,3,pierna,loading,-0.9209,-0.1693,-0.1060,7.3853,-22.4609,4.6387,t009,FIJTB
2529829649,2969229,3,pierna,loading,-0.9562,-0.2080,-0.1058,8.3008,-22.0947,5.4321,t009,FIJTB
2529829665,2969245,3,pierna,loading,-0.9501,-0.1903,-0.1504,11.6577,-19.0430,7.2021,t009,FIJTB
2529829703,2969261,3,pierna,loading,-0.9503,-0.1667,-0.1791,16.4185,-18.1274,5.9204,t009,FIJTB
2529829704,2969277,3,pierna,loading,-0.9474,-0.0951,-0.1952,19.4702,-18.8599,5.3711,t009,FIJTB
2529829705,2969293,3,pierna,loading,-0.9656,-0.0767,-0.1752,25.3296,-21.0571,2.4414,t009,FIJTB
2529829760,2969309,3,pierna,loading,-0.9839,-0.0508,-0.1752,26.3062,-20.9351,2.0752,t009,FIJTB
2529829761,2969325,3,pierna,loading,-0.9486,-0.0759,-0.1750,26.7334,-20.3857,3.7231,t009,FIJTB
2529829761,2969341,3,pierna,loading,-0.9305,-0.0917,-0.1892,31.4941,-22.4609,6.2256,t009,FIJTB
2529829813,2969357,3,pierna,loading,-0.8951,-0.1243,-0.2499,35.0952,-23.9258,7.5684,t009,FIJTB
2529829815,2969373,3,pierna,loading,-0.8883,-0.1517,-0.2758,40.5884,-29.6020,9.8267,t009,FIJTB
2529829816,2969389,3,pierna,loading,-0.9260,-0.2078,-0.2977,40.8325,-33.1421,9.8267,t009,FIJTB
2529829816,2969405,3,pierna,loading,-0.9453,-0.2139,-0.2910,33.3862,-37.7808,6.2866,t009,FIJTB
2529829872,2969421,3,pierna,loading,-0.9799,-0.2013,-0.2434,27.5879,-38.4521,2.8076,t009,FIJTB
2529829872,2969437,3,pierna,loading,-1.0251,-0.2147,-0.2019,21.7285,-37.8418,-2.6855,t009,FIJTB
2529829873,2969453,3,pierna,loading,-1.0341,-0.2390,-0.1732,18.8599,-35.4614,-4.6387,t009,FIJTB
2529829925,2969470,3,pierna,loading,-1.0249,-0.2672,-0.1045,17.6392,-35.0342,-5.5542,t009,FIJTB
2529829927,2969486,3,pierna,loading,-1.0389,-0.2534,-0.0660,18.6157,-34.9121,-7.6294,t009,FIJTB
2529829927,2969502,3,pierna,loading,-1.0570,-0.2372,-0.0067,23.4985,-25.8789,-9.6436,t009,FIJTB
2529829928,2969518,3,pierna,loading,-1.0686,-0.2346,0.0768,22.7051,-20.2637,-10.5591,t009,FIJTB
2529829982,2969534,3,pierna,loading,-1.0764,-0.2076,0.1208,23.8647,-8.9722,-15.3809,t009,FIJTB
2529829982,2969550,3,pierna,loading,-1.1632,-0.0647,0.1930,26.2451,-4.3945,-18.9209,t009,FIJTB
2529829983,2969566,3,pierna,loading,-1.1936,0.1462,0.2095,31.8603,12.3901,-24.5361,t009,FIJTB
2529830033,2969582,3,pierna,loading,-1.1606,0.2466,0.2112,30.6396,21.6064,-28.4424,t009,FIJTB
2529830036,2969598,3,pierna,loading,-1.0854,0.2832,0.1873,60.9131,39.6118,-30.6396,t009,FIJTB
2529830037,2969614,3,pierna,loading,-1.0604,0.2362,0.1597,103.8818,52.1240,-21.3623,t009,FIJTB
2529830037,2969630,3,pierna,loading,-0.9910,0.1174,0.0743,114.8071,58.5937,-19.1040,t009,FIJTB
2529830090,2969646,3,pierna,loading,-0.9722,0.0359,0.0106,122.9858,68.0542,-17.0288,t009,FIJTB
2529830091,2969662,3,pierna,loading,-0.9724,-0.1289,-0.1548,121.7041,68.1763,-13.5498,t009,FIJTB
2529830091,2969678,3,pierna,loading,-1.0516,-0.2405,-0.3298,107.7881,64.9414,-2.7466,t009,FIJTB
2529830143,2969694,3,pierna,loading,-1.1224,-0.2968,-0.3855,73.7305,71.1670,6.6528,t009,FIJTB
2529830144,2969710,3,pierna,loading,-1.2627,-0.3899,-0.4296,49.2554,76.4771,9.0942,t009,FIJTB
2529830144,2969726,3,pierna,loading,-1.2924,-0.4031,-0.4380,-6.4087,84.4116,9.3994,t009,FIJTB
2529830197,2969742,3,pierna,loading,-1.2604,-0.3718,-0.5031,-32.6538,85.2661,9.2163,t009,FIJTB
2529830197,2969758,3,pierna,loading,-1.1796,-0.2325,-0.5449,-70.1904,84.2895,11.6577,t009,FIJTB
2529830198,2969774,3,pierna,loading,-1.1381,-0.1625,-0.5643,-82.5806,84.8389,14.4043,t009,FIJTB
2529830198,2969790,3,pierna,loading,-1.0957,0.0016,-0.5194,-85.5102,86.3647,13.3667,t009,FIJTB
2529830249,2969806,3,pierna,loading,-1.0836,0.0839,-0.4772,-72.6929,90.8203,8.0566,t009,FIJTB
2529830250,2969822,3,pierna,loading,-1.0311,0.1403,-0.4357,-56.5186,89.5386,6.7749,t009,FIJTB
2529830250,2969838,3,pierna,loading,-0.9349,0.0663,-0.4386,-25.3906,80.3833,10.2539,t009,FIJTB
2529830305,2969854,3,pierna,loading,-0.8976,0.0460,-0.4315,-15.2588,72.8760,16.8457,t009,FIJTB
2529830305,2969870,3,pierna,loading,-0.8540,0.0297,-0.4165,-13.7329,69.8242,18.4326,t009,FIJTB
2529830305,2969887,3,pierna,loading,-0.8262,0.0244,-0.4236,-11.7798,60.7300,19.2261,t009,FIJTB
2529830356,2969902,3,pierna,loading,-0.7722,0.0135,-0.4177,-10.7422,54.6875,20.2026,t009,FIJTB
2529830358,2969919,3,pierna,loading,-0.7913,-0.0049,-0.3615,-12.7563,43.7622,21.0571,t009,FIJTB
2529830358,2969935,3,pierna,loading,-0.8138,0.0115,-0.3239,-17.4561,36.4990,11.1084,t009,FIJTB
2529830359,2969951,3,pierna,loading,-0.7948,0.0250,-0.2476,-20.5078,33.9355,5.6152,t009,FIJTB
2529830413,2969967,3,pierna,loading,-0.7671,-0.0028,-0.2025,-32.4097,26.3672,2.8687,t009,FIJTB
2529830413,2969983,3,pierna,loading,-0.7671,-0.0714,-0.0822,-41.7480,21.7285,3.7231,t009,FIJTB
2529830414,2969999,3,pierna,loading,-0.8872,-0.1050,0.0601,-57.3120,13.2446,6.5308,t009,FIJTB
2529830466,2970015,3,pierna,loading,-0.9229,-0.0970,0.0914,-62.0728,4.3335,4.9438,t009,FIJTB
2529830469,2970031,3,pierna,loading,-0.9191,-0.0422,0.1561,-58.4106,-1.4038,2.0142,t009,FIJTB
2529830470,2970047,3,pierna,loading,-0.9152,-0.0111,0.2231,-38.3301,-13.7939,-1.5869,t009,FIJTB
2529830470,2970063,3,pierna,loading,-0.8912,-0.0028,0.2070,-27.8931,-23.4985,-3.2349,t009,FIJTB
2529830524,2970079,3,pierna,loading,-0.9819,-0.0164,0.1212,-16.9067,-34.4238,-4.4556,t009,FIJTB
2529830524,2970095,3,pierna,loading,-0.9875,-0.0043,0.0760,-11.1694,-27.7100,0.7935,t009,FIJTB
2529830524,2970112,3,pierna,loading,-0.9128,-0.0823,-0.1271,-3.6011,-30.8228,7.6294,t009,FIJTB
2529830576,2970128,3,pierna,loading,-0.9624,-0.1163,-0.1559,13.4277,-45.2881,16.8457,t009,FIJTB
2529830577,2970144,3,pierna,loading,-1.1761,-0.1472,0.0592,17.8833,-42.9687,15.6860,t009,FIJTB
2529830578,2970160,3,pierna,loading,-1.2596,-0.2703,0.3857,8.9722,-12.3291,15.6860,t009,FIJTB
2529830631,2970176,3,pierna,loading,-1.2448,-0.2990,0.4446,-26.1841,15.3198,17.8223,t009,FIJTB
2529830632,2970192,3,pierna,loading,-1.0942,-0.1027,0.3638,-40.5884,18.3105,12.3901,t009,FIJTB
2529830632,2970208,3,pierna,loading,-1.0039,0.0166,0.3229,-36.9873,13.7329,-1.5869,t009,FIJTB
2529830632,2970224,3,pierna,loading,-0.9722,0.0867,0.3503,-26.1230,13.6108,-4.7607,t009,FIJTB
2529830683,2970240,3,pierna,loading,-1.0233,0.0669,0.3743,-13.3667,17.9443,-3.9673,t009,FIJTB
2529830685,2970256,3,pierna,loading,-1.0313,0.0752,0.3574,-10.0098,19.8975,0.1221,t009,FIJTB
2529830686,2970272,3,pierna,loading,-1.0492,0.1075,0.3082,-4.2725,20.1416,2.6855,t009,FIJTB
2529830741,2970287,3,pierna,loading,-1.0811,0.0868,0.2780,16.5405,20.8130,12.3901,t009,FIJTB
2529830742,2970303,3,pierna,loading,-1.1694,-0.0173,0.2408,24.2310,24.2310,17.9443,t009,FIJTB
2529830742,2970319,3,pierna,loading,-1.1870,-0.0547,0.2408,22.0947,38.6963,21.8506,t009,FIJTB
2529830742,2970335,3,pierna,loading,-1.1490,-0.0465,0.2535,15.1978,46.3867,19.0430,t009,FIJTB
2529830794,2970351,3,pierna,loading,-1.0635,0.0170,0.2397,1.7700,56.0303,8.9111,t009,FIJTB
2529830794,2970367,3,pierna,loading,-1.0103,0.0402,0.2245,-3.5400,60.3638,0.5493,t009,FIJTB
2529830794,2970383,3,pierna,loading,-0.9230,0.0486,0.2025,-2.8076,61.7676,-2.5024,t009,FIJTB
2529830849,2970399,3,pierna,loading,-0.9023,0.0396,0.2008,1.6479,63.3545,-7.0801,t009,FIJTB
2529830850,2970415,3,pierna,loading,-0.8916,0.0206,0.2057,2.2583,63.7207,-8.7280,t009,FIJTB
2529830851,2970431,3,pierna,loading,-0.8652,0.0806,0.2096,-2.3193,64.5142,-13.4888,t009,FIJTB
2529830900,2970447,3,pierna,loading,-0.8480,0.1199,0.2094,-3.1738,63.4766,-21.9727,t009,FIJTB
2529830902,2970463,3,pierna,loading,-0.8146,0.1259,0.2157,-0.5493,61.9507,-26.1230,t009,FIJTB
2529830903,2970479,3,pierna,loading,-0.8000,0.1002,0.2190,2.9907,57.4341,-32.8369,t009,FIJTB
2529830903,2970495,3,pierna,loading,-0.7769,0.0459,0.2313,2.3804,54.5654,-35.8887,t009,FIJTB
2529830959,2970511,3,pierna,loading,-0.7772,0.0198,0.2390,0.4883,47.2412,-41.6260,t009,FIJTB
2529830959,2970526,3,pierna,loading,-0.7867,0.0039,0.2390,3.8452,38.0249,-44.6167,t009,FIJTB
2529830960,2970542,3,pierna,loading,-0.8086,-0.0370,0.2672,5.4932,33.2031,-45.0439,t009,FIJTB
2529831010,2970559,3,pierna,loading,-0.8170,-0.0415,0.3015,8.6670,28.0762,-45.2270,t009,FIJTB
2529831012,2970575,3,pierna,loading,-0.8027,-0.0264,0.3661,12.4512,27.3437,-45.4102,t009,FIJTB
2529831013,2970591,3,pierna,loading,-0.7938,-0.0197,0.3926,25.8789,22.5220,-46.2646,t009,FIJTB
2529831013,2970607,3,pierna,loading,-0.7866,-0.0177,0.4521,33.5083,18.3105,-46.5698,t009,FIJTB
2529831066,2970623,3,pierna,loading,-0.7487,-0.0093,0.5195,52.9175,12.5122,-45.8984,t009,FIJTB
2529831067,2970639,3,pierna,loading,-0.7228,-0.0234,0.5133,74.7681,10.3149,-44.9219,t009,FIJTB
2529831067,2970655,3,pierna,loading,-0.8048,-0.0256,0.4927,94.6045,4.0894,-41.4429,t009,FIJTB
2529831118,2970671,3,pierna,loading,-0.7769,0.0094,0.4854,132.5073,-12.2070,-39.1846,t009,FIJTB
2529831119,2970687,3,pierna,loading,-0.7133,0.1084,0.5227,150.5737,-18.8599,-42.3584,t009,FIJTB
2529831120,2970703,3,pierna,loading,-0.6715,0.1110,0.4619,174.9267,-27.2827,-41.7480,t009,FIJTB
2529831155,2970719,3,pierna,loading,-0.6378,0.0100,0.3771,180.2368,-54.1382,-22.5220,t009,FIJTB
2529831174,2970735,3,pierna,loading,-0.7247,-0.2538,0.0881,165.9546,-71.3501,-10.5591,t009,FIJTB
2529831174,2970751,3,pierna,loading,-0.9161,-0.2765,0.0067,117.7978,-87.4023,1.0376,t009,FIJTB
2529831175,2970767,3,pierna,loading,-1.5321,-0.0958,0.4285,90.5151,-71.7773,-1.3428,t009,FIJTB
2529831224,2970783,3,pierna,loading,-1.5579,-0.2506,0.6915,37.3535,-3.4180,6.5308,t009,FIJTB
2529831226,2970799,3,pierna,loading,-1.2301,-0.3868,0.5431,-37.7197,-3.1738,31.4331,t009,FIJTB
2529831227,2970815,3,pierna,loading,-0.7003,-0.3649,-0.0627,-82.8247,-25.8179,31.4331,t009,FIJTB
2529831281,2970831,3,pierna,loading,-0.5336,-0.1715,-0.3856,-101.0742,-73.8525,14.8315,t009,FIJTB
2529831281,2970847,3,pierna,loading,-0.8850,0.2653,-0.6600,-69.1528,-87.8906,7.0190,t009,FIJTB
2529831282,2970863,3,pierna,loading,-1.2998,0.2627,-0.4869,13.0005,-82.7637,13.3057,t009,FIJTB
2529831332,2970879,3,pierna,loading,-1.2004,0.0450,-0.3285,59.7534,-61.6455,36.9263,t009,FIJTB
2529831334,2970895,3,pierna,loading,-1.2679,-0.2992,-0.0269,66.8335,-57.4341,35.7666,t009,FIJTB
2529831334,2970911,3,pierna,loading,-1.3354,-0.2345,0.1022,38.1470,-42.2974,21.2402,t009,FIJTB
2529831335,2970927,3,pierna,loading,-0.9990,0.0079,0.2126,15.9302,-34.9731,13.8550,t009,FIJTB
2529831391,2970943,3,pierna,loading,-0.8541,0.0011,0.1848,-5.6763,-38.6353,11.2915,t009,FIJTB
2529831391,2970959,3,pierna,loading,-0.8638,-0.0515,0.1212,-1.1597,-47.1191,14.7705,t009,FIJTB
2529831391,2970975,3,pierna,loading,-0.8958,-0.1061,-0.0173,7.2632,-48.6450,16.1743,t009,FIJTB
2529831443,2970991,3,pierna,loading,-0.9531,-0.1399,-0.0424,32.8369,-50.4150,16.4795,t009,FIJTB
2529831444,2971007,3,pierna,loading,-1.0814,-0.2271,-0.0089,42.6636,-49.0112,14.7095,t009,FIJTB
2529831446,2971024,3,pierna,loading,-1.1013,-0.1854,0.0062,41.5039,-41.3208,11.1694,t009,FIJTB
2529831446,2971040,3,pierna,loading,-1.0698,-0.1174,-0.0114,30.1514,-35.5225,12.2070,t009,FIJTB
2529831501,2971056,3,pierna,loading,-0.9839,0.0248,-0.0289,31.6162,-35.0342,13.5498,t009,FIJTB
2529831501,2971072,3,pierna,loading,-0.9449,0.0776,-0.0360,54.1992,-37.1704,17.1509,t009,FIJTB
2529831502,2971088,3,pierna,loading,-0.9163,0.0839,-0.0464,72.9370,-38.6963,19.7144,t009,FIJTB
2529831555,2971104,3,pierna,loading,-0.9099,-0.0474,-0.0580,108.8867,-40.1001,21.7895,t009,FIJTB
2529831556,2971120,3,pierna,loading,-0.9330,-0.1405,-0.0681,131.4087,-39.6118,21.1792,t009,FIJTB
2529831556,2971136,3,pierna,loading,-1.0140,-0.3229,-0.0898,135.0708,-38.8794,22.3999,t009,FIJTB
2529831575,2971152,3,pierna,loading,-1.0345,-0.3784,-0.0791,124.1455,-35.7666,21.9727,t009,FIJTB
2529831610,2971168,3,pierna,loading,-1.0377,-0.3936,-0.0081,112.0605,-32.8979,19.4702,t009,FIJTB
2529831611,2971184,3,pierna,loading,-0.9971,-0.2959,0.0298,81.3599,-24.2920,12.7563,t009,FIJTB
2529831611,2971200,3,pierna,loading,-0.9825,-0.2332,0.0311,60.5469,-18.9819,9.5825,t009,FIJTB
2529831661,2971216,3,pierna,loading,-0.9473,-0.1145,-0.0107,58.2275,-18.9209,8.0566,t009,FIJTB
2529831663,2971232,3,pierna,loading,-0.9554,-0.0695,-0.0433,70.7397,-19.5923,10.0098,t009,FIJTB
2529831664,2971248,3,pierna,loading,-0.9686,-0.0477,-0.0629,81.2378,-18.4326,12.8174,t009,FIJTB
2529831717,2971264,3,pierna,loading,-0.9357,-0.0618,-0.0529,102.1728,-16.0522,17.3340,t009,FIJTB
2529831717,2971280,3,pierna,loading,-0.9077,-0.1134,-0.0143,122.4365,-16.5405,22.4609,t009,FIJTB
2529831718,2971296,3,pierna,loading,-1.0045,-0.1672,-0.0891,126.4038,-11.9019,23.8037,t009,FIJTB
2529831718,2971312,3,pierna,loading,-1.0206,-0.1703,-0.1201,130.1270,-2.8076,19.7144,t009,FIJTB
2529831768,2971328,3,pierna,loading,-0.9481,-0.2437,-0.0948,130.4932,0.2441,16.7847,t009,FIJTB
2529831769,2971344,3,pierna,loading,-0.9331,-0.2849,-0.0864,125.9155,5.7983,17.0288,t009,FIJTB
2529831770,2971360,3,pierna,loading,-0.8887,-0.3430,-0.0973,120.4834,6.2866,17.2729,t009,FIJTB
2529831823,2971376,3,pierna,loading,-0.9547,-0.3197,-0.0448,111.3281,2.7466,16.5405,t009,FIJTB
2529831823,2971392,3,pierna,loading,-0.9939,-0.2648,-0.0508,107.7881,0.6104,15.1978,t009,FIJTB
2529831823,2971408,3,pierna,loading,-0.9561,-0.1959,-0.0720,111.3892,-2.1973,14.3433,t009,FIJTB
2529831873,2971424,3,pierna,loading,-0.9572,-0.2074,-0.0790,120.6665,-4.2725,12.6953,t009,FIJTB
2529831875,2971440,3,pierna,loading,-0.9443,-0.2611,-0.0847,121.6431,-2.8076,12.3291,t009,FIJTB
2529831875,2971456,3,pierna,loading,-0.9443,-0.3408,-0.1047,121.4600,-3.2959,11.8408,t009,FIJTB
2529831928,2971472,3,pierna,loading,-1.0081,-0.3906,-0.1168,117.6758,-9.7656,7.9346,t009,FIJTB
2529831928,2971488,3,pierna,loading,-1.2322,-0.3768,-0.0751,108.8257,-9.3994,3.8452,t009,FIJTB
2529831929,2971505,3,pierna,loading,-1.3110,-0.3025,-0.0497,75.3784,2.1362,-8.9111,t009,FIJTB
2529831929,2971521,3,pierna,loading,-1.1053,-0.1074,-0.0518,57.1899,8.9722,-13.3057,t009,FIJTB
2529831978,2971537,3,pierna,loading,-0.9548,0.1150,0.0204,41.5649,17.0288,-13.7329,t009,FIJTB
2529831981,2971552,3,pierna,loading,-0.9956,0.1659,0.0781,73.8525,28.0762,-8.3618,t009,FIJTB
2529831981,2971568,3,pierna,loading,-1.1155,0.1700,0.2108,95.7642,38.5132,-7.5073,t009,FIJTB
2529832034,2971584,3,pierna,loading,-1.1631,0.1689,0.2838,127.1362,68.3594,-17.9443,t009,FIJTB
2529832034,2971600,3,pierna,loading,-1.2253,0.3134,0.4154,136.5967,85.0830,-29.7852,t009,FIJTB
2529832035,2971616,3,pierna,loading,-1.1670,0.6127,0.3126,148.4985,108.7646,-60.5469,t009,FIJTB
2529832083,2971632,3,pierna,loading,-1.1307,0.6985,0.1782,158.9355,110.7178,-70.1904,t009,FIJTB
2529832085,2971647,3,pierna,loading,-1.1318,0.6420,-0.0911,192.3828,101.8066,-67.3218,t009,FIJTB
2529832086,2971664,3,pierna,loading,-1.1738,0.5851,-0.2322,232.2388,88.1958,-45.3491,t009,FIJTB
2529832086,2971680,3,pierna,loading,-1.2782,0.3606,-0.5356,251.7700,80.6885,-28.7476,t009,FIJTB
2529832139,2971696,3,pierna,loading,-1.3252,0.1886,-0.6741,273.2544,70.3125,16.2964,t009,FIJTB
2529832140,2971712,3,pierna,loading,-1.2976,-0.0842,-0.6805,267.0288,71.8384,37.1094,t009,FIJTB
2529832140,2971728,3,pierna,loading,-1.1539,-0.0834,-0.5168,211.3647,93.0786,56.7627,t009,FIJTB
2529832189,2971744,3,pierna,loading,-1.1338,-0.0559,-0.4833,147.1558,108.5815,43.2129,t009,FIJTB
2529832191,2971760,3,pierna,loading,-1.1410,0.0419,-0.4474,118.8965,109.0088,30.0903,t009,FIJTB
2529832192,2971776,3,pierna,loading,-1.1152,0.1274,-0.3840,82.5806,109.1309,-1.7090,t009,FIJTB
2529832245,2971792,3,pierna,loading,-0.9965,0.2240,-0.2924,79.1016,107.6050,-15.3809,t009,FIJTB
2529832246,2971808,3,pierna,loading,-0.8474,0.2214,-0.3073,84.8999,94.9707,-29.4189,t009,FIJTB
2529832246,2971824,3,pierna,loading,-0.7743,0.1818,-0.3214,95.3979,79.5288,-29.1138,t009,FIJTB
2529832246,2971840,3,pierna,loading,-0.6931,0.0541,-0.3214,98.9990,73.1201,-27.6489,t009,FIJTB
2529832295,2971856,3,pierna,loading,-0.6866,0.0083,-0.3134,97.1069,61.4014,-24.6582,t009,FIJTB
2529832298,2971872,3,pierna,loading,-0.6843,0.0127,-0.2777,91.1865,56.5186,-22.3999,t009,FIJTB
2529832298,2971888,3,pierna,loading,-0.7502,0.0481,-0.2079,82.7637,46.8140,-19.8364,t009,FIJTB
2529832351,2971904,3,pierna,loading,-0.7722,0.0562,-0.1653,80.5664,37.8418,-21.8506,t009,FIJTB
2529832352,2971920,3,pierna,loading,-0.7271,0.0637,-0.0919,83.0078,32.5317,-21.7895,t009,FIJTB
2529832352,2971936,3,pierna,loading,-0.7446,0.0375,-0.0447,96.6186,22.2778,-16.1133,t009,FIJTB
2529832401,2971952,3,pierna,loading,-0.8459,-0.1179,0.0774,104.4922,18.7378,-11.3525,t009,FIJTB
2529832402,2971968,3,pierna,loading,-1.0206,-0.2836,0.2389,114.3799,16.5405,-3.5400,t009,FIJTB
2529832404,2971984,3,pierna,loading,-1.0890,-0.3359,0.2968,116.7602,28.6255,-1.5869,t009,FIJTB
2529832405,2972000,3,pierna,loading,-1.0565,-0.3550,0.3564,115.9058,37.8418,-2.5024,t009,FIJTB
2529832457,2972016,3,pierna,loading,-0.9434,-0.3623,0.3962,114.3188,40.4663,-3.8452,t009,FIJTB
2529832457,2972032,3,pierna,loading,-0.8212,-0.3817,0.4795,112.7930,33.2031,-4.4556,t009,FIJTB
2529832458,2972048,3,pierna,loading,-0.8149,-0.3671,0.4972,95.6421,16.7236,-12.0239,t009,FIJTB
2529832507,2972064,3,pierna,loading,-0.7639,-0.2830,0.4414,83.2519,8.9111,-18.4326,t009,FIJTB
2529832509,2972079,3,pierna,loading,-0.7540,-0.2733,0.4100,72.2656,-5.7983,-23.1323,t009,FIJTB
2529832509,2972096,3,pierna,loading,-0.7521,-0.3048,0.3861,49.0112,-18.8599,-13.2446,t009,FIJTB
2529832562,2972112,3,pierna,loading,-0.7235,-0.3181,0.3406,31.9824,-26.1230,-7.2632,t009,FIJTB
2529832563,2972128,3,pierna,loading,-0.7203,-0.2872,0.3378,0.2441,-39.6729,-2.3804,t009,FIJTB
2529832563,2972144,3,pierna,loading,-0.7296,-0.2261,0.3810,-10.3760,-46.3257,-1.9531,t009,FIJTB
2529832612,2972160,3,pierna,loading,-0.6694,-0.1774,0.3356,-14.9536,-62.7441,-4.0283,t009,FIJTB
2529832614,2972176,3,pierna,loading,-0.6569,-0.1073,0.1622,-9.3384,-82.7637,-13.3057,t009,FIJTB
2529832616,2972193,3,pierna,loading,-0.9414,-0.0134,0.1406,1.1597,-83.7402,-12.5732,t009,FIJTB
2529832616,2972209,3,pierna,loading,-1.7694,-0.4026,0.6775,43.1519,-50.1709,-2.0142,t009,FIJTB
2529832669,2972225,3,pierna,loading,-1.9966,-0.5610,0.6476,33.8135,-11.8408,13.9770,t009,FIJTB
2529832669,2972241,3,pierna,loading,-1.4063,-0.1718,0.3364,-14.0381,-0.2441,11.0474,t009,FIJTB
2529832669,2972257,3,pierna,loading,-0.9003,0.1881,0.1606,-77.8198,-10.0708,-10.1318,t009,FIJTB
2529832719,2972273,3,pierna,loading,-0.6064,0.3978,-0.0898,-64.6362,-23.0713,-11.6577,t009,FIJTB
2529832720,2972289,3,pierna,loading,-0.8976,0.1327,-0.1445,-11.4136,-41.1377,4.2114,t009,FIJTB
2529832721,2972305,3,pierna,loading,-0.9308,-0.0131,-0.1622,27.5269,-40.0391,25.7568,t009,FIJTB
2529832776,2972321,3,pierna,loading,-0.8372,-0.0811,-0.1621,43.7012,-38.3301,30.2734,t009,FIJTB
2529832776,2972337,3,pierna,loading,-0.9137,-0.0687,-0.1631,71.4111,-32.0435,22.3999,t009,FIJTB
2529832777,2972353,3,pierna,loading,-1.1570,-0.2260,-0.0890,76.5381,-24.6582,13.4277,t009,FIJTB
2529832777,2972369,3,pierna,loading,-1.2106,-0.3646,-0.0149,49.2554,-13.1836,-5.2490,t009,FIJTB
2529832828,2972385,3,pierna,loading,-1.1250,-0.4156,0.0563,-13.0615,-10.4980,-16.2354,t009,FIJTB
2529832829,2972401,3,pierna,loading,-0.9381,-0.2408,0.0874,-38.8794,-9.5825,-18.3716,t009,FIJTB
2529832830,2972417,3,pierna,loading,-0.8945,-0.1429,0.0691,-56.3354,-10.4980,-12.2070,t009,FIJTB
2529832884,2972434,3,pierna,loading,-0.9493,-0.0107,0.0486,-47.4853,-12.3901,-5.5542,t009,FIJTB
2529832884,2972450,3,pierna,loading,-1.0212,0.0260,0.0662,-14.4043,-14.2212,1.5259,t009,FIJTB
2529832885,2972466,3,pierna,loading,-1.0441,0.0206,0.0668,19.1650,-14.9536,3.0518,t009,FIJTB
2529832939,2972481,3,pierna,loading,-1.0338,-0.0481,0.0396,32.3486,-14.5874,4.2114,t009,FIJTB
2529832939,2972498,3,pierna,loading,-1.0073,-0.0940,0.0275,45.8984,-13.1836,4.8828,t009,FIJTB
2529832940,2972514,3,pierna,loading,-0.9572,-0.1495,0.0311,46.3257,-13.0615,2.9907,t009,FIJTB
2529832940,2972530,3,pierna,loading,-0.9442,-0.1697,0.0316,40.2832,-13.4277,-2.9907,t009,FIJTB
2529832997,2972546,3,pierna,loading,-0.9436,-0.2010,0.0342,36.1328,-13.4888,-5.4932,t009,FIJTB
2529832998,2972562,3,pierna,loading,-0.9393,-0.1604,0.0570,27.7100,-12.9395,-8.7280,t009,FIJTB
2529832998,2972578,3,pierna,loading,-0.9473,-0.1216,0.0663,24.5361,-13.1226,-7.6294,t009,FIJTB
2529833021,2972594,3,pierna,loading,-1.0137,-0.0464,0.0963,26.1230,-13.2446,-5.7983,t009,FIJTB
2529833048,2972610,3,pierna,loading,-1.0448,-0.0162,0.1257,33.8745,-9.6436,-2.0752,t009,FIJTB
2529833050,2972626,3,pierna,loading,-1.0123,0.0391,0.1216,38.6353,-6.4697,-0.5493,t009,FIJTB
2529833050,2972642,3,pierna,loading,-0.9431,-0.0111,0.0967,50.4761,-4.4556,0.3662,t009,FIJTB
2529833104,2972658,3,pierna,loading,-0.9314,-0.0715,0.0776,62.4390,-10.0708,1.0986,t009,FIJTB
2529833105,2972674,3,pierna,loading,-0.9764,-0.2196,0.0305,64.3921,-12.4512,2.5024,t009,FIJTB
2529833105,2972690,3,pierna,loading,-0.9983,-0.2573,-0.0088,55.6030,-12.4512,5.4321,t009,FIJTB
2529833157,2972706,3,pierna,loading,-1.0098,-0.2577,-0.0452,48.5840,-10.5591,4.9438,t009,FIJTB
2529833158,2972722,3,pierna,loading,-0.9791,-0.2206,-0.0160,37.2314,-5.3711,0.0610,t009,FIJTB
2529833159,2972738,3,pierna,loading,-0.9631,-0.1934,-0.0222,32.4097,-2.7466,-4.1504,t009,FIJTB
2529833212,2972754,3,pierna,loading,-0.9755,-0.1315,-0.0945,31.4941,-4.2114,-5.3711,t009,FIJTB
2529833212,2972770,3,pierna,loading,-0.9929,-0.1105,-0.1207,31.0059,-9.2773,-6.1646,t009,FIJTB
2529833213,2972786,3,pierna,loading,-1.0188,-0.1016,-0.1625,31.7993,-11.7187,-5.7983,t009,FIJTB
2529833213,2972802,3,pierna,loading,-1.0055,-0.0956,-0.1901,29.5410,-16.4185,-4.9438,t009,FIJTB
2529833262,2972818,3,pierna,loading,-0.9811,-0.0857,-0.1885,21.6675,-21.4233,-4.5776,t009,FIJTB
2529833264,2972834,3,pierna,loading,-0.9539,-0.0842,-0.1575,18.0664,-23.4985,-4.5776,t009,FIJTB
2529833265,2972850,3,pierna,loading,-0.9504,-0.1021,-0.1365,13.7329,-25.6958,-4.6387,t009,FIJTB
2529833318,2972866,3,pierna,loading,-0.9581,-0.1545,-0.0933,12.0239,-25.8789,-4.5166,t009,FIJTB
2529833318,2972883,3,pierna,loading,-0.9791,-0.1792,-0.0547,6.8359,-24.4751,-4.0894,t009,FIJTB
2529833318,2972899,3,pierna,loading,-0.9871,-0.1691,-0.0342,2.3193,-20.3247,-4.7607,t009,FIJTB
2529833358,2972915,3,pierna,loading,-0.9989,-0.1266,-0.0078,1.3428,-17.8223,-5.4932,t009,FIJTB
2529833367,2972931,3,pierna,loading,-1.0037,-0.0980,0.0028,-0.2441,-13.6719,-6.3477,t009,FIJTB
2529833369,2972947,3,pierna,loading,-0.9891,-0.0787,0.0127,-0.2441,-12.5732,-5.7983,t009,FIJTB
2529833370,2972963,3,pierna,loading,-0.9808,-0.0991,0.0110,2.5635,-10.5591,-4.5776,t009,FIJTB
2529833423,2972979,3,pierna,loading,-0.9789,-0.1044,0.0059,6.7749,-8.8501,-2.0752,t009,FIJTB
2529833423,2972995,3,pierna,loading,-0.9944,-0.0887,-0.0176,8.3008,-7.6904,-1.0376,t009,FIJTB
2529833424,2973011,3,pierna,loading,-0.9949,-0.0804,-0.0281,8.9722,-4.2114,-0.1221,t009,FIJTB
2529833474,2973027,3,pierna,loading,-0.9750,-0.1018,-0.0287,8.7280,-2.4414,0.1831,t009,FIJTB
2529833475,2973043,3,pierna,loading,-0.9716,-0.1420,-0.0267,7.2632,-0.1831,0.4883,t009,FIJTB
2529833475,2973059,3,pierna,loading,-0.9786,-0.1472,-0.0348,2.5024,0.3662,0.2441,t009,FIJTB
2529833526,2973075,3,pierna,loading,-0.9834,-0.1232,-0.0574,-0.7324,0.7324,-0.2441,t009,FIJTB
2529833527,2973092,3,pierna,loading,-1.0039,-0.1165,-0.0719,-3.5400,1.7700,-2.1973,t009,FIJTB
2529833528,2973108,3,pierna,loading,-0.9882,-0.1097,-0.0823,-4.5166,2.9297,-3.1128,t009,FIJTB
2529833575,2973124,3,pierna,loading,-0.9666,-0.0963,-0.0779,-6.6528,5.3711,-2.8076,t009,FIJTB
2529833578,2973140,3,pierna,loading,-0.9735,-0.0856,-0.0791,-7.1411,4.7607,-1.8921,t009,FIJTB
2529833578,2973156,3,pierna,loading,-0.9727,-0.0608,-0.0918,-6.5918,4.1504,-1.7700,t009,FIJTB
2529833579,2973172,3,pierna,loading,-0.9733,-0.0483,-0.0961,-5.0659,3.4790,-2.1973,t009,FIJTB
2529833631,2973188,3,pierna,loading,-0.9775,-0.0575,-0.1005,-3.7231,3.3569,-2.4414,t009,FIJTB
2529833631,2973204,3,pierna,loading,-0.9819,-0.1027,-0.0945,-1.0376,3.6011,-2.4414,t009,FIJTB
2529833632,2973221,3,pierna,loading,-0.9847,-0.1188,-0.0898,-2.1973,4.4556,-1.2817,t009,FIJTB
2529833680,2973237,3,pierna,loading,-0.9780,-0.1348,-0.0844,-4.1504,4.8218,-0.9155,t009,FIJTB
2529833681,2973253,3,pierna,loading,-0.9729,-0.1377,-0.0747,-8.6670,5.3101,-0.6714,t009,FIJTB
2529833682,2973269,3,pierna,loading,-0.9794,-0.1324,-0.0490,-10.3760,5.4932,-0.3662,t009,FIJTB
2529833734,2973285,3,pierna,loading,-0.9873,-0.1202,-0.0425,-12.0850,5.2490,-0.2441,t009,FIJTB
2529833734,2973301,3,pierna,loading,-0.9875,-0.1116,-0.0496,-12.8784,4.6387,-1.4648,t009,FIJTB
2529833735,2973317,3,pierna,loading,-0.9752,-0.0955,-0.0587,-13.0615,4.3945,-1.9531,t009,FIJTB
2529833783,2973333,3,pierna,loading,-0.9713,-0.0870,-0.0542,-12.5122,4.0283,-1.2207,t009,FIJTB
2529833785,2973350,3,pierna,loading,-0.9795,-0.0679,-0.0487,-11.8408,3.7231,-0.3662,t009,FIJTB
2529833786,2973366,3,pierna,loading,-0.9819,-0.0599,-0.0626,-8.4229,2.9907,0.3052,t009,FIJTB
2529833787,2973382,3,pierna,loading,-0.9751,-0.0627,-0.0632,-3.4180,2.4414,-0.3052,t009,FIJTB
2529833837,2973398,3,pierna,loading,-0.9723,-0.0770,-0.0474,-1.1597,2.1362,-0.2441,t009,FIJTB
2529833838,2973414,3,pierna,loading,-0.9832,-0.0804,-0.0428,1.3428,1.8311,0.1831,t009,FIJTB
2529833838,2973430,3,pierna,loading,-0.9941,-0.0823,-0.0444,1.6479,1.7090,-0.1221,t009,FIJTB
2529833886,2973446,3,pierna,loading,-0.9875,-0.0925,-0.0504,1.5869,1.5869,-1.0986,t009,FIJTB
2529833888,2973462,3,pierna,loading,-0.9868,-0.0958,-0.0464,1.1597,2.0142,-1.0986,t009,FIJTB
2529833888,2973478,3,pierna,loading,-0.9812,-0.0933,-0.0355,1.0376,2.1362,-1.0376,t009,FIJTB
2529833940,2973494,3,pierna,loading,-0.9812,-0.0897,-0.0398,0.7324,1.1597,-1.5259,t009,FIJTB
2529833940,2973510,3,pierna,loading,-0.9785,-0.0847,-0.0547,0.3052,0.4272,-1.8921,t009,FIJTB
2529833941,2973526,3,pierna,loading,-0.9763,-0.0870,-0.0601,-0.3662,-0.1221,-1.5259,t009,FIJTB
2529833989,2973542,3,pierna,loading,-0.9747,-0.0857,-0.0614,-0.9155,-0.3662,-0.7324,t009,FIJTB
2529833992,2973558,3,pierna,loading,-0.9768,-0.0797,-0.0620,-1.0986,-0.8545,-0.6714,t009,FIJTB
2529833992,2973574,3,pierna,loading,-0.9813,-0.0809,-0.0608,-0.7935,-2.0142,-0.9155,t009,FIJTB
2529834012,2973591,3,pierna,loading,-0.9872,-0.0923,-0.0553,-0.6104,-2.2583,-1.0376,t009,FIJTB
2529834045,2973607,3,pierna,loading,-0.9838,-0.0929,-0.0479,-0.9155,-1.7090,-0.9155,t009,FIJTB
2529834046,2973623,3,pierna,loading,-0.9814,-0.0903,-0.0460,-2.0752,-1.3428,-1.0986,t009,FIJTB
2529834046,2973639,3,pierna,loading,-0.9823,-0.0911,-0.0387,-2.6855,-1.2207,-1.3428,t009,FIJTB
2529834094,2973655,3,pierna,loading,-0.9816,-0.0942,-0.0448,-2.8687,-1.1597,-1.6479,t009,FIJTB
2529834096,2973672,3,pierna,loading,-0.9772,-0.0944,-0.0533,-2.2583,-1.8921,-2.3804,t009,FIJTB
2529834096,2973688,3,pierna,loading,-0.9772,-0.0903,-0.0563,-2.1362,-2.3804,-2.7466,t009,FIJTB
2529834148,2973704,3,pierna,loading,-0.9802,-0.0872,-0.0519,-2.3193,-2.6855,-2.7466,t009,FIJTB
2529834149,2973720,3,pierna,loading,-0.9794,-0.0825,-0.0581,-2.5635,-2.7466,-2.6855,t009,FIJTB
2529834149,2973736,3,pierna,loading,-0.9752,-0.0857,-0.0709,-2.6245,-3.8452,-3.5400,t009,FIJTB
2529834199,2973752,3,pierna,loading,-0.9802,-0.0885,-0.0619,-3.0518,-3.9673,-3.4180,t009,FIJTB
2529834200,2973769,3,pierna,loading,-0.9874,-0.0863,-0.0420,-3.4790,-3.5400,-2.7466,t009,FIJTB
2529834201,2973785,3,pierna,loading,-0.9877,-0.0812,-0.0420,-3.4790,-3.0518,-2.4414,t009,FIJTB
2529834235,2973801,3,pierna,loading,-0.9852,-0.0764,-0.0471,-2.8687,-3.3569,-3.0518,t009,FIJTB
2529834253,2973817,3,pierna,loading,-0.9857,-0.0884,-0.0193,-1.5259,-3.4790,-3.2349,t009,FIJTB
2529834253,2973833,3,pierna,loading,-0.9879,-0.0941,-0.0061,-1.9531,-2.4414,-1.7090,t009,FIJTB
2529834290,2973849,3,pierna,loading,-0.9806,-0.0941,-0.0112,-2.0142,-2.0752,-1.2207,t009,FIJTB
2529834303,2973866,3,pierna,loading,-0.9856,-0.0930,-0.0114,-1.0986,-1.7090,-1.5869,t009,FIJTB
2529834304,2973882,3,pierna,loading,-0.9802,-0.0908,-0.0114,0.4883,-1.3428,-1.7700,t009,FIJTB
2529834304,2973898,3,pierna,loading,-0.9924,-0.1077,-0.0074,2.8076,-0.8545,-1.4038,t009,FIJTB
2529834356,2973914,3,pierna,loading,-0.9866,-0.1051,-0.0178,-1.6479,0.1831,-1.6479,t009,FIJTB
2529834356,2973930,3,pierna,loading,-0.9854,-0.0886,-0.0391,-3.0518,0.4883,-1.5259,t009,FIJTB
2529834357,2973946,3,pierna,loading,-0.9855,-0.0765,-0.0465,-2.3193,0.8545,-1.7700,t009,FIJTB
2529834404,2973962,3,pierna,loading,-0.9796,-0.0597,-0.0563,-1.0376,0.9766,-2.1362,t009,FIJTB
2529834406,2973978,3,pierna,loading,-0.9796,-0.0654,-0.0601,1.3428,0.4883,-2.7466,t009,FIJTB
2529834407,2973994,3,pierna,loading,-0.9841,-0.0751,-0.0629,2.9297,-0.2441,-2.7466,t009,FIJTB
2529834459,2974010,3,pierna,loading,-0.9847,-0.0889,-0.0786,2.9907,-0.3662,-2.5635,t009,FIJTB
2529834459,2974026,3,pierna,loading,-0.9822,-0.0878,-0.0903,0.6714,-0.5493,-2.5024,t009,FIJTB
2529834459,2974042,3,pierna,loading,-0.9783,-0.0706,-0.1001,-0.6714,-0.5493,-2.5635,t009,FIJTB
2529834507,2974059,3,pierna,loading,-0.9788,-0.0573,-0.0861,-1.1597,-0.8545,-2.9297,t009,FIJTB
2529834509,2974075,3,pierna,loading,-0.9816,-0.0588,-0.0750,0.8545,-1.2817,-3.8452,t009,FIJTB
2529834510,2974091,3,pierna,loading,-0.9905,-0.0712,-0.0646,2.0142,-1.5259,-4.2725,t009,FIJTB
2529834543,2974107,3,pierna,loading,-0.9908,-0.0815,-0.0717,3.3569,-1.7090,-4.8218,t009,FIJTB
2529834563,2974123,3,pierna,loading,-0.9779,-0.1051,-0.0743,2.9907,-1.5869,-4.5776,t009,FIJTB
2529834563,2974139,3,pierna,loading,-0.9792,-0.0991,-0.0540,-1.1597,-0.3662,-3.3569,t009,FIJTB
2529834563,2974155,3,pierna,loading,-0.9856,-0.0851,-0.0472,-5.6763,1.2207,-2.7466,t009,FIJTB
2529834611,2974172,3,pierna,loading,-0.9916,-0.0588,-0.0432,-6.0425,1.7090,-3.2349,t009,FIJTB
2529834613,2974188,3,pierna,loading,-0.9897,-0.0552,-0.0386,-4.5776,2.3193,-4.2725,t009,FIJTB
2529834614,2974204,3,pierna,loading,-0.9896,-0.0602,-0.0231,-2.7466,2.5024,-4.0894,t009,FIJTB
2529834664,2974220,3,pierna,loading,-0.9963,-0.0649,0.0015,-2.0142,2.5635,-3.6621,t009,FIJTB
2529834665,2974236,3,pierna,loading,-0.9969,-0.0662,0.0187,-0.9155,3.6011,-3.2959,t009,FIJTB
2529834665,2974252,3,pierna,loading,-0.9989,-0.0685,0.0615,-0.3662,4.6387,-3.4180,t009,FIJTB
2529834712,2974268,3,pierna,loading,-0.9987,-0.0676,0.0859,1.7700,7.6294,-3.3569,t009,FIJTB
2529834713,2974284,3,pierna,loading,-0.9915,-0.0720,0.0836,4.0283,8.3618,-3.1738,t009,FIJTB
2529834714,2974300,3,pierna,loading,-0.9752,-0.0946,-0.0021,7.9346,7.0801,-2.8076,t009,FIJTB
2529834767,2974316,3,pierna,loading,-0.9813,-0.0989,-0.0211,6.8970,8.8501,-1.7090,t009,FIJTB
2529834768,2974332,3,pierna,loading,-0.9796,-0.0919,-0.0031,5.7373,10.6201,-0.7935,t009,FIJTB
2529834769,2974348,3,pierna,loading,-0.9781,-0.0890,0.0200,3.6621,11.9019,0.2441,t009,FIJTB
2529834816,2974364,3,pierna,loading,-1.0087,-0.0718,0.0760,2.1362,12.0239,0.0000,t009,FIJTB
2529834818,2974380,3,pierna,loading,-1.0149,-0.0554,0.1270,-0.5493,14.5264,-1.7700,t009,FIJTB
2529834818,2974396,3,pierna,loading,-1.0054,-0.0557,0.1465,2.4414,19.2261,-3.1128,t009,FIJTB
2529834818,2974412,3,pierna,loading,-0.9987,-0.0892,0.1661,5.0659,20.5688,-2.4414,t009,FIJTB
2529834868,2974428,3,pierna,loading,-1.0093,-0.1111,0.1644,9.4604,20.0806,3.1128,t009,FIJTB
2529834869,2974444,3,pierna,loading,-1.0364,-0.1132,0.1263,12.2070,20.2026,6.2256,t009,FIJTB
2529834869,2974459,3,pierna,loading,-1.0435,-0.0609,0.0881,20.2637,23.7427,8.9722,t009,FIJTB
2529834916,2974475,3,pierna,loading,-1.0612,-0.0104,0.0901,31.3721,31.9824,6.5918,t009,FIJTB
2529834918,2974491,3,pierna,loading,-1.1068,0.0402,0.1068,35.1563,37.2314,3.5400,t009,FIJTB
2529834918,2974507,3,pierna,loading,-1.1196,0.0192,0.1079,38.5742,46.0815,0.3052,t009,FIJTB
2529834968,2974523,3,pierna,loading,-1.0945,-0.0411,0.0961,39.2456,48.8281,1.3428,t009,FIJTB
2529834968,2974538,3,pierna,loading,-1.0707,-0.0391,0.0825,37.1704,50.7812,1.6479,t009,FIJTB
2529834969,2974554,3,pierna,loading,-0.9950,0.0146,0.0227,35.0952,50.1099,-1.0376,t009,FIJTB
2529835017,2974570,3,pierna,loading,-0.9713,0.0342,-0.0344,37.6587,44.1894,-3.5400,t009,FIJTB
2529835018,2974586,3,pierna,loading,-0.9800,0.0144,-0.0270,55.4810,40.2832,3.6011,t009,FIJTB
2529835018,2974602,3,pierna,loading,-0.9911,-0.0807,0.0101,63.5376,41.1377,8.1787,t009,FIJTB
2529835052,2974617,3,pierna,loading,-0.9963,-0.1230,0.0405,61.5845,44.7998,12.9395,t009,FIJTB
2529835069,2974633,3,pierna,loading,-0.9873,-0.1565,0.0945,52.5513,46.5088,11.8408,t009,FIJTB
2529835070,2974649,3,pierna,loading,-0.9711,-0.1576,0.1141,27.8320,47.4243,7.3242,t009,FIJTB
2529835070,2974665,3,pierna,loading,-0.9279,-0.1531,0.1299,14.0381,46.6309,5.6763,t009,FIJTB
2529835118,2974681,3,pierna,loading,-0.9083,-0.1067,0.1241,-11.6577,44.3115,3.9673,t009,FIJTB
2529835119,2974697,3,pierna,loading,-0.9099,-0.0739,0.1195,-26.8555,42.1143,2.0142,t009,FIJTB
2529835119,2974713,3,pierna,loading,-0.9250,-0.0444,0.1252,-29.9683,40.9546,1.3428,t009,FIJTB
2529835168,2974729,3,pierna,loading,-0.9387,-0.0458,0.1390,-33.8745,39.2456,0.8545,t009,FIJTB
2529835168,2974745,3,pierna,loading,-0.9490,-0.0530,0.1683,-36.2549,38.3911,0.2441,t009,FIJTB
2529835168,2974760,3,pierna,loading,-0.9374,-0.0389,0.2020,-39.9780,35.3394,-2.5635,t009,FIJTB
2529835214,2974776,3,pierna,loading,-0.9310,-0.0298,0.2184,-40.2222,31.8603,-5.3711,t009,FIJTB
2529835216,2974792,3,pierna,loading,-0.9266,-0.0154,0.2573,-39.2456,30.5176,-5.9814,t009,FIJTB
2529835216,2974808,3,pierna,loading,-0.9330,-0.0120,0.2788,-36.0718,28.6865,-4.9438,t009,FIJTB
2529835265,2974824,3,pierna,loading,-0.9325,-0.0183,0.3098,-34.2407,27.9541,-3.8452,t009,FIJTB
2529835265,2974840,3,pierna,loading,-0.9224,-0.0239,0.3104,-29.1138,24.9023,-2.6245,t009,FIJTB
2529835266,2974856,3,pierna,loading,-0.9144,-0.0255,0.3075,-25.4517,23.4375,-2.6855,t009,FIJTB
2529835310,2974872,3,pierna,loading,-0.9181,-0.0068,0.3185,-15.9912,24.2920,-3.5400,t009,FIJTB
2529835312,2974888,3,pierna,loading,-0.9104,-0.0171,0.3234,-8.6670,25.8179,-4.5776,t009,FIJTB
2529835313,2974904,3,pierna,loading,-0.9021,-0.0745,0.3340,-5.0049,25.0854,-4.0894,t009,FIJTB
2529835363,2974920,3,pierna,loading,-0.9136,-0.0961,0.3457,-0.1221,22.8882,-2.2583,t009,FIJTB
2529835363,2974936,3,pierna,loading,-0.9255,-0.0923,0.3684,-0.1831,22.4609,-2.1362,t009,FIJTB
2529835363,2974952,3,pierna,loading,-0.8822,-0.0546,0.3654,-1.8311,21.3623,-2.1362,t009,FIJTB
2529835410,2974968,3,pierna,loading,-0.8767,-0.0402,0.3500,-0.6104,18.1274,-1.9531,t009,FIJTB
2529835410,2974984,3,pierna,loading,-0.8900,-0.0837,0.3297,0.7935,15.6860,-1.4038,t009,FIJTB
2529835410,2975000,3,pierna,loading,-0.9001,-0.1147,0.3239,0.1831,10.9863,1.4038,t009,FIJTB
2529835459,2975016,3,pierna,loading,-0.9214,-0.1593,0.3060,-2.3193,9.2773,2.5635,t009,FIJTB
2529835459,2975032,3,pierna,loading,-0.9497,-0.1676,0.3109,-9.2163,8.4839,4.1504,t009,FIJTB
2529835459,2975048,3,pierna,loading,-0.9413,-0.1396,0.3149,-19.2261,11.5356,3.6011,t009,FIJTB
2529835505,2975064,3,pierna,loading,-0.9025,-0.0937,0.3181,-22.6440,12.6343,3.7842,t009,FIJTB
2529835506,2975080,3,pierna,loading,-0.8793,-0.0785,0.3170,-29.1748,11.7798,4.3945,t009,FIJTB
2529835508,2975096,3,pierna,loading,-0.8400,-0.0590,0.3243,-32.9590,10.1929,4.3335,t009,FIJTB
2529835557,2975112,3,pierna,loading,-0.8291,-0.0453,0.3341,-37.6587,5.9204,4.5166,t009,FIJTB
2529835557,2975128,3,pierna,loading,-0.8159,-0.0167,0.3442,-37.1704,2.1362,4.6997,t009,FIJTB
2529835558,2975144,3,pierna,loading,-0.8311,0.0055,0.3475,-35.7666,0.6714,5.1880,t009,FIJTB
2529835580,2975160,3,pierna,loading,-0.8539,0.0205,0.3586,-31.3721,-0.1221,5.8594,t009,FIJTB
2529835603,2975176,3,pierna,loading,-0.8680,0.0421,0.3907,-29.2358,0.9155,5.6152,t009,FIJTB
2529835604,2975192,3,pierna,loading,-0.8517,0.0413,0.3992,-23.6206,2.5024,4.5166,t009,FIJTB
2529835653,2975207,3,pierna,loading,-0.8292,0.0125,0.4032,-20.4468,2.3804,4.0283,t009,FIJTB
2529835653,2975223,3,pierna,loading,-0.8469,-0.0179,0.4022,-15.9912,1.1597,4.0894,t009,FIJTB
2529835653,2975239,3,pierna,loading,-0.8494,-0.0098,0.3976,-15.2588,-1.9531,2.6245,t009,FIJTB
2529835698,2975255,3,pierna,loading,-0.8401,0.0499,0.3997,-15.2588,-3.8452,0.3662,t009,FIJTB
2529835700,2975271,3,pierna,loading,-0.8385,0.0603,0.4133,-10.4370,-5.9204,-3.1738,t009,FIJTB
2529835701,2975287,3,pierna,loading,-0.8701,0.0405,0.4484,-4.5776,-6.1035,-2.8687,t009,FIJTB
2529835749,2975303,3,pierna,loading,-0.8879,0.0258,0.4379,7.0190,-8.6670,-1.0376,t009,FIJTB
2529835750,2975319,3,pierna,loading,-0.8611,0.0127,0.4042,11.3525,-15.6250,-1.1597,t009,FIJTB
2529835750,2975335,3,pierna,loading,-0.8417,-0.0327,0.3523,13.1226,-19.1040,0.3052,t009,FIJTB
2529835793,2975351,3,pierna,loading,-0.8684,-0.0475,0.3357,15.1367,-24.9634,6.1646,t009,FIJTB
2529835796,2975367,3,pierna,loading,-0.8918,-0.0271,0.2935,13.6719,-26.2451,8.0566,t009,FIJTB
2529835796,2975383,3,pierna,loading,-0.8784,-0.0153,0.2783,9.2163,-26.1841,9.0332,t009,FIJTB
2529835844,2975399,3,pierna,loading,-0.8698,-0.0239,0.2604,8.1787,-26.3672,9.7046,t009,FIJTB
2529835844,2975414,3,pierna,loading,-0.9419,-0.0503,0.2860,7.0801,-29.4189,11.5356,t009,FIJTB
2529835845,2975430,3,pierna,loading,-0.9932,-0.0493,0.3552,-1.5869,-26.5503,10.2539,t009,FIJTB
2529835889,2975446,3,pierna,loading,-1.0563,-0.0079,0.5333,-7.5684,-23.6206,9.9487,t009,FIJTB
2529835891,2975462,3,pierna,loading,-1.1127,0.0198,0.6348,-13.3057,-21.1182,9.5825,t009,FIJTB
2529835892,2975478,3,pierna,loading,-1.3009,0.0013,0.6923,-11.9629,-22.3999,10.1318,t009,FIJTB
2529835940,2975494,3,pierna,loading,-1.2159,0.0172,0.2261,-18.1274,-33.7524,16.8457,t009,FIJTB
2529835941,2975510,3,pierna,loading,-1.0963,0.1024,0.0061,-31.9824,-52.3071,20.9961,t009,FIJTB
2529835941,2975526,3,pierna,loading,-0.9081,0.1511,-0.1144,-23.8647,-58.1055,22.6440,t009,FIJTB
2529835986,2975542,3,pierna,loading,-0.8651,0.1311,-0.1331,10.5591,-61.4624,22.2778,t009,FIJTB
2529835987,2975558,3,pierna,loading,-0.7396,-0.0146,-0.2472,27.2217,-63.4155,24.2920,t009,FIJTB
2529835988,2975574,3,pierna,loading,-0.7880,-0.1129,-0.2294,49.9878,-69.1528,30.8228,t009,FIJTB
2529836038,2975590,3,pierna,loading,-1.0836,-0.1748,-0.0905,54.0161,-66.2231,27.5269,t009,FIJTB
2529836039,2975606,3,pierna,loading,-1.0751,-0.1124,-0.0446,46.6919,-52.3682,10.3149,t009,FIJTB
2529836040,2975622,3,pierna,loading,-1.0287,-0.1224,-0.0498,32.9590,-51.0254,-5.0049,t009,FIJTB
2529836084,2975638,3,pierna,loading,-1.0132,-0.2549,-0.0428,24.2310,-52.9175,-8.1177,t009,FIJTB
2529836087,2975654,3,pierna,loading,-0.9963,-0.2888,-0.0212,1.5869,-51.2085,-6.4697,t009,FIJTB
2529836087,2975670,3,pierna,loading,-0.9705,-0.1991,-0.0197,-7.3853,-48.5840,-4.8828,t009,FIJTB
2529836135,2975686,3,pierna,loading,-0.9624,-0.0820,-0.0208,-8.6670,-44.6777,-5.0659,t009,FIJTB
2529836136,2975702,3,pierna,loading,-0.9966,-0.0852,0.0057,15.0146,-41.7480,-7.7515,t009,FIJTB
2529836136,2975718,3,pierna,loading,-1.0571,-0.0906,0.0669,27.8320,-38.0249,-7.4463,t009,FIJTB
2529836181,2975734,3,pierna,loading,-1.0438,-0.0518,0.0630,41.7480,-29.7852,-2.3193,t009,FIJTB
2529836183,2975750,3,pierna,loading,-0.9691,-0.0021,0.0172,45.9595,-28.2593,1.3428,t009,FIJTB
2529836184,2975766,3,pierna,loading,-0.9308,-0.0619,-0.0276,58.9600,-29.2969,7.9346,t009,FIJTB
2529836215,2975782,3,pierna,loading,-0.9335,-0.0828,-0.0472,72.1436,-30.3345,10.3149,t009,FIJTB
2529836232,2975798,3,pierna,loading,-0.9617,-0.1189,-0.0763,75.8057,-30.0293,10.4370,t009,FIJTB
2529836233,2975814,3,pierna,loading,-0.9905,-0.1512,-0.0907,79.4678,-29.9072,11.0474,t009,FIJTB
2529836277,2975830,3,pierna,loading,-1.0101,-0.2152,-0.1221,77.8809,-30.1514,11.4136,t009,FIJTB
2529836277,2975846,3,pierna,loading,-0.9807,-0.2327,-0.1273,63.2324,-29.6020,10.3149,t009,FIJTB
2529836278,2975862,3,pierna,midstance,-0.9690,-0.2351,-0.1149,43.4570,-28.3813,6.1646,t009,FIJTB
2529836283,2975878,3,pierna,midstance,-0.9513,-0.2574,-0.0977,34.9121,-28.2593,4.0894,t009,FIJTB
2529836331,2975894,3,pierna,midstance,-0.9408,-0.2598,-0.0817,15.8081,-28.6865,0.4883,t009,FIJTB
2529836331,2975910,3,pierna,midstance,-0.9493,-0.1940,-0.0308,6.1035,-28.9917,-1.2207,t009,FIJTB
2529836332,2975926,3,pierna,midstance,-0.9941,-0.0514,0.0000,-9.0942,-30.1514,-5.2490,t009,FIJTB
2529836376,2975942,3,pierna,midstance,-0.9989,-0.0121,0.0132,-9.0942,-31.1890,-5.9814,t009,FIJTB
2529836379,2975959,3,pierna,midstance,-0.9886,-0.0266,0.0199,-3.2959,-31.7993,-3.5400,t009,FIJTB
2529836379,2975975,3,pierna,midstance,-0.9830,-0.0645,0.0016,12.2070,-33.8745,4.4556,t009,FIJTB
2529836427,2975991,3,pierna,midstance,-0.9763,-0.1223,-0.0497,17.0898,-34.8511,7.8125,t009,FIJTB
2529836428,2976007,3,pierna,midstance,-0.9684,-0.1123,-0.0798,18.0664,-35.0342,10.4980,t009,FIJTB
2529836428,2976023,3,pierna,midstance,-0.9550,-0.0994,-0.0804,16.3574,-32.8979,7.8125,t009,FIJTB
2529836472,2976039,3,pierna,midstance,-0.9535,-0.0927,-0.0979,16.1743,-32.2266,5.1880,t009,FIJTB
2529836474,2976055,3,pierna,midstance,-0.9626,-0.1010,-0.1279,13.5498,-31.6162,1.9531,t009,FIJTB
2529836476,2976071,3,pierna,midstance,-0.9523,-0.0852,-0.1935,10.6812,-31.4941,1.8311,t009,FIJTB
2529836516,2976087,3,pierna,midstance,-0.9578,-0.0667,-0.2147,9.0332,-32.4707,2.6855,t009,FIJTB
2529836524,2976103,3,pierna,midstance,-0.9797,-0.0778,-0.2056,16.7236,-33.1421,2.9297,t009,FIJTB
2529836524,2976119,3,pierna,midstance,-0.9894,-0.0996,-0.1962,20.6299,-32.7759,2.6245,t009,FIJTB
2529836568,2976135,3,pierna,midstance,-0.9824,-0.0995,-0.1978,23.1323,-31.3110,2.1973,t009,FIJTB
2529836570,2976151,3,pierna,midstance,-0.9635,-0.1028,-0.2054,22.8882,-30.6396,2.6245,t009,FIJTB
2529836618,2976167,3,pierna,midstance,-0.9650,-0.1067,-0.1962,23.7427,-29.2358,4.1504,t009,FIJTB
2529836619,2976183,3,pierna,midstance,-0.9617,-0.0912,-0.1807,26.4893,-28.6255,3.3569,t009,FIJTB
2529836619,2976199,3,pierna,midstance,-0.9059,-0.1019,-0.1891,30.0293,-27.7710,3.0518,t009,FIJTB
2529836620,2976215,3,pierna,midstance,-0.8872,-0.1194,-0.2001,35.5835,-29.1138,-1.0986,t009,FIJTB
2529836664,2976231,3,pierna,midstance,-0.8931,-0.1255,-0.2134,34.1797,-32.1045,-2.7466,t009,FIJTB
2529836666,2976247,3,pierna,midstance,-0.9255,-0.1198,-0.2094,26.3062,-37.3535,-0.6714,t009,FIJTB
2529836684,2976263,3,pierna,midstance,-0.9905,-0.1381,-0.1877,23.0713,-36.5601,-0.2441,t009,FIJTB
2529836714,2976279,3,pierna,midstance,-0.9788,-0.1265,-0.1409,23.6206,-34.6069,-2.0752,t009,FIJTB
2529836715,2976295,3,pierna,midstance,-0.9546,-0.1211,-0.1294,27.1606,-32.9590,-3.6621,t009,FIJTB
2529836759,2976311,3,pierna,midstance,-0.9559,-0.1373,-0.1323,27.9541,-33.3252,-5.1270,t009,FIJTB
2529836762,2976328,3,pierna,midstance,-0.9629,-0.1493,-0.1323,26.9165,-35.3394,-7.0190,t009,FIJTB
2529836762,2976344,3,pierna,midstance,-0.9843,-0.1711,-0.1138,26.0620,-36.5601,-6.6528,t009,FIJTB
2529836809,2976360,3,pierna,midstance,-1.0839,-0.1849,-0.0674,24.5972,-36.8042,-6.9580,t009,FIJTB
2529836810,2976376,3,pierna,midstance,-1.1198,-0.1978,-0.0416,24.1699,-32.1045,-10.7422,t009,FIJTB
2529836810,2976392,3,pierna,midstance,-1.1531,-0.2330,0.0409,24.2920,-28.1982,-12.6953,t009,FIJTB
2529836855,2976408,3,pierna,midstance,-1.1833,-0.2234,0.1975,25.1465,-16.9678,-16.1743,t009,FIJTB
2529836856,2976424,3,pierna,terminal,-1.1953,-0.1940,0.2870,24.7192,1.3428,-24.7803,t009,FIJTB
2529836856,2976440,3,pierna,terminal,-1.2391,-0.0669,0.4479,23.3765,13.4277,-33.0200,t009,FIJTB
2529836861,2976456,3,pierna,terminal,-1.2854,0.0173,0.5525,30.7617,46.9360,-51.1475,t009,FIJTB
2529836910,2976472,3,pierna,terminal,-1.3108,0.2299,0.6710,47.6074,67.5049,-51.3916,t009,FIJTB
2529836910,2976488,3,pierna,terminal,-1.2511,0.3242,0.5236,77.9419,85.5102,-39.6118,t009,FIJTB
2529836911,2976504,3,pierna,terminal,-1.1031,0.2640,0.1346,90.0268,77.8198,-30.6396,t009,FIJTB
2529836956,2976520,3,pierna,terminal,-1.0256,0.0885,-0.2046,116.8823,47.3633,-0.4272,t009,FIJTB
2529836958,2976536,3,pierna,terminal,-0.9778,0.1139,-0.3562,123.1079,41.1987,18.2495,t009,FIJTB
2529836958,2976552,3,pierna,terminal,-1.0497,0.1348,-0.5264,126.0986,48.3398,20.8740,t009,FIJTB
2529837007,2976567,3,pierna,terminal,-1.1719,0.0171,-0.5116,126.4038,68.4814,25.6958,t009,FIJTB
2529837008,2976583,3,pierna,terminal,-1.3690,-0.3036,-0.4598,105.7129,81.4209,27.4658,t009,FIJTB
2529837008,2976599,3,pierna,terminal,-1.3964,-0.3422,-0.4093,29.7241,106.2622,26.0010,t009,FIJTB
2529837054,2976615,3,pierna,terminal,-1.3560,-0.3115,-0.4133,-31.7383,113.7695,22.7661,t009,FIJTB
2529837055,2976631,3,pierna,terminal,-1.2174,-0.2566,-0.4554,-54.6875,112.4268,22.3389,t009,FIJTB
2529837056,2976647,3,pierna,terminal,-1.1205,-0.1572,-0.4600,-96.1914,112.7319,18.1274,t009,FIJTB
2529837106,2976663,3,pierna,terminal,-1.0391,0.0349,-0.4004,-105.2856,115.0513,16.4185,t009,FIJTB
2529837106,2976679,3,pierna,terminal,-1.0449,0.0961,-0.3929,-93.6890,115.6616,19.4702,t009,FIJTB
2529837107,2976695,3,pierna,terminal,-1.0461,0.1525,-0.3831,-78.4912,113.3423,22.3999,t009,FIJTB
2529837151,2976711,3,pierna,terminal,-1.0037,0.0826,-0.3104,-45.4712,108.3374,30.5176,t009,FIJTB
2529837152,2976727,3,pierna,terminal,-0.9858,0.0487,-0.2939,-29.6631,102.2339,38.6353,t009,FIJTB
2529837153,2976743,3,pierna,terminal,-0.9404,0.0468,-0.2955,-28.5645,99.7314,39.6729,t009,FIJTB
2529837201,2976759,3,pierna,terminal,-0.9136,0.0432,-0.2886,-29.1748,96.3135,36.4380,t009,FIJTB
2529837201,2976775,3,pierna,terminal,-0.8754,0.0131,-0.2196,-30.2734,95.0928,33.5693,t009,FIJTB
2529837201,2976791,3,pierna,terminal,-0.7985,0.0314,-0.1482,-33.3862,93.4448,26.3672,t009,FIJTB
2529837245,2976807,3,pierna,terminal,-0.7609,0.0178,-0.1134,-30.5786,91.6748,24.4751,t009,FIJTB
2529837247,2976823,3,pierna,terminal,-0.7759,-0.0896,-0.0331,-30.1514,90.7593,27.9541,t009,FIJTB
2529837247,2976839,3,pierna,terminal,-0.8087,-0.1353,0.0095,-41.3818,89.7217,38.7573,t009,FIJTB
2529837296,2976855,3,pierna,terminal,-0.8672,-0.1405,0.1039,-52.1851,89.7217,41.2598,t009,FIJTB
2529837297,2976871,3,pierna,terminal,-0.8970,-0.0729,0.1909,-64.6973,88.4399,37.1094,t009,FIJTB
2529837297,2976887,3,pierna,terminal,-0.8971,-0.0396,0.2325,-61.5234,85.5102,29.7241,t009,FIJTB
2529837342,2976903,3,pierna,terminal,-0.8672,0.0295,0.2977,-58.4717,84.8999,26.0620,t009,FIJTB
2529837343,2976918,3,pierna,terminal,-0.8177,0.0688,0.3005,-50.5981,76.9653,17.5781,t009,FIJTB
2529837343,2976934,3,pierna,terminal,-0.7349,0.1047,0.3174,-44.7998,67.9932,13.1836,t009,FIJTB
2529837391,2976950,3,pierna,terminal,-0.7310,0.1191,0.3286,-32.1045,45.2881,5.2490,t009,FIJTB
2529837392,2976966,3,pierna,terminal,-0.7133,0.1256,0.2852,-25.3296,33.5693,0.9155,t009,FIJTB
2529837392,2976982,3,pierna,terminal,-0.7383,0.0520,0.2423,-9.5215,12.7563,-2.3804,t009,FIJTB
2529837438,2976998,3,pierna,terminal,-0.7805,-0.0386,0.2705,10.0708,5.6152,8.8501,t009,FIJTB
2529837439,2977013,3,pierna,swing,-0.8407,-0.2885,0.3749,14.0991,5.4932,19.0430,t009,FIJTB
2529837439,2977029,3,pierna,swing,-0.8380,-0.4131,0.4075,7.3242,1.5869,38.5132,t009,FIJTB
2529837491,2977045,3,pierna,swing,-0.8141,-0.5017,0.4294,-2.6855,-1.8921,41.7480,t009,FIJTB
2529837492,2977061,3,pierna,swing,-0.7981,-0.4429,0.4418,-32.8979,-4.9438,28.9917,t009,FIJTB
2529837492,2977077,3,pierna,swing,-0.7725,-0.2042,0.4684,-61.7676,-5.6763,6.6528,t009,FIJTB
2529837537,2977093,3,pierna,swing,-0.8036,-0.0115,0.5024,-68.8477,-7.0190,0.7935,t009,FIJTB
2529837539,2977109,3,pierna,swing,-0.8076,0.0240,0.5255,-65.1245,-11.9629,1.7700,t009,FIJTB
2529837540,2977125,3,pierna,swing,-0.7660,-0.0085,0.5430,-57.1289,-16.0522,4.7607,t009,FIJTB
2529837587,2977141,3,pierna,swing,-0.7368,-0.0555,0.5389,-38.9404,-28.9917,11.8408,t009,FIJTB
2529837588,2977157,3,pierna,swing,-0.7382,-0.1188,0.5455,-33.5693,-36.3159,14.9536,t009,FIJTB
2529837588,2977173,3,pierna,swing,-0.7457,-0.1534,0.5880,-28.6865,-46.1426,18.7378,t009,FIJTB
2529837632,2977189,3,pierna,swing,-0.6958,-0.1921,0.5522,-21.9727,-68.1152,26.6724,t009,FIJTB
2529837634,2977205,3,pierna,swing,-0.6567,-0.1318,0.2709,-21.3623,-88.8672,25.8789,t009,FIJTB
2529837635,2977221,3,pierna,swing,-0.8420,-0.0333,0.2515,-22.1558,-104.9194,6.7749,t009,FIJTB
2529837682,2977237,3,pierna,swing,-1.7166,0.0052,0.8516,-21.3013,-85.0220,-3.9673,t009,FIJTB
2529837683,2977253,3,pierna,swing,-2.0881,-0.1733,0.7871,-56.6406,-33.3862,2.9907,t009,FIJTB
2529837683,2977269,3,pierna,swing,-1.5181,0.0116,0.2722,-141.4185,-41.6260,13.0005,t009,FIJTB
2529837730,2977285,3,pierna,swing,-0.6184,0.4233,-0.2406,-136.5967,-59.2651,10.8643,t009,FIJTB
2529837731,2977301,3,pierna,swing,-0.5552,0.4341,-0.2814,-45.2881,-78.6743,5.2490,t009,FIJTB
2529837731,2977317,3,pierna,swing,-0.5280,0.1248,-0.3843,1.2817,-79.7119,8.4229,t009,FIJTB
2529837779,2977333,3,pierna,swing,-0.6593,-0.2432,-0.3497,59.5093,-79.7119,37.6587,t009,FIJTB
2529837779,2977349,3,pierna,swing,-0.9213,-0.2832,-0.2897,86.1816,-62.2559,34.7900,t009,FIJTB
2529837780,2977365,3,pierna,swing,-1.2924,-0.2889,-0.1923,96.6186,-50.5371,19.7754,t009,FIJTB
2529837825,2977381,3,pierna,swing,-1.2194,-0.3497,-0.1321,82.0923,-45.5933,-2.6245,t009,FIJTB
2529837826,2977397,3,pierna,swing,-1.0930,-0.4712,-0.0039,53.1616,-51.8188,-4.6997,t009,FIJTB
2529837827,2977413,3,pierna,swing,-1.1239,-0.4009,0.0326,-30.2124,-57.9834,2.1973,t009,FIJTB
2529837876,2977429,3,pierna,swing,-1.0024,-0.2623,-0.0050,-92.4072,-55.4810,4.2725,t009,FIJTB
2529837876,2977445,3,pierna,swing,-0.8485,0.0438,-0.0774,-100.6470,-56.4575,1.8921,t009,FIJTB
2529837876,2977461,3,pierna,swing,-0.8391,0.1348,-0.0787,-71.0449,-59.8755,-4.0894,t009,FIJTB
2529837923,2977477,3,pierna,swing,-0.9097,0.1337,-0.0187,-42.4805,-61.2183,-5.6152,t009,FIJTB
2529837924,2977493,3,pierna,swing,-0.9871,0.1093,0.0286,8.1787,-59.8755,-1.2817,t009,FIJTB
2529837924,2977509,3,pierna,swing,-1.1023,0.1080,0.1041,34.6680,-51.3306,3.3569,t009,FIJTB
2529837973,2977525,3,pierna,swing,-1.0320,-0.0139,0.0840,39.6729,-46.8140,4.8828,t009,FIJTB
2529837974,2977541,3,pierna,swing,-0.9803,-0.0964,0.0696,43.3960,-45.1050,9.2163,t009,FIJTB
2529837974,2977557,3,pierna,swing,-0.9427,-0.1810,0.0670,44.0674,-46.6919,11.1084,t009,FIJTB
2529837988,2977572,3,pierna,swing,-0.9668,-0.1794,0.0851,45.1050,-43.4570,11.7187,t009,FIJTB
2529838021,2977588,3,pierna,swing,-1.0060,-0.1384,0.1254,45.4712,-38.8794,9.8267,t009,FIJTB
2529838022,2977604,3,pierna,swing,-0.9894,-0.1388,0.0784,44.9219,-32.0435,6.5918,t009,FIJTB
2529838047,2977620,3,pierna,swing,-0.9606,-0.1622,0.0325,40.2832,-28.6865,7.0801,t009,FIJTB
2529838071,2977636,3,pierna,swing,-0.9167,-0.1785,-0.0533,37.1094,-27.2217,6.1646,t009,FIJTB
2529838072,2977652,3,pierna,swing,-0.8978,-0.1716,-0.0892,31.1890,-27.0996,0.9766,t009,FIJTB
2529838117,2977668,3,pierna,swing,-0.9307,-0.1530,-0.1259,28.0151,-28.5034,-1.5869,t009,FIJTB
2529838119,2977684,3,pierna,swing,-0.9604,-0.1401,-0.1256,20.9961,-31.4941,-3.1128,t009,FIJTB
2529838120,2977700,3,pierna,swing,-0.9740,-0.0720,-0.1462,19.1650,-33.5693,-2.1973,t009,FIJTB
2529838121,2977716,3,pierna,swing,-0.9690,-0.0532,-0.1693,20.3857,-39.0625,-0.2441,t009,FIJTB
2529838168,2977732,3,pierna,swing,-0.9873,-0.0732,-0.1597,26.7944,-41.9311,1.2207,t009,FIJTB
2529838169,2977748,3,pierna,swing,-0.9774,-0.1129,-0.1218,29.7852,-42.4805,1.4648,t009,FIJTB
2529838169,2977764,3,pierna,swing,-0.9569,-0.1329,-0.1008,31.2500,-43.9453,0.9155,t009,FIJTB
2529838215,2977780,3,pierna,swing,-0.9396,-0.1740,-0.0573,30.0293,-43.9453,0.6104,t009,FIJTB
2529838216,2977796,3,pierna,loading,-0.9105,-0.2251,-0.0229,27.6489,-42.4194,1.0986,t009,FIJTB
2529838218,2977812,3,pierna,loading,-0.9009,-0.2537,-0.0037,25.6958,-39.8560,1.5869,t009,FIJTB
2529838267,2977828,3,pierna,loading,-0.9371,-0.2719,-0.0187,23.5596,-38.2080,0.3662,t009,FIJTB
2529838267,2977844,3,pierna,loading,-0.9669,-0.2423,-0.0588,17.6392,-35.8276,-3.4180,t009,FIJTB
2529838267,2977860,3,pierna,loading,-0.9720,-0.1555,-0.1294,15.4419,-35.2783,-5.4321,t009,FIJTB
2529838315,2977876,3,pierna,loading,-0.9457,-0.1428,-0.1398,18.5547,-35.4614,-6.5918,t009,FIJTB
2529838315,2977892,3,pierna,loading,-0.9635,-0.1366,-0.1296,28.1372,-35.7666,-4.5166,t009,FIJTB
2529838315,2977908,3,pierna,loading,-0.9762,-0.0966,-0.1218,32.7759,-35.5225,-3.6011,t009,FIJTB
2529838364,2977924,3,pierna,loading,-0.9658,-0.0865,-0.1256,42.8467,-35.5225,-1.2207,t009,FIJTB
2529838364,2977940,3,pierna,loading,-0.9858,-0.0946,-0.1337,48.6450,-35.7666,-0.2441,t009,FIJTB
2529838365,2977956,3,pierna,loading,-1.0360,-0.1324,-0.1528,57.9834,-35.3394,-2.3804,t009,FIJTB
2529838410,2977972,3,pierna,loading,-1.0431,-0.1971,-0.1842,63.5986,-33.8745,-7.2021,t009,FIJTB
2529838412,2977988,3,pierna,loading,-1.0503,-0.3220,-0.2338,62.1948,-34.3018,-7.2021,t009,FIJTB
2529838412,2978004,3,pierna,loading,-1.0500,-0.3510,-0.2432,49.3164,-38.3911,-3.5400,t009,FIJTB
2529838461,2978020,3,pierna,loading,-1.0898,-0.3513,-0.2000,41.5649,-40.8325,-3.5400,t009,FIJTB
2529838461,2978036,3,pierna,loading,-1.2015,-0.1832,-0.0760,17.8833,-40.4663,-15.6860,t009,FIJTB
2529838462,2978052,3,pierna,loading,-1.2206,-0.0894,0.0221,-2.7466,-27.5879,-29.5410,t009,FIJTB
2529838507,2978068,3,pierna,loading,-1.2347,0.0100,0.2266,7.9346,-12.1460,-29.4189,t009,FIJTB
2529838508,2978084,3,pierna,loading,-1.2533,0.0542,0.2848,35.5835,21.1182,-27.9541,t009,FIJTB
2529838509,2978100,3,pierna,loading,-1.3042,0.1479,0.3490,43.0298,34.8511,-31.1279,t009,FIJTB
2529838557,2978116,3,pierna,loading,-1.2957,0.2012,0.3708,59.1431,58.8989,-37.1704,t009,FIJTB
2529838557,2978131,3,pierna,loading,-1.1421,0.2706,0.3392,71.8384,67.1997,-38.6353,t009,FIJTB
2529838558,2978147,3,pierna,loading,-1.0193,0.1627,0.1550,98.3887,69.6411,-30.8228,t009,FIJTB
2529838602,2978163,3,pierna,loading,-0.9783,0.0781,0.0082,111.0229,58.1665,-12.8784,t009,FIJTB
2529838604,2978179,3,pierna,loading,-0.9443,-0.0522,-0.2496,111.3281,52.1240,-2.0752,t009,FIJTB
2529838605,2978195,3,pierna,loading,-0.9562,-0.0782,-0.2916,97.7173,55.5420,12.8174,t009,FIJTB
2529838653,2978211,3,pierna,loading,-1.1638,-0.1509,-0.2712,81.8481,63.7207,16.0522,t009,FIJTB
2529838653,2978227,3,pierna,loading,-1.2950,-0.1837,-0.2703,29.7852,80.3223,19.5923,t009,FIJTB
2529838653,2978242,3,pierna,loading,-1.4063,-0.1725,-0.3646,2.1973,87.7685,20.6299,t009,FIJTB
2529838700,2978258,3,pierna,loading,-1.3019,-0.0817,-0.4402,-28.0762,98.8159,26.1841,t009,FIJTB
2529838700,2978274,3,pierna,loading,-1.2238,-0.0737,-0.4313,-28.9307,103.0884,34.7900,t009,FIJTB
2529838701,2978290,3,pierna,loading,-1.1210,-0.1134,-0.3821,-29.3579,104.6753,39.7339,t009,FIJTB
2529838748,2978306,3,pierna,loading,-1.0862,-0.1051,-0.3577,-39.9780,108.7036,44.0063,t009,FIJTB
2529838748,2978322,3,pierna,loading,-0.9991,-0.0140,-0.3429,-46.9360,109.1919,42.6636,t009,FIJTB
2529838749,2978338,3,pierna,loading,-0.9591,0.1033,-0.3384,-50.7202,105.5298,37.2314,t009,FIJTB
2529838792,2978354,3,pierna,loading,-0.9714,0.1287,-0.3257,-36.4990,101.7456,33.3252,t009,FIJTB
2529838792,2978370,3,pierna,loading,-0.9679,0.0829,-0.3085,-29.6631,100.4028,33.7524,t009,FIJTB
2529838794,2978386,3,pierna,loading,-0.9386,0.0549,-0.3033,-30.2734,97.9614,37.2314,t009,FIJTB
2529838841,2978402,3,pierna,loading,-0.8512,0.0725,-0.2679,-36.1938,97.8393,37.7197,t009,FIJTB
2529838842,2978418,3,pierna,loading,-0.7883,0.1097,-0.1943,-45.2270,98.3887,35.5835,t009,FIJTB
2529838842,2978434,3,pierna,loading,-0.7758,0.1038,-0.1412,-44.0063,97.6562,35.4004,t009,FIJTB
2529838886,2978450,3,pierna,loading,-0.7852,0.0526,-0.0162,-43.9453,96.4355,36.5601,t009,FIJTB
2529838888,2978465,3,pierna,loading,-0.7959,0.0331,0.0393,-52.5513,92.7124,36.4990,t009,FIJTB
2529838888,2978481,3,pierna,loading,-0.8179,0.0532,0.1567,-56.8237,91.0034,32.5317,t009,FIJTB
2529838935,2978497,3,pierna,loading,-0.8212,0.0581,0.2195,-52.3071,88.1958,21.9727,t009,FIJTB
2529838936,2978513,3,pierna,loading,-0.8357,0.0500,0.3143,-48.0347,86.9751,18.6157,t009,FIJTB
2529838936,2978529,3,pierna,loading,-0.8989,0.0664,0.3397,-40.8936,82.0312,13.5498,t009,FIJTB
2529838980,2978544,3,pierna,loading,-0.9049,0.1024,0.3134,-33.0811,70.0073,4.7607,t009,FIJTB
2529838983,2978560,3,pierna,midstance,-0.7920,0.1305,0.2261,-29.2969,60.2417,-0.6714,t009,FIJTB
2529838983,2978576,3,pierna,midstance,-0.7496,0.1205,0.1956,-14.2822,35.3394,-3.5400,t009,FIJTB
2529839031,2978592,3,pierna,midstance,-0.7422,0.0496,0.1641,-4.2725,23.7427,-0.2441,t009,FIJTB
2529839031,2978608,3,pierna,midstance,-0.7659,-0.0167,0.1633,12.3291,10.1318,9.0942,t009,FIJTB
2529839032,2978623,3,pierna,midstance,-0.7827,-0.2334,0.1729,14.4043,5.5542,14.3433,t009,FIJTB
2529839078,2978639,3,pierna,midstance,-0.8889,-0.4464,0.2676,13.2446,-1.0986,27.7710,t009,FIJTB
2529839078,2978655,3,pierna,midstance,-0.9182,-0.5110,0.3140,0.6104,0.6104,38.0859,t009,FIJTB
2529839079,2978671,3,pierna,midstance,-0.8634,-0.4036,0.3960,-10.9863,3.7231,34.3018,t009,FIJTB
2529839126,2978687,3,pierna,midstance,-0.8268,-0.2484,0.4438,-31.1279,9.4604,7.8125,t009,FIJTB
2529839126,2978703,3,pierna,midstance,-0.8436,-0.0316,0.5348,-34.2407,9.8877,-3.9673,t009,FIJTB
2529839126,2978719,3,pierna,midstance,-0.8423,-0.0270,0.5673,-28.7476,4.4556,-9.8267,t009,FIJTB
2529839173,2978735,3,pierna,midstance,-0.7576,-0.0887,0.6132,-23.2544,-7.0190,-4.2114,t009,FIJTB
2529839174,2978751,3,pierna,midstance,-0.7106,-0.1423,0.6144,-23.3765,-14.5264,-1.6479,t009,FIJTB
2529839174,2978767,3,pierna,midstance,-0.7159,-0.1562,0.5951,-27.7710,-29.6631,0.7324,t009,FIJTB
2529839223,2978783,3,pierna,midstance,-0.7130,-0.1636,0.5269,-31.9824,-35.7666,2.5635,t009,FIJTB
2529839223,2978799,3,pierna,midstance,-0.7007,-0.1660,0.4828,-41.7480,-44.6167,10.0098,t009,FIJTB
2529839224,2978815,3,pierna,midstance,-0.6763,-0.1562,0.3972,-40.8325,-49.4995,13.9160,t009,FIJTB
2529839270,2978831,3,pierna,midstance,-0.4851,-0.0936,0.0111,-25.2075,-82.0923,15.6250,t009,FIJTB
2529839271,2978847,3,pierna,midstance,-0.4567,-0.0431,-0.2174,-20.8740,-141.1133,0.8545,t009,FIJTB
2529839272,2978863,3,pierna,midstance,-1.1366,-0.1073,0.0710,-23.4375,-145.0195,-1.4648,t009,FIJTB
2529839320,2978879,3,pierna,midstance,-1.7006,-0.1714,0.4865,-20.5078,-81.7261,-8.6060,t009,FIJTB
2529839321,2978895,3,pierna,midstance,-2.4498,-0.0055,1.0883,-22.8882,-33.3862,-21.5454,t009,FIJTB
2529839321,2978911,3,pierna,midstance,-1.5211,0.3131,0.4681,-111.3281,-7.8735,-36.8652,t009,FIJTB
2529839368,2978927,3,pierna,midstance,-0.8943,0.4919,0.0177,-119.0796,-61.0962,-10.6812,t009,FIJTB
2529839368,2978943,3,pierna,midstance,-0.5574,0.3809,-0.3650,-63.2935,-76.4160,8.4229,t009,FIJTB
2529839369,2978959,3,pierna,midstance,-0.7141,0.0613,-0.4197,24.9634,-84.5947,30.7617,t009,FIJTB
2529839418,2978975,3,pierna,midstance,-0.6886,-0.3986,-0.4626,41.7480,-86.4868,38.5742,t009,FIJTB
2529839418,2978991,3,pierna,midstance,-0.5243,-0.3214,-0.2987,52.1240,-70.6177,56.9458,t009,FIJTB
2529839418,2979007,3,pierna,midstance,-0.7582,-0.1908,-0.2196,76.7212,-45.5933,27.4048,t009,FIJTB
2529839463,2979023,3,pierna,midstance,-1.2313,-0.2611,-0.1479,86.9751,-40.4053,4.3335,t009,FIJTB
2529839466,2979039,3,pierna,midstance,-1.2391,-0.3459,-0.0914,53.4058,-37.5366,-27.5269,t009,FIJTB
2529839466,2979055,3,pierna,midstance,-1.2021,-0.3898,0.0610,15.6250,-39.1235,-27.4658,t009,FIJTB
2529839516,2979071,3,pierna,midstance,-0.9832,-0.2933,0.0518,-55.4199,-47.1191,-9.7046,t009,FIJTB
2529839516,2979087,3,pierna,midstance,-0.8722,-0.1553,-0.0564,-68.9087,-52.9175,-0.7935,t009,FIJTB
2529839516,2979103,3,pierna,midstance,-0.9133,0.0781,-0.0524,-57.0068,-51.7578,2.1973,t009,FIJTB
2529839562,2979119,3,pierna,midstance,-0.9491,0.1770,0.0260,-26.4893,-44.4336,4.5166,t009,FIJTB
2529839565,2979135,3,pierna,midstance,-0.9894,0.2041,0.0577,-4.5166,-43.2739,5.0049,t009,FIJTB
2529839565,2979151,3,pierna,midstance,-1.0720,0.1084,0.0109,32.2876,-46.5088,8.1177,t009,FIJTB
2529839615,2979167,3,pierna,midstance,-1.0663,0.0615,-0.0211,39.9780,-47.1802,10.6201,t009,FIJTB
2529839616,2979183,3,pierna,midstance,-0.9733,-0.0216,-0.1296,42.9077,-44.4336,15.1978,t009,FIJTB
2529839616,2979199,3,pierna,midstance,-0.9163,-0.0594,-0.1797,50.5371,-40.0391,10.4980,t009,FIJTB
2529839662,2979215,3,pierna,midstance,-0.8868,-0.1554,-0.2037,54.8706,-37.6587,5.4321,t009,FIJTB
2529839662,2979231,3,pierna,midstance,-0.9131,-0.1614,-0.1757,55.1147,-37.6587,-2.0752,t009,FIJTB
2529839663,2979247,3,pierna,terminal,-1.0027,-0.1066,-0.0862,52.1240,-40.5884,-2.1362,t009,FIJTB
2529839674,2979263,3,pierna,terminal,-1.0553,-0.0079,-0.0535,47.3633,-45.1660,2.7466,t009,FIJTB
2529839716,2979279,3,pierna,terminal,-1.0413,-0.0203,-0.0554,48.5229,-41.5649,5.7983,t009,FIJTB
2529839716,2979295,3,pierna,terminal,-0.9636,-0.1111,-0.0527,50.3540,-39.6118,6.6528,t009,FIJTB
2529839717,2979311,3,pierna,terminal,-0.9304,-0.1495,-0.0592,48.8892,-40.5273,7.7515,t009,FIJTB
2529839764,2979327,3,pierna,terminal,-0.9196,-0.2087,-0.0784,43.7012,-41.8701,8.5449,t009,FIJTB
2529839765,2979343,3,pierna,terminal,-0.9701,-0.2228,-0.0133,30.0903,-40.9546,8.3008,t009,FIJTB
2529839766,2979359,3,pierna,terminal,-0.9867,-0.2059,0.0480,20.3247,-33.9966,3.4180,t009,FIJTB
2529839814,2979374,3,pierna,terminal,-0.9535,-0.1606,0.1467,18.9819,-29.7241,1.6479,t009,FIJTB
2529839814,2979390,3,pierna,terminal,-0.9231,-0.1826,0.1746,23.6816,-22.9492,4.2114,t009,FIJTB
2529839815,2979406,3,pierna,terminal,-0.9625,-0.2438,0.1213,30.5176,-22.0947,6.2866,t009,FIJTB
2529839859,2979422,3,pierna,terminal,-1.0021,-0.2001,-0.0853,47.8516,-22.3389,4.4556,t009,FIJTB
2529839861,2979438,3,pierna,terminal,-0.9899,-0.1627,-0.1647,55.4810,-23.5596,-2.5024,t009,FIJTB
2529839862,2979454,3,pierna,terminal,-1.0055,-0.1095,-0.2251,53.5889,-24.2920,-5.6152,t009,FIJTB
2529839910,2979471,3,pierna,terminal,-1.0138,-0.1121,-0.2401,43.1519,-23.9258,-6.3477,t009,FIJTB
2529839911,2979487,3,pierna,terminal,-0.9716,-0.1222,-0.3131,36.4990,-24.4141,-4.9438,t009,FIJTB
2529839911,2979503,3,pierna,terminal,-0.9180,-0.0602,-0.3721,27.1606,-29.5410,-2.9297,t009,FIJTB
2529839958,2979519,3,pierna,terminal,-0.9080,-0.0261,-0.3691,30.5176,-37.1704,-4.9438,t009,FIJTB
2529839959,2979535,3,pierna,terminal,-0.9343,-0.0018,-0.3276,32.4707,-39.0625,-7.9346,t009,FIJTB
2529839959,2979551,3,pierna,terminal,-0.9441,-0.0287,-0.2964,31.2500,-39.4287,-12.3901,t009,FIJTB
2529840005,2979567,3,pierna,terminal,-0.9688,-0.1052,-0.2294,30.8838,-39.0015,-11.9019,t009,FIJTB
2529840005,2979583,3,pierna,terminal,-0.9534,-0.0948,-0.1625,26.7944,-37.9028,-10.9863,t009,FIJTB
2529840006,2979600,3,pierna,terminal,-0.9362,-0.0692,-0.1301,23.3765,-38.5742,-11.7798,t009,FIJTB
2529840059,2979616,3,pierna,terminal,-0.9547,-0.0664,-0.0828,25.3296,-40.8325,-11.6577,t009,FIJTB
2529840062,2979632,3,pierna,terminal,-0.9872,-0.0997,-0.0623,36.9873,-43.7622,-10.5591,t009,FIJTB
2529840062,2979648,3,pierna,terminal,-1.0681,-0.2426,-0.0383,42.4194,-44.0674,-9.2163,t009,FIJTB
2529840117,2979664,3,pierna,terminal,-1.1689,-0.3873,0.0652,52.6123,-40.4663,-5.1880,t009,FIJTB
2529840117,2979680,3,pierna,terminal,-1.2517,-0.3762,0.1476,56.0913,-23.7427,-8.7280,t009,FIJTB
2529840117,2979696,3,pierna,terminal,-1.4255,-0.1080,0.3572,46.5698,-9.7046,-18.8599,t009,FIJTB
2529840161,2979712,3,pierna,terminal,-1.4683,0.0892,0.4432,28.1372,30.7617,-50.8423,t009,FIJTB
2529840163,2979728,3,pierna,terminal,-1.3719,0.3973,0.4933,36.4990,52.0019,-63.4766,t009,FIJTB
2529840164,2979744,3,pierna,terminal,-1.1375,0.3464,0.3539,91.2476,74.0356,-63.1103,t009,FIJTB
2529840196,2979760,3,pierna,terminal,-1.0648,0.2186,0.2015,130.9204,64.5752,-36.1328,t009,FIJTB
2529840214,2979776,3,pierna,terminal,-1.0155,-0.0505,-0.1079,134.7046,57.6782,-18.2495,t009,FIJTB
2529840214,2979792,3,pierna,terminal,-1.0099,-0.1364,-0.2212,123.6572,54.0161,14.5874,t009,FIJTB
2529840214,2979808,3,pierna,terminal,-1.0751,-0.2075,-0.3219,110.4736,56.0303,26.1841,t009,FIJTB
2529840259,2979824,3,pierna,terminal,-1.1598,-0.2460,-0.3363,64.2700,64.6973,39.3066,t009,FIJTB
2529840262,2979840,3,pierna,swing,-1.3381,-0.2881,-0.3353,-3.4790,87.8296,37.9028,t009,FIJTB
2529840262,2979856,3,pierna,swing,-1.3658,-0.1642,-0.4172,-36.1938,99.3652,33.0200,t009,FIJTB
2529840311,2979872,3,pierna,swing,-1.3239,-0.0889,-0.4618,-72.8149,110.2295,26.1841,t009,FIJTB
2529840312,2979889,3,pierna,swing,-1.2053,-0.0059,-0.4368,-77.1484,112.7319,25.0854,t009,FIJTB
2529840312,2979905,3,pierna,swing,-1.0754,-0.0325,-0.4221,-78.3691,114.3188,22.4609,t009,FIJTB
2529840360,2979921,3,pierna,swing,-1.0480,-0.0669,-0.4135,-70.6177,109.1309,28.8696,t009,FIJTB
2529840361,2979937,3,pierna,swing,-1.0515,-0.0886,-0.3862,-66.4673,107.2388,34.8511,t009,FIJTB
2529840361,2979953,3,pierna,swing,-1.0494,-0.0643,-0.3866,-66.6504,106.6284,44.7998,t009,FIJTB
2529840410,2979969,3,pierna,swing,-0.9996,0.0227,-0.3851,-66.8335,106.8115,48.7061,t009,FIJTB
2529840411,2979985,3,pierna,swing,-0.9526,0.1079,-0.3738,-58.3496,106.8115,52.1240,t009,FIJTB
2529840411,2980001,3,pierna,swing,-0.9169,0.1071,-0.3639,-46.5088,105.2856,47.9126,t009,FIJTB
2529840459,2980017,3,pierna,swing,-0.8125,0.0504,-0.3280,-44.6777,102.2339,45.3491,t009,FIJTB
2529840459,2980033,3,pierna,swing,-0.7900,0.0283,-0.2854,-49.0112,94.6655,41.8091,t009,FIJTB
2529840459,2980049,3,pierna,swing,-0.7982,0.0350,-0.1711,-53.5278,93.0176,40.5884,t009,FIJTB
2529840508,2980065,3,pierna,swing,-0.8160,0.0436,-0.0973,-60.3027,94.6045,38.9404,t009,FIJTB
2529840508,2980081,3,pierna,swing,-0.8545,0.0332,0.0541,-67.3218,97.7783,37.5977,t009,FIJTB
2529840509,2980097,3,pierna,swing,-0.8496,0.0372,0.1813,-72.0215,98.1445,36.6821,t009,FIJTB
2529840555,2980113,3,pierna,swing,-0.8531,0.0657,0.2394,-70.3125,95.3979,32.2266,t009,FIJTB
2529840557,2980129,3,pierna,swing,-0.8420,0.0918,0.3531,-60.6079,91.9189,30.0293,t009,FIJTB
2529840558,2980145,3,pierna,swing,-0.8195,0.0964,0.3674,-41.8701,79.1626,24.1089,t009,FIJTB
2529840607,2980161,3,pierna,swing,-0.7545,0.1455,0.2657,-38.6353,69.3970,18.4326,t009,FIJTB
2529840607,2980177,3,pierna,swing,-0.7764,0.1656,0.1445,-29.1748,45.8984,6.0425,t009,FIJTB
2529840608,2980193,3,pierna,swing,-0.7915,0.1381,0.1223,-10.1929,25.4517,6.2866,t009,FIJTB
2529840653,2980209,3,pierna,swing,-0.8071,0.0575,0.1095,-2.6245,18.4937,8.3008,t009,FIJTB
2529840655,2980225,3,pierna,swing,-0.8047,-0.0060,0.0923,4.2114,8.5449,11.2915,t009,FIJTB
2529840655,2980241,3,pierna,swing,-0.7847,-0.1578,0.1047,2.4414,5.3101,14.5874,t009,FIJTB
2529840705,2980257,3,pierna,swing,-0.7812,-0.2728,0.1837,-10.6201,1.8311,27.0996,t009,FIJTB
2529840706,2980273,3,pierna,swing,-0.7831,-0.3364,0.2312,-26.9775,-2.1973,41.2598,t009,FIJTB
2529840706,2980290,3,pierna,swing,-0.8019,-0.4420,0.3177,-34.9731,-5.2490,46.8750,t009,FIJTB
2529840752,2980305,3,pierna,swing,-0.7969,-0.4213,0.3528,-50.9033,-9.1553,43.0298,t009,FIJTB
2529840753,2980321,3,pierna,swing,-0.7502,-0.2412,0.4609,-60.1807,-9.2773,29.1138,t009,FIJTB
2529840754,2980337,3,pierna,swing,-0.8639,-0.0603,0.6469,-77.2705,-5.1880,-2.3804,t009,FIJTB
2529840803,2980354,3,pierna,swing,-0.9402,-0.0402,0.7516,-82.8247,3.4180,-6.6528,t009,FIJTB
2529840804,2980370,3,pierna,swing,-0.8866,-0.0400,0.8585,-81.4819,4.3335,-2.0142,t009,FIJTB
2529840804,2980386,3,pierna,swing,-0.7695,-0.0447,0.8312,-70.8618,-10.4980,3.0518,t009,FIJTB
2529840850,2980402,3,pierna,swing,-0.6482,-0.0981,0.6729,-63.2324,-23.3765,2.6245,t009,FIJTB
2529840850,2980418,3,pierna,loading,-0.6794,-0.0802,0.4053,-54.9927,-48.6450,4.3945,t009,FIJTB
2529840851,2980434,3,pierna,loading,-0.7067,0.0140,0.2518,-41.6870,-68.8477,2.6855,t009,FIJTB
2529840855,2980450,3,pierna,loading,-0.8641,0.2249,0.2832,-21.7895,-80.3223,-5.1270,t009,FIJTB
2529840905,2980467,3,pierna,loading,-1.1262,0.1997,0.5901,30.4565,-98.5107,-23.0713,t009,FIJTB
2529840906,2980482,3,pierna,loading,-1.9955,-0.0779,0.9247,52.5513,-91.8579,-21.2402,t009,FIJTB
2529840906,2980498,3,pierna,loading,-1.6702,0.1005,0.2227,3.5400,-58.2275,0.1221,t009,FIJTB
2529840954,2980514,3,pierna,loading,-1.0941,0.3431,-0.1654,-65.4297,-59.5703,11.7187,t009,FIJTB
2529840956,2980531,3,pierna,loading,-0.4955,0.3103,-0.4359,-48.4009,-71.0449,8.7891,t009,FIJTB
2529840956,2980547,3,pierna,loading,-0.5236,0.1539,-0.4257,4.5776,-91.0644,-3.3569,t009,FIJTB
2529841007,2980563,3,pierna,loading,-0.7168,-0.1553,-0.3973,23.0713,-95.5200,5.0659,t009,FIJTB
2529841007,2980579,3,pierna,loading,-0.8502,-0.3678,-0.3824,41.5039,-93.2007,34.9731,t009,FIJTB
2529841008,2980595,3,pierna,loading,-0.9973,-0.2943,-0.3499,53.1006,-71.4111,14.8315,t009,FIJTB
2529841054,2980611,3,pierna,loading,-1.2510,-0.2158,-0.2037,59.9976,-59.2651,1.4648,t009,FIJTB
2529841056,2980627,3,pierna,loading,-1.1000,-0.2187,-0.0835,40.5273,-48.0347,-11.1694,t009,FIJTB
2529841057,2980643,3,pierna,loading,-1.0469,-0.2155,0.0624,18.5547,-52.0019,-13.3667,t009,FIJTB
2529841109,2980659,3,pierna,loading,-1.0645,-0.2200,0.0835,-20.8740,-59.2651,-13.9770,t009,FIJTB
2529841110,2980675,3,pierna,loading,-0.9724,-0.2010,0.0479,-39.1235,-57.5561,-11.1694,t009,FIJTB
2529841110,2980691,3,pierna,loading,-0.9675,-0.0740,-0.0267,-39.6729,-55.0537,-9.7656,t009,FIJTB
2529841157,2980708,3,pierna,loading,-0.9723,-0.0153,0.0015,-24.6582,-48.0957,-10.1318,t009,FIJTB
2529841159,2980724,3,pierna,loading,-0.9271,0.0261,0.1100,-10.3149,-46.9971,-9.9487,t009,FIJTB
2529841160,2980740,3,pierna,loading,-1.0198,0.0616,0.1144,20.8740,-46.6919,-4.9438,t009,FIJTB
2529841161,2980756,3,pierna,loading,-1.0414,0.0573,0.0908,42.4805,-42.4805,7.0801,t009,FIJTB
2529841212,2980772,3,pierna,loading,-0.9615,-0.0020,0.0111,48.3398,-41.0767,11.7798,t009,FIJTB
2529841212,2980788,3,pierna,loading,-0.9385,-0.0172,-0.0342,57.0679,-41.5039,14.6484,t009,FIJTB
2529841213,2980804,3,pierna,loading,-0.9437,-0.0625,-0.0945,62.5610,-41.9311,13.7329,t009,FIJTB
2529841263,2980820,3,pierna,loading,-0.9805,-0.1538,-0.1276,70.1294,-40.4053,9.0332,t009,FIJTB
2529841263,2980837,3,pierna,loading,-0.9797,-0.1865,-0.1205,63.7817,-38.7573,4.3945,t009,FIJTB
2529841264,2980853,3,pierna,loading,-1.0177,-0.2061,-0.0640,55.4810,-39.0015,4.2725,t009,FIJTB
2529841315,2980869,3,pierna,loading,-1.0358,-0.1807,-0.0442,35.4614,-38.8184,4.5776,t009,FIJTB
2529841315,2980885,3,pierna,loading,-0.9994,-0.0753,-0.0421,27.0996,-38.7573,2.6855,t009,FIJTB
2529841316,2980901,3,pierna,loading,-0.8961,-0.0502,-0.0669,17.7002,-39.3677,-1.8921,t009,FIJTB
2529841366,2980917,3,pierna,loading,-0.8934,-0.0745,-0.0802,12.6953,-40.8936,-2.2583,t009,FIJTB
2529841366,2980933,3,pierna,loading,-0.9475,-0.1255,-0.1134,8.5449,-41.2598,-1.7700,t009,FIJTB
2529841367,2980949,3,pierna,loading,-0.9609,-0.1168,-0.1132,-1.9531,-40.5273,-0.7935,t009,FIJTB
2529841419,2980966,3,pierna,loading,-0.9587,-0.0710,-0.0699,-5.4932,-36.0107,0.5493,t009,FIJTB
2529841420,2980982,3,pierna,loading,-0.9454,-0.0918,-0.0414,-3.2959,-32.9590,1.6479,t009,FIJTB
2529841420,2980998,3,pierna,loading,-0.9553,-0.1154,-0.0546,3.9062,-29.2358,5.0049,t009,FIJTB
2529841421,2981014,3,pierna,loading,-0.9845,-0.0979,-0.0947,8.4839,-30.2734,5.8594,t009,FIJTB
2529841468,2981030,3,pierna,loading,-0.9678,-0.0312,-0.1700,19.4092,-35.0342,3.7842,t009,FIJTB
2529841469,2981046,3,pierna,midstance,-0.9709,-0.0581,-0.2048,27.2827,-37.6587,-0.4883,t009,FIJTB
2529841470,2981062,3,pierna,midstance,-0.9404,-0.1025,-0.2531,27.6489,-37.1094,-2.5024,t009,FIJTB
2529841523,2981078,3,pierna,midstance,-0.9207,-0.1323,-0.2648,23.9868,-35.2173,-2.5635,t009,FIJTB
2529841523,2981094,3,pierna,midstance,-0.9602,-0.1178,-0.2234,22.2778,-35.8887,-0.0610,t009,FIJTB
2529841524,2981111,3,pierna,midstance,-0.9917,-0.0629,-0.1899,21.9727,-36.3770,-0.1221,t009,FIJTB
2529841574,2981127,3,pierna,midstance,-0.9799,-0.0638,-0.1978,24.6582,-35.2173,-6.2256,t009,FIJTB
2529841574,2981143,3,pierna,midstance,-0.9241,-0.0793,-0.2185,26.0620,-35.7056,-7.5073,t009,FIJTB
2529841575,2981159,3,pierna,midstance,-0.9268,-0.0739,-0.2117,28.1982,-36.9263,-6.5308,t009,FIJTB
2529841627,2981175,3,pierna,midstance,-0.9689,-0.0494,-0.1669,29.3579,-36.4380,-5.6763,t009,FIJTB
2529841628,2981191,3,pierna,midstance,-0.9810,-0.0563,-0.1227,34.4849,-34.2407,-4.2114,t009,FIJTB
2529841628,2981208,3,pierna,midstance,-0.9904,-0.0653,-0.1057,43.2129,-33.3862,-2.9907,t009,FIJTB
2529841629,2981224,3,pierna,midstance,-0.9723,-0.0814,-0.0946,47.9126,-33.8745,-2.3804,t009,FIJTB
2529841679,2981240,3,pierna,midstance,-0.9802,-0.0966,-0.0903,56.3965,-37.7197,-0.3662,t009,FIJTB
2529841680,2981256,3,pierna,midstance,-1.0367,-0.1544,-0.0645,60.5469,-39.7949,0.5493,t009,FIJTB
2529841680,2981272,3,pierna,midstance,-1.1071,-0.3228,-0.0067,67.3218,-40.1001,0.4883,t009,FIJTB
2529841731,2981288,3,pierna,midstance,-1.1578,-0.4336,0.0424,64.9414,-36.9873,0.3662,t009,FIJTB
2529841732,2981304,3,pierna,midstance,-1.3354,-0.4762,0.2507,54.6875,-31.9214,-4.0283,t009,FIJTB
2529841732,2981320,3,pierna,midstance,-1.4293,-0.3607,0.4113,35.7056,-1.8311,-30.9448,t009,FIJTB
2529841780,2981337,3,pierna,midstance,-1.3693,0.0505,0.4801,32.2266,20.6909,-46.3867,t009,FIJTB
2529841782,2981352,3,pierna,midstance,-1.2334,0.3250,0.2982,33.3862,43.8843,-61.4014,t009,FIJTB
2529841782,2981368,3,pierna,midstance,-1.1871,0.3206,0.2090,58.7769,40.8325,-41.0767,t009,FIJTB
2529841835,2981384,3,pierna,midstance,-1.0961,0.2838,0.0033,68.6035,41.3818,-24.5972,t009,FIJTB
2529841835,2981400,3,pierna,midstance,-1.0962,0.2367,-0.1191,88.1348,53.2837,5.1270,t009,FIJTB
2529841836,2981416,3,pierna,midstance,-1.0836,0.0046,-0.3669,98.7549,62.6831,16.5405,t009,FIJTB
2529841885,2981432,3,pierna,midstance,-1.1437,-0.1882,-0.4429,100.4639,77.7588,31.0669,t009,FIJTB
2529841886,2981448,3,pierna,midstance,-1.2010,-0.2325,-0.4283,68.5425,85.8154,36.5601,t009,FIJTB
2529841886,2981464,3,pierna,midstance,-1.2651,-0.2612,-0.3667,42.4194,91.5527,37.1704,t009,FIJTB
2529841930,2981480,3,pierna,midstance,-1.2656,-0.2389,-0.3662,-18.7988,104.3091,30.3955,t009,FIJTB
2529841938,2981496,3,pierna,midstance,-1.2094,-0.1388,-0.4307,-45.2881,106.7505,25.5737,t009,FIJTB
2529841939,2981512,3,pierna,midstance,-1.1711,-0.0028,-0.4270,-74.3408,107.1777,26.4893,t009,FIJTB
2529841939,2981528,3,pierna,midstance,-1.1532,0.0315,-0.4375,-79.9561,108.3374,25.7568,t009,FIJTB
2529841989,2981544,3,pierna,midstance,-1.0699,0.0217,-0.4249,-75.4395,108.3984,27.5879,t009,FIJTB
2529841990,2981560,3,pierna,midstance,-1.0343,-0.0001,-0.4056,-58.7769,107.3608,38.9404,t009,FIJTB
2529841990,2981576,3,pierna,midstance,-1.0105,-0.0270,-0.3787,-52.4902,105.7129,44.8608,t009,FIJTB
2529842042,2981592,3,pierna,midstance,-0.9980,-0.0096,-0.3606,-46.5698,103.0884,52.0019,t009,FIJTB
2529842042,2981608,3,pierna,midstance,-0.9791,0.0408,-0.3390,-50.1709,101.5015,48.6450,t009,FIJTB
2529842043,2981624,3,pierna,midstance,-0.8921,0.0719,-0.3484,-52.6733,100.4639,43.7012,t009,FIJTB
2529842092,2981641,3,pierna,midstance,-0.8273,0.0613,-0.3569,-55.3589,94.8486,35.8887,t009,FIJTB
2529842094,2981656,3,pierna,terminal,-0.7664,0.0167,-0.3004,-56.8848,89.9048,34.7290,t009,FIJTB
2529842095,2981672,3,pierna,terminal,-0.7930,0.0095,-0.2454,-66.8945,83.9233,34.6069,t009,FIJTB
2529842095,2981689,3,pierna,terminal,-0.8165,0.0396,-0.1550,-73.6084,83.6792,33.6914,t009,FIJTB
2529842147,2981704,3,pierna,terminal,-0.8282,0.0399,-0.0570,-78.9795,83.0078,30.1514,t009,FIJTB
2529842148,2981721,3,pierna,terminal,-0.8335,0.0233,0.0104,-72.0825,78.8574,27.8320,t009,FIJTB
2529842148,2981736,3,pierna,terminal,-0.8541,0.0201,0.1556,-69.2749,77.2705,26.4282,t009,FIJTB
2529842199,2981752,3,pierna,terminal,-0.8679,0.0405,0.2178,-61.7676,75.5615,19.5923,t009,FIJTB
2529842200,2981768,3,pierna,terminal,-0.8633,0.0812,0.3060,-55.1147,74.8291,15.6860,t009,FIJTB
2529842201,2981784,3,pierna,terminal,-0.8481,0.1224,0.3323,-44.7388,73.2422,7.9346,t009,FIJTB
2529842253,2981800,3,pierna,terminal,-0.8339,0.1396,0.3101,-40.2832,64.6362,1.7700,t009,FIJTB
2529842254,2981816,3,pierna,terminal,-0.8312,0.1569,0.2834,-35.5225,56.8237,1.7700,t009,FIJTB
2529842254,2981832,3,pierna,terminal,-0.8496,0.1360,0.2560,-21.5454,39.9780,7.5684,t009,FIJTB
2529842254,2981847,3,pierna,terminal,-0.8147,0.0696,0.1942,-16.1743,32.2266,12.5732,t009,FIJTB
2529842304,2981863,3,pierna,terminal,-0.8058,0.0267,0.2091,-4.8218,20.9961,22.6440,t009,FIJTB
2529842304,2981879,3,pierna,terminal,-0.7657,-0.1562,0.2053,-1.6479,15.7471,28.2593,t009,FIJTB
2529842305,2981895,3,pierna,terminal,-0.7872,-0.4302,0.2351,-6.6528,4.8218,42.7246,t009,FIJTB
2529842358,2981911,3,pierna,terminal,-0.8652,-0.5272,0.2671,-19.4702,3.7842,56.3965,t009,FIJTB
2529842359,2981927,3,pierna,terminal,-0.8601,-0.5302,0.3029,-26.3062,6.9580,54.2603,t009,FIJTB
2529842359,2981943,3,pierna,terminal,-0.7911,-0.4348,0.3269,-41.5649,12.3291,27.0386,t009,FIJTB
2529842407,2981959,3,pierna,terminal,-0.7540,-0.1727,0.4150,-50.0488,13.2446,11.4746,t009,FIJTB
2529842409,2981975,3,pierna,terminal,-0.7766,-0.0358,0.5734,-64.3311,13.2446,-5.0049,t009,FIJTB
2529842410,2981992,3,pierna,terminal,-0.7698,-0.0167,0.6354,-63.2935,4.5776,-4.9438,t009,FIJTB
2529842462,2982008,3,pierna,terminal,-0.6993,-0.0359,0.6586,-54.2603,-6.4087,-1.7090,t009,FIJTB
2529842463,2982024,3,pierna,terminal,-0.6691,-0.0475,0.6165,-32.1655,-35.8887,1.5259,t009,FIJTB
2529842463,2982040,3,pierna,terminal,-0.6855,-0.0354,0.4863,-24.2920,-49.0723,0.3052,t009,FIJTB
2529842463,2982056,3,pierna,terminal,-0.6193,-0.0900,0.2644,-8.6060,-69.2139,-2.0142,t009,FIJTB
2529842511,2982072,3,pierna,terminal,-0.5076,-0.1067,0.0668,5.3711,-116.8213,-9.4604,t009,FIJTB
2529842513,2982088,3,pierna,terminal,-0.6871,-0.0739,-0.1140,5.4932,-140.6250,-15.6250,t009,FIJTB
2529842514,2982104,3,pierna,terminal,-1.1567,-0.0441,0.0839,-22.0337,-119.9951,-23.3154,t009,FIJTB
2529842567,2982120,3,pierna,terminal,-2.4893,0.0181,0.8792,-49.5605,-79.1626,-21.1792,t009,FIJTB
2529842567,2982136,3,pierna,terminal,-2.3234,0.1708,0.6606,-156.3721,-17.5781,1.0986,t009,FIJTB
2529842567,2982152,3,pierna,terminal,-1.2733,0.3695,0.0980,-180.1147,-43.3960,1.7700,t009,FIJTB
2529842616,2982168,3,pierna,terminal,-0.3019,0.4209,-0.4257,-108.4595,-70.8008,10.8032,t009,FIJTB
2529842616,2982184,3,pierna,terminal,-0.4919,0.1576,-0.4965,23.0103,-97.5952,27.5879,t009,FIJTB
2529842618,2982200,3,pierna,terminal,-0.7159,-0.3922,-0.4943,41.3208,-92.5903,29.7852,t009,FIJTB
2529842634,2982216,3,pierna,terminal,-0.5601,-0.4203,-0.3945,47.1802,-70.5566,38.3911,t009,FIJTB
2529842674,2982233,3,pierna,terminal,-0.7723,-0.2366,-0.2921,68.2983,-50.7812,20.8130,t009,FIJTB
2529842674,2982249,3,pierna,terminal,-1.2664,-0.0801,-0.1606,76.5991,-44.5557,3.1738,t009,FIJTB
2529842674,2982265,3,pierna,terminal,-1.2572,-0.1433,-0.0411,40.3442,-44.3726,-15.9912,t009,FIJTB
2529842726,2982281,3,pierna,terminal,-1.1698,-0.3212,0.1058,3.1128,-50.4761,-15.1978,t009,FIJTB
2529842727,2982297,3,pierna,terminal,-1.0146,-0.3445,0.0831,-57.4341,-63.1714,-0.1831,t009,FIJTB
2529842727,2982313,3,pierna,terminal,-0.9557,-0.2260,0.0112,-77.6367,-65.2466,9.5825,t009,FIJTB
2529842780,2982329,3,pierna,terminal,-0.9542,0.0347,0.0159,-72.5098,-59.0210,10.3149,t009,FIJTB
2529842781,2982346,3,pierna,swing,-0.9156,0.1295,0.1077,-41.2598,-43.3960,6.8359,t009,FIJTB
2529842781,2982362,3,pierna,swing,-0.9406,0.2054,0.2533,-18.7988,-39.3066,5.0049,t009,FIJTB
2529842782,2982377,3,pierna,swing,-1.0123,0.1989,0.1979,28.1372,-36.8042,7.7515,t009,FIJTB
2529842831,2982393,3,pierna,swing,-1.0023,0.1304,0.1281,65.0024,-37.5366,17.7612,t009,FIJTB
2529842832,2982409,3,pierna,swing,-0.9905,-0.0718,-0.0288,77.6978,-38.2690,20.9351,t009,FIJTB
2529842832,2982425,3,pierna,swing,-0.9741,-0.1327,-0.0990,90.7593,-35.5835,19.1650,t009,FIJTB
2529842892,2982441,3,pierna,swing,-0.8838,-0.2251,-0.1323,89.7827,-32.9590,16.0522,t009,FIJTB
2529842893,2982457,3,pierna,swing,-0.9601,-0.2266,-0.0493,72.5708,-32.6538,9.0332,t009,FIJTB
2529842893,2982474,3,pierna,swing,-1.0193,-0.1768,-0.0298,44.7388,-34.9731,7.0190,t009,FIJTB
2529842894,2982490,3,pierna,swing,-1.0184,-0.0647,-0.0819,33.9966,-35.1563,7.4463,t009,FIJTB
2529842947,2982506,3,pierna,swing,-0.9772,-0.0509,-0.1218,27.2217,-35.1563,6.4697,t009,FIJTB
2529842948,2982522,3,pierna,swing,-0.8920,-0.0912,-0.1788,28.0151,-35.9497,5.3101,t009,FIJTB
2529842948,2982538,3,pierna,swing,-0.8916,-0.1376,-0.1702,27.8320,-37.7808,5.3711,t009,FIJTB
2529843002,2982554,3,pierna,swing,-0.9176,-0.1637,-0.1426,21.5454,-38.3911,6.7749,t009,FIJTB
2529843002,2982570,3,pierna,swing,-0.9773,-0.1825,-0.0861,16.5405,-38.2690,6.1646,t009,FIJTB
2529843003,2982586,3,pierna,swing,-1.0123,-0.1619,-0.0701,6.2256,-38.8184,4.2725,t009,FIJTB
2529843052,2982602,3,pierna,swing,-1.0195,-0.0516,-0.0934,5.4321,-39.8560,4.2725,t009,FIJTB
2529843054,2982618,3,pierna,swing,-0.9117,-0.0312,-0.1049,19.0430,-40.1001,6.1035,t009,FIJTB
2529843055,2982634,3,pierna,swing,-0.9316,-0.0747,-0.0791,38.4521,-36.9263,9.9487,t009,FIJTB
2529843055,2982650,3,pierna,swing,-0.9332,-0.1545,-0.0665,44.5557,-33.8135,10.7422,t009,FIJTB
2529843108,2982666,3,pierna,swing,-0.9213,-0.1763,-0.0907,49.9268,-30.3955,9.2163,t009,FIJTB
2529843109,2982682,3,pierna,swing,-0.9771,-0.1722,-0.1887,49.3164,-31.7383,7.2632,t009,FIJTB
2529843109,2982698,3,pierna,swing,-0.9850,-0.1335,-0.2561,41.8701,-34.9121,3.9062,t009,FIJTB
2529843161,2982714,3,pierna,swing,-0.9510,-0.0558,-0.3470,34.4238,-36.4990,1.8921,t009,FIJTB
2529843162,2982730,3,pierna,swing,-0.9514,-0.0455,-0.3556,33.0200,-37.9028,0.4883,t009,FIJTB
2529843163,2982746,3,pierna,swing,-0.9733,-0.0515,-0.3440,33.0811,-41.6870,-1.0376,t009,FIJTB
2529843216,2982762,3,pierna,swing,-0.9417,-0.0817,-0.3140,34.3628,-43.5791,-0.7935,t009,FIJTB
2529843216,2982779,3,pierna,swing,-0.9419,-0.1302,-0.2524,38.3911,-46.8750,-0.1831,t009,FIJTB
2529843216,2982795,3,pierna,swing,-0.9675,-0.1608,-0.2084,40.4663,-48.2788,0.4272,t009,FIJTB
2529843217,2982811,3,pierna,swing,-1.0221,-0.1881,-0.1345,40.4053,-48.4009,-0.6104,t009,FIJTB
2529843266,2982827,3,pierna,swing,-1.0382,-0.1764,-0.1104,38.6963,-47.6685,-6.8970,t009,FIJTB
2529843268,2982843,3,pierna,swing,-1.0182,-0.1947,-0.0885,39.0625,-47.7905,-9.3384,t009,FIJTB
2529843269,2982859,3,pierna,swing,-1.0237,-0.3035,-0.0500,43.9453,-49.5605,-6.7749,t009,FIJTB
2529843322,2982876,3,pierna,swing,-1.0769,-0.3424,-0.0084,45.7764,-49.3774,-3.4180,t009,FIJTB
2529843323,2982892,3,pierna,swing,-1.2104,-0.3472,0.1176,43.5791,-45.1660,-5.4932,t009,FIJTB
2529843323,2982908,3,pierna,swing,-1.2483,-0.3263,0.2019,36.1938,-27.2827,-15.6250,t009,FIJTB
2529843373,2982924,3,pierna,swing,-1.2432,-0.1663,0.3755,38.3301,-12.0850,-22.3389,t009,FIJTB
2529843374,2982940,3,pierna,loading,-1.1946,0.2073,0.3224,36.0718,14.4043,-41.3208,t009,FIJTB
2529843374,2982956,3,pierna,loading,-1.1392,0.3981,0.2235,43.0298,16.3574,-48.9502,t009,FIJTB
2529843377,2982972,3,pierna,loading,-1.1329,0.5461,-0.0032,62.2559,12.5732,-41.0156,t009,FIJTB
2529843434,2982988,3,pierna,loading,-1.1777,0.4779,-0.0751,127.1973,19.9585,-15.9912,t009,FIJTB
2529843434,2983004,3,pierna,loading,-1.1654,0.1412,-0.1396,157.7759,33.9355,-4.3945,t009,FIJTB
2529843434,2983020,3,pierna,loading,-1.1102,-0.1709,-0.1995,183.5327,64.0869,11.3525,t009,FIJTB
2529843444,2983036,3,pierna,loading,-1.1381,-0.2913,-0.2125,151.0620,83.1909,18.7378,t009,FIJTB
2529843486,2983052,3,pierna,loading,-1.2463,-0.4491,-0.2142,115.3564,89.5996,20.5078,t009,FIJTB
2529843488,2983068,3,pierna,loading,-1.2714,-0.4498,-0.2322,29.4189,100.6470,20.9961,t009,FIJTB
2529843489,2983084,3,pierna,loading,-1.2950,-0.3094,-0.2710,-10.2539,107.6050,20.3247,t009,FIJTB
2529843543,2983100,3,pierna,loading,-1.4010,-0.1438,-0.3062,-64.5142,124.3286,20.9351,t009,FIJTB
2529843544,2983116,3,pierna,loading,-1.4550,-0.0813,-0.3470,-92.2241,137.3291,27.5879,t009,FIJTB
2529843544,2983132,3,pierna,loading,-1.4301,0.0906,-0.3894,-100.2197,141.8457,28.1982,t009,FIJTB
2529843595,2983148,3,pierna,loading,-1.3833,0.1653,-0.3754,-91.0644,145.2637,36.9263,t009,FIJTB
2529843595,2983165,3,pierna,loading,-1.3094,0.1616,-0.3051,-76.7212,148.4375,43.8843,t009,FIJTB
2529843598,2983181,3,pierna,loading,-1.2119,0.1501,-0.2715,-44.6777,151.6724,52.0019,t009,FIJTB
2529843653,2983196,3,pierna,loading,-1.1587,0.1569,-0.2710,-21.0571,150.2686,51.0254,t009,FIJTB
2529843653,2983213,3,pierna,loading,-1.0514,0.1743,-0.3181,-11.5356,150.6348,47.6074,t009,FIJTB
2529843654,2983228,3,pierna,loading,-0.9945,0.1438,-0.3367,7.5073,150.5127,41.6870,t009,FIJTB
2529843654,2983244,3,pierna,loading,-0.8676,0.0074,-0.3564,12.5122,147.3389,41.2598,t009,FIJTB
2529843698,2983260,3,pierna,loading,-0.8158,-0.0647,-0.3580,3.2959,137.3291,43.3350,t009,FIJTB
2529843705,2983276,3,pierna,loading,-0.7356,-0.1407,-0.3250,-33.3252,129.3335,44.3726,t009,FIJTB
2529843707,2983292,3,pierna,loading,-0.6498,-0.0975,-0.2565,-57.5561,127.3804,43.0298,t009,FIJTB
2529843761,2983308,3,pierna,loading,-0.6294,-0.0586,-0.2135,-97.2290,124.3896,37.1704,t009,FIJTB
2529843762,2983325,3,pierna,loading,-0.6545,0.0034,-0.1151,-106.0791,121.7041,32.7148,t009,FIJTB
2529843762,2983341,3,pierna,loading,-0.6609,0.0358,-0.0012,-102.7222,111.0229,19.2261,t009,FIJTB
2529843762,2983357,3,pierna,loading,-0.6555,0.0581,0.0476,-94.5434,95.8862,3.1738,t009,FIJTB
2529843813,2983373,3,pierna,loading,-0.5699,0.1006,0.1129,-94.1772,86.6699,-0.7324,t009,FIJTB
2529843814,2983389,3,pierna,loading,-0.5349,0.1183,0.1655,-98.9380,66.5894,2.3193,t009,FIJTB
2529843815,2983405,3,pierna,loading,-0.5253,0.1062,0.3181,-101.4404,57.3730,2.5024,t009,FIJTB
2529843867,2983421,3,pierna,loading,-0.5486,0.0920,0.3778,-99.3652,33.2031,-3.4180,t009,FIJTB
2529843867,2983437,3,pierna,loading,-0.6422,0.0020,0.5272,-93.5059,22.9492,-3.6621,t009,FIJTB
2529843867,2983453,3,pierna,loading,-0.7563,-0.1144,0.7091,-76.0498,12.2070,8.9722,t009,FIJTB
2529843916,2983469,3,pierna,loading,-0.7324,-0.1666,0.7847,-61.1572,1.9531,19.8975,t009,FIJTB
2529843919,2983485,3,pierna,loading,-0.6467,-0.1934,0.9054,-55.6641,-3.0518,14.9536,t009,FIJTB
2529843919,2983501,3,pierna,loading,-0.6864,-0.1621,0.9301,-41.5039,-11.9629,0.4883,t009,FIJTB
2529843928,2983517,3,pierna,loading,-0.7051,-0.0916,0.8389,-34.7290,-17.7612,-2.9907,t009,FIJTB
2529843973,2983533,3,pierna,loading,-0.5914,0.0094,0.5850,-17.3950,-41.6870,-11.3525,t009,FIJTB
2529843974,2983549,3,pierna,loading,-0.5438,-0.0117,0.3839,11.6577,-83.3740,-18.8599,t009,FIJTB
2529843974,2983565,3,pierna,loading,-0.5891,-0.1489,-0.0696,19.0430,-100.7080,-17.5781,t009,FIJTB
2529844024,2983582,3,pierna,midstance,-0.6251,-0.1813,-0.2679,4.1504,-115.4785,-6.1035,t009,FIJTB
2529844024,2983598,3,pierna,midstance,-0.7465,-0.1339,-0.3596,-23.4985,-103.9429,3.9673,t009,FIJTB
2529844024,2983614,3,pierna,midstance,-1.3331,-0.0120,0.5765,-42.8467,-80.2612,6.8970,t009,FIJTB
2529844083,2983630,3,pierna,midstance,-2.0522,-0.1973,1.5974,-28.8086,1.8921,20.3857,t009,FIJTB
2529844084,2983646,3,pierna,midstance,-2.6013,-0.6353,1.2866,-51.8188,26.7334,30.3345,t009,FIJTB
2529844084,2983662,3,pierna,midstance,-0.7750,0.7079,-0.4414,-248.9014,-20.6299,21.8506,t009,FIJTB
2529844085,2983678,3,pierna,midstance,-0.5709,1.1282,-0.6246,-156.1890,-62.4390,49.2554,t009,FIJTB
2529844136,2983694,3,pierna,midstance,-0.5426,0.8311,-0.3541,-59.0820,-58.4717,47.3633,t009,FIJTB
2529844138,2983710,3,pierna,midstance,-0.2954,0.5015,-0.3213,52.5513,-74.3408,38.6963,t009,FIJTB
2529844139,2983726,3,pierna,midstance,-0.3037,-0.2852,-0.5045,90.5151,-99.3042,57.7393,t009,FIJTB
2529844195,2983742,3,pierna,midstance,-0.7417,-0.7234,-0.4506,121.3989,-110.2295,84.5947,t009,FIJTB
2529844196,2983758,3,pierna,midstance,-1.6857,-0.8514,-0.1273,69.0308,-54.0771,35.0342,t009,FIJTB
2529844196,2983775,3,pierna,midstance,-1.3043,-0.2017,0.1630,18.8599,-44.8608,11.6577,t009,FIJTB
2529844222,2983791,3,pierna,midstance,-0.8914,-0.0081,0.0878,-48.5229,-68.7256,-2.6855,t009,FIJTB
2529844250,2983807,3,pierna,midstance,-1.1497,-0.1178,0.0923,-67.1997,-75.0732,2.8076,t009,FIJTB
2529844251,2983823,3,pierna,midstance,-1.0269,-0.0203,0.0133,-99.5483,-70.8618,8.3008,t009,FIJTB
2529844251,2983839,3,pierna,midstance,-0.9042,0.0826,-0.0837,-76.0498,-77.5146,1.0986,t009,FIJTB
2529844310,2983855,3,pierna,midstance,-0.8656,0.1031,-0.1465,-52.1240,-82.0312,-4.2114,t009,FIJTB
2529844311,2983871,3,pierna,midstance,-0.9014,0.0835,-0.1278,-27.7710,-78.4302,-9.2163,t009,FIJTB
2529844311,2983888,3,pierna,midstance,-0.9478,0.0636,-0.0386,-17.8223,-72.0825,-3.9673,t009,FIJTB
2529844312,2983904,3,pierna,midstance,-1.1116,0.0323,-0.0037,11.4746,-67.7490,12.5122,t009,FIJTB
2529844365,2983920,3,pierna,midstance,-1.1398,0.0559,-0.0062,30.5176,-61.0962,16.9067,t009,FIJTB
2529844367,2983936,3,pierna,midstance,-1.0034,0.0750,-0.0145,39.2456,-57.6782,15.6250,t009,FIJTB
2529844368,2983952,3,pierna,midstance,-0.9534,0.0035,0.0002,58.1055,-59.8755,16.4185,t009,FIJTB
2529844424,2983967,3,pierna,midstance,-0.9279,-0.1923,0.0046,63.0493,-61.8896,17.5171,t009,FIJTB
2529844425,2983983,3,pierna,midstance,-0.9410,-0.2531,-0.0110,58.4717,-58.8379,16.1743,t009,FIJTB
2529844426,2983999,3,pierna,midstance,-0.9730,-0.3005,-0.0116,50.4761,-55.3589,13.7329,t009,FIJTB
2529844426,2984015,3,pierna,midstance,-1.0596,-0.2041,-0.0105,27.4658,-50.3540,10.7422,t009,FIJTB
2529844478,2984031,3,pierna,midstance,-1.0382,-0.1425,-0.0161,9.2773,-43.8232,11.2305,t009,FIJTB
2529844481,2984047,3,pierna,midstance,-0.9165,-0.0536,-0.0343,6.4087,-40.5273,11.5356,t009,FIJTB
2529844481,2984063,3,pierna,midstance,-0.8754,-0.0480,-0.0304,9.6436,-34.1797,10.5591,t009,FIJTB
2529844538,2984079,3,pierna,midstance,-0.8413,-0.0386,-0.0583,13.6719,-33.8135,7.0190,t009,FIJTB
2529844538,2984095,3,pierna,midstance,-1.0021,-0.0562,-0.1488,20.1416,-36.4380,-0.0610,t009,FIJTB
2529844539,2984111,3,pierna,midstance,-1.0056,-0.0356,-0.1722,22.3999,-37.5977,-0.5493,t009,FIJTB
2529844539,2984127,3,pierna,midstance,-0.9314,-0.0134,-0.1881,26.1841,-40.4663,0.9155,t009,FIJTB
2529844591,2984143,3,pierna,midstance,-0.9637,0.0120,-0.1738,34.6680,-46.8750,6.2256,t009,FIJTB
2529844593,2984159,3,pierna,midstance,-1.0485,0.0181,-0.1348,36.1328,-46.3867,6.3477,t009,FIJTB
2529844594,2984175,3,pierna,midstance,-1.0254,-0.0833,-0.1354,39.4287,-43.3350,9.8877,t009,FIJTB
2529844650,2984192,3,pierna,midstance,-0.9697,-0.1228,-0.1427,38.9404,-39.9780,12.1460,t009,FIJTB
2529844651,2984208,3,pierna,midstance,-0.9033,-0.1726,-0.1151,35.7056,-37.7808,10.7422,t009,FIJTB
2529844651,2984224,3,pierna,midstance,-0.9259,-0.1768,-0.1188,29.7852,-34.9121,7.9956,t009,FIJTB
2529844651,2984240,3,pierna,midstance,-1.0070,-0.1377,-0.1479,29.8462,-34.6680,7.2021,t009,FIJTB
2529844703,2984256,3,pierna,midstance,-0.9996,-0.1382,-0.1979,37.2314,-37.2925,4.8218,t009,FIJTB
2529844705,2984272,3,pierna,terminal,-1.0044,-0.1420,-0.2352,43.5791,-37.5366,5.0049,t009,FIJTB
2529844706,2984288,3,pierna,terminal,-0.9774,-0.1428,-0.2372,43.6401,-36.0718,5.6763,t009,FIJTB
2529844742,2984305,3,pierna,terminal,-0.9636,-0.1501,-0.2104,41.9922,-37.1704,5.1270,t009,FIJTB
2529844763,2984321,3,pierna,terminal,-0.9886,-0.1646,-0.1653,42.6636,-39.0625,5.1270,t009,FIJTB
2529844763,2984337,3,pierna,terminal,-0.9594,-0.1317,-0.1154,43.8232,-42.1143,3.9062,t009,FIJTB
2529844764,2984353,3,pierna,terminal,-0.9642,-0.1243,-0.0955,48.5229,-42.1753,-2.5024,t009,FIJTB
2529844816,2984369,3,pierna,terminal,-0.9918,-0.1409,-0.0210,50.2930,-41.5039,-5.6763,t009,FIJTB
2529844818,2984385,3,pierna,terminal,-0.9882,-0.1559,0.0035,55.1758,-37.7808,-9.7046,t009,FIJTB
2529844819,2984402,3,pierna,terminal,-0.9843,-0.1910,0.0193,60.4858,-33.6914,-10.6201,t009,FIJTB
2529844873,2984418,3,pierna,terminal,-1.0089,-0.1936,0.0593,65.3687,-31.7383,-9.8877,t009,FIJTB
2529844873,2984434,3,pierna,terminal,-1.0613,-0.1761,0.0846,68.8477,-28.3203,-10.0098,t009,FIJTB
2529844874,2984450,3,pierna,terminal,-1.1833,-0.1718,0.1775,69.1528,-24.6582,-10.8643,t009,FIJTB
2529844875,2984466,3,pierna,terminal,-1.2854,-0.1561,0.2701,71.4722,-8.5449,-16.4795,t009,FIJTB
2529844926,2984482,3,pierna,terminal,-1.5173,0.0453,0.5117,71.8384,7.6904,-24.8413,t009,FIJTB
2529844927,2984497,3,pierna,terminal,-1.4573,0.3184,0.6062,86.4258,52.8564,-50.2930,t009,FIJTB
2529844927,2984513,3,pierna,terminal,-1.3582,0.3175,0.5480,132.2021,81.6650,-56.3354,t009,FIJTB
2529844982,2984529,3,pierna,terminal,-1.1572,0.1287,0.1575,149.7803,80.3833,-44.6167,t009,FIJTB
2529844982,2984545,3,pierna,terminal,-1.1222,0.0266,-0.0676,156.7383,65.4907,-9.3994,t009,FIJTB
2529844984,2984561,3,pierna,terminal,-1.1779,-0.1119,-0.4105,144.3481,63.7207,6.8359,t009,FIJTB
2529844984,2984577,3,pierna,terminal,-1.3312,-0.1018,-0.4502,95.3979,76.1108,31.1279,t009,FIJTB
2529845036,2984594,3,pierna,terminal,-1.4442,-0.0946,-0.3861,33.0200,106.0791,42.1143,t009,FIJTB
2529845036,2984610,3,pierna,terminal,-1.4589,0.0298,-0.3652,3.6621,119.3237,41.1377,t009,FIJTB
2529845037,2984625,3,pierna,terminal,-1.3989,0.1344,-0.4272,-28.7476,127.5635,39.1846,t009,FIJTB
2529845093,2984641,3,pierna,terminal,-1.3091,0.2434,-0.4210,-29.1138,129.0283,42.4805,t009,FIJTB
2529845094,2984657,3,pierna,terminal,-1.1440,0.2502,-0.4336,-27.0996,133.3008,46.6309,t009,FIJTB
2529845094,2984673,3,pierna,terminal,-1.0531,0.2086,-0.4272,-21.4233,129.6387,46.6919,t009,FIJTB
2529845146,2984690,3,pierna,terminal,-1.0000,0.1290,-0.3927,-15.4419,126.4648,48.0347,t009,FIJTB
2529845147,2984705,3,pierna,swing,-1.0176,0.1190,-0.4001,-7.1411,120.3003,49.7436,t009,FIJTB
2529845147,2984721,3,pierna,swing,-1.0209,0.0803,-0.4536,-5.5542,117.7978,49.0723,t009,FIJTB
2529845147,2984738,3,pierna,swing,-0.9268,0.0077,-0.4537,-7.0190,116.3940,48.4009,t009,FIJTB
2529845207,2984754,3,pierna,swing,-0.8779,-0.0212,-0.4429,-21.5454,116.4551,46.3257,t009,FIJTB
2529845208,2984770,3,pierna,swing,-0.7438,-0.0339,-0.4373,-34.1797,113.8916,43.3350,t009,FIJTB
2529845208,2984786,3,pierna,swing,-0.6941,-0.0276,-0.4371,-57.6172,100.4639,37.8418,t009,FIJTB
2529845208,2984802,3,pierna,swing,-0.6827,-0.0052,-0.3698,-65.9790,94.1162,36.1328,t009,FIJTB
2529845262,2984818,3,pierna,swing,-0.7394,0.0314,-0.2646,-71.5942,87.1582,35.3394,t009,FIJTB
2529845263,2984834,3,pierna,swing,-0.7778,0.0168,-0.1935,-53.6499,79.1626,33.8135,t009,FIJTB
2529845263,2984850,3,pierna,swing,-0.8195,-0.0671,-0.0442,-44.5557,75.8057,30.8838,t009,FIJTB
2529845318,2984866,3,pierna,swing,-0.8273,-0.0681,0.0374,-45.7764,79.6509,22.0947,t009,FIJTB
2529845319,2984882,3,pierna,swing,-0.8445,0.0314,0.2463,-48.9502,86.4258,17.5781,t009,FIJTB
2529845319,2984898,3,pierna,swing,-0.8313,0.1510,0.4153,-49.7436,98.5718,8.3618,t009,FIJTB
2529845320,2984914,3,pierna,swing,-0.7883,0.1744,0.4408,-47.1191,94.8486,0.3662,t009,FIJTB
2529845370,2984930,3,pierna,swing,-0.6705,0.2017,0.4291,-43.2739,82.7026,-0.1831,t009,FIJTB
2529845372,2984946,3,pierna,swing,-0.6230,0.1814,0.4211,-30.5786,48.4009,5.1880,t009,FIJTB
2529845373,2984962,3,pierna,swing,-0.6398,0.0607,0.3621,-25.6348,32.2266,11.9629,t009,FIJTB
2529845428,2984978,3,pierna,swing,-0.6448,-0.0468,0.3027,-17.6392,5.3711,32.5928,t009,FIJTB
2529845428,2984994,3,pierna,swing,-0.8107,-0.3431,0.3453,-11.8408,-3.2959,46.0205,t009,FIJTB
2529845429,2985010,3,pierna,swing,-1.0656,-0.4526,0.4303,-6.1646,-8.7891,69.7632,t009,FIJTB
2529845479,2985026,3,pierna,swing,-1.0242,-0.3909,0.4503,-14.2822,0.2441,60.8520,t009,FIJTB
2529845481,2985042,3,pierna,swing,-0.8323,-0.1267,0.5291,-21.3623,7.8735,41.6260,t009,FIJTB
2529845481,2985058,3,pierna,swing,-0.8395,-0.0150,0.5677,-34.1187,18.4937,6.6528,t009,FIJTB
2529845482,2985074,3,pierna,swing,-0.8640,-0.0811,0.6360,-39.3677,20.3857,0.5493,t009,FIJTB
2529845535,2985090,3,pierna,swing,-0.7242,-0.2017,0.6554,-49.6826,12.9395,3.9062,t009,FIJTB
2529845535,2985106,3,pierna,swing,-0.6779,-0.2073,0.6279,-58.7769,-10.0708,8.2397,t009,FIJTB
2529845536,2985122,3,pierna,swing,-0.6318,-0.1914,0.5330,-64.5142,-21.4844,6.0425,t009,FIJTB
2529845588,2985138,3,pierna,swing,-0.6102,-0.1617,0.4784,-78.3691,-39.1235,0.3052,t009,FIJTB
2529845589,2985154,3,pierna,swing,-0.6138,-0.0935,0.4011,-81.8481,-46.3257,0.7324,t009,FIJTB
2529845590,2985170,3,pierna,swing,-0.6324,-0.1360,0.3612,-64.0259,-63.5986,8.7891,t009,FIJTB
2529845643,2985186,3,pierna,swing,-0.5566,-0.1251,0.2054,-47.5464,-124.0845,1.2817,t009,FIJTB
2529845643,2985203,3,pierna,swing,-0.9307,0.0409,0.0392,-41.5039,-148.1323,-7.5684,t009,FIJTB
2529845644,2985219,3,pierna,swing,-1.6466,0.0830,0.5823,-34.5459,-98.5107,-34.4849,t009,FIJTB
2529845644,2985235,3,pierna,swing,-3.0659,-0.2590,1.0653,-53.6499,-50.4761,-24.2310,t009,FIJTB
2529845694,2985251,3,pierna,swing,-1.2607,0.3619,-0.1464,-196.7773,-5.5542,30.1514,t009,FIJTB
2529845696,2985267,3,pierna,swing,-0.4867,0.6686,-0.3730,-165.1001,-38.0249,38.3911,t009,FIJTB
2529845697,2985283,3,pierna,swing,-0.4324,0.6619,-0.4568,-78.9795,-54.8096,35.3394,t009,FIJTB
2529845752,2985299,3,pierna,swing,-0.4990,0.4740,-0.5103,38.0859,-67.6880,29.9072,t009,FIJTB
2529845753,2985315,3,pierna,swing,-0.2566,-0.1647,-0.5764,58.6548,-77.3926,31.5552,t009,FIJTB
2529845754,2985331,3,pierna,swing,-0.8977,-0.4657,-0.3934,98.8769,-82.8857,32.3486,t009,FIJTB
2529845754,2985347,3,pierna,swing,-1.4355,-0.4412,-0.2189,109.3140,-56.9458,15.9302,t009,FIJTB
2529845806,2985363,3,pierna,swing,-1.5269,-0.4091,0.1021,80.8105,-46.0205,6.1646,t009,FIJTB
2529845807,2985379,3,pierna,swing,-1.1062,-0.3063,0.0995,-2.8076,-51.9409,-7.5073,t009,FIJTB
2529845807,2985395,3,pierna,swing,-0.9812,-0.1493,0.0459,-37.5977,-59.6313,-7.4463,t009,FIJTB
2529845853,2985411,3,pierna,swing,-1.0441,-0.1517,0.0247,-76.9653,-62.8052,-5.3711,t009,FIJTB
2529845865,2985428,3,pierna,swing,-0.9684,-0.1431,-0.0022,-75.9277,-60.0586,-3.7231,t009,FIJTB
2529845865,2985444,3,pierna,swing,-0.8240,-0.0046,-0.0038,-71.5942,-56.7627,-0.3052,t009,FIJTB
2529845866,2985460,3,pierna,loading,-0.8420,0.0963,0.0206,-45.3491,-51.8799,7.3853,t009,FIJTB
2529845919,2985476,3,pierna,loading,-0.9768,0.2330,0.0446,5.3711,-54.7485,9.7656,t009,FIJTB
2529845921,2985492,3,pierna,loading,-1.0422,0.2434,0.0298,32.7148,-55.9692,9.8877,t009,FIJTB
2529845922,2985508,3,pierna,loading,-1.0548,0.1775,0.0201,74.8901,-53.4058,9.9487,t009,FIJTB
2529845980,2985524,3,pierna,loading,-1.0020,-0.0773,0.0427,85.3882,-50.5371,10.9253,t009,FIJTB
2529845980,2985540,3,pierna,loading,-0.9430,-0.1788,0.0363,82.5806,-52.2461,14.3433,t009,FIJTB
2529845981,2985556,3,pierna,loading,-0.9237,-0.2148,-0.0267,75.8057,-53.8330,16.3574,t009,FIJTB
2529845981,2985572,3,pierna,loading,-0.9578,-0.1816,-0.0217,64.5142,-52.3071,14.6484,t009,FIJTB
2529846036,2985588,3,pierna,loading,-1.0142,-0.1490,-0.0160,55.6030,-49.3774,7.2021,t009,FIJTB
2529846037,2985605,3,pierna,loading,-1.0563,-0.0912,-0.0306,50.0488,-48.0347,4.8828,t009,FIJTB
2529846038,2985621,3,pierna,loading,-1.0255,-0.0791,-0.0342,38.2690,-45.2881,4.0894,t009,FIJTB
2529846094,2985637,3,pierna,loading,-0.9337,-0.0872,-0.0498,34.4238,-45.1660,4.0283,t009,FIJTB
2529846095,2985653,3,pierna,loading,-0.9204,-0.1125,-0.0594,31.7993,-46.5088,4.3335,t009,FIJTB
2529846095,2985669,3,pierna,loading,-0.9386,-0.1289,-0.0521,30.2124,-45.7764,6.4697,t009,FIJTB
2529846096,2985685,3,pierna,loading,-0.9908,-0.1530,0.0043,29.0527,-44.1284,8.3008,t009,FIJTB
2529846150,2985701,3,pierna,loading,-0.9794,-0.1260,0.0409,28.5034,-39.0015,10.2539,t009,FIJTB
2529846153,2985717,3,pierna,loading,-0.9750,-0.1152,0.1306,30.3345,-36.8042,10.8643,t009,FIJTB
2529846153,2985733,3,pierna,loading,-0.9703,-0.1036,0.1571,35.4614,-35.3394,10.1929,t009,FIJTB
2529846154,2985749,3,pierna,loading,-0.9333,-0.1068,0.1179,45.1660,-32.7148,9.0332,t009,FIJTB
2529846210,2985765,3,pierna,loading,-0.9554,-0.2229,0.0057,52.7954,-32.3486,11.4746,t009,FIJTB
2529846211,2985781,3,pierna,loading,-0.9882,-0.2599,-0.0627,56.2744,-32.1655,13.8550,t009,FIJTB
2529846211,2985797,3,pierna,loading,-0.9935,-0.2396,-0.1531,52.8564,-31.0059,11.2915,t009,FIJTB
2529846260,2985813,3,pierna,loading,-0.9672,-0.1504,-0.1992,44.6777,-27.0386,1.6479,t009,FIJTB
2529846268,2985830,3,pierna,loading,-0.9547,-0.1199,-0.2390,37.2925,-24.2310,-3.4790,t009,FIJTB
2529846268,2985846,3,pierna,loading,-0.9105,-0.0392,-0.3611,31.4941,-24.2310,-3.4790,t009,FIJTB
2529846268,2985862,3,pierna,loading,-0.8870,0.0214,-0.4054,21.3013,-28.3813,-1.8311,t009,FIJTB
2529846324,2985878,3,pierna,loading,-0.9467,0.0681,-0.3627,22.7661,-30.8838,-1.0376,t009,FIJTB
2529846325,2985894,3,pierna,loading,-0.9449,0.0153,-0.2708,36.1328,-35.5225,-0.5493,t009,FIJTB
2529846325,2985910,3,pierna,loading,-0.9598,-0.0447,-0.2654,50.0488,-41.3818,0.2441,t009,FIJTB
2529846379,2985926,3,pierna,loading,-1.0261,-0.1200,-0.2407,52.1851,-43.0298,0.6104,t009,FIJTB
2529846381,2985942,3,pierna,loading,-1.0248,-0.1353,-0.2120,46.7529,-42.0532,-1.5259,t009,FIJTB
2529846381,2985959,3,pierna,loading,-0.9913,-0.2042,-0.1410,41.9311,-41.4429,-2.7466,t009,FIJTB
2529846381,2985975,3,pierna,loading,-0.9919,-0.2645,-0.0603,34.9121,-42.0532,-4.3335,t009,FIJTB
2529846437,2985991,3,pierna,loading,-1.0286,-0.2671,-0.0142,28.1982,-45.2270,-7.9346,t009,FIJTB
2529846438,2986007,3,pierna,loading,-1.1239,-0.2301,0.1338,25.0854,-43.5791,-11.4746,t009,FIJTB
2529846438,2986023,3,pierna,loading,-1.1534,-0.2080,0.2025,28.6255,-28.6865,-16.9067,t009,FIJTB
2529846492,2986039,3,pierna,loading,-1.1604,-0.1885,0.2527,37.2314,-17.0288,-22.0947,t009,FIJTB
2529846493,2986055,3,pierna,loading,-1.2163,-0.0222,0.3317,39.3677,-14.1602,-28.4424,t009,FIJTB
2529846493,2986072,3,pierna,loading,-1.2374,0.1378,0.3877,41.9311,-6.5308,-44.3726,t009,FIJTB
2529846493,2986088,3,pierna,loading,-1.2004,0.4602,0.3572,51.5137,-1.5869,-47.4853,t009,FIJTB
2529846549,2986104,3,pierna,loading,-1.3080,0.4687,0.2755,109.3140,11.7798,-42.5415,t009,FIJTB
2529846549,2986120,3,pierna,loading,-1.3291,0.3466,0.1868,177.1850,41.5649,-28.4424,t009,FIJTB
2529846550,2986136,3,pierna,loading,-1.1603,-0.0876,-0.1121,196.1059,57.0679,-17.8223,t009,FIJTB
2529846602,2986152,3,pierna,midstance,-1.0994,-0.2976,-0.2487,180.2978,72.5098,5.6763,t009,FIJTB
2529846603,2986167,3,pierna,midstance,-1.1472,-0.5114,-0.3524,150.3296,75.0122,14.8315,t009,FIJTB
2529846603,2986184,3,pierna,midstance,-1.2516,-0.5149,-0.3262,58.7158,85.4492,22.3999,t009,FIJTB
2529846604,2986200,3,pierna,midstance,-1.4132,-0.4386,-0.3153,8.7280,94.5434,25.1465,t009,FIJTB
2529846664,2986215,3,pierna,midstance,-1.4203,-0.2860,-0.4021,-63.5376,112.3657,31.2500,t009,FIJTB
2529846664,2986232,3,pierna,midstance,-1.3798,-0.2129,-0.4752,-96.6186,120.3613,35.2783,t009,FIJTB
2529846665,2986248,3,pierna,midstance,-1.3049,-0.0487,-0.4817,-102.1728,123.7793,36.2549,t009,FIJTB
2529846719,2986264,3,pierna,midstance,-1.2590,0.0499,-0.4594,-105.8350,130.3101,34.5459,t009,FIJTB
2529846721,2986280,3,pierna,midstance,-1.1398,0.0675,-0.4285,-103.8208,131.3477,36.0718,t009,FIJTB
2529846721,2986296,3,pierna,midstance,-1.1172,0.0406,-0.3738,-93.0786,130.4321,42.7856,t009,FIJTB
2529846721,2986312,3,pierna,midstance,-1.1171,0.0774,-0.3627,-81.7871,128.2959,42.6636,t009,FIJTB
2529846777,2986328,3,pierna,midstance,-1.0408,0.1420,-0.3796,-72.9370,127.5635,40.9546,t009,FIJTB
2529846777,2986344,3,pierna,midstance,-0.9884,0.1450,-0.3804,-49.0723,125.1221,40.9546,t009,FIJTB
2529846778,2986360,3,pierna,midstance,-0.8973,0.1022,-0.3679,-38.4521,123.2300,40.4663,t009,FIJTB
2529846831,2986376,3,pierna,midstance,-0.7828,0.0663,-0.3632,-32.2266,117.4316,37.5977,t009,FIJTB
2529846832,2986392,3,pierna,midstance,-0.7468,0.0469,-0.3489,-34.4238,107.4219,39.9780,t009,FIJTB
2529846832,2986408,3,pierna,midstance,-0.7476,-0.0056,-0.2655,-38.0859,103.0884,41.6260,t009,FIJTB
2529846832,2986424,3,pierna,midstance,-0.7599,-0.0060,-0.2216,-57.7393,100.3418,39.4897,t009,FIJTB
2529846888,2986440,3,pierna,midstance,-0.7450,0.0237,-0.1342,-70.1904,101.1963,36.4380,t009,FIJTB
2529846888,2986456,3,pierna,midstance,-0.7012,0.0394,-0.0388,-88.8061,99.4263,30.3955,t009,FIJTB
2529846889,2986472,3,pierna,midstance,-0.7205,0.0541,0.0118,-98.3887,94.2993,21.6675,t009,FIJTB
2529846941,2986488,3,pierna,midstance,-0.7520,0.0874,0.0868,-98.8769,91.2476,16.1743,t009,FIJTB
2529846943,2986504,3,pierna,midstance,-0.7469,0.1151,0.1157,-92.5293,80.8716,4.2725,t009,FIJTB
2529846943,2986520,3,pierna,midstance,-0.7068,0.1776,0.1917,-86.9141,74.3408,-1.1597,t009,FIJTB
2529846944,2986536,3,pierna,midstance,-0.7371,0.1952,0.2673,-69.1528,59.6313,-5.1270,t009,FIJTB
2529846998,2986552,3,pierna,midstance,-0.7631,0.1969,0.3005,-44.3115,45.3491,-2.3804,t009,FIJTB
2529846999,2986568,3,pierna,midstance,-0.8040,0.2031,0.3689,-33.4473,40.1611,-2.5635,t009,FIJTB
2529846999,2986584,3,pierna,terminal,-0.8206,0.1667,0.4165,-12.6343,33.4473,0.9155,t009,FIJTB
2529847051,2986600,3,pierna,terminal,-0.8481,-0.0469,0.4443,-1.9531,30.0903,9.8267,t009,FIJTB
2529847052,2986616,3,pierna,terminal,-0.7388,-0.3690,0.4795,15.8691,20.0806,35.2783,t009,FIJTB
2529847053,2986632,3,pierna,terminal,-0.7117,-0.4424,0.5100,20.3247,3.3569,41.3208,t009,FIJTB
2529847054,2986648,3,pierna,terminal,-0.7590,-0.3702,0.5421,11.9019,-2.7466,34.0576,t009,FIJTB
2529847110,2986664,3,pierna,terminal,-0.8246,-0.2792,0.5757,-18.1885,-1.1597,9.1553,t009,FIJTB
2529847110,2986680,3,pierna,terminal,-0.9530,-0.1312,0.6868,-32.2266,4.6997,0.2441,t009,FIJTB
2529847110,2986696,3,pierna,terminal,-0.9115,-0.0797,0.7162,-46.3257,9.3384,-1.4038,t009,FIJTB
2529847162,2986712,3,pierna,terminal,-0.6985,-0.0267,0.6771,-36.1328,-9.7656,4.6387,t009,FIJTB
2529847164,2986728,3,pierna,terminal,-0.6494,-0.0850,0.5801,-26.9775,-23.6206,6.0425,t009,FIJTB
2529847165,2986744,3,pierna,terminal,-0.6754,-0.1331,0.5184,-23.1934,-46.2646,5.5542,t009,FIJTB
2529847165,2986760,3,pierna,terminal,-0.6757,-0.1791,0.3887,-30.9448,-53.8940,5.1270,t009,FIJTB
2529847220,2986776,3,pierna,terminal,-0.6526,-0.1748,0.3552,-39.7949,-71.1670,3.3569,t009,FIJTB
2529847221,2986792,3,pierna,terminal,-0.6503,-0.0757,0.3571,-33.8135,-89.9658,1.2207,t009,FIJTB
2529847221,2986808,3,pierna,terminal,-1.5999,-0.0437,0.9475,-25.6958,-113.8916,-20.0806,t009,FIJTB
2529847272,2986824,3,pierna,terminal,-2.3723,-0.2725,1.1626,-26.9775,-56.7017,-8.1177,t009,FIJTB
2529847273,2986840,3,pierna,terminal,-1.9808,-0.3689,0.2354,-98.6938,-30.2734,18.7988,t009,FIJTB
2529847275,2986856,3,pierna,terminal,-1.1954,0.0894,-0.3430,-229.4922,-35.0952,48.2178,t009,FIJTB
2529847331,2986873,3,pierna,terminal,-0.6237,0.6963,-0.5337,-204.3457,-49.4385,52.2461,t009,FIJTB
2529847332,2986889,3,pierna,terminal,-0.6202,0.6870,-0.4717,-69.4580,-58.7158,42.5415,t009,FIJTB
2529847332,2986905,3,pierna,terminal,-0.4266,0.4663,-0.5011,21.2402,-69.0308,42.4805,t009,FIJTB
2529847333,2986921,3,pierna,terminal,-0.2897,0.0835,-0.3586,53.8330,-73.3032,38.0249,t009,FIJTB
2529847386,2986937,3,pierna,terminal,-0.7111,-0.0774,-0.3110,133.6060,-76.6602,23.0713,t009,FIJTB
2529847387,2986953,3,pierna,terminal,-1.5363,-0.4337,-0.0916,150.4517,-69.5190,18.9819,t009,FIJTB
2529847387,2986969,3,pierna,terminal,-1.3157,-0.5436,0.1262,89.0503,-51.7578,12.8784,t009,FIJTB
2529847437,2986984,3,pierna,terminal,-1.1089,-0.4930,0.0905,-10.2539,-56.8237,8.4229,t009,FIJTB
2529847445,2987001,3,pierna,terminal,-1.0457,-0.2771,0.0730,-47.3633,-63.4155,2.5024,t009,FIJTB
2529847446,2987017,3,pierna,terminal,-1.0217,-0.1456,0.0416,-83.3130,-71.8384,-10.6201,t009,FIJTB
2529847446,2987033,3,pierna,terminal,-0.9475,0.0088,-0.0469,-80.8716,-70.0073,-13.9160,t009,FIJTB
2529847499,2987049,3,pierna,terminal,-0.8063,0.1168,0.0292,-53.4668,-58.8989,-10.4370,t009,FIJTB
2529847501,2987065,3,pierna,terminal,-0.7871,0.1748,0.0719,-5.3101,-60.0586,3.9062,t009,FIJTB
2529847502,2987081,3,pierna,terminal,-0.9452,0.2592,0.0906,23.3765,-63.1103,10.2539,t009,FIJTB
2529847502,2987097,3,pierna,terminal,-1.0284,0.2363,0.0839,69.1528,-62.8662,14.8926,t009,FIJTB
2529847559,2987113,3,pierna,terminal,-1.0819,0.1095,0.1002,82.0312,-59.8144,15.0146,t009,FIJTB
2529847559,2987129,3,pierna,terminal,-1.0483,-0.0664,0.0895,91.7358,-54.1382,16.2964,t009,FIJTB
2529847560,2987145,3,pierna,terminal,-0.9641,-0.1371,0.0701,99.2432,-53.8940,16.0522,t009,FIJTB
2529847614,2987161,3,pierna,terminal,-0.9392,-0.2869,0.0781,101.3794,-54.8096,13.4888,t009,FIJTB
2529847614,2987177,3,pierna,swing,-0.9910,-0.3490,0.1039,91.2476,-49.6216,8.8501,t009,FIJTB
2529847616,2987192,3,pierna,swing,-1.0684,-0.3359,0.0955,78.6133,-44.9219,7.0190,t009,FIJTB
2529847617,2987209,3,pierna,swing,-1.0464,-0.2711,0.0592,47.2412,-34.7900,4.6997,t009,FIJTB
2529847676,2987224,3,pierna,swing,-0.9695,-0.1102,-0.0383,36.2549,-31.6772,4.4556,t009,FIJTB
2529847677,2987240,3,pierna,swing,-0.9065,-0.0137,-0.0996,32.7148,-31.7383,2.8687,t009,FIJTB
2529847677,2987256,3,pierna,swing,-0.8944,0.0017,-0.1307,35.5835,-36.9873,-1.5869,t009,FIJTB
2529847677,2987272,3,pierna,swing,-0.9104,-0.0225,-0.2206,37.5977,-39.5508,-2.5635,t009,FIJTB
2529847732,2987289,3,pierna,swing,-0.9220,-0.0511,-0.2096,47.4853,-40.4053,5.6763,t009,FIJTB
2529847734,2987305,3,pierna,swing,-0.9714,-0.0917,-0.1160,50.1099,-40.5273,10.6812,t009,FIJTB
2529847735,2987321,3,pierna,swing,-1.0116,-0.1718,-0.0298,48.0957,-39.4897,16.2964,t009,FIJTB
2529847792,2987337,3,pierna,swing,-0.9854,-0.1901,-0.0211,40.8936,-34.1797,16.7236,t009,FIJTB
2529847793,2987353,3,pierna,swing,-0.9480,-0.2272,-0.0343,37.1704,-29.8462,15.8081,t009,FIJTB
2529847794,2987369,3,pierna,swing,-0.9404,-0.2681,-0.0417,34.4238,-25.8789,11.5967,t009,FIJTB
2529847794,2987385,3,pierna,swing,-0.9717,-0.2893,-0.1090,32.2876,-27.2217,8.4229,t009,FIJTB
2529847850,2987401,3,pierna,swing,-1.0042,-0.1667,-0.1779,19.7144,-29.1748,1.8311,t009,FIJTB
2529847850,2987417,3,pierna,swing,-0.9962,-0.0894,-0.1838,10.0098,-27.5879,-4.9438,t009,FIJTB
2529847851,2987434,3,pierna,swing,-0.9623,0.0040,-0.2229,9.0332,-27.0386,-7.0801,t009,FIJTB
2529847910,2987450,3,pierna,swing,-0.9462,0.0126,-0.2560,16.7847,-30.5176,-4.6387,t009,FIJTB
2529847910,2987466,3,pierna,swing,-0.9084,-0.0231,-0.3146,23.4985,-33.0200,-1.5869,t009,FIJTB
2529847911,2987482,3,pierna,swing,-0.9117,-0.0582,-0.2720,33.5083,-35.8887,0.6104,t009,FIJTB
2529847911,2987498,3,pierna,swing,-0.9198,-0.0731,-0.2467,34.6680,-39.0015,-1.8311,t009,FIJTB
2529847969,2987514,3,pierna,swing,-0.9978,-0.1362,-0.2244,33.0200,-40.8936,-2.5635,t009,FIJTB
2529847969,2987531,3,pierna,swing,-1.0032,-0.1152,-0.2012,24.7192,-40.5273,-6.1035,t009,FIJTB
2529847969,2987547,3,pierna,swing,-0.9945,-0.1257,-0.1757,22.3999,-38.1470,-7.3242,t009,FIJTB
2529847969,2987563,3,pierna,swing,-0.9547,-0.1503,-0.1083,20.8130,-37.9028,-6.4697,t009,FIJTB
2529848026,2987579,3,pierna,swing,-0.9639,-0.1635,-0.0885,23.5596,-37.1704,-6.5918,t009,FIJTB
2529848027,2987595,3,pierna,swing,-0.9951,-0.1669,-0.0769,25.4517,-37.5366,-7.4463,t009,FIJTB
2529848027,2987611,3,pierna,swing,-1.0111,-0.1459,-0.0685,28.6255,-40.1001,-7.3242,t009,FIJTB
2529848081,2987627,3,pierna,swing,-1.0211,-0.1475,-0.0552,34.0576,-43.0908,-7.8125,t009,FIJTB
2529848082,2987643,3,pierna,swing,-1.0531,-0.2194,-0.0182,38.2690,-42.3584,-9.1553,t009,FIJTB
2529848084,2987659,3,pierna,swing,-1.0867,-0.2681,-0.0309,43.6401,-36.7432,-14.0991,t009,FIJTB
2529848084,2987675,3,pierna,swing,-1.1356,-0.1863,-0.0188,38.0859,-32.1655,-20.2637,t009,FIJTB
2529848141,2987692,3,pierna,swing,-1.0870,0.1398,-0.0109,16.7847,-23.3154,-37.7808,t009,FIJTB
2529848141,2987708,3,pierna,swing,-1.0432,0.2756,-0.0232,19.0430,-17.7002,-48.4619,t009,FIJTB
2529848142,2987724,3,pierna,swing,-1.0679,0.3591,0.0060,34.3018,-14.2822,-48.7671,t009,FIJTB
2529848195,2987740,3,pierna,swing,-1.1049,0.3456,0.0430,77.3315,-3.6011,-44.4336,t009,FIJTB
2529848196,2987756,3,pierna,loading,-1.1759,0.2319,0.1282,102.8442,4.2725,-40.7715,t009,FIJTB
2529848196,2987772,3,pierna,loading,-1.1746,-0.0487,0.1055,150.0244,24.4751,-22.7051,t009,FIJTB
2529848197,2987788,3,pierna,loading,-1.1628,-0.2062,0.0616,165.2832,46.1426,-2.1973,t009,FIJTB
2529848258,2987804,3,pierna,loading,-1.1600,-0.4037,-0.0101,150.8179,56.2744,4.6997,t009,FIJTB
2529848258,2987820,3,pierna,loading,-1.1639,-0.4100,-0.0460,87.8296,72.3267,10.1929,t009,FIJTB
2529848259,2987836,3,pierna,loading,-1.1826,-0.2976,-0.1703,52.3682,78.1250,10.4980,t009,FIJTB
2529848259,2987852,3,pierna,loading,-1.2035,-0.2249,-0.2321,-3.4180,86.1206,11.2915,t009,FIJTB
2529848313,2987868,3,pierna,loading,-1.2953,-0.0902,-0.3153,-29.0527,96.9238,11.6577,t009,FIJTB
2529848315,2987884,3,pierna,loading,-1.3447,-0.0087,-0.3596,-34.8511,103.3935,11.5967,t009,FIJTB
2529848316,2987900,3,pierna,loading,-1.3184,0.0067,-0.3696,-39.7339,111.5723,20.7520,t009,FIJTB
2529848372,2987916,3,pierna,loading,-1.2861,0.0085,-0.3582,-40.0391,112.9150,30.5786,t009,FIJTB
2529848373,2987932,3,pierna,loading,-1.2946,0.0320,-0.3557,-59.2041,118.2251,37.2314,t009,FIJTB
2529848374,2987947,3,pierna,loading,-1.2056,0.1934,-0.3442,-69.1528,120.6665,38.5132,t009,FIJTB
2529848374,2987964,3,pierna,loading,-1.0967,0.2177,-0.3425,-62.2559,121.7651,47.4243,t009,FIJTB
2529848427,2987980,3,pierna,loading,-1.0511,0.1930,-0.3425,-38.7573,117.6758,50.5371,t009,FIJTB
2529848429,2987996,3,pierna,loading,-1.0029,0.1227,-0.3308,-27.5879,114.1357,49.5605,t009,FIJTB
2529848430,2988011,3,pierna,loading,-0.9996,0.0968,-0.3469,-17.3950,110.7788,44.1284,t009,FIJTB
2529848486,2988027,3,pierna,loading,-0.9515,0.0631,-0.3945,-17.4561,111.6943,41.2598,t009,FIJTB
2529848487,2988043,3,pierna,loading,-0.8787,-0.0063,-0.3588,-19.5313,112.7930,38.8184,t009,FIJTB
2529848487,2988059,3,pierna,loading,-0.8591,-0.0292,-0.3270,-31.3110,112.7319,36.1938,t009,FIJTB
2529848488,2988076,3,pierna,loading,-0.8112,-0.0125,-0.2668,-40.7104,112.3657,34.3628,t009,FIJTB
2529848543,2988092,3,pierna,loading,-0.7931,-0.0101,-0.2371,-52.6733,108.3984,34.1187,t009,FIJTB
2529848543,2988108,3,pierna,loading,-0.7865,-0.0807,-0.1346,-54.9316,104.0039,37.5366,t009,FIJTB
2529848544,2988124,3,pierna,loading,-0.8630,-0.1229,0.0131,-67.5049,97.2900,45.1660,t009,FIJTB
2529848544,2988140,3,pierna,loading,-0.9014,-0.1022,0.0714,-87.5854,98.1445,41.6260,t009,FIJTB
2529848608,2988155,3,pierna,loading,-0.8888,0.0006,0.1552,-92.5293,98.8769,36.4380,t009,FIJTB
2529848608,2988171,3,pierna,loading,-0.8647,0.0583,0.1885,-88.4399,95.7642,26.0620,t009,FIJTB
2529848608,2988187,3,pierna,loading,-0.8191,0.1438,0.2211,-83.1909,90.7593,20.8740,t009,FIJTB
2529848609,2988203,3,pierna,loading,-0.7836,0.1908,0.2251,-69.1528,75.6836,9.7656,t009,FIJTB
2529848661,2988219,3,pierna,loading,-0.7203,0.2351,0.2078,-59.3262,67.0166,5.8594,t009,FIJTB
2529848663,2988235,3,pierna,loading,-0.6803,0.1635,0.2301,-40.8325,49.7436,2.6855,t009,FIJTB
2529848663,2988251,3,pierna,loading,-0.7187,0.1147,0.2759,-27.1606,37.2314,5.1880,t009,FIJTB
2529848720,2988267,3,pierna,loading,-0.8221,0.0586,0.3356,-23.6206,35.4614,6.8970,t009,FIJTB
2529848721,2988283,3,pierna,loading,-0.8217,0.0146,0.3376,-22.5220,33.5083,12.4512,t009,FIJTB
2529848721,2988298,3,pierna,loading,-0.7611,-0.1584,0.3448,-22.3999,29.6020,18.6768,t009,FIJTB
2529848721,2988315,3,pierna,loading,-0.7046,-0.3289,0.3315,-20.2637,15.4419,30.5786,t009,FIJTB
2529848773,2988331,3,pierna,loading,-0.6934,-0.3580,0.3270,-18.0664,-5.2490,34.5459,t009,FIJTB
2529848773,2988347,3,pierna,midstance,-0.7212,-0.3003,0.3481,-20.9351,-13.3667,31.9824,t009,FIJTB
2529848773,2988363,3,pierna,midstance,-0.7744,-0.2134,0.3873,-35.1563,-16.9067,15.8691,t009,FIJTB
2529848835,2988379,3,pierna,midstance,-0.8788,-0.0422,0.5198,-42.9687,-13.2446,6.7139,t009,FIJTB
2529848835,2988395,3,pierna,midstance,-0.8490,-0.0028,0.6074,-49.6216,-5.3101,0.7935,t009,FIJTB
2529848836,2988411,3,pierna,midstance,-0.7640,-0.0189,0.6060,-38.5742,-16.5405,7.3242,t009,FIJTB
2529848836,2988427,3,pierna,midstance,-0.6765,-0.0533,0.5709,-29.2358,-29.2358,9.2163,t009,FIJTB
2529848890,2988443,3,pierna,midstance,-0.7253,-0.0641,0.5348,-12.6343,-56.9458,5.4321,t009,FIJTB
2529848892,2988459,3,pierna,midstance,-0.7697,-0.0352,0.3644,-9.8877,-70.4956,0.0610,t009,FIJTB
2529848893,2988475,3,pierna,midstance,-0.9358,-0.0303,0.4988,-6.8359,-88.3789,-17.5781,t009,FIJTB
2529848949,2988492,3,pierna,midstance,-1.1942,-0.0980,0.6877,-5.6763,-81.2988,-13.2446,t009,FIJTB
2529848950,2988508,3,pierna,midstance,-1.5154,-0.3467,0.9458,-11.8408,-70.6177,1.8921,t009,FIJTB
2529848950,2988524,3,pierna,midstance,-1.5010,-0.4618,0.9099,-47.8516,-49.8657,32.6538,t009,FIJTB
2529848950,2988540,3,pierna,midstance,-1.1844,-0.1736,0.4415,-91.4307,-43.1519,36.1328,t009,FIJTB
2529849002,2988557,3,pierna,midstance,-0.9592,0.4292,-0.0698,-162.4756,-47.6074,30.8228,t009,FIJTB
2529849003,2988573,3,pierna,midstance,-0.9105,0.5530,-0.2769,-111.2671,-64.5142,28.4424,t009,FIJTB
2529849004,2988589,3,pierna,midstance,-0.7258,0.5037,-0.3781,-68.7866,-71.9604,25.5127,t009,FIJTB
2529849061,2988605,3,pierna,midstance,-0.5798,0.3223,-0.2900,2.6855,-79.2847,19.4092,t009,FIJTB
2529849062,2988621,3,pierna,midstance,-0.6395,0.1737,-0.2501,51.2695,-78.1860,17.5171,t009,FIJTB
2529849062,2988637,3,pierna,midstance,-1.0957,-0.0944,-0.1226,68.6035,-74.2188,20.0806,t009,FIJTB
2529849062,2988654,3,pierna,midstance,-1.2861,-0.2289,-0.0743,78.9795,-59.6313,21.4233,t009,FIJTB
2529849116,2988670,3,pierna,midstance,-1.2274,-0.4399,0.0514,63.4155,-53.8330,18.6768,t009,FIJTB
2529849117,2988686,3,pierna,midstance,-1.0834,-0.4392,0.0710,8.3618,-52.4902,10.0098,t009,FIJTB
2529849119,2988702,3,pierna,midstance,-0.9474,-0.3098,0.0364,-34.5459,-58.5937,-0.9155,t009,FIJTB
2529849171,2988718,3,pierna,midstance,-0.9504,-0.1976,-0.0441,-44.3726,-63.7207,-5.4932,t009,FIJTB
2529849178,2988734,3,pierna,midstance,-0.9799,-0.1261,-0.0819,-45.0439,-68.1152,-10.0708,t009,FIJTB
2529849178,2988751,3,pierna,midstance,-0.9323,0.0316,-0.0046,-36.7432,-64.8193,-8.6670,t009,FIJTB
2529849178,2988767,3,pierna,midstance,-0.8967,0.1130,0.0500,-8.3008,-59.5703,-2.9907,t009,FIJTB
2529849235,2988783,3,pierna,midstance,-0.9371,0.1101,0.0471,25.5127,-63.8428,7.9346,t009,FIJTB
2529849236,2988799,3,pierna,midstance,-1.0597,0.0736,0.0360,39.7339,-62.8052,8.4229,t009,FIJTB
2529849236,2988815,3,pierna,midstance,-1.0481,0.0112,0.0289,57.9224,-59.5703,9.3994,t009,FIJTB
2529849236,2988831,3,pierna,midstance,-0.9510,-0.1263,-0.0249,62.1338,-59.7534,11.2915,t009,FIJTB
2529849293,2988847,3,pierna,midstance,-0.9713,-0.2330,-0.0054,60.9741,-59.2651,11.7798,t009,FIJTB
2529849294,2988863,3,pierna,midstance,-0.9819,-0.2433,-0.0127,44.4946,-55.1147,6.5918,t009,FIJTB
2529849294,2988879,3,pierna,midstance,-0.9614,-0.1755,-0.0471,36.5601,-51.6968,3.6621,t009,FIJTB
2529849349,2988895,3,pierna,terminal,-0.9602,-0.1271,-0.0415,24.4141,-47.0581,1.0986,t009,FIJTB
2529849349,2988911,3,pierna,terminal,-0.9796,-0.0739,-0.0276,21.9727,-46.3257,1.2817,t009,FIJTB
2529849350,2988927,3,pierna,terminal,-0.9739,-0.0282,0.0031,23.1323,-45.0439,1.7700,t009,FIJTB
2529849350,2988943,3,pierna,terminal,-0.9664,-0.0110,0.0328,24.2310,-43.7012,0.3662,t009,FIJTB
2529849393,2988959,3,pierna,terminal,-0.9320,-0.0109,0.0881,25.3296,-44.0674,-0.9155,t009,FIJTB
2529849412,2988975,3,pierna,terminal,-0.9307,-0.0470,0.0957,29.8462,-46.2646,-0.1221,t009,FIJTB
2529849413,2988991,3,pierna,terminal,-0.9542,-0.1444,0.1073,30.4565,-46.2036,2.2583,t009,FIJTB
2529849413,2989007,3,pierna,terminal,-0.9733,-0.1498,0.0941,28.5645,-44.3115,5.5542,t009,FIJTB
2529849469,2989023,3,pierna,terminal,-0.9647,-0.1572,0.0280,29.1138,-44.6167,7.0190,t009,FIJTB
2529849469,2989040,3,pierna,terminal,-0.9310,-0.1655,-0.1610,29.5410,-45.9595,7.8125,t009,FIJTB
2529849471,2989056,3,pierna,terminal,-0.9075,-0.1604,-0.2299,28.6865,-48.0347,7.6904,t009,FIJTB
2529849508,2989072,3,pierna,terminal,-0.8960,-0.1761,-0.2944,26.8555,-48.4009,6.8970,t009,FIJTB
2529849529,2989088,3,pierna,terminal,-0.9221,-0.1842,-0.2880,19.7144,-48.0347,4.5776,t009,FIJTB
2529849530,2989104,3,pierna,terminal,-0.9534,-0.1675,-0.2727,14.4043,-48.5840,0.3052,t009,FIJTB
2529849530,2989120,3,pierna,terminal,-0.9943,-0.1263,-0.2316,14.2212,-48.8892,-1.2207,t009,FIJTB
2529849585,2989137,3,pierna,terminal,-0.9904,-0.1310,-0.2208,18.4937,-48.5840,-0.4883,t009,FIJTB
2529849587,2989153,3,pierna,terminal,-0.9686,-0.1481,-0.2050,20.9351,-49.0723,0.7935,t009,FIJTB
2529849588,2989169,3,pierna,terminal,-0.9528,-0.0989,-0.2101,26.0010,-49.7436,1.5259,t009,FIJTB
2529849644,2989185,3,pierna,terminal,-0.9470,-0.0483,-0.2178,28.7476,-51.1475,-0.1221,t009,FIJTB
2529849644,2989201,3,pierna,terminal,-0.9705,0.0232,-0.2379,33.3252,-52.2461,-1.4038,t009,FIJTB
2529849645,2989217,3,pierna,terminal,-0.9938,0.0070,-0.2444,49.1943,-55.2978,-2.0142,t009,FIJTB
2529849645,2989234,3,pierna,terminal,-1.0297,-0.1147,-0.2241,57.3730,-56.5796,-0.8545,t009,FIJTB
2529849701,2989250,3,pierna,terminal,-1.0546,-0.2711,-0.1610,66.5283,-56.2134,1.3428,t009,FIJTB
2529849701,2989266,3,pierna,terminal,-1.0792,-0.3333,-0.0999,60.9131,-53.7720,1.0986,t009,FIJTB
2529849757,2989282,3,pierna,terminal,-1.1982,-0.2965,0.0459,54.2603,-50.0488,-2.9907,t009,FIJTB
2529849757,2989298,3,pierna,terminal,-1.2616,-0.2006,0.1161,44.7388,-33.5693,-18.9819,t009,FIJTB
2529849758,2989314,3,pierna,terminal,-1.3158,0.0181,0.2439,44.9219,-21.1182,-26.3672,t009,FIJTB
2529849758,2989330,3,pierna,terminal,-1.3330,0.2357,0.2958,51.0254,11.1694,-39.0015,t009,FIJTB
2529849758,2989346,3,pierna,terminal,-1.3329,0.3069,0.2916,74.2188,44.8608,-46.0205,t009,FIJTB
2529849810,2989362,3,pierna,terminal,-1.2258,0.3553,0.2469,96.1304,55.9692,-45.4102,t009,FIJTB
2529849813,2989378,3,pierna,terminal,-1.1499,0.3330,0.2301,147.5830,65.3687,-35.5835,t009,FIJTB
2529849814,2989394,3,pierna,terminal,-1.0546,0.2612,0.0796,165.7715,67.3218,-26.8555,t009,FIJTB
2529849814,2989410,3,pierna,terminal,-1.0112,0.1298,-0.2358,172.9736,62.5000,-5.2490,t009,FIJTB
2529849869,2989426,3,pierna,terminal,-1.0431,0.0665,-0.3163,151.3062,61.4014,9.7656,t009,FIJTB
2529849870,2989442,3,pierna,terminal,-1.1431,-0.0586,-0.3519,134.0332,66.2231,13.9770,t009,FIJTB
2529849870,2989458,3,pierna,terminal,-1.2363,-0.1287,-0.3448,85.1440,75.8667,25.1465,t009,FIJTB
2529849923,2989474,3,pierna,swing,-1.3998,-0.1360,-0.3750,52.8564,81.3599,29.8462,t009,FIJTB
2529849924,2989489,3,pierna,swing,-1.3660,0.0500,-0.4727,-4.2114,99.0601,33.8135,t009,FIJTB
2529849924,2989505,3,pierna,swing,-1.3181,0.1196,-0.4937,-25.6958,113.9526,41.8701,t009,FIJTB
2529849926,2989521,3,pierna,swing,-1.2133,0.1675,-0.5103,-29.1138,117.8589,43.6401,t009,FIJTB
2529849986,2989537,3,pierna,swing,-1.1594,0.1461,-0.4825,-25.6348,119.9951,45.7764,t009,FIJTB
2529849987,2989553,3,pierna,swing,-1.1024,0.0973,-0.4161,-20.5688,118.9575,47.9126,t009,FIJTB
2529849987,2989569,3,pierna,swing,-1.0757,0.0916,-0.4222,-14.8926,112.7930,50.5981,t009,FIJTB
2529849997,2989585,3,pierna,swing,-1.0067,0.1072,-0.4559,-14.4043,109.9853,50.0488,t009,FIJTB
2529850040,2989601,3,pierna,swing,-0.9215,0.1139,-0.4526,-13.8550,110.4736,46.3257,t009,FIJTB
2529850042,2989617,3,pierna,swing,-0.8856,0.0831,-0.4435,-15.3198,112.3657,45.5933,t009,FIJTB
2529850043,2989633,3,pierna,swing,-0.8285,-0.0077,-0.3899,-19.8975,111.1450,47.4243,t009,FIJTB
2529850099,2989649,3,pierna,swing,-0.8134,-0.0278,-0.3455,-39.5508,108.6426,49.8657,t009,FIJTB
2529850100,2989666,3,pierna,swing,-0.7828,0.0024,-0.2819,-51.1475,108.3374,48.0347,t009,FIJTB
2529850100,2989682,3,pierna,swing,-0.7781,0.0225,-0.1990,-62.7441,105.8350,40.2222,t009,FIJTB
2529850133,2989697,3,pierna,swing,-0.7944,0.0159,-0.1364,-61.0352,100.7080,35.4004,t009,FIJTB
2529850152,2989713,3,pierna,swing,-0.8232,0.0026,-0.0249,-61.7676,98.8159,34.4238,t009,FIJTB
2529850154,2989729,3,pierna,swing,-0.8479,0.0221,0.0187,-65.1245,96.2524,30.4565,t009,FIJTB
2529850155,2989745,3,pierna,swing,-0.8589,0.0850,0.1173,-64.0259,94.9097,27.1606,t009,FIJTB
2529850208,2989761,3,pierna,swing,-0.8485,0.1501,0.2340,-59.9365,90.8203,20.3857,t009,FIJTB
2529850209,2989777,3,pierna,swing,-0.8456,0.1941,0.2771,-55.8472,85.0220,14.8315,t009,FIJTB
2529850209,2989793,3,pierna,swing,-0.8162,0.2689,0.3134,-50.2930,80.8716,11.7187,t009,FIJTB
2529850259,2989809,3,pierna,swing,-0.7659,0.2706,0.3112,-33.5083,67.6270,5.4321,t009,FIJTB
2529850261,2989825,3,pierna,swing,-0.6986,0.2124,0.2858,-26.4893,57.9224,3.6011,t009,FIJTB
2529850262,2989841,3,pierna,swing,-0.7012,0.1924,0.2766,-11.7798,39.4287,3.1738,t009,FIJTB
2529850262,2989856,3,pierna,swing,-0.7808,0.0587,0.2468,-1.4648,32.6538,5.6763,t009,FIJTB
2529850315,2989872,3,pierna,swing,-0.8651,-0.2577,0.2769,13.9160,20.9961,22.9492,t009,FIJTB
2529850316,2989888,3,pierna,swing,-0.9019,-0.4229,0.2909,17.8833,11.9629,51.7578,t009,FIJTB
2529850316,2989904,3,pierna,swing,-0.8838,-0.5627,0.3159,13.7329,8.8501,60.9741,t009,FIJTB
2529850366,2989920,3,pierna,swing,-0.8245,-0.5219,0.3425,-10.8032,9.5825,52.0019,t009,FIJTB
2529850368,2989936,3,pierna,swing,-0.7772,-0.2717,0.4209,-29.2969,14.2212,34.4849,t009,FIJTB
2529850369,2989952,3,pierna,swing,-0.8195,-0.0695,0.5487,-59.2041,24.4751,2.1362,t009,FIJTB
2529850422,2989968,3,pierna,swing,-0.8040,-0.0299,0.6000,-63.8428,20.2026,-3.7842,t009,FIJTB
2529850423,2989984,3,pierna,swing,-0.7382,0.0409,0.6255,-56.2134,9.6436,-3.6621,t009,FIJTB
2529850424,2990000,3,pierna,swing,-0.7129,0.0568,0.6144,-29.6020,-15.0757,-4.8218,t009,FIJTB
2529850424,2990016,3,pierna,swing,-0.6890,-0.0078,0.5627,-15.9302,-24.3530,-4.9438,t009,FIJTB
2529850474,2990033,3,pierna,loading,-0.7063,-0.1392,0.4872,-3.4180,-38.8184,-1.2207,t009,FIJTB
2529850474,2990049,3,pierna,loading,-0.7302,-0.1953,0.4497,-16.5405,-51.8188,8.7280,t009,FIJTB
2529850474,2990065,3,pierna,loading,-0.7400,-0.1895,0.2782,-27.9541,-58.8989,13.6719,t009,FIJTB
2529850533,2990081,3,pierna,loading,-0.7306,-0.1644,0.1699,-44.5557,-79.1016,19.2871,t009,FIJTB
2529850533,2990097,3,pierna,loading,-0.9807,-0.1819,0.2917,-49.0723,-86.7920,18.9209,t009,FIJTB
2529850533,2990113,3,pierna,loading,-1.5233,-0.2518,0.8430,-63.8428,-76.8433,12.2070,t009,FIJTB
2529850534,2990130,3,pierna,loading,-1.7610,-0.2625,1.0872,-80.5664,-45.5933,14.0381,t009,FIJTB
2529850586,2990146,3,pierna,loading,-1.6812,0.0387,0.8431,-111.2671,-36.9873,7.7515,t009,FIJTB
2529850587,2990162,3,pierna,loading,-1.2582,0.4788,0.3569,-196.2890,-60.7910,-8.9722,t009,FIJTB
2529850588,2990178,3,pierna,loading,-0.5953,0.9432,-0.2798,-170.6543,-73.4863,-3.2959,t009,FIJTB
2529850641,2990194,3,pierna,loading,-0.5626,0.5156,-0.3688,-31.5552,-83.0688,4.9438,t009,FIJTB
2529850642,2990210,3,pierna,loading,-0.6564,0.2657,-0.3458,60.0586,-85.8765,13.6108,t009,FIJTB
2529850642,2990226,3,pierna,loading,-0.7360,-0.1545,-0.4142,83.3740,-87.0972,26.3672,t009,FIJTB
2529850694,2990242,3,pierna,loading,-0.7612,-0.3051,-0.3944,127.8076,-81.5430,41.5039,t009,FIJTB
2529850695,2990259,3,pierna,loading,-1.1749,-0.3174,-0.2506,148.0713,-75.4395,29.9072,t009,FIJTB
2529850695,2990275,3,pierna,loading,-1.2184,-0.4088,-0.1064,140.6860,-55.3589,1.8921,t009,FIJTB
2529850695,2990291,3,pierna,loading,-1.1240,-0.4882,-0.0621,58.1665,-55.4199,-8.0566,t009,FIJTB
2529850752,2990307,3,pierna,loading,-1.1382,-0.4357,-0.0149,8.9111,-59.6313,-7.4463,t009,FIJTB
2529850752,2990323,3,pierna,loading,-1.0770,-0.3298,-0.0205,-47.5464,-64.8804,-9.7046,t009,FIJTB
2529850752,2990339,3,pierna,loading,-0.8842,-0.0885,-0.1482,-56.8848,-65.4907,-14.6484,t009,FIJTB
2529850803,2990355,3,pierna,loading,-0.8972,0.0365,-0.0967,-47.6074,-59.6313,-17.5781,t009,FIJTB
2529850806,2990371,3,pierna,loading,-0.9008,0.0526,-0.0192,-16.9678,-55.9082,-13.6719,t009,FIJTB
2529850806,2990387,3,pierna,loading,-0.9741,0.1261,0.0333,0.6104,-57.0679,-8.4229,t009,FIJTB
2529850827,2990403,3,pierna,loading,-1.0214,0.1478,0.0426,32.4097,-55.4199,5.7983,t009,FIJTB
2529850861,2990419,3,pierna,loading,-1.0455,0.0353,0.0203,42.0532,-51.8188,9.8877,t009,FIJTB
2529850862,2990435,3,pierna,loading,-0.9832,-0.1215,-0.0101,54.9316,-47.2412,8.7891,t009,FIJTB
2529850862,2990452,3,pierna,loading,-0.9329,-0.1776,-0.0471,59.2041,-50.1709,2.4414,t009,FIJTB
2529850915,2990468,3,pierna,loading,-0.9408,-0.2086,-0.0708,56.7017,-50.1709,0.4883,t009,FIJTB
2529850917,2990484,3,pierna,loading,-0.9615,-0.1687,-0.0480,45.6543,-48.0347,-0.0610,t009,FIJTB
2529850918,2990500,3,pierna,loading,-1.0175,-0.0415,-0.0099,41.0156,-47.4853,0.4883,t009,FIJTB
2529850973,2990516,3,pierna,loading,-1.0255,-0.0199,-0.0428,40.5273,-46.2036,2.6855,t009,FIJTB
2529850974,2990532,3,pierna,loading,-0.9910,-0.0604,-0.0641,43.5791,-42.6636,4.1504,t009,FIJTB
2529850974,2990549,3,pierna,loading,-0.9039,-0.1301,-0.1084,41.5039,-42.4194,2.6245,t009,FIJTB
2529850974,2990565,3,pierna,loading,-0.9298,-0.0747,-0.1469,26.9165,-44.0674,-0.8545,t009,FIJTB
2529851023,2990581,3,pierna,loading,-0.9594,-0.0435,-0.1440,13.0005,-42.1753,-0.3662,t009,FIJTB
2529851024,2990597,3,pierna,midstance,-1.0009,-0.0588,-0.0734,10.1929,-40.3442,1.4648,t009,FIJTB
2529851025,2990613,3,pierna,midstance,-1.0018,-0.0868,-0.0327,10.8643,-36.0718,5.3101,t009,FIJTB
2529851084,2990629,3,pierna,midstance,-0.9613,-0.1279,-0.0144,12.3901,-33.5083,6.5308,t009,FIJTB
2529851085,2990645,3,pierna,midstance,-0.9396,-0.1289,-0.0813,16.0522,-32.1655,9.3994,t009,FIJTB
2529851085,2990661,3,pierna,midstance,-0.9561,-0.1166,-0.1368,23.6816,-35.7666,9.5825,t009,FIJTB
2529851085,2990677,3,pierna,midstance,-1.0021,-0.1309,-0.1989,27.7710,-35.6445,7.0190,t009,FIJTB
2529851137,2990693,3,pierna,midstance,-1.0016,-0.1526,-0.1992,31.3721,-32.1655,-0.1221,t009,FIJTB
2529851140,2990710,3,pierna,midstance,-0.9656,-0.1544,-0.2037,30.1514,-31.4941,-1.9531,t009,FIJTB
2529851140,2990726,3,pierna,midstance,-0.9586,-0.0925,-0.2250,22.2168,-33.0811,-1.8921,t009,FIJTB
2529851246,2990742,3,pierna,midstance,-0.9478,-0.0566,-0.2299,20.1416,-35.7056,-1.4038,t009,FIJTB
2529851248,2990758,3,pierna,midstance,-0.9298,-0.0217,-0.2421,23.4375,-37.4146,-2.6245,t009,FIJTB
2529851249,2990774,3,pierna,midstance,-0.9458,-0.0294,-0.2480,30.6396,-40.7715,-5.9204,t009,FIJTB
2529851249,2990791,3,pierna,midstance,-0.9695,-0.0573,-0.2375,32.1045,-41.0767,-6.4087,t009,FIJTB
2529851268,2990807,3,pierna,midstance,-0.9366,-0.0751,-0.1968,32.0435,-39.7949,-6.5308,t009,FIJTB
2529851303,2990823,3,pierna,midstance,-0.9291,-0.0785,-0.1742,31.7383,-38.4521,-6.9580,t009,FIJTB
2529851304,2990839,3,pierna,midstance,-0.9504,-0.0839,-0.1189,32.5928,-37.4756,-7.2021,t009,FIJTB
2529851304,2990855,3,pierna,midstance,-0.9642,-0.0793,-0.0867,35.7056,-34.4238,-9.6436,t009,FIJTB
2529851355,2990872,3,pierna,midstance,-0.9761,-0.0408,-0.0337,35.8887,-32.5317,-11.5356,t009,FIJTB
2529851357,2990888,3,pierna,midstance,-0.9717,-0.0206,0.0038,36.9263,-29.1748,-13.0005,t009,FIJTB
2529851358,2990904,3,pierna,midstance,-0.9733,-0.0197,0.0120,44.7388,-28.0762,-11.1694,t009,FIJTB
2529851358,2990920,3,pierna,midstance,-0.9784,-0.0288,0.0537,48.8892,-29.4189,-8.8501,t009,FIJTB
2529851395,2990936,3,pierna,midstance,-1.0100,-0.0560,0.0906,73.1201,-29.6020,-4.5166,t009,FIJTB
2529851416,2990952,3,pierna,midstance,-1.2062,-0.1442,0.1547,94.0552,-25.0854,-8.0566,t009,FIJTB
2529851417,2990968,3,pierna,midstance,-1.4259,-0.1345,0.3094,96.2524,-17.1509,-13.4277,t009,FIJTB
2529851417,2990985,3,pierna,midstance,-1.4569,-0.1031,0.3567,94.8486,4.1504,-25.5127,t009,FIJTB
2529851417,2991001,3,pierna,midstance,-1.4410,0.0391,0.2673,91.8579,12.6953,-32.7148,t009,FIJTB
2529851472,2991016,3,pierna,midstance,-1.3926,0.1688,0.1665,72.7539,36.2549,-42.0532,t009,FIJTB
2529851475,2991032,3,pierna,midstance,-1.1937,0.3328,-0.0641,68.4204,48.4009,-37.2314,t009,FIJTB
2529851475,2991048,3,pierna,midstance,-1.1018,0.0912,-0.3008,95.5810,61.6455,-13.6108,t009,FIJTB
2529851476,2991064,3,pierna,midstance,-1.0767,-0.0648,-0.3982,116.4551,68.9697,9.1553,t009,FIJTB
2529851536,2991080,3,pierna,midstance,-1.1301,-0.2520,-0.4530,109.6802,72.8760,16.9067,t009,FIJTB
2529851536,2991096,3,pierna,midstance,-1.1903,-0.2999,-0.4147,60.4248,83.9233,26.2451,t009,FIJTB
2529851537,2991112,3,pierna,midstance,-1.2372,-0.2721,-0.3118,23.3765,90.5762,27.5879,t009,FIJTB
2529851537,2991129,3,pierna,midstance,-1.2439,-0.1073,-0.3224,-49.3164,103.6987,21.9116,t009,FIJTB
2529851589,2991145,3,pierna,midstance,-1.2235,-0.0330,-0.3378,-97.4731,112.0605,15.3809,t009,FIJTB
2529851589,2991161,3,pierna,terminal,-1.1538,0.1187,-0.4254,-109.9853,112.2436,13.4888,t009,FIJTB
2529851590,2991177,3,pierna,terminal,-1.0957,0.1652,-0.4568,-106.2622,107.4829,10.9253,t009,FIJTB
2529851650,2991193,3,pierna,terminal,-1.0337,0.0850,-0.4049,-91.7358,105.1025,15.3809,t009,FIJTB
2529851650,2991209,3,pierna,terminal,-1.1035,-0.0020,-0.3605,-63.7207,102.6611,31.6772,t009,FIJTB
2529851651,2991225,3,pierna,terminal,-1.1235,-0.0117,-0.3601,-47.6074,105.5908,38.6353,t009,FIJTB
2529851651,2991241,3,pierna,terminal,-1.0875,-0.0081,-0.3430,-42.2363,108.8257,40.7715,t009,FIJTB
2529851703,2991257,3,pierna,terminal,-1.0535,0.0101,-0.3416,-36.2549,112.6099,45.9595,t009,FIJTB
2529851705,2991273,3,pierna,terminal,-0.9675,-0.0087,-0.3458,-33.3862,111.6943,47.6074,t009,FIJTB
2529851706,2991289,3,pierna,terminal,-0.9216,-0.0813,-0.3374,-31.6162,105.7129,52.0019,t009,FIJTB
2529851760,2991305,3,pierna,terminal,-0.9255,-0.0905,-0.3157,-41.3208,100.2808,54.0161,t009,FIJTB
2529851761,2991321,3,pierna,terminal,-0.9304,-0.0331,-0.2596,-51.2695,100.1587,50.5981,t009,FIJTB
2529851761,2991338,3,pierna,terminal,-0.9124,0.0127,-0.2310,-73.4253,105.4077,40.2222,t009,FIJTB
2529851761,2991354,3,pierna,terminal,-0.8661,0.0621,-0.1400,-81.6040,109.0698,37.6587,t009,FIJTB
2529851810,2991370,3,pierna,terminal,-0.8210,0.0801,-0.0339,-92.2851,112.0605,36.4990,t009,FIJTB
2529851812,2991386,3,pierna,terminal,-0.7935,0.1021,0.0089,-97.2900,105.2246,29.7852,t009,FIJTB
2529851813,2991402,3,pierna,terminal,-0.7731,0.1733,0.0865,-96.2524,100.2197,25.0854,t009,FIJTB
2529851864,2991417,3,pierna,terminal,-0.7747,0.2186,0.1139,-83.1299,91.2476,17.2729,t009,FIJTB
2529851864,2991433,3,pierna,terminal,-0.7458,0.2607,0.1525,-73.1201,85.9375,15.0146,t009,FIJTB
2529851864,2991449,3,pierna,terminal,-0.7261,0.2703,0.1798,-54.3823,71.6553,12.6343,t009,FIJTB
2529851913,2991465,3,pierna,terminal,-0.7537,0.2479,0.2168,-32.4097,59.0820,12.0850,t009,FIJTB
2529851915,2991481,3,pierna,terminal,-0.8505,0.1726,0.2592,-20.8740,55.2978,12.5122,t009,FIJTB
2529851916,2991497,3,pierna,terminal,-0.8307,0.1499,0.2371,-3.1738,45.6543,12.6343,t009,FIJTB
2529851968,2991513,3,pierna,terminal,-0.7228,0.0310,0.2076,5.3101,37.5977,14.4043,t009,FIJTB
2529851969,2991529,3,pierna,terminal,-0.7063,-0.2650,0.2428,23.8037,18.7378,23.9258,t009,FIJTB
2529851970,2991545,3,pierna,terminal,-0.7516,-0.4570,0.2810,20.0806,7.5073,40.8936,t009,FIJTB
2529852020,2991561,3,pierna,terminal,-0.8151,-0.6251,0.3635,-1.0376,3.8452,48.8892,t009,FIJTB
2529852022,2991577,3,pierna,terminal,-0.8428,-0.5394,0.4270,-62.9883,5.2490,40.1611,t009,FIJTB
2529852023,2991593,3,pierna,terminal,-0.9021,-0.2054,0.5685,-89.2944,12.8174,22.7051,t009,FIJTB
2529852023,2991609,3,pierna,terminal,-0.8699,-0.0424,0.6263,-111.9995,27.2827,-9.8267,t009,FIJTB
2529852074,2991625,3,pierna,terminal,-0.7146,0.1273,0.7410,-94.3603,15.0146,-18.1885,t009,FIJTB
2529852075,2991641,3,pierna,terminal,-0.7433,0.1049,0.8196,-77.8809,4.0283,-14.5264,t009,FIJTB
2529852075,2991657,3,pierna,terminal,-0.7649,0.0675,0.7992,-49.2554,-15.4419,-5.8594,t009,FIJTB
2529852124,2991673,3,pierna,terminal,-0.7333,0.0614,0.6765,-37.7197,-24.1699,-5.6152,t009,FIJTB
2529852127,2991689,3,pierna,terminal,-0.6851,0.0796,0.5933,-18.6768,-42.4805,-5.3101,t009,FIJTB
2529852127,2991706,3,pierna,terminal,-0.5936,0.0704,0.3545,0.4272,-57.3120,9.2773,t009,FIJTB
2529852182,2991721,3,pierna,terminal,-0.6461,0.0087,0.1884,9.2163,-63.7207,15.3809,t009,FIJTB
2529852183,2991737,3,pierna,terminal,-0.6926,-0.0221,0.1261,17.8833,-78.4302,17.3950,t009,FIJTB
2529852183,2991753,3,pierna,terminal,-0.7085,-0.0674,-0.1078,18.3105,-86.9751,16.9678,t009,FIJTB
2529852183,2991769,3,pierna,terminal,-0.7646,-0.0536,-0.1437,10.3760,-99.4873,12.4512,t009,FIJTB
2529852237,2991785,3,pierna,terminal,-1.2375,-0.1116,0.3491,-1.2207,-92.7124,9.3994,t009,FIJTB
2529852239,2991802,3,pierna,swing,-2.0228,-0.3876,1.1918,-44.6777,-45.1660,13.7939,t009,FIJTB
2529852241,2991818,3,pierna,swing,-2.0309,-0.3306,1.3351,-127.1973,-9.7656,6.8970,t009,FIJTB
2529852241,2991834,3,pierna,swing,-1.0709,0.2531,0.5916,-165.2832,-27.9541,-7.3853,t009,FIJTB
2529852298,2991850,3,pierna,swing,-0.8585,0.3987,0.0504,-136.6577,-93.0176,17.3340,t009,FIJTB
2529852299,2991866,3,pierna,swing,-1.0150,0.2885,-0.4373,-95.0317,-108.0322,38.7573,t009,FIJTB
2529852299,2991882,3,pierna,swing,-1.0466,0.2332,-0.4371,-39.5508,-88.5620,48.1567,t009,FIJTB
2529852351,2991898,3,pierna,swing,-0.7971,0.2899,-0.4827,23.4375,-55.9082,36.6821,t009,FIJTB
2529852353,2991914,3,pierna,swing,-0.3583,0.0435,-0.3534,71.1670,-50.5981,32.1045,t009,FIJTB
2529852354,2991930,3,pierna,swing,-0.5613,-0.1943,-0.2032,149.9634,-53.8940,15.3198,t009,FIJTB
2529852354,2991946,3,pierna,swing,-1.1567,-0.4313,-0.1031,154.4800,-51.8188,7.0801,t009,FIJTB
2529852409,2991963,3,pierna,swing,-1.1563,-0.4614,0.0610,83.4961,-46.9360,1.6479,t009,FIJTB
2529852410,2991979,3,pierna,swing,-1.1783,-0.3683,0.0383,-18.7988,-59.6313,3.1738,t009,FIJTB
2529852411,2991995,3,pierna,swing,-1.1564,-0.1952,-0.0563,-52.2461,-63.4766,2.1973,t009,FIJTB
2529852444,2992011,3,pierna,swing,-1.0209,-0.1479,-0.0726,-66.4673,-65.8569,-5.8594,t009,FIJTB
2529852466,2992027,3,pierna,swing,-0.9233,0.0370,-0.1593,-35.6445,-60.6689,-18.0054,t009,FIJTB
2529852467,2992043,3,pierna,swing,-0.8904,0.1678,-0.0576,-17.5171,-53.7720,-17.7002,t009,FIJTB
2529852467,2992060,3,pierna,swing,-0.8800,0.2123,-0.0021,15.0146,-52.1851,-1.8921,t009,FIJTB
2529852523,2992076,3,pierna,swing,-0.9862,0.1270,-0.0305,31.1279,-56.0303,8.1787,t009,FIJTB
2529852524,2992091,3,pierna,swing,-1.0345,0.0381,-0.0505,52.0630,-57.9224,18.4326,t009,FIJTB
2529852524,2992107,3,pierna,swing,-1.0232,-0.0613,-0.0896,53.6499,-55.5420,19.5923,t009,FIJTB
2529852577,2992123,3,pierna,swing,-0.9607,-0.1583,-0.0507,53.3447,-50.1709,15.3198,t009,FIJTB
2529852578,2992140,3,pierna,swing,-0.9427,-0.2081,-0.0145,51.0254,-48.2788,9.0332,t009,FIJTB
2529852579,2992156,3,pierna,swing,-0.9637,-0.2286,0.0427,46.3867,-47.1191,6.8970,t009,FIJTB
2529852580,2992172,3,pierna,swing,-0.9967,-0.1886,0.0569,30.4565,-43.4570,4.4556,t009,FIJTB
2529852636,2992188,3,pierna,swing,-1.0001,-0.0823,0.0295,23.2544,-42.2974,3.4790,t009,FIJTB
2529852636,2992204,3,pierna,swing,-0.9805,-0.0604,-0.0270,20.4468,-39.2456,3.8452,t009,FIJTB
2529852636,2992220,3,pierna,swing,-0.9779,-0.0706,-0.0540,25.5737,-35.5835,5.8594,t009,FIJTB
2529852689,2992236,3,pierna,loading,-0.9303,-0.0895,-0.0905,25.6348,-35.5835,6.5308,t009,FIJTB
2529852689,2992252,3,pierna,loading,-0.9180,-0.0917,-0.1029,19.5923,-38.6353,8.1177,t009,FIJTB
2529852690,2992268,3,pierna,loading,-0.9564,-0.0905,-0.1105,16.7236,-39.9170,8.3618,t009,FIJTB
2529852690,2992284,3,pierna,loading,-1.0004,-0.0620,-0.0931,15.6250,-40.5884,6.4697,t009,FIJTB
2529852751,2992300,3,pierna,loading,-1.0033,-0.0316,-0.0883,20.2637,-38.7573,4.0283,t009,FIJTB
2529852751,2992316,3,pierna,loading,-0.9985,-0.0288,-0.0509,25.7568,-37.0483,4.5166,t009,FIJTB
2529852752,2992332,3,pierna,loading,-1.0022,-0.0745,-0.0107,38.3911,-32.9590,7.4463,t009,FIJTB
2529852753,2992348,3,pierna,loading,-0.9634,-0.1810,0.0332,42.9687,-30.8838,7.8125,t009,FIJTB
2529852807,2992364,3,pierna,loading,-0.9265,-0.2297,0.0005,44.5557,-26.6113,6.5308,t009,FIJTB
2529852807,2992380,3,pierna,loading,-0.9327,-0.2113,-0.0465,39.3677,-25.0244,6.4087,t009,FIJTB
2529852807,2992396,3,pierna,loading,-0.9674,-0.0975,-0.1830,36.0107,-26.7944,6.7749,t009,FIJTB
2529852864,2992412,3,pierna,loading,-0.9717,-0.0408,-0.2401,32.2266,-31.3721,4.0894,t009,FIJTB
2529852864,2992428,3,pierna,loading,-0.9705,-0.0062,-0.2772,34.2407,-31.5552,1.2817,t009,FIJTB
2529852864,2992445,3,pierna,loading,-0.9493,-0.0565,-0.3181,42.6025,-29.8462,-2.3193,t009,FIJTB
2529852889,2992461,3,pierna,loading,-0.9384,-0.0570,-0.3494,43.5181,-33.6914,-0.9766,t009,FIJTB
2529852915,2992477,3,pierna,loading,-0.8933,-0.0328,-0.3656,41.5039,-37.5977,0.7324,t009,FIJTB
2529852917,2992493,3,pierna,loading,-0.8948,-0.0536,-0.3425,42.4194,-44.2505,1.8921,t009,FIJTB
2529852918,2992509,3,pierna,loading,-0.9752,-0.1561,-0.2520,42.5415,-44.9219,0.0610,t009,FIJTB
2529852974,2992525,3,pierna,loading,-1.0413,-0.2367,-0.1624,37.2925,-43.5791,-5.5542,t009,FIJTB
2529852974,2992541,3,pierna,loading,-1.0459,-0.2417,-0.1218,27.2217,-43.6401,-10.5591,t009,FIJTB
2529852975,2992558,3,pierna,loading,-1.0522,-0.2415,-0.0255,22.7661,-44.0063,-11.9019,t009,FIJTB
2529853026,2992574,3,pierna,loading,-1.0697,-0.2501,0.0271,17.0898,-43.0298,-11.3525,t009,FIJTB
2529853027,2992590,3,pierna,loading,-1.1467,-0.2815,0.1549,27.0386,-34.0576,-10.2539,t009,FIJTB
2529853028,2992606,3,pierna,loading,-1.2621,-0.2607,0.2919,33.6304,-25.5737,-12.4512,t009,FIJTB
2529853029,2992622,3,pierna,loading,-1.2623,-0.1733,0.3489,31.0669,-6.4697,-28.0762,t009,FIJTB
2529853085,2992638,3,pierna,loading,-1.1602,0.1727,0.4580,25.7568,3.1738,-38.5742,t009,FIJTB
2529853085,2992654,3,pierna,loading,-1.1228,0.3472,0.4769,34.5459,20.1416,-50.1099,t009,FIJTB
2529853086,2992670,3,pierna,loading,-1.1805,0.5039,0.4287,60.6689,25.8789,-50.5371,t009,FIJTB
2529853137,2992686,3,pierna,loading,-1.2563,0.2875,0.3075,131.8359,39.0625,-42.3584,t009,FIJTB
2529853139,2992702,3,pierna,loading,-1.2285,0.1011,0.1893,178.1616,57.9224,-17.7002,t009,FIJTB
2529853141,2992717,3,pierna,loading,-1.1931,-0.2461,-0.0750,179.3823,64.4531,-2.9297,t009,FIJTB
2529853141,2992733,3,pierna,loading,-1.2085,-0.3196,-0.1787,132.5073,75.0732,16.2354,t009,FIJTB
2529853196,2992749,3,pierna,loading,-1.2805,-0.3142,-0.3094,94.0552,80.3833,20.0806,t009,FIJTB
2529853196,2992765,3,pierna,loading,-1.4517,-0.3086,-0.4102,18.4326,88.5620,31.3721,t009,FIJTB
2529853197,2992781,3,pierna,loading,-1.5020,-0.2712,-0.4583,-38.9404,105.2246,38.2690,t009,FIJTB
2529853249,2992798,3,pierna,loading,-1.4574,-0.0944,-0.5515,-55.7861,114.8071,38.1470,t009,FIJTB
2529853252,2992814,3,pierna,loading,-1.4009,-0.0245,-0.5431,-70.4346,129.2114,36.1328,t009,FIJTB
2529853252,2992830,3,pierna,loading,-1.2954,0.1443,-0.4395,-74.1577,134.3384,35.7056,t009,FIJTB
2529853252,2992846,3,pierna,loading,-1.1636,0.2103,-0.4535,-77.6978,137.0239,31.4331,t009,FIJTB
2529853307,2992862,3,pierna,loading,-1.1078,0.1890,-0.4406,-60.8520,131.4087,32.1655,t009,FIJTB
2529853307,2992878,3,pierna,loading,-1.0437,0.1685,-0.3903,-51.5137,128.9062,35.4004,t009,FIJTB
2529853308,2992894,3,pierna,loading,-0.9945,0.1765,-0.3800,-39.3677,124.3896,40.1001,t009,FIJTB
2529853360,2992910,3,pierna,loading,-0.8809,0.1536,-0.3623,-33.2642,121.8262,42.1753,t009,FIJTB
2529853361,2992926,3,pierna,midstance,-0.8209,0.1210,-0.3392,-22.7661,116.8213,44.5557,t009,FIJTB
2529853362,2992942,3,pierna,midstance,-0.7837,0.1119,-0.3315,-21.7895,110.9619,39.3677,t009,FIJTB
2529853363,2992958,3,pierna,midstance,-0.7019,0.0839,-0.3269,-22.7661,105.5298,36.9263,t009,FIJTB
2529853416,2992974,3,pierna,midstance,-0.6915,0.0358,-0.2943,-24.7803,93.2007,36.5601,t009,FIJTB
2529853416,2992990,3,pierna,midstance,-0.7306,-0.0450,-0.1908,-31.4941,90.5151,37.0483,t009,FIJTB
2529853417,2993006,3,pierna,midstance,-0.7828,-0.0216,-0.0863,-54.0161,92.4072,32.7148,t009,FIJTB
2529853470,2993022,3,pierna,midstance,-0.7860,0.0012,-0.0361,-66.2842,93.8721,20.8740,t009,FIJTB
2529853471,2993038,3,pierna,midstance,-0.7399,0.0060,0.0742,-66.4673,92.3462,15.3198,t009,FIJTB
2529853472,2993054,3,pierna,midstance,-0.7328,0.0057,0.1216,-62.4390,84.4726,7.6904,t009,FIJTB
2529853526,2993070,3,pierna,midstance,-0.7587,0.0570,0.1621,-59.2041,77.3926,4.8828,t009,FIJTB
2529853526,2993086,3,pierna,midstance,-0.7720,0.0940,0.1724,-49.5605,60.7300,-0.9155,t009,FIJTB
2529853527,2993102,3,pierna,midstance,-0.7942,0.1440,0.2130,-28.2593,50.0488,-0.9155,t009,FIJTB
2529853527,2993118,3,pierna,midstance,-0.8063,0.1350,0.2700,-16.7847,46.4478,0.4272,t009,FIJTB
2529853577,2993134,3,pierna,midstance,-0.7755,0.1165,0.2845,-8.1177,36.9263,0.7324,t009,FIJTB
2529853578,2993150,3,pierna,midstance,-0.7709,0.0851,0.3499,-2.6245,33.9966,0.4883,t009,FIJTB
2529853579,2993166,3,pierna,midstance,-0.8007,0.0278,0.3618,10.3149,29.5410,10.6812,t009,FIJTB
2529853635,2993182,3,pierna,midstance,-0.7555,-0.2626,0.3754,13.0005,24.1699,23.3154,t009,FIJTB
2529853635,2993198,3,pierna,midstance,-0.7885,-0.5253,0.4327,14.6484,4.0894,56.3354,t009,FIJTB
2529853635,2993213,3,pierna,midstance,-0.7819,-0.5552,0.4458,4.1504,-16.7236,63.1714,t009,FIJTB
2529853636,2993230,3,pierna,midstance,-0.7168,-0.3105,0.4559,-8.8501,-18.9819,48.4619,t009,FIJTB
2529853687,2993246,3,pierna,midstance,-0.7562,-0.1262,0.4960,-32.2876,-7.6904,2.3804,t009,FIJTB
2529853688,2993262,3,pierna,midstance,-0.8944,0.0261,0.6521,-36.3770,0.1221,-12.5122,t009,FIJTB
2529853688,2993278,3,pierna,midstance,-0.8579,-0.0671,0.7678,-35.8887,4.8218,-15.5640,t009,FIJTB
2529853742,2993294,3,pierna,midstance,-0.8005,-0.1305,0.7845,-32.3486,-12.3901,-3.1738,t009,FIJTB
2529853743,2993310,3,pierna,midstance,-0.7267,-0.1829,0.7538,-34.0576,-25.1465,-0.5493,t009,FIJTB
2529853743,2993326,3,pierna,midstance,-0.7151,-0.1624,0.7075,-49.1333,-44.1284,-2.2583,t009,FIJTB
2529853793,2993342,3,pierna,midstance,-0.7346,-0.1663,0.5835,-59.4482,-48.4619,0.7324,t009,FIJTB
2529853794,2993359,3,pierna,midstance,-0.6489,-0.1793,0.3199,-73.2422,-60.9741,12.5122,t009,FIJTB
2529853795,2993375,3,pierna,midstance,-0.5891,-0.1219,0.1710,-67.7490,-105.6518,15.1978,t009,FIJTB
2529853796,2993391,3,pierna,midstance,-1.0015,0.0334,0.2981,-64.3921,-127.3193,8.7891,t009,FIJTB
2529853849,2993407,3,pierna,midstance,-1.4695,0.0757,0.5114,-64.1479,-116.1499,-15.1978,t009,FIJTB
2529853849,2993423,3,pierna,midstance,-2.4507,0.2665,0.8422,-70.1294,-79.6509,-20.1416,t009,FIJTB
2529853850,2993439,3,pierna,midstance,-1.4229,0.7719,-0.1776,-149.2920,-29.9072,-1.4648,t009,FIJTB
2529853900,2993455,3,pierna,terminal,-0.6801,0.8241,-0.5024,-105.1636,-61.8896,14.9536,t009,FIJTB
2529853900,2993472,3,pierna,terminal,-0.4686,0.4088,-0.5640,-35.7666,-85.5713,14.5874,t009,FIJTB
2529853901,2993488,3,pierna,terminal,-0.6346,0.0457,-0.5214,48.7671,-105.1025,31.4941,t009,FIJTB
2529853927,2993503,3,pierna,terminal,-0.5464,-0.6953,-0.7045,48.6450,-111.5112,55.2368,t009,FIJTB
2529853962,2993520,3,pierna,terminal,-0.8394,-0.7036,-0.4491,41.6870,-101.6235,63.2935,t009,FIJTB
2529853962,2993536,3,pierna,terminal,-1.2704,-0.3007,-0.2821,55.1758,-66.2842,8.6670,t009,FIJTB
2529853963,2993552,3,pierna,terminal,-1.3395,0.0635,-0.1340,48.6450,-58.4106,-17.7002,t009,FIJTB
2529854018,2993568,3,pierna,terminal,-1.0994,0.0128,-0.1332,13.1836,-59.8144,-42.1753,t009,FIJTB
2529854018,2993584,3,pierna,terminal,-1.0822,-0.2649,0.0007,-5.4321,-60.3027,-35.0342,t009,FIJTB
2529854019,2993600,3,pierna,terminal,-0.9590,-0.3588,0.0209,-42.4805,-61.5234,-7.9346,t009,FIJTB
2529854062,2993616,3,pierna,terminal,-0.8842,-0.2103,-0.0448,-62.0728,-62.7441,3.3569,t009,FIJTB
2529854074,2993632,3,pierna,terminal,-0.9363,0.1520,0.0385,-57.0068,-58.5327,7.4463,t009,FIJTB
2529854075,2993648,3,pierna,terminal,-0.9821,0.2441,0.1207,-16.9678,-51.7578,14.8315,t009,FIJTB
2529854075,2993664,3,pierna,terminal,-1.0447,0.2324,0.1617,6.7139,-50.5981,16.6016,t009,FIJTB
2529854128,2993680,3,pierna,terminal,-1.0267,0.1138,0.1776,43.1519,-48.5840,19.5923,t009,FIJTB
2529854130,2993696,3,pierna,terminal,-0.9918,0.0378,0.1560,65.5518,-51.4526,26.3672,t009,FIJTB
2529854131,2993712,3,pierna,terminal,-0.9530,-0.0876,0.0132,72.7539,-52.2461,26.4282,t009,FIJTB
2529854132,2993727,3,pierna,terminal,-0.9615,-0.1421,-0.0427,79.5898,-41.6870,16.4185,t009,FIJTB
2529854187,2993743,3,pierna,terminal,-1.0023,-0.2441,-0.0876,76.5991,-31.9824,10.6201,t009,FIJTB
2529854188,2993760,3,pierna,terminal,-0.9821,-0.2266,-0.0330,67.3828,-21.6064,5.0049,t009,FIJTB
2529854188,2993776,3,pierna,terminal,-0.9825,-0.1583,-0.0084,57.8003,-27.3437,6.7749,t009,FIJTB
2529854244,2993792,3,pierna,terminal,-1.0103,-0.0454,0.0127,53.1616,-30.8228,9.3384,t009,FIJTB
2529854245,2993808,3,pierna,terminal,-0.9958,-0.0304,0.0081,47.1802,-34.1187,12.0850,t009,FIJTB
2529854245,2993824,3,pierna,terminal,-0.9447,-0.0803,-0.0181,44.4946,-33.2642,11.4136,t009,FIJTB
2529854301,2993841,3,pierna,terminal,-0.9584,-0.2208,-0.0096,38.3911,-27.3437,9.5825,t009,FIJTB
2529854301,2993857,3,pierna,terminal,-0.9645,-0.2648,-0.0402,32.5928,-21.4844,9.2163,t009,FIJTB
2529854301,2993873,3,pierna,terminal,-0.9150,-0.2035,-0.1283,26.1841,-19.6533,8.3008,t009,FIJTB
2529854302,2993889,3,pierna,terminal,-0.8981,-0.1235,-0.1487,15.4419,-23.1934,5.6152,t009,FIJTB
2529854356,2993905,3,pierna,terminal,-0.9556,0.0017,-0.1545,15.0757,-26.2451,4.6997,t009,FIJTB
2529854358,2993921,3,pierna,terminal,-0.8962,0.0394,-0.1893,28.4424,-28.5645,6.2866,t009,FIJTB
2529854358,2993936,3,pierna,terminal,-0.9026,0.0593,-0.1582,39.4897,-28.9307,11.9019,t009,FIJTB
2529854358,2993952,3,pierna,terminal,-1.0044,-0.0060,-0.1038,42.6636,-29.1138,12.1460,t009,FIJTB
2529854414,2993968,3,pierna,terminal,-0.9875,-0.0549,-0.1272,43.8843,-28.0151,11.2915,t009,FIJTB
2529854414,2993985,3,pierna,terminal,-0.9613,-0.0999,-0.2312,43.3350,-28.9917,10.8643,t009,FIJTB
2529854414,2994001,3,pierna,terminal,-0.9403,-0.0687,-0.3141,38.5132,-34.3628,7.5684,t009,FIJTB
2529854469,2994017,3,pierna,terminal,-0.9241,-0.0618,-0.3457,32.1655,-39.6118,3.4790,t009,FIJTB
2529854470,2994033,3,pierna,terminal,-0.9116,-0.0658,-0.3765,27.7710,-40.8936,1.2207,t009,FIJTB
2529854470,2994049,3,pierna,terminal,-0.9064,-0.0690,-0.3617,22.1558,-42.8467,-1.3428,t009,FIJTB
2529854471,2994065,3,pierna,terminal,-0.9358,-0.0798,-0.2787,22.8882,-44.0063,-1.7700,t009,FIJTB
2529854526,2994081,3,pierna,terminal,-0.9539,-0.1091,-0.2471,29.0527,-43.8232,-3.1128,t009,FIJTB
2529854527,2994097,3,pierna,swing,-0.9424,-0.0995,-0.2509,35.2783,-42.4194,-5.1880,t009,FIJTB
2529854527,2994114,3,pierna,swing,-0.9928,-0.0753,-0.2395,39.2456,-42.2974,-7.2021,t009,FIJTB
2529854581,2994130,3,pierna,swing,-1.0186,-0.0895,-0.2094,42.3584,-46.0815,-10.6812,t009,FIJTB
2529854583,2994146,3,pierna,swing,-1.0413,-0.1306,-0.1509,39.8560,-49.5605,-11.4136,t009,FIJTB
2529854584,2994162,3,pierna,swing,-1.0696,-0.1703,-0.0819,38.7573,-51.9409,-10.7422,t009,FIJTB
2529854584,2994178,3,pierna,swing,-1.0930,-0.2098,-0.0472,45.8374,-48.8281,-9.6436,t009,FIJTB
2529854639,2994194,3,pierna,swing,-1.1145,-0.2805,0.0753,53.2227,-45.1050,-9.7046,t009,FIJTB
2529854639,2994210,3,pierna,swing,-1.1448,-0.2878,0.1512,61.6455,-33.9966,-17.7612,t009,FIJTB
2529854640,2994226,3,pierna,swing,-1.2559,-0.1727,0.2828,56.8848,-25.8789,-27.9541,t009,FIJTB
2529854693,2994243,3,pierna,swing,-1.2299,0.1533,0.3550,36.5601,-9.5215,-56.5186,t009,FIJTB
2529854694,2994258,3,pierna,swing,-1.2015,0.3179,0.3306,36.1938,0.0610,-68.8477,t009,FIJTB
2529854694,2994274,3,pierna,swing,-1.1938,0.4625,0.1777,57.5561,1.5259,-65.3687,t009,FIJTB
2529854695,2994290,3,pierna,swing,-1.2255,0.3555,0.1294,123.9624,11.5967,-43.8232,t009,FIJTB
2529854743,2994306,3,pierna,swing,-1.1371,-0.0503,0.0303,150.8179,23.4375,-27.3437,t009,FIJTB
2529854743,2994322,3,pierna,swing,-1.0388,-0.4213,-0.1052,165.4663,50.7202,2.5635,t009,FIJTB
2529854750,2994339,3,pierna,swing,-1.0149,-0.5206,-0.1685,113.7085,65.9180,23.4375,t009,FIJTB
2529854806,2994355,3,pierna,swing,-1.0651,-0.5057,-0.2367,73.5474,69.8242,28.9917,t009,FIJTB
2529854806,2994371,3,pierna,swing,-1.1346,-0.4244,-0.2793,-8.7891,78.5522,27.0996,t009,FIJTB
2529854806,2994386,3,pierna,swing,-1.3022,-0.1985,-0.3145,-43.7012,85.8154,21.9116,t009,FIJTB
2529854843,2994403,3,pierna,swing,-1.4574,-0.0339,-0.4098,-88.3789,104.4311,7.2021,t009,FIJTB
2529854861,2994419,3,pierna,swing,-1.4591,0.0297,-0.4491,-96.4355,113.9526,2.6245,t009,FIJTB
2529854862,2994435,3,pierna,swing,-1.3990,0.0721,-0.4657,-95.2759,117.3096,3.1128,t009,FIJTB
2529854862,2994451,3,pierna,swing,-1.3231,0.0441,-0.4468,-102.6611,124.8779,11.1084,t009,FIJTB
2529854917,2994467,3,pierna,swing,-1.1844,0.2078,-0.4254,-101.0742,126.2207,19.2871,t009,FIJTB
2529854917,2994483,3,pierna,swing,-1.1284,0.2462,-0.4226,-68.7256,123.6572,33.7524,t009,FIJTB
2529854917,2994499,3,pierna,swing,-1.0275,0.1731,-0.3766,-37.1704,116.2109,48.8892,t009,FIJTB
2529854919,2994515,3,pierna,swing,-1.0104,0.1160,-0.3662,-33.6304,114.5630,52.9785,t009,FIJTB
2529854973,2994531,3,pierna,swing,-1.0249,0.1161,-0.3782,-29.8462,110.9009,49.1333,t009,FIJTB
2529854973,2994547,3,pierna,swing,-1.0248,0.0959,-0.3849,-25.0854,109.8633,44.1284,t009,FIJTB
2529854973,2994563,3,pierna,swing,-1.0013,0.0928,-0.3821,-21.1792,115.4175,35.7056,t009,FIJTB
2529855027,2994579,3,pierna,swing,-0.9049,0.0740,-0.3636,-23.0103,121.8262,29.7241,t009,FIJTB
2529855027,2994595,3,pierna,swing,-0.8248,0.0060,-0.2935,-25.5127,122.7417,27.8320,t009,FIJTB
2529855028,2994611,3,pierna,swing,-0.8025,-0.0269,-0.2416,-36.4380,121.3989,29.1138,t009,FIJTB
2529855061,2994627,3,pierna,swing,-0.7982,-0.0569,-0.1401,-45.3491,120.0561,31.3721,t009,FIJTB
2529855082,2994643,3,pierna,loading,-0.8046,-0.0431,-0.0934,-61.1572,115.9668,33.8135,t009,FIJTB
2529855082,2994659,3,pierna,loading,-0.8247,-0.0002,0.0197,-63.7207,113.4643,33.0200,t009,FIJTB
2529855083,2994675,3,pierna,loading,-0.8417,-0.0155,0.1517,-63.2935,109.4971,31.3721,t009,FIJTB
2529855136,2994691,3,pierna,loading,-0.8536,-0.0186,0.1885,-65.3076,103.0884,27.2217,t009,FIJTB
2529855137,2994707,3,pierna,loading,-0.8010,0.0485,0.1418,-68.8477,96.4966,20.9351,t009,FIJTB
2529855137,2994723,3,pierna,loading,-0.7294,0.1061,0.0645,-75.9888,74.7070,4.7607,t009,FIJTB
2529855184,2994739,3,pierna,loading,-0.6720,0.1456,-0.0342,-75.3784,62.5000,0.3662,t009,FIJTB
2529855192,2994755,3,pierna,loading,-0.6859,0.1107,-0.0255,-68.2983,42.0532,3.0518,t009,FIJTB
2529855192,2994771,3,pierna,loading,-0.7018,0.0817,0.0105,-61.9507,28.7476,8.8501,t009,FIJTB
2529855193,2994787,3,pierna,loading,-0.8610,-0.0077,0.1759,-59.4482,27.5879,13.1836,t009,FIJTB
2529855242,2994803,3,pierna,loading,-0.9097,-0.0386,0.2743,-58.6548,34.2407,26.8555,t009,FIJTB
2529855245,2994819,3,pierna,loading,-0.8920,-0.0387,0.4945,-57.1289,38.6963,32.7148,t009,FIJTB
2529855245,2994834,3,pierna,loading,-0.7606,-0.0693,0.5557,-52.0019,37.4146,38.7573,t009,FIJTB
2529855300,2994850,3,pierna,loading,-0.6429,-0.0599,0.5199,-40.4663,8.6670,27.4658,t009,FIJTB
2529855300,2994866,3,pierna,loading,-0.5808,0.0240,0.4227,-24.1089,-9.0942,17.9443,t009,FIJTB
2529855301,2994882,3,pierna,loading,-0.6709,0.0157,0.4146,11.4136,-29.7852,9.1553,t009,FIJTB
2529855309,2994898,3,pierna,loading,-0.8187,-0.0435,0.4567,19.8364,-32.7148,9.2773,t009,FIJTB
2529855351,2994914,3,pierna,loading,-0.8293,-0.0531,0.4982,23.4375,-32.6538,11.5356,t009,FIJTB
2529855354,2994930,3,pierna,loading,-0.7134,-0.0806,0.5333,22.7661,-34.3018,12.5122,t009,FIJTB
2529855354,2994946,3,pierna,loading,-0.5719,-0.1320,0.4519,20.7520,-52.6733,11.9019,t009,FIJTB
2529855409,2994962,3,pierna,loading,-0.5514,-0.2219,0.3831,27.6489,-90.2100,16.9678,t009,FIJTB
2529855409,2994978,3,pierna,loading,-0.6003,-0.3024,0.1976,24.7192,-111.6333,19.0430,t009,FIJTB
2529855410,2994994,3,pierna,loading,-0.8040,-0.2489,0.2766,-6.5918,-125.1221,-7.9956,t009,FIJTB
2529855460,2995011,3,pierna,loading,-1.9103,-0.2178,1.0481,-30.2124,-111.2060,-21.8506,t009,FIJTB
2529855463,2995027,3,pierna,loading,-2.6455,-0.3234,0.8157,-104.2480,-61.0962,-1.0986,t009,FIJTB
2529855463,2995043,3,pierna,loading,-1.9563,0.0833,0.2250,-239.1968,-32.1655,11.9629,t009,FIJTB
2529855463,2995059,3,pierna,loading,-0.4678,0.8589,-0.2615,-226.0132,-33.9966,8.2397,t009,FIJTB
2529855518,2995075,3,pierna,loading,-0.3013,0.8591,-0.3354,-77.4536,-57.8613,-0.6104,t009,FIJTB
2529855518,2995091,3,pierna,loading,-0.4575,0.4506,-0.3750,-7.9956,-67.2607,0.1221,t009,FIJTB
2529855519,2995107,3,pierna,loading,-0.6892,-0.1272,-0.3324,58.1665,-86.4258,22.2168,t009,FIJTB
2529855572,2995123,3,pierna,loading,-0.8019,-0.3049,-0.3112,92.7734,-86.0596,38.3301,t009,FIJTB
2529855572,2995139,3,pierna,loading,-1.1763,-0.3455,-0.2344,111.3281,-77.4536,36.0107,t009,FIJTB
2529855573,2995155,3,pierna,loading,-1.3739,-0.3112,-0.1077,98.9990,-48.0957,20.5078,t009,FIJTB
2529855582,2995171,3,pierna,loading,-1.1328,-0.3164,0.0632,64.5752,-42.2974,8.6060,t009,FIJTB
2529855629,2995187,3,pierna,loading,-1.0767,-0.2584,0.0093,-7.2021,-53.7109,-0.6714,t009,FIJTB
2529855629,2995203,3,pierna,loading,-1.1077,-0.2300,0.0216,-49.1333,-56.5186,-1.8921,t009,FIJTB
2529855630,2995219,3,pierna,midstance,-0.9220,-0.1986,0.0094,-55.5420,-55.8472,-3.9673,t009,FIJTB
2529855683,2995236,3,pierna,midstance,-0.8927,-0.1760,-0.0533,-60.4858,-58.1665,-6.4087,t009,FIJTB
2529855683,2995252,3,pierna,midstance,-0.9572,-0.0580,-0.0569,-57.6782,-56.4575,-5.0659,t009,FIJTB
2529855685,2995268,3,pierna,midstance,-0.9465,0.0671,0.0631,-42.4805,-49.8047,-2.2583,t009,FIJTB
2529855723,2995284,3,pierna,midstance,-0.9846,0.1111,0.0593,-13.3667,-46.5088,6.4697,t009,FIJTB
2529855743,2995300,3,pierna,midstance,-1.0054,0.1765,-0.0319,1.1597,-45.1050,10.1318,t009,FIJTB
2529855744,2995317,3,pierna,midstance,-0.9697,0.2028,-0.0535,26.0620,-44.5557,7.2021,t009,FIJTB
2529855744,2995333,3,pierna,midstance,-0.9497,0.1650,-0.0463,53.2227,-46.8140,3.1738,t009,FIJTB
2529855796,2995349,3,pierna,midstance,-1.0117,-0.0570,-0.0426,66.5283,-47.1191,4.2114,t009,FIJTB
2529855796,2995365,3,pierna,midstance,-1.0081,-0.1705,-0.0426,76.9043,-46.9360,7.0801,t009,FIJTB
2529855799,2995381,3,pierna,midstance,-1.0206,-0.2283,-0.0345,72.2046,-45.8374,7.3853,t009,FIJTB
2529855818,2995397,3,pierna,midstance,-1.0330,-0.1250,-0.0115,53.9551,-42.6636,7.6294,t009,FIJTB
2529855857,2995413,3,pierna,midstance,-1.0093,-0.0668,0.0000,39.1235,-40.4053,6.3477,t009,FIJTB
2529855857,2995430,3,pierna,midstance,-0.9962,-0.0526,-0.0089,35.0952,-39.3677,4.6387,t009,FIJTB
2529855858,2995446,3,pierna,midstance,-0.9679,-0.0764,-0.0365,30.8838,-37.3535,3.7842,t009,FIJTB
2529855913,2995462,3,pierna,midstance,-0.8757,-0.1016,-0.0618,30.8228,-37.9028,5.7373,t009,FIJTB
2529855914,2995478,3,pierna,midstance,-0.9954,-0.1095,-0.0294,26.3062,-39.9780,5.4932,t009,FIJTB
2529855914,2995494,3,pierna,midstance,-1.0153,-0.1255,0.0032,20.0806,-34.4238,5.1880,t009,FIJTB
2529855914,2995510,3,pierna,midstance,-0.9749,-0.1289,0.0175,16.6016,-31.0669,5.5542,t009,FIJTB
2529855970,2995526,3,pierna,midstance,-0.9570,-0.0765,-0.0001,14.0991,-25.9399,5.0049,t009,FIJTB
2529855971,2995542,3,pierna,midstance,-0.9441,0.0046,-0.0450,18.6157,-24.7803,5.4932,t009,FIJTB
2529855971,2995558,3,pierna,midstance,-0.9346,-0.0244,-0.0692,33.5083,-23.4375,6.5918,t009,FIJTB
2529856028,2995574,3,pierna,midstance,-0.9697,-0.1392,-0.0970,40.0391,-22.1558,7.9956,t009,FIJTB
2529856028,2995590,3,pierna,midstance,-0.9827,-0.1602,-0.1040,37.2925,-21.3623,7.5073,t009,FIJTB
2529856029,2995606,3,pierna,midstance,-0.9836,-0.1415,-0.1135,27.8320,-21.4233,5.7373,t009,FIJTB
2529856029,2995622,3,pierna,midstance,-1.0015,-0.1002,-0.1796,24.3530,-22.0337,4.6997,t009,FIJTB
2529856090,2995638,3,pierna,midstance,-0.9791,-0.0762,-0.2267,19.5923,-23.0713,2.8076,t009,FIJTB
2529856091,2995654,3,pierna,midstance,-0.9359,-0.0013,-0.2902,21.4233,-27.5879,2.0752,t009,FIJTB
2529856091,2995670,3,pierna,midstance,-0.9275,-0.0035,-0.2386,26.0620,-29.1748,1.9531,t009,FIJTB
2529856149,2995686,3,pierna,midstance,-0.9387,-0.0537,-0.2275,41.1987,-29.2358,1.3428,t009,FIJTB
2529856150,2995702,3,pierna,terminal,-0.9602,-0.0892,-0.2875,45.1660,-28.2593,1.0376,t009,FIJTB
2529856150,2995718,3,pierna,terminal,-0.9365,-0.0463,-0.3112,41.2598,-29.1138,1.2207,t009,FIJTB
2529856150,2995734,3,pierna,terminal,-0.9004,0.0057,-0.3077,41.4429,-30.8838,1.2207,t009,FIJTB
2529856154,2995750,3,pierna,terminal,-0.9695,-0.0594,-0.2317,48.7061,-34.4238,-0.5493,t009,FIJTB
2529856212,2995766,3,pierna,terminal,-0.9790,-0.0845,-0.1831,47.2412,-37.9639,-1.5869,t009,FIJTB
2529856213,2995783,3,pierna,terminal,-0.9706,-0.1135,-0.1234,46.6919,-38.4521,-1.2207,t009,FIJTB
2529856213,2995799,3,pierna,terminal,-0.9866,-0.1313,-0.0990,48.4009,-37.7197,-0.1831,t009,FIJTB
2529856268,2995815,3,pierna,terminal,-1.0156,-0.1727,-0.0564,51.2085,-36.3159,0.1831,t009,FIJTB
2529856269,2995831,3,pierna,terminal,-1.0210,-0.1909,-0.0181,52.7954,-33.0200,-0.6714,t009,FIJTB
2529856270,2995847,3,pierna,terminal,-1.0183,-0.2292,-0.0095,51.3306,-32.5928,-5.0659,t009,FIJTB
2529856271,2995863,3,pierna,terminal,-1.0959,-0.2800,0.0309,51.3306,-32.7759,-8.6670,t009,FIJTB
2529856327,2995879,3,pierna,terminal,-1.1826,-0.2211,0.0906,44.0674,-24.3530,-23.3154,t009,FIJTB
2529856328,2995895,3,pierna,terminal,-1.2910,0.0186,0.2261,38.2690,-13.6719,-32.4707,t009,FIJTB
2529856328,2995911,3,pierna,terminal,-1.3129,0.2187,0.3480,35.3394,15.3809,-45.2881,t009,FIJTB
2529856365,2995927,3,pierna,terminal,-1.2657,0.2858,0.3804,61.5845,38.0859,-45.1050,t009,FIJTB
2529856381,2995942,3,pierna,terminal,-1.1593,0.3505,0.3962,87.5244,43.3960,-41.8701,t009,FIJTB
2529856383,2995958,3,pierna,terminal,-1.1443,0.3407,0.3314,132.1411,53.4668,-32.2266,t009,FIJTB
2529856383,2995974,3,pierna,terminal,-1.0798,0.1918,0.0347,145.0195,56.3965,-22.5220,t009,FIJTB
2529856441,2995990,3,pierna,terminal,-1.1125,-0.0854,-0.1956,150.2075,59.3872,-0.5493,t009,FIJTB
2529856441,2996006,3,pierna,terminal,-1.1395,-0.1639,-0.2446,112.3657,66.5894,10.8032,t009,FIJTB
2529856442,2996023,3,pierna,terminal,-1.2615,-0.2794,-0.3411,83.1299,70.0684,14.8926,t009,FIJTB
2529856450,2996039,3,pierna,terminal,-1.3313,-0.3367,-0.3794,21.7285,78.2471,26.4282,t009,FIJTB
2529856495,2996055,3,pierna,terminal,-1.3888,-0.2906,-0.4393,-8.3008,85.5713,30.9448,t009,FIJTB
2529856495,2996071,3,pierna,terminal,-1.3256,-0.1329,-0.4882,-54.9316,102.7222,35.1563,t009,FIJTB
2529856496,2996087,3,pierna,terminal,-1.2810,-0.0842,-0.4718,-80.0781,115.3564,33.6304,t009,FIJTB
2529856553,2996103,3,pierna,terminal,-1.1799,0.0181,-0.4437,-87.9517,118.8354,31.4941,t009,FIJTB
2529856553,2996119,3,pierna,terminal,-1.1023,0.0577,-0.4507,-93.5059,118.6523,24.1089,t009,FIJTB
2529856553,2996135,3,pierna,terminal,-0.9832,0.0311,-0.4351,-86.3647,115.1733,24.2310,t009,FIJTB
2529856570,2996151,3,pierna,terminal,-1.0137,0.0094,-0.4000,-62.4390,105.5298,31.4941,t009,FIJTB
2529856607,2996167,3,pierna,terminal,-1.0338,0.0068,-0.3735,-49.6826,101.3184,41.0156,t009,FIJTB
2529856607,2996183,3,pierna,terminal,-0.9535,0.0465,-0.3309,-47.9736,102.3559,45.1660,t009,FIJTB
2529856607,2996199,3,pierna,terminal,-0.9097,0.0748,-0.3273,-45.4712,104.4311,44.9219,t009,FIJTB
2529856650,2996215,3,pierna,terminal,-0.7985,0.0693,-0.3301,-42.5415,103.3935,41.6260,t009,FIJTB
2529856664,2996231,3,pierna,terminal,-0.7094,-0.0203,-0.3285,-37.6587,93.5059,39.8560,t009,FIJTB
2529856664,2996248,3,pierna,terminal,-0.7043,-0.0774,-0.3074,-44.9219,78.2471,45.2881,t009,FIJTB
2529856716,2996264,3,pierna,terminal,-0.7777,-0.1226,-0.2017,-55.6030,73.7915,46.0205,t009,FIJTB
2529856716,2996280,3,pierna,swing,-0.8181,-0.0913,-0.1521,-86.3647,75.5615,40.4053,t009,FIJTB
2529856717,2996296,3,pierna,swing,-0.8510,-0.0177,-0.0643,-100.0976,78.4912,36.1328,t009,FIJTB
2529856717,2996312,3,pierna,swing,-0.8783,0.0334,0.0690,-114.2578,80.6885,29.7852,t009,FIJTB
2529856778,2996328,3,pierna,swing,-0.8903,0.0675,0.1422,-108.7036,77.2095,22.3389,t009,FIJTB
2529856778,2996344,3,pierna,swing,-0.8979,0.1415,0.2560,-102.8442,75.6836,19.2871,t009,FIJTB
2529856778,2996360,3,pierna,swing,-0.8898,0.2035,0.2886,-88.5010,72.6318,15.8081,t009,FIJTB
2529856779,2996376,3,pierna,swing,-0.8661,0.3239,0.3400,-75.0732,69.3970,13.8550,t009,FIJTB
2529856831,2996392,3,pierna,swing,-0.8307,0.3512,0.3262,-37.1704,57.2510,13.2446,t009,FIJTB
2529856834,2996408,3,pierna,swing,-0.7212,0.3276,0.2795,3.5400,38.4521,14.9536,t009,FIJTB
2529856834,2996423,3,pierna,swing,-0.7178,0.1696,0.2820,20.1416,27.1606,16.1743,t009,FIJTB
2529856889,2996439,3,pierna,swing,-0.7402,0.0466,0.2483,44.0674,4.7607,26.9165,t009,FIJTB
2529856890,2996455,3,pierna,swing,-0.7881,-0.3123,0.2144,53.2227,-4.4556,39.0015,t009,FIJTB
2529856891,2996471,3,pierna,swing,-0.8326,-0.5039,0.2266,56.7017,-16.8457,64.8193,t009,FIJTB
2529856891,2996487,3,pierna,swing,-0.8640,-0.6130,0.2804,40.8325,-19.0430,66.5894,t009,FIJTB
2529856942,2996503,3,pierna,swing,-0.8781,-0.3660,0.3895,-17.8833,-2.0142,35.8887,t009,FIJTB
2529856944,2996519,3,pierna,swing,-0.8916,-0.2384,0.4485,-76.4160,23.5596,5.3711,t009,FIJTB
2529856945,2996535,3,pierna,swing,-0.8688,-0.1219,0.5543,-95.4590,27.9541,5.2490,t009,FIJTB
2529857002,2996551,3,pierna,swing,-0.8267,-0.0908,0.5994,-106.9946,18.5547,12.5122,t009,FIJTB
2529857002,2996568,3,pierna,swing,-0.7283,0.0015,0.6428,-99.1821,8.1177,12.8174,t009,FIJTB
2529857003,2996583,3,pierna,swing,-0.7130,0.0369,0.6152,-67.2607,-15.1367,8.4229,t009,FIJTB
2529857003,2996599,3,pierna,swing,-0.7378,0.0258,0.5900,-41.8091,-27.8931,0.9155,t009,FIJTB
2529857056,2996615,3,pierna,swing,-0.7388,0.0267,0.5073,-34.6069,-31.0059,-1.4038,t009,FIJTB
2529857057,2996632,3,pierna,swing,-0.7220,0.0328,0.4564,-20.5078,-41.4429,-2.9297,t009,FIJTB
2529857058,2996648,3,pierna,swing,-0.6909,0.0500,0.3312,-10.2539,-51.2695,-4.4556,t009,FIJTB
2529857113,2996664,3,pierna,swing,-0.6233,0.1428,-0.0077,13.2446,-85.8154,-11.4746,t009,FIJTB
2529857113,2996680,3,pierna,swing,-0.7522,0.1910,-0.0088,24.4141,-104.7363,-23.7427,t009,FIJTB
2529857114,2996696,3,pierna,swing,-1.5167,0.0809,0.7422,14.2212,-92.7734,-28.9307,t009,FIJTB
2529857168,2996712,3,pierna,swing,-2.0708,-0.0417,1.2035,-11.7798,-52.1851,-10.4980,t009,FIJTB
2529857169,2996728,3,pierna,swing,-2.1306,-0.4395,0.7878,-33.6304,-40.3442,11.5967,t009,FIJTB
2529857170,2996744,3,pierna,swing,-0.7419,0.1378,-0.1288,-127.2583,-46.7529,13.8550,t009,FIJTB
2529857171,2996761,3,pierna,swing,-0.4570,0.3473,-0.3092,-101.2573,-72.6929,-1.2817,t009,FIJTB
2529857226,2996777,3,pierna,swing,-0.6128,0.2247,-0.4348,-55.6030,-82.0312,-1.6479,t009,FIJTB
2529857227,2996793,3,pierna,swing,-0.7478,0.0476,-0.4504,20.0195,-83.7402,8.7280,t009,FIJTB
2529857227,2996809,3,pierna,swing,-0.8105,-0.1423,-0.3512,39.7949,-74.2798,19.5923,t009,FIJTB
2529857264,2996825,3,pierna,swing,-0.8744,-0.0095,-0.2841,64.2700,-55.6030,21.9727,t009,FIJTB
2529857282,2996841,3,pierna,swing,-1.0610,0.0027,-0.2367,92.5903,-46.6919,7.6294,t009,FIJTB
2529857284,2996857,3,pierna,swing,-1.1541,-0.1379,-0.0377,89.1113,-40.2222,2.2583,t009,FIJTB
2529857284,2996873,3,pierna,swing,-1.0819,-0.2390,0.0469,39.9170,-42.9077,-5.7373,t009,FIJTB
2529857341,2996889,3,pierna,swing,-1.1006,-0.3202,0.0192,7.2021,-50.5371,-7.0801,t009,FIJTB
2529857341,2996905,3,pierna,swing,-0.9872,-0.1577,-0.0981,-41.3208,-62.3779,-7.9346,t009,FIJTB
2529857342,2996921,3,pierna,swing,-0.9878,-0.0100,-0.1387,-33.2642,-51.3306,-14.3433,t009,FIJTB
2529857342,2996937,3,pierna,swing,-0.9474,-0.0596,-0.1960,-18.2495,-43.0298,-15.4419,t009,FIJTB
2529857397,2996954,3,pierna,swing,-0.8632,-0.1180,-0.1692,-15.4419,-51.0864,-0.4272,t009,FIJTB
2529857398,2996970,3,pierna,loading,-1.0132,0.1241,0.0193,-8.4229,-53.4668,3.4790,t009,FIJTB
2529857398,2996986,3,pierna,loading,-0.9757,0.1539,-0.0140,21.0571,-40.1001,1.4038,t009,FIJTB
2529857459,2997002,3,pierna,loading,-0.9221,0.0619,-0.0280,34.4238,-40.7715,7.4463,t009,FIJTB
2529857459,2997018,3,pierna,loading,-0.9476,-0.0708,-0.0721,37.7197,-45.2270,9.0332,t009,FIJTB
2529857460,2997034,3,pierna,loading,-0.9709,-0.1233,-0.0995,44.0674,-48.0347,10.4370,t009,FIJTB
2529857460,2997050,3,pierna,loading,-0.9884,-0.2094,-0.0587,42.9687,-46.4478,10.6201,t009,FIJTB
2529857516,2997066,3,pierna,loading,-1.0509,-0.1025,0.0522,29.3579,-41.0156,7.1411,t009,FIJTB
2529857517,2997082,3,pierna,loading,-1.0520,0.0116,0.0371,17.5171,-39.5508,0.6104,t009,FIJTB
2529857517,2997098,3,pierna,loading,-0.9990,0.0510,-0.0100,18.7378,-40.8936,-0.3662,t009,FIJTB
2529857553,2997114,3,pierna,loading,-0.9944,-0.0138,-0.0135,26.4282,-42.7856,3.2349,t009,FIJTB
2529857575,2997130,3,pierna,loading,-0.9596,-0.0946,-0.0282,29.2358,-41.3208,5.3711,t009,FIJTB
2529857576,2997146,3,pierna,loading,-0.9106,-0.1290,-0.0073,32.2876,-36.3770,7.5073,t009,FIJTB
2529857576,2997162,3,pierna,loading,-0.9360,-0.1442,0.0121,27.5879,-34.0576,7.8125,t009,FIJTB
2529857631,2997178,3,pierna,loading,-1.0035,-0.1123,-0.0129,22.7661,-33.2031,7.4463,t009,FIJTB
2529857633,2997194,3,pierna,loading,-0.9940,-0.0754,-0.0630,21.0571,-33.8135,8.4839,t009,FIJTB
2529857633,2997210,3,pierna,loading,-0.9630,-0.0033,-0.1515,23.8647,-36.4990,9.3994,t009,FIJTB
2529857633,2997226,3,pierna,loading,-0.9629,0.0153,-0.1824,29.7241,-41.0767,9.7656,t009,FIJTB
2529857692,2997242,3,pierna,loading,-0.9650,0.0120,-0.1801,35.7056,-38.8184,10.4370,t009,FIJTB
2529857692,2997258,3,pierna,loading,-0.9635,-0.0510,-0.1433,38.8184,-36.1328,10.9863,t009,FIJTB
2529857693,2997274,3,pierna,loading,-0.9534,-0.0962,-0.1172,42.9077,-32.8369,11.7187,t009,FIJTB
2529857718,2997290,3,pierna,loading,-0.9484,-0.1553,-0.0327,41.9922,-31.9824,12.3291,t009,FIJTB
2529857746,2997306,3,pierna,loading,-0.9749,-0.1681,0.0272,36.3770,-28.0151,12.1460,t009,FIJTB
2529857748,2997322,3,pierna,loading,-0.9791,-0.1664,0.0205,33.7524,-23.4985,9.2773,t009,FIJTB
2529857749,2997338,3,pierna,loading,-0.9749,-0.1350,-0.0973,35.5225,-22.5220,6.7139,t009,FIJTB
2529857806,2997355,3,pierna,loading,-0.9836,-0.1078,-0.1742,43.3960,-22.3999,-1.2817,t009,FIJTB
2529857807,2997371,3,pierna,loading,-1.0157,-0.0427,-0.2809,45.8984,-23.8037,-4.6997,t009,FIJTB
2529857807,2997387,3,pierna,loading,-0.9663,0.0056,-0.3168,42.7246,-28.0151,-3.6011,t009,FIJTB
2529857807,2997403,3,pierna,loading,-0.9225,-0.0151,-0.3273,38.1470,-31.6162,1.8311,t009,FIJTB
2529857860,2997419,3,pierna,loading,-0.9025,-0.0909,-0.3398,36.7432,-33.6914,3.5400,t009,FIJTB
2529857860,2997435,3,pierna,loading,-0.9122,-0.1060,-0.3500,34.7900,-39.0625,1.6479,t009,FIJTB
2529857861,2997451,3,pierna,midstance,-0.9569,-0.0837,-0.3121,33.2642,-41.2598,-1.8311,t009,FIJTB
2529857923,2997467,3,pierna,midstance,-0.9945,-0.0972,-0.2697,29.5410,-44.2505,-8.6060,t009,FIJTB
2529857924,2997483,3,pierna,midstance,-0.9862,-0.1333,-0.2668,25.7568,-48.7061,-12.1460,t009,FIJTB
2529857924,2997499,3,pierna,midstance,-0.9872,-0.1870,-0.2303,22.2168,-51.3306,-13.0005,t009,FIJTB
2529857924,2997516,3,pierna,midstance,-0.9904,-0.1766,-0.1827,15.5640,-52.9175,-13.0615,t009,FIJTB
2529857979,2997532,3,pierna,midstance,-0.9928,-0.1185,-0.0900,14.2822,-52.4292,-12.5122,t009,FIJTB
2529857980,2997548,3,pierna,midstance,-1.0563,-0.0997,0.0306,19.1040,-53.4058,-11.1084,t009,FIJTB
2529857981,2997564,3,pierna,midstance,-1.1344,-0.0924,0.1243,40.8325,-44.0063,-13.8550,t009,FIJTB
2529858038,2997580,3,pierna,midstance,-1.2843,0.0145,0.3274,51.3306,-31.9214,-19.2261,t009,FIJTB
2529858039,2997596,3,pierna,midstance,-1.3002,0.1047,0.4207,67.0166,2.3193,-33.3252,t009,FIJTB
2529858040,2997612,3,pierna,midstance,-1.3042,0.2477,0.5187,74.2798,20.9961,-38.0859,t009,FIJTB
2529858040,2997628,3,pierna,midstance,-1.1855,0.3071,0.3411,92.0410,47.3633,-39.0625,t009,FIJTB
2529858093,2997644,3,pierna,midstance,-1.0842,0.3157,0.2220,132.6294,43.7012,-28.6255,t009,FIJTB
2529858095,2997660,3,pierna,midstance,-0.9980,0.2720,-0.0288,152.4048,39.4897,-19.4092,t009,FIJTB
2529858096,2997676,3,pierna,midstance,-1.0035,0.1721,-0.1998,173.4009,38.7573,6.8970,t009,FIJTB
2529858096,2997692,3,pierna,midstance,-1.1407,-0.0947,-0.4163,167.2973,43.8232,19.1650,t009,FIJTB
2529858153,2997708,3,pierna,midstance,-1.2738,-0.2009,-0.3853,115.1733,66.7114,27.4048,t009,FIJTB
2529858153,2997724,3,pierna,midstance,-1.3127,-0.1909,-0.3474,42.9077,90.5762,22.9492,t009,FIJTB
2529858154,2997740,3,pierna,midstance,-1.3682,-0.0937,-0.3699,10.9863,97.7783,18.8599,t009,FIJTB
2529858207,2997756,3,pierna,midstance,-1.3644,-0.0328,-0.4449,-34.6680,105.8960,14.2212,t009,FIJTB
2529858208,2997773,3,pierna,midstance,-1.2729,0.0629,-0.5112,-47.7905,108.4595,16.7847,t009,FIJTB
2529858208,2997789,3,pierna,midstance,-1.1692,0.1456,-0.4849,-59.0210,112.7930,22.7661,t009,FIJTB
2529858209,2997805,3,pierna,midstance,-1.1207,0.1427,-0.4673,-50.7202,112.6709,26.1230,t009,FIJTB
2529858265,2997821,3,pierna,midstance,-1.0791,0.1023,-0.4453,-42.1753,110.0464,29.2969,t009,FIJTB
2529858265,2997837,3,pierna,midstance,-1.0812,0.1013,-0.4387,-27.8320,107.1167,31.8603,t009,FIJTB
2529858265,2997853,3,pierna,midstance,-1.0132,0.1360,-0.4369,-23.6816,107.6660,31.9214,t009,FIJTB
2529858320,2997869,3,pierna,midstance,-0.9485,0.1318,-0.4237,-16.1133,105.6518,36.3159,t009,FIJTB
2529858321,2997885,3,pierna,midstance,-0.8820,0.0554,-0.3535,-14.0381,99.1211,42.2974,t009,FIJTB
2529858321,2997900,3,pierna,midstance,-0.9183,-0.0171,-0.3168,-19.1040,96.0083,43.4570,t009,FIJTB
2529858322,2997917,3,pierna,midstance,-0.9312,-0.0266,-0.3229,-38.8184,93.9331,40.7715,t009,FIJTB
2529858377,2997933,3,pierna,midstance,-0.9063,0.0012,-0.3335,-48.0347,94.4824,36.9873,t009,FIJTB
2529858378,2997949,3,pierna,midstance,-0.8812,0.0190,-0.3145,-54.9316,96.9238,28.7476,t009,FIJTB
2529858378,2997965,3,pierna,midstance,-0.8241,0.0397,-0.2449,-52.4902,98.3276,26.1841,t009,FIJTB
2529858430,2997981,3,pierna,midstance,-0.7985,-0.0250,-0.1469,-46.3867,98.0225,26.4282,t009,FIJTB
2529858431,2997997,3,pierna,terminal,-0.8146,-0.0447,-0.0989,-54.5044,94.7876,28.8696,t009,FIJTB
2529858431,2998013,3,pierna,terminal,-0.8527,0.0101,-0.0277,-62.4390,93.7500,27.4658,t009,FIJTB
2529858432,2998029,3,pierna,terminal,-0.8597,0.0596,0.0138,-70.5566,91.9800,21.9116,t009,FIJTB
2529858491,2998045,3,pierna,terminal,-0.8337,0.1409,0.1477,-68.4204,90.5762,20.2637,t009,FIJTB
2529858492,2998061,3,pierna,terminal,-0.8151,0.1492,0.2584,-58.8379,83.4961,17.7002,t009,FIJTB
2529858492,2998077,3,pierna,terminal,-0.8188,0.1453,0.2708,-54.7485,70.9229,12.3291,t009,FIJTB
2529858545,2998093,3,pierna,terminal,-0.7993,0.1641,0.2128,-53.7109,63.2324,10.1929,t009,FIJTB
2529858545,2998108,3,pierna,terminal,-0.7634,0.1880,0.1793,-45.5933,44.7998,8.3008,t009,FIJTB
2529858546,2998125,3,pierna,terminal,-0.7529,0.1755,0.1931,-36.4380,36.1328,7.7515,t009,FIJTB
2529858548,2998140,3,pierna,terminal,-0.8635,0.0814,0.2913,-15.7471,26.2451,11.1694,t009,FIJTB
2529858604,2998156,3,pierna,terminal,-0.9166,0.0463,0.3225,-0.9766,29.7241,15.6860,t009,FIJTB
2529858605,2998172,3,pierna,terminal,-0.8771,-0.1482,0.3163,2.9297,32.4097,19.9585,t009,FIJTB
2529858605,2998188,3,pierna,terminal,-0.8362,-0.2838,0.3032,-6.0425,27.7100,34.6680,t009,FIJTB
2529858657,2998204,3,pierna,terminal,-0.7871,-0.4719,0.2793,-18.4326,21.2402,40.5273,t009,FIJTB
2529858658,2998220,3,pierna,terminal,-0.7761,-0.4587,0.2848,-49.1333,4.6387,35.5225,t009,FIJTB
2529858659,2998236,3,pierna,terminal,-0.7931,-0.2146,0.3092,-62.8662,-1.9531,23.3154,t009,FIJTB
2529858659,2998252,3,pierna,terminal,-0.8710,0.0087,0.4349,-78.9795,-2.7466,-2.7466,t009,FIJTB
2529858714,2998268,3,pierna,terminal,-0.8811,0.0564,0.4979,-78.9795,-1.0986,-7.4463,t009,FIJTB
2529858715,2998284,3,pierna,terminal,-0.7886,0.0609,0.5659,-74.4629,-3.9673,-1.8311,t009,FIJTB
2529858715,2998300,3,pierna,terminal,-0.7084,0.0422,0.5664,-57.6172,-21.3623,10.4980,t009,FIJTB
2529858768,2998316,3,pierna,terminal,-0.6754,-0.0214,0.5369,-48.1567,-34.4238,12.1460,t009,FIJTB
2529858770,2998332,3,pierna,terminal,-0.8080,-0.1083,0.4622,-36.4380,-54.7485,10.6812,t009,FIJTB
2529858770,2998348,3,pierna,terminal,-0.7938,-0.0702,0.3785,-23.6816,-79.0405,5.6152,t009,FIJTB
2529858771,2998364,3,pierna,terminal,-0.9139,0.1383,0.3970,-15.9912,-93.8110,-7.9956,t009,FIJTB
2529858826,2998380,3,pierna,terminal,-1.2788,0.1564,0.6029,-11.3525,-88.5620,-33.0200,t009,FIJTB
2529858827,2998396,3,pierna,terminal,-2.1133,-0.0372,0.9479,-17.0898,-65.7959,-22.3389,t009,FIJTB
2529858827,2998412,3,pierna,terminal,-1.3132,0.0311,0.2761,-84.2895,-22.9492,22.3999,t009,FIJTB
2529858880,2998428,3,pierna,terminal,-0.8230,0.2386,-0.0814,-121.3989,-30.3345,39.0625,t009,FIJTB
2529858880,2998444,3,pierna,swing,-0.6018,0.4746,-0.2964,-100.2808,-43.5791,38.3301,t009,FIJTB
2529858881,2998460,3,pierna,swing,-0.6592,0.4381,-0.3058,-30.1514,-65.9180,28.1982,t009,FIJTB
2529858881,2998476,3,pierna,swing,-0.6019,0.1637,-0.3275,2.3804,-72.5098,28.1982,t009,FIJTB
2529858944,2998492,3,pierna,swing,-0.7522,-0.1035,-0.1860,41.8091,-72.4487,28.1982,t009,FIJTB
2529858944,2998508,3,pierna,swing,-1.0892,-0.1675,-0.1016,65.1245,-64.8193,11.2915,t009,FIJTB
2529858945,2998524,3,pierna,swing,-1.3568,-0.1351,0.0106,65.9790,-55.4199,7.1411,t009,FIJTB
2529858945,2998540,3,pierna,swing,-1.1865,-0.1393,0.0450,44.0674,-43.0298,3.3569,t009,FIJTB
2529858999,2998556,3,pierna,swing,-0.9695,-0.2611,0.0800,27.6489,-45.5322,4.4556,t009,FIJTB
2529859000,2998572,3,pierna,swing,-1.0023,-0.3411,0.0659,-9.2773,-50.8423,7.5684,t009,FIJTB
2529859001,2998588,3,pierna,swing,-0.9705,-0.3014,0.0192,-43.5181,-49.8047,4.4556,t009,FIJTB
2529859060,2998604,3,pierna,swing,-0.9589,-0.1339,-0.0973,-52.7344,-47.7295,1.7090,t009,FIJTB
2529859061,2998620,3,pierna,swing,-0.9597,-0.0555,-0.0958,-47.7295,-42.8467,-2.8076,t009,FIJTB
2529859061,2998636,3,pierna,swing,-0.9514,0.0651,-0.0604,-37.9639,-42.3584,-4.0283,t009,FIJTB
2529859062,2998653,3,pierna,swing,-0.9948,0.1139,-0.0555,-12.2681,-43.4570,-3.2959,t009,FIJTB
2529859115,2998669,3,pierna,swing,-1.0210,0.1094,-0.0585,12.6343,-44.7388,-0.6104,t009,FIJTB
2529859116,2998685,3,pierna,swing,-1.0137,0.0874,-0.0702,21.5454,-44.3726,1.8921,t009,FIJTB
2529859119,2998701,3,pierna,swing,-0.9867,0.0581,-0.0507,31.7383,-42.2974,7.1411,t009,FIJTB
2529859138,2998717,3,pierna,swing,-0.9602,-0.0337,0.0260,34.4849,-41.6870,8.3008,t009,FIJTB
2529859158,2998733,3,pierna,swing,-0.9722,-0.0762,0.0310,39.4287,-42.4805,7.6294,t009,FIJTB
2529859158,2998749,3,pierna,swing,-0.9987,-0.0702,0.0365,44.0063,-40.1001,6.9580,t009,FIJTB
2529859178,2998765,3,pierna,swing,-1.0228,-0.0372,0.0654,45.5322,-38.0859,6.6528,t009,FIJTB
2529859236,2998781,3,pierna,swing,-1.0592,-0.0623,0.0845,48.0957,-34.0576,6.2256,t009,FIJTB
2529859237,2998797,3,pierna,swing,-0.9708,-0.0817,0.0280,47.7295,-31.9214,5.8594,t009,FIJTB
2529859237,2998813,3,pierna,swing,-0.9707,-0.1803,-0.0371,45.9595,-31.3721,6.8359,t009,FIJTB
2529859237,2998829,3,pierna,swing,-0.9583,-0.1846,-0.0420,30.4565,-30.8228,6.0425,t009,FIJTB
2529859295,2998845,3,pierna,swing,-0.9482,-0.1061,-0.0540,18.5547,-29.3579,4.6997,t009,FIJTB
2529859296,2998862,3,pierna,swing,-0.9481,-0.0619,-0.0662,4.6997,-27.7100,1.9531,t009,FIJTB
2529859296,2998878,3,pierna,swing,-0.9622,-0.0370,-0.0830,3.6621,-28.8086,1.8311,t009,FIJTB
2529859350,2998894,3,pierna,swing,-0.9844,-0.0511,-0.0896,6.3477,-30.8228,3.9062,t009,FIJTB
2529859352,2998910,3,pierna,swing,-0.9834,-0.0459,-0.0925,7.6294,-32.1655,5.1880,t009,FIJTB
2529859353,2998926,3,pierna,swing,-0.9801,-0.0151,-0.1166,7.8735,-33.9966,4.6997,t009,FIJTB
2529859353,2998942,3,pierna,swing,-0.9919,-0.0005,-0.1212,9.7046,-37.3535,2.9907,t009,FIJTB
2529859411,2998958,3,pierna,swing,-1.0029,-0.0132,-0.0948,11.9629,-37.4756,3.1128,t009,FIJTB
2529859411,2998974,3,pierna,swing,-0.9575,-0.0337,-0.0542,17.9443,-35.3394,5.1880,t009,FIJTB
2529859412,2998991,3,pierna,swing,-0.9452,-0.0500,-0.0426,23.9258,-34.4238,6.0425,t009,FIJTB
2529859413,2999007,3,pierna,swing,-0.9725,-0.1277,-0.0239,27.0996,-34.4849,5.7983,t009,FIJTB
2529859468,2999023,3,pierna,swing,-0.9613,-0.1608,-0.0383,29.4800,-33.9355,5.4932,t009,FIJTB
2529859468,2999039,3,pierna,swing,-0.9604,-0.1631,-0.1217,26.9775,-33.4473,5.9204,t009,FIJTB
2529859468,2999055,3,pierna,swing,-0.9557,-0.1320,-0.2023,18.0054,-32.7759,7.2021,t009,FIJTB
2529859526,2999071,3,pierna,swing,-0.9562,-0.1128,-0.2317,15.0757,-32.8369,6.5918,t009,FIJTB
2529859526,2999087,3,pierna,swing,-0.9641,-0.0637,-0.2690,16.7236,-32.1655,5.0049,t009,FIJTB
2529859527,2999103,3,pierna,loading,-0.9403,-0.0557,-0.2799,23.6206,-30.2124,1.7090,t009,FIJTB
2529859527,2999119,3,pierna,loading,-0.9321,-0.0719,-0.2639,26.8555,-30.2124,0.9766,t009,FIJTB
2529859582,2999135,3,pierna,loading,-0.9668,-0.0533,-0.2246,26.7334,-33.1421,1.6479,t009,FIJTB
2529859582,2999151,3,pierna,loading,-0.9713,-0.0406,-0.2087,24.2920,-35.5835,2.9297,t009,FIJTB
2529859584,2999167,3,pierna,loading,-0.9705,-0.0541,-0.1841,25.9399,-36.2549,3.0518,t009,FIJTB
2529859622,2999184,3,pierna,loading,-0.9637,-0.0659,-0.1793,33.4473,-37.5366,1.5259,t009,FIJTB
2529859644,2999200,3,pierna,loading,-0.9655,-0.0747,-0.1844,36.2549,-38.0249,0.0000,t009,FIJTB
2529859644,2999216,3,pierna,loading,-0.9504,-0.1210,-0.2174,35.2173,-38.7573,-2.0142,t009,FIJTB
2529859644,2999232,3,pierna,loading,-0.9409,-0.1501,-0.2228,30.7617,-41.2598,-1.5869,t009,FIJTB
2529859698,2999248,3,pierna,loading,-0.9915,-0.1680,-0.2109,27.5269,-41.9311,-3.1128,t009,FIJTB
2529859701,2999265,3,pierna,loading,-1.0486,-0.1333,-0.1879,19.9585,-39.3066,-8.3618,t009,FIJTB
2529859702,2999281,3,pierna,loading,-1.0648,-0.1366,-0.1515,16.1133,-37.1704,-10.4370,t009,FIJTB
2529859702,2999297,3,pierna,loading,-1.0680,-0.1965,-0.0902,14.4043,-36.5601,-11.1694,t009,FIJTB
2529859758,2999314,3,pierna,loading,-1.1088,-0.1990,-0.0337,13.1226,-32.8369,-13.9160,t009,FIJTB
2529859759,2999330,3,pierna,loading,-1.1702,-0.1744,0.1042,17.4561,-26.3672,-16.4185,t009,FIJTB
2529859760,2999346,3,pierna,loading,-1.2053,-0.0757,0.2833,21.2402,-7.2632,-24.4751,t009,FIJTB
2529859810,2999363,3,pierna,loading,-1.2073,0.0149,0.3827,26.3672,21.5454,-35.4614,t009,FIJTB
2529859811,2999378,3,pierna,loading,-1.1838,0.2562,0.4518,32.0435,36.4380,-41.9311,t009,FIJTB
2529859812,2999394,3,pierna,loading,-1.1260,0.3673,0.3964,51.7578,48.9502,-51.8188,t009,FIJTB
2529859814,2999410,3,pierna,loading,-1.0306,0.4330,0.3210,72.5708,43.2129,-46.9360,t009,FIJTB
2529859866,2999426,3,pierna,loading,-1.0310,0.3796,0.2266,121.5820,30.3345,-20.5078,t009,FIJTB
2529859867,2999442,3,pierna,loading,-1.0547,0.3130,0.1315,142.8833,32.0435,-7.5684,t009,FIJTB
2529859867,2999458,3,pierna,loading,-1.1434,0.0486,-0.1609,168.3960,44.7998,13.9770,t009,FIJTB
2529859917,2999474,3,pierna,loading,-1.1849,-0.1041,-0.2808,156.9824,65.6738,27.2217,t009,FIJTB
2529859920,2999490,3,pierna,loading,-1.2640,-0.3101,-0.3923,134.9487,76.1719,31.4941,t009,FIJTB
2529859920,2999506,3,pierna,loading,-1.3259,-0.3640,-0.4233,73.6694,87.5854,38.8794,t009,FIJTB
2529859972,2999522,3,pierna,loading,-1.4663,-0.3759,-0.4286,37.9639,92.3462,39.4897,t009,FIJTB
2529859972,2999538,3,pierna,loading,-1.4945,-0.2324,-0.4893,-33.6304,109.6191,34.1797,t009,FIJTB
2529859973,2999554,3,pierna,loading,-1.4503,-0.1429,-0.5350,-77.1484,124.0234,32.2876,t009,FIJTB
2529860020,2999570,3,pierna,loading,-1.3522,0.0759,-0.5763,-87.8296,125.1221,34.9731,t009,FIJTB
2529860021,2999586,3,pierna,loading,-1.2810,0.1274,-0.5574,-92.7734,131.4087,35.2783,t009,FIJTB
2529860023,2999602,3,pierna,loading,-1.1230,0.1478,-0.4609,-85.9985,135.1318,35.8887,t009,FIJTB
2529860023,2999618,3,pierna,loading,-1.0752,0.1710,-0.3866,-68.4814,133.6060,41.6260,t009,FIJTB
2529860075,2999634,3,pierna,loading,-1.0564,0.1958,-0.3816,-55.1758,125.9766,42.9077,t009,FIJTB
2529860075,2999651,3,pierna,loading,-0.9596,0.2778,-0.3889,-48.2788,123.4131,41.8091,t009,FIJTB
2529860076,2999667,3,pierna,loading,-0.9019,0.3038,-0.3905,-29.1138,119.7510,38.2690,t009,FIJTB
2529860126,2999683,3,pierna,loading,-0.7844,0.2371,-0.3807,-19.2261,116.6382,36.1938,t009,FIJTB
2529860127,2999699,3,pierna,loading,-0.7172,0.1155,-0.3495,-8.1177,104.6753,32.7759,t009,FIJTB
2529860127,2999715,3,pierna,loading,-0.7136,0.0793,-0.3223,-11.5967,92.7124,28.8086,t009,FIJTB
2529860179,2999731,3,pierna,loading,-0.7227,0.0593,-0.2596,-18.1885,89.2944,25.8789,t009,FIJTB
2529860180,2999747,3,pierna,loading,-0.7394,0.0536,-0.2169,-33.6914,88.9893,25.0854,t009,FIJTB
2529860180,2999763,3,pierna,loading,-0.7805,0.0040,-0.1179,-41.3208,89.7827,28.1372,t009,FIJTB
2529860188,2999778,3,pierna,loading,-0.8319,-0.0065,0.0094,-53.4668,87.9517,30.5176,t009,FIJTB
2529860229,2999795,3,pierna,loading,-0.8339,-0.0034,0.0802,-53.5278,82.7026,26.8555,t009,FIJTB
2529860229,2999811,3,pierna,midstance,-0.8086,0.0272,0.2028,-51.3916,79.5288,25.2075,t009,FIJTB
2529860231,2999827,3,pierna,midstance,-0.8018,0.0486,0.2662,-46.6309,72.2046,18.6768,t009,FIJTB
2529860284,2999842,3,pierna,midstance,-0.7664,0.0890,0.3698,-44.4336,67.3828,14.4653,t009,FIJTB
2529860284,2999858,3,pierna,midstance,-0.7064,0.1368,0.4277,-34.1187,53.5278,6.0425,t009,FIJTB
2529860285,2999874,3,pierna,midstance,-0.7045,0.1177,0.4419,-16.2964,33.5693,1.8921,t009,FIJTB
2529860337,2999890,3,pierna,midstance,-0.7314,0.0406,0.4105,-11.3525,23.3765,1.6479,t009,FIJTB
2529860337,2999906,3,pierna,midstance,-0.7361,0.0291,0.4138,-2.1362,8.9111,-1.0376,t009,FIJTB
2529860338,2999922,3,pierna,midstance,-0.8241,-0.0770,0.4130,12.5122,4.8218,0.5493,t009,FIJTB
2529860390,2999938,3,pierna,midstance,-0.8339,-0.1985,0.3911,38.8184,-6.1646,14.4653,t009,FIJTB
2529860391,2999954,3,pierna,midstance,-0.8000,-0.3358,0.3378,42.7246,-12.9395,17.5781,t009,FIJTB
2529860391,2999970,3,pierna,midstance,-0.8387,-0.3135,0.2950,36.4380,-22.3999,13.5498,t009,FIJTB
2529860392,2999986,3,pierna,midstance,-0.8588,-0.2715,0.2911,17.9443,-24.9634,5.9814,t009,FIJTB
2529860443,3000002,3,pierna,midstance,-0.8507,-0.1854,0.2986,5.3101,-24.9634,2.0142,t009,FIJTB
2529860443,3000018,3,pierna,midstance,-0.8367,-0.1578,0.3198,-21.1182,-24.5972,-2.7466,t009,FIJTB
2529860444,3000034,3,pierna,midstance,-0.8433,-0.2010,0.3750,-32.2266,-24.6582,-1.5259,t009,FIJTB
2529860500,3000050,3,pierna,midstance,-0.8192,-0.2109,0.3335,-54.0161,-33.3862,5.4321,t009,FIJTB
2529860501,3000066,3,pierna,midstance,-0.8652,-0.1455,0.3035,-61.8896,-51.9409,-2.3193,t009,FIJTB
2529860502,3000083,3,pierna,midstance,-1.1515,-0.0469,0.4268,-56.5796,-56.1523,-9.8877,t009,FIJTB
2529860526,3000099,3,pierna,midstance,-1.3295,-0.0675,0.6257,-35.3394,-41.2598,-8.4839,t009,FIJTB
2529860554,3000115,3,pierna,midstance,-1.4716,-0.0433,0.9185,-36.0107,-15.7471,0.1221,t009,FIJTB
2529860554,3000131,3,pierna,midstance,-1.0341,0.1564,0.5459,-54.8096,-14.7095,-2.7466,t009,FIJTB
2529860555,3000147,3,pierna,midstance,-0.8528,0.2777,0.2853,-72.8760,-34.3018,2.8076,t009,FIJTB
2529860609,3000163,3,pierna,midstance,-0.7650,0.4500,0.0004,-63.3545,-43.2129,7.2632,t009,FIJTB
2529860610,3000179,3,pierna,midstance,-0.7335,0.4780,-0.0668,-19.2261,-51.3916,3.7842,t009,FIJTB
2529860610,3000195,3,pierna,midstance,-0.7247,0.3032,-0.1398,10.2539,-54.7485,3.7842,t009,FIJTB
2529860664,3000211,3,pierna,midstance,-0.8568,0.0601,-0.0668,59.8755,-59.3262,13.0615,t009,FIJTB
2529860664,3000227,3,pierna,midstance,-0.9050,-0.0343,-0.0272,77.6367,-54.2603,5.9814,t009,FIJTB
2529860664,3000243,3,pierna,midstance,-1.0881,-0.2155,0.0034,74.5850,-52.4902,-1.8921,t009,FIJTB
2529860664,3000259,3,pierna,midstance,-1.1842,-0.2903,0.0433,42.1753,-53.3447,-8.5449,t009,FIJTB
2529860719,3000275,3,pierna,midstance,-1.1619,-0.2902,0.0939,17.3340,-54.9927,-8.3618,t009,FIJTB
2529860720,3000292,3,pierna,midstance,-1.0140,-0.2100,0.1135,-21.8506,-56.5186,-5.2490,t009,FIJTB
2529860720,3000308,3,pierna,midstance,-0.9569,-0.1346,0.0891,-37.3535,-55.4810,-8.4229,t009,FIJTB
2529860774,3000324,3,pierna,midstance,-0.9435,0.0385,0.0114,-33.0811,-53.7720,-10.3149,t009,FIJTB
2529860776,3000340,3,pierna,midstance,-0.9130,0.0848,0.0690,-15.8081,-46.8750,-10.9863,t009,FIJTB
2529860776,3000356,3,pierna,midstance,-0.8992,0.0667,0.1013,-2.8076,-41.3818,-10.0098,t009,FIJTB
2529860776,3000372,3,pierna,midstance,-0.9437,-0.0348,0.1030,2.6855,-40.6494,-8.3008,t009,FIJTB
2529860830,3000388,3,pierna,midstance,-0.9812,-0.1030,0.0891,8.1787,-40.6494,-6.6528,t009,FIJTB
2529860831,3000405,3,pierna,midstance,-1.0736,-0.1819,0.0864,7.5684,-40.1611,-6.3477,t009,FIJTB
2529860831,3000421,3,pierna,midstance,-1.1160,-0.1439,0.1047,-0.2441,-34.5459,-4.5776,t009,FIJTB
2529860884,3000437,3,pierna,midstance,-1.1068,-0.1230,0.1240,-4.7607,-26.0010,-7.4463,t009,FIJTB
2529860885,3000453,3,pierna,midstance,-1.0521,-0.1215,0.1720,-4.6387,-22.4609,-8.7891,t009,FIJTB
2529860885,3000469,3,pierna,midstance,-0.9889,-0.1156,0.1775,-1.0986,-18.2495,-9.0942,t009,FIJTB
2529860919,3000485,3,pierna,midstance,-0.9669,-0.0830,0.1992,1.9531,-17.0898,-6.8359,t009,FIJTB
2529860942,3000502,3,pierna,midstance,-1.0078,0.0004,0.1554,10.3760,-13.7329,0.2441,t009,FIJTB
2529860942,3000518,3,pierna,midstance,-0.9943,0.0663,0.0940,22.9492,-10.0098,3.7842,t009,FIJTB
2529860943,3000534,3,pierna,midstance,-0.9360,0.0844,0.0037,31.6772,-10.0708,4.0894,t009,FIJTB
2529861000,3000549,3,pierna,midstance,-0.9285,0.0383,-0.0292,46.5088,-13.6719,2.6855,t009,FIJTB
2529861000,3000566,3,pierna,midstance,-0.9581,-0.0635,-0.0713,49.7436,-14.5264,1.0376,t009,FIJTB
2529861001,3000582,3,pierna,midstance,-1.0516,-0.1600,-0.0458,42.1143,-12.1460,-3.5400,t009,FIJTB
2529861038,3000598,3,pierna,midstance,-1.0814,-0.1517,-0.0238,13.9770,-7.3242,-3.1738,t009,FIJTB
2529861060,3000614,3,pierna,midstance,-0.9860,-0.0239,0.0531,3.7842,-4.5776,-2.8076,t009,FIJTB
2529861060,3000630,3,pierna,midstance,-0.9662,0.0115,0.0686,2.2583,-2.7466,1.0376,t009,FIJTB
2529861060,3000646,3,pierna,midstance,-0.9983,0.0369,0.0764,5.7373,-3.6621,3.5400,t009,FIJTB
2529861111,3000662,3,pierna,midstance,-0.9451,0.0486,0.0873,14.6484,-5.4932,4.4556,t009,FIJTB
2529861113,3000678,3,pierna,midstance,-0.9415,0.0411,0.0717,22.0337,-7.6904,5.6763,t009,FIJTB
2529861114,3000693,3,pierna,midstance,-0.9547,-0.0271,0.0247,36.9873,-13.0005,8.7891,t009,FIJTB
2529861114,3000709,3,pierna,midstance,-0.9695,-0.0574,0.0176,44.3726,-13.1836,6.5918,t009,FIJTB
2529861169,3000725,3,pierna,midstance,-1.0448,-0.0824,0.0814,44.4336,-10.2539,4.3335,t009,FIJTB
2529861170,3000741,3,pierna,midstance,-1.0699,-0.0697,0.0861,41.6870,-2.7466,0.9766,t009,FIJTB
2529861170,3000757,3,pierna,midstance,-0.9919,-0.0891,0.0082,41.0156,-1.7090,-0.3662,t009,FIJTB
2529861222,3000774,3,pierna,midstance,-0.9558,-0.1217,-0.0582,40.8936,-4.3335,-0.6714,t009,FIJTB
2529861225,3000790,3,pierna,midstance,-0.9709,-0.1122,-0.0857,35.5225,-7.3853,-0.7324,t009,FIJTB
2529861225,3000806,3,pierna,midstance,-0.9796,-0.0925,-0.1106,30.1514,-8.3008,-1.5869,t009,FIJTB
2529861226,3000822,3,pierna,midstance,-0.9905,-0.0885,-0.1056,19.0430,-9.6436,-3.3569,t009,FIJTB
2529861280,3000838,3,pierna,midstance,-1.0122,-0.0737,-0.0861,10.0708,-9.3994,-5.0049,t009,FIJTB
2529861281,3000855,3,pierna,midstance,-1.0066,-0.0427,-0.0610,6.2256,-8.7280,-5.5542,t009,FIJTB
2529861281,3000871,3,pierna,midstance,-0.9982,-0.0262,-0.0349,3.6011,-7.9346,-5.3711,t009,FIJTB
2529861333,3000887,3,pierna,midstance,-0.9855,-0.0070,-0.0011,4.5166,-8.1177,-4.8828,t009,FIJTB
2529861334,3000903,3,pierna,midstance,-0.9746,0.0068,-0.0399,7.8735,-9.4604,-5.9814,t009,FIJTB
2529861334,3000920,3,pierna,midstance,-0.9641,-0.0033,-0.0519,12.5732,-9.0942,-8.5449,t009,FIJTB
2529861388,3000936,3,pierna,midstance,-0.9559,-0.0554,-0.0459,13.3667,-8.9111,-8.7280,t009,FIJTB
2529861389,3000952,3,pierna,midstance,-0.9720,-0.0626,-0.0419,9.7656,-9.4604,-8.1177,t009,FIJTB
2529861389,3000968,3,pierna,midstance,-0.9995,-0.0258,-0.0519,7.0801,-9.5215,-8.9722,t009,FIJTB
2529861389,3000984,3,pierna,midstance,-0.9630,-0.0103,-0.0465,5.7983,-9.7046,-11.3525,t009,FIJTB
2529861442,3001000,3,pierna,midstance,-0.9573,-0.0194,-0.0299,9.3994,-10.4980,-12.2070,t009,FIJTB
2529861443,3001016,3,pierna,midstance,-0.9725,-0.0262,-0.0332,10.4370,-11.4746,-12.4512,t009,FIJTB
2529861443,3001033,3,pierna,midstance,-0.9883,-0.0334,-0.0404,8.3618,-13.8550,-13.4277,t009,FIJTB
2529861497,3001049,3,pierna,midstance,-1.0186,-0.0353,-0.0192,5.9204,-14.4653,-13.9160,t009,FIJTB
2529861497,3001065,3,pierna,midstance,-1.0167,-0.0372,0.0380,-0.0610,-13.4277,-13.9160,t009,FIJTB
2529861497,3001081,3,pierna,midstance,-1.0061,-0.0349,0.0565,-6.0425,-10.3149,-13.9160,t009,FIJTB
2529861548,3001097,3,pierna,midstance,-0.9813,-0.0336,0.1138,-7.5073,-8.7280,-13.8550,t009,FIJTB
2529861551,3001113,3,pierna,midstance,-0.9915,-0.0490,0.1831,-7.8735,-5.4321,-11.2915,t009,FIJTB
2529861551,3001129,3,pierna,midstance,-1.0929,-0.1249,0.4414,-7.3242,-1.4038,-9.0942,t009,FIJTB
2529861552,3001145,3,pierna,midstance,-1.2041,-0.1189,0.6837,-2.7466,14.8926,-4.6387,t009,FIJTB
2529861604,3001162,3,pierna,midstance,-1.2362,-0.0844,0.7539,17.3340,34.8511,-1.8921,t009,FIJTB
2529861604,3001177,3,pierna,midstance,-1.2406,-0.0853,0.8397,34.8511,43.5181,-1.4038,t009,FIJTB
2529861604,3001193,3,pierna,midstance,-1.2036,-0.0624,0.8220,69.5190,54.0161,6.0425,t009,FIJTB
2529861655,3001209,3,pierna,midstance,-1.0704,0.1246,0.4988,79.3457,61.5234,12.3901,t009,FIJTB
2529861656,3001225,3,pierna,midstance,-0.9503,0.3213,-0.0020,79.5898,78.7964,17.3340,t009,FIJTB
2529861656,3001241,3,pierna,midstance,-0.9330,0.4049,-0.1901,73.6084,75.1343,7.0190,t009,FIJTB
2529861709,3001257,3,pierna,midstance,-1.0687,0.5503,-0.2732,83.3740,70.4956,2.5024,t009,FIJTB
2529861710,3001272,3,pierna,midstance,-1.2485,0.6169,-0.2936,130.7373,68.1763,-3.7231,t009,FIJTB
2529861710,3001288,3,pierna,midstance,-1.4526,0.4185,-0.3223,163.0859,70.5566,-3.1128,t009,FIJTB
2529861710,3001304,3,pierna,midstance,-1.4387,0.1876,-0.2803,193.6035,75.4395,17.8833,t009,FIJTB
2529861760,3001320,3,pierna,midstance,-1.2108,-0.0541,-0.1169,180.7251,78.6133,30.7007,t009,FIJTB
2529861761,3001336,3,pierna,midstance,-0.9297,-0.0092,-0.0555,130.0049,82.2143,39.4287,t009,FIJTB
2529861762,3001352,3,pierna,midstance,-0.8501,-0.0354,-0.0283,83.3740,78.2471,30.3345,t009,FIJTB
2529861814,3001368,3,pierna,midstance,-0.7545,-0.1056,-0.0127,61.0962,75.4395,25.9399,t009,FIJTB
2529861815,3001385,3,pierna,midstance,-0.7540,-0.1094,-0.0239,30.0293,66.6504,16.4185,t009,FIJTB
2529861816,3001400,3,pierna,midstance,-0.8088,-0.1372,-0.0050,22.0337,61.7676,12.0239,t009,FIJTB
2529861865,3001416,3,pierna,midstance,-0.8704,-0.1779,0.0768,2.5024,58.8989,6.5918,t009,FIJTB
2529861867,3001432,3,pierna,midstance,-0.8690,-0.1776,0.1118,-28.1372,63.8428,2.6855,t009,FIJTB
2529861868,3001449,3,pierna,midstance,-0.8153,-0.1854,0.1661,-42.0532,64.6973,-0.1831,t009,FIJTB
2529861869,3001465,3,pierna,midstance,-0.7831,-0.1678,0.2070,-59.3262,63.2324,-5.1880,t009,FIJTB
2529861922,3001481,3,pierna,midstance,-0.7897,-0.0426,0.3246,-58.8379,62.0117,-9.0942,t009,FIJTB
2529861922,3001497,3,pierna,midstance,-0.8186,0.1469,0.4496,-39.3066,61.5234,-19.5313,t009,FIJTB
2529861922,3001513,3,pierna,midstance,-0.8188,0.2255,0.4938,-5.9204,59.3872,-26.3062,t009,FIJTB
2529861970,3001529,3,pierna,midstance,-0.7635,0.2836,0.5371,11.9019,53.7720,-27.9541,t009,FIJTB
2529861970,3001544,3,pierna,midstance,-0.7559,0.2473,0.5470,49.3164,34.9731,-27.3437,t009,FIJTB
2529861972,3001560,3,pierna,midstance,-0.8091,0.0681,0.5549,66.2231,24.9634,-24.9023,t009,FIJTB
2529862025,3001576,3,pierna,midstance,-0.8402,-0.0732,0.5089,86.1816,6.7749,-18.0054,t009,FIJTB
2529862025,3001592,3,pierna,midstance,-0.8552,-0.0992,0.4873,88.9893,-2.0142,-13.9160,t009,FIJTB
2529862026,3001608,3,pierna,midstance,-0.8958,-0.1085,0.4175,87.2803,-3.5400,-12.8174,t009,FIJTB
