timestamp_pc_ms,timestamp_arduino_ms,sensor_id,placement,phase,ax,ay,az,gx,gy,gz,trial_id,subject_id
2529149167,2143331,2,tobillo,loading,-0.1686,0.9673,0.0376,1.3428,-2.1973,2.9297,t004,FIJTB
2529149167,2143347,2,tobillo,loading,-0.2100,0.9532,0.0488,3.3569,-2.6245,3.7231,t004,FIJTB
2529149168,2143363,2,tobillo,loading,-0.2195,0.9512,0.0538,2.6855,-2.5635,3.2959,t004,FIJTB
2529149169,2143379,2,tobillo,loading,-0.1943,0.9547,0.0586,1.7700,-2.3804,3.0518,t004,FIJTB
2529149238,2143395,2,tobillo,loading,-0.1963,0.9503,0.0624,0.6104,-2.3804,3.8452,t004,FIJTB
2529149239,2143411,2,tobillo,loading,-0.2070,0.9481,0.0659,-0.2441,-2.2583,3.7231,t004,FIJTB
2529149239,2143427,2,tobillo,loading,-0.2108,0.9541,0.0626,-0.6714,-1.7700,2.8687,t004,FIJTB
2529149240,2143443,2,tobillo,loading,-0.2014,0.9578,0.0532,-0.9766,-0.9766,1.6479,t004,FIJTB
2529149309,2143459,2,tobillo,loading,-0.1949,0.9622,0.0355,-0.7935,-0.8545,1.8311,t004,FIJTB
2529149309,2143475,2,tobillo,loading,-0.2102,0.9618,0.0377,0.0610,-0.3662,2.6245,t004,FIJTB
2529149310,2143491,2,tobillo,loading,-0.2096,0.9596,0.0427,0.6104,0.4883,1.8921,t004,FIJTB
2529149350,2143507,2,tobillo,loading,-0.2134,0.9519,0.0500,0.4883,0.3662,1.7090,t004,FIJTB
2529149379,2143523,2,tobillo,loading,-0.2054,0.9557,0.0483,0.0000,0.0000,1.3428,t004,FIJTB
2529149379,2143538,2,tobillo,loading,-0.1851,0.9652,0.0475,0.2441,0.0610,1.4648,t004,FIJTB
2529149380,2143554,2,tobillo,loading,-0.2159,0.9506,0.0598,0.7324,-0.4883,2.1362,t004,FIJTB
2529149445,2143570,2,tobillo,loading,-0.2230,0.9496,0.0593,-0.3662,-0.6714,1.0986,t004,FIJTB
2529149446,2143586,2,tobillo,loading,-0.2056,0.9586,0.0542,-0.6714,-0.7324,0.3052,t004,FIJTB
2529149448,2143602,2,tobillo,loading,-0.2047,0.9598,0.0510,-0.2441,-1.0986,-0.6104,t004,FIJTB
2529149448,2143618,2,tobillo,loading,-0.2148,0.9507,0.0513,-0.1831,-0.8545,-1.5259,t004,FIJTB
2529149448,2143634,2,tobillo,loading,-0.1969,0.9608,0.0508,-0.2441,-0.7935,-2.1973,t004,FIJTB
2529149519,2143650,2,tobillo,loading,-0.1913,0.9602,0.0480,0.7324,-1.9531,-3.8452,t004,FIJTB
2529149520,2143666,2,tobillo,loading,-0.2147,0.9586,0.0421,0.4883,-2.0752,-3.6011,t004,FIJTB
2529149520,2143682,2,tobillo,loading,-0.1875,0.9611,0.0492,0.5493,0.4883,-3.4180,t004,FIJTB
2529149520,2143697,2,tobillo,loading,-0.2034,0.9553,0.0542,0.6104,0.1221,-2.2583,t004,FIJTB
2529149586,2143713,2,tobillo,loading,-0.2006,0.9575,0.0538,0.3662,0.0610,-2.8687,t004,FIJTB
2529149588,2143729,2,tobillo,loading,-0.2010,0.9574,0.0529,0.0610,0.1221,-3.2349,t004,FIJTB
2529149589,2143745,2,tobillo,loading,-0.1990,0.9595,0.0491,-0.1221,0.2441,-3.3569,t004,FIJTB
2529149589,2143761,2,tobillo,loading,-0.1945,0.9607,0.0458,0.2441,0.4883,-3.6011,t004,FIJTB
2529149659,2143777,2,tobillo,loading,-0.1990,0.9623,0.0491,0.4883,0.1831,-3.1738,t004,FIJTB
2529149659,2143793,2,tobillo,loading,-0.1923,0.9651,0.0503,0.5493,-0.1831,-3.3569,t004,FIJTB
2529149660,2143809,2,tobillo,loading,-0.1842,0.9615,0.0505,1.4038,-1.9531,-5.6763,t004,FIJTB
2529149705,2143825,2,tobillo,loading,-0.2010,0.9507,0.0509,0.7935,-2.5635,-5.2490,t004,FIJTB
2529149726,2143841,2,tobillo,loading,-0.1892,0.9615,0.0479,0.6104,-2.2583,-5.1880,t004,FIJTB
2529149729,2143857,2,tobillo,loading,-0.1840,0.9612,0.0488,1.0376,-2.4414,-5.3101,t004,FIJTB
2529149729,2143873,2,tobillo,loading,-0.1796,0.9576,0.0524,1.0986,-2.3804,-5.1880,t004,FIJTB
2529149742,2143889,2,tobillo,loading,-0.1711,0.9608,0.0526,1.2817,-1.7700,-4.0283,t004,FIJTB
2529149798,2143905,2,tobillo,loading,-0.1715,0.9631,0.0508,1.4648,-1.5869,-2.5024,t004,FIJTB
2529149799,2143921,2,tobillo,loading,-0.1757,0.9633,0.0560,1.4038,-1.2817,-1.7700,t004,FIJTB
2529149799,2143937,2,tobillo,loading,-0.1807,0.9600,0.0564,1.0376,-0.9766,-1.0986,t004,FIJTB
2529149799,2143953,2,tobillo,loading,-0.1870,0.9583,0.0499,0.3662,-0.3052,-0.2441,t004,FIJTB
2529149866,2143969,2,tobillo,loading,-0.1819,0.9618,0.0488,0.1831,0.0610,0.1831,t004,FIJTB
2529149867,2143985,2,tobillo,loading,-0.1790,0.9625,0.0487,-0.0610,-0.1221,0.9766,t004,FIJTB
2529149867,2144001,2,tobillo,loading,-0.1908,0.9553,0.0525,0.0610,-0.3662,1.1597,t004,FIJTB
2529149867,2144016,2,tobillo,loading,-0.1882,0.9581,0.0491,-0.5493,-0.1221,0.9766,t004,FIJTB
2529149921,2144032,2,tobillo,loading,-0.1646,0.9681,0.0375,-1.8921,1.8921,1.5869,t004,FIJTB
2529149936,2144048,2,tobillo,loading,-0.1761,0.9592,0.0680,-0.4272,2.9907,1.2817,t004,FIJTB
2529149936,2144064,2,tobillo,loading,-0.2001,0.9452,0.0692,1.4648,2.4414,0.7935,t004,FIJTB
2529149937,2144080,2,tobillo,loading,-0.1918,0.9624,0.0565,0.3662,1.9531,0.3052,t004,FIJTB
2529149937,2144096,2,tobillo,loading,-0.1783,0.9546,0.0538,-0.3662,1.4648,1.6479,t004,FIJTB
2529149938,2144112,2,tobillo,loading,-0.1843,0.9556,0.0553,0.3052,-1.1597,0.0610,t004,FIJTB
2529150004,2144127,2,tobillo,loading,-0.1746,0.9608,0.0538,0.7935,-1.6479,-0.9155,t004,FIJTB
2529150004,2144143,2,tobillo,loading,-0.1686,0.9596,0.0531,0.6714,-2.1362,0.7935,t004,FIJTB
2529150004,2144159,2,tobillo,loading,-0.1775,0.9622,0.0500,0.3662,-2.1973,2.8687,t004,FIJTB
2529150005,2144175,2,tobillo,loading,-0.2074,0.9609,0.0487,0.4883,-2.0142,3.1738,t004,FIJTB
2529150072,2144191,2,tobillo,loading,-0.1979,0.9637,0.0522,1.2207,-1.3428,0.3052,t004,FIJTB
2529150073,2144207,2,tobillo,loading,-0.2073,0.9585,0.0422,1.4648,-1.4648,0.4272,t004,FIJTB
2529150073,2144223,2,tobillo,loading,-0.2166,0.9614,0.0410,1.0986,-1.3428,0.0610,t004,FIJTB
2529150074,2144239,2,tobillo,loading,-0.2067,0.9606,0.0492,1.2817,-0.6104,-0.9766,t004,FIJTB
2529150074,2144255,2,tobillo,loading,-0.2004,0.9607,0.0544,1.2207,0.7324,-2.3804,t004,FIJTB
2529150138,2144270,2,tobillo,loading,-0.2007,0.9591,0.0576,0.4272,1.4648,-3.2959,t004,FIJTB
2529150139,2144286,2,tobillo,loading,-0.1982,0.9579,0.0587,-0.0610,1.7090,-3.9673,t004,FIJTB
2529150141,2144302,2,tobillo,loading,-0.1963,0.9594,0.0570,-0.4883,2.1973,-5.3101,t004,FIJTB
2529150154,2144318,2,tobillo,loading,-0.2008,0.9611,0.0548,-0.4883,2.3804,-5.8594,t004,FIJTB
2529150209,2144334,2,tobillo,loading,-0.1980,0.9603,0.0560,-0.5493,2.7466,-7.3853,t004,FIJTB
2529150209,2144350,2,tobillo,loading,-0.1998,0.9611,0.0532,-0.7935,3.1128,-8.7280,t004,FIJTB
2529150210,2144366,2,tobillo,loading,-0.1868,0.9646,0.0480,-0.6714,3.4790,-9.2163,t004,FIJTB
2529150210,2144381,2,tobillo,loading,-0.1604,0.9697,0.0477,-0.3052,4.3335,-9.4604,t004,FIJTB
2529150211,2144397,2,tobillo,loading,-0.1558,0.9696,0.0530,0.1221,4.2114,-8.3618,t004,FIJTB
2529150257,2144413,2,tobillo,loading,-0.1483,0.9669,0.0575,0.4883,3.9062,-7.8735,t004,FIJTB
2529150277,2144429,2,tobillo,loading,-0.1486,0.9697,0.0570,1.2817,3.1128,-6.7139,t004,FIJTB
2529150278,2144445,2,tobillo,loading,-0.1581,0.9727,0.0568,1.6479,2.8687,-6.4697,t004,FIJTB
2529150279,2144460,2,tobillo,loading,-0.1575,0.9648,0.0546,2.1362,2.5024,-6.6528,t004,FIJTB
2529150345,2144476,2,tobillo,loading,-0.1500,0.9628,0.0526,2.7466,2.1973,-7.5073,t004,FIJTB
2529150345,2144492,2,tobillo,loading,-0.1459,0.9631,0.0500,3.8452,1.9531,-8.4229,t004,FIJTB
2529150345,2144508,2,tobillo,loading,-0.1543,0.9585,0.0485,3.6011,0.6714,-5.7983,t004,FIJTB
2529150346,2144524,2,tobillo,loading,-0.1567,0.9585,0.0472,2.2583,-0.0610,-2.8687,t004,FIJTB
2529150408,2144540,2,tobillo,loading,-0.1576,0.9603,0.0497,0.4272,-1.7090,0.1831,t004,FIJTB
2529150410,2144556,2,tobillo,loading,-0.1586,0.9644,0.0466,-1.7090,-2.5635,2.0752,t004,FIJTB
2529150410,2144572,2,tobillo,loading,-0.1310,0.9508,0.0759,-2.0752,-1.3428,3.7842,t004,FIJTB
2529150411,2144588,2,tobillo,loading,-0.1172,0.9489,0.0747,0.0610,-0.6104,2.9907,t004,FIJTB
2529150411,2144604,2,tobillo,loading,-0.1689,0.9539,0.0762,0.9155,-3.1738,0.9766,t004,FIJTB
2529150476,2144620,2,tobillo,loading,-0.2117,0.9634,0.0471,0.9766,-3.8452,-3.7231,t004,FIJTB
2529150476,2144636,2,tobillo,loading,-0.2024,0.9733,0.0476,-0.4883,0.5493,-5.9204,t004,FIJTB
2529150476,2144652,2,tobillo,loading,-0.1873,0.9790,0.0640,-0.5493,2.5635,-8.3618,t004,FIJTB
2529150477,2144668,2,tobillo,loading,-0.2002,0.9679,0.0753,-1.2207,4.6997,-14.5874,t004,FIJTB
2529150477,2144683,2,tobillo,loading,-0.1993,0.9722,0.0752,-3.5400,4.5776,-21.1792,t004,FIJTB
2529150540,2144699,2,tobillo,loading,-0.1982,0.9930,0.0616,-4.4556,4.1504,-25.0854,t004,FIJTB
2529150540,2144715,2,tobillo,loading,-0.2135,0.9995,0.0571,-8.0566,2.1362,-32.6538,t004,FIJTB
2529150541,2144731,2,tobillo,loading,-0.2697,1.0021,0.0642,-10.9863,0.5493,-36.7432,t004,FIJTB
2529150541,2144747,2,tobillo,loading,-0.3319,1.0487,0.0824,-20.5688,-2.3804,-47.5464,t004,FIJTB
2529150606,2144763,2,tobillo,loading,-0.3126,1.0687,0.0999,-29.1748,-5.6763,-56.3965,t004,FIJTB
2529150607,2144779,2,tobillo,loading,0.0079,1.2050,0.2572,-29.9072,-8.6060,-60.1807,t004,FIJTB
2529150607,2144795,2,tobillo,loading,0.0532,1.2427,0.1985,-17.2119,-18.6768,-62.5610,t004,FIJTB
2529150607,2144811,2,tobillo,loading,-0.3979,1.1299,-0.0468,-17.4561,-11.3525,-71.3501,t004,FIJTB
2529150669,2144827,2,tobillo,loading,-0.6083,0.9532,-0.1470,-21.1792,0.1831,-72.9980,t004,FIJTB
2529150671,2144843,2,tobillo,loading,-0.6333,0.9351,-0.0634,-19.1650,-16.4795,-50.8423,t004,FIJTB
2529150671,2144860,2,tobillo,loading,-0.7008,0.8184,0.0691,-13.1836,-28.0762,-33.3252,t004,FIJTB
2529150672,2144876,2,tobillo,loading,-0.5177,0.7960,0.2021,-1.7700,-30.5786,-5.6763,t004,FIJTB
2529150736,2144892,2,tobillo,loading,-0.4570,0.7736,0.1742,5.2490,-28.9307,23.4375,t004,FIJTB
2529150737,2144908,2,tobillo,loading,-0.6276,0.7415,0.1643,5.4932,-28.5034,39.3677,t004,FIJTB
2529150738,2144923,2,tobillo,loading,-0.5538,0.7937,0.1840,10.6812,-13.1226,57.0068,t004,FIJTB
2529150738,2144939,2,tobillo,loading,-0.3590,0.8799,0.1512,15.4419,-5.8594,62.2559,t004,FIJTB
2529150799,2144955,2,tobillo,loading,-0.3761,0.8944,0.1332,19.7144,2.3193,78.3691,t004,FIJTB
2529150801,2144971,2,tobillo,loading,-0.3650,0.9142,0.1395,20.6299,13.6108,89.2334,t004,FIJTB
2529150801,2144987,2,tobillo,loading,-0.3040,0.9589,0.1300,20.8130,18.6157,90.6982,t004,FIJTB
2529150802,2145003,2,tobillo,loading,-0.2872,0.9930,0.0833,19.6533,25.6958,95.6421,t004,FIJTB
2529150851,2145019,2,tobillo,loading,-0.2786,1.0034,0.0702,17.9443,37.0483,104.0649,t004,FIJTB
2529150865,2145034,2,tobillo,loading,-0.2734,1.0137,0.0653,17.4561,43.4570,107.9712,t004,FIJTB
2529150866,2145050,2,tobillo,loading,-0.2866,1.0199,0.0619,16.1743,53.2227,111.9385,t004,FIJTB
2529150867,2145066,2,tobillo,loading,-0.2939,1.0488,0.0457,15.6250,56.5186,111.9995,t004,FIJTB
2529150926,2145082,2,tobillo,loading,-0.2694,1.0669,0.0405,14.8315,59.9976,110.9009,t004,FIJTB
2529150927,2145098,2,tobillo,loading,-0.2561,1.0586,0.0475,16.1743,60.1196,107.9101,t004,FIJTB
2529150929,2145113,2,tobillo,loading,-0.2446,1.0292,0.0931,17.6392,58.0444,104.9805,t004,FIJTB
2529150930,2145129,2,tobillo,loading,-0.2402,1.0316,0.1108,20.0806,48.7061,97.6562,t004,FIJTB
2529150984,2145145,2,tobillo,loading,-0.1514,1.0494,0.1265,20.6909,42.9687,97.9004,t004,FIJTB
2529150992,2145161,2,tobillo,loading,-0.0656,0.9377,0.0854,33.2642,45.9595,77.8198,t004,FIJTB
2529150993,2145177,2,tobillo,loading,-0.2922,0.9746,0.0674,29.4189,18.7378,88.6230,t004,FIJTB
2529150993,2145192,2,tobillo,loading,-0.3016,0.9081,0.1160,30.6396,13.4277,81.0547,t004,FIJTB
2529151051,2145208,2,tobillo,loading,-0.1111,0.9603,0.1040,34.7900,12.1460,65.3687,t004,FIJTB
2529151053,2145224,2,tobillo,loading,-0.1504,0.9218,0.0647,34.1187,5.4932,67.3218,t004,FIJTB
2529151054,2145240,2,tobillo,loading,-0.1810,0.9323,0.0513,28.5034,-6.3477,58.1665,t004,FIJTB
2529151054,2145256,2,tobillo,loading,-0.1272,0.9088,0.0460,25.0244,-9.8877,37.5977,t004,FIJTB
2529151115,2145271,2,tobillo,loading,-0.1210,0.8538,0.0516,20.9351,-13.4888,30.0903,t004,FIJTB
2529151115,2145287,2,tobillo,loading,-0.1582,0.8582,0.0602,11.4746,-14.3433,16.4185,t004,FIJTB
2529151115,2145303,2,tobillo,loading,-0.2103,0.8757,0.0930,7.9956,-10.0098,8.7891,t004,FIJTB
2529151116,2145319,2,tobillo,loading,-0.2354,0.8557,0.1151,1.7700,-0.6714,-6.7139,t004,FIJTB
2529151174,2145335,2,tobillo,loading,-0.2709,0.8496,0.1147,-5.0049,4.3945,-14.9536,t004,FIJTB
2529151176,2145351,2,tobillo,loading,-0.3269,0.8540,0.1094,-7.5073,7.2632,-17.0288,t004,FIJTB
2529151176,2145367,2,tobillo,loading,-0.3450,0.8398,0.1196,-10.2539,15.6860,-22.2778,t004,FIJTB
2529151176,2145383,2,tobillo,loading,-0.3304,0.8109,0.1039,-11.7187,18.6768,-25.2686,t004,FIJTB
2529151237,2145398,2,tobillo,loading,-0.3077,0.8359,0.0486,-15.0146,17.8833,-29.8462,t004,FIJTB
2529151237,2145415,2,tobillo,loading,-0.3164,0.8406,0.0342,-17.0898,13.9770,-35.8276,t004,FIJTB
2529151238,2145431,2,tobillo,loading,-0.3228,0.8114,0.0153,-18.5547,13.9770,-39.1846,t004,FIJTB
2529151238,2145447,2,tobillo,loading,-0.3083,0.8059,0.0114,-23.1323,15.7471,-40.9546,t004,FIJTB
2529151298,2145462,2,tobillo,loading,-0.3076,0.8789,-0.0388,-31.8603,16.6016,-45.6543,t004,FIJTB
2529151298,2145478,2,tobillo,loading,-0.2001,0.8108,0.1106,-33.5083,24.1699,-61.0352,t004,FIJTB
2529151298,2145495,2,tobillo,loading,-0.4154,0.9526,0.2509,-37.5977,24.1089,-52.4292,t004,FIJTB
2529151298,2145511,2,tobillo,loading,-0.8931,0.9281,0.2053,-40.2832,18.8599,-40.7715,t004,FIJTB
2529151358,2145526,2,tobillo,loading,-0.3699,1.2969,0.3657,-55.3589,2.7466,-74.2798,t004,FIJTB
2529151359,2145542,2,tobillo,loading,0.0715,1.5189,0.1791,-59.2041,20.6299,-97.9614,t004,FIJTB
2529151360,2145558,2,tobillo,loading,-0.0947,1.1281,0.0435,-55.5420,22.5220,-83.1299,t004,FIJTB
2529151367,2145574,2,tobillo,loading,-0.2528,0.9443,0.0104,-55.5420,19.5923,-59.3262,t004,FIJTB
2529151418,2145590,2,tobillo,loading,-0.1256,0.9600,-0.0673,-55.2978,25.7568,-46.2036,t004,FIJTB
2529151419,2145606,2,tobillo,loading,-0.2212,1.0231,-0.1160,-54.0771,23.6816,-26.8555,t004,FIJTB
2529151419,2145622,2,tobillo,loading,-0.3158,1.0916,-0.1387,-50.0488,11.4746,-30.8838,t004,FIJTB
2529151482,2145638,2,tobillo,loading,-0.3262,0.9723,-0.0353,-40.1001,10.1929,-38.3301,t004,FIJTB
2529151482,2145654,2,tobillo,loading,-0.2162,0.9114,-0.0017,-25.2686,4.8828,-44.1894,t004,FIJTB
2529151483,2145670,2,tobillo,loading,-0.1420,0.9692,0.0366,-17.1509,0.2441,-33.5693,t004,FIJTB
2529151483,2145686,2,tobillo,loading,-0.0806,1.0068,0.1204,-14.4043,1.0986,-28.9917,t004,FIJTB
2529151541,2145702,2,tobillo,loading,-0.1628,0.9674,0.1014,-20.5688,1.1597,-16.7847,t004,FIJTB
2529151542,2145718,2,tobillo,loading,-0.2659,0.9474,0.0245,-24.5361,0.9766,-15.5029,t004,FIJTB
2529151544,2145734,2,tobillo,loading,-0.1951,0.9635,-0.0538,-25.0854,-6.5308,-16.7847,t004,FIJTB
2529151544,2145750,2,tobillo,loading,-0.1713,0.9572,-0.0573,-18.7988,-21.9727,-13.8550,t004,FIJTB
2529151606,2145766,2,tobillo,loading,-0.1985,0.9587,-0.0299,-16.4795,-27.3437,-12.8174,t004,FIJTB
2529151606,2145783,2,tobillo,loading,-0.2402,0.9742,-0.0104,-18.7988,-24.5361,-13.7939,t004,FIJTB
2529151607,2145799,2,tobillo,loading,-0.2400,0.9631,-0.0192,-17.2729,-12.2681,-17.4561,t004,FIJTB
2529151607,2145815,2,tobillo,loading,-0.1958,0.9650,-0.0569,-15.5640,-6.9580,-18.6768,t004,FIJTB
2529151664,2145831,2,tobillo,loading,-0.1858,0.9679,-0.0642,-13.3667,-4.6997,-13.8550,t004,FIJTB
2529151666,2145847,2,tobillo,midstance,-0.1803,0.9608,-0.0464,-9.8877,-9.7656,-7.6294,t004,FIJTB
2529151667,2145863,2,tobillo,midstance,-0.1831,0.9646,-0.0341,-8.9111,-11.5356,-5.9204,t004,FIJTB
2529151667,2145880,2,tobillo,midstance,-0.1842,0.9690,-0.0353,-10.3760,-11.8408,-3.5400,t004,FIJTB
2529151729,2145896,2,tobillo,midstance,-0.1969,0.9634,-0.0463,-11.4746,-11.2915,-2.3193,t004,FIJTB
2529151730,2145912,2,tobillo,midstance,-0.1964,0.9596,-0.0499,-10.1929,-11.1694,-1.1597,t004,FIJTB
2529151730,2145928,2,tobillo,midstance,-0.2125,0.9617,-0.0566,-7.3242,-9.7656,-2.3193,t004,FIJTB
2529151744,2145944,2,tobillo,midstance,-0.2200,0.9532,-0.0613,-7.5073,-10.1318,-3.4180,t004,FIJTB
2529151790,2145961,2,tobillo,midstance,-0.1974,0.9551,-0.0548,-8.9722,-12.8784,-3.6621,t004,FIJTB
2529151790,2145977,2,tobillo,midstance,-0.2059,0.9630,-0.0507,-7.5684,-13.2446,-5.0659,t004,FIJTB
2529151791,2145993,2,tobillo,midstance,-0.2238,0.9617,-0.0551,-6.1646,-12.2681,-8.3618,t004,FIJTB
2529151852,2146009,2,tobillo,midstance,-0.2271,0.9507,-0.0641,-6.1646,-10.8032,-13.7939,t004,FIJTB
2529151852,2146025,2,tobillo,midstance,-0.2101,0.9495,-0.0630,-7.8735,-9.0332,-16.6016,t004,FIJTB
2529151853,2146041,2,tobillo,midstance,-0.1716,0.9547,-0.0558,-8.8501,-8.3008,-16.6016,t004,FIJTB
2529151853,2146057,2,tobillo,midstance,-0.1649,0.9554,-0.0607,-8.3618,-6.8359,-14.5264,t004,FIJTB
2529151911,2146073,2,tobillo,midstance,-0.1791,0.9618,-0.0760,-7.6294,-6.1646,-13.9160,t004,FIJTB
2529151912,2146089,2,tobillo,midstance,-0.1946,0.9551,-0.0883,-5.4932,-4.0894,-16.1133,t004,FIJTB
2529151913,2146105,2,tobillo,midstance,-0.1826,0.9592,-0.0851,-5.4932,-2.6855,-18.6768,t004,FIJTB
2529151913,2146121,2,tobillo,midstance,-0.1449,0.9620,-0.0577,-7.4463,-2.0142,-19.4092,t004,FIJTB
2529151974,2146137,2,tobillo,midstance,-0.1284,0.9645,-0.0480,-10.3149,-0.7935,-17.2729,t004,FIJTB
2529151974,2146154,2,tobillo,midstance,-0.1261,0.9747,-0.0464,-9.7046,0.8545,-17.4561,t004,FIJTB
2529151974,2146170,2,tobillo,midstance,-0.1537,0.9633,-0.0701,-8.0566,0.1221,-18.6157,t004,FIJTB
2529151975,2146186,2,tobillo,midstance,-0.1781,0.9587,-0.0884,-7.8125,-2.6855,-21.1182,t004,FIJTB
2529152033,2146202,2,tobillo,midstance,-0.1819,0.9797,-0.1202,-10.3149,-1.0986,-28.0151,t004,FIJTB
2529152034,2146218,2,tobillo,midstance,-0.1429,0.9642,-0.0857,-11.6577,0.6104,-31.1279,t004,FIJTB
2529152034,2146234,2,tobillo,midstance,-0.1259,0.9532,-0.0797,-12.9395,1.2207,-31.4941,t004,FIJTB
2529152085,2146250,2,tobillo,midstance,-0.1124,0.9921,-0.0820,-14.8926,1.2207,-31.3110,t004,FIJTB
2529152093,2146266,2,tobillo,midstance,-0.1479,0.9819,-0.1239,-15.8081,4.3945,-34.7900,t004,FIJTB
2529152094,2146282,2,tobillo,midstance,-0.1442,0.9701,-0.1365,-13.6108,7.0801,-38.3911,t004,FIJTB
2529152094,2146298,2,tobillo,midstance,-0.0765,0.9775,-0.1049,-13.5498,7.4463,-39.1235,t004,FIJTB
2529152150,2146314,2,tobillo,midstance,-0.0541,0.9839,-0.0974,-15.3198,5.9814,-39.1235,t004,FIJTB
2529152151,2146330,2,tobillo,midstance,-0.0529,0.9871,-0.1127,-17.8223,3.7231,-40.0391,t004,FIJTB
2529152151,2146346,2,tobillo,midstance,-0.0422,0.9719,-0.1155,-18.2495,3.7231,-41.1987,t004,FIJTB
2529152151,2146363,2,tobillo,midstance,-0.0308,0.9813,-0.1246,-18.2495,3.6011,-41.9922,t004,FIJTB
2529152209,2146379,2,tobillo,midstance,-0.0388,0.9962,-0.1340,-18.3105,2.6855,-42.9077,t004,FIJTB
2529152209,2146395,2,tobillo,midstance,-0.0308,0.9983,-0.1250,-18.9819,0.7935,-45.2881,t004,FIJTB
2529152210,2146411,2,tobillo,midstance,-0.0229,1.0035,-0.1208,-22.4609,-0.7935,-44.3726,t004,FIJTB
2529152265,2146427,2,tobillo,midstance,-0.0068,1.0060,-0.1259,-24.7192,-1.5259,-45.7153,t004,FIJTB
2529152266,2146443,2,tobillo,midstance,0.0250,1.0231,-0.1342,-27.9541,-2.6855,-50.1099,t004,FIJTB
2529152267,2146459,2,tobillo,midstance,0.0109,1.0447,-0.1499,-28.6865,-5.4932,-52.4292,t004,FIJTB
2529152267,2146475,2,tobillo,midstance,-0.1243,1.0656,-0.2073,-28.7476,-8.0566,-51.8188,t004,FIJTB
2529152323,2146491,2,tobillo,midstance,-0.1715,1.0471,-0.1797,-40.7104,-6.4087,-44.9219,t004,FIJTB
2529152323,2146507,2,tobillo,midstance,0.0798,1.1384,-0.1035,-46.5088,-1.9531,-44.6167,t004,FIJTB
2529152324,2146523,2,tobillo,midstance,0.0707,1.1440,-0.1504,-46.3867,-4.5776,-62.5610,t004,FIJTB
2529152337,2146539,2,tobillo,midstance,0.0189,1.1178,-0.1616,-48.8892,-13.4277,-79.4067,t004,FIJTB
2529152378,2146555,2,tobillo,midstance,0.0424,1.1262,-0.1635,-50.7812,-16.6626,-82.3975,t004,FIJTB
2529152378,2146571,2,tobillo,midstance,0.0850,1.1482,-0.1437,-53.4058,-23.7427,-87.4634,t004,FIJTB
2529152379,2146587,2,tobillo,midstance,0.0811,1.1731,-0.1315,-55.2368,-38.5742,-96.6186,t004,FIJTB
2529152435,2146603,2,tobillo,midstance,0.0435,1.2289,-0.0962,-57.1289,-47.9126,-102.0508,t004,FIJTB
2529152435,2146620,2,tobillo,midstance,0.0079,1.2755,-0.0508,-65.2466,-66.4673,-102.0508,t004,FIJTB
2529152436,2146636,2,tobillo,midstance,0.0618,1.2699,0.1188,-65.9790,-70.7397,-94.3603,t004,FIJTB
2529152488,2146652,2,tobillo,midstance,0.2026,1.0624,0.1637,-52.7344,-54.1992,-102.6001,t004,FIJTB
2529152488,2146668,2,tobillo,terminal,0.3186,1.0370,0.1560,-42.6025,-44.1284,-127.5024,t004,FIJTB
2529152488,2146684,2,tobillo,terminal,0.4307,1.1812,-0.1891,-40.7715,-45.6543,-127.9297,t004,FIJTB
2529152489,2146700,2,tobillo,terminal,0.1324,1.1635,-0.5857,-44.6777,-44.0063,-103.5767,t004,FIJTB
2529152545,2146716,2,tobillo,terminal,0.0549,1.1545,-0.6248,-47.3633,-41.1377,-90.6372,t004,FIJTB
2529152545,2146732,2,tobillo,terminal,0.0712,1.0586,-0.6282,-43.3350,-44.5557,-84.1675,t004,FIJTB
2529152546,2146748,2,tobillo,terminal,0.0773,0.9525,-0.5396,-33.9966,-29.9683,-78.6133,t004,FIJTB
2529152599,2146764,2,tobillo,terminal,-0.2633,0.6400,-0.0667,-23.4985,-19.1040,-75.8057,t004,FIJTB
2529152600,2146780,2,tobillo,terminal,-0.9230,0.5284,0.1086,5.0659,-46.0815,-11.2305,t004,FIJTB
2529152600,2146796,2,tobillo,terminal,-0.9341,0.5059,0.1425,7.0801,-74.7070,32.4097,t004,FIJTB
2529152600,2146812,2,tobillo,terminal,-0.4290,0.6244,0.0790,15.2588,-58.6548,35.0342,t004,FIJTB
2529152655,2146828,2,tobillo,terminal,-0.3295,0.7610,0.1075,42.9077,-34.3018,86.4868,t004,FIJTB
2529152655,2146844,2,tobillo,terminal,-0.4045,0.7386,0.1276,75.2563,-56.7017,143.4937,t004,FIJTB
2529152656,2146859,2,tobillo,terminal,-0.3832,0.7433,0.1654,87.3413,-67.6270,144.5312,t004,FIJTB
2529152706,2146875,2,tobillo,terminal,-0.2852,0.8195,0.1150,99.8535,-66.0400,124.3896,t004,FIJTB
2529152709,2146891,2,tobillo,terminal,-0.1920,0.8556,0.0594,104.4922,-59.5093,133.0566,t004,FIJTB
2529152709,2146907,2,tobillo,terminal,-0.1851,0.8538,0.1205,100.8911,-49.4385,166.1987,t004,FIJTB
2529152710,2146923,2,tobillo,terminal,-0.1392,0.9851,0.0648,78.7964,-32.4707,186.4624,t004,FIJTB
2529152764,2146939,2,tobillo,terminal,-0.1077,1.2281,-0.0234,73.3032,-19.8975,197.5098,t004,FIJTB
2529152764,2146955,2,tobillo,terminal,-0.1008,1.2737,-0.0244,70.8618,-0.2441,204.0405,t004,FIJTB
2529152765,2146971,2,tobillo,terminal,0.0360,1.3416,-0.0748,66.8945,5.1270,198.2422,t004,FIJTB
2529152815,2146987,2,tobillo,terminal,0.1404,1.4698,-0.1577,55.3589,13.5498,192.0166,t004,FIJTB
2529152818,2147003,2,tobillo,terminal,0.1135,1.4700,-0.1732,51.0254,25.1465,194.7632,t004,FIJTB
2529152818,2147018,2,tobillo,terminal,0.0902,1.4241,-0.1899,46.4478,30.7007,190.6738,t004,FIJTB
2529152860,2147034,2,tobillo,terminal,0.1835,1.4292,-0.2104,38.1470,44.6777,183.2886,t004,FIJTB
2529152872,2147050,2,tobillo,terminal,0.1780,1.3618,-0.2075,37.4146,49.3164,187.4389,t004,FIJTB
2529152872,2147066,2,tobillo,terminal,0.0302,1.2767,-0.1825,35.0342,51.3306,195.9839,t004,FIJTB
2529152872,2147081,2,tobillo,terminal,0.0587,1.2910,-0.1758,34.7290,52.1851,190.3686,t004,FIJTB
2529152921,2147097,2,tobillo,terminal,0.0659,1.2577,-0.1525,36.9873,50.1099,189.9414,t004,FIJTB
2529152924,2147113,2,tobillo,terminal,0.0110,1.2256,-0.1274,39.6118,46.2036,188.5986,t004,FIJTB
2529152924,2147129,2,tobillo,terminal,-0.0262,1.2288,-0.0746,40.5273,47.1802,183.8379,t004,FIJTB
2529152976,2147145,2,tobillo,terminal,0.0258,1.2360,-0.0900,44.9219,49.2554,167.4194,t004,FIJTB
2529152976,2147160,2,tobillo,terminal,0.0156,1.2070,-0.1122,48.7061,44.7998,153.1982,t004,FIJTB
2529152977,2147176,2,tobillo,terminal,0.0126,1.1228,-0.1344,48.6450,40.9546,144.1650,t004,FIJTB
2529152983,2147192,2,tobillo,terminal,0.0670,1.1071,-0.1475,45.9595,31.9824,121.8872,t004,FIJTB
2529153025,2147208,2,tobillo,terminal,0.1343,1.0790,-0.1450,45.9595,26.9165,112.5488,t004,FIJTB
2529153026,2147224,2,tobillo,terminal,0.0431,0.9667,-0.0980,40.8936,19.0430,92.2851,t004,FIJTB
2529153026,2147239,2,tobillo,terminal,0.1002,0.9783,-0.1000,24.1089,22.6440,60.8520,t004,FIJTB
2529153076,2147255,2,tobillo,terminal,0.2019,0.9817,-0.1200,17.8833,27.0386,48.5229,t004,FIJTB
2529153076,2147271,2,tobillo,terminal,0.1583,0.9572,-0.1172,8.7280,34.2407,23.6816,t004,FIJTB
2529153076,2147287,2,tobillo,terminal,0.1328,0.9481,-0.1317,2.6245,37.7808,8.4839,t004,FIJTB
2529153123,2147302,2,tobillo,terminal,0.1562,0.9346,-0.1731,-13.1226,42.1753,-17.7002,t004,FIJTB
2529153125,2147318,2,tobillo,terminal,0.1293,0.9097,-0.1846,-28.6865,36.4380,-40.0391,t004,FIJTB
2529153125,2147334,2,tobillo,terminal,-0.0256,0.9147,-0.1549,-36.0107,32.8369,-49.3774,t004,FIJTB
2529153174,2147350,2,tobillo,terminal,-0.3334,0.9962,0.0388,-46.6309,35.1563,-60.3027,t004,FIJTB
2529153174,2147366,2,tobillo,terminal,-0.5386,1.1598,0.2697,-14.0991,39.1235,-42.5415,t004,FIJTB
2529153175,2147382,2,tobillo,terminal,-0.8309,0.6333,0.2789,-4.8218,34.6069,-54.6875,t004,FIJTB
2529153221,2147398,2,tobillo,terminal,-0.8302,0.6411,0.2322,-41.7480,26.3062,-76.7822,t004,FIJTB
2529153221,2147414,2,tobillo,swing,-0.5458,1.1053,0.1777,-65.7959,33.6304,-71.5332,t004,FIJTB
2529153222,2147430,2,tobillo,swing,-0.4626,1.3809,0.1755,-97.4731,39.4897,-67.8101,t004,FIJTB
2529153274,2147446,2,tobillo,swing,-0.2194,1.3337,0.1831,-94.9707,35.2173,-109.2529,t004,FIJTB
2529153274,2147462,2,tobillo,swing,0.0265,1.0605,0.1010,-82.2143,34.1187,-117.9809,t004,FIJTB
2529153275,2147478,2,tobillo,swing,-0.0925,0.9503,0.1232,-65.6128,18.7988,-80.5054,t004,FIJTB
2529153321,2147494,2,tobillo,swing,-0.1866,0.9443,0.1068,-57.6782,-4.8828,-54.2603,t004,FIJTB
2529153322,2147510,2,tobillo,swing,-0.2761,0.9758,-0.0587,-55.4199,-13.0615,-39.8560,t004,FIJTB
2529153323,2147527,2,tobillo,swing,-0.2749,1.0050,-0.1226,-63.9038,-20.1416,-12.6953,t004,FIJTB
2529153372,2147543,2,tobillo,swing,-0.2560,1.0465,-0.1255,-67.0776,-20.9351,-8.3008,t004,FIJTB
2529153373,2147559,2,tobillo,swing,-0.3374,1.0056,-0.1495,-56.7627,-21.9727,-14.8315,t004,FIJTB
2529153374,2147575,2,tobillo,swing,-0.4044,0.9738,-0.1377,-53.1616,-13.6719,-19.1650,t004,FIJTB
2529153387,2147591,2,tobillo,swing,-0.3232,0.9803,-0.0664,-52.7344,-6.7139,-20.9961,t004,FIJTB
2529153418,2147607,2,tobillo,swing,-0.2357,0.9894,-0.0988,-43.8232,0.7324,-28.6865,t004,FIJTB
2529153420,2147623,2,tobillo,swing,-0.2676,0.9548,-0.0992,-37.0483,-0.3052,-28.0762,t004,FIJTB
2529153468,2147640,2,tobillo,swing,-0.3226,0.9332,-0.0819,-34.4849,-1.6479,-28.3813,t004,FIJTB
2529153468,2147656,2,tobillo,swing,-0.3330,0.9329,-0.0780,-26.4893,-3.1128,-35.0952,t004,FIJTB
2529153469,2147672,2,tobillo,swing,-0.3160,0.9293,-0.0587,-24.5361,1.5869,-41.1377,t004,FIJTB
2529153513,2147688,2,tobillo,swing,-0.2599,0.9344,-0.0529,-24.5361,2.9297,-41.3818,t004,FIJTB
2529153515,2147704,2,tobillo,swing,-0.2362,0.9351,-0.0648,-23.8647,0.1221,-39.0015,t004,FIJTB
2529153516,2147720,2,tobillo,swing,-0.2145,0.9413,-0.0768,-20.3857,-3.3569,-36.9873,t004,FIJTB
2529153564,2147736,2,tobillo,swing,-0.3004,0.9296,-0.0656,-14.0991,-10.3149,-28.8696,t004,FIJTB
2529153565,2147752,2,tobillo,swing,-0.3009,0.9396,-0.0540,-12.4512,-10.8032,-28.6255,t004,FIJTB
2529153566,2147768,2,tobillo,swing,-0.2305,0.9652,-0.0664,-11.7187,-9.7046,-30.6396,t004,FIJTB
2529153610,2147784,2,tobillo,swing,-0.2257,0.9601,-0.0691,-12.9395,-8.0566,-30.8228,t004,FIJTB
2529153612,2147800,2,tobillo,swing,-0.2666,0.9385,-0.0674,-8.0566,-5.6763,-31.0669,t004,FIJTB
2529153612,2147816,2,tobillo,swing,-0.3778,0.9144,0.1007,33.6304,1.0376,-25.0244,t004,FIJTB
2529153661,2147832,2,tobillo,swing,-0.2367,0.9144,-0.0587,184.4482,16.4185,-11.1084,t004,FIJTB
2529153662,2147848,2,tobillo,swing,-0.0363,0.9960,-0.1632,98.3887,8.2397,-27.1606,t004,FIJTB
2529153662,2147864,2,tobillo,swing,-0.1553,0.9880,-0.0121,-44.7998,-9.9487,-33.1421,t004,FIJTB
2529153706,2147880,2,tobillo,swing,-0.1531,0.9795,-0.0625,-20.2026,-13.3667,-25.6958,t004,FIJTB
2529153708,2147896,2,tobillo,swing,-0.1493,0.9800,-0.0586,-16.6626,-14.0381,-25.2075,t004,FIJTB
2529153709,2147913,2,tobillo,swing,-0.1768,0.9591,-0.0428,-22.8271,-13.6108,-25.3906,t004,FIJTB
2529153757,2147929,2,tobillo,swing,-0.1633,0.9579,-0.0349,-23.3765,-12.5122,-23.1323,t004,FIJTB
2529153758,2147945,2,tobillo,swing,-0.1125,0.9807,-0.0314,-26.5503,-13.3667,-20.9351,t004,FIJTB
2529153758,2147961,2,tobillo,swing,-0.0977,0.9869,-0.0273,-32.4707,-18.9209,-19.8364,t004,FIJTB
2529153802,2147977,2,tobillo,swing,-0.1802,0.9916,-0.0771,-33.5693,-19.4092,-25.8179,t004,FIJTB
2529153804,2147994,2,tobillo,swing,-0.2480,0.9557,-0.1603,-31.9824,-15.1978,-33.2642,t004,FIJTB
2529153804,2148010,2,tobillo,swing,-0.2504,0.9298,-0.1788,-23.9258,-4.9438,-45.8984,t004,FIJTB
2529153852,2148026,2,tobillo,swing,-0.1025,0.9956,-0.1312,-21.9727,-1.3428,-45.7153,t004,FIJTB
2529153853,2148042,2,tobillo,swing,-0.0856,1.0109,-0.0925,-32.8979,-0.2441,-48.2788,t004,FIJTB
2529153853,2148059,2,tobillo,swing,-0.0624,1.0137,-0.0962,-37.7197,-1.7090,-50.2319,t004,FIJTB
2529153897,2148075,2,tobillo,swing,-0.0205,1.0098,-0.1274,-38.2690,-2.3804,-50.8423,t004,FIJTB
2529153898,2148091,2,tobillo,loading,0.0039,0.9888,-0.1560,-36.1328,-4.2114,-51.4526,t004,FIJTB
2529153899,2148107,2,tobillo,loading,-0.0023,0.9916,-0.1672,-32.7148,-8.9111,-49.8657,t004,FIJTB
2529153948,2148123,2,tobillo,loading,-0.0338,1.0000,-0.1531,-30.5176,-10.8643,-46.4478,t004,FIJTB
2529153948,2148139,2,tobillo,loading,-0.0425,1.0153,-0.1407,-28.2593,-10.4370,-40.5884,t004,FIJTB
2529153949,2148155,2,tobillo,loading,-0.0415,1.0110,-0.1852,-27.4048,-8.1787,-44.1894,t004,FIJTB
2529153995,2148171,2,tobillo,loading,0.0040,0.9982,-0.1844,-26.7334,-7.9956,-45.8374,t004,FIJTB
2529153996,2148187,2,tobillo,loading,-0.0029,1.0092,-0.1885,-26.1230,-10.3760,-46.3257,t004,FIJTB
2529153996,2148204,2,tobillo,loading,-0.0176,1.0428,-0.1909,-26.4893,-12.4512,-46.6309,t004,FIJTB
2529154044,2148220,2,tobillo,loading,-0.0067,1.0525,-0.2006,-28.3813,-15.0146,-52.3071,t004,FIJTB
2529154044,2148236,2,tobillo,loading,0.0049,1.0450,-0.2098,-32.4707,-15.1978,-61.7676,t004,FIJTB
2529154044,2148252,2,tobillo,loading,0.0607,1.0615,-0.2100,-34.1797,-16.0522,-66.2231,t004,FIJTB
2529154089,2148268,2,tobillo,loading,0.0702,1.0748,-0.1741,-38.5132,-19.6533,-75.9277,t004,FIJTB
2529154089,2148284,2,tobillo,loading,0.0526,1.0613,-0.1569,-45.6543,-20.0195,-83.0688,t004,FIJTB
2529154090,2148300,2,tobillo,loading,0.0541,1.1599,-0.1737,-45.5322,-19.1040,-85.2051,t004,FIJTB
2529154132,2148316,2,tobillo,loading,0.0721,1.1853,-0.1945,-39.4897,-18.1274,-90.5151,t004,FIJTB
2529154139,2148332,2,tobillo,loading,0.0791,1.1682,-0.1768,-37.5366,-20.8740,-95.7642,t004,FIJTB
2529154140,2148348,2,tobillo,loading,0.0854,1.2572,-0.1407,-37.0483,-36.3159,-106.9336,t004,FIJTB
2529154184,2148364,2,tobillo,loading,0.0609,1.3063,-0.1017,-39.9170,-58.5327,-118.1030,t004,FIJTB
2529154186,2148380,2,tobillo,loading,0.0439,1.3391,0.0751,-38.9404,-72.2046,-122.0093,t004,FIJTB
2529154186,2148395,2,tobillo,loading,0.1113,1.3269,0.1913,-29.2358,-105.3467,-131.1646,t004,FIJTB
2529154234,2148411,2,tobillo,loading,0.2034,1.2587,0.3149,-20.9351,-135.9253,-152.1606,t004,FIJTB
2529154234,2148427,2,tobillo,loading,-0.0381,1.1547,0.0942,-26.3672,-126.5869,-161.1938,t004,FIJTB
2529154234,2148443,2,tobillo,loading,-0.1302,1.1354,-0.1058,-48.2788,-51.8188,-166.1987,t004,FIJTB
2529154279,2148459,2,tobillo,loading,0.3030,1.2509,-0.3593,-54.7485,-13.6108,-158.9355,t004,FIJTB
2529154279,2148475,2,tobillo,loading,0.9106,1.2203,-0.4175,-36.0718,14.8926,-147.2168,t004,FIJTB
2529154281,2148491,2,tobillo,loading,0.7273,1.1174,-0.5438,-40.5273,-37.6587,-121.1548,t004,FIJTB
2529154331,2148507,2,tobillo,loading,0.0310,1.1029,-0.6808,-55.7861,-65.6738,-95.3979,t004,FIJTB
2529154331,2148524,2,tobillo,loading,-0.1733,1.0201,-0.5826,-44.3726,-60.7910,-55.3589,t004,FIJTB
2529154331,2148540,2,tobillo,loading,-0.4022,0.4023,-0.2714,4.6997,1.1597,-50.1709,t004,FIJTB
2529154378,2148555,2,tobillo,loading,-0.3518,0.2466,-0.0283,17.2729,25.3296,-23.7427,t004,FIJTB
2529154378,2148571,2,tobillo,loading,-0.3264,0.4009,0.0507,-1.8921,5.3711,66.5283,t004,FIJTB
2529154378,2148587,2,tobillo,loading,-0.4556,0.4828,0.0859,-4.5166,-27.0386,85.6323,t004,FIJTB
2529154427,2148603,2,tobillo,loading,-0.3087,0.4117,-0.0745,27.5269,-53.7720,83.5571,t004,FIJTB
2529154428,2148619,2,tobillo,loading,-0.2026,0.4314,-0.1057,53.4058,-19.8975,113.2812,t004,FIJTB
2529154428,2148635,2,tobillo,loading,-0.2137,0.5731,0.0460,65.9180,-11.4136,145.4468,t004,FIJTB
2529154473,2148651,2,tobillo,midstance,-0.2484,0.5970,0.1201,94.0552,-27.7710,213.6841,t004,FIJTB
2529154474,2148667,2,tobillo,midstance,-0.2418,0.6617,0.2367,98.2666,-33.6914,223.2056,t004,FIJTB
2529154474,2148683,2,tobillo,midstance,-0.2302,0.8839,0.1603,100.5249,-43.4570,226.3183,t004,FIJTB
2529154528,2148698,2,tobillo,midstance,-0.1600,0.9650,0.1101,99.4873,-27.8320,232.4219,t004,FIJTB
2529154528,2148714,2,tobillo,midstance,0.0394,1.1604,-0.0513,95.3369,-9.3384,238.5864,t004,FIJTB
2529154529,2148730,2,tobillo,midstance,0.0120,1.2743,-0.0752,85.0830,3.1128,256.5918,t004,FIJTB
2529154574,2148746,2,tobillo,midstance,0.0149,1.4869,-0.1438,78.4302,-0.4883,252.0141,t004,FIJTB
2529154576,2148762,2,tobillo,midstance,0.2318,1.6962,-0.2941,67.2607,1.0986,227.5390,t004,FIJTB
2529154578,2148778,2,tobillo,midstance,0.3063,1.7479,-0.3411,61.5845,5.2490,215.5762,t004,FIJTB
2529154628,2148794,2,tobillo,midstance,0.3629,1.7062,-0.3156,59.7534,6.4087,209.6557,t004,FIJTB
2529154628,2148810,2,tobillo,midstance,0.3689,1.6345,-0.3104,49.5605,8.7280,187.7441,t004,FIJTB
2529154629,2148826,2,tobillo,midstance,0.3147,1.4551,-0.3320,31.2500,14.7095,169.2505,t004,FIJTB
2529154629,2148842,2,tobillo,midstance,0.1628,1.2727,-0.2933,21.9727,23.6206,163.2080,t004,FIJTB
2529154675,2148857,2,tobillo,midstance,0.1852,1.2301,-0.2581,12.6343,47.3633,151.4893,t004,FIJTB
2529154677,2148873,2,tobillo,midstance,0.3043,1.2156,-0.1619,13.4888,53.2837,149.9023,t004,FIJTB
2529154678,2148889,2,tobillo,midstance,0.0463,1.1133,-0.0836,15.9912,50.6592,160.5835,t004,FIJTB
2529154727,2148905,2,tobillo,midstance,-0.0178,1.1381,-0.0597,15.6250,54.7485,160.5835,t004,FIJTB
2529154728,2148921,2,tobillo,midstance,0.0405,1.2025,-0.0330,20.6299,59.0820,153.5645,t004,FIJTB
2529154728,2148937,2,tobillo,midstance,0.0439,1.1769,-0.0543,32.9590,58.8989,136.5967,t004,FIJTB
2529154776,2148953,2,tobillo,midstance,0.0098,1.1376,-0.1372,35.5835,55.6030,129.2725,t004,FIJTB
2529154776,2148968,2,tobillo,midstance,0.0977,1.1193,-0.1979,38.0859,48.6450,115.1123,t004,FIJTB
2529154777,2148984,2,tobillo,midstance,0.1324,1.0806,-0.2179,40.2832,37.1094,102.2949,t004,FIJTB
2529154826,2149000,2,tobillo,midstance,0.0846,0.9536,-0.1853,38.0859,30.7617,96.6186,t004,FIJTB
2529154826,2149016,2,tobillo,midstance,0.0907,0.9243,-0.1525,25.2075,21.1792,77.6978,t004,FIJTB
2529154826,2149031,2,tobillo,midstance,0.2290,0.9473,-0.1676,17.5781,17.2729,65.5518,t004,FIJTB
2529154875,2149047,2,tobillo,midstance,0.2506,0.9270,-0.2180,2.9297,10.1318,40.0391,t004,FIJTB
2529154875,2149063,2,tobillo,midstance,0.2610,0.9230,-0.2290,-12.8174,7.0801,11.5967,t004,FIJTB
2529154875,2149079,2,tobillo,midstance,0.1597,0.9818,-0.2471,-22.5220,6.9580,-2.0752,t004,FIJTB
2529154924,2149095,2,tobillo,midstance,0.1804,0.9857,-0.2555,-37.9639,27.9541,-26.8555,t004,FIJTB
2529154925,2149111,2,tobillo,midstance,0.2003,1.0250,0.1040,-36.8652,47.3633,-42.4805,t004,FIJTB
2529154925,2149127,2,tobillo,midstance,-1.1270,0.8575,0.5537,-25.6348,30.6396,-45.5322,t004,FIJTB
2529154971,2149143,2,tobillo,midstance,-1.5607,0.7247,0.4647,-51.1475,10.9863,-69.6411,t004,FIJTB
2529154974,2149159,2,tobillo,midstance,-0.3850,1.3724,0.2046,-66.0400,32.5928,-100.2808,t004,FIJTB
2529154974,2149175,2,tobillo,midstance,-0.0953,1.1704,0.0435,-62.3779,53.7109,-116.5161,t004,FIJTB
2529155023,2149191,2,tobillo,midstance,-0.2950,1.0029,0.0879,-71.3501,44.3726,-106.6284,t004,FIJTB
2529155024,2149207,2,tobillo,midstance,-0.4415,0.8939,-0.0370,-79.7119,59.9976,-99.1211,t004,FIJTB
2529155024,2149223,2,tobillo,midstance,-0.3441,0.9069,-0.1019,-73.7305,83.0688,-77.6978,t004,FIJTB
2529155069,2149239,2,tobillo,midstance,-0.1084,1.0688,-0.0316,-61.2793,68.4204,-75.2563,t004,FIJTB
2529155070,2149255,2,tobillo,terminal,-0.1296,1.0944,-0.1379,-41.7480,20.3857,-87.9517,t004,FIJTB
2529155070,2149271,2,tobillo,terminal,-0.1744,1.0399,-0.1127,-34.1187,-6.2866,-80.5054,t004,FIJTB
2529155074,2149287,2,tobillo,terminal,-0.2181,0.9359,-0.0302,-32.9590,-11.9019,-73.3032,t004,FIJTB
2529155126,2149303,2,tobillo,terminal,-0.1772,0.9757,0.1069,-43.0908,-22.9492,-70.9229,t004,FIJTB
2529155126,2149319,2,tobillo,terminal,-0.2142,0.9227,0.0796,17.3340,-15.1978,-58.6548,t004,FIJTB
2529155126,2149335,2,tobillo,terminal,-0.2892,0.9464,-0.0471,19.5313,-10.4370,-56.2744,t004,FIJTB
2529155175,2149351,2,tobillo,terminal,-0.2280,1.0066,0.0254,-21.5454,9.9487,-58.8989,t004,FIJTB
2529155176,2149368,2,tobillo,terminal,-0.2748,0.9202,-0.0021,-20.4468,16.1133,-51.5137,t004,FIJTB
2529155176,2149384,2,tobillo,terminal,-0.1438,0.9994,-0.0819,-15.8081,25.3296,-41.3208,t004,FIJTB
2529155225,2149400,2,tobillo,terminal,-0.0831,0.9768,-0.0846,-9.7046,16.3574,-35.8276,t004,FIJTB
2529155226,2149416,2,tobillo,terminal,-0.0535,0.9930,-0.0417,-10.3149,5.6763,-30.5786,t004,FIJTB
2529155226,2149432,2,tobillo,terminal,-0.1810,0.9797,-0.0216,-16.3574,-8.3618,-25.2686,t004,FIJTB
2529155271,2149448,2,tobillo,terminal,-0.1986,0.9685,-0.0203,-13.3057,-7.5684,-24.0478,t004,FIJTB
2529155273,2149464,2,tobillo,terminal,-0.1471,0.9957,-0.0427,-12.3901,-5.3711,-26.1230,t004,FIJTB
2529155273,2149480,2,tobillo,terminal,-0.1517,0.9847,-0.0273,-15.9302,-6.2866,-29.2969,t004,FIJTB
2529155324,2149496,2,tobillo,terminal,-0.1311,0.9843,-0.0278,-15.9912,-8.8501,-27.6489,t004,FIJTB
2529155324,2149512,2,tobillo,terminal,-0.1067,0.9874,-0.0159,-19.6533,-14.3433,-26.4282,t004,FIJTB
2529155325,2149528,2,tobillo,terminal,-0.1127,0.9948,-0.0260,-23.9258,-15.3809,-26.0620,t004,FIJTB
2529155371,2149544,2,tobillo,terminal,-0.1415,1.0018,-0.0526,-26.0010,-15.0757,-27.7710,t004,FIJTB
2529155373,2149560,2,tobillo,terminal,-0.1073,0.9728,-0.0646,-28.0762,-10.8032,-36.4380,t004,FIJTB
2529155373,2149576,2,tobillo,terminal,-0.1086,0.9653,-0.0668,-28.1982,-6.3477,-34.6069,t004,FIJTB
2529155422,2149592,2,tobillo,terminal,-0.0902,0.9955,-0.0525,-28.7476,-4.8828,-31.5552,t004,FIJTB
2529155423,2149608,2,tobillo,terminal,-0.0874,0.9935,-0.0515,-28.9307,-2.5024,-31.9824,t004,FIJTB
2529155423,2149625,2,tobillo,terminal,-0.0498,0.9792,-0.0961,-25.6348,0.9766,-31.3721,t004,FIJTB
2529155468,2149641,2,tobillo,terminal,-0.0529,0.9613,-0.1249,-24.1699,-0.0610,-30.0293,t004,FIJTB
2529155471,2149657,2,tobillo,terminal,-0.0332,0.9634,-0.1116,-23.6816,-2.7466,-29.6020,t004,FIJTB
2529155471,2149673,2,tobillo,terminal,-0.0372,0.9586,-0.0953,-24.0478,-2.8076,-29.1748,t004,FIJTB
2529155519,2149689,2,tobillo,terminal,-0.0151,0.9756,-0.1130,-24.1699,-0.9766,-26.1230,t004,FIJTB
2529155519,2149705,2,tobillo,terminal,-0.0364,0.9690,-0.1323,-23.7427,-2.3804,-24.1089,t004,FIJTB
2529155520,2149721,2,tobillo,terminal,-0.0054,0.9595,-0.1067,-24.3530,-3.5400,-23.8647,t004,FIJTB
2529155564,2149737,2,tobillo,terminal,-0.0083,0.9691,-0.1085,-27.6489,-5.2490,-24.1089,t004,FIJTB
2529155566,2149754,2,tobillo,terminal,-0.0446,0.9811,-0.1351,-28.3813,-8.4839,-25.6348,t004,FIJTB
2529155567,2149770,2,tobillo,terminal,-0.0728,0.9993,-0.1969,-27.5879,-8.8501,-28.9917,t004,FIJTB
2529155616,2149786,2,tobillo,terminal,-0.0490,1.0012,-0.1964,-28.2593,-11.4746,-37.1704,t004,FIJTB
2529155616,2149802,2,tobillo,terminal,0.0078,1.0098,-0.1421,-29.7241,-13.9770,-39.3677,t004,FIJTB
2529155617,2149818,2,tobillo,terminal,0.0353,1.0273,-0.1161,-32.7759,-19.4092,-40.0391,t004,FIJTB
2529155632,2149834,2,tobillo,terminal,0.0260,1.0355,-0.1237,-35.0952,-20.0195,-37.8418,t004,FIJTB
2529155661,2149850,2,tobillo,terminal,0.0370,1.0338,-0.1647,-34.7290,-18.1885,-38.0859,t004,FIJTB
2529155662,2149866,2,tobillo,swing,0.0077,1.0211,-0.2255,-31.7383,-16.6016,-40.3442,t004,FIJTB
2529155669,2149882,2,tobillo,swing,0.0161,1.0187,-0.2297,-29.4800,-15.8691,-46.5088,t004,FIJTB
2529155717,2149898,2,tobillo,swing,0.0502,1.0112,-0.2272,-28.1982,-14.4043,-49.5605,t004,FIJTB
2529155717,2149915,2,tobillo,swing,0.0643,0.9897,-0.2285,-30.0293,-11.2305,-53.1006,t004,FIJTB
2529155717,2149931,2,tobillo,swing,0.0575,0.9714,-0.2258,-29.9072,-8.9722,-53.5889,t004,FIJTB
2529155763,2149947,2,tobillo,swing,0.1174,1.0212,-0.1882,-28.1982,-7.8125,-55.2978,t004,FIJTB
2529155766,2149963,2,tobillo,swing,0.1256,1.0162,-0.1998,-27.5269,-7.3242,-58.7769,t004,FIJTB
2529155767,2149979,2,tobillo,swing,0.1144,1.0032,-0.2246,-28.5034,-8.3618,-60.7300,t004,FIJTB
2529155815,2149995,2,tobillo,swing,0.1316,1.0253,-0.2238,-29.5410,-10.9863,-65.3687,t004,FIJTB
2529155815,2150011,2,tobillo,swing,0.1357,1.0398,-0.2162,-28.9917,-14.4653,-70.9839,t004,FIJTB
2529155816,2150027,2,tobillo,swing,0.1360,1.0801,-0.2225,-28.7476,-15.4419,-73.9136,t004,FIJTB
2529155860,2150043,2,tobillo,swing,0.1173,1.0912,-0.2460,-28.6865,-18.6768,-79.1626,t004,FIJTB
2529155863,2150059,2,tobillo,swing,0.0990,1.0947,-0.2191,-29.6020,-29.1138,-80.5664,t004,FIJTB
2529155863,2150075,2,tobillo,swing,0.1206,1.1621,-0.1233,-30.3345,-34.4849,-82.9468,t004,FIJTB
2529155911,2150091,2,tobillo,swing,0.1042,1.2129,-0.0923,-29.5410,-44.4946,-93.2007,t004,FIJTB
2529155912,2150107,2,tobillo,swing,0.1040,1.2515,0.0238,-29.6020,-53.1616,-98.8769,t004,FIJTB
2529155913,2150123,2,tobillo,swing,0.0996,1.3623,0.2483,-34.4238,-85.9985,-113.4643,t004,FIJTB
2529155957,2150139,2,tobillo,swing,0.1141,1.3846,0.3458,-35.8887,-119.5068,-136.0474,t004,FIJTB
2529155959,2150155,2,tobillo,swing,0.1136,1.2030,0.2345,-35.8887,-120.6665,-150.8179,t004,FIJTB
2529155960,2150171,2,tobillo,swing,0.1034,1.1348,0.0428,-48.2788,-73.0591,-175.7202,t004,FIJTB
2529156009,2150187,2,tobillo,swing,0.2469,1.2314,-0.1377,-54.6265,-36.5601,-179.8706,t004,FIJTB
2529156010,2150203,2,tobillo,swing,0.2616,1.3130,-0.3816,-57.1289,6.8359,-175.1709,t004,FIJTB
2529156010,2150218,2,tobillo,swing,0.2910,1.3444,-0.4144,-53.4668,7.2632,-136.1694,t004,FIJTB
2529156056,2150234,2,tobillo,swing,0.5597,1.2054,-0.4701,-41.8091,5.5542,-120.1782,t004,FIJTB
2529156057,2150250,2,tobillo,swing,0.3129,0.9086,-0.5042,-33.3862,-18.8599,-74.0967,t004,FIJTB
2529156057,2150266,2,tobillo,swing,-0.0011,0.6962,-0.4551,-13.6719,-47.6685,-14.8926,t004,FIJTB
2529156106,2150283,2,tobillo,swing,-0.4458,0.3883,-0.3148,7.2632,-33.7524,15.6250,t004,FIJTB
2529156106,2150298,2,tobillo,swing,-0.5327,0.4409,-0.1014,11.8408,-21.5454,86.7309,t004,FIJTB
2529156106,2150314,2,tobillo,swing,-0.5676,0.4581,0.0833,7.7515,-42.2974,107.3608,t004,FIJTB
2529156151,2150330,2,tobillo,swing,-0.2976,0.2773,0.0331,39.2456,-64.2090,119.6899,t004,FIJTB
2529156153,2150346,2,tobillo,swing,-0.2384,0.2513,0.0914,69.9463,-43.6401,144.7144,t004,FIJTB
2529156154,2150362,2,tobillo,swing,-0.3369,0.3994,0.2321,78.4912,-48.8281,177.8564,t004,FIJTB
2529156202,2150378,2,tobillo,swing,-0.3146,0.4482,0.2615,84.4116,-66.4063,232.0556,t004,FIJTB
2529156203,2150394,2,tobillo,swing,-0.1246,0.7244,0.2645,86.3647,-51.3306,225.5249,t004,FIJTB
2529156203,2150410,2,tobillo,swing,-0.0638,0.8641,0.1017,90.8203,-37.4756,228.4546,t004,FIJTB
2529156248,2150426,2,tobillo,loading,-0.1139,0.9015,0.0000,79.3457,-3.1738,244.9951,t004,FIJTB
2529156248,2150442,2,tobillo,loading,-0.0320,1.2596,-0.1317,68.2373,15.5640,256.8970,t004,FIJTB
2529156248,2150457,2,tobillo,loading,0.2291,1.5270,-0.2177,63.7207,35.2783,258.4229,t004,FIJTB
2529156301,2150473,2,tobillo,loading,0.2761,1.5757,-0.2753,70.0073,27.9541,238.7085,t004,FIJTB
2529156301,2150489,2,tobillo,loading,0.2977,1.6293,-0.3289,71.1670,24.9634,236.0229,t004,FIJTB
2529156302,2150505,2,tobillo,loading,0.2943,1.6016,-0.2732,76.5381,20.3857,235.2295,t004,FIJTB
2529156348,2150521,2,tobillo,loading,0.2383,1.4927,-0.2173,76.2939,11.4746,226.5014,t004,FIJTB
2529156350,2150536,2,tobillo,loading,0.1775,1.5300,-0.2856,63.7207,-5.0049,198.9136,t004,FIJTB
2529156351,2150552,2,tobillo,loading,0.1156,1.4851,-0.2731,57.0679,-6.0425,172.4243,t004,FIJTB
2529156401,2150568,2,tobillo,loading,0.1675,1.3806,-0.2773,51.6968,-2.1973,158.0200,t004,FIJTB
2529156401,2150584,2,tobillo,loading,0.4001,1.4321,-0.3015,43.5181,8.9722,154.7241,t004,FIJTB
2529156402,2150600,2,tobillo,loading,0.4161,1.4004,-0.2759,44.5557,6.0425,166.3208,t004,FIJTB
2529156402,2150616,2,tobillo,loading,-0.0626,1.1174,-0.2726,34.6680,1.4038,177.8564,t004,FIJTB
2529156448,2150631,2,tobillo,loading,-0.0117,1.2219,-0.2775,16.4185,30.2124,161.1938,t004,FIJTB
2529156449,2150647,2,tobillo,loading,0.3719,1.2034,-0.0660,21.9727,39.8560,154.2969,t004,FIJTB
2529156450,2150663,2,tobillo,loading,0.2875,1.1343,-0.0690,37.1704,29.7852,128.6621,t004,FIJTB
2529156500,2150679,2,tobillo,loading,-0.0946,1.1011,-0.1957,34.4238,24.7192,124.6338,t004,FIJTB
2529156501,2150694,2,tobillo,loading,0.1755,1.1036,-0.2577,31.4331,40.3442,104.9194,t004,FIJTB
2529156501,2150710,2,tobillo,loading,0.2850,1.1333,-0.2615,28.8086,25.0244,92.4683,t004,FIJTB
2529156549,2150726,2,tobillo,loading,0.2278,0.9790,-0.2985,27.3437,5.1270,80.6274,t004,FIJTB
2529156550,2150742,2,tobillo,loading,0.1868,0.9351,-0.3176,13.0615,-28.3203,48.5840,t004,FIJTB
2529156550,2150757,2,tobillo,loading,0.1619,0.8911,-0.2783,2.1362,-36.0718,36.1938,t004,FIJTB
2529156601,2150773,2,tobillo,loading,0.1941,0.8927,-0.2267,-18.4937,-33.0200,6.5918,t004,FIJTB
2529156601,2150789,2,tobillo,loading,0.1635,0.8816,-0.1926,-35.7056,-10.8032,-18.0054,t004,FIJTB
2529156602,2150805,2,tobillo,loading,-0.1422,0.9326,-0.0095,-47.6685,2.7466,-28.0151,t004,FIJTB
2529156648,2150821,2,tobillo,loading,-0.1307,0.9237,0.1616,-57.5561,69.5190,-50.2319,t004,FIJTB
2529156650,2150837,2,tobillo,loading,-0.2877,0.9150,0.3425,-56.8848,102.3559,-58.6548,t004,FIJTB
2529156651,2150853,2,tobillo,loading,-1.0271,0.8444,0.4908,-61.0352,93.8721,-29.6020,t004,FIJTB
2529156702,2150869,2,tobillo,loading,-0.9352,0.9413,0.6212,-76.7822,88.6841,-63.4766,t004,FIJTB
2529156702,2150886,2,tobillo,loading,0.2954,1.7325,0.6553,-71.9604,73.9746,-95.2759,t004,FIJTB
2529156703,2150901,2,tobillo,loading,-0.0272,0.9324,0.0305,-32.3486,18.2495,-128.8452,t004,FIJTB
2529156709,2150917,2,tobillo,loading,-0.4211,0.6575,-0.2047,-96.3745,8.9722,-66.6504,t004,FIJTB
2529156749,2150933,2,tobillo,loading,-0.2640,1.2479,-0.2178,-125.2441,16.9067,-42.9687,t004,FIJTB
2529156750,2150949,2,tobillo,midstance,-0.1836,1.3679,-0.2205,-80.2002,25.6958,-48.0957,t004,FIJTB
2529156752,2150966,2,tobillo,midstance,-0.4705,0.9271,-0.3245,-52.2461,25.3296,-55.2368,t004,FIJTB
2529156807,2150982,2,tobillo,midstance,-0.3083,0.9225,-0.1080,-27.5879,22.5220,-68.1152,t004,FIJTB
2529156807,2150997,2,tobillo,midstance,-0.1565,0.9348,-0.0142,15.2588,10.0708,-64.8193,t004,FIJTB
2529156808,2151013,2,tobillo,midstance,-0.1050,0.9779,-0.0771,19.1650,-6.1646,-48.7671,t004,FIJTB
2529156857,2151029,2,tobillo,midstance,-0.2354,0.9722,0.0276,-3.2959,-25.6348,-19.1040,t004,FIJTB
2529156858,2151045,2,tobillo,midstance,-0.3215,0.9436,0.0060,3.0518,-20.2637,-25.3296,t004,FIJTB
2529156860,2151061,2,tobillo,midstance,-0.3136,0.9243,-0.0281,-2.0752,-12.2681,-27.2217,t004,FIJTB
2529156901,2151077,2,tobillo,midstance,-0.3038,0.9226,-0.0145,-16.8457,-6.7139,-14.9536,t004,FIJTB
2529156912,2151094,2,tobillo,midstance,-0.3488,0.9093,-0.0505,-20.6909,-11.7798,-12.2681,t004,FIJTB
2529156913,2151110,2,tobillo,midstance,-0.3301,0.9008,-0.0574,-20.6299,-18.4326,-13.3057,t004,FIJTB
2529156913,2151126,2,tobillo,midstance,-0.3276,0.9081,-0.0508,-19.7754,-18.7378,-12.7563,t004,FIJTB
2529156961,2151142,2,tobillo,midstance,-0.3008,0.9403,-0.0143,-18.9819,-16.1743,-15.4419,t004,FIJTB
2529156962,2151158,2,tobillo,midstance,-0.2825,0.9722,-0.0529,-20.8130,-8.7280,-22.9492,t004,FIJTB
2529156963,2151174,2,tobillo,midstance,-0.2170,0.9882,-0.0554,-15.4419,-1.1597,-26.5503,t004,FIJTB
2529157015,2151190,2,tobillo,midstance,-0.2025,0.9476,-0.0854,-8.4839,-2.8076,-23.8037,t004,FIJTB
2529157016,2151207,2,tobillo,midstance,-0.2637,0.9373,-0.1045,-6.4087,-8.9111,-16.6016,t004,FIJTB
2529157016,2151223,2,tobillo,midstance,-0.2560,0.9625,-0.0922,-7.9346,-7.4463,-18.4937,t004,FIJTB
2529157064,2151239,2,tobillo,midstance,-0.2274,0.9425,-0.0623,-6.5918,-5.9204,-17.2729,t004,FIJTB
2529157065,2151255,2,tobillo,midstance,-0.2338,0.9427,-0.0599,-2.1362,-6.9580,-13.1836,t004,FIJTB
2529157066,2151271,2,tobillo,midstance,-0.2128,0.9684,-0.0648,-2.5024,-8.4839,-13.1226,t004,FIJTB
2529157118,2151288,2,tobillo,midstance,-0.2310,0.9426,-0.0732,-6.7749,-9.5825,-12.9395,t004,FIJTB
2529157119,2151304,2,tobillo,midstance,-0.2551,0.9510,-0.0786,-10.4980,-11.2305,-12.0239,t004,FIJTB
2529157119,2151320,2,tobillo,midstance,-0.2584,0.9645,-0.0894,-10.3760,-11.4136,-15.0146,t004,FIJTB
2529157167,2151336,2,tobillo,midstance,-0.2234,0.9351,-0.0793,-5.6152,-10.1318,-20.5688,t004,FIJTB
2529157167,2151352,2,tobillo,midstance,-0.2325,0.9346,-0.0874,-4.9438,-11.4136,-18.9819,t004,FIJTB
2529157170,2151368,2,tobillo,midstance,-0.2473,0.9427,-0.0990,-5.9204,-12.1460,-19.1650,t004,FIJTB
2529157170,2151384,2,tobillo,midstance,-0.2191,0.9684,-0.1011,-9.6436,-12.0850,-22.4609,t004,FIJTB
2529157222,2151400,2,tobillo,midstance,-0.2242,0.9531,-0.0890,-8.6670,-10.8643,-26.7334,t004,FIJTB
2529157223,2151416,2,tobillo,midstance,-0.2429,0.9259,-0.0937,-7.0190,-10.2539,-29.1138,t004,FIJTB
2529157223,2151433,2,tobillo,midstance,-0.2239,0.9211,-0.0941,-8.6670,-7.5684,-32.6538,t004,FIJTB
2529157271,2151449,2,tobillo,midstance,-0.1990,0.9526,-0.0825,-13.0005,-6.4697,-33.7524,t004,FIJTB
2529157273,2151465,2,tobillo,midstance,-0.1908,0.9762,-0.1051,-20.1416,-5.8594,-35.8276,t004,FIJTB
2529157274,2151481,2,tobillo,midstance,-0.1659,1.0388,-0.1180,-25.5127,-3.8452,-41.4429,t004,FIJTB
2529157325,2151497,2,tobillo,midstance,-0.1624,0.9700,-0.1434,-25.2686,-3.5400,-46.3867,t004,FIJTB
2529157325,2151513,2,tobillo,midstance,-0.1234,1.0146,-0.0974,-25.8179,-4.5166,-50.2930,t004,FIJTB
2529157326,2151529,2,tobillo,midstance,-0.0980,0.9994,-0.0924,-22.8271,-0.6714,-59.2651,t004,FIJTB
2529157374,2151545,2,tobillo,midstance,-0.0771,0.9696,-0.1276,-24.0478,-2.0142,-61.7065,t004,FIJTB
2529157376,2151561,2,tobillo,midstance,-0.0898,0.9650,-0.1428,-27.0386,-5.1270,-63.2935,t004,FIJTB
2529157377,2151577,2,tobillo,midstance,-0.0549,0.9927,-0.1521,-27.1606,-4.6387,-65.3076,t004,FIJTB
2529157396,2151594,2,tobillo,midstance,-0.0399,0.9813,-0.1477,-29.1748,-3.6621,-69.9463,t004,FIJTB
2529157429,2151610,2,tobillo,midstance,-0.0350,0.9878,-0.1516,-35.5225,-7.0190,-68.0542,t004,FIJTB
2529157429,2151626,2,tobillo,midstance,-0.0453,1.0107,-0.1702,-38.2690,-8.9111,-63.3545,t004,FIJTB
2529157429,2151642,2,tobillo,midstance,-0.0110,1.0404,-0.1556,-40.3442,-9.7046,-55.8472,t004,FIJTB
2529157477,2151658,2,tobillo,midstance,-0.0023,1.0360,-0.1597,-36.3159,-6.8970,-62.5000,t004,FIJTB
2529157478,2151674,2,tobillo,terminal,0.0011,1.0043,-0.1902,-34.8511,-6.2866,-65.5518,t004,FIJTB
2529157478,2151690,2,tobillo,terminal,-0.0348,1.0579,-0.2201,-34.6069,-6.4087,-71.4111,t004,FIJTB
2529157533,2151707,2,tobillo,terminal,-0.0427,1.0978,-0.2307,-31.5552,-6.8359,-84.7168,t004,FIJTB
2529157534,2151723,2,tobillo,terminal,0.0422,1.1572,-0.1860,-28.8086,-7.5073,-93.8110,t004,FIJTB
2529157534,2151739,2,tobillo,terminal,0.0891,1.1741,-0.1515,-27.7710,-8.4229,-105.2246,t004,FIJTB
2529157582,2151755,2,tobillo,terminal,0.0579,1.2202,-0.1115,-29.2358,-10.2539,-103.9429,t004,FIJTB
2529157583,2151771,2,tobillo,terminal,0.0596,1.1880,-0.0558,-32.4097,-15.3198,-104.6753,t004,FIJTB
2529157585,2151787,2,tobillo,terminal,0.0504,1.1978,-0.0431,-39.7339,-24.1089,-116.9434,t004,FIJTB
2529157637,2151803,2,tobillo,terminal,0.0071,1.2959,-0.0474,-42.2974,-32.6538,-119.3848,t004,FIJTB
2529157638,2151819,2,tobillo,terminal,-0.0204,1.2875,-0.0299,-42.5415,-55.2978,-124.0845,t004,FIJTB
2529157638,2151835,2,tobillo,terminal,-0.0435,1.2474,0.0050,-46.7529,-71.4111,-130.0049,t004,FIJTB
2529157638,2151851,2,tobillo,terminal,-0.0269,1.1086,0.0084,-50.1099,-69.7021,-135.0708,t004,FIJTB
2529157687,2151867,2,tobillo,terminal,0.0322,1.0909,-0.0717,-59.9365,-43.7622,-150.7568,t004,FIJTB
2529157688,2151883,2,tobillo,terminal,0.3522,1.1931,-0.0729,-63.4155,-29.7241,-142.7002,t004,FIJTB
2529157688,2151899,2,tobillo,terminal,0.8633,1.2167,-0.2349,-45.2270,-24.8413,-138.1836,t004,FIJTB
2529157739,2151915,2,tobillo,terminal,0.8650,1.2643,-0.3817,-44.7388,-70.1904,-125.0610,t004,FIJTB
2529157740,2151931,2,tobillo,terminal,0.1133,1.3445,-0.6771,-58.0444,-104.0649,-94.9707,t004,FIJTB
2529157740,2151947,2,tobillo,terminal,-0.4249,1.1139,-0.6296,-69.5190,-105.0415,-46.9360,t004,FIJTB
2529157789,2151963,2,tobillo,terminal,-0.4221,0.7910,-0.4652,-27.0386,-10.0098,-45.2881,t004,FIJTB
2529157790,2151979,2,tobillo,terminal,-0.4583,0.3265,0.0105,-5.1880,27.1606,-40.7715,t004,FIJTB
2529157790,2151995,2,tobillo,terminal,-0.5436,0.4586,0.1061,-5.6763,22.8271,27.1606,t004,FIJTB
2529157843,2152011,2,tobillo,terminal,-0.6418,0.6851,0.1616,-10.8643,-15.6250,63.2324,t004,FIJTB
2529157843,2152026,2,tobillo,terminal,-0.3882,0.5126,0.0137,21.4233,-54.1382,78.6133,t004,FIJTB
2529157843,2152042,2,tobillo,terminal,-0.2883,0.4741,-0.0332,54.6875,-30.5786,79.5898,t004,FIJTB
2529157874,2152058,2,tobillo,terminal,-0.3138,0.5992,0.1390,63.8428,-22.7661,108.0322,t004,FIJTB
2529157891,2152074,2,tobillo,terminal,-0.2987,0.6040,0.2203,88.1958,-31.9824,178.2837,t004,FIJTB
2529157892,2152090,2,tobillo,swing,-0.2058,0.7216,0.2372,95.6421,-38.2080,187.1948,t004,FIJTB
2529157892,2152106,2,tobillo,swing,-0.2136,0.7878,0.1472,103.6987,-35.4614,180.1147,t004,FIJTB
2529157948,2152122,2,tobillo,swing,-0.1992,0.7689,0.1094,96.0693,-8.7891,202.8198,t004,FIJTB
2529157948,2152138,2,tobillo,swing,-0.0630,1.0720,-0.0111,86.6699,10.4980,214.4775,t004,FIJTB
2529157949,2152154,2,tobillo,swing,-0.0233,1.2112,-0.0679,86.1816,42.9077,231.9336,t004,FIJTB
2529157998,2152169,2,tobillo,swing,-0.0348,1.2908,-0.1121,85.9375,53.4058,228.1494,t004,FIJTB
2529158000,2152185,2,tobillo,swing,0.0944,1.4540,-0.2312,80.7495,52.9175,218.8110,t004,FIJTB
2529158001,2152201,2,tobillo,swing,0.1729,1.5601,-0.2955,77.2705,51.0864,207.8247,t004,FIJTB
2529158003,2152217,2,tobillo,swing,0.2054,1.5928,-0.3420,81.3599,51.0254,206.9702,t004,FIJTB
2529158054,2152233,2,tobillo,swing,0.0571,1.4486,-0.3090,83.0078,47.9736,197.4487,t004,FIJTB
2529158054,2152248,2,tobillo,swing,-0.0001,1.4023,-0.2882,69.0308,48.7061,176.4526,t004,FIJTB
2529158055,2152264,2,tobillo,swing,0.0281,1.3638,-0.2729,62.1948,51.6357,167.1142,t004,FIJTB
2529158103,2152280,2,tobillo,swing,0.1028,1.3519,-0.2689,59.2041,53.7109,155.8838,t004,FIJTB
2529158103,2152296,2,tobillo,swing,0.2979,1.4266,-0.2845,61.7065,49.3774,155.8838,t004,FIJTB
2529158104,2152312,2,tobillo,swing,0.3693,1.4556,-0.3693,62.0728,34.6680,172.2412,t004,FIJTB
2529158158,2152328,2,tobillo,swing,0.2600,1.4028,-0.3451,50.4761,38.3911,195.8618,t004,FIJTB
2529158158,2152343,2,tobillo,swing,0.0363,1.2826,-0.2030,42.2974,50.1099,199.8291,t004,FIJTB
2529158159,2152359,2,tobillo,swing,0.0978,1.2919,-0.1014,37.5977,80.2002,183.1665,t004,FIJTB
2529158182,2152375,2,tobillo,swing,0.2462,1.2517,-0.1699,41.8091,90.5762,165.8935,t004,FIJTB
2529158209,2152391,2,tobillo,swing,0.2234,1.0984,-0.4133,39.6729,106.8726,127.8076,t004,FIJTB
2529158210,2152406,2,tobillo,swing,0.3378,1.0815,-0.4495,30.8228,104.6143,96.2524,t004,FIJTB
2529158210,2152422,2,tobillo,swing,0.5732,1.0242,-0.4070,27.4658,90.8203,79.6509,t004,FIJTB
2529158262,2152438,2,tobillo,swing,0.5767,0.9564,-0.3806,12.0850,49.2554,43.1519,t004,FIJTB
2529158262,2152454,2,tobillo,swing,0.5353,0.9036,-0.3663,0.0610,29.6631,26.9165,t004,FIJTB
2529158262,2152469,2,tobillo,swing,0.2544,0.9741,-0.3586,-21.7285,5.7983,-3.0518,t004,FIJTB
2529158312,2152485,2,tobillo,swing,0.1732,1.0028,-0.3529,-32.8369,6.5918,-44.5557,t004,FIJTB
2529158313,2152501,2,tobillo,swing,0.2722,1.0068,0.1072,-32.7148,15.8081,-73.6084,t004,FIJTB
2529158313,2152518,2,tobillo,swing,-0.2666,1.1075,0.6143,-24.4751,-13.6719,-66.8945,t004,FIJTB
2529158366,2152534,2,tobillo,swing,-1.6218,0.7632,0.5831,-27.2827,-35.7666,-59.3262,t004,FIJTB
2529158367,2152550,2,tobillo,swing,-0.3387,1.6205,0.0442,-83.3740,-24.7192,-95.7642,t004,FIJTB
2529158367,2152566,2,tobillo,swing,0.1079,1.6200,-0.1891,-82.7026,30.6396,-117.6147,t004,FIJTB
2529158368,2152582,2,tobillo,swing,-0.3488,0.9937,0.0094,-75.8667,32.7759,-94.9707,t004,FIJTB
2529158417,2152598,2,tobillo,swing,-0.4360,0.8992,0.0903,-75.9888,39.3677,-68.4814,t004,FIJTB
2529158418,2152613,2,tobillo,swing,-0.1093,0.9729,-0.1031,-58.1665,49.3164,-56.5796,t004,FIJTB
2529158419,2152629,2,tobillo,swing,-0.1724,1.0062,-0.1600,-46.3867,30.7617,-43.0908,t004,FIJTB
2529158471,2152646,2,tobillo,swing,-0.2891,1.0002,-0.1136,-41.3208,0.4272,-15.4419,t004,FIJTB
2529158471,2152662,2,tobillo,swing,-0.3430,0.9716,-0.0348,-43.4570,-0.4883,-12.2070,t004,FIJTB
2529158472,2152678,2,tobillo,loading,-0.2734,0.9359,0.0040,-39.4287,0.2441,-17.7612,t004,FIJTB
2529158522,2152694,2,tobillo,loading,-0.2439,0.9084,0.0616,-29.4189,-0.4272,-13.6108,t004,FIJTB
2529158522,2152710,2,tobillo,loading,-0.2084,0.9333,0.0978,-32.6538,1.3428,-6.2256,t004,FIJTB
2529158525,2152726,2,tobillo,loading,-0.2875,0.9904,0.0923,-44.4946,0.1221,-0.6714,t004,FIJTB
2529158577,2152742,2,tobillo,loading,-0.3773,0.9929,0.0439,-49.6826,0.7324,-17.8833,t004,FIJTB
2529158586,2152758,2,tobillo,loading,-0.3833,0.9369,-0.0881,-48.8281,6.9580,-31.7383,t004,FIJTB
2529158587,2152774,2,tobillo,loading,-0.3322,0.9213,-0.1222,-45.6543,11.0474,-40.1001,t004,FIJTB
2529158587,2152790,2,tobillo,loading,-0.3397,0.9304,-0.1128,-44.1894,7.2021,-37.1094,t004,FIJTB
2529158639,2152806,2,tobillo,loading,-0.3097,0.9603,-0.0497,-33.6304,1.2817,-41.6260,t004,FIJTB
2529158640,2152822,2,tobillo,loading,-0.3333,0.7869,0.0811,53.1616,-2.8076,-51.4526,t004,FIJTB
2529158642,2152838,2,tobillo,loading,-0.1814,1.1042,-0.1191,87.5244,-10.9863,-67.8711,t004,FIJTB
2529158643,2152854,2,tobillo,loading,-0.1741,0.8956,-0.0027,19.1040,1.4648,-50.7812,t004,FIJTB
2529158697,2152870,2,tobillo,loading,-0.2708,0.8873,0.0208,-11.4136,-1.1597,-16.4795,t004,FIJTB
2529158697,2152886,2,tobillo,loading,-0.2639,0.9469,0.0057,-4.6997,-0.7324,-20.2637,t004,FIJTB
2529158697,2152902,2,tobillo,loading,-0.2335,0.9744,-0.0168,-1.1597,-5.4321,-26.2451,t004,FIJTB
2529158748,2152918,2,tobillo,loading,-0.1470,1.0007,0.0032,-9.7046,-10.1929,-27.0386,t004,FIJTB
2529158750,2152935,2,tobillo,loading,-0.1876,0.9365,-0.0217,-9.4604,-17.7612,-18.6157,t004,FIJTB
2529158751,2152951,2,tobillo,loading,-0.1965,0.9735,-0.0312,-9.3994,-20.6299,-13.1836,t004,FIJTB
2529158753,2152967,2,tobillo,loading,-0.1947,0.9714,-0.0184,-15.9912,-19.5313,-13.7939,t004,FIJTB
2529158807,2152983,2,tobillo,loading,-0.1807,0.9659,-0.0469,-15.8691,-15.2588,-14.5874,t004,FIJTB
2529158807,2152999,2,tobillo,loading,-0.1869,0.9760,-0.0515,-14.0991,-8.5449,-16.7847,t004,FIJTB
2529158808,2153016,2,tobillo,loading,-0.2064,0.9594,-0.0378,-13.6719,-5.4932,-18.7988,t004,FIJTB
2529158858,2153032,2,tobillo,loading,-0.1833,0.9437,-0.0472,-6.4697,-2.5024,-22.0947,t004,FIJTB
2529158860,2153048,2,tobillo,loading,-0.1677,0.9813,-0.0513,-9.4604,-3.1738,-23.1323,t004,FIJTB
2529158861,2153064,2,tobillo,loading,-0.1975,0.9681,-0.0260,-11.5967,-3.6011,-23.8037,t004,FIJTB
2529158917,2153081,2,tobillo,loading,-0.1914,0.9628,-0.0262,-10.0098,-3.2349,-26.1841,t004,FIJTB
2529158917,2153097,2,tobillo,loading,-0.1635,0.9678,-0.0620,-11.2305,-2.5635,-28.8086,t004,FIJTB
2529158918,2153113,2,tobillo,loading,-0.1481,0.9680,-0.0693,-13.4888,-4.5166,-28.1982,t004,FIJTB
2529158918,2153129,2,tobillo,loading,-0.1466,0.9966,-0.0580,-14.4043,-5.7373,-31.1279,t004,FIJTB
2529158969,2153145,2,tobillo,loading,-0.1721,0.9546,-0.0446,-9.1553,-2.6855,-35.0952,t004,FIJTB
2529158971,2153161,2,tobillo,loading,-0.0964,0.9652,-0.0828,-2.8687,4.1504,-39.2456,t004,FIJTB
2529158971,2153177,2,tobillo,loading,-0.0770,0.9764,-0.0751,-17.2119,-1.9531,-36.2549,t004,FIJTB
2529159026,2153193,2,tobillo,loading,-0.0811,0.9827,-0.0653,-22.4609,-5.5542,-33.5693,t004,FIJTB
2529159027,2153210,2,tobillo,midstance,-0.1052,0.9830,-0.0826,-23.3154,-6.2256,-32.1045,t004,FIJTB
2529159028,2153226,2,tobillo,midstance,-0.1055,0.9905,-0.0956,-20.5078,-2.0142,-35.0342,t004,FIJTB
2529159028,2153242,2,tobillo,midstance,-0.0786,0.9897,-0.1010,-20.0806,-0.4272,-36.4990,t004,FIJTB
2529159078,2153258,2,tobillo,midstance,-0.0591,0.9851,-0.0818,-19.4092,0.1831,-38.2080,t004,FIJTB
2529159079,2153274,2,tobillo,midstance,-0.0364,0.9839,-0.0786,-19.5923,0.4883,-38.3301,t004,FIJTB
2529159079,2153290,2,tobillo,midstance,-0.0498,0.9849,-0.1083,-20.9961,0.9766,-37.2314,t004,FIJTB
2529159135,2153306,2,tobillo,midstance,-0.0485,0.9741,-0.1188,-21.5454,0.9766,-37.1094,t004,FIJTB
2529159136,2153322,2,tobillo,midstance,-0.0221,0.9760,-0.1090,-22.3999,0.5493,-36.6821,t004,FIJTB
2529159137,2153339,2,tobillo,midstance,-0.0106,0.9938,-0.1060,-24.6582,0.6104,-36.9263,t004,FIJTB
2529159187,2153355,2,tobillo,midstance,-0.0238,0.9972,-0.1240,-25.2686,0.7324,-39.1846,t004,FIJTB
2529159189,2153371,2,tobillo,midstance,-0.0419,0.9969,-0.1447,-25.0854,0.4883,-39.3677,t004,FIJTB
2529159190,2153387,2,tobillo,midstance,-0.0219,1.0027,-0.1479,-24.5361,0.7324,-39.6729,t004,FIJTB
2529159190,2153403,2,tobillo,midstance,-0.0002,1.0204,-0.1412,-23.2544,0.0610,-44.0674,t004,FIJTB
2529159243,2153419,2,tobillo,midstance,0.0192,1.0313,-0.1393,-22.7051,-0.5493,-46.2646,t004,FIJTB
2529159243,2153435,2,tobillo,midstance,0.0149,1.0428,-0.1398,-23.1323,-3.1128,-49.9268,t004,FIJTB
2529159244,2153451,2,tobillo,midstance,-0.0054,1.0725,-0.1564,-23.9868,-4.4556,-52.5513,t004,FIJTB
2529159295,2153467,2,tobillo,midstance,0.0040,1.0630,-0.1654,-28.1982,-5.3101,-60.4248,t004,FIJTB
2529159297,2153483,2,tobillo,midstance,0.0143,1.0835,-0.1615,-33.6914,-3.6011,-66.3452,t004,FIJTB
2529159297,2153499,2,tobillo,midstance,0.0533,1.1071,-0.1539,-36.3159,-2.9297,-70.6177,t004,FIJTB
2529159350,2153515,2,tobillo,midstance,0.0386,1.1223,-0.1652,-41.1377,-4.2114,-78.7354,t004,FIJTB
2529159350,2153531,2,tobillo,midstance,0.0328,1.1392,-0.1621,-41.0156,-6.4697,-82.2143,t004,FIJTB
2529159351,2153547,2,tobillo,midstance,0.1047,1.1133,-0.1476,-39.6118,-7.3242,-87.7685,t004,FIJTB
2529159351,2153563,2,tobillo,midstance,0.1381,1.0985,-0.1354,-42.1753,-13.0615,-95.7642,t004,FIJTB
2529159400,2153579,2,tobillo,midstance,0.1455,1.1335,-0.1373,-44.4946,-18.6157,-96.3745,t004,FIJTB
2529159401,2153595,2,tobillo,terminal,0.0964,1.2017,-0.1467,-46.1426,-34.1797,-97.2290,t004,FIJTB
2529159401,2153611,2,tobillo,terminal,0.0426,1.2305,-0.1416,-48.3398,-53.8330,-98.6328,t004,FIJTB
2529159458,2153627,2,tobillo,terminal,-0.0109,1.2113,-0.0750,-51.5137,-63.7207,-99.5483,t004,FIJTB
2529159459,2153643,2,tobillo,terminal,0.0194,1.1125,-0.0521,-54.1992,-83.4961,-118.0420,t004,FIJTB
2529159459,2153659,2,tobillo,terminal,0.0730,1.0773,-0.0599,-54.1382,-96.9238,-140.0146,t004,FIJTB
2529159509,2153676,2,tobillo,terminal,0.1851,1.0690,-0.1761,-57.0068,-97.9004,-142.8223,t004,FIJTB
2529159511,2153692,2,tobillo,terminal,0.1934,1.0903,-0.2399,-68.1152,-90.3320,-144.6533,t004,FIJTB
2529159511,2153708,2,tobillo,terminal,0.2036,1.1210,-0.2062,-69.4580,-81.8481,-148.9868,t004,FIJTB
2529159512,2153724,2,tobillo,terminal,0.4161,1.1262,-0.4675,-64.5142,-73.4253,-148.0103,t004,FIJTB
2529159564,2153740,2,tobillo,terminal,0.5651,1.1525,-0.5249,-58.3496,-71.8384,-111.9385,t004,FIJTB
2529159564,2153756,2,tobillo,terminal,0.4844,1.0475,-0.5320,-56.2134,-77.8198,-88.4399,t004,FIJTB
2529159564,2153772,2,tobillo,terminal,0.1326,0.8590,-0.4496,-60.1807,-103.0884,-48.3398,t004,FIJTB
2529159612,2153788,2,tobillo,terminal,0.0360,0.7175,-0.2927,-45.5322,-108.5205,-29.8462,t004,FIJTB
2529159614,2153804,2,tobillo,terminal,-0.2991,0.4945,-0.1617,-27.8931,-102.8442,-16.9678,t004,FIJTB
2529159615,2153820,2,tobillo,terminal,-0.5103,0.5188,-0.0463,-8.1177,-87.7075,54.5654,t004,FIJTB
2529159667,2153836,2,tobillo,terminal,-0.6742,0.5537,0.2653,4.6997,-80.3833,91.9189,t004,FIJTB
2529159668,2153852,2,tobillo,terminal,-0.3519,0.3710,0.2909,35.7666,-45.0439,125.9155,t004,FIJTB
2529159669,2153868,2,tobillo,terminal,-0.1803,0.4082,0.2986,49.4995,8.1787,136.7187,t004,FIJTB
2529159669,2153883,2,tobillo,terminal,-0.0997,0.6969,0.3337,52.3071,23.9258,163.2690,t004,FIJTB
2529159717,2153899,2,tobillo,terminal,-0.1482,0.7920,0.3258,68.7256,37.1704,220.0317,t004,FIJTB
2529159718,2153915,2,tobillo,terminal,-0.3778,0.6722,0.2256,79.8950,44.0063,226.6846,t004,FIJTB
2529159719,2153931,2,tobillo,terminal,-0.3459,0.7994,0.1368,85.9375,68.8477,221.7407,t004,FIJTB
2529159771,2153947,2,tobillo,terminal,-0.1726,0.9703,0.0930,87.9517,94.3603,234.3139,t004,FIJTB
2529159771,2153962,2,tobillo,terminal,-0.0491,1.1918,-0.0244,90.5151,96.8018,239.9902,t004,FIJTB
2529159772,2153978,2,tobillo,terminal,-0.0594,1.3051,-0.1042,91.6138,79.7119,236.5112,t004,FIJTB
2529159820,2153994,2,tobillo,terminal,0.0182,1.4948,-0.2294,98.3887,51.4526,224.4263,t004,FIJTB
2529159821,2154010,2,tobillo,terminal,0.1345,1.6277,-0.3936,95.8252,37.7808,219.9097,t004,FIJTB
2529159821,2154026,2,tobillo,terminal,0.2107,1.6924,-0.4633,85.2661,19.1650,216.1255,t004,FIJTB
2529159875,2154041,2,tobillo,terminal,0.1659,1.6421,-0.5055,83.3740,9.8877,215.6982,t004,FIJTB
2529159875,2154057,2,tobillo,terminal,0.1477,1.5801,-0.4867,69.0308,-4.0283,205.8105,t004,FIJTB
2529159876,2154073,2,tobillo,terminal,0.1927,1.4266,-0.4067,46.5698,-12.3291,194.8242,t004,FIJTB
2529159876,2154089,2,tobillo,terminal,0.1600,1.3094,-0.3396,34.1187,-16.4795,194.3970,t004,FIJTB
2529159924,2154104,2,tobillo,terminal,0.1479,1.2811,-0.3025,15.8691,-16.4185,195.6177,t004,FIJTB
2529159925,2154120,2,tobillo,terminal,0.1299,1.2925,-0.1554,12.5732,-13.1836,194.3359,t004,FIJTB
2529159925,2154136,2,tobillo,swing,0.0885,1.3015,-0.0748,13.0005,-8.8501,186.7065,t004,FIJTB
2529159980,2154152,2,tobillo,swing,0.0840,1.2902,0.0494,20.9961,1.0376,166.5039,t004,FIJTB
2529159981,2154168,2,tobillo,swing,0.2163,1.2977,0.0449,29.1748,8.7891,155.8838,t004,FIJTB
2529159981,2154184,2,tobillo,swing,0.2043,1.2557,0.0129,43.5181,22.1558,141.2964,t004,FIJTB
2529160006,2154199,2,tobillo,swing,0.1749,1.0963,-0.1084,45.4102,25.6958,132.2632,t004,FIJTB
2529160033,2154215,2,tobillo,swing,0.3083,1.0189,-0.2057,38.4521,25.1465,109.2529,t004,FIJTB
2529160034,2154231,2,tobillo,swing,0.3140,0.9716,-0.1908,23.3154,15.4419,96.6186,t004,FIJTB
2529160035,2154247,2,tobillo,swing,0.2900,0.9453,-0.1583,13.7939,13.4888,87.1582,t004,FIJTB
2529160087,2154262,2,tobillo,swing,0.3342,0.9779,-0.1866,-2.0142,30.8228,57.0068,t004,FIJTB
2529160087,2154278,2,tobillo,swing,0.3671,0.9351,-0.2397,-7.7515,45.6543,41.5039,t004,FIJTB
2529160088,2154294,2,tobillo,swing,0.4547,0.8931,-0.2034,-20.8130,65.0024,0.5493,t004,FIJTB
2529160139,2154310,2,tobillo,swing,0.5057,0.9104,-0.1865,-38.1470,62.9272,-47.7295,t004,FIJTB
2529160140,2154326,2,tobillo,swing,-0.1586,1.1157,0.0515,-49.2554,57.6782,-59.9976,t004,FIJTB
2529160140,2154342,2,tobillo,swing,-0.5820,1.2583,0.4182,-12.4512,52.1240,-49.2554,t004,FIJTB
2529160194,2154358,2,tobillo,swing,-1.2269,0.6561,0.4829,13.2446,26.3672,-61.3403,t004,FIJTB
2529160194,2154374,2,tobillo,swing,-0.4972,1.0500,0.5046,-6.2866,-29.9683,-130.4321,t004,FIJTB
2529160195,2154390,2,tobillo,swing,-0.1658,1.5391,0.1512,-64.6362,-9.8267,-127.2583,t004,FIJTB
2529160244,2154406,2,tobillo,swing,-0.0275,1.4833,-0.0616,-76.4771,-5.4321,-91.4307,t004,FIJTB
2529160244,2154422,2,tobillo,swing,-0.2964,1.0983,-0.0621,-66.5894,-3.1128,-77.2095,t004,FIJTB
2529160246,2154438,2,tobillo,swing,-0.4713,0.9259,-0.0554,-70.4346,31.1279,-87.5244,t004,FIJTB
2529160246,2154454,2,tobillo,swing,-0.3845,0.9265,-0.1989,-51.7578,42.2974,-83.4351,t004,FIJTB
2529160300,2154470,2,tobillo,swing,-0.3217,0.9869,-0.2946,-9.7046,44.6777,-74.4629,t004,FIJTB
2529160300,2154486,2,tobillo,swing,-0.1705,1.0072,-0.1219,-0.6104,40.7715,-72.2656,t004,FIJTB
2529160301,2154502,2,tobillo,swing,-0.0919,0.9506,0.0771,6.9580,20.3247,-56.5796,t004,FIJTB
2529160352,2154518,2,tobillo,swing,-0.1044,0.9562,0.0837,-6.4087,-3.9062,-32.4707,t004,FIJTB
2529160354,2154534,2,tobillo,swing,-0.2434,0.9263,0.0394,-10.2539,-10.9253,-21.5454,t004,FIJTB
2529160354,2154550,2,tobillo,swing,-0.2944,0.9458,0.0127,-11.5356,-9.8267,-14.2822,t004,FIJTB
2529160373,2154566,2,tobillo,swing,-0.3370,0.9768,0.0201,-15.0757,5.4321,-17.0288,t004,FIJTB
2529160408,2154582,2,tobillo,swing,-0.2787,0.9684,-0.0046,-10.9253,10.5591,-19.8364,t004,FIJTB
2529160408,2154598,2,tobillo,swing,-0.2294,0.9757,-0.0234,-4.9438,6.5308,-17.8223,t004,FIJTB
2529160409,2154614,2,tobillo,loading,-0.3025,0.9139,-0.0038,-8.7280,-1.5869,-13.7939,t004,FIJTB
2529160460,2154631,2,tobillo,loading,-0.3186,0.9205,0.0204,-12.3901,-12.2070,-10.0098,t004,FIJTB
2529160460,2154647,2,tobillo,loading,-0.2914,0.9359,0.0275,-7.2021,-8.0566,-13.1226,t004,FIJTB
2529160461,2154663,2,tobillo,loading,-0.2664,0.9513,0.0310,-6.5308,-5.4321,-15.3198,t004,FIJTB
2529160465,2154679,2,tobillo,loading,-0.3186,0.9169,0.0074,-12.2070,-9.2773,-19.0430,t004,FIJTB
2529160520,2154695,2,tobillo,loading,-0.2942,0.9323,-0.0154,-13.1226,-19.2871,-21.8506,t004,FIJTB
2529160520,2154711,2,tobillo,loading,-0.3484,0.9135,-0.0232,-12.2681,-22.0947,-21.9116,t004,FIJTB
2529160520,2154727,2,tobillo,loading,-0.3685,0.9226,-0.0142,-12.3901,-13.1226,-25.8789,t004,FIJTB
2529160572,2154743,2,tobillo,loading,-0.3054,0.9312,-0.0153,-13.2446,-6.1646,-29.6020,t004,FIJTB
2529160573,2154760,2,tobillo,loading,-0.1361,0.9956,0.0072,-10.4370,-3.2349,-29.2969,t004,FIJTB
2529160574,2154776,2,tobillo,loading,-0.1193,1.0024,0.0098,-9.4604,-12.5122,-25.9399,t004,FIJTB
2529160629,2154792,2,tobillo,loading,-0.1919,0.9602,-0.0171,-13.9770,-16.7236,-22.3389,t004,FIJTB
2529160630,2154808,2,tobillo,loading,-0.1672,0.9642,-0.0209,-20.0195,-15.5029,-15.5640,t004,FIJTB
2529160631,2154824,2,tobillo,loading,-0.1703,0.9746,-0.0262,-17.8833,-13.2446,-12.8784,t004,FIJTB
2529160631,2154840,2,tobillo,loading,-0.2169,0.9697,-0.0326,-16.6016,-13.1836,-13.5498,t004,FIJTB
2529160681,2154856,2,tobillo,loading,-0.2245,0.9659,-0.0444,-16.5405,-14.3433,-15.8081,t004,FIJTB
2529160681,2154872,2,tobillo,loading,-0.2246,0.9718,-0.0463,-12.5732,-15.6250,-19.7144,t004,FIJTB
2529160683,2154888,2,tobillo,loading,-0.2328,0.9600,-0.0427,-8.5449,-11.2305,-25.5737,t004,FIJTB
2529160737,2154905,2,tobillo,loading,-0.2263,0.9458,-0.0403,-4.3335,-5.0049,-33.7524,t004,FIJTB
2529160738,2154921,2,tobillo,loading,-0.1722,0.9504,-0.0396,-5.1880,-5.9204,-35.1563,t004,FIJTB
2529160738,2154937,2,tobillo,loading,-0.1752,0.9551,-0.0502,-12.4512,-8.6060,-35.2173,t004,FIJTB
2529160789,2154953,2,tobillo,loading,-0.1937,0.9557,-0.0527,-18.0054,-9.2163,-35.7666,t004,FIJTB
2529160790,2154969,2,tobillo,loading,-0.1831,0.9539,-0.0465,-18.9819,-7.9956,-37.6587,t004,FIJTB
2529160790,2154985,2,tobillo,loading,-0.1923,0.9924,-0.0197,-23.8037,-3.2349,-41.8701,t004,FIJTB
2529160790,2155001,2,tobillo,loading,-0.1826,0.9819,-0.0321,-24.2920,3.2959,-47.9736,t004,FIJTB
2529160843,2155017,2,tobillo,loading,-0.1080,1.0251,-0.0920,-25.6348,5.9814,-51.2085,t004,FIJTB
2529160843,2155033,2,tobillo,loading,-0.0906,1.0168,-0.1099,-25.6958,7.0190,-56.3965,t004,FIJTB
2529160843,2155049,2,tobillo,loading,-0.0515,0.9878,-0.1134,-24.2310,5.3711,-56.2134,t004,FIJTB
2529160894,2155065,2,tobillo,loading,-0.0072,0.9955,-0.0959,-21.8506,0.4883,-54.0771,t004,FIJTB
2529160895,2155082,2,tobillo,loading,-0.0293,0.9911,-0.1073,-22.0337,-2.9907,-53.4668,t004,FIJTB
2529160895,2155098,2,tobillo,loading,-0.0488,0.9821,-0.1243,-21.7895,-4.2114,-54.0771,t004,FIJTB
2529160948,2155114,2,tobillo,loading,-0.0400,0.9814,-0.1472,-21.6064,-4.8218,-56.5796,t004,FIJTB
2529160949,2155130,2,tobillo,loading,-0.0400,0.9885,-0.1503,-22.3389,-3.8452,-55.9692,t004,FIJTB
2529160950,2155146,2,tobillo,loading,-0.0231,1.0040,-0.1401,-23.4985,-3.8452,-56.3965,t004,FIJTB
2529160950,2155162,2,tobillo,loading,-0.0299,1.0298,-0.1294,-26.5503,-5.4932,-59.7534,t004,FIJTB
2529160999,2155179,2,tobillo,loading,-0.0291,1.0438,-0.1295,-27.7100,-5.5542,-65.3076,t004,FIJTB
2529160999,2155195,2,tobillo,midstance,-0.0028,1.0629,-0.1390,-27.9541,-5.2490,-67.4438,t004,FIJTB
2529161000,2155211,2,tobillo,midstance,-0.0022,1.0811,-0.1337,-27.7100,-5.1270,-73.4863,t004,FIJTB
2529161056,2155227,2,tobillo,midstance,0.0188,1.1055,-0.1310,-26.2451,-3.7231,-83.0078,t004,FIJTB
2529161056,2155243,2,tobillo,midstance,0.0251,1.1173,-0.1332,-27.0996,-1.9531,-87.3413,t004,FIJTB
2529161057,2155259,2,tobillo,midstance,0.0496,1.1212,-0.1346,-32.6538,4.4556,-93.6279,t004,FIJTB
2529161106,2155275,2,tobillo,midstance,0.0997,1.1075,-0.1549,-35.8887,6.5308,-97.7173,t004,FIJTB
2529161109,2155291,2,tobillo,midstance,0.1366,1.1230,-0.1271,-39.7339,1.0986,-105.2856,t004,FIJTB
2529161110,2155307,2,tobillo,midstance,0.1636,1.1449,-0.0848,-40.7104,-11.2915,-105.7739,t004,FIJTB
2529161110,2155323,2,tobillo,midstance,0.1637,1.1724,-0.0479,-42.6636,-17.7612,-108.3374,t004,FIJTB
2529161162,2155340,2,tobillo,midstance,0.1481,1.2118,0.0039,-50.5371,-38.8794,-120.2393,t004,FIJTB
2529161162,2155356,2,tobillo,midstance,0.1636,1.2325,0.0581,-61.7065,-71.2891,-134.5215,t004,FIJTB
2529161162,2155372,2,tobillo,midstance,0.2393,1.3165,0.1887,-66.0400,-90.5151,-140.5029,t004,FIJTB
2529161210,2155388,2,tobillo,midstance,0.2754,1.3673,0.2356,-63.1103,-125.1831,-146.1182,t004,FIJTB
2529161213,2155403,2,tobillo,midstance,0.1656,1.3135,0.1079,-55.2978,-131.7749,-155.0903,t004,FIJTB
2529161213,2155419,2,tobillo,midstance,-0.1173,1.2581,-0.2083,-53.1616,-99.9145,-171.7529,t004,FIJTB
2529161263,2155435,2,tobillo,midstance,-0.2046,1.2511,-0.1663,-76.4160,-29.7852,-130.6152,t004,FIJTB
2529161264,2155451,2,tobillo,midstance,0.3779,1.1597,-0.1982,-63.5376,-3.0518,-109.1919,t004,FIJTB
2529161264,2155467,2,tobillo,midstance,0.6460,1.0724,-0.5369,-40.4053,-14.9536,-106.8726,t004,FIJTB
2529161312,2155484,2,tobillo,midstance,0.4291,1.2068,-0.7587,-50.8423,-79.4067,-51.3916,t004,FIJTB
2529161314,2155500,2,tobillo,midstance,-0.4546,0.7449,-0.3208,-34.9121,-75.9888,-30.8838,t004,FIJTB
2529161315,2155516,2,tobillo,midstance,-0.7007,0.2878,-0.2546,15.3198,1.0986,-31.3721,t004,FIJTB
2529161349,2155531,2,tobillo,midstance,-0.5634,0.4349,0.0094,10.1929,23.0713,4.9438,t004,FIJTB
2529161367,2155547,2,tobillo,midstance,-0.2750,0.5823,0.0815,0.6714,-3.1128,88.6841,t004,FIJTB
2529161367,2155563,2,tobillo,midstance,-0.2002,0.4735,-0.0088,41.2598,-27.1606,99.7925,t004,FIJTB
2529161368,2155579,2,tobillo,midstance,-0.2831,0.4463,-0.0688,60.2417,-26.0010,108.6426,t004,FIJTB
2529161416,2155595,2,tobillo,midstance,-0.3630,0.4614,0.0179,75.1343,-19.3481,149.5972,t004,FIJTB
2529161417,2155611,2,tobillo,midstance,-0.2810,0.5369,0.1956,80.3833,-19.4702,168.2129,t004,FIJTB
2529161418,2155627,2,tobillo,midstance,-0.1143,0.8461,0.1733,92.8955,-16.5405,197.9980,t004,FIJTB
2529161470,2155642,2,tobillo,midstance,-0.2156,0.8253,0.1465,109.2529,-9.6436,218.4448,t004,FIJTB
2529161470,2155658,2,tobillo,midstance,-0.3594,0.7952,0.1169,111.2671,0.2441,221.9238,t004,FIJTB
2529161471,2155674,2,tobillo,midstance,-0.2524,0.9615,0.0818,96.9238,39.4287,233.8257,t004,FIJTB
2529161519,2155690,2,tobillo,midstance,-0.0281,1.3058,-0.0619,89.9658,56.7627,243.1030,t004,FIJTB
2529161519,2155706,2,tobillo,terminal,-0.0786,1.4846,-0.1748,80.8105,72.9980,248.2910,t004,FIJTB
2529161520,2155722,2,tobillo,terminal,-0.0444,1.5481,-0.2289,73.0591,77.3315,230.5908,t004,FIJTB
2529161524,2155737,2,tobillo,terminal,0.2433,1.7600,-0.4059,68.6646,75.1343,218.5058,t004,FIJTB
2529161578,2155753,2,tobillo,terminal,0.3580,1.8071,-0.4801,66.7725,66.2231,214.6606,t004,FIJTB
2529161579,2155769,2,tobillo,terminal,0.2930,1.6830,-0.4890,65.9790,59.5093,216.8579,t004,FIJTB
2529161579,2155785,2,tobillo,terminal,0.3437,1.5349,-0.4761,54.7485,48.4619,202.7588,t004,FIJTB
2529161629,2155801,2,tobillo,terminal,0.3308,1.4355,-0.4515,39.4897,43.5791,190.6128,t004,FIJTB
2529161630,2155817,2,tobillo,terminal,0.1859,1.2703,-0.3535,32.1045,41.0767,188.5986,t004,FIJTB
2529161631,2155832,2,tobillo,terminal,0.1439,1.2202,-0.3030,22.5220,34.6680,180.4809,t004,FIJTB
2529161668,2155848,2,tobillo,terminal,0.1201,1.1868,-0.2175,19.4702,28.4424,174.4385,t004,FIJTB
2529161686,2155864,2,tobillo,terminal,0.1715,1.2098,-0.0887,17.1509,11.9019,155.0293,t004,FIJTB
2529161687,2155880,2,tobillo,terminal,0.2284,1.2306,-0.0361,20.9961,-1.7700,127.8686,t004,FIJTB
2529161687,2155896,2,tobillo,terminal,0.2765,1.2281,0.0176,25.6958,-4.2114,117.0044,t004,FIJTB
2529161737,2155911,2,tobillo,terminal,0.2499,1.1827,0.0093,35.6445,-2.7466,95.5810,t004,FIJTB
2529161739,2155927,2,tobillo,terminal,0.2662,1.0792,-0.0714,38.8184,9.4604,77.6367,t004,FIJTB
2529161739,2155943,2,tobillo,terminal,0.2000,0.8988,-0.1216,35.3394,14.2212,73.6084,t004,FIJTB
2529161793,2155959,2,tobillo,terminal,0.1703,0.8734,-0.1353,15.7471,19.6533,64.3921,t004,FIJTB
2529161793,2155975,2,tobillo,terminal,0.1566,0.9270,-0.1605,5.9204,24.3530,57.8003,t004,FIJTB
2529161793,2155990,2,tobillo,terminal,0.1418,0.9371,-0.1741,-8.2397,36.0107,38.9404,t004,FIJTB
2529161793,2156006,2,tobillo,terminal,0.1624,0.9546,-0.2300,-20.6299,43.7622,14.2822,t004,FIJTB
2529161843,2156022,2,tobillo,terminal,0.2339,0.9469,-0.2734,-25.4517,45.4712,2.9907,t004,FIJTB
2529161844,2156038,2,tobillo,swing,0.1763,0.9414,-0.2655,-35.5835,43.8843,-18.4937,t004,FIJTB
2529161844,2156054,2,tobillo,swing,0.0356,1.0442,-0.2090,-37.6587,47.4853,-21.2402,t004,FIJTB
2529161902,2156070,2,tobillo,swing,-0.2941,0.9467,0.2446,-8.0566,60.1196,-31.9214,t004,FIJTB
2529161903,2156085,2,tobillo,swing,-0.8406,0.8020,0.4188,-14.2822,9.7046,-52.8564,t004,FIJTB
2529161903,2156102,2,tobillo,swing,-1.0270,1.1719,0.4714,-30.9448,-12.5732,-69.7021,t004,FIJTB
2529161903,2156117,2,tobillo,swing,-0.4546,1.4803,0.3300,-53.2837,17.1509,-116.2109,t004,FIJTB
2529161954,2156133,2,tobillo,swing,-0.0715,1.2317,0.0319,-67.6270,34.0576,-117.9199,t004,FIJTB
2529161956,2156149,2,tobillo,swing,-0.4331,0.8466,0.1603,-73.8525,48.8281,-96.4966,t004,FIJTB
2529161957,2156165,2,tobillo,swing,-0.3582,0.8638,0.0767,-33.6914,62.5000,-103.1494,t004,FIJTB
2529162011,2156181,2,tobillo,swing,-0.0712,0.9961,-0.1671,-22.2778,57.9224,-97.3511,t004,FIJTB
2529162011,2156197,2,tobillo,swing,-0.1549,1.0043,-0.1427,-33.1421,23.9258,-60.6079,t004,FIJTB
2529162011,2156213,2,tobillo,swing,-0.3064,1.0172,-0.0967,-30.0293,12.6343,-60.0586,t004,FIJTB
2529162061,2156230,2,tobillo,swing,-0.1321,0.9668,0.0056,-26.5503,10.5591,-62.0728,t004,FIJTB
2529162064,2156246,2,tobillo,swing,-0.0726,1.0032,-0.0098,-28.3203,-4.5166,-45.7764,t004,FIJTB
2529162064,2156262,2,tobillo,swing,-0.1348,0.9957,-0.0126,-24.2920,-14.0991,-34.7900,t004,FIJTB
2529162064,2156278,2,tobillo,swing,-0.3435,0.9193,0.0443,-22.0337,-25.3906,-20.9961,t004,FIJTB
2529162118,2156294,2,tobillo,swing,-0.3448,0.9487,0.0338,-33.9966,-12.8174,-18.0664,t004,FIJTB
2529162119,2156310,2,tobillo,swing,-0.3052,0.9382,-0.0566,-34.3628,-5.2490,-17.8833,t004,FIJTB
2529162119,2156326,2,tobillo,swing,-0.3004,0.9619,-0.1189,-24.9023,-2.8687,-20.5078,t004,FIJTB
2529162171,2156342,2,tobillo,swing,-0.2802,0.9629,-0.0748,-17.7002,-6.4087,-19.7754,t004,FIJTB
2529162171,2156358,2,tobillo,swing,-0.1421,1.0051,0.0298,-10.8032,-10.0708,-21.0571,t004,FIJTB
2529162172,2156375,2,tobillo,swing,-0.1826,0.9708,0.0194,-9.7046,-16.8457,-18.5547,t004,FIJTB
2529162225,2156391,2,tobillo,swing,-0.2507,0.9528,0.0013,-11.8408,-14.8926,-17.9443,t004,FIJTB
2529162226,2156407,2,tobillo,swing,-0.2341,0.9698,-0.0331,-12.0850,-12.8174,-19.5923,t004,FIJTB
2529162226,2156423,2,tobillo,swing,-0.2249,0.9502,-0.0342,-10.8643,-11.2305,-19.1040,t004,FIJTB
2529162226,2156439,2,tobillo,swing,-0.1844,0.9684,-0.0093,-11.1694,-12.2070,-18.6157,t004,FIJTB
2529162275,2156455,2,tobillo,swing,-0.1810,0.9747,-0.0190,-12.8174,-13.3057,-18.0664,t004,FIJTB
2529162277,2156471,2,tobillo,swing,-0.1785,0.9686,-0.0316,-10.8032,-14.6484,-17.2729,t004,FIJTB
2529162278,2156488,2,tobillo,swing,-0.1869,0.9706,-0.0479,-8.5449,-16.4185,-17.3950,t004,FIJTB
2529162331,2156504,2,tobillo,swing,-0.2053,0.9514,-0.0361,-11.4136,-17.3340,-17.2729,t004,FIJTB
2529162331,2156520,2,tobillo,swing,-0.2017,0.9525,-0.0535,-14.4653,-18.0054,-17.5171,t004,FIJTB
2529162331,2156536,2,tobillo,swing,-0.1693,0.9850,-0.0490,-13.7329,-20.5688,-17.3340,t004,FIJTB
2529162381,2156552,2,tobillo,swing,-0.1949,0.9967,-0.0544,-6.8970,-15.1367,-24.6582,t004,FIJTB
2529162383,2156568,2,tobillo,swing,-0.1803,0.9519,-0.0773,-4.5776,-13.2446,-28.5034,t004,FIJTB
2529162384,2156584,2,tobillo,swing,-0.2012,0.9430,-0.0498,-8.9111,-18.3716,-26.1841,t004,FIJTB
2529162437,2156600,2,tobillo,swing,-0.1948,0.9474,-0.0333,-16.8457,-13.9160,-26.7334,t004,FIJTB
2529162438,2156616,2,tobillo,swing,-0.1456,0.9576,-0.0129,-19.8364,-9.1553,-27.9541,t004,FIJTB
2529162438,2156632,2,tobillo,swing,-0.1786,0.9360,-0.0549,-21.6675,-1.4648,-29.8462,t004,FIJTB
2529162453,2156648,2,tobillo,swing,-0.1738,0.9380,-0.0530,-23.1934,2.5635,-32.8979,t004,FIJTB
2529162488,2156664,2,tobillo,swing,-0.1700,1.0046,-0.0916,-24.3530,3.6011,-34.4238,t004,FIJTB
2529162490,2156680,2,tobillo,swing,-0.1921,1.0104,-0.1228,-22.3999,2.2583,-43.2739,t004,FIJTB
2529162491,2156696,2,tobillo,swing,-0.1594,1.0103,-0.1464,-21.8506,2.6855,-50.4150,t004,FIJTB
2529162543,2156712,2,tobillo,swing,-0.1117,0.9912,-0.1252,-20.3247,3.2349,-59.6313,t004,FIJTB
2529162544,2156728,2,tobillo,swing,-0.0753,0.9904,-0.1187,-20.5688,1.7700,-62.4390,t004,FIJTB
2529162544,2156744,2,tobillo,swing,-0.0209,1.0071,-0.1155,-22.5220,0.4883,-61.0962,t004,FIJTB
2529162592,2156760,2,tobillo,swing,-0.0236,0.9988,-0.1337,-26.0620,-0.0610,-59.0210,t004,FIJTB
2529162593,2156776,2,tobillo,loading,0.0129,1.0032,-0.1219,-25.5127,-3.1128,-53.5278,t004,FIJTB
2529162593,2156792,2,tobillo,loading,0.0219,0.9935,-0.1195,-26.3672,-5.9204,-49.9268,t004,FIJTB
2529162595,2156808,2,tobillo,loading,-0.0004,0.9928,-0.1173,-30.5176,-9.2773,-46.2646,t004,FIJTB
2529162650,2156825,2,tobillo,loading,-0.0187,1.0135,-0.1222,-31.5552,-8.3008,-46.3867,t004,FIJTB
2529162651,2156841,2,tobillo,loading,0.0156,0.9921,-0.1613,-29.1138,-2.8687,-49.3164,t004,FIJTB
2529162651,2156857,2,tobillo,loading,0.0309,0.9803,-0.1632,-26.3062,0.9766,-51.0864,t004,FIJTB
2529162701,2156873,2,tobillo,loading,0.0486,0.9802,-0.1555,-26.2451,1.7700,-50.8423,t004,FIJTB
2529162701,2156889,2,tobillo,loading,0.0376,0.9822,-0.1935,-27.1606,3.1738,-51.6357,t004,FIJTB
2529162703,2156904,2,tobillo,loading,0.0437,0.9871,-0.2043,-26.4893,5.8594,-55.1147,t004,FIJTB
2529162756,2156920,2,tobillo,loading,0.0812,1.0039,-0.1938,-25.6958,6.9580,-56.8848,t004,FIJTB
2529162756,2156936,2,tobillo,loading,0.0913,1.0289,-0.1776,-23.9258,7.5073,-60.6079,t004,FIJTB
2529162757,2156952,2,tobillo,loading,0.0906,1.0658,-0.1750,-22.6440,7.4463,-64.1479,t004,FIJTB
2529162757,2156968,2,tobillo,loading,0.0873,1.0957,-0.1680,-25.8179,7.2632,-71.5332,t004,FIJTB
2529162805,2156984,2,tobillo,loading,0.0980,1.1237,-0.1638,-27.2827,3.7842,-76.6602,t004,FIJTB
2529162806,2157000,2,tobillo,loading,0.1086,1.1224,-0.1654,-28.0151,0.9155,-78.9185,t004,FIJTB
2529162807,2157016,2,tobillo,loading,0.1117,1.1467,-0.1801,-32.2876,-7.6904,-85.3882,t004,FIJTB
2529162860,2157032,2,tobillo,loading,0.1144,1.1406,-0.1790,-38.0249,-18.8599,-92.0410,t004,FIJTB
2529162860,2157048,2,tobillo,loading,0.1315,1.1823,-0.1210,-41.5649,-26.7944,-93.9331,t004,FIJTB
2529162861,2157064,2,tobillo,loading,0.1262,1.2279,-0.0724,-48.2788,-47.1802,-94.7266,t004,FIJTB
2529162908,2157080,2,tobillo,loading,0.1067,1.2148,0.0234,-50.1709,-58.4106,-96.3745,t004,FIJTB
2529162909,2157096,2,tobillo,midstance,0.2281,1.1515,0.1788,-52.3071,-82.2754,-106.0791,t004,FIJTB
2529162909,2157112,2,tobillo,midstance,0.2974,1.1337,0.2366,-49.4995,-109.3750,-115.1123,t004,FIJTB
2529162922,2157128,2,tobillo,midstance,0.2339,1.1007,0.2083,-49.5605,-115.6616,-123.1689,t004,FIJTB
2529162965,2157145,2,tobillo,midstance,0.3281,1.1294,0.0577,-51.0864,-98.2666,-137.5732,t004,FIJTB
2529162965,2157161,2,tobillo,midstance,0.3953,1.1892,-0.0820,-52.2461,-64.8804,-137.5732,t004,FIJTB
2529162965,2157177,2,tobillo,midstance,0.3076,1.1949,-0.3585,-56.5186,-52.1240,-129.0894,t004,FIJTB
2529163014,2157193,2,tobillo,midstance,0.3722,1.1929,-0.3696,-54.9316,-25.8789,-113.9526,t004,FIJTB
2529163014,2157209,2,tobillo,midstance,0.4611,1.0031,-0.4253,-46.9360,-18.8599,-106.5063,t004,FIJTB
2529163017,2157225,2,tobillo,midstance,0.1750,0.9225,-0.5874,-48.8281,-40.9546,-66.8335,t004,FIJTB
2529163069,2157241,2,tobillo,midstance,0.0447,0.8954,-0.5747,-42.2974,-44.9829,-11.4746,t004,FIJTB
2529163069,2157257,2,tobillo,midstance,-0.3295,0.4281,-0.2052,-24.7803,-24.5972,-15.2588,t004,FIJTB
2529163070,2157273,2,tobillo,midstance,-0.3647,0.3794,-0.1848,7.0801,37.3535,-16.4185,t004,FIJTB
2529163117,2157289,2,tobillo,midstance,-0.2693,0.5978,-0.0760,-2.0752,52.7954,88.0737,t004,FIJTB
2529163120,2157305,2,tobillo,midstance,-0.2415,0.5967,-0.0016,1.8311,27.8931,115.5395,t004,FIJTB
2529163120,2157321,2,tobillo,midstance,-0.2095,0.4871,-0.0496,29.7241,-8.1787,108.3984,t004,FIJTB
2529163172,2157336,2,tobillo,midstance,-0.1764,0.4513,-0.1617,40.0391,-7.2632,108.3984,t004,FIJTB
2529163172,2157352,2,tobillo,midstance,-0.2731,0.5756,-0.1414,54.8706,-8.2397,158.1421,t004,FIJTB
2529163172,2157368,2,tobillo,midstance,-0.3003,0.6650,-0.0812,73.3032,-24.2310,208.9233,t004,FIJTB
2529163173,2157384,2,tobillo,midstance,-0.2588,0.7704,0.0580,89.0503,-33.5083,224.7925,t004,FIJTB
2529163222,2157400,2,tobillo,midstance,-0.2310,0.7834,0.0712,105.1025,-47.6685,230.6518,t004,FIJTB
2529163223,2157416,2,tobillo,midstance,-0.2192,1.0203,0.0916,101.5625,-51.5747,223.8159,t004,FIJTB
2529163224,2157432,2,tobillo,midstance,-0.0768,1.1174,0.0327,102.1728,-47.0581,219.2383,t004,FIJTB
2529163276,2157448,2,tobillo,midstance,0.0072,1.1805,-0.0358,92.9565,-30.7007,221.0083,t004,FIJTB
2529163277,2157464,2,tobillo,midstance,-0.0399,1.3362,-0.0854,85.5102,-25.4517,228.7598,t004,FIJTB
2529163277,2157480,2,tobillo,midstance,0.0184,1.4573,-0.0887,73.7305,-19.1040,226.1352,t004,FIJTB
2529163324,2157496,2,tobillo,midstance,0.1150,1.5424,-0.1417,64.2090,-12.6343,199.4018,t004,FIJTB
2529163325,2157512,2,tobillo,terminal,0.2316,1.6450,-0.2429,62.3169,-9.4604,195.3735,t004,FIJTB
2529163325,2157528,2,tobillo,terminal,0.1870,1.5902,-0.2223,59.6924,-5.6763,193.2373,t004,FIJTB
2529163330,2157544,2,tobillo,terminal,0.2209,1.4764,-0.1470,54.9316,-4.0894,183.1055,t004,FIJTB
2529163381,2157560,2,tobillo,terminal,0.2841,1.3804,-0.1111,44.7998,-0.9155,162.3535,t004,FIJTB
2529163382,2157576,2,tobillo,terminal,0.2427,1.3126,-0.0944,36.3159,2.9297,159.8511,t004,FIJTB
2529163382,2157591,2,tobillo,terminal,0.2164,1.2645,0.0099,33.9355,10.1929,160.0952,t004,FIJTB
2529163431,2157607,2,tobillo,terminal,0.1545,1.2327,0.0690,31.0669,29.8462,160.8887,t004,FIJTB
2529163432,2157623,2,tobillo,terminal,0.0204,1.1809,0.1200,27.7100,45.5322,157.3486,t004,FIJTB
2529163434,2157639,2,tobillo,terminal,0.0032,1.1996,0.0664,22.5830,88.6841,145.3857,t004,FIJTB
2529163486,2157654,2,tobillo,terminal,0.0410,1.2098,-0.0139,24.7192,121.0937,127.6245,t004,FIJTB
2529163487,2157670,2,tobillo,terminal,0.0974,1.1469,-0.1577,26.1230,131.1035,119.6289,t004,FIJTB
2529163487,2157686,2,tobillo,terminal,0.1300,1.1047,-0.2078,23.3154,138.3667,104.0649,t004,FIJTB
2529163487,2157702,2,tobillo,terminal,0.2573,1.0930,-0.2838,21.4233,134.5215,93.8721,t004,FIJTB
2529163536,2157718,2,tobillo,terminal,0.2272,1.0237,-0.3518,18.6768,110.5347,75.5615,t004,FIJTB
2529163537,2157733,2,tobillo,terminal,0.2405,1.0148,-0.3911,10.1318,78.5522,51.5137,t004,FIJTB
2529163537,2157749,2,tobillo,terminal,0.3236,0.9911,-0.4244,5.7373,63.3545,36.9263,t004,FIJTB
2529163589,2157765,2,tobillo,terminal,0.3309,0.9523,-0.4266,-4.6997,30.9448,5.8594,t004,FIJTB
2529163589,2157781,2,tobillo,terminal,0.2852,0.9126,-0.4049,-11.6577,15.7471,-10.1318,t004,FIJTB
2529163589,2157797,2,tobillo,terminal,0.1141,0.9209,-0.3217,-27.7710,-4.7607,-38.6353,t004,FIJTB
2529163639,2157813,2,tobillo,terminal,-0.0864,0.9347,-0.1740,-47.1802,-3.4180,-59.1431,t004,FIJTB
2529163640,2157829,2,tobillo,terminal,-0.5634,0.9702,0.4677,-44.4336,6.0425,-61.2183,t004,FIJTB
2529163640,2157845,2,tobillo,terminal,-0.8292,0.8060,0.4843,-6.5918,13.9770,-45.3491,t004,FIJTB
2529163692,2157861,2,tobillo,terminal,-0.7581,0.6527,0.2877,-30.3955,41.0767,-76.3550,t004,FIJTB
2529163693,2157877,2,tobillo,terminal,-0.4446,0.9974,0.2440,-56.0913,51.7578,-83.8623,t004,FIJTB
2529163693,2157893,2,tobillo,terminal,-0.2195,1.3951,0.2383,-74.2798,46.5698,-78.6133,t004,FIJTB
2529163723,2157909,2,tobillo,terminal,-0.0918,1.5421,0.1079,-59.1431,31.1890,-90.3931,t004,FIJTB
2529163740,2157925,2,tobillo,terminal,-0.3207,0.9474,-0.0148,-37.1704,24.7192,-100.3418,t004,FIJTB
2529163740,2157941,2,tobillo,swing,-0.3928,0.6925,-0.0653,-72.6929,54.0161,-61.7676,t004,FIJTB
2529163743,2157958,2,tobillo,swing,-0.1365,0.9440,-0.0714,-93.0176,57.0679,-48.2178,t004,FIJTB
2529163784,2157974,2,tobillo,swing,0.0038,1.2170,0.0078,-67.0166,16.8457,-36.2549,t004,FIJTB
2529163797,2157989,2,tobillo,swing,-0.0667,1.1497,-0.0742,-27.2217,-11.2915,-48.1567,t004,FIJTB
2529163797,2158006,2,tobillo,swing,-0.1931,0.9482,-0.0713,-24.1089,-14.8926,-43.7622,t004,FIJTB
2529163847,2158022,2,tobillo,swing,-0.2644,0.8969,-0.0396,-30.8228,-24.0478,-18.0664,t004,FIJTB
2529163849,2158038,2,tobillo,swing,-0.3029,0.9734,-0.0063,-33.6914,-23.0713,-13.2446,t004,FIJTB
2529163850,2158054,2,tobillo,swing,-0.3083,0.9569,-0.0190,-25.7568,-13.9160,-13.9770,t004,FIJTB
2529163903,2158070,2,tobillo,swing,-0.3199,0.9534,-0.0410,-18.6768,-13.3057,-17.7002,t004,FIJTB
2529163904,2158086,2,tobillo,swing,-0.2749,0.9497,-0.0508,-17.3950,-13.8550,-18.4326,t004,FIJTB
2529163904,2158102,2,tobillo,swing,-0.2260,0.9722,-0.0175,-16.2964,-15.3198,-15.8691,t004,FIJTB
2529163904,2158118,2,tobillo,swing,-0.2283,0.9727,-0.0127,-14.8315,-17.0898,-14.1602,t004,FIJTB
2529163953,2158134,2,tobillo,swing,-0.2380,0.9669,-0.0024,-13.4277,-15.8691,-14.2822,t004,FIJTB
2529163954,2158151,2,tobillo,swing,-0.2329,0.9423,-0.0010,-8.3008,-11.2305,-15.0146,t004,FIJTB
2529163954,2158167,2,tobillo,swing,-0.2045,0.9708,-0.0139,-12.5732,-10.4370,-13.8550,t004,FIJTB
2529164006,2158183,2,tobillo,swing,-0.2067,0.9635,-0.0186,-15.1367,-11.4136,-11.7798,t004,FIJTB
2529164006,2158199,2,tobillo,swing,-0.2322,0.9492,-0.0182,-14.6484,-13.4888,-9.7046,t004,FIJTB
2529164007,2158215,2,tobillo,swing,-0.2500,0.9476,-0.0309,-13.0615,-13.4277,-10.3760,t004,FIJTB
2529164056,2158231,2,tobillo,swing,-0.2284,0.9628,-0.0353,-14.4043,-13.6719,-12.8174,t004,FIJTB
2529164058,2158247,2,tobillo,swing,-0.2380,0.9523,-0.0331,-11.5967,-14.4653,-15.5029,t004,FIJTB
2529164058,2158263,2,tobillo,swing,-0.2292,0.9318,-0.0372,-9.3994,-13.3057,-18.1885,t004,FIJTB
2529164111,2158279,2,tobillo,swing,-0.2314,0.9791,-0.0538,-14.8315,-9.3994,-19.8364,t004,FIJTB
2529164111,2158295,2,tobillo,swing,-0.2052,0.9634,-0.0474,-13.5498,-10.2539,-24.5361,t004,FIJTB
2529164112,2158312,2,tobillo,swing,-0.2273,0.9640,-0.0310,-8.7280,-9.7656,-26.2451,t004,FIJTB
2529164160,2158328,2,tobillo,swing,-0.2118,0.9594,-0.0470,-2.0142,-1.3428,-36.8042,t004,FIJTB
2529164162,2158344,2,tobillo,swing,-0.1698,0.9548,-0.0568,-10.1318,-3.2959,-35.0952,t004,FIJTB
2529164163,2158360,2,tobillo,swing,-0.1921,0.9486,-0.0560,-11.7187,-5.5542,-33.1421,t004,FIJTB
2529164163,2158376,2,tobillo,swing,-0.1683,0.9625,-0.0553,-16.1133,-6.3477,-34.1187,t004,FIJTB
2529164214,2158393,2,tobillo,swing,-0.1669,0.9713,-0.0513,-19.1040,-5.4321,-34.3628,t004,FIJTB
2529164214,2158409,2,tobillo,swing,-0.1362,0.9921,-0.0688,-22.1558,-2.2583,-37.1704,t004,FIJTB
2529164215,2158425,2,tobillo,swing,-0.1326,1.0042,-0.0792,-23.0713,-2.8076,-39.8560,t004,FIJTB
2529164264,2158441,2,tobillo,loading,-0.1494,1.0046,-0.0813,-23.4375,-3.6011,-41.2598,t004,FIJTB
2529164264,2158457,2,tobillo,loading,-0.1224,0.9872,-0.0811,-24.4141,-2.6855,-46.4478,t004,FIJTB
2529164264,2158474,2,tobillo,loading,-0.0924,0.9900,-0.0758,-27.8931,-1.2207,-49.6216,t004,FIJTB
2529164321,2158490,2,tobillo,loading,-0.0848,0.9918,-0.0652,-29.4800,-0.2441,-50.4761,t004,FIJTB
2529164322,2158506,2,tobillo,loading,-0.0812,0.9827,-0.1125,-30.0293,1.0376,-50.7812,t004,FIJTB
2529164322,2158522,2,tobillo,loading,-0.0530,0.9877,-0.1166,-31.4941,2.1362,-54.5654,t004,FIJTB
2529164324,2158538,2,tobillo,loading,-0.0540,0.9806,-0.1592,-32.8369,2.3193,-54.9927,t004,FIJTB
2529164372,2158554,2,tobillo,loading,-0.0596,0.9742,-0.1747,-35.7666,-1.2207,-47.6074,t004,FIJTB
2529164373,2158570,2,tobillo,loading,-0.0140,0.9895,-0.1552,-37.1704,-2.1362,-46.8140,t004,FIJTB
2529164374,2158586,2,tobillo,loading,0.0420,0.9702,-0.1761,-38.5132,-0.6714,-49.3774,t004,FIJTB
2529164425,2158602,2,tobillo,loading,0.0732,0.9486,-0.1979,-35.7056,-1.4038,-45.5933,t004,FIJTB
2529164426,2158618,2,tobillo,loading,0.0873,0.9569,-0.1852,-33.3862,-2.2583,-40.3442,t004,FIJTB
2529164426,2158634,2,tobillo,loading,0.0446,0.9690,-0.1884,-28.5034,-2.7466,-32.4707,t004,FIJTB
2529164473,2158650,2,tobillo,loading,0.0341,0.9906,-0.1803,-25.0244,-0.0610,-34.3018,t004,FIJTB
2529164475,2158666,2,tobillo,loading,0.0120,1.0173,-0.2036,-23.2544,2.6855,-38.2080,t004,FIJTB
2529164475,2158682,2,tobillo,loading,0.0054,1.0209,-0.2242,-21.7895,3.8452,-46.3257,t004,FIJTB
2529164526,2158698,2,tobillo,loading,0.0349,1.0127,-0.2173,-22.7661,1.9531,-49.8047,t004,FIJTB
2529164526,2158714,2,tobillo,loading,0.0759,1.0609,-0.1637,-27.4048,-2.6855,-56.0303,t004,FIJTB
2529164527,2158730,2,tobillo,loading,0.0685,1.0923,-0.1608,-31.3110,-4.8828,-63.4766,t004,FIJTB
2529164574,2158746,2,tobillo,loading,0.0396,1.1138,-0.1786,-33.8135,-5.2490,-67.6270,t004,FIJTB
2529164576,2158762,2,tobillo,loading,0.0553,1.1316,-0.1716,-38.3911,-9.5215,-76.3550,t004,FIJTB
2529164577,2158778,2,tobillo,loading,0.1311,1.1691,-0.1349,-39.9780,-18.6768,-80.2002,t004,FIJTB
2529164620,2158794,2,tobillo,loading,0.0732,1.1632,-0.1338,-41.8091,-24.2920,-84.5337,t004,FIJTB
2529164628,2158810,2,tobillo,loading,0.0410,1.1754,-0.1301,-46.6309,-34.5459,-94.3603,t004,FIJTB
2529164629,2158826,2,tobillo,loading,0.0140,1.1936,-0.0981,-49.0112,-38.7573,-97.9004,t004,FIJTB
2529164629,2158843,2,tobillo,loading,0.0203,1.2697,-0.0592,-50.6592,-53.1616,-102.4170,t004,FIJTB
2529164677,2158859,2,tobillo,loading,0.0165,1.2919,-0.0264,-49.1333,-80.0781,-111.6333,t004,FIJTB
2529164679,2158875,2,tobillo,loading,0.0027,1.2045,0.0542,-47.4243,-95.5810,-123.1689,t004,FIJTB
2529164679,2158891,2,tobillo,loading,0.0698,1.1776,-0.0227,-50.1709,-114.0747,-149.6582,t004,FIJTB
2529164726,2158907,2,tobillo,loading,0.0834,1.2196,-0.0964,-63.5986,-87.7685,-158.9966,t004,FIJTB
2529164727,2158923,2,tobillo,loading,0.1359,1.2109,-0.1417,-67.3218,-64.1479,-160.2783,t004,FIJTB
2529164727,2158939,2,tobillo,loading,0.2903,1.2230,-0.2468,-65.9790,-32.2266,-173.0957,t004,FIJTB
2529164772,2158955,2,tobillo,loading,0.3687,1.3184,-0.3859,-70.3735,-30.7007,-143.7988,t004,FIJTB
2529164775,2158972,2,tobillo,loading,0.5192,1.2523,-0.3695,-61.9507,-35.6445,-120.1172,t004,FIJTB
2529164775,2158988,2,tobillo,loading,0.4875,1.1464,-0.4054,-45.6543,-58.8379,-77.6978,t004,FIJTB
2529164826,2159004,2,tobillo,loading,0.0718,0.9805,-0.4071,-45.2270,-68.4204,-50.7812,t004,FIJTB
2529164826,2159020,2,tobillo,loading,-0.3391,0.4354,-0.2943,-26.6724,-63.4766,-16.9678,t004,FIJTB
2529164826,2159036,2,tobillo,loading,-0.3199,0.2532,-0.3872,4.9438,-44.1284,-15.3809,t004,FIJTB
2529164873,2159052,2,tobillo,loading,-0.2683,0.6388,-0.1404,3.1128,-33.9966,20.3247,t004,FIJTB
2529164873,2159068,2,tobillo,loading,-0.3405,0.6505,0.0022,20.5688,-46.3867,110.3516,t004,FIJTB
2529164875,2159084,2,tobillo,midstance,-0.3252,0.3131,0.0315,58.8989,-66.3452,134.8267,t004,FIJTB
2529164926,2159100,2,tobillo,midstance,-0.3148,0.2942,0.1040,68.3594,-57.8613,142.8223,t004,FIJTB
2529164927,2159115,2,tobillo,midstance,-0.3412,0.3872,0.1689,77.9419,-33.3252,182.9834,t004,FIJTB
2529164927,2159131,2,tobillo,midstance,-0.3201,0.6012,0.2571,83.6792,-36.0718,211.3037,t004,FIJTB
2529164976,2159147,2,tobillo,midstance,-0.1558,0.7893,0.2523,89.1113,-28.5645,243.9575,t004,FIJTB
2529164977,2159163,2,tobillo,midstance,-0.1149,0.8354,0.2366,112.0605,6.4087,243.2861,t004,FIJTB
2529164978,2159179,2,tobillo,midstance,-0.2797,0.7163,0.1858,122.8638,11.8408,244.0796,t004,FIJTB
2529165027,2159194,2,tobillo,midstance,-0.3386,0.7853,0.1135,96.9238,27.9541,249.2676,t004,FIJTB
2529165028,2159210,2,tobillo,midstance,-0.1033,1.3162,-0.1138,76.8433,52.0630,253.1738,t004,FIJTB
2529165028,2159226,2,tobillo,midstance,0.0411,1.5984,-0.2266,75.8057,81.2378,252.6855,t004,FIJTB
2529165029,2159242,2,tobillo,midstance,0.1234,1.6434,-0.2742,87.0361,52.5513,232.4219,t004,FIJTB
2529165077,2159257,2,tobillo,midstance,0.3414,1.8048,-0.3937,83.9233,34.7900,229.9805,t004,FIJTB
2529165078,2159273,2,tobillo,midstance,0.3253,1.8062,-0.4147,77.6367,5.3101,237.7930,t004,FIJTB
2529165078,2159289,2,tobillo,midstance,0.1488,1.6721,-0.4056,71.2280,-5.7373,233.3984,t004,FIJTB
2529165129,2159305,2,tobillo,midstance,0.3042,1.6390,-0.3842,54.8706,-6.2256,216.6138,t004,FIJTB
2529165129,2159320,2,tobillo,midstance,0.3113,1.5673,-0.3262,47.6074,-6.5918,219.0552,t004,FIJTB
2529165129,2159336,2,tobillo,midstance,0.1088,1.3650,-0.1873,42.5415,-11.4746,219.4824,t004,FIJTB
2529165177,2159352,2,tobillo,midstance,0.0580,1.3269,-0.1150,32.3486,-3.4180,203.7964,t004,FIJTB
2529165179,2159368,2,tobillo,midstance,0.0537,1.3258,0.0519,29.6020,10.4980,193.3594,t004,FIJTB
2529165179,2159384,2,tobillo,midstance,0.0878,1.3236,0.0474,30.0293,46.5088,173.8891,t004,FIJTB
2529165194,2159400,2,tobillo,midstance,0.1208,1.3201,-0.0532,33.2642,90.3931,156.0669,t004,FIJTB
2529165232,2159416,2,tobillo,midstance,0.1337,1.1843,-0.1808,35.5225,106.0181,148.5596,t004,FIJTB
2529165233,2159432,2,tobillo,midstance,0.1423,1.0776,-0.1907,31.7383,109.7412,120.1172,t004,FIJTB
2529165233,2159447,2,tobillo,midstance,0.3245,0.9886,-0.2452,26.4282,99.5483,100.0976,t004,FIJTB
2529165282,2159463,2,tobillo,midstance,0.2999,0.9230,-0.2399,15.0146,70.3125,70.1904,t004,FIJTB
2529165282,2159479,2,tobillo,midstance,0.2518,0.9039,-0.2291,1.7090,53.7720,37.9028,t004,FIJTB
2529165283,2159495,2,tobillo,midstance,0.3397,0.9149,-0.2731,-3.9062,50.4150,18.2495,t004,FIJTB
2529165334,2159511,2,tobillo,midstance,0.3518,0.8934,-0.2693,-12.8174,39.9170,-15.1367,t004,FIJTB
2529165334,2159527,2,tobillo,midstance,0.2205,0.8412,-0.2045,-19.1650,32.1655,-31.9824,t004,FIJTB
2529165335,2159543,2,tobillo,midstance,0.0735,0.9171,-0.1066,-36.1938,25.6348,-65.0024,t004,FIJTB
2529165382,2159559,2,tobillo,midstance,-0.1875,1.0481,0.1064,-38.5132,36.1328,-80.2002,t004,FIJTB
2529165384,2159575,2,tobillo,midstance,-0.5802,0.8912,0.6089,-12.6343,45.5933,-78.9185,t004,FIJTB
2529165384,2159591,2,tobillo,midstance,-0.8783,0.4758,0.3904,-5.6152,14.5874,-97.1680,t004,FIJTB
2529165436,2159607,2,tobillo,midstance,-0.8505,0.7887,0.3541,-74.8291,-9.8267,-105.7739,t004,FIJTB
2529165437,2159623,2,tobillo,midstance,-0.3912,1.8817,0.0638,-87.8906,-3.6011,-115.9668,t004,FIJTB
2529165438,2159639,2,tobillo,midstance,-0.2058,1.7522,-0.0902,-72.8760,25.2686,-137.0850,t004,FIJTB
2529165485,2159655,2,tobillo,midstance,-0.2120,0.8549,0.1708,-74.0967,35.9497,-121.9482,t004,FIJTB
2529165488,2159671,2,tobillo,midstance,-0.1060,0.9720,0.1593,-95.5200,40.7715,-85.1440,t004,FIJTB
2529165489,2159687,2,tobillo,midstance,-0.0020,1.1388,-0.0636,-70.1294,33.4473,-75.8667,t004,FIJTB
2529165540,2159703,2,tobillo,midstance,-0.2279,1.0951,-0.3728,-57.1899,11.3525,-64.4531,t004,FIJTB
2529165541,2159719,2,tobillo,midstance,-0.3152,0.9779,-0.1484,-63.2935,-15.7471,-53.1616,t004,FIJTB
2529165541,2159735,2,tobillo,midstance,-0.3110,1.0560,-0.1396,-51.3916,-4.2725,-69.3359,t004,FIJTB
2529165541,2159751,2,tobillo,terminal,-0.2639,0.9110,-0.1167,-35.5225,2.1362,-60.7910,t004,FIJTB
2529165590,2159767,2,tobillo,terminal,-0.2249,0.9054,-0.0839,-18.4937,1.6479,-44.6167,t004,FIJTB
2529165591,2159784,2,tobillo,terminal,-0.0920,1.0529,0.0531,-14.7095,-0.1831,-43.8843,t004,FIJTB
2529165591,2159800,2,tobillo,terminal,-0.1414,0.9705,0.0712,-10.3760,-4.0283,-45.4102,t004,FIJTB
2529165651,2159816,2,tobillo,terminal,-0.2012,0.9705,0.0029,-16.3574,1.8921,-38.6353,t004,FIJTB
2529165651,2159832,2,tobillo,terminal,-0.1783,0.9908,-0.0621,-19.5923,6.3477,-35.2173,t004,FIJTB
2529165651,2159848,2,tobillo,terminal,-0.1473,0.9786,-0.0482,-16.4795,-1.0986,-29.1138,t004,FIJTB
2529165652,2159864,2,tobillo,terminal,-0.1327,0.9705,-0.0188,-12.4512,-9.0332,-26.1841,t004,FIJTB
2529165704,2159880,2,tobillo,terminal,-0.0792,0.9818,0.0139,-11.2915,-10.3149,-21.7285,t004,FIJTB
2529165704,2159896,2,tobillo,terminal,-0.0619,0.9830,0.0204,-14.5874,-14.2822,-13.1836,t004,FIJTB
2529165705,2159912,2,tobillo,terminal,-0.1069,0.9906,-0.0083,-22.0337,-17.0898,-7.8735,t004,FIJTB
2529165758,2159928,2,tobillo,terminal,-0.1580,0.9966,-0.0321,-22.8271,-18.4937,-7.4463,t004,FIJTB
2529165759,2159945,2,tobillo,terminal,-0.1567,0.9813,-0.0415,-18.7378,-21.0571,-10.2539,t004,FIJTB
2529165773,2159961,2,tobillo,terminal,-0.1855,0.9702,-0.0693,-17.7002,-21.5454,-9.8877,t004,FIJTB
2529165808,2159977,2,tobillo,terminal,-0.1534,0.9659,-0.0519,-16.4795,-20.6909,-14.5264,t004,FIJTB
2529165810,2159993,2,tobillo,terminal,-0.1630,0.9879,-0.0240,-12.4512,-19.8975,-19.0430,t004,FIJTB
2529165811,2160009,2,tobillo,terminal,-0.1465,0.9697,-0.0287,-9.7046,-16.6016,-25.8179,t004,FIJTB
2529165811,2160025,2,tobillo,terminal,-0.1511,0.9467,-0.0608,-11.9019,-15.0146,-31.3110,t004,FIJTB
2529165863,2160041,2,tobillo,terminal,-0.1471,0.9559,-0.0654,-19.8975,-14.0991,-29.2358,t004,FIJTB
2529165864,2160057,2,tobillo,terminal,-0.1217,0.9576,-0.0649,-22.3999,-12.8784,-27.9541,t004,FIJTB
2529165864,2160073,2,tobillo,terminal,-0.1194,0.9572,-0.0765,-22.6440,-11.2915,-25.2075,t004,FIJTB
2529165914,2160090,2,tobillo,terminal,-0.1072,0.9691,-0.0859,-22.2168,-9.8877,-25.4517,t004,FIJTB
2529165914,2160106,2,tobillo,swing,-0.0917,0.9557,-0.0920,-22.2168,-9.3384,-24.8413,t004,FIJTB
2529165914,2160122,2,tobillo,swing,-0.0925,0.9644,-0.1072,-23.5596,-7.9346,-23.6206,t004,FIJTB
2529165973,2160138,2,tobillo,swing,-0.1104,0.9791,-0.1222,-23.0713,-6.8970,-24.5361,t004,FIJTB
2529165973,2160155,2,tobillo,swing,-0.0641,0.9844,-0.0797,-21.7285,-4.0283,-28.3203,t004,FIJTB
2529165973,2160171,2,tobillo,swing,-0.0553,0.9779,-0.0656,-24.2310,-2.0752,-29.2358,t004,FIJTB
2529165974,2160187,2,tobillo,swing,-0.0902,1.0012,-0.1238,-25.8789,-1.8921,-29.7852,t004,FIJTB
2529166023,2160203,2,tobillo,swing,-0.0933,0.9999,-0.1572,-26.4282,-2.3804,-36.7432,t004,FIJTB
2529166025,2160219,2,tobillo,swing,-0.0591,0.9907,-0.1530,-26.1841,-5.1880,-40.8936,t004,FIJTB
2529166026,2160236,2,tobillo,swing,-0.0067,0.9928,-0.1178,-27.3437,-7.9956,-40.2222,t004,FIJTB
2529166078,2160252,2,tobillo,swing,-0.0129,1.0078,-0.1307,-30.7007,-10.3760,-41.0156,t004,FIJTB
2529166078,2160268,2,tobillo,swing,-0.0209,0.9999,-0.1521,-32.7759,-11.5967,-44.5557,t004,FIJTB
2529166078,2160284,2,tobillo,swing,-0.0240,1.0074,-0.1742,-32.9590,-11.7798,-45.5933,t004,FIJTB
2529166127,2160300,2,tobillo,swing,-0.0288,1.0090,-0.1675,-31.0059,-10.6812,-46.3867,t004,FIJTB
2529166131,2160316,2,tobillo,swing,-0.0068,1.0242,-0.1633,-30.4565,-9.6436,-46.2036,t004,FIJTB
2529166131,2160332,2,tobillo,swing,0.0195,1.0237,-0.1693,-29.0527,-8.0566,-50.4761,t004,FIJTB
2529166165,2160348,2,tobillo,swing,0.0304,1.0187,-0.1714,-30.0903,-8.2397,-55.4199,t004,FIJTB
2529166183,2160364,2,tobillo,swing,0.0585,1.0179,-0.1797,-31.0669,-8.8501,-57.3730,t004,FIJTB
2529166184,2160381,2,tobillo,swing,0.0718,1.0253,-0.1919,-36.3159,-10.4370,-62.5000,t004,FIJTB
2529166184,2160397,2,tobillo,swing,0.0582,1.0251,-0.2045,-40.4663,-10.6812,-66.8945,t004,FIJTB
2529166232,2160413,2,tobillo,swing,0.0786,1.0416,-0.1962,-40.5273,-10.8032,-69.4580,t004,FIJTB
2529166234,2160429,2,tobillo,swing,0.1039,1.0498,-0.1891,-41.2598,-12.6343,-72.5098,t004,FIJTB
2529166235,2160445,2,tobillo,swing,0.0852,1.0970,-0.1808,-42.4805,-16.0522,-77.3315,t004,FIJTB
2529166286,2160461,2,tobillo,swing,0.0276,1.1926,-0.2151,-41.3818,-18.8599,-83.4961,t004,FIJTB
2529166287,2160477,2,tobillo,swing,0.0381,1.2061,-0.2012,-40.6494,-26.6113,-98.7549,t004,FIJTB
2529166287,2160493,2,tobillo,swing,0.1456,1.2196,-0.0640,-42.4194,-31.6772,-103.3935,t004,FIJTB
2529166336,2160509,2,tobillo,swing,0.1942,1.2992,0.0469,-45.5322,-51.8799,-107.0557,t004,FIJTB
2529166337,2160525,2,tobillo,swing,0.1682,1.3116,0.0684,-39.5508,-84.5947,-111.8164,t004,FIJTB
2529166337,2160541,2,tobillo,swing,0.0918,1.2448,0.1160,-36.1328,-100.7690,-119.8730,t004,FIJTB
2529166389,2160557,2,tobillo,swing,0.0391,1.1503,0.0594,-34.2407,-109.2529,-138.6108,t004,FIJTB
2529166389,2160573,2,tobillo,loading,0.0259,1.1191,-0.0076,-43.7622,-73.3643,-152.1606,t004,FIJTB
2529166389,2160589,2,tobillo,loading,0.1627,1.1743,-0.1802,-46.3257,-49.3774,-155.5786,t004,FIJTB
2529166413,2160605,2,tobillo,loading,0.2499,1.1838,-0.2949,-51.4526,-17.9443,-139.9536,t004,FIJTB
2529166437,2160622,2,tobillo,loading,0.5612,1.2190,-0.4092,-51.8799,-16.4185,-126.0376,t004,FIJTB
2529166437,2160638,2,tobillo,loading,0.4802,1.1083,-0.4675,-44.7998,-40.4663,-95.5200,t004,FIJTB
2529166440,2160654,2,tobillo,loading,0.2983,1.0665,-0.4655,-48.8892,-73.3643,-57.3120,t004,FIJTB
2529166493,2160670,2,tobillo,loading,0.0414,0.8612,-0.4156,-44.4946,-70.9839,-41.7480,t004,FIJTB
2529166494,2160686,2,tobillo,loading,-0.2209,0.3405,-0.2257,-19.8975,-36.0718,-48.9502,t004,FIJTB
2529166494,2160702,2,tobillo,loading,-0.1752,0.3888,-0.2806,-4.3335,2.0142,-26.7334,t004,FIJTB
2529166542,2160718,2,tobillo,loading,-0.2163,0.7876,-0.0566,-7.8125,1.6479,31.0669,t004,FIJTB
2529166544,2160733,2,tobillo,loading,-0.3866,0.6425,-0.0277,14.2212,-40.9546,98.0225,t004,FIJTB
2529166545,2160749,2,tobillo,loading,-0.4177,0.3208,-0.0715,29.7241,-47.7905,86.4868,t004,FIJTB
2529166597,2160765,2,tobillo,loading,-0.1566,0.4094,-0.0297,45.2881,-3.0518,76.1719,t004,FIJTB
2529166598,2160781,2,tobillo,loading,-0.0928,0.5222,0.0105,68.6035,3.0518,154.9072,t004,FIJTB
2529166598,2160797,2,tobillo,loading,-0.1616,0.5940,0.1051,88.0127,-19.9585,201.4770,t004,FIJTB
2529166599,2160813,2,tobillo,loading,-0.2694,0.5669,0.1362,111.3892,-57.6172,215.1489,t004,FIJTB
2529166645,2160829,2,tobillo,loading,-0.3120,0.7524,0.1497,115.6006,-57.6782,191.6504,t004,FIJTB
2529166648,2160844,2,tobillo,loading,-0.1106,0.8640,0.0479,120.7886,-22.2168,174.8047,t004,FIJTB
2529166648,2160860,2,tobillo,loading,-0.0002,0.9480,-0.0305,102.1728,11.4136,203.5522,t004,FIJTB
2529166699,2160876,2,tobillo,loading,-0.0162,1.1610,-0.1259,91.5527,21.3623,217.9565,t004,FIJTB
2529166699,2160892,2,tobillo,loading,-0.0952,1.2412,-0.1602,75.1953,46.2646,222.7173,t004,FIJTB
2529166700,2160908,2,tobillo,loading,0.0156,1.4739,-0.2709,67.8711,63.5986,212.7685,t004,FIJTB
2529166747,2160924,2,tobillo,midstance,0.3334,1.6371,-0.3871,63.1103,89.2334,189.6973,t004,FIJTB
2529166748,2160940,2,tobillo,midstance,0.3738,1.6184,-0.4186,68.1152,86.1206,187.7441,t004,FIJTB
2529166748,2160955,2,tobillo,midstance,0.3544,1.5396,-0.4364,66.4063,77.1484,186.7065,t004,FIJTB
2529166792,2160971,2,tobillo,midstance,0.3933,1.5179,-0.4271,56.2134,63.3545,180.6030,t004,FIJTB
2529166805,2160987,2,tobillo,midstance,0.3180,1.3772,-0.3683,51.5747,58.3496,181.7627,t004,FIJTB
2529166805,2161003,2,tobillo,midstance,0.1908,1.2794,-0.3004,43.3350,46.3257,180.6640,t004,FIJTB
2529166806,2161018,2,tobillo,midstance,0.1802,1.2544,-0.2870,38.3301,28.6255,167.7246,t004,FIJTB
2529166855,2161034,2,tobillo,midstance,0.1333,1.2329,-0.2821,35.0952,20.0195,162.4145,t004,FIJTB
2529166856,2161050,2,tobillo,midstance,0.0804,1.2163,-0.2607,27.8931,10.3760,156.5552,t004,FIJTB
2529166857,2161066,2,tobillo,midstance,0.0646,1.2155,-0.2086,25.2075,9.7046,152.5879,t004,FIJTB
2529166909,2161081,2,tobillo,midstance,0.0126,1.1583,-0.0656,25.3906,10.3760,144.7144,t004,FIJTB
2529166909,2161097,2,tobillo,midstance,-0.0065,1.1403,0.0083,28.3813,11.7187,132.9956,t004,FIJTB
2529166909,2161113,2,tobillo,midstance,-0.0022,1.1329,0.0566,31.1890,15.7471,126.7700,t004,FIJTB
2529166957,2161129,2,tobillo,midstance,-0.0355,1.1102,0.0277,36.3770,31.3721,119.0796,t004,FIJTB
2529166960,2161144,2,tobillo,midstance,-0.0485,1.0454,-0.0499,37.2314,39.7339,115.4785,t004,FIJTB
2529166961,2161160,2,tobillo,midstance,0.0576,0.9764,-0.1199,36.0107,43.7012,100.6470,t004,FIJTB
2529166977,2161176,2,tobillo,midstance,0.0664,0.9552,-0.1302,26.0620,31.7383,85.0220,t004,FIJTB
2529167012,2161192,2,tobillo,midstance,0.0522,0.9667,-0.1106,18.4326,27.7710,76.9043,t004,FIJTB
2529167013,2161208,2,tobillo,midstance,0.0767,0.9751,-0.1118,5.4321,29.7852,52.7954,t004,FIJTB
2529167013,2161224,2,tobillo,midstance,0.1566,0.9628,-0.1820,0.6104,31.6772,39.1235,t004,FIJTB
2529167063,2161239,2,tobillo,midstance,0.1219,0.9003,-0.1746,-8.7891,31.2500,14.7705,t004,FIJTB
2529167063,2161255,2,tobillo,midstance,0.1263,0.8854,-0.1371,-18.9819,26.1230,-15.0757,t004,FIJTB
2529167064,2161271,2,tobillo,midstance,0.1519,0.8978,-0.0917,-24.6582,23.9868,-31.2500,t004,FIJTB
2529167115,2161287,2,tobillo,midstance,-0.1057,0.8826,0.0142,-37.7197,22.0337,-56.3354,t004,FIJTB
2529167116,2161303,2,tobillo,midstance,-0.4368,1.0786,0.2592,-23.5596,26.3062,-52.6123,t004,FIJTB
2529167116,2161319,2,tobillo,midstance,-0.7047,0.8605,0.4326,10.6201,30.2734,-48.8892,t004,FIJTB
2529167165,2161335,2,tobillo,midstance,-0.7885,0.5452,0.3136,5.1270,9.2163,-83.0078,t004,FIJTB
2529167167,2161351,2,tobillo,midstance,-0.5765,0.8507,0.2174,-21.8506,4.2114,-85.3882,t004,FIJTB
2529167168,2161367,2,tobillo,midstance,-0.4347,1.2650,0.2424,-47.4243,15.9912,-84.0454,t004,FIJTB
2529167193,2161383,2,tobillo,midstance,-0.4216,1.3451,0.2401,-62.5610,3.7231,-96.3745,t004,FIJTB
2529167220,2161399,2,tobillo,midstance,-0.1488,1.0851,0.1311,-75.2563,5.6152,-104.1870,t004,FIJTB
2529167220,2161415,2,tobillo,terminal,-0.2415,0.8638,0.1144,-92.7734,13.3057,-73.6084,t004,FIJTB
2529167221,2161432,2,tobillo,terminal,-0.2391,0.9352,0.0710,-79.2847,1.2207,-59.4482,t004,FIJTB
2529167269,2161447,2,tobillo,terminal,-0.1354,1.1320,-0.1770,-63.7207,-4.0283,-62.1948,t004,FIJTB
2529167271,2161464,2,tobillo,terminal,-0.2074,1.0854,-0.2399,-49.3774,-12.8174,-49.3774,t004,FIJTB
2529167271,2161480,2,tobillo,terminal,-0.3495,0.9972,-0.1848,-44.0063,-10.9863,-46.0815,t004,FIJTB
2529167324,2161496,2,tobillo,terminal,-0.2637,1.0497,-0.1632,-22.5220,5.1270,-54.4434,t004,FIJTB
2529167325,2161512,2,tobillo,terminal,-0.2034,0.9513,-0.0684,-3.8452,12.3291,-42.4805,t004,FIJTB
2529167326,2161529,2,tobillo,terminal,-0.2372,0.8923,0.0098,0.1221,5.6152,-33.0811,t004,FIJTB
2529167373,2161544,2,tobillo,terminal,-0.2000,1.0090,0.0535,-6.6528,-4.5166,-26.0620,t004,FIJTB
2529167377,2161560,2,tobillo,terminal,-0.2111,0.9900,0.0454,-13.6108,-1.2817,-26.9165,t004,FIJTB
2529167377,2161577,2,tobillo,terminal,-0.2372,0.9523,0.0057,-13.9160,0.3662,-25.3906,t004,FIJTB
2529167393,2161593,2,tobillo,terminal,-0.2419,0.9731,-0.0259,-7.1411,-2.6245,-25.8179,t004,FIJTB
2529167429,2161609,2,tobillo,terminal,-0.2187,0.9531,-0.0258,-3.9673,-2.9907,-23.4375,t004,FIJTB
2529167430,2161625,2,tobillo,terminal,-0.2657,0.9225,-0.0155,-5.9814,-4.8218,-21.6675,t004,FIJTB
2529167430,2161641,2,tobillo,terminal,-0.2501,0.9296,-0.0070,-7.3242,-7.3853,-16.8457,t004,FIJTB
2529167479,2161658,2,tobillo,terminal,-0.2469,1.0201,0.0055,-8.6060,-4.8828,-23.1934,t004,FIJTB
2529167480,2161674,2,tobillo,terminal,-0.2169,0.9160,0.0015,-3.6621,-0.6714,-36.7432,t004,FIJTB
2529167480,2161690,2,tobillo,terminal,-0.2002,0.9222,-0.0139,-3.8452,-1.7090,-28.0151,t004,FIJTB
2529167531,2161706,2,tobillo,terminal,-0.2048,0.9594,-0.0311,-6.8970,-3.1128,-25.7568,t004,FIJTB
2529167532,2161722,2,tobillo,terminal,-0.1693,0.9808,-0.0261,-12.0239,-5.3101,-24.4751,t004,FIJTB
2529167532,2161738,2,tobillo,terminal,-0.1923,0.9456,-0.0161,-5.9204,-2.6245,-23.3154,t004,FIJTB
2529167581,2161754,2,tobillo,terminal,-0.1389,0.9447,-0.0173,-1.4038,-1.4648,-21.1792,t004,FIJTB
2529167583,2161771,2,tobillo,terminal,-0.1028,1.0065,-0.0125,-7.4463,-4.3335,-17.2729,t004,FIJTB
2529167583,2161787,2,tobillo,terminal,-0.1367,0.9891,-0.0154,-13.3667,-7.3853,-15.9302,t004,FIJTB
2529167635,2161803,2,tobillo,terminal,-0.1720,0.9412,-0.0312,-13.3057,-7.2632,-15.0757,t004,FIJTB
2529167636,2161819,2,tobillo,terminal,-0.1638,0.9456,-0.0344,-12.7563,-7.6904,-11.7187,t004,FIJTB
2529167636,2161836,2,tobillo,terminal,-0.1345,1.0023,-0.0288,-14.5264,-9.4604,-12.6953,t004,FIJTB
2529167674,2161852,2,tobillo,terminal,-0.1609,0.9541,-0.0222,-14.1602,-9.8877,-13.3057,t004,FIJTB
2529167687,2161868,2,tobillo,terminal,-0.1648,0.9668,-0.0366,-15.6250,-9.8267,-14.2822,t004,FIJTB
2529167687,2161884,2,tobillo,terminal,-0.1754,0.9672,-0.0522,-16.1743,-9.0942,-16.6626,t004,FIJTB
2529167687,2161900,2,tobillo,terminal,-0.1606,0.9785,-0.0564,-15.6250,-7.3853,-21.9116,t004,FIJTB
2529167737,2161916,2,tobillo,terminal,-0.1582,0.9663,-0.0509,-15.5029,-4.3335,-25.8179,t004,FIJTB
2529167738,2161933,2,tobillo,terminal,-0.1195,0.9701,-0.0471,-16.1133,-3.9062,-26.4893,t004,FIJTB
2529167738,2161949,2,tobillo,terminal,-0.1404,0.9800,-0.0599,-20.0806,-4.5776,-28.0762,t004,FIJTB
2529167787,2161965,2,tobillo,swing,-0.1429,0.9747,-0.0596,-20.0806,-2.2583,-33.6914,t004,FIJTB
2529167787,2161981,2,tobillo,swing,-0.1216,0.9741,-0.0463,-20.0806,0.1221,-36.3770,t004,FIJTB
2529167788,2161997,2,tobillo,swing,-0.1313,0.9905,-0.0905,-20.2026,4.3945,-41.6260,t004,FIJTB
2529167844,2162013,2,tobillo,swing,-0.1165,0.9788,-0.1201,-17.1509,4.2114,-48.2178,t004,FIJTB
2529167844,2162029,2,tobillo,swing,-0.0551,0.9554,-0.1160,-16.3574,3.2959,-49.0723,t004,FIJTB
2529167844,2162046,2,tobillo,swing,-0.0121,0.9722,-0.1039,-19.5313,-0.1221,-46.5698,t004,FIJTB
2529167896,2162062,2,tobillo,swing,-0.0360,0.9961,-0.0880,-22.7661,-2.6855,-46.2036,t004,FIJTB
2529167898,2162078,2,tobillo,swing,-0.0651,1.0098,-0.1447,-23.0103,-2.1362,-45.1660,t004,FIJTB
2529167899,2162094,2,tobillo,swing,-0.0566,1.0186,-0.1526,-24.0478,-2.0752,-45.5933,t004,FIJTB
2529167899,2162110,2,tobillo,swing,-0.0288,1.0132,-0.1151,-25.4517,-3.5400,-47.1802,t004,FIJTB
2529167950,2162126,2,tobillo,swing,0.0066,1.0302,-0.1055,-28.7476,-6.6528,-49.9268,t004,FIJTB
2529167951,2162142,2,tobillo,swing,0.0043,1.0350,-0.1105,-31.4941,-10.1929,-51.9409,t004,FIJTB
2529167951,2162158,2,tobillo,swing,0.0319,1.0343,-0.1117,-32.4707,-11.1694,-53.2227,t004,FIJTB
2529168000,2162175,2,tobillo,swing,0.0305,1.0441,-0.1104,-34.8511,-12.8174,-53.6499,t004,FIJTB
2529168001,2162191,2,tobillo,swing,-0.0009,1.0812,-0.1448,-37.3535,-13.1226,-59.2041,t004,FIJTB
2529168002,2162207,2,tobillo,swing,-0.0009,1.1063,-0.1797,-38.6963,-13.1836,-64.7583,t004,FIJTB
2529168052,2162223,2,tobillo,swing,0.0010,1.1263,-0.1747,-39.1846,-13.4888,-76.9043,t004,FIJTB
2529168053,2162239,2,tobillo,swing,0.0270,1.1528,-0.1556,-37.9028,-11.6577,-82.7026,t004,FIJTB
2529168053,2162255,2,tobillo,swing,0.0747,1.1863,-0.1339,-42.6025,-12.0850,-95.5200,t004,FIJTB
2529168100,2162271,2,tobillo,swing,0.0592,1.2245,-0.1316,-49.8657,-19.5923,-100.2808,t004,FIJTB
2529168101,2162287,2,tobillo,swing,0.0214,1.2616,-0.0948,-50.4150,-23.8647,-99.5483,t004,FIJTB
2529168103,2162303,2,tobillo,swing,0.0773,1.3013,-0.0256,-52.5513,-36.0718,-109.9243,t004,FIJTB
2529168154,2162319,2,tobillo,swing,0.0865,1.3174,0.0222,-59.8144,-59.6313,-121.9482,t004,FIJTB
2529168154,2162335,2,tobillo,swing,0.0336,1.3442,0.1570,-62.4390,-75.6836,-123.7183,t004,FIJTB
2529168155,2162351,2,tobillo,swing,0.0299,1.2748,0.2285,-60.6689,-103.6377,-135.0708,t004,FIJTB
2529168155,2162367,2,tobillo,swing,0.1146,1.1238,0.2126,-56.1523,-111.6943,-150.3906,t004,FIJTB
2529168203,2162383,2,tobillo,swing,0.2187,1.1945,-0.0065,-50.5981,-99.9756,-167.7856,t004,FIJTB
2529168204,2162399,2,tobillo,swing,0.2064,1.2264,-0.1107,-53.5278,-68.6035,-170.0439,t004,FIJTB
2529168204,2162415,2,tobillo,swing,0.0914,1.2596,-0.2448,-56.5796,-54.3823,-169.1284,t004,FIJTB
2529168254,2162431,2,tobillo,swing,0.1786,1.2135,-0.4072,-63.4155,-42.0532,-138.6108,t004,FIJTB
2529168255,2162447,2,tobillo,loading,0.3939,1.2427,-0.3860,-36.3770,-26.7334,-137.5732,t004,FIJTB
2529168255,2162463,2,tobillo,loading,0.4100,1.0819,-0.3679,-21.6064,-33.7524,-126.7700,t004,FIJTB
2529168302,2162479,2,tobillo,loading,0.2228,0.9475,-0.3597,-16.7236,-70.8008,-67.8711,t004,FIJTB
2529168302,2162495,2,tobillo,loading,-0.2715,0.6254,-0.2147,-12.7563,-73.5474,-55.6030,t004,FIJTB
2529168303,2162512,2,tobillo,loading,-0.4126,0.2606,-0.3678,15.1367,-38.6963,-61.2793,t004,FIJTB
2529168358,2162528,2,tobillo,loading,-0.3173,0.4183,-0.3523,4.1504,17.7002,20.7520,t004,FIJTB
2529168358,2162543,2,tobillo,loading,-0.2611,0.6271,-0.0513,6.8970,25.5737,80.9326,t004,FIJTB
2529168359,2162559,2,tobillo,loading,-0.2499,0.4775,-0.0322,48.1567,13.0005,120.1172,t004,FIJTB
2529168361,2162575,2,tobillo,loading,-0.1746,0.3083,-0.0131,65.5518,12.9395,117.7368,t004,FIJTB
2529168408,2162591,2,tobillo,loading,-0.1711,0.4141,0.0527,67.1387,7.1411,137.8174,t004,FIJTB
2529168409,2162607,2,tobillo,loading,-0.1892,0.5331,0.0978,75.2563,-24.2310,194.7632,t004,FIJTB
2529168410,2162623,2,tobillo,loading,-0.1847,0.6503,0.1959,84.9609,-32.7759,223.0835,t004,FIJTB
2529168460,2162639,2,tobillo,loading,-0.1952,0.6796,0.2032,96.4355,-32.8979,257.9346,t004,FIJTB
2529168460,2162654,2,tobillo,loading,-0.2134,0.8219,0.2220,91.1865,-32.7759,278.9307,t004,FIJTB
2529168461,2162670,2,tobillo,loading,-0.2335,1.0657,0.2543,92.6514,-26.4893,287.6587,t004,FIJTB
2529168510,2162686,2,tobillo,loading,-0.1835,1.1411,0.1829,87.3413,4.0283,281.2500,t004,FIJTB
2529168510,2162702,2,tobillo,loading,0.0433,1.4688,-0.0322,78.0029,15.0757,275.8789,t004,FIJTB
2529168511,2162718,2,tobillo,loading,0.1140,1.7098,-0.1339,67.7490,15.0146,268.4326,t004,FIJTB
2529168561,2162734,2,tobillo,loading,0.1692,1.8019,-0.1985,63.7817,5.8594,254.5776,t004,FIJTB
2529168562,2162749,2,tobillo,loading,0.3701,1.9188,-0.2885,62.5610,6.7139,250.7934,t004,FIJTB
2529168562,2162765,2,tobillo,loading,0.3691,1.8354,-0.2758,59.7534,7.6294,239.3799,t004,FIJTB
2529168611,2162781,2,tobillo,loading,0.3198,1.6191,-0.2639,53.5889,7.7515,227.2949,t004,FIJTB
2529168612,2162797,2,tobillo,loading,0.3184,1.4501,-0.2626,41.0767,15.0757,206.2378,t004,FIJTB
2529168612,2162812,2,tobillo,loading,0.2377,1.3656,-0.2277,32.5928,23.4985,196.7163,t004,FIJTB
2529168620,2162828,2,tobillo,loading,0.1641,1.2808,-0.1051,30.0903,28.0762,188.1103,t004,FIJTB
2529168663,2162844,2,tobillo,loading,0.1925,1.2633,-0.0331,32.8979,37.1704,166.0156,t004,FIJTB
2529168664,2162860,2,tobillo,midstance,0.2202,1.2274,0.0468,36.0718,39.6118,156.4941,t004,FIJTB
2529168664,2162876,2,tobillo,midstance,0.1754,1.1935,0.0049,42.1753,45.2881,137.7563,t004,FIJTB
2529168711,2162891,2,tobillo,midstance,0.1542,1.1448,-0.0302,45.7764,48.8281,113.4643,t004,FIJTB
2529168713,2162907,2,tobillo,midstance,0.1902,1.0320,-0.1045,44.1284,45.1660,98.9990,t004,FIJTB
2529168713,2162923,2,tobillo,midstance,0.2085,0.9899,-0.1315,35.5835,29.2358,72.1436,t004,FIJTB
2529168765,2162939,2,tobillo,midstance,0.1840,0.9487,-0.1433,30.1514,21.4844,60.6689,t004,FIJTB
2529168766,2162954,2,tobillo,midstance,0.2035,0.9922,-0.1680,19.5923,15.7471,38.3301,t004,FIJTB
2529168767,2162970,2,tobillo,midstance,0.2076,0.9811,-0.1849,10.8643,18.6768,19.1650,t004,FIJTB
2529168813,2162986,2,tobillo,midstance,0.1438,0.9229,-0.2261,3.7231,20.0195,7.8125,t004,FIJTB
2529168814,2163001,2,tobillo,midstance,0.1525,0.9171,-0.2397,-13.7329,26.4893,-18.0664,t004,FIJTB
2529168817,2163017,2,tobillo,midstance,0.2191,0.9125,-0.2573,-20.9961,31.6162,-30.6396,t004,FIJTB
2529168833,2163033,2,tobillo,midstance,0.0400,0.9174,-0.2191,-35.6445,43.5791,-51.7578,t004,FIJTB
2529168869,2163049,2,tobillo,midstance,-0.1613,0.9193,-0.1191,-43.7622,47.7905,-58.5937,t004,FIJTB
2529168869,2163066,2,tobillo,midstance,-0.7994,0.9380,0.3401,-28.0151,37.9639,-44.1284,t004,FIJTB
2529168870,2163082,2,tobillo,midstance,-1.1442,0.8298,0.3883,-21.1792,3.2959,-42.2363,t004,FIJTB
2529168917,2163098,2,tobillo,midstance,-0.9058,1.0647,0.3804,-42.2363,-6.6528,-73.1812,t004,FIJTB
2529168919,2163114,2,tobillo,midstance,0.2341,1.8683,-0.0082,-76.1108,6.5918,-118.5913,t004,FIJTB
2529168919,2163130,2,tobillo,midstance,0.1685,1.5042,-0.0200,-70.3735,23.4375,-111.1450,t004,FIJTB
2529168970,2163145,2,tobillo,midstance,-0.3383,0.8054,0.2560,-71.4111,18.7378,-99.0601,t004,FIJTB
2529168971,2163161,2,tobillo,midstance,-0.1929,0.9063,-0.0066,-82.8857,16.3574,-81.8481,t004,FIJTB
2529168971,2163178,2,tobillo,midstance,-0.1429,1.0056,-0.1146,-73.1201,0.9155,-60.3027,t004,FIJTB
2529169018,2163194,2,tobillo,midstance,-0.2494,1.0576,-0.2288,-68.2983,-12.4512,-49.1943,t004,FIJTB
2529169020,2163210,2,tobillo,midstance,-0.3013,1.0623,-0.2446,-75.1343,-12.2070,-39.3677,t004,FIJTB
2529169022,2163226,2,tobillo,midstance,-0.2875,1.0122,-0.1038,-74.8291,9.2773,-58.7769,t004,FIJTB
2529169075,2163242,2,tobillo,midstance,-0.2271,0.9210,-0.0417,-66.2231,9.9487,-63.5986,t004,FIJTB
2529169075,2163258,2,tobillo,midstance,-0.2085,0.9167,-0.0458,-65.1245,0.1831,-53.1616,t004,FIJTB
2529169075,2163274,2,tobillo,midstance,-0.1200,0.9963,-0.0376,-67.6270,-3.3569,-48.7061,t004,FIJTB
2529169114,2163290,2,tobillo,midstance,-0.2469,0.9586,-0.0791,-61.4624,-6.7139,-39.3066,t004,FIJTB
2529169123,2163306,2,tobillo,midstance,-0.2639,0.9501,-0.1071,-67.7490,-2.9297,-37.1094,t004,FIJTB
2529169123,2163322,2,tobillo,terminal,-0.2506,0.9448,-0.1396,-66.2231,-0.7935,-37.4756,t004,FIJTB
2529169125,2163339,2,tobillo,terminal,-0.2555,0.9473,-0.1533,-52.9175,-5.0049,-34.9731,t004,FIJTB
2529169177,2163355,2,tobillo,terminal,-0.1458,0.9824,-0.1597,-36.1938,-11.9019,-35.6445,t004,FIJTB
2529169178,2163371,2,tobillo,terminal,-0.1478,0.9529,-0.1572,-28.1372,-15.0146,-32.1045,t004,FIJTB
2529169178,2163387,2,tobillo,terminal,-0.1556,0.9551,-0.1383,-24.2920,-18.4937,-24.2920,t004,FIJTB
2529169229,2163403,2,tobillo,terminal,-0.1746,0.9551,-0.1305,-25.0244,-19.9585,-22.1558,t004,FIJTB
2529169230,2163419,2,tobillo,terminal,-0.1765,0.9509,-0.1874,-29.8462,-23.5596,-20.8740,t004,FIJTB
2529169230,2163435,2,tobillo,terminal,-0.1531,0.9478,-0.2020,-31.6162,-24.7803,-19.6533,t004,FIJTB
2529169283,2163451,2,tobillo,terminal,-0.1508,0.9445,-0.2101,-31.3721,-23.6206,-18.7378,t004,FIJTB
2529169283,2163467,2,tobillo,terminal,-0.1866,0.9585,-0.2139,-28.6255,-19.7754,-20.5078,t004,FIJTB
2529169283,2163483,2,tobillo,terminal,-0.1761,0.9563,-0.2063,-23.3154,-15.5029,-28.5034,t004,FIJTB
2529169315,2163499,2,tobillo,terminal,-0.1854,0.9419,-0.2075,-23.1323,-14.2212,-33.3252,t004,FIJTB
2529169334,2163515,2,tobillo,terminal,-0.1738,0.9427,-0.2183,-20.2026,-9.1553,-40.5273,t004,FIJTB
2529169334,2163531,2,tobillo,terminal,-0.1460,0.9500,-0.1904,-12.6343,-6.2866,-41.0156,t004,FIJTB
2529169335,2163547,2,tobillo,terminal,-0.4652,0.5170,0.3070,145.1416,21.8506,-13.1836,t004,FIJTB
2529169386,2163563,2,tobillo,terminal,-0.1259,0.7623,-0.3170,369.1406,49.3774,35.5225,t004,FIJTB
2529169386,2163579,2,tobillo,terminal,0.2537,1.3793,-0.2400,114.4409,23.9868,-10.8032,t004,FIJTB
2529169386,2163594,2,tobillo,terminal,-0.1016,1.0096,-0.0475,-80.3223,-7.1411,-45.4102,t004,FIJTB
2529169435,2163611,2,tobillo,terminal,-0.1841,0.9014,-0.0647,-11.6577,3.2349,-39.8560,t004,FIJTB
2529169437,2163627,2,tobillo,terminal,-0.0385,0.9797,-0.0883,-8.2397,5.1270,-36.3159,t004,FIJTB
2529169438,2163643,2,tobillo,terminal,-0.0472,0.9948,-0.0841,-23.6206,-0.5493,-29.0527,t004,FIJTB
2529169491,2163659,2,tobillo,terminal,-0.0648,1.0034,-0.0890,-27.8320,-1.4648,-29.4800,t004,FIJTB
2529169491,2163675,2,tobillo,terminal,-0.0498,1.0029,-0.1105,-27.8931,-0.6104,-32.8979,t004,FIJTB
2529169492,2163691,2,tobillo,terminal,-0.0486,0.9795,-0.1100,-26.0010,-2.0752,-34.8511,t004,FIJTB
2529169540,2163707,2,tobillo,terminal,-0.0215,0.9755,-0.0718,-26.4282,-2.3804,-34.0576,t004,FIJTB
2529169540,2163723,2,tobillo,swing,-0.0204,0.9951,-0.0784,-29.1138,-0.9766,-35.2783,t004,FIJTB
2529169542,2163739,2,tobillo,swing,-0.0614,0.9994,-0.1505,-27.4658,0.1831,-41.5039,t004,FIJTB
2529169543,2163755,2,tobillo,swing,-0.0378,0.9882,-0.1876,-26.1841,-0.7324,-44.3115,t004,FIJTB
2529169595,2163771,2,tobillo,swing,-0.0115,0.9938,-0.1663,-25.6958,-5.3711,-46.9360,t004,FIJTB
2529169595,2163787,2,tobillo,swing,0.0167,1.0017,-0.1472,-26.0010,-7.5073,-46.7529,t004,FIJTB
2529169596,2163803,2,tobillo,swing,-0.0062,1.0231,-0.1578,-25.8789,-8.8501,-41.2598,t004,FIJTB
2529169646,2163819,2,tobillo,swing,-0.0051,1.0361,-0.1609,-25.0244,-8.9722,-40.1001,t004,FIJTB
2529169647,2163835,2,tobillo,swing,0.0220,1.0406,-0.1577,-24.3530,-9.6436,-42.4194,t004,FIJTB
2529169648,2163851,2,tobillo,swing,0.0328,1.0450,-0.1493,-24.4141,-12.2070,-46.8750,t004,FIJTB
2529169702,2163867,2,tobillo,swing,0.0374,1.0571,-0.1467,-25.0244,-13.1836,-52.1851,t004,FIJTB
2529169702,2163883,2,tobillo,swing,0.0156,1.0861,-0.1813,-25.0854,-12.6953,-56.8237,t004,FIJTB
2529169702,2163899,2,tobillo,swing,0.0162,1.1080,-0.1987,-25.1465,-10.4370,-72.0215,t004,FIJTB
2529169703,2163915,2,tobillo,swing,0.0510,1.1223,-0.2316,-28.3203,-9.3384,-80.0781,t004,FIJTB
2529169753,2163931,2,tobillo,swing,-0.0034,1.0782,-0.1855,-39.4897,-10.5591,-89.9658,t004,FIJTB
2529169754,2163948,2,tobillo,swing,0.0258,1.1083,-0.1465,-43.7012,-12.0239,-95.3979,t004,FIJTB
2529169754,2163964,2,tobillo,swing,0.0973,1.1722,-0.1306,-44.4946,-10.3760,-96.4355,t004,FIJTB
2529169806,2163980,2,tobillo,swing,0.0038,1.2222,-0.2101,-42.5415,-10.6812,-105.0415,t004,FIJTB
2529169806,2163996,2,tobillo,swing,-0.0225,1.2075,-0.2054,-41.7480,-14.0381,-118.7134,t004,FIJTB
2529169807,2164012,2,tobillo,swing,0.1047,1.2010,-0.1078,-41.6870,-18.9819,-121.4600,t004,FIJTB
2529169857,2164029,2,tobillo,swing,0.1589,1.2350,-0.0610,-41.8091,-40.4663,-116.5161,t004,FIJTB
2529169858,2164045,2,tobillo,swing,0.1320,1.2078,-0.0061,-40.5273,-54.5044,-113.3423,t004,FIJTB
2529169858,2164061,2,tobillo,swing,0.0942,1.1176,0.0651,-40.5884,-79.4678,-122.0703,t004,FIJTB
2529169910,2164077,2,tobillo,swing,0.1249,1.1290,0.1095,-45.2881,-98.6328,-142.0288,t004,FIJTB
2529169910,2164093,2,tobillo,swing,0.2567,1.1896,0.0671,-45.3491,-104.6143,-150.1465,t004,FIJTB
2529169911,2164109,2,tobillo,swing,0.2773,1.2026,-0.2112,-48.5229,-96.5576,-164.6728,t004,FIJTB
2529169911,2164125,2,tobillo,swing,0.3263,1.2537,-0.3324,-57.8613,-69.3970,-173.5840,t004,FIJTB
2529169960,2164141,2,tobillo,swing,0.1881,1.4438,-0.4180,-55.5420,-50.5981,-171.4477,t004,FIJTB
2529169961,2164157,2,tobillo,swing,0.1333,1.1003,-0.4279,-28.5034,-21.7895,-170.0439,t004,FIJTB
2529169961,2164173,2,tobillo,swing,0.2687,0.8943,-0.3745,-27.9541,-39.7949,-107.4219,t004,FIJTB
2529170013,2164189,2,tobillo,swing,0.1200,0.7781,-0.3384,-44.3726,-63.5376,-62.8662,t004,FIJTB
2529170013,2164205,2,tobillo,swing,-0.1376,0.7296,-0.3547,-36.1938,-96.4966,-12.4512,t004,FIJTB
2529170014,2164221,2,tobillo,swing,-0.4062,0.6281,-0.3353,-16.2964,-80.5054,3.1738,t004,FIJTB
2529170064,2164237,2,tobillo,swing,-0.5087,0.5304,-0.0491,4.3945,-25.5127,39.2456,t004,FIJTB
2529170065,2164253,2,tobillo,swing,-0.4612,0.4457,0.0525,24.0478,-28.1982,83.6182,t004,FIJTB
2529170065,2164269,2,tobillo,swing,-0.0195,0.3209,0.0703,37.8418,-27.2217,101.5015,t004,FIJTB
2529170117,2164285,2,tobillo,swing,0.0991,0.3680,0.0898,56.9458,-4.5166,159.7290,t004,FIJTB
2529170117,2164301,2,tobillo,swing,-0.1714,0.4691,0.1536,63.6597,-11.4746,208.4350,t004,FIJTB
2529170118,2164316,2,tobillo,swing,-0.4945,0.5074,0.2145,68.6035,-43.5181,260.4980,t004,FIJTB
2529170118,2164332,2,tobillo,swing,-0.4880,0.6339,0.1940,78.8574,-33.6914,249.1455,t004,FIJTB
2529170167,2164348,2,tobillo,swing,-0.2775,0.7699,0.1282,87.6465,-17.1509,246.3989,t004,FIJTB
2529170168,2164364,2,tobillo,loading,-0.1652,0.8450,0.1299,80.9326,18.7378,254.0893,t004,FIJTB
2529170169,2164380,2,tobillo,loading,0.0435,1.1946,0.0226,72.5708,33.0811,263.8550,t004,FIJTB
2529170221,2164395,2,tobillo,loading,0.0538,1.4789,-0.0560,67.3218,42.9077,278.2593,t004,FIJTB
2529170222,2164411,2,tobillo,loading,0.1039,1.5316,-0.0826,68.5425,41.6260,262.5122,t004,FIJTB
2529170222,2164427,2,tobillo,loading,0.2832,1.6539,-0.1849,63.1714,38.7573,250.9765,t004,FIJTB
2529170271,2164443,2,tobillo,loading,0.3575,1.7831,-0.2794,50.7202,32.8979,238.5254,t004,FIJTB
2529170274,2164458,2,tobillo,loading,0.2874,1.8368,-0.3505,51.3306,37.0483,232.6660,t004,FIJTB
2529170274,2164474,2,tobillo,loading,0.3955,1.6464,-0.3284,57.2510,49.7436,207.4585,t004,FIJTB
2529170314,2164490,2,tobillo,loading,0.4006,1.5295,-0.3387,47.3633,45.7153,189.3310,t004,FIJTB
2529170326,2164506,2,tobillo,loading,0.2769,1.3851,-0.3842,37.8418,44.0063,188.2324,t004,FIJTB
2529170326,2164521,2,tobillo,loading,0.2773,1.3522,-0.3794,27.0996,53.6499,187.6221,t004,FIJTB
2529170326,2164537,2,tobillo,loading,0.2660,1.2424,-0.3138,24.9023,55.7861,186.2182,t004,FIJTB
2529170374,2164553,2,tobillo,loading,0.1560,1.1890,-0.3092,15.9302,48.0347,176.4526,t004,FIJTB
2529170377,2164569,2,tobillo,loading,0.0864,1.2035,-0.2977,9.0942,50.0488,165.2222,t004,FIJTB
2529170377,2164584,2,tobillo,loading,0.0479,1.2205,-0.1766,11.4746,54.2603,158.8135,t004,FIJTB
2529170429,2164600,2,tobillo,loading,0.1090,1.1792,-0.1031,25.2686,51.5747,133.3618,t004,FIJTB
2529170430,2164616,2,tobillo,midstance,0.1693,1.1185,-0.1183,30.2124,43.8232,119.8730,t004,FIJTB
2529170431,2164632,2,tobillo,midstance,0.1401,1.0826,-0.2141,31.7383,32.2876,107.6660,t004,FIJTB
2529170440,2164648,2,tobillo,midstance,0.1755,1.0128,-0.2067,32.5928,28.6255,91.8579,t004,FIJTB
2529170480,2164664,2,tobillo,midstance,0.2467,0.8739,-0.1775,28.6865,19.1040,79.4678,t004,FIJTB
2529170480,2164679,2,tobillo,midstance,0.2700,0.8896,-0.1853,5.7373,-1.1597,55.6030,t004,FIJTB
2529170482,2164695,2,tobillo,midstance,0.2734,0.9508,-0.1704,-4.8218,-0.9155,45.2881,t004,FIJTB
2529170535,2164711,2,tobillo,midstance,0.2544,0.8899,-0.1503,-16.1133,19.9585,16.5405,t004,FIJTB
2529170535,2164727,2,tobillo,midstance,0.1736,0.9449,-0.1801,-36.6211,44.0063,-16.2964,t004,FIJTB
2529170536,2164743,2,tobillo,midstance,0.3997,1.2091,-0.1023,-32.8369,72.9980,-29.1748,t004,FIJTB
2529170584,2164759,2,tobillo,midstance,0.5114,0.7080,0.2178,-24.6582,107.3608,-84.2285,t004,FIJTB
2529170587,2164774,2,tobillo,midstance,-1.2726,0.7109,0.7834,-80.4443,3.9062,-52.1240,t004,FIJTB
2529170588,2164790,2,tobillo,midstance,-0.8224,1.7212,0.4526,-95.5200,-31.7383,-72.0215,t004,FIJTB
2529170640,2164806,2,tobillo,midstance,0.1379,1.9187,0.1217,-61.9507,1.3428,-179.9316,t004,FIJTB
2529170641,2164822,2,tobillo,midstance,-0.1251,0.9255,-0.0850,-54.9316,7.2632,-155.9448,t004,FIJTB
2529170641,2164838,2,tobillo,midstance,-0.5896,0.9164,-0.1348,-104.8584,3.8452,-85.6934,t004,FIJTB
2529170641,2164854,2,tobillo,midstance,-0.3849,1.0693,-0.2162,-85.1440,31.5552,-100.0366,t004,FIJTB
2529170691,2164870,2,tobillo,midstance,-0.1678,1.0940,-0.3127,-67.8101,26.1230,-99.1821,t004,FIJTB
2529170692,2164886,2,tobillo,midstance,-0.2194,1.0243,-0.2661,-91.3086,4.2114,-65.0635,t004,FIJTB
2529170693,2164902,2,tobillo,midstance,-0.1248,1.0560,-0.1398,-111.8164,4.1504,-55.6641,t004,FIJTB
2529170749,2164918,2,tobillo,midstance,-0.0532,0.9982,-0.0895,-106.6894,-0.9766,-55.7861,t004,FIJTB
2529170750,2164934,2,tobillo,midstance,-0.1080,0.9535,-0.0806,-73.1201,-17.8833,-38.2690,t004,FIJTB
2529170750,2164950,2,tobillo,midstance,-0.2253,0.9663,-0.0920,-62.9883,-18.9819,-34.6680,t004,FIJTB
2529170800,2164967,2,tobillo,midstance,-0.2943,0.9495,-0.1301,-53.1616,-10.0708,-40.3442,t004,FIJTB
2529170800,2164983,2,tobillo,midstance,-0.2683,0.9498,-0.1381,-51.4526,4.1504,-49.0112,t004,FIJTB
2529170802,2164999,2,tobillo,midstance,-0.2141,0.9341,-0.1948,-49.3164,7.5684,-47.7295,t004,FIJTB
2529170803,2165015,2,tobillo,midstance,-0.2069,0.9290,-0.2209,-36.1328,2.9297,-34.0576,t004,FIJTB
2529170856,2165031,2,tobillo,midstance,-0.2557,0.9185,-0.2334,-24.7192,-1.8311,-25.4517,t004,FIJTB
2529170857,2165047,2,tobillo,midstance,-0.1721,0.9462,-0.2003,-2.9907,-6.5308,-15.6250,t004,FIJTB
2529170858,2165063,2,tobillo,midstance,-0.1642,0.9666,-0.1735,0.0000,-11.1084,-13.9160,t004,FIJTB
2529170909,2165079,2,tobillo,terminal,-0.1940,0.9531,-0.1572,0.7935,-13.1226,-12.6343,t004,FIJTB
2529170909,2165095,2,tobillo,terminal,-0.2288,0.9425,-0.1649,3.7231,-14.2212,-7.9956,t004,FIJTB
2529170910,2165111,2,tobillo,terminal,-0.2659,0.9214,-0.0967,74.5239,-8.8501,4.6997,t004,FIJTB
2529170912,2165127,2,tobillo,terminal,-0.2126,0.7833,-0.0323,230.2856,-4.0894,20.9351,t004,FIJTB
2529170968,2165143,2,tobillo,terminal,-0.1061,0.9299,-0.3502,219.2993,-22.5830,8.7280,t004,FIJTB
2529170969,2165159,2,tobillo,terminal,-0.1643,1.0909,-0.0632,32.2876,-16.4185,-12.0850,t004,FIJTB
2529170969,2165175,2,tobillo,terminal,-0.2859,0.9263,-0.0045,-46.5088,-10.9863,-20.2637,t004,FIJTB
2529171023,2165191,2,tobillo,terminal,-0.2482,0.9414,-0.0316,-4.6387,-6.7139,-28.6255,t004,FIJTB
2529171025,2165207,2,tobillo,terminal,-0.2106,0.9471,-0.0474,-3.2959,-5.7373,-30.2734,t004,FIJTB
2529171025,2165223,2,tobillo,terminal,-0.2061,0.9044,-0.0372,-5.1880,-5.0049,-29.8462,t004,FIJTB
2529171045,2165240,2,tobillo,terminal,-0.1925,0.9381,-0.0558,-4.2114,-2.8076,-27.0996,t004,FIJTB
2529171080,2165256,2,tobillo,terminal,-0.2097,0.9969,-0.0642,-9.8267,-1.7090,-31.1279,t004,FIJTB
2529171080,2165272,2,tobillo,terminal,-0.1343,0.9572,-0.0520,-8.3008,0.3052,-34.4849,t004,FIJTB
2529171081,2165289,2,tobillo,terminal,-0.0972,0.9716,-0.0582,-8.5449,-0.6104,-30.3345,t004,FIJTB
2529171133,2165305,2,tobillo,terminal,-0.1262,0.9882,-0.0802,-11.5356,-2.9297,-27.4048,t004,FIJTB
2529171134,2165321,2,tobillo,terminal,-0.1561,0.9753,-0.0856,-18.1274,-4.9438,-26.8555,t004,FIJTB
2529171134,2165337,2,tobillo,terminal,-0.1155,1.0096,-0.0714,-19.7754,-3.9673,-29.1748,t004,FIJTB
2529171188,2165353,2,tobillo,terminal,-0.0796,0.9889,-0.0752,-19.1040,-4.5776,-30.9448,t004,FIJTB
2529171189,2165369,2,tobillo,terminal,-0.0798,0.9865,-0.0817,-21.1792,-7.8735,-32.8979,t004,FIJTB
2529171189,2165386,2,tobillo,terminal,-0.1128,0.9789,-0.0751,-22.0947,-8.9722,-33.8135,t004,FIJTB
2529171189,2165402,2,tobillo,terminal,-0.1096,0.9854,-0.0817,-21.5454,-7.5684,-36.9263,t004,FIJTB
2529171240,2165418,2,tobillo,terminal,-0.1133,0.9886,-0.1003,-21.7285,-3.2349,-44.0063,t004,FIJTB
2529171242,2165434,2,tobillo,terminal,-0.1042,0.9878,-0.1166,-20.9961,-1.2207,-47.9736,t004,FIJTB
2529171242,2165450,2,tobillo,terminal,-0.0778,0.9945,-0.1282,-18.5547,0.3052,-52.3682,t004,FIJTB
2529171296,2165466,2,tobillo,terminal,-0.0591,1.0011,-0.1237,-19.4702,-3.0518,-54.1992,t004,FIJTB
2529171296,2165482,2,tobillo,terminal,-0.0323,1.0032,-0.1188,-21.7285,-4.8218,-55.3589,t004,FIJTB
2529171297,2165498,2,tobillo,terminal,-0.0359,0.9991,-0.1246,-25.3296,-6.5308,-56.2744,t004,FIJTB
2529171346,2165514,2,tobillo,terminal,-0.0376,1.0099,-0.1329,-26.6724,-6.1035,-57.0068,t004,FIJTB
2529171348,2165530,2,tobillo,terminal,0.0126,1.0159,-0.1078,-26.6724,-5.0659,-54.7485,t004,FIJTB
2529171349,2165546,2,tobillo,terminal,0.0237,1.0181,-0.1124,-27.2217,-3.5400,-53.4058,t004,FIJTB
2529171349,2165562,2,tobillo,terminal,0.0417,1.0320,-0.1324,-27.2217,-4.4556,-53.8940,t004,FIJTB
2529171402,2165578,2,tobillo,terminal,0.0334,1.0643,-0.1190,-24.6582,-4.0894,-56.1523,t004,FIJTB
2529171403,2165594,2,tobillo,swing,0.0337,1.0702,-0.1193,-23.8037,0.6104,-64.9414,t004,FIJTB
2529171404,2165610,2,tobillo,swing,0.0574,1.0690,-0.1641,-27.3437,1.4038,-69.2749,t004,FIJTB
2529171453,2165626,2,tobillo,swing,0.0367,1.0696,-0.1807,-35.8276,2.8076,-73.0591,t004,FIJTB
2529171455,2165642,2,tobillo,swing,0.0513,1.0911,-0.1792,-35.8887,3.6011,-77.3315,t004,FIJTB
2529171456,2165658,2,tobillo,swing,0.0549,1.1060,-0.1890,-37.4146,5.1270,-89.0503,t004,FIJTB
2529171475,2165674,2,tobillo,swing,0.0421,1.1371,-0.1843,-37.0483,4.1504,-96.5576,t004,FIJTB
2529171509,2165690,2,tobillo,swing,0.0624,1.1864,-0.1506,-35.6445,3.9062,-98.8769,t004,FIJTB
2529171510,2165706,2,tobillo,swing,0.0793,1.2346,-0.1604,-35.8887,1.2817,-107.8491,t004,FIJTB
2529171510,2165722,2,tobillo,swing,0.0625,1.2435,-0.1611,-36.6821,-10.0708,-119.2627,t004,FIJTB
2529171558,2165738,2,tobillo,swing,0.0260,1.2924,-0.1204,-38.0249,-18.6768,-122.8638,t004,FIJTB
2529171559,2165754,2,tobillo,swing,0.0159,1.3226,-0.0841,-41.6870,-38.4521,-123.8403,t004,FIJTB
2529171560,2165770,2,tobillo,swing,0.0222,1.2693,-0.0209,-43.0298,-49.0723,-124.5117,t004,FIJTB
2529171612,2165786,2,tobillo,swing,0.1075,1.1730,0.0311,-48.5229,-70.6177,-136.7187,t004,FIJTB
2529171613,2165802,2,tobillo,swing,0.1392,1.1904,0.0282,-54.3213,-83.0078,-155.4565,t004,FIJTB
2529171613,2165818,2,tobillo,swing,0.0747,1.2910,-0.1036,-53.1006,-86.0596,-161.1328,t004,FIJTB
2529171661,2165834,2,tobillo,swing,0.0044,1.2629,-0.2567,-45.3491,-68.2373,-187.1338,t004,FIJTB
2529171663,2165850,2,tobillo,swing,0.0541,1.1875,-0.3162,-50.6592,-36.6821,-213.5620,t004,FIJTB
2529171663,2165866,2,tobillo,swing,0.1768,1.0598,-0.3766,-61.9507,-31.0669,-201.5991,t004,FIJTB
2529171715,2165882,2,tobillo,swing,0.1942,1.0582,-0.3191,-70.8008,-29.0527,-145.1416,t004,FIJTB
2529171716,2165898,2,tobillo,swing,0.4438,1.0435,-0.2896,-59.2041,-37.4756,-112.6099,t004,FIJTB
2529171716,2165914,2,tobillo,swing,0.2604,0.8370,-0.2759,-43.8232,-81.2378,-56.2134,t004,FIJTB
2529171716,2165930,2,tobillo,swing,-0.0701,0.6565,-0.2152,-30.5786,-114.2578,-26.8555,t004,FIJTB
2529171763,2165946,2,tobillo,swing,-0.3077,0.3182,-0.3883,-12.3291,-94.7876,-10.0708,t004,FIJTB
2529171766,2165963,2,tobillo,swing,-0.3394,0.5184,0.0554,-16.7236,-24.7803,51.6968,t004,FIJTB
2529171766,2165979,2,tobillo,swing,-0.4117,0.5735,0.2107,-1.4038,-19.3481,119.8120,t004,FIJTB
2529171817,2165994,2,tobillo,swing,-0.1898,0.4215,0.0765,23.4985,-18.4937,143.0054,t004,FIJTB
2529171818,2166010,2,tobillo,swing,-0.0262,0.3719,0.0557,50.1709,25.2686,161.8042,t004,FIJTB
2529171818,2166026,2,tobillo,swing,0.1034,0.5697,0.1792,54.5654,46.3867,179.6875,t004,FIJTB
2529171865,2166041,2,tobillo,swing,0.0415,0.7141,0.1343,71.7773,41.6870,237.5488,t004,FIJTB
2529171867,2166057,2,tobillo,swing,-0.0669,0.6401,0.1045,87.3413,25.9399,270.2026,t004,FIJTB
2529171868,2166073,2,tobillo,swing,-0.2357,0.6765,0.1199,86.3647,30.2124,276.3062,t004,FIJTB
2529171920,2166089,2,tobillo,swing,-0.2438,0.8611,0.1237,96.1914,39.8560,288.1470,t004,FIJTB
2529171921,2166104,2,tobillo,swing,-0.2460,1.0856,0.1335,106.8115,40.7715,287.5977,t004,FIJTB
2529171921,2166120,2,tobillo,swing,0.0300,1.3180,-0.0702,107.1777,41.6870,258.8501,t004,FIJTB
2529171944,2166136,2,tobillo,swing,0.2035,1.4961,-0.1704,105.1636,24.5972,255.3100,t004,FIJTB
2529171970,2166152,2,tobillo,swing,0.2042,1.6940,-0.2397,107.4829,10.3149,261.9019,t004,FIJTB
2529171971,2166167,2,tobillo,swing,0.1455,1.7205,-0.2501,99.4263,-4.6997,256.5308,t004,FIJTB
2529171971,2166183,2,tobillo,swing,0.3127,1.8328,-0.3458,90.4541,-0.4272,247.6196,t004,FIJTB
2529172023,2166199,2,tobillo,swing,0.2626,1.6749,-0.3818,74.8901,13.0615,239.4409,t004,FIJTB
2529172024,2166215,2,tobillo,swing,0.2220,1.5867,-0.3757,55.5420,29.4800,226.3183,t004,FIJTB
2529172024,2166231,2,tobillo,swing,0.2351,1.4950,-0.3164,47.9126,41.2598,218.9941,t004,FIJTB
2529172072,2166246,2,tobillo,swing,0.2316,1.4381,-0.2753,38.5742,56.3354,209.4116,t004,FIJTB
2529172072,2166262,2,tobillo,loading,0.1876,1.3430,-0.2039,35.7666,56.9458,202.8198,t004,FIJTB
2529172075,2166278,2,tobillo,loading,0.1804,1.2993,-0.0686,34.4238,50.9644,188.4155,t004,FIJTB
2529172127,2166294,2,tobillo,loading,0.2145,1.3168,-0.0208,42.8467,41.1377,161.4990,t004,FIJTB
2529172128,2166310,2,tobillo,loading,0.2089,1.3258,-0.1232,49.3164,35.7666,147.8882,t004,FIJTB
2529172128,2166325,2,tobillo,loading,0.1783,1.2692,-0.2025,59.2651,29.7852,122.0703,t004,FIJTB
2529172128,2166341,2,tobillo,loading,0.2021,1.0800,-0.2590,60.5469,26.1230,107.2388,t004,FIJTB
2529172176,2166357,2,tobillo,loading,0.3326,0.9326,-0.3036,52.0630,0.2441,70.9229,t004,FIJTB
2529172179,2166373,2,tobillo,loading,0.3099,0.8927,-0.2911,26.1230,-31.6772,53.6499,t004,FIJTB
2529172179,2166389,2,tobillo,loading,0.2247,0.9011,-0.2170,11.9019,-37.0483,47.9126,t004,FIJTB
2529172232,2166404,2,tobillo,loading,0.2212,0.9227,-0.2009,-5.8594,-21.8506,21.6064,t004,FIJTB
2529172232,2166420,2,tobillo,loading,0.2460,0.9231,-0.2355,-11.7187,-8.4229,7.9346,t004,FIJTB
2529172233,2166437,2,tobillo,loading,0.1741,0.8898,-0.2135,-26.4893,15.9912,-16.1743,t004,FIJTB
2529172281,2166453,2,tobillo,loading,0.1372,0.8960,-0.1940,-44.4336,37.7197,-45.6543,t004,FIJTB
2529172282,2166469,2,tobillo,midstance,-0.3101,0.9783,0.0070,-55.1758,49.0723,-52.6123,t004,FIJTB
2529172282,2166485,2,tobillo,midstance,-0.5745,0.9318,0.2255,-42.7856,79.7119,-41.1377,t004,FIJTB
2529172286,2166501,2,tobillo,midstance,-1.1143,0.7585,0.3925,-39.0625,67.5049,-46.3867,t004,FIJTB
2529172340,2166517,2,tobillo,midstance,-0.7500,0.8844,0.3136,-59.8144,64.8193,-74.8901,t004,FIJTB
2529172341,2166533,2,tobillo,midstance,-0.3417,1.3058,0.3390,-89.5386,66.2842,-112.3047,t004,FIJTB
2529172341,2166549,2,tobillo,midstance,0.1322,1.5508,0.2322,-80.8105,53.5889,-125.4883,t004,FIJTB
2529172391,2166565,2,tobillo,midstance,-0.1510,1.1758,-0.0338,-68.2983,44.9219,-124.2065,t004,FIJTB
2529172393,2166581,2,tobillo,midstance,-0.3601,1.0068,-0.0327,-82.0312,69.5190,-79.4678,t004,FIJTB
2529172395,2166597,2,tobillo,midstance,-0.3665,0.8850,0.0435,-82.5806,72.9980,-80.8105,t004,FIJTB
2529172448,2166613,2,tobillo,midstance,-0.1938,0.9307,0.0043,-44.3726,54.6875,-85.7544,t004,FIJTB
2529172448,2166629,2,tobillo,midstance,-0.0588,0.9916,-0.1052,-23.1934,16.0522,-56.0913,t004,FIJTB
2529172449,2166645,2,tobillo,midstance,-0.2399,0.9420,-0.0732,-14.7095,-0.9766,-34.9731,t004,FIJTB
2529172449,2166662,2,tobillo,midstance,-0.2054,0.9822,-0.0403,-21.4233,-20.3857,-33.9355,t004,FIJTB
2529172498,2166678,2,tobillo,midstance,-0.1077,1.0240,0.0225,-21.4233,-28.0151,-34.4849,t004,FIJTB
2529172500,2166694,2,tobillo,midstance,-0.2710,0.9231,0.0421,-4.6997,-32.4707,-24.7192,t004,FIJTB
2529172501,2166710,2,tobillo,midstance,-0.3533,0.9359,0.0200,-10.8643,-18.8599,-38.1470,t004,FIJTB
2529172555,2166726,2,tobillo,midstance,-0.3213,0.9841,-0.0220,-21.5454,-7.9346,-41.0767,t004,FIJTB
2529172556,2166742,2,tobillo,midstance,-0.2496,0.9825,-0.0851,-20.2026,-0.7935,-38.8794,t004,FIJTB
2529172556,2166758,2,tobillo,midstance,-0.2648,0.9606,-0.0900,-11.5356,-9.9487,-32.4707,t004,FIJTB
2529172606,2166774,2,tobillo,midstance,-0.2329,0.9735,-0.0240,-9.3994,-11.8408,-32.4707,t004,FIJTB
2529172608,2166791,2,tobillo,midstance,-0.2321,0.9581,0.0022,-8.6060,-12.8174,-34.6680,t004,FIJTB
2529172608,2166807,2,tobillo,midstance,-0.2285,0.9495,0.0129,-6.5308,-10.9253,-35.1563,t004,FIJTB
2529172609,2166823,2,tobillo,midstance,-0.1777,0.9629,0.0010,-8.4839,-10.3760,-36.6211,t004,FIJTB
2529172662,2166839,2,tobillo,midstance,-0.1637,0.9601,-0.0127,-9.5215,-13.9770,-32.4707,t004,FIJTB
2529172663,2166855,2,tobillo,midstance,-0.1769,0.9447,-0.0300,-9.0942,-17.2729,-29.8462,t004,FIJTB
2529172663,2166871,2,tobillo,midstance,-0.1730,0.9811,-0.0280,-10.4980,-20.0806,-27.8931,t004,FIJTB
2529172713,2166887,2,tobillo,midstance,-0.1964,0.9672,-0.0237,-15.3198,-14.2212,-32.1045,t004,FIJTB
2529172714,2166903,2,tobillo,terminal,-0.1890,0.9573,-0.0457,-15.8691,-8.1787,-33.8135,t004,FIJTB
2529172714,2166919,2,tobillo,terminal,-0.1422,0.9749,-0.0295,-15.1978,-1.7090,-35.5225,t004,FIJTB
2529172728,2166935,2,tobillo,terminal,-0.1467,0.9520,-0.0192,-10.1929,-1.7700,-33.6304,t004,FIJTB
2529172773,2166952,2,tobillo,terminal,-0.1443,0.9507,-0.0253,-9.5215,-0.1831,-33.5083,t004,FIJTB
2529172773,2166968,2,tobillo,terminal,-0.1418,0.9506,-0.0446,-10.5591,3.1738,-33.8745,t004,FIJTB
2529172774,2166984,2,tobillo,terminal,-0.1027,0.9961,-0.0533,-16.4795,0.9766,-34.7900,t004,FIJTB
2529172824,2167000,2,tobillo,terminal,-0.0937,0.9880,-0.0474,-18.2495,-0.3052,-33.8135,t004,FIJTB
2529172826,2167016,2,tobillo,terminal,-0.0691,1.0242,-0.0403,-21.7895,-0.1221,-34.4849,t004,FIJTB
2529172827,2167032,2,tobillo,terminal,-0.0818,1.0046,-0.0493,-21.9116,-0.8545,-35.6445,t004,FIJTB
2529172879,2167048,2,tobillo,terminal,-0.0994,0.9751,-0.0670,-21.5454,-2.9297,-37.2925,t004,FIJTB
2529172880,2167064,2,tobillo,terminal,-0.0811,0.9841,-0.0631,-23.9868,-4.0894,-39.3066,t004,FIJTB
2529172880,2167080,2,tobillo,terminal,-0.0441,0.9780,-0.0685,-25.4517,-4.0283,-40.0391,t004,FIJTB
2529172930,2167096,2,tobillo,terminal,-0.0398,0.9681,-0.0880,-26.3672,-4.7607,-39.3677,t004,FIJTB
2529172931,2167112,2,tobillo,terminal,-0.0432,0.9847,-0.1273,-24.8413,-8.3008,-37.3535,t004,FIJTB
2529172932,2167128,2,tobillo,terminal,-0.0380,0.9866,-0.1234,-21.3013,-6.3477,-41.2598,t004,FIJTB
2529172933,2167144,2,tobillo,terminal,0.0022,0.9731,-0.1058,-18.3716,-3.6621,-44.3115,t004,FIJTB
2529172985,2167160,2,tobillo,terminal,-0.0040,0.9932,-0.0939,-19.2871,-4.0894,-42.2363,t004,FIJTB
2529172986,2167176,2,tobillo,terminal,0.0089,0.9805,-0.0952,-20.2637,-3.2349,-42.5415,t004,FIJTB
2529172986,2167192,2,tobillo,terminal,0.0220,0.9827,-0.0898,-23.7427,-2.3804,-40.4053,t004,FIJTB
2529173036,2167208,2,tobillo,terminal,-0.0077,0.9910,-0.1141,-24.4141,-1.3428,-38.3911,t004,FIJTB
2529173036,2167225,2,tobillo,terminal,-0.0144,1.0077,-0.1278,-23.9868,0.5493,-39.0015,t004,FIJTB
2529173037,2167240,2,tobillo,terminal,-0.0228,1.0297,-0.1617,-23.4985,-0.9155,-48.1567,t004,FIJTB
2529173090,2167257,2,tobillo,terminal,-0.0016,1.0515,-0.1569,-24.2310,-3.4180,-53.1616,t004,FIJTB
2529173091,2167273,2,tobillo,terminal,0.0139,1.0652,-0.1407,-26.4893,-9.3384,-62.0117,t004,FIJTB
2529173091,2167289,2,tobillo,swing,0.0103,1.1035,-0.1403,-27.9541,-12.1460,-66.0400,t004,FIJTB
2529173092,2167305,2,tobillo,swing,-0.0217,1.1722,-0.1493,-29.2358,-15.5640,-75.9277,t004,FIJTB
2529173141,2167321,2,tobillo,swing,-0.0148,1.2025,-0.1469,-28.0151,-13.9160,-91.5527,t004,FIJTB
2529173142,2167337,2,tobillo,swing,0.0721,1.1962,-0.1283,-33.1421,-10.4980,-98.2056,t004,FIJTB
2529173142,2167353,2,tobillo,swing,0.0929,1.1904,-0.1565,-48.4619,-9.3994,-106.5063,t004,FIJTB
2529173199,2167369,2,tobillo,swing,0.0883,1.1877,-0.1387,-60.2417,-19.6533,-104.2480,t004,FIJTB
2529173199,2167385,2,tobillo,swing,0.1432,1.1976,-0.0410,-63.5986,-27.4048,-98.6938,t004,FIJTB
2529173199,2167401,2,tobillo,swing,0.1660,1.2312,-0.0070,-67.5049,-44.7388,-104.1260,t004,FIJTB
2529173249,2167417,2,tobillo,swing,0.1416,1.1995,0.0289,-69.9463,-53.2837,-111.9385,t004,FIJTB
2529173252,2167433,2,tobillo,swing,0.2291,1.1859,0.1130,-71.5332,-75.1953,-124.4507,t004,FIJTB
2529173252,2167449,2,tobillo,swing,0.3044,1.1676,0.1626,-62.2559,-102.1118,-119.2627,t004,FIJTB
2529173252,2167465,2,tobillo,swing,0.3290,1.0687,0.1360,-54.0161,-114.3799,-122.4976,t004,FIJTB
2529173303,2167481,2,tobillo,swing,0.2634,1.0309,0.0532,-41.7480,-118.8354,-137.0850,t004,FIJTB
2529173304,2167497,2,tobillo,swing,0.2532,0.9702,-0.2336,-41.6870,-105.3467,-141.9067,t004,FIJTB
2529173305,2167513,2,tobillo,swing,0.3257,1.0751,-0.2781,-56.5796,-61.0962,-137.0850,t004,FIJTB
2529173353,2167529,2,tobillo,swing,0.3762,1.0679,-0.2350,-50.7202,-39.3677,-112.4878,t004,FIJTB
2529173354,2167545,2,tobillo,swing,0.4940,0.9281,-0.4358,-45.5933,-42.5415,-105.5908,t004,FIJTB
2529173355,2167561,2,tobillo,swing,0.6750,1.0000,-0.5284,-44.0674,-61.8896,-75.8667,t004,FIJTB
2529173407,2167577,2,tobillo,swing,0.6062,0.9762,-0.5420,-47.9736,-81.4209,-25.6958,t004,FIJTB
2529173408,2167593,2,tobillo,swing,-0.0924,0.6548,-0.3586,-43.2739,-84.2895,-13.1836,t004,FIJTB
2529173408,2167609,2,tobillo,swing,-0.4725,0.4082,-0.2343,-2.7466,-40.1001,-14.3433,t004,FIJTB
2529173432,2167625,2,tobillo,swing,-0.6445,0.4038,-0.1078,-5.0659,-4.3945,51.4526,t004,FIJTB
2529173457,2167641,2,tobillo,swing,-0.4432,0.5712,0.0944,-7.1411,-13.0615,82.8247,t004,FIJTB
2529173459,2167657,2,tobillo,swing,-0.3213,0.5303,0.0483,21.7285,-41.4429,98.5718,t004,FIJTB
2529173459,2167673,2,tobillo,swing,-0.1177,0.5519,-0.0291,41.1987,-45.5322,99.7925,t004,FIJTB
2529173512,2167689,2,tobillo,swing,-0.1641,0.5957,0.0897,68.6646,-46.2036,142.0288,t004,FIJTB
2529173513,2167705,2,tobillo,swing,-0.2172,0.5691,0.1788,72.4487,-63.7817,195.8008,t004,FIJTB
2529173513,2167721,2,tobillo,swing,-0.3005,0.6851,0.2356,69.1528,-71.8994,208.3130,t004,FIJTB
2529173560,2167737,2,tobillo,swing,-0.3201,0.8048,0.2103,65.3687,-66.5894,220.5810,t004,FIJTB
2529173562,2167753,2,tobillo,swing,-0.2151,0.9241,0.1364,64.5752,-50.1099,224.7314,t004,FIJTB
2529173563,2167768,2,tobillo,swing,-0.0836,1.1339,0.0122,48.0347,-7.2021,235.9009,t004,FIJTB
2529173616,2167784,2,tobillo,swing,-0.1180,1.2609,-0.0305,27.5269,19.2871,252.2583,t004,FIJTB
2529173616,2167800,2,tobillo,swing,-0.0482,1.4401,-0.0621,23.5596,26.1841,250.4883,t004,FIJTB
2529173617,2167816,2,tobillo,swing,0.0643,1.5094,-0.1150,20.0806,30.2734,237.7319,t004,FIJTB
2529173665,2167832,2,tobillo,swing,0.1749,1.6099,-0.2097,21.2402,26.1230,240.2954,t004,FIJTB
2529173666,2167848,2,tobillo,swing,0.1367,1.5948,-0.0939,26.2451,24.9634,244.3848,t004,FIJTB
2529173667,2167864,2,tobillo,swing,0.1201,1.5601,-0.0234,36.6821,21.6064,244.1406,t004,FIJTB
2529173667,2167880,2,tobillo,swing,0.1036,1.5007,0.0543,40.1001,17.3340,241.1499,t004,FIJTB
2529173720,2167895,2,tobillo,swing,0.0698,1.4835,0.0717,45.1660,8.4229,234.8633,t004,FIJTB
2529173721,2167911,2,tobillo,swing,-0.0052,1.4568,0.0759,51.3306,9.7046,221.9848,t004,FIJTB
2529173721,2167927,2,tobillo,swing,-0.0199,1.3959,0.0437,53.4668,13.6719,212.2192,t004,FIJTB
2529173769,2167943,2,tobillo,swing,-0.0229,1.3802,0.0120,52.7954,23.4375,192.8711,t004,FIJTB
2529173771,2167958,2,tobillo,swing,-0.0072,1.3652,-0.0588,51.1475,29.0527,184.4482,t004,FIJTB
2529173772,2167974,2,tobillo,swing,0.0973,1.2960,-0.0906,49.4995,43.0298,167.1753,t004,FIJTB
2529173824,2167990,2,tobillo,swing,0.1001,1.2361,-0.1062,46.4478,47.8516,151.9165,t004,FIJTB
2529173825,2168006,2,tobillo,swing,0.0812,1.1648,-0.1846,42.4194,47.5464,142.0898,t004,FIJTB
2529173825,2168022,2,tobillo,swing,0.1151,1.1373,-0.2209,36.4380,51.3916,111.7554,t004,FIJTB
2529173825,2168038,2,tobillo,swing,0.1808,1.0076,-0.2498,33.9355,53.1006,95.7031,t004,FIJTB
2529173874,2168053,2,tobillo,swing,0.2626,0.9136,-0.2800,23.9258,47.2412,62.6221,t004,FIJTB
2529173875,2168069,2,tobillo,loading,0.2581,0.9086,-0.2804,9.6436,36.6821,35.0952,t004,FIJTB
2529173875,2168085,2,tobillo,loading,0.0963,0.8945,-0.2469,2.0142,34.1797,24.5361,t004,FIJTB
2529173934,2168101,2,tobillo,loading,0.0295,0.8722,-0.2240,-13.3057,37.3535,4.3335,t004,FIJTB
2529173934,2168117,2,tobillo,loading,-0.0494,0.8333,-0.1976,-20.2026,39.9780,-3.7231,t004,FIJTB
2529173934,2168133,2,tobillo,loading,-0.1134,0.8458,-0.2075,-29.5410,42.7246,-13.5498,t004,FIJTB
2529173935,2168149,2,tobillo,loading,-0.1488,0.8484,-0.2223,-35.2173,43.5791,-17.4561,t004,FIJTB
2529173985,2168165,2,tobillo,loading,-0.1819,0.8459,-0.2510,-39.5508,44.9219,-21.3623,t004,FIJTB
2529173985,2168181,2,tobillo,loading,-0.1628,0.8534,-0.2643,-51.2695,50.2930,-34.2407,t004,FIJTB
2529173987,2168197,2,tobillo,loading,-0.1682,0.8580,-0.2115,-64.1479,57.2510,-46.2646,t004,FIJTB
2529174040,2168213,2,tobillo,loading,-0.9076,1.0249,0.5262,-57.9834,59.8144,-36.8652,t004,FIJTB
2529174041,2168229,2,tobillo,loading,-1.2401,0.8586,0.6105,-20.5688,83.4961,-6.8970,t004,FIJTB
2529174042,2168245,2,tobillo,loading,-0.9583,0.5187,0.3071,-38.3911,97.7783,-33.7524,t004,FIJTB
2529174091,2168261,2,tobillo,loading,-0.1249,1.3501,0.5967,-106.6284,117.9809,-75.4395,t004,FIJTB
2529174094,2168277,2,tobillo,loading,0.1924,1.8059,0.6299,-85.3882,58.1665,-97.8393,t004,FIJTB
2529174094,2168293,2,tobillo,loading,0.2415,1.4707,0.2825,-47.2412,16.2354,-126.4038,t004,FIJTB
2529174095,2168308,2,tobillo,loading,-0.1427,0.9724,0.1210,-40.8936,-15.3198,-110.1684,t004,FIJTB
2529174147,2168324,2,tobillo,loading,-0.5430,0.7253,-0.1022,-72.7539,-8.6060,-73.5474,t004,FIJTB
2529174147,2168341,2,tobillo,loading,-0.3779,0.9816,-0.3058,-104.7363,22.4609,-27.3437,t004,FIJTB
2529174148,2168357,2,tobillo,loading,-0.3625,1.0798,-0.3613,-80.0171,29.8462,-41.1987,t004,FIJTB
2529174197,2168373,2,tobillo,midstance,-0.3857,1.1998,-0.2125,-67.0166,27.7710,-53.4668,t004,FIJTB
2529174198,2168389,2,tobillo,midstance,-0.2377,0.8876,-0.0021,-33.5083,25.0244,-60.3027,t004,FIJTB
2529174198,2168405,2,tobillo,midstance,-0.1818,0.8827,0.0530,2.5635,10.7422,-49.7436,t004,FIJTB
2529174258,2168421,2,tobillo,midstance,-0.1980,0.9512,0.0831,2.9907,4.5166,-37.5977,t004,FIJTB
2529174259,2168437,2,tobillo,midstance,-0.2477,0.9451,0.1017,-8.7280,4.6387,-25.0854,t004,FIJTB
2529174259,2168453,2,tobillo,midstance,-0.3652,0.9075,0.0269,-13.0615,7.2632,-26.2451,t004,FIJTB
2529174259,2168469,2,tobillo,midstance,-0.3562,0.9360,-0.0782,-22.5220,15.6860,-29.0527,t004,FIJTB
2529174312,2168484,2,tobillo,midstance,-0.3245,0.9368,-0.1007,-11.0474,9.9487,-27.2217,t004,FIJTB
2529174312,2168500,2,tobillo,midstance,-0.3063,0.9304,-0.0780,-7.8735,1.1597,-26.4893,t004,FIJTB
2529174315,2168517,2,tobillo,midstance,-0.2792,0.9454,-0.0111,-4.9438,-9.6436,-27.3437,t004,FIJTB
2529174331,2168533,2,tobillo,midstance,-0.2638,0.9525,0.0408,-5.1270,-9.6436,-31.1890,t004,FIJTB
2529174370,2168549,2,tobillo,midstance,-0.3119,0.9546,0.0212,-7.2632,-6.5918,-33.9966,t004,FIJTB
2529174371,2168565,2,tobillo,midstance,-0.3270,0.9142,0.0007,-2.5635,-0.1221,-33.8745,t004,FIJTB
2529174371,2168581,2,tobillo,midstance,-0.2169,0.9392,-0.0212,-1.9531,-0.4272,-30.8838,t004,FIJTB
2529174423,2168597,2,tobillo,midstance,-0.2771,0.9440,0.0129,-10.6812,-6.2866,-27.6489,t004,FIJTB
2529174425,2168613,2,tobillo,midstance,-0.2864,0.9369,-0.0079,-10.2539,-5.3711,-31.6772,t004,FIJTB
2529174425,2168629,2,tobillo,midstance,-0.2219,0.9607,-0.0223,-9.5825,-2.9297,-32.2266,t004,FIJTB
2529174480,2168645,2,tobillo,midstance,-0.2072,0.9381,-0.0162,-7.0190,0.8545,-31.2500,t004,FIJTB
2529174480,2168661,2,tobillo,midstance,-0.2140,0.9495,-0.0173,-10.1318,2.3193,-30.3955,t004,FIJTB
2529174481,2168677,2,tobillo,midstance,-0.1608,0.9677,-0.0095,-13.5498,2.5024,-30.1514,t004,FIJTB
2529174481,2168694,2,tobillo,midstance,-0.1090,0.9845,-0.0043,-18.0054,0.3662,-25.0854,t004,FIJTB
2529174532,2168710,2,tobillo,midstance,-0.1259,0.9816,-0.0205,-18.9209,-3.3569,-20.0195,t004,FIJTB
2529174532,2168726,2,tobillo,midstance,-0.1726,0.9700,-0.0416,-17.5781,-4.3335,-18.7378,t004,FIJTB
2529174534,2168742,2,tobillo,midstance,-0.1670,0.9781,-0.0487,-16.1743,-4.1504,-19.3481,t004,FIJTB
2529174589,2168758,2,tobillo,midstance,-0.1677,0.9670,-0.0457,-15.9912,-4.3335,-19.7754,t004,FIJTB
2529174590,2168774,2,tobillo,midstance,-0.1427,0.9768,-0.0400,-16.1133,-5.6152,-18.7988,t004,FIJTB
2529174590,2168790,2,tobillo,midstance,-0.1444,0.9760,-0.0450,-18.3105,-7.8125,-17.3340,t004,FIJTB
2529174641,2168806,2,tobillo,midstance,-0.1525,0.9827,-0.0521,-19.5313,-8.2397,-17.4561,t004,FIJTB
2529174641,2168822,2,tobillo,terminal,-0.1658,0.9808,-0.0581,-21.2402,-9.2773,-18.6768,t004,FIJTB
2529174642,2168838,2,tobillo,terminal,-0.1678,0.9767,-0.0674,-21.3623,-10.3149,-21.5454,t004,FIJTB
2529174642,2168854,2,tobillo,terminal,-0.1497,0.9624,-0.0540,-21.4233,-10.1929,-22.7661,t004,FIJTB
2529174700,2168870,2,tobillo,terminal,-0.1429,0.9608,-0.0454,-22.2168,-7.5684,-25.3296,t004,FIJTB
2529174701,2168886,2,tobillo,terminal,-0.1594,0.9875,-0.0651,-22.2778,-5.7373,-27.8931,t004,FIJTB
2529174702,2168902,2,tobillo,terminal,-0.1713,0.9805,-0.1210,-18.3716,-0.6714,-36.1328,t004,FIJTB
2529174704,2168918,2,tobillo,terminal,-0.1395,0.9718,-0.1172,-13.7329,0.3052,-44.0063,t004,FIJTB
2529174754,2168934,2,tobillo,terminal,-0.0818,0.9768,-0.1010,-13.8550,-0.1221,-46.2646,t004,FIJTB
2529174756,2168950,2,tobillo,terminal,-0.0778,0.9536,-0.1062,-19.0430,-7.8735,-44.4946,t004,FIJTB
2529174756,2168966,2,tobillo,terminal,-0.1259,0.9980,-0.1255,-23.6206,-12.0239,-41.3208,t004,FIJTB
2529174810,2168982,2,tobillo,terminal,-0.0894,1.0194,-0.1173,-23.9868,-9.3384,-46.2646,t004,FIJTB
2529174810,2168998,2,tobillo,terminal,-0.0604,1.0077,-0.1110,-22.2778,-3.5400,-52.9785,t004,FIJTB
2529174811,2169015,2,tobillo,terminal,-0.0360,1.0054,-0.0845,-23.6816,-3.2349,-50.9033,t004,FIJTB
2529174861,2169031,2,tobillo,terminal,-0.0348,1.0121,-0.1166,-28.4424,-3.6621,-46.6919,t004,FIJTB
2529174861,2169047,2,tobillo,swing,-0.0468,1.0115,-0.1406,-31.4941,-3.8452,-50.5371,t004,FIJTB
2529174862,2169063,2,tobillo,swing,-0.0311,1.0132,-0.1648,-31.9214,-3.6621,-53.8940,t004,FIJTB
2529174865,2169079,2,tobillo,swing,-0.0422,1.0458,-0.1652,-33.0811,-5.3101,-59.6313,t004,FIJTB
2529174921,2169095,2,tobillo,swing,-0.0408,1.0649,-0.1571,-32.7759,-5.9814,-67.0776,t004,FIJTB
2529174921,2169112,2,tobillo,swing,-0.0006,1.0645,-0.1323,-32.4707,-4.5776,-71.0449,t004,FIJTB
2529174921,2169128,2,tobillo,swing,0.0109,1.0692,-0.1418,-35.8887,-0.1831,-77.2095,t004,FIJTB
2529174973,2169144,2,tobillo,swing,-0.0239,1.0963,-0.1888,-40.6494,2.3193,-81.5430,t004,FIJTB
2529174975,2169160,2,tobillo,swing,0.0391,1.1282,-0.1570,-41.2598,1.4038,-86.1816,t004,FIJTB
2529174976,2169176,2,tobillo,swing,0.0922,1.1375,-0.1252,-46.0205,-4.0894,-94.8486,t004,FIJTB
2529175010,2169192,2,tobillo,swing,0.1273,1.1802,-0.1044,-50.2930,-11.3525,-94.6045,t004,FIJTB
2529175029,2169209,2,tobillo,swing,0.0880,1.1819,-0.0913,-60.9131,-25.8789,-92.1631,t004,FIJTB
2529175029,2169225,2,tobillo,swing,0.1134,1.1953,-0.0758,-63.1714,-41.0767,-106.0181,t004,FIJTB
2529175030,2169241,2,tobillo,swing,0.1705,1.2102,-0.0076,-63.4155,-50.5371,-112.3047,t004,FIJTB
2529175079,2169257,2,tobillo,swing,0.1454,1.1425,0.1089,-62.9272,-72.3267,-119.5068,t004,FIJTB
2529175080,2169273,2,tobillo,swing,0.1997,1.0984,0.1407,-62.0117,-102.0508,-123.9014,t004,FIJTB
2529175081,2169289,2,tobillo,swing,0.3142,1.1575,0.1104,-63.2935,-118.8354,-129.5776,t004,FIJTB
2529175133,2169305,2,tobillo,swing,0.2643,1.2496,0.0415,-64.1479,-132.4463,-140.4419,t004,FIJTB
2529175134,2169321,2,tobillo,swing,0.1111,1.3140,-0.1580,-61.7676,-120.6055,-146.6675,t004,FIJTB
2529175134,2169337,2,tobillo,swing,0.0756,1.2639,-0.2787,-56.8237,-79.0405,-155.2124,t004,FIJTB
2529175176,2169353,2,tobillo,swing,0.1202,1.2455,-0.3701,-59.0210,-55.1147,-133.0566,t004,FIJTB
2529175184,2169369,2,tobillo,swing,0.3246,1.1880,-0.4059,-59.5703,-50.2930,-119.3848,t004,FIJTB
2529175186,2169385,2,tobillo,swing,0.3994,1.2002,-0.4404,-63.0493,-45.8984,-99.1821,t004,FIJTB
2529175187,2169401,2,tobillo,swing,0.2034,1.1488,-0.4789,-54.0161,-56.4575,-60.7300,t004,FIJTB
2529175240,2169417,2,tobillo,swing,-0.2053,0.7029,-0.3542,-41.5649,-48.8281,-55.0537,t004,FIJTB
2529175240,2169433,2,tobillo,swing,-0.3092,0.4065,-0.2479,-7.0190,0.4272,-50.3540,t004,FIJTB
2529175240,2169449,2,tobillo,swing,-0.0983,0.4150,-0.2783,-1.4648,32.1045,-6.5308,t004,FIJTB
2529175290,2169465,2,tobillo,swing,-0.2090,0.6638,0.0490,-16.1133,47.4853,86.4258,t004,FIJTB
2529175291,2169481,2,tobillo,swing,-0.2582,0.5720,0.0841,20.0195,2.7466,107.8491,t004,FIJTB
2529175291,2169497,2,tobillo,swing,-0.1316,0.4122,0.0664,40.6494,-11.1084,104.1260,t004,FIJTB
2529175344,2169512,2,tobillo,swing,-0.0773,0.4608,0.0453,64.9414,-31.7383,124.5727,t004,FIJTB
2529175345,2169528,2,tobillo,swing,-0.0765,0.5138,0.0660,72.1436,-44.8608,154.6021,t004,FIJTB
2529175346,2169544,2,tobillo,swing,-0.1100,0.5234,0.1899,79.2847,-54.9927,197.8760,t004,FIJTB
2529175394,2169560,2,tobillo,swing,-0.1454,0.6198,0.2191,84.5337,-42.7856,207.8857,t004,FIJTB
2529175394,2169576,2,tobillo,swing,-0.2092,0.7679,0.1534,91.9800,-36.9873,216.9800,t004,FIJTB
2529175396,2169592,2,tobillo,swing,-0.2058,0.7916,0.1178,104.4922,-18.0664,230.8960,t004,FIJTB
2529175397,2169607,2,tobillo,swing,-0.1731,0.8940,0.0784,100.0366,6.6528,236.8774,t004,FIJTB
2529175449,2169623,2,tobillo,swing,-0.0972,1.1534,-0.0565,90.3320,17.3340,242.1875,t004,FIJTB
2529175449,2169639,2,tobillo,swing,-0.0457,1.3276,-0.1047,77.4536,32.0435,249.6338,t004,FIJTB
2529175449,2169655,2,tobillo,swing,0.0114,1.5236,-0.1667,78.3081,34.8511,247.2534,t004,FIJTB
2529175497,2169671,2,tobillo,swing,0.2357,1.6766,-0.2990,77.3315,33.0200,232.6660,t004,FIJTB
2529175499,2169687,2,tobillo,swing,0.2609,1.6680,-0.3320,74.2188,32.2266,239.1968,t004,FIJTB
2529175500,2169703,2,tobillo,swing,0.1125,1.5826,-0.2487,69.4580,34.1187,244.8730,t004,FIJTB
2529175554,2169718,2,tobillo,swing,0.1157,1.5680,-0.1920,61.5845,45.8984,237.1826,t004,FIJTB
2529175554,2169734,2,tobillo,swing,0.1761,1.5223,-0.1570,61.0352,49.8657,229.1870,t004,FIJTB
2529175555,2169750,2,tobillo,swing,0.1779,1.4828,-0.1598,62.6831,46.3257,217.9565,t004,FIJTB
2529175555,2169766,2,tobillo,swing,0.1576,1.4733,-0.1493,67.1997,39.1235,205.9936,t004,FIJTB
2529175603,2169782,2,tobillo,loading,0.0862,1.4180,-0.1453,68.7866,36.3770,196.8384,t004,FIJTB
2529175604,2169798,2,tobillo,loading,0.0927,1.3959,-0.1826,66.8945,31.2500,173.1567,t004,FIJTB
2529175604,2169814,2,tobillo,loading,0.1771,1.3522,-0.2507,66.7725,27.4658,162.5366,t004,FIJTB
2529175661,2169829,2,tobillo,loading,0.1768,1.1138,-0.2523,68.1152,16.1743,137.2681,t004,FIJTB
2529175661,2169845,2,tobillo,loading,0.1794,1.0321,-0.2545,54.6265,2.4414,100.4028,t004,FIJTB
2529175662,2169861,2,tobillo,loading,0.2777,1.0200,-0.2560,44.7998,-2.9907,83.1299,t004,FIJTB
2529175662,2169877,2,tobillo,loading,0.3265,1.0161,-0.2507,28.8086,-5.3101,54.4434,t004,FIJTB
2529175712,2169893,2,tobillo,loading,0.2849,0.9327,-0.2178,21.0571,-1.7090,40.1611,t004,FIJTB
2529175715,2169909,2,tobillo,loading,0.3059,0.9065,-0.2079,-1.4038,8.3008,8.4839,t004,FIJTB
2529175715,2169925,2,tobillo,loading,0.3247,0.9486,-0.2166,-22.8271,20.4468,-20.6909,t004,FIJTB
2529175767,2169941,2,tobillo,loading,0.2041,0.9717,-0.1824,-28.6865,29.9072,-34.2407,t004,FIJTB
2529175767,2169957,2,tobillo,loading,-0.1725,1.0811,-0.0724,-37.6587,45.5933,-60.1807,t004,FIJTB
2529175768,2169973,2,tobillo,loading,-0.4143,1.0903,0.1157,-9.7656,39.3066,-61.4014,t004,FIJTB
2529175816,2169989,2,tobillo,loading,-0.8872,0.6858,0.3350,5.9204,20.9351,-62.1948,t004,FIJTB
2529175818,2170005,2,tobillo,loading,-0.9578,0.6819,0.2842,-10.1929,-19.0430,-89.0503,t004,FIJTB
2529175819,2170021,2,tobillo,loading,-0.6227,1.3674,0.1206,-34.6069,-22.4609,-97.7173,t004,FIJTB
2529175864,2170037,2,tobillo,loading,-0.1210,1.4636,0.0203,-72.7539,-0.1221,-103.5767,t004,FIJTB
2529175872,2170053,2,tobillo,loading,-0.1345,1.0656,0.1442,-82.3975,16.8457,-84.4726,t004,FIJTB
2529175873,2170069,2,tobillo,loading,-0.2047,0.8346,0.2732,-88.5620,14.7705,-71.5942,t004,FIJTB
2529175873,2170085,2,tobillo,loading,-0.1141,0.9993,0.0577,-64.2700,5.3711,-63.7817,t004,FIJTB
2529175922,2170101,2,tobillo,midstance,-0.2563,0.9868,-0.0734,-37.3535,-15.3809,-39.9170,t004,FIJTB
2529175923,2170117,2,tobillo,midstance,-0.4935,0.9445,-0.1884,-42.5415,-16.7236,-28.1372,t004,FIJTB
2529175923,2170133,2,tobillo,midstance,-0.4025,0.9810,-0.1360,-57.8003,3.3569,-27.7710,t004,FIJTB
2529175981,2170149,2,tobillo,midstance,-0.1807,1.0417,-0.0968,-51.3306,3.9062,-31.7383,t004,FIJTB
2529175981,2170165,2,tobillo,midstance,-0.3297,0.9434,-0.1050,-22.8882,-17.7612,-34.3628,t004,FIJTB
2529175982,2170181,2,tobillo,midstance,-0.3784,0.9319,-0.0417,-3.5400,-20.6909,-42.7246,t004,FIJTB
2529175983,2170198,2,tobillo,midstance,-0.3339,0.9973,0.0172,12.0850,-14.0991,-57.4341,t004,FIJTB
2529176034,2170214,2,tobillo,midstance,-0.3711,0.9458,-0.0641,15.6860,-6.1035,-70.0073,t004,FIJTB
2529176035,2170230,2,tobillo,midstance,-0.3717,0.9054,-0.0175,-9.4604,8.0566,-47.4853,t004,FIJTB
2529176036,2170246,2,tobillo,midstance,-0.2847,0.9213,-0.0459,-9.0942,12.5122,-41.9922,t004,FIJTB
2529176089,2170262,2,tobillo,midstance,-0.2601,0.9353,-0.0399,-1.2207,15.3809,-37.2925,t004,FIJTB
2529176089,2170278,2,tobillo,midstance,-0.2678,0.9388,-0.0164,-0.3052,13.0005,-31.9214,t004,FIJTB
2529176090,2170294,2,tobillo,midstance,-0.1968,0.9658,0.0154,-2.6245,10.8643,-31.0059,t004,FIJTB
2529176140,2170311,2,tobillo,midstance,-0.1786,0.9497,0.0262,-2.2583,4.5166,-26.6724,t004,FIJTB
2529176142,2170327,2,tobillo,midstance,-0.1775,0.9741,0.0132,-5.2490,0.6104,-24.3530,t004,FIJTB
2529176144,2170343,2,tobillo,midstance,-0.2312,0.9406,0.0007,-11.1084,-2.5024,-17.7002,t004,FIJTB
2529176144,2170359,2,tobillo,midstance,-0.1975,0.9617,-0.0084,-15.1978,-5.8594,-11.2915,t004,FIJTB
2529176197,2170375,2,tobillo,midstance,-0.1245,0.9607,0.0031,-14.0381,-8.6060,-7.7515,t004,FIJTB
2529176197,2170391,2,tobillo,midstance,-0.1382,0.9951,-0.0076,-18.6768,-11.5967,2.9297,t004,FIJTB
2529176197,2170407,2,tobillo,midstance,-0.2220,0.9703,-0.0099,-16.8457,-11.8408,3.6011,t004,FIJTB
2529176249,2170423,2,tobillo,midstance,-0.2736,0.9414,-0.0272,-14.4653,-13.0615,2.3193,t004,FIJTB
2529176250,2170439,2,tobillo,midstance,-0.2646,0.9530,-0.0295,-12.4512,-13.4277,-2.1973,t004,FIJTB
2529176250,2170455,2,tobillo,midstance,-0.2368,0.9453,-0.0485,-11.5967,-11.3525,-4.2725,t004,FIJTB
2529176304,2170471,2,tobillo,midstance,-0.2308,0.9500,-0.0416,-10.6201,-9.6436,-5.9814,t004,FIJTB
2529176305,2170488,2,tobillo,midstance,-0.2262,0.9526,-0.0278,-10.9253,-11.2915,-7.0801,t004,FIJTB
2529176312,2170504,2,tobillo,midstance,-0.2180,0.9232,-0.0145,-9.6436,-12.8174,-7.9346,t004,FIJTB
2529176356,2170520,2,tobillo,midstance,-0.2257,0.9696,-0.0371,-10.3149,-15.3198,-9.3994,t004,FIJTB
2529176357,2170536,2,tobillo,midstance,-0.2280,0.9404,-0.0504,-5.4932,-17.3340,-16.7236,t004,FIJTB
2529176357,2170552,2,tobillo,midstance,-0.1985,0.9688,-0.0422,-7.4463,-17.2119,-18.4937,t004,FIJTB
2529176357,2170568,2,tobillo,midstance,-0.1659,0.9597,-0.0331,-15.6860,-18.6768,-14.4653,t004,FIJTB
2529176409,2170585,2,tobillo,midstance,-0.2065,1.0254,-0.0240,-15.9302,-18.0054,-13.4277,t004,FIJTB
2529176410,2170601,2,tobillo,midstance,-0.2524,0.9746,-0.0521,-10.2539,-12.2070,-21.7285,t004,FIJTB
2529176410,2170617,2,tobillo,midstance,-0.2181,0.9520,-0.0618,-7.7515,-7.4463,-31.6162,t004,FIJTB
2529176459,2170633,2,tobillo,midstance,-0.2041,0.9563,-0.0605,-13.2446,-13.0005,-31.0059,t004,FIJTB
2529176461,2170649,2,tobillo,midstance,-0.2405,0.9684,-0.0559,-15.1367,-13.3057,-33.6914,t004,FIJTB
2529176462,2170665,2,tobillo,midstance,-0.2145,0.9781,-0.0486,-14.2212,-5.2490,-43.5791,t004,FIJTB
2529176515,2170681,2,tobillo,midstance,-0.1472,0.9852,-0.0797,-12.3291,-0.0610,-48.0347,t004,FIJTB
2529176516,2170698,2,tobillo,midstance,-0.1765,0.9583,-0.1161,-11.2915,1.8311,-51.2085,t004,FIJTB
2529176517,2170714,2,tobillo,midstance,-0.1449,0.9617,-0.1006,-10.1929,-1.4648,-51.5747,t004,FIJTB
2529176517,2170730,2,tobillo,midstance,-0.0845,0.9659,-0.0795,-11.6577,-2.3193,-52.0019,t004,FIJTB
2529176567,2170746,2,tobillo,midstance,-0.1115,0.9778,-0.0994,-16.2964,-4.4556,-52.1851,t004,FIJTB
2529176567,2170762,2,tobillo,midstance,-0.1344,0.9819,-0.1146,-18.3105,-3.9062,-57.0679,t004,FIJTB
2529176567,2170778,2,tobillo,midstance,-0.1224,1.0038,-0.1233,-19.2871,-3.1128,-61.4014,t004,FIJTB
2529176619,2170794,2,tobillo,midstance,-0.0839,1.0111,-0.1193,-23.9868,-2.1973,-67.6880,t004,FIJTB
2529176619,2170811,2,tobillo,midstance,-0.0074,0.9824,-0.1058,-26.8555,-2.3193,-64.0869,t004,FIJTB
2529176619,2170827,2,tobillo,midstance,0.0347,0.9792,-0.1112,-31.1890,-3.8452,-49.7436,t004,FIJTB
2529176671,2170843,2,tobillo,midstance,0.0310,0.9794,-0.1194,-32.6538,-6.4697,-46.3257,t004,FIJTB
2529176671,2170859,2,tobillo,midstance,-0.0077,1.0115,-0.1448,-32.2876,-6.8359,-46.8750,t004,FIJTB
2529176671,2170875,2,tobillo,midstance,-0.0321,1.0360,-0.1702,-29.3579,-5.4321,-52.2461,t004,FIJTB
2529176722,2170891,2,tobillo,midstance,-0.0031,1.0479,-0.1552,-26.8555,-5.2490,-60.9741,t004,FIJTB
2529176722,2170908,2,tobillo,midstance,0.0183,1.0933,-0.1030,-27.4048,-6.2866,-64.8804,t004,FIJTB
2529176723,2170924,2,tobillo,terminal,-0.0461,1.1543,-0.1410,-31.7993,-8.4229,-72.9370,t004,FIJTB
2529176770,2170940,2,tobillo,terminal,-0.0778,1.1821,-0.1458,-39.5508,-9.1553,-79.8950,t004,FIJTB
2529176773,2170956,2,tobillo,terminal,0.0295,1.1910,-0.0746,-46.3257,-8.1787,-83.6792,t004,FIJTB
2529176774,2170972,2,tobillo,terminal,0.0796,1.2107,-0.0249,-58.4106,-13.0005,-93.6279,t004,FIJTB
2529176774,2170988,2,tobillo,terminal,0.1483,1.2748,-0.0269,-59.2651,-20.7520,-96.9238,t004,FIJTB
2529176825,2171004,2,tobillo,terminal,0.1080,1.1263,-0.0074,-62.9272,-38.7573,-100.2197,t004,FIJTB
2529176825,2171020,2,tobillo,terminal,0.0837,1.1013,-0.0052,-67.2607,-54.6265,-112.6099,t004,FIJTB
2529176826,2171036,2,tobillo,terminal,0.0995,1.1411,-0.0099,-67.3828,-61.4014,-118.5913,t004,FIJTB
2529176873,2171052,2,tobillo,terminal,0.1256,1.1661,-0.0127,-59.5093,-82.0312,-126.4648,t004,FIJTB
2529176875,2171068,2,tobillo,terminal,0.1396,1.1753,-0.0435,-48.4009,-106.3232,-141.9678,t004,FIJTB
2529176875,2171084,2,tobillo,terminal,0.1227,1.2076,-0.1896,-47.4243,-112.4878,-148.4985,t004,FIJTB
2529176925,2171100,2,tobillo,terminal,0.1002,1.2341,-0.2816,-57.5561,-100.4028,-141.7236,t004,FIJTB
2529176926,2171116,2,tobillo,terminal,0.1312,1.2760,-0.2690,-66.6504,-85.9375,-131.5308,t004,FIJTB
2529176926,2171132,2,tobillo,terminal,0.4727,1.2057,-0.1729,-60.8520,-63.7207,-108.0322,t004,FIJTB
2529176974,2171149,2,tobillo,terminal,0.5947,1.1343,-0.2997,-39.6729,-74.1577,-90.4541,t004,FIJTB
2529176975,2171165,2,tobillo,terminal,0.3036,1.0895,-0.5238,-41.5039,-89.9048,-74.2188,t004,FIJTB
2529176976,2171181,2,tobillo,terminal,-0.1138,0.8923,-0.3826,-37.7808,-85.3882,-36.8042,t004,FIJTB
2529177027,2171197,2,tobillo,terminal,-0.2430,0.5128,-0.2375,3.2959,-14.9536,-57.0068,t004,FIJTB
2529177028,2171213,2,tobillo,terminal,-0.3468,0.2307,-0.2740,11.1084,13.4888,-58.5937,t004,FIJTB
2529177029,2171229,2,tobillo,terminal,-0.3690,0.5515,-0.0723,-10.8643,22.2168,41.9311,t004,FIJTB
2529177065,2171244,2,tobillo,terminal,-0.3389,0.5704,0.1021,3.9062,7.1411,87.7685,t004,FIJTB
2529177075,2171260,2,tobillo,terminal,-0.2258,0.2943,-0.0135,46.4478,-20.8740,97.4731,t004,FIJTB
2529177078,2171276,2,tobillo,terminal,-0.2021,0.3893,-0.0435,66.9556,-20.4468,105.1025,t004,FIJTB
2529177078,2171292,2,tobillo,terminal,-0.2688,0.5951,0.0135,79.5898,-20.5688,142.1509,t004,FIJTB
2529177129,2171308,2,tobillo,terminal,-0.3281,0.5359,0.1250,95.7642,-28.7476,198.1811,t004,FIJTB
2529177130,2171324,2,tobillo,terminal,-0.2665,0.6360,0.2576,100.0976,-27.0386,192.2607,t004,FIJTB
2529177130,2171340,2,tobillo,terminal,-0.1635,0.8138,0.1052,106.6894,-21.1792,196.2280,t004,FIJTB
2529177177,2171355,2,tobillo,swing,-0.1742,0.8134,0.0447,104.8584,1.0986,216.3086,t004,FIJTB
2529177177,2171371,2,tobillo,swing,-0.2546,1.0018,-0.0105,90.8203,21.2402,228.3935,t004,FIJTB
2529177177,2171387,2,tobillo,swing,-0.2262,1.1644,-0.0341,65.0024,58.7769,241.6992,t004,FIJTB
2529177233,2171403,2,tobillo,swing,-0.0898,1.3914,-0.1724,53.3447,75.9888,225.6470,t004,FIJTB
2529177233,2171419,2,tobillo,swing,0.1296,1.6895,-0.3645,51.8188,80.2002,221.3745,t004,FIJTB
2529177234,2171434,2,tobillo,swing,0.1663,1.7278,-0.4216,58.3496,82.2143,230.7739,t004,FIJTB
2529177235,2171450,2,tobillo,swing,0.0916,1.6039,-0.4103,57.9834,79.1626,232.1167,t004,FIJTB
2529177282,2171466,2,tobillo,swing,0.1232,1.5930,-0.4105,48.4619,72.8149,218.2617,t004,FIJTB
2529177284,2171482,2,tobillo,swing,0.1589,1.5422,-0.4110,42.5415,63.8428,214.2334,t004,FIJTB
2529177285,2171497,2,tobillo,swing,0.0551,1.4154,-0.3699,40.0391,55.2978,214.3555,t004,FIJTB
2529177336,2171513,2,tobillo,swing,0.0416,1.3837,-0.3510,34.3018,38.6963,204.7119,t004,FIJTB
2529177336,2171529,2,tobillo,swing,0.0463,1.3516,-0.2667,31.9824,32.2876,198.6084,t004,FIJTB
2529177336,2171545,2,tobillo,swing,0.0288,1.3180,-0.2037,29.1748,25.2686,185.9741,t004,FIJTB
2529177385,2171561,2,tobillo,swing,0.0065,1.2454,-0.0641,30.3345,26.9775,164.9780,t004,FIJTB
2529177386,2171576,2,tobillo,swing,0.1193,1.2466,-0.0048,33.5083,28.1372,150.9399,t004,FIJTB
2529177386,2171592,2,tobillo,swing,0.1222,1.2313,-0.0432,40.5273,28.4424,127.3193,t004,FIJTB
2529177438,2171608,2,tobillo,swing,0.0333,1.1016,-0.1360,41.0156,28.5645,117.0654,t004,FIJTB
2529177439,2171624,2,tobillo,swing,0.0614,1.0381,-0.1591,36.6821,26.0010,85.3271,t004,FIJTB
2529177486,2171640,2,tobillo,swing,0.2003,0.9851,-0.1788,26.9775,8.7280,57.8613,t004,FIJTB
2529177489,2171656,2,tobillo,swing,0.1281,0.9114,-0.1508,19.3481,-0.3052,51.9409,t004,FIJTB
2529177489,2171672,2,tobillo,swing,0.0676,0.8815,-0.1345,2.8687,-2.6245,36.5601,t004,FIJTB
2529177490,2171688,2,tobillo,swing,0.1014,0.9081,-0.1436,-3.1128,1.6479,24.7803,t004,FIJTB
2529177490,2171703,2,tobillo,swing,0.0277,0.8903,-0.1785,-12.0850,7.9346,5.2490,t004,FIJTB
2529177540,2171719,2,tobillo,swing,-0.0225,0.8840,-0.1616,-22.7661,13.2446,-12.5122,t004,FIJTB
2529177541,2171735,2,tobillo,swing,-0.0016,0.8960,-0.0812,-26.4893,15.9912,-24.1699,t004,FIJTB
2529177541,2171751,2,tobillo,swing,0.0092,0.8964,-0.0571,-31.0059,16.9678,-46.8750,t004,FIJTB
2529177588,2171767,2,tobillo,swing,-0.0278,0.9044,-0.0522,-32.5928,15.5029,-54.3823,t004,FIJTB
2529177590,2171783,2,tobillo,swing,-0.0712,0.9030,-0.0005,-35.2173,16.4795,-64.6973,t004,FIJTB
2529177591,2171799,2,tobillo,swing,-0.1074,0.8802,0.0315,-34.6069,20.3857,-74.1577,t004,FIJTB
2529177642,2171815,2,tobillo,swing,-1.0364,0.9019,0.5632,-28.0762,19.0430,-66.4673,t004,FIJTB
2529177643,2171831,2,tobillo,swing,-1.7170,0.6409,0.5027,20.5688,-5.9204,0.7935,t004,FIJTB
2529177643,2171847,2,tobillo,swing,-1.1218,0.5085,0.1960,5.2490,1.4038,-73.4253,t004,FIJTB
2529177691,2171863,2,tobillo,swing,0.1108,1.1428,0.2308,-11.6577,17.0898,-103.0273,t004,FIJTB
2529177694,2171879,2,tobillo,swing,-0.2260,1.2845,0.1976,-49.3164,-24.3530,-43.6401,t004,FIJTB
2529177694,2171895,2,tobillo,swing,-0.4773,1.4374,0.1296,-68.8477,-43.6401,-37.1094,t004,FIJTB
2529177702,2171911,2,tobillo,swing,0.0344,1.1116,0.0844,-65.7349,-2.1362,-84.3506,t004,FIJTB
2529177745,2171927,2,tobillo,swing,-0.0067,1.0657,0.0968,-51.0254,-9.7046,-61.4014,t004,FIJTB
2529177746,2171943,2,tobillo,swing,-0.4196,0.9789,-0.1556,-39.1846,-15.3809,-56.2744,t004,FIJTB
2529177746,2171959,2,tobillo,swing,-0.5721,0.8894,-0.3026,-23.9258,0.1831,-65.9790,t004,FIJTB
2529177796,2171975,2,tobillo,swing,-0.5056,0.8461,-0.2435,-33.5693,12.0850,-44.6777,t004,FIJTB
2529177797,2171991,2,tobillo,swing,-0.2012,1.0016,-0.1100,-37.9639,10.9253,-30.4565,t004,FIJTB
2529177797,2172007,2,tobillo,swing,-0.1599,1.0359,-0.0760,-29.7852,-2.0752,-14.0991,t004,FIJTB
2529177849,2172023,2,tobillo,swing,-0.3020,0.9023,-0.0393,-22.4609,-9.3994,-13.8550,t004,FIJTB
2529177849,2172039,2,tobillo,swing,-0.2988,0.9563,0.0005,-20.6299,-12.3901,-9.3384,t004,FIJTB
2529177850,2172055,2,tobillo,swing,-0.2357,1.0254,0.0216,-17.2119,-8.4229,-1.5259,t004,FIJTB
2529177898,2172071,2,tobillo,swing,-0.2434,0.9803,0.0165,-12.6953,-8.6060,-2.0142,t004,FIJTB
2529177900,2172087,2,tobillo,swing,-0.3353,0.9109,-0.0233,-13.1836,-7.8735,-2.5635,t004,FIJTB
2529177901,2172103,2,tobillo,swing,-0.4033,0.9073,-0.0914,-13.4888,-5.4321,-3.0518,t004,FIJTB
2529177946,2172119,2,tobillo,swing,-0.3174,0.9341,-0.0962,-7.8735,-6.2256,-3.4790,t004,FIJTB
2529177954,2172135,2,tobillo,swing,-0.3170,0.9259,-0.0778,-0.3052,-11.4746,-1.5259,t004,FIJTB
2529177954,2172151,2,tobillo,swing,-0.2852,0.9470,-0.0376,0.4272,-14.5874,-1.3428,t004,FIJTB
2529177955,2172167,2,tobillo,swing,-0.3396,0.9268,-0.0853,1.6479,-19.4092,-0.0610,t004,FIJTB
2529178003,2172183,2,tobillo,loading,-0.3706,0.9254,-0.1071,6.6528,-19.8975,-0.4272,t004,FIJTB
2529178003,2172199,2,tobillo,loading,-0.3738,0.9175,-0.1021,10.1318,-18.7988,-2.0142,t004,FIJTB
2529178003,2172215,2,tobillo,loading,-0.3701,0.9077,-0.0948,13.3667,-19.1040,-4.2725,t004,FIJTB
2529178060,2172231,2,tobillo,loading,-0.3217,0.9319,-0.0586,13.7939,-22.3389,-5.3101,t004,FIJTB
2529178060,2172247,2,tobillo,loading,-0.3469,0.8995,-0.0349,13.8550,-23.1934,-5.1880,t004,FIJTB
2529178060,2172263,2,tobillo,loading,-0.4042,0.8849,-0.0376,8.6670,-22.0337,-6.2866,t004,FIJTB
2529178109,2172280,2,tobillo,loading,-0.4059,0.9233,-0.0729,7.0190,-20.3857,-10.3760,t004,FIJTB
2529178109,2172295,2,tobillo,loading,-0.4458,0.9344,-0.0397,12.0850,-13.3057,-23.9868,t004,FIJTB
2529178112,2172312,2,tobillo,loading,-0.4547,0.9050,-0.0315,15.8691,9.0332,-42.6025,t004,FIJTB
2529178113,2172327,2,tobillo,loading,-0.3467,0.8566,-0.0266,14.1602,11.7187,-45.5322,t004,FIJTB
2529178164,2172343,2,tobillo,loading,-0.2939,0.8564,-0.0304,-0.7324,2.5024,-35.9497,t004,FIJTB
2529178164,2172359,2,tobillo,loading,-0.2528,0.9323,-0.0359,-6.2866,-2.9907,-28.3813,t004,FIJTB
2529178165,2172375,2,tobillo,loading,-0.2590,0.9326,-0.0249,-5.0659,0.0610,-27.0386,t004,FIJTB
2529178213,2172392,2,tobillo,loading,-0.2815,0.9320,-0.0488,-5.1270,8.0566,-26.9165,t004,FIJTB
2529178216,2172407,2,tobillo,loading,-0.2463,0.9648,-0.0405,-5.1270,12.3901,-27.3437,t004,FIJTB
2529178216,2172424,2,tobillo,loading,-0.3025,0.9110,-0.0341,-7.3242,18.1274,-25.3906,t004,FIJTB
2529178268,2172440,2,tobillo,loading,-0.3209,0.9150,-0.0240,-10.4370,23.0713,-25.8179,t004,FIJTB
2529178268,2172456,2,tobillo,loading,-0.2521,0.9481,-0.0588,-11.9629,26.4282,-29.2358,t004,FIJTB
2529178269,2172472,2,tobillo,loading,-0.2682,0.9495,-0.0654,-12.5732,26.7944,-30.8228,t004,FIJTB
2529178318,2172488,2,tobillo,loading,-0.3447,0.8978,-0.0842,-9.8877,31.2500,-36.0718,t004,FIJTB
2529178318,2172504,2,tobillo,loading,-0.1422,0.9631,-0.0791,-10.8032,32.4707,-35.4614,t004,FIJTB
2529178319,2172520,2,tobillo,loading,0.0052,1.0240,-0.0170,-11.2915,26.0620,-21.7895,t004,FIJTB
2529178371,2172536,2,tobillo,loading,-0.0958,0.9731,0.0253,-12.9395,19.5923,-14.3433,t004,FIJTB
2529178371,2172552,2,tobillo,loading,-0.2782,0.9531,-0.0088,-21.4844,13.9160,-10.5591,t004,FIJTB
2529178372,2172568,2,tobillo,loading,-0.2902,0.9514,-0.0559,-21.4233,17.6392,-18.4937,t004,FIJTB
2529178372,2172584,2,tobillo,loading,-0.1958,0.9489,-0.1047,-20.5688,18.1885,-20.9961,t004,FIJTB
2529178421,2172600,2,tobillo,loading,-0.1448,0.9684,-0.0770,-20.2026,11.7187,-20.8130,t004,FIJTB
2529178422,2172616,2,tobillo,loading,-0.1589,0.9596,-0.0031,-22.2778,1.0986,-18.1274,t004,FIJTB
2529178422,2172632,2,tobillo,loading,-0.1825,1.0153,-0.0369,-21.0571,-1.2817,-19.2261,t004,FIJTB
2529178473,2172648,2,tobillo,loading,-0.1718,1.0106,-0.0681,-14.1602,-0.2441,-30.0293,t004,FIJTB
2529178474,2172664,2,tobillo,loading,-0.1711,0.9730,-0.1144,-12.2681,0.6714,-33.9355,t004,FIJTB
2529178474,2172680,2,tobillo,loading,-0.1294,0.9490,-0.1034,-7.0801,-3.7231,-36.3159,t004,FIJTB
2529178521,2172696,2,tobillo,midstance,-0.0978,0.9642,-0.0980,-7.0190,-11.5356,-35.4004,t004,FIJTB
2529178522,2172712,2,tobillo,midstance,-0.1141,0.9934,-0.1068,-11.2915,-11.9629,-35.2783,t004,FIJTB
2529178522,2172728,2,tobillo,midstance,-0.1448,0.9895,-0.1088,-13.4888,-11.8408,-38.0249,t004,FIJTB
2529178577,2172744,2,tobillo,midstance,-0.1182,0.9824,-0.1193,-11.1084,-9.8267,-42.1753,t004,FIJTB
2529178577,2172760,2,tobillo,midstance,-0.1008,0.9712,-0.0878,-11.9629,-8.2397,-42.6025,t004,FIJTB
2529178577,2172777,2,tobillo,midstance,-0.0872,0.9873,-0.0826,-12.6953,-7.4463,-44.9219,t004,FIJTB
2529178578,2172793,2,tobillo,midstance,-0.0950,1.0029,-0.1044,-13.0615,-7.2021,-46.8140,t004,FIJTB
2529178626,2172809,2,tobillo,midstance,-0.0980,1.0162,-0.1317,-15.1978,-8.5449,-50.4761,t004,FIJTB
2529178628,2172825,2,tobillo,midstance,-0.0917,1.0033,-0.1204,-20.6909,-10.4980,-52.2461,t004,FIJTB
2529178628,2172841,2,tobillo,midstance,-0.0344,1.0026,-0.0865,-24.8413,-10.8032,-52.2461,t004,FIJTB
2529178680,2172857,2,tobillo,midstance,-0.0377,1.0531,-0.0924,-34.1187,-10.3760,-51.5747,t004,FIJTB
2529178681,2172874,2,tobillo,midstance,-0.0686,1.0648,-0.1268,-38.7573,-10.4980,-59.6313,t004,FIJTB
2529178681,2172890,2,tobillo,midstance,-0.0486,1.0676,-0.1152,-40.2222,-11.8408,-65.7959,t004,FIJTB
2529178728,2172906,2,tobillo,midstance,-0.0195,1.0741,-0.0858,-45.1660,-15.5029,-74.3408,t004,FIJTB
2529178730,2172922,2,tobillo,midstance,-0.0332,1.0894,-0.0902,-53.1616,-21.1182,-79.1016,t004,FIJTB
2529178730,2172939,2,tobillo,midstance,-0.0040,1.1595,-0.1003,-56.0913,-23.8647,-82.8247,t004,FIJTB
2529178781,2172955,2,tobillo,midstance,0.0316,1.1793,-0.1069,-59.0820,-30.8838,-94.9097,t004,FIJTB
2529178781,2172971,2,tobillo,midstance,0.0955,1.1670,-0.0925,-61.8286,-40.7104,-96.0083,t004,FIJTB
2529178782,2172987,2,tobillo,midstance,0.1238,1.1692,-0.0654,-62.3779,-48.7061,-90.9424,t004,FIJTB
2529178829,2173003,2,tobillo,midstance,0.0990,1.1245,-0.0653,-63.4766,-64.1479,-97.3511,t004,FIJTB
2529178831,2173019,2,tobillo,midstance,0.1102,1.0375,-0.0391,-64.2090,-72.0215,-107.1167,t004,FIJTB
2529178831,2173035,2,tobillo,midstance,0.2355,1.1036,0.0135,-64.6362,-89.9658,-118.4082,t004,FIJTB
2529178883,2173051,2,tobillo,midstance,0.2677,1.1584,0.0066,-61.7065,-114.6240,-123.0469,t004,FIJTB
2529178883,2173067,2,tobillo,midstance,0.1517,1.1774,-0.1060,-60.4858,-122.4976,-127.0752,t004,FIJTB
2529178883,2173083,2,tobillo,midstance,0.0977,1.1622,-0.1622,-62.6831,-109.6191,-133.0566,t004,FIJTB
2529178884,2173099,2,tobillo,midstance,0.1187,1.1854,-0.2861,-64.8193,-94.8486,-128.8452,t004,FIJTB
2529178932,2173115,2,tobillo,midstance,0.2623,1.1531,-0.3625,-65.1245,-70.7397,-106.6894,t004,FIJTB
2529178933,2173131,2,tobillo,midstance,0.4418,1.1315,-0.4033,-56.4575,-57.1899,-95.4590,t004,FIJTB
2529178933,2173147,2,tobillo,midstance,0.5453,1.1075,-0.4960,-56.0913,-54.1992,-91.1865,t004,FIJTB
2529178984,2173163,2,tobillo,midstance,0.2382,1.0106,-0.4069,-53.1006,-57.7393,-56.7627,t004,FIJTB
2529178985,2173179,2,tobillo,midstance,0.1564,0.8850,-0.3485,-22.3389,-43.4570,-28.9917,t004,FIJTB
2529178985,2173195,2,tobillo,midstance,0.1143,0.3444,-0.1971,-2.6245,-28.0151,-39.7949,t004,FIJTB
2529179032,2173211,2,tobillo,midstance,0.0308,0.1738,-0.2936,10.0098,-7.3242,-33.1421,t004,FIJTB
2529179034,2173226,2,tobillo,midstance,-0.3708,0.4888,0.0177,-4.6997,-19.5923,30.2734,t004,FIJTB
2529179035,2173242,2,tobillo,midstance,-0.4666,0.4171,0.1027,19.5923,-65.0024,105.4077,t004,FIJTB
2529179084,2173258,2,tobillo,midstance,-0.3638,0.2905,0.0642,46.9971,-55.7861,72.6929,t004,FIJTB
2529179085,2173274,2,tobillo,midstance,-0.0656,0.4185,0.1019,51.6357,-45.7153,85.3882,t004,FIJTB
2529179086,2173290,2,tobillo,midstance,0.0184,0.5267,0.1484,73.7305,-47.8516,159.8511,t004,FIJTB
2529179132,2173306,2,tobillo,midstance,-0.0278,0.5314,0.2637,88.6230,-58.6548,178.5889,t004,FIJTB
2529179135,2173321,2,tobillo,midstance,-0.1156,0.5634,0.2833,104.6143,-77.8809,177.6733,t004,FIJTB
2529179135,2173337,2,tobillo,midstance,-0.1017,0.6136,0.2673,97.4121,-69.7632,186.8896,t004,FIJTB
2529179168,2173353,2,tobillo,midstance,0.0524,0.8427,0.1356,87.0361,-53.2227,191.5283,t004,FIJTB
2529179186,2173369,2,tobillo,midstance,0.0952,0.9751,0.0452,69.3970,-23.4375,205.6885,t004,FIJTB
2529179186,2173384,2,tobillo,midstance,0.1923,1.2004,-0.0220,64.6362,-18.4937,210.4492,t004,FIJTB
2529179187,2173400,2,tobillo,midstance,0.4241,1.4534,-0.1298,56.6406,-13.3057,211.1816,t004,FIJTB
2529179234,2173416,2,tobillo,midstance,0.4321,1.5297,-0.2291,53.0395,1.4648,208.8623,t004,FIJTB
2529179236,2173432,2,tobillo,midstance,0.3741,1.5505,-0.2649,51.5747,12.8784,201.7822,t004,FIJTB
2529179236,2173447,2,tobillo,midstance,0.4906,1.5897,-0.2672,45.8984,38.6963,171.9360,t004,FIJTB
2529179287,2173463,2,tobillo,midstance,0.7378,1.5765,-0.2767,44.4336,45.2270,157.8979,t004,FIJTB
2529179288,2173479,2,tobillo,midstance,0.6257,1.3799,-0.2532,43.1519,35.0342,137.7563,t004,FIJTB
2529179288,2173494,2,tobillo,midstance,0.5226,1.3083,-0.2338,36.4380,17.6392,119.4458,t004,FIJTB
2529179338,2173510,2,tobillo,midstance,0.4658,1.2087,-0.1963,32.3486,11.2305,109.0088,t004,FIJTB
2529179338,2173526,2,tobillo,midstance,0.4185,1.1492,-0.1866,26.3672,-6.6528,90.9424,t004,FIJTB
2529179339,2173542,2,tobillo,midstance,0.3595,1.0923,-0.1631,26.1230,-14.9536,79.9561,t004,FIJTB
2529179390,2173557,2,tobillo,midstance,0.2787,1.0443,-0.1071,30.4565,-28.6255,54.3823,t004,FIJTB
2529179391,2173573,2,tobillo,midstance,0.2625,1.0077,-0.0950,28.3813,-36.4380,27.4658,t004,FIJTB
2529179391,2173589,2,tobillo,midstance,0.2577,0.9628,-0.0961,24.9634,-34.6069,14.8926,t004,FIJTB
2529179391,2173605,2,tobillo,midstance,0.2454,0.9524,-0.0935,15.7471,-22.9492,0.0000,t004,FIJTB
2529179440,2173621,2,tobillo,midstance,0.2144,0.9354,-0.0842,10.0708,-13.2446,-5.7373,t004,FIJTB
2529179440,2173637,2,tobillo,midstance,0.2118,0.9352,-0.0933,-1.9531,10.9253,-17.7002,t004,FIJTB
2529179441,2173653,2,tobillo,midstance,0.2079,0.9263,-0.0944,-12.1460,38.0859,-28.1982,t004,FIJTB
2529179491,2173669,2,tobillo,midstance,0.3340,1.1083,-0.0045,-12.2070,48.2788,-31.9214,t004,FIJTB
2529179491,2173685,2,tobillo,midstance,0.3010,1.1278,0.0676,7.0801,27.7100,-13.1836,t004,FIJTB
2529179492,2173700,2,tobillo,midstance,-0.2499,0.8629,-0.0006,14.8926,5.4321,-9.3994,t004,FIJTB
2529179540,2173716,2,tobillo,midstance,-0.8064,0.8416,-0.2656,7.5684,6.1646,8.4839,t004,FIJTB
2529179542,2173732,2,tobillo,midstance,-0.6707,0.7987,-0.3567,-6.4087,29.7852,24.7803,t004,FIJTB
2529179542,2173748,2,tobillo,midstance,-0.1931,1.2705,-0.0828,-14.5874,22.2778,18.9819,t004,FIJTB
2529179593,2173764,2,tobillo,midstance,-0.1151,1.4689,0.1807,15.9302,8.5449,8.1787,t004,FIJTB
2529179593,2173780,2,tobillo,midstance,-0.1488,1.0630,0.2732,31.9214,16.8457,-23.6206,t004,FIJTB
2529179594,2173795,2,tobillo,midstance,-0.0725,0.9133,0.2313,15.2588,18.9209,-20.5688,t004,FIJTB
2529179641,2173811,2,tobillo,midstance,-0.0504,0.9689,0.2281,-14.4043,11.1084,3.9062,t004,FIJTB
2529179644,2173827,2,tobillo,midstance,-0.1902,0.9805,0.1230,-16.7236,10.2539,8.7891,t004,FIJTB
2529179644,2173843,2,tobillo,midstance,-0.2432,0.9684,0.0667,-10.3149,19.8364,0.6104,t004,FIJTB
2529179645,2173859,2,tobillo,midstance,-0.2277,0.9570,-0.0070,1.2817,13.8550,-7.7515,t004,FIJTB
2529179696,2173874,2,tobillo,midstance,-0.2212,0.9437,0.0040,3.4180,2.8687,-5.8594,t004,FIJTB
2529179697,2173890,2,tobillo,midstance,-0.2324,0.9479,0.0371,0.7324,-10.0708,-3.6011,t004,FIJTB
2529179697,2173906,2,tobillo,midstance,-0.1927,0.9547,0.0884,0.3662,-9.8267,-4.9438,t004,FIJTB
2529179744,2173922,2,tobillo,midstance,-0.1847,0.9575,0.1034,-2.8687,-6.7749,-3.5400,t004,FIJTB
2529179745,2173938,2,tobillo,midstance,-0.1968,0.9620,0.0992,-10.0708,-2.5024,-1.3428,t004,FIJTB
2529179746,2173954,2,tobillo,midstance,-0.2102,0.9641,0.0741,-12.3291,-0.3662,-2.9907,t004,FIJTB
2529179797,2173970,2,tobillo,midstance,-0.2114,0.9597,0.0648,-11.0474,2.0142,-7.9956,t004,FIJTB
2529179798,2173986,2,tobillo,midstance,-0.1985,0.9596,0.0524,-9.4604,2.1973,-9.7046,t004,FIJTB
2529179798,2174002,2,tobillo,midstance,-0.1820,0.9575,0.0626,-3.0518,2.2583,-10.8032,t004,FIJTB
2529179829,2174018,2,tobillo,midstance,-0.1738,0.9644,0.0625,-2.3804,1.4648,-10.6201,t004,FIJTB
2529179846,2174034,2,tobillo,midstance,-0.1870,0.9609,0.0739,-5.3711,0.9766,-9.0942,t004,FIJTB
2529179848,2174050,2,tobillo,midstance,-0.1910,0.9620,0.0699,-5.6152,2.1973,-10.5591,t004,FIJTB
2529179901,2174065,2,tobillo,midstance,-0.1782,0.9641,0.0468,-4.3335,3.3569,-11.8408,t004,FIJTB
2529179902,2174081,2,tobillo,midstance,-0.1591,0.9640,0.0404,-3.4180,3.5400,-11.2915,t004,FIJTB
2529179902,2174097,2,tobillo,midstance,-0.1514,0.9652,0.0469,-2.3193,1.2207,-8.3008,t004,FIJTB
2529179902,2174113,2,tobillo,midstance,-0.1490,0.9656,0.0570,-1.8311,-0.6104,-6.5308,t004,FIJTB
2529179952,2174129,2,tobillo,midstance,-0.1536,0.9659,0.0553,-0.7935,-3.2349,-3.6621,t004,FIJTB
2529179953,2174145,2,tobillo,midstance,-0.1586,0.9683,0.0519,0.3662,-3.9062,-2.2583,t004,FIJTB
2529179953,2174161,2,tobillo,midstance,-0.1688,0.9694,0.0458,1.3428,-3.6621,-2.5024,t004,FIJTB
2529180004,2174177,2,tobillo,midstance,-0.1681,0.9675,0.0458,3.4180,-2.6245,-4.0894,t004,FIJTB
2529180005,2174193,2,tobillo,midstance,-0.1541,0.9647,0.0551,4.0283,-2.1973,-4.3945,t004,FIJTB
2529180005,2174209,2,tobillo,midstance,-0.1509,0.9651,0.0625,4.3335,-2.2583,-2.9297,t004,FIJTB
2529180064,2174225,2,tobillo,midstance,-0.1550,0.9657,0.0613,3.9673,-2.1973,-0.8545,t004,FIJTB
2529180064,2174241,2,tobillo,midstance,-0.1586,0.9658,0.0604,4.2725,-2.5635,-0.5493,t004,FIJTB
2529180065,2174257,2,tobillo,midstance,-0.1549,0.9642,0.0579,4.6387,-3.3569,-0.1831,t004,FIJTB
2529180065,2174273,2,tobillo,midstance,-0.1514,0.9634,0.0552,4.8828,-3.2959,-0.0610,t004,FIJTB
2529180120,2174289,2,tobillo,midstance,-0.1643,0.9652,0.0571,5.6763,-3.1128,-1.2817,t004,FIJTB
2529180120,2174304,2,tobillo,midstance,-0.1798,0.9646,0.0574,4.6997,-2.5024,0.0000,t004,FIJTB
2529180121,2174320,2,tobillo,midstance,-0.1754,0.9615,0.0658,3.7231,-1.4648,2.3193,t004,FIJTB
2529180121,2174336,2,tobillo,midstance,-0.1538,0.9622,0.0699,2.6245,0.0000,4.9438,t004,FIJTB
2529180169,2174352,2,tobillo,midstance,-0.1602,0.9661,0.0699,2.5024,-0.2441,4.5776,t004,FIJTB
2529180170,2174367,2,tobillo,midstance,-0.1804,0.9639,0.0677,3.2959,0.9766,3.2349,t004,FIJTB
2529180171,2174383,2,tobillo,midstance,-0.1716,0.9618,0.0720,3.6621,3.6011,0.6714,t004,FIJTB
2529180224,2174399,2,tobillo,midstance,-0.1654,0.9585,0.0726,2.9297,3.7231,1.1597,t004,FIJTB
2529180225,2174415,2,tobillo,midstance,-0.1705,0.9613,0.0721,1.4648,3.2959,2.5024,t004,FIJTB
2529180226,2174430,2,tobillo,midstance,-0.1633,0.9631,0.0726,1.2207,3.4180,2.6855,t004,FIJTB
2529180274,2174446,2,tobillo,midstance,-0.1643,0.9595,0.0721,0.1831,3.9062,3.6621,t004,FIJTB
2529180276,2174462,2,tobillo,midstance,-0.1626,0.9615,0.0743,-1.0376,3.4180,5.3101,t004,FIJTB
2529180277,2174478,2,tobillo,midstance,-0.1465,0.9705,0.0593,-1.5259,2.8687,6.1035,t004,FIJTB
2529180302,2174493,2,tobillo,midstance,-0.1234,0.9838,0.0624,-0.4272,4.2114,3.3569,t004,FIJTB
2529180327,2174509,2,tobillo,midstance,-0.1610,0.9535,0.0802,0.5493,4.5776,3.1738,t004,FIJTB
2529180327,2174525,2,tobillo,midstance,-0.2374,0.9506,0.0862,-1.4038,2.9297,8.1177,t004,FIJTB
2529180328,2174541,2,tobillo,midstance,-0.2263,0.9552,0.0808,-4.2725,4.1504,0.8545,t004,FIJTB
2529180362,2174556,2,tobillo,midstance,-0.1985,0.9561,0.0717,-5.5542,4.7607,-2.0752,t004,FIJTB
2529180374,2174572,2,tobillo,midstance,-0.1940,0.9569,0.0692,-6.8970,3.8452,-4.7607,t004,FIJTB
2529180376,2174588,2,tobillo,midstance,-0.1901,0.9595,0.0667,-7.0801,3.2959,-5.9204,t004,FIJTB
2529180426,2174604,2,tobillo,midstance,-0.1760,0.9589,0.0690,-7.3853,3.1128,-8.0566,t004,FIJTB
2529180427,2174620,2,tobillo,midstance,-0.1774,0.9570,0.0662,-7.0801,1.5869,-6.7749,t004,FIJTB
2529180427,2174636,2,tobillo,midstance,-0.1848,0.9553,0.0636,-7.1411,-0.0610,-5.8594,t004,FIJTB
2529180473,2174652,2,tobillo,midstance,-0.1847,0.9589,0.0723,-8.2397,-3.1128,-5.3711,t004,FIJTB
2529180474,2174668,2,tobillo,midstance,-0.1869,0.9587,0.0720,-8.9111,-2.1973,-7.0801,t004,FIJTB
2529180475,2174684,2,tobillo,midstance,-0.2052,0.9604,0.0620,-9.0332,-0.6714,-8.9111,t004,FIJTB
2529180525,2174700,2,tobillo,midstance,-0.1841,0.9648,0.0455,-6.3477,2.8687,-14.7095,t004,FIJTB
2529180525,2174715,2,tobillo,midstance,-0.1581,0.9614,0.0452,-5.6152,3.9062,-15.6250,t004,FIJTB
2529180526,2174731,2,tobillo,midstance,-0.1417,0.9672,0.0437,-5.2490,5.0049,-15.3198,t004,FIJTB
2529180571,2174747,2,tobillo,midstance,-0.1190,0.9668,0.0477,-2.4414,5.5542,-14.7705,t004,FIJTB
2529180573,2174763,2,tobillo,midstance,-0.1171,0.9669,0.0601,-2.9297,5.3101,-12.9395,t004,FIJTB
2529180574,2174779,2,tobillo,midstance,-0.1351,0.9650,0.0583,-4.2114,6.4697,-11.7187,t004,FIJTB
2529180623,2174795,2,tobillo,midstance,-0.1385,0.9667,0.0461,-5.1880,8.9111,-12.5732,t004,FIJTB
2529180624,2174811,2,tobillo,midstance,-0.1017,0.9646,0.0360,-4.0283,13.4888,-10.9863,t004,FIJTB
2529180624,2174827,2,tobillo,midstance,-0.0898,0.9648,0.0365,-3.1128,7.9956,-3.7231,t004,FIJTB
2529180670,2174843,2,tobillo,midstance,-0.1112,0.9546,0.0461,-3.8452,4.0283,-0.6104,t004,FIJTB
2529180671,2174858,2,tobillo,midstance,-0.1185,0.9640,0.0302,-5.8594,2.8076,3.2959,t004,FIJTB
2529180671,2174874,2,tobillo,midstance,-0.1237,0.9871,0.0270,-6.4087,3.3569,4.5776,t004,FIJTB
2529180720,2174890,2,tobillo,midstance,-0.1237,0.9628,0.0343,-5.5542,-0.5493,8.4229,t004,FIJTB
2529180721,2174906,2,tobillo,midstance,-0.1376,0.9542,0.0310,-9.5215,2.0752,11.5356,t004,FIJTB
2529180721,2174922,2,tobillo,midstance,-0.1561,0.9640,0.0502,-10.2539,5.3101,10.9863,t004,FIJTB
2529180737,2174938,2,tobillo,midstance,-0.1674,0.9631,0.0389,-7.6904,9.2773,7.9956,t004,FIJTB
2529180766,2174953,2,tobillo,midstance,-0.1420,0.9669,0.0265,-6.7139,6.8359,5.5542,t004,FIJTB
2529180768,2174969,2,tobillo,midstance,-0.1335,0.9795,0.0317,-7.9956,4.2114,6.1035,t004,FIJTB
2529180770,2174985,2,tobillo,midstance,-0.1483,0.9795,0.0291,-9.2773,1.4038,5.1270,t004,FIJTB
2529180819,2175001,2,tobillo,midstance,-0.1721,0.9692,0.0176,-7.5684,1.7700,3.6011,t004,FIJTB
2529180819,2175016,2,tobillo,midstance,-0.1699,0.9729,0.0057,-4.3945,3.7231,0.5493,t004,FIJTB
2529180819,2175032,2,tobillo,midstance,-0.1294,0.9871,0.0027,-3.8452,4.2725,-0.7324,t004,FIJTB
2529180866,2175048,2,tobillo,midstance,-0.1208,0.9803,0.0061,-3.6011,2.5635,-0.3662,t004,FIJTB
2529180867,2175064,2,tobillo,midstance,-0.1272,0.9771,0.0039,-3.0518,-0.5493,3.3569,t004,FIJTB
2529180867,2175080,2,tobillo,midstance,-0.1493,0.9641,0.0094,-3.0518,-2.0142,4.7607,t004,FIJTB
2529180916,2175096,2,tobillo,midstance,-0.1394,0.9653,0.0367,-3.1128,-1.7700,5.6152,t004,FIJTB
2529180916,2175111,2,tobillo,midstance,-0.1497,0.9695,0.0311,-4.2114,-0.9155,7.9956,t004,FIJTB
2529180917,2175127,2,tobillo,midstance,-0.1737,0.9746,-0.0038,-3.7231,-0.5493,7.6904,t004,FIJTB
2529180963,2175143,2,tobillo,midstance,-0.1752,0.9689,-0.0117,0.0610,-0.6714,4.9438,t004,FIJTB
2529180965,2175159,2,tobillo,midstance,-0.1611,0.9633,0.0033,1.7090,-1.1597,4.1504,t004,FIJTB
2529180965,2175175,2,tobillo,midstance,-0.1591,0.9667,0.0231,2.3193,-2.1973,4.0283,t004,FIJTB
2529181013,2175191,2,tobillo,midstance,-0.1648,0.9674,0.0229,0.9766,-1.2817,2.6245,t004,FIJTB
2529181014,2175207,2,tobillo,midstance,-0.1643,0.9646,0.0131,0.8545,-0.6104,1.9531,t004,FIJTB
2529181014,2175223,2,tobillo,midstance,-0.1562,0.9620,0.0150,1.0986,-1.8311,2.4414,t004,FIJTB
2529181058,2175238,2,tobillo,midstance,-0.1387,0.9646,0.0261,0.7935,-3.4180,3.9673,t004,FIJTB
2529181060,2175254,2,tobillo,midstance,-0.1771,0.9755,0.0208,-0.5493,-5.9204,6.7749,t004,FIJTB
2529181061,2175270,2,tobillo,midstance,-0.1929,0.9734,0.0049,0.3052,-4.4556,2.0142,t004,FIJTB
2529181109,2175286,2,tobillo,midstance,-0.1729,0.9653,-0.0105,2.2583,-3.7842,-0.8545,t004,FIJTB
2529181110,2175302,2,tobillo,midstance,-0.1658,0.9623,-0.0062,6.4697,-7.1411,-0.9155,t004,FIJTB
2529181110,2175318,2,tobillo,midstance,-0.1537,0.9631,0.0273,7.2021,-9.2773,0.0000,t004,FIJTB
2529181154,2175334,2,tobillo,midstance,-0.1581,0.9670,0.0344,6.2866,-9.3994,2.3804,t004,FIJTB
2529181157,2175349,2,tobillo,midstance,-0.1669,0.9701,0.0217,6.2256,-6.5918,3.4790,t004,FIJTB
2529181157,2175365,2,tobillo,midstance,-0.1694,0.9733,-0.0070,7.7515,-6.1035,3.4790,t004,FIJTB
2529181205,2175381,2,tobillo,midstance,-0.1660,0.9709,-0.0079,12.7563,-8.4229,4.0894,t004,FIJTB
2529181206,2175397,2,tobillo,midstance,-0.1569,0.9637,0.0238,14.4653,-10.0708,5.1270,t004,FIJTB
2529181206,2175413,2,tobillo,midstance,-0.1658,0.9600,0.0546,13.8550,-10.4370,7.2632,t004,FIJTB
2529181250,2175429,2,tobillo,midstance,-0.1755,0.9622,0.0492,10.9863,-6.1646,7.0801,t004,FIJTB
2529181252,2175445,2,tobillo,midstance,-0.1825,0.9655,0.0319,11.0474,-4.0283,6.0425,t004,FIJTB
2529181253,2175460,2,tobillo,midstance,-0.1685,0.9674,0.0413,13.3667,-3.5400,4.8828,t004,FIJTB
2529181302,2175476,2,tobillo,midstance,-0.1648,0.9673,0.0376,13.4888,-6.3477,7.9346,t004,FIJTB
2529181302,2175492,2,tobillo,midstance,-0.1804,0.9803,0.0472,13.2446,-7.9956,8.1177,t004,FIJTB
2529181303,2175508,2,tobillo,midstance,-0.1772,0.9843,0.0530,13.2446,-10.8643,4.5166,t004,FIJTB
2529181346,2175524,2,tobillo,midstance,-0.1799,0.9718,0.0804,12.6343,-13.0615,2.7466,t004,FIJTB
2529181349,2175540,2,tobillo,midstance,-0.1857,0.9524,0.1307,6.0425,-16.9067,-3.2349,t004,FIJTB
2529181350,2175555,2,tobillo,midstance,-0.1896,0.9524,0.1440,-5.5542,-19.9585,-9.8877,t004,FIJTB
2529181397,2175571,2,tobillo,midstance,-0.1606,1.0068,0.1396,-12.5732,-22.7661,-15.1367,t004,FIJTB
2529181398,2175587,2,tobillo,midstance,-0.1511,1.0256,0.1322,-21.9116,-31.5552,-26.0620,t004,FIJTB
2529181398,2175603,2,tobillo,midstance,-0.2329,1.0188,0.0944,-25.1465,-36.8042,-29.7241,t004,FIJTB
2529181442,2175619,2,tobillo,midstance,-0.3706,0.9911,0.0815,-37.6587,-44.2505,-35.4004,t004,FIJTB
2529181444,2175635,2,tobillo,midstance,-0.3563,1.0229,0.1012,-49.6826,-47.6074,-32.1655,t004,FIJTB
2529181445,2175651,2,tobillo,midstance,-0.3474,1.1218,0.0249,-50.4761,-57.8613,-24.9023,t004,FIJTB
2529181492,2175667,2,tobillo,midstance,-0.4795,1.0535,0.1163,-44.6167,-105.8960,-7.4463,t004,FIJTB
2529181493,2175683,2,tobillo,midstance,-0.6774,1.2432,0.7324,17.7002,-110.8398,-4.5776,t004,FIJTB
2529181494,2175699,2,tobillo,midstance,-0.4116,0.6986,0.5620,51.8188,-105.1636,-14.1602,t004,FIJTB
2529181537,2175715,2,tobillo,midstance,-0.5308,0.6340,0.4463,56.5186,-128.2959,16.7847,t004,FIJTB
2529181539,2175731,2,tobillo,midstance,-0.7814,0.7233,0.4904,47.7295,-127.8686,32.5928,t004,FIJTB
2529181540,2175747,2,tobillo,midstance,-0.5449,0.7653,0.4498,44.0063,-90.6372,34.4849,t004,FIJTB
2529181588,2175762,2,tobillo,midstance,-0.4399,0.8021,0.3920,35.1563,-61.3403,45.4102,t004,FIJTB
2529181589,2175778,2,tobillo,midstance,-0.2684,0.9435,0.3051,32.1045,-50.1099,57.0679,t004,FIJTB
2529181589,2175794,2,tobillo,midstance,-0.2155,0.9883,0.2748,25.2686,-27.0996,76.1108,t004,FIJTB
2529181633,2175810,2,tobillo,midstance,-0.2881,0.9817,0.3380,22.4609,-16.9678,84.3506,t004,FIJTB
2529181636,2175826,2,tobillo,midstance,-0.2815,0.9611,0.3423,34.7290,10.9253,92.1631,t004,FIJTB
2529181636,2175841,2,tobillo,midstance,-0.1995,0.9646,0.2963,45.2270,29.0527,79.5288,t004,FIJTB
2529181685,2175857,2,tobillo,midstance,-0.1147,0.9724,0.2089,48.2788,27.4658,75.3784,t004,FIJTB
2529181685,2175873,2,tobillo,midstance,-0.0812,1.0056,0.1819,54.7485,9.5825,71.9604,t004,FIJTB
2529181686,2175889,2,tobillo,midstance,0.0737,1.0710,0.1201,59.7534,-1.1597,69.3970,t004,FIJTB
2529181730,2175904,2,tobillo,midstance,0.0903,1.0477,0.1066,69.2749,-26.1841,65.2466,t004,FIJTB
2529181731,2175920,2,tobillo,midstance,-0.0161,1.0011,0.1145,72.0215,-53.4058,54.9316,t004,FIJTB
2529181733,2175936,2,tobillo,midstance,0.0691,1.0001,0.0752,75.3784,-66.6504,41.6870,t004,FIJTB
2529181783,2175952,2,tobillo,midstance,0.1146,0.9540,0.0345,85.0220,-99.7314,13.1226,t004,FIJTB
2529181783,2175967,2,tobillo,midstance,0.0554,0.8812,-0.0728,84.8389,-119.6899,4.6997,t004,FIJTB
2529181784,2175983,2,tobillo,midstance,0.0383,0.9122,-0.1338,68.6646,-145.1416,-8.4229,t004,FIJTB
2529181784,2175999,2,tobillo,midstance,0.1221,1.0304,-0.1648,57.6782,-140.6250,-18.2495,t004,FIJTB
2529181831,2176015,2,tobillo,midstance,-0.0570,0.8705,-0.1046,60.4248,-136.8408,-21.6064,t004,FIJTB
2529181832,2176031,2,tobillo,midstance,-0.0469,0.8151,-0.1143,54.3213,-134.5215,-48.1567,t004,FIJTB
2529181833,2176047,2,tobillo,midstance,0.0558,0.8939,-0.1949,44.1284,-134.3384,-58.0444,t004,FIJTB
2529181880,2176063,2,tobillo,midstance,0.1144,0.9905,-0.3035,37.2314,-129.6387,-66.3452,t004,FIJTB
2529181881,2176079,2,tobillo,midstance,0.1165,0.7020,-0.5239,10.3760,-104.4311,-84.6558,t004,FIJTB
2529181881,2176095,2,tobillo,midstance,0.1554,1.1387,-0.5468,-17.7002,-83.4351,-85.2661,t004,FIJTB
2529181928,2176111,2,tobillo,midstance,-0.1520,1.2472,-0.2247,-16.7236,-66.4673,-67.2607,t004,FIJTB
2529181929,2176127,2,tobillo,midstance,-1.4515,0.9342,0.2053,13.6108,-69.3359,-54.5654,t004,FIJTB
2529181929,2176143,2,tobillo,midstance,-1.3046,0.6497,0.0115,-25.3296,-45.5933,-66.1621,t004,FIJTB
2529181976,2176159,2,tobillo,midstance,-0.4707,1.1158,-0.0397,-112.5488,49.2554,-73.4253,t004,FIJTB
2529181977,2176175,2,tobillo,midstance,0.5149,1.7908,0.1130,-103.8208,69.5190,-77.6978,t004,FIJTB
2529181977,2176191,2,tobillo,midstance,-0.4457,0.7222,-0.0878,-26.9165,57.6782,-71.7163,t004,FIJTB
2529182021,2176207,2,tobillo,midstance,-0.4476,0.6143,-0.0869,-42.0532,64.8804,-51.7578,t004,FIJTB
2529182023,2176223,2,tobillo,midstance,0.5748,1.3378,0.0103,-41.1987,58.4106,-48.1567,t004,FIJTB
2529182024,2176239,2,tobillo,midstance,0.4261,1.1346,-0.0371,-13.6108,13.5498,-28.3203,t004,FIJTB
2529182072,2176255,2,tobillo,midstance,-0.2253,0.9135,0.0541,-21.4233,-6.2256,-13.1836,t004,FIJTB
2529182072,2176271,2,tobillo,midstance,-0.1805,0.9882,0.0210,-31.8603,-9.5825,-8.9111,t004,FIJTB
2529182072,2176287,2,tobillo,midstance,-0.1627,0.9751,0.0067,-28.6255,-6.5918,-1.3428,t004,FIJTB
2529182117,2176303,2,tobillo,midstance,-0.2274,0.9584,-0.0426,-26.0010,-5.6763,-0.4272,t004,FIJTB
2529182119,2176319,2,tobillo,midstance,-0.2371,0.9763,-0.0514,-19.1040,1.0376,-7.5073,t004,FIJTB
2529182120,2176335,2,tobillo,midstance,-0.1747,0.9733,-0.0339,-13.0005,-3.3569,-10.9863,t004,FIJTB
2529182169,2176351,2,tobillo,midstance,-0.1262,0.9954,-0.0248,-16.8457,-9.8267,-7.2632,t004,FIJTB
2529182169,2176367,2,tobillo,midstance,-0.1473,0.9889,-0.0203,-20.8740,-21.9116,0.4883,t004,FIJTB
2529182170,2176383,2,tobillo,midstance,-0.2112,0.9652,-0.0139,-18.5547,-24.1699,-0.9155,t004,FIJTB
2529182215,2176399,2,tobillo,midstance,-0.1923,0.9656,-0.0304,-11.2305,-15.7471,-11.4746,t004,FIJTB
2529182217,2176415,2,tobillo,midstance,-0.1776,0.9840,-0.0438,-11.7187,-7.9346,-14.8315,t004,FIJTB
2529182217,2176431,2,tobillo,midstance,-0.1399,0.9751,-0.0515,-13.3667,-6.5308,-13.9770,t004,FIJTB
2529182266,2176447,2,tobillo,midstance,-0.1232,0.9675,-0.0352,-11.7187,-11.2915,-7.6294,t004,FIJTB
2529182266,2176463,2,tobillo,midstance,-0.1085,0.9601,-0.0157,-10.1318,-22.1558,-2.2583,t004,FIJTB
2529182267,2176479,2,tobillo,midstance,-0.1404,0.9856,-0.0237,-13.1836,-26.5503,-1.4038,t004,FIJTB
2529182315,2176495,2,tobillo,midstance,-0.1442,0.9860,-0.0308,-20.5078,-30.6396,-3.2959,t004,FIJTB
2529182315,2176511,2,tobillo,midstance,-0.1564,0.9702,-0.0508,-21.0571,-31.0669,-5.4932,t004,FIJTB
2529182315,2176527,2,tobillo,midstance,-0.2097,0.9757,-0.0820,-20.8130,-29.7852,-7.1411,t004,FIJTB
2529182364,2176543,2,tobillo,midstance,-0.2032,0.9799,-0.0813,-20.2026,-25.8179,-10.9863,t004,FIJTB
2529182365,2176559,2,tobillo,midstance,-0.1686,0.9681,-0.0775,-19.5313,-24.1699,-13.5498,t004,FIJTB
2529182365,2176575,2,tobillo,midstance,-0.1412,0.9657,-0.0579,-20.1416,-22.8882,-15.5640,t004,FIJTB
2529182410,2176591,2,tobillo,midstance,-0.1368,0.9656,-0.0596,-21.9116,-21.1792,-16.2964,t004,FIJTB
2529182411,2176608,2,tobillo,midstance,-0.1460,0.9656,-0.0790,-22.4609,-20.3247,-17.1509,t004,FIJTB
2529182412,2176624,2,tobillo,midstance,-0.1351,0.9564,-0.0951,-21.6064,-16.2964,-19.0430,t004,FIJTB
2529182462,2176640,2,tobillo,midstance,-0.1089,0.9392,-0.1187,-21.1792,-14.6484,-18.1274,t004,FIJTB
2529182463,2176656,2,tobillo,midstance,-0.1127,0.9556,-0.1360,-21.0571,-17.0898,-13.9770,t004,FIJTB
2529182463,2176672,2,tobillo,midstance,-0.1218,0.9650,-0.1445,-21.6675,-22.1558,-12.9395,t004,FIJTB
2529182507,2176688,2,tobillo,midstance,-0.1425,0.9724,-0.1520,-21.7895,-23.6206,-14.0381,t004,FIJTB
2529182510,2176704,2,tobillo,midstance,-0.1145,0.9843,-0.1537,-22.1558,-24.4141,-17.7002,t004,FIJTB
2529182510,2176720,2,tobillo,midstance,-0.0924,0.9845,-0.1509,-23.1323,-26.0010,-19.8975,t004,FIJTB
2529182559,2176736,2,tobillo,midstance,-0.0897,0.9885,-0.1643,-23.3765,-27.2827,-20.3857,t004,FIJTB
2529182559,2176752,2,tobillo,midstance,-0.1068,0.9845,-0.1768,-22.9492,-28.6865,-23.1934,t004,FIJTB
2529182560,2176769,2,tobillo,midstance,-0.1202,0.9763,-0.2040,-20.1416,-26.2451,-27.8320,t004,FIJTB
2529182606,2176785,2,tobillo,midstance,-0.1014,0.9719,-0.2255,-18.3716,-26.0010,-29.1138,t004,FIJTB
2529182607,2176801,2,tobillo,midstance,-0.0896,0.9735,-0.2183,-16.4185,-28.0151,-29.1138,t004,FIJTB
2529182607,2176817,2,tobillo,midstance,-0.0717,1.0046,-0.1946,-16.2354,-30.4565,-28.6865,t004,FIJTB
2529182657,2176833,2,tobillo,midstance,-0.1265,1.0488,-0.2407,-13.3057,-39.0015,-27.1606,t004,FIJTB
2529182657,2176849,2,tobillo,midstance,-0.1274,1.0100,-0.2451,-11.4136,-47.3633,-33.9966,t004,FIJTB
2529182657,2176865,2,tobillo,midstance,-0.0299,0.9742,-0.0985,-14.2212,-49.0112,-36.9263,t004,FIJTB
2529182703,2176881,2,tobillo,midstance,-0.0336,1.0421,-0.0625,-17.6392,-49.9268,-31.4331,t004,FIJTB
2529182704,2176897,2,tobillo,midstance,-0.0646,1.0547,-0.0848,-18.9819,-48.4009,-35.9497,t004,FIJTB
2529182704,2176913,2,tobillo,midstance,-0.0454,1.1049,-0.0702,-18.7378,-47.6074,-40.6494,t004,FIJTB
2529182756,2176929,2,tobillo,midstance,0.0114,1.1313,-0.0267,-21.1792,-60.7300,-46.0205,t004,FIJTB
2529182757,2176945,2,tobillo,midstance,0.0674,1.2642,0.0615,-22.4609,-74.2798,-46.9971,t004,FIJTB
2529182757,2176961,2,tobillo,midstance,0.1381,1.2834,0.1368,-54.6875,-110.5957,-68.1763,t004,FIJTB
2529182781,2176977,2,tobillo,midstance,0.0696,1.2203,0.1198,-102.7832,-149.4751,-89.1724,t004,FIJTB
2529182805,2176993,2,tobillo,midstance,-0.2026,1.3483,-0.1206,-106.9946,-162.4145,-86.1206,t004,FIJTB
2529182806,2177009,2,tobillo,midstance,-0.1082,1.3483,-0.3981,-74.8901,-160.1562,-69.6411,t004,FIJTB
2529182855,2177025,2,tobillo,midstance,-0.0107,1.2441,-0.5253,-56.3354,-161.9263,-42.4805,t004,FIJTB
2529182857,2177041,2,tobillo,midstance,0.0355,1.0474,-0.7626,-42.6025,-183.6548,-21.6064,t004,FIJTB
2529182857,2177057,2,tobillo,midstance,0.0431,0.9821,-0.8434,-0.3052,-249.5727,10.0708,t004,FIJTB
2529182895,2177073,2,tobillo,midstance,-0.1071,0.7300,-1.0504,11.9629,-276.4893,12.5732,t004,FIJTB
2529182904,2177089,2,tobillo,midstance,-0.1277,0.3998,-1.0951,-0.1831,-263.5498,-14.5874,t004,FIJTB
2529182905,2177105,2,tobillo,midstance,-0.2600,0.3379,-0.6035,-21.2402,-219.2383,7.7515,t004,FIJTB
2529182906,2177121,2,tobillo,midstance,-0.4683,0.4083,0.3745,0.7324,-264.2212,62.6831,t004,FIJTB
2529182959,2177137,2,tobillo,midstance,-0.3480,0.2771,0.1516,47.1191,-375.3662,99.2432,t004,FIJTB
2529182959,2177153,2,tobillo,midstance,-0.4398,0.3463,-0.1562,28.8696,-375.5493,80.8105,t004,FIJTB
2529182960,2177169,2,tobillo,midstance,-0.7682,0.5155,0.2213,-22.5830,-289.0625,106.6894,t004,FIJTB
2529183005,2177185,2,tobillo,midstance,-0.6248,0.5889,0.3680,-33.5693,-222.1069,168.5181,t004,FIJTB
2529183007,2177200,2,tobillo,midstance,-0.0480,0.8121,0.3384,-30.3345,-207.2143,178.6499,t004,FIJTB
2529183008,2177216,2,tobillo,midstance,-0.1444,0.8738,0.3064,-12.0850,-197.9980,170.9595,t004,FIJTB
2529183058,2177232,2,tobillo,midstance,-0.2067,0.8695,0.3513,2.2583,-181.0303,162.9639,t004,FIJTB
2529183058,2177248,2,tobillo,midstance,0.0193,1.0586,0.4032,2.6855,-174.0112,160.0342,t004,FIJTB
2529183059,2177264,2,tobillo,midstance,0.1294,1.1735,0.3674,8.2397,-179.9316,158.2642,t004,FIJTB
2529183106,2177279,2,tobillo,midstance,0.1731,1.2546,0.3212,14.1602,-187.4389,159.2407,t004,FIJTB
2529183107,2177295,2,tobillo,midstance,0.2262,1.2428,0.3230,22.3389,-197.2046,152.9541,t004,FIJTB
2529183107,2177311,2,tobillo,midstance,0.3518,1.2225,0.2916,17.2729,-198.5473,126.8921,t004,FIJTB
2529183155,2177327,2,tobillo,midstance,0.3524,1.2380,0.3988,16.9067,-192.3218,114.6851,t004,FIJTB
2529183156,2177342,2,tobillo,midstance,0.3494,1.2257,0.4670,24.9634,-159.3018,89.4775,t004,FIJTB
2529183156,2177358,2,tobillo,midstance,0.3243,1.1316,0.4819,27.6489,-138.0615,76.1719,t004,FIJTB
2529183202,2177374,2,tobillo,midstance,0.3439,1.1112,0.4296,24.5972,-91.3086,59.0210,t004,FIJTB
2529183204,2177389,2,tobillo,midstance,0.2449,1.1725,0.3375,20.2637,-60.9131,66.8335,t004,FIJTB
2529183205,2177405,2,tobillo,midstance,0.5428,1.6042,0.0194,19.1650,16.7236,84.7168,t004,FIJTB
2529183206,2177421,2,tobillo,midstance,0.5956,1.4441,-0.2592,58.8379,60.5469,17.3340,t004,FIJTB
2529183254,2177436,2,tobillo,midstance,-0.4561,0.8174,-0.1879,65.6128,63.5376,-4.0283,t004,FIJTB
2529183255,2177452,2,tobillo,midstance,-0.9788,1.0151,0.0865,34.7290,22.2778,30.7617,t004,FIJTB
2529183255,2177468,2,tobillo,midstance,-0.4069,1.1763,0.2653,33.2031,11.3525,4.6387,t004,FIJTB
2529183302,2177484,2,tobillo,midstance,-0.0388,0.9141,0.0756,18.0054,31.9824,-41.9922,t004,FIJTB
2529183303,2177500,2,tobillo,midstance,-0.2175,0.8594,0.0581,-2.1973,16.8457,-11.3525,t004,FIJTB
2529183303,2177516,2,tobillo,midstance,-0.2893,0.9446,0.0475,0.4272,17.3950,-12.2681,t004,FIJTB
2529183353,2177532,2,tobillo,midstance,-0.1727,0.9767,0.0803,17.0288,27.8320,-25.5737,t004,FIJTB
2529183354,2177547,2,tobillo,midstance,-0.0962,0.9498,0.0322,9.2163,23.6816,-8.7891,t004,FIJTB
2529183354,2177563,2,tobillo,midstance,-0.0925,1.0002,0.0266,3.6621,19.4702,-2.3804,t004,FIJTB
2529183399,2177579,2,tobillo,midstance,-0.1481,0.9540,0.0134,-1.0986,7.3242,0.6714,t004,FIJTB
2529183401,2177595,2,tobillo,midstance,-0.2090,0.9514,0.0128,-3.6011,2.1362,4.5166,t004,FIJTB
2529183402,2177610,2,tobillo,midstance,-0.2273,0.9567,0.0062,-3.9673,1.7090,6.4697,t004,FIJTB
2529183452,2177626,2,tobillo,midstance,-0.2422,0.9823,0.0164,1.4038,10.8032,-3.6011,t004,FIJTB
2529183452,2177642,2,tobillo,midstance,-0.2163,0.9497,0.0614,5.4932,16.0522,-9.3994,t004,FIJTB
2529183453,2177658,2,tobillo,midstance,-0.1929,0.9426,0.0465,9.3994,21.4233,-6.1035,t004,FIJTB
2529183499,2177674,2,tobillo,midstance,-0.1721,1.0256,0.0081,3.7842,21.6675,-5.0049,t004,FIJTB
2529183501,2177690,2,tobillo,midstance,-0.1909,0.9877,0.0116,2.2583,17.7612,-9.8877,t004,FIJTB
2529183502,2177705,2,tobillo,midstance,-0.1104,0.9728,0.0514,4.3945,7.3242,-5.6763,t004,FIJTB
2529183553,2177721,2,tobillo,midstance,-0.1255,0.9763,0.0643,2.3804,0.5493,-0.5493,t004,FIJTB
2529183554,2177737,2,tobillo,midstance,-0.1748,0.9713,0.0529,-2.2583,-6.7749,6.4087,t004,FIJTB
2529183554,2177753,2,tobillo,midstance,-0.2301,0.9708,0.0226,-1.5259,-6.0425,5.6763,t004,FIJTB
2529183555,2177769,2,tobillo,midstance,-0.2187,0.9656,0.0176,3.9062,-2.9297,-1.2207,t004,FIJTB
2529183595,2177785,2,tobillo,midstance,-0.2190,0.9606,0.0208,7.9956,-3.6011,-5.4932,t004,FIJTB
2529183604,2177801,2,tobillo,midstance,-0.1859,0.9655,0.0322,8.3008,-3.4180,-6.9580,t004,FIJTB
2529183605,2177817,2,tobillo,midstance,-0.1719,0.9636,0.0336,9.7046,-2.2583,-7.5684,t004,FIJTB
2529183656,2177833,2,tobillo,midstance,-0.1858,0.9624,0.0393,10.5591,-3.2349,-6.8359,t004,FIJTB
2529183657,2177849,2,tobillo,midstance,-0.1741,0.9641,0.0530,11.2305,-4.4556,-9.0942,t004,FIJTB
2529183657,2177865,2,tobillo,midstance,-0.1621,0.9617,0.0627,10.4370,-4.1504,-10.8032,t004,FIJTB
2529183705,2177881,2,tobillo,midstance,-0.1907,0.9600,0.0614,9.0942,-4.3945,-10.5591,t004,FIJTB
2529183706,2177897,2,tobillo,midstance,-0.1963,0.9661,0.0543,7.9956,-3.4180,-12.9395,t004,FIJTB
2529183707,2177913,2,tobillo,midstance,-0.1433,0.9669,0.0563,9.2163,-2.6855,-14.0381,t004,FIJTB
2529183757,2177929,2,tobillo,midstance,-0.1550,0.9581,0.0656,9.0332,-3.4790,-12.3901,t004,FIJTB
2529183758,2177945,2,tobillo,midstance,-0.1586,0.9629,0.0668,8.6060,-4.4556,-9.3384,t004,FIJTB
2529183759,2177961,2,tobillo,midstance,-0.1575,0.9746,0.0739,8.6060,-4.5166,-8.7891,t004,FIJTB
2529183804,2177977,2,tobillo,midstance,-0.1635,0.9817,0.0559,9.3994,-5.0659,-8.5449,t004,FIJTB
2529183806,2177993,2,tobillo,midstance,-0.1589,0.9779,0.0560,10.6201,-6.3477,-11.1084,t004,FIJTB
2529183807,2178008,2,tobillo,midstance,-0.1277,0.9769,0.0709,10.9253,-6.7749,-11.3525,t004,FIJTB
2529183840,2178025,2,tobillo,midstance,-0.1396,0.9705,0.0730,10.0708,-8.7891,-7.0190,t004,FIJTB
2529183857,2178041,2,tobillo,midstance,-0.1654,0.9696,0.0741,9.1553,-10.7422,-5.3101,t004,FIJTB
2529183858,2178057,2,tobillo,midstance,-0.1577,0.9810,0.0865,8.8501,-10.7422,-6.1646,t004,FIJTB
2529183858,2178073,2,tobillo,midstance,-0.1406,0.9935,0.0901,6.2256,-9.0332,-7.9956,t004,FIJTB
2529183904,2178089,2,tobillo,midstance,-0.1648,0.9280,0.1023,4.6997,-7.6294,-8.4839,t004,FIJTB
2529183906,2178105,2,tobillo,midstance,-0.1571,0.9457,0.0963,3.8452,-5.9204,-7.8735,t004,FIJTB
2529183907,2178121,2,tobillo,midstance,-0.1508,0.9617,0.0927,3.4180,-3.6621,-8.8501,t004,FIJTB
2529183956,2178137,2,tobillo,midstance,-0.1627,0.9551,0.0912,3.4180,-2.9297,-10.6201,t004,FIJTB
2529183957,2178153,2,tobillo,midstance,-0.1580,0.9552,0.0906,3.6011,-2.0142,-15.7471,t004,FIJTB
2529183957,2178169,2,tobillo,midstance,-0.1500,0.9574,0.0929,3.1128,-1.5259,-17.8833,t004,FIJTB
2529184003,2178185,2,tobillo,midstance,-0.1393,0.9691,0.0930,1.2817,-1.1597,-21.9116,t004,FIJTB
2529184005,2178201,2,tobillo,midstance,-0.1357,0.9727,0.0924,0.1221,-1.6479,-25.8789,t004,FIJTB
2529184006,2178217,2,tobillo,midstance,-0.1141,0.9766,0.0875,-0.1831,-2.0142,-27.0386,t004,FIJTB
2529184055,2178233,2,tobillo,midstance,-0.1323,0.9760,0.0697,0.0610,-3.1128,-27.5269,t004,FIJTB
2529184055,2178249,2,tobillo,midstance,-0.1637,0.9836,0.0585,-4.2725,-6.2256,-30.3345,t004,FIJTB
2529184056,2178265,2,tobillo,midstance,-0.1984,0.9934,0.0624,-8.1177,-7.0801,-34.1187,t004,FIJTB
2529184103,2178281,2,tobillo,midstance,-0.1799,0.9774,0.0614,-13.9160,-5.7373,-41.4429,t004,FIJTB
2529184104,2178297,2,tobillo,midstance,-0.1689,0.9631,0.0270,-17.3950,-4.8828,-41.3208,t004,FIJTB
2529184104,2178313,2,tobillo,midstance,-0.1943,1.0150,-0.0087,-27.0996,-5.7983,-34.7900,t004,FIJTB
2529184154,2178329,2,tobillo,midstance,-0.1208,1.0730,-0.0017,-29.7241,-15.4419,-28.4424,t004,FIJTB
2529184154,2178345,2,tobillo,midstance,0.0565,1.0922,0.1028,-26.9775,-21.2402,-28.4424,t004,FIJTB
2529184155,2178361,2,tobillo,midstance,-0.0105,0.9813,-0.0577,-24.7803,-37.5366,-24.3530,t004,FIJTB
2529184203,2178377,2,tobillo,midstance,-0.0763,1.0092,-0.0868,-22.0947,-58.2886,-19.3481,t004,FIJTB
2529184204,2178393,2,tobillo,midstance,-0.0891,0.9282,-0.1288,-19.5923,-65.6128,-24.2920,t004,FIJTB
2529184204,2178409,2,tobillo,midstance,-0.0552,0.9102,-0.0979,-20.5078,-79.6509,-22.2168,t004,FIJTB
2529184253,2178425,2,tobillo,midstance,0.0774,0.8857,-0.0244,-20.9351,-86.9141,-19.6533,t004,FIJTB
2529184254,2178441,2,tobillo,midstance,0.0928,0.8909,0.0734,-15.0146,-93.2617,-10.9863,t004,FIJTB
2529184255,2178457,2,tobillo,midstance,0.1010,0.8885,0.1007,-7.9956,-84.6558,-5.4321,t004,FIJTB
2529184299,2178473,2,tobillo,midstance,0.0769,0.9155,0.1448,-6.1646,-75.8057,-3.0518,t004,FIJTB
2529184301,2178489,2,tobillo,midstance,0.1001,0.9214,0.1915,-1.2817,-48.7671,-1.5259,t004,FIJTB
2529184302,2178505,2,tobillo,midstance,0.1139,0.9187,0.1829,2.5024,-20.5078,-0.5493,t004,FIJTB
2529184353,2178521,2,tobillo,midstance,0.1141,0.9119,0.1837,3.6621,-7.4463,1.5869,t004,FIJTB
2529184353,2178537,2,tobillo,midstance,0.1024,0.9121,0.1405,4.5166,10.4980,8.1177,t004,FIJTB
2529184354,2178552,2,tobillo,midstance,0.0020,0.9392,0.0046,3.8452,13.9770,13.7329,t004,FIJTB
2529184354,2178568,2,tobillo,midstance,-0.0211,0.9753,-0.0156,5.4932,14.0381,18.2495,t004,FIJTB
2529184400,2178584,2,tobillo,midstance,0.0081,1.0266,0.0278,11.6577,7.9956,22.6440,t004,FIJTB
2529184402,2178599,2,tobillo,midstance,-0.0325,1.0114,0.0325,13.9160,4.8828,25.9399,t004,FIJTB
2529184402,2178615,2,tobillo,midstance,-0.0825,1.0199,0.0165,14.1602,6.9580,28.6255,t004,FIJTB
2529184453,2178631,2,tobillo,midstance,-0.0924,1.0127,0.0214,14.2212,8.4229,26.0620,t004,FIJTB
2529184453,2178647,2,tobillo,midstance,-0.0726,1.0037,0.0488,12.6343,8.6670,20.5078,t004,FIJTB
2529184453,2178663,2,tobillo,midstance,-0.0802,1.0056,0.0488,8.3008,5.7983,18.8599,t004,FIJTB
2529184499,2178679,2,tobillo,midstance,-0.1104,1.0052,0.0416,6.5308,4.8828,17.4561,t004,FIJTB
2529184501,2178694,2,tobillo,midstance,-0.1260,1.0057,0.0364,5.5542,5.8594,13.9160,t004,FIJTB
2529184502,2178710,2,tobillo,midstance,-0.1129,0.9933,0.0358,5.8594,6.9580,11.5356,t004,FIJTB
2529184551,2178726,2,tobillo,midstance,-0.0696,0.9791,0.0479,5.7373,7.3242,6.8359,t004,FIJTB
2529184552,2178741,2,tobillo,midstance,-0.0642,0.9760,0.0516,4.0894,5.7983,6.3477,t004,FIJTB
2529184552,2178757,2,tobillo,midstance,-0.0743,0.9733,0.0480,3.2959,5.4321,6.8359,t004,FIJTB
2529184598,2178773,2,tobillo,midstance,-0.0778,0.9738,0.0458,3.0518,5.9204,6.6528,t004,FIJTB
2529184598,2178789,2,tobillo,midstance,-0.0714,0.9764,0.0490,3.4790,6.5918,6.4087,t004,FIJTB
2529184601,2178804,2,tobillo,midstance,-0.0771,0.9752,0.0431,4.3945,7.3242,7.1411,t004,FIJTB
2529184644,2178820,2,tobillo,midstance,-0.0836,0.9750,0.0425,4.4556,7.0801,7.6294,t004,FIJTB
2529184651,2178836,2,tobillo,midstance,-0.0795,0.9745,0.0465,4.8218,6.9580,7.3853,t004,FIJTB
2529184652,2178852,2,tobillo,midstance,-0.0754,0.9750,0.0515,5.7983,6.8359,8.2397,t004,FIJTB
2529184652,2178867,2,tobillo,midstance,-0.0809,0.9738,0.0531,6.1035,6.5918,9.1553,t004,FIJTB
2529184698,2178883,2,tobillo,midstance,-0.0886,0.9749,0.0535,6.5308,5.9204,9.8877,t004,FIJTB
2529184700,2178899,2,tobillo,midstance,-0.0848,0.9769,0.0607,6.9580,5.3101,9.5215,t004,FIJTB
2529184700,2178914,2,tobillo,midstance,-0.0757,0.9718,0.0590,7.1411,4.9438,10.1929,t004,FIJTB
2529184750,2178930,2,tobillo,midstance,-0.0763,0.9719,0.0601,6.9580,2.9907,11.2305,t004,FIJTB
2529184751,2178946,2,tobillo,midstance,-0.0730,0.9738,0.0624,6.7749,1.7090,10.7422,t004,FIJTB
2529184751,2178962,2,tobillo,midstance,-0.0771,0.9745,0.0609,7.0801,-0.3662,10.3149,t004,FIJTB
2529184797,2178977,2,tobillo,midstance,-0.0934,0.9698,0.0629,7.2632,-1.5259,9.9487,t004,FIJTB
2529184800,2178993,2,tobillo,midstance,-0.0847,0.9719,0.0675,7.9956,-3.7842,10.9253,t004,FIJTB
2529184800,2179009,2,tobillo,midstance,-0.0968,0.9724,0.0665,8.1177,-6.1035,11.8408,t004,FIJTB
2529184850,2179025,2,tobillo,midstance,-0.1262,0.9716,0.0659,8.1177,-7.2632,11.7187,t004,FIJTB
2529184851,2179041,2,tobillo,midstance,-0.1315,0.9697,0.0698,7.9956,-7.7515,10.2539,t004,FIJTB
2529184851,2179056,2,tobillo,midstance,-0.1320,0.9690,0.0773,7.2021,-7.8125,10.1318,t004,FIJTB
2529184897,2179072,2,tobillo,midstance,-0.1283,0.9690,0.0785,6.5918,-8.0566,9.5215,t004,FIJTB
2529184900,2179088,2,tobillo,midstance,-0.1318,0.9668,0.0804,5.4932,-8.7280,8.9722,t004,FIJTB
2529184900,2179104,2,tobillo,midstance,-0.1396,0.9672,0.0824,5.1880,-8.7891,9.1553,t004,FIJTB
2529184951,2179120,2,tobillo,midstance,-0.1443,0.9670,0.0814,4.2114,-8.7280,8.3618,t004,FIJTB
2529184951,2179135,2,tobillo,midstance,-0.1558,0.9650,0.0840,3.1128,-8.2397,7.1411,t004,FIJTB
2529184952,2179151,2,tobillo,midstance,-0.1527,0.9673,0.0862,2.7466,-7.5684,6.8970,t004,FIJTB
2529184980,2179167,2,tobillo,midstance,-0.1476,0.9674,0.0844,1.6479,-6.7749,5.3711,t004,FIJTB
2529184998,2179183,2,tobillo,midstance,-0.1554,0.9644,0.0835,1.2817,-6.4697,4.8218,t004,FIJTB
2529185000,2179199,2,tobillo,midstance,-0.1501,0.9648,0.0840,1.2817,-4.5776,4.6387,t004,FIJTB
2529185001,2179214,2,tobillo,midstance,-0.1406,0.9648,0.0826,1.5869,-3.6621,5.1270,t004,FIJTB
2529185050,2179230,2,tobillo,midstance,-0.1444,0.9657,0.0825,1.7700,-3.6011,5.0659,t004,FIJTB
2529185051,2179246,2,tobillo,midstance,-0.1438,0.9650,0.0828,1.8921,-3.2959,4.5776,t004,FIJTB
2529185051,2179262,2,tobillo,midstance,-0.1499,0.9636,0.0847,2.0142,-3.1128,4.5776,t004,FIJTB
2529185098,2179278,2,tobillo,midstance,-0.1482,0.9641,0.0844,2.4414,-2.2583,4.6387,t004,FIJTB
2529185099,2179293,2,tobillo,midstance,-0.1403,0.9642,0.0833,2.9297,-1.9531,4.6997,t004,FIJTB
2529185100,2179309,2,tobillo,midstance,-0.1526,0.9619,0.0857,3.1128,-2.1362,4.8828,t004,FIJTB
2529185150,2179325,2,tobillo,midstance,-0.1564,0.9626,0.0884,3.6621,-1.8921,4.7607,t004,FIJTB
2529185150,2179341,2,tobillo,midstance,-0.1453,0.9655,0.0900,3.7842,-1.8311,4.3945,t004,FIJTB
2529185151,2179356,2,tobillo,midstance,-0.1433,0.9648,0.0896,3.7231,-2.6855,4.1504,t004,FIJTB
2529185197,2179372,2,tobillo,midstance,-0.1503,0.9628,0.0912,3.6621,-3.6621,3.8452,t004,FIJTB
2529185199,2179388,2,tobillo,midstance,-0.1643,0.9618,0.0909,3.6621,-3.7842,3.4180,t004,FIJTB
2529185200,2179404,2,tobillo,midstance,-0.1670,0.9633,0.0927,3.6621,-3.0518,2.2583,t004,FIJTB
2529185250,2179420,2,tobillo,midstance,-0.1613,0.9656,0.0936,3.3569,-2.6245,1.4648,t004,FIJTB
2529185251,2179435,2,tobillo,midstance,-0.1593,0.9653,0.0914,2.6855,-2.3193,0.1221,t004,FIJTB
2529185252,2179451,2,tobillo,midstance,-0.1571,0.9619,0.0897,2.5635,-2.4414,0.0610,t004,FIJTB
2529185279,2179467,2,tobillo,midstance,-0.1628,0.9585,0.0928,2.5635,-2.4414,0.4272,t004,FIJTB
2529185299,2179483,2,tobillo,midstance,-0.1599,0.9603,0.0920,2.4414,-2.0142,0.3662,t004,FIJTB
2529185300,2179498,2,tobillo,midstance,-0.1635,0.9623,0.0927,2.1362,-1.8921,-0.0610,t004,FIJTB
2529185300,2179514,2,tobillo,midstance,-0.1689,0.9606,0.0946,1.8311,-1.4038,-0.4883,t004,FIJTB
2529185351,2179530,2,tobillo,midstance,-0.1627,0.9579,0.0962,1.9531,-0.8545,0.0000,t004,FIJTB
2529185351,2179546,2,tobillo,midstance,-0.1475,0.9634,0.0959,1.8311,-0.8545,0.2441,t004,FIJTB
2529185351,2179562,2,tobillo,midstance,-0.1477,0.9636,0.0961,1.3428,-1.5259,0.1221,t004,FIJTB
2529185397,2179577,2,tobillo,midstance,-0.1661,0.9578,0.0974,1.0986,-1.6479,0.3052,t004,FIJTB
2529185399,2179593,2,tobillo,midstance,-0.1696,0.9583,0.0974,1.2207,-0.8545,0.6104,t004,FIJTB
2529185399,2179609,2,tobillo,midstance,-0.1558,0.9606,0.0966,1.6479,0.0610,0.2441,t004,FIJTB
2529185449,2179625,2,tobillo,midstance,-0.1533,0.9614,0.0970,1.7090,0.0610,0.4272,t004,FIJTB
2529185450,2179640,2,tobillo,midstance,-0.1572,0.9603,0.0967,1.6479,0.0610,1.1597,t004,FIJTB
2529185450,2179656,2,tobillo,midstance,-0.1553,0.9597,0.0964,1.5869,0.2441,1.4648,t004,FIJTB
2529185496,2179672,2,tobillo,midstance,-0.1611,0.9592,0.0981,1.8311,0.1221,2.5024,t004,FIJTB
2529185498,2179688,2,tobillo,midstance,-0.1577,0.9636,0.0974,1.8921,0.1221,2.6245,t004,FIJTB
2529185499,2179703,2,tobillo,midstance,-0.1608,0.9584,0.0986,1.7090,0.3052,3.1128,t004,FIJTB
2529185549,2179719,2,tobillo,midstance,-0.1631,0.9583,0.0997,1.7090,0.3052,3.4790,t004,FIJTB
2529185549,2179735,2,tobillo,midstance,-0.1621,0.9602,0.0997,1.8921,0.3662,3.6011,t004,FIJTB
2529185550,2179751,2,tobillo,midstance,-0.1604,0.9614,0.0996,2.0142,0.0000,4.0283,t004,FIJTB
2529185588,2179766,2,tobillo,midstance,-0.1624,0.9622,0.1025,1.9531,-0.3662,4.3335,t004,FIJTB
2529185596,2179782,2,tobillo,midstance,-0.1638,0.9596,0.1021,2.0142,-1.2207,5.1270,t004,FIJTB
2529185598,2179798,2,tobillo,midstance,-0.1627,0.9596,0.1008,1.6479,-1.8921,5.6763,t004,FIJTB
2529185599,2179814,2,tobillo,midstance,-0.1697,0.9595,0.1027,1.4648,-2.1973,5.6763,t004,FIJTB
2529185649,2179829,2,tobillo,midstance,-0.1740,0.9563,0.1024,1.4648,-2.2583,5.5542,t004,FIJTB
2529185650,2179845,2,tobillo,midstance,-0.1708,0.9613,0.1022,1.2817,-1.7700,5.3711,t004,FIJTB
2529185650,2179861,2,tobillo,midstance,-0.1711,0.9600,0.1088,1.2207,-1.1597,4.8828,t004,FIJTB
2529185696,2179877,2,tobillo,midstance,-0.1727,0.9589,0.1053,2.0142,-2.8687,5.4932,t004,FIJTB
2529185698,2179892,2,tobillo,midstance,-0.1753,0.9598,0.1038,2.0752,-3.4790,5.7373,t004,FIJTB
2529185698,2179908,2,tobillo,midstance,-0.1749,0.9602,0.1011,2.1973,-2.8687,4.8828,t004,FIJTB
2529185748,2179924,2,tobillo,midstance,-0.1804,0.9513,0.0995,2.0142,-2.0142,4.3945,t004,FIJTB
2529185749,2179940,2,tobillo,midstance,-0.1841,0.9568,0.1042,1.5869,-0.9766,5.3101,t004,FIJTB
2529185750,2179955,2,tobillo,midstance,-0.1798,0.9600,0.1042,1.6479,-0.7324,5.3711,t004,FIJTB
2529185796,2179971,2,tobillo,midstance,-0.1782,0.9612,0.0994,1.4038,-0.6104,4.8828,t004,FIJTB
2529185797,2179987,2,tobillo,midstance,-0.1803,0.9576,0.1002,-0.1831,-0.0610,3.7842,t004,FIJTB
2529185799,2180003,2,tobillo,midstance,-0.1934,0.9504,0.1089,-0.6104,-0.1831,3.8452,t004,FIJTB
2529185849,2180019,2,tobillo,midstance,-0.1780,0.9568,0.1052,-1.1597,-0.7324,3.6011,t004,FIJTB
2529185850,2180034,2,tobillo,midstance,-0.1913,0.9482,0.1064,-0.8545,-1.2207,4.2725,t004,FIJTB
2529185851,2180050,2,tobillo,midstance,-0.1997,0.9542,0.1038,-0.0610,-0.9766,4.7607,t004,FIJTB
2529185851,2180066,2,tobillo,midstance,-0.1899,0.9561,0.1035,0.0610,-0.2441,3.8452,t004,FIJTB
2529185896,2180082,2,tobillo,midstance,-0.1902,0.9556,0.1041,-0.3662,-0.5493,3.8452,t004,FIJTB
2529185899,2180098,2,tobillo,midstance,-0.2010,0.9520,0.1046,-0.7935,-1.4038,4.0894,t004,FIJTB
2529185899,2180114,2,tobillo,midstance,-0.2026,0.9517,0.1028,-1.0376,-0.9155,3.4180,t004,FIJTB
2529185949,2180130,2,tobillo,midstance,-0.1935,0.9528,0.0953,-1.4648,-0.4883,3.2959,t004,FIJTB
2529185949,2180145,2,tobillo,midstance,-0.1978,0.9517,0.1029,-2.7466,-0.0610,3.6011,t004,FIJTB
2529185949,2180161,2,tobillo,midstance,-0.2015,0.9537,0.1102,-2.4414,0.0610,2.0752,t004,FIJTB
2529185995,2180177,2,tobillo,midstance,-0.1980,0.9543,0.1012,-2.2583,-0.2441,1.5259,t004,FIJTB
2529185998,2180193,2,tobillo,midstance,-0.1984,0.9540,0.0974,-2.0752,-0.4883,1.0376,t004,FIJTB
2529185998,2180209,2,tobillo,midstance,-0.1973,0.9550,0.0969,-1.8921,-0.3662,0.8545,t004,FIJTB
2529186047,2180224,2,tobillo,midstance,-0.1949,0.9553,0.0947,-1.4648,-0.4272,0.7935,t004,FIJTB
2529186048,2180240,2,tobillo,midstance,-0.1876,0.9529,0.0953,-1.0376,-0.7935,1.9531,t004,FIJTB
2529186048,2180256,2,tobillo,midstance,-0.2006,0.9528,0.0995,-1.1597,-0.6714,2.8076,t004,FIJTB
2529186094,2180272,2,tobillo,midstance,-0.2047,0.9553,0.0995,-1.5869,0.0610,2.6245,t004,FIJTB
2529186096,2180288,2,tobillo,midstance,-0.1986,0.9570,0.0980,-1.4648,0.2441,2.0752,t004,FIJTB
2529186096,2180304,2,tobillo,midstance,-0.2045,0.9540,0.0942,-0.9766,0.0000,1.6479,t004,FIJTB
2529186146,2180319,2,tobillo,midstance,-0.2074,0.9537,0.0937,-0.4272,0.0000,1.1597,t004,FIJTB
2529186146,2180335,2,tobillo,midstance,-0.2030,0.9563,0.0950,0.0000,0.0610,0.6714,t004,FIJTB
2529186147,2180351,2,tobillo,midstance,-0.1982,0.9558,0.0946,0.9155,-0.3662,0.0000,t004,FIJTB
2529186192,2180367,2,tobillo,midstance,-0.1986,0.9537,0.0962,1.2817,-0.8545,0.2441,t004,FIJTB
2529186193,2180382,2,tobillo,midstance,-0.2095,0.9534,0.0977,1.2817,-0.9155,0.3052,t004,FIJTB
