timestamp_pc_ms,timestamp_arduino_ms,sensor_id,placement,phase,ax,ay,az,gx,gy,gz,trial_id,subject_id
2531290853,4285099,2,tobillo,loading,0.0646,-0.9639,0.2806,0.7935,-0.2441,-0.4272,t003,FJTB
2531290854,4285115,2,tobillo,loading,0.0629,-0.9639,0.2828,0.3662,-0.1831,-0.6104,t003,FJTB
2531290854,4285131,2,tobillo,loading,0.0577,-0.9581,0.2860,0.1831,-0.0610,-0.6714,t003,FJTB
2531290895,4285147,2,tobillo,loading,0.0581,-0.9548,0.2864,0.1221,0.1221,-0.6104,t003,FJTB
2531290895,4285163,2,tobillo,loading,0.0626,-0.9548,0.2849,0.4272,0.0000,-0.4272,t003,FJTB
2531290896,4285179,2,tobillo,loading,0.0664,-0.9608,0.2836,0.4883,-0.1221,-0.3662,t003,FJTB
2531290939,4285195,2,tobillo,loading,0.0618,-0.9625,0.2852,0.3662,-0.3052,-0.3662,t003,FJTB
2531290939,4285211,2,tobillo,loading,0.0579,-0.9586,0.2863,0.1221,-0.1831,-0.4272,t003,FJTB
2531290976,4285227,2,tobillo,loading,0.0598,-0.9563,0.2841,0.0000,0.1831,-0.4883,t003,FJTB
2531290977,4285243,2,tobillo,loading,0.0599,-0.9551,0.2847,-0.2441,0.2441,-0.4272,t003,FJTB
2531290977,4285259,2,tobillo,loading,0.0581,-0.9546,0.2859,-0.2441,0.2441,-0.3052,t003,FJTB
2531291024,4285275,2,tobillo,loading,0.0605,-0.9557,0.2858,-0.2441,0.3052,-0.2441,t003,FJTB
2531291025,4285291,2,tobillo,loading,0.0608,-0.9591,0.2863,-0.3052,0.3052,-0.1831,t003,FJTB
2531291025,4285307,2,tobillo,loading,0.0568,-0.9570,0.2859,-0.5493,0.3052,-0.0610,t003,FJTB
2531291071,4285323,2,tobillo,loading,0.0557,-0.9583,0.2859,-0.5493,0.4883,0.1221,t003,FJTB
2531291073,4285339,2,tobillo,loading,0.0559,-0.9580,0.2872,-0.6104,0.7324,0.2441,t003,FJTB
2531291073,4285355,2,tobillo,loading,0.0552,-0.9528,0.2859,-0.6104,1.0986,0.6104,t003,FJTB
2531291174,4285371,2,tobillo,loading,0.0551,-0.9525,0.2870,-0.1831,1.3428,1.3428,t003,FJTB
2531291175,4285387,2,tobillo,loading,0.0588,-0.9534,0.2891,0.0610,1.4038,1.7090,t003,FJTB
2531291175,4285403,2,tobillo,loading,0.0585,-0.9540,0.2888,0.4883,1.2817,2.3804,t003,FJTB
2531291177,4285419,2,tobillo,loading,0.0559,-0.9565,0.2883,0.4272,1.4038,2.6245,t003,FJTB
2531291220,4285435,2,tobillo,loading,0.0562,-0.9594,0.2876,0.3662,1.7700,3.1738,t003,FJTB
2531291220,4285451,2,tobillo,loading,0.0582,-0.9600,0.2864,-0.1221,2.2583,3.5400,t003,FJTB
2531291220,4285467,2,tobillo,loading,0.0665,-0.9595,0.2861,-0.6714,2.6245,3.6621,t003,FJTB
2531291221,4285483,2,tobillo,loading,0.0696,-0.9579,0.2863,-1.4648,3.2349,4.0283,t003,FJTB
2531291250,4285499,2,tobillo,loading,0.0696,-0.9540,0.2885,-0.9155,2.8687,3.4180,t003,FJTB
2531291260,4285515,2,tobillo,loading,0.0754,-0.9559,0.2867,-0.6104,2.6855,3.1738,t003,FJTB
2531291261,4285531,2,tobillo,loading,0.0753,-0.9578,0.2859,-0.3052,2.3193,3.0518,t003,FJTB
2531291261,4285547,2,tobillo,loading,0.0713,-0.9581,0.2882,-0.1831,2.1362,2.9907,t003,FJTB
2531291306,4285562,2,tobillo,loading,0.0715,-0.9513,0.2849,-0.2441,2.0752,2.7466,t003,FJTB
2531291307,4285578,2,tobillo,loading,0.0776,-0.9525,0.2841,0.0000,2.0142,2.3193,t003,FJTB
2531291307,4285594,2,tobillo,loading,0.0793,-0.9609,0.2863,0.0000,1.7700,2.1362,t003,FJTB
2531291348,4285610,2,tobillo,loading,0.0801,-0.9614,0.2866,-0.3662,1.3428,1.5869,t003,FJTB
2531291349,4285626,2,tobillo,loading,0.0875,-0.9602,0.2784,-0.5493,0.9155,1.2817,t003,FJTB
2531291396,4285642,2,tobillo,loading,0.0800,-0.9597,0.2778,-0.5493,-0.4883,1.2207,t003,FJTB
2531291396,4285658,2,tobillo,loading,0.0818,-0.9562,0.2815,-0.7324,-1.9531,1.6479,t003,FJTB
2531291397,4285673,2,tobillo,loading,0.0806,-0.9508,0.3010,-0.4883,-2.5635,2.0752,t003,FJTB
2531291441,4285689,2,tobillo,loading,0.0684,-0.9515,0.3015,0.6104,-2.4414,3.0518,t003,FJTB
2531291442,4285705,2,tobillo,loading,0.0643,-0.9612,0.2939,0.6714,-1.5869,2.8687,t003,FJTB
2531291442,4285721,2,tobillo,loading,0.0839,-0.9603,0.2867,0.0610,-0.0610,2.1973,t003,FJTB
2531291489,4285737,2,tobillo,loading,0.0847,-0.9573,0.2870,0.2441,-0.4883,2.5635,t003,FJTB
2531291490,4285753,2,tobillo,loading,0.0734,-0.9556,0.2899,0.3662,-0.7935,2.8076,t003,FJTB
2531291490,4285768,2,tobillo,loading,0.0768,-0.9561,0.2889,0.2441,-0.4883,2.5635,t003,FJTB
2531291535,4285784,2,tobillo,loading,0.0811,-0.9565,0.2926,0.3052,-0.3052,2.5024,t003,FJTB
2531291535,4285800,2,tobillo,loading,0.0780,-0.9523,0.3000,0.0610,-0.1831,2.6245,t003,FJTB
2531291535,4285816,2,tobillo,loading,0.0780,-0.9517,0.2992,-0.1221,0.4272,2.6855,t003,FJTB
2531291580,4285832,2,tobillo,loading,0.0796,-0.9567,0.2889,-0.1831,0.8545,2.5635,t003,FJTB
2531291581,4285848,2,tobillo,loading,0.0861,-0.9589,0.2872,-0.4883,1.3428,1.7090,t003,FJTB
2531291581,4285864,2,tobillo,loading,0.0894,-0.9568,0.2892,-0.4272,0.6104,1.5869,t003,FJTB
2531291622,4285880,2,tobillo,loading,0.0842,-0.9541,0.2900,-0.3662,0.3662,1.5259,t003,FJTB
2531291624,4285895,2,tobillo,loading,0.0850,-0.9540,0.2904,-0.3052,0.3052,1.0376,t003,FJTB
2531291625,4285911,2,tobillo,loading,0.0834,-0.9534,0.2922,-0.3052,0.3662,0.7935,t003,FJTB
2531291669,4285927,2,tobillo,loading,0.0880,-0.9540,0.2883,-0.4272,0.3662,0.4883,t003,FJTB
2531291669,4285943,2,tobillo,loading,0.0912,-0.9559,0.2863,-0.3052,-0.1831,0.4883,t003,FJTB
2531291712,4285959,2,tobillo,loading,0.0876,-0.9570,0.2881,-0.3662,-0.4883,0.4883,t003,FJTB
2531291712,4285975,2,tobillo,loading,0.0833,-0.9558,0.2898,-0.6104,-0.7324,0.6714,t003,FJTB
2531291713,4285991,2,tobillo,loading,0.0829,-0.9551,0.2908,-0.7324,-0.6714,0.6104,t003,FJTB
2531291755,4286007,2,tobillo,loading,0.0861,-0.9554,0.2969,-0.5493,-0.6714,0.6104,t003,FJTB
2531291755,4286023,2,tobillo,loading,0.0852,-0.9536,0.2993,-0.4272,-0.6714,0.9155,t003,FJTB
2531291756,4286039,2,tobillo,loading,0.0781,-0.9517,0.2946,-0.4272,-0.4272,0.9155,t003,FJTB
2531291794,4286055,2,tobillo,loading,0.0804,-0.9512,0.2928,-0.4272,0.1831,0.6104,t003,FJTB
2531291794,4286071,2,tobillo,loading,0.0878,-0.9525,0.2932,-0.2441,0.1831,0.6104,t003,FJTB
2531291837,4286087,2,tobillo,loading,0.0864,-0.9545,0.2922,-0.2441,0.0000,0.7935,t003,FJTB
2531291837,4286103,2,tobillo,loading,0.0851,-0.9532,0.2910,-0.4272,-0.1831,0.8545,t003,FJTB
2531291838,4286119,2,tobillo,loading,0.0873,-0.9500,0.2911,-0.4272,-0.2441,0.7935,t003,FJTB
2531291879,4286135,2,tobillo,loading,0.0856,-0.9510,0.2909,-0.3662,-0.5493,0.7324,t003,FJTB
2531291879,4286151,2,tobillo,loading,0.0861,-0.9519,0.2924,-0.2441,-0.7935,0.7935,t003,FJTB
2531291881,4286167,2,tobillo,loading,0.0862,-0.9503,0.2931,-0.1831,-0.9155,0.8545,t003,FJTB
2531291921,4286183,2,tobillo,loading,0.0865,-0.9519,0.2931,0.2441,-1.2817,0.9155,t003,FJTB
2531291922,4286198,2,tobillo,loading,0.0890,-0.9568,0.2922,0.3052,-1.3428,0.9766,t003,FJTB
2531291962,4286214,2,tobillo,loading,0.0859,-0.9558,0.2939,0.1831,-1.2817,0.7935,t003,FJTB
2531291963,4286230,2,tobillo,loading,0.0865,-0.9552,0.2935,0.0610,-1.2207,0.4883,t003,FJTB
2531291963,4286246,2,tobillo,loading,0.0854,-0.9520,0.2937,0.0610,-1.2207,0.4272,t003,FJTB
2531292006,4286262,2,tobillo,loading,0.0840,-0.9518,0.2959,0.1221,-1.0986,0.2441,t003,FJTB
2531292006,4286278,2,tobillo,loading,0.0820,-0.9467,0.2971,0.0610,-0.9766,0.2441,t003,FJTB
2531292007,4286294,2,tobillo,loading,0.0851,-0.9454,0.2976,0.3052,-0.9766,0.1831,t003,FJTB
2531292049,4286309,2,tobillo,loading,0.0858,-0.9491,0.2996,0.6714,-0.7324,-0.1221,t003,FJTB
2531292049,4286325,2,tobillo,loading,0.0806,-0.9495,0.2977,0.6104,-0.5493,-0.3052,t003,FJTB
2531292094,4286341,2,tobillo,loading,0.0945,-0.9531,0.2936,0.6714,-0.2441,-0.9155,t003,FJTB
2531292095,4286357,2,tobillo,loading,0.0956,-0.9575,0.2952,0.9155,-0.1221,-2.0142,t003,FJTB
2531292095,4286373,2,tobillo,loading,0.0906,-0.9683,0.2946,0.7324,0.0000,-2.5024,t003,FJTB
2531292135,4286389,2,tobillo,loading,0.0970,-0.9723,0.2871,-0.3052,-0.5493,-1.0376,t003,FJTB
2531292137,4286405,2,tobillo,loading,0.0994,-0.9662,0.2865,-0.7935,-2.0142,1.4038,t003,FJTB
2531292137,4286421,2,tobillo,loading,0.0643,-0.9436,0.3038,-0.7935,-2.5635,4.4556,t003,FJTB
2531292182,4286437,2,tobillo,loading,0.0653,-0.9458,0.2968,0.0000,1.0376,3.1738,t003,FJTB
2531292183,4286453,2,tobillo,loading,0.0840,-0.9575,0.2928,0.0000,1.2817,1.8311,t003,FJTB
2531292183,4286468,2,tobillo,loading,0.0835,-0.9590,0.2960,-0.6104,0.9155,-0.1221,t003,FJTB
2531292224,4286485,2,tobillo,loading,0.0814,-0.9517,0.2975,-0.9155,0.7324,-0.8545,t003,FJTB
2531292226,4286501,2,tobillo,loading,0.0947,-0.9509,0.2930,-0.2441,0.3662,-1.8311,t003,FJTB
2531292274,4286517,2,tobillo,loading,0.1001,-0.9541,0.2936,0.0000,-0.3052,-1.9531,t003,FJTB
2531292275,4286533,2,tobillo,loading,0.0834,-0.9482,0.2949,0.3052,-0.9155,-1.8921,t003,FJTB
2531292275,4286549,2,tobillo,loading,0.0880,-0.9569,0.2894,0.9766,-2.9297,-1.5259,t003,FJTB
2531292318,4286564,2,tobillo,loading,0.0939,-0.9551,0.2910,0.1831,-6.7749,0.2441,t003,FJTB
2531292319,4286580,2,tobillo,loading,0.0792,-0.9514,0.2980,0.0610,-7.1411,0.7935,t003,FJTB
2531292320,4286596,2,tobillo,loading,0.0750,-0.9563,0.2997,-0.6104,-5.5542,0.1831,t003,FJTB
2531292368,4286612,2,tobillo,loading,0.0757,-0.9586,0.2986,-1.0986,-4.4556,0.0610,t003,FJTB
2531292369,4286629,2,tobillo,loading,0.0842,-0.9554,0.2938,-1.7090,-2.5024,-0.4883,t003,FJTB
2531292370,4286645,2,tobillo,loading,0.0829,-0.9545,0.2928,-1.5259,-1.5869,-1.1597,t003,FJTB
2531292413,4286661,2,tobillo,loading,0.0828,-0.9521,0.2957,-1.2207,-1.5259,-1.4648,t003,FJTB
2531292414,4286677,2,tobillo,loading,0.0889,-0.9514,0.2974,-0.1221,-1.8921,-1.8921,t003,FJTB
2531292415,4286693,2,tobillo,loading,0.0923,-0.9515,0.2971,0.5493,-2.6245,-2.6245,t003,FJTB
2531292463,4286709,2,tobillo,loading,0.0963,-0.9567,0.2944,0.6714,-3.0518,-2.9297,t003,FJTB
2531292463,4286725,2,tobillo,loading,0.0952,-0.9561,0.2963,0.3662,-4.2725,-2.9297,t003,FJTB
2531292464,4286741,2,tobillo,loading,0.0731,-0.9495,0.2988,0.4883,-4.6997,-3.1128,t003,FJTB
2531292507,4286757,2,tobillo,loading,0.0646,-0.9583,0.2972,0.0610,-4.0283,-3.7842,t003,FJTB
2531292509,4286772,2,tobillo,loading,0.0696,-0.9590,0.2977,-1.4038,-2.8076,-3.6621,t003,FJTB
2531292509,4286789,2,tobillo,loading,0.0767,-0.9640,0.2959,-2.0752,-2.4414,-3.6011,t003,FJTB
2531292561,4286805,2,tobillo,loading,0.0937,-0.9655,0.2902,-3.2349,-2.8687,-5.9814,t003,FJTB
2531292562,4286821,2,tobillo,loading,0.0829,-0.9669,0.2981,-5.3101,-3.2959,-7.7515,t003,FJTB
2531292605,4286837,2,tobillo,loading,0.0537,-0.9541,0.3113,-6.5918,-2.8687,-7.6904,t003,FJTB
2531292606,4286853,2,tobillo,loading,0.0487,-0.9421,0.3119,-6.4697,-2.0142,-7.9346,t003,FJTB
2531292607,4286869,2,tobillo,loading,0.0547,-0.9482,0.3162,-5.9204,-1.3428,-7.6904,t003,FJTB
2531292608,4286885,2,tobillo,loading,0.0544,-0.9469,0.3165,-6.5308,-0.3662,-7.5684,t003,FJTB
2531292656,4286901,2,tobillo,loading,0.0513,-0.9502,0.3168,-6.4697,0.1831,-7.6904,t003,FJTB
2531292657,4286917,2,tobillo,loading,0.0750,-0.9608,0.3131,-6.9580,0.6104,-7.9956,t003,FJTB
2531292657,4286933,2,tobillo,loading,0.0815,-0.9656,0.3097,-9.7656,0.6714,-9.3384,t003,FJTB
2531292701,4286949,2,tobillo,loading,0.0791,-0.9634,0.3115,-13.0005,0.1831,-12.1460,t003,FJTB
2531292703,4286965,2,tobillo,loading,0.0786,-0.9602,0.3230,-13.9770,-0.4272,-13.8550,t003,FJTB
2531292703,4286981,2,tobillo,loading,0.0746,-0.9692,0.3239,-14.2822,-2.5024,-17.8833,t003,FJTB
2531292753,4286997,2,tobillo,loading,0.0682,-0.9966,0.3269,-15.1367,-2.9907,-20.2026,t003,FJTB
2531292754,4287013,2,tobillo,loading,0.0730,-1.0206,0.3345,-19.5313,-2.9907,-27.2827,t003,FJTB
2531292754,4287029,2,tobillo,loading,0.0801,-1.0214,0.3440,-24.3530,-5.2490,-39.1235,t003,FJTB
2531292800,4287045,2,tobillo,loading,0.0437,-1.0048,0.3677,-25.3906,-5.9814,-45.0439,t003,FJTB
2531292801,4287061,2,tobillo,loading,0.0261,-1.0226,0.3918,-24.3530,-4.0283,-55.6641,t003,FJTB
2531292802,4287077,2,tobillo,loading,0.0485,-1.0389,0.4091,-24.0478,0.4272,-63.8428,t003,FJTB
2531292854,4287093,2,tobillo,loading,0.0769,-1.0419,0.4495,-22.6440,0.3662,-66.2842,t003,FJTB
2531292854,4287109,2,tobillo,loading,0.0642,-1.0443,0.4558,-18.8599,-1.7090,-67.8101,t003,FJTB
2531292855,4287125,2,tobillo,loading,-0.0138,-0.9879,0.4004,-19.9585,-2.0142,-68.5425,t003,FJTB
2531292855,4287141,2,tobillo,loading,-0.0549,-0.9354,0.3872,-22.0947,-1.4038,-67.6270,t003,FJTB
2531292903,4287158,2,tobillo,loading,-0.1218,-0.9174,0.4067,-21.1792,-5.0049,-59.2651,t003,FJTB
2531292905,4287174,2,tobillo,loading,-0.1713,-0.8853,0.4126,-21.1792,-5.4321,-54.8096,t003,FJTB
2531292906,4287190,2,tobillo,loading,-0.1653,-0.8390,0.4009,-23.2544,-3.2959,-45.8984,t003,FJTB
2531292960,4287206,2,tobillo,loading,-0.1783,-0.8312,0.3849,-23.5596,-6.5918,-34.4238,t003,FJTB
2531292961,4287222,2,tobillo,loading,-0.1378,-0.8610,0.3901,-20.7520,-11.2915,-26.6724,t003,FJTB
2531292961,4287238,2,tobillo,loading,-0.1293,-0.8334,0.3960,-9.2163,-20.3857,-9.7656,t003,FJTB
2531293014,4287255,2,tobillo,loading,-0.2131,-0.7255,0.3563,3.4790,-19.3481,-2.5635,t003,FJTB
2531293015,4287270,2,tobillo,loading,-0.2693,-0.7822,0.3148,6.8359,-17.4561,-2.4414,t003,FJTB
2531293015,4287286,2,tobillo,loading,-0.3070,-0.8350,0.3042,2.0142,-11.2915,-2.9297,t003,FJTB
2531293069,4287302,2,tobillo,loading,-0.2612,-0.8373,0.3145,-1.4038,-8.1177,-3.4180,t003,FJTB
2531293069,4287318,2,tobillo,loading,-0.1748,-0.8140,0.3383,-2.0752,-2.9907,-1.5869,t003,FJTB
2531293070,4287334,2,tobillo,loading,-0.1614,-0.8159,0.3477,-0.3052,-0.1221,2.1362,t003,FJTB
2531293070,4287351,2,tobillo,loading,-0.2390,-0.8539,0.3513,1.2817,0.1221,3.9062,t003,FJTB
2531293121,4287366,2,tobillo,loading,-0.2729,-0.8737,0.3507,1.4648,2.6855,4.3945,t003,FJTB
2531293124,4287382,2,tobillo,loading,-0.2662,-0.8901,0.3365,0.4883,4.8218,2.8076,t003,FJTB
2531293124,4287398,2,tobillo,loading,-0.1522,-0.8984,0.3292,0.4883,11.0474,0.4883,t003,FJTB
2531293178,4287414,2,tobillo,loading,-0.1460,-0.9060,0.3334,3.7842,17.1509,-0.2441,t003,FJTB
2531293178,4287430,2,tobillo,loading,-0.1676,-0.9120,0.3257,5.0049,19.7144,-1.3428,t003,FJTB
2531293178,4287446,2,tobillo,loading,-0.1569,-0.9111,0.3398,7.2632,23.2544,-6.0425,t003,FJTB
2531293179,4287462,2,tobillo,loading,-0.1626,-0.9139,0.3868,8.6670,26.4282,-8.9111,t003,FJTB
2531293227,4287478,2,tobillo,loading,-0.1371,-0.8665,0.4990,7.0190,28.6865,-9.2163,t003,FJTB
2531293229,4287494,2,tobillo,loading,-0.1129,-0.8367,0.5468,2.3804,26.2451,-7.8125,t003,FJTB
2531293229,4287510,2,tobillo,loading,-0.1559,-0.8055,0.5999,1.7700,21.4233,-5.6152,t003,FJTB
2531293282,4287526,2,tobillo,loading,-0.1091,-0.8148,0.5356,3.1738,12.6953,-1.5869,t003,FJTB
2531293282,4287542,2,tobillo,loading,-0.0967,-0.8463,0.4890,8.9722,3.7842,4.2114,t003,FJTB
2531293283,4287558,2,tobillo,loading,-0.1371,-0.9407,0.4156,11.7187,-0.1221,6.4697,t003,FJTB
2531293333,4287574,2,tobillo,loading,-0.1716,-0.9672,0.3638,12.2070,-3.1128,6.7749,t003,FJTB
2531293334,4287590,2,tobillo,loading,-0.1740,-0.9597,0.3563,10.7422,0.2441,4.4556,t003,FJTB
2531293334,4287607,2,tobillo,loading,-0.1550,-0.9497,0.3760,10.2539,2.8687,3.6621,t003,FJTB
2531293351,4287622,2,tobillo,loading,-0.1466,-0.9512,0.3850,9.2773,6.7139,2.9297,t003,FJTB
2531293385,4287638,2,tobillo,loading,-0.1411,-0.9351,0.3971,8.3618,7.3853,2.5024,t003,FJTB
2531293385,4287654,2,tobillo,loading,-0.1326,-0.9061,0.3977,6.5308,6.9580,2.6855,t003,FJTB
2531293385,4287670,2,tobillo,loading,-0.1317,-0.9005,0.3900,5.6152,5.3711,4.7607,t003,FJTB
2531293433,4287686,2,tobillo,loading,-0.1427,-0.8970,0.3621,5.4932,4.5166,6.0425,t003,FJTB
2531293434,4287702,2,tobillo,loading,-0.1528,-0.8959,0.3536,5.0049,4.1504,7.6294,t003,FJTB
2531293435,4287718,2,tobillo,loading,-0.1584,-0.8784,0.3446,4.9438,5.0049,8.0566,t003,FJTB
2531293485,4287734,2,tobillo,loading,-0.1555,-0.8750,0.3625,5.6152,5.5542,8.5449,t003,FJTB
2531293486,4287750,2,tobillo,loading,-0.1451,-0.8846,0.3746,6.8970,6.2256,10.5591,t003,FJTB
2531293486,4287765,2,tobillo,loading,-0.1265,-0.9031,0.3757,6.9580,6.0425,11.2915,t003,FJTB
2531293533,4287781,2,tobillo,loading,-0.1051,-0.9270,0.3704,7.5073,4.1504,12.0850,t003,FJTB
2531293535,4287797,2,tobillo,loading,-0.0944,-0.9506,0.3776,5.8594,2.6855,12.9395,t003,FJTB
2531293536,4287813,2,tobillo,loading,-0.0873,-0.9711,0.3904,4.3945,2.0142,12.5732,t003,FJTB
2531293586,4287829,2,tobillo,loading,-0.0846,-0.9750,0.3990,1.9531,0.7935,10.1929,t003,FJTB
2531293587,4287845,2,tobillo,loading,-0.0758,-0.9723,0.4039,0.9155,0.1221,8.7891,t003,FJTB
2531293588,4287861,2,tobillo,loading,-0.0933,-0.9705,0.4020,-0.6104,-0.7324,6.6528,t003,FJTB
2531293633,4287877,2,tobillo,loading,-0.0952,-0.9618,0.3992,-2.3193,-0.1831,3.9062,t003,FJTB
2531293635,4287893,2,tobillo,loading,-0.0968,-0.9456,0.3884,-2.6245,0.1831,2.5635,t003,FJTB
2531293636,4287909,2,tobillo,loading,-0.1040,-0.9330,0.3782,-2.7466,0.8545,0.4883,t003,FJTB
2531293687,4287926,2,tobillo,loading,-0.1113,-0.9226,0.3754,-2.5635,2.5635,-1.7700,t003,FJTB
2531293688,4287942,2,tobillo,loading,-0.1055,-0.9071,0.3964,-1.7090,4.0283,-3.2959,t003,FJTB
2531293688,4287958,2,tobillo,loading,-0.0876,-0.8987,0.4116,1.0376,4.5166,-6.7139,t003,FJTB
2531293688,4287974,2,tobillo,loading,-0.0686,-0.9116,0.4365,2.4414,3.3569,-8.1177,t003,FJTB
2531293734,4287990,2,tobillo,loading,-0.0813,-0.9388,0.4066,2.8076,0.3662,-10.8032,t003,FJTB
2531293736,4288006,2,tobillo,loading,-0.0831,-0.9556,0.3831,1.7090,-0.9766,-14.4653,t003,FJTB
2531293737,4288022,2,tobillo,loading,-0.0746,-0.9926,0.3617,0.3052,-0.9766,-16.7847,t003,FJTB
2531293786,4288038,2,tobillo,loading,-0.0614,-1.0682,0.3363,-2.6855,-2.0752,-22.9492,t003,FJTB
2531293787,4288054,2,tobillo,loading,-0.0581,-1.1368,0.3311,-6.2256,-0.4883,-35.2783,t003,FJTB
2531293787,4288070,2,tobillo,loading,-0.0239,-1.2498,0.3944,-9.8877,1.5259,-44.7388,t003,FJTB
2531293833,4288086,2,tobillo,loading,0.0022,-1.2737,0.4694,-18.8599,4.2725,-67.1387,t003,FJTB
2531293835,4288102,2,tobillo,loading,0.0887,-1.2509,0.6534,-29.4800,-1.4648,-87.5244,t003,FJTB
2531293835,4288119,2,tobillo,loading,0.1830,-1.2516,0.7162,-34.0576,-11.9019,-95.0928,t003,FJTB
2531293886,4288135,2,tobillo,loading,0.1556,-1.2175,0.6899,-37.3535,-19.3481,-107.1167,t003,FJTB
2531293886,4288151,2,tobillo,loading,0.0770,-1.1218,0.4386,-32.8369,-9.9487,-106.6894,t003,FJTB
2531293887,4288167,2,tobillo,loading,-0.0741,-0.9882,0.0709,-14.5264,-0.4883,-92.7734,t003,FJTB
2531293935,4288183,2,tobillo,loading,-0.3057,-0.9169,-0.0364,12.1460,-0.8545,-75.9888,t003,FJTB
2531293936,4288199,2,tobillo,loading,-0.3796,-0.9366,0.0005,17.8223,13.3667,-70.1904,t003,FJTB
2531293936,4288215,2,tobillo,loading,0.5114,-0.5969,0.1840,-13.7939,54.1382,-62.3779,t003,FJTB
2531293989,4288231,2,tobillo,loading,0.7272,-0.4846,0.1498,1.2817,58.8989,-21.3623,t003,FJTB
2531293990,4288247,2,tobillo,loading,0.8024,-0.5699,0.1848,15.9912,55.2978,-0.8545,t003,FJTB
2531293990,4288263,2,tobillo,loading,0.7451,-0.5695,0.2179,22.2168,43.7012,35.6445,t003,FJTB
2531294039,4288279,2,tobillo,loading,0.7612,-0.6104,0.2695,22.3999,37.0483,54.6875,t003,FJTB
2531294040,4288295,2,tobillo,loading,0.6060,-0.6981,0.3398,27.5879,24.8413,91.0644,t003,FJTB
2531294041,4288310,2,tobillo,loading,0.5326,-0.7401,0.3673,32.0435,15.9912,125.6103,t003,FJTB
2531294041,4288326,2,tobillo,loading,0.4365,-0.8723,0.3903,34.1187,13.6108,141.9678,t003,FJTB
2531294092,4288342,2,tobillo,loading,0.3740,-0.9440,0.3938,33.5083,12.4512,168.2739,t003,FJTB
2531294093,4288358,2,tobillo,loading,0.2899,-1.0548,0.3892,31.5552,13.1226,179.9927,t003,FJTB
2531294093,4288373,2,tobillo,loading,0.1560,-1.1600,0.3550,31.0059,16.9067,197.9980,t003,FJTB
2531294141,4288389,2,tobillo,loading,0.0806,-1.2087,0.3387,35.4614,28.9307,206.6650,t003,FJTB
2531294143,4288405,2,tobillo,loading,-0.0081,-1.2958,0.3282,38.7573,38.2690,209.4726,t003,FJTB
2531294143,4288421,2,tobillo,loading,-0.0310,-1.3442,0.3361,46.5088,58.2275,208.3130,t003,FJTB
2531294196,4288437,2,tobillo,loading,-0.0481,-1.3723,0.3807,49.0723,67.5049,203.4302,t003,FJTB
2531294196,4288453,2,tobillo,loading,-0.0623,-1.3002,0.4790,50.4761,83.0078,187.6221,t003,FJTB
2531294197,4288469,2,tobillo,loading,-0.0746,-1.2528,0.5205,47.3633,90.6982,168.6401,t003,FJTB
2531294246,4288484,2,tobillo,loading,-0.1129,-1.2126,0.4943,44.5557,90.3320,158.8745,t003,FJTB
2531294247,4288500,2,tobillo,loading,-0.1398,-1.2095,0.4524,38.3911,86.9141,137.3291,t003,FJTB
2531294247,4288516,2,tobillo,loading,-0.2063,-1.1398,0.3781,36.1938,88.1348,124.2676,t003,FJTB
2531294248,4288532,2,tobillo,loading,-0.1929,-1.0197,0.3441,34.9731,92.5903,93.9331,t003,FJTB
2531294300,4288548,2,tobillo,loading,-0.1469,-0.9741,0.3689,35.9497,85.5713,62.9272,t003,FJTB
2531294300,4288564,2,tobillo,loading,-0.0966,-0.9071,0.4307,34.3018,76.2329,47.6074,t003,FJTB
2531294300,4288580,2,tobillo,loading,-0.1294,-0.8616,0.4332,26.5503,46.8750,21.9116,t003,FJTB
2531294348,4288596,2,tobillo,loading,-0.1759,-0.8352,0.4155,16.5405,8.1177,6.8359,t003,FJTB
2531294348,4288612,2,tobillo,loading,-0.1366,-0.8793,0.3240,12.0850,-11.5967,0.4883,t003,FJTB
2531294350,4288628,2,tobillo,loading,-0.1259,-0.9135,0.2731,6.4697,-47.7295,-17.7612,t003,FJTB
2531294404,4288644,2,tobillo,loading,-0.1853,-0.9150,0.1948,3.8452,-62.9272,-28.6255,t003,FJTB
2531294405,4288660,2,tobillo,loading,-0.2213,-0.9131,0.1555,1.8921,-86.7309,-47.6074,t003,FJTB
2531294405,4288676,2,tobillo,loading,-0.1998,-0.9312,0.1304,2.5024,-99.8535,-62.5000,t003,FJTB
2531294454,4288692,2,tobillo,loading,-0.0786,-1.0393,0.1343,2.9907,-103.4546,-69.5190,t003,FJTB
2531294456,4288709,2,tobillo,loading,1.3198,-1.0914,0.4323,2.9297,-102.2949,-92.7124,t003,FJTB
2531294456,4288725,2,tobillo,loading,1.7732,-0.6801,0.5344,-34.8511,-113.2202,-83.2519,t003,FJTB
2531294457,4288741,2,tobillo,loading,0.7950,-0.7981,0.8062,-14.5264,-147.8882,-90.3931,t003,FJTB
2531294509,4288756,2,tobillo,loading,0.3292,-1.1407,0.5995,28.1372,-170.3491,-111.3281,t003,FJTB
2531294509,4288773,2,tobillo,loading,-0.8147,-1.6747,0.1521,37.3535,-153.3203,-72.9980,t003,FJTB
2531294510,4288789,2,tobillo,loading,-0.3004,-1.2125,0.8026,7.5684,-93.5059,-39.3677,t003,FJTB
2531294558,4288805,2,tobillo,loading,0.2312,-0.6447,0.4636,-3.4180,-50.6592,-39.7949,t003,FJTB
2531294560,4288821,2,tobillo,loading,-0.2538,-0.8972,0.2780,30.6396,-55.2978,-36.6211,t003,FJTB
2531294560,4288837,2,tobillo,loading,-0.2062,-1.1315,0.1859,33.7524,-28.3203,-44.3726,t003,FJTB
2531294614,4288853,2,tobillo,loading,-0.0424,-1.0798,0.1973,7.8125,16.5405,-43.9453,t003,FJTB
2531294614,4288869,2,tobillo,loading,0.1285,-0.9265,0.2430,4.2725,25.0854,-41.8701,t003,FJTB
2531294615,4288885,2,tobillo,loading,0.1670,-0.9133,0.2305,14.5264,15.5640,-30.9448,t003,FJTB
2531294664,4288900,2,tobillo,midstance,0.2661,-0.9829,0.2014,18.0054,5.1880,-26.1841,t003,FJTB
2531294666,4288916,2,tobillo,midstance,0.1758,-0.9988,0.2529,17.9443,-13.6719,-18.6768,t003,FJTB
2531294666,4288932,2,tobillo,midstance,0.1299,-0.9915,0.2634,16.6626,-22.7661,-15.3809,t003,FJTB
2531294666,4288948,2,tobillo,midstance,0.0447,-0.9746,0.2683,15.8081,-21.8506,-16.9067,t003,FJTB
2531294720,4288964,2,tobillo,midstance,0.0541,-0.9669,0.2585,13.9770,-12.6343,-21.8506,t003,FJTB
2531294720,4288980,2,tobillo,midstance,0.1226,-0.9528,0.2538,11.8408,-8.3008,-21.6675,t003,FJTB
2531294720,4288996,2,tobillo,midstance,0.1383,-0.9746,0.2283,10.5591,-9.0942,-20.0806,t003,FJTB
2531294771,4289012,2,tobillo,midstance,0.1072,-0.9781,0.2236,8.3008,-11.7798,-17.5781,t003,FJTB
2531294772,4289028,2,tobillo,midstance,0.0721,-0.9657,0.2374,8.1177,-12.0239,-17.2729,t003,FJTB
2531294772,4289044,2,tobillo,midstance,0.0654,-0.9668,0.2351,10.3760,-10.1929,-17.5171,t003,FJTB
2531294814,4289060,2,tobillo,midstance,0.0461,-0.9696,0.2311,11.9019,-6.1646,-17.7002,t003,FJTB
2531294826,4289076,2,tobillo,midstance,0.0236,-0.9436,0.2338,10.9863,-2.0142,-18.1274,t003,FJTB
2531294826,4289092,2,tobillo,midstance,0.0350,-0.9476,0.2334,15.4419,2.1362,-19.5313,t003,FJTB
2531294827,4289108,2,tobillo,midstance,0.0891,-0.9827,0.1682,17.5171,1.7090,-19.2871,t003,FJTB
2531294878,4289124,2,tobillo,midstance,0.1843,-0.9956,0.0936,14.2212,-4.0283,-16.4185,t003,FJTB
2531294879,4289140,2,tobillo,midstance,0.1719,-1.0134,0.0935,9.0332,-16.1743,-16.3574,t003,FJTB
2531294879,4289156,2,tobillo,midstance,0.0629,-1.0328,0.1764,5.0049,-20.5688,-15.4419,t003,FJTB
2531294931,4289172,2,tobillo,midstance,0.0186,-0.9810,0.2274,-3.2959,-20.4468,-11.8408,t003,FJTB
2531294932,4289189,2,tobillo,midstance,0.0135,-0.9678,0.2440,-3.3569,-16.7847,-13.1226,t003,FJTB
2531294932,4289205,2,tobillo,midstance,0.0266,-0.9543,0.2855,-1.7090,-16.5405,-13.9770,t003,FJTB
2531294980,4289221,2,tobillo,midstance,0.0150,-0.9596,0.2971,2.3193,-16.2354,-13.0005,t003,FJTB
2531294981,4289237,2,tobillo,midstance,0.0133,-0.9731,0.2556,3.8452,-12.6953,-14.5874,t003,FJTB
2531294983,4289253,2,tobillo,midstance,0.0143,-0.9810,0.2169,4.0894,-10.9253,-16.0522,t003,FJTB
2531294984,4289269,2,tobillo,midstance,0.0038,-0.9812,0.2190,4.5166,-8.2397,-18.5547,t003,FJTB
2531295036,4289285,2,tobillo,midstance,-0.0050,-0.9800,0.2338,5.1880,-6.6528,-20.0806,t003,FJTB
2531295036,4289301,2,tobillo,midstance,0.0040,-0.9706,0.2419,7.8125,-3.9673,-23.1323,t003,FJTB
2531295036,4289317,2,tobillo,midstance,0.0175,-0.9733,0.2368,10.5591,-4.0283,-24.9023,t003,FJTB
2531295085,4289333,2,tobillo,midstance,0.0305,-0.9891,0.2119,10.8032,-5.4321,-25.7568,t003,FJTB
2531295086,4289349,2,tobillo,midstance,0.0310,-0.9911,0.1979,8.8501,-9.1553,-27.0996,t003,FJTB
2531295087,4289365,2,tobillo,midstance,0.0299,-1.0009,0.1821,6.4697,-10.8643,-27.8931,t003,FJTB
2531295139,4289380,2,tobillo,midstance,-0.0129,-1.0239,0.1963,0.6714,-11.9019,-29.6631,t003,FJTB
2531295140,4289397,2,tobillo,midstance,-0.0303,-1.0280,0.2037,-6.4087,-10.1929,-34.9731,t003,FJTB
2531295140,4289413,2,tobillo,midstance,-0.0448,-1.0251,0.2136,-9.5215,-8.7891,-39.0625,t003,FJTB
2531295189,4289429,2,tobillo,midstance,-0.0669,-1.0173,0.2283,-14.1602,-6.4087,-47.1802,t003,FJTB
2531295190,4289445,2,tobillo,terminal,-0.0704,-1.0240,0.2389,-17.9443,-5.2490,-54.5654,t003,FJTB
2531295190,4289462,2,tobillo,terminal,-0.0476,-1.0487,0.2433,-20.9351,-5.2490,-59.0820,t003,FJTB
2531295193,4289478,2,tobillo,terminal,-0.0822,-1.0613,0.2634,-25.3296,-6.1646,-68.6646,t003,FJTB
2531295247,4289494,2,tobillo,terminal,-0.1047,-1.0635,0.2736,-27.7100,-6.5308,-79.5288,t003,FJTB
2531295248,4289511,2,tobillo,terminal,-0.1221,-1.0731,0.3040,-28.2593,-6.4087,-83.6182,t003,FJTB
2531295248,4289527,2,tobillo,terminal,-0.1128,-1.1344,0.3232,-27.8931,-5.0659,-89.6606,t003,FJTB
2531295298,4289543,2,tobillo,terminal,-0.0824,-1.1831,0.3475,-25.5127,-3.2349,-94.5434,t003,FJTB
2531295301,4289559,2,tobillo,terminal,-0.0443,-1.3081,0.4314,-22.9492,-3.2349,-97.2900,t003,FJTB
2531295301,4289576,2,tobillo,terminal,-0.0183,-1.3824,0.4614,-18.0054,-4.2114,-111.8164,t003,FJTB
2531295353,4289592,2,tobillo,terminal,0.0621,-1.4907,0.5603,-22.1558,-5.4932,-142.3340,t003,FJTB
2531295354,4289608,2,tobillo,terminal,0.1118,-1.6483,0.6868,-28.6865,-6.5308,-164.9170,t003,FJTB
2531295355,4289624,2,tobillo,terminal,0.1846,-1.6571,0.7000,-45.1660,1.0376,-219.9707,t003,FJTB
2531295355,4289640,2,tobillo,terminal,0.4336,-1.5452,0.5601,-49.7436,15.5640,-245.1782,t003,FJTB
2531295403,4289656,2,tobillo,terminal,0.3793,-1.4387,0.2947,-41.4429,54.2603,-251.6479,t003,FJTB
2531295404,4289672,2,tobillo,terminal,0.1298,-1.3406,0.2727,-56.7017,26.8555,-246.9482,t003,FJTB
2531295405,4289687,2,tobillo,terminal,-0.6292,-1.2719,0.5675,-64.0869,-17.3950,-259.3994,t003,FJTB
2531295456,4289704,2,tobillo,terminal,-0.6968,-1.2301,0.5466,-54.1992,-29.9072,-257.6904,t003,FJTB
2531295456,4289720,2,tobillo,terminal,-0.0854,-1.3384,0.2231,-38.4521,5.9814,-238.7085,t003,FJTB
2531295456,4289736,2,tobillo,terminal,0.6315,-1.6040,0.4021,-98.0835,5.0049,-254.2114,t003,FJTB
2531295506,4289752,2,tobillo,terminal,0.6559,-0.8500,0.0200,-135.6201,16.0522,-177.8564,t003,FJTB
2531295506,4289768,2,tobillo,terminal,-0.5745,0.7009,-0.3644,-66.7725,44.7998,-93.3838,t003,FJTB
2531295507,4289784,2,tobillo,terminal,-0.6145,-0.1611,-0.1080,39.3677,63.9648,-39.0015,t003,FJTB
2531295560,4289800,2,tobillo,terminal,0.0852,-0.6282,-0.2612,62.9883,81.8481,8.4229,t003,FJTB
2531295560,4289816,2,tobillo,terminal,0.4572,-0.5380,-0.2648,69.3970,77.5146,44.9829,t003,FJTB
2531295561,4289831,2,tobillo,terminal,0.4574,-0.4291,-0.0179,98.7549,61.5234,98.1445,t003,FJTB
2531295561,4289847,2,tobillo,terminal,0.6300,-0.3575,0.2905,104.9194,55.4199,132.6904,t003,FJTB
2531295611,4289863,2,tobillo,terminal,0.2057,-0.4852,0.2324,78.5522,32.1045,190.4297,t003,FJTB
2531295612,4289879,2,tobillo,terminal,0.0341,-0.5850,0.2100,65.1245,29.6631,197.4487,t003,FJTB
2531295612,4289895,2,tobillo,terminal,0.1283,-0.6855,0.2827,66.2231,46.5698,206.0547,t003,FJTB
2531295664,4289910,2,tobillo,terminal,0.1989,-0.7479,0.3550,70.2515,79.2236,247.8027,t003,FJTB
2531295665,4289926,2,tobillo,swing,0.1483,-0.8881,0.4752,65.0024,77.8198,256.1035,t003,FJTB
2531295665,4289942,2,tobillo,swing,-0.0260,-1.0398,0.4252,57.4951,58.9600,262.6953,t003,FJTB
2531295714,4289958,2,tobillo,swing,-0.0438,-1.1617,0.3667,62.3169,43.2129,282.0435,t003,FJTB
2531295716,4289974,2,tobillo,swing,-0.0718,-1.4629,0.3003,65.6738,33.2642,291.9922,t003,FJTB
2531295717,4289990,2,tobillo,swing,-0.1172,-1.5674,0.3048,67.3218,18.1274,301.2085,t003,FJTB
2531295733,4290006,2,tobillo,swing,-0.2312,-1.6873,0.3395,66.4063,17.5171,298.7061,t003,FJTB
2531295770,4290022,2,tobillo,swing,-0.3503,-1.7997,0.3801,66.0400,26.0010,287.4756,t003,FJTB
2531295771,4290037,2,tobillo,swing,-0.4076,-1.8264,0.3958,64.7583,41.9922,283.9966,t003,FJTB
2531295771,4290053,2,tobillo,swing,-0.4652,-1.7576,0.3854,63.2935,54.8096,280.7617,t003,FJTB
2531295819,4290069,2,tobillo,swing,-0.4484,-1.6774,0.4501,66.8945,86.8530,258.4229,t003,FJTB
2531295820,4290085,2,tobillo,swing,-0.4341,-1.6415,0.5006,63.3545,121.7651,231.3232,t003,FJTB
2531295821,4290101,2,tobillo,swing,-0.3801,-1.4812,0.4495,59.5703,133.3008,218.9941,t003,FJTB
2531295873,4290117,2,tobillo,swing,-0.3711,-1.4120,0.3873,67.7490,132.6294,180.2368,t003,FJTB
2531295874,4290133,2,tobillo,swing,-0.4044,-1.2621,0.3927,73.6694,129.6387,156.5552,t003,FJTB
2531295874,4290148,2,tobillo,swing,-0.4940,-1.0115,0.3888,75.6226,136.0474,124.8779,t003,FJTB
2531295923,4290164,2,tobillo,swing,-0.4529,-0.9415,0.4064,74.9512,132.2632,91.3696,t003,FJTB
2531295923,4290180,2,tobillo,swing,-0.2458,-0.9026,0.5306,68.4814,118.8354,69.8242,t003,FJTB
2531295925,4290196,2,tobillo,swing,-0.2313,-0.8373,0.5535,43.0908,66.4673,29.9683,t003,FJTB
2531295925,4290212,2,tobillo,swing,-0.2877,-0.8052,0.5411,31.3110,34.0576,14.5874,t003,FJTB
2531295977,4290228,2,tobillo,swing,-0.2744,-0.8751,0.4574,10.5591,-27.7100,-8.7280,t003,FJTB
2531295978,4290244,2,tobillo,swing,-0.3153,-0.9395,0.3969,-0.2441,-73.3032,-32.6538,t003,FJTB
2531295979,4290260,2,tobillo,swing,-0.2352,-1.2028,0.3604,-6.7139,-90.7593,-48.1567,t003,FJTB
2531296028,4290277,2,tobillo,swing,-0.3068,-1.0568,0.4738,-21.9727,-148.9868,-100.7080,t003,FJTB
2531296029,4290293,2,tobillo,swing,0.0234,-1.1230,0.3621,7.2632,-187.9272,-162.6587,t003,FJTB
2531296029,4290309,2,tobillo,swing,1.9674,-1.3715,0.4075,13.4277,-175.9643,-171.6919,t003,FJTB
2531296082,4290325,2,tobillo,swing,1.6575,-1.2150,0.5876,-34.2407,-185.4248,-125.5493,t003,FJTB
2531296083,4290341,2,tobillo,swing,-1.2269,-1.3048,0.6472,-25.4517,-187.2558,-69.1528,t003,FJTB
2531296083,4290358,2,tobillo,swing,-0.1284,-1.1260,0.2118,-32.8979,-137.8784,-85.4492,t003,FJTB
2531296132,4290374,2,tobillo,swing,0.7543,-0.7095,0.0673,-30.7617,-95.8252,-87.0361,t003,FJTB
2531296133,4290390,2,tobillo,loading,0.0081,-0.8225,-0.0380,-6.2866,-124.6948,-66.5283,t003,FJTB
2531296133,4290406,2,tobillo,loading,-0.6727,-1.2715,0.2235,18.4326,-135.9253,-49.2554,t003,FJTB
2531296136,4290422,2,tobillo,loading,-0.3158,-1.1860,0.3036,-2.0142,-56.4575,-51.8188,t003,FJTB
2531296191,4290438,2,tobillo,loading,-0.0508,-0.9474,0.2938,-6.7139,-32.4097,-53.5889,t003,FJTB
2531296191,4290454,2,tobillo,loading,0.0647,-0.9177,0.2802,-4.6997,-10.9863,-59.5703,t003,FJTB
2531296192,4290470,2,tobillo,loading,0.1420,-0.9396,0.2936,1.5869,-6.4697,-50.7202,t003,FJTB
2531296242,4290486,2,tobillo,loading,0.0992,-1.0315,0.3558,3.1128,-11.4746,-44.5557,t003,FJTB
2531296244,4290502,2,tobillo,loading,0.0858,-1.0249,0.3440,0.0000,-17.5171,-39.2456,t003,FJTB
2531296244,4290518,2,tobillo,loading,0.0367,-0.9622,0.2994,0.0610,-17.7002,-37.0483,t003,FJTB
2531296297,4290534,2,tobillo,loading,0.0751,-0.9554,0.2306,1.5259,-11.5356,-34.1187,t003,FJTB
2531296297,4290550,2,tobillo,loading,0.0865,-0.9524,0.2089,-0.3052,-6.6528,-30.6396,t003,FJTB
2531296298,4290566,2,tobillo,loading,0.0361,-0.9713,0.2292,-1.2817,-4.7607,-29.4189,t003,FJTB
2531296298,4290583,2,tobillo,loading,0.0236,-0.9526,0.2529,-2.3193,-0.1221,-28.8696,t003,FJTB
2531296348,4290599,2,tobillo,loading,0.0286,-0.9631,0.2578,-1.0376,2.0752,-27.4048,t003,FJTB
2531296348,4290614,2,tobillo,loading,0.0597,-0.9763,0.2589,-1.0986,2.1362,-26.6724,t003,FJTB
2531296348,4290630,2,tobillo,loading,0.0665,-0.9735,0.2601,-1.0376,1.5259,-25.5737,t003,FJTB
2531296401,4290646,2,tobillo,loading,0.0292,-0.9604,0.2698,-0.4272,1.2817,-24.9634,t003,FJTB
2531296401,4290662,2,tobillo,loading,0.0253,-0.9728,0.2438,1.4038,2.5024,-23.8037,t003,FJTB
2531296401,4290678,2,tobillo,loading,0.0408,-0.9812,0.2372,1.5869,3.6621,-23.9868,t003,FJTB
2531296451,4290694,2,tobillo,loading,0.0520,-0.9823,0.2408,0.7324,3.2959,-24.3530,t003,FJTB
2531296453,4290710,2,tobillo,loading,0.0430,-0.9813,0.2465,-1.5259,1.3428,-24.9023,t003,FJTB
2531296454,4290726,2,tobillo,loading,0.0306,-0.9757,0.2531,-2.8076,0.3052,-25.1465,t003,FJTB
2531296455,4290742,2,tobillo,loading,0.0249,-0.9768,0.2504,-4.2114,-2.4414,-26.0010,t003,FJTB
2531296507,4290758,2,tobillo,loading,0.0190,-0.9794,0.2487,-4.3335,-5.5542,-27.8320,t003,FJTB
2531296508,4290774,2,tobillo,loading,-0.0004,-0.9716,0.2441,-4.0283,-6.6528,-29.1138,t003,FJTB
2531296509,4290790,2,tobillo,loading,-0.0177,-0.9774,0.2446,-1.8311,-8.3618,-31.5552,t003,FJTB
2531296557,4290806,2,tobillo,loading,-0.0287,-0.9769,0.2446,0.3052,-8.5449,-34.7900,t003,FJTB
2531296558,4290822,2,tobillo,midstance,-0.0460,-0.9622,0.2582,1.6479,-7.5073,-35.0342,t003,FJTB
2531296558,4290838,2,tobillo,midstance,-0.0458,-0.9706,0.2596,3.9062,-5.7373,-35.5835,t003,FJTB
2531296614,4290854,2,tobillo,midstance,-0.0585,-0.9967,0.2507,4.2725,-5.4321,-38.0859,t003,FJTB
2531296615,4290870,2,tobillo,midstance,-0.0670,-0.9961,0.2452,2.8076,-4.3945,-42.6025,t003,FJTB
2531296615,4290886,2,tobillo,midstance,-0.0704,-0.9906,0.2498,0.4272,-5.6763,-44.9219,t003,FJTB
2531296615,4290902,2,tobillo,midstance,-0.0690,-0.9934,0.2568,-0.7935,-6.3477,-45.4712,t003,FJTB
2531296664,4290918,2,tobillo,midstance,-0.0825,-0.9893,0.2625,-4.2114,-7.8125,-46.6309,t003,FJTB
2531296666,4290934,2,tobillo,midstance,-0.0841,-0.9852,0.2825,-2.5024,-11.2915,-50.8423,t003,FJTB
2531296667,4290950,2,tobillo,midstance,-0.0726,-0.9969,0.3219,-4.1504,-13.0615,-51.5137,t003,FJTB
2531296717,4290967,2,tobillo,midstance,-0.0884,-1.0109,0.2992,-12.8174,-15.2588,-51.8188,t003,FJTB
2531296718,4290983,2,tobillo,midstance,-0.1476,-1.0511,0.2417,-17.0288,-15.8691,-61.0352,t003,FJTB
2531296718,4290999,2,tobillo,midstance,-0.1597,-1.0570,0.2318,-18.6157,-15.3198,-66.5894,t003,FJTB
2531296765,4291015,2,tobillo,midstance,-0.1625,-1.0651,0.2413,-20.0195,-13.7329,-73.8525,t003,FJTB
2531296767,4291031,2,tobillo,midstance,-0.1522,-1.1265,0.2760,-20.6909,-13.0005,-76.4771,t003,FJTB
2531296767,4291047,2,tobillo,midstance,-0.1514,-1.2332,0.3619,-23.0713,-10.8032,-81.1157,t003,FJTB
2531296817,4291063,2,tobillo,midstance,-0.1282,-1.2954,0.4076,-28.6255,-6.8970,-90.0268,t003,FJTB
2531296818,4291079,2,tobillo,midstance,-0.0631,-1.4556,0.4453,-32.5317,-4.9438,-96.6797,t003,FJTB
2531296818,4291095,2,tobillo,midstance,-0.0084,-1.5226,0.4830,-39.2456,-9.7046,-119.7510,t003,FJTB
2531296865,4291111,2,tobillo,midstance,0.0850,-1.6136,0.6169,-44.7998,-19.3481,-154.1748,t003,FJTB
2531296867,4291127,2,tobillo,midstance,0.2151,-1.6409,0.7596,-48.7061,-18.6157,-178.2226,t003,FJTB
2531296867,4291143,2,tobillo,midstance,0.3044,-1.6343,0.7472,-66.7114,4.4556,-231.4453,t003,FJTB
2531296918,4291159,2,tobillo,midstance,0.4042,-1.5099,0.5551,-70.0684,26.9165,-239.1968,t003,FJTB
2531296919,4291175,2,tobillo,midstance,0.0538,-1.1578,0.4076,-70.9839,26.8555,-234.0698,t003,FJTB
2531296919,4291191,2,tobillo,midstance,-0.3430,-1.2081,0.4194,-52.3682,-42.2363,-239.9292,t003,FJTB
2531296950,4291207,2,tobillo,midstance,-0.4788,-1.3464,0.4465,-45.4712,-59.8755,-232.7881,t003,FJTB
2531296966,4291223,2,tobillo,midstance,-0.0585,-1.0345,0.2450,-26.7944,-34.3628,-199.4629,t003,FJTB
2531296966,4291239,2,tobillo,terminal,0.1616,-1.1422,0.2489,13.5498,35.2783,-173.2178,t003,FJTB
2531296970,4291255,2,tobillo,terminal,0.0844,-0.3126,-0.0842,0.0610,57.0679,-168.6401,t003,FJTB
2531297023,4291271,2,tobillo,terminal,-0.6267,0.1107,-0.3282,3.4180,93.6279,-56.6406,t003,FJTB
2531297023,4291287,2,tobillo,terminal,0.2107,-0.6796,-0.1628,38.8794,97.5342,-38.9404,t003,FJTB
2531297023,4291303,2,tobillo,terminal,0.8828,-0.5367,-0.0552,56.8237,115.1733,-7.0190,t003,FJTB
2531297071,4291319,2,tobillo,terminal,0.5638,-0.3193,-0.0299,58.5327,89.6606,34.9121,t003,FJTB
2531297072,4291335,2,tobillo,terminal,0.3879,-0.2990,0.0514,68.6035,80.6885,60.6079,t003,FJTB
2531297073,4291351,2,tobillo,terminal,0.4325,-0.3710,0.1047,83.8013,74.5850,119.2017,t003,FJTB
2531297123,4291367,2,tobillo,terminal,0.3809,-0.4812,0.2277,90.2710,72.7539,144.6533,t003,FJTB
2531297124,4291383,2,tobillo,terminal,0.3633,-0.6604,0.3475,103.0884,82.4585,192.7490,t003,FJTB
2531297124,4291398,2,tobillo,terminal,0.3770,-0.7196,0.3743,98.9990,83.8623,227.1118,t003,FJTB
2531297171,4291414,2,tobillo,terminal,0.3230,-0.8502,0.4227,98.2056,72.1436,240.6616,t003,FJTB
2531297174,4291430,2,tobillo,terminal,0.2572,-0.9409,0.4410,100.3418,43.3960,272.7661,t003,FJTB
2531297174,4291446,2,tobillo,terminal,0.1754,-1.1520,0.4326,99.8535,35.2173,287.3535,t003,FJTB
2531297175,4291461,2,tobillo,terminal,0.0592,-1.3932,0.4166,98.0835,33.6304,307.6782,t003,FJTB
2531297225,4291477,2,tobillo,terminal,-0.0089,-1.5190,0.4335,95.8252,42.7246,316.2842,t003,FJTB
2531297225,4291493,2,tobillo,terminal,-0.1097,-1.7424,0.5122,93.2617,50.2930,315.8569,t003,FJTB
2531297226,4291509,2,tobillo,terminal,-0.1484,-1.8264,0.5371,85.0220,73.3643,300.5981,t003,FJTB
2531297274,4291525,2,tobillo,terminal,-0.2316,-1.9017,0.5181,83.0688,95.4590,279.4189,t003,FJTB
2531297275,4291541,2,tobillo,terminal,-0.3784,-1.9336,0.5603,83.3130,106.1401,277.7710,t003,FJTB
2531297307,4291557,2,tobillo,terminal,-0.3864,-1.8381,0.5786,82.2754,133.2397,271.7896,t003,FJTB
2531297325,4291573,2,tobillo,terminal,-0.2777,-1.6384,0.6292,87.8296,141.9678,259.0942,t003,FJTB
2531297326,4291589,2,tobillo,terminal,-0.2458,-1.5898,0.6562,93.6890,143.9209,224.1821,t003,FJTB
2531297326,4291605,2,tobillo,terminal,-0.2183,-1.5103,0.6406,82.6416,127.5635,187.2558,t003,FJTB
2531297373,4291621,2,tobillo,terminal,-0.2946,-1.2894,0.6094,77.6367,113.8916,172.0581,t003,FJTB
2531297375,4291637,2,tobillo,terminal,-0.4231,-1.1396,0.5602,66.8945,79.3457,147.7051,t003,FJTB
2531297375,4291652,2,tobillo,terminal,-0.5096,-0.9349,0.5642,63.2935,59.3262,132.8735,t003,FJTB
2531297425,4291668,2,tobillo,terminal,-0.6260,-0.8694,0.5486,48.7061,13.9160,92.2241,t003,FJTB
2531297426,4291684,2,tobillo,terminal,-0.7036,-0.8311,0.4871,26.5503,-26.6724,47.8516,t003,FJTB
2531297426,4291700,2,tobillo,terminal,-0.7134,-0.8363,0.3727,17.5171,-45.1050,25.4517,t003,FJTB
2531297472,4291716,2,tobillo,terminal,-0.7252,-0.8640,0.3361,4.5776,-78.3081,-19.6533,t003,FJTB
2531297473,4291732,2,tobillo,terminal,-0.6761,-0.9386,0.3156,-5.9814,-101.5015,-58.4106,t003,FJTB
2531297473,4291749,2,tobillo,swing,-0.5125,-1.0378,0.3135,-9.8877,-111.1450,-73.3032,t003,FJTB
2531297480,4291765,2,tobillo,swing,-0.4540,-1.1046,0.3020,-19.9585,-119.3848,-90.2710,t003,FJTB
2531297530,4291781,2,tobillo,swing,0.3501,-1.2808,0.2979,-28.8696,-131.7139,-142.0288,t003,FJTB
2531297531,4291797,2,tobillo,swing,2.3901,-0.9371,0.1986,-34.6069,-128.1128,-159.2407,t003,FJTB
2531297531,4291813,2,tobillo,swing,2.4082,-0.8259,0.3057,31.1890,-125.5493,-160.2173,t003,FJTB
2531297579,4291829,2,tobillo,swing,-0.6469,-1.7538,0.9834,49.3774,-145.3247,-170.7764,t003,FJTB
2531297581,4291845,2,tobillo,swing,-1.2168,-1.8197,0.3817,-7.4463,-134.6436,-102.8442,t003,FJTB
2531297581,4291861,2,tobillo,swing,0.1295,-1.2336,0.1931,-54.0771,-67.8101,-91.4917,t003,FJTB
2531297634,4291878,2,tobillo,swing,0.4569,-0.5303,0.2122,-37.7197,-69.3359,-71.8384,t003,FJTB
2531297635,4291894,2,tobillo,swing,-0.2863,-0.8207,0.0790,19.3481,-83.8013,-59.2041,t003,FJTB
2531297635,4291910,2,tobillo,swing,-0.5664,-1.1703,0.0793,10.4980,-23.1323,-87.8296,t003,FJTB
2531297683,4291926,2,tobillo,swing,-0.0013,-1.0685,0.2800,6.5918,-2.8076,-80.8716,t003,FJTB
2531297685,4291942,2,tobillo,swing,0.0662,-1.0680,0.2450,6.2256,2.0142,-50.5981,t003,FJTB
2531297686,4291958,2,tobillo,swing,0.2018,-0.9818,0.1213,3.1128,-0.9766,-42.0532,t003,FJTB
2531297687,4291974,2,tobillo,swing,0.1879,-0.9498,0.2135,1.3428,-10.7422,-29.4189,t003,FJTB
2531297739,4291990,2,tobillo,swing,0.1821,-0.9780,0.2753,3.3569,-18.4937,-23.4985,t003,FJTB
2531297740,4292006,2,tobillo,swing,0.1309,-1.0076,0.3114,4.3945,-20.0195,-22.8271,t003,FJTB
2531297741,4292022,2,tobillo,swing,0.1066,-0.9849,0.2721,6.4087,-18.2495,-23.1323,t003,FJTB
2531297790,4292038,2,tobillo,swing,0.1294,-0.9432,0.1569,7.2021,-15.8691,-22.9492,t003,FJTB
2531297792,4292053,2,tobillo,swing,0.1598,-0.9540,0.1252,6.4087,-16.6626,-23.6206,t003,FJTB
2531297792,4292069,2,tobillo,swing,0.1497,-0.9752,0.1315,3.1128,-16.1133,-25.6958,t003,FJTB
2531297846,4292085,2,tobillo,swing,0.0782,-0.9839,0.1779,1.4038,-13.6719,-28.1982,t003,FJTB
2531297846,4292101,2,tobillo,swing,0.0530,-0.9976,0.2521,0.8545,-8.4229,-30.8228,t003,FJTB
2531297846,4292117,2,tobillo,swing,0.0754,-0.9846,0.2767,-1.4648,-6.6528,-31.7383,t003,FJTB
2531297862,4292134,2,tobillo,swing,0.0303,-0.9680,0.2971,-1.8311,-4.6997,-31.9824,t003,FJTB
2531297897,4292150,2,tobillo,swing,0.0657,-0.9646,0.2643,1.6479,0.6714,-35.2783,t003,FJTB
2531297898,4292165,2,tobillo,swing,0.1489,-1.0090,0.2072,2.9907,0.8545,-37.9639,t003,FJTB
2531297899,4292181,2,tobillo,swing,0.0911,-1.0089,0.1820,-0.1831,-3.1128,-42.6636,t003,FJTB
2531297952,4292198,2,tobillo,swing,0.0444,-0.9980,0.1871,-5.7983,-6.0425,-44.0063,t003,FJTB
2531297952,4292214,2,tobillo,swing,0.0162,-0.9969,0.2218,-7.6294,-5.7373,-43.8843,t003,FJTB
2531297953,4292230,2,tobillo,loading,0.0294,-0.9890,0.2479,-10.4980,-3.1128,-44.5557,t003,FJTB
2531298003,4292246,2,tobillo,loading,0.0223,-0.9806,0.2533,-10.0098,-2.4414,-47.3022,t003,FJTB
2531298004,4292262,2,tobillo,loading,-0.0189,-0.9733,0.2511,-9.0332,-2.9907,-48.2788,t003,FJTB
2531298004,4292278,2,tobillo,loading,-0.0398,-0.9712,0.2394,-8.7280,-3.2959,-47.1191,t003,FJTB
2531298008,4292294,2,tobillo,loading,-0.0607,-0.9648,0.2179,-9.7046,-1.2817,-45.3491,t003,FJTB
2531298062,4292311,2,tobillo,loading,-0.0544,-0.9741,0.2217,-10.1929,0.0610,-44.9829,t003,FJTB
2531298063,4292327,2,tobillo,loading,-0.0540,-0.9711,0.2300,-10.9863,-0.1831,-44.8608,t003,FJTB
2531298063,4292343,2,tobillo,loading,-0.0581,-0.9756,0.2452,-10.9253,-1.0376,-44.2505,t003,FJTB
2531298116,4292359,2,tobillo,loading,-0.0643,-0.9878,0.2621,-11.8408,-2.6855,-43.2129,t003,FJTB
2531298116,4292375,2,tobillo,loading,-0.0454,-0.9860,0.2811,-13.9770,-6.3477,-44.8608,t003,FJTB
2531298117,4292391,2,tobillo,loading,-0.0326,-0.9843,0.2848,-15.0757,-9.8877,-46.2646,t003,FJTB
2531298170,4292407,2,tobillo,loading,-0.0812,-1.0056,0.2509,-17.6392,-17.1509,-47.3633,t003,FJTB
2531298171,4292423,2,tobillo,loading,-0.1320,-1.0073,0.2445,-21.5454,-19.2261,-48.7061,t003,FJTB
2531298171,4292439,2,tobillo,loading,-0.1595,-1.0017,0.2710,-22.5830,-18.7988,-51.5747,t003,FJTB
2531298171,4292455,2,tobillo,loading,-0.1682,-0.9908,0.2849,-19.9585,-17.5171,-59.0820,t003,FJTB
2531298223,4292472,2,tobillo,loading,-0.1483,-1.0319,0.2924,-18.6768,-15.9302,-63.2324,t003,FJTB
2531298223,4292488,2,tobillo,loading,-0.1520,-1.0638,0.2921,-20.5078,-14.5874,-63.9648,t003,FJTB
2531298224,4292504,2,tobillo,loading,-0.1581,-1.0920,0.3102,-20.2637,-13.9770,-67.8101,t003,FJTB
2531298278,4292520,2,tobillo,loading,-0.1506,-1.2042,0.3385,-18.7988,-13.6108,-71.3501,t003,FJTB
2531298278,4292536,2,tobillo,loading,-0.1178,-1.2957,0.4355,-18.5547,-8.7891,-79.8950,t003,FJTB
2531298278,4292552,2,tobillo,loading,-0.0756,-1.3530,0.4996,-18.1274,-5.8594,-95.4590,t003,FJTB
2531298327,4292568,2,tobillo,loading,0.0276,-1.5266,0.6259,-18.9819,-8.1177,-106.5674,t003,FJTB
2531298328,4292584,2,tobillo,midstance,0.1533,-1.6729,0.7679,-33.2031,-13.7329,-141.7847,t003,FJTB
2531298328,4292601,2,tobillo,midstance,0.2676,-1.6774,0.7897,-50.9644,-7.8735,-201.5991,t003,FJTB
2531298331,4292617,2,tobillo,midstance,0.4882,-1.6730,0.6366,-57.6172,2.6245,-227.6611,t003,FJTB
2531298387,4292633,2,tobillo,midstance,0.5209,-1.6266,0.5100,-66.1621,31.6772,-233.2153,t003,FJTB
2531298388,4292649,2,tobillo,midstance,0.3514,-1.2148,0.3851,-75.5005,18.4326,-231.2012,t003,FJTB
2531298388,4292665,2,tobillo,midstance,-0.6398,-1.1654,0.5851,-64.7583,-63.8428,-236.0229,t003,FJTB
2531298440,4292681,2,tobillo,midstance,-0.9413,-1.2104,0.5466,-26.1841,-63.7207,-206.6040,t003,FJTB
2531298442,4292697,2,tobillo,midstance,-0.3531,-1.3030,0.2522,-14.8315,-17.3950,-195.2514,t003,FJTB
2531298443,4292713,2,tobillo,midstance,0.8610,-1.3239,0.3033,-51.6968,32.5317,-212.5244,t003,FJTB
2531298443,4292729,2,tobillo,midstance,0.6628,-0.2957,-0.2797,-79.1016,61.4624,-90.8813,t003,FJTB
2531298498,4292745,2,tobillo,midstance,-0.9968,0.1433,-0.3784,-22.3389,66.6504,-24.5972,t003,FJTB
2531298499,4292761,2,tobillo,midstance,-0.1913,-0.6058,-0.1371,52.6123,68.7256,-28.6865,t003,FJTB
2531298499,4292777,2,tobillo,midstance,0.9249,-0.6895,-0.1165,45.8374,84.7168,-9.3994,t003,FJTB
2531298549,4292793,2,tobillo,midstance,0.3485,-0.2275,-0.0138,45.2270,79.6509,36.0718,t003,FJTB
2531298551,4292809,2,tobillo,midstance,0.3312,-0.2664,0.0356,61.0352,63.7817,86.3037,t003,FJTB
2531298552,4292824,2,tobillo,midstance,0.4073,-0.4045,0.0702,61.0962,60.0586,111.8164,t003,FJTB
2531298553,4292840,2,tobillo,midstance,0.3427,-0.4388,0.0792,66.4063,58.9600,160.9497,t003,FJTB
2531298608,4292856,2,tobillo,midstance,0.2563,-0.5869,0.1893,72.2046,60.8520,182.6782,t003,FJTB
2531298609,4292872,2,tobillo,midstance,0.2833,-0.8466,0.3308,79.4067,68.4814,223.5718,t003,FJTB
2531298609,4292888,2,tobillo,midstance,0.2955,-0.9314,0.3754,71.1060,56.5186,255.4321,t003,FJTB
2531298663,4292904,2,tobillo,midstance,0.1987,-1.0667,0.4012,66.3452,39.5508,267.2729,t003,FJTB
2531298664,4292920,2,tobillo,midstance,-0.1273,-1.3170,0.3638,66.5894,6.9580,292.9077,t003,FJTB
2531298664,4292935,2,tobillo,midstance,-0.1827,-1.4542,0.3562,65.7349,-6.2256,307.2510,t003,FJTB
2531298719,4292951,2,tobillo,midstance,-0.1577,-1.5734,0.2261,62.0728,-10.9253,307.3120,t003,FJTB
2531298719,4292967,2,tobillo,midstance,-0.1320,-1.6700,0.1733,62.3169,-19.6533,303.5278,t003,FJTB
2531298720,4292983,2,tobillo,midstance,-0.3411,-1.7809,0.2350,61.9507,-13.7939,299.8657,t003,FJTB
2531298720,4292999,2,tobillo,midstance,-0.3727,-1.8073,0.2213,59.7534,19.4092,287.3535,t003,FJTB
2531298774,4293015,2,tobillo,midstance,-0.4272,-1.8584,0.2302,61.2793,56.7017,273.7427,t003,FJTB
2531298774,4293031,2,tobillo,midstance,-0.4424,-1.7128,0.2937,62.0117,75.4395,261.7187,t003,FJTB
2531298775,4293047,2,tobillo,midstance,-0.4120,-1.6493,0.3752,75.6226,106.9336,232.6050,t003,FJTB
2531298781,4293063,2,tobillo,midstance,-0.4934,-1.5569,0.5112,72.3877,133.3008,196.7163,t003,FJTB
2531298830,4293079,2,tobillo,midstance,-0.2887,-1.3702,0.6895,68.8477,134.2773,178.1616,t003,FJTB
2531298831,4293095,2,tobillo,midstance,-0.3450,-1.0361,0.6149,50.1099,127.5024,162.7197,t003,FJTB
2531298831,4293111,2,tobillo,midstance,-0.4762,-1.4027,0.1646,73.3643,133.6670,151.4893,t003,FJTB
2531298884,4293127,2,tobillo,terminal,-0.4807,-0.9542,0.3656,67.3828,144.8975,93.7500,t003,FJTB
2531298884,4293143,2,tobillo,terminal,-0.4514,-0.9052,0.5887,63.6597,113.4033,53.4668,t003,FJTB
2531298886,4293159,2,tobillo,terminal,-0.4974,-0.9890,0.6089,54.9927,90.2100,37.1094,t003,FJTB
2531298944,4293175,2,tobillo,terminal,-0.5698,-1.0397,0.4967,29.2969,43.9453,-0.4883,t003,FJTB
2531298944,4293191,2,tobillo,terminal,-0.6831,-0.9517,0.3466,15.0757,20.9961,-22.8882,t003,FJTB
2531298944,4293207,2,tobillo,terminal,-0.6692,-0.9130,0.2900,2.2583,-22.7661,-61.8286,t003,FJTB
2531298945,4293223,2,tobillo,terminal,-0.5488,-0.9744,0.3116,0.6104,-63.7207,-83.3130,t003,FJTB
2531299000,4293239,2,tobillo,terminal,0.0485,-1.2444,0.6736,-5.2490,-88.8061,-91.9189,t003,FJTB
2531299000,4293255,2,tobillo,terminal,0.8652,-0.7933,0.7609,-34.3628,-171.8750,-125.9155,t003,FJTB
2531299001,4293271,2,tobillo,terminal,1.5548,-0.9348,0.7272,16.7236,-206.6040,-143.3716,t003,FJTB
2531299001,4293287,2,tobillo,terminal,1.2925,-1.2917,0.7390,12.0850,-198.9746,-139.2212,t003,FJTB
2531299058,4293303,2,tobillo,terminal,-0.6046,-1.4382,0.8593,-22.3999,-196.2280,-61.5845,t003,FJTB
2531299058,4293320,2,tobillo,terminal,-1.0725,-1.5803,0.1183,-42.3584,-105.2246,-89.5996,t003,FJTB
2531299059,4293336,2,tobillo,terminal,0.8971,-0.6401,-0.0035,-46.9971,-85.0830,-96.4355,t003,FJTB
2531299113,4293352,2,tobillo,terminal,0.2037,-0.7380,0.0784,-4.1504,-141.6626,-54.5044,t003,FJTB
2531299114,4293368,2,tobillo,terminal,-0.9462,-1.2634,0.1603,5.1880,-123.2300,-52.1240,t003,FJTB
2531299114,4293384,2,tobillo,terminal,-0.0348,-1.0092,0.2979,-13.7939,-16.0522,-66.8945,t003,FJTB
2531299115,4293400,2,tobillo,terminal,-0.0052,-0.9603,0.3533,-7.5073,8.2397,-61.7676,t003,FJTB
2531299173,4293416,2,tobillo,terminal,0.0671,-0.9745,0.2068,-4.6997,12.9395,-57.3730,t003,FJTB
2531299173,4293432,2,tobillo,terminal,0.1649,-0.9467,0.2213,1.0986,9.2773,-45.5933,t003,FJTB
2531299174,4293447,2,tobillo,terminal,0.1934,-0.9640,0.2883,3.7842,2.9907,-39.7339,t003,FJTB
2531299229,4293463,2,tobillo,terminal,0.1318,-0.9998,0.2925,5.3101,-8.9722,-33.1421,t003,FJTB
2531299230,4293479,2,tobillo,terminal,0.0845,-0.9950,0.2582,4.5776,-10.5591,-26.9775,t003,FJTB
2531299231,4293495,2,tobillo,terminal,0.0448,-0.9666,0.1694,3.2959,-6.7139,-25.2686,t003,FJTB
2531299232,4293511,2,tobillo,terminal,0.0521,-0.9565,0.1600,1.2817,1.8311,-25.4517,t003,FJTB
2531299291,4293527,2,tobillo,terminal,0.0642,-0.9600,0.1823,2.5635,6.2256,-25.2686,t003,FJTB
2531299291,4293543,2,tobillo,swing,0.1121,-0.9728,0.2391,3.5400,6.4697,-25.3296,t003,FJTB
2531299292,4293559,2,tobillo,swing,0.1238,-0.9716,0.2469,5.5542,2.8687,-26.9775,t003,FJTB
2531299292,4293575,2,tobillo,swing,0.0935,-0.9696,0.2146,6.2256,0.5493,-27.8320,t003,FJTB
2531299348,4293591,2,tobillo,swing,0.0507,-0.9822,0.1777,5.9814,-1.2817,-28.1982,t003,FJTB
2531299349,4293607,2,tobillo,swing,0.0376,-0.9972,0.1672,3.2959,1.5259,-28.2593,t003,FJTB
2531299349,4293622,2,tobillo,swing,0.0448,-1.0049,0.1704,0.8545,3.9673,-29.6020,t003,FJTB
2531299352,4293638,2,tobillo,swing,0.0538,-0.9993,0.1846,-4.5166,6.8359,-33.6304,t003,FJTB
2531299413,4293654,2,tobillo,swing,0.0648,-0.9891,0.2257,-7.5073,6.7139,-35.4614,t003,FJTB
2531299413,4293670,2,tobillo,swing,0.0620,-1.0045,0.2362,-13.9160,4.2114,-38.3301,t003,FJTB
2531299413,4293686,2,tobillo,swing,0.0463,-1.0059,0.2388,-19.0430,0.8545,-42.8467,t003,FJTB
2531299469,4293702,2,tobillo,swing,-0.0016,-0.9982,0.2382,-20.9961,-0.1221,-45.1050,t003,FJTB
2531299471,4293718,2,tobillo,swing,-0.0061,-0.9879,0.2245,-24.1089,-1.0376,-47.1191,t003,FJTB
2531299472,4293735,2,tobillo,swing,-0.0129,-0.9744,0.2236,-23.5596,-2.6245,-44.9219,t003,FJTB
2531299472,4293751,2,tobillo,swing,-0.0486,-0.9561,0.2504,-22.5830,-2.9297,-42.4194,t003,FJTB
2531299532,4293767,2,tobillo,swing,-0.0602,-0.9559,0.2537,-19.5313,-3.8452,-40.5273,t003,FJTB
2531299532,4293783,2,tobillo,swing,-0.0471,-0.9677,0.2601,-17.5171,-3.6011,-39.3677,t003,FJTB
2531299533,4293799,2,tobillo,swing,-0.0527,-0.9718,0.2793,-13.8550,-5.4932,-37.1094,t003,FJTB
2531299565,4293815,2,tobillo,swing,-0.0603,-0.9642,0.2914,-9.0332,-10.0708,-37.2314,t003,FJTB
2531299588,4293831,2,tobillo,swing,-0.0454,-0.9713,0.2983,-6.2866,-12.2681,-38.2690,t003,FJTB
2531299589,4293847,2,tobillo,swing,-0.0603,-0.9884,0.2756,-4.1504,-17.1509,-41.4429,t003,FJTB
2531299590,4293864,2,tobillo,swing,-0.0815,-0.9967,0.2563,-7.1411,-20.6299,-44.7998,t003,FJTB
2531299650,4293880,2,tobillo,swing,-0.1097,-1.0239,0.2683,-9.9487,-20.3247,-47.1191,t003,FJTB
2531299650,4293896,2,tobillo,swing,-0.1245,-1.0540,0.2858,-14.8315,-18.7988,-56.0303,t003,FJTB
2531299651,4293912,2,tobillo,swing,-0.0953,-1.0684,0.2810,-18.2495,-19.1650,-64.5752,t003,FJTB
2531299651,4293928,2,tobillo,swing,-0.1359,-1.0780,0.2991,-22.8882,-18.4326,-64.8804,t003,FJTB
2531299707,4293945,2,tobillo,swing,-0.1692,-1.0559,0.3184,-23.8037,-16.0522,-72.0825,t003,FJTB
2531299707,4293961,2,tobillo,loading,-0.1322,-1.0836,0.3430,-13.6719,-16.6626,-82.8857,t003,FJTB
2531299707,4293977,2,tobillo,loading,-0.1240,-1.1730,0.3317,-12.0239,-17.2119,-87.0361,t003,FJTB
2531299708,4293993,2,tobillo,loading,-0.1273,-1.2275,0.3136,-13.5498,-16.4185,-96.4966,t003,FJTB
2531299773,4294009,2,tobillo,loading,-0.0918,-1.2828,0.4102,-15.4419,-16.7236,-103.0273,t003,FJTB
2531299773,4294025,2,tobillo,loading,0.0266,-1.4116,0.5702,-18.9209,-22.2778,-119.1406,t003,FJTB
2531299774,4294042,2,tobillo,loading,0.0916,-1.5378,0.6268,-26.5503,-32.5928,-142.5171,t003,FJTB
2531299774,4294058,2,tobillo,loading,0.1920,-1.7227,0.7401,-34.3628,-35.0342,-161.7431,t003,FJTB
2531299831,4294074,2,tobillo,loading,0.3577,-1.8467,0.6553,-59.2651,-16.4795,-225.7080,t003,FJTB
2531299833,4294090,2,tobillo,loading,0.4087,-1.8127,0.5613,-64.3921,37.2925,-259.0942,t003,FJTB
2531299833,4294106,2,tobillo,loading,0.1299,-1.2936,0.4316,-66.8945,45.4712,-253.7231,t003,FJTB
2531299894,4294122,2,tobillo,loading,-0.1826,-1.1594,0.4468,-53.7109,-20.4468,-249.0845,t003,FJTB
2531299894,4294138,2,tobillo,loading,-0.5385,-1.3179,0.4573,-36.4380,-62.3169,-226.8066,t003,FJTB
2531299895,4294155,2,tobillo,loading,-0.2430,-1.1594,0.4829,-27.0996,-50.7202,-208.0688,t003,FJTB
2531299896,4294171,2,tobillo,loading,0.0012,-1.2245,0.4395,-9.3384,1.7700,-180.1147,t003,FJTB
2531299953,4294187,2,tobillo,loading,0.3795,-0.4082,-0.1664,-28.8696,7.4463,-182.8613,t003,FJTB
2531299955,4294203,2,tobillo,loading,-1.0435,0.2904,-0.4266,-6.6528,68.1763,-21.5454,t003,FJTB
2531299955,4294219,2,tobillo,loading,-0.3176,-0.5181,-0.0792,67.2607,83.6182,-11.1084,t003,FJTB
2531299955,4294235,2,tobillo,loading,1.0515,-0.7505,-0.0643,52.6733,99.9145,-3.0518,t003,FJTB
2531300016,4294251,2,tobillo,loading,0.4131,-0.1436,-0.0658,35.8887,74.4019,33.5693,t003,FJTB
2531300016,4294267,2,tobillo,loading,0.3177,-0.1549,-0.0040,60.5469,52.0019,87.8906,t003,FJTB
2531300017,4294283,2,tobillo,loading,0.3496,-0.3187,0.1527,65.4297,52.5513,115.2344,t003,FJTB
2531300073,4294299,2,tobillo,loading,0.3047,-0.3633,0.2247,71.9604,66.2231,166.7480,t003,FJTB
2531300074,4294314,2,tobillo,midstance,0.2477,-0.4998,0.3124,74.2188,78.0640,192.8711,t003,FJTB
2531300074,4294330,2,tobillo,midstance,0.3207,-0.6415,0.3417,69.3359,78.4302,225.5859,t003,FJTB
2531300075,4294346,2,tobillo,midstance,0.2668,-0.7697,0.3748,63.5986,49.2554,255.0049,t003,FJTB
2531300075,4294362,2,tobillo,midstance,0.0820,-1.0054,0.3907,61.1572,36.7432,270.9961,t003,FJTB
2531300140,4294378,2,tobillo,midstance,0.0280,-1.1356,0.3710,59.8144,25.0854,292.7856,t003,FJTB
2531300141,4294394,2,tobillo,midstance,-0.0868,-1.3772,0.3269,57.6782,25.2075,300.1709,t003,FJTB
2531300141,4294409,2,tobillo,midstance,-0.1530,-1.5425,0.3180,56.5796,28.6255,308.9600,t003,FJTB
2531300141,4294425,2,tobillo,midstance,-0.1667,-1.6228,0.3289,63.9038,33.5693,309.5703,t003,FJTB
2531300200,4294441,2,tobillo,midstance,-0.2456,-1.7744,0.3414,68.4814,37.6587,305.4810,t003,FJTB
2531300202,4294457,2,tobillo,midstance,-0.3087,-1.8358,0.3297,76.9653,53.2837,298.2178,t003,FJTB
2531300202,4294473,2,tobillo,midstance,-0.3695,-1.8842,0.2804,81.1157,65.1245,296.5698,t003,FJTB
2531300203,4294489,2,tobillo,midstance,-0.3516,-1.8512,0.3076,89.2334,94.2993,283.2642,t003,FJTB
2531300264,4294505,2,tobillo,midstance,-0.3597,-1.8140,0.3787,94.5434,124.9390,251.0376,t003,FJTB
2531300264,4294521,2,tobillo,midstance,-0.3638,-1.6909,0.5327,93.8721,138.2446,233.3374,t003,FJTB
2531300265,4294536,2,tobillo,midstance,-0.3049,-1.6387,0.5360,85.3882,150.6958,200.8667,t003,FJTB
2531300282,4294552,2,tobillo,midstance,-0.2155,-1.5095,0.5500,73.6694,145.0806,170.6543,t003,FJTB
2531300323,4294568,2,tobillo,midstance,-0.3685,-1.2408,0.5336,66.8945,143.6768,156.6162,t003,FJTB
2531300324,4294584,2,tobillo,midstance,-0.4014,-1.1018,0.4648,60.2417,135.8643,124.6338,t003,FJTB
2531300324,4294600,2,tobillo,midstance,-0.4325,-1.0168,0.5033,58.8989,125.5493,102.1728,t003,FJTB
2531300379,4294616,2,tobillo,midstance,-0.5746,-0.8590,0.6401,46.3257,94.1162,52.3682,t003,FJTB
2531300387,4294632,2,tobillo,midstance,-0.6416,-0.7471,0.6631,24.5972,41.0156,19.1040,t003,FJTB
2531300387,4294648,2,tobillo,midstance,-0.4967,-0.7610,0.5842,13.9770,7.7515,6.4697,t003,FJTB
2531300387,4294663,2,tobillo,midstance,-0.4731,-0.8391,0.5238,-3.1738,-58.7769,-22.7051,t003,FJTB
2531300444,4294680,2,tobillo,midstance,-0.5406,-0.9349,0.4460,-9.4604,-84.1064,-39.7949,t003,FJTB
2531300445,4294696,2,tobillo,terminal,-0.4260,-0.9701,0.4258,-23.0103,-118.8354,-66.8335,t003,FJTB
2531300445,4294712,2,tobillo,terminal,-0.4097,-0.9889,0.4231,-27.6489,-145.5078,-87.5854,t003,FJTB
2531300445,4294728,2,tobillo,terminal,-0.3496,-1.1470,0.3599,-26.3672,-151.8555,-89.0503,t003,FJTB
2531300511,4294744,2,tobillo,terminal,1.3291,-1.3760,0.0099,-33.2642,-148.2544,-125.7934,t003,FJTB
2531300512,4294760,2,tobillo,terminal,2.4529,-0.9916,-0.2129,-33.3252,-80.9936,-147.5220,t003,FJTB
2531300512,4294776,2,tobillo,terminal,1.7767,-0.7812,0.4434,10.8032,-73.1812,-133.9722,t003,FJTB
2531300513,4294792,2,tobillo,terminal,0.0590,-1.3479,0.7472,55.8472,-135.3149,-101.7456,t003,FJTB
2531300571,4294808,2,tobillo,terminal,-1.1240,-1.8601,0.6760,22.2168,-134.3384,-105.9570,t003,FJTB
2531300573,4294824,2,tobillo,terminal,0.3884,-1.0023,0.2157,-43.0298,-86.5478,-113.5864,t003,FJTB
2531300573,4294840,2,tobillo,terminal,0.3678,-0.7700,0.1588,-18.4326,-81.2378,-65.7349,t003,FJTB
2531300573,4294857,2,tobillo,terminal,-0.3456,-0.9803,-0.0782,0.5493,-80.5664,-50.7812,t003,FJTB
2531300635,4294873,2,tobillo,terminal,-0.3429,-1.1389,0.1180,17.6392,-52.8564,-52.6123,t003,FJTB
2531300635,4294889,2,tobillo,terminal,-0.0803,-1.0642,0.1879,-1.6479,-9.3994,-59.0820,t003,FJTB
2531300636,4294905,2,tobillo,terminal,0.0222,-1.0127,0.2820,-4.0283,0.7324,-51.8799,t003,FJTB
2531300636,4294921,2,tobillo,terminal,0.0206,-0.9816,0.2355,-4.7607,13.9160,-40.2832,t003,FJTB
2531300695,4294937,2,tobillo,terminal,0.1515,-0.9484,0.1606,-2.8687,15.6860,-36.8652,t003,FJTB
2531300696,4294953,2,tobillo,terminal,0.1843,-1.0092,0.2465,3.2349,9.3384,-31.0059,t003,FJTB
2531300696,4294968,2,tobillo,terminal,0.1824,-1.0231,0.2732,4.3945,0.3052,-27.8931,t003,FJTB
2531300751,4294984,2,tobillo,terminal,0.1545,-1.0006,0.1924,3.8452,-3.3569,-26.4282,t003,FJTB
2531300760,4295000,2,tobillo,terminal,0.0724,-0.9663,0.1077,1.0376,-5.4932,-24.3530,t003,FJTB
2531300760,4295016,2,tobillo,terminal,0.0748,-0.9709,0.1042,-3.8452,0.0000,-23.6816,t003,FJTB
2531300760,4295032,2,tobillo,terminal,0.1110,-0.9772,0.1752,-6.1646,3.6011,-24.7192,t003,FJTB
2531300767,4295048,2,tobillo,terminal,0.1400,-0.9744,0.2001,-5.1270,5.4321,-26.4282,t003,FJTB
2531300818,4295064,2,tobillo,terminal,0.1487,-0.9796,0.2079,-3.2349,3.4790,-26.8555,t003,FJTB
2531300820,4295080,2,tobillo,terminal,0.1190,-0.9884,0.1647,-3.0518,-0.4272,-28.0762,t003,FJTB
2531300820,4295096,2,tobillo,terminal,0.0958,-0.9971,0.1423,-5.3711,-0.4272,-30.1514,t003,FJTB
2531300883,4295112,2,tobillo,terminal,0.0800,-1.0149,0.1162,-6.5308,0.2441,-31.8603,t003,FJTB
2531300884,4295128,2,tobillo,terminal,0.0916,-1.0123,0.1123,-10.0708,-0.8545,-36.9873,t003,FJTB
2531300884,4295144,2,tobillo,terminal,0.0918,-1.0006,0.1803,-17.2119,-3.4180,-38.8184,t003,FJTB
2531300885,4295160,2,tobillo,terminal,0.0239,-0.9811,0.3115,-21.3013,-3.9062,-37.6587,t003,FJTB
2531300943,4295176,2,tobillo,swing,0.0057,-0.9799,0.3113,-23.4985,0.9155,-37.7197,t003,FJTB
2531300944,4295192,2,tobillo,swing,0.0321,-0.9939,0.2512,-21.7285,4.6387,-41.0156,t003,FJTB
2531300944,4295208,2,tobillo,swing,0.0291,-0.9946,0.2186,-21.6675,8.7280,-46.8750,t003,FJTB
2531300944,4295224,2,tobillo,swing,0.0195,-0.9954,0.2174,-26.4282,8.1177,-48.9502,t003,FJTB
2531301011,4295240,2,tobillo,swing,-0.0035,-0.9832,0.2186,-29.1138,7.2632,-46.1426,t003,FJTB
2531301012,4295256,2,tobillo,swing,-0.0439,-0.9603,0.2385,-28.6255,4.2725,-42.1753,t003,FJTB
2531301013,4295272,2,tobillo,swing,-0.0511,-0.9193,0.2704,-12.0850,0.9766,-51.6357,t003,FJTB
2531301013,4295288,2,tobillo,swing,-0.0417,-0.9766,0.2679,-9.1553,1.0986,-49.4385,t003,FJTB
2531301073,4295304,2,tobillo,swing,-0.0365,-0.9872,0.2622,-11.2915,1.0986,-40.8325,t003,FJTB
2531301073,4295320,2,tobillo,swing,-0.0280,-0.9956,0.2648,-13.5498,0.1831,-37.7808,t003,FJTB
2531301076,4295337,2,tobillo,swing,-0.0320,-0.9840,0.2717,-19.1650,-3.9673,-34.6680,t003,FJTB
2531301076,4295353,2,tobillo,swing,-0.0403,-0.9686,0.2579,-20.8130,-9.5825,-31.9824,t003,FJTB
2531301138,4295369,2,tobillo,swing,-0.1047,-0.9669,0.2352,-19.2261,-12.9395,-31.0669,t003,FJTB
2531301139,4295385,2,tobillo,swing,-0.1017,-0.9478,0.2650,-15.4419,-17.5171,-35.0952,t003,FJTB
2531301139,4295401,2,tobillo,swing,-0.0792,-0.9244,0.3568,-9.3994,-21.4844,-37.5366,t003,FJTB
2531301140,4295417,2,tobillo,swing,-0.0825,-1.0062,0.3334,-8.2397,-23.4985,-38.5742,t003,FJTB
2531301198,4295433,2,tobillo,swing,-0.1023,-1.0281,0.3096,-11.4746,-23.9868,-42.2363,t003,FJTB
2531301199,4295450,2,tobillo,swing,-0.1449,-1.0187,0.3331,-12.7563,-23.4375,-45.7153,t003,FJTB
2531301200,4295466,2,tobillo,swing,-0.1510,-1.0448,0.3615,-9.7046,-21.9116,-55.1758,t003,FJTB
2531301200,4295482,2,tobillo,swing,-0.1490,-1.0653,0.3646,-5.7983,-18.8599,-64.8193,t003,FJTB
2531301263,4295499,2,tobillo,swing,-0.1526,-1.1002,0.3656,-5.3101,-16.7847,-68.9697,t003,FJTB
2531301263,4295515,2,tobillo,swing,-0.1676,-1.1155,0.4392,-5.5542,-12.5732,-77.5757,t003,FJTB
2531301264,4295531,2,tobillo,swing,-0.1638,-1.1534,0.4465,-6.7139,-6.8970,-85.2661,t003,FJTB
2531301264,4295548,2,tobillo,swing,-0.0905,-1.2905,0.3800,-7.5073,-4.5776,-92.1631,t003,FJTB
2531301322,4295564,2,tobillo,swing,-0.0352,-1.4196,0.4832,-11.0474,-6.5918,-112.3047,t003,FJTB
2531301323,4295580,2,tobillo,swing,-0.0007,-1.4742,0.5076,-28.1982,-9.5825,-137.0850,t003,FJTB
2531301324,4295596,2,tobillo,swing,0.1562,-1.5681,0.5175,-37.4756,-9.7656,-154.6631,t003,FJTB
2531301326,4295612,2,tobillo,swing,0.2661,-1.7371,0.3352,-50.1099,2.1973,-197.0825,t003,FJTB
2531301387,4295628,2,tobillo,swing,0.3079,-1.7418,0.2216,-57.4951,20.4468,-224.4873,t003,FJTB
2531301388,4295644,2,tobillo,swing,0.1815,-1.3986,0.1345,-59.9365,22.9492,-223.9380,t003,FJTB
2531301388,4295660,2,tobillo,swing,-0.0387,-1.2518,0.2992,-55.6641,-15.2588,-228.6987,t003,FJTB
2531301447,4295676,2,tobillo,swing,-0.4473,-1.3644,0.6117,-47.3633,-41.6260,-228.9429,t003,FJTB
2531301447,4295692,2,tobillo,loading,-0.4205,-1.3252,0.3776,-39.8560,-64.5142,-225.8301,t003,FJTB
2531301447,4295709,2,tobillo,loading,-0.3396,-1.1624,0.3517,-28.8696,5.9204,-181.1523,t003,FJTB
2531301448,4295725,2,tobillo,loading,0.5044,-1.2579,0.6251,-33.2031,39.4287,-174.0112,t003,FJTB
2531301472,4295741,2,tobillo,loading,-0.0946,0.2338,-0.2772,-89.7827,53.9551,-143.0664,t003,FJTB
2531301515,4295757,2,tobillo,loading,-1.2974,0.4186,-0.5194,-4.5166,64.8804,-0.4883,t003,FJTB
2531301516,4295773,2,tobillo,loading,0.2301,-0.8854,-0.2050,33.0200,42.7856,-26.4893,t003,FJTB
2531301516,4295789,2,tobillo,loading,1.3154,-0.9222,-0.2046,22.1558,69.7632,9.5825,t003,FJTB
2531301517,4295804,2,tobillo,loading,0.5428,-0.3096,0.0201,17.7002,66.8945,35.3394,t003,FJTB
2531301575,4295820,2,tobillo,loading,0.2040,-0.2554,0.0356,34.4849,39.9780,73.4863,t003,FJTB
2531301577,4295836,2,tobillo,loading,0.3600,-0.3407,0.0216,52.6733,39.6118,131.3477,t003,FJTB
2531301578,4295852,2,tobillo,loading,0.3700,-0.4755,0.1566,60.7910,59.6313,163.5132,t003,FJTB
2531301608,4295867,2,tobillo,loading,0.3314,-0.5298,0.2454,66.1011,94.3603,203.0029,t003,FJTB
2531301641,4295883,2,tobillo,loading,0.2817,-0.6533,0.3546,70.8618,91.3696,211.3037,t003,FJTB
2531301641,4295899,2,tobillo,loading,0.3331,-0.8425,0.3958,78.4912,70.8008,240.4785,t003,FJTB
2531301642,4295915,2,tobillo,loading,0.3599,-0.9281,0.3875,75.5005,40.4663,267.0898,t003,FJTB
2531301700,4295931,2,tobillo,loading,0.2136,-1.2003,0.3456,76.9653,23.2544,278.1372,t003,FJTB
2531301700,4295946,2,tobillo,loading,0.1256,-1.3405,0.3021,80.2612,-9.9487,300.9644,t003,FJTB
2531301702,4295963,2,tobillo,loading,0.0269,-1.5671,0.2321,81.1768,-24.6582,312.9883,t003,FJTB
2531301703,4295978,2,tobillo,loading,-0.1136,-1.7543,0.2146,80.9936,-40.2832,328.0029,t003,FJTB
2531301766,4295994,2,tobillo,loading,-0.1805,-1.8348,0.1962,76.9043,-28.0762,319.3359,t003,FJTB
2531301766,4296010,2,tobillo,loading,-0.2893,-1.9431,0.1556,74.2798,-15.3809,307.1289,t003,FJTB
2531301767,4296026,2,tobillo,loading,-0.3765,-1.9276,0.1266,69.8853,19.3481,281.9214,t003,FJTB
2531301767,4296042,2,tobillo,loading,-0.3907,-1.9027,0.1406,69.7632,61.2183,259.8877,t003,FJTB
2531301825,4296058,2,tobillo,loading,-0.4797,-1.8204,0.3112,73.1812,81.6650,248.2300,t003,FJTB
2531301828,4296074,2,tobillo,loading,-0.5187,-1.7509,0.4343,75.9277,128.6011,227.6611,t003,FJTB
2531301828,4296090,2,tobillo,loading,-0.3557,-1.5737,0.5381,73.4863,147.7051,218.9941,t003,FJTB
2531301829,4296106,2,tobillo,loading,-0.2501,-1.4137,0.3911,71.6553,155.3345,195.6787,t003,FJTB
2531301891,4296122,2,tobillo,loading,-0.3060,-1.3499,0.3240,79.8340,142.5781,164.3677,t003,FJTB
2531301891,4296138,2,tobillo,loading,-0.5409,-1.0770,0.2792,82.2754,139.8315,147.5830,t003,FJTB
2531301892,4296154,2,tobillo,midstance,-0.5999,-0.9867,0.3583,89.1113,135.9863,103.0884,t003,FJTB
2531301893,4296169,2,tobillo,midstance,-0.5685,-0.9561,0.6464,85.3882,126.7090,75.2563,t003,FJTB
2531301951,4296185,2,tobillo,midstance,-0.4702,-0.8934,0.7491,59.6313,78.3691,29.3579,t003,FJTB
2531301951,4296201,2,tobillo,midstance,-0.5022,-0.8623,0.7050,28.6865,-1.2817,-3.3569,t003,FJTB
2531301953,4296217,2,tobillo,midstance,-0.6530,-0.8429,0.5563,17.5171,-40.2222,-17.7612,t003,FJTB
2531301954,4296234,2,tobillo,midstance,-0.5366,-0.9330,0.4956,3.1128,-95.7642,-51.8799,t003,FJTB
2531302018,4296250,2,tobillo,midstance,-0.3348,-1.0548,0.4554,-6.6528,-145.8740,-86.7309,t003,FJTB
2531302018,4296266,2,tobillo,midstance,0.5225,-1.2209,0.3822,-14.9536,-178.4668,-111.3892,t003,FJTB
2531302019,4296282,2,tobillo,midstance,1.0756,-1.2308,0.3245,-0.6104,-187.4389,-174.8657,t003,FJTB
2531302019,4296298,2,tobillo,midstance,1.7478,-1.4805,0.6143,12.8784,-163.5132,-194.2139,t003,FJTB
2531302078,4296314,2,tobillo,midstance,-1.2642,-1.5065,0.8798,-22.0337,-158.4473,-154.7852,t003,FJTB
2531302080,4296330,2,tobillo,midstance,-1.5774,-1.6157,0.6210,-43.1519,-114.4409,-104.0649,t003,FJTB
2531302080,4296346,2,tobillo,midstance,0.7712,-0.7410,0.1105,-64.2700,-75.1953,-115.4785,t003,FJTB
2531302081,4296362,2,tobillo,midstance,0.1090,-0.6876,0.0488,-24.1699,-91.0034,-86.7309,t003,FJTB
2531302144,4296378,2,tobillo,midstance,-0.4651,-1.0985,-0.0551,14.2822,-102.8442,-73.4253,t003,FJTB
2531302144,4296394,2,tobillo,midstance,-0.4813,-1.2395,0.1232,1.9531,-71.5332,-75.1343,t003,FJTB
2531302145,4296410,2,tobillo,midstance,-0.2148,-1.1306,0.2234,-13.8550,-15.1367,-61.3403,t003,FJTB
2531302145,4296427,2,tobillo,midstance,0.0555,-1.0203,0.1990,-10.3149,0.7324,-47.4853,t003,FJTB
2531302206,4296443,2,tobillo,midstance,0.1361,-0.9392,0.1813,-8.8501,2.8076,-43.4570,t003,FJTB
2531302206,4296459,2,tobillo,midstance,0.1178,-0.9595,0.2195,-2.9907,1.2817,-32.8979,t003,FJTB
2531302207,4296475,2,tobillo,midstance,0.1968,-0.9957,0.2457,-1.4038,-1.2817,-30.3345,t003,FJTB
2531302207,4296491,2,tobillo,midstance,0.1295,-0.9863,0.2345,1.0376,-9.4604,-30.5786,t003,FJTB
2531302270,4296507,2,tobillo,midstance,0.1033,-0.9635,0.2139,2.7466,-12.5732,-28.0151,t003,FJTB
2531302270,4296523,2,tobillo,midstance,0.0760,-0.9535,0.1877,2.9907,-12.7563,-26.1230,t003,FJTB
2531302271,4296539,2,tobillo,midstance,0.0616,-0.9692,0.1683,3.0518,-8.4839,-23.4985,t003,FJTB
2531302271,4296555,2,tobillo,midstance,0.0439,-0.9741,0.1761,2.6855,3.2349,-22.8882,t003,FJTB
2531302332,4296571,2,tobillo,midstance,0.0626,-0.9805,0.2072,3.1738,7.6294,-21.4844,t003,FJTB
2531302332,4296587,2,tobillo,midstance,0.1044,-0.9814,0.2068,4.7607,9.9487,-18.4937,t003,FJTB
2531302333,4296603,2,tobillo,midstance,0.1425,-0.9856,0.1963,5.2490,8.4229,-17.9443,t003,FJTB
2531302333,4296619,2,tobillo,midstance,0.1101,-0.9908,0.1877,4.9438,3.5400,-18.6157,t003,FJTB
2531302395,4296635,2,tobillo,midstance,0.0922,-0.9905,0.1769,3.9062,2.1362,-20.0806,t003,FJTB
2531302396,4296651,2,tobillo,midstance,0.0784,-0.9930,0.1720,2.3193,3.2959,-20.9961,t003,FJTB
2531302396,4296667,2,tobillo,midstance,0.0865,-0.9895,0.1738,-1.4648,5.3711,-23.3154,t003,FJTB
2531302404,4296683,2,tobillo,midstance,0.0945,-0.9865,0.1779,-2.5635,4.8218,-26.1841,t003,FJTB
2531302455,4296699,2,tobillo,midstance,0.0872,-0.9994,0.1868,-2.8687,3.9062,-28.0762,t003,FJTB
2531302456,4296715,2,tobillo,terminal,0.0927,-1.0018,0.1807,-5.2490,2.9907,-33.2642,t003,FJTB
2531302456,4296731,2,tobillo,terminal,0.0898,-0.9906,0.1733,-5.8594,2.8687,-35.9497,t003,FJTB
2531302461,4296747,2,tobillo,terminal,0.0222,-0.9810,0.1927,-6.5918,2.6245,-38.4521,t003,FJTB
2531302524,4296763,2,tobillo,terminal,0.0031,-0.9896,0.1942,-6.7749,2.3804,-39.4897,t003,FJTB
2531302525,4296780,2,tobillo,terminal,0.0182,-0.9836,0.1859,-5.9814,1.6479,-40.4663,t003,FJTB
2531302525,4296796,2,tobillo,terminal,-0.0077,-1.0117,0.2065,-9.0332,2.5024,-37.8418,t003,FJTB
2531302525,4296812,2,tobillo,terminal,-0.0123,-0.9955,0.2085,-14.2212,4.5776,-38.0249,t003,FJTB
2531302585,4296828,2,tobillo,terminal,-0.0055,-0.9874,0.2306,-9.8267,2.9907,-43.7012,t003,FJTB
2531302587,4296844,2,tobillo,terminal,-0.0072,-0.9965,0.2388,-4.0283,-1.7090,-52.8564,t003,FJTB
2531302588,4296860,2,tobillo,terminal,-0.0050,-0.9873,0.2358,-4.8218,-3.3569,-52.9175,t003,FJTB
2531302651,4296876,2,tobillo,terminal,-0.0031,-1.0059,0.2378,-8.7891,-6.0425,-49.9268,t003,FJTB
2531302652,4296892,2,tobillo,terminal,-0.0072,-1.0300,0.2358,-11.9629,-11.0474,-54.8706,t003,FJTB
2531302652,4296909,2,tobillo,terminal,-0.0400,-1.0913,0.2150,-18.1885,-12.2070,-58.0444,t003,FJTB
2531302652,4296925,2,tobillo,terminal,-0.0753,-1.0718,0.2467,-33.4473,-8.7280,-67.2607,t003,FJTB
2531302676,4296941,2,tobillo,terminal,-0.0878,-1.0476,0.2965,-32.1045,-9.1553,-80.8716,t003,FJTB
2531302713,4296957,2,tobillo,terminal,-0.1259,-1.0298,0.3123,-29.1138,-10.5591,-84.3506,t003,FJTB
2531302713,4296974,2,tobillo,terminal,-0.1407,-1.0497,0.2659,-23.4375,-8.1177,-86.4258,t003,FJTB
2531302714,4296990,2,tobillo,terminal,-0.1423,-1.0581,0.2595,-20.2026,-4.5776,-87.0972,t003,FJTB
2531302776,4297006,2,tobillo,terminal,-0.1364,-1.1086,0.2909,-17.5171,-4.3335,-88.1348,t003,FJTB
2531302777,4297022,2,tobillo,terminal,-0.1219,-1.2139,0.3226,-12.4512,-5.0659,-94.6655,t003,FJTB
2531302777,4297038,2,tobillo,terminal,-0.0726,-1.2706,0.3706,-10.2539,-3.4790,-103.9429,t003,FJTB
2531302778,4297055,2,tobillo,terminal,0.0182,-1.4777,0.5607,-13.4277,-4.4556,-109.6802,t003,FJTB
2531302837,4297071,2,tobillo,terminal,0.0723,-1.5894,0.6178,-36.0718,-9.3994,-132.1411,t003,FJTB
2531302838,4297087,2,tobillo,terminal,0.1746,-1.7074,0.6410,-49.4995,-7.4463,-154.8462,t003,FJTB
2531302840,4297103,2,tobillo,terminal,0.3768,-1.7183,0.5095,-72.9370,18.4326,-220.3979,t003,FJTB
2531302840,4297119,2,tobillo,terminal,0.4926,-1.6631,0.3947,-66.2842,54.3823,-240.7226,t003,FJTB
2531302903,4297134,2,tobillo,terminal,0.3176,-1.3173,0.3217,-65.3076,45.2881,-235.2905,t003,FJTB
2531302903,4297150,2,tobillo,terminal,-0.4517,-1.4263,0.5820,-57.9224,-44.6167,-244.9341,t003,FJTB
2531302904,4297167,2,tobillo,terminal,-0.6324,-1.5685,0.5654,-45.8374,-102.6611,-227.4780,t003,FJTB
2531302962,4297183,2,tobillo,terminal,-0.3037,-1.4042,0.2666,-43.5181,-83.9233,-208.1909,t003,FJTB
2531302965,4297199,2,tobillo,terminal,-0.0365,-1.2549,0.1887,-40.1611,-18.4326,-182.8613,t003,FJTB
2531302965,4297215,2,tobillo,terminal,0.5010,-0.9873,0.1278,-44.9219,-10.1318,-188.2934,t003,FJTB
2531302965,4297231,2,tobillo,terminal,-0.8589,0.2810,-0.3223,-60.8520,35.9497,-103.7598,t003,FJTB
2531303028,4297247,2,tobillo,terminal,-0.8239,-0.1825,-0.1202,31.6772,73.9746,-44.0063,t003,FJTB
2531303029,4297263,2,tobillo,terminal,0.7657,-0.8215,0.0096,32.9590,90.6372,-36.1938,t003,FJTB
2531303029,4297279,2,tobillo,terminal,0.5049,-0.2905,-0.0736,12.2681,85.3271,6.1035,t003,FJTB
2531303030,4297295,2,tobillo,terminal,0.2928,-0.2517,-0.0591,32.6538,61.5845,48.1567,t003,FJTB
2531303088,4297311,2,tobillo,terminal,0.3423,-0.3325,0.0032,38.4521,54.9316,70.6177,t003,FJTB
2531303090,4297327,2,tobillo,terminal,0.3296,-0.3342,0.0474,47.3633,47.7295,124.6948,t003,FJTB
2531303091,4297343,2,tobillo,terminal,0.2399,-0.4277,0.1271,53.9551,46.5698,150.9399,t003,FJTB
2531303091,4297359,2,tobillo,terminal,0.3014,-0.5610,0.1704,61.5845,48.5229,201.4770,t003,FJTB
2531303154,4297374,2,tobillo,terminal,0.3044,-0.6638,0.1979,66.7725,49.6826,245.0561,t003,FJTB
2531303155,4297390,2,tobillo,terminal,0.2424,-0.8425,0.2593,64.0259,44.4946,260.1318,t003,FJTB
2531303155,4297406,2,tobillo,terminal,0.1862,-0.9039,0.2836,58.0444,15.2588,280.9448,t003,FJTB
2531303156,4297422,2,tobillo,terminal,-0.0040,-1.0994,0.3031,59.3262,-3.5400,294.2505,t003,FJTB
2531303215,4297438,2,tobillo,terminal,-0.0851,-1.4470,0.2952,60.6689,-29.1138,322.0215,t003,FJTB
2531303216,4297454,2,tobillo,terminal,-0.2131,-1.6454,0.4467,59.6924,-29.1138,337.7075,t003,FJTB
2531303217,4297470,2,tobillo,terminal,-0.7101,-1.7733,0.1937,52.3071,-17.0288,336.3647,t003,FJTB
2531303217,4297485,2,tobillo,terminal,-0.1221,-1.7511,0.0454,25.3296,15.9912,286.8652,t003,FJTB
2531303218,4297501,2,tobillo,terminal,-0.5533,-1.8118,0.3018,41.9922,7.9956,257.9956,t003,FJTB
2531303281,4297517,2,tobillo,terminal,-0.8735,-1.6573,0.1550,47.0581,25.8179,258.9722,t003,FJTB
2531303282,4297533,2,tobillo,terminal,-0.6343,-1.6588,0.0162,61.2183,67.5049,261.4746,t003,FJTB
2531303282,4297549,2,tobillo,terminal,-0.5427,-1.7246,0.1324,69.5801,80.6274,250.1221,t003,FJTB
2531303326,4297565,2,tobillo,terminal,-0.6580,-1.5631,0.4220,71.3501,110.5957,207.6416,t003,FJTB
2531303342,4297581,2,tobillo,swing,-0.6769,-1.4388,0.4895,62.1338,142.2119,159.2407,t003,FJTB
2531303342,4297597,2,tobillo,swing,-0.5769,-1.2341,0.5120,59.2041,147.5830,135.4980,t003,FJTB
2531303342,4297613,2,tobillo,swing,-0.4730,-1.1802,0.5240,57.7393,126.0986,98.6938,t003,FJTB
2531303343,4297629,2,tobillo,swing,-0.4843,-1.0432,0.5055,55.7861,107.6660,88.6841,t003,FJTB
2531303411,4297644,2,tobillo,swing,-0.6050,-0.9161,0.4324,52.2461,72.6929,66.2842,t003,FJTB
2531303411,4297660,2,tobillo,swing,-0.6415,-0.8861,0.4791,46.6309,31.3110,29.4800,t003,FJTB
2531303411,4297676,2,tobillo,swing,-0.5836,-0.8618,0.5989,38.6963,4.8828,10.1929,t003,FJTB
2531303412,4297692,2,tobillo,swing,-0.5480,-0.8689,0.5901,18.9209,-57.3730,-19.7144,t003,FJTB
2531303473,4297708,2,tobillo,swing,-0.6013,-0.8789,0.4548,6.0425,-109.3140,-37.9639,t003,FJTB
2531303475,4297725,2,tobillo,swing,-0.4365,-1.0575,0.4377,5.8594,-123.9014,-43.0908,t003,FJTB
2531303476,4297741,2,tobillo,swing,-0.1949,-1.0577,0.5095,-10.0098,-157.8979,-77.3926,t003,FJTB
2531303476,4297757,2,tobillo,swing,0.9280,-1.1903,0.6096,1.2817,-173.2178,-110.2905,t003,FJTB
2531303541,4297773,2,tobillo,swing,1.6527,-1.4937,0.8986,26.3062,-157.7148,-163.4521,t003,FJTB
2531303542,4297789,2,tobillo,swing,-0.0688,-1.3851,0.7966,-28.3813,-156.1279,-67.3218,t003,FJTB
2531303543,4297805,2,tobillo,swing,-1.2352,-1.7104,0.1337,-25.8179,-141.7236,-47.4243,t003,FJTB
2531303543,4297821,2,tobillo,swing,0.6812,-0.6735,0.2919,-46.6309,-84.8999,-83.6182,t003,FJTB
2531303605,4297837,2,tobillo,swing,0.0847,-0.6515,0.2728,-2.8076,-100.5249,-52.5513,t003,FJTB
2531303606,4297854,2,tobillo,swing,-0.7220,-1.1095,0.1237,11.4136,-76.2939,-59.4482,t003,FJTB
2531303606,4297870,2,tobillo,swing,-0.3735,-1.0847,0.1530,4.7607,-9.5825,-65.9790,t003,FJTB
2531303606,4297886,2,tobillo,swing,0.0509,-0.9825,0.3055,3.2959,0.9766,-59.6313,t003,FJTB
2531303670,4297901,2,tobillo,swing,0.0977,-1.0043,0.1835,4.6997,5.1880,-45.1660,t003,FJTB
2531303670,4297917,2,tobillo,swing,0.1508,-0.9817,0.1868,3.2959,0.4883,-36.8042,t003,FJTB
2531303671,4297933,2,tobillo,swing,0.1765,-0.9825,0.2433,3.9673,-4.0283,-32.7148,t003,FJTB
2531303671,4297949,2,tobillo,swing,0.1722,-0.9941,0.2650,5.4321,-12.0850,-27.6489,t003,FJTB
2531303733,4297965,2,tobillo,swing,0.1067,-0.9865,0.2469,4.5166,-15.1367,-23.4985,t003,FJTB
2531303734,4297981,2,tobillo,swing,0.0631,-0.9541,0.1896,4.8218,-13.9770,-22.8882,t003,FJTB
2531303734,4297997,2,tobillo,swing,0.0627,-0.9604,0.1727,5.6152,-8.4229,-23.3765,t003,FJTB
2531303796,4298013,2,tobillo,swing,0.0656,-0.9664,0.1888,5.7373,-5.8594,-23.8647,t003,FJTB
2531303797,4298029,2,tobillo,swing,0.0580,-0.9761,0.2446,6.7139,-0.5493,-24.6582,t003,FJTB
2531303798,4298045,2,tobillo,swing,0.0687,-0.9728,0.2604,7.6294,2.6855,-26.5503,t003,FJTB
2531303798,4298061,2,tobillo,swing,0.0709,-0.9950,0.2921,7.8735,2.3193,-27.2217,t003,FJTB
2531303798,4298077,2,tobillo,swing,0.0710,-0.9989,0.2550,6.4087,2.0142,-28.6865,t003,FJTB
2531303857,4298094,2,tobillo,swing,0.0524,-1.0127,0.1981,6.3477,5.3101,-34.5459,t003,FJTB
2531303857,4298110,2,tobillo,loading,0.0675,-1.0117,0.1818,4.2725,6.5308,-38.3301,t003,FJTB
2531303858,4298126,2,tobillo,loading,0.0573,-1.0011,0.1770,-1.7700,5.1880,-42.7246,t003,FJTB
2531303858,4298142,2,tobillo,loading,0.0308,-0.9871,0.1881,-4.3945,4.0283,-43.1519,t003,FJTB
2531303926,4298158,2,tobillo,loading,0.0121,-0.9891,0.2306,-8.2397,2.1973,-42.6636,t003,FJTB
2531303927,4298174,2,tobillo,loading,0.0056,-0.9896,0.2531,-9.3384,-0.2441,-44.2505,t003,FJTB
2531303927,4298190,2,tobillo,loading,-0.0209,-0.9858,0.2463,-9.0942,-0.6714,-45.1660,t003,FJTB
2531303928,4298206,2,tobillo,loading,-0.0433,-0.9674,0.2234,-7.5684,-0.4883,-46.5698,t003,FJTB
2531303988,4298222,2,tobillo,loading,-0.0515,-0.9631,0.2172,-5.6152,-0.1831,-47.1191,t003,FJTB
2531303990,4298239,2,tobillo,loading,-0.0685,-0.9601,0.2103,-4.7607,0.0000,-46.6919,t003,FJTB
2531303991,4298255,2,tobillo,loading,-0.0691,-0.9672,0.2136,-2.0142,0.3052,-45.6543,t003,FJTB
2531303992,4298271,2,tobillo,loading,-0.0613,-0.9910,0.2192,-0.6104,-1.4648,-48.6450,t003,FJTB
2531304054,4298287,2,tobillo,loading,-0.0648,-0.9874,0.2532,-1.2817,-2.8076,-49.3774,t003,FJTB
2531304055,4298303,2,tobillo,loading,-0.0775,-0.9814,0.2538,-2.8076,-7.7515,-49.6826,t003,FJTB
2531304055,4298319,2,tobillo,loading,-0.0712,-0.9711,0.2747,-2.7466,-10.0098,-50.0488,t003,FJTB
2531304056,4298335,2,tobillo,loading,-0.0676,-1.0126,0.2809,-2.6245,-16.2964,-51.2695,t003,FJTB
2531304115,4298351,2,tobillo,loading,-0.0919,-1.0344,0.2661,-15.1367,-18.2495,-49.0723,t003,FJTB
2531304116,4298367,2,tobillo,loading,-0.1649,-1.0320,0.1982,-17.3950,-19.2261,-51.3916,t003,FJTB
2531304117,4298383,2,tobillo,loading,-0.1644,-1.0514,0.1997,-10.5591,-20.0806,-63.9648,t003,FJTB
2531304118,4298399,2,tobillo,loading,-0.1465,-1.0634,0.2177,-8.6060,-16.7236,-69.0918,t003,FJTB
2531304181,4298415,2,tobillo,loading,-0.1592,-1.0547,0.2632,-7.5073,-16.4185,-70.0073,t003,FJTB
2531304181,4298432,2,tobillo,loading,-0.1750,-1.0536,0.2711,-4.3945,-18.1885,-75.3174,t003,FJTB
2531304182,4298448,2,tobillo,loading,-0.2124,-1.0684,0.2405,-2.9297,-18.9819,-78.7964,t003,FJTB
2531304183,4298464,2,tobillo,loading,-0.2292,-1.0673,0.2881,0.0000,-19.5313,-84.5337,t003,FJTB
2531304244,4298480,2,tobillo,loading,-0.2335,-1.0918,0.3372,3.4180,-17.3950,-87.7685,t003,FJTB
2531304245,4298497,2,tobillo,loading,-0.1898,-1.2137,0.3447,3.1738,-16.2964,-90.3931,t003,FJTB
2531304245,4298513,2,tobillo,loading,-0.1663,-1.3118,0.4430,-3.7842,-15.7471,-98.9990,t003,FJTB
2531304307,4298529,2,tobillo,loading,-0.1284,-1.3739,0.5493,-19.7754,-12.7563,-110.5957,t003,FJTB
2531304308,4298545,2,tobillo,midstance,-0.0359,-1.4305,0.6342,-29.6020,-9.4604,-120.4834,t003,FJTB
2531304309,4298561,2,tobillo,midstance,0.0426,-1.5470,0.6248,-44.2505,12.1460,-164.7949,t003,FJTB
2531304309,4298578,2,tobillo,midstance,0.1058,-1.6531,0.5427,-45.5933,70.0684,-199.6460,t003,FJTB
2531304309,4298594,2,tobillo,midstance,0.3679,-1.4863,0.2460,-46.3867,83.4351,-205.9326,t003,FJTB
2531304368,4298610,2,tobillo,midstance,0.2164,-1.3467,0.1996,-41.4429,14.6484,-226.7456,t003,FJTB
2531304369,4298626,2,tobillo,midstance,-0.4203,-1.5605,0.4977,-30.0903,-84.6558,-235.4736,t003,FJTB
2531304370,4298642,2,tobillo,midstance,-0.5951,-1.3284,0.5864,-35.5835,-88.5010,-222.4731,t003,FJTB
2531304372,4298658,2,tobillo,midstance,-0.5377,-1.1743,0.4414,-13.6108,-9.8267,-172.6074,t003,FJTB
2531304434,4298674,2,tobillo,midstance,0.2712,-1.4125,0.3202,-7.1411,28.1372,-169.3725,t003,FJTB
2531304435,4298691,2,tobillo,midstance,-0.1742,-0.1022,-0.4618,-69.6411,60.9131,-141.9067,t003,FJTB
2531304435,4298707,2,tobillo,midstance,-1.0054,0.1289,-0.5259,8.7280,93.9331,-52.9175,t003,FJTB
2531304496,4298723,2,tobillo,midstance,0.2980,-0.8806,-0.0603,48.0957,102.1118,-54.1992,t003,FJTB
2531304497,4298738,2,tobillo,midstance,0.7789,-0.5264,-0.0303,23.5596,115.2344,-31.4331,t003,FJTB
2531304497,4298754,2,tobillo,midstance,0.4576,-0.3000,-0.0441,25.3296,91.9800,15.8691,t003,FJTB
2531304498,4298770,2,tobillo,midstance,0.3364,-0.3574,0.0730,38.3301,84.5337,41.6260,t003,FJTB
2531304560,4298786,2,tobillo,midstance,0.3901,-0.3547,0.1301,45.0439,81.2378,89.8437,t003,FJTB
2531304561,4298802,2,tobillo,midstance,0.3497,-0.3989,0.2422,51.5137,88.0127,116.5161,t003,FJTB
2531304562,4298818,2,tobillo,midstance,0.3536,-0.5258,0.3208,59.3872,110.0464,167.5415,t003,FJTB
2531304562,4298833,2,tobillo,midstance,0.3883,-0.5745,0.3608,58.4106,96.8018,200.1343,t003,FJTB
2531304621,4298849,2,tobillo,midstance,0.2974,-0.7213,0.4355,61.7065,78.1250,218.5058,t003,FJTB
2531304624,4298865,2,tobillo,midstance,0.2324,-0.8209,0.4375,66.4673,44.6777,252.0752,t003,FJTB
2531304624,4298881,2,tobillo,midstance,0.1558,-1.0663,0.3885,67.6270,32.2266,266.4185,t003,FJTB
2531304625,4298896,2,tobillo,midstance,0.0432,-1.3055,0.3412,67.4438,9.2163,290.4663,t003,FJTB
2531304668,4298912,2,tobillo,midstance,-0.0044,-1.4022,0.3240,64.6973,-11.9629,309.9976,t003,FJTB
2531304687,4298928,2,tobillo,midstance,-0.1105,-1.6021,0.3130,63.4766,-19.8975,317.9321,t003,FJTB
2531304688,4298944,2,tobillo,terminal,-0.1743,-1.6890,0.3057,61.0352,-22.2778,323.7304,t003,FJTB
2531304689,4298960,2,tobillo,terminal,-0.2811,-1.8308,0.2548,60.9131,-16.7847,321.0449,t003,FJTB
2531304689,4298976,2,tobillo,terminal,-0.3845,-1.9127,0.1646,62.8662,-4.2114,313.5986,t003,FJTB
2531304748,4298992,2,tobillo,terminal,-0.4490,-1.9207,0.1328,67.7490,12.2681,312.1948,t003,FJTB
2531304750,4299008,2,tobillo,terminal,-0.5065,-1.8765,0.1105,70.5566,29.0527,308.0444,t003,FJTB
2531304751,4299024,2,tobillo,terminal,-0.5078,-1.8574,0.1635,75.7446,72.3267,282.8369,t003,FJTB
2531304782,4299040,2,tobillo,terminal,-0.5420,-1.7380,0.4197,74.6460,94.1772,262.6343,t003,FJTB
2531304814,4299055,2,tobillo,terminal,-0.5850,-1.5382,0.5299,72.3877,120.3003,213.4399,t003,FJTB
2531304815,4299071,2,tobillo,terminal,-0.6626,-1.4637,0.5422,75.9888,115.7226,167.2363,t003,FJTB
2531304816,4299087,2,tobillo,terminal,-0.8350,-1.2118,0.5045,73.2422,109.7412,146.8506,t003,FJTB
2531304859,4299103,2,tobillo,terminal,-0.9431,-1.0818,0.4946,67.3828,89.6606,102.2949,t003,FJTB
2531304874,4299119,2,tobillo,terminal,-1.0444,-0.9263,0.6244,50.5371,54.6875,40.7715,t003,FJTB
2531304876,4299135,2,tobillo,terminal,-0.9674,-0.8607,0.6860,36.9263,29.2969,10.2539,t003,FJTB
2531304877,4299151,2,tobillo,terminal,-0.8969,-0.8800,0.6407,11.5967,-32.7759,-35.0952,t003,FJTB
2531304941,4299167,2,tobillo,terminal,-0.7832,-0.9611,0.4752,2.1973,-60.0586,-50.8423,t003,FJTB
2531304941,4299183,2,tobillo,terminal,-0.5558,-1.0669,0.3275,-9.0942,-94.4824,-73.7915,t003,FJTB
2531304942,4299200,2,tobillo,terminal,-0.1888,-1.1771,0.3162,-27.0996,-117.1265,-114.7461,t003,FJTB
2531304942,4299216,2,tobillo,terminal,1.6871,-0.9607,0.3352,-43.9453,-116.4551,-137.5732,t003,FJTB
2531305001,4299232,2,tobillo,terminal,1.7391,-0.8625,0.8418,-9.8877,-143.2495,-124.2065,t003,FJTB
2531305002,4299248,2,tobillo,terminal,0.9293,-1.3232,0.8573,25.9399,-213.3789,-131.7749,t003,FJTB
2531305003,4299264,2,tobillo,terminal,-1.3048,-1.8762,0.3666,15.0146,-207.4585,-114.0747,t003,FJTB
2531305003,4299280,2,tobillo,terminal,-0.8737,-1.7262,0.4293,-34.5459,-127.3804,-89.4165,t003,FJTB
2531305066,4299296,2,tobillo,terminal,0.4927,-0.6349,0.2357,-47.6685,-99.1821,-75.0122,t003,FJTB
2531305067,4299312,2,tobillo,terminal,-0.4833,-0.9388,0.1093,-1.2207,-109.4360,-44.0063,t003,FJTB
2531305067,4299328,2,tobillo,terminal,-0.6598,-1.1343,0.0062,18.0664,-65.3687,-70.4956,t003,FJTB
2531305068,4299344,2,tobillo,terminal,-0.3104,-1.1490,0.2701,15.3198,-28.2593,-79.5288,t003,FJTB
2531305126,4299360,2,tobillo,terminal,0.0563,-0.9808,0.2843,7.1411,7.3853,-77.9419,t003,FJTB
2531305129,4299376,2,tobillo,terminal,0.0361,-0.9795,0.2380,9.7656,6.4087,-64.0259,t003,FJTB
2531305129,4299392,2,tobillo,terminal,0.1217,-0.9761,0.2460,9.4604,6.7749,-57.3120,t003,FJTB
2531305193,4299408,2,tobillo,terminal,0.1753,-0.9675,0.2990,9.7046,-0.2441,-43.2129,t003,FJTB
2531305193,4299424,2,tobillo,terminal,0.1517,-0.9987,0.3804,10.9253,-12.5122,-35.8887,t003,FJTB
2531305194,4299440,2,tobillo,terminal,0.0460,-0.9557,0.3167,12.2681,-16.2964,-32.2266,t003,FJTB
2531305194,4299457,2,tobillo,terminal,0.0012,-0.9342,0.2651,17.8833,-12.6343,-25.8179,t003,FJTB
2531305194,4299473,2,tobillo,terminal,-0.0144,-0.9341,0.2017,20.6909,-6.3477,-25.6348,t003,FJTB
2531305254,4299489,2,tobillo,terminal,0.0638,-0.9788,0.2112,22.5220,5.5542,-28.9307,t003,FJTB
2531305254,4299504,2,tobillo,swing,0.1097,-1.0073,0.2291,21.0571,4.7607,-26.3062,t003,FJTB
2531305254,4299520,2,tobillo,swing,0.0862,-1.0103,0.2317,19.4092,0.5493,-23.9868,t003,FJTB
2531305255,4299536,2,tobillo,swing,0.0563,-0.9994,0.2118,15.3198,-2.5635,-23.6206,t003,FJTB
2531305322,4299552,2,tobillo,swing,0.0247,-0.9838,0.1797,13.8550,-0.4272,-24.5972,t003,FJTB
2531305323,4299569,2,tobillo,swing,0.0281,-1.0039,0.1836,10.9863,5.9204,-26.3672,t003,FJTB
2531305323,4299584,2,tobillo,swing,0.0339,-1.0067,0.1934,7.0801,9.9487,-29.3579,t003,FJTB
2531305324,4299600,2,tobillo,swing,0.0508,-0.9921,0.2074,5.1880,10.9253,-31.1890,t003,FJTB
2531305383,4299616,2,tobillo,swing,0.0400,-0.9871,0.2006,3.2349,8.9722,-35.0952,t003,FJTB
2531305384,4299632,2,tobillo,swing,0.0243,-0.9917,0.1974,3.1738,6.4087,-38.9404,t003,FJTB
2531305386,4299648,2,tobillo,swing,0.0026,-1.0071,0.1914,2.5635,6.6528,-41.9311,t003,FJTB
2531305386,4299664,2,tobillo,swing,-0.0016,-1.0098,0.1863,0.0000,8.6060,-49.1333,t003,FJTB
2531305450,4299680,2,tobillo,swing,-0.0149,-1.0010,0.2043,-0.3052,8.5449,-52.3682,t003,FJTB
2531305450,4299696,2,tobillo,swing,-0.0493,-1.0027,0.1918,0.1831,6.0425,-56.6406,t003,FJTB
2531305450,4299712,2,tobillo,swing,-0.0531,-1.0016,0.1819,0.7935,0.9155,-56.3354,t003,FJTB
2531305451,4299729,2,tobillo,swing,-0.0256,-0.9701,0.2222,4.8218,-4.5166,-52.7954,t003,FJTB
2531305509,4299744,2,tobillo,swing,-0.0685,-0.9816,0.2307,4.1504,-6.8359,-39.2456,t003,FJTB
2531305510,4299760,2,tobillo,swing,-0.0598,-0.9791,0.2058,5.2490,-8.7280,-45.2270,t003,FJTB
2531305511,4299777,2,tobillo,swing,-0.0823,-1.0133,0.1982,9.5215,-12.6343,-51.0254,t003,FJTB
2531305512,4299793,2,tobillo,swing,-0.0956,-1.0203,0.2041,10.0098,-16.6016,-58.4717,t003,FJTB
2531305575,4299809,2,tobillo,swing,-0.1039,-1.0415,0.2217,6.8359,-16.2964,-60.8520,t003,FJTB
2531305575,4299825,2,tobillo,swing,-0.1428,-1.0414,0.1941,-2.3193,-15.0757,-68.2373,t003,FJTB
2531305576,4299841,2,tobillo,swing,-0.1573,-1.0380,0.1924,-5.3101,-14.6484,-76.9043,t003,FJTB
2531305576,4299857,2,tobillo,swing,-0.1848,-1.0345,0.1826,-4.1504,-14.3433,-80.9326,t003,FJTB
2531305638,4299874,2,tobillo,swing,-0.2122,-1.0624,0.2124,-4.1504,-10.0098,-87.2192,t003,FJTB
2531305638,4299890,2,tobillo,loading,-0.2108,-1.0604,0.2321,-8.9722,-1.0986,-85.9375,t003,FJTB
2531305639,4299906,2,tobillo,loading,-0.2029,-1.0574,0.2565,-6.1035,0.2441,-87.5854,t003,FJTB
2531305639,4299922,2,tobillo,loading,-0.1705,-1.1862,0.3583,3.7842,-2.5024,-94.4824,t003,FJTB
2531305709,4299938,2,tobillo,loading,-0.1625,-1.2887,0.4027,-1.1597,-1.1597,-103.6987,t003,FJTB
2531305709,4299954,2,tobillo,loading,-0.1100,-1.4624,0.5588,-7.9346,1.6479,-113.0371,t003,FJTB
2531305709,4299970,2,tobillo,loading,-0.0565,-1.5570,0.6769,-25.8179,17.1509,-144.3481,t003,FJTB
2531305710,4299986,2,tobillo,loading,0.1243,-1.7920,0.7659,-35.8276,35.3394,-169.9829,t003,FJTB
2531305770,4300002,2,tobillo,loading,0.4430,-1.9126,0.4324,-53.4668,97.3511,-242.5537,t003,FJTB
2531305771,4300018,2,tobillo,loading,0.6676,-1.8518,0.2220,-51.6357,102.7832,-280.5786,t003,FJTB
2531305773,4300035,2,tobillo,loading,0.3091,-1.5682,0.3721,-47.1191,48.3398,-272.2778,t003,FJTB
2531305773,4300051,2,tobillo,loading,-0.8202,-1.2296,1.0183,-39.7949,-73.3643,-241.0889,t003,FJTB
2531305837,4300067,2,tobillo,loading,-0.8760,-1.1794,0.7957,-10.8032,-11.4746,-207.0312,t003,FJTB
2531305838,4300083,2,tobillo,loading,0.2158,-1.9094,0.4413,-8.2397,28.2593,-209.5947,t003,FJTB
2531305838,4300099,2,tobillo,loading,0.8511,-1.8495,0.1017,-116.3330,47.4243,-160.5835,t003,FJTB
2531305838,4300115,2,tobillo,loading,-0.8193,0.7832,-1.0684,-128.6011,71.6553,-66.2842,t003,FJTB
2531305899,4300131,2,tobillo,loading,-0.2988,-0.5533,0.0740,43.7622,53.5889,-44.9219,t003,FJTB
2531305901,4300147,2,tobillo,loading,0.7344,-0.9951,0.1267,51.9409,105.5908,-17.8223,t003,FJTB
2531305901,4300162,2,tobillo,loading,0.6886,-0.3186,-0.1321,27.8320,119.3237,18.1274,t003,FJTB
2531305902,4300178,2,tobillo,loading,0.1984,-0.3058,-0.0333,32.0435,81.1768,62.0728,t003,FJTB
2531305968,4300194,2,tobillo,loading,0.2468,-0.3556,0.0259,28.5645,56.2134,101.4404,t003,FJTB
2531305969,4300210,2,tobillo,loading,0.3434,-0.3239,0.0819,34.2407,62.0117,129.2725,t003,FJTB
2531305969,4300226,2,tobillo,loading,0.3207,-0.4523,0.1768,52.5513,91.2476,187.4389,t003,FJTB
2531305970,4300242,2,tobillo,loading,0.2593,-0.5317,0.2841,46.8750,104.2480,206.7871,t003,FJTB
2531306030,4300258,2,tobillo,loading,0.2933,-0.6233,0.3291,47.7905,88.9893,220.1538,t003,FJTB
2531306031,4300274,2,tobillo,midstance,0.2312,-0.7761,0.3641,62.7441,38.7573,252.9297,t003,FJTB
2531306031,4300289,2,tobillo,midstance,0.1357,-1.0502,0.3655,62.1948,19.5313,270.8740,t003,FJTB
2531306032,4300305,2,tobillo,midstance,0.0988,-1.1710,0.3230,55.7251,-5.9204,297.0581,t003,FJTB
2531306034,4300321,2,tobillo,midstance,-0.0521,-1.4340,0.2253,54.6265,-15.9912,305.4199,t003,FJTB
2531306101,4300337,2,tobillo,midstance,-0.1497,-1.6747,0.1821,51.7578,-30.0903,315.4907,t003,FJTB
2531306101,4300353,2,tobillo,midstance,-0.2177,-1.7738,0.1746,47.2412,-26.9165,315.4297,t003,FJTB
2531306101,4300369,2,tobillo,midstance,-0.3981,-1.9105,0.1549,46.2646,-15.9302,310.3638,t003,FJTB
2531306102,4300385,2,tobillo,midstance,-0.5310,-1.9648,0.1212,50.6592,18.7378,301.4526,t003,FJTB
2531306166,4300401,2,tobillo,midstance,-0.5433,-1.9419,0.1169,59.0210,64.8804,291.1377,t003,FJTB
2531306167,4300417,2,tobillo,midstance,-0.5383,-1.8242,0.2253,63.2324,91.6138,278.2593,t003,FJTB
2531306167,4300433,2,tobillo,midstance,-0.5311,-1.7373,0.3601,66.5283,148.6206,240.7837,t003,FJTB
2531306167,4300449,2,tobillo,midstance,-0.4143,-1.5463,0.5449,64.1479,172.6074,221.9238,t003,FJTB
2531306232,4300465,2,tobillo,midstance,-0.2687,-1.4351,0.4652,61.3403,185.7300,186.4624,t003,FJTB
2531306233,4300481,2,tobillo,midstance,-0.2571,-1.3781,0.4760,68.4814,163.8183,153.1372,t003,FJTB
2531306233,4300497,2,tobillo,midstance,-0.4598,-1.1659,0.4343,69.2139,158.4473,141.2354,t003,FJTB
2531306233,4300513,2,tobillo,midstance,-0.5397,-1.0221,0.3573,73.4863,149.9023,109.3750,t003,FJTB
2531306293,4300529,2,tobillo,midstance,-0.5538,-0.9146,0.5231,75.5615,139.0991,84.9609,t003,FJTB
2531306294,4300545,2,tobillo,terminal,-0.5315,-0.7820,0.7112,57.3730,98.8159,32.0435,t003,FJTB
2531306294,4300561,2,tobillo,terminal,-0.5239,-0.7637,0.7096,29.7852,29.2358,-5.3101,t003,FJTB
2531306295,4300577,2,tobillo,terminal,-0.5668,-0.8181,0.6123,16.6016,-10.3149,-20.9961,t003,FJTB
2531306365,4300593,2,tobillo,terminal,-0.5626,-0.9293,0.5031,-1.2817,-75.6226,-49.6216,t003,FJTB
2531306365,4300609,2,tobillo,terminal,-0.4803,-1.0026,0.4637,-8.1787,-119.1406,-62.0728,t003,FJTB
2531306365,4300625,2,tobillo,terminal,0.0070,-1.2009,0.2745,-15.9912,-141.6626,-70.4346,t003,FJTB
2531306366,4300641,2,tobillo,terminal,0.8916,-1.3073,0.0359,-27.5879,-167.1753,-112.3657,t003,FJTB
2531306428,4300657,2,tobillo,terminal,2.1693,-0.8916,0.0470,16.0522,-158.4473,-119.7510,t003,FJTB
2531306431,4300673,2,tobillo,terminal,0.5867,-1.3936,0.7708,39.2456,-177.7344,-135.0708,t003,FJTB
2531306432,4300690,2,tobillo,terminal,-0.5161,-1.6377,0.8317,2.2583,-184.7534,-141.1133,t003,FJTB
2531306432,4300706,2,tobillo,terminal,-0.8635,-1.4764,0.7139,-20.3247,-157.5317,-116.0889,t003,FJTB
2531306497,4300722,2,tobillo,terminal,0.4302,-0.7802,0.0908,-40.6494,-74.6460,-92.5903,t003,FJTB
2531306498,4300738,2,tobillo,terminal,0.3271,-0.7849,0.0563,-10.4370,-72.5098,-72.8149,t003,FJTB
2531306498,4300755,2,tobillo,swing,-0.2189,-1.0134,-0.0662,-3.3569,-85.2051,-68.9087,t003,FJTB
2531306499,4300771,2,tobillo,swing,-0.3204,-1.1367,0.0785,-1.2817,-61.8286,-64.5752,t003,FJTB
2531306560,4300787,2,tobillo,swing,-0.1074,-1.0718,0.2096,-11.9019,-7.0801,-66.7114,t003,FJTB
2531306561,4300803,2,tobillo,swing,0.0295,-0.9846,0.1874,-10.3760,0.6104,-61.7676,t003,FJTB
2531306561,4300819,2,tobillo,swing,0.1462,-0.9583,0.1754,-2.5024,-2.3804,-48.2788,t003,FJTB
2531306562,4300836,2,tobillo,swing,0.2148,-0.9650,0.2529,0.5493,-6.1035,-41.7480,t003,FJTB
2531306565,4300852,2,tobillo,swing,0.1819,-1.0339,0.3656,2.6245,-13.1836,-37.9028,t003,FJTB
2531306631,4300867,2,tobillo,swing,0.1106,-1.0273,0.3422,6.5918,-25.3296,-33.7524,t003,FJTB
2531306631,4300883,2,tobillo,swing,0.0387,-0.9484,0.2211,7.5073,-23.9868,-33.4473,t003,FJTB
2531306632,4300899,2,tobillo,swing,0.0724,-0.9393,0.1537,8.2397,-16.7847,-27.8931,t003,FJTB
2531306632,4300915,2,tobillo,swing,0.0687,-0.9716,0.1594,8.1177,-13.6108,-22.6440,t003,FJTB
2531306696,4300931,2,tobillo,swing,0.0791,-1.0103,0.1821,6.8359,-11.4746,-23.9868,t003,FJTB
2531306697,4300947,2,tobillo,swing,0.0873,-0.9994,0.1829,2.4414,-3.9062,-32.1655,t003,FJTB
2531306698,4300963,2,tobillo,swing,0.0530,-0.9681,0.2196,1.2207,3.7842,-33.0811,t003,FJTB
2531306698,4300979,2,tobillo,swing,0.0978,-0.9675,0.2389,2.4414,3.2959,-31.5552,t003,FJTB
2531306761,4300995,2,tobillo,swing,0.1067,-0.9783,0.2311,4.5166,-4.1504,-29.7852,t003,FJTB
2531306762,4301011,2,tobillo,swing,0.0529,-0.9982,0.1947,4.3335,-7.9346,-29.6631,t003,FJTB
2531306762,4301027,2,tobillo,swing,0.0227,-1.0012,0.1619,0.9155,-8.4839,-29.5410,t003,FJTB
2531306763,4301043,2,tobillo,swing,0.0264,-0.9971,0.1606,-2.5635,-0.9155,-30.7007,t003,FJTB
2531306824,4301059,2,tobillo,swing,0.0442,-0.9871,0.1843,-3.4790,2.5635,-31.7993,t003,FJTB
2531306825,4301075,2,tobillo,loading,0.0405,-0.9817,0.1970,-3.5400,4.2114,-33.9355,t003,FJTB
2531306826,4301091,2,tobillo,loading,0.0294,-0.9711,0.2142,-2.6245,2.0752,-34.7290,t003,FJTB
2531306826,4301107,2,tobillo,loading,0.0067,-0.9658,0.2090,-1.5869,0.8545,-34.1187,t003,FJTB
2531306890,4301123,2,tobillo,loading,-0.0016,-0.9691,0.2074,1.9531,-1.4648,-32.8369,t003,FJTB
2531306890,4301139,2,tobillo,loading,-0.0010,-0.9930,0.2057,3.5400,-2.6855,-33.5083,t003,FJTB
2531306891,4301155,2,tobillo,loading,-0.0038,-1.0018,0.2069,6.5918,-4.8218,-37.8418,t003,FJTB
2531306891,4301171,2,tobillo,loading,-0.0204,-1.0209,0.2249,-1.5869,-2.1362,-35.7056,t003,FJTB
2531306954,4301187,2,tobillo,loading,-0.0358,-0.9905,0.1987,-7.8125,0.4272,-34.5459,t003,FJTB
2531306955,4301203,2,tobillo,loading,-0.0281,-0.9878,0.1915,-0.2441,-3.0518,-44.1284,t003,FJTB
2531306955,4301220,2,tobillo,loading,-0.0009,-1.0110,0.2334,5.0049,-10.8643,-53.7109,t003,FJTB
2531307019,4301236,2,tobillo,loading,0.0013,-1.0323,0.2263,0.1221,-13.6108,-54.9316,t003,FJTB
2531307019,4301252,2,tobillo,loading,-0.0099,-1.0500,0.2057,-11.5356,-16.6016,-57.8613,t003,FJTB
2531307020,4301268,2,tobillo,loading,-0.1047,-1.0626,0.2074,-16.3574,-15.3198,-60.1196,t003,FJTB
2531307020,4301284,2,tobillo,loading,-0.1135,-1.0475,0.2462,-20.6909,-12.4512,-72.2046,t003,FJTB
2531307021,4301300,2,tobillo,loading,-0.0955,-1.0551,0.2599,-24.7192,-11.6577,-82.9468,t003,FJTB
2531307082,4301316,2,tobillo,loading,-0.1121,-1.0879,0.2803,-27.3437,-11.7798,-87.5244,t003,FJTB
2531307083,4301332,2,tobillo,loading,-0.1675,-1.0992,0.2847,-30.8228,-10.2539,-96.9849,t003,FJTB
2531307084,4301348,2,tobillo,loading,-0.1665,-1.1056,0.2947,-26.1841,-5.0049,-102.9053,t003,FJTB
2531307148,4301365,2,tobillo,loading,-0.1692,-1.1306,0.3462,-23.1934,-3.1738,-104.1870,t003,FJTB
2531307148,4301381,2,tobillo,loading,-0.1909,-1.1530,0.3677,-15.3198,-0.9155,-108.8257,t003,FJTB
2531307149,4301397,2,tobillo,loading,-0.1039,-1.2706,0.4666,-10.9253,2.3193,-113.7085,t003,FJTB
2531307149,4301413,2,tobillo,loading,0.0148,-1.5206,0.6260,-10.4370,6.4697,-123.4131,t003,FJTB
2531307149,4301429,2,tobillo,loading,0.0702,-1.6794,0.6700,-29.2969,-0.1831,-155.2734,t003,FJTB
2531307209,4301445,2,tobillo,loading,0.2476,-1.7688,0.7092,-46.9360,0.3052,-183.7158,t003,FJTB
2531307209,4301461,2,tobillo,midstance,0.5435,-1.7125,0.4885,-77.8809,24.7192,-243.7744,t003,FJTB
2531307210,4301477,2,tobillo,midstance,0.6257,-1.5808,0.3276,-74.8901,37.5366,-250.9155,t003,FJTB
2531307210,4301493,2,tobillo,midstance,0.2137,-1.1737,0.3074,-69.8853,5.9814,-244.5068,t003,FJTB
2531307279,4301509,2,tobillo,midstance,-0.3059,-1.2085,0.4052,-39.6729,-94.1162,-241.9433,t003,FJTB
2531307279,4301525,2,tobillo,midstance,-0.7012,-1.4490,0.5300,-31.0059,-118.7744,-234.8633,t003,FJTB
2531307280,4301541,2,tobillo,midstance,-0.3525,-1.1913,0.1530,-25.5737,-71.4722,-192.9931,t003,FJTB
2531307280,4301557,2,tobillo,midstance,0.1283,-1.4905,0.3007,-29.1748,-2.8076,-167.1142,t003,FJTB
2531307343,4301573,2,tobillo,midstance,0.3552,0.0802,-0.4502,-85.9375,15.1367,-146.7285,t003,FJTB
2531307344,4301589,2,tobillo,midstance,-0.8472,-0.0264,-0.3325,7.2021,74.0967,13.3057,t003,FJTB
2531307344,4301605,2,tobillo,midstance,0.3070,-1.0966,-0.0735,97.5952,96.0083,-1.7090,t003,FJTB
2531307344,4301621,2,tobillo,midstance,1.0165,-0.8535,-0.1299,50.5371,118.5913,12.4512,t003,FJTB
2531307408,4301637,2,tobillo,midstance,0.5402,-0.3940,-0.1438,3.6621,107.3608,42.9077,t003,FJTB
2531307409,4301653,2,tobillo,midstance,0.4164,-0.3690,-0.0521,20.9351,91.9800,64.6973,t003,FJTB
2531307409,4301669,2,tobillo,midstance,0.3855,-0.5033,0.0920,50.1709,73.6694,121.5210,t003,FJTB
2531307410,4301685,2,tobillo,midstance,0.3004,-0.5856,0.1902,68.1152,99.2432,178.0395,t003,FJTB
2531307470,4301701,2,tobillo,midstance,0.3340,-0.7161,0.3401,68.9087,114.6240,199.5849,t003,FJTB
2531307471,4301716,2,tobillo,terminal,0.3813,-0.7390,0.3829,66.9556,111.8164,225.5859,t003,FJTB
2531307471,4301732,2,tobillo,terminal,0.3347,-0.8890,0.4231,76.4160,75.1343,251.3428,t003,FJTB
2531307471,4301748,2,tobillo,terminal,0.2086,-1.1434,0.4181,80.5664,55.4810,266.9067,t003,FJTB
2531307477,4301764,2,tobillo,terminal,0.1670,-1.2684,0.4070,83.6792,25.7568,297.4243,t003,FJTB
2531307542,4301780,2,tobillo,terminal,0.0690,-1.4830,0.3834,83.0078,16.4185,310.1807,t003,FJTB
2531307542,4301796,2,tobillo,terminal,-0.0518,-1.6968,0.3976,79.5898,7.5684,328.9795,t003,FJTB
2531307542,4301812,2,tobillo,terminal,-0.1006,-1.7979,0.4091,72.9370,13.0615,333.7402,t003,FJTB
2531307543,4301827,2,tobillo,terminal,-0.2761,-1.9346,0.4133,70.1294,17.9443,331.2988,t003,FJTB
2531307606,4301844,2,tobillo,terminal,-0.4059,-1.9597,0.4103,69.0918,30.0293,327.5757,t003,FJTB
2531307608,4301860,2,tobillo,terminal,-0.5664,-1.9296,0.3723,70.0073,40.0391,325.9277,t003,FJTB
2531307609,4301876,2,tobillo,terminal,-0.6246,-1.8634,0.4091,72.8149,67.0776,306.2134,t003,FJTB
2531307609,4301892,2,tobillo,terminal,-0.6718,-1.8032,0.4817,70.6787,95.3979,265.9912,t003,FJTB
2531307675,4301907,2,tobillo,terminal,-0.7395,-1.6390,0.5681,66.5283,105.8960,242.8589,t003,FJTB
2531307675,4301923,2,tobillo,terminal,-0.7909,-1.5559,0.5214,56.3354,109.8633,194.5801,t003,FJTB
2531307676,4301939,2,tobillo,terminal,-0.9713,-1.3086,0.2986,51.2085,105.4687,168.9453,t003,FJTB
2531307676,4301955,2,tobillo,terminal,-1.0980,-1.0367,0.2572,47.7905,96.9849,114.0137,t003,FJTB
2531307737,4301971,2,tobillo,terminal,-1.1157,-0.9424,0.3263,45.1660,87.9517,55.8472,t003,FJTB
2531307740,4301987,2,tobillo,terminal,-0.9214,-0.8761,0.4891,37.9028,73.9136,27.0386,t003,FJTB
2531307740,4302003,2,tobillo,terminal,-0.7441,-0.9009,0.5228,11.3525,13.9160,-18.1885,t003,FJTB
2531307741,4302019,2,tobillo,terminal,-0.7122,-0.9225,0.4961,-7.5073,-63.0493,-46.9360,t003,FJTB
2531307805,4302035,2,tobillo,terminal,-0.4293,-1.2135,0.4481,-9.2773,-93.2617,-57.0679,t003,FJTB
2531307805,4302052,2,tobillo,terminal,-0.2637,-1.2681,0.4912,-24.5972,-148.6206,-92.4683,t003,FJTB
2531307805,4302068,2,tobillo,terminal,1.0778,-1.1217,1.2897,-20.5078,-204.7729,-152.2217,t003,FJTB
2531307806,4302084,2,tobillo,terminal,2.7373,-1.6796,1.1062,-13.1226,-228.4546,-161.9873,t003,FJTB
2531307847,4302100,2,tobillo,terminal,-0.1036,-1.7289,0.2001,-7.2021,-204.3457,-58.8379,t003,FJTB
2531307865,4302116,2,tobillo,terminal,-2.0203,-1.3158,-0.1179,-21.2402,-134.6436,-41.3818,t003,FJTB
2531307867,4302133,2,tobillo,terminal,1.1328,-0.4102,0.2299,-55.9082,-46.1426,-136.9629,t003,FJTB
2531307868,4302149,2,tobillo,terminal,0.2566,-0.7954,0.3455,41.6260,-109.9243,-75.1343,t003,FJTB
2531307933,4302165,2,tobillo,terminal,-0.7932,-1.3346,0.1907,38.2690,-81.4819,-73.4863,t003,FJTB
2531307934,4302181,2,tobillo,terminal,-0.0586,-1.0416,0.1184,2.5635,-3.3569,-93.8110,t003,FJTB
2531307934,4302197,2,tobillo,terminal,-0.0630,-1.0463,0.2087,10.8643,9.8267,-74.1577,t003,FJTB
2531307934,4302213,2,tobillo,terminal,0.3325,-0.9755,0.1960,8.3008,12.2681,-69.5190,t003,FJTB
2531307997,4302229,2,tobillo,terminal,0.3143,-0.9596,0.2183,4.1504,-1.0376,-50.9644,t003,FJTB
2531307998,4302245,2,tobillo,terminal,0.1490,-0.9657,0.2698,3.2349,-7.0801,-45.9595,t003,FJTB
2531307998,4302261,2,tobillo,terminal,0.2479,-0.9857,0.2751,5.4932,-15.4419,-40.5273,t003,FJTB
2531307999,4302277,2,tobillo,terminal,0.1862,-0.9609,0.2595,8.3618,-25.2075,-33.3252,t003,FJTB
2531308066,4302293,2,tobillo,terminal,0.0332,-0.9584,0.2396,9.3994,-25.3906,-31.3110,t003,FJTB
2531308067,4302309,2,tobillo,terminal,0.0546,-0.9762,0.2208,8.3618,-18.2495,-29.2969,t003,FJTB
2531308067,4302325,2,tobillo,terminal,0.0548,-0.9788,0.2325,5.1880,-9.6436,-30.8228,t003,FJTB
2531308068,4302341,2,tobillo,terminal,0.0469,-0.9629,0.2887,5.0659,-5.7983,-32.9590,t003,FJTB
2531308132,4302357,2,tobillo,terminal,0.0577,-0.9589,0.2928,7.5684,-1.7700,-37.2925,t003,FJTB
2531308132,4302373,2,tobillo,terminal,0.1093,-0.9789,0.2771,8.9722,-2.5635,-38.3301,t003,FJTB
2531308133,4302389,2,tobillo,swing,0.0797,-0.9961,0.2456,7.6904,-5.0659,-38.7573,t003,FJTB
2531308134,4302405,2,tobillo,swing,0.0601,-0.9967,0.2327,2.0752,-2.6855,-40.5884,t003,FJTB
2531308135,4302421,2,tobillo,swing,0.0575,-0.9899,0.2209,-1.0986,-0.8545,-41.4429,t003,FJTB
2531308202,4302437,2,tobillo,swing,0.0593,-0.9902,0.2261,-7.9956,0.1831,-40.7715,t003,FJTB
2531308203,4302453,2,tobillo,swing,0.0247,-0.9904,0.2384,-14.1602,-0.9155,-39.7949,t003,FJTB
2531308203,4302469,2,tobillo,swing,0.0000,-0.9850,0.2502,-15.9302,-1.1597,-40.7104,t003,FJTB
2531308204,4302485,2,tobillo,swing,0.0103,-0.9850,0.2539,-15.6860,-3.4180,-45.5933,t003,FJTB
2531308265,4302501,2,tobillo,swing,-0.0145,-0.9891,0.2455,-14.7095,-4.7607,-48.0957,t003,FJTB
2531308266,4302517,2,tobillo,swing,-0.0393,-0.9568,0.2504,-13.3667,-7.0801,-50.7202,t003,FJTB
2531308268,4302533,2,tobillo,swing,-0.0382,-0.9415,0.2638,-10.5591,-7.5073,-47.7905,t003,FJTB
2531308269,4302549,2,tobillo,swing,-0.0728,-0.9718,0.2721,-14.5264,-4.7607,-43.6401,t003,FJTB
2531308333,4302565,2,tobillo,swing,-0.0488,-0.9276,0.2584,4.3945,-11.8408,-50.4761,t003,FJTB
2531308334,4302582,2,tobillo,swing,-0.0422,-0.9919,0.2814,14.2212,-16.7847,-50.1709,t003,FJTB
2531308334,4302598,2,tobillo,swing,-0.0597,-0.9979,0.2706,1.1597,-15.0757,-45.3491,t003,FJTB
2531308383,4302614,2,tobillo,swing,-0.0714,-0.9766,0.2645,-15.1978,-13.5498,-38.4521,t003,FJTB
2531308397,4302630,2,tobillo,swing,-0.0845,-0.9802,0.2737,-13.5498,-14.6484,-40.5884,t003,FJTB
2531308397,4302646,2,tobillo,swing,-0.0807,-1.0371,0.2727,-11.4746,-15.6250,-43.9453,t003,FJTB
2531308398,4302662,2,tobillo,swing,-0.0867,-1.0525,0.2760,-12.7563,-17.4561,-52.6733,t003,FJTB
2531308461,4302678,2,tobillo,swing,-0.1309,-1.0475,0.2610,-14.6484,-17.8833,-58.2886,t003,FJTB
2531308462,4302694,2,tobillo,swing,-0.1564,-1.0068,0.2457,-16.6626,-17.8833,-69.0308,t003,FJTB
2531308462,4302710,2,tobillo,swing,-0.1653,-0.9935,0.2390,-16.0522,-17.7002,-73.3643,t003,FJTB
2531308463,4302727,2,tobillo,swing,-0.2096,-1.0081,0.2667,-15.4419,-17.0898,-74.4019,t003,FJTB
2531308522,4302743,2,tobillo,swing,-0.1978,-1.0328,0.3210,-14.2212,-14.1602,-78.7354,t003,FJTB
2531308523,4302759,2,tobillo,loading,-0.2017,-1.0676,0.3499,-11.8408,-11.1084,-83.9233,t003,FJTB
2531308523,4302775,2,tobillo,loading,-0.1995,-1.1699,0.3617,-11.3525,-8.3008,-87.8906,t003,FJTB
2531308524,4302792,2,tobillo,loading,-0.1848,-1.2316,0.3855,-10.9253,0.0610,-98.5107,t003,FJTB
2531308524,4302808,2,tobillo,loading,-0.0916,-1.3966,0.4791,-12.7563,4.6997,-114.1968,t003,FJTB
2531308593,4302824,2,tobillo,loading,0.0007,-1.6202,0.5677,-18.0054,2.1362,-127.6245,t003,FJTB
2531308593,4302840,2,tobillo,loading,0.0608,-1.6965,0.5613,-39.4287,-10.8032,-170.7764,t003,FJTB
2531308593,4302856,2,tobillo,loading,0.2974,-1.6759,0.5111,-48.8281,-18.9819,-193.3594,t003,FJTB
2531308594,4302872,2,tobillo,loading,0.1877,-1.6270,0.5292,-53.7109,-22.2168,-225.4028,t003,FJTB
2531308656,4302888,2,tobillo,midstance,0.0896,-1.4995,0.4608,-42.2974,5.4932,-220.8252,t003,FJTB
2531308657,4302904,2,tobillo,midstance,-0.4106,-1.0449,0.4725,-38.3301,-3.2959,-215.5762,t003,FJTB
2531308658,4302920,2,tobillo,midstance,-0.9023,-1.1746,0.2542,-4.3945,-47.1191,-209.1064,t003,FJTB
2531308659,4302936,2,tobillo,midstance,-0.4409,-1.3021,0.1986,13.5498,-1.9531,-164.7339,t003,FJTB
2531308723,4302953,2,tobillo,midstance,0.2959,-0.8936,0.1664,-12.7563,26.0620,-153.1372,t003,FJTB
2531308724,4302969,2,tobillo,midstance,0.3087,-0.5824,0.0862,-43.6401,31.3721,-135.1929,t003,FJTB
2531308724,4302985,2,tobillo,midstance,-0.5203,-0.1008,-0.1842,-33.0200,32.2266,-103.5767,t003,FJTB
2531308724,4303001,2,tobillo,midstance,0.4109,-0.6097,-0.1179,29.2969,48.2178,-25.8789,t003,FJTB
2531308784,4303017,2,tobillo,midstance,0.6547,-0.4991,-0.0107,12.8174,55.2368,11.9019,t003,FJTB
2531308786,4303033,2,tobillo,midstance,0.3733,-0.2802,0.1144,15.2588,45.4712,27.6489,t003,FJTB
2531308787,4303048,2,tobillo,midstance,0.1666,-0.2867,0.0702,30.4565,39.7949,79.1626,t003,FJTB
2531308787,4303064,2,tobillo,midstance,0.1611,-0.3257,0.0695,38.3301,53.2227,122.6807,t003,FJTB
2531308852,4303080,2,tobillo,midstance,0.3044,-0.4485,0.1921,42.1753,67.4438,140.0757,t003,FJTB
2531308853,4303096,2,tobillo,midstance,0.3220,-0.5084,0.2585,43.7012,97.4121,180.0537,t003,FJTB
2531308853,4303112,2,tobillo,midstance,0.2032,-0.6012,0.3093,42.5415,102.2339,195.5566,t003,FJTB
2531308854,4303127,2,tobillo,midstance,0.2064,-0.7855,0.3353,47.2412,91.3086,221.6797,t003,FJTB
2531308914,4303143,2,tobillo,midstance,0.2299,-0.8872,0.3607,48.7671,63.4766,252.5635,t003,FJTB
2531308915,4303159,2,tobillo,terminal,0.1632,-1.0892,0.3905,51.9409,47.7905,265.8691,t003,FJTB
2531308915,4303175,2,tobillo,terminal,0.0905,-1.2218,0.3719,63.5986,21.8506,285.5835,t003,FJTB
2531308916,4303191,2,tobillo,terminal,-0.0284,-1.4827,0.3164,66.9556,12.2681,294.8608,t003,FJTB
2531308919,4303207,2,tobillo,terminal,-0.1406,-1.7054,0.3168,67.3828,1.2817,308.9600,t003,FJTB
2531308986,4303222,2,tobillo,terminal,-0.2086,-1.7725,0.3318,65.9180,7.0190,301.7578,t003,FJTB
2531308987,4303238,2,tobillo,terminal,-0.3265,-1.8523,0.3342,67.1997,16.6626,292.2974,t003,FJTB
2531308987,4303254,2,tobillo,terminal,-0.3718,-1.8817,0.3312,75.0122,42.3584,273.5596,t003,FJTB
2531308987,4303270,2,tobillo,terminal,-0.3627,-1.8718,0.4093,77.8809,59.6313,261.0474,t003,FJTB
2531309049,4303286,2,tobillo,terminal,-0.2715,-1.7545,0.5609,79.3457,103.5767,224.4873,t003,FJTB
2531309050,4303301,2,tobillo,terminal,-0.3270,-1.6854,0.5869,75.6836,123.1079,185.7300,t003,FJTB
2531309050,4303318,2,tobillo,terminal,-0.6351,-1.4398,0.4890,72.6318,118.8354,176.9409,t003,FJTB
2531309052,4303333,2,tobillo,terminal,-0.5170,-1.3335,0.4041,64.3311,115.5395,175.0488,t003,FJTB
2531309116,4303349,2,tobillo,terminal,-0.0912,-1.2532,0.3510,62.4390,113.4033,167.8467,t003,FJTB
2531309117,4303365,2,tobillo,terminal,-0.3092,-1.0463,0.4102,61.3403,101.3794,135.8643,t003,FJTB
2531309118,4303381,2,tobillo,terminal,-0.3698,-0.9227,0.4392,57.6782,92.8345,106.3232,t003,FJTB
2531309118,4303397,2,tobillo,terminal,-0.2714,-0.8577,0.5120,54.4434,86.4258,93.4448,t003,FJTB
2531309177,4303413,2,tobillo,terminal,-0.2480,-0.8657,0.5233,39.3677,63.0493,64.0259,t003,FJTB
2531309180,4303429,2,tobillo,terminal,-0.2529,-0.8479,0.4637,19.7754,25.7568,38.5132,t003,FJTB
2531309180,4303445,2,tobillo,terminal,-0.2566,-0.8069,0.3518,11.5967,5.3101,28.8086,t003,FJTB
2531309181,4303461,2,tobillo,terminal,-0.2942,-0.8152,0.3104,2.5024,-33.3252,7.3853,t003,FJTB
2531309245,4303477,2,tobillo,terminal,-0.3193,-0.8422,0.3123,-0.4883,-50.3540,-4.3335,t003,FJTB
2531309246,4303493,2,tobillo,terminal,-0.2360,-0.8920,0.3610,-8.7280,-79.5898,-28.0762,t003,FJTB
2531309246,4303509,2,tobillo,terminal,-0.2537,-0.9198,0.3695,-21.1182,-100.1587,-48.6450,t003,FJTB
2531309306,4303525,2,tobillo,terminal,-0.1748,-0.9757,0.3488,-17.1509,-114.8071,-54.7485,t003,FJTB
2531309307,4303542,2,tobillo,swing,-0.0057,-1.0767,0.2646,-6.1035,-148.5596,-52.6733,t003,FJTB
2531309307,4303558,2,tobillo,swing,0.4865,-1.2032,0.0577,-11.5967,-145.6299,-105.9570,t003,FJTB
2531309308,4303574,2,tobillo,swing,1.9340,-0.9791,-0.2639,-16.7236,-110.5957,-118.1030,t003,FJTB
2531309308,4303590,2,tobillo,swing,1.7201,-0.7844,0.0894,28.7476,-89.5386,-109.0088,t003,FJTB
2531309375,4303606,2,tobillo,swing,-0.0670,-1.5642,1.0000,47.1191,-103.0884,-115.9058,t003,FJTB
2531309375,4303622,2,tobillo,swing,-0.8392,-1.6772,0.4183,-8.7280,-103.2104,-110.7788,t003,FJTB
2531309376,4303638,2,tobillo,swing,-0.1178,-1.2914,0.2263,-40.4053,-63.3545,-93.4448,t003,FJTB
2531309376,4303654,2,tobillo,swing,0.5021,-0.6086,0.2271,-29.0527,-59.8144,-80.1392,t003,FJTB
2531309438,4303670,2,tobillo,swing,-0.3016,-0.9752,0.1039,13.3057,-74.7681,-63.9038,t003,FJTB
2531309439,4303686,2,tobillo,swing,-0.3881,-1.1152,0.1021,15.0757,-47.4243,-65.6738,t003,FJTB
2531309440,4303702,2,tobillo,swing,0.0198,-1.0767,0.1788,7.6294,-28.2593,-63.4155,t003,FJTB
2531309441,4303718,2,tobillo,swing,0.0437,-1.0447,0.2053,4.2725,-14.0381,-49.7436,t003,FJTB
2531309505,4303734,2,tobillo,swing,0.0731,-0.9749,0.1680,3.5400,-8.6670,-38.9404,t003,FJTB
2531309506,4303750,2,tobillo,swing,0.1969,-0.9475,0.1989,4.5166,-7.9956,-33.6914,t003,FJTB
2531309506,4303766,2,tobillo,swing,0.2020,-0.9896,0.2394,6.2256,-14.2212,-26.6724,t003,FJTB
2531309507,4303782,2,tobillo,swing,0.1389,-1.0250,0.2650,6.4697,-18.7988,-24.5972,t003,FJTB
2531309550,4303798,2,tobillo,swing,0.1401,-0.9501,0.2051,6.1035,-22.3999,-20.6909,t003,FJTB
2531309568,4303814,2,tobillo,swing,0.1202,-0.9465,0.1857,4.7607,-22.1558,-16.2964,t003,FJTB
2531309570,4303830,2,tobillo,swing,0.0729,-0.9760,0.1902,2.5635,-21.1792,-15.0757,t003,FJTB
2531309571,4303846,2,tobillo,swing,0.0842,-0.9744,0.1962,-1.5869,-14.7705,-14.7705,t003,FJTB
2531309616,4303863,2,tobillo,swing,0.0751,-0.9816,0.2223,-3.2349,-6.2866,-18.2495,t003,FJTB
2531309635,4303879,2,tobillo,swing,0.0721,-0.9702,0.2500,-3.2349,-3.6011,-19.9585,t003,FJTB
2531309636,4303895,2,tobillo,swing,0.0924,-0.9697,0.2521,0.3662,-3.4180,-21.3013,t003,FJTB
2531309636,4303910,2,tobillo,swing,0.1477,-0.9717,0.2297,2.2583,-4.5776,-22.5220,t003,FJTB
2531309697,4303926,2,tobillo,swing,0.1307,-0.9658,0.2046,3.0518,-7.2632,-25.6958,t003,FJTB
2531309697,4303942,2,tobillo,loading,0.0992,-0.9753,0.2019,2.3804,-8.9111,-26.5503,t003,FJTB
2531309698,4303959,2,tobillo,loading,0.0580,-0.9893,0.1896,1.5869,-8.6060,-27.8931,t003,FJTB
2531309698,4303974,2,tobillo,loading,0.0511,-0.9916,0.1794,-0.9766,-5.0659,-30.8838,t003,FJTB
2531309740,4303991,2,tobillo,loading,0.0547,-0.9911,0.1775,-2.5024,-2.1362,-32.4097,t003,FJTB
2531309766,4304007,2,tobillo,loading,0.0907,-0.9915,0.1929,-5.3711,1.3428,-36.2549,t003,FJTB
2531309766,4304023,2,tobillo,loading,0.0664,-0.9858,0.2025,-6.4697,1.2817,-39.0015,t003,FJTB
2531309766,4304039,2,tobillo,loading,0.0105,-0.9622,0.2477,-6.2256,0.9155,-38.8794,t003,FJTB
2531309768,4304055,2,tobillo,loading,0.0304,-0.9626,0.2554,-4.0283,0.1221,-36.6821,t003,FJTB
2531309826,4304071,2,tobillo,loading,0.0304,-0.9777,0.2443,-0.7324,-0.9766,-36.2549,t003,FJTB
2531309827,4304087,2,tobillo,loading,-0.0079,-0.9794,0.2384,0.0610,-1.3428,-36.9263,t003,FJTB
2531309828,4304103,2,tobillo,loading,-0.0099,-0.9794,0.2355,1.0376,-1.5259,-37.7808,t003,FJTB
2531309874,4304119,2,tobillo,loading,-0.0033,-1.0037,0.2260,1.3428,-1.7700,-38.5132,t003,FJTB
2531309893,4304135,2,tobillo,loading,-0.0109,-0.9994,0.2306,-0.3662,-3.4790,-41.3208,t003,FJTB
2531309893,4304151,2,tobillo,loading,-0.0157,-0.9977,0.2345,-4.2725,-5.4321,-42.9687,t003,FJTB
2531309894,4304167,2,tobillo,loading,-0.0077,-1.0024,0.2394,-6.5308,-6.5308,-43.3350,t003,FJTB
2531309953,4304183,2,tobillo,loading,0.0073,-1.0114,0.2617,-12.1460,-10.3149,-45.5322,t003,FJTB
2531309955,4304199,2,tobillo,loading,-0.0013,-1.0148,0.2429,-19.5313,-15.2588,-48.4619,t003,FJTB
2531309956,4304216,2,tobillo,loading,-0.0939,-1.0367,0.2285,-23.4985,-15.9912,-49.8657,t003,FJTB
2531309956,4304232,2,tobillo,loading,-0.1320,-1.0109,0.2562,-28.8696,-14.0381,-56.9458,t003,FJTB
2531310019,4304248,2,tobillo,loading,-0.1340,-1.0052,0.2671,-29.6631,-10.1929,-64.2090,t003,FJTB
2531310020,4304265,2,tobillo,loading,-0.1086,-1.0288,0.2849,-29.4800,-10.3149,-66.8335,t003,FJTB
2531310020,4304281,2,tobillo,loading,-0.1342,-1.0452,0.2910,-29.4189,-12.7563,-71.9604,t003,FJTB
2531310021,4304297,2,tobillo,loading,-0.1387,-1.0455,0.3021,-28.3203,-14.5874,-76.0498,t003,FJTB
2531310081,4304313,2,tobillo,loading,-0.1560,-1.0752,0.2935,-26.6724,-14.7095,-77.1484,t003,FJTB
2531310081,4304329,2,tobillo,midstance,-0.1735,-1.1135,0.2932,-23.2544,-11.5356,-79.7729,t003,FJTB
2531310082,4304345,2,tobillo,midstance,-0.1514,-1.2102,0.3077,-21.7895,-8.7891,-82.7637,t003,FJTB
2531310082,4304361,2,tobillo,midstance,-0.0731,-1.2952,0.4031,-20.1416,-3.9062,-91.9189,t003,FJTB
2531310149,4304377,2,tobillo,midstance,-0.0145,-1.3595,0.4515,-22.8882,-9.9487,-107.4829,t003,FJTB
2531310150,4304394,2,tobillo,midstance,0.0630,-1.4774,0.4954,-27.4658,-19.2871,-117.8589,t003,FJTB
2531310150,4304410,2,tobillo,midstance,0.0963,-1.6012,0.5432,-39.4897,-35.8887,-148.1323,t003,FJTB
2531310151,4304426,2,tobillo,midstance,0.1600,-1.6388,0.5343,-49.1943,-40.1001,-193.1763,t003,FJTB
2531310211,4304442,2,tobillo,midstance,0.2637,-1.6879,0.4799,-53.7109,-36.0107,-216.0644,t003,FJTB
2531310213,4304458,2,tobillo,midstance,0.2173,-1.6770,0.4404,-54.8706,7.5073,-228.6377,t003,FJTB
2531310214,4304474,2,tobillo,midstance,-0.0197,-1.3872,0.3190,-59.8755,30.2734,-230.0415,t003,FJTB
2531310214,4304490,2,tobillo,midstance,-0.5120,-1.3846,0.2948,-63.2935,12.6343,-260.4370,t003,FJTB
2531310271,4304506,2,tobillo,midstance,-0.5614,-1.4570,0.3733,-46.3257,-19.4092,-261.9629,t003,FJTB
2531310278,4304522,2,tobillo,midstance,-0.0194,-1.2042,0.1864,-48.6450,-19.8975,-249.2065,t003,FJTB
2531310279,4304539,2,tobillo,midstance,0.2871,-1.0540,0.1262,-10.2539,30.4565,-183.2275,t003,FJTB
2531310279,4304555,2,tobillo,midstance,0.3528,-1.0475,0.3193,23.8647,59.6313,-163.8794,t003,FJTB
2531310338,4304570,2,tobillo,midstance,-0.4620,0.3900,-0.1958,-6.5308,72.9980,-104.5532,t003,FJTB
2531310339,4304587,2,tobillo,midstance,0.1886,-0.7745,-0.1396,38.6353,62.4390,7.2021,t003,FJTB
2531310341,4304603,2,tobillo,midstance,0.9219,-0.8351,-0.1138,49.1943,78.7354,29.7852,t003,FJTB
2531310341,4304619,2,tobillo,midstance,0.7765,-0.2528,0.0133,51.5137,69.5801,50.4761,t003,FJTB
2531310404,4304634,2,tobillo,midstance,0.5748,-0.2535,0.1016,76.9653,32.4097,105.6518,t003,FJTB
2531310405,4304650,2,tobillo,midstance,0.4541,-0.3865,0.2280,82.8247,22.3389,135.9863,t003,FJTB
2531310405,4304666,2,tobillo,midstance,0.3462,-0.5049,0.3590,91.6748,33.8745,190.7959,t003,FJTB
2531310406,4304682,2,tobillo,midstance,0.3610,-0.5792,0.4058,92.1631,54.5044,226.5625,t003,FJTB
2531310465,4304697,2,tobillo,midstance,0.3226,-0.7700,0.4633,92.6514,54.0771,238.6474,t003,FJTB
2531310468,4304713,2,tobillo,midstance,0.2711,-0.8925,0.4866,95.0317,43.5181,268.9209,t003,FJTB
2531310468,4304729,2,tobillo,midstance,0.2593,-1.1045,0.5063,92.1020,36.8652,283.4473,t003,FJTB
2531310468,4304745,2,tobillo,midstance,0.1187,-1.2809,0.5118,85.5713,25.3906,304.7485,t003,FJTB
2531310531,4304761,2,tobillo,midstance,0.0139,-1.3745,0.5201,80.3833,29.4189,316.8335,t003,FJTB
2531310531,4304776,2,tobillo,midstance,-0.0959,-1.5791,0.5271,77.4536,36.6211,319.8853,t003,FJTB
2531310532,4304792,2,tobillo,midstance,-0.1255,-1.7065,0.5242,73.8525,51.9409,322.2046,t003,FJTB
2531310532,4304808,2,tobillo,midstance,-0.2225,-1.8971,0.5197,69.8853,61.3403,320.4956,t003,FJTB
2531310591,4304824,2,tobillo,terminal,-0.2640,-1.8745,0.4575,61.9507,83.6182,308.8379,t003,FJTB
2531310592,4304840,2,tobillo,terminal,-0.2987,-1.9012,0.4556,61.3403,100.5249,293.6401,t003,FJTB
2531310592,4304856,2,tobillo,terminal,-0.3658,-1.8368,0.5225,59.2041,107.8491,285.4004,t003,FJTB
2531310592,4304872,2,tobillo,terminal,-0.3784,-1.7582,0.5648,64.0259,114.8071,265.9302,t003,FJTB
2531310659,4304888,2,tobillo,terminal,-0.4097,-1.6284,0.5856,64.2700,110.4126,237.3047,t003,FJTB
2531310659,4304904,2,tobillo,terminal,-0.5011,-1.4985,0.4762,61.1572,103.1494,219.0552,t003,FJTB
2531310660,4304920,2,tobillo,terminal,-0.6316,-1.4048,0.4369,54.1992,86.9141,178.5278,t003,FJTB
2531310660,4304936,2,tobillo,terminal,-0.8650,-1.1073,0.4089,50.5371,81.2988,156.6162,t003,FJTB
2531310719,4304952,2,tobillo,terminal,-0.9329,-0.9274,0.4662,45.4712,64.6362,107.4219,t003,FJTB
2531310721,4304968,2,tobillo,terminal,-0.9152,-0.9399,0.4911,32.4097,26.7944,45.2270,t003,FJTB
2531310722,4304984,2,tobillo,terminal,-0.9318,-0.9021,0.4905,20.5688,1.5869,13.6108,t003,FJTB
2531310722,4304999,2,tobillo,terminal,-0.9200,-0.8596,0.4825,-1.4038,-52.0019,-40.0391,t003,FJTB
2531310785,4305016,2,tobillo,terminal,-0.7025,-0.9515,0.4518,-8.9111,-78.1860,-61.4014,t003,FJTB
2531310786,4305032,2,tobillo,terminal,-0.5315,-1.0981,0.3362,-17.5781,-121.5820,-92.4072,t003,FJTB
2531310786,4305048,2,tobillo,terminal,-0.4452,-1.1453,0.2755,-25.5737,-139.3433,-109.1919,t003,FJTB
2531310786,4305064,2,tobillo,terminal,0.7977,-1.2933,0.0199,-33.0200,-145.2026,-137.2070,t003,FJTB
2531310846,4305081,2,tobillo,terminal,2.4808,-0.7351,0.1046,-28.6865,-113.4033,-172.9126,t003,FJTB
2531310847,4305097,2,tobillo,terminal,2.1954,-0.9125,0.7373,32.4097,-134.7656,-172.4243,t003,FJTB
2531310848,4305113,2,tobillo,terminal,-0.7172,-1.6873,0.9843,22.9492,-182.5561,-160.4614,t003,FJTB
2531310903,4305129,2,tobillo,terminal,-1.5175,-1.7738,0.4441,-21.1182,-198.2422,-97.6562,t003,FJTB
2531310911,4305145,2,tobillo,terminal,0.0643,-0.9729,-0.0431,-49.1333,-125.5493,-74.3408,t003,FJTB
2531310912,4305161,2,tobillo,swing,-0.8125,-1.0549,0.1678,-10.2539,-129.0894,-52.9785,t003,FJTB
2531310912,4305178,2,tobillo,swing,-0.8685,-1.3848,0.3317,27.3437,-81.7261,-61.3403,t003,FJTB
2531310913,4305194,2,tobillo,swing,0.2024,-0.9108,0.2559,6.6528,-45.5322,-65.4907,t003,FJTB
2531310972,4305209,2,tobillo,swing,-0.1952,-0.9208,0.1952,6.7749,-28.4424,-54.0771,t003,FJTB
2531310972,4305225,2,tobillo,swing,-0.1147,-1.0143,0.2084,4.5776,-1.8311,-51.7578,t003,FJTB
2531310973,4305241,2,tobillo,swing,0.1544,-1.0022,0.1835,-0.9155,7.2021,-49.8047,t003,FJTB
2531310973,4305258,2,tobillo,swing,0.2269,-0.9845,0.2477,-6.7749,1.5259,-50.4761,t003,FJTB
2531311041,4305273,2,tobillo,swing,0.2308,-0.9718,0.3063,-8.5449,-20.5688,-36.9263,t003,FJTB
2531311042,4305290,2,tobillo,swing,0.0408,-0.9949,0.3452,-7.1411,-30.3955,-27.1606,t003,FJTB
2531311042,4305306,2,tobillo,swing,-0.0798,-1.0088,0.3555,-6.1646,-27.8320,-20.8740,t003,FJTB
2531311043,4305322,2,tobillo,swing,0.0002,-0.9211,0.3062,-6.5308,-18.9209,-24.3530,t003,FJTB
2531311106,4305338,2,tobillo,swing,0.0682,-0.9242,0.2849,1.4038,-9.0942,-30.5176,t003,FJTB
2531311107,4305354,2,tobillo,swing,0.0792,-0.9401,0.2887,8.5449,-9.5825,-31.1279,t003,FJTB
2531311107,4305370,2,tobillo,swing,0.0665,-0.9702,0.3066,9.9487,-11.4746,-29.2358,t003,FJTB
2531311107,4305386,2,tobillo,swing,0.0011,-0.9872,0.2639,8.9722,-11.3525,-27.7100,t003,FJTB
2531311171,4305402,2,tobillo,swing,-0.0087,-0.9867,0.2463,6.7139,-4.8828,-32.3486,t003,FJTB
2531311171,4305418,2,tobillo,swing,0.0128,-0.9818,0.2395,6.1646,-1.4648,-34.9121,t003,FJTB
2531311171,4305434,2,tobillo,swing,0.0240,-0.9889,0.2483,3.8452,2.1362,-38.3301,t003,FJTB
2531311172,4305450,2,tobillo,swing,0.0499,-0.9987,0.2524,1.4648,0.9155,-39.6118,t003,FJTB
2531311231,4305466,2,tobillo,swing,0.0118,-0.9998,0.2441,-6.0425,-4.3335,-39.6118,t003,FJTB
2531311233,4305482,2,tobillo,swing,-0.0094,-0.9894,0.2606,-14.2212,-6.6528,-39.3677,t003,FJTB
2531311234,4305498,2,tobillo,swing,-0.0319,-0.9689,0.2832,-16.5405,-6.1035,-39.5508,t003,FJTB
2531311235,4305514,2,tobillo,swing,-0.0265,-0.9739,0.2783,-16.4185,-4.0894,-40.6494,t003,FJTB
2531311296,4305531,2,tobillo,swing,-0.0352,-0.9709,0.2842,-12.2681,-5.8594,-44.4336,t003,FJTB
2531311296,4305547,2,tobillo,swing,-0.0836,-0.9237,0.2894,-9.8877,-7.0801,-45.1660,t003,FJTB
2531311297,4305563,2,tobillo,swing,-0.0951,-0.9476,0.2655,-4.0283,-5.9204,-43.5791,t003,FJTB
2531311297,4305579,2,tobillo,swing,-0.0974,-0.9709,0.2493,-1.5869,-5.1880,-42.4194,t003,FJTB
2531311356,4305596,2,tobillo,loading,-0.1003,-0.9929,0.2585,-2.1362,-5.5542,-43.1519,t003,FJTB
2531311356,4305612,2,tobillo,loading,-0.1067,-0.9941,0.2649,-3.9673,-6.1035,-47.1802,t003,FJTB
2531311357,4305628,2,tobillo,loading,-0.0870,-1.0004,0.2946,-4.6997,-9.2163,-52.9175,t003,FJTB
2531311357,4305644,2,tobillo,loading,-0.1351,-0.9874,0.2816,-5.3711,-10.4980,-54.6265,t003,FJTB
2531311424,4305660,2,tobillo,loading,-0.1501,-0.9738,0.2853,-5.9204,-10.0708,-58.0444,t003,FJTB
2531311425,4305677,2,tobillo,loading,-0.1315,-0.9952,0.3091,-6.7139,-9.7656,-58.8989,t003,FJTB
2531311425,4305693,2,tobillo,loading,-0.1373,-1.0244,0.3185,-10.3149,-12.3291,-59.5703,t003,FJTB
2531311426,4305709,2,tobillo,loading,-0.1393,-1.0278,0.3236,-14.1602,-16.8457,-61.9507,t003,FJTB
2531311485,4305725,2,tobillo,loading,-0.1510,-1.0441,0.3202,-15.0757,-18.6768,-62.8662,t003,FJTB
2531311485,4305741,2,tobillo,loading,-0.1840,-1.1000,0.3165,-15.0757,-21.4844,-67.8101,t003,FJTB
2531311488,4305758,2,tobillo,loading,-0.1898,-1.1227,0.3296,-15.3198,-20.3247,-78.4912,t003,FJTB
2531311488,4305774,2,tobillo,loading,-0.1711,-1.2024,0.3708,-15.8081,-18.7378,-84.5947,t003,FJTB
2531311550,4305790,2,tobillo,loading,-0.0853,-1.3527,0.4169,-15.1978,-18.7378,-98.4497,t003,FJTB
2531311550,4305806,2,tobillo,loading,-0.0369,-1.4727,0.4097,-20.5078,-25.1465,-115.4175,t003,FJTB
2531311551,4305822,2,tobillo,loading,0.0226,-1.6414,0.4142,-25.4517,-29.6020,-129.5166,t003,FJTB
2531311552,4305839,2,tobillo,loading,0.0238,-1.7094,0.4612,-35.6445,-30.5786,-174.8047,t003,FJTB
2531311609,4305855,2,tobillo,loading,0.1407,-1.7283,0.5504,-41.9311,-7.5073,-234.5581,t003,FJTB
2531311611,4305871,2,tobillo,loading,0.2225,-1.7102,0.5852,-43.2129,23.3154,-247.1313,t003,FJTB
2531311612,4305887,2,tobillo,loading,0.1974,-1.5353,0.5012,-52.6733,79.8340,-254.0893,t003,FJTB
2531311674,4305903,2,tobillo,loading,-0.2061,-1.1206,0.3665,-54.3213,62.6831,-269.8364,t003,FJTB
2531311675,4305919,2,tobillo,loading,-0.6024,-1.3042,0.5165,-21.5454,-16.2964,-275.8789,t003,FJTB
2531311676,4305935,2,tobillo,loading,-0.4038,-1.2606,0.5381,-6.8970,-28.8086,-214.0503,t003,FJTB
2531311676,4305951,2,tobillo,loading,-0.0070,-1.0278,0.2081,4.6387,6.5918,-167.6636,t003,FJTB
2531311734,4305967,2,tobillo,midstance,0.2789,-1.1077,0.2675,27.3437,61.7065,-149.3530,t003,FJTB
2531311735,4305983,2,tobillo,midstance,-0.1644,0.3148,-0.2810,4.4556,97.7783,-27.5269,t003,FJTB
2531311735,4305999,2,tobillo,midstance,-0.3768,-0.3365,-0.1018,29.7852,87.7075,7.9956,t003,FJTB
2531311735,4306015,2,tobillo,midstance,0.4985,-0.6440,-0.0104,50.7812,98.8769,19.6533,t003,FJTB
2531311802,4306031,2,tobillo,midstance,0.8811,-0.2963,0.0369,52.2461,95.0928,34.7290,t003,FJTB
2531311802,4306047,2,tobillo,midstance,0.5024,-0.2175,0.1050,79.2847,62.4390,82.8857,t003,FJTB
2531311802,4306063,2,tobillo,midstance,0.4614,-0.2892,0.1718,96.8018,33.2031,148.9868,t003,FJTB
2531311802,4306079,2,tobillo,midstance,0.3318,-0.4607,0.3922,103.3325,28.6255,182.7392,t003,FJTB
2531311839,4306094,2,tobillo,midstance,0.2872,-0.5326,0.4911,103.0273,49.3774,236.2671,t003,FJTB
2531311863,4306110,2,tobillo,midstance,0.3455,-0.6018,0.5496,94.7266,57.5561,244.0185,t003,FJTB
2531311864,4306126,2,tobillo,midstance,0.2079,-0.7925,0.5795,91.6748,48.5840,259.5825,t003,FJTB
2531311866,4306142,2,tobillo,midstance,0.0989,-0.9150,0.6000,87.1582,38.6353,285.3394,t003,FJTB
2531311928,4306157,2,tobillo,midstance,0.0533,-1.0997,0.5853,79.6509,40.5884,292.9077,t003,FJTB
2531311928,4306173,2,tobillo,midstance,0.0521,-1.2145,0.5612,70.2515,46.8140,300.2319,t003,FJTB
2531311929,4306189,2,tobillo,midstance,-0.0486,-1.5342,0.5266,67.8711,47.1191,300.8423,t003,FJTB
2531311929,4306205,2,tobillo,midstance,-0.1462,-1.7728,0.5096,56.7627,50.9033,295.7153,t003,FJTB
2531311987,4306221,2,tobillo,midstance,-0.1962,-1.8311,0.4989,46.3867,61.0962,286.4990,t003,FJTB
2531311989,4306237,2,tobillo,midstance,-0.3027,-1.8977,0.4626,46.2646,66.8335,282.3486,t003,FJTB
2531311990,4306253,2,tobillo,midstance,-0.3479,-1.9116,0.4235,50.1709,81.3599,277.5269,t003,FJTB
2531312051,4306268,2,tobillo,midstance,-0.3986,-1.8646,0.3499,50.9644,91.0644,271.2402,t003,FJTB
2531312052,4306284,2,tobillo,midstance,-0.4155,-1.7369,0.3881,49.3164,115.7226,242.9199,t003,FJTB
2531312052,4306300,2,tobillo,midstance,-0.4285,-1.6295,0.4357,44.0063,143.1885,209.8389,t003,FJTB
2531312052,4306316,2,tobillo,midstance,-0.3700,-1.3942,0.4537,46.4478,148.6816,191.1011,t003,FJTB
2531312112,4306332,2,tobillo,midstance,-0.3463,-1.3472,0.4130,53.1006,138.7939,151.8555,t003,FJTB
2531312113,4306348,2,tobillo,midstance,-0.4139,-1.1903,0.2631,49.1943,131.9580,133.7280,t003,FJTB
2531312113,4306364,2,tobillo,midstance,-0.4530,-0.9456,0.2462,45.1050,129.5166,100.8301,t003,FJTB
2531312114,4306380,2,tobillo,midstance,-0.4244,-0.8854,0.2798,49.1333,128.0518,64.5752,t003,FJTB
2531312174,4306396,2,tobillo,midstance,-0.2909,-0.8506,0.3680,47.0581,118.7134,44.8608,t003,FJTB
2531312175,4306412,2,tobillo,midstance,-0.1737,-0.8329,0.4281,32.3486,78.7964,13.7939,t003,FJTB
2531312176,4306427,2,tobillo,midstance,-0.1599,-0.8096,0.4115,13.4888,22.1558,-5.4321,t003,FJTB
2531312176,4306443,2,tobillo,midstance,-0.2050,-0.7961,0.3445,6.7749,-5.6763,-13.9160,t003,FJTB
2531312191,4306459,2,tobillo,midstance,-0.2201,-0.8397,0.3163,-0.0610,-49.8657,-31.3110,t003,FJTB
2531312233,4306476,2,tobillo,terminal,-0.2429,-0.9794,0.2472,-2.0142,-67.4438,-40.8936,t003,FJTB
2531312234,4306492,2,tobillo,terminal,-0.2780,-0.9628,0.1774,-11.2915,-98.5718,-57.4341,t003,FJTB
2531312234,4306508,2,tobillo,terminal,-0.2960,-0.9374,0.1527,-8.4839,-126.8310,-73.6084,t003,FJTB
2531312237,4306524,2,tobillo,terminal,0.0269,-1.2300,0.1738,-7.1411,-139.3433,-80.5054,t003,FJTB
2531312275,4306540,2,tobillo,terminal,1.6705,-1.0895,0.1415,-16.2354,-162.3535,-116.8213,t003,FJTB
2531312301,4306556,2,tobillo,terminal,1.9558,-0.7565,0.2034,6.4697,-183.7768,-113.2202,t003,FJTB
2531312301,4306573,2,tobillo,terminal,1.2039,-1.2235,0.8563,23.4375,-213.8061,-112.7319,t003,FJTB
2531312302,4306589,2,tobillo,terminal,0.3519,-1.4270,0.8695,-15.5640,-240.4785,-73.9136,t003,FJTB
2531312359,4306605,2,tobillo,terminal,-1.5044,-1.5846,0.4418,-25.2075,-165.8325,-52.7954,t003,FJTB
2531312362,4306621,2,tobillo,terminal,0.3335,-0.8060,0.3055,-34.4238,-99.6094,-81.6650,t003,FJTB
2531312362,4306637,2,tobillo,terminal,0.7734,-0.5273,0.2401,-8.3618,-79.7729,-71.7163,t003,FJTB
2531312425,4306653,2,tobillo,terminal,-0.6455,-1.0688,0.0142,18.9209,-99.8535,-59.3872,t003,FJTB
2531312425,4306669,2,tobillo,terminal,-0.3542,-1.2310,0.1528,21.4233,-52.4292,-69.5190,t003,FJTB
2531312426,4306685,2,tobillo,terminal,0.1873,-1.0167,0.2158,-4.4556,-12.6953,-67.6880,t003,FJTB
2531312427,4306701,2,tobillo,terminal,-0.0042,-0.9796,0.2936,-1.4648,-15.6860,-57.9224,t003,FJTB
2531312485,4306717,2,tobillo,terminal,0.1420,-0.9698,0.2197,-2.3804,-9.0332,-51.3306,t003,FJTB
2531312486,4306733,2,tobillo,terminal,0.1411,-0.9729,0.2860,-0.0610,-11.6577,-38.1470,t003,FJTB
2531312486,4306749,2,tobillo,swing,0.1315,-1.0122,0.3634,1.0376,-14.2212,-33.0200,t003,FJTB
2531312487,4306765,2,tobillo,swing,0.1508,-0.9924,0.3541,0.8545,-20.4468,-30.8838,t003,FJTB
2531312527,4306781,2,tobillo,swing,0.0919,-0.9452,0.3041,2.6245,-22.6440,-30.8838,t003,FJTB
2531312552,4306797,2,tobillo,swing,0.0691,-0.9127,0.2275,6.2866,-20.5688,-27.4658,t003,FJTB
2531312552,4306813,2,tobillo,swing,0.0570,-0.9338,0.2098,6.7139,-13.6108,-20.2026,t003,FJTB
2531312553,4306829,2,tobillo,swing,0.0587,-0.9880,0.2097,5.7983,-9.6436,-19.3481,t003,FJTB
2531312613,4306845,2,tobillo,swing,0.0554,-1.0007,0.2095,2.3193,-2.3193,-23.1934,t003,FJTB
2531312615,4306861,2,tobillo,swing,0.0469,-0.9917,0.2195,-1.1597,3.4790,-26.4893,t003,FJTB
2531312615,4306877,2,tobillo,swing,0.0610,-0.9728,0.2375,-2.1362,6.2256,-26.4282,t003,FJTB
2531312615,4306893,2,tobillo,swing,0.0725,-0.9680,0.2416,-1.5869,8.4839,-26.1841,t003,FJTB
2531312677,4306909,2,tobillo,swing,0.0760,-0.9606,0.2402,-0.6714,8.1177,-25.9399,t003,FJTB
2531312678,4306925,2,tobillo,swing,0.0463,-0.9653,0.2419,1.1597,7.2632,-24.8413,t003,FJTB
2531312678,4306941,2,tobillo,swing,0.0466,-0.9646,0.2318,1.4038,7.3853,-22.3999,t003,FJTB
2531312679,4306957,2,tobillo,swing,0.0596,-0.9836,0.2147,1.7090,7.6904,-21.5454,t003,FJTB
2531312736,4306972,2,tobillo,swing,0.0630,-0.9949,0.2090,-0.7935,7.6294,-22.8882,t003,FJTB
2531312738,4306988,2,tobillo,swing,0.0544,-0.9895,0.2218,-3.1738,6.7139,-23.9258,t003,FJTB
2531312738,4307005,2,tobillo,swing,0.0472,-0.9778,0.2461,-5.7373,3.1128,-24.9634,t003,FJTB
2531312739,4307021,2,tobillo,swing,0.0497,-0.9799,0.2465,-6.1035,0.0610,-26.9775,t003,FJTB
2531312800,4307037,2,tobillo,swing,0.0295,-0.9736,0.2396,-6.5918,-1.1597,-28.2593,t003,FJTB
2531312800,4307053,2,tobillo,swing,0.0084,-0.9745,0.2317,-6.1035,-3.0518,-28.8696,t003,FJTB
2531312801,4307069,2,tobillo,swing,0.0007,-0.9856,0.2355,-4.1504,-3.9673,-30.2124,t003,FJTB
2531312801,4307085,2,tobillo,swing,-0.0125,-0.9911,0.2454,-4.0283,-3.7842,-31.6772,t003,FJTB
2531312858,4307101,2,tobillo,swing,-0.0208,-0.9854,0.2474,-4.6387,-2.5024,-33.5693,t003,FJTB
2531312859,4307118,2,tobillo,loading,-0.0205,-0.9872,0.2480,-5.1880,-2.4414,-35.1563,t003,FJTB
2531312859,4307134,2,tobillo,loading,-0.0236,-0.9905,0.2579,-5.6763,-3.2349,-36.3770,t003,FJTB
2531312863,4307150,2,tobillo,loading,-0.0255,-0.9886,0.2576,-8.0566,-4.2114,-37.2925,t003,FJTB
2531312926,4307166,2,tobillo,loading,-0.0248,-0.9977,0.2722,-10.7422,-4.6387,-38.8184,t003,FJTB
2531312926,4307182,2,tobillo,loading,-0.0322,-0.9919,0.2590,-14.4653,-10.1929,-43.5791,t003,FJTB
2531312927,4307198,2,tobillo,loading,-0.0627,-1.0094,0.2528,-16.7847,-14.9536,-47.4853,t003,FJTB
2531312928,4307215,2,tobillo,loading,-0.0823,-1.0049,0.2478,-19.8364,-14.7705,-49.7436,t003,FJTB
2531312986,4307231,2,tobillo,loading,-0.1157,-1.0247,0.2668,-21.3013,-12.8784,-57.2510,t003,FJTB
2531312986,4307247,2,tobillo,loading,-0.1030,-1.0348,0.2716,-21.6675,-14.2212,-68.2373,t003,FJTB
2531312989,4307263,2,tobillo,loading,-0.1047,-1.0464,0.2970,-20.9961,-15.5640,-72.1436,t003,FJTB
2531313021,4307279,2,tobillo,loading,-0.1016,-1.0778,0.3024,-16.6626,-17.7002,-77.9419,t003,FJTB
2531313052,4307295,2,tobillo,loading,-0.1239,-1.0947,0.3206,-13.7939,-19.8364,-83.1909,t003,FJTB
2531313053,4307312,2,tobillo,loading,-0.1729,-1.1207,0.3405,-12.8784,-20.2026,-85.5713,t003,FJTB
2531313054,4307328,2,tobillo,loading,-0.1770,-1.1649,0.3607,-10.5591,-17.1509,-92.1631,t003,FJTB
2531313111,4307344,2,tobillo,loading,-0.1157,-1.2703,0.3750,-10.0708,-15.6250,-101.8677,t003,FJTB
2531313113,4307360,2,tobillo,loading,-0.0621,-1.3140,0.4602,-9.0332,-16.7847,-108.5815,t003,FJTB
2531313113,4307376,2,tobillo,loading,-0.0145,-1.3514,0.5529,-3.9673,-23.3154,-126.5259,t003,FJTB
2531313114,4307392,2,tobillo,loading,0.0331,-1.5585,0.6339,-5.2490,-24.1089,-139.2212,t003,FJTB
2531313174,4307408,2,tobillo,loading,0.1847,-1.7395,0.7944,-21.3013,-6.7139,-189.0869,t003,FJTB
2531313175,4307424,2,tobillo,loading,0.3163,-1.8052,0.7389,-51.5747,42.2974,-254.1504,t003,FJTB
2531313175,4307440,2,tobillo,loading,0.4689,-1.6748,0.3107,-60.9741,73.1812,-263.4888,t003,FJTB
2531313175,4307457,2,tobillo,loading,0.3815,-1.4376,0.1847,-72.8760,55.9692,-273.1323,t003,FJTB
2531313234,4307472,2,tobillo,loading,-0.4840,-1.3746,0.3140,-47.0581,-46.1426,-295.2271,t003,FJTB
2531313236,4307489,2,tobillo,loading,-0.6157,-1.4736,0.3760,-37.0483,-60.3638,-289.5508,t003,FJTB
2531313237,4307505,2,tobillo,loading,-0.2633,-1.3416,0.2516,-20.8740,5.1880,-233.4595,t003,FJTB
2531313237,4307521,2,tobillo,loading,0.3655,-1.3292,0.2363,-11.9019,41.0767,-206.3598,t003,FJTB
2531313300,4307537,2,tobillo,loading,0.2744,-0.3330,-0.0756,-29.4189,57.6172,-202.2095,t003,FJTB
2531313301,4307553,2,tobillo,loading,-0.6709,0.4510,-0.2865,-9.9487,102.4780,-64.8804,t003,FJTB
2531313301,4307569,2,tobillo,loading,-0.4595,-0.1659,-0.2533,40.5884,106.2012,-37.0483,t003,FJTB
2531313301,4307585,2,tobillo,loading,0.6631,-0.6318,-0.1069,74.4019,112.9761,11.5967,t003,FJTB
2531313360,4307601,2,tobillo,loading,0.6338,-0.4771,0.0590,74.0967,96.0693,59.5093,t003,FJTB
2531313361,4307617,2,tobillo,midstance,0.6410,-0.2407,0.1989,71.8994,81.7261,75.7446,t003,FJTB
2531313361,4307633,2,tobillo,midstance,0.5885,-0.2023,0.1782,79.4067,52.9175,123.4131,t003,FJTB
2531313362,4307649,2,tobillo,midstance,0.3612,-0.3394,0.2294,95.0928,50.1709,148.6816,t003,FJTB
2531313429,4307664,2,tobillo,midstance,0.3898,-0.5309,0.3793,109.4360,78.9795,198.8525,t003,FJTB
2531313430,4307680,2,tobillo,midstance,0.4341,-0.5793,0.4480,97.3511,88.7451,240.0513,t003,FJTB
2531313430,4307696,2,tobillo,midstance,0.4177,-0.6611,0.5574,96.7407,79.8950,255.4321,t003,FJTB
2531313430,4307712,2,tobillo,midstance,0.3805,-0.7642,0.5710,104.6753,48.4009,283.4473,t003,FJTB
2531313489,4307727,2,tobillo,midstance,0.2189,-1.1243,0.5479,107.1167,30.4565,299.5605,t003,FJTB
2531313489,4307743,2,tobillo,midstance,0.0900,-1.4556,0.4725,100.8301,3.7842,329.1015,t003,FJTB
2531313491,4307759,2,tobillo,midstance,0.0228,-1.5834,0.4286,93.3838,-6.4087,342.5293,t003,FJTB
2531313492,4307775,2,tobillo,midstance,-0.1417,-1.8392,0.3855,91.4917,-4.5776,341.6748,t003,FJTB
2531313554,4307791,2,tobillo,midstance,-0.2419,-1.9642,0.3901,88.6841,11.4136,324.2187,t003,FJTB
2531313554,4307807,2,tobillo,midstance,-0.5181,-2.0824,0.3790,90.3320,24.4751,314.4531,t003,FJTB
2531313555,4307823,2,tobillo,midstance,-0.5833,-2.0073,0.3478,97.5342,61.9507,308.1665,t003,FJTB
2531313555,4307838,2,tobillo,midstance,-0.5079,-1.9434,0.3524,97.9614,109.4971,289.1235,t003,FJTB
2531313614,4307854,2,tobillo,midstance,-0.4862,-1.8000,0.4445,95.2759,132.0190,267.9443,t003,FJTB
2531313615,4307870,2,tobillo,midstance,-0.4729,-1.7166,0.4912,86.1816,170.1050,223.1445,t003,FJTB
2531313615,4307886,2,tobillo,midstance,-0.3396,-1.5643,0.5630,83.3130,180.1758,203.9184,t003,FJTB
2531313616,4307902,2,tobillo,midstance,-0.4310,-1.3063,0.6207,77.8809,177.4902,171.6919,t003,FJTB
2531313677,4307918,2,tobillo,midstance,-0.4744,-1.1245,0.6011,71.5332,149.5972,142.7002,t003,FJTB
2531313677,4307934,2,tobillo,midstance,-0.5681,-0.9635,0.6573,68.1152,128.1738,122.6807,t003,FJTB
2531313677,4307949,2,tobillo,midstance,-0.6439,-0.9252,0.6963,50.7202,80.3223,69.3359,t003,FJTB
2531313678,4307965,2,tobillo,midstance,-0.7198,-0.8420,0.7135,25.4517,25.1465,21.6675,t003,FJTB
2531313735,4307981,2,tobillo,midstance,-0.6820,-0.8018,0.5809,13.0615,-5.7983,3.1128,t003,FJTB
2531313735,4307997,2,tobillo,midstance,-0.6753,-0.8566,0.5096,-5.2490,-65.0024,-31.3721,t003,FJTB
2531313738,4308013,2,tobillo,midstance,-0.5533,-1.0095,0.4696,-12.9395,-88.4399,-47.2412,t003,FJTB
2531313799,4308029,2,tobillo,midstance,-0.2999,-1.0374,0.4213,-27.1606,-127.1362,-74.0356,t003,FJTB
2531313800,4308045,2,tobillo,midstance,-0.1462,-1.1130,0.3024,-23.3154,-174.3164,-88.0127,t003,FJTB
2531313800,4308062,2,tobillo,midstance,1.1556,-1.3002,-0.3499,-30.5786,-182.9834,-116.3330,t003,FJTB
2531313800,4308078,2,tobillo,midstance,1.8844,-0.7982,-0.1593,-16.1133,-115.8447,-121.1548,t003,FJTB
2531313858,4308094,2,tobillo,midstance,0.9935,-1.0171,0.5479,37.0483,-132.9346,-123.4741,t003,FJTB
2531313859,4308110,2,tobillo,terminal,-0.2755,-1.6765,1.0342,17.7612,-147.5220,-144.3481,t003,FJTB
2531313860,4308126,2,tobillo,terminal,-0.6904,-1.5854,0.7791,-32.0435,-133.6670,-103.5767,t003,FJTB
2531313860,4308142,2,tobillo,terminal,-0.1844,-1.1440,0.2645,-38.0859,-103.5767,-90.3320,t003,FJTB
2531313924,4308158,2,tobillo,terminal,0.2109,-0.7234,0.2803,-30.5786,-57.6172,-80.5664,t003,FJTB
2531313925,4308174,2,tobillo,terminal,-0.0452,-0.8070,0.1243,2.5024,-50.5981,-72.2656,t003,FJTB
2531313925,4308190,2,tobillo,terminal,-0.3073,-1.1215,0.0155,13.3057,-39.3066,-74.6460,t003,FJTB
2531313925,4308207,2,tobillo,terminal,-0.0311,-1.0846,0.1967,9.2773,-13.1226,-69.6411,t003,FJTB
2531313982,4308223,2,tobillo,terminal,0.0066,-1.0366,0.2753,6.7139,-1.5259,-51.0864,t003,FJTB
2531313985,4308239,2,tobillo,terminal,0.0808,-0.9594,0.1670,7.5073,4.1504,-43.8843,t003,FJTB
2531313985,4308255,2,tobillo,terminal,0.1357,-0.9493,0.1328,11.6577,6.0425,-35.5835,t003,FJTB
2531313986,4308271,2,tobillo,terminal,0.2179,-0.9889,0.2242,13.9160,2.5635,-32.3486,t003,FJTB
2531314047,4308287,2,tobillo,terminal,0.1801,-1.0283,0.2251,16.9678,-7.0190,-27.4658,t003,FJTB
2531314047,4308303,2,tobillo,terminal,0.1136,-1.0247,0.1780,13.4277,-11.1084,-23.8647,t003,FJTB
2531314048,4308319,2,tobillo,terminal,0.0588,-0.9833,0.1180,9.0332,-9.2773,-22.3389,t003,FJTB
2531314048,4308335,2,tobillo,terminal,0.0820,-0.9750,0.1372,0.4883,-1.4648,-20.5078,t003,FJTB
2531314104,4308351,2,tobillo,terminal,0.0920,-0.9805,0.1586,-2.1362,6.1035,-20.8740,t003,FJTB
2531314104,4308367,2,tobillo,swing,0.1154,-0.9797,0.1997,-0.8545,7.9346,-20.2026,t003,FJTB
2531314104,4308383,2,tobillo,swing,0.1027,-0.9865,0.2134,3.2959,8.3008,-18.4937,t003,FJTB
2531314162,4308399,2,tobillo,swing,0.0924,-0.9996,0.1565,4.7607,9.3384,-20.2026,t003,FJTB
2531314170,4308415,2,tobillo,swing,0.1053,-1.0054,0.0970,4.2114,10.6201,-22.7661,t003,FJTB
2531314170,4308431,2,tobillo,swing,0.1094,-1.0022,0.1003,2.2583,10.4370,-28.0762,t003,FJTB
2531314170,4308447,2,tobillo,swing,0.0837,-1.0015,0.1471,1.2817,9.5215,-29.7852,t003,FJTB
2531314228,4308463,2,tobillo,swing,0.0959,-0.9988,0.1499,-1.4648,9.2163,-32.7759,t003,FJTB
2531314230,4308479,2,tobillo,swing,0.0957,-1.0016,0.1539,-4.0894,7.2632,-34.3628,t003,FJTB
2531314231,4308494,2,tobillo,swing,0.0719,-1.0050,0.1735,-5.2490,5.8594,-35.4004,t003,FJTB
2531314231,4308511,2,tobillo,swing,0.0602,-1.0002,0.1749,-5.9204,3.9673,-37.7197,t003,FJTB
2531314292,4308526,2,tobillo,swing,0.0635,-0.9994,0.1646,-5.6152,3.6621,-38.4521,t003,FJTB
2531314292,4308542,2,tobillo,swing,0.0239,-0.9960,0.1761,-4.3335,2.3193,-39.7949,t003,FJTB
2531314292,4308558,2,tobillo,swing,-0.0044,-0.9907,0.1774,-1.4038,0.7324,-42.0532,t003,FJTB
2531314293,4308574,2,tobillo,swing,-0.0067,-0.9829,0.1841,0.6104,0.3662,-42.4805,t003,FJTB
2531314350,4308590,2,tobillo,swing,0.0078,-0.9943,0.1914,0.4883,0.6714,-40.2832,t003,FJTB
2531314352,4308606,2,tobillo,swing,0.0010,-0.9584,0.2163,0.6104,-0.9766,-38.2080,t003,FJTB
2531314353,4308622,2,tobillo,swing,0.0164,-0.9479,0.2297,9.8267,-9.8877,-42.6636,t003,FJTB
2531314353,4308638,2,tobillo,swing,0.0271,-0.9875,0.1947,11.9019,-19.9585,-44.1284,t003,FJTB
2531314414,4308654,2,tobillo,swing,-0.0383,-1.0536,0.0994,6.7749,-20.8740,-43.2739,t003,FJTB
2531314415,4308670,2,tobillo,swing,-0.1218,-1.0211,0.1276,-2.1973,-15.1367,-44.6777,t003,FJTB
2531314415,4308686,2,tobillo,swing,-0.1179,-1.0248,0.1637,-6.0425,-5.9204,-52.4902,t003,FJTB
2531314416,4308702,2,tobillo,swing,-0.0591,-1.0442,0.1904,-7.8125,-2.5635,-58.1665,t003,FJTB
2531314473,4308718,2,tobillo,swing,-0.0596,-1.0569,0.2123,-11.2305,0.7935,-68.1763,t003,FJTB
2531314476,4308735,2,tobillo,swing,-0.0591,-1.0704,0.2041,-20.9961,3.9673,-75.5615,t003,FJTB
2531314476,4308751,2,tobillo,swing,-0.1031,-1.0756,0.1803,-23.4375,4.6997,-79.7729,t003,FJTB
2531314536,4308767,2,tobillo,swing,-0.1292,-1.0530,0.1904,-21.6064,6.1646,-90.2100,t003,FJTB
2531314536,4308783,2,tobillo,swing,-0.1852,-1.0143,0.2091,-17.2729,7.0190,-93.3838,t003,FJTB
2531314537,4308799,2,tobillo,swing,-0.1884,-1.0822,0.2751,-7.0190,11.0474,-97.5342,t003,FJTB
2531314538,4308815,2,tobillo,swing,-0.1709,-1.1217,0.3195,-1.6479,16.5405,-101.1963,t003,FJTB
2531314594,4308831,2,tobillo,swing,-0.1310,-1.2550,0.3641,0.4883,19.7144,-106.3232,t003,FJTB
2531314595,4308847,2,tobillo,loading,0.0297,-1.5106,0.3563,-0.0610,27.7100,-128.9062,t003,FJTB
2531314595,4308863,2,tobillo,loading,0.1033,-1.6306,0.3546,-12.5122,31.0059,-165.2832,t003,FJTB
2531314596,4308879,2,tobillo,loading,0.1210,-1.6843,0.4497,-19.8975,35.9497,-187.5000,t003,FJTB
2531314661,4308895,2,tobillo,loading,0.1171,-1.6381,0.5143,-24.2920,77.3926,-223.0835,t003,FJTB
2531314661,4308911,2,tobillo,loading,0.3577,-1.4642,0.4364,-31.5552,101.9287,-234.4971,t003,FJTB
2531314662,4308927,2,tobillo,loading,0.1771,-1.1696,0.5186,-40.5884,62.5000,-241.2720,t003,FJTB
2531314662,4308943,2,tobillo,loading,-0.1865,-1.0571,0.8094,-18.9209,-9.0332,-218.2617,t003,FJTB
2531314721,4308959,2,tobillo,loading,-0.7334,-1.1289,0.7076,-6.1646,-13.5498,-204.4678,t003,FJTB
2531314723,4308975,2,tobillo,loading,-0.5447,-1.4546,0.5337,5.3101,21.9116,-196.1059,t003,FJTB
2531314724,4308991,2,tobillo,loading,0.6075,-1.7311,0.1818,-141.2964,34.9121,-151.1841,t003,FJTB
2531314724,4309007,2,tobillo,loading,-0.8589,0.7545,-0.9492,-125.9155,63.2935,-46.4478,t003,FJTB
2531314784,4309023,2,tobillo,loading,-1.3486,0.5627,-0.5763,28.5034,39.0625,-51.3306,t003,FJTB
2531314785,4309039,2,tobillo,loading,0.6464,-1.0216,0.1825,60.6079,44.3726,-76.9043,t003,FJTB
2531314786,4309055,2,tobillo,loading,0.6827,-0.4866,-0.0189,35.8276,102.2339,10.4370,t003,FJTB
2531314786,4309071,2,tobillo,loading,0.3759,-0.3875,-0.0524,21.1182,84.1675,55.2368,t003,FJTB
2531314842,4309087,2,tobillo,loading,0.3065,-0.4164,0.0686,12.3901,73.6694,63.7207,t003,FJTB
2531314843,4309103,2,tobillo,midstance,0.3345,-0.3405,0.1021,13.7939,77.5757,109.4971,t003,FJTB
2531314843,4309118,2,tobillo,midstance,0.2096,-0.4550,0.1807,28.8086,85.6323,141.3574,t003,FJTB
2531314847,4309134,2,tobillo,midstance,0.2369,-0.6094,0.2122,41.1987,99.3652,190.0024,t003,FJTB
2531314913,4309150,2,tobillo,midstance,0.2495,-0.6794,0.2142,38.5742,90.2710,216.7969,t003,FJTB
2531314913,4309166,2,tobillo,midstance,0.2321,-0.8694,0.2708,47.6074,68.9697,225.4028,t003,FJTB
2531314913,4309182,2,tobillo,midstance,0.1317,-1.0168,0.3126,60.5469,25.2686,246.6431,t003,FJTB
2531314914,4309198,2,tobillo,midstance,0.0060,-1.2029,0.2784,56.2134,13.4888,256.5918,t003,FJTB
2531314975,4309213,2,tobillo,midstance,-0.0212,-1.4081,0.2357,53.5278,-13.3667,270.2637,t003,FJTB
2531314976,4309229,2,tobillo,midstance,-0.0995,-1.5295,0.2227,55.4199,-40.4053,277.0386,t003,FJTB
2531314976,4309245,2,tobillo,midstance,-0.2542,-1.6611,0.1421,54.0771,-44.1284,277.3437,t003,FJTB
2531314977,4309261,2,tobillo,midstance,-0.3098,-1.6823,0.0941,54.2603,-33.7524,272.8271,t003,FJTB
2531315038,4309277,2,tobillo,midstance,-0.3889,-1.7274,0.0490,59.2651,-8.9111,260.0098,t003,FJTB
2531315039,4309293,2,tobillo,midstance,-0.4967,-1.7480,0.0819,61.6455,8.7280,250.5493,t003,FJTB
2531315039,4309309,2,tobillo,midstance,-0.5179,-1.6992,0.1210,62.6831,56.2134,229.5532,t003,FJTB
2531315039,4309325,2,tobillo,midstance,-0.4554,-1.5676,0.2583,63.2324,82.2754,217.5903,t003,FJTB
2531315096,4309341,2,tobillo,midstance,-0.4031,-1.4832,0.4103,61.8286,126.9531,188.5986,t003,FJTB
2531315097,4309357,2,tobillo,midstance,-0.3947,-1.4218,0.4218,52.7954,155.0293,160.2783,t003,FJTB
2531315099,4309373,2,tobillo,midstance,-0.3634,-1.3185,0.3298,48.9502,161.0718,146.0571,t003,FJTB
2531315121,4309389,2,tobillo,midstance,-0.3243,-1.2634,0.2626,47.1191,161.6821,115.4175,t003,FJTB
2531315162,4309405,2,tobillo,midstance,-0.3185,-1.0829,0.1797,50.4150,159.0576,101.8677,t003,FJTB
2531315162,4309421,2,tobillo,midstance,-0.4583,-0.9232,0.2300,61.7065,151.7944,76.0498,t003,FJTB
2531315163,4309437,2,tobillo,midstance,-0.4155,-0.8903,0.2941,63.7817,146.4844,41.9922,t003,FJTB
2531315219,4309452,2,tobillo,midstance,-0.2318,-0.8773,0.3984,59.4482,138.3057,25.2075,t003,FJTB
2531315221,4309468,2,tobillo,midstance,-0.2288,-0.8549,0.4180,44.4336,102.7222,-0.5493,t003,FJTB
2531315222,4309484,2,tobillo,midstance,-0.1644,-0.8132,0.4360,29.1748,45.2270,-15.9912,t003,FJTB
2531315222,4309500,2,tobillo,midstance,-0.1793,-0.8644,0.4495,22.2168,11.7187,-20.6909,t003,FJTB
2531315282,4309516,2,tobillo,midstance,-0.2762,-0.8545,0.4409,10.1318,-44.1284,-41.4429,t003,FJTB
2531315283,4309532,2,tobillo,midstance,-0.3201,-0.9596,0.4249,8.1787,-65.1245,-46.5698,t003,FJTB
2531315283,4309548,2,tobillo,midstance,-0.2540,-0.9248,0.3824,-2.5024,-101.4404,-44.5557,t003,FJTB
2531315283,4309565,2,tobillo,midstance,-0.1711,-0.9474,0.3524,-13.1836,-131.5918,-65.3076,t003,FJTB
2531315341,4309581,2,tobillo,midstance,0.8755,-1.0834,0.2449,-20.3857,-149.8413,-93.9331,t003,FJTB
2531315342,4309597,2,tobillo,terminal,1.7756,-0.9581,0.3729,-2.8687,-144.8364,-118.0420,t003,FJTB
2531315343,4309613,2,tobillo,terminal,1.4985,-1.2312,0.8281,7.4463,-164.4897,-110.8398,t003,FJTB
2531315343,4309629,2,tobillo,terminal,-0.5120,-1.9764,0.7048,-14.8315,-196.6553,-82.2754,t003,FJTB
2531315408,4309645,2,tobillo,terminal,-1.4733,-2.1010,0.6831,-43.3960,-150.8179,-20.2026,t003,FJTB
2531315408,4309662,2,tobillo,terminal,0.3064,-1.0277,0.0663,-64.3921,-84.1064,-79.4067,t003,FJTB
2531315409,4309678,2,tobillo,terminal,0.3861,-0.4612,0.0844,-38.6963,-115.6006,-77.8809,t003,FJTB
2531315409,4309694,2,tobillo,terminal,-0.4114,-0.6571,0.1533,-1.8921,-93.9331,-47.4853,t003,FJTB
2531315467,4309710,2,tobillo,terminal,-0.3800,-1.0493,0.0604,-5.8594,-44.1284,-49.8657,t003,FJTB
2531315470,4309726,2,tobillo,terminal,0.0718,-1.0632,0.3295,-7.7515,-6.9580,-51.3306,t003,FJTB
2531315471,4309742,2,tobillo,terminal,0.0574,-1.0209,0.3467,-2.3193,-2.3804,-49.8047,t003,FJTB
2531315471,4309758,2,tobillo,terminal,0.2639,-0.8936,0.1412,0.0000,-1.4038,-47.7295,t003,FJTB
2531315526,4309774,2,tobillo,terminal,0.2789,-0.9204,0.1343,6.5308,-18.0664,-36.3770,t003,FJTB
2531315533,4309790,2,tobillo,terminal,0.1018,-1.0607,0.2374,4.0894,-22.7051,-28.4424,t003,FJTB
2531315534,4309806,2,tobillo,terminal,0.0812,-1.0730,0.2240,1.7090,-17.6392,-29.1138,t003,FJTB
2531315547,4309822,2,tobillo,terminal,0.0762,-1.0198,0.1580,-0.2441,-0.0610,-35.1563,t003,FJTB
2531315590,4309838,2,tobillo,terminal,0.0835,-0.9570,0.0815,-0.9766,7.8735,-34.6069,t003,FJTB
2531315591,4309854,2,tobillo,terminal,0.1222,-0.9861,0.1167,-2.9907,12.3901,-27.2827,t003,FJTB
2531315593,4309870,2,tobillo,terminal,0.1202,-1.0020,0.1505,-3.2349,6.7139,-24.7192,t003,FJTB
2531315654,4309886,2,tobillo,terminal,0.0446,-0.9803,0.1909,-2.9297,6.2866,-25.6348,t003,FJTB
2531315655,4309902,2,tobillo,terminal,0.0420,-0.9609,0.1919,-0.0610,9.8877,-26.3062,t003,FJTB
2531315655,4309918,2,tobillo,terminal,0.0845,-0.9810,0.1742,1.7700,11.8408,-25.9399,t003,FJTB
2531315656,4309934,2,tobillo,terminal,0.0637,-0.9966,0.1794,3.5400,14.5874,-27.9541,t003,FJTB
2531315715,4309950,2,tobillo,terminal,0.0613,-0.9934,0.1829,4.4556,13.0005,-29.2358,t003,FJTB
2531315715,4309966,2,tobillo,terminal,0.0493,-0.9852,0.1699,4.6997,11.9629,-29.1138,t003,FJTB
2531315716,4309982,2,tobillo,terminal,0.0461,-0.9918,0.1498,1.9531,11.7187,-29.6631,t003,FJTB
2531315716,4309997,2,tobillo,terminal,0.0477,-0.9952,0.1416,-1.2207,11.4746,-30.6396,t003,FJTB
2531315778,4310013,2,tobillo,terminal,0.0238,-1.0021,0.1687,-1.5259,11.1084,-30.7007,t003,FJTB
2531315779,4310029,2,tobillo,terminal,0.0212,-1.0005,0.1797,-2.2583,12.2070,-31.6772,t003,FJTB
2531315779,4310045,2,tobillo,terminal,0.0197,-0.9857,0.1921,-2.0752,12.7563,-32.4707,t003,FJTB
2531315779,4310061,2,tobillo,terminal,0.0242,-0.9802,0.1764,-1.8311,12.8174,-33.8745,t003,FJTB
2531315839,4310077,2,tobillo,terminal,0.0177,-0.9878,0.1689,-2.7466,12.5732,-35.0342,t003,FJTB
2531315839,4310093,2,tobillo,swing,-0.0109,-0.9863,0.1619,-3.3569,12.2681,-35.7056,t003,FJTB
2531315840,4310109,2,tobillo,swing,-0.0265,-0.9802,0.1654,-2.1362,10.8643,-35.7666,t003,FJTB
2531315841,4310125,2,tobillo,swing,-0.0376,-0.9706,0.1724,-0.3662,10.3149,-34.5459,t003,FJTB
2531315904,4310141,2,tobillo,swing,-0.0178,-1.0018,0.1749,0.2441,10.0708,-34.2407,t003,FJTB
2531315905,4310157,2,tobillo,swing,-0.0228,-1.0029,0.1797,1.0376,7.9956,-36.1938,t003,FJTB
2531315905,4310173,2,tobillo,swing,-0.0352,-1.0000,0.2010,3.2349,6.1035,-38.5742,t003,FJTB
2531315905,4310189,2,tobillo,swing,-0.0604,-1.0018,0.1957,2.7466,4.2114,-41.3208,t003,FJTB
2531315967,4310205,2,tobillo,swing,-0.0756,-0.9930,0.1891,-0.7324,3.6011,-42.3584,t003,FJTB
2531315967,4310221,2,tobillo,swing,-0.0889,-0.9813,0.1691,-1.5259,2.7466,-42.3584,t003,FJTB
2531315967,4310237,2,tobillo,swing,-0.0947,-0.9817,0.1599,-3.4790,1.4038,-42.2974,t003,FJTB
2531315980,4310253,2,tobillo,swing,-0.1036,-0.9756,0.1492,-4.6997,0.6104,-42.1753,t003,FJTB
2531316030,4310269,2,tobillo,swing,-0.1167,-0.9816,0.1642,-5.6152,-1.9531,-40.4053,t003,FJTB
2531316031,4310286,2,tobillo,swing,-0.1265,-0.9847,0.1761,-6.0425,-3.5400,-39.3066,t003,FJTB
2531316031,4310302,2,tobillo,swing,-0.1409,-0.9900,0.1881,-6.5918,-3.4790,-39.6729,t003,FJTB
2531316032,4310318,2,tobillo,swing,-0.1451,-0.9890,0.1672,-7.0190,-2.7466,-41.9922,t003,FJTB
2531316091,4310334,2,tobillo,swing,-0.1544,-0.9680,0.1589,-4.1504,-0.3662,-47.6074,t003,FJTB
2531316092,4310350,2,tobillo,swing,-0.1766,-0.9966,0.2036,-1.9531,2.0142,-49.6216,t003,FJTB
2531316092,4310366,2,tobillo,swing,-0.1898,-0.9730,0.1852,-6.7139,4.2114,-41.2598,t003,FJTB
2531316154,4310382,2,tobillo,swing,-0.2024,-0.9620,0.1787,2.9907,4.3335,-51.5137,t003,FJTB
2531316155,4310398,2,tobillo,swing,-0.2278,-0.9799,0.1947,5.7983,5.4932,-55.5420,t003,FJTB
2531316156,4310415,2,tobillo,swing,-0.2157,-0.9858,0.1807,6.3477,7.1411,-59.1431,t003,FJTB
2531316156,4310431,2,tobillo,swing,-0.2056,-1.0105,0.1421,6.8359,6.2256,-58.3496,t003,FJTB
2531316210,4310447,2,tobillo,swing,-0.2252,-1.0270,0.1731,6.1035,3.5400,-57.1289,t003,FJTB
2531316215,4310463,2,tobillo,swing,-0.2069,-1.0966,0.1681,3.8452,4.4556,-59.0210,t003,FJTB
2531316216,4310479,2,tobillo,swing,-0.2230,-1.2843,0.1240,1.9531,7.0801,-62.9883,t003,FJTB
2531316217,4310495,2,tobillo,swing,-0.2289,-1.3198,0.1200,-0.7324,16.6626,-79.9561,t003,FJTB
2531316279,4310511,2,tobillo,swing,-0.1952,-1.3342,0.1228,2.1362,24.8413,-98.1445,t003,FJTB
2531316279,4310527,2,tobillo,swing,-0.2289,-1.2942,0.1689,1.9531,28.3813,-105.8960,t003,FJTB
2531316279,4310543,2,tobillo,swing,-0.2767,-1.2421,0.2288,-9.2163,42.4194,-110.4126,t003,FJTB
2531316279,4310559,2,tobillo,swing,-0.4016,-0.9943,0.2583,-17.3950,57.4341,-113.6475,t003,FJTB
2531316339,4310575,2,tobillo,swing,-0.3467,-0.8636,0.2620,-9.2163,90.6372,-128.2349,t003,FJTB
2531316340,4310591,2,tobillo,swing,-0.3464,-0.8162,0.2522,-3.1738,107.8491,-133.2397,t003,FJTB
2531316340,4310607,2,tobillo,swing,-0.3927,-0.7023,0.2780,-4.5776,108.9477,-133.7280,t003,FJTB
2531316341,4310624,2,tobillo,swing,-0.4476,-0.7651,0.2479,1.7700,99.0601,-130.1270,t003,FJTB
2531316402,4310640,2,tobillo,swing,-0.4896,-0.8087,0.2062,12.5122,82.9468,-130.4321,t003,FJTB
2531316403,4310656,2,tobillo,swing,-0.5817,-0.8245,0.1072,14.2212,80.6274,-126.8310,t003,FJTB
2531316403,4310672,2,tobillo,swing,-0.6504,-0.8278,0.0111,20.6299,79.7119,-118.7744,t003,FJTB
2531316410,4310688,2,tobillo,swing,-0.6620,-0.8624,0.0508,37.2314,74.9512,-114.8071,t003,FJTB
2531316461,4310704,2,tobillo,swing,-0.6471,-0.9392,0.0684,41.3208,77.7588,-116.6992,t003,FJTB
2531316464,4310720,2,tobillo,swing,-0.6019,-1.0006,-0.1184,41.5039,101.7456,-131.8359,t003,FJTB
2531316464,4310736,2,tobillo,swing,-0.7471,-1.0500,-0.2368,43.4570,115.7837,-140.6860,t003,FJTB
2531316465,4310752,2,tobillo,swing,-1.0403,-1.0165,0.1802,64.4531,122.7417,-137.3901,t003,FJTB
2531316524,4310768,2,tobillo,swing,-0.9130,-0.9984,0.3036,62.9272,131.7749,-143.0664,t003,FJTB
2531316525,4310784,2,tobillo,swing,-0.3806,-0.8158,0.3236,53.2227,143.3716,-139.0991,t003,FJTB
2531316525,4310800,2,tobillo,swing,-0.4331,-0.5825,0.2346,47.6685,140.4419,-136.7187,t003,FJTB
2531316568,4310817,2,tobillo,swing,-0.4423,-0.5625,0.1300,72.4487,141.2354,-119.5679,t003,FJTB
2531316584,4310833,2,tobillo,swing,-0.3087,-0.5192,0.1515,82.8247,141.0522,-105.4687,t003,FJTB
2531316585,4310849,2,tobillo,swing,-0.3156,-0.4150,0.2240,77.0264,126.5869,-59.6313,t003,FJTB
2531316585,4310865,2,tobillo,swing,-0.1079,-0.5122,0.3812,73.6694,109.4971,-39.1235,t003,FJTB
2531316647,4310880,2,tobillo,swing,0.1730,-0.5562,0.4148,74.1577,71.0449,-13.9770,t003,FJTB
2531316647,4310896,2,tobillo,swing,0.1267,-0.5242,0.4326,86.2427,48.8892,-6.6528,t003,FJTB
2531316648,4310912,2,tobillo,swing,0.0522,-0.4740,0.4395,88.8061,52.0630,0.2441,t003,FJTB
2531316648,4310928,2,tobillo,swing,0.0490,-0.4774,0.4257,92.1020,59.3872,22.4609,t003,FJTB
2531316705,4310944,2,tobillo,swing,-0.0573,-0.4910,0.4215,92.5903,51.9409,44.6777,t003,FJTB
2531316707,4310960,2,tobillo,swing,-0.1278,-0.5504,0.4824,94.7266,51.7578,60.4858,t003,FJTB
2531316707,4310976,2,tobillo,swing,-0.1202,-0.6067,0.5051,103.9429,69.2749,92.9565,t003,FJTB
2531316707,4310991,2,tobillo,swing,-0.1168,-0.7100,0.4636,106.8115,85.3882,102.4170,t003,FJTB
2531316769,4311007,2,tobillo,swing,-0.1271,-0.7878,0.4250,103.9429,114.3188,105.8960,t003,FJTB
2531316770,4311023,2,tobillo,swing,-0.1113,-0.8304,0.4377,97.8393,127.4414,109.0698,t003,FJTB
2531316770,4311039,2,tobillo,swing,-0.0575,-0.8728,0.4984,92.7734,130.2490,114.1357,t003,FJTB
2531316770,4311055,2,tobillo,swing,-0.0327,-0.8512,0.5192,97.7173,131.2866,112.5488,t003,FJTB
2531316827,4311071,2,tobillo,swing,-0.0621,-1.0127,0.6256,103.9429,130.4932,116.6382,t003,FJTB
2531316830,4311087,2,tobillo,swing,-0.0114,-1.0061,0.6799,93.5669,136.9019,135.9253,t003,FJTB
2531316831,4311103,2,tobillo,swing,0.0824,-0.9813,0.6847,86.1206,134.7046,138.1226,t003,FJTB
2531316893,4311119,2,tobillo,swing,0.1364,-1.0000,0.6942,85.2661,126.1597,135.0098,t003,FJTB
2531316893,4311135,2,tobillo,swing,0.1272,-1.0195,0.6871,80.9326,106.0181,132.3853,t003,FJTB
2531316894,4311150,2,tobillo,swing,0.0909,-1.1089,0.6810,78.8574,97.1680,132.9346,t003,FJTB
2531316894,4311166,2,tobillo,swing,0.0447,-1.1299,0.6744,71.7773,87.9517,133.3008,t003,FJTB
2531316894,4311182,2,tobillo,swing,0.0421,-1.1410,0.6534,64.7583,88.3179,131.8970,t003,FJTB
2531316953,4311198,2,tobillo,swing,0.0419,-1.1672,0.6260,61.6455,88.1348,130.7373,t003,FJTB
2531316954,4311213,2,tobillo,swing,0.0480,-1.1598,0.6239,52.6123,88.1348,124.8779,t003,FJTB
2531316955,4311229,2,tobillo,swing,0.0646,-1.1334,0.5800,47.5464,88.9282,119.0185,t003,FJTB
2531316995,4311245,2,tobillo,swing,0.0371,-1.1796,0.5248,43.1519,87.5854,105.3467,t003,FJTB
2531317014,4311261,2,tobillo,swing,-0.0085,-1.2096,0.5194,44.1284,81.2378,97.1680,t003,FJTB
2531317014,4311276,2,tobillo,swing,-0.1394,-1.2048,0.5696,43.1519,76.1719,93.7500,t003,FJTB
2531317014,4311292,2,tobillo,swing,-0.1967,-1.1566,0.5823,38.0249,66.5283,93.3838,t003,FJTB
2531317067,4311308,2,tobillo,swing,-0.1897,-1.0703,0.5131,36.7432,66.1621,96.0693,t003,FJTB
2531317069,4311324,2,tobillo,swing,-0.0226,-1.0767,0.3790,30.0293,67.7490,87.0972,t003,FJTB
2531317070,4311340,2,tobillo,swing,-0.0049,-1.0586,0.3528,21.7285,51.8188,66.5283,t003,FJTB
2531317070,4311356,2,tobillo,swing,-0.0789,-1.0385,0.3436,17.0898,40.7104,59.0210,t003,FJTB
2531317124,4311372,2,tobillo,swing,-0.1067,-1.0017,0.3439,12.0239,15.2588,46.6309,t003,FJTB
2531317125,4311388,2,tobillo,swing,-0.2943,-0.9611,0.4210,11.5967,2.9297,40.5884,t003,FJTB
2531317125,4311403,2,tobillo,swing,-0.3424,-0.9181,0.3723,3.2959,11.7187,35.1563,t003,FJTB
2531317176,4311419,2,tobillo,swing,-0.2245,-0.9139,0.3578,-11.1084,38.1470,23.8647,t003,FJTB
2531317178,4311435,2,tobillo,swing,-0.2168,-0.8534,0.4271,-16.4185,46.0205,14.5874,t003,FJTB
2531317178,4311451,2,tobillo,swing,-0.2690,-0.8804,0.3756,-24.2310,56.7017,-13.0615,t003,FJTB
2531317214,4311467,2,tobillo,swing,-0.2009,-0.9089,0.3392,-31.9214,60.4858,-24.2310,t003,FJTB
2531317234,4311483,2,tobillo,swing,-0.0604,-1.0406,0.3132,-34.4238,54.2603,-26.9775,t003,FJTB
2531317235,4311499,2,tobillo,swing,-0.2421,-0.8372,0.2543,-55.1758,41.0767,-48.1567,t003,FJTB
2531317235,4311515,2,tobillo,swing,0.3439,-0.8240,0.1228,-53.1616,27.8931,-60.6079,t003,FJTB
2531317287,4311531,2,tobillo,swing,0.8895,-1.2181,-0.2113,-38.3911,-9.3384,-63.1103,t003,FJTB
2531317289,4311547,2,tobillo,swing,0.7343,-1.5516,-0.1183,-17.0288,-21.6064,-55.1758,t003,FJTB
2531317290,4311563,2,tobillo,swing,0.0839,-1.3439,0.3437,-21.6675,-35.8276,-58.8989,t003,FJTB
2531317312,4311579,2,tobillo,swing,0.1238,-0.8818,0.2899,-24.4751,-73.7915,-52.3682,t003,FJTB
2531317346,4311595,2,tobillo,swing,0.1377,-0.7341,0.3326,-22.1558,-62.3779,-41.7480,t003,FJTB
2531317346,4311611,2,tobillo,swing,-0.0363,-0.7964,0.3805,-19.2261,-48.4009,-41.4429,t003,FJTB
2531317347,4311627,2,tobillo,swing,-0.0536,-0.9250,0.3452,-11.2915,-23.1934,-39.5508,t003,FJTB
2531317403,4311644,2,tobillo,swing,-0.0477,-1.0896,0.3066,-4.5776,-17.0288,-34.3628,t003,FJTB
2531317404,4311660,2,tobillo,swing,-0.0410,-1.0062,0.3451,-1.2207,-5.6763,-32.7148,t003,FJTB
2531317405,4311676,2,tobillo,swing,-0.0453,-0.9784,0.2584,0.4883,11.1694,-31.9214,t003,FJTB
2531317405,4311692,2,tobillo,swing,0.0818,-0.9362,0.2369,4.0283,15.7471,-29.6020,t003,FJTB
2531317464,4311708,2,tobillo,swing,0.0577,-0.9861,0.2474,10.1929,12.4512,-22.5830,t003,FJTB
2531317465,4311724,2,tobillo,swing,0.0769,-0.9937,0.2256,11.7798,5.1880,-18.5547,t003,FJTB
2531317465,4311740,2,tobillo,swing,0.0394,-1.0189,0.1797,12.6343,1.1597,-14.7705,t003,FJTB
2531317520,4311755,2,tobillo,swing,0.0519,-0.9988,0.1803,11.0474,-1.5259,-8.7280,t003,FJTB
2531317520,4311771,2,tobillo,swing,0.0667,-0.9647,0.2119,9.8877,-1.4038,-7.3853,t003,FJTB
2531317522,4311787,2,tobillo,swing,0.0575,-0.9736,0.2086,10.0098,0.4883,-5.4932,t003,FJTB
2531317522,4311803,2,tobillo,swing,0.0782,-0.9780,0.2072,9.7046,5.6763,-5.9814,t003,FJTB
2531317583,4311819,2,tobillo,swing,0.0895,-0.9851,0.2196,9.5825,6.9580,-6.1035,t003,FJTB
2531317583,4311835,2,tobillo,swing,0.0868,-0.9851,0.2219,7.7515,6.1646,-5.5542,t003,FJTB
2531317584,4311851,2,tobillo,swing,0.0636,-0.9730,0.2272,7.0801,6.1646,-5.0049,t003,FJTB
2531317584,4311867,2,tobillo,swing,0.0526,-0.9778,0.2104,6.7139,9.3384,-4.8828,t003,FJTB
2531317642,4311883,2,tobillo,swing,0.0743,-0.9867,0.2051,5.5542,12.7563,-6.7139,t003,FJTB
2531317643,4311898,2,tobillo,swing,0.0864,-0.9941,0.1975,4.8828,12.6953,-5.9204,t003,FJTB
2531317643,4311914,2,tobillo,swing,0.0807,-0.9878,0.1917,2.6855,13.0005,-5.4321,t003,FJTB
2531317654,4311930,2,tobillo,swing,0.0879,-0.9764,0.1917,1.2207,13.3057,-6.1035,t003,FJTB
2531317703,4311946,2,tobillo,swing,0.0864,-0.9745,0.1891,0.7324,13.4888,-6.6528,t003,FJTB
2531317704,4311962,2,tobillo,swing,0.0847,-0.9738,0.1968,0.3052,14.8926,-6.4697,t003,FJTB
2531317704,4311978,2,tobillo,swing,0.0493,-0.9675,0.1942,-0.1221,16.9678,-6.9580,t003,FJTB
2531317722,4311993,2,tobillo,swing,0.0734,-0.9811,0.2192,-0.3052,21.1182,-9.2773,t003,FJTB
2531317758,4312009,2,tobillo,swing,0.0593,-0.9860,0.2463,-1.4648,18.7988,-7.5073,t003,FJTB
2531317760,4312025,2,tobillo,swing,0.0710,-0.9812,0.2125,-2.3804,19.1650,-7.5073,t003,FJTB
2531317760,4312041,2,tobillo,swing,0.0803,-0.9811,0.1984,-2.8076,22.3389,-8.9722,t003,FJTB
2531317819,4312057,2,tobillo,swing,0.1090,-0.9735,0.1849,-2.1973,22.0337,-10.1929,t003,FJTB
2531317819,4312073,2,tobillo,swing,0.1301,-0.9860,0.1855,-2.5635,16.6626,-9.2773,t003,FJTB
2531317820,4312089,2,tobillo,swing,0.1375,-0.9880,0.1776,-5.6152,11.2915,-7.7515,t003,FJTB
2531317820,4312105,2,tobillo,swing,0.0807,-0.9849,0.1827,-6.1646,9.7046,-8.1177,t003,FJTB
2531317873,4312121,2,tobillo,swing,0.0479,-0.9784,0.1954,-5.9204,8.7891,-7.8125,t003,FJTB
2531317875,4312137,2,tobillo,swing,0.0348,-0.9689,0.2133,-4.9438,8.3618,-6.4087,t003,FJTB
2531317875,4312153,2,tobillo,swing,0.0441,-0.9753,0.2430,-2.1362,7.0801,-3.6621,t003,FJTB
2531317933,4312169,2,tobillo,swing,0.0698,-0.9784,0.2407,-3.2349,7.1411,-3.7231,t003,FJTB
2531317934,4312185,2,tobillo,swing,0.0869,-0.9767,0.2228,-4.0894,6.6528,-3.7231,t003,FJTB
2531317934,4312201,2,tobillo,swing,0.0535,-0.9857,0.2135,-4.3335,5.5542,-3.6011,t003,FJTB
2531317935,4312217,2,tobillo,swing,0.0658,-0.9885,0.2031,-5.0659,6.4697,-6.3477,t003,FJTB
2531317990,4312233,2,tobillo,swing,0.1085,-0.9852,0.1843,-5.3711,6.7139,-8.3618,t003,FJTB
2531317991,4312249,2,tobillo,swing,0.0973,-0.9822,0.1948,-5.7373,6.3477,-12.1460,t003,FJTB
2531317991,4312264,2,tobillo,swing,0.0594,-0.9785,0.1982,-5.9204,6.7139,-14.2822,t003,FJTB
2531318048,4312280,2,tobillo,swing,0.0565,-0.9897,0.1843,-4.8218,7.7515,-19.1040,t003,FJTB
2531318048,4312296,2,tobillo,swing,0.0521,-0.9875,0.1733,-4.7607,6.9580,-22.2778,t003,FJTB
2531318049,4312312,2,tobillo,swing,0.0619,-0.9723,0.2074,-5.7983,6.1035,-22.8882,t003,FJTB
2531318049,4312328,2,tobillo,swing,0.0576,-0.9691,0.2416,-8.9111,3.6621,-21.7285,t003,FJTB
2531318104,4312344,2,tobillo,swing,0.0166,-0.9629,0.2616,-8.6670,4.3945,-21.2402,t003,FJTB
2531318105,4312360,2,tobillo,swing,-0.0132,-0.9670,0.2712,-5.4321,7.9346,-20.7520,t003,FJTB
2531318105,4312376,2,tobillo,swing,-0.0023,-0.9680,0.2579,-4.8828,8.9722,-18.0664,t003,FJTB
2531318106,4312392,2,tobillo,swing,0.0099,-0.9758,0.2255,-5.1270,9.0332,-16.9678,t003,FJTB
2531318162,4312408,2,tobillo,swing,0.0161,-0.9816,0.2227,-5.3711,9.2773,-17.1509,t003,FJTB
2531318163,4312424,2,tobillo,swing,0.0168,-0.9774,0.2271,-5.9204,8.1177,-17.5171,t003,FJTB
2531318163,4312440,2,tobillo,swing,0.0076,-0.9713,0.2285,-6.4087,7.0190,-17.0288,t003,FJTB
2531318217,4312456,2,tobillo,swing,0.0096,-0.9802,0.2250,-7.9956,5.3101,-16.5405,t003,FJTB
2531318219,4312472,2,tobillo,swing,0.0072,-0.9957,0.2450,-9.5215,4.8828,-17.2119,t003,FJTB
2531318220,4312488,2,tobillo,swing,-0.0146,-0.9906,0.2606,-14.0381,6.6528,-18.7988,t003,FJTB
2531318220,4312504,2,tobillo,swing,-0.0336,-0.9878,0.2712,-15.8691,11.7187,-21.9727,t003,FJTB
2531318276,4312520,2,tobillo,swing,-0.0247,-0.9825,0.2673,-15.8691,14.4043,-23.8647,t003,FJTB
2531318277,4312536,2,tobillo,swing,-0.0245,-0.9904,0.2616,-15.6250,17.4561,-25.8789,t003,FJTB
2531318277,4312552,2,tobillo,swing,-0.0475,-0.9814,0.2596,-16.9678,18.9209,-26.5503,t003,FJTB
2531318300,4312568,2,tobillo,swing,-0.0537,-0.9591,0.2626,-16.7236,19.5313,-26.1841,t003,FJTB
2531318330,4312584,2,tobillo,swing,-0.0491,-0.9562,0.2664,-14.4043,18.9819,-24.2310,t003,FJTB
2531318332,4312600,2,tobillo,swing,-0.0375,-0.9618,0.2700,-13.7329,18.0664,-22.7051,t003,FJTB
2531318333,4312616,2,tobillo,swing,-0.0397,-0.9790,0.2781,-13.9770,15.7471,-19.4092,t003,FJTB
2531318388,4312632,2,tobillo,swing,-0.0398,-0.9800,0.2786,-15.3198,14.3433,-20.2026,t003,FJTB
2531318389,4312648,2,tobillo,swing,-0.0442,-0.9786,0.2808,-12.8784,13.2446,-22.2168,t003,FJTB
2531318390,4312664,2,tobillo,swing,-0.0563,-0.9941,0.2990,-10.4980,15.3809,-28.9917,t003,FJTB
2531318444,4312680,2,tobillo,swing,-0.0667,-0.9835,0.3080,-13.1836,20.3857,-35.8887,t003,FJTB
2531318446,4312696,2,tobillo,swing,-0.0566,-0.9564,0.3059,-12.5732,21.7895,-37.4146,t003,FJTB
2531318446,4312712,2,tobillo,swing,-0.0499,-0.9600,0.3125,-10.1929,24.5361,-37.5977,t003,FJTB
2531318447,4312728,2,tobillo,swing,-0.0701,-0.9392,0.3728,-10.6201,26.0010,-38.1470,t003,FJTB
2531318500,4312744,2,tobillo,swing,-0.0671,-0.9196,0.3989,-9.9487,26.1230,-39.9170,t003,FJTB
2531318500,4312760,2,tobillo,swing,-0.0720,-0.9333,0.3889,-5.9814,22.9492,-40.4663,t003,FJTB
2531318501,4312776,2,tobillo,swing,-0.0872,-0.9674,0.3427,-4.7607,21.4233,-41.4429,t003,FJTB
2531318547,4312792,2,tobillo,swing,-0.0682,-0.9811,0.3058,-2.9297,16.1743,-45.8374,t003,FJTB
2531318550,4312808,2,tobillo,swing,-0.0486,-1.0095,0.2563,-4.2725,7.5684,-49.8047,t003,FJTB
2531318550,4312824,2,tobillo,swing,-0.1256,-0.9594,0.3057,-7.0190,3.8452,-49.2554,t003,FJTB
2531318600,4312840,2,tobillo,swing,-0.1853,-0.9189,0.3041,-10.1318,-0.7935,-41.9922,t003,FJTB
2531318600,4312856,2,tobillo,swing,-0.2562,-0.9039,0.2700,-9.0942,-0.7935,-38.2690,t003,FJTB
2531318600,4312872,2,tobillo,swing,-0.2756,-0.8680,0.2637,-7.8125,1.5869,-32.0435,t003,FJTB
2531318601,4312888,2,tobillo,swing,-0.2471,-0.8682,0.2788,-5.0049,3.6621,-25.4517,t003,FJTB
2531318647,4312904,2,tobillo,swing,-0.1863,-0.9117,0.3331,-3.6011,3.4180,-21.9727,t003,FJTB
2531318649,4312920,2,tobillo,swing,-0.1860,-0.9445,0.3401,-3.0518,2.5635,-17.8833,t003,FJTB
2531318650,4312936,2,tobillo,swing,-0.2227,-1.0366,0.3081,-2.5024,7.0801,-21.6064,t003,FJTB
2531318701,4312952,2,tobillo,swing,-0.1947,-0.9956,0.3608,-4.6387,10.3760,-24.7803,t003,FJTB
2531318701,4312968,2,tobillo,swing,-0.1949,-0.9380,0.3750,-5.9204,19.2871,-29.4189,t003,FJTB
2531318701,4312984,2,tobillo,swing,-0.2341,-0.9998,0.4103,-3.2959,25.7568,-32.1655,t003,FJTB
2531318750,4313001,2,tobillo,swing,-0.2332,-1.0858,0.3868,-1.6479,40.2832,-38.9404,t003,FJTB
2531318751,4313016,2,tobillo,swing,-0.1555,-1.0281,0.3597,-2.0142,48.0347,-38.5132,t003,FJTB
2531318751,4313032,2,tobillo,swing,-0.2616,-0.9456,0.2565,4.9438,56.2134,-39.3066,t003,FJTB
2531318802,4313048,2,tobillo,swing,-0.3057,-0.9790,0.1370,13.7939,106.5063,-54.8096,t003,FJTB
2531318802,4313064,2,tobillo,swing,-0.1272,-0.9972,-0.1234,24.6582,149.8413,-67.3828,t003,FJTB
2531318803,4313080,2,tobillo,swing,-0.3477,-1.1014,-0.0803,39.1235,167.3584,-66.4673,t003,FJTB
2531318852,4313096,2,tobillo,swing,-0.5421,-1.1495,-0.0469,52.9175,186.2182,-77.0264,t003,FJTB
2531318855,4313113,2,tobillo,swing,-0.2142,-1.0573,0.0540,39.2456,198.4253,-91.4917,t003,FJTB
2531318856,4313128,2,tobillo,swing,-0.0144,-0.9614,0.2312,19.6533,244.5679,-94.9707,t003,FJTB
2531318865,4313144,2,tobillo,swing,0.1191,-0.9084,0.3384,8.1787,289.5508,-78.7354,t003,FJTB
2531318911,4313160,2,tobillo,swing,0.4349,-0.7557,0.4442,0.1831,296.6919,-77.6978,t003,FJTB
2531318911,4313176,2,tobillo,swing,0.4618,-0.7172,0.4729,0.1831,265.6860,-70.6787,t003,FJTB
2531318912,4313192,2,tobillo,swing,0.5463,-0.6672,0.6011,2.4414,235.1074,-60.7910,t003,FJTB
2531318962,4313208,2,tobillo,swing,0.4979,-0.6224,0.7205,7.8125,162.5976,-35.3394,t003,FJTB
2531318964,4313224,2,tobillo,swing,0.4287,-0.6445,0.7573,16.4795,92.2851,-2.5635,t003,FJTB
2531318965,4313240,2,tobillo,swing,0.3607,-0.6744,0.7659,20.5078,62.1948,14.4043,t003,FJTB
2531319000,4313255,2,tobillo,swing,0.3550,-0.7281,0.7622,23.6816,8.9111,44.5557,t003,FJTB
2531319020,4313271,2,tobillo,swing,0.2466,-0.7806,0.7189,19.2261,-27.7710,64.6362,t003,FJTB
2531319020,4313287,2,tobillo,swing,0.1475,-0.8026,0.6412,18.3105,-39.4287,72.3267,t003,FJTB
2531319021,4313303,2,tobillo,swing,0.1090,-0.8138,0.6144,16.5405,-50.7202,83.0078,t003,FJTB
2531319072,4313319,2,tobillo,swing,0.0165,-0.8578,0.5522,16.0522,-51.1475,86.4258,t003,FJTB
2531319075,4313335,2,tobillo,swing,-0.0312,-0.9130,0.5054,14.4043,-45.5322,91.3086,t003,FJTB
2531319076,4313351,2,tobillo,swing,-0.0469,-0.9301,0.4849,9.8877,-30.0293,90.7593,t003,FJTB
2531319130,4313367,2,tobillo,swing,-0.0513,-0.9625,0.4463,7.8125,-20.3247,88.3789,t003,FJTB
2531319131,4313382,2,tobillo,swing,-0.0410,-0.9773,0.4324,4.3335,-2.4414,80.5054,t003,FJTB
2531319131,4313398,2,tobillo,swing,-0.0101,-1.0098,0.4283,2.6855,4.7607,74.8291,t003,FJTB
2531319132,4313414,2,tobillo,swing,-0.0037,-1.0121,0.4368,-0.2441,16.6626,63.4766,t003,FJTB
2531319183,4313430,2,tobillo,swing,0.0094,-1.0116,0.4338,-1.8921,23.3765,54.6265,t003,FJTB
2531319184,4313446,2,tobillo,swing,0.0156,-1.0160,0.4537,-2.0142,23.1934,53.0395,t003,FJTB
2531319186,4313462,2,tobillo,swing,0.0337,-1.0278,0.4561,-1.6479,20.8740,53.6499,t003,FJTB
2531319239,4313478,2,tobillo,swing,0.1025,-1.0448,0.4589,-2.0752,18.4937,52.4902,t003,FJTB
2531319239,4313493,2,tobillo,swing,0.1267,-1.0055,0.4607,-6.1035,14.4043,43.0908,t003,FJTB
2531319240,4313509,2,tobillo,swing,0.1525,-0.9772,0.4432,-11.6577,9.5825,31.9824,t003,FJTB
2531319240,4313525,2,tobillo,swing,0.2183,-0.9574,0.4087,-14.7095,6.4087,25.4517,t003,FJTB
2531319288,4313541,2,tobillo,swing,0.2275,-0.9622,0.4205,-19.5313,-4.0894,11.3525,t003,FJTB
2531319288,4313557,2,tobillo,swing,0.0441,-0.9354,0.4188,-16.3574,-6.8970,11.8408,t003,FJTB
2531319290,4313573,2,tobillo,swing,0.0892,-0.9407,0.3094,-7.9956,-0.2441,25.4517,t003,FJTB
2531319341,4313589,2,tobillo,swing,0.1833,-0.9569,0.2913,-10.6201,-3.9062,26.1230,t003,FJTB
2531319341,4313605,2,tobillo,swing,0.2139,-0.9185,0.2709,-12.6343,-9.8267,23.0713,t003,FJTB
2531319342,4313621,2,tobillo,swing,0.1859,-0.9211,0.2336,-10.7422,-16.2354,18.6768,t003,FJTB
2531319391,4313637,2,tobillo,swing,0.1617,-0.9340,0.2501,-9.5215,-17.6392,13.1836,t003,FJTB
2531319391,4313653,2,tobillo,swing,0.0255,-0.9205,0.2789,-8.1787,-17.3950,12.2681,t003,FJTB
2531319392,4313669,2,tobillo,swing,-0.0089,-0.9370,0.2659,0.9155,-10.9253,19.7754,t003,FJTB
2531319412,4313685,2,tobillo,swing,0.0559,-0.9948,0.2267,4.5166,-4.8828,26.4893,t003,FJTB
2531319442,4313700,2,tobillo,swing,0.1907,-0.9597,0.2202,4.0283,5.3711,31.0669,t003,FJTB
2531319443,4313716,2,tobillo,swing,0.2010,-0.9241,0.2324,4.2725,11.2305,26.4893,t003,FJTB
2531319483,4313732,2,tobillo,swing,0.1848,-0.8749,0.2537,5.0049,14.4043,23.0713,t003,FJTB
2531319493,4313748,2,tobillo,swing,0.1981,-0.8735,0.2676,6.8970,19.8975,17.0288,t003,FJTB
2531319493,4313763,2,tobillo,swing,0.1898,-0.8878,0.2994,9.3994,20.6299,17.0898,t003,FJTB
2531319493,4313779,2,tobillo,swing,0.1219,-0.8845,0.2908,16.4185,19.7754,26.5503,t003,FJTB
2531319544,4313795,2,tobillo,swing,0.1360,-0.8774,0.2618,19.9585,24.1089,38.3301,t003,FJTB
2531319544,4313811,2,tobillo,swing,0.2731,-0.8978,0.2479,21.6064,29.0527,41.4429,t003,FJTB
2531319544,4313826,2,tobillo,swing,0.3080,-0.8911,0.2778,23.1934,36.3770,38.8184,t003,FJTB
2531319591,4313842,2,tobillo,swing,0.2599,-0.8718,0.3341,22.7051,37.5977,36.6211,t003,FJTB
2531319593,4313858,2,tobillo,swing,0.2711,-0.8625,0.3544,20.9351,37.5977,36.3770,t003,FJTB
2531319594,4313874,2,tobillo,swing,0.2958,-0.8655,0.3544,21.0571,33.6914,39.0625,t003,FJTB
2531319644,4313889,2,tobillo,swing,0.3375,-0.8783,0.3147,21.6064,30.8228,40.6494,t003,FJTB
2531319645,4313905,2,tobillo,swing,0.3486,-0.8903,0.2849,24.1089,25.5127,42.4194,t003,FJTB
2531319645,4313921,2,tobillo,swing,0.3646,-0.8994,0.2617,25.0244,24.5972,42.3584,t003,FJTB
2531319693,4313937,2,tobillo,swing,0.3928,-0.8604,0.2943,24.4141,27.5269,42.9687,t003,FJTB
2531319694,4313952,2,tobillo,swing,0.3979,-0.8419,0.3090,23.8037,32.0435,45.2270,t003,FJTB
2531319694,4313968,2,tobillo,swing,0.3665,-0.8583,0.2830,24.5361,34.3018,46.9971,t003,FJTB
2531319728,4313984,2,tobillo,swing,0.3666,-0.8884,0.2599,24.9023,43.0298,47.3022,t003,FJTB
2531319745,4314000,2,tobillo,swing,0.3735,-0.8966,0.2562,24.2920,48.5229,45.4102,t003,FJTB
2531319745,4314015,2,tobillo,swing,0.3549,-0.8718,0.2618,24.7192,57.4341,41.0767,t003,FJTB
2531319745,4314031,2,tobillo,swing,0.3359,-0.8607,0.2745,29.3579,62.6831,39.7949,t003,FJTB
2531319793,4314047,2,tobillo,swing,0.3070,-0.8634,0.3098,32.2876,63.8428,40.6494,t003,FJTB
2531319794,4314063,2,tobillo,swing,0.2953,-0.8618,0.3007,30.5176,65.9180,40.1611,t003,FJTB
2531319795,4314078,2,tobillo,swing,0.3177,-0.8530,0.2687,28.0151,65.8569,37.1094,t003,FJTB
2531319844,4314094,2,tobillo,swing,0.3129,-0.8422,0.2762,26.8555,58.1665,27.5269,t003,FJTB
2531319844,4314110,2,tobillo,swing,0.2644,-0.8236,0.2913,27.0386,40.2832,25.0854,t003,FJTB
2531319844,4314126,2,tobillo,swing,0.2965,-0.7975,0.2903,25.8179,32.5928,26.7334,t003,FJTB
2531319890,4314141,2,tobillo,swing,0.3346,-0.7937,0.2762,21.5454,26.1230,20.3247,t003,FJTB
2531319891,4314157,2,tobillo,swing,0.2422,-0.7905,0.2455,19.5923,23.3765,12.2070,t003,FJTB
2531319891,4314173,2,tobillo,loading,0.1536,-0.8108,0.2140,17.4561,13.6719,-1.4648,t003,FJTB
2531319943,4314189,2,tobillo,loading,0.1465,-0.8269,0.2061,16.5405,8.6060,-10.9253,t003,FJTB
2531319944,4314205,2,tobillo,loading,0.0850,-0.8319,0.1522,15.0146,10.4980,-18.0664,t003,FJTB
2531319944,4314220,2,tobillo,loading,0.0543,-0.8643,0.1355,15.9912,13.1836,-34.6680,t003,FJTB
2531319984,4314236,2,tobillo,loading,0.0688,-0.9456,0.2190,16.0522,8.3618,-40.8936,t003,FJTB
2531319990,4314252,2,tobillo,loading,0.3934,-0.9712,0.7200,4.6387,-24.9023,-59.8144,t003,FJTB
2531319993,4314268,2,tobillo,loading,0.5627,-0.7516,0.9337,-19.8364,-114.8682,-88.2568,t003,FJTB
2531320041,4314284,2,tobillo,loading,1.1949,-0.9030,0.5874,-4.3335,-144.7144,-102.4170,t003,FJTB
2531320041,4314300,2,tobillo,loading,1.4998,-1.2631,0.4072,32.7759,-145.9961,-127.0142,t003,FJTB
2531320042,4314316,2,tobillo,loading,0.1967,-1.5631,0.8630,13.9160,-148.0103,-126.9531,t003,FJTB
2531320086,4314332,2,tobillo,loading,-0.8678,-1.2311,0.4797,-32.8369,-122.8638,-61.2183,t003,FJTB
2531320086,4314348,2,tobillo,loading,-0.0883,-0.8876,0.1641,-33.9966,-61.7065,-85.0830,t003,FJTB
2531320088,4314364,2,tobillo,loading,-0.0150,-0.8153,0.0583,-18.3105,-62.5000,-85.8765,t003,FJTB
2531320130,4314380,2,tobillo,loading,-0.4098,-1.1835,0.3422,21.6064,-63.9648,-78.4912,t003,FJTB
2531320137,4314396,2,tobillo,loading,-0.1592,-1.1783,0.4163,15.5029,-31.4941,-62.0117,t003,FJTB
2531320138,4314412,2,tobillo,loading,0.0627,-0.9899,0.2886,4.9438,-25.6348,-49.9268,t003,FJTB
2531320174,4314428,2,tobillo,loading,0.0905,-0.9399,0.2502,-1.5869,-22.3999,-36.6821,t003,FJTB
2531320183,4314444,2,tobillo,loading,0.1692,-0.9308,0.2850,1.5259,-23.9868,-32.8979,t003,FJTB
2531320185,4314460,2,tobillo,loading,0.1461,-0.9885,0.3607,7.6294,-29.2969,-27.8931,t003,FJTB
2531320235,4314476,2,tobillo,loading,0.0729,-0.9771,0.3585,3.4180,-21.9116,-22.3999,t003,FJTB
2531320235,4314492,2,tobillo,loading,0.0338,-0.9495,0.2772,0.9155,-13.6719,-19.1040,t003,FJTB
2531320236,4314508,2,tobillo,loading,0.0575,-0.9537,0.2434,-0.4272,-2.0752,-15.4419,t003,FJTB
2531320237,4314524,2,tobillo,loading,0.1287,-0.9963,0.2183,-4.3945,2.6855,-14.6484,t003,FJTB
2531320284,4314540,2,tobillo,loading,0.1573,-1.0073,0.2588,-8.8501,4.9438,-15.9912,t003,FJTB
2531320284,4314556,2,tobillo,loading,0.1388,-1.0096,0.2880,-18.7378,9.8267,-19.7144,t003,FJTB
2531320285,4314572,2,tobillo,loading,0.1097,-1.0002,0.3145,-26.1230,14.2822,-20.2637,t003,FJTB
2531320333,4314588,2,tobillo,loading,0.1388,-0.9689,0.2880,-33.8745,20.6909,-22.5220,t003,FJTB
2531320334,4314604,2,tobillo,midstance,0.1565,-0.9895,0.2911,-30.6396,17.6392,-26.5503,t003,FJTB
2531320334,4314620,2,tobillo,midstance,0.1259,-0.9600,0.2845,-28.9307,14.9536,-30.0903,t003,FJTB
2531320380,4314636,2,tobillo,midstance,0.1100,-0.9434,0.2898,-18.4326,6.4697,-39.7339,t003,FJTB
2531320381,4314652,2,tobillo,midstance,0.0911,-0.9625,0.2976,-13.7329,1.7090,-46.2646,t003,FJTB
2531320382,4314668,2,tobillo,midstance,0.0898,-0.9767,0.2869,-14.2822,1.2207,-48.7061,t003,FJTB
2531320431,4314684,2,tobillo,midstance,0.0721,-0.9683,0.2843,-15.5640,-1.2207,-53.0395,t003,FJTB
2531320432,4314700,2,tobillo,midstance,0.0212,-0.9331,0.2998,-15.3198,-2.5635,-53.6499,t003,FJTB
2531320432,4314716,2,tobillo,midstance,-0.0007,-0.9319,0.3170,-14.8926,-3.0518,-50.2930,t003,FJTB
2531320477,4314732,2,tobillo,midstance,-0.0088,-0.9297,0.3174,-14.2822,-3.1738,-46.0205,t003,FJTB
2531320479,4314748,2,tobillo,midstance,-0.0171,-0.9272,0.3180,-13.5498,-3.4790,-44.0063,t003,FJTB
2531320480,4314764,2,tobillo,midstance,-0.0325,-0.9259,0.3236,-12.5732,-3.9062,-39.9170,t003,FJTB
2531320529,4314780,2,tobillo,midstance,-0.0544,-0.9164,0.3477,-9.5215,-3.9673,-37.5977,t003,FJTB
2531320530,4314796,2,tobillo,midstance,-0.0393,-0.9138,0.3623,-7.2632,-3.9062,-36.9263,t003,FJTB
2531320530,4314813,2,tobillo,midstance,-0.0339,-0.9264,0.3656,-2.6855,-4.6387,-36.3159,t003,FJTB
2531320576,4314829,2,tobillo,midstance,-0.0238,-0.9537,0.3710,-1.2207,-5.2490,-37.1704,t003,FJTB
2531320578,4314845,2,tobillo,midstance,-0.0104,-0.9658,0.3914,0.3052,-7.0801,-39.9780,t003,FJTB
2531320578,4314861,2,tobillo,midstance,-0.0128,-0.9625,0.3929,-0.6714,-12.6953,-43.3350,t003,FJTB
2531320627,4314877,2,tobillo,midstance,-0.0281,-0.9346,0.3783,-2.4414,-16.1743,-43.5181,t003,FJTB
2531320628,4314893,2,tobillo,midstance,-0.0536,-0.9568,0.3284,-6.4087,-21.3013,-42.4194,t003,FJTB
2531320628,4314910,2,tobillo,midstance,-0.0710,-0.9994,0.2814,-13.6719,-22.4609,-43.5791,t003,FJTB
2531320674,4314926,2,tobillo,midstance,-0.1392,-1.0184,0.2424,-19.4092,-21.3623,-44.6777,t003,FJTB
2531320676,4314942,2,tobillo,midstance,-0.1675,-0.9792,0.2733,-24.8413,-18.3105,-49.6216,t003,FJTB
2531320676,4314958,2,tobillo,midstance,-0.1382,-0.9543,0.3356,-18.4937,-20.8130,-55.5420,t003,FJTB
2531320724,4314974,2,tobillo,midstance,-0.1462,-0.9746,0.3895,-17.7002,-22.6440,-56.2134,t003,FJTB
2531320724,4314990,2,tobillo,midstance,-0.1604,-0.9635,0.3978,-18.5547,-25.6958,-55.0537,t003,FJTB
2531320725,4315006,2,tobillo,midstance,-0.1558,-0.9446,0.4271,-14.5264,-28.1982,-55.6030,t003,FJTB
2531320769,4315022,2,tobillo,terminal,-0.1541,-1.0210,0.4348,-1.7090,-35.5835,-59.8144,t003,FJTB
2531320770,4315039,2,tobillo,terminal,-0.1610,-1.0698,0.4440,8.6670,-37.7808,-66.6504,t003,FJTB
2531320770,4315055,2,tobillo,terminal,-0.1394,-1.1578,0.5192,13.7329,-36.9263,-72.3267,t003,FJTB
2531320821,4315071,2,tobillo,terminal,-0.0701,-1.2633,0.5951,25.1465,-36.2549,-91.0034,t003,FJTB
2531320821,4315087,2,tobillo,terminal,-0.0126,-1.3224,0.6595,37.2925,-36.0107,-118.6523,t003,FJTB
2531320821,4315103,2,tobillo,terminal,0.1129,-1.4580,0.8429,40.9546,-30.8838,-135.5591,t003,FJTB
2531320867,4315119,2,tobillo,terminal,0.1479,-1.5557,0.9652,38.0859,18.7378,-179.9316,t003,FJTB
2531320868,4315134,2,tobillo,terminal,0.3206,-1.8467,0.7745,17.8833,67.0166,-211.9751,t003,FJTB
2531320868,4315150,2,tobillo,terminal,0.5135,-1.5808,0.1711,-67.5049,112.9761,-279.7241,t003,FJTB
2531320915,4315166,2,tobillo,terminal,0.1979,-1.3928,0.2275,-74.0967,-12.8784,-284.6069,t003,FJTB
2531320916,4315182,2,tobillo,terminal,-0.5500,-1.1936,0.7593,-40.0391,-66.5283,-273.9868,t003,FJTB
2531320916,4315198,2,tobillo,terminal,-0.4683,-1.1947,0.8606,14.3433,-53.4668,-260.4980,t003,FJTB
2531320959,4315214,2,tobillo,terminal,-0.2151,-1.6145,0.7302,-4.5166,-3.6011,-274.9023,t003,FJTB
2531320959,4315231,2,tobillo,terminal,0.4480,-1.5563,0.0491,-38.3911,-18.1885,-288.8794,t003,FJTB
2531320961,4315247,2,tobillo,terminal,0.0983,-0.6545,-0.5348,-73.6694,78.8574,-128.7231,t003,FJTB
2531321010,4315263,2,tobillo,terminal,-1.1354,0.2472,-0.5308,-56.2744,121.2768,-87.8906,t003,FJTB
2531321010,4315279,2,tobillo,terminal,0.7377,-0.9747,0.0426,73.0591,126.9531,-92.8345,t003,FJTB
2531321010,4315295,2,tobillo,terminal,1.0853,-0.8169,0.0645,57.9224,143.9209,-20.2637,t003,FJTB
2531321055,4315310,2,tobillo,terminal,0.5559,-0.0159,-0.0416,50.5981,145.8740,35.4004,t003,FJTB
2531321055,4315326,2,tobillo,terminal,0.4219,-0.1556,0.0586,79.0405,118.5913,140.6860,t003,FJTB
2531321056,4315342,2,tobillo,terminal,0.2731,-0.5745,0.2037,72.4487,93.6279,146.7285,t003,FJTB
2531321105,4315358,2,tobillo,terminal,0.4126,-0.3495,0.1919,61.2183,95.2759,153.2593,t003,FJTB
2531321106,4315373,2,tobillo,terminal,0.5044,-0.4397,0.2917,89.9048,112.8540,205.9936,t003,FJTB
2531321106,4315389,2,tobillo,terminal,0.3870,-0.6492,0.4406,92.7734,99.6094,224.3652,t003,FJTB
2531321151,4315405,2,tobillo,terminal,0.2939,-0.6963,0.4578,88.5010,61.4014,251.5259,t003,FJTB
2531321152,4315421,2,tobillo,swing,0.2837,-0.8864,0.4580,90.3320,41.3818,267.6392,t003,FJTB
2531321152,4315436,2,tobillo,swing,0.1382,-1.2039,0.4646,97.4121,-0.6714,297.5464,t003,FJTB
2531321205,4315452,2,tobillo,swing,0.0535,-1.3423,0.4314,95.3369,-29.3579,315.6738,t003,FJTB
2531321205,4315468,2,tobillo,swing,-0.1075,-1.5592,0.3387,91.4917,-36.8652,320.8008,t003,FJTB
2531321205,4315484,2,tobillo,swing,-0.2067,-1.6173,0.3055,83.1909,-33.5693,318.9087,t003,FJTB
2531321251,4315500,2,tobillo,swing,-0.3457,-1.7310,0.2936,77.6978,-8.6060,298.8892,t003,FJTB
2531321253,4315516,2,tobillo,swing,-0.5403,-1.7847,0.3029,77.0874,7.2632,288.6963,t003,FJTB
2531321253,4315532,2,tobillo,swing,-0.5780,-1.7570,0.2990,79.2236,47.3022,276.6113,t003,FJTB
2531321301,4315548,2,tobillo,swing,-0.4825,-1.7244,0.2761,81.2988,67.8711,269.4702,t003,FJTB
2531321301,4315564,2,tobillo,swing,-0.5154,-1.6486,0.3505,85.1440,99.2432,241.7602,t003,FJTB
2531321302,4315579,2,tobillo,swing,-0.5105,-1.5990,0.4568,86.4868,120.6055,209.2285,t003,FJTB
2531321349,4315595,2,tobillo,swing,-0.5021,-1.3872,0.5626,82.9468,122.9858,195.1294,t003,FJTB
2531321350,4315611,2,tobillo,swing,-0.4615,-1.4105,0.5911,80.0171,111.8164,166.9922,t003,FJTB
2531321351,4315627,2,tobillo,swing,-0.6381,-1.4131,0.5283,73.9746,101.5015,147.9492,t003,FJTB
2531321401,4315643,2,tobillo,swing,-1.0521,-1.0994,0.4353,55.9692,78.5522,98.3276,t003,FJTB
2531321402,4315659,2,tobillo,swing,-1.0938,-0.9930,0.4894,47.6685,53.1006,44.7998,t003,FJTB
2531321402,4315674,2,tobillo,swing,-0.9016,-0.9512,0.6202,39.6729,34.6680,19.8364,t003,FJTB
2531321403,4315690,2,tobillo,swing,-0.8232,-0.9711,0.6350,15.3198,-18.7988,-25.5127,t003,FJTB
2531321452,4315706,2,tobillo,swing,-0.6410,-1.1909,0.6388,2.5024,-50.7812,-47.7905,t003,FJTB
2531321452,4315723,2,tobillo,swing,-0.8359,-0.9536,0.6549,-33.1421,-125.2441,-95.0317,t003,FJTB
2531321501,4315739,2,tobillo,swing,-0.4385,-1.1534,0.6042,7.2021,-175.3540,-161.0718,t003,FJTB
2531321501,4315755,2,tobillo,swing,2.3837,-1.5428,0.4434,22.0947,-159.0576,-191.7724,t003,FJTB
2531321502,4315771,2,tobillo,swing,0.0685,-1.4664,0.9091,-37.8418,-161.9263,-133.1177,t003,FJTB
2531321502,4315787,2,tobillo,swing,-1.7913,-1.4749,0.4991,-61.2793,-173.4619,-32.1045,t003,FJTB
2531321549,4315803,2,tobillo,swing,0.0894,-0.8896,0.0884,-57.5561,-112.3657,-72.6318,t003,FJTB
2531321550,4315819,2,tobillo,swing,0.9528,-0.6204,0.1195,-53.2837,-71.1060,-86.4258,t003,FJTB
2531321550,4315835,2,tobillo,swing,-0.9031,-1.0111,0.2496,-36.1938,-86.0596,-46.5088,t003,FJTB
2531321600,4315851,2,tobillo,swing,-0.2056,-1.0325,0.3969,-18.4937,-45.2270,-52.1851,t003,FJTB
2531321600,4315867,2,tobillo,swing,0.0459,-0.9948,0.4996,-14.2212,-8.3618,-64.1479,t003,FJTB
2531321601,4315883,2,tobillo,swing,0.0314,-0.9918,0.3977,-16.8457,0.1831,-60.4858,t003,FJTB
2531321648,4315899,2,tobillo,swing,0.1323,-0.9270,0.3710,-16.5405,5.4321,-56.7017,t003,FJTB
2531321649,4315915,2,tobillo,swing,0.1432,-0.9125,0.3673,-7.1411,-8.0566,-52.0019,t003,FJTB
2531321650,4315931,2,tobillo,swing,0.1550,-0.9491,0.3518,-3.1738,-15.4419,-48.0347,t003,FJTB
2531321701,4315947,2,tobillo,swing,0.1271,-0.9475,0.3470,-2.4414,-26.1230,-37.2314,t003,FJTB
2531321701,4315963,2,tobillo,loading,0.0426,-0.9397,0.3198,-2.5635,-27.8320,-32.1045,t003,FJTB
2531321701,4315979,2,tobillo,loading,0.0349,-0.9447,0.2743,-1.8311,-24.4751,-27.8320,t003,FJTB
2531321749,4315995,2,tobillo,loading,0.0309,-0.9440,0.2664,-2.8687,-15.2588,-28.3813,t003,FJTB
2531321749,4316011,2,tobillo,loading,0.0359,-0.9644,0.3000,-4.1504,-10.8032,-28.9307,t003,FJTB
2531321751,4316027,2,tobillo,loading,0.0596,-0.9750,0.3163,-8.7280,-5.3711,-29.4189,t003,FJTB
2531321785,4316043,2,tobillo,loading,0.0616,-0.9712,0.3190,-12.3291,-3.4790,-29.9683,t003,FJTB
2531321804,4316059,2,tobillo,loading,0.0461,-0.9510,0.3223,-12.5732,-3.9062,-30.4565,t003,FJTB
2531321804,4316075,2,tobillo,loading,0.0463,-0.9520,0.3228,-11.8408,-5.3711,-30.4565,t003,FJTB
2531321805,4316092,2,tobillo,loading,0.0209,-0.9546,0.3073,-11.5356,-5.9814,-30.7007,t003,FJTB
2531321852,4316108,2,tobillo,loading,-0.0067,-0.9415,0.3085,-9.3994,-7.5684,-31.7383,t003,FJTB
2531321855,4316124,2,tobillo,loading,-0.0093,-0.9436,0.3082,-7.5684,-7.7515,-31.1279,t003,FJTB
2531321855,4316140,2,tobillo,loading,-0.0155,-0.9666,0.3186,-7.5684,-7.5073,-31.1279,t003,FJTB
2531321906,4316156,2,tobillo,loading,-0.0197,-0.9667,0.3378,-8.4229,-6.7139,-32.7759,t003,FJTB
2531321907,4316172,2,tobillo,loading,-0.0201,-0.9539,0.3422,-9.1553,-6.7139,-35.7666,t003,FJTB
2531321907,4316188,2,tobillo,loading,-0.0273,-0.9440,0.3352,-9.1553,-6.9580,-36.3159,t003,FJTB
2531321956,4316204,2,tobillo,loading,-0.0306,-0.9457,0.3361,-8.1787,-8.0566,-35.7666,t003,FJTB
2531321957,4316220,2,tobillo,loading,-0.0576,-0.9368,0.3401,-6.4697,-7.8735,-34.3628,t003,FJTB
2531321957,4316237,2,tobillo,loading,-0.0665,-0.9397,0.3667,-4.7607,-7.3242,-34.3018,t003,FJTB
2531322007,4316253,2,tobillo,loading,-0.0609,-0.9493,0.3807,-1.0986,-7.8735,-36.6211,t003,FJTB
2531322008,4316269,2,tobillo,loading,-0.0387,-0.9512,0.4036,-0.6104,-9.3384,-38.4521,t003,FJTB
2531322008,4316285,2,tobillo,loading,0.0122,-0.9747,0.3978,-2.8076,-16.3574,-42.3584,t003,FJTB
2531322056,4316301,2,tobillo,loading,-0.0156,-0.9912,0.3533,-15.1978,-22.4609,-44.4336,t003,FJTB
2531322058,4316317,2,tobillo,loading,-0.1077,-1.0627,0.3091,-17.2119,-24.2310,-47.5464,t003,FJTB
2531322058,4316333,2,tobillo,loading,-0.1326,-1.0724,0.3701,-22.9492,-25.2075,-59.2041,t003,FJTB
2531322110,4316349,2,tobillo,loading,-0.1425,-1.0894,0.3964,-25.1465,-22.9492,-75.8667,t003,FJTB
2531322110,4316365,2,tobillo,loading,-0.0835,-1.1071,0.4208,-27.4658,-20.3247,-82.2754,t003,FJTB
2531322111,4316381,2,tobillo,loading,-0.0870,-1.1300,0.4337,-29.7852,-18.4326,-90.9424,t003,FJTB
2531322158,4316398,2,tobillo,loading,-0.1089,-1.2064,0.4867,-27.7710,-18.6157,-98.0225,t003,FJTB
2531322159,4316414,2,tobillo,midstance,-0.0945,-1.3311,0.5819,-22.4609,-15.9912,-118.3472,t003,FJTB
2531322159,4316430,2,tobillo,midstance,-0.0414,-1.4012,0.6262,-20.4468,-12.8174,-143.1274,t003,FJTB
2531322159,4316446,2,tobillo,midstance,0.1106,-1.6127,0.7253,-20.3857,-16.3574,-158.2031,t003,FJTB
2531322215,4316462,2,tobillo,midstance,0.3480,-1.8228,0.8527,-29.3579,-35.0952,-204.2236,t003,FJTB
2531322215,4316478,2,tobillo,midstance,0.5332,-1.9215,0.8302,-50.1099,-30.7617,-262.3291,t003,FJTB
2531322215,4316494,2,tobillo,midstance,0.7104,-2.0741,0.4927,-62.6221,-8.0566,-282.3486,t003,FJTB
2531322264,4316510,2,tobillo,midstance,0.6362,-1.9226,0.3113,-87.8906,35.8887,-295.6543,t003,FJTB
2531322266,4316526,2,tobillo,midstance,-0.2187,-1.3075,0.4652,-91.2476,-32.4707,-309.9976,t003,FJTB
2531322267,4316542,2,tobillo,midstance,-0.7936,-1.3649,0.5354,-73.5474,-71.5332,-299.4385,t003,FJTB
2531322318,4316558,2,tobillo,midstance,-0.4346,-1.3358,0.4376,-25.5737,-66.1011,-229.8584,t003,FJTB
2531322319,4316574,2,tobillo,midstance,0.2985,-1.4402,0.2694,-9.2163,-21.7285,-186.0962,t003,FJTB
2531322320,4316590,2,tobillo,midstance,0.3441,-0.1383,-0.1299,-12.8174,16.8457,-189.5752,t003,FJTB
2531322367,4316606,2,tobillo,midstance,-0.5070,0.6063,-0.4186,-38.9404,83.6182,-26.6724,t003,FJTB
2531322369,4316622,2,tobillo,midstance,-0.1963,-0.3156,-0.2439,20.2637,84.9609,1.5259,t003,FJTB
2531322369,4316638,2,tobillo,midstance,0.6001,-0.6788,-0.1833,64.4531,102.7832,16.1133,t003,FJTB
2531322369,4316654,2,tobillo,midstance,0.5226,-0.2289,-0.1222,53.7720,107.2998,33.9966,t003,FJTB
2531322422,4316670,2,tobillo,midstance,0.4186,-0.1798,-0.0741,65.3687,79.0405,62.4390,t003,FJTB
2531322422,4316686,2,tobillo,midstance,0.5533,-0.2727,-0.0366,85.2051,58.6548,122.2534,t003,FJTB
2531322422,4316702,2,tobillo,midstance,0.4117,-0.3566,0.1207,92.6514,55.9082,158.4473,t003,FJTB
2531322470,4316717,2,tobillo,midstance,0.2457,-0.5835,0.3666,111.6943,63.5376,208.9844,t003,FJTB
2531322471,4316733,2,tobillo,terminal,0.2900,-0.6260,0.4272,105.5908,66.4063,239.2578,t003,FJTB
2531322471,4316749,2,tobillo,terminal,0.2909,-0.6945,0.4669,103.1494,55.8472,252.1973,t003,FJTB
2531322492,4316765,2,tobillo,terminal,0.2106,-0.8088,0.4883,105.8960,26.6724,286.8042,t003,FJTB
2531322528,4316780,2,tobillo,terminal,0.0651,-1.0847,0.5118,105.3467,16.4795,304.4434,t003,FJTB
2531322528,4316796,2,tobillo,terminal,0.0189,-1.2344,0.5128,101.0132,12.3901,328.0029,t003,FJTB
2531322529,4316812,2,tobillo,terminal,-0.0687,-1.4952,0.4735,96.8018,19.2261,336.1206,t003,FJTB
2531322578,4316828,2,tobillo,terminal,-0.1990,-1.7063,0.4794,97.0459,25.0244,335.5713,t003,FJTB
2531322580,4316843,2,tobillo,terminal,-0.2350,-1.7631,0.4944,95.3979,46.3867,328.8574,t003,FJTB
2531322581,4316859,2,tobillo,terminal,-0.2688,-1.8307,0.4938,95.1538,59.4482,323.4863,t003,FJTB
2531322634,4316875,2,tobillo,terminal,-0.3384,-1.8558,0.4928,101.0132,82.8247,307.0068,t003,FJTB
2531322635,4316891,2,tobillo,terminal,-0.3688,-1.8571,0.4912,107.6050,103.7598,286.5601,t003,FJTB
2531322635,4316907,2,tobillo,terminal,-0.3815,-1.7844,0.5712,108.7036,111.5112,272.8271,t003,FJTB
2531322635,4316923,2,tobillo,terminal,-0.4050,-1.7329,0.6620,104.8584,119.9951,239.0137,t003,FJTB
2531322687,4316939,2,tobillo,terminal,-0.4915,-1.6284,0.7516,99.6704,119.5068,221.1914,t003,FJTB
2531322687,4316955,2,tobillo,terminal,-0.6642,-1.4747,0.5758,84.7168,103.8208,186.5234,t003,FJTB
2531322687,4316970,2,tobillo,terminal,-0.8248,-1.3602,0.4758,71.1060,74.7681,140.5640,t003,FJTB
2531322739,4316986,2,tobillo,terminal,-1.1519,-1.0468,0.4994,64.6973,64.1479,112.0605,t003,FJTB
2531322740,4317002,2,tobillo,terminal,-1.1802,-0.9187,0.5912,44.6167,48.0347,53.4058,t003,FJTB
2531322740,4317018,2,tobillo,terminal,-1.0652,-0.9041,0.7428,30.7007,27.5269,23.5596,t003,FJTB
2531322788,4317034,2,tobillo,terminal,-0.7971,-0.8729,0.6339,-2.3804,-40.7715,-22.9492,t003,FJTB
2531322789,4317050,2,tobillo,swing,-0.8126,-0.9521,0.5990,-3.7231,-121.8872,-56.3354,t003,FJTB
2531322789,4317066,2,tobillo,swing,-0.3859,-1.3472,0.4032,-16.0522,-143.3716,-77.9419,t003,FJTB
2531322795,4317082,2,tobillo,swing,0.3904,-1.3400,0.1707,-37.2314,-168.3960,-131.8970,t003,FJTB
2531322848,4317098,2,tobillo,swing,1.7855,-1.0948,0.1066,28.9917,-137.7563,-157.1655,t003,FJTB
2531322849,4317114,2,tobillo,swing,1.1478,-1.8091,1.1782,30.2124,-146.7896,-195.0683,t003,FJTB
2531322849,4317130,2,tobillo,swing,-0.3993,-1.8362,1.1407,-51.6968,-205.6274,-119.1406,t003,FJTB
2531322898,4317146,2,tobillo,swing,-0.8857,-1.1678,0.2589,-73.6694,-183.1055,-68.6035,t003,FJTB
2531322898,4317163,2,tobillo,swing,0.5243,-0.4382,0.1908,-64.8193,-96.9238,-79.5898,t003,FJTB
2531322901,4317179,2,tobillo,swing,-0.2423,-0.7333,0.1096,-6.4697,-104.9805,-73.7305,t003,FJTB
2531322956,4317195,2,tobillo,swing,-0.5826,-1.2013,0.2988,13.3667,-89.2334,-77.0264,t003,FJTB
2531322956,4317211,2,tobillo,swing,0.0333,-1.0614,0.3239,3.3569,-33.6914,-78.9185,t003,FJTB
2531322957,4317227,2,tobillo,swing,-0.0697,-1.0773,0.2563,-12.2681,-6.1646,-68.7256,t003,FJTB
2531322957,4317243,2,tobillo,swing,0.1683,-0.9208,0.1451,-16.2964,-2.1362,-63.9648,t003,FJTB
2531323007,4317259,2,tobillo,swing,0.1710,-0.9086,0.2159,-8.6060,-11.0474,-50.9644,t003,FJTB
2531323009,4317275,2,tobillo,swing,0.1230,-1.0074,0.3986,-7.3242,-15.6860,-46.7529,t003,FJTB
2531323010,4317291,2,tobillo,swing,0.0602,-0.9764,0.4202,-15.3809,-22.1558,-37.8418,t003,FJTB
2531323066,4317307,2,tobillo,swing,-0.0013,-0.9539,0.4182,-17.5171,-19.5313,-32.7148,t003,FJTB
2531323067,4317323,2,tobillo,swing,0.0078,-0.9241,0.3444,-17.5171,-15.8081,-31.0059,t003,FJTB
2531323067,4317339,2,tobillo,swing,0.0627,-0.9255,0.3093,-14.0381,-12.5732,-27.8320,t003,FJTB
2531323118,4317355,2,tobillo,swing,0.0497,-0.9419,0.3182,-9.6436,-11.2915,-26.1841,t003,FJTB
2531323118,4317371,2,tobillo,swing,0.0054,-0.9479,0.3220,-8.8501,-8.9722,-26.3672,t003,FJTB
2531323119,4317387,2,tobillo,loading,-0.0012,-0.9445,0.3140,-4.4556,-2.8687,-27.7710,t003,FJTB
2531323119,4317403,2,tobillo,loading,0.0374,-0.9576,0.3004,-1.3428,-0.4272,-28.1982,t003,FJTB
2531323134,4317419,2,tobillo,loading,0.0492,-0.9640,0.2963,0.4883,0.3052,-28.0762,t003,FJTB
2531323179,4317435,2,tobillo,loading,0.0397,-0.9620,0.3041,-0.9766,-1.2207,-27.5879,t003,FJTB
2531323180,4317451,2,tobillo,loading,0.0350,-0.9668,0.3127,-1.6479,-1.7090,-27.8320,t003,FJTB
2531323180,4317467,2,tobillo,loading,0.0358,-0.9718,0.3066,-2.9297,-2.5635,-30.9448,t003,FJTB
2531323234,4317483,2,tobillo,loading,0.0314,-0.9626,0.3036,-5.7983,-4.2725,-33.3862,t003,FJTB
2531323235,4317499,2,tobillo,loading,-0.0026,-0.9561,0.3146,-6.6528,-5.3101,-33.8135,t003,FJTB
2531323236,4317515,2,tobillo,loading,-0.0131,-0.9629,0.3164,-7.4463,-4.8218,-35.0342,t003,FJTB
2531323291,4317531,2,tobillo,loading,-0.0244,-0.9568,0.3151,-7.9346,-4.3335,-36.4990,t003,FJTB
2531323292,4317547,2,tobillo,loading,-0.0433,-0.9321,0.3182,-8.1177,-3.5400,-38.3911,t003,FJTB
2531323292,4317563,2,tobillo,loading,-0.0509,-0.9329,0.3196,-4.6387,-3.1128,-38.5742,t003,FJTB
2531323307,4317580,2,tobillo,loading,-0.0341,-0.9603,0.3385,-2.8687,-3.7842,-38.5742,t003,FJTB
2531323344,4317596,2,tobillo,loading,-0.0470,-0.9570,0.3394,-3.5400,-5.4321,-38.0859,t003,FJTB
2531323346,4317612,2,tobillo,loading,-0.0573,-0.9517,0.3456,-3.1738,-7.1411,-39.3677,t003,FJTB
2531323346,4317628,2,tobillo,loading,-0.0265,-0.9496,0.3988,-2.6855,-8.9111,-40.2832,t003,FJTB
2531323402,4317644,2,tobillo,loading,-0.0238,-0.9556,0.4025,-8.0566,-15.8081,-40.8936,t003,FJTB
2531323402,4317660,2,tobillo,loading,-0.0470,-0.9913,0.3259,-14.0381,-20.6909,-43.7012,t003,FJTB
2531323402,4317676,2,tobillo,loading,-0.1039,-1.0763,0.3026,-18.5547,-20.6299,-47.8516,t003,FJTB
2531323442,4317692,2,tobillo,loading,-0.1068,-1.0768,0.3175,-30.4565,-18.6157,-61.4624,t003,FJTB
2531323455,4317709,2,tobillo,loading,-0.1106,-1.0509,0.3851,-30.5786,-19.7754,-71.0449,t003,FJTB
2531323456,4317725,2,tobillo,loading,-0.1096,-1.0634,0.4504,-24.4751,-24.7192,-87.4023,t003,FJTB
2531323456,4317741,2,tobillo,loading,-0.1071,-1.0813,0.4584,-21.6675,-26.7334,-96.8018,t003,FJTB
2531323511,4317757,2,tobillo,loading,-0.1155,-1.1378,0.4777,-19.5923,-26.0010,-100.4028,t003,FJTB
2531323512,4317773,2,tobillo,loading,-0.0981,-1.2588,0.5350,-18.5547,-22.1558,-107.1777,t003,FJTB
2531323512,4317789,2,tobillo,loading,-0.0758,-1.3148,0.5316,-22.7051,-18.6157,-117.0654,t003,FJTB
2531323564,4317805,2,tobillo,loading,0.0140,-1.4528,0.5513,-20.3857,-20.3247,-127.8686,t003,FJTB
2531323565,4317821,2,tobillo,midstance,0.0594,-1.5444,0.6627,-13.4277,-27.6489,-166.8701,t003,FJTB
2531323566,4317837,2,tobillo,midstance,0.3048,-1.8330,0.9535,-15.3809,-27.0996,-195.1294,t003,FJTB
2531323566,4317853,2,tobillo,midstance,0.6300,-2.0323,0.6759,-42.9077,6.9580,-263.8550,t003,FJTB
2531323620,4317869,2,tobillo,midstance,0.6643,-1.8948,0.4761,-85.2051,57.0679,-293.0908,t003,FJTB
2531323621,4317885,2,tobillo,midstance,0.1707,-1.3212,0.4060,-99.7925,43.5791,-294.1895,t003,FJTB
2531323622,4317901,2,tobillo,midstance,-0.4064,-1.2939,0.4695,-82.9468,-64.3921,-299.6216,t003,FJTB
2531323674,4317917,2,tobillo,midstance,-0.6062,-1.5254,0.3242,-41.4429,-101.8066,-272.5830,t003,FJTB
2531323675,4317933,2,tobillo,midstance,0.2589,-1.4321,0.2899,-28.2593,-76.7822,-238.8306,t003,FJTB
2531323675,4317949,2,tobillo,midstance,0.3385,-1.6401,0.5028,-31.0669,-60.2417,-239.9292,t003,FJTB
2531323730,4317965,2,tobillo,midstance,0.2245,0.0710,-0.1776,-45.4102,-44.3726,-230.4077,t003,FJTB
2531323731,4317981,2,tobillo,midstance,-0.8409,0.4695,-0.5906,-32.1045,73.1201,14.1602,t003,FJTB
2531323731,4317997,2,tobillo,midstance,-0.1967,-0.4272,-0.2715,99.9756,84.2895,39.5508,t003,FJTB
2531323732,4318013,2,tobillo,midstance,0.9443,-0.7758,-0.0043,99.8535,102.1728,43.0908,t003,FJTB
2531323784,4318029,2,tobillo,midstance,0.6165,-0.3258,-0.0375,61.1572,116.5771,75.7446,t003,FJTB
2531323786,4318044,2,tobillo,midstance,0.3163,-0.2189,-0.0101,75.8057,104.9805,91.7969,t003,FJTB
2531323786,4318060,2,tobillo,midstance,0.4653,-0.3468,0.1157,93.9941,81.1768,137.7563,t003,FJTB
2531323842,4318076,2,tobillo,midstance,0.3457,-0.3658,0.1859,106.6894,79.9561,205.0781,t003,FJTB
2531323842,4318092,2,tobillo,midstance,0.2751,-0.6777,0.4146,115.4785,91.6138,233.1543,t003,FJTB
2531323843,4318107,2,tobillo,terminal,0.3505,-0.7341,0.4738,97.6562,108.0322,258.6670,t003,FJTB
2531323843,4318123,2,tobillo,terminal,0.2706,-0.7555,0.5068,91.3696,97.7173,263.7939,t003,FJTB
2531323897,4318139,2,tobillo,terminal,0.0597,-1.0227,0.6097,102.2339,59.6924,294.4336,t003,FJTB
2531323899,4318154,2,tobillo,terminal,0.0483,-1.1539,0.6367,102.1118,39.3066,333.4961,t003,FJTB
2531323899,4318170,2,tobillo,terminal,0.0847,-1.3962,0.5995,97.4121,37.0483,343.3227,t003,FJTB
2531323900,4318186,2,tobillo,terminal,0.0192,-1.5328,0.5800,94.6045,28.8696,331.1767,t003,FJTB
2531323956,4318202,2,tobillo,terminal,-0.1707,-1.7665,0.5627,92.1020,26.3062,317.6270,t003,FJTB
2531323957,4318217,2,tobillo,terminal,-0.5640,-1.9086,0.5647,90.4541,22.4609,295.6543,t003,FJTB
2531323958,4318233,2,tobillo,terminal,-0.7312,-1.8923,0.5421,96.4966,48.7671,284.9731,t003,FJTB
2531324007,4318249,2,tobillo,terminal,-0.6251,-1.8331,0.4493,97.7173,73.4863,274.7803,t003,FJTB
2531324012,4318265,2,tobillo,terminal,-0.6085,-1.7465,0.4412,96.0693,102.7832,240.3564,t003,FJTB
2531324014,4318281,2,tobillo,terminal,-0.5714,-1.5259,0.5270,95.7031,107.1167,222.4121,t003,FJTB
2531324014,4318297,2,tobillo,terminal,-0.5355,-1.4419,0.6268,91.9189,109.6802,187.5610,t003,FJTB
2531324071,4318312,2,tobillo,terminal,-0.5791,-1.4097,0.6636,82.2143,98.3887,153.3203,t003,FJTB
2531324072,4318328,2,tobillo,terminal,-0.7074,-1.2256,0.6833,75.7446,83.4351,143.7988,t003,FJTB
2531324072,4318344,2,tobillo,swing,-0.6183,-1.1593,0.6357,58.0444,47.9736,124.5727,t003,FJTB
2531324073,4318360,2,tobillo,swing,-0.8207,-1.0420,0.5137,45.7153,28.4424,103.3935,t003,FJTB
2531324126,4318376,2,tobillo,swing,-1.0317,-0.8990,0.5830,18.1274,-5.0659,44.2505,t003,FJTB
2531324128,4318392,2,tobillo,swing,-0.9014,-0.8851,0.6134,-9.2163,-38.5132,1.0986,t003,FJTB
2531324129,4318408,2,tobillo,swing,-0.7345,-0.9049,0.5076,-4.2725,-69.9463,-16.1743,t003,FJTB
2531324187,4318424,2,tobillo,swing,-0.5718,-1.3998,0.3909,-14.4653,-106.5063,-48.0957,t003,FJTB
2531324188,4318440,2,tobillo,swing,-0.5134,-1.3551,0.3622,-61.8286,-106.0791,-85.2051,t003,FJTB
2531324188,4318456,2,tobillo,swing,-0.0671,-1.1115,0.1349,-54.2603,-97.4121,-96.3135,t003,FJTB
2531324188,4318472,2,tobillo,swing,1.2111,-1.1476,0.2334,-7.5684,-78.9795,-172.3633,t003,FJTB
2531324241,4318488,2,tobillo,swing,1.8646,-1.4285,0.9955,-8.0566,-91.7358,-182.4951,t003,FJTB
2531324241,4318504,2,tobillo,swing,-1.3805,-1.6630,0.4951,-64.2090,-162.7807,-50.5371,t003,FJTB
2531324244,4318520,2,tobillo,swing,-0.9629,-1.2722,0.2424,-86.2427,-108.5205,-58.0444,t003,FJTB
2531324303,4318536,2,tobillo,swing,0.5143,-0.4995,0.1381,-68.4204,-88.4399,-79.5288,t003,FJTB
2531324303,4318552,2,tobillo,swing,-0.6896,-0.9591,0.2935,6.2256,-106.2622,-58.4717,t003,FJTB
2531324304,4318568,2,tobillo,swing,-0.4756,-1.0812,0.3632,34.4849,-70.4346,-72.1436,t003,FJTB
2531324304,4318584,2,tobillo,swing,-0.0428,-1.0809,0.4241,25.0854,-40.2222,-66.8335,t003,FJTB
2531324360,4318600,2,tobillo,swing,-0.0565,-1.0138,0.3958,1.5869,-3.4180,-56.5186,t003,FJTB
2531324361,4318616,2,tobillo,loading,0.1353,-0.9569,0.3342,0.8545,-1.7700,-55.6030,t003,FJTB
2531324362,4318632,2,tobillo,loading,0.0763,-0.9718,0.3905,3.9673,-12.0850,-51.7578,t003,FJTB
2531324362,4318648,2,tobillo,loading,0.0852,-0.9662,0.3881,-1.8921,-15.9912,-45.8984,t003,FJTB
2531324428,4318664,2,tobillo,loading,0.0864,-0.9476,0.3699,-4.2725,-16.8457,-41.5039,t003,FJTB
2531324428,4318680,2,tobillo,loading,0.0862,-0.9446,0.3527,-4.3945,-19.3481,-33.6304,t003,FJTB
2531324428,4318696,2,tobillo,loading,0.0419,-0.9465,0.3082,-4.6387,-16.7847,-30.8228,t003,FJTB
2531324429,4318712,2,tobillo,loading,0.0402,-0.9293,0.2997,-4.1504,-13.7939,-31.7383,t003,FJTB
2531324489,4318728,2,tobillo,loading,0.0416,-0.9305,0.3047,-1.8921,-8.1787,-32.5317,t003,FJTB
2531324490,4318744,2,tobillo,loading,0.0453,-0.9480,0.3195,-1.7090,-6.2256,-31.7993,t003,FJTB
2531324491,4318760,2,tobillo,loading,0.0476,-0.9653,0.3210,-3.5400,-5.6152,-29.2969,t003,FJTB
2531324491,4318776,2,tobillo,loading,0.0499,-0.9661,0.3225,-7.0190,-5.9814,-29.2358,t003,FJTB
2531324553,4318792,2,tobillo,loading,0.0300,-0.9604,0.3242,-9.0942,-5.4932,-29.2969,t003,FJTB
2531324554,4318808,2,tobillo,loading,0.0168,-0.9546,0.3160,-12.5732,-2.3193,-28.9917,t003,FJTB
2531324554,4318824,2,tobillo,loading,0.0067,-0.9543,0.3092,-12.7563,-0.3052,-29.3579,t003,FJTB
2531324554,4318840,2,tobillo,loading,0.0173,-0.9663,0.3174,-11.7187,2.0142,-31.4941,t003,FJTB
2531324611,4318856,2,tobillo,loading,0.0160,-0.9692,0.3140,-11.5356,0.3052,-33.4473,t003,FJTB
2531324614,4318871,2,tobillo,loading,0.0065,-0.9586,0.3199,-9.7656,-2.0142,-34.4238,t003,FJTB
2531324614,4318887,2,tobillo,loading,-0.0098,-0.9530,0.3409,-4.2725,-6.2256,-37.4146,t003,FJTB
2531324650,4318903,2,tobillo,loading,-0.0205,-0.9562,0.3440,-1.8921,-7.7515,-41.8091,t003,FJTB
2531324675,4318919,2,tobillo,loading,-0.0291,-0.9679,0.3286,-2.7466,-7.9346,-43.4570,t003,FJTB
2531324676,4318936,2,tobillo,loading,-0.0409,-0.9692,0.3137,-5.0049,-9.2163,-46.3257,t003,FJTB
2531324676,4318952,2,tobillo,loading,-0.0686,-0.9484,0.3263,-5.8594,-9.4604,-47.2412,t003,FJTB
2531324733,4318968,2,tobillo,loading,-0.0735,-0.9507,0.3558,-6.5308,-8.6670,-47.7295,t003,FJTB
2531324733,4318984,2,tobillo,midstance,-0.0770,-0.9570,0.3612,-8.4839,-8.9722,-48.0347,t003,FJTB
2531324733,4319000,2,tobillo,midstance,-0.0602,-0.9608,0.3715,-9.5215,-10.4370,-48.8281,t003,FJTB
2531324734,4319016,2,tobillo,midstance,-0.0793,-0.9685,0.3689,-14.2212,-14.0381,-49.8047,t003,FJTB
2531324799,4319032,2,tobillo,midstance,-0.0881,-0.9807,0.3564,-19.8364,-17.4561,-52.5513,t003,FJTB
2531324799,4319048,2,tobillo,midstance,-0.1488,-1.0039,0.3484,-22.2168,-18.6157,-55.9692,t003,FJTB
2531324800,4319064,2,tobillo,midstance,-0.1639,-1.0018,0.3779,-27.7710,-17.2119,-61.7065,t003,FJTB
2531324800,4319080,2,tobillo,midstance,-0.1628,-1.0181,0.3951,-29.8462,-16.6626,-63.7817,t003,FJTB
2531324862,4319096,2,tobillo,midstance,-0.1671,-1.0275,0.4213,-29.6020,-16.6016,-70.6177,t003,FJTB
2531324862,4319112,2,tobillo,midstance,-0.1545,-1.0447,0.4230,-26.3062,-17.8833,-78.1860,t003,FJTB
2531324862,4319128,2,tobillo,midstance,-0.1700,-1.1055,0.4164,-24.7192,-18.1274,-80.4443,t003,FJTB
2531324862,4319144,2,tobillo,midstance,-0.1643,-1.1375,0.4786,-22.8271,-15.8691,-88.9893,t003,FJTB
2531324924,4319160,2,tobillo,midstance,-0.1443,-1.1826,0.5372,-20.9351,-14.7095,-100.7690,t003,FJTB
2531324924,4319176,2,tobillo,midstance,-0.0764,-1.3221,0.5975,-20.6299,-15.6250,-109.4971,t003,FJTB
2531324925,4319192,2,tobillo,midstance,0.0038,-1.4034,0.6158,-17.0898,-25.6958,-135.9863,t003,FJTB
2531324925,4319208,2,tobillo,midstance,0.1191,-1.6226,0.6827,-22.6440,-38.8184,-178.3447,t003,FJTB
2531324981,4319224,2,tobillo,midstance,0.3274,-1.8503,0.7512,-28.4424,-38.6353,-207.3364,t003,FJTB
2531324982,4319240,2,tobillo,midstance,0.4562,-1.9229,0.6873,-48.2178,-12.8784,-257.0801,t003,FJTB
2531324985,4319256,2,tobillo,midstance,0.3839,-1.7971,0.4425,-58.7158,12.8784,-265.3198,t003,FJTB
2531324985,4319272,2,tobillo,midstance,-0.1881,-1.3608,0.4135,-81.1157,16.1743,-272.9492,t003,FJTB
2531325046,4319288,2,tobillo,midstance,-0.5221,-1.3455,0.3802,-69.8853,-45.0439,-294.3115,t003,FJTB
2531325047,4319304,2,tobillo,midstance,-0.4019,-1.3418,0.2460,-54.0161,-51.5137,-282.2266,t003,FJTB
2531325048,4319320,2,tobillo,midstance,-0.0067,-1.2506,0.2614,-0.4883,-7.9346,-203.6743,t003,FJTB
2531325103,4319336,2,tobillo,midstance,0.5867,-1.2653,0.2915,17.8223,14.1602,-178.5278,t003,FJTB
2531325106,4319352,2,tobillo,midstance,-0.4270,0.4962,-0.4080,-15.0146,56.0913,-116.2109,t003,FJTB
2531325106,4319368,2,tobillo,midstance,-0.9127,0.1851,-0.4504,42.8467,84.4726,0.0610,t003,FJTB
2531325106,4319384,2,tobillo,midstance,0.7616,-0.8745,-0.1953,80.2612,89.7827,-2.7466,t003,FJTB
2531325166,4319400,2,tobillo,midstance,0.6974,-0.3381,0.0243,64.3921,105.4687,36.0718,t003,FJTB
2531325167,4319416,2,tobillo,midstance,0.3790,-0.1051,0.0542,66.4063,79.7119,80.5664,t003,FJTB
2531325168,4319432,2,tobillo,midstance,0.4531,-0.2308,0.0909,83.9233,72.8149,111.3892,t003,FJTB
2531325168,4319447,2,tobillo,midstance,0.4740,-0.3452,0.1543,107.8491,69.1528,170.8374,t003,FJTB
2531325225,4319463,2,tobillo,midstance,0.3729,-0.5468,0.3391,114.4409,76.0498,198.3032,t003,FJTB
2531325226,4319479,2,tobillo,terminal,0.4213,-0.7115,0.4564,107.9101,88.8061,244.9341,t003,FJTB
2531325226,4319495,2,tobillo,terminal,0.3826,-0.7668,0.4816,97.9004,67.8101,274.7803,t003,FJTB
2531325226,4319510,2,tobillo,terminal,0.2200,-0.9240,0.5319,99.1211,51.7578,292.7246,t003,FJTB
2531325292,4319526,2,tobillo,terminal,0.1753,-1.0302,0.5481,102.7832,31.7383,324.0356,t003,FJTB
2531325293,4319542,2,tobillo,terminal,0.1086,-1.3051,0.5428,104.0039,27.0996,331.5429,t003,FJTB
2531325293,4319558,2,tobillo,terminal,0.0531,-1.4581,0.5332,106.3843,17.8833,338.3789,t003,FJTB
2531325293,4319573,2,tobillo,terminal,-0.0649,-1.7590,0.5131,105.2246,10.8032,340.0879,t003,FJTB
2531325353,4319589,2,tobillo,terminal,-0.2445,-1.9790,0.4460,103.8208,10.9863,336.4868,t003,FJTB
2531325353,4319605,2,tobillo,terminal,-0.3424,-2.0211,0.4119,107.2388,19.4092,317.9321,t003,FJTB
2531325355,4319621,2,tobillo,terminal,-0.5251,-2.0315,0.3397,109.9243,29.1748,306.4575,t003,FJTB
2531325356,4319637,2,tobillo,terminal,-0.5952,-1.9169,0.3074,110.1074,63.0493,278.3813,t003,FJTB
2531325418,4319653,2,tobillo,terminal,-0.5859,-1.8157,0.3718,107.9712,102.9663,238.7085,t003,FJTB
2531325419,4319669,2,tobillo,terminal,-0.5245,-1.6124,0.6208,104.7974,119.5679,216.9800,t003,FJTB
2531325419,4319684,2,tobillo,terminal,-0.4792,-1.5466,0.6766,88.4399,134.2773,177.1240,t003,FJTB
2531325420,4319700,2,tobillo,terminal,-0.4823,-1.4100,0.5663,79.5898,127.4414,158.9355,t003,FJTB
2531325467,4319716,2,tobillo,terminal,-0.6381,-1.1863,0.4901,69.5190,97.1069,125.4272,t003,FJTB
2531325481,4319732,2,tobillo,terminal,-0.7340,-1.0775,0.5043,57.6172,78.2471,88.9282,t003,FJTB
2531325482,4319748,2,tobillo,terminal,-0.8060,-0.9059,0.6113,45.3491,71.9604,66.4673,t003,FJTB
2531325482,4319764,2,tobillo,terminal,-0.6957,-0.7836,0.6227,27.8931,32.5317,18.2495,t003,FJTB
2531325545,4319779,2,tobillo,terminal,-0.6187,-0.8871,0.6976,24.0478,0.6104,-1.2817,t003,FJTB
2531325545,4319795,2,tobillo,swing,-0.4192,-0.9816,0.6290,-23.3765,-38.6353,-18.6157,t003,FJTB
2531325546,4319811,2,tobillo,swing,-0.3121,-1.0228,0.6022,-74.0356,-63.7207,2.5635,t003,FJTB
2531325546,4319827,2,tobillo,swing,-0.1681,-1.2828,0.6489,-100.8911,-78.6743,4.4556,t003,FJTB
2531325606,4319843,2,tobillo,swing,-0.3199,-1.0927,0.5964,-120.6665,-108.7036,-36.8042,t003,FJTB
2531325607,4319859,2,tobillo,swing,0.6576,-0.9797,-0.0682,-54.9927,-92.5903,-158.7524,t003,FJTB
2531325607,4319875,2,tobillo,swing,1.8348,-0.8829,1.0580,18.5547,-140.0757,-226.3794,t003,FJTB
2531325608,4319891,2,tobillo,swing,0.2212,-1.7649,1.5813,100.4639,-237.7319,-151.4893,t003,FJTB
2531325676,4319907,2,tobillo,swing,-0.5511,-1.9167,0.3676,1.2207,-180.9082,-75.6226,t003,FJTB
2531325677,4319923,2,tobillo,swing,0.3866,-0.0740,-0.4498,-108.7036,-89.2334,-45.7764,t003,FJTB
2531325678,4319939,2,tobillo,swing,-0.4583,-0.3715,0.1257,44.5557,-130.1270,-65.2466,t003,FJTB
2531325678,4319955,2,tobillo,swing,-0.4119,-1.2584,0.5614,61.2183,-102.5391,-80.8105,t003,FJTB
2531325739,4319971,2,tobillo,swing,-0.0474,-1.1545,0.4751,7.0801,-28.1372,-72.6318,t003,FJTB
2531325741,4319987,2,tobillo,swing,0.0261,-0.9954,0.3690,-0.3662,-13.0005,-65.6128,t003,FJTB
2531325741,4320003,2,tobillo,swing,0.2242,-0.9668,0.2782,6.5308,-5.3711,-58.4106,t003,FJTB
2531325742,4320019,2,tobillo,swing,0.2489,-0.9088,0.2932,7.2021,-10.9863,-45.7764,t003,FJTB
2531325807,4320035,2,tobillo,swing,0.2056,-0.9525,0.2711,7.6294,-15.8691,-37.5977,t003,FJTB
2531325808,4320051,2,tobillo,swing,0.0951,-0.9944,0.3094,7.2632,-23.2544,-23.9868,t003,FJTB
2531325809,4320067,2,tobillo,swing,0.0687,-0.9827,0.2886,0.7935,-18.3716,-24.2920,t003,FJTB
2531325809,4320083,2,tobillo,swing,0.1075,-0.9480,0.2072,-1.3428,-14.0381,-26.7334,t003,FJTB
2531325867,4320099,2,tobillo,swing,0.1292,-0.9535,0.1917,-1.0376,-8.7280,-29.1748,t003,FJTB
2531325874,4320115,2,tobillo,swing,0.1721,-0.9625,0.1953,-1.3428,-7.7515,-30.0903,t003,FJTB
2531325874,4320131,2,tobillo,swing,0.1926,-0.9404,0.2273,-1.4648,-6.0425,-30.8228,t003,FJTB
2531325874,4320147,2,tobillo,swing,0.1925,-0.9637,0.2454,1.6479,-2.3804,-28.3813,t003,FJTB
2531325914,4320163,2,tobillo,swing,0.1056,-0.9912,0.2697,-1.2817,-5.4321,-30.3345,t003,FJTB
2531325942,4320179,2,tobillo,swing,0.0519,-0.9618,0.2736,-7.0190,-7.2021,-30.9448,t003,FJTB
2531325942,4320195,2,tobillo,swing,0.0414,-0.9663,0.2876,-5.5542,-5.9814,-30.1514,t003,FJTB
2531325942,4320211,2,tobillo,swing,0.0980,-0.9849,0.2623,-4.5776,-6.1646,-31.4941,t003,FJTB
2531325943,4320227,2,tobillo,swing,0.0809,-0.9677,0.2592,-2.3804,-6.8359,-35.4614,t003,FJTB
2531326006,4320243,2,tobillo,swing,0.0614,-0.9564,0.2939,-2.6245,-7.1411,-36.0107,t003,FJTB
2531326006,4320259,2,tobillo,swing,0.0559,-0.9653,0.2782,-6.0425,-7.2021,-36.1938,t003,FJTB
2531326008,4320275,2,tobillo,swing,0.0659,-0.9854,0.2838,-4.3335,-8.6060,-40.7104,t003,FJTB
2531326008,4320291,2,tobillo,swing,0.0347,-0.9869,0.3076,-6.0425,-9.3384,-41.8091,t003,FJTB
2531326075,4320307,2,tobillo,swing,0.0098,-0.9653,0.2909,-9.1553,-7.9956,-42.8467,t003,FJTB
2531326075,4320323,2,tobillo,swing,0.0016,-0.9662,0.2854,-6.1646,-7.8735,-44.9829,t003,FJTB
2531326076,4320339,2,tobillo,swing,-0.0111,-0.9597,0.2925,-6.1035,-7.9346,-45.5322,t003,FJTB
2531326077,4320355,2,tobillo,swing,-0.0132,-0.9551,0.2898,-9.2773,-6.1035,-43.2129,t003,FJTB
2531326139,4320371,2,tobillo,swing,-0.0160,-0.9581,0.2976,-9.8267,-5.7373,-41.9311,t003,FJTB
2531326140,4320387,2,tobillo,loading,-0.0109,-0.9603,0.3015,-11.3525,-6.5918,-42.1143,t003,FJTB
2531326140,4320403,2,tobillo,loading,-0.0083,-0.9532,0.3076,-14.5874,-8.4839,-43.9453,t003,FJTB
2531326141,4320420,2,tobillo,loading,-0.0084,-1.0082,0.2700,-15.9302,-10.1929,-44.4946,t003,FJTB
2531326210,4320436,2,tobillo,loading,-0.0756,-1.0641,0.2487,-21.2402,-13.6719,-48.7061,t003,FJTB
2531326210,4320452,2,tobillo,loading,-0.1083,-1.0315,0.2828,-28.5034,-12.0239,-57.1289,t003,FJTB
2531326211,4320468,2,tobillo,loading,-0.0966,-0.9760,0.3922,-28.7476,-11.4746,-60.6689,t003,FJTB
2531326212,4320484,2,tobillo,loading,-0.0885,-0.9912,0.3910,-26.4282,-14.9536,-65.9180,t003,FJTB
2531326213,4320500,2,tobillo,loading,-0.1305,-1.0175,0.3380,-25.2686,-17.3950,-68.4204,t003,FJTB
2531326273,4320516,2,tobillo,loading,-0.1570,-1.0345,0.3414,-22.9492,-17.8223,-74.2798,t003,FJTB
2531326275,4320532,2,tobillo,loading,-0.1613,-1.0551,0.3475,-18.6157,-16.6016,-81.4209,t003,FJTB
2531326276,4320549,2,tobillo,loading,-0.1526,-1.1038,0.3363,-16.2354,-16.5405,-85.6323,t003,FJTB
2531326278,4320565,2,tobillo,loading,-0.1595,-1.1920,0.4337,-13.9160,-14.5264,-96.5576,t003,FJTB
2531326341,4320581,2,tobillo,loading,-0.1287,-1.2423,0.4714,-16.4185,-13.7329,-112.3047,t003,FJTB
2531326342,4320597,2,tobillo,loading,-0.0708,-1.3217,0.4625,-19.7754,-16.2964,-120.4834,t003,FJTB
2531326342,4320613,2,tobillo,loading,-0.0582,-1.3435,0.4966,-22.5220,-26.8555,-138.6108,t003,FJTB
2531326342,4320629,2,tobillo,loading,0.0564,-1.4493,0.5789,-24.1089,-40.7104,-161.0718,t003,FJTB
2531326403,4320645,2,tobillo,loading,0.0829,-1.6875,0.6497,-33.2031,-37.4756,-179.1992,t003,FJTB
2531326404,4320661,2,tobillo,midstance,0.1912,-1.7688,0.6884,-48.5840,-21.6064,-241.0889,t003,FJTB
2531326404,4320677,2,tobillo,midstance,0.3694,-1.8102,0.6586,-52.4292,-9.2163,-266.3574,t003,FJTB
2531326405,4320693,2,tobillo,midstance,0.0228,-1.7003,0.5195,-64.2700,28.7476,-276.7334,t003,FJTB
2531326475,4320709,2,tobillo,midstance,-0.2048,-1.6398,0.3641,-67.3828,3.0518,-270.2637,t003,FJTB
2531326476,4320725,2,tobillo,midstance,-0.1486,-1.4957,0.1493,-61.1572,-37.2925,-271.2402,t003,FJTB
2531326476,4320741,2,tobillo,midstance,-0.1699,-1.1843,0.3109,-38.3301,-45.2270,-221.4355,t003,FJTB
2531326477,4320757,2,tobillo,midstance,-0.1332,-0.9832,0.3094,-1.1597,31.9214,-143.1885,t003,FJTB
2531326538,4320773,2,tobillo,midstance,0.2562,-0.4722,-0.1085,-1.5259,56.2134,-125.9766,t003,FJTB
2531326540,4320789,2,tobillo,midstance,-0.3104,-0.0544,-0.3647,-2.2583,85.9985,-49.1333,t003,FJTB
2531326541,4320805,2,tobillo,midstance,0.3491,-0.6448,-0.1870,35.2783,83.1299,-49.9878,t003,FJTB
2531326542,4320821,2,tobillo,midstance,1.0356,-0.4189,-0.0411,50.9644,105.1636,-13.4277,t003,FJTB
2531326607,4320837,2,tobillo,midstance,0.6693,-0.1779,-0.0211,59.6313,82.1533,40.6494,t003,FJTB
2531326607,4320853,2,tobillo,midstance,0.4281,-0.2103,0.0275,74.4019,72.3267,64.0259,t003,FJTB
2531326607,4320869,2,tobillo,midstance,0.4558,-0.2854,0.0890,92.5293,64.4531,121.7651,t003,FJTB
2531326608,4320885,2,tobillo,midstance,0.4335,-0.4347,0.3159,101.7456,69.1528,155.3955,t003,FJTB
2531326672,4320901,2,tobillo,midstance,0.4368,-0.5414,0.4291,97.7173,93.8721,215.8203,t003,FJTB
2531326673,4320916,2,tobillo,midstance,0.4585,-0.5825,0.4318,88.4399,91.1865,248.7182,t003,FJTB
2531326673,4320932,2,tobillo,midstance,0.3802,-0.7523,0.4694,95.3979,76.7822,265.6860,t003,FJTB
2531326673,4320948,2,tobillo,midstance,0.3037,-0.8817,0.5137,114.8071,44.1284,301.3916,t003,FJTB
2531326739,4320964,2,tobillo,midstance,0.1942,-1.1667,0.5736,119.7510,32.9590,316.1011,t003,FJTB
2531326739,4320979,2,tobillo,midstance,0.0990,-1.4773,0.5651,119.3848,23.4375,334.6557,t003,FJTB
2531326740,4320995,2,tobillo,midstance,0.0311,-1.6327,0.5480,110.2905,23.1934,339.9048,t003,FJTB
2531326740,4321011,2,tobillo,terminal,-0.1167,-1.8668,0.5179,106.3843,24.0478,334.8999,t003,FJTB
2531326741,4321027,2,tobillo,terminal,-0.1860,-1.9603,0.5186,103.6987,23.0103,313.2324,t003,FJTB
2531326803,4321042,2,tobillo,terminal,-0.5226,-2.1001,0.5068,102.2949,25.2075,304.9927,t003,FJTB
2531326804,4321058,2,tobillo,terminal,-0.6661,-2.0000,0.4255,98.4497,48.5840,292.2974,t003,FJTB
2531326805,4321074,2,tobillo,terminal,-0.6826,-1.8845,0.3900,98.5107,73.4253,260.5591,t003,FJTB
2531326806,4321090,2,tobillo,terminal,-0.6946,-1.7126,0.4750,99.5483,78.3691,240.9668,t003,FJTB
2531326873,4321106,2,tobillo,terminal,-0.6566,-1.6851,0.5615,90.7593,84.4116,207.7026,t003,FJTB
2531326873,4321122,2,tobillo,terminal,-0.7025,-1.5751,0.6049,64.8804,82.7026,174.4385,t003,FJTB
2531326874,4321137,2,tobillo,terminal,-0.8353,-1.2855,0.4647,51.0864,76.7822,158.6304,t003,FJTB
2531326874,4321153,2,tobillo,terminal,-0.8683,-1.1523,0.3899,39.0015,60.9741,120.3613,t003,FJTB
2531326937,4321169,2,tobillo,terminal,-1.0115,-0.9500,0.3625,39.5508,52.9175,93.2007,t003,FJTB
2531326938,4321185,2,tobillo,terminal,-1.0251,-0.8835,0.4104,34.4238,35.8887,32.3486,t003,FJTB
2531326939,4321201,2,tobillo,terminal,-0.7330,-0.8817,0.5521,14.5264,-2.5635,-14.7705,t003,FJTB
2531326940,4321217,2,tobillo,terminal,-0.5559,-0.9760,0.5718,1.1597,-28.2593,-28.3203,t003,FJTB
2531327005,4321233,2,tobillo,terminal,-0.4543,-0.9500,0.5138,-6.7749,-85.2051,-39.3677,t003,FJTB
2531327006,4321249,2,tobillo,terminal,-0.2542,-1.1925,0.4995,-8.7280,-113.2812,-50.4150,t003,FJTB
2531327007,4321265,2,tobillo,swing,0.1047,-1.1326,0.6760,-44.5557,-157.5928,-102.9053,t003,FJTB
2531327007,4321281,2,tobillo,swing,1.0353,-1.3007,0.2057,18.8599,-105.8350,-200.0122,t003,FJTB
2531327037,4321297,2,tobillo,swing,1.4093,-1.7764,0.8237,23.1323,-82.7026,-237.9761,t003,FJTB
2531327071,4321313,2,tobillo,swing,-0.1754,-1.6184,0.8038,-66.3452,-151.2451,-85.2661,t003,FJTB
2531327073,4321329,2,tobillo,swing,-0.8611,-1.1879,0.0731,-66.7725,-163.0859,-16.6016,t003,FJTB
2531327074,4321345,2,tobillo,swing,0.6156,-0.5510,0.2500,-44.3726,-108.6426,-80.7495,t003,FJTB
2531327074,4321361,2,tobillo,swing,-0.0366,-0.7423,0.2477,-4.6387,-88.9893,-72.6929,t003,FJTB
2531327140,4321377,2,tobillo,swing,-1.0208,-1.1689,0.3477,9.8267,-61.2793,-71.6553,t003,FJTB
2531327140,4321393,2,tobillo,swing,0.2125,-1.0004,0.4645,10.3149,-0.7935,-91.6748,t003,FJTB
2531327141,4321409,2,tobillo,swing,0.1793,-1.0123,0.4075,1.3428,-0.6104,-71.3501,t003,FJTB
2531327141,4321425,2,tobillo,swing,0.1018,-1.0221,0.3044,-0.2441,-4.2725,-68.3594,t003,FJTB
2531327202,4321441,2,tobillo,swing,0.1504,-0.9740,0.2928,-1.3428,-9.7656,-66.6504,t003,FJTB
2531327204,4321457,2,tobillo,swing,0.1177,-0.9500,0.3313,-0.3052,-13.6719,-60.9131,t003,FJTB
2531327205,4321473,2,tobillo,swing,0.0804,-0.9869,0.3059,-2.0142,-23.3765,-45.8374,t003,FJTB
2531327205,4321489,2,tobillo,swing,0.0469,-0.9739,0.2799,-6.3477,-26.6724,-34.7900,t003,FJTB
2531327271,4321505,2,tobillo,swing,0.0011,-0.9490,0.2423,-7.3242,-22.8271,-32.8979,t003,FJTB
2531327272,4321521,2,tobillo,swing,-0.0190,-0.9310,0.2587,-6.6528,-11.2305,-32.3486,t003,FJTB
2531327272,4321537,2,tobillo,swing,-0.0046,-0.9468,0.2761,-4.6387,-1.4038,-30.3955,t003,FJTB
2531327272,4321553,2,tobillo,swing,0.0398,-0.9841,0.2947,-4.6387,1.5259,-30.1514,t003,FJTB
2531327334,4321569,2,tobillo,swing,0.0415,-0.9856,0.2897,-7.6904,4.0894,-31.4941,t003,FJTB
2531327336,4321585,2,tobillo,swing,0.0215,-0.9696,0.2622,-9.8267,4.8218,-31.8603,t003,FJTB
2531327337,4321601,2,tobillo,swing,0.0171,-0.9749,0.2502,-10.8643,5.4932,-32.2876,t003,FJTB
2531327337,4321616,2,tobillo,swing,0.0153,-0.9832,0.2543,-11.8408,5.5542,-35.8887,t003,FJTB
2531327405,4321632,2,tobillo,swing,0.0066,-0.9901,0.2686,-12.9395,5.0049,-38.2690,t003,FJTB
2531327405,4321648,2,tobillo,swing,-0.0072,-0.9886,0.2682,-16.1133,3.2349,-41.2598,t003,FJTB
2531327406,4321664,2,tobillo,swing,-0.0186,-0.9728,0.2797,-16.9678,1.7090,-42.9077,t003,FJTB
2531327406,4321680,2,tobillo,swing,-0.0264,-0.9838,0.3083,-16.6626,0.7935,-44.2505,t003,FJTB
2531327469,4321696,2,tobillo,loading,-0.0293,-0.9900,0.3048,-18.0054,-0.7324,-48.6450,t003,FJTB
2531327469,4321712,2,tobillo,loading,-0.0333,-0.9707,0.3121,-18.4937,-1.7090,-50.0488,t003,FJTB
2531327470,4321728,2,tobillo,loading,-0.0435,-0.9661,0.3275,-15.3809,-5.8594,-51.2695,t003,FJTB
2531327471,4321744,2,tobillo,loading,-0.0438,-0.9713,0.3358,-13.3667,-11.6577,-51.3306,t003,FJTB
2531327474,4321761,2,tobillo,loading,-0.0870,-0.9635,0.3275,-13.3667,-14.2822,-51.5747,t003,FJTB
2531327540,4321777,2,tobillo,loading,-0.0980,-0.9456,0.3652,-12.2070,-17.8833,-53.0395,t003,FJTB
2531327540,4321793,2,tobillo,loading,-0.0957,-0.9347,0.3896,-11.1694,-21.7285,-55.2368,t003,FJTB
2531327541,4321809,2,tobillo,loading,-0.1172,-0.9786,0.3434,-11.9629,-22.9492,-56.8237,t003,FJTB
2531327541,4321825,2,tobillo,loading,-0.1417,-1.0100,0.3127,-10.7422,-23.5596,-60.8520,t003,FJTB
2531327604,4321841,2,tobillo,loading,-0.1627,-1.0563,0.3064,-13.0005,-22.0947,-62.8052,t003,FJTB
2531327606,4321857,2,tobillo,loading,-0.1552,-1.0930,0.3345,-20.3247,-18.4937,-66.4673,t003,FJTB
2531327606,4321873,2,tobillo,loading,-0.1442,-1.1194,0.3500,-22.3389,-16.3574,-73.3032,t003,FJTB
2531327607,4321889,2,tobillo,loading,-0.1639,-1.1675,0.3752,-21.2402,-16.0522,-78.6133,t003,FJTB
2531327670,4321906,2,tobillo,loading,-0.1709,-1.1433,0.4091,-18.2495,-16.7847,-94.4824,t003,FJTB
2531327671,4321922,2,tobillo,loading,-0.1592,-1.1294,0.4227,-13.9770,-18.9209,-109.9243,t003,FJTB
2531327671,4321938,2,tobillo,loading,-0.1747,-1.1393,0.4774,-10.6812,-19.4092,-116.6992,t003,FJTB
2531327671,4321954,2,tobillo,loading,-0.1475,-1.2064,0.5405,-3.4790,-17.5171,-136.9019,t003,FJTB
2531327732,4321970,2,tobillo,midstance,-0.0132,-1.5037,0.7344,-3.8452,-17.1509,-152.4658,t003,FJTB
2531327732,4321986,2,tobillo,midstance,0.2245,-1.9664,0.8735,-26.7944,-7.3853,-196.0449,t003,FJTB
2531327733,4322002,2,tobillo,midstance,0.3634,-2.1309,0.7089,-74.0967,38.3911,-253.7231,t003,FJTB
2531327733,4322018,2,tobillo,midstance,0.5818,-1.9333,0.1584,-85.7544,66.7114,-270.0195,t003,FJTB
2531327800,4322034,2,tobillo,midstance,0.1086,-1.2643,0.3037,-92.3462,38.3911,-286.1328,t003,FJTB
2531327801,4322050,2,tobillo,midstance,-0.4413,-1.2087,0.4648,-55.5420,-82.2754,-286.8042,t003,FJTB
2531327801,4322066,2,tobillo,midstance,-0.7745,-1.2649,0.4438,-34.5459,-99.3652,-262.0850,t003,FJTB
2531327802,4322083,2,tobillo,midstance,-0.1451,-1.2323,0.3372,-7.8735,-33.1421,-175.6592,t003,FJTB
2531327863,4322099,2,tobillo,midstance,0.3641,-1.4720,0.4203,-10.3760,19.4702,-156.7383,t003,FJTB
2531327865,4322115,2,tobillo,midstance,0.1583,0.2585,-0.2791,-54.0771,36.1938,-125.7934,t003,FJTB
2531327865,4322131,2,tobillo,midstance,-0.7655,0.5427,-0.5203,-13.7329,71.2891,29.7241,t003,FJTB
2531327865,4322147,2,tobillo,midstance,0.4354,-0.8003,-0.1575,40.8936,62.1948,22.3389,t003,FJTB
2531327930,4322163,2,tobillo,midstance,0.8425,-0.5294,-0.0275,32.3486,88.8061,35.0952,t003,FJTB
2531327930,4322179,2,tobillo,midstance,0.3774,-0.2012,-0.0199,19.7144,75.3174,62.8662,t003,FJTB
2531327931,4322195,2,tobillo,midstance,0.2568,-0.2236,0.0111,38.3911,69.9463,90.5762,t003,FJTB
2531327931,4322210,2,tobillo,midstance,0.3379,-0.3527,0.0641,69.9463,79.8950,155.8838,t003,FJTB
2531327992,4322226,2,tobillo,midstance,0.3252,-0.5450,0.2386,84.8389,111.2060,214.2944,t003,FJTB
2531327993,4322242,2,tobillo,midstance,0.3385,-0.6616,0.3218,82.1533,115.1123,228.4546,t003,FJTB
2531327993,4322258,2,tobillo,midstance,0.3202,-0.7296,0.3472,81.3599,96.3745,247.1313,t003,FJTB
2531327993,4322274,2,tobillo,midstance,0.2675,-0.9141,0.4077,83.6182,76.7822,257.1411,t003,FJTB
2531328057,4322289,2,tobillo,midstance,0.1709,-1.0343,0.4343,89.9048,32.1045,274.6582,t003,FJTB
2531328058,4322305,2,tobillo,midstance,0.0203,-1.3137,0.4221,90.7593,16.7847,284.6069,t003,FJTB
2531328058,4322321,2,tobillo,midstance,-0.0890,-1.4745,0.3325,84.0454,-6.4087,303.7720,t003,FJTB
2531328059,4322337,2,tobillo,midstance,-0.0958,-1.5304,0.2937,95.2148,-35.5225,305.4810,t003,FJTB
2531328120,4322353,2,tobillo,midstance,-0.2014,-1.7502,0.2577,98.5718,-46.6309,303.8330,t003,FJTB
2531328120,4322369,2,tobillo,midstance,-0.3942,-1.8137,0.1973,87.2192,-48.7671,291.0156,t003,FJTB
2531328121,4322385,2,tobillo,terminal,-0.5028,-1.8213,0.1713,81.1157,-29.4800,276.8555,t003,FJTB
2531328121,4322401,2,tobillo,terminal,-0.5956,-1.7930,0.1444,80.2002,-12.8784,272.0337,t003,FJTB
2531328179,4322417,2,tobillo,terminal,-0.5862,-1.7455,0.1464,78.4302,30.5176,256.2256,t003,FJTB
2531328192,4322433,2,tobillo,terminal,-0.5724,-1.6122,0.2262,79.1016,53.2837,243.9575,t003,FJTB
2531328193,4322448,2,tobillo,terminal,-0.5177,-1.5415,0.4176,85.2661,92.5903,217.1020,t003,FJTB
2531328193,4322464,2,tobillo,terminal,-0.5256,-1.4847,0.5059,86.7309,112.5488,186.1572,t003,FJTB
2531328194,4322480,2,tobillo,terminal,-0.5737,-1.4152,0.5366,86.4868,113.8916,168.3349,t003,FJTB
2531328256,4322496,2,tobillo,terminal,-0.6207,-1.4044,0.5356,80.5664,100.7080,128.2349,t003,FJTB
2531328258,4322512,2,tobillo,terminal,-0.9022,-1.1188,0.5055,73.4863,89.2334,110.1074,t003,FJTB
2531328259,4322528,2,tobillo,terminal,-0.9034,-0.9978,0.5906,64.3921,62.6221,69.5801,t003,FJTB
2531328260,4322544,2,tobillo,terminal,-0.8665,-0.9813,0.6649,46.3867,22.0947,21.1792,t003,FJTB
2531328325,4322560,2,tobillo,terminal,-0.8636,-0.9763,0.7136,33.3252,-5.4321,-2.0752,t003,FJTB
2531328326,4322576,2,tobillo,terminal,-0.8597,-0.9744,0.5764,8.1177,-62.4390,-28.7476,t003,FJTB
2531328326,4322592,2,tobillo,terminal,-0.7583,-0.9924,0.5175,-11.2305,-99.3652,-42.7856,t003,FJTB
2531328327,4322608,2,tobillo,terminal,-0.3011,-1.0160,0.5536,-26.4893,-115.9058,-61.2793,t003,FJTB
2531328389,4322624,2,tobillo,terminal,0.1836,-0.7969,0.6763,-27.8320,-164.7339,-114.0747,t003,FJTB
2531328389,4322640,2,tobillo,swing,2.0648,-0.9753,0.6663,9.3994,-167.7856,-138.0615,t003,FJTB
2531328389,4322656,2,tobillo,swing,0.5427,-1.9453,0.9957,40.2222,-151.6724,-169.4336,t003,FJTB
2531328390,4322672,2,tobillo,swing,-1.2532,-1.8372,0.8033,-55.3589,-161.8652,-56.0913,t003,FJTB
2531328460,4322688,2,tobillo,swing,-0.3552,-0.9851,0.1332,-60.8520,-133.3618,-50.2930,t003,FJTB
2531328460,4322705,2,tobillo,swing,0.0011,-0.8580,0.2383,-21.9116,-92.8345,-89.7827,t003,FJTB
2531328460,4322721,2,tobillo,swing,-0.6615,-1.0636,0.2390,10.4370,-64.1479,-75.6836,t003,FJTB
2531328461,4322737,2,tobillo,swing,-0.3217,-1.0861,0.2568,12.0239,-26.5503,-81.7871,t003,FJTB
2531328523,4322753,2,tobillo,swing,0.0208,-0.9679,0.2622,6.8359,14.1602,-77.0264,t003,FJTB
2531328525,4322768,2,tobillo,swing,0.0565,-1.0079,0.2782,7.6904,14.8926,-66.4673,t003,FJTB
2531328526,4322784,2,tobillo,swing,0.1648,-0.9706,0.2581,3.6011,5.0049,-52.9175,t003,FJTB
2531328526,4322800,2,tobillo,swing,0.1417,-0.9546,0.2614,4.8218,-7.5073,-42.2974,t003,FJTB
2531328593,4322816,2,tobillo,swing,0.1559,-0.9678,0.2798,6.8359,-11.4746,-38.2690,t003,FJTB
2531328593,4322832,2,tobillo,swing,0.1497,-0.9913,0.2875,6.1035,-17.8833,-30.5176,t003,FJTB
2531328594,4322848,2,tobillo,swing,0.0848,-0.9796,0.2416,0.4883,-16.7236,-23.9868,t003,FJTB
2531328632,4322864,2,tobillo,swing,0.0342,-0.9600,0.1879,-1.2817,-11.9019,-22.4609,t003,FJTB
2531328658,4322880,2,tobillo,swing,0.0354,-0.9540,0.1913,-2.9907,-1.3428,-22.3999,t003,FJTB
2531328660,4322896,2,tobillo,swing,0.0742,-0.9742,0.2319,-3.9673,1.7700,-22.1558,t003,FJTB
2531328661,4322912,2,tobillo,swing,0.0859,-0.9924,0.2454,-7.4463,2.6855,-22.1558,t003,FJTB
2531328661,4322928,2,tobillo,swing,0.0660,-0.9971,0.2399,-13.5498,4.7607,-23.8037,t003,FJTB
2531328728,4322944,2,tobillo,swing,0.0376,-0.9692,0.2150,-16.5405,7.0190,-24.4751,t003,FJTB
2531328729,4322960,2,tobillo,swing,0.0410,-0.9667,0.2159,-12.3291,7.0190,-26.6724,t003,FJTB
2531328729,4322976,2,tobillo,swing,0.0436,-0.9885,0.2489,-11.7798,8.1177,-30.8838,t003,FJTB
2531328729,4322992,2,tobillo,swing,0.0508,-0.9845,0.2646,-14.0991,9.4604,-32.8369,t003,FJTB
2531328791,4323008,2,tobillo,swing,0.0540,-0.9834,0.2635,-16.1743,7.9956,-35.4004,t003,FJTB
2531328791,4323024,2,tobillo,swing,0.0438,-0.9824,0.2451,-15.8081,5.7373,-36.0718,t003,FJTB
2531328792,4323040,2,tobillo,loading,0.0183,-0.9719,0.2592,-12.4512,0.9766,-37.9639,t003,FJTB
2531328792,4323056,2,tobillo,loading,0.0073,-0.9678,0.2711,-6.4087,-2.8076,-39.9170,t003,FJTB
2531328792,4323072,2,tobillo,loading,-0.0131,-0.9607,0.2820,-3.3569,-4.5776,-41.0767,t003,FJTB
2531328862,4323088,2,tobillo,loading,-0.0148,-0.9586,0.2827,-0.4883,-6.6528,-41.9311,t003,FJTB
2531328863,4323104,2,tobillo,loading,-0.0142,-0.9657,0.2761,0.0610,-9.6436,-40.7104,t003,FJTB
2531328863,4323120,2,tobillo,loading,-0.0166,-0.9604,0.2971,0.3662,-11.9629,-40.5273,t003,FJTB
2531328864,4323136,2,tobillo,loading,-0.0116,-0.9532,0.3195,2.3193,-18.0664,-42.1143,t003,FJTB
2531328873,4323153,2,tobillo,loading,-0.0201,-0.9697,0.3025,1.0376,-20.5688,-41.6260,t003,FJTB
2531328927,4323169,2,tobillo,loading,-0.0684,-1.0354,0.2495,-4.8218,-21.3013,-41.7480,t003,FJTB
2531328930,4323185,2,tobillo,loading,-0.0892,-1.0585,0.2552,-10.8032,-20.8130,-54.8706,t003,FJTB
2531328930,4323201,2,tobillo,loading,-0.0852,-1.0532,0.2698,-13.3667,-20.0195,-62.0728,t003,FJTB
2531328930,4323217,2,tobillo,loading,-0.1190,-1.0593,0.3040,-17.5171,-16.0522,-71.7163,t003,FJTB
2531328995,4323233,2,tobillo,loading,-0.0994,-1.0582,0.3014,-19.5923,-15.5640,-81.7261,t003,FJTB
2531328995,4323250,2,tobillo,loading,-0.1299,-1.0693,0.2885,-19.5923,-16.6626,-86.6699,t003,FJTB
2531328996,4323266,2,tobillo,loading,-0.1499,-1.0547,0.3031,-17.5781,-17.9443,-92.7124,t003,FJTB
2531328996,4323282,2,tobillo,loading,-0.2072,-1.0380,0.3003,-11.2305,-16.4795,-95.2759,t003,FJTB
2531329055,4323298,2,tobillo,loading,-0.2101,-1.0811,0.2880,-7.9346,-14.4653,-96.5576,t003,FJTB
2531329058,4323314,2,tobillo,loading,-0.2100,-1.1127,0.3236,-3.8452,-10.4980,-99.9756,t003,FJTB
2531329058,4323330,2,tobillo,loading,-0.1611,-1.2096,0.3838,-3.1128,-9.5215,-103.3325,t003,FJTB
2531329089,4323347,2,tobillo,loading,-0.1095,-1.2664,0.4880,-3.0518,-10.8643,-113.4033,t003,FJTB
2531329120,4323363,2,tobillo,loading,-0.0880,-1.2798,0.6008,-6.2866,-14.1602,-130.7983,t003,FJTB
2531329121,4323379,2,tobillo,loading,0.0183,-1.4338,0.8226,-10.7422,-12.5122,-143.7988,t003,FJTB
2531329122,4323395,2,tobillo,loading,0.1434,-1.7714,0.9398,-30.7007,19.4092,-182.9223,t003,FJTB
2531329180,4323411,2,tobillo,loading,0.2728,-1.9124,0.7634,-63.9038,98.3887,-244.4458,t003,FJTB
2531329180,4323427,2,tobillo,loading,0.5092,-1.6943,0.2031,-85.0220,121.2768,-263.7329,t003,FJTB
2531329181,4323443,2,tobillo,midstance,0.2528,-1.4589,0.2120,-108.0322,30.5786,-270.6909,t003,FJTB
2531329181,4323459,2,tobillo,midstance,-0.5751,-1.4000,0.5474,-70.8618,-63.8428,-251.0376,t003,FJTB
2531329210,4323475,2,tobillo,midstance,-0.1934,-1.3500,0.5408,-46.0205,-62.0117,-234.3750,t003,FJTB
2531329251,4323491,2,tobillo,midstance,-0.0249,-1.4349,0.5479,-32.8369,-10.7422,-217.8955,t003,FJTB
2531329251,4323508,2,tobillo,midstance,0.5052,-1.5581,0.2343,-64.3311,-21.0571,-244.5679,t003,FJTB
2531329252,4323524,2,tobillo,midstance,-0.6193,0.5930,-0.7582,-74.7681,50.8423,-103.3325,t003,FJTB
2531329252,4323540,2,tobillo,midstance,-1.2174,0.5867,-0.7223,45.7764,91.3696,8.7280,t003,FJTB
2531329314,4323556,2,tobillo,midstance,0.5530,-1.0562,0.0239,108.8257,81.1768,-5.5542,t003,FJTB
2531329316,4323572,2,tobillo,midstance,1.0033,-0.6750,0.0300,87.5244,114.7461,23.8647,t003,FJTB
2531329317,4323588,2,tobillo,midstance,0.5829,-0.3080,-0.0184,66.1011,100.7080,65.6738,t003,FJTB
2531329317,4323603,2,tobillo,midstance,0.3917,-0.3507,0.0454,78.4302,81.0547,88.0737,t003,FJTB
2531329384,4323619,2,tobillo,midstance,0.3702,-0.3992,0.1096,84.7778,72.0825,136.4136,t003,FJTB
2531329384,4323635,2,tobillo,midstance,0.2635,-0.4810,0.2861,92.2851,80.2002,162.9028,t003,FJTB
2531329385,4323651,2,tobillo,midstance,0.3506,-0.6874,0.4550,101.3794,93.6890,205.6885,t003,FJTB
2531329385,4323667,2,tobillo,midstance,0.3591,-0.7209,0.4718,82.1533,85.1440,243.2251,t003,FJTB
2531329448,4323682,2,tobillo,terminal,0.3281,-0.8281,0.4399,87.0361,66.3452,255.9204,t003,FJTB
2531329448,4323698,2,tobillo,terminal,0.2673,-0.9789,0.4395,104.7363,16.4185,280.1514,t003,FJTB
2531329449,4323714,2,tobillo,terminal,0.0862,-1.2614,0.4259,105.5298,-3.1738,293.8843,t003,FJTB
2531329449,4323730,2,tobillo,terminal,-0.0541,-1.4429,0.3657,98.5107,-25.2686,317.8101,t003,FJTB
2531329519,4323746,2,tobillo,terminal,-0.1135,-1.5308,0.3369,92.5903,-30.4565,329.8340,t003,FJTB
2531329519,4323762,2,tobillo,terminal,-0.1941,-1.7083,0.2942,87.8906,-25.1465,329.7119,t003,FJTB
2531329520,4323778,2,tobillo,terminal,-0.2406,-1.7885,0.2859,76.1719,-7.8125,314.8193,t003,FJTB
2531329520,4323794,2,tobillo,terminal,-0.4061,-1.8977,0.3068,73.3643,-1.4648,303.1006,t003,FJTB
2531329565,4323810,2,tobillo,terminal,-0.5679,-1.8634,0.2957,68.2373,18.5547,278.8696,t003,FJTB
2531329565,4323826,2,tobillo,terminal,-0.6135,-1.7981,0.2872,65.4297,47.6685,259.0942,t003,FJTB
2531329586,4323842,2,tobillo,terminal,-0.5889,-1.6802,0.4532,68.2983,56.5186,250.0000,t003,FJTB
2531329587,4323858,2,tobillo,terminal,-0.7754,-1.4160,0.6675,66.9556,55.1147,222.9614,t003,FJTB
2531329587,4323874,2,tobillo,terminal,-0.7853,-1.2866,0.6541,61.5845,38.6353,188.9038,t003,FJTB
2531329654,4323890,2,tobillo,terminal,-0.7653,-1.4060,0.5620,63.4155,26.3672,173.7671,t003,FJTB
2531329655,4323906,2,tobillo,terminal,-0.9924,-1.3025,0.5302,48.2788,-2.2583,125.3052,t003,FJTB
2531329655,4323922,2,tobillo,terminal,-1.2629,-1.0895,0.4896,39.8560,-8.0566,94.5434,t003,FJTB
2531329656,4323939,2,tobillo,terminal,-1.1936,-0.9406,0.4674,24.0478,-11.2305,31.9824,t003,FJTB
2531329719,4323955,2,tobillo,terminal,-1.0952,-0.9374,0.5001,10.6201,-27.5879,-18.4937,t003,FJTB
2531329721,4323971,2,tobillo,terminal,-0.7434,-1.0762,0.5212,0.9766,-41.6260,-40.1611,t003,FJTB
2531329721,4323987,2,tobillo,terminal,-1.1188,-0.9189,0.3741,-24.9634,-77.4536,-83.0078,t003,FJTB
2531329722,4324003,2,tobillo,terminal,-0.8127,-1.1417,0.3553,6.9580,-81.9702,-154.7241,t003,FJTB
2531329787,4324019,2,tobillo,terminal,2.3701,-1.8928,0.3831,40.1001,-60.7910,-207.4585,t003,FJTB
2531329787,4324035,2,tobillo,terminal,0.2164,-1.3785,0.7725,-32.4097,-85.6934,-181.7627,t003,FJTB
2531329788,4324051,2,tobillo,terminal,-1.4698,-1.1444,0.3798,-42.4805,-134.8877,-40.4663,t003,FJTB
2531329788,4324068,2,tobillo,terminal,0.2949,-0.7292,0.4082,-37.5977,-106.6284,-87.3413,t003,FJTB
2531329850,4324084,2,tobillo,terminal,0.5010,-0.5740,0.3683,-8.9111,-84.9609,-103.8818,t003,FJTB
2531329850,4324100,2,tobillo,swing,-0.8505,-1.3118,0.2524,18.0664,-74.7070,-86.3037,t003,FJTB
2531329851,4324116,2,tobillo,swing,-0.1501,-1.0762,0.3151,8.1787,-18.4937,-80.7495,t003,FJTB
2531329851,4324132,2,tobillo,swing,0.0203,-0.9250,0.3145,3.2959,-7.5073,-62.3779,t003,FJTB
2531329922,4324148,2,tobillo,swing,0.0254,-0.9836,0.2574,6.7749,-5.4321,-52.6123,t003,FJTB
2531329922,4324164,2,tobillo,swing,0.0912,-0.9923,0.2377,6.8359,-2.1973,-40.7715,t003,FJTB
2531329923,4324180,2,tobillo,swing,0.0818,-0.9897,0.2411,5.8594,-4.2725,-35.0952,t003,FJTB
2531329923,4324196,2,tobillo,swing,0.1461,-0.9807,0.2341,5.4932,-6.5918,-32.1655,t003,FJTB
2531329924,4324212,2,tobillo,swing,0.1592,-0.9828,0.2323,3.4790,-14.9536,-25.0244,t003,FJTB
2531329988,4324228,2,tobillo,swing,0.0704,-0.9740,0.2306,1.8311,-17.6392,-21.6675,t003,FJTB
2531329988,4324244,2,tobillo,swing,0.0306,-0.9603,0.2062,0.7935,-16.0522,-19.7754,t003,FJTB
2531329990,4324260,2,tobillo,swing,0.0294,-0.9570,0.2170,2.6245,-9.7656,-23.0103,t003,FJTB
2531329991,4324276,2,tobillo,swing,0.0323,-0.9744,0.2883,2.8687,-6.3477,-23.6206,t003,FJTB
2531330057,4324292,2,tobillo,swing,0.0802,-0.9784,0.2798,3.7842,-2.8687,-24.9634,t003,FJTB
2531330058,4324308,2,tobillo,swing,0.0763,-0.9778,0.2656,5.7373,-3.7842,-28.7476,t003,FJTB
2531330058,4324324,2,tobillo,swing,0.0253,-0.9728,0.2428,6.2866,-4.4556,-29.8462,t003,FJTB
2531330059,4324340,2,tobillo,swing,0.0065,-0.9758,0.2349,5.9814,-3.2349,-29.0527,t003,FJTB
2531330123,4324356,2,tobillo,swing,0.0013,-0.9844,0.2151,5.1880,-1.4038,-29.5410,t003,FJTB
2531330123,4324372,2,tobillo,loading,-0.0018,-0.9781,0.2101,3.7231,1.5869,-33.3862,t003,FJTB
2531330123,4324388,2,tobillo,loading,0.0063,-0.9718,0.2144,2.1973,1.2207,-34.7290,t003,FJTB
2531330124,4324404,2,tobillo,loading,0.0214,-0.9827,0.2133,0.6714,0.6104,-33.4473,t003,FJTB
2531330193,4324420,2,tobillo,loading,0.0245,-0.9940,0.2120,-4.1504,-1.0986,-33.1421,t003,FJTB
2531330194,4324436,2,tobillo,loading,-0.0203,-0.9874,0.2299,-8.3618,-3.4180,-35.2783,t003,FJTB
2531330195,4324453,2,tobillo,loading,-0.0518,-0.9783,0.2872,-11.4746,-3.7231,-34.4238,t003,FJTB
2531330195,4324469,2,tobillo,loading,-0.0480,-0.9746,0.2762,-16.4795,-2.7466,-32.9590,t003,FJTB
2531330258,4324485,2,tobillo,loading,-0.0522,-0.9581,0.2716,-14.1602,-2.1973,-36.7432,t003,FJTB
2531330260,4324501,2,tobillo,loading,-0.0441,-0.9545,0.2957,-12.5732,-2.7466,-38.2690,t003,FJTB
2531330261,4324517,2,tobillo,loading,-0.0388,-0.9661,0.2833,-12.5732,-3.7842,-39.6118,t003,FJTB
2531330261,4324534,2,tobillo,loading,-0.0609,-0.9796,0.2772,-13.5498,-4.9438,-41.1377,t003,FJTB
2531330286,4324550,2,tobillo,loading,-0.0671,-0.9786,0.3033,-13.4888,-9.3384,-44.2505,t003,FJTB
2531330327,4324566,2,tobillo,loading,-0.0695,-0.9869,0.3008,-15.2588,-12.5732,-46.2646,t003,FJTB
2531330327,4324582,2,tobillo,loading,-0.0909,-1.0187,0.2909,-16.6626,-13.1226,-48.2178,t003,FJTB
2531330328,4324598,2,tobillo,loading,-0.1196,-1.0325,0.2996,-20.2637,-14.2822,-55.3589,t003,FJTB
2531330389,4324614,2,tobillo,loading,-0.1428,-1.0371,0.3091,-22.3999,-14.7095,-65.7349,t003,FJTB
2531330391,4324631,2,tobillo,loading,-0.1240,-1.0566,0.3090,-23.4375,-14.5874,-70.9229,t003,FJTB
2531330392,4324647,2,tobillo,loading,-0.1316,-1.0509,0.3037,-21.0571,-16.9067,-79.5288,t003,FJTB
2531330403,4324663,2,tobillo,loading,-0.1841,-1.0339,0.3300,-19.4702,-18.8599,-83.9844,t003,FJTB
2531330456,4324679,2,tobillo,loading,-0.1981,-1.0359,0.3086,-18.7378,-17.9443,-84.2285,t003,FJTB
2531330456,4324695,2,tobillo,loading,-0.2076,-1.0642,0.3309,-15.2588,-14.0381,-84.3506,t003,FJTB
2531330457,4324711,2,tobillo,loading,-0.2106,-1.1321,0.3682,-13.8550,-11.8408,-86.3647,t003,FJTB
2531330515,4324728,2,tobillo,loading,-0.1547,-1.2198,0.4329,-11.3525,-8.1787,-96.1914,t003,FJTB
2531330516,4324744,2,tobillo,midstance,-0.1136,-1.2631,0.4891,-8.5449,-9.8267,-111.3892,t003,FJTB
2531330516,4324760,2,tobillo,midstance,-0.0394,-1.3815,0.6082,-7.1411,-12.0850,-122.4365,t003,FJTB
2531330517,4324777,2,tobillo,midstance,0.0426,-1.6215,0.8108,-10.7422,-9.8267,-155.3955,t003,FJTB
2531330517,4324793,2,tobillo,midstance,0.0879,-1.7231,0.8798,-36.6211,18.1274,-214.5996,t003,FJTB
2531330521,4324809,2,tobillo,midstance,0.2826,-1.7249,0.6146,-53.4058,46.5088,-242.0044,t003,FJTB
2531330586,4324825,2,tobillo,midstance,0.3248,-1.3496,0.2849,-71.4111,93.9331,-254.6387,t003,FJTB
2531330587,4324840,2,tobillo,midstance,0.0354,-1.1757,0.2817,-63.1714,6.0425,-286.1938,t003,FJTB
2531330587,4324856,2,tobillo,midstance,-0.6274,-1.3887,0.4265,-38.5132,-53.8940,-290.4663,t003,FJTB
2531330588,4324873,2,tobillo,midstance,-0.3959,-1.5251,0.3805,-10.3149,-69.5801,-234.1308,t003,FJTB
2531330650,4324889,2,tobillo,midstance,0.0304,-1.4392,0.3933,-19.7144,-37.8418,-197.3877,t003,FJTB
2531330650,4324905,2,tobillo,midstance,0.2949,-1.2197,0.3679,-86.4258,-44.9219,-211.4258,t003,FJTB
2531330653,4324921,2,tobillo,midstance,0.2910,0.0388,-0.3390,-71.1670,29.1748,-50.4761,t003,FJTB
2531330653,4324937,2,tobillo,midstance,-0.6898,0.2450,-0.6255,3.6621,78.6743,63.9648,t003,FJTB
2531330718,4324953,2,tobillo,midstance,0.8311,-1.2329,0.1338,105.8960,69.6411,52.4292,t003,FJTB
2531330719,4324969,2,tobillo,midstance,1.0718,-0.9078,0.0026,35.5225,87.0972,57.1899,t003,FJTB
2531330719,4324984,2,tobillo,midstance,0.3638,-0.2476,-0.1154,31.8603,71.7773,69.4580,t003,FJTB
2531330719,4325000,2,tobillo,midstance,0.3081,-0.2930,-0.0757,64.3311,47.6685,125.2441,t003,FJTB
2531330780,4325016,2,tobillo,midstance,0.2469,-0.5266,0.1311,77.5146,55.7861,161.3159,t003,FJTB
2531330782,4325032,2,tobillo,midstance,0.1095,-0.6936,0.2874,93.6279,102.4780,226.2573,t003,FJTB
2531330783,4325048,2,tobillo,midstance,0.2101,-0.6921,0.3022,77.6978,130.4321,234.3750,t003,FJTB
2531330783,4325064,2,tobillo,midstance,0.3007,-0.7462,0.3386,80.6885,125.9155,234.8633,t003,FJTB
2531330849,4325080,2,tobillo,midstance,0.2649,-0.8917,0.4014,93.9331,88.5620,252.8076,t003,FJTB
2531330849,4325095,2,tobillo,midstance,0.0704,-1.1053,0.4583,94.9097,63.9038,265.1367,t003,FJTB
2531330850,4325111,2,tobillo,midstance,0.0035,-1.3372,0.4047,95.2759,26.6724,288.6963,t003,FJTB
2531330850,4325127,2,tobillo,midstance,-0.0282,-1.4318,0.3634,92.3462,2.6855,301.3916,t003,FJTB
2531330913,4325143,2,tobillo,midstance,-0.1753,-1.5647,0.3256,89.6606,-5.1880,303.5278,t003,FJTB
2531330914,4325159,2,tobillo,midstance,-0.2399,-1.6185,0.3147,83.0078,-5.8594,299.1333,t003,FJTB
2531330914,4325175,2,tobillo,midstance,-0.3146,-1.7455,0.3064,82.4585,-3.2959,293.7012,t003,FJTB
2531330980,4325191,2,tobillo,midstance,-0.5007,-1.8368,0.3241,80.5054,1.6479,285.7666,t003,FJTB
2531330981,4325207,2,tobillo,midstance,-0.5751,-1.8284,0.3125,69.8242,23.1934,275.0244,t003,FJTB
2531330982,4325222,2,tobillo,midstance,-0.6078,-1.6870,0.2941,68.0542,38.4521,262.9395,t003,FJTB
2531331043,4325238,2,tobillo,midstance,-0.6090,-1.6150,0.3405,71.5942,67.5049,229.8584,t003,FJTB
2531331044,4325254,2,tobillo,terminal,-0.5964,-1.5437,0.4691,60.6689,88.1348,201.2329,t003,FJTB
2531331045,4325270,2,tobillo,terminal,-0.6375,-1.3652,0.4652,57.9224,87.3413,184.7534,t003,FJTB
2531331045,4325286,2,tobillo,terminal,-0.7341,-1.2885,0.4189,61.2183,73.7305,140.9912,t003,FJTB
2531331045,4325302,2,tobillo,terminal,-0.9563,-1.1632,0.2950,60.5469,69.0308,116.1499,t003,FJTB
2531331045,4325318,2,tobillo,terminal,-1.0205,-1.0339,0.3589,55.4810,62.9883,62.5610,t003,FJTB
2531331046,4325334,2,tobillo,terminal,-0.9744,-0.9818,0.4412,42.7856,41.8091,4.9438,t003,FJTB
2531331116,4325349,2,tobillo,terminal,-0.8274,-0.9625,0.5509,33.7524,18.7988,-20.6909,t003,FJTB
2531331116,4325365,2,tobillo,terminal,-0.7554,-0.9711,0.5591,14.0381,-43.6401,-55.6641,t003,FJTB
2531331116,4325382,2,tobillo,terminal,-0.5511,-1.0730,0.5327,7.3853,-74.1577,-62.9883,t003,FJTB
2531331117,4325398,2,tobillo,terminal,0.1093,-1.0554,0.5880,-12.2681,-147.7661,-85.6934,t003,FJTB
2531331181,4325414,2,tobillo,terminal,0.6913,-1.0436,0.5142,-0.3052,-213.8672,-128.3569,t003,FJTB
2531331183,4325430,2,tobillo,terminal,2.1592,-1.2198,0.8048,14.7705,-214.1723,-149.4141,t003,FJTB
2531331183,4325445,2,tobillo,terminal,1.6039,-1.3280,0.9669,-11.3525,-186.0351,-139.0991,t003,FJTB
2531331184,4325461,2,tobillo,terminal,-1.8577,-1.5415,0.5544,-19.7144,-160.5835,-70.8008,t003,FJTB
2531331249,4325478,2,tobillo,terminal,-0.0787,-1.2133,0.1019,-24.7803,-105.3467,-95.5200,t003,FJTB
2531331249,4325494,2,tobillo,terminal,0.6790,-0.7722,0.0980,-26.1230,-77.6367,-99.0601,t003,FJTB
2531331250,4325510,2,tobillo,terminal,-0.7156,-1.0313,0.1930,-5.6763,-93.8721,-74.4019,t003,FJTB
2531331250,4325526,2,tobillo,terminal,-0.2386,-1.0487,0.1749,-2.8687,-38.2080,-65.0024,t003,FJTB
2531331310,4325542,2,tobillo,terminal,0.0240,-0.9761,0.2222,-7.3242,-7.2632,-61.5845,t003,FJTB
2531331311,4325558,2,tobillo,terminal,0.0422,-1.0203,0.2053,-5.8594,-1.8311,-54.3823,t003,FJTB
2531331311,4325575,2,tobillo,swing,0.1753,-0.9419,0.2126,-7.2632,-6.4087,-46.7529,t003,FJTB
2531331311,4325591,2,tobillo,swing,0.1317,-0.9689,0.2799,-1.4038,-19.7144,-36.6211,t003,FJTB
2531331386,4325607,2,tobillo,swing,0.2207,-0.9967,0.2537,-1.6479,-23.0103,-33.9355,t003,FJTB
2531331386,4325623,2,tobillo,swing,0.1814,-0.9890,0.2441,-1.4648,-29.9072,-32.9590,t003,FJTB
2531331386,4325639,2,tobillo,swing,0.0073,-0.9840,0.2291,-5.5542,-24.5361,-38.1470,t003,FJTB
2531331387,4325655,2,tobillo,swing,-0.0186,-0.9617,0.2289,-7.7515,-20.5688,-41.0767,t003,FJTB
2531331387,4325671,2,tobillo,swing,-0.0011,-0.9601,0.2582,-9.8267,-14.5264,-42.9077,t003,FJTB
2531331452,4325687,2,tobillo,swing,-0.0045,-0.9572,0.3445,-10.1929,-12.8784,-40.9546,t003,FJTB
2531331454,4325704,2,tobillo,swing,0.0023,-0.9596,0.3188,-10.6812,-12.6343,-36.2549,t003,FJTB
2531331455,4325720,2,tobillo,swing,-0.0060,-0.9677,0.2905,-7.3853,-9.5825,-35.7666,t003,FJTB
2531331455,4325736,2,tobillo,swing,-0.0317,-0.9751,0.2598,-5.4321,-6.7139,-37.0483,t003,FJTB
2531331521,4325752,2,tobillo,swing,-0.0387,-0.9781,0.2505,-3.5400,-1.1597,-38.7573,t003,FJTB
2531331522,4325768,2,tobillo,swing,-0.0378,-0.9850,0.2520,-3.9062,2.7466,-38.3911,t003,FJTB
2531331522,4325784,2,tobillo,swing,-0.0203,-0.9883,0.2528,-5.4321,3.3569,-38.6353,t003,FJTB
2531331522,4325800,2,tobillo,swing,-0.0177,-0.9779,0.2571,-9.5825,1.5259,-38.3301,t003,FJTB
2531331587,4325816,2,tobillo,swing,-0.0358,-0.9730,0.2714,-11.2305,-0.8545,-36.7432,t003,FJTB
2531331588,4325832,2,tobillo,swing,-0.0552,-0.9738,0.2756,-11.3525,-1.1597,-37.1094,t003,FJTB
2531331588,4325849,2,tobillo,swing,-0.0747,-0.9706,0.2743,-11.7187,-0.3052,-39.4897,t003,FJTB
2531331588,4325865,2,tobillo,swing,-0.0883,-0.9565,0.2692,-11.8408,0.3662,-40.4663,t003,FJTB
2531331655,4325881,2,tobillo,swing,-0.0928,-0.9596,0.2765,-11.0474,0.7935,-41.1987,t003,FJTB
2531331655,4325897,2,tobillo,swing,-0.0914,-0.9587,0.2859,-10.3149,0.1221,-41.9311,t003,FJTB
2531331656,4325913,2,tobillo,swing,-0.1017,-0.9685,0.3119,-9.8877,-0.3662,-42.2363,t003,FJTB
2531331721,4325929,2,tobillo,loading,-0.0890,-0.9698,0.3451,-10.2539,-2.5635,-45.6543,t003,FJTB
2531331722,4325945,2,tobillo,loading,-0.0876,-0.9618,0.3450,-11.7187,-6.6528,-48.0957,t003,FJTB
2531331722,4325962,2,tobillo,loading,-0.1331,-0.9796,0.3035,-12.1460,-8.1177,-48.0957,t003,FJTB
2531331723,4325978,2,tobillo,loading,-0.1498,-1.0000,0.2843,-12.8174,-8.9111,-50.1099,t003,FJTB
2531331725,4325994,2,tobillo,loading,-0.1456,-1.0077,0.2915,-12.4512,-11.3525,-55.1147,t003,FJTB
2531331725,4326010,2,tobillo,loading,-0.1659,-1.0251,0.3431,-12.9395,-14.2822,-58.4106,t003,FJTB
2531331791,4326026,2,tobillo,loading,-0.1785,-1.0316,0.3435,-14.0991,-16.9067,-65.3687,t003,FJTB
2531331792,4326042,2,tobillo,loading,-0.1527,-1.0356,0.3457,-12.7563,-18.2495,-67.5659,t003,FJTB
2531331793,4326058,2,tobillo,loading,-0.2288,-1.0253,0.3640,-3.7231,-23.8647,-72.9980,t003,FJTB
2531331793,4326075,2,tobillo,loading,-0.2415,-1.0414,0.3527,7.6294,-21.6064,-85.6323,t003,FJTB
2531331854,4326090,2,tobillo,loading,-0.2162,-1.0961,0.3409,9.2163,-18.4937,-88.5620,t003,FJTB
2531331856,4326107,2,tobillo,loading,-0.1971,-1.1484,0.3915,4.5776,-13.8550,-90.3931,t003,FJTB
2531331857,4326123,2,tobillo,loading,-0.1703,-1.1870,0.4321,3.9062,-11.1084,-97.9614,t003,FJTB
2531331857,4326139,2,tobillo,loading,-0.0956,-1.3879,0.5626,4.0894,-7.9956,-103.0273,t003,FJTB
2531331921,4326155,2,tobillo,loading,-0.0492,-1.5261,0.6676,-2.7466,4.8828,-128.2959,t003,FJTB
2531331921,4326171,2,tobillo,loading,0.1056,-1.8411,0.8693,-9.7656,19.2261,-155.4565,t003,FJTB
2531331922,4326187,2,tobillo,loading,0.2858,-2.0588,0.7174,-32.3486,90.4541,-230.1025,t003,FJTB
2531331922,4326203,2,tobillo,loading,0.5420,-1.9634,0.4573,-77.6367,144.8364,-289.4287,t003,FJTB
2531331982,4326219,2,tobillo,loading,0.4154,-1.4487,0.4586,-96.8628,90.9424,-292.9687,t003,FJTB
2531331983,4326235,2,tobillo,loading,-0.8191,-1.4176,0.6395,-65.4297,-43.8843,-253.6621,t003,FJTB
2531331984,4326251,2,tobillo,loading,-0.8411,-1.4957,0.4242,-15.9302,-2.8076,-225.4639,t003,FJTB
2531331985,4326267,2,tobillo,loading,0.4392,-1.8757,0.2416,-22.0337,35.0342,-240.7226,t003,FJTB
2531332049,4326283,2,tobillo,loading,1.0504,-1.5642,-0.0730,-71.6553,50.4150,-214.2944,t003,FJTB
2531332049,4326299,2,tobillo,loading,-0.7034,0.6954,-1.1221,-65.5518,81.2988,-108.5815,t003,FJTB
2531332050,4326315,2,tobillo,loading,-0.0598,-0.7504,0.0656,102.4780,75.6836,-42.4194,t003,FJTB
2531332050,4326331,2,tobillo,loading,0.9849,-1.1124,0.2111,80.6885,97.2290,-33.6304,t003,FJTB
2531332111,4326347,2,tobillo,loading,0.8611,-0.2223,-0.0574,50.8423,99.7925,5.9814,t003,FJTB
2531332111,4326363,2,tobillo,midstance,0.3129,-0.2493,-0.0094,85.9375,63.7817,53.3447,t003,FJTB
2531332112,4326379,2,tobillo,midstance,0.3618,-0.3890,0.0597,101.3794,64.5752,88.1958,t003,FJTB
2531332112,4326395,2,tobillo,midstance,0.4146,-0.4219,0.1881,101.6235,71.2891,119.3237,t003,FJTB
2531332186,4326410,2,tobillo,midstance,0.3662,-0.4946,0.2599,115.6006,80.6274,191.5283,t003,FJTB
2531332186,4326426,2,tobillo,midstance,0.4116,-0.6849,0.3145,116.0278,82.2754,220.3369,t003,FJTB
2531332187,4326442,2,tobillo,midstance,0.5219,-0.8707,0.3606,109.1309,60.6689,259.4604,t003,FJTB
2531332187,4326458,2,tobillo,midstance,0.4281,-1.0011,0.4189,107.4219,12.5122,290.1001,t003,FJTB
2531332188,4326474,2,tobillo,midstance,0.1006,-1.2278,0.4415,103.3325,-6.4697,305.1147,t003,FJTB
2531332252,4326490,2,tobillo,midstance,0.0413,-1.3411,0.3971,91.7969,-25.2075,332.0312,t003,FJTB
2531332253,4326505,2,tobillo,midstance,-0.0023,-1.6302,0.3361,87.4023,-31.0669,341.3696,t003,FJTB
2531332255,4326521,2,tobillo,midstance,-0.1992,-1.8757,0.2684,74.8291,-30.2734,348.4497,t003,FJTB
2531332255,4326537,2,tobillo,midstance,-0.2601,-1.9204,0.2130,62.3169,-8.4229,332.1533,t003,FJTB
2531332321,4326553,2,tobillo,midstance,-0.4895,-2.1082,0.2274,56.9458,6.2866,316.4673,t003,FJTB
2531332322,4326569,2,tobillo,midstance,-0.6766,-2.1102,0.2538,34.3018,50.2319,292.1143,t003,FJTB
2531332323,4326585,2,tobillo,midstance,-0.7716,-1.7816,0.1989,47.1802,65.7349,283.9355,t003,FJTB
2531332323,4326601,2,tobillo,midstance,-0.7125,-1.8234,0.3750,106.2012,71.4722,257.0190,t003,FJTB
2531332386,4326617,2,tobillo,midstance,-0.8363,-1.6372,0.5657,102.4170,80.3223,211.3647,t003,FJTB
2531332387,4326633,2,tobillo,terminal,-0.9117,-1.5387,0.7369,97.1680,85.6934,181.7627,t003,FJTB
2531332387,4326649,2,tobillo,terminal,-0.9332,-1.1991,0.5870,69.0308,74.5239,146.1792,t003,FJTB
2531332388,4326665,2,tobillo,terminal,-0.8750,-1.2502,0.4717,60.4248,45.7764,106.8726,t003,FJTB
2531332393,4326681,2,tobillo,terminal,-1.0756,-1.0150,0.3468,50.4761,31.0059,81.7261,t003,FJTB
2531332461,4326697,2,tobillo,terminal,-1.1199,-1.0071,0.4779,40.2832,6.9580,20.8130,t003,FJTB
2531332462,4326712,2,tobillo,terminal,-1.0350,-0.8939,0.6403,30.3345,-4.0283,-6.4087,t003,FJTB
2531332462,4326728,2,tobillo,terminal,-0.7001,-1.0250,0.6547,3.0518,-31.6772,-34.2407,t003,FJTB
2531332462,4326744,2,tobillo,terminal,-0.4908,-1.0293,0.6399,-22.5830,-100.5859,-70.5566,t003,FJTB
2531332527,4326761,2,tobillo,terminal,-0.6915,-0.8732,0.6810,-20.6299,-139.2822,-92.8345,t003,FJTB
2531332529,4326777,2,tobillo,terminal,0.2439,-1.0206,1.0812,-0.6714,-196.2890,-163.8794,t003,FJTB
2531332529,4326793,2,tobillo,terminal,2.5677,-1.3737,1.0164,-3.1128,-151.9775,-180.7251,t003,FJTB
2531332530,4326809,2,tobillo,terminal,-1.1306,-1.8517,0.0554,-30.0903,-152.9541,-129.6997,t003,FJTB
2531332597,4326825,2,tobillo,terminal,-1.9945,-2.0052,-0.0038,-43.2129,-131.7749,-47.3633,t003,FJTB
2531332597,4326842,2,tobillo,terminal,0.3467,-0.9104,0.5007,-51.0254,-94.7266,-82.6416,t003,FJTB
2531332598,4326858,2,tobillo,terminal,-0.4166,-0.7678,0.2391,-19.2261,-64.5752,-77.0874,t003,FJTB
2531332598,4326874,2,tobillo,terminal,-0.9414,-0.9865,0.1914,7.0190,-27.8931,-70.4346,t003,FJTB
2531332660,4326890,2,tobillo,terminal,0.0038,-0.9912,0.1986,3.9673,1.1597,-83.4351,t003,FJTB
2531332661,4326906,2,tobillo,swing,0.1560,-1.0353,0.2163,1.2817,18.4326,-66.1011,t003,FJTB
2531332661,4326922,2,tobillo,swing,0.1401,-1.0182,0.2379,-6.3477,3.1738,-46.6919,t003,FJTB
2531332662,4326938,2,tobillo,swing,0.1523,-0.9495,0.2694,-7.4463,-6.2866,-42.6636,t003,FJTB
2531332666,4326954,2,tobillo,swing,0.1350,-0.9595,0.2747,-0.7324,-18.9209,-36.7432,t003,FJTB
2531332738,4326970,2,tobillo,swing,0.0914,-1.0000,0.2904,1.7700,-19.6533,-34.2407,t003,FJTB
2531332739,4326986,2,tobillo,swing,0.0404,-0.9679,0.2384,2.5635,-15.8691,-32.8979,t003,FJTB
2531332739,4327002,2,tobillo,swing,0.0283,-0.9662,0.1903,4.1504,-10.3149,-34.2407,t003,FJTB
2531332739,4327018,2,tobillo,swing,0.0222,-0.9471,0.1617,3.6011,-7.3242,-34.4238,t003,FJTB
2531332807,4327034,2,tobillo,swing,0.0244,-0.9342,0.2235,1.7090,-5.2490,-30.5786,t003,FJTB
2531332807,4327049,2,tobillo,swing,0.0157,-0.9496,0.2511,1.4648,-7.0801,-23.3154,t003,FJTB
2531332809,4327065,2,tobillo,swing,0.0033,-0.9823,0.2837,1.4648,-7.2632,-21.7895,t003,FJTB
2531332810,4327082,2,tobillo,swing,0.0006,-0.9808,0.2860,2.5635,-4.6997,-22.8271,t003,FJTB
2531332810,4327098,2,tobillo,swing,0.0227,-0.9917,0.2673,3.3569,-3.1128,-24.4751,t003,FJTB
2531332881,4327114,2,tobillo,swing,0.0273,-1.0084,0.2512,1.3428,-2.5024,-27.8931,t003,FJTB
2531332881,4327130,2,tobillo,swing,0.0170,-1.0007,0.2537,-5.3101,-4.2114,-30.3955,t003,FJTB
2531332881,4327146,2,tobillo,swing,0.0016,-0.9777,0.2568,-9.1553,-4.2725,-30.8838,t003,FJTB
2531332882,4327162,2,tobillo,swing,-0.0074,-0.9700,0.2609,-15.6250,-1.6479,-30.2124,t003,FJTB
2531332947,4327179,2,tobillo,swing,-0.0118,-0.9741,0.2697,-20.3857,1.4038,-28.9917,t003,FJTB
2531332949,4327195,2,tobillo,swing,-0.0165,-0.9897,0.2726,-22.7051,2.5635,-29.1138,t003,FJTB
2531332950,4327211,2,tobillo,swing,-0.0223,-0.9945,0.2740,-25.5737,3.4180,-32.5928,t003,FJTB
2531332950,4327227,2,tobillo,swing,-0.0361,-0.9854,0.2631,-23.0713,1.9531,-38.2690,t003,FJTB
2531333021,4327243,2,tobillo,swing,-0.0455,-0.9757,0.2731,-21.5454,0.9766,-40.4663,t003,FJTB
2531333021,4327259,2,tobillo,swing,-0.0437,-0.9637,0.2804,-21.6064,-1.0986,-41.8701,t003,FJTB
2531333022,4327276,2,tobillo,swing,-0.0599,-0.9354,0.3098,-21.1182,-2.8076,-41.1377,t003,FJTB
2531333069,4327292,2,tobillo,swing,-0.0485,-0.9537,0.3402,-20.9961,-6.9580,-40.9546,t003,FJTB
2531333089,4327308,2,tobillo,loading,-0.0885,-0.9707,0.3173,-27.7100,-7.9956,-43.6401,t003,FJTB
2531333089,4327324,2,tobillo,loading,-0.0354,-1.0184,0.2954,-30.7617,-9.9487,-45.3491,t003,FJTB
2531333090,4327340,2,tobillo,loading,-0.1281,-0.9757,0.3237,-31.3721,-18.9209,-44.8608,t003,FJTB
2531333090,4327357,2,tobillo,loading,-0.1595,-0.9729,0.3702,-12.3291,-24.9023,-66.1011,t003,FJTB
2531333090,4327373,2,tobillo,loading,-0.0837,-1.0266,0.3701,-8.0566,-26.0010,-73.6084,t003,FJTB
2531333160,4327389,2,tobillo,loading,-0.1329,-1.0371,0.3210,-17.3340,-23.7427,-69.7021,t003,FJTB
2531333161,4327405,2,tobillo,loading,-0.1721,-1.0300,0.2924,-21.2402,-23.1934,-68.4814,t003,FJTB
2531333161,4327421,2,tobillo,loading,-0.1743,-1.0717,0.2285,-16.7236,-23.0713,-71.1060,t003,FJTB
2531333161,4327438,2,tobillo,loading,-0.1792,-1.0822,0.2677,-9.5215,-21.9116,-79.0405,t003,FJTB
2531333224,4327454,2,tobillo,loading,-0.2126,-1.1180,0.3906,-6.8970,-19.7144,-88.8061,t003,FJTB
2531333225,4327470,2,tobillo,loading,-0.1389,-1.2227,0.5120,-5.6763,-17.7002,-94.7876,t003,FJTB
2531333226,4327486,2,tobillo,loading,-0.0796,-1.2670,0.5457,-0.5493,-18.8599,-107.6050,t003,FJTB
2531333227,4327502,2,tobillo,loading,0.0026,-1.3540,0.5656,3.4180,-22.9492,-115.1733,t003,FJTB
2531333253,4327518,2,tobillo,loading,0.0720,-1.5494,0.6752,10.0098,-33.5083,-139.5874,t003,FJTB
2531333295,4327534,2,tobillo,loading,0.1006,-1.7072,0.7671,-6.6528,-21.5454,-187.9272,t003,FJTB
2531333295,4327550,2,tobillo,loading,0.1476,-1.7679,0.6409,-24.2310,5.0049,-210.8154,t003,FJTB
2531333296,4327566,2,tobillo,loading,0.1257,-1.4869,0.4089,-51.3306,69.0308,-225.3418,t003,FJTB
2531333296,4327582,2,tobillo,loading,0.0118,-1.3522,0.4222,-58.4717,37.4756,-242.7368,t003,FJTB
2531333359,4327598,2,tobillo,loading,-0.3699,-1.3973,0.5632,-54.3213,-1.5869,-246.5820,t003,FJTB
2531333359,4327614,2,tobillo,midstance,-0.2297,-1.4297,0.4441,-48.2178,-40.4053,-225.8911,t003,FJTB
2531333360,4327630,2,tobillo,midstance,0.2723,-1.1968,0.1709,-41.9311,-18.3716,-208.2519,t003,FJTB
2531333360,4327646,2,tobillo,midstance,0.3893,-0.9269,0.2540,-5.1270,18.9819,-190.5517,t003,FJTB
2531333431,4327662,2,tobillo,midstance,-0.0768,-0.1415,-0.1973,-22.1558,55.4810,-92.0410,t003,FJTB
2531333432,4327679,2,tobillo,midstance,-0.6979,-0.3005,-0.2537,16.9067,79.1626,-28.8696,t003,FJTB
2531333432,4327695,2,tobillo,midstance,0.9994,-0.9868,0.0315,65.3687,104.1870,-21.6064,t003,FJTB
2531333433,4327710,2,tobillo,midstance,1.0472,-0.6008,0.0275,23.9258,85.4492,27.7710,t003,FJTB
2531333496,4327726,2,tobillo,midstance,0.3586,-0.1880,0.0549,33.6914,60.0586,59.8144,t003,FJTB
2531333499,4327742,2,tobillo,midstance,0.3344,-0.3165,0.0934,70.0684,33.6304,111.0840,t003,FJTB
2531333499,4327758,2,tobillo,midstance,0.4032,-0.5220,0.2195,72.5708,37.6587,141.1743,t003,FJTB
2531333499,4327774,2,tobillo,midstance,0.3527,-0.6266,0.3408,62.8662,67.7490,208.1909,t003,FJTB
2531333554,4327790,2,tobillo,midstance,0.4054,-0.6290,0.3690,55.1147,60.1196,225.0976,t003,FJTB
2531333569,4327805,2,tobillo,midstance,0.2996,-0.7855,0.4176,60.9131,41.3208,234.3750,t003,FJTB
2531333569,4327821,2,tobillo,midstance,0.1880,-0.9343,0.4261,60.8520,13.1226,267.8833,t003,FJTB
2531333570,4327837,2,tobillo,midstance,0.1475,-1.1219,0.3796,58.8989,4.3945,285.1562,t003,FJTB
2531333636,4327853,2,tobillo,midstance,0.0098,-1.3781,0.3650,68.3594,-13.5498,313.2324,t003,FJTB
2531333636,4327869,2,tobillo,terminal,-0.0695,-1.4939,0.3530,66.5283,-16.6626,328.9795,t003,FJTB
2531333637,4327885,2,tobillo,terminal,-0.1467,-1.6707,0.3282,62.9883,-12.8784,332.7026,t003,FJTB
2531333637,4327901,2,tobillo,terminal,-0.1785,-1.7445,0.3268,59.8144,-2.8687,329.2846,t003,FJTB
2531333637,4327917,2,tobillo,terminal,-0.2740,-1.8245,0.3126,61.0962,11.7798,314.3921,t003,FJTB
2531333712,4327933,2,tobillo,terminal,-0.4039,-1.8663,0.2784,63.2324,21.8506,305.2979,t003,FJTB
2531333712,4327949,2,tobillo,terminal,-0.4570,-1.8531,0.2784,68.5425,46.3257,287.5977,t003,FJTB
2531333713,4327964,2,tobillo,terminal,-0.5406,-1.7738,0.3585,71.6553,58.1055,278.3813,t003,FJTB
2531333713,4327980,2,tobillo,terminal,-0.5850,-1.6443,0.5581,72.5708,75.3174,251.9531,t003,FJTB
2531333714,4327996,2,tobillo,terminal,-0.6067,-1.5651,0.6326,58.5327,79.0405,214.3555,t003,FJTB
2531333780,4328012,2,tobillo,terminal,-0.6953,-1.3984,0.5852,48.2178,76.9653,195.9839,t003,FJTB
2531333780,4328028,2,tobillo,terminal,-0.7375,-1.3187,0.4790,30.9448,79.1626,158.4473,t003,FJTB
2531333782,4328044,2,tobillo,terminal,-0.8016,-1.1226,0.2837,25.9399,84.8389,134.6436,t003,FJTB
2531333783,4328060,2,tobillo,terminal,-0.8175,-0.9302,0.2533,23.4375,99.6704,80.8105,t003,FJTB
2531333852,4328076,2,tobillo,terminal,-0.7717,-0.8877,0.2913,23.1934,100.5859,26.4893,t003,FJTB
2531333853,4328092,2,tobillo,terminal,-0.5552,-0.8741,0.3832,20.7520,90.2710,3.7231,t003,FJTB
2531333853,4328108,2,tobillo,terminal,-0.4003,-0.8773,0.4246,10.6812,48.3398,-24.7192,t003,FJTB
2531333919,4328124,2,tobillo,terminal,-0.3014,-0.8929,0.4329,2.5635,-14.7095,-43.5791,t003,FJTB
2531333919,4328140,2,tobillo,swing,-0.3618,-0.9445,0.4452,-2.4414,-43.4570,-50.1099,t003,FJTB
2531333920,4328156,2,tobillo,swing,-0.3356,-0.9160,0.4261,-2.8687,-93.2617,-59.0820,t003,FJTB
2531333920,4328173,2,tobillo,swing,-0.1232,-0.9590,0.3314,0.0610,-115.9058,-63.1714,t003,FJTB
2531333921,4328189,2,tobillo,swing,1.0284,-0.8467,0.0719,-8.9722,-149.3530,-97.8393,t003,FJTB
2531333921,4328205,2,tobillo,swing,1.4470,-0.8745,0.0887,26.1230,-110.9009,-120.6665,t003,FJTB
2531333993,4328221,2,tobillo,swing,1.3082,-1.7355,0.7677,56.2134,-91.3086,-169.7998,t003,FJTB
2531333993,4328237,2,tobillo,swing,-1.1611,-1.7802,0.7096,-0.7324,-105.3467,-190.3686,t003,FJTB
2531333994,4328253,2,tobillo,swing,-1.3242,-1.6456,0.3643,-30.0293,-84.4116,-103.5767,t003,FJTB
2531333994,4328269,2,tobillo,swing,0.5570,-0.6891,0.2659,-40.8325,-49.4385,-104.3091,t003,FJTB
2531334051,4328285,2,tobillo,swing,0.4070,-0.5732,0.1790,-0.9155,-47.4243,-87.8906,t003,FJTB
2531334060,4328301,2,tobillo,swing,-0.5415,-1.1672,0.1318,16.5405,-45.5933,-81.6650,t003,FJTB
2531334062,4328317,2,tobillo,swing,-0.0793,-1.0867,0.1974,4.3945,-14.4043,-69.4580,t003,FJTB
2531334063,4328334,2,tobillo,swing,0.0366,-1.0341,0.2072,-1.0376,-5.6152,-49.6826,t003,FJTB
2531334064,4328350,2,tobillo,swing,0.1136,-1.0084,0.1365,-2.0752,-7.9956,-44.3115,t003,FJTB
2531334135,4328366,2,tobillo,swing,0.1434,-0.9353,0.1992,-3.6011,-13.8550,-36.7432,t003,FJTB
2531334136,4328382,2,tobillo,swing,0.1273,-0.9666,0.2347,-0.3662,-17.0898,-29.2969,t003,FJTB
2531334136,4328398,2,tobillo,swing,0.1205,-1.0264,0.2950,0.4272,-18.4937,-28.7476,t003,FJTB
2531334137,4328415,2,tobillo,swing,0.1284,-0.9691,0.2467,0.3052,-19.8364,-30.7007,t003,FJTB
2531334204,4328431,2,tobillo,swing,0.1163,-0.9535,0.2051,-0.3662,-18.1274,-31.7383,t003,FJTB
2531334205,4328447,2,tobillo,swing,0.0907,-0.9692,0.1857,-2.5024,-16.6626,-29.6020,t003,FJTB
2531334207,4328463,2,tobillo,swing,0.0828,-0.9772,0.1908,-8.8501,-12.5122,-27.5269,t003,FJTB
2531334208,4328479,2,tobillo,swing,0.0277,-0.9741,0.2261,-11.5356,-4.8828,-27.7100,t003,FJTB
2531334280,4328495,2,tobillo,swing,0.0901,-0.9844,0.2327,-11.5967,-2.0752,-27.8320,t003,FJTB
2531334280,4328511,2,tobillo,swing,0.1191,-0.9901,0.2416,-11.4136,-1.8921,-30.2734,t003,FJTB
2531334281,4328527,2,tobillo,swing,0.0529,-0.9731,0.2646,-10.7422,-3.1128,-31.1279,t003,FJTB
2531334281,4328543,2,tobillo,swing,0.0283,-0.9858,0.2360,-8.4839,-4.0894,-32.7148,t003,FJTB
2531334281,4328560,2,tobillo,swing,0.0227,-0.9858,0.2177,-7.8125,-1.8921,-36.5601,t003,FJTB
2531334348,4328576,2,tobillo,swing,0.0010,-0.9860,0.2190,-8.1787,-1.1597,-37.3535,t003,FJTB
2531334348,4328592,2,tobillo,loading,0.0029,-0.9852,0.2355,-9.5215,0.7935,-36.9263,t003,FJTB
2531334349,4328608,2,tobillo,loading,0.0341,-0.9993,0.2574,-14.0991,3.4180,-36.6821,t003,FJTB
2531334349,4328624,2,tobillo,loading,-0.0305,-0.9880,0.2468,-17.6392,5.1880,-37.2925,t003,FJTB
2531334353,4328640,2,tobillo,loading,0.0004,-0.9833,0.2534,-16.1743,3.8452,-41.1987,t003,FJTB
2531334425,4328656,2,tobillo,loading,-0.0072,-0.9851,0.2700,-14.9536,2.2583,-41.0156,t003,FJTB
2531334426,4328672,2,tobillo,loading,-0.0366,-0.9559,0.2653,-21.7285,3.9062,-37.7808,t003,FJTB
2531334426,4328688,2,tobillo,loading,-0.0309,-0.9347,0.2562,-9.3994,-0.3052,-47.3022,t003,FJTB
2531334426,4328705,2,tobillo,loading,-0.0210,-0.9708,0.2915,-0.5493,-4.6997,-50.4761,t003,FJTB
2531334493,4328721,2,tobillo,loading,-0.0134,-0.9736,0.3287,0.3052,-9.4604,-47.9126,t003,FJTB
2531334495,4328737,2,tobillo,loading,-0.0232,-0.9730,0.3339,-2.4414,-13.7329,-47.4243,t003,FJTB
2531334496,4328754,2,tobillo,loading,-0.0715,-1.0033,0.2725,-3.9062,-15.5640,-47.7295,t003,FJTB
2531334496,4328770,2,tobillo,loading,-0.1134,-1.0271,0.2512,-9.0332,-14.6484,-49.9878,t003,FJTB
2531334565,4328786,2,tobillo,loading,-0.1188,-1.0339,0.2671,-14.6484,-13.8550,-60.4248,t003,FJTB
2531334565,4328802,2,tobillo,loading,-0.0925,-1.0613,0.3179,-15.3198,-15.1978,-65.5518,t003,FJTB
2531334565,4328818,2,tobillo,loading,-0.0946,-1.0823,0.3329,-19.8364,-17.0898,-74.7681,t003,FJTB
2531334566,4328835,2,tobillo,loading,-0.1010,-1.1002,0.3385,-21.7895,-17.7002,-84.8389,t003,FJTB
2531334629,4328851,2,tobillo,loading,-0.1433,-1.1091,0.3353,-21.3623,-16.4795,-90.6372,t003,FJTB
2531334630,4328868,2,tobillo,loading,-0.1343,-1.1226,0.3342,-19.1040,-10.1929,-100.2808,t003,FJTB
2531334630,4328884,2,tobillo,midstance,-0.1584,-1.1302,0.3621,-15.4419,-5.0659,-109.5581,t003,FJTB
2531334631,4328900,2,tobillo,midstance,-0.1187,-1.1847,0.4097,-10.4980,-3.6621,-115.6616,t003,FJTB
2531334631,4328916,2,tobillo,midstance,-0.0764,-1.2678,0.4628,2.5024,-2.5635,-133.7891,t003,FJTB
2531334702,4328932,2,tobillo,midstance,0.0537,-1.4950,0.6365,8.6060,-3.1128,-147.6440,t003,FJTB
2531334702,4328948,2,tobillo,midstance,0.2314,-1.8083,0.8230,-2.8076,-2.8687,-191.2231,t003,FJTB
2531334703,4328964,2,tobillo,midstance,0.3429,-1.8983,0.7845,-42.1143,29.2969,-246.0937,t003,FJTB
2531334703,4328980,2,tobillo,midstance,0.4974,-1.8112,0.4515,-57.3730,56.2744,-264.4653,t003,FJTB
2531334767,4328996,2,tobillo,midstance,0.2495,-1.4452,0.4506,-69.7021,54.6265,-264.4043,t003,FJTB
2531334768,4329012,2,tobillo,midstance,-0.3850,-1.4325,0.4083,-56.0303,-50.5371,-254.6387,t003,FJTB
2531334771,4329029,2,tobillo,midstance,-0.3744,-1.5808,0.4503,-35.1563,-77.1484,-237.9150,t003,FJTB
2531334772,4329045,2,tobillo,midstance,0.1348,-1.4757,0.4596,-35.8276,-22.3389,-205.3223,t003,FJTB
2531334826,4329061,2,tobillo,midstance,0.8535,-1.5525,0.6499,-69.9463,-21.7895,-187.0117,t003,FJTB
2531334841,4329077,2,tobillo,midstance,-0.5885,0.7764,-0.9653,-85.1440,18.1885,-79.4678,t003,FJTB
2531334841,4329094,2,tobillo,midstance,-1.4016,0.5371,-0.7133,53.2227,50.0488,35.0342,t003,FJTB
2531334842,4329110,2,tobillo,midstance,1.2867,-1.3212,0.0327,98.6938,45.7764,7.8125,t003,FJTB
2531334842,4329125,2,tobillo,midstance,0.9597,-0.6252,-0.0416,16.5405,98.0835,52.7344,t003,FJTB
2531334906,4329141,2,tobillo,midstance,0.2996,-0.2211,-0.0842,11.4746,75.7446,69.5801,t003,FJTB
2531334909,4329157,2,tobillo,midstance,0.3042,-0.4180,0.0499,43.0298,71.8384,96.3135,t003,FJTB
2531334909,4329173,2,tobillo,midstance,0.2976,-0.5887,0.1624,70.0073,95.2148,173.0957,t003,FJTB
2531334909,4329189,2,tobillo,midstance,0.2638,-0.6493,0.3063,67.6270,111.8774,197.9370,t003,FJTB
2531334980,4329205,2,tobillo,midstance,0.3591,-0.7096,0.3778,65.6128,121.5210,218.7500,t003,FJTB
2531334981,4329220,2,tobillo,midstance,0.3157,-0.8138,0.4122,73.9746,91.3086,246.3379,t003,FJTB
2531334981,4329236,2,tobillo,midstance,0.2050,-1.0209,0.4641,76.9043,68.4204,263.6108,t003,FJTB
2531335021,4329252,2,tobillo,midstance,0.1541,-1.1097,0.4557,79.2236,28.6865,295.7153,t003,FJTB
2531335048,4329268,2,tobillo,midstance,0.0701,-1.3212,0.3762,78.0029,2.8687,312.5000,t003,FJTB
2531335049,4329284,2,tobillo,terminal,-0.0732,-1.5298,0.3230,76.4160,-6.5308,314.7583,t003,FJTB
2531335049,4329300,2,tobillo,terminal,-0.1509,-1.6204,0.3093,69.9463,-12.5732,311.0352,t003,FJTB
2531335049,4329316,2,tobillo,terminal,-0.3489,-1.7811,0.2932,65.7959,-8.4839,304.5044,t003,FJTB
2531335050,4329332,2,tobillo,terminal,-0.6067,-1.8306,0.2762,62.9883,11.7798,293.5181,t003,FJTB
2531335124,4329348,2,tobillo,terminal,-0.6445,-1.8060,0.2617,66.9556,45.3491,287.7197,t003,FJTB
2531335125,4329364,2,tobillo,terminal,-0.6368,-1.6897,0.2512,69.8853,61.8896,280.8228,t003,FJTB
2531335125,4329379,2,tobillo,terminal,-0.6240,-1.6155,0.2882,77.7588,83.0688,256.5918,t003,FJTB
2531335126,4329395,2,tobillo,terminal,-0.6541,-1.5038,0.4319,80.8716,88.6230,240.6006,t003,FJTB
2531335126,4329411,2,tobillo,terminal,-0.7241,-1.3888,0.5303,79.8950,95.3979,200.0732,t003,FJTB
2531335194,4329427,2,tobillo,terminal,-0.7626,-1.3501,0.5770,77.0874,83.8623,154.9683,t003,FJTB
2531335194,4329443,2,tobillo,swing,-0.8490,-1.2876,0.6243,73.0591,70.2515,136.1084,t003,FJTB
2531335195,4329459,2,tobillo,swing,-0.9180,-1.2366,0.5688,57.2510,36.7432,96.6797,t003,FJTB
2531335195,4329475,2,tobillo,swing,-1.1666,-1.0638,0.4636,47.9126,20.8740,69.2749,t003,FJTB
2531335270,4329491,2,tobillo,swing,-1.1278,-0.9697,0.4810,30.8838,-4.8218,7.7515,t003,FJTB
2531335271,4329507,2,tobillo,swing,-0.9733,-1.0012,0.5010,14.0991,-37.4756,-40.2222,t003,FJTB
2531335272,4329523,2,tobillo,swing,-0.7401,-1.0037,0.4542,4.3335,-57.5561,-56.7017,t003,FJTB
2531335272,4329539,2,tobillo,swing,-0.2675,-1.1494,0.3257,-5.2490,-96.1914,-87.2803,t003,FJTB
2531335272,4329555,2,tobillo,swing,0.1204,-1.0394,0.2839,-13.3667,-136.4746,-119.6899,t003,FJTB
2531335339,4329572,2,tobillo,swing,1.3660,-1.0529,0.3888,14.4653,-145.3857,-138.0615,t003,FJTB
2531335340,4329588,2,tobillo,swing,2.0220,-1.3010,0.7286,26.7944,-144.1040,-183.6548,t003,FJTB
2531335340,4329603,2,tobillo,swing,0.3579,-1.4742,0.8917,-25.5127,-194.9463,-125.4272,t003,FJTB
2531335342,4329619,2,tobillo,swing,-1.2274,-1.3733,0.5070,-28.9917,-180.9692,-91.4307,t003,FJTB
2531335412,4329636,2,tobillo,swing,-0.1033,-1.1417,0.2828,-36.0107,-65.1245,-114.3188,t003,FJTB
2531335413,4329652,2,tobillo,swing,-0.7726,-0.9417,-0.1421,-19.5923,-57.0679,-94.9097,t003,FJTB
2531335413,4329668,2,tobillo,swing,-0.7583,-1.3973,0.5024,25.8179,-57.9834,-68.5425,t003,FJTB
2531335473,4329684,2,tobillo,swing,0.4312,-1.0476,0.4127,-10.4370,10.5591,-56.0303,t003,FJTB
2531335480,4329700,2,tobillo,swing,-0.0392,-0.9001,0.2418,-2.1973,6.2866,-42.4805,t003,FJTB
2531335480,4329717,2,tobillo,swing,0.0858,-0.9935,0.1747,5.3101,0.3052,-36.7432,t003,FJTB
2531335481,4329732,2,tobillo,swing,0.0962,-0.9839,0.1777,3.5400,-3.1128,-28.6865,t003,FJTB
2531335481,4329749,2,tobillo,swing,0.1272,-0.9810,0.2418,5.0049,-5.4321,-24.1089,t003,FJTB
2531335539,4329765,2,tobillo,swing,0.1605,-0.9862,0.2671,9.6436,-13.0005,-19.2871,t003,FJTB
2531335551,4329780,2,tobillo,swing,0.1522,-0.9830,0.2942,11.2305,-15.9912,-19.5313,t003,FJTB
2531335552,4329796,2,tobillo,swing,0.0632,-0.9666,0.2196,12.0850,-17.9443,-16.6016,t003,FJTB
2531335553,4329812,2,tobillo,swing,0.0391,-0.9669,0.1871,11.1084,-11.1084,-17.5781,t003,FJTB
2531335553,4329829,2,tobillo,swing,0.0848,-0.9771,0.1897,10.2539,-6.6528,-20.4468,t003,FJTB
2531335620,4329844,2,tobillo,swing,0.1128,-0.9883,0.2068,8.6670,-2.5635,-25.8179,t003,FJTB
2531335620,4329860,2,tobillo,loading,0.1045,-0.9863,0.1957,8.2397,-4.5776,-26.5503,t003,FJTB
2531335621,4329876,2,tobillo,loading,0.0400,-0.9923,0.1759,7.3853,-4.2114,-25.8789,t003,FJTB
2531335621,4329892,2,tobillo,loading,0.0210,-0.9929,0.1711,4.0283,1.2817,-26.9165,t003,FJTB
2531335621,4329908,2,tobillo,loading,0.0494,-0.9958,0.1802,2.3193,4.8218,-28.1982,t003,FJTB
2531335696,4329924,2,tobillo,loading,0.0886,-1.0070,0.1986,-1.6479,8.1787,-31.4941,t003,FJTB
2531335696,4329940,2,tobillo,loading,0.0789,-1.0092,0.2167,-8.3008,5.4321,-37.2925,t003,FJTB
2531335696,4329956,2,tobillo,loading,0.0300,-0.9845,0.2349,-11.9629,3.6621,-38.3911,t003,FJTB
2531335697,4329973,2,tobillo,loading,0.0012,-0.9856,0.2445,-16.7847,2.8687,-37.9028,t003,FJTB
2531335764,4329988,2,tobillo,loading,0.0071,-0.9856,0.2563,-20.5688,5.3101,-40.4053,t003,FJTB
2531335765,4330005,2,tobillo,loading,-0.0422,-0.9890,0.2668,-21.0571,6.6528,-42.7856,t003,FJTB
2531335768,4330021,2,tobillo,loading,-0.0280,-0.9779,0.2614,-16.2964,7.2021,-49.8657,t003,FJTB
2531335768,4330037,2,tobillo,loading,-0.0225,-0.9894,0.2606,-12.9395,7.3242,-51.2695,t003,FJTB
2531335768,4330053,2,tobillo,loading,-0.0333,-0.9750,0.2688,-20.8740,9.2163,-46.6919,t003,FJTB
2531335836,4330069,2,tobillo,loading,-0.0391,-0.9442,0.2742,-10.8032,2.4414,-52.0019,t003,FJTB
2531335836,4330085,2,tobillo,loading,-0.0262,-0.9464,0.3119,0.0000,-3.7842,-56.3965,t003,FJTB
2531335837,4330101,2,tobillo,loading,0.0043,-0.9736,0.3396,7.5073,-16.2964,-57.3120,t003,FJTB
2531335837,4330117,2,tobillo,loading,-0.0217,-0.9948,0.2860,-4.9438,-25.3296,-48.8281,t003,FJTB
2531335902,4330133,2,tobillo,midstance,-0.1311,-1.0417,0.1641,-10.8032,-25.5737,-47.7905,t003,FJTB
2531335902,4330149,2,tobillo,midstance,-0.1561,-1.0513,0.1740,-17.0898,-18.4937,-55.2368,t003,FJTB
2531335903,4330165,2,tobillo,midstance,-0.1344,-1.0299,0.2510,-18.4326,-14.9536,-60.6079,t003,FJTB
2531335903,4330181,2,tobillo,midstance,-0.1361,-1.0156,0.3142,-15.9302,-12.5732,-71.1670,t003,FJTB
2531335949,4330197,2,tobillo,midstance,-0.1281,-1.0212,0.3101,-12.3901,-11.8408,-77.4536,t003,FJTB
2531335975,4330214,2,tobillo,midstance,-0.1992,-1.0193,0.2676,-9.8267,-11.1694,-80.8105,t003,FJTB
2531335975,4330230,2,tobillo,midstance,-0.1959,-1.0355,0.3127,-2.6245,-6.7749,-88.5010,t003,FJTB
2531335976,4330246,2,tobillo,midstance,-0.2040,-1.0463,0.3372,1.4038,-2.9907,-91.7969,t003,FJTB
2531335976,4330262,2,tobillo,midstance,-0.1914,-1.1279,0.3351,3.7231,-2.0752,-94.4824,t003,FJTB
2531336040,4330278,2,tobillo,midstance,-0.1567,-1.2113,0.3574,10.4370,0.7935,-102.2949,t003,FJTB
2531336043,4330294,2,tobillo,midstance,-0.0337,-1.4597,0.4475,11.5967,3.6621,-118.4082,t003,FJTB
2531336043,4330310,2,tobillo,midstance,0.0165,-1.7476,0.6049,6.2866,5.8594,-135.7422,t003,FJTB
2531336043,4330326,2,tobillo,midstance,0.1385,-1.8351,0.6259,-20.9351,26.6113,-187.6831,t003,FJTB
2531336110,4330342,2,tobillo,midstance,0.3710,-1.7957,0.5353,-35.0952,44.0674,-216.4917,t003,FJTB
2531336110,4330358,2,tobillo,midstance,0.4084,-1.6650,0.3915,-54.2603,69.4580,-253.2348,t003,FJTB
2531336111,4330374,2,tobillo,midstance,0.3727,-1.4692,0.5490,-62.4390,9.5825,-251.0376,t003,FJTB
2531336111,4330390,2,tobillo,midstance,-0.5376,-1.0514,0.8678,-59.8755,-24.1089,-242.2485,t003,FJTB
2531336174,4330406,2,tobillo,midstance,-0.8917,-1.1558,0.7258,-6.6528,-8.3008,-205.8105,t003,FJTB
2531336175,4330422,2,tobillo,midstance,-0.1426,-1.7506,0.2192,-13.2446,50.5371,-225.9521,t003,FJTB
2531336177,4330438,2,tobillo,midstance,0.7568,-0.9219,-0.4288,-67.8101,50.2930,-217.0410,t003,FJTB
2531336177,4330454,2,tobillo,midstance,-0.2932,0.3694,-0.9642,-53.3447,71.1060,-50.4761,t003,FJTB
2531336247,4330470,2,tobillo,midstance,-0.0826,-0.6324,-0.0941,36.4990,51.0254,-35.8276,t003,FJTB
2531336247,4330487,2,tobillo,midstance,1.3287,-0.8934,0.0310,65.7959,67.6270,-27.5879,t003,FJTB
2531336248,4330502,2,tobillo,midstance,0.9082,-0.4193,-0.0773,27.4658,80.9326,25.6348,t003,FJTB
2531336248,4330518,2,tobillo,midstance,0.2948,-0.3572,-0.0381,49.9878,82.6416,53.1006,t003,FJTB
2531336313,4330534,2,tobillo,midstance,0.3530,-0.5134,0.0366,68.1152,101.5625,103.2104,t003,FJTB
2531336314,4330550,2,tobillo,midstance,0.4193,-0.5347,0.1743,65.0024,111.9995,130.6152,t003,FJTB
2531336314,4330566,2,tobillo,midstance,0.3696,-0.6088,0.3400,68.4814,117.7368,178.4057,t003,FJTB
2531336382,4330581,2,tobillo,midstance,0.3452,-0.6879,0.3900,73.4253,103.2715,209.0454,t003,FJTB
2531336383,4330597,2,tobillo,midstance,0.3494,-0.8455,0.4023,72.7539,87.8906,222.2900,t003,FJTB
2531336383,4330613,2,tobillo,midstance,0.3070,-0.9485,0.3901,75.8667,38.2080,252.2583,t003,FJTB
2531336384,4330629,2,tobillo,midstance,0.1298,-1.1957,0.3575,78.5522,10.8643,269.3481,t003,FJTB
2531336384,4330645,2,tobillo,midstance,0.0449,-1.3817,0.2926,76.9653,-30.7617,300.6592,t003,FJTB
2531336448,4330660,2,tobillo,midstance,0.0106,-1.4680,0.2582,71.0449,-54.8706,316.4062,t003,FJTB
2531336449,4330676,2,tobillo,terminal,-0.1143,-1.6377,0.2001,66.2231,-59.3872,315.8569,t003,FJTB
2531336449,4330692,2,tobillo,terminal,-0.2074,-1.7065,0.1790,54.9316,-52.9785,302.0020,t003,FJTB
2531336450,4330708,2,tobillo,terminal,-0.4667,-1.8042,0.1600,51.8799,-31.7993,291.7480,t003,FJTB
2531336450,4330724,2,tobillo,terminal,-0.5717,-1.7874,0.1248,52.7344,-12.8784,290.1001,t003,FJTB
2531336453,4330740,2,tobillo,terminal,-0.5317,-1.7521,0.0980,53.8940,29.2969,281.3721,t003,FJTB
2531336523,4330756,2,tobillo,terminal,-0.5096,-1.7036,0.1460,55.6030,44.0674,271.4844,t003,FJTB
2531336524,4330772,2,tobillo,terminal,-0.6361,-1.6309,0.2833,57.3730,65.9790,247.2534,t003,FJTB
2531336524,4330788,2,tobillo,terminal,-0.6669,-1.5693,0.3459,59.8755,81.4819,220.2759,t003,FJTB
2531336524,4330804,2,tobillo,terminal,-0.7598,-1.4515,0.4938,64.7583,80.1392,202.0264,t003,FJTB
2531336591,4330820,2,tobillo,swing,-0.8741,-1.3907,0.5459,71.1060,59.3872,152.6489,t003,FJTB
2531336593,4330836,2,tobillo,swing,-1.1455,-1.1812,0.4727,67.9932,46.3257,124.2065,t003,FJTB
2531336594,4330852,2,tobillo,swing,-1.2471,-0.9962,0.4628,58.0444,19.1650,63.2935,t003,FJTB
2531336595,4330868,2,tobillo,swing,-1.1903,-0.9730,0.5193,43.7012,-11.3525,4.2114,t003,FJTB
2531336637,4330883,2,tobillo,swing,-0.9824,-0.9371,0.6006,34.0576,-30.6396,-20.6299,t003,FJTB
2531336665,4330900,2,tobillo,swing,-0.7057,-0.8820,0.5179,16.1743,-75.5005,-57.6172,t003,FJTB
2531336666,4330916,2,tobillo,swing,-0.5682,-0.9063,0.4308,9.3384,-111.5723,-75.5005,t003,FJTB
2531336666,4330932,2,tobillo,swing,0.0072,-0.9414,0.3281,-1.2817,-127.7466,-84.7778,t003,FJTB
2531336666,4330948,2,tobillo,swing,0.5276,-0.8583,0.3718,15.3198,-151.2451,-129.9438,t003,FJTB
2531336731,4330964,2,tobillo,swing,2.5360,-1.7222,1.1858,56.1523,-135.6201,-180.1147,t003,FJTB
2531336733,4330980,2,tobillo,swing,-0.5562,-1.6245,0.6805,-7.5684,-153.3203,-200.6836,t003,FJTB
2531336734,4330996,2,tobillo,swing,-1.8767,-1.5522,0.0242,-28.5645,-190.2466,-82.3975,t003,FJTB
2531336734,4331013,2,tobillo,swing,-0.6536,-1.1268,0.2516,-24.9023,-139.0381,-86.4868,t003,FJTB
2531336803,4331029,2,tobillo,swing,0.0471,-0.8138,0.3779,-9.7656,-67.2607,-76.2329,t003,FJTB
2531336804,4331045,2,tobillo,swing,-0.1820,-0.9305,0.2634,4.8828,-40.4663,-64.6362,t003,FJTB
2531336804,4331061,2,tobillo,swing,-0.2275,-1.0038,0.1058,-1.8311,-19.0430,-66.4673,t003,FJTB
2531336805,4331077,2,tobillo,swing,-0.0159,-0.9946,0.2122,-8.3618,6.7139,-53.4058,t003,FJTB
2531336844,4331093,2,tobillo,swing,0.0692,-1.0245,0.2432,-5.0049,4.4556,-34.9121,t003,FJTB
2531336870,4331109,2,tobillo,swing,0.1648,-0.9907,0.2333,-6.0425,-2.1973,-31.9824,t003,FJTB
2531336871,4331126,2,tobillo,loading,0.1688,-0.9766,0.2434,-6.1646,-17.2119,-31.0669,t003,FJTB
2531336871,4331141,2,tobillo,loading,0.1547,-0.9866,0.2650,-4.6997,-21.7895,-29.8462,t003,FJTB
2531336872,4331158,2,tobillo,loading,0.0240,-0.9922,0.2776,-2.3804,-25.1465,-27.4048,t003,FJTB
2531336947,4331174,2,tobillo,loading,-0.0231,-0.9945,0.2660,-2.8687,-17.6392,-36.0107,t003,FJTB
2531336948,4331190,2,tobillo,loading,0.0133,-0.9663,0.3081,-7.9346,-11.7187,-40.3442,t003,FJTB
2531336949,4331206,2,tobillo,loading,0.0332,-0.9094,0.3328,-13.7939,-8.7280,-37.7197,t003,FJTB
2531336949,4331222,2,tobillo,loading,0.0248,-0.9249,0.3209,-0.7935,-12.5122,-33.2642,t003,FJTB
2531336958,4331238,2,tobillo,loading,-0.0095,-0.9784,0.2852,3.6621,-10.3149,-33.9355,t003,FJTB
2531337018,4331254,2,tobillo,loading,-0.0140,-0.9969,0.2611,5.7983,-2.7466,-38.8794,t003,FJTB
2531337020,4331270,2,tobillo,loading,-0.0276,-1.0052,0.2198,3.9673,1.3428,-41.0156,t003,FJTB
2531337021,4331286,2,tobillo,loading,-0.0159,-0.9927,0.2277,2.8076,1.4648,-41.1377,t003,FJTB
2531337021,4331302,2,tobillo,loading,-0.0137,-0.9791,0.2434,-2.6855,0.9766,-38.8794,t003,FJTB
2531337092,4331318,2,tobillo,loading,-0.0223,-0.9557,0.2538,-4.0894,-0.1831,-37.4146,t003,FJTB
2531337092,4331334,2,tobillo,loading,-0.0494,-0.9558,0.2600,-2.8076,-2.3804,-34.5459,t003,FJTB
2531337093,4331351,2,tobillo,loading,-0.0576,-0.9597,0.2673,-0.8545,-2.9907,-33.4473,t003,FJTB
2531337093,4331367,2,tobillo,loading,-0.0645,-0.9724,0.2657,-0.5493,-2.2583,-33.6304,t003,FJTB
2531337142,4331383,2,tobillo,loading,-0.0781,-0.9724,0.2639,-0.2441,0.6714,-35.0342,t003,FJTB
2531337161,4331399,2,tobillo,midstance,-0.0780,-0.9663,0.2683,2.0752,1.6479,-38.0249,t003,FJTB
2531337161,4331415,2,tobillo,midstance,-0.0762,-0.9525,0.2787,3.6621,0.7935,-38.1470,t003,FJTB
2531337162,4331431,2,tobillo,midstance,-0.0784,-0.9509,0.2819,4.0894,-1.7090,-35.6445,t003,FJTB
2531337162,4331447,2,tobillo,midstance,-0.0851,-0.9559,0.2842,2.9297,-2.8076,-34.5459,t003,FJTB
2531337236,4331463,2,tobillo,midstance,-0.0754,-0.9620,0.2946,1.0376,-6.5918,-34.4849,t003,FJTB
2531337236,4331479,2,tobillo,midstance,-0.0854,-0.9705,0.2797,-0.3662,-12.0239,-36.4990,t003,FJTB
2531337237,4331495,2,tobillo,midstance,-0.1195,-1.0054,0.2306,-2.1362,-12.8174,-38.0249,t003,FJTB
2531337237,4331511,2,tobillo,midstance,-0.1595,-1.0436,0.2014,-8.4839,-10.9253,-44.6167,t003,FJTB
2531337279,4331527,2,tobillo,midstance,-0.1476,-1.0424,0.2302,-11.9019,-7.8125,-55.1758,t003,FJTB
2531337304,4331543,2,tobillo,midstance,-0.1202,-1.0322,0.3322,-14.6484,-6.8970,-58.3496,t003,FJTB
2531337306,4331559,2,tobillo,midstance,-0.1230,-1.0026,0.3468,-10.0098,-12.5732,-68.7866,t003,FJTB
2531337307,4331576,2,tobillo,midstance,-0.1478,-1.0122,0.3397,-2.8687,-17.7612,-74.7681,t003,FJTB
2531337308,4331592,2,tobillo,midstance,-0.1791,-1.0084,0.2815,1.1597,-22.5830,-78.7354,t003,FJTB
2531337374,4331608,2,tobillo,midstance,-0.2034,-1.0076,0.2545,5.0049,-23.2544,-77.9419,t003,FJTB
2531337375,4331624,2,tobillo,midstance,-0.2513,-0.9955,0.2401,6.8970,-22.8271,-78.0029,t003,FJTB
2531337376,4331640,2,tobillo,midstance,-0.2957,-0.9952,0.2207,8.9111,-19.9585,-78.3691,t003,FJTB
2531337376,4331656,2,tobillo,midstance,-0.2965,-1.0081,0.2274,11.9019,-14.0991,-83.1299,t003,FJTB
2531337441,4331672,2,tobillo,midstance,-0.2722,-1.0562,0.3229,13.5498,-10.6812,-85.1440,t003,FJTB
2531337442,4331688,2,tobillo,midstance,-0.2531,-1.1029,0.3766,13.3667,-4.5776,-87.2803,t003,FJTB
2531337442,4331704,2,tobillo,midstance,-0.2081,-1.2247,0.4547,13.0005,1.6479,-100.3418,t003,FJTB
2531337443,4331720,2,tobillo,midstance,-0.0962,-1.4698,0.6104,13.4888,5.4321,-115.0513,t003,FJTB
2531337509,4331736,2,tobillo,midstance,-0.0038,-1.6259,0.6653,4.6387,22.8882,-159.0576,t003,FJTB
2531337510,4331752,2,tobillo,midstance,0.0485,-1.8409,0.6903,-5.7983,44.3726,-184.6313,t003,FJTB
2531337510,4331768,2,tobillo,midstance,0.2187,-1.5631,0.4491,-43.4570,114.6851,-227.8442,t003,FJTB
2531337510,4331784,2,tobillo,midstance,0.2487,-1.3523,0.3401,-62.9272,82.0923,-245.0561,t003,FJTB
2531337573,4331800,2,tobillo,midstance,-0.4186,-1.2393,0.5598,-57.1899,19.2871,-243.0420,t003,FJTB
2531337574,4331816,2,tobillo,terminal,-0.5986,-1.2769,0.7072,-34.4238,-38.5132,-209.2895,t003,FJTB
2531337574,4331832,2,tobillo,terminal,-0.1837,-1.2852,0.5363,-30.4565,2.1973,-185.1806,t003,FJTB
2531337575,4331848,2,tobillo,terminal,0.3889,-1.6661,0.5747,-50.9644,10.7422,-192.6880,t003,FJTB
2531337577,4331864,2,tobillo,terminal,0.7283,-1.3705,0.1267,-102.1728,3.2959,-140.0146,t003,FJTB
2531337648,4331880,2,tobillo,terminal,-0.9244,0.7240,-1.0410,-85.8765,44.4946,-35.6445,t003,FJTB
2531337648,4331896,2,tobillo,terminal,-0.6465,-0.4148,0.0779,69.2749,62.7441,12.6343,t003,FJTB
2531337649,4331912,2,tobillo,terminal,0.6080,-1.1234,0.3168,91.6138,87.2192,-3.5400,t003,FJTB
2531337649,4331928,2,tobillo,terminal,0.9873,-0.6405,0.0475,53.1616,106.3843,24.1699,t003,FJTB
2531337704,4331944,2,tobillo,terminal,0.4886,-0.3669,-0.0179,37.9028,74.9512,71.1670,t003,FJTB
2531337715,4331960,2,tobillo,terminal,0.1758,-0.4364,0.1124,49.8657,54.9927,94.3603,t003,FJTB
2531337718,4331976,2,tobillo,terminal,0.2137,-0.5217,0.2206,53.0395,73.1812,151.9165,t003,FJTB
2531337718,4331991,2,tobillo,terminal,0.2242,-0.5802,0.2643,49.8657,109.9853,202.9419,t003,FJTB
2531337719,4332007,2,tobillo,terminal,0.2217,-0.6843,0.3069,46.8750,112.7319,216.3696,t003,FJTB
2531337781,4332023,2,tobillo,terminal,0.1949,-0.7997,0.3267,48.8281,95.7642,236.2060,t003,FJTB
2531337789,4332039,2,tobillo,terminal,0.1412,-1.0472,0.3485,49.1943,78.9795,242.7978,t003,FJTB
2531337790,4332054,2,tobillo,terminal,-0.0140,-1.2317,0.3312,49.8657,40.2222,261.7187,t003,FJTB
2531337790,4332070,2,tobillo,terminal,-0.0930,-1.3160,0.3053,50.4761,7.8735,282.7759,t003,FJTB
2531337856,4332086,2,tobillo,terminal,-0.1135,-1.4583,0.2500,50.2930,-5.9204,289.3066,t003,FJTB
2531337859,4332102,2,tobillo,terminal,-0.1395,-1.5223,0.2434,48.7061,-31.8603,292.2974,t003,FJTB
2531337859,4332118,2,tobillo,terminal,-0.2867,-1.6106,0.2091,46.1426,-41.6260,288.1470,t003,FJTB
2531337859,4332134,2,tobillo,terminal,-0.4340,-1.6854,0.1405,41.5649,-48.8892,276.3062,t003,FJTB
2531337929,4332150,2,tobillo,terminal,-0.5280,-1.7118,0.1106,43.0908,-38.7573,274.1699,t003,FJTB
2531337930,4332166,2,tobillo,terminal,-0.5713,-1.6638,0.0461,42.9077,-25.7568,271.6675,t003,FJTB
2531337931,4332182,2,tobillo,terminal,-0.5991,-1.5623,0.0106,45.6543,8.5449,255.9204,t003,FJTB
2531337997,4332199,2,tobillo,swing,-0.6093,-1.5325,0.0476,56.6406,43.3960,228.8208,t003,FJTB
2531337997,4332214,2,tobillo,swing,-0.6500,-1.4802,0.2008,60.9131,60.8520,211.4868,t003,FJTB
2531337997,4332230,2,tobillo,swing,-0.7052,-1.4216,0.2847,68.5425,89.4165,171.9360,t003,FJTB
2531337998,4332246,2,tobillo,swing,-0.7970,-1.2646,0.4144,72.1436,100.0976,151.8555,t003,FJTB
2531337998,4332262,2,tobillo,swing,-0.6378,-1.2355,0.4410,73.7915,116.3330,109.0088,t003,FJTB
2531337998,4332278,2,tobillo,swing,-0.6630,-1.2180,0.4213,65.5518,112.9761,65.5518,t003,FJTB
2531338071,4332294,2,tobillo,swing,-0.8015,-1.0327,0.4418,60.2417,102.7222,45.5933,t003,FJTB
2531338071,4332310,2,tobillo,swing,-0.7554,-0.9005,0.5720,50.6592,66.0400,8.7891,t003,FJTB
2531338071,4332326,2,tobillo,swing,-0.7197,-0.8815,0.6188,33.3252,15.5029,-26.5503,t003,FJTB
2531338072,4332342,2,tobillo,swing,-0.5408,-0.8639,0.6105,21.5454,-14.5874,-39.9170,t003,FJTB
2531338072,4332358,2,tobillo,swing,-0.4775,-0.8740,0.5879,6.2866,-77.8809,-52.4902,t003,FJTB
2531338138,4332374,2,tobillo,swing,-0.2347,-1.0195,0.4987,0.3662,-101.9287,-50.9033,t003,FJTB
2531338141,4332390,2,tobillo,swing,0.4236,-0.8054,0.3993,-19.7144,-155.0293,-67.3828,t003,FJTB
2531338141,4332406,2,tobillo,swing,1.0037,-0.8729,0.4160,14.9536,-162.1704,-103.0884,t003,FJTB
2531338141,4332422,2,tobillo,swing,1.7793,-1.4896,0.7638,37.1094,-145.8130,-124.5117,t003,FJTB
2531338209,4332438,2,tobillo,swing,-1.1815,-1.7146,0.9207,-10.8643,-150.3296,-83.8623,t003,FJTB
2531338209,4332455,2,tobillo,swing,-1.5804,-1.6357,0.4586,-43.0298,-116.3940,-64.0869,t003,FJTB
2531338210,4332471,2,tobillo,swing,0.6675,-0.7670,0.2413,-49.0112,-78.9185,-84.8389,t003,FJTB
2531338210,4332487,2,tobillo,swing,0.3531,-0.6390,0.2802,-24.2310,-78.6743,-59.6313,t003,FJTB
2531338273,4332503,2,tobillo,swing,-0.6326,-1.0000,0.1787,-7.1411,-64.9414,-55.7861,t003,FJTB
2531338274,4332519,2,tobillo,swing,-0.1273,-1.0608,0.1918,4.8218,-11.9019,-58.7158,t003,FJTB
2531338275,4332535,2,tobillo,swing,0.0298,-1.0291,0.2618,5.4321,-0.7324,-42.6025,t003,FJTB
2531338276,4332551,2,tobillo,swing,0.0964,-1.0037,0.2339,4.2114,-1.2207,-34.7290,t003,FJTB
2531338339,4332567,2,tobillo,swing,0.1429,-0.9319,0.2047,3.7231,-5.5542,-26.9165,t003,FJTB
2531338347,4332582,2,tobillo,swing,0.1423,-0.9393,0.2349,10.1318,-9.2773,-22.8882,t003,FJTB
2531338348,4332598,2,tobillo,swing,0.1394,-0.9937,0.2709,12.6953,-11.2915,-22.8271,t003,FJTB
2531338348,4332614,2,tobillo,swing,0.1205,-1.0071,0.2810,13.9160,-13.6108,-23.6206,t003,FJTB
2531338414,4332630,2,tobillo,swing,0.1187,-0.9716,0.2255,13.2446,-13.6108,-22.7051,t003,FJTB
2531338414,4332646,2,tobillo,loading,0.0748,-0.9551,0.1769,9.8877,-10.1318,-20.5078,t003,FJTB
2531338415,4332662,2,tobillo,loading,0.0629,-0.9578,0.1832,7.0801,-4.8828,-18.4326,t003,FJTB
2531338415,4332678,2,tobillo,loading,0.0784,-0.9801,0.2189,6.3477,-1.8311,-18.2495,t003,FJTB
2531338415,4332694,2,tobillo,loading,0.0917,-0.9833,0.2383,5.9814,4.0283,-21.1182,t003,FJTB
2531338489,4332710,2,tobillo,loading,0.0880,-0.9825,0.2626,6.5308,6.7749,-23.7427,t003,FJTB
2531338490,4332726,2,tobillo,loading,0.1195,-0.9866,0.2325,5.9204,6.2866,-24.1699,t003,FJTB
2531338490,4332742,2,tobillo,loading,0.1245,-0.9866,0.2057,3.2349,4.0283,-25.0244,t003,FJTB
2531338491,4332758,2,tobillo,loading,0.0679,-0.9963,0.1726,1.6479,3.3569,-25.9399,t003,FJTB
2531338491,4332774,2,tobillo,loading,0.0349,-0.9797,0.1836,-2.0142,5.0049,-27.1606,t003,FJTB
2531338558,4332790,2,tobillo,loading,0.0477,-0.9745,0.1830,-3.7842,5.6152,-26.9165,t003,FJTB
2531338559,4332806,2,tobillo,loading,0.0607,-0.9838,0.2078,-4.2114,4.7607,-27.1606,t003,FJTB
2531338560,4332822,2,tobillo,loading,0.0475,-0.9915,0.2546,-7.6904,3.2959,-27.9541,t003,FJTB
2531338561,4332838,2,tobillo,loading,0.0432,-0.9890,0.2783,-10.1318,3.0518,-29.2969,t003,FJTB
2531338629,4332854,2,tobillo,loading,0.0135,-0.9777,0.2577,-12.2070,5.1270,-33.8135,t003,FJTB
2531338629,4332869,2,tobillo,loading,0.0073,-0.9653,0.2445,-10.7422,6.9580,-36.1938,t003,FJTB
2531338629,4332885,2,tobillo,loading,0.0197,-0.9604,0.2120,-8.4839,5.9204,-35.7666,t003,FJTB
2531338667,4332901,2,tobillo,loading,0.0282,-0.9900,0.2079,-6.6528,2.8687,-34.7900,t003,FJTB
2531338693,4332917,2,tobillo,loading,0.0000,-0.9962,0.2347,-18.3716,2.8076,-31.3110,t003,FJTB
2531338695,4332933,2,tobillo,loading,-0.0228,-0.9236,0.2531,-14.5264,1.4648,-33.1421,t003,FJTB
2531338695,4332949,2,tobillo,loading,-0.0171,-0.9296,0.2682,9.7656,-5.8594,-42.1753,t003,FJTB
2531338695,4332965,2,tobillo,loading,-0.0153,-0.9938,0.2831,10.1929,-8.1177,-41.5649,t003,FJTB
2531338707,4332981,2,tobillo,loading,-0.0247,-1.0018,0.2341,-4.8218,-9.8877,-35.8276,t003,FJTB
2531338760,4332997,2,tobillo,loading,-0.0397,-1.0187,0.2135,-11.2305,-12.2681,-38.5132,t003,FJTB
2531338761,4333014,2,tobillo,loading,-0.0690,-1.0286,0.2244,-13.4888,-12.7563,-42.7246,t003,FJTB
2531338761,4333030,2,tobillo,loading,-0.0741,-1.0138,0.2603,-18.3716,-11.0474,-48.5840,t003,FJTB
2531338761,4333046,2,tobillo,loading,-0.0767,-1.0079,0.2764,-21.4844,-8.7280,-53.1006,t003,FJTB
2531338822,4333062,2,tobillo,midstance,-0.0874,-0.9829,0.2900,-20.5688,-9.3994,-56.8848,t003,FJTB
2531338823,4333078,2,tobillo,midstance,-0.1221,-0.9883,0.2817,-16.2354,-11.2305,-64.0259,t003,FJTB
2531338823,4333094,2,tobillo,midstance,-0.1464,-0.9983,0.2668,-16.0522,-10.6201,-67.0166,t003,FJTB
2531338823,4333111,2,tobillo,midstance,-0.1532,-1.0179,0.2577,-16.5405,-8.4839,-68.4204,t003,FJTB
2531338893,4333127,2,tobillo,midstance,-0.1636,-1.0309,0.2649,-16.1133,-6.0425,-71.4111,t003,FJTB
2531338893,4333143,2,tobillo,midstance,-0.1772,-1.0222,0.3363,-15.8081,-4.9438,-72.6929,t003,FJTB
2531338894,4333159,2,tobillo,midstance,-0.1759,-1.0444,0.3464,-13.0615,-4.3945,-72.5098,t003,FJTB
2531338895,4333175,2,tobillo,midstance,-0.1655,-1.0791,0.3602,-6.0425,-4.0894,-74.2188,t003,FJTB
2531338956,4333191,2,tobillo,midstance,-0.1541,-1.1490,0.3668,-2.3193,-4.4556,-77.0264,t003,FJTB
2531338958,4333207,2,tobillo,midstance,-0.0997,-1.2770,0.4052,8.5449,-3.5400,-87.4023,t003,FJTB
2531338959,4333223,2,tobillo,midstance,-0.0443,-1.3608,0.4736,15.8081,-1.4038,-106.1401,t003,FJTB
2531338959,4333239,2,tobillo,midstance,0.0447,-1.5532,0.6019,12.1460,-1.0376,-121.2158,t003,FJTB
2531339024,4333255,2,tobillo,midstance,0.0520,-1.6091,0.6012,-14.1602,11.4136,-162.2314,t003,FJTB
2531339024,4333271,2,tobillo,midstance,0.0767,-1.5287,0.5458,-26.9775,31.3110,-182.0679,t003,FJTB
2531339025,4333287,2,tobillo,midstance,0.1189,-1.4214,0.4393,-40.1611,85.3271,-213.4399,t003,FJTB
2531339025,4333303,2,tobillo,midstance,0.1350,-1.3080,0.4200,-57.7393,73.4863,-230.1636,t003,FJTB
2531339086,4333319,2,tobillo,midstance,-0.3000,-1.0138,0.7367,-51.7578,39.1235,-231.0791,t003,FJTB
2531339089,4333335,2,tobillo,midstance,-0.6475,-1.0270,0.7585,-15.3809,16.1133,-206.6650,t003,FJTB
2531339089,4333351,2,tobillo,midstance,-0.5032,-1.3035,0.3062,3.3569,60.0586,-204.1015,t003,FJTB
2531339089,4333367,2,tobillo,midstance,0.3191,-1.5205,0.1021,-23.4375,70.9839,-203.4302,t003,FJTB
2531339155,4333384,2,tobillo,midstance,0.1714,-0.6768,-0.3904,-79.3457,66.8945,-121.0937,t003,FJTB
2531339156,4333400,2,tobillo,midstance,-0.6765,-0.0549,-0.2531,-21.0571,57.0679,-69.3970,t003,FJTB
2531339156,4333416,2,tobillo,midstance,0.7997,-0.9182,0.1899,66.8945,50.9033,-55.6641,t003,FJTB
2531339217,4333432,2,tobillo,midstance,0.8555,-0.6259,0.0266,20.0806,64.8804,-3.2349,t003,FJTB
2531339218,4333448,2,tobillo,terminal,0.2625,-0.2762,-0.0421,24.2920,56.7017,16.8457,t003,FJTB
2531339218,4333463,2,tobillo,terminal,0.2531,-0.3175,0.0436,46.0205,34.1797,56.3354,t003,FJTB
2531339218,4333479,2,tobillo,terminal,0.2920,-0.3634,0.1809,50.7812,29.6020,88.0737,t003,FJTB
2531339219,4333495,2,tobillo,terminal,0.1611,-0.5016,0.3018,60.6079,44.0063,154.3579,t003,FJTB
2531339223,4333511,2,tobillo,terminal,0.1646,-0.5424,0.3320,54.2603,59.8755,193.6035,t003,FJTB
2531339290,4333527,2,tobillo,terminal,0.1538,-0.6068,0.3429,49.8657,59.5703,207.7026,t003,FJTB
2531339290,4333543,2,tobillo,terminal,0.0898,-0.7318,0.3290,45.8374,40.4053,229.9194,t003,FJTB
2531339291,4333559,2,tobillo,terminal,0.0360,-0.8435,0.3231,48.7671,12.7563,251.3428,t003,FJTB
2531339291,4333575,2,tobillo,terminal,-0.1168,-1.1049,0.2896,49.4995,2.1362,261.0474,t003,FJTB
2531339356,4333591,2,tobillo,terminal,-0.1591,-1.2020,0.2679,48.4619,-13.1836,274.4751,t003,FJTB
2531339359,4333607,2,tobillo,terminal,-0.2323,-1.3462,0.2733,46.8140,-16.7847,276.3672,t003,FJTB
2531339359,4333623,2,tobillo,terminal,-0.3369,-1.4171,0.3210,37.0483,-15.9302,264.4043,t003,FJTB
2531339384,4333639,2,tobillo,terminal,-0.4489,-1.4650,0.3230,35.4004,-13.8550,240.7226,t003,FJTB
2531339427,4333655,2,tobillo,terminal,-0.6276,-1.5579,0.2451,38.3301,-11.2305,232.7270,t003,FJTB
2531339428,4333671,2,tobillo,terminal,-0.6960,-1.6018,0.1937,40.8325,-2.8076,220.9473,t003,FJTB
2531339428,4333687,2,tobillo,terminal,-0.7842,-1.5881,0.1746,41.3818,15.5029,203.3081,t003,FJTB
2531339428,4333703,2,tobillo,terminal,-0.7976,-1.5033,0.1464,43.5791,28.9307,189.8804,t003,FJTB
2531339491,4333719,2,tobillo,terminal,-0.8059,-1.4469,0.1777,58.6548,55.1758,159.9731,t003,FJTB
2531339491,4333735,2,tobillo,swing,-0.9634,-1.2715,0.3226,68.4204,69.6411,144.4702,t003,FJTB
2531339492,4333751,2,tobillo,swing,-0.7386,-1.1741,0.3320,71.5332,117.1265,108.2153,t003,FJTB
2531339492,4333767,2,tobillo,swing,-0.5126,-1.2258,0.4082,64.2700,140.3809,65.4907,t003,FJTB
2531339495,4333782,2,tobillo,swing,-0.5109,-0.8373,0.5609,49.6216,134.6436,54.1382,t003,FJTB
2531339563,4333798,2,tobillo,swing,-0.4031,-1.0245,0.4592,55.6030,128.8452,36.1938,t003,FJTB
2531339563,4333814,2,tobillo,swing,-0.1770,-1.0070,0.3940,52.1851,121.0327,23.0103,t003,FJTB
2531339564,4333830,2,tobillo,swing,-0.2782,-0.9524,0.5696,42.7246,87.9517,5.5542,t003,FJTB
2531339564,4333846,2,tobillo,swing,-0.2872,-0.9369,0.5558,25.1465,55.1758,-10.8032,t003,FJTB
2531339627,4333862,2,tobillo,swing,-0.2576,-0.9174,0.4514,18.1885,41.6260,-18.2495,t003,FJTB
2531339629,4333878,2,tobillo,swing,-0.1898,-0.9427,0.4923,7.6294,7.4463,-36.4990,t003,FJTB
2531339630,4333894,2,tobillo,swing,-0.1927,-0.8489,0.5779,-7.7515,-37.3535,-41.2598,t003,FJTB
2531339630,4333910,2,tobillo,swing,0.2606,-0.9325,0.4869,-14.0991,-60.4858,-46.7529,t003,FJTB
2531339696,4333926,2,tobillo,swing,0.6964,-1.0854,0.3314,-8.3618,-86.9751,-65.1855,t003,FJTB
2531339697,4333942,2,tobillo,swing,1.3220,-1.1335,0.4553,-7.7515,-85.8765,-64.7583,t003,FJTB
2531339698,4333958,2,tobillo,swing,-0.4534,-1.4429,0.7853,-15.4419,-62.2559,-11.8408,t003,FJTB
2531339698,4333974,2,tobillo,swing,-0.6415,-1.4475,0.6254,-42.1753,-45.6543,-35.8887,t003,FJTB
2531339755,4333990,2,tobillo,swing,0.4030,-0.9750,0.1586,-41.3818,-47.2412,-46.3257,t003,FJTB
2531339759,4334006,2,tobillo,swing,-0.1206,-0.8640,0.1920,-33.5083,-50.7812,-35.5225,t003,FJTB
2531339762,4334022,2,tobillo,swing,-0.2725,-0.8774,0.1062,-25.0854,-20.9351,-32.6538,t003,FJTB
2531339762,4334039,2,tobillo,swing,0.0734,-0.9515,0.0990,-15.0757,-12.8784,-35.3394,t003,FJTB
2531339829,4334055,2,tobillo,swing,0.0973,-1.0156,0.2056,-8.7280,-4.0283,-31.7993,t003,FJTB
2531339830,4334070,2,tobillo,swing,0.1313,-0.9478,0.2367,-10.4370,-4.1504,-29.4800,t003,FJTB
2531339830,4334086,2,tobillo,swing,0.1737,-0.9093,0.2029,-3.3569,-7.6294,-20.6299,t003,FJTB
2531339831,4334102,2,tobillo,swing,0.1877,-0.9390,0.2012,1.4648,-7.6294,-10.6201,t003,FJTB
2531339831,4334118,2,tobillo,swing,0.2019,-0.9814,0.2343,0.1221,-7.3242,-8.1177,t003,FJTB
2531339893,4334134,2,tobillo,swing,0.1713,-0.9899,0.2366,3.9062,-13.9160,-8.6670,t003,FJTB
2531339895,4334150,2,tobillo,swing,0.1398,-0.9818,0.2245,5.6152,-13.3667,-11.3525,t003,FJTB
2531339896,4334166,2,tobillo,swing,0.1211,-0.9656,0.1931,4.2114,-9.8267,-10.8643,t003,FJTB
2531339897,4334182,2,tobillo,swing,0.1320,-0.9651,0.1743,1.4038,-4.8828,-6.3477,t003,FJTB
2531339963,4334198,2,tobillo,swing,0.1417,-0.9768,0.1748,0.9155,-3.9062,-4.6997,t003,FJTB
2531339963,4334214,2,tobillo,swing,0.1261,-0.9775,0.1978,0.7935,-2.5024,-3.4180,t003,FJTB
2531339964,4334230,2,tobillo,swing,0.1272,-0.9730,0.2072,0.8545,-0.6714,-2.6245,t003,FJTB
2531339964,4334246,2,tobillo,swing,0.1047,-0.9626,0.2474,1.2207,0.0610,-2.1973,t003,FJTB
2531340032,4334262,2,tobillo,swing,0.0955,-0.9597,0.2657,4.4556,0.7935,-0.6104,t003,FJTB
2531340035,4334278,2,tobillo,swing,0.1251,-0.9761,0.2498,6.0425,0.1221,0.5493,t003,FJTB
2531340036,4334294,2,tobillo,swing,0.1421,-0.9873,0.2300,5.3711,1.1597,1.1597,t003,FJTB
2531340036,4334309,2,tobillo,swing,0.1315,-0.9799,0.2271,3.6011,4.2725,-0.2441,t003,FJTB
2531340094,4334325,2,tobillo,swing,0.1185,-0.9835,0.1882,2.7466,5.7373,0.0610,t003,FJTB
2531340106,4334341,2,tobillo,swing,0.1589,-0.9838,0.1426,-2.0142,12.0239,-0.4272,t003,FJTB
2531340107,4334357,2,tobillo,swing,0.1709,-0.9800,0.1250,-7.5684,20.2026,-3.8452,t003,FJTB
2531340107,4334373,2,tobillo,swing,0.1492,-0.9625,0.1667,-8.8501,21.6675,-4.9438,t003,FJTB
2531340107,4334389,2,tobillo,swing,0.1221,-0.9686,0.1965,-8.4839,21.6675,-3.9673,t003,FJTB
2531340168,4334405,2,tobillo,swing,0.1506,-0.9636,0.2013,-8.4229,21.6675,-2.8687,t003,FJTB
2531340171,4334421,2,tobillo,swing,0.2205,-0.9436,0.1709,-7.0190,16.6626,-2.5024,t003,FJTB
2531340171,4334437,2,tobillo,swing,0.1830,-0.9548,0.1899,-2.1973,9.2163,-4.1504,t003,FJTB
2531340171,4334453,2,tobillo,swing,0.1318,-0.9749,0.2042,-1.0986,8.7891,-5.2490,t003,FJTB
2531340234,4334469,2,tobillo,swing,0.1658,-0.9702,0.1809,-1.3428,10.0098,-8.2397,t003,FJTB
2531340235,4334485,2,tobillo,swing,0.1665,-0.9705,0.1691,-0.5493,9.3384,-11.7798,t003,FJTB
2531340235,4334501,2,tobillo,swing,0.1432,-0.9720,0.1827,-0.7935,9.8877,-12.3291,t003,FJTB
2531340236,4334518,2,tobillo,swing,0.1580,-0.9694,0.1820,-2.7466,9.5215,-12.3291,t003,FJTB
2531340283,4334533,2,tobillo,swing,0.1714,-0.9628,0.1814,-3.2959,7.6904,-12.5122,t003,FJTB
2531340296,4334549,2,tobillo,swing,0.1061,-0.9725,0.2319,-2.9297,3.2349,-11.5356,t003,FJTB
2531340297,4334565,2,tobillo,swing,0.0796,-0.9767,0.2533,-2.8076,2.8076,-8.4839,t003,FJTB
2531340297,4334581,2,tobillo,swing,0.1187,-0.9640,0.2363,-2.9907,4.0894,-7.7515,t003,FJTB
2531340360,4334597,2,tobillo,swing,0.1261,-0.9652,0.2310,-3.0518,6.3477,-6.9580,t003,FJTB
2531340360,4334613,2,tobillo,swing,0.1044,-0.9746,0.2279,-3.3569,8.1787,-5.9204,t003,FJTB
2531340361,4334629,2,tobillo,swing,0.1278,-0.9727,0.2083,-3.9062,9.2163,-5.6763,t003,FJTB
2531340361,4334646,2,tobillo,swing,0.1378,-0.9719,0.1991,-4.5776,9.2163,-5.6152,t003,FJTB
2531340420,4334662,2,tobillo,swing,0.0922,-0.9760,0.2261,-4.6997,8.7280,-5.4932,t003,FJTB
2531340422,4334678,2,tobillo,swing,0.1079,-0.9683,0.2216,-5.1880,10.6201,-6.4087,t003,FJTB
2531340423,4334694,2,tobillo,swing,0.1335,-0.9698,0.2094,-5.1880,11.6577,-8.2397,t003,FJTB
2531340423,4334710,2,tobillo,swing,0.1544,-0.9778,0.1799,-5.5542,10.9253,-9.3384,t003,FJTB
2531340486,4334726,2,tobillo,swing,0.1407,-0.9803,0.1858,-7.4463,8.9722,-10.4980,t003,FJTB
2531340487,4334742,2,tobillo,swing,0.1162,-0.9761,0.2009,-10.0098,7.8125,-10.4370,t003,FJTB
2531340487,4334758,2,tobillo,swing,0.0981,-0.9797,0.2187,-10.6812,8.2397,-10.5591,t003,FJTB
2531340487,4334774,2,tobillo,swing,0.0947,-0.9845,0.2209,-11.4136,9.4604,-11.1084,t003,FJTB
2531340548,4334790,2,tobillo,swing,0.0909,-0.9888,0.2323,-12.0850,9.5215,-10.6812,t003,FJTB
2531340548,4334806,2,tobillo,swing,0.0957,-0.9796,0.2366,-14.3433,8.9111,-9.5825,t003,FJTB
2531340549,4334822,2,tobillo,swing,0.1108,-0.9697,0.2350,-15.5640,8.7280,-9.7046,t003,FJTB
2531340550,4334838,2,tobillo,swing,0.0986,-0.9781,0.2383,-14.9536,8.7891,-9.5215,t003,FJTB
2531340612,4334854,2,tobillo,swing,0.0968,-0.9844,0.2473,-15.6860,9.5215,-9.5825,t003,FJTB
2531340613,4334870,2,tobillo,swing,0.1023,-0.9830,0.2491,-18.6157,9.3384,-9.8267,t003,FJTB
2531340613,4334886,2,tobillo,swing,0.0950,-0.9960,0.2513,-19.0430,9.7046,-10.7422,t003,FJTB
2531340624,4334902,2,tobillo,swing,0.0839,-1.0051,0.2567,-19.7754,14.4043,-14.9536,t003,FJTB
2531340673,4334918,2,tobillo,swing,0.0948,-1.0295,0.2526,-20.4468,17.5171,-18.1885,t003,FJTB
2531340676,4334935,2,tobillo,swing,0.1212,-1.0651,0.2279,-21.4233,23.3154,-25.6348,t003,FJTB
2531340676,4334951,2,tobillo,swing,0.1344,-1.0747,0.2217,-25.6348,31.2500,-38.0859,t003,FJTB
2531340707,4334967,2,tobillo,swing,0.0370,-1.1000,0.1814,-28.6255,39.1235,-46.1426,t003,FJTB
2531340740,4334982,2,tobillo,swing,-0.2021,-1.1376,0.1365,-30.2124,88.9893,-71.7773,t003,FJTB
2531340741,4334998,2,tobillo,swing,-0.5756,-1.2830,-0.1239,-45.1050,235.9009,-118.1641,t003,FJTB
2531340741,4335015,2,tobillo,swing,-0.0186,-1.4601,-0.2848,-59.2651,320.9229,-142.8223,t003,FJTB
2531340769,4335031,2,tobillo,swing,0.3882,-1.3484,-0.0626,-101.3184,434.1430,-179.0771,t003,FJTB
2531340801,4335047,2,tobillo,swing,0.5903,-1.0409,0.1482,-107.7270,450.5615,-185.0586,t003,FJTB
2531340803,4335063,2,tobillo,swing,0.8248,-0.9607,0.2706,-97.3511,413.9404,-175.1098,t003,FJTB
2531340804,4335079,2,tobillo,swing,0.8480,-0.9041,0.3518,-75.9277,309.2651,-144.0430,t003,FJTB
2531340866,4335094,2,tobillo,swing,0.8999,-0.7338,0.4890,-62.0728,249.5727,-126.0376,t003,FJTB
2531340867,4335110,2,tobillo,swing,0.8241,-0.6716,0.5729,-26.8555,133.8501,-80.1392,t003,FJTB
2531340868,4335126,2,tobillo,swing,0.8125,-0.6008,0.6188,0.7935,43.5181,-32.9590,t003,FJTB
2531340868,4335142,2,tobillo,swing,0.6715,-0.5895,0.5574,10.6812,10.2539,-16.4185,t003,FJTB
2531340908,4335158,2,tobillo,swing,0.5896,-0.6155,0.5004,24.3530,-18.0664,2.6855,t003,FJTB
2531340929,4335174,2,tobillo,swing,0.4083,-0.6711,0.4927,28.7476,-17.3340,9.9487,t003,FJTB
2531340929,4335190,2,tobillo,swing,0.3116,-0.6959,0.5385,26.8555,9.0942,22.3999,t003,FJTB
2531340929,4335205,2,tobillo,swing,0.3770,-0.6887,0.5369,13.4277,52.2461,27.4048,t003,FJTB
2531340938,4335221,2,tobillo,swing,0.3212,-0.7825,0.5343,6.0425,72.9370,28.6255,t003,FJTB
2531340990,4335237,2,tobillo,swing,0.2811,-0.7246,0.4951,4.6387,107.7270,14.9536,t003,FJTB
2531340991,4335253,2,tobillo,swing,0.2474,-0.7631,0.4840,23.2544,116.6992,3.6011,t003,FJTB
2531340992,4335269,2,tobillo,swing,0.3051,-0.9282,0.5066,35.4004,132.8735,15.0146,t003,FJTB
2531341049,4335285,2,tobillo,swing,0.3939,-0.8928,0.4950,22.7051,131.1646,32.8979,t003,FJTB
2531341051,4335300,2,tobillo,swing,0.3273,-0.9194,0.5045,27.7710,119.2017,36.2549,t003,FJTB
2531341052,4335316,2,tobillo,swing,0.1501,-1.0173,0.5530,43.6401,92.5903,53.7109,t003,FJTB
2531341052,4335332,2,tobillo,swing,0.0911,-1.0858,0.6694,41.8091,87.4634,67.5049,t003,FJTB
2531341114,4335348,2,tobillo,swing,0.2660,-0.9991,0.5861,24.9634,82.5195,77.2705,t003,FJTB
2531341115,4335364,2,tobillo,swing,0.2200,-1.0148,0.5236,17.7612,68.7866,67.8101,t003,FJTB
2531341115,4335379,2,tobillo,swing,0.0593,-1.0331,0.5079,14.0991,61.9507,63.8428,t003,FJTB
2531341115,4335395,2,tobillo,swing,0.0508,-1.0015,0.5247,2.8687,58.8379,62.0117,t003,FJTB
2531341173,4335411,2,tobillo,swing,0.0612,-0.9567,0.4674,0.1221,62.2559,59.4482,t003,FJTB
2531341175,4335427,2,tobillo,swing,-0.0134,-0.9764,0.4186,0.0000,69.7632,46.2036,t003,FJTB
2531341175,4335443,2,tobillo,swing,-0.0400,-0.9620,0.4344,-7.1411,67.8711,34.7900,t003,FJTB
2531341175,4335459,2,tobillo,swing,-0.0654,-0.8741,0.4164,-12.2681,65.0024,31.7993,t003,FJTB
2531341236,4335475,2,tobillo,swing,-0.0937,-0.8365,0.3611,-14.2822,61.0352,27.0996,t003,FJTB
2531341237,4335491,2,tobillo,swing,-0.0199,-0.8510,0.2902,-12.6953,61.0962,23.8647,t003,FJTB
2531341237,4335507,2,tobillo,swing,0.0658,-0.8446,0.2977,-12.2070,63.2324,18.4937,t003,FJTB
2531341237,4335522,2,tobillo,swing,0.0177,-0.8345,0.2854,-8.6060,67.5049,11.7798,t003,FJTB
2531341296,4335538,2,tobillo,swing,-0.0460,-0.8169,0.1990,-7.2632,71.8994,6.5918,t003,FJTB
2531341297,4335554,2,tobillo,swing,0.0114,-0.8348,0.1644,-5.1880,82.3975,-6.6528,t003,FJTB
2531341297,4335570,2,tobillo,swing,0.0483,-0.8810,0.1774,-3.2349,90.1489,-17.4561,t003,FJTB
2531341299,4335586,2,tobillo,swing,0.0519,-0.8868,0.1726,-3.9673,92.7734,-22.8882,t003,FJTB
2531341358,4335602,2,tobillo,swing,0.0593,-0.8893,0.1696,-6.7139,98.4497,-31.9214,t003,FJTB
2531341359,4335618,2,tobillo,swing,0.0100,-0.9423,0.2251,-9.4604,99.5483,-37.6587,t003,FJTB
2531341360,4335634,2,tobillo,swing,-0.1241,-0.9806,0.4196,-18.1274,74.1577,-50.1709,t003,FJTB
2531341417,4335651,2,tobillo,swing,-0.2341,-0.8094,0.4609,-36.3159,11.5967,-79.4678,t003,FJTB
2531341418,4335667,2,tobillo,swing,0.7864,-1.2261,0.5038,-33.9966,-21.6064,-90.5151,t003,FJTB
2531341419,4335683,2,tobillo,swing,0.8599,-1.2391,0.1173,-34.5459,-71.5942,-66.6504,t003,FJTB
2531341420,4335699,2,tobillo,swing,0.3326,-1.2990,-0.1909,-9.4604,-75.9888,-62.8052,t003,FJTB
2531341478,4335715,2,tobillo,swing,-0.0231,-1.3152,0.1777,-5.9814,-61.5845,-71.1670,t003,FJTB
2531341478,4335731,2,tobillo,swing,0.1898,-1.0623,0.3333,-26.7334,-57.6782,-71.1060,t003,FJTB
2531341479,4335747,2,tobillo,swing,0.3448,-0.6902,0.3739,-27.0386,-65.9790,-69.0308,t003,FJTB
2531341479,4335763,2,tobillo,swing,0.0251,-0.6338,0.5294,-17.4561,-63.0493,-66.9556,t003,FJTB
2531341533,4335779,2,tobillo,swing,-0.3530,-0.7804,0.5405,0.2441,-14.8315,-49.5605,t003,FJTB
2531341536,4335795,2,tobillo,swing,-0.2052,-1.0323,0.0994,0.4883,15.0146,-52.3682,t003,FJTB
2531341537,4335811,2,tobillo,swing,0.2487,-1.0695,0.1660,4.7607,16.2964,-52.0630,t003,FJTB
2531341559,4335827,2,tobillo,swing,0.1652,-1.0537,0.3235,3.4790,-5.1270,-44.0063,t003,FJTB
2531341596,4335843,2,tobillo,swing,0.0532,-0.9457,0.2261,-0.9155,-9.6436,-40.4053,t003,FJTB
2531341596,4335859,2,tobillo,swing,-0.0309,-1.0022,0.2477,3.0518,-12.2070,-24.5361,t003,FJTB
2531341597,4335875,2,tobillo,swing,0.0829,-1.0459,0.3262,2.3193,-10.6812,-21.6064,t003,FJTB
2531341652,4335891,2,tobillo,swing,0.0691,-0.9382,0.3562,0.0610,-10.6812,-22.3389,t003,FJTB
2531341655,4335907,2,tobillo,swing,0.0499,-0.9180,0.3168,5.4321,-12.0239,-15.8081,t003,FJTB
2531341655,4335923,2,tobillo,swing,0.0457,-0.9429,0.2662,8.6060,-11.2915,-10.6201,t003,FJTB
2531341655,4335939,2,tobillo,swing,0.0571,-0.9427,0.2809,13.2446,-8.1787,-5.4932,t003,FJTB
2531341714,4335955,2,tobillo,swing,0.0549,-0.9404,0.2783,18.3105,-6.1646,-1.8921,t003,FJTB
2531341715,4335972,2,tobillo,swing,0.0741,-0.9607,0.2781,20.4468,-5.6763,-0.0610,t003,FJTB
2531341716,4335988,2,tobillo,swing,0.0859,-0.9658,0.2720,21.5454,-5.0659,1.5869,t003,FJTB
2531341770,4336004,2,tobillo,swing,0.0706,-0.9719,0.2517,21.1792,-4.4556,1.9531,t003,FJTB
2531341772,4336019,2,tobillo,swing,0.0557,-0.9818,0.2382,19.5923,-0.7324,2.0142,t003,FJTB
2531341772,4336035,2,tobillo,swing,0.0598,-0.9846,0.2296,16.3574,4.2725,1.2817,t003,FJTB
2531341772,4336051,2,tobillo,swing,0.0723,-0.9757,0.2260,14.3433,5.9814,1.0376,t003,FJTB
2531341833,4336067,2,tobillo,swing,0.0782,-0.9658,0.2346,11.2915,7.2632,0.4272,t003,FJTB
2531341833,4336083,2,tobillo,swing,0.0909,-0.9611,0.2535,11.1694,7.4463,-1.1597,t003,FJTB
2531341834,4336099,2,tobillo,swing,0.0985,-0.9658,0.2568,11.4746,7.5684,-2.8076,t003,FJTB
2531341834,4336115,2,tobillo,swing,0.0875,-0.9678,0.2493,11.8408,7.6904,-5.2490,t003,FJTB
2531341890,4336131,2,tobillo,swing,0.0703,-0.9784,0.2262,11.4136,8.1787,-6.2866,t003,FJTB
2531341893,4336147,2,tobillo,swing,0.0748,-0.9832,0.2202,10.0098,10.4370,-8.5449,t003,FJTB
2531341893,4336163,2,tobillo,swing,0.0701,-0.9795,0.2187,8.2397,11.7798,-9.7046,t003,FJTB
2531341894,4336179,2,tobillo,swing,0.0709,-0.9790,0.2029,6.6528,12.2070,-10.4370,t003,FJTB
2531341953,4336195,2,tobillo,swing,0.0847,-0.9825,0.1923,3.2349,11.9019,-10.8643,t003,FJTB
2531341954,4336211,2,tobillo,swing,0.0831,-0.9802,0.2031,1.7700,10.8032,-10.4370,t003,FJTB
2531341996,4336227,2,tobillo,swing,0.0743,-0.9685,0.2192,-0.6104,8.7891,-8.7280,t003,FJTB
2531342009,4336243,2,tobillo,swing,0.0699,-0.9691,0.2260,-1.3428,7.6904,-5.9204,t003,FJTB
2531342010,4336259,2,tobillo,swing,0.0680,-0.9832,0.2329,-2.6855,7.6294,-4.3335,t003,FJTB
2531342011,4336275,2,tobillo,swing,0.0659,-0.9641,0.2313,-4.0894,7.4463,-2.9907,t003,FJTB
2531342012,4336291,2,tobillo,swing,0.0610,-0.9760,0.2322,-2.1362,7.4463,-2.8076,t003,FJTB
2531342076,4336307,2,tobillo,swing,0.0750,-1.0054,0.2418,-3.4180,7.6294,-2.5024,t003,FJTB
2531342077,4336323,2,tobillo,swing,0.0856,-0.9915,0.2399,-5.0049,8.3008,-2.3193,t003,FJTB
2531342078,4336339,2,tobillo,swing,0.0786,-0.9662,0.2175,-2.8687,9.4604,-6.1035,t003,FJTB
2531342146,4336355,2,tobillo,swing,0.0930,-0.9952,0.2052,-3.0518,8.6060,-7.6904,t003,FJTB
2531342149,4336371,2,tobillo,swing,0.0823,-0.9969,0.2014,-6.8359,7.6904,-11.2915,t003,FJTB
2531342150,4336388,2,tobillo,swing,0.0712,-0.9801,0.2051,-9.2773,8.5449,-13.7329,t003,FJTB
2531342150,4336404,2,tobillo,swing,0.0665,-0.9839,0.2214,-11.8408,11.1084,-19.1650,t003,FJTB
2531342209,4336419,2,tobillo,swing,0.0759,-0.9904,0.2305,-14.4043,13.2446,-24.4141,t003,FJTB
2531342210,4336435,2,tobillo,swing,0.0914,-0.9885,0.2358,-15.0146,12.3291,-27.0386,t003,FJTB
2531342254,4336451,2,tobillo,swing,0.1045,-0.9930,0.2357,-16.7847,6.7749,-31.9824,t003,FJTB
2531342267,4336467,2,tobillo,swing,0.0872,-0.9940,0.2299,-18.6768,3.4790,-35.1563,t003,FJTB
2531342268,4336483,2,tobillo,swing,-0.0117,-0.9617,0.2738,-20.0195,-2.7466,-40.2222,t003,FJTB
2531342268,4336500,2,tobillo,swing,-0.0304,-0.9565,0.2815,-19.6533,-2.9907,-41.6870,t003,FJTB
2531342325,4336516,2,tobillo,swing,-0.0106,-0.9857,0.2808,-20.0806,-0.6104,-41.5649,t003,FJTB
2531342326,4336532,2,tobillo,swing,-0.0063,-1.0038,0.2924,-22.3389,2.5635,-44.2505,t003,FJTB
2531342326,4336548,2,tobillo,swing,-0.0112,-1.0076,0.3082,-24.1089,3.1128,-48.4009,t003,FJTB
2531342326,4336564,2,tobillo,swing,-0.0292,-1.0215,0.3319,-24.6582,3.9062,-49.4385,t003,FJTB
2531342327,4336580,2,tobillo,swing,0.0020,-1.0609,0.3353,-27.0386,5.7373,-51.0864,t003,FJTB
2531342381,4336597,2,tobillo,swing,0.0142,-1.0918,0.3307,-30.3955,2.7466,-54.5654,t003,FJTB
2531342381,4336613,2,tobillo,swing,-0.0134,-1.0804,0.3435,-30.7617,-0.1221,-56.3965,t003,FJTB
2531342382,4336629,2,tobillo,swing,-0.0569,-1.0367,0.3677,-25.4517,-4.0894,-58.0444,t003,FJTB
2531342382,4336645,2,tobillo,swing,-0.1200,-1.0242,0.3047,-22.0947,-2.9907,-58.8989,t003,FJTB
2531342382,4336661,2,tobillo,swing,-0.1337,-1.1362,0.2848,-17.5171,1.6479,-65.3687,t003,FJTB
2531342439,4336677,2,tobillo,swing,-0.1093,-1.1940,0.3423,-16.6626,9.5215,-73.1812,t003,FJTB
2531342440,4336693,2,tobillo,swing,-0.1328,-1.1772,0.3375,-18.4937,13.6719,-80.3833,t003,FJTB
2531342440,4336709,2,tobillo,swing,-0.1392,-1.1605,0.3154,-20.8740,19.4702,-96.8018,t003,FJTB
2531342440,4336726,2,tobillo,swing,-0.1566,-1.1449,0.3093,-22.4609,27.2827,-111.0229,t003,FJTB
2531342492,4336741,2,tobillo,swing,-0.1090,-1.1268,0.3746,-24.7803,31.8603,-116.3330,t003,FJTB
2531342495,4336757,2,tobillo,swing,-0.1415,-1.1152,0.4159,-31.6162,44.7388,-124.8169,t003,FJTB
2531342495,4336773,2,tobillo,swing,-0.1448,-1.0942,0.4115,-28.7476,63.9038,-130.0049,t003,FJTB
2531342552,4336790,2,tobillo,swing,-0.1437,-1.0388,0.3871,-21.7285,70.2515,-129.0894,t003,FJTB
2531342553,4336806,2,tobillo,swing,-0.1659,-0.9800,0.3892,-11.5356,82.5195,-121.7651,t003,FJTB
2531342553,4336822,2,tobillo,swing,-0.1118,-1.0055,0.3564,-10.0708,77.7588,-120.6665,t003,FJTB
2531342554,4336838,2,tobillo,swing,-0.5916,-0.7977,0.5497,4.5166,42.9687,-121.7041,t003,FJTB
2531342606,4336854,2,tobillo,swing,-0.9347,-0.7468,0.2207,32.4097,67.6880,-127.7466,t003,FJTB
2531342608,4336870,2,tobillo,swing,-0.6696,-1.0751,-0.4143,47.4243,94.9097,-137.8174,t003,FJTB
2531342608,4336886,2,tobillo,swing,-0.3716,-0.7872,0.0295,34.2407,131.7749,-129.6387,t003,FJTB
2531342666,4336902,2,tobillo,swing,-0.4506,-0.6002,0.0883,33.5693,162.4756,-110.2905,t003,FJTB
2531342666,4336918,2,tobillo,swing,-0.0782,-0.7148,-0.0234,45.7764,195.0683,-109.5581,t003,FJTB
2531342666,4336934,2,tobillo,swing,0.1049,-0.7017,0.0444,42.9077,242.4927,-103.2104,t003,FJTB
2531342667,4336949,2,tobillo,swing,0.2938,-0.5253,0.2893,41.5039,240.4785,-87.1582,t003,FJTB
2531342719,4336965,2,tobillo,swing,0.5358,-0.4790,0.4630,39.7949,211.0596,-58.1665,t003,FJTB
2531342722,4336981,2,tobillo,swing,0.4906,-0.4697,0.5004,44.7998,166.8091,-32.0435,t003,FJTB
2531342723,4336997,2,tobillo,swing,0.3898,-0.5861,0.5167,50.7202,143.7988,-17.7612,t003,FJTB
2531342745,4337013,2,tobillo,swing,0.3636,-0.6010,0.5100,53.2227,102.2339,14.0991,t003,FJTB
2531342779,4337028,2,tobillo,swing,0.3112,-0.5920,0.5093,55.6030,84.4116,28.8696,t003,FJTB
2531342779,4337044,2,tobillo,swing,0.2069,-0.6285,0.4948,64.1479,57.6782,59.1431,t003,FJTB
2531342779,4337060,2,tobillo,swing,0.1652,-0.6716,0.4717,72.6929,47.1191,83.4961,t003,FJTB
2531342832,4337076,2,tobillo,swing,0.1034,-0.8066,0.4911,74.4629,47.7905,94.0552,t003,FJTB
2531342834,4337092,2,tobillo,swing,0.0841,-0.8588,0.5039,69.9463,63.1714,110.5347,t003,FJTB
2531342835,4337108,2,tobillo,swing,0.0825,-0.9479,0.4967,68.0542,73.6694,114.4409,t003,FJTB
2531342836,4337123,2,tobillo,swing,0.0842,-1.0366,0.5061,66.0400,92.4072,113.8916,t003,FJTB
2531342890,4337139,2,tobillo,swing,0.0801,-1.0656,0.5138,64.3311,105.8350,110.3516,t003,FJTB
2531342890,4337155,2,tobillo,swing,0.0537,-1.0748,0.5239,65.9790,111.5723,109.9243,t003,FJTB
2531342891,4337171,2,tobillo,swing,0.0804,-1.0808,0.5477,69.1528,124.6338,105.7739,t003,FJTB
2531342942,4337187,2,tobillo,swing,0.1450,-1.1055,0.5730,69.5801,128.7231,101.0742,t003,FJTB
2531342944,4337203,2,tobillo,swing,0.1626,-1.1547,0.5754,71.3501,129.1504,93.2007,t003,FJTB
2531342945,4337219,2,tobillo,swing,0.1650,-1.1752,0.5809,71.2280,122.6807,85.9985,t003,FJTB
2531342947,4337234,2,tobillo,swing,0.1075,-1.1731,0.6123,71.2280,115.7226,84.0454,t003,FJTB
2531343000,4337250,2,tobillo,swing,0.0577,-1.1500,0.6243,70.8618,103.2715,86.8530,t003,FJTB
2531343001,4337266,2,tobillo,swing,0.0479,-1.1223,0.6072,68.4204,100.1587,87.1582,t003,FJTB
2531343001,4337282,2,tobillo,swing,0.0612,-1.0905,0.5658,62.2559,95.3979,80.9936,t003,FJTB
2531343051,4337298,2,tobillo,swing,0.0471,-1.0587,0.5475,57.2510,87.0972,66.2842,t003,FJTB
2531343053,4337314,2,tobillo,swing,0.0023,-1.0081,0.5031,54.8096,81.9702,57.1289,t003,FJTB
2531343053,4337329,2,tobillo,swing,-0.0133,-1.0061,0.4885,46.2646,73.8525,44.8608,t003,FJTB
2531343075,4337345,2,tobillo,swing,-0.0236,-0.9728,0.5052,34.2407,67.0166,33.2642,t003,FJTB
2531343109,4337361,2,tobillo,swing,-0.0425,-0.9086,0.5033,29.5410,62.9883,27.0386,t003,FJTB
2531343110,4337377,2,tobillo,swing,-0.0602,-0.8993,0.4922,19.9585,56.8237,18.4937,t003,FJTB
2531343110,4337393,2,tobillo,swing,-0.0172,-0.8903,0.4510,14.7095,54.3823,13.3057,t003,FJTB
2531343162,4337410,2,tobillo,swing,0.0742,-0.8855,0.3716,6.9580,45.0439,0.3662,t003,FJTB
2531343163,4337425,2,tobillo,swing,0.1274,-0.8817,0.3292,2.1362,29.3579,-9.8877,t003,FJTB
2531343163,4337441,2,tobillo,swing,0.2144,-0.8740,0.2720,0.5493,20.3247,-12.0850,t003,FJTB
2531343218,4337457,2,tobillo,swing,0.2281,-0.8706,0.2601,-1.9531,6.4697,-12.8784,t003,FJTB
2531343219,4337473,2,tobillo,swing,0.2277,-0.8728,0.2477,-3.1738,4.4556,-12.9395,t003,FJTB
2531343219,4337489,2,tobillo,swing,0.2224,-0.8596,0.1942,-2.4414,9.8877,-12.1460,t003,FJTB
2531343219,4337505,2,tobillo,swing,0.2233,-0.8524,0.1694,1.4038,20.5078,-10.9863,t003,FJTB
2531343270,4337521,2,tobillo,swing,0.2755,-0.8695,0.1737,2.1362,23.8037,-9.7656,t003,FJTB
2531343271,4337537,2,tobillo,swing,0.2837,-0.8855,0.1797,1.8921,24.2310,-5.2490,t003,FJTB
2531343271,4337553,2,tobillo,swing,0.2589,-0.8944,0.1685,1.7090,22.2168,-3.9673,t003,FJTB
2531343326,4337569,2,tobillo,swing,0.1865,-0.9130,0.1735,1.1597,20.9351,-4.9438,t003,FJTB
2531343327,4337585,2,tobillo,swing,0.1638,-0.9216,0.1931,-2.0142,17.3950,-8.4229,t003,FJTB
2531343327,4337601,2,tobillo,swing,0.1309,-0.9227,0.1825,-3.9673,15.1978,-11.7798,t003,FJTB
2531343364,4337617,2,tobillo,swing,0.0747,-0.9249,0.1428,-5.0049,11.4136,-17.7612,t003,FJTB
2531343380,4337633,2,tobillo,swing,0.0787,-0.9231,0.1255,-4.4556,9.5215,-16.0522,t003,FJTB
2531343381,4337649,2,tobillo,swing,0.2042,-0.9781,0.1733,-4.1504,7.6904,-15.4419,t003,FJTB
2531343381,4337665,2,tobillo,swing,0.3849,-0.8417,0.4478,-11.7187,-19.1040,-30.3345,t003,FJTB
2531343434,4337681,2,tobillo,swing,0.3645,-0.7024,0.4689,-20.3247,-56.8848,-38.6353,t003,FJTB
2531343435,4337697,2,tobillo,swing,0.5411,-0.8926,0.4803,-21.3623,-69.6411,-40.1001,t003,FJTB
2531343435,4337714,2,tobillo,swing,0.5682,-0.9023,0.3047,-25.5737,-96.1914,-35.5225,t003,FJTB
2531343485,4337730,2,tobillo,swing,0.3640,-1.1245,-0.1069,-2.7466,-89.3555,-39.9170,t003,FJTB
2531343487,4337746,2,tobillo,swing,0.1241,-1.3035,0.4529,16.3574,-45.2270,-57.6172,t003,FJTB
2531343488,4337762,2,tobillo,swing,-0.1991,-1.1832,0.3589,-5.1270,-33.8745,-46.9971,t003,FJTB
2531343498,4337778,2,tobillo,swing,0.0657,-1.1310,0.0039,-9.7046,-31.4941,-49.8047,t003,FJTB
2531343542,4337794,2,tobillo,swing,0.0221,-0.9833,0.1223,-10.8032,-39.1846,-44.1284,t003,FJTB
2531343542,4337810,2,tobillo,swing,-0.0256,-1.0156,0.1987,-8.6060,-33.8745,-41.5039,t003,FJTB
2531343543,4337826,2,tobillo,swing,0.0905,-0.9928,0.1777,-11.0474,-27.3437,-41.8701,t003,FJTB
2531343595,4337842,2,tobillo,swing,0.1198,-0.9552,0.1755,-9.4604,-23.0103,-42.1143,t003,FJTB
2531343596,4337859,2,tobillo,swing,-0.2056,-0.9872,0.3311,-0.6714,-9.5215,-32.5928,t003,FJTB
2531343596,4337875,2,tobillo,swing,-0.0726,-1.0018,0.3044,-2.5024,-2.0142,-30.1514,t003,FJTB
2531343650,4337891,2,tobillo,swing,0.0898,-0.9648,0.2782,-2.8687,-2.5635,-24.4141,t003,FJTB
2531343651,4337907,2,tobillo,swing,0.0598,-1.0061,0.2383,-0.0610,-4.2725,-22.3999,t003,FJTB
2531343651,4337923,2,tobillo,swing,0.0820,-0.9866,0.2025,2.9297,-6.2256,-21.6064,t003,FJTB
2531343652,4337939,2,tobillo,swing,0.0249,-0.9771,0.2035,3.5400,-6.2866,-14.0381,t003,FJTB
2531343701,4337955,2,tobillo,swing,0.0148,-0.9803,0.1956,3.2349,-4.3335,-10.3149,t003,FJTB
2531343704,4337971,2,tobillo,swing,0.0282,-0.9736,0.1995,4.0283,-1.4038,-4.6387,t003,FJTB
2531343704,4337987,2,tobillo,swing,0.0398,-0.9783,0.1990,4.6387,2.3193,-3.6011,t003,FJTB
2531343756,4338002,2,tobillo,swing,0.0635,-0.9784,0.2028,4.5166,3.6621,-3.3569,t003,FJTB
2531343757,4338018,2,tobillo,swing,0.0604,-0.9797,0.2046,5.2490,3.1128,-1.0986,t003,FJTB
2531343757,4338034,2,tobillo,swing,0.0311,-0.9822,0.2214,5.4932,2.9297,-0.0610,t003,FJTB
2531343807,4338050,2,tobillo,swing,0.0350,-0.9781,0.1960,5.2490,4.8828,0.9766,t003,FJTB
2531343809,4338066,2,tobillo,swing,0.0414,-0.9780,0.1858,4.1504,9.3994,0.2441,t003,FJTB
2531343809,4338082,2,tobillo,swing,0.0555,-0.9774,0.1727,3.4180,11.0474,-0.3662,t003,FJTB
2531343809,4338097,2,tobillo,swing,0.0535,-0.9768,0.1715,2.3804,13.0615,-1.4038,t003,FJTB
2531343861,4338113,2,tobillo,swing,0.0463,-0.9773,0.1774,1.9531,13.8550,-1.5869,t003,FJTB
2531343862,4338129,2,tobillo,swing,0.0712,-0.9828,0.1749,0.9155,15.7471,-2.5635,t003,FJTB
2531343862,4338145,2,tobillo,swing,0.0757,-0.9847,0.1747,-0.6104,16.2354,-4.3945,t003,FJTB
2531343910,4338161,2,tobillo,swing,0.0756,-0.9813,0.1857,-1.2817,16.2354,-5.3101,t003,FJTB
2531343912,4338177,2,tobillo,swing,0.0852,-0.9816,0.1930,-0.7935,13.9770,-5.6152,t003,FJTB
2531343913,4338193,2,tobillo,swing,0.0781,-0.9768,0.2166,-0.3052,11.6577,-5.1270,t003,FJTB
2531343967,4338209,2,tobillo,swing,0.0763,-0.9771,0.1984,0.6714,7.6904,-3.8452,t003,FJTB
2531343967,4338225,2,tobillo,swing,0.0653,-0.9811,0.1910,0.7324,5.3711,-3.6621,t003,FJTB
2531343967,4338241,2,tobillo,swing,0.0426,-0.9829,0.1907,0.3052,5.1880,-3.7231,t003,FJTB
2531344016,4338257,2,tobillo,swing,0.0348,-0.9829,0.2067,-1.2817,7.3242,-4.5166,t003,FJTB
2531344017,4338273,2,tobillo,swing,0.0453,-0.9830,0.2122,-1.7700,10.0098,-6.2866,t003,FJTB
2531344020,4338289,2,tobillo,swing,0.0479,-0.9832,0.2144,-1.7700,10.6201,-6.6528,t003,FJTB
2531344020,4338305,2,tobillo,swing,0.0446,-0.9829,0.2152,-2.1973,11.1694,-5.9814,t003,FJTB
2531344074,4338321,2,tobillo,swing,0.0471,-0.9791,0.2101,-2.2583,10.9863,-4.8828,t003,FJTB
2531344074,4338337,2,tobillo,swing,0.0481,-0.9838,0.1947,-1.8311,10.6812,-3.4790,t003,FJTB
2531344075,4338353,2,tobillo,swing,0.0516,-0.9834,0.1949,-2.5024,10.9253,-3.1738,t003,FJTB
2531344123,4338369,2,tobillo,swing,0.0493,-0.9741,0.2017,-2.8687,10.8643,-2.6855,t003,FJTB
2531344123,4338385,2,tobillo,swing,0.0565,-0.9781,0.1913,-2.0752,10.3760,-1.8311,t003,FJTB
2531344124,4338401,2,tobillo,swing,0.0507,-0.9829,0.1899,-2.5024,9.3994,-1.2817,t003,FJTB
2531344178,4338417,2,tobillo,swing,0.0458,-0.9763,0.2079,-2.2583,8.7280,-0.2441,t003,FJTB
2531344178,4338433,2,tobillo,swing,0.0430,-0.9739,0.2157,-1.1597,7.2632,2.3193,t003,FJTB
2531344179,4338449,2,tobillo,swing,0.0541,-0.9778,0.2061,-0.9155,7.0190,2.7466,t003,FJTB
2531344179,4338465,2,tobillo,swing,0.0505,-0.9814,0.1982,-0.4883,6.7139,2.9297,t003,FJTB
2531344226,4338481,2,tobillo,swing,0.0482,-0.9808,0.1982,-0.7935,6.7749,2.8687,t003,FJTB
2531344228,4338497,2,tobillo,swing,0.0621,-0.9849,0.1927,-0.9155,6.8970,2.6855,t003,FJTB
2531344229,4338513,2,tobillo,swing,0.0537,-0.9850,0.2007,-1.5259,6.1035,3.2959,t003,FJTB
2531344281,4338529,2,tobillo,swing,0.0452,-0.9801,0.2120,-1.8921,5.7373,4.2725,t003,FJTB
2531344282,4338544,2,tobillo,swing,0.0797,-0.9750,0.2047,-1.8311,4.8828,5.1880,t003,FJTB
2531344282,4338560,2,tobillo,swing,0.0811,-0.9771,0.2010,-1.4038,2.3804,4.6387,t003,FJTB
2531344331,4338576,2,tobillo,swing,0.0715,-0.9788,0.1854,-1.6479,1.8921,4.0283,t003,FJTB
2531344332,4338592,2,tobillo,swing,0.0726,-0.9801,0.1913,-2.4414,3.1128,1.8311,t003,FJTB
2531344332,4338608,2,tobillo,swing,0.0717,-0.9834,0.1846,-3.1128,4.3945,-1.0986,t003,FJTB
2531344382,4338624,2,tobillo,swing,0.0712,-0.9792,0.1854,-3.5400,4.5166,-2.4414,t003,FJTB
2531344383,4338640,2,tobillo,swing,0.0588,-0.9734,0.2023,-3.9062,4.3335,-3.3569,t003,FJTB
2531344383,4338656,2,tobillo,swing,0.0414,-0.9689,0.2421,-3.7842,4.3945,-2.6245,t003,FJTB
2531344391,4338672,2,tobillo,swing,0.0581,-0.9758,0.2206,-2.8687,5.6152,-1.2817,t003,FJTB
2531344432,4338688,2,tobillo,swing,0.0719,-0.9839,0.2062,-2.2583,6.4697,-1.7700,t003,FJTB
2531344432,4338704,2,tobillo,swing,0.0764,-0.9800,0.1960,-2.8687,5.7983,-1.8311,t003,FJTB
2531344432,4338720,2,tobillo,swing,0.0643,-0.9752,0.2078,-3.9062,4.3945,-1.0986,t003,FJTB
2531344464,4338736,2,tobillo,swing,0.0524,-0.9749,0.2094,-3.4790,5.3101,-1.4038,t003,FJTB
2531344481,4338752,2,tobillo,swing,0.0674,-0.9796,0.2114,-3.5400,5.7373,-1.9531,t003,FJTB
2531344481,4338768,2,tobillo,swing,0.0637,-0.9784,0.2186,-3.7842,5.1880,-1.8311,t003,FJTB
2531344530,4338784,2,tobillo,swing,0.0608,-0.9796,0.2115,-3.5400,5.0659,-1.4648,t003,FJTB
2531344530,4338800,2,tobillo,swing,0.0807,-0.9816,0.2089,-3.8452,5.4321,-2.8076,t003,FJTB
2531344531,4338816,2,tobillo,swing,0.0665,-0.9769,0.2141,-4.6387,5.0049,-3.7842,t003,FJTB
2531344582,4338832,2,tobillo,swing,0.0480,-0.9711,0.2220,-4.6387,5.4321,-3.7231,t003,FJTB
2531344582,4338848,2,tobillo,swing,0.0587,-0.9719,0.2178,-4.1504,6.6528,-3.9673,t003,FJTB
2531344583,4338864,2,tobillo,swing,0.0643,-0.9733,0.2136,-4.2725,5.9204,-4.3335,t003,FJTB
2531344629,4338880,2,tobillo,swing,0.0619,-0.9706,0.2150,-4.1504,5.1270,-4.0283,t003,FJTB
2531344631,4338896,2,tobillo,swing,0.0618,-0.9761,0.2179,-3.7842,3.7842,-3.1128,t003,FJTB
2531344631,4338912,2,tobillo,swing,0.0559,-0.9817,0.2227,-4.0283,3.5400,-2.8076,t003,FJTB
2531344681,4338928,2,tobillo,swing,0.0507,-0.9761,0.2235,-4.5776,3.7842,-2.4414,t003,FJTB
2531344681,4338944,2,tobillo,swing,0.0461,-0.9680,0.2358,-4.0894,4.0283,-1.6479,t003,FJTB
2531344682,4338961,2,tobillo,swing,0.0367,-0.9604,0.2465,-3.4180,4.3945,-1.0376,t003,FJTB
2531344730,4338977,2,tobillo,swing,0.0413,-0.9647,0.2421,-1.8311,5.4321,-0.7324,t003,FJTB
2531344730,4338993,2,tobillo,swing,0.0592,-0.9774,0.2294,-1.4038,5.5542,-0.0610,t003,FJTB
2531344731,4339008,2,tobillo,swing,0.0515,-0.9753,0.2295,-1.6479,5.2490,0.5493,t003,FJTB
2531344780,4339024,2,tobillo,swing,0.0486,-0.9762,0.2292,-2.4414,5.0049,1.4648,t003,FJTB
2531344780,4339040,2,tobillo,swing,0.0621,-0.9722,0.2261,-3.0518,4.8218,1.5869,t003,FJTB
2531344781,4339056,2,tobillo,swing,0.0619,-0.9707,0.2313,-3.2349,4.2114,1.2207,t003,FJTB
2531344827,4339072,2,tobillo,swing,0.0645,-0.9706,0.2280,-2.9907,3.4790,1.2207,t003,FJTB
2531344830,4339088,2,tobillo,swing,0.0662,-0.9714,0.2322,-2.9297,2.5024,1.3428,t003,FJTB
2531344830,4339103,2,tobillo,swing,0.0597,-0.9694,0.2334,-2.9297,1.6479,1.0986,t003,FJTB
2531344856,4339119,2,tobillo,swing,0.0638,-0.9691,0.2371,-2.6855,1.7090,1.0376,t003,FJTB
2531344880,4339135,2,tobillo,swing,0.0643,-0.9738,0.2332,-2.3193,1.5259,1.0986,t003,FJTB
2531344881,4339151,2,tobillo,swing,0.0620,-0.9731,0.2318,-2.8687,1.5869,0.6714,t003,FJTB
2531344881,4339167,2,tobillo,swing,0.0569,-0.9684,0.2361,-2.8687,1.7700,0.3662,t003,FJTB
2531344928,4339183,2,tobillo,swing,0.0560,-0.9679,0.2389,-2.1362,1.9531,-0.0610,t003,FJTB
2531344930,4339199,2,tobillo,swing,0.0551,-0.9680,0.2404,-1.6479,1.8921,0.1221,t003,FJTB
2531344932,4339215,2,tobillo,swing,0.0551,-0.9709,0.2367,-1.0376,1.8311,0.9766,t003,FJTB
2531344984,4339231,2,tobillo,swing,0.0607,-0.9719,0.2369,-1.7090,1.7700,1.3428,t003,FJTB
2531344984,4339246,2,tobillo,swing,0.0571,-0.9670,0.2444,-2.0752,1.6479,1.4038,t003,FJTB
2531344984,4339262,2,tobillo,swing,0.0565,-0.9663,0.2443,-1.5869,2.0752,1.6479,t003,FJTB
2531345035,4339278,2,tobillo,swing,0.0712,-0.9712,0.2386,-1.0986,1.8921,1.6479,t003,FJTB
2531345036,4339294,2,tobillo,swing,0.0704,-0.9714,0.2373,-1.4038,1.3428,1.5869,t003,FJTB
2531345037,4339310,2,tobillo,swing,0.0607,-0.9672,0.2438,-1.5869,0.9155,1.7090,t003,FJTB
2531345045,4339326,2,tobillo,swing,0.0546,-0.9658,0.2479,-1.4648,1.1597,2.0142,t003,FJTB
2531345089,4339342,2,tobillo,swing,0.0679,-0.9739,0.2395,-1.0986,1.4648,2.5024,t003,FJTB
2531345089,4339358,2,tobillo,swing,0.0713,-0.9753,0.2377,-1.7090,1.0986,2.8076,t003,FJTB
2531345090,4339374,2,tobillo,swing,0.0643,-0.9696,0.2402,-2.0752,1.1597,2.7466,t003,FJTB
2531345139,4339390,2,tobillo,swing,0.0637,-0.9667,0.2427,-2.0142,1.7090,2.3804,t003,FJTB
2531345141,4339406,2,tobillo,swing,0.0699,-0.9684,0.2440,-1.7700,1.7700,2.0142,t003,FJTB
2531345141,4339422,2,tobillo,swing,0.0643,-0.9667,0.2438,-1.4648,1.8311,1.4038,t003,FJTB
2531345193,4339438,2,tobillo,swing,0.0664,-0.9661,0.2450,-1.0986,2.0142,1.0986,t003,FJTB
2531345193,4339453,2,tobillo,swing,0.0739,-0.9675,0.2500,-0.8545,1.7700,1.1597,t003,FJTB
2531345194,4339469,2,tobillo,swing,0.0732,-0.9695,0.2509,-0.6714,1.1597,1.7700,t003,FJTB
2531345240,4339485,2,tobillo,swing,0.0724,-0.9690,0.2483,-0.6714,0.9766,2.0752,t003,FJTB
2531345242,4339501,2,tobillo,swing,0.0681,-0.9696,0.2438,-0.5493,0.9155,2.1362,t003,FJTB
2531345242,4339517,2,tobillo,swing,0.0682,-0.9686,0.2428,-0.8545,1.2817,1.8311,t003,FJTB
2531345276,4339533,2,tobillo,swing,0.0704,-0.9670,0.2460,-0.9155,1.4038,1.7700,t003,FJTB
2531345293,4339549,2,tobillo,swing,0.0721,-0.9670,0.2496,-0.8545,1.5869,1.8311,t003,FJTB
2531345293,4339564,2,tobillo,swing,0.0782,-0.9666,0.2485,-0.6104,1.4038,1.7700,t003,FJTB
2531345293,4339580,2,tobillo,swing,0.0796,-0.9662,0.2440,-0.3052,1.0986,1.5259,t003,FJTB
2531345338,4339596,2,tobillo,swing,0.0769,-0.9681,0.2427,-0.1831,0.6104,0.8545,t003,FJTB
2531345340,4339612,2,tobillo,swing,0.0746,-0.9686,0.2448,-0.4272,0.5493,0.6714,t003,FJTB
2531345341,4339628,2,tobillo,swing,0.0707,-0.9679,0.2485,-0.5493,0.4272,0.6104,t003,FJTB
2531345391,4339644,2,tobillo,swing,0.0715,-0.9674,0.2491,-0.5493,0.4272,0.5493,t003,FJTB
2531345391,4339660,2,tobillo,swing,0.0765,-0.9668,0.2491,-0.6104,0.4272,0.6104,t003,FJTB
2531345391,4339676,2,tobillo,swing,0.0760,-0.9652,0.2494,-0.5493,0.5493,0.6714,t003,FJTB
2531345437,4339692,2,tobillo,swing,0.0718,-0.9657,0.2505,-0.3052,0.4883,0.6714,t003,FJTB
2531345439,4339708,2,tobillo,swing,0.0786,-0.9680,0.2493,-0.1221,0.5493,0.7324,t003,FJTB
2531345439,4339724,2,tobillo,swing,0.0767,-0.9683,0.2498,-0.2441,0.4272,0.7935,t003,FJTB
2531345489,4339740,2,tobillo,swing,0.0741,-0.9678,0.2455,-0.2441,0.4272,0.6714,t003,FJTB
2531345489,4339756,2,tobillo,swing,0.0770,-0.9674,0.2461,-0.3052,0.7324,0.3052,t003,FJTB
2531345490,4339771,2,tobillo,swing,0.0734,-0.9652,0.2522,-0.1221,1.0986,0.1831,t003,FJTB
2531345527,4339787,2,tobillo,swing,0.0748,-0.9707,0.2480,0.1221,1.3428,0.1221,t003,FJTB
2531345535,4339803,2,tobillo,swing,0.0791,-0.9690,0.2488,-0.1831,1.5869,-0.4272,t003,FJTB
2531345537,4339819,2,tobillo,swing,0.0819,-0.9626,0.2516,-0.1221,1.4648,-0.6714,t003,FJTB
2531345587,4339835,2,tobillo,swing,0.0763,-0.9683,0.2463,0.4883,1.0376,-1.0376,t003,FJTB
2531345587,4339851,2,tobillo,swing,0.0745,-0.9691,0.2458,0.5493,0.9766,-1.4038,t003,FJTB
2531345588,4339867,2,tobillo,swing,0.0792,-0.9686,0.2468,0.3052,1.0376,-1.6479,t003,FJTB
2531345633,4339883,2,tobillo,swing,0.0820,-0.9679,0.2467,0.0000,0.7935,-2.2583,t003,FJTB
2531345636,4339899,2,tobillo,swing,0.0775,-0.9663,0.2474,0.0000,0.4883,-2.4414,t003,FJTB
2531345636,4339915,2,tobillo,swing,0.0724,-0.9657,0.2491,-0.1221,0.1221,-2.8076,t003,FJTB
2531345686,4339931,2,tobillo,swing,0.0702,-0.9645,0.2511,-0.0610,0.2441,-3.1128,t003,FJTB
2531345687,4339947,2,tobillo,swing,0.0704,-0.9664,0.2515,0.2441,0.3662,-3.1128,t003,FJTB
2531345687,4339963,2,tobillo,swing,0.0695,-0.9674,0.2510,0.5493,0.5493,-2.7466,t003,FJTB
2531345733,4339979,2,tobillo,swing,0.0707,-0.9686,0.2469,0.6714,0.4272,-2.5635,t003,FJTB
2531345733,4339994,2,tobillo,swing,0.0673,-0.9691,0.2495,0.8545,0.3052,-2.4414,t003,FJTB
2531345734,4340010,2,tobillo,swing,0.0645,-0.9688,0.2509,0.9155,0.3052,-1.8311,t003,FJTB
2531345738,4340026,2,tobillo,swing,0.0623,-0.9667,0.2526,0.9766,0.3052,-1.4038,t003,FJTB
2531345788,4340042,2,tobillo,swing,0.0647,-0.9669,0.2500,1.2207,0.3662,-0.7935,t003,FJTB
2531345789,4340058,2,tobillo,swing,0.0647,-0.9667,0.2494,1.1597,0.6714,-0.3662,t003,FJTB
2531345789,4340074,2,tobillo,swing,0.0645,-0.9675,0.2483,1.1597,0.7935,-0.0610,t003,FJTB
2531345837,4340090,2,tobillo,swing,0.0643,-0.9691,0.2469,0.9155,0.9766,0.4883,t003,FJTB
2531345838,4340106,2,tobillo,swing,0.0682,-0.9698,0.2482,0.6714,1.0986,0.7935,t003,FJTB
2531345838,4340121,2,tobillo,swing,0.0681,-0.9688,0.2502,0.4272,1.5869,1.2207,t003,FJTB
