timestamp_pc_ms,timestamp_arduino_ms,sensor_id,placement,phase,ax,ay,az,gx,gy,gz,trial_id,subject_id
2531874873,5014528,3,pelvis,loading,-0.9723,-0.1469,-0.0411,-0.3662,0.9766,0.0610,t008,FJTB
2531874874,5014544,3,pelvis,loading,-0.9742,-0.1471,-0.0446,-0.6714,0.8545,0.0000,t008,FJTB
2531874908,5014560,3,pelvis,loading,-0.9744,-0.1490,-0.0432,-0.6714,0.6104,0.1221,t008,FJTB
2531874909,5014577,3,pelvis,loading,-0.9742,-0.1483,-0.0409,-0.6714,0.5493,0.1221,t008,FJTB
2531874944,5014593,3,pelvis,loading,-0.9749,-0.1438,-0.0436,-0.9766,0.4883,0.1221,t008,FJTB
2531874945,5014609,3,pelvis,loading,-0.9753,-0.1425,-0.0437,-1.0376,0.5493,0.1831,t008,FJTB
2531874946,5014625,3,pelvis,loading,-0.9763,-0.1444,-0.0439,-0.9155,0.7324,0.1221,t008,FJTB
2531874978,5014641,3,pelvis,loading,-0.9753,-0.1429,-0.0414,-0.7324,1.1597,0.1221,t008,FJTB
2531874978,5014657,3,pelvis,loading,-0.9751,-0.1415,-0.0404,-0.6104,1.1597,0.1831,t008,FJTB
2531875014,5014673,3,pelvis,loading,-0.9756,-0.1426,-0.0428,-0.5493,1.0376,0.1221,t008,FJTB
2531875014,5014689,3,pelvis,loading,-0.9767,-0.1439,-0.0449,-0.2441,0.8545,0.1221,t008,FJTB
2531875047,5014705,3,pelvis,loading,-0.9771,-0.1449,-0.0464,-0.2441,1.0986,0.0610,t008,FJTB
2531875048,5014721,3,pelvis,loading,-0.9747,-0.1449,-0.0470,-0.5493,1.2207,0.0610,t008,FJTB
2531875085,5014738,3,pelvis,loading,-0.9735,-0.1437,-0.0469,-1.0376,1.0986,0.2441,t008,FJTB
2531875085,5014754,3,pelvis,loading,-0.9708,-0.1411,-0.0494,-0.6104,0.9155,0.3052,t008,FJTB
2531875117,5014770,3,pelvis,loading,-0.9708,-0.1434,-0.0505,0.0610,0.5493,0.1221,t008,FJTB
2531875119,5014786,3,pelvis,loading,-0.9718,-0.1438,-0.0480,-0.1831,0.2441,0.0610,t008,FJTB
2531875155,5014802,3,pelvis,loading,-0.9722,-0.1447,-0.0490,-0.4272,0.0610,0.0000,t008,FJTB
2531875155,5014818,3,pelvis,loading,-0.9731,-0.1454,-0.0497,-0.6104,-0.3662,-0.2441,t008,FJTB
2531875156,5014834,3,pelvis,loading,-0.9751,-0.1454,-0.0454,-0.6104,-0.4272,-0.3052,t008,FJTB
2531875189,5014851,3,pelvis,loading,-0.9747,-0.1428,-0.0421,-0.7935,-0.6104,-0.3662,t008,FJTB
2531875190,5014867,3,pelvis,loading,-0.9742,-0.1416,-0.0409,-0.9766,-0.6104,-0.3662,t008,FJTB
2531875229,5014883,3,pelvis,loading,-0.9746,-0.1420,-0.0409,-0.7324,-0.5493,-0.3662,t008,FJTB
2531875229,5014899,3,pelvis,loading,-0.9760,-0.1423,-0.0419,-0.3662,-0.4883,-0.3662,t008,FJTB
2531875263,5014916,3,pelvis,loading,-0.9775,-0.1426,-0.0416,-0.3662,-0.4272,-0.2441,t008,FJTB
2531875264,5014932,3,pelvis,loading,-0.9781,-0.1423,-0.0370,-0.4272,-0.2441,-0.1221,t008,FJTB
2531875304,5014948,3,pelvis,loading,-0.9772,-0.1427,-0.0366,-0.5493,0.3052,-0.1221,t008,FJTB
2531875304,5014965,3,pelvis,loading,-0.9757,-0.1442,-0.0355,-0.4883,0.4272,-0.1221,t008,FJTB
2531875305,5014981,3,pelvis,loading,-0.9772,-0.1437,-0.0352,-0.6104,0.5493,0.0000,t008,FJTB
2531875340,5014997,3,pelvis,loading,-0.9771,-0.1423,-0.0347,-0.4883,0.9766,0.0610,t008,FJTB
2531875341,5015013,3,pelvis,loading,-0.9751,-0.1420,-0.0377,-0.4883,1.2207,0.0610,t008,FJTB
2531875376,5015029,3,pelvis,loading,-0.9744,-0.1432,-0.0391,-0.3052,1.1597,0.2441,t008,FJTB
2531875384,5015046,3,pelvis,loading,-0.9757,-0.1442,-0.0426,-0.3052,1.0376,0.3052,t008,FJTB
2531875385,5015062,3,pelvis,loading,-0.9775,-0.1434,-0.0430,-0.4272,1.3428,0.1831,t008,FJTB
2531875423,5015078,3,pelvis,loading,-0.9764,-0.1432,-0.0414,-0.4883,1.5259,-0.1831,t008,FJTB
2531875424,5015094,3,pelvis,loading,-0.9744,-0.1445,-0.0402,-0.3662,1.4648,-0.1221,t008,FJTB
2531875466,5015110,3,pelvis,loading,-0.9740,-0.1431,-0.0409,-0.3052,1.0986,0.1221,t008,FJTB
2531875467,5015126,3,pelvis,loading,-0.9730,-0.1396,-0.0449,-0.3662,0.9766,0.0610,t008,FJTB
2531875467,5015143,3,pelvis,loading,-0.9727,-0.1401,-0.0442,-0.1831,0.7935,-0.1221,t008,FJTB
2531875504,5015159,3,pelvis,loading,-0.9730,-0.1420,-0.0428,0.3052,0.6714,-0.0610,t008,FJTB
2531875505,5015175,3,pelvis,loading,-0.9739,-0.1438,-0.0415,0.3052,0.6714,0.0000,t008,FJTB
2531875549,5015191,3,pelvis,loading,-0.9753,-0.1431,-0.0389,0.3052,0.7935,0.0610,t008,FJTB
2531875550,5015207,3,pelvis,loading,-0.9763,-0.1422,-0.0344,0.4883,0.8545,0.0610,t008,FJTB
2531875550,5015223,3,pelvis,loading,-0.9771,-0.1436,-0.0347,0.3662,1.2207,-0.1221,t008,FJTB
2531875592,5015239,3,pelvis,loading,-0.9769,-0.1443,-0.0364,-0.2441,1.2817,-0.1221,t008,FJTB
2531875593,5015255,3,pelvis,loading,-0.9752,-0.1428,-0.0392,-0.4272,1.1597,0.0000,t008,FJTB
2531875593,5015271,3,pelvis,loading,-0.9740,-0.1439,-0.0405,-0.4272,0.8545,0.1831,t008,FJTB
2531875637,5015287,3,pelvis,loading,-0.9717,-0.1420,-0.0413,-0.2441,0.6714,0.2441,t008,FJTB
2531875638,5015304,3,pelvis,loading,-0.9745,-0.1400,-0.0443,-0.0610,0.4272,0.0610,t008,FJTB
2531875678,5015320,3,pelvis,loading,-0.9747,-0.1381,-0.0446,0.1221,0.3052,-0.1221,t008,FJTB
2531875680,5015336,3,pelvis,loading,-0.9718,-0.1376,-0.0470,0.1221,0.3052,-0.2441,t008,FJTB
2531875680,5015352,3,pelvis,loading,-0.9722,-0.1384,-0.0476,0.5493,-0.2441,-0.4272,t008,FJTB
2531875726,5015368,3,pelvis,loading,-0.9777,-0.1390,-0.0466,0.6714,-0.4272,-0.5493,t008,FJTB
2531875727,5015384,3,pelvis,loading,-0.9775,-0.1414,-0.0457,0.2441,-0.7935,-0.6104,t008,FJTB
2531875727,5015401,3,pelvis,loading,-0.9762,-0.1411,-0.0457,-0.1221,-1.0376,-0.4272,t008,FJTB
2531875771,5015417,3,pelvis,loading,-0.9750,-0.1404,-0.0419,-0.3662,-0.9766,-0.4272,t008,FJTB
2531875772,5015433,3,pelvis,loading,-0.9736,-0.1356,-0.0391,-0.4883,-0.7324,-0.4272,t008,FJTB
2531875772,5015449,3,pelvis,loading,-0.9738,-0.1361,-0.0392,-0.3052,-0.6714,-0.5493,t008,FJTB
2531875815,5015465,3,pelvis,loading,-0.9744,-0.1393,-0.0367,-0.2441,-0.7935,-0.5493,t008,FJTB
2531875816,5015482,3,pelvis,loading,-0.9751,-0.1403,-0.0367,0.0000,-1.2817,-0.3662,t008,FJTB
2531875855,5015498,3,pelvis,loading,-0.9769,-0.1389,-0.0388,0.1831,-1.2817,-0.4272,t008,FJTB
2531875856,5015514,3,pelvis,loading,-0.9779,-0.1403,-0.0354,-0.2441,-1.0986,-0.4883,t008,FJTB
2531875857,5015530,3,pelvis,loading,-0.9790,-0.1399,-0.0319,-0.9766,-0.9155,-0.2441,t008,FJTB
2531875902,5015547,3,pelvis,loading,-0.9807,-0.1365,-0.0289,-1.0376,-0.6104,-0.1831,t008,FJTB
2531875902,5015563,3,pelvis,loading,-0.9822,-0.1376,-0.0255,-0.6104,0.0610,-0.1831,t008,FJTB
2531875902,5015579,3,pelvis,loading,-0.9868,-0.1425,-0.0242,-0.3052,0.4883,-0.1221,t008,FJTB
2531875944,5015595,3,pelvis,loading,-0.9807,-0.1385,-0.0234,0.4883,1.3428,0.0610,t008,FJTB
2531875944,5015611,3,pelvis,loading,-0.9786,-0.1384,-0.0256,0.4272,2.3193,0.0000,t008,FJTB
2531875987,5015627,3,pelvis,loading,-0.9821,-0.1487,-0.0273,0.7324,2.5635,0.0000,t008,FJTB
2531875987,5015643,3,pelvis,loading,-0.9833,-0.1523,-0.0289,0.7324,3.4180,0.2441,t008,FJTB
2531875988,5015659,3,pelvis,loading,-0.9799,-0.1528,-0.0306,0.1831,4.0894,0.4272,t008,FJTB
2531876029,5015675,3,pelvis,loading,-0.9810,-0.1536,-0.0316,-0.1831,4.8218,0.7324,t008,FJTB
2531876031,5015691,3,pelvis,loading,-0.9812,-0.1522,-0.0284,0.1221,5.5542,0.7324,t008,FJTB
2531876031,5015707,3,pelvis,loading,-0.9766,-0.1482,-0.0260,0.0000,6.2256,0.4883,t008,FJTB
2531876074,5015723,3,pelvis,loading,-0.9764,-0.1475,-0.0315,-1.4038,7.7515,0.0000,t008,FJTB
2531876075,5015739,3,pelvis,loading,-0.9760,-0.1489,-0.0358,-1.7700,8.2397,-0.0610,t008,FJTB
2531876090,5015755,3,pelvis,loading,-0.9738,-0.1460,-0.0366,-2.0142,8.9111,0.1221,t008,FJTB
2531876114,5015772,3,pelvis,loading,-0.9728,-0.1450,-0.0397,-2.0752,8.6670,0.2441,t008,FJTB
2531876116,5015787,3,pelvis,loading,-0.9742,-0.1425,-0.0347,-1.8921,8.3618,0.1831,t008,FJTB
2531876160,5015804,3,pelvis,loading,-0.9734,-0.1403,-0.0322,-2.5024,8.4839,-0.3052,t008,FJTB
2531876160,5015820,3,pelvis,loading,-0.9707,-0.1378,-0.0343,-3.5400,8.7891,-0.4883,t008,FJTB
2531876161,5015836,3,pelvis,loading,-0.9679,-0.1344,-0.0327,-5.3101,8.8501,-0.4272,t008,FJTB
2531876201,5015852,3,pelvis,loading,-0.9669,-0.1360,-0.0305,-5.8594,7.6904,-0.3662,t008,FJTB
2531876203,5015869,3,pelvis,loading,-0.9712,-0.1415,-0.0309,-6.0425,7.2632,-0.3662,t008,FJTB
2531876247,5015885,3,pelvis,loading,-0.9739,-0.1412,-0.0261,-6.8970,6.9580,-0.4272,t008,FJTB
2531876247,5015901,3,pelvis,loading,-0.9741,-0.1406,-0.0227,-8.4229,6.4697,-0.6104,t008,FJTB
2531876248,5015917,3,pelvis,loading,-0.9745,-0.1350,-0.0189,-8.9722,6.1035,-0.9766,t008,FJTB
2531876289,5015933,3,pelvis,loading,-0.9730,-0.1332,-0.0177,-9.8267,5.0659,-1.7700,t008,FJTB
2531876290,5015950,3,pelvis,loading,-0.9724,-0.1343,-0.0175,-10.1929,4.3945,-1.9531,t008,FJTB
2531876290,5015966,3,pelvis,loading,-0.9702,-0.1373,-0.0134,-11.0474,2.9907,-1.9531,t008,FJTB
2531876335,5015982,3,pelvis,loading,-0.9718,-0.1401,-0.0061,-10.6812,2.5024,-2.3193,t008,FJTB
2531876336,5015998,3,pelvis,loading,-0.9810,-0.1334,-0.0100,-10.6812,3.1128,-2.6855,t008,FJTB
2531876336,5016014,3,pelvis,loading,-0.9796,-0.1198,-0.0270,-11.4136,3.7231,-3.4790,t008,FJTB
2531876378,5016031,3,pelvis,loading,-0.9606,-0.1022,-0.0531,-10.8643,2.9907,-3.8452,t008,FJTB
2531876379,5016047,3,pelvis,loading,-0.9553,-0.1077,-0.0558,-8.1177,-0.2441,-4.0894,t008,FJTB
2531876424,5016063,3,pelvis,loading,-0.9628,-0.1151,-0.0482,-8.9722,-4.6997,-3.3569,t008,FJTB
2531876425,5016079,3,pelvis,loading,-0.9717,-0.1283,-0.0396,-11.2305,-6.5308,-2.4414,t008,FJTB
2531876425,5016096,3,pelvis,loading,-0.9718,-0.1346,-0.0332,-15.9302,-9.0332,-0.5493,t008,FJTB
2531876468,5016112,3,pelvis,loading,-0.9725,-0.1349,-0.0250,-18.9819,-10.3149,0.8545,t008,FJTB
2531876470,5016128,3,pelvis,loading,-0.9784,-0.1290,0.0038,-19.8975,-10.4980,1.2817,t008,FJTB
2531876470,5016145,3,pelvis,loading,-0.9795,-0.1289,0.0177,-22.0947,-9.3994,0.9155,t008,FJTB
2531876518,5016161,3,pelvis,loading,-0.9771,-0.1322,0.0319,-23.3765,-8.4839,0.4272,t008,FJTB
2531876519,5016177,3,pelvis,loading,-0.9790,-0.1360,0.0402,-24.5361,-6.9580,0.1221,t008,FJTB
2531876519,5016193,3,pelvis,loading,-0.9802,-0.1317,0.0494,-21.4844,-5.6763,0.4272,t008,FJTB
2531876566,5016209,3,pelvis,loading,-0.9833,-0.1198,0.0515,-18.1885,-5.1270,0.1221,t008,FJTB
2531876566,5016225,3,pelvis,loading,-0.9875,-0.1189,0.0492,-10.6201,-4.4556,-0.7935,t008,FJTB
2531876567,5016241,3,pelvis,loading,-0.9912,-0.1251,0.0503,-7.8125,-4.0283,-0.9155,t008,FJTB
2531876615,5016258,3,pelvis,loading,-0.9913,-0.1364,0.0511,-5.0049,-3.0518,-0.8545,t008,FJTB
2531876615,5016274,3,pelvis,loading,-0.9907,-0.1439,0.0477,-4.7607,-1.9531,-0.9766,t008,FJTB
2531876615,5016290,3,pelvis,loading,-0.9874,-0.1472,0.0333,-5.5542,-1.7090,-0.8545,t008,FJTB
2531876661,5016306,3,pelvis,loading,-0.9847,-0.1434,0.0250,-8.4229,-1.0986,-0.2441,t008,FJTB
2531876663,5016322,3,pelvis,loading,-0.9789,-0.1371,0.0065,-9.4604,-0.7935,-0.0610,t008,FJTB
2531876663,5016339,3,pelvis,loading,-0.9751,-0.1312,-0.0026,-10.0708,-0.6714,0.0610,t008,FJTB
2531876712,5016355,3,pelvis,loading,-0.9731,-0.1266,-0.0020,-9.7656,-0.7324,0.1831,t008,FJTB
2531876713,5016371,3,pelvis,loading,-0.9716,-0.1151,0.0006,-9.2163,-0.9766,0.0610,t008,FJTB
2531876713,5016387,3,pelvis,loading,-0.9728,-0.1096,-0.0010,-7.4463,-1.7700,-0.1221,t008,FJTB
2531876760,5016403,3,pelvis,loading,-0.9768,-0.1053,-0.0034,-4.6997,-2.0142,-0.3052,t008,FJTB
2531876761,5016420,3,pelvis,loading,-0.9812,-0.1050,-0.0001,-3.4790,-1.8921,-0.3662,t008,FJTB
2531876761,5016436,3,pelvis,loading,-0.9827,-0.1063,0.0015,-2.0752,-1.1597,-0.1221,t008,FJTB
2531876810,5016452,3,pelvis,loading,-0.9801,-0.1198,0.0068,-1.5259,-0.7324,0.1221,t008,FJTB
2531876810,5016468,3,pelvis,loading,-0.9827,-0.1401,0.0126,0.0610,0.3662,0.1221,t008,FJTB
2531876811,5016484,3,pelvis,loading,-0.9847,-0.1427,0.0061,0.9155,1.2817,-0.7324,t008,FJTB
2531876858,5016500,3,pelvis,loading,-0.9803,-0.1262,-0.0021,0.5493,1.5259,-0.9766,t008,FJTB
2531876859,5016516,3,pelvis,loading,-0.9739,-0.1198,-0.0026,1.5869,1.5259,-1.0986,t008,FJTB
2531876859,5016532,3,pelvis,loading,-0.9695,-0.1311,-0.0133,3.1128,0.9155,-1.1597,t008,FJTB
2531876910,5016548,3,pelvis,loading,-0.9805,-0.1516,-0.0101,5.1270,-0.3662,-1.0986,t008,FJTB
2531876911,5016564,3,pelvis,loading,-0.9827,-0.1542,-0.0039,4.0894,0.4272,-1.2207,t008,FJTB
2531876911,5016580,3,pelvis,loading,-0.9824,-0.1464,-0.0042,3.0518,0.7935,-1.4648,t008,FJTB
2531876959,5016596,3,pelvis,loading,-0.9832,-0.1389,-0.0042,1.4648,1.4038,-1.5869,t008,FJTB
2531876960,5016612,3,pelvis,loading,-0.9811,-0.1274,-0.0029,1.4648,1.8921,-1.6479,t008,FJTB
2531876960,5016629,3,pelvis,loading,-0.9792,-0.1232,-0.0011,2.3804,2.8687,-1.8311,t008,FJTB
2531877011,5016645,3,pelvis,loading,-0.9772,-0.1206,-0.0004,2.5635,3.4180,-1.6479,t008,FJTB
2531877012,5016661,3,pelvis,loading,-0.9712,-0.1071,0.0021,2.6855,3.5400,-1.6479,t008,FJTB
2531877012,5016677,3,pelvis,loading,-0.9684,-0.0981,0.0018,3.4790,3.4180,-2.1973,t008,FJTB
2531877044,5016693,3,pelvis,loading,-0.9688,-0.0945,-0.0048,4.5166,2.9297,-2.6245,t008,FJTB
2531877060,5016709,3,pelvis,loading,-0.9706,-0.1172,-0.0275,7.2021,1.2817,-2.6245,t008,FJTB
2531877061,5016725,3,pelvis,loading,-0.9749,-0.1316,-0.0356,7.7515,-0.4883,-1.5869,t008,FJTB
2531877063,5016741,3,pelvis,loading,-0.9829,-0.1512,-0.0291,6.7139,-0.9155,-0.7324,t008,FJTB
2531877113,5016758,3,pelvis,loading,-0.9807,-0.1537,-0.0151,2.9297,-0.7324,0.4272,t008,FJTB
2531877114,5016774,3,pelvis,loading,-0.9796,-0.1527,0.0238,1.2817,-0.1831,0.4272,t008,FJTB
2531877114,5016790,3,pelvis,loading,-0.9913,-0.1591,0.0449,0.2441,2.2583,-0.7935,t008,FJTB
2531877164,5016806,3,pelvis,loading,-0.9915,-0.1554,0.0375,0.7935,4.8218,-2.5024,t008,FJTB
2531877165,5016822,3,pelvis,loading,-0.9805,-0.1233,0.0214,0.7935,5.3711,-2.8687,t008,FJTB
2531877165,5016838,3,pelvis,loading,-0.9746,-0.1093,0.0162,2.0752,5.4321,-3.1128,t008,FJTB
2531877213,5016854,3,pelvis,loading,-0.9694,-0.0992,0.0118,3.6011,5.0049,-3.2349,t008,FJTB
2531877220,5016870,3,pelvis,loading,-0.9696,-0.1049,0.0200,7.0190,3.8452,-3.6011,t008,FJTB
2531877221,5016886,3,pelvis,loading,-0.9729,-0.1084,0.0254,9.4604,3.1128,-3.6011,t008,FJTB
2531877222,5016902,3,pelvis,loading,-0.9774,-0.1163,0.0404,9.5825,3.2959,-3.2959,t008,FJTB
2531877273,5016918,3,pelvis,loading,-0.9775,-0.1210,0.0544,8.3618,4.8828,-2.2583,t008,FJTB
2531877274,5016934,3,pelvis,loading,-0.9796,-0.1339,0.0936,7.3853,6.2866,-1.8921,t008,FJTB
2531877275,5016950,3,pelvis,loading,-0.9832,-0.1420,0.1169,4.6997,9.7656,-1.8311,t008,FJTB
2531877328,5016966,3,pelvis,loading,-0.9896,-0.1567,0.1547,1.2207,13.7939,-2.0752,t008,FJTB
2531877329,5016982,3,pelvis,loading,-0.9828,-0.1556,0.1864,-0.2441,16.1743,-2.0752,t008,FJTB
2531877329,5016998,3,pelvis,loading,-0.9751,-0.1506,0.2061,-2.1973,22.3389,-2.0752,t008,FJTB
2531877380,5017014,3,pelvis,loading,-0.9684,-0.1504,0.2662,-3.1128,26.1230,-2.0752,t008,FJTB
2531877382,5017030,3,pelvis,loading,-0.9675,-0.1525,0.3041,-5.7373,35.5225,-2.1973,t008,FJTB
2531877383,5017046,3,pelvis,loading,-0.9554,-0.1504,0.3674,-7.4463,40.6494,-2.5024,t008,FJTB
2531877383,5017062,3,pelvis,loading,-0.9318,-0.1362,0.4008,-10.3760,49.0112,-3.7842,t008,FJTB
2531877437,5017078,3,pelvis,loading,-0.9227,-0.1227,0.4061,-11.7798,54.2603,-6.1035,t008,FJTB
2531877437,5017094,3,pelvis,loading,-0.9332,-0.0923,0.3899,-11.6577,56.5186,-7.5073,t008,FJTB
2531877438,5017110,3,pelvis,loading,-0.9508,-0.0813,0.3750,-9.4604,59.9976,-10.7422,t008,FJTB
2531877490,5017126,3,pelvis,loading,-1.0549,-0.0653,0.3596,-7.3242,62.5000,-13.1836,t008,FJTB
2531877490,5017142,3,pelvis,loading,-1.2454,-0.0734,0.3188,0.0000,69.6411,-18.6768,t008,FJTB
2531877491,5017158,3,pelvis,loading,-1.3196,-0.1040,0.2843,11.5967,79.8950,-19.7144,t008,FJTB
2531877550,5017174,3,pelvis,loading,-1.3015,-0.1892,0.1532,15.7471,84.4726,-15.7471,t008,FJTB
2531877550,5017190,3,pelvis,loading,-1.2228,-0.2007,0.0884,10.6812,83.8013,-2.2583,t008,FJTB
2531877550,5017206,3,pelvis,loading,-1.0781,-0.1541,0.0571,2.0142,80.2002,2.6245,t008,FJTB
2531877551,5017222,3,pelvis,loading,-0.9929,-0.0735,0.0134,-17.2729,71.7163,5.5542,t008,FJTB
2531877606,5017238,3,pelvis,loading,-0.9587,-0.0435,0.0133,-29.9072,60.7910,4.2114,t008,FJTB
2531877608,5017254,3,pelvis,loading,-0.9500,-0.0646,0.0309,-32.9590,55.8472,2.9907,t008,FJTB
2531877608,5017270,3,pelvis,loading,-0.9816,-0.0868,0.0198,-33.8745,47.0581,1.0376,t008,FJTB
2531877609,5017285,3,pelvis,loading,-1.0037,-0.0935,0.0022,-34.7290,44.1894,1.5259,t008,FJTB
2531877668,5017302,3,pelvis,loading,-0.9127,-0.0790,0.0367,-42.4805,42.4194,6.2256,t008,FJTB
2531877668,5017318,3,pelvis,loading,-0.8638,-0.0806,0.0602,-53.2837,40.4053,11.5356,t008,FJTB
2531877668,5017334,3,pelvis,loading,-0.8123,-0.0951,0.1041,-57.6782,38.0249,13.3057,t008,FJTB
2531877706,5017350,3,pelvis,loading,-0.8037,-0.0924,0.1230,-63.7207,32.6538,14.2822,t008,FJTB
2531877724,5017366,3,pelvis,loading,-0.8105,-0.0510,0.1680,-65.3076,29.7241,13.4277,t008,FJTB
2531877726,5017381,3,pelvis,loading,-0.8176,-0.0156,0.1949,-64.6362,23.6206,10.3149,t008,FJTB
2531877726,5017398,3,pelvis,loading,-0.8204,0.0677,0.2584,-63.2935,21.0571,8.7891,t008,FJTB
2531877790,5017413,3,pelvis,loading,-0.8124,0.1368,0.3044,-59.4482,17.4561,6.4697,t008,FJTB
2531877791,5017429,3,pelvis,loading,-0.8071,0.1637,0.3408,-49.6826,13.5498,5.0049,t008,FJTB
2531877791,5017445,3,pelvis,loading,-0.8237,0.1730,0.4604,-41.9922,12.2681,4.2114,t008,FJTB
2531877792,5017461,3,pelvis,loading,-0.8376,0.1450,0.5157,-23.2544,11.2305,3.3569,t008,FJTB
2531877851,5017477,3,pelvis,loading,-0.8672,0.0552,0.5823,-13.1836,11.2915,3.1738,t008,FJTB
2531877853,5017493,3,pelvis,loading,-0.8958,-0.0250,0.6465,4.7607,16.1133,2.8076,t008,FJTB
2531877853,5017509,3,pelvis,loading,-0.8929,-0.0560,0.6821,15.0757,28.0762,4.2725,t008,FJTB
2531877854,5017525,3,pelvis,loading,-0.8625,-0.0883,0.7449,15.2588,33.4473,4.5166,t008,FJTB
2531877917,5017541,3,pelvis,loading,-0.8477,-0.1012,0.7594,7.0801,39.6118,2.0142,t008,FJTB
2531877917,5017556,3,pelvis,loading,-0.7876,-0.1031,0.6761,2.2583,40.1001,0.1221,t008,FJTB
2531877918,5017572,3,pelvis,loading,-0.7438,-0.0850,0.5989,-1.6479,32.2876,-2.0142,t008,FJTB
2531877918,5017588,3,pelvis,loading,-0.7101,-0.0370,0.5189,0.0000,25.2075,-2.5635,t008,FJTB
2531877979,5017604,3,pelvis,loading,-0.7479,-0.0453,0.5194,0.9155,19.2871,-3.1128,t008,FJTB
2531877980,5017620,3,pelvis,loading,-0.7485,-0.0564,0.5134,-6.4087,19.5313,-1.3428,t008,FJTB
2531877980,5017636,3,pelvis,loading,-0.7367,-0.0970,0.5223,-10.9253,18.2495,1.2207,t008,FJTB
2531877981,5017652,3,pelvis,loading,-0.7292,-0.1140,0.5260,-20.4468,13.7329,7.1411,t008,FJTB
2531878043,5017668,3,pelvis,loading,-0.7150,-0.1135,0.5039,-25.9399,11.8408,8.7891,t008,FJTB
2531878044,5017684,3,pelvis,loading,-0.6738,-0.0966,0.4816,-35.7056,8.7891,11.9629,t008,FJTB
2531878044,5017700,3,pelvis,loading,-0.6812,-0.0896,0.4875,-38.7573,4.8218,15.8691,t008,FJTB
2531878044,5017716,3,pelvis,loading,-0.7251,-0.0588,0.5192,-38.6963,3.0518,17.4561,t008,FJTB
2531878102,5017732,3,pelvis,loading,-0.7277,-0.0397,0.5297,-37.9028,-0.1831,20.3857,t008,FJTB
2531878105,5017748,3,pelvis,loading,-0.7028,-0.0186,0.5034,-36.7432,-2.4414,22.2168,t008,FJTB
2531878105,5017764,3,pelvis,loading,-0.6876,-0.0197,0.4468,-28.3813,-8.4839,26.3672,t008,FJTB
2531878105,5017781,3,pelvis,loading,-0.6862,-0.0280,0.4229,-12.4512,-15.5029,30.8228,t008,FJTB
2531878165,5017797,3,pelvis,loading,-0.7758,-0.0322,0.4077,-5.5542,-19.7754,32.2266,t008,FJTB
2531878166,5017813,3,pelvis,loading,-0.8975,-0.0121,0.4645,-10.8643,-21.3623,31.6772,t008,FJTB
2531878166,5017829,3,pelvis,loading,-1.3596,0.0819,0.9915,-28.3813,-9.3384,30.5786,t008,FJTB
2531878167,5017845,3,pelvis,loading,-1.8275,0.0206,1.4509,-96.8018,38.5742,36.6821,t008,FJTB
2531878222,5017861,3,pelvis,loading,-1.6450,0.0189,1.1877,-140.8081,20.8130,43.0298,t008,FJTB
2531878222,5017877,3,pelvis,loading,-0.9578,0.2853,0.2274,-111.1450,-7.5684,35.8887,t008,FJTB
2531878222,5017893,3,pelvis,midstance,-0.7504,0.3776,-0.0540,-10.3760,-30.4565,19.8975,t008,FJTB
2531878249,5017909,3,pelvis,midstance,-0.4996,0.2061,-0.2395,31.5552,-28.1372,11.8408,t008,FJTB
2531878292,5017925,3,pelvis,midstance,-0.5115,-0.2321,-0.1476,82.7637,-27.7710,6.5918,t008,FJTB
2531878292,5017941,3,pelvis,midstance,-0.6501,-0.4557,-0.0613,61.4014,-49.3774,29.6020,t008,FJTB
2531878293,5017957,3,pelvis,midstance,-0.9736,-0.5913,0.1051,44.9219,-57.3730,36.9263,t008,FJTB
2531878294,5017973,3,pelvis,midstance,-1.1057,-0.4097,0.2086,31.1890,-55.8472,31.4941,t008,FJTB
2531878355,5017989,3,pelvis,midstance,-1.2050,-0.1818,0.4069,26.2451,-52.3071,26.1230,t008,FJTB
2531878357,5018005,3,pelvis,midstance,-1.0054,-0.2737,0.4539,9.2773,-51.6968,24.7192,t008,FJTB
2531878358,5018021,3,pelvis,midstance,-0.8973,-0.2795,0.4158,-8.9111,-54.5044,26.3672,t008,FJTB
2531878359,5018037,3,pelvis,midstance,-0.7833,-0.1803,0.2726,-13.9770,-55.2978,25.8789,t008,FJTB
2531878423,5018053,3,pelvis,midstance,-0.7695,-0.1567,0.2074,-18.6768,-55.9692,26.1230,t008,FJTB
2531878423,5018070,3,pelvis,midstance,-0.8423,-0.2234,0.1715,-23.3154,-55.2368,27.4048,t008,FJTB
2531878424,5018086,3,pelvis,midstance,-0.9349,-0.2471,0.2421,-31.4941,-50.7202,28.0151,t008,FJTB
2531878424,5018102,3,pelvis,midstance,-0.9589,-0.2272,0.2719,-22.2168,-46.2646,22.4609,t008,FJTB
2531878483,5018118,3,pelvis,midstance,-0.9801,-0.2081,0.2802,-12.4512,-44.9829,19.4092,t008,FJTB
2531878486,5018134,3,pelvis,midstance,-0.9736,-0.1975,0.2699,4.6387,-43.8843,14.8315,t008,FJTB
2531878487,5018150,3,pelvis,midstance,-0.9431,-0.1438,0.2700,9.8267,-44.0063,13.1836,t008,FJTB
2531878548,5018166,3,pelvis,midstance,-0.9243,-0.1140,0.2455,16.4185,-45.5933,11.8408,t008,FJTB
2531878548,5018182,3,pelvis,midstance,-0.9342,-0.1122,0.2253,22.0337,-47.2412,13.0005,t008,FJTB
2531878548,5018198,3,pelvis,midstance,-0.9607,-0.0912,0.1899,24.2920,-47.2412,13.6108,t008,FJTB
2531878549,5018214,3,pelvis,midstance,-0.9620,-0.0789,0.1733,31.0059,-46.5088,14.1602,t008,FJTB
2531878593,5018230,3,pelvis,midstance,-0.9464,-0.1034,0.1421,35.2173,-45.7153,13.4888,t008,FJTB
2531878607,5018246,3,pelvis,midstance,-0.9252,-0.1990,0.1219,38.1470,-41.9922,9.6436,t008,FJTB
2531878607,5018262,3,pelvis,midstance,-0.9231,-0.2578,0.1304,25.3906,-37.2314,6.0425,t008,FJTB
2531878608,5018278,3,pelvis,midstance,-0.9397,-0.3463,0.1685,14.0381,-35.8887,5.6763,t008,FJTB
2531878670,5018294,3,pelvis,midstance,-0.9468,-0.3461,0.1766,-8.6670,-36.2549,7.3242,t008,FJTB
2531878670,5018310,3,pelvis,terminal,-0.9479,-0.2255,0.1807,-16.2354,-36.8042,8.4839,t008,FJTB
2531878671,5018326,3,pelvis,terminal,-0.9456,-0.1482,0.1838,-16.9067,-37.1094,9.0332,t008,FJTB
2531878671,5018342,3,pelvis,terminal,-0.9437,-0.0776,0.1654,-11.0474,-37.3535,8.4839,t008,FJTB
2531878729,5018358,3,pelvis,terminal,-0.9509,-0.0808,0.1476,3.2959,-38.8794,6.9580,t008,FJTB
2531878730,5018374,3,pelvis,terminal,-0.9572,-0.0858,0.1281,15.5029,-41.8091,4.6997,t008,FJTB
2531878731,5018390,3,pelvis,terminal,-0.9674,-0.1002,0.0664,21.0571,-44.4336,2.9297,t008,FJTB
2531878731,5018406,3,pelvis,terminal,-0.9553,-0.1010,0.0399,31.2500,-49.6826,-0.8545,t008,FJTB
2531878793,5018422,3,pelvis,terminal,-0.9500,-0.0955,0.0302,35.8887,-51.3916,-2.3193,t008,FJTB
2531878793,5018438,3,pelvis,terminal,-0.9601,-0.1252,0.0480,41.6260,-53.8330,-4.0283,t008,FJTB
2531878794,5018454,3,pelvis,terminal,-0.9447,-0.1559,0.0514,45.1050,-57.0679,-3.2349,t008,FJTB
2531878833,5018470,3,pelvis,terminal,-0.9225,-0.2172,0.0587,47.3022,-58.9600,-2.7466,t008,FJTB
2531878851,5018486,3,pelvis,terminal,-0.9307,-0.2472,0.0640,51.2695,-62.4390,-0.9155,t008,FJTB
2531878853,5018502,3,pelvis,terminal,-0.9507,-0.2686,0.1014,51.5137,-62.9883,1.0376,t008,FJTB
2531878854,5018518,3,pelvis,terminal,-0.9200,-0.2440,0.1486,49.4385,-59.9365,3.8452,t008,FJTB
2531878855,5018534,3,pelvis,terminal,-0.9095,-0.2437,0.1584,50.4150,-53.4668,2.6855,t008,FJTB
2531878916,5018550,3,pelvis,terminal,-0.9465,-0.2657,0.2181,51.3916,-49.8657,1.4648,t008,FJTB
2531878917,5018566,3,pelvis,terminal,-0.9554,-0.2838,0.2598,51.3306,-39.5508,0.4883,t008,FJTB
2531878917,5018582,3,pelvis,terminal,-0.9351,-0.3073,0.2324,53.2227,-35.3394,0.1221,t008,FJTB
2531878974,5018598,3,pelvis,terminal,-0.9274,-0.2659,0.1096,65.3076,-33.0200,-2.6245,t008,FJTB
2531878976,5018614,3,pelvis,terminal,-0.9188,-0.2461,0.0481,78.9795,-35.5835,-6.2866,t008,FJTB
2531878976,5018630,3,pelvis,terminal,-0.9231,-0.2644,-0.0487,82.1533,-38.1470,-7.0190,t008,FJTB
2531878976,5018646,3,pelvis,terminal,-0.9470,-0.2957,-0.0787,79.2847,-43.3960,-6.3477,t008,FJTB
2531879038,5018662,3,pelvis,terminal,-1.0420,-0.3700,-0.0662,74.7681,-44.5557,-6.0425,t008,FJTB
2531879038,5018678,3,pelvis,terminal,-1.2168,-0.4604,0.0464,64.6362,-40.8936,-7.8125,t008,FJTB
2531879039,5018694,3,pelvis,terminal,-1.3425,-0.4889,0.1338,51.2085,-27.0386,-11.4136,t008,FJTB
2531879062,5018711,3,pelvis,terminal,-1.4958,-0.4313,0.3687,42.2363,-14.7095,-12.6953,t008,FJTB
2531879096,5018727,3,pelvis,terminal,-1.4557,-0.3479,0.4631,22.3389,17.7002,-14.8315,t008,FJTB
2531879097,5018743,3,pelvis,swing,-1.3293,-0.0841,0.6156,13.0615,34.1797,-16.9678,t008,FJTB
2531879097,5018759,3,pelvis,swing,-1.2180,0.2201,0.6361,-3.7231,66.8335,-25.6958,t008,FJTB
2531879097,5018775,3,pelvis,swing,-1.1538,0.3127,0.5659,-2.1362,93.2617,-36.9263,t008,FJTB
2531879166,5018791,3,pelvis,swing,-1.0168,0.2919,0.3973,10.3149,103.5767,-39.9780,t008,FJTB
2531879166,5018806,3,pelvis,swing,-0.9794,0.1594,0.2422,51.7578,117.2485,-36.4990,t008,FJTB
2531879166,5018822,3,pelvis,swing,-1.0829,-0.1117,-0.0499,72.7539,117.4927,-30.2124,t008,FJTB
2531879167,5018839,3,pelvis,swing,-1.3976,-0.2084,-0.2526,101.4404,115.4785,-14.4653,t008,FJTB
2531879228,5018855,3,pelvis,swing,-1.5100,-0.2240,-0.3500,95.5810,121.6431,4.4556,t008,FJTB
2531879229,5018871,3,pelvis,swing,-1.4545,-0.2358,-0.3804,76.3550,127.8686,13.5498,t008,FJTB
2531879231,5018887,3,pelvis,swing,-1.3589,-0.2333,-0.3177,20.3247,145.6299,25.5737,t008,FJTB
2531879231,5018903,3,pelvis,swing,-1.1422,-0.1533,-0.2770,-3.7231,151.6724,25.0854,t008,FJTB
2531879292,5018919,3,pelvis,swing,-1.0348,-0.0925,-0.2472,-29.1748,143.4326,9.2163,t008,FJTB
2531879293,5018935,3,pelvis,swing,-0.9724,-0.0806,-0.1241,-32.1045,136.1084,0.9766,t008,FJTB
2531879293,5018951,3,pelvis,swing,-0.9540,-0.1039,-0.1025,-29.8462,124.8169,-5.7373,t008,FJTB
2531879350,5018967,3,pelvis,swing,-0.9432,-0.0917,-0.1246,-25.2075,107.7881,-3.0518,t008,FJTB
2531879353,5018983,3,pelvis,swing,-0.9287,-0.0771,-0.1503,-26.4893,100.8301,1.3428,t008,FJTB
2531879353,5019000,3,pelvis,swing,-0.8916,-0.0442,-0.1464,-38.6353,94.0552,12.0239,t008,FJTB
2531879383,5019016,3,pelvis,swing,-0.8754,-0.0481,-0.1517,-53.6499,87.4634,18.9819,t008,FJTB
2531879417,5019032,3,pelvis,swing,-0.8473,-0.0577,-0.1487,-62.0728,83.2519,19.9585,t008,FJTB
2531879417,5019048,3,pelvis,swing,-0.8232,-0.0404,-0.1256,-67.7490,74.9512,15.6250,t008,FJTB
2531879418,5019064,3,pelvis,swing,-0.7622,-0.0132,-0.0476,-61.0962,69.7632,11.9019,t008,FJTB
2531879418,5019080,3,pelvis,swing,-0.7142,-0.0382,0.0284,-41.3818,53.8940,8.5449,t008,FJTB
2531879478,5019096,3,pelvis,swing,-0.7010,-0.0642,0.0455,-23.9868,34.5459,11.6577,t008,FJTB
2531879480,5019112,3,pelvis,swing,-0.7001,-0.1119,0.0906,-14.9536,24.7803,13.6719,t008,FJTB
2531879481,5019128,3,pelvis,swing,-0.6984,-0.1038,0.1228,-1.5259,9.4604,15.3198,t008,FJTB
2531879481,5019144,3,pelvis,swing,-0.6846,-0.0537,0.1870,0.4272,4.6997,14.3433,t008,FJTB
2531879482,5019160,3,pelvis,swing,-0.6876,-0.0369,0.2294,-1.4038,0.4883,11.7798,t008,FJTB
2531879544,5019176,3,pelvis,swing,-0.7125,-0.0662,0.3558,-1.7700,0.9766,10.1318,t008,FJTB
2531879545,5019192,3,pelvis,swing,-0.7296,-0.1453,0.4536,3.1738,3.0518,5.1270,t008,FJTB
2531879546,5019208,3,pelvis,swing,-0.7335,-0.1542,0.4772,14.4043,-0.1221,2.5024,t008,FJTB
2531879546,5019224,3,pelvis,swing,-0.7465,-0.0696,0.5363,18.4326,-4.3945,2.1973,t008,FJTB
2531879604,5019240,3,pelvis,swing,-0.7859,-0.0476,0.6265,17.0288,-4.4556,2.8076,t008,FJTB
2531879605,5019256,3,pelvis,loading,-0.8870,-0.0995,0.8279,11.2915,2.9297,5.1880,t008,FJTB
2531879608,5019271,3,pelvis,loading,-0.9067,-0.1750,0.9301,-1.0376,10.8032,11.5967,t008,FJTB
2531879608,5019287,3,pelvis,loading,-0.8701,-0.1896,0.9331,4.5166,3.9673,13.6719,t008,FJTB
2531879668,5019303,3,pelvis,loading,-0.8745,-0.1713,0.8885,7.7515,3.7842,13.3667,t008,FJTB
2531879669,5019319,3,pelvis,loading,-0.8916,-0.1810,0.8584,-2.3804,14.7095,13.0005,t008,FJTB
2531879670,5019335,3,pelvis,loading,-0.8961,-0.2522,0.7972,-12.2681,21.4844,13.1226,t008,FJTB
2531879716,5019352,3,pelvis,loading,-0.8595,-0.2805,0.7394,-28.9307,30.5176,15.0146,t008,FJTB
2531879727,5019368,3,pelvis,loading,-0.8209,-0.2767,0.6943,-40.1001,28.9307,19.0430,t008,FJTB
2531879729,5019384,3,pelvis,loading,-0.7666,-0.2601,0.5854,-45.6543,24.0478,21.4844,t008,FJTB
2531879729,5019400,3,pelvis,loading,-0.7660,-0.2482,0.5350,-55.7861,16.2964,25.7568,t008,FJTB
2531879791,5019416,3,pelvis,loading,-0.7936,-0.2303,0.5201,-59.6924,16.7847,27.9541,t008,FJTB
2531879791,5019432,3,pelvis,loading,-0.7521,-0.2366,0.3683,-70.3125,30.3345,29.7852,t008,FJTB
2531879791,5019448,3,pelvis,loading,-0.7374,-0.2247,0.2102,-100.0976,11.3525,30.7007,t008,FJTB
2531879792,5019464,3,pelvis,loading,-1.2252,-0.1783,0.5349,-117.8589,-2.1973,29.1138,t008,FJTB
2531879852,5019480,3,pelvis,loading,-1.5614,-0.2147,0.8254,-162.1704,12.9395,29.6020,t008,FJTB
2531879852,5019496,3,pelvis,loading,-1.3483,-0.1584,0.5364,-183.9599,12.8784,39.9170,t008,FJTB
2531879852,5019512,3,pelvis,loading,-0.9391,0.3678,-0.1040,-160.7666,-34.1187,47.3022,t008,FJTB
2531879853,5019528,3,pelvis,loading,-0.8489,0.5188,-0.2834,-63.9038,-51.0254,36.7432,t008,FJTB
2531879913,5019544,3,pelvis,loading,-0.5801,0.3735,-0.3011,-6.4087,-44.4336,29.1138,t008,FJTB
2531879914,5019560,3,pelvis,loading,-0.5924,0.1541,-0.2422,65.9180,-47.2412,24.8413,t008,FJTB
2531879914,5019576,3,pelvis,loading,-0.9199,-0.2485,-0.0380,72.5098,-56.3354,27.8320,t008,FJTB
2531879914,5019592,3,pelvis,loading,-1.1731,-0.3429,0.1874,80.3223,-61.2793,28.3813,t008,FJTB
2531879969,5019608,3,pelvis,loading,-1.1885,-0.3179,0.2360,80.5664,-51.4526,22.6440,t008,FJTB
2531879971,5019624,3,pelvis,loading,-1.0396,-0.4456,0.2781,68.0542,-48.6450,20.2637,t008,FJTB
2531879972,5019640,3,pelvis,loading,-0.9567,-0.5009,0.2936,25.3906,-49.0723,21.4233,t008,FJTB
2531880038,5019656,3,pelvis,loading,-0.8215,-0.3323,0.3263,5.0049,-49.9878,21.7285,t008,FJTB
2531880039,5019672,3,pelvis,loading,-0.7719,-0.2125,0.3298,-11.5356,-50.5371,16.1133,t008,FJTB
2531880101,5019688,3,pelvis,loading,-0.7479,-0.1545,0.2882,-10.0098,-51.2695,13.5498,t008,FJTB
2531880102,5019704,3,pelvis,midstance,-0.8390,-0.2104,0.2703,-5.7373,-53.3447,15.9302,t008,FJTB
2531880102,5019720,3,pelvis,midstance,-0.8987,-0.2148,0.2903,0.6104,-53.1006,19.8364,t008,FJTB
2531880102,5019736,3,pelvis,midstance,-0.9689,-0.1937,0.3065,7.6904,-51.9409,19.5923,t008,FJTB
2531880103,5019752,3,pelvis,midstance,-0.9813,-0.1863,0.2866,25.3296,-50.2930,16.5405,t008,FJTB
2531880103,5019768,3,pelvis,midstance,-0.9685,-0.1378,0.2301,32.0435,-50.3540,14.8926,t008,FJTB
2531880105,5019784,3,pelvis,midstance,-0.9166,-0.1190,0.2063,42.7856,-51.2695,9.5215,t008,FJTB
2531880169,5019799,3,pelvis,midstance,-0.8911,-0.1257,0.2000,49.9268,-51.7578,3.7842,t008,FJTB
2531880169,5019815,3,pelvis,midstance,-0.8877,-0.1802,0.1530,51.8188,-52.9175,1.1597,t008,FJTB
2531880170,5019831,3,pelvis,midstance,-0.9130,-0.2145,0.1366,52.7344,-58.1055,-0.7324,t008,FJTB
2531880170,5019848,3,pelvis,midstance,-0.9634,-0.2495,0.1395,49.6826,-60.0586,-0.4272,t008,FJTB
2531880229,5019864,3,pelvis,midstance,-0.9629,-0.2653,0.1553,35.5835,-60.3027,0.9766,t008,FJTB
2531880231,5019880,3,pelvis,midstance,-0.9484,-0.2676,0.1562,17.0898,-57.0068,2.3804,t008,FJTB
2531880232,5019896,3,pelvis,midstance,-0.9252,-0.2494,0.1660,9.5215,-55.9692,2.9297,t008,FJTB
2531880232,5019911,3,pelvis,midstance,-0.9229,-0.2349,0.1726,0.4272,-57.1899,4.0283,t008,FJTB
2531880290,5019927,3,pelvis,midstance,-0.9308,-0.1896,0.1718,-1.1597,-58.7769,4.8828,t008,FJTB
2531880290,5019943,3,pelvis,midstance,-0.9347,-0.1519,0.1737,3.5400,-61.8896,6.1646,t008,FJTB
2531880290,5019959,3,pelvis,midstance,-0.9250,-0.1082,0.1833,10.2539,-63.6597,6.0425,t008,FJTB
2531880346,5019975,3,pelvis,midstance,-0.9122,-0.1281,0.1628,28.5645,-69.3359,5.1270,t008,FJTB
2531880347,5019991,3,pelvis,midstance,-0.9080,-0.1497,0.1456,43.6401,-77.6978,2.9907,t008,FJTB
2531880348,5020007,3,pelvis,midstance,-0.8995,-0.2068,0.1371,48.5229,-81.5430,1.8921,t008,FJTB
2531880349,5020023,3,pelvis,midstance,-0.9010,-0.2480,0.1379,52.8564,-83.9233,0.7935,t008,FJTB
2531880409,5020039,3,pelvis,midstance,-0.9286,-0.3269,0.1327,52.0019,-81.3599,1.3428,t008,FJTB
2531880410,5020055,3,pelvis,midstance,-0.9618,-0.2715,0.1034,43.8232,-68.3594,4.3945,t008,FJTB
2531880411,5020071,3,pelvis,midstance,-0.9685,-0.2145,0.1005,36.9263,-52.7344,5.3711,t008,FJTB
2531880411,5020087,3,pelvis,midstance,-0.9644,-0.1871,0.0804,38.9404,-47.1802,4.6997,t008,FJTB
2531880468,5020103,3,pelvis,terminal,-0.9583,-0.2029,0.0520,49.0723,-40.7104,4.3335,t008,FJTB
2531880468,5020119,3,pelvis,terminal,-0.9567,-0.2137,0.0411,53.4668,-38.3911,4.6387,t008,FJTB
2531880468,5020135,3,pelvis,terminal,-0.9286,-0.2369,0.0411,57.5561,-33.4473,5.4932,t008,FJTB
2531880472,5020151,3,pelvis,terminal,-0.9272,-0.2437,0.0284,63.0493,-31.1279,5.4321,t008,FJTB
2531880534,5020167,3,pelvis,terminal,-0.9425,-0.2388,0.0087,68.3594,-30.9448,4.2114,t008,FJTB
2531880534,5020183,3,pelvis,terminal,-0.9530,-0.2567,0.0084,80.8105,-32.8979,-0.1831,t008,FJTB
2531880535,5020199,3,pelvis,terminal,-1.0031,-0.3864,0.0347,85.0830,-35.0952,-2.3193,t008,FJTB
2531880536,5020215,3,pelvis,terminal,-1.1472,-0.5751,0.1115,82.7637,-38.4521,-4.0283,t008,FJTB
2531880592,5020231,3,pelvis,terminal,-1.2671,-0.6512,0.1948,63.4766,-34.4238,-3.6011,t008,FJTB
2531880594,5020247,3,pelvis,terminal,-1.4576,-0.6371,0.4133,47.4243,-25.3906,-3.5400,t008,FJTB
2531880594,5020263,3,pelvis,terminal,-1.4635,-0.5514,0.5140,10.1318,4.8218,-4.9438,t008,FJTB
2531880653,5020279,3,pelvis,terminal,-1.4136,-0.2728,0.6307,-6.4087,23.4375,-6.3477,t008,FJTB
2531880654,5020295,3,pelvis,terminal,-1.3765,-0.0437,0.6359,-26.9775,63.4155,-12.2681,t008,FJTB
2531880654,5020311,3,pelvis,terminal,-1.1957,0.4363,0.6049,-27.3437,94.9707,-28.3203,t008,FJTB
2531880655,5020327,3,pelvis,terminal,-0.9816,0.5436,0.3660,-14.0991,102.4780,-36.0718,t008,FJTB
2531880709,5020343,3,pelvis,terminal,-0.9388,0.4205,0.2312,46.7529,104.4311,-43.5181,t008,FJTB
2531880711,5020359,3,pelvis,terminal,-1.0817,0.0786,-0.0800,88.5620,104.9194,-44.7388,t008,FJTB
2531880711,5020375,3,pelvis,terminal,-1.2410,-0.0164,-0.2385,148.9868,109.1919,-41.8091,t008,FJTB
2531880768,5020391,3,pelvis,terminal,-1.5168,-0.1093,-0.4077,153.9307,114.4409,-35.6445,t008,FJTB
2531880768,5020407,3,pelvis,terminal,-1.5298,-0.2782,-0.3981,107.6050,131.7139,-13.3667,t008,FJTB
2531880769,5020423,3,pelvis,terminal,-1.4308,-0.3668,-0.3760,31.6772,152.6489,8.7280,t008,FJTB
2531880769,5020439,3,pelvis,terminal,-1.1637,-0.3542,-0.3069,4.4556,156.0059,13.4277,t008,FJTB
2531880825,5020455,3,pelvis,terminal,-1.0898,-0.3008,-0.2306,-24.7192,148.1934,5.0049,t008,FJTB
2531880825,5020471,3,pelvis,terminal,-1.1099,-0.3030,-0.1547,-31.9824,143.6768,-2.1362,t008,FJTB
2531880826,5020487,3,pelvis,terminal,-1.0989,-0.3315,-0.1938,-44.7388,134.3384,-5.4321,t008,FJTB
2531880883,5020503,3,pelvis,terminal,-1.0531,-0.3121,-0.2189,-60.3638,129.1504,4.2114,t008,FJTB
2531880884,5020519,3,pelvis,terminal,-0.9535,-0.2216,-0.2157,-69.2749,128.1128,9.7656,t008,FJTB
2531880884,5020535,3,pelvis,terminal,-0.9154,-0.1931,-0.1995,-83.5571,120.1782,19.5923,t008,FJTB
2531880884,5020551,3,pelvis,terminal,-0.8414,-0.1683,-0.1621,-89.3555,112.7930,22.3389,t008,FJTB
2531880938,5020567,3,pelvis,terminal,-0.7603,-0.1052,-0.1421,-95.7031,95.3369,20.6299,t008,FJTB
2531880939,5020583,3,pelvis,terminal,-0.7316,-0.0676,-0.1265,-88.4399,76.9653,16.0522,t008,FJTB
2531880940,5020599,3,pelvis,swing,-0.6891,-0.0385,-0.0710,-78.9185,69.2139,15.6250,t008,FJTB
2531880941,5020615,3,pelvis,swing,-0.6731,-0.0513,-0.0360,-52.4292,54.8706,17.7612,t008,FJTB
2531880996,5020631,3,pelvis,swing,-0.6655,-0.1029,0.0354,-39.1235,46.8750,18.7378,t008,FJTB
2531880997,5020647,3,pelvis,swing,-0.6774,-0.0924,0.1178,-21.8506,30.8838,19.7144,t008,FJTB
2531880998,5020663,3,pelvis,swing,-0.6753,-0.0585,0.1569,-19.4702,20.0195,17.5171,t008,FJTB
2531881049,5020679,3,pelvis,swing,-0.6744,0.0197,0.2507,-22.2778,16.4185,15.5029,t008,FJTB
2531881051,5020695,3,pelvis,swing,-0.6796,0.0454,0.3329,-25.5127,14.0381,10.4980,t008,FJTB
2531881052,5020711,3,pelvis,swing,-0.6814,0.0126,0.4788,-21.6675,15.2588,6.7749,t008,FJTB
2531881052,5020727,3,pelvis,swing,-0.6708,-0.0292,0.5200,-6.2866,13.0005,1.5259,t008,FJTB
2531881077,5020743,3,pelvis,swing,-0.6898,-0.0757,0.6560,2.5635,9.2163,1.8311,t008,FJTB
2531881104,5020759,3,pelvis,swing,-0.7886,-0.1365,0.7969,15.3198,10.8032,6.2866,t008,FJTB
2531881105,5020774,3,pelvis,swing,-0.8328,-0.1830,0.8588,9.7046,22.3389,17.3950,t008,FJTB
2531881156,5020790,3,pelvis,swing,-0.8176,-0.2094,0.8328,5.0049,26.7944,22.8271,t008,FJTB
2531881158,5020806,3,pelvis,swing,-0.7604,-0.1844,0.7740,6.1646,21.1182,24.3530,t008,FJTB
2531881159,5020822,3,pelvis,swing,-0.7247,-0.1339,0.7433,9.5825,16.6016,21.5454,t008,FJTB
2531881160,5020838,3,pelvis,swing,-0.7479,-0.1362,0.7683,10.3149,15.9912,17.2729,t008,FJTB
2531881213,5020853,3,pelvis,swing,-0.7917,-0.2612,0.8021,5.5542,18.4326,17.5781,t008,FJTB
2531881213,5020869,3,pelvis,swing,-0.7689,-0.4292,0.7599,-15.6250,21.4233,22.2778,t008,FJTB
2531881214,5020885,3,pelvis,swing,-0.7339,-0.4697,0.7015,-44.0063,20.1416,26.2451,t008,FJTB
2531881264,5020901,3,pelvis,swing,-0.6776,-0.4016,0.6122,-59.0210,18.7988,28.5645,t008,FJTB
2531881265,5020917,3,pelvis,swing,-0.6796,-0.3359,0.6494,-82.8247,33.0200,30.9448,t008,FJTB
2531881266,5020933,3,pelvis,swing,-0.5645,-0.2693,0.4774,-93.8721,48.2178,29.9683,t008,FJTB
2531881319,5020949,3,pelvis,swing,-0.4662,-0.1998,-0.3562,-126.0986,17.7002,43.2129,t008,FJTB
2531881320,5020965,3,pelvis,swing,-0.9258,-0.0844,-0.2378,-114.6851,-86.2427,42.5415,t008,FJTB
2531881320,5020981,3,pelvis,swing,-3.2485,0.0161,1.4688,-114.6240,-68.2373,33.9966,t008,FJTB
2531881321,5020997,3,pelvis,swing,-2.8247,0.0948,1.2163,-179.8096,32.5317,50.4761,t008,FJTB
2531881369,5021013,3,pelvis,swing,-0.5347,0.6140,-0.0298,-166.6260,0.3662,57.0679,t008,FJTB
2531881369,5021029,3,pelvis,loading,-0.2990,0.8022,-0.3496,-0.6104,-75.5615,29.2969,t008,FJTB
2531881370,5021045,3,pelvis,loading,-0.3385,0.4976,-0.5240,134.7656,-63.6597,-11.7798,t008,FJTB
2531881428,5021061,3,pelvis,loading,-0.6110,-0.2996,-0.4003,150.3296,-57.1899,-20.1416,t008,FJTB
2531881429,5021077,3,pelvis,loading,-0.8260,-0.6112,-0.3309,120.8496,-73.4863,-3.1738,t008,FJTB
2531881429,5021093,3,pelvis,loading,-1.1575,-0.6476,0.1141,105.8960,-81.3599,13.6108,t008,FJTB
2531881430,5021109,3,pelvis,loading,-1.2758,-0.5150,0.2642,77.2095,-65.2466,19.8364,t008,FJTB
2531881480,5021125,3,pelvis,loading,-1.2153,-0.3979,0.4487,54.3213,-57.7393,12.0239,t008,FJTB
2531881481,5021141,3,pelvis,loading,-0.9282,-0.3534,0.4800,5.2490,-57.7393,1.2207,t008,FJTB
2531881482,5021157,3,pelvis,loading,-0.8268,-0.2618,0.4255,-6.5918,-63.1714,1.3428,t008,FJTB
2531881536,5021173,3,pelvis,loading,-0.7365,-0.1495,0.2820,3.1128,-63.2324,-0.3052,t008,FJTB
2531881537,5021189,3,pelvis,loading,-0.7161,-0.1624,0.2329,14.0991,-61.0962,-2.1973,t008,FJTB
2531881537,5021205,3,pelvis,loading,-0.8237,-0.1387,0.2593,11.6577,-62.1948,1.0986,t008,FJTB
2531881588,5021221,3,pelvis,loading,-1.0104,-0.0385,0.2648,17.7002,-61.9507,7.5073,t008,FJTB
2531881590,5021236,3,pelvis,loading,-1.0448,-0.0256,0.2651,45.1050,-55.6030,6.7139,t008,FJTB
2531881590,5021252,3,pelvis,loading,-1.0052,-0.1263,0.2914,56.1523,-50.5371,5.2490,t008,FJTB
2531881591,5021268,3,pelvis,loading,-0.9521,-0.2122,0.2732,66.1011,-40.0391,-0.4883,t008,FJTB
2531881644,5021284,3,pelvis,loading,-0.8229,-0.3511,0.2008,68.0542,-37.8418,-4.5166,t008,FJTB
2531881645,5021300,3,pelvis,loading,-0.8025,-0.4050,0.2531,66.1011,-40.8325,-6.7139,t008,FJTB
2531881645,5021316,3,pelvis,loading,-0.8423,-0.3824,0.2722,54.9927,-41.3818,-4.6997,t008,FJTB
2531881696,5021332,3,pelvis,loading,-0.9834,-0.3419,0.2103,49.4385,-43.3350,-3.6621,t008,FJTB
2531881697,5021348,3,pelvis,loading,-1.0359,-0.2894,0.2238,33.2031,-45.2270,-0.3662,t008,FJTB
2531881698,5021364,3,pelvis,loading,-1.0186,-0.1948,0.2220,25.6958,-39.6118,0.3052,t008,FJTB
2531881750,5021380,3,pelvis,loading,-0.9246,-0.1836,0.1418,16.8457,-29.3579,1.7700,t008,FJTB
2531881750,5021396,3,pelvis,loading,-0.8866,-0.1805,0.1233,19.3481,-30.6396,2.9907,t008,FJTB
2531881751,5021412,3,pelvis,loading,-0.8518,-0.1680,0.0996,24.1699,-34.8511,3.3569,t008,FJTB
2531881751,5021428,3,pelvis,loading,-0.8588,-0.1738,0.0830,36.9873,-48.0347,3.9673,t008,FJTB
2531881800,5021444,3,pelvis,midstance,-0.9150,-0.2609,0.1056,42.9687,-54.8706,4.6387,t008,FJTB
2531881800,5021460,3,pelvis,midstance,-0.9335,-0.3010,0.1390,46.0815,-57.7393,8.4229,t008,FJTB
2531881800,5021476,3,pelvis,midstance,-0.9514,-0.2339,0.1237,40.7715,-56.8237,9.4604,t008,FJTB
2531881860,5021492,3,pelvis,midstance,-0.9556,-0.0989,0.1849,27.2217,-57.8613,5.7373,t008,FJTB
2531881861,5021508,3,pelvis,midstance,-0.9382,-0.1104,0.2010,25.7568,-51.0254,-1.5869,t008,FJTB
2531881862,5021524,3,pelvis,midstance,-0.8986,-0.2574,0.1946,29.6631,-49.4995,-3.6621,t008,FJTB
2531881862,5021540,3,pelvis,midstance,-0.8918,-0.3356,0.2041,37.5366,-52.6733,-2.6245,t008,FJTB
2531881913,5021556,3,pelvis,midstance,-0.8881,-0.3829,0.1334,38.6963,-52.7344,0.0000,t008,FJTB
2531881913,5021572,3,pelvis,midstance,-0.8934,-0.2361,0.0090,30.8228,-55.1147,7.7515,t008,FJTB
2531881913,5021588,3,pelvis,midstance,-0.9213,-0.1332,0.0342,23.9258,-58.7158,10.3760,t008,FJTB
2531881965,5021604,3,pelvis,midstance,-0.9890,-0.0326,0.0981,22.8271,-54.9927,7.5684,t008,FJTB
2531881966,5021620,3,pelvis,midstance,-1.0023,-0.0354,0.1240,26.4893,-45.4102,-0.3052,t008,FJTB
2531881966,5021636,3,pelvis,midstance,-1.0040,-0.0953,0.1617,32.7148,-41.2598,-4.2114,t008,FJTB
2531882014,5021652,3,pelvis,midstance,-0.9652,-0.1350,0.1724,52.1851,-35.7056,-9.0942,t008,FJTB
2531882015,5021668,3,pelvis,midstance,-0.9521,-0.1539,0.1893,71.8994,-33.8135,-9.8267,t008,FJTB
2531882016,5021684,3,pelvis,midstance,-1.0107,-0.2172,0.2549,78.4302,-32.3486,-10.0708,t008,FJTB
2531882050,5021700,3,pelvis,midstance,-1.0699,-0.2892,0.2964,84.8999,-24.1089,-12.0239,t008,FJTB
2531882067,5021716,3,pelvis,midstance,-1.2244,-0.5394,0.3018,86.5478,-18.1274,-13.7939,t008,FJTB
2531882068,5021732,3,pelvis,midstance,-1.3275,-0.6327,0.2625,76.9043,-10.7422,-14.0381,t008,FJTB
2531882068,5021748,3,pelvis,midstance,-1.3868,-0.5345,0.3979,57.7393,-7.7515,-12.1460,t008,FJTB
2531882117,5021764,3,pelvis,midstance,-1.2318,-0.2784,0.5270,8.1177,14.6484,-9.9487,t008,FJTB
2531882118,5021780,3,pelvis,midstance,-1.1918,-0.1307,0.5300,-18.9819,39.7949,-10.1318,t008,FJTB
2531882118,5021796,3,pelvis,midstance,-1.0887,0.1791,0.5178,-23.0103,48.2178,-11.3525,t008,FJTB
2531882169,5021812,3,pelvis,midstance,-1.0106,0.2479,0.5006,5.3711,63.1103,-23.1934,t008,FJTB
2531882170,5021827,3,pelvis,terminal,-0.9514,0.0406,0.2686,38.2690,72.7539,-33.3862,t008,FJTB
2531882170,5021843,3,pelvis,terminal,-1.1219,-0.1970,-0.0250,100.0976,88.9282,-43.5791,t008,FJTB
2531882218,5021859,3,pelvis,terminal,-1.2684,-0.2471,-0.1562,112.9150,99.9756,-38.0249,t008,FJTB
2531882220,5021875,3,pelvis,terminal,-1.4633,-0.2964,-0.3644,93.9941,103.0273,-28.7476,t008,FJTB
2531882220,5021891,3,pelvis,terminal,-1.4530,-0.2998,-0.3541,22.0337,108.3374,-4.8218,t008,FJTB
2531882272,5021907,3,pelvis,terminal,-1.2767,-0.3297,-0.2584,-13.3057,114.6851,3.6621,t008,FJTB
2531882272,5021923,3,pelvis,terminal,-1.0787,-0.2506,-0.1948,-59.0210,118.0420,14.1602,t008,FJTB
2531882273,5021939,3,pelvis,terminal,-1.0226,-0.1547,-0.1028,-67.3218,110.3516,10.3760,t008,FJTB
2531882321,5021955,3,pelvis,terminal,-1.0399,-0.1191,-0.0002,-59.3262,111.1450,1.8921,t008,FJTB
2531882322,5021971,3,pelvis,terminal,-1.0498,-0.1646,-0.0374,-45.8984,111.6333,-5.6152,t008,FJTB
2531882324,5021987,3,pelvis,terminal,-1.0259,-0.2124,-0.1172,-43.8843,109.1309,-2.4414,t008,FJTB
2531882324,5022003,3,pelvis,terminal,-0.9739,-0.2158,-0.1211,-45.8374,108.4595,8.6060,t008,FJTB
2531882377,5022019,3,pelvis,terminal,-0.9528,-0.2316,-0.1063,-56.5186,107.9712,17.8833,t008,FJTB
2531882377,5022035,3,pelvis,terminal,-0.9316,-0.2897,-0.0856,-65.1855,105.5298,20.6909,t008,FJTB
2531882378,5022051,3,pelvis,terminal,-0.9075,-0.2942,-0.0808,-88.1958,95.6421,22.5220,t008,FJTB
2531882427,5022067,3,pelvis,terminal,-0.8431,-0.2216,-0.0200,-97.5952,89.7827,22.4609,t008,FJTB
2531882428,5022083,3,pelvis,terminal,-0.8170,-0.1802,0.0173,-99.2432,81.6650,23.1323,t008,FJTB
2531882428,5022099,3,pelvis,terminal,-0.7618,-0.1317,0.0703,-77.3315,70.6177,23.4985,t008,FJTB
2531882481,5022115,3,pelvis,terminal,-0.7228,-0.1024,0.1016,-61.8896,61.9507,21.9727,t008,FJTB
2531882481,5022131,3,pelvis,terminal,-0.7247,-0.0909,0.1250,-39.6118,45.5933,19.5923,t008,FJTB
2531882482,5022147,3,pelvis,swing,-0.7100,-0.0370,0.1426,-35.0952,39.7949,19.3481,t008,FJTB
2531882498,5022163,3,pelvis,swing,-0.6954,-0.0277,0.1610,-38.6963,29.4800,20.0806,t008,FJTB
2531882532,5022179,3,pelvis,swing,-0.6566,-0.0323,0.1870,-45.7153,24.7803,21.6675,t008,FJTB
2531882533,5022195,3,pelvis,swing,-0.6276,-0.0168,0.2416,-58.2275,9.7656,23.0103,t008,FJTB
2531882533,5022211,3,pelvis,swing,-0.6379,-0.0206,0.3179,-54.8096,-6.1646,18.2495,t008,FJTB
2531882589,5022227,3,pelvis,swing,-0.7072,-0.0802,0.5577,-48.2788,-7.8125,15.5029,t008,FJTB
2531882590,5022243,3,pelvis,swing,-0.7524,-0.1141,0.6824,-35.2783,14.9536,14.2212,t008,FJTB
2531882590,5022259,3,pelvis,swing,-0.7765,-0.1445,0.6899,-25.6958,27.2217,16.1743,t008,FJTB
2531882641,5022275,3,pelvis,swing,-0.7596,-0.1112,0.7499,-2.3193,19.8364,23.0103,t008,FJTB
2531882644,5022291,3,pelvis,swing,-0.7512,-0.0889,0.8007,17.0288,5.2490,24.5361,t008,FJTB
2531882644,5022307,3,pelvis,swing,-0.7952,-0.0756,0.8873,19.7754,2.2583,23.6816,t008,FJTB
2531882645,5022323,3,pelvis,swing,-0.8330,-0.1364,0.9254,9.7656,5.2490,25.0854,t008,FJTB
2531882697,5022339,3,pelvis,swing,-0.8000,-0.3862,0.8870,-0.9766,10.5591,27.8931,t008,FJTB
2531882697,5022355,3,pelvis,swing,-0.7488,-0.4709,0.8165,-30.2734,18.5547,34.8511,t008,FJTB
2531882698,5022371,3,pelvis,swing,-0.6956,-0.4537,0.6945,-46.1426,18.6768,36.8652,t008,FJTB
2531882748,5022387,3,pelvis,swing,-0.6987,-0.3542,0.7549,-69.7021,21.9727,36.4990,t008,FJTB
2531882749,5022403,3,pelvis,swing,-0.6962,-0.3317,0.7705,-91.1865,45.1050,30.3345,t008,FJTB
2531882749,5022418,3,pelvis,swing,-0.7662,-0.3621,0.4370,-105.5298,40.8325,33.3862,t008,FJTB
2531882803,5022434,3,pelvis,swing,-1.1830,-0.2899,0.5765,-140.1367,-25.0854,41.6260,t008,FJTB
2531882804,5022451,3,pelvis,swing,-2.1731,-0.2606,0.7800,-157.6538,-33.2031,42.6636,t008,FJTB
2531882804,5022467,3,pelvis,swing,-1.1611,0.2729,-0.4689,-208.1909,-1.3428,52.3071,t008,FJTB
2531882805,5022483,3,pelvis,swing,-0.7946,0.5015,-0.6721,-147.0947,-26.4282,47.6074,t008,FJTB
2531882853,5022499,3,pelvis,swing,-0.3585,0.6418,-0.1837,-72.2656,-37.9639,44.5557,t008,FJTB
2531882854,5022515,3,pelvis,swing,-0.4121,0.3014,-0.1411,57.8613,-49.1333,29.6631,t008,FJTB
2531882855,5022531,3,pelvis,swing,-0.8636,-0.4811,-0.1656,93.0176,-59.5703,27.2827,t008,FJTB
2531882910,5022547,3,pelvis,swing,-1.2490,-0.3600,0.1523,115.3564,-71.0449,35.0952,t008,FJTB
2531882910,5022563,3,pelvis,swing,-1.2795,-0.2589,0.2566,90.6372,-62.4390,27.5879,t008,FJTB
2531882910,5022579,3,pelvis,swing,-1.1016,-0.3922,0.2625,64.6362,-60.5469,20.7520,t008,FJTB
2531882961,5022595,3,pelvis,swing,-1.0197,-0.4840,0.2480,3.8452,-65.8569,18.0664,t008,FJTB
2531882962,5022611,3,pelvis,loading,-0.8485,-0.3735,0.2570,-23.4985,-67.2607,20.2637,t008,FJTB
2531882963,5022627,3,pelvis,loading,-0.7485,-0.1562,0.2004,-38.8184,-67.9932,19.7754,t008,FJTB
2531882963,5022643,3,pelvis,loading,-0.7527,-0.1626,0.1628,-19.7144,-67.6880,20.0806,t008,FJTB
2531883021,5022659,3,pelvis,loading,-0.8566,-0.2209,0.2067,-13.3057,-66.0400,22.7051,t008,FJTB
2531883022,5022675,3,pelvis,loading,-0.9312,-0.2101,0.2305,0.9766,-65.7349,26.4282,t008,FJTB
2531883022,5022691,3,pelvis,loading,-1.0519,-0.1093,0.2527,9.8267,-67.5049,26.1841,t008,FJTB
2531883075,5022707,3,pelvis,loading,-1.0098,-0.0468,0.2810,26.6113,-70.0684,22.3999,t008,FJTB
2531883077,5022723,3,pelvis,loading,-0.9668,-0.0685,0.2617,37.4146,-63.4155,12.1460,t008,FJTB
2531883078,5022739,3,pelvis,loading,-0.8879,-0.1759,0.2260,41.7480,-62.3169,8.5449,t008,FJTB
2531883078,5022755,3,pelvis,loading,-0.8633,-0.2474,0.2031,44.5557,-63.8428,5.7983,t008,FJTB
2531883133,5022771,3,pelvis,loading,-0.8682,-0.3401,0.1661,42.0532,-65.6128,6.6528,t008,FJTB
2531883133,5022787,3,pelvis,loading,-0.8823,-0.3424,0.1449,31.4331,-67.5659,6.9580,t008,FJTB
2531883134,5022802,3,pelvis,loading,-0.9430,-0.3055,0.1285,26.2451,-66.9556,5.7373,t008,FJTB
2531883186,5022818,3,pelvis,loading,-0.9407,-0.2825,0.0781,16.7847,-61.4624,5.7373,t008,FJTB
2531883186,5022834,3,pelvis,loading,-0.9354,-0.2716,0.0627,5.0659,-57.6782,4.6387,t008,FJTB
2531883188,5022850,3,pelvis,loading,-0.9509,-0.2108,0.0894,2.0142,-57.8003,3.2959,t008,FJTB
2531883189,5022866,3,pelvis,loading,-0.9619,-0.1704,0.1096,3.9673,-60.9131,0.1831,t008,FJTB
2531883243,5022882,3,pelvis,loading,-0.9668,-0.1080,0.1129,8.3008,-63.4155,-0.4272,t008,FJTB
2531883244,5022898,3,pelvis,loading,-0.9509,-0.0841,0.0851,21.1182,-70.1294,1.8921,t008,FJTB
2531883244,5022914,3,pelvis,loading,-0.9448,-0.0785,0.0747,34.3628,-76.2939,3.9062,t008,FJTB
2531883297,5022930,3,pelvis,loading,-0.9360,-0.1075,0.0437,40.7104,-79.1016,3.4180,t008,FJTB
2531883299,5022946,3,pelvis,loading,-0.9359,-0.1425,0.0361,51.5137,-82.7026,1.0376,t008,FJTB
2531883299,5022962,3,pelvis,loading,-0.9412,-0.2271,0.0588,54.4434,-81.1157,-0.2441,t008,FJTB
2531883300,5022978,3,pelvis,loading,-0.9218,-0.2974,0.1198,54.6265,-72.6929,-0.9155,t008,FJTB
2531883354,5022994,3,pelvis,loading,-0.9064,-0.3152,0.1699,49.0723,-63.5986,2.3193,t008,FJTB
2531883355,5023010,3,pelvis,loading,-0.9294,-0.3484,0.2781,47.4243,-59.6313,3.8452,t008,FJTB
2531883355,5023026,3,pelvis,loading,-0.9701,-0.3539,0.3083,47.5464,-48.3398,4.8828,t008,FJTB
2531883408,5023042,3,pelvis,loading,-0.9886,-0.3044,0.2563,50.7202,-41.0767,4.8218,t008,FJTB
2531883408,5023058,3,pelvis,loading,-0.9604,-0.2552,0.1504,62.5610,-33.0200,1.5869,t008,FJTB
2531883409,5023074,3,pelvis,loading,-0.9656,-0.2444,0.1373,70.1904,-28.6255,-0.6104,t008,FJTB
2531883435,5023090,3,pelvis,loading,-0.9796,-0.2239,0.1102,72.1436,-24.4141,-1.5259,t008,FJTB
2531883465,5023106,3,pelvis,loading,-0.9814,-0.2587,0.0670,85.9375,-20.9961,-3.6621,t008,FJTB
2531883465,5023122,3,pelvis,midstance,-1.0483,-0.3484,-0.0658,95.6421,-26.3062,-4.2725,t008,FJTB
2531883466,5023138,3,pelvis,midstance,-1.1171,-0.3782,-0.0663,98.8159,-39.7949,-6.3477,t008,FJTB
2531883518,5023154,3,pelvis,midstance,-1.1926,-0.4547,0.0483,75.6836,-36.5601,-9.0942,t008,FJTB
2531883519,5023170,3,pelvis,midstance,-1.2407,-0.5258,0.2167,59.2651,-30.3955,-10.3760,t008,FJTB
2531883520,5023187,3,pelvis,midstance,-1.2639,-0.5361,0.3347,22.4609,-13.6108,-10.4370,t008,FJTB
2531883577,5023203,3,pelvis,midstance,-1.3015,-0.4481,0.5974,4.7607,-1.7090,-9.5215,t008,FJTB
2531883577,5023219,3,pelvis,midstance,-1.3444,-0.3464,0.6927,-20.3247,33.3862,-14.1602,t008,FJTB
2531883578,5023235,3,pelvis,midstance,-1.3357,0.0774,0.5905,-41.0767,68.7866,-22.4609,t008,FJTB
2531883578,5023251,3,pelvis,midstance,-1.1328,0.5125,0.5212,-44.7998,76.4160,-25.6348,t008,FJTB
2531883632,5023267,3,pelvis,midstance,-1.0682,0.5024,0.5087,-1.8921,99.5483,-33.0811,t008,FJTB
2531883633,5023283,3,pelvis,midstance,-1.0581,0.1978,0.2357,40.5884,119.9951,-35.2173,t008,FJTB
2531883633,5023299,3,pelvis,midstance,-1.0864,0.1174,-0.0059,129.4556,134.4604,-39.6118,t008,FJTB
2531883687,5023315,3,pelvis,midstance,-1.3148,0.0009,-0.2594,155.6396,131.6528,-36.8652,t008,FJTB
2531883688,5023331,3,pelvis,midstance,-1.4851,-0.1294,-0.3707,157.1655,138.6108,-18.5547,t008,FJTB
2531883689,5023347,3,pelvis,midstance,-1.5021,-0.2153,-0.3529,103.6987,149.9023,6.3477,t008,FJTB
2531883689,5023363,3,pelvis,midstance,-1.3671,-0.2950,-0.3402,70.4346,157.4097,16.8457,t008,FJTB
2531883741,5023379,3,pelvis,midstance,-1.2432,-0.2448,-0.3406,19.9585,160.2173,18.6768,t008,FJTB
2531883742,5023395,3,pelvis,midstance,-1.1631,-0.1506,-0.2090,3.2349,154.7241,11.4746,t008,FJTB
2531883742,5023411,3,pelvis,midstance,-1.2032,-0.2198,-0.1390,-16.7847,145.8740,0.1831,t008,FJTB
2531883798,5023427,3,pelvis,midstance,-1.1799,-0.2655,-0.1945,-29.2358,141.7236,3.0518,t008,FJTB
2531883799,5023443,3,pelvis,terminal,-1.0513,-0.2284,-0.2263,-37.7808,138.4277,7.2632,t008,FJTB
2531883799,5023459,3,pelvis,terminal,-0.9865,-0.1793,-0.1975,-50.3540,131.8359,14.5874,t008,FJTB
2531883800,5023475,3,pelvis,terminal,-0.8907,-0.1600,-0.1918,-56.2134,126.7700,17.6392,t008,FJTB
2531883851,5023491,3,pelvis,terminal,-0.8101,-0.1396,-0.1902,-74.4019,111.3281,20.6299,t008,FJTB
2531883852,5023507,3,pelvis,terminal,-0.7743,-0.1228,-0.1852,-83.8013,94.8486,18.0664,t008,FJTB
2531883852,5023523,3,pelvis,terminal,-0.7540,-0.1298,-0.1178,-82.8857,88.9893,17.7612,t008,FJTB
2531883911,5023539,3,pelvis,terminal,-0.7418,-0.1183,-0.0924,-70.6177,83.0078,21.5454,t008,FJTB
2531883911,5023555,3,pelvis,terminal,-0.6736,-0.1184,-0.0461,-58.1665,75.0732,21.9727,t008,FJTB
2531883912,5023571,3,pelvis,terminal,-0.6288,-0.1338,0.0052,-31.3721,52.4292,19.1040,t008,FJTB
2531883912,5023587,3,pelvis,terminal,-0.6168,-0.1158,0.0402,-17.7612,31.0669,17.3340,t008,FJTB
2531883964,5023603,3,pelvis,terminal,-0.5851,-0.0469,0.1285,-18.3105,24.2920,17.1509,t008,FJTB
2531883964,5023619,3,pelvis,terminal,-0.5713,-0.0197,0.1714,-25.1465,7.7515,16.6016,t008,FJTB
2531883965,5023635,3,pelvis,terminal,-0.5861,-0.0244,0.3082,-23.9258,-5.3101,16.1743,t008,FJTB
2531884024,5023651,3,pelvis,terminal,-0.6019,-0.0732,0.3794,-13.1226,-31.9214,10.0708,t008,FJTB
2531884024,5023667,3,pelvis,terminal,-0.7189,-0.0791,0.6060,-18.4937,-44.2505,1.9531,t008,FJTB
2531884024,5023683,3,pelvis,terminal,-0.8635,0.0667,0.8787,-29.9072,-33.1421,-1.9531,t008,FJTB
2531884025,5023699,3,pelvis,terminal,-0.8784,0.0765,0.8623,-47.3022,1.5259,-3.3569,t008,FJTB
2531884077,5023715,3,pelvis,terminal,-0.8599,-0.0377,0.8191,-47.0581,8.1177,1.0376,t008,FJTB
2531884078,5023731,3,pelvis,swing,-0.8409,-0.1129,0.8326,-31.3110,13.7939,12.6953,t008,FJTB
2531884079,5023747,3,pelvis,swing,-0.7782,-0.2526,0.8480,-21.1182,17.0288,16.8457,t008,FJTB
2531884083,5023763,3,pelvis,swing,-0.7098,-0.2896,0.7937,-11.2305,18.1885,19.8364,t008,FJTB
2531884141,5023779,3,pelvis,swing,-0.6992,-0.2673,0.7638,-13.4888,13.2446,19.5923,t008,FJTB
2531884141,5023795,3,pelvis,swing,-0.6760,-0.2793,0.6685,-15.9302,12.0239,19.6533,t008,FJTB
2531884142,5023811,3,pelvis,swing,-0.6682,-0.3333,0.6279,-32.1045,11.2915,21.9727,t008,FJTB
2531884169,5023827,3,pelvis,swing,-0.6400,-0.3976,0.5990,-44.9829,12.8784,24.0478,t008,FJTB
2531884197,5023842,3,pelvis,swing,-0.6256,-0.2917,0.3544,-69.7632,13.7939,27.8320,t008,FJTB
2531884197,5023858,3,pelvis,swing,-0.6989,-0.1321,0.1019,-86.1206,-31.2500,22.7051,t008,FJTB
2531884198,5023874,3,pelvis,swing,-1.7170,0.0825,0.6654,-94.5434,-55.1147,18.0664,t008,FJTB
2531884256,5023890,3,pelvis,swing,-2.3047,-0.0237,1.2106,-129.0894,11.5967,39.0625,t008,FJTB
2531884257,5023906,3,pelvis,swing,-1.5320,-0.2426,0.7056,-145.7520,40.4663,58.9600,t008,FJTB
2531884257,5023922,3,pelvis,swing,-0.7622,0.2145,-0.2211,-128.2349,-24.9023,61.2183,t008,FJTB
2531884309,5023938,3,pelvis,swing,-0.6100,0.4957,-0.3656,-44.8608,-56.7627,46.9971,t008,FJTB
2531884311,5023954,3,pelvis,swing,-0.3918,0.5507,-0.1820,9.7046,-50.6592,33.9355,t008,FJTB
2531884312,5023970,3,pelvis,swing,-0.5121,0.2399,-0.1859,88.3179,-46.5088,13.9770,t008,FJTB
2531884312,5023986,3,pelvis,swing,-0.9060,-0.3615,-0.0846,100.8911,-54.1992,15.4419,t008,FJTB
2531884370,5024002,3,pelvis,swing,-1.0837,-0.4823,0.0626,99.5483,-61.2183,25.3906,t008,FJTB
2531884370,5024018,3,pelvis,swing,-1.2615,-0.5140,0.2278,87.9517,-57.9224,26.1841,t008,FJTB
2531884371,5024034,3,pelvis,swing,-1.0785,-0.5986,0.2537,34.6069,-54.0771,22.0337,t008,FJTB
2531884371,5024050,3,pelvis,swing,-0.9602,-0.5479,0.2275,-28.0762,-62.7441,24.1089,t008,FJTB
2531884426,5024066,3,pelvis,swing,-0.8243,-0.2375,0.2428,-44.1284,-64.6362,24.4751,t008,FJTB
2531884427,5024082,3,pelvis,swing,-0.7896,-0.1354,0.2465,-43.5791,-60.4858,20.4468,t008,FJTB
2531884427,5024098,3,pelvis,swing,-0.7622,-0.0953,0.2369,-37.5977,-59.2651,19.3481,t008,FJTB
2531884486,5024114,3,pelvis,swing,-0.8650,-0.0986,0.2876,-23.6206,-62.3779,21.1182,t008,FJTB
2531884487,5024130,3,pelvis,swing,-0.9460,-0.0870,0.3110,2.8687,-63.9038,20.8740,t008,FJTB
2531884487,5024146,3,pelvis,swing,-1.0233,-0.0726,0.3264,17.2729,-62.0728,19.4702,t008,FJTB
2531884487,5024162,3,pelvis,swing,-1.0082,-0.1001,0.3177,35.8276,-57.4341,17.6392,t008,FJTB
2531884542,5024178,3,pelvis,loading,-0.9285,-0.1680,0.2859,39.4287,-56.2134,17.3950,t008,FJTB
2531884542,5024194,3,pelvis,loading,-0.8416,-0.1832,0.2629,41.8701,-54.8706,13.6108,t008,FJTB
2531884542,5024210,3,pelvis,loading,-0.8087,-0.1971,0.2565,49.8657,-54.6265,5.9204,t008,FJTB
2531884547,5024226,3,pelvis,loading,-0.8425,-0.2925,0.2032,55.4199,-55.7251,2.8076,t008,FJTB
2531884606,5024242,3,pelvis,loading,-0.8966,-0.3312,0.1721,54.1382,-58.0444,1.8921,t008,FJTB
2531884606,5024258,3,pelvis,loading,-0.9781,-0.3477,0.1462,46.2646,-57.3120,2.6245,t008,FJTB
2531884606,5024274,3,pelvis,loading,-0.9659,-0.3514,0.1449,26.2451,-52.6733,4.9438,t008,FJTB
2531884642,5024290,3,pelvis,loading,-0.9498,-0.3384,0.1460,8.5449,-49.0112,7.5684,t008,FJTB
2531884661,5024306,3,pelvis,loading,-0.9146,-0.2360,0.1586,2.4414,-48.7671,8.1177,t008,FJTB
2531884662,5024322,3,pelvis,loading,-0.9078,-0.1864,0.1609,2.8687,-52.7954,7.8735,t008,FJTB
2531884663,5024338,3,pelvis,loading,-0.9268,-0.1349,0.1619,8.2397,-55.9082,7.7515,t008,FJTB
2531884722,5024354,3,pelvis,loading,-0.9403,-0.1183,0.1630,20.3247,-59.3872,6.9580,t008,FJTB
2531884723,5024370,3,pelvis,loading,-0.9451,-0.1016,0.1538,26.1230,-60.2417,6.0425,t008,FJTB
2531884723,5024386,3,pelvis,loading,-0.9301,-0.1375,0.0795,37.6587,-63.3545,3.9673,t008,FJTB
2531884723,5024402,3,pelvis,loading,-0.9277,-0.1593,0.0453,44.9829,-67.5659,1.9531,t008,FJTB
2531884777,5024418,3,pelvis,loading,-0.9348,-0.2042,0.0139,46.9360,-67.1997,1.0376,t008,FJTB
2531884778,5024433,3,pelvis,loading,-0.9307,-0.2345,0.0055,50.0488,-64.2700,0.9155,t008,FJTB
2531884778,5024449,3,pelvis,loading,-0.9169,-0.2719,-0.0126,50.7812,-63.7817,1.2817,t008,FJTB
2531884835,5024465,3,pelvis,loading,-0.9484,-0.3169,0.0793,48.0957,-63.9038,2.8076,t008,FJTB
2531884836,5024481,3,pelvis,loading,-0.9491,-0.3046,0.1353,40.1001,-56.3354,4.1504,t008,FJTB
2531884836,5024497,3,pelvis,loading,-0.9391,-0.3116,0.1775,38.7573,-52.6733,2.7466,t008,FJTB
2531884836,5024513,3,pelvis,loading,-0.9388,-0.3256,0.1974,40.8325,-49.7436,4.0894,t008,FJTB
2531884890,5024529,3,pelvis,loading,-0.9608,-0.3419,0.1771,44.1284,-47.3633,5.2490,t008,FJTB
2531884890,5024545,3,pelvis,loading,-1.0237,-0.2584,0.0969,53.1006,-41.5039,3.6621,t008,FJTB
2531884890,5024561,3,pelvis,midstance,-1.0267,-0.1877,0.0955,56.3965,-34.8511,0.9155,t008,FJTB
2531884917,5024577,3,pelvis,midstance,-0.9637,-0.1255,0.1384,57.2510,-31.3721,0.5493,t008,FJTB
2531884954,5024593,3,pelvis,midstance,-0.9569,-0.1506,0.1660,68.2983,-29.9072,1.3428,t008,FJTB
2531884954,5024609,3,pelvis,midstance,-1.0580,-0.3234,0.2461,78.5522,-31.5552,1.3428,t008,FJTB
2531884955,5024625,3,pelvis,midstance,-1.1429,-0.4591,0.2610,97.4731,-33.8135,-0.9766,t008,FJTB
2531885011,5024641,3,pelvis,midstance,-1.3414,-0.6124,0.2430,79.9561,-27.5879,-6.2866,t008,FJTB
2531885012,5024657,3,pelvis,midstance,-1.3324,-0.4866,0.3872,52.8564,-17.8833,-9.0942,t008,FJTB
2531885013,5024673,3,pelvis,midstance,-1.2743,-0.3781,0.4663,0.7935,11.2915,-16.7236,t008,FJTB
2531885014,5024689,3,pelvis,midstance,-1.3733,-0.1486,0.5707,-13.4277,27.6489,-23.3765,t008,FJTB
2531885071,5024705,3,pelvis,midstance,-1.4098,0.0115,0.5239,-25.8789,68.7256,-34.5459,t008,FJTB
2531885072,5024721,3,pelvis,midstance,-1.1998,0.2627,0.4044,-23.9868,86.5478,-36.0107,t008,FJTB
2531885072,5024737,3,pelvis,midstance,-1.1394,0.0261,0.2378,16.9067,116.8213,-35.5225,t008,FJTB
2531885126,5024753,3,pelvis,midstance,-1.2097,-0.1122,0.0336,81.6040,133.3618,-31.3721,t008,FJTB
2531885128,5024769,3,pelvis,midstance,-1.3857,-0.0812,-0.2463,96.3135,136.7187,-25.3296,t008,FJTB
2531885128,5024785,3,pelvis,midstance,-1.4143,-0.0344,-0.3195,90.1489,145.8130,-12.0239,t008,FJTB
2531885129,5024801,3,pelvis,midstance,-1.3960,-0.1635,-0.3418,75.0122,148.4985,-4.6387,t008,FJTB
2531885187,5024817,3,pelvis,midstance,-1.3031,-0.2733,-0.3003,26.9775,150.7568,10.1318,t008,FJTB
2531885188,5024833,3,pelvis,midstance,-1.2645,-0.2267,-0.2450,-12.1460,148.1934,8.3618,t008,FJTB
2531885188,5024849,3,pelvis,terminal,-1.2271,-0.1418,-0.1428,-22.1558,148.0713,0.1221,t008,FJTB
2531885188,5024865,3,pelvis,terminal,-1.2202,-0.1538,-0.1323,-30.0903,146.5454,-10.2539,t008,FJTB
2531885243,5024881,3,pelvis,terminal,-1.1378,-0.2013,-0.2159,-34.9121,144.8975,-8.3618,t008,FJTB
2531885243,5024897,3,pelvis,terminal,-1.0065,-0.1875,-0.2529,-43.8232,142.6392,-0.9766,t008,FJTB
2531885244,5024913,3,pelvis,terminal,-0.9763,-0.1866,-0.2388,-44.4946,142.9443,4.3335,t008,FJTB
2531885305,5024929,3,pelvis,terminal,-0.9340,-0.2036,-0.2310,-45.8374,141.4185,8.3008,t008,FJTB
2531885306,5024945,3,pelvis,terminal,-0.8885,-0.1901,-0.2219,-53.9551,127.9297,13.9160,t008,FJTB
2531885306,5024961,3,pelvis,terminal,-0.7760,-0.1395,-0.1898,-56.7017,117.1265,13.6108,t008,FJTB
2531885306,5024977,3,pelvis,terminal,-0.7363,-0.1663,-0.1261,-54.4434,94.7266,14.1602,t008,FJTB
2531885363,5024993,3,pelvis,terminal,-0.7260,-0.1807,-0.1053,-48.0347,84.1675,22.3999,t008,FJTB
2531885364,5025009,3,pelvis,terminal,-0.6531,-0.1490,-0.1411,-42.2974,79.4678,23.8037,t008,FJTB
2531885365,5025025,3,pelvis,terminal,-0.6254,-0.1609,-0.1490,-28.3203,58.4717,16.1133,t008,FJTB
2531885365,5025041,3,pelvis,terminal,-0.6161,-0.1935,-0.0862,-26.1841,45.2881,14.2822,t008,FJTB
2531885423,5025057,3,pelvis,terminal,-0.6071,-0.1705,-0.0214,-34.0576,24.7803,17.9443,t008,FJTB
2531885425,5025073,3,pelvis,terminal,-0.5641,-0.0721,0.1255,-40.0391,8.7891,21.4844,t008,FJTB
2531885425,5025089,3,pelvis,terminal,-0.5554,-0.0334,0.2941,-37.4146,-0.7935,21.3013,t008,FJTB
2531885442,5025105,3,pelvis,terminal,-0.5695,-0.0564,0.3748,-26.0010,-21.9727,11.5356,t008,FJTB
2531885481,5025121,3,pelvis,terminal,-0.6829,-0.1012,0.5911,-22.3999,-30.1514,4.7607,t008,FJTB
2531885482,5025137,3,pelvis,terminal,-0.7664,-0.0640,0.7069,-31.4331,-19.1650,-2.9297,t008,FJTB
2531885482,5025153,3,pelvis,terminal,-0.8212,0.0238,0.7491,-40.1001,-4.6387,-4.3335,t008,FJTB
2531885541,5025169,3,pelvis,terminal,-0.8165,-0.0312,0.8618,-52.1240,1.7700,-1.3428,t008,FJTB
2531885541,5025185,3,pelvis,terminal,-0.8290,-0.0527,0.9639,-42.2363,-0.6714,5.9814,t008,FJTB
2531885541,5025201,3,pelvis,swing,-0.8453,-0.1188,1.0405,-27.8320,4.4556,8.4229,t008,FJTB
2531885542,5025217,3,pelvis,swing,-0.8568,-0.1687,1.0272,-4.7607,21.1182,16.3574,t008,FJTB
2531885597,5025233,3,pelvis,swing,-0.8586,-0.2413,0.9387,-3.4180,28.4424,20.7520,t008,FJTB
2531885600,5025249,3,pelvis,swing,-0.8428,-0.1973,0.8245,-5.6763,30.7617,22.3389,t008,FJTB
2531885601,5025265,3,pelvis,swing,-0.8414,-0.1743,0.7957,-0.9766,35.9497,16.6016,t008,FJTB
2531885602,5025281,3,pelvis,swing,-0.7358,-0.1702,0.6884,-0.6714,51.4526,11.8408,t008,FJTB
2531885660,5025297,3,pelvis,swing,-0.5806,-0.2499,0.3422,-13.3057,60.3638,14.9536,t008,FJTB
2531885660,5025313,3,pelvis,swing,-0.2657,-0.2672,-0.5073,-32.8369,16.5405,29.3579,t008,FJTB
2531885661,5025329,3,pelvis,swing,-0.4625,-0.1504,-0.5535,-26.9775,-103.9429,38.5742,t008,FJTB
2531885716,5025345,3,pelvis,swing,-0.9374,-0.1855,-0.0825,-33.9355,-98.6328,26.6724,t008,FJTB
2531885718,5025361,3,pelvis,swing,-2.1600,-0.2205,1.6996,-84.4116,-39.0015,35.4004,t008,FJTB
2531885719,5025377,3,pelvis,swing,-2.5499,-0.4440,2.1852,-208.3740,70.1904,75.9277,t008,FJTB
2531885719,5025393,3,pelvis,swing,-1.3184,0.1924,0.6846,-238.8916,33.3252,69.8853,t008,FJTB
2531885756,5025409,3,pelvis,swing,-0.7339,0.8817,-0.3356,-142.0898,-84.7778,22.2778,t008,FJTB
2531885778,5025425,3,pelvis,swing,-0.6484,0.8724,-0.3582,41.0767,-74.8291,5.6763,t008,FJTB
2531885779,5025441,3,pelvis,swing,-0.4103,0.2301,-0.3271,122.3144,-54.6875,-1.1597,t008,FJTB
2531885779,5025457,3,pelvis,swing,-0.4465,-0.2142,-0.3502,184.2041,-50.3540,3.2349,t008,FJTB
2531885834,5025473,3,pelvis,swing,-0.6895,-0.7144,-0.1759,177.2461,-62.7441,10.7422,t008,FJTB
2531885836,5025489,3,pelvis,swing,-1.0721,-0.6938,-0.0050,130.9814,-80.3833,14.8926,t008,FJTB
2531885836,5025505,3,pelvis,swing,-1.3103,-0.6464,0.1464,50.9644,-76.4160,10.4370,t008,FJTB
2531885897,5025521,3,pelvis,swing,-1.3676,-0.6395,0.3571,3.6011,-67.5049,8.1177,t008,FJTB
2531885898,5025537,3,pelvis,swing,-1.1736,-0.5802,0.3522,-60.6079,-62.3779,8.3618,t008,FJTB
2531885898,5025553,3,pelvis,swing,-0.8271,-0.2957,0.2567,-66.6504,-65.0635,8.5449,t008,FJTB
2531885899,5025569,3,pelvis,swing,-0.7563,-0.1859,0.2241,-55.1758,-69.2749,5.4321,t008,FJTB
2531885956,5025585,3,pelvis,swing,-0.7517,-0.1211,0.2268,-50.1709,-68.1763,5.4321,t008,FJTB
2531885958,5025601,3,pelvis,swing,-0.8550,-0.0328,0.2941,-48.0347,-62.9272,13.4888,t008,FJTB
2531885958,5025617,3,pelvis,swing,-0.9111,0.0293,0.3125,-30.8838,-60.6079,22.7051,t008,FJTB
2531885958,5025633,3,pelvis,swing,-0.9648,0.0889,0.3043,-10.0708,-60.4248,22.4609,t008,FJTB
2531886017,5025649,3,pelvis,swing,-0.9855,0.0444,0.2898,40.7715,-57.1289,12.6953,t008,FJTB
2531886018,5025665,3,pelvis,swing,-1.0002,-0.1600,0.2402,58.7158,-54.0771,7.8735,t008,FJTB
2531886018,5025681,3,pelvis,swing,-0.9275,-0.3313,0.2024,69.0308,-48.2178,3.6621,t008,FJTB
2531886019,5025697,3,pelvis,swing,-0.8683,-0.3989,0.1920,59.8144,-45.8374,3.5400,t008,FJTB
2531886072,5025713,3,pelvis,loading,-0.7839,-0.4977,0.1569,54.1992,-47.4853,5.3101,t008,FJTB
2531886072,5025728,3,pelvis,loading,-0.8022,-0.5061,0.1371,39.9170,-56.0303,14.4653,t008,FJTB
2531886072,5025744,3,pelvis,loading,-0.9355,-0.3933,0.1472,27.9541,-59.2041,19.5313,t008,FJTB
2531886134,5025760,3,pelvis,loading,-0.9927,-0.3000,0.1724,0.1831,-54.1992,21.7895,t008,FJTB
2531886135,5025776,3,pelvis,loading,-1.0360,-0.1129,0.1886,-11.7187,-46.6919,18.6157,t008,FJTB
2531886135,5025792,3,pelvis,loading,-1.0042,-0.0511,0.1854,-23.9868,-34.3018,12.9395,t008,FJTB
2531886136,5025808,3,pelvis,loading,-0.9600,-0.0884,0.1766,-17.3340,-33.6304,12.3291,t008,FJTB
2531886191,5025824,3,pelvis,loading,-0.8905,-0.1525,0.1233,-9.1553,-37.8418,12.3901,t008,FJTB
2531886193,5025840,3,pelvis,loading,-0.8853,-0.1421,0.1041,10.1318,-48.4009,11.2915,t008,FJTB
2531886193,5025856,3,pelvis,loading,-0.9159,-0.1139,0.0902,20.0195,-52.3071,10.1318,t008,FJTB
2531886194,5025872,3,pelvis,loading,-0.9596,-0.1414,0.0974,35.8276,-57.9224,6.2866,t008,FJTB
2531886252,5025888,3,pelvis,loading,-0.9690,-0.1624,0.0986,41.8701,-61.8286,2.0142,t008,FJTB
2531886252,5025904,3,pelvis,loading,-0.9487,-0.2220,0.0815,42.6636,-64.3311,0.1831,t008,FJTB
2531886253,5025919,3,pelvis,loading,-0.9326,-0.2614,0.0630,44.1284,-66.4673,-0.6714,t008,FJTB
2531886270,5025935,3,pelvis,loading,-0.9122,-0.3020,0.0297,44.9219,-65.7959,-1.6479,t008,FJTB
2531886307,5025951,3,pelvis,loading,-0.9194,-0.3348,0.0377,45.7764,-66.1621,-1.0376,t008,FJTB
2531886309,5025967,3,pelvis,loading,-0.9255,-0.3181,0.0707,38.5132,-68.9087,5.0049,t008,FJTB
2531886310,5025983,3,pelvis,loading,-0.9536,-0.2615,0.1624,32.9590,-66.6504,6.9580,t008,FJTB
2531886367,5025999,3,pelvis,loading,-0.9595,-0.2372,0.1888,22.2778,-52.3682,9.0332,t008,FJTB
2531886368,5026015,3,pelvis,loading,-0.9585,-0.2080,0.1833,20.6299,-44.7388,8.4839,t008,FJTB
2531886368,5026031,3,pelvis,loading,-0.9596,-0.2048,0.1729,30.2124,-35.0952,4.4556,t008,FJTB
2531886369,5026047,3,pelvis,loading,-0.9701,-0.2303,0.1436,39.5508,-32.1045,1.7700,t008,FJTB
2531886423,5026063,3,pelvis,midstance,-0.9941,-0.2451,0.0653,57.9834,-26.5503,-2.6245,t008,FJTB
2531886424,5026079,3,pelvis,midstance,-1.0015,-0.2318,-0.0042,69.7021,-27.7100,-3.2959,t008,FJTB
2531886424,5026095,3,pelvis,midstance,-1.0424,-0.2490,-0.0127,72.2656,-33.0200,-2.8687,t008,FJTB
2531886450,5026111,3,pelvis,midstance,-1.0826,-0.3115,0.0376,71.8384,-40.4053,-2.9907,t008,FJTB
2531886487,5026127,3,pelvis,midstance,-1.2023,-0.4802,0.1486,68.6646,-40.1611,-4.0283,t008,FJTB
2531886487,5026143,3,pelvis,midstance,-1.3708,-0.5640,0.3589,52.4902,-30.0903,-8.1177,t008,FJTB
2531886488,5026159,3,pelvis,midstance,-1.4050,-0.5641,0.4816,23.2544,-0.8545,-13.7939,t008,FJTB
2531886546,5026175,3,pelvis,midstance,-1.3966,-0.4280,0.6462,6.7139,19.9585,-16.2964,t008,FJTB
2531886548,5026191,3,pelvis,midstance,-1.3630,-0.2162,0.6150,-20.8740,61.8286,-23.3154,t008,FJTB
2531886549,5026207,3,pelvis,midstance,-1.1852,0.2187,0.5295,-28.3203,74.5239,-27.4658,t008,FJTB
2531886549,5026223,3,pelvis,midstance,-0.9849,0.2617,0.4186,-22.2168,93.2007,-29.8462,t008,FJTB
2531886609,5026239,3,pelvis,midstance,-0.9655,0.1144,0.2720,27.0996,106.3843,-27.6489,t008,FJTB
2531886609,5026255,3,pelvis,midstance,-1.0543,0.0012,-0.0718,61.0962,104.9194,-27.2217,t008,FJTB
2531886610,5026271,3,pelvis,midstance,-1.2245,-0.0018,-0.1547,111.0229,101.6235,-32.0435,t008,FJTB
2531886610,5026287,3,pelvis,midstance,-1.4733,-0.0374,-0.3009,116.7602,109.6802,-29.6631,t008,FJTB
2531886666,5026303,3,pelvis,midstance,-1.4705,-0.0879,-0.3203,91.8579,128.8452,-12.5122,t008,FJTB
2531886668,5026319,3,pelvis,midstance,-1.3447,-0.2836,-0.2798,68.0542,139.0381,-2.7466,t008,FJTB
2531886669,5026335,3,pelvis,midstance,-1.1537,-0.3495,-0.3068,18.4937,151.0620,10.4370,t008,FJTB
2531886730,5026351,3,pelvis,midstance,-1.1116,-0.3064,-0.2433,-20.0195,142.1509,3.7231,t008,FJTB
2531886730,5026367,3,pelvis,midstance,-1.1305,-0.2726,-0.1403,-31.9824,137.8174,-4.0283,t008,FJTB
2531886730,5026383,3,pelvis,midstance,-1.1371,-0.2910,-0.1576,-49.3774,130.6763,-9.0332,t008,FJTB
2531886731,5026399,3,pelvis,midstance,-1.0878,-0.2948,-0.2140,-55.1147,129.5166,-4.7607,t008,FJTB
2531886788,5026415,3,pelvis,midstance,-0.9919,-0.2297,-0.1947,-65.7959,127.9297,8.6060,t008,FJTB
2531886790,5026431,3,pelvis,midstance,-0.9491,-0.2273,-0.1768,-68.2373,124.8169,16.5405,t008,FJTB
2531886791,5026447,3,pelvis,midstance,-0.8679,-0.2632,-0.1819,-71.9604,120.0561,18.9209,t008,FJTB
2531886791,5026463,3,pelvis,midstance,-0.8311,-0.2507,-0.1785,-86.0596,103.2715,20.2637,t008,FJTB
2531886852,5026479,3,pelvis,midstance,-0.7998,-0.2008,-0.1469,-91.5527,93.7500,20.2637,t008,FJTB
2531886852,5026495,3,pelvis,midstance,-0.8101,-0.1577,-0.0374,-93.9331,80.1392,25.1465,t008,FJTB
2531886853,5026511,3,pelvis,terminal,-0.7942,-0.1414,-0.0061,-77.6978,82.0923,30.8838,t008,FJTB
2531886853,5026527,3,pelvis,terminal,-0.7142,-0.1370,-0.0262,-64.2700,78.0640,28.6865,t008,FJTB
2531886913,5026543,3,pelvis,terminal,-0.6987,-0.1322,0.0055,-44.2505,55.9082,26.4893,t008,FJTB
2531886914,5026559,3,pelvis,terminal,-0.6769,-0.0786,0.1389,-39.3066,46.2646,27.8320,t008,FJTB
2531886915,5026575,3,pelvis,terminal,-0.6451,-0.0211,0.2467,-34.4849,36.0718,27.7100,t008,FJTB
2531886915,5026591,3,pelvis,terminal,-0.6382,-0.0081,0.2905,-30.2734,26.4893,23.1323,t008,FJTB
2531886976,5026607,3,pelvis,terminal,-0.6384,-0.0211,0.3750,-26.3062,21.7285,20.3857,t008,FJTB
2531886976,5026623,3,pelvis,terminal,-0.6486,-0.0417,0.4132,-13.8550,15.9302,14.0381,t008,FJTB
2531886976,5026639,3,pelvis,terminal,-0.6774,-0.0299,0.5217,-8.7280,17.4561,10.9253,t008,FJTB
2531886977,5026655,3,pelvis,terminal,-0.7183,-0.0681,0.6331,-3.1128,24.4751,6.5308,t008,FJTB
2531887032,5026671,3,pelvis,terminal,-0.7590,-0.1499,0.7075,-6.2866,22.8271,14.8926,t008,FJTB
2531887033,5026687,3,pelvis,terminal,-0.7650,-0.2787,0.7758,-6.3477,20.0195,21.2402,t008,FJTB
2531887034,5026703,3,pelvis,terminal,-0.7062,-0.2928,0.7499,3.2349,8.7891,25.1465,t008,FJTB
2531887092,5026718,3,pelvis,terminal,-0.7352,-0.2561,0.7841,4.8828,1.5259,23.0713,t008,FJTB
2531887093,5026735,3,pelvis,terminal,-0.8164,-0.2241,0.8527,-8.7891,-0.3052,19.8364,t008,FJTB
2531887093,5026750,3,pelvis,terminal,-0.8834,-0.2677,0.8943,-19.7144,5.5542,20.2637,t008,FJTB
2531887093,5026766,3,pelvis,terminal,-0.7926,-0.3400,0.7729,-37.2925,14.7095,25.8179,t008,FJTB
2531887146,5026782,3,pelvis,terminal,-0.7246,-0.3358,0.6952,-46.6309,10.9863,32.7759,t008,FJTB
2531887147,5026798,3,pelvis,swing,-0.6099,-0.3129,0.5800,-51.0254,7.8125,35.0342,t008,FJTB
2531887147,5026814,3,pelvis,swing,-0.5403,-0.3120,0.4919,-57.3730,6.1035,35.8276,t008,FJTB
2531887151,5026830,3,pelvis,swing,-0.4453,-0.3252,0.0140,-57.4341,-6.4087,35.3394,t008,FJTB
2531887208,5026846,3,pelvis,swing,-0.8844,-0.1394,0.0138,-79.1626,-69.6411,35.8276,t008,FJTB
2531887208,5026862,3,pelvis,swing,-1.3258,-0.0298,0.4773,-132.3242,-64.3311,32.5317,t008,FJTB
2531887209,5026878,3,pelvis,swing,-2.0098,-0.1072,1.5011,-160.4614,-19.5313,42.6025,t008,FJTB
2531887264,5026894,3,pelvis,swing,-1.8226,-0.1162,1.3809,-190.4907,4.6997,64.6973,t008,FJTB
2531887264,5026910,3,pelvis,swing,-1.0255,0.5144,0.2761,-177.1850,-30.9448,51.5137,t008,FJTB
2531887264,5026926,3,pelvis,swing,-0.7676,0.5940,-0.3702,-68.1152,-76.9653,22.2778,t008,FJTB
2531887265,5026942,3,pelvis,swing,-0.6135,0.5089,-0.3010,72.1436,-51.3306,17.7002,t008,FJTB
2531887307,5026958,3,pelvis,swing,-0.4028,0.0699,-0.1672,118.0420,-33.5083,12.6953,t008,FJTB
2531887307,5026974,3,pelvis,swing,-0.5104,-0.2068,-0.0830,132.1411,-43.8843,8.8501,t008,FJTB
2531887326,5026990,3,pelvis,swing,-0.8947,-0.5801,0.1011,132.2021,-55.6030,9.9487,t008,FJTB
2531887327,5027006,3,pelvis,swing,-1.1082,-0.6748,0.1146,120.6665,-62.8662,11.0474,t008,FJTB
2531887382,5027022,3,pelvis,swing,-1.3722,-0.7092,0.1849,93.3838,-61.8286,11.4746,t008,FJTB
2531887384,5027038,3,pelvis,swing,-1.0502,-0.5330,0.2841,14.7705,-57.3120,13.0615,t008,FJTB
2531887384,5027054,3,pelvis,swing,-0.8772,-0.4238,0.2810,-28.6865,-58.5327,12.1460,t008,FJTB
2531887442,5027070,3,pelvis,swing,-0.7439,-0.2703,0.2185,-32.4707,-57.6782,11.2305,t008,FJTB
2531887442,5027086,3,pelvis,swing,-0.7184,-0.2125,0.1968,-27.8931,-55.1147,14.7095,t008,FJTB
2531887443,5027102,3,pelvis,swing,-0.7596,-0.0928,0.2618,-22.2168,-54.9316,18.9819,t008,FJTB
2531887443,5027118,3,pelvis,swing,-0.9104,-0.0823,0.2910,-4.4556,-55.4199,24.5972,t008,FJTB
2531887499,5027135,3,pelvis,swing,-0.9713,-0.0936,0.2881,21.9116,-54.2603,20.2637,t008,FJTB
2531887499,5027150,3,pelvis,swing,-1.0182,-0.1770,0.2262,33.5693,-54.0161,17.0288,t008,FJTB
2531887499,5027167,3,pelvis,swing,-1.0110,-0.1683,0.2380,44.5557,-52.6733,13.4888,t008,FJTB
2531887538,5027182,3,pelvis,swing,-0.9380,-0.1765,0.2183,45.8374,-49.8047,9.3994,t008,FJTB
2531887556,5027198,3,pelvis,swing,-0.8708,-0.2823,0.2073,45.7153,-49.6826,3.5400,t008,FJTB
2531887557,5027214,3,pelvis,swing,-0.8701,-0.3232,0.2150,45.2270,-55.4199,6.5918,t008,FJTB
2531887557,5027230,3,pelvis,swing,-0.8953,-0.3192,0.2155,43.5791,-56.7627,8.3008,t008,FJTB
2531887611,5027246,3,pelvis,swing,-0.9063,-0.2944,0.1917,38.6353,-56.2744,7.3242,t008,FJTB
2531887612,5027262,3,pelvis,loading,-0.9490,-0.2749,0.1421,35.8276,-55.4810,5.3101,t008,FJTB
2531887612,5027278,3,pelvis,loading,-0.9801,-0.2697,0.1591,26.8555,-51.4526,3.2349,t008,FJTB
2531887615,5027294,3,pelvis,loading,-0.9666,-0.2690,0.1661,16.1743,-46.2646,3.9673,t008,FJTB
2531887673,5027310,3,pelvis,loading,-0.9236,-0.2506,0.1475,12.3291,-46.4478,5.1880,t008,FJTB
2531887673,5027326,3,pelvis,loading,-0.9110,-0.2120,0.1416,10.3149,-50.8423,7.2632,t008,FJTB
2531887674,5027342,3,pelvis,loading,-0.9080,-0.1342,0.1624,14.2822,-53.4668,7.7515,t008,FJTB
2531887729,5027358,3,pelvis,loading,-0.9131,-0.1348,0.1719,28.9307,-57.4341,8.1177,t008,FJTB
2531887729,5027374,3,pelvis,loading,-0.9163,-0.1520,0.1628,43.8843,-62.1338,6.2256,t008,FJTB
2531887731,5027390,3,pelvis,loading,-0.9143,-0.2170,0.1532,50.2930,-64.6973,4.0894,t008,FJTB
2531887732,5027406,3,pelvis,loading,-0.9009,-0.2639,0.1226,59.4482,-66.2842,-1.3428,t008,FJTB
2531887789,5027422,3,pelvis,loading,-0.9041,-0.3268,0.0386,61.2793,-67.3828,-2.5635,t008,FJTB
2531887790,5027438,3,pelvis,loading,-0.9304,-0.3286,0.0520,59.2041,-67.0776,-0.7324,t008,FJTB
2531887790,5027454,3,pelvis,loading,-0.9315,-0.3251,0.0640,48.4009,-60.8520,2.9907,t008,FJTB
2531887842,5027470,3,pelvis,loading,-0.9253,-0.2755,0.0912,42.3584,-57.1289,4.7607,t008,FJTB
2531887844,5027486,3,pelvis,loading,-0.9246,-0.2435,0.1024,36.4380,-49.8047,6.9580,t008,FJTB
2531887845,5027502,3,pelvis,loading,-0.9308,-0.1964,0.0947,38.8794,-47.7295,6.9580,t008,FJTB
2531887845,5027518,3,pelvis,loading,-0.9458,-0.2064,0.0894,50.3540,-45.4102,4.7607,t008,FJTB
2531887901,5027534,3,pelvis,loading,-0.9553,-0.2263,0.0406,53.2227,-42.9077,4.6997,t008,FJTB
2531887902,5027550,3,pelvis,loading,-0.9750,-0.2257,0.0195,55.9692,-40.2832,3.9062,t008,FJTB
2531887902,5027566,3,pelvis,loading,-0.9730,-0.2231,0.0183,62.0117,-39.6118,3.7842,t008,FJTB
2531887903,5027582,3,pelvis,loading,-0.9430,-0.2828,-0.0177,67.6270,-40.7715,4.2114,t008,FJTB
2531887957,5027598,3,pelvis,loading,-0.9694,-0.3370,-0.0465,78.0640,-48.0957,3.7842,t008,FJTB
2531887957,5027614,3,pelvis,midstance,-1.1414,-0.4629,-0.0026,78.1860,-51.3306,1.9531,t008,FJTB
2531887957,5027630,3,pelvis,midstance,-1.3230,-0.6099,0.1677,64.9414,-49.1943,-2.9907,t008,FJTB
2531888019,5027646,3,pelvis,midstance,-1.3789,-0.6067,0.2697,35.7666,-31.0669,-7.0801,t008,FJTB
2531888020,5027662,3,pelvis,midstance,-1.3843,-0.4548,0.4532,17.5781,-15.9302,-8.1177,t008,FJTB
2531888020,5027678,3,pelvis,midstance,-1.3855,-0.3230,0.5587,-9.7046,24.4141,-7.2632,t008,FJTB
2531888020,5027694,3,pelvis,midstance,-1.3076,0.0864,0.6805,-14.6484,48.1567,-8.3008,t008,FJTB
2531888076,5027710,3,pelvis,midstance,-1.0658,0.4539,0.6257,-7.9346,80.6885,-21.2402,t008,FJTB
2531888077,5027726,3,pelvis,midstance,-0.9967,0.4512,0.5839,41.3818,98.2666,-41.6260,t008,FJTB
2531888077,5027742,3,pelvis,midstance,-1.0499,0.1235,0.2329,83.6792,111.7554,-47.7295,t008,FJTB
2531888116,5027758,3,pelvis,midstance,-1.1257,-0.0101,-0.0511,149.2310,128.3569,-49.4995,t008,FJTB
2531888134,5027774,3,pelvis,midstance,-1.3221,-0.1312,-0.4105,161.8042,125.6714,-46.2646,t008,FJTB
2531888134,5027790,3,pelvis,midstance,-1.4156,-0.1467,-0.3789,146.3013,124.2065,-29.6631,t008,FJTB
2531888135,5027807,3,pelvis,midstance,-1.3969,-0.1826,-0.3378,81.9702,144.7754,-13.1836,t008,FJTB
2531888189,5027823,3,pelvis,midstance,-1.2122,-0.2463,-0.3115,47.4243,154.5410,-7.3853,t008,FJTB
2531888190,5027839,3,pelvis,midstance,-1.1301,-0.2401,-0.2919,5.2490,155.8228,-3.9673,t008,FJTB
2531888191,5027855,3,pelvis,midstance,-1.0936,-0.2267,-0.1689,-0.3662,150.4517,-7.8735,t008,FJTB
2531888192,5027871,3,pelvis,midstance,-1.1573,-0.2744,-0.1581,0.7324,136.5356,-17.0898,t008,FJTB
2531888248,5027887,3,pelvis,midstance,-1.1672,-0.2959,-0.1855,-7.9956,133.6060,-15.4419,t008,FJTB
2531888249,5027903,3,pelvis,midstance,-1.1017,-0.3529,-0.2311,-17.0898,133.3618,-7.9346,t008,FJTB
2531888249,5027920,3,pelvis,midstance,-1.0564,-0.3567,-0.2291,-42.1753,128.1738,11.1084,t008,FJTB
2531888304,5027936,3,pelvis,midstance,-0.9814,-0.3455,-0.2021,-56.4575,124.7559,17.0288,t008,FJTB
2531888307,5027952,3,pelvis,midstance,-0.9390,-0.3153,-0.1249,-81.9702,115.6616,20.8130,t008,FJTB
2531888307,5027968,3,pelvis,midstance,-0.9231,-0.2981,-0.0857,-95.4590,100.0366,19.8975,t008,FJTB
2531888307,5027985,3,pelvis,midstance,-0.8617,-0.2402,-0.0261,-96.3745,91.6138,20.2637,t008,FJTB
2531888367,5028001,3,pelvis,midstance,-0.8376,-0.2191,0.0029,-83.9844,82.5806,24.4141,t008,FJTB
2531888367,5028017,3,pelvis,midstance,-0.7949,-0.2021,0.0621,-61.4624,83.0078,31.1890,t008,FJTB
2531888368,5028033,3,pelvis,midstance,-0.7230,-0.1830,0.0844,-50.7812,82.8247,33.4473,t008,FJTB
2531888419,5028049,3,pelvis,midstance,-0.6788,-0.1682,0.0619,-37.1704,65.1855,30.9448,t008,FJTB
2531888424,5028065,3,pelvis,midstance,-0.6519,-0.1465,0.0806,-39.2456,50.3540,32.4707,t008,FJTB
2531888425,5028081,3,pelvis,terminal,-0.6350,-0.0927,0.1239,-50.5371,29.6020,37.0483,t008,FJTB
2531888425,5028097,3,pelvis,terminal,-0.6096,0.0098,0.2045,-55.1758,19.1650,33.6304,t008,FJTB
2531888491,5028114,3,pelvis,terminal,-0.6213,0.0778,0.3177,-56.2744,14.0991,30.5786,t008,FJTB
2531888491,5028129,3,pelvis,terminal,-0.6294,0.0797,0.3820,-54.6265,8.9111,20.0195,t008,FJTB
2531888492,5028145,3,pelvis,terminal,-0.6235,0.0223,0.4535,-49.8657,7.6904,14.4043,t008,FJTB
2531888492,5028161,3,pelvis,terminal,-0.6136,-0.0093,0.4978,-33.0200,4.6387,8.9722,t008,FJTB
2531888550,5028177,3,pelvis,terminal,-0.6406,-0.0917,0.6233,-23.4375,5.0049,9.2773,t008,FJTB
2531888552,5028193,3,pelvis,terminal,-0.7244,-0.2317,0.7952,-8.1787,3.5400,16.3574,t008,FJTB
2531888553,5028209,3,pelvis,terminal,-0.7498,-0.2932,0.8580,-8.7280,-1.4648,26.6113,t008,FJTB
2531888554,5028225,3,pelvis,terminal,-0.7922,-0.2448,0.9613,-11.2915,-5.3711,29.2358,t008,FJTB
2531888619,5028241,3,pelvis,terminal,-0.8259,-0.1954,1.0142,-8.5449,-0.6104,24.4751,t008,FJTB
2531888619,5028257,3,pelvis,terminal,-0.8331,-0.2416,0.9923,-9.0942,8.4229,21.3013,t008,FJTB
2531888620,5028273,3,pelvis,terminal,-0.7347,-0.3698,0.8102,-23.3765,22.3389,23.8037,t008,FJTB
2531888620,5028289,3,pelvis,terminal,-0.6862,-0.4088,0.7095,-46.1426,19.8364,32.1045,t008,FJTB
2531888678,5028305,3,pelvis,terminal,-0.5924,-0.3986,0.5630,-57.6172,16.2964,35.0952,t008,FJTB
2531888679,5028321,3,pelvis,terminal,-0.5481,-0.3728,0.5325,-78.4302,17.2119,35.4004,t008,FJTB
2531888679,5028337,3,pelvis,terminal,-0.4301,-0.3739,0.3203,-88.6841,16.1133,34.9121,t008,FJTB
2531888739,5028353,3,pelvis,terminal,-0.6260,-0.3835,0.0607,-115.7837,-40.5884,41.3818,t008,FJTB
2531888740,5028370,3,pelvis,terminal,-1.2954,-0.2693,0.6659,-165.1001,-55.2368,41.3208,t008,FJTB
2531888740,5028386,3,pelvis,swing,-2.4957,-0.2422,1.2639,-197.2046,-5.7983,44.4336,t008,FJTB
2531888741,5028402,3,pelvis,swing,-1.9910,-0.0571,0.8269,-227.0508,-3.2349,70.0684,t008,FJTB
2531888741,5028418,3,pelvis,swing,-0.9191,0.6615,-0.0997,-184.5703,-40.4663,65.7349,t008,FJTB
2531888797,5028434,3,pelvis,swing,-0.5438,0.7605,-0.3652,-41.5039,-60.4248,41.1987,t008,FJTB
2531888798,5028450,3,pelvis,swing,-0.3861,0.5709,-0.3596,82.6416,-39.7339,19.3481,t008,FJTB
2531888798,5028466,3,pelvis,swing,-0.6218,-0.0868,-0.3727,114.7461,-41.5649,12.6953,t008,FJTB
2531888803,5028482,3,pelvis,swing,-0.8479,-0.3409,-0.1912,133.1787,-57.1899,16.3574,t008,FJTB
2531888863,5028499,3,pelvis,swing,-1.2408,-0.6000,0.0455,132.2632,-57.2510,18.6768,t008,FJTB
2531888863,5028515,3,pelvis,swing,-1.3346,-0.6455,0.1232,105.6518,-54.8096,20.6909,t008,FJTB
2531888864,5028531,3,pelvis,swing,-1.2288,-0.6959,0.1727,45.9595,-57.8003,18.6768,t008,FJTB
2531888894,5028547,3,pelvis,swing,-0.9510,-0.5957,0.1779,9.8877,-63.1103,20.3247,t008,FJTB
2531888924,5028563,3,pelvis,swing,-0.8538,-0.4302,0.1636,-34.1797,-70.8008,24.2310,t008,FJTB
2531888924,5028579,3,pelvis,swing,-0.7717,-0.0944,0.1597,-27.9541,-69.4580,23.6816,t008,FJTB
2531888925,5028595,3,pelvis,swing,-0.8022,0.0646,0.2198,-18.2495,-67.7490,23.0713,t008,FJTB
2531888985,5028612,3,pelvis,swing,-0.8726,0.0706,0.2648,0.0000,-62.0117,20.3857,t008,FJTB
2531888985,5028628,3,pelvis,swing,-1.0200,0.0785,0.3320,10.8643,-58.8989,15.9302,t008,FJTB
2531888985,5028644,3,pelvis,swing,-1.0562,0.0374,0.3521,39.4897,-51.6968,1.5259,t008,FJTB
2531888986,5028660,3,pelvis,swing,-1.0237,-0.1853,0.3495,53.5278,-46.6309,-3.1738,t008,FJTB
2531889037,5028676,3,pelvis,swing,-0.8796,-0.3248,0.2759,72.8760,-40.1001,-5.3711,t008,FJTB
2531889044,5028692,3,pelvis,swing,-0.8226,-0.3579,0.2543,80.9936,-44.1894,-3.1128,t008,FJTB
2531889045,5028708,3,pelvis,swing,-0.8032,-0.3527,0.2587,79.6509,-46.6919,-1.6479,t008,FJTB
2531889045,5028724,3,pelvis,swing,-0.8860,-0.3643,0.2600,72.0215,-49.0112,-1.8311,t008,FJTB
2531889105,5028740,3,pelvis,swing,-0.9142,-0.3545,0.2681,61.5234,-48.9502,-1.5259,t008,FJTB
2531889106,5028757,3,pelvis,swing,-0.9302,-0.3231,0.2311,54.5044,-47.4243,-2.6245,t008,FJTB
2531889106,5028773,3,pelvis,swing,-0.9253,-0.3246,0.1887,39.6118,-44.6167,-3.6011,t008,FJTB
2531889162,5028789,3,pelvis,swing,-0.9070,-0.3097,0.1339,32.7148,-43.5181,-2.1362,t008,FJTB
2531889164,5028805,3,pelvis,loading,-0.9008,-0.2823,0.1375,22.0337,-44.6167,0.6714,t008,FJTB
2531889165,5028820,3,pelvis,loading,-0.9088,-0.2301,0.1411,18.4326,-46.3257,1.2207,t008,FJTB
2531889165,5028837,3,pelvis,loading,-0.9270,-0.1816,0.1206,15.4419,-51.6357,2.5635,t008,FJTB
2531889225,5028853,3,pelvis,loading,-0.9343,-0.1577,0.1204,19.8364,-57.0679,4.0283,t008,FJTB
2531889225,5028869,3,pelvis,loading,-0.9415,-0.1263,0.1263,25.3296,-59.5093,3.9062,t008,FJTB
2531889226,5028885,3,pelvis,loading,-0.9353,-0.1243,0.1228,40.2832,-65.6128,0.1831,t008,FJTB
2531889226,5028901,3,pelvis,loading,-0.9155,-0.1738,0.1074,46.3867,-67.8101,-2.1362,t008,FJTB
2531889284,5028917,3,pelvis,loading,-0.9016,-0.2710,0.0891,54.5654,-70.8618,-6.5918,t008,FJTB
2531889285,5028933,3,pelvis,loading,-0.8877,-0.3453,0.0698,56.0303,-73.3032,-4.8218,t008,FJTB
2531889286,5028949,3,pelvis,loading,-0.8687,-0.3778,0.0203,53.7109,-74.3408,-1.0376,t008,FJTB
2531889327,5028966,3,pelvis,loading,-0.9154,-0.2906,0.0645,39.6729,-72.6318,4.4556,t008,FJTB
2531889346,5028982,3,pelvis,loading,-0.9414,-0.2599,0.0802,25.2075,-63.7207,6.6528,t008,FJTB
2531889347,5028997,3,pelvis,loading,-0.9644,-0.2262,0.0426,25.0244,-60.4858,6.0425,t008,FJTB
2531889347,5029013,3,pelvis,loading,-0.9816,-0.2108,0.0413,35.8887,-54.9927,3.1128,t008,FJTB
2531889403,5029029,3,pelvis,loading,-1.0122,-0.1865,0.0876,41.0156,-50.4150,1.6479,t008,FJTB
2531889404,5029045,3,pelvis,loading,-1.0056,-0.1881,0.1040,49.3164,-41.3818,0.6714,t008,FJTB
2531889406,5029061,3,pelvis,loading,-0.9630,-0.2152,0.1265,55.1147,-39.7339,1.3428,t008,FJTB
2531889406,5029077,3,pelvis,loading,-0.9581,-0.3854,0.1145,73.4253,-39.4897,2.2583,t008,FJTB
2531889466,5029093,3,pelvis,loading,-0.9987,-0.4843,0.0774,90.1489,-40.8325,-0.4272,t008,FJTB
2531889467,5029109,3,pelvis,loading,-1.1563,-0.5845,0.0890,87.8906,-42.2363,-3.5400,t008,FJTB
2531889467,5029126,3,pelvis,loading,-1.2440,-0.6198,0.1705,55.4199,-39.1235,-8.1787,t008,FJTB
2531889467,5029142,3,pelvis,loading,-1.3770,-0.5454,0.3191,33.1421,-32.7759,-8.5449,t008,FJTB
2531889523,5029158,3,pelvis,midstance,-1.3546,-0.2441,0.5049,-3.6621,-8.8501,-6.5918,t008,FJTB
2531889524,5029174,3,pelvis,midstance,-1.3280,-0.0377,0.6012,-12.9395,28.0151,-5.0049,t008,FJTB
2531889524,5029190,3,pelvis,midstance,-1.2142,0.4261,0.6116,-6.7139,48.5840,-8.4839,t008,FJTB
2531889527,5029206,3,pelvis,midstance,-1.1069,0.5918,0.5184,29.1748,76.3550,-25.2075,t008,FJTB
2531889589,5029222,3,pelvis,midstance,-0.9648,0.5157,0.2687,98.1445,93.9941,-46.7529,t008,FJTB
2531889590,5029238,3,pelvis,midstance,-1.0662,0.0806,-0.0516,134.3994,103.3935,-53.6499,t008,FJTB
2531889591,5029254,3,pelvis,midstance,-1.2144,-0.1047,-0.1906,167.4194,114.6240,-54.0771,t008,FJTB
2531889591,5029270,3,pelvis,midstance,-1.5038,-0.3339,-0.3730,158.7524,117.5537,-47.2412,t008,FJTB
2531889648,5029286,3,pelvis,midstance,-1.5399,-0.3612,-0.3983,101.8066,129.2725,-27.0386,t008,FJTB
2531889648,5029302,3,pelvis,midstance,-1.3710,-0.3503,-0.3629,64.3921,139.2212,-17.9443,t008,FJTB
2531889651,5029319,3,pelvis,midstance,-1.1235,-0.2936,-0.3097,7.4463,147.0337,-6.4087,t008,FJTB
2531889711,5029335,3,pelvis,midstance,-1.0745,-0.2593,-0.2185,-16.9067,131.0425,-5.1270,t008,FJTB
2531889712,5029351,3,pelvis,midstance,-1.1067,-0.2886,-0.1135,-20.2637,127.0752,-6.2866,t008,FJTB
2531889712,5029367,3,pelvis,midstance,-1.1248,-0.3344,-0.1602,-23.8647,124.3286,-2.6245,t008,FJTB
2531889712,5029383,3,pelvis,midstance,-1.0845,-0.3430,-0.2552,-34.5459,120.3003,8.1787,t008,FJTB
2531889771,5029399,3,pelvis,midstance,-1.0062,-0.2803,-0.2219,-39.7339,120.3613,12.9395,t008,FJTB
2531889771,5029415,3,pelvis,midstance,-0.9749,-0.2728,-0.2074,-47.6074,119.6289,21.7285,t008,FJTB
2531889772,5029432,3,pelvis,midstance,-0.9032,-0.2942,-0.2231,-55.5420,115.0513,25.2686,t008,FJTB
2531889772,5029448,3,pelvis,midstance,-0.8442,-0.3048,-0.1810,-78.7354,101.5015,27.7710,t008,FJTB
2531889832,5029464,3,pelvis,midstance,-0.8315,-0.3033,-0.1458,-96.5576,87.9517,31.6772,t008,FJTB
2531889832,5029480,3,pelvis,midstance,-0.8156,-0.2864,-0.0647,-99.5483,81.5430,35.5835,t008,FJTB
2531889833,5029496,3,pelvis,midstance,-0.8123,-0.2885,-0.0330,-94.2383,74.5239,43.0908,t008,FJTB
2531889833,5029513,3,pelvis,midstance,-0.8146,-0.2527,0.0034,-89.5386,74.5850,45.8374,t008,FJTB
2531889888,5029528,3,pelvis,midstance,-0.7915,-0.1672,0.0143,-75.8667,68.1152,44.3726,t008,FJTB
2531889889,5029544,3,pelvis,terminal,-0.7932,-0.1376,0.0443,-67.5659,47.3022,42.1753,t008,FJTB
2531889889,5029560,3,pelvis,terminal,-0.7800,-0.0608,0.1321,-70.2515,37.4756,43.3960,t008,FJTB
2531889948,5029576,3,pelvis,terminal,-0.7611,-0.0068,0.1841,-79.7119,24.5361,41.9311,t008,FJTB
2531889955,5029592,3,pelvis,terminal,-0.7327,0.1106,0.2887,-83.6792,19.4092,38.8184,t008,FJTB
2531889956,5029608,3,pelvis,terminal,-0.7334,0.1665,0.3665,-86.7920,10.8032,31.1890,t008,FJTB
2531889956,5029624,3,pelvis,terminal,-0.7343,0.2189,0.5212,-82.4585,8.7280,25.4517,t008,FJTB
2531889976,5029640,3,pelvis,terminal,-0.7238,0.1307,0.6311,-61.1572,13.9160,11.2915,t008,FJTB
2531890013,5029656,3,pelvis,terminal,-0.7030,0.0189,0.6019,-23.9868,23.0713,7.9956,t008,FJTB
2531890015,5029671,3,pelvis,terminal,-0.7039,-0.2133,0.5475,-6.4697,20.1416,14.0991,t008,FJTB
2531890016,5029687,3,pelvis,terminal,-0.7426,-0.2921,0.6041,11.5967,9.2773,33.3252,t008,FJTB
2531890076,5029703,3,pelvis,terminal,-0.8093,-0.4010,0.7302,13.8550,10.8643,41.9311,t008,FJTB
2531890076,5029719,3,pelvis,terminal,-0.7539,-0.3335,0.6077,7.0801,14.1602,48.7061,t008,FJTB
2531890077,5029735,3,pelvis,terminal,-0.7374,-0.2162,0.6326,-13.7939,1.5869,38.2080,t008,FJTB
2531890077,5029751,3,pelvis,terminal,-0.7495,-0.1194,0.7773,-22.0337,1.6479,30.5786,t008,FJTB
2531890134,5029767,3,pelvis,terminal,-0.7390,-0.1632,0.8033,-37.7808,13.6719,25.6348,t008,FJTB
2531890135,5029783,3,pelvis,terminal,-0.6859,-0.3273,0.7384,-46.3257,18.9209,29.2969,t008,FJTB
2531890135,5029799,3,pelvis,terminal,-0.6458,-0.3871,0.6761,-65.1855,16.9678,38.3301,t008,FJTB
2531890194,5029815,3,pelvis,terminal,-0.5857,-0.3608,0.5698,-87.0361,3.7842,39.0625,t008,FJTB
2531890195,5029831,3,pelvis,terminal,-0.5957,-0.2828,0.5037,-95.6421,-1.2817,37.5977,t008,FJTB
2531890195,5029847,3,pelvis,terminal,-0.6158,-0.2721,0.5236,-100.7080,-2.5635,38.7573,t008,FJTB
2531890196,5029863,3,pelvis,terminal,-0.6085,-0.2208,0.5618,-94.5434,1.5869,39.5508,t008,FJTB
2531890251,5029879,3,pelvis,terminal,-0.6089,-0.1415,0.4686,-76.1719,-14.5874,34.1797,t008,FJTB
2531890252,5029895,3,pelvis,swing,-1.4237,0.1548,0.9835,-79.4067,-40.1611,26.9165,t008,FJTB
2531890252,5029911,3,pelvis,swing,-2.6539,0.2396,1.4548,-138.9160,-24.4751,27.2217,t008,FJTB
2531890252,5029927,3,pelvis,swing,-1.9092,0.2102,0.6024,-146.3013,16.4185,32.3486,t008,FJTB
2531890316,5029943,3,pelvis,swing,-0.6222,0.1791,-0.5280,-115.2954,-10.9863,32.7148,t008,FJTB
2531890317,5029959,3,pelvis,swing,-0.4459,0.2830,-0.4738,-1.7700,-49.3164,31.6162,t008,FJTB
2531890317,5029975,3,pelvis,swing,-0.2515,0.2457,-0.2836,57.9834,-48.8892,22.1558,t008,FJTB
2531890317,5029991,3,pelvis,swing,-0.7206,-0.5103,-0.4529,114.0137,-59.0820,4.2725,t008,FJTB
2531890374,5030007,3,pelvis,swing,-0.9448,-0.6792,-0.2736,109.0088,-80.9936,22.7661,t008,FJTB
2531890376,5030023,3,pelvis,swing,-1.3770,-0.5015,0.1129,101.9287,-79.7729,28.2593,t008,FJTB
2531890377,5030039,3,pelvis,swing,-1.4288,-0.4054,0.2059,62.5610,-62.8052,20.8740,t008,FJTB
2531890377,5030055,3,pelvis,swing,-1.1013,-0.4148,0.2509,31.5552,-57.8613,14.5874,t008,FJTB
2531890436,5030071,3,pelvis,swing,-0.8783,-0.2581,0.2233,-20.6299,-64.9414,11.9629,t008,FJTB
2531890437,5030087,3,pelvis,swing,-0.8456,-0.1340,0.2008,-19.2261,-69.6411,10.2539,t008,FJTB
2531890438,5030103,3,pelvis,swing,-0.8038,-0.0469,0.1644,-0.8545,-68.9697,7.6294,t008,FJTB
2531890493,5030119,3,pelvis,swing,-0.8035,-0.1024,0.1681,24.9634,-66.6504,7.5684,t008,FJTB
2531890494,5030135,3,pelvis,swing,-0.8953,-0.2432,0.2013,25.5737,-66.1621,11.2305,t008,FJTB
2531890495,5030151,3,pelvis,swing,-1.0042,-0.2444,0.2238,27.3437,-67.5659,15.6860,t008,FJTB
2531890495,5030167,3,pelvis,swing,-1.0255,-0.2054,0.2512,43.7012,-66.1011,12.3291,t008,FJTB
2531890555,5030184,3,pelvis,swing,-1.0267,-0.2085,0.2727,52.2461,-62.3169,10.2539,t008,FJTB
2531890555,5030199,3,pelvis,swing,-0.9744,-0.2092,0.2572,61.1572,-49.8657,2.8076,t008,FJTB
2531890556,5030215,3,pelvis,swing,-0.8567,-0.2673,0.2391,62.3169,-46.4478,-1.5259,t008,FJTB
2531890556,5030231,3,pelvis,swing,-0.8552,-0.2900,0.2605,60.6689,-48.7671,-2.1973,t008,FJTB
2531890612,5030248,3,pelvis,swing,-0.8815,-0.2869,0.2612,60.7910,-54.3823,0.8545,t008,FJTB
2531890615,5030264,3,pelvis,swing,-0.9622,-0.3143,0.2689,61.4014,-54.3823,1.6479,t008,FJTB
2531890616,5030279,3,pelvis,swing,-0.9834,-0.3359,0.2471,55.1147,-45.2881,3.4180,t008,FJTB
2531890616,5030296,3,pelvis,swing,-0.9653,-0.3372,0.1738,47.3022,-38.4521,4.3945,t008,FJTB
2531890675,5030312,3,pelvis,swing,-0.9364,-0.3104,0.1411,31.2500,-28.1982,3.1738,t008,FJTB
2531890675,5030327,3,pelvis,swing,-0.8954,-0.2517,0.1337,24.0478,-25.6348,0.1831,t008,FJTB
2531890676,5030343,3,pelvis,swing,-0.8821,-0.2001,0.1660,23.7427,-26.3062,-0.8545,t008,FJTB
2531890730,5030359,3,pelvis,swing,-0.8749,-0.1902,0.1614,30.2734,-29.8462,0.9155,t008,FJTB
2531890730,5030375,3,pelvis,loading,-0.8889,-0.1696,0.1056,38.0249,-33.8135,2.2583,t008,FJTB
2531890730,5030391,3,pelvis,loading,-0.9181,-0.1652,0.0759,54.7485,-44.7388,2.4414,t008,FJTB
2531890731,5030408,3,pelvis,loading,-0.9722,-0.1602,0.0582,59.7534,-49.9878,1.2207,t008,FJTB
2531890794,5030423,3,pelvis,loading,-0.9547,-0.2313,0.0114,62.0728,-52.9785,-1.8311,t008,FJTB
2531890795,5030440,3,pelvis,loading,-0.9156,-0.2821,-0.0574,61.5234,-52.9175,-1.0376,t008,FJTB
2531890795,5030456,3,pelvis,loading,-0.8542,-0.3224,-0.0490,61.2183,-54.1382,-0.1831,t008,FJTB
2531890796,5030472,3,pelvis,loading,-0.8591,-0.3502,0.0050,57.5561,-54.1992,-0.6104,t008,FJTB
2531890852,5030488,3,pelvis,loading,-0.9182,-0.3792,0.0233,43.2129,-53.4058,5.0049,t008,FJTB
2531890854,5030504,3,pelvis,loading,-0.9694,-0.2301,0.0695,36.4990,-54.0771,7.0190,t008,FJTB
2531890855,5030520,3,pelvis,loading,-0.9642,-0.1779,0.1018,35.8276,-50.2319,5.8594,t008,FJTB
2531890866,5030536,3,pelvis,loading,-0.9510,-0.1742,0.1278,39.9170,-47.9736,4.1504,t008,FJTB
2531890914,5030552,3,pelvis,loading,-0.9650,-0.1968,0.1450,47.1802,-43.1519,-0.4272,t008,FJTB
2531890914,5030569,3,pelvis,loading,-1.0081,-0.2390,0.2152,52.7954,-37.4756,-3.4180,t008,FJTB
2531890914,5030585,3,pelvis,loading,-1.0359,-0.3069,0.2773,56.6406,-33.7524,-3.9062,t008,FJTB
2531890971,5030601,3,pelvis,loading,-1.0463,-0.3505,0.2655,68.2983,-29.6020,-2.9907,t008,FJTB
2531890972,5030617,3,pelvis,midstance,-1.0587,-0.4137,0.2072,73.6694,-29.6020,-2.1362,t008,FJTB
2531890972,5030633,3,pelvis,midstance,-1.0660,-0.4423,0.2266,71.7163,-28.3813,-1.1597,t008,FJTB
2531890972,5030649,3,pelvis,midstance,-1.1425,-0.4678,0.3673,52.5513,-18.0664,-4.4556,t008,FJTB
2531891036,5030665,3,pelvis,midstance,-1.2845,-0.4016,0.5643,38.2080,-5.7373,-7.1411,t008,FJTB
2531891036,5030681,3,pelvis,midstance,-1.3457,-0.2520,0.6819,10.4980,35.9497,-12.0239,t008,FJTB
2531891036,5030697,3,pelvis,midstance,-1.3118,0.2518,0.7185,2.0142,60.4858,-17.2729,t008,FJTB
2531891037,5030713,3,pelvis,midstance,-1.2021,0.4196,0.6029,10.0098,87.1582,-34.1187,t008,FJTB
2531891092,5030729,3,pelvis,midstance,-1.0579,0.2477,0.3820,33.8135,89.1724,-41.5039,t008,FJTB
2531891094,5030745,3,pelvis,midstance,-1.1742,-0.1663,0.0911,109.2529,97.2290,-48.4619,t008,FJTB
2531891096,5030761,3,pelvis,midstance,-1.3237,-0.2715,-0.0583,146.7285,104.5532,-43.0298,t008,FJTB
2531891155,5030777,3,pelvis,midstance,-1.6226,-0.3405,-0.2577,135.9863,109.0088,-36.2549,t008,FJTB
2531891155,5030794,3,pelvis,midstance,-1.6095,-0.3574,-0.3260,76.9653,126.2207,-12.6343,t008,FJTB
2531891156,5030810,3,pelvis,midstance,-1.3726,-0.4166,-0.3497,3.9062,144.9585,9.6436,t008,FJTB
2531891156,5030826,3,pelvis,midstance,-1.1978,-0.4258,-0.2742,-22.5830,149.1699,16.1133,t008,FJTB
2531891213,5030842,3,pelvis,midstance,-1.1130,-0.3394,-0.2187,-54.1382,142.4561,11.9019,t008,FJTB
2531891214,5030858,3,pelvis,midstance,-1.0546,-0.2150,-0.0820,-61.5234,134.8877,1.9531,t008,FJTB
2531891215,5030874,3,pelvis,midstance,-1.0825,-0.2050,-0.0796,-68.5425,125.2441,-8.7280,t008,FJTB
2531891216,5030890,3,pelvis,midstance,-1.0673,-0.1825,-0.1190,-62.4390,123.2300,-3.4790,t008,FJTB
2531891275,5030906,3,pelvis,midstance,-0.9808,-0.1328,-0.1599,-55.7861,123.1079,1.7700,t008,FJTB
2531891276,5030923,3,pelvis,midstance,-0.9379,-0.1317,-0.1449,-44.5557,124.3896,11.1694,t008,FJTB
2531891276,5030939,3,pelvis,midstance,-0.9056,-0.2155,-0.1246,-42.1143,123.4741,15.4419,t008,FJTB
2531891276,5030955,3,pelvis,midstance,-0.8463,-0.2488,-0.1123,-48.6450,113.0371,21.8506,t008,FJTB
2531891331,5030971,3,pelvis,terminal,-0.7955,-0.2263,-0.1062,-62.3169,95.1538,21.9116,t008,FJTB
2531891331,5030987,3,pelvis,terminal,-0.7345,-0.1858,-0.0814,-65.4907,85.7544,20.9351,t008,FJTB
2531891332,5031003,3,pelvis,terminal,-0.7344,-0.1965,-0.0486,-62.6831,72.0215,22.5220,t008,FJTB
2531891397,5031019,3,pelvis,terminal,-0.7164,-0.1667,-0.0104,-57.8003,69.7021,23.9868,t008,FJTB
2531891397,5031035,3,pelvis,terminal,-0.7012,-0.1248,-0.0061,-47.1802,61.0352,19.5923,t008,FJTB
2531891398,5031051,3,pelvis,terminal,-0.7003,-0.1028,0.0228,-41.3208,42.7246,18.6768,t008,FJTB
2531891398,5031067,3,pelvis,terminal,-0.6620,-0.0447,0.1365,-42.6025,33.9355,19.7144,t008,FJTB
2531891456,5031083,3,pelvis,terminal,-0.6284,-0.0099,0.1986,-44.7388,21.1182,19.6533,t008,FJTB
2531891456,5031099,3,pelvis,terminal,-0.5892,0.0344,0.2930,-44.1894,14.4653,18.1885,t008,FJTB
2531891458,5031115,3,pelvis,terminal,-0.6141,0.0393,0.4194,-39.7949,2.0752,14.2212,t008,FJTB
2531891458,5031131,3,pelvis,terminal,-0.6527,0.0389,0.5012,-34.1797,-1.6479,7.4463,t008,FJTB
2531891518,5031147,3,pelvis,terminal,-0.7299,0.0189,0.7734,-32.2266,2.5024,3.2349,t008,FJTB
2531891518,5031163,3,pelvis,terminal,-0.7343,-0.0475,0.8727,-26.4893,30.7007,-3.4790,t008,FJTB
2531891519,5031179,3,pelvis,terminal,-0.6915,-0.2041,0.8196,-20.4468,39.7949,-2.1362,t008,FJTB
2531891519,5031195,3,pelvis,terminal,-0.6633,-0.2126,0.7529,0.3662,26.7334,6.1646,t008,FJTB
2531891575,5031211,3,pelvis,terminal,-0.6938,-0.1422,0.6576,12.2070,12.5122,8.2397,t008,FJTB
2531891578,5031227,3,pelvis,terminal,-0.8597,-0.1508,0.7262,18.6157,-9.2773,10.8032,t008,FJTB
2531891578,5031243,3,pelvis,terminal,-0.9045,-0.2131,0.7858,-4.0894,-3.1128,16.1743,t008,FJTB
2531891589,5031259,3,pelvis,terminal,-0.8593,-0.4176,0.8442,-19.2871,5.1270,19.4702,t008,FJTB
2531891638,5031275,3,pelvis,terminal,-0.7983,-0.4802,0.8140,-47.6685,8.7891,26.3672,t008,FJTB
2531891638,5031291,3,pelvis,terminal,-0.7007,-0.4203,0.7192,-57.8613,4.6387,29.2969,t008,FJTB
2531891639,5031307,3,pelvis,terminal,-0.5446,-0.3121,0.4818,-69.0308,3.8452,30.7617,t008,FJTB
2531891696,5031323,3,pelvis,terminal,-0.4492,-0.2756,0.2349,-76.5991,-19.4702,25.7568,t008,FJTB
2531891696,5031339,3,pelvis,terminal,-0.6307,-0.1017,-0.0588,-86.1206,-49.2554,23.6206,t008,FJTB
2531891696,5031355,3,pelvis,swing,-1.0393,0.0482,0.1898,-108.8867,-77.3926,15.4419,t008,FJTB
2531891698,5031371,3,pelvis,swing,-2.3689,0.0269,1.6486,-125.6714,-41.8091,18.1885,t008,FJTB
2531891758,5031387,3,pelvis,swing,-1.6824,-0.1633,1.0464,-153.0151,46.9971,52.2461,t008,FJTB
2531891758,5031403,3,pelvis,swing,-0.9517,0.1561,0.2653,-122.9858,-35.8276,60.2417,t008,FJTB
2531891758,5031419,3,pelvis,swing,-0.6036,0.5577,-0.4133,-80.8105,-70.0684,49.9268,t008,FJTB
2531891759,5031435,3,pelvis,swing,-0.5353,0.5768,-0.2969,34.3018,-55.6641,31.4941,t008,FJTB
2531891814,5031451,3,pelvis,swing,-0.3799,0.1400,-0.2299,91.4307,-36.0107,20.3857,t008,FJTB
2531891817,5031467,3,pelvis,swing,-0.7366,-0.5739,-0.2119,134.3994,-51.0864,15.0757,t008,FJTB
2531891817,5031483,3,pelvis,swing,-0.9297,-0.7111,-0.0615,121.7651,-70.8008,28.7476,t008,FJTB
2531891853,5031499,3,pelvis,swing,-1.2568,-0.6827,0.1472,104.9194,-69.8853,28.0151,t008,FJTB
2531891875,5031515,3,pelvis,swing,-1.3218,-0.7407,0.2191,37.1094,-63.2935,19.4702,t008,FJTB
2531891875,5031531,3,pelvis,swing,-1.0742,-0.5789,0.2972,-9.4604,-62.0728,21.1792,t008,FJTB
2531891876,5031547,3,pelvis,swing,-0.8171,-0.1842,0.2585,-68.2983,-65.7349,24.2310,t008,FJTB
2531891933,5031564,3,pelvis,swing,-0.7740,-0.0409,0.2262,-62.3779,-69.4580,19.5313,t008,FJTB
2531891933,5031580,3,pelvis,swing,-0.7686,0.0774,0.2296,-47.8516,-69.7632,17.7002,t008,FJTB
2531891934,5031595,3,pelvis,swing,-0.8022,0.0537,0.2759,-14.1602,-69.5190,18.4937,t008,FJTB
2531891934,5031611,3,pelvis,swing,-0.9458,-0.0165,0.3408,5.3101,-69.5190,19.5313,t008,FJTB
2531891994,5031628,3,pelvis,swing,-1.0115,-0.0344,0.3445,42.1143,-66.3452,17.5781,t008,FJTB
2531891995,5031644,3,pelvis,swing,-1.0382,-0.1107,0.3221,60.3027,-57.8613,12.1460,t008,FJTB
2531891995,5031660,3,pelvis,swing,-0.9495,-0.2312,0.2776,65.8569,-54.8096,9.7046,t008,FJTB
2531891996,5031675,3,pelvis,swing,-0.8875,-0.2736,0.2424,75.6226,-52.1240,5.6152,t008,FJTB
2531892052,5031691,3,pelvis,swing,-0.7987,-0.2919,0.1912,77.7588,-51.7578,4.2725,t008,FJTB
2531892053,5031707,3,pelvis,swing,-0.8069,-0.3066,0.1825,74.2188,-53.2837,3.2349,t008,FJTB
2531892054,5031723,3,pelvis,swing,-0.9011,-0.3457,0.1719,68.3594,-54.0161,3.7842,t008,FJTB
2531892113,5031739,3,pelvis,swing,-0.9692,-0.3525,0.1605,54.1382,-51.1475,3.2349,t008,FJTB
2531892113,5031755,3,pelvis,swing,-0.9717,-0.3501,0.1342,38.4521,-44.0063,1.2817,t008,FJTB
2531892114,5031771,3,pelvis,swing,-0.9452,-0.3286,0.1111,29.6020,-41.1987,0.9155,t008,FJTB
2531892114,5031787,3,pelvis,swing,-0.9249,-0.3159,0.1179,14.0991,-38.2080,1.6479,t008,FJTB
2531892173,5031803,3,pelvis,swing,-0.9086,-0.2916,0.1117,9.2773,-38.4521,2.2583,t008,FJTB
2531892173,5031819,3,pelvis,swing,-0.9323,-0.1893,0.0596,5.4932,-43.6401,3.7842,t008,FJTB
2531892174,5031835,3,pelvis,swing,-0.9387,-0.1262,0.0515,10.9253,-49.4995,3.6621,t008,FJTB
2531892174,5031851,3,pelvis,swing,-0.9382,-0.0718,0.0516,17.4561,-51.3306,2.9297,t008,FJTB
2531892233,5031867,3,pelvis,swing,-0.9290,-0.0762,0.0442,33.3252,-54.7485,1.7090,t008,FJTB
2531892234,5031884,3,pelvis,swing,-0.9136,-0.1448,0.0319,40.2832,-57.3120,0.9155,t008,FJTB
2531892235,5031899,3,pelvis,loading,-0.9355,-0.2543,0.0504,51.2085,-62.8662,-0.5493,t008,FJTB
2531892236,5031915,3,pelvis,loading,-0.9415,-0.3053,0.0734,57.8003,-63.7207,0.5493,t008,FJTB
2531892293,5031932,3,pelvis,loading,-0.9430,-0.3234,0.0897,57.9834,-60.7910,2.6245,t008,FJTB
2531892293,5031948,3,pelvis,loading,-0.9534,-0.2915,0.1199,51.5137,-52.4292,6.6528,t008,FJTB
2531892294,5031963,3,pelvis,loading,-0.9680,-0.2369,0.1812,46.1426,-47.9736,7.6904,t008,FJTB
2531892353,5031980,3,pelvis,loading,-0.9293,-0.2330,0.1345,44.8608,-42.9077,5.6763,t008,FJTB
2531892354,5031995,3,pelvis,loading,-0.9053,-0.2546,0.1019,55.0537,-42.2974,0.6104,t008,FJTB
2531892354,5032011,3,pelvis,loading,-0.9113,-0.3390,0.0112,60.4248,-43.4570,-1.3428,t008,FJTB
2531892355,5032027,3,pelvis,loading,-0.9523,-0.3739,-0.0159,61.3403,-47.6685,-2.0752,t008,FJTB
2531892411,5032044,3,pelvis,loading,-1.0215,-0.3667,0.0046,55.2978,-48.4009,-1.8921,t008,FJTB
2531892414,5032060,3,pelvis,loading,-1.0391,-0.3726,0.0256,45.4712,-51.7578,-2.9907,t008,FJTB
2531892414,5032076,3,pelvis,loading,-1.0707,-0.3760,0.0939,40.9546,-54.1992,-5.2490,t008,FJTB
2531892414,5032092,3,pelvis,loading,-1.0935,-0.3887,0.2079,39.9780,-53.2837,-6.8359,t008,FJTB
2531892474,5032108,3,pelvis,loading,-1.1262,-0.4375,0.2867,39.1235,-47.0581,-10.0098,t008,FJTB
2531892475,5032124,3,pelvis,midstance,-1.3298,-0.5162,0.4879,35.4614,-39.4287,-11.4136,t008,FJTB
2531892475,5032140,3,pelvis,midstance,-1.4514,-0.4639,0.5858,14.1602,-2.7466,-14.0991,t008,FJTB
2531892476,5032156,3,pelvis,midstance,-1.4663,-0.0715,0.6859,0.9155,25.8179,-15.9302,t008,FJTB
2531892531,5032172,3,pelvis,midstance,-1.1523,0.4585,0.5942,-7.0190,69.8242,-24.5361,t008,FJTB
2531892533,5032188,3,pelvis,midstance,-1.0496,0.4796,0.5009,28.2593,83.3740,-39.6729,t008,FJTB
2531892533,5032204,3,pelvis,midstance,-1.0280,0.0776,0.1914,60.5469,93.6279,-40.7715,t008,FJTB
2531892595,5032219,3,pelvis,midstance,-1.0707,-0.0895,0.0219,124.2676,116.8213,-34.5459,t008,FJTB
2531892595,5032236,3,pelvis,midstance,-1.2292,-0.2162,-0.2826,137.3291,122.8027,-31.1890,t008,FJTB
2531892595,5032252,3,pelvis,midstance,-1.4840,-0.3038,-0.4402,112.7319,124.3896,-20.5078,t008,FJTB
2531892596,5032268,3,pelvis,midstance,-1.5142,-0.3719,-0.4307,43.9453,131.2256,-5.0049,t008,FJTB
2531892653,5032284,3,pelvis,midstance,-1.2882,-0.3516,-0.3345,6.2866,139.4653,1.4038,t008,FJTB
2531892655,5032299,3,pelvis,midstance,-1.1458,-0.2767,-0.2849,-33.0811,143.1274,3.2349,t008,FJTB
2531892655,5032316,3,pelvis,midstance,-1.0325,-0.2290,-0.1940,-38.5742,136.5967,0.3052,t008,FJTB
2531892655,5032332,3,pelvis,midstance,-1.0494,-0.2769,-0.1652,-42.2363,120.6055,-4.9438,t008,FJTB
2531892716,5032348,3,pelvis,midstance,-1.0526,-0.2745,-0.1880,-44.6777,115.0513,-1.2207,t008,FJTB
2531892716,5032364,3,pelvis,midstance,-1.0201,-0.2091,-0.1821,-44.3726,116.6382,1.6479,t008,FJTB
2531892717,5032380,3,pelvis,midstance,-1.0142,-0.1960,-0.1824,-39.3677,118.4692,8.7280,t008,FJTB
2531892717,5032396,3,pelvis,midstance,-1.0104,-0.2513,-0.1625,-39.9170,116.3330,13.9160,t008,FJTB
2531892773,5032412,3,pelvis,midstance,-0.9634,-0.3198,-0.1294,-46.9360,110.9009,21.0571,t008,FJTB
2531892775,5032429,3,pelvis,midstance,-0.9287,-0.3333,-0.1255,-61.4624,98.5107,25.8789,t008,FJTB
2531892776,5032445,3,pelvis,midstance,-0.8639,-0.2917,-0.0732,-68.8477,90.9424,29.4189,t008,FJTB
2531892829,5032460,3,pelvis,midstance,-0.8385,-0.2651,-0.0419,-75.0732,81.4209,35.4614,t008,FJTB
2531892836,5032477,3,pelvis,midstance,-0.7896,-0.2002,0.0006,-72.9370,79.5898,36.6211,t008,FJTB
2531892837,5032493,3,pelvis,midstance,-0.7720,-0.1700,0.0255,-63.2324,75.9277,33.4473,t008,FJTB
2531892837,5032509,3,pelvis,midstance,-0.7755,-0.1683,0.0352,-59.2651,68.7256,31.8603,t008,FJTB
2531892894,5032525,3,pelvis,midstance,-0.7642,-0.1732,0.0375,-65.5518,62.0728,33.9355,t008,FJTB
2531892895,5032541,3,pelvis,midstance,-0.7329,-0.1367,0.0725,-94.9707,42.6636,40.3442,t008,FJTB
2531892896,5032557,3,pelvis,midstance,-0.6494,0.0023,0.2256,-109.1309,33.3252,41.5039,t008,FJTB
2531892896,5032573,3,pelvis,midstance,-0.5898,0.0135,0.3907,-116.4551,16.0522,37.5366,t008,FJTB
2531892955,5032589,3,pelvis,midstance,-0.5845,0.0182,0.4728,-93.6890,-5.3101,23.9868,t008,FJTB
2531892956,5032605,3,pelvis,midstance,-0.6630,0.0999,0.6851,-76.2329,-5.8594,14.8315,t008,FJTB
2531892956,5032621,3,pelvis,terminal,-0.6917,0.1324,0.6857,-38.5132,22.7661,0.3662,t008,FJTB
2531892957,5032637,3,pelvis,terminal,-0.7094,0.0741,0.5853,-18.1885,29.1138,-1.8921,t008,FJTB
2531893012,5032653,3,pelvis,terminal,-0.8109,-0.1519,0.6190,16.2354,19.3481,4.2725,t008,FJTB
2531893012,5032669,3,pelvis,terminal,-0.8219,-0.2837,0.6061,38.0249,15.0146,18.9819,t008,FJTB
2531893013,5032685,3,pelvis,terminal,-0.7810,-0.3949,0.5284,40.6494,13.7329,25.5737,t008,FJTB
2531893077,5032701,3,pelvis,terminal,-0.7667,-0.3500,0.5138,24.9634,5.4932,28.0762,t008,FJTB
2531893077,5032717,3,pelvis,terminal,-0.7263,-0.2217,0.5823,13.7329,0.9155,23.9868,t008,FJTB
2531893078,5032733,3,pelvis,terminal,-0.7192,-0.1998,0.6238,-1.7700,-0.2441,15.6860,t008,FJTB
2531893078,5032749,3,pelvis,terminal,-0.7120,-0.2393,0.6660,-15.1978,2.9297,16.4795,t008,FJTB
2531893135,5032765,3,pelvis,terminal,-0.6982,-0.3557,0.6223,-21.9116,1.2207,20.0806,t008,FJTB
2531893137,5032781,3,pelvis,terminal,-0.6827,-0.3794,0.5807,-37.9639,-10.2539,30.4565,t008,FJTB
2531893138,5032797,3,pelvis,terminal,-0.6254,-0.3483,0.4539,-45.8374,-16.3574,34.6069,t008,FJTB
2531893138,5032813,3,pelvis,terminal,-0.5889,-0.3323,0.3488,-60.9741,-33.4473,39.0625,t008,FJTB
2531893198,5032829,3,pelvis,terminal,-0.6329,-0.3677,0.2373,-67.7490,-45.8374,41.2598,t008,FJTB
2531893198,5032845,3,pelvis,swing,-1.0433,-0.2714,0.2881,-80.2002,-66.8335,45.0439,t008,FJTB
2531893199,5032861,3,pelvis,swing,-1.6699,-0.1113,0.7921,-125.3052,-46.1426,34.3018,t008,FJTB
2531893199,5032877,3,pelvis,swing,-2.4814,0.1190,1.7135,-168.8843,-0.6714,33.5693,t008,FJTB
2531893255,5032893,3,pelvis,swing,-1.6572,0.3213,1.1118,-208.7402,12.5732,32.4707,t008,FJTB
2531893257,5032909,3,pelvis,swing,-0.5168,0.6649,-0.2321,-170.3491,-35.7056,26.7334,t008,FJTB
2531893258,5032925,3,pelvis,swing,-0.4618,0.3773,-0.2646,-13.7329,-76.0498,15.1367,t008,FJTB
2531893318,5032941,3,pelvis,swing,-0.3960,0.0701,-0.2141,121.0327,-34.7290,7.6904,t008,FJTB
2531893318,5032957,3,pelvis,swing,-0.5812,-0.5449,-0.2560,135.1318,-30.0293,11.4746,t008,FJTB
2531893319,5032973,3,pelvis,swing,-0.7521,-0.6799,-0.0980,119.3848,-54.0771,28.6865,t008,FJTB
2531893319,5032989,3,pelvis,swing,-1.0844,-0.6124,0.1370,114.0747,-59.3872,30.0293,t008,FJTB
2531893376,5033006,3,pelvis,swing,-1.2930,-0.5963,0.2292,73.5474,-59.8755,14.3433,t008,FJTB
2531893378,5033022,3,pelvis,swing,-1.2079,-0.5759,0.2301,-10.7422,-58.1665,10.2539,t008,FJTB
2531893378,5033038,3,pelvis,swing,-0.9398,-0.4075,0.1843,-47.1191,-60.7910,16.2354,t008,FJTB
2531893378,5033054,3,pelvis,swing,-0.8418,-0.2538,0.1851,-75.6226,-62.9883,25.2075,t008,FJTB
2531893438,5033070,3,pelvis,swing,-0.7900,-0.0222,0.2510,-67.9321,-61.0352,24.7192,t008,FJTB
2531893439,5033086,3,pelvis,swing,-0.8717,0.0820,0.2794,-24.9023,-42.4194,17.3340,t008,FJTB
2531893439,5033102,3,pelvis,swing,-0.9249,0.0144,0.1656,1.8921,-45.5322,10.0708,t008,FJTB
2531893440,5033118,3,pelvis,swing,-1.0481,-0.1312,0.1985,4.6387,-63.2935,17.0288,t008,FJTB
2531893496,5033134,3,pelvis,swing,-1.0302,-0.1365,0.2618,20.8130,-78.0640,23.8647,t008,FJTB
2531893499,5033150,3,pelvis,swing,-0.9509,-0.1465,0.3102,36.6211,-70.6787,16.9678,t008,FJTB
2531893499,5033166,3,pelvis,swing,-0.9056,-0.2595,0.1849,60.6689,-55.1758,3.8452,t008,FJTB
2531893560,5033182,3,pelvis,swing,-0.8906,-0.2866,0.1722,64.2700,-54.6875,4.8218,t008,FJTB
2531893561,5033198,3,pelvis,swing,-0.8717,-0.2770,0.1605,61.3403,-55.6641,6.4087,t008,FJTB
2531893561,5033214,3,pelvis,swing,-0.8873,-0.2621,0.1642,53.1616,-58.3496,8.7280,t008,FJTB
2531893561,5033230,3,pelvis,swing,-0.9393,-0.2673,0.1622,50.1709,-58.2275,8.5449,t008,FJTB
2531893618,5033246,3,pelvis,swing,-0.9620,-0.3113,0.1337,43.3960,-52.8564,4.9438,t008,FJTB
2531893619,5033262,3,pelvis,swing,-0.9515,-0.3228,0.1119,30.3955,-44.4946,1.7700,t008,FJTB
2531893620,5033278,3,pelvis,swing,-0.9181,-0.2965,0.0973,23.9868,-42.8467,1.4038,t008,FJTB
2531893621,5033294,3,pelvis,swing,-0.9100,-0.2640,0.0892,14.9536,-45.0439,2.8076,t008,FJTB
2531893681,5033310,3,pelvis,swing,-0.9230,-0.1921,0.0787,13.1226,-47.9736,4.3945,t008,FJTB
2531893682,5033326,3,pelvis,swing,-0.9392,-0.1346,0.0896,17.0288,-53.4668,7.5073,t008,FJTB
2531893682,5033342,3,pelvis,swing,-0.9377,-0.1174,0.0919,27.8931,-56.8848,8.5449,t008,FJTB
2531893683,5033359,3,pelvis,swing,-0.9248,-0.1383,0.0972,34.7900,-58.2275,7.8735,t008,FJTB
2531893739,5033375,3,pelvis,swing,-0.9220,-0.1768,0.1003,46.0815,-59.3262,4.8828,t008,FJTB
2531893739,5033391,3,pelvis,loading,-0.9237,-0.2938,0.0674,50.1099,-60.4248,3.2349,t008,FJTB
2531893740,5033407,3,pelvis,loading,-0.9209,-0.3778,0.0316,53.7109,-63.7817,1.7090,t008,FJTB
2531893743,5033423,3,pelvis,loading,-0.9224,-0.3787,0.0227,47.9736,-61.8286,2.5635,t008,FJTB
2531893805,5033439,3,pelvis,loading,-0.9369,-0.3182,0.0566,41.6260,-58.2275,3.9062,t008,FJTB
2531893806,5033455,3,pelvis,loading,-0.9413,-0.2944,0.0734,31.7383,-48.8892,7.8125,t008,FJTB
2531893806,5033471,3,pelvis,loading,-0.9469,-0.2848,0.0776,32.4707,-45.8374,9.8267,t008,FJTB
2531893807,5033487,3,pelvis,loading,-0.9563,-0.2880,0.0640,41.7480,-42.9077,10.3760,t008,FJTB
2531893864,5033503,3,pelvis,loading,-0.9795,-0.2902,0.0529,47.7295,-40.1001,5.1880,t008,FJTB
2531893867,5033519,3,pelvis,loading,-0.9901,-0.2787,0.0084,48.0957,-38.5132,2.7466,t008,FJTB
2531893868,5033535,3,pelvis,loading,-0.9924,-0.2784,0.0117,50.1709,-39.6729,1.1597,t008,FJTB
2531893909,5033551,3,pelvis,loading,-1.0310,-0.3151,0.0593,53.0395,-40.8325,1.3428,t008,FJTB
2531893928,5033567,3,pelvis,loading,-1.0764,-0.3914,0.0890,61.6455,-40.2222,1.4648,t008,FJTB
2531893928,5033583,3,pelvis,loading,-1.1040,-0.4136,0.1207,62.9272,-35.8887,-0.3662,t008,FJTB
2531893929,5033599,3,pelvis,loading,-1.1787,-0.4512,0.2512,57.2510,-31.4941,-2.2583,t008,FJTB
2531893986,5033615,3,pelvis,loading,-1.2034,-0.4423,0.3274,34.9731,-17.2119,-8.1787,t008,FJTB
2531893986,5033632,3,pelvis,loading,-1.2177,-0.3573,0.4919,21.8506,-7.7515,-11.4136,t008,FJTB
2531893988,5033648,3,pelvis,loading,-1.2679,-0.1439,0.6721,0.6714,17.4561,-18.0664,t008,FJTB
2531893988,5033663,3,pelvis,loading,-1.2698,0.0385,0.7101,-12.3901,49.8047,-32.2266,t008,FJTB
2531894041,5033680,3,pelvis,loading,-1.1110,0.4636,0.5937,-12.5122,64.1479,-43.0298,t008,FJTB
2531894050,5033696,3,pelvis,loading,-1.0077,0.5182,0.4980,19.1650,81.1157,-58.0444,t008,FJTB
2531894050,5033711,3,pelvis,loading,-0.9048,0.2367,0.2170,55.5420,89.0503,-57.1289,t008,FJTB
2531894050,5033727,3,pelvis,loading,-1.1587,-0.1189,-0.0820,143.3105,88.1958,-55.4199,t008,FJTB
2531894107,5033743,3,pelvis,loading,-1.3777,-0.2080,-0.1719,169.0674,96.0693,-47.4243,t008,FJTB
2531894110,5033759,3,pelvis,loading,-1.5994,-0.2604,-0.2970,157.0435,110.1074,-37.7808,t008,FJTB
2531894111,5033776,3,pelvis,loading,-1.5571,-0.3571,-0.3629,98.7549,144.3481,-16.1133,t008,FJTB
2531894118,5033792,3,pelvis,loading,-1.3202,-0.5803,-0.4249,61.1572,155.7617,-3.4790,t008,FJTB
2531894173,5033808,3,pelvis,loading,-1.2098,-0.5658,-0.3807,1.4648,160.7056,14.8926,t008,FJTB
2531894173,5033823,3,pelvis,loading,-1.0997,-0.3420,-0.2120,-17.0288,157.0435,12.1460,t008,FJTB
2531894174,5033839,3,pelvis,loading,-1.2002,-0.2830,-0.1381,-39.6729,144.5923,-4.6997,t008,FJTB
2531894230,5033856,3,pelvis,loading,-1.2223,-0.3059,-0.1655,-60.0586,136.7798,-8.6670,t008,FJTB
2531894230,5033872,3,pelvis,midstance,-1.1603,-0.2974,-0.2134,-68.8477,134.3384,-3.3569,t008,FJTB
2531894231,5033888,3,pelvis,midstance,-1.1003,-0.2422,-0.1940,-74.5239,132.5684,10.0098,t008,FJTB
2531894231,5033904,3,pelvis,midstance,-1.0082,-0.1592,-0.1383,-71.4111,128.4180,19.0430,t008,FJTB
2531894297,5033920,3,pelvis,midstance,-0.9351,-0.1216,-0.1110,-70.4346,123.2300,21.9116,t008,FJTB
2531894297,5033936,3,pelvis,midstance,-0.8883,-0.0988,-0.1090,-70.8008,107.1777,21.3623,t008,FJTB
2531894297,5033953,3,pelvis,midstance,-0.8119,-0.0653,-0.1077,-70.1294,98.0225,18.9819,t008,FJTB
2531894298,5033969,3,pelvis,midstance,-0.7548,-0.0940,-0.0876,-64.6362,87.9517,17.2729,t008,FJTB
2531894355,5033985,3,pelvis,midstance,-0.7201,-0.1119,-0.0936,-58.1055,81.4209,23.3765,t008,FJTB
2531894356,5034001,3,pelvis,midstance,-0.6582,-0.1038,-0.0786,-53.7109,74.8291,26.2451,t008,FJTB
2531894358,5034017,3,pelvis,midstance,-0.6409,-0.0997,-0.0784,-39.2456,54.9927,22.9492,t008,FJTB
2531894358,5034033,3,pelvis,midstance,-0.6427,-0.1134,0.0179,-32.9590,42.8467,23.2544,t008,FJTB
2531894418,5034049,3,pelvis,midstance,-0.6353,-0.1069,0.1442,-25.5737,30.6396,26.6724,t008,FJTB
2531894418,5034065,3,pelvis,midstance,-0.6307,-0.1022,0.1958,-22.8271,19.4702,30.4565,t008,FJTB
2531894419,5034081,3,pelvis,midstance,-0.6543,-0.0940,0.3838,-21.4844,11.9629,31.7383,t008,FJTB
2531894419,5034097,3,pelvis,midstance,-0.6716,-0.1107,0.4802,-12.3291,2.7466,30.2124,t008,FJTB
2531894475,5034114,3,pelvis,midstance,-0.7106,-0.1448,0.6794,-5.6152,1.2817,28.9307,t008,FJTB
2531894477,5034130,3,pelvis,midstance,-0.7627,-0.1411,0.7678,7.8735,11.4746,25.8179,t008,FJTB
2531894477,5034145,3,pelvis,midstance,-0.7625,-0.1632,0.7554,11.1694,20.8130,24.9634,t008,FJTB
2531894538,5034161,3,pelvis,midstance,-0.6669,-0.2130,0.7284,4.9438,19.4092,25.9399,t008,FJTB
2531894538,5034177,3,pelvis,midstance,-0.6239,-0.2123,0.7329,-5.9204,9.1553,25.3906,t008,FJTB
2531894539,5034193,3,pelvis,midstance,-0.7142,-0.2102,0.8528,-8.7280,2.7466,24.4141,t008,FJTB
2531894539,5034209,3,pelvis,midstance,-0.7952,-0.2228,0.9487,-22.5830,-2.0752,25.5737,t008,FJTB
2531894595,5034225,3,pelvis,midstance,-0.8398,-0.3923,0.9781,-31.5552,1.4648,27.1606,t008,FJTB
2531894595,5034241,3,pelvis,terminal,-0.7852,-0.5029,0.8087,-47.7295,7.3853,32.0435,t008,FJTB
2531894596,5034257,3,pelvis,terminal,-0.7621,-0.4885,0.7189,-60.7300,6.8359,38.0249,t008,FJTB
2531894596,5034273,3,pelvis,terminal,-0.7683,-0.4856,0.6292,-70.9229,5.7373,41.8701,t008,FJTB
2531894661,5034289,3,pelvis,terminal,-0.7529,-0.4956,0.6355,-104.9194,8.1787,42.4194,t008,FJTB
2531894662,5034305,3,pelvis,terminal,-1.0350,-0.4315,0.4633,-122.8027,3.0518,34.9121,t008,FJTB
2531894662,5034321,3,pelvis,terminal,-1.8185,0.0670,0.7437,-184.8755,-31.3110,30.0293,t008,FJTB
2531894662,5034337,3,pelvis,terminal,-1.5615,0.2852,0.5464,-202.8808,-10.4980,23.3154,t008,FJTB
2531894721,5034353,3,pelvis,terminal,-0.8618,0.4845,-0.2161,-174.2554,-19.4702,27.2827,t008,FJTB
2531894723,5034369,3,pelvis,terminal,-0.7233,0.6127,-0.2385,-61.8286,-51.1475,46.2036,t008,FJTB
2531894723,5034386,3,pelvis,terminal,-0.4738,0.2399,-0.1985,18.6768,-50.1099,45.8984,t008,FJTB
2531894724,5034402,3,pelvis,terminal,-0.6711,-0.3004,-0.2518,98.2056,-54.2603,36.9263,t008,FJTB
2531894785,5034418,3,pelvis,terminal,-0.8805,-0.4730,-0.0944,92.7124,-65.9790,25.9399,t008,FJTB
2531894786,5034434,3,pelvis,terminal,-1.2264,-0.4927,0.2834,85.0220,-64.0259,27.7710,t008,FJTB
2531894786,5034450,3,pelvis,terminal,-1.2296,-0.4521,0.3359,59.0820,-49.8047,23.4985,t008,FJTB
2531894786,5034466,3,pelvis,terminal,-0.9379,-0.5897,0.2640,38.3301,-46.6309,20.2026,t008,FJTB
2531894844,5034482,3,pelvis,terminal,-0.8303,-0.4639,0.2418,-12.0239,-58.2275,22.8882,t008,FJTB
2531894845,5034498,3,pelvis,swing,-0.8212,-0.2837,0.2351,-35.4614,-67.8711,20.7520,t008,FJTB
2531894845,5034514,3,pelvis,swing,-0.8418,-0.0291,0.1952,-29.7852,-68.5425,15.5640,t008,FJTB
2531894851,5034530,3,pelvis,swing,-0.8772,-0.0125,0.1793,-7.3242,-66.4673,11.1084,t008,FJTB
2531894903,5034546,3,pelvis,swing,-0.9618,-0.0980,0.1851,0.6104,-65.6128,14.3433,t008,FJTB
2531894911,5034562,3,pelvis,swing,-1.0243,-0.1504,0.1973,15.1978,-66.0400,21.5454,t008,FJTB
2531894911,5034578,3,pelvis,swing,-1.0288,-0.1508,0.1863,32.2876,-65.1855,18.0054,t008,FJTB
2531894945,5034594,3,pelvis,swing,-1.0005,-0.1835,0.1613,37.9639,-64.0869,13.9770,t008,FJTB
2531894969,5034610,3,pelvis,swing,-0.9779,-0.2051,0.1505,40.2222,-60.8520,6.2256,t008,FJTB
2531894971,5034626,3,pelvis,swing,-0.9105,-0.2310,0.1545,39.9780,-60.4858,2.5024,t008,FJTB
2531894973,5034642,3,pelvis,swing,-0.8846,-0.2582,0.1726,41.0156,-62.3779,-1.7700,t008,FJTB
2531895034,5034658,3,pelvis,swing,-0.8923,-0.2761,0.1748,41.0767,-64.5752,1.0376,t008,FJTB
2531895034,5034674,3,pelvis,swing,-0.9255,-0.3107,0.1643,40.6494,-65.1855,2.8687,t008,FJTB
2531895035,5034690,3,pelvis,swing,-0.9377,-0.3105,0.1559,34.7290,-65.0635,5.4321,t008,FJTB
2531895035,5034706,3,pelvis,swing,-0.9414,-0.2772,0.1377,28.8086,-64.6362,5.7373,t008,FJTB
2531895093,5034722,3,pelvis,swing,-0.9294,-0.2367,0.1261,17.0898,-63.7817,5.0659,t008,FJTB
2531895094,5034738,3,pelvis,swing,-0.9321,-0.2234,0.1284,10.7422,-63.7207,4.3335,t008,FJTB
2531895094,5034754,3,pelvis,swing,-0.9381,-0.2102,0.1414,9.2163,-63.7207,4.7607,t008,FJTB
2531895094,5034770,3,pelvis,swing,-0.9353,-0.2069,0.1440,10.8032,-64.5142,7.0190,t008,FJTB
2531895155,5034786,3,pelvis,swing,-0.9293,-0.1824,0.1581,14.4043,-65.1245,8.4229,t008,FJTB
2531895155,5034802,3,pelvis,swing,-0.9280,-0.1595,0.1838,26.3672,-66.4063,9.5215,t008,FJTB
2531895156,5034818,3,pelvis,swing,-0.9338,-0.1581,0.2001,40.2832,-66.5894,8.5449,t008,FJTB
2531895156,5034834,3,pelvis,swing,-0.9321,-0.1846,0.2123,46.1426,-64.7583,7.8125,t008,FJTB
2531895213,5034850,3,pelvis,swing,-0.9186,-0.2168,0.1927,54.6265,-59.8144,5.7983,t008,FJTB
2531895213,5034866,3,pelvis,loading,-0.9023,-0.3076,0.1412,57.3730,-58.1055,5.3101,t008,FJTB
2531895214,5034883,3,pelvis,loading,-0.9072,-0.3510,0.1174,62.3779,-55.6641,5.3711,t008,FJTB
2531895218,5034899,3,pelvis,loading,-0.9303,-0.3595,0.0475,64.0259,-53.4058,5.5542,t008,FJTB
2531895277,5034914,3,pelvis,loading,-0.9337,-0.2933,-0.0485,62.5000,-47.1802,5.3711,t008,FJTB
2531895278,5034930,3,pelvis,loading,-0.9321,-0.2744,-0.0360,54.3213,-47.8516,5.8594,t008,FJTB
2531895279,5034946,3,pelvis,loading,-0.9250,-0.2958,0.0115,51.6357,-45.5322,6.2256,t008,FJTB
2531895334,5034962,3,pelvis,loading,-0.9199,-0.3096,-0.0037,48.8281,-42.1753,6.2866,t008,FJTB
2531895334,5034979,3,pelvis,loading,-0.9458,-0.3058,-0.0166,49.2554,-42.3584,5.9204,t008,FJTB
2531895336,5034995,3,pelvis,loading,-0.9941,-0.2637,-0.0134,54.0771,-42.2974,3.4790,t008,FJTB
2531895337,5035011,3,pelvis,loading,-1.0238,-0.2518,0.0035,60.4858,-42.7246,0.6714,t008,FJTB
2531895399,5035027,3,pelvis,loading,-1.0674,-0.2793,0.0607,62.6221,-41.8091,0.0000,t008,FJTB
2531895399,5035043,3,pelvis,loading,-1.0972,-0.3353,0.1017,67.0166,-39.5508,-1.7700,t008,FJTB
2531895399,5035058,3,pelvis,loading,-1.1653,-0.5144,0.1715,70.0073,-37.5366,-2.5024,t008,FJTB
2531895400,5035075,3,pelvis,loading,-1.2495,-0.5807,0.2014,73.2422,-32.8979,-4.6997,t008,FJTB
2531895456,5035091,3,pelvis,loading,-1.2825,-0.5237,0.2340,50.4761,-21.9727,-8.2397,t008,FJTB
2531895458,5035107,3,pelvis,loading,-1.2565,-0.3049,0.3798,30.4565,-11.1084,-9.3384,t008,FJTB
2531895459,5035123,3,pelvis,loading,-1.2499,-0.1611,0.4696,-3.7231,17.8833,-13.6108,t008,FJTB
2531895459,5035139,3,pelvis,loading,-1.2804,0.2019,0.6395,-12.8174,35.8276,-20.2026,t008,FJTB
2531895519,5035155,3,pelvis,loading,-1.1614,0.4808,0.5746,-8.6670,76.3550,-40.5273,t008,FJTB
2531895521,5035171,3,pelvis,loading,-1.0895,0.4158,0.5205,39.3066,105.2856,-50.4761,t008,FJTB
2531895521,5035187,3,pelvis,loading,-1.0491,-0.0977,0.2106,78.9795,114.0747,-44.6167,t008,FJTB
2531895576,5035203,3,pelvis,loading,-1.1073,-0.2766,0.0195,142.7612,116.9434,-30.1514,t008,FJTB
2531895578,5035219,3,pelvis,midstance,-1.3253,-0.2832,-0.2899,153.6865,115.9058,-26.4893,t008,FJTB
2531895579,5035235,3,pelvis,midstance,-1.4821,-0.1953,-0.4238,128.6011,120.6055,-16.3574,t008,FJTB
2531895579,5035251,3,pelvis,midstance,-1.4573,-0.2217,-0.4109,63.0493,140.8081,-0.8545,t008,FJTB
2531895640,5035267,3,pelvis,midstance,-1.2888,-0.3180,-0.3368,29.7241,150.8179,5.2490,t008,FJTB
2531895641,5035283,3,pelvis,midstance,-1.1859,-0.3218,-0.2971,-15.5640,155.1514,8.1177,t008,FJTB
2531895641,5035299,3,pelvis,midstance,-1.1071,-0.3091,-0.1519,-26.6724,148.3765,3.5400,t008,FJTB
2531895642,5035315,3,pelvis,midstance,-1.1373,-0.3097,-0.1477,-38.2690,135.3760,-5.4932,t008,FJTB
2531895701,5035332,3,pelvis,midstance,-1.1359,-0.2915,-0.2057,-46.5088,129.2114,-2.1362,t008,FJTB
2531895702,5035348,3,pelvis,midstance,-1.0640,-0.2058,-0.2499,-48.9502,127.8076,3.5400,t008,FJTB
2531895702,5035364,3,pelvis,midstance,-1.0205,-0.1678,-0.2191,-48.7061,127.8076,15.8081,t008,FJTB
2531895702,5035380,3,pelvis,midstance,-0.9500,-0.1980,-0.2139,-50.3540,127.1362,21.3623,t008,FJTB
2531895763,5035396,3,pelvis,midstance,-0.9246,-0.2570,-0.2258,-68.5425,120.9717,27.5269,t008,FJTB
2531895764,5035412,3,pelvis,midstance,-0.9103,-0.2512,-0.2231,-95.8862,111.5723,23.9258,t008,FJTB
2531895764,5035428,3,pelvis,midstance,-0.8584,-0.2106,-0.1426,-106.0791,106.0181,22.7051,t008,FJTB
2531895820,5035445,3,pelvis,midstance,-0.8219,-0.1611,-0.0884,-108.4595,100.4028,27.4048,t008,FJTB
2531895821,5035461,3,pelvis,terminal,-0.7284,-0.0667,-0.0533,-97.5342,96.5576,29.6020,t008,FJTB
2531895821,5035477,3,pelvis,terminal,-0.6572,-0.0459,-0.0111,-60.1196,79.1016,26.1230,t008,FJTB
2531895822,5035493,3,pelvis,terminal,-0.6323,-0.0375,-0.0172,-24.4141,55.7861,19.4092,t008,FJTB
2531895887,5035509,3,pelvis,terminal,-0.5778,0.0055,-0.0271,-14.2822,42.9687,17.9443,t008,FJTB
2531895887,5035525,3,pelvis,terminal,-0.5592,0.0073,-0.0370,-15.2588,23.9258,15.8081,t008,FJTB
2531895887,5035541,3,pelvis,terminal,-0.5604,-0.0109,0.0038,-24.2310,14.7705,17.0288,t008,FJTB
2531895888,5035557,3,pelvis,terminal,-0.5585,-0.0671,0.2079,-36.4380,3.5400,16.1743,t008,FJTB
2531895945,5035573,3,pelvis,terminal,-0.5608,-0.1577,0.2900,-34.7290,-8.7280,3.1128,t008,FJTB
2531895945,5035589,3,pelvis,terminal,-0.7131,-0.3461,0.6882,-33.7524,-21.8506,1.2207,t008,FJTB
2531895948,5035606,3,pelvis,terminal,-0.8488,-0.3220,1.0052,-49.0723,-12.5122,14.4653,t008,FJTB
2531895948,5035622,3,pelvis,terminal,-0.8617,-0.0236,1.1903,-57.4341,5.9814,18.9209,t008,FJTB
2531896008,5035638,3,pelvis,terminal,-0.7986,0.1334,1.2139,-45.5933,8.6060,11.7798,t008,FJTB
2531896008,5035654,3,pelvis,terminal,-0.8171,0.1123,1.2240,-5.3101,6.5308,1.3428,t008,FJTB
2531896009,5035669,3,pelvis,terminal,-0.8333,-0.0426,1.1512,20.2026,14.7095,-0.8545,t008,FJTB
2531896010,5035685,3,pelvis,terminal,-0.8247,-0.1829,1.0377,52.7954,35.1563,4.2725,t008,FJTB
2531896066,5035701,3,pelvis,terminal,-0.7858,-0.4333,0.7925,47.9736,39.1235,10.7422,t008,FJTB
2531896067,5035717,3,pelvis,swing,-0.7351,-0.5311,0.5624,13.4888,33.6304,23.8647,t008,FJTB
2531896067,5035733,3,pelvis,swing,-0.7301,-0.5133,0.4733,-27.2827,20.9351,36.8652,t008,FJTB
2531896069,5035749,3,pelvis,swing,-0.6752,-0.4178,0.3668,-44.8608,18.6157,39.5508,t008,FJTB
2531896132,5035765,3,pelvis,swing,-0.6284,-0.4011,0.1757,-83.2519,13.1226,37.0483,t008,FJTB
2531896133,5035781,3,pelvis,swing,-0.7445,-0.2701,-0.1616,-106.7505,-6.8970,39.4287,t008,FJTB
2531896133,5035797,3,pelvis,swing,-1.1405,-0.1866,0.2206,-153.6865,-29.1748,34.4849,t008,FJTB
2531896134,5035813,3,pelvis,swing,-1.9235,-0.3087,1.1852,-200.1953,14.8315,43.6401,t008,FJTB
2531896191,5035829,3,pelvis,swing,-1.3719,0.2942,0.4637,-220.8862,-2.0752,47.8516,t008,FJTB
2531896194,5035845,3,pelvis,swing,-1.1344,0.7805,-0.0504,-158.2642,-73.3032,49.6216,t008,FJTB
2531896194,5035861,3,pelvis,swing,-0.8124,0.7097,-0.3334,-70.0684,-76.1108,46.9360,t008,FJTB
2531896257,5035877,3,pelvis,swing,-0.4001,0.0852,-0.4053,99.1211,-37.8418,27.4658,t008,FJTB
2531896257,5035893,3,pelvis,swing,-0.4485,-0.2946,-0.3497,133.4229,-46.9971,14.4043,t008,FJTB
2531896258,5035910,3,pelvis,swing,-0.8788,-0.7413,0.0125,124.3896,-61.7065,19.5313,t008,FJTB
2531896258,5035926,3,pelvis,swing,-1.0604,-0.7113,0.0347,107.2998,-72.5708,27.8931,t008,FJTB
2531896315,5035942,3,pelvis,swing,-1.2507,-0.5984,0.1403,88.8061,-72.2656,25.0854,t008,FJTB
2531896317,5035958,3,pelvis,swing,-1.2189,-0.6226,0.2328,17.5781,-69.8853,16.4795,t008,FJTB
2531896318,5035974,3,pelvis,swing,-0.9628,-0.4520,0.2809,-20.7520,-71.9604,17.9443,t008,FJTB
2531896319,5035990,3,pelvis,swing,-0.8250,-0.0696,0.2612,-55.0537,-75.8057,22.4609,t008,FJTB
2531896380,5036006,3,pelvis,swing,-0.8152,0.0873,0.2432,-23.0713,-71.5942,16.4795,t008,FJTB
2531896381,5036022,3,pelvis,swing,-0.8446,0.0793,0.1816,0.3052,-70.4956,14.4653,t008,FJTB
2531896381,5036038,3,pelvis,swing,-0.9080,-0.0101,0.1849,28.6865,-72.3267,19.1040,t008,FJTB
2531896381,5036054,3,pelvis,swing,-1.0256,-0.1127,0.2128,41.8701,-71.0449,19.2871,t008,FJTB
2531896439,5036070,3,pelvis,swing,-1.0365,-0.1990,0.2303,46.6309,-67.8101,15.8081,t008,FJTB
2531896439,5036086,3,pelvis,loading,-1.0085,-0.2430,0.2478,55.2368,-58.3496,10.4370,t008,FJTB
2531896440,5036102,3,pelvis,loading,-0.8989,-0.2726,0.2482,57.9224,-54.0161,8.7280,t008,FJTB
2531896440,5036119,3,pelvis,loading,-0.7981,-0.3031,0.2445,61.2793,-50.5371,4.4556,t008,FJTB
2531896505,5036135,3,pelvis,loading,-0.8010,-0.3422,0.2526,61.8286,-54.6265,3.6011,t008,FJTB
2531896506,5036151,3,pelvis,loading,-0.8827,-0.3763,0.2842,60.3027,-56.7627,4.2114,t008,FJTB
2531896506,5036167,3,pelvis,loading,-0.9257,-0.3656,0.2872,51.0254,-55.1758,3.8452,t008,FJTB
2531896507,5036183,3,pelvis,loading,-0.9612,-0.3121,0.2183,43.2739,-51.4526,3.4790,t008,FJTB
2531896565,5036199,3,pelvis,loading,-0.9620,-0.2897,0.1779,26.6724,-43.8843,4.2725,t008,FJTB
2531896568,5036215,3,pelvis,loading,-0.9463,-0.2657,0.1393,20.0806,-41.0156,5.2490,t008,FJTB
2531896568,5036231,3,pelvis,loading,-0.9132,-0.2185,0.1074,16.6626,-39.9780,5.8594,t008,FJTB
2531896568,5036247,3,pelvis,loading,-0.8970,-0.1807,0.0997,21.1182,-43.8232,4.8218,t008,FJTB
2531896630,5036263,3,pelvis,loading,-0.8905,-0.1256,0.0922,25.0244,-46.3867,3.8452,t008,FJTB
2531896630,5036278,3,pelvis,loading,-0.9054,-0.1298,0.0933,36.9263,-52.0019,2.4414,t008,FJTB
2531896631,5036294,3,pelvis,loading,-0.9425,-0.1765,0.0833,43.2129,-54.2603,2.3804,t008,FJTB
2531896631,5036310,3,pelvis,loading,-0.9374,-0.2285,0.0509,52.6123,-57.0068,2.0142,t008,FJTB
2531896688,5036326,3,pelvis,loading,-0.9321,-0.2646,0.0490,59.8144,-58.2886,-0.4883,t008,FJTB
2531896691,5036342,3,pelvis,midstance,-0.9337,-0.3351,0.0686,61.0352,-56.5796,-1.0376,t008,FJTB
2531896692,5036358,3,pelvis,midstance,-0.9387,-0.3396,0.0796,57.1899,-50.2319,1.3428,t008,FJTB
2531896746,5036374,3,pelvis,midstance,-0.9574,-0.2675,0.1194,53.4058,-46.7529,3.1738,t008,FJTB
2531896753,5036390,3,pelvis,midstance,-0.9567,-0.2190,0.1357,53.4058,-40.5273,3.1738,t008,FJTB
2531896754,5036406,3,pelvis,midstance,-0.9500,-0.2245,0.0999,62.8662,-36.8042,0.6104,t008,FJTB
2531896754,5036422,3,pelvis,midstance,-0.9618,-0.2178,0.0098,66.4063,-35.9497,-0.8545,t008,FJTB
2531896812,5036438,3,pelvis,midstance,-0.9609,-0.2169,-0.0032,68.2373,-33.9966,-2.1973,t008,FJTB
2531896814,5036454,3,pelvis,midstance,-0.9408,-0.2502,-0.0081,69.9463,-34.0576,-2.1973,t008,FJTB
2531896815,5036471,3,pelvis,midstance,-0.9813,-0.3026,0.0402,74.8901,-38.5132,-1.3428,t008,FJTB
2531896815,5036487,3,pelvis,midstance,-1.0219,-0.3485,0.0862,81.2988,-41.3818,-1.8921,t008,FJTB
2531896876,5036503,3,pelvis,midstance,-1.0892,-0.5081,0.1703,83.8623,-41.8701,-2.3193,t008,FJTB
2531896877,5036519,3,pelvis,midstance,-1.1758,-0.5787,0.2767,78.0640,-40.2222,-3.7842,t008,FJTB
2531896877,5036535,3,pelvis,midstance,-1.3525,-0.5704,0.5887,63.2935,-29.4189,-5.8594,t008,FJTB
2531896877,5036552,3,pelvis,midstance,-1.3523,-0.2987,0.7531,18.9819,13.4888,-13.5498,t008,FJTB
2531896935,5036567,3,pelvis,midstance,-1.3298,-0.0574,0.7690,-7.0801,59.6313,-23.3765,t008,FJTB
2531896936,5036584,3,pelvis,midstance,-1.2141,0.4089,0.7291,-7.9346,76.1719,-30.3955,t008,FJTB
2531896937,5036599,3,pelvis,midstance,-1.1255,0.4508,0.6486,17.2119,102.6611,-47.7295,t008,FJTB
2531896938,5036615,3,pelvis,midstance,-0.9911,0.0953,0.2715,48.7061,110.5957,-52.2461,t008,FJTB
2531896999,5036631,3,pelvis,midstance,-1.1382,-0.2410,-0.0662,127.1362,109.4360,-49.3164,t008,FJTB
2531896999,5036647,3,pelvis,midstance,-1.2920,-0.3104,-0.2023,155.2124,104.0649,-37.9639,t008,FJTB
2531897000,5036663,3,pelvis,midstance,-1.5990,-0.3467,-0.3689,137.4512,107.1167,-28.2593,t008,FJTB
2531897000,5036679,3,pelvis,midstance,-1.6011,-0.3641,-0.4076,59.0820,129.5776,-3.2349,t008,FJTB
2531897059,5036695,3,pelvis,midstance,-1.3779,-0.5062,-0.3588,14.2212,141.7847,8.6060,t008,FJTB
2531897059,5036711,3,pelvis,midstance,-1.1431,-0.5077,-0.2943,-44.2505,150.3296,25.6958,t008,FJTB
2531897060,5036727,3,pelvis,midstance,-1.0702,-0.4004,-0.2551,-76.7212,135.3760,17.6392,t008,FJTB
2531897109,5036744,3,pelvis,midstance,-1.0580,-0.2263,-0.1550,-87.6465,128.9673,5.4932,t008,FJTB
2531897121,5036760,3,pelvis,midstance,-1.0820,-0.1957,-0.1489,-95.8862,124.1455,-8.0566,t008,FJTB
2531897122,5036776,3,pelvis,terminal,-1.0399,-0.1484,-0.1650,-92.7734,122.6196,-6.3477,t008,FJTB
2531897122,5036792,3,pelvis,terminal,-0.9370,-0.1376,-0.1677,-76.2939,117.6147,4.8828,t008,FJTB
2531897180,5036808,3,pelvis,terminal,-0.8854,-0.1545,-0.1758,-64.5142,108.4595,17.5781,t008,FJTB
2531897182,5036824,3,pelvis,terminal,-0.8240,-0.1953,-0.1602,-64.0259,102.3559,21.7895,t008,FJTB
2531897182,5036840,3,pelvis,terminal,-0.8059,-0.1960,-0.1442,-69.5801,88.1958,24.8413,t008,FJTB
2531897183,5036856,3,pelvis,terminal,-0.7689,-0.1797,-0.0769,-72.9370,79.1626,25.0244,t008,FJTB
2531897245,5036872,3,pelvis,terminal,-0.7566,-0.2145,0.0190,-72.8149,61.2183,26.3062,t008,FJTB
2531897246,5036888,3,pelvis,terminal,-0.7686,-0.2490,0.0669,-65.7959,54.9316,32.7148,t008,FJTB
2531897246,5036904,3,pelvis,terminal,-0.7368,-0.1937,0.0726,-60.3638,53.3447,34.3628,t008,FJTB
2531897246,5036920,3,pelvis,terminal,-0.7385,-0.1783,0.0720,-49.1943,38.2690,31.0669,t008,FJTB
2531897306,5036936,3,pelvis,terminal,-0.7555,-0.1039,0.1511,-49.3774,32.7148,32.0435,t008,FJTB
2531897307,5036953,3,pelvis,terminal,-0.6967,-0.0201,0.2056,-55.2368,31.0059,30.3345,t008,FJTB
2531897307,5036968,3,pelvis,terminal,-0.6547,0.0397,0.2549,-62.1338,26.0620,24.2310,t008,FJTB
2531897307,5036984,3,pelvis,terminal,-0.6315,0.1343,0.4011,-62.5610,20.8740,20.5688,t008,FJTB
2531897368,5037000,3,pelvis,terminal,-0.6531,0.1631,0.4822,-53.8330,8.4839,15.5640,t008,FJTB
2531897368,5037016,3,pelvis,terminal,-0.6877,0.1804,0.5950,-42.7856,5.1270,11.2305,t008,FJTB
2531897368,5037032,3,pelvis,terminal,-0.6996,0.1599,0.5914,-7.0801,8.9722,-0.4883,t008,FJTB
2531897369,5037048,3,pelvis,terminal,-0.7268,0.0226,0.4923,12.5732,8.4839,-3.2959,t008,FJTB
2531897428,5037064,3,pelvis,terminal,-0.7545,-0.2444,0.5515,38.2690,-2.2583,4.8218,t008,FJTB
2531897429,5037080,3,pelvis,terminal,-0.7272,-0.3844,0.5780,39.4287,-2.6855,18.2495,t008,FJTB
2531897430,5037096,3,pelvis,terminal,-0.7141,-0.5079,0.6128,28.6865,-4.0283,23.0103,t008,FJTB
2531897489,5037112,3,pelvis,terminal,-0.7417,-0.4219,0.6646,3.7231,-4.5776,23.6816,t008,FJTB
2531897490,5037128,3,pelvis,terminal,-0.8044,-0.2738,0.7277,-4.6387,-1.2207,16.6626,t008,FJTB
2531897490,5037144,3,pelvis,terminal,-0.8480,-0.2341,0.8246,-27.5269,6.2256,6.4087,t008,FJTB
2531897491,5037160,3,pelvis,swing,-0.8478,-0.2360,0.8773,-45.3491,13.9160,9.2163,t008,FJTB
2531897549,5037176,3,pelvis,swing,-0.8032,-0.2660,0.8887,-46.5088,16.1133,13.1226,t008,FJTB
2531897550,5037192,3,pelvis,swing,-0.7738,-0.2703,0.8395,-44.9829,14.0381,18.6157,t008,FJTB
2531897551,5037208,3,pelvis,swing,-0.7423,-0.2498,0.7175,-46.9360,11.5967,20.7520,t008,FJTB
2531897552,5037224,3,pelvis,swing,-0.7778,-0.2439,0.7676,-56.2134,12.0850,28.6865,t008,FJTB
2531897613,5037240,3,pelvis,swing,-0.7856,-0.2582,0.7928,-70.8618,37.7808,35.1563,t008,FJTB
2531897614,5037256,3,pelvis,swing,-0.7316,-0.2620,0.3485,-80.2002,39.2456,32.6538,t008,FJTB
2531897614,5037272,3,pelvis,swing,-1.0341,-0.1748,0.3884,-124.5117,-17.3340,25.3906,t008,FJTB
2531897615,5037288,3,pelvis,swing,-2.0188,0.0746,1.0100,-142.8223,-25.1465,26.5503,t008,FJTB
2531897674,5037304,3,pelvis,swing,-1.1671,0.1350,0.0376,-123.5962,1.3428,36.9873,t008,FJTB
2531897675,5037320,3,pelvis,swing,-0.7500,0.2703,-0.3517,-54.9316,-50.1099,37.2925,t008,FJTB
2531897675,5037336,3,pelvis,swing,-0.5342,0.3234,-0.3236,-8.7891,-69.8242,31.7993,t008,FJTB
2531897675,5037353,3,pelvis,swing,-0.4586,0.1852,-0.1239,69.0918,-63.2935,16.6626,t008,FJTB
2531897737,5037368,3,pelvis,swing,-0.7782,-0.3523,-0.0864,77.2095,-59.0210,8.4839,t008,FJTB
2531897738,5037385,3,pelvis,swing,-1.2571,-0.8547,-0.1445,51.3306,-72.3877,11.1084,t008,FJTB
2531897738,5037401,3,pelvis,swing,-1.3654,-0.6451,0.0548,30.0293,-75.9888,40.9546,t008,FJTB
2531897738,5037416,3,pelvis,swing,-1.0917,-0.1066,0.3170,28.1982,-64.6362,39.5508,t008,FJTB
2531897797,5037432,3,pelvis,swing,-0.8922,-0.1542,0.2554,23.6816,-56.3354,19.6533,t008,FJTB
2531897799,5037449,3,pelvis,swing,-0.8297,-0.3420,0.1752,14.9536,-62.3169,15.9302,t008,FJTB
2531897800,5037464,3,pelvis,swing,-0.8615,-0.3009,0.2089,-5.7373,-68.0542,19.0430,t008,FJTB
2531897801,5037481,3,pelvis,swing,-0.8429,-0.0636,0.2971,-9.6436,-65.0635,19.4092,t008,FJTB
2531897861,5037496,3,pelvis,swing,-0.8683,-0.0226,0.2789,-7.0801,-58.6548,15.0757,t008,FJTB
2531897861,5037512,3,pelvis,loading,-0.9078,-0.0615,0.2817,2.6245,-58.5937,13.0005,t008,FJTB
2531897862,5037528,3,pelvis,loading,-0.9871,-0.1577,0.3032,14.0381,-58.7158,11.9629,t008,FJTB
2531897920,5037545,3,pelvis,loading,-0.9934,-0.1860,0.2926,40.2222,-58.2275,10.6812,t008,FJTB
2531897920,5037561,3,pelvis,loading,-0.9486,-0.1981,0.2264,49.1943,-58.1665,10.4370,t008,FJTB
2531897922,5037577,3,pelvis,loading,-0.9198,-0.2080,0.1643,58.2886,-59.3262,8.6670,t008,FJTB
2531897923,5037593,3,pelvis,loading,-0.9209,-0.2195,0.1694,58.8989,-57.3120,7.0801,t008,FJTB
2531897983,5037608,3,pelvis,loading,-0.9192,-0.2528,0.2329,57.4341,-53.7720,6.8970,t008,FJTB
2531897983,5037625,3,pelvis,loading,-0.9132,-0.2738,0.2520,54.1992,-48.7671,8.6670,t008,FJTB
2531897984,5037640,3,pelvis,loading,-0.9056,-0.2820,0.2461,55.1758,-48.9502,9.6436,t008,FJTB
2531897984,5037656,3,pelvis,loading,-0.9202,-0.2917,0.2247,58.3496,-49.2554,8.8501,t008,FJTB
2531898041,5037672,3,pelvis,loading,-0.9218,-0.3246,0.2061,52.6733,-45.1050,5.7983,t008,FJTB
2531898043,5037689,3,pelvis,loading,-0.9214,-0.3610,0.1482,44.1894,-42.3584,5.5542,t008,FJTB
2531898043,5037705,3,pelvis,loading,-0.9197,-0.3409,0.1172,23.6816,-39.6729,7.2021,t008,FJTB
2531898043,5037721,3,pelvis,loading,-0.9353,-0.2623,0.0792,16.4185,-39.7949,8.0566,t008,FJTB
2531898103,5037736,3,pelvis,loading,-0.9441,-0.1829,0.0721,12.8174,-42.7246,10.4370,t008,FJTB
2531898104,5037753,3,pelvis,loading,-0.9340,-0.1539,0.0753,20.6909,-45.4712,11.8408,t008,FJTB
2531898105,5037768,3,pelvis,loading,-0.9092,-0.1222,0.0720,27.5269,-47.3022,12.0850,t008,FJTB
2531898105,5037784,3,pelvis,loading,-0.9050,-0.1193,0.0720,42.7246,-52.7344,10.5591,t008,FJTB
2531898161,5037800,3,pelvis,loading,-0.9130,-0.1471,0.0708,48.7061,-55.4199,8.7280,t008,FJTB
2531898162,5037816,3,pelvis,loading,-0.9399,-0.2533,0.0986,55.2978,-58.2886,4.8218,t008,FJTB
2531898162,5037833,3,pelvis,midstance,-0.9517,-0.3088,0.1339,50.9033,-50.4150,4.2725,t008,FJTB
2531898168,5037848,3,pelvis,midstance,-0.9481,-0.4142,0.1752,46.8140,-43.0908,4.7607,t008,FJTB
2531898228,5037864,3,pelvis,midstance,-0.9413,-0.4440,0.1865,37.6587,-33.1421,8.1177,t008,FJTB
2531898229,5037880,3,pelvis,midstance,-0.9373,-0.4121,0.1637,37.4756,-28.5645,9.2163,t008,FJTB
2531898229,5037896,3,pelvis,midstance,-0.9316,-0.3541,0.0817,46.6309,-22.9492,6.7749,t008,FJTB
2531898286,5037912,3,pelvis,midstance,-0.9274,-0.1962,-0.0500,50.2319,-23.4375,5.7373,t008,FJTB
2531898289,5037929,3,pelvis,midstance,-0.9132,-0.1384,-0.0433,51.1475,-26.4893,6.5918,t008,FJTB
2531898289,5037945,3,pelvis,midstance,-0.9063,-0.1532,-0.0408,58.5327,-31.8603,6.8970,t008,FJTB
2531898290,5037961,3,pelvis,midstance,-0.9277,-0.1857,-0.0394,66.0400,-34.3018,5.5542,t008,FJTB
2531898349,5037977,3,pelvis,midstance,-0.9457,-0.1870,-0.0264,79.7729,-35.5835,0.7324,t008,FJTB
2531898350,5037993,3,pelvis,midstance,-0.9728,-0.2103,-0.0120,85.4492,-34.4849,-3.7231,t008,FJTB
2531898350,5038010,3,pelvis,midstance,-0.9807,-0.2904,0.0232,84.4116,-33.9355,-4.1504,t008,FJTB
2531898350,5038026,3,pelvis,midstance,-0.9943,-0.3395,0.0179,79.4678,-33.6914,-4.9438,t008,FJTB
2531898407,5038042,3,pelvis,midstance,-1.0483,-0.4076,0.0374,75.9277,-34.1187,-5.5542,t008,FJTB
2531898410,5038058,3,pelvis,midstance,-1.1046,-0.4514,0.1427,65.3076,-32.9590,-6.8359,t008,FJTB
2531898410,5038074,3,pelvis,midstance,-1.1493,-0.4468,0.2239,50.1709,-25.8179,-8.9722,t008,FJTB
2531898410,5038090,3,pelvis,midstance,-1.2452,-0.3406,0.4298,40.8936,-17.2119,-11.2305,t008,FJTB
2531898470,5038106,3,pelvis,midstance,-1.2809,-0.2263,0.5470,20.8130,12.8784,-18.0054,t008,FJTB
2531898470,5038122,3,pelvis,midstance,-1.3596,0.0687,0.7115,13.6719,32.7759,-23.8647,t008,FJTB
2531898471,5038138,3,pelvis,midstance,-1.3643,0.1932,0.7191,16.2354,71.8384,-44.1284,t008,FJTB
2531898527,5038154,3,pelvis,midstance,-1.2104,0.2391,0.5621,27.0996,88.3789,-53.5889,t008,FJTB
2531898527,5038169,3,pelvis,terminal,-1.0844,-0.0490,0.2306,69.5801,110.7788,-56.8848,t008,FJTB
2531898528,5038185,3,pelvis,terminal,-1.1154,-0.2075,0.0648,116.7602,111.8774,-41.8701,t008,FJTB
2531898528,5038202,3,pelvis,terminal,-1.2770,-0.3439,-0.2074,125.6714,111.3892,-34.4849,t008,FJTB
2531898592,5038218,3,pelvis,terminal,-1.3636,-0.3220,-0.3167,104.3091,116.3330,-21.3623,t008,FJTB
2531898593,5038234,3,pelvis,terminal,-1.4697,-0.2489,-0.4012,79.8950,122.8027,-14.0381,t008,FJTB
2531898593,5038250,3,pelvis,terminal,-1.3408,-0.2592,-0.2904,26.6113,139.8315,-1.4648,t008,FJTB
2531898593,5038266,3,pelvis,terminal,-1.2271,-0.2933,-0.2479,-1.7090,147.3389,4.6997,t008,FJTB
2531898654,5038282,3,pelvis,terminal,-1.0308,-0.2909,-0.2081,-9.0332,142.0288,4.5776,t008,FJTB
2531898657,5038298,3,pelvis,terminal,-0.9980,-0.2703,-0.1915,-19.9585,126.2817,-3.1128,t008,FJTB
2531898657,5038314,3,pelvis,terminal,-1.0259,-0.2625,-0.2306,-25.0244,121.3379,-6.4087,t008,FJTB
2531898658,5038330,3,pelvis,terminal,-0.9943,-0.2506,-0.2521,-38.8794,116.7602,-5.6152,t008,FJTB
2531898721,5038346,3,pelvis,terminal,-0.9648,-0.2433,-0.2234,-48.7671,113.9526,0.1831,t008,FJTB
2531898722,5038362,3,pelvis,terminal,-0.8973,-0.2644,-0.2075,-53.0395,111.3892,4.6997,t008,FJTB
2531898722,5038378,3,pelvis,terminal,-0.8588,-0.2701,-0.2126,-69.6411,99.3652,14.0991,t008,FJTB
2531898781,5038395,3,pelvis,terminal,-0.8186,-0.2314,-0.1382,-78.5522,91.5527,17.0288,t008,FJTB
2531898784,5038411,3,pelvis,terminal,-0.8392,-0.1940,-0.0459,-84.5337,79.7119,19.0430,t008,FJTB
2531898785,5038427,3,pelvis,terminal,-0.8462,-0.1798,-0.0229,-82.2143,67.0166,22.2168,t008,FJTB
2531898786,5038443,3,pelvis,terminal,-0.8676,-0.1595,0.0361,-79.1016,60.8520,24.5972,t008,FJTB
2531898849,5038459,3,pelvis,terminal,-0.8682,-0.1279,0.0657,-63.8428,56.2744,29.9683,t008,FJTB
2531898850,5038475,3,pelvis,terminal,-0.8054,-0.0306,0.0631,-51.7578,53.6499,28.8086,t008,FJTB
2531898908,5038491,3,pelvis,terminal,-0.7638,-0.0112,0.0975,-29.6631,40.1001,23.2544,t008,FJTB
2531898910,5038507,3,pelvis,terminal,-0.7360,-0.0055,0.1497,-21.6064,28.1372,24.3530,t008,FJTB
2531898911,5038522,3,pelvis,terminal,-0.6790,0.0057,0.2133,-22.9492,25.5737,23.4985,t008,FJTB
2531898911,5038538,3,pelvis,terminal,-0.6632,0.0186,0.2357,-28.0762,17.2119,20.2637,t008,FJTB
2531898911,5038554,3,pelvis,terminal,-0.6737,0.0426,0.3547,-27.6489,12.4512,18.1274,t008,FJTB
2531898911,5038570,3,pelvis,terminal,-0.7186,-0.0264,0.5199,-17.2119,8.9722,11.5967,t008,FJTB
2531898971,5038586,3,pelvis,terminal,-0.7196,-0.0891,0.5560,4.8218,16.6016,8.0566,t008,FJTB
2531898972,5038602,3,pelvis,terminal,-0.7411,-0.2150,0.6327,14.7705,17.2119,10.4370,t008,FJTB
2531898972,5038618,3,pelvis,terminal,-0.7799,-0.2893,0.7041,23.4985,22.0337,19.9585,t008,FJTB
2531898973,5038634,3,pelvis,terminal,-0.7490,-0.3793,0.6849,20.7520,27.1606,23.2544,t008,FJTB
2531898973,5038650,3,pelvis,terminal,-0.6932,-0.3241,0.6239,2.5024,19.1040,19.2261,t008,FJTB
2531899029,5038666,3,pelvis,terminal,-0.6780,-0.1278,0.6311,-9.5215,7.7515,13.2446,t008,FJTB
2531899029,5038682,3,pelvis,swing,-0.7828,-0.0771,0.8214,-25.6348,-1.0986,4.0283,t008,FJTB
2531899030,5038698,3,pelvis,swing,-0.8193,-0.1306,0.8611,-31.9824,13.5498,3.7231,t008,FJTB
2531899034,5038714,3,pelvis,swing,-0.7960,-0.2805,0.7725,-34.2407,19.1040,6.7139,t008,FJTB
2531899094,5038730,3,pelvis,swing,-0.7688,-0.3326,0.6978,-43.0298,16.2354,12.5122,t008,FJTB
2531899095,5038745,3,pelvis,swing,-0.7513,-0.3202,0.6346,-51.2085,11.0474,14.5874,t008,FJTB
2531899095,5038761,3,pelvis,swing,-0.7411,-0.2166,0.5969,-62.6831,1.2817,19.3481,t008,FJTB
2531899151,5038778,3,pelvis,swing,-0.7388,-0.1680,0.5861,-58.5327,-10.1318,26.3672,t008,FJTB
2531899153,5038794,3,pelvis,swing,-0.7040,-0.0929,0.6000,-50.4761,-8.7280,27.5879,t008,FJTB
2531899154,5038810,3,pelvis,swing,-0.6246,-0.0836,0.4778,-32.3486,2.0752,18.4326,t008,FJTB
2531899154,5038826,3,pelvis,swing,-0.5660,-0.1124,0.0459,-35.0342,-11.2915,15.0757,t008,FJTB
2531899214,5038842,3,pelvis,swing,-1.4353,-0.0299,0.7490,-74.5850,-61.1572,13.9160,t008,FJTB
2531899214,5038858,3,pelvis,swing,-2.2445,-0.1528,1.4810,-138.5498,7.2632,23.6816,t008,FJTB
2531899215,5038874,3,pelvis,swing,-1.8547,-0.2771,0.8289,-159.1187,40.6494,39.3677,t008,FJTB
2531899216,5038890,3,pelvis,swing,-1.1113,0.0410,0.1780,-126.5259,-34.4849,53.1006,t008,FJTB
2531899271,5038906,3,pelvis,swing,-0.6437,0.5306,-0.3872,-63.7207,-69.2139,49.6216,t008,FJTB
2531899274,5038922,3,pelvis,swing,-0.4504,0.3882,-0.2968,73.7305,-62.1338,25.3296,t008,FJTB
2531899274,5038938,3,pelvis,swing,-0.3607,0.2313,-0.2866,131.9580,-34.7290,0.3662,t008,FJTB
2531899274,5038954,3,pelvis,swing,-0.7834,-0.3794,-0.2474,115.7837,-46.3867,-1.4038,t008,FJTB
2531899333,5038970,3,pelvis,swing,-1.0348,-0.6318,-0.1212,81.2378,-60.8520,12.1460,t008,FJTB
2531899333,5038986,3,pelvis,swing,-1.3280,-0.5242,0.0837,75.8667,-56.3354,16.1133,t008,FJTB
2531899334,5039002,3,pelvis,swing,-1.2285,-0.4938,0.2114,55.3589,-46.3257,8.8501,t008,FJTB
2531899389,5039018,3,pelvis,swing,-1.0685,-0.4974,0.2563,8.3618,-49.0112,8.5449,t008,FJTB
2531899390,5039034,3,pelvis,loading,-0.8641,-0.3167,0.2802,-8.9111,-53.2837,10.5591,t008,FJTB
2531899390,5039051,3,pelvis,loading,-0.8403,-0.1844,0.2834,-10.0098,-56.5796,8.4839,t008,FJTB
2531899390,5039067,3,pelvis,loading,-0.7805,-0.0570,0.2480,1.8311,-55.1147,5.0659,t008,FJTB
2531899456,5039083,3,pelvis,loading,-0.8027,-0.1191,0.2356,19.2261,-53.6499,5.0659,t008,FJTB
2531899456,5039099,3,pelvis,loading,-0.8798,-0.1454,0.2396,27.3437,-54.6265,12.3901,t008,FJTB
2531899456,5039115,3,pelvis,loading,-1.0164,-0.1527,0.2356,36.0107,-53.9551,14.2822,t008,FJTB
2531899457,5039131,3,pelvis,loading,-1.0430,-0.1523,0.2411,55.8472,-46.8750,11.7798,t008,FJTB
2531899514,5039147,3,pelvis,loading,-1.0125,-0.2155,0.2499,61.0962,-42.0532,9.5215,t008,FJTB
2531899514,5039163,3,pelvis,loading,-0.8933,-0.2977,0.2604,63.5376,-36.1328,6.6528,t008,FJTB
2531899517,5039179,3,pelvis,loading,-0.8313,-0.3326,0.2689,66.8335,-34.3628,1.7700,t008,FJTB
2531899517,5039195,3,pelvis,loading,-0.8016,-0.3923,0.2749,68.5425,-35.3394,0.7324,t008,FJTB
2531899576,5039211,3,pelvis,loading,-0.8452,-0.4077,0.2827,63.8428,-37.7197,3.2959,t008,FJTB
2531899576,5039227,3,pelvis,loading,-0.9611,-0.4049,0.2419,57.8003,-37.2314,5.3711,t008,FJTB
2531899577,5039242,3,pelvis,loading,-0.9985,-0.3774,0.2085,40.2832,-31.6162,10.0098,t008,FJTB
2531899619,5039258,3,pelvis,loading,-0.9771,-0.2611,0.1825,30.9448,-26.7334,11.2305,t008,FJTB
2531899632,5039274,3,pelvis,loading,-0.9171,-0.2396,0.1445,19.3481,-19.0430,8.8501,t008,FJTB
2531899634,5039290,3,pelvis,loading,-0.8978,-0.2437,0.1244,16.5405,-19.4702,7.2632,t008,FJTB
2531899635,5039306,3,pelvis,loading,-0.9047,-0.2029,0.1090,17.4561,-21.4233,6.4087,t008,FJTB
2531899693,5039322,3,pelvis,loading,-0.9211,-0.1715,0.1075,23.4375,-25.5737,4.0894,t008,FJTB
2531899694,5039338,3,pelvis,loading,-0.9503,-0.1416,0.1086,27.9541,-27.2827,3.2349,t008,FJTB
2531899694,5039354,3,pelvis,loading,-0.9613,-0.1630,0.1442,38.2080,-30.1514,2.5635,t008,FJTB
2531899695,5039370,3,pelvis,loading,-0.9625,-0.1890,0.1569,46.9360,-31.0669,2.6245,t008,FJTB
2531899749,5039386,3,pelvis,loading,-0.9463,-0.2520,0.1089,51.2695,-32.1045,1.6479,t008,FJTB
2531899750,5039402,3,pelvis,midstance,-0.9305,-0.2727,0.0712,59.8144,-36.3159,-1.7090,t008,FJTB
2531899750,5039418,3,pelvis,midstance,-0.9210,-0.3011,0.0345,61.8896,-37.7197,-2.7466,t008,FJTB
2531899754,5039434,3,pelvis,midstance,-0.9407,-0.3022,0.0657,57.0068,-37.8418,-1.4038,t008,FJTB
2531899814,5039451,3,pelvis,midstance,-0.9397,-0.2998,0.0729,51.8799,-37.9639,0.1831,t008,FJTB
2531899814,5039467,3,pelvis,midstance,-0.9263,-0.2921,0.0937,51.3916,-39.2456,1.4648,t008,FJTB
2531899814,5039483,3,pelvis,midstance,-0.9132,-0.2740,0.0929,49.7436,-38.6353,3.8452,t008,FJTB
2531899870,5039499,3,pelvis,midstance,-0.8914,-0.2263,0.1075,49.3164,-37.2314,4.5166,t008,FJTB
2531899872,5039515,3,pelvis,midstance,-0.9264,-0.2358,0.1915,49.0112,-32.2266,3.8452,t008,FJTB
2531899873,5039531,3,pelvis,midstance,-0.9412,-0.2662,0.2021,51.5137,-21.1792,1.9531,t008,FJTB
2531899873,5039547,3,pelvis,midstance,-0.9446,-0.3105,0.1331,54.9927,-16.9067,1.6479,t008,FJTB
2531899932,5039562,3,pelvis,midstance,-0.9410,-0.3018,0.1083,63.1103,-13.3057,1.4038,t008,FJTB
2531899933,5039578,3,pelvis,midstance,-0.9216,-0.2709,0.0513,66.7114,-12.4512,0.8545,t008,FJTB
2531899934,5039594,3,pelvis,midstance,-0.9069,-0.2599,0.0150,69.3970,-14.1602,-0.0610,t008,FJTB
2531899934,5039611,3,pelvis,midstance,-0.8718,-0.2405,-0.0020,68.7866,-17.3950,0.4272,t008,FJTB
2531899988,5039627,3,pelvis,midstance,-0.8583,-0.2491,-0.0092,70.1904,-19.5313,0.9155,t008,FJTB
2531899991,5039643,3,pelvis,midstance,-0.8777,-0.2651,0.0027,75.4395,-24.7803,0.9766,t008,FJTB
2531899991,5039659,3,pelvis,midstance,-0.9601,-0.3440,0.0148,78.0029,-26.8555,0.2441,t008,FJTB
2531900049,5039675,3,pelvis,midstance,-1.0149,-0.3969,0.0063,77.6367,-31.1890,-1.5869,t008,FJTB
2531900050,5039691,3,pelvis,midstance,-1.1663,-0.4749,0.0762,71.7163,-33.0811,-2.8076,t008,FJTB
2531900051,5039707,3,pelvis,midstance,-1.2867,-0.5291,0.2285,49.6826,-31.8603,-6.5308,t008,FJTB
2531900051,5039723,3,pelvis,midstance,-1.3353,-0.5067,0.2955,21.9116,-15.6860,-9.6436,t008,FJTB
2531900106,5039739,3,pelvis,midstance,-1.4003,-0.2296,0.4194,8.4839,0.6714,-10.7422,t008,FJTB
2531900107,5039755,3,pelvis,midstance,-1.3820,0.0220,0.4760,-8.6670,43.8843,-16.8457,t008,FJTB
2531900107,5039771,3,pelvis,midstance,-1.2096,0.4674,0.5370,-7.5073,64.6362,-23.6206,t008,FJTB
2531900107,5039787,3,pelvis,midstance,-1.0458,0.5349,0.4866,20.6299,96.3135,-41.8091,t008,FJTB
2531900164,5039802,3,pelvis,midstance,-0.9949,0.4388,0.4023,85.6934,117.4927,-59.7534,t008,FJTB
2531900165,5039818,3,pelvis,midstance,-0.9966,0.0782,0.1578,122.4976,123.7793,-64.3311,t008,FJTB
2531900166,5039834,3,pelvis,midstance,-1.0590,-0.0734,0.0245,163.3911,126.8310,-56.7017,t008,FJTB
2531900219,5039850,3,pelvis,midstance,-1.2693,-0.2380,-0.2119,156.1890,124.6948,-46.5088,t008,FJTB
2531900221,5039867,3,pelvis,midstance,-1.4561,-0.3433,-0.3191,107.6050,122.3144,-27.4658,t008,FJTB
2531900221,5039883,3,pelvis,midstance,-1.4722,-0.3799,-0.2946,49.6216,131.5308,-14.9536,t008,FJTB
2531900221,5039899,3,pelvis,midstance,-1.3386,-0.4182,-0.2089,29.4800,137.4512,-11.2915,t008,FJTB
2531900276,5039915,3,pelvis,midstance,-1.2314,-0.4032,-0.2155,8.3618,136.9019,-10.4370,t008,FJTB
2531900277,5039931,3,pelvis,midstance,-1.0782,-0.3060,-0.2350,1.7700,131.1646,-12.6343,t008,FJTB
2531900277,5039947,3,pelvis,midstance,-1.0862,-0.2704,-0.1887,-10.8032,124.0845,-17.4561,t008,FJTB
2531900331,5039963,3,pelvis,midstance,-1.0951,-0.2556,-0.1769,-18.9819,124.8169,-15.5029,t008,FJTB
2531900333,5039979,3,pelvis,midstance,-1.0265,-0.1743,-0.1324,-21.8506,122.5586,-10.9863,t008,FJTB
2531900333,5039995,3,pelvis,midstance,-0.9656,-0.1329,-0.0848,-18.4326,110.2295,-0.3662,t008,FJTB
2531900334,5040011,3,pelvis,midstance,-0.8386,-0.1360,-0.0444,-14.5264,100.8911,4.2114,t008,FJTB
2531900391,5040027,3,pelvis,midstance,-0.8026,-0.2009,-0.0273,-10.3149,83.3740,10.8032,t008,FJTB
2531900392,5040044,3,pelvis,midstance,-0.8131,-0.2263,-0.0244,-18.6157,71.9604,14.2212,t008,FJTB
2531900392,5040060,3,pelvis,midstance,-0.8292,-0.2227,-0.0138,-26.0010,67.4438,14.1602,t008,FJTB
2531900446,5040076,3,pelvis,midstance,-0.8319,-0.2059,-0.0042,-38.0249,59.8144,13.0005,t008,FJTB
2531900448,5040092,3,pelvis,midstance,-0.8221,-0.1780,0.0885,-39.3677,57.6172,14.2212,t008,FJTB
2531900449,5040108,3,pelvis,midstance,-0.7460,-0.1232,0.1300,-29.1138,57.0679,20.4468,t008,FJTB
2531900449,5040124,3,pelvis,midstance,-0.7048,-0.0989,0.1272,-14.5874,42.3584,20.9351,t008,FJTB
2531900507,5040140,3,pelvis,midstance,-0.6874,-0.0726,0.1606,-11.3525,33.2642,19.5313,t008,FJTB
2531900508,5040156,3,pelvis,midstance,-0.6833,-0.0608,0.1815,-10.7422,15.3198,19.3481,t008,FJTB
2531900509,5040172,3,pelvis,midstance,-0.6599,0.0062,0.2607,-10.7422,7.3242,19.7144,t008,FJTB
2531900509,5040188,3,pelvis,midstance,-0.6670,0.0388,0.3127,-10.6201,-5.7983,16.7847,t008,FJTB
2531900563,5040204,3,pelvis,midstance,-0.6895,0.0417,0.3441,-6.5918,-17.4561,12.2681,t008,FJTB
2531900565,5040220,3,pelvis,midstance,-0.7703,-0.0090,0.4520,-1.0376,-22.7661,8.5449,t008,FJTB
2531900565,5040236,3,pelvis,midstance,-0.8484,-0.0856,0.5441,8.3618,-21.8506,0.1221,t008,FJTB
2531900623,5040252,3,pelvis,midstance,-0.9341,-0.2622,0.7170,10.9863,-12.3291,-2.3193,t008,FJTB
2531900624,5040268,3,pelvis,midstance,-0.8392,-0.2761,0.6943,15.8081,10.5591,0.6104,t008,FJTB
2531900624,5040284,3,pelvis,midstance,-0.7792,-0.2284,0.6584,16.0522,7.5073,5.7983,t008,FJTB
2531900624,5040300,3,pelvis,midstance,-0.7568,-0.1586,0.7086,12.7563,-0.9766,7.3242,t008,FJTB
2531900678,5040316,3,pelvis,midstance,-0.7742,-0.1411,0.7753,-1.2207,-8.6060,6.8970,t008,FJTB
2531900680,5040332,3,pelvis,midstance,-0.7888,-0.1145,0.8696,-6.8359,-3.4180,4.0894,t008,FJTB
2531900681,5040348,3,pelvis,midstance,-0.7782,-0.1055,0.8661,-9.7046,14.9536,-3.2959,t008,FJTB
2531900738,5040364,3,pelvis,midstance,-0.7599,-0.0880,0.8484,-3.1128,30.6396,-7.3853,t008,FJTB
2531900738,5040380,3,pelvis,midstance,-0.6901,-0.0737,0.6654,4.1504,36.1328,-10.8032,t008,FJTB
2531900739,5040396,3,pelvis,midstance,-0.6768,-0.0933,0.5900,9.2773,31.1890,-11.1084,t008,FJTB
2531900739,5040412,3,pelvis,midstance,-0.6769,-0.1594,0.5762,5.8594,26.0620,-5.8594,t008,FJTB
2531900791,5040428,3,pelvis,midstance,-0.6597,-0.1797,0.5582,-1.0376,18.2495,7.9346,t008,FJTB
2531900793,5040444,3,pelvis,midstance,-0.6249,-0.1523,0.4995,-3.4790,14.3433,11.8408,t008,FJTB
2531900794,5040460,3,pelvis,midstance,-0.6246,-0.1250,0.5164,-6.4697,8.4839,14.1602,t008,FJTB
2531900802,5040476,3,pelvis,midstance,-0.6166,-0.1338,0.5128,-4.3335,3.5400,10.9863,t008,FJTB
2531900850,5040492,3,pelvis,midstance,-0.6615,-0.1978,0.4625,-6.1646,-1.4038,8.8501,t008,FJTB
2531900850,5040508,3,pelvis,midstance,-0.6733,-0.2015,0.3376,3.9673,-19.7754,5.6763,t008,FJTB
2531900851,5040524,3,pelvis,midstance,-0.8646,-0.0884,0.0901,20.2637,-35.8887,1.7700,t008,FJTB
2531900902,5040540,3,pelvis,midstance,-1.4586,0.1838,0.5259,33.9966,-60.4248,-16.3574,t008,FJTB
2531900905,5040556,3,pelvis,midstance,-1.8425,0.1758,1.0765,-23.0713,1.8311,-9.7656,t008,FJTB
2531900905,5040572,3,pelvis,midstance,-1.8463,-0.3223,1.2668,-62.6221,47.4243,15.2588,t008,FJTB
2531900961,5040588,3,pelvis,midstance,-1.2635,-0.5094,0.6334,-84.9609,19.7144,55.1758,t008,FJTB
2531900962,5040604,3,pelvis,midstance,-0.5300,-0.0837,-0.1567,-62.8052,-31.3721,45.0439,t008,FJTB
2531900962,5040620,3,pelvis,midstance,-0.8047,0.2083,-0.2783,22.0947,-70.3125,4.9438,t008,FJTB
2531900963,5040636,3,pelvis,midstance,-0.7936,0.0951,-0.3640,94.4824,-46.3257,-0.3662,t008,FJTB
2531901015,5040652,3,pelvis,midstance,-0.7902,-0.2476,-0.2706,91.3696,-44.2505,5.0659,t008,FJTB
2531901017,5040668,3,pelvis,midstance,-0.9443,-0.3984,-0.0894,45.4102,-44.7998,10.7422,t008,FJTB
2531901018,5040684,3,pelvis,midstance,-1.1088,-0.3976,0.1591,25.6348,-41.5649,13.3057,t008,FJTB
2531901036,5040700,3,pelvis,midstance,-1.0800,-0.2780,0.2841,12.3291,-44.1284,15.1367,t008,FJTB
2531901076,5040716,3,pelvis,midstance,-1.0460,-0.3303,0.3346,11.2915,-49.4995,13.9160,t008,FJTB
2531901076,5040732,3,pelvis,midstance,-0.9343,-0.3044,0.3242,9.7656,-50.4761,13.0615,t008,FJTB
2531901077,5040748,3,pelvis,midstance,-0.8962,-0.2131,0.3038,11.3525,-51.3306,8.9111,t008,FJTB
2531901131,5040764,3,pelvis,midstance,-0.8741,-0.1732,0.2894,15.8081,-50.9033,7.9346,t008,FJTB
2531901134,5040780,3,pelvis,midstance,-0.9032,-0.2852,0.2601,13.4888,-47.0581,9.8877,t008,FJTB
2531901134,5040796,3,pelvis,midstance,-0.9243,-0.2939,0.2458,-1.5869,-41.2598,15.6250,t008,FJTB
2531901134,5040812,3,pelvis,midstance,-0.9531,-0.1196,0.2830,0.8545,-39.9780,16.4185,t008,FJTB
2531901192,5040828,3,pelvis,midstance,-0.9536,-0.0251,0.2910,40.5273,-36.8042,11.1694,t008,FJTB
2531901193,5040844,3,pelvis,midstance,-0.9335,-0.0063,0.2933,66.2231,-33.9355,8.1177,t008,FJTB
2531901193,5040860,3,pelvis,midstance,-0.9072,-0.0632,0.2651,101.8677,-28.4424,0.8545,t008,FJTB
2531901202,5040877,3,pelvis,midstance,-0.9008,-0.2258,0.2252,111.0840,-32.9590,-2.9907,t008,FJTB
2531901247,5040892,3,pelvis,midstance,-0.9379,-0.3495,0.2288,109.3750,-34.7900,-3.1738,t008,FJTB
2531901250,5040908,3,pelvis,midstance,-0.9525,-0.3840,0.2288,101.6846,-28.9917,-2.8076,t008,FJTB
2531901250,5040924,3,pelvis,midstance,-0.9517,-0.4305,0.2001,97.5952,-23.5596,-1.2817,t008,FJTB
2531901308,5040941,3,pelvis,midstance,-0.9434,-0.4575,0.1943,87.4023,-13.9770,5.0049,t008,FJTB
2531901309,5040956,3,pelvis,midstance,-0.9125,-0.4192,0.1648,80.0171,-10.4980,6.4087,t008,FJTB
2531901309,5040972,3,pelvis,midstance,-0.8616,-0.1442,0.2086,72.3267,-1.0986,-8.6060,t008,FJTB
2531901309,5040988,3,pelvis,midstance,-0.8728,-0.1282,0.1569,80.8105,12.9395,-41.9922,t008,FJTB
2531901365,5041005,3,pelvis,midstance,-0.9266,-0.1865,0.0995,85.2051,11.2305,-40.2222,t008,FJTB
2531901366,5041020,3,pelvis,midstance,-0.9247,-0.1527,0.1060,95.1538,4.9438,-32.7759,t008,FJTB
2531901366,5041036,3,pelvis,midstance,-0.9470,-0.2135,0.1185,97.9004,-2.6245,-28.9307,t008,FJTB
2531901423,5041052,3,pelvis,midstance,-0.9623,-0.2740,0.1506,100.7690,-6.1646,-29.1138,t008,FJTB
2531901424,5041068,3,pelvis,midstance,-0.9746,-0.3319,0.1658,101.1352,-2.8687,-21.4844,t008,FJTB
2531901424,5041084,3,pelvis,midstance,-0.9241,-0.3142,0.0726,99.0601,0.0610,-15.9302,t008,FJTB
2531901425,5041100,3,pelvis,midstance,-0.9042,-0.3142,0.0389,98.9380,-3.1128,-11.5356,t008,FJTB
2531901479,5041116,3,pelvis,midstance,-0.9320,-0.3599,0.0548,96.2524,-6.1646,-8.3008,t008,FJTB
2531901482,5041132,3,pelvis,midstance,-0.8654,-0.7883,-0.3706,48.7671,-61.2793,19.5923,t008,FJTB
2531901482,5041149,3,pelvis,midstance,-0.9934,-0.3864,0.4153,13.6108,-100.3418,55.0537,t008,FJTB
2531901492,5041164,3,pelvis,midstance,-0.9296,-0.1147,0.2988,31.7383,-41.1377,26.7944,t008,FJTB
2531901540,5041180,3,pelvis,midstance,-0.9014,-0.1479,0.0946,50.8423,-15.7471,-0.9155,t008,FJTB
2531901540,5041197,3,pelvis,midstance,-0.9403,-0.1345,0.1874,60.7910,-23.1323,-0.5493,t008,FJTB
2531901541,5041213,3,pelvis,midstance,-0.9432,-0.1654,0.1780,87.7685,-23.3765,-4.0894,t008,FJTB
2531901595,5041229,3,pelvis,midstance,-0.9470,-0.1935,0.1510,104.2480,-16.3574,-7.6904,t008,FJTB
2531901597,5041244,3,pelvis,midstance,-0.9214,-0.2085,0.0962,106.7505,-12.7563,-7.5073,t008,FJTB
2531901598,5041261,3,pelvis,midstance,-0.8964,-0.1992,0.0803,107.0557,-9.9487,-6.4697,t008,FJTB
2531901598,5041277,3,pelvis,midstance,-0.8596,-0.1802,0.1022,106.5674,-10.0708,-6.7749,t008,FJTB
2531901656,5041293,3,pelvis,midstance,-0.8706,-0.1836,0.1344,107.4829,-9.0332,-8.8501,t008,FJTB
2531901657,5041309,3,pelvis,midstance,-0.9020,-0.2284,0.1401,113.8916,-4.3335,-12.4512,t008,FJTB
2531901657,5041325,3,pelvis,midstance,-1.0820,-0.3926,0.0684,117.3706,-1.5259,-13.4888,t008,FJTB
2531901711,5041341,3,pelvis,midstance,-1.2452,-0.4280,0.0271,114.2578,3.4180,-14.2822,t008,FJTB
2531901713,5041357,3,pelvis,midstance,-1.4353,-0.2985,0.0413,107.1167,8.3008,-15.6250,t008,FJTB
2531901713,5041373,3,pelvis,midstance,-1.2296,-0.1238,0.0870,90.6982,23.9258,-15.5029,t008,FJTB
2531901714,5041389,3,pelvis,midstance,-1.1384,-0.0531,0.1243,81.7871,43.7012,-15.1978,t008,FJTB
2531901769,5041405,3,pelvis,midstance,-1.0801,0.1113,0.2209,81.4819,57.8613,-18.4326,t008,FJTB
2531901770,5041421,3,pelvis,midstance,-1.0592,0.1865,0.2687,96.9238,84.1675,-32.1045,t008,FJTB
2531901770,5041437,3,pelvis,midstance,-1.0367,0.2452,0.3406,111.0840,93.8721,-41.1987,t008,FJTB
2531901811,5041453,3,pelvis,midstance,-1.1028,0.1650,0.2377,138.1836,111.4502,-60.9131,t008,FJTB
2531901823,5041469,3,pelvis,midstance,-1.1625,0.1177,0.1456,149.5361,126.2207,-66.1011,t008,FJTB
2531901825,5041485,3,pelvis,midstance,-1.2676,0.0553,0.0051,149.5972,133.0566,-63.3545,t008,FJTB
2531901827,5041501,3,pelvis,midstance,-1.2875,0.0361,-0.0450,142.5781,134.2163,-51.0864,t008,FJTB
2531901883,5041517,3,pelvis,midstance,-1.3418,0.0509,-0.1484,133.3618,132.9346,-43.5791,t008,FJTB
2531901883,5041533,3,pelvis,midstance,-1.3606,0.0580,-0.1984,129.4556,137.7563,-40.0391,t008,FJTB
2531901884,5041549,3,pelvis,midstance,-1.3778,0.0649,-0.2731,136.5356,140.5640,-41.8701,t008,FJTB
2531901913,5041565,3,pelvis,midstance,-1.3417,-0.0004,-0.3285,154.4189,142.0898,-39.7949,t008,FJTB
2531901936,5041581,3,pelvis,midstance,-1.2809,-0.0300,-0.3293,158.5693,138.7939,-31.3721,t008,FJTB
2531901938,5041597,3,pelvis,midstance,-1.1035,-0.0248,-0.3091,152.4048,136.3525,-29.7852,t008,FJTB
2531901939,5041613,3,pelvis,midstance,-1.0122,0.0063,-0.2762,126.8310,127.3804,-34.7900,t008,FJTB
2531901995,5041629,3,pelvis,midstance,-0.9292,0.0349,-0.1586,116.0889,120.8496,-38.9404,t008,FJTB
2531901995,5041645,3,pelvis,midstance,-0.9407,-0.0280,-0.0995,108.0322,105.8350,-44.3115,t008,FJTB
2531901996,5041662,3,pelvis,midstance,-0.9412,-0.0422,-0.0973,104.4311,91.7358,-47.1802,t008,FJTB
2531902047,5041678,3,pelvis,midstance,-0.9219,-0.0210,-0.0819,99.9145,86.5478,-48.8892,t008,FJTB
2531902050,5041694,3,pelvis,midstance,-0.8965,-0.0094,-0.0743,85.1440,78.3691,-50.4150,t008,FJTB
2531902050,5041710,3,pelvis,midstance,-0.8173,-0.0082,-0.0594,78.3081,74.0967,-50.3540,t008,FJTB
2531902051,5041726,3,pelvis,midstance,-0.7445,-0.0538,0.0063,69.6411,61.1572,-50.3540,t008,FJTB
2531902105,5041742,3,pelvis,midstance,-0.7216,-0.0898,0.0496,71.3501,50.2319,-49.1333,t008,FJTB
2531902106,5041758,3,pelvis,midstance,-0.6775,-0.1516,0.0756,76.3550,44.0063,-47.6685,t008,FJTB
2531902107,5041774,3,pelvis,midstance,-0.6726,-0.1749,0.0894,88.9282,24.5972,-44.4946,t008,FJTB
2531902161,5041790,3,pelvis,midstance,-0.6915,-0.2190,0.1171,95.0317,16.1133,-43.0298,t008,FJTB
2531902162,5041806,3,pelvis,midstance,-0.6995,-0.3121,0.1068,100.8301,0.1831,-40.2222,t008,FJTB
2531902162,5041822,3,pelvis,midstance,-0.7208,-0.3596,0.1490,90.5151,-15.5029,-33.1421,t008,FJTB
2531902162,5041838,3,pelvis,midstance,-0.7767,-0.4104,0.3269,82.2754,-18.8599,-27.8931,t008,FJTB
2531902217,5041854,3,pelvis,midstance,-0.7908,-0.4403,0.4333,68.7866,-12.8784,-19.4092,t008,FJTB
2531902218,5041870,3,pelvis,midstance,-0.7878,-0.5120,0.6542,63.8428,-5.7983,-16.6016,t008,FJTB
2531902218,5041886,3,pelvis,midstance,-0.7405,-0.4459,0.7595,59.5703,6.6528,-14.4043,t008,FJTB
2531902271,5041902,3,pelvis,midstance,-0.7358,-0.3553,0.7648,55.9082,5.3711,-18.7988,t008,FJTB
2531902273,5041918,3,pelvis,midstance,-0.7460,-0.1427,0.7802,48.8892,0.3052,-21.0571,t008,FJTB
2531902274,5041934,3,pelvis,midstance,-0.7465,-0.0712,0.8107,26.4282,-7.5684,-17.4561,t008,FJTB
2531902274,5041951,3,pelvis,midstance,-0.7605,-0.1024,0.8427,16.5405,-8.7280,-11.1084,t008,FJTB
2531902328,5041967,3,pelvis,midstance,-0.7462,-0.1534,0.8668,6.7139,-4.6997,2.9297,t008,FJTB
2531902328,5041983,3,pelvis,midstance,-0.6840,-0.1368,0.8037,5.4932,6.2256,4.9438,t008,FJTB
2531902329,5041999,3,pelvis,midstance,-0.4926,-0.0500,0.5831,4.0283,3.5400,1.8311,t008,FJTB
2531902379,5042015,3,pelvis,midstance,-0.4434,-0.0110,0.4858,5.1880,-22.9492,-8.4839,t008,FJTB
2531902382,5042031,3,pelvis,midstance,-0.5088,-0.0303,0.2223,7.1411,-39.8560,-12.5122,t008,FJTB
2531902382,5042047,3,pelvis,midstance,-1.3591,0.0203,0.5966,23.3154,-55.2368,-18.2495,t008,FJTB
2531902383,5042063,3,pelvis,midstance,-2.3044,-0.0757,0.9546,13.7939,1.7700,-27.5879,t008,FJTB
2531902437,5042079,3,pelvis,midstance,-2.2332,-0.5966,0.4877,-3.2349,16.6626,-7.6294,t008,FJTB
2531902437,5042095,3,pelvis,midstance,-1.1650,-0.4064,0.1827,-19.9585,-23.4375,51.6968,t008,FJTB
2531902437,5042111,3,pelvis,midstance,-0.2325,0.1263,-0.0010,-5.3711,-48.3398,48.4619,t008,FJTB
2531902487,5042128,3,pelvis,midstance,-0.5867,0.1299,-0.2144,52.4292,-68.4814,0.0000,t008,FJTB
2531902489,5042144,3,pelvis,midstance,-0.7529,-0.0634,-0.2726,73.9746,-46.5088,-9.4604,t008,FJTB
2531902490,5042160,3,pelvis,midstance,-1.0153,-0.2919,-0.1351,58.3496,-31.0059,2.6245,t008,FJTB
2531902546,5042176,3,pelvis,midstance,-1.0972,-0.3446,-0.0164,31.8603,-10.5591,14.7095,t008,FJTB
2531902547,5042192,3,pelvis,midstance,-1.1056,-0.3345,0.1002,26.9165,-8.2397,11.9019,t008,FJTB
2531902547,5042208,3,pelvis,midstance,-1.0695,-0.3427,0.2013,13.3667,-19.9585,2.2583,t008,FJTB
2531902548,5042223,3,pelvis,midstance,-1.0394,-0.3127,0.2454,-10.0708,-28.7476,1.4648,t008,FJTB
2531902599,5042240,3,pelvis,midstance,-0.9199,-0.1681,0.2825,-14.7095,-29.6020,3.1738,t008,FJTB
2531902599,5042256,3,pelvis,midstance,-0.8502,-0.0765,0.3052,-6.3477,-27.9541,5.6763,t008,FJTB
2531902601,5042272,3,pelvis,midstance,-0.7860,-0.0493,0.3698,3.1738,-26.3062,4.1504,t008,FJTB
2531902659,5042288,3,pelvis,midstance,-0.9235,-0.2000,0.3772,26.3062,-25.0244,1.6479,t008,FJTB
2531902660,5042304,3,pelvis,midstance,-1.0162,-0.2339,0.3804,41.6260,-20.2637,4.3335,t008,FJTB
2531902660,5042320,3,pelvis,midstance,-1.0621,-0.2218,0.3885,44.0063,-13.6108,5.7983,t008,FJTB
2531902660,5042336,3,pelvis,midstance,-1.0072,-0.2128,0.3513,44.9219,-0.3662,5.4321,t008,FJTB
2531902713,5042352,3,pelvis,midstance,-0.8917,-0.2146,0.2832,46.0205,3.2349,3.4180,t008,FJTB
2531902714,5042368,3,pelvis,midstance,-0.8435,-0.2507,0.2684,49.4995,6.8359,-3.3569,t008,FJTB
2531902715,5042384,3,pelvis,midstance,-0.8436,-0.2660,0.2516,54.6875,4.0283,-6.6528,t008,FJTB
2531902772,5042400,3,pelvis,midstance,-0.8948,-0.2736,0.2120,55.6030,1.2207,-5.7373,t008,FJTB
2531902772,5042416,3,pelvis,midstance,-0.9460,-0.2744,0.1882,54.5654,-2.3804,-2.3193,t008,FJTB
2531902773,5042432,3,pelvis,midstance,-1.0048,-0.2474,0.1351,53.1006,-2.4414,-1.0376,t008,FJTB
2531902773,5042448,3,pelvis,midstance,-0.9722,-0.2380,0.0879,49.6826,-1.9531,-0.1221,t008,FJTB
2531902827,5042464,3,pelvis,midstance,-0.9515,-0.2537,0.0947,43.2739,-3.0518,-0.1831,t008,FJTB
2531902828,5042480,3,pelvis,midstance,-0.9293,-0.2897,0.1410,38.3911,-2.6855,-0.8545,t008,FJTB
2531902829,5042496,3,pelvis,midstance,-0.9276,-0.2993,0.1431,30.0293,-2.9297,-3.9062,t008,FJTB
2531902884,5042512,3,pelvis,midstance,-0.9408,-0.2876,0.1400,27.9541,-4.2114,-5.0659,t008,FJTB
2531902885,5042528,3,pelvis,midstance,-0.9471,-0.2686,0.1642,25.0244,-4.8828,-5.0659,t008,FJTB
2531902885,5042544,3,pelvis,midstance,-0.9406,-0.2025,0.2075,23.8647,-4.1504,-4.6387,t008,FJTB
2531902885,5042560,3,pelvis,midstance,-0.9479,-0.1521,0.2129,24.7803,-3.6011,-4.7607,t008,FJTB
2531902939,5042576,3,pelvis,midstance,-0.9514,-0.1533,0.2279,30.8838,-2.4414,-4.2725,t008,FJTB
2531902940,5042592,3,pelvis,midstance,-0.9358,-0.2089,0.2449,35.2173,-2.0142,-4.0894,t008,FJTB
2531902941,5042608,3,pelvis,midstance,-0.9279,-0.2534,0.2235,42.1753,-3.4790,-5.8594,t008,FJTB
2531902996,5042625,3,pelvis,midstance,-0.9175,-0.3282,0.1606,42.0532,-6.0425,-7.0801,t008,FJTB
2531902996,5042641,3,pelvis,midstance,-0.9232,-0.3400,0.1462,39.5508,-7.0190,-7.3853,t008,FJTB
2531902997,5042657,3,pelvis,midstance,-0.9357,-0.3287,0.1588,31.1279,-7.7515,-7.6904,t008,FJTB
2531902997,5042673,3,pelvis,midstance,-0.9507,-0.2715,0.1813,25.5127,-7.0801,-8.1177,t008,FJTB
2531903049,5042689,3,pelvis,midstance,-0.9503,-0.2340,0.1903,18.3716,-5.3101,-9.2163,t008,FJTB
2531903051,5042705,3,pelvis,midstance,-0.9454,-0.1741,0.2023,18.2495,-4.3945,-9.3384,t008,FJTB
2531903052,5042721,3,pelvis,midstance,-0.9382,-0.1504,0.2159,22.5220,-3.7842,-8.1787,t008,FJTB
2531903108,5042737,3,pelvis,midstance,-0.9308,-0.1572,0.2090,31.4331,-5.6763,-6.7749,t008,FJTB
2531903108,5042753,3,pelvis,midstance,-0.9202,-0.1859,0.1748,36.8652,-7.8735,-6.4087,t008,FJTB
2531903109,5042769,3,pelvis,midstance,-0.9194,-0.1998,0.1643,44.1284,-12.6953,-6.7749,t008,FJTB
2531903109,5042785,3,pelvis,midstance,-0.9340,-0.2393,0.1641,44.6167,-14.0381,-7.1411,t008,FJTB
2531903162,5042801,3,pelvis,midstance,-0.9520,-0.2795,0.1675,41.4429,-13.1836,-7.3853,t008,FJTB
2531903162,5042817,3,pelvis,midstance,-0.9521,-0.2917,0.1519,34.9731,-10.4980,-7.2632,t008,FJTB
2531903163,5042833,3,pelvis,midstance,-0.9436,-0.2921,0.1267,31.3110,-11.4746,-7.0801,t008,FJTB
2531903218,5042849,3,pelvis,midstance,-0.9380,-0.2847,0.1075,27.7100,-14.4043,-6.7749,t008,FJTB
2531903218,5042865,3,pelvis,midstance,-0.9371,-0.2781,0.0907,27.5269,-16.1133,-6.5918,t008,FJTB
2531903218,5042881,3,pelvis,midstance,-0.9563,-0.2916,0.0963,29.4189,-18.9209,-6.5308,t008,FJTB
2531903257,5042897,3,pelvis,midstance,-0.9717,-0.2994,0.0946,29.4800,-19.1650,-7.3242,t008,FJTB
2531903268,5042913,3,pelvis,midstance,-0.9915,-0.3278,0.0852,28.3203,-18.0664,-7.2632,t008,FJTB
2531903270,5042930,3,pelvis,midstance,-0.9817,-0.3319,0.0547,23.3765,-17.1509,-5.6152,t008,FJTB
2531903270,5042946,3,pelvis,midstance,-0.9412,-0.2653,0.0295,19.0430,-17.9443,-4.6387,t008,FJTB
2531903323,5042962,3,pelvis,midstance,-0.9205,-0.1919,0.0424,9.3994,-16.2964,-4.5776,t008,FJTB
2531903323,5042978,3,pelvis,midstance,-0.9214,-0.1968,0.0381,8.1787,-14.4043,-5.6763,t008,FJTB
2531903324,5042994,3,pelvis,midstance,-0.9299,-0.2506,0.0310,10.0708,-14.3433,-5.7983,t008,FJTB
2531903374,5043010,3,pelvis,midstance,-0.9485,-0.2673,0.0453,12.3291,-13.0615,-5.6763,t008,FJTB
2531903375,5043026,3,pelvis,midstance,-0.9889,-0.2495,0.0747,12.0239,-10.7422,-6.1035,t008,FJTB
2531903375,5043042,3,pelvis,midstance,-0.9867,-0.2094,0.0782,11.4746,-6.4087,-7.6904,t008,FJTB
2531903427,5043058,3,pelvis,midstance,-0.9724,-0.1952,0.0693,14.0381,-4.8218,-9.3384,t008,FJTB
2531903428,5043074,3,pelvis,midstance,-0.9523,-0.1895,0.0536,15.6860,-4.5166,-10.1318,t008,FJTB
2531903428,5043090,3,pelvis,midstance,-0.9473,-0.1963,0.0488,17.6392,-5.1880,-10.3149,t008,FJTB
2531903428,5043107,3,pelvis,midstance,-0.9388,-0.2128,0.0359,19.3481,-7.6904,-8.5449,t008,FJTB
2531903477,5043123,3,pelvis,midstance,-0.9388,-0.2137,0.0118,20.3247,-9.2163,-7.6904,t008,FJTB
2531903479,5043139,3,pelvis,midstance,-0.9519,-0.1870,-0.0015,20.9961,-11.1084,-8.3008,t008,FJTB
2531903480,5043155,3,pelvis,midstance,-1.0028,-0.1116,-0.0187,20.4468,-11.0474,-10.1318,t008,FJTB
2531903530,5043171,3,pelvis,midstance,-1.0154,-0.0996,-0.0226,19.0430,-9.6436,-13.6719,t008,FJTB
2531903530,5043187,3,pelvis,midstance,-0.9913,-0.1466,-0.0311,17.5781,-8.0566,-12.5732,t008,FJTB
2531903530,5043204,3,pelvis,midstance,-0.9646,-0.2057,-0.0134,16.6626,-7.5684,-11.0474,t008,FJTB
2531903579,5043220,3,pelvis,midstance,-0.9567,-0.2252,-0.0115,15.4419,-10.1929,-8.7280,t008,FJTB
2531903580,5043236,3,pelvis,midstance,-0.9688,-0.2555,-0.0021,15.8081,-13.0615,-7.9956,t008,FJTB
2531903580,5043252,3,pelvis,midstance,-0.9945,-0.2483,0.0302,14.4043,-14.5874,-6.7749,t008,FJTB
2531903629,5043268,3,pelvis,midstance,-0.9913,-0.2181,0.0426,7.9956,-8.5449,-6.8970,t008,FJTB
2531903630,5043284,3,pelvis,midstance,-0.9619,-0.1871,0.0232,6.1646,-5.9204,-7.8735,t008,FJTB
2531903630,5043300,3,pelvis,midstance,-0.9569,-0.1879,0.0143,5.1880,-3.3569,-9.1553,t008,FJTB
2531903678,5043316,3,pelvis,midstance,-0.9551,-0.1807,0.0227,5.3711,-2.3804,-9.0942,t008,FJTB
2531903679,5043332,3,pelvis,midstance,-0.9352,-0.1730,0.0278,6.9580,-1.5259,-7.6294,t008,FJTB
2531903679,5043348,3,pelvis,midstance,-0.9297,-0.1738,0.0178,10.2539,-2.5024,-6.1035,t008,FJTB
2531903728,5043364,3,pelvis,midstance,-0.9359,-0.1750,-0.0161,12.2681,-2.8076,-6.1646,t008,FJTB
2531903728,5043381,3,pelvis,midstance,-0.9333,-0.1794,-0.0380,15.2588,-2.9907,-6.7749,t008,FJTB
2531903729,5043397,3,pelvis,midstance,-0.8973,-0.2090,-0.0944,15.3809,-3.2349,-6.5308,t008,FJTB
2531903774,5043413,3,pelvis,midstance,-0.8865,-0.2334,-0.1044,11.2915,-3.2959,-3.7842,t008,FJTB
2531903775,5043429,3,pelvis,midstance,-0.9061,-0.1975,-0.0544,-1.8311,-1.7700,-0.3052,t008,FJTB
2531903777,5043446,3,pelvis,midstance,-0.9558,-0.0713,0.1025,-8.6060,1.4648,-1.2207,t008,FJTB
2531903825,5043462,3,pelvis,midstance,-0.9807,-0.0516,0.1588,-13.5498,7.7515,-7.5684,t008,FJTB
2531903825,5043478,3,pelvis,midstance,-1.0536,-0.1267,0.2555,-13.1226,9.5825,-9.7046,t008,FJTB
2531903826,5043494,3,pelvis,midstance,-1.0836,-0.1888,0.3207,-13.8550,13.8550,-9.9487,t008,FJTB
2531903871,5043510,3,pelvis,midstance,-1.0682,-0.2018,0.3383,-12.4512,15.3809,-8.2397,t008,FJTB
2531903872,5043526,3,pelvis,midstance,-1.0316,-0.2258,0.3671,-9.7046,14.9536,-7.1411,t008,FJTB
2531903873,5043542,3,pelvis,midstance,-1.0070,-0.2291,0.3849,-4.1504,17.9443,-4.6387,t008,FJTB
2531903921,5043558,3,pelvis,midstance,-0.9489,-0.1798,0.3937,-2.8076,22.8882,-5.0659,t008,FJTB
2531903922,5043574,3,pelvis,midstance,-0.9155,-0.1000,0.2688,1.8311,32.4707,-10.9253,t008,FJTB
2531903922,5043590,3,pelvis,midstance,-0.9175,-0.0665,0.2325,6.5918,36.3770,-13.4277,t008,FJTB
2531903968,5043606,3,pelvis,midstance,-0.9561,-0.0499,0.2202,7.7515,38.0249,-14.0381,t008,FJTB
2531903968,5043622,3,pelvis,midstance,-0.9785,-0.0734,0.2050,13.1226,40.0391,-15.9912,t008,FJTB
2531903970,5043638,3,pelvis,midstance,-1.0576,-0.0969,0.1890,15.6250,39.8560,-15.6860,t008,FJTB
2531904019,5043654,3,pelvis,midstance,-1.1664,-0.0591,0.2450,15.8691,45.2270,-13.2446,t008,FJTB
2531904019,5043670,3,pelvis,midstance,-1.2014,-0.0398,0.2905,17.5171,61.0352,-11.0474,t008,FJTB
2531904020,5043686,3,pelvis,midstance,-1.2380,-0.0627,0.3810,21.9116,70.1294,-10.0098,t008,FJTB
2531904064,5043702,3,pelvis,midstance,-1.2352,-0.1082,0.4219,30.4565,88.7451,-8.4229,t008,FJTB
2531904066,5043718,3,pelvis,midstance,-1.1763,-0.2080,0.3827,31.0059,96.9238,-7.3242,t008,FJTB
2531904067,5043734,3,pelvis,midstance,-1.0685,-0.1249,0.2042,22.3999,98.0835,-5.4932,t008,FJTB
2531904085,5043750,3,pelvis,midstance,-1.0221,-0.0381,0.1443,13.2446,85.2051,-8.8501,t008,FJTB
2531904106,5043766,3,pelvis,midstance,-0.9597,0.0660,0.0730,14.7095,78.4912,-11.5967,t008,FJTB
2531904116,5043782,3,pelvis,midstance,-0.9542,0.0665,0.0367,30.7617,65.4907,-15.7471,t008,FJTB
2531904153,5043798,3,pelvis,midstance,-1.0133,-0.0325,0.0215,37.8418,61.8896,-15.0757,t008,FJTB
2531904162,5043814,3,pelvis,midstance,-1.0441,-0.1261,0.0377,36.3770,63.2935,-7.3242,t008,FJTB
2531904164,5043830,3,pelvis,midstance,-1.0054,-0.2737,0.0581,26.6113,64.2700,-1.7090,t008,FJTB
2531904213,5043846,3,pelvis,midstance,-0.8605,-0.2639,0.0844,-1.7700,62.7441,6.8970,t008,FJTB
2531904213,5043862,3,pelvis,midstance,-0.8024,-0.2416,0.1122,-24.8413,58.2275,10.3149,t008,FJTB
2531904214,5043878,3,pelvis,midstance,-0.7457,-0.2017,0.1730,-32.2266,55.6030,10.0708,t008,FJTB
2531904214,5043894,3,pelvis,midstance,-0.7457,-0.1831,0.1947,-43.0298,48.8281,7.4463,t008,FJTB
2531904261,5043910,3,pelvis,midstance,-0.7811,-0.1455,0.2291,-48.9502,44.5557,6.3477,t008,FJTB
2531904261,5043926,3,pelvis,midstance,-0.8185,-0.0615,0.2937,-59.8144,34.7900,5.8594,t008,FJTB
2531904262,5043942,3,pelvis,midstance,-0.8251,-0.0015,0.3541,-60.3638,26.7944,5.6152,t008,FJTB
2531904311,5043958,3,pelvis,midstance,-0.7905,0.1079,0.4506,-53.8940,23.8037,5.0049,t008,FJTB
2531904311,5043974,3,pelvis,midstance,-0.7697,0.1274,0.4801,-29.2969,19.0430,3.4180,t008,FJTB
2531904312,5043990,3,pelvis,midstance,-0.7521,0.0884,0.5192,-16.3574,18.3105,3.1738,t008,FJTB
2531904359,5044005,3,pelvis,midstance,-0.7382,-0.0280,0.4976,6.2256,20.5078,0.9766,t008,FJTB
2531904360,5044021,3,pelvis,midstance,-0.7377,-0.0951,0.4631,22.0947,17.0898,0.0610,t008,FJTB
2531904360,5044037,3,pelvis,midstance,-0.7949,-0.1719,0.5056,23.3765,11.1694,1.6479,t008,FJTB
2531904409,5044053,3,pelvis,midstance,-0.8634,-0.1947,0.6101,12.9395,7.9346,2.7466,t008,FJTB
2531904409,5044069,3,pelvis,midstance,-0.9357,-0.2616,0.7864,4.2114,16.7847,0.0610,t008,FJTB
2531904410,5044085,3,pelvis,midstance,-0.8959,-0.2700,0.7594,-7.6904,38.4521,-7.8125,t008,FJTB
2531904456,5044101,3,pelvis,midstance,-0.8167,-0.1991,0.6229,-10.2539,40.6494,-9.9487,t008,FJTB
2531904458,5044117,3,pelvis,midstance,-0.8470,-0.1609,0.6140,-16.9067,31.3721,-9.3994,t008,FJTB
2531904458,5044134,3,pelvis,midstance,-0.8531,-0.1855,0.6438,-27.5269,26.3672,-0.3052,t008,FJTB
2531904508,5044150,3,pelvis,midstance,-0.7869,-0.1359,0.6162,-31.3110,27.1606,7.1411,t008,FJTB
2531904508,5044166,3,pelvis,midstance,-0.7642,-0.0531,0.5929,-37.1704,23.4985,14.0381,t008,FJTB
2531904508,5044182,3,pelvis,midstance,-0.7490,-0.0067,0.4989,-38.1470,21.8506,15.8081,t008,FJTB
2531904554,5044198,3,pelvis,midstance,-0.7281,-0.0686,0.4277,-34.7900,16.7847,16.9678,t008,FJTB
2531904555,5044214,3,pelvis,loading,-0.7479,-0.1401,0.4492,-27.5879,8.4839,15.0146,t008,FJTB
2531904555,5044230,3,pelvis,loading,-0.7559,-0.1918,0.4758,-27.7100,7.5684,14.5264,t008,FJTB
2531904609,5044246,3,pelvis,loading,-0.7452,-0.1519,0.4799,-42.7246,7.1411,14.7705,t008,FJTB
2531904609,5044262,3,pelvis,loading,-0.7156,-0.0599,0.4698,-51.5747,6.5308,15.0757,t008,FJTB
2531904610,5044278,3,pelvis,loading,-0.7090,-0.0356,0.4998,-59.3262,3.1738,16.4795,t008,FJTB
2531904614,5044294,3,pelvis,loading,-0.7135,-0.0271,0.5262,-52.2461,-1.1597,18.4326,t008,FJTB
2531904660,5044310,3,pelvis,loading,-0.7225,0.0273,0.5641,-44.1894,-3.0518,19.1650,t008,FJTB
2531904662,5044326,3,pelvis,loading,-0.7146,0.0597,0.5643,-23.3154,-5.7983,19.8975,t008,FJTB
2531904662,5044342,3,pelvis,loading,-0.6903,0.0828,0.5887,-12.4512,-6.7749,20.4468,t008,FJTB
2531904713,5044358,3,pelvis,loading,-0.6974,0.0151,0.6968,9.2773,-6.6528,22.8882,t008,FJTB
2531904714,5044374,3,pelvis,loading,-0.7145,-0.0432,0.7659,27.2827,-4.3945,26.0010,t008,FJTB
2531904714,5044390,3,pelvis,loading,-0.8075,-0.1367,0.8682,31.9214,-1.8921,28.6255,t008,FJTB
2531904761,5044406,3,pelvis,loading,-0.8619,-0.1482,0.8312,25.6958,3.9673,33.1421,t008,FJTB
2531904763,5044422,3,pelvis,loading,-1.0151,-0.1246,0.7572,12.3901,6.1646,33.9966,t008,FJTB
2531904763,5044438,3,pelvis,loading,-1.2052,-0.1650,1.1073,-32.5317,26.2451,41.7480,t008,FJTB
2531904814,5044454,3,pelvis,loading,-1.2106,-0.2631,1.1858,-83.2519,48.3398,46.9360,t008,FJTB
2531904814,5044470,3,pelvis,loading,-0.9272,-0.2029,0.5525,-98.5107,30.0903,41.3818,t008,FJTB
2531904815,5044486,3,pelvis,loading,-0.7566,-0.0160,0.1248,-90.5762,-25.3296,24.7803,t008,FJTB
2531904865,5044502,3,pelvis,loading,-0.5068,0.2039,-0.0229,-66.7725,-35.8276,19.5923,t008,FJTB
2531904865,5044519,3,pelvis,loading,-0.5383,0.0117,0.1266,-5.9204,-33.8745,14.2822,t008,FJTB
2531904866,5044535,3,pelvis,loading,-0.6761,-0.1652,0.1166,30.7007,-38.7573,28.2593,t008,FJTB
2531904918,5044550,3,pelvis,loading,-0.9398,-0.3777,0.2460,41.3818,-47.7905,40.8325,t008,FJTB
2531904918,5044567,3,pelvis,loading,-1.0790,-0.4126,0.2917,52.7344,-63.6597,45.2270,t008,FJTB
2531904919,5044583,3,pelvis,midstance,-1.2218,-0.3136,0.2738,45.5322,-66.3452,41.0767,t008,FJTB
2531904919,5044599,3,pelvis,midstance,-1.0226,-0.1846,0.1626,12.5732,-61.1572,32.2876,t008,FJTB
2531904967,5044615,3,pelvis,midstance,-0.8990,-0.1807,0.0997,-13.7329,-63.9648,22.0947,t008,FJTB
2531904968,5044631,3,pelvis,midstance,-0.8723,-0.1833,0.0221,-13.0615,-68.4814,18.8599,t008,FJTB
2531904969,5044647,3,pelvis,midstance,-0.9232,-0.1840,0.0415,2.3804,-73.3032,18.5547,t008,FJTB
2531905021,5044663,3,pelvis,midstance,-1.0061,-0.2484,0.1459,7.4463,-72.2656,20.3247,t008,FJTB
2531905022,5044679,3,pelvis,midstance,-1.0193,-0.2937,0.2206,10.6201,-70.1904,24.1699,t008,FJTB
2531905022,5044694,3,pelvis,midstance,-0.9957,-0.2717,0.2288,15.0757,-72.9980,24.2920,t008,FJTB
2531905072,5044710,3,pelvis,midstance,-0.9333,-0.1729,0.2554,18.1885,-74.5239,22.1558,t008,FJTB
2531905073,5044727,3,pelvis,midstance,-0.9098,-0.1538,0.2616,23.8037,-75.7446,15.8081,t008,FJTB
2531905073,5044743,3,pelvis,midstance,-0.9034,-0.2157,0.2185,24.3530,-76.3550,13.7329,t008,FJTB
2531905125,5044759,3,pelvis,midstance,-0.9253,-0.2875,0.1821,17.2729,-76.6602,14.3433,t008,FJTB
2531905126,5044775,3,pelvis,midstance,-0.9237,-0.3000,0.1841,6.5918,-74.5850,12.8174,t008,FJTB
2531905126,5044791,3,pelvis,midstance,-0.9197,-0.2854,0.1849,2.7466,-73.7305,10.6812,t008,FJTB
2531905126,5044807,3,pelvis,midstance,-0.9175,-0.2430,0.1864,0.4272,-72.5098,8.4229,t008,FJTB
2531905174,5044823,3,pelvis,midstance,-0.9230,-0.1309,0.2324,2.8687,-71.7773,7.7515,t008,FJTB
2531905176,5044839,3,pelvis,midstance,-0.9257,-0.1000,0.2712,15.6860,-66.7114,4.5166,t008,FJTB
2531905176,5044855,3,pelvis,midstance,-0.9133,-0.1377,0.2861,33.1421,-61.9507,0.0000,t008,FJTB
2531905227,5044871,3,pelvis,midstance,-0.9059,-0.1802,0.2212,38.6353,-62.0117,-1.4648,t008,FJTB
2531905228,5044887,3,pelvis,midstance,-0.9069,-0.1887,0.1863,43.1519,-65.8569,-2.3804,t008,FJTB
2531905228,5044903,3,pelvis,midstance,-0.9202,-0.2296,0.1263,44.3726,-68.4204,-1.7700,t008,FJTB
2531905277,5044919,3,pelvis,midstance,-0.9319,-0.2610,0.1117,41.7480,-71.9604,1.4648,t008,FJTB
2531905277,5044935,3,pelvis,midstance,-0.9375,-0.2850,0.0955,37.1704,-72.0825,3.7231,t008,FJTB
2531905278,5044950,3,pelvis,midstance,-0.9291,-0.2795,0.0839,29.7852,-71.0449,5.1270,t008,FJTB
2531905327,5044966,3,pelvis,midstance,-0.9243,-0.2744,0.0760,26.7334,-71.0449,4.7607,t008,FJTB
2531905328,5044982,3,pelvis,midstance,-0.9180,-0.2710,0.0826,26.3062,-71.8384,4.7607,t008,FJTB
2531905328,5044998,3,pelvis,midstance,-0.9163,-0.2762,0.0876,25.0244,-71.6553,5.7983,t008,FJTB
2531905375,5045015,3,pelvis,midstance,-0.9089,-0.2681,0.0786,24.6582,-70.9839,6.2866,t008,FJTB
2531905375,5045031,3,pelvis,terminal,-0.9075,-0.2706,0.0746,27.4658,-69.8242,5.0049,t008,FJTB
2531905375,5045047,3,pelvis,terminal,-0.9108,-0.2931,0.0822,35.4614,-70.5566,3.1128,t008,FJTB
2531905407,5045063,3,pelvis,terminal,-0.9604,-0.3610,0.1378,38.3911,-68.2983,2.9907,t008,FJTB
2531905431,5045079,3,pelvis,terminal,-0.9951,-0.3671,0.1226,44.9219,-57.3730,2.0752,t008,FJTB
2531905431,5045095,3,pelvis,terminal,-1.0229,-0.2946,0.0148,51.2085,-53.8940,-0.1831,t008,FJTB
2531905432,5045111,3,pelvis,terminal,-1.0035,-0.2130,-0.0334,62.7441,-51.1475,-5.3101,t008,FJTB
2531905480,5045127,3,pelvis,terminal,-0.9966,-0.1884,-0.0262,66.6504,-48.1567,-6.5308,t008,FJTB
2531905482,5045143,3,pelvis,terminal,-0.9971,-0.1903,0.0381,67.9321,-46.2646,-6.1646,t008,FJTB
2531905482,5045159,3,pelvis,terminal,-1.0084,-0.2167,0.0757,77.1484,-42.2363,-6.2256,t008,FJTB
2531905531,5045175,3,pelvis,terminal,-1.0712,-0.3634,0.1768,85.0220,-39.8560,-6.7749,t008,FJTB
2531905531,5045191,3,pelvis,terminal,-1.2576,-0.5879,0.3124,97.8393,-34.9121,-7.8125,t008,FJTB
2531905531,5045207,3,pelvis,terminal,-1.4631,-0.6396,0.4418,84.3506,-18.7378,-12.7563,t008,FJTB
2531905579,5045223,3,pelvis,terminal,-1.6542,-0.4498,0.6750,64.5142,3.9062,-16.4185,t008,FJTB
2531905580,5045239,3,pelvis,terminal,-1.5612,-0.2406,0.7029,25.6958,65.9180,-20.7520,t008,FJTB
2531905581,5045255,3,pelvis,terminal,-1.3173,0.3673,0.6975,17.9443,94.3603,-25.0244,t008,FJTB
2531905630,5045271,3,pelvis,terminal,-1.0870,0.7216,0.3436,28.5645,128.7231,-48.4009,t008,FJTB
2531905631,5045287,3,pelvis,terminal,-1.0422,0.5638,0.1337,74.9512,119.1406,-52.4292,t008,FJTB
2531905631,5045303,3,pelvis,terminal,-1.2164,-0.0176,-0.2058,114.8071,118.1030,-46.8750,t008,FJTB
2531905679,5045319,3,pelvis,terminal,-1.3185,-0.1879,-0.4227,169.7998,131.6528,-34.9731,t008,FJTB
2531905680,5045335,3,pelvis,terminal,-1.4620,-0.2501,-0.6044,160.0342,133.4229,-24.8413,t008,FJTB
2531905680,5045352,3,pelvis,terminal,-1.4150,-0.2681,-0.4327,88.9282,141.7236,0.7935,t008,FJTB
2531905731,5045368,3,pelvis,terminal,-1.3173,-0.2764,-0.3275,10.8032,155.8838,13.1226,t008,FJTB
2531905732,5045384,3,pelvis,terminal,-1.0385,-0.1947,-0.2493,-16.1133,152.7710,12.3901,t008,FJTB
2531905732,5045400,3,pelvis,terminal,-0.9210,-0.1514,-0.1891,-38.0249,128.8452,1.0376,t008,FJTB
2531905778,5045416,3,pelvis,terminal,-0.8788,-0.1724,-0.1367,-38.2690,119.6899,-6.5918,t008,FJTB
2531905780,5045432,3,pelvis,terminal,-0.9872,-0.1708,-0.1982,-40.5273,109.6191,-13.9770,t008,FJTB
2531905781,5045448,3,pelvis,terminal,-1.0242,-0.1486,-0.2051,-42.9687,111.0840,-8.7280,t008,FJTB
2531905832,5045465,3,pelvis,terminal,-1.0405,-0.1393,-0.1774,-42.4805,115.6006,-4.9438,t008,FJTB
2531905833,5045481,3,pelvis,terminal,-1.0265,-0.1467,-0.1542,-42.6025,121.0327,5.1880,t008,FJTB
2531905833,5045497,3,pelvis,terminal,-0.9602,-0.1681,-0.1364,-44.7388,119.6289,12.0850,t008,FJTB
2531905833,5045513,3,pelvis,terminal,-0.9003,-0.1538,-0.0669,-52.3682,108.2764,24.7192,t008,FJTB
2531905879,5045529,3,pelvis,terminal,-0.8801,-0.1520,-0.0253,-51.3916,95.2148,33.3252,t008,FJTB
2531905879,5045545,3,pelvis,swing,-0.8274,-0.1730,-0.0038,-50.1099,90.2100,37.7808,t008,FJTB
2531905880,5045561,3,pelvis,swing,-0.8042,-0.1738,-0.0156,-46.0815,81.4819,44.6167,t008,FJTB
2531905935,5045577,3,pelvis,swing,-0.7820,-0.1228,-0.0358,-44.1284,76.1719,44.7998,t008,FJTB
2531905936,5045593,3,pelvis,swing,-0.7582,-0.0823,-0.0005,-37.7197,59.8755,34.9731,t008,FJTB
2531905936,5045609,3,pelvis,swing,-0.7446,-0.0580,0.0389,-33.0200,43.2129,28.8086,t008,FJTB
2531905984,5045625,3,pelvis,swing,-0.6902,0.0250,0.1144,-34.6069,36.1328,27.2827,t008,FJTB
2531905987,5045641,3,pelvis,swing,-0.6711,0.0695,0.1652,-43.6401,21.9727,23.3765,t008,FJTB
2531905988,5045657,3,pelvis,swing,-0.6528,0.1345,0.2794,-47.4853,16.6626,20.9961,t008,FJTB
2531906031,5045673,3,pelvis,swing,-0.6362,0.1526,0.3424,-48.7061,10.1318,16.7236,t008,FJTB
2531906039,5045688,3,pelvis,swing,-0.6259,0.1113,0.4940,-42.0532,9.3384,13.7329,t008,FJTB
2531906039,5045704,3,pelvis,swing,-0.6514,0.0334,0.5332,-21.5454,11.1084,10.9863,t008,FJTB
2531906040,5045720,3,pelvis,swing,-0.6753,0.0181,0.5188,-1.5259,4.9438,11.2305,t008,FJTB
2531906087,5045736,3,pelvis,swing,-0.7473,-0.0604,0.6331,4.2114,-0.3662,11.2915,t008,FJTB
2531906089,5045752,3,pelvis,swing,-0.7947,-0.1097,0.7465,2.1973,9.1553,10.6812,t008,FJTB
2531906090,5045768,3,pelvis,swing,-0.8054,-0.1804,0.8546,0.3052,18.5547,8.4839,t008,FJTB
2531906140,5045783,3,pelvis,swing,-0.8318,-0.1987,1.0206,-0.7935,25.4517,3.4180,t008,FJTB
2531906140,5045799,3,pelvis,swing,-0.8715,-0.1702,1.1060,5.1270,31.0669,0.8545,t008,FJTB
2531906141,5045815,3,pelvis,swing,-0.9073,-0.1443,1.1039,10.0708,34.2407,0.7935,t008,FJTB
2531906189,5045831,3,pelvis,swing,-0.9045,-0.1929,1.0172,13.1836,35.4614,4.0894,t008,FJTB
2531906190,5045847,3,pelvis,swing,-0.9038,-0.2899,0.7532,5.6763,37.0483,7.8125,t008,FJTB
2531906191,5045863,3,pelvis,swing,-0.8580,-0.3254,0.6111,-12.9395,40.2222,16.1133,t008,FJTB
2531906241,5045879,3,pelvis,swing,-0.7039,-0.4135,0.4421,-28.9917,38.3301,23.4985,t008,FJTB
2531906242,5045894,3,pelvis,swing,-0.5840,-0.4197,0.4457,-68.8477,33.0200,37.7197,t008,FJTB
2531906242,5045910,3,pelvis,swing,-0.5171,-0.3888,0.4396,-88.3179,31.1279,38.3301,t008,FJTB
2531906290,5045927,3,pelvis,swing,-0.4382,-0.2893,0.0420,-89.1113,19.3481,34.7900,t008,FJTB
2531906292,5045942,3,pelvis,swing,-0.6404,-0.1964,0.0044,-91.7969,-42.3584,27.9541,t008,FJTB
2531906342,5045958,3,pelvis,swing,-1.8832,-0.0920,1.0376,-99.9756,-41.9922,32.1045,t008,FJTB
2531906343,5045975,3,pelvis,swing,-2.0487,-0.1398,0.9866,-147.5220,20.5078,52.0630,t008,FJTB
2531906343,5045991,3,pelvis,swing,-1.3905,0.1213,0.3827,-182.8613,-18.9209,42.7856,t008,FJTB
2531906343,5046007,3,pelvis,swing,-0.6676,0.7908,-0.4475,-145.5688,-56.3965,42.9077,t008,FJTB
2531906343,5046023,3,pelvis,swing,-0.5219,0.9003,-0.3715,5.3711,-81.4209,45.8984,t008,FJTB
2531906391,5046039,3,pelvis,swing,-0.4147,0.4272,-0.1597,78.0029,-65.8569,29.7241,t008,FJTB
2531906392,5046055,3,pelvis,swing,-0.8228,-0.6167,-0.3683,142.0898,-57.1899,-8.9111,t008,FJTB
2531906392,5046071,3,pelvis,swing,-1.0698,-0.9344,-0.1561,125.7934,-79.7729,10.4370,t008,FJTB
2531906444,5046087,3,pelvis,swing,-1.4131,-0.7651,0.1741,107.7270,-78.9185,25.8179,t008,FJTB
2531906444,5046103,3,pelvis,swing,-1.3259,-0.5992,0.2200,55.1147,-70.1904,28.0762,t008,FJTB
2531906445,5046119,3,pelvis,swing,-0.9583,-0.5271,0.2048,25.5127,-71.9604,23.8647,t008,FJTB
2531906494,5046135,3,pelvis,swing,-0.8453,-0.2434,0.2471,-29.8462,-81.8481,27.1606,t008,FJTB
2531906495,5046151,3,pelvis,swing,-0.8008,-0.0636,0.2919,-45.1660,-79.4678,27.0996,t008,FJTB
2531906495,5046167,3,pelvis,swing,-0.7155,0.1089,0.2900,-36.3770,-75.6836,23.3765,t008,FJTB
2531906547,5046183,3,pelvis,swing,-0.7263,0.0774,0.2886,-13.3057,-72.3267,20.9351,t008,FJTB
2531906548,5046199,3,pelvis,loading,-0.8772,-0.0924,0.3500,-0.6714,-73.6694,21.3623,t008,FJTB
2531906549,5046215,3,pelvis,loading,-1.0311,-0.2018,0.3827,32.4707,-77.0264,20.0806,t008,FJTB
2531906597,5046231,3,pelvis,loading,-1.0363,-0.2218,0.3605,58.5937,-75.1953,19.7754,t008,FJTB
2531906597,5046247,3,pelvis,loading,-0.9528,-0.2654,0.2966,63.2324,-72.9370,19.4702,t008,FJTB
2531906598,5046263,3,pelvis,loading,-0.8937,-0.3044,0.2714,56.8237,-65.8569,17.6392,t008,FJTB
2531906599,5046279,3,pelvis,loading,-0.7883,-0.3339,0.2651,50.3540,-62.9883,16.3574,t008,FJTB
2531906655,5046295,3,pelvis,loading,-0.7767,-0.3000,0.2714,40.5884,-64.8193,11.7798,t008,FJTB
2531906655,5046311,3,pelvis,loading,-0.8534,-0.2069,0.2560,38.8794,-68.1152,8.5449,t008,FJTB
2531906655,5046327,3,pelvis,loading,-0.9755,-0.2076,0.2483,44.2505,-71.7773,3.1738,t008,FJTB
2531906706,5046343,3,pelvis,loading,-1.0081,-0.2534,0.2218,49.1943,-64.8193,0.6714,t008,FJTB
2531906709,5046359,3,pelvis,loading,-0.9871,-0.3264,0.1598,45.2270,-59.0820,2.3193,t008,FJTB
2531906709,5046375,3,pelvis,loading,-0.9514,-0.3164,0.1664,31.2500,-49.2554,8.9111,t008,FJTB
2531906761,5046391,3,pelvis,loading,-0.8986,-0.2672,0.2103,26.7944,-45.9595,11.7187,t008,FJTB
2531906761,5046407,3,pelvis,loading,-0.8988,-0.2146,0.2532,24.2920,-44.6167,13.2446,t008,FJTB
2531906762,5046423,3,pelvis,loading,-0.9016,-0.2181,0.2836,29.1748,-44.4336,10.6201,t008,FJTB
2531906762,5046439,3,pelvis,loading,-0.8799,-0.2419,0.1855,34.2407,-44.2505,7.9956,t008,FJTB
2531906812,5046455,3,pelvis,loading,-0.8713,-0.2242,0.0847,45.4102,-48.4009,1.2817,t008,FJTB
2531906813,5046471,3,pelvis,loading,-0.8739,-0.1558,-0.0192,48.0347,-49.9268,-0.8545,t008,FJTB
2531906813,5046488,3,pelvis,loading,-0.8894,-0.2335,-0.0087,47.4243,-50.5371,-1.3428,t008,FJTB
2531906865,5046504,3,pelvis,loading,-0.8965,-0.2996,0.0050,45.4712,-52.1240,2.3193,t008,FJTB
2531906866,5046520,3,pelvis,loading,-0.9294,-0.3981,0.0447,47.1191,-53.8940,4.6387,t008,FJTB
2531906866,5046536,3,pelvis,loading,-0.9468,-0.3885,0.0374,50.2930,-55.3589,6.4697,t008,FJTB
2531906914,5046552,3,pelvis,loading,-0.9668,-0.2491,0.0409,48.4009,-54.6265,6.2256,t008,FJTB
2531906914,5046568,3,pelvis,midstance,-0.9718,-0.1185,0.1101,43.9453,-51.2695,5.0659,t008,FJTB
2531906915,5046584,3,pelvis,midstance,-0.9595,-0.0959,0.1432,50.4761,-46.6309,2.8687,t008,FJTB
2531906919,5046600,3,pelvis,midstance,-0.9718,-0.1389,0.2175,56.7627,-43.6401,2.3804,t008,FJTB
2531906971,5046616,3,pelvis,midstance,-1.0065,-0.1774,0.2623,71.4722,-33.0811,1.4648,t008,FJTB
2531906972,5046632,3,pelvis,midstance,-1.0481,-0.2528,0.3176,79.4067,-25.5127,-0.1831,t008,FJTB
2531906972,5046648,3,pelvis,midstance,-1.1052,-0.2939,0.4174,88.6841,-14.5264,-3.3569,t008,FJTB
2531907022,5046664,3,pelvis,midstance,-1.1599,-0.3453,0.5391,83.2519,-7.5073,-10.6201,t008,FJTB
2531907023,5046680,3,pelvis,midstance,-1.3879,-0.3602,0.8107,76.9043,-0.4883,-18.7378,t008,FJTB
2531907023,5046696,3,pelvis,midstance,-1.5073,-0.2509,0.8948,51.4526,33.4473,-40.4663,t008,FJTB
2531907073,5046712,3,pelvis,midstance,-1.5673,0.1288,0.8197,37.8418,60.3027,-50.7202,t008,FJTB
2531907074,5046728,3,pelvis,midstance,-1.2943,0.2333,0.3623,40.7104,106.4453,-59.9976,t008,FJTB
2531907074,5046744,3,pelvis,midstance,-1.1830,0.0583,0.1459,95.7031,110.9009,-53.7109,t008,FJTB
2531907121,5046760,3,pelvis,midstance,-1.2793,-0.4019,-0.1462,127.1362,110.7788,-47.0581,t008,FJTB
2531907123,5046776,3,pelvis,midstance,-1.4276,-0.5018,-0.2719,147.4609,117.4927,-30.0293,t008,FJTB
2531907124,5046792,3,pelvis,midstance,-1.5972,-0.4382,-0.4309,127.3193,120.6055,-17.8833,t008,FJTB
2531907175,5046809,3,pelvis,midstance,-1.4996,-0.3927,-0.4327,48.5840,135.0708,5.2490,t008,FJTB
2531907176,5046825,3,pelvis,midstance,-1.4027,-0.4188,-0.4084,-22.7051,153.5645,17.9443,t008,FJTB
2531907177,5046841,3,pelvis,midstance,-1.1709,-0.3474,-0.3096,-46.4478,155.7617,20.5688,t008,FJTB
2531907177,5046857,3,pelvis,midstance,-1.0719,-0.3004,-0.2283,-72.9980,143.8599,12.4512,t008,FJTB
2531907223,5046874,3,pelvis,midstance,-0.9532,-0.2789,-0.1624,-77.3926,133.4839,7.5684,t008,FJTB
2531907226,5046890,3,pelvis,midstance,-0.8817,-0.2272,-0.2349,-83.0688,117.9199,5.3711,t008,FJTB
2531907227,5046906,3,pelvis,midstance,-0.8490,-0.1978,-0.2644,-82.7637,108.2153,9.2163,t008,FJTB
2531907278,5046922,3,pelvis,midstance,-0.8527,-0.1938,-0.2581,-80.9936,104.5532,12.5122,t008,FJTB
2531907279,5046938,3,pelvis,midstance,-0.8611,-0.2224,-0.2667,-86.0596,102.4170,20.3247,t008,FJTB
2531907279,5046954,3,pelvis,midstance,-0.8523,-0.2883,-0.2448,-93.4448,102.7222,22.7051,t008,FJTB
2531907328,5046970,3,pelvis,terminal,-0.8199,-0.3082,-0.1692,-108.2764,102.1118,23.4375,t008,FJTB
2531907328,5046987,3,pelvis,terminal,-0.7858,-0.2773,-0.1256,-111.1450,87.7685,27.6489,t008,FJTB
2531907329,5047003,3,pelvis,terminal,-0.7255,-0.2007,-0.0217,-106.9946,76.2329,34.0576,t008,FJTB
2531907383,5047019,3,pelvis,terminal,-0.7054,-0.1534,0.0071,-88.3789,54.6265,47.8516,t008,FJTB
2531907383,5047035,3,pelvis,terminal,-0.7076,-0.0773,0.0704,-59.5093,37.1094,44.7998,t008,FJTB
2531907384,5047051,3,pelvis,terminal,-0.7340,-0.0752,0.0723,-48.2788,33.9355,40.5884,t008,FJTB
2531907433,5047067,3,pelvis,terminal,-0.7190,-0.0651,0.0524,-49.0723,27.3437,35.8887,t008,FJTB
2531907435,5047083,3,pelvis,terminal,-0.6659,0.0283,0.1108,-59.2651,21.7895,34.3018,t008,FJTB
2531907436,5047099,3,pelvis,terminal,-0.6492,0.0885,0.1954,-76.6602,10.3760,28.5645,t008,FJTB
2531907436,5047115,3,pelvis,terminal,-0.6443,0.1803,0.4288,-79.8950,6.2256,22.8271,t008,FJTB
2531907487,5047131,3,pelvis,terminal,-0.6718,0.1155,0.6737,-72.0215,4.8218,8.9111,t008,FJTB
2531907488,5047147,3,pelvis,terminal,-0.6836,0.0424,0.7241,-45.4712,9.9487,3.8452,t008,FJTB
2531907488,5047162,3,pelvis,terminal,-0.6941,-0.1373,0.6897,-28.8696,7.8735,6.4087,t008,FJTB
2531907538,5047178,3,pelvis,terminal,-0.7200,-0.2039,0.7175,-1.7090,-2.8076,22.4609,t008,FJTB
2531907539,5047195,3,pelvis,terminal,-0.8004,-0.2555,0.8458,7.1411,-5.7983,31.2500,t008,FJTB
2531907539,5047211,3,pelvis,terminal,-0.8608,-0.1895,0.9031,16.7847,-5.1880,34.3628,t008,FJTB
2531907592,5047227,3,pelvis,terminal,-0.8792,-0.1783,0.9042,23.6816,7.8125,18.6768,t008,FJTB
2531907592,5047243,3,pelvis,terminal,-0.7983,-0.3032,0.7904,23.1323,16.1743,12.6953,t008,FJTB
2531907593,5047258,3,pelvis,terminal,-0.7070,-0.4015,0.6946,-1.9531,23.0103,15.5029,t008,FJTB
2531907624,5047275,3,pelvis,terminal,-0.5790,-0.5190,0.5750,-22.2168,20.3857,22.0947,t008,FJTB
2531907643,5047291,3,pelvis,terminal,-0.6122,-0.4714,0.5602,-70.8008,13.1836,37.9028,t008,FJTB
2531907644,5047306,3,pelvis,terminal,-0.5238,-0.3644,0.4146,-97.6562,-3.8452,40.0391,t008,FJTB
2531907644,5047323,3,pelvis,terminal,-0.5410,-0.3036,0.2134,-100.8301,-29.2358,38.0859,t008,FJTB
2531907697,5047339,3,pelvis,terminal,-0.8057,-0.3217,0.2177,-103.3935,-60.7300,41.0156,t008,FJTB
2531907698,5047355,3,pelvis,terminal,-2.4581,-0.1847,1.2823,-121.6431,-48.8281,38.4521,t008,FJTB
2531907698,5047371,3,pelvis,terminal,-2.2382,0.0104,0.8270,-204.1626,27.2827,46.4478,t008,FJTB
2531907749,5047387,3,pelvis,terminal,-1.2400,0.3435,0.1647,-220.5200,-19.5923,57.5561,t008,FJTB
2531907749,5047403,3,pelvis,swing,-0.6158,0.7668,-0.4222,-158.5693,-55.2978,56.0913,t008,FJTB
2531907750,5047419,3,pelvis,swing,-0.5126,0.7208,-0.4529,20.5078,-60.4858,42.7246,t008,FJTB
2531907804,5047435,3,pelvis,swing,-0.1870,0.2435,-0.4651,93.9331,-46.1426,28.5645,t008,FJTB
2531907805,5047451,3,pelvis,swing,-0.6473,-0.5931,-0.3955,152.0996,-56.1523,4.7607,t008,FJTB
2531907805,5047468,3,pelvis,swing,-0.9366,-0.8197,-0.0732,139.5874,-73.2422,20.3247,t008,FJTB
2531907805,5047484,3,pelvis,swing,-1.4021,-0.6803,0.2247,128.6011,-68.8477,27.4048,t008,FJTB
2531907857,5047500,3,pelvis,swing,-1.4388,-0.6108,0.2527,79.4678,-63.2935,20.6299,t008,FJTB
2531907858,5047516,3,pelvis,swing,-1.0859,-0.5360,0.3143,36.0107,-63.5376,17.1509,t008,FJTB
2531907858,5047532,3,pelvis,swing,-0.8068,-0.2220,0.2948,-46.2646,-69.1528,22.8271,t008,FJTB
2531907913,5047548,3,pelvis,swing,-0.7543,-0.0509,0.2852,-57.3730,-69.2139,20.8130,t008,FJTB
2531907914,5047564,3,pelvis,swing,-0.7406,0.0391,0.2389,-39.1235,-65.2466,14.9536,t008,FJTB
2531907914,5047580,3,pelvis,swing,-0.7849,0.0455,0.3389,10.2539,-42.4805,6.1646,t008,FJTB
2531907964,5047596,3,pelvis,swing,-0.8708,-0.1478,0.1243,29.9683,-32.4707,1.2207,t008,FJTB
2531907966,5047612,3,pelvis,swing,-1.0326,-0.2208,0.2683,35.5835,-72.1436,22.4609,t008,FJTB
2531907967,5047628,3,pelvis,swing,-1.0315,-0.1633,0.3823,53.8940,-68.3594,22.7051,t008,FJTB
2531907967,5047644,3,pelvis,swing,-0.9375,-0.2244,0.2661,64.2700,-59.4482,14.4043,t008,FJTB
2531908021,5047660,3,pelvis,swing,-0.8961,-0.2784,0.2150,69.5801,-55.4199,4.6387,t008,FJTB
2531908021,5047676,3,pelvis,swing,-0.8236,-0.3766,0.1244,68.9087,-57.7393,3.3569,t008,FJTB
2531908022,5047692,3,pelvis,swing,-0.8217,-0.3900,0.0981,59.9976,-67.1387,5.9814,t008,FJTB
2531908073,5047708,3,pelvis,swing,-0.9033,-0.3535,0.1188,51.4526,-69.5190,8.2397,t008,FJTB
2531908073,5047724,3,pelvis,swing,-0.9771,-0.3195,0.1193,37.2314,-66.5894,9.5215,t008,FJTB
2531908076,5047740,3,pelvis,swing,-0.9819,-0.3170,0.1125,26.2451,-58.3496,7.5073,t008,FJTB
2531908076,5047756,3,pelvis,swing,-0.9352,-0.2804,0.1053,20.5078,-54.7485,6.1646,t008,FJTB
2531908130,5047772,3,pelvis,swing,-0.9019,-0.2500,0.1205,13.9770,-51.4526,3.4180,t008,FJTB
2531908131,5047788,3,pelvis,swing,-0.8816,-0.2109,0.1758,14.0991,-51.7578,3.0518,t008,FJTB
2531908131,5047804,3,pelvis,swing,-0.9031,-0.1965,0.2025,19.5923,-54.9927,4.8218,t008,FJTB
2531908182,5047820,3,pelvis,swing,-0.9125,-0.1846,0.1693,32.1045,-60.4858,6.8359,t008,FJTB
2531908183,5047836,3,pelvis,loading,-0.9139,-0.1188,0.1077,39.1846,-62.8052,7.0190,t008,FJTB
2531908183,5047852,3,pelvis,loading,-0.9056,-0.1079,0.1012,50.0488,-63.5986,5.3101,t008,FJTB
2531908188,5047868,3,pelvis,loading,-0.8977,-0.2117,0.0903,53.1616,-62.8052,4.8828,t008,FJTB
2531908242,5047884,3,pelvis,loading,-0.9076,-0.3390,0.0896,58.2886,-60.9131,4.6997,t008,FJTB
2531908242,5047900,3,pelvis,loading,-0.9181,-0.3887,0.1090,63.3545,-54.6265,3.4180,t008,FJTB
2531908242,5047916,3,pelvis,loading,-0.9508,-0.3850,0.1215,61.7676,-50.1099,4.2114,t008,FJTB
2531908293,5047932,3,pelvis,loading,-0.9651,-0.3223,0.1134,55.9082,-45.0439,5.7373,t008,FJTB
2531908296,5047948,3,pelvis,loading,-0.9478,-0.1656,0.0428,55.8472,-45.2270,5.3711,t008,FJTB
2531908297,5047964,3,pelvis,loading,-0.9272,-0.0762,0.0029,63.4155,-49.2554,3.2349,t008,FJTB
2531908351,5047980,3,pelvis,loading,-0.9426,-0.0898,0.0160,72.6318,-50.4150,-0.9766,t008,FJTB
2531908351,5047996,3,pelvis,loading,-1.0428,-0.2180,0.0870,76.3550,-49.1943,-2.3193,t008,FJTB
2531908352,5048012,3,pelvis,loading,-1.1002,-0.3043,0.1687,85.0830,-45.1050,-2.3804,t008,FJTB
2531908352,5048028,3,pelvis,loading,-1.2163,-0.5146,0.4232,89.9048,-42.2363,-2.0752,t008,FJTB
2531908401,5048044,3,pelvis,loading,-1.4545,-0.5616,0.6527,84.1064,-27.8931,-8.3618,t008,FJTB
2531908401,5048060,3,pelvis,loading,-1.5435,-0.4420,0.7205,50.7812,10.4370,-26.8555,t008,FJTB
2531908403,5048076,3,pelvis,loading,-1.5011,0.1034,0.7430,32.6538,33.5083,-35.5835,t008,FJTB
2531908457,5048092,3,pelvis,loading,-1.4086,0.3871,0.6594,15.0146,66.8945,-49.1333,t008,FJTB
2531908457,5048108,3,pelvis,loading,-1.2286,0.5007,0.2288,27.0386,76.3550,-53.7720,t008,FJTB
2531908458,5048124,3,pelvis,loading,-1.1755,0.3127,0.0142,103.6377,87.2192,-55.8472,t008,FJTB
2531908483,5048140,3,pelvis,loading,-1.2177,-0.2168,-0.2391,144.0430,96.8628,-51.4526,t008,FJTB
2531908509,5048156,3,pelvis,loading,-1.3813,-0.4479,-0.4275,155.8838,121.8262,-36.0718,t008,FJTB
2531908510,5048172,3,pelvis,loading,-1.4519,-0.4933,-0.4584,81.4209,134.1553,-17.3950,t008,FJTB
2531908511,5048188,3,pelvis,loading,-1.4679,-0.5181,-0.3257,33.9966,138.5498,-9.4604,t008,FJTB
2531908563,5048204,3,pelvis,loading,-1.3749,-0.4426,-0.2513,-38.8184,152.0996,1.0986,t008,FJTB
2531908563,5048220,3,pelvis,loading,-1.0659,-0.1490,-0.2173,-56.8237,152.7710,0.6714,t008,FJTB
2531908564,5048236,3,pelvis,midstance,-0.9495,-0.0687,-0.1633,-58.4106,140.3809,-11.9629,t008,FJTB
2531908614,5048252,3,pelvis,midstance,-0.9532,-0.1095,-0.1814,-52.8564,129.7607,-20.2637,t008,FJTB
2531908616,5048268,3,pelvis,midstance,-0.9724,-0.1262,-0.1899,-53.5278,125.0610,-19.8364,t008,FJTB
2531908618,5048285,3,pelvis,midstance,-0.9827,-0.1006,-0.1548,-40.2832,123.3520,-15.5640,t008,FJTB
2531908652,5048301,3,pelvis,midstance,-0.9990,-0.1074,-0.1438,-17.5171,126.7090,-7.9956,t008,FJTB
2531908672,5048317,3,pelvis,midstance,-0.9722,-0.1693,-0.1653,-13.4888,125.1831,-3.0518,t008,FJTB
2531908673,5048333,3,pelvis,midstance,-0.9529,-0.2032,-0.1553,-19.4702,117.0044,6.1646,t008,FJTB
2531908673,5048349,3,pelvis,midstance,-0.8947,-0.2517,-0.1035,-25.2686,111.7554,10.8032,t008,FJTB
2531908723,5048365,3,pelvis,midstance,-0.8262,-0.2689,-0.0479,-34.4849,99.3652,20.3247,t008,FJTB
2531908725,5048381,3,pelvis,midstance,-0.8118,-0.2740,-0.0138,-35.7056,89.6606,28.1372,t008,FJTB
2531908725,5048397,3,pelvis,midstance,-0.7979,-0.2799,0.0056,-32.2266,86.9751,30.9448,t008,FJTB
2531908780,5048413,3,pelvis,midstance,-0.7885,-0.2831,-0.0071,-27.3437,77.7588,31.7383,t008,FJTB
2531908780,5048429,3,pelvis,midstance,-0.7417,-0.2506,0.0114,-30.6396,68.9087,30.5786,t008,FJTB
2531908781,5048445,3,pelvis,midstance,-0.7174,-0.2119,0.0344,-42.4194,48.6450,28.9917,t008,FJTB
2531908781,5048461,3,pelvis,midstance,-0.6681,-0.1157,0.1023,-50.0488,37.1094,29.4800,t008,FJTB
2531908831,5048477,3,pelvis,midstance,-0.6442,-0.0187,0.2573,-60.3638,19.1650,30.7007,t008,FJTB
2531908832,5048493,3,pelvis,midstance,-0.6339,0.0162,0.3119,-57.6782,17.4561,26.8555,t008,FJTB
2531908833,5048509,3,pelvis,midstance,-0.6328,0.0239,0.3881,-52.9785,18.6768,23.9868,t008,FJTB
2531908885,5048525,3,pelvis,midstance,-0.6462,0.0117,0.4380,-38.2080,21.7285,18.3716,t008,FJTB
2531908885,5048541,3,pelvis,midstance,-0.6982,-0.0562,0.5239,-28.5034,23.3765,16.6016,t008,FJTB
2531908886,5048557,3,pelvis,terminal,-0.6964,-0.0931,0.5305,-11.2305,18.8599,19.2261,t008,FJTB
2531908936,5048573,3,pelvis,terminal,-0.7015,-0.0977,0.5699,-2.2583,0.6104,23.7427,t008,FJTB
2531908939,5048588,3,pelvis,terminal,-0.7563,-0.0867,0.7650,-4.0894,-5.6763,23.8647,t008,FJTB
2531908940,5048605,3,pelvis,terminal,-0.7760,-0.0928,0.8424,-13.7329,-3.3569,17.3950,t008,FJTB
2531908940,5048621,3,pelvis,terminal,-0.7653,-0.0947,0.8810,-15.1367,-0.2441,12.0850,t008,FJTB
2531908994,5048637,3,pelvis,terminal,-0.8047,-0.0887,0.8629,-4.6387,1.0986,6.5308,t008,FJTB
2531908994,5048653,3,pelvis,terminal,-0.8447,-0.1183,0.8619,-1.9531,6.2256,13.7329,t008,FJTB
2531908994,5048669,3,pelvis,terminal,-0.8151,-0.2827,0.8115,-10.1929,13.8550,20.2026,t008,FJTB
2531909045,5048685,3,pelvis,terminal,-0.7577,-0.3756,0.7504,-38.4521,24.2310,30.5786,t008,FJTB
2531909047,5048701,3,pelvis,terminal,-0.6931,-0.4617,0.6653,-54.6875,24.2310,34.1797,t008,FJTB
2531909048,5048717,3,pelvis,terminal,-0.6482,-0.4015,0.6626,-80.5054,23.2544,36.8652,t008,FJTB
2531909085,5048733,3,pelvis,terminal,-0.5411,-0.2596,0.5192,-79.7729,7.3242,31.1890,t008,FJTB
2531909104,5048749,3,pelvis,terminal,-0.6779,-0.1639,0.2623,-73.4253,-14.0381,29.2969,t008,FJTB
2531909104,5048765,3,pelvis,terminal,-1.0212,-0.0779,0.4279,-74.1577,-44.7388,25.0244,t008,FJTB
2531909104,5048781,3,pelvis,terminal,-2.1646,-0.1852,1.4716,-90.3931,-17.9443,27.4658,t008,FJTB
2531909155,5048797,3,pelvis,swing,-2.1611,-0.4237,1.2054,-143.1274,40.9546,58.5937,t008,FJTB
2531909156,5048813,3,pelvis,swing,-0.9495,-0.1102,-0.2551,-164.3677,10.7422,64.5752,t008,FJTB
2531909156,5048829,3,pelvis,swing,-0.6025,0.7230,-0.5121,-121.3379,-62.0728,50.6592,t008,FJTB
2531909217,5048845,3,pelvis,swing,-0.4540,0.9043,-0.3247,-2.6855,-58.4106,38.4521,t008,FJTB
2531909217,5048861,3,pelvis,swing,-0.4950,0.4519,-0.1190,53.4058,-50.4761,29.1138,t008,FJTB
2531909217,5048877,3,pelvis,swing,-0.7811,-0.0083,-0.1147,125.0000,-53.8940,12.1460,t008,FJTB
2531909218,5048893,3,pelvis,swing,-1.2190,-0.6348,0.0762,135.9863,-54.0161,10.8643,t008,FJTB
2531909271,5048909,3,pelvis,swing,-1.3436,-0.7407,0.2073,113.1592,-55.2978,14.2212,t008,FJTB
2531909275,5048925,3,pelvis,swing,-1.1981,-0.7059,0.2380,53.0395,-58.7158,18.0054,t008,FJTB
2531909275,5048941,3,pelvis,swing,-0.8512,-0.6190,0.1820,22.5220,-60.9741,19.6533,t008,FJTB
2531909285,5048957,3,pelvis,swing,-0.7897,-0.5077,0.1589,-21.9116,-69.6411,24.3530,t008,FJTB
2531909332,5048973,3,pelvis,swing,-0.7445,-0.2072,0.1996,-32.5928,-72.3877,25.0244,t008,FJTB
2531909333,5048989,3,pelvis,swing,-0.7217,-0.0382,0.2172,-30.2124,-74.0356,21.6064,t008,FJTB
2531909333,5049005,3,pelvis,swing,-0.7802,-0.0780,0.2363,-12.8174,-75.0732,18.4937,t008,FJTB
2531909388,5049021,3,pelvis,swing,-0.9662,-0.1942,0.2917,-2.6245,-74.7070,18.7378,t008,FJTB
2531909390,5049037,3,pelvis,swing,-1.0420,-0.2183,0.3083,15.0146,-73.3032,21.1182,t008,FJTB
2531909390,5049053,3,pelvis,swing,-1.0665,-0.1748,0.3043,19.1650,-71.7773,22.3389,t008,FJTB
2531909390,5049069,3,pelvis,swing,-0.9633,-0.1223,0.2804,20.4468,-70.0684,21.0571,t008,FJTB
2531909446,5049085,3,pelvis,swing,-0.9167,-0.1383,0.2754,25.5737,-68.3594,13.6719,t008,FJTB
2531909447,5049101,3,pelvis,swing,-0.8386,-0.1615,0.2556,29.4189,-65.6128,10.3149,t008,FJTB
2531909447,5049117,3,pelvis,swing,-0.8245,-0.1906,0.2322,45.0439,-63.5986,4.0283,t008,FJTB
2531909503,5049133,3,pelvis,swing,-0.8774,-0.2904,0.2219,52.5513,-64.9414,3.7231,t008,FJTB
2531909503,5049149,3,pelvis,swing,-0.9349,-0.3232,0.2709,52.1240,-62.0117,6.7749,t008,FJTB
2531909504,5049165,3,pelvis,swing,-0.9387,-0.3314,0.2655,36.9263,-51.9409,7.6294,t008,FJTB
2531909504,5049181,3,pelvis,swing,-0.9003,-0.3096,0.2043,29.4800,-47.1802,7.6294,t008,FJTB
2531909559,5049197,3,pelvis,swing,-0.8789,-0.2827,0.1776,24.3530,-44.8608,5.7983,t008,FJTB
2531909559,5049213,3,pelvis,swing,-0.8765,-0.2347,0.1302,26.3672,-47.5464,4.2114,t008,FJTB
2531909560,5049229,3,pelvis,swing,-0.8872,-0.2075,0.1165,31.6772,-53.9551,3.0518,t008,FJTB
2531909611,5049245,3,pelvis,swing,-0.9119,-0.1866,0.1188,34.4849,-55.5420,3.9062,t008,FJTB
2531909612,5049261,3,pelvis,swing,-0.9114,-0.1804,0.1019,39.4897,-56.2134,5.6152,t008,FJTB
2531909612,5049277,3,pelvis,swing,-0.9058,-0.1791,0.0807,46.3257,-60.5469,4.5776,t008,FJTB
2531909613,5049292,3,pelvis,swing,-0.9102,-0.2037,0.0785,51.0864,-63.8428,3.7231,t008,FJTB
2531909666,5049309,3,pelvis,swing,-0.9144,-0.2437,0.0677,58.1665,-65.6738,2.1973,t008,FJTB
2531909667,5049325,3,pelvis,swing,-0.9031,-0.3562,0.0376,61.4014,-65.7349,1.0376,t008,FJTB
2531909667,5049341,3,pelvis,swing,-0.9331,-0.4270,0.0574,66.6504,-63.6597,-0.0610,t008,FJTB
2531909719,5049357,3,pelvis,loading,-0.9429,-0.3951,0.0245,57.0679,-52.9175,4.9438,t008,FJTB
2531909719,5049373,3,pelvis,loading,-0.9531,-0.2513,0.0112,50.4150,-51.5747,7.3242,t008,FJTB
2531909719,5049389,3,pelvis,loading,-0.9521,-0.2045,0.0446,53.8940,-54.0771,8.5449,t008,FJTB
2531909725,5049405,3,pelvis,loading,-0.9543,-0.1744,0.0510,63.0493,-55.1758,6.1035,t008,FJTB
2531909779,5049421,3,pelvis,loading,-0.9941,-0.2007,0.0582,76.9653,-53.5278,-2.0752,t008,FJTB
2531909779,5049437,3,pelvis,loading,-1.0121,-0.2256,0.0690,80.2612,-47.8516,-6.8970,t008,FJTB
2531909780,5049453,3,pelvis,loading,-1.0314,-0.2886,0.1462,81.2378,-46.2646,-8.1177,t008,FJTB
2531909833,5049469,3,pelvis,loading,-1.0337,-0.3269,0.2107,83.8013,-44.6777,-7.0801,t008,FJTB
2531909836,5049485,3,pelvis,loading,-1.0845,-0.4661,0.3666,85.6934,-44.1284,-7.7515,t008,FJTB
2531909837,5049501,3,pelvis,loading,-1.1851,-0.5773,0.5116,85.2051,-34.8511,-13.9160,t008,FJTB
2531909837,5049517,3,pelvis,loading,-1.2092,-0.5637,0.5651,60.9741,-18.1885,-22.3999,t008,FJTB
2531909894,5049533,3,pelvis,loading,-1.2706,-0.4042,0.6086,41.8701,-9.8877,-26.1230,t008,FJTB
2531909894,5049549,3,pelvis,loading,-1.3220,-0.2601,0.6426,3.7842,14.5264,-31.6162,t008,FJTB
2531909895,5049565,3,pelvis,loading,-1.3684,0.0930,0.6458,-7.9346,32.5928,-34.4238,t008,FJTB
2531909950,5049581,3,pelvis,loading,-1.2589,0.2694,0.3713,1.4648,70.4346,-42.3584,t008,FJTB
2531909951,5049597,3,pelvis,loading,-1.2286,0.1703,0.2163,57.3120,95.8252,-45.4102,t008,FJTB
2531909952,5049613,3,pelvis,loading,-1.3303,-0.1334,-0.0870,85.5102,107.1777,-41.3818,t008,FJTB
2531910009,5049629,3,pelvis,loading,-1.4456,-0.1942,-0.2297,111.8774,128.4180,-30.6396,t008,FJTB
2531910010,5049645,3,pelvis,loading,-1.5437,-0.1534,-0.3888,105.9570,136.1694,-22.5830,t008,FJTB
2531910010,5049661,3,pelvis,loading,-1.5405,-0.1464,-0.3483,64.3921,150.8179,-1.6479,t008,FJTB
2531910011,5049677,3,pelvis,loading,-1.4454,-0.2235,-0.3169,38.2690,162.1704,6.8970,t008,FJTB
2531910064,5049693,3,pelvis,loading,-1.2517,-0.2366,-0.2911,-6.2256,167.6636,14.5264,t008,FJTB
2531910065,5049709,3,pelvis,midstance,-1.2039,-0.2111,-0.2001,-25.6958,158.8745,7.6904,t008,FJTB
2531910065,5049725,3,pelvis,midstance,-1.1078,-0.2074,-0.1697,-28.2593,155.4565,2.9907,t008,FJTB
2531910066,5049741,3,pelvis,midstance,-1.0625,-0.2305,-0.1976,-37.6587,144.1650,3.1128,t008,FJTB
2531910129,5049757,3,pelvis,midstance,-1.0034,-0.2861,-0.2626,-46.6919,141.1133,5.7373,t008,FJTB
2531910130,5049773,3,pelvis,midstance,-0.9655,-0.2802,-0.2826,-67.1997,139.6484,10.0098,t008,FJTB
2531910130,5049790,3,pelvis,midstance,-0.9557,-0.2838,-0.2926,-88.2568,136.5967,12.7563,t008,FJTB
2531910130,5049806,3,pelvis,midstance,-0.8842,-0.2612,-0.2942,-99.8535,132.6294,13.2446,t008,FJTB
2531910187,5049822,3,pelvis,midstance,-0.7780,-0.2263,-0.2479,-113.6475,122.0093,13.7329,t008,FJTB
2531910188,5049838,3,pelvis,midstance,-0.7344,-0.2166,-0.2119,-103.7598,108.5815,22.8271,t008,FJTB
2531910190,5049854,3,pelvis,midstance,-0.6732,-0.2007,-0.1163,-93.0176,99.4873,30.8228,t008,FJTB
2531910191,5049870,3,pelvis,midstance,-0.6545,-0.1975,-0.0651,-65.0635,78.7354,41.1377,t008,FJTB
2531910250,5049886,3,pelvis,midstance,-0.6627,-0.2222,-0.0251,-52.7954,69.7632,42.1143,t008,FJTB
2531910251,5049902,3,pelvis,midstance,-0.6633,-0.1940,-0.0068,-42.2363,50.6592,40.5884,t008,FJTB
2531910252,5049918,3,pelvis,midstance,-0.6489,-0.0979,0.0930,-45.8374,37.8418,35.4004,t008,FJTB
2531910307,5049934,3,pelvis,midstance,-0.6273,0.0171,0.2750,-50.0488,35.1563,32.4097,t008,FJTB
2531910309,5049950,3,pelvis,midstance,-0.6133,0.0720,0.3615,-56.6406,32.5928,25.7568,t008,FJTB
2531910310,5049966,3,pelvis,midstance,-0.6189,0.0803,0.5620,-56.0913,30.6396,21.3623,t008,FJTB
2531910310,5049982,3,pelvis,midstance,-0.6439,0.0458,0.6354,-43.7622,30.3955,13.6719,t008,FJTB
2531910369,5049998,3,pelvis,midstance,-0.6448,-0.0137,0.6691,-34.1187,27.4658,13.5498,t008,FJTB
2531910370,5050014,3,pelvis,midstance,-0.6951,-0.0928,0.7875,-24.2920,18.1274,19.7754,t008,FJTB
2531910370,5050030,3,pelvis,midstance,-0.7301,-0.1329,0.8593,-23.6206,15.4419,29.2969,t008,FJTB
2531910370,5050046,3,pelvis,midstance,-0.7914,-0.1699,0.9299,-22.2168,13.9160,32.7759,t008,FJTB
2531910427,5050062,3,pelvis,midstance,-0.8246,-0.1622,0.9355,-12.3901,12.0850,33.1421,t008,FJTB
2531910428,5050078,3,pelvis,midstance,-0.8147,-0.2002,0.8771,-7.6904,14.5874,29.7852,t008,FJTB
2531910430,5050094,3,pelvis,midstance,-0.7107,-0.2974,0.7377,-14.8315,23.1934,24.3530,t008,FJTB
2531910488,5050110,3,pelvis,midstance,-0.6570,-0.3424,0.6750,-38.1470,22.0337,25.0854,t008,FJTB
2531910488,5050126,3,pelvis,midstance,-0.6129,-0.4067,0.6633,-50.1099,19.2261,26.4893,t008,FJTB
2531910489,5050142,3,pelvis,terminal,-0.6379,-0.3799,0.7645,-71.0449,26.1230,27.4048,t008,FJTB
2531910489,5050158,3,pelvis,terminal,-0.7395,-0.3252,1.1593,-82.7637,40.6494,25.6348,t008,FJTB
2531910546,5050174,3,pelvis,terminal,-1.0516,-0.2861,0.8564,-104.5532,44.7998,24.1699,t008,FJTB
2531910546,5050190,3,pelvis,terminal,-1.6028,-0.0519,0.8287,-140.6860,-32.2876,20.2637,t008,FJTB
2531910546,5050206,3,pelvis,terminal,-1.6639,0.1693,0.0482,-148.3765,-35.8887,25.2075,t008,FJTB
2531910547,5050222,3,pelvis,terminal,-1.1334,0.1522,-0.4249,-116.3940,-38.5742,62.2559,t008,FJTB
2531910613,5050238,3,pelvis,terminal,-0.5092,0.2770,-0.2789,-67.2607,-48.3398,70.1904,t008,FJTB
2531910614,5050254,3,pelvis,terminal,-0.3331,-0.0179,-0.2490,31.9214,-41.5649,52.0630,t008,FJTB
2531910614,5050270,3,pelvis,terminal,-0.5735,-0.3473,-0.3146,79.1626,-70.1904,32.5317,t008,FJTB
2531910614,5050286,3,pelvis,terminal,-1.2107,-0.6141,0.0892,81.4819,-82.7026,36.8042,t008,FJTB
2531910676,5050302,3,pelvis,terminal,-1.4165,-0.4946,0.3032,46.5088,-70.6787,42.7246,t008,FJTB
2531910676,5050318,3,pelvis,terminal,-1.2642,-0.2300,0.3690,19.1040,-62.8052,38.2080,t008,FJTB
2531910677,5050334,3,pelvis,terminal,-0.9296,-0.1405,0.2407,-14.4043,-70.3125,31.4331,t008,FJTB
2531910677,5050351,3,pelvis,terminal,-0.9060,-0.1212,0.2078,-22.9492,-78.2471,28.3203,t008,FJTB
2531910739,5050367,3,pelvis,terminal,-0.8760,-0.0613,0.2212,-24.2310,-77.1484,27.0996,t008,FJTB
2531910739,5050383,3,pelvis,terminal,-0.8337,-0.0250,0.2339,-13.0615,-76.9043,24.8413,t008,FJTB
2531910739,5050399,3,pelvis,terminal,-0.8088,-0.1165,0.2229,-3.5400,-77.3926,23.9258,t008,FJTB
2531910740,5050415,3,pelvis,swing,-0.9010,-0.2762,0.2610,12.6953,-75.5615,24.4141,t008,FJTB
2531910798,5050431,3,pelvis,swing,-0.9600,-0.2927,0.2893,26.1230,-72.3267,25.8179,t008,FJTB
2531910801,5050447,3,pelvis,swing,-1.0175,-0.2313,0.3214,29.2358,-70.3735,25.6348,t008,FJTB
2531910802,5050463,3,pelvis,swing,-0.9988,-0.1964,0.3134,29.6020,-66.2842,21.7285,t008,FJTB
2531910802,5050479,3,pelvis,swing,-0.9216,-0.1572,0.2795,30.5176,-66.4673,19.0430,t008,FJTB
2531910864,5050495,3,pelvis,swing,-0.8374,-0.1722,0.2815,40.7104,-65.2466,10.6201,t008,FJTB
2531910865,5050511,3,pelvis,swing,-0.8217,-0.2119,0.2698,50.8423,-64.8804,6.0425,t008,FJTB
2531910865,5050527,3,pelvis,swing,-0.8470,-0.2816,0.2423,53.2227,-65.3687,6.2866,t008,FJTB
2531910865,5050543,3,pelvis,swing,-0.8634,-0.3007,0.2247,56.9458,-65.7959,6.5308,t008,FJTB
2531910921,5050559,3,pelvis,swing,-0.8947,-0.3275,0.2101,58.1055,-65.4297,5.3101,t008,FJTB
2531910921,5050575,3,pelvis,swing,-0.9144,-0.3224,0.2048,53.1616,-62.2559,2.6245,t008,FJTB
2531910923,5050592,3,pelvis,swing,-0.9149,-0.3107,0.2086,43.2739,-56.8848,0.6104,t008,FJTB
2531910954,5050608,3,pelvis,swing,-0.8977,-0.2754,0.1912,39.8560,-55.0537,0.2441,t008,FJTB
2531910986,5050624,3,pelvis,swing,-0.8983,-0.2489,0.1873,39.0625,-57.0679,0.9155,t008,FJTB
2531910987,5050640,3,pelvis,swing,-0.9111,-0.1992,0.1906,40.9546,-59.2041,1.6479,t008,FJTB
2531910987,5050656,3,pelvis,swing,-0.9163,-0.1942,0.1824,50.1099,-63.1103,3.1738,t008,FJTB
2531911044,5050672,3,pelvis,swing,-0.9314,-0.2041,0.1503,59.6313,-64.1479,5.6763,t008,FJTB
2531911046,5050688,3,pelvis,swing,-0.9408,-0.1849,0.1436,61.5234,-62.2559,5.7983,t008,FJTB
2531911047,5050704,3,pelvis,swing,-0.9331,-0.2008,0.1356,59.6924,-56.0303,3.6621,t008,FJTB
2531911047,5050720,3,pelvis,swing,-0.8975,-0.2933,0.1145,58.2275,-55.3589,2.6855,t008,FJTB
2531911108,5050736,3,pelvis,swing,-0.8901,-0.3418,0.1171,58.2275,-56.8237,2.3804,t008,FJTB
2531911109,5050752,3,pelvis,swing,-0.8973,-0.3677,0.0937,60.4248,-59.0820,3.2349,t008,FJTB
2531911109,5050768,3,pelvis,swing,-0.8842,-0.3070,0.0361,61.7676,-58.1665,4.5776,t008,FJTB
2531911109,5050784,3,pelvis,swing,-0.8796,-0.2662,-0.0089,57.1899,-58.7158,6.1035,t008,FJTB
2531911166,5050800,3,pelvis,swing,-0.9137,-0.2278,-0.0255,54.6875,-59.8144,5.9204,t008,FJTB
2531911167,5050816,3,pelvis,loading,-0.9307,-0.2289,-0.0161,54.9316,-59.7534,5.3711,t008,FJTB
2531911168,5050832,3,pelvis,loading,-0.9579,-0.2200,-0.0216,57.6782,-58.7158,4.6997,t008,FJTB
2531911168,5050848,3,pelvis,loading,-0.9927,-0.2380,-0.0038,65.6128,-58.1665,-0.0610,t008,FJTB
2531911234,5050864,3,pelvis,loading,-0.9973,-0.2690,0.0144,70.3125,-58.9600,-2.6855,t008,FJTB
2531911234,5050881,3,pelvis,loading,-0.9890,-0.3357,0.1044,70.2515,-59.5093,-1.8921,t008,FJTB
2531911235,5050897,3,pelvis,loading,-0.9794,-0.3857,0.1497,70.7397,-60.5469,-1.7090,t008,FJTB
2531911235,5050913,3,pelvis,loading,-1.0758,-0.5853,0.3018,72.1436,-61.8896,-4.0283,t008,FJTB
2531911293,5050929,3,pelvis,loading,-1.3641,-0.8325,0.6851,67.8711,-55.3589,-10.6201,t008,FJTB
2531911296,5050945,3,pelvis,loading,-1.5017,-0.8540,0.8690,31.8603,-13.2446,-13.6719,t008,FJTB
2531911296,5050961,3,pelvis,loading,-1.5670,-0.4448,0.9974,8.6060,22.0947,-16.0522,t008,FJTB
2531911297,5050977,3,pelvis,loading,-1.5029,0.0585,1.0090,-22.2778,90.8203,-26.6724,t008,FJTB
2531911358,5050993,3,pelvis,loading,-1.2936,0.9231,0.7900,-29.7241,108.4595,-37.4756,t008,FJTB
2531911359,5051009,3,pelvis,loading,-1.2401,0.5652,0.2604,5.1270,114.9902,-60.3638,t008,FJTB
2531911359,5051025,3,pelvis,loading,-1.2570,0.1777,-0.0468,126.8921,125.4883,-57.8613,t008,FJTB
2531911380,5051041,3,pelvis,loading,-1.3350,-0.1807,-0.4052,173.1567,131.2866,-49.7436,t008,FJTB
2531911417,5051057,3,pelvis,loading,-1.4178,-0.2067,-0.4541,170.5322,141.5405,-30.8838,t008,FJTB
2531911418,5051073,3,pelvis,midstance,-1.5820,-0.3243,-0.5433,135.8032,146.9116,-20.5688,t008,FJTB
2531911418,5051089,3,pelvis,midstance,-1.5381,-0.4625,-0.4380,43.0908,158.6914,0.0610,t008,FJTB
2531911424,5051105,3,pelvis,midstance,-1.4221,-0.4365,-0.3497,-22.9492,167.9077,6.0425,t008,FJTB
2531911485,5051121,3,pelvis,midstance,-1.1635,-0.4138,-0.2147,-36.6211,166.0156,4.0894,t008,FJTB
2531911485,5051137,3,pelvis,midstance,-1.0873,-0.4429,-0.2095,-42.4805,152.8320,1.5259,t008,FJTB
2531911486,5051153,3,pelvis,midstance,-1.0474,-0.4353,-0.2782,-46.9360,142.7612,2.4414,t008,FJTB
2531911521,5051169,3,pelvis,midstance,-1.0522,-0.3237,-0.3119,-59.6313,130.7983,7.8735,t008,FJTB
2531911545,5051185,3,pelvis,midstance,-1.0424,-0.2745,-0.3286,-68.5425,131.1035,12.2681,t008,FJTB
2531911545,5051201,3,pelvis,midstance,-0.9752,-0.2166,-0.3428,-74.2798,130.3711,16.5405,t008,FJTB
2531911547,5051217,3,pelvis,midstance,-0.9053,-0.1958,-0.3402,-89.9658,122.4365,24.4751,t008,FJTB
2531911609,5051233,3,pelvis,midstance,-0.7782,-0.1875,-0.2628,-96.7407,114.8682,26.1841,t008,FJTB
2531911610,5051249,3,pelvis,midstance,-0.7135,-0.2311,-0.1843,-100.6470,98.9990,29.4189,t008,FJTB
2531911610,5051265,3,pelvis,midstance,-0.6779,-0.2168,-0.1530,-93.7500,82.2143,36.0107,t008,FJTB
2531911611,5051281,3,pelvis,midstance,-0.6461,-0.1697,-0.1145,-86.2427,72.2656,37.5366,t008,FJTB
2531911669,5051297,3,pelvis,midstance,-0.6652,-0.1459,-0.0812,-72.8760,53.0395,37.7808,t008,FJTB
2531911671,5051313,3,pelvis,midstance,-0.6780,-0.0337,-0.0585,-67.8711,46.0815,36.4990,t008,FJTB
2531911671,5051329,3,pelvis,midstance,-0.6741,0.0050,-0.0472,-60.5469,30.9448,28.1372,t008,FJTB
2531911672,5051345,3,pelvis,midstance,-0.6771,0.0247,0.0020,-58.8989,16.2354,28.9307,t008,FJTB
2531911733,5051361,3,pelvis,midstance,-0.6652,0.1277,0.1678,-60.0586,13.8550,28.8696,t008,FJTB
2531911734,5051376,3,pelvis,midstance,-0.6569,0.1781,0.2676,-67.4438,11.2305,23.0103,t008,FJTB
2531911734,5051392,3,pelvis,midstance,-0.6531,0.1888,0.5450,-70.0684,8.6060,19.0430,t008,FJTB
2531911734,5051408,3,pelvis,midstance,-0.6383,0.1423,0.6871,-53.1006,5.7983,9.3994,t008,FJTB
2531911795,5051424,3,pelvis,midstance,-0.6310,0.0316,0.7872,-33.0811,3.8452,5.1880,t008,FJTB
2531911795,5051440,3,pelvis,midstance,-0.7437,-0.0554,0.8051,-1.6479,2.6245,6.1035,t008,FJTB
2531911796,5051456,3,pelvis,midstance,-0.7761,-0.0988,0.8373,2.8076,6.2866,14.8315,t008,FJTB
2531911796,5051472,3,pelvis,midstance,-0.8149,-0.1149,0.9180,2.2583,5.1880,17.7002,t008,FJTB
2531911857,5051488,3,pelvis,midstance,-0.8728,-0.0939,0.9762,12.2681,1.4648,14.5874,t008,FJTB
2531911857,5051504,3,pelvis,midstance,-0.9457,-0.1708,1.0621,19.5923,5.3101,10.9863,t008,FJTB
2531911857,5051519,3,pelvis,terminal,-0.8960,-0.2874,1.0374,18.7378,24.2920,8.1177,t008,FJTB
2531911858,5051535,3,pelvis,terminal,-0.7317,-0.5029,0.8419,8.0566,30.7617,9.5825,t008,FJTB
2531911916,5051551,3,pelvis,terminal,-0.7280,-0.4230,0.7100,-21.4844,22.9492,19.1040,t008,FJTB
2531911917,5051567,3,pelvis,terminal,-0.7343,-0.3528,0.6985,-39.3677,13.5498,24.5972,t008,FJTB
2531911917,5051583,3,pelvis,terminal,-0.6246,-0.2766,0.5352,-47.4853,17.0288,21.2402,t008,FJTB
2531911918,5051599,3,pelvis,terminal,-0.4922,-0.2366,0.2350,-67.7490,10.8032,18.1274,t008,FJTB
2531911985,5051615,3,pelvis,terminal,-0.3646,-0.2153,-0.5625,-71.4722,-13.3667,24.7192,t008,FJTB
2531911985,5051631,3,pelvis,terminal,-0.9841,-0.0916,-0.0388,-75.6226,-77.4536,41.6260,t008,FJTB
2531911986,5051647,3,pelvis,terminal,-1.7072,-0.0627,0.8995,-129.2725,-22.5830,55.2978,t008,FJTB
2531911987,5051663,3,pelvis,terminal,-2.3906,-0.1206,1.8431,-163.2080,26.0010,69.7632,t008,FJTB
2531912046,5051679,3,pelvis,terminal,-1.6967,0.2278,1.0624,-162.2314,-11.8408,54.6875,t008,FJTB
2531912047,5051695,3,pelvis,terminal,-0.7401,1.0057,-0.1802,-95.7031,-60.0586,38.4521,t008,FJTB
2531912048,5051711,3,pelvis,terminal,-0.5803,0.4484,-0.3579,96.2524,-73.3032,6.4697,t008,FJTB
2531912048,5051727,3,pelvis,terminal,-0.4797,0.0688,-0.3662,193.7866,-45.0439,-12.0850,t008,FJTB
2531912110,5051743,3,pelvis,terminal,-0.6036,-0.7019,-0.3815,183.2275,-48.8281,-14.0381,t008,FJTB
2531912111,5051759,3,pelvis,terminal,-0.8109,-0.9819,-0.1993,111.1450,-69.8853,11.4746,t008,FJTB
2531912111,5051775,3,pelvis,terminal,-1.1158,-0.8014,0.0988,80.2612,-67.3828,24.4141,t008,FJTB
2531912146,5051791,3,pelvis,terminal,-1.2134,-0.3896,0.1907,40.4663,-61.8286,19.4702,t008,FJTB
2531912169,5051807,3,pelvis,terminal,-1.1639,-0.3708,0.2692,4.2725,-60.7300,9.1553,t008,FJTB
2531912172,5051823,3,pelvis,swing,-0.9324,-0.2587,0.3651,-11.6577,-60.8520,8.4229,t008,FJTB
2531912173,5051839,3,pelvis,swing,-0.8591,-0.1720,0.3555,-16.6016,-62.9272,7.1411,t008,FJTB
2531912237,5051855,3,pelvis,swing,-0.7727,-0.0437,0.2758,-7.7515,-61.7676,6.4087,t008,FJTB
2531912237,5051871,3,pelvis,swing,-0.7427,-0.0371,0.2467,18.3105,-60.4248,9.6436,t008,FJTB
2531912238,5051887,3,pelvis,swing,-0.8380,-0.0828,0.2386,43.8843,-64.5752,15.9912,t008,FJTB
2531912238,5051903,3,pelvis,swing,-0.9750,-0.1782,0.2073,55.6030,-65.7959,16.9067,t008,FJTB
2531912239,5051919,3,pelvis,swing,-1.0231,-0.2615,0.1930,71.2891,-62.0728,13.7939,t008,FJTB
2531912300,5051935,3,pelvis,swing,-1.0107,-0.3788,0.1681,71.1670,-57.6172,11.7187,t008,FJTB
2531912301,5051951,3,pelvis,swing,-0.9504,-0.3872,0.1631,56.6406,-52.3682,7.9956,t008,FJTB
2531912301,5051967,3,pelvis,swing,-0.8180,-0.3792,0.1610,48.9502,-52.3682,5.9204,t008,FJTB
2531912303,5051983,3,pelvis,swing,-0.8185,-0.3425,0.1836,40.5884,-57.0679,4.8828,t008,FJTB
2531912365,5051999,3,pelvis,swing,-0.8579,-0.3105,0.1901,39.6118,-62.5000,6.2866,t008,FJTB
2531912366,5052015,3,pelvis,swing,-0.9424,-0.2605,0.1686,39.0015,-64.0259,6.5918,t008,FJTB
2531912366,5052031,3,pelvis,swing,-0.9703,-0.2474,0.1560,33.5083,-64.2700,7.0801,t008,FJTB
2531912367,5052047,3,pelvis,swing,-0.9705,-0.2498,0.1293,28.9307,-62.8052,6.8359,t008,FJTB
2531912425,5052063,3,pelvis,swing,-0.9194,-0.2513,0.0950,19.8364,-59.9365,5.8594,t008,FJTB
2531912428,5052079,3,pelvis,swing,-0.9015,-0.2413,0.0887,14.2212,-61.0962,4.8218,t008,FJTB
2531912428,5052095,3,pelvis,swing,-0.8950,-0.2183,0.0846,13.7329,-62.8052,5.3101,t008,FJTB
2531912436,5052111,3,pelvis,swing,-0.9006,-0.2014,0.0800,18.4326,-69.1528,7.9346,t008,FJTB
2531912489,5052127,3,pelvis,swing,-0.9036,-0.1515,0.0878,22.8271,-72.9980,9.0332,t008,FJTB
2531912489,5052143,3,pelvis,swing,-0.9031,-0.1324,0.1346,34.3018,-78.1860,9.8877,t008,FJTB
2531912490,5052159,3,pelvis,loading,-0.9000,-0.1654,0.1655,46.7529,-77.7588,6.4087,t008,FJTB
2531912547,5052175,3,pelvis,loading,-0.9174,-0.2906,0.2260,46.6919,-72.9980,4.3945,t008,FJTB
2531912547,5052191,3,pelvis,loading,-0.9364,-0.3322,0.2393,39.3677,-56.1523,3.1738,t008,FJTB
2531912548,5052207,3,pelvis,loading,-0.9453,-0.4069,0.2332,38.1470,-49.6216,4.3945,t008,FJTB
2531912548,5052223,3,pelvis,loading,-0.9336,-0.4301,0.2107,50.0488,-42.1143,6.9580,t008,FJTB
2531912612,5052239,3,pelvis,loading,-0.9462,-0.3708,0.0704,66.3452,-41.0767,4.5776,t008,FJTB
2531912613,5052255,3,pelvis,loading,-0.9557,-0.2036,0.0022,67.6880,-40.8325,3.1128,t008,FJTB
2531912613,5052271,3,pelvis,loading,-0.9343,-0.1636,0.0149,60.0586,-39.4287,2.3193,t008,FJTB
2531912613,5052287,3,pelvis,loading,-0.9080,-0.2036,0.0616,58.5937,-39.1235,1.9531,t008,FJTB
2531912672,5052303,3,pelvis,loading,-0.9429,-0.2601,0.1044,66.7114,-40.8936,0.1221,t008,FJTB
2531912673,5052319,3,pelvis,loading,-1.1172,-0.3994,0.2742,71.5332,-41.0156,0.2441,t008,FJTB
2531912675,5052334,3,pelvis,loading,-1.3480,-0.5839,0.5210,72.4487,-30.9448,-0.2441,t008,FJTB
2531912675,5052350,3,pelvis,loading,-1.4043,-0.6018,0.6422,49.5605,-1.7090,-4.4556,t008,FJTB
2531912736,5052366,3,pelvis,loading,-1.3635,-0.3539,0.8717,29.6631,20.3247,-10.3760,t008,FJTB
2531912737,5052382,3,pelvis,midstance,-1.3323,-0.0820,0.9551,-14.4043,71.4111,-36.9263,t008,FJTB
2531912737,5052398,3,pelvis,midstance,-1.2117,0.4132,0.7283,-31.6772,89.4165,-53.5889,t008,FJTB
2531912738,5052414,3,pelvis,midstance,-1.1317,0.2079,0.2922,-14.5264,81.4819,-73.3643,t008,FJTB
2531912794,5052430,3,pelvis,midstance,-1.1702,-0.0646,0.0981,73.6084,70.4346,-61.3403,t008,FJTB
2531912796,5052446,3,pelvis,midstance,-1.3844,-0.2946,-0.1099,109.0698,73.2422,-49.1943,t008,FJTB
2531912798,5052462,3,pelvis,midstance,-1.5519,-0.2632,-0.1547,127.4414,99.9756,-26.3062,t008,FJTB
2531912798,5052478,3,pelvis,midstance,-1.6938,-0.1659,-0.3472,114.3188,116.3940,-15.8081,t008,FJTB
2531912858,5052494,3,pelvis,midstance,-1.6185,-0.1931,-0.4242,67.3828,149.6582,4.3335,t008,FJTB
2531912859,5052510,3,pelvis,midstance,-1.4453,-0.4697,-0.4644,14.0381,171.0205,22.7661,t008,FJTB
2531912859,5052526,3,pelvis,midstance,-1.2814,-0.4036,-0.2379,-11.2305,171.0205,25.6958,t008,FJTB
2531912917,5052542,3,pelvis,midstance,-1.2279,-0.3195,-0.1381,-46.8750,167.9687,5.2490,t008,FJTB
2531912917,5052558,3,pelvis,midstance,-1.1487,-0.2877,-0.1367,-56.7017,162.7197,-5.0659,t008,FJTB
2531912919,5052574,3,pelvis,midstance,-1.1074,-0.2869,-0.1956,-75.0732,148.0103,-7.5684,t008,FJTB
2531912920,5052590,3,pelvis,midstance,-1.0430,-0.2230,-0.2229,-81.9702,144.3481,-2.7466,t008,FJTB
2531912982,5052606,3,pelvis,midstance,-1.0057,-0.2124,-0.2552,-82.2143,149.1699,10.8643,t008,FJTB
2531912983,5052623,3,pelvis,midstance,-0.9688,-0.2332,-0.2805,-90.1489,149.4141,23.4375,t008,FJTB
2531912983,5052639,3,pelvis,midstance,-0.8640,-0.2200,-0.2247,-97.9004,144.2261,23.2544,t008,FJTB
2531912983,5052655,3,pelvis,midstance,-0.7957,-0.1783,-0.1935,-104.6753,126.0986,14.8926,t008,FJTB
2531913041,5052671,3,pelvis,midstance,-0.6906,-0.0638,-0.1819,-103.2715,113.9526,12.5122,t008,FJTB
2531913043,5052687,3,pelvis,midstance,-0.6689,-0.0250,-0.1632,-89.5386,91.7358,17.3340,t008,FJTB
2531913044,5052703,3,pelvis,midstance,-0.6654,-0.0386,-0.1648,-58.8379,77.0264,26.5503,t008,FJTB
2531913044,5052719,3,pelvis,midstance,-0.6584,-0.1180,-0.1642,-44.6777,68.2373,25.8179,t008,FJTB
2531913108,5052735,3,pelvis,midstance,-0.6562,-0.1654,-0.1633,-41.4429,46.1426,21.7285,t008,FJTB
2531913108,5052751,3,pelvis,midstance,-0.6167,-0.1176,-0.0796,-49.8047,34.7900,22.8271,t008,FJTB
2531913108,5052767,3,pelvis,midstance,-0.5408,-0.0023,0.1409,-59.3872,15.6250,27.8931,t008,FJTB
2531913109,5052783,3,pelvis,midstance,-0.5127,-0.0151,0.2501,-48.2788,0.0000,20.0195,t008,FJTB
2531913168,5052799,3,pelvis,midstance,-0.5935,-0.0417,0.6064,-47.3633,-11.7187,12.5732,t008,FJTB
2531913168,5052814,3,pelvis,terminal,-0.6655,-0.0343,0.8579,-63.1714,-15.0757,1.5259,t008,FJTB
2531913168,5052830,3,pelvis,terminal,-0.7159,-0.0728,1.0236,-74.2798,-3.7231,-1.4648,t008,FJTB
2531913169,5052847,3,pelvis,terminal,-0.7321,-0.0505,0.9279,-83.4351,6.4697,5.7373,t008,FJTB
2531913234,5052862,3,pelvis,terminal,-0.7402,-0.0615,0.9596,-60.4248,-5.8594,20.9961,t008,FJTB
2531913234,5052878,3,pelvis,terminal,-0.7080,-0.0895,1.0134,-45.0439,-9.6436,25.8179,t008,FJTB
2531913235,5052894,3,pelvis,terminal,-0.6884,-0.0980,0.9670,-23.0103,-4.9438,23.9868,t008,FJTB
2531913235,5052910,3,pelvis,terminal,-0.6499,-0.1450,0.8236,-18.7988,1.6479,22.2168,t008,FJTB
2531913293,5052926,3,pelvis,terminal,-0.5547,-0.1942,0.6906,-21.0571,18.0664,21.1792,t008,FJTB
2531913296,5052942,3,pelvis,terminal,-0.4735,-0.2303,0.4907,-36.0107,6.6528,18.3716,t008,FJTB
2531913297,5052958,3,pelvis,terminal,-0.6951,-0.1646,0.3447,-50.2319,-20.9961,19.5923,t008,FJTB
2531913297,5052974,3,pelvis,terminal,-1.2915,-0.0170,0.8348,-75.7446,-39.4287,19.8975,t008,FJTB
2531913357,5052990,3,pelvis,terminal,-2.3333,0.0461,1.4113,-86.1206,-7.7515,16.4795,t008,FJTB
2531913358,5053006,3,pelvis,terminal,-1.7833,-0.0227,0.6720,-77.6978,19.5313,34.3628,t008,FJTB
2531913358,5053022,3,pelvis,terminal,-0.7808,0.3345,-0.4626,-51.8188,-10.3760,49.3164,t008,FJTB
2531913359,5053038,3,pelvis,terminal,-0.3756,0.6078,-0.1141,45.2270,-55.4810,59.5703,t008,FJTB
2531913415,5053054,3,pelvis,swing,-0.2930,0.4053,-0.0823,122.3755,-48.7061,21.0571,t008,FJTB
2531913415,5053070,3,pelvis,swing,-0.7522,-0.3972,-0.3608,130.4932,-51.2085,7.3853,t008,FJTB
2531913416,5053086,3,pelvis,swing,-1.0361,-0.7175,-0.3547,110.1074,-73.9746,19.4092,t008,FJTB
2531913421,5053102,3,pelvis,swing,-1.4624,-0.9329,0.0857,89.7827,-76.5381,31.2500,t008,FJTB
2531913484,5053118,3,pelvis,swing,-1.1213,-0.6410,0.2441,26.7944,-57.4951,38.4521,t008,FJTB
2531913485,5053134,3,pelvis,swing,-0.8898,-0.5969,0.1666,-35.9497,-60.5469,29.4800,t008,FJTB
2531913485,5053150,3,pelvis,swing,-0.8329,-0.4456,0.1420,-60.7910,-68.7256,30.7007,t008,FJTB
2531913486,5053166,3,pelvis,swing,-0.8695,-0.3008,0.1923,-78.9185,-73.5474,32.2266,t008,FJTB
2531913546,5053182,3,pelvis,swing,-0.8408,0.0027,0.2720,-72.1436,-70.5566,30.3345,t008,FJTB
2531913546,5053198,3,pelvis,swing,-0.8477,0.0565,0.2832,-39.8560,-66.2231,24.9023,t008,FJTB
2531913549,5053214,3,pelvis,swing,-0.9081,0.0122,0.2922,-5.0049,-67.5049,27.5269,t008,FJTB
2531913549,5053230,3,pelvis,swing,-1.0267,0.0133,0.3624,13.6719,-62.4390,25.8179,t008,FJTB
2531913613,5053246,3,pelvis,swing,-1.0345,-0.0468,0.2598,38.2080,-59.5703,18.1885,t008,FJTB
2531913614,5053262,3,pelvis,swing,-1.0326,-0.0927,0.2677,43.2739,-63.1714,17.8833,t008,FJTB
2531913614,5053278,3,pelvis,swing,-0.9569,-0.1862,0.1879,50.1099,-62.5610,15.4419,t008,FJTB
2531913615,5053294,3,pelvis,swing,-0.8574,-0.3260,0.1384,49.3774,-61.1572,10.6201,t008,FJTB
2531913674,5053310,3,pelvis,swing,-0.8116,-0.3904,0.2026,36.9873,-64.8804,7.8735,t008,FJTB
2531913676,5053326,3,pelvis,swing,-0.8107,-0.3910,0.2108,34.3018,-57.3120,9.7046,t008,FJTB
2531913677,5053342,3,pelvis,swing,-0.9003,-0.3696,0.1852,28.8086,-57.9224,10.9863,t008,FJTB
2531913677,5053357,3,pelvis,swing,-0.9666,-0.3408,0.2222,12.2070,-57.3730,13.7939,t008,FJTB
2531913740,5053373,3,pelvis,swing,-0.9924,-0.2448,0.2904,5.7373,-53.5889,13.3057,t008,FJTB
2531913740,5053389,3,pelvis,swing,-0.9070,-0.1982,0.2640,5.0659,-49.0723,10.1318,t008,FJTB
2531913741,5053405,3,pelvis,swing,-0.8876,-0.2025,0.2522,18.1274,-50.2319,9.1553,t008,FJTB
2531913741,5053421,3,pelvis,swing,-0.8621,-0.1914,0.2361,24.7803,-50.4150,9.0332,t008,FJTB
2531913802,5053437,3,pelvis,swing,-0.8641,-0.2095,0.2170,38.1470,-52.1851,8.8501,t008,FJTB
2531913802,5053453,3,pelvis,swing,-0.8883,-0.2260,0.1785,43.7012,-55.4810,10.0708,t008,FJTB
2531913803,5053469,3,pelvis,swing,-0.9215,-0.1958,0.1576,51.1475,-62.0728,10.3149,t008,FJTB
2531913863,5053485,3,pelvis,swing,-0.9280,-0.2042,0.1570,56.8237,-64.8804,5.7373,t008,FJTB
2531913863,5053501,3,pelvis,swing,-0.9216,-0.2736,0.1218,56.8848,-62.7441,3.4180,t008,FJTB
2531913864,5053517,3,pelvis,loading,-0.9093,-0.2904,0.0879,52.0630,-59.2651,-0.9766,t008,FJTB
2531913864,5053533,3,pelvis,loading,-0.9169,-0.3507,0.1272,49.6216,-58.8379,-1.8921,t008,FJTB
2531913921,5053549,3,pelvis,loading,-0.9186,-0.3751,0.1497,44.9829,-54.2603,3.6011,t008,FJTB
2531913922,5053565,3,pelvis,loading,-0.8984,-0.3278,0.1083,44.2505,-48.3398,8.8501,t008,FJTB
2531913924,5053581,3,pelvis,loading,-0.9020,-0.2789,0.1211,43.9453,-46.5698,10.4980,t008,FJTB
2531913925,5053597,3,pelvis,loading,-0.9348,-0.2832,0.1031,45.7764,-46.6309,10.8643,t008,FJTB
2531913986,5053613,3,pelvis,loading,-1.0024,-0.2343,-0.0168,48.7671,-48.6450,8.1787,t008,FJTB
2531913986,5053629,3,pelvis,loading,-1.0129,-0.1857,-0.0306,52.7954,-48.2178,0.9155,t008,FJTB
2531913986,5053645,3,pelvis,loading,-0.9922,-0.1719,0.0507,53.7109,-44.1894,-1.4648,t008,FJTB
2531913986,5053661,3,pelvis,loading,-1.0129,-0.2507,0.1869,58.0444,-36.5601,-1.7090,t008,FJTB
2531914044,5053677,3,pelvis,loading,-1.0477,-0.2961,0.2430,70.9229,-31.3110,2.0142,t008,FJTB
2531914045,5053693,3,pelvis,loading,-1.1165,-0.3523,0.2903,80.2612,-29.0527,2.6855,t008,FJTB
2531914045,5053709,3,pelvis,loading,-1.1399,-0.3639,0.3336,87.2192,-24.3530,-1.7090,t008,FJTB
2531914045,5053725,3,pelvis,loading,-1.1975,-0.3889,0.5024,80.2002,-20.1416,-5.9204,t008,FJTB
2531914104,5053741,3,pelvis,loading,-1.2529,-0.3367,0.7338,50.9033,-2.0752,-16.9067,t008,FJTB
2531914104,5053757,3,pelvis,loading,-1.3002,-0.2383,0.8586,19.2871,30.8228,-31.9214,t008,FJTB
2531914105,5053773,3,pelvis,midstance,-1.4021,0.0305,0.8564,7.2021,55.6641,-42.1143,t008,FJTB
2531914120,5053789,3,pelvis,midstance,-1.3350,0.1343,0.6527,9.3994,92.2241,-48.5229,t008,FJTB
2531914164,5053805,3,pelvis,midstance,-1.1553,0.0575,0.3152,29.9072,95.1538,-44.4946,t008,FJTB
2531914165,5053821,3,pelvis,midstance,-1.2843,-0.3348,0.0238,98.2056,99.4873,-38.2080,t008,FJTB
2531914166,5053837,3,pelvis,midstance,-1.4409,-0.4115,-0.1509,126.7090,110.3516,-30.3345,t008,FJTB
2531914227,5053853,3,pelvis,midstance,-1.6244,-0.2902,-0.3329,109.6802,117.3096,-23.4985,t008,FJTB
2531914227,5053869,3,pelvis,midstance,-1.6022,-0.2836,-0.3633,46.0815,142.8833,-9.4604,t008,FJTB
2531914228,5053885,3,pelvis,midstance,-1.4386,-0.4329,-0.3813,11.6577,157.7759,-0.1221,t008,FJTB
2531914268,5053901,3,pelvis,midstance,-1.3280,-0.4385,-0.3604,-43.1519,170.5322,12.5122,t008,FJTB
2531914284,5053917,3,pelvis,midstance,-1.1687,-0.2803,-0.1814,-73.9746,160.2173,4.8218,t008,FJTB
2531914286,5053933,3,pelvis,midstance,-1.1293,-0.2527,-0.0875,-76.9043,155.6396,-1.2207,t008,FJTB
2531914287,5053949,3,pelvis,midstance,-1.1202,-0.2738,-0.1505,-77.5757,146.0571,-1.0376,t008,FJTB
2531914287,5053965,3,pelvis,midstance,-1.0563,-0.2437,-0.2462,-78.9185,142.6392,3.4180,t008,FJTB
2531914350,5053981,3,pelvis,midstance,-0.9725,-0.2102,-0.2902,-76.2329,139.5264,11.7187,t008,FJTB
2531914351,5053997,3,pelvis,midstance,-0.9274,-0.2249,-0.3170,-78.9795,136.2915,18.1885,t008,FJTB
2531914351,5054013,3,pelvis,midstance,-0.8297,-0.2219,-0.3079,-84.1064,132.3242,18.7988,t008,FJTB
2531914352,5054029,3,pelvis,midstance,-0.7773,-0.2063,-0.2708,-86.9141,118.2251,16.3574,t008,FJTB
2531914410,5054045,3,pelvis,midstance,-0.6888,-0.1882,-0.1715,-82.8857,107.1167,17.0288,t008,FJTB
2531914412,5054061,3,pelvis,midstance,-0.6588,-0.1823,-0.1179,-69.5190,85.0220,27.2827,t008,FJTB
2531914412,5054077,3,pelvis,terminal,-0.5988,-0.1501,-0.0731,-59.9365,74.4629,32.5928,t008,FJTB
2531914413,5054093,3,pelvis,terminal,-0.6355,-0.1296,-0.0422,-41.8091,54.1382,32.2266,t008,FJTB
2531914476,5054109,3,pelvis,terminal,-0.6708,-0.1149,-0.0237,-37.2925,40.5884,27.2217,t008,FJTB
2531914477,5054125,3,pelvis,terminal,-0.6804,-0.0227,0.0599,-40.6494,36.4380,25.6958,t008,FJTB
2531914477,5054141,3,pelvis,terminal,-0.6498,0.0345,0.1144,-49.5605,26.1230,22.0337,t008,FJTB
2531914477,5054157,3,pelvis,terminal,-0.6162,0.1250,0.3263,-52.4902,19.4092,21.4233,t008,FJTB
2531914539,5054173,3,pelvis,terminal,-0.6055,0.0856,0.5463,-47.9126,11.1694,14.8926,t008,FJTB
2531914540,5054189,3,pelvis,terminal,-0.6106,0.0260,0.6387,-32.1655,5.1270,5.7983,t008,FJTB
2531914540,5054204,3,pelvis,terminal,-0.6597,-0.0616,0.7977,-25.2686,4.6997,5.3711,t008,FJTB
2531914540,5054220,3,pelvis,terminal,-0.7191,-0.1146,0.8685,-19.5313,9.5215,11.2305,t008,FJTB
2531914603,5054236,3,pelvis,terminal,-0.8108,-0.2408,1.0349,-20.6909,12.5122,16.7236,t008,FJTB
2531914603,5054252,3,pelvis,terminal,-0.7694,-0.2465,1.0723,-19.1040,20.6909,23.4375,t008,FJTB
2531914604,5054268,3,pelvis,terminal,-0.6793,-0.1832,1.0087,-13.4888,22.6440,20.0806,t008,FJTB
2531914604,5054284,3,pelvis,terminal,-0.7272,-0.1307,0.9470,-4.8828,24.5972,9.2773,t008,FJTB
2531914662,5054300,3,pelvis,terminal,-0.7417,-0.1544,0.8734,-0.2441,31.7993,6.4087,t008,FJTB
2531914662,5054316,3,pelvis,swing,-0.7104,-0.2462,0.6769,0.5493,31.4331,9.5825,t008,FJTB
2531914663,5054332,3,pelvis,swing,-0.6683,-0.2888,0.5713,-5.4321,20.4468,18.3716,t008,FJTB
2531914667,5054348,3,pelvis,swing,-0.6168,-0.3522,0.4626,-13.9770,13.6719,22.5830,t008,FJTB
2531914730,5054364,3,pelvis,swing,-0.4866,-0.3583,0.2375,-42.2974,8.0566,28.2593,t008,FJTB
2531914730,5054380,3,pelvis,swing,-0.4174,-0.3506,0.0281,-73.9136,-28.4424,32.5928,t008,FJTB
2531914731,5054396,3,pelvis,swing,-0.8066,-0.3542,0.1908,-86.5478,-55.9692,34.1187,t008,FJTB
2531914731,5054412,3,pelvis,swing,-1.3777,-0.3975,0.9019,-114.1968,-44.3115,46.2646,t008,FJTB
2531914790,5054428,3,pelvis,swing,-2.4487,-0.5697,1.7721,-131.4697,0.0610,55.7251,t008,FJTB
2531914791,5054444,3,pelvis,swing,-1.2524,0.3040,0.0017,-169.9219,-3.0518,49.8047,t008,FJTB
2531914793,5054460,3,pelvis,swing,-0.8135,0.6659,-0.5713,-112.3657,-71.2891,53.8940,t008,FJTB
2531914855,5054476,3,pelvis,swing,-0.4304,0.8811,-0.1865,-44.9219,-83.5571,61.1572,t008,FJTB
2531914856,5054492,3,pelvis,swing,-0.2620,0.8346,0.0178,84.8999,-58.2886,30.5176,t008,FJTB
2531914857,5054508,3,pelvis,swing,-0.5668,0.0144,-0.1947,118.1030,-50.9644,6.1646,t008,FJTB
2531914857,5054524,3,pelvis,swing,-1.1594,-0.9028,0.0052,121.0327,-66.4063,3.6011,t008,FJTB
2531914916,5054540,3,pelvis,swing,-1.4258,-0.9476,0.2137,87.2803,-62.9883,32.6538,t008,FJTB
2531914916,5054556,3,pelvis,swing,-1.2944,-0.4786,0.3890,62.7441,-56.5796,35.4614,t008,FJTB
2531914918,5054572,3,pelvis,swing,-1.0203,-0.4030,0.3617,15.2588,-55.3589,19.5313,t008,FJTB
2531914919,5054588,3,pelvis,swing,-0.7935,-0.3507,0.2999,-2.1362,-62.2559,16.2964,t008,FJTB
2531914983,5054604,3,pelvis,swing,-0.7817,-0.2914,0.2926,-17.3950,-68.1152,19.2261,t008,FJTB
2531914984,5054620,3,pelvis,swing,-0.7179,-0.1400,0.2482,-15.5029,-65.2466,19.5313,t008,FJTB
2531914984,5054636,3,pelvis,swing,-0.7256,-0.0864,0.2552,-1.2207,-63.7817,17.0288,t008,FJTB
2531914984,5054652,3,pelvis,swing,-0.8140,-0.1251,0.2762,20.6299,-69.2139,16.3574,t008,FJTB
2531915044,5054668,3,pelvis,swing,-1.0159,-0.1705,0.3158,33.5083,-70.6787,16.7847,t008,FJTB
2531915045,5054684,3,pelvis,loading,-1.0740,-0.1870,0.3145,55.6030,-69.0308,17.3950,t008,FJTB
2531915045,5054700,3,pelvis,loading,-1.0389,-0.2441,0.2808,59.9365,-65.8569,17.5171,t008,FJTB
2531915046,5054716,3,pelvis,loading,-0.8562,-0.3407,0.2029,58.2886,-58.7158,13.1836,t008,FJTB
2531915052,5054732,3,pelvis,loading,-0.7753,-0.3691,0.1696,52.0630,-59.0820,5.5542,t008,FJTB
2531915114,5054748,3,pelvis,loading,-0.7584,-0.3715,0.1989,47.4853,-62.1948,4.0894,t008,FJTB
2531915115,5054764,3,pelvis,loading,-0.8093,-0.3530,0.2280,37.5977,-65.8569,4.4556,t008,FJTB
2531915115,5054780,3,pelvis,loading,-0.9431,-0.3341,0.2363,35.7056,-66.4673,5.3101,t008,FJTB
2531915116,5054796,3,pelvis,loading,-0.9877,-0.2705,0.2271,33.6914,-65.0635,8.3008,t008,FJTB
2531915177,5054812,3,pelvis,loading,-0.9642,-0.2384,0.2162,32.4097,-58.8989,5.8594,t008,FJTB
2531915180,5054828,3,pelvis,loading,-0.9000,-0.2183,0.1487,32.8979,-56.8237,3.4790,t008,FJTB
2531915180,5054844,3,pelvis,loading,-0.8813,-0.2205,0.1204,35.3394,-58.6548,1.6479,t008,FJTB
2531915180,5054860,3,pelvis,loading,-0.8910,-0.2185,0.1014,36.2549,-62.0117,2.3804,t008,FJTB
2531915244,5054876,3,pelvis,loading,-0.9296,-0.2059,0.0760,40.4663,-71.1670,5.7373,t008,FJTB
2531915244,5054892,3,pelvis,loading,-0.9420,-0.2023,0.0625,48.6450,-80.4443,7.6904,t008,FJTB
2531915244,5054908,3,pelvis,loading,-0.9475,-0.2281,0.0604,50.5371,-81.6040,8.4229,t008,FJTB
2531915244,5054924,3,pelvis,loading,-0.9303,-0.2479,0.0602,50.0488,-78.6743,6.3477,t008,FJTB
2531915303,5054940,3,pelvis,loading,-0.9021,-0.3644,0.1145,47.1802,-75.7446,3.4180,t008,FJTB
2531915305,5054956,3,pelvis,loading,-0.9097,-0.4539,0.1958,34.6069,-65.1855,0.7324,t008,FJTB
2531915306,5054972,3,pelvis,loading,-0.9415,-0.4452,0.2546,25.7568,-52.6733,3.5400,t008,FJTB
2531915307,5054988,3,pelvis,loading,-0.9899,-0.3618,0.2587,27.5879,-45.8984,5.0049,t008,FJTB
2531915369,5055004,3,pelvis,loading,-0.9766,-0.2738,0.1512,48.2178,-40.8936,4.9438,t008,FJTB
2531915369,5055020,3,pelvis,loading,-0.9301,-0.0903,-0.0046,59.1431,-41.8701,4.6387,t008,FJTB
2531915370,5055036,3,pelvis,midstance,-0.9144,-0.0681,-0.0198,71.8994,-43.3960,5.2490,t008,FJTB
2531915371,5055052,3,pelvis,midstance,-0.9246,-0.1537,-0.0627,76.2939,-43.2739,4.2114,t008,FJTB
2531915429,5055068,3,pelvis,midstance,-0.9340,-0.2213,-0.0610,81.6650,-42.9077,-0.1831,t008,FJTB
2531915431,5055084,3,pelvis,midstance,-0.9561,-0.2467,-0.0254,88.0127,-43.7622,-3.9673,t008,FJTB
2531915432,5055100,3,pelvis,midstance,-1.0029,-0.3224,0.0880,90.3320,-43.0298,-4.2114,t008,FJTB
2531915481,5055116,3,pelvis,midstance,-1.0315,-0.3799,0.1473,90.5151,-43.8843,-6.7749,t008,FJTB
2531915495,5055132,3,pelvis,midstance,-1.1595,-0.5596,0.2866,89.2334,-47.7905,-8.1787,t008,FJTB
2531915495,5055148,3,pelvis,midstance,-1.3390,-0.6230,0.6021,73.8525,-42.5415,-12.0239,t008,FJTB
2531915496,5055164,3,pelvis,midstance,-1.3746,-0.6073,0.7478,39.0015,-6.0425,-16.9678,t008,FJTB
2531915553,5055180,3,pelvis,midstance,-1.3619,-0.4392,0.9866,18.5547,19.1040,-20.2637,t008,FJTB
2531915553,5055196,3,pelvis,midstance,-1.3506,-0.1925,1.0184,-14.8315,78.8574,-36.8652,t008,FJTB
2531915553,5055212,3,pelvis,midstance,-1.2062,0.3514,0.7878,-19.2871,104.1260,-47.3633,t008,FJTB
2531915556,5055228,3,pelvis,midstance,-0.9797,0.2074,0.2999,14.8926,115.6006,-52.0019,t008,FJTB
2531915619,5055244,3,pelvis,midstance,-1.0302,-0.1113,0.0718,91.2476,100.2197,-44.5557,t008,FJTB
2531915620,5055260,3,pelvis,midstance,-1.3982,-0.4054,-0.3121,117.0654,101.4404,-39.8560,t008,FJTB
2531915620,5055276,3,pelvis,midstance,-1.5721,-0.2936,-0.3855,110.3516,114.8071,-28.5645,t008,FJTB
2531915679,5055292,3,pelvis,midstance,-1.6987,-0.1919,-0.3870,84.5337,126.5259,-19.8975,t008,FJTB
2531915679,5055308,3,pelvis,midstance,-1.4918,-0.4233,-0.3810,14.8926,158.7524,5.4932,t008,FJTB
2531915680,5055324,3,pelvis,terminal,-1.3479,-0.4927,-0.3433,-34.0576,177.5513,24.1089,t008,FJTB
2531915680,5055340,3,pelvis,terminal,-1.1349,-0.3907,-0.2040,-50.7812,172.7295,22.9492,t008,FJTB
2531915680,5055356,3,pelvis,terminal,-1.0867,-0.3253,-0.1594,-71.3501,150.5127,9.8877,t008,FJTB
2531915751,5055372,3,pelvis,terminal,-1.0515,-0.2892,-0.1904,-76.5991,140.9912,5.6763,t008,FJTB
2531915751,5055388,3,pelvis,terminal,-1.0321,-0.2667,-0.2603,-82.7637,130.5542,4.0894,t008,FJTB
2531915752,5055404,3,pelvis,terminal,-1.0353,-0.2617,-0.2733,-85.8154,125.4272,9.0332,t008,FJTB
2531915752,5055420,3,pelvis,terminal,-1.0172,-0.3131,-0.2988,-89.7217,126.0986,12.8784,t008,FJTB
2531915804,5055436,3,pelvis,terminal,-0.9753,-0.3400,-0.3237,-109.1309,128.6011,19.6533,t008,FJTB
2531915813,5055452,3,pelvis,terminal,-0.8503,-0.3131,-0.2799,-119.9951,126.6479,21.1182,t008,FJTB
2531915816,5055468,3,pelvis,terminal,-0.7148,-0.2080,-0.1753,-132.0801,111.3892,22.2168,t008,FJTB
2531915816,5055484,3,pelvis,terminal,-0.6610,-0.1655,-0.1094,-120.7275,91.1255,32.0435,t008,FJTB
2531915828,5055500,3,pelvis,terminal,-0.5781,-0.1100,-0.0518,-104.9194,83.3130,40.1611,t008,FJTB
2531915881,5055516,3,pelvis,terminal,-0.5548,-0.0723,-0.0377,-66.7725,64.2700,44.7388,t008,FJTB
2531915882,5055532,3,pelvis,terminal,-0.5724,-0.0459,-0.0006,-52.2461,53.4668,40.8936,t008,FJTB
2531915882,5055548,3,pelvis,terminal,-0.5929,-0.0409,0.0286,-45.9595,30.8228,37.7197,t008,FJTB
2531915942,5055564,3,pelvis,terminal,-0.5920,0.0061,0.1027,-51.5137,22.2168,36.4990,t008,FJTB
2531915945,5055580,3,pelvis,terminal,-0.5972,0.0563,0.1780,-66.8945,9.7656,31.1279,t008,FJTB
2531915945,5055596,3,pelvis,terminal,-0.5925,0.1251,0.2504,-79.3457,-3.7231,26.3672,t008,FJTB
2531915946,5055612,3,pelvis,terminal,-0.6127,0.1694,0.5863,-79.5288,-7.5073,19.6533,t008,FJTB
2531916003,5055628,3,pelvis,terminal,-0.6365,0.1110,0.7570,-55.1758,6.4697,9.1553,t008,FJTB
2531916011,5055643,3,pelvis,terminal,-0.7173,-0.0721,0.9470,-32.7148,16.4185,10.0708,t008,FJTB
2531916011,5055659,3,pelvis,terminal,-0.8431,-0.2194,1.0767,13.3057,28.7476,25.8179,t008,FJTB
2531916011,5055675,3,pelvis,swing,-0.8617,-0.2214,1.0870,56.0913,22.3389,44.9829,t008,FJTB
2531916012,5055691,3,pelvis,swing,-0.8472,-0.0673,1.1022,75.9888,12.8784,47.0581,t008,FJTB
2531916073,5055707,3,pelvis,swing,-0.8195,-0.0614,1.0736,100.8911,15.5640,27.5269,t008,FJTB
2531916074,5055723,3,pelvis,swing,-0.7010,-0.3948,0.8835,98.7549,26.3672,17.0288,t008,FJTB
2531916074,5055738,3,pelvis,swing,-0.6488,-0.6077,0.7484,60.1196,35.8887,19.6533,t008,FJTB
2531916074,5055754,3,pelvis,swing,-0.5424,-0.8232,0.5244,25.3296,33.2031,27.8320,t008,FJTB
2531916142,5055770,3,pelvis,swing,-0.2892,-0.6956,0.2538,-60.4248,22.8271,40.0391,t008,FJTB
2531916143,5055786,3,pelvis,swing,-0.1195,-0.5776,-0.0206,-127.8686,-24.8413,36.1938,t008,FJTB
2531916143,5055802,3,pelvis,swing,-0.1650,-0.2993,-0.3616,-141.7236,-67.9932,29.6020,t008,FJTB
2531916144,5055818,3,pelvis,swing,-0.6747,-0.1344,-0.0291,-150.6958,-113.2812,11.8408,t008,FJTB
2531916205,5055834,3,pelvis,swing,-3.0612,-0.1031,2.1154,-173.4619,-68.5425,15.5029,t008,FJTB
2531916207,5055850,3,pelvis,swing,-2.3617,0.0905,1.0891,-262.7563,42.4194,42.1143,t008,FJTB
2531916207,5055866,3,pelvis,swing,-1.2102,0.6060,-0.0502,-217.8345,-29.3579,53.2227,t008,FJTB
2531916208,5055882,3,pelvis,swing,-0.3798,0.9719,-0.5695,-101.0132,-65.5518,59.0210,t008,FJTB
2531916274,5055898,3,pelvis,swing,-0.2362,0.8358,-0.4402,121.2768,-43.5791,24.9023,t008,FJTB
2531916275,5055914,3,pelvis,swing,-0.2319,-0.2277,-0.6750,178.7720,-24.2920,-1.5869,t008,FJTB
2531916275,5055930,3,pelvis,swing,-0.4532,-0.6539,-0.6014,180.8472,-68.0542,5.0049,t008,FJTB
2531916276,5055946,3,pelvis,swing,-0.9789,-0.7961,-0.1122,164.1235,-84.6558,15.9302,t008,FJTB
2531916339,5055962,3,pelvis,swing,-1.5383,-0.5566,0.0718,112.0605,-82.7637,19.8364,t008,FJTB
2531916340,5055978,3,pelvis,swing,-1.6273,-0.5714,0.2343,35.0952,-75.0122,13.0005,t008,FJTB
2531916341,5055994,3,pelvis,swing,-1.1741,-0.5125,0.2859,-5.4932,-71.9604,12.8784,t008,FJTB
2531916408,5056010,3,pelvis,swing,-0.9521,-0.3622,0.2365,-51.3306,-81.2988,20.3247,t008,FJTB
2531916409,5056026,3,pelvis,swing,-0.7848,-0.0260,0.1830,-44.8608,-83.8623,20.9351,t008,FJTB
2531916409,5056042,3,pelvis,swing,-0.7533,0.0337,0.2555,9.1553,-76.2939,12.3291,t008,FJTB
2531916410,5056058,3,pelvis,swing,-0.7587,-0.0446,0.1885,47.8516,-51.3306,-2.0142,t008,FJTB
2531916474,5056074,3,pelvis,swing,-0.8781,-0.3180,-0.0892,33.5083,-69.3359,8.3008,t008,FJTB
2531916475,5056090,3,pelvis,loading,-1.0076,-0.2958,0.1097,6.1646,-105.5908,40.0391,t008,FJTB
2531916475,5056106,3,pelvis,loading,-1.0704,-0.1421,0.4075,17.0898,-87.6465,33.5693,t008,FJTB
2531916476,5056121,3,pelvis,loading,-0.9686,-0.2418,0.3088,53.4058,-57.0068,9.3384,t008,FJTB
2531916476,5056137,3,pelvis,loading,-0.8993,-0.2822,0.3174,75.1343,-61.4014,7.2632,t008,FJTB
2531916542,5056153,3,pelvis,loading,-0.8046,-0.3225,0.3374,82.0923,-63.3545,7.0190,t008,FJTB
2531916543,5056169,3,pelvis,loading,-0.7970,-0.3385,0.3313,86.6089,-63.8428,6.2256,t008,FJTB
2531916543,5056185,3,pelvis,loading,-0.8458,-0.3179,0.2521,83.5571,-63.6597,6.7749,t008,FJTB
2531916544,5056201,3,pelvis,loading,-0.8928,-0.3008,0.2183,73.6694,-66.0400,6.5918,t008,FJTB
2531916544,5056217,3,pelvis,loading,-0.9624,-0.3293,0.1566,66.4673,-63.9038,6.8359,t008,FJTB
2531916609,5056233,3,pelvis,loading,-0.9363,-0.3540,0.0797,49.7436,-52.6123,8.1787,t008,FJTB
2531916609,5056249,3,pelvis,loading,-0.8959,-0.3345,0.0547,36.3159,-44.5557,6.2256,t008,FJTB
2531916610,5056265,3,pelvis,loading,-0.8530,-0.2540,0.0385,32.7148,-45.6543,4.1504,t008,FJTB
2531916611,5056281,3,pelvis,loading,-0.8666,-0.2189,0.0415,28.6255,-56.0913,2.0752,t008,FJTB
2531916677,5056297,3,pelvis,loading,-0.8906,-0.2078,0.0651,29.1138,-62.8052,2.5024,t008,FJTB
2531916678,5056312,3,pelvis,loading,-0.8488,-0.2882,0.0902,38.0249,-75.1953,5.6763,t008,FJTB
2531916678,5056328,3,pelvis,loading,-0.8331,-0.3425,0.1135,50.6592,-76.2939,8.8501,t008,FJTB
2531916680,5056344,3,pelvis,midstance,-0.9092,-0.3959,0.1191,53.6499,-71.9604,6.1035,t008,FJTB
2531916680,5056360,3,pelvis,midstance,-0.9771,-0.4023,0.1475,44.7388,-62.7441,3.2959,t008,FJTB
2531916743,5056376,3,pelvis,midstance,-1.0052,-0.2421,0.1823,41.2598,-55.4199,6.0425,t008,FJTB
2531916745,5056392,3,pelvis,midstance,-0.9869,-0.1552,0.1815,50.1709,-47.6074,6.5308,t008,FJTB
2531916746,5056408,3,pelvis,midstance,-0.9695,-0.0828,0.2041,61.0352,-45.9595,6.1035,t008,FJTB
2531916746,5056424,3,pelvis,midstance,-0.9878,-0.0854,0.1923,86.9751,-40.4663,4.0894,t008,FJTB
2531916811,5056439,3,pelvis,midstance,-1.0270,-0.1245,0.1885,104.3701,-33.8135,0.8545,t008,FJTB
2531916811,5056455,3,pelvis,midstance,-1.0771,-0.1476,0.3179,105.8350,-31.0059,1.2817,t008,FJTB
2531916812,5056471,3,pelvis,midstance,-1.1083,-0.2111,0.4305,111.8774,-22.9492,-6.5918,t008,FJTB
2531916812,5056487,3,pelvis,midstance,-1.1913,-0.3553,0.7361,112.9761,-17.1509,-10.6201,t008,FJTB
2531916874,5056503,3,pelvis,midstance,-1.3044,-0.2415,1.0439,91.0644,10.3760,-19.7754,t008,FJTB
2531916874,5056519,3,pelvis,midstance,-1.3715,-0.0759,1.1167,52.8564,62.5000,-43.6401,t008,FJTB
2531916875,5056535,3,pelvis,midstance,-1.4396,0.2709,0.9188,43.4570,90.5151,-60.9741,t008,FJTB
2531916876,5056551,3,pelvis,midstance,-1.3949,0.2758,0.6124,78.4302,116.0889,-82.2754,t008,FJTB
2531916942,5056567,3,pelvis,midstance,-1.3727,-0.1501,0.0187,119.0185,109.8022,-77.6978,t008,FJTB
2531916942,5056583,3,pelvis,midstance,-1.4972,-0.3760,-0.1899,182.7392,106.4453,-47.7905,t008,FJTB
2531916943,5056599,3,pelvis,midstance,-1.7758,-0.4152,-0.4580,187.4389,117.1875,-35.2173,t008,FJTB
2531916943,5056615,3,pelvis,midstance,-1.7269,-0.3027,-0.5225,134.1553,149.7192,-13.3057,t008,FJTB
2531917005,5056631,3,pelvis,midstance,-1.6196,-0.3406,-0.4978,47.7295,179.8096,15.4419,t008,FJTB
2531917006,5056647,3,pelvis,terminal,-1.4141,-0.4668,-0.3716,15.8081,188.1714,26.3062,t008,FJTB
2531917006,5056662,3,pelvis,terminal,-1.3289,-0.4369,-0.2629,-24.1699,186.0351,30.0293,t008,FJTB
2531917006,5056678,3,pelvis,terminal,-1.1663,-0.2937,-0.1871,-35.3394,180.1147,20.3857,t008,FJTB
2531917080,5056694,3,pelvis,terminal,-1.0276,-0.2507,-0.2352,-50.1099,155.2734,0.8545,t008,FJTB
2531917081,5056710,3,pelvis,terminal,-0.9872,-0.2310,-0.2623,-70.3735,134.5825,-1.3428,t008,FJTB
2531917081,5056726,3,pelvis,terminal,-0.9426,-0.2280,-0.3096,-79.1016,127.0142,2.1362,t008,FJTB
2531917082,5056742,3,pelvis,terminal,-0.9270,-0.2495,-0.3276,-95.7642,116.6992,16.7236,t008,FJTB
2531917082,5056758,3,pelvis,terminal,-0.8489,-0.2611,-0.4033,-110.0464,116.4551,22.3999,t008,FJTB
2531917147,5056774,3,pelvis,terminal,-0.7732,-0.2395,-0.3325,-143.9209,119.7510,24.1089,t008,FJTB
2531917149,5056790,3,pelvis,terminal,-0.7427,-0.2305,-0.2545,-155.7007,120.6665,19.9585,t008,FJTB
2531917149,5056806,3,pelvis,terminal,-0.6086,-0.1035,-0.1128,-148.1934,113.6475,20.1416,t008,FJTB
2531917150,5056822,3,pelvis,terminal,-0.5645,-0.0244,-0.0592,-110.2905,85.4492,25.0244,t008,FJTB
2531917218,5056838,3,pelvis,terminal,-0.5782,0.0206,0.0067,-87.7685,69.4580,31.2500,t008,FJTB
2531917219,5056854,3,pelvis,terminal,-0.6163,-0.0382,0.0070,-43.5791,42.3584,39.4287,t008,FJTB
2531917219,5056870,3,pelvis,terminal,-0.6776,-0.1830,0.0592,-24.5361,32.5317,42.7856,t008,FJTB
2531917285,5056886,3,pelvis,terminal,-0.6458,-0.1395,0.1245,-0.9766,27.8320,42.2363,t008,FJTB
2531917286,5056902,3,pelvis,terminal,-0.6329,-0.1315,0.1760,-3.6011,26.9165,35.7666,t008,FJTB
2531917287,5056918,3,pelvis,terminal,-0.5886,-0.0548,0.3661,-9.4604,24.7192,35.5225,t008,FJTB
2531917288,5056934,3,pelvis,terminal,-0.5857,-0.0417,0.5444,-8.2397,18.6157,28.1372,t008,FJTB
2531917288,5056949,3,pelvis,terminal,-0.6711,-0.1770,0.9036,-2.6855,22.8271,24.5361,t008,FJTB
2531917288,5056965,3,pelvis,terminal,-0.6718,-0.2750,0.9736,4.8218,24.8413,29.2358,t008,FJTB
2531917356,5056981,3,pelvis,terminal,-0.6935,-0.2476,0.9775,-6.0425,11.0474,46.3257,t008,FJTB
2531917357,5056997,3,pelvis,terminal,-0.7107,-0.2240,0.9603,-11.9629,7.5073,51.8799,t008,FJTB
2531917358,5057013,3,pelvis,terminal,-0.6874,-0.2727,0.9597,-24.9023,2.1362,52.6733,t008,FJTB
2531917422,5057029,3,pelvis,terminal,-0.6230,-0.3354,0.9883,-32.5928,0.2441,47.4853,t008,FJTB
2531917423,5057045,3,pelvis,terminal,-0.5779,-0.3630,0.9299,-43.8232,8.2397,31.9824,t008,FJTB
2531917423,5057061,3,pelvis,terminal,-0.4939,-0.4187,0.7651,-54.4434,12.8784,27.6489,t008,FJTB
2531917423,5057077,3,pelvis,terminal,-0.4813,-0.5018,0.8680,-84.1675,24.8413,23.4985,t008,FJTB
2531917424,5057092,3,pelvis,terminal,-0.4491,-0.6416,0.7275,-112.6709,10.1318,28.1982,t008,FJTB
2531917428,5057108,3,pelvis,terminal,-1.3239,-0.5695,0.8473,-134.5825,-30.0903,32.0435,t008,FJTB
2531917499,5057124,3,pelvis,terminal,-2.3907,-0.2085,1.0981,-211.5478,-54.0771,20.6299,t008,FJTB
2531917500,5057140,3,pelvis,terminal,-1.8258,0.4185,-0.1318,-238.8306,-18.5547,18.9209,t008,FJTB
2531917500,5057156,3,pelvis,terminal,-0.7651,0.7194,-0.6600,-172.9736,-18.9819,46.8750,t008,FJTB
2531917501,5057172,3,pelvis,terminal,-0.4435,0.8280,-0.3368,4.8828,-52.8564,67.2607,t008,FJTB
2531917567,5057188,3,pelvis,terminal,-0.3176,0.1505,-0.3621,78.6133,-49.4995,44.7388,t008,FJTB
2531917569,5057204,3,pelvis,terminal,-0.6195,-0.4062,-0.4871,127.9297,-65.4297,13.4277,t008,FJTB
2531917570,5057220,3,pelvis,terminal,-1.3907,-0.6211,0.0229,119.0796,-80.8716,22.0337,t008,FJTB
2531917571,5057236,3,pelvis,terminal,-1.6418,-0.4630,0.2036,105.9570,-66.6504,22.6440,t008,FJTB
2531917571,5057252,3,pelvis,terminal,-1.2898,-0.4407,0.2379,96.7407,-56.3354,18.9209,t008,FJTB
2531917642,5057268,3,pelvis,terminal,-0.8334,-0.6012,0.1141,55.5420,-62.8662,20.9961,t008,FJTB
2531917643,5057284,3,pelvis,terminal,-0.8271,-0.5920,0.0614,-14.4043,-79.1626,26.6724,t008,FJTB
2531917643,5057300,3,pelvis,terminal,-0.8694,-0.2769,0.1104,-41.5649,-84.5337,30.5176,t008,FJTB
2531917643,5057316,3,pelvis,terminal,-0.8542,-0.0488,0.2122,-45.4102,-85.6934,30.7617,t008,FJTB
2531917712,5057332,3,pelvis,terminal,-0.8511,0.0577,0.3064,-30.2734,-81.6650,26.9775,t008,FJTB
2531917713,5057347,3,pelvis,terminal,-0.9272,-0.0793,0.3286,1.3428,-75.6226,22.0947,t008,FJTB
2531917713,5057363,3,pelvis,terminal,-0.9520,-0.0991,0.3437,27.8931,-70.6177,18.3105,t008,FJTB
2531917784,5057379,3,pelvis,terminal,-0.9222,-0.1301,0.3788,37.2314,-67.9321,15.5029,t008,FJTB
2531917785,5057395,3,pelvis,terminal,-0.8939,-0.1733,0.3827,54.3213,-63.4155,8.8501,t008,FJTB
2531917785,5057411,3,pelvis,terminal,-0.8479,-0.2887,0.3263,63.4155,-62.7441,4.8218,t008,FJTB
2531917785,5057427,3,pelvis,terminal,-0.8445,-0.3221,0.2880,70.8618,-64.5752,3.1738,t008,FJTB
2531917848,5057443,3,pelvis,terminal,-0.8417,-0.2935,0.2228,68.9697,-66.9556,4.8218,t008,FJTB
2531917852,5057458,3,pelvis,terminal,-0.9034,-0.2695,0.2709,64.1479,-70.9229,5.4321,t008,FJTB
2531917853,5057474,3,pelvis,loading,-0.9274,-0.2452,0.2494,60.9131,-65.3076,3.2959,t008,FJTB
2531917853,5057490,3,pelvis,loading,-0.9567,-0.2771,0.2329,59.9365,-63.2324,0.7935,t008,FJTB
2531917854,5057506,3,pelvis,loading,-0.9482,-0.3142,0.2144,50.5371,-53.2227,-0.9766,t008,FJTB
2531917854,5057522,3,pelvis,loading,-0.8831,-0.3519,0.1598,43.9453,-49.8657,-1.0986,t008,FJTB
2531917857,5057538,3,pelvis,loading,-0.8737,-0.3402,0.1713,31.4331,-50.6592,-0.9766,t008,FJTB
2531917928,5057554,3,pelvis,loading,-0.8977,-0.3030,0.1853,22.1558,-52.6123,0.1221,t008,FJTB
2531917929,5057570,3,pelvis,loading,-0.9406,-0.2263,0.1902,21.3623,-52.7344,0.7935,t008,FJTB
2531917929,5057586,3,pelvis,loading,-0.9486,-0.1941,0.1757,27.5879,-52.5513,1.9531,t008,FJTB
2531917930,5057602,3,pelvis,loading,-0.9358,-0.1559,0.1082,33.4473,-52.5513,1.7700,t008,FJTB
2531917997,5057618,3,pelvis,loading,-0.9264,-0.1576,0.0769,47.2412,-53.5278,-0.3662,t008,FJTB
2531917998,5057634,3,pelvis,loading,-0.9147,-0.2104,0.0435,53.8940,-53.7720,-2.0752,t008,FJTB
2531918000,5057650,3,pelvis,loading,-0.8982,-0.3151,-0.0040,64.4531,-56.6406,-6.5308,t008,FJTB
2531918001,5057666,3,pelvis,loading,-0.8785,-0.3110,-0.0304,68.6035,-62.9883,-8.5449,t008,FJTB
2531918023,5057682,3,pelvis,loading,-0.9421,-0.3799,0.0594,68.9087,-63.7817,-9.4604,t008,FJTB
2531918070,5057698,3,pelvis,loading,-0.9326,-0.3511,0.0776,48.4009,-48.4619,2.2583,t008,FJTB
2531918071,5057714,3,pelvis,loading,-0.8945,-0.2384,0.0328,41.5039,-44.4336,3.6011,t008,FJTB
2531918071,5057730,3,pelvis,loading,-0.9174,-0.2681,-0.0050,47.5464,-48.8892,2.0752,t008,FJTB
2531918072,5057746,3,pelvis,loading,-0.9244,-0.2830,0.0135,56.3965,-51.8799,4.0894,t008,FJTB
2531918137,5057761,3,pelvis,loading,-0.9578,-0.3317,-0.0040,57.5561,-49.8657,3.4790,t008,FJTB
2531918138,5057777,3,pelvis,midstance,-0.9838,-0.3032,-0.0179,50.4150,-46.2036,0.7935,t008,FJTB
2531918138,5057794,3,pelvis,midstance,-0.9944,-0.2273,0.0410,46.5698,-45.1660,-0.0610,t008,FJTB
2531918138,5057810,3,pelvis,midstance,-0.9750,-0.2019,0.1077,54.0161,-45.9595,-2.9297,t008,FJTB
2531918210,5057825,3,pelvis,midstance,-0.9900,-0.2311,0.1455,72.9980,-52.1851,-5.2490,t008,FJTB
2531918210,5057841,3,pelvis,midstance,-1.0767,-0.4059,0.2473,79.4678,-53.4668,-6.9580,t008,FJTB
2531918211,5057857,3,pelvis,midstance,-1.1232,-0.5127,0.3030,83.8013,-48.2178,-11.9019,t008,FJTB
2531918211,5057873,3,pelvis,midstance,-1.2670,-0.6278,0.4712,77.9419,-42.7246,-14.9536,t008,FJTB
2531918211,5057889,3,pelvis,midstance,-1.4275,-0.4946,0.6996,41.8091,-19.7144,-19.4702,t008,FJTB
2531918276,5057905,3,pelvis,midstance,-1.4492,-0.2870,0.8063,-3.1128,26.3062,-19.8975,t008,FJTB
2531918277,5057921,3,pelvis,midstance,-1.3514,0.2870,0.8307,-14.2212,53.1006,-24.5972,t008,FJTB
2531918278,5057937,3,pelvis,midstance,-1.2382,0.4460,0.6449,9.3994,96.9238,-42.4805,t008,FJTB
2531918279,5057953,3,pelvis,midstance,-1.1047,0.1686,0.1404,46.7529,107.4829,-49.4995,t008,FJTB
2531918347,5057969,3,pelvis,midstance,-1.2013,-0.1274,-0.0206,123.7183,123.9624,-48.8892,t008,FJTB
2531918348,5057985,3,pelvis,midstance,-1.5453,-0.4148,-0.2831,136.2305,135.5591,-43.3960,t008,FJTB
2531918348,5058001,3,pelvis,midstance,-1.6307,-0.4795,-0.4397,90.5762,146.9116,-22.1558,t008,FJTB
2531918349,5058017,3,pelvis,midstance,-1.5793,-0.5225,-0.4421,7.4463,150.2075,3.4180,t008,FJTB
2531918414,5058033,3,pelvis,midstance,-1.3828,-0.4224,-0.3391,-24.9634,155.4565,14.7705,t008,FJTB
2531918415,5058049,3,pelvis,midstance,-1.2698,-0.2656,-0.2904,-62.7441,163.0249,20.2637,t008,FJTB
2531918486,5058065,3,pelvis,midstance,-1.1210,-0.0260,-0.2004,-72.9370,160.2783,11.9629,t008,FJTB
2531918486,5058081,3,pelvis,midstance,-1.1121,-0.0499,-0.1807,-77.4536,149.4751,-5.1270,t008,FJTB
2531918486,5058097,3,pelvis,terminal,-1.1028,-0.0869,-0.2068,-65.0635,143.3716,-4.2114,t008,FJTB
2531918486,5058113,3,pelvis,terminal,-1.0503,-0.1307,-0.2301,-54.2603,140.8691,-1.0986,t008,FJTB
2531918487,5058129,3,pelvis,terminal,-1.0222,-0.1637,-0.2291,-32.8369,137.5732,7.4463,t008,FJTB
2531918487,5058145,3,pelvis,terminal,-0.9730,-0.2428,-0.2806,-31.8603,135.9253,13.7329,t008,FJTB
2531918487,5058161,3,pelvis,terminal,-0.9003,-0.2686,-0.3022,-54.0161,129.8218,22.3389,t008,FJTB
2531918555,5058177,3,pelvis,terminal,-0.8470,-0.2745,-0.2955,-86.0596,118.4692,21.5454,t008,FJTB
2531918558,5058193,3,pelvis,terminal,-0.7266,-0.2350,-0.2064,-96.9849,109.3140,21.4844,t008,FJTB
2531918559,5058209,3,pelvis,terminal,-0.6948,-0.2014,-0.1406,-95.3369,85.5102,26.4893,t008,FJTB
2531918560,5058225,3,pelvis,terminal,-0.6863,-0.1660,-0.0513,-84.7778,74.3408,30.3955,t008,FJTB
2531918635,5058241,3,pelvis,terminal,-0.7158,-0.1691,-0.0490,-61.4014,61.2183,33.0200,t008,FJTB
2531918636,5058257,3,pelvis,terminal,-0.7349,-0.1616,-0.0659,-49.0112,51.8188,32.1655,t008,FJTB
2531918636,5058274,3,pelvis,terminal,-0.7438,-0.1083,-0.0105,-49.4995,44.3726,33.8745,t008,FJTB
2531918636,5058290,3,pelvis,terminal,-0.7230,-0.0537,0.0867,-56.1523,32.1045,35.5835,t008,FJTB
2531918637,5058306,3,pelvis,terminal,-0.6707,0.0312,0.3027,-58.2275,30.0293,32.4707,t008,FJTB
2531918703,5058321,3,pelvis,terminal,-0.6484,0.0592,0.4789,-62.0728,23.3765,25.1465,t008,FJTB
2531918705,5058337,3,pelvis,terminal,-0.6427,0.0952,0.5599,-65.3687,13.9160,13.6108,t008,FJTB
2531918706,5058353,3,pelvis,terminal,-0.6362,0.1941,0.6343,-61.9507,10.1318,4.3335,t008,FJTB
2531918707,5058369,3,pelvis,terminal,-0.6498,0.2069,0.6237,-50.1099,4.2114,-10.5591,t008,FJTB
2531918770,5058385,3,pelvis,terminal,-0.6842,0.0966,0.5791,-42.1143,1.4648,-11.9019,t008,FJTB
2531918778,5058401,3,pelvis,terminal,-0.6974,-0.0212,0.5833,-16.2354,-2.1973,-3.3569,t008,FJTB
2531918779,5058417,3,pelvis,terminal,-0.7394,-0.2406,0.6158,-5.2490,-2.2583,3.7231,t008,FJTB
2531918779,5058433,3,pelvis,terminal,-0.7843,-0.3026,0.7092,-9.6436,-2.9297,16.7847,t008,FJTB
2531918779,5058449,3,pelvis,terminal,-0.8135,-0.3037,0.8015,-34.6069,-6.9580,22.3389,t008,FJTB
2531918846,5058465,3,pelvis,terminal,-0.8683,-0.2393,1.0284,-40.5273,-3.8452,21.6675,t008,FJTB
2531918847,5058481,3,pelvis,swing,-0.8463,-0.1854,1.0170,-22.8271,12.8784,18.3105,t008,FJTB
2531918847,5058497,3,pelvis,swing,-0.7562,-0.1589,0.8323,-4.7607,15.5640,18.0054,t008,FJTB
2531918847,5058513,3,pelvis,swing,-0.7107,-0.2363,0.6428,19.9585,11.0474,21.8506,t008,FJTB
2531918850,5058529,3,pelvis,swing,-0.7076,-0.2803,0.5897,10.7422,10.4370,27.9541,t008,FJTB
2531918921,5058545,3,pelvis,swing,-0.6370,-0.3073,0.5256,-1.9531,15.5640,30.4565,t008,FJTB
2531918921,5058561,3,pelvis,swing,-0.5115,-0.2898,0.2981,-19.2871,1.1597,28.9917,t008,FJTB
2531918922,5058577,3,pelvis,swing,-0.6309,-0.1942,-0.0383,-31.1890,-39.5508,27.9541,t008,FJTB
2531918922,5058593,3,pelvis,swing,-1.9097,-0.0696,1.0349,-82.5195,-84.8389,34.1797,t008,FJTB
2531918989,5058609,3,pelvis,swing,-2.3872,-0.1876,1.4615,-138.3057,-2.4414,53.1006,t008,FJTB
2531918990,5058626,3,pelvis,swing,-1.4254,0.0737,0.6296,-151.1230,11.7187,53.4058,t008,FJTB
2531918992,5058641,3,pelvis,swing,-0.9261,0.3777,0.0654,-117.5537,-45.7764,32.0435,t008,FJTB
2531918992,5058658,3,pelvis,swing,-0.5868,0.5756,-0.3890,-72.8760,-69.5190,28.8086,t008,FJTB
2531918994,5058674,3,pelvis,swing,-0.4086,0.3531,-0.1205,26.7944,-77.5146,23.6816,t008,FJTB
2531919063,5058690,3,pelvis,swing,-0.4766,-0.0217,-0.1342,99.8535,-58.2886,11.7187,t008,FJTB
2531919064,5058706,3,pelvis,swing,-0.7831,-0.7389,-0.0492,113.7695,-60.7910,18.2495,t008,FJTB
2531919064,5058722,3,pelvis,swing,-0.9177,-0.7827,0.1144,111.0229,-70.2515,35.0952,t008,FJTB
2531919065,5058738,3,pelvis,swing,-1.1454,-0.5995,0.2626,97.9614,-71.8384,32.4097,t008,FJTB
2531919131,5058754,3,pelvis,swing,-1.1621,-0.5485,0.3516,32.4707,-66.1011,22.8271,t008,FJTB
2531919133,5058770,3,pelvis,swing,-1.0388,-0.4642,0.3668,-46.6309,-63.3545,25.4517,t008,FJTB
2531919134,5058786,3,pelvis,swing,-0.7915,-0.2354,0.3406,-64.8804,-64.0869,26.6113,t008,FJTB
2531919135,5058803,3,pelvis,swing,-0.7194,-0.1312,0.2997,-57.0679,-61.7676,26.0010,t008,FJTB
2531919205,5058818,3,pelvis,swing,-0.7081,0.0007,0.2811,-39.7949,-60.1196,25.5127,t008,FJTB
2531919206,5058835,3,pelvis,swing,-0.8823,0.1047,0.4790,12.8784,-50.0488,19.4702,t008,FJTB
2531919207,5058850,3,pelvis,swing,-0.9385,0.0858,0.3785,62.5000,-18.4326,-17.5781,t008,FJTB
2531919207,5058866,3,pelvis,swing,-1.0452,-0.2626,0.0586,58.6548,-28.7476,-20.9961,t008,FJTB
2531919258,5058882,3,pelvis,swing,-1.0692,-0.2733,0.0865,39.7339,-68.0542,9.5825,t008,FJTB
2531919274,5058898,3,pelvis,swing,-0.9747,-0.3435,0.1781,36.0718,-76.3550,23.3154,t008,FJTB
2531919275,5058914,3,pelvis,loading,-0.8431,-0.3293,0.1266,32.2876,-60.6079,20.3247,t008,FJTB
2531919275,5058930,3,pelvis,loading,-0.8365,-0.4004,0.0583,18.7988,-63.7207,9.3994,t008,FJTB
2531919276,5058946,3,pelvis,loading,-0.9208,-0.4127,0.0032,6.8970,-70.2515,16.4185,t008,FJTB
2531919281,5058962,3,pelvis,loading,-0.9325,-0.2407,0.1470,-0.1221,-76.1108,24.2310,t008,FJTB
2531919353,5058978,3,pelvis,loading,-0.9506,-0.1622,0.1622,10.0708,-60.3638,16.3574,t008,FJTB
2531919353,5058994,3,pelvis,loading,-0.9534,-0.1796,0.1451,17.7612,-48.8892,8.3008,t008,FJTB
2531919354,5059010,3,pelvis,loading,-0.9348,-0.1818,0.1578,24.8413,-49.0723,4.8828,t008,FJTB
2531919354,5059026,3,pelvis,loading,-0.9202,-0.1888,0.1544,30.0903,-49.6826,3.1738,t008,FJTB
2531919424,5059043,3,pelvis,loading,-0.9166,-0.1724,0.1373,38.3301,-53.4668,3.1738,t008,FJTB
2531919426,5059059,3,pelvis,loading,-0.9263,-0.1656,0.0781,41.1987,-56.4575,5.4321,t008,FJTB
2531919426,5059074,3,pelvis,loading,-0.9148,-0.1233,0.0647,44.7998,-62.9272,12.3291,t008,FJTB
2531919427,5059091,3,pelvis,loading,-0.9014,-0.1093,0.0660,49.6216,-62.6831,10.9253,t008,FJTB
2531919427,5059107,3,pelvis,loading,-0.8887,-0.1926,0.0485,52.4902,-62.4390,8.4839,t008,FJTB
2531919495,5059123,3,pelvis,loading,-0.8887,-0.2512,0.0516,56.0913,-60.1807,2.2583,t008,FJTB
2531919496,5059139,3,pelvis,loading,-0.8876,-0.3586,0.0138,55.8472,-59.0820,0.6104,t008,FJTB
2531919496,5059155,3,pelvis,loading,-0.9225,-0.3969,0.0280,53.3447,-61.0352,1.6479,t008,FJTB
2531919497,5059171,3,pelvis,loading,-0.9430,-0.3893,0.0477,51.2085,-60.9741,4.9438,t008,FJTB
2531919563,5059187,3,pelvis,loading,-0.9807,-0.3315,0.0781,48.9502,-58.7158,7.3242,t008,FJTB
2531919564,5059203,3,pelvis,midstance,-0.9806,-0.2692,0.0842,41.0767,-52.0630,12.5122,t008,FJTB
2531919565,5059219,3,pelvis,midstance,-0.9625,-0.1552,0.1250,42.0532,-51.0864,12.2681,t008,FJTB
2531919565,5059235,3,pelvis,midstance,-0.9591,-0.1460,0.1383,56.9458,-49.0723,5.6763,t008,FJTB
2531919634,5059251,3,pelvis,midstance,-0.9645,-0.1866,0.1289,64.6362,-46.8750,1.8921,t008,FJTB
2531919634,5059267,3,pelvis,midstance,-0.9691,-0.2848,0.1740,76.9043,-40.8325,-2.3804,t008,FJTB
2531919635,5059283,3,pelvis,midstance,-0.9952,-0.4012,0.2179,90.3320,-36.6211,-2.7466,t008,FJTB
2531919635,5059299,3,pelvis,midstance,-1.1200,-0.6799,0.2885,94.5434,-34.9731,-0.6714,t008,FJTB
2531919635,5059315,3,pelvis,midstance,-1.2012,-0.7485,0.3359,85.0830,-25.6958,1.1597,t008,FJTB
2531919701,5059331,3,pelvis,midstance,-1.3190,-0.6671,0.5880,68.2983,-14.8315,-0.1831,t008,FJTB
2531919701,5059347,3,pelvis,midstance,-1.3439,-0.3184,0.8475,18.1274,18.3716,-6.6528,t008,FJTB
2531919702,5059363,3,pelvis,midstance,-1.3798,-0.0210,0.9135,-21.4844,61.3403,-21.9116,t008,FJTB
2531919749,5059379,3,pelvis,midstance,-1.3015,0.6112,0.7823,-27.9541,86.6699,-34.6680,t008,FJTB
2531919769,5059396,3,pelvis,midstance,-1.1865,0.6771,0.5847,14.2822,114.5019,-62.2559,t008,FJTB
2531919769,5059412,3,pelvis,midstance,-1.1333,0.1614,0.1997,63.7817,114.6240,-63.8428,t008,FJTB
2531919770,5059428,3,pelvis,midstance,-1.3947,-0.2966,-0.1206,177.0019,117.7368,-44.4336,t008,FJTB
2531919770,5059444,3,pelvis,midstance,-1.5609,-0.3628,-0.2885,198.2422,133.3618,-23.6206,t008,FJTB
2531919835,5059460,3,pelvis,midstance,-1.7847,-0.3857,-0.4559,151.7944,137.7563,-7.2021,t008,FJTB
2531919835,5059476,3,pelvis,midstance,-1.7731,-0.4417,-0.4519,13.6719,161.4380,22.9492,t008,FJTB
2531919836,5059492,3,pelvis,midstance,-1.5408,-0.4576,-0.3828,-40.7715,172.5464,29.2969,t008,FJTB
2531919836,5059509,3,pelvis,midstance,-1.2482,-0.0925,-0.1725,-93.5059,176.3306,20.4468,t008,FJTB
2531919903,5059525,3,pelvis,midstance,-1.1680,0.0015,-0.1061,-78.7354,166.6260,-11.9019,t008,FJTB
2531919904,5059541,3,pelvis,midstance,-1.1451,-0.0319,-0.2020,-64.1479,159.4849,-21.6675,t008,FJTB
2531919905,5059557,3,pelvis,midstance,-1.1399,-0.0444,-0.2361,-46.2646,149.4751,-18.4326,t008,FJTB
2531919969,5059573,3,pelvis,midstance,-1.0330,-0.0792,-0.2732,-28.0151,146.6675,-4.8218,t008,FJTB
2531919969,5059589,3,pelvis,terminal,-0.9241,-0.1466,-0.3019,-24.7192,143.6768,2.5024,t008,FJTB
2531919970,5059606,3,pelvis,terminal,-0.8860,-0.1813,-0.2902,-31.5552,135.4980,13.8550,t008,FJTB
2531919970,5059622,3,pelvis,terminal,-0.7822,-0.2211,-0.2694,-39.7949,130.5542,17.0288,t008,FJTB
2531919971,5059638,3,pelvis,terminal,-0.6788,-0.2073,-0.2452,-56.6406,116.3940,18.9819,t008,FJTB
2531919973,5059654,3,pelvis,terminal,-0.6420,-0.1779,-0.2148,-62.5000,93.6279,18.5547,t008,FJTB
2531920044,5059670,3,pelvis,terminal,-0.6067,-0.1320,-0.1127,-58.1055,81.6650,20.0806,t008,FJTB
2531920045,5059686,3,pelvis,terminal,-0.5889,-0.0966,-0.0905,-34.7290,61.9507,22.8271,t008,FJTB
2531920046,5059702,3,pelvis,terminal,-0.5702,-0.1094,-0.0587,-21.9116,50.4761,18.6768,t008,FJTB
2531920046,5059719,3,pelvis,terminal,-0.5653,-0.1210,0.0638,-14.8315,26.3672,17.1509,t008,FJTB
2531920115,5059735,3,pelvis,terminal,-0.5521,-0.0586,0.1495,-24.1699,15.9302,16.7236,t008,FJTB
2531920117,5059751,3,pelvis,terminal,-0.5305,0.0640,0.3414,-28.0762,13.0615,14.1602,t008,FJTB
2531920117,5059767,3,pelvis,terminal,-0.5278,0.0685,0.4496,-30.1514,5.7983,8.7280,t008,FJTB
2531920117,5059783,3,pelvis,terminal,-0.5364,-0.0538,0.6532,-25.2686,1.4648,5.4932,t008,FJTB
2531920143,5059800,3,pelvis,terminal,-0.6786,-0.2627,0.8773,-6.5308,0.7935,0.9766,t008,FJTB
2531920188,5059816,3,pelvis,terminal,-0.7435,-0.2780,0.9174,2.4414,17.4561,10.3760,t008,FJTB
2531920189,5059832,3,pelvis,terminal,-0.7092,-0.0758,0.8912,2.8687,16.1133,13.7329,t008,FJTB
2531920189,5059848,3,pelvis,terminal,-0.6694,0.0282,0.9310,3.3569,-1.0986,8.8501,t008,FJTB
2531920256,5059863,3,pelvis,terminal,-0.6926,0.0566,1.1021,6.5918,-3.8452,2.6855,t008,FJTB
2531920256,5059879,3,pelvis,terminal,-0.7285,-0.1610,1.1173,23.3154,8.9722,-3.7842,t008,FJTB
2531920257,5059895,3,pelvis,swing,-0.6991,-0.3312,0.9794,36.1328,19.4092,3.1738,t008,FJTB
2531920258,5059912,3,pelvis,swing,-0.6997,-0.5463,0.6954,24.4751,16.1133,10.8032,t008,FJTB
2531920258,5059927,3,pelvis,swing,-0.6881,-0.5500,0.6238,-27.5269,3.4790,27.5879,t008,FJTB
2531920262,5059943,3,pelvis,swing,-0.6785,-0.5201,0.7000,-54.8096,1.8921,33.4473,t008,FJTB
2531920331,5059959,3,pelvis,swing,-0.7262,-0.6163,0.6361,-93.8721,6.9580,37.2314,t008,FJTB
2531920332,5059976,3,pelvis,swing,-1.0168,-0.5881,0.6460,-142.6392,-18.0054,37.9028,t008,FJTB
2531920332,5059992,3,pelvis,swing,-2.3295,-0.4498,1.2902,-174.8047,-28.9917,41.6260,t008,FJTB
2531920333,5060008,3,pelvis,swing,-2.1718,-0.3358,1.0197,-220.0928,2.1973,50.0488,t008,FJTB
2531920399,5060024,3,pelvis,swing,-0.8551,0.2131,-0.6163,-217.4072,-1.0986,44.5557,t008,FJTB
2531920402,5060040,3,pelvis,swing,-0.5288,1.0280,-0.4474,-138.3057,-57.9224,64.6362,t008,FJTB
2531920402,5060056,3,pelvis,swing,-0.2273,1.1995,-0.1411,12.7563,-61.8286,59.5703,t008,FJTB
2531920402,5060072,3,pelvis,swing,-0.4319,0.4563,-0.1453,79.7119,-53.4668,30.2734,t008,FJTB
2531920472,5060088,3,pelvis,swing,-0.7649,-0.1724,-0.2509,162.5976,-62.7441,-1.9531,t008,FJTB
2531920472,5060104,3,pelvis,swing,-1.4086,-0.8358,-0.0283,171.3867,-73.1812,3.2959,t008,FJTB
2531920473,5060121,3,pelvis,swing,-1.5546,-0.7610,0.1604,139.4043,-66.4063,13.9770,t008,FJTB
2531920473,5060137,3,pelvis,swing,-1.1624,-0.7777,0.1583,61.6455,-55.4810,14.1602,t008,FJTB
2531920474,5060152,3,pelvis,swing,-0.7466,-0.7823,0.0728,21.0571,-64.5752,15.8691,t008,FJTB
2531920539,5060168,3,pelvis,swing,-0.7980,-0.5775,0.0903,-46.2036,-82.4585,26.0010,t008,FJTB
2531920541,5060184,3,pelvis,swing,-0.8352,-0.0791,0.1904,-57.8003,-81.1157,27.0996,t008,FJTB
2531920542,5060200,3,pelvis,swing,-0.7822,0.0654,0.2344,-37.5977,-72.2046,20.0195,t008,FJTB
2531920543,5060216,3,pelvis,swing,-0.8291,-0.0198,0.2565,-15.5029,-70.3125,17.9443,t008,FJTB
2531920614,5060233,3,pelvis,swing,-0.9749,-0.2013,0.3019,-9.9487,-70.4346,20.7520,t008,FJTB
2531920615,5060248,3,pelvis,swing,-1.0297,-0.2286,0.3135,1.2207,-69.8242,24.5972,t008,FJTB
2531920615,5060264,3,pelvis,swing,-1.0640,-0.1544,0.3341,7.7515,-69.4580,24.7192,t008,FJTB
2531920615,5060280,3,pelvis,swing,-1.0015,-0.1223,0.3259,21.6064,-67.6270,22.7661,t008,FJTB
2531920682,5060297,3,pelvis,swing,-0.9471,-0.1359,0.3304,34.2407,-63.1103,17.8833,t008,FJTB
2531920683,5060312,3,pelvis,swing,-0.8342,-0.1757,0.3339,40.4663,-59.5093,13.6719,t008,FJTB
2531920683,5060329,3,pelvis,loading,-0.7897,-0.1984,0.3198,53.4668,-54.4434,6.0425,t008,FJTB
2531920684,5060345,3,pelvis,loading,-0.7794,-0.2578,0.2648,58.8989,-54.8096,4.4556,t008,FJTB
2531920684,5060361,3,pelvis,loading,-0.8914,-0.3315,0.2389,60.9131,-57.3120,5.9204,t008,FJTB
2531920760,5060377,3,pelvis,loading,-0.9283,-0.3456,0.2068,53.7720,-53.5278,7.1411,t008,FJTB
2531920761,5060393,3,pelvis,loading,-0.9509,-0.3573,0.1763,47.0581,-51.2085,5.9814,t008,FJTB
2531920761,5060409,3,pelvis,loading,-0.9365,-0.3372,0.1462,28.1982,-43.8843,4.3335,t008,FJTB
2531920761,5060424,3,pelvis,loading,-0.9138,-0.2587,0.1074,20.2026,-43.0298,3.7231,t008,FJTB
2531920762,5060441,3,pelvis,loading,-0.9149,-0.2224,0.1123,13.8550,-45.8374,4.9438,t008,FJTB
2531920829,5060456,3,pelvis,loading,-0.9056,-0.1885,0.1188,16.3574,-47.8516,6.8359,t008,FJTB
2531920830,5060472,3,pelvis,loading,-0.8939,-0.1238,0.1117,28.7476,-52.1851,9.2163,t008,FJTB
2531920832,5060489,3,pelvis,loading,-0.8987,-0.0968,0.1101,43.0908,-57.0068,6.4087,t008,FJTB
2531920833,5060505,3,pelvis,loading,-0.9103,-0.1206,0.1006,49.4995,-60.0586,3.8452,t008,FJTB
2531920902,5060521,3,pelvis,loading,-0.9174,-0.1929,0.1013,58.7158,-64.1479,-0.9155,t008,FJTB
2531920903,5060537,3,pelvis,loading,-0.8934,-0.3517,0.0564,61.1572,-65.0635,-2.1973,t008,FJTB
2531920903,5060553,3,pelvis,loading,-0.9010,-0.4740,0.0222,65.2466,-68.9697,-5.1880,t008,FJTB
2531920904,5060569,3,pelvis,loading,-0.9160,-0.4850,0.0125,58.2275,-67.8711,1.5869,t008,FJTB
2531920968,5060585,3,pelvis,loading,-0.9352,-0.3816,0.0508,49.1943,-64.1479,7.8125,t008,FJTB
2531920968,5060601,3,pelvis,loading,-0.9424,-0.3093,0.0721,33.9966,-58.3496,14.4653,t008,FJTB
2531920968,5060617,3,pelvis,midstance,-0.9520,-0.1866,0.0856,34.4238,-58.1665,14.4043,t008,FJTB
2531920969,5060633,3,pelvis,midstance,-0.9462,-0.1633,0.0752,50.6592,-57.4341,9.5825,t008,FJTB
2531920969,5060649,3,pelvis,midstance,-0.9551,-0.1899,0.0751,63.9648,-53.6499,3.7231,t008,FJTB
2531921041,5060665,3,pelvis,midstance,-0.9960,-0.2449,0.1222,66.2231,-51.1475,2.6855,t008,FJTB
2531921042,5060681,3,pelvis,midstance,-1.0093,-0.2736,0.1707,70.7397,-46.6919,3.6011,t008,FJTB
2531921042,5060697,3,pelvis,midstance,-1.0745,-0.3884,0.3282,75.9888,-44.3726,2.5635,t008,FJTB
2531921042,5060713,3,pelvis,midstance,-1.1665,-0.5487,0.4399,85.0830,-34.6069,-3.6621,t008,FJTB
2531921107,5060729,3,pelvis,midstance,-1.2296,-0.5701,0.5115,71.8994,-19.1650,-10.3149,t008,FJTB
2531921109,5060745,3,pelvis,midstance,-1.3202,-0.3940,0.7509,54.8706,-7.0801,-13.9770,t008,FJTB
2531921111,5060761,3,pelvis,midstance,-1.2947,-0.1982,0.8676,16.8457,29.7852,-24.7803,t008,FJTB
2531921111,5060777,3,pelvis,midstance,-1.3022,0.2183,0.9836,6.5918,52.3682,-35.4004,t008,FJTB
2531921124,5060793,3,pelvis,midstance,-1.3783,0.2316,0.5747,20.2026,100.5859,-62.0728,t008,FJTB
2531921180,5060809,3,pelvis,midstance,-1.3154,0.0937,0.2871,76.4771,111.3892,-60.4248,t008,FJTB
2531921180,5060825,3,pelvis,midstance,-1.3049,-0.2638,-0.0798,110.5957,110.1074,-49.0723,t008,FJTB
2531921181,5060841,3,pelvis,midstance,-1.4030,-0.3419,-0.2195,149.8413,121.7041,-28.5034,t008,FJTB
2531921181,5060857,3,pelvis,midstance,-1.5806,-0.3068,-0.4053,137.2681,131.1646,-19.6533,t008,FJTB
2531921246,5060873,3,pelvis,midstance,-1.5807,-0.3456,-0.4314,65.9180,145.4468,5.3101,t008,FJTB
2531921248,5060889,3,pelvis,midstance,-1.5109,-0.3691,-0.3853,-8.3008,166.2598,23.1323,t008,FJTB
2531921249,5060905,3,pelvis,midstance,-1.3220,-0.3160,-0.2861,-30.2124,172.1191,21.9116,t008,FJTB
2531921249,5060921,3,pelvis,midstance,-1.2360,-0.2544,-0.2051,-49.6216,162.6587,6.1035,t008,FJTB
2531921311,5060937,3,pelvis,midstance,-1.1278,-0.2734,-0.2012,-51.5137,155.9448,-2.6855,t008,FJTB
2531921319,5060954,3,pelvis,midstance,-1.0164,-0.3125,-0.2976,-53.4668,140.6860,0.5493,t008,FJTB
2531921320,5060970,3,pelvis,midstance,-0.9719,-0.3046,-0.3136,-61.8286,129.4556,10.9863,t008,FJTB
2531921320,5060986,3,pelvis,midstance,-0.9327,-0.3335,-0.3392,-68.0542,126.4648,15.5029,t008,FJTB
2531921335,5061002,3,pelvis,midstance,-0.9209,-0.3647,-0.3383,-90.6982,122.5586,25.0244,t008,FJTB
2531921386,5061018,3,pelvis,midstance,-0.8427,-0.3597,-0.3156,-104.9194,121.0327,27.2827,t008,FJTB
2531921387,5061034,3,pelvis,terminal,-0.7930,-0.3057,-0.2614,-127.5024,112.9150,25.9399,t008,FJTB
2531921387,5061050,3,pelvis,terminal,-0.7802,-0.2767,-0.2290,-136.6577,99.4263,30.7007,t008,FJTB
2531921387,5061066,3,pelvis,terminal,-0.7190,-0.1895,-0.1422,-135.9253,93.1396,37.2314,t008,FJTB
2531921461,5061082,3,pelvis,terminal,-0.6853,-0.1185,-0.1082,-122.7417,81.7261,50.4150,t008,FJTB
2531921462,5061098,3,pelvis,terminal,-0.6530,-0.0018,-0.0167,-109.1919,71.5942,49.6826,t008,FJTB
2531921462,5061114,3,pelvis,terminal,-0.6969,-0.0531,0.0686,-76.3550,49.1333,41.1377,t008,FJTB
2531921463,5061130,3,pelvis,terminal,-0.7122,-0.0468,0.1332,-60.7910,32.4097,38.2080,t008,FJTB
2531921531,5061146,3,pelvis,terminal,-0.7151,0.0082,0.2722,-59.5093,26.0620,36.8652,t008,FJTB
2531921532,5061162,3,pelvis,terminal,-0.6794,0.0898,0.3644,-55.6030,15.0757,34.9731,t008,FJTB
2531921532,5061178,3,pelvis,terminal,-0.5809,0.2103,0.4636,-45.1660,12.3291,28.1372,t008,FJTB
2531921532,5061194,3,pelvis,terminal,-0.5834,0.1901,0.5137,-21.9727,4.2114,7.4463,t008,FJTB
2531921601,5061210,3,pelvis,terminal,-0.6616,0.0770,0.6438,-15.6250,4.7607,-0.7324,t008,FJTB
2531921602,5061226,3,pelvis,terminal,-0.6949,-0.0807,0.6283,-12.1460,15.6860,-5.3101,t008,FJTB
2531921602,5061242,3,pelvis,swing,-0.7096,-0.1617,0.6165,-16.0522,17.1509,8.0566,t008,FJTB
2531921603,5061258,3,pelvis,swing,-0.7540,-0.2623,0.7140,-15.1978,13.6108,18.6768,t008,FJTB
2531921603,5061274,3,pelvis,swing,-0.7517,-0.2841,0.7769,-4.7607,4.6387,32.8979,t008,FJTB
2531921670,5061289,3,pelvis,swing,-0.7000,-0.2461,0.8524,-0.8545,0.1831,32.1045,t008,FJTB
2531921671,5061305,3,pelvis,swing,-0.7432,-0.2032,0.8905,-2.5024,-1.2207,18.8599,t008,FJTB
2531921673,5061321,3,pelvis,swing,-0.7258,-0.2280,0.8541,-11.5967,4.4556,10.9863,t008,FJTB
2531921674,5061337,3,pelvis,swing,-0.6454,-0.2946,0.7107,-17.8833,3.2349,12.2681,t008,FJTB
2531921674,5061353,3,pelvis,swing,-0.6118,-0.3024,0.6425,-33.6914,-7.2021,22.0337,t008,FJTB
2531921743,5061369,3,pelvis,swing,-0.5828,-0.3209,0.5779,-43.0908,-13.6108,26.9775,t008,FJTB
2531921744,5061385,3,pelvis,swing,-0.6046,-0.3230,0.6442,-61.2793,-8.8501,30.5176,t008,FJTB
2531921744,5061401,3,pelvis,swing,-0.7043,-0.3088,0.7754,-75.7446,13.1226,19.0430,t008,FJTB
2531921744,5061417,3,pelvis,swing,-1.2767,-0.2439,0.9808,-85.2051,6.4697,11.4746,t008,FJTB
2531921809,5061433,3,pelvis,swing,-1.9413,-0.2142,1.4613,-132.5684,-20.0806,16.7847,t008,FJTB
2531921811,5061449,3,pelvis,swing,-1.7026,-0.0831,0.7120,-143.4937,-10.3149,31.4941,t008,FJTB
2531921812,5061465,3,pelvis,swing,-1.0741,0.1558,-0.3192,-97.4121,-29.9683,51.9409,t008,FJTB
2531921812,5061481,3,pelvis,swing,-0.6011,0.5989,-0.6587,-52.6733,-54.6265,59.5703,t008,FJTB
2531921880,5061497,3,pelvis,swing,-0.1798,0.5853,-0.1882,64.0259,-58.0444,48.2788,t008,FJTB
2531921881,5061513,3,pelvis,swing,-0.3713,0.2814,-0.1830,119.2627,-59.2651,4.6997,t008,FJTB
2531921881,5061529,3,pelvis,swing,-1.0939,-0.5443,-0.1298,119.6289,-69.4580,-4.3335,t008,FJTB
2531921882,5061545,3,pelvis,swing,-1.4089,-0.8516,0.0111,93.9941,-69.1528,7.6294,t008,FJTB
2531921882,5061561,3,pelvis,swing,-1.5496,-0.8483,0.1810,69.0918,-59.9365,18.1274,t008,FJTB
2531921946,5061577,3,pelvis,loading,-0.8486,-0.5419,0.1422,1.7700,-51.8799,28.4424,t008,FJTB
2531921947,5061593,3,pelvis,loading,-0.7535,-0.5006,0.1149,-42.7246,-69.5801,22.2778,t008,FJTB
2531921947,5061609,3,pelvis,loading,-0.8757,-0.3011,0.1393,-50.7812,-76.6602,22.1558,t008,FJTB
2531921947,5061626,3,pelvis,loading,-0.8796,-0.0991,0.1720,-36.0718,-78.1250,24.1089,t008,FJTB
2531922022,5061642,3,pelvis,loading,-0.8589,0.1525,0.2242,-17.0288,-76.9043,21.6064,t008,FJTB
2531922022,5061658,3,pelvis,loading,-0.9506,0.0519,0.2175,19.4092,-77.0264,17.7612,t008,FJTB
2531922023,5061674,3,pelvis,loading,-1.0084,-0.0387,0.2159,44.8608,-76.1108,16.8457,t008,FJTB
2531922023,5061690,3,pelvis,loading,-1.0541,-0.1766,0.2334,54.1992,-74.4019,15.8081,t008,FJTB
2531922045,5061706,3,pelvis,loading,-1.0404,-0.2310,0.2388,60.4248,-71.1670,14.1602,t008,FJTB
2531922090,5061721,3,pelvis,loading,-0.9825,-0.3312,0.2164,55.1758,-69.1528,14.1602,t008,FJTB
2531922092,5061737,3,pelvis,loading,-0.8478,-0.3447,0.2186,38.0859,-63.3545,12.9395,t008,FJTB
2531922093,5061753,3,pelvis,loading,-0.7974,-0.3243,0.2372,30.6396,-58.8379,8.1787,t008,FJTB
2531922093,5061769,3,pelvis,loading,-0.7974,-0.2686,0.2775,32.4097,-58.5937,7.3242,t008,FJTB
2531922162,5061785,3,pelvis,loading,-0.8398,-0.2625,0.2830,40.1611,-59.5093,7.5684,t008,FJTB
2531922163,5061801,3,pelvis,loading,-0.9395,-0.2946,0.2411,42.4194,-58.7158,8.0566,t008,FJTB
2531922163,5061817,3,pelvis,loading,-0.9603,-0.3076,0.2169,42.2363,-55.3589,8.5449,t008,FJTB
2531922164,5061833,3,pelvis,loading,-0.9451,-0.2997,0.1932,38.9404,-51.9409,7.7515,t008,FJTB
2531922229,5061849,3,pelvis,loading,-0.9111,-0.2502,0.1825,36.4990,-51.5137,7.5073,t008,FJTB
2531922229,5061865,3,pelvis,loading,-0.9088,-0.2413,0.1801,33.6304,-55.1758,8.1177,t008,FJTB
2531922230,5061881,3,pelvis,midstance,-0.9232,-0.2379,0.1561,32.8369,-57.0068,9.7046,t008,FJTB
2531922231,5061897,3,pelvis,midstance,-0.9185,-0.2089,0.1313,35.7666,-58.7158,11.1694,t008,FJTB
2531922232,5061913,3,pelvis,midstance,-0.8983,-0.1625,0.0958,40.7104,-59.6313,9.7656,t008,FJTB
2531922300,5061929,3,pelvis,midstance,-0.9026,-0.1981,0.0708,53.2227,-61.6455,5.2490,t008,FJTB
2531922301,5061945,3,pelvis,midstance,-0.8972,-0.2417,0.0552,59.1431,-60.6689,0.4272,t008,FJTB
2531922301,5061961,3,pelvis,midstance,-0.8906,-0.3793,0.0839,57.0679,-59.9365,-1.2207,t008,FJTB
2531922301,5061977,3,pelvis,midstance,-0.9166,-0.4407,0.0957,42.7856,-54.8096,2.7466,t008,FJTB
2531922364,5061993,3,pelvis,midstance,-0.9733,-0.4352,0.1388,37.1094,-51.9409,6.9580,t008,FJTB
2531922364,5062009,3,pelvis,midstance,-0.9578,-0.3263,0.1204,37.9028,-44.7388,13.0615,t008,FJTB
2531922366,5062025,3,pelvis,midstance,-0.9429,-0.2666,0.0968,51.5137,-42.9077,12.3291,t008,FJTB
2531922366,5062041,3,pelvis,midstance,-0.9420,-0.1593,0.0498,58.0444,-41.9922,10.7422,t008,FJTB
2531922432,5062057,3,pelvis,midstance,-0.9431,-0.1299,0.0430,64.2700,-38.2690,7.2021,t008,FJTB
2531922432,5062073,3,pelvis,midstance,-0.9122,-0.1443,0.0371,68.0542,-36.1328,5.3711,t008,FJTB
2531922433,5062089,3,pelvis,midstance,-0.9147,-0.1750,0.0844,81.6650,-34.1797,3.1738,t008,FJTB
2531922494,5062105,3,pelvis,midstance,-0.9375,-0.2108,0.1083,94.1772,-29.0527,-1.8311,t008,FJTB
2531922495,5062122,3,pelvis,midstance,-1.0099,-0.3120,0.1426,99.1821,-26.0620,-3.5400,t008,FJTB
2531922496,5062138,3,pelvis,midstance,-1.0430,-0.3624,0.1975,98.9990,-18.9209,-4.0283,t008,FJTB
2531922496,5062154,3,pelvis,midstance,-1.1333,-0.5042,0.3688,93.9331,-13.9770,-5.4932,t008,FJTB
2531922497,5062170,3,pelvis,midstance,-1.2882,-0.4868,0.5166,72.2656,2.9907,-13.7939,t008,FJTB
2531922561,5062186,3,pelvis,midstance,-1.3114,-0.3176,0.6014,29.4189,32.9590,-24.4751,t008,FJTB
2531922561,5062202,3,pelvis,midstance,-1.2839,0.1121,0.7220,9.3994,49.9878,-32.5928,t008,FJTB
2531922561,5062217,3,pelvis,midstance,-1.2560,0.2729,0.6790,-0.1831,76.3550,-54.2603,t008,FJTB
2531922562,5062233,3,pelvis,midstance,-1.1737,0.2155,0.4106,17.0288,81.9092,-65.1245,t008,FJTB
2531922623,5062249,3,pelvis,midstance,-1.1940,-0.2362,0.1237,87.0361,82.5195,-65.6128,t008,FJTB
2531922623,5062265,3,pelvis,terminal,-1.2974,-0.4017,0.0090,147.6440,88.0127,-46.7529,t008,FJTB
2531922624,5062281,3,pelvis,terminal,-1.5063,-0.4893,-0.2872,154.1138,97.2900,-37.2925,t008,FJTB
2531922624,5062297,3,pelvis,terminal,-1.5519,-0.4576,-0.4214,107.6660,114.3799,-15.8081,t008,FJTB
2531922694,5062314,3,pelvis,terminal,-1.4578,-0.3977,-0.5360,67.5049,124.6338,-3.7842,t008,FJTB
2531922695,5062330,3,pelvis,terminal,-1.3727,-0.4164,-0.4543,-6.8359,145.1416,16.0522,t008,FJTB
2531922695,5062346,3,pelvis,terminal,-1.1912,-0.4532,-0.2479,-57.5561,155.5176,17.8223,t008,FJTB
2531922695,5062362,3,pelvis,terminal,-1.0579,-0.4346,-0.1962,-73.0591,150.0854,9.7046,t008,FJTB
2531922697,5062378,3,pelvis,terminal,-1.0474,-0.4028,-0.2014,-88.3789,122.3755,3.1738,t008,FJTB
2531922759,5062394,3,pelvis,terminal,-1.0360,-0.2767,-0.2021,-92.4072,114.0747,5.0049,t008,FJTB
2531922760,5062410,3,pelvis,terminal,-0.9913,-0.1897,-0.2194,-96.9238,112.4878,9.3384,t008,FJTB
2531922762,5062426,3,pelvis,terminal,-0.9777,-0.1849,-0.1943,-89.6606,113.9526,18.4937,t008,FJTB
2531922762,5062442,3,pelvis,terminal,-0.9263,-0.2798,-0.1722,-83.4961,113.1592,24.8413,t008,FJTB
2531922830,5062458,3,pelvis,terminal,-0.8925,-0.3228,-0.1669,-82.5806,103.9429,32.0435,t008,FJTB
2531922830,5062474,3,pelvis,terminal,-0.8540,-0.3011,-0.1195,-86.3647,97.2900,31.6772,t008,FJTB
2531922830,5062490,3,pelvis,terminal,-0.8215,-0.2399,-0.1069,-96.4966,82.5195,30.7007,t008,FJTB
2531922831,5062506,3,pelvis,terminal,-0.8030,-0.2225,-0.1090,-112.3047,69.2139,36.1938,t008,FJTB
2531922895,5062523,3,pelvis,terminal,-0.8048,-0.1854,-0.0725,-117.8589,65.3687,40.5273,t008,FJTB
2531922896,5062539,3,pelvis,terminal,-0.8092,-0.1553,-0.0331,-108.7036,64.8804,42.7246,t008,FJTB
2531922896,5062555,3,pelvis,terminal,-0.7925,-0.0973,0.0216,-97.7783,64.9414,40.9546,t008,FJTB
2531922896,5062571,3,pelvis,terminal,-0.7274,-0.0016,0.1100,-83.4351,56.7017,38.9404,t008,FJTB
2531922963,5062587,3,pelvis,terminal,-0.6931,0.0236,0.1393,-79.8340,41.9311,34.5459,t008,FJTB
2531922963,5062603,3,pelvis,terminal,-0.6238,0.1252,0.2534,-80.0171,33.1421,33.3252,t008,FJTB
2531922964,5062619,3,pelvis,terminal,-0.5974,0.1869,0.3148,-74.3408,21.9727,24.2310,t008,FJTB
2531922979,5062635,3,pelvis,terminal,-0.6072,0.1858,0.4374,-68.4204,18.4937,18.9209,t008,FJTB
2531923026,5062650,3,pelvis,terminal,-0.6053,0.1351,0.4718,-49.4385,15.9302,12.4512,t008,FJTB
2531923028,5062666,3,pelvis,terminal,-0.5652,0.0020,0.4392,-35.3394,13.3057,10.7422,t008,FJTB
2531923029,5062682,3,pelvis,terminal,-0.6617,-0.1335,0.5139,-9.0332,4.2725,12.8174,t008,FJTB
2531923029,5062698,3,pelvis,terminal,-0.7456,-0.2174,0.6104,-1.5259,9.4604,22.0337,t008,FJTB
2531923094,5062714,3,pelvis,terminal,-0.8412,-0.3186,0.7478,-5.7373,14.0381,26.9775,t008,FJTB
2531923095,5062730,3,pelvis,terminal,-0.8529,-0.3137,0.8138,-20.2026,6.2866,26.8555,t008,FJTB
2531923096,5062746,3,pelvis,swing,-0.8591,-0.2869,0.9860,-24.7803,1.7700,21.6675,t008,FJTB
2531923096,5062762,3,pelvis,swing,-0.7828,-0.2827,0.9850,-29.1138,6.7749,13.8550,t008,FJTB
2531923157,5062778,3,pelvis,swing,-0.7233,-0.2904,0.8944,-36.2549,8.4229,19.7144,t008,FJTB
2531923158,5062794,3,pelvis,swing,-0.6993,-0.3214,0.7231,-39.6118,2.6245,25.4517,t008,FJTB
2531923158,5062810,3,pelvis,swing,-0.6912,-0.3175,0.6447,-45.1660,-7.8125,35.0342,t008,FJTB
2531923158,5062826,3,pelvis,swing,-0.6298,-0.2755,0.4712,-47.8516,-10.3149,37.7808,t008,FJTB
2531923161,5062842,3,pelvis,swing,-0.6826,-0.2563,0.3975,-53.8330,-13.3057,38.5132,t008,FJTB
2531923228,5062858,3,pelvis,swing,-0.7970,-0.2570,0.4907,-76.2939,-9.5825,30.1514,t008,FJTB
2531923229,5062874,3,pelvis,swing,-1.4222,-0.2388,1.0392,-98.9380,-8.1177,25.7568,t008,FJTB
2531923229,5062891,3,pelvis,swing,-1.8822,-0.3654,1.4282,-170.7764,1.4648,45.5933,t008,FJTB
2531923230,5062907,3,pelvis,swing,-1.4238,-0.1511,0.5955,-200.8667,2.0752,56.2744,t008,FJTB
2531923294,5062923,3,pelvis,swing,-0.8914,0.5748,-0.5432,-175.7812,-36.9263,45.4102,t008,FJTB
2531923294,5062939,3,pelvis,swing,-0.7960,0.6807,-0.5126,-57.2510,-56.4575,58.2886,t008,FJTB
2531923294,5062955,3,pelvis,swing,-0.2437,0.5825,0.0159,17.0898,-46.5088,56.0913,t008,FJTB
2531923294,5062971,3,pelvis,swing,-0.2312,0.3224,0.0046,115.8447,-35.8887,21.4233,t008,FJTB
2531923359,5062987,3,pelvis,swing,-0.8002,-0.6642,-0.2408,126.5259,-52.0630,9.7046,t008,FJTB
2531923360,5063003,3,pelvis,swing,-1.4259,-1.0265,0.0139,106.5063,-76.0498,30.2734,t008,FJTB
2531923360,5063019,3,pelvis,swing,-1.5535,-0.7622,0.1339,54.0771,-65.4907,47.4243,t008,FJTB
2531923360,5063035,3,pelvis,swing,-1.1315,-0.4877,0.1898,23.6816,-59.2651,40.5884,t008,FJTB
2531923422,5063052,3,pelvis,swing,-0.9441,-0.4434,0.1803,-34.7290,-66.5894,32.1045,t008,FJTB
2531923423,5063067,3,pelvis,swing,-0.8428,-0.1239,0.2126,-54.3823,-72.5098,32.7148,t008,FJTB
2531923424,5063084,3,pelvis,swing,-0.8137,0.1694,0.2488,-53.1006,-72.9370,28.1372,t008,FJTB
2531923425,5063100,3,pelvis,swing,-0.8073,0.1759,0.2283,-12.1460,-66.1011,19.7144,t008,FJTB
2531923491,5063116,3,pelvis,swing,-0.8859,0.0347,0.3285,5.7373,-64.3311,19.8975,t008,FJTB
2531923491,5063131,3,pelvis,swing,-0.9559,0.0042,0.4392,42.5415,-33.3862,-0.3052,t008,FJTB
2531923492,5063148,3,pelvis,swing,-1.0009,-0.2828,0.0937,46.5088,-30.4565,-11.5967,t008,FJTB
2531923492,5063164,3,pelvis,swing,-1.0811,-0.2070,0.2677,33.3252,-71.8384,12.6953,t008,FJTB
2531923554,5063179,3,pelvis,swing,-1.0247,-0.2639,0.2820,44.7998,-72.5708,24.9023,t008,FJTB
2531923556,5063195,3,pelvis,swing,-0.8470,-0.2163,0.3195,57.4341,-61.6455,19.5923,t008,FJTB
2531923557,5063211,3,pelvis,swing,-0.7648,-0.2999,0.2296,71.2891,-53.5278,4.3335,t008,FJTB
2531923557,5063227,3,pelvis,swing,-0.7950,-0.3754,0.2039,67.1997,-61.3403,10.1318,t008,FJTB
2531923620,5063243,3,pelvis,swing,-0.8489,-0.2836,0.3185,65.9790,-57.2510,13.5498,t008,FJTB
2531923620,5063259,3,pelvis,swing,-0.9235,-0.2749,0.2124,66.1621,-49.3774,8.6670,t008,FJTB
2531923621,5063276,3,pelvis,swing,-0.9692,-0.3470,0.2397,53.8330,-46.7529,6.8970,t008,FJTB
2531923622,5063291,3,pelvis,swing,-0.9567,-0.3917,0.2356,39.4897,-39.6729,6.6528,t008,FJTB
2531923682,5063307,3,pelvis,swing,-0.8883,-0.3868,0.1570,31.3721,-36.0107,7.1411,t008,FJTB
2531923683,5063324,3,pelvis,swing,-0.8712,-0.3579,0.1333,21.1792,-35.6445,7.3242,t008,FJTB
2531923684,5063340,3,pelvis,swing,-0.8718,-0.2653,0.1210,19.5313,-37.5977,7.7515,t008,FJTB
2531923746,5063356,3,pelvis,swing,-0.9142,-0.1711,0.1207,21.1792,-39.8560,9.1553,t008,FJTB
2531923747,5063372,3,pelvis,swing,-0.9189,-0.1226,0.1141,28.1372,-38.5742,7.5073,t008,FJTB
2531923748,5063388,3,pelvis,swing,-0.9409,-0.1405,0.0844,33.9355,-39.3066,5.9204,t008,FJTB
2531923748,5063403,3,pelvis,swing,-0.9546,-0.1833,0.0577,45.8984,-45.2270,6.0425,t008,FJTB
2531923748,5063419,3,pelvis,swing,-0.9612,-0.2869,-0.0031,51.3916,-49.7436,8.2397,t008,FJTB
2531923808,5063436,3,pelvis,swing,-0.9396,-0.3298,-0.0066,56.5186,-54.8706,8.9111,t008,FJTB
2531923809,5063452,3,pelvis,swing,-0.9225,-0.3623,0.0084,60.5469,-59.4482,7.3853,t008,FJTB
2531923810,5063468,3,pelvis,swing,-0.9114,-0.3864,0.1029,60.4248,-60.7300,8.5449,t008,FJTB
2531923810,5063484,3,pelvis,swing,-0.9076,-0.3828,0.1301,48.4619,-51.2695,12.3291,t008,FJTB
2531923872,5063499,3,pelvis,swing,-0.9180,-0.3354,0.0898,43.5791,-47.0581,13.6719,t008,FJTB
2531923873,5063515,3,pelvis,swing,-0.9551,-0.2380,0.0452,42.9077,-44.9219,12.8174,t008,FJTB
2531923873,5063531,3,pelvis,swing,-0.9539,-0.2178,0.0298,51.5747,-41.6870,6.5918,t008,FJTB
2531923874,5063548,3,pelvis,swing,-0.9349,-0.2412,0.0463,55.4199,-39.2456,4.1504,t008,FJTB
2531923933,5063564,3,pelvis,swing,-0.9357,-0.2592,0.0775,59.5703,-35.6445,4.1504,t008,FJTB
2531923935,5063580,3,pelvis,swing,-0.9407,-0.2808,0.1525,62.0117,-34.9731,5.8594,t008,FJTB
2531923936,5063596,3,pelvis,swing,-0.9546,-0.2950,0.2039,71.9604,-34.7900,7.1411,t008,FJTB
2531923936,5063612,3,pelvis,swing,-0.9893,-0.3138,0.2463,78.1860,-34.5459,2.1973,t008,FJTB
2531923999,5063627,3,pelvis,swing,-1.0898,-0.3723,0.3749,77.2705,-32.1045,-2.2583,t008,FJTB
2531923999,5063644,3,pelvis,swing,-1.1438,-0.4047,0.4656,65.4907,-19.2261,-10.4370,t008,FJTB
2531923999,5063660,3,pelvis,swing,-1.2662,-0.4065,0.6970,55.5420,-6.8970,-12.6343,t008,FJTB
2531924000,5063676,3,pelvis,swing,-1.3262,-0.2987,0.8199,33.6914,33.5693,-17.7612,t008,FJTB
2531924062,5063692,3,pelvis,swing,-1.3872,0.1033,0.8953,23.9258,60.5469,-26.6724,t008,FJTB
2531924062,5063708,3,pelvis,swing,-1.2944,0.3621,0.5851,19.7144,104.0649,-50.9033,t008,FJTB
2531924062,5063723,3,pelvis,swing,-1.2279,0.3156,0.3967,58.0444,109.2529,-64.5752,t008,FJTB
2531924063,5063739,3,pelvis,swing,-1.2140,-0.0487,0.0579,93.3227,109.9243,-65.6738,t008,FJTB
2531924126,5063755,3,pelvis,swing,-1.2942,-0.1936,-0.0779,151.3672,119.9341,-55.7861,t008,FJTB
2531924127,5063771,3,pelvis,swing,-1.5928,-0.3337,-0.3278,155.0903,127.6245,-47.2412,t008,FJTB
2531924127,5063787,3,pelvis,swing,-1.6517,-0.3801,-0.4802,104.5532,141.0522,-21.7895,t008,FJTB
2531924127,5063803,3,pelvis,swing,-1.5790,-0.4370,-0.4672,28.1982,157.7148,0.9766,t008,FJTB
2531924187,5063819,3,pelvis,swing,-1.3876,-0.4397,-0.3621,-2.5024,162.5366,7.8125,t008,FJTB
2531924189,5063835,3,pelvis,midstance,-1.2867,-0.3446,-0.2964,-41.5649,160.8276,5.5542,t008,FJTB
2531924190,5063851,3,pelvis,midstance,-1.1632,-0.2329,-0.2031,-49.7436,157.1655,-1.8311,t008,FJTB
2531924190,5063867,3,pelvis,midstance,-1.1260,-0.2303,-0.2407,-54.3213,142.7002,-11.2305,t008,FJTB
2531924254,5063884,3,pelvis,midstance,-1.1000,-0.2217,-0.2653,-57.4951,134.8877,-6.0425,t008,FJTB
2531924254,5063900,3,pelvis,midstance,-1.0289,-0.2134,-0.2523,-56.7627,132.8125,-1.2817,t008,FJTB
2531924255,5063916,3,pelvis,midstance,-0.9954,-0.2275,-0.2734,-51.6357,131.4087,7.8125,t008,FJTB
2531924255,5063932,3,pelvis,midstance,-0.8889,-0.2329,-0.2948,-52.4292,128.6621,10.6201,t008,FJTB
2531924318,5063948,3,pelvis,midstance,-0.7904,-0.2177,-0.2258,-57.6172,117.3706,9.7046,t008,FJTB
2531924319,5063964,3,pelvis,midstance,-0.7407,-0.2103,-0.1859,-59.7534,97.7173,9.5825,t008,FJTB
2531924319,5063980,3,pelvis,midstance,-0.6782,-0.2321,-0.1344,-56.9458,85.9375,12.2070,t008,FJTB
2531924319,5063997,3,pelvis,midstance,-0.6737,-0.2657,-0.1141,-51.0864,63.6597,23.8037,t008,FJTB
2531924384,5064013,3,pelvis,midstance,-0.6954,-0.2822,-0.0669,-48.4009,54.1992,29.7241,t008,FJTB
2531924384,5064029,3,pelvis,midstance,-0.7334,-0.2626,-0.0225,-40.1001,39.9170,32.0435,t008,FJTB
2531924385,5064045,3,pelvis,midstance,-0.7385,-0.2330,-0.0117,-36.8042,29.1748,33.0811,t008,FJTB
2531924385,5064061,3,pelvis,midstance,-0.6918,-0.0825,0.0865,-36.8652,22.6440,33.0200,t008,FJTB
2531924445,5064076,3,pelvis,midstance,-0.6637,-0.0001,0.1722,-35.2173,14.0381,26.0620,t008,FJTB
2531924446,5064093,3,pelvis,midstance,-0.6466,0.1121,0.3629,-33.9966,11.0474,21.1792,t008,FJTB
2531924446,5064109,3,pelvis,terminal,-0.6689,0.1295,0.5278,-30.1514,5.6152,11.3525,t008,FJTB
2531924446,5064125,3,pelvis,terminal,-0.6750,0.1177,0.5575,-11.6577,4.2114,1.6479,t008,FJTB
2531924514,5064141,3,pelvis,terminal,-0.6923,0.0397,0.5410,3.2349,2.1362,-1.4648,t008,FJTB
2531924514,5064156,3,pelvis,terminal,-0.7329,-0.0337,0.5659,28.6865,-4.3335,2.1362,t008,FJTB
2531924515,5064172,3,pelvis,terminal,-0.8727,-0.2424,0.7577,36.3159,-3.6621,7.8125,t008,FJTB
2531924515,5064188,3,pelvis,terminal,-0.9209,-0.3610,0.8756,39.2456,13.8550,22.5830,t008,FJTB
2531924574,5064204,3,pelvis,terminal,-0.8328,-0.4525,0.8586,37.7197,20.9961,26.0010,t008,FJTB
2531924577,5064220,3,pelvis,terminal,-0.7920,-0.2881,0.7853,28.7476,12.2070,16.5405,t008,FJTB
2531924577,5064236,3,pelvis,terminal,-0.8083,-0.1949,0.7764,19.4702,6.8359,-0.1831,t008,FJTB
2531924578,5064252,3,pelvis,terminal,-0.7688,-0.1317,0.7581,15.5029,11.9019,-4.8828,t008,FJTB
2531924640,5064268,3,pelvis,terminal,-0.7083,-0.1633,0.7194,8.5449,19.9585,-3.8452,t008,FJTB
2531924641,5064285,3,pelvis,terminal,-0.6478,-0.2638,0.6156,-5.6763,13.9160,5.1270,t008,FJTB
2531924641,5064301,3,pelvis,terminal,-0.6487,-0.2729,0.5375,-12.8784,12.0239,8.0566,t008,FJTB
2531924642,5064316,3,pelvis,terminal,-0.6418,-0.2644,0.5046,-22.7051,7.3853,7.5073,t008,FJTB
2531924700,5064332,3,pelvis,terminal,-0.5979,-0.2230,0.4771,-30.7007,6.3477,5.6152,t008,FJTB
2531924701,5064348,3,pelvis,swing,-0.5690,-0.2186,0.4165,-44.1894,-1.6479,6.1035,t008,FJTB
2531924701,5064364,3,pelvis,swing,-0.5563,-0.2029,0.3208,-46.3867,-11.8408,8.9111,t008,FJTB
2531924702,5064380,3,pelvis,swing,-0.5966,-0.2401,0.1196,-35.3394,-37.7197,12.2070,t008,FJTB
2531924769,5064396,3,pelvis,swing,-0.6632,-0.2897,-0.0481,-6.2866,-79.7729,15.8691,t008,FJTB
2531924769,5064413,3,pelvis,swing,-1.3451,-0.2737,0.4537,-3.8452,-93.9941,18.7988,t008,FJTB
2531924770,5064429,3,pelvis,swing,-1.9565,-0.1738,1.1007,-60.9131,-11.1694,14.7705,t008,FJTB
2531924770,5064445,3,pelvis,swing,-2.1044,-0.3865,1.5453,-115.7837,53.3447,21.9727,t008,FJTB
2531924831,5064460,3,pelvis,swing,-0.8082,-0.0189,0.6727,-209.1064,31.3721,48.4619,t008,FJTB
2531924831,5064476,3,pelvis,swing,-0.5834,0.3657,0.3411,-139.2212,-52.1851,16.2354,t008,FJTB
2531924833,5064492,3,pelvis,swing,-0.7142,0.4395,0.0032,-66.2842,-64.2090,5.8594,t008,FJTB
2531924834,5064508,3,pelvis,swing,-0.7310,0.2732,-0.1173,46.0815,-58.4717,9.3994,t008,FJTB
2531924898,5064524,3,pelvis,swing,-0.4110,0.0586,-0.2777,78.0029,-43.2739,8.8501,t008,FJTB
2531924899,5064540,3,pelvis,swing,-0.6184,-0.1722,0.0374,99.5483,-32.1655,3.0518,t008,FJTB
2531924899,5064556,3,pelvis,swing,-0.7990,-0.3433,0.2144,96.9238,-39.6118,6.9580,t008,FJTB
2531924900,5064572,3,pelvis,swing,-1.1250,-0.4694,0.3087,96.6186,-44.7998,7.0801,t008,FJTB
2531924961,5064588,3,pelvis,swing,-1.2720,-0.4994,0.3729,72.8149,-51.2085,2.9907,t008,FJTB
2531924962,5064604,3,pelvis,swing,-1.1553,-0.4836,0.4973,44.8608,-49.1333,4.5166,t008,FJTB
2531924962,5064620,3,pelvis,swing,-0.8549,-0.3375,0.3467,-12.8174,-44.8608,7.2021,t008,FJTB
2531924963,5064636,3,pelvis,swing,-0.8323,-0.2982,0.2723,-44.0674,-44.6167,9.0332,t008,FJTB
2531925027,5064653,3,pelvis,swing,-0.8441,-0.2689,0.1963,-47.8516,-41.9922,12.5122,t008,FJTB
2531925028,5064669,3,pelvis,swing,-0.8324,-0.2397,0.2086,-39.6729,-33.4473,18.3105,t008,FJTB
2531925028,5064685,3,pelvis,swing,-0.8585,-0.1495,0.2847,-29.0527,-30.4565,18.2495,t008,FJTB
2531925028,5064701,3,pelvis,swing,-0.9336,-0.0758,0.3269,1.8311,-27.9541,11.5356,t008,FJTB
2531925090,5064717,3,pelvis,swing,-0.9542,-0.0776,0.3077,35.2783,-26.9775,1.8311,t008,FJTB
2531925091,5064733,3,pelvis,swing,-0.9702,-0.1415,0.2695,46.0815,-27.6489,-1.1597,t008,FJTB
2531925091,5064749,3,pelvis,swing,-0.9730,-0.1882,0.2562,49.1333,-31.1890,-0.7324,t008,FJTB
2531925091,5064765,3,pelvis,swing,-0.9641,-0.2478,0.2130,43.8232,-33.7524,1.0376,t008,FJTB
2531925154,5064781,3,pelvis,swing,-0.9548,-0.2631,0.2330,31.0669,-36.9263,3.9062,t008,FJTB
2531925154,5064797,3,pelvis,swing,-0.9427,-0.2390,0.2451,24.2920,-30.6396,6.5308,t008,FJTB
2531925155,5064813,3,pelvis,swing,-0.9156,-0.1946,0.2872,25.6348,-27.2827,5.1880,t008,FJTB
2531925155,5064829,3,pelvis,swing,-0.9148,-0.2174,0.2950,31.6162,-19.3481,-0.3052,t008,FJTB
2531925214,5064845,3,pelvis,swing,-0.9054,-0.2510,0.2605,33.8135,-16.2964,-2.6855,t008,FJTB
2531925216,5064861,3,pelvis,swing,-0.9027,-0.2515,0.2654,33.1421,-13.4277,-6.5918,t008,FJTB
2531925216,5064877,3,pelvis,swing,-0.9032,-0.2720,0.3043,28.5645,-12.8174,-8.8501,t008,FJTB
2531925216,5064894,3,pelvis,swing,-0.9187,-0.2692,0.3214,26.3062,-12.7563,-9.0332,t008,FJTB
2531925278,5064910,3,pelvis,swing,-0.9330,-0.2329,0.3127,25.8179,-11.4136,-8.6670,t008,FJTB
2531925278,5064926,3,pelvis,swing,-0.9456,-0.1348,0.3130,29.2969,-9.3384,-8.9111,t008,FJTB
2531925279,5064942,3,pelvis,swing,-0.9424,-0.1307,0.3105,43.0298,-4.4556,-9.9487,t008,FJTB
2531925279,5064958,3,pelvis,swing,-0.9390,-0.1930,0.2629,54.4434,-0.7935,-10.8032,t008,FJTB
2531925337,5064974,3,pelvis,swing,-0.9410,-0.2688,0.1823,58.4717,0.0610,-12.2070,t008,FJTB
2531925339,5064990,3,pelvis,swing,-0.9314,-0.3003,0.1406,59.4482,1.2207,-11.8408,t008,FJTB
2531925339,5065006,3,pelvis,swing,-0.9271,-0.2891,0.0936,55.8472,1.2207,-11.4746,t008,FJTB
2531925401,5065022,3,pelvis,swing,-0.9313,-0.2644,0.0868,48.8281,-0.6714,-11.9629,t008,FJTB
2531925401,5065038,3,pelvis,swing,-0.9481,-0.2151,0.1265,47.4853,-2.0142,-12.1460,t008,FJTB
2531925402,5065054,3,pelvis,swing,-0.9552,-0.2137,0.1615,47.6685,-3.5400,-13.2446,t008,FJTB
2531925402,5065070,3,pelvis,swing,-0.9490,-0.2292,0.1710,49.1943,-3.8452,-15.2588,t008,FJTB
2531925460,5065086,3,pelvis,swing,-0.9336,-0.2769,0.1956,49.4385,-4.0894,-16.2354,t008,FJTB
2531925461,5065102,3,pelvis,swing,-0.9298,-0.3019,0.1986,48.5840,-5.9204,-15.8081,t008,FJTB
2531925461,5065118,3,pelvis,swing,-0.9343,-0.2994,0.2026,44.5557,-7.5684,-13.7329,t008,FJTB
2531925461,5065134,3,pelvis,swing,-0.9387,-0.2502,0.2024,42.9687,-7.5684,-13.6719,t008,FJTB
2531925520,5065150,3,pelvis,swing,-0.9355,-0.2252,0.1984,44.3726,-6.5918,-15.2588,t008,FJTB
2531925520,5065166,3,pelvis,swing,-0.9264,-0.1930,0.1913,47.0581,-6.5308,-16.7236,t008,FJTB
2531925521,5065183,3,pelvis,swing,-0.9247,-0.1875,0.1897,54.2603,-7.5073,-19.7144,t008,FJTB
2531925522,5065199,3,pelvis,swing,-0.9263,-0.2137,0.1918,62.6831,-10.0708,-20.5688,t008,FJTB
2531925579,5065215,3,pelvis,swing,-0.9218,-0.2585,0.1781,66.3452,-11.7187,-20.8130,t008,FJTB
2531925580,5065231,3,pelvis,swing,-0.9241,-0.2834,0.1720,70.6787,-15.8081,-21.4233,t008,FJTB
2531925581,5065247,3,pelvis,swing,-0.9286,-0.3054,0.1558,72.0825,-18.6157,-21.7285,t008,FJTB
2531925640,5065263,3,pelvis,swing,-0.9486,-0.3187,0.1857,66.1621,-19.1040,-20.2637,t008,FJTB
2531925641,5065279,3,pelvis,swing,-0.9454,-0.3043,0.1815,53.1006,-13.6108,-18.3716,t008,FJTB
2531925641,5065295,3,pelvis,swing,-0.9572,-0.3042,0.1754,46.6919,-12.5732,-18.6157,t008,FJTB
2531925642,5065312,3,pelvis,swing,-0.9624,-0.2981,0.1844,35.9497,-9.7656,-17.7612,t008,FJTB
2531925697,5065328,3,pelvis,swing,-0.9712,-0.2548,0.2417,32.0435,-6.8970,-17.6392,t008,FJTB
2531925700,5065344,3,pelvis,swing,-0.9901,-0.1738,0.3539,26.9165,1.4648,-18.1885,t008,FJTB
2531925700,5065360,3,pelvis,swing,-1.0066,-0.1431,0.4255,28.8086,12.9395,-19.8364,t008,FJTB
2531925701,5065376,3,pelvis,swing,-1.0317,-0.0979,0.4878,30.7617,20.9351,-21.1792,t008,FJTB
2531925760,5065392,3,pelvis,swing,-1.0371,-0.0649,0.5017,29.8462,39.6118,-23.2544,t008,FJTB
2531925760,5065408,3,pelvis,swing,-1.0116,0.0562,0.4611,29.8462,48.5229,-24.1089,t008,FJTB
2531925761,5065424,3,pelvis,swing,-0.9965,0.1051,0.4183,42.0532,58.7769,-29.1138,t008,FJTB
2531925761,5065440,3,pelvis,swing,-0.9973,0.1339,0.3004,65.1855,62.4390,-39.0015,t008,FJTB
2531925817,5065456,3,pelvis,swing,-1.1016,0.0964,0.1824,77.4536,62.1948,-43.9453,t008,FJTB
2531925819,5065472,3,pelvis,swing,-1.1550,0.0708,0.1240,96.3745,61.8286,-48.4009,t008,FJTB
2531925820,5065488,3,pelvis,swing,-1.1338,0.1161,0.0155,101.3184,61.8896,-48.4619,t008,FJTB
2531925879,5065504,3,pelvis,swing,-1.1101,0.2172,-0.0095,108.5815,60.4858,-52.8564,t008,FJTB
2531925879,5065520,3,pelvis,swing,-1.1571,0.4216,0.0253,113.1592,61.3403,-59.8144,t008,FJTB
2531925880,5065536,3,pelvis,swing,-1.2175,0.2864,0.1128,119.6289,70.6787,-72.0825,t008,FJTB
2531925880,5065551,3,pelvis,swing,-1.1787,0.1249,0.1172,122.9248,79.2847,-52.9175,t008,FJTB
2531925943,5065568,3,pelvis,swing,-0.9918,-0.0776,0.0614,125.7934,74.1577,-41.0156,t008,FJTB
2531925944,5065583,3,pelvis,swing,-0.9490,-0.1503,0.1053,114.7461,57.6172,-38.6353,t008,FJTB
2531925944,5065599,3,pelvis,swing,-0.9064,-0.1832,0.2014,98.3276,57.0679,-41.9311,t008,FJTB
2531925944,5065615,3,pelvis,swing,-0.8433,-0.1207,0.1986,61.7676,57.5561,-47.0581,t008,FJTB
2531926008,5065632,3,pelvis,swing,-0.8517,-0.0856,0.2322,30.3955,48.8892,-52.6123,t008,FJTB
2531926009,5065648,3,pelvis,swing,-0.9065,-0.0848,0.2864,18.9819,49.1333,-56.3354,t008,FJTB
2531926009,5065664,3,pelvis,swing,-0.8981,-0.1174,0.2406,-3.1738,48.7671,-53.2837,t008,FJTB
2531926066,5065680,3,pelvis,swing,-0.8491,-0.1154,0.2212,-13.6719,44.6167,-45.9595,t008,FJTB
2531926068,5065696,3,pelvis,swing,-0.8538,0.0083,0.3081,-25.0244,36.4990,-36.0107,t008,FJTB
2531926069,5065712,3,pelvis,swing,-0.8665,0.0752,0.3522,-18.4937,33.3862,-37.6587,t008,FJTB
2531926069,5065728,3,pelvis,swing,-0.8682,0.1863,0.4539,-9.2773,32.5928,-38.5742,t008,FJTB
2531926079,5065744,3,pelvis,swing,-0.8477,0.1986,0.4839,15.8691,32.2266,-42.6636,t008,FJTB
2531926127,5065760,3,pelvis,swing,-0.7966,0.1552,0.4475,29.1138,30.9448,-44.5557,t008,FJTB
2531926128,5065776,3,pelvis,swing,-0.8231,0.1094,0.4375,52.2461,23.8037,-45.0439,t008,FJTB
2531926128,5065792,3,pelvis,swing,-0.8419,0.0756,0.4397,68.4204,19.8975,-41.9922,t008,FJTB
2531926129,5065808,3,pelvis,swing,-0.8527,-0.0118,0.4419,72.6929,20.6909,-39.6729,t008,FJTB
2531926182,5065824,3,pelvis,swing,-0.8419,-0.0640,0.4537,72.0825,23.3765,-32.6538,t008,FJTB
2531926184,5065840,3,pelvis,swing,-0.7855,-0.1532,0.4863,68.1763,24.2310,-27.8320,t008,FJTB
2531926185,5065856,3,pelvis,swing,-0.7122,-0.1913,0.4973,55.6030,23.1934,-21.3623,t008,FJTB
2531926243,5065872,3,pelvis,swing,-0.6897,-0.1831,0.5079,35.7666,19.5313,-18.0664,t008,FJTB
2531926244,5065888,3,pelvis,swing,-0.6603,-0.0811,0.5236,25.3906,17.7002,-16.2354,t008,FJTB
2531926244,5065904,3,pelvis,swing,-0.6636,-0.0103,0.5378,14.4043,13.7329,-14.0381,t008,FJTB
2531926297,5065920,3,pelvis,swing,-0.6859,0.1263,0.5695,16.4795,12.9395,-14.4043,t008,FJTB
