timestamp_pc_ms,timestamp_arduino_ms,sensor_id,placement,phase,ax,ay,az,gx,gy,gz,trial_id,subject_id
2531936148,5075816,3,pelvis,loading,-0.9611,-0.1919,0.0521,3.9062,-0.7324,-2.1362,t009,FJTB
2531936151,5075832,3,pelvis,loading,-0.9562,-0.2363,0.0361,2.5635,-4.6387,-2.6245,t009,FJTB
2531936197,5075848,3,pelvis,loading,-0.9622,-0.2388,0.0345,-1.5869,-5.1880,-3.4790,t009,FJTB
2531936198,5075865,3,pelvis,loading,-0.9963,-0.2114,0.0626,-3.4790,-3.9673,-4.5776,t009,FJTB
2531936199,5075881,3,pelvis,loading,-0.9979,-0.1995,0.0754,-5.9204,1.2817,-8.0566,t009,FJTB
2531936244,5075897,3,pelvis,loading,-0.9722,-0.1755,0.0956,-7.0190,4.5166,-9.2163,t009,FJTB
2531936246,5075913,3,pelvis,loading,-0.9866,-0.1407,0.1244,-8.2397,10.3760,-10.1929,t009,FJTB
2531936271,5075929,3,pelvis,loading,-0.9938,-0.1285,0.1333,-7.5684,13.7329,-9.8877,t009,FJTB
2531936293,5075945,3,pelvis,loading,-0.9890,-0.1108,0.1364,-6.0425,14.5264,-9.0942,t009,FJTB
2531936294,5075961,3,pelvis,loading,-0.9897,-0.0968,0.1243,1.2207,15.9302,-8.3008,t009,FJTB
2531936336,5075977,3,pelvis,loading,-0.9655,-0.0774,0.0660,6.5308,15.8691,-8.2397,t009,FJTB
2531936336,5075993,3,pelvis,loading,-0.9557,-0.0603,0.0491,16.2354,13.2446,-8.0566,t009,FJTB
2531936338,5076009,3,pelvis,loading,-0.9517,-0.0522,0.0173,22.5830,8.1177,-9.3384,t009,FJTB
2531936387,5076025,3,pelvis,loading,-0.9633,-0.1051,-0.0457,25.4517,5.2490,-9.5215,t009,FJTB
2531936387,5076041,3,pelvis,loading,-0.9707,-0.1296,-0.0420,26.9165,2.0752,-8.2397,t009,FJTB
2531936387,5076057,3,pelvis,loading,-0.9777,-0.1542,0.0009,24.1699,1.4038,-7.6294,t009,FJTB
2531936432,5076073,3,pelvis,loading,-0.9786,-0.1558,0.0211,15.4419,-0.5493,-7.4463,t009,FJTB
2531936433,5076089,3,pelvis,loading,-0.9767,-0.1597,0.0634,10.0708,-0.8545,-8.7280,t009,FJTB
2531936434,5076105,3,pelvis,loading,-0.9725,-0.1812,0.0856,9.0332,-0.3662,-9.0332,t009,FJTB
2531936478,5076121,3,pelvis,loading,-0.9689,-0.1862,0.0939,4.8218,0.6714,-8.8501,t009,FJTB
2531936479,5076137,3,pelvis,loading,-0.9670,-0.1769,0.1365,0.8545,1.1597,-8.5449,t009,FJTB
2531936479,5076153,3,pelvis,loading,-0.9711,-0.1700,0.1664,-8.4839,3.4180,-7.8735,t009,FJTB
2531936521,5076169,3,pelvis,loading,-0.9796,-0.1661,0.2258,-12.6953,5.4932,-7.1411,t009,FJTB
2531936523,5076185,3,pelvis,loading,-0.9919,-0.1733,0.2933,-18.9209,11.9629,-4.8218,t009,FJTB
2531936523,5076201,3,pelvis,loading,-0.9993,-0.1798,0.3333,-23.3154,20.6299,-0.7935,t009,FJTB
2531936570,5076218,3,pelvis,loading,-1.0087,-0.1912,0.4282,-26.2451,25.3906,1.5869,t009,FJTB
2531936571,5076234,3,pelvis,loading,-1.0044,-0.1888,0.4791,-34.5459,35.1563,6.5308,t009,FJTB
2531936571,5076249,3,pelvis,loading,-0.9913,-0.1616,0.5583,-39.0625,39.2456,8.1787,t009,FJTB
2531936615,5076266,3,pelvis,loading,-0.9852,-0.1328,0.6597,-45.3491,47.3022,8.4229,t009,FJTB
2531936617,5076282,3,pelvis,loading,-0.9623,-0.1252,0.6400,-42.9687,56.3965,4.5776,t009,FJTB
2531936617,5076297,3,pelvis,loading,-0.9177,-0.0580,0.5492,-40.4053,56.9458,2.9297,t009,FJTB
2531936663,5076313,3,pelvis,loading,-0.9258,-0.0076,0.5018,-30.1514,59.5703,-3.5400,t009,FJTB
2531936663,5076329,3,pelvis,loading,-0.9834,0.0543,0.3944,-21.2402,62.3169,-7.9956,t009,FJTB
2531936664,5076346,3,pelvis,loading,-1.0742,0.0388,0.3601,-0.9766,67.2607,-15.6250,t009,FJTB
2531936706,5076362,3,pelvis,loading,-1.1285,0.0134,0.3671,20.3247,75.4395,-18.4326,t009,FJTB
2531936707,5076377,3,pelvis,loading,-1.2407,-0.0354,0.3945,29.9072,83.9233,-18.7378,t009,FJTB
2531936756,5076394,3,pelvis,loading,-1.2472,-0.0963,0.3319,44.1894,98.6328,-12.7563,t009,FJTB
2531936757,5076410,3,pelvis,loading,-1.1095,-0.2120,0.1638,44.4946,93.4448,-1.7700,t009,FJTB
2531936757,5076426,3,pelvis,loading,-0.9875,-0.1688,0.1520,34.6680,74.1577,19.1040,t009,FJTB
2531936801,5076442,3,pelvis,loading,-0.9536,-0.1237,0.1132,18.2495,66.9556,18.0054,t009,FJTB
2531936802,5076457,3,pelvis,loading,-0.8989,-0.0170,0.0463,6.4697,62.6221,14.5874,t009,FJTB
2531936802,5076473,3,pelvis,loading,-0.8730,0.0240,0.0461,-8.9722,49.1333,6.7749,t009,FJTB
2531936853,5076489,3,pelvis,loading,-0.8770,0.0079,0.0732,-9.6436,43.7012,2.8076,t009,FJTB
2531936854,5076505,3,pelvis,loading,-0.8839,-0.0282,0.1176,-11.7798,37.7197,2.8687,t009,FJTB
2531936855,5076522,3,pelvis,loading,-0.8732,-0.0457,0.1556,-18.0664,40.5273,10.0098,t009,FJTB
2531936900,5076538,3,pelvis,loading,-0.7710,-0.0878,0.1630,-18.0664,42.2974,15.1367,t009,FJTB
2531936903,5076554,3,pelvis,loading,-0.7178,-0.1135,0.1499,-14.8315,32.1655,22.4609,t009,FJTB
2531936904,5076570,3,pelvis,loading,-0.6782,-0.1394,0.1815,-14.6484,24.8413,24.0478,t009,FJTB
2531936904,5076586,3,pelvis,loading,-0.6776,-0.1376,0.2429,-17.7612,15.5029,24.2920,t009,FJTB
2531936954,5076602,3,pelvis,loading,-0.6865,-0.1537,0.2830,-31.9214,7.8735,26.3672,t009,FJTB
2531936954,5076618,3,pelvis,loading,-0.6840,-0.1556,0.3922,-42.3584,4.4556,30.0293,t009,FJTB
2531936954,5076634,3,pelvis,loading,-0.6715,-0.1456,0.4645,-48.2178,-3.2349,35.2783,t009,FJTB
2531937001,5076650,3,pelvis,loading,-0.6729,-0.1207,0.6299,-40.7715,-5.9814,34.8511,t009,FJTB
2531937002,5076666,3,pelvis,loading,-0.6802,-0.0693,0.6863,-20.8130,-9.2773,29.9072,t009,FJTB
2531937002,5076682,3,pelvis,loading,-0.6877,0.0345,0.7714,-9.4604,-13.9160,23.0103,t009,FJTB
2531937035,5076698,3,pelvis,loading,-0.6710,0.0579,0.7728,-3.9673,-16.6016,19.4702,t009,FJTB
2531937052,5076714,3,pelvis,loading,-0.6829,0.0540,0.7512,9.6436,-21.3013,13.8550,t009,FJTB
2531937053,5076729,3,pelvis,loading,-0.7183,-0.0007,0.7246,13.1836,-21.9116,13.9160,t009,FJTB
2531937100,5076745,3,pelvis,loading,-0.7076,-0.0387,0.6626,17.0288,-24.9634,17.0898,t009,FJTB
2531937101,5076761,3,pelvis,loading,-0.7924,-0.0870,0.5430,20.6909,-31.1890,17.8833,t009,FJTB
2531937101,5076777,3,pelvis,loading,-1.2373,-0.0149,0.6781,16.6626,-42.1753,9.4604,t009,FJTB
2531937150,5076793,3,pelvis,loading,-1.5094,0.0587,0.8124,-35.9497,-21.7285,-8.6670,t009,FJTB
2531937151,5076810,3,pelvis,loading,-1.3774,-0.1169,0.6689,-52.9785,-5.5542,-6.1646,t009,FJTB
2531937151,5076826,3,pelvis,loading,-1.0178,-0.3159,0.4404,-20.8130,-14.5874,17.5781,t009,FJTB
2531937198,5076842,3,pelvis,loading,-0.5964,-0.4047,0.1527,3.8452,-31.4941,21.3623,t009,FJTB
2531937198,5076858,3,pelvis,loading,-0.6527,-0.1782,0.0197,30.3955,-49.0112,7.8735,t009,FJTB
2531937199,5076874,3,pelvis,loading,-0.6991,-0.1399,-0.0387,33.7524,-44.5557,3.9673,t009,FJTB
2531937247,5076890,3,pelvis,loading,-0.8960,-0.1932,0.0771,22.5220,-41.1377,9.8877,t009,FJTB
2531937248,5076906,3,pelvis,loading,-1.0315,-0.2024,0.1929,-10.0708,-34.1797,16.4185,t009,FJTB
2531937248,5076922,3,pelvis,loading,-1.1868,-0.1346,0.2906,-18.4326,-30.7007,13.6719,t009,FJTB
2531937294,5076938,3,pelvis,loading,-1.0911,-0.0824,0.3104,-14.8315,-28.9307,5.6152,t009,FJTB
2531937295,5076954,3,pelvis,loading,-1.0150,-0.1179,0.2969,-0.9155,-30.4565,2.1973,t009,FJTB
2531937295,5076970,3,pelvis,loading,-0.8900,-0.2074,0.1912,4.7607,-32.2876,2.8076,t009,FJTB
2531937343,5076986,3,pelvis,loading,-0.8790,-0.2083,0.1726,10.9253,-36.4990,6.2256,t009,FJTB
2531937343,5077002,3,pelvis,loading,-0.9082,-0.1947,0.2135,11.2915,-35.2783,7.2632,t009,FJTB
2531937343,5077018,3,pelvis,loading,-0.9777,-0.2103,0.2146,6.1646,-26.6724,5.9204,t009,FJTB
2531937386,5077034,3,pelvis,loading,-1.0149,-0.2156,0.2063,-3.2349,-16.2354,6.7139,t009,FJTB
2531937387,5077050,3,pelvis,loading,-1.0027,-0.2277,0.2086,-7.2632,-11.5967,7.6904,t009,FJTB
2531937388,5077066,3,pelvis,loading,-0.9749,-0.2290,0.2089,-10.6201,-7.1411,5.7373,t009,FJTB
2531937426,5077082,3,pelvis,loading,-0.9369,-0.2162,0.1820,-9.7046,-8.1177,3.1128,t009,FJTB
2531937436,5077098,3,pelvis,loading,-0.9476,-0.1897,0.1702,-2.7466,-14.0991,-2.0752,t009,FJTB
2531937436,5077114,3,pelvis,loading,-0.9486,-0.1688,0.1785,7.1411,-18.3105,-2.9907,t009,FJTB
2531937480,5077130,3,pelvis,loading,-0.9448,-0.1166,0.2112,11.6577,-18.7378,-2.6245,t009,FJTB
2531937482,5077146,3,pelvis,loading,-0.9528,-0.1068,0.2206,21.1182,-18.9819,-2.8076,t009,FJTB
2531937482,5077163,3,pelvis,loading,-0.9677,-0.1373,0.2322,26.6724,-18.9819,-2.8687,t009,FJTB
2531937529,5077179,3,pelvis,loading,-0.9462,-0.1958,0.2354,36.0107,-17.5781,-3.5400,t009,FJTB
2531937529,5077195,3,pelvis,loading,-0.9302,-0.2289,0.2323,38.0249,-15.5640,-6.0425,t009,FJTB
2531937529,5077211,3,pelvis,loading,-0.9186,-0.2849,0.2382,35.0342,-14.2212,-7.2632,t009,FJTB
2531937572,5077227,3,pelvis,loading,-0.9236,-0.3015,0.2448,23.3765,-11.4746,-8.2397,t009,FJTB
2531937574,5077243,3,pelvis,loading,-0.9401,-0.2738,0.2649,16.2964,-10.1929,-8.1787,t009,FJTB
2531937620,5077259,3,pelvis,loading,-0.9454,-0.1729,0.2919,4.5166,-7.9956,-7.8735,t009,FJTB
2531937621,5077275,3,pelvis,loading,-0.9392,-0.1157,0.3059,2.6245,-7.4463,-7.0190,t009,FJTB
2531937621,5077291,3,pelvis,loading,-0.9094,-0.0573,0.3195,6.7749,-8.3618,-7.2021,t009,FJTB
2531937664,5077307,3,pelvis,loading,-0.8972,-0.0671,0.3098,24.2310,-13.0005,-8.3618,t009,FJTB
2531937666,5077323,3,pelvis,loading,-0.9088,-0.1327,0.2633,35.0952,-15.8081,-9.3994,t009,FJTB
2531937666,5077339,3,pelvis,loading,-0.9274,-0.1804,0.2301,52.0630,-20.3857,-11.4746,t009,FJTB
2531937714,5077355,3,pelvis,loading,-0.9624,-0.2515,0.1760,55.3589,-21.7285,-11.7798,t009,FJTB
2531937714,5077371,3,pelvis,loading,-0.9771,-0.2645,0.2065,50.1709,-19.2261,-11.9019,t009,FJTB
2531937714,5077387,3,pelvis,loading,-0.9791,-0.2629,0.2241,37.7808,-10.0098,-11.5356,t009,FJTB
2531937759,5077403,3,pelvis,loading,-0.9908,-0.2500,0.2117,32.2266,-5.8594,-10.9253,t009,FJTB
2531937759,5077419,3,pelvis,loading,-0.9960,-0.2205,0.1997,23.6816,-1.0376,-9.8267,t009,FJTB
2531937760,5077435,3,pelvis,loading,-0.9866,-0.1316,0.1919,21.7285,0.4272,-10.1318,t009,FJTB
2531937800,5077451,3,pelvis,loading,-0.9594,-0.0663,0.1621,24.0478,3.3569,-11.8408,t009,FJTB
2531937807,5077467,3,pelvis,loading,-0.9545,-0.0481,0.1261,31.4941,4.2725,-14.1602,t009,FJTB
2531937808,5077483,3,pelvis,loading,-0.9658,-0.0531,0.0702,36.9263,3.9062,-15.3198,t009,FJTB
2531937852,5077499,3,pelvis,loading,-0.9668,-0.0760,0.0535,49.2554,4.2725,-15.7471,t009,FJTB
2531937853,5077515,3,pelvis,loading,-0.9595,-0.1417,0.0404,53.8940,4.5166,-15.1367,t009,FJTB
2531937853,5077531,3,pelvis,loading,-0.9541,-0.2312,0.0482,56.7627,4.4556,-12.9395,t009,FJTB
2531937902,5077547,3,pelvis,loading,-0.9548,-0.2754,0.0640,49.1333,4.4556,-10.0098,t009,FJTB
2531937903,5077563,3,pelvis,loading,-0.9685,-0.3379,0.1079,42.5415,4.9438,-9.0332,t009,FJTB
2531937903,5077579,3,pelvis,loading,-0.9751,-0.3345,0.1285,26.0010,5.3711,-7.2632,t009,FJTB
2531937950,5077595,3,pelvis,loading,-0.9805,-0.2565,0.1737,17.9443,4.4556,-6.7139,t009,FJTB
2531937951,5077612,3,pelvis,loading,-0.9773,-0.1553,0.1884,8.6060,3.6011,-6.5308,t009,FJTB
2531937951,5077627,3,pelvis,loading,-0.9722,-0.1166,0.1830,8.5449,4.5166,-7.0190,t009,FJTB
2531938000,5077643,3,pelvis,loading,-0.9595,-0.0736,0.1564,10.3149,5.0049,-7.0801,t009,FJTB
2531938001,5077659,3,pelvis,loading,-0.9519,-0.0704,0.1448,15.2588,5.4932,-5.7373,t009,FJTB
2531938001,5077676,3,pelvis,loading,-0.9314,-0.1001,0.1355,17.3950,5.0659,-4.6387,t009,FJTB
2531938047,5077692,3,pelvis,loading,-0.9333,-0.1613,0.1311,19.5313,1.7090,-4.5776,t009,FJTB
2531938048,5077708,3,pelvis,loading,-0.9481,-0.1960,0.1356,19.1040,-4.4556,-6.1646,t009,FJTB
2531938049,5077724,3,pelvis,loading,-0.9769,-0.2333,0.1648,17.4561,-6.6528,-5.8594,t009,FJTB
2531938098,5077740,3,pelvis,loading,-0.9790,-0.2236,0.1832,11.9629,-8.9722,-4.5166,t009,FJTB
2531938098,5077756,3,pelvis,loading,-0.9611,-0.1696,0.2054,9.4604,-9.2773,-4.2725,t009,FJTB
2531938098,5077772,3,pelvis,loading,-0.9473,-0.1282,0.2271,6.9580,-8.3008,-4.6997,t009,FJTB
2531938144,5077788,3,pelvis,loading,-0.9421,-0.1163,0.2391,5.1880,-5.4932,-5.4932,t009,FJTB
2531938144,5077804,3,pelvis,loading,-0.9340,-0.1039,0.2474,4.3945,-4.5166,-5.6763,t009,FJTB
2531938144,5077820,3,pelvis,loading,-0.9333,-0.1036,0.2408,5.1880,-5.0049,-5.1880,t009,FJTB
2531938193,5077837,3,pelvis,loading,-0.9497,-0.1157,0.2261,6.7749,-5.8594,-4.6387,t009,FJTB
2531938193,5077853,3,pelvis,loading,-0.9666,-0.1322,0.2325,9.8877,-6.9580,-2.9297,t009,FJTB
2531938193,5077869,3,pelvis,loading,-0.9673,-0.1367,0.2328,11.3525,-7.0190,-1.5869,t009,FJTB
2531938238,5077885,3,pelvis,loading,-0.9579,-0.1427,0.2136,11.9629,-7.0190,-1.4038,t009,FJTB
2531938239,5077901,3,pelvis,loading,-0.9506,-0.1432,0.1982,12.6953,-6.9580,-2.0752,t009,FJTB
2531938240,5077917,3,pelvis,loading,-0.9408,-0.1495,0.1733,12.5732,-6.8359,-2.6855,t009,FJTB
2531938286,5077933,3,pelvis,loading,-0.9437,-0.1622,0.1576,10.9253,-6.1646,-3.4790,t009,FJTB
2531938286,5077949,3,pelvis,loading,-0.9485,-0.1692,0.1472,7.0190,-5.4932,-3.9062,t009,FJTB
2531938287,5077965,3,pelvis,loading,-0.9633,-0.1813,0.1329,3.8452,-5.9204,-4.0283,t009,FJTB
2531938329,5077981,3,pelvis,loading,-0.9755,-0.1837,0.1273,-2.0142,-8.6060,-4.0283,t009,FJTB
2531938330,5077998,3,pelvis,loading,-0.9862,-0.1644,0.0781,-3.4180,-10.2539,-4.0283,t009,FJTB
2531938376,5078014,3,pelvis,loading,-0.9583,-0.0725,-0.0221,-1.5259,-14.1602,-5.1880,t009,FJTB
2531938377,5078030,3,pelvis,loading,-0.9512,-0.0254,-0.0342,7.0801,-15.0146,-6.7139,t009,FJTB
2531938377,5078046,3,pelvis,loading,-0.9604,-0.0344,0.0150,10.0708,-12.7563,-6.4697,t009,FJTB
2531938420,5078062,3,pelvis,loading,-0.9695,-0.0901,0.0515,7.3242,-9.1553,-4.0283,t009,FJTB
2531938422,5078078,3,pelvis,loading,-0.9918,-0.1534,0.1138,4.1504,-9.3384,-2.5024,t009,FJTB
2531938422,5078094,3,pelvis,loading,-0.9982,-0.1375,0.1467,2.8076,-10.8032,-1.1597,t009,FJTB
2531938468,5078110,3,pelvis,loading,-0.9954,-0.1249,0.1494,6.8359,-11.3525,-1.0376,t009,FJTB
2531938469,5078126,3,pelvis,loading,-0.9895,-0.1063,0.1469,8.4229,-11.1694,-0.9155,t009,FJTB
2531938469,5078143,3,pelvis,loading,-0.9841,-0.1007,0.1469,9.5215,-10.3149,-0.4883,t009,FJTB
2531938511,5078159,3,pelvis,loading,-0.9711,-0.1078,0.1395,11.4136,-10.0098,-0.7324,t009,FJTB
2531938513,5078175,3,pelvis,loading,-0.9657,-0.1362,0.1281,12.5732,-10.0098,-0.8545,t009,FJTB
2531938513,5078191,3,pelvis,loading,-0.9655,-0.1462,0.1235,14.0381,-10.0098,-0.7324,t009,FJTB
2531938559,5078208,3,pelvis,loading,-0.9663,-0.1542,0.1078,14.1602,-9.8877,-0.7935,t009,FJTB
2531938560,5078224,3,pelvis,loading,-0.9667,-0.1595,0.0950,13.3667,-9.3384,-0.7935,t009,FJTB
2531938560,5078240,3,pelvis,loading,-0.9692,-0.1642,0.0937,11.2915,-7.9956,-0.5493,t009,FJTB
2531938602,5078256,3,pelvis,loading,-0.9821,-0.1787,0.0978,9.3994,-7.4463,-0.4272,t009,FJTB
2531938604,5078272,3,pelvis,loading,-0.9854,-0.1827,0.0985,3.7231,-6.4697,-0.3052,t009,FJTB
2531938650,5078288,3,pelvis,loading,-0.9795,-0.1755,0.0990,0.7935,-6.2866,-0.3052,t009,FJTB
2531938651,5078304,3,pelvis,loading,-0.9746,-0.1547,0.0988,-3.0518,-5.6763,-0.2441,t009,FJTB
2531938652,5078320,3,pelvis,loading,-0.9750,-0.1447,0.0981,-4.3945,-4.7607,-0.6104,t009,FJTB
2531938675,5078336,3,pelvis,loading,-0.9733,-0.1305,0.0833,-4.4556,-4.5166,-1.0376,t009,FJTB
2531938695,5078353,3,pelvis,loading,-0.9698,-0.1272,0.0718,-3.1738,-4.7607,-2.1362,t009,FJTB
2531938697,5078369,3,pelvis,loading,-0.9694,-0.1302,0.0503,-1.9531,-4.8218,-2.6245,t009,FJTB
2531938744,5078385,3,pelvis,loading,-0.9735,-0.1313,0.0447,0.1831,-4.1504,-2.5024,t009,FJTB
2531938745,5078401,3,pelvis,loading,-0.9761,-0.1339,0.0475,0.7935,-2.7466,-1.9531,t009,FJTB
2531938745,5078417,3,pelvis,loading,-0.9750,-0.1461,0.0460,0.6104,-2.2583,-2.0142,t009,FJTB
2531938789,5078434,3,pelvis,loading,-0.9713,-0.1481,0.0411,0.0000,-1.8921,-2.4414,t009,FJTB
2531938790,5078450,3,pelvis,loading,-0.9709,-0.1353,0.0394,-0.3662,-1.8921,-2.5635,t009,FJTB
2531938791,5078466,3,pelvis,loading,-0.9772,-0.1243,0.0515,-1.0376,-1.5259,-2.4414,t009,FJTB
2531938839,5078482,3,pelvis,loading,-0.9796,-0.1248,0.0486,-1.3428,-2.0752,-2.5635,t009,FJTB
2531938839,5078498,3,pelvis,loading,-0.9773,-0.1221,0.0403,-1.3428,-2.8687,-2.7466,t009,FJTB
2531938840,5078515,3,pelvis,loading,-0.9703,-0.1177,0.0393,-0.3662,-4.5166,-3.2349,t009,FJTB
2531938883,5078531,3,pelvis,loading,-0.9702,-0.1191,0.0408,0.1831,-5.5542,-3.2959,t009,FJTB
2531938885,5078547,3,pelvis,loading,-0.9716,-0.1300,0.0565,-0.3662,-5.6763,-3.1738,t009,FJTB
2531938886,5078563,3,pelvis,loading,-0.9707,-0.1377,0.0608,-1.9531,-5.9204,-3.1738,t009,FJTB
2531938933,5078579,3,pelvis,loading,-0.9723,-0.1415,0.0581,-2.7466,-6.3477,-3.3569,t009,FJTB
2531938934,5078595,3,pelvis,loading,-0.9783,-0.1289,0.0665,-4.0894,-6.8970,-3.6011,t009,FJTB
2531938934,5078612,3,pelvis,loading,-0.9794,-0.1255,0.0708,-5.3101,-6.7139,-3.7231,t009,FJTB
2531938977,5078628,3,pelvis,loading,-0.9794,-0.1249,0.0853,-6.2256,-6.2866,-3.6011,t009,FJTB
2531938980,5078644,3,pelvis,loading,-0.9789,-0.1224,0.0967,-7.6294,-4.3945,-2.7466,t009,FJTB
2531938980,5078660,3,pelvis,loading,-0.9821,-0.1284,0.1219,-7.3242,-3.3569,-2.5635,t009,FJTB
2531939028,5078677,3,pelvis,loading,-0.9856,-0.1569,0.1310,-6.1035,-1.8311,-2.8076,t009,FJTB
2531939028,5078693,3,pelvis,loading,-0.9840,-0.1661,0.1207,-6.3477,-1.0376,-2.9907,t009,FJTB
2531939028,5078709,3,pelvis,loading,-0.9802,-0.1576,0.1023,-6.5918,-0.6104,-3.0518,t009,FJTB
2531939072,5078725,3,pelvis,loading,-0.9803,-0.1465,0.1018,-6.8359,0.4272,-3.4180,t009,FJTB
2531939075,5078741,3,pelvis,loading,-0.9772,-0.1238,0.1133,-6.7139,1.0376,-3.4790,t009,FJTB
2531939076,5078757,3,pelvis,loading,-0.9703,-0.1211,0.1204,-5.9814,2.4414,-3.5400,t009,FJTB
2531939124,5078773,3,pelvis,loading,-0.9684,-0.1238,0.1187,-5.7983,3.1738,-4.0894,t009,FJTB
2531939124,5078789,3,pelvis,loading,-0.9714,-0.1292,0.1001,-5.6763,3.0518,-4.3945,t009,FJTB
2531939125,5078805,3,pelvis,loading,-0.9747,-0.1277,0.0902,-4.6387,2.7466,-5.0659,t009,FJTB
2531939171,5078821,3,pelvis,loading,-0.9766,-0.1232,0.0608,-3.9673,2.3193,-5.6152,t009,FJTB
2531939172,5078837,3,pelvis,loading,-0.9755,-0.1254,0.0687,-4.0283,1.5259,-5.5542,t009,FJTB
2531939172,5078853,3,pelvis,loading,-0.9736,-0.1312,0.0876,-5.9814,2.9907,-4.0894,t009,FJTB
2531939222,5078869,3,pelvis,loading,-0.9752,-0.1541,0.1442,-8.1177,4.6997,-3.2349,t009,FJTB
2531939222,5078885,3,pelvis,loading,-0.9788,-0.1625,0.1779,-14.3433,9.2773,-2.1973,t009,FJTB
2531939223,5078902,3,pelvis,loading,-0.9889,-0.1635,0.2106,-17.8833,11.5967,-2.1362,t009,FJTB
2531939269,5078918,3,pelvis,loading,-0.9824,-0.1417,0.1741,-23.1934,14.7705,-2.9907,t009,FJTB
2531939270,5078934,3,pelvis,loading,-0.9719,-0.1299,0.1494,-23.8647,14.2212,-3.5400,t009,FJTB
2531939271,5078950,3,pelvis,loading,-0.9629,-0.1102,0.0925,-22.3389,13.0005,-3.6621,t009,FJTB
2531939320,5078966,3,pelvis,loading,-0.9752,-0.1049,0.0907,-17.8223,12.6953,-3.1128,t009,FJTB
2531939320,5078982,3,pelvis,loading,-1.0017,-0.1063,0.1549,-16.5405,14.8315,-2.1973,t009,FJTB
2531939321,5078998,3,pelvis,loading,-0.9819,-0.1106,0.2030,-18.9819,21.1792,-0.7935,t009,FJTB
2531939367,5079014,3,pelvis,loading,-0.9688,-0.1222,0.2002,-22.2168,23.0103,0.3662,t009,FJTB
2531939368,5079030,3,pelvis,loading,-0.9637,-0.1162,0.2267,-22.5220,23.2544,1.5869,t009,FJTB
2531939369,5079046,3,pelvis,loading,-0.9480,-0.0828,0.2200,-23.3765,24.4141,0.1221,t009,FJTB
2531939418,5079062,3,pelvis,loading,-0.9087,-0.0493,0.0168,-20.8740,21.1792,-2.1973,t009,FJTB
2531939418,5079078,3,pelvis,loading,-0.9592,-0.0406,-0.0422,-10.0098,10.7422,-1.8921,t009,FJTB
2531939418,5079095,3,pelvis,loading,-0.9835,-0.0292,-0.0129,-2.2583,10.2539,-1.8311,t009,FJTB
2531939466,5079111,3,pelvis,loading,-1.0217,-0.0612,0.0648,-1.8311,11.6577,-2.2583,t009,FJTB
2531939468,5079127,3,pelvis,loading,-1.0477,-0.0959,0.1296,-8.2397,15.0757,0.5493,t009,FJTB
2531939468,5079143,3,pelvis,loading,-1.0853,-0.1549,0.2638,-13.4888,18.1274,2.8687,t009,FJTB
2531939519,5079159,3,pelvis,loading,-1.0537,-0.1757,0.2881,-20.3247,23.5596,7.1411,t009,FJTB
2531939519,5079175,3,pelvis,loading,-1.0220,-0.1669,0.2719,-14.7705,24.4141,8.3618,t009,FJTB
2531939520,5079191,3,pelvis,loading,-0.9893,-0.1112,0.2727,-10.3760,24.1699,7.5684,t009,FJTB
2531939566,5079207,3,pelvis,loading,-0.9888,-0.0753,0.2936,-8.9111,27.8931,3.3569,t009,FJTB
2531939568,5079223,3,pelvis,loading,-0.9849,-0.0253,0.2754,-11.2305,30.9448,0.6104,t009,FJTB
2531939569,5079239,3,pelvis,loading,-0.9865,0.0107,0.2231,-14.5264,33.5083,-2.6855,t009,FJTB
2531939620,5079255,3,pelvis,loading,-1.0002,0.0289,0.2343,-13.7329,34.7290,-3.9062,t009,FJTB
2531939621,5079271,3,pelvis,loading,-1.0197,0.0540,0.2611,-10.8032,37.4146,-4.8828,t009,FJTB
2531939621,5079287,3,pelvis,loading,-1.0127,0.0538,0.2430,-0.8545,41.3208,-5.6763,t009,FJTB
2531939621,5079303,3,pelvis,loading,-0.9985,0.0079,0.1909,4.0283,40.9546,-4.9438,t009,FJTB
2531939667,5079319,3,pelvis,loading,-0.9802,-0.0559,0.1677,11.1694,38.5132,-0.4883,t009,FJTB
2531939670,5079335,3,pelvis,loading,-0.9714,-0.0790,0.1731,14.2822,38.4521,2.9907,t009,FJTB
2531939670,5079350,3,pelvis,loading,-0.9657,-0.1388,0.1544,14.5874,39.0015,3.1128,t009,FJTB
2531939720,5079366,3,pelvis,loading,-0.9657,-0.1650,0.1448,7.9346,39.1846,3.1738,t009,FJTB
2531939721,5079382,3,pelvis,loading,-0.9636,-0.1708,0.1742,0.5493,39.6118,3.9062,t009,FJTB
2531939721,5079398,3,pelvis,loading,-0.9543,-0.1539,0.1991,-15.8081,40.6494,6.8359,t009,FJTB
2531939769,5079414,3,pelvis,loading,-0.9170,-0.1006,0.2382,-22.6440,40.2832,8.5449,t009,FJTB
2531939769,5079430,3,pelvis,loading,-0.8900,-0.0537,0.2756,-30.6396,38.2690,10.0708,t009,FJTB
2531939770,5079446,3,pelvis,loading,-0.8907,-0.0363,0.3000,-31.0669,36.8652,8.4839,t009,FJTB
2531939820,5079462,3,pelvis,loading,-0.8972,-0.0070,0.3405,-29.7852,36.8042,7.2021,t009,FJTB
2531939821,5079478,3,pelvis,loading,-0.8933,0.0077,0.3651,-26.7334,37.3535,4.6997,t009,FJTB
2531939821,5079494,3,pelvis,loading,-0.8666,0.0013,0.3942,-24.5361,37.4146,3.6011,t009,FJTB
2531939867,5079510,3,pelvis,loading,-0.8491,-0.0365,0.3915,-18.9819,34.3018,2.3193,t009,FJTB
2531939869,5079526,3,pelvis,loading,-0.8538,-0.0479,0.4064,-15.2588,30.3955,1.5259,t009,FJTB
2531939870,5079542,3,pelvis,loading,-0.8568,-0.0631,0.3936,-14.7705,28.9307,1.2207,t009,FJTB
2531939921,5079558,3,pelvis,loading,-0.8618,-0.0629,0.4120,-18.3105,25.1465,2.3804,t009,FJTB
2531939921,5079574,3,pelvis,loading,-0.8451,-0.0618,0.4269,-21.0571,25.8789,1.7090,t009,FJTB
2531939922,5079590,3,pelvis,loading,-0.7974,-0.0933,0.3608,-23.3154,24.8413,-0.5493,t009,FJTB
2531939968,5079606,3,pelvis,loading,-0.8113,-0.1156,0.3835,-17.2119,19.1650,1.5869,t009,FJTB
2531939969,5079622,3,pelvis,loading,-0.8733,-0.1155,0.5272,-13.9160,18.9819,2.5024,t009,FJTB
2531939970,5079638,3,pelvis,loading,-0.8798,-0.0939,0.6195,-15.5029,22.9492,4.0894,t009,FJTB
2531940024,5079654,3,pelvis,loading,-0.8281,-0.0536,0.7710,-20.2637,25.0854,5.9204,t009,FJTB
2531940026,5079670,3,pelvis,loading,-0.7542,-0.0278,0.8302,-27.3437,25.4517,9.5215,t009,FJTB
2531940079,5079686,3,pelvis,loading,-0.7389,-0.0151,0.8289,-18.3105,24.8413,5.9204,t009,FJTB
2531940081,5079702,3,pelvis,loading,-0.7443,-0.0009,0.7465,-10.7422,24.9634,2.5024,t009,FJTB
2531940081,5079718,3,pelvis,loading,-0.7443,0.0187,0.6908,2.3193,22.8271,-2.0142,t009,FJTB
2531940083,5079734,3,pelvis,loading,-0.7488,0.0513,0.5829,8.9722,22.8271,-3.4790,t009,FJTB
2531940136,5079750,3,pelvis,loading,-0.7557,0.0305,0.5237,17.7612,24.3530,-5.0659,t009,FJTB
2531940136,5079766,3,pelvis,loading,-0.7434,-0.0937,0.3766,18.3105,24.2920,-3.1128,t009,FJTB
2531940136,5079782,3,pelvis,loading,-0.7081,-0.1628,0.2816,13.0615,16.3574,3.8452,t009,FJTB
2531940137,5079798,3,pelvis,loading,-0.6993,-0.1821,0.2717,2.0142,3.7842,6.7139,t009,FJTB
2531940182,5079813,3,pelvis,loading,-0.7067,-0.2231,0.2980,-7.0801,0.5493,7.4463,t009,FJTB
2531940184,5079829,3,pelvis,loading,-0.7198,-0.2369,0.3303,-32.4097,-1.4648,9.7046,t009,FJTB
2531940184,5079845,3,pelvis,loading,-0.7372,-0.2145,0.3926,-46.0815,-2.8687,11.3525,t009,FJTB
2531940185,5079861,3,pelvis,loading,-0.7524,-0.1154,0.4742,-67.5049,-6.4697,14.7095,t009,FJTB
2531940235,5079877,3,pelvis,loading,-0.7539,-0.0712,0.5303,-74.0967,-5.7373,18.3105,t009,FJTB
2531940235,5079893,3,pelvis,loading,-0.7358,-0.0319,0.5829,-71.1670,-4.7607,21.0571,t009,FJTB
2531940236,5079909,3,pelvis,loading,-0.7321,-0.0104,0.5752,-57.6172,-7.3242,26.9165,t009,FJTB
2531940282,5079926,3,pelvis,loading,-0.7146,0.0582,0.5336,-47.3022,-10.5591,28.6255,t009,FJTB
2531940282,5079942,3,pelvis,loading,-0.7186,0.0876,0.4382,-15.3809,-18.6157,28.7476,t009,FJTB
2531940283,5079958,3,pelvis,midstance,-0.8048,0.1036,0.3698,22.0337,-28.8086,24.7803,t009,FJTB
2531940296,5079973,3,pelvis,midstance,-1.1960,0.1482,0.5616,28.6865,-29.1748,21.4844,t009,FJTB
2531940339,5079989,3,pelvis,midstance,-1.4270,0.1541,0.9026,-11.4136,7.8735,26.3062,t009,FJTB
2531940339,5080005,3,pelvis,midstance,-1.6802,-0.0643,1.5421,-52.1240,40.0391,36.0718,t009,FJTB
2531940340,5080021,3,pelvis,midstance,-1.4252,-0.2754,1.2646,-106.8726,50.2930,49.7436,t009,FJTB
2531940388,5080037,3,pelvis,midstance,-0.8203,-0.1517,0.1240,-100.0976,6.1646,45.7764,t009,FJTB
2531940389,5080053,3,pelvis,midstance,-0.8048,0.2755,-0.1908,-35.9497,-61.2183,26.9165,t009,FJTB
2531940389,5080069,3,pelvis,midstance,-0.8038,0.2528,-0.2311,35.3394,-53.1006,9.0942,t009,FJTB
2531940439,5080085,3,pelvis,midstance,-0.6353,-0.0704,-0.1730,60.7910,-39.4287,3.0518,t009,FJTB
2531940439,5080101,3,pelvis,midstance,-0.6840,-0.2402,-0.1038,69.6411,-36.5601,7.9346,t009,FJTB
2531940440,5080117,3,pelvis,midstance,-0.9913,-0.4713,0.0994,51.2695,-46.0815,16.7847,t009,FJTB
2531940486,5080133,3,pelvis,midstance,-1.1633,-0.2645,0.1993,24.8413,-56.0303,23.1934,t009,FJTB
2531940487,5080149,3,pelvis,midstance,-1.1790,-0.1847,0.2664,27.0996,-55.2978,18.7378,t009,FJTB
2531940488,5080165,3,pelvis,midstance,-1.0283,-0.2325,0.3575,28.6865,-52.8564,21.0571,t009,FJTB
2531940537,5080181,3,pelvis,midstance,-0.9116,-0.2629,0.3510,22.5220,-48.0347,25.2686,t009,FJTB
2531940537,5080197,3,pelvis,midstance,-0.8049,-0.2285,0.2877,15.4419,-48.0957,24.1089,t009,FJTB
2531940538,5080213,3,pelvis,midstance,-0.8324,-0.2543,0.2161,1.8311,-50.4150,19.5313,t009,FJTB
2531940586,5080229,3,pelvis,midstance,-0.8726,-0.2988,0.2025,-15.2588,-46.5698,18.4326,t009,FJTB
2531940587,5080245,3,pelvis,midstance,-0.9106,-0.3289,0.2495,-22.3999,-42.7856,19.6533,t009,FJTB
2531940587,5080261,3,pelvis,midstance,-0.9207,-0.3177,0.2992,-23.0103,-37.4146,22.4609,t009,FJTB
2531940637,5080277,3,pelvis,midstance,-0.9194,-0.2725,0.3101,-17.2729,-35.6445,23.6206,t009,FJTB
2531940638,5080293,3,pelvis,midstance,-0.9044,-0.1663,0.3119,-1.9531,-35.5225,24.5972,t009,FJTB
2531940638,5080309,3,pelvis,midstance,-0.9116,-0.1130,0.3287,11.9629,-37.6587,20.2026,t009,FJTB
2531940684,5080325,3,pelvis,midstance,-0.9369,-0.0808,0.3152,17.8223,-38.6963,17.3340,t009,FJTB
2531940687,5080341,3,pelvis,midstance,-0.9456,-0.1013,0.2877,26.9775,-40.8325,12.7563,t009,FJTB
2531940687,5080357,3,pelvis,midstance,-0.9401,-0.1614,0.2026,30.7617,-42.7856,12.0239,t009,FJTB
2531940738,5080373,3,pelvis,midstance,-0.9288,-0.1711,0.1703,38.0249,-48.4619,12.2681,t009,FJTB
2531940738,5080389,3,pelvis,midstance,-0.9255,-0.1794,0.1451,39.7949,-46.6919,11.9629,t009,FJTB
2531940739,5080405,3,pelvis,midstance,-0.9124,-0.2383,0.0865,37.5366,-37.9028,6.5308,t009,FJTB
2531940739,5080421,3,pelvis,midstance,-0.9214,-0.2964,0.0845,21.8506,-33.8135,2.0752,t009,FJTB
2531940787,5080437,3,pelvis,midstance,-0.9355,-0.3159,0.1396,10.5591,-33.6914,3.2349,t009,FJTB
2531940788,5080453,3,pelvis,midstance,-0.9291,-0.2830,0.1547,-6.4697,-36.8652,6.7139,t009,FJTB
2531940789,5080469,3,pelvis,midstance,-0.9397,-0.1882,0.1621,-10.6812,-39.5508,8.3618,t009,FJTB
2531940839,5080485,3,pelvis,midstance,-0.9641,-0.1146,0.1764,-9.7046,-43.2739,10.0098,t009,FJTB
2531940839,5080501,3,pelvis,midstance,-0.9642,-0.1013,0.1729,1.8921,-44.7998,9.7656,t009,FJTB
2531940839,5080517,3,pelvis,midstance,-0.9438,-0.1155,0.1642,9.0332,-45.4712,9.3994,t009,FJTB
2531940888,5080533,3,pelvis,midstance,-0.9342,-0.1376,0.1620,21.8506,-47.5464,8.7891,t009,FJTB
2531940888,5080549,3,pelvis,midstance,-0.8972,-0.1813,0.1260,27.0386,-49.5605,8.4229,t009,FJTB
2531940888,5080565,3,pelvis,midstance,-0.9155,-0.2198,0.1180,33.1421,-55.9692,5.7983,t009,FJTB
2531940938,5080581,3,pelvis,midstance,-0.9375,-0.2130,0.1172,33.0811,-55.8472,4.2114,t009,FJTB
2531940938,5080597,3,pelvis,terminal,-0.9336,-0.2283,0.1000,35.3394,-56.8237,2.8076,t009,FJTB
2531940939,5080613,3,pelvis,terminal,-0.9167,-0.2505,0.0919,41.9311,-63.0493,0.7324,t009,FJTB
2531940986,5080628,3,pelvis,terminal,-0.9358,-0.2582,0.1117,42.6636,-64.3311,1.4648,t009,FJTB
2531940986,5080644,3,pelvis,terminal,-0.9460,-0.2299,0.1322,40.3442,-62.3779,5.4932,t009,FJTB
2531940988,5080660,3,pelvis,terminal,-0.9270,-0.2159,0.1370,45.4712,-64.0869,8.9111,t009,FJTB
2531941039,5080676,3,pelvis,terminal,-0.9231,-0.2336,0.2070,50.0488,-62.9883,10.1318,t009,FJTB
2531941040,5080692,3,pelvis,terminal,-0.9131,-0.2139,0.1738,57.8003,-54.6875,7.3853,t009,FJTB
2531941040,5080708,3,pelvis,terminal,-0.9526,-0.2692,0.2156,62.1338,-52.4292,3.2959,t009,FJTB
2531941070,5080724,3,pelvis,terminal,-0.9507,-0.2909,0.2302,63.4155,-38.6353,1.5259,t009,FJTB
2531941088,5080740,3,pelvis,terminal,-0.9117,-0.3156,0.1747,67.1387,-30.2124,1.2817,t009,FJTB
2531941089,5080756,3,pelvis,terminal,-0.8990,-0.2797,0.0382,81.7871,-24.9634,-2.3193,t009,FJTB
2531941139,5080773,3,pelvis,terminal,-0.9208,-0.2585,0.0114,94.7266,-26.3672,-7.5073,t009,FJTB
2531941140,5080789,3,pelvis,terminal,-0.9597,-0.2738,-0.0016,95.2759,-25.9399,-8.1177,t009,FJTB
2531941140,5080805,3,pelvis,terminal,-0.9830,-0.3176,0.0044,92.5293,-23.8647,-8.2397,t009,FJTB
2531941141,5080821,3,pelvis,terminal,-1.0829,-0.4778,0.0004,88.1958,-25.8789,-9.8267,t009,FJTB
2531941189,5080837,3,pelvis,terminal,-1.2677,-0.5562,0.0809,83.0688,-26.0010,-11.6577,t009,FJTB
2531941189,5080853,3,pelvis,terminal,-1.3459,-0.5281,0.1680,61.0962,-14.8926,-18.3105,t009,FJTB
2531941189,5080870,3,pelvis,terminal,-1.3743,-0.3912,0.3593,44.5557,-4.2114,-20.2637,t009,FJTB
2531941238,5080886,3,pelvis,terminal,-1.3516,-0.1490,0.6094,11.3525,18.7378,-19.2261,t009,FJTB
2531941239,5080902,3,pelvis,terminal,-1.3425,0.0127,0.7424,-10.4370,50.4150,-23.0103,t009,FJTB
2531941239,5080918,3,pelvis,terminal,-1.2617,0.1906,0.7416,-11.2305,70.8008,-29.4800,t009,FJTB
2531941285,5080934,3,pelvis,terminal,-1.1852,0.2142,0.6335,11.8408,101.9897,-36.1328,t009,FJTB
2531941287,5080950,3,pelvis,terminal,-1.0652,0.1370,0.3097,38.8794,109.1309,-34.1797,t009,FJTB
2531941287,5080965,3,pelvis,terminal,-1.0665,0.0529,0.0568,106.3232,113.4033,-31.0669,t009,FJTB
2531941336,5080981,3,pelvis,terminal,-1.1980,-0.0140,-0.3315,130.4321,110.9619,-30.4565,t009,FJTB
2531941336,5080997,3,pelvis,terminal,-1.4294,-0.0563,-0.3584,139.0381,112.8540,-22.8271,t009,FJTB
2531941337,5081013,3,pelvis,terminal,-1.4966,-0.1373,-0.3198,82.2143,124.2676,-5.2490,t009,FJTB
2531941383,5081029,3,pelvis,swing,-1.4186,-0.2623,-0.3002,40.6494,132.7515,4.9438,t009,FJTB
2531941383,5081045,3,pelvis,swing,-1.2887,-0.2374,-0.3490,-17.0898,138.9771,11.4136,t009,FJTB
2531941383,5081061,3,pelvis,swing,-1.0657,-0.0692,-0.2521,-29.7241,131.1035,7.9346,t009,FJTB
2531941436,5081077,3,pelvis,swing,-1.0493,-0.0496,-0.0760,-27.9541,125.9155,-0.2441,t009,FJTB
2531941437,5081094,3,pelvis,swing,-1.0287,-0.1145,-0.1074,-15.7471,128.8452,2.0752,t009,FJTB
2531941437,5081110,3,pelvis,swing,-0.9524,-0.1996,-0.1608,-16.1133,122.6196,6.5308,t009,FJTB
2531941485,5081126,3,pelvis,swing,-0.9237,-0.2075,-0.1664,-26.7944,109.6191,12.5732,t009,FJTB
2531941486,5081142,3,pelvis,swing,-0.8907,-0.1726,-0.1771,-37.1704,105.5908,13.7939,t009,FJTB
2531941486,5081158,3,pelvis,swing,-0.8995,-0.1603,-0.1989,-64.9414,99.7314,15.8081,t009,FJTB
2531941534,5081174,3,pelvis,swing,-0.8970,-0.1637,-0.2065,-96.6186,95.5810,17.3340,t009,FJTB
2531941535,5081190,3,pelvis,swing,-0.8650,-0.1738,-0.1548,-109.0698,94.6655,18.2495,t009,FJTB
2531941535,5081207,3,pelvis,swing,-0.8365,-0.1449,-0.1156,-109.0698,95.4590,24.7803,t009,FJTB
2531941580,5081223,3,pelvis,swing,-0.7183,-0.0347,-0.0741,-93.8110,91.1255,27.7710,t009,FJTB
2531941581,5081239,3,pelvis,swing,-0.6211,0.0061,-0.0565,-48.4009,68.4204,25.0244,t009,FJTB
2531941581,5081255,3,pelvis,swing,-0.6154,-0.0203,-0.0131,-5.9204,36.0718,21.3013,t009,FJTB
2531941629,5081271,3,pelvis,swing,-0.6351,-0.0718,0.0974,9.5825,27.0996,22.8271,t009,FJTB
2531941629,5081287,3,pelvis,swing,-0.6287,-0.0707,0.1304,21.3013,17.2729,27.6489,t009,FJTB
2531941630,5081303,3,pelvis,swing,-0.6252,-0.0502,0.2324,16.6626,12.7563,27.6489,t009,FJTB
2531941676,5081319,3,pelvis,swing,-0.6741,-0.0939,0.4199,3.1128,8.8501,23.4375,t009,FJTB
2531941677,5081335,3,pelvis,swing,-0.6996,-0.1650,0.5187,3.7231,11.3525,18.4937,t009,FJTB
2531941677,5081351,3,pelvis,swing,-0.7853,-0.2483,0.7303,8.7280,11.4746,18.8599,t009,FJTB
2531941724,5081366,3,pelvis,swing,-0.8455,-0.2026,0.8230,14.5874,22.8882,21.9727,t009,FJTB
2531941725,5081382,3,pelvis,swing,-0.8748,-0.1344,0.8221,13.4277,33.2642,21.0571,t009,FJTB
2531941725,5081398,3,pelvis,swing,-0.8087,-0.0999,0.7651,-5.3101,35.0342,17.4561,t009,FJTB
2531941769,5081414,3,pelvis,swing,-0.7843,-0.0780,0.7734,-25.7568,21.4233,11.4746,t009,FJTB
2531941771,5081430,3,pelvis,swing,-0.8427,-0.0728,0.9063,-31.1279,18.0054,10.6812,t009,FJTB
2531941771,5081446,3,pelvis,swing,-0.8519,-0.1166,0.9407,-34.7290,25.5737,14.0991,t009,FJTB
2531941819,5081462,3,pelvis,swing,-0.7515,-0.2644,0.8029,-37.5977,29.1748,16.8457,t009,FJTB
2531941820,5081478,3,pelvis,swing,-0.6737,-0.3521,0.6350,-48.2788,23.1934,17.4561,t009,FJTB
2531941820,5081494,3,pelvis,swing,-0.7297,-0.4100,0.5745,-76.2939,11.5967,22.7051,t009,FJTB
2531941864,5081510,3,pelvis,swing,-0.6716,-0.3141,0.5211,-84.7778,7.7515,25.3296,t009,FJTB
2531941864,5081527,3,pelvis,swing,-0.6659,-0.2511,0.5792,-93.6890,12.1460,19.7754,t009,FJTB
2531941866,5081542,3,pelvis,swing,-0.6622,-0.1477,0.5127,-100.4028,19.5313,14.0381,t009,FJTB
2531941914,5081558,3,pelvis,swing,-0.7485,-0.0922,0.3977,-115.7226,-6.2256,4.3335,t009,FJTB
2531941914,5081575,3,pelvis,swing,-1.9128,0.0398,1.1031,-157.8369,-12.8784,9.3384,t009,FJTB
2531941914,5081590,3,pelvis,swing,-2.0679,-0.1045,0.7200,-163.2080,17.6392,29.9683,t009,FJTB
2531941960,5081606,3,pelvis,swing,-1.2524,-0.1354,0.0533,-112.1826,-1.5869,61.0962,t009,FJTB
2531941961,5081622,3,pelvis,swing,-0.6141,0.2321,-0.3809,-77.5146,-37.3535,61.7065,t009,FJTB
2531941961,5081639,3,pelvis,swing,-0.5317,0.4772,-0.3876,15.0757,-61.7065,49.1943,t009,FJTB
2531942011,5081655,3,pelvis,swing,-0.2223,0.4486,-0.2860,62.7441,-55.0537,29.3579,t009,FJTB
2531942011,5081671,3,pelvis,swing,-0.7616,-0.2915,-0.1759,105.8350,-65.4907,-5.3711,t009,FJTB
2531942011,5081687,3,pelvis,swing,-1.1000,-0.6605,-0.0420,101.0132,-66.7725,-0.3662,t009,FJTB
2531942057,5081703,3,pelvis,swing,-1.5081,-0.7341,0.1903,87.3413,-57.8613,12.4512,t009,FJTB
2531942058,5081719,3,pelvis,swing,-1.4380,-0.5692,0.2717,46.2646,-48.2178,25.7568,t009,FJTB
2531942058,5081735,3,pelvis,swing,-0.9063,-0.4054,0.3064,23.2544,-48.5840,24.1699,t009,FJTB
2531942107,5081751,3,pelvis,swing,-0.8269,-0.2917,0.2609,-15.8081,-59.7534,19.1040,t009,FJTB
2531942108,5081767,3,pelvis,swing,-0.8694,-0.1724,0.2711,-26.6724,-61.3403,18.9819,t009,FJTB
2531942108,5081783,3,pelvis,swing,-0.8132,0.0393,0.2742,-20.2026,-58.1055,17.7612,t009,FJTB
2531942154,5081799,3,pelvis,swing,-0.7695,0.0558,0.2711,-3.6011,-55.9692,10.4980,t009,FJTB
2531942155,5081815,3,pelvis,swing,-0.8447,-0.1124,0.2646,2.0752,-58.0444,7.8735,t009,FJTB
2531942156,5081831,3,pelvis,swing,-0.9797,-0.2189,0.2904,13.2446,-58.5937,8.8501,t009,FJTB
2531942206,5081847,3,pelvis,swing,-1.0164,-0.2271,0.3075,29.4189,-51.8799,10.3760,t009,FJTB
2531942206,5081863,3,pelvis,swing,-0.9897,-0.2189,0.2667,36.5601,-49.8657,10.5591,t009,FJTB
2531942206,5081879,3,pelvis,swing,-0.9573,-0.2211,0.2462,40.2832,-49.8047,8.7280,t009,FJTB
2531942252,5081895,3,pelvis,loading,-0.9006,-0.2101,0.2683,38.9404,-49.3774,7.1411,t009,FJTB
2531942253,5081911,3,pelvis,loading,-0.8607,-0.1935,0.2777,41.5039,-47.4243,4.7607,t009,FJTB
2531942253,5081928,3,pelvis,loading,-0.8610,-0.2072,0.2812,50.9644,-46.9360,6.4697,t009,FJTB
2531942307,5081944,3,pelvis,loading,-0.8966,-0.2726,0.2687,54.9316,-46.8750,8.4839,t009,FJTB
2531942308,5081960,3,pelvis,loading,-0.9114,-0.3102,0.2449,55.2978,-47.3633,10.4370,t009,FJTB
2531942308,5081976,3,pelvis,loading,-0.9269,-0.3627,0.2236,49.4995,-46.6309,9.6436,t009,FJTB
2531942310,5081992,3,pelvis,loading,-0.9141,-0.3201,0.2137,24.9634,-40.6494,7.1411,t009,FJTB
2531942355,5082008,3,pelvis,loading,-0.9125,-0.2866,0.2067,3.6621,-37.0483,5.4321,t009,FJTB
2531942358,5082024,3,pelvis,loading,-0.9207,-0.2699,0.1891,-2.0752,-37.4146,6.4697,t009,FJTB
2531942358,5082040,3,pelvis,loading,-0.9210,-0.2559,0.1869,-7.4463,-38.8794,12.0239,t009,FJTB
2531942408,5082056,3,pelvis,loading,-0.9185,-0.1648,0.1831,-4.8828,-38.9404,13.5498,t009,FJTB
2531942408,5082072,3,pelvis,loading,-0.9258,-0.0946,0.1647,12.0239,-39.2456,11.0474,t009,FJTB
2531942408,5082088,3,pelvis,loading,-0.9315,-0.0894,0.1639,32.1655,-42.8467,7.5073,t009,FJTB
2531942455,5082104,3,pelvis,loading,-0.9323,-0.1216,0.1632,39.5508,-44.9219,6.4697,t009,FJTB
2531942456,5082120,3,pelvis,loading,-0.9208,-0.1515,0.1479,52.6123,-48.6450,3.8452,t009,FJTB
2531942456,5082136,3,pelvis,loading,-0.9143,-0.2629,0.1317,57.5561,-50.5371,2.8687,t009,FJTB
2531942506,5082152,3,pelvis,loading,-0.9100,-0.3326,0.1439,57.4951,-50.2319,5.7983,t009,FJTB
2531942507,5082168,3,pelvis,loading,-0.9004,-0.3541,0.1195,53.2227,-52.5513,6.5308,t009,FJTB
2531942507,5082184,3,pelvis,loading,-0.9185,-0.3370,0.0918,49.4385,-53.3447,6.1646,t009,FJTB
2531942552,5082200,3,pelvis,loading,-0.9170,-0.2928,0.0472,33.6914,-50.9644,6.1035,t009,FJTB
2531942554,5082216,3,pelvis,loading,-0.9231,-0.2233,0.0311,27.4658,-50.7202,5.7373,t009,FJTB
2531942555,5082232,3,pelvis,loading,-0.9424,-0.2306,0.0281,28.1372,-50.7812,4.5166,t009,FJTB
2531942604,5082248,3,pelvis,loading,-0.9446,-0.2307,0.0225,35.5835,-51.2085,6.9580,t009,FJTB
2531942604,5082265,3,pelvis,loading,-0.9373,-0.2251,-0.0023,38.8794,-50.9644,8.0566,t009,FJTB
2531942604,5082281,3,pelvis,loading,-0.9379,-0.2125,-0.0154,46.6919,-49.9878,7.6904,t009,FJTB
2531942650,5082297,3,pelvis,loading,-0.9469,-0.2030,0.0039,50.4761,-49.6216,6.1035,t009,FJTB
2531942650,5082313,3,pelvis,midstance,-0.9696,-0.2595,-0.0022,55.1147,-45.1660,2.3193,t009,FJTB
2531942650,5082329,3,pelvis,midstance,-0.9662,-0.2487,-0.0585,54.8706,-41.6870,0.4883,t009,FJTB
2531942704,5082345,3,pelvis,midstance,-0.9299,-0.1718,-0.1041,57.4341,-43.6401,-0.3662,t009,FJTB
2531942704,5082361,3,pelvis,midstance,-0.9353,-0.1816,-0.1052,69.7021,-51.4526,-3.6621,t009,FJTB
2531942704,5082377,3,pelvis,midstance,-1.0177,-0.3204,-0.0833,74.8901,-56.0303,-4.4556,t009,FJTB
2531942750,5082393,3,pelvis,midstance,-1.1227,-0.4989,0.0160,75.8057,-62.0117,-6.2256,t009,FJTB
2531942751,5082409,3,pelvis,midstance,-1.1738,-0.6014,0.1000,62.8662,-56.7017,-9.0942,t009,FJTB
2531942753,5082425,3,pelvis,midstance,-1.2819,-0.7042,0.3005,51.5137,-50.5371,-9.4604,t009,FJTB
2531942802,5082441,3,pelvis,midstance,-1.3157,-0.6884,0.4324,17.3950,-32.2266,-12.3291,t009,FJTB
2531942803,5082457,3,pelvis,midstance,-1.2964,-0.5869,0.6301,-4.9438,-17.4561,-13.6108,t009,FJTB
2531942804,5082473,3,pelvis,midstance,-1.3322,-0.2887,0.7856,-35.7056,19.4702,-12.0850,t009,FJTB
2531942848,5082489,3,pelvis,midstance,-1.3132,-0.0387,0.8016,-41.3208,64.0869,-17.2119,t009,FJTB
2531942850,5082505,3,pelvis,midstance,-1.1473,0.3733,0.6234,-36.4990,81.4819,-26.7334,t009,FJTB
2531942851,5082521,3,pelvis,midstance,-1.0833,0.4413,0.5280,-4.1504,100.5249,-40.4053,t009,FJTB
2531942900,5082537,3,pelvis,midstance,-1.0548,0.2740,0.2811,28.0151,106.1401,-42.5415,t009,FJTB
2531942900,5082553,3,pelvis,midstance,-1.1102,0.0924,0.0955,102.2339,115.6006,-42.5415,t009,FJTB
2531942901,5082569,3,pelvis,midstance,-1.2532,-0.1224,-0.2423,122.0093,119.5068,-35.1563,t009,FJTB
2531942915,5082585,3,pelvis,midstance,-1.4150,-0.2114,-0.2601,110.1074,122.3144,-27.9541,t009,FJTB
2531942946,5082601,3,pelvis,midstance,-1.4498,-0.2960,-0.2588,64.6362,137.2070,-9.2163,t009,FJTB
2531942948,5082617,3,pelvis,midstance,-1.4023,-0.5060,-0.3464,36.9263,145.8130,0.6714,t009,FJTB
2531942965,5082633,3,pelvis,midstance,-1.3202,-0.5194,-0.4069,-20.9961,158.0811,12.4512,t009,FJTB
2531943000,5082649,3,pelvis,midstance,-1.1683,-0.3437,-0.3188,-45.9595,157.1045,9.1553,t009,FJTB
2531943000,5082665,3,pelvis,midstance,-1.2068,-0.3043,-0.2286,-76.2329,147.7661,-5.6763,t009,FJTB
2531943000,5082681,3,pelvis,midstance,-1.1914,-0.3156,-0.2390,-93.5059,137.1460,-6.8970,t009,FJTB
2531943045,5082697,3,pelvis,terminal,-1.0798,-0.2349,-0.2272,-96.5576,131.8970,-3.6621,t009,FJTB
2531943045,5082714,3,pelvis,terminal,-1.0101,-0.1787,-0.2393,-92.0410,128.6011,3.2349,t009,FJTB
2531943049,5082730,3,pelvis,terminal,-0.8834,-0.1023,-0.2322,-89.4165,124.4507,8.1787,t009,FJTB
2531943101,5082746,3,pelvis,terminal,-0.8054,-0.1174,-0.2115,-84.0454,116.3330,16.6016,t009,FJTB
2531943101,5082762,3,pelvis,terminal,-0.7828,-0.1373,-0.1932,-81.2378,106.1401,20.8130,t009,FJTB
2531943101,5082778,3,pelvis,terminal,-0.7386,-0.1006,-0.1948,-76.6602,101.4404,22.2168,t009,FJTB
2531943148,5082794,3,pelvis,terminal,-0.7117,-0.0912,-0.1826,-56.5186,88.0737,22.5220,t009,FJTB
2531943150,5082810,3,pelvis,terminal,-0.6805,-0.1183,-0.1287,-48.4619,81.9092,21.9727,t009,FJTB
2531943150,5082826,3,pelvis,terminal,-0.6552,-0.1110,-0.0348,-39.7339,57.1289,21.0571,t009,FJTB
2531943199,5082842,3,pelvis,terminal,-0.6589,-0.0776,0.0652,-35.6445,36.8652,20.6299,t009,FJTB
2531943200,5082858,3,pelvis,terminal,-0.6481,0.0137,0.2253,-33.9355,31.9214,20.5688,t009,FJTB
2531943200,5082874,3,pelvis,terminal,-0.6542,0.0328,0.3375,-35.4614,22.4609,22.7051,t009,FJTB
2531943245,5082889,3,pelvis,terminal,-0.6899,-0.0253,0.6256,-35.7056,23.1323,22.5220,t009,FJTB
2531943247,5082905,3,pelvis,terminal,-0.6874,-0.1013,0.6965,-24.7803,37.5977,12.3901,t009,FJTB
2531943247,5082921,3,pelvis,terminal,-0.6433,-0.0635,0.6390,-7.2632,37.1094,1.5259,t009,FJTB
2531943296,5082937,3,pelvis,terminal,-0.5972,0.0050,0.5587,0.4272,28.4424,-2.0142,t009,FJTB
2531943297,5082953,3,pelvis,terminal,-0.6145,-0.0261,0.5690,-2.7466,14.4653,-0.7324,t009,FJTB
2531943297,5082969,3,pelvis,terminal,-0.6693,-0.1470,0.6495,-13.0005,14.0381,2.8076,t009,FJTB
2531943344,5082985,3,pelvis,terminal,-0.6920,-0.1852,0.7021,-41.3818,12.2070,12.1460,t009,FJTB
2531943344,5083001,3,pelvis,terminal,-0.7223,-0.1726,0.8417,-58.4717,5.9204,16.4795,t009,FJTB
2531943344,5083017,3,pelvis,terminal,-0.7609,-0.1326,0.8665,-55.3589,5.7373,13.9770,t009,FJTB
2531943393,5083033,3,pelvis,terminal,-0.7848,-0.1311,0.8127,-41.8091,6.3477,6.5308,t009,FJTB
2531943393,5083049,3,pelvis,terminal,-0.7963,-0.2000,0.6669,-38.2080,5.1880,5.6763,t009,FJTB
2531943393,5083065,3,pelvis,terminal,-0.7826,-0.2435,0.6121,-41.9922,0.1831,10.9863,t009,FJTB
2531943438,5083081,3,pelvis,terminal,-0.7584,-0.2616,0.6049,-47.3022,-1.8311,14.6484,t009,FJTB
2531943439,5083097,3,pelvis,swing,-0.6919,-0.1920,0.6631,-56.6406,7.2021,17.0898,t009,FJTB
2531943439,5083113,3,pelvis,swing,-0.5637,-0.1309,0.4142,-71.1670,-1.9531,13.0615,t009,FJTB
2531943475,5083129,3,pelvis,swing,-0.9465,0.0032,0.4596,-80.6885,-41.0156,13.7939,t009,FJTB
2531943493,5083145,3,pelvis,swing,-1.9182,0.0906,1.1787,-104.2480,-52.1851,24.2310,t009,FJTB
2531943494,5083161,3,pelvis,swing,-2.5442,-0.1737,0.8977,-101.4404,-18.6768,32.1655,t009,FJTB
2531943538,5083177,3,pelvis,swing,-0.7445,-0.0093,-0.2771,-69.7021,-0.8545,50.2930,t009,FJTB
2531943538,5083194,3,pelvis,swing,-0.4290,0.2826,-0.3785,-7.2632,-43.2129,60.9131,t009,FJTB
2531943540,5083210,3,pelvis,swing,-0.2281,0.6505,-0.2712,35.4614,-54.0161,53.9551,t009,FJTB
2531943593,5083226,3,pelvis,swing,-0.2235,0.5927,-0.1366,92.3462,-64.8193,15.8691,t009,FJTB
2531943593,5083242,3,pelvis,swing,-0.8060,-0.1365,-0.2242,109.2529,-68.4204,-1.1597,t009,FJTB
2531943594,5083258,3,pelvis,swing,-1.2883,-0.7880,-0.1185,120.4224,-73.8525,-0.8545,t009,FJTB
2531943594,5083274,3,pelvis,swing,-1.5012,-0.8114,0.0995,86.7920,-67.1997,19.4092,t009,FJTB
2531943641,5083290,3,pelvis,swing,-1.2404,-0.5682,0.2899,62.7441,-59.6313,25.0854,t009,FJTB
2531943643,5083306,3,pelvis,swing,-0.9479,-0.5809,0.2498,11.0474,-59.0820,22.1558,t009,FJTB
2531943643,5083322,3,pelvis,swing,-0.7762,-0.5114,0.2130,-16.7847,-64.4531,20.8130,t009,FJTB
2531943695,5083338,3,pelvis,swing,-0.8156,-0.1582,0.2869,-47.9126,-68.8477,18.2495,t009,FJTB
2531943696,5083354,3,pelvis,swing,-0.7737,0.0034,0.3169,-39.9780,-61.3403,12.5732,t009,FJTB
2531943696,5083370,3,pelvis,swing,-0.7385,0.0404,0.3174,-31.2500,-58.4717,8.1177,t009,FJTB
2531943744,5083385,3,pelvis,swing,-0.8060,-0.0205,0.3229,-12.3901,-59.1431,6.5918,t009,FJTB
2531943744,5083401,3,pelvis,swing,-0.9794,-0.1205,0.3351,1.4648,-58.5937,8.7891,t009,FJTB
2531943745,5083417,3,pelvis,swing,-1.0265,-0.1599,0.3076,33.8745,-54.9927,13.5498,t009,FJTB
2531943795,5083433,3,pelvis,swing,-1.0138,-0.1869,0.2833,53.8330,-54.5654,15.4419,t009,FJTB
2531943795,5083449,3,pelvis,swing,-0.9476,-0.2024,0.2312,55.6030,-55.2978,14.7705,t009,FJTB
2531943795,5083465,3,pelvis,swing,-0.8970,-0.2008,0.1888,55.9082,-57.8613,8.1177,t009,FJTB
2531943838,5083481,3,pelvis,swing,-0.8436,-0.2393,0.1259,58.3496,-58.5327,3.7231,t009,FJTB
2531943840,5083497,3,pelvis,swing,-0.8503,-0.2777,0.1117,62.1948,-56.5186,0.1221,t009,FJTB
2531943840,5083513,3,pelvis,swing,-0.9095,-0.3389,0.0983,59.9976,-55.9082,1.8311,t009,FJTB
2531943888,5083529,3,pelvis,swing,-0.9553,-0.3674,0.0581,48.3398,-58.1055,7.3242,t009,FJTB
2531943889,5083545,3,pelvis,swing,-0.9597,-0.3959,0.0563,32.8369,-61.0352,10.5591,t009,FJTB
2531943889,5083561,3,pelvis,swing,-0.9427,-0.4645,0.0873,21.7895,-60.4248,12.5122,t009,FJTB
2531943932,5083577,3,pelvis,swing,-0.9294,-0.4384,0.1091,-7.6294,-59.8144,18.0664,t009,FJTB
2531943933,5083593,3,pelvis,loading,-0.9208,-0.2311,0.1665,-23.5596,-57.9834,19.1040,t009,FJTB
2531943933,5083609,3,pelvis,loading,-0.9263,-0.1233,0.1812,-36.0718,-56.6406,18.1274,t009,FJTB
2531943985,5083625,3,pelvis,loading,-0.9347,-0.1149,0.2180,-23.5596,-60.4248,20.6299,t009,FJTB
2531943985,5083641,3,pelvis,loading,-0.9340,-0.0526,0.2511,-13.2446,-60.9741,21.7895,t009,FJTB
2531943985,5083657,3,pelvis,loading,-0.9260,-0.0199,0.2086,14.1602,-64.8804,17.3950,t009,FJTB
2531944031,5083673,3,pelvis,loading,-0.9200,-0.0742,0.1006,28.4424,-68.9087,13.4888,t009,FJTB
2531944033,5083689,3,pelvis,loading,-0.9202,-0.2140,0.0332,49.3774,-77.2705,6.2866,t009,FJTB
2531944033,5083705,3,pelvis,loading,-0.9363,-0.2802,0.0154,48.9502,-74.0356,5.7373,t009,FJTB
2531944081,5083721,3,pelvis,loading,-0.9298,-0.3145,-0.0624,41.9922,-68.6646,7.5073,t009,FJTB
2531944081,5083737,3,pelvis,loading,-0.9354,-0.3291,-0.0905,33.4473,-59.6313,9.2163,t009,FJTB
2531944082,5083753,3,pelvis,loading,-0.9503,-0.3096,-0.0762,33.5693,-57.4951,9.0942,t009,FJTB
2531944128,5083769,3,pelvis,loading,-0.9335,-0.2606,-0.0443,38.0859,-50.1709,8.4839,t009,FJTB
2531944128,5083785,3,pelvis,loading,-0.9312,-0.2507,-0.0455,41.2598,-48.0957,8.3008,t009,FJTB
2531944130,5083801,3,pelvis,loading,-0.9689,-0.2533,-0.0229,43.5791,-49.6216,8.6060,t009,FJTB
2531944181,5083817,3,pelvis,loading,-0.9852,-0.2521,-0.0065,51.2085,-50.4150,8.3008,t009,FJTB
2531944181,5083833,3,pelvis,loading,-0.9974,-0.2599,-0.0011,56.8848,-49.8047,6.7749,t009,FJTB
2531944182,5083849,3,pelvis,loading,-1.0096,-0.2881,-0.0039,64.9414,-51.3306,2.5635,t009,FJTB
2531944228,5083865,3,pelvis,loading,-1.0935,-0.4266,0.0895,68.3594,-53.0395,0.6714,t009,FJTB
2531944229,5083881,3,pelvis,midstance,-1.3063,-0.5964,0.3026,68.4814,-47.4853,-1.6479,t009,FJTB
2531944229,5083897,3,pelvis,midstance,-1.3721,-0.6055,0.4458,49.9268,-29.4189,-5.2490,t009,FJTB
2531944232,5083913,3,pelvis,midstance,-1.3584,-0.5677,0.7207,37.9028,-14.0381,-8.7280,t009,FJTB
2531944284,5083929,3,pelvis,midstance,-1.3591,-0.5100,0.8347,17.5171,27.9541,-17.7002,t009,FJTB
2531944284,5083945,3,pelvis,midstance,-1.3230,-0.0931,0.9712,10.1929,54.0771,-21.7285,t009,FJTB
2531944285,5083961,3,pelvis,midstance,-1.1624,0.3807,0.7645,1.4038,103.4546,-38.2690,t009,FJTB
2531944332,5083977,3,pelvis,midstance,-1.0942,0.4550,0.5504,11.1084,122.0703,-50.9033,t009,FJTB
2531944334,5083992,3,pelvis,midstance,-1.0271,0.2120,-0.0277,35.0952,112.6709,-47.3022,t009,FJTB
2531944334,5084008,3,pelvis,midstance,-1.0980,0.0316,-0.1565,101.7456,90.8203,-27.1606,t009,FJTB
2531944385,5084024,3,pelvis,midstance,-1.2998,-0.0090,-0.2509,128.4180,97.6562,-22.7051,t009,FJTB
2531944386,5084040,3,pelvis,midstance,-1.5219,-0.0354,-0.3228,137.6953,123.9014,-24.7803,t009,FJTB
2531944386,5084056,3,pelvis,midstance,-1.5886,-0.1815,-0.3298,83.0688,144.6533,-11.5967,t009,FJTB
2531944435,5084072,3,pelvis,midstance,-1.4786,-0.4869,-0.3735,50.6592,156.0669,-1.4648,t009,FJTB
2531944436,5084088,3,pelvis,midstance,-1.3464,-0.5488,-0.4288,-2.0752,165.0390,13.5498,t009,FJTB
2531944437,5084104,3,pelvis,midstance,-1.1117,-0.3564,-0.3624,-24.3530,157.0435,13.8550,t009,FJTB
2531944439,5084120,3,pelvis,midstance,-1.1093,-0.2600,-0.2681,-53.5278,142.4561,-1.5259,t009,FJTB
2531944489,5084136,3,pelvis,midstance,-1.1359,-0.2410,-0.2430,-70.2515,133.1177,-9.7046,t009,FJTB
2531944490,5084152,3,pelvis,midstance,-1.0818,-0.2836,-0.2639,-77.5146,129.6387,-6.0425,t009,FJTB
2531944490,5084169,3,pelvis,midstance,-1.0143,-0.2935,-0.2792,-87.4023,126.3428,6.1035,t009,FJTB
2531944539,5084185,3,pelvis,midstance,-0.8779,-0.2469,-0.2778,-89.9048,123.6572,11.1694,t009,FJTB
2531944540,5084201,3,pelvis,midstance,-0.8466,-0.2355,-0.2681,-87.4634,115.4175,14.9536,t009,FJTB
2531944540,5084217,3,pelvis,midstance,-0.7872,-0.1918,-0.2274,-86.3037,109.8633,15.6250,t009,FJTB
2531944591,5084233,3,pelvis,midstance,-0.7340,-0.1342,-0.1735,-82.5195,98.3887,16.7847,t009,FJTB
2531944591,5084249,3,pelvis,midstance,-0.7101,-0.1221,-0.1681,-67.3218,88.0127,24.0478,t009,FJTB
2531944592,5084265,3,pelvis,midstance,-0.6742,-0.1694,-0.1503,-54.9927,79.1016,27.4048,t009,FJTB
2531944639,5084281,3,pelvis,midstance,-0.6758,-0.1963,-0.1251,-35.5225,57.0068,28.2593,t009,FJTB
2531944641,5084297,3,pelvis,terminal,-0.6874,-0.1508,-0.0448,-32.5928,45.5933,30.5786,t009,FJTB
2531944641,5084313,3,pelvis,terminal,-0.6696,-0.0122,0.0681,-33.7524,31.1279,31.0669,t009,FJTB
2531944693,5084329,3,pelvis,terminal,-0.6630,0.0392,0.1256,-42.9077,21.5454,23.0713,t009,FJTB
2531944694,5084344,3,pelvis,terminal,-0.6847,0.1078,0.3152,-48.5229,17.6392,19.8975,t009,FJTB
2531944695,5084360,3,pelvis,terminal,-0.6858,0.1342,0.3934,-50.9644,13.8550,12.6953,t009,FJTB
2531944695,5084376,3,pelvis,terminal,-0.7269,0.1274,0.5789,-47.3633,9.8267,6.5308,t009,FJTB
2531944744,5084392,3,pelvis,terminal,-0.8107,-0.0009,0.7380,-35.2783,5.8594,-3.1738,t009,FJTB
2531944745,5084408,3,pelvis,terminal,-0.8480,-0.1238,0.7938,-32.4707,11.9019,-0.9155,t009,FJTB
2531944746,5084424,3,pelvis,terminal,-0.8123,-0.3232,0.7177,-34.3628,17.3950,4.5776,t009,FJTB
2531944797,5084440,3,pelvis,terminal,-0.7543,-0.3621,0.6510,-34.7900,6.1035,17.8223,t009,FJTB
2531944798,5084456,3,pelvis,terminal,-0.7125,-0.2063,0.6797,-33.9966,-5.8594,22.0947,t009,FJTB
2531944798,5084472,3,pelvis,terminal,-0.7451,-0.0730,0.7505,-34.4849,-11.0474,16.9678,t009,FJTB
2531944848,5084488,3,pelvis,terminal,-0.8424,0.0428,0.9139,-40.1611,9.6436,6.6528,t009,FJTB
2531944848,5084504,3,pelvis,terminal,-0.8383,-0.0591,0.9789,-37.6587,21.4233,4.3335,t009,FJTB
2531944849,5084520,3,pelvis,terminal,-0.7957,-0.1277,0.9187,-15.6250,29.9683,5.8594,t009,FJTB
2531944902,5084536,3,pelvis,terminal,-0.7432,-0.2001,0.7518,-5.7983,27.5269,7.5073,t009,FJTB
2531944902,5084552,3,pelvis,terminal,-0.7677,-0.2272,0.7335,-9.3384,26.0620,11.0474,t009,FJTB
2531944903,5084568,3,pelvis,terminal,-0.8539,-0.2526,0.8021,-20.6909,33.5693,13.6108,t009,FJTB
2531944903,5084584,3,pelvis,terminal,-0.9854,-0.0845,0.5024,-45.3491,40.0391,18.7988,t009,FJTB
2531944951,5084600,3,pelvis,swing,-1.3260,0.0190,0.5533,-72.4487,-10.9253,15.1978,t009,FJTB
2531944952,5084616,3,pelvis,swing,-1.6433,-0.1716,0.5891,-82.9468,-13.0005,23.8037,t009,FJTB
2531944952,5084632,3,pelvis,swing,-1.2415,-0.2700,0.0532,-68.1152,16.6016,51.8799,t009,FJTB
2531945010,5084648,3,pelvis,swing,-0.4963,0.0588,-0.4908,-57.1899,-2.5024,55.1758,t009,FJTB
2531945011,5084664,3,pelvis,swing,-0.4114,0.3462,0.0514,-29.4189,-48.5229,44.4946,t009,FJTB
2531945011,5084680,3,pelvis,swing,-0.5415,0.2319,0.2216,18.5547,-57.3120,20.5688,t009,FJTB
2531945061,5084695,3,pelvis,swing,-1.0150,-0.2739,-0.0082,41.8701,-61.6455,14.8926,t009,FJTB
2531945061,5084711,3,pelvis,swing,-1.2200,-0.3969,-0.1080,66.8335,-70.8008,20.8130,t009,FJTB
2531945063,5084728,3,pelvis,swing,-1.3608,-0.2296,0.1816,63.9038,-69.4580,29.2358,t009,FJTB
2531945064,5084744,3,pelvis,swing,-1.0524,-0.2004,0.3151,46.8140,-57.1289,29.9072,t009,FJTB
2531945119,5084759,3,pelvis,swing,-0.9175,-0.3331,0.2548,27.8320,-57.8613,27.1606,t009,FJTB
2531945119,5084775,3,pelvis,swing,-0.8287,-0.4685,0.1932,15.5029,-61.0352,28.5034,t009,FJTB
2531945120,5084791,3,pelvis,swing,-0.8066,-0.3840,0.2135,-5.7983,-63.1103,26.1841,t009,FJTB
2531945171,5084807,3,pelvis,swing,-0.7299,-0.1846,0.2341,-12.0239,-63.6597,23.5596,t009,FJTB
2531945172,5084823,3,pelvis,swing,-0.7444,-0.1635,0.2384,-15.0757,-65.6738,20.2637,t009,FJTB
2531945173,5084839,3,pelvis,swing,-0.8925,-0.1892,0.2980,-10.9253,-64.8804,18.6157,t009,FJTB
2531945174,5084855,3,pelvis,swing,-1.0210,-0.1262,0.4707,9.6436,-57.5561,14.6484,t009,FJTB
2531945228,5084871,3,pelvis,swing,-1.0112,-0.1025,0.4310,36.1938,-36.3770,-1.0376,t009,FJTB
2531945228,5084887,3,pelvis,swing,-0.9589,-0.1648,0.2135,32.2876,-46.9971,2.0752,t009,FJTB
2531945228,5084903,3,pelvis,swing,-0.9436,-0.1073,0.2305,26.2451,-75.1343,18.2495,t009,FJTB
2531945280,5084919,3,pelvis,swing,-0.9081,0.0155,0.3221,37.1094,-74.7070,14.8926,t009,FJTB
2531945282,5084935,3,pelvis,swing,-0.8790,-0.1636,0.2217,70.4956,-59.2651,-1.5869,t009,FJTB
2531945282,5084951,3,pelvis,swing,-0.8702,-0.2789,0.1937,88.8061,-58.5327,-1.4648,t009,FJTB
2531945336,5084967,3,pelvis,swing,-0.8713,-0.4445,0.1313,89.1113,-60.3027,-0.0610,t009,FJTB
2531945337,5084983,3,pelvis,swing,-0.8961,-0.4789,0.1356,67.7490,-60.3027,3.9673,t009,FJTB
2531945338,5084999,3,pelvis,swing,-0.9216,-0.4358,0.1636,51.6968,-57.1289,5.4321,t009,FJTB
2531945338,5085015,3,pelvis,swing,-0.9237,-0.3732,0.2100,22.8882,-50.4761,5.1880,t009,FJTB
2531945388,5085031,3,pelvis,swing,-0.9154,-0.3434,0.2129,7.7515,-46.1426,4.6997,t009,FJTB
2531945389,5085047,3,pelvis,loading,-0.8994,-0.2798,0.2124,3.8452,-45.2270,5.3101,t009,FJTB
2531945389,5085063,3,pelvis,loading,-0.8866,-0.2346,0.1898,4.1504,-46.2036,7.6294,t009,FJTB
2531945450,5085079,3,pelvis,loading,-0.8971,-0.1530,0.1718,9.8877,-48.9502,9.3994,t009,FJTB
2531945450,5085095,3,pelvis,loading,-0.9093,-0.1152,0.1985,26.7334,-52.9175,11.6577,t009,FJTB
2531945451,5085111,3,pelvis,loading,-0.9104,-0.1218,0.2120,38.6353,-56.1523,8.2397,t009,FJTB
2531945451,5085127,3,pelvis,loading,-0.9186,-0.1998,0.1688,40.1611,-56.2744,6.1035,t009,FJTB
2531945505,5085143,3,pelvis,loading,-0.9063,-0.2306,0.0881,42.5415,-58.5937,3.3569,t009,FJTB
2531945506,5085159,3,pelvis,loading,-0.9137,-0.3046,0.0297,46.2036,-60.2417,1.4648,t009,FJTB
2531945506,5085175,3,pelvis,loading,-0.9154,-0.3365,-0.0054,47.6074,-57.1899,0.6104,t009,FJTB
2531945562,5085191,3,pelvis,loading,-0.9110,-0.3337,-0.0131,46.1426,-55.4810,1.2207,t009,FJTB
2531945563,5085207,3,pelvis,loading,-0.9312,-0.3273,0.0045,44.7388,-52.4292,0.3662,t009,FJTB
2531945563,5085223,3,pelvis,loading,-0.9418,-0.2843,0.0016,33.5693,-46.0205,3.7231,t009,FJTB
2531945564,5085239,3,pelvis,loading,-0.9429,-0.1710,0.0332,27.8320,-45.0439,5.3711,t009,FJTB
2531945615,5085255,3,pelvis,loading,-0.9523,-0.1750,0.0332,33.6914,-47.7295,5.2490,t009,FJTB
2531945615,5085271,3,pelvis,loading,-0.9694,-0.2179,-0.0386,42.2974,-49.9268,5.0049,t009,FJTB
2531945617,5085287,3,pelvis,loading,-0.9858,-0.2253,-0.0568,56.6406,-53.5889,4.1504,t009,FJTB
2531945672,5085303,3,pelvis,loading,-1.0001,-0.2646,-0.0347,63.6597,-54.9316,0.7324,t009,FJTB
2531945673,5085319,3,pelvis,loading,-1.0421,-0.3699,0.0011,63.7817,-55.1147,0.1831,t009,FJTB
2531945673,5085335,3,pelvis,loading,-1.0646,-0.4188,0.0322,61.2793,-58.8379,0.2441,t009,FJTB
2531945674,5085351,3,pelvis,loading,-1.1584,-0.5657,0.1713,61.7676,-60.9131,-0.2441,t009,FJTB
2531945727,5085367,3,pelvis,loading,-1.3138,-0.6301,0.3953,55.7251,-54.5654,-2.8687,t009,FJTB
2531945728,5085383,3,pelvis,loading,-1.3456,-0.5850,0.5371,26.4893,-29.8462,-9.6436,t009,FJTB
2531945728,5085399,3,pelvis,loading,-1.3719,-0.4467,0.8107,7.2021,-12.0239,-13.6719,t009,FJTB
2531945765,5085415,3,pelvis,loading,-1.4210,-0.3213,0.9243,-24.7803,31.5552,-17.2729,t009,FJTB
2531945783,5085431,3,pelvis,loading,-1.3993,0.1094,0.9413,-31.9824,58.5937,-20.7520,t009,FJTB
2531945784,5085447,3,pelvis,midstance,-1.1423,0.4639,0.6058,-22.3389,98.3887,-34.1187,t009,FJTB
2531945784,5085463,3,pelvis,midstance,-1.0493,0.4595,0.4281,30.1514,96.0693,-42.0532,t009,FJTB
2531945837,5085479,3,pelvis,midstance,-1.0824,0.1323,0.0997,73.6694,93.8721,-43.8232,t009,FJTB
2531945839,5085495,3,pelvis,midstance,-1.2063,0.0198,-0.0709,151.1230,106.5063,-45.3491,t009,FJTB
2531945840,5085511,3,pelvis,midstance,-1.4727,-0.0065,-0.3442,167.6636,115.4785,-43.2739,t009,FJTB
2531945901,5085527,3,pelvis,midstance,-1.5795,-0.0249,-0.3915,143.1274,133.4229,-27.0996,t009,FJTB
2531945901,5085543,3,pelvis,midstance,-1.5754,-0.2280,-0.3862,109.1309,146.2402,-14.1602,t009,FJTB
2531945902,5085559,3,pelvis,midstance,-1.2876,-0.3630,-0.4581,38.5132,169.1894,4.6387,t009,FJTB
2531945902,5085575,3,pelvis,midstance,-1.1494,-0.3289,-0.3993,-6.7749,162.4145,3.7842,t009,FJTB
2531945957,5085591,3,pelvis,midstance,-1.0714,-0.2811,-0.1934,-17.8223,156.0059,-1.4648,t009,FJTB
2531945957,5085607,3,pelvis,midstance,-1.0699,-0.3120,-0.1929,-24.7192,146.4233,-9.8267,t009,FJTB
2531945958,5085623,3,pelvis,midstance,-1.0333,-0.3894,-0.3085,-30.8228,139.9536,-7.8735,t009,FJTB
2531945958,5085639,3,pelvis,midstance,-0.9513,-0.3550,-0.3170,-47.6685,127.9907,4.8828,t009,FJTB
2531946014,5085655,3,pelvis,midstance,-0.9066,-0.3126,-0.3198,-66.4063,118.7134,16.8457,t009,FJTB
2531946015,5085671,3,pelvis,midstance,-0.8248,-0.2841,-0.3027,-77.9419,114.4409,20.0195,t009,FJTB
2531946016,5085687,3,pelvis,midstance,-0.7980,-0.2908,-0.2949,-103.7598,105.1636,21.1792,t009,FJTB
2531946069,5085703,3,pelvis,midstance,-0.7770,-0.2583,-0.2456,-114.9902,99.2432,20.5078,t009,FJTB
2531946070,5085719,3,pelvis,midstance,-0.7629,-0.1681,-0.1553,-117.7368,87.2192,22.5830,t009,FJTB
2531946071,5085735,3,pelvis,midstance,-0.7394,-0.1295,-0.1072,-90.4541,75.0122,27.2827,t009,FJTB
2531946071,5085751,3,pelvis,midstance,-0.6985,-0.1001,-0.0098,-71.7773,66.3452,27.0996,t009,FJTB
2531946127,5085767,3,pelvis,midstance,-0.6870,-0.1031,0.0405,-39.0015,45.7153,26.5503,t009,FJTB
2531946128,5085783,3,pelvis,terminal,-0.6780,-0.0670,0.1165,-26.9775,38.1470,25.3296,t009,FJTB
2531946128,5085799,3,pelvis,terminal,-0.6608,0.0464,0.1979,-22.2778,23.3765,24.2920,t009,FJTB
2531946182,5085815,3,pelvis,terminal,-0.6691,0.1166,0.2722,-32.2266,14.7705,20.3247,t009,FJTB
2531946183,5085831,3,pelvis,terminal,-0.6912,0.1188,0.4797,-34.6069,14.0991,15.5640,t009,FJTB
2531946184,5085847,3,pelvis,terminal,-0.7089,0.0471,0.5928,-27.1606,21.0571,5.9814,t009,FJTB
2531946185,5085862,3,pelvis,terminal,-0.7211,-0.0759,0.6896,-18.2495,25.9399,3.4180,t009,FJTB
2531946242,5085878,3,pelvis,terminal,-0.7229,-0.1101,0.6868,-6.5918,30.3955,6.0425,t009,FJTB
2531946242,5085894,3,pelvis,terminal,-0.7743,-0.1903,0.7090,-9.8877,33.3252,11.1694,t009,FJTB
2531946242,5085910,3,pelvis,terminal,-0.7329,-0.2389,0.6941,-22.0947,40.5273,22.0337,t009,FJTB
2531946296,5085926,3,pelvis,terminal,-0.6689,-0.2078,0.6644,-29.1748,30.3345,24.9023,t009,FJTB
2531946296,5085942,3,pelvis,swing,-0.5981,-0.0859,0.6981,-28.4424,21.7285,22.0947,t009,FJTB
2531946297,5085958,3,pelvis,swing,-0.6270,-0.0653,0.7443,-21.2402,15.5029,12.3291,t009,FJTB
2531946297,5085974,3,pelvis,swing,-0.7318,-0.1226,0.7975,-19.7754,16.4185,9.2773,t009,FJTB
2531946358,5085990,3,pelvis,swing,-0.7856,-0.1967,0.8364,-18.1274,18.0054,11.4136,t009,FJTB
2531946358,5086006,3,pelvis,swing,-0.7747,-0.2498,0.8048,-15.3198,18.3105,16.3574,t009,FJTB
2531946359,5086022,3,pelvis,swing,-0.7554,-0.3472,0.6818,-20.9351,14.7705,18.8599,t009,FJTB
2531946359,5086038,3,pelvis,swing,-0.7378,-0.3605,0.6365,-46.1426,6.4087,26.7334,t009,FJTB
2531946414,5086054,3,pelvis,swing,-0.6342,-0.3315,0.6000,-57.6782,4.7607,30.2124,t009,FJTB
2531946416,5086070,3,pelvis,swing,-0.5013,-0.3168,0.5292,-69.8242,7.9956,27.8320,t009,FJTB
2531946416,5086086,3,pelvis,swing,-0.4358,-0.3204,0.3219,-70.4956,-7.8735,23.8647,t009,FJTB
2531946472,5086102,3,pelvis,swing,-0.6927,-0.1884,-0.0457,-67.6880,-44.4946,22.9492,t009,FJTB
2531946473,5086118,3,pelvis,swing,-1.2937,-0.0985,0.4611,-105.8960,-98.4497,23.7427,t009,FJTB
2531946474,5086134,3,pelvis,swing,-2.6044,-0.2145,1.8705,-141.5405,-46.3867,36.2549,t009,FJTB
2531946474,5086150,3,pelvis,swing,-1.2848,-0.0079,0.5167,-197.0215,32.8979,63.1714,t009,FJTB
2531946528,5086166,3,pelvis,swing,-0.8696,0.3960,-0.1624,-165.5884,-45.6543,41.6870,t009,FJTB
2531946528,5086182,3,pelvis,swing,-0.7039,0.8829,-0.5476,-89.7217,-64.1479,42.6025,t009,FJTB
2531946529,5086198,3,pelvis,swing,-0.4213,0.9176,-0.3064,89.2944,-49.2554,33.6304,t009,FJTB
2531946574,5086214,3,pelvis,swing,-0.3828,0.1755,-0.1345,151.4893,-35.1563,12.7563,t009,FJTB
2531946586,5086230,3,pelvis,swing,-0.8287,-0.9153,-0.1692,183.6548,-44.1284,-4.4556,t009,FJTB
2531946587,5086247,3,pelvis,swing,-1.0453,-1.0947,-0.0791,138.9160,-61.7676,20.2637,t009,FJTB
2531946587,5086263,3,pelvis,swing,-1.3666,-0.8765,0.1410,97.5952,-62.6831,28.2593,t009,FJTB
2531946641,5086279,3,pelvis,swing,-1.2654,-0.7452,0.2375,7.9956,-58.0444,27.8320,t009,FJTB
2531946643,5086295,3,pelvis,swing,-0.9292,-0.5609,0.2234,-25.8789,-62.1948,26.9775,t009,FJTB
2531946644,5086311,3,pelvis,swing,-0.8436,-0.3127,0.1859,-58.2886,-72.9980,32.4097,t009,FJTB
2531946685,5086327,3,pelvis,swing,-0.8292,-0.1569,0.1945,-53.8940,-72.3267,33.1421,t009,FJTB
2531946703,5086343,3,pelvis,swing,-0.7919,0.0879,0.2054,-45.5322,-70.5566,31.3110,t009,FJTB
2531946703,5086359,3,pelvis,swing,-0.8347,0.1174,0.2310,-30.0293,-70.3125,28.9307,t009,FJTB
2531946704,5086375,3,pelvis,swing,-1.0092,0.0798,0.2988,-22.6440,-69.7021,28.1372,t009,FJTB
2531946758,5086391,3,pelvis,swing,-1.0753,0.0670,0.3147,1.1597,-65.2466,21.7285,t009,FJTB
2531946761,5086407,3,pelvis,swing,-1.0702,0.0060,0.3036,18.5547,-61.3403,16.5405,t009,FJTB
2531946761,5086422,3,pelvis,swing,-0.9595,-0.1697,0.2351,58.6548,-55.1758,6.7749,t009,FJTB
2531946762,5086438,3,pelvis,swing,-0.8920,-0.2465,0.1965,82.5195,-52.1851,3.4180,t009,FJTB
2531946819,5086454,3,pelvis,swing,-0.8127,-0.3585,0.1382,83.3130,-52.4292,3.2959,t009,FJTB
2531946820,5086470,3,pelvis,swing,-0.8270,-0.3853,0.1382,65.7349,-56.0913,6.0425,t009,FJTB
2531946821,5086486,3,pelvis,swing,-0.8800,-0.3490,0.1660,55.1758,-56.6406,8.3618,t009,FJTB
2531946821,5086502,3,pelvis,swing,-0.9229,-0.2581,0.2216,41.7480,-53.4668,9.2773,t009,FJTB
2531946877,5086518,3,pelvis,swing,-0.9351,-0.2472,0.2120,36.3159,-43.3350,2.1362,t009,FJTB
2531946877,5086534,3,pelvis,swing,-0.9487,-0.3019,0.1528,35.1563,-41.9311,0.2441,t009,FJTB
2531946879,5086550,3,pelvis,swing,-0.9413,-0.3157,0.1340,29.6020,-43.8843,1.4648,t009,FJTB
2531946937,5086566,3,pelvis,swing,-0.9238,-0.2750,0.1432,25.0244,-45.4102,3.3569,t009,FJTB
2531946937,5086582,3,pelvis,swing,-0.9353,-0.2228,0.1709,17.7612,-48.8281,6.8359,t009,FJTB
2531946938,5086598,3,pelvis,loading,-0.9424,-0.2133,0.1832,17.1509,-48.1567,9.5215,t009,FJTB
2531946938,5086614,3,pelvis,loading,-0.9244,-0.1942,0.1951,19.5923,-46.2646,10.2539,t009,FJTB
2531946993,5086630,3,pelvis,loading,-0.9084,-0.1807,0.1940,28.5645,-42.7856,9.7656,t009,FJTB
2531946995,5086646,3,pelvis,loading,-0.8929,-0.1733,0.1461,34.9731,-42.3584,8.3618,t009,FJTB
2531946995,5086662,3,pelvis,loading,-0.8895,-0.1852,0.1149,49.8047,-45.5322,3.7231,t009,FJTB
2531946996,5086678,3,pelvis,loading,-0.8970,-0.2352,0.0906,63.5986,-50.9033,-1.0986,t009,FJTB
2531947056,5086694,3,pelvis,loading,-0.9202,-0.2799,0.0624,67.3218,-52.5513,-2.0752,t009,FJTB
2531947057,5086710,3,pelvis,loading,-0.9293,-0.2722,0.0610,65.4907,-53.7720,-1.8311,t009,FJTB
2531947058,5086726,3,pelvis,loading,-0.9174,-0.2987,0.0439,60.6689,-52.4902,-1.5259,t009,FJTB
2531947113,5086742,3,pelvis,loading,-0.9059,-0.3264,0.0448,50.0488,-51.9409,4.8828,t009,FJTB
2531947115,5086758,3,pelvis,loading,-0.9210,-0.3145,0.0754,45.4102,-50.2319,7.6904,t009,FJTB
2531947115,5086774,3,pelvis,loading,-0.9517,-0.2939,0.0714,40.8936,-46.5698,3.7231,t009,FJTB
2531947116,5086790,3,pelvis,loading,-0.9734,-0.2939,0.0709,42.2974,-40.4663,-0.1831,t009,FJTB
2531947174,5086806,3,pelvis,loading,-0.9884,-0.2509,0.0641,44.4336,-38.5742,0.1221,t009,FJTB
2531947175,5086822,3,pelvis,midstance,-0.9989,-0.2427,0.0591,53.8330,-39.9170,-1.0986,t009,FJTB
2531947175,5086838,3,pelvis,midstance,-1.0028,-0.2516,0.0476,57.9224,-42.2363,-1.0986,t009,FJTB
2531947175,5086854,3,pelvis,midstance,-1.0350,-0.3861,0.0911,65.0024,-49.8047,-1.4038,t009,FJTB
2531947232,5086870,3,pelvis,midstance,-1.1045,-0.4769,0.1475,73.0591,-54.9316,-4.0894,t009,FJTB
2531947233,5086886,3,pelvis,midstance,-1.2456,-0.5431,0.3402,70.0073,-51.8799,-6.1646,t009,FJTB
2531947234,5086902,3,pelvis,midstance,-1.2687,-0.5219,0.4692,43.2739,-31.3721,-10.0098,t009,FJTB
2531947292,5086918,3,pelvis,midstance,-1.2810,-0.3486,0.7328,25.2075,-14.4653,-11.3525,t009,FJTB
2531947292,5086934,3,pelvis,midstance,-1.3196,0.0675,0.8831,-6.8359,27.7100,-17.7612,t009,FJTB
2531947293,5086950,3,pelvis,midstance,-1.2977,0.2795,0.8807,-13.4888,67.7490,-33.5693,t009,FJTB
2531947293,5086966,3,pelvis,midstance,-1.0778,0.3406,0.6005,5.9204,82.1533,-43.7622,t009,FJTB
2531947348,5086982,3,pelvis,midstance,-0.9894,0.1627,0.4342,77.8198,87.6465,-53.2837,t009,FJTB
2531947350,5086998,3,pelvis,midstance,-1.1521,-0.2673,0.1405,111.6943,89.9658,-50.1709,t009,FJTB
2531947350,5087014,3,pelvis,midstance,-1.5040,-0.4403,-0.3062,141.6626,104.6143,-39.6729,t009,FJTB
2531947350,5087030,3,pelvis,midstance,-1.6194,-0.4210,-0.4989,103.1494,109.5581,-17.3950,t009,FJTB
2531947409,5087046,3,pelvis,midstance,-1.6117,-0.3165,-0.4918,64.8804,119.3848,-4.0894,t009,FJTB
2531947410,5087062,3,pelvis,midstance,-1.5013,-0.2980,-0.3724,-6.4087,154.7241,10.6201,t009,FJTB
2531947410,5087078,3,pelvis,midstance,-1.2321,-0.2430,-0.2462,-25.3296,164.0625,10.0708,t009,FJTB
2531947466,5087094,3,pelvis,midstance,-1.1429,-0.2098,-0.2397,-45.1660,154.6021,-2.4414,t009,FJTB
2531947468,5087110,3,pelvis,midstance,-1.0789,-0.1849,-0.1340,-48.7671,137.8174,-12.0850,t009,FJTB
2531947469,5087126,3,pelvis,midstance,-1.1140,-0.2416,-0.1898,-44.4336,134.0942,-12.5122,t009,FJTB
2531947470,5087142,3,pelvis,midstance,-1.1031,-0.2545,-0.2458,-43.2739,132.0801,-1.0986,t009,FJTB
2531947528,5087159,3,pelvis,midstance,-0.9962,-0.2358,-0.2683,-47.3633,131.6528,6.1646,t009,FJTB
2531947529,5087175,3,pelvis,midstance,-0.8971,-0.1981,-0.2731,-57.5561,128.3569,17.7612,t009,FJTB
2531947529,5087191,3,pelvis,midstance,-0.8668,-0.1893,-0.2635,-68.7866,117.4927,22.0947,t009,FJTB
2531947529,5087207,3,pelvis,midstance,-0.8132,-0.2036,-0.2336,-74.2188,110.9619,21.6064,t009,FJTB
2531947585,5087223,3,pelvis,midstance,-0.7843,-0.2145,-0.2208,-85.0830,94.6045,19.8975,t009,FJTB
2531947585,5087239,3,pelvis,terminal,-0.7662,-0.2462,-0.1866,-90.3931,86.2427,20.9351,t009,FJTB
2531947586,5087255,3,pelvis,terminal,-0.7562,-0.2452,-0.1577,-97.2290,73.6084,28.1372,t009,FJTB
2531947589,5087271,3,pelvis,terminal,-0.7366,-0.1946,-0.0691,-94.1162,68.8477,31.6162,t009,FJTB
2531947650,5087287,3,pelvis,terminal,-0.7202,-0.1305,-0.0063,-71.7773,56.6406,32.3486,t009,FJTB
2531947651,5087303,3,pelvis,terminal,-0.7113,-0.0702,0.0450,-49.1943,36.1328,33.7524,t009,FJTB
2531947651,5087319,3,pelvis,terminal,-0.6707,0.0924,0.1537,-41.0767,26.3672,32.2266,t009,FJTB
2531947652,5087334,3,pelvis,terminal,-0.6593,0.1501,0.2145,-33.9355,10.8032,22.6440,t009,FJTB
2531947709,5087350,3,pelvis,terminal,-0.6624,0.2310,0.3234,-35.0342,7.7515,17.3950,t009,FJTB
2531947710,5087366,3,pelvis,terminal,-0.6931,0.2389,0.4629,-40.8936,2.8076,6.2866,t009,FJTB
2531947711,5087382,3,pelvis,terminal,-0.7192,0.2092,0.5450,-37.4756,-4.2114,-4.5166,t009,FJTB
2531947770,5087398,3,pelvis,terminal,-0.7355,0.0651,0.6382,-27.5879,-7.6294,-6.8359,t009,FJTB
2531947770,5087414,3,pelvis,terminal,-0.7478,0.0034,0.6591,-7.5073,-3.7842,0.9155,t009,FJTB
2531947771,5087430,3,pelvis,terminal,-0.7893,-0.1763,0.6798,1.4648,1.7700,6.8359,t009,FJTB
2531947771,5087446,3,pelvis,terminal,-0.7993,-0.3025,0.7220,10.9863,13.6108,19.5923,t009,FJTB
2531947827,5087461,3,pelvis,terminal,-0.7554,-0.3812,0.7551,10.7422,16.2964,22.4609,t009,FJTB
2531947828,5087477,3,pelvis,swing,-0.7567,-0.2112,0.7764,6.1035,6.8359,13.6719,t009,FJTB
2531947828,5087493,3,pelvis,swing,-0.7898,-0.1730,0.8079,1.5869,1.5869,-3.0518,t009,FJTB
2531947828,5087509,3,pelvis,swing,-0.7909,-0.2173,0.8328,-3.3569,7.0190,-6.8970,t009,FJTB
2531947891,5087525,3,pelvis,swing,-0.7550,-0.3000,0.7697,-15.4419,17.3950,-1.8921,t009,FJTB
2531947892,5087541,3,pelvis,swing,-0.7050,-0.4192,0.6152,-25.8179,13.3667,5.4932,t009,FJTB
2531947892,5087557,3,pelvis,swing,-0.7327,-0.3004,0.5292,-52.7954,1.4038,15.3809,t009,FJTB
2531947893,5087573,3,pelvis,swing,-0.7466,-0.1964,0.5448,-64.2090,-0.8545,14.2822,t009,FJTB
2531947952,5087589,3,pelvis,swing,-0.8528,-0.0321,0.6907,-58.6548,5.6152,10.5591,t009,FJTB
2531947953,5087605,3,pelvis,swing,-0.9280,0.0486,0.6721,-44.7998,17.0288,-2.2583,t009,FJTB
2531947953,5087621,3,pelvis,swing,-1.2958,0.0831,0.6670,-45.4712,4.3335,-4.1504,t009,FJTB
2531948011,5087637,3,pelvis,swing,-1.6556,-0.0389,1.0074,-74.2798,-10.4370,29.0527,t009,FJTB
2531948012,5087652,3,pelvis,swing,-1.4132,-0.3860,0.5232,-91.4917,11.4136,53.4668,t009,FJTB
2531948013,5087668,3,pelvis,swing,-0.7571,-0.1173,-0.4520,-104.4922,-14.7705,57.7393,t009,FJTB
2531948013,5087684,3,pelvis,swing,-0.6862,0.1760,-0.3845,-64.6973,-65.4297,51.9409,t009,FJTB
2531948067,5087700,3,pelvis,swing,-0.4012,0.4745,0.0139,-22.0947,-62.6831,41.6260,t009,FJTB
2531948067,5087716,3,pelvis,swing,-0.4982,0.3015,0.0353,47.5464,-57.7393,14.7705,t009,FJTB
2531948069,5087732,3,pelvis,swing,-1.0077,-0.3235,-0.0768,64.3921,-63.4766,12.9395,t009,FJTB
2531948069,5087748,3,pelvis,swing,-1.3053,-0.6025,0.0645,70.8008,-69.7632,22.3999,t009,FJTB
2531948129,5087764,3,pelvis,swing,-1.2970,-0.5112,0.1639,41.0767,-62.9272,31.0669,t009,FJTB
2531948129,5087780,3,pelvis,swing,-0.9867,-0.3861,0.1956,22.5220,-59.3262,30.0903,t009,FJTB
2531948130,5087796,3,pelvis,swing,-0.8944,-0.3850,0.1674,-7.5684,-65.0024,27.4658,t009,FJTB
2531948130,5087812,3,pelvis,swing,-0.8822,-0.2369,0.1788,-14.4653,-68.4814,27.3437,t009,FJTB
2531948186,5087828,3,pelvis,swing,-0.8324,-0.0880,0.1670,-7.2021,-67.8711,25.6348,t009,FJTB
2531948187,5087844,3,pelvis,swing,-0.8170,-0.0975,0.1532,6.8359,-66.4673,23.5596,t009,FJTB
2531948187,5087860,3,pelvis,swing,-0.9011,-0.1801,0.1884,8.9111,-65.9790,22.0947,t009,FJTB
2531948246,5087876,3,pelvis,swing,-0.9648,-0.1650,0.2240,5.4932,-64.7583,17.0898,t009,FJTB
2531948247,5087892,3,pelvis,swing,-1.0372,-0.0381,0.2947,7.9956,-63.4155,13.5498,t009,FJTB
2531948247,5087907,3,pelvis,swing,-1.0326,-0.0098,0.2832,31.6162,-59.9976,7.9956,t009,FJTB
2531948248,5087923,3,pelvis,swing,-1.0109,-0.0585,0.3049,46.3257,-58.6548,7.9346,t009,FJTB
2531948306,5087939,3,pelvis,swing,-0.9111,-0.1737,0.2958,71.0449,-53.4058,7.4463,t009,FJTB
2531948306,5087955,3,pelvis,swing,-0.8706,-0.2461,0.2666,87.8296,-52.3682,7.0190,t009,FJTB
2531948307,5087971,3,pelvis,swing,-0.8320,-0.3745,0.2545,90.0879,-51.8799,6.8970,t009,FJTB
2531948307,5087987,3,pelvis,swing,-0.8318,-0.4169,0.2432,82.0923,-50.6592,7.0801,t009,FJTB
2531948369,5088003,3,pelvis,swing,-0.8734,-0.4337,0.2175,73.1812,-49.1943,7.6904,t009,FJTB
2531948370,5088019,3,pelvis,swing,-0.9056,-0.3990,0.1417,53.8940,-41.3208,6.7139,t009,FJTB
2531948370,5088035,3,pelvis,loading,-0.9218,-0.3829,0.1168,35.2173,-36.2549,2.8076,t009,FJTB
2531948370,5088051,3,pelvis,loading,-0.9390,-0.3231,0.0989,27.0996,-35.4004,0.9155,t009,FJTB
2531948428,5088067,3,pelvis,loading,-0.9238,-0.2770,0.0710,18.6157,-36.7432,-1.6479,t009,FJTB
2531948430,5088083,3,pelvis,loading,-0.9178,-0.2278,0.0215,18.6157,-39.7949,-1.0986,t009,FJTB
2531948431,5088099,3,pelvis,loading,-0.9131,-0.1974,0.0060,23.2544,-48.5840,4.5776,t009,FJTB
2531948448,5088115,3,pelvis,loading,-0.9385,-0.1647,-0.0156,28.8696,-53.2837,7.2632,t009,FJTB
2531948492,5088131,3,pelvis,loading,-0.9397,-0.1337,-0.0424,42.3584,-64.0259,12.1460,t009,FJTB
2531948492,5088147,3,pelvis,loading,-0.9545,-0.1313,-0.0085,44.9829,-70.0073,12.6343,t009,FJTB
2531948493,5088163,3,pelvis,loading,-0.9065,-0.1530,-0.0724,44.3115,-70.9229,10.8032,t009,FJTB
2531948550,5088179,3,pelvis,loading,-0.8966,-0.2062,-0.0634,48.6450,-80.3833,5.0049,t009,FJTB
2531948552,5088195,3,pelvis,loading,-0.9357,-0.2889,0.0229,45.5322,-80.5664,3.6621,t009,FJTB
2531948553,5088211,3,pelvis,loading,-0.9576,-0.3329,0.0996,30.2734,-71.6553,0.7324,t009,FJTB
2531948553,5088226,3,pelvis,loading,-0.9420,-0.3201,0.0999,19.8364,-65.9180,2.3193,t009,FJTB
2531948620,5088242,3,pelvis,loading,-0.9467,-0.3080,0.1915,20.6909,-65.6738,4.5776,t009,FJTB
2531948621,5088258,3,pelvis,loading,-0.9612,-0.2932,0.2195,29.1748,-59.3872,9.0942,t009,FJTB
2531948621,5088274,3,pelvis,loading,-0.9956,-0.2657,0.2494,35.9497,-54.1382,9.2163,t009,FJTB
2531948658,5088290,3,pelvis,loading,-0.9877,-0.2216,0.1891,44.9219,-41.2598,8.4229,t009,FJTB
2531948683,5088306,3,pelvis,loading,-0.9869,-0.2029,0.1758,57.9834,-34.4238,6.3477,t009,FJTB
2531948684,5088322,3,pelvis,midstance,-0.9895,-0.2164,0.1510,66.9556,-32.1655,4.3945,t009,FJTB
2531948684,5088338,3,pelvis,midstance,-0.9951,-0.2544,0.1299,85.4492,-31.9214,2.0752,t009,FJTB
2531948685,5088354,3,pelvis,midstance,-1.0725,-0.4253,0.1008,91.3696,-33.8745,2.0752,t009,FJTB
2531948688,5088370,3,pelvis,midstance,-1.1652,-0.5599,0.1248,88.8061,-36.0107,3.1128,t009,FJTB
2531948753,5088386,3,pelvis,midstance,-1.3497,-0.7485,0.2328,78.6133,-32.4707,2.9907,t009,FJTB
2531948754,5088402,3,pelvis,midstance,-1.3799,-0.6364,0.4397,44.7998,-13.0615,-0.6104,t009,FJTB
2531948754,5088418,3,pelvis,midstance,-1.3702,-0.5056,0.5459,2.0752,18.4326,-9.8267,t009,FJTB
2531948755,5088434,3,pelvis,midstance,-1.3049,-0.0400,0.7207,-19.5313,36.9263,-15.8081,t009,FJTB
2531948811,5088450,3,pelvis,midstance,-1.2196,0.2537,0.7178,-48.3398,74.9512,-37.4146,t009,FJTB
2531948811,5088466,3,pelvis,midstance,-1.0269,0.5408,0.4745,-46.7529,85.7544,-48.4619,t009,FJTB
2531948814,5088481,3,pelvis,midstance,-0.9484,0.2399,0.2377,-2.7466,82.7026,-50.2319,t009,FJTB
2531948815,5088497,3,pelvis,midstance,-0.9702,0.0398,0.1178,80.0171,79.8950,-44.0063,t009,FJTB
2531948875,5088513,3,pelvis,midstance,-1.2490,-0.1670,-0.1168,117.4927,83.8013,-44.6777,t009,FJTB
2531948875,5088529,3,pelvis,midstance,-1.4003,-0.1737,-0.2378,152.2217,102.7222,-40.7104,t009,FJTB
2531948876,5088545,3,pelvis,midstance,-1.5820,-0.2434,-0.4312,140.8081,114.4409,-32.6538,t009,FJTB
2531948931,5088561,3,pelvis,midstance,-1.4636,-0.4531,-0.4105,73.8525,144.6533,-11.4136,t009,FJTB
2531948932,5088577,3,pelvis,midstance,-1.3359,-0.5022,-0.3918,0.9766,161.6821,5.6763,t009,FJTB
2531948934,5088593,3,pelvis,midstance,-1.1082,-0.3849,-0.2809,-26.9165,158.9355,5.4321,t009,FJTB
2531948934,5088609,3,pelvis,midstance,-1.0789,-0.3219,-0.2244,-58.5327,144.1650,-8.6670,t009,FJTB
2531948995,5088625,3,pelvis,midstance,-1.1130,-0.3096,-0.1998,-60.9131,139.4043,-13.8550,t009,FJTB
2531948995,5088641,3,pelvis,midstance,-1.1296,-0.3069,-0.2996,-50.6592,135.8032,-12.2070,t009,FJTB
2531948996,5088657,3,pelvis,midstance,-1.1053,-0.2925,-0.3385,-42.2363,133.1787,3.8452,t009,FJTB
2531948996,5088674,3,pelvis,midstance,-1.0192,-0.2649,-0.3522,-43.2739,129.1504,13.9160,t009,FJTB
2531949052,5088689,3,pelvis,terminal,-0.9730,-0.2750,-0.3353,-56.3965,118.7134,31.3110,t009,FJTB
2531949053,5088706,3,pelvis,terminal,-0.8777,-0.3030,-0.3088,-70.6787,113.7695,35.2783,t009,FJTB
2531949053,5088722,3,pelvis,terminal,-0.8329,-0.2876,-0.2982,-102.9053,102.8442,32.5317,t009,FJTB
2531949056,5088738,3,pelvis,terminal,-0.7794,-0.2494,-0.2838,-123.3520,85.4492,28.0762,t009,FJTB
2531949119,5088754,3,pelvis,terminal,-0.7484,-0.1691,-0.1683,-128.4790,78.7964,29.9683,t009,FJTB
2531949120,5088770,3,pelvis,terminal,-0.7195,-0.1140,-0.1241,-116.7602,70.3125,33.3862,t009,FJTB
2531949120,5088786,3,pelvis,terminal,-0.6707,-0.0526,-0.0076,-102.0508,58.8379,32.8979,t009,FJTB
2531949121,5088802,3,pelvis,terminal,-0.6716,-0.0253,0.0853,-67.0776,41.5649,27.4048,t009,FJTB
2531949178,5088817,3,pelvis,terminal,-0.6857,0.0176,0.2222,-50.0488,38.5742,23.4985,t009,FJTB
2531949178,5088833,3,pelvis,terminal,-0.7064,0.0311,0.3402,-30.7007,36.7432,17.8833,t009,FJTB
2531949180,5088849,3,pelvis,terminal,-0.7064,0.0380,0.3781,-28.9307,36.5601,13.3667,t009,FJTB
2531949241,5088865,3,pelvis,terminal,-0.6876,0.0778,0.4283,-28.2593,33.6304,10.3149,t009,FJTB
2531949242,5088881,3,pelvis,terminal,-0.6946,0.1121,0.4712,-19.4702,22.5830,1.9531,t009,FJTB
2531949242,5088896,3,pelvis,terminal,-0.7203,0.1064,0.5721,-10.8032,19.0430,-0.9155,t009,FJTB
2531949242,5088912,3,pelvis,terminal,-0.7504,0.0326,0.6390,7.3853,21.9727,1.8921,t009,FJTB
2531949298,5088928,3,pelvis,terminal,-0.7998,-0.2384,0.7183,18.0664,29.9072,7.4463,t009,FJTB
2531949298,5088944,3,pelvis,terminal,-0.7251,-0.4504,0.6022,45.2881,38.2080,24.4751,t009,FJTB
2531949299,5088960,3,pelvis,terminal,-0.6993,-0.4519,0.5607,47.3022,15.1367,36.1938,t009,FJTB
2531949300,5088975,3,pelvis,terminal,-0.7340,-0.2856,0.6206,35.2783,1.7090,34.3628,t009,FJTB
2531949361,5088991,3,pelvis,terminal,-0.7780,-0.2294,0.6960,2.2583,-2.6245,19.6533,t009,FJTB
2531949362,5089007,3,pelvis,terminal,-0.7725,-0.2822,0.7617,-11.3525,6.1035,12.6953,t009,FJTB
2531949362,5089023,3,pelvis,terminal,-0.7323,-0.3467,0.7264,-27.7710,15.4419,10.1318,t009,FJTB
2531949362,5089039,3,pelvis,terminal,-0.6759,-0.3644,0.6451,-35.8276,10.4980,14.0381,t009,FJTB
2531949418,5089055,3,pelvis,terminal,-0.6426,-0.3202,0.5580,-54.5044,-4.7607,21.2402,t009,FJTB
2531949419,5089071,3,pelvis,swing,-0.6614,-0.3151,0.5392,-78.0640,-11.4136,24.7192,t009,FJTB
2531949419,5089087,3,pelvis,swing,-0.7140,-0.3317,0.5594,-86.0596,-7.6904,26.3062,t009,FJTB
2531949421,5089103,3,pelvis,swing,-0.6582,-0.3798,0.4664,-92.5293,-4.9438,32.5317,t009,FJTB
2531949486,5089119,3,pelvis,swing,-0.5546,-0.4828,-0.0463,-94.2383,-25.3296,39.8560,t009,FJTB
2531949487,5089135,3,pelvis,swing,-1.3029,-0.1759,0.3669,-106.8726,-98.6328,57.9834,t009,FJTB
2531949487,5089151,3,pelvis,swing,-1.9727,-0.0209,1.1039,-158.8745,-34.1187,55.6641,t009,FJTB
2531949487,5089167,3,pelvis,swing,-2.1041,-0.1154,1.6234,-199.8901,38.3911,65.8569,t009,FJTB
2531949545,5089183,3,pelvis,swing,-1.3690,0.0508,1.1785,-262.7563,4.8828,78.3691,t009,FJTB
2531949545,5089198,3,pelvis,swing,-0.7302,0.8350,-0.0088,-228.5156,-54.4434,56.6406,t009,FJTB
2531949547,5089214,3,pelvis,swing,-0.8849,0.8718,-0.5312,-85.7544,-94.2993,22.1558,t009,FJTB
2531949548,5089230,3,pelvis,swing,-0.5969,0.8225,-0.4575,70.6177,-52.1851,21.4233,t009,FJTB
2531949609,5089246,3,pelvis,swing,-0.1434,0.1490,-0.2559,145.7520,-27.9541,9.9487,t009,FJTB
2531949610,5089262,3,pelvis,swing,-0.3442,-0.5212,-0.1703,189.2090,-34.4238,-1.4038,t009,FJTB
2531949610,5089278,3,pelvis,swing,-0.9373,-1.4019,-0.0668,171.0205,-52.9785,10.9253,t009,FJTB
2531949667,5089294,3,pelvis,swing,-1.2191,-1.3115,-0.0444,103.4546,-80.0781,41.6260,t009,FJTB
2531949668,5089310,3,pelvis,swing,-1.5060,-0.6849,0.2340,2.0142,-76.7822,31.7383,t009,FJTB
2531949669,5089326,3,pelvis,swing,-1.0913,-0.2163,0.2555,-38.0859,-73.1812,20.8740,t009,FJTB
2531949669,5089342,3,pelvis,swing,-0.9272,-0.1135,0.1973,-68.9697,-74.2798,16.1133,t009,FJTB
2531949731,5089358,3,pelvis,swing,-0.8083,-0.0165,0.1473,-67.9321,-74.0967,19.2261,t009,FJTB
2531949731,5089374,3,pelvis,swing,-0.7551,0.0321,0.1555,-48.4619,-69.2139,24.7803,t009,FJTB
2531949732,5089390,3,pelvis,swing,-0.7531,0.0311,0.1890,-36.6821,-68.4814,26.4282,t009,FJTB
2531949732,5089406,3,pelvis,swing,-0.9370,-0.0300,0.2393,-12.3291,-70.8618,29.7852,t009,FJTB
2531949789,5089422,3,pelvis,swing,-1.0231,-0.0585,0.2893,25.2686,-65.0635,25.9399,t009,FJTB
2531949789,5089438,3,pelvis,loading,-1.0511,-0.1217,0.3407,43.3960,-57.0068,21.9116,t009,FJTB
2531949790,5089454,3,pelvis,loading,-1.0084,-0.1620,0.3457,66.8335,-45.8984,11.8408,t009,FJTB
2531949790,5089470,3,pelvis,loading,-0.8976,-0.2733,0.3248,71.0449,-43.7012,7.3242,t009,FJTB
2531949857,5089486,3,pelvis,loading,-0.8289,-0.3778,0.2771,71.5332,-44.2505,3.9062,t009,FJTB
2531949857,5089502,3,pelvis,loading,-0.8160,-0.3595,0.2358,68.6646,-48.4619,9.5825,t009,FJTB
2531949857,5089517,3,pelvis,loading,-0.8945,-0.2798,0.3190,65.7959,-50.8423,11.7798,t009,FJTB
2531949857,5089534,3,pelvis,loading,-0.9370,-0.2664,0.3285,54.9927,-40.4663,9.8267,t009,FJTB
2531949916,5089550,3,pelvis,loading,-0.9401,-0.2966,0.1862,51.0864,-35.5835,8.1787,t009,FJTB
2531949918,5089566,3,pelvis,loading,-0.9254,-0.3008,0.1273,44.3726,-31.1279,5.3101,t009,FJTB
2531949919,5089581,3,pelvis,loading,-0.8815,-0.2988,0.0736,40.4663,-30.0903,3.2349,t009,FJTB
2531949919,5089597,3,pelvis,loading,-0.8794,-0.2765,0.0240,32.8369,-35.0342,1.1597,t009,FJTB
2531949982,5089613,3,pelvis,loading,-0.9019,-0.2301,0.0031,27.0386,-46.4478,3.6011,t009,FJTB
2531949982,5089629,3,pelvis,loading,-0.9583,-0.1427,0.0105,26.4893,-50.7202,4.9438,t009,FJTB
2531949983,5089645,3,pelvis,loading,-0.9749,-0.1271,0.0236,32.4707,-54.3823,7.3242,t009,FJTB
2531949983,5089661,3,pelvis,loading,-0.9735,-0.1443,0.0439,37.5977,-54.8096,8.3008,t009,FJTB
2531950041,5089677,3,pelvis,loading,-0.9183,-0.1543,0.0549,46.9971,-56.0303,9.1553,t009,FJTB
2531950042,5089693,3,pelvis,loading,-0.8982,-0.1757,0.0872,56.9458,-59.6924,6.3477,t009,FJTB
2531950042,5089709,3,pelvis,loading,-0.9016,-0.2815,0.1440,58.4106,-56.7627,5.9814,t009,FJTB
2531950043,5089725,3,pelvis,loading,-0.9054,-0.3160,0.1278,56.2744,-52.3071,4.1504,t009,FJTB
2531950103,5089741,3,pelvis,loading,-0.9298,-0.3650,0.1022,53.8330,-50.3540,2.5024,t009,FJTB
2531950104,5089757,3,pelvis,loading,-0.9237,-0.2726,0.0640,44.9829,-43.5181,4.9438,t009,FJTB
2531950104,5089772,3,pelvis,loading,-0.9314,-0.2415,0.0680,43.8232,-41.9922,5.0659,t009,FJTB
2531950125,5089788,3,pelvis,loading,-0.9302,-0.2430,0.0651,46.6919,-41.6260,4.2725,t009,FJTB
2531950161,5089804,3,pelvis,loading,-0.9197,-0.2604,0.0654,56.5186,-40.7715,4.0894,t009,FJTB
2531950162,5089820,3,pelvis,midstance,-0.9236,-0.2886,0.0348,62.8052,-40.2832,4.3945,t009,FJTB
2531950162,5089836,3,pelvis,midstance,-0.9520,-0.2570,-0.0005,75.0732,-39.7949,2.6855,t009,FJTB
2531950189,5089852,3,pelvis,midstance,-1.0078,-0.1698,0.0094,77.3926,-40.7715,0.7935,t009,FJTB
2531950228,5089868,3,pelvis,midstance,-1.0635,-0.2411,0.1060,79.8340,-44.7998,-3.2349,t009,FJTB
2531950229,5089884,3,pelvis,midstance,-1.1084,-0.3367,0.1676,81.6040,-47.6685,-6.4697,t009,FJTB
2531950229,5089900,3,pelvis,midstance,-1.2004,-0.5209,0.3419,79.2847,-46.0205,-7.1411,t009,FJTB
2531950286,5089916,3,pelvis,midstance,-1.2393,-0.5833,0.4585,64.5142,-32.4707,-8.4229,t009,FJTB
2531950287,5089932,3,pelvis,midstance,-1.3170,-0.6239,0.6898,52.4292,-19.2261,-9.8267,t009,FJTB
2531950287,5089948,3,pelvis,midstance,-1.3696,-0.2555,0.8099,16.3574,20.2026,-14.4653,t009,FJTB
2531950289,5089964,3,pelvis,midstance,-1.3667,0.0447,0.8218,-18.0664,65.1855,-29.9683,t009,FJTB
2531950350,5089980,3,pelvis,midstance,-1.2108,0.3806,0.5813,-16.4795,81.8481,-41.2598,t009,FJTB
2531950351,5089996,3,pelvis,midstance,-1.1361,0.3214,0.3752,39.5508,93.3227,-55.5420,t009,FJTB
2531950351,5090012,3,pelvis,midstance,-1.2136,-0.0638,0.0349,78.9185,96.5576,-53.7109,t009,FJTB
2531950351,5090028,3,pelvis,midstance,-1.4561,-0.1942,-0.2841,140.6860,115.7226,-40.7104,t009,FJTB
2531950409,5090044,3,pelvis,midstance,-1.5004,-0.1317,-0.4150,142.1509,136.5356,-24.1699,t009,FJTB
2531950411,5090060,3,pelvis,midstance,-1.5381,-0.1157,-0.4266,119.3237,143.3716,-14.5874,t009,FJTB
2531950411,5090076,3,pelvis,midstance,-1.5112,-0.1787,-0.3455,64.2090,158.0811,6.4087,t009,FJTB
2531950471,5090092,3,pelvis,midstance,-1.3245,-0.2544,-0.2817,40.7104,164.0014,12.3291,t009,FJTB
2531950471,5090108,3,pelvis,midstance,-1.2137,-0.2234,-0.2845,4.8828,157.8369,7.5073,t009,FJTB
2531950471,5090124,3,pelvis,midstance,-1.1180,-0.1932,-0.2300,-6.9580,150.0244,1.7700,t009,FJTB
2531950472,5090140,3,pelvis,midstance,-1.0980,-0.2361,-0.2723,-20.0195,138.6719,-3.2959,t009,FJTB
2531950495,5090156,3,pelvis,midstance,-1.0770,-0.2450,-0.2972,-35.2783,132.9346,2.4414,t009,FJTB
2531950528,5090172,3,pelvis,midstance,-1.0122,-0.2626,-0.3092,-43.3350,132.5684,5.8594,t009,FJTB
2531950530,5090188,3,pelvis,terminal,-0.9723,-0.2593,-0.3220,-65.4297,132.0801,12.7563,t009,FJTB
2531950531,5090204,3,pelvis,terminal,-0.8853,-0.2341,-0.3053,-88.5620,125.6714,15.6860,t009,FJTB
2531950592,5090221,3,pelvis,terminal,-0.7866,-0.2211,-0.2732,-98.4497,118.7744,15.4419,t009,FJTB
2531950593,5090237,3,pelvis,terminal,-0.7461,-0.2164,-0.2340,-111.7554,100.2808,16.2964,t009,FJTB
2531950593,5090253,3,pelvis,terminal,-0.7056,-0.1722,-0.1573,-111.3892,92.0410,20.9351,t009,FJTB
2531950594,5090269,3,pelvis,terminal,-0.6676,-0.1023,-0.1022,-89.8437,76.1108,33.8135,t009,FJTB
2531950651,5090285,3,pelvis,terminal,-0.6562,-0.1049,-0.0656,-49.1943,55.2978,32.5928,t009,FJTB
2531950652,5090301,3,pelvis,terminal,-0.6659,-0.1406,0.0237,-31.1279,45.2881,31.1890,t009,FJTB
2531950653,5090317,3,pelvis,terminal,-0.6697,-0.1304,0.0778,-8.1177,32.2876,29.0527,t009,FJTB
2531950653,5090333,3,pelvis,terminal,-0.6588,-0.0776,0.1948,-5.5542,28.6865,27.8931,t009,FJTB
2531950713,5090349,3,pelvis,terminal,-0.6532,-0.0389,0.2628,-13.7329,22.7051,26.3672,t009,FJTB
2531950713,5090365,3,pelvis,terminal,-0.6759,-0.0156,0.4783,-17.3340,21.6675,23.1934,t009,FJTB
2531950714,5090381,3,pelvis,terminal,-0.6813,-0.0695,0.6176,-13.0005,25.0854,20.4468,t009,FJTB
2531950715,5090397,3,pelvis,terminal,-0.6609,-0.0715,0.6346,3.8452,20.3247,15.3809,t009,FJTB
2531950772,5090413,3,pelvis,terminal,-0.6877,-0.0774,0.6960,11.1084,14.7705,14.7095,t009,FJTB
2531950773,5090429,3,pelvis,terminal,-0.7365,-0.1421,0.7247,7.6904,16.7847,17.9443,t009,FJTB
2531950773,5090445,3,pelvis,terminal,-0.7540,-0.2794,0.7102,-2.4414,20.3857,21.3013,t009,FJTB
2531950833,5090461,3,pelvis,terminal,-0.7141,-0.2784,0.6749,-24.1089,12.3901,23.6816,t009,FJTB
2531950834,5090477,3,pelvis,terminal,-0.7338,-0.2408,0.7351,-39.7949,-4.5166,21.0571,t009,FJTB
2531950834,5090493,3,pelvis,terminal,-0.7760,-0.2079,0.8922,-44.7388,-5.0659,19.7754,t009,FJTB
2531950834,5090509,3,pelvis,terminal,-0.7567,-0.2369,0.8861,-57.3730,2.3804,20.0195,t009,FJTB
2531950891,5090525,3,pelvis,terminal,-0.6954,-0.2959,0.7719,-67.1387,3.1128,21.1182,t009,FJTB
2531950893,5090541,3,pelvis,terminal,-0.6791,-0.3491,0.6538,-88.3179,0.5493,22.5220,t009,FJTB
2531950893,5090557,3,pelvis,terminal,-0.6544,-0.3354,0.6149,-102.4780,-3.4790,26.7334,t009,FJTB
2531950893,5090573,3,pelvis,terminal,-0.5912,-0.2040,0.5786,-100.6470,-5.9204,26.9165,t009,FJTB
2531950953,5090589,3,pelvis,terminal,-0.5341,-0.1622,0.5375,-81.1768,-10.1929,15.8081,t009,FJTB
2531950954,5090605,3,pelvis,swing,-0.4530,-0.1283,0.0186,-67.8101,-21.1182,9.1553,t009,FJTB
2531950954,5090621,3,pelvis,swing,-1.2528,0.1486,0.2354,-65.5518,-95.3979,5.1880,t009,FJTB
2531950955,5090637,3,pelvis,swing,-2.4180,0.1257,1.3633,-112.5488,-45.9595,25.3906,t009,FJTB
2531951011,5090653,3,pelvis,swing,-2.3760,-0.4961,1.3170,-136.6577,45.1660,49.5605,t009,FJTB
2531951013,5090669,3,pelvis,swing,-1.1649,-0.4008,0.2631,-182.0679,14.1602,58.9600,t009,FJTB
2531951014,5090685,3,pelvis,swing,-0.5067,0.4395,-0.7501,-153.5645,-49.1333,56.4575,t009,FJTB
2531951074,5090701,3,pelvis,swing,-0.3281,0.8215,-0.4337,2.8687,-77.7588,44.4336,t009,FJTB
2531951075,5090717,3,pelvis,swing,-0.3750,0.5098,-0.3063,126.7700,-45.1660,-7.5073,t009,FJTB
2531951075,5090733,3,pelvis,swing,-0.8512,-0.4840,-0.1641,142.1509,-47.4243,-9.7656,t009,FJTB
2531951076,5090749,3,pelvis,swing,-1.0200,-0.7078,-0.0118,131.3477,-53.4058,14.7705,t009,FJTB
2531951132,5090765,3,pelvis,swing,-1.3522,-0.6498,0.1243,116.3940,-54.3823,18.3105,t009,FJTB
2531951134,5090781,3,pelvis,swing,-1.2559,-0.4998,0.2683,57.1289,-48.8892,15.4419,t009,FJTB
2531951134,5090797,3,pelvis,swing,-1.0535,-0.4972,0.2692,-10.4980,-52.3071,14.2212,t009,FJTB
2531951135,5090813,3,pelvis,swing,-0.8167,-0.3285,0.2335,-33.6914,-57.3730,16.4185,t009,FJTB
2531951196,5090830,3,pelvis,swing,-0.7867,-0.2106,0.2162,-39.3066,-59.1431,16.6626,t009,FJTB
2531951196,5090846,3,pelvis,swing,-0.7382,-0.0674,0.2046,-26.8555,-57.9224,16.1743,t009,FJTB
2531951197,5090862,3,pelvis,swing,-0.7894,-0.1091,0.2440,1.4648,-59.2651,16.9678,t009,FJTB
2531951197,5090878,3,pelvis,swing,-0.8761,-0.1573,0.2571,17.0288,-61.4624,21.9727,t009,FJTB
2531951255,5090895,3,pelvis,swing,-1.0259,-0.2473,0.2552,22.8271,-59.6924,23.0103,t009,FJTB
2531951255,5090911,3,pelvis,swing,-1.0516,-0.2938,0.2394,31.6772,-52.7344,20.3857,t009,FJTB
2531951255,5090927,3,pelvis,swing,-0.9799,-0.3215,0.2336,29.7241,-50.2319,19.1650,t009,FJTB
2531951317,5090943,3,pelvis,swing,-0.8643,-0.2424,0.2373,17.1509,-51.0254,16.6626,t009,FJTB
2531951317,5090959,3,pelvis,swing,-0.8427,-0.1780,0.2463,13.5498,-57.0679,11.2305,t009,FJTB
2531951318,5090975,3,pelvis,swing,-0.8737,-0.1130,0.2657,17.5171,-59.3872,8.7280,t009,FJTB
2531951318,5090991,3,pelvis,swing,-0.9022,-0.1281,0.2656,33.8135,-62.3779,6.8359,t009,FJTB
2531951378,5091007,3,pelvis,swing,-0.9513,-0.2035,0.2427,42.1753,-63.1103,7.1411,t009,FJTB
2531951378,5091023,3,pelvis,swing,-0.9426,-0.2440,0.1687,47.6074,-60.9131,8.0566,t009,FJTB
2531951379,5091039,3,pelvis,swing,-0.9321,-0.2523,0.1344,38.5742,-59.9365,6.5308,t009,FJTB
2531951439,5091056,3,pelvis,swing,-0.9116,-0.2590,0.0905,31.2500,-60.7300,5.9204,t009,FJTB
2531951440,5091071,3,pelvis,swing,-0.9093,-0.2559,0.0801,15.0757,-64.0259,7.3853,t009,FJTB
2531951440,5091087,3,pelvis,loading,-0.9203,-0.2362,0.0437,9.0942,-65.7959,8.6060,t009,FJTB
2531951441,5091103,3,pelvis,loading,-0.9288,-0.1801,0.0507,6.5918,-69.0918,11.2915,t009,FJTB
2531951441,5091119,3,pelvis,loading,-0.9358,-0.1746,0.0916,17.8223,-70.8618,13.9770,t009,FJTB
2531951499,5091136,3,pelvis,loading,-0.9208,-0.1781,0.1462,24.3530,-69.8242,15.5029,t009,FJTB
2531951500,5091151,3,pelvis,loading,-0.9163,-0.1830,0.1553,34.9731,-68.1763,11.4746,t009,FJTB
2531951500,5091167,3,pelvis,loading,-0.9275,-0.2517,0.1488,39.4287,-66.4063,10.5591,t009,FJTB
2531951501,5091183,3,pelvis,loading,-0.9309,-0.2328,0.1412,42.8467,-63.5986,14.5264,t009,FJTB
2531951566,5091199,3,pelvis,loading,-0.9607,-0.2766,0.1759,56.8237,-56.2744,9.6436,t009,FJTB
2531951566,5091215,3,pelvis,loading,-0.9739,-0.3394,0.1677,55.7861,-46.9360,9.4604,t009,FJTB
2531951566,5091231,3,pelvis,loading,-0.9437,-0.3333,0.1196,51.6968,-33.5083,9.8877,t009,FJTB
2531951567,5091247,3,pelvis,loading,-0.8959,-0.2523,-0.0596,54.3213,-33.0811,8.5449,t009,FJTB
2531951626,5091263,3,pelvis,midstance,-0.8953,-0.1959,-0.1139,60.1196,-38.6963,5.4932,t009,FJTB
2531951627,5091279,3,pelvis,midstance,-0.9219,-0.1270,-0.1377,69.6411,-42.2974,2.8076,t009,FJTB
2531951627,5091296,3,pelvis,midstance,-0.9558,-0.1621,-0.1158,75.9888,-43.5791,1.1597,t009,FJTB
2531951630,5091312,3,pelvis,midstance,-0.9799,-0.2053,-0.0948,84.7778,-43.8843,-2.3804,t009,FJTB
2531951692,5091328,3,pelvis,midstance,-1.0155,-0.2606,-0.0343,87.0361,-43.7622,-2.6855,t009,FJTB
2531951693,5091344,3,pelvis,midstance,-0.9994,-0.3051,0.0568,87.5244,-45.2270,-2.5635,t009,FJTB
2531951693,5091360,3,pelvis,midstance,-1.0220,-0.3634,0.1094,81.4209,-48.4619,-7.7515,t009,FJTB
2531951737,5091376,3,pelvis,midstance,-1.1606,-0.6064,0.2332,75.8057,-49.3774,-10.9863,t009,FJTB
2531951753,5091393,3,pelvis,midstance,-1.2227,-0.7107,0.2992,58.6548,-48.4619,-14.9536,t009,FJTB
2531951753,5091409,3,pelvis,midstance,-1.3398,-0.8252,0.5604,46.0205,-44.2505,-16.2964,t009,FJTB
2531951753,5091425,3,pelvis,midstance,-1.3434,-0.6482,0.7682,4.5166,-15.4419,-14.0991,t009,FJTB
2531951795,5091441,3,pelvis,midstance,-1.3560,-0.4558,0.8613,-39.3066,28.1372,-14.4043,t009,FJTB
2531951814,5091457,3,pelvis,midstance,-1.3208,0.2235,0.8395,-53.3447,57.4951,-19.8364,t009,FJTB
2531951815,5091473,3,pelvis,midstance,-1.2086,0.5593,0.7241,-44.3115,108.3984,-43.5791,t009,FJTB
2531951815,5091489,3,pelvis,midstance,-1.0411,0.5669,0.4152,-14.6484,117.7978,-51.6357,t009,FJTB
2531951873,5091505,3,pelvis,midstance,-1.2439,0.0350,-0.0197,78.4302,118.7744,-42.9687,t009,FJTB
2531951874,5091521,3,pelvis,midstance,-1.4174,-0.0581,-0.1968,161.4380,134.0332,-31.1890,t009,FJTB
2531951875,5091537,3,pelvis,midstance,-1.6498,0.0184,-0.5306,181.3354,145.4468,-28.3203,t009,FJTB
2531951875,5091553,3,pelvis,midstance,-1.7013,0.0006,-0.5817,152.9541,155.2734,-10.4980,t009,FJTB
2531951937,5091569,3,pelvis,midstance,-1.6091,-0.2311,-0.4634,115.0513,165.1611,2.0752,t009,FJTB
2531951937,5091585,3,pelvis,midstance,-1.3322,-0.2850,-0.3660,38.9404,180.7251,17.2729,t009,FJTB
2531951938,5091602,3,pelvis,midstance,-1.2433,-0.2113,-0.2681,-19.3481,170.5932,9.7656,t009,FJTB
2531951938,5091617,3,pelvis,midstance,-1.1605,-0.1897,-0.1847,-35.2783,161.3769,3.0518,t009,FJTB
2531951995,5091634,3,pelvis,midstance,-1.1281,-0.2277,-0.2520,-46.2646,146.4233,-0.3662,t009,FJTB
2531951995,5091650,3,pelvis,midstance,-1.0313,-0.2465,-0.3903,-51.5137,142.1509,1.7700,t009,FJTB
2531951996,5091666,3,pelvis,terminal,-0.9374,-0.1805,-0.3773,-63.6597,139.2212,6.7139,t009,FJTB
2531952000,5091682,3,pelvis,terminal,-0.8961,-0.1656,-0.4033,-79.4678,137.7563,12.0850,t009,FJTB
2531952062,5091699,3,pelvis,terminal,-0.8230,-0.1782,-0.4248,-89.1724,131.5918,13.9160,t009,FJTB
2531952062,5091715,3,pelvis,terminal,-0.7880,-0.2285,-0.4022,-103.0884,115.6006,17.7612,t009,FJTB
2531952063,5091731,3,pelvis,terminal,-0.6915,-0.2834,-0.3212,-104.6143,106.3843,23.6816,t009,FJTB
2531952091,5091747,3,pelvis,terminal,-0.5946,-0.1569,-0.2515,-86.9141,82.5195,38.8794,t009,FJTB
2531952123,5091763,3,pelvis,terminal,-0.5573,-0.1007,-0.2172,-45.1660,53.4058,38.3911,t009,FJTB
2531952124,5091779,3,pelvis,terminal,-0.5786,-0.1304,-0.0814,-25.0244,40.1611,34.4238,t009,FJTB
2531952124,5091796,3,pelvis,terminal,-0.6140,-0.1320,0.0049,-2.3804,24.7192,31.6162,t009,FJTB
2531952185,5091812,3,pelvis,terminal,-0.6560,-0.0057,0.1935,-2.9907,20.9961,29.7852,t009,FJTB
2531952186,5091828,3,pelvis,terminal,-0.7242,0.1168,0.4994,-16.1133,20.2637,21.9727,t009,FJTB
2531952186,5091843,3,pelvis,terminal,-0.7607,0.0944,0.6661,-16.5405,29.1138,6.3477,t009,FJTB
2531952186,5091859,3,pelvis,terminal,-0.8414,-0.0852,0.9938,-15.5029,36.5601,-1.4038,t009,FJTB
2531952245,5091876,3,pelvis,terminal,-0.7834,-0.1467,0.9969,-16.6626,55.2368,-2.9907,t009,FJTB
2531952246,5091892,3,pelvis,terminal,-0.5415,-0.2084,0.7100,-18.4326,51.6968,1.4648,t009,FJTB
2531952246,5091908,3,pelvis,terminal,-0.5823,-0.1913,0.4951,-32.8979,24.2310,8.2397,t009,FJTB
2531952247,5091924,3,pelvis,terminal,-0.6586,-0.1567,0.4906,-60.9741,-3.0518,13.9160,t009,FJTB
2531952307,5091940,3,pelvis,terminal,-0.7816,-0.0504,0.6816,-69.5801,-6.5918,15.1978,t009,FJTB
2531952308,5091956,3,pelvis,terminal,-0.8010,-0.0248,0.7689,-66.5894,8.2397,11.9019,t009,FJTB
2531952309,5091972,3,pelvis,terminal,-0.7831,-0.0724,0.8224,-61.9507,15.3198,10.4980,t009,FJTB
2531952309,5091988,3,pelvis,terminal,-0.7458,-0.1560,0.8364,-53.0395,15.6860,12.9395,t009,FJTB
2531952366,5092003,3,pelvis,terminal,-0.7300,-0.2085,0.8110,-38.8794,12.2681,14.2212,t009,FJTB
2531952367,5092019,3,pelvis,swing,-0.7145,-0.3151,0.6992,-35.4004,10.1318,14.7095,t009,FJTB
2531952367,5092035,3,pelvis,swing,-0.6907,-0.3184,0.6290,-42.7856,3.1128,20.7520,t009,FJTB
2531952370,5092052,3,pelvis,swing,-0.6509,-0.2139,0.5392,-47.5464,0.1221,23.5596,t009,FJTB
2531952434,5092068,3,pelvis,swing,-0.6312,0.0593,0.3872,-53.4058,0.9766,15.0757,t009,FJTB
2531952434,5092083,3,pelvis,swing,-0.8252,0.2598,0.4062,-79.2847,-26.0010,-11.1694,t009,FJTB
2531952435,5092100,3,pelvis,swing,-2.2269,0.3573,1.7208,-111.8164,-26.7334,-14.7705,t009,FJTB
2531952435,5092116,3,pelvis,swing,-2.5597,-0.0945,1.6567,-108.6426,47.4853,33.6914,t009,FJTB
2531952494,5092132,3,pelvis,swing,-1.0392,-0.6641,-0.2965,-72.9370,38.9404,58.3496,t009,FJTB
2531952496,5092148,3,pelvis,swing,-0.6083,0.0918,-0.6028,-36.6821,-53.7720,59.5703,t009,FJTB
2531952496,5092164,3,pelvis,swing,-0.5922,0.5002,-0.5139,10.5591,-72.0215,49.8047,t009,FJTB
2531952497,5092180,3,pelvis,swing,-0.3142,0.5862,-0.3275,44.3726,-64.2090,31.9214,t009,FJTB
2531952561,5092195,3,pelvis,swing,-0.5775,0.2861,-0.1761,97.1680,-72.8149,3.6621,t009,FJTB
2531952561,5092211,3,pelvis,swing,-1.1780,-0.4034,0.0425,111.6943,-68.7256,3.1738,t009,FJTB
2531952562,5092227,3,pelvis,swing,-1.2231,-0.5455,0.1262,108.1543,-57.4341,15.7471,t009,FJTB
2531952562,5092243,3,pelvis,swing,-1.2784,-0.5754,0.3060,94.2993,-58.1055,17.4561,t009,FJTB
2531952620,5092260,3,pelvis,swing,-0.9504,-0.6350,0.2219,52.3682,-57.6172,15.1978,t009,FJTB
2531952623,5092276,3,pelvis,swing,-0.8379,-0.6451,0.2185,-2.1362,-62.8662,15.2588,t009,FJTB
2531952623,5092292,3,pelvis,swing,-0.8275,-0.4398,0.2639,-18.7988,-65.8569,16.2964,t009,FJTB
2531952678,5092308,3,pelvis,swing,-0.8170,-0.2848,0.2509,-22.9492,-69.2139,17.5781,t009,FJTB
2531952685,5092324,3,pelvis,swing,-0.7740,-0.0747,0.2075,-19.1040,-69.8853,16.9678,t009,FJTB
2531952686,5092340,3,pelvis,swing,-0.8732,-0.0098,0.2731,-11.9019,-70.2515,15.6860,t009,FJTB
2531952686,5092356,3,pelvis,swing,-0.9381,0.0111,0.2999,9.3994,-68.6646,13.9770,t009,FJTB
2531952744,5092372,3,pelvis,swing,-1.0035,0.0093,0.2966,28.0151,-68.4814,11.8408,t009,FJTB
2531952745,5092388,3,pelvis,swing,-1.0193,-0.0518,0.2734,65.9790,-67.8711,7.0801,t009,FJTB
2531952746,5092404,3,pelvis,swing,-0.9839,-0.2380,0.1866,77.3315,-67.2607,6.3477,t009,FJTB
2531952747,5092420,3,pelvis,swing,-0.8689,-0.3920,0.1324,76.0498,-66.6504,7.7515,t009,FJTB
2531952808,5092436,3,pelvis,swing,-0.8308,-0.4329,0.1306,52.8564,-67.1997,10.1318,t009,FJTB
2531952809,5092452,3,pelvis,swing,-0.8418,-0.4108,0.1592,40.9546,-67.7490,10.9253,t009,FJTB
2531952809,5092468,3,pelvis,swing,-0.8864,-0.3735,0.1866,25.3906,-68.8477,9.8877,t009,FJTB
2531952809,5092484,3,pelvis,swing,-0.9813,-0.3309,0.2341,17.7612,-65.1245,10.2539,t009,FJTB
2531952867,5092500,3,pelvis,swing,-0.9528,-0.3218,0.2542,3.6011,-54.6265,13.6108,t009,FJTB
2531952868,5092516,3,pelvis,loading,-0.9150,-0.3269,0.2810,-6.5918,-47.6074,15.7471,t009,FJTB
2531952868,5092532,3,pelvis,loading,-0.8405,-0.2966,0.3184,-9.5825,-46.8750,15.1367,t009,FJTB
2531952869,5092548,3,pelvis,loading,-0.8540,-0.2905,0.3306,-11.9629,-47.5464,13.1226,t009,FJTB
2531952934,5092564,3,pelvis,loading,-0.9266,-0.1876,0.2123,-12.0239,-46.2646,13.9160,t009,FJTB
2531952934,5092580,3,pelvis,loading,-0.9858,-0.1001,0.1766,-0.5493,-48.8892,12.1460,t009,FJTB
2531952935,5092597,3,pelvis,loading,-0.9878,-0.0905,0.1780,19.4092,-51.8188,10.4370,t009,FJTB
2531952935,5092613,3,pelvis,loading,-0.9393,-0.0975,0.1184,32.6538,-54.2603,7.9346,t009,FJTB
2531952995,5092628,3,pelvis,loading,-0.9347,-0.1469,0.1051,55.3589,-53.6499,3.4790,t009,FJTB
2531952996,5092644,3,pelvis,loading,-0.9052,-0.2050,-0.0114,56.7017,-52.9175,5.0659,t009,FJTB
2531952996,5092661,3,pelvis,loading,-0.9236,-0.2321,0.0032,61.4014,-56.3354,7.6904,t009,FJTB
2531952996,5092677,3,pelvis,loading,-0.9198,-0.2446,-0.0057,57.4951,-51.7578,7.0801,t009,FJTB
2531953057,5092693,3,pelvis,loading,-0.9185,-0.3073,0.0425,51.6357,-50.4761,6.8970,t009,FJTB
2531953058,5092709,3,pelvis,loading,-0.9114,-0.3119,0.0764,36.6211,-44.0063,8.4839,t009,FJTB
2531953059,5092725,3,pelvis,loading,-0.9465,-0.2941,0.0732,29.2969,-36.7432,5.2490,t009,FJTB
2531953059,5092740,3,pelvis,loading,-0.9359,-0.2590,0.0067,31.1890,-31.9214,3.2349,t009,FJTB
2531953116,5092757,3,pelvis,loading,-0.9255,-0.2295,0.0088,43.1519,-36.3770,4.0894,t009,FJTB
2531953117,5092773,3,pelvis,loading,-0.9418,-0.2021,0.0142,47.0581,-36.9263,3.2959,t009,FJTB
2531953118,5092788,3,pelvis,loading,-0.9547,-0.1998,0.0292,50.2319,-35.2783,1.8311,t009,FJTB
2531953169,5092804,3,pelvis,loading,-0.9492,-0.2352,0.0140,53.8940,-34.6069,0.7324,t009,FJTB
2531953181,5092821,3,pelvis,loading,-0.9468,-0.2552,-0.0128,69.4580,-35.5835,-1.5259,t009,FJTB
2531953181,5092837,3,pelvis,loading,-0.9661,-0.2386,-0.0674,83.9233,-37.9639,-6.1646,t009,FJTB
2531953182,5092853,3,pelvis,loading,-1.0116,-0.2181,-0.0237,84.2285,-41.3818,-8.4839,t009,FJTB
2531953242,5092869,3,pelvis,loading,-1.0233,-0.2535,0.0374,77.7588,-47.3633,-10.7422,t009,FJTB
2531953242,5092885,3,pelvis,loading,-1.0598,-0.4501,0.1841,74.7070,-48.1567,-10.9863,t009,FJTB
2531953243,5092901,3,pelvis,loading,-1.1940,-0.6356,0.3984,67.0776,-45.8984,-10.8643,t009,FJTB
2531953243,5092917,3,pelvis,loading,-1.2651,-0.6750,0.5416,43.3960,-32.9590,-15.5029,t009,FJTB
2531953305,5092933,3,pelvis,loading,-1.3466,-0.5950,0.7085,22.7661,-18.0054,-19.5313,t009,FJTB
2531953305,5092949,3,pelvis,midstance,-1.3448,-0.3839,0.7278,-30.7007,26.8555,-25.5737,t009,FJTB
2531953306,5092965,3,pelvis,midstance,-1.2482,0.2756,0.7238,-50.8423,48.8892,-30.0293,t009,FJTB
2531953306,5092981,3,pelvis,midstance,-1.1667,0.4871,0.5824,-33.1421,70.6787,-46.1426,t009,FJTB
2531953365,5092997,3,pelvis,midstance,-1.1190,0.2968,0.2136,56.0913,78.1860,-48.6450,t009,FJTB
2531953367,5093013,3,pelvis,midstance,-1.3115,-0.1064,-0.0482,100.8911,88.5010,-42.4805,t009,FJTB
2531953368,5093029,3,pelvis,midstance,-1.4312,-0.1340,-0.1896,152.5879,119.9951,-31.6772,t009,FJTB
2531953369,5093045,3,pelvis,midstance,-1.5328,-0.1168,-0.5060,153.0762,133.3618,-27.0996,t009,FJTB
2531953430,5093061,3,pelvis,midstance,-1.5331,-0.1802,-0.5167,106.3232,143.8599,-9.0942,t009,FJTB
2531953431,5093077,3,pelvis,midstance,-1.5023,-0.3827,-0.3323,73.4863,151.7944,-1.3428,t009,FJTB
2531953431,5093093,3,pelvis,midstance,-1.2334,-0.4030,-0.3921,22.0337,160.4004,10.2539,t009,FJTB
2531953432,5093109,3,pelvis,midstance,-1.1422,-0.3276,-0.3330,-25.6958,142.3340,9.0332,t009,FJTB
2531953490,5093125,3,pelvis,midstance,-1.1083,-0.2665,-0.2224,-43.0908,136.9019,4.3945,t009,FJTB
2531953491,5093142,3,pelvis,midstance,-1.0969,-0.2831,-0.2653,-61.2793,130.6152,3.6011,t009,FJTB
2531953492,5093158,3,pelvis,midstance,-1.0425,-0.2802,-0.3237,-66.8335,127.0142,7.8125,t009,FJTB
2531953492,5093174,3,pelvis,midstance,-0.9448,-0.2345,-0.2947,-73.3643,125.9766,15.6250,t009,FJTB
2531953554,5093190,3,pelvis,midstance,-0.8981,-0.2231,-0.3002,-80.8716,124.7559,21.1182,t009,FJTB
2531953554,5093206,3,pelvis,midstance,-0.8080,-0.2211,-0.3198,-86.5478,120.7886,22.5220,t009,FJTB
2531953555,5093222,3,pelvis,midstance,-0.7798,-0.2317,-0.3215,-100.2197,107.3608,20.7520,t009,FJTB
2531953603,5093238,3,pelvis,midstance,-0.7344,-0.2399,-0.3110,-107.7270,100.2808,21.3623,t009,FJTB
2531953614,5093254,3,pelvis,midstance,-0.7181,-0.2073,-0.2030,-113.0371,85.6934,28.8696,t009,FJTB
2531953614,5093270,3,pelvis,midstance,-0.7238,-0.1796,-0.1464,-97.5952,72.9370,37.9028,t009,FJTB
2531953615,5093286,3,pelvis,midstance,-0.7627,-0.1688,-0.0408,-86.1206,64.6362,40.5884,t009,FJTB
2531953677,5093302,3,pelvis,midstance,-0.7761,-0.1403,0.0289,-63.7817,51.7578,41.2598,t009,FJTB
2531953677,5093318,3,pelvis,midstance,-0.7600,-0.0535,0.1173,-52.1240,49.3774,37.6587,t009,FJTB
2531953678,5093334,3,pelvis,terminal,-0.7123,0.0543,0.2180,-42.2363,41.5649,28.6865,t009,FJTB
2531953678,5093350,3,pelvis,terminal,-0.7048,0.1058,0.3013,-45.5322,36.3159,20.9351,t009,FJTB
2531953738,5093366,3,pelvis,terminal,-0.6707,0.1648,0.4099,-45.3491,35.2173,16.6626,t009,FJTB
2531953739,5093382,3,pelvis,terminal,-0.6533,0.1488,0.4471,-35.0342,24.7803,6.2256,t009,FJTB
2531953740,5093398,3,pelvis,terminal,-0.6803,0.0793,0.5460,-24.6582,17.7002,3.7231,t009,FJTB
2531953740,5093414,3,pelvis,terminal,-0.7832,-0.0760,0.7161,-5.4321,12.2070,7.4463,t009,FJTB
2531953803,5093430,3,pelvis,terminal,-0.8213,-0.2096,0.7557,3.2959,33.0811,17.0288,t009,FJTB
2531953804,5093446,3,pelvis,terminal,-0.7572,-0.4556,0.6339,7.3853,40.1611,25.3296,t009,FJTB
2531953804,5093462,3,pelvis,terminal,-0.7118,-0.4458,0.6090,5.7983,23.4375,38.8794,t009,FJTB
2531953804,5093478,3,pelvis,terminal,-0.7256,-0.1932,0.7748,1.4038,11.4136,36.3159,t009,FJTB
2531953864,5093494,3,pelvis,terminal,-0.7797,-0.0796,0.9109,-4.8828,12.0850,16.0522,t009,FJTB
2531953866,5093510,3,pelvis,terminal,-0.8553,-0.0708,1.0090,2.5024,27.5269,5.3711,t009,FJTB
2531953866,5093525,3,pelvis,terminal,-0.7781,-0.2264,0.8494,8.1177,26.6113,8.4839,t009,FJTB
2531953866,5093541,3,pelvis,terminal,-0.7706,-0.3240,0.7427,9.7656,16.7847,19.7144,t009,FJTB
2531953929,5093557,3,pelvis,terminal,-0.7211,-0.5028,0.5104,-2.0752,12.4512,24.4141,t009,FJTB
2531953929,5093573,3,pelvis,terminal,-0.6915,-0.5297,0.4146,-50.4761,3.1128,35.5225,t009,FJTB
2531953929,5093589,3,pelvis,terminal,-0.6263,-0.4690,0.3785,-75.1953,0.5493,39.6729,t009,FJTB
2531953930,5093605,3,pelvis,terminal,-0.5994,-0.4788,0.2921,-99.7925,9.3384,39.1235,t009,FJTB
2531953988,5093621,3,pelvis,terminal,-0.6271,-0.4865,0.0568,-115.5395,-36.7432,37.2925,t009,FJTB
2531953990,5093637,3,pelvis,terminal,-1.9373,-0.1946,1.0665,-153.3203,-73.4863,36.4380,t009,FJTB
2531953991,5093653,3,pelvis,terminal,-2.5425,-0.0719,1.5796,-243.4082,-26.0010,37.5366,t009,FJTB
2531953991,5093669,3,pelvis,terminal,-1.3075,0.2428,0.2457,-252.1973,-7.9346,37.4756,t009,FJTB
2531954053,5093685,3,pelvis,terminal,-0.7974,0.4716,-0.6160,-176.6357,-47.4243,40.4663,t009,FJTB
2531954054,5093702,3,pelvis,terminal,-0.6738,0.4208,-0.4838,-23.4375,-67.0776,63.9648,t009,FJTB
2531954055,5093718,3,pelvis,terminal,-0.1073,0.3491,-0.2982,41.1377,-52.5513,57.3120,t009,FJTB
2531954055,5093734,3,pelvis,terminal,-0.2074,0.1631,-0.2268,92.9565,-54.8706,26.4893,t009,FJTB
2531954114,5093750,3,pelvis,swing,-0.8015,-0.4308,0.2623,105.8350,-61.0962,21.3013,t009,FJTB
2531954114,5093766,3,pelvis,swing,-1.2411,-0.5220,0.2714,125.3662,-55.6030,19.4092,t009,FJTB
2531954114,5093782,3,pelvis,swing,-1.4392,-0.5201,0.3076,97.4731,-56.7627,17.7612,t009,FJTB
2531954116,5093798,3,pelvis,swing,-1.2583,-0.5043,0.3973,57.7393,-51.6968,17.3950,t009,FJTB
2531954184,5093814,3,pelvis,swing,-1.0045,-0.4272,0.3541,-22.8271,-53.2837,17.4561,t009,FJTB
2531954184,5093830,3,pelvis,swing,-0.7792,-0.2417,0.2427,-43.4570,-56.7017,17.0898,t009,FJTB
2531954185,5093846,3,pelvis,swing,-0.7400,-0.1427,0.1680,-45.1050,-52.4902,18.7988,t009,FJTB
2531954185,5093862,3,pelvis,swing,-0.7014,-0.0880,0.1665,-22.1558,-48.4009,27.0996,t009,FJTB
2531954246,5093878,3,pelvis,swing,-0.7601,-0.0425,0.2175,-6.5308,-50.2930,28.2593,t009,FJTB
2531954247,5093894,3,pelvis,swing,-0.8557,-0.0568,0.2242,29.4189,-56.5796,20.9961,t009,FJTB
2531954249,5093911,3,pelvis,swing,-1.0560,-0.0992,0.2134,47.1802,-55.6030,13.8550,t009,FJTB
2531954250,5093927,3,pelvis,swing,-1.1024,-0.2577,0.0604,64.1479,-52.4902,0.0000,t009,FJTB
2531954313,5093943,3,pelvis,swing,-1.0714,-0.2783,0.1047,47.8516,-65.0635,4.8218,t009,FJTB
2531954314,5093959,3,pelvis,swing,-0.9235,-0.3057,0.1390,40.8325,-64.4531,3.0518,t009,FJTB
2531954314,5093975,3,pelvis,swing,-0.8796,-0.3311,0.1237,29.6020,-68.3594,3.0518,t009,FJTB
2531954315,5093991,3,pelvis,swing,-0.8771,-0.2997,0.1456,26.9775,-72.0215,5.8594,t009,FJTB
2531954375,5094007,3,pelvis,swing,-0.9097,-0.2512,0.2034,25.3906,-72.6929,8.3008,t009,FJTB
2531954377,5094023,3,pelvis,swing,-0.9087,-0.2502,0.1992,20.0806,-64.1479,6.7749,t009,FJTB
2531954378,5094039,3,pelvis,swing,-0.9307,-0.2706,0.1813,15.1978,-60.6689,5.4932,t009,FJTB
2531954378,5094055,3,pelvis,swing,-0.9480,-0.2717,0.1848,2.7466,-53.5889,3.9673,t009,FJTB
2531954442,5094071,3,pelvis,swing,-0.9485,-0.2301,0.1700,-0.7935,-50.1709,3.0518,t009,FJTB
2531954443,5094087,3,pelvis,swing,-0.9247,-0.1478,0.1455,5.3101,-50.0488,2.1362,t009,FJTB
2531954444,5094103,3,pelvis,swing,-0.9238,-0.0975,0.1527,22.0947,-54.9927,4.0283,t009,FJTB
2531954444,5094119,3,pelvis,swing,-0.9272,-0.0535,0.1913,31.3110,-55.7861,5.0659,t009,FJTB
2531954504,5094135,3,pelvis,loading,-0.9177,-0.0730,0.2080,48.0347,-51.7578,7.1411,t009,FJTB
2531954505,5094151,3,pelvis,loading,-0.8817,-0.1600,0.1394,58.0444,-52.7344,6.4697,t009,FJTB
2531954505,5094167,3,pelvis,loading,-0.9066,-0.2769,0.0397,76.8433,-61.8896,0.6104,t009,FJTB
2531954505,5094183,3,pelvis,loading,-0.9215,-0.3323,0.0026,82.2754,-66.5283,-3.7842,t009,FJTB
2531954574,5094199,3,pelvis,loading,-0.9222,-0.3456,-0.0776,79.4067,-67.8101,-4.5166,t009,FJTB
2531954575,5094215,3,pelvis,loading,-0.9357,-0.3573,-0.0236,67.3218,-73.3032,-6.5308,t009,FJTB
2531954575,5094232,3,pelvis,loading,-0.9496,-0.3486,0.1815,54.8706,-68.2373,-2.0142,t009,FJTB
2531954575,5094248,3,pelvis,loading,-0.8949,-0.2881,0.2485,37.5977,-55.1758,5.4321,t009,FJTB
2531954637,5094264,3,pelvis,loading,-0.9131,-0.3123,0.2985,45.2881,-52.1240,5.6152,t009,FJTB
2531954638,5094280,3,pelvis,loading,-0.9161,-0.2885,0.2998,51.3306,-46.5088,6.6528,t009,FJTB
2531954640,5094296,3,pelvis,loading,-0.8938,-0.2672,0.2527,66.1011,-38.0249,5.0049,t009,FJTB
2531954640,5094312,3,pelvis,loading,-0.8876,-0.2570,0.1652,73.1812,-36.8652,3.2959,t009,FJTB
2531954705,5094328,3,pelvis,loading,-0.9434,-0.3047,0.0856,84.8999,-36.6821,-1.0376,t009,FJTB
2531954706,5094344,3,pelvis,loading,-1.0001,-0.3722,0.0441,98.3887,-36.2549,-7.2021,t009,FJTB
2531954706,5094360,3,pelvis,loading,-1.1512,-0.5001,0.0436,101.2573,-35.4614,-9.3384,t009,FJTB
2531954707,5094376,3,pelvis,loading,-1.2083,-0.5475,0.1235,83.4351,-31.0059,-10.0098,t009,FJTB
2531954767,5094392,3,pelvis,loading,-1.3535,-0.6576,0.3381,65.4907,-27.3437,-9.7046,t009,FJTB
2531954767,5094408,3,pelvis,loading,-1.5302,-0.4211,0.5819,16.9678,-8.7280,-13.1226,t009,FJTB
2531954769,5094424,3,pelvis,loading,-1.5372,-0.2347,0.6462,-27.9541,32.0435,-22.4609,t009,FJTB
2531954770,5094441,3,pelvis,loading,-1.4420,0.1587,0.6138,-38.6963,52.3682,-25.7568,t009,FJTB
2531954834,5094456,3,pelvis,loading,-1.3445,0.3506,0.5583,-36.0107,87.6465,-35.5225,t009,FJTB
2531954835,5094472,3,pelvis,loading,-1.1289,0.4093,0.3069,-20.6299,96.9238,-36.0718,t009,FJTB
2531954835,5094489,3,pelvis,loading,-1.0094,0.1112,0.0593,39.2456,98.0225,-28.9307,t009,FJTB
2531954836,5094504,3,pelvis,loading,-1.0319,0.0031,-0.0592,116.0889,105.8350,-34.6069,t009,FJTB
2531954897,5094520,3,pelvis,loading,-1.2145,-0.0349,-0.3197,141.7847,110.5347,-36.3770,t009,FJTB
2531954897,5094536,3,pelvis,midstance,-1.3136,-0.0231,-0.3757,134.8267,114.8682,-25.3906,t009,FJTB
2531954897,5094552,3,pelvis,midstance,-1.4816,-0.1621,-0.3348,108.2764,120.1172,-16.2964,t009,FJTB
2531954898,5094569,3,pelvis,midstance,-1.4690,-0.2673,-0.3673,44.4336,137.5122,2.5635,t009,FJTB
2531954902,5094584,3,pelvis,midstance,-1.2157,-0.3279,-0.3663,16.6626,139.7705,8.1787,t009,FJTB
2531954967,5094600,3,pelvis,midstance,-1.0632,-0.3356,-0.1908,-15.6860,135.4980,9.5825,t009,FJTB
2531954967,5094617,3,pelvis,midstance,-1.0443,-0.3717,-0.1967,-22.5220,131.8970,5.1270,t009,FJTB
2531954968,5094632,3,pelvis,midstance,-1.0121,-0.3857,-0.3186,-27.4658,127.3193,4.7607,t009,FJTB
2531954968,5094648,3,pelvis,midstance,-0.9884,-0.3406,-0.3240,-44.3726,119.0796,8.2397,t009,FJTB
2531955029,5094665,3,pelvis,midstance,-0.9399,-0.2581,-0.2946,-54.1382,118.7134,11.1694,t009,FJTB
2531955029,5094681,3,pelvis,midstance,-0.8650,-0.2419,-0.2938,-76.5991,116.6992,19.2871,t009,FJTB
2531955032,5094697,3,pelvis,midstance,-0.8375,-0.2607,-0.2762,-95.7031,107.4219,26.7334,t009,FJTB
2531955032,5094713,3,pelvis,midstance,-0.8203,-0.3026,-0.2169,-103.6987,101.0132,30.4565,t009,FJTB
2531955096,5094729,3,pelvis,midstance,-0.8113,-0.2747,-0.1796,-113.0371,88.7451,39.1846,t009,FJTB
2531955097,5094746,3,pelvis,midstance,-0.7791,-0.1382,-0.1227,-102.3559,71.6553,41.5649,t009,FJTB
2531955097,5094762,3,pelvis,midstance,-0.7485,0.0026,0.0031,-90.6372,59.6313,38.3911,t009,FJTB
2531955098,5094777,3,pelvis,midstance,-0.7301,0.0503,0.0715,-56.4575,45.1660,27.5879,t009,FJTB
2531955158,5094794,3,pelvis,terminal,-0.6724,0.1138,0.1188,-38.4521,40.4053,22.0337,t009,FJTB
2531955158,5094810,3,pelvis,terminal,-0.6586,0.1370,0.1527,-17.5171,26.8555,14.5264,t009,FJTB
2531955159,5094826,3,pelvis,terminal,-0.6803,0.1625,0.2905,-15.3198,25.2686,10.8032,t009,FJTB
2531955159,5094841,3,pelvis,terminal,-0.6417,0.0948,0.3661,-17.8833,33.1421,3.6011,t009,FJTB
2531955228,5094857,3,pelvis,terminal,-0.6274,0.0300,0.4207,-13.9770,30.4565,0.9766,t009,FJTB
2531955228,5094873,3,pelvis,terminal,-0.6659,-0.1212,0.6473,-9.3994,26.6113,3.1128,t009,FJTB
2531955229,5094889,3,pelvis,terminal,-0.7058,-0.1982,0.7740,-2.6855,30.8228,13.3667,t009,FJTB
2531955229,5094905,3,pelvis,terminal,-0.7229,-0.3309,0.7902,-2.6855,36.6211,18.9209,t009,FJTB
2531955289,5094921,3,pelvis,terminal,-0.6217,-0.2650,0.6289,-9.3994,25.8789,26.3672,t009,FJTB
2531955291,5094937,3,pelvis,terminal,-0.6438,-0.1591,0.6549,-11.5967,-0.3662,20.6299,t009,FJTB
2531955291,5094953,3,pelvis,terminal,-0.8347,-0.0782,0.8441,-7.8735,-2.6245,13.7939,t009,FJTB
2531955292,5094970,3,pelvis,terminal,-0.9159,-0.0996,0.9149,-3.2349,12.6343,6.6528,t009,FJTB
2531955355,5094986,3,pelvis,terminal,-0.9027,-0.1724,0.9131,-3.1128,19.3481,7.2021,t009,FJTB
2531955356,5095001,3,pelvis,terminal,-0.8143,-0.2374,0.8800,1.2207,17.2119,13.3667,t009,FJTB
2531955357,5095017,3,pelvis,terminal,-0.8052,-0.2993,0.8152,4.0894,11.5967,19.7144,t009,FJTB
2531955357,5095033,3,pelvis,terminal,-0.7683,-0.4526,0.5789,-8.7891,9.7046,24.0478,t009,FJTB
2531955417,5095049,3,pelvis,terminal,-0.7059,-0.4840,0.4677,-60.4248,4.0894,36.5601,t009,FJTB
2531955419,5095065,3,pelvis,terminal,-0.6156,-0.4651,0.2982,-85.0830,0.8545,42.0532,t009,FJTB
2531955420,5095081,3,pelvis,terminal,-0.5824,-0.4231,0.2306,-112.9150,-7.5684,46.3867,t009,FJTB
2531955420,5095097,3,pelvis,terminal,-0.7615,-0.3384,0.1711,-122.9248,-15.7471,42.8467,t009,FJTB
2531955483,5095113,3,pelvis,terminal,-1.9301,-0.1503,1.2472,-160.6445,-36.0718,27.2827,t009,FJTB
2531955484,5095129,3,pelvis,terminal,-2.4507,-0.2186,1.7797,-214.3555,4.7607,38.2690,t009,FJTB
2531955485,5095145,3,pelvis,terminal,-1.2502,0.0808,0.4553,-219.1162,-2.1973,51.6968,t009,FJTB
2531955528,5095161,3,pelvis,terminal,-0.7019,0.4095,-0.3705,-156.9214,-57.4951,43.0908,t009,FJTB
2531955544,5095177,3,pelvis,swing,-0.7672,0.5988,-0.7191,-98.5107,-74.9512,43.8232,t009,FJTB
2531955545,5095193,3,pelvis,swing,-0.1576,0.4406,-0.2247,42.2974,-49.8047,52.5513,t009,FJTB
2531955545,5095209,3,pelvis,swing,-0.1550,0.1229,-0.1794,116.4551,-30.4565,17.5171,t009,FJTB
2531955545,5095225,3,pelvis,swing,-0.7882,-0.5455,-0.0143,118.6523,-47.6074,15.3809,t009,FJTB
2531955615,5095241,3,pelvis,swing,-1.0333,-0.6167,0.0674,122.1924,-63.2324,23.8647,t009,FJTB
2531955615,5095257,3,pelvis,swing,-1.5116,-0.5660,0.1630,116.1499,-64.5752,20.7520,t009,FJTB
2531955616,5095273,3,pelvis,swing,-1.2787,-0.5347,0.3022,53.2227,-57.2510,15.3198,t009,FJTB
2531955616,5095289,3,pelvis,swing,-0.9990,-0.4351,0.2621,-28.5645,-55.5420,17.0288,t009,FJTB
2531955679,5095305,3,pelvis,swing,-0.7662,-0.2295,0.2025,-48.7061,-58.5937,19.0430,t009,FJTB
2531955680,5095321,3,pelvis,swing,-0.7507,-0.1597,0.1846,-46.9971,-55.7861,21.1182,t009,FJTB
2531955680,5095337,3,pelvis,swing,-0.7239,-0.0254,0.2040,-36.5601,-52.8564,22.2778,t009,FJTB
2531955681,5095353,3,pelvis,swing,-0.8389,-0.0071,0.2590,-6.4697,-55.5420,22.9492,t009,FJTB
2531955744,5095370,3,pelvis,swing,-0.9338,-0.0197,0.2795,35.4614,-61.4014,17.7002,t009,FJTB
2531955744,5095386,3,pelvis,swing,-1.0520,-0.0916,0.2546,56.3354,-62.0117,13.6719,t009,FJTB
2531955744,5095402,3,pelvis,swing,-1.0479,-0.1455,0.2278,80.3833,-60.4858,7.3853,t009,FJTB
2531955745,5095418,3,pelvis,swing,-0.9648,-0.2615,0.1887,83.0078,-60.2417,5.1880,t009,FJTB
2531955804,5095434,3,pelvis,swing,-0.8602,-0.3613,0.1444,76.7212,-62.1948,3.5400,t009,FJTB
2531955807,5095450,3,pelvis,swing,-0.8333,-0.3990,0.1508,65.3076,-65.5518,6.1646,t009,FJTB
2531955807,5095466,3,pelvis,swing,-0.8311,-0.3916,0.1761,57.8613,-65.3687,9.2773,t009,FJTB
2531955808,5095482,3,pelvis,swing,-0.8585,-0.3668,0.2135,43.8232,-63.6597,11.9019,t009,FJTB
2531955872,5095498,3,pelvis,swing,-0.9393,-0.3516,0.2617,36.6211,-60.1196,11.1694,t009,FJTB
2531955872,5095514,3,pelvis,swing,-0.9799,-0.3312,0.2495,19.7754,-50.2319,8.0566,t009,FJTB
2531955873,5095530,3,pelvis,swing,-0.9626,-0.2997,0.2410,4.6997,-41.6260,5.8594,t009,FJTB
2531955873,5095545,3,pelvis,swing,-0.8959,-0.2373,0.2362,2.6855,-40.1001,5.8594,t009,FJTB
2531955932,5095562,3,pelvis,swing,-0.8737,-0.2046,0.2345,8.3008,-43.8843,8.2397,t009,FJTB
2531955933,5095578,3,pelvis,swing,-0.8789,-0.1379,0.2096,14.2212,-47.6685,9.7656,t009,FJTB
2531955935,5095594,3,pelvis,swing,-0.9076,-0.0642,0.1208,34.6069,-57.2510,11.1694,t009,FJTB
2531955935,5095609,3,pelvis,swing,-0.9221,-0.0535,0.0823,59.9365,-66.8335,9.3384,t009,FJTB
2531955999,5095625,3,pelvis,swing,-0.9374,-0.0980,0.0293,69.0308,-69.0918,8.3618,t009,FJTB
2531955999,5095641,3,pelvis,swing,-0.9265,-0.1411,-0.0050,79.7119,-72.1436,3.8452,t009,FJTB
2531956000,5095657,3,pelvis,swing,-0.9089,-0.3402,0.0190,80.7495,-72.0215,0.2441,t009,FJTB
2531956000,5095673,3,pelvis,swing,-0.9022,-0.4270,0.0233,71.1670,-63.2935,-1.1597,t009,FJTB
2531956059,5095689,3,pelvis,swing,-0.9327,-0.4951,0.0865,62.7441,-59.2651,0.0000,t009,FJTB
2531956061,5095705,3,pelvis,swing,-0.9612,-0.3751,0.1628,46.1426,-52.4902,6.8970,t009,FJTB
2531956062,5095721,3,pelvis,swing,-0.9580,-0.2875,0.1770,37.9028,-46.6919,10.4980,t009,FJTB
2531956062,5095737,3,pelvis,swing,-0.9423,-0.1848,0.1532,41.3818,-45.9595,9.8267,t009,FJTB
2531956125,5095753,3,pelvis,swing,-0.9462,-0.1729,0.1323,56.7627,-45.2881,6.5308,t009,FJTB
2531956126,5095769,3,pelvis,swing,-0.9774,-0.1844,0.0878,64.0259,-45.2270,4.1504,t009,FJTB
2531956126,5095785,3,pelvis,swing,-1.0642,-0.2428,0.1046,73.8525,-43.7622,-2.2583,t009,FJTB
2531956126,5095801,3,pelvis,swing,-1.1038,-0.2693,0.1350,80.8716,-39.1846,-6.0425,t009,FJTB
2531956186,5095817,3,pelvis,swing,-1.1628,-0.3213,0.3062,82.5806,-35.9497,-6.6528,t009,FJTB
2531956186,5095834,3,pelvis,loading,-1.1879,-0.3811,0.4309,80.6885,-22.9492,-7.9956,t009,FJTB
2531956188,5095850,3,pelvis,loading,-1.2526,-0.4965,0.7086,75.3784,-12.9395,-8.9111,t009,FJTB
2531956189,5095866,3,pelvis,loading,-1.4078,-0.4241,1.0588,54.1992,17.0288,-16.6626,t009,FJTB
2531956252,5095882,3,pelvis,loading,-1.4811,-0.2668,1.2134,21.3013,83.5571,-44.9829,t009,FJTB
2531956253,5095898,3,pelvis,loading,-1.3812,0.2107,0.7338,5.1270,116.7602,-60.1807,t009,FJTB
2531956253,5095914,3,pelvis,loading,-1.2380,0.3645,0.3464,5.7983,112.6709,-62.2559,t009,FJTB
2531956253,5095930,3,pelvis,loading,-1.1238,0.1034,0.0172,34.3018,96.9238,-51.4526,t009,FJTB
2531956314,5095946,3,pelvis,loading,-1.3076,-0.1873,-0.1498,107.3608,96.6797,-34.3018,t009,FJTB
2531956315,5095962,3,pelvis,midstance,-1.5175,-0.1903,-0.2151,143.3105,117.5537,-29.3579,t009,FJTB
2531956315,5095978,3,pelvis,midstance,-1.7814,-0.1428,-0.3945,136.2915,127.5024,-23.6206,t009,FJTB
2531956315,5095994,3,pelvis,midstance,-1.7471,-0.1932,-0.4637,82.5806,154.7241,-3.2959,t009,FJTB
2531956384,5096011,3,pelvis,midstance,-1.4604,-0.4022,-0.5171,52.6733,169.6167,7.2021,t009,FJTB
2531956384,5096027,3,pelvis,midstance,-1.1619,-0.3619,-0.3420,11.4136,174.7436,20.6299,t009,FJTB
2531956385,5096043,3,pelvis,midstance,-1.0742,-0.3291,-0.2629,-15.3198,159.3628,10.0098,t009,FJTB
2531956385,5096059,3,pelvis,midstance,-0.9955,-0.3762,-0.2517,-30.3345,148.0713,5.1270,t009,FJTB
2531956446,5096075,3,pelvis,midstance,-0.9392,-0.3837,-0.2880,-68.4204,122.5586,8.1787,t009,FJTB
2531956446,5096091,3,pelvis,midstance,-0.8676,-0.2922,-0.3075,-84.5947,114.0137,10.4980,t009,FJTB
2531956448,5096107,3,pelvis,midstance,-0.8348,-0.2390,-0.3306,-99.7925,112.1826,12.3901,t009,FJTB
2531956450,5096123,3,pelvis,midstance,-0.7838,-0.2274,-0.3499,-114.7461,113.6475,18.0664,t009,FJTB
2531956514,5096139,3,pelvis,midstance,-0.6858,-0.2380,-0.3135,-122.9858,111.6943,19.5923,t009,FJTB
2531956515,5096156,3,pelvis,midstance,-0.6655,-0.2620,-0.2826,-134.9487,100.7080,17.8833,t009,FJTB
2531956515,5096172,3,pelvis,midstance,-0.6542,-0.1997,-0.1470,-135.6812,90.2710,18.6157,t009,FJTB
2531956515,5096188,3,pelvis,midstance,-0.6412,-0.0287,-0.0964,-109.6191,70.9839,25.3296,t009,FJTB
2531956576,5096204,3,pelvis,midstance,-0.6486,0.0353,-0.0581,-62.0117,38.3301,32.8979,t009,FJTB
2531956577,5096220,3,pelvis,midstance,-0.7166,0.0100,0.0321,-38.1470,25.8789,35.2783,t009,FJTB
2531956578,5096236,3,pelvis,midstance,-0.7292,-0.0166,0.0391,-6.5918,13.3057,36.6821,t009,FJTB
2531956578,5096252,3,pelvis,midstance,-0.7128,-0.0122,0.0404,-2.8076,11.2915,32.5317,t009,FJTB
2531956641,5096268,3,pelvis,midstance,-0.6990,0.0624,0.1382,-11.0474,8.6670,22.4609,t009,FJTB
2531956642,5096284,3,pelvis,midstance,-0.6953,0.1083,0.2675,-23.9258,7.1411,14.7095,t009,FJTB
2531956642,5096300,3,pelvis,terminal,-0.7146,0.0814,0.6243,-25.8179,10.2539,8.8501,t009,FJTB
2531956643,5096316,3,pelvis,terminal,-0.7124,-0.0015,0.7322,-7.1411,18.4937,-1.7090,t009,FJTB
2531956703,5096332,3,pelvis,terminal,-0.7084,-0.1322,0.7776,7.1411,14.4043,-0.3052,t009,FJTB
2531956704,5096348,3,pelvis,terminal,-0.8064,-0.1815,0.8303,11.8408,-2.1362,13.6108,t009,FJTB
2531956704,5096364,3,pelvis,terminal,-0.8220,-0.2357,0.8247,-16.7847,-3.5400,26.1230,t009,FJTB
2531956705,5096380,3,pelvis,terminal,-0.8392,-0.3040,0.8258,-36.6821,-6.8970,27.7100,t009,FJTB
2531956772,5096396,3,pelvis,terminal,-0.8513,-0.2758,0.8888,-54.2603,-12.8174,15.5029,t009,FJTB
2531956773,5096412,3,pelvis,terminal,-0.8336,-0.2335,0.9792,-46.9971,-5.9814,5.7373,t009,FJTB
2531956773,5096428,3,pelvis,terminal,-0.7086,-0.3196,0.9110,-37.5977,10.9253,-2.6855,t009,FJTB
2531956774,5096445,3,pelvis,terminal,-0.6885,-0.3470,0.8694,-53.6499,11.3525,-1.2207,t009,FJTB
2531956835,5096461,3,pelvis,terminal,-0.7535,-0.3003,0.7484,-61.8896,10.8643,0.8545,t009,FJTB
2531956837,5096477,3,pelvis,terminal,-0.7587,-0.2605,0.6814,-77.5146,11.1084,12.2070,t009,FJTB
2531956838,5096493,3,pelvis,terminal,-0.6946,-0.1776,0.5508,-84.4116,9.4604,20.4468,t009,FJTB
2531956838,5096509,3,pelvis,terminal,-0.6490,-0.0442,0.4106,-82.6416,5.4932,30.6396,t009,FJTB
2531956901,5096525,3,pelvis,terminal,-0.7074,0.0204,0.3622,-66.5283,8.8501,19.7754,t009,FJTB
2531956902,5096540,3,pelvis,terminal,-1.1377,0.0773,0.2880,-66.3452,5.6763,14.2822,t009,FJTB
2531956902,5096556,3,pelvis,terminal,-1.6630,0.0784,0.6973,-97.2900,6.7139,28.1372,t009,FJTB
2531956903,5096572,3,pelvis,terminal,-2.0953,-0.2214,1.4574,-118.8965,34.1797,53.1616,t009,FJTB
2531956963,5096588,3,pelvis,terminal,-0.8345,0.2156,0.0751,-138.8550,30.1514,70.9229,t009,FJTB
2531956965,5096604,3,pelvis,terminal,-0.6022,0.7638,-0.4146,-62.2559,-42.6636,43.8232,t009,FJTB
2531956965,5096620,3,pelvis,terminal,-0.3723,0.9326,-0.3993,16.2354,-58.4717,35.5225,t009,FJTB
2531956966,5096636,3,pelvis,terminal,-0.2505,0.5480,-0.2358,153.3203,-43.2739,-2.1973,t009,FJTB
2531957030,5096652,3,pelvis,terminal,-0.6375,-0.5028,-0.2216,176.8799,-37.0483,-18.3716,t009,FJTB
2531957031,5096668,3,pelvis,terminal,-1.0569,-1.1932,-0.0747,151.7944,-50.8423,-8.3008,t009,FJTB
2531957031,5096685,3,pelvis,terminal,-1.2336,-1.2512,0.0594,85.6934,-57.6172,25.0244,t009,FJTB
2531957032,5096701,3,pelvis,terminal,-1.2188,-0.8478,0.1592,44.0674,-52.6733,35.5225,t009,FJTB
2531957093,5096717,3,pelvis,terminal,-1.0143,-0.6552,0.1974,-27.2827,-53.2227,33.3252,t009,FJTB
2531957095,5096733,3,pelvis,terminal,-0.8358,-0.4473,0.2067,-49.0112,-60.1196,28.5645,t009,FJTB
2531957095,5096749,3,pelvis,terminal,-0.8978,-0.1213,0.1836,-66.7725,-70.5566,26.1230,t009,FJTB
2531957096,5096765,3,pelvis,terminal,-0.9069,0.0551,0.1803,-54.8706,-69.4580,25.3906,t009,FJTB
2531957158,5096781,3,pelvis,terminal,-0.9152,0.2760,0.1969,-39.9170,-68.6646,24.0478,t009,FJTB
2531957159,5096797,3,pelvis,terminal,-0.9565,0.2504,0.1986,-3.1738,-70.9839,22.8882,t009,FJTB
2531957159,5096813,3,pelvis,swing,-1.0326,0.0653,0.1952,15.4419,-71.1670,22.3389,t009,FJTB
2531957160,5096829,3,pelvis,swing,-1.0144,-0.1500,0.2080,45.8984,-67.8101,15.4419,t009,FJTB
2531957219,5096845,3,pelvis,swing,-1.0103,-0.2557,0.1985,49.9268,-65.0635,8.7891,t009,FJTB
2531957220,5096861,3,pelvis,swing,-0.9799,-0.3541,0.1571,40.1001,-63.7207,8.1787,t009,FJTB
2531957220,5096877,3,pelvis,swing,-0.9326,-0.3525,0.1588,17.8833,-60.3638,7.9956,t009,FJTB
2531957221,5096893,3,pelvis,swing,-0.8658,-0.2852,0.1830,13.0005,-59.7534,8.2397,t009,FJTB
2531957234,5096909,3,pelvis,swing,-0.8689,-0.2350,0.2095,17.0288,-60.0586,10.6201,t009,FJTB
2531957290,5096925,3,pelvis,swing,-0.8925,-0.1880,0.2529,23.8037,-59.3872,10.9253,t009,FJTB
2531957290,5096941,3,pelvis,swing,-0.9224,-0.2086,0.2344,38.6963,-56.4575,7.9956,t009,FJTB
2531957291,5096957,3,pelvis,swing,-0.9336,-0.2183,0.2113,41.6870,-53.5889,3.2349,t009,FJTB
2531957291,5096973,3,pelvis,swing,-0.9230,-0.1909,0.1893,39.0625,-53.2227,1.7090,t009,FJTB
2531957353,5096989,3,pelvis,swing,-0.9172,-0.1741,0.1732,33.2031,-55.1147,-0.0610,t009,FJTB
2531957354,5097005,3,pelvis,swing,-0.9116,-0.1842,0.0994,32.8979,-59.0820,0.9155,t009,FJTB
2531957355,5097021,3,pelvis,swing,-0.9275,-0.2006,0.0612,36.5601,-68.7256,6.0425,t009,FJTB
2531957355,5097037,3,pelvis,swing,-0.9305,-0.2079,0.0626,45.1660,-72.8760,9.3994,t009,FJTB
2531957418,5097053,3,pelvis,swing,-0.9156,-0.2603,0.0681,49.5605,-73.1201,9.8267,t009,FJTB
2531957418,5097069,3,pelvis,swing,-0.9010,-0.3053,0.0693,53.4058,-75.6836,9.8267,t009,FJTB
2531957419,5097085,3,pelvis,swing,-0.8978,-0.3693,0.0897,50.1709,-77.2705,10.2539,t009,FJTB
2531957419,5097101,3,pelvis,swing,-0.9116,-0.3107,0.1418,34.2407,-74.0356,10.3149,t009,FJTB
2531957478,5097117,3,pelvis,swing,-0.9314,-0.3047,0.1859,26.1841,-66.1011,8.7891,t009,FJTB
2531957481,5097133,3,pelvis,swing,-0.9567,-0.3260,0.2360,29.3579,-61.9507,9.9487,t009,FJTB
2531957481,5097149,3,pelvis,swing,-0.9510,-0.3280,0.2283,43.2739,-54.5044,14.4653,t009,FJTB
2531957493,5097165,3,pelvis,swing,-0.9144,-0.2291,0.1602,52.2461,-52.6123,14.8926,t009,FJTB
2531957546,5097181,3,pelvis,swing,-0.9133,-0.1217,0.0790,68.3594,-53.5278,9.3384,t009,FJTB
2531957546,5097197,3,pelvis,swing,-0.9347,-0.1189,0.0916,76.5991,-52.3071,3.6621,t009,FJTB
2531957547,5097213,3,pelvis,swing,-0.9282,-0.1691,0.0399,79.7119,-49.5605,1.1597,t009,FJTB
2531957554,5097229,3,pelvis,swing,-0.9475,-0.2487,0.0449,91.5527,-51.8188,-5.1880,t009,FJTB
2531957607,5097245,3,pelvis,loading,-1.0701,-0.4744,0.1056,96.4355,-52.6123,-6.8970,t009,FJTB
2531957607,5097261,3,pelvis,loading,-1.1427,-0.5765,0.1287,91.9189,-51.3306,-8.4229,t009,FJTB
2531957608,5097277,3,pelvis,loading,-1.3193,-0.7365,0.2607,82.2754,-48.0957,-8.1787,t009,FJTB
2531957610,5097293,3,pelvis,loading,-1.3896,-0.6953,0.4338,48.4619,-33.1421,-5.1270,t009,FJTB
2531957677,5097309,3,pelvis,loading,-1.3824,-0.5885,0.5493,5.7373,-10.9253,-5.1880,t009,FJTB
2531957677,5097325,3,pelvis,loading,-1.3740,-0.2841,0.7299,-12.6343,6.2866,-9.0332,t009,FJTB
2531957678,5097341,3,pelvis,loading,-1.3704,-0.0741,0.7904,-36.4380,55.6641,-22.0947,t009,FJTB
2531957678,5097357,3,pelvis,loading,-1.1958,0.3500,0.6774,-35.5835,81.8481,-32.1045,t009,FJTB
2531957739,5097373,3,pelvis,loading,-1.0117,0.4005,0.3687,-5.0659,103.1494,-47.1802,t009,FJTB
2531957740,5097389,3,pelvis,loading,-1.0178,0.2959,0.2689,45.7764,100.2808,-43.1519,t009,FJTB
2531957741,5097405,3,pelvis,loading,-1.1915,-0.0056,-0.0475,78.6743,103.6987,-40.2832,t009,FJTB
2531957742,5097421,3,pelvis,loading,-1.3345,-0.0430,-0.1919,128.7842,113.4643,-33.3252,t009,FJTB
2531957805,5097437,3,pelvis,loading,-1.5918,-0.0032,-0.3861,138.6108,121.4600,-29.1138,t009,FJTB
2531957805,5097453,3,pelvis,loading,-1.5911,-0.1293,-0.3838,114.0137,141.7847,-11.7187,t009,FJTB
2531957805,5097469,3,pelvis,loading,-1.4712,-0.2413,-0.3881,59.9976,166.1377,7.5073,t009,FJTB
2531957806,5097485,3,pelvis,loading,-1.2367,-0.2859,-0.3600,33.1421,168.3960,12.5122,t009,FJTB
2531957867,5097501,3,pelvis,loading,-1.2048,-0.2733,-0.2623,-4.0283,161.0107,9.8267,t009,FJTB
2531957868,5097518,3,pelvis,midstance,-1.1681,-0.2860,-0.2269,-12.8174,156.0669,4.6997,t009,FJTB
2531957868,5097533,3,pelvis,midstance,-1.0961,-0.2751,-0.3145,-29.4189,143.5547,-0.5493,t009,FJTB
2531957868,5097550,3,pelvis,midstance,-1.0475,-0.2528,-0.3212,-41.6870,136.4746,0.6104,t009,FJTB
2531957936,5097566,3,pelvis,midstance,-0.9652,-0.2094,-0.3140,-46.1426,134.2773,3.5400,t009,FJTB
2531957936,5097582,3,pelvis,midstance,-0.9237,-0.2178,-0.3285,-62.0728,127.4414,13.4888,t009,FJTB
2531957937,5097598,3,pelvis,midstance,-0.8324,-0.2412,-0.3416,-73.3643,123.6572,18.2495,t009,FJTB
2531957937,5097614,3,pelvis,midstance,-0.7318,-0.2682,-0.3108,-94.0552,112.3657,23.2544,t009,FJTB
2531957998,5097631,3,pelvis,midstance,-0.7052,-0.2701,-0.2631,-103.3325,96.6186,31.4331,t009,FJTB
2531957998,5097647,3,pelvis,midstance,-0.6387,-0.1885,-0.2405,-97.8393,89.0503,36.6211,t009,FJTB
2531958001,5097663,3,pelvis,midstance,-0.6061,-0.1300,-0.2174,-76.2329,62.3779,36.3770,t009,FJTB
2531958001,5097679,3,pelvis,midstance,-0.6118,-0.0918,-0.0677,-64.5752,47.1802,31.3110,t009,FJTB
2531958064,5097694,3,pelvis,midstance,-0.6351,-0.0865,0.0972,-37.4756,30.1514,25.2686,t009,FJTB
2531958065,5097711,3,pelvis,midstance,-0.6321,-0.0521,0.1809,-18.3105,19.0430,22.8271,t009,FJTB
2531958065,5097726,3,pelvis,midstance,-0.6752,0.0203,0.4156,-16.4795,15.1367,22.7661,t009,FJTB
2531958066,5097742,3,pelvis,midstance,-0.6908,0.0444,0.5012,-16.4795,15.7471,21.8506,t009,FJTB
2531958125,5097758,3,pelvis,midstance,-0.7539,0.0371,0.7321,-15.2588,15.2588,17.5781,t009,FJTB
2531958126,5097774,3,pelvis,midstance,-0.8021,-0.0154,0.9211,-3.0518,26.0620,5.8594,t009,FJTB
2531958127,5097790,3,pelvis,midstance,-0.7491,-0.0625,0.8937,7.1411,38.7573,3.2959,t009,FJTB
2531958128,5097806,3,pelvis,midstance,-0.6339,-0.1830,0.7094,6.3477,37.1094,6.1646,t009,FJTB
2531958190,5097822,3,pelvis,midstance,-0.6108,-0.2271,0.6119,4.3335,20.8130,16.5405,t009,FJTB
2531958190,5097838,3,pelvis,midstance,-0.6935,-0.2668,0.6260,3.6621,10.8032,22.3389,t009,FJTB
2531958191,5097854,3,pelvis,midstance,-0.8398,-0.2808,0.8257,-6.4697,7.8735,33.1421,t009,FJTB
2531958191,5097870,3,pelvis,midstance,-0.8344,-0.2705,0.8831,-21.3623,18.4326,37.0483,t009,FJTB
2531958250,5097886,3,pelvis,midstance,-0.7080,-0.2809,0.8846,-25.4517,18.6157,35.2173,t009,FJTB
2531958250,5097902,3,pelvis,terminal,-0.6757,-0.3083,0.8472,-27.0386,12.0239,27.7100,t009,FJTB
2531958251,5097918,3,pelvis,terminal,-0.6693,-0.4081,0.7166,-30.4565,10.1929,25.3296,t009,FJTB
2531958251,5097934,3,pelvis,terminal,-0.6456,-0.4490,0.6263,-54.9316,7.3242,24.3530,t009,FJTB
2531958318,5097950,3,pelvis,terminal,-0.7375,-0.6869,0.5084,-79.0405,0.4272,25.6958,t009,FJTB
2531958318,5097966,3,pelvis,terminal,-1.4623,-0.5148,0.8711,-142.2119,-22.2168,29.7852,t009,FJTB
2531958319,5097982,3,pelvis,terminal,-2.1345,-0.3154,1.3582,-235.9619,-33.6304,25.0244,t009,FJTB
2531958319,5097998,3,pelvis,terminal,-1.4382,0.2600,0.3638,-258.7280,-4.9438,22.1558,t009,FJTB
2531958380,5098014,3,pelvis,swing,-0.8413,0.4891,-0.5115,-182.9223,-17.3340,21.5454,t009,FJTB
2531958381,5098030,3,pelvis,swing,-0.6440,0.5972,-0.6127,-115.2344,-47.1191,39.5508,t009,FJTB
2531958383,5098046,3,pelvis,swing,-0.1254,0.5348,-0.1133,35.1563,-47.0581,62.0728,t009,FJTB
2531958383,5098062,3,pelvis,swing,-0.2535,0.2581,-0.1847,107.6660,-51.5137,12.6953,t009,FJTB
2531958449,5098078,3,pelvis,swing,-1.0251,-0.4580,-0.1060,119.5068,-68.7256,2.3193,t009,FJTB
2531958449,5098094,3,pelvis,swing,-1.3618,-0.5243,0.0602,131.5918,-71.2280,11.7798,t009,FJTB
2531958450,5098110,3,pelvis,swing,-1.6328,-0.4863,0.2571,128.0518,-63.7817,12.7563,t009,FJTB
2531958450,5098126,3,pelvis,swing,-0.9801,-0.6884,0.1896,76.0498,-51.4526,13.2446,t009,FJTB
2531958512,5098142,3,pelvis,swing,-0.7804,-0.6882,0.1244,-12.0239,-60.4248,20.2637,t009,FJTB
2531958515,5098159,3,pelvis,swing,-0.7316,-0.3368,0.1555,-43.9453,-65.4907,23.4985,t009,FJTB
2531958515,5098175,3,pelvis,swing,-0.7496,-0.1367,0.2030,-53.5278,-65.0635,19.3481,t009,FJTB
2531958515,5098191,3,pelvis,swing,-0.7695,0.0159,0.2338,-41.1987,-63.2324,16.2964,t009,FJTB
2531958579,5098207,3,pelvis,swing,-0.9244,-0.0664,0.2856,-14.2212,-63.1714,17.0288,t009,FJTB
2531958580,5098223,3,pelvis,swing,-1.0155,-0.1084,0.3199,16.4795,-63.5376,18.3716,t009,FJTB
2531958580,5098239,3,pelvis,swing,-1.0743,-0.0907,0.3252,33.8745,-62.8662,17.4561,t009,FJTB
2531958580,5098255,3,pelvis,swing,-1.0425,-0.0767,0.2964,60.7910,-60.7300,12.1460,t009,FJTB
2531958641,5098271,3,pelvis,swing,-0.9567,-0.1301,0.2432,68.3594,-59.9976,8.8501,t009,FJTB
2531958642,5098287,3,pelvis,swing,-0.8723,-0.2281,0.2042,75.6836,-58.7769,3.7231,t009,FJTB
2531958643,5098303,3,pelvis,swing,-0.8302,-0.2725,0.2021,78.6133,-55.6641,1.6479,t009,FJTB
2531958643,5098319,3,pelvis,swing,-0.8202,-0.3381,0.2114,77.2095,-55.7251,2.3193,t009,FJTB
2531958707,5098335,3,pelvis,swing,-0.8512,-0.3488,0.2191,69.0918,-59.1431,4.1504,t009,FJTB
2531958707,5098351,3,pelvis,swing,-0.9440,-0.3975,0.2408,64.0869,-60.4858,3.7231,t009,FJTB
2531958707,5098367,3,pelvis,swing,-0.9702,-0.4186,0.1945,44.5557,-52.3071,3.9673,t009,FJTB
2531958708,5098383,3,pelvis,swing,-0.9437,-0.3809,0.1696,17.6392,-44.2505,4.5166,t009,FJTB
2531958767,5098399,3,pelvis,swing,-0.9014,-0.2731,0.1710,6.5918,-42.9687,4.3335,t009,FJTB
2531958767,5098415,3,pelvis,swing,-0.8986,-0.2224,0.1753,-2.2583,-44.6777,4.8218,t009,FJTB
2531958768,5098431,3,pelvis,loading,-0.9125,-0.1548,0.1702,0.4883,-46.9360,5.9204,t009,FJTB
2531958768,5098447,3,pelvis,loading,-0.9246,-0.0946,0.1746,15.3809,-50.5371,8.8501,t009,FJTB
2531958837,5098464,3,pelvis,loading,-0.9276,-0.0790,0.1764,35.7056,-52.3071,9.3384,t009,FJTB
2531958837,5098479,3,pelvis,loading,-0.9277,-0.1111,0.1387,46.3257,-54.8706,8.5449,t009,FJTB
2531958837,5098495,3,pelvis,loading,-0.9363,-0.1687,0.1362,59.3262,-60.0586,6.5308,t009,FJTB
2531958838,5098511,3,pelvis,loading,-0.8965,-0.2637,0.0520,60.8520,-61.3403,5.5542,t009,FJTB
2531958899,5098527,3,pelvis,loading,-0.9060,-0.4097,0.0594,61.8896,-68.9697,0.4272,t009,FJTB
2531958901,5098543,3,pelvis,loading,-0.9160,-0.4366,0.0447,50.0488,-63.8428,3.2959,t009,FJTB
2531958902,5098559,3,pelvis,loading,-0.9205,-0.3982,0.0725,43.4570,-61.9507,4.5776,t009,FJTB
2531958902,5098575,3,pelvis,loading,-0.9412,-0.3839,0.1124,33.8135,-57.5561,7.3242,t009,FJTB
2531958966,5098591,3,pelvis,loading,-0.9642,-0.3138,0.1648,33.6914,-54.1382,8.4839,t009,FJTB
2531958966,5098607,3,pelvis,loading,-0.9642,-0.2639,0.1454,33.5083,-47.6074,8.4229,t009,FJTB
2531958967,5098623,3,pelvis,loading,-0.9703,-0.1765,0.1500,34.5459,-44.7998,7.0190,t009,FJTB
2531958967,5098639,3,pelvis,loading,-0.9517,-0.1616,0.1277,42.8467,-37.4756,1.4038,t009,FJTB
2531959028,5098655,3,pelvis,midstance,-0.9460,-0.1553,0.0935,54.1382,-28.3203,-4.1504,t009,FJTB
2531959029,5098672,3,pelvis,midstance,-0.9227,-0.1534,-0.0615,65.9790,-27.2827,-7.0190,t009,FJTB
2531959029,5098688,3,pelvis,midstance,-0.9570,-0.1385,-0.0760,92.1020,-36.0107,-3.2349,t009,FJTB
2531959030,5098704,3,pelvis,midstance,-0.9935,-0.1738,-0.0623,101.6846,-40.8936,-3.1738,t009,FJTB
2531959093,5098720,3,pelvis,midstance,-1.0443,-0.4182,-0.0114,99.7314,-41.9922,-3.9062,t009,FJTB
2531959093,5098736,3,pelvis,midstance,-1.1033,-0.5670,0.0519,88.4399,-45.4102,-2.8687,t009,FJTB
2531959094,5098752,3,pelvis,midstance,-1.2969,-0.7120,0.2628,78.1860,-44.2505,-5.0659,t009,FJTB
2531959094,5098769,3,pelvis,midstance,-1.3927,-0.6278,0.5028,45.5322,-29.8462,-14.5264,t009,FJTB
2531959155,5098785,3,pelvis,midstance,-1.3967,-0.5189,0.5824,2.7466,0.3052,-20.5688,t009,FJTB
2531959156,5098801,3,pelvis,midstance,-1.4293,-0.1416,0.8074,-14.8926,22.7051,-23.4985,t009,FJTB
2531959157,5098817,3,pelvis,midstance,-1.3707,0.0833,0.8265,-28.5034,86.4868,-33.0200,t009,FJTB
2531959157,5098833,3,pelvis,midstance,-1.0637,0.3453,0.4937,-21.1182,107.3608,-39.5508,t009,FJTB
2531959221,5098849,3,pelvis,midstance,-0.9647,0.0958,0.2465,17.7002,106.2622,-47.8516,t009,FJTB
2531959221,5098865,3,pelvis,midstance,-1.0403,-0.1063,0.1169,69.5190,104.8584,-35.6445,t009,FJTB
2531959222,5098881,3,pelvis,midstance,-1.2858,-0.2231,-0.1713,86.3647,111.1450,-28.1982,t009,FJTB
2531959222,5098897,3,pelvis,midstance,-1.3873,-0.1935,-0.3301,84.6558,119.2627,-17.8833,t009,FJTB
2531959284,5098913,3,pelvis,midstance,-1.5450,-0.2571,-0.4082,70.6787,120.8496,-12.6953,t009,FJTB
2531959284,5098929,3,pelvis,terminal,-1.4410,-0.4135,-0.3514,32.1045,138.1836,2.3804,t009,FJTB
2531959285,5098945,3,pelvis,terminal,-1.2876,-0.3700,-0.3149,-9.5215,146.3623,12.2681,t009,FJTB
2531959285,5098961,3,pelvis,terminal,-1.0549,-0.2286,-0.2339,-25.2075,143.0054,9.0942,t009,FJTB
2531959349,5098977,3,pelvis,terminal,-1.0220,-0.2185,-0.1833,-43.0298,131.8970,-2.6855,t009,FJTB
2531959350,5098993,3,pelvis,terminal,-1.0604,-0.2825,-0.1617,-47.9736,126.2207,-5.5542,t009,FJTB
2531959351,5099010,3,pelvis,terminal,-1.0889,-0.3152,-0.2083,-55.7861,121.8262,-1.7090,t009,FJTB
2531959351,5099026,3,pelvis,terminal,-1.0623,-0.3162,-0.2501,-63.1714,127.4414,5.1880,t009,FJTB
2531959413,5099042,3,pelvis,terminal,-0.9729,-0.2679,-0.2728,-69.7632,129.6997,8.9111,t009,FJTB
2531959414,5099058,3,pelvis,terminal,-0.9258,-0.2435,-0.2520,-85.6934,126.1597,14.8315,t009,FJTB
2531959414,5099074,3,pelvis,terminal,-0.8187,-0.1902,-0.1941,-93.6890,119.3848,16.1743,t009,FJTB
2531959415,5099090,3,pelvis,terminal,-0.7383,-0.1163,-0.1219,-104.6143,99.1211,16.4795,t009,FJTB
2531959478,5099106,3,pelvis,terminal,-0.7212,-0.0969,-0.1022,-99.1821,78.3691,18.4937,t009,FJTB
2531959478,5099123,3,pelvis,terminal,-0.7151,-0.1082,-0.1002,-89.6606,68.8477,21.9727,t009,FJTB
2531959479,5099139,3,pelvis,terminal,-0.7109,-0.0817,-0.0826,-58.5937,54.5654,26.7334,t009,FJTB
2531959480,5099155,3,pelvis,terminal,-0.6849,-0.0699,-0.1003,-41.9311,49.1943,23.1934,t009,FJTB
2531959542,5099171,3,pelvis,terminal,-0.6600,-0.1090,-0.0919,-18.9819,29.7241,21.4233,t009,FJTB
2531959542,5099188,3,pelvis,terminal,-0.6272,-0.0870,-0.0565,-12.7563,10.0708,23.8647,t009,FJTB
2531959543,5099204,3,pelvis,terminal,-0.5779,-0.0238,-0.0085,-11.2915,3.0518,23.2544,t009,FJTB
2531959543,5099220,3,pelvis,terminal,-0.5876,0.0100,0.0288,-15.9912,-10.9253,23.0103,t009,FJTB
2531959606,5099236,3,pelvis,terminal,-0.6451,0.0734,0.1715,-20.2026,-15.8691,22.3389,t009,FJTB
2531959606,5099252,3,pelvis,terminal,-0.7592,0.0366,0.5372,-25.2075,-18.7378,15.7471,t009,FJTB
2531959607,5099268,3,pelvis,terminal,-0.8625,-0.0328,0.8486,-17.2119,2.0752,9.2163,t009,FJTB
2531959607,5099284,3,pelvis,terminal,-0.9545,-0.2795,1.1897,-5.7983,26.4282,6.1035,t009,FJTB
2531959666,5099300,3,pelvis,terminal,-0.8264,-0.3743,1.0872,11.7798,49.1943,15.8691,t009,FJTB
2531959667,5099316,3,pelvis,swing,-0.5937,-0.2627,0.8079,14.7095,33.5693,24.4141,t009,FJTB
2531959667,5099332,3,pelvis,swing,-0.8077,-0.1178,0.9473,8.9111,-4.7607,24.9634,t009,FJTB
2531959667,5099348,3,pelvis,swing,-0.9452,-0.1304,1.0963,-2.8687,1.7090,19.1040,t009,FJTB
2531959735,5099364,3,pelvis,swing,-0.9738,-0.2126,1.1129,-1.8311,16.5405,18.9819,t009,FJTB
2531959735,5099380,3,pelvis,swing,-0.8905,-0.2443,1.0116,4.0894,29.2969,22.3389,t009,FJTB
2531959735,5099396,3,pelvis,swing,-0.7782,-0.3612,0.7888,4.5776,28.1372,23.0103,t009,FJTB
2531959736,5099411,3,pelvis,swing,-0.6644,-0.5104,0.5139,-13.4888,20.5688,26.2451,t009,FJTB
2531959796,5099427,3,pelvis,swing,-0.6295,-0.5576,0.3750,-53.1616,8.0566,34.1187,t009,FJTB
2531959799,5099443,3,pelvis,swing,-0.5784,-0.5365,0.0419,-75.9277,1.8311,40.2832,t009,FJTB
2531959799,5099459,3,pelvis,swing,-0.4587,-0.4615,-0.1818,-108.8257,-27.3437,46.9360,t009,FJTB
2531959799,5099475,3,pelvis,swing,-0.5386,-0.2891,-0.2618,-129.4556,-46.2646,40.1611,t009,FJTB
2531959862,5099491,3,pelvis,swing,-0.8395,-0.2122,-0.0127,-165.2832,-63.4766,15.9302,t009,FJTB
2531959863,5099508,3,pelvis,swing,-2.3156,-0.0214,1.5067,-215.2099,-8.9722,3.9673,t009,FJTB
2531959863,5099524,3,pelvis,swing,-1.9973,0.2738,0.9556,-244.9341,2.0752,10.6812,t009,FJTB
2531959864,5099540,3,pelvis,swing,-1.2963,0.6914,0.2258,-179.5654,-56.0303,44.1284,t009,FJTB
2531959923,5099556,3,pelvis,swing,-0.8175,0.6709,-0.4425,-68.5425,-70.6787,55.1758,t009,FJTB
2531959925,5099572,3,pelvis,swing,-0.6432,0.3810,-0.4714,116.8213,-45.5933,48.4619,t009,FJTB
2531959926,5099588,3,pelvis,swing,-0.1055,-0.0259,-0.4460,145.4468,-29.6020,13.9770,t009,FJTB
2531959926,5099604,3,pelvis,swing,-0.6206,-0.5758,-0.2261,120.1782,-47.1802,8.1177,t009,FJTB
2531959990,5099620,3,pelvis,swing,-0.9663,-0.6792,-0.0367,92.8955,-61.9507,19.8975,t009,FJTB
2531959991,5099636,3,pelvis,swing,-1.3801,-0.4482,0.1206,88.1348,-54.6265,19.0430,t009,FJTB
2531959992,5099652,3,pelvis,swing,-1.4491,-0.4064,0.2177,52.0019,-45.4102,7.8125,t009,FJTB
2531959992,5099668,3,pelvis,swing,-1.1382,-0.3661,0.3695,23.1323,-46.0815,6.3477,t009,FJTB
2531960053,5099684,3,pelvis,swing,-0.7832,-0.2046,0.3467,-13.3667,-51.6968,11.2305,t009,FJTB
2531960055,5099700,3,pelvis,swing,-0.7310,-0.1237,0.3164,6.5918,-55.2368,8.1177,t009,FJTB
2531960056,5099716,3,pelvis,swing,-0.7434,-0.0718,0.2180,26.2451,-54.6875,5.8594,t009,FJTB
2531960056,5099732,3,pelvis,swing,-0.7806,-0.1019,0.1958,48.6450,-52.8564,11.9629,t009,FJTB
2531960119,5099748,3,pelvis,swing,-0.9366,-0.1198,0.1945,52.1240,-52.7954,17.6392,t009,FJTB
2531960119,5099764,3,pelvis,swing,-1.0238,-0.1537,0.1562,57.6172,-51.2085,18.7378,t009,FJTB
2531960119,5099780,3,pelvis,swing,-1.0397,-0.2212,0.1461,65.5518,-44.6777,9.7656,t009,FJTB
2531960120,5099796,3,pelvis,swing,-0.9722,-0.3462,0.1361,69.7021,-41.6260,7.0190,t009,FJTB
2531960179,5099812,3,pelvis,swing,-0.9010,-0.3793,0.1317,76.6602,-40.7715,2.5635,t009,FJTB
2531960179,5099829,3,pelvis,swing,-0.8113,-0.4128,0.1633,76.4160,-42.7246,1.0376,t009,FJTB
2531960180,5099844,3,pelvis,loading,-0.8495,-0.3905,0.1858,65.0635,-48.0347,4.0283,t009,FJTB
2531960180,5099860,3,pelvis,loading,-0.9078,-0.3652,0.1909,49.8657,-53.1006,9.3384,t009,FJTB
2531960248,5099876,3,pelvis,loading,-0.9955,-0.3000,0.1992,44.5557,-53.4668,10.7422,t009,FJTB
2531960248,5099892,3,pelvis,loading,-1.0000,-0.2645,0.1882,37.6587,-47.6074,10.3760,t009,FJTB
2531960249,5099908,3,pelvis,loading,-0.9666,-0.2391,0.1638,35.0952,-44.0063,9.0332,t009,FJTB
2531960249,5099924,3,pelvis,loading,-0.9027,-0.2454,0.1582,30.4565,-37.5366,7.4463,t009,FJTB
2531960308,5099940,3,pelvis,loading,-0.8662,-0.2395,0.1262,29.3579,-38.0249,7.0801,t009,FJTB
2531960310,5099956,3,pelvis,loading,-0.8644,-0.2251,0.0577,31.6162,-43.5791,7.1411,t009,FJTB
2531960310,5099972,3,pelvis,loading,-0.8890,-0.2087,0.0339,39.5508,-55.6030,8.6670,t009,FJTB
2531960310,5099988,3,pelvis,loading,-0.9393,-0.1639,0.0231,46.0815,-61.0352,8.4229,t009,FJTB
2531960373,5100004,3,pelvis,loading,-0.9644,-0.2417,0.0963,58.4717,-63.5986,5.8594,t009,FJTB
2531960373,5100020,3,pelvis,loading,-0.9395,-0.3007,0.0934,57.4951,-52.7954,7.0190,t009,FJTB
2531960373,5100036,3,pelvis,loading,-0.8953,-0.3905,0.0786,52.4292,-50.0488,5.9204,t009,FJTB
2531960374,5100052,3,pelvis,loading,-0.9198,-0.4172,0.1079,44.4336,-47.0581,6.5308,t009,FJTB
2531960433,5100068,3,pelvis,midstance,-0.9454,-0.3190,0.1107,41.9922,-44.3115,8.5449,t009,FJTB
2531960434,5100084,3,pelvis,midstance,-0.9655,-0.2118,0.1353,44.3726,-42.7856,8.6670,t009,FJTB
2531960434,5100100,3,pelvis,midstance,-0.9637,-0.1937,0.1470,48.1567,-33.5693,8.7280,t009,FJTB
2531960435,5100117,3,pelvis,midstance,-0.9213,-0.2235,0.1252,52.4902,-29.5410,10.6201,t009,FJTB
2531960502,5100132,3,pelvis,midstance,-0.9102,-0.2316,0.0962,67.6270,-25.6958,9.6436,t009,FJTB
2531960502,5100148,3,pelvis,midstance,-0.8806,-0.2084,-0.0624,75.7446,-24.2920,4.5166,t009,FJTB
2531960502,5100165,3,pelvis,midstance,-0.8639,-0.2141,-0.1263,84.5947,-26.3062,-2.8687,t009,FJTB
2531960503,5100181,3,pelvis,midstance,-0.8706,-0.2357,-0.1477,82.5806,-34.2407,-3.7842,t009,FJTB
2531960562,5100197,3,pelvis,midstance,-0.9114,-0.2578,-0.1501,81.2378,-38.5132,-2.9297,t009,FJTB
2531960565,5100213,3,pelvis,midstance,-0.9336,-0.2743,-0.1219,81.0547,-42.7246,-3.6011,t009,FJTB
2531960565,5100229,3,pelvis,midstance,-1.0062,-0.3898,-0.0387,81.6650,-44.4946,-4.3335,t009,FJTB
2531960565,5100245,3,pelvis,midstance,-1.1273,-0.5059,0.1234,77.9419,-48.2178,-3.2959,t009,FJTB
2531960627,5100262,3,pelvis,midstance,-1.2123,-0.5450,0.2457,62.6831,-44.3115,-4.8828,t009,FJTB
2531960628,5100278,3,pelvis,midstance,-1.3228,-0.5183,0.5096,52.0019,-36.4990,-6.5918,t009,FJTB
2531960628,5100294,3,pelvis,midstance,-1.3328,-0.4502,0.6057,27.5879,-8.3618,-10.6201,t009,FJTB
2531960628,5100310,3,pelvis,midstance,-1.4124,-0.1869,0.7928,17.2729,12.0239,-12.6343,t009,FJTB
2531960688,5100325,3,pelvis,midstance,-1.3757,0.2349,0.8168,13.6108,69.1528,-19.6533,t009,FJTB
2531960689,5100341,3,pelvis,midstance,-1.2335,0.4084,0.6768,23.8037,97.7783,-27.4048,t009,FJTB
2531960690,5100357,3,pelvis,midstance,-1.0535,0.3247,0.3567,69.5801,121.3379,-47.9736,t009,FJTB
2531960690,5100373,3,pelvis,midstance,-1.0762,0.1155,0.1790,131.5308,122.1924,-49.0723,t009,FJTB
2531960753,5100389,3,pelvis,midstance,-1.2595,-0.1582,-0.1754,154.9683,123.1689,-42.2974,t009,FJTB
2531960753,5100405,3,pelvis,midstance,-1.3806,-0.1672,-0.3170,163.3301,127.1973,-29.6631,t009,FJTB
2531960754,5100421,3,pelvis,midstance,-1.6194,-0.0762,-0.4611,145.9961,129.8218,-24.7192,t009,FJTB
2531960764,5100437,3,pelvis,midstance,-1.5861,-0.1128,-0.3856,86.6089,144.7754,-7.5684,t009,FJTB
2531960812,5100453,3,pelvis,terminal,-1.4618,-0.1737,-0.3501,34.5459,166.1987,6.7139,t009,FJTB
2531960812,5100469,3,pelvis,terminal,-1.1929,-0.1724,-0.3423,18.7378,165.8935,9.8877,t009,FJTB
2531960813,5100485,3,pelvis,terminal,-1.1282,-0.1525,-0.2827,7.2632,150.6958,2.1973,t009,FJTB
2531960826,5100501,3,pelvis,terminal,-1.1287,-0.1760,-0.2614,8.6060,145.8130,-5.7373,t009,FJTB
2531960882,5100517,3,pelvis,terminal,-1.0951,-0.2096,-0.3698,-0.6714,140.1978,-13.0005,t009,FJTB
2531960882,5100534,3,pelvis,terminal,-1.0359,-0.2130,-0.3833,-20.4468,132.3853,-9.4604,t009,FJTB
2531960883,5100550,3,pelvis,terminal,-0.9414,-0.2350,-0.3477,-29.2969,128.1128,-5.1880,t009,FJTB
2531960884,5100566,3,pelvis,terminal,-0.8931,-0.2594,-0.3712,-51.5137,118.5913,3.9673,t009,FJTB
2531960944,5100582,3,pelvis,terminal,-0.7969,-0.2217,-0.3368,-64.3311,112.3047,6.1646,t009,FJTB
2531960946,5100598,3,pelvis,terminal,-0.7617,-0.2015,-0.2501,-78.3691,98.5718,5.3711,t009,FJTB
2531960947,5100614,3,pelvis,terminal,-0.7616,-0.2008,-0.1931,-77.0264,79.9561,10.0098,t009,FJTB
2531960990,5100631,3,pelvis,terminal,-0.7576,-0.1729,-0.1111,-67.8101,73.0591,15.2588,t009,FJTB
2531961010,5100647,3,pelvis,terminal,-0.7468,-0.1527,-0.1083,-38.3301,59.8144,24.7803,t009,FJTB
2531961011,5100663,3,pelvis,terminal,-0.7345,-0.1515,-0.0687,-14.7705,42.5415,24.6582,t009,FJTB
2531961011,5100679,3,pelvis,terminal,-0.7279,-0.1654,-0.0131,-8.1177,35.0342,25.0854,t009,FJTB
2531961071,5100695,3,pelvis,terminal,-0.7136,-0.1240,0.0330,-2.8687,22.8271,25.3296,t009,FJTB
2531961073,5100711,3,pelvis,terminal,-0.6907,0.0017,0.1587,-3.2349,18.0664,23.0103,t009,FJTB
2531961074,5100727,3,pelvis,terminal,-0.7030,0.0535,0.2660,-8.0566,12.5122,15.3809,t009,FJTB
2531961074,5100742,3,pelvis,terminal,-0.7463,0.0751,0.4590,-9.8267,14.5874,9.7046,t009,FJTB
2531961137,5100758,3,pelvis,terminal,-0.7362,0.0853,0.5315,-5.9814,15.6250,-2.4414,t009,FJTB
2531961138,5100774,3,pelvis,terminal,-0.7465,0.0842,0.5988,13.4888,0.1221,-6.5918,t009,FJTB
2531961138,5100790,3,pelvis,terminal,-0.8297,-0.0592,0.7811,23.3154,-4.3335,-4.2114,t009,FJTB
2531961139,5100806,3,pelvis,terminal,-0.8621,-0.1827,0.8142,26.7334,6.0425,8.0566,t009,FJTB
2531961197,5100822,3,pelvis,terminal,-0.8717,-0.3966,0.8160,21.3013,11.9629,13.6719,t009,FJTB
2531961198,5100838,3,pelvis,swing,-0.8129,-0.3473,0.8202,12.3901,18.5547,14.2822,t009,FJTB
2531961198,5100854,3,pelvis,swing,-0.7852,-0.2355,0.8175,8.9722,20.2637,0.4272,t009,FJTB
2531961198,5100869,3,pelvis,swing,-0.7743,-0.0796,0.8441,4.2725,20.6299,-7.3242,t009,FJTB
2531961203,5100885,3,pelvis,swing,-0.7850,-0.0583,0.8732,-8.7280,28.6865,-15.0757,t009,FJTB
2531961266,5100902,3,pelvis,swing,-0.7938,-0.0745,0.8641,-12.3291,35.5225,-13.7939,t009,FJTB
2531961266,5100918,3,pelvis,swing,-0.7867,-0.0869,0.8174,-12.1460,44.4336,-8.5449,t009,FJTB
2531961267,5100934,3,pelvis,swing,-0.7202,-0.1324,0.6594,-9.9487,45.8374,-8.8501,t009,FJTB
2531961267,5100950,3,pelvis,swing,-0.6476,-0.1870,0.4193,-15.8081,44.1284,-11.7798,t009,FJTB
2531961328,5100966,3,pelvis,swing,-0.5901,-0.2036,0.3248,-27.7710,19.0430,-4.8828,t009,FJTB
2531961330,5100982,3,pelvis,swing,-0.6031,-0.1769,0.3121,-37.3535,8.2397,-0.1221,t009,FJTB
2531961331,5100998,3,pelvis,swing,-0.6425,-0.1523,0.3302,-42.1753,-7.9956,2.6245,t009,FJTB
2531961339,5101014,3,pelvis,swing,-0.6355,-0.1368,0.2198,-37.6587,-16.4795,1.4038,t009,FJTB
2531961394,5101030,3,pelvis,swing,-0.6375,-0.1984,-0.1041,-16.7847,-34.9121,7.1411,t009,FJTB
2531961395,5101047,3,pelvis,swing,-0.7269,-0.1122,-0.1669,-0.0610,-55.6641,10.9253,t009,FJTB
2531961395,5101063,3,pelvis,swing,-1.4558,0.0341,0.6215,-11.8408,-53.2837,1.5869,t009,FJTB
2531961431,5101079,3,pelvis,swing,-2.0868,-0.0237,1.4192,-95.9473,21.4844,4.8218,t009,FJTB
2531961455,5101094,3,pelvis,swing,-2.0143,-0.7428,1.4833,-143.3716,54.6875,35.4614,t009,FJTB
2531961455,5101111,3,pelvis,swing,-0.5889,-0.0051,0.1696,-175.9033,-15.8081,74.5239,t009,FJTB
2531961458,5101127,3,pelvis,swing,-0.4720,0.4977,-0.1193,-54.8096,-85.0220,42.7856,t009,FJTB
2531961479,5101143,3,pelvis,swing,-0.7389,0.7177,-0.2142,17.5171,-90.2100,29.8462,t009,FJTB
2531961522,5101159,3,pelvis,swing,-0.6227,0.5219,-0.1748,129.0894,-57.0068,6.7139,t009,FJTB
2531961522,5101175,3,pelvis,swing,-0.5072,0.0398,-0.2714,154.4189,-45.5933,-3.6011,t009,FJTB
2531961523,5101191,3,pelvis,swing,-1.0073,-0.4159,-0.0189,131.5918,-54.8096,-9.1553,t009,FJTB
2531961524,5101207,3,pelvis,swing,-1.1592,-0.5139,0.1261,103.0884,-50.0488,-1.5869,t009,FJTB
2531961586,5101223,3,pelvis,swing,-1.3020,-0.6036,0.2488,92.3462,-46.8140,-1.3428,t009,FJTB
2531961587,5101239,3,pelvis,swing,-1.2380,-0.6761,0.2979,45.6543,-40.5273,5.7983,t009,FJTB
2531961587,5101255,3,pelvis,swing,-0.9290,-0.5469,0.3418,15.8081,-41.9311,10.9863,t009,FJTB
2531961618,5101271,3,pelvis,swing,-0.8423,-0.2905,0.3224,-15.1367,-50.3540,8.1787,t009,FJTB
2531961649,5101287,3,pelvis,swing,-0.8385,-0.2130,0.3208,-11.2915,-48.2788,3.9062,t009,FJTB
2531961650,5101303,3,pelvis,swing,-0.7980,-0.1589,0.3124,-10.4370,-43.5181,5.0659,t009,FJTB
2531961650,5101319,3,pelvis,swing,-0.7911,-0.1503,0.3295,-10.4980,-37.4146,9.9487,t009,FJTB
2531961693,5101335,3,pelvis,swing,-0.8734,-0.1112,0.3495,-4.1504,-37.1704,12.6953,t009,FJTB
2531961710,5101352,3,pelvis,swing,-0.9539,0.0028,0.3358,25.0854,-35.5835,13.8550,t009,FJTB
2531961711,5101368,3,pelvis,swing,-0.9781,0.0194,0.3099,67.0166,-33.6914,8.3618,t009,FJTB
2531961712,5101383,3,pelvis,swing,-0.9941,-0.0770,0.2213,87.5854,-34.7900,6.7749,t009,FJTB
2531961774,5101400,3,pelvis,swing,-0.9834,-0.1473,0.1943,111.2671,-36.1328,4.5776,t009,FJTB
2531961775,5101416,3,pelvis,swing,-0.9257,-0.2664,0.1581,113.4033,-35.8276,2.5635,t009,FJTB
2531961775,5101432,3,pelvis,swing,-0.8849,-0.3528,0.0934,106.9946,-36.4990,-1.7700,t009,FJTB
2531961775,5101448,3,pelvis,swing,-0.8929,-0.3782,0.0660,94.9707,-41.3818,-3.0518,t009,FJTB
2531961835,5101464,3,pelvis,swing,-0.9736,-0.4414,0.0651,86.1816,-42.0532,-1.8311,t009,FJTB
2531961836,5101480,3,pelvis,swing,-0.9916,-0.4406,0.0823,60.6689,-37.7808,4.3945,t009,FJTB
2531961836,5101496,3,pelvis,swing,-0.9606,-0.3806,0.1106,45.2881,-32.9590,8.1787,t009,FJTB
2531961836,5101512,3,pelvis,swing,-0.9316,-0.2235,0.1688,21.4844,-25.6348,7.9346,t009,FJTB
2531961898,5101528,3,pelvis,swing,-0.9452,-0.1602,0.1912,9.1553,-17.3340,2.3804,t009,FJTB
2531961899,5101544,3,pelvis,swing,-0.9514,-0.1522,0.1786,9.3994,-16.4185,0.6714,t009,FJTB
2531961899,5101560,3,pelvis,swing,-0.9478,-0.1821,0.1536,22.4609,-20.6299,0.2441,t009,FJTB
2531961900,5101576,3,pelvis,swing,-0.9460,-0.1863,0.1115,31.6162,-24.5361,0.2441,t009,FJTB
2531961960,5101592,3,pelvis,swing,-0.9696,-0.1748,0.1245,49.3774,-29.6020,0.3052,t009,FJTB
2531961961,5101608,3,pelvis,swing,-0.9562,-0.1523,0.0937,62.5610,-32.0435,-1.7700,t009,FJTB
2531961961,5101624,3,pelvis,swing,-0.9679,-0.2261,0.1774,70.3735,-32.5928,-5.0049,t009,FJTB
2531961962,5101640,3,pelvis,swing,-0.9603,-0.2922,0.1667,72.6929,-23.6206,-2.4414,t009,FJTB
2531962023,5101656,3,pelvis,swing,-0.9249,-0.3344,0.1677,69.8242,-21.6064,-1.0376,t009,FJTB
2531962023,5101672,3,pelvis,swing,-0.9008,-0.3711,0.1196,69.5801,-17.8833,-5.0049,t009,FJTB
2531962024,5101688,3,pelvis,swing,-0.8851,-0.3643,0.0642,66.5283,-14.9536,-7.0190,t009,FJTB
2531962025,5101704,3,pelvis,swing,-0.8671,-0.3259,0.0338,60.6079,-16.4795,-6.2256,t009,FJTB
2531962086,5101720,3,pelvis,swing,-0.8610,-0.3179,0.0319,46.3257,-22.1558,-2.8076,t009,FJTB
2531962086,5101736,3,pelvis,swing,-0.8783,-0.3451,0.0250,40.1001,-25.6348,-1.0986,t009,FJTB
2531962087,5101752,3,pelvis,swing,-0.9320,-0.3292,0.0205,32.0435,-29.7852,1.2207,t009,FJTB
2531962087,5101768,3,pelvis,swing,-0.9563,-0.2902,0.0217,31.7993,-26.9165,1.9531,t009,FJTB
2531962149,5101784,3,pelvis,swing,-0.9810,-0.1936,0.0370,33.9355,-25.0854,2.1973,t009,FJTB
2531962149,5101800,3,pelvis,swing,-0.9823,-0.1572,0.0521,42.1753,-25.0854,0.6714,t009,FJTB
2531962149,5101816,3,pelvis,swing,-0.9708,-0.1398,0.0609,49.0723,-25.8789,-0.9766,t009,FJTB
2531962150,5101833,3,pelvis,swing,-0.9500,-0.1570,-0.0150,65.3687,-27.7710,-4.5776,t009,FJTB
2531962209,5101849,3,pelvis,swing,-0.9430,-0.1617,-0.0332,76.8433,-30.9448,-5.2490,t009,FJTB
2531962210,5101865,3,pelvis,swing,-0.9335,-0.1829,-0.0184,80.3223,-30.7617,-5.3711,t009,FJTB
2531962211,5101881,3,pelvis,swing,-0.9310,-0.2096,-0.0056,83.4351,-29.7241,-7.3242,t009,FJTB
2531962248,5101898,3,pelvis,swing,-0.9730,-0.3250,0.0482,84.5947,-29.7852,-9.2773,t009,FJTB
2531962273,5101914,3,pelvis,swing,-1.0498,-0.4514,0.0610,80.3223,-25.5127,-9.5215,t009,FJTB
2531962274,5101930,3,pelvis,swing,-1.1201,-0.4843,0.0673,74.5239,-26.0010,-11.9629,t009,FJTB
2531962274,5101946,3,pelvis,swing,-1.3110,-0.5187,0.2338,70.4956,-20.3857,-12.4512,t009,FJTB
2531962332,5101962,3,pelvis,swing,-1.3287,-0.4349,0.2628,53.4668,8.5449,-6.7139,t009,FJTB
2531962334,5101978,3,pelvis,swing,-1.2693,-0.1766,0.3992,49.3164,21.8506,-6.5918,t009,FJTB
2531962334,5101994,3,pelvis,swing,-1.1422,0.1315,0.5022,49.0723,52.1240,-13.1836,t009,FJTB
2531962335,5102010,3,pelvis,swing,-1.0807,0.2906,0.5500,53.8940,81.6040,-24.0478,t009,FJTB
2531962395,5102026,3,pelvis,swing,-0.9860,0.4849,0.6157,61.3403,97.8393,-34.5459,t009,FJTB
2531962396,5102042,3,pelvis,swing,-0.9592,0.4703,0.5322,92.6514,126.1597,-58.8379,t009,FJTB
2531962397,5102058,3,pelvis,swing,-0.9664,0.4081,0.2584,113.7695,130.7373,-67.6880,t009,FJTB
2531962397,5102074,3,pelvis,swing,-1.0858,0.3728,0.0000,155.7007,128.9673,-75.9277,t009,FJTB
2531962456,5102090,3,pelvis,swing,-1.1924,0.3513,-0.1252,185.9131,124.4507,-75.1953,t009,FJTB
2531962457,5102106,3,pelvis,swing,-1.4705,0.2394,-0.3368,193.5425,119.5068,-69.9463,t009,FJTB
2531962457,5102122,3,pelvis,swing,-1.5935,0.1675,-0.3794,189.3310,116.8213,-47.2412,t009,FJTB
2531962516,5102138,3,pelvis,swing,-1.6394,-0.0353,-0.4531,181.8237,123.4131,-35.0952,t009,FJTB
2531962517,5102154,3,pelvis,swing,-1.5380,-0.1259,-0.5115,154.0527,137.3291,-16.7236,t009,FJTB
2531962518,5102170,3,pelvis,swing,-1.2723,-0.1161,-0.5044,127.3804,133.2397,-10.6201,t009,FJTB
2531962518,5102186,3,pelvis,swing,-1.0858,0.0248,-0.3962,119.2017,128.6621,-15.3809,t009,FJTB
2531962573,5102202,3,pelvis,swing,-1.0110,0.0542,-0.3474,108.6426,116.6382,-31.7993,t009,FJTB
2531962576,5102218,3,pelvis,swing,-0.9106,0.0159,-0.2667,104.1260,107.8491,-36.3770,t009,FJTB
2531962576,5102234,3,pelvis,swing,-0.8912,-0.0568,-0.2463,95.0928,88.8061,-33.7524,t009,FJTB
2531962577,5102250,3,pelvis,swing,-0.8793,-0.2227,-0.1960,86.6089,80.7495,-27.5269,t009,FJTB
2531962636,5102266,3,pelvis,swing,-0.8364,-0.2651,-0.1758,59.5093,73.8525,-16.1133,t009,FJTB
2531962637,5102282,3,pelvis,swing,-0.7998,-0.2125,-0.1562,27.9541,67.4438,-12.0239,t009,FJTB
2531962637,5102298,3,pelvis,swing,-0.7651,-0.0294,-0.0547,16.7236,62.5000,-13.3667,t009,FJTB
2531962637,5102314,3,pelvis,swing,-0.7817,0.0347,0.0177,11.2915,51.0254,-18.4937,t009,FJTB
2531962696,5102330,3,pelvis,swing,-0.8248,0.0186,0.1250,16.4795,45.6543,-19.2871,t009,FJTB
2531962696,5102346,3,pelvis,swing,-0.8638,-0.0950,0.1531,29.3579,35.3394,-15.9912,t009,FJTB
2531962697,5102362,3,pelvis,swing,-0.8641,-0.0978,0.1410,45.7153,29.2358,-10.6201,t009,FJTB
2531962755,5102378,3,pelvis,swing,-0.8475,-0.0597,0.1456,57.2510,24.9634,-10.8032,t009,FJTB
2531962756,5102394,3,pelvis,swing,-0.8330,-0.0354,0.1486,75.5615,13.4888,-15.8691,t009,FJTB
2531962756,5102410,3,pelvis,swing,-0.8180,-0.0432,0.1890,78.7354,7.9956,-19.5923,t009,FJTB
2531962757,5102426,3,pelvis,swing,-0.8110,-0.0692,0.2249,77.8809,1.4648,-25.0244,t009,FJTB
2531962814,5102442,3,pelvis,swing,-0.8154,-0.0720,0.2527,71.6553,-0.3052,-28.6865,t009,FJTB
2531962815,5102458,3,pelvis,swing,-0.8129,-0.0183,0.3182,66.5894,-0.5493,-29.1138,t009,FJTB
2531962815,5102474,3,pelvis,swing,-0.8068,0.0092,0.3679,58.5327,0.6104,-30.2124,t009,FJTB
2531962815,5102490,3,pelvis,swing,-0.8096,-0.0360,0.4752,58.4106,2.5024,-30.3345,t009,FJTB
2531962856,5102506,3,pelvis,swing,-0.8547,-0.1866,0.5918,65.0024,6.2866,-24.6582,t009,FJTB
2531962875,5102522,3,pelvis,swing,-0.8676,-0.2716,0.6383,75.3784,13.7329,-16.2354,t009,FJTB
2531962876,5102538,3,pelvis,swing,-0.8499,-0.4053,0.6481,78.1250,17.7002,-11.8408,t009,FJTB
2531962876,5102554,3,pelvis,swing,-0.8348,-0.4188,0.6405,69.9463,23.0103,-2.5635,t009,FJTB
2531962934,5102570,3,pelvis,swing,-0.8489,-0.3752,0.6788,59.7534,24.3530,-0.8545,t009,FJTB
2531962935,5102586,3,pelvis,swing,-0.8250,-0.1769,0.7008,36.8042,24.9023,-5.1880,t009,FJTB
2531962935,5102602,3,pelvis,swing,-0.7845,-0.0544,0.6785,33.8135,23.2544,-20.7520,t009,FJTB
2531962936,5102618,3,pelvis,swing,-0.7606,0.0686,0.6790,37.0483,21.9116,-28.7476,t009,FJTB
2531962993,5102634,3,pelvis,swing,-0.7836,0.0651,0.7389,43.7012,25.6958,-32.3486,t009,FJTB
2531962994,5102650,3,pelvis,swing,-0.7887,-0.0680,0.8083,47.8516,31.7993,-27.5269,t009,FJTB
2531962994,5102666,3,pelvis,swing,-0.7423,-0.1461,0.7463,55.1147,35.0952,-17.3340,t009,FJTB
2531963049,5102682,3,pelvis,swing,-0.6731,-0.1927,0.5679,56.2744,28.9917,-16.7236,t009,FJTB
2531963050,5102698,3,pelvis,swing,-0.6587,-0.1499,0.4082,43.9453,12.1460,-17.2119,t009,FJTB
2531963051,5102714,3,pelvis,swing,-0.6467,-0.1489,0.3579,31.1890,-6.5918,-15.5029,t009,FJTB
2531963051,5102730,3,pelvis,swing,-0.7078,-0.2021,0.4053,20.0806,-9.0332,-12.6343,t009,FJTB
2531963108,5102746,3,pelvis,swing,-0.6847,-0.2296,0.3397,0.7324,-8.6670,-6.0425,t009,FJTB
2531963109,5102762,3,pelvis,swing,-0.5782,-0.2344,0.0297,-1.1597,-24.2920,-2.1362,t009,FJTB
2531963110,5102778,3,pelvis,swing,-0.7717,-0.0959,0.0168,6.3477,-74.7681,-4.3945,t009,FJTB
2531963124,5102794,3,pelvis,swing,-1.1292,0.0222,0.2729,-0.4272,-66.5894,-26.1841,t009,FJTB
2531963162,5102810,3,pelvis,swing,-2.1003,0.0029,1.0944,-19.8364,-32.8369,-31.0669,t009,FJTB
2531963164,5102826,3,pelvis,swing,-2.1031,-0.2664,1.1891,-63.9648,23.8037,9.7656,t009,FJTB
2531963165,5102842,3,pelvis,swing,-0.9874,-0.3256,0.5503,-78.7354,8.4839,36.8652,t009,FJTB
2531963222,5102858,3,pelvis,swing,-0.6136,0.2886,0.1670,-67.6270,-51.9409,33.9966,t009,FJTB
2531963223,5102875,3,pelvis,swing,-0.7030,0.4247,0.1091,18.8599,-63.3545,5.4932,t009,FJTB
2531963224,5102891,3,pelvis,swing,-0.7443,0.2430,0.0315,63.5376,-52.7344,-3.6621,t009,FJTB
2531963224,5102907,3,pelvis,swing,-0.7194,0.0764,-0.0364,118.6523,-26.1230,-12.1460,t009,FJTB
2531963279,5102923,3,pelvis,swing,-0.8892,-0.1840,-0.0828,116.0278,-20.7520,-9.5825,t009,FJTB
2531963280,5102939,3,pelvis,swing,-1.0956,-0.3492,0.0201,78.9795,-21.0571,-7.0801,t009,FJTB
2531963280,5102955,3,pelvis,swing,-1.1514,-0.3961,0.0481,54.6265,-20.5688,-6.4087,t009,FJTB
2531963338,5102971,3,pelvis,swing,-1.1564,-0.3877,0.1593,42.9077,-21.4233,-3.1738,t009,FJTB
2531963339,5102987,3,pelvis,swing,-1.0967,-0.3580,0.2164,18.5547,-22.3389,1.0986,t009,FJTB
2531963339,5103003,3,pelvis,swing,-0.9159,-0.2666,0.2396,8.7280,-21.5454,2.5024,t009,FJTB
2531963340,5103019,3,pelvis,swing,-0.8535,-0.1300,0.2511,-1.5869,-19.5923,7.3242,t009,FJTB
2531963394,5103035,3,pelvis,swing,-0.8607,-0.0815,0.2529,15.0757,-19.7144,8.0566,t009,FJTB
2531963397,5103051,3,pelvis,swing,-0.9513,-0.0968,0.2297,29.7852,-19.9585,6.7749,t009,FJTB
2531963398,5103067,3,pelvis,swing,-1.0048,-0.1505,0.1965,44.6167,-16.7236,6.4087,t009,FJTB
2531963420,5103083,3,pelvis,swing,-1.0074,-0.2847,0.1018,40.8936,-13.4888,7.8125,t009,FJTB
2531963457,5103099,3,pelvis,swing,-0.9686,-0.3038,0.0721,17.0288,-9.7046,13.1226,t009,FJTB
2531963458,5103115,3,pelvis,swing,-0.9592,-0.2690,0.0901,-1.8311,-6.8359,12.3291,t009,FJTB
2531963458,5103131,3,pelvis,swing,-0.9276,-0.1935,0.1565,-2.6245,-6.0425,9.3994,t009,FJTB
2531963513,5103147,3,pelvis,swing,-0.9220,-0.1545,0.2036,7.2632,-6.0425,2.5635,t009,FJTB
2531963515,5103163,3,pelvis,swing,-0.9434,-0.0829,0.2593,16.4795,-6.4697,0.0610,t009,FJTB
2531963516,5103179,3,pelvis,swing,-0.9662,-0.0396,0.2701,39.1235,-8.9111,-1.0376,t009,FJTB
2531963516,5103195,3,pelvis,swing,-0.9760,-0.0474,0.2794,62.8052,-11.1084,-0.4883,t009,FJTB
2531963576,5103211,3,pelvis,swing,-0.9760,-0.1350,0.2533,73.3643,-11.9629,-1.5259,t009,FJTB
2531963577,5103227,3,pelvis,swing,-0.9651,-0.1925,0.2179,84.2285,-13.6108,-4.4556,t009,FJTB
2531963577,5103244,3,pelvis,swing,-0.9473,-0.2512,0.1814,82.0312,-13.4888,-4.0283,t009,FJTB
2531963577,5103260,3,pelvis,swing,-0.9373,-0.2523,0.1680,65.6738,-6.6528,-2.0142,t009,FJTB
2531963632,5103276,3,pelvis,swing,-0.9324,-0.2603,0.1575,49.0112,-0.6714,-5.3101,t009,FJTB
2531963635,5103292,3,pelvis,swing,-0.9258,-0.2417,0.1885,42.6025,0.6104,-6.4087,t009,FJTB
2531963635,5103308,3,pelvis,swing,-0.9279,-0.2101,0.2325,38.6353,0.8545,-5.4932,t009,FJTB
2531963694,5103324,3,pelvis,swing,-0.9387,-0.1459,0.3177,39.1846,1.7090,-4.1504,t009,FJTB
2531963695,5103340,3,pelvis,swing,-0.9387,-0.1188,0.3444,45.1050,4.4556,-1.8921,t009,FJTB
2531963695,5103356,3,pelvis,swing,-0.9385,-0.1259,0.3396,59.5093,5.5542,-5.0049,t009,FJTB
2531963695,5103372,3,pelvis,swing,-0.9277,-0.2096,0.3109,69.6411,4.7607,-8.7280,t009,FJTB
2531963752,5103388,3,pelvis,swing,-0.9293,-0.2775,0.2896,82.2754,6.7139,-13.6108,t009,FJTB
2531963753,5103404,3,pelvis,swing,-0.8914,-0.3303,0.1875,82.5195,7.4463,-14.6484,t009,FJTB
2531963753,5103420,3,pelvis,swing,-0.9021,-0.2822,0.1643,73.7305,3.9062,-16.0522,t009,FJTB
2531963753,5103436,3,pelvis,swing,-0.9131,-0.2430,0.1665,60.9131,3.0518,-14.6484,t009,FJTB
2531963811,5103452,3,pelvis,swing,-0.9211,-0.2180,0.1130,59.0210,2.6245,-14.2822,t009,FJTB
2531963812,5103468,3,pelvis,swing,-0.9304,-0.2292,0.0865,62.8052,-2.1973,-13.5498,t009,FJTB
2531963812,5103484,3,pelvis,swing,-0.9547,-0.2334,0.0895,66.4063,-5.3711,-12.6953,t009,FJTB
2531963867,5103500,3,pelvis,swing,-0.9543,-0.2266,0.0880,70.8008,-11.8408,-13.2446,t009,FJTB
2531963870,5103516,3,pelvis,swing,-0.9546,-0.2494,0.0837,69.3359,-16.6626,-15.2588,t009,FJTB
2531963870,5103532,3,pelvis,swing,-0.9542,-0.2858,0.0858,67.4438,-19.7144,-15.9912,t009,FJTB
2531963870,5103548,3,pelvis,swing,-0.9683,-0.3000,0.1165,60.8520,-24.4141,-14.8926,t009,FJTB
2531963928,5103564,3,pelvis,swing,-0.9744,-0.3058,0.1206,53.4668,-23.5596,-13.8550,t009,FJTB
2531963928,5103580,3,pelvis,swing,-0.9849,-0.3029,0.1340,37.4756,-21.4844,-9.0332,t009,FJTB
2531963929,5103596,3,pelvis,swing,-0.9874,-0.2578,0.1576,31.6162,-18.7988,-6.5918,t009,FJTB
2531963929,5103612,3,pelvis,swing,-0.9645,-0.2101,0.1686,26.6724,-12.0239,-6.3477,t009,FJTB
2531963985,5103628,3,pelvis,swing,-0.9481,-0.1819,0.1656,26.1841,-3.9673,-9.7046,t009,FJTB
2531963986,5103644,3,pelvis,swing,-0.9308,-0.1343,0.1655,27.2217,-0.6104,-11.1084,t009,FJTB
2531963986,5103660,3,pelvis,swing,-0.9260,-0.1234,0.1611,33.2031,4.3335,-11.7798,t009,FJTB
2531964043,5103676,3,pelvis,swing,-0.9290,-0.1262,0.1237,37.0483,5.4321,-11.7187,t009,FJTB
2531964043,5103692,3,pelvis,swing,-0.9489,-0.1597,0.0671,43.8843,3.9062,-12.1460,t009,FJTB
2531964044,5103708,3,pelvis,swing,-0.9596,-0.1810,0.0443,48.4009,0.4883,-12.3291,t009,FJTB
2531964044,5103725,3,pelvis,swing,-0.9856,-0.2181,0.0074,47.6685,-1.7700,-12.2070,t009,FJTB
2531964097,5103741,3,pelvis,swing,-0.9969,-0.2324,0.0043,39.9170,-6.8970,-12.1460,t009,FJTB
2531964099,5103757,3,pelvis,swing,-1.0073,-0.2671,0.0521,34.6680,-8.3008,-11.6577,t009,FJTB
2531964100,5103773,3,pelvis,swing,-0.9945,-0.2465,0.0831,22.5830,-4.9438,-7.8735,t009,FJTB
2531964157,5103789,3,pelvis,swing,-0.9941,-0.2133,0.0927,14.8926,-1.9531,-5.6152,t009,FJTB
2531964157,5103805,3,pelvis,swing,-0.9978,-0.1487,0.1093,14.0991,0.3052,-5.6152,t009,FJTB
2531964158,5103821,3,pelvis,swing,-0.9890,-0.1270,0.1094,17.1509,5.5542,-6.7749,t009,FJTB
2531964158,5103837,3,pelvis,swing,-0.9712,-0.1418,0.1069,20.2637,8.1787,-7.7515,t009,FJTB
2531964211,5103853,3,pelvis,swing,-0.9659,-0.1572,0.0441,27.4658,12.1460,-10.0708,t009,FJTB
2531964213,5103869,3,pelvis,swing,-0.9740,-0.1534,0.0199,32.8979,11.8408,-11.5356,t009,FJTB
2531964213,5103885,3,pelvis,swing,-0.9860,-0.1487,0.0013,33.4473,10.3149,-11.5356,t009,FJTB
2531964269,5103901,3,pelvis,swing,-0.9806,-0.1559,-0.0082,31.7383,6.1035,-10.1929,t009,FJTB
2531964270,5103917,3,pelvis,swing,-0.9609,-0.1882,-0.0260,30.0903,4.0283,-9.0942,t009,FJTB
2531964270,5103933,3,pelvis,swing,-0.9596,-0.2117,-0.0175,25.3296,1.0986,-6.6528,t009,FJTB
2531964270,5103949,3,pelvis,swing,-0.9569,-0.2083,-0.0082,20.6299,-1.1597,-5.7373,t009,FJTB
2531964324,5103965,3,pelvis,swing,-0.9586,-0.1697,0.0101,19.0430,-2.1973,-5.6763,t009,FJTB
2531964324,5103981,3,pelvis,swing,-0.9648,-0.1451,0.0194,17.2729,-3.2959,-5.7983,t009,FJTB
2531964325,5103997,3,pelvis,swing,-0.9664,-0.1383,0.0110,16.7236,-3.4180,-6.2866,t009,FJTB
2531964379,5104013,3,pelvis,swing,-0.9714,-0.1675,0.0104,16.6016,-5.4932,-8.4839,t009,FJTB
2531964380,5104029,3,pelvis,swing,-0.9731,-0.1743,0.0261,13.9770,-5.6763,-7.2632,t009,FJTB
2531964380,5104045,3,pelvis,swing,-0.9569,-0.1543,0.0417,11.5356,-5.1270,-5.9204,t009,FJTB
2531964380,5104062,3,pelvis,swing,-0.9525,-0.1382,0.0433,10.3149,-8.3008,-4.6997,t009,FJTB
2531964430,5104078,3,pelvis,swing,-0.9614,-0.1088,0.0460,12.5732,-10.0708,-4.6387,t009,FJTB
2531964432,5104094,3,pelvis,swing,-0.9629,-0.1157,0.0533,19.3481,-10.8032,-5.5542,t009,FJTB
2531964433,5104110,3,pelvis,swing,-0.9613,-0.1350,0.0488,23.5596,-7.8735,-7.1411,t009,FJTB
2531964487,5104126,3,pelvis,swing,-0.9648,-0.1615,0.0104,23.4985,-7.8125,-7.5073,t009,FJTB
2531964487,5104142,3,pelvis,swing,-0.9692,-0.1599,0.0137,20.3857,-9.1553,-6.9580,t009,FJTB
2531964487,5104158,3,pelvis,swing,-0.9506,-0.1488,0.0229,18.1885,-9.2163,-6.6528,t009,FJTB
2531964537,5104174,3,pelvis,swing,-0.9352,-0.1370,0.0253,13.3667,-10.8643,-6.1035,t009,FJTB
2531964539,5104190,3,pelvis,swing,-0.9374,-0.1344,0.0146,10.3760,-12.8784,-6.0425,t009,FJTB
2531964540,5104206,3,pelvis,swing,-0.9738,-0.1082,-0.0082,10.0098,-14.2822,-6.4087,t009,FJTB
2531964540,5104222,3,pelvis,swing,-0.9795,-0.0757,-0.0200,8.1177,-17.3950,-7.7515,t009,FJTB
2531964593,5104238,3,pelvis,swing,-0.9590,-0.0458,-0.0166,7.4463,-18.9209,-9.0332,t009,FJTB
2531964594,5104255,3,pelvis,swing,-0.9662,-0.1268,-0.0139,10.1318,-20.8130,-10.3149,t009,FJTB
2531964594,5104271,3,pelvis,swing,-0.9761,-0.1642,-0.0254,14.0381,-24.4141,-10.3149,t009,FJTB
2531964643,5104287,3,pelvis,swing,-0.9896,-0.2163,0.0051,16.1133,-28.8696,-11.5967,t009,FJTB
2531964645,5104303,3,pelvis,swing,-1.0015,-0.2302,0.0627,14.0991,-27.4048,-11.3525,t009,FJTB
2531964645,5104319,3,pelvis,swing,-0.9979,-0.2476,0.1382,9.6436,-22.8882,-9.9487,t009,FJTB
2531964698,5104335,3,pelvis,swing,-0.9796,-0.2249,0.1619,1.8311,-13.4277,-7.3853,t009,FJTB
2531964699,5104351,3,pelvis,swing,-0.9969,-0.2390,0.2294,-0.9766,-10.3760,-8.6670,t009,FJTB
2531964699,5104368,3,pelvis,swing,-1.0115,-0.2635,0.3375,-4.1504,-2.1362,-7.0801,t009,FJTB
2531964748,5104384,3,pelvis,swing,-0.9904,-0.2715,0.3430,-11.6577,11.1084,-2.1362,t009,FJTB
2531964749,5104400,3,pelvis,swing,-0.9891,-0.2947,0.4065,-19.1650,16.2354,3.1128,t009,FJTB
2531964751,5104416,3,pelvis,swing,-1.0006,-0.3005,0.4597,-22.0947,19.0430,5.3101,t009,FJTB
2531964751,5104432,3,pelvis,swing,-0.9963,-0.2899,0.4762,-25.3906,24.5361,8.0566,t009,FJTB
2531964805,5104448,3,pelvis,swing,-0.9877,-0.2588,0.5154,-25.2686,27.2827,7.6294,t009,FJTB
2531964805,5104464,3,pelvis,swing,-0.9966,-0.2393,0.5424,-21.6064,37.9028,2.0752,t009,FJTB
2531964805,5104480,3,pelvis,swing,-1.0117,-0.1085,0.5029,-20.6909,46.2036,-2.5635,t009,FJTB
2531964854,5104496,3,pelvis,swing,-1.0803,0.0396,0.4865,-20.7520,57.4341,-14.2212,t009,FJTB
2531964855,5104513,3,pelvis,swing,-1.1685,0.0500,0.5565,-16.2964,70.3735,-18.7988,t009,FJTB
2531964857,5104529,3,pelvis,swing,-1.3373,0.1676,0.6790,-12.8784,83.9844,-20.4468,t009,FJTB
2531964910,5104545,3,pelvis,swing,-1.3987,0.2654,0.7023,4.5166,124.3286,-36.3770,t009,FJTB
2531964911,5104561,3,pelvis,swing,-1.3248,0.4043,0.3590,18.0054,144.8975,-41.6870,t009,FJTB
2531964911,5104577,3,pelvis,swing,-1.1475,0.4309,-0.0768,47.8516,135.1929,-35.7056,t009,FJTB
2531964911,5104593,3,pelvis,swing,-1.1188,0.3774,-0.1227,72.0215,101.0132,-28.0762,t009,FJTB
2531964962,5104609,3,pelvis,swing,-1.0917,0.3540,-0.0438,79.1626,99.0601,-28.3813,t009,FJTB
2531964963,5104625,3,pelvis,swing,-1.0969,0.3081,-0.0227,96.1304,106.9336,-34.9731,t009,FJTB
2531964963,5104641,3,pelvis,swing,-1.1143,-0.0153,-0.1525,103.3935,103.2104,-33.6304,t009,FJTB
2531965017,5104657,3,pelvis,swing,-1.1060,-0.3066,-0.1906,109.1919,83.8013,-20.5688,t009,FJTB
2531965017,5104673,3,pelvis,swing,-1.0575,-0.3510,-0.1709,86.1206,78.0029,-13.0005,t009,FJTB
2531965017,5104689,3,pelvis,swing,-0.9178,-0.3964,-0.1217,62.8662,79.2236,-12.6343,t009,FJTB
2531965068,5104705,3,pelvis,swing,-0.8496,-0.4415,-0.0988,3.9062,77.7588,-8.4229,t009,FJTB
2531965069,5104721,3,pelvis,swing,-0.7335,-0.4371,-0.0326,-26.3062,73.1201,-4.6387,t009,FJTB
2531965070,5104738,3,pelvis,swing,-0.6918,-0.3036,0.0688,-68.0542,58.2886,2.8076,t009,FJTB
2531965091,5104754,3,pelvis,swing,-0.6790,-0.1985,0.1000,-80.9936,43.7622,10.3149,t009,FJTB
2531965124,5104770,3,pelvis,swing,-0.6693,0.0171,0.1543,-78.4912,36.6211,11.1694,t009,FJTB
2531965125,5104786,3,pelvis,swing,-0.6656,0.1102,0.1812,-62.9272,20.4468,7.3853,t009,FJTB
2531965125,5104801,3,pelvis,swing,-0.6956,0.2368,0.3030,-54.1992,12.8174,3.8452,t009,FJTB
2531965175,5104817,3,pelvis,swing,-0.7539,0.2750,0.4551,-38.5132,7.6904,-3.6011,t009,FJTB
2531965177,5104834,3,pelvis,swing,-0.7856,0.2621,0.5439,-26.1230,9.7656,-7.9956,t009,FJTB
2531965177,5104850,3,pelvis,swing,-0.8396,0.1832,0.7473,-18.6768,14.0381,-9.0332,t009,FJTB
2531965233,5104866,3,pelvis,swing,-0.8491,0.1299,0.8179,2.9297,28.1372,-8.6060,t009,FJTB
2531965233,5104881,3,pelvis,swing,-0.8164,-0.0004,0.8354,15.3809,34.2407,-6.2866,t009,FJTB
2531965233,5104898,3,pelvis,swing,-0.7886,-0.1603,0.8292,40.1001,36.6821,-0.9766,t009,FJTB
2531965233,5104914,3,pelvis,swing,-0.7899,-0.1995,0.8048,50.2930,33.9966,-3.2349,t009,FJTB
2531965283,5104930,3,pelvis,swing,-0.7909,-0.1270,0.6777,47.6685,33.4473,-7.6294,t009,FJTB
2531965285,5104946,3,pelvis,swing,-0.7717,-0.0610,0.6041,38.8794,33.2031,-13.8550,t009,FJTB
2531965285,5104961,3,pelvis,swing,-0.7108,0.0078,0.6244,34.7290,32.4707,-12.6343,t009,FJTB
2531965339,5104978,3,pelvis,swing,-0.6558,-0.0583,0.7703,22.5830,34.9121,-4.1504,t009,FJTB
2531965340,5104994,3,pelvis,swing,-0.5898,-0.1205,0.6740,21.4233,27.4658,-1.8921,t009,FJTB
2531965340,5105010,3,pelvis,swing,-0.5991,-0.1830,0.4032,27.7710,14.8315,-3.2349,t009,FJTB
2531965390,5105026,3,pelvis,swing,-0.6646,-0.1918,0.3983,28.5645,0.1221,2.2583,t009,FJTB
2531965392,5105042,3,pelvis,swing,-0.7305,-0.2252,0.5254,15.1978,3.6011,9.2773,t009,FJTB
2531965393,5105058,3,pelvis,swing,-0.6680,-0.2467,0.5184,-22.3999,9.7046,19.6533,t009,FJTB
2531965393,5105074,3,pelvis,swing,-0.6523,-0.2231,0.5258,-48.5840,3.4790,24.6582,t009,FJTB
2531965446,5105090,3,pelvis,swing,-0.6454,-0.1450,0.6038,-54.5044,0.6714,26.4282,t009,FJTB
2531965447,5105106,3,pelvis,swing,-0.6339,-0.1110,0.6392,-55.3589,-3.3569,29.2358,t009,FJTB
2531965447,5105122,3,pelvis,swing,-0.6348,-0.0734,0.6752,-52.3071,-6.8970,31.4331,t009,FJTB
2531965497,5105138,3,pelvis,loading,-0.6866,0.0115,0.7721,-41.6260,-13.4277,35.7666,t009,FJTB
2531965497,5105154,3,pelvis,loading,-0.6764,0.0304,0.7620,-23.6206,-13.0005,32.7148,t009,FJTB
2531965497,5105170,3,pelvis,loading,-0.6705,0.0110,0.4679,-13.5498,-17.0288,31.7383,t009,FJTB
2531965504,5105186,3,pelvis,loading,-0.8363,0.0765,0.4174,-14.7705,-28.0762,34.1797,t009,FJTB
2531965557,5105202,3,pelvis,loading,-1.5685,0.2903,1.1699,-34.1797,-13.6719,35.4614,t009,FJTB
2531965558,5105218,3,pelvis,loading,-1.9594,0.0109,1.9944,-106.8115,69.5190,36.3159,t009,FJTB
2531965558,5105234,3,pelvis,loading,-1.5052,-0.0919,1.5050,-149.2920,53.1616,42.3584,t009,FJTB
2531965609,5105250,3,pelvis,loading,-0.4896,0.4075,-0.0741,-105.9570,-9.0942,41.9311,t009,FJTB
2531965612,5105267,3,pelvis,loading,-0.4945,0.4843,-0.3669,23.6206,-86.1816,16.9678,t009,FJTB
2531965612,5105282,3,pelvis,loading,-0.6377,-0.0597,-0.1921,68.6646,-71.0449,13.0615,t009,FJTB
2531965668,5105298,3,pelvis,loading,-0.3926,-0.7815,-0.3586,119.5679,-8.6670,8.4839,t009,FJTB
2531965669,5105315,3,pelvis,loading,-0.5344,-0.8853,-0.2367,87.3413,-46.7529,25.6958,t009,FJTB
2531965669,5105331,3,pelvis,loading,-1.0070,-0.3944,0.3525,66.8945,-68.2983,35.8276,t009,FJTB
2531965669,5105347,3,pelvis,loading,-1.1681,-0.1763,0.4160,50.4150,-72.5708,26.2451,t009,FJTB
2531965720,5105363,3,pelvis,loading,-1.2872,-0.1766,0.3490,40.8936,-69.8242,18.7988,t009,FJTB
2531965722,5105379,3,pelvis,loading,-1.0594,-0.2061,0.2448,3.3569,-66.5283,19.2871,t009,FJTB
2531965722,5105395,3,pelvis,loading,-0.9435,-0.1648,0.1995,-29.9683,-67.5049,22.8271,t009,FJTB
2531965778,5105411,3,pelvis,loading,-0.8256,-0.1011,0.1755,-34.6069,-68.6646,21.7285,t009,FJTB
2531965779,5105427,3,pelvis,loading,-0.7932,-0.0845,0.1805,-19.9585,-68.9697,23.4375,t009,FJTB
2531965779,5105443,3,pelvis,loading,-0.7925,-0.0950,0.2542,-4.7607,-68.4204,26.0620,t009,FJTB
2531965780,5105459,3,pelvis,loading,-0.8376,-0.1082,0.3035,35.0952,-65.4297,24.9023,t009,FJTB
2531965832,5105475,3,pelvis,loading,-0.9598,-0.1320,0.3302,53.9551,-63.8428,20.6299,t009,FJTB
2531965833,5105491,3,pelvis,loading,-1.0339,-0.1697,0.3042,69.5801,-61.5234,10.6201,t009,FJTB
2531965833,5105506,3,pelvis,loading,-1.0223,-0.1704,0.2858,54.3213,-59.3872,3.8452,t009,FJTB
2531965889,5105522,3,pelvis,loading,-0.9666,-0.1516,0.2567,44.1284,-58.7158,2.4414,t009,FJTB
2531965889,5105538,3,pelvis,loading,-0.9467,-0.1545,0.2421,37.3535,-57.3120,3.9673,t009,FJTB
2531965890,5105554,3,pelvis,loading,-0.8854,-0.1643,0.2079,42.8467,-58.8989,4.6387,t009,FJTB
2531965890,5105570,3,pelvis,loading,-0.8813,-0.2529,0.2046,62.1948,-60.3027,3.8452,t009,FJTB
2531965940,5105586,3,pelvis,loading,-0.8987,-0.3052,0.2205,68.7866,-54.9316,5.0049,t009,FJTB
2531965941,5105602,3,pelvis,loading,-0.9272,-0.3588,0.2455,62.0728,-48.8281,6.2256,t009,FJTB
2531965941,5105619,3,pelvis,midstance,-0.9231,-0.3575,0.2292,41.3818,-38.2080,4.6387,t009,FJTB
2531966000,5105634,3,pelvis,midstance,-0.9006,-0.3491,0.2062,33.8745,-34.9731,2.6245,t009,FJTB
2531966000,5105651,3,pelvis,midstance,-0.9015,-0.3250,0.2216,27.0996,-32.2876,0.0000,t009,FJTB
2531966001,5105667,3,pelvis,midstance,-0.9164,-0.2943,0.2281,25.0244,-34.6069,0.9766,t009,FJTB
2531966001,5105682,3,pelvis,midstance,-0.9337,-0.1910,0.2074,25.6348,-36.9873,1.8921,t009,FJTB
2531966053,5105698,3,pelvis,midstance,-0.9358,-0.1453,0.1898,32.9590,-40.5884,2.9907,t009,FJTB
2531966053,5105715,3,pelvis,midstance,-0.9132,-0.1078,0.1481,39.6118,-41.9922,3.1738,t009,FJTB
2531966054,5105731,3,pelvis,midstance,-0.9050,-0.1851,0.0867,54.7485,-45.5933,3.8452,t009,FJTB
2531966106,5105747,3,pelvis,midstance,-0.9091,-0.2307,0.0464,64.9414,-51.7578,5.0049,t009,FJTB
2531966106,5105763,3,pelvis,midstance,-0.9357,-0.3021,0.0258,65.1855,-55.8472,5.3711,t009,FJTB
2531966107,5105778,3,pelvis,midstance,-0.9442,-0.3085,0.0271,53.5278,-54.9316,7.8735,t009,FJTB
2531966155,5105794,3,pelvis,midstance,-0.9188,-0.2764,0.0647,47.7295,-53.8330,7.8125,t009,FJTB
2531966157,5105810,3,pelvis,midstance,-0.9266,-0.2878,0.1274,39.9170,-49.0723,6.3477,t009,FJTB
2531966158,5105826,3,pelvis,midstance,-0.9415,-0.2898,0.2152,37.7808,-46.0815,6.6528,t009,FJTB
2531966200,5105842,3,pelvis,midstance,-0.9552,-0.2445,0.2788,38.2080,-40.8936,7.5073,t009,FJTB
2531966211,5105858,3,pelvis,midstance,-0.9509,-0.2002,0.2729,44.9219,-32.4097,7.1411,t009,FJTB
2531966212,5105875,3,pelvis,midstance,-0.9105,-0.1294,0.1418,54.1992,-30.4565,5.6763,t009,FJTB
2531966212,5105890,3,pelvis,midstance,-0.8987,-0.1172,0.0515,77.1484,-35.6445,2.1362,t009,FJTB
2531966262,5105906,3,pelvis,midstance,-0.9049,-0.1223,-0.0503,84.8389,-40.1611,0.9155,t009,FJTB
2531966263,5105922,3,pelvis,midstance,-0.8862,-0.2025,-0.0911,91.7969,-44.7388,-0.5493,t009,FJTB
2531966263,5105939,3,pelvis,midstance,-0.8972,-0.2404,-0.0713,88.5010,-44.2505,-0.7935,t009,FJTB
2531966315,5105955,3,pelvis,midstance,-0.9601,-0.2213,0.0374,85.3271,-43.0908,-1.0376,t009,FJTB
2531966315,5105971,3,pelvis,midstance,-0.9916,-0.1981,0.1169,82.9468,-42.1753,-4.4556,t009,FJTB
2531966315,5105987,3,pelvis,midstance,-1.0767,-0.2194,0.3049,85.6934,-41.3208,-6.8970,t009,FJTB
2531966364,5106003,3,pelvis,midstance,-1.1930,-0.3191,0.5151,87.4634,-33.5083,-10.0708,t009,FJTB
2531966366,5106019,3,pelvis,midstance,-1.2511,-0.3929,0.6226,78.0029,-18.3105,-13.9770,t009,FJTB
2531966367,5106035,3,pelvis,midstance,-1.4484,-0.4442,0.8818,68.1763,-5.4932,-16.2354,t009,FJTB
2531966420,5106052,3,pelvis,midstance,-1.4908,-0.3367,0.9282,36.9873,36.2549,-30.0293,t009,FJTB
2531966420,5106068,3,pelvis,midstance,-1.4131,0.0054,0.8352,24.1699,79.4678,-48.4009,t009,FJTB
2531966420,5106084,3,pelvis,midstance,-1.1771,0.1503,0.4176,35.2783,93.4448,-49.3164,t009,FJTB
2531966420,5106100,3,pelvis,midstance,-1.0885,0.0914,0.2086,83.6792,96.4966,-36.1938,t009,FJTB
2531966468,5106115,3,pelvis,midstance,-1.1991,-0.2574,-0.1006,111.5112,96.5576,-33.8745,t009,FJTB
2531966469,5106132,3,pelvis,terminal,-1.3401,-0.3945,-0.2889,137.3901,105.2856,-27.9541,t009,FJTB
2531966469,5106148,3,pelvis,terminal,-1.4984,-0.2272,-0.4802,125.1221,107.1167,-20.1416,t009,FJTB
2531966526,5106164,3,pelvis,terminal,-1.5438,-0.1998,-0.3583,74.8291,123.5962,-8.1177,t009,FJTB
2531966527,5106180,3,pelvis,terminal,-1.4670,-0.3170,-0.3035,15.8081,152.7100,8.8501,t009,FJTB
2531966527,5106196,3,pelvis,terminal,-1.2374,-0.4895,-0.2622,-7.3242,157.7759,16.6016,t009,FJTB
2531966529,5106212,3,pelvis,terminal,-1.1487,-0.4655,-0.2460,-38.2080,142.5171,22.3999,t009,FJTB
2531966579,5106228,3,pelvis,terminal,-1.0083,-0.3313,-0.2201,-48.2178,131.8359,19.6533,t009,FJTB
2531966580,5106244,3,pelvis,terminal,-0.9294,-0.2838,-0.2600,-68.4204,120.4224,14.7705,t009,FJTB
2531966581,5106260,3,pelvis,terminal,-0.9255,-0.2893,-0.2465,-87.0361,116.1499,15.6860,t009,FJTB
2531966635,5106276,3,pelvis,terminal,-0.9663,-0.3181,-0.2612,-97.4121,117.1265,17.0288,t009,FJTB
2531966636,5106292,3,pelvis,terminal,-0.9796,-0.3148,-0.2546,-119.5068,119.0185,17.8833,t009,FJTB
2531966636,5106308,3,pelvis,terminal,-0.9709,-0.2999,-0.1951,-126.9531,118.7744,16.2964,t009,FJTB
2531966687,5106325,3,pelvis,terminal,-0.8960,-0.2280,-0.1041,-133.4229,110.1074,15.9912,t009,FJTB
2531966690,5106341,3,pelvis,terminal,-0.8428,-0.1814,-0.0771,-119.5068,95.5200,21.4233,t009,FJTB
2531966690,5106357,3,pelvis,terminal,-0.7764,-0.1360,-0.0005,-108.2153,88.1348,27.0386,t009,FJTB
2531966691,5106373,3,pelvis,terminal,-0.7611,-0.1284,0.0228,-79.0405,79.3457,37.0483,t009,FJTB
2531966743,5106389,3,pelvis,terminal,-0.7682,-0.1520,0.0618,-65.9180,75.9888,39.5508,t009,FJTB
2531966744,5106405,3,pelvis,terminal,-0.7850,-0.1746,0.0787,-51.5137,70.6787,40.1611,t009,FJTB
2531966745,5106421,3,pelvis,terminal,-0.7662,-0.1469,0.0939,-55.7861,60.1196,41.9922,t009,FJTB
2531966794,5106437,3,pelvis,swing,-0.6932,-0.0150,0.1936,-63.1103,54.1992,39.4287,t009,FJTB
2531966795,5106453,3,pelvis,swing,-0.6530,0.0509,0.2585,-76.4771,43.9453,30.6396,t009,FJTB
2531966795,5106469,3,pelvis,swing,-0.6006,0.1068,0.4033,-79.5898,39.1235,27.2827,t009,FJTB
2531966810,5106485,3,pelvis,swing,-0.5881,0.1094,0.4819,-76.2939,29.6631,19.5923,t009,FJTB
2531966836,5106501,3,pelvis,swing,-0.5868,0.0920,0.4932,-52.6733,22.3389,10.8032,t009,FJTB
2531966854,5106517,3,pelvis,swing,-0.6213,-0.0181,0.5419,-36.0718,21.4233,10.8643,t009,FJTB
2531966855,5106533,3,pelvis,swing,-0.6846,-0.0895,0.6146,-15.0757,21.5454,20.6909,t009,FJTB
2531966906,5106549,3,pelvis,swing,-0.8322,-0.2336,0.8246,-10.8643,22.8271,27.9541,t009,FJTB
2531966908,5106565,3,pelvis,swing,-0.8027,-0.3588,0.8475,-3.1738,27.7710,40.1611,t009,FJTB
2531966908,5106581,3,pelvis,swing,-0.7352,-0.3494,0.8237,-2.0142,19.1040,41.6870,t009,FJTB
2531966962,5106597,3,pelvis,swing,-0.6998,-0.3192,0.8136,-6.3477,13.6108,38.1470,t009,FJTB
2531966963,5106613,3,pelvis,swing,-0.6802,-0.3546,0.7626,-29.0527,10.4980,33.6304,t009,FJTB
2531966963,5106629,3,pelvis,swing,-0.5964,-0.4005,0.6008,-46.6919,9.0332,34.6680,t009,FJTB
2531966963,5106646,3,pelvis,swing,-0.4988,-0.4003,0.4301,-75.9888,-1.4038,39.8560,t009,FJTB
2531967011,5106662,3,pelvis,swing,-0.4813,-0.3823,0.3877,-89.0503,-15.1978,42.6636,t009,FJTB
2531967011,5106678,3,pelvis,swing,-0.4530,-0.3082,0.3384,-91.1865,-16.8457,40.3442,t009,FJTB
2531967014,5106694,3,pelvis,swing,-0.3961,-0.2970,0.1725,-92.6514,-41.6260,35.8276,t009,FJTB
2531967066,5106710,3,pelvis,swing,-0.7247,-0.2495,0.1414,-95.6421,-79.3457,38.8794,t009,FJTB
2531967066,5106726,3,pelvis,swing,-2.4739,-0.2194,1.9292,-130.4321,-82.7637,46.8750,t009,FJTB
2531967067,5106742,3,pelvis,swing,-2.8679,-0.2275,1.8247,-206.6040,-7.9956,55.2368,t009,FJTB
2531967118,5106758,3,pelvis,swing,-1.3362,0.6605,-0.1891,-227.4780,-19.9585,55.2978,t009,FJTB
2531967118,5106774,3,pelvis,swing,-0.8376,1.0632,-0.6521,-99.3652,-76.4771,57.6172,t009,FJTB
2531967172,5106790,3,pelvis,swing,-0.3458,1.1404,-0.2214,14.7095,-86.6089,58.4106,t009,FJTB
2531967172,5106807,3,pelvis,swing,-0.2474,0.4395,-0.1508,170.6543,-61.6455,13.3057,t009,FJTB
2531967173,5106823,3,pelvis,swing,-0.5404,-0.2125,-0.3665,184.3262,-64.6973,-26.3062,t009,FJTB
2531967173,5106839,3,pelvis,swing,-1.1938,-1.1072,-0.1350,159.9731,-75.8667,-12.4512,t009,FJTB
2531967173,5106855,3,pelvis,swing,-1.4432,-1.1003,0.1262,88.3179,-65.4907,21.5454,t009,FJTB
2531967225,5106871,3,pelvis,swing,-1.2881,-0.5916,0.3776,52.9785,-57.6172,26.7334,t009,FJTB
2531967225,5106887,3,pelvis,swing,-0.8242,-0.4641,0.3284,6.7749,-60.6689,16.3574,t009,FJTB
2531967225,5106903,3,pelvis,swing,-0.8065,-0.4238,0.3130,-20.0195,-73.6694,15.1367,t009,FJTB
2531967280,5106919,3,pelvis,swing,-0.7876,-0.1211,0.3167,-23.7427,-71.8384,19.2871,t009,FJTB
2531967281,5106935,3,pelvis,loading,-0.7249,-0.0054,0.2897,-12.3291,-59.0820,16.2354,t009,FJTB
2531967282,5106951,3,pelvis,loading,-0.7393,-0.0519,0.2677,-6.0425,-55.9692,13.6108,t009,FJTB
2531967333,5106967,3,pelvis,loading,-0.9497,-0.1223,0.3206,4.8828,-58.2275,18.3105,t009,FJTB
2531967333,5106983,3,pelvis,loading,-1.0321,-0.1095,0.3392,26.4282,-61.2793,19.7754,t009,FJTB
2531967335,5106999,3,pelvis,loading,-1.0822,-0.1222,0.3195,42.1753,-61.7676,18.5547,t009,FJTB
2531967336,5107016,3,pelvis,loading,-1.0276,-0.1490,0.2610,68.4204,-60.9741,15.5029,t009,FJTB
2531967391,5107032,3,pelvis,loading,-0.8993,-0.2517,0.1957,74.8901,-61.7676,11.4746,t009,FJTB
2531967392,5107048,3,pelvis,loading,-0.7966,-0.3215,0.1477,69.9463,-52.8564,2.2583,t009,FJTB
2531967392,5107064,3,pelvis,loading,-0.7648,-0.3632,0.0773,59.2041,-54.9316,-4.6997,t009,FJTB
2531967444,5107080,3,pelvis,loading,-0.8668,-0.4065,0.0831,51.0254,-63.4155,-1.4038,t009,FJTB
2531967446,5107096,3,pelvis,loading,-0.9427,-0.3799,0.0967,30.2124,-69.0308,8.4229,t009,FJTB
2531967446,5107111,3,pelvis,loading,-1.0271,-0.3151,0.1096,21.8506,-66.8335,10.6201,t009,FJTB
2531967447,5107127,3,pelvis,loading,-0.9878,-0.2463,0.0994,12.0850,-58.7158,9.5825,t009,FJTB
2531967475,5107143,3,pelvis,loading,-0.9626,-0.2133,0.1096,5.3711,-53.1006,5.2490,t009,FJTB
2531967501,5107159,3,pelvis,loading,-0.9395,-0.1750,0.1621,2.6245,-51.2695,5.1270,t009,FJTB
2531967501,5107175,3,pelvis,loading,-0.9302,-0.1534,0.1759,4.5166,-52.1851,7.5073,t009,FJTB
2531967552,5107191,3,pelvis,loading,-0.9105,-0.1218,0.1659,10.1318,-54.8706,9.4604,t009,FJTB
2531967555,5107207,3,pelvis,loading,-0.9084,-0.0889,0.1576,28.7476,-63.5376,12.5732,t009,FJTB
2531967555,5107223,3,pelvis,loading,-0.9335,-0.0991,0.1862,46.0205,-68.2373,11.2305,t009,FJTB
2531967582,5107240,3,pelvis,loading,-0.9198,-0.1451,0.1146,50.1709,-66.5283,10.0098,t009,FJTB
2531967609,5107256,3,pelvis,loading,-0.8932,-0.1881,0.0807,55.4199,-67.8101,6.6528,t009,FJTB
2531967609,5107272,3,pelvis,loading,-0.8635,-0.3466,0.0502,56.6406,-68.0542,3.7842,t009,FJTB
2531967610,5107288,3,pelvis,loading,-0.9177,-0.4795,0.0352,54.9316,-65.1855,1.0376,t009,FJTB
2531967661,5107304,3,pelvis,loading,-0.9506,-0.4523,0.0402,41.6870,-55.9692,7.3242,t009,FJTB
2531967662,5107319,3,pelvis,loading,-0.9753,-0.2834,0.0674,34.7290,-53.2837,9.5825,t009,FJTB
2531967662,5107335,3,pelvis,loading,-0.9645,-0.2057,0.0729,34.3628,-53.5889,10.2539,t009,FJTB
2531967715,5107351,3,pelvis,loading,-0.9429,-0.1202,0.0914,39.8560,-54.6875,9.2163,t009,FJTB
2531967715,5107367,3,pelvis,loading,-0.9413,-0.1121,0.1101,53.9551,-53.0395,5.2490,t009,FJTB
2531967716,5107383,3,pelvis,midstance,-0.9541,-0.1525,0.1406,59.6924,-50.7812,3.4180,t009,FJTB
2531967717,5107399,3,pelvis,midstance,-1.0156,-0.2476,0.2217,68.1152,-45.7764,0.5493,t009,FJTB
2531967766,5107415,3,pelvis,midstance,-1.0652,-0.3038,0.2983,76.5991,-39.9170,-1.3428,t009,FJTB
2531967766,5107432,3,pelvis,midstance,-1.1901,-0.4755,0.5088,79.1016,-34.7290,-3.1738,t009,FJTB
2531967767,5107448,3,pelvis,midstance,-1.2555,-0.5709,0.6266,71.1670,-17.2119,-7.6904,t009,FJTB
2531967822,5107464,3,pelvis,midstance,-1.3978,-0.5739,0.8690,58.5937,-3.7842,-10.6201,t009,FJTB
2531967822,5107480,3,pelvis,midstance,-1.4124,-0.1510,1.0321,21.9116,39.0625,-25.3906,t009,FJTB
2531967822,5107496,3,pelvis,midstance,-1.4061,0.0784,0.9958,2.3193,100.7080,-53.8330,t009,FJTB
2531967871,5107512,3,pelvis,midstance,-1.2736,0.3063,0.4658,9.2163,120.1782,-57.8003,t009,FJTB
2531967873,5107528,3,pelvis,midstance,-1.1807,0.2771,0.1887,55.9692,103.5767,-51.8188,t009,FJTB
2531967875,5107544,3,pelvis,midstance,-1.2802,-0.1302,-0.1680,88.9893,93.8721,-45.5933,t009,FJTB
2531967884,5107560,3,pelvis,midstance,-1.5378,-0.1809,-0.4011,136.2305,102.3559,-27.5879,t009,FJTB
2531967929,5107576,3,pelvis,midstance,-1.6348,-0.1005,-0.4562,117.4927,126.8921,-16.6016,t009,FJTB
2531967929,5107592,3,pelvis,midstance,-1.6262,-0.1395,-0.4365,87.0361,141.1743,-9.8267,t009,FJTB
2531967929,5107608,3,pelvis,midstance,-1.5109,-0.2365,-0.4041,25.5737,171.2036,4.5166,t009,FJTB
2531967978,5107624,3,pelvis,midstance,-1.2375,-0.3318,-0.3003,4.5166,176.2085,7.8125,t009,FJTB
2531967981,5107640,3,pelvis,midstance,-1.1172,-0.3590,-0.1936,-20.5078,161.4990,4.7607,t009,FJTB
2531967981,5107656,3,pelvis,midstance,-1.0935,-0.3790,-0.2349,-39.0625,138.9160,0.7324,t009,FJTB
2531968035,5107672,3,pelvis,midstance,-1.0220,-0.3457,-0.3550,-52.9785,130.6152,3.2349,t009,FJTB
2531968036,5107688,3,pelvis,midstance,-1.0026,-0.2965,-0.3689,-75.1343,121.9482,7.4463,t009,FJTB
2531968036,5107704,3,pelvis,midstance,-0.9991,-0.2397,-0.4103,-82.2754,121.7041,8.2397,t009,FJTB
2531968086,5107720,3,pelvis,midstance,-0.9519,-0.2393,-0.4114,-97.2290,121.5210,13.8550,t009,FJTB
2531968087,5107736,3,pelvis,terminal,-0.8801,-0.2498,-0.4135,-111.5112,120.9106,18.5547,t009,FJTB
2531968087,5107752,3,pelvis,terminal,-0.7369,-0.2479,-0.3331,-115.7837,117.0654,18.0054,t009,FJTB
2531968088,5107768,3,pelvis,terminal,-0.7067,-0.2423,-0.2599,-110.1684,102.4170,17.8223,t009,FJTB
2531968148,5107784,3,pelvis,terminal,-0.6688,-0.2073,-0.1593,-100.4028,91.8579,21.6675,t009,FJTB
2531968148,5107801,3,pelvis,terminal,-0.6289,-0.1608,-0.1200,-75.7446,62.9272,35.5835,t009,FJTB
2531968149,5107817,3,pelvis,terminal,-0.6428,-0.1318,-0.0906,-51.6357,33.7524,41.5649,t009,FJTB
2531968150,5107833,3,pelvis,terminal,-0.7134,-0.1451,-0.0403,-42.0532,24.5361,40.0391,t009,FJTB
2531968201,5107849,3,pelvis,terminal,-0.7202,-0.1276,0.0017,-34.6069,17.5171,36.6211,t009,FJTB
2531968203,5107865,3,pelvis,terminal,-0.7014,-0.0548,0.0808,-35.8276,19.5923,32.2876,t009,FJTB
2531968203,5107881,3,pelvis,terminal,-0.6989,0.0685,0.2997,-50.4761,22.0337,25.8789,t009,FJTB
2531968259,5107897,3,pelvis,terminal,-0.6936,0.1344,0.4326,-54.6265,34.9731,12.2070,t009,FJTB
2531968260,5107913,3,pelvis,terminal,-0.5862,0.1521,0.5072,-45.9595,37.7808,1.3428,t009,FJTB
2531968260,5107929,3,pelvis,terminal,-0.5067,0.1216,0.4990,-21.0571,16.2964,-7.7515,t009,FJTB
2531968292,5107945,3,pelvis,terminal,-0.5366,-0.0304,0.6127,-9.1553,-3.9062,-2.1362,t009,FJTB
2531968311,5107961,3,pelvis,terminal,-0.8845,-0.2432,0.9176,6.1646,-28.6255,21.2402,t009,FJTB
2531968312,5107977,3,pelvis,terminal,-0.9578,-0.3318,0.9207,10.4370,-23.8037,43.8843,t009,FJTB
2531968313,5107993,3,pelvis,terminal,-0.9476,-0.3734,0.8805,3.9673,-27.1606,49.5605,t009,FJTB
2531968368,5108009,3,pelvis,terminal,-0.9064,-0.2937,0.9646,-13.0005,-23.1934,39.0625,t009,FJTB
2531968369,5108025,3,pelvis,terminal,-0.8153,-0.2927,1.0607,-16.8457,-7.5073,27.5879,t009,FJTB
2531968369,5108041,3,pelvis,terminal,-0.7416,-0.3914,0.9915,-37.5366,16.4795,20.8740,t009,FJTB
2531968421,5108057,3,pelvis,terminal,-0.6205,-0.4955,0.7747,-55.4199,13.7329,27.2827,t009,FJTB
2531968422,5108073,3,pelvis,swing,-0.5574,-0.4003,0.5424,-80.7495,-2.0752,40.5273,t009,FJTB
2531968422,5108089,3,pelvis,swing,-0.5032,-0.3254,0.3733,-85.8765,-16.3574,33.9355,t009,FJTB
2531968422,5108105,3,pelvis,swing,-0.5936,-0.1328,-0.0530,-93.9941,-39.6729,23.9868,t009,FJTB
2531968484,5108121,3,pelvis,swing,-1.2258,0.0133,0.2478,-131.2866,-77.8809,2.6245,t009,FJTB
2531968485,5108137,3,pelvis,swing,-2.9141,0.1460,1.6519,-168.3960,-34.3628,-1.5259,t009,FJTB
2531968485,5108153,3,pelvis,swing,-1.1248,0.2302,0.3416,-212.4023,36.8652,34.0576,t009,FJTB
2531968486,5108169,3,pelvis,swing,-0.5726,0.4924,-0.2175,-105.5908,-43.4570,51.3916,t009,FJTB
2531968538,5108185,3,pelvis,swing,-0.8102,0.4462,-0.6301,-13.3667,-65.9180,45.8984,t009,FJTB
2531968539,5108201,3,pelvis,swing,-0.6110,0.1359,-0.6451,127.5024,-38.4521,32.1655,t009,FJTB
2531968540,5108217,3,pelvis,swing,-0.2389,-0.4955,-0.6742,140.5640,-31.8603,17.7002,t009,FJTB
2531968598,5108233,3,pelvis,swing,-0.9663,-0.9167,-0.0490,92.7124,-69.6411,10.7422,t009,FJTB
2531968599,5108249,3,pelvis,swing,-1.1886,-0.7197,0.1284,50.4150,-60.7910,29.0527,t009,FJTB
2531968599,5108265,3,pelvis,swing,-1.3069,-0.3170,0.1599,34.7900,-55.8472,25.5127,t009,FJTB
2531968599,5108281,3,pelvis,swing,-1.2699,-0.3458,0.2194,-7.2632,-53.1006,18.9819,t009,FJTB
2531968652,5108297,3,pelvis,swing,-0.9729,-0.3029,0.3070,-32.1045,-53.1616,21.6675,t009,FJTB
2531968654,5108313,3,pelvis,swing,-0.8171,-0.0676,0.3284,-58.5937,-61.0962,27.0996,t009,FJTB
2531968655,5108329,3,pelvis,swing,-0.8071,0.0913,0.3262,-36.2549,-64.6973,23.1323,t009,FJTB
2531968713,5108345,3,pelvis,swing,-0.8164,0.1382,0.2460,-14.2822,-63.1714,20.4468,t009,FJTB
2531968713,5108361,3,pelvis,swing,-0.8685,0.0361,0.2191,23.8037,-60.9131,22.5220,t009,FJTB
2531968713,5108377,3,pelvis,swing,-1.0074,-0.1328,0.1766,33.5693,-59.9976,25.3296,t009,FJTB
2531968714,5108393,3,pelvis,swing,-1.0449,-0.2001,0.1785,41.6870,-56.1523,23.1934,t009,FJTB
2531968767,5108409,3,pelvis,swing,-1.0096,-0.2272,0.1636,43.8232,-45.4712,12.8784,t009,FJTB
2531968769,5108425,3,pelvis,swing,-0.9186,-0.2506,0.1736,41.9922,-41.8701,9.0332,t009,FJTB
2531968770,5108441,3,pelvis,swing,-0.8785,-0.2562,0.1991,40.8325,-41.5039,5.1880,t009,FJTB
2531968827,5108457,3,pelvis,swing,-0.8528,-0.2504,0.2584,44.2505,-44.2505,5.7373,t009,FJTB
2531968828,5108473,3,pelvis,swing,-0.8680,-0.2504,0.2749,56.7627,-49.2554,8.2397,t009,FJTB
2531968829,5108488,3,pelvis,swing,-0.9323,-0.2810,0.2439,60.2417,-50.1099,8.9722,t009,FJTB
2531968829,5108504,3,pelvis,swing,-0.9626,-0.2866,0.1672,54.3823,-49.4995,9.9487,t009,FJTB
2531968883,5108520,3,pelvis,loading,-0.9526,-0.2767,0.1307,39.0625,-46.1426,9.8267,t009,FJTB
2531968884,5108536,3,pelvis,loading,-0.9283,-0.2566,0.0939,31.5552,-43.9453,9.0332,t009,FJTB
2531968884,5108552,3,pelvis,loading,-0.9200,-0.2400,0.0953,20.6909,-41.2598,7.5073,t009,FJTB
2531968886,5108568,3,pelvis,loading,-0.8966,-0.2003,0.0958,18.1885,-41.5039,7.2021,t009,FJTB
2531968946,5108585,3,pelvis,loading,-0.8905,-0.1705,0.0706,19.8975,-44.9219,7.3853,t009,FJTB
2531968947,5108600,3,pelvis,loading,-0.8998,-0.1566,0.0461,28.9917,-50.5371,7.8125,t009,FJTB
2531968948,5108617,3,pelvis,loading,-0.9302,-0.1338,0.0050,36.2549,-54.4434,7.9346,t009,FJTB
2531968987,5108633,3,pelvis,loading,-0.9486,-0.1473,0.0160,54.3213,-64.6973,7.3853,t009,FJTB
2531969002,5108649,3,pelvis,loading,-0.9642,-0.2748,0.1309,61.5234,-68.1152,6.6528,t009,FJTB
2531969004,5108665,3,pelvis,loading,-0.9351,-0.4059,0.2352,64.3921,-64.2700,6.0425,t009,FJTB
2531969004,5108681,3,pelvis,loading,-0.9128,-0.4177,0.2563,46.5088,-48.0957,8.3618,t009,FJTB
2531969062,5108696,3,pelvis,loading,-0.8875,-0.3740,0.2789,38.7573,-42.4805,9.2163,t009,FJTB
2531969062,5108712,3,pelvis,loading,-0.8971,-0.3373,0.2430,43.2129,-39.5508,7.9956,t009,FJTB
2531969063,5108728,3,pelvis,loading,-0.9320,-0.2062,0.0900,51.0864,-39.9170,5.5542,t009,FJTB
2531969063,5108744,3,pelvis,loading,-0.9448,-0.1626,0.0170,60.1807,-41.8701,1.7090,t009,FJTB
2531969116,5108760,3,pelvis,loading,-0.9526,-0.1945,0.0006,61.3403,-41.7480,1.3428,t009,FJTB
2531969118,5108777,3,pelvis,loading,-0.9875,-0.3002,0.0438,61.2793,-41.1377,3.0518,t009,FJTB
2531969118,5108792,3,pelvis,loading,-1.0227,-0.3387,0.1202,62.8052,-38.4521,7.6904,t009,FJTB
2531969175,5108809,3,pelvis,loading,-1.1090,-0.4257,0.3425,64.5142,-34.3018,8.7891,t009,FJTB
2531969176,5108825,3,pelvis,loading,-1.1687,-0.4659,0.4708,65.1245,-18.3716,5.0659,t009,FJTB
2531969176,5108841,3,pelvis,loading,-1.3102,-0.4227,0.7173,48.8892,10.6812,-8.3618,t009,FJTB
2531969177,5108857,3,pelvis,loading,-1.3425,-0.0648,0.9065,32.4097,28.6865,-17.1509,t009,FJTB
2531969229,5108873,3,pelvis,midstance,-1.3458,0.1781,0.9430,1.0986,74.1577,-37.9028,t009,FJTB
2531969229,5108889,3,pelvis,midstance,-1.2974,0.5199,0.6423,-1.6479,91.9189,-47.3022,t009,FJTB
2531969229,5108905,3,pelvis,midstance,-1.1891,0.4167,0.2627,35.7056,94.2993,-61.0962,t009,FJTB
2531969290,5108921,3,pelvis,midstance,-1.1567,0.2351,0.1379,118.0420,96.3745,-61.9507,t009,FJTB
2531969290,5108937,3,pelvis,midstance,-1.2417,-0.0999,-0.1061,158.9355,106.5063,-59.9976,t009,FJTB
2531969291,5108953,3,pelvis,midstance,-1.3735,-0.2052,-0.2673,189.5752,124.0234,-44.2505,t009,FJTB
2531969291,5108969,3,pelvis,midstance,-1.6261,-0.3722,-0.4796,167.3584,124.0234,-29.6020,t009,FJTB
2531969344,5108985,3,pelvis,midstance,-1.6516,-0.5060,-0.4708,83.3130,133.0566,-1.2817,t009,FJTB
2531969344,5109001,3,pelvis,midstance,-1.5037,-0.7336,-0.3744,39.1235,144.1650,9.9487,t009,FJTB
2531969347,5109017,3,pelvis,midstance,-1.1873,-0.5217,-0.3571,-28.3813,157.5928,19.5313,t009,FJTB
2531969404,5109034,3,pelvis,midstance,-1.0875,-0.3712,-0.2877,-65.9790,140.9302,5.6763,t009,FJTB
2531969404,5109050,3,pelvis,midstance,-1.0697,-0.2634,-0.1863,-76.6602,135.1929,-1.6479,t009,FJTB
2531969405,5109066,3,pelvis,midstance,-1.0658,-0.2455,-0.1816,-88.9282,127.1362,-6.2256,t009,FJTB
2531969405,5109082,3,pelvis,midstance,-1.0082,-0.1975,-0.1764,-83.7402,127.1362,-0.1831,t009,FJTB
2531969457,5109098,3,pelvis,midstance,-0.9077,-0.1744,-0.2109,-82.5195,125.6714,5.1270,t009,FJTB
2531969459,5109114,3,pelvis,midstance,-0.8739,-0.1626,-0.1830,-75.5615,119.0796,15.7471,t009,FJTB
2531969460,5109130,3,pelvis,midstance,-0.8055,-0.1553,-0.1198,-68.6035,113.2812,18.0054,t009,FJTB
2531969471,5109147,3,pelvis,midstance,-0.7187,-0.1373,-0.1240,-61.2793,97.3511,18.4326,t009,FJTB
2531969519,5109163,3,pelvis,midstance,-0.6864,-0.1432,-0.1290,-60.3638,80.9936,22.5830,t009,FJTB
2531969519,5109179,3,pelvis,midstance,-0.6683,-0.1824,-0.1132,-57.4951,74.9512,26.7334,t009,FJTB
2531969519,5109195,3,pelvis,midstance,-0.6617,-0.1694,-0.0897,-49.9268,59.2041,27.6489,t009,FJTB
2531969572,5109211,3,pelvis,midstance,-0.6763,-0.1182,0.0126,-46.9971,51.8799,24.2310,t009,FJTB
2531969573,5109227,3,pelvis,terminal,-0.6486,0.0195,0.1934,-41.6870,41.1987,20.6909,t009,FJTB
2531969573,5109243,3,pelvis,terminal,-0.6373,0.0543,0.3027,-33.8745,40.1001,17.2119,t009,FJTB
2531969576,5109259,3,pelvis,terminal,-0.6041,0.0276,0.4597,-31.6772,38.2690,18.0664,t009,FJTB
2531969636,5109275,3,pelvis,terminal,-0.5880,0.0261,0.4973,-31.9214,29.1138,17.0898,t009,FJTB
2531969637,5109291,3,pelvis,terminal,-0.5649,0.0289,0.5444,-30.3955,23.2544,14.0381,t009,FJTB
2531969637,5109307,3,pelvis,terminal,-0.5809,0.0137,0.6046,-18.8599,13.0005,9.3994,t009,FJTB
2531969655,5109322,3,pelvis,terminal,-0.6552,-0.0552,0.7192,-14.5874,10.7422,9.4604,t009,FJTB
2531969692,5109338,3,pelvis,terminal,-0.7509,-0.1899,0.7596,-23.4985,10.1318,13.1836,t009,FJTB
2531969692,5109355,3,pelvis,terminal,-0.7830,-0.2596,0.7797,-37.1704,8.8501,15.5029,t009,FJTB
2531969692,5109371,3,pelvis,terminal,-0.8142,-0.2596,0.9080,-39.2456,8.1177,16.3574,t009,FJTB
2531969753,5109387,3,pelvis,terminal,-0.8130,-0.1952,0.9669,-30.8838,13.9770,16.3574,t009,FJTB
2531969753,5109403,3,pelvis,terminal,-0.7683,-0.1586,0.9456,-23.2544,17.3950,16.2964,t009,FJTB
2531969754,5109419,3,pelvis,terminal,-0.6826,-0.2484,0.8087,-19.9585,17.9443,19.4702,t009,FJTB
2531969754,5109435,3,pelvis,terminal,-0.6411,-0.3129,0.7253,-35.4004,13.0005,23.8037,t009,FJTB
2531969807,5109451,3,pelvis,terminal,-0.5422,-0.3472,0.5844,-44.9829,10.6812,25.5127,t009,FJTB
2531969808,5109467,3,pelvis,terminal,-0.5079,-0.3494,0.5476,-64.0259,6.4697,26.4893,t009,FJTB
2531969809,5109483,3,pelvis,terminal,-0.3776,-0.2898,0.2445,-79.2847,-8.3618,31.2500,t009,FJTB
2531969867,5109499,3,pelvis,terminal,-0.5942,0.0238,0.0891,-95.1538,-73.0591,34.1797,t009,FJTB
2531969868,5109515,3,pelvis,terminal,-1.2421,0.0894,0.6202,-79.8340,-77.7588,24.4141,t009,FJTB
2531969868,5109531,3,pelvis,terminal,-2.6160,-0.0396,1.4377,-85.0830,-32.7759,24.4751,t009,FJTB
2531969868,5109547,3,pelvis,terminal,-2.2656,-0.2192,0.9662,-103.1494,3.6011,36.1328,t009,FJTB
2531969921,5109563,3,pelvis,terminal,-0.9126,0.1775,-0.2008,-97.5342,-19.9585,46.3867,t009,FJTB
2531969922,5109579,3,pelvis,swing,-0.4065,0.5488,-0.2334,-9.7046,-64.1479,54.8096,t009,FJTB
2531969922,5109595,3,pelvis,swing,-0.3687,0.4452,-0.2095,85.2661,-70.6177,23.2544,t009,FJTB
2531969929,5109611,3,pelvis,swing,-0.6351,-0.1588,-0.4117,107.6050,-71.4111,6.8359,t009,FJTB
2531969987,5109627,3,pelvis,swing,-0.8729,-0.4487,-0.3350,96.1304,-82.7026,9.3994,t009,FJTB
2531969988,5109644,3,pelvis,swing,-1.2476,-0.5654,0.1418,78.6743,-78.0640,15.9912,t009,FJTB
2531969988,5109659,3,pelvis,swing,-1.2675,-0.4561,0.2549,47.4243,-58.7769,16.7847,t009,FJTB
2531970045,5109675,3,pelvis,swing,-1.1283,-0.4878,0.2516,6.7749,-56.7627,15.2588,t009,FJTB
2531970046,5109691,3,pelvis,swing,-0.9121,-0.3905,0.2583,-19.4092,-60.1807,16.1133,t009,FJTB
2531970048,5109707,3,pelvis,swing,-0.8595,-0.2573,0.2632,-47.9126,-65.5518,19.6533,t009,FJTB
2531970048,5109723,3,pelvis,swing,-0.8070,-0.0229,0.3157,-43.3350,-63.6597,19.8364,t009,FJTB
2531970108,5109739,3,pelvis,swing,-0.7672,0.0553,0.3300,-16.9067,-53.9551,16.7847,t009,FJTB
2531970109,5109756,3,pelvis,swing,-0.8041,0.0182,0.3237,4.2725,-52.4902,16.7236,t009,FJTB
2531970109,5109772,3,pelvis,swing,-0.9518,-0.0706,0.3312,13.9160,-54.3213,17.5171,t009,FJTB
2531970109,5109788,3,pelvis,swing,-1.0164,-0.0902,0.3254,41.0156,-56.5186,15.1978,t009,FJTB
2531970165,5109804,3,pelvis,swing,-1.0436,-0.1438,0.2913,54.0161,-55.7861,12.6343,t009,FJTB
2531970168,5109819,3,pelvis,swing,-0.9513,-0.2374,0.2288,67.3828,-54.0161,8.1177,t009,FJTB
2531970169,5109835,3,pelvis,swing,-0.8951,-0.2852,0.2039,67.7490,-53.8330,5.7373,t009,FJTB
2531970169,5109851,3,pelvis,swing,-0.8239,-0.3654,0.1902,64.5142,-53.2227,5.1880,t009,FJTB
2531970229,5109867,3,pelvis,swing,-0.8220,-0.3838,0.1995,53.8940,-52.1240,6.4087,t009,FJTB
2531970230,5109883,3,pelvis,swing,-0.8804,-0.3813,0.2333,47.1191,-51.6357,7.0801,t009,FJTB
2531970230,5109899,3,pelvis,swing,-0.9161,-0.3700,0.2354,32.4097,-48.7671,7.0801,t009,FJTB
2531970285,5109915,3,pelvis,swing,-0.9520,-0.3472,0.2233,24.5972,-46.2646,6.4697,t009,FJTB
2531970286,5109931,3,pelvis,loading,-0.9431,-0.2921,0.1768,6.2256,-39.8560,5.7373,t009,FJTB
2531970286,5109947,3,pelvis,loading,-0.9323,-0.2513,0.1511,-6.7139,-37.9639,5.3101,t009,FJTB
2531970286,5109963,3,pelvis,loading,-0.9183,-0.1698,0.1158,-7.8735,-39.2456,5.7373,t009,FJTB
2531970351,5109979,3,pelvis,loading,-0.9136,-0.1219,0.1125,-2.1973,-43.7622,9.1553,t009,FJTB
2531970351,5109995,3,pelvis,loading,-0.9169,-0.0350,0.1259,4.5166,-45.8374,10.7422,t009,FJTB
2531970352,5110011,3,pelvis,loading,-0.9293,-0.0255,0.1069,26.3062,-49.5605,10.4370,t009,FJTB
2531970352,5110027,3,pelvis,loading,-0.9391,-0.0676,0.1030,47.6685,-55.7861,7.9346,t009,FJTB
2531970412,5110043,3,pelvis,loading,-0.9397,-0.1849,0.0704,54.3213,-59.9365,6.5918,t009,FJTB
2531970412,5110059,3,pelvis,loading,-0.9385,-0.2549,0.0665,59.8144,-69.2749,3.0518,t009,FJTB
2531970414,5110075,3,pelvis,loading,-0.9432,-0.3462,0.0532,56.8237,-70.1294,2.3193,t009,FJTB
2531970415,5110091,3,pelvis,loading,-0.9276,-0.3202,0.0367,47.3633,-67.4438,2.5024,t009,FJTB
2531970477,5110107,3,pelvis,loading,-0.9272,-0.3159,0.0714,50.6592,-70.6177,2.0142,t009,FJTB
2531970478,5110123,3,pelvis,loading,-0.9307,-0.2869,0.1254,51.2695,-69.0308,5.1270,t009,FJTB
2531970478,5110139,3,pelvis,loading,-0.9176,-0.2550,0.1479,46.8750,-61.0352,10.9863,t009,FJTB
2531970479,5110155,3,pelvis,loading,-0.9141,-0.2133,0.1456,46.3257,-58.6548,10.2539,t009,FJTB
2531970538,5110171,3,pelvis,loading,-0.9519,-0.1826,0.1241,48.6450,-56.0913,5.7983,t009,FJTB
2531970538,5110187,3,pelvis,loading,-0.9694,-0.1935,0.1018,52.0019,-51.5747,1.3428,t009,FJTB
2531970538,5110204,3,pelvis,loading,-0.9596,-0.2157,0.0883,55.9692,-50.2930,1.2207,t009,FJTB
2531970539,5110220,3,pelvis,loading,-0.9552,-0.2367,0.0940,69.0308,-49.2554,0.4272,t009,FJTB
2531970600,5110236,3,pelvis,loading,-1.0269,-0.3384,0.1663,75.5615,-49.8047,-0.7324,t009,FJTB
2531970601,5110252,3,pelvis,loading,-1.2014,-0.4961,0.3767,79.5898,-45.9595,-1.5869,t009,FJTB
2531970601,5110268,3,pelvis,loading,-1.3005,-0.5835,0.5259,71.4722,-32.7148,-6.2866,t009,FJTB
2531970649,5110284,3,pelvis,loading,-1.4246,-0.6409,0.8632,62.7441,-20.2637,-10.1318,t009,FJTB
2531970657,5110300,3,pelvis,loading,-1.4078,-0.5216,0.9856,33.0200,26.9775,-24.2920,t009,FJTB
2531970658,5110316,3,pelvis,midstance,-1.3042,0.0105,0.9706,18.3716,60.6079,-37.7808,t009,FJTB
2531970659,5110332,3,pelvis,midstance,-1.1658,0.4329,0.5487,6.8359,114.0747,-56.2134,t009,FJTB
2531970665,5110348,3,pelvis,midstance,-1.0944,0.4364,0.2954,36.6211,103.8818,-61.5845,t009,FJTB
2531970725,5110364,3,pelvis,midstance,-1.1537,-0.0402,-0.0764,59.9976,91.6748,-57.7393,t009,FJTB
2531970725,5110380,3,pelvis,midstance,-1.2289,-0.1718,-0.1979,102.2339,92.4683,-31.9824,t009,FJTB
2531970726,5110396,3,pelvis,midstance,-1.4539,-0.1328,-0.3442,119.1406,100.8911,-23.3154,t009,FJTB
2531970784,5110412,3,pelvis,midstance,-1.6144,-0.1854,-0.5101,112.7319,121.6431,-11.7187,t009,FJTB
2531970786,5110428,3,pelvis,midstance,-1.5769,-0.2618,-0.4948,54.7485,144.2871,7.0190,t009,FJTB
2531970787,5110444,3,pelvis,midstance,-1.3396,-0.3801,-0.3987,27.5879,155.7007,13.9770,t009,FJTB
2531970787,5110460,3,pelvis,midstance,-1.2181,-0.3652,-0.3044,-14.2822,158.8135,16.4795,t009,FJTB
2531970848,5110477,3,pelvis,midstance,-1.0676,-0.3499,-0.1802,-28.1372,153.6255,10.0708,t009,FJTB
2531970849,5110493,3,pelvis,midstance,-1.0002,-0.3929,-0.2577,-49.8657,131.8359,0.7324,t009,FJTB
2531970849,5110509,3,pelvis,midstance,-0.9827,-0.3538,-0.2961,-74.2798,110.7788,-0.5493,t009,FJTB
2531970850,5110525,3,pelvis,midstance,-0.9919,-0.2455,-0.2892,-84.2895,106.3843,-0.9766,t009,FJTB
2531970910,5110542,3,pelvis,midstance,-1.0068,-0.2332,-0.2656,-100.1587,106.1401,3.9062,t009,FJTB
2531970911,5110558,3,pelvis,midstance,-0.9630,-0.2386,-0.2572,-107.9101,110.7788,9.0332,t009,FJTB
2531970911,5110574,3,pelvis,midstance,-0.8733,-0.2369,-0.1907,-123.7793,114.7461,17.0898,t009,FJTB
2531970912,5110590,3,pelvis,midstance,-0.8379,-0.2037,-0.1329,-124.5117,105.4687,23.3765,t009,FJTB
2531970974,5110606,3,pelvis,midstance,-0.7384,-0.0814,-0.0638,-114.0137,97.6562,25.8789,t009,FJTB
2531970974,5110622,3,pelvis,midstance,-0.6946,-0.0634,-0.0485,-80.3833,77.5757,31.7383,t009,FJTB
2531970974,5110638,3,pelvis,midstance,-0.6704,-0.0901,-0.0195,-65.6128,67.3218,35.3394,t009,FJTB
2531970975,5110654,3,pelvis,midstance,-0.6951,-0.1024,-0.0070,-48.2178,48.1567,35.4614,t009,FJTB
2531971033,5110670,3,pelvis,midstance,-0.7120,-0.1112,0.0190,-42.5415,32.1045,31.9214,t009,FJTB
2531971034,5110686,3,pelvis,terminal,-0.7273,-0.0676,0.1023,-40.7715,28.9307,30.2734,t009,FJTB
2531971034,5110702,3,pelvis,terminal,-0.7067,-0.0424,0.1157,-42.1753,25.0854,27.2827,t009,FJTB
2531971035,5110718,3,pelvis,terminal,-0.6299,0.0347,0.1718,-44.7388,20.0806,26.3062,t009,FJTB
2531971100,5110734,3,pelvis,terminal,-0.5922,0.0801,0.2886,-42.1753,10.1318,20.2637,t009,FJTB
2531971100,5110750,3,pelvis,terminal,-0.5939,0.0530,0.3602,-25.9399,7.0190,10.6812,t009,FJTB
2531971101,5110766,3,pelvis,terminal,-0.6370,-0.0959,0.5190,-15.3198,9.3994,8.4229,t009,FJTB
2531971101,5110782,3,pelvis,terminal,-0.6525,-0.1766,0.5580,7.3242,18.1274,13.6719,t009,FJTB
2531971160,5110798,3,pelvis,terminal,-0.7462,-0.2600,0.7231,13.2446,18.9819,20.5078,t009,FJTB
2531971161,5110814,3,pelvis,terminal,-0.8165,-0.2415,0.9021,10.4980,20.9961,33.7524,t009,FJTB
2531971162,5110829,3,pelvis,terminal,-0.7439,-0.1759,1.0313,10.8032,20.8740,35.3394,t009,FJTB
2531971163,5110845,3,pelvis,terminal,-0.7625,-0.0662,1.1488,13.6108,6.8359,25.6958,t009,FJTB
2531971225,5110861,3,pelvis,terminal,-0.8384,-0.0511,1.2122,33.9966,8.4839,16.7847,t009,FJTB
2531971226,5110877,3,pelvis,terminal,-0.8406,-0.2538,1.1107,43.5791,16.7847,19.2871,t009,FJTB
2531971227,5110893,3,pelvis,terminal,-0.7405,-0.3673,0.9816,27.4048,25.2686,29.2969,t009,FJTB
2531971227,5110909,3,pelvis,terminal,-0.7468,-0.5951,0.7688,1.2817,22.7661,32.4707,t009,FJTB
2531971284,5110925,3,pelvis,swing,-0.6226,-0.5219,0.5319,-54.5654,14.4653,39.9780,t009,FJTB
2531971284,5110941,3,pelvis,swing,-0.5657,-0.5284,0.4115,-84.4726,10.8643,41.2598,t009,FJTB
2531971284,5110957,3,pelvis,swing,-0.3905,-0.5052,-0.0472,-102.6611,8.1177,39.7339,t009,FJTB
2531971290,5110973,3,pelvis,swing,-0.4886,-0.3900,-0.3427,-150.8179,-51.7578,28.7476,t009,FJTB
2531971354,5110989,3,pelvis,swing,-2.3214,-0.0212,1.1600,-188.4765,-77.2705,17.4561,t009,FJTB
2531971355,5111005,3,pelvis,swing,-2.5176,-0.4061,1.4548,-271.0571,39.3066,26.9165,t009,FJTB
2531971355,5111021,3,pelvis,swing,-1.2650,-0.1021,0.4086,-289.0015,-9.1553,62.5000,t009,FJTB
2531971356,5111037,3,pelvis,swing,-0.5902,0.9788,-0.6709,-241.9433,-58.2275,56.8848,t009,FJTB
2531971418,5111053,3,pelvis,swing,-0.7773,1.0480,-0.6404,-25.5127,-76.2329,53.6499,t009,FJTB
2531971419,5111069,3,pelvis,swing,-0.1807,0.5940,-0.2717,88.3179,-46.9971,45.6543,t009,FJTB
2531971420,5111085,3,pelvis,swing,-0.1398,0.1119,-0.3607,189.7583,-17.5781,-5.3101,t009,FJTB
2531971420,5111101,3,pelvis,swing,-0.6942,-0.7600,-0.1461,181.5796,-57.9224,3.9062,t009,FJTB
2531971486,5111117,3,pelvis,swing,-1.2235,-0.5977,0.0409,171.5088,-63.9038,10.1318,t009,FJTB
2531971486,5111133,3,pelvis,swing,-1.5502,-0.5891,0.1127,119.3848,-61.5845,0.9766,t009,FJTB
2531971486,5111149,3,pelvis,swing,-1.4496,-0.6422,0.3080,70.4956,-55.6030,3.7231,t009,FJTB
2531971487,5111165,3,pelvis,swing,-1.1033,-0.5378,0.2858,-25.5737,-58.8379,16.2354,t009,FJTB
2531971549,5111181,3,pelvis,swing,-0.7336,-0.2876,0.2026,-47.1191,-64.8193,20.3857,t009,FJTB
2531971551,5111197,3,pelvis,swing,-0.7047,-0.0918,0.1544,-42.1753,-66.4673,19.5313,t009,FJTB
2531971552,5111213,3,pelvis,swing,-0.7252,0.0078,0.2660,-4.3945,-44.1284,6.2256,t009,FJTB
2531971552,5111229,3,pelvis,swing,-0.7767,0.0171,0.1022,15.3809,-25.0854,-10.5591,t009,FJTB
2531971617,5111245,3,pelvis,swing,-0.8706,-0.1877,-0.0579,20.5078,-62.9272,-1.7700,t009,FJTB
2531971618,5111261,3,pelvis,swing,-1.1317,-0.1228,0.2615,21.1792,-88.2568,18.6768,t009,FJTB
2531971619,5111277,3,pelvis,swing,-1.0173,-0.0953,0.3467,46.3867,-89.4165,29.3579,t009,FJTB
2531971619,5111293,3,pelvis,swing,-0.9388,-0.1493,0.2495,54.6875,-74.0356,4.4556,t009,FJTB
2531971681,5111309,3,pelvis,swing,-0.8997,-0.2671,0.2579,50.0488,-76.5991,4.2114,t009,FJTB
2531971683,5111325,3,pelvis,swing,-0.8501,-0.2810,0.2168,57.3730,-70.7397,5.1880,t009,FJTB
2531971684,5111341,3,pelvis,swing,-0.8445,-0.2946,0.1927,56.2744,-75.1343,5.0659,t009,FJTB
2531971684,5111357,3,pelvis,swing,-0.9232,-0.2366,0.2205,46.8750,-76.4771,5.9814,t009,FJTB
2531971747,5111373,3,pelvis,swing,-0.9507,-0.2205,0.2058,33.8135,-68.4814,4.5776,t009,FJTB
2531971748,5111389,3,pelvis,swing,-0.9808,-0.2322,0.1647,25.9399,-62.4390,3.4180,t009,FJTB
2531971748,5111405,3,pelvis,loading,-0.9762,-0.2412,0.1526,13.3667,-51.6357,1.7700,t009,FJTB
2531971749,5111420,3,pelvis,loading,-0.9125,-0.2075,0.1455,11.7187,-49.5605,1.1597,t009,FJTB
2531971807,5111436,3,pelvis,loading,-0.8873,-0.1802,0.1646,16.8457,-55.5420,1.0376,t009,FJTB
2531971807,5111452,3,pelvis,loading,-0.8821,-0.1229,0.1637,21.2402,-59.4482,1.9531,t009,FJTB
2531971810,5111468,3,pelvis,loading,-0.9286,-0.1068,0.1107,35.2783,-66.2842,4.8828,t009,FJTB
2531971810,5111484,3,pelvis,loading,-0.9344,-0.1270,0.0878,53.4058,-74.2798,6.8359,t009,FJTB
2531971872,5111500,3,pelvis,loading,-0.9271,-0.1996,0.0322,61.2183,-78.5522,6.4087,t009,FJTB
2531971873,5111516,3,pelvis,loading,-0.9408,-0.2441,0.0237,68.7256,-82.4585,4.1504,t009,FJTB
2531971873,5111532,3,pelvis,loading,-0.9424,-0.2977,0.0548,66.7725,-78.3081,3.9062,t009,FJTB
2531971873,5111548,3,pelvis,loading,-0.9135,-0.3622,0.1416,62.1948,-66.7725,2.4414,t009,FJTB
2531971932,5111564,3,pelvis,loading,-0.9196,-0.3713,0.1871,57.1289,-56.0913,4.6997,t009,FJTB
2531971934,5111581,3,pelvis,loading,-0.9440,-0.2957,0.2473,54.1992,-51.3916,7.5684,t009,FJTB
2531971935,5111597,3,pelvis,loading,-0.9424,-0.2306,0.2390,59.6313,-48.1567,9.0332,t009,FJTB
2531971935,5111612,3,pelvis,loading,-0.9355,-0.1599,0.1655,69.6411,-49.1333,6.1646,t009,FJTB
2531971998,5111628,3,pelvis,loading,-0.9814,-0.2450,0.1000,88.2568,-48.4009,0.0000,t009,FJTB
2531971999,5111644,3,pelvis,loading,-1.0133,-0.3369,0.0756,93.3227,-47.4853,-1.6479,t009,FJTB
2531971999,5111661,3,pelvis,loading,-1.1709,-0.6178,0.1648,93.4448,-49.0723,-2.6855,t009,FJTB
2531972000,5111677,3,pelvis,loading,-1.3024,-0.7480,0.2787,84.2285,-37.9028,-3.6011,t009,FJTB
2531972060,5111693,3,pelvis,loading,-1.3287,-0.6625,0.4296,69.5190,-24.7803,-3.4790,t009,FJTB
2531972061,5111709,3,pelvis,midstance,-1.2831,-0.4365,0.5732,33.3862,-4.3335,-11.8408,t009,FJTB
2531972061,5111725,3,pelvis,midstance,-1.3594,-0.3021,0.7081,-2.5024,20.3247,-25.2686,t009,FJTB
2531972062,5111741,3,pelvis,midstance,-1.4661,0.0175,0.8412,-15.0146,46.7529,-32.6538,t009,FJTB
2531972130,5111757,3,pelvis,midstance,-1.4210,0.1650,0.7434,-22.3999,100.8301,-34.5459,t009,FJTB
2531972131,5111773,3,pelvis,midstance,-1.2189,0.3948,0.5039,-16.3574,112.7930,-32.5928,t009,FJTB
2531972131,5111789,3,pelvis,midstance,-1.1718,0.1980,0.2314,24.2310,113.0371,-38.6353,t009,FJTB
2531972131,5111805,3,pelvis,midstance,-1.2209,0.0383,0.0481,88.8672,112.7319,-32.2876,t009,FJTB
2531972195,5111821,3,pelvis,midstance,-1.3850,0.0275,-0.2866,119.0796,115.2954,-25.2686,t009,FJTB
2531972195,5111837,3,pelvis,midstance,-1.4585,0.1051,-0.4077,143.9209,125.8545,-17.3950,t009,FJTB
2531972195,5111853,3,pelvis,midstance,-1.5938,0.0221,-0.4338,133.7891,132.2021,-12.0850,t009,FJTB
2531972196,5111869,3,pelvis,midstance,-1.5204,-0.2234,-0.4781,77.4536,155.2124,8.3008,t009,FJTB
2531972261,5111885,3,pelvis,midstance,-1.3772,-0.2141,-0.4730,15.6860,163.8794,17.6392,t009,FJTB
2531972261,5111901,3,pelvis,midstance,-1.2083,-0.1377,-0.1929,-1.5869,164.1235,14.0991,t009,FJTB
2531972262,5111917,3,pelvis,midstance,-1.1757,-0.1901,-0.1311,-2.3193,168.3960,5.4932,t009,FJTB
2531972262,5111933,3,pelvis,midstance,-1.0557,-0.3124,-0.2909,-2.6855,163.2690,6.1646,t009,FJTB
2531972322,5111949,3,pelvis,midstance,-0.9816,-0.2938,-0.3351,-23.5596,143.8599,10.4980,t009,FJTB
2531972322,5111965,3,pelvis,midstance,-0.8994,-0.2198,-0.3167,-50.7202,133.1787,15.5029,t009,FJTB
2531972323,5111981,3,pelvis,terminal,-0.8601,-0.1992,-0.3158,-63.7817,130.9814,18.7378,t009,FJTB
2531972323,5111997,3,pelvis,terminal,-0.8298,-0.2094,-0.3173,-91.0644,122.6807,22.1558,t009,FJTB
2531972394,5112013,3,pelvis,terminal,-0.7618,-0.2235,-0.2893,-103.8208,115.2954,21.4844,t009,FJTB
2531972395,5112030,3,pelvis,terminal,-0.6835,-0.1268,-0.2434,-119.3237,96.8628,18.4937,t009,FJTB
2531972396,5112046,3,pelvis,terminal,-0.6488,-0.0663,-0.2217,-104.2480,75.8057,17.0288,t009,FJTB
2531972396,5112062,3,pelvis,terminal,-0.6110,-0.0122,-0.1063,-86.9141,65.3076,19.6533,t009,FJTB
2531972396,5112078,3,pelvis,terminal,-0.5857,0.0176,-0.0861,-37.5366,48.8892,25.5127,t009,FJTB
2531972460,5112094,3,pelvis,terminal,-0.5288,0.0127,-0.1072,-12.5732,34.3628,21.2402,t009,FJTB
2531972461,5112110,3,pelvis,terminal,-0.5333,-0.0283,-0.0594,19.7754,6.4697,11.7798,t009,FJTB
2531972463,5112126,3,pelvis,terminal,-0.5394,-0.0402,0.0144,38.3301,-1.4648,6.9580,t009,FJTB
2531972463,5112142,3,pelvis,terminal,-0.5498,-0.0139,0.0302,39.7949,-5.3711,4.7607,t009,FJTB
2531972529,5112158,3,pelvis,terminal,-0.5858,-0.0078,0.0927,27.3437,-12.1460,1.7700,t009,FJTB
2531972529,5112174,3,pelvis,terminal,-0.6342,-0.0554,0.3229,19.1040,-10.9253,0.9766,t009,FJTB
2531972530,5112190,3,pelvis,terminal,-0.6658,-0.1189,0.5050,6.8359,-9.8877,3.5400,t009,FJTB
2531972530,5112206,3,pelvis,terminal,-0.9052,-0.2316,1.1652,-8.7280,1.8311,19.1040,t009,FJTB
2531972591,5112222,3,pelvis,terminal,-0.8137,-0.2106,1.3810,-13.6719,10.0708,22.0337,t009,FJTB
2531972593,5112238,3,pelvis,terminal,-0.7008,-0.1729,1.3031,-30.7617,-1.8311,11.7187,t009,FJTB
2531972594,5112254,3,pelvis,terminal,-0.8616,-0.0342,1.3711,-34.9731,-8.1177,4.5776,t009,FJTB
2531972594,5112270,3,pelvis,terminal,-1.0176,-0.0211,1.4534,-15.5640,8.3618,3.7842,t009,FJTB
2531972659,5112286,3,pelvis,terminal,-0.9697,-0.2172,1.3003,-4.0283,21.7285,9.6436,t009,FJTB
2531972659,5112303,3,pelvis,terminal,-0.7571,-0.3560,0.9974,-7.4463,34.3018,18.7988,t009,FJTB
2531972659,5112319,3,pelvis,terminal,-0.7197,-0.4255,0.8458,-24.4751,35.0342,17.0288,t009,FJTB
2531972660,5112335,3,pelvis,terminal,-0.6743,-0.5906,0.5405,-36.6821,31.5552,21.1792,t009,FJTB
2531972720,5112350,3,pelvis,terminal,-0.5756,-0.5991,0.3683,-88.0737,10.9863,33.9355,t009,FJTB
2531972720,5112366,3,pelvis,swing,-0.2869,-0.4631,-0.4055,-120.1172,-18.9209,34.9121,t009,FJTB
2531972721,5112382,3,pelvis,swing,-0.9358,-0.1288,-0.2380,-147.1558,-103.0884,24.3530,t009,FJTB
2531972721,5112399,3,pelvis,swing,-1.6077,-0.0773,0.5179,-161.0107,-34.3018,4.9438,t009,FJTB
2531972793,5112415,3,pelvis,swing,-2.1766,-0.3872,1.3523,-181.2134,47.7295,15.6250,t009,FJTB
2531972793,5112431,3,pelvis,swing,-1.6653,-0.3954,0.8827,-220.8252,45.8984,68.7866,t009,FJTB
2531972793,5112446,3,pelvis,swing,-0.8451,0.7097,-0.1757,-208.8013,-23.4985,79.5288,t009,FJTB
2531972794,5112463,3,pelvis,swing,-0.7645,1.1792,-0.3501,-76.1108,-85.8765,75.3174,t009,FJTB
2531972849,5112479,3,pelvis,swing,-0.5629,0.9698,-0.1931,91.5527,-50.7202,40.5884,t009,FJTB
2531972860,5112495,3,pelvis,swing,-0.4447,0.2218,-0.1571,147.2168,-36.7432,18.3716,t009,FJTB
2531972861,5112511,3,pelvis,swing,-0.6544,-0.2990,-0.1917,182.9834,-49.6216,-9.4604,t009,FJTB
2531972861,5112527,3,pelvis,swing,-1.1776,-1.0225,-0.0815,174.6216,-59.2041,-4.8218,t009,FJTB
2531972862,5112543,3,pelvis,swing,-1.4126,-1.0397,-0.0304,117.6147,-58.9600,13.0615,t009,FJTB
2531972929,5112559,3,pelvis,swing,-1.2446,-0.9489,0.0510,22.3999,-55.0537,19.4092,t009,FJTB
2531972929,5112576,3,pelvis,swing,-0.9045,-0.6262,0.1248,-23.1934,-60.1196,19.0430,t009,FJTB
2531972930,5112592,3,pelvis,swing,-0.8704,-0.3956,0.1390,-76.7212,-74.0356,20.6299,t009,FJTB
2531972930,5112608,3,pelvis,swing,-0.9089,0.0743,0.2310,-62.3779,-74.7681,20.9961,t009,FJTB
2531972996,5112624,3,pelvis,swing,-0.8723,0.2992,0.2349,-36.4990,-71.7163,18.7378,t009,FJTB
2531972996,5112640,3,pelvis,swing,-0.8712,0.2745,0.2010,12.7563,-71.2891,18.2495,t009,FJTB
2531972997,5112656,3,pelvis,swing,-0.9614,0.0815,0.1775,31.1890,-72.3877,19.7754,t009,FJTB
2531972998,5112672,3,pelvis,swing,-0.9893,-0.0038,0.1709,60.4248,-73.2422,16.6626,t009,FJTB
2531973066,5112688,3,pelvis,swing,-1.0289,-0.1671,0.1598,69.6411,-72.8149,11.7187,t009,FJTB
2531973067,5112704,3,pelvis,swing,-1.0067,-0.3008,0.1418,68.9087,-70.6177,7.6294,t009,FJTB
2531973067,5112720,3,pelvis,swing,-0.9415,-0.3143,0.1494,57.2510,-68.9697,8.0566,t009,FJTB
2531973068,5112736,3,pelvis,swing,-0.8300,-0.3370,0.1920,54.0771,-66.4673,7.5684,t009,FJTB
2531973131,5112752,3,pelvis,swing,-0.8165,-0.3348,0.2028,52.3682,-62.1338,8.2397,t009,FJTB
2531973132,5112768,3,pelvis,loading,-0.8713,-0.3048,0.2520,52.0019,-62.1338,8.4229,t009,FJTB
2531973132,5112784,3,pelvis,loading,-0.9287,-0.2531,0.2677,48.7061,-58.9600,7.6904,t009,FJTB
2531973133,5112800,3,pelvis,loading,-0.9390,-0.2363,0.2517,42.4805,-53.3447,5.6763,t009,FJTB
2531973133,5112816,3,pelvis,loading,-0.9403,-0.2731,0.1997,39.3066,-53.2837,4.8218,t009,FJTB
2531973201,5112832,3,pelvis,loading,-0.9357,-0.2985,0.1656,31.0669,-55.1147,6.4697,t009,FJTB
2531973202,5112848,3,pelvis,loading,-0.8987,-0.2847,0.0957,27.5879,-57.2510,7.6904,t009,FJTB
2531973202,5112864,3,pelvis,loading,-0.9020,-0.2550,0.0769,23.3154,-59.1431,10.5591,t009,FJTB
2531973202,5112880,3,pelvis,loading,-0.9005,-0.2240,0.0562,24.4751,-58.3496,13.5498,t009,FJTB
2531973263,5112895,3,pelvis,loading,-0.9081,-0.2020,0.1053,28.6865,-60.3027,12.9395,t009,FJTB
2531973266,5112911,3,pelvis,loading,-0.8961,-0.2300,0.1526,33.9355,-60.7910,13.5498,t009,FJTB
2531973266,5112927,3,pelvis,loading,-0.8865,-0.2893,0.2032,34.7290,-57.3120,12.5732,t009,FJTB
2531973266,5112944,3,pelvis,loading,-0.9037,-0.3329,0.1744,35.2173,-51.2085,6.7749,t009,FJTB
2531973332,5112960,3,pelvis,loading,-0.9725,-0.4287,0.1886,38.5132,-49.5605,6.4697,t009,FJTB
2531973332,5112976,3,pelvis,loading,-0.9895,-0.3478,0.1038,41.8701,-45.9595,7.7515,t009,FJTB
2531973332,5112992,3,pelvis,loading,-0.9933,-0.2335,0.0369,45.2270,-41.8091,6.9580,t009,FJTB
2531973332,5113008,3,pelvis,loading,-0.9714,-0.0806,-0.0295,45.7153,-41.1987,5.9814,t009,FJTB
2531973393,5113024,3,pelvis,loading,-0.9502,-0.0563,-0.0386,52.2461,-43.5181,5.9204,t009,FJTB
2531973394,5113040,3,pelvis,loading,-0.9634,-0.0929,0.0394,69.5801,-43.2129,1.5259,t009,FJTB
2531973394,5113056,3,pelvis,loading,-0.9751,-0.2645,0.1313,78.4302,-42.3584,-1.0376,t009,FJTB
2531973395,5113072,3,pelvis,loading,-1.0165,-0.3983,0.1810,84.0454,-43.3960,-3.0518,t009,FJTB
2531973459,5113088,3,pelvis,midstance,-1.1517,-0.5950,0.3395,79.7119,-40.6494,-3.7231,t009,FJTB
2531973459,5113104,3,pelvis,midstance,-1.1813,-0.6067,0.4319,60.0586,-24.3530,-7.5684,t009,FJTB
2531973459,5113120,3,pelvis,midstance,-1.2185,-0.4757,0.5902,26.7334,-4.6387,-14.4043,t009,FJTB
2531973460,5113137,3,pelvis,midstance,-1.2681,-0.1823,0.8186,6.6528,7.2632,-17.9443,t009,FJTB
2531973520,5113153,3,pelvis,midstance,-1.3246,-0.0156,0.9480,-23.9868,44.6167,-32.7759,t009,FJTB
2531973521,5113169,3,pelvis,midstance,-1.4139,0.2557,0.8610,-25.2075,70.3735,-44.2505,t009,FJTB
2531973523,5113185,3,pelvis,midstance,-1.2634,0.3036,0.4290,12.3291,98.9990,-56.5796,t009,FJTB
2531973523,5113201,3,pelvis,midstance,-1.1959,0.2078,0.2871,89.0503,101.7456,-57.7393,t009,FJTB
2531973587,5113217,3,pelvis,midstance,-1.3362,-0.2119,-0.1154,131.7749,108.7036,-56.2744,t009,FJTB
2531973587,5113233,3,pelvis,midstance,-1.4580,-0.2822,-0.3129,166.9922,119.0796,-34.4849,t009,FJTB
2531973588,5113249,3,pelvis,midstance,-1.6160,-0.2034,-0.4207,152.2827,120.8496,-19.2261,t009,FJTB
2531973588,5113265,3,pelvis,midstance,-1.6508,-0.2378,-0.4047,89.6606,138.7939,3.7842,t009,FJTB
2531973649,5113281,3,pelvis,midstance,-1.5327,-0.4385,-0.4095,53.6499,151.2451,13.4277,t009,FJTB
2531973651,5113297,3,pelvis,midstance,-1.2860,-0.3754,-0.3258,-6.0425,165.7715,22.2168,t009,FJTB
2531973651,5113313,3,pelvis,midstance,-1.1819,-0.3116,-0.2548,-36.8652,161.8652,10.8032,t009,FJTB
2531973652,5113329,3,pelvis,midstance,-1.1080,-0.2551,-0.2083,-44.3726,152.7710,5.5542,t009,FJTB
2531973716,5113345,3,pelvis,midstance,-1.0959,-0.2555,-0.2356,-62.3169,138.9160,5.9204,t009,FJTB
2531973716,5113361,3,pelvis,midstance,-1.0416,-0.2689,-0.2802,-69.8853,135.3149,9.7656,t009,FJTB
2531973717,5113377,3,pelvis,midstance,-0.9443,-0.2600,-0.3267,-80.7495,136.5356,18.0054,t009,FJTB
2531973778,5113393,3,pelvis,midstance,-0.9030,-0.2460,-0.3275,-99.3042,132.7515,23.9868,t009,FJTB
2531973779,5113409,3,pelvis,terminal,-0.8129,-0.2487,-0.3280,-109.8022,129.1504,24.1699,t009,FJTB
2531973779,5113425,3,pelvis,terminal,-0.7502,-0.2368,-0.3171,-129.0894,114.1968,20.2026,t009,FJTB
2531973779,5113441,3,pelvis,terminal,-0.6732,-0.1560,-0.2527,-131.3477,103.8208,18.0054,t009,FJTB
2531973780,5113457,3,pelvis,terminal,-0.6810,-0.1337,-0.1436,-116.2109,84.7168,24.0478,t009,FJTB
2531973851,5113473,3,pelvis,terminal,-0.6801,-0.1177,-0.1183,-80.4443,71.4722,40.5273,t009,FJTB
2531973852,5113489,3,pelvis,terminal,-0.6643,-0.1139,-0.1002,-60.1807,61.3403,40.7715,t009,FJTB
2531973852,5113505,3,pelvis,terminal,-0.6683,-0.1262,-0.0856,-38.3911,41.5039,35.7666,t009,FJTB
2531973853,5113521,3,pelvis,terminal,-0.6285,0.0023,0.0129,-40.1611,34.8511,35.0952,t009,FJTB
2531973854,5113537,3,pelvis,terminal,-0.5657,0.1147,0.3099,-56.9458,26.4893,39.1235,t009,FJTB
2531973916,5113553,3,pelvis,terminal,-0.5303,0.0444,0.4769,-60.8520,29.2969,36.4990,t009,FJTB
2531973918,5113569,3,pelvis,terminal,-0.5029,-0.0377,0.6667,-59.4482,28.6865,26.7944,t009,FJTB
2531973919,5113585,3,pelvis,terminal,-0.5511,0.0261,0.8158,-57.8613,15.9912,7.2021,t009,FJTB
2531973920,5113601,3,pelvis,terminal,-0.7039,0.0883,0.9894,-59.2041,17.2119,1.2207,t009,FJTB
2531973985,5113617,3,pelvis,terminal,-0.7408,0.0149,0.9419,-59.9365,26.6724,2.6855,t009,FJTB
2531973985,5113633,3,pelvis,terminal,-0.7719,-0.1104,0.8280,-52.2461,26.1841,9.7046,t009,FJTB
2531973985,5113649,3,pelvis,terminal,-0.7930,-0.0688,0.8500,-20.0195,15.9912,21.2402,t009,FJTB
2531973986,5113665,3,pelvis,terminal,-0.7933,-0.0139,0.8990,9.5825,9.7046,16.6016,t009,FJTB
2531974046,5113681,3,pelvis,terminal,-0.7236,-0.0201,0.8730,19.5313,11.9629,11.5356,t009,FJTB
2531974046,5113697,3,pelvis,terminal,-0.6753,-0.0967,0.8021,24.4751,13.0615,10.2539,t009,FJTB
2531974047,5113712,3,pelvis,swing,-0.6426,-0.3099,0.6753,18.5547,9.7656,13.9770,t009,FJTB
2531974047,5113728,3,pelvis,swing,-0.6295,-0.4242,0.6693,-10.0708,8.8501,21.9116,t009,FJTB
2531974118,5113744,3,pelvis,swing,-0.5944,-0.4968,0.5667,-61.2793,-6.4087,23.8647,t009,FJTB
2531974118,5113760,3,pelvis,swing,-1.0637,-0.5066,0.6958,-93.1396,-26.4893,26.8555,t009,FJTB
2531974119,5113776,3,pelvis,swing,-1.5585,-0.3643,0.9581,-134.7656,-36.9873,22.4609,t009,FJTB
2531974119,5113792,3,pelvis,swing,-1.6172,-0.1075,0.6245,-161.1328,-29.3579,25.6348,t009,FJTB
2531974181,5113809,3,pelvis,swing,-0.8895,0.3481,-0.4152,-165.0390,-41.1377,42.4805,t009,FJTB
2531974183,5113825,3,pelvis,swing,-0.8621,0.5586,-0.2911,-66.7114,-77.2095,69.1528,t009,FJTB
2531974184,5113841,3,pelvis,swing,-0.5129,0.5576,0.0240,-0.8545,-71.8384,67.2607,t009,FJTB
2531974185,5113857,3,pelvis,swing,-0.4760,0.3070,-0.0986,82.3364,-59.9976,29.4800,t009,FJTB
2531974251,5113873,3,pelvis,swing,-0.9365,-0.3115,-0.2067,99.7925,-69.5190,17.9443,t009,FJTB
2531974252,5113889,3,pelvis,swing,-1.4104,-0.4736,0.1976,101.0132,-78.3691,21.1792,t009,FJTB
2531974253,5113905,3,pelvis,swing,-1.3992,-0.4691,0.2620,68.2373,-59.2651,19.4092,t009,FJTB
2531974253,5113921,3,pelvis,swing,-0.9469,-0.6310,0.1545,45.7764,-56.4575,18.4937,t009,FJTB
2531974303,5113937,3,pelvis,swing,-0.8265,-0.6921,0.1248,-8.3008,-66.8335,23.1323,t009,FJTB
2531974316,5113953,3,pelvis,swing,-0.8020,-0.4427,0.1788,-34.4849,-71.2280,26.6724,t009,FJTB
2531974318,5113969,3,pelvis,swing,-0.8054,-0.0502,0.2877,-54.8706,-71.8994,27.0996,t009,FJTB
2531974319,5113985,3,pelvis,swing,-0.8302,0.0447,0.3256,-32.3486,-67.8101,21.4844,t009,FJTB
2531974319,5114001,3,pelvis,swing,-0.9297,0.0068,0.3286,-17.8833,-66.1011,20.0806,t009,FJTB
2531974385,5114017,3,pelvis,swing,-0.9823,-0.0490,0.3253,4.9438,-63.4155,21.8506,t009,FJTB
2531974386,5114033,3,pelvis,swing,-1.0176,-0.0712,0.3242,15.1978,-62.3779,22.9492,t009,FJTB
2531974386,5114049,3,pelvis,swing,-0.9711,-0.1000,0.2825,38.5742,-62.4390,21.6064,t009,FJTB
2531974387,5114065,3,pelvis,swing,-0.9561,-0.1362,0.2338,56.5186,-63.1103,16.4185,t009,FJTB
2531974449,5114081,3,pelvis,swing,-0.9144,-0.1781,0.1555,60.5469,-62.9272,14.0381,t009,FJTB
2531974450,5114097,3,pelvis,loading,-0.8668,-0.2062,0.1376,68.4204,-60.3027,7.0801,t009,FJTB
2531974450,5114113,3,pelvis,loading,-0.8406,-0.2848,0.0962,70.1904,-61.7065,3.9673,t009,FJTB
2531974451,5114129,3,pelvis,loading,-0.8767,-0.3024,0.0934,62.4390,-68.6646,3.8452,t009,FJTB
2531974519,5114145,3,pelvis,loading,-0.9713,-0.3004,0.0906,44.7388,-71.4722,5.5542,t009,FJTB
2531974520,5114161,3,pelvis,loading,-1.0024,-0.2667,0.0867,34.7900,-70.4956,4.9438,t009,FJTB
2531974520,5114177,3,pelvis,loading,-0.9871,-0.2576,0.0952,14.8926,-65.7349,3.2349,t009,FJTB
2531974520,5114193,3,pelvis,loading,-0.9312,-0.2223,0.1074,6.7139,-64.5752,2.9297,t009,FJTB
2531974582,5114209,3,pelvis,loading,-0.9102,-0.2021,0.1105,-1.7090,-68.9087,3.5400,t009,FJTB
2531974584,5114225,3,pelvis,loading,-0.8986,-0.1846,0.0908,-0.3662,-74.2188,4.6997,t009,FJTB
2531974585,5114241,3,pelvis,loading,-0.9501,-0.1951,0.0997,8.5449,-83.7402,9.7656,t009,FJTB
2531974585,5114257,3,pelvis,loading,-0.9641,-0.1653,0.1074,14.8926,-83.5571,16.1743,t009,FJTB
2531974649,5114273,3,pelvis,loading,-0.9246,-0.0735,0.1545,18.7378,-81.4819,17.2119,t009,FJTB
2531974650,5114289,3,pelvis,loading,-0.8912,-0.0656,0.1727,30.7007,-78.1250,15.1367,t009,FJTB
2531974650,5114305,3,pelvis,loading,-0.8960,-0.1813,0.1859,37.9028,-79.5898,12.1460,t009,FJTB
2531974650,5114321,3,pelvis,loading,-0.9521,-0.4075,0.1527,49.3164,-78.0640,5.1270,t009,FJTB
2531974695,5114337,3,pelvis,loading,-0.9641,-0.4674,0.1047,58.5327,-66.2231,6.8970,t009,FJTB
2531974710,5114353,3,pelvis,loading,-0.9777,-0.4325,0.0476,61.7065,-58.1055,10.2539,t009,FJTB
2531974713,5114369,3,pelvis,loading,-0.9719,-0.3843,0.0361,55.9082,-44.8608,17.5781,t009,FJTB
2531974713,5114385,3,pelvis,loading,-0.9321,-0.2793,0.0372,52.6123,-42.0532,19.1650,t009,FJTB
2531974776,5114401,3,pelvis,loading,-0.8879,-0.2346,0.0848,57.1289,-42.2974,13.9160,t009,FJTB
2531974776,5114417,3,pelvis,loading,-0.8921,-0.2777,0.1461,69.9463,-41.9922,7.6294,t009,FJTB
2531974777,5114433,3,pelvis,loading,-0.9607,-0.3878,0.2914,73.3643,-39.4287,7.6294,t009,FJTB
2531974777,5114449,3,pelvis,loading,-1.0009,-0.4016,0.3132,76.8433,-30.3955,3.7842,t009,FJTB
2531974835,5114465,3,pelvis,loading,-1.0829,-0.4738,0.3073,79.2236,-28.9307,-0.9766,t009,FJTB
2531974836,5114481,3,pelvis,midstance,-1.1609,-0.5155,0.3907,73.7305,-26.1230,-9.2163,t009,FJTB
2531974836,5114497,3,pelvis,midstance,-1.1912,-0.5065,0.4510,56.2134,-12.9395,-14.5264,t009,FJTB
2531974837,5114513,3,pelvis,midstance,-1.2350,-0.4768,0.6310,45.5322,-3.9062,-14.8926,t009,FJTB
2531974885,5114529,3,pelvis,midstance,-1.2468,-0.4199,0.7489,22.0337,25.6348,-17.2729,t009,FJTB
2531974904,5114545,3,pelvis,midstance,-1.2952,-0.1691,0.8396,10.6812,46.8750,-23.3765,t009,FJTB
2531974905,5114561,3,pelvis,midstance,-1.4022,-0.0197,0.9034,-10.8032,95.1538,-41.5039,t009,FJTB
2531974906,5114577,3,pelvis,midstance,-1.4205,0.2505,0.5824,-15.6250,120.6665,-46.7529,t009,FJTB
2531974966,5114593,3,pelvis,midstance,-1.1952,0.4310,0.0150,-5.8594,110.7788,-39.3066,t009,FJTB
2531974968,5114609,3,pelvis,midstance,-1.2473,0.3030,0.0046,44.9219,95.0928,-39.6729,t009,FJTB
2531974969,5114624,3,pelvis,midstance,-1.5313,-0.0430,-0.1034,83.8013,111.5112,-40.1001,t009,FJTB
2531974969,5114640,3,pelvis,midstance,-1.6775,-0.1190,-0.2811,136.7798,141.0522,-28.6255,t009,FJTB
2531975032,5114656,3,pelvis,midstance,-1.7787,-0.1930,-0.4742,128.3569,148.3765,-15.9912,t009,FJTB
2531975033,5114672,3,pelvis,midstance,-1.5763,-0.2723,-0.4539,78.1250,168.1518,12.5122,t009,FJTB
2531975034,5114688,3,pelvis,midstance,-1.4471,-0.3175,-0.4784,31.7993,181.7627,28.3813,t009,FJTB
2531975070,5114704,3,pelvis,midstance,-1.2352,-0.3196,-0.3256,13.5498,177.0019,30.0293,t009,FJTB
2531975095,5114720,3,pelvis,midstance,-1.1993,-0.3326,-0.2384,-14.2212,165.0390,18.0664,t009,FJTB
2531975096,5114736,3,pelvis,midstance,-1.1316,-0.3344,-0.2921,-30.2124,157.5928,11.2305,t009,FJTB
2531975096,5114752,3,pelvis,midstance,-1.0200,-0.2324,-0.3818,-64.3311,139.4653,6.1035,t009,FJTB
2531975097,5114768,3,pelvis,midstance,-0.9495,-0.2098,-0.3811,-81.4819,132.6294,10.6201,t009,FJTB
2531975161,5114784,3,pelvis,midstance,-0.7762,-0.1952,-0.3961,-88.1958,131.7749,14.6484,t009,FJTB
2531975161,5114800,3,pelvis,midstance,-0.7095,-0.2037,-0.3893,-102.9663,128.8452,21.4233,t009,FJTB
2531975162,5114816,3,pelvis,terminal,-0.6675,-0.2361,-0.3005,-107.3608,126.4038,24.6582,t009,FJTB
2531975162,5114832,3,pelvis,terminal,-0.6072,-0.2129,-0.2582,-112.3657,115.1123,23.7427,t009,FJTB
2531975223,5114848,3,pelvis,terminal,-0.5669,-0.1658,-0.2452,-102.9053,82.4585,23.7427,t009,FJTB
2531975224,5114864,3,pelvis,terminal,-0.5822,-0.0839,-0.1367,-89.9658,63.3545,26.8555,t009,FJTB
2531975226,5114880,3,pelvis,terminal,-0.6106,-0.0463,-0.0811,-56.6406,32.4097,33.6914,t009,FJTB
2531975226,5114896,3,pelvis,terminal,-0.6471,-0.0834,0.0045,-40.6494,22.8271,33.1421,t009,FJTB
2531975265,5114912,3,pelvis,terminal,-0.6506,-0.1086,0.0223,-19.8975,14.2212,31.7383,t009,FJTB
2531975291,5114928,3,pelvis,terminal,-0.6084,-0.0389,0.0492,-17.4561,12.1460,28.8696,t009,FJTB
2531975292,5114944,3,pelvis,terminal,-0.6008,0.1025,0.2073,-22.3999,6.0425,25.3906,t009,FJTB
2531975293,5114960,3,pelvis,terminal,-0.6155,0.1565,0.3684,-28.8696,2.7466,20.2637,t009,FJTB
2531975293,5114976,3,pelvis,terminal,-0.7032,0.0479,0.8109,-25.1465,7.3242,13.0615,t009,FJTB
2531975354,5114992,3,pelvis,terminal,-0.7386,-0.0334,0.9550,0.6104,21.7895,0.2441,t009,FJTB
2531975356,5115007,3,pelvis,terminal,-0.7900,-0.0647,1.1682,6.4697,20.3247,0.4272,t009,FJTB
2531975357,5115023,3,pelvis,terminal,-0.7328,-0.1404,1.2341,-10.2539,20.2637,10.4370,t009,FJTB
2531975357,5115039,3,pelvis,terminal,-0.6956,-0.2321,1.1926,-25.8179,32.4707,21.7285,t009,FJTB
2531975421,5115055,3,pelvis,terminal,-0.7128,-0.2560,1.0779,-25.5127,33.0811,24.9023,t009,FJTB
2531975421,5115071,3,pelvis,terminal,-0.7439,-0.1646,1.0635,-11.5967,23.4375,22.5220,t009,FJTB
2531975422,5115087,3,pelvis,terminal,-0.7607,-0.0962,0.9862,0.0000,20.7520,19.1040,t009,FJTB
2531975422,5115103,3,pelvis,terminal,-0.7507,-0.1588,0.8878,14.0381,19.4702,15.1367,t009,FJTB
2531975482,5115119,3,pelvis,terminal,-0.6908,-0.3650,0.6298,12.0239,17.2119,15.7471,t009,FJTB
2531975483,5115135,3,pelvis,terminal,-0.6018,-0.5000,0.3772,-10.3149,5.3101,21.6064,t009,FJTB
2531975483,5115151,3,pelvis,swing,-0.5565,-0.5316,0.2845,-56.8237,-6.2256,25.7568,t009,FJTB
2531975484,5115167,3,pelvis,swing,-0.3129,-0.5166,-0.3772,-88.3179,-22.5220,25.7568,t009,FJTB
2531975551,5115183,3,pelvis,swing,-0.3658,-0.4369,-0.5436,-132.6904,-104.9194,28.1372,t009,FJTB
2531975552,5115199,3,pelvis,swing,-1.7020,-0.4585,1.0378,-140.7471,-102.8442,26.4282,t009,FJTB
2531975552,5115215,3,pelvis,swing,-2.7842,-0.4780,1.7505,-184.0820,15.1978,37.9028,t009,FJTB
2531975553,5115231,3,pelvis,swing,-2.0428,0.2118,0.8732,-263.9160,-23.9868,49.1333,t009,FJTB
2531975613,5115247,3,pelvis,swing,-0.7174,1.3756,-0.5012,-210.6933,-62.8662,63.4155,t009,FJTB
2531975615,5115263,3,pelvis,swing,-0.5659,1.3555,-0.4651,30.3955,-85.2661,74.8901,t009,FJTB
2531975616,5115279,3,pelvis,swing,-0.1348,0.7551,-0.1841,133.4229,-62.0117,48.8281,t009,FJTB
2531975616,5115295,3,pelvis,swing,-0.2816,-0.2131,-0.4382,201.7822,-44.0674,-17.0288,t009,FJTB
2531975683,5115311,3,pelvis,swing,-0.6715,-0.7539,-0.3770,171.9971,-83.8013,-22.2168,t009,FJTB
2531975683,5115327,3,pelvis,swing,-1.4032,-1.2279,-0.0071,154.8462,-84.9609,-8.9722,t009,FJTB
2531975684,5115343,3,pelvis,swing,-1.6616,-0.9961,0.0916,86.8530,-63.2324,16.1133,t009,FJTB
2531975745,5115359,3,pelvis,swing,-1.2672,-0.5759,0.2872,45.4712,-58.8379,16.7236,t009,FJTB
2531975747,5115375,3,pelvis,swing,-0.8276,-0.4780,0.2625,-21.1182,-70.2515,6.8359,t009,FJTB
2531975748,5115391,3,pelvis,swing,-0.7789,-0.3481,0.2432,-50.9644,-79.1016,13.6719,t009,FJTB
2531975816,5115407,3,pelvis,swing,-0.7646,0.0222,0.2561,-44.9829,-77.0264,16.8457,t009,FJTB
2531975816,5115423,3,pelvis,swing,-0.7346,0.1506,0.2468,-6.8359,-69.7021,12.3291,t009,FJTB
2531975816,5115439,3,pelvis,swing,-0.8335,0.1240,0.1866,13.0005,-70.1294,11.7798,t009,FJTB
2531975817,5115455,3,pelvis,swing,-0.9469,0.0548,0.1858,43.3350,-72.2656,18.7378,t009,FJTB
2531975818,5115471,3,pelvis,swing,-1.0675,-0.0621,0.2555,56.2134,-70.7397,19.7754,t009,FJTB
2531975881,5115487,3,pelvis,swing,-1.0856,-0.2679,0.2404,71.6553,-65.5518,10.6201,t009,FJTB
2531975882,5115503,3,pelvis,loading,-1.0679,-0.3762,0.2133,60.2417,-60.7910,7.8125,t009,FJTB
2531975882,5115519,3,pelvis,loading,-0.8873,-0.4359,0.1862,51.0864,-56.7017,8.3618,t009,FJTB
2531975883,5115535,3,pelvis,loading,-0.7900,-0.4094,0.1899,45.3491,-52.6733,5.9204,t009,FJTB
2531975883,5115551,3,pelvis,loading,-0.7501,-0.3279,0.2046,46.8140,-54.3823,5.7373,t009,FJTB
2531975885,5115567,3,pelvis,loading,-0.9064,-0.2819,0.2065,46.9971,-60.2417,9.3384,t009,FJTB
2531975952,5115583,3,pelvis,loading,-0.9871,-0.2635,0.2026,43.3960,-59.3872,10.8643,t009,FJTB
2531975952,5115599,3,pelvis,loading,-1.0317,-0.2280,0.2021,39.3066,-55.3589,9.8267,t009,FJTB
2531975953,5115615,3,pelvis,loading,-0.9983,-0.2292,0.2070,28.7476,-45.3491,8.0566,t009,FJTB
2531975953,5115630,3,pelvis,loading,-0.9104,-0.2529,0.1823,24.9023,-43.0298,7.7515,t009,FJTB
2531976015,5115646,3,pelvis,loading,-0.8772,-0.2396,0.1758,22.0947,-45.8984,8.8501,t009,FJTB
2531976017,5115662,3,pelvis,loading,-0.8729,-0.2086,0.1770,25.5737,-51.7578,10.3149,t009,FJTB
2531976018,5115678,3,pelvis,loading,-0.8789,-0.1720,0.1597,30.4565,-53.7109,10.1929,t009,FJTB
2531976018,5115694,3,pelvis,loading,-0.8829,-0.1670,0.1591,42.6025,-55.2368,7.8735,t009,FJTB
2531976083,5115710,3,pelvis,loading,-0.8989,-0.2601,0.1713,45.7153,-54.8706,4.9438,t009,FJTB
2531976084,5115726,3,pelvis,loading,-0.9066,-0.3440,0.1420,44.4946,-51.8188,4.4556,t009,FJTB
2531976084,5115742,3,pelvis,loading,-0.9244,-0.3900,0.0718,44.2505,-49.4385,5.0659,t009,FJTB
2531976084,5115758,3,pelvis,loading,-0.9169,-0.3696,0.0216,45.7764,-43.2129,2.9907,t009,FJTB
2531976144,5115774,3,pelvis,loading,-0.9087,-0.3373,0.0360,45.6543,-46.5088,6.1035,t009,FJTB
2531976144,5115790,3,pelvis,loading,-0.8933,-0.2520,0.0793,43.0908,-46.5088,10.3760,t009,FJTB
2531976147,5115806,3,pelvis,loading,-0.8894,-0.1971,0.0997,43.9453,-45.1660,14.5264,t009,FJTB
2531976147,5115822,3,pelvis,loading,-0.9025,-0.1093,0.0906,49.8047,-44.6777,12.0850,t009,FJTB
2531976192,5115838,3,pelvis,loading,-0.9170,-0.0811,0.0226,65.8569,-43.2129,2.7466,t009,FJTB
2531976211,5115854,3,pelvis,loading,-0.9320,-0.1033,0.0095,77.7588,-44.5557,-3.9673,t009,FJTB
2531976212,5115870,3,pelvis,loading,-0.9891,-0.2369,-0.0046,81.8481,-45.5933,-5.1880,t009,FJTB
2531976212,5115886,3,pelvis,loading,-1.0625,-0.3398,0.0031,84.6558,-51.1475,-3.4180,t009,FJTB
2531976274,5115902,3,pelvis,loading,-1.3143,-0.5255,0.1425,82.2754,-54.0771,-1.5869,t009,FJTB
2531976275,5115918,3,pelvis,loading,-1.5176,-0.5504,0.4596,67.0166,-44.7998,-2.4414,t009,FJTB
2531976275,5115934,3,pelvis,loading,-1.5122,-0.4851,0.5901,41.5649,-13.6719,-8.1177,t009,FJTB
2531976276,5115950,3,pelvis,loading,-1.4154,-0.2517,0.8800,27.9541,5.8594,-13.4277,t009,FJTB
2531976340,5115966,3,pelvis,loading,-1.3491,-0.0585,0.9983,12.8784,66.1011,-32.8979,t009,FJTB
2531976340,5115982,3,pelvis,loading,-1.1810,0.1984,0.8893,14.0381,99.4263,-43.5181,t009,FJTB
2531976341,5115998,3,pelvis,loading,-1.0050,0.1619,0.4050,37.8418,129.3945,-45.7153,t009,FJTB
2531976341,5116014,3,pelvis,loading,-1.0172,0.0149,0.1815,78.3081,112.9761,-46.7529,t009,FJTB
2531976400,5116030,3,pelvis,loading,-1.2385,-0.1910,-0.1487,94.6045,107.1777,-44.3115,t009,FJTB
2531976402,5116046,3,pelvis,loading,-1.3728,-0.1616,-0.2592,104.9805,108.8867,-34.3018,t009,FJTB
2531976403,5116062,3,pelvis,loading,-1.6113,-0.1499,-0.3857,94.1162,112.7319,-28.4424,t009,FJTB
2531976403,5116078,3,pelvis,loading,-1.5530,-0.3430,-0.3258,46.0205,130.4321,-10.0708,t009,FJTB
2531976462,5116094,3,pelvis,loading,-1.4244,-0.4403,-0.3197,-0.8545,157.3486,6.5918,t009,FJTB
2531976470,5116110,3,pelvis,loading,-1.1694,-0.4520,-0.3014,-19.4092,160.2783,11.7798,t009,FJTB
2531976471,5116126,3,pelvis,loading,-1.0988,-0.4141,-0.2275,-47.1802,148.0103,8.2397,t009,FJTB
2531976471,5116142,3,pelvis,loading,-1.0837,-0.4041,-0.1786,-57.6172,140.8691,3.1128,t009,FJTB
2531976532,5116158,3,pelvis,loading,-1.0802,-0.4174,-0.2135,-78.7354,134.2163,-1.0376,t009,FJTB
2531976532,5116174,3,pelvis,midstance,-1.0261,-0.4043,-0.2482,-88.5010,131.4697,0.1831,t009,FJTB
2531976533,5116190,3,pelvis,terminal,-0.9703,-0.3937,-0.2429,-97.9614,129.1504,7.9956,t009,FJTB
2531976533,5116206,3,pelvis,terminal,-0.9221,-0.3840,-0.2843,-116.6992,123.9014,19.4092,t009,FJTB
2531976563,5116222,3,pelvis,terminal,-0.8396,-0.3096,-0.2549,-127.9297,118.8354,22.3999,t009,FJTB
2531976604,5116238,3,pelvis,terminal,-0.8180,-0.2855,-0.2103,-140.1978,108.2153,22.3999,t009,FJTB
2531976605,5116254,3,pelvis,terminal,-0.7567,-0.2012,-0.1127,-140.2588,102.4780,22.9492,t009,FJTB
2531976605,5116270,3,pelvis,terminal,-0.6967,-0.1525,-0.0636,-115.5395,90.2100,26.7944,t009,FJTB
2531976606,5116286,3,pelvis,terminal,-0.6837,-0.1376,-0.0540,-76.7822,76.4771,35.9497,t009,FJTB
2531976669,5116302,3,pelvis,terminal,-0.6586,-0.0920,-0.0118,-60.7910,69.0918,39.0015,t009,FJTB
2531976671,5116318,3,pelvis,terminal,-0.6505,-0.0968,-0.0107,-43.9453,54.4434,38.4521,t009,FJTB
2531976672,5116334,3,pelvis,terminal,-0.6405,-0.0890,0.0587,-46.5088,45.2881,38.9404,t009,FJTB
2531976672,5116350,3,pelvis,terminal,-0.6284,0.0222,0.1658,-60.3027,35.8887,37.9639,t009,FJTB
2531976738,5116366,3,pelvis,terminal,-0.6077,0.1058,0.2181,-77.1484,26.7334,34.1187,t009,FJTB
2531976739,5116382,3,pelvis,terminal,-0.6027,0.2706,0.4558,-81.1768,21.0571,31.7383,t009,FJTB
2531976739,5116398,3,pelvis,terminal,-0.6028,0.2843,0.5940,-67.8101,21.3623,18.4937,t009,FJTB
2531976740,5116414,3,pelvis,terminal,-0.5630,0.1332,0.7002,-50.0488,23.6816,12.2681,t009,FJTB
2531976801,5116429,3,pelvis,terminal,-0.5591,0.0248,0.7142,-12.4512,18.4326,11.9629,t009,FJTB
2531976802,5116445,3,pelvis,terminal,-0.6599,-0.1855,0.8245,-2.6855,14.8315,15.5029,t009,FJTB
2531976803,5116461,3,pelvis,terminal,-0.7905,-0.3213,0.9913,-6.8970,13.9770,26.2451,t009,FJTB
2531976804,5116477,3,pelvis,terminal,-0.7986,-0.3154,1.0427,-14.4043,10.1318,32.7148,t009,FJTB
2531976870,5116493,3,pelvis,terminal,-0.7363,-0.2031,1.0571,-9.6436,5.8594,30.2734,t009,FJTB
2531976871,5116509,3,pelvis,terminal,-0.6923,-0.2148,0.9844,0.3662,3.2349,23.6816,t009,FJTB
2531976872,5116525,3,pelvis,terminal,-0.6071,-0.3115,0.7240,-5.9814,2.8687,24.5361,t009,FJTB
2531976872,5116541,3,pelvis,terminal,-0.4866,-0.3407,0.4235,-34.7900,-0.3052,27.1606,t009,FJTB
2531976933,5116557,3,pelvis,terminal,-0.3939,-0.3550,0.2344,-66.7114,-26.1841,23.4985,t009,FJTB
2531976936,5116573,3,pelvis,terminal,-0.4445,-0.3862,-0.0645,-87.0361,-64.4531,27.2827,t009,FJTB
2531976937,5116589,3,pelvis,terminal,-0.9670,-0.3516,0.4102,-117.4316,-94.1772,33.4473,t009,FJTB
2531977001,5116605,3,pelvis,terminal,-2.8256,-0.3337,1.4415,-132.3242,-51.0864,30.8228,t009,FJTB
2531977001,5116621,3,pelvis,terminal,-1.8420,0.2252,0.5181,-224.7925,-3.2349,41.0767,t009,FJTB
2531977002,5116637,3,pelvis,terminal,-1.0376,0.7441,-0.0088,-159.0576,-51.3306,69.3970,t009,FJTB
2531977002,5116653,3,pelvis,terminal,-0.4551,0.8831,-0.3457,-44.0063,-73.9136,76.6602,t009,FJTB
2531977003,5116669,3,pelvis,terminal,-0.3290,0.6534,-0.2991,125.4883,-66.5283,40.1611,t009,FJTB
2531977065,5116685,3,pelvis,terminal,-0.4507,-0.1558,-0.3921,154.9072,-54.5654,10.9863,t009,FJTB
2531977066,5116701,3,pelvis,swing,-0.9546,-0.8163,-0.1296,132.3853,-68.1152,3.2959,t009,FJTB
2531977067,5116717,3,pelvis,swing,-1.1357,-0.8074,0.0587,90.5762,-66.4673,22.6440,t009,FJTB
2531977067,5116733,3,pelvis,swing,-1.2728,-0.5392,0.1948,72.0825,-60.6079,22.5220,t009,FJTB
2531977067,5116749,3,pelvis,swing,-1.1926,-0.5328,0.2482,31.0059,-60.3027,18.9819,t009,FJTB
2531977134,5116765,3,pelvis,swing,-0.9694,-0.4668,0.2919,3.7842,-65.3687,19.5923,t009,FJTB
2531977135,5116781,3,pelvis,swing,-0.8895,-0.3168,0.2820,-37.1704,-73.0591,23.4375,t009,FJTB
2531977136,5116797,3,pelvis,swing,-0.8271,0.0320,0.3224,-38.5742,-72.0825,23.1323,t009,FJTB
2531977136,5116813,3,pelvis,swing,-0.7784,0.1523,0.3053,-8.0566,-62.9272,15.9912,t009,FJTB
2531977202,5116829,3,pelvis,swing,-0.8109,0.0771,0.2574,27.2827,-62.8662,15.9912,t009,FJTB
2531977203,5116845,3,pelvis,swing,-0.9491,-0.0795,0.2268,40.2222,-64.7583,19.7754,t009,FJTB
2531977203,5116861,3,pelvis,swing,-0.9884,-0.1255,0.2295,63.3545,-62.8662,18.3716,t009,FJTB
2531977203,5116877,3,pelvis,swing,-1.0463,-0.2720,0.1619,67.8711,-60.5469,13.3057,t009,FJTB
2531977271,5116893,3,pelvis,swing,-0.9751,-0.3704,0.1337,56.9458,-55.6641,10.5591,t009,FJTB
2531977272,5116909,3,pelvis,swing,-0.8949,-0.3845,0.1295,38.7573,-53.6499,9.0942,t009,FJTB
2531977272,5116925,3,pelvis,swing,-0.8026,-0.3412,0.1439,33.0200,-56.3354,8.1787,t009,FJTB
2531977272,5116941,3,pelvis,swing,-0.8145,-0.3040,0.1533,29.6631,-64.9414,9.3384,t009,FJTB
2531977318,5116957,3,pelvis,swing,-0.9130,-0.2352,0.1519,30.7007,-68.9087,10.9253,t009,FJTB
2531977338,5116973,3,pelvis,swing,-0.9977,-0.1921,0.1478,32.3486,-72.5098,11.9629,t009,FJTB
2531977339,5116989,3,pelvis,swing,-0.9994,-0.1940,0.1393,29.4800,-68.6035,9.3384,t009,FJTB
2531977340,5117005,3,pelvis,swing,-0.9357,-0.2073,0.0781,27.2217,-66.7725,7.6904,t009,FJTB
2531977340,5117021,3,pelvis,swing,-0.9038,-0.2231,0.0771,27.6489,-74.4019,3.9673,t009,FJTB
2531977407,5117037,3,pelvis,swing,-0.9127,-0.2959,0.1650,23.0103,-73.6694,7.6904,t009,FJTB
2531977408,5117053,3,pelvis,swing,-0.8881,-0.2606,0.1354,12.0850,-69.8242,19.8975,t009,FJTB
2531977409,5117069,3,pelvis,swing,-0.8721,-0.2106,0.1710,15.2588,-72.5708,20.2026,t009,FJTB
2531977440,5117085,3,pelvis,swing,-0.8730,-0.2214,0.2163,19.8364,-70.7397,18.9819,t009,FJTB
2531977472,5117101,3,pelvis,loading,-0.8879,-0.2595,0.2228,29.7241,-62.8662,17.2119,t009,FJTB
2531977473,5117117,3,pelvis,loading,-0.9301,-0.3020,0.2148,35.1563,-59.9365,16.0522,t009,FJTB
2531977473,5117133,3,pelvis,loading,-0.9515,-0.3035,0.2400,48.2788,-50.4150,9.3384,t009,FJTB
2531977474,5117149,3,pelvis,loading,-0.9618,-0.3439,0.2102,54.4434,-42.7856,7.3242,t009,FJTB
2531977535,5117165,3,pelvis,loading,-0.9628,-0.2889,0.1427,61.3403,-34.7900,11.0474,t009,FJTB
2531977542,5117181,3,pelvis,loading,-0.9314,-0.2272,0.0686,74.8901,-31.3721,7.2632,t009,FJTB
2531977543,5117197,3,pelvis,loading,-0.8812,-0.1766,-0.0990,82.7026,-31.3110,2.5024,t009,FJTB
2531977543,5117213,3,pelvis,loading,-0.8824,-0.1764,-0.1526,87.9517,-34.9121,-4.6387,t009,FJTB
2531977589,5117229,3,pelvis,loading,-0.8962,-0.2161,-0.1686,85.9985,-38.9404,-5.9814,t009,FJTB
2531977605,5117245,3,pelvis,loading,-0.9799,-0.3705,-0.0906,79.5898,-48.6450,-5.6763,t009,FJTB
2531977607,5117261,3,pelvis,loading,-1.0698,-0.4563,-0.0133,69.5801,-52.3071,-2.1973,t009,FJTB
2531977608,5117277,3,pelvis,loading,-1.2070,-0.5298,0.2189,60.1807,-49.3774,-1.0986,t009,FJTB
2531977621,5117293,3,pelvis,loading,-1.2500,-0.5175,0.3827,38.4521,-37.5977,-3.1128,t009,FJTB
2531977673,5117309,3,pelvis,loading,-1.3322,-0.3727,0.7533,27.2217,-27.8320,-6.8970,t009,FJTB
2531977674,5117325,3,pelvis,loading,-1.5425,-0.1071,1.0919,4.3945,7.6904,-25.1465,t009,FJTB
2531977674,5117341,3,pelvis,loading,-1.6111,0.0365,1.1106,-4.3945,71.2280,-50.7202,t009,FJTB
2531977675,5117357,3,pelvis,loading,-1.4092,0.2542,0.7803,3.9062,97.5342,-51.8799,t009,FJTB
2531977736,5117373,3,pelvis,loading,-1.2368,0.3286,0.5583,49.3774,117.4927,-39.7339,t009,FJTB
2531977737,5117389,3,pelvis,loading,-1.0889,0.1151,0.0968,83.7402,117.2485,-41.9311,t009,FJTB
2531977738,5117405,3,pelvis,loading,-1.2946,-0.1117,-0.2473,145.7520,119.3848,-44.4946,t009,FJTB
2531977788,5117421,3,pelvis,loading,-1.4052,-0.0571,-0.3461,156.6772,129.7607,-31.6772,t009,FJTB
2531977803,5117437,3,pelvis,loading,-1.6354,-0.0660,-0.4248,139.2822,133.8501,-24.1699,t009,FJTB
2531977803,5117453,3,pelvis,loading,-1.6940,-0.2147,-0.4069,79.0405,153.4424,-4.5776,t009,FJTB
2531977804,5117469,3,pelvis,loading,-1.5160,-0.4668,-0.4143,48.8281,168.5791,4.6387,t009,FJTB
2531977804,5117485,3,pelvis,loading,-1.2354,-0.3798,-0.3531,0.6714,174.7436,12.0850,t009,FJTB
2531977865,5117501,3,pelvis,midstance,-1.1906,-0.3315,-0.2909,-31.2500,160.1562,6.6528,t009,FJTB
2531977865,5117517,3,pelvis,midstance,-1.0946,-0.3319,-0.3077,-45.1050,153.6865,5.7373,t009,FJTB
2531977866,5117533,3,pelvis,midstance,-1.0289,-0.3265,-0.3409,-70.4346,141.1133,6.7139,t009,FJTB
2531977866,5117549,3,pelvis,midstance,-0.9205,-0.3032,-0.3306,-79.2847,135.9863,6.9580,t009,FJTB
2531977936,5117565,3,pelvis,midstance,-0.8817,-0.3171,-0.3301,-93.3227,127.6855,11.9629,t009,FJTB
2531977937,5117581,3,pelvis,midstance,-0.7809,-0.2976,-0.3685,-104.6753,123.8403,14.4043,t009,FJTB
2531977937,5117597,3,pelvis,midstance,-0.7192,-0.2476,-0.2996,-123.5962,111.3281,13.1836,t009,FJTB
2531977938,5117613,3,pelvis,midstance,-0.7242,-0.2294,-0.2473,-128.4180,95.3979,11.1084,t009,FJTB
2531978003,5117629,3,pelvis,midstance,-0.7291,-0.2065,-0.1541,-124.0845,87.3413,13.3667,t009,FJTB
2531978004,5117645,3,pelvis,midstance,-0.7271,-0.2037,-0.1254,-97.4121,76.1719,28.3813,t009,FJTB
2531978004,5117661,3,pelvis,midstance,-0.7018,-0.1376,-0.1101,-80.9936,67.8711,36.6211,t009,FJTB
2531978005,5117677,3,pelvis,midstance,-0.7051,-0.1364,-0.0197,-49.0112,49.4385,39.9780,t009,FJTB
2531978071,5117693,3,pelvis,midstance,-0.6826,-0.1182,0.0217,-27.7100,37.5366,38.1470,t009,FJTB
2531978072,5117709,3,pelvis,midstance,-0.6075,0.0171,0.1299,-22.4609,33.9355,35.2783,t009,FJTB
2531978072,5117725,3,pelvis,midstance,-0.5779,0.1028,0.1930,-23.8037,23.3765,29.2969,t009,FJTB
2531978073,5117741,3,pelvis,midstance,-0.5736,0.2852,0.4349,-27.7100,17.8223,27.2217,t009,FJTB
2531978135,5117757,3,pelvis,midstance,-0.5811,0.2982,0.6888,-28.5034,21.6675,10.6812,t009,FJTB
2531978137,5117773,3,pelvis,midstance,-0.5641,0.2180,0.7291,-3.7842,28.8086,-7.6294,t009,FJTB
2531978138,5117789,3,pelvis,midstance,-0.5885,-0.0055,0.8531,12.4512,27.0386,-6.3477,t009,FJTB
2531978138,5117805,3,pelvis,midstance,-0.6707,-0.1613,0.9415,33.1421,32.6538,13.8550,t009,FJTB
2531978139,5117821,3,pelvis,midstance,-0.7898,-0.4906,0.9418,32.6538,35.9497,27.5269,t009,FJTB
2531978205,5117837,3,pelvis,midstance,-0.8091,-0.4973,0.9055,19.4092,21.6064,43.8232,t009,FJTB
2531978205,5117852,3,pelvis,midstance,-0.8369,-0.3344,0.9924,16.5405,9.1553,32.5317,t009,FJTB
2531978206,5117868,3,pelvis,midstance,-0.8135,-0.1776,1.1366,17.3340,14.1602,23.6206,t009,FJTB
2531978206,5117884,3,pelvis,midstance,-0.7314,-0.2909,1.0715,-2.6245,24.5972,18.4937,t009,FJTB
2531978268,5117900,3,pelvis,midstance,-0.6289,-0.5352,0.7888,-22.0337,22.2778,21.7895,t009,FJTB
2531978268,5117916,3,pelvis,midstance,-0.5898,-0.5725,0.5939,-57.7393,7.6904,33.3862,t009,FJTB
2531978269,5117932,3,pelvis,terminal,-0.4344,-0.4883,0.2438,-74.2188,-0.3052,37.7808,t009,FJTB
2531978269,5117948,3,pelvis,terminal,-0.1410,-0.4481,-0.3984,-117.4927,-28.3203,32.3486,t009,FJTB
2531978342,5117964,3,pelvis,terminal,-0.1628,-0.4913,-0.7708,-160.8276,-130.9814,47.6685,t009,FJTB
2531978342,5117980,3,pelvis,terminal,-0.8207,-0.0011,-0.4342,-147.5220,-162.2925,52.1851,t009,FJTB
2531978343,5117996,3,pelvis,terminal,-1.7839,0.3652,0.7870,-129.4556,-68.4814,10.6201,t009,FJTB
2531978343,5118012,3,pelvis,terminal,-3.6711,0.4684,2.5101,-185.8520,12.8784,4.8218,t009,FJTB
2531978345,5118028,3,pelvis,terminal,-1.3674,1.0342,0.6788,-248.9624,0.7324,61.2183,t009,FJTB
2531978408,5118044,3,pelvis,terminal,-0.4963,1.0240,-0.2681,23.4375,-75.6226,72.3267,t009,FJTB
2531978410,5118060,3,pelvis,terminal,-0.2703,0.4822,-0.9218,144.2261,-75.3784,44.7388,t009,FJTB
2531978410,5118076,3,pelvis,terminal,-0.1427,0.1046,-0.7544,227.2339,-33.3862,-17.5781,t009,FJTB
2531978411,5118092,3,pelvis,terminal,-0.3093,-0.9679,-0.5566,200.9888,-36.6211,-28.8696,t009,FJTB
2531978479,5118108,3,pelvis,terminal,-0.9574,-1.1660,0.0599,132.3242,-74.4019,4.6997,t009,FJTB
2531978480,5118124,3,pelvis,terminal,-1.1481,-0.7965,0.1227,78.1250,-57.8613,19.4092,t009,FJTB
2531978481,5118140,3,pelvis,terminal,-1.4354,-0.2407,0.3225,55.6641,-55.2978,12.6343,t009,FJTB
2531978481,5118156,3,pelvis,terminal,-1.4163,-0.1741,0.4200,16.4795,-59.7534,2.0752,t009,FJTB
2531978548,5118172,3,pelvis,swing,-1.0419,-0.2289,0.3612,4.2725,-64.8193,0.1831,t009,FJTB
2531978551,5118188,3,pelvis,swing,-0.8849,-0.1703,0.3246,18.4937,-66.5894,-5.3101,t009,FJTB
2531978551,5118204,3,pelvis,swing,-0.7469,-0.1245,0.0690,40.1001,-57.3730,-12.6343,t009,FJTB
2531978551,5118220,3,pelvis,swing,-0.7861,-0.2007,0.0331,49.1333,-74.8901,8.1787,t009,FJTB
2531978561,5118236,3,pelvis,swing,-0.8528,-0.1200,0.1473,42.8467,-81.1768,32.5928,t009,FJTB
2531978627,5118251,3,pelvis,swing,-0.9485,-0.1218,0.1771,47.3633,-69.7632,28.3203,t009,FJTB
2531978627,5118267,3,pelvis,swing,-0.9791,-0.1868,0.1876,60.5469,-52.7344,11.8408,t009,FJTB
2531978628,5118283,3,pelvis,swing,-0.9979,-0.3339,0.2179,67.5659,-47.4853,4.0283,t009,FJTB
2531978629,5118299,3,pelvis,swing,-0.9292,-0.4459,0.2271,70.5566,-43.3960,-4.6387,t009,FJTB
2531978669,5118315,3,pelvis,swing,-0.8876,-0.4553,0.2365,54.9927,-45.9595,-3.1738,t009,FJTB
2531978697,5118331,3,pelvis,swing,-0.8555,-0.3826,0.2698,45.7153,-48.4009,0.4272,t009,FJTB
2531978697,5118347,3,pelvis,swing,-0.8705,-0.3177,0.2906,37.8418,-55.0537,9.7046,t009,FJTB
2531978698,5118363,3,pelvis,swing,-0.9271,-0.1842,0.3131,38.6353,-56.6406,13.0005,t009,FJTB
2531978698,5118379,3,pelvis,swing,-0.9432,-0.1273,0.2064,47.9736,-53.4058,11.2915,t009,FJTB
2531978766,5118395,3,pelvis,swing,-0.9471,-0.1465,0.1415,56.3965,-46.2036,2.8076,t009,FJTB
2531978767,5118411,3,pelvis,swing,-0.9337,-0.2047,0.0881,54.3213,-43.2129,0.1831,t009,FJTB
2531978767,5118427,3,pelvis,swing,-0.9165,-0.2307,0.0878,44.0063,-42.7246,-2.1362,t009,FJTB
2531978767,5118443,3,pelvis,swing,-0.8921,-0.2722,0.0588,39.3066,-46.2036,-2.3804,t009,FJTB
2531978832,5118459,3,pelvis,swing,-0.8839,-0.2657,0.0239,34.0576,-56.0303,0.7935,t009,FJTB
2531978833,5118475,3,pelvis,loading,-0.8840,-0.2599,0.0228,37.7808,-62.1338,5.4321,t009,FJTB
2531978833,5118491,3,pelvis,loading,-0.9044,-0.2474,0.0760,41.9311,-61.5234,7.2021,t009,FJTB
2531978834,5118507,3,pelvis,loading,-0.9058,-0.2384,0.1047,44.0063,-54.5654,9.2773,t009,FJTB
2531978860,5118523,3,pelvis,loading,-0.8949,-0.2401,0.1676,41.1987,-54.2603,9.2773,t009,FJTB
2531978904,5118539,3,pelvis,loading,-0.9187,-0.2633,0.1854,41.5039,-54.0161,7.8125,t009,FJTB
2531978905,5118555,3,pelvis,loading,-0.9397,-0.2466,0.1177,46.1426,-53.1616,9.3384,t009,FJTB
2531978905,5118571,3,pelvis,loading,-0.9219,-0.1166,0.0281,58.0444,-53.2227,13.6108,t009,FJTB
2531978905,5118587,3,pelvis,loading,-0.9167,-0.0460,-0.0156,69.1528,-55.5420,12.0239,t009,FJTB
2531978969,5118603,3,pelvis,loading,-0.9529,0.0275,-0.0347,73.3643,-57.8003,9.8267,t009,FJTB
2531978971,5118619,3,pelvis,loading,-0.9817,-0.0012,-0.0042,83.3130,-61.4014,4.6997,t009,FJTB
2531978972,5118635,3,pelvis,loading,-1.0303,-0.2274,0.0865,90.0879,-62.3779,2.0752,t009,FJTB
2531978972,5118651,3,pelvis,loading,-1.2076,-0.5521,0.2089,98.5107,-66.0400,-2.8687,t009,FJTB
2531979038,5118667,3,pelvis,loading,-1.3536,-0.6182,0.3656,79.0405,-56.9458,-11.0474,t009,FJTB
2531979038,5118683,3,pelvis,loading,-1.4689,-0.6537,0.6744,56.6406,-35.6445,-14.7705,t009,FJTB
2531979039,5118699,3,pelvis,loading,-1.4757,-0.6307,0.7544,17.2729,19.4702,-19.5313,t009,FJTB
2531979039,5118714,3,pelvis,loading,-1.3687,-0.2476,0.7871,4.6387,46.5698,-23.6206,t009,FJTB
2531979101,5118730,3,pelvis,loading,-1.2343,-0.0063,0.6746,-4.0283,88.6841,-33.0200,t009,FJTB
2531979103,5118746,3,pelvis,loading,-1.1354,0.0668,0.3224,23.1323,93.6279,-36.0107,t009,FJTB
2531979103,5118762,3,pelvis,loading,-1.3146,-0.1324,0.0684,42.7246,91.9189,-33.8745,t009,FJTB
2531979104,5118778,3,pelvis,loading,-1.3794,-0.0521,-0.0155,62.7441,107.1167,-31.2500,t009,FJTB
2531979171,5118794,3,pelvis,loading,-1.4265,0.1364,-0.1538,64.2700,116.6382,-32.7759,t009,FJTB
2531979171,5118810,3,pelvis,loading,-1.4541,0.0945,-0.2173,68.9697,125.4272,-29.1138,t009,FJTB
2531979172,5118826,3,pelvis,loading,-1.4514,-0.1337,-0.2816,69.2749,129.3335,-22.1558,t009,FJTB
2531979235,5118842,3,pelvis,loading,-1.3308,-0.2648,-0.2087,48.3398,145.9351,-12.2070,t009,FJTB
2531979236,5118858,3,pelvis,midstance,-1.2462,-0.2111,-0.1438,10.8643,163.0859,-13.4277,t009,FJTB
2531979236,5118874,3,pelvis,midstance,-1.1665,-0.2179,-0.1721,-10.9253,165.5273,-23.1934,t009,FJTB
2531979237,5118890,3,pelvis,midstance,-1.1941,-0.3223,-0.1812,-34.3018,158.5083,-28.9307,t009,FJTB
2531979237,5118906,3,pelvis,midstance,-1.1874,-0.4808,-0.1984,-32.8369,158.0811,-25.5127,t009,FJTB
2531979239,5118922,3,pelvis,midstance,-1.1201,-0.5298,-0.2571,-33.2031,157.1045,-18.9209,t009,FJTB
2531979309,5118939,3,pelvis,midstance,-1.0884,-0.4932,-0.2577,-46.6309,142.5781,-6.1035,t009,FJTB
2531979309,5118955,3,pelvis,midstance,-0.9976,-0.3817,-0.3218,-55.3589,135.4980,0.4883,t009,FJTB
2531979310,5118971,3,pelvis,midstance,-0.9315,-0.3492,-0.3381,-73.9136,124.2676,10.7422,t009,FJTB
2531979310,5118987,3,pelvis,midstance,-0.7864,-0.3243,-0.2903,-80.0171,120.2393,13.7939,t009,FJTB
2531979336,5119003,3,pelvis,midstance,-0.6667,-0.3217,-0.2010,-81.6650,109.1309,19.2871,t009,FJTB
2531979376,5119019,3,pelvis,midstance,-0.6324,-0.3394,-0.1696,-67.6880,97.2290,27.7100,t009,FJTB
2531979378,5119035,3,pelvis,midstance,-0.6010,-0.3429,-0.1531,-59.9365,92.0410,33.5693,t009,FJTB
2531979379,5119051,3,pelvis,midstance,-0.5945,-0.3370,-0.1493,-57.7393,78.4912,40.7104,t009,FJTB
2531979427,5119067,3,pelvis,midstance,-0.5903,-0.3367,-0.1290,-63.7817,69.3970,42.6025,t009,FJTB
2531979448,5119083,3,pelvis,midstance,-0.5916,-0.2126,-0.0309,-81.5430,47.4853,46.7529,t009,FJTB
2531979448,5119099,3,pelvis,midstance,-0.5973,-0.1056,0.0245,-96.9849,32.2266,42.1753,t009,FJTB
2531979448,5119115,3,pelvis,midstance,-0.6040,0.1278,0.2061,-102.7222,24.7803,40.1001,t009,FJTB
2531979449,5119130,3,pelvis,midstance,-0.6039,0.2402,0.3517,-105.5298,13.1836,34.7290,t009,FJTB
2531979513,5119146,3,pelvis,midstance,-0.6151,0.3822,0.6617,-98.6328,10.8643,27.6489,t009,FJTB
2531979513,5119162,3,pelvis,midstance,-0.6239,0.3721,0.7725,-54.9927,14.8315,5.7373,t009,FJTB
2531979514,5119178,3,pelvis,terminal,-0.6560,0.1796,0.8209,-22.3389,16.4185,0.3662,t009,FJTB
2531979515,5119194,3,pelvis,terminal,-0.7668,-0.0936,0.8745,31.2500,13.0005,11.4136,t009,FJTB
2531979585,5119209,3,pelvis,terminal,-0.8344,-0.2429,0.8953,41.3208,17.5781,35.2173,t009,FJTB
2531979585,5119225,3,pelvis,terminal,-0.8076,-0.4526,0.8145,30.5786,20.2637,45.7153,t009,FJTB
2531979586,5119241,3,pelvis,terminal,-0.7557,-0.4597,0.8024,-2.9907,12.0239,54.0161,t009,FJTB
2531979587,5119257,3,pelvis,terminal,-0.6821,-0.3763,0.9147,-15.7471,9.4604,50.0488,t009,FJTB
2531979651,5119273,3,pelvis,terminal,-0.6372,-0.3906,0.9020,-33.3252,14.7095,38.8794,t009,FJTB
2531979653,5119289,3,pelvis,terminal,-0.5605,-0.4312,0.7145,-47.3022,14.5264,37.2925,t009,FJTB
2531979655,5119305,3,pelvis,terminal,-0.5052,-0.3821,0.5588,-79.2847,2.8687,39.0625,t009,FJTB
2531979722,5119321,3,pelvis,terminal,-0.5507,-0.3447,0.5935,-101.3794,-0.5493,37.7808,t009,FJTB
2531979723,5119337,3,pelvis,terminal,-0.6936,-0.3062,0.8235,-116.3940,6.4697,31.4331,t009,FJTB
2531979723,5119353,3,pelvis,swing,-0.9795,-0.3059,0.9365,-174.9878,-0.6104,15.1367,t009,FJTB
2531979723,5119369,3,pelvis,swing,-2.2520,-0.1093,1.4897,-217.2241,-29.2358,12.2681,t009,FJTB
2531979724,5119385,3,pelvis,swing,-1.5563,0.2205,-0.0327,-243.7134,-33.2031,26.6724,t009,FJTB
2531979724,5119401,3,pelvis,swing,-1.0243,0.4141,-0.7666,-130.7983,-46.2646,72.8760,t009,FJTB
2531979788,5119417,3,pelvis,swing,-0.5522,0.7609,-0.2427,-47.1191,-66.6504,102.2949,t009,FJTB
2531979788,5119433,3,pelvis,swing,-0.1444,0.7662,0.0355,95.4590,-35.3394,70.4346,t009,FJTB
2531979790,5119448,3,pelvis,swing,-0.2753,-0.2010,-0.4199,122.5586,-29.1138,22.0947,t009,FJTB
2531979791,5119464,3,pelvis,swing,-1.2195,-0.9056,-0.2396,116.8823,-79.8340,3.8452,t009,FJTB
2531979862,5119480,3,pelvis,swing,-1.6252,-0.6747,0.1106,82.0923,-84.8389,35.0342,t009,FJTB
2531979863,5119496,3,pelvis,swing,-1.6245,-0.2963,0.3578,63.1103,-66.9556,31.9824,t009,FJTB
2531979863,5119512,3,pelvis,swing,-1.1681,-0.3829,0.3014,17.3950,-54.1992,25.3906,t009,FJTB
2531979863,5119528,3,pelvis,swing,-0.7510,-0.4661,0.1932,-8.2397,-63.2935,28.0151,t009,FJTB
2531979863,5119544,3,pelvis,swing,-0.7848,-0.3386,0.1792,-48.5840,-74.9512,30.7617,t009,FJTB
2531979929,5119560,3,pelvis,swing,-0.7957,0.0250,0.2064,-42.7246,-70.6787,26.2451,t009,FJTB
2531979931,5119576,3,pelvis,swing,-0.7751,0.1134,0.2603,-27.7710,-67.9932,23.6816,t009,FJTB
2531979932,5119592,3,pelvis,swing,-0.8452,0.0291,0.2842,-0.7935,-65.9180,22.2168,t009,FJTB
2531979932,5119608,3,pelvis,swing,-1.0066,-0.1248,0.3459,11.5967,-65.0024,22.3999,t009,FJTB
2531980004,5119624,3,pelvis,swing,-1.0531,-0.1403,0.3613,41.1987,-60.1807,20.5078,t009,FJTB
2531980005,5119640,3,pelvis,swing,-1.0396,-0.1407,0.3428,53.8940,-57.0679,19.7754,t009,FJTB
2531980005,5119655,3,pelvis,swing,-0.9337,-0.1703,0.2968,62.9883,-53.0395,20.0806,t009,FJTB
2531980005,5119671,3,pelvis,swing,-0.8770,-0.1768,0.2625,59.3872,-50.5371,14.5264,t009,FJTB
2531980006,5119687,3,pelvis,swing,-0.7870,-0.1746,0.2242,58.0444,-49.8047,10.6812,t009,FJTB
2531980072,5119703,3,pelvis,swing,-0.7814,-0.1917,0.2231,63.1714,-50.7812,4.1504,t009,FJTB
2531980072,5119719,3,pelvis,loading,-0.8553,-0.2725,0.1787,66.5894,-52.2461,2.3193,t009,FJTB
2531980072,5119735,3,pelvis,loading,-0.9038,-0.3235,0.1650,62.1948,-57.5561,1.4648,t009,FJTB
2531980073,5119751,3,pelvis,loading,-0.9526,-0.4016,0.1307,55.6641,-59.8755,0.9155,t009,FJTB
2531980149,5119767,3,pelvis,loading,-0.9775,-0.4636,0.1482,38.2690,-68.5425,-2.6855,t009,FJTB
2531980149,5119783,3,pelvis,loading,-0.9626,-0.4285,0.1487,6.5918,-62.9883,4.9438,t009,FJTB
2531980149,5119799,3,pelvis,loading,-0.8939,-0.2358,0.1259,-4.4556,-61.9507,7.8735,t009,FJTB
2531980150,5119815,3,pelvis,loading,-0.8906,-0.1676,0.1248,-4.0894,-68.2373,8.8501,t009,FJTB
2531980150,5119831,3,pelvis,loading,-0.9214,-0.0900,0.1472,3.2959,-71.4722,10.0708,t009,FJTB
2531980217,5119846,3,pelvis,loading,-0.9386,-0.0579,0.1840,25.5737,-74.1577,12.6953,t009,FJTB
2531980218,5119862,3,pelvis,loading,-0.9264,-0.0640,0.1707,52.6733,-77.1484,11.5967,t009,FJTB
2531980219,5119878,3,pelvis,loading,-0.8984,-0.1691,0.1196,65.4297,-82.0923,8.7280,t009,FJTB
2531980220,5119894,3,pelvis,loading,-0.9004,-0.2579,0.0868,76.2329,-92.1631,3.5400,t009,FJTB
2531980288,5119910,3,pelvis,loading,-0.9126,-0.3785,0.0419,72.1436,-93.0786,2.6855,t009,FJTB
2531980289,5119926,3,pelvis,loading,-0.9481,-0.4270,0.1187,51.6968,-84.0454,3.2959,t009,FJTB
2531980289,5119942,3,pelvis,loading,-0.9581,-0.4135,0.1469,26.6724,-65.4297,12.4512,t009,FJTB
2531980290,5119958,3,pelvis,loading,-0.9579,-0.2830,0.2120,21.7285,-61.2183,16.2354,t009,FJTB
2531980354,5119974,3,pelvis,loading,-0.9580,-0.2101,0.2556,34.1187,-52.0630,16.9678,t009,FJTB
2531980354,5119990,3,pelvis,loading,-0.9293,-0.1096,0.2300,45.9595,-47.0581,15.3809,t009,FJTB
2531980356,5120006,3,pelvis,midstance,-0.9374,-0.1151,0.2013,68.0542,-41.9311,9.9487,t009,FJTB
2531980357,5120022,3,pelvis,midstance,-0.9670,-0.1492,0.1277,77.8198,-42.6025,6.7139,t009,FJTB
2531980357,5120037,3,pelvis,midstance,-1.0465,-0.2799,0.2128,92.0410,-43.5791,3.2959,t009,FJTB
2531980425,5120053,3,pelvis,midstance,-1.0557,-0.3337,0.2354,96.3135,-28.6255,2.0752,t009,FJTB
2531980426,5120069,3,pelvis,midstance,-1.0865,-0.5254,0.2365,99.8535,-25.5127,0.9766,t009,FJTB
2531980426,5120085,3,pelvis,midstance,-1.1621,-0.6022,0.3564,96.3135,-28.3203,-1.0986,t009,FJTB
2531980426,5120101,3,pelvis,midstance,-1.3406,-0.6340,0.7572,84.9609,-21.0571,-4.7607,t009,FJTB
2531980492,5120117,3,pelvis,midstance,-1.3987,-0.4794,1.0839,44.3726,18.1885,-17.8223,t009,FJTB
2531980493,5120133,3,pelvis,midstance,-1.4338,-0.2970,1.1509,-1.7700,80.3833,-40.1001,t009,FJTB
2531980494,5120149,3,pelvis,midstance,-1.4872,0.1653,1.0688,-16.7236,115.0513,-50.7202,t009,FJTB
2531980495,5120165,3,pelvis,midstance,-1.3878,0.3179,0.7297,-20.0195,149.9023,-43.0908,t009,FJTB
2531980562,5120181,3,pelvis,midstance,-1.0358,0.4979,-0.0157,-1.4038,126.7700,-32.9590,t009,FJTB
2531980563,5120197,3,pelvis,midstance,-1.0594,0.3104,-0.1143,76.2329,85.6323,-39.1846,t009,FJTB
2531980571,5120213,3,pelvis,midstance,-1.3412,-0.0532,-0.2212,154.1138,107.4219,-41.8701,t009,FJTB
2531980628,5120229,3,pelvis,terminal,-1.7382,-0.0527,-0.3923,165.6494,119.6899,-36.9263,t009,FJTB
2531980629,5120245,3,pelvis,terminal,-1.8759,-0.1458,-0.4268,111.1450,145.0195,-14.0991,t009,FJTB
2531980629,5120261,3,pelvis,terminal,-1.6925,-0.5170,-0.4856,70.0684,163.5132,0.0610,t009,FJTB
2531980629,5120277,3,pelvis,terminal,-1.4948,-0.5740,-0.4741,7.7515,180.6640,20.3857,t009,FJTB
2531980629,5120293,3,pelvis,terminal,-1.2118,-0.4027,-0.2399,-9.5215,177.1240,21.2402,t009,FJTB
2531980629,5120309,3,pelvis,terminal,-1.0720,-0.3889,-0.2938,-24.4141,157.5928,8.7891,t009,FJTB
2531980705,5120325,3,pelvis,terminal,-1.0278,-0.4028,-0.3809,-47.4243,135.8643,6.6528,t009,FJTB
2531980705,5120341,3,pelvis,terminal,-0.9453,-0.3337,-0.4619,-60.1196,128.7842,7.6904,t009,FJTB
2531980706,5120357,3,pelvis,terminal,-0.9270,-0.2937,-0.4674,-74.3408,119.0796,8.6670,t009,FJTB
2531980706,5120373,3,pelvis,terminal,-0.8704,-0.2894,-0.4708,-80.2612,114.8071,11.7187,t009,FJTB
2531980706,5120389,3,pelvis,terminal,-0.7535,-0.3280,-0.4030,-105.6518,102.9053,24.2310,t009,FJTB
2531980774,5120405,3,pelvis,terminal,-0.7051,-0.3475,-0.3538,-137.5122,96.8018,32.7759,t009,FJTB
2531980776,5120421,3,pelvis,terminal,-0.6736,-0.3264,-0.3348,-145.5688,95.5810,35.3394,t009,FJTB
2531980776,5120437,3,pelvis,terminal,-0.6619,-0.2859,-0.3209,-142.0898,80.0781,39.8560,t009,FJTB
2531980777,5120453,3,pelvis,terminal,-0.6122,-0.1219,-0.2039,-130.9204,67.7490,41.0156,t009,FJTB
2531980847,5120469,3,pelvis,terminal,-0.6237,0.0197,-0.0641,-102.9663,46.2036,39.3066,t009,FJTB
2531980847,5120485,3,pelvis,terminal,-0.6276,0.0559,-0.0028,-80.7495,31.1279,35.4614,t009,FJTB
2531980848,5120500,3,pelvis,terminal,-0.6527,0.1180,0.1726,-71.7773,27.6489,31.6772,t009,FJTB
2531980848,5120516,3,pelvis,terminal,-0.6837,0.1864,0.3000,-68.2373,21.5454,28.1982,t009,FJTB
2531980870,5120532,3,pelvis,terminal,-0.7726,0.3461,0.6987,-68.2983,21.9116,28.1372,t009,FJTB
2531980914,5120548,3,pelvis,terminal,-0.7711,0.3612,0.8646,-41.2598,47.2412,8.1787,t009,FJTB
2531980914,5120564,3,pelvis,terminal,-0.5813,0.2715,0.8798,-14.8926,57.4341,-8.4229,t009,FJTB
2531980914,5120580,3,pelvis,swing,-0.5187,0.0133,0.8458,28.1982,41.7480,-17.8833,t009,FJTB
2531980915,5120596,3,pelvis,swing,-0.5875,-0.1387,0.8405,39.6729,19.2261,3.7231,t009,FJTB
2531980991,5120611,3,pelvis,swing,-0.8129,-0.3519,0.8367,40.8325,16.2964,18.3105,t009,FJTB
2531980992,5120627,3,pelvis,swing,-0.8832,-0.4132,0.8342,48.3398,15.3809,41.7480,t009,FJTB
2531980992,5120643,3,pelvis,swing,-0.7988,-0.3514,0.8711,53.1616,14.8926,43.4570,t009,FJTB
2531980993,5120659,3,pelvis,swing,-0.6963,-0.2998,0.8512,51.5747,18.6768,25.0244,t009,FJTB
2531980993,5120675,3,pelvis,swing,-0.6056,-0.3427,0.7736,37.2925,20.0806,15.6250,t009,FJTB
2531981061,5120691,3,pelvis,swing,-0.5604,-0.4351,0.6904,-6.2256,17.8223,10.6812,t009,FJTB
2531981061,5120707,3,pelvis,swing,-0.5345,-0.4532,0.6437,-42.2363,8.6670,14.4653,t009,FJTB
2531981063,5120723,3,pelvis,swing,-0.4717,-0.4982,0.4879,-62.9272,2.1362,19.1040,t009,FJTB
2531981064,5120739,3,pelvis,swing,-0.3690,-0.4248,0.3007,-105.4687,-26.6113,32.7759,t009,FJTB
2531981126,5120754,3,pelvis,swing,-0.5051,-0.3123,0.1964,-110.7788,-58.4106,34.6680,t009,FJTB
2531981135,5120770,3,pelvis,swing,-1.8997,-0.3359,1.3032,-126.7700,-73.1812,30.9448,t009,FJTB
2531981135,5120786,3,pelvis,swing,-2.6274,-0.3983,1.7218,-204.5898,-14.4043,49.1333,t009,FJTB
2531981135,5120802,3,pelvis,swing,-1.4736,0.2407,0.5060,-236.9995,-0.7324,55.2368,t009,FJTB
2531981136,5120818,3,pelvis,swing,-0.8572,0.7426,-0.3533,-191.2231,-38.8794,54.2603,t009,FJTB
2531981202,5120834,3,pelvis,swing,-0.6051,1.1622,-0.4705,-99.3042,-73.6694,68.3594,t009,FJTB
2531981204,5120850,3,pelvis,swing,-0.3761,0.5653,-0.3135,116.4551,-67.6880,48.0347,t009,FJTB
2531981204,5120866,3,pelvis,swing,-0.4719,-0.1486,-0.5424,197.3266,-43.5791,-13.6108,t009,FJTB
2531981205,5120882,3,pelvis,swing,-0.9780,-1.0515,-0.2703,183.7768,-58.0444,-7.1411,t009,FJTB
2531981277,5120898,3,pelvis,swing,-1.2432,-1.0422,-0.0359,117.7368,-68.6035,11.4136,t009,FJTB
2531981278,5120915,3,pelvis,swing,-1.5032,-0.7534,0.1305,78.8574,-69.0308,15.1978,t009,FJTB
2531981279,5120931,3,pelvis,swing,-1.0912,-0.5425,0.1926,8.6670,-67.6270,26.7944,t009,FJTB
2531981328,5120947,3,pelvis,swing,-0.9294,-0.4124,0.1781,-39.7339,-73.3643,29.2358,t009,FJTB
2531981349,5120963,3,pelvis,swing,-0.8372,-0.0842,0.1877,-47.9126,-77.0264,29.6631,t009,FJTB
2531981350,5120979,3,pelvis,swing,-0.8099,0.0835,0.2377,-19.1650,-75.3784,25.6348,t009,FJTB
2531981350,5120995,3,pelvis,swing,-0.8373,0.3942,0.5496,19.7144,-54.7485,10.3760,t009,FJTB
2531981350,5121011,3,pelvis,swing,-0.7996,0.2061,0.3195,53.8940,-5.6152,-48.8281,t009,FJTB
2531981350,5121027,3,pelvis,swing,-0.9946,-0.4344,-0.0288,23.4985,-33.3862,-37.7808,t009,FJTB
2531981423,5121043,3,pelvis,swing,-1.1150,-0.5233,0.2040,-9.0942,-96.9849,34.4238,t009,FJTB
2531981423,5121059,3,pelvis,swing,-1.0027,-0.2272,0.4606,21.3623,-95.7642,62.8052,t009,FJTB
2531981424,5121075,3,pelvis,swing,-0.8038,-0.0717,0.3253,34.2407,-71.7163,25.6958,t009,FJTB
2531981424,5121091,3,pelvis,swing,-0.8372,-0.3044,0.2345,41.0156,-66.4063,0.8545,t009,FJTB
2531981489,5121107,3,pelvis,swing,-0.8607,-0.3347,0.2483,33.5693,-71.3501,14.3433,t009,FJTB
2531981493,5121123,3,pelvis,swing,-0.8866,-0.2349,0.2999,37.2925,-65.4297,19.4702,t009,FJTB
2531981494,5121139,3,pelvis,swing,-0.8964,-0.2219,0.2307,38.5742,-63.5986,13.3667,t009,FJTB
2531981494,5121155,3,pelvis,loading,-0.9351,-0.1875,0.2073,38.2080,-63.5986,11.8408,t009,FJTB
2531981494,5121171,3,pelvis,loading,-0.9375,-0.1862,0.1718,42.6636,-57.3730,7.5684,t009,FJTB
2531981571,5121187,3,pelvis,loading,-0.9178,-0.2379,0.1364,46.2036,-53.7720,5.6763,t009,FJTB
2531981571,5121203,3,pelvis,loading,-0.8901,-0.2855,0.1184,48.4619,-52.6733,4.3945,t009,FJTB
2531981572,5121219,3,pelvis,loading,-0.8966,-0.2771,0.1075,41.8091,-61.6455,6.8359,t009,FJTB
2531981572,5121235,3,pelvis,loading,-0.9407,-0.2264,0.1038,39.0015,-66.1011,8.6060,t009,FJTB
2531981573,5121251,3,pelvis,loading,-0.9462,-0.2074,0.0983,44.6167,-71.0449,9.7046,t009,FJTB
2531981641,5121267,3,pelvis,loading,-0.9335,-0.2217,0.1085,49.4995,-70.3125,9.8877,t009,FJTB
2531981643,5121283,3,pelvis,loading,-0.8945,-0.2804,0.1383,52.5513,-62.8052,10.8032,t009,FJTB
2531981644,5121299,3,pelvis,loading,-0.8879,-0.3413,0.1311,51.8188,-57.2510,8.3618,t009,FJTB
2531981713,5121315,3,pelvis,loading,-0.9314,-0.4003,0.0997,49.5605,-56.0303,7.6294,t009,FJTB
2531981713,5121331,3,pelvis,loading,-0.9669,-0.3662,0.0967,46.2036,-50.9033,9.2773,t009,FJTB
2531981714,5121347,3,pelvis,loading,-1.0020,-0.2286,0.0850,46.5088,-48.8281,9.9487,t009,FJTB
2531981714,5121363,3,pelvis,loading,-0.9814,-0.1226,0.0948,51.2695,-47.1191,9.2773,t009,FJTB
2531981714,5121379,3,pelvis,loading,-0.9553,-0.1134,0.0900,62.6221,-44.3115,6.8970,t009,FJTB
2531981723,5121395,3,pelvis,loading,-0.9384,-0.1368,0.0437,70.0684,-41.9311,4.6997,t009,FJTB
2531981779,5121411,3,pelvis,loading,-0.9395,-0.1256,-0.0034,83.4351,-36.3159,-3.8452,t009,FJTB
2531981779,5121427,3,pelvis,loading,-0.9364,-0.1439,-0.0680,89.0503,-38.0249,-4.6997,t009,FJTB
2531981781,5121443,3,pelvis,midstance,-0.9723,-0.1947,0.0009,97.4121,-45.2270,-0.9155,t009,FJTB
2531981782,5121459,3,pelvis,midstance,-0.9978,-0.2661,0.0544,100.0366,-45.5322,0.1221,t009,FJTB
2531981850,5121475,3,pelvis,midstance,-1.0785,-0.4454,0.2300,97.3511,-44.6777,1.4648,t009,FJTB
2531981851,5121491,3,pelvis,midstance,-1.1307,-0.5037,0.3589,85.2661,-37.3535,-2.1362,t009,FJTB
2531981852,5121507,3,pelvis,midstance,-1.3030,-0.4850,0.7153,75.9888,-29.7241,-7.8125,t009,FJTB
2531981853,5121523,3,pelvis,midstance,-1.3800,-0.3983,0.9281,42.8467,3.7231,-26.1841,t009,FJTB
2531981905,5121539,3,pelvis,midstance,-1.4525,-0.1141,1.2191,8.3008,70.5566,-55.5420,t009,FJTB
2531981918,5121555,3,pelvis,midstance,-1.3348,0.1195,0.8739,6.5308,102.1118,-62.5000,t009,FJTB
2531981920,5121571,3,pelvis,midstance,-1.1938,0.1244,0.4868,43.9453,110.3516,-40.2832,t009,FJTB
2531981920,5121587,3,pelvis,midstance,-1.1174,-0.0891,-0.0199,76.7822,92.5903,-31.0669,t009,FJTB
2531981987,5121603,3,pelvis,midstance,-1.2936,-0.2988,-0.1382,131.2866,89.5996,-36.7432,t009,FJTB
2531981987,5121619,3,pelvis,midstance,-1.5822,-0.2324,-0.3210,133.9722,104.9194,-34.9731,t009,FJTB
2531981988,5121635,3,pelvis,midstance,-1.6625,-0.1237,-0.3770,88.5620,132.0190,-25.0854,t009,FJTB
2531981988,5121651,3,pelvis,midstance,-1.6238,-0.2330,-0.3853,23.8647,156.7383,-4.6997,t009,FJTB
2531981988,5121668,3,pelvis,midstance,-1.3958,-0.3666,-0.3239,-2.0752,166.3208,6.7139,t009,FJTB
2531982058,5121684,3,pelvis,midstance,-1.2736,-0.3359,-0.2870,-41.9922,163.5132,11.5967,t009,FJTB
2531982059,5121700,3,pelvis,midstance,-1.1373,-0.1521,-0.1323,-57.5561,153.4424,7.8125,t009,FJTB
2531982060,5121716,3,pelvis,midstance,-1.0879,-0.1998,-0.1189,-63.3545,149.0479,-2.6855,t009,FJTB
2531982134,5121732,3,pelvis,midstance,-1.0696,-0.2776,-0.2074,-60.7300,149.7803,-1.9531,t009,FJTB
2531982135,5121748,3,pelvis,midstance,-1.0695,-0.3123,-0.2969,-64.8804,147.3999,2.6855,t009,FJTB
2531982136,5121764,3,pelvis,midstance,-1.0536,-0.2996,-0.2906,-74.5239,143.7378,7.6294,t009,FJTB
2531982204,5121780,3,pelvis,midstance,-0.9901,-0.2960,-0.2980,-77.4536,143.4937,6.8359,t009,FJTB
2531982205,5121796,3,pelvis,terminal,-0.8654,-0.3098,-0.2830,-88.9282,131.8359,3.7842,t009,FJTB
2531982205,5121813,3,pelvis,terminal,-0.8075,-0.2782,-0.2324,-96.0693,113.1592,7.5073,t009,FJTB
2531982206,5121829,3,pelvis,terminal,-0.7031,-0.2931,-0.1569,-93.4448,104.8584,13.0005,t009,FJTB
2531982206,5121845,3,pelvis,terminal,-0.6482,-0.3391,-0.1062,-77.4536,91.1865,31.4331,t009,FJTB
2531982206,5121861,3,pelvis,terminal,-0.6227,-0.3287,-0.1035,-49.2554,77.5757,43.5181,t009,FJTB
2531982207,5121877,3,pelvis,terminal,-0.6143,-0.3188,-0.0975,-40.5273,69.9463,42.7856,t009,FJTB
2531982210,5121893,3,pelvis,terminal,-0.6158,-0.2898,-0.0765,-38.8184,53.2837,41.6260,t009,FJTB
2531982283,5121909,3,pelvis,terminal,-0.6021,-0.1821,-0.0024,-42.9687,46.5698,39.7339,t009,FJTB
2531982283,5121925,3,pelvis,terminal,-0.5667,-0.0146,0.0963,-58.3496,34.3628,34.5459,t009,FJTB
2531982284,5121942,3,pelvis,terminal,-0.5624,0.0901,0.1794,-80.2612,14.7705,30.2124,t009,FJTB
2531982284,5121958,3,pelvis,terminal,-0.5981,0.2902,0.4843,-85.6934,8.3618,24.9634,t009,FJTB
2531982354,5121974,3,pelvis,terminal,-0.5988,0.2961,0.6017,-72.3267,16.1133,0.9155,t009,FJTB
2531982356,5121989,3,pelvis,terminal,-0.5959,0.1235,0.6749,-55.9692,20.2026,-6.2256,t009,FJTB
2531982357,5122005,3,pelvis,terminal,-0.6251,0.0121,0.7150,-19.0430,16.4185,4.5776,t009,FJTB
2531982358,5122021,3,pelvis,terminal,-0.7897,-0.1584,0.9003,-2.1973,11.9629,17.8223,t009,FJTB
2531982359,5122037,3,pelvis,terminal,-0.9159,-0.2598,1.0461,17.6392,4.5166,40.1611,t009,FJTB
2531982429,5122053,3,pelvis,terminal,-0.8899,-0.2401,1.0605,14.8926,0.0000,44.7998,t009,FJTB
2531982430,5122069,3,pelvis,terminal,-0.7581,-0.2083,1.0609,8.3008,4.3945,37.7197,t009,FJTB
2531982430,5122085,3,pelvis,terminal,-0.6976,-0.2719,1.0098,-10.4980,16.1133,24.0478,t009,FJTB
2531982431,5122101,3,pelvis,terminal,-0.6101,-0.4249,0.8345,-22.7661,17.1509,24.4751,t009,FJTB
2531982491,5122117,3,pelvis,terminal,-0.5204,-0.4547,0.6199,-48.5229,10.4370,32.4097,t009,FJTB
2531982499,5122133,3,pelvis,terminal,-0.5109,-0.4457,0.5265,-75.7446,1.0986,36.8652,t009,FJTB
2531982499,5122149,3,pelvis,swing,-0.2881,-0.3735,0.0603,-82.2143,-7.1411,33.2031,t009,FJTB
2531982501,5122165,3,pelvis,swing,-0.2670,-0.3347,-0.3466,-101.8066,-77.2095,28.6255,t009,FJTB
2531982502,5122182,3,pelvis,swing,-1.3313,0.0221,0.1455,-115.2954,-115.7226,26.4893,t009,FJTB
2531982573,5122198,3,pelvis,swing,-3.3221,-0.0269,2.0022,-166.9922,-34.9121,20.5688,t009,FJTB
2531982573,5122214,3,pelvis,swing,-2.5284,-0.0619,1.5016,-284.2407,38.6353,56.5796,t009,FJTB
2531982573,5122230,3,pelvis,swing,-0.7130,1.0205,-0.1113,-267.6392,-18.6157,74.8901,t009,FJTB
2531982574,5122246,3,pelvis,swing,-0.5970,1.2439,-0.3641,-13.6108,-90.3320,80.0171,t009,FJTB
2531982642,5122262,3,pelvis,swing,-0.5007,0.5787,-0.2590,111.3281,-70.5566,47.7905,t009,FJTB
2531982644,5122278,3,pelvis,swing,-0.3306,-0.6755,-0.6355,209.4116,-15.6860,-17.7612,t009,FJTB
2531982645,5122295,3,pelvis,swing,-0.5332,-1.0741,-0.5076,160.0952,-61.4014,0.6104,t009,FJTB
2531982698,5122311,3,pelvis,swing,-1.0681,-0.9158,0.0812,125.6714,-68.3594,19.2871,t009,FJTB
2531982718,5122327,3,pelvis,swing,-1.2112,-0.6019,0.1199,60.7300,-53.5889,21.5454,t009,FJTB
2531982719,5122343,3,pelvis,swing,-1.3007,-0.5065,0.2185,1.2817,-52.0630,11.7187,t009,FJTB
2531982719,5122359,3,pelvis,swing,-1.0908,-0.4321,0.2661,-32.7759,-56.8237,11.7187,t009,FJTB
2531982720,5122375,3,pelvis,swing,-0.9615,-0.2388,0.2762,-71.8994,-67.0776,19.2871,t009,FJTB
2531982789,5122391,3,pelvis,swing,-0.8427,0.1417,0.2533,-63.7817,-69.2139,20.5078,t009,FJTB
2531982791,5122408,3,pelvis,swing,-0.8132,0.2412,0.1699,-4.3335,-70.6787,18.1274,t009,FJTB
2531982792,5122423,3,pelvis,swing,-0.8517,0.1575,0.1442,46.4478,-71.7773,22.2778,t009,FJTB
2531982793,5122439,3,pelvis,swing,-0.9678,-0.0461,0.1421,57.4341,-71.0449,25.0854,t009,FJTB
2531982793,5122456,3,pelvis,swing,-1.0034,-0.1295,0.1456,59.6924,-65.3076,19.1650,t009,FJTB
2531982866,5122471,3,pelvis,swing,-1.0610,-0.3199,0.1449,53.8940,-59.6924,12.3901,t009,FJTB
2531982867,5122487,3,pelvis,swing,-1.0352,-0.3938,0.1736,36.3770,-49.1333,7.6904,t009,FJTB
2531982868,5122503,3,pelvis,swing,-0.8616,-0.3743,0.2637,32.0435,-47.3022,9.2773,t009,FJTB
2531982868,5122519,3,pelvis,swing,-0.7965,-0.2714,0.3175,37.7808,-50.1099,11.5356,t009,FJTB
2531982937,5122535,3,pelvis,swing,-0.8260,-0.2460,0.3184,50.2930,-54.1382,12.7563,t009,FJTB
2531982939,5122551,3,pelvis,swing,-0.9148,-0.2310,0.2969,55.9692,-55.0537,12.4512,t009,FJTB
2531982940,5122567,3,pelvis,swing,-0.9412,-0.2292,0.2852,62.1338,-54.6875,10.3149,t009,FJTB
2531982940,5122583,3,pelvis,swing,-0.9354,-0.2384,0.2289,61.1572,-54.0161,9.2773,t009,FJTB
2531983013,5122599,3,pelvis,swing,-0.9156,-0.2485,0.1500,54.7485,-55.1758,7.9956,t009,FJTB
2531983013,5122615,3,pelvis,swing,-0.9133,-0.2500,0.1316,44.4946,-55.5420,9.8267,t009,FJTB
2531983014,5122632,3,pelvis,swing,-0.8867,-0.2043,0.0946,39.3066,-54.4434,11.7798,t009,FJTB
2531983082,5122648,3,pelvis,swing,-0.8739,-0.1879,0.0820,38.5742,-56.7017,12.0850,t009,FJTB
2531983083,5122664,3,pelvis,loading,-0.8680,-0.2079,0.0533,43.8843,-61.1572,10.3760,t009,FJTB
2531983083,5122680,3,pelvis,loading,-0.9292,-0.3145,0.0652,58.1055,-72.4487,7.2021,t009,FJTB
2531983084,5122696,3,pelvis,loading,-0.9504,-0.3737,0.0551,61.4014,-73.9136,6.2866,t009,FJTB
2531983084,5122712,3,pelvis,loading,-0.9731,-0.4307,0.0612,56.7017,-72.2656,7.8125,t009,FJTB
2531983084,5122728,3,pelvis,loading,-0.9464,-0.3873,0.0596,43.3960,-70.6787,4.4556,t009,FJTB
2531983084,5122744,3,pelvis,loading,-0.9989,-0.4266,0.1174,37.6587,-70.3125,3.7231,t009,FJTB
2531983084,5122760,3,pelvis,loading,-0.9355,-0.2266,0.1088,19.8975,-55.7251,18.2495,t009,FJTB
2531983158,5122776,3,pelvis,loading,-0.9093,-0.1709,0.0844,32.3486,-49.0112,17.9443,t009,FJTB
2531983159,5122792,3,pelvis,loading,-0.9176,-0.1327,0.0419,42.7246,-47.9126,15.0146,t009,FJTB
2531983160,5122808,3,pelvis,loading,-0.9144,-0.1394,0.0107,54.1382,-41.0156,8.7891,t009,FJTB
2531983160,5122824,3,pelvis,loading,-0.9036,-0.1771,-0.0029,57.9224,-39.7339,7.1411,t009,FJTB
2531983160,5122840,3,pelvis,loading,-0.9487,-0.2009,-0.0352,64.6362,-45.2881,4.7607,t009,FJTB
2531983225,5122856,3,pelvis,loading,-0.9714,-0.1968,-0.0569,69.4580,-52.4902,5.1270,t009,FJTB
2531983225,5122873,3,pelvis,loading,-0.9819,-0.1680,-0.0333,72.2046,-52.6123,5.3101,t009,FJTB
2531983227,5122889,3,pelvis,loading,-0.9733,-0.1887,0.0153,77.5146,-47.8516,0.7935,t009,FJTB
2531983228,5122905,3,pelvis,loading,-1.0071,-0.3361,0.1431,79.4067,-46.9360,-0.9155,t009,FJTB
2531983295,5122921,3,pelvis,loading,-1.1482,-0.5040,0.3514,76.7212,-48.1567,-5.3101,t009,FJTB
2531983296,5122937,3,pelvis,loading,-1.2383,-0.5554,0.5144,68.6035,-41.8701,-13.6719,t009,FJTB
2531983296,5122953,3,pelvis,loading,-1.3429,-0.5757,0.8688,58.9600,-30.0903,-16.9067,t009,FJTB
2531983296,5122969,3,pelvis,loading,-1.3479,-0.5398,1.0135,27.8931,11.9019,-25.8789,t009,FJTB
2531983364,5122985,3,pelvis,loading,-1.3201,-0.2019,1.1512,12.3291,43.5791,-33.0811,t009,FJTB
2531983365,5123001,3,pelvis,midstance,-1.2198,0.2338,0.7014,-1.4648,111.3281,-47.3633,t009,FJTB
2531983365,5123018,3,pelvis,midstance,-1.1199,0.3760,0.3740,13.6108,116.5771,-31.4941,t009,FJTB
2531983366,5123033,3,pelvis,midstance,-1.0988,0.1566,0.0237,40.6494,100.1587,-29.6020,t009,FJTB
2531983366,5123049,3,pelvis,midstance,-1.2570,-0.1211,-0.0741,107.3608,93.9941,-40.7104,t009,FJTB
2531983437,5123065,3,pelvis,midstance,-1.5594,-0.1375,-0.2654,127.6245,106.3232,-40.4053,t009,FJTB
2531983437,5123081,3,pelvis,midstance,-1.8091,-0.1525,-0.4102,117.2485,127.5635,-32.4707,t009,FJTB
2531983438,5123097,3,pelvis,midstance,-1.7979,-0.2673,-0.4486,59.5703,150.5127,-7.0801,t009,FJTB
2531983438,5123113,3,pelvis,midstance,-1.5564,-0.4888,-0.4224,29.5410,163.0859,6.2256,t009,FJTB
2531983502,5123129,3,pelvis,midstance,-1.4187,-0.4928,-0.3937,-23.8037,171.6308,21.0571,t009,FJTB
2531983503,5123145,3,pelvis,midstance,-1.2058,-0.2513,-0.2449,-47.3633,167.7246,19.3481,t009,FJTB
2531983504,5123161,3,pelvis,midstance,-1.1344,-0.1908,-0.2019,-70.6177,155.0293,4.3945,t009,FJTB
2531983505,5123177,3,pelvis,midstance,-1.1073,-0.1907,-0.2289,-61.4014,151.3062,-3.2959,t009,FJTB
2531983549,5123193,3,pelvis,midstance,-1.0596,-0.2820,-0.3657,-60.7300,150.7568,-4.5166,t009,FJTB
2531983577,5123209,3,pelvis,midstance,-1.0157,-0.3101,-0.3833,-67.7490,144.4702,2.8687,t009,FJTB
2531983577,5123225,3,pelvis,midstance,-0.9091,-0.3229,-0.3690,-75.5005,142.0288,6.1646,t009,FJTB
2531983578,5123242,3,pelvis,midstance,-0.7999,-0.3431,-0.3281,-93.0176,131.8359,11.8408,t009,FJTB
2531983578,5123258,3,pelvis,midstance,-0.7407,-0.2933,-0.3009,-106.6284,110.2295,16.5405,t009,FJTB
2531983643,5123274,3,pelvis,midstance,-0.6633,-0.2039,-0.2261,-107.9712,98.4497,16.6626,t009,FJTB
2531983645,5123290,3,pelvis,midstance,-0.6531,-0.2130,-0.1969,-91.3086,83.7402,25.5127,t009,FJTB
2531983645,5123306,3,pelvis,midstance,-0.6312,-0.1992,-0.1810,-75.8667,77.5146,33.9966,t009,FJTB
2531983646,5123322,3,pelvis,midstance,-0.6174,-0.1421,-0.1635,-46.8140,61.5845,39.1235,t009,FJTB
2531983718,5123338,3,pelvis,midstance,-0.6113,-0.1743,-0.1609,-37.4756,40.3442,36.3770,t009,FJTB
2531983719,5123355,3,pelvis,midstance,-0.5471,-0.1395,-0.0989,-40.2832,30.3345,38.0859,t009,FJTB
2531983719,5123371,3,pelvis,midstance,-0.5143,-0.1062,-0.0723,-55.5420,15.8081,34.3018,t009,FJTB
2531983785,5123387,3,pelvis,midstance,-0.5245,-0.0020,0.0524,-66.4063,8.2397,33.5693,t009,FJTB
2531983786,5123403,3,pelvis,midstance,-0.6107,0.1366,0.3960,-85.2661,-8.6060,32.5928,t009,FJTB
2531983786,5123419,3,pelvis,terminal,-0.7037,0.1615,0.6884,-85.2051,-9.9487,15.0757,t009,FJTB
2531983787,5123435,3,pelvis,terminal,-0.9346,0.1710,1.1716,-78.3691,7.8125,0.5493,t009,FJTB
2531983787,5123451,3,pelvis,terminal,-0.9045,0.1270,1.1842,-52.9785,41.6870,-14.9536,t009,FJTB
2531983787,5123467,3,pelvis,terminal,-0.7155,-0.0068,0.9708,-38.4521,39.0625,-7.8735,t009,FJTB
2531983860,5123483,3,pelvis,terminal,-0.8354,-0.1266,0.8551,-0.6714,18.1885,15.0757,t009,FJTB
2531983861,5123499,3,pelvis,terminal,-0.9167,-0.1443,0.8911,22.3389,8.3618,28.6865,t009,FJTB
2531983861,5123515,3,pelvis,terminal,-0.8951,-0.1029,1.0459,24.0478,9.3994,29.2969,t009,FJTB
2531983862,5123530,3,pelvis,terminal,-0.8167,-0.1251,1.0330,29.7852,21.7895,25.4517,t009,FJTB
2531983863,5123546,3,pelvis,terminal,-0.6785,-0.3290,0.8326,29.5410,24.9023,25.6958,t009,FJTB
2531983929,5123562,3,pelvis,terminal,-0.6229,-0.4423,0.7037,10.1318,18.3105,30.5176,t009,FJTB
2531983931,5123578,3,pelvis,terminal,-0.5118,-0.5693,0.4231,-6.8970,11.1694,33.2031,t009,FJTB
2531983931,5123594,3,pelvis,terminal,-0.4751,-0.5734,0.1713,-47.5464,-7.3242,35.0952,t009,FJTB
2531983931,5123610,3,pelvis,terminal,-0.5286,-0.5107,0.0750,-108.5205,-38.4521,30.0903,t009,FJTB
2531984000,5123626,3,pelvis,terminal,-0.8071,-0.2316,0.0973,-138.2446,-65.8569,26.0010,t009,FJTB
2531984000,5123642,3,pelvis,terminal,-1.3982,-0.0769,0.6281,-164.6728,-72.4487,11.7187,t009,FJTB
2531984001,5123658,3,pelvis,terminal,-2.4888,0.0469,1.4106,-177.2461,-32.5928,11.1694,t009,FJTB
2531984001,5123674,3,pelvis,terminal,-1.3053,0.4966,0.3113,-215.1489,0.2441,35.4614,t009,FJTB
2531984066,5123690,3,pelvis,terminal,-0.9413,0.7996,-0.0447,-114.5630,-63.1714,67.7490,t009,FJTB
2531984069,5123706,3,pelvis,swing,-0.6676,0.7167,-0.2799,-17.8833,-74.8291,70.6787,t009,FJTB
2531984070,5123722,3,pelvis,swing,-0.4005,0.4218,-0.3306,135.6201,-54.0771,36.8042,t009,FJTB
2531984070,5123738,3,pelvis,swing,-0.2706,-0.3217,-0.5317,161.9263,-52.3682,17.4561,t009,FJTB
2531984071,5123754,3,pelvis,swing,-0.8470,-0.9541,-0.1411,138.0005,-77.8809,7.4463,t009,FJTB
2531984142,5123770,3,pelvis,swing,-1.1132,-0.9016,0.0302,79.1016,-69.4580,21.7285,t009,FJTB
2531984142,5123786,3,pelvis,swing,-1.3955,-0.6039,0.1492,47.3633,-64.1479,20.4468,t009,FJTB
2531984142,5123802,3,pelvis,swing,-1.3563,-0.5708,0.2241,-17.3340,-60.8520,17.8833,t009,FJTB
2531984142,5123818,3,pelvis,swing,-1.0076,-0.3237,0.2987,-45.1660,-61.6455,19.2871,t009,FJTB
2531984212,5123834,3,pelvis,swing,-0.7954,0.0099,0.3291,-65.3076,-64.9414,21.8506,t009,FJTB
2531984214,5123850,3,pelvis,swing,-0.7777,0.1298,0.3503,-31.9214,-61.8896,19.0430,t009,FJTB
2531984214,5123866,3,pelvis,swing,-0.7845,0.1447,0.3387,-8.0566,-59.6313,17.3340,t009,FJTB
2531984284,5123882,3,pelvis,swing,-0.8232,0.0596,0.3219,24.8413,-59.0820,21.6675,t009,FJTB
2531984285,5123898,3,pelvis,swing,-0.9523,-0.0919,0.2867,34.8511,-59.8755,25.6958,t009,FJTB
2531984285,5123914,3,pelvis,swing,-1.0039,-0.1213,0.2620,50.9644,-58.9600,23.9258,t009,FJTB
2531984286,5123930,3,pelvis,swing,-1.0768,-0.2283,0.2091,54.7485,-55.5420,19.4092,t009,FJTB
2531984286,5123946,3,pelvis,swing,-0.9929,-0.3351,0.2136,53.2227,-45.5933,16.1133,t009,FJTB
2531984286,5123962,3,pelvis,swing,-0.8992,-0.3511,0.2137,54.0771,-41.0767,13.0005,t009,FJTB
2531984355,5123978,3,pelvis,swing,-0.7683,-0.3209,0.2164,55.1147,-41.6260,10.8032,t009,FJTB
2531984355,5123994,3,pelvis,swing,-0.7697,-0.3035,0.2146,54.6265,-46.2646,9.5215,t009,FJTB
2531984356,5124010,3,pelvis,swing,-0.8929,-0.2965,0.1924,53.4058,-48.7061,9.5825,t009,FJTB
2531984356,5124026,3,pelvis,swing,-1.0159,-0.2756,0.1508,47.6685,-49.1333,8.1177,t009,FJTB
2531984379,5124042,3,pelvis,swing,-1.0283,-0.2594,0.1405,37.1094,-43.5181,5.6152,t009,FJTB
2531984427,5124058,3,pelvis,swing,-0.9905,-0.2603,0.1466,31.3110,-39.6118,4.8828,t009,FJTB
2531984427,5124074,3,pelvis,swing,-0.9609,-0.2722,0.1570,20.7520,-33.5693,4.7607,t009,FJTB
2531984428,5124090,3,pelvis,swing,-0.9010,-0.2555,0.1472,16.6626,-32.5928,5.4321,t009,FJTB
2531984428,5124106,3,pelvis,swing,-0.8578,-0.1561,0.1144,14.7095,-34.5459,7.3853,t009,FJTB
2531984496,5124122,3,pelvis,swing,-0.8481,-0.1033,0.0916,23.8037,-39.8560,6.7139,t009,FJTB
2531984496,5124138,3,pelvis,swing,-0.8822,-0.0908,0.0767,31.7993,-42.8467,5.4932,t009,FJTB
2531984497,5124154,3,pelvis,swing,-0.9150,-0.1388,0.0789,48.0957,-48.0957,4.9438,t009,FJTB
2531984497,5124170,3,pelvis,swing,-0.9583,-0.2814,0.0396,53.5278,-50.4761,5.0049,t009,FJTB
2531984565,5124186,3,pelvis,swing,-0.9437,-0.3414,-0.0081,59.0210,-57.0679,2.6245,t009,FJTB
2531984566,5124202,3,pelvis,swing,-0.9658,-0.3804,0.0358,58.7158,-54.9316,1.0376,t009,FJTB
2531984567,5124218,3,pelvis,swing,-0.9199,-0.3612,0.0171,54.0161,-48.5229,3.1738,t009,FJTB
2531984567,5124234,3,pelvis,swing,-0.8796,-0.3391,-0.0081,42.2974,-49.4385,10.3760,t009,FJTB
2531984633,5124250,3,pelvis,swing,-0.8954,-0.3174,0.0968,39.9170,-53.3447,15.1367,t009,FJTB
2531984633,5124266,3,pelvis,swing,-0.9514,-0.2791,0.1066,41.9311,-52.8564,16.8457,t009,FJTB
2531984634,5124282,3,pelvis,swing,-0.9663,-0.2417,0.0834,42.3584,-49.3164,9.1553,t009,FJTB
2531984634,5124298,3,pelvis,swing,-0.9746,-0.1892,0.0499,40.7715,-47.0581,4.7607,t009,FJTB
2531984700,5124314,3,pelvis,swing,-0.9727,-0.1923,0.0302,40.8325,-44.6167,0.1221,t009,FJTB
2531984701,5124330,3,pelvis,swing,-0.9729,-0.1813,0.0175,43.7012,-45.3491,0.3662,t009,FJTB
2531984701,5124346,3,pelvis,loading,-0.9673,-0.1815,0.0226,52.4902,-48.2788,3.2959,t009,FJTB
2531984702,5124362,3,pelvis,loading,-0.9862,-0.2433,0.0587,59.8755,-51.2085,4.8218,t009,FJTB
2531984702,5124378,3,pelvis,loading,-1.0699,-0.3713,0.1169,74.9512,-53.9551,0.4883,t009,FJTB
2531984764,5124394,3,pelvis,loading,-1.1346,-0.4349,0.1816,72.2046,-49.1943,-9.3994,t009,FJTB
2531984766,5124410,3,pelvis,loading,-1.3309,-0.5289,0.4535,61.2183,-39.4287,-12.2070,t009,FJTB
2531984767,5124426,3,pelvis,loading,-1.4349,-0.5083,0.6035,32.2266,-1.4648,-16.9678,t009,FJTB
2531984767,5124442,3,pelvis,loading,-1.4398,-0.1326,0.7968,18.5547,23.3154,-21.0571,t009,FJTB
2531984833,5124458,3,pelvis,loading,-1.2043,0.4159,0.6929,3.8452,67.0166,-30.0293,t009,FJTB
2531984834,5124474,3,pelvis,loading,-1.1407,0.5023,0.5724,26.9775,90.3931,-37.2925,t009,FJTB
2531984834,5124490,3,pelvis,loading,-1.0408,0.3131,0.1940,54.8706,97.4731,-38.2080,t009,FJTB
2531984835,5124506,3,pelvis,loading,-1.0164,0.1525,0.0653,116.0278,100.9521,-49.8047,t009,FJTB
2531984897,5124522,3,pelvis,loading,-1.1605,-0.1525,-0.1051,137.4512,105.5908,-54.6875,t009,FJTB
2531984897,5124538,3,pelvis,loading,-1.4382,-0.2682,-0.2651,136.9019,112.9761,-47.4243,t009,FJTB
2531984899,5124554,3,pelvis,loading,-1.5387,-0.2892,-0.3221,85.7544,117.2485,-29.5410,t009,FJTB
2531984900,5124570,3,pelvis,loading,-1.5256,-0.3634,-0.3395,55.9692,124.9390,-21.6064,t009,FJTB
2531984922,5124586,3,pelvis,loading,-1.4213,-0.4181,-0.3456,7.1411,143.7378,-8.1177,t009,FJTB
2531984968,5124602,3,pelvis,loading,-1.1383,-0.4312,-0.3729,-11.1084,144.4702,-2.4414,t009,FJTB
2531984969,5124619,3,pelvis,loading,-1.0590,-0.3754,-0.2371,-37.4146,129.6997,2.1973,t009,FJTB
2531984970,5124635,3,pelvis,loading,-1.0782,-0.3481,-0.2145,-46.8750,122.4976,-2.3193,t009,FJTB
2531985034,5124651,3,pelvis,loading,-1.0883,-0.3114,-0.2808,-50.5371,121.2768,-3.2959,t009,FJTB
2531985034,5124667,3,pelvis,midstance,-1.0538,-0.2893,-0.2933,-53.0395,118.3472,0.0610,t009,FJTB
2531985035,5124683,3,pelvis,midstance,-0.9800,-0.2721,-0.2744,-50.2930,117.4927,3.1738,t009,FJTB
2531985035,5124699,3,pelvis,midstance,-0.8890,-0.3357,-0.2803,-47.4853,111.6333,14.0381,t009,FJTB
2531985035,5124715,3,pelvis,midstance,-0.8439,-0.3458,-0.2765,-61.2183,100.8911,23.2544,t009,FJTB
2531985108,5124731,3,pelvis,midstance,-0.7783,-0.3168,-0.2323,-72.5708,95.5810,25.2686,t009,FJTB
2531985108,5124747,3,pelvis,midstance,-0.7728,-0.3134,-0.1908,-90.5762,83.7402,30.0903,t009,FJTB
2531985109,5124764,3,pelvis,midstance,-0.7635,-0.3091,-0.0930,-93.4448,78.4912,33.8745,t009,FJTB
2531985109,5124780,3,pelvis,midstance,-0.7653,-0.2301,-0.0067,-86.7920,70.1904,38.8794,t009,FJTB
2531985157,5124796,3,pelvis,midstance,-0.7587,-0.1755,0.0210,-76.5991,58.8989,36.9873,t009,FJTB
2531985178,5124812,3,pelvis,midstance,-0.7347,-0.0753,0.0992,-74.0967,49.5605,35.9497,t009,FJTB
2531985179,5124828,3,pelvis,midstance,-0.7192,-0.0188,0.1512,-71.5942,35.8887,30.5176,t009,FJTB
2531985180,5124844,3,pelvis,midstance,-0.7067,0.0468,0.1726,-72.8149,29.7241,27.2827,t009,FJTB
2531985180,5124860,3,pelvis,midstance,-0.7057,0.1571,0.2529,-80.6885,12.4512,25.9399,t009,FJTB
2531985247,5124876,3,pelvis,midstance,-0.7023,0.2124,0.3201,-79.2847,1.4038,20.3247,t009,FJTB
2531985248,5124892,3,pelvis,midstance,-0.7228,0.2395,0.4797,-70.0073,-0.5493,14.7095,t009,FJTB
2531985248,5124908,3,pelvis,midstance,-0.7501,0.2004,0.5507,-35.2783,4.5776,1.7090,t009,FJTB
2531985248,5124924,3,pelvis,midstance,-0.8760,-0.0197,0.6550,-16.9067,9.2773,-1.8311,t009,FJTB
2531985312,5124940,3,pelvis,midstance,-0.8236,-0.2837,0.6183,14.6484,16.8457,6.0425,t009,FJTB
2531985314,5124956,3,pelvis,midstance,-0.7631,-0.3820,0.5964,33.6304,4.8828,24.4141,t009,FJTB
2531985315,5124972,3,pelvis,midstance,-0.7332,-0.4249,0.6805,34.6069,-0.9766,29.8462,t009,FJTB
2531985315,5124988,3,pelvis,midstance,-0.7295,-0.3868,0.6951,23.3154,4.0283,24.2310,t009,FJTB
2531985383,5125004,3,pelvis,midstance,-0.7374,-0.2809,0.6862,11.9629,8.4839,15.6250,t009,FJTB
2531985384,5125020,3,pelvis,midstance,-0.7482,-0.1157,0.7502,-13.4888,16.2964,0.0000,t009,FJTB
2531985384,5125036,3,pelvis,midstance,-0.7568,-0.0851,0.7972,-27.0996,23.2544,-0.4883,t009,FJTB
2531985399,5125052,3,pelvis,midstance,-0.7992,-0.1624,0.8419,-34.7900,23.9258,8.3008,t009,FJTB
2531985448,5125068,3,pelvis,terminal,-0.7919,-0.1683,0.7925,-48.9502,18.4326,23.5596,t009,FJTB
2531985449,5125084,3,pelvis,terminal,-0.7599,-0.1844,0.6356,-51.3306,12.1460,26.2451,t009,FJTB
2531985449,5125100,3,pelvis,terminal,-0.7126,-0.2181,0.5684,-65.0635,7.6294,31.1279,t009,FJTB
2531985450,5125116,3,pelvis,terminal,-0.6711,-0.2371,0.5156,-79.9561,9.6436,39.1235,t009,FJTB
2531985450,5125133,3,pelvis,terminal,-0.6075,-0.2125,0.4430,-82.3364,8.6670,41.6870,t009,FJTB
2531985520,5125149,3,pelvis,terminal,-0.5973,-0.2115,0.4319,-80.1392,5.1270,40.2832,t009,FJTB
2531985521,5125165,3,pelvis,terminal,-0.4739,-0.2137,-0.0142,-83.7402,-6.4697,41.6870,t009,FJTB
2531985521,5125181,3,pelvis,terminal,-0.7629,0.1041,-0.2203,-78.3691,-82.1533,39.2456,t009,FJTB
2531985521,5125197,3,pelvis,terminal,-1.3356,0.1921,0.4275,-63.0493,-66.4063,14.2212,t009,FJTB
2531985584,5125213,3,pelvis,terminal,-2.9220,-0.3630,2.0524,-85.2661,9.2773,18.2495,t009,FJTB
2531985586,5125229,3,pelvis,terminal,-2.5725,-0.6370,1.3472,-189.3310,37.7808,67.2607,t009,FJTB
2531985587,5125245,3,pelvis,terminal,-0.8096,0.5896,-0.1401,-216.7969,-29.4800,65.0024,t009,FJTB
2531985587,5125261,3,pelvis,terminal,-0.6591,0.8862,-0.3127,-61.4014,-89.8437,43.9453,t009,FJTB
2531985654,5125278,3,pelvis,terminal,-0.5597,0.5518,-0.3782,133.3618,-64.1479,28.1982,t009,FJTB
2531985654,5125294,3,pelvis,terminal,-0.2026,-0.2375,-0.5812,172.7295,-54.2603,8.9722,t009,FJTB
2531985655,5125310,3,pelvis,terminal,-0.4229,-0.4965,-0.6075,141.0522,-67.5049,-7.4463,t009,FJTB
2531985655,5125326,3,pelvis,terminal,-1.0542,-0.6147,-0.1958,105.2856,-73.4253,-0.6104,t009,FJTB
2531985716,5125342,3,pelvis,terminal,-1.3693,-0.2206,0.0417,60.6689,-60.7910,1.1597,t009,FJTB
2531985717,5125358,3,pelvis,terminal,-1.4935,-0.2164,0.1766,36.3770,-43.8843,-6.1035,t009,FJTB
2531985718,5125375,3,pelvis,terminal,-1.2397,-0.3679,0.4664,19.2261,-39.3677,0.0610,t009,FJTB
2531985719,5125391,3,pelvis,terminal,-0.9893,-0.3369,0.5081,3.4790,-42.4805,8.1787,t009,FJTB
2531985784,5125407,3,pelvis,terminal,-0.7548,-0.2679,0.4004,9.7656,-47.0581,6.3477,t009,FJTB
2531985784,5125423,3,pelvis,terminal,-0.7856,-0.2773,0.3149,13.3057,-49.0723,2.7466,t009,FJTB
2531985785,5125439,3,pelvis,terminal,-0.8226,-0.2729,0.3425,-11.5967,-38.8184,8.4839,t009,FJTB
2531985785,5125455,3,pelvis,terminal,-0.9027,-0.1866,0.3977,-22.0337,-32.3486,13.1226,t009,FJTB
2531985838,5125471,3,pelvis,terminal,-0.9325,-0.1240,0.4050,-13.3057,-23.1934,16.4795,t009,FJTB
2531985847,5125487,3,pelvis,swing,-0.9398,-0.0038,0.4324,7.5073,-20.2026,12.6343,t009,FJTB
2531985847,5125503,3,pelvis,swing,-0.8865,-0.0820,0.3557,57.0679,-16.4185,-0.7935,t009,FJTB
2531985848,5125519,3,pelvis,swing,-0.8756,-0.1605,0.2979,82.2754,-19.2261,-5.9814,t009,FJTB
2531985852,5125535,3,pelvis,swing,-0.8833,-0.2836,0.2057,83.9233,-22.0337,-5.4321,t009,FJTB
2531985915,5125551,3,pelvis,swing,-0.8865,-0.3075,0.1796,79.0405,-27.4658,-2.5024,t009,FJTB
2531985915,5125567,3,pelvis,swing,-0.9017,-0.3082,0.1415,76.6602,-28.9307,-0.7324,t009,FJTB
2531985916,5125583,3,pelvis,swing,-0.9718,-0.3395,0.0835,69.5801,-31.7993,1.5869,t009,FJTB
2531985916,5125599,3,pelvis,swing,-1.0192,-0.3657,0.0656,50.2930,-27.2217,2.1362,t009,FJTB
2531985976,5125615,3,pelvis,swing,-1.0043,-0.3723,0.0477,37.9028,-22.5220,1.4648,t009,FJTB
2531985978,5125631,3,pelvis,swing,-0.9559,-0.3660,0.0505,13.3667,-17.7002,-1.5259,t009,FJTB
2531985979,5125648,3,pelvis,swing,-0.8834,-0.3246,0.0620,2.0142,-18.4326,-1.9531,t009,FJTB
2531985997,5125664,3,pelvis,swing,-0.8994,-0.2466,0.0657,-14.6484,-24.7192,0.4272,t009,FJTB
2531986042,5125680,3,pelvis,swing,-0.9353,-0.1906,0.0728,-18.4326,-31.4331,3.3569,t009,FJTB
2531986042,5125696,3,pelvis,swing,-1.0134,-0.0913,0.1102,-15.8081,-32.2266,3.7842,t009,FJTB
2531986043,5125712,3,pelvis,swing,-1.0350,-0.0601,0.1371,-4.8828,-29.5410,4.2725,t009,FJTB
2531986101,5125728,3,pelvis,swing,-1.0184,-0.0527,0.1681,2.5635,-27.7710,5.0659,t009,FJTB
2531986101,5125744,3,pelvis,swing,-0.9730,-0.1105,0.1813,19.3481,-27.4048,6.5308,t009,FJTB
2531986103,5125760,3,pelvis,swing,-0.9486,-0.1417,0.1830,34.4238,-29.9072,6.1035,t009,FJTB
2531986103,5125776,3,pelvis,swing,-0.9258,-0.2214,0.1794,40.4053,-30.6396,4.3335,t009,FJTB
2531986165,5125792,3,pelvis,swing,-0.9229,-0.2573,0.1661,46.2646,-29.2358,1.0376,t009,FJTB
2531986166,5125808,3,pelvis,swing,-0.9414,-0.3053,0.1628,45.7764,-28.0151,0.2441,t009,FJTB
2531986166,5125824,3,pelvis,swing,-0.9491,-0.2747,0.1450,38.0249,-23.3765,-0.2441,t009,FJTB
2531986166,5125840,3,pelvis,swing,-0.9514,-0.2361,0.1354,34.6680,-20.9351,0.0000,t009,FJTB
2531986226,5125856,3,pelvis,swing,-0.9630,-0.1627,0.1351,36.9873,-21.4233,0.1221,t009,FJTB
2531986226,5125872,3,pelvis,swing,-0.9669,-0.1561,0.1595,43.0908,-20.6909,-2.8076,t009,FJTB
2531986227,5125888,3,pelvis,swing,-0.9474,-0.1855,0.1665,45.0439,-17.8223,-3.4790,t009,FJTB
2531986227,5125905,3,pelvis,swing,-0.9197,-0.1859,0.0990,50.7202,-17.5171,-4.8218,t009,FJTB
2531986289,5125921,3,pelvis,swing,-0.9220,-0.1864,0.0789,57.5561,-20.2637,-6.8970,t009,FJTB
2531986289,5125937,3,pelvis,swing,-0.9308,-0.1891,0.0504,60.1807,-20.5078,-7.7515,t009,FJTB
2531986289,5125954,3,pelvis,swing,-0.9453,-0.2169,0.0388,65.3076,-20.6909,-10.3149,t009,FJTB
2531986290,5125970,3,pelvis,swing,-0.9717,-0.2441,-0.0034,65.9790,-20.8130,-9.5825,t009,FJTB
2531986348,5125986,3,pelvis,swing,-0.9562,-0.2487,-0.0299,66.1011,-24.1699,-9.1553,t009,FJTB
2531986350,5126002,3,pelvis,swing,-0.9482,-0.2495,-0.0563,66.6504,-27.9541,-10.8643,t009,FJTB
2531986350,5126018,3,pelvis,swing,-0.9722,-0.2675,-0.0574,68.0542,-30.0293,-11.4746,t009,FJTB
2531986359,5126034,3,pelvis,swing,-1.0349,-0.2710,-0.0699,67.9321,-31.0669,-11.1084,t009,FJTB
2531986413,5126050,3,pelvis,swing,-1.1035,-0.2899,-0.0317,67.4438,-34.1797,-14.4653,t009,FJTB
2531986413,5126066,3,pelvis,swing,-1.1504,-0.2505,0.0450,66.0400,-28.0151,-14.5264,t009,FJTB
2531986413,5126082,3,pelvis,swing,-1.0557,-0.1952,0.0111,60.4248,-12.1460,-16.3574,t009,FJTB
2531986472,5126098,3,pelvis,swing,-0.9121,-0.1215,-0.0314,59.6924,-7.9956,-20.0806,t009,FJTB
2531986473,5126114,3,pelvis,swing,-0.9012,-0.1072,-0.0410,62.0117,-2.5024,-25.5737,t009,FJTB
2531986474,5126131,3,pelvis,swing,-0.9163,-0.1244,-0.0449,65.3687,0.2441,-23.2544,t009,FJTB
2531986475,5126147,3,pelvis,swing,-0.9440,-0.1617,-0.0513,66.9556,0.4272,-21.7285,t009,FJTB
2531986537,5126163,3,pelvis,swing,-0.9762,-0.1779,-0.0553,68.4204,-0.8545,-20.2637,t009,FJTB
2531986538,5126179,3,pelvis,swing,-1.0240,-0.1630,-0.0498,68.2983,-0.8545,-19.2871,t009,FJTB
2531986538,5126195,3,pelvis,swing,-0.9851,-0.1268,-0.0128,67.6270,1.0986,-16.1133,t009,FJTB
2531986538,5126211,3,pelvis,swing,-0.9629,-0.1277,0.0154,68.2983,6.3477,-14.4653,t009,FJTB
2531986596,5126227,3,pelvis,swing,-0.9658,-0.1633,0.0946,66.7114,10.3149,-14.7095,t009,FJTB
2531986598,5126243,3,pelvis,swing,-0.9896,-0.1768,0.1501,58.0444,20.6299,-14.1602,t009,FJTB
2531986599,5126259,3,pelvis,swing,-1.0477,-0.1691,0.2234,52.4902,26.9165,-13.4277,t009,FJTB
2531986599,5126275,3,pelvis,swing,-1.0621,-0.1603,0.2225,42.8467,40.7715,-13.4277,t009,FJTB
2531986659,5126291,3,pelvis,swing,-1.0786,-0.1001,0.2008,39.5508,47.3633,-13.6719,t009,FJTB
2531986660,5126307,3,pelvis,swing,-1.1367,-0.0005,0.2230,39.4287,62.8052,-16.2964,t009,FJTB
2531986661,5126323,3,pelvis,swing,-1.1537,0.0336,0.2321,43.0298,83.4961,-20.2026,t009,FJTB
2531986661,5126339,3,pelvis,swing,-1.1863,0.0702,0.2765,41.1377,91.1865,-21.6675,t009,FJTB
2531986719,5126355,3,pelvis,swing,-1.2013,0.0950,0.2986,34.2407,98.8159,-24.8413,t009,FJTB
2531986720,5126371,3,pelvis,swing,-1.2041,0.1854,0.2872,34.0576,101.1352,-28.0762,t009,FJTB
2531986721,5126387,3,pelvis,swing,-1.1768,0.2355,0.1116,47.6074,101.8677,-36.7432,t009,FJTB
2531986721,5126403,3,pelvis,swing,-1.1772,0.2443,0.0294,71.6553,88.5620,-36.6821,t009,FJTB
2531986780,5126419,3,pelvis,swing,-1.2037,0.2368,-0.0720,83.8623,83.0688,-33.9355,t009,FJTB
2531986781,5126435,3,pelvis,swing,-1.2020,0.2362,-0.1051,100.4639,83.0688,-28.7476,t009,FJTB
2531986781,5126451,3,pelvis,swing,-1.1582,0.2642,-0.1470,104.0649,88.2568,-28.7476,t009,FJTB
2531986825,5126467,3,pelvis,swing,-1.0828,0.2090,-0.1851,102.1728,98.6938,-30.7007,t009,FJTB
2531986839,5126483,3,pelvis,swing,-1.0404,0.1481,-0.2058,97.8393,91.6138,-26.3062,t009,FJTB
2531986839,5126499,3,pelvis,swing,-0.9403,0.0543,-0.1699,96.3745,82.0312,-23.9258,t009,FJTB
2531986839,5126515,3,pelvis,swing,-0.8987,0.0392,-0.1327,89.5386,71.5942,-25.3296,t009,FJTB
2531986898,5126531,3,pelvis,swing,-0.9041,-0.0312,-0.0940,82.0923,72.2046,-27.8320,t009,FJTB
2531986898,5126547,3,pelvis,swing,-0.9313,-0.0876,-0.0880,57.7393,72.7539,-28.6865,t009,FJTB
2531986899,5126563,3,pelvis,swing,-0.9540,-0.1533,-0.0261,32.4707,68.6646,-27.9541,t009,FJTB
2531986899,5126579,3,pelvis,swing,-0.9130,-0.1266,0.0486,22.6440,65.6738,-28.8086,t009,FJTB
2531986954,5126595,3,pelvis,swing,-0.8927,-0.0817,0.0754,7.8125,55.2978,-31.8603,t009,FJTB
2531986956,5126611,3,pelvis,swing,-0.8704,0.0200,0.1051,4.0894,49.0723,-33.3252,t009,FJTB
2531986957,5126626,3,pelvis,swing,-0.8635,0.0587,0.1184,7.8125,37.5977,-34.4849,t009,FJTB
2531986992,5126642,3,pelvis,swing,-0.8450,0.1112,0.1570,14.7705,32.7759,-34.2407,t009,FJTB
2531987016,5126658,3,pelvis,swing,-0.8328,0.1263,0.2307,34.7900,25.8789,-34.7900,t009,FJTB
2531987016,5126674,3,pelvis,swing,-0.8275,0.1035,0.2393,51.7578,21.1182,-35.1563,t009,FJTB
2531987017,5126690,3,pelvis,swing,-0.8339,0.0717,0.3048,54.5044,16.2964,-33.8135,t009,FJTB
2531987072,5126706,3,pelvis,swing,-0.8356,0.0663,0.3412,58.4106,13.7939,-34.8511,t009,FJTB
2531987074,5126722,3,pelvis,swing,-0.8486,0.0500,0.3818,59.5093,13.1836,-34.7900,t009,FJTB
2531987074,5126738,3,pelvis,swing,-0.8513,0.0020,0.4576,58.1055,11.4136,-31.4331,t009,FJTB
2531987074,5126754,3,pelvis,swing,-0.8433,-0.0403,0.4993,58.6548,17.0288,-29.9683,t009,FJTB
2531987133,5126770,3,pelvis,swing,-0.8536,-0.0963,0.5859,58.1665,22.9492,-31.7993,t009,FJTB
2531987133,5126786,3,pelvis,swing,-0.8732,-0.0978,0.6068,53.5278,38.6353,-38.3911,t009,FJTB
2531987134,5126802,3,pelvis,swing,-0.9028,-0.0753,0.6602,49.6826,44.0063,-39.6729,t009,FJTB
2531987135,5126818,3,pelvis,swing,-0.8488,-0.0693,0.7009,38.9404,47.9126,-33.2642,t009,FJTB
2531987191,5126834,3,pelvis,swing,-0.7823,-0.0325,0.6595,23.6816,37.9639,-22.4609,t009,FJTB
2531987192,5126850,3,pelvis,swing,-0.6914,-0.0566,0.5958,22.0947,28.1372,-19.2261,t009,FJTB
2531987192,5126866,3,pelvis,swing,-0.7094,-0.0890,0.6108,20.5688,16.9678,-10.9253,t009,FJTB
2531987248,5126882,3,pelvis,swing,-0.7615,-0.0199,0.6534,16.5405,17.8223,-8.9722,t009,FJTB
2531987249,5126898,3,pelvis,swing,-0.7587,0.0574,0.6686,3.7231,22.5830,-12.3291,t009,FJTB
2531987249,5126914,3,pelvis,swing,-0.7089,0.1696,0.6123,2.5024,18.9209,-18.5547,t009,FJTB
2531987249,5126930,3,pelvis,swing,-0.6771,0.1915,0.5532,8.5449,14.4043,-20.7520,t009,FJTB
2531987304,5126946,3,pelvis,swing,-0.6788,0.1757,0.5651,24.3530,14.2212,-20.1416,t009,FJTB
