timestamp_pc_ms,timestamp_arduino_ms,sensor_id,placement,phase,ax,ay,az,gx,gy,gz,trial_id,subject_id
2533266836,262353,3,pierna,loading,-0.9637,0.1857,-0.1112,1.7090,-1.9531,0.3052,t005,HHYSS
2533266843,262369,3,pierna,loading,-0.9600,0.1918,-0.1178,3.1738,-1.8311,0.4883,t005,HHYSS
2533266892,262385,3,pierna,loading,-0.9551,0.1996,-0.1309,4.0894,-1.7090,0.6104,t005,HHYSS
2533266892,262401,3,pierna,loading,-0.9497,0.1896,-0.1370,5.7983,-1.4648,1.0986,t005,HHYSS
2533266893,262417,3,pierna,loading,-0.9502,0.1792,-0.1373,6.8970,-1.2207,1.2207,t005,HHYSS
2533266942,262433,3,pierna,loading,-0.9622,0.1641,-0.1328,7.2021,-0.9155,1.0376,t005,HHYSS
2533266942,262449,3,pierna,loading,-0.9678,0.1652,-0.1235,7.2632,0.0610,0.4883,t005,HHYSS
2533266944,262465,3,pierna,loading,-0.9670,0.1665,-0.1050,7.2632,0.3662,0.4272,t005,HHYSS
2533266995,262482,3,pierna,loading,-0.9630,0.1532,-0.1085,6.2866,0.4272,0.3052,t005,HHYSS
2533266995,262497,3,pierna,loading,-0.9630,0.1515,-0.1150,2.6245,0.9155,-0.2441,t005,HHYSS
2533266996,262514,3,pierna,loading,-0.9615,0.1604,-0.1227,0.8545,1.2817,-0.6104,t005,HHYSS
2533267043,262529,3,pierna,loading,-0.9611,0.1646,-0.1229,-0.8545,1.9531,-1.0376,t005,HHYSS
2533267044,262546,3,pierna,loading,-0.9615,0.1659,-0.1162,-1.2207,2.3804,-1.0376,t005,HHYSS
2533267044,262562,3,pierna,loading,-0.9640,0.1588,-0.1147,-2.1362,3.2959,-1.4648,t005,HHYSS
2533267093,262578,3,pierna,loading,-0.9666,0.1663,-0.1127,-3.5400,3.7842,-2.5024,t005,HHYSS
2533267094,262595,3,pierna,loading,-0.9637,0.1957,-0.0922,-3.7842,4.0283,-2.6245,t005,HHYSS
2533267094,262611,3,pierna,loading,-0.9575,0.2037,-0.0699,-1.2817,4.4556,-1.6479,t005,HHYSS
2533267138,262627,3,pierna,loading,-0.9510,0.1539,-0.0651,0.6104,3.8452,-0.9155,t005,HHYSS
2533267140,262643,3,pierna,loading,-0.9634,0.1296,-0.1106,-0.7324,1.8921,-0.5493,t005,HHYSS
2533267141,262659,3,pierna,loading,-0.9554,0.1705,-0.1051,-2.0142,2.9907,-2.3193,t005,HHYSS
2533267189,262675,3,pierna,loading,-0.9633,0.2319,-0.1002,0.9766,2.8076,-2.3804,t005,HHYSS
2533267189,262691,3,pierna,loading,-0.9701,0.2117,-0.1044,8.2397,2.5024,-1.0376,t005,HHYSS
2533267190,262707,3,pierna,loading,-0.9688,0.1646,-0.1189,8.8501,2.8687,-0.9155,t005,HHYSS
2533267235,262723,3,pierna,loading,-0.9711,0.1907,-0.1348,5.6152,3.6621,-1.5259,t005,HHYSS
2533267236,262739,3,pierna,loading,-0.9651,0.2169,-0.1331,3.5400,5.0659,-1.0986,t005,HHYSS
2533267236,262756,3,pierna,loading,-0.9512,0.2406,-0.1276,4.2114,5.5542,-0.6714,t005,HHYSS
2533267284,262772,3,pierna,loading,-0.9543,0.2300,-0.1304,6.5308,5.8594,0.4883,t005,HHYSS
2533267284,262788,3,pierna,loading,-0.9496,0.2119,-0.1213,6.7749,6.2256,1.1597,t005,HHYSS
2533267284,262804,3,pierna,loading,-0.9507,0.2240,-0.1139,6.7749,7.1411,1.5869,t005,HHYSS
2533267330,262820,3,pierna,loading,-0.9641,0.2239,-0.1205,6.0425,7.0801,2.1362,t005,HHYSS
2533267330,262836,3,pierna,loading,-0.9763,0.2306,-0.1335,4.8828,7.6904,2.5024,t005,HHYSS
2533267330,262851,3,pierna,loading,-0.9708,0.2338,-0.1271,4.3945,9.3384,3.4790,t005,HHYSS
2533267381,262867,3,pierna,loading,-0.9636,0.2158,-0.1105,5.1880,9.6436,4.1504,t005,HHYSS
2533267381,262883,3,pierna,loading,-0.9657,0.1969,-0.0935,6.5308,9.8877,5.0659,t005,HHYSS
2533267381,262899,3,pierna,loading,-0.9672,0.1901,-0.0824,6.3477,10.2539,5.1880,t005,HHYSS
2533267426,262915,3,pierna,loading,-0.9713,0.1671,-0.0630,5.7983,10.2539,5.3101,t005,HHYSS
2533267427,262931,3,pierna,loading,-0.9698,0.1528,-0.0507,3.7842,10.3149,5.6763,t005,HHYSS
2533267428,262947,3,pierna,loading,-0.9683,0.1458,-0.0255,2.5024,10.0098,5.7373,t005,HHYSS
2533267477,262963,3,pierna,loading,-0.9803,0.1636,-0.0276,1.9531,8.8501,5.4321,t005,HHYSS
2533267477,262979,3,pierna,loading,-0.9767,0.1567,-0.0330,2.9297,8.4229,5.6152,t005,HHYSS
2533267478,262995,3,pierna,loading,-0.9774,0.1456,-0.0444,3.2349,7.9956,5.1880,t005,HHYSS
2533267524,263011,3,pierna,loading,-0.9843,0.1484,-0.0403,4.2114,7.6294,4.2114,t005,HHYSS
2533267525,263027,3,pierna,loading,-0.9918,0.1519,-0.0253,5.2490,7.3242,4.0283,t005,HHYSS
2533267525,263043,3,pierna,loading,-0.9893,0.1486,-0.0031,8.6060,6.6528,3.4790,t005,HHYSS
2533267574,263059,3,pierna,loading,-0.9858,0.1390,-0.0001,12.6343,4.9438,3.4180,t005,HHYSS
2533267574,263075,3,pierna,loading,-0.9636,0.1007,-0.0188,13.9770,4.3335,3.5400,t005,HHYSS
2533267575,263091,3,pierna,loading,-0.9446,0.0795,-0.0238,12.6953,4.5166,2.8076,t005,HHYSS
2533267621,263107,3,pierna,loading,-0.9463,0.0911,-0.0200,10.4980,4.5776,1.2817,t005,HHYSS
2533267622,263123,3,pierna,loading,-0.9581,0.1144,-0.0168,7.2021,4.6387,-1.6479,t005,HHYSS
2533267622,263139,3,pierna,loading,-0.9780,0.1536,-0.0107,7.0190,4.3335,-2.4414,t005,HHYSS
2533267671,263155,3,pierna,loading,-0.9788,0.1599,0.0010,9.0332,3.3569,-3.4180,t005,HHYSS
2533267671,263171,3,pierna,loading,-0.9683,0.1392,0.0050,11.9629,2.1362,-4.3335,t005,HHYSS
2533267671,263187,3,pierna,loading,-0.9709,0.0377,0.0066,12.2681,0.9766,-4.8828,t005,HHYSS
2533267716,263203,3,pierna,loading,-0.9801,-0.0005,0.0120,7.9346,-1.3428,-7.8125,t005,HHYSS
2533267716,263219,3,pierna,loading,-0.9718,0.0098,0.0229,5.2490,-2.2583,-9.8267,t005,HHYSS
2533267718,263235,3,pierna,loading,-1.0077,0.0974,-0.0094,5.7983,-4.0894,-13.0615,t005,HHYSS
2533267767,263251,3,pierna,loading,-1.0559,0.1393,-0.0129,6.5918,-1.2817,-11.1084,t005,HHYSS
2533267768,263267,3,pierna,loading,-1.0316,0.1858,-0.0001,4.2114,1.7090,-8.3618,t005,HHYSS
2533267768,263283,3,pierna,loading,-0.9808,0.2140,0.0078,3.7231,1.3428,-10.3760,t005,HHYSS
2533267813,263299,3,pierna,loading,-0.9594,0.2583,0.0000,5.9814,-0.3052,-13.1836,t005,HHYSS
2533267815,263315,3,pierna,loading,-0.9741,0.1648,-0.0032,6.6528,-0.3662,-12.5732,t005,HHYSS
2533267815,263331,3,pierna,loading,-0.9785,0.0822,0.0044,2.1973,-0.6714,-9.7046,t005,HHYSS
2533267864,263347,3,pierna,loading,-0.9568,-0.0537,0.0295,-1.8311,-1.1597,-9.7046,t005,HHYSS
2533267864,263364,3,pierna,loading,-0.9307,-0.0817,0.0551,-11.4746,-3.6011,-13.7939,t005,HHYSS
2533267865,263380,3,pierna,loading,-0.9399,-0.0856,0.1223,-12.9395,-6.1035,-17.6392,t005,HHYSS
2533267910,263396,3,pierna,loading,-0.9585,-0.0857,0.1301,-6.1035,-13.8550,-26.8555,t005,HHYSS
2533267912,263412,3,pierna,loading,-0.9877,-0.0916,0.1036,6.1035,-27.7710,-35.8276,t005,HHYSS
2533267912,263429,3,pierna,loading,-1.0421,-0.0649,-0.0339,5.7373,-33.1421,-41.2598,t005,HHYSS
2533267939,263445,3,pierna,loading,-1.0334,-0.0139,-0.0957,-7.5073,-34.8511,-46.2646,t005,HHYSS
2533267961,263461,3,pierna,loading,-1.0148,0.1638,-0.1302,-10.7422,-29.4189,-39.7339,t005,HHYSS
2533267962,263478,3,pierna,loading,-1.0273,0.2831,-0.1083,-7.5073,-27.6489,-34.7290,t005,HHYSS
2533268007,263494,3,pierna,loading,-1.0415,0.2811,-0.1365,-0.4272,-26.9775,-19.3481,t005,HHYSS
2533268009,263510,3,pierna,loading,-1.0613,0.1449,-0.2157,-0.4883,-23.0103,-7.4463,t005,HHYSS
2533268010,263526,3,pierna,loading,-1.0056,-0.0029,-0.2034,-15.2588,-8.4229,10.4370,t005,HHYSS
2533268057,263543,3,pierna,loading,-0.9773,0.0079,-0.1941,-33.9355,0.1831,13.1226,t005,HHYSS
2533268058,263558,3,pierna,loading,-0.9742,0.1685,-0.1804,-39.1846,4.1504,13.7939,t005,HHYSS
2533268058,263575,3,pierna,loading,-0.9822,0.2388,-0.1780,-43.0908,15.9912,23.8037,t005,HHYSS
2533268102,263591,3,pierna,loading,-0.9661,0.2008,-0.1508,-42.1753,22.1558,31.1890,t005,HHYSS
2533268105,263607,3,pierna,loading,-0.9924,0.1403,-0.1056,-40.5273,28.9307,40.3442,t005,HHYSS
2533268105,263623,3,pierna,loading,-1.0089,0.1417,-0.1025,-43.3960,30.2124,45.0439,t005,HHYSS
2533268153,263639,3,pierna,loading,-1.0105,0.1704,-0.0721,-45.1660,31.7993,47.6685,t005,HHYSS
2533268153,263654,3,pierna,loading,-0.9900,0.1943,-0.0377,-45.4102,35.5225,53.8330,t005,HHYSS
2533268153,263671,3,pierna,loading,-0.9595,0.2162,0.0116,-42.6636,35.9497,57.0068,t005,HHYSS
2533268197,263687,3,pierna,loading,-0.9650,0.1851,-0.0015,-33.9966,34.5459,62.5000,t005,HHYSS
2533268198,263703,3,pierna,loading,-0.9718,0.1599,-0.0101,-27.7710,33.5693,67.2607,t005,HHYSS
2533268200,263719,3,pierna,loading,-0.9645,0.1293,-0.0165,-26.7944,33.8745,69.1528,t005,HHYSS
2533268248,263735,3,pierna,loading,-0.9762,0.1255,-0.0181,-24.4141,35.7056,67.0166,t005,HHYSS
2533268249,263751,3,pierna,loading,-1.0073,0.1333,-0.0007,-19.8975,35.7666,64.1479,t005,HHYSS
2533268249,263767,3,pierna,loading,-0.9639,0.0798,0.0410,-10.6201,34.7900,62.5610,t005,HHYSS
2533268295,263783,3,pierna,loading,-0.9290,0.0564,0.0616,-11.4136,32.4707,60.9131,t005,HHYSS
2533268297,263799,3,pierna,loading,-0.9005,0.0647,0.0789,-12.8174,29.1748,57.1289,t005,HHYSS
2533268298,263815,3,pierna,loading,-0.9084,0.0702,0.0754,-14.2212,20.9351,50.5981,t005,HHYSS
2533268347,263832,3,pierna,loading,-0.9312,0.0188,0.0442,-15.9302,17.5171,49.7436,t005,HHYSS
2533268348,263848,3,pierna,loading,-0.8961,0.0031,0.0117,-21.4233,14.8315,47.4853,t005,HHYSS
2533268348,263863,3,pierna,loading,-0.8799,0.0959,0.0314,-28.9917,16.3574,27.1606,t005,HHYSS
2533268395,263879,3,pierna,loading,-0.9166,0.1898,0.0630,-24.3530,14.6484,19.8975,t005,HHYSS
2533268396,263895,3,pierna,loading,-0.9073,0.1388,0.0363,-17.2729,9.6436,21.2402,t005,HHYSS
2533268397,263911,3,pierna,loading,-0.8893,-0.0308,-0.0016,-21.3623,7.6294,21.9116,t005,HHYSS
2533268446,263927,3,pierna,loading,-0.9163,-0.0325,0.0121,-35.3394,1.7090,9.4604,t005,HHYSS
2533268447,263944,3,pierna,loading,-0.9171,0.0266,0.0427,-37.5977,-4.5166,-4.6387,t005,HHYSS
2533268447,263960,3,pierna,loading,-0.7914,0.1605,0.0958,-34.8511,-9.5215,-10.8643,t005,HHYSS
2533268492,263976,3,pierna,loading,-0.7830,0.2058,0.0887,-18.3105,-29.1748,-25.0244,t005,HHYSS
2533268494,263992,3,pierna,loading,-0.8414,0.1429,0.0132,-10.0098,-39.0015,-30.3955,t005,HHYSS
2533268495,264008,3,pierna,loading,-0.8660,0.0863,-0.0396,0.4883,-56.0303,-42.2974,t005,HHYSS
2533268515,264024,3,pierna,loading,-1.2556,0.1150,0.0576,25.6348,-45.5933,-47.1191,t005,HHYSS
2533268544,264040,3,pierna,loading,-1.2438,-0.0990,0.3210,28.3813,-28.0151,-41.0767,t005,HHYSS
2533268544,264056,3,pierna,loading,-1.0491,-0.3258,0.2877,-7.4463,-32.8369,-22.7051,t005,HHYSS
2533268583,264072,3,pierna,loading,-0.9280,-0.4125,-0.0640,-36.0107,-55.7861,-23.9258,t005,HHYSS
2533268589,264088,3,pierna,loading,-0.9038,0.3076,-0.3245,-76.4771,-80.8105,-56.0303,t005,HHYSS
2533268591,264105,3,pierna,loading,-0.8499,0.7009,-0.3689,-48.3398,-59.5703,-71.2891,t005,HHYSS
2533268640,264121,3,pierna,loading,-0.8088,0.9727,-0.3411,-17.5781,-46.1426,-57.9834,t005,HHYSS
2533268640,264137,3,pierna,loading,-0.8409,0.8218,-0.3337,35.8887,-50.4150,-25.5127,t005,HHYSS
2533268641,264153,3,pierna,midstance,-1.0244,0.2590,-0.4321,45.2270,-55.1758,-18.0054,t005,HHYSS
2533268683,264169,3,pierna,midstance,-1.1135,-0.1361,-0.3086,17.9443,-36.3770,-19.2871,t005,HHYSS
2533268688,264185,3,pierna,midstance,-1.0276,-0.1842,-0.1875,-28.5034,-25.2075,-23.4985,t005,HHYSS
2533268688,264202,3,pierna,midstance,-0.8684,0.0143,-0.1180,-45.5933,-28.7476,-28.6865,t005,HHYSS
2533268698,264218,3,pierna,midstance,-0.8806,0.1826,-0.1886,-47.4243,-36.9873,-37.4146,t005,HHYSS
2533268740,264234,3,pierna,midstance,-0.9974,0.3424,-0.3677,-33.0200,-37.1094,-38.5132,t005,HHYSS
2533268741,264250,3,pierna,midstance,-1.0284,0.2867,-0.4200,-8.5449,-33.6914,-33.2642,t005,HHYSS
2533268741,264267,3,pierna,midstance,-0.9905,0.2322,-0.3680,-3.6621,-27.9541,-28.4424,t005,HHYSS
2533268787,264283,3,pierna,midstance,-0.9476,0.2068,-0.2166,-2.0752,-25.5127,-30.2734,t005,HHYSS
2533268789,264300,3,pierna,midstance,-0.9950,0.2238,-0.1998,-2.0752,-26.4282,-31.9214,t005,HHYSS
2533268789,264316,3,pierna,midstance,-1.0039,0.1940,-0.2501,-1.8921,-29.2969,-24.7803,t005,HHYSS
2533268838,264332,3,pierna,midstance,-0.9707,0.1558,-0.3112,0.7324,-28.5645,-24.2920,t005,HHYSS
2533268839,264348,3,pierna,midstance,-0.9607,0.1735,-0.3062,8.4229,-23.7427,-28.1982,t005,HHYSS
2533268839,264364,3,pierna,midstance,-0.9563,0.1963,-0.2483,10.1318,-20.0195,-27.8320,t005,HHYSS
2533268884,264380,3,pierna,midstance,-0.9435,0.2240,-0.1666,18.0054,-15.8691,-28.3203,t005,HHYSS
2533268885,264396,3,pierna,terminal,-0.9597,0.2218,-0.1661,39.8560,-20.7520,-26.2451,t005,HHYSS
2533268886,264412,3,pierna,terminal,-0.9944,0.0386,-0.2194,48.0957,-24.6582,-22.1558,t005,HHYSS
2533268941,264428,3,pierna,terminal,-1.0038,-0.0668,-0.2301,48.2178,-30.8228,-22.0337,t005,HHYSS
2533268942,264445,3,pierna,terminal,-1.0149,-0.0864,-0.2351,43.0908,-31.9214,-26.3672,t005,HHYSS
2533268942,264461,3,pierna,terminal,-0.9547,0.0156,-0.2419,30.3345,-29.6020,-33.6914,t005,HHYSS
2533268993,264477,3,pierna,terminal,-0.9238,0.0842,-0.2524,15.8081,-26.9165,-40.6494,t005,HHYSS
2533268996,264493,3,pierna,terminal,-0.9673,0.3174,-0.2643,12.7563,-25.0854,-46.5698,t005,HHYSS
2533268997,264509,3,pierna,terminal,-0.9913,0.3865,-0.2632,16.2964,-21.3623,-51.9409,t005,HHYSS
2533269049,264526,3,pierna,terminal,-1.0201,0.3175,-0.2692,16.8457,-22.8882,-48.2178,t005,HHYSS
2533269050,264542,3,pierna,terminal,-1.0148,0.2244,-0.2090,24.4751,-27.2217,-43.6401,t005,HHYSS
2533269050,264558,3,pierna,terminal,-0.9983,0.1581,-0.1558,39.2456,-27.7100,-44.7998,t005,HHYSS
2533269050,264574,3,pierna,terminal,-0.9911,0.0029,-0.1204,41.3208,-29.0527,-46.1426,t005,HHYSS
2533269098,264590,3,pierna,terminal,-1.0189,-0.0127,-0.1185,40.5273,-28.7476,-57.1899,t005,HHYSS
2533269100,264607,3,pierna,terminal,-1.0226,0.0718,-0.0546,41.8091,-29.2358,-63.2324,t005,HHYSS
2533269101,264623,3,pierna,terminal,-0.9382,0.1216,-0.0920,44.2505,-34.0576,-61.3403,t005,HHYSS
2533269153,264639,3,pierna,terminal,-0.9319,0.1199,-0.1421,52.4292,-42.6025,-58.5937,t005,HHYSS
2533269154,264655,3,pierna,terminal,-0.9894,0.1332,-0.1713,58.7158,-44.3726,-60.8520,t005,HHYSS
2533269154,264671,3,pierna,terminal,-1.1097,0.0697,-0.1801,73.4863,-48.5229,-63.4155,t005,HHYSS
2533269203,264687,3,pierna,terminal,-1.1635,-0.0176,-0.1702,80.6274,-50.5371,-58.5327,t005,HHYSS
2533269205,264703,3,pierna,terminal,-1.1841,-0.1691,-0.0869,79.1016,-48.7671,-58.1055,t005,HHYSS
2533269205,264719,3,pierna,terminal,-1.1858,-0.1887,-0.0310,72.8760,-48.1567,-59.3872,t005,HHYSS
2533269256,264736,3,pierna,terminal,-1.2704,-0.1370,0.0837,67.0776,-49.9878,-57.0679,t005,HHYSS
2533269256,264752,3,pierna,terminal,-1.3364,-0.1068,-0.0214,48.5840,-53.1616,-54.3823,t005,HHYSS
2533269257,264768,3,pierna,terminal,-1.3372,-0.1106,-0.2292,27.4658,-47.9736,-64.6973,t005,HHYSS
2533269258,264784,3,pierna,terminal,-1.1948,0.3179,-0.5378,19.0430,-42.2363,-73.6084,t005,HHYSS
2533269305,264800,3,pierna,terminal,-1.0573,0.6726,-0.5735,14.8315,-32.3486,-98.9380,t005,HHYSS
2533269307,264816,3,pierna,terminal,-0.8884,0.9460,-0.3328,12.6953,-26.7334,-97.6562,t005,HHYSS
2533269307,264832,3,pierna,terminal,-0.9192,0.9088,-0.2065,10.6812,-15.5029,-64.5752,t005,HHYSS
2533269360,264849,3,pierna,terminal,-0.8702,1.0216,-0.4196,36.0718,-15.3809,-52.0019,t005,HHYSS
2533269361,264865,3,pierna,terminal,-0.7361,1.1276,-0.5886,55.4810,-4.5776,-42.0532,t005,HHYSS
2533269361,264881,3,pierna,terminal,-0.7208,0.9341,-0.4069,69.5801,23.8647,17.3340,t005,HHYSS
2533269412,264896,3,pierna,terminal,-0.4462,0.5118,-0.2721,58.2275,28.8696,50.7202,t005,HHYSS
2533269413,264912,3,pierna,terminal,-0.3115,0.5286,-0.3257,7.8735,26.5503,82.2143,t005,HHYSS
2533269413,264928,3,pierna,terminal,-0.3888,0.6285,-0.3358,-30.2734,24.7192,91.1255,t005,HHYSS
2533269465,264944,3,pierna,terminal,-0.5659,0.7587,-0.2942,-33.9355,28.6865,96.8018,t005,HHYSS
2533269466,264960,3,pierna,terminal,-0.6290,0.7744,-0.2688,-21.7895,44.9829,106.8726,t005,HHYSS
2533269466,264976,3,pierna,terminal,-0.5818,0.7783,-0.2971,-12.0850,54.3823,110.9009,t005,HHYSS
2533269467,264992,3,pierna,terminal,-0.5310,0.6998,-0.2523,-2.7466,65.7959,115.0513,t005,HHYSS
2533269516,265008,3,pierna,terminal,-0.5601,0.6240,-0.2479,-14.2212,69.8242,121.0327,t005,HHYSS
2533269517,265025,3,pierna,terminal,-0.6434,0.4755,-0.3586,-23.8647,71.4722,124.2676,t005,HHYSS
2533269517,265041,3,pierna,terminal,-0.7021,0.4750,-0.4265,-35.6445,73.7305,125.1221,t005,HHYSS
2533269568,265057,3,pierna,terminal,-0.8481,0.5626,-0.4067,-38.0859,74.9512,125.4883,t005,HHYSS
2533269569,265073,3,pierna,terminal,-0.8794,0.5613,-0.3027,-45.0439,78.2471,130.9204,t005,HHYSS
2533269569,265089,3,pierna,terminal,-0.8323,0.5446,-0.2766,-48.0347,85.7544,139.4043,t005,HHYSS
2533269617,265105,3,pierna,terminal,-0.7777,0.5261,-0.2323,-48.5229,87.6465,139.7095,t005,HHYSS
2533269619,265121,3,pierna,loading,-0.8099,0.5156,-0.2124,-41.9922,82.1533,134.8267,t005,HHYSS
2533269620,265137,3,pierna,loading,-0.8879,0.4951,-0.2242,-36.2549,78.7964,135.3760,t005,HHYSS
2533269673,265153,3,pierna,loading,-0.8860,0.4849,-0.2339,-29.4800,78.4302,141.6626,t005,HHYSS
2533269673,265169,3,pierna,loading,-0.8250,0.4453,-0.2297,-28.0151,78.3081,142.5781,t005,HHYSS
2533269674,265185,3,pierna,loading,-0.8256,0.3540,-0.2023,-25.8179,72.3877,138.0615,t005,HHYSS
2533269674,265201,3,pierna,loading,-0.8271,0.3074,-0.2112,-31.7993,68.9697,135.9253,t005,HHYSS
2533269725,265217,3,pierna,loading,-0.8667,0.2310,-0.2123,-38.3301,70.8618,133.0566,t005,HHYSS
2533269725,265233,3,pierna,loading,-0.9146,0.2017,-0.1587,-46.9971,75.8667,116.0889,t005,HHYSS
2533269725,265249,3,pierna,loading,-0.9037,0.1354,-0.0563,-52.8564,75.6836,98.6328,t005,HHYSS
2533269776,265266,3,pierna,loading,-0.7471,0.0541,0.0490,-56.6406,69.0308,88.3789,t005,HHYSS
2533269777,265282,3,pierna,loading,-0.7039,0.0458,0.0786,-62.3169,41.9922,57.2510,t005,HHYSS
2533269777,265297,3,pierna,loading,-0.6843,0.1328,0.0542,-63.2324,29.4189,40.7715,t005,HHYSS
2533269827,265313,3,pierna,midstance,-0.6721,0.1593,0.0376,-58.8989,11.5356,15.0146,t005,HHYSS
2533269827,265329,3,pierna,midstance,-0.5950,0.1475,0.0309,-55.3589,2.3804,3.2959,t005,HHYSS
2533269828,265345,3,pierna,midstance,-0.6289,0.0526,0.0505,-42.4805,-20.3247,-18.3105,t005,HHYSS
2533269881,265361,3,pierna,midstance,-0.6420,0.0138,0.0481,-31.0669,-55.6641,-44.1894,t005,HHYSS
2533269882,265377,3,pierna,midstance,-0.8787,0.1381,-0.1632,-33.8745,-75.9888,-60.3638,t005,HHYSS
2533269882,265394,3,pierna,midstance,-1.5732,0.2206,0.0426,13.2446,-55.1758,-59.0210,t005,HHYSS
2533269918,265410,3,pierna,midstance,-2.2750,0.1073,0.6449,25.0854,-9.0332,-43.8232,t005,HHYSS
2533269933,265426,3,pierna,midstance,-0.5835,0.0641,-0.0894,-44.3726,-24.5361,-37.3535,t005,HHYSS
2533269933,265442,3,pierna,midstance,-0.3583,0.3086,-0.4469,-40.6494,-127.5635,-80.0781,t005,HHYSS
2533269933,265458,3,pierna,midstance,-0.8365,0.7701,-0.7765,-11.2915,-134.3994,-89.4165,t005,HHYSS
2533269985,265475,3,pierna,midstance,-0.9325,0.7103,-0.9008,5.8594,-75.5005,-40.1611,t005,HHYSS
2533269985,265491,3,pierna,midstance,-0.9156,0.4991,-0.9093,4.0283,-37.1704,-29.4189,t005,HHYSS
2533269986,265507,3,pierna,midstance,-1.1895,0.2898,-0.5665,28.0762,-30.5786,-38.8184,t005,HHYSS
2533270035,265523,3,pierna,midstance,-1.2445,0.3262,-0.3757,48.3398,-14.0991,-35.1563,t005,HHYSS
2533270037,265539,3,pierna,terminal,-0.9268,0.1329,-0.1344,17.8223,-5.9204,-25.3296,t005,HHYSS
2533270038,265555,3,pierna,terminal,-0.8207,0.1603,0.0236,-45.9595,-17.1509,-19.5923,t005,HHYSS
2533270092,265572,3,pierna,terminal,-0.9608,0.3615,-0.0819,-20.1416,-42.7246,-42.9077,t005,HHYSS
2533270093,265588,3,pierna,terminal,-1.1266,0.4799,-0.3138,8.8501,-44.4336,-41.5039,t005,HHYSS
2533270093,265604,3,pierna,terminal,-1.0707,0.2699,-0.2551,37.8418,-27.8320,-10.8032,t005,HHYSS
2533270094,265620,3,pierna,terminal,-0.9020,-0.2723,-0.0916,36.2549,-26.2451,-0.1221,t005,HHYSS
2533270147,265636,3,pierna,terminal,-0.9102,-0.3689,-0.1344,19.4702,-34.6069,-12.2070,t005,HHYSS
2533270147,265653,3,pierna,terminal,-0.9454,-0.1931,-0.1367,6.8359,-25.2075,-43.5181,t005,HHYSS
2533270148,265669,3,pierna,terminal,-0.9735,0.1560,-0.0300,10.3760,-19.8364,-50.0488,t005,HHYSS
2533270183,265685,3,pierna,terminal,-0.9747,0.1554,0.0234,25.9399,-24.7803,-39.9780,t005,HHYSS
2533270201,265701,3,pierna,terminal,-1.0033,-0.0887,-0.0189,31.5552,-33.5083,-34.8511,t005,HHYSS
2533270202,265717,3,pierna,terminal,-0.9659,-0.0691,-0.1820,27.8931,-43.7012,-40.8325,t005,HHYSS
2533270251,265734,3,pierna,terminal,-0.9481,0.0579,-0.2452,20.5078,-40.4053,-53.5278,t005,HHYSS
2533270253,265750,3,pierna,terminal,-0.9713,0.2638,-0.3113,21.5454,-38.6353,-56.4575,t005,HHYSS
2533270254,265766,3,pierna,terminal,-0.9667,0.2700,-0.2932,20.6909,-33.2642,-52.0019,t005,HHYSS
2533270283,265782,3,pierna,terminal,-0.9506,0.2517,-0.2510,20.5688,-28.6865,-49.1943,t005,HHYSS
2533270306,265798,3,pierna,terminal,-1.0031,0.1987,-0.2013,25.9399,-29.5410,-51.1475,t005,HHYSS
2533270307,265814,3,pierna,swing,-1.0448,0.1432,-0.1953,24.9634,-32.5928,-53.6499,t005,HHYSS
2533270307,265830,3,pierna,swing,-1.0630,0.0503,-0.1375,20.3857,-33.0811,-53.7720,t005,HHYSS
2533270356,265846,3,pierna,swing,-0.9674,-0.0880,-0.0372,23.3765,-32.9590,-56.9458,t005,HHYSS
2533270358,265862,3,pierna,swing,-0.9396,-0.1567,-0.0583,28.1982,-43.2739,-62.6831,t005,HHYSS
2533270359,265879,3,pierna,swing,-1.0242,-0.1202,-0.1786,29.4189,-48.0957,-69.2749,t005,HHYSS
2533270410,265895,3,pierna,swing,-1.0723,0.0042,-0.2179,32.5317,-43.9453,-88.7451,t005,HHYSS
2533270410,265911,3,pierna,swing,-1.0613,0.2635,-0.1748,37.5977,-38.5132,-95.5200,t005,HHYSS
2533270410,265927,3,pierna,swing,-1.0618,0.3278,-0.0276,55.7861,-36.0107,-93.6890,t005,HHYSS
2533270456,265943,3,pierna,swing,-1.1022,0.3176,0.0051,81.8481,-44.9829,-88.5620,t005,HHYSS
2533270458,265960,3,pierna,swing,-1.2463,0.3069,0.0924,101.1352,-48.0347,-85.5713,t005,HHYSS
2533270458,265976,3,pierna,swing,-1.2716,0.2429,0.1202,135.6812,-52.6123,-74.1577,t005,HHYSS
2533270507,265991,3,pierna,swing,-1.1885,0.0005,0.1631,142.8223,-52.3071,-68.8477,t005,HHYSS
2533270508,266008,3,pierna,swing,-1.1034,-0.1871,0.2227,151.3062,-47.9736,-60.4858,t005,HHYSS
2533270508,266024,3,pierna,swing,-1.1125,-0.4194,0.0251,127.1973,-52.3071,-47.4853,t005,HHYSS
2533270554,266040,3,pierna,swing,-1.5193,-1.0902,-0.5326,96.3745,-57.3120,-41.0767,t005,HHYSS
2533270556,266056,3,pierna,swing,-1.6409,-1.0746,-0.7548,-34.1797,-38.0249,-89.7217,t005,HHYSS
2533270557,266073,3,pierna,swing,-1.1647,0.2118,-0.9070,-80.9936,-29.4800,-132.6904,t005,HHYSS
2533270605,266089,3,pierna,swing,-0.8926,1.1208,-0.7062,-111.2060,-17.2729,-156.1890,t005,HHYSS
2533270605,266105,3,pierna,swing,-0.9313,1.1451,-0.6139,-103.0273,21.7895,-95.8252,t005,HHYSS
2533270606,266121,3,pierna,swing,-0.8275,1.2223,-0.6127,-83.0078,32.8979,-71.7163,t005,HHYSS
2533270650,266137,3,pierna,swing,-0.6359,1.3149,-0.6388,-15.5029,37.1704,-35.8887,t005,HHYSS
2533270652,266154,3,pierna,swing,-0.5219,1.0593,-0.2950,36.6821,55.2978,19.0430,t005,HHYSS
2533270653,266170,3,pierna,swing,-0.5815,0.5942,-0.3007,50.2930,59.2041,45.2881,t005,HHYSS
2533270700,266186,3,pierna,swing,-0.5071,0.5118,-0.4055,33.3252,60.3638,78.9795,t005,HHYSS
2533270700,266201,3,pierna,swing,-0.4233,0.4906,-0.4904,7.0190,57.6782,90.0268,t005,HHYSS
2533270701,266217,3,pierna,swing,-0.4662,0.5197,-0.5066,-42.3584,50.4150,107.1777,t005,HHYSS
2533270745,266233,3,pierna,swing,-0.6444,0.6039,-0.4552,-57.2510,48.5229,115.0513,t005,HHYSS
2533270746,266249,3,pierna,swing,-0.6866,0.6775,-0.3278,-64.9414,52.7954,129.5776,t005,HHYSS
2533270747,266265,3,pierna,swing,-0.6315,0.6862,-0.3019,-56.0303,66.8335,143.1274,t005,HHYSS
2533270794,266281,3,pierna,swing,-0.5336,0.6764,-0.2871,-55.4199,74.3408,147.5220,t005,HHYSS
2533270795,266297,3,pierna,swing,-0.5419,0.6681,-0.2815,-55.6641,79.3457,152.7710,t005,HHYSS
2533270795,266313,3,pierna,swing,-0.6216,0.6875,-0.3345,-51.0254,79.2847,153.9307,t005,HHYSS
2533270839,266330,3,pierna,swing,-0.7319,0.6958,-0.4901,-25.4517,82.7637,157.5317,t005,HHYSS
2533270840,266346,3,pierna,swing,-0.7897,0.6462,-0.5427,-8.9722,87.8906,175.5981,t005,HHYSS
2533270841,266362,3,pierna,swing,-0.7822,0.4993,-0.4766,-10.4370,90.0268,184.8755,t005,HHYSS
2533270889,266378,3,pierna,swing,-0.7555,0.4224,-0.3723,-20.5688,87.7075,190.7959,t005,HHYSS
2533270890,266394,3,pierna,swing,-0.7419,0.4268,-0.2731,-23.9868,86.5478,190.4907,t005,HHYSS
2533270890,266410,3,pierna,swing,-0.7073,0.5286,-0.2515,-25.1465,92.5293,190.1855,t005,HHYSS
2533270934,266426,3,pierna,loading,-0.7211,0.4978,-0.2095,-26.6724,86.3647,196.8994,t005,HHYSS
2533270934,266442,3,pierna,loading,-0.8354,0.4053,-0.2083,-26.6724,77.2705,198.3032,t005,HHYSS
2533270934,266458,3,pierna,loading,-0.8971,0.3845,-0.1970,-17.8833,72.2046,184.6313,t005,HHYSS
2533270985,266473,3,pierna,loading,-0.9230,0.3495,-0.0402,-10.4980,72.6929,169.9219,t005,HHYSS
2533270986,266490,3,pierna,loading,-0.8372,0.1202,-0.0481,3.7842,48.3398,140.1367,t005,HHYSS
2533270986,266506,3,pierna,loading,-0.8524,-0.0767,-0.0677,-1.0986,21.6064,123.0469,t005,HHYSS
2533271031,266522,3,pierna,loading,-0.8336,-0.4034,0.0547,-16.6016,19.4702,106.6894,t005,HHYSS
2533271032,266537,3,pierna,loading,-0.7283,-0.4373,0.1594,-67.4438,19.7144,50.6592,t005,HHYSS
2533271033,266553,3,pierna,loading,-0.5994,-0.2321,0.2804,-86.8530,11.1084,18.9819,t005,HHYSS
2533271079,266569,3,pierna,loading,-0.5922,-0.0610,0.2383,-91.1255,-16.9067,-35.6445,t005,HHYSS
2533271080,266585,3,pierna,loading,-0.6476,0.1185,0.0803,-67.1387,-48.7671,-68.6035,t005,HHYSS
2533271080,266602,3,pierna,loading,-0.7194,0.0044,-0.1438,-57.4341,-71.4722,-80.3833,t005,HHYSS
2533271122,266618,3,pierna,loading,-1.0590,0.1111,-0.3019,-33.9355,-98.5718,-80.1392,t005,HHYSS
2533271124,266634,3,pierna,loading,-2.6176,0.0453,0.3046,-17.2119,-61.1572,-44.9219,t005,HHYSS
2533271125,266650,3,pierna,loading,-1.2178,-0.1329,0.5642,-73.3032,26.9165,-23.8037,t005,HHYSS
2533271163,266666,3,pierna,loading,-0.5461,0.2161,0.1091,-52.1851,-94.8486,-115.9058,t005,HHYSS
2533271171,266682,3,pierna,loading,-0.8486,0.8749,-0.6963,-16.6626,-144.5923,-139.1602,t005,HHYSS
2533271172,266698,3,pierna,loading,-1.0055,1.0785,-0.9060,6.5308,-132.5073,-90.7593,t005,HHYSS
2533271214,266714,3,pierna,loading,-0.7103,1.0977,-1.2953,2.5024,-99.4263,-49.8047,t005,HHYSS
2533271214,266730,3,pierna,midstance,-0.6812,0.4373,-0.9337,4.0894,-31.9824,-23.6206,t005,HHYSS
2533271220,266747,3,pierna,midstance,-1.0211,0.1335,-0.5042,54.7485,-8.8501,-38.7573,t005,HHYSS
2533271266,266763,3,pierna,midstance,-1.3137,-0.1256,-0.0077,46.6919,-7.7515,-36.1938,t005,HHYSS
2533271267,266779,3,pierna,midstance,-1.0172,-0.1598,0.0228,-34.9731,-17.5171,-32.4707,t005,HHYSS
2533271268,266795,3,pierna,midstance,-0.7941,0.0901,-0.1317,-54.9927,-29.8462,-40.3442,t005,HHYSS
2533271312,266811,3,pierna,midstance,-1.0759,0.3690,-0.4557,-17.9443,-45.8984,-57.8613,t005,HHYSS
2533271314,266827,3,pierna,midstance,-1.1196,0.3428,-0.4081,50.5371,-20.9351,-45.1660,t005,HHYSS
2533271334,266843,3,pierna,midstance,-0.9780,-0.0641,-0.0046,58.5327,-9.8877,-29.1748,t005,HHYSS
2533271362,266860,3,pierna,midstance,-0.8694,-0.2979,0.0481,26.9165,-25.9399,-22.2168,t005,HHYSS
2533271362,266876,3,pierna,midstance,-0.8612,-0.2070,-0.1777,11.7798,-35.1563,-36.3159,t005,HHYSS
2533271393,266892,3,pierna,midstance,-1.0262,0.2554,-0.2250,10.3760,-29.4800,-59.3262,t005,HHYSS
2533271406,266908,3,pierna,midstance,-1.0151,0.2917,-0.1610,27.8931,-21.1792,-47.7295,t005,HHYSS
2533271406,266924,3,pierna,terminal,-0.9683,0.0587,-0.1045,32.5317,-24.2920,-37.9639,t005,HHYSS
2533271459,266941,3,pierna,terminal,-0.9769,-0.0468,-0.1023,33.0200,-35.7666,-36.7432,t005,HHYSS
2533271460,266957,3,pierna,terminal,-0.9681,-0.0620,-0.1788,32.5928,-40.1611,-43.7622,t005,HHYSS
2533271460,266973,3,pierna,terminal,-0.9434,0.0818,-0.3220,25.8179,-44.5557,-52.6733,t005,HHYSS
2533271499,266989,3,pierna,terminal,-0.9248,0.1722,-0.3390,13.9160,-38.2080,-58.2275,t005,HHYSS
2533271505,267005,3,pierna,terminal,-0.9126,0.3385,-0.2855,15.0757,-33.2642,-61.7676,t005,HHYSS
2533271507,267021,3,pierna,terminal,-0.9568,0.3722,-0.2677,24.5972,-30.7007,-61.0962,t005,HHYSS
2533271554,267037,3,pierna,terminal,-1.0618,0.2574,-0.2318,29.7852,-32.7148,-56.3965,t005,HHYSS
2533271555,267053,3,pierna,terminal,-1.0347,-0.0278,-0.1687,42.9077,-37.0483,-48.2178,t005,HHYSS
2533271555,267070,3,pierna,terminal,-1.0129,-0.1464,-0.1349,54.3823,-45.4712,-48.7671,t005,HHYSS
2533271583,267086,3,pierna,terminal,-1.0299,-0.2825,-0.0658,59.9976,-50.1709,-52.6733,t005,HHYSS
2533271598,267102,3,pierna,terminal,-1.0366,-0.2833,-0.0505,69.2139,-55.7861,-65.3687,t005,HHYSS
2533271598,267118,3,pierna,swing,-1.0276,-0.2017,-0.0852,69.8853,-59.3262,-82.5806,t005,HHYSS
2533271649,267134,3,pierna,swing,-1.0204,0.0990,-0.1332,69.2749,-58.8989,-91.0034,t005,HHYSS
2533271649,267150,3,pierna,swing,-1.0551,0.2725,-0.1152,76.5991,-53.3447,-100.2808,t005,HHYSS
2533271650,267166,3,pierna,swing,-1.1792,0.4897,-0.0187,87.1582,-49.6216,-98.8769,t005,HHYSS
2533271693,267182,3,pierna,swing,-1.3033,0.3948,0.1062,115.2954,-48.5229,-84.8389,t005,HHYSS
2533271696,267198,3,pierna,swing,-1.3320,0.2533,0.1487,149.0479,-57.3730,-61.9507,t005,HHYSS
2533271696,267214,3,pierna,swing,-1.3817,-0.1765,0.1842,167.4805,-57.0068,-53.8940,t005,HHYSS
2533271741,267230,3,pierna,swing,-1.3956,-0.3898,0.1456,165.0390,-46.2036,-39.6729,t005,HHYSS
2533271741,267246,3,pierna,swing,-1.2567,-0.8221,-0.2893,123.1689,-36.1328,-35.4004,t005,HHYSS
2533271742,267263,3,pierna,swing,-1.1931,-0.9534,-0.4823,24.9634,-18.3105,-57.1899,t005,HHYSS
2533271786,267279,3,pierna,swing,-1.2375,-0.4456,-0.6705,-22.2778,-42.8467,-129.0283,t005,HHYSS
2533271787,267295,3,pierna,swing,-1.2678,0.6597,-0.9071,-42.7856,-51.1475,-158.7524,t005,HHYSS
2533271787,267311,3,pierna,swing,-1.2877,0.9716,-0.8584,-87.3413,-14.2212,-132.2632,t005,HHYSS
2533271831,267327,3,pierna,swing,-1.1129,1.0481,-0.5897,-92.6514,5.1270,-95.5810,t005,HHYSS
2533271832,267344,3,pierna,swing,-0.6414,1.2863,-0.6835,-48.0957,13.6719,-54.1382,t005,HHYSS
2533271872,267360,3,pierna,swing,-0.5930,1.3184,-0.5073,17.5171,35.5835,-11.1084,t005,HHYSS
2533271874,267376,3,pierna,swing,-0.6903,0.8885,-0.1354,46.8750,47.2412,22.2168,t005,HHYSS
2533271875,267391,3,pierna,swing,-0.5844,0.7178,-0.2236,68.2983,60.4248,74.5850,t005,HHYSS
2533271920,267407,3,pierna,swing,-0.3969,0.5934,-0.3226,57.3730,64.0869,88.1348,t005,HHYSS
2533271920,267423,3,pierna,swing,-0.3901,0.5444,-0.3761,14.7705,57.5561,110.3516,t005,HHYSS
2533271921,267439,3,pierna,swing,-0.5391,0.5244,-0.5266,-9.3994,50.0488,119.1406,t005,HHYSS
2533271963,267455,3,pierna,swing,-0.6619,0.5580,-0.4071,-43.7012,47.1191,136.7798,t005,HHYSS
2533271963,267471,3,pierna,swing,-0.6199,0.5598,-0.3030,-57.7393,60.0586,155.0903,t005,HHYSS
2533271964,267487,3,pierna,swing,-0.4790,0.5798,-0.2224,-63.1103,65.4907,161.2549,t005,HHYSS
2533272008,267503,3,pierna,swing,-0.4514,0.6055,-0.2646,-79.1626,72.9980,166.5649,t005,HHYSS
2533272009,267519,3,pierna,swing,-0.4806,0.7074,-0.3392,-86.3037,77.2705,167.4805,t005,HHYSS
2533272009,267535,3,pierna,swing,-0.6284,0.8406,-0.3793,-77.5757,90.2100,168.2129,t005,HHYSS
2533272049,267551,3,pierna,swing,-0.7129,0.9009,-0.4438,-19.1650,111.8774,163.2080,t005,HHYSS
2533272052,267567,3,pierna,swing,-0.7675,0.7852,-0.5238,10.2539,123.2910,164.9170,t005,HHYSS
2533272071,267583,3,pierna,swing,-0.6935,0.5851,-0.5167,15.9302,119.3237,180.2978,t005,HHYSS
2533272096,267599,3,pierna,swing,-0.5931,0.2178,-0.4194,-5.6152,105.6518,188.6597,t005,HHYSS
2533272097,267615,3,pierna,swing,-0.6388,0.3280,-0.2136,-47.6074,90.4541,204.1626,t005,HHYSS
2533272139,267631,3,pierna,swing,-0.6934,0.4331,-0.2123,-60.1807,95.7031,197.8760,t005,HHYSS
2533272140,267647,3,pierna,swing,-0.8940,0.5028,-0.2532,-56.3354,99.1821,182.4341,t005,HHYSS
2533272140,267663,3,pierna,swing,-0.9747,0.5404,-0.2192,-33.3862,95.5200,155.8228,t005,HHYSS
2533272185,267679,3,pierna,swing,-0.9860,0.5417,-0.1094,-17.2119,94.1162,149.5972,t005,HHYSS
2533272186,267695,3,pierna,swing,-0.8871,0.0568,0.0356,8.9111,82.0312,133.0566,t005,HHYSS
2533272186,267711,3,pierna,swing,-0.8324,-0.2404,0.0769,-6.3477,42.5415,109.4971,t005,HHYSS
2533272229,267727,3,pierna,swing,-0.6260,-0.4005,0.1754,-32.6538,24.5361,86.8530,t005,HHYSS
2533272229,267743,3,pierna,swing,-0.5813,-0.2223,0.2015,-75.1343,0.1831,21.9727,t005,HHYSS
2533272273,267759,3,pierna,swing,-0.5814,0.1936,0.1494,-81.4819,-10.8032,-7.9956,t005,HHYSS
2533272273,267775,3,pierna,swing,-0.5471,0.3015,0.1057,-63.8428,-33.8745,-52.1851,t005,HHYSS
2533272274,267791,3,pierna,loading,-0.4684,0.4490,-0.0328,-43.5181,-48.1567,-72.0215,t005,HHYSS
2533272315,267807,3,pierna,loading,-0.8585,0.4268,-0.4939,-23.7427,-77.5146,-103.0273,t005,HHYSS
2533272315,267824,3,pierna,loading,-1.3179,0.2194,-0.5486,-46.0205,-61.6455,-51.3306,t005,HHYSS
2533272315,267840,3,pierna,loading,-2.3705,-0.3693,0.2701,-55.8472,-19.7754,17.1509,t005,HHYSS
2533272356,267856,3,pierna,loading,-1.7740,-0.3632,1.2795,-63.5376,69.5801,37.5977,t005,HHYSS
2533272365,267872,3,pierna,loading,-1.0802,0.0903,0.9380,-27.4658,-41.6260,-102.1728,t005,HHYSS
2533272366,267888,3,pierna,loading,-0.7344,0.2924,-0.0483,1.4038,-110.9009,-103.1494,t005,HHYSS
2533272410,267904,3,pierna,loading,-0.7799,0.2892,-0.4285,-15.9912,-164.9780,-69.9463,t005,HHYSS
2533272411,267921,3,pierna,loading,-0.7296,0.5568,-1.3069,-33.3862,-168.5791,-65.4907,t005,HHYSS
2533272411,267937,3,pierna,loading,-0.7091,0.7189,-1.4634,-52.3682,-123.8403,-40.6494,t005,HHYSS
2533272457,267953,3,pierna,loading,-0.8330,0.7629,-1.2505,28.7476,-28.2593,-56.5186,t005,HHYSS
2533272458,267969,3,pierna,loading,-1.2960,0.5078,-0.3522,77.9419,13.9770,-77.3315,t005,HHYSS
2533272458,267985,3,pierna,loading,-1.3866,0.2982,0.1393,49.0112,52.0019,-68.2983,t005,HHYSS
2533272500,268001,3,pierna,midstance,-0.8093,0.0636,0.4393,6.6528,36.2549,-43.4570,t005,HHYSS
2533272502,268017,3,pierna,midstance,-0.9087,0.2048,-0.0526,-17.5781,-60.6689,-34.4238,t005,HHYSS
2533272550,268033,3,pierna,midstance,-1.0997,0.3573,-0.3508,32.9590,-91.9800,-33.1421,t005,HHYSS
2533272551,268049,3,pierna,midstance,-1.0553,0.0599,-0.3466,64.8804,-64.6362,-23.3765,t005,HHYSS
2533272551,268065,3,pierna,midstance,-0.9069,-0.3234,-0.1658,83.1909,-23.8647,-16.3574,t005,HHYSS
2533272596,268081,3,pierna,midstance,-0.7911,-0.5779,-0.0316,67.7490,-25.6348,-24.2310,t005,HHYSS
2533272598,268098,3,pierna,midstance,-1.0094,-0.0107,-0.1199,30.6396,-33.7524,-55.7861,t005,HHYSS
2533272598,268114,3,pierna,midstance,-1.0656,0.1764,-0.1499,35.2783,-30.5786,-65.3076,t005,HHYSS
2533272644,268130,3,pierna,midstance,-1.0081,0.0908,-0.1638,40.1001,-31.8603,-56.0303,t005,HHYSS
2533272645,268146,3,pierna,midstance,-0.9614,0.0238,-0.1904,34.2407,-39.1846,-46.5698,t005,HHYSS
2533272645,268162,3,pierna,midstance,-0.9174,0.0344,-0.2340,27.8320,-39.1846,-50.1709,t005,HHYSS
2533272654,268178,3,pierna,midstance,-0.9150,0.0959,-0.2495,17.2119,-33.3252,-60.5469,t005,HHYSS
2533272689,268194,3,pierna,midstance,-0.9037,0.1610,-0.2803,5.5542,-28.7476,-67.1387,t005,HHYSS
2533272689,268210,3,pierna,terminal,-0.9296,0.3741,-0.3213,2.4414,-26.6113,-70.9229,t005,HHYSS
2533272742,268227,3,pierna,terminal,-0.9685,0.4094,-0.2932,9.2163,-21.0571,-71.8384,t005,HHYSS
2533272743,268243,3,pierna,terminal,-1.0010,0.1949,-0.1694,13.1226,-21.9116,-66.1621,t005,HHYSS
2533272743,268259,3,pierna,terminal,-1.0106,-0.0198,-0.1117,18.6157,-31.6162,-59.2041,t005,HHYSS
2533272787,268275,3,pierna,terminal,-1.0316,-0.0586,-0.0739,32.6538,-38.3911,-65.1855,t005,HHYSS
2533272790,268291,3,pierna,terminal,-1.1311,-0.0923,0.0339,41.1377,-43.3350,-68.4204,t005,HHYSS
2533272790,268308,3,pierna,terminal,-1.1201,-0.1063,0.0165,58.2275,-57.9834,-71.7773,t005,HHYSS
2533272838,268324,3,pierna,terminal,-1.0616,-0.0870,-0.0239,67.1997,-64.8193,-74.1577,t005,HHYSS
2533272839,268340,3,pierna,terminal,-1.0771,0.0343,-0.0677,73.6084,-66.7725,-76.7212,t005,HHYSS
2533272840,268356,3,pierna,terminal,-1.1813,0.1372,-0.0686,93.8110,-68.9697,-85.7544,t005,HHYSS
2533272884,268372,3,pierna,terminal,-1.4436,0.2433,-0.0728,105.1025,-67.9321,-87.1582,t005,HHYSS
2533272885,268388,3,pierna,swing,-1.5897,-0.1423,0.0509,127.8076,-55.9082,-67.0166,t005,HHYSS
2533272885,268404,3,pierna,swing,-1.5836,-0.5361,0.0582,128.6011,-34.3018,-23.8647,t005,HHYSS
2533272938,268420,3,pierna,swing,-1.5105,-1.1980,-0.1099,109.1919,-13.5498,-19.7754,t005,HHYSS
2533272938,268437,3,pierna,swing,-1.3552,-1.1444,-0.1752,42.3584,-11.1084,-64.7583,t005,HHYSS
2533272939,268453,3,pierna,swing,-1.0154,-0.3428,-0.6289,10.4370,-35.2783,-99.3042,t005,HHYSS
2533272978,268469,3,pierna,swing,-1.1772,0.7378,-1.0697,-31.4331,-70.3125,-152.8931,t005,HHYSS
2533272984,268485,3,pierna,swing,-1.3696,1.1050,-0.9993,-57.1899,-36.6821,-147.3999,t005,HHYSS
2533272986,268502,3,pierna,swing,-1.3608,1.2760,-0.6074,-57.2510,-3.6011,-113.8916,t005,HHYSS
2533273036,268518,3,pierna,swing,-1.0093,1.3130,-0.5679,-10.1929,29.8462,-53.9551,t005,HHYSS
2533273037,268534,3,pierna,swing,-0.6104,1.2301,-0.3035,63.7817,53.5278,2.0752,t005,HHYSS
2533273037,268550,3,pierna,swing,-0.5459,0.6925,-0.1534,81.6650,65.0635,38.7573,t005,HHYSS
2533273081,268566,3,pierna,swing,-0.4291,0.4915,-0.2239,61.0962,68.1763,91.2476,t005,HHYSS
2533273084,268582,3,pierna,swing,-0.3403,0.3307,-0.3643,30.7007,60.1807,104.2480,t005,HHYSS
2533273084,268598,3,pierna,swing,-0.4076,0.3437,-0.4583,-43.3960,35.9497,118.6523,t005,HHYSS
2533273129,268614,3,pierna,swing,-0.6036,0.5089,-0.4988,-74.2798,28.1982,125.0000,t005,HHYSS
2533273134,268630,3,pierna,swing,-0.6727,0.5557,-0.4061,-107.7270,30.5786,141.6016,t005,HHYSS
2533273135,268646,3,pierna,swing,-0.6556,0.5590,-0.3630,-117.4927,48.4009,155.6396,t005,HHYSS
2533273136,268662,3,pierna,swing,-0.6322,0.6809,-0.3131,-120.3003,57.0679,158.6304,t005,HHYSS
2533273182,268678,3,pierna,swing,-0.6648,0.7386,-0.2893,-116.0889,71.1060,158.8135,t005,HHYSS
2533273185,268694,3,pierna,swing,-0.6960,0.8483,-0.3066,-104.4311,80.2612,158.5083,t005,HHYSS
2533273234,268710,3,pierna,swing,-0.7180,0.9974,-0.5175,-45.4712,102.3559,152.0996,t005,HHYSS
2533273235,268726,3,pierna,swing,-0.7491,0.9309,-0.5684,18.4326,121.3989,154.7852,t005,HHYSS
2533273235,268742,3,pierna,swing,-0.6952,0.4480,-0.5175,28.9307,124.5727,163.7573,t005,HHYSS
2533273236,268759,3,pierna,swing,-0.5966,0.1735,-0.4731,-20.1416,105.7739,179.1382,t005,HHYSS
2533273282,268774,3,pierna,swing,-0.4895,0.0618,-0.3467,-64.7583,97.2900,183.7158,t005,HHYSS
2533273283,268790,3,pierna,swing,-0.6504,0.4967,-0.2209,-125.1831,101.6235,175.5371,t005,HHYSS
2533273284,268806,3,pierna,swing,-0.7974,0.7363,-0.1865,-112.9761,112.7319,153.1372,t005,HHYSS
2533273335,268823,3,pierna,swing,-0.9028,0.7992,-0.1783,-87.9517,110.9619,145.3857,t005,HHYSS
2533273335,268839,3,pierna,swing,-0.8591,0.6456,-0.1932,-40.5884,100.0366,135.7422,t005,HHYSS
2533273336,268855,3,pierna,swing,-0.7963,0.3517,-0.1755,-24.4751,93.3227,130.7373,t005,HHYSS
2533273383,268871,3,pierna,swing,-0.8632,0.0670,-0.1233,-11.4746,73.3643,111.9385,t005,HHYSS
2533273383,268887,3,pierna,loading,-0.8540,-0.0076,-0.0903,-24.2920,51.1475,87.7075,t005,HHYSS
2533273384,268903,3,pierna,loading,-0.7970,0.0420,-0.0233,-32.1045,40.9546,67.6270,t005,HHYSS
2533273439,268919,3,pierna,loading,-0.7477,0.0623,0.0276,-46.6309,26.3672,27.4048,t005,HHYSS
2533273439,268935,3,pierna,loading,-0.6118,0.0710,0.0947,-55.4810,19.1650,10.7422,t005,HHYSS
2533273440,268951,3,pierna,loading,-0.5927,0.1532,0.0193,-68.1763,-1.4038,-23.6816,t005,HHYSS
2533273440,268967,3,pierna,loading,-0.5824,0.2013,-0.0391,-66.8335,-21.9727,-59.2651,t005,HHYSS
2533273489,268983,3,pierna,loading,-0.5862,0.3672,-0.2308,-66.1621,-32.2876,-75.8057,t005,HHYSS
2533273491,268999,3,pierna,loading,-0.6311,0.4191,-0.4192,-80.5664,-48.2788,-99.4873,t005,HHYSS
2533273492,269015,3,pierna,loading,-1.1193,0.3647,-0.4515,-81.8481,-46.8140,-95.9473,t005,HHYSS
2533273541,269032,3,pierna,loading,-2.3590,-0.1901,0.4799,-40.2222,0.8545,-3.0518,t005,HHYSS
2533273542,269047,3,pierna,loading,-2.6792,-0.4536,1.3264,5.7983,57.3730,92.2851,t005,HHYSS
2533273542,269063,3,pierna,loading,-1.1516,-0.1917,1.3479,-6.7139,19.7754,24.6582,t005,HHYSS
2533273589,269080,3,pierna,loading,-0.5732,0.1473,0.7026,56.1523,-138.6108,-89.2944,t005,HHYSS
2533273591,269095,3,pierna,loading,-0.6869,0.1807,-0.0366,78.3691,-178.5889,-78.0029,t005,HHYSS
2533273592,269111,3,pierna,loading,-0.7374,0.2090,-1.0624,-2.3804,-218.9941,-29.7852,t005,HHYSS
2533273645,269128,3,pierna,loading,-0.7675,0.2854,-1.5647,-63.1103,-186.5845,-36.4990,t005,HHYSS
2533273646,269144,3,pierna,loading,-0.9276,0.6626,-1.5625,-23.8647,-120.6055,-54.8096,t005,HHYSS
2533273646,269160,3,pierna,loading,-1.0557,0.7968,-1.1234,105.1025,16.2964,-83.1909,t005,HHYSS
2533273695,269176,3,pierna,midstance,-1.3326,0.3467,0.1309,93.7500,56.5796,-79.5898,t005,HHYSS
2533273695,269192,3,pierna,midstance,-1.1372,0.0121,0.4116,-27.0386,62.3779,-14.5264,t005,HHYSS
2533273696,269207,3,pierna,midstance,-0.7180,-0.0874,0.2953,-51.4526,12.9395,-3.5400,t005,HHYSS
2533273697,269223,3,pierna,midstance,-1.0564,0.4059,-0.2227,4.7607,-89.5386,-51.8799,t005,HHYSS
2533273754,269239,3,pierna,midstance,-1.1260,0.4043,-0.3040,85.2051,-70.8618,-37.2314,t005,HHYSS
2533273754,269255,3,pierna,midstance,-0.9640,-0.3480,-0.1682,90.3931,-49.6216,-12.3291,t005,HHYSS
2533273755,269271,3,pierna,midstance,-0.8682,-0.6396,-0.1205,51.8188,-43.2739,-9.2773,t005,HHYSS
2533273806,269288,3,pierna,midstance,-0.8832,-0.3899,-0.1808,33.5693,-43.0298,-32.1655,t005,HHYSS
2533273808,269304,3,pierna,midstance,-1.0081,0.2197,-0.1641,29.7241,-35.4614,-75.4395,t005,HHYSS
2533273809,269320,3,pierna,midstance,-1.0181,0.2969,-0.1521,45.5933,-38.9404,-64.6973,t005,HHYSS
2533273810,269336,3,pierna,midstance,-0.9739,0.1295,-0.1390,47.3633,-41.3208,-53.1616,t005,HHYSS
2533273865,269352,3,pierna,midstance,-0.9369,0.0613,-0.1438,44.5557,-44.1894,-52.3682,t005,HHYSS
2533273865,269368,3,pierna,midstance,-0.9202,0.0520,-0.2488,33.6914,-49.4385,-63.5376,t005,HHYSS
2533273866,269384,3,pierna,midstance,-0.9395,0.2043,-0.3888,26.8555,-50.7812,-68.4204,t005,HHYSS
2533273917,269400,3,pierna,midstance,-0.9490,0.2961,-0.4165,24.3530,-43.2129,-70.7397,t005,HHYSS
2533273917,269416,3,pierna,terminal,-0.9646,0.3368,-0.3921,27.0996,-33.2031,-68.8477,t005,HHYSS
2533273918,269433,3,pierna,terminal,-0.9055,0.1979,-0.3004,31.3110,-21.6675,-63.1714,t005,HHYSS
2533273922,269449,3,pierna,terminal,-0.9072,0.1499,-0.2667,30.0903,-36.9873,-53.4668,t005,HHYSS
2533273977,269465,3,pierna,terminal,-0.9882,0.1492,-0.2213,32.4097,-42.2974,-51.0254,t005,HHYSS
2533273978,269481,3,pierna,terminal,-1.0139,0.1204,-0.1628,45.5322,-41.1987,-51.6357,t005,HHYSS
2533273978,269497,3,pierna,terminal,-1.0687,-0.0360,-0.0238,51.7578,-42.4194,-52.6733,t005,HHYSS
2533274031,269513,3,pierna,swing,-1.0758,-0.1245,0.0139,62.5000,-49.0112,-57.1289,t005,HHYSS
2533274031,269529,3,pierna,swing,-1.0366,-0.1237,0.0083,67.9932,-51.6357,-63.8428,t005,HHYSS
2533274032,269545,3,pierna,swing,-0.9767,-0.0101,-0.0399,71.1670,-55.1758,-67.7490,t005,HHYSS
2533274035,269562,3,pierna,swing,-1.0057,0.1102,-0.0763,84.8999,-66.8945,-75.6226,t005,HHYSS
2533274090,269578,3,pierna,swing,-1.1650,0.3640,-0.1517,93.7500,-69.2749,-77.1484,t005,HHYSS
2533274091,269594,3,pierna,swing,-1.3021,0.2300,0.0253,114.5630,-61.8896,-67.3218,t005,HHYSS
2533274091,269609,3,pierna,swing,-1.3674,0.0159,0.1790,136.1694,-64.2090,-41.1377,t005,HHYSS
2533274143,269625,3,pierna,swing,-1.3866,-0.4368,0.1991,143.6157,-67.8711,-26.4893,t005,HHYSS
2533274146,269641,3,pierna,swing,-1.4293,-0.7034,0.0414,137.2681,-51.7578,-21.4233,t005,HHYSS
2533274146,269657,3,pierna,swing,-1.5663,-1.0906,-0.3241,111.1450,-31.0059,-39.8560,t005,HHYSS
2533274201,269674,3,pierna,swing,-1.4623,-0.9286,-0.4772,35.6445,-27.0386,-103.8208,t005,HHYSS
2533274202,269690,3,pierna,swing,-1.1417,0.2211,-0.8430,3.7231,-44.8608,-138.0615,t005,HHYSS
2533274203,269706,3,pierna,swing,-1.2799,1.0753,-0.9063,-43.8843,-49.4995,-174.4385,t005,HHYSS
2533274203,269722,3,pierna,swing,-1.3531,1.1544,-0.7751,-57.9834,4.0283,-123.2300,t005,HHYSS
2533274257,269738,3,pierna,swing,-1.0747,1.1046,-0.4894,-47.4243,24.5972,-89.0503,t005,HHYSS
2533274258,269754,3,pierna,swing,-0.5837,1.1445,-0.5112,2.3804,27.0386,-49.8047,t005,HHYSS
2533274258,269770,3,pierna,swing,-0.5631,1.0286,-0.3975,45.4712,41.2598,4.6997,t005,HHYSS
2533274314,269786,3,pierna,swing,-0.5616,0.5503,-0.2716,51.2695,51.3916,37.7197,t005,HHYSS
2533274314,269802,3,pierna,swing,-0.4404,0.4644,-0.3195,23.8647,56.5796,80.4443,t005,HHYSS
2533274315,269818,3,pierna,swing,-0.3378,0.5181,-0.4034,-3.0518,51.3916,91.9189,t005,HHYSS
2533274315,269834,3,pierna,swing,-0.3816,0.5845,-0.4843,-48.0347,43.7622,111.7554,t005,HHYSS
2533274367,269850,3,pierna,swing,-0.5173,0.6719,-0.5264,-59.4482,47.1191,124.5117,t005,HHYSS
2533274369,269866,3,pierna,swing,-0.5709,0.6322,-0.4362,-66.6504,58.9600,150.6958,t005,HHYSS
2533274370,269882,3,pierna,swing,-0.5414,0.6179,-0.4236,-68.2983,76.1719,167.1753,t005,HHYSS
2533274426,269898,3,pierna,swing,-0.4786,0.6589,-0.3743,-70.1904,84.0454,170.8374,t005,HHYSS
2533274427,269914,3,pierna,swing,-0.4927,0.6790,-0.3375,-71.3501,92.8345,171.7529,t005,HHYSS
2533274427,269930,3,pierna,swing,-0.5376,0.7029,-0.2931,-70.1294,98.6328,171.2646,t005,HHYSS
2533274479,269946,3,pierna,swing,-0.5786,0.8013,-0.3651,-52.3682,117.9199,171.0815,t005,HHYSS
2533274481,269962,3,pierna,swing,-0.6132,0.8602,-0.4709,-7.2021,136.7798,163.1470,t005,HHYSS
2533274482,269978,3,pierna,swing,-0.6460,0.7891,-0.5605,10.4370,141.9067,165.1001,t005,HHYSS
2533274483,269994,3,pierna,swing,-0.6194,0.6281,-0.4913,4.2114,139.8926,190.0635,t005,HHYSS
2533274538,270010,3,pierna,swing,-0.6716,0.3358,-0.2794,-11.5967,129.3945,202.3315,t005,HHYSS
2533274538,270026,3,pierna,swing,-0.7214,0.3881,-0.2428,-32.4707,108.0322,237.8540,t005,HHYSS
2533274539,270042,3,pierna,swing,-0.7673,0.3979,-0.2670,-42.2974,106.2012,242.6147,t005,HHYSS
2533274591,270058,3,pierna,swing,-1.1060,0.4520,-0.2749,-31.5552,108.6426,220.3369,t005,HHYSS
2533274592,270074,3,pierna,loading,-1.1959,0.4838,-0.2242,0.0610,111.8164,175.3540,t005,HHYSS
2533274592,270090,3,pierna,loading,-0.9293,0.1594,0.0670,2.7466,102.6611,166.8701,t005,HHYSS
2533274592,270106,3,pierna,loading,-0.7616,-0.1562,0.1998,-16.6626,63.9648,143.8599,t005,HHYSS
2533274595,270121,3,pierna,loading,-0.5642,-0.5083,0.3507,-33.6914,47.0581,117.7368,t005,HHYSS
2533274653,270137,3,pierna,loading,-0.5251,-0.3761,0.3496,-87.4023,11.6577,47.4853,t005,HHYSS
2533274654,270153,3,pierna,loading,-0.5760,-0.2477,0.2651,-114.3799,-24.0478,-25.3296,t005,HHYSS
2533274654,270169,3,pierna,loading,-0.5853,0.0889,-0.0066,-110.6567,-35.0952,-61.3403,t005,HHYSS
2533274708,270186,3,pierna,loading,-0.6267,0.2050,-0.0839,-91.5527,-52.4902,-112.2436,t005,HHYSS
2533274709,270202,3,pierna,loading,-1.1029,0.3145,-0.1919,-77.6367,-64.2700,-120.4224,t005,HHYSS
2533274710,270218,3,pierna,loading,-2.3405,0.2345,0.1157,-29.6020,-51.9409,-63.5986,t005,HHYSS
2533274710,270234,3,pierna,loading,-2.2120,0.0105,0.5977,-44.1894,32.2876,0.4883,t005,HHYSS
2533274767,270250,3,pierna,loading,-0.6605,0.0519,0.7534,-76.9653,23.9868,-27.3437,t005,HHYSS
2533274768,270266,3,pierna,loading,-0.6720,0.3394,0.2302,-48.6450,-116.9434,-107.8491,t005,HHYSS
2533274768,270283,3,pierna,loading,-1.1754,0.7069,-0.6759,-19.4092,-172.9736,-103.4546,t005,HHYSS
2533274822,270299,3,pierna,loading,-0.9192,0.9684,-1.1130,-7.5684,-171.7529,-74.5850,t005,HHYSS
2533274823,270315,3,pierna,midstance,-0.6676,0.9459,-1.3704,8.7280,-109.0088,-26.4893,t005,HHYSS
2533274823,270332,3,pierna,midstance,-0.7263,0.5479,-1.1895,17.3950,-56.0913,-29.1138,t005,HHYSS
2533274823,270348,3,pierna,midstance,-1.3192,0.2217,-0.1272,69.2749,10.1929,-51.8188,t005,HHYSS
2533274888,270363,3,pierna,midstance,-1.3365,0.1224,0.2435,35.6445,16.8457,-40.3442,t005,HHYSS
2533274888,270379,3,pierna,midstance,-0.7821,-0.0776,0.2031,-6.8359,-0.4883,-22.3999,t005,HHYSS
2533274888,270395,3,pierna,midstance,-0.7469,-0.0685,-0.0051,-42.2363,-55.0537,-24.8413,t005,HHYSS
2533274888,270412,3,pierna,midstance,-1.0829,0.2668,-0.3994,-21.1792,-66.3452,-40.9546,t005,HHYSS
2533274945,270428,3,pierna,midstance,-1.1045,0.2388,-0.2015,53.2837,-41.9311,-44.3115,t005,HHYSS
2533274946,270444,3,pierna,midstance,-0.9738,-0.0841,-0.0258,63.2324,-16.1743,-10.3149,t005,HHYSS
2533274948,270461,3,pierna,midstance,-0.8274,-0.5142,0.0669,42.0532,-19.8975,-3.1128,t005,HHYSS
2533274970,270477,3,pierna,midstance,-0.9067,-0.4238,0.0358,11.8408,-28.6255,-37.4756,t005,HHYSS
2533275009,270493,3,pierna,midstance,-1.0629,-0.0286,-0.0250,15.6860,-29.5410,-58.0444,t005,HHYSS
2533275009,270509,3,pierna,midstance,-0.9656,-0.1429,-0.0647,30.0903,-30.3955,-52.7954,t005,HHYSS
2533275009,270525,3,pierna,midstance,-0.9141,-0.2053,-0.0953,21.6675,-43.9453,-48.8892,t005,HHYSS
2533275065,270541,3,pierna,midstance,-0.9487,0.0480,-0.2225,16.0522,-49.5605,-57.9834,t005,HHYSS
2533275066,270558,3,pierna,terminal,-0.9897,0.2285,-0.2614,13.1226,-44.6167,-73.4253,t005,HHYSS
2533275066,270574,3,pierna,terminal,-1.0139,0.3920,-0.2300,22.8882,-29.7852,-70.9839,t005,HHYSS
2533275066,270590,3,pierna,terminal,-0.9850,0.2043,-0.1451,26.1230,-28.5034,-63.5986,t005,HHYSS
2533275131,270606,3,pierna,terminal,-0.9688,0.0887,-0.1437,26.2451,-37.9028,-56.3354,t005,HHYSS
2533275131,270622,3,pierna,terminal,-0.9952,-0.0139,-0.1475,25.1465,-42.5415,-58.1055,t005,HHYSS
2533275132,270639,3,pierna,terminal,-1.0284,-0.0420,-0.0815,26.0010,-41.9311,-67.7490,t005,HHYSS
2533275132,270655,3,pierna,terminal,-1.0427,-0.0874,-0.0281,43.7622,-47.6074,-71.8384,t005,HHYSS
2533275189,270671,3,pierna,swing,-1.0911,-0.1357,0.0056,54.5654,-57.3730,-73.5474,t005,HHYSS
2533275190,270687,3,pierna,swing,-1.0970,-0.1342,-0.0210,66.3452,-68.6646,-81.4209,t005,HHYSS
2533275190,270704,3,pierna,swing,-1.0243,-0.0753,-0.0773,67.7490,-67.1997,-86.6089,t005,HHYSS
2533275193,270720,3,pierna,swing,-1.0028,0.0476,-0.1122,66.1011,-65.0024,-89.5386,t005,HHYSS
2533275254,270736,3,pierna,swing,-1.0509,0.1416,-0.1279,74.0967,-72.6318,-91.9800,t005,HHYSS
2533275255,270752,3,pierna,swing,-1.3051,0.2852,-0.0896,89.4775,-74.0356,-93.2007,t005,HHYSS
2533275255,270768,3,pierna,swing,-1.4374,0.2279,0.0056,122.9858,-68.3594,-80.8716,t005,HHYSS
2533275311,270784,3,pierna,swing,-1.5452,-0.1396,0.2198,136.7187,-66.5894,-65.4297,t005,HHYSS
2533275313,270800,3,pierna,swing,-1.4889,-0.6750,0.1039,156.8604,-67.9321,-19.5923,t005,HHYSS
2533275314,270817,3,pierna,swing,-1.4462,-0.9912,-0.0719,131.4697,-30.3955,-16.7236,t005,HHYSS
2533275314,270833,3,pierna,swing,-1.3757,-1.1027,-0.4045,97.7173,-16.7236,-49.8047,t005,HHYSS
2533275373,270849,3,pierna,swing,-1.3206,-0.7765,-0.6448,21.2402,-48.9502,-120.6665,t005,HHYSS
2533275374,270865,3,pierna,swing,-1.2963,0.5817,-0.9576,-55.4810,-67.5659,-164.9170,t005,HHYSS
2533275375,270882,3,pierna,swing,-1.0649,1.3369,-0.8589,-84.5337,-38.5742,-154.8462,t005,HHYSS
2533275375,270898,3,pierna,swing,-0.9918,1.3230,-0.7277,-79.8950,18.4937,-79.9561,t005,HHYSS
2533275432,270914,3,pierna,swing,-0.7695,1.3112,-0.5945,-44.6167,19.7144,-53.2837,t005,HHYSS
2533275433,270930,3,pierna,swing,-0.7225,1.1458,-0.2759,40.2222,36.8042,-8.9111,t005,HHYSS
2533275492,270946,3,pierna,swing,-0.6843,0.8344,-0.1678,85.2661,65.2466,64.8804,t005,HHYSS
2533275493,270962,3,pierna,swing,-0.3505,0.3899,-0.2113,76.2329,70.4956,93.6890,t005,HHYSS
2533275493,270978,3,pierna,swing,-0.2870,0.3368,-0.2832,10.1318,61.0962,120.5444,t005,HHYSS
2533275494,270994,3,pierna,swing,-0.4360,0.4435,-0.4349,-27.2827,52.7344,125.7934,t005,HHYSS
2533275529,271010,3,pierna,swing,-0.5306,0.6223,-0.4235,-77.1484,46.1426,133.4839,t005,HHYSS
2533275551,271026,3,pierna,swing,-0.5369,0.6648,-0.3713,-86.1816,51.7578,145.2637,t005,HHYSS
2533275551,271042,3,pierna,swing,-0.5143,0.6504,-0.3262,-83.6792,58.2886,152.8320,t005,HHYSS
2533275552,271058,3,pierna,swing,-0.5013,0.6399,-0.3639,-81.7261,73.8525,171.5698,t005,HHYSS
2533275552,271074,3,pierna,swing,-0.4727,0.6345,-0.4110,-87.4023,81.7871,176.7578,t005,HHYSS
2533275613,271090,3,pierna,swing,-0.4608,0.6423,-0.3822,-103.3325,97.4121,176.4526,t005,HHYSS
2533275613,271106,3,pierna,swing,-0.5128,0.7716,-0.3235,-101.8066,106.9946,172.6684,t005,HHYSS
2533275613,271122,3,pierna,swing,-0.7087,0.9581,-0.5062,-53.8330,128.8452,157.9590,t005,HHYSS
2533275614,271138,3,pierna,swing,-0.8035,0.9331,-0.5674,-4.8828,142.5781,163.0859,t005,HHYSS
2533275671,271154,3,pierna,swing,-0.8309,0.5437,-0.3131,-6.9580,137.8174,187.1338,t005,HHYSS
2533275730,271170,3,pierna,swing,-0.7821,0.3865,-0.2405,-35.7056,112.8540,251.7090,t005,HHYSS
2533275730,271186,3,pierna,swing,-0.7034,0.3246,-0.3292,-49.0723,108.1543,264.1602,t005,HHYSS
2533275731,271202,3,pierna,swing,-1.0103,0.4542,-0.2611,-47.7295,119.7510,222.0459,t005,HHYSS
2533275740,271218,3,pierna,swing,-1.1471,0.5249,-0.1626,-7.9956,116.5771,169.0063,t005,HHYSS
2533275786,271234,3,pierna,swing,-0.9003,0.2974,0.0912,1.9531,102.9663,161.9873,t005,HHYSS
2533275787,271250,3,pierna,loading,-0.7332,0.0135,0.1440,6.4697,51.5747,146.7285,t005,HHYSS
2533275788,271266,3,pierna,loading,-0.6653,-0.5265,0.2073,-3.2959,30.3345,125.6103,t005,HHYSS
2533275788,271282,3,pierna,loading,-0.6093,-0.5013,0.3297,-64.0259,10.6201,60.0586,t005,HHYSS
2533275788,271298,3,pierna,loading,-0.6451,-0.3191,0.3065,-106.1401,-20.9961,-17.7002,t005,HHYSS
2533275788,271314,3,pierna,loading,-0.7250,-0.0415,0.0730,-105.9570,-36.9873,-49.4995,t005,HHYSS
2533275851,271330,3,pierna,loading,-0.7131,0.0315,0.0054,-97.0459,-56.0913,-97.7783,t005,HHYSS
2533275852,271346,3,pierna,loading,-1.3304,0.3043,0.1982,-77.8198,-55.8472,-118.6523,t005,HHYSS
2533275852,271362,3,pierna,loading,-2.4744,0.3755,0.6896,2.1362,0.3662,-101.7456,t005,HHYSS
2533275852,271378,3,pierna,loading,-1.6245,0.1320,0.6356,-33.1421,1.6479,-48.9502,t005,HHYSS
2533275909,271394,3,pierna,loading,-0.1613,0.1921,-0.0088,-53.7109,-36.2549,-56.9458,t005,HHYSS
2533275911,271411,3,pierna,loading,-0.4873,0.4203,-0.2446,-35.7666,-89.0503,-101.4404,t005,HHYSS
2533275912,271427,3,pierna,loading,-1.2729,0.6774,-0.6691,-29.4189,-103.4546,-111.0840,t005,HHYSS
2533275974,271443,3,pierna,loading,-1.2189,1.0576,-1.0591,-23.4985,-125.6714,-115.9058,t005,HHYSS
2533275975,271459,3,pierna,loading,-0.9419,1.0709,-1.0988,45.8984,-72.1436,-53.9551,t005,HHYSS
2533275975,271475,3,pierna,loading,-0.6881,0.5149,-0.5848,70.4346,-34.9121,-25.2686,t005,HHYSS
2533275975,271491,3,pierna,loading,-0.8544,0.1584,-0.3101,54.6265,-17.2119,-28.1982,t005,HHYSS
2533276034,271507,3,pierna,loading,-1.1381,-0.1656,-0.0105,36.3770,-25.8789,-29.2358,t005,HHYSS
2533276034,271523,3,pierna,midstance,-0.9459,0.0450,-0.0090,-7.5073,-41.6260,-35.5225,t005,HHYSS
2533276035,271540,3,pierna,midstance,-0.8716,0.2095,-0.1433,-31.1890,-56.1523,-42.7856,t005,HHYSS
2533276036,271556,3,pierna,midstance,-0.9984,0.3473,-0.3577,-20.2026,-63.2935,-40.7104,t005,HHYSS
2533276106,271572,3,pierna,midstance,-1.1111,0.3325,-0.3524,38.8794,-49.8657,-35.1563,t005,HHYSS
2533276106,271588,3,pierna,midstance,-1.0476,0.0977,-0.1122,63.2324,-32.4707,-32.9590,t005,HHYSS
2533276107,271604,3,pierna,midstance,-0.8405,-0.2378,-0.0085,64.1479,-24.9023,-27.1606,t005,HHYSS
2533276107,271620,3,pierna,midstance,-0.8501,-0.2758,-0.0610,32.1045,-39.9780,-29.9072,t005,HHYSS
2533276133,271637,3,pierna,midstance,-1.0138,-0.0656,-0.1747,21.1182,-39.3677,-39.4897,t005,HHYSS
2533276170,271653,3,pierna,midstance,-1.0405,0.0509,-0.2094,22.3389,-31.4331,-50.7812,t005,HHYSS
2533276171,271669,3,pierna,terminal,-0.9625,0.0759,-0.1678,18.9819,-30.9448,-40.4053,t005,HHYSS
2533276171,271685,3,pierna,terminal,-0.9149,0.1234,-0.0778,15.8691,-33.0200,-41.1987,t005,HHYSS
2533276174,271701,3,pierna,terminal,-0.9574,0.2212,-0.0833,20.6299,-30.7007,-55.7251,t005,HHYSS
2533276238,271717,3,pierna,terminal,-1.0045,0.2086,-0.1523,24.5361,-28.7476,-56.2134,t005,HHYSS
2533276238,271733,3,pierna,terminal,-0.9664,0.0911,-0.2076,13.7329,-34.1187,-43.6401,t005,HHYSS
2533276239,271749,3,pierna,terminal,-0.9078,-0.0326,-0.2834,3.8452,-35.9497,-43.3350,t005,HHYSS
2533276239,271765,3,pierna,terminal,-0.9723,0.1476,-0.2853,-6.2256,-28.9307,-55.7861,t005,HHYSS
2533276299,271781,3,pierna,terminal,-1.0464,0.2345,-0.2452,-0.9766,-20.0195,-67.4438,t005,HHYSS
2533276300,271798,3,pierna,terminal,-1.0532,0.1235,-0.0748,7.2632,-17.8833,-69.3359,t005,HHYSS
2533276300,271814,3,pierna,terminal,-1.0078,-0.0360,0.0146,25.8789,-26.0010,-66.0400,t005,HHYSS
2533276322,271830,3,pierna,terminal,-1.0195,-0.2511,0.0201,49.0723,-54.5044,-62.5610,t005,HHYSS
2533276361,271846,3,pierna,terminal,-1.1176,-0.2484,-0.0590,66.0400,-69.4580,-65.4907,t005,HHYSS
2533276362,271862,3,pierna,terminal,-1.1200,-0.1923,-0.0615,76.2939,-75.6836,-83.4351,t005,HHYSS
2533276362,271878,3,pierna,terminal,-1.0658,-0.0128,-0.0796,67.4438,-70.5566,-89.2334,t005,HHYSS
2533276421,271894,3,pierna,terminal,-1.0414,0.0916,-0.0947,54.8096,-61.2183,-89.7827,t005,HHYSS
2533276423,271910,3,pierna,terminal,-1.0605,0.3159,-0.1248,66.2231,-63.4155,-93.0786,t005,HHYSS
2533276424,271926,3,pierna,terminal,-1.2921,0.4293,-0.1501,81.2988,-68.5425,-93.3227,t005,HHYSS
2533276472,271942,3,pierna,terminal,-1.4308,0.3357,-0.1289,114.7461,-70.5566,-75.8667,t005,HHYSS
2533276490,271958,3,pierna,terminal,-1.5215,-0.1326,-0.0146,125.1831,-64.9414,-55.9082,t005,HHYSS
2533276490,271974,3,pierna,terminal,-1.4309,-0.4368,-0.0331,120.8496,-49.1943,-10.5591,t005,HHYSS
2533276491,271991,3,pierna,terminal,-1.2205,-1.0010,-0.2391,78.1250,-14.0381,-17.8223,t005,HHYSS
2533276550,272007,3,pierna,swing,-1.1797,-0.6892,-0.1700,59.4482,-13.6108,-48.4619,t005,HHYSS
2533276550,272023,3,pierna,swing,-1.1722,-0.2385,-0.3337,33.1421,-53.9551,-116.6992,t005,HHYSS
2533276550,272039,3,pierna,swing,-1.2368,0.6729,-0.8451,14.2212,-65.7959,-139.0381,t005,HHYSS
2533276551,272056,3,pierna,swing,-1.4067,0.8964,-0.8035,-37.1704,-37.1094,-121.2158,t005,HHYSS
2533276553,272072,3,pierna,swing,-1.2721,0.8265,-0.6699,-57.4951,15.8081,-47.1802,t005,HHYSS
2533276619,272088,3,pierna,swing,-0.7676,1.0094,-0.4700,-42.9077,20.9351,-28.9917,t005,HHYSS
2533276620,272104,3,pierna,swing,-0.6002,1.2456,-0.4127,2.5635,23.0713,-23.5596,t005,HHYSS
2533276620,272120,3,pierna,swing,-0.7070,1.1172,-0.2338,29.2969,32.8369,-6.2866,t005,HHYSS
2533276621,272136,3,pierna,swing,-0.6375,0.5651,-0.2880,75.2563,48.2788,62.5000,t005,HHYSS
2533276682,272152,3,pierna,swing,-0.5227,0.4402,-0.2957,43.1519,59.9365,101.9287,t005,HHYSS
2533276685,272168,3,pierna,swing,-0.4865,0.3856,-0.2804,9.7656,62.3779,113.4643,t005,HHYSS
2533276685,272184,3,pierna,swing,-0.4917,0.4111,-0.3535,-59.8144,55.8472,133.4839,t005,HHYSS
2533276685,272200,3,pierna,swing,-0.5472,0.6058,-0.3655,-86.4868,48.0957,140.0757,t005,HHYSS
2533276749,272216,3,pierna,swing,-0.5629,0.7096,-0.2402,-104.4922,51.9409,151.6724,t005,HHYSS
2533276750,272232,3,pierna,swing,-0.5151,0.6949,-0.2413,-106.5674,73.4253,164.2456,t005,HHYSS
2533276751,272248,3,pierna,swing,-0.4181,0.7211,-0.3363,-109.1919,81.2378,168.5181,t005,HHYSS
2533276811,272264,3,pierna,swing,-0.4189,0.7340,-0.3528,-112.2436,93.4448,176.1474,t005,HHYSS
2533276811,272281,3,pierna,swing,-0.5034,0.7979,-0.3522,-106.8726,100.0366,178.0395,t005,HHYSS
2533276814,272296,3,pierna,swing,-0.6603,0.9301,-0.4535,-65.7349,114.7461,166.9311,t005,HHYSS
2533276815,272313,3,pierna,swing,-0.7084,0.9460,-0.5072,-12.2681,136.4746,160.8276,t005,HHYSS
2533276880,272328,3,pierna,swing,-0.6417,0.7512,-0.3611,-2.0752,148.9258,168.7622,t005,HHYSS
2533276880,272344,3,pierna,swing,-0.6375,0.5966,-0.2140,-16.7236,139.2212,217.5903,t005,HHYSS
2533276919,272361,3,pierna,swing,-0.7175,0.3585,-0.2101,-23.3765,122.6807,248.5351,t005,HHYSS
2533276940,272377,3,pierna,swing,-0.8783,0.2692,-0.3550,-23.5596,106.2012,261.2305,t005,HHYSS
2533276940,272393,3,pierna,loading,-1.0597,0.2900,-0.3195,-2.2583,106.9946,198.2422,t005,HHYSS
2533276941,272408,3,pierna,loading,-1.1353,0.3179,-0.0692,16.1133,106.9336,168.3960,t005,HHYSS
2533276942,272424,3,pierna,loading,-0.9098,0.1495,0.0526,26.5503,85.9375,146.5454,t005,HHYSS
2533276944,272440,3,pierna,loading,-0.6088,-0.4572,0.2460,19.5313,61.8896,137.9395,t005,HHYSS
2533276945,272456,3,pierna,loading,-0.5874,-0.6736,0.3131,-26.5503,18.7988,90.3320,t005,HHYSS
2533276945,272472,3,pierna,loading,-0.6399,-0.5438,0.2930,-57.0068,0.4272,51.6357,t005,HHYSS
2533277010,272488,3,pierna,loading,-0.6860,-0.0626,0.0975,-87.5854,-33.6304,-29.6631,t005,HHYSS
2533277010,272504,3,pierna,loading,-0.6718,0.0902,0.0165,-73.4253,-50.0488,-87.7075,t005,HHYSS
2533277011,272520,3,pierna,loading,-0.8268,0.1261,-0.1250,-65.1855,-58.0444,-104.3091,t005,HHYSS
2533277011,272536,3,pierna,loading,-1.0402,0.1086,-0.1476,-50.3540,-61.2793,-108.0933,t005,HHYSS
2533277074,272553,3,pierna,loading,-2.0951,0.0552,0.2026,-28.5645,-37.1704,-81.4209,t005,HHYSS
2533277075,272569,3,pierna,loading,-1.6002,-0.3037,0.7465,-44.3726,35.3394,-20.2026,t005,HHYSS
2533277075,272585,3,pierna,loading,-0.7622,-0.1597,0.6061,-99.9756,-1.7700,-87.5244,t005,HHYSS
2533277117,272601,3,pierna,loading,-0.6982,0.5248,-0.0809,-93.8110,-51.0254,-118.9575,t005,HHYSS
2533277142,272617,3,pierna,loading,-1.0060,0.6826,-0.3500,-71.5942,-93.8721,-117.1265,t005,HHYSS
2533277143,272634,3,pierna,loading,-1.1980,1.0018,-0.7323,-38.8794,-113.4033,-111.8164,t005,HHYSS
2533277143,272650,3,pierna,loading,-0.8212,0.9830,-1.1643,-1.6479,-115.0513,-95.7031,t005,HHYSS
2533277208,272666,3,pierna,loading,-0.6138,0.7971,-1.1563,63.4155,-61.9507,-22.3999,t005,HHYSS
2533277209,272682,3,pierna,midstance,-0.8978,0.2006,-0.5647,67.9321,-28.8086,-17.3340,t005,HHYSS
2533277210,272698,3,pierna,midstance,-1.2539,-0.1145,0.0450,39.9780,0.6104,-32.9590,t005,HHYSS
2533277210,272714,3,pierna,midstance,-1.0739,-0.0750,0.2483,-2.3804,-22.2168,-29.4189,t005,HHYSS
2533277211,272730,3,pierna,midstance,-0.7532,0.1448,0.0619,-29.2358,-43.0298,-36.5601,t005,HHYSS
2533277277,272747,3,pierna,midstance,-0.8344,0.2804,-0.2062,-36.3159,-73.8525,-44.4946,t005,HHYSS
2533277278,272763,3,pierna,midstance,-1.1638,0.4142,-0.4429,-9.1553,-76.6602,-44.0674,t005,HHYSS
2533277278,272779,3,pierna,midstance,-1.1265,0.2461,-0.2429,52.9785,-46.6309,-33.5693,t005,HHYSS
2533277279,272795,3,pierna,midstance,-0.9873,0.0338,-0.0900,58.4717,-18.0054,-17.3950,t005,HHYSS
2533277339,272811,3,pierna,midstance,-0.7880,-0.2745,0.0022,41.9311,-22.9492,-13.6719,t005,HHYSS
2533277339,272828,3,pierna,terminal,-0.8599,-0.2418,-0.0570,14.2212,-38.8184,-33.7524,t005,HHYSS
2533277340,272844,3,pierna,terminal,-1.0731,0.1046,-0.1613,11.3525,-36.4990,-49.3164,t005,HHYSS
2533277340,272860,3,pierna,terminal,-1.0038,0.0355,-0.0640,22.1558,-22.1558,-45.1050,t005,HHYSS
2533277408,272876,3,pierna,terminal,-0.9041,-0.1113,-0.0200,21.0571,-31.3721,-27.7710,t005,HHYSS
2533277409,272893,3,pierna,terminal,-0.8480,-0.1117,-0.0629,17.7612,-40.9546,-35.5225,t005,HHYSS
2533277409,272909,3,pierna,terminal,-1.0381,0.2047,-0.2042,15.0757,-48.2788,-59.5093,t005,HHYSS
2533277410,272925,3,pierna,terminal,-1.0748,0.2740,-0.2587,13.4888,-36.4990,-56.5186,t005,HHYSS
2533277470,272941,3,pierna,terminal,-0.9633,0.1162,-0.2112,10.8643,-29.8462,-49.0723,t005,HHYSS
2533277471,272957,3,pierna,swing,-0.9059,0.0275,-0.1666,13.6719,-31.0059,-48.5229,t005,HHYSS
2533277471,272973,3,pierna,swing,-0.9392,0.0540,-0.1484,22.6440,-35.3394,-55.2368,t005,HHYSS
2533277472,272989,3,pierna,swing,-1.0118,0.0713,-0.1459,46.3257,-38.9404,-66.1011,t005,HHYSS
2533277529,273005,3,pierna,swing,-1.1088,-0.0802,-0.1119,59.5093,-43.3350,-67.0166,t005,HHYSS
2533277541,273021,3,pierna,swing,-1.1045,-0.2114,-0.0521,61.5845,-47.6074,-69.5801,t005,HHYSS
2533277541,273038,3,pierna,swing,-1.1127,-0.1860,-0.0155,65.1855,-54.8706,-83.5571,t005,HHYSS
2533277541,273054,3,pierna,swing,-1.0443,0.0049,0.0432,63.7207,-57.4951,-92.8345,t005,HHYSS
2533277543,273070,3,pierna,swing,-0.9272,0.0497,0.0295,86.6089,-81.2378,-85.6323,t005,HHYSS
2533277604,273086,3,pierna,swing,-0.9875,0.0613,-0.0042,102.0508,-106.8115,-76.8433,t005,HHYSS
2533277605,273102,3,pierna,swing,-1.2241,0.2582,-0.1503,97.8393,-106.4453,-82.5806,t005,HHYSS
2533277667,273118,3,pierna,swing,-1.3430,0.3505,-0.1940,108.7646,-86.8530,-89.7827,t005,HHYSS
2533277668,273134,3,pierna,swing,-1.6144,0.1484,-0.0168,124.8169,-73.7305,-81.9702,t005,HHYSS
2533277668,273150,3,pierna,swing,-1.6644,-0.1245,0.0948,149.2920,-54.0161,-38.2690,t005,HHYSS
2533277669,273166,3,pierna,swing,-1.4342,-0.7499,0.0122,146.3623,-41.1987,-16.7847,t005,HHYSS
2533277669,273182,3,pierna,swing,-1.3059,-1.0610,-0.1848,113.2202,-4.8218,-30.0903,t005,HHYSS
2533277728,273198,3,pierna,swing,-1.2585,-0.8718,-0.3040,50.5371,-26.7334,-89.9048,t005,HHYSS
2533277729,273214,3,pierna,swing,-1.0658,0.1541,-0.8098,19.8975,-48.9502,-116.8823,t005,HHYSS
2533277729,273230,3,pierna,swing,-1.1569,0.9775,-0.9496,-36.8652,-62.5000,-151.6724,t005,HHYSS
2533277730,273247,3,pierna,swing,-1.2509,0.9965,-0.8125,-82.4585,-13.0005,-102.8442,t005,HHYSS
2533277793,273263,3,pierna,swing,-1.0785,1.0389,-0.6760,-75.5005,6.0425,-66.2231,t005,HHYSS
2533277793,273279,3,pierna,swing,-0.8368,1.2512,-0.6284,-22.2168,22.8271,-36.8042,t005,HHYSS
2533277794,273295,3,pierna,swing,-0.6194,1.3535,-0.2172,10.9253,36.0718,-19.3481,t005,HHYSS
2533277794,273311,3,pierna,swing,-0.5665,0.8260,-0.0916,77.7588,51.8188,49.7436,t005,HHYSS
2533277853,273327,3,pierna,swing,-0.4673,0.6182,-0.1842,76.5381,58.7769,96.7407,t005,HHYSS
2533277855,273343,3,pierna,swing,-0.3882,0.4274,-0.2992,49.7436,59.4482,109.8633,t005,HHYSS
2533277855,273359,3,pierna,swing,-0.3796,0.3832,-0.3719,-18.9819,48.0957,128.6011,t005,HHYSS
2533277856,273375,3,pierna,swing,-0.4567,0.5129,-0.3718,-50.7202,39.0625,135.1318,t005,HHYSS
2533277919,273391,3,pierna,swing,-0.5348,0.6122,-0.3185,-87.0361,35.3394,151.0620,t005,HHYSS
2533277919,273407,3,pierna,swing,-0.5410,0.6499,-0.2620,-92.6514,43.2129,159.6680,t005,HHYSS
2533277919,273423,3,pierna,swing,-0.4537,0.6649,-0.3479,-95.2759,65.0024,170.8984,t005,HHYSS
2533277978,273439,3,pierna,swing,-0.4518,0.6681,-0.3759,-99.3042,77.8809,170.1050,t005,HHYSS
2533277980,273455,3,pierna,swing,-0.5160,0.7288,-0.3444,-99.9756,84.9609,167.9077,t005,HHYSS
2533277980,273471,3,pierna,swing,-0.5624,0.8109,-0.3464,-72.6929,99.1211,163.9404,t005,HHYSS
2533277981,273487,3,pierna,swing,-0.7050,0.8990,-0.4910,-45.1050,104.3091,157.4097,t005,HHYSS
2533277982,273503,3,pierna,swing,-0.7745,0.6879,-0.5243,2.3193,122.6807,155.6396,t005,HHYSS
2533278043,273519,3,pierna,swing,-0.7568,0.5107,-0.4189,-1.3428,127.7466,184.2651,t005,HHYSS
2533278044,273535,3,pierna,swing,-0.7378,0.2777,-0.2515,-19.8975,115.2344,211.3647,t005,HHYSS
2533278044,273551,3,pierna,swing,-0.6971,0.2665,-0.2805,-58.3496,99.8535,247.5586,t005,HHYSS
2533278103,273568,3,pierna,swing,-0.8286,0.4131,-0.1949,-53.8940,108.7646,207.9468,t005,HHYSS
2533278104,273583,3,pierna,loading,-1.1167,0.6030,-0.0863,-35.9497,113.5254,176.0864,t005,HHYSS
2533278104,273599,3,pierna,loading,-1.0974,0.5988,-0.0348,-7.0801,115.4175,154.9072,t005,HHYSS
2533278105,273615,3,pierna,loading,-0.8385,0.0488,0.1799,-7.3242,101.0742,159.3628,t005,HHYSS
2533278107,273631,3,pierna,loading,-0.8010,-0.3041,0.2615,-30.3345,49.6826,140.7471,t005,HHYSS
2533278172,273648,3,pierna,loading,-0.6571,-0.5769,0.3091,-50.2930,34.7290,112.7319,t005,HHYSS
2533278172,273664,3,pierna,loading,-0.6021,-0.2430,0.2748,-94.8486,14.0381,35.2173,t005,HHYSS
2533278172,273680,3,pierna,loading,-0.6672,-0.0928,0.2018,-100.3418,-18.9819,-30.2124,t005,HHYSS
2533278173,273696,3,pierna,loading,-0.6311,0.0715,0.0411,-91.1255,-28.9307,-54.2603,t005,HHYSS
2533278233,273712,3,pierna,loading,-0.5514,0.1652,-0.0162,-78.6133,-45.5322,-94.7876,t005,HHYSS
2533278235,273728,3,pierna,loading,-0.7284,0.3607,-0.0854,-65.0024,-56.3965,-112.7930,t005,HHYSS
2533278236,273744,3,pierna,loading,-1.7108,0.4673,-0.1558,-14.2822,-62.5000,-114.3799,t005,HHYSS
2533278298,273760,3,pierna,loading,-2.2441,0.2883,0.0747,6.2256,-0.4883,-7.5073,t005,HHYSS
2533278298,273776,3,pierna,loading,-1.4196,-0.4474,0.8015,-24.8413,33.3862,27.2827,t005,HHYSS
2533278298,273792,3,pierna,loading,-0.8040,-0.4240,0.7831,-66.4673,-10.9863,-61.0962,t005,HHYSS
2533278336,273809,3,pierna,loading,-1.0366,0.2744,-0.0546,-31.1890,-126.5259,-132.3853,t005,HHYSS
2533278359,273825,3,pierna,midstance,-1.1719,0.5837,-0.6909,-26.5503,-155.5786,-122.9248,t005,HHYSS
2533278359,273841,3,pierna,midstance,-0.9955,0.7074,-0.9431,-21.3013,-153.8086,-79.1016,t005,HHYSS
2533278359,273857,3,pierna,midstance,-0.5470,0.7377,-1.3862,-7.9956,-125.0000,-55.4199,t005,HHYSS
2533278360,273873,3,pierna,midstance,-0.8595,0.4727,-0.8325,29.1748,-34.3628,-31.6772,t005,HHYSS
2533278363,273890,3,pierna,midstance,-1.2115,0.2411,-0.3068,48.2788,28.8086,-50.7202,t005,HHYSS
2533278426,273906,3,pierna,midstance,-1.1404,-0.0165,0.3461,31.4941,35.0342,-46.1426,t005,HHYSS
2533278427,273922,3,pierna,midstance,-0.7490,-0.0339,0.3608,-35.6445,-23.8037,-35.7056,t005,HHYSS
2533278427,273938,3,pierna,midstance,-0.8164,0.2251,-0.1707,-47.4853,-64.2700,-42.9687,t005,HHYSS
2533278428,273954,3,pierna,midstance,-1.2213,0.4209,-0.3960,10.6201,-82.7026,-46.4478,t005,HHYSS
2533278487,273970,3,pierna,midstance,-1.1388,0.2678,-0.2445,55.2978,-46.5698,-21.6064,t005,HHYSS
2533278488,273986,3,pierna,terminal,-0.8568,-0.1865,-0.0765,48.0347,-42.2363,-14.0991,t005,HHYSS
2533278488,274003,3,pierna,terminal,-0.8325,-0.2257,-0.1576,16.8457,-48.8281,-34.6680,t005,HHYSS
2533278492,274019,3,pierna,terminal,-0.9779,0.1625,-0.3208,8.1787,-43.2129,-51.4526,t005,HHYSS
2533278553,274035,3,pierna,terminal,-1.0358,0.3282,-0.1689,13.8550,-21.9727,-58.1055,t005,HHYSS
2533278554,274051,3,pierna,terminal,-0.9866,0.2384,-0.1052,18.9819,-22.1558,-38.0249,t005,HHYSS
2533278554,274067,3,pierna,terminal,-0.9487,0.0961,-0.0914,19.6533,-29.1138,-34.1187,t005,HHYSS
2533278592,274083,3,pierna,terminal,-0.9519,0.1312,-0.1189,24.5361,-41.1987,-47.1802,t005,HHYSS
2533278613,274099,3,pierna,terminal,-0.9929,0.1866,-0.2191,28.1372,-44.2505,-50.4150,t005,HHYSS
2533278615,274115,3,pierna,terminal,-0.9764,0.0814,-0.2997,27.8320,-43.5791,-44.9829,t005,HHYSS
2533278616,274131,3,pierna,terminal,-0.9840,0.0619,-0.3024,25.2686,-34.7290,-50.4761,t005,HHYSS
2533278677,274147,3,pierna,terminal,-1.0387,0.1945,-0.2208,23.7427,-27.4658,-58.4717,t005,HHYSS
2533278678,274163,3,pierna,terminal,-1.0415,0.2595,-0.1655,24.1699,-23.4985,-62.6831,t005,HHYSS
2533278678,274179,3,pierna,terminal,-1.0153,0.1073,-0.0175,32.1655,-26.6113,-59.3872,t005,HHYSS
2533278704,274196,3,pierna,terminal,-0.9502,-0.2808,0.0494,51.6357,-40.0391,-49.8657,t005,HHYSS
2533278737,274212,3,pierna,swing,-0.9777,-0.3694,0.0059,61.2793,-60.7300,-54.3823,t005,HHYSS
2533278737,274228,3,pierna,swing,-1.0908,-0.2456,-0.0950,63.3545,-64.8804,-64.3921,t005,HHYSS
2533278737,274244,3,pierna,swing,-1.0818,-0.1074,-0.1066,64.9414,-60.4858,-81.6040,t005,HHYSS
2533278738,274260,3,pierna,swing,-0.9456,0.1218,-0.0963,69.0918,-59.5703,-83.5571,t005,HHYSS
2533278803,274276,3,pierna,swing,-0.9397,0.3356,-0.1428,78.2471,-66.2231,-85.9375,t005,HHYSS
2533278804,274292,3,pierna,swing,-0.9882,0.4196,-0.1515,103.0273,-82.8857,-83.4351,t005,HHYSS
2533278804,274308,3,pierna,swing,-1.1150,0.4740,-0.1843,123.5962,-88.6230,-77.3315,t005,HHYSS
2533278805,274324,3,pierna,swing,-1.2094,0.4111,-0.1880,145.0195,-79.5898,-58.5937,t005,HHYSS
2533278865,274340,3,pierna,swing,-1.4167,0.0773,-0.0502,142.5781,-71.4111,-48.8892,t005,HHYSS
2533278866,274356,3,pierna,swing,-1.3680,-0.4302,-0.0619,131.8359,-54.3823,-27.6489,t005,HHYSS
2533278867,274373,3,pierna,swing,-1.3229,-0.7256,-0.1924,98.0225,-24.7803,-17.4561,t005,HHYSS
2533278867,274389,3,pierna,swing,-1.5227,-1.3179,-0.3341,70.0684,-4.8828,-24.3530,t005,HHYSS
2533278930,274405,3,pierna,swing,-1.5659,-1.2589,-0.3531,-0.5493,-12.0239,-83.9233,t005,HHYSS
2533278930,274421,3,pierna,swing,-1.2209,0.0382,-0.7433,-31.9824,-38.3301,-124.1455,t005,HHYSS
2533278931,274437,3,pierna,swing,-1.0421,1.2744,-0.9219,-69.5190,-49.3164,-161.7431,t005,HHYSS
2533278931,274453,3,pierna,swing,-1.0758,1.4884,-0.7721,-71.3501,-2.5024,-113.4643,t005,HHYSS
2533278988,274470,3,pierna,swing,-1.0597,1.4723,-0.5250,-38.2690,13.0615,-78.2471,t005,HHYSS
2533278991,274486,3,pierna,swing,-0.8872,1.3524,-0.4249,59.0820,24.7192,-16.2354,t005,HHYSS
2533278992,274502,3,pierna,swing,-0.6304,0.7452,-0.2290,110.9009,36.2549,40.4663,t005,HHYSS
2533278992,274518,3,pierna,swing,-0.4310,0.3237,-0.1615,101.9897,40.2222,60.9741,t005,HHYSS
2533279054,274533,3,pierna,swing,-0.3871,0.3259,-0.2043,35.7056,34.2407,83.8013,t005,HHYSS
2533279054,274549,3,pierna,swing,-0.4762,0.4711,-0.3427,-3.2349,26.4282,91.8579,t005,HHYSS
2533279055,274565,3,pierna,swing,-0.5707,0.5840,-0.3811,-58.4106,17.0288,105.8350,t005,HHYSS
2533279113,274582,3,pierna,swing,-0.6578,0.7151,-0.3516,-68.4204,20.4468,115.4785,t005,HHYSS
2533279116,274598,3,pierna,swing,-0.5325,0.6046,-0.3070,-71.4111,40.4663,140.7471,t005,HHYSS
2533279116,274614,3,pierna,swing,-0.5049,0.5459,-0.3287,-84.5947,57.6782,164.2456,t005,HHYSS
2533279162,274630,3,pierna,swing,-0.5192,0.5204,-0.3981,-100.1587,62.5610,171.8139,t005,HHYSS
2533279179,274646,3,pierna,swing,-0.5372,0.5571,-0.4012,-131.3477,68.6035,171.0205,t005,HHYSS
2533279179,274662,3,pierna,swing,-0.6045,0.7023,-0.3390,-136.1694,75.1343,166.8701,t005,HHYSS
2533279179,274678,3,pierna,swing,-0.6700,0.9526,-0.4442,-106.5063,105.2246,159.9731,t005,HHYSS
2533279180,274694,3,pierna,swing,-0.7219,1.0107,-0.5398,-32.7148,136.1084,145.4468,t005,HHYSS
2533279238,274710,3,pierna,swing,-0.7277,0.8213,-0.5416,-8.4229,149.0479,143.4937,t005,HHYSS
2533279239,274726,3,pierna,loading,-0.6627,0.6141,-0.4519,-16.9678,153.5034,162.9028,t005,HHYSS
2533279239,274742,3,pierna,loading,-0.6606,0.3783,-0.1947,-35.0342,141.1133,183.4717,t005,HHYSS
2533279240,274758,3,pierna,loading,-0.7269,0.4036,-0.2399,-63.1103,111.9995,229.3091,t005,HHYSS
2533279305,274774,3,pierna,loading,-0.8428,0.4224,-0.2451,-59.2651,113.4643,216.0644,t005,HHYSS
2533279306,274790,3,pierna,loading,-1.0973,0.4425,-0.1814,-48.1567,114.5019,191.8945,t005,HHYSS
2533279306,274806,3,pierna,loading,-1.0980,0.4849,-0.1740,-20.4468,107.1167,166.8701,t005,HHYSS
2533279307,274822,3,pierna,loading,-0.9010,0.2565,0.0494,-15.4419,101.1963,165.1001,t005,HHYSS
2533279366,274838,3,pierna,loading,-0.7389,-0.2815,0.2369,-27.2217,71.8384,147.1558,t005,HHYSS
2533279366,274854,3,pierna,loading,-0.6882,-0.4641,0.2557,-51.5137,34.1187,98.5718,t005,HHYSS
2533279368,274870,3,pierna,loading,-0.6086,-0.3894,0.2616,-74.7070,18.9209,65.3076,t005,HHYSS
2533279369,274886,3,pierna,loading,-0.6284,-0.1921,0.2357,-99.7925,-9.3384,-2.6855,t005,HHYSS
2533279431,274902,3,pierna,loading,-0.6097,0.1267,0.1212,-90.8813,-16.8457,-32.1045,t005,HHYSS
2533279431,274918,3,pierna,loading,-0.6024,0.1293,0.0485,-62.9883,-31.9824,-73.0591,t005,HHYSS
2533279432,274934,3,pierna,loading,-0.6667,0.1127,0.0022,-38.6963,-72.2656,-95.7031,t005,HHYSS
2533279432,274950,3,pierna,loading,-1.6606,0.3918,-0.0116,-13.1226,-79.1626,-96.8628,t005,HHYSS
2533279490,274967,3,pierna,midstance,-2.3615,0.3796,0.2684,32.7759,-7.0190,-37.4146,t005,HHYSS
2533279491,274983,3,pierna,midstance,-1.3256,-0.3170,0.7024,7.2021,18.0054,-11.5356,t005,HHYSS
2533279491,274999,3,pierna,midstance,-0.7062,0.0409,0.0652,-40.1611,-57.9224,-61.9507,t005,HHYSS
2533279491,275015,3,pierna,midstance,-0.9756,0.4296,-0.2988,-24.2310,-111.8774,-121.5210,t005,HHYSS
2533279559,275031,3,pierna,midstance,-1.0382,0.7712,-0.6837,-23.0103,-114.0137,-113.3423,t005,HHYSS
2533279559,275047,3,pierna,midstance,-0.9594,0.8572,-0.8759,-12.3291,-131.9580,-77.7588,t005,HHYSS
2533279560,275063,3,pierna,midstance,-0.8459,0.7294,-1.2527,7.2021,-114.5019,-60.2417,t005,HHYSS
2533279560,275079,3,pierna,midstance,-0.9796,0.3008,-0.5566,40.3442,-13.1836,-31.6162,t005,HHYSS
2533279621,275096,3,pierna,midstance,-1.1674,0.1354,-0.1222,30.2124,33.6914,-39.2456,t005,HHYSS
2533279621,275112,3,pierna,midstance,-0.9995,0.0681,0.2328,11.6577,22.4609,-40.5884,t005,HHYSS
2533279624,275128,3,pierna,midstance,-0.7946,0.1071,0.1586,-26.6724,-33.9966,-41.7480,t005,HHYSS
2533279625,275144,3,pierna,midstance,-0.9470,0.2393,-0.2301,-29.3579,-53.4058,-44.0063,t005,HHYSS
2533279688,275160,3,pierna,midstance,-1.1721,0.3335,-0.3057,17.3340,-54.2603,-42.8467,t005,HHYSS
2533279688,275176,3,pierna,midstance,-1.0957,0.2500,-0.2280,74.2188,-36.7432,-33.0811,t005,HHYSS
2533279688,275193,3,pierna,midstance,-0.8698,-0.1838,-0.0844,75.3174,-32.0435,-26.0620,t005,HHYSS
2533279744,275209,3,pierna,midstance,-0.8275,-0.3347,-0.0667,42.6636,-40.7715,-23.8647,t005,HHYSS
2533279746,275226,3,pierna,midstance,-0.9396,-0.1047,-0.1705,25.8179,-42.9077,-47.1802,t005,HHYSS
2533279747,275242,3,pierna,terminal,-1.0397,0.2260,-0.1656,30.2124,-34.1187,-52.2461,t005,HHYSS
2533279748,275258,3,pierna,terminal,-1.0048,0.1838,-0.0942,42.1753,-25.2075,-42.2974,t005,HHYSS
2533279748,275274,3,pierna,terminal,-0.9536,-0.0211,-0.0319,46.2036,-31.3110,-38.9404,t005,HHYSS
2533279812,275290,3,pierna,terminal,-0.9575,-0.0612,-0.0760,44.0063,-44.2505,-44.4946,t005,HHYSS
2533279812,275306,3,pierna,terminal,-0.9619,-0.0320,-0.1160,37.4146,-48.0957,-55.2368,t005,HHYSS
2533279813,275323,3,pierna,terminal,-0.9791,0.0378,-0.1906,35.3394,-47.0581,-58.5937,t005,HHYSS
2533279813,275339,3,pierna,terminal,-0.9869,0.0646,-0.2172,29.1138,-38.8794,-60.9131,t005,HHYSS
2533279870,275355,3,pierna,terminal,-0.9622,0.1237,-0.2472,27.0996,-34.6680,-60.3638,t005,HHYSS
2533279870,275371,3,pierna,swing,-0.9507,0.1232,-0.3016,25.3906,-35.3394,-57.7393,t005,HHYSS
2533279871,275387,3,pierna,swing,-0.9614,0.1296,-0.3103,27.5269,-35.6445,-59.2041,t005,HHYSS
2533279877,275403,3,pierna,swing,-1.0076,0.2103,-0.1622,37.2925,-29.7852,-64.8804,t005,HHYSS
2533279937,275420,3,pierna,swing,-1.0485,0.1571,-0.0253,61.8896,-24.7192,-69.8853,t005,HHYSS
2533279938,275436,3,pierna,swing,-1.0476,-0.1392,0.0519,65.3076,-35.6445,-63.7207,t005,HHYSS
2533279938,275451,3,pierna,swing,-1.0576,-0.2145,0.0082,56.6406,-57.8613,-61.8896,t005,HHYSS
2533279984,275468,3,pierna,swing,-1.0533,-0.1422,0.0411,46.0205,-53.6499,-81.3599,t005,HHYSS
2533279997,275484,3,pierna,swing,-1.0001,0.0610,0.0701,45.1660,-54.5044,-88.8061,t005,HHYSS
2533280000,275500,3,pierna,swing,-1.0172,0.1720,0.0214,58.4717,-70.8008,-95.3979,t005,HHYSS
2533280000,275515,3,pierna,swing,-1.1715,0.4049,-0.0928,67.8711,-77.2095,-97.1680,t005,HHYSS
2533280052,275531,3,pierna,swing,-1.3563,0.3666,-0.0227,96.3745,-75.5005,-86.8530,t005,HHYSS
2533280061,275547,3,pierna,swing,-1.3862,0.1831,0.0531,140.0146,-71.5332,-48.9502,t005,HHYSS
2533280061,275564,3,pierna,swing,-1.3274,-0.3749,0.1428,159.6069,-70.8618,-26.4282,t005,HHYSS
2533280062,275580,3,pierna,swing,-1.3181,-0.7245,0.0135,142.7612,-53.8940,-1.2817,t005,HHYSS
2533280121,275596,3,pierna,swing,-1.4857,-1.2323,-0.2679,102.2949,-31.6162,-14.4043,t005,HHYSS
2533280122,275612,3,pierna,swing,-1.3234,-0.7506,-0.7107,19.7144,-23.0713,-89.8437,t005,HHYSS
2533280182,275628,3,pierna,swing,-1.3412,-0.1580,-1.0654,-46.2646,-58.9600,-166.9311,t005,HHYSS
2533280183,275645,3,pierna,swing,-1.5195,0.8950,-1.1371,-88.1958,-44.7998,-185.9741,t005,HHYSS
2533280184,275661,3,pierna,swing,-1.2660,1.0355,-0.9692,-147.7661,30.0293,-128.2959,t005,HHYSS
2533280193,275677,3,pierna,swing,-0.8121,1.1204,-0.6577,-141.1133,47.9126,-93.5669,t005,HHYSS
2533280240,275693,3,pierna,swing,-0.5713,1.3446,-0.5411,-82.5806,48.5229,-70.3125,t005,HHYSS
2533280243,275709,3,pierna,swing,-0.5018,1.3118,-0.3568,2.5024,60.9741,-12.5122,t005,HHYSS
2533280243,275725,3,pierna,swing,-0.4380,0.8198,-0.1636,39.9170,74.0356,31.9214,t005,HHYSS
2533280288,275741,3,pierna,swing,-0.3832,0.6064,-0.2610,54.0771,84.7168,83.1299,t005,HHYSS
2533280304,275756,3,pierna,swing,-0.3693,0.4315,-0.4230,36.6211,82.2143,94.9707,t005,HHYSS
2533280305,275772,3,pierna,swing,-0.4218,0.3824,-0.5782,-17.9443,69.5801,116.0278,t005,HHYSS
2533280305,275788,3,pierna,swing,-0.5117,0.4210,-0.5475,-62.7441,57.1289,130.4932,t005,HHYSS
2533280306,275804,3,pierna,swing,-0.6490,0.4946,-0.3522,-74.8291,59.5093,138.7329,t005,HHYSS
2533280363,275820,3,pierna,swing,-0.6144,0.5269,-0.2798,-79.7119,76.7822,151.4893,t005,HHYSS
2533280365,275836,3,pierna,swing,-0.4778,0.6641,-0.3121,-73.7305,84.4726,152.4658,t005,HHYSS
2533280365,275852,3,pierna,swing,-0.5443,0.7748,-0.3280,-59.3872,92.6514,147.6440,t005,HHYSS
2533280366,275868,3,pierna,swing,-0.6293,0.7937,-0.3224,-42.6025,103.9429,148.2544,t005,HHYSS
2533280366,275884,3,pierna,swing,-0.7548,0.8153,-0.3717,-26.6113,112.3657,148.4375,t005,HHYSS
2533280426,275900,3,pierna,swing,-0.7699,0.7480,-0.4078,1.5259,127.0142,160.7056,t005,HHYSS
2533280427,275916,3,pierna,swing,-0.7181,0.5215,-0.4222,0.4272,129.3945,175.3540,t005,HHYSS
2533280427,275932,3,pierna,swing,-0.7278,0.4159,-0.3787,-21.4844,109.1309,198.2422,t005,HHYSS
2533280484,275948,3,pierna,swing,-0.8046,0.4540,-0.2997,-29.1138,97.2290,204.5288,t005,HHYSS
2533280486,275964,3,pierna,swing,-0.7844,0.6748,-0.2538,-25.8179,97.5342,213.6230,t005,HHYSS
2533280488,275980,3,pierna,swing,-0.8035,0.7007,-0.2238,0.4272,105.5908,212.3413,t005,HHYSS
2533280526,275996,3,pierna,swing,-0.8541,0.5242,-0.1885,12.6953,100.3418,204.0405,t005,HHYSS
2533280526,276012,3,pierna,swing,-0.8571,0.4023,-0.1998,25.3296,83.0688,187.1338,t005,HHYSS
2533280548,276028,3,pierna,swing,-0.9095,-0.0099,-0.1160,18.2495,71.5942,181.2134,t005,HHYSS
2533280549,276044,3,pierna,swing,-0.8575,-0.3979,0.0175,-16.5405,42.1753,150.9399,t005,HHYSS
2533280549,276060,3,pierna,swing,-0.7885,-0.4122,0.1141,-43.3960,25.5127,84.1064,t005,HHYSS
2533280549,276076,3,pierna,swing,-0.5815,-0.1210,0.2853,-59.5703,18.3105,54.1992,t005,HHYSS
2533280606,276092,3,pierna,loading,-0.5450,-0.0018,0.2919,-71.7163,-12.1460,2.8687,t005,HHYSS
2533280608,276108,3,pierna,loading,-0.6179,0.0079,0.1505,-63.3545,-27.5879,-24.4141,t005,HHYSS
2533280609,276125,3,pierna,loading,-0.7859,-0.0852,-0.0144,-48.4009,-50.0488,-67.3828,t005,HHYSS
2533280670,276141,3,pierna,loading,-0.8059,-0.1510,-0.0619,-57.8613,-76.1108,-81.1157,t005,HHYSS
2533280670,276157,3,pierna,loading,-1.6699,-0.1056,0.0686,-48.9502,-81.7261,-76.0498,t005,HHYSS
2533280671,276174,3,pierna,loading,-2.4949,-0.1467,0.4203,-42.7246,-21.5454,-16.0522,t005,HHYSS
2533280671,276190,3,pierna,loading,-1.4292,-0.3782,0.6613,-112.6099,5.0659,-55.0537,t005,HHYSS
2533280731,276206,3,pierna,loading,-0.2023,0.3584,0.1276,-93.0786,-46.6309,-108.2153,t005,HHYSS
2533280731,276222,3,pierna,loading,-0.5160,0.7302,-0.2242,-17.0288,-134.7656,-161.3159,t005,HHYSS
2533280793,276238,3,pierna,loading,-1.0193,1.1884,-0.8522,-4.8828,-150.2075,-142.2119,t005,HHYSS
2533280793,276255,3,pierna,loading,-0.8344,1.1782,-1.4609,8.2397,-157.9590,-61.8896,t005,HHYSS
2533280794,276271,3,pierna,loading,-0.7290,0.9116,-1.4933,46.2036,-59.5703,-23.6816,t005,HHYSS
2533280830,276287,3,pierna,loading,-1.1965,0.1622,-0.4769,62.5610,-2.9297,-28.6255,t005,HHYSS
2533280853,276303,3,pierna,midstance,-1.4117,-0.0881,-0.0696,35.7056,42.1753,-33.0811,t005,HHYSS
2533280854,276319,3,pierna,midstance,-0.9042,-0.2874,0.0981,-11.9019,31.0059,-24.4141,t005,HHYSS
2533280854,276336,3,pierna,midstance,-0.7133,0.0211,-0.0403,-75.9277,-29.9683,-34.2407,t005,HHYSS
2533280854,276352,3,pierna,midstance,-0.9227,0.2654,-0.2438,-45.7764,-62.5000,-58.4106,t005,HHYSS
2533280855,276369,3,pierna,midstance,-1.1411,0.4033,-0.3557,-11.6577,-49.3164,-55.7251,t005,HHYSS
2533280916,276385,3,pierna,midstance,-0.9689,-0.0697,0.0009,37.5366,-12.1460,-34.4238,t005,HHYSS
2533280916,276401,3,pierna,midstance,-0.8704,-0.2938,0.0626,21.8506,-25.5737,-33.5083,t005,HHYSS
2533280917,276417,3,pierna,midstance,-0.8698,-0.2096,-0.1018,5.1880,-36.6821,-43.6401,t005,HHYSS
2533280917,276433,3,pierna,midstance,-0.9489,0.0526,-0.2003,3.7842,-39.1846,-61.6455,t005,HHYSS
2533280975,276449,3,pierna,midstance,-0.9603,0.2598,-0.2102,12.0850,-33.5693,-59.4482,t005,HHYSS
2533280977,276465,3,pierna,midstance,-0.9382,0.1461,-0.1393,18.6157,-31.1279,-44.9219,t005,HHYSS
2533280977,276481,3,pierna,midstance,-0.9641,0.1678,-0.1471,21.3013,-37.5977,-48.8892,t005,HHYSS
2533281038,276498,3,pierna,midstance,-0.9784,0.2321,-0.1912,23.0713,-37.9639,-51.0864,t005,HHYSS
2533281039,276514,3,pierna,terminal,-0.9534,0.2128,-0.2170,23.2544,-37.1094,-50.5981,t005,HHYSS
2533281039,276530,3,pierna,terminal,-0.9231,0.1667,-0.2802,21.6064,-36.3770,-51.1475,t005,HHYSS
2533281039,276546,3,pierna,terminal,-0.9254,0.2253,-0.3003,16.9678,-32.5317,-54.3823,t005,HHYSS
2533281039,276562,3,pierna,terminal,-0.9298,0.2792,-0.2856,19.0430,-28.1372,-58.7769,t005,HHYSS
2533281096,276578,3,pierna,terminal,-0.9672,0.3241,-0.2395,24.4141,-27.9541,-59.8144,t005,HHYSS
2533281099,276594,3,pierna,terminal,-0.9871,0.2805,-0.2212,39.3677,-32.2876,-56.9458,t005,HHYSS
2533281099,276610,3,pierna,terminal,-1.0070,0.0709,-0.1626,46.9971,-34.7290,-54.6265,t005,HHYSS
2533281100,276626,3,pierna,terminal,-1.0210,-0.1185,-0.0579,56.5186,-39.4897,-55.0537,t005,HHYSS
2533281159,276642,3,pierna,terminal,-1.0116,-0.1460,-0.0024,62.0728,-45.4102,-62.1338,t005,HHYSS
2533281160,276658,3,pierna,terminal,-0.9800,-0.1307,0.0454,63.1103,-48.8281,-65.4907,t005,HHYSS
2533281161,276674,3,pierna,terminal,-0.9504,-0.1221,-0.0020,62.4390,-57.7393,-67.5659,t005,HHYSS
2533281217,276690,3,pierna,terminal,-0.9434,-0.0122,-0.1157,63.1103,-61.0352,-69.2139,t005,HHYSS
2533281218,276706,3,pierna,terminal,-1.0613,0.2489,-0.2214,71.2280,-64.7583,-80.8105,t005,HHYSS
2533281218,276723,3,pierna,swing,-1.2076,0.3245,-0.2325,106.2622,-77.3926,-88.8672,t005,HHYSS
2533281218,276739,3,pierna,swing,-1.5331,0.3051,-0.1475,117.7978,-77.6367,-85.9985,t005,HHYSS
2533281283,276755,3,pierna,swing,-1.5725,0.1506,-0.0918,125.7324,-56.3965,-61.0352,t005,HHYSS
2533281284,276771,3,pierna,swing,-1.5002,-0.4436,0.0096,125.8545,-42.4805,-45.8374,t005,HHYSS
2533281284,276787,3,pierna,swing,-1.3667,-0.9497,-0.1052,98.6328,-9.9487,-34.4238,t005,HHYSS
2533281284,276803,3,pierna,swing,-1.2882,-0.9332,-0.1636,66.7114,-13.5498,-71.5942,t005,HHYSS
2533281344,276819,3,pierna,swing,-1.2775,-0.3219,-0.5658,51.6968,-35.5835,-98.2056,t005,HHYSS
2533281345,276835,3,pierna,swing,-1.3241,0.1991,-0.8027,-2.8076,-59.6924,-145.2026,t005,HHYSS
2533281396,276852,3,pierna,swing,-1.2767,1.0323,-0.8555,-34.8511,-50.9644,-148.3765,t005,HHYSS
2533281406,276868,3,pierna,swing,-1.0963,1.2480,-0.6898,-67.8101,-7.4463,-95.1538,t005,HHYSS
2533281407,276884,3,pierna,swing,-0.9170,1.3340,-0.5686,-18.9819,13.0005,-46.6919,t005,HHYSS
2533281407,276900,3,pierna,swing,-0.5240,1.4590,-0.2338,27.1606,19.4702,-31.5552,t005,HHYSS
2533281463,276916,3,pierna,swing,-0.4813,1.3223,-0.1021,111.5723,35.2783,23.1934,t005,HHYSS
2533281464,276932,3,pierna,swing,-0.4567,0.6932,-0.1447,133.3618,34.9731,60.4248,t005,HHYSS
2533281467,276948,3,pierna,swing,-0.2871,0.2844,-0.2195,101.9287,34.6069,108.0933,t005,HHYSS
2533281494,276964,3,pierna,swing,-0.2720,0.2605,-0.2196,18.9819,23.1934,120.9106,t005,HHYSS
2533281527,276980,3,pierna,swing,-0.4161,0.4070,-0.3093,-23.9868,11.1084,124.8169,t005,HHYSS
2533281528,276996,3,pierna,swing,-0.4878,0.5245,-0.3191,-81.1768,1.9531,139.8926,t005,HHYSS
2533281585,277012,3,pierna,swing,-0.5355,0.6803,-0.2261,-91.9800,7.6294,148.6206,t005,HHYSS
2533281586,277028,3,pierna,swing,-0.5001,0.6578,-0.2271,-95.3369,31.1890,163.5742,t005,HHYSS
2533281587,277044,3,pierna,swing,-0.4752,0.6498,-0.2650,-92.8345,60.5469,175.8423,t005,HHYSS
2533281626,277060,3,pierna,swing,-0.4316,0.7101,-0.3153,-94.6655,68.3594,178.2226,t005,HHYSS
2533281648,277076,3,pierna,swing,-0.4591,0.7401,-0.2870,-97.0459,75.9277,180.8472,t005,HHYSS
2533281649,277091,3,pierna,swing,-0.6091,0.8151,-0.2397,-87.9517,81.8481,180.9082,t005,HHYSS
2533281649,277107,3,pierna,swing,-0.7206,0.8275,-0.3113,-31.4331,98.1445,166.3818,t005,HHYSS
2533281650,277123,3,pierna,swing,-0.8688,0.7118,-0.5067,-0.1221,109.0088,161.4380,t005,HHYSS
2533281660,277140,3,pierna,swing,-0.8583,0.3387,-0.4241,9.5215,114.2578,181.2744,t005,HHYSS
2533281705,277156,3,pierna,swing,-0.8517,0.2271,-0.3582,-27.8320,95.9473,223.3887,t005,HHYSS
2533281707,277172,3,pierna,swing,-0.8441,0.3007,-0.2981,-42.1753,91.3696,228.9429,t005,HHYSS
2533281707,277188,3,pierna,swing,-0.9364,0.3490,-0.2247,-38.8184,91.2476,199.7070,t005,HHYSS
2533281708,277204,3,pierna,swing,-1.0070,0.4286,-0.1600,-23.6816,93.0176,181.3354,t005,HHYSS
2533281708,277220,3,pierna,swing,-0.8774,0.2920,-0.0570,2.6855,87.8906,159.3018,t005,HHYSS
2533281744,277236,3,pierna,swing,-0.8424,0.0912,0.0645,3.4790,57.0679,139.0381,t005,HHYSS
2533281766,277251,3,pierna,swing,-0.7781,-0.3151,0.1542,-3.2959,33.3252,129.0894,t005,HHYSS
2533281767,277268,3,pierna,swing,-0.7471,-0.4214,0.1648,-32.6538,3.2959,93.8110,t005,HHYSS
2533281767,277284,3,pierna,swing,-0.6670,-0.3297,0.2310,-49.4995,-1.8311,63.5986,t005,HHYSS
2533281822,277300,3,pierna,swing,-0.6527,-0.0592,0.1823,-57.9834,-16.8457,-2.5024,t005,HHYSS
2533281822,277316,3,pierna,loading,-0.6371,-0.0050,0.1377,-42.7246,-30.8838,-49.7436,t005,HHYSS
2533281822,277332,3,pierna,loading,-0.6497,0.0035,0.0834,-39.3677,-38.4521,-67.6270,t005,HHYSS
2533281823,277348,3,pierna,loading,-0.7777,-0.0442,0.0522,-32.7759,-63.6597,-89.5996,t005,HHYSS
2533281874,277364,3,pierna,loading,-1.3588,0.0015,-0.0936,-27.7710,-74.4629,-88.3179,t005,HHYSS
2533281882,277380,3,pierna,loading,-2.3824,-0.2566,0.4562,-19.1650,-35.2783,-14.5264,t005,HHYSS
2533281882,277396,3,pierna,loading,-2.0001,-0.4418,0.7593,-83.6792,44.8608,-14.5874,t005,HHYSS
2533281917,277412,3,pierna,loading,-0.5505,-0.0133,0.3380,-83.5571,11.1084,-76.1719,t005,HHYSS
2533281936,277428,3,pierna,midstance,-0.5795,0.3052,-0.0880,-26.6724,-128.6011,-143.5547,t005,HHYSS
2533281936,277445,3,pierna,midstance,-0.9136,0.8364,-0.7112,-16.9678,-155.7007,-137.8784,t005,HHYSS
2533281937,277461,3,pierna,midstance,-0.8274,1.0787,-1.2627,-10.4980,-144.7754,-100.4639,t005,HHYSS
2533281996,277477,3,pierna,midstance,-0.6788,1.0406,-1.4781,13.9770,-75.8057,-57.4951,t005,HHYSS
2533281996,277493,3,pierna,midstance,-0.9749,0.6735,-0.8422,32.8979,-17.3340,-47.3022,t005,HHYSS
2533281997,277509,3,pierna,midstance,-1.3420,0.4031,-0.3136,55.0537,57.4341,-46.9360,t005,HHYSS
2533282048,277525,3,pierna,midstance,-1.2162,-0.0179,0.0563,38.0249,61.2793,-32.4097,t005,HHYSS
2533282049,277541,3,pierna,midstance,-0.6283,-0.0834,0.1027,-24.6582,13.6719,-13.7939,t005,HHYSS
2533282051,277557,3,pierna,midstance,-0.7354,0.1049,-0.0024,-41.1377,-49.0723,-44.6167,t005,HHYSS
2533282051,277573,3,pierna,midstance,-1.1597,0.4938,-0.3755,-20.3857,-57.9834,-52.2461,t005,HHYSS
2533282108,277589,3,pierna,midstance,-1.1914,0.4918,-0.4537,53.5889,-31.9824,-41.3208,t005,HHYSS
2533282109,277605,3,pierna,midstance,-0.9575,0.0247,-0.2352,75.6226,-12.2681,-29.1748,t005,HHYSS
2533282109,277621,3,pierna,midstance,-0.8033,-0.3850,-0.0808,59.8144,-6.9580,-18.8599,t005,HHYSS
2533282148,277638,3,pierna,midstance,-0.8502,-0.3521,-0.1327,24.7192,-28.0762,-40.5884,t005,HHYSS
2533282162,277654,3,pierna,terminal,-1.0221,0.0553,-0.2898,19.7144,-25.8789,-54.1382,t005,HHYSS
2533282163,277670,3,pierna,terminal,-1.0367,0.2074,-0.2587,26.7944,-2.9907,-58.0444,t005,HHYSS
2533282163,277686,3,pierna,terminal,-0.9501,0.1949,-0.0750,27.8931,1.5259,-50.3540,t005,HHYSS
2533282224,277702,3,pierna,terminal,-0.9220,0.0753,-0.0720,24.3530,-15.1367,-39.9780,t005,HHYSS
2533282224,277718,3,pierna,terminal,-0.9475,0.0520,-0.1248,20.5078,-29.4800,-42.9077,t005,HHYSS
2533282225,277734,3,pierna,terminal,-0.9617,0.0258,-0.2051,15.0757,-28.9307,-44.4336,t005,HHYSS
2533282225,277750,3,pierna,terminal,-0.9611,0.0127,-0.2239,5.6763,-21.5454,-46.2036,t005,HHYSS
2533282279,277766,3,pierna,terminal,-0.9370,-0.0021,-0.2393,2.5635,-18.3105,-46.8140,t005,HHYSS
2533282280,277782,3,pierna,terminal,-0.9041,0.0825,-0.2523,-5.1270,-17.9443,-50.8423,t005,HHYSS
2533282281,277798,3,pierna,terminal,-0.9285,0.2072,-0.2469,3.9062,-13.8550,-64.1479,t005,HHYSS
2533282339,277815,3,pierna,terminal,-1.0474,0.3722,-0.1730,17.8833,-9.3994,-70.1904,t005,HHYSS
2533282340,277831,3,pierna,terminal,-1.0602,0.3146,-0.1367,30.7007,-10.3149,-62.5610,t005,HHYSS
2533282340,277847,3,pierna,terminal,-1.0189,0.0872,-0.0411,31.1279,-16.3574,-56.0913,t005,HHYSS
2533282340,277863,3,pierna,terminal,-1.0134,-0.0795,0.0094,34.7900,-23.1934,-62.0117,t005,HHYSS
2533282395,277879,3,pierna,terminal,-1.0027,-0.1534,0.0098,30.6396,-28.0762,-63.9038,t005,HHYSS
2533282395,277895,3,pierna,terminal,-0.9568,-0.2323,0.0077,28.9307,-37.8418,-61.6455,t005,HHYSS
2533282396,277911,3,pierna,terminal,-0.9669,-0.1876,-0.0175,31.1279,-57.0068,-70.1294,t005,HHYSS
2533282453,277927,3,pierna,terminal,-0.9604,-0.0416,-0.0756,36.3159,-59.3872,-78.1250,t005,HHYSS
2533282453,277943,3,pierna,terminal,-1.0531,0.1920,-0.1460,48.0957,-61.5845,-87.6465,t005,HHYSS
2533282453,277960,3,pierna,swing,-1.1667,0.3340,-0.1704,72.5098,-65.9790,-90.3931,t005,HHYSS
2533282454,277976,3,pierna,swing,-1.4154,0.4579,-0.0573,91.7969,-67.1387,-86.3037,t005,HHYSS
2533282508,277992,3,pierna,swing,-1.4866,0.2238,0.0985,128.0518,-62.9272,-69.7632,t005,HHYSS
2533282509,278008,3,pierna,swing,-1.4161,-0.0443,0.1285,144.6533,-50.5371,-43.0298,t005,HHYSS
2533282509,278024,3,pierna,swing,-1.3000,-0.7299,0.0271,141.9067,-42.9077,-26.8555,t005,HHYSS
2533282523,278040,3,pierna,swing,-1.3160,-1.0203,-0.1704,80.2002,-33.5083,-21.7285,t005,HHYSS
2533282572,278057,3,pierna,swing,-1.3385,-0.9156,-0.4902,41.1377,-32.8979,-46.4478,t005,HHYSS
2533282572,278073,3,pierna,swing,-1.1691,0.3984,-0.7645,-13.8550,-54.2603,-128.8452,t005,HHYSS
2533282572,278089,3,pierna,swing,-1.1858,1.0062,-0.8459,-48.7671,-50.3540,-166.1377,t005,HHYSS
2533282631,278105,3,pierna,swing,-1.1427,1.1909,-0.7526,-66.3452,-22.6440,-139.7705,t005,HHYSS
2533282633,278121,3,pierna,swing,-0.9836,1.0645,-0.7035,-66.6504,15.9302,-52.3071,t005,HHYSS
2533282633,278138,3,pierna,swing,-0.6893,0.9928,-0.5674,-42.1753,15.8081,-27.2217,t005,HHYSS
2533282634,278154,3,pierna,swing,-0.4740,1.1879,-0.3392,9.5215,22.8882,-15.5640,t005,HHYSS
2533282693,278170,3,pierna,swing,-0.5248,1.0925,-0.2427,56.0913,40.8325,25.2686,t005,HHYSS
2533282693,278186,3,pierna,swing,-0.5601,0.6221,-0.2943,72.0215,44.3115,55.3589,t005,HHYSS
2533282694,278201,3,pierna,swing,-0.4823,0.4666,-0.2898,51.6968,51.8799,96.6186,t005,HHYSS
2533282719,278217,3,pierna,swing,-0.3716,0.3828,-0.2994,19.1040,52.3071,108.5815,t005,HHYSS
2533282751,278233,3,pierna,swing,-0.3701,0.4141,-0.3494,-54.5654,40.3442,125.1221,t005,HHYSS
2533282752,278249,3,pierna,swing,-0.4517,0.6167,-0.3735,-95.4590,33.0811,135.2539,t005,HHYSS
2533282753,278265,3,pierna,swing,-0.5414,0.6860,-0.3044,-99.3652,38.2080,140.7471,t005,HHYSS
2533282812,278282,3,pierna,swing,-0.5298,0.6635,-0.2794,-95.1538,61.5234,154.2969,t005,HHYSS
2533282813,278298,3,pierna,swing,-0.4299,0.6951,-0.3235,-93.5059,71.8384,162.2314,t005,HHYSS
2533282814,278314,3,pierna,swing,-0.3983,0.7153,-0.3658,-97.6562,79.1016,171.6308,t005,HHYSS
2533282814,278330,3,pierna,swing,-0.4595,0.7290,-0.3623,-100.5859,86.5478,177.5513,t005,HHYSS
2533282870,278346,3,pierna,swing,-0.6440,0.7729,-0.3673,-92.5293,92.0410,177.1850,t005,HHYSS
2533282871,278362,3,pierna,swing,-0.7520,0.7928,-0.4882,-35.5835,103.8208,164.9170,t005,HHYSS
2533282872,278378,3,pierna,swing,-0.8998,0.6592,-0.6853,-8.2397,109.8022,161.6821,t005,HHYSS
2533282872,278394,3,pierna,swing,-0.9453,0.4883,-0.5581,-4.6997,119.0185,181.7627,t005,HHYSS
2533282932,278410,3,pierna,swing,-0.8401,0.3602,-0.1943,-30.6396,121.2158,218.5669,t005,HHYSS
2533282933,278426,3,pierna,swing,-0.6919,0.3750,-0.0966,-38.1470,117.6147,223.8159,t005,HHYSS
2533282933,278442,3,pierna,swing,-0.8405,0.3516,-0.0614,-29.5410,90.9424,202.9419,t005,HHYSS
2533282933,278458,3,pierna,swing,-1.0389,0.2781,-0.0538,-18.4326,75.8667,188.5376,t005,HHYSS
2533282988,278474,3,pierna,swing,-0.8667,0.0964,-0.0221,-1.9531,53.5278,164.9780,t005,HHYSS
2533282989,278490,3,pierna,loading,-0.8269,-0.0822,0.0043,8.1177,28.5034,133.0566,t005,HHYSS
2533282989,278506,3,pierna,loading,-0.7795,-0.3989,0.0803,2.2583,23.7427,116.2720,t005,HHYSS
2533283053,278522,3,pierna,loading,-0.7065,-0.4559,0.1898,-40.6494,19.6533,64.1479,t005,HHYSS
2533283054,278538,3,pierna,loading,-0.6455,-0.3234,0.2925,-56.5796,6.8970,33.1421,t005,HHYSS
2533283055,278554,3,pierna,loading,-0.6686,-0.1891,0.2151,-63.4155,-22.3999,-18.3105,t005,HHYSS
2533283055,278570,3,pierna,loading,-0.7247,-0.0358,0.0570,-60.1807,-29.6020,-37.6587,t005,HHYSS
2533283112,278587,3,pierna,loading,-0.7902,-0.1300,0.0543,-54.5654,-41.3818,-59.0820,t005,HHYSS
2533283114,278603,3,pierna,loading,-0.8802,-0.1290,0.0476,-39.9780,-57.4341,-80.9326,t005,HHYSS
2533283114,278619,3,pierna,loading,-2.2166,-0.0560,0.5310,-3.6011,-48.6450,-74.0967,t005,HHYSS
2533283114,278635,3,pierna,loading,-1.7217,-0.5914,0.7723,-21.1182,23.3765,-29.4800,t005,HHYSS
2533283173,278651,3,pierna,loading,-0.6368,-0.6261,0.3777,-96.0693,-43.6401,-72.8149,t005,HHYSS
2533283174,278668,3,pierna,loading,-0.4706,0.2222,-0.2472,-94.3603,-113.5864,-113.4643,t005,HHYSS
2533283174,278684,3,pierna,loading,-0.8508,0.7788,-0.4934,-59.3262,-158.9966,-153.9917,t005,HHYSS
2533283228,278700,3,pierna,loading,-0.9121,1.4591,-1.1533,-35.4614,-134.8877,-130.0049,t005,HHYSS
2533283230,278716,3,pierna,midstance,-0.5867,1.1080,-1.2657,8.4229,-66.5894,-49.3164,t005,HHYSS
2533283232,278732,3,pierna,midstance,-0.8682,0.7419,-0.9407,53.5278,-12.5732,-44.3115,t005,HHYSS
2533283232,278748,3,pierna,midstance,-1.4601,0.0764,-0.1541,67.1387,15.9912,-42.9077,t005,HHYSS
2533283292,278764,3,pierna,midstance,-1.4092,-0.1455,0.0105,17.7612,37.4756,-11.2915,t005,HHYSS
2533283292,278780,3,pierna,midstance,-0.6981,-0.2931,0.0861,-23.4375,14.2822,-6.5918,t005,HHYSS
2533283293,278797,3,pierna,midstance,-0.8398,0.1869,-0.1178,-67.0166,-50.0488,-36.8652,t005,HHYSS
2533283293,278813,3,pierna,midstance,-1.0708,0.4598,-0.2913,-31.6772,-54.0161,-41.7480,t005,HHYSS
2533283351,278829,3,pierna,midstance,-1.0909,0.4005,-0.4395,4.3335,-39.0625,-33.9966,t005,HHYSS
2533283352,278845,3,pierna,terminal,-0.9988,0.1719,-0.3687,53.1616,-17.7002,-24.2920,t005,HHYSS
2533283352,278861,3,pierna,terminal,-0.8713,-0.1820,-0.1746,49.9878,-18.1274,-27.0386,t005,HHYSS
2533283353,278877,3,pierna,terminal,-0.8947,-0.0867,-0.2721,18.7378,-27.8320,-39.8560,t005,HHYSS
2533283413,278894,3,pierna,terminal,-0.9684,0.0468,-0.2915,-10.1318,-19.7144,-43.7622,t005,HHYSS
2533283414,278910,3,pierna,terminal,-1.0011,0.3018,-0.1991,-10.5591,-13.4888,-45.7153,t005,HHYSS
2533283414,278927,3,pierna,terminal,-0.9595,0.3330,-0.0841,13.6719,-5.8594,-42.6636,t005,HHYSS
2533283446,278943,3,pierna,terminal,-0.9430,0.2347,-0.0610,21.5454,-15.9302,-27.0386,t005,HHYSS
2533283472,278959,3,pierna,terminal,-0.9529,-0.0022,-0.1315,20.5688,-24.2920,-22.3389,t005,HHYSS
2533283474,278975,3,pierna,terminal,-0.9670,-0.0686,-0.1857,9.0942,-30.5176,-25.6348,t005,HHYSS
2533283474,278991,3,pierna,terminal,-0.9657,-0.0598,-0.2305,3.1738,-26.9165,-30.2734,t005,HHYSS
2533283534,279007,3,pierna,terminal,-0.9434,-0.0059,-0.1879,-1.6479,-17.3340,-38.2690,t005,HHYSS
2533283534,279024,3,pierna,terminal,-0.9425,0.0011,-0.1620,-2.4414,-17.1509,-39.9780,t005,HHYSS
2533283535,279040,3,pierna,swing,-0.9585,0.0439,-0.1233,1.3428,-18.3105,-42.1753,t005,HHYSS
2533283536,279056,3,pierna,swing,-0.9789,0.0624,-0.1305,15.8081,-24.2920,-45.7153,t005,HHYSS
2533283592,279073,3,pierna,swing,-0.9948,0.0715,-0.2201,22.3389,-29.6020,-45.0439,t005,HHYSS
2533283593,279089,3,pierna,swing,-0.9851,0.1437,-0.1880,30.3955,-33.2031,-46.6309,t005,HHYSS
2533283594,279105,3,pierna,swing,-0.9596,0.1611,-0.1322,40.8936,-30.2124,-52.1240,t005,HHYSS
2533283595,279121,3,pierna,swing,-0.9357,0.1001,-0.1045,45.3491,-32.2876,-53.3447,t005,HHYSS
2533283656,279137,3,pierna,swing,-0.9896,0.0452,-0.1282,52.3071,-41.4429,-53.5889,t005,HHYSS
2533283656,279153,3,pierna,swing,-1.0490,0.0254,-0.1588,53.6499,-44.1284,-54.5654,t005,HHYSS
2533283657,279169,3,pierna,swing,-0.9558,0.1915,-0.1577,50.3540,-45.2270,-60.6079,t005,HHYSS
2533283701,279185,3,pierna,swing,-0.9491,0.2795,-0.1399,56.0303,-42.8467,-66.4063,t005,HHYSS
2533283713,279201,3,pierna,swing,-0.9683,0.2356,-0.0769,61.8286,-41.3818,-65.7959,t005,HHYSS
2533283714,279217,3,pierna,swing,-0.9894,0.1630,-0.0734,68.4814,-49.0723,-59.5703,t005,HHYSS
2533283715,279233,3,pierna,swing,-1.0400,0.1378,-0.1565,69.6411,-54.0161,-58.3496,t005,HHYSS
2533283775,279250,3,pierna,swing,-1.2129,0.2656,-0.1077,81.2378,-54.8706,-65.6738,t005,HHYSS
2533283776,279266,3,pierna,swing,-1.3342,0.2776,0.0208,114.5019,-51.3916,-69.2139,t005,HHYSS
2533283776,279282,3,pierna,swing,-1.5725,-0.0786,0.2329,134.3384,-48.2788,-60.3027,t005,HHYSS
2533283832,279298,3,pierna,swing,-1.6239,-0.3872,0.1700,141.1743,-41.6870,-38.4521,t005,HHYSS
2533283835,279314,3,pierna,swing,-1.4280,-0.6744,-0.2860,112.3657,-42.4805,-38.3911,t005,HHYSS
2533283835,279330,3,pierna,swing,-1.0691,-0.1409,-0.8115,14.4043,-45.0439,-76.9653,t005,HHYSS
2533283836,279346,3,pierna,swing,-0.9264,0.2838,-0.9453,-50.2930,-41.9922,-115.6616,t005,HHYSS
2533283886,279362,3,pierna,swing,-0.8004,0.8907,-0.8721,-65.4297,-28.2593,-123.7183,t005,HHYSS
2533283896,279379,3,pierna,swing,-0.9032,1.0220,-0.5817,-62.7441,17.3950,-112.7930,t005,HHYSS
