timestamp_pc_ms,timestamp_arduino_ms,sensor_id,placement,phase,ax,ay,az,gx,gy,gz,trial_id,subject_id
2532348052,5487732,3,pierna,loading,-0.9132,-0.1284,-0.3335,-1.1597,2.1973,0.5493,t002,MADCF
2532348052,5487748,3,pierna,loading,-0.9059,-0.1195,-0.3429,-1.5869,1.8921,0.3052,t002,MADCF
2532348102,5487765,3,pierna,loading,-0.9104,-0.1133,-0.3472,-1.8311,1.2817,0.0610,t002,MADCF
2532348103,5487781,3,pierna,loading,-0.9199,-0.1147,-0.3447,-1.4648,1.0986,0.1831,t002,MADCF
2532348103,5487797,3,pierna,loading,-0.9254,-0.1304,-0.3301,-0.8545,0.6104,0.7324,t002,MADCF
2532348147,5487813,3,pierna,loading,-0.9297,-0.1376,-0.3225,-0.5493,0.3662,0.9766,t002,MADCF
2532348149,5487829,3,pierna,loading,-0.9255,-0.1470,-0.3218,-0.3662,0.5493,0.9155,t002,MADCF
2532348150,5487846,3,pierna,loading,-0.9225,-0.1501,-0.3265,-1.0376,1.0986,0.3662,t002,MADCF
2532348195,5487862,3,pierna,loading,-0.9124,-0.1523,-0.3414,-1.8921,1.2817,-0.0610,t002,MADCF
2532348196,5487878,3,pierna,loading,-0.9026,-0.1436,-0.3571,-4.5166,0.9766,-0.8545,t002,MADCF
2532348218,5487894,3,pierna,loading,-0.9061,-0.1376,-0.3533,-7.0801,0.0610,-1.6479,t002,MADCF
2532348239,5487911,3,pierna,loading,-0.9158,-0.1190,-0.3320,-7.0190,0.0610,-1.9531,t002,MADCF
2532348240,5487927,3,pierna,loading,-0.9304,-0.1151,-0.3190,-3.8452,0.7324,-1.7090,t002,MADCF
2532348285,5487943,3,pierna,loading,-0.9360,-0.1246,-0.3177,-0.6714,1.4648,-0.3052,t002,MADCF
2532348285,5487959,3,pierna,loading,-0.9320,-0.1409,-0.3268,0.0610,1.5259,0.1831,t002,MADCF
2532348286,5487975,3,pierna,loading,-0.9232,-0.1398,-0.3320,0.0610,1.5869,0.3052,t002,MADCF
2532348328,5487991,3,pierna,loading,-0.9072,-0.1263,-0.3370,-0.3052,1.3428,0.1831,t002,MADCF
2532348329,5488007,3,pierna,loading,-0.9149,-0.1136,-0.3359,-0.7324,-0.0610,0.0000,t002,MADCF
2532348330,5488023,3,pierna,loading,-0.9260,-0.1100,-0.3307,0.0610,-0.6714,0.4883,t002,MADCF
2532348376,5488040,3,pierna,loading,-0.9387,-0.1084,-0.3267,1.2817,-0.2441,1.0376,t002,MADCF
2532348377,5488056,3,pierna,loading,-0.9424,-0.1125,-0.3273,4.1504,1.5869,2.4414,t002,MADCF
2532348377,5488072,3,pierna,loading,-0.9354,-0.1289,-0.3328,5.1270,2.5635,3.1128,t002,MADCF
2532348421,5488088,3,pierna,loading,-0.8981,-0.1299,-0.3386,5.4932,3.5400,3.5400,t002,MADCF
2532348422,5488104,3,pierna,loading,-0.8883,-0.1274,-0.3483,5.4932,2.9907,2.7466,t002,MADCF
2532348423,5488120,3,pierna,loading,-0.8986,-0.1343,-0.3757,5.8594,2.5024,2.0752,t002,MADCF
2532348468,5488136,3,pierna,loading,-0.9082,-0.1415,-0.3799,5.9814,1.7090,0.9155,t002,MADCF
2532348469,5488151,3,pierna,loading,-0.9344,-0.1450,-0.3683,5.5542,1.3428,0.5493,t002,MADCF
2532348499,5488167,3,pierna,loading,-0.9456,-0.1403,-0.3608,5.0659,1.8921,0.4883,t002,MADCF
2532348511,5488184,3,pierna,loading,-0.9340,-0.1376,-0.3530,5.3101,3.1738,0.7324,t002,MADCF
2532348513,5488200,3,pierna,loading,-0.9061,-0.1547,-0.3506,5.6152,6.2256,0.7935,t002,MADCF
2532348562,5488216,3,pierna,loading,-0.9003,-0.1691,-0.3574,4.3945,6.4087,-0.5493,t002,MADCF
2532348562,5488232,3,pierna,loading,-0.9044,-0.1779,-0.3823,2.2583,5.3101,-1.8311,t002,MADCF
2532348563,5488248,3,pierna,loading,-0.9089,-0.1632,-0.3964,-3.7231,3.6621,-4.5776,t002,MADCF
2532348609,5488264,3,pierna,loading,-0.9161,-0.1385,-0.3917,-5.3711,4.2114,-5.3711,t002,MADCF
2532348611,5488280,3,pierna,loading,-0.9174,-0.1490,-0.3685,-4.1504,6.8970,-5.9204,t002,MADCF
2532348611,5488296,3,pierna,loading,-0.9130,-0.1550,-0.3702,-3.7231,6.7749,-6.4697,t002,MADCF
2532348659,5488312,3,pierna,loading,-0.8956,-0.1592,-0.3641,-5.4321,5.6763,-6.8970,t002,MADCF
2532348659,5488328,3,pierna,loading,-0.8806,-0.1729,-0.3458,-10.2539,5.0049,-7.3242,t002,MADCF
2532348660,5488344,3,pierna,loading,-0.8849,-0.1580,-0.2966,-15.0146,4.4556,-11.1084,t002,MADCF
2532348704,5488361,3,pierna,loading,-0.9541,-0.0676,-0.2308,-14.7705,4.0894,-13.5498,t002,MADCF
2532348706,5488377,3,pierna,loading,-0.9691,-0.0581,-0.2130,-7.1411,5.0049,-11.2915,t002,MADCF
2532348706,5488393,3,pierna,loading,-0.9534,-0.1459,-0.2174,-2.8076,5.5542,-7.5684,t002,MADCF
2532348755,5488409,3,pierna,loading,-0.9408,-0.2139,-0.2444,-2.8076,4.7607,-3.9062,t002,MADCF
2532348756,5488425,3,pierna,loading,-0.9243,-0.1876,-0.2559,-10.7422,1.8311,-7.0801,t002,MADCF
2532348756,5488442,3,pierna,loading,-0.9065,-0.0718,-0.2745,-12.4512,-0.7935,-9.8877,t002,MADCF
2532348803,5488458,3,pierna,loading,-0.9098,-0.0498,-0.2870,-5.7983,-4.9438,-10.9863,t002,MADCF
2532348805,5488474,3,pierna,loading,-0.9193,-0.0852,-0.2960,-0.7324,-5.2490,-8.7280,t002,MADCF
2532348805,5488490,3,pierna,loading,-0.9148,-0.1049,-0.2645,7.5073,-4.7607,-5.0659,t002,MADCF
2532348857,5488507,3,pierna,loading,-0.9235,-0.1095,-0.2499,14.2212,-6.4697,-3.4180,t002,MADCF
2532348858,5488523,3,pierna,loading,-0.9435,-0.1438,-0.2424,16.9678,-7.2632,-2.6245,t002,MADCF
2532348859,5488539,3,pierna,loading,-0.9380,-0.1642,-0.2462,17.3950,-8.7280,-2.3804,t002,MADCF
2532348907,5488556,3,pierna,loading,-0.9116,-0.1666,-0.2443,10.8032,-11.7187,-5.0659,t002,MADCF
2532348908,5488572,3,pierna,loading,-0.9292,-0.1162,-0.2292,7.6294,-12.8784,-7.0801,t002,MADCF
2532348908,5488588,3,pierna,loading,-0.9464,-0.0890,-0.2292,5.4321,-12.9395,-9.7656,t002,MADCF
2532348909,5488604,3,pierna,loading,-0.9603,-0.0692,-0.2651,5.6763,-12.3291,-9.4604,t002,MADCF
2532348962,5488620,3,pierna,loading,-0.9191,-0.1044,-0.3156,6.1035,-9.7656,-6.7749,t002,MADCF
2532348962,5488636,3,pierna,loading,-0.8866,-0.1134,-0.3440,4.0894,-9.0332,-5.4932,t002,MADCF
2532348962,5488652,3,pierna,loading,-0.8916,-0.1183,-0.4227,2.8687,-9.5825,-6.4087,t002,MADCF
2532349015,5488669,3,pierna,loading,-0.9124,-0.1210,-0.4636,-1.5259,-10.6812,-8.6670,t002,MADCF
2532349016,5488685,3,pierna,loading,-0.8856,-0.0450,-0.4827,-5.4321,-11.6577,-9.3994,t002,MADCF
2532349050,5488701,3,pierna,loading,-0.8789,-0.0023,-0.4402,-8.1787,-12.8784,-9.8267,t002,MADCF
2532349072,5488718,3,pierna,loading,-0.8956,-0.0125,-0.4144,-2.4414,-12.6343,-7.7515,t002,MADCF
2532349073,5488734,3,pierna,loading,-0.9041,-0.0261,-0.3447,0.0000,-12.2681,-6.8359,t002,MADCF
2532349073,5488750,3,pierna,loading,-0.9103,-0.0198,-0.3044,1.2817,-12.4512,-7.0190,t002,MADCF
2532349073,5488766,3,pierna,loading,-0.9552,0.0061,-0.2495,0.6104,-13.7329,-7.6904,t002,MADCF
2532349123,5488783,3,pierna,loading,-1.0339,-0.0454,-0.2507,-1.2817,-14.5264,-6.8970,t002,MADCF
2532349125,5488799,3,pierna,loading,-1.0195,-0.0693,-0.2646,-12.2070,-15.1367,-3.6011,t002,MADCF
2532349125,5488815,3,pierna,loading,-0.9110,-0.0723,-0.3005,-19.7754,-15.7471,-2.9297,t002,MADCF
2532349178,5488832,3,pierna,loading,-0.8805,-0.0415,-0.3938,-31.0059,-23.1323,-5.7373,t002,MADCF
2532349179,5488848,3,pierna,loading,-0.8920,-0.0239,-0.4585,-28.9307,-28.4424,-7.3853,t002,MADCF
2532349179,5488864,3,pierna,loading,-0.8810,0.0050,-0.5081,-22.8271,-26.8555,-6.5918,t002,MADCF
2532349228,5488881,3,pierna,loading,-0.8655,0.0063,-0.4873,-8.9111,-21.9727,-3.1128,t002,MADCF
2532349230,5488897,3,pierna,loading,-0.8586,-0.0087,-0.4373,-4.2114,-21.3623,-1.8311,t002,MADCF
2532349231,5488913,3,pierna,loading,-0.8708,-0.0370,-0.3849,0.6714,-23.3154,-1.5869,t002,MADCF
2532349272,5488929,3,pierna,loading,-0.8768,-0.0546,-0.3560,2.5024,-25.6958,0.1221,t002,MADCF
2532349283,5488945,3,pierna,loading,-0.8879,-0.0590,-0.2896,4.2114,-26.7334,1.7700,t002,MADCF
2532349283,5488962,3,pierna,loading,-0.9298,-0.0601,-0.2662,7.9346,-29.6631,3.1738,t002,MADCF
2532349284,5488978,3,pierna,loading,-0.9410,-0.0747,-0.2561,5.1880,-30.7617,1.4648,t002,MADCF
2532349332,5488994,3,pierna,loading,-0.9280,-0.1165,-0.2600,0.7935,-31.7383,0.1221,t002,MADCF
2532349334,5489010,3,pierna,loading,-0.9126,-0.1223,-0.2926,-11.8408,-36.7432,-2.3804,t002,MADCF
2532349335,5489026,3,pierna,loading,-0.8713,-0.0822,-0.3896,-17.2729,-39.6729,-3.1738,t002,MADCF
2532349391,5489042,3,pierna,loading,-0.8187,-0.0344,-0.4381,-19.9585,-43.9453,-2.6245,t002,MADCF
2532349392,5489059,3,pierna,loading,-0.8074,-0.0105,-0.4451,-16.0522,-48.2178,-1.7090,t002,MADCF
2532349392,5489075,3,pierna,loading,-0.8453,-0.0043,-0.4166,-13.9770,-51.0254,-1.9531,t002,MADCF
2532349442,5489091,3,pierna,loading,-0.8973,-0.0137,-0.3986,-12.1460,-53.7720,-0.6714,t002,MADCF
2532349443,5489108,3,pierna,loading,-0.9657,-0.0861,-0.3621,-12.3901,-51.0254,1.2207,t002,MADCF
2532349444,5489124,3,pierna,loading,-0.9177,-0.0952,-0.2983,-18.3716,-43.4570,1.7700,t002,MADCF
2532349445,5489140,3,pierna,loading,-0.8925,-0.0580,-0.2714,-23.9868,-39.7949,-1.2817,t002,MADCF
2532349496,5489156,3,pierna,loading,-0.8995,-0.0520,-0.2477,-25.6958,-41.1377,-2.5635,t002,MADCF
2532349496,5489172,3,pierna,loading,-0.9500,-0.0413,-0.2526,-30.0293,-44.2505,-4.2114,t002,MADCF
2532349497,5489189,3,pierna,loading,-0.9684,-0.0132,-0.2366,-31.7993,-37.5977,-3.1738,t002,MADCF
2532349545,5489205,3,pierna,loading,-0.9697,-0.0105,-0.2195,-32.7148,-33.2031,-2.7466,t002,MADCF
2532349546,5489221,3,pierna,loading,-0.9741,-0.0681,-0.2272,-40.2832,-26.9775,0.1831,t002,MADCF
2532349546,5489237,3,pierna,loading,-1.0723,-0.1971,-0.2083,-46.9360,-25.0244,1.5259,t002,MADCF
2532349596,5489253,3,pierna,loading,-1.2290,-0.2592,-0.1274,-57.4341,-18.0664,0.6104,t002,MADCF
2532349596,5489270,3,pierna,loading,-1.3171,-0.3259,-0.0822,-63.7817,-0.1221,0.2441,t002,MADCF
2532349597,5489286,3,pierna,loading,-1.5182,-0.4481,0.0306,-62.1948,15.8691,3.1738,t002,MADCF
2532349643,5489302,3,pierna,loading,-1.5637,-0.4733,0.1466,-38.0859,59.4482,23.0103,t002,MADCF
2532349644,5489318,3,pierna,loading,-1.3134,-0.4097,0.3597,-15.8691,78.3691,39.0625,t002,MADCF
2532349645,5489334,3,pierna,loading,-1.1545,-0.4042,0.1456,16.1743,80.3223,65.1855,t002,MADCF
2532349698,5489350,3,pierna,loading,-1.3035,-0.2711,-0.0441,0.4883,67.0166,58.3496,t002,MADCF
2532349698,5489366,3,pierna,loading,-1.4360,-0.0031,-0.3760,-16.0522,71.5332,53.1616,t002,MADCF
2532349699,5489382,3,pierna,loading,-1.4207,0.0325,-0.4927,-29.5410,81.5430,45.5933,t002,MADCF
2532349746,5489398,3,pierna,loading,-1.5160,0.0106,-0.7917,-22.0947,86.9141,41.3208,t002,MADCF
2532349747,5489414,3,pierna,loading,-1.4180,-0.0161,-0.9015,-12.3291,107.3608,31.6772,t002,MADCF
2532349749,5489430,3,pierna,loading,-1.3755,-0.0599,-0.9133,-7.0801,122.9248,22.8882,t002,MADCF
2532349749,5489446,3,pierna,loading,-1.2578,-0.1270,-0.8635,-4.6387,131.1646,21.7895,t002,MADCF
2532349802,5489462,3,pierna,loading,-1.1877,-0.1704,-0.7622,-3.4180,152.5879,17.2729,t002,MADCF
2532349802,5489478,3,pierna,loading,-1.0861,-0.2482,-0.7111,-4.3335,159.7900,10.9863,t002,MADCF
2532349803,5489494,3,pierna,loading,-1.0388,-0.3356,-0.7395,-9.3384,158.5693,1.4648,t002,MADCF
2532349851,5489510,3,pierna,loading,-1.0333,-0.3610,-0.7096,-18.2495,166.3818,-6.4087,t002,MADCF
2532349851,5489526,3,pierna,midstance,-0.8383,-0.2831,-0.6074,-24.1699,167.3584,-11.5967,t002,MADCF
2532349851,5489542,3,pierna,midstance,-0.7783,-0.2395,-0.5823,-22.4609,153.1982,-18.3716,t002,MADCF
2532349909,5489559,3,pierna,midstance,-0.7274,-0.2205,-0.5265,-19.4092,145.9351,-22.5830,t002,MADCF
2532349910,5489575,3,pierna,midstance,-0.7310,-0.1116,-0.5428,-12.0239,136.5967,-25.1465,t002,MADCF
2532349910,5489592,3,pierna,midstance,-0.6954,-0.0980,-0.5376,16.4185,134.8267,-19.7754,t002,MADCF
2532349911,5489608,3,pierna,midstance,-0.5759,-0.1497,-0.5598,32.2876,133.0566,-17.0898,t002,MADCF
2532349963,5489624,3,pierna,midstance,-0.5203,-0.1829,-0.5508,51.1475,126.0376,-14.2822,t002,MADCF
2532349963,5489640,3,pierna,midstance,-0.4062,-0.1542,-0.5182,54.3213,119.6289,-15.2588,t002,MADCF
2532349963,5489656,3,pierna,midstance,-0.3590,-0.0629,-0.4463,56.6406,104.0039,-18.9209,t002,MADCF
2532350019,5489672,3,pierna,midstance,-0.3561,-0.0231,-0.4365,57.1289,85.0220,-20.1416,t002,MADCF
2532350019,5489688,3,pierna,midstance,-0.2970,-0.0786,-0.4114,50.9033,72.5098,-19.5313,t002,MADCF
2532350020,5489704,3,pierna,midstance,-0.2223,-0.0991,-0.3444,25.3906,33.2642,-29.7852,t002,MADCF
2532350070,5489720,3,pierna,midstance,-0.3270,-0.1622,-0.1061,8.5449,11.3525,-38.6963,t002,MADCF
2532350070,5489736,3,pierna,terminal,-0.7646,-0.1335,0.2781,-30.5786,-3.1128,-50.8423,t002,MADCF
2532350071,5489752,3,pierna,terminal,-1.0559,-0.0735,0.4894,-46.4478,24.7192,-52.4292,t002,MADCF
2532350071,5489769,3,pierna,terminal,-1.3481,-0.1023,0.7245,-39.9780,40.8325,-49.3164,t002,MADCF
2532350128,5489785,3,pierna,terminal,-1.3074,-0.1960,0.8944,4.8218,56.5796,-25.5737,t002,MADCF
2532350128,5489800,3,pierna,terminal,-1.1083,-0.5588,1.2992,32.3486,55.1758,-7.2632,t002,MADCF
2532350129,5489817,3,pierna,terminal,-0.7717,-0.7172,1.3579,58.6548,44.0674,7.9956,t002,MADCF
2532350180,5489833,3,pierna,terminal,-0.7106,-0.5690,1.2229,54.3213,5.1880,8.4839,t002,MADCF
2532350182,5489849,3,pierna,terminal,-0.7970,-0.3907,0.6475,58.4106,-20.0195,14.0991,t002,MADCF
2532350183,5489865,3,pierna,terminal,-0.7389,-0.3103,0.2615,80.3223,-63.7817,12.8174,t002,MADCF
2532350184,5489881,3,pierna,terminal,-0.5011,-0.1926,-0.3064,91.0034,-80.3223,3.4790,t002,MADCF
2532350236,5489897,3,pierna,terminal,-0.7625,-0.4338,-0.1627,81.2378,-93.8110,-2.4414,t002,MADCF
2532350237,5489913,3,pierna,terminal,-0.9667,-0.3391,-0.3480,23.4375,-47.6685,-2.1362,t002,MADCF
2532350237,5489930,3,pierna,terminal,-1.3102,-0.5514,0.3269,-11.3525,7.9346,4.2725,t002,MADCF
2532350286,5489946,3,pierna,terminal,-1.4767,-0.9902,0.7065,-20.0195,-3.5400,44.7388,t002,MADCF
2532350288,5489962,3,pierna,terminal,-1.9229,-1.3579,-0.5889,-9.0332,-69.5190,27.4658,t002,MADCF
2532350289,5489978,3,pierna,terminal,-1.1284,-0.2985,-1.2595,-101.0132,-98.2666,-80.5054,t002,MADCF
2532350345,5489994,3,pierna,terminal,-0.5670,0.2650,-1.2869,-214.9048,-73.4253,-105.4077,t002,MADCF
2532350345,5490010,3,pierna,terminal,-0.1847,0.8724,-0.9025,-208.9233,-68.5425,-92.4683,t002,MADCF
2532350345,5490026,3,pierna,terminal,-0.3171,1.1404,-0.6847,-97.4731,-77.5757,-76.9653,t002,MADCF
2532350395,5490043,3,pierna,terminal,-1.1649,1.0408,-0.5232,41.5649,-94.6045,-20.4468,t002,MADCF
2532350396,5490059,3,pierna,swing,-1.5801,0.0923,-0.5056,90.8813,-88.1348,5.8594,t002,MADCF
2532350396,5490075,3,pierna,swing,-1.3840,-0.2482,-0.3940,107.2998,-57.0679,13.4888,t002,MADCF
2532350396,5490091,3,pierna,swing,-0.7571,-0.2966,-0.1168,87.0972,-52.9785,5.5542,t002,MADCF
2532350457,5490107,3,pierna,swing,-0.6320,-0.0658,-0.0841,34.6069,-80.0781,-7.4463,t002,MADCF
2532350458,5490123,3,pierna,swing,-0.7941,-0.0378,-0.1311,1.8921,-103.2104,-7.0801,t002,MADCF
2532350458,5490139,3,pierna,swing,-1.0710,-0.1482,-0.2491,-2.7466,-103.6987,-5.9814,t002,MADCF
2532350459,5490156,3,pierna,swing,-1.1067,-0.1926,-0.2562,-1.6479,-91.5527,-12.3291,t002,MADCF
2532350511,5490172,3,pierna,swing,-0.9862,-0.2288,-0.2234,-1.5869,-87.2803,-18.0664,t002,MADCF
2532350511,5490188,3,pierna,swing,-0.8573,-0.1735,-0.2126,-8.0566,-84.1064,-20.0195,t002,MADCF
2532350512,5490204,3,pierna,swing,-0.8391,-0.1195,-0.2166,-18.6768,-86.1206,-15.3198,t002,MADCF
2532350568,5490221,3,pierna,swing,-0.8967,-0.0149,-0.2474,-27.0996,-91.0644,-14.6484,t002,MADCF
2532350568,5490237,3,pierna,swing,-0.8933,0.0325,-0.2574,-42.2974,-104.0649,-16.1743,t002,MADCF
2532350569,5490253,3,pierna,swing,-0.9012,0.1234,-0.3265,-32.8369,-107.4829,-15.9912,t002,MADCF
2532350620,5490269,3,pierna,swing,-1.0396,0.0638,-0.3496,-19.8975,-102.0508,-12.8174,t002,MADCF
2532350621,5490286,3,pierna,swing,-1.0532,-0.0330,-0.3052,-1.4038,-88.5010,-7.1411,t002,MADCF
2532350622,5490302,3,pierna,swing,-0.9392,-0.1281,-0.1710,0.7935,-84.7168,-7.6294,t002,MADCF
2532350622,5490318,3,pierna,swing,-0.9065,-0.1608,-0.1755,3.6621,-82.7637,-5.9814,t002,MADCF
2532350676,5490334,3,pierna,swing,-0.9241,-0.1495,-0.2042,-0.5493,-83.9233,-4.5776,t002,MADCF
2532350677,5490351,3,pierna,swing,-0.9329,-0.0826,-0.2078,-2.5635,-81.6040,-5.0049,t002,MADCF
2532350677,5490367,3,pierna,swing,-0.9409,-0.0697,-0.1827,-0.1831,-75.0122,-2.9907,t002,MADCF
2532350728,5490383,3,pierna,swing,-0.9415,-0.0665,-0.1622,-0.6714,-71.3501,-1.7090,t002,MADCF
2532350730,5490400,3,pierna,swing,-0.9728,-0.0490,-0.1953,-15.8691,-64.2700,-3.3569,t002,MADCF
2532350730,5490416,3,pierna,swing,-0.9596,-0.0424,-0.2321,-35.5225,-63.2324,-8.3618,t002,MADCF
2532350784,5490432,3,pierna,swing,-0.8958,-0.0243,-0.2450,-41.1377,-67.0776,-10.0708,t002,MADCF
2532350785,5490449,3,pierna,swing,-0.9309,-0.0476,-0.2955,-48.2178,-74.6460,-11.6577,t002,MADCF
2532350785,5490465,3,pierna,swing,-0.9301,-0.0872,-0.3285,-53.8940,-71.9604,-9.3384,t002,MADCF
2532350786,5490481,3,pierna,swing,-0.9104,-0.0836,-0.3624,-54.9316,-67.5659,-8.6060,t002,MADCF
2532350835,5490497,3,pierna,swing,-0.9176,-0.0745,-0.3660,-54.3823,-54.3823,-4.8218,t002,MADCF
2532350838,5490514,3,pierna,swing,-0.9482,-0.0358,-0.3707,-54.9927,-49.5605,-4.4556,t002,MADCF
2532350838,5490530,3,pierna,swing,-1.0812,-0.0820,-0.3649,-57.3120,-45.6543,-3.7231,t002,MADCF
2532350891,5490546,3,pierna,swing,-1.1637,-0.1647,-0.3330,-63.5986,-38.3911,5.3711,t002,MADCF
2532350891,5490562,3,pierna,swing,-1.2634,-0.3138,-0.1594,-69.4580,-32.4097,9.2163,t002,MADCF
2532350892,5490578,3,pierna,swing,-1.3346,-0.3407,0.0085,-80.7495,-12.6953,9.9487,t002,MADCF
2532350942,5490594,3,pierna,swing,-1.6013,-0.2794,0.3051,-83.4961,2.6245,9.7046,t002,MADCF
2532350943,5490610,3,pierna,swing,-1.7778,-0.2594,0.4812,-64.0869,47.9736,21.1182,t002,MADCF
2532350943,5490626,3,pierna,swing,-1.7421,-0.2788,0.4257,-13.3667,92.4072,56.0303,t002,MADCF
2532350951,5490642,3,pierna,swing,-1.4366,-0.2507,0.0912,8.2397,99.7925,80.6885,t002,MADCF
2532350996,5490658,3,pierna,swing,-1.3289,-0.0387,-0.0851,-4.7607,100.4639,86.4868,t002,MADCF
2532350996,5490674,3,pierna,swing,-1.2404,0.2092,-0.4824,-30.9448,98.9990,64.3311,t002,MADCF
2532350997,5490690,3,pierna,swing,-1.5570,0.2566,-0.9056,-39.8560,98.8159,22.8882,t002,MADCF
2532351047,5490706,3,pierna,swing,-1.7794,0.0865,-1.0642,17.8833,125.0000,31.1890,t002,MADCF
2532351048,5490722,3,pierna,loading,-1.7599,-0.2490,-1.1261,41.6260,139.8315,35.3394,t002,MADCF
2532351048,5490738,3,pierna,loading,-1.5577,-0.2550,-1.0845,41.6260,155.2734,27.8931,t002,MADCF
2532351102,5490754,3,pierna,loading,-1.1799,-0.3086,-0.8695,28.9307,164.2456,26.9165,t002,MADCF
2532351103,5490770,3,pierna,loading,-1.0627,-0.3752,-0.7671,12.6953,190.4907,21.8506,t002,MADCF
2532351103,5490786,3,pierna,loading,-1.0338,-0.4019,-0.8531,8.3008,195.3735,14.1602,t002,MADCF
2532351149,5490802,3,pierna,loading,-0.9252,-0.3706,-0.7770,2.9907,192.3828,9.7046,t002,MADCF
2532351155,5490818,3,pierna,loading,-0.8754,-0.2771,-0.7316,-14.2822,183.1055,-3.6621,t002,MADCF
2532351155,5490834,3,pierna,loading,-0.7734,-0.0963,-0.6923,-18.6768,177.4902,-7.5684,t002,MADCF
2532351156,5490850,3,pierna,loading,-0.6997,-0.0990,-0.6693,-7.9956,163.2080,-13.7329,t002,MADCF
2532351209,5490866,3,pierna,loading,-0.6625,-0.0553,-0.6852,9.5825,144.4092,-22.2168,t002,MADCF
2532351210,5490882,3,pierna,loading,-0.5923,0.0013,-0.7450,26.3062,139.9536,-19.8975,t002,MADCF
2532351210,5490898,3,pierna,loading,-0.5061,-0.0603,-0.7529,68.5425,133.2397,-8.5449,t002,MADCF
2532351261,5490914,3,pierna,loading,-0.3323,-0.1876,-0.7405,79.6509,127.0752,-5.3101,t002,MADCF
2532351262,5490930,3,pierna,loading,-0.2928,-0.1705,-0.6880,79.5898,114.5630,-2.5024,t002,MADCF
2532351263,5490946,3,pierna,loading,-0.3016,-0.1488,-0.6571,64.5142,96.5576,-9.6436,t002,MADCF
2532351317,5490962,3,pierna,loading,-0.2441,-0.1013,-0.6307,52.6733,81.8481,-16.4185,t002,MADCF
2532351318,5490979,3,pierna,loading,-0.1866,-0.0620,-0.6398,19.0430,47.2412,-29.7852,t002,MADCF
2532351318,5490995,3,pierna,loading,-0.0593,-0.0055,-0.5071,2.7466,25.8179,-39.6118,t002,MADCF
2532351318,5491011,3,pierna,loading,-0.3574,-0.0697,-0.1309,-23.7427,-14.9536,-65.0635,t002,MADCF
2532351367,5491027,3,pierna,loading,-0.6569,-0.0022,0.1370,-34.3018,3.8452,-82.6416,t002,MADCF
2532351368,5491043,3,pierna,midstance,-1.2434,0.1910,0.6199,-32.9590,27.7710,-85.8154,t002,MADCF
2532351368,5491059,3,pierna,midstance,-1.4188,0.1034,0.7382,-10.1929,46.6309,-66.8335,t002,MADCF
2532351425,5491075,3,pierna,midstance,-1.5381,-0.4291,1.0227,21.8506,43.6401,-41.5039,t002,MADCF
2532351425,5491091,3,pierna,midstance,-1.4146,-0.6932,1.2311,97.6562,51.5137,7.9956,t002,MADCF
2532351426,5491107,3,pierna,midstance,-0.7977,-0.6134,1.5206,109.6802,53.1006,14.6484,t002,MADCF
2532351426,5491123,3,pierna,midstance,-0.6573,-0.4141,1.0201,100.2197,6.7749,21.4233,t002,MADCF
2532351479,5491139,3,pierna,midstance,-0.6626,-0.4843,0.5509,96.3745,-60.1196,35.7666,t002,MADCF
2532351480,5491155,3,pierna,midstance,-0.5106,-0.5250,-0.4116,87.7075,-95.8862,28.4424,t002,MADCF
2532351480,5491171,3,pierna,midstance,-0.7886,-0.7306,-0.3488,59.9976,-103.6377,20.5078,t002,MADCF
2532351534,5491187,3,pierna,midstance,-1.6483,-1.0713,0.7070,49.3164,-44.8608,24.6582,t002,MADCF
2532351535,5491203,3,pierna,midstance,-1.2837,-0.6011,0.3718,43.2129,31.9824,15.6250,t002,MADCF
2532351535,5491219,3,pierna,midstance,-1.2715,-0.3364,0.2404,-16.7236,18.1274,-7.9346,t002,MADCF
2532351576,5491235,3,pierna,midstance,-1.1650,-0.3790,-0.6072,-46.9971,-14.6484,-18.9209,t002,MADCF
2532351576,5491251,3,pierna,midstance,-0.9963,-0.2351,-1.0762,-98.6938,-79.2236,-52.8564,t002,MADCF
2532351586,5491267,3,pierna,midstance,-0.5508,0.2629,-1.1749,-134.8267,-72.3267,-71.7773,t002,MADCF
2532351586,5491284,3,pierna,terminal,-0.5502,0.7963,-0.9967,-152.0996,-62.0117,-83.9233,t002,MADCF
2532351644,5491300,3,pierna,terminal,-0.7023,0.8462,-0.8201,-29.5410,-85.7544,-67.1997,t002,MADCF
2532351644,5491316,3,pierna,terminal,-1.3293,0.4214,-0.6819,22.1558,-99.9756,-44.7998,t002,MADCF
2532351644,5491332,3,pierna,terminal,-1.5521,0.1342,-0.7506,82.4585,-89.1113,-0.0610,t002,MADCF
2532351699,5491348,3,pierna,terminal,-1.2249,-0.3518,-0.4744,97.2900,-64.6973,7.3242,t002,MADCF
2532351700,5491364,3,pierna,terminal,-0.5798,-0.2942,-0.1158,77.3926,-55.6641,-0.4883,t002,MADCF
2532351700,5491380,3,pierna,terminal,-0.5814,-0.1890,-0.1417,30.3955,-95.8252,-10.1929,t002,MADCF
2532351701,5491396,3,pierna,terminal,-0.8904,-0.0846,-0.2687,9.8877,-109.2529,-13.1226,t002,MADCF
2532351757,5491412,3,pierna,terminal,-0.9999,-0.0835,-0.3013,-27.3437,-113.0981,-21.6675,t002,MADCF
2532351757,5491429,3,pierna,terminal,-1.0332,-0.0629,-0.2377,-50.1709,-104.1870,-38.0859,t002,MADCF
2532351758,5491445,3,pierna,terminal,-0.9651,0.0116,-0.1971,-51.9409,-102.9053,-44.3726,t002,MADCF
2532351810,5491461,3,pierna,terminal,-0.9531,0.0559,-0.2157,-36.6211,-101.8677,-38.5132,t002,MADCF
2532351812,5491477,3,pierna,swing,-0.9438,0.0736,-0.2365,-23.1323,-99.6704,-26.8555,t002,MADCF
2532351812,5491493,3,pierna,swing,-0.9066,0.0135,-0.1885,-6.2256,-98.2056,-7.9346,t002,MADCF
2532351813,5491510,3,pierna,swing,-0.8789,0.0227,-0.1788,-4.3945,-100.7080,-2.9297,t002,MADCF
2532351871,5491526,3,pierna,swing,-0.9235,-0.0341,-0.1576,-4.9438,-101.0132,1.0986,t002,MADCF
2532351872,5491542,3,pierna,swing,-0.9318,-0.1035,-0.1671,-6.8359,-111.6943,-2.4414,t002,MADCF
2532351873,5491558,3,pierna,swing,-0.9412,-0.1467,-0.2455,-6.7139,-112.1826,-8.3618,t002,MADCF
2532351925,5491575,3,pierna,swing,-0.9349,-0.1215,-0.2465,-6.1035,-100.8911,-12.2070,t002,MADCF
2532351927,5491591,3,pierna,swing,-0.9182,-0.1155,-0.2745,-4.3335,-96.8628,-9.0332,t002,MADCF
2532351928,5491607,3,pierna,swing,-0.8759,-0.0997,-0.3298,-3.6621,-94.4824,-8.1177,t002,MADCF
2532351928,5491623,3,pierna,swing,-0.8557,-0.1007,-0.3149,-4.2725,-89.2944,-5.8594,t002,MADCF
2532351984,5491640,3,pierna,swing,-0.8912,-0.0789,-0.2421,-11.2305,-90.4541,-8.0566,t002,MADCF
2532351984,5491656,3,pierna,swing,-0.9886,-0.0286,-0.2048,-16.8457,-89.3555,-11.4746,t002,MADCF
2532351985,5491672,3,pierna,swing,-1.0024,-0.0477,-0.1880,-33.8135,-85.3271,-17.4561,t002,MADCF
2532352038,5491688,3,pierna,swing,-0.9762,-0.1346,-0.1531,-41.9922,-84.8389,-17.5781,t002,MADCF
2532352039,5491705,3,pierna,swing,-0.9722,-0.2158,-0.1455,-57.6172,-86.1206,-15.7471,t002,MADCF
2532352039,5491721,3,pierna,swing,-1.0120,-0.1975,-0.1658,-72.5098,-86.9141,-14.1602,t002,MADCF
2532352048,5491737,3,pierna,swing,-1.1260,-0.0353,-0.2228,-74.2798,-78.7964,-12.6953,t002,MADCF
2532352095,5491753,3,pierna,swing,-1.0829,0.0068,-0.2351,-66.1011,-53.6499,-9.5215,t002,MADCF
2532352095,5491769,3,pierna,swing,-1.0146,-0.0942,-0.2856,-62.6221,-45.3491,-5.1880,t002,MADCF
2532352095,5491786,3,pierna,swing,-1.0524,-0.1312,-0.2592,-68.3594,-35.9497,0.9766,t002,MADCF
2532352148,5491802,3,pierna,swing,-1.1471,-0.1312,-0.1808,-74.6460,-29.8462,3.9673,t002,MADCF
2532352149,5491818,3,pierna,swing,-1.3771,-0.2361,0.0747,-73.2422,-20.7520,11.4136,t002,MADCF
2532352150,5491834,3,pierna,swing,-1.4408,-0.3152,0.2479,-58.6548,9.1553,29.0527,t002,MADCF
2532352205,5491850,3,pierna,swing,-1.5267,-0.4551,0.7299,-45.4102,22.2168,34.1797,t002,MADCF
2532352205,5491866,3,pierna,swing,-1.8168,-0.4822,0.6377,-35.8276,40.4053,38.8794,t002,MADCF
2532352205,5491882,3,pierna,swing,-1.9282,-0.5327,0.1802,-19.4702,74.7070,76.5991,t002,MADCF
2532352206,5491898,3,pierna,swing,-1.7498,-0.1458,-0.4001,-19.4092,99.0601,88.9893,t002,MADCF
2532352259,5491914,3,pierna,swing,-1.4987,0.0245,-0.6847,-75.7446,119.4458,56.3965,t002,MADCF
2532352261,5491930,3,pierna,swing,-1.3844,0.0946,-1.0055,-85.3271,121.6431,32.7148,t002,MADCF
2532352261,5491946,3,pierna,swing,-1.8290,-0.1780,-1.0815,-27.5269,137.3901,30.5176,t002,MADCF
2532352317,5491962,3,pierna,swing,-1.8662,-0.2648,-1.1324,18.0054,142.7612,24.7192,t002,MADCF
2532352317,5491978,3,pierna,swing,-1.5934,-0.2145,-1.2115,12.1460,142.8223,12.8174,t002,MADCF
2532352317,5491994,3,pierna,swing,-1.3704,-0.2264,-1.0585,-19.4702,178.2226,19.3481,t002,MADCF
2532352318,5492010,3,pierna,swing,-1.0045,-0.3528,-0.9279,-27.1606,194.8852,24.1699,t002,MADCF
2532352370,5492026,3,pierna,swing,-1.0178,-0.4885,-0.9150,-16.7236,202.7588,13.4277,t002,MADCF
2532352372,5492042,3,pierna,swing,-1.0027,-0.3958,-0.9030,-24.4141,203.9795,-15.0757,t002,MADCF
2532352372,5492058,3,pierna,swing,-0.8146,-0.1941,-0.7992,-30.7007,203.7964,-19.8975,t002,MADCF
2532352429,5492074,3,pierna,swing,-0.7473,-0.1353,-0.7732,-22.2778,182.4951,-32.7759,t002,MADCF
2532352429,5492090,3,pierna,swing,-0.6864,-0.0732,-0.8126,-14.0991,168.9453,-42.6025,t002,MADCF
2532352429,5492106,3,pierna,swing,-0.6202,0.0869,-0.9072,5.6763,160.6445,-50.2319,t002,MADCF
2532352430,5492122,3,pierna,swing,-0.5096,0.0962,-0.8531,45.1660,158.6304,-30.8228,t002,MADCF
2532352482,5492138,3,pierna,swing,-0.3087,-0.0358,-0.8619,71.7773,151.7334,-15.1978,t002,MADCF
2532352482,5492154,3,pierna,swing,-0.2253,-0.1310,-0.8561,107.2998,142.0288,15.3809,t002,MADCF
2532352484,5492170,3,pierna,loading,-0.0800,-0.2323,-0.8247,109.0088,134.5825,21.0571,t002,MADCF
2532352506,5492186,3,pierna,loading,-0.0629,-0.1830,-0.7928,94.1162,108.8257,4.3335,t002,MADCF
2532352542,5492202,3,pierna,loading,-0.0481,0.0192,-0.7693,85.6323,90.0268,-11.8408,t002,MADCF
2532352542,5492218,3,pierna,loading,0.0923,0.0936,-0.6598,56.6406,38.7573,-39.7949,t002,MADCF
2532352542,5492234,3,pierna,loading,0.0616,0.0902,-0.5387,10.8032,-15.7471,-71.5942,t002,MADCF
2532352596,5492250,3,pierna,loading,-0.4602,0.0442,-0.0726,-9.7046,-19.8364,-84.4116,t002,MADCF
2532352598,5492266,3,pierna,loading,-0.8252,0.1165,0.2909,-24.9023,25.7568,-88.5620,t002,MADCF
2532352599,5492282,3,pierna,loading,-1.3896,0.0758,0.8058,-29.5410,50.1709,-78.4302,t002,MADCF
2532352646,5492298,3,pierna,loading,-1.8900,-0.6357,0.9741,-2.8076,47.6074,-26.2451,t002,MADCF
2532352653,5492314,3,pierna,loading,-1.8192,-1.0643,1.2402,112.1826,103.5156,37.5977,t002,MADCF
2532352654,5492330,3,pierna,loading,-0.6671,-1.1830,1.9717,138.6108,121.5210,31.8603,t002,MADCF
2532352654,5492346,3,pierna,loading,-0.4358,-0.7957,1.8433,100.0366,12.3291,1.5259,t002,MADCF
2532352706,5492362,3,pierna,midstance,-0.5983,-0.5021,0.7334,91.3086,-52.9175,3.0518,t002,MADCF
2532352706,5492378,3,pierna,midstance,-0.1964,-0.1472,-0.7615,87.4634,-126.8310,-15.6860,t002,MADCF
2532352707,5492394,3,pierna,midstance,-0.3494,-0.2869,-1.0118,60.6079,-157.5928,-34.0576,t002,MADCF
2532352767,5492410,3,pierna,midstance,-1.6935,-1.2245,0.7352,49.1333,-90.2100,-8.6060,t002,MADCF
2532352767,5492426,3,pierna,midstance,-1.5709,-1.0468,0.5446,6.2256,5.6152,24.9023,t002,MADCF
2532352768,5492442,3,pierna,midstance,-1.4137,-0.6180,0.0852,-48.2178,23.0103,17.8223,t002,MADCF
2532352768,5492458,3,pierna,midstance,-1.3271,-0.7709,-0.2896,-109.3140,-15.4419,-10.3760,t002,MADCF
2532352821,5492474,3,pierna,midstance,-1.2373,-0.5525,-0.8650,-141.2964,-132.0801,-62.9272,t002,MADCF
2532352824,5492490,3,pierna,midstance,-0.9193,0.5096,-1.3594,-160.8887,-132.8125,-99.5483,t002,MADCF
2532352824,5492506,3,pierna,midstance,-0.7720,1.1227,-1.4462,-119.9341,-77.2095,-117.5537,t002,MADCF
2532352881,5492522,3,pierna,midstance,-0.6068,1.2135,-0.9646,-48.6450,-45.2270,-77.2095,t002,MADCF
2532352882,5492539,3,pierna,midstance,-0.8627,0.1433,-0.4950,71.8994,-49.0112,7.2632,t002,MADCF
2532352882,5492554,3,pierna,midstance,-1.1396,-0.1718,-0.5642,105.4687,-85.5713,17.9443,t002,MADCF
2532352882,5492571,3,pierna,midstance,-1.2881,-0.4484,-0.4882,98.2666,-78.0640,11.7187,t002,MADCF
2532352936,5492587,3,pierna,midstance,-1.0122,-0.4210,-0.3120,41.8701,-62.9883,-7.7515,t002,MADCF
2532352936,5492603,3,pierna,terminal,-0.6267,-0.1234,-0.1506,8.6670,-74.3408,-18.1885,t002,MADCF
2532352937,5492619,3,pierna,terminal,-0.8341,0.1948,-0.1823,-33.3252,-105.9570,-32.2876,t002,MADCF
2532352938,5492635,3,pierna,terminal,-1.0076,0.2654,-0.2220,-37.1094,-111.5723,-32.7148,t002,MADCF
2532353000,5492651,3,pierna,terminal,-1.1104,0.1094,-0.2510,-25.8179,-101.0132,-30.2734,t002,MADCF
2532353000,5492667,3,pierna,terminal,-1.0433,-0.0547,-0.2380,4.2114,-81.7261,-23.6816,t002,MADCF
2532353001,5492683,3,pierna,terminal,-0.9163,-0.2706,-0.1523,11.2915,-79.4067,-20.9961,t002,MADCF
2532353002,5492700,3,pierna,terminal,-0.8608,-0.2484,-0.0470,3.4180,-83.7402,-16.9067,t002,MADCF
2532353056,5492716,3,pierna,terminal,-0.8632,-0.1624,-0.0360,-12.3901,-97.9614,-21.4233,t002,MADCF
2532353058,5492732,3,pierna,terminal,-0.8557,0.1171,-0.1665,-15.2588,-103.2104,-26.5503,t002,MADCF
2532353058,5492748,3,pierna,terminal,-0.9010,0.1982,-0.2045,-11.2305,-97.1680,-20.9351,t002,MADCF
2532353115,5492764,3,pierna,terminal,-0.9999,0.0482,-0.2024,-4.3945,-94.2383,-15.3809,t002,MADCF
2532353115,5492780,3,pierna,terminal,-0.9742,-0.2911,-0.2717,3.6011,-91.9189,-5.4932,t002,MADCF
2532353115,5492796,3,pierna,terminal,-0.9155,-0.3530,-0.2736,-20.3247,-94.1772,-6.2866,t002,MADCF
2532353116,5492813,3,pierna,terminal,-0.8611,-0.1873,-0.2365,-30.3345,-93.5059,-10.1318,t002,MADCF
2532353169,5492829,3,pierna,swing,-0.8679,-0.0602,-0.1824,-28.8086,-85.0220,-12.3901,t002,MADCF
2532353170,5492845,3,pierna,swing,-0.9081,0.0082,-0.1700,-23.6206,-84.4116,-12.0850,t002,MADCF
2532353170,5492861,3,pierna,swing,-0.9420,-0.0566,-0.2915,-23.6816,-86.4258,-11.5356,t002,MADCF
2532353231,5492877,3,pierna,swing,-0.9066,-0.0864,-0.3060,-39.7949,-82.3364,-6.7749,t002,MADCF
2532353232,5492893,3,pierna,swing,-0.8762,-0.0836,-0.2327,-47.3633,-80.8716,-6.8359,t002,MADCF
2532353232,5492910,3,pierna,swing,-0.8905,-0.0439,-0.2117,-57.8003,-82.7637,-12.2070,t002,MADCF
2532353232,5492926,3,pierna,swing,-0.9562,-0.0726,-0.2480,-64.8193,-88.9893,-8.5449,t002,MADCF
2532353286,5492942,3,pierna,swing,-0.9823,-0.2231,-0.3167,-69.7632,-92.0410,-5.4321,t002,MADCF
2532353288,5492958,3,pierna,swing,-0.9980,-0.2242,-0.3113,-79.9561,-81.9092,-4.1504,t002,MADCF
2532353288,5492974,3,pierna,swing,-1.0651,-0.0619,-0.2577,-80.7495,-70.3125,-3.9673,t002,MADCF
2532353345,5492990,3,pierna,swing,-1.1954,-0.0327,-0.2153,-73.1201,-53.3447,2.9907,t002,MADCF
2532353346,5493006,3,pierna,swing,-1.2144,-0.0703,-0.1505,-66.2231,-41.1377,12.1460,t002,MADCF
2532353346,5493023,3,pierna,swing,-1.4248,-0.2826,0.0997,-62.9883,-34.1187,16.4795,t002,MADCF
2532353346,5493039,3,pierna,swing,-1.5596,-0.3497,0.2845,-50.7812,-9.3994,18.6157,t002,MADCF
2532353399,5493055,3,pierna,swing,-1.6779,-0.3481,0.7136,-45.4102,7.9346,22.2778,t002,MADCF
2532353401,5493071,3,pierna,swing,-1.9216,-0.5581,0.5237,-18.9209,48.6450,57.6782,t002,MADCF
2532353401,5493087,3,pierna,swing,-1.9032,-0.5541,0.2704,13.9770,91.7969,99.6094,t002,MADCF
2532353458,5493102,3,pierna,swing,-1.5188,0.1176,-0.1555,-13.9770,103.1494,92.9565,t002,MADCF
2532353459,5493118,3,pierna,swing,-1.3722,0.3634,-0.5374,-83.2519,96.6797,41.8701,t002,MADCF
2532353459,5493134,3,pierna,swing,-1.4792,0.3413,-1.0032,-74.5239,99.6704,28.6255,t002,MADCF
2532353460,5493150,3,pierna,swing,-1.7091,0.1254,-1.1017,11.7798,129.0283,40.8325,t002,MADCF
2532353512,5493166,3,pierna,swing,-1.8671,-0.3236,-1.1901,48.6450,143.6157,44.5557,t002,MADCF
2532353513,5493182,3,pierna,swing,-1.5209,-0.3080,-1.2061,44.6167,148.9258,28.5034,t002,MADCF
2532353514,5493198,3,pierna,swing,-1.3019,-0.3221,-1.0659,-4.0283,175.5371,36.5601,t002,MADCF
2532353536,5493214,3,pierna,swing,-1.1085,-0.3748,-0.9348,-15.1978,192.5659,35.7056,t002,MADCF
2532353572,5493230,3,pierna,swing,-1.0619,-0.4255,-1.0125,-7.5073,208.1909,16.5405,t002,MADCF
2532353572,5493246,3,pierna,swing,-1.0023,-0.2694,-1.0002,-5.8594,211.3647,6.8359,t002,MADCF
2532353573,5493262,3,pierna,swing,-0.7695,-0.1567,-0.7599,-15.5640,218.6889,-2.1973,t002,MADCF
2532353627,5493278,3,pierna,swing,-0.6714,-0.1627,-0.7219,-9.0942,188.9038,-18.1274,t002,MADCF
2532353629,5493294,3,pierna,swing,-0.5580,-0.1448,-0.7750,-0.9155,166.9922,-30.5176,t002,MADCF
2532353629,5493310,3,pierna,swing,-0.5355,-0.0376,-0.8087,11.1694,144.9585,-38.8184,t002,MADCF
2532353651,5493327,3,pierna,swing,-0.4869,0.0758,-0.7869,22.3389,141.8457,-33.8745,t002,MADCF
2532353687,5493343,3,pierna,swing,-0.3899,0.0297,-0.8562,63.5376,139.2212,-17.2119,t002,MADCF
2532353688,5493358,3,pierna,swing,-0.3130,-0.0299,-0.8419,101.8066,138.9771,0.9155,t002,MADCF
2532353688,5493374,3,pierna,swing,-0.1411,-0.1930,-0.7955,111.8164,131.2256,5.0049,t002,MADCF
2532353743,5493390,3,pierna,swing,-0.0919,-0.1764,-0.7758,107.9712,108.0322,-3.2959,t002,MADCF
2532353745,5493406,3,pierna,swing,-0.0681,-0.0861,-0.7150,96.0693,91.9189,-9.5825,t002,MADCF
2532353746,5493422,3,pierna,swing,0.0149,-0.0359,-0.6801,57.3120,52.2461,-29.2358,t002,MADCF
2532353746,5493438,3,pierna,swing,0.1083,-0.0040,-0.6392,0.3052,-8.1177,-63.7207,t002,MADCF
2532353804,5493454,3,pierna,swing,-0.1981,-0.0001,-0.2488,-25.1465,-31.5552,-79.1626,t002,MADCF
2532353805,5493471,3,pierna,swing,-0.6279,0.0327,0.1061,-43.4570,-16.2964,-85.5713,t002,MADCF
2532353806,5493487,3,pierna,swing,-1.4810,0.1027,0.8280,-46.3867,13.3057,-83.0078,t002,MADCF
2532353859,5493503,3,pierna,swing,-1.8325,-0.3889,0.7115,-66.5283,20.0806,-73.4253,t002,MADCF
2532353860,5493519,3,pierna,swing,-1.9453,-0.7288,1.0496,20.6299,58.9600,-8.6670,t002,MADCF
2532353862,5493535,3,pierna,loading,-1.1140,-0.9038,2.0890,77.6367,98.3887,14.4043,t002,MADCF
2532353862,5493551,3,pierna,loading,-0.6555,-0.5845,2.0670,100.2808,46.1426,6.0425,t002,MADCF
2532353922,5493566,3,pierna,loading,-0.5615,-0.4625,1.0157,104.3091,-16.1743,12.4512,t002,MADCF
2532353923,5493582,3,pierna,loading,-0.5465,-0.5328,0.3010,120.0561,-95.0928,19.1040,t002,MADCF
2532353923,5493598,3,pierna,loading,-0.4380,-0.4821,-0.8131,110.5347,-128.2349,1.4648,t002,MADCF
2532353923,5493615,3,pierna,loading,-1.7236,-1.0420,0.7479,81.5430,-80.3833,9.1553,t002,MADCF
2532353982,5493631,3,pierna,loading,-1.6235,-0.6702,0.4598,62.8052,-10.6812,20.6299,t002,MADCF
2532353983,5493647,3,pierna,loading,-1.0897,0.0453,-0.5676,-3.5400,10.3149,-0.8545,t002,MADCF
2532353984,5493663,3,pierna,loading,-0.8486,-0.2799,-0.2207,-78.4912,17.4561,-19.4702,t002,MADCF
2532353991,5493679,3,pierna,loading,-0.9047,-0.9491,-0.4825,-78.5522,-43.2129,-28.9917,t002,MADCF
2532354049,5493695,3,pierna,loading,-1.2268,0.0723,-1.0612,-111.6943,-126.8310,-74.5239,t002,MADCF
2532354050,5493711,3,pierna,midstance,-1.2373,0.5890,-1.4716,-110.7178,-110.0464,-101.0742,t002,MADCF
2532354050,5493727,3,pierna,midstance,-0.9498,0.6987,-1.2909,-73.6694,-74.7070,-82.5195,t002,MADCF
2532354051,5493743,3,pierna,midstance,-0.6736,0.2776,-0.6312,-0.3052,-51.7578,-32.2876,t002,MADCF
2532354113,5493760,3,pierna,midstance,-0.8153,0.1453,-0.5648,46.5088,-79.3457,-8.8501,t002,MADCF
2532354115,5493776,3,pierna,midstance,-1.0895,-0.1036,-0.5325,62.5610,-83.2519,-5.7983,t002,MADCF
2532354115,5493792,3,pierna,midstance,-1.0553,-0.2377,-0.4209,47.1191,-80.1392,-12.5122,t002,MADCF
2532354116,5493808,3,pierna,midstance,-0.8453,-0.2982,-0.1426,19.1650,-86.3037,-20.1416,t002,MADCF
2532354184,5493824,3,pierna,midstance,-0.8254,-0.2358,-0.0752,-41.1377,-111.2671,-35.8276,t002,MADCF
2532354184,5493840,3,pierna,midstance,-0.8796,-0.1204,-0.1198,-90.1489,-125.3052,-52.9175,t002,MADCF
2532354185,5493857,3,pierna,midstance,-1.0258,0.2698,-0.2648,-97.2900,-122.2534,-58.5327,t002,MADCF
2532354185,5493873,3,pierna,midstance,-1.0334,0.3859,-0.2925,-71.7163,-106.5674,-52.9785,t002,MADCF
2532354248,5493889,3,pierna,midstance,-0.9044,0.4072,-0.2955,-48.9502,-100.7080,-42.3584,t002,MADCF
2532354249,5493905,3,pierna,midstance,-0.8395,0.2749,-0.2838,-7.2021,-98.5718,-14.5264,t002,MADCF
2532354251,5493921,3,pierna,midstance,-0.8691,0.1622,-0.2869,11.5967,-110.0464,-0.0610,t002,MADCF
2532354251,5493937,3,pierna,midstance,-0.8903,0.0110,-0.3340,12.6953,-112.9150,2.0752,t002,MADCF
2532354294,5493953,3,pierna,midstance,-0.9257,-0.0800,-0.2844,3.5400,-110.0464,7.2021,t002,MADCF
2532354321,5493969,3,pierna,midstance,-0.9214,-0.2053,-0.1968,-5.5542,-116.2109,2.4414,t002,MADCF
2532354322,5493985,3,pierna,midstance,-0.9276,-0.1133,-0.2341,-5.7373,-114.5630,-13.6108,t002,MADCF
2532354322,5494001,3,pierna,midstance,-0.9380,-0.1321,-0.2030,4.0894,-98.3887,-7.1411,t002,MADCF
2532354322,5494018,3,pierna,midstance,-0.9539,-0.3047,-0.2036,2.6245,-94.4214,-3.1128,t002,MADCF
2532354387,5494034,3,pierna,midstance,-0.9354,-0.3214,-0.1946,-12.7563,-83.1299,-8.9111,t002,MADCF
2532354388,5494050,3,pierna,terminal,-0.9054,-0.1282,-0.1556,-19.6533,-80.7495,-17.8223,t002,MADCF
2532354388,5494066,3,pierna,terminal,-0.9965,0.0015,-0.1714,-28.9917,-82.0312,-25.9399,t002,MADCF
2532354389,5494082,3,pierna,terminal,-1.0123,-0.0088,-0.1632,-44.8608,-81.9702,-17.7612,t002,MADCF
2532354461,5494099,3,pierna,terminal,-0.9641,-0.0563,-0.1154,-51.6968,-81.8481,-14.8315,t002,MADCF
2532354461,5494115,3,pierna,terminal,-0.9572,-0.0897,-0.1218,-63.3545,-86.9751,-13.3667,t002,MADCF
2532354462,5494131,3,pierna,terminal,-1.0159,-0.2037,-0.2632,-79.0405,-90.8203,-13.0005,t002,MADCF
2532354463,5494147,3,pierna,terminal,-1.0142,-0.1938,-0.3887,-84.1064,-85.9375,-14.4043,t002,MADCF
2532354528,5494164,3,pierna,terminal,-1.0222,-0.1180,-0.4017,-81.0547,-63.9038,-13.2446,t002,MADCF
2532354529,5494180,3,pierna,swing,-1.0521,-0.1436,-0.3416,-78.1250,-53.5889,-7.0801,t002,MADCF
2532354529,5494196,3,pierna,swing,-1.1332,-0.1296,-0.1477,-73.9136,-39.9170,3.1128,t002,MADCF
2532354529,5494212,3,pierna,swing,-1.2042,-0.0751,-0.0546,-66.0400,-25.3296,10.8643,t002,MADCF
2532354531,5494228,3,pierna,swing,-1.3502,-0.1975,0.1676,-58.2275,-14.0991,17.5171,t002,MADCF
2532354559,5494244,3,pierna,swing,-1.4514,-0.3801,0.3950,-36.6821,9.6436,36.1328,t002,MADCF
2532354601,5494260,3,pierna,swing,-1.7377,-0.6733,0.8057,-30.3345,21.1182,42.9687,t002,MADCF
2532354601,5494276,3,pierna,swing,-1.9381,-0.6924,0.1693,-26.0010,43.2739,62.5000,t002,MADCF
2532354601,5494292,3,pierna,swing,-1.9790,-0.2764,-0.1722,-53.0395,83.5571,70.1904,t002,MADCF
2532354669,5494308,3,pierna,swing,-1.5950,0.5601,-0.7314,-94.2993,101.6846,57.0679,t002,MADCF
2532354669,5494324,3,pierna,swing,-1.5077,0.5892,-0.9661,-92.7124,126.2817,30.3345,t002,MADCF
2532354671,5494340,3,pierna,swing,-1.8958,0.3170,-1.2017,-33.0811,142.8223,29.9072,t002,MADCF
2532354671,5494356,3,pierna,swing,-2.0449,0.1023,-1.2561,83.5571,163.5742,41.9922,t002,MADCF
2532354740,5494372,3,pierna,swing,-1.8256,-0.1471,-1.3671,99.2432,158.9966,38.0859,t002,MADCF
2532354741,5494388,3,pierna,swing,-1.3779,-0.2489,-1.2261,52.3682,179.4433,40.0391,t002,MADCF
2532354741,5494404,3,pierna,swing,-1.2517,-0.3301,-1.0048,10.1318,236.2671,49.3164,t002,MADCF
2532354741,5494420,3,pierna,swing,-1.0984,-0.3368,-1.1068,11.0474,244.3848,37.3535,t002,MADCF
2532354742,5494436,3,pierna,swing,-1.0212,-0.3479,-1.0730,6.2866,244.5068,17.7612,t002,MADCF
2532354807,5494452,3,pierna,swing,-0.9421,-0.1661,-0.9677,-2.5024,237.5488,5.1270,t002,MADCF
2532354808,5494468,3,pierna,swing,-0.7847,0.0142,-0.8934,2.8076,226.3183,-12.3901,t002,MADCF
2532354809,5494484,3,pierna,swing,-0.6682,-0.0775,-0.8408,31.4331,191.4673,-25.6348,t002,MADCF
2532354809,5494500,3,pierna,swing,-0.5010,-0.0292,-0.9528,36.7432,171.0205,-28.3203,t002,MADCF
2532354879,5494516,3,pierna,swing,-0.4834,0.0885,-1.0056,60.2417,165.0390,-5.5542,t002,MADCF
2532354880,5494532,3,pierna,swing,-0.3197,0.0396,-0.9093,81.7261,168.7012,9.7656,t002,MADCF
2532354880,5494548,3,pierna,swing,-0.1393,-0.2234,-0.8168,113.4643,162.4756,32.4097,t002,MADCF
2532354946,5494564,3,pierna,swing,-0.1198,-0.2880,-0.7617,106.0791,149.3530,36.4380,t002,MADCF
2532354948,5494580,3,pierna,swing,-0.1172,-0.2856,-0.6884,89.4775,136.7798,29.6631,t002,MADCF
2532354949,5494596,3,pierna,swing,-0.1056,-0.1768,-0.7020,59.9365,106.4453,6.7139,t002,MADCF
2532354949,5494612,3,pierna,swing,-0.0039,-0.0763,-0.5710,50.8423,90.1489,-3.5400,t002,MADCF
2532355018,5494628,3,pierna,swing,0.0464,-0.1125,-0.3641,4.7607,34.7290,-28.6255,t002,MADCF
2532355019,5494644,3,pierna,swing,-0.0361,0.0033,-0.2523,-53.8940,-15.9302,-73.1201,t002,MADCF
2532355019,5494660,3,pierna,swing,-0.5303,0.2542,0.0813,-59.6924,-19.4092,-88.9893,t002,MADCF
2532355019,5494676,3,pierna,swing,-0.8378,0.2845,0.3094,-30.8228,17.1509,-94.6045,t002,MADCF
2532355085,5494692,3,pierna,swing,-1.2806,0.0474,0.6361,-10.0708,31.6772,-84.2285,t002,MADCF
2532355087,5494708,3,pierna,loading,-1.4795,-0.2579,0.6580,58.0444,40.7715,-19.7144,t002,MADCF
2532355088,5494724,3,pierna,loading,-1.4773,-0.8429,1.1454,95.2148,58.4106,18.1885,t002,MADCF
2532355088,5494740,3,pierna,loading,-0.8003,-0.9418,1.5479,98.0835,58.6548,42.6025,t002,MADCF
2532355089,5494756,3,pierna,loading,-0.6599,-0.7786,1.4246,65.8569,-20.7520,23.0103,t002,MADCF
2532355116,5494772,3,pierna,loading,-0.6403,-0.5288,0.6842,63.9038,-54.2603,14.8315,t002,MADCF
2532355160,5494787,3,pierna,loading,-0.5739,-0.4275,0.2286,51.5747,-103.3325,-8.4839,t002,MADCF
2532355160,5494803,3,pierna,loading,-0.8799,-0.6259,-0.1742,37.9639,-119.8120,-16.1743,t002,MADCF
2532355161,5494820,3,pierna,loading,-2.0161,-1.3353,1.3431,18.1885,-63.7817,24.5361,t002,MADCF
2532355161,5494835,3,pierna,loading,-1.8339,-1.0554,0.5333,52.0630,-54.9927,45.8984,t002,MADCF
2532355162,5494851,3,pierna,loading,-1.2458,-0.2401,-0.7598,34.6069,-12.7563,-5.8594,t002,MADCF
2532355230,5494868,3,pierna,loading,-0.6923,-0.1233,-0.7275,-65.0635,4.8828,-58.8989,t002,MADCF
2532355231,5494884,3,pierna,loading,0.0127,-0.0968,-0.9213,-112.2436,-41.1377,-60.7910,t002,MADCF
2532355232,5494900,3,pierna,loading,-0.5797,0.7714,-0.3828,-169.1894,-78.4302,-87.9517,t002,MADCF
2532355232,5494916,3,pierna,loading,-1.1741,1.2821,-0.5563,-84.4116,-141.6016,-117.9809,t002,MADCF
2532355306,5494932,3,pierna,loading,-2.1921,0.6459,-1.3221,-6.1035,-142.3950,-70.3125,t002,MADCF
2532355307,5494948,3,pierna,midstance,-1.9008,-0.0178,-1.1879,74.9512,-29.4189,15.0146,t002,MADCF
2532355307,5494964,3,pierna,midstance,-0.6124,-0.6802,-0.4467,81.3599,-6.0425,19.3481,t002,MADCF
2532355307,5494980,3,pierna,midstance,-0.3123,-0.5613,-0.4066,60.1196,-54.6265,-6.5308,t002,MADCF
2532355308,5494996,3,pierna,midstance,-0.4512,-0.3562,-0.3666,9.7046,-91.1865,-24.0478,t002,MADCF
2532355379,5495012,3,pierna,midstance,-0.8851,-0.0122,-0.3536,-11.4746,-106.9336,-25.0854,t002,MADCF
2532355380,5495028,3,pierna,midstance,-1.0564,0.0579,-0.3735,-33.8745,-120.3613,-35.1563,t002,MADCF
2532355381,5495045,3,pierna,midstance,-1.1185,0.0829,-0.3192,-44.3726,-118.5303,-44.9829,t002,MADCF
2532355381,5495061,3,pierna,midstance,-1.0393,0.1648,-0.2925,-69.0308,-114.4409,-65.2466,t002,MADCF
2532355382,5495077,3,pierna,midstance,-1.0139,0.2354,-0.2987,-65.3076,-105.5908,-62.6221,t002,MADCF
2532355459,5495093,3,pierna,midstance,-0.9562,0.3218,-0.2942,-42.9687,-99.0601,-43.9453,t002,MADCF
2532355459,5495109,3,pierna,midstance,-0.9249,0.2422,-0.2712,24.5972,-93.1396,1.1597,t002,MADCF
2532355460,5495125,3,pierna,midstance,-0.8661,-0.0857,-0.1926,49.9878,-95.5200,8.3618,t002,MADCF
2532355460,5495141,3,pierna,midstance,-0.8214,-0.2777,-0.1913,46.5698,-108.5205,-3.0518,t002,MADCF
2532355533,5495158,3,pierna,midstance,-0.8694,-0.3151,-0.1870,1.5869,-113.2812,-15.3809,t002,MADCF
2532355533,5495174,3,pierna,terminal,-0.9082,-0.2563,-0.1968,-16.2964,-116.0889,-24.2310,t002,MADCF
2532355534,5495190,3,pierna,terminal,-0.9279,-0.0885,-0.3181,-31.1890,-115.6006,-31.8603,t002,MADCF
2532355534,5495206,3,pierna,terminal,-0.9087,-0.0204,-0.3450,-19.7144,-103.3325,-28.5645,t002,MADCF
2532355535,5495223,3,pierna,terminal,-0.8097,-0.0099,-0.2665,-11.5967,-97.9614,-22.7661,t002,MADCF
2532355615,5495239,3,pierna,terminal,-0.8235,-0.1086,-0.2166,-0.9766,-100.6470,-15.1978,t002,MADCF
2532355616,5495255,3,pierna,terminal,-0.9000,-0.2703,-0.1901,-1.2207,-102.1118,-16.3574,t002,MADCF
2532355616,5495271,3,pierna,terminal,-0.9950,-0.2026,-0.1455,-16.1133,-102.1728,-23.0713,t002,MADCF
2532355616,5495288,3,pierna,terminal,-1.0194,-0.1198,-0.1240,-37.0483,-100.5249,-29.6020,t002,MADCF
2532355616,5495304,3,pierna,terminal,-1.0247,0.0322,-0.0754,-45.7153,-98.3887,-32.1045,t002,MADCF
2532355692,5495320,3,pierna,terminal,-1.0605,0.0150,-0.0779,-68.1152,-98.5718,-31.1890,t002,MADCF
2532355693,5495336,3,pierna,swing,-1.1285,-0.1552,-0.1967,-80.2002,-97.7783,-29.2358,t002,MADCF
2532355693,5495352,3,pierna,swing,-1.1040,-0.1304,-0.2236,-89.2944,-78.5522,-28.3813,t002,MADCF
2532355694,5495368,3,pierna,swing,-1.0874,-0.1119,-0.1941,-90.0879,-57.4951,-19.3481,t002,MADCF
2532355694,5495384,3,pierna,swing,-1.1262,-0.1066,-0.1364,-88.6841,-51.6968,-14.2212,t002,MADCF
2532355776,5495401,3,pierna,swing,-1.2198,-0.1160,-0.0872,-81.6650,-39.0625,-3.0518,t002,MADCF
2532355776,5495417,3,pierna,swing,-1.4004,-0.2528,0.0983,-79.2847,-28.9307,5.8594,t002,MADCF
2532355776,5495433,3,pierna,swing,-1.4941,-0.4727,0.5148,-73.0591,-5.6152,19.7144,t002,MADCF
2532355777,5495449,3,pierna,swing,-1.6570,-0.5988,0.7271,-50.7202,14.3433,31.2500,t002,MADCF
2532355777,5495465,3,pierna,swing,-1.9191,-0.7435,0.5538,-44.4336,30.6396,40.5273,t002,MADCF
2532355852,5495481,3,pierna,swing,-1.8722,-0.6497,0.1327,-22.7051,74.1577,75.1343,t002,MADCF
2532355853,5495497,3,pierna,swing,-1.6279,0.2170,-0.7087,-43.8232,81.2378,73.4253,t002,MADCF
2532355853,5495513,3,pierna,swing,-1.4866,0.5015,-1.1018,-124.6948,88.1958,28.5645,t002,MADCF
2532355854,5495529,3,pierna,swing,-1.6849,0.3458,-1.1616,-51.3306,131.4697,20.5688,t002,MADCF
2532355855,5495545,3,pierna,swing,-1.9065,0.0330,-1.1531,12.4512,148.3154,31.2500,t002,MADCF
2532355933,5495561,3,pierna,swing,-1.7771,-0.0820,-1.1747,70.9839,146.9727,33.0811,t002,MADCF
2532355934,5495577,3,pierna,swing,-1.4884,-0.2367,-1.3064,64.9414,152.8931,31.6772,t002,MADCF
2532355934,5495592,3,pierna,swing,-1.1345,-0.5532,-0.8474,27.5879,214.3555,54.0161,t002,MADCF
2532355934,5495608,3,pierna,swing,-1.0634,-0.6201,-0.9574,12.3901,219.9097,33.2642,t002,MADCF
2532355961,5495624,3,pierna,swing,-1.1093,-0.5055,-1.1290,1.7700,222.4731,21.7895,t002,MADCF
2532356009,5495640,3,pierna,swing,-1.0217,-0.3466,-1.0197,-28.6255,232.6050,3.3569,t002,MADCF
2532356010,5495656,3,pierna,swing,-0.7689,-0.0902,-0.8245,-27.0996,231.3232,0.6104,t002,MADCF
2532356010,5495672,3,pierna,swing,-0.6317,-0.1154,-0.7836,2.9907,191.9556,-14.1602,t002,MADCF
2532356011,5495688,3,pierna,swing,-0.4388,-0.0977,-0.9340,14.5874,173.7060,-17.1509,t002,MADCF
2532356090,5495704,3,pierna,swing,-0.2225,-0.1039,-0.8640,20.0806,158.2642,-4.7607,t002,MADCF
2532356090,5495720,3,pierna,swing,-0.1675,-0.1064,-0.8992,31.0669,133.6060,7.8735,t002,MADCF
2532356091,5495736,3,pierna,swing,0.0074,-0.1676,-0.8596,36.6211,123.2300,10.1318,t002,MADCF
2532356168,5495752,3,pierna,swing,0.0812,-0.2028,-0.8119,31.1279,89.8437,5.6763,t002,MADCF
2532356169,5495768,3,pierna,swing,0.0299,-0.1653,-0.8239,23.0103,70.5566,-4.1504,t002,MADCF
2532356169,5495784,3,pierna,swing,-0.0170,0.0795,-0.9597,14.4653,48.4009,-34.9121,t002,MADCF
2532356169,5495800,3,pierna,swing,-0.0040,0.1704,-0.9000,4.7607,41.9311,-40.9546,t002,MADCF
2532356227,5495816,3,pierna,swing,-0.0508,0.1960,-0.2874,-5.7373,27.8931,-41.6260,t002,MADCF
2532356249,5495832,3,pierna,swing,-0.3417,0.3278,0.0812,-32.2876,16.4185,-81.8481,t002,MADCF
2532356249,5495848,3,pierna,swing,-1.0162,0.6010,0.4489,-46.5088,29.2969,-114.1357,t002,MADCF
2532356267,5495864,3,pierna,swing,-1.5262,0.0444,0.4977,-42.3584,16.4795,-100.0366,t002,MADCF
2532356325,5495880,3,pierna,swing,-2.0221,-0.3130,0.8733,100.5859,85.5713,54.3213,t002,MADCF
2532356326,5495896,3,pierna,swing,-1.3947,-0.9801,1.8109,183.3496,148.3154,96.9238,t002,MADCF
2532356327,5495912,3,pierna,swing,-0.6998,-1.0454,1.9540,195.3125,75.9888,84.7168,t002,MADCF
2532356398,5495928,3,pierna,swing,-0.3928,-1.1129,1.0543,164.3066,-22.7661,78.9185,t002,MADCF
2532356406,5495944,3,pierna,swing,-0.3407,-1.0231,-0.3735,92.0410,-135.4980,31.1279,t002,MADCF
2532356406,5495960,3,pierna,swing,-0.6328,-0.9790,-0.2542,4.8218,-117.1875,-39.6729,t002,MADCF
2532356407,5495976,3,pierna,swing,-1.4611,-0.6964,0.3350,-18.5547,-97.9614,-28.2593,t002,MADCF
2532356481,5495992,3,pierna,swing,-1.4166,-0.4591,-0.3813,-82.5806,-63.9648,-19.2871,t002,MADCF
2532356481,5496008,3,pierna,loading,-1.2549,-0.4473,-0.4377,-93.9331,-0.2441,-23.8037,t002,MADCF
2532356481,5496024,3,pierna,loading,-0.9039,-0.3634,-0.2670,-87.2192,8.6670,-44.7388,t002,MADCF
2532356484,5496040,3,pierna,loading,-0.9165,-0.2228,-0.6666,-125.3052,-109.9853,-76.2329,t002,MADCF
2532356484,5496056,3,pierna,loading,-0.9547,0.7020,-1.1691,-141.2964,-129.0283,-91.8579,t002,MADCF
2532356544,5496072,3,pierna,loading,-0.9358,1.1298,-1.3953,-74.7070,-113.5864,-86.4868,t002,MADCF
2532356565,5496089,3,pierna,loading,-0.9303,0.8411,-1.1669,-0.3052,-83.1299,-52.3071,t002,MADCF
2532356566,5496105,3,pierna,loading,-0.8732,0.1794,-0.7130,85.9985,-54.1382,-0.7935,t002,MADCF
2532356567,5496121,3,pierna,loading,-0.9690,0.0347,-0.6852,92.7124,-76.0498,5.7373,t002,MADCF
2532356643,5496137,3,pierna,loading,-1.0031,-0.1622,-0.5850,90.5762,-81.3599,1.8311,t002,MADCF
2532356643,5496153,3,pierna,loading,-0.9188,-0.2360,-0.4615,70.6177,-85.8154,-8.6670,t002,MADCF
2532356644,5496169,3,pierna,midstance,-0.8351,-0.2200,-0.3405,57.3730,-93.8110,-13.6108,t002,MADCF
2532356644,5496185,3,pierna,midstance,-0.9495,-0.2742,-0.2880,40.8936,-104.5532,-13.2446,t002,MADCF
2532356645,5496201,3,pierna,midstance,-0.9835,-0.3462,-0.2346,18.6768,-103.6987,-16.2964,t002,MADCF
2532356647,5496217,3,pierna,midstance,-0.9553,-0.3567,-0.1874,0.8545,-102.7222,-27.0386,t002,MADCF
2532356648,5496233,3,pierna,midstance,-0.9386,-0.2600,-0.1947,-34.0576,-105.0415,-47.4853,t002,MADCF
2532356649,5496249,3,pierna,midstance,-0.8933,0.0399,-0.2449,-41.5649,-107.1167,-49.4995,t002,MADCF
2532356649,5496265,3,pierna,midstance,-0.8995,0.1993,-0.2048,-34.1797,-105.0415,-34.9121,t002,MADCF
2532356650,5496282,3,pierna,midstance,-0.8962,0.1460,-0.1753,-13.9770,-109.8633,-21.7895,t002,MADCF
2532356650,5496298,3,pierna,midstance,-0.9391,-0.0396,-0.1658,-7.2632,-110.4736,-16.6626,t002,MADCF
2532356731,5496314,3,pierna,midstance,-0.9872,-0.1355,-0.1460,-12.3291,-105.7129,-4.5166,t002,MADCF
2532356732,5496330,3,pierna,midstance,-1.0442,-0.2030,-0.2095,-14.8315,-105.1025,-4.1504,t002,MADCF
2532356732,5496346,3,pierna,midstance,-0.9612,-0.0895,-0.3275,-16.0522,-92.8955,-10.3149,t002,MADCF
2532356733,5496362,3,pierna,midstance,-0.8892,-0.0630,-0.3544,-11.9019,-75.3174,-8.6060,t002,MADCF
2532356733,5496379,3,pierna,midstance,-0.7496,-0.1449,-0.3732,-10.0098,-71.8384,-6.5918,t002,MADCF
2532356733,5496395,3,pierna,midstance,-0.7369,-0.1638,-0.3949,-10.7422,-79.0405,-13.5498,t002,MADCF
2532356734,5496411,3,pierna,midstance,-0.8741,-0.0883,-0.4614,-15.9302,-83.7402,-19.4702,t002,MADCF
2532356734,5496427,3,pierna,midstance,-0.9377,-0.0386,-0.4025,-36.9263,-86.0596,-24.4141,t002,MADCF
2532356810,5496443,3,pierna,midstance,-0.8909,-0.0316,-0.2975,-50.8423,-87.5854,-24.9023,t002,MADCF
2532356811,5496460,3,pierna,terminal,-0.9355,-0.1058,-0.0928,-51.5747,-91.2476,-24.8413,t002,MADCF
2532356812,5496476,3,pierna,terminal,-1.0433,-0.1925,-0.0518,-56.9458,-97.9614,-19.8975,t002,MADCF
2532356812,5496492,3,pierna,terminal,-1.1630,-0.2505,-0.1072,-65.4297,-85.5102,-15.6860,t002,MADCF
2532356812,5496508,3,pierna,terminal,-1.0914,-0.1726,-0.2103,-64.1479,-71.6553,-12.2070,t002,MADCF
2532356896,5496525,3,pierna,terminal,-1.0701,-0.1409,-0.2600,-55.7251,-52.9175,-3.5400,t002,MADCF
2532356896,5496541,3,pierna,terminal,-1.1005,-0.0653,-0.2399,-53.8330,-48.0957,0.2441,t002,MADCF
2532356897,5496557,3,pierna,terminal,-1.2194,-0.1304,0.0167,-55.8472,-37.8418,7.1411,t002,MADCF
2532356897,5496573,3,pierna,terminal,-1.3103,-0.1825,0.2056,-63.3545,-21.9727,15.9302,t002,MADCF
2532356897,5496589,3,pierna,terminal,-1.5490,-0.4813,0.6484,-60.7300,-14.0381,23.7427,t002,MADCF
2532356977,5496605,3,pierna,terminal,-1.6925,-0.6633,0.8004,-45.5322,5.1270,38.6353,t002,MADCF
2532356978,5496621,3,pierna,terminal,-1.8773,-0.7054,0.3519,-44.7388,23.5596,44.3726,t002,MADCF
2532356978,5496637,3,pierna,terminal,-1.8256,-0.3186,-0.0537,-58.2275,73.6084,37.9028,t002,MADCF
2532357038,5496653,3,pierna,terminal,-1.5731,0.7863,-0.7413,-81.2378,88.1348,26.1841,t002,MADCF
2532357058,5496669,3,pierna,terminal,-1.6290,0.5897,-1.2676,-70.8008,105.6518,19.8364,t002,MADCF
2532357059,5496685,3,pierna,terminal,-1.7924,0.2983,-1.3320,39.7339,151.4282,45.2881,t002,MADCF
2532357059,5496700,3,pierna,swing,-1.8712,-0.2655,-1.2870,87.2803,160.8276,54.1992,t002,MADCF
2532357060,5496716,3,pierna,swing,-1.7451,-0.3317,-1.4104,93.2007,147.0337,44.4336,t002,MADCF
2532357060,5496732,3,pierna,swing,-1.3633,-0.4390,-1.1873,58.1665,160.2783,44.6777,t002,MADCF
2532357109,5496748,3,pierna,swing,-1.1747,-0.3375,-1.0404,1.0986,206.1157,39.2456,t002,MADCF
2532357137,5496764,3,pierna,swing,-1.1477,-0.2715,-1.1495,3.7842,220.9473,22.4609,t002,MADCF
2532357137,5496780,3,pierna,swing,-1.0902,-0.1604,-1.1639,9.3994,227.9053,14.7705,t002,MADCF
2532357139,5496796,3,pierna,swing,-0.9607,-0.1366,-1.0950,16.5405,248.8403,8.0566,t002,MADCF
2532357140,5496812,3,pierna,swing,-0.6165,-0.1616,-0.8800,23.0103,240.6616,0.9155,t002,MADCF
2532357221,5496828,3,pierna,swing,-0.4530,-0.1608,-0.8561,45.2270,201.1108,-12.7563,t002,MADCF
2532357222,5496844,3,pierna,swing,-0.3407,-0.1125,-0.8811,47.3022,167.2973,-3.7842,t002,MADCF
2532357223,5496860,3,pierna,swing,-0.2694,0.0051,-0.9755,49.3164,161.1328,10.6812,t002,MADCF
2532357299,5496876,3,pierna,swing,-0.1910,-0.0615,-0.9335,69.5801,147.7051,29.9683,t002,MADCF
2532357300,5496892,3,pierna,swing,-0.0359,-0.3147,-0.8483,78.4912,135.8032,34.9731,t002,MADCF
2532357302,5496908,3,pierna,swing,-0.0061,-0.4191,-0.7743,63.1103,114.0137,30.8838,t002,MADCF
2532357303,5496924,3,pierna,swing,-0.1010,-0.3336,-0.7186,39.9170,101.9897,16.0522,t002,MADCF
2532357376,5496940,3,pierna,swing,-0.1669,0.0315,-0.7880,-2.3804,78.9795,-25.3906,t002,MADCF
2532357384,5496956,3,pierna,swing,-0.1552,0.2168,-0.7839,-12.5732,67.2607,-43.7622,t002,MADCF
2532357385,5496972,3,pierna,swing,-0.1163,0.1847,-0.4116,-16.5405,57.4951,-42.5415,t002,MADCF
2532357385,5496988,3,pierna,swing,-0.1720,0.1511,-0.1035,-22.8271,29.7852,-72.0825,t002,MADCF
2532357386,5497004,3,pierna,swing,-0.7111,0.3956,0.1578,-18.0664,23.5596,-94.8486,t002,MADCF
2532357463,5497020,3,pierna,swing,-1.3160,-0.0116,0.1310,0.9766,21.2402,-79.6509,t002,MADCF
2532357464,5497036,3,pierna,loading,-1.7378,-0.3752,0.4552,71.2891,57.6172,21.9116,t002,MADCF
2532357464,5497052,3,pierna,loading,-1.7371,-1.1023,1.7838,123.8403,110.9619,64.9414,t002,MADCF
2532357464,5497067,3,pierna,loading,-1.1807,-1.3307,2.0210,115.2344,95.2759,53.3447,t002,MADCF
2532357465,5497083,3,pierna,loading,-0.6733,-0.7992,1.4805,69.7021,24.5972,30.0293,t002,MADCF
2532357467,5497099,3,pierna,loading,-0.5159,-0.6292,0.2793,29.6020,-89.0503,19.5923,t002,MADCF
2532357467,5497115,3,pierna,loading,-0.3947,-0.5714,-0.2617,7.3242,-129.0894,-17.6392,t002,MADCF
2532357468,5497131,3,pierna,loading,-0.9752,-0.4349,-0.1095,-7.9956,-116.8823,-27.5879,t002,MADCF
2532357468,5497147,3,pierna,loading,-1.4893,-0.3583,0.6656,13.0615,-32.5317,-3.4790,t002,MADCF
2532357469,5497163,3,pierna,loading,-1.3921,-0.2465,-0.0995,50.7812,-43.3960,3.9062,t002,MADCF
2532357549,5497179,3,pierna,loading,-1.4104,-0.3757,-0.8109,42.4194,-2.3193,-6.0425,t002,MADCF
2532357549,5497195,3,pierna,loading,-0.9858,-0.6080,-0.5415,-63.9648,10.8032,-49.0112,t002,MADCF
2532357550,5497211,3,pierna,loading,-0.4889,-0.0663,-0.8571,-108.0933,-57.6172,-64.6973,t002,MADCF
2532357550,5497227,3,pierna,loading,-0.4877,0.2123,-0.8853,-140.9912,-120.9717,-65.5518,t002,MADCF
2532357550,5497243,3,pierna,loading,-0.9625,0.7885,-0.9933,-110.2905,-118.9575,-77.5757,t002,MADCF
2532357628,5497260,3,pierna,loading,-1.2534,0.9471,-1.0472,11.0474,-86.3037,-74.1577,t002,MADCF
2532357628,5497276,3,pierna,loading,-1.2715,0.2372,-0.7480,76.7212,-41.6260,3.9673,t002,MADCF
2532357630,5497292,3,pierna,loading,-0.8524,-0.3925,-0.3265,82.7637,-38.8794,12.2070,t002,MADCF
2532357631,5497308,3,pierna,loading,-0.7020,-0.4076,-0.1915,66.7114,-60.6689,-8.4229,t002,MADCF
2532357631,5497324,3,pierna,loading,-0.6404,-0.2930,-0.2079,42.2974,-78.4912,-20.8130,t002,MADCF
2532357713,5497340,3,pierna,loading,-0.7616,-0.1620,-0.2488,-22.3999,-116.5161,-38.5742,t002,MADCF
2532357714,5497356,3,pierna,loading,-1.0040,0.0522,-0.3118,-59.2041,-124.5117,-40.0391,t002,MADCF
2532357714,5497372,3,pierna,loading,-1.0798,0.1558,-0.2535,-57.1899,-115.9668,-38.1470,t002,MADCF
2532357792,5497388,3,pierna,loading,-1.0529,0.1479,-0.2286,-26.9165,-101.9287,-29.7241,t002,MADCF
2532357792,5497404,3,pierna,loading,-1.0045,0.0317,-0.2682,-9.2163,-96.6797,-22.2168,t002,MADCF
2532357793,5497420,3,pierna,midstance,-0.8469,-0.0581,-0.2678,7.0801,-88.0737,-8.1787,t002,MADCF
2532357793,5497437,3,pierna,midstance,-0.8314,-0.0709,-0.2781,-0.1221,-93.8721,-6.7139,t002,MADCF
2532357793,5497453,3,pierna,midstance,-0.7472,-0.1423,-0.2994,-6.6528,-103.1494,-13.7939,t002,MADCF
2532357794,5497469,3,pierna,midstance,-0.7078,-0.1042,-0.3611,-35.3394,-124.7559,-19.5923,t002,MADCF
2532357796,5497485,3,pierna,midstance,-0.8807,-0.0648,-0.4897,-46.3257,-133.5449,-20.2026,t002,MADCF
2532357879,5497501,3,pierna,midstance,-1.0126,-0.0135,-0.5811,-52.7954,-142.0898,-24.2310,t002,MADCF
2532357879,5497518,3,pierna,midstance,-1.0062,0.0192,-0.5876,-37.0483,-121.5210,-14.4653,t002,MADCF
2532357880,5497534,3,pierna,midstance,-0.8613,0.0032,-0.4703,-16.2964,-100.4028,-10.4980,t002,MADCF
2532357880,5497550,3,pierna,midstance,-0.7765,-0.0676,-0.3392,22.3389,-72.2046,-9.3994,t002,MADCF
2532357880,5497566,3,pierna,midstance,-0.8297,-0.1155,-0.1470,30.2734,-71.6553,-9.6436,t002,MADCF
2532357957,5497582,3,pierna,midstance,-0.9530,-0.0613,-0.1375,33.5083,-76.5991,-9.5825,t002,MADCF
2532357958,5497598,3,pierna,terminal,-1.0128,-0.1024,-0.1207,21.2402,-77.9419,-12.4512,t002,MADCF
2532357959,5497614,3,pierna,terminal,-1.0049,-0.2103,-0.0789,5.1880,-80.8105,-14.8926,t002,MADCF
2532357959,5497630,3,pierna,terminal,-0.9701,-0.2157,-0.0723,-30.6396,-88.8672,-20.8740,t002,MADCF
2532357959,5497646,3,pierna,terminal,-1.0127,-0.2849,-0.1067,-47.1191,-93.3227,-21.6064,t002,MADCF
2532357981,5497662,3,pierna,terminal,-1.1454,-0.2460,-0.1924,-73.9746,-96.6797,-20.8130,t002,MADCF
2532358044,5497679,3,pierna,terminal,-1.1776,-0.1400,-0.1970,-78.4912,-78.7354,-22.9492,t002,MADCF
2532358045,5497695,3,pierna,terminal,-1.1193,0.0034,-0.2445,-73.1812,-67.8711,-20.3857,t002,MADCF
2532358045,5497711,3,pierna,terminal,-1.1035,-0.0496,-0.2540,-58.3496,-46.3867,-7.7515,t002,MADCF
2532358046,5497727,3,pierna,terminal,-1.1906,-0.1206,-0.1593,-55.3589,-38.3301,0.0000,t002,MADCF
2532358046,5497743,3,pierna,terminal,-1.3108,-0.3280,0.0728,-58.5327,-26.3062,19.8975,t002,MADCF
2532358125,5497759,3,pierna,terminal,-1.4259,-0.4369,0.2023,-64.1479,-9.4604,25.6958,t002,MADCF
2532358125,5497775,3,pierna,terminal,-1.7419,-0.5715,0.5211,-64.0869,3.5400,23.9258,t002,MADCF
2532358126,5497791,3,pierna,terminal,-1.9006,-0.6071,0.6364,-39.4897,51.2695,33.1421,t002,MADCF
2532358144,5497807,3,pierna,terminal,-1.8066,-0.5769,0.1362,-11.0474,75.3174,53.1006,t002,MADCF
2532358207,5497823,3,pierna,terminal,-1.3833,0.1089,-0.5255,-22.3999,94.2383,74.0356,t002,MADCF
2532358208,5497839,3,pierna,terminal,-1.2789,0.4625,-0.7909,-132.0190,79.3457,12.8174,t002,MADCF
2532358208,5497855,3,pierna,terminal,-1.7131,0.5220,-1.2877,-132.9956,80.9936,-3.1738,t002,MADCF
2532358285,5497870,3,pierna,terminal,-1.9177,0.2394,-1.3619,-24.1089,128.4180,28.6255,t002,MADCF
2532358287,5497886,3,pierna,terminal,-1.7242,-0.2173,-1.2363,28.7476,142.8223,39.1846,t002,MADCF
2532358288,5497902,3,pierna,terminal,-1.5228,-0.2087,-1.2401,54.1992,141.1133,22.5220,t002,MADCF
2532358288,5497918,3,pierna,terminal,-1.2512,-0.1914,-1.1144,41.9311,155.2124,25.7568,t002,MADCF
2532358370,5497934,3,pierna,terminal,-1.1494,-0.4442,-1.0349,24.0478,208.8013,41.6870,t002,MADCF
2532358370,5497950,3,pierna,terminal,-1.0319,-0.4565,-1.0935,16.1743,215.1489,14.3433,t002,MADCF
2532358371,5497966,3,pierna,terminal,-0.9998,-0.2297,-1.1238,4.8828,213.6841,-0.1831,t002,MADCF
2532358371,5497982,3,pierna,terminal,-0.9174,-0.0597,-1.0687,-8.7891,230.1025,-8.5449,t002,MADCF
2532358429,5497998,3,pierna,terminal,-0.6212,-0.0651,-0.8433,1.0376,229.1870,-7.0190,t002,MADCF
2532358450,5498014,3,pierna,terminal,-0.3507,-0.0615,-0.8428,28.9307,181.0303,-13.1226,t002,MADCF
2532358451,5498030,3,pierna,terminal,-0.3152,0.0078,-0.8868,46.4478,151.8555,-11.0474,t002,MADCF
2532358451,5498046,3,pierna,terminal,-0.3188,0.0818,-0.9039,61.3403,147.1558,-6.0425,t002,MADCF
2532358451,5498062,3,pierna,terminal,-0.2902,-0.0438,-0.9072,104.6753,136.7187,12.3291,t002,MADCF
2532358452,5498078,3,pierna,terminal,-0.0819,-0.3170,-0.8029,115.3564,131.5918,19.8364,t002,MADCF
2532358532,5498094,3,pierna,terminal,-0.0950,-0.3223,-0.7189,83.4351,122.4365,19.8364,t002,MADCF
2532358532,5498110,3,pierna,terminal,-0.1536,-0.2301,-0.7040,34.8511,105.5908,-9.0332,t002,MADCF
2532358533,5498126,3,pierna,terminal,-0.1366,0.0012,-0.7130,21.3623,91.6138,-24.4141,t002,MADCF
2532358533,5498142,3,pierna,terminal,-0.0864,0.0745,-0.6738,-8.4229,59.5703,-40.2222,t002,MADCF
2532358613,5498158,3,pierna,terminal,-0.0535,0.0660,-0.2867,-31.9824,37.5977,-50.3540,t002,MADCF
2532358613,5498174,3,pierna,terminal,-0.1715,0.1178,-0.0840,-50.8423,1.2207,-87.3413,t002,MADCF
2532358614,5498190,3,pierna,terminal,-0.8953,0.3345,0.1923,-41.7480,4.0894,-101.4404,t002,MADCF
2532358614,5498205,3,pierna,terminal,-1.5414,-0.0088,0.2673,-14.2822,20.5688,-75.5615,t002,MADCF
2532358615,5498221,3,pierna,terminal,-1.8555,-0.3652,0.5717,59.5703,69.7021,17.5171,t002,MADCF
2532358697,5498237,3,pierna,terminal,-1.5253,-0.9750,1.6511,101.3794,112.7930,50.2319,t002,MADCF
2532358697,5498253,3,pierna,terminal,-0.9858,-1.1006,1.9457,96.9849,91.0644,33.3862,t002,MADCF
2532358698,5498269,3,pierna,terminal,-0.5764,-0.5021,1.5294,72.2046,28.1372,13.9770,t002,MADCF
2532358764,5498285,3,pierna,terminal,-0.6193,-0.3726,0.4918,70.8618,-72.4487,18.7988,t002,MADCF
2532358777,5498301,3,pierna,loading,-0.4542,-0.2462,-0.1290,90.4541,-116.3330,-5.5542,t002,MADCF
2532358780,5498317,3,pierna,loading,-0.3926,-0.3163,-0.8339,80.5054,-137.0239,-22.3389,t002,MADCF
2532358781,5498333,3,pierna,loading,-1.0865,-0.9149,-0.0776,52.6733,-60.7300,21.3013,t002,MADCF
2532358781,5498349,3,pierna,loading,-1.5995,-0.9541,0.2136,32.2876,-27.9541,32.7148,t002,MADCF
2532358857,5498365,3,pierna,loading,-1.4055,-0.4816,-0.4803,-59.8144,-14.9536,-25.5127,t002,MADCF
2532358866,5498381,3,pierna,loading,-1.1061,-0.2021,-0.1531,-88.9893,-13.4888,-49.0112,t002,MADCF
2532358866,5498397,3,pierna,loading,-0.9805,-0.3671,-0.5627,-87.1582,-69.5801,-52.4902,t002,MADCF
2532358867,5498413,3,pierna,loading,-1.0762,-0.1045,-0.8809,-70.1904,-133.6670,-59.6313,t002,MADCF
2532358949,5498430,3,pierna,loading,-1.0370,0.7471,-1.0939,-54.1382,-113.2202,-67.0776,t002,MADCF
2532358950,5498446,3,pierna,loading,-0.8096,0.7124,-0.8690,1.8921,-52.4292,-57.6172,t002,MADCF
2532358950,5498462,3,pierna,loading,-0.8098,0.3644,-0.6821,41.3208,-50.1709,-13.8550,t002,MADCF
2532358950,5498478,3,pierna,loading,-0.9259,0.0159,-0.5718,42.9077,-63.1714,-5.9814,t002,MADCF
2532359031,5498494,3,pierna,loading,-1.0083,-0.0500,-0.5447,52.6123,-77.8198,-1.1597,t002,MADCF
2532359031,5498510,3,pierna,loading,-0.9999,-0.4149,-0.5007,58.3496,-77.8198,1.6479,t002,MADCF
2532359032,5498526,3,pierna,loading,-0.7953,-0.4026,-0.2802,29.2358,-82.2754,-11.5356,t002,MADCF
2532359032,5498542,3,pierna,midstance,-0.7900,-0.3003,-0.2227,-29.0527,-106.7505,-36.0718,t002,MADCF
2532359033,5498558,3,pierna,midstance,-0.8601,-0.0325,-0.2198,-55.9692,-118.2251,-50.5371,t002,MADCF
2532359033,5498575,3,pierna,midstance,-0.9386,0.1583,-0.2972,-80.7495,-115.2344,-62.4390,t002,MADCF
2532359033,5498591,3,pierna,midstance,-0.9720,0.2401,-0.2657,-78.1860,-102.7222,-58.2886,t002,MADCF
2532359034,5498607,3,pierna,midstance,-0.9275,0.2448,-0.2288,-50.5371,-83.6792,-33.8745,t002,MADCF
2532359111,5498623,3,pierna,midstance,-0.8793,0.1309,-0.1516,-21.7285,-88.9893,-6.4697,t002,MADCF
2532359113,5498639,3,pierna,midstance,-0.8580,-0.1841,-0.1838,-26.4893,-109.8633,1.1597,t002,MADCF
2532359114,5498656,3,pierna,terminal,-0.9830,-0.0884,-0.1833,-52.1240,-140.2588,1.8311,t002,MADCF
2532359115,5498672,3,pierna,terminal,-1.0729,0.3519,-0.3711,-22.4609,-111.8774,-11.9019,t002,MADCF
2532359115,5498688,3,pierna,terminal,-0.9493,-0.0709,-0.2059,42.9077,-45.6543,-9.8877,t002,MADCF
2532359116,5498704,3,pierna,terminal,-0.8656,-0.3212,-0.2063,27.5879,-60.3027,-1.5869,t002,MADCF
2532359196,5498720,3,pierna,terminal,-0.7963,-0.4673,-0.3618,9.8267,-69.0918,-4.0283,t002,MADCF
2532359197,5498736,3,pierna,terminal,-0.7955,-0.3872,-0.3916,-16.9067,-67.3828,-13.7939,t002,MADCF
2532359197,5498753,3,pierna,terminal,-0.8058,-0.1140,-0.3873,-25.9399,-65.4297,-19.8975,t002,MADCF
2532359198,5498769,3,pierna,terminal,-0.8066,0.0269,-0.4896,-25.4517,-68.3594,-20.6909,t002,MADCF
2532359262,5498785,3,pierna,terminal,-0.7950,0.0385,-0.5297,-24.5361,-74.3408,-20.3247,t002,MADCF
2532359276,5498801,3,pierna,terminal,-0.7815,0.0472,-0.4885,-25.5737,-77.2095,-19.7754,t002,MADCF
2532359278,5498817,3,pierna,terminal,-0.8922,0.0303,-0.4384,-25.5737,-87.6465,-19.2871,t002,MADCF
2532359278,5498833,3,pierna,terminal,-0.9753,-0.0151,-0.4160,-25.2075,-93.3227,-15.0146,t002,MADCF
2532359360,5498849,3,pierna,terminal,-1.0260,-0.1309,-0.2427,-27.2217,-91.0034,-11.9019,t002,MADCF
2532359361,5498866,3,pierna,terminal,-1.0101,-0.1959,-0.1165,-41.0767,-88.1958,-11.2305,t002,MADCF
2532359361,5498882,3,pierna,swing,-1.0731,-0.2262,-0.0537,-49.4385,-88.9282,-12.3901,t002,MADCF
2532359362,5498898,3,pierna,swing,-1.1666,-0.1384,-0.1443,-59.7534,-73.8525,-15.3198,t002,MADCF
2532359362,5498915,3,pierna,swing,-1.1591,-0.1024,-0.1761,-64.3921,-54.3213,-2.1973,t002,MADCF
2532359363,5498931,3,pierna,swing,-1.1243,-0.1964,-0.1653,-60.6689,-50.3540,5.9814,t002,MADCF
2532359427,5498947,3,pierna,swing,-1.1517,-0.1749,-0.1122,-56.7017,-48.8892,7.9346,t002,MADCF
2532359440,5498963,3,pierna,swing,-1.2631,-0.1932,0.0604,-50.5981,-45.1050,20.2026,t002,MADCF
2532359442,5498980,3,pierna,swing,-1.4679,-0.5161,0.3949,-48.2788,-39.9170,26.6724,t002,MADCF
2532359442,5498996,3,pierna,swing,-1.5931,-0.7018,0.5564,-45.1050,-14.8315,34.9731,t002,MADCF
2532359443,5499012,3,pierna,swing,-1.7186,-0.9432,0.5463,-49.4385,3.4180,40.8936,t002,MADCF
2532359508,5499028,3,pierna,swing,-1.7367,-0.8724,0.1254,-56.5796,31.5552,49.4385,t002,MADCF
2532359524,5499043,3,pierna,swing,-1.6229,0.1340,-0.7169,-82.7637,57.6782,38.7573,t002,MADCF
2532359524,5499060,3,pierna,swing,-1.3446,0.4320,-1.0031,-139.7095,94.4824,24.3530,t002,MADCF
2532359525,5499076,3,pierna,swing,-1.4487,0.2806,-1.0542,-63.1103,110.6567,33.3862,t002,MADCF
2532359525,5499092,3,pierna,swing,-1.6350,-0.0176,-1.1376,-11.5356,117.8589,37.8418,t002,MADCF
2532359551,5499108,3,pierna,swing,-1.6302,-0.0831,-1.1940,44.1894,114.1357,30.0903,t002,MADCF
2532359602,5499124,3,pierna,swing,-1.4489,-0.1423,-1.2585,44.7998,117.5537,26.4282,t002,MADCF
2532359604,5499140,3,pierna,swing,-1.1771,-0.2793,-1.0228,26.6724,159.3628,28.7476,t002,MADCF
2532359605,5499156,3,pierna,swing,-1.0581,-0.3185,-1.0693,7.8125,187.4389,37.4146,t002,MADCF
2532359606,5499172,3,pierna,swing,-0.9780,-0.4426,-1.1289,1.0376,186.2793,33.3862,t002,MADCF
2532359687,5499188,3,pierna,swing,-0.9703,-0.4226,-1.1171,-22.5220,192.0166,-0.9766,t002,MADCF
2532359687,5499204,3,pierna,swing,-0.7678,-0.2614,-0.9810,-36.6211,196.1670,-15.1367,t002,MADCF
2532359687,5499220,3,pierna,swing,-0.6357,-0.0273,-0.9443,-33.8135,187.0117,-33.8135,t002,MADCF
2532359688,5499237,3,pierna,swing,-0.5586,0.0297,-0.8690,-6.4697,176.7578,-36.7432,t002,MADCF
2532359688,5499253,3,pierna,swing,-0.4835,0.1129,-0.8789,13.8550,167.2973,-37.6587,t002,MADCF
2532359688,5499269,3,pierna,swing,-0.4634,0.0900,-0.9105,69.0308,160.7056,-20.9961,t002,MADCF
2532359765,5499285,3,pierna,swing,-0.3268,-0.1078,-0.8776,107.1777,161.3159,15.7471,t002,MADCF
2532359766,5499301,3,pierna,swing,-0.1833,-0.2018,-0.7670,108.8867,158.3862,26.5503,t002,MADCF
2532359767,5499317,3,pierna,swing,-0.1792,-0.1945,-0.7357,91.7969,148.3154,21.1792,t002,MADCF
2532359767,5499333,3,pierna,swing,-0.1902,-0.1538,-0.7345,81.7871,138.3667,10.3760,t002,MADCF
2532359768,5499349,3,pierna,swing,-0.2098,-0.0865,-0.6685,64.3311,112.7930,-7.2632,t002,MADCF
2532359768,5499366,3,pierna,swing,-0.1733,-0.0751,-0.6129,26.5503,65.0024,-32.1045,t002,MADCF
2532359848,5499382,3,pierna,swing,-0.0574,0.0211,-0.4818,-2.3804,36.8652,-47.1802,t002,MADCF
2532359848,5499398,3,pierna,swing,-0.1031,0.0009,-0.3665,-50.0488,3.0518,-56.8848,t002,MADCF
2532359850,5499414,3,pierna,swing,-0.5718,-0.0084,0.0042,-54.2603,3.4790,-56.7627,t002,MADCF
2532359926,5499430,3,pierna,swing,-1.1812,0.0074,0.1821,-26.7334,19.6533,-53.3447,t002,MADCF
2532359926,5499446,3,pierna,loading,-1.4614,-0.1536,0.3610,4.6997,44.6167,-34.2407,t002,MADCF
2532359926,5499462,3,pierna,loading,-1.7223,-0.6122,1.2721,31.0059,76.4771,-16.6016,t002,MADCF
2532359927,5499478,3,pierna,loading,-1.4452,-0.8752,1.6000,82.7026,98.9380,19.2261,t002,MADCF
2532359927,5499494,3,pierna,loading,-0.7179,-0.8693,1.6440,69.1528,68.6035,13.4277,t002,MADCF
2532359929,5499510,3,pierna,loading,-0.5994,-0.5389,1.3481,36.7432,-31.0669,-7.7515,t002,MADCF
2532359931,5499526,3,pierna,loading,-0.5708,-0.2562,0.4904,50.2930,-70.8618,-4.2114,t002,MADCF
2532359931,5499542,3,pierna,loading,-0.4293,0.0925,-0.8375,73.7915,-125.4883,-18.7378,t002,MADCF
2532359931,5499558,3,pierna,loading,-0.6755,-0.1016,-0.9308,64.6973,-102.0508,-11.8408,t002,MADCF
2532359932,5499574,3,pierna,loading,-1.6718,-0.7200,0.8064,74.2188,-30.0903,18.4937,t002,MADCF
2532359984,5499590,3,pierna,loading,-1.4885,-0.2931,0.6110,76.2329,5.3711,12.2070,t002,MADCF
2532360020,5499606,3,pierna,loading,-1.2585,-0.2924,-0.2235,61.2793,6.7139,4.9438,t002,MADCF
2532360021,5499622,3,pierna,loading,-1.3942,-1.0349,-0.4856,27.2217,-32.0435,11.2915,t002,MADCF
2532360022,5499638,3,pierna,loading,-1.4155,-0.9860,-0.7509,-55.8472,-109.8022,-25.8789,t002,MADCF
2532360023,5499654,3,pierna,loading,-0.9110,-0.0436,-1.0439,-91.6138,-113.2202,-64.8804,t002,MADCF
2532360023,5499671,3,pierna,loading,-0.6198,0.3654,-1.1831,-91.7969,-83.8623,-90.6372,t002,MADCF
2532360106,5499687,3,pierna,loading,-0.3524,0.5085,-0.9993,-53.0395,-55.1758,-59.3872,t002,MADCF
2532360106,5499703,3,pierna,midstance,-0.6814,0.4989,-0.7428,-33.3252,-68.6646,-45.8374,t002,MADCF
2532360107,5499719,3,pierna,midstance,-1.0071,0.4973,-0.7714,28.2593,-96.1914,-24.2920,t002,MADCF
2532360108,5499736,3,pierna,midstance,-1.3531,0.0865,-0.6835,50.7202,-91.1255,-14.2212,t002,MADCF
2532360108,5499752,3,pierna,midstance,-0.9783,-0.1759,-0.3490,43.1519,-69.3970,-13.9770,t002,MADCF
2532360110,5499768,3,pierna,midstance,-0.7795,-0.1262,-0.2239,3.4790,-80.3833,-24.2920,t002,MADCF
2532360111,5499784,3,pierna,midstance,-0.7937,-0.1014,-0.2466,-9.8877,-91.7358,-26.0620,t002,MADCF
2532360111,5499800,3,pierna,midstance,-0.8979,-0.0704,-0.2714,-18.4937,-98.9990,-31.5552,t002,MADCF
2532360192,5499817,3,pierna,midstance,-1.0524,0.0172,-0.2853,-15.6250,-95.3369,-34.0576,t002,MADCF
2532360192,5499833,3,pierna,midstance,-0.9915,-0.0078,-0.2469,-11.2305,-83.1909,-32.7148,t002,MADCF
2532360193,5499849,3,pierna,midstance,-0.9276,-0.0732,-0.1957,-17.8833,-80.2612,-24.1699,t002,MADCF
2532360193,5499865,3,pierna,midstance,-0.8949,-0.1935,-0.1729,-22.8882,-84.7778,-20.9961,t002,MADCF
2532360193,5499882,3,pierna,midstance,-0.9561,-0.2045,-0.1598,-34.1187,-87.2803,-20.0195,t002,MADCF
2532360269,5499899,3,pierna,midstance,-0.9231,-0.1470,-0.1084,-45.7764,-88.6230,-30.1514,t002,MADCF
2532360271,5499915,3,pierna,midstance,-0.9152,0.0148,-0.0513,-52.2461,-94.1162,-31.9824,t002,MADCF
2532360272,5499931,3,pierna,midstance,-0.9885,0.0583,-0.1383,-50.6592,-97.5952,-25.8789,t002,MADCF
2532360273,5499947,3,pierna,midstance,-1.0393,-0.0035,-0.3256,-46.3867,-89.9658,-17.6392,t002,MADCF
2532360351,5499964,3,pierna,midstance,-0.8761,-0.1387,-0.3954,-42.1143,-73.3643,-8.3618,t002,MADCF
2532360351,5499980,3,pierna,midstance,-0.8112,-0.1198,-0.4465,-41.5649,-71.0449,-11.7187,t002,MADCF
2532360352,5499996,3,pierna,terminal,-0.7531,-0.0240,-0.5171,-38.7573,-69.6411,-12.7563,t002,MADCF
2532360352,5500012,3,pierna,terminal,-0.7579,0.0100,-0.5079,-28.5645,-66.2231,-10.4370,t002,MADCF
2532360353,5500029,3,pierna,terminal,-0.7800,0.0009,-0.4958,-21.4844,-67.7490,-5.7373,t002,MADCF
2532360427,5500045,3,pierna,terminal,-0.8134,-0.0240,-0.5127,-20.1416,-69.1528,-5.0659,t002,MADCF
2532360430,5500061,3,pierna,terminal,-0.8339,-0.0330,-0.5015,-20.0806,-72.1436,-6.6528,t002,MADCF
2532360431,5500077,3,pierna,terminal,-0.8663,-0.0825,-0.4139,-23.9258,-73.6694,-6.3477,t002,MADCF
2532360431,5500094,3,pierna,terminal,-0.8115,-0.0674,-0.2836,-35.3394,-77.4536,-7.9346,t002,MADCF
2532360465,5500110,3,pierna,terminal,-0.7990,-0.0610,-0.2650,-42.7856,-87.1582,-6.6528,t002,MADCF
2532360511,5500127,3,pierna,terminal,-0.9475,-0.1212,-0.3246,-41.9922,-89.9048,-4.2114,t002,MADCF
2532360512,5500143,3,pierna,terminal,-1.0999,-0.0894,-0.3691,-36.5601,-78.6133,-1.2207,t002,MADCF
2532360512,5500160,3,pierna,terminal,-1.1011,-0.0996,-0.3527,-29.9683,-57.3730,4.0894,t002,MADCF
2532360512,5500176,3,pierna,terminal,-1.0289,-0.1914,-0.2830,-27.5879,-50.7812,6.3477,t002,MADCF
2532360586,5500192,3,pierna,terminal,-1.0255,-0.2550,-0.1786,-32.4707,-47.8516,10.2539,t002,MADCF
2532360587,5500209,3,pierna,swing,-1.2140,-0.3430,0.0985,-39.3677,-50.7812,9.7656,t002,MADCF
2532360587,5500225,3,pierna,swing,-1.4828,-0.4077,0.3586,-45.2881,-45.2270,15.7471,t002,MADCF
2532360588,5500241,3,pierna,swing,-1.6208,-0.6014,0.5270,-46.4478,-20.1416,47.1802,t002,MADCF
2532360589,5500257,3,pierna,swing,-1.6989,-1.1034,0.8016,-57.1899,-10.1318,54.6875,t002,MADCF
2532360591,5500273,3,pierna,swing,-1.6649,-1.0667,0.5496,-98.9380,3.5400,36.1938,t002,MADCF
2532360592,5500289,3,pierna,swing,-1.7316,0.1255,-0.3612,-110.4736,22.2778,13.9770,t002,MADCF
2532360673,5500306,3,pierna,swing,-1.7849,1.2045,-0.9991,-111.2671,81.4819,-2.6855,t002,MADCF
2532360674,5500322,3,pierna,swing,-1.6602,0.9980,-1.2992,-33.9355,103.1494,43.3960,t002,MADCF
2532360675,5500338,3,pierna,swing,-1.5752,0.2604,-1.3185,29.6020,122.3144,69.0918,t002,MADCF
2532360675,5500353,3,pierna,swing,-1.6198,-0.0406,-1.2534,134.7046,142.7612,95.8862,t002,MADCF
2532360675,5500369,3,pierna,swing,-1.4806,-0.1815,-1.4358,142.6392,139.2822,85.8765,t002,MADCF
2532360752,5500385,3,pierna,swing,-1.2297,-0.2119,-1.1097,84.5947,162.4756,60.7300,t002,MADCF
2532360752,5500401,3,pierna,swing,-1.1758,-0.1602,-1.0381,44.4336,198.4253,54.8706,t002,MADCF
2532360754,5500418,3,pierna,swing,-0.9972,-0.2358,-1.2670,42.0532,201.5381,57.0068,t002,MADCF
2532360755,5500433,3,pierna,swing,-0.9252,-0.3776,-1.1954,34.7900,207.2754,38.6963,t002,MADCF
2532360755,5500450,3,pierna,swing,-0.7280,-0.4370,-1.0660,20.8130,207.0312,20.3247,t002,MADCF
2532360834,5500466,3,pierna,swing,-0.6437,-0.2819,-1.0564,-2.1362,210.2051,4.0283,t002,MADCF
2532360835,5500482,3,pierna,swing,-0.5750,-0.1893,-0.9323,-0.1831,199.8291,-5.6152,t002,MADCF
2532360835,5500498,3,pierna,swing,-0.4949,0.0532,-0.8965,9.0332,185.3638,-7.3242,t002,MADCF
2532360835,5500514,3,pierna,swing,-0.4927,0.0371,-0.9169,45.5933,172.9736,13.3057,t002,MADCF
2532360910,5500529,3,pierna,swing,-0.4403,-0.1868,-0.8506,56.7017,171.2646,27.2217,t002,MADCF
2532360913,5500546,3,pierna,swing,-0.3711,-0.3735,-0.7059,53.1006,158.2642,34.3018,t002,MADCF
2532360913,5500561,3,pierna,swing,-0.3483,-0.3876,-0.6763,33.9355,141.6626,11.3525,t002,MADCF
2532360914,5500578,3,pierna,swing,-0.3389,-0.1366,-0.6229,24.7192,136.4746,-0.1831,t002,MADCF
2532360946,5500594,3,pierna,swing,-0.4026,-0.0146,-0.6028,22.7661,128.8452,-5.1270,t002,MADCF
2532360991,5500610,3,pierna,swing,-0.4325,-0.0074,-0.5436,23.2544,121.8262,-7.4463,t002,MADCF
2532360992,5500626,3,pierna,swing,-0.3580,0.0173,-0.4814,-1.4648,93.3227,-31.7383,t002,MADCF
2532360993,5500642,3,pierna,swing,-0.2958,0.0848,-0.4734,-44.6167,52.0630,-55.1758,t002,MADCF
2532360993,5500658,3,pierna,swing,-0.2369,0.0515,-0.3187,-61.3403,34.7900,-55.7861,t002,MADCF
2532361072,5500674,3,pierna,swing,-0.3364,0.0599,-0.1798,-59.1431,23.8647,-60.9131,t002,MADCF
2532361073,5500690,3,pierna,swing,-0.8055,0.1962,0.0920,-39.5508,24.4751,-62.3779,t002,MADCF
2532361073,5500706,3,pierna,loading,-1.1348,0.0291,0.1300,0.7324,25.3906,-52.7954,t002,MADCF
2532361074,5500722,3,pierna,loading,-1.2313,-0.1202,0.3566,20.5688,57.3120,-29.2969,t002,MADCF
2532361074,5500738,3,pierna,loading,-1.1552,-0.4001,1.0831,34.7900,70.3125,-11.5356,t002,MADCF
2532361075,5500754,3,pierna,loading,-0.9767,-0.5076,1.2059,63.9038,42.7856,13.3057,t002,MADCF
2532361077,5500769,3,pierna,loading,-0.8145,-0.5820,1.1008,70.1904,15.7471,19.1040,t002,MADCF
2532361160,5500785,3,pierna,loading,-0.8478,-0.5637,0.9506,81.1157,-29.0527,24.2310,t002,MADCF
2532361161,5500801,3,pierna,loading,-0.7969,-0.5719,0.5448,87.9517,-47.8516,23.9868,t002,MADCF
2532361161,5500817,3,pierna,loading,-0.5974,-0.5624,0.0411,84.7778,-78.6133,9.7656,t002,MADCF
2532361161,5500833,3,pierna,loading,-0.4265,-0.4113,-0.2244,71.3501,-82.8857,-34.4238,t002,MADCF
2532361162,5500849,3,pierna,loading,-0.1207,0.0304,-1.0256,59.2651,-105.8960,-58.7769,t002,MADCF
2532361237,5500865,3,pierna,midstance,-0.6866,-0.2878,-0.6755,-3.8452,-82.0923,-29.3579,t002,MADCF
2532361238,5500882,3,pierna,midstance,-1.8617,-0.7828,1.0179,5.1880,-16.3574,3.6621,t002,MADCF
2532361238,5500897,3,pierna,midstance,-1.7157,-0.5709,0.0984,17.1509,-32.6538,17.2729,t002,MADCF
2532361238,5500913,3,pierna,midstance,-1.7083,-0.8119,-0.1278,-31.4941,-49.1943,2.5635,t002,MADCF
2532361239,5500929,3,pierna,midstance,-1.4110,-0.7301,-0.3187,-67.1997,-63.7207,-31.9214,t002,MADCF
2532361320,5500946,3,pierna,midstance,-0.9893,-0.3380,-0.6372,-108.0933,-101.8066,-74.5239,t002,MADCF
2532361321,5500962,3,pierna,midstance,-0.5648,0.5200,-0.9362,-104.3091,-87.5244,-75.3784,t002,MADCF
2532361322,5500978,3,pierna,midstance,-0.4993,0.9299,-0.7551,-39.4287,-41.9922,-66.7725,t002,MADCF
2532361322,5500995,3,pierna,midstance,-0.6199,0.8947,-0.6204,38.5742,-49.5605,-36.0107,t002,MADCF
2532361322,5501011,3,pierna,midstance,-1.1094,0.3875,-0.5981,59.2041,-69.6411,-12.6343,t002,MADCF
2532361395,5501027,3,pierna,midstance,-1.2273,0.1686,-0.5970,72.9980,-75.8057,1.1597,t002,MADCF
2532361396,5501043,3,pierna,terminal,-1.0991,-0.0676,-0.4172,77.3926,-61.3403,-2.1973,t002,MADCF
2532361397,5501059,3,pierna,terminal,-0.8149,-0.2550,-0.2092,80.5664,-42.4805,0.9766,t002,MADCF
2532361397,5501075,3,pierna,terminal,-0.8003,-0.3707,-0.2009,61.7065,-67.5049,4.3335,t002,MADCF
2532361397,5501091,3,pierna,terminal,-0.9586,-0.4208,-0.3680,42.9077,-80.6885,-2.0752,t002,MADCF
2532361478,5501108,3,pierna,terminal,-0.9347,-0.2770,-0.3142,3.4180,-75.0122,-21.4233,t002,MADCF
2532361479,5501124,3,pierna,terminal,-0.8510,-0.2047,-0.2756,-26.6724,-72.0215,-37.7808,t002,MADCF
2532361479,5501140,3,pierna,terminal,-0.7958,0.0084,-0.3364,-33.1421,-74.8291,-42.2363,t002,MADCF
2532361480,5501156,3,pierna,terminal,-0.8350,0.0642,-0.3605,-29.2969,-81.3599,-34.9121,t002,MADCF
2532361480,5501173,3,pierna,terminal,-0.8978,0.0828,-0.4558,-23.3154,-87.2192,-28.7476,t002,MADCF
2532361557,5501189,3,pierna,terminal,-0.9301,-0.0302,-0.4462,-12.5122,-92.3462,-20.6909,t002,MADCF
2532361557,5501205,3,pierna,terminal,-0.8534,-0.0996,-0.3684,-17.4561,-103.1494,-24.7803,t002,MADCF
2532361558,5501221,3,pierna,terminal,-0.8297,-0.1692,-0.3544,-25.6348,-112.4268,-26.2451,t002,MADCF
2532361614,5501238,3,pierna,terminal,-0.8621,-0.1537,-0.4233,-36.6821,-117.1265,-26.6724,t002,MADCF
2532361635,5501254,3,pierna,terminal,-0.9608,-0.1685,-0.3928,-40.7104,-111.5112,-28.1372,t002,MADCF
2532361635,5501270,3,pierna,terminal,-0.9463,-0.0677,-0.3345,-52.9785,-98.7549,-29.1138,t002,MADCF
2532361636,5501286,3,pierna,terminal,-0.9276,-0.0011,-0.3163,-31.3721,-76.2939,-25.8179,t002,MADCF
2532361636,5501302,3,pierna,terminal,-0.9043,0.0699,-0.2825,-15.2588,-70.1294,-24.1089,t002,MADCF
2532361709,5501318,3,pierna,swing,-0.8801,0.0189,-0.2660,2.7466,-75.5615,-16.6626,t002,MADCF
2532361710,5501334,3,pierna,swing,-0.8490,-0.1959,-0.1945,-1.7700,-84.3506,-11.6577,t002,MADCF
2532361710,5501351,3,pierna,swing,-0.9169,-0.2236,-0.1018,-9.7656,-85.8154,-13.0615,t002,MADCF
2532361711,5501367,3,pierna,swing,-1.0007,-0.1399,-0.0638,-23.5596,-82.5195,-22.3999,t002,MADCF
2532361711,5501384,3,pierna,swing,-1.0540,0.0404,-0.1494,-29.5410,-80.0781,-25.2686,t002,MADCF
2532361711,5501400,3,pierna,swing,-0.9551,-0.0577,-0.3595,-42.7856,-79.1626,-20.0806,t002,MADCF
2532361792,5501416,3,pierna,swing,-0.9371,-0.1310,-0.4290,-53.3447,-77.8809,-17.3950,t002,MADCF
2532361792,5501432,3,pierna,swing,-0.9620,-0.1306,-0.3796,-56.8237,-72.3267,-18.3105,t002,MADCF
2532361793,5501448,3,pierna,swing,-1.0009,-0.1074,-0.3282,-62.5610,-58.1055,-15.3198,t002,MADCF
2532361793,5501465,3,pierna,swing,-1.0165,-0.1050,-0.3416,-66.1011,-54.2603,-14.2212,t002,MADCF
2532361793,5501481,3,pierna,swing,-1.0115,-0.0997,-0.3440,-70.9229,-50.5371,-13.1226,t002,MADCF
2532361867,5501497,3,pierna,swing,-1.0841,-0.1776,-0.2820,-73.2422,-49.0112,-3.8452,t002,MADCF
2532361867,5501514,3,pierna,swing,-1.2223,-0.4197,-0.0848,-76.1108,-48.2788,5.2490,t002,MADCF
2532361870,5501530,3,pierna,swing,-1.4000,-0.6171,0.2736,-85.2661,-39.0625,18.7378,t002,MADCF
2532361870,5501546,3,pierna,swing,-1.4680,-0.6902,0.3977,-100.4028,-26.4893,17.5171,t002,MADCF
2532361870,5501562,3,pierna,swing,-1.7152,-0.7153,0.4927,-101.3184,-17.2119,15.9302,t002,MADCF
2532361947,5501578,3,pierna,swing,-1.8383,-0.5519,0.4810,-73.0591,30.0293,29.7241,t002,MADCF
2532361948,5501594,3,pierna,swing,-1.6410,-0.1625,-0.2640,-46.2646,47.3633,49.1943,t002,MADCF
2532361948,5501610,3,pierna,swing,-1.3429,0.3281,-0.9901,-34.8511,65.8569,45.2270,t002,MADCF
2532361973,5501626,3,pierna,swing,-1.2609,0.3719,-1.0133,-70.3125,86.8530,25.4517,t002,MADCF
2532362023,5501642,3,pierna,swing,-1.4717,0.0026,-1.1696,-55.3589,87.9517,33.5693,t002,MADCF
2532362025,5501658,3,pierna,swing,-1.5724,-0.2140,-1.2860,5.9814,98.6328,53.6499,t002,MADCF
2532362025,5501674,3,pierna,swing,-1.4700,-0.3116,-1.3522,19.3481,103.2104,43.6401,t002,MADCF
2532362035,5501690,3,pierna,swing,-1.2064,-0.1354,-1.2109,1.4648,124.0234,6.1646,t002,MADCF
2532362093,5501706,3,pierna,swing,-1.1299,-0.0281,-1.0776,-11.5356,178.7720,22.0337,t002,MADCF
2532362100,5501722,3,pierna,swing,-0.9180,-0.2684,-1.0074,-6.3477,187.8662,32.4707,t002,MADCF
2532362101,5501739,3,pierna,swing,-0.9365,-0.3159,-1.1106,4.6387,169.4946,-0.4272,t002,MADCF
2532362101,5501755,3,pierna,swing,-0.9679,-0.0973,-1.1388,-4.0283,180.7861,-14.5874,t002,MADCF
2532362120,5501771,3,pierna,swing,-0.7313,-0.0403,-0.9026,-13.6719,212.4634,-14.2822,t002,MADCF
2532362173,5501787,3,pierna,swing,-0.6263,-0.0533,-0.8333,11.2305,192.0166,-19.7754,t002,MADCF
2532362175,5501803,3,pierna,swing,-0.5215,-0.0498,-0.8068,21.4233,179.5654,-20.9961,t002,MADCF
2532362176,5501819,3,pierna,swing,-0.5143,0.0109,-0.8308,45.2270,171.1426,-25.0854,t002,MADCF
2532362176,5501835,3,pierna,swing,-0.4896,-0.0181,-0.8937,63.9038,171.6308,-18.2495,t002,MADCF
2532362239,5501851,3,pierna,swing,-0.3333,-0.2775,-0.8549,96.8018,171.3257,13.0615,t002,MADCF
2532362252,5501867,3,pierna,swing,-0.2393,-0.3409,-0.7759,92.7124,164.0014,24.5972,t002,MADCF
2532362253,5501883,3,pierna,swing,-0.1371,-0.3074,-0.6997,78.6133,155.2124,22.0947,t002,MADCF
2532362253,5501899,3,pierna,swing,-0.1335,-0.2742,-0.6909,50.9033,130.9204,6.7749,t002,MADCF
2532362254,5501915,3,pierna,swing,-0.1659,-0.1350,-0.6029,42.4805,114.7461,-4.7607,t002,MADCF
2532362327,5501931,3,pierna,swing,-0.2142,-0.0227,-0.5713,17.5171,70.0073,-25.8789,t002,MADCF
2532362328,5501947,3,pierna,swing,-0.2046,-0.0229,-0.5645,-36.9873,32.6538,-46.2646,t002,MADCF
2532362328,5501963,3,pierna,swing,-0.3070,-0.0391,-0.3109,-63.5986,27.2217,-51.2085,t002,MADCF
2532362402,5501979,3,pierna,swing,-0.4529,-0.0137,-0.0873,-83.5571,32.6538,-63.9648,t002,MADCF
2532362402,5501995,3,pierna,swing,-0.8038,0.1892,0.2065,-72.2656,31.1279,-77.3315,t002,MADCF
2532362403,5502012,3,pierna,swing,-1.0256,0.1643,0.1616,-22.7661,25.8789,-84.8389,t002,MADCF
2532362403,5502028,3,pierna,swing,-1.7089,-0.1476,0.7397,76.2329,80.9326,-30.4565,t002,MADCF
2532362403,5502043,3,pierna,swing,-1.4657,-0.7416,1.6060,126.1597,107.4219,11.1084,t002,MADCF
2532362474,5502059,3,pierna,swing,-1.0360,-0.9867,1.7687,118.4082,73.8525,40.7104,t002,MADCF
2532362474,5502075,3,pierna,loading,-0.6915,-0.5187,1.3041,92.3462,27.0996,30.2124,t002,MADCF
2532362476,5502091,3,pierna,loading,-0.6887,-0.3704,0.8795,91.6138,-57.2510,20.5688,t002,MADCF
2532362477,5502107,3,pierna,loading,-0.5383,-0.3237,0.0239,98.8769,-83.0688,11.7187,t002,MADCF
2532362478,5502123,3,pierna,loading,-0.4166,-0.0225,-1.1514,86.6089,-130.8594,-21.3623,t002,MADCF
2532362550,5502140,3,pierna,loading,-0.8859,-0.4524,-0.7222,51.6968,-42.7856,8.6060,t002,MADCF
2532362550,5502156,3,pierna,loading,-1.6138,-1.1085,1.0601,53.9551,34.5459,27.8931,t002,MADCF
2532362551,5502172,3,pierna,loading,-1.3165,-0.7361,0.5558,22.3999,-26.5503,7.8735,t002,MADCF
2532362551,5502188,3,pierna,loading,-1.2520,-0.8123,-0.4860,-3.9673,-56.2744,12.6343,t002,MADCF
2532362620,5502204,3,pierna,loading,-1.2662,-0.8422,-0.7424,-86.4258,-75.3784,-23.0713,t002,MADCF
2532362621,5502220,3,pierna,midstance,-1.0460,-0.5010,-0.8789,-138.4888,-111.9385,-66.8335,t002,MADCF
2532362621,5502237,3,pierna,midstance,-0.7172,0.4274,-1.0321,-132.7515,-109.9243,-81.4819,t002,MADCF
2532362621,5502253,3,pierna,midstance,-0.5966,1.0382,-0.9912,-77.3926,-82.2143,-86.9751,t002,MADCF
2532362622,5502269,3,pierna,midstance,-0.7173,0.9562,-0.8188,-7.2021,-70.0073,-44.3115,t002,MADCF
2532362624,5502285,3,pierna,midstance,-1.0803,0.3088,-0.6083,15.8081,-78.1250,-15.9302,t002,MADCF
2532362624,5502301,3,pierna,midstance,-1.1204,0.1206,-0.5735,44.6777,-81.9092,-0.2441,t002,MADCF
2532362625,5502317,3,pierna,midstance,-1.0125,-0.0603,-0.3994,53.6499,-74.5239,-0.6104,t002,MADCF
2532362702,5502334,3,pierna,midstance,-0.7811,-0.1844,-0.2186,46.3867,-67.8711,-3.9673,t002,MADCF
2532362703,5502350,3,pierna,midstance,-0.7478,-0.1538,-0.1467,11.2915,-87.5244,-18.3716,t002,MADCF
2532362703,5502366,3,pierna,midstance,-0.8843,0.0497,-0.2432,-6.2866,-98.9990,-24.9023,t002,MADCF
2532362704,5502382,3,pierna,midstance,-0.9755,0.1688,-0.3170,-21.1792,-96.4355,-29.8462,t002,MADCF
2532362704,5502399,3,pierna,midstance,-1.0012,0.3057,-0.3292,-16.4795,-86.3647,-29.1748,t002,MADCF
2532362776,5502415,3,pierna,terminal,-0.9385,0.1334,-0.3015,20.4468,-63.7207,-17.6392,t002,MADCF
2532362776,5502431,3,pierna,terminal,-0.9196,-0.0476,-0.2633,63.7207,-52.0630,6.1035,t002,MADCF
2532362776,5502447,3,pierna,terminal,-0.9325,-0.3955,-0.2668,71.2891,-55.8472,16.1743,t002,MADCF
2532362777,5502463,3,pierna,terminal,-0.9420,-0.5040,-0.2734,50.7812,-65.6738,15.0757,t002,MADCF
2532362782,5502479,3,pierna,terminal,-0.8993,-0.4468,-0.2646,33.0200,-72.6929,0.3662,t002,MADCF
2532362857,5502496,3,pierna,terminal,-0.7167,-0.1898,-0.2660,-8.2397,-92.4072,-29.6631,t002,MADCF
2532362858,5502512,3,pierna,terminal,-0.7539,-0.1118,-0.3405,-43.5791,-112.8540,-37.4146,t002,MADCF
2532362858,5502528,3,pierna,terminal,-0.8848,-0.0262,-0.5353,-49.3774,-116.2109,-36.6211,t002,MADCF
2532362859,5502544,3,pierna,terminal,-0.9091,-0.0411,-0.5514,-39.4287,-107.7881,-32.2266,t002,MADCF
2532362933,5502561,3,pierna,terminal,-0.8862,-0.0729,-0.4939,-31.9824,-99.2432,-25.3906,t002,MADCF
2532362935,5502577,3,pierna,terminal,-0.8635,-0.0924,-0.4005,-30.0293,-95.7031,-19.9585,t002,MADCF
2532362935,5502593,3,pierna,swing,-0.8508,-0.1093,-0.3647,-25.1465,-85.6323,-13.6719,t002,MADCF
2532362936,5502610,3,pierna,swing,-0.8420,-0.0458,-0.2700,-22.8271,-82.8247,-15.3198,t002,MADCF
2532362936,5502626,3,pierna,swing,-0.9189,0.0884,-0.1978,-18.7378,-81.9092,-22.2168,t002,MADCF
2532363013,5502642,3,pierna,swing,-0.9799,0.1063,-0.1973,-20.6299,-81.5430,-23.8647,t002,MADCF
2532363013,5502659,3,pierna,swing,-1.0598,-0.0487,-0.2045,-23.2544,-82.3364,-20.1416,t002,MADCF
2532363014,5502675,3,pierna,swing,-1.0400,-0.2610,-0.2711,-35.0952,-84.3506,-13.0615,t002,MADCF
2532363014,5502691,3,pierna,swing,-1.0199,-0.3130,-0.2955,-53.6499,-81.4819,-15.9912,t002,MADCF
2532363015,5502708,3,pierna,swing,-0.9546,-0.2662,-0.2249,-63.1103,-78.4302,-18.9209,t002,MADCF
2532363090,5502724,3,pierna,swing,-0.9347,-0.2030,-0.2025,-75.1953,-75.7446,-19.5313,t002,MADCF
2532363090,5502740,3,pierna,swing,-0.9990,-0.1677,-0.2642,-75.4395,-73.2422,-15.8691,t002,MADCF
2532363090,5502756,3,pierna,swing,-1.1630,-0.1047,-0.2312,-67.2607,-64.3311,-8.6060,t002,MADCF
2532363165,5502772,3,pierna,swing,-1.2703,-0.1473,-0.1720,-58.6548,-53.8330,8.9111,t002,MADCF
2532363166,5502789,3,pierna,swing,-1.3694,-0.3796,0.0887,-59.1431,-45.8984,18.2495,t002,MADCF
2532363166,5502805,3,pierna,swing,-1.4407,-0.5154,0.2524,-72.6318,-34.1797,23.7427,t002,MADCF
2532363167,5502821,3,pierna,swing,-1.7039,-0.7595,0.5089,-73.1201,-12.5122,25.3906,t002,MADCF
2532363176,5502837,3,pierna,swing,-1.8464,-0.7410,0.4247,-61.7065,8.6060,37.5977,t002,MADCF
2532363240,5502853,3,pierna,swing,-1.7184,-0.5558,-0.0537,-40.6494,44.1894,63.5986,t002,MADCF
2532363241,5502869,3,pierna,swing,-1.3613,0.2271,-0.9308,-65.8569,61.0962,48.1567,t002,MADCF
2532363241,5502885,3,pierna,swing,-1.2703,0.4519,-1.0570,-118.2251,75.8057,18.8599,t002,MADCF
2532363241,5502901,3,pierna,swing,-1.5614,0.2546,-1.2167,-92.5903,79.5288,26.0620,t002,MADCF
2532363241,5502917,3,pierna,swing,-1.6902,-0.1003,-1.4443,9.5215,96.6797,44.3726,t002,MADCF
2532363316,5502933,3,pierna,swing,-1.5757,-0.1497,-1.4680,54.8706,118.8965,27.4658,t002,MADCF
2532363317,5502949,3,pierna,swing,-1.2047,-0.1555,-1.3127,47.9736,141.1743,22.2168,t002,MADCF
2532363317,5502965,3,pierna,swing,-1.0416,-0.1594,-1.0746,21.9727,194.4580,37.9028,t002,MADCF
2532363318,5502981,3,pierna,swing,-0.9381,-0.3641,-1.0066,16.7847,201.4770,43.1519,t002,MADCF
2532363318,5502997,3,pierna,swing,-0.9360,-0.3944,-1.2068,15.1978,190.1855,21.6064,t002,MADCF
2532363388,5503013,3,pierna,swing,-0.9221,-0.2939,-1.1517,-5.6763,200.8667,-3.9673,t002,MADCF
2532363390,5503029,3,pierna,swing,-0.7499,-0.1769,-1.0100,-11.8408,208.1909,-12.2070,t002,MADCF
2532363391,5503046,3,pierna,swing,-0.6440,-0.1274,-0.9567,-10.9863,203.4302,-21.4233,t002,MADCF
2532363391,5503062,3,pierna,swing,-0.5332,0.0701,-0.8533,-0.7324,197.9980,-22.0337,t002,MADCF
2532363392,5503078,3,pierna,swing,-0.5111,0.1403,-0.9077,40.4663,180.1147,-27.3437,t002,MADCF
2532363466,5503094,3,pierna,swing,-0.5178,0.0931,-1.0038,90.2710,182.9223,3.3569,t002,MADCF
2532363467,5503110,3,pierna,swing,-0.3427,-0.2043,-0.9143,99.1821,191.6504,23.0103,t002,MADCF
2532363490,5503126,3,pierna,swing,-0.2233,-0.2830,-0.8087,79.3457,181.2134,27.7710,t002,MADCF
2532363537,5503142,3,pierna,loading,-0.1359,-0.2187,-0.7278,65.2466,165.5273,17.8833,t002,MADCF
2532363539,5503158,3,pierna,loading,-0.1530,0.0620,-0.7429,48.3398,127.9907,-6.9580,t002,MADCF
2532363540,5503174,3,pierna,loading,-0.1525,0.0962,-0.7451,43.5181,91.9800,-16.0522,t002,MADCF
2532363540,5503190,3,pierna,loading,-0.0742,0.0322,-0.6998,29.4800,71.5942,-20.0806,t002,MADCF
2532363577,5503206,3,pierna,loading,-0.0647,0.0254,-0.6638,-22.7661,28.3813,-46.6309,t002,MADCF
2532363613,5503223,3,pierna,loading,-0.2112,-0.0063,-0.4515,-48.8281,17.7002,-61.0962,t002,MADCF
2532363614,5503239,3,pierna,loading,-0.5773,0.0267,0.0210,-64.3921,27.9541,-65.9790,t002,MADCF
2532363614,5503255,3,pierna,loading,-0.8356,0.0791,0.2791,-39.5508,32.2876,-62.6831,t002,MADCF
2532363614,5503270,3,pierna,loading,-1.5170,-0.0305,0.3750,-24.3530,25.0244,-60.6689,t002,MADCF
2532363615,5503286,3,pierna,loading,-1.8280,-0.2257,0.5911,33.0811,66.3452,-31.0669,t002,MADCF
2532363685,5503302,3,pierna,loading,-1.4476,-0.7568,1.4821,78.5522,100.9521,-8.0566,t002,MADCF
2532363686,5503318,3,pierna,loading,-0.6517,-0.7744,1.6625,102.0508,68.3594,8.6670,t002,MADCF
2532363687,5503334,3,pierna,loading,-0.5874,-0.5564,1.3881,77.3315,-32.8369,8.4839,t002,MADCF
2532363687,5503350,3,pierna,loading,-0.5934,-0.4478,0.5527,83.2519,-68.1152,13.9160,t002,MADCF
2532363688,5503366,3,pierna,loading,-0.4780,-0.3032,-0.0972,85.5102,-127.7466,-7.5684,t002,MADCF
2532363758,5503383,3,pierna,loading,-0.6490,-0.1046,-1.1171,74.5239,-148.8647,-24.2920,t002,MADCF
2532363758,5503399,3,pierna,loading,-1.7698,-0.8777,0.5780,59.5093,-27.0996,21.0571,t002,MADCF
2532363759,5503415,3,pierna,loading,-1.5078,-0.6385,0.7559,72.8149,24.4751,25.2686,t002,MADCF
2532363759,5503430,3,pierna,loading,-0.8820,-0.2360,-0.4359,65.7349,-15.5640,11.2915,t002,MADCF
2532363808,5503446,3,pierna,loading,-1.0728,-0.6138,-0.3070,19.8364,-18.0664,9.2163,t002,MADCF
2532363826,5503462,3,pierna,loading,-1.4359,-0.9047,-0.4381,-19.1650,-56.2134,-3.5400,t002,MADCF
2532363826,5503479,3,pierna,midstance,-1.1735,-0.2728,-0.8325,-74.4629,-113.5864,-44.3115,t002,MADCF
2532363827,5503495,3,pierna,midstance,-0.9282,0.1526,-0.8690,-81.6650,-77.8198,-100.1587,t002,MADCF
2532363828,5503511,3,pierna,midstance,-0.4915,0.6967,-0.9279,-77.2095,-70.9229,-98.1445,t002,MADCF
2532363830,5503527,3,pierna,midstance,-0.4758,0.5806,-0.8516,-49.4995,-66.5894,-45.7153,t002,MADCF
2532363863,5503543,3,pierna,midstance,-0.8057,0.2325,-0.7603,-27.0386,-77.0874,-29.0527,t002,MADCF
2532363907,5503560,3,pierna,midstance,-1.1571,0.1974,-0.7522,26.3672,-90.1489,-24.9634,t002,MADCF
2532363908,5503576,3,pierna,midstance,-1.1925,0.0417,-0.7174,46.0815,-73.1201,-8.8501,t002,MADCF
2532363908,5503592,3,pierna,midstance,-0.8966,-0.2017,-0.4044,37.3535,-62.6831,-7.1411,t002,MADCF
2532363910,5503608,3,pierna,midstance,-0.7612,-0.1703,-0.2572,-1.8311,-81.6650,-23.0713,t002,MADCF
2532363982,5503624,3,pierna,midstance,-0.8673,-0.0233,-0.2733,-19.1040,-97.5952,-32.2876,t002,MADCF
2532363982,5503640,3,pierna,terminal,-1.0228,0.0594,-0.2882,-36.8652,-101.1963,-39.6729,t002,MADCF
2532363983,5503656,3,pierna,terminal,-1.0264,0.0698,-0.2924,-36.4380,-88.8061,-31.9214,t002,MADCF
2532363983,5503672,3,pierna,terminal,-0.9365,0.0369,-0.2793,-29.7852,-82.5195,-26.3062,t002,MADCF
2532364063,5503689,3,pierna,terminal,-0.8955,0.0347,-0.2402,-12.3291,-73.9746,-18.0054,t002,MADCF
2532364064,5503705,3,pierna,terminal,-0.8818,0.0068,-0.1760,-6.2866,-74.7681,-15.6860,t002,MADCF
2532364064,5503721,3,pierna,terminal,-0.9521,-0.0143,-0.1545,-10.9253,-78.6133,-13.2446,t002,MADCF
2532364065,5503737,3,pierna,terminal,-0.9922,-0.0349,-0.1678,-13.7939,-81.2988,-15.8691,t002,MADCF
2532364065,5503753,3,pierna,terminal,-0.9666,-0.0991,-0.1528,-9.4604,-78.6743,-19.8364,t002,MADCF
2532364140,5503770,3,pierna,terminal,-0.8890,-0.1140,-0.1455,-30.2734,-88.1958,-21.9116,t002,MADCF
2532364141,5503786,3,pierna,terminal,-0.8075,-0.0789,-0.4235,-43.0298,-108.2764,-27.8320,t002,MADCF
2532364141,5503802,3,pierna,terminal,-0.8048,0.0446,-0.6671,-38.3301,-104.7363,-27.5269,t002,MADCF
2532364180,5503818,3,pierna,terminal,-0.7969,0.0337,-0.6755,-30.3345,-90.6982,-19.8975,t002,MADCF
2532364217,5503834,3,pierna,terminal,-0.8032,-0.0552,-0.7050,-23.9258,-84.9609,-15.2588,t002,MADCF
2532364218,5503850,3,pierna,terminal,-0.8480,-0.1342,-0.6758,-10.7422,-69.7632,-12.4512,t002,MADCF
2532364219,5503866,3,pierna,terminal,-0.7811,-0.1884,-0.5066,-12.2681,-68.7256,-17.9443,t002,MADCF
2532364290,5503883,3,pierna,terminal,-0.7850,-0.0629,-0.3212,-15.1978,-72.6318,-21.6064,t002,MADCF
2532364292,5503899,3,pierna,terminal,-0.8682,-0.0128,-0.2267,-18.5547,-78.3691,-23.6206,t002,MADCF
2532364293,5503915,3,pierna,terminal,-1.0767,-0.0327,-0.0675,-22.0337,-80.9326,-21.4844,t002,MADCF
2532364368,5503932,3,pierna,terminal,-1.1144,-0.1370,0.0341,-32.2266,-80.0171,-14.2212,t002,MADCF
2532364368,5503948,3,pierna,terminal,-1.0746,-0.2073,0.0608,-47.0581,-78.8574,-11.0474,t002,MADCF
2532364369,5503964,3,pierna,terminal,-1.0894,-0.1782,-0.0753,-54.9927,-79.8950,-12.4512,t002,MADCF
2532364369,5503980,3,pierna,terminal,-1.1326,-0.1432,-0.1683,-62.3169,-73.7915,-9.7656,t002,MADCF
2532364439,5503997,3,pierna,terminal,-1.1113,-0.2054,-0.2970,-62.6831,-69.2749,-7.8735,t002,MADCF
2532364439,5504013,3,pierna,swing,-1.0448,-0.1761,-0.3413,-59.8144,-56.9458,-2.8076,t002,MADCF
2532364440,5504029,3,pierna,swing,-1.0370,-0.1984,-0.2695,-53.7720,-43.7012,11.8408,t002,MADCF
2532364440,5504045,3,pierna,swing,-1.0823,-0.3036,-0.0388,-52.6123,-41.2598,17.5781,t002,MADCF
2532364440,5504061,3,pierna,swing,-1.3809,-0.6329,0.1721,-52.7954,-40.6494,23.8647,t002,MADCF
2532364441,5504077,3,pierna,swing,-1.5475,-0.7891,0.2745,-45.2881,-27.0386,36.2549,t002,MADCF
2532364441,5504093,3,pierna,swing,-1.6272,-0.9337,0.3137,-46.1426,-11.1084,47.8516,t002,MADCF
2532364443,5504109,3,pierna,swing,-1.5854,-0.7202,0.0289,-78.8574,22.7051,48.2788,t002,MADCF
2532364444,5504125,3,pierna,swing,-1.4863,0.4082,-0.7036,-100.2808,39.3066,26.3672,t002,MADCF
2532364444,5504141,3,pierna,swing,-1.3815,0.7217,-0.9420,-116.7602,60.0586,5.8594,t002,MADCF
2532364517,5504157,3,pierna,swing,-1.4026,0.3416,-1.1031,-37.5366,81.7871,36.8042,t002,MADCF
2532364517,5504173,3,pierna,swing,-1.4830,-0.0801,-1.1995,11.8408,92.4683,50.8423,t002,MADCF
2532364518,5504189,3,pierna,swing,-1.4479,-0.1898,-1.2257,69.4580,101.4404,55.3589,t002,MADCF
2532364518,5504205,3,pierna,swing,-1.3254,-0.2509,-1.3438,68.2373,103.4546,50.5371,t002,MADCF
2532364590,5504221,3,pierna,swing,-1.2201,-0.2917,-1.2104,23.3765,137.3291,44.9219,t002,MADCF
2532364590,5504237,3,pierna,loading,-1.0793,-0.3420,-1.1479,1.7700,153.9917,41.3208,t002,MADCF
2532364592,5504253,3,pierna,loading,-0.9764,-0.3508,-1.2166,-5.1880,176.6968,34.3018,t002,MADCF
2532364593,5504269,3,pierna,loading,-0.8586,-0.4275,-1.0518,-12.0850,184.6313,2.2583,t002,MADCF
2532364593,5504285,3,pierna,loading,-0.7450,-0.2039,-1.0610,-20.3857,180.7251,-16.7236,t002,MADCF
2532364665,5504302,3,pierna,loading,-0.7023,-0.1488,-1.0601,-26.7334,183.3496,-23.8647,t002,MADCF
2532364665,5504318,3,pierna,loading,-0.6145,0.0295,-0.9440,-23.5596,186.0962,-23.8037,t002,MADCF
2532364666,5504334,3,pierna,loading,-0.5227,0.0593,-0.8217,7.5684,185.6079,-23.8647,t002,MADCF
2532364667,5504350,3,pierna,loading,-0.4851,-0.0259,-0.8787,58.7769,173.3398,-6.7139,t002,MADCF
2532364736,5504366,3,pierna,loading,-0.3597,-0.2844,-0.9375,76.6602,176.7578,13.8550,t002,MADCF
2532364738,5504382,3,pierna,loading,-0.2703,-0.3961,-0.8370,68.7256,184.5093,41.0767,t002,MADCF
2532364739,5504398,3,pierna,loading,-0.1283,-0.4639,-0.5603,47.7905,175.4150,34.7900,t002,MADCF
2532364739,5504414,3,pierna,loading,-0.1846,-0.2666,-0.5099,5.0049,133.1787,1.9531,t002,MADCF
2532364739,5504431,3,pierna,loading,-0.2921,-0.1462,-0.5245,-7.1411,99.6704,-32.7759,t002,MADCF
2532364809,5504447,3,pierna,loading,-0.4559,0.1060,-0.5133,-13.3057,92.7734,-42.2363,t002,MADCF
2532364809,5504463,3,pierna,loading,-0.4501,0.1398,-0.5114,-39.5508,69.8242,-44.5557,t002,MADCF
2532364810,5504479,3,pierna,loading,-0.3793,0.1006,-0.5491,-47.8516,56.5796,-48.5840,t002,MADCF
2532364811,5504495,3,pierna,loading,-0.5050,0.0536,-0.2754,-46.4478,59.3262,-41.0156,t002,MADCF
2532364879,5504511,3,pierna,loading,-0.5715,0.0414,-0.1085,-29.6631,52.9175,-34.7290,t002,MADCF
2532364881,5504527,3,pierna,midstance,-0.6057,0.1204,0.0001,-17.0288,41.4429,-43.2739,t002,MADCF
2532364881,5504543,3,pierna,midstance,-1.1199,-0.1285,0.4144,1.8311,38.4521,-48.7061,t002,MADCF
2532364882,5504559,3,pierna,midstance,-1.3519,-0.3136,0.8800,53.1006,75.8057,-15.0757,t002,MADCF
2532364882,5504575,3,pierna,midstance,-1.1218,-0.5005,1.3257,82.5195,69.2139,4.2114,t002,MADCF
2532364953,5504591,3,pierna,midstance,-0.8862,-0.4915,1.1388,98.0225,9.8267,37.7197,t002,MADCF
2532364953,5504607,3,pierna,midstance,-0.7319,-0.4073,0.6945,104.1870,-13.7939,47.0581,t002,MADCF
2532364954,5504623,3,pierna,midstance,-0.7169,-0.3936,0.3760,122.2534,-53.6499,40.2832,t002,MADCF
2532364955,5504639,3,pierna,midstance,-0.6282,-0.3875,-0.4004,115.2954,-72.5098,25.0244,t002,MADCF
2532365024,5504655,3,pierna,midstance,-1.4648,-1.0459,0.5166,89.5996,-61.8896,33.3252,t002,MADCF
2532365026,5504671,3,pierna,midstance,-1.7531,-1.1252,0.9385,92.5903,-8.3618,49.8047,t002,MADCF
2532365027,5504687,3,pierna,midstance,-1.4828,-0.7811,0.0214,71.7163,-14.3433,22.5830,t002,MADCF
2532365027,5504703,3,pierna,midstance,-1.3704,-0.8262,-0.2203,-24.7192,11.1084,-25.7568,t002,MADCF
2532365098,5504719,3,pierna,midstance,-0.8119,-0.5948,-0.5129,-85.5713,-1.2817,-48.4619,t002,MADCF
2532365100,5504736,3,pierna,midstance,-0.2924,-0.0071,-0.9296,-146.3623,-82.7637,-70.9229,t002,MADCF
2532365170,5504752,3,pierna,terminal,-0.4266,0.1978,-0.9923,-128.4790,-115.4175,-63.8428,t002,MADCF
2532365170,5504768,3,pierna,terminal,-0.8922,0.7601,-0.8649,-83.4351,-108.1543,-66.0400,t002,MADCF
2532365171,5504784,3,pierna,terminal,-1.0619,0.8601,-0.7765,28.5645,-76.4160,-48.2788,t002,MADCF
2532365171,5504800,3,pierna,terminal,-1.2811,0.3096,-0.6278,60.3638,-65.1855,-16.6626,t002,MADCF
2532365171,5504816,3,pierna,terminal,-1.0881,-0.3040,-0.5587,73.5474,-53.8330,16.1743,t002,MADCF
2532365171,5504832,3,pierna,terminal,-0.9312,-0.3643,-0.5166,48.8892,-48.5229,-7.8735,t002,MADCF
2532365172,5504849,3,pierna,terminal,-0.7300,-0.3274,-0.3774,27.2827,-51.5747,-15.9302,t002,MADCF
2532365172,5504865,3,pierna,terminal,-0.8118,-0.1669,-0.3286,-11.2305,-71.4111,-25.8789,t002,MADCF
2532365250,5504881,3,pierna,terminal,-0.9487,-0.0002,-0.3676,-24.6582,-82.9468,-30.0293,t002,MADCF
2532365250,5504898,3,pierna,terminal,-1.0509,0.1194,-0.3335,-20.5078,-77.6978,-26.3672,t002,MADCF
2532365251,5504914,3,pierna,terminal,-1.0128,0.0605,-0.2705,-6.8970,-67.6880,-18.4326,t002,MADCF
2532365251,5504930,3,pierna,terminal,-0.9186,-0.0505,-0.2567,-2.8687,-66.8335,-17.8833,t002,MADCF
2532365251,5504947,3,pierna,terminal,-0.9257,-0.0981,-0.2899,-2.1362,-65.0024,-20.3247,t002,MADCF
2532365320,5504963,3,pierna,terminal,-0.9323,-0.1410,-0.2954,-10.3760,-64.2700,-17.5781,t002,MADCF
2532365321,5504979,3,pierna,swing,-0.9268,-0.1520,-0.2961,-16.1133,-63.7207,-14.0381,t002,MADCF
2532365321,5504996,3,pierna,swing,-0.9176,-0.0615,-0.2529,-25.5737,-61.3403,-9.7046,t002,MADCF
2532365322,5505012,3,pierna,swing,-0.9109,0.0198,-0.2871,-19.3481,-63.8428,-11.8408,t002,MADCF
2532365399,5505028,3,pierna,swing,-0.9186,0.1150,-0.3672,-14.8315,-62.3169,-7.7515,t002,MADCF
2532365400,5505044,3,pierna,swing,-0.8772,0.0847,-0.3530,-12.2070,-68.2373,-3.3569,t002,MADCF
2532365400,5505060,3,pierna,swing,-0.8353,0.0201,-0.4146,-6.8359,-77.3926,-6.5308,t002,MADCF
2532365400,5505077,3,pierna,swing,-0.9177,-0.0193,-0.4911,8.2397,-81.0547,-7.0801,t002,MADCF
2532365401,5505093,3,pierna,swing,-0.9265,-0.0310,-0.4565,5.2490,-73.4253,-7.0801,t002,MADCF
2532365473,5505109,3,pierna,swing,-0.7904,-0.0283,-0.3181,1.8921,-77.3315,-12.6953,t002,MADCF
2532365475,5505125,3,pierna,swing,-0.7512,-0.0156,-0.3636,3.9062,-99.7925,-20.6909,t002,MADCF
2532365476,5505141,3,pierna,swing,-0.8663,-0.1035,-0.5387,4.8828,-104.5532,-16.2354,t002,MADCF
2532365477,5505157,3,pierna,swing,-0.8479,-0.3164,-0.5474,-3.9062,-106.0791,-6.7749,t002,MADCF
2532365528,5505174,3,pierna,swing,-0.8510,-0.3424,-0.5684,-14.0991,-99.7314,-15.1978,t002,MADCF
2532365547,5505190,3,pierna,swing,-1.0276,-0.1021,-0.5173,-12.8784,-86.1206,-19.4092,t002,MADCF
2532365547,5505206,3,pierna,swing,-1.0529,-0.0289,-0.3372,3.1128,-53.6499,-20.4468,t002,MADCF
2532365548,5505223,3,pierna,swing,-0.9862,-0.0432,0.1135,-3.1738,-57.8613,-12.2070,t002,MADCF
2532365548,5505239,3,pierna,swing,-1.0463,-0.1031,0.0447,-2.6855,-67.6880,-5.5542,t002,MADCF
2532365616,5505255,3,pierna,swing,-1.0613,-0.1642,-0.0725,-7.0801,-72.8760,4.1504,t002,MADCF
2532365617,5505271,3,pierna,swing,-0.9894,-0.2209,-0.2588,-17.5781,-69.8242,4.0283,t002,MADCF
2532365619,5505288,3,pierna,swing,-0.9725,-0.1423,-0.4069,-38.2690,-62.1338,-2.9297,t002,MADCF
2532365619,5505304,3,pierna,swing,-0.9739,-0.1370,-0.4877,-45.1050,-55.9082,2.5635,t002,MADCF
2532365691,5505320,3,pierna,swing,-0.9645,-0.2346,-0.5277,-51.6968,-53.1616,5.3101,t002,MADCF
2532365691,5505336,3,pierna,swing,-0.9243,-0.2090,-0.5125,-61.2183,-52.8564,-2.8076,t002,MADCF
2532365692,5505353,3,pierna,swing,-1.0355,-0.0656,-0.3387,-58.5327,-50.7812,-1.0986,t002,MADCF
2532365693,5505369,3,pierna,swing,-1.2130,-0.1827,-0.0061,-54.4434,-43.7622,14.5264,t002,MADCF
2532365760,5505385,3,pierna,swing,-1.2693,-0.2939,0.0865,-65.7959,-44.1894,14.8315,t002,MADCF
