timestamp_pc_ms,timestamp_arduino_ms,sensor_id,placement,phase,ax,ay,az,gx,gy,gz,trial_id,subject_id
2532456135,5595777,3,pelvis,loading,-0.9148,-0.0421,-0.2823,-8.3618,-51.3916,-0.4272,t003,MADCF
2532456136,5595794,3,pelvis,loading,-0.9343,-0.0787,-0.2332,-2.3804,-41.0767,0.1221,t003,MADCF
2532456136,5595810,3,pelvis,loading,-0.9928,-0.1406,-0.1909,8.4839,-28.8696,-0.1221,t003,MADCF
2532456137,5595827,3,pelvis,loading,-1.0084,-0.1998,-0.1770,12.5732,-22.5220,-0.7935,t003,MADCF
2532456201,5595843,3,pelvis,loading,-1.0060,-0.2206,-0.1630,16.0522,-10.3760,-1.2207,t003,MADCF
2532456201,5595859,3,pelvis,loading,-1.0204,-0.2479,-0.1422,14.2822,-6.0425,-1.0376,t003,MADCF
2532456204,5595876,3,pelvis,loading,-1.0052,-0.2118,-0.1858,0.7324,-2.8076,-1.4038,t003,MADCF
2532456205,5595892,3,pelvis,loading,-0.9742,-0.2001,-0.2244,-20.3857,-3.4180,-3.3569,t003,MADCF
2532456250,5595908,3,pelvis,loading,-0.8937,-0.1941,-0.3002,-27.0996,-5.0659,-4.7607,t003,MADCF
2532456270,5595924,3,pelvis,loading,-0.8799,-0.1545,-0.3365,-30.7007,-10.1318,-7.2021,t003,MADCF
2532456271,5595941,3,pelvis,loading,-0.9139,-0.0460,-0.3771,-31.0059,-10.6812,-6.5918,t003,MADCF
2532456271,5595957,3,pelvis,loading,-0.9377,0.0205,-0.3745,-27.2217,-6.1035,-1.0376,t003,MADCF
2532456322,5595973,3,pelvis,loading,-0.9207,0.0282,-0.3800,-17.7002,-0.8545,5.2490,t003,MADCF
2532456330,5595989,3,pelvis,loading,-0.9017,-0.0327,-0.3998,-12.5122,0.0610,7.2021,t003,MADCF
2532456333,5596005,3,pelvis,loading,-0.8989,-0.0715,-0.4060,-3.7231,-0.9155,6.8359,t003,MADCF
2532456334,5596021,3,pelvis,loading,-0.9333,-0.1038,-0.4000,-2.1973,-2.7466,5.6763,t003,MADCF
2532456397,5596037,3,pelvis,loading,-0.9327,-0.0917,-0.3394,-2.1362,-5.4321,4.7607,t003,MADCF
2532456398,5596053,3,pelvis,loading,-0.9315,-0.0955,-0.2960,3.7842,-4.2114,5.9814,t003,MADCF
2532456399,5596070,3,pelvis,loading,-0.9615,-0.1536,-0.2351,7.4463,-3.1128,7.2021,t003,MADCF
2532456434,5596085,3,pelvis,loading,-0.9618,-0.1704,-0.2266,7.2632,-1.0376,10.0708,t003,MADCF
2532456461,5596102,3,pelvis,loading,-0.9857,-0.2075,-0.2303,2.6855,0.6714,11.4136,t003,MADCF
2532456462,5596118,3,pelvis,loading,-0.9087,-0.2184,-0.2029,-3.4790,4.3335,11.5356,t003,MADCF
2532456493,5596134,3,pelvis,loading,-0.8973,-0.1949,-0.2107,-4.9438,0.1831,7.9346,t003,MADCF
2532456523,5596150,3,pelvis,loading,-0.9207,-0.1191,-0.2231,-6.1646,-2.0142,7.3242,t003,MADCF
2532456523,5596166,3,pelvis,loading,-0.9387,-0.0919,-0.2084,-4.9438,-0.7935,9.9487,t003,MADCF
2532456524,5596182,3,pelvis,loading,-0.9915,-0.0830,-0.1686,-1.4038,2.0142,12.9395,t003,MADCF
2532456524,5596198,3,pelvis,loading,-1.0248,-0.0963,-0.1678,9.2163,9.4604,19.2261,t003,MADCF
2532456560,5596214,3,pelvis,loading,-1.0226,-0.1208,-0.1888,18.0054,14.4043,23.1934,t003,MADCF
2532456582,5596230,3,pelvis,loading,-0.9951,-0.2064,-0.2200,20.2026,17.0898,24.5361,t003,MADCF
2532456584,5596246,3,pelvis,loading,-0.9722,-0.2417,-0.2219,18.2495,24.7192,26.2451,t003,MADCF
2532456584,5596262,3,pelvis,loading,-0.9321,-0.2916,-0.1862,13.7329,28.9917,26.9775,t003,MADCF
2532456585,5596278,3,pelvis,loading,-0.9349,-0.3392,-0.0868,2.7466,38.1470,30.1514,t003,MADCF
2532456647,5596294,3,pelvis,loading,-0.9564,-0.3622,-0.0189,-5.3101,52.3682,37.2314,t003,MADCF
2532456647,5596310,3,pelvis,loading,-0.9921,-0.3993,0.1239,-9.3384,62.0728,41.6260,t003,MADCF
2532456648,5596326,3,pelvis,loading,-1.0071,-0.4186,0.1929,-14.9536,84.2895,52.1240,t003,MADCF
2532456648,5596342,3,pelvis,loading,-1.0066,-0.4283,0.1470,-16.7847,91.6138,55.1147,t003,MADCF
2532456708,5596358,3,pelvis,loading,-1.2156,-0.4301,0.0782,-18.6768,85.4492,52.9175,t003,MADCF
2532456709,5596374,3,pelvis,loading,-1.3119,-0.3724,0.0653,-28.0151,89.1113,44.9219,t003,MADCF
2532456772,5596390,3,pelvis,loading,-1.2960,-0.2377,0.0325,-28.0762,97.5952,44.7388,t003,MADCF
2532456772,5596406,3,pelvis,loading,-1.2162,-0.2147,-0.0028,-11.2305,102.9053,48.7671,t003,MADCF
2532456773,5596422,3,pelvis,loading,-1.1144,-0.2157,-0.0966,-0.4272,96.4355,47.4243,t003,MADCF
2532456773,5596439,3,pelvis,loading,-1.0883,-0.2070,-0.2922,1.8921,74.9512,32.1045,t003,MADCF
2532456774,5596454,3,pelvis,loading,-1.0863,-0.2355,-0.4304,-27.2217,52.6123,17.1509,t003,MADCF
2532456832,5596471,3,pelvis,loading,-1.1195,-0.3481,-0.5815,-43.0298,52.6733,19.5923,t003,MADCF
2532456834,5596487,3,pelvis,loading,-1.0817,-0.3589,-0.5470,-50.2930,75.4395,32.1045,t003,MADCF
2532456834,5596503,3,pelvis,loading,-0.9861,-0.2773,-0.4240,-46.2646,87.0972,32.5928,t003,MADCF
2532456835,5596519,3,pelvis,loading,-0.8898,-0.2332,-0.3185,-35.5835,99.5483,27.0996,t003,MADCF
2532456835,5596535,3,pelvis,loading,-0.8154,-0.2223,-0.2643,-24.0478,83.4351,17.5781,t003,MADCF
2532456898,5596551,3,pelvis,loading,-0.7224,-0.1527,-0.2126,-19.3481,69.0308,10.8032,t003,MADCF
2532456898,5596567,3,pelvis,loading,-0.7155,-0.0944,-0.2244,-8.7891,46.9360,-3.1128,t003,MADCF
2532456899,5596583,3,pelvis,loading,-0.7137,-0.0421,-0.2600,-0.6104,40.2222,-7.2021,t003,MADCF
2532456956,5596599,3,pelvis,loading,-0.7045,-0.1213,-0.2369,17.8833,30.2734,-8.6670,t003,MADCF
2532456959,5596615,3,pelvis,loading,-0.7247,-0.2017,-0.2059,25.9399,25.2686,-7.3853,t003,MADCF
2532456960,5596631,3,pelvis,loading,-0.7488,-0.3564,-0.1011,24.0478,26.1230,-6.2866,t003,MADCF
2532456967,5596647,3,pelvis,loading,-0.7471,-0.3966,-0.0183,13.4888,32.9590,-4.1504,t003,MADCF
2532457022,5596663,3,pelvis,loading,-0.7629,-0.4066,0.2170,7.2021,38.0859,-5.1880,t003,MADCF
2532457023,5596679,3,pelvis,loading,-0.8049,-0.3835,0.4373,-1.2207,47.9736,-10.4980,t003,MADCF
2532457023,5596695,3,pelvis,loading,-0.8119,-0.3748,0.4867,7.7515,50.7812,-9.5215,t003,MADCF
2532457024,5596711,3,pelvis,loading,-0.7727,-0.4137,0.4645,17.8223,48.4619,-4.3335,t003,MADCF
2532457081,5596727,3,pelvis,loading,-0.7274,-0.4498,0.4244,33.6304,40.4663,7.9346,t003,MADCF
2532457083,5596743,3,pelvis,loading,-0.6447,-0.4508,0.3278,36.4990,35.7666,11.2305,t003,MADCF
2532457083,5596759,3,pelvis,loading,-0.7198,-0.3961,0.2209,36.8652,23.4375,8.8501,t003,MADCF
2532457083,5596775,3,pelvis,loading,-0.8151,-0.4182,0.1735,34.4849,9.0332,4.2114,t003,MADCF
2532457145,5596791,3,pelvis,loading,-0.9940,-0.5427,0.1266,30.6396,3.5400,4.2725,t003,MADCF
2532457145,5596807,3,pelvis,loading,-0.9957,-0.5916,0.1375,18.0664,-3.4790,4.2114,t003,MADCF
2532457146,5596823,3,pelvis,loading,-0.8464,-0.6328,0.2286,10.3760,-5.7373,1.1597,t003,MADCF
2532457146,5596839,3,pelvis,loading,-0.7649,-0.6042,0.2727,-11.4746,-7.1411,-13.9770,t003,MADCF
2532457204,5596856,3,pelvis,loading,-0.6917,-0.4186,0.2833,-34.2407,-16.2354,-30.2124,t003,MADCF
2532457205,5596872,3,pelvis,loading,-0.7477,-0.2689,0.2677,-39.9780,-24.2310,-33.9966,t003,MADCF
2532457206,5596888,3,pelvis,loading,-0.7556,-0.2540,0.2139,-44.7998,-38.8794,-35.0952,t003,MADCF
2532457207,5596904,3,pelvis,loading,-0.7825,-0.2821,0.1367,-46.1426,-45.4102,-34.2407,t003,MADCF
2532457268,5596920,3,pelvis,loading,-1.0804,-0.3547,0.4760,-38.6963,-32.3486,-28.8696,t003,MADCF
2532457268,5596937,3,pelvis,loading,-1.2717,-0.4231,0.7856,-7.1411,30.4565,-28.5034,t003,MADCF
2532457269,5596953,3,pelvis,loading,-1.2798,-0.4503,0.9158,21.9116,53.5889,-28.1372,t003,MADCF
2532457269,5596969,3,pelvis,loading,-1.1167,-0.4161,0.7568,118.3472,24.1089,-20.2637,t003,MADCF
2532457327,5596984,3,pelvis,loading,-0.5923,-0.3649,0.0209,146.7285,-17.1509,-28.5034,t003,MADCF
2532457329,5597000,3,pelvis,loading,-0.7415,-0.5303,-0.4789,92.4072,-75.9277,-48.7671,t003,MADCF
2532457330,5597016,3,pelvis,loading,-0.7784,-0.5844,-0.5383,-45.8374,-33.9966,-34.8511,t003,MADCF
2532457390,5597033,3,pelvis,loading,-0.7466,-0.2246,-0.3721,-87.8296,-23.9258,-34.7900,t003,MADCF
2532457391,5597049,3,pelvis,loading,-0.9641,-0.0264,-0.2909,-78.2471,-66.2231,-53.7720,t003,MADCF
2532457391,5597065,3,pelvis,loading,-1.3854,0.0240,-0.4159,-75.8667,-80.5664,-60.4248,t003,MADCF
2532457391,5597081,3,pelvis,loading,-1.2356,0.0774,-0.3102,-84.0454,-67.8711,-60.4858,t003,MADCF
2532457446,5597098,3,pelvis,loading,-1.0930,0.1287,-0.2900,-41.9311,-64.3311,-54.5654,t003,MADCF
2532457448,5597114,3,pelvis,loading,-0.9510,0.1206,-0.2590,-9.4604,-65.7959,-49.6826,t003,MADCF
2532457448,5597130,3,pelvis,loading,-0.9774,0.0569,-0.2365,28.9307,-65.3687,-35.8887,t003,MADCF
2532457449,5597146,3,pelvis,loading,-1.0485,-0.0897,-0.1874,29.6020,-64.9414,-30.1514,t003,MADCF
2532457507,5597162,3,pelvis,loading,-1.0321,-0.0693,-0.1299,7.3242,-67.8711,-27.9541,t003,MADCF
2532457508,5597179,3,pelvis,loading,-1.0065,-0.0132,-0.1143,-24.1699,-75.5615,-33.8745,t003,MADCF
2532457508,5597195,3,pelvis,loading,-0.9769,0.1038,-0.1194,-34.5459,-80.6274,-36.0718,t003,MADCF
2532457564,5597211,3,pelvis,loading,-1.0020,0.1008,-0.1458,-34.1187,-89.6606,-35.4614,t003,MADCF
2532457565,5597227,3,pelvis,midstance,-1.0049,0.0420,-0.1488,-19.7144,-93.5669,-33.3252,t003,MADCF
2532457565,5597243,3,pelvis,midstance,-0.9585,-0.0563,-0.1287,-16.2354,-94.3603,-32.7148,t003,MADCF
2532457566,5597260,3,pelvis,midstance,-0.9227,-0.0734,-0.1235,-19.6533,-95.7031,-32.5317,t003,MADCF
2532457631,5597276,3,pelvis,midstance,-0.8840,-0.0857,-0.1525,-22.0947,-95.8252,-31.8603,t003,MADCF
2532457631,5597293,3,pelvis,midstance,-0.9194,-0.1010,-0.1543,-23.9868,-94.1772,-28.0762,t003,MADCF
2532457632,5597309,3,pelvis,midstance,-0.9421,-0.1041,-0.1401,-24.1089,-93.6890,-26.7334,t003,MADCF
2532457632,5597325,3,pelvis,midstance,-0.9545,-0.0536,-0.1449,-24.6582,-94.4214,-27.4048,t003,MADCF
2532457690,5597342,3,pelvis,midstance,-1.0077,0.0033,-0.1715,-21.6675,-90.9424,-26.8555,t003,MADCF
2532457690,5597358,3,pelvis,terminal,-1.0206,0.0042,-0.1582,-9.7656,-77.6978,-22.3389,t003,MADCF
2532457691,5597375,3,pelvis,terminal,-1.0027,-0.0609,-0.0856,-4.8828,-69.5190,-19.1650,t003,MADCF
2532457691,5597391,3,pelvis,terminal,-0.9781,-0.1021,-0.0657,-3.1128,-61.0962,-13.1226,t003,MADCF
2532457757,5597407,3,pelvis,terminal,-0.9413,-0.1547,-0.0988,-3.4790,-60.9131,-11.2305,t003,MADCF
2532457757,5597423,3,pelvis,terminal,-0.9559,-0.1608,-0.1700,-2.6245,-60.1196,-9.8267,t003,MADCF
2532457758,5597440,3,pelvis,terminal,-0.9423,-0.1510,-0.2064,-7.8735,-54.8096,-11.5356,t003,MADCF
2532457758,5597456,3,pelvis,terminal,-0.8894,-0.1174,-0.2318,-11.8408,-52.4902,-12.8174,t003,MADCF
2532457816,5597472,3,pelvis,terminal,-0.8977,-0.0795,-0.2166,-18.3716,-51.6357,-15.0757,t003,MADCF
2532457818,5597489,3,pelvis,terminal,-0.9080,-0.0585,-0.2335,-25.6958,-53.1006,-14.7095,t003,MADCF
2532457819,5597505,3,pelvis,terminal,-0.9370,-0.0352,-0.2953,-28.1982,-53.6499,-13.8550,t003,MADCF
2532457821,5597521,3,pelvis,terminal,-0.9388,-0.0364,-0.3224,-30.5176,-55.1147,-12.6953,t003,MADCF
2532457880,5597538,3,pelvis,terminal,-0.9054,-0.0742,-0.3693,-32.5317,-56.4575,-12.8174,t003,MADCF
2532457880,5597554,3,pelvis,terminal,-0.8861,-0.1000,-0.3561,-37.7197,-56.8848,-12.9395,t003,MADCF
2532457881,5597570,3,pelvis,terminal,-0.8953,-0.1000,-0.3265,-41.3818,-54.7485,-12.3291,t003,MADCF
2532457938,5597587,3,pelvis,terminal,-0.9618,-0.0741,-0.2731,-42.8467,-54.1382,-10.9253,t003,MADCF
2532457938,5597603,3,pelvis,swing,-1.0094,-0.0675,-0.2612,-47.3633,-53.0395,-5.7373,t003,MADCF
2532457939,5597619,3,pelvis,swing,-1.0728,-0.0355,-0.2277,-48.1567,-49.9268,0.7935,t003,MADCF
2532457939,5597635,3,pelvis,swing,-1.1324,-0.0814,-0.1708,-46.8750,-46.8140,4.1504,t003,MADCF
2532458003,5597652,3,pelvis,swing,-1.1675,-0.1703,-0.1095,-49.0723,-34.9121,12.6953,t003,MADCF
2532458004,5597668,3,pelvis,swing,-1.2383,-0.3701,0.0819,-52.5513,-27.0386,18.2495,t003,MADCF
2532458004,5597684,3,pelvis,swing,-1.3751,-0.4849,0.2466,-56.4575,-3.8452,31.3721,t003,MADCF
2532458005,5597700,3,pelvis,swing,-1.4814,-0.5267,0.3202,-52.1851,38.9404,51.1475,t003,MADCF
2532458064,5597716,3,pelvis,swing,-1.5479,-0.5222,0.4382,-42.1143,69.1528,64.6973,t003,MADCF
2532458068,5597732,3,pelvis,swing,-1.4248,-0.4879,0.3787,-16.5405,108.7036,83.3740,t003,MADCF
2532458068,5597748,3,pelvis,swing,-1.3815,-0.2468,0.2527,-6.5918,106.6284,82.0312,t003,MADCF
2532458068,5597764,3,pelvis,swing,-1.4177,0.0704,-0.1647,-26.3672,95.7031,57.7393,t003,MADCF
2532458134,5597780,3,pelvis,swing,-1.4441,0.0552,-0.4045,-48.3398,103.7598,50.6592,t003,MADCF
2532458135,5597796,3,pelvis,swing,-1.5684,-0.0546,-0.6753,-38.3911,113.1592,50.2319,t003,MADCF
2532458135,5597812,3,pelvis,swing,-1.6986,-0.0995,-0.7568,2.2583,129.6387,42.4194,t003,MADCF
2532458151,5597828,3,pelvis,swing,-1.7073,-0.1658,-0.7816,10.5591,139.3433,39.2456,t003,MADCF
2532458194,5597844,3,pelvis,swing,-1.3307,-0.1049,-0.6365,2.8076,158.2642,28.4424,t003,MADCF
2532458196,5597860,3,pelvis,swing,-1.2723,-0.1312,-0.5647,-2.6245,164.3677,13.0615,t003,MADCF
2532458196,5597876,3,pelvis,swing,-1.3137,-0.1460,-0.6073,-2.5024,171.6919,9.3384,t003,MADCF
2532458196,5597892,3,pelvis,swing,-1.2501,-0.1381,-0.6787,-0.9155,169.9219,4.6997,t003,MADCF
2532458255,5597909,3,pelvis,swing,-1.1605,-0.2006,-0.6655,-1.6479,168.5791,4.6997,t003,MADCF
2532458255,5597925,3,pelvis,swing,-1.0081,-0.1715,-0.6479,-8.8501,171.9971,4.9438,t003,MADCF
2532458256,5597941,3,pelvis,swing,-0.9336,-0.1241,-0.6544,-2.5024,168.9453,6.5308,t003,MADCF
2532458256,5597957,3,pelvis,swing,-0.7936,-0.0398,-0.6324,8.3618,167.1142,7.3853,t003,MADCF
2532458309,5597973,3,pelvis,swing,-0.7448,-0.0272,-0.6400,38.3301,163.9404,7.2021,t003,MADCF
2532458311,5597989,3,pelvis,swing,-0.6262,-0.0342,-0.6484,54.5654,162.8418,7.8125,t003,MADCF
2532458312,5598005,3,pelvis,swing,-0.5632,-0.0757,-0.6395,81.6040,156.3110,20.8130,t003,MADCF
2532458335,5598020,3,pelvis,swing,-0.4578,-0.2065,-0.6155,89.7217,149.4141,32.2266,t003,MADCF
2532458369,5598036,3,pelvis,swing,-0.3645,-0.2981,-0.5833,90.2100,131.3477,51.7578,t003,MADCF
2532458370,5598052,3,pelvis,swing,-0.3354,-0.2853,-0.5636,67.5049,109.6191,58.6548,t003,MADCF
2532458370,5598068,3,pelvis,swing,-0.3510,-0.1765,-0.4729,54.5654,96.9849,55.0537,t003,MADCF
2532458426,5598084,3,pelvis,swing,-0.3634,-0.1665,-0.4338,24.5361,61.5845,32.8369,t003,MADCF
2532458428,5598101,3,pelvis,loading,-0.3400,-0.2318,-0.3036,0.1831,41.3208,16.2354,t003,MADCF
2532458428,5598116,3,pelvis,loading,-0.4620,-0.3010,0.0912,-61.2793,14.8315,-21.2402,t003,MADCF
2532458478,5598132,3,pelvis,loading,-0.6122,-0.2788,0.3794,-78.3691,35.8276,-43.2129,t003,MADCF
2532458486,5598148,3,pelvis,loading,-0.9778,-0.1261,0.8757,-60.1196,62.7441,-47.2412,t003,MADCF
2532458486,5598164,3,pelvis,loading,-1.1123,-0.1022,0.9990,-10.2539,90.0879,-50.2930,t003,MADCF
2532458486,5598181,3,pelvis,loading,-1.0240,-0.3373,1.0000,7.8125,74.5239,-44.9219,t003,MADCF
2532458542,5598196,3,pelvis,loading,-0.6406,-0.6637,0.7999,27.6489,10.2539,-16.6016,t003,MADCF
2532458542,5598213,3,pelvis,loading,-0.5592,-0.6840,0.7126,60.7910,-20.9961,29.6020,t003,MADCF
2532458543,5598228,3,pelvis,loading,-0.6547,-0.5547,0.4694,89.7217,-16.4795,49.4385,t003,MADCF
2532458608,5598244,3,pelvis,loading,-0.7433,-0.5219,0.2876,142.8833,-13.8550,68.1763,t003,MADCF
2532458608,5598260,3,pelvis,loading,-0.7015,-0.6104,0.0946,156.1279,-18.7378,62.3169,t003,MADCF
2532458609,5598276,3,pelvis,loading,-0.4205,-0.5781,0.0155,161.9873,-31.0059,1.7090,t003,MADCF
2532458609,5598292,3,pelvis,loading,-0.6084,-0.4440,0.1493,73.8525,-32.9590,-71.9604,t003,MADCF
2532458667,5598309,3,pelvis,loading,-1.2758,-0.8716,0.9167,-4.6387,13.3667,-66.8945,t003,MADCF
2532458669,5598325,3,pelvis,loading,-1.5198,-1.0726,0.7307,-59.8144,30.2734,-11.8408,t003,MADCF
2532458669,5598341,3,pelvis,loading,-1.7150,-0.9445,-0.3901,-11.9629,-19.2871,-20.5688,t003,MADCF
2532458731,5598357,3,pelvis,loading,-0.7421,-0.5287,-0.7756,-71.1060,-70.3125,-67.9932,t003,MADCF
2532458732,5598373,3,pelvis,midstance,-0.2748,-0.1022,-0.9160,-226.8066,-75.5615,-56.3965,t003,MADCF
2532458733,5598390,3,pelvis,midstance,-0.6279,0.6932,-0.6666,-209.0454,-86.1816,-56.7017,t003,MADCF
2532458790,5598406,3,pelvis,midstance,-1.1233,0.9286,-0.5411,-75.6226,-109.1309,-73.3032,t003,MADCF
2532458792,5598422,3,pelvis,midstance,-1.7324,0.6259,-0.4613,-22.5830,-103.8818,-72.8149,t003,MADCF
2532458793,5598438,3,pelvis,midstance,-1.3760,0.1498,-0.2505,32.2876,-79.1626,-56.8237,t003,MADCF
2532458794,5598454,3,pelvis,midstance,-1.1243,0.0071,-0.1539,57.4341,-71.1670,-46.7529,t003,MADCF
2532458794,5598470,3,pelvis,midstance,-0.8276,-0.1295,-0.0839,62.2559,-73.0591,-43.8843,t003,MADCF
2532458801,5598486,3,pelvis,midstance,-0.8110,-0.1542,-0.1031,54.3823,-80.8105,-30.2734,t003,MADCF
2532458857,5598502,3,pelvis,midstance,-0.8949,-0.2316,-0.1249,41.7480,-86.2427,-24.4141,t003,MADCF
2532458858,5598519,3,pelvis,midstance,-1.0087,-0.1368,-0.0605,8.1177,-95.8862,-26.9165,t003,MADCF
2532458858,5598535,3,pelvis,midstance,-1.0486,-0.0684,-0.0247,-13.0005,-97.4731,-35.9497,t003,MADCF
2532458916,5598551,3,pelvis,midstance,-1.0024,-0.0649,-0.0167,-15.3198,-98.0835,-40.5884,t003,MADCF
2532458917,5598568,3,pelvis,midstance,-0.9139,-0.2384,-0.0316,-13.8550,-96.8628,-45.2881,t003,MADCF
2532458918,5598584,3,pelvis,terminal,-0.8986,-0.3135,-0.0325,-21.1182,-93.9941,-39.3066,t003,MADCF
2532458918,5598600,3,pelvis,terminal,-0.9033,-0.2950,-0.0234,-29.4189,-93.9941,-34.4238,t003,MADCF
2532458919,5598616,3,pelvis,terminal,-0.9115,-0.2283,-0.0312,-46.6919,-98.0835,-28.3813,t003,MADCF
2532458979,5598633,3,pelvis,terminal,-0.9100,-0.0846,-0.0375,-50.1099,-99.6094,-28.5034,t003,MADCF
2532458979,5598649,3,pelvis,terminal,-0.9495,-0.0016,-0.0518,-44.7998,-100.5249,-28.5034,t003,MADCF
2532458979,5598665,3,pelvis,terminal,-1.0220,0.0135,-0.0999,-32.6538,-96.6186,-25.3906,t003,MADCF
2532458980,5598681,3,pelvis,terminal,-1.0636,-0.0159,-0.1985,-27.2827,-92.7124,-23.0103,t003,MADCF
2532459037,5598698,3,pelvis,terminal,-1.0210,-0.0530,-0.2206,-22.1558,-88.1348,-17.0288,t003,MADCF
2532459038,5598714,3,pelvis,terminal,-0.9078,-0.0876,-0.2266,-19.7144,-86.7309,-14.2212,t003,MADCF
2532459039,5598730,3,pelvis,terminal,-0.8802,-0.0540,-0.2275,-19.0430,-90.2710,-10.4980,t003,MADCF
2532459097,5598746,3,pelvis,terminal,-0.8903,-0.0343,-0.2422,-18.0054,-99.8535,-11.7187,t003,MADCF
2532459097,5598763,3,pelvis,terminal,-0.9387,-0.0546,-0.2402,-13.2446,-102.0508,-13.8550,t003,MADCF
2532459098,5598779,3,pelvis,terminal,-0.9669,-0.1464,-0.1713,0.1831,-100.5249,-16.1133,t003,MADCF
2532459098,5598795,3,pelvis,terminal,-0.9805,-0.1956,-0.1199,1.7090,-89.9048,-16.5405,t003,MADCF
2532459153,5598811,3,pelvis,terminal,-0.9846,-0.2122,-0.0464,-3.8452,-82.0312,-16.1133,t003,MADCF
2532459154,5598827,3,pelvis,swing,-0.9910,-0.2057,-0.0272,-15.8691,-66.8335,-13.9770,t003,MADCF
2532459155,5598844,3,pelvis,swing,-0.9562,-0.2523,-0.0132,-22.0337,-61.5234,-13.6108,t003,MADCF
2532459159,5598860,3,pelvis,swing,-0.9843,-0.2749,-0.0507,-37.1094,-60.7910,-14.5874,t003,MADCF
2532459217,5598876,3,pelvis,swing,-1.0120,-0.2316,-0.0822,-47.0581,-58.4717,-10.8643,t003,MADCF
2532459218,5598893,3,pelvis,swing,-0.9780,-0.0829,-0.1486,-49.9878,-53.6499,-6.3477,t003,MADCF
2532459218,5598909,3,pelvis,swing,-0.9099,0.0430,-0.2788,-52.7954,-47.3633,1.0986,t003,MADCF
2532459273,5598925,3,pelvis,swing,-0.9608,0.0459,-0.3335,-51.3306,-47.3633,4.0894,t003,MADCF
2532459273,5598941,3,pelvis,swing,-1.1033,-0.0961,-0.3004,-52.0019,-46.5088,6.8359,t003,MADCF
2532459275,5598958,3,pelvis,swing,-1.1481,-0.1869,-0.2250,-58.1665,-36.8042,14.7095,t003,MADCF
2532459276,5598974,3,pelvis,swing,-1.2493,-0.3450,0.0059,-58.1665,-26.4893,19.4702,t003,MADCF
2532459334,5598990,3,pelvis,swing,-1.4091,-0.4857,0.2642,-51.4526,2.3193,33.2031,t003,MADCF
2532459335,5599006,3,pelvis,swing,-1.5085,-0.5503,0.3503,-39.5508,48.1567,56.3965,t003,MADCF
2532459335,5599022,3,pelvis,swing,-1.4984,-0.6077,0.3245,-28.1372,76.1719,69.2139,t003,MADCF
2532459388,5599038,3,pelvis,swing,-1.4391,-0.6010,0.2460,-0.4272,98.4497,87.7075,t003,MADCF
2532459390,5599054,3,pelvis,swing,-1.4076,-0.2932,0.1670,1.7090,94.2993,84.1675,t003,MADCF
2532459390,5599070,3,pelvis,swing,-1.4465,0.0935,-0.2808,-41.3208,84.1064,52.4902,t003,MADCF
2532459391,5599086,3,pelvis,swing,-1.5488,0.1556,-0.4954,-57.6172,87.5244,34.3628,t003,MADCF
2532459446,5599102,3,pelvis,swing,-1.7877,0.1028,-0.8055,-34.8511,99.0601,31.4331,t003,MADCF
2532459446,5599118,3,pelvis,swing,-1.8346,-0.0446,-0.8779,31.4331,131.5308,34.4849,t003,MADCF
2532459447,5599133,3,pelvis,swing,-1.4619,-0.2795,-0.7670,43.8232,146.4844,37.6587,t003,MADCF
2532459498,5599149,3,pelvis,swing,-1.2256,-0.3232,-0.6310,16.2354,159.2407,30.7617,t003,MADCF
2532459500,5599165,3,pelvis,swing,-1.1222,-0.3569,-0.4230,-4.8218,162.6587,23.6206,t003,MADCF
2532459501,5599181,3,pelvis,swing,-1.1427,-0.2384,-0.5380,-29.7241,159.0576,5.9814,t003,MADCF
2532459501,5599197,3,pelvis,swing,-1.1609,-0.2133,-0.5751,-23.7427,155.0903,0.6104,t003,MADCF
2532459558,5599213,3,pelvis,swing,-1.0360,-0.2034,-0.5931,-19.4702,157.9590,2.5024,t003,MADCF
2532459558,5599230,3,pelvis,swing,-0.9603,-0.1844,-0.5885,-12.3291,159.1187,3.7231,t003,MADCF
2532459558,5599246,3,pelvis,swing,-0.8358,-0.0856,-0.5092,-7.7515,158.5693,2.3193,t003,MADCF
2532459609,5599262,3,pelvis,swing,-0.8472,0.0308,-0.5154,9.5825,153.8696,0.3662,t003,MADCF
2532459610,5599278,3,pelvis,swing,-0.8500,0.0784,-0.5667,52.4292,157.0435,-3.6011,t003,MADCF
2532459610,5599294,3,pelvis,loading,-0.7518,0.1156,-0.6263,78.1250,162.7807,-3.4180,t003,MADCF
2532459610,5599310,3,pelvis,loading,-0.6849,0.0648,-0.6244,113.7085,166.2598,14.8315,t003,MADCF
2532459671,5599326,3,pelvis,loading,-0.5682,-0.1255,-0.5917,119.4458,162.4756,28.7476,t003,MADCF
2532459671,5599342,3,pelvis,loading,-0.4750,-0.2281,-0.5624,104.9194,147.5830,47.7295,t003,MADCF
2532459672,5599358,3,pelvis,loading,-0.4292,-0.2203,-0.5236,68.2983,127.0142,45.1660,t003,MADCF
2532459673,5599374,3,pelvis,loading,-0.3840,-0.2351,-0.4261,47.3022,112.1216,36.2549,t003,MADCF
2532459725,5599390,3,pelvis,loading,-0.3585,-0.2332,-0.3972,-4.6387,72.6929,8.3008,t003,MADCF
2532459727,5599406,3,pelvis,loading,-0.2781,-0.1466,-0.3387,-33.2642,50.9644,-10.2539,t003,MADCF
2532459728,5599422,3,pelvis,loading,-0.2540,-0.0409,-0.1578,-75.2563,15.5640,-50.2930,t003,MADCF
2532459784,5599439,3,pelvis,loading,-0.3447,0.0551,0.0378,-55.8472,12.5122,-75.7446,t003,MADCF
2532459785,5599455,3,pelvis,loading,-0.7000,0.1097,0.4655,-26.4282,26.9775,-79.4067,t003,MADCF
2532459785,5599471,3,pelvis,loading,-0.9199,-0.0096,0.6075,28.0151,55.1758,-63.5986,t003,MADCF
2532459785,5599487,3,pelvis,loading,-1.3584,-0.5280,1.0043,52.8564,62.0728,-43.4570,t003,MADCF
2532459837,5599503,3,pelvis,loading,-1.0920,-1.1729,1.2966,89.7217,67.6880,4.6997,t003,MADCF
2532459839,5599518,3,pelvis,loading,-0.8357,-1.2467,1.3400,91.7358,50.5371,31.7383,t003,MADCF
2532459840,5599534,3,pelvis,loading,-0.6421,-0.8574,1.0444,98.6938,36.3159,33.1421,t003,MADCF
2532459896,5599550,3,pelvis,loading,-0.6583,-0.6606,0.7599,120.2393,-2.9297,20.2026,t003,MADCF
2532459897,5599566,3,pelvis,midstance,-0.5647,-0.2787,0.0387,120.3003,-30.3345,8.1177,t003,MADCF
2532459897,5599582,3,pelvis,midstance,-0.7313,-0.5701,-0.0834,106.3843,-77.1484,-14.7095,t003,MADCF
2532459897,5599599,3,pelvis,midstance,-1.1781,-0.9553,0.5247,80.9936,23.6206,-7.3242,t003,MADCF
2532459952,5599615,3,pelvis,midstance,-1.0992,-0.8678,0.7168,59.6313,82.0923,-3.9673,t003,MADCF
2532459953,5599631,3,pelvis,midstance,-0.9502,-0.7092,0.4532,37.7808,25.2686,5.9204,t003,MADCF
2532459953,5599646,3,pelvis,midstance,-1.1208,-0.9061,-0.0696,33.1421,-19.8364,2.3193,t003,MADCF
2532460009,5599663,3,pelvis,midstance,-1.0352,-0.4802,-0.6545,-32.5928,-63.1103,-36.2549,t003,MADCF
2532460010,5599679,3,pelvis,midstance,-0.7948,-0.0918,-0.6924,-137.0850,-54.6875,-55.9082,t003,MADCF
2532460011,5599695,3,pelvis,midstance,-0.6813,0.4432,-0.4927,-158.5693,-53.7720,-63.2324,t003,MADCF
2532460011,5599711,3,pelvis,midstance,-0.8215,0.5840,-0.3726,-105.3467,-70.9839,-87.3413,t003,MADCF
2532460063,5599728,3,pelvis,midstance,-1.4547,0.4547,-0.5338,-68.4204,-90.7593,-89.2334,t003,MADCF
2532460063,5599744,3,pelvis,midstance,-1.4923,0.0476,-0.4875,-36.4990,-86.1816,-73.2422,t003,MADCF
2532460066,5599760,3,pelvis,midstance,-1.2421,-0.0640,-0.3854,5.4321,-69.5801,-50.9033,t003,MADCF
2532460123,5599776,3,pelvis,midstance,-0.8219,-0.1111,-0.2401,31.4331,-70.7397,-40.7104,t003,MADCF
2532460124,5599793,3,pelvis,midstance,-0.8014,-0.1127,-0.2240,52.6123,-80.5054,-26.9165,t003,MADCF
2532460124,5599809,3,pelvis,midstance,-0.9594,-0.1440,-0.1902,46.6919,-84.5947,-21.9727,t003,MADCF
2532460177,5599825,3,pelvis,midstance,-1.0337,-0.1442,-0.0842,18.9209,-90.1489,-24.1089,t003,MADCF
2532460177,5599841,3,pelvis,terminal,-1.0077,-0.1246,-0.0244,-22.0947,-94.2993,-38.7573,t003,MADCF
2532460178,5599858,3,pelvis,terminal,-0.9402,-0.1322,0.0647,-41.8701,-96.8018,-46.8140,t003,MADCF
2532460178,5599874,3,pelvis,terminal,-0.9480,-0.1271,0.0696,-68.2373,-101.4404,-57.0068,t003,MADCF
2532460241,5599890,3,pelvis,terminal,-0.9585,-0.0796,0.0613,-69.3970,-101.0132,-53.5278,t003,MADCF
2532460241,5599906,3,pelvis,terminal,-0.9546,0.0721,0.0471,-59.8755,-99.4873,-48.7671,t003,MADCF
2532460241,5599923,3,pelvis,terminal,-0.9609,0.1233,0.0343,-32.8979,-96.3745,-36.8042,t003,MADCF
2532460242,5599939,3,pelvis,terminal,-0.9510,0.1155,0.0291,-20.7520,-93.7500,-30.8228,t003,MADCF
2532460297,5599955,3,pelvis,terminal,-0.9332,0.0793,0.0187,-2.0142,-86.6089,-22.7051,t003,MADCF
2532460300,5599971,3,pelvis,terminal,-0.9426,0.0226,0.0046,8.3008,-81.8481,-21.7285,t003,MADCF
2532460300,5599987,3,pelvis,terminal,-0.9773,-0.1461,-0.0688,9.0332,-82.0312,-22.5830,t003,MADCF
2532460310,5600003,3,pelvis,terminal,-1.0128,-0.2008,-0.1151,5.1880,-79.7119,-18.7988,t003,MADCF
2532460358,5600019,3,pelvis,terminal,-1.0342,-0.2123,-0.0920,4.0894,-76.3550,-16.8457,t003,MADCF
2532460358,5600035,3,pelvis,terminal,-1.0009,-0.1678,0.0004,4.5166,-67.8711,-16.8457,t003,MADCF
2532460358,5600052,3,pelvis,terminal,-0.9764,-0.1578,0.0140,3.5400,-65.7349,-19.5313,t003,MADCF
2532460415,5600068,3,pelvis,swing,-0.9435,-0.2219,-0.0282,1.9531,-66.5894,-20.7520,t003,MADCF
2532460416,5600084,3,pelvis,swing,-0.9446,-0.2769,-0.0590,-10.4370,-64.6362,-21.9116,t003,MADCF
2532460417,5600101,3,pelvis,swing,-0.9380,-0.2777,-0.1504,-37.1094,-62.7441,-21.5454,t003,MADCF
2532460417,5600117,3,pelvis,swing,-0.8644,-0.0587,-0.2688,-48.5229,-63.2935,-21.3623,t003,MADCF
2532460472,5600133,3,pelvis,swing,-0.8467,0.0814,-0.3322,-55.0537,-69.2139,-22.9492,t003,MADCF
2532460473,5600149,3,pelvis,swing,-0.8895,0.2201,-0.4315,-51.1475,-74.2188,-23.1934,t003,MADCF
2532460473,5600165,3,pelvis,swing,-0.8795,0.1443,-0.4207,-38.4521,-82.1533,-19.4092,t003,MADCF
2532460528,5600181,3,pelvis,swing,-0.8727,0.0768,-0.3721,-27.8931,-83.1909,-14.4653,t003,MADCF
2532460530,5600197,3,pelvis,swing,-0.9648,-0.0643,-0.2458,-23.6206,-80.6885,-13.1226,t003,MADCF
2532460530,5600214,3,pelvis,swing,-1.0005,-0.1051,-0.1917,-22.4609,-72.6318,-13.3057,t003,MADCF
2532460530,5600230,3,pelvis,swing,-1.0313,-0.1233,-0.1223,-25.6348,-69.7632,-13.1836,t003,MADCF
2532460584,5600247,3,pelvis,swing,-1.0273,-0.1804,-0.0751,-32.2266,-66.7114,-9.5825,t003,MADCF
2532460585,5600263,3,pelvis,swing,-1.0044,-0.2335,-0.0437,-38.6353,-62.6831,-3.2959,t003,MADCF
2532460585,5600279,3,pelvis,swing,-1.0272,-0.2906,0.0249,-44.4336,-61.0962,-0.7324,t003,MADCF
2532460636,5600295,3,pelvis,swing,-1.1779,-0.3391,0.0800,-55.9082,-55.1758,3.6621,t003,MADCF
2532460639,5600312,3,pelvis,swing,-1.2372,-0.3898,0.1519,-61.3403,-36.8042,12.4512,t003,MADCF
2532460640,5600328,3,pelvis,swing,-1.3820,-0.5065,0.4424,-65.6128,-20.6299,20.2026,t003,MADCF
2532460695,5600344,3,pelvis,swing,-1.4720,-0.5593,0.6075,-70.6787,21.1182,40.6494,t003,MADCF
2532460695,5600360,3,pelvis,swing,-1.5808,-0.6932,0.7036,-66.9556,46.2036,52.6123,t003,MADCF
2532460696,5600376,3,pelvis,swing,-1.4489,-0.8176,0.2863,-41.3208,90.7593,95.2148,t003,MADCF
2532460696,5600392,3,pelvis,swing,-1.4381,-0.6967,0.0504,-31.1890,91.2476,112.6099,t003,MADCF
2532460747,5600408,3,pelvis,swing,-1.4052,0.0583,-0.4744,-56.9458,79.4678,87.3413,t003,MADCF
2532460750,5600424,3,pelvis,swing,-1.4268,0.2351,-0.7352,-104.0649,67.0776,46.2036,t003,MADCF
2532460750,5600440,3,pelvis,swing,-1.6797,0.0035,-0.8361,-87.8296,80.8716,49.3774,t003,MADCF
2532460807,5600456,3,pelvis,swing,-1.7661,0.0145,-0.8099,-18.3105,118.7134,40.9546,t003,MADCF
2532460807,5600472,3,pelvis,swing,-1.7079,0.2784,-0.7424,5.4321,135.0098,27.5879,t003,MADCF
2532460808,5600488,3,pelvis,swing,-1.3148,0.1991,-0.5869,15.5029,152.4048,19.4092,t003,MADCF
2532460808,5600504,3,pelvis,swing,-1.2035,0.0092,-0.5215,20.1416,154.4800,28.5034,t003,MADCF
2532460859,5600520,3,pelvis,swing,-1.0826,-0.1842,-0.6422,25.5737,154.5410,23.4985,t003,MADCF
2532460862,5600536,3,pelvis,swing,-1.0933,-0.2367,-0.6504,27.9541,148.8647,13.7939,t003,MADCF
2532460886,5600552,3,pelvis,swing,-1.1504,-0.2035,-0.5327,18.7988,152.1606,10.9253,t003,MADCF
2532460920,5600568,3,pelvis,swing,-1.0532,-0.0603,-0.6281,2.6855,152.2217,3.3569,t003,MADCF
2532460920,5600584,3,pelvis,swing,-0.9757,-0.0096,-0.6543,18.7988,156.7383,5.3711,t003,MADCF
2532460921,5600600,3,pelvis,swing,-0.8464,0.0227,-0.6096,35.4614,161.5600,9.6436,t003,MADCF
2532460921,5600616,3,pelvis,swing,-0.7753,-0.0297,-0.5858,69.4580,163.3301,18.7988,t003,MADCF
2532460974,5600632,3,pelvis,swing,-0.6511,-0.0884,-0.5636,80.9326,160.5835,22.5220,t003,MADCF
2532460975,5600648,3,pelvis,swing,-0.5444,-0.1356,-0.5588,95.2148,148.9868,34.8511,t003,MADCF
2532460976,5600664,3,pelvis,swing,-0.5063,-0.1793,-0.5411,99.3652,135.0708,49.0112,t003,MADCF
2532461033,5600680,3,pelvis,swing,-0.4949,-0.2380,-0.4563,95.7642,129.0283,50.6592,t003,MADCF
2532461033,5600696,3,pelvis,swing,-0.5175,-0.2810,-0.4159,73.1201,115.2344,46.6919,t003,MADCF
2532461033,5600712,3,pelvis,swing,-0.5504,-0.3575,-0.3706,52.6123,105.6518,44.4946,t003,MADCF
2532461034,5600728,3,pelvis,swing,-0.5543,-0.3262,-0.3070,8.9111,85.6934,35.6445,t003,MADCF
2532461086,5600744,3,pelvis,swing,-0.5345,-0.3018,-0.2678,-32.8369,64.7583,10.8643,t003,MADCF
2532461088,5600760,3,pelvis,loading,-0.4290,-0.2377,-0.2089,-54.9927,51.2695,-6.9580,t003,MADCF
2532461089,5600776,3,pelvis,loading,-0.3922,-0.2053,-0.1716,-84.8999,23.9258,-42.4805,t003,MADCF
2532461099,5600793,3,pelvis,loading,-0.4697,-0.0892,0.0071,-85.6323,16.7847,-56.4575,t003,MADCF
2532461147,5600809,3,pelvis,loading,-0.7545,-0.0107,0.3610,-59.5093,23.8647,-72.3877,t003,MADCF
2532461147,5600825,3,pelvis,loading,-0.9139,-0.0621,0.5339,-20.8740,41.2598,-67.1997,t003,MADCF
2532461148,5600841,3,pelvis,loading,-1.0826,-0.2563,0.8221,-5.4321,40.2832,-56.9458,t003,MADCF
2532461203,5600858,3,pelvis,loading,-1.0972,-0.3728,0.9675,17.1509,24.5972,-31.9214,t003,MADCF
2532461204,5600874,3,pelvis,loading,-0.9386,-0.5635,1.0863,23.8647,16.2354,-19.4702,t003,MADCF
2532461204,5600890,3,pelvis,loading,-0.7367,-0.5118,0.8685,43.5791,0.1831,4.7607,t003,MADCF
2532461205,5600905,3,pelvis,loading,-0.6920,-0.4988,0.7054,77.0264,-13.5498,21.6064,t003,MADCF
2532461260,5600921,3,pelvis,loading,-0.6774,-0.5773,0.3883,89.2334,-18.6157,27.5269,t003,MADCF
2532461261,5600937,3,pelvis,loading,-0.6337,-0.6365,0.2158,101.8677,-31.1279,36.4990,t003,MADCF
2532461261,5600954,3,pelvis,loading,-0.3831,-0.4569,-0.2196,96.0693,-44.5557,26.1230,t003,MADCF
2532461316,5600970,3,pelvis,loading,-0.6638,-0.6760,0.1161,51.8188,-63.1103,-35.2173,t003,MADCF
2532461316,5600986,3,pelvis,midstance,-1.0050,-0.7375,0.5177,41.1987,-1.1597,-77.1484,t003,MADCF
2532461317,5601002,3,pelvis,midstance,-1.1676,0.0414,0.7518,31.0059,8.9722,-84.7168,t003,MADCF
2532461317,5601018,3,pelvis,midstance,-1.2570,-0.1929,0.8177,-12.3291,-13.1836,-39.9780,t003,MADCF
2532461374,5601034,3,pelvis,midstance,-1.8605,-1.3055,0.1847,-3.8452,-38.3911,-16.6016,t003,MADCF
2532461374,5601050,3,pelvis,midstance,-1.3796,-0.6320,-0.3892,-12.1460,-73.1201,-46.6309,t003,MADCF
2532461375,5601066,3,pelvis,midstance,-0.8503,-0.0287,-0.5635,-89.8437,-74.7070,-54.8096,t003,MADCF
2532461430,5601083,3,pelvis,midstance,-0.5386,0.5829,-0.8534,-112.1216,-66.1011,-47.7295,t003,MADCF
2532461431,5601099,3,pelvis,midstance,-0.5350,0.6161,-0.6493,-49.6216,-53.2837,-48.5840,t003,MADCF
2532461431,5601115,3,pelvis,midstance,-0.9661,0.4874,-0.4806,25.2075,-82.5806,-44.6777,t003,MADCF
2532461431,5601131,3,pelvis,midstance,-1.4298,0.1133,-0.4796,39.5508,-85.3882,-40.6494,t003,MADCF
2532461489,5601147,3,pelvis,midstance,-1.4044,-0.1227,-0.3806,49.5605,-75.9277,-38.2080,t003,MADCF
2532461489,5601163,3,pelvis,midstance,-0.9813,-0.2150,-0.1556,47.6685,-75.4395,-37.2925,t003,MADCF
2532461490,5601180,3,pelvis,midstance,-0.7980,0.0312,-0.1218,32.8369,-85.0830,-32.2266,t003,MADCF
2532461544,5601195,3,pelvis,midstance,-0.8569,0.0455,-0.1212,18.1885,-92.3462,-25.5737,t003,MADCF
2532461546,5601211,3,pelvis,midstance,-1.0100,-0.1163,-0.0630,11.2915,-93.1396,-25.4517,t003,MADCF
2532461547,5601227,3,pelvis,midstance,-1.0295,-0.1860,-0.0249,-6.0425,-93.8110,-36.4380,t003,MADCF
2532461566,5601244,3,pelvis,midstance,-0.9907,-0.1812,-0.0071,-14.1602,-93.8110,-43.1519,t003,MADCF
2532461606,5601260,3,pelvis,midstance,-0.9238,-0.1414,-0.0436,-20.9961,-90.6372,-44.6777,t003,MADCF
2532461606,5601276,3,pelvis,terminal,-0.8811,-0.1346,-0.0482,-19.8364,-88.5010,-35.4614,t003,MADCF
2532461607,5601293,3,pelvis,terminal,-0.8979,-0.1692,-0.0195,-18.4326,-88.4399,-30.5786,t003,MADCF
2532461642,5601309,3,pelvis,terminal,-0.9763,-0.1737,0.0016,-17.0898,-85.0220,-25.1465,t003,MADCF
2532461664,5601325,3,pelvis,terminal,-1.0067,-0.1266,0.0328,-19.0430,-81.6650,-25.1465,t003,MADCF
2532461665,5601341,3,pelvis,terminal,-0.9597,-0.0432,-0.0337,-26.9165,-80.6885,-25.3296,t003,MADCF
2532461665,5601358,3,pelvis,terminal,-0.9615,-0.0496,-0.0846,-26.2451,-78.9185,-21.9727,t003,MADCF
2532461723,5601374,3,pelvis,terminal,-0.9530,-0.1049,-0.2323,-25.0244,-76.9653,-18.3716,t003,MADCF
2532461723,5601390,3,pelvis,terminal,-0.9354,-0.1381,-0.3022,-27.1606,-74.3408,-11.9629,t003,MADCF
2532461724,5601407,3,pelvis,terminal,-0.8445,-0.1482,-0.3657,-28.6865,-78.8574,-12.3901,t003,MADCF
2532461724,5601423,3,pelvis,terminal,-0.8615,-0.1128,-0.3695,-27.1606,-82.5195,-14.4653,t003,MADCF
2532461779,5601439,3,pelvis,swing,-0.8853,-0.1138,-0.3563,-26.8555,-86.7309,-18.3716,t003,MADCF
2532461780,5601456,3,pelvis,swing,-0.8807,-0.1277,-0.2861,-30.0903,-88.1958,-20.4468,t003,MADCF
2532461780,5601472,3,pelvis,swing,-0.9182,-0.0898,-0.2235,-41.9922,-93.3838,-23.9868,t003,MADCF
2532461838,5601488,3,pelvis,swing,-0.9469,-0.0284,-0.2091,-47.3633,-96.0083,-24.9023,t003,MADCF
2532461839,5601504,3,pelvis,swing,-0.9968,0.0780,-0.1770,-43.2129,-94.3603,-25.0854,t003,MADCF
2532461839,5601521,3,pelvis,swing,-0.9960,0.0743,-0.1531,-30.8228,-89.1724,-23.4375,t003,MADCF
2532461840,5601537,3,pelvis,swing,-0.9846,-0.1122,-0.1035,-28.4424,-87.7075,-20.9961,t003,MADCF
2532461896,5601553,3,pelvis,swing,-1.0288,-0.3225,-0.0289,-32.7759,-85.0830,-14.6484,t003,MADCF
2532461897,5601569,3,pelvis,swing,-1.0559,-0.3290,0.0031,-49.7436,-75.0122,-9.7046,t003,MADCF
2532461898,5601586,3,pelvis,swing,-1.0970,-0.2306,0.0103,-59.2041,-67.3828,-7.2632,t003,MADCF
2532461942,5601602,3,pelvis,swing,-1.1367,-0.1187,-0.0134,-64.2090,-53.0395,-1.9531,t003,MADCF
2532461955,5601618,3,pelvis,swing,-1.1758,-0.1428,-0.0056,-60.1807,-39.1235,4.9438,t003,MADCF
2532461955,5601634,3,pelvis,swing,-1.2234,-0.3383,0.1115,-60.6689,-30.8228,10.9863,t003,MADCF
2532461956,5601650,3,pelvis,swing,-1.2733,-0.4408,0.2260,-62.8052,-7.2021,28.3813,t003,MADCF
2532462010,5601666,3,pelvis,swing,-1.3840,-0.6407,0.4828,-60.1807,8.6670,37.9028,t003,MADCF
2532462012,5601682,3,pelvis,swing,-1.4792,-0.8483,0.6377,-54.8096,53.2227,62.0117,t003,MADCF
2532462012,5601698,3,pelvis,swing,-1.4692,-0.9091,0.6234,-51.0864,102.9053,96.9238,t003,MADCF
2532462058,5601714,3,pelvis,swing,-1.4265,-0.6039,0.2194,-40.8936,107.7270,108.7646,t003,MADCF
2532462070,5601730,3,pelvis,swing,-1.4362,-0.1895,-0.0773,-68.2373,71.6553,77.0874,t003,MADCF
2532462070,5601746,3,pelvis,swing,-1.6151,0.3007,-0.7583,-106.1401,59.7534,51.8188,t003,MADCF
2532462071,5601762,3,pelvis,swing,-1.9114,0.0692,-0.9911,-122.3144,83.4351,38.1470,t003,MADCF
2532462124,5601779,3,pelvis,swing,-2.0206,-0.0726,-0.9738,-24.7803,130.3711,27.8931,t003,MADCF
2532462127,5601795,3,pelvis,swing,-1.8246,-0.0217,-0.8982,12.0850,150.5737,16.2964,t003,MADCF
2532462127,5601811,3,pelvis,swing,-1.5333,-0.0142,-0.8334,21.3623,170.2270,7.2632,t003,MADCF
2532462128,5601827,3,pelvis,swing,-1.1334,-0.3254,-0.6143,12.8784,170.3491,14.7095,t003,MADCF
2532462185,5601843,3,pelvis,swing,-1.0367,-0.4551,-0.7129,-8.0566,166.3208,16.5405,t003,MADCF
2532462185,5601859,3,pelvis,swing,-1.0604,-0.4651,-0.7430,-19.1650,153.0151,0.8545,t003,MADCF
2532462185,5601876,3,pelvis,swing,-1.0463,-0.3568,-0.6775,-27.8320,154.9683,-2.6245,t003,MADCF
2532462240,5601892,3,pelvis,swing,-0.9801,-0.2523,-0.6832,-38.6353,158.3862,-4.3945,t003,MADCF
2532462242,5601908,3,pelvis,swing,-0.8174,-0.1038,-0.6677,-32.9590,158.6304,-4.3945,t003,MADCF
2532462243,5601924,3,pelvis,swing,-0.7618,0.0073,-0.6328,-4.6997,158.6304,-5.5542,t003,MADCF
2532462243,5601940,3,pelvis,swing,-0.7076,0.0442,-0.6603,43.6401,164.1235,-8.9111,t003,MADCF
2532462302,5601957,3,pelvis,swing,-0.5222,0.0065,-0.7050,70.3735,166.9311,-4.6387,t003,MADCF
2532462302,5601973,3,pelvis,swing,-0.4479,-0.0594,-0.6919,106.7505,162.9639,17.5781,t003,MADCF
2532462303,5601989,3,pelvis,swing,-0.3597,-0.1531,-0.6522,112.2436,154.9072,29.5410,t003,MADCF
2532462303,5602005,3,pelvis,swing,-0.3024,-0.1742,-0.6604,105.9570,128.2349,43.5181,t003,MADCF
2532462359,5602021,3,pelvis,swing,-0.2811,-0.1876,-0.6448,83.0078,94.5434,40.1001,t003,MADCF
2532462360,5602036,3,pelvis,swing,-0.2922,-0.2565,-0.5565,62.0728,74.8901,31.4331,t003,MADCF
2532462360,5602052,3,pelvis,swing,-0.2970,-0.2955,-0.4984,-12.2681,22.5220,0.6104,t003,MADCF
2532462419,5602069,3,pelvis,swing,-0.3027,-0.3418,-0.2927,-61.4624,-2.8687,-21.7895,t003,MADCF
2532462420,5602085,3,pelvis,swing,-0.5643,-0.3147,0.1993,-134.3994,-17.3340,-65.6128,t003,MADCF
2532462420,5602101,3,pelvis,swing,-0.7883,-0.1917,0.5115,-138.2446,34.3018,-85.6934,t003,MADCF
2532462420,5602117,3,pelvis,swing,-1.2485,0.2267,0.9047,-131.9580,66.4673,-88.6230,t003,MADCF
2532462477,5602133,3,pelvis,loading,-1.4720,0.4183,1.0841,-80.9936,89.4775,-90.9424,t003,MADCF
2532462478,5602149,3,pelvis,loading,-1.1252,-0.1121,1.0232,-24.6582,82.3975,-80.6885,t003,MADCF
2532462479,5602165,3,pelvis,loading,-0.4316,-1.1154,1.0469,72.2046,41.7480,-19.9585,t003,MADCF
2532462480,5602181,3,pelvis,loading,-0.3356,-1.0073,1.1710,119.1406,21.5454,46.6919,t003,MADCF
2532462538,5602197,3,pelvis,loading,-0.4937,-0.4598,0.8292,141.6016,17.1509,51.8799,t003,MADCF
2532462539,5602213,3,pelvis,loading,-0.6528,-0.4093,0.5275,181.5796,-20.2026,36.9263,t003,MADCF
2532462539,5602229,3,pelvis,loading,-0.7672,-0.2891,-0.1547,182.6782,-50.2319,29.1748,t003,MADCF
2532462596,5602245,3,pelvis,loading,-0.7561,-0.8378,-0.1067,153.9307,-92.4072,7.2021,t003,MADCF
2532462598,5602261,3,pelvis,loading,-0.8484,-1.2804,0.3365,138.4888,-38.6353,15.9912,t003,MADCF
2532462599,5602277,3,pelvis,loading,-0.8612,-1.1946,0.7318,90.2710,8.4839,23.1323,t003,MADCF
2532462599,5602293,3,pelvis,loading,-0.8689,-1.1177,0.5192,-25.2686,35.4614,29.1138,t003,MADCF
2532462662,5602309,3,pelvis,loading,-1.4565,-1.5051,-0.2074,-24.3530,-6.2256,15.1367,t003,MADCF
2532462663,5602326,3,pelvis,loading,-1.2239,-0.9341,-0.3259,-127.3804,-71.1670,-53.6499,t003,MADCF
2532462663,5602342,3,pelvis,loading,-0.9288,-0.0557,-0.7854,-302.8564,-103.6377,-67.8711,t003,MADCF
2532462663,5602358,3,pelvis,loading,-0.7721,1.0577,-1.2288,-307.4341,-111.2060,-57.7393,t003,MADCF
2532462722,5602374,3,pelvis,loading,-0.8073,1.2788,-0.9349,-154.9072,-101.6846,-72.8149,t003,MADCF
2532462722,5602391,3,pelvis,midstance,-1.2429,1.0531,-0.5192,-58.7158,-97.4731,-77.6367,t003,MADCF
2532462723,5602407,3,pelvis,midstance,-1.4871,0.2877,-0.5482,58.1055,-78.0640,-41.1377,t003,MADCF
2532462723,5602423,3,pelvis,midstance,-1.3955,-0.0515,-0.5236,97.5952,-56.1523,-17.8833,t003,MADCF
2532462792,5602439,3,pelvis,midstance,-1.0200,-0.3673,-0.3451,94.3603,-53.8330,-19.6533,t003,MADCF
2532462792,5602456,3,pelvis,midstance,-0.8490,-0.2958,-0.2301,60.5469,-69.1528,-25.4517,t003,MADCF
2532462793,5602472,3,pelvis,midstance,-0.9036,-0.2383,-0.2045,16.9067,-88.4399,-22.6440,t003,MADCF
2532462793,5602488,3,pelvis,midstance,-0.9999,-0.0701,-0.1616,-2.6245,-93.2617,-20.3857,t003,MADCF
2532462854,5602505,3,pelvis,midstance,-1.0190,0.0383,-0.1412,-21.7895,-93.2617,-20.3247,t003,MADCF
2532462855,5602521,3,pelvis,midstance,-0.9865,0.1132,-0.0731,-19.4702,-91.2476,-22.8271,t003,MADCF
2532462856,5602537,3,pelvis,midstance,-0.9342,-0.0974,-0.0330,-7.6904,-91.4307,-32.4097,t003,MADCF
2532462857,5602553,3,pelvis,midstance,-0.9116,-0.1938,-0.0051,-14.2822,-89.4775,-41.0767,t003,MADCF
2532462922,5602569,3,pelvis,midstance,-0.9044,-0.1738,0.0854,-22.5220,-87.0361,-41.6870,t003,MADCF
2532462922,5602586,3,pelvis,midstance,-0.9323,-0.1165,0.1077,-33.1421,-85.6934,-34.6680,t003,MADCF
2532462923,5602602,3,pelvis,midstance,-0.9216,-0.0674,0.0814,-25.0244,-84.1064,-21.1792,t003,MADCF
2532462982,5602618,3,pelvis,midstance,-0.9822,-0.1060,0.0067,-13.1836,-81.1157,-13.6108,t003,MADCF
2532462983,5602634,3,pelvis,terminal,-1.0560,-0.1428,-0.0184,14.4043,-70.9229,-1.8311,t003,MADCF
2532462983,5602650,3,pelvis,terminal,-1.0618,-0.2936,-0.0133,22.5830,-64.8804,-0.1831,t003,MADCF
2532462984,5602667,3,pelvis,terminal,-0.9719,-0.3413,-0.0542,26.1841,-55.4199,-3.1738,t003,MADCF
2532462984,5602683,3,pelvis,terminal,-0.9115,-0.2655,-0.1400,13.4888,-62.8662,-6.1035,t003,MADCF
2532463052,5602699,3,pelvis,terminal,-0.7970,-0.0754,-0.3776,0.0610,-76.3550,-7.3853,t003,MADCF
2532463053,5602715,3,pelvis,terminal,-0.7964,-0.0310,-0.4841,-24.0478,-101.1352,-11.4746,t003,MADCF
2532463053,5602732,3,pelvis,terminal,-0.8834,0.0076,-0.5797,-29.4800,-106.6284,-12.2070,t003,MADCF
2532463053,5602748,3,pelvis,terminal,-0.9226,0.0055,-0.4888,-25.0244,-105.4077,-13.0615,t003,MADCF
2532463116,5602764,3,pelvis,terminal,-0.9319,-0.0714,-0.3794,-11.4746,-99.3042,-19.7754,t003,MADCF
2532463117,5602781,3,pelvis,terminal,-0.9001,-0.2166,-0.1024,-6.1035,-96.6797,-21.9116,t003,MADCF
2532463118,5602797,3,pelvis,terminal,-0.9138,-0.2416,0.0056,-3.6621,-93.7500,-20.8130,t003,MADCF
2532463119,5602813,3,pelvis,terminal,-1.0138,-0.2122,0.1052,-7.0801,-86.3037,-15.7471,t003,MADCF
2532463182,5602829,3,pelvis,terminal,-1.0902,-0.1412,0.1472,-5.2490,-79.1016,-13.1226,t003,MADCF
2532463183,5602845,3,pelvis,swing,-1.0887,-0.1619,0.1663,1.2207,-67.6880,-10.4980,t003,MADCF
2532463184,5602862,3,pelvis,swing,-1.0065,-0.2894,0.1069,-0.9155,-64.2700,-8.2397,t003,MADCF
2532463184,5602878,3,pelvis,swing,-0.9353,-0.3243,-0.0817,-22.5220,-58.5327,-0.4883,t003,MADCF
2532463246,5602894,3,pelvis,swing,-0.9355,-0.2960,-0.2040,-50.7812,-51.3916,6.5308,t003,MADCF
2532463247,5602911,3,pelvis,swing,-0.9005,-0.1874,-0.3719,-59.7534,-48.4619,8.1787,t003,MADCF
2532463248,5602927,3,pelvis,swing,-0.9130,-0.1489,-0.4044,-65.9180,-48.4619,8.6670,t003,MADCF
2532463248,5602943,3,pelvis,swing,-1.0750,-0.1930,-0.3029,-67.3828,-48.8892,9.7656,t003,MADCF
2532463313,5602959,3,pelvis,swing,-1.2393,-0.2479,-0.0632,-67.5049,-43.1519,14.5264,t003,MADCF
2532463314,5602975,3,pelvis,swing,-1.3246,-0.3414,0.0592,-52.7954,-23.4985,27.7100,t003,MADCF
2532463314,5602991,3,pelvis,swing,-1.3267,-0.5209,0.2620,-43.3960,-10.0098,39.7339,t003,MADCF
2532463314,5603007,3,pelvis,swing,-1.3717,-0.5706,0.4004,-26.7944,31.7383,69.0918,t003,MADCF
2532463376,5603023,3,pelvis,swing,-1.4496,-0.4948,0.6113,-21.0571,61.2183,75.2563,t003,MADCF
2532463377,5603039,3,pelvis,swing,-1.6379,-0.1495,0.4592,4.0283,91.3696,76.8433,t003,MADCF
2532463377,5603055,3,pelvis,swing,-1.7065,0.1350,0.3037,3.8452,92.1631,64.4531,t003,MADCF
2532463378,5603071,3,pelvis,swing,-1.6272,0.3727,-0.3040,-11.7798,94.0552,57.7393,t003,MADCF
2532463440,5603087,3,pelvis,swing,-1.5917,0.2584,-0.6345,-12.8174,103.2715,67.6270,t003,MADCF
2532463440,5603103,3,pelvis,swing,-1.7328,-0.1017,-0.9463,10.8643,113.7695,72.3877,t003,MADCF
2532463441,5603119,3,pelvis,swing,-1.8298,-0.3546,-0.9260,61.8896,144.5923,62.3169,t003,MADCF
2532463441,5603135,3,pelvis,swing,-1.7102,-0.3560,-0.8927,43.3350,164.2456,41.2598,t003,MADCF
2532463501,5603151,3,pelvis,swing,-1.3765,-0.3694,-0.6927,20.5688,169.7998,32.4097,t003,MADCF
2532463502,5603167,3,pelvis,swing,-1.2751,-0.3243,-0.6605,-10.5591,177.0019,14.4043,t003,MADCF
2532463502,5603183,3,pelvis,swing,-1.1898,-0.2679,-0.7565,-18.0054,168.0298,4.8218,t003,MADCF
2532463546,5603199,3,pelvis,swing,-1.0679,-0.2419,-0.7458,-28.8696,161.3769,0.8545,t003,MADCF
2532463565,5603216,3,pelvis,swing,-0.9692,-0.2045,-0.7366,-31.0059,161.7431,-0.7324,t003,MADCF
2532463566,5603232,3,pelvis,swing,-0.8733,-0.0680,-0.7578,-24.9634,160.5225,-4.6997,t003,MADCF
2532463566,5603248,3,pelvis,swing,-0.8431,0.0377,-0.7291,-0.2441,166.6260,-6.8970,t003,MADCF
2532463567,5603264,3,pelvis,swing,-0.8091,0.1707,-0.7161,23.0713,171.9971,-6.3477,t003,MADCF
2532463631,5603280,3,pelvis,swing,-0.6722,0.0647,-0.7780,88.6230,183.7158,1.5869,t003,MADCF
2532463632,5603296,3,pelvis,swing,-0.5591,-0.0494,-0.7573,135.8643,190.9180,34.9731,t003,MADCF
2532463632,5603312,3,pelvis,swing,-0.3792,-0.2198,-0.6317,137.1460,187.3169,50.5981,t003,MADCF
2532463633,5603328,3,pelvis,swing,-0.3437,-0.2478,-0.5721,112.8540,167.4194,62.5000,t003,MADCF
2532463698,5603344,3,pelvis,swing,-0.3621,-0.2841,-0.4469,98.8769,154.2969,59.9365,t003,MADCF
2532463698,5603360,3,pelvis,swing,-0.5010,-0.3531,-0.3043,70.9229,126.8921,44.5557,t003,MADCF
2532463699,5603376,3,pelvis,swing,-0.5713,-0.3694,-0.2434,25.2075,97.0459,22.5220,t003,MADCF
2532463699,5603393,3,pelvis,swing,-0.6112,-0.3402,-0.1483,-4.9438,81.3599,7.5073,t003,MADCF
2532463758,5603408,3,pelvis,swing,-0.6217,-0.2900,-0.1195,-65.0635,53.6499,-24.7192,t003,MADCF
2532463759,5603425,3,pelvis,loading,-0.5613,-0.2146,-0.0479,-88.8061,42.3584,-41.2598,t003,MADCF
2532463760,5603441,3,pelvis,loading,-0.5209,-0.1176,0.0557,-104.7974,26.4282,-72.5708,t003,MADCF
2532463760,5603457,3,pelvis,loading,-0.5686,-0.0470,0.1526,-76.5381,28.8696,-86.9141,t003,MADCF
2532463828,5603473,3,pelvis,loading,-0.8162,0.0017,0.3893,-53.0395,34.9121,-83.7402,t003,MADCF
2532463829,5603489,3,pelvis,loading,-0.9235,-0.1034,0.4791,-7.2021,34.3018,-57.8613,t003,MADCF
2532463829,5603505,3,pelvis,loading,-0.9618,-0.4320,0.7100,8.8501,26.5503,-38.8184,t003,MADCF
2532463829,5603521,3,pelvis,loading,-0.9225,-0.6044,0.9104,27.8320,21.5454,-9.1553,t003,MADCF
2532463873,5603537,3,pelvis,loading,-0.8578,-0.6655,0.9298,42.1753,22.2168,1.4648,t003,MADCF
2532463891,5603553,3,pelvis,loading,-0.7196,-0.6851,0.8514,52.4292,15.6860,3.5400,t003,MADCF
2532463893,5603569,3,pelvis,loading,-0.6938,-0.6158,0.7625,77.3315,-2.9907,6.1035,t003,MADCF
2532463894,5603585,3,pelvis,loading,-0.6549,-0.4320,0.4749,88.4399,-10.0708,5.0049,t003,MADCF
2532463960,5603601,3,pelvis,loading,-0.5035,-0.2024,0.0460,102.2339,-32.1045,-9.9487,t003,MADCF
2532463960,5603617,3,pelvis,loading,-0.5131,-0.3086,-0.0160,97.5342,-58.7158,-29.4800,t003,MADCF
2532463961,5603634,3,pelvis,loading,-1.2574,-0.8856,0.8237,90.3320,-34.4238,-24.1699,t003,MADCF
2532463961,5603650,3,pelvis,loading,-1.5038,-1.0780,1.1350,86.1206,62.1338,-3.1738,t003,MADCF
2532464021,5603666,3,pelvis,loading,-0.8518,-0.9607,0.3813,105.0415,27.6489,1.0986,t003,MADCF
2532464022,5603681,3,pelvis,midstance,-1.1737,-0.9246,0.0524,65.6738,-53.0395,3.6011,t003,MADCF
2532464022,5603698,3,pelvis,midstance,-1.2307,-0.6909,-0.3315,-47.1191,-57.3120,-25.0854,t003,MADCF
2532464023,5603714,3,pelvis,midstance,-0.9924,0.0446,-0.6892,-81.4819,-56.2134,-36.5601,t003,MADCF
2532464069,5603730,3,pelvis,midstance,-0.8367,0.2600,-0.6902,-117.0044,-49.6826,-54.6875,t003,MADCF
2532464096,5603746,3,pelvis,midstance,-0.7736,0.3691,-0.2966,-114.3799,-45.5322,-66.8945,t003,MADCF
2532464097,5603762,3,pelvis,midstance,-1.1829,0.3423,-0.3700,-67.1387,-71.4111,-75.0122,t003,MADCF
2532464097,5603779,3,pelvis,midstance,-1.4777,0.1270,-0.4661,-29.1138,-83.4961,-53.3447,t003,MADCF
2532464097,5603795,3,pelvis,midstance,-1.4019,-0.2549,-0.3822,-13.9160,-69.3359,-44.4336,t003,MADCF
2532464162,5603811,3,pelvis,midstance,-1.0721,-0.2485,-0.2407,13.1226,-52.2461,-32.6538,t003,MADCF
2532464163,5603827,3,pelvis,midstance,-0.6332,-0.0002,-0.0785,21.7285,-60.1196,-29.7241,t003,MADCF
2532464163,5603843,3,pelvis,terminal,-0.9050,0.0300,-0.0457,24.1699,-79.8340,-23.4375,t003,MADCF
2532464164,5603860,3,pelvis,terminal,-1.0602,-0.0427,-0.0072,11.9629,-79.0405,-22.7051,t003,MADCF
2532464236,5603876,3,pelvis,terminal,-1.0195,-0.1637,0.1277,-0.9155,-76.7822,-27.7710,t003,MADCF
2532464236,5603892,3,pelvis,terminal,-0.9575,-0.1746,0.1631,-32.1045,-81.1768,-42.3584,t003,MADCF
2532464237,5603908,3,pelvis,terminal,-0.9268,-0.1318,0.1000,-45.1660,-86.1206,-45.8984,t003,MADCF
2532464238,5603924,3,pelvis,terminal,-0.9360,-0.0663,0.0050,-50.3540,-88.6841,-39.7339,t003,MADCF
2532464239,5603940,3,pelvis,terminal,-0.9254,-0.0614,-0.0232,-21.4844,-80.1392,-25.2075,t003,MADCF
2532464302,5603956,3,pelvis,terminal,-0.9265,-0.0745,-0.0505,-4.5776,-76.9043,-17.5781,t003,MADCF
2532464304,5603973,3,pelvis,terminal,-0.9293,-0.1173,-0.0614,9.5825,-76.6602,-9.8267,t003,MADCF
2532464306,5603989,3,pelvis,terminal,-0.9348,-0.1216,-0.0719,-3.2349,-81.1157,-12.7563,t003,MADCF
2532464306,5604005,3,pelvis,terminal,-0.9542,-0.1033,-0.1245,-10.6201,-81.8481,-14.5874,t003,MADCF
2532464373,5604021,3,pelvis,terminal,-0.9565,-0.1079,-0.1411,-18.7378,-85.4492,-16.6626,t003,MADCF
2532464374,5604038,3,pelvis,terminal,-0.9603,-0.1619,-0.1676,-19.2871,-88.0127,-19.2871,t003,MADCF
2532464374,5604054,3,pelvis,terminal,-0.9517,-0.1810,-0.2061,-18.1885,-90.0879,-22.3389,t003,MADCF
2532464374,5604070,3,pelvis,terminal,-0.9348,-0.1832,-0.2067,-18.0054,-89.9658,-19.6533,t003,MADCF
2532464439,5604087,3,pelvis,swing,-0.8899,-0.1798,-0.1466,-19.5923,-90.9424,-18.6768,t003,MADCF
2532464439,5604103,3,pelvis,swing,-0.8938,-0.1702,-0.1112,-24.4141,-92.5293,-19.6533,t003,MADCF
2532464440,5604119,3,pelvis,swing,-0.9346,-0.1444,-0.1035,-32.0435,-96.2524,-19.1040,t003,MADCF
2532464440,5604135,3,pelvis,swing,-0.9927,-0.0796,-0.1111,-34.8511,-98.0835,-18.8599,t003,MADCF
2532464512,5604152,3,pelvis,swing,-0.9949,-0.0311,-0.1111,-34.2407,-98.5718,-20.3247,t003,MADCF
2532464513,5604168,3,pelvis,swing,-0.9891,-0.0032,-0.0688,-29.4189,-97.3511,-21.3623,t003,MADCF
2532464514,5604184,3,pelvis,swing,-0.9493,-0.1865,0.1052,-19.2261,-88.7451,-22.9492,t003,MADCF
2532464515,5604200,3,pelvis,swing,-0.9413,-0.2693,0.1920,-21.6675,-81.2378,-20.3247,t003,MADCF
2532464515,5604217,3,pelvis,swing,-0.9891,-0.3807,0.2318,-26.6724,-79.2236,-18.8599,t003,MADCF
2532464579,5604233,3,pelvis,swing,-1.0046,-0.3955,0.2006,-44.7388,-71.4111,-16.7236,t003,MADCF
2532464580,5604249,3,pelvis,swing,-0.9764,-0.2915,0.0868,-55.2978,-65.4297,-14.4043,t003,MADCF
2532464581,5604265,3,pelvis,swing,-0.9150,-0.1796,-0.0455,-66.8945,-54.1382,-7.9346,t003,MADCF
2532464581,5604281,3,pelvis,swing,-0.9265,-0.1478,-0.0814,-66.3452,-48.0347,-1.4648,t003,MADCF
2532464645,5604298,3,pelvis,swing,-1.0918,-0.2401,-0.0693,-66.7114,-46.4478,2.2583,t003,MADCF
2532464646,5604314,3,pelvis,swing,-1.1581,-0.3247,-0.0112,-73.1201,-37.8418,12.2070,t003,MADCF
2532464646,5604330,3,pelvis,swing,-1.2938,-0.4980,0.2296,-70.9839,-14.6484,29.4800,t003,MADCF
2532464647,5604346,3,pelvis,swing,-1.5049,-0.6173,0.6165,-65.2466,6.2866,41.3818,t003,MADCF
2532464708,5604362,3,pelvis,swing,-1.5085,-0.6533,0.6091,-43.1519,51.6968,70.8008,t003,MADCF
2532464711,5604378,3,pelvis,swing,-1.6724,-0.5509,0.2864,-17.6392,65.0635,86.3647,t003,MADCF
2532464711,5604394,3,pelvis,swing,-1.8571,-0.4421,0.1158,9.1553,86.9751,97.2290,t003,MADCF
2532464712,5604410,3,pelvis,swing,-1.7599,-0.2369,-0.3138,-0.4883,97.4121,95.0928,t003,MADCF
2532464775,5604426,3,pelvis,swing,-1.4504,-0.0922,-0.8020,-31.1890,92.7124,80.0171,t003,MADCF
2532464775,5604442,3,pelvis,swing,-1.5082,-0.0964,-0.9152,-33.5693,85.1440,60.2417,t003,MADCF
2532464776,5604458,3,pelvis,swing,-1.7239,-0.2034,-0.8802,-20.2026,98.8159,51.3306,t003,MADCF
2532464776,5604474,3,pelvis,swing,-1.6897,-0.1946,-0.8312,2.0142,135.0708,34.3628,t003,MADCF
2532464838,5604490,3,pelvis,swing,-1.3481,-0.2158,-0.6604,-1.5259,144.6533,28.9307,t003,MADCF
2532464838,5604506,3,pelvis,swing,-1.0095,-0.2034,-0.6337,-32.9590,149.0479,29.4189,t003,MADCF
2532464839,5604522,3,pelvis,swing,-0.9220,-0.2291,-0.5996,-56.5186,132.3853,23.0713,t003,MADCF
2532464839,5604539,3,pelvis,swing,-0.9467,-0.2146,-0.5581,-57.7393,131.0425,15.2588,t003,MADCF
2532464904,5604555,3,pelvis,swing,-0.9307,-0.1400,-0.5786,-49.1333,134.4604,2.2583,t003,MADCF
2532464905,5604571,3,pelvis,swing,-0.9323,-0.0297,-0.6062,-39.1846,137.5732,0.4272,t003,MADCF
2532464905,5604587,3,pelvis,swing,-0.8514,-0.0305,-0.5441,-11.9019,149.2310,0.8545,t003,MADCF
2532464905,5604603,3,pelvis,swing,-0.7913,-0.0215,-0.5457,20.2026,157.1045,9.2163,t003,MADCF
2532464967,5604619,3,pelvis,swing,-0.6711,-0.0164,-0.5699,40.2222,160.5835,16.4185,t003,MADCF
2532464968,5604635,3,pelvis,swing,-0.6061,-0.0355,-0.5690,77.0874,163.6352,26.1841,t003,MADCF
2532464968,5604651,3,pelvis,swing,-0.5076,-0.1204,-0.5424,88.1958,160.9497,28.5645,t003,MADCF
2532464968,5604667,3,pelvis,swing,-0.4640,-0.1932,-0.4858,95.5810,145.6909,32.7759,t003,MADCF
2532465033,5604683,3,pelvis,swing,-0.4897,-0.1678,-0.4609,90.7593,125.9155,34.1797,t003,MADCF
2532465033,5604699,3,pelvis,swing,-0.5044,-0.2213,-0.3942,84.0454,116.6382,34.7290,t003,MADCF
2532465033,5604715,3,pelvis,swing,-0.4991,-0.3141,-0.3495,49.0112,91.9189,29.1138,t003,MADCF
2532465034,5604731,3,pelvis,swing,-0.5286,-0.3627,-0.2854,20.8740,77.0264,20.8130,t003,MADCF
2532465094,5604747,3,pelvis,loading,-0.5134,-0.2705,-0.2280,-38.5742,47.9736,-4.6997,t003,MADCF
2532465096,5604763,3,pelvis,loading,-0.4579,-0.2408,-0.1737,-96.5576,20.8130,-36.1328,t003,MADCF
2532465097,5604780,3,pelvis,loading,-0.4338,-0.2126,0.0714,-114.9292,11.5967,-51.6357,t003,MADCF
2532465097,5604796,3,pelvis,loading,-0.5439,-0.1527,0.2538,-112.3657,13.7329,-74.6460,t003,MADCF
2532465162,5604812,3,pelvis,loading,-0.9139,-0.0333,0.6322,-57.8003,31.9824,-73.4253,t003,MADCF
2532465163,5604828,3,pelvis,loading,-1.0962,-0.3231,0.8533,-24.1699,35.8276,-58.8379,t003,MADCF
2532465163,5604844,3,pelvis,loading,-1.0848,-0.5356,0.9561,28.6865,36.9263,-21.3013,t003,MADCF
2532465163,5604860,3,pelvis,loading,-0.9319,-0.8529,1.1537,45.8374,36.8042,-6.0425,t003,MADCF
2532465226,5604876,3,pelvis,loading,-0.8335,-0.8448,1.1710,71.6553,30.7007,13.0615,t003,MADCF
2532465227,5604892,3,pelvis,loading,-0.6880,-0.5829,0.9670,111.3281,21.5454,16.2354,t003,MADCF
2532465227,5604908,3,pelvis,loading,-0.6505,-0.3506,0.6113,135.0098,16.9678,16.4185,t003,MADCF
2532465227,5604924,3,pelvis,loading,-0.6138,-0.2421,0.3611,168.8843,-5.3711,9.7046,t003,MADCF
2532465292,5604940,3,pelvis,loading,-0.5098,-0.1083,-0.2900,170.9595,-31.1279,-4.6387,t003,MADCF
2532465292,5604956,3,pelvis,loading,-0.6245,-0.4160,-0.1729,137.2681,-52.7344,-29.6020,t003,MADCF
2532465293,5604973,3,pelvis,midstance,-1.1648,-1.3176,0.6818,116.7602,-20.6299,-24.5361,t003,MADCF
2532465293,5604989,3,pelvis,midstance,-0.9370,-0.6687,0.3336,73.8525,14.5874,-13.6108,t003,MADCF
2532465356,5605005,3,pelvis,midstance,-0.7480,-0.6251,0.1357,-20.8130,-8.7280,-19.1040,t003,MADCF
2532465358,5605021,3,pelvis,midstance,-0.9127,-1.0527,-0.0894,-27.5879,-39.1846,-19.3481,t003,MADCF
2532465359,5605037,3,pelvis,midstance,-1.1042,-1.0138,-0.2603,-52.9175,-65.0024,-39.0015,t003,MADCF
2532465359,5605054,3,pelvis,midstance,-1.0852,-0.3357,-0.3076,-100.4639,-64.5142,-66.5894,t003,MADCF
2532465427,5605070,3,pelvis,midstance,-1.0238,0.2008,-0.4177,-113.2812,-65.0635,-69.7021,t003,MADCF
2532465427,5605086,3,pelvis,midstance,-0.9849,0.3647,-0.4318,-93.1396,-64.4531,-66.1011,t003,MADCF
2532465428,5605102,3,pelvis,midstance,-1.0979,0.4034,-0.3661,-76.1108,-72.8149,-62.7441,t003,MADCF
2532465492,5605118,3,pelvis,midstance,-1.2318,0.2638,-0.3967,-36.7432,-83.1299,-58.2886,t003,MADCF
2532465492,5605135,3,pelvis,midstance,-1.1818,0.1813,-0.3634,18.0054,-67.2607,-42.9687,t003,MADCF
2532465492,5605151,3,pelvis,terminal,-0.9406,0.0267,-0.2372,40.5884,-61.8896,-35.4004,t003,MADCF
2532465493,5605167,3,pelvis,terminal,-0.9131,-0.0260,-0.2050,60.4248,-66.1621,-25.8179,t003,MADCF
2532465493,5605183,3,pelvis,terminal,-0.9890,-0.1329,-0.1638,61.0352,-69.3359,-23.3765,t003,MADCF
2532465519,5605199,3,pelvis,terminal,-0.9866,-0.2231,-0.0735,49.6216,-71.8994,-23.8647,t003,MADCF
2532465564,5605216,3,pelvis,terminal,-0.9713,-0.2625,-0.0287,22.4609,-74.7070,-31.5552,t003,MADCF
2532465565,5605232,3,pelvis,terminal,-0.9287,-0.3082,0.0282,5.5542,-77.0264,-36.5601,t003,MADCF
2532465565,5605248,3,pelvis,terminal,-0.9240,-0.3014,0.0288,-26.8555,-84.0454,-44.3115,t003,MADCF
2532465565,5605264,3,pelvis,terminal,-0.9312,-0.2062,-0.0167,-45.5933,-86.9141,-46.6919,t003,MADCF
2532465628,5605281,3,pelvis,terminal,-0.9332,-0.0719,-0.0853,-45.7153,-85.5713,-43.8843,t003,MADCF
2532465631,5605297,3,pelvis,terminal,-0.9509,-0.0399,-0.0928,-30.0903,-81.1157,-33.9355,t003,MADCF
2532465631,5605313,3,pelvis,terminal,-0.9449,-0.0559,-0.0670,-19.4092,-79.6509,-29.4189,t003,MADCF
2532465632,5605330,3,pelvis,terminal,-0.9420,-0.1046,-0.0511,-4.6997,-79.7119,-23.0713,t003,MADCF
2532465698,5605346,3,pelvis,terminal,-0.9412,-0.1240,-0.0533,-5.3711,-81.3599,-19.4702,t003,MADCF
2532465699,5605362,3,pelvis,terminal,-0.9637,-0.1027,-0.1389,-5.9204,-81.9092,-18.5547,t003,MADCF
2532465700,5605378,3,pelvis,terminal,-0.9724,-0.0885,-0.1927,-2.2583,-81.4819,-17.8223,t003,MADCF
2532465700,5605395,3,pelvis,terminal,-0.9431,-0.1045,-0.2722,-0.3662,-82.9468,-18.2495,t003,MADCF
2532465762,5605411,3,pelvis,swing,-0.8837,-0.1648,-0.2999,-0.1831,-87.2803,-20.3247,t003,MADCF
2532465763,5605427,3,pelvis,swing,-0.8546,-0.1710,-0.2935,-3.4180,-91.2476,-22.1558,t003,MADCF
2532465763,5605443,3,pelvis,swing,-0.8845,-0.1672,-0.2477,-4.2725,-92.6514,-22.5830,t003,MADCF
2532465764,5605460,3,pelvis,swing,-0.9473,-0.1809,-0.1521,-4.7607,-92.0410,-24.8413,t003,MADCF
2532465833,5605476,3,pelvis,swing,-0.9548,-0.1648,-0.1338,-12.4512,-96.0693,-27.8931,t003,MADCF
2532465833,5605493,3,pelvis,swing,-0.9733,-0.1138,-0.1433,-18.2495,-98.7549,-29.2358,t003,MADCF
2532465834,5605509,3,pelvis,swing,-0.9880,-0.0955,-0.1417,-23.8037,-94.9707,-32.6538,t003,MADCF
2532465834,5605525,3,pelvis,swing,-0.9801,-0.0824,-0.0870,-22.2168,-90.5151,-33.4473,t003,MADCF
2532465897,5605541,3,pelvis,swing,-0.9253,-0.1548,-0.0051,-19.3481,-84.6558,-31.0059,t003,MADCF
2532465898,5605557,3,pelvis,swing,-0.9128,-0.2219,0.0380,-24.7192,-84.9609,-27.3437,t003,MADCF
2532465899,5605574,3,pelvis,swing,-0.9517,-0.2992,0.0828,-28.9307,-83.8013,-25.8789,t003,MADCF
2532465901,5605590,3,pelvis,swing,-1.0037,-0.2098,-0.0133,-42.1753,-75.2563,-20.0195,t003,MADCF
2532465966,5605606,3,pelvis,swing,-1.0269,-0.1436,-0.0979,-54.7485,-64.2090,-14.2212,t003,MADCF
2532465967,5605622,3,pelvis,swing,-1.1172,-0.0870,-0.1945,-57.4951,-60.3638,-13.3057,t003,MADCF
2532465968,5605639,3,pelvis,swing,-1.1602,-0.1802,-0.1960,-66.8945,-55.1758,-8.9722,t003,MADCF
2532465981,5605655,3,pelvis,swing,-1.0972,-0.4093,-0.0706,-75.5005,-52.3071,-3.6621,t003,MADCF
2532466030,5605671,3,pelvis,swing,-1.3374,-0.5057,0.2998,-87.4023,-42.5415,7.3242,t003,MADCF
2532466032,5605687,3,pelvis,swing,-1.4916,-0.5233,0.4994,-84.0454,-15.9302,23.5596,t003,MADCF
2532466032,5605703,3,pelvis,swing,-1.6467,-0.5194,0.6768,-78.1250,7.3242,36.8652,t003,MADCF
2532466033,5605719,3,pelvis,swing,-1.6379,-0.5270,0.5918,-40.7715,70.4956,71.3501,t003,MADCF
2532466071,5605735,3,pelvis,swing,-1.4735,-0.4783,0.1641,-1.5259,91.9189,89.7217,t003,MADCF
2532466098,5605751,3,pelvis,swing,-1.5448,-0.2588,-0.3252,31.5552,88.1348,91.9800,t003,MADCF
2532466098,5605767,3,pelvis,swing,-1.5350,-0.1633,-0.5656,-28.8696,75.9277,72.1436,t003,MADCF
2532466099,5605784,3,pelvis,swing,-1.5121,-0.1932,-0.8824,-48.7061,76.9653,70.2515,t003,MADCF
2532466158,5605800,3,pelvis,swing,-1.6475,-0.2924,-0.9816,-25.9399,100.1587,63.7817,t003,MADCF
2532466160,5605816,3,pelvis,swing,-1.6980,-0.4005,-0.9923,-8.6060,118.8965,55.6030,t003,MADCF
2532466161,5605832,3,pelvis,swing,-1.2758,-0.3810,-0.7532,-17.6392,144.4702,44.5557,t003,MADCF
2532466162,5605848,3,pelvis,swing,-1.1105,-0.4220,-0.6144,-53.2837,145.6299,38.2080,t003,MADCF
2532466226,5605864,3,pelvis,swing,-0.9579,-0.3883,-0.6455,-67.8711,138.4277,30.2124,t003,MADCF
2532466227,5605880,3,pelvis,swing,-0.9573,-0.3613,-0.6952,-79.4678,123.5351,13.7329,t003,MADCF
2532466227,5605896,3,pelvis,swing,-0.9923,-0.2368,-0.6912,-80.2002,126.6479,8.9111,t003,MADCF
2532466228,5605913,3,pelvis,swing,-0.9402,-0.0969,-0.6458,-73.5474,133.4229,1.3428,t003,MADCF
2532466287,5605929,3,pelvis,swing,-0.9271,-0.0343,-0.6349,-55.1758,137.5122,-7.5073,t003,MADCF
2532466287,5605945,3,pelvis,swing,-0.8103,0.0504,-0.5887,-42.4194,141.6016,-8.8501,t003,MADCF
2532466289,5605961,3,pelvis,swing,-0.7924,0.0406,-0.5913,-7.7515,147.5830,-2.1362,t003,MADCF
2532466290,5605977,3,pelvis,swing,-0.7697,0.0540,-0.6194,13.1836,153.0151,2.2583,t003,MADCF
2532466292,5605993,3,pelvis,swing,-0.6891,0.0469,-0.5736,50.1099,166.8701,10.9863,t003,MADCF
2532466355,5606009,3,pelvis,swing,-0.6427,0.0093,-0.5566,72.8760,166.1987,26.3672,t003,MADCF
2532466356,5606025,3,pelvis,swing,-0.5687,-0.0664,-0.5398,79.8340,161.3769,32.4097,t003,MADCF
2532466357,5606041,3,pelvis,swing,-0.5352,-0.1035,-0.5194,78.7964,145.8130,35.4614,t003,MADCF
2532466417,5606057,3,pelvis,swing,-0.4803,-0.1448,-0.4866,70.2515,135.4370,33.8745,t003,MADCF
2532466419,5606073,3,pelvis,swing,-0.4176,-0.2310,-0.4373,43.9453,107.7270,27.7710,t003,MADCF
2532466420,5606089,3,pelvis,swing,-0.3936,-0.2227,-0.3918,2.6855,68.4814,9.7656,t003,MADCF
2532466421,5606105,3,pelvis,swing,-0.3855,-0.1282,-0.3304,-21.9116,48.5229,-5.9814,t003,MADCF
2532466421,5606122,3,pelvis,swing,-0.3716,-0.0919,-0.2942,-72.9980,13.4888,-44.9829,t003,MADCF
2532466485,5606138,3,pelvis,swing,-0.4398,-0.0963,-0.0371,-86.7309,2.7466,-62.5000,t003,MADCF
2532466485,5606154,3,pelvis,swing,-0.7974,-0.0151,0.4265,-75.0122,15.8081,-82.2754,t003,MADCF
2532466486,5606170,3,pelvis,swing,-0.9812,-0.0365,0.5962,-28.9307,57.4341,-80.5054,t003,MADCF
2532466486,5606186,3,pelvis,swing,-1.0645,-0.3856,0.7906,5.4321,66.8335,-63.9648,t003,MADCF
2532466546,5606202,3,pelvis,swing,-1.0579,-0.6741,0.9844,86.9141,62.2559,-11.5356,t003,MADCF
2532466547,5606218,3,pelvis,loading,-0.8049,-1.1309,1.3115,112.5488,58.1055,10.8032,t003,MADCF
2532466548,5606234,3,pelvis,loading,-0.5867,-0.8988,1.1613,111.2671,38.7573,24.5972,t003,MADCF
2532466548,5606250,3,pelvis,loading,-0.6163,-0.6741,0.9410,118.4692,7.9956,17.1509,t003,MADCF
2532466617,5606266,3,pelvis,loading,-0.6621,-0.3988,0.3817,129.9438,-10.0708,14.9536,t003,MADCF
2532466617,5606282,3,pelvis,loading,-0.6045,-0.2306,-0.0188,136.1084,-61.8286,0.8545,t003,MADCF
2532466618,5606298,3,pelvis,loading,-0.4470,-0.3279,-0.4423,127.8686,-92.4072,-16.7847,t003,MADCF
2532466618,5606314,3,pelvis,loading,-1.1163,-1.2848,0.8878,92.7124,-63.2935,-26.9775,t003,MADCF
2532466681,5606330,3,pelvis,loading,-1.2156,-1.3400,0.8444,64.5142,-14.4653,-10.6201,t003,MADCF
2532466683,5606347,3,pelvis,loading,-1.4810,-1.0051,0.4282,41.1377,-18.7378,-2.4414,t003,MADCF
2532466683,5606363,3,pelvis,loading,-1.7054,-1.1315,0.2841,-36.3159,-15.8081,-15.8081,t003,MADCF
2532466683,5606379,3,pelvis,loading,-1.3024,-0.7026,-0.5922,-92.1020,-32.8979,-35.4004,t003,MADCF
2532466751,5606395,3,pelvis,loading,-0.6614,0.5077,-0.8384,-166.9922,-55.7861,-58.0444,t003,MADCF
2532466752,5606411,3,pelvis,loading,-0.6342,0.9507,-0.8247,-129.7607,-52.7954,-69.4580,t003,MADCF
2532466752,5606427,3,pelvis,loading,-0.7859,1.2195,-0.5979,-61.2183,-47.0581,-73.6084,t003,MADCF
2532466815,5606443,3,pelvis,loading,-0.9642,0.8423,-0.5059,69.7632,-57.7393,-54.6265,t003,MADCF
2532466816,5606459,3,pelvis,midstance,-1.4360,-0.1917,-0.5691,98.9990,-66.9556,-42.7856,t003,MADCF
2532466816,5606476,3,pelvis,midstance,-1.3270,-0.6639,-0.4268,92.3462,-57.3120,-34.0576,t003,MADCF
2532466817,5606492,3,pelvis,midstance,-1.0260,-0.5574,-0.2915,46.9360,-53.9551,-39.9780,t003,MADCF
2532466817,5606508,3,pelvis,midstance,-0.7015,-0.1470,-0.1843,29.2358,-64.8804,-41.3818,t003,MADCF
2532466834,5606524,3,pelvis,midstance,-0.7769,-0.0696,-0.1649,12.0850,-84.8999,-35.8276,t003,MADCF
2532466890,5606540,3,pelvis,midstance,-0.9713,-0.1003,-0.0930,1.2817,-86.1206,-38.5132,t003,MADCF
2532466891,5606557,3,pelvis,midstance,-1.0082,-0.1516,-0.0377,-7.6904,-85.2661,-43.2739,t003,MADCF
2532466891,5606573,3,pelvis,midstance,-1.0140,-0.1840,-0.0557,-26.2451,-89.9048,-56.3965,t003,MADCF
2532466891,5606589,3,pelvis,midstance,-0.9398,-0.2488,-0.1163,-32.0435,-92.6514,-60.7910,t003,MADCF
2532466957,5606605,3,pelvis,midstance,-0.8318,-0.2095,-0.1481,-29.7852,-92.6514,-54.4434,t003,MADCF
2532466959,5606622,3,pelvis,midstance,-0.8313,-0.1406,-0.1333,-19.6533,-92.5293,-41.0767,t003,MADCF
2532466960,5606638,3,pelvis,midstance,-0.9525,-0.0135,-0.0681,-18.2495,-95.1538,-37.1094,t003,MADCF
2532466960,5606654,3,pelvis,midstance,-1.0040,0.0135,-0.0338,-21.0571,-98.5718,-35.7666,t003,MADCF
2532467027,5606670,3,pelvis,midstance,-1.0239,0.0114,-0.0250,-18.8599,-96.8628,-35.2173,t003,MADCF
2532467028,5606686,3,pelvis,midstance,-1.0286,-0.1469,-0.0577,-3.6621,-86.3647,-29.1138,t003,MADCF
2532467028,5606702,3,pelvis,midstance,-0.9950,-0.2465,-0.0604,1.2817,-76.3550,-24.4751,t003,MADCF
2532467029,5606719,3,pelvis,midstance,-0.9122,-0.3041,-0.0453,-3.5400,-73.4253,-24.2310,t003,MADCF
2532467092,5606735,3,pelvis,midstance,-0.8873,-0.2576,-0.0432,-19.2261,-74.8901,-25.0854,t003,MADCF
2532467095,5606751,3,pelvis,midstance,-0.9032,-0.1340,-0.0820,-26.3672,-76.4160,-26.7944,t003,MADCF
2532467095,5606767,3,pelvis,midstance,-0.9420,-0.0756,-0.1180,-26.2451,-74.3408,-27.4658,t003,MADCF
2532467096,5606784,3,pelvis,midstance,-0.9326,-0.0957,-0.1320,-26.1230,-68.6035,-27.8931,t003,MADCF
2532467162,5606800,3,pelvis,midstance,-0.9015,-0.1260,-0.2386,-30.3345,-68.9697,-27.2217,t003,MADCF
2532467163,5606816,3,pelvis,midstance,-0.8973,-0.0718,-0.4290,-40.7715,-74.7070,-26.3672,t003,MADCF
2532467163,5606833,3,pelvis,midstance,-0.8871,-0.0245,-0.4702,-40.3442,-77.6978,-27.2217,t003,MADCF
2532467164,5606849,3,pelvis,midstance,-0.8911,0.1195,-0.3604,-33.7524,-77.6978,-28.1372,t003,MADCF
2532467227,5606865,3,pelvis,midstance,-0.9264,0.1543,-0.2705,-12.8784,-78.0029,-27.7710,t003,MADCF
2532467227,5606882,3,pelvis,terminal,-0.9723,-0.0359,-0.1479,-6.7139,-79.4678,-25.8179,t003,MADCF
2532467228,5606898,3,pelvis,terminal,-0.9845,-0.2723,-0.0963,-13.9770,-82.7026,-22.7661,t003,MADCF
2532467228,5606914,3,pelvis,terminal,-1.0226,-0.3245,-0.0613,-30.9448,-79.9561,-22.1558,t003,MADCF
2532467230,5606930,3,pelvis,terminal,-1.0310,-0.3236,-0.0386,-41.6260,-75.0732,-21.6675,t003,MADCF
2532467299,5606947,3,pelvis,terminal,-1.0151,-0.2700,-0.1279,-57.6172,-67.5049,-16.0522,t003,MADCF
2532467300,5606963,3,pelvis,terminal,-1.0309,-0.2472,-0.1440,-61.7065,-64.6973,-10.0098,t003,MADCF
2532467300,5606979,3,pelvis,terminal,-1.1113,-0.2816,-0.1223,-62.7441,-62.1948,-7.0190,t003,MADCF
2532467301,5606995,3,pelvis,terminal,-1.1412,-0.3542,-0.0594,-65.4297,-51.9409,2.6245,t003,MADCF
2532467364,5607012,3,pelvis,terminal,-1.2629,-0.4163,0.2600,-69.4580,-43.2739,7.6904,t003,MADCF
2532467366,5607028,3,pelvis,terminal,-1.5471,-0.4938,0.6852,-76.0498,-17.2729,20.9351,t003,MADCF
2532467367,5607044,3,pelvis,terminal,-1.6282,-0.5597,0.7463,-63.3545,25.7568,45.4712,t003,MADCF
2532467367,5607060,3,pelvis,terminal,-1.5625,-0.5786,0.3501,-41.9922,48.4619,68.0542,t003,MADCF
2532467431,5607076,3,pelvis,terminal,-1.5438,-0.3896,0.1134,-1.5869,78.4912,92.9565,t003,MADCF
2532467432,5607093,3,pelvis,terminal,-1.4515,0.0630,-0.3356,-25.8789,85.2051,74.8291,t003,MADCF
2532467432,5607109,3,pelvis,terminal,-1.4448,0.1147,-0.7439,-40.9546,86.6089,73.1812,t003,MADCF
2532467433,5607125,3,pelvis,terminal,-1.5134,-0.0236,-0.8568,-16.4795,109.4360,79.0405,t003,MADCF
2532467493,5607141,3,pelvis,terminal,-1.6984,-0.3251,-0.9204,11.9019,124.8169,76.1719,t003,MADCF
2532467494,5607157,3,pelvis,swing,-1.6746,-0.3491,-0.9082,21.9727,138.9771,59.5703,t003,MADCF
2532467494,5607173,3,pelvis,swing,-1.3481,-0.3540,-0.7855,1.8311,138.3057,51.8188,t003,MADCF
2532467494,5607189,3,pelvis,swing,-1.1860,-0.4325,-0.5562,-34.9731,143.7988,37.7808,t003,MADCF
2532467563,5607205,3,pelvis,swing,-1.1782,-0.3690,-0.6544,-46.9971,136.9629,14.0381,t003,MADCF
2532467563,5607221,3,pelvis,swing,-1.2307,-0.2557,-0.7798,-49.4995,129.8218,5.2490,t003,MADCF
2532467564,5607237,3,pelvis,swing,-1.2057,-0.2039,-0.7412,-61.8896,139.6484,1.8311,t003,MADCF
2532467564,5607253,3,pelvis,swing,-1.0514,-0.1338,-0.6877,-59.3872,147.3389,1.5259,t003,MADCF
2532467625,5607269,3,pelvis,swing,-1.0011,0.0043,-0.7189,-48.9502,152.3437,2.3193,t003,MADCF
2532467625,5607285,3,pelvis,swing,-0.9725,0.0903,-0.7448,-9.4604,174.1943,11.5967,t003,MADCF
2532467627,5607302,3,pelvis,swing,-0.7808,0.1371,-0.7463,18.3716,185.3027,17.3950,t003,MADCF
2532467628,5607317,3,pelvis,swing,-0.6633,0.0748,-0.7338,70.0684,193.3594,36.2549,t003,MADCF
2532467692,5607333,3,pelvis,swing,-0.4340,-0.0924,-0.6501,84.7778,190.1855,48.3398,t003,MADCF
2532467692,5607349,3,pelvis,swing,-0.3661,-0.1504,-0.5367,84.6558,172.4243,61.8286,t003,MADCF
2532467693,5607365,3,pelvis,swing,-0.3790,-0.1698,-0.5015,62.8662,149.1089,61.0962,t003,MADCF
2532467694,5607381,3,pelvis,swing,-0.4458,-0.2253,-0.4326,47.9126,137.2681,56.8848,t003,MADCF
2532467742,5607397,3,pelvis,swing,-0.4883,-0.2187,-0.3861,12.6953,112.7319,40.8325,t003,MADCF
2532467754,5607413,3,pelvis,swing,-0.5525,-0.1456,-0.3202,-7.8735,100.8301,29.4189,t003,MADCF
2532467755,5607430,3,pelvis,swing,-0.4192,-0.0323,-0.2860,-52.4902,76.5381,0.2441,t003,MADCF
2532467756,5607445,3,pelvis,swing,-0.3258,-0.0439,-0.2649,-80.0781,40.1001,-37.7808,t003,MADCF
2532467781,5607462,3,pelvis,swing,-0.3979,-0.0911,-0.1191,-82.2143,25.7568,-53.6499,t003,MADCF
2532467822,5607478,3,pelvis,swing,-0.4713,-0.0031,0.0319,-59.6924,26.0010,-69.4580,t003,MADCF
2532467822,5607494,3,pelvis,swing,-0.7915,0.1171,0.3149,-35.7666,35.8887,-68.8477,t003,MADCF
2532467822,5607510,3,pelvis,swing,-0.9690,-0.3184,0.6385,23.0713,48.7671,-38.3911,t003,MADCF
2532467865,5607526,3,pelvis,swing,-1.0884,-0.6117,0.9041,67.7490,56.3965,5.3711,t003,MADCF
2532467883,5607542,3,pelvis,swing,-0.9779,-0.9150,1.1660,81.3599,59.0210,17.6392,t003,MADCF
2532467886,5607558,3,pelvis,swing,-0.8373,-0.9170,1.1687,93.9331,43.8232,22.0337,t003,MADCF
2532467887,5607574,3,pelvis,swing,-0.6445,-0.7310,0.9709,96.6797,29.0527,19.6533,t003,MADCF
2532467898,5607590,3,pelvis,swing,-0.6052,-0.5088,0.4810,106.5674,-11.0474,13.5498,t003,MADCF
2532467953,5607606,3,pelvis,swing,-0.5933,-0.3710,0.1534,112.9761,-55.8472,-2.3193,t003,MADCF
2532467954,5607622,3,pelvis,swing,-0.4506,-0.1409,-0.4338,110.8398,-84.4726,-22.0337,t003,MADCF
2532467954,5607639,3,pelvis,swing,-0.5308,-0.4440,-0.1654,101.7456,-85.2051,-46.5698,t003,MADCF
2532468016,5607655,3,pelvis,swing,-1.1334,-1.1566,0.9313,103.1494,-49.3774,-44.5557,t003,MADCF
2532468016,5607671,3,pelvis,loading,-1.2581,-0.8848,0.1868,86.3037,-15.0146,-20.9351,t003,MADCF
2532468017,5607687,3,pelvis,loading,-1.4172,-1.1688,0.1896,69.2139,-14.2822,6.2866,t003,MADCF
2532468017,5607703,3,pelvis,loading,-1.6603,-1.2163,-0.1304,21.1792,-30.2734,-10.3760,t003,MADCF
2532468018,5607719,3,pelvis,loading,-1.2939,-0.6653,-0.3536,-122.2534,-43.2129,-50.6592,t003,MADCF
2532468089,5607735,3,pelvis,loading,-0.6006,0.3315,-0.6819,-159.3628,-48.2788,-60.7910,t003,MADCF
2532468089,5607752,3,pelvis,loading,-0.5912,0.8160,-0.5212,-136.4136,-53.2227,-65.9180,t003,MADCF
2532468090,5607768,3,pelvis,loading,-0.6702,0.9414,-0.3623,-26.0010,-47.1191,-70.8618,t003,MADCF
2532468090,5607784,3,pelvis,loading,-1.1165,0.5391,-0.4340,18.3105,-61.2183,-64.3311,t003,MADCF
2532468155,5607801,3,pelvis,loading,-1.5538,-0.2465,-0.5076,64.0259,-71.1060,-45.1660,t003,MADCF
2532468157,5607817,3,pelvis,loading,-1.4288,-0.4705,-0.4136,58.1665,-48.1567,-34.3628,t003,MADCF
2532468158,5607833,3,pelvis,loading,-0.8439,-0.3324,-0.2246,49.8657,-46.8140,-34.3628,t003,MADCF
2532468158,5607849,3,pelvis,loading,-0.7227,-0.2059,-0.1931,40.5273,-63.2324,-34.2407,t003,MADCF
2532468227,5607865,3,pelvis,loading,-0.8728,-0.1682,-0.1696,36.1938,-70.6787,-30.7007,t003,MADCF
2532468228,5607881,3,pelvis,loading,-0.9695,-0.2253,-0.0940,21.6675,-75.3174,-27.0386,t003,MADCF
2532468228,5607897,3,pelvis,loading,-0.9803,-0.2339,-0.0631,-2.5635,-78.9795,-38.2690,t003,MADCF
2532468229,5607914,3,pelvis,loading,-0.9738,-0.2285,-0.0496,-16.7847,-81.1768,-47.0581,t003,MADCF
2532468292,5607930,3,pelvis,loading,-0.9656,-0.2042,-0.0717,-38.0859,-85.3882,-57.0679,t003,MADCF
2532468293,5607947,3,pelvis,midstance,-0.9297,-0.1147,-0.1360,-37.2314,-81.9092,-47.8516,t003,MADCF
2532468293,5607963,3,pelvis,midstance,-0.8997,-0.0302,-0.1332,-27.0996,-78.9795,-39.5508,t003,MADCF
2532468294,5607979,3,pelvis,midstance,-0.9111,-0.0388,-0.1068,-2.5635,-78.8574,-27.2217,t003,MADCF
2532468294,5607995,3,pelvis,midstance,-0.9553,-0.1230,-0.0757,3.9673,-79.4067,-23.7427,t003,MADCF
2532468365,5608012,3,pelvis,midstance,-0.9330,-0.2141,-0.0387,2.4414,-76.9653,-21.1792,t003,MADCF
2532468365,5608028,3,pelvis,midstance,-0.9370,-0.2214,-0.0381,-7.6904,-79.8340,-25.7568,t003,MADCF
2532468366,5608044,3,pelvis,midstance,-0.9672,-0.1725,-0.0900,-11.0474,-80.8716,-26.6724,t003,MADCF
2532468367,5608060,3,pelvis,midstance,-0.9827,-0.1459,-0.1099,-11.9019,-78.5522,-25.0244,t003,MADCF
2532468431,5608077,3,pelvis,midstance,-0.9604,-0.1174,-0.1406,-11.0474,-77.3926,-24.1089,t003,MADCF
2532468431,5608093,3,pelvis,midstance,-0.9154,-0.1239,-0.1908,-10.5591,-78.1860,-23.4375,t003,MADCF
2532468434,5608109,3,pelvis,midstance,-0.8942,-0.1306,-0.2000,-12.5122,-79.8340,-23.8647,t003,MADCF
2532468434,5608125,3,pelvis,midstance,-0.8943,-0.1604,-0.1945,-13.2446,-81.0547,-24.4751,t003,MADCF
2532468503,5608142,3,pelvis,midstance,-0.9296,-0.2128,-0.1719,-17.0288,-84.0454,-26.9165,t003,MADCF
2532468503,5608158,3,pelvis,midstance,-0.9496,-0.2145,-0.1448,-24.5361,-83.6792,-31.1279,t003,MADCF
2532468503,5608174,3,pelvis,midstance,-0.9752,-0.1489,-0.0807,-28.2593,-81.7261,-32.9590,t003,MADCF
2532468504,5608190,3,pelvis,midstance,-0.9744,-0.1013,-0.0732,-29.7852,-76.9653,-32.2266,t003,MADCF
2532468567,5608207,3,pelvis,midstance,-0.9301,-0.0811,-0.0975,-29.0527,-75.8667,-29.7241,t003,MADCF
2532468568,5608223,3,pelvis,terminal,-0.8981,-0.2183,-0.1072,-32.8369,-77.6978,-26.7334,t003,MADCF
2532468568,5608239,3,pelvis,terminal,-0.9050,-0.2717,-0.1077,-41.2598,-78.1860,-26.7944,t003,MADCF
2532468569,5608255,3,pelvis,terminal,-0.9458,-0.2537,-0.1316,-46.8140,-75.8057,-25.4517,t003,MADCF
2532468571,5608272,3,pelvis,terminal,-0.9598,-0.1958,-0.1559,-57.6782,-69.7021,-19.1650,t003,MADCF
2532468638,5608288,3,pelvis,terminal,-1.0197,-0.0442,-0.1760,-58.5327,-66.4673,-12.3291,t003,MADCF
2532468638,5608305,3,pelvis,terminal,-1.1893,-0.1477,-0.1433,-56.3965,-65.2466,-7.4463,t003,MADCF
2532468639,5608321,3,pelvis,terminal,-1.2253,-0.2601,-0.0662,-57.0679,-54.7485,3.6011,t003,MADCF
2532468639,5608337,3,pelvis,terminal,-1.3262,-0.4557,0.2220,-59.9365,-45.6543,7.7515,t003,MADCF
2532468701,5608354,3,pelvis,terminal,-1.4888,-0.6259,0.5992,-61.2183,-22.7051,18.7378,t003,MADCF
2532468702,5608370,3,pelvis,swing,-1.5752,-0.6436,0.7151,-52.8564,17.4561,38.6353,t003,MADCF
2532468702,5608386,3,pelvis,swing,-1.6418,-0.6334,0.3285,-33.4473,40.1001,57.7393,t003,MADCF
2532468702,5608402,3,pelvis,swing,-1.6310,-0.5775,0.1146,21.6064,72.8760,92.8955,t003,MADCF
2532468771,5608418,3,pelvis,swing,-1.4686,-0.2056,-0.2340,16.8457,79.4067,90.2710,t003,MADCF
2532468772,5608434,3,pelvis,swing,-1.3898,-0.0242,-0.6361,-35.8887,74.5239,73.6694,t003,MADCF
2532468772,5608450,3,pelvis,swing,-1.4106,-0.0520,-0.7753,-43.6401,84.4726,73.0591,t003,MADCF
2532468772,5608466,3,pelvis,swing,-1.7006,-0.2137,-0.9403,-25.2686,96.8628,71.9604,t003,MADCF
2532468834,5608482,3,pelvis,swing,-1.7211,-0.2207,-0.9247,-5.0049,123.4741,55.1147,t003,MADCF
2532468835,5608498,3,pelvis,swing,-1.3564,-0.1473,-0.7000,-9.7046,130.1270,42.7246,t003,MADCF
2532468836,5608515,3,pelvis,swing,-1.1899,-0.2412,-0.5341,-24.1699,137.6343,27.9541,t003,MADCF
2532468837,5608531,3,pelvis,swing,-1.1376,-0.2269,-0.6229,-34.6069,133.4839,11.5356,t003,MADCF
2532468901,5608547,3,pelvis,swing,-1.0956,-0.2306,-0.6821,-35.4004,131.1035,4.0283,t003,MADCF
2532468901,5608563,3,pelvis,swing,-1.0872,-0.2277,-0.6636,-41.1987,140.2588,-1.7700,t003,MADCF
2532468902,5608579,3,pelvis,swing,-1.0114,-0.1967,-0.6406,-42.1753,144.7754,-1.2817,t003,MADCF
2532468902,5608595,3,pelvis,swing,-0.9502,-0.0996,-0.5946,-33.2642,151.7334,0.9155,t003,MADCF
2532468963,5608611,3,pelvis,swing,-0.9301,-0.0516,-0.5936,-9.8267,163.0249,1.0986,t003,MADCF
2532468964,5608627,3,pelvis,swing,-0.8945,0.0200,-0.6725,8.6060,170.6543,2.5635,t003,MADCF
2532468964,5608643,3,pelvis,swing,-0.8286,-0.0020,-0.7064,50.2930,186.0962,23.9868,t003,MADCF
2532468965,5608659,3,pelvis,swing,-0.5892,-0.1498,-0.6816,65.3687,188.7817,39.1235,t003,MADCF
2532469029,5608675,3,pelvis,swing,-0.4673,-0.2046,-0.5972,67.6880,180.5420,57.0068,t003,MADCF
2532469029,5608691,3,pelvis,swing,-0.4431,-0.1954,-0.5626,53.8330,162.8418,59.3262,t003,MADCF
2532469030,5608707,3,pelvis,swing,-0.4707,-0.2318,-0.5046,48.0347,151.3672,57.8003,t003,MADCF
2532469030,5608723,3,pelvis,swing,-0.4906,-0.2627,-0.4823,31.4941,127.5024,47.4853,t003,MADCF
2532469092,5608739,3,pelvis,swing,-0.4681,-0.2551,-0.4633,18.8599,115.1123,40.1611,t003,MADCF
2532469093,5608755,3,pelvis,swing,-0.3927,-0.2257,-0.4044,-9.3384,87.0361,22.8882,t003,MADCF
2532469093,5608771,3,pelvis,swing,-0.3197,-0.2015,-0.3774,-48.1567,52.0019,2.4414,t003,MADCF
2532469094,5608787,3,pelvis,swing,-0.1864,-0.1151,-0.3015,-69.3359,31.7383,-11.1084,t003,MADCF
2532469157,5608803,3,pelvis,swing,-0.2241,-0.0740,-0.1884,-88.8061,-1.6479,-46.0815,t003,MADCF
2532469158,5608820,3,pelvis,swing,-0.6632,0.0603,0.1915,-84.5337,-2.3804,-62.0117,t003,MADCF
2532469158,5608836,3,pelvis,swing,-1.0621,0.2598,0.4504,-48.0957,27.2827,-81.4209,t003,MADCF
2532469158,5608852,3,pelvis,swing,-0.9510,0.1108,0.4955,22.6440,37.7808,-62.7441,t003,MADCF
2532469220,5608867,3,pelvis,swing,-0.9277,-0.5262,0.8204,58.9600,32.3486,-34.8511,t003,MADCF
2532469220,5608883,3,pelvis,swing,-0.9971,-0.8180,0.9435,120.3613,27.4048,22.0337,t003,MADCF
2532469221,5608899,3,pelvis,swing,-0.7560,-0.9874,1.0104,139.1602,26.6724,37.2314,t003,MADCF
2532469222,5608915,3,pelvis,swing,-0.5297,-0.6857,0.8741,153.8696,12.3291,36.8652,t003,MADCF
2532469286,5608931,3,pelvis,swing,-0.5228,-0.5618,0.6813,157.7759,-34.1797,25.6348,t003,MADCF
2532469286,5608948,3,pelvis,swing,-0.5886,-0.3701,0.0039,149.4141,-66.4063,16.1133,t003,MADCF
2532469286,5608963,3,pelvis,swing,-0.6127,-0.3325,-0.2874,115.7226,-127.5024,-18.1885,t003,MADCF
2532469287,5608980,3,pelvis,loading,-1.3877,-1.4889,0.4969,105.8350,-135.1929,-24.2310,t003,MADCF
2532469349,5608996,3,pelvis,loading,-2.1433,-1.9999,1.2402,101.6235,-45.4102,17.8833,t003,MADCF
2532469349,5609012,3,pelvis,loading,-1.7792,-1.0973,0.5671,33.3252,58.4717,-10.3760,t003,MADCF
2532469350,5609028,3,pelvis,midstance,-0.8889,-0.6868,-0.4303,19.5923,56.4575,-32.1045,t003,MADCF
2532469350,5609044,3,pelvis,midstance,-0.5094,-0.7137,-0.6870,-121.1548,-30.8228,-55.5420,t003,MADCF
2532469388,5609060,3,pelvis,midstance,0.0968,-0.1361,-1.1294,-215.3931,-57.8003,-52.8564,t003,MADCF
2532469422,5609077,3,pelvis,midstance,-0.2786,0.6433,-0.5250,-211.1816,-84.0454,-47.0581,t003,MADCF
2532469422,5609093,3,pelvis,midstance,-0.8153,1.1259,0.0013,-19.0430,-82.0312,-91.0644,t003,MADCF
2532469423,5609109,3,pelvis,midstance,-2.1216,1.1049,-0.2458,59.9365,-80.8105,-89.4775,t003,MADCF
2532469424,5609125,3,pelvis,midstance,-2.4185,0.4696,-0.4540,109.6802,-56.8848,-32.8369,t003,MADCF
2532469488,5609141,3,pelvis,midstance,-1.3096,-0.3156,-0.2135,97.8393,-25.0244,-20.9961,t003,MADCF
2532469489,5609157,3,pelvis,midstance,-0.3882,-0.3625,-0.0469,84.2895,0.9766,-33.4473,t003,MADCF
2532469491,5609173,3,pelvis,midstance,-0.3942,-0.3586,-0.0767,84.8389,-23.7427,-39.0625,t003,MADCF
2532469491,5609189,3,pelvis,midstance,-0.8004,-0.4794,-0.1390,73.1812,-38.2690,-32.0435,t003,MADCF
2532469558,5609205,3,pelvis,midstance,-0.9838,-0.5409,-0.1633,23.6816,-54.8706,-19.0430,t003,MADCF
2532469559,5609221,3,pelvis,midstance,-1.0614,-0.4357,-0.1234,0.3052,-54.5044,-21.7895,t003,MADCF
2532469559,5609237,3,pelvis,midstance,-0.9575,-0.1445,-0.0895,-17.1509,-50.2930,-36.9873,t003,MADCF
2532469560,5609254,3,pelvis,midstance,-0.9348,-0.0872,-0.0886,-12.6953,-51.6357,-46.7529,t003,MADCF
2532469625,5609270,3,pelvis,midstance,-0.9099,-0.1882,-0.0585,-15.6860,-53.2837,-48.5840,t003,MADCF
2532469626,5609286,3,pelvis,midstance,-0.9231,-0.2393,-0.0569,-34.6069,-56.3354,-48.7061,t003,MADCF
2532469626,5609302,3,pelvis,midstance,-0.9744,-0.1781,-0.1084,-43.5791,-57.3730,-46.3257,t003,MADCF
2532469693,5609319,3,pelvis,midstance,-0.9778,-0.0137,-0.1510,-41.3208,-54.7485,-35.4614,t003,MADCF
2532469694,5609335,3,pelvis,midstance,-0.9618,0.0315,-0.1578,-13.7939,-48.2178,-21.8506,t003,MADCF
2532469694,5609351,3,pelvis,midstance,-0.9388,0.0143,-0.1580,1.5259,-46.9971,-17.4561,t003,MADCF
2532469758,5609367,3,pelvis,terminal,-0.9518,-0.0234,-0.1543,23.3154,-49.4995,-16.0522,t003,MADCF
2532469758,5609383,3,pelvis,terminal,-0.9882,-0.1449,-0.1687,29.0527,-50.8423,-17.4561,t003,MADCF
2532469758,5609399,3,pelvis,terminal,-0.9858,-0.2491,-0.1788,29.7852,-50.9644,-20.7520,t003,MADCF
2532469759,5609415,3,pelvis,terminal,-0.9524,-0.2764,-0.1659,13.6719,-52.7954,-23.8037,t003,MADCF
2532469760,5609432,3,pelvis,terminal,-0.9138,-0.2581,-0.1296,1.6479,-55.9082,-25.9399,t003,MADCF
2532469762,5609448,3,pelvis,terminal,-0.9000,-0.1841,-0.1044,-18.0664,-61.0352,-28.9917,t003,MADCF
2532469763,5609464,3,pelvis,terminal,-0.8948,-0.1566,-0.1071,-22.0337,-65.6128,-31.6162,t003,MADCF
2532469830,5609481,3,pelvis,terminal,-0.9165,-0.1475,-0.1345,-19.2261,-66.5894,-31.4941,t003,MADCF
2532469831,5609497,3,pelvis,terminal,-0.9263,-0.1671,-0.1616,-14.5874,-67.1387,-28.0762,t003,MADCF
2532469832,5609513,3,pelvis,swing,-0.9341,-0.2252,-0.2061,-16.4185,-68.2373,-26.8555,t003,MADCF
2532469832,5609529,3,pelvis,swing,-0.9180,-0.1990,-0.1962,-26.4893,-70.6177,-26.1230,t003,MADCF
2532469896,5609546,3,pelvis,swing,-0.8857,-0.1292,-0.1820,-37.6587,-78.0029,-30.4565,t003,MADCF
2532469898,5609562,3,pelvis,swing,-0.9221,0.0482,-0.2164,-38.3911,-83.8013,-32.9590,t003,MADCF
2532469899,5609578,3,pelvis,swing,-0.9810,0.0757,-0.2025,-27.7710,-85.8154,-30.1514,t003,MADCF
2532469900,5609594,3,pelvis,swing,-1.0034,-0.0317,-0.0887,-5.4932,-74.8901,-26.1230,t003,MADCF
2532469968,5609611,3,pelvis,swing,-1.0083,-0.1846,-0.0414,2.8076,-71.1060,-25.3296,t003,MADCF
2532469968,5609627,3,pelvis,swing,-0.9930,-0.2097,-0.0447,-2.6855,-67.1387,-24.8413,t003,MADCF
2532469968,5609643,3,pelvis,swing,-0.9299,-0.1724,-0.0256,-12.9395,-66.5283,-25.8179,t003,MADCF
2532469969,5609660,3,pelvis,swing,-0.9204,-0.1923,0.0250,-31.9824,-70.1294,-27.6489,t003,MADCF
2532470032,5609676,3,pelvis,swing,-0.9490,-0.2605,0.0594,-51.3916,-74.2188,-28.3203,t003,MADCF
2532470034,5609692,3,pelvis,swing,-1.0522,-0.4307,0.1342,-61.5845,-74.8291,-28.9917,t003,MADCF
2532470035,5609708,3,pelvis,swing,-1.1071,-0.4329,0.1863,-68.2983,-61.1572,-24.1089,t003,MADCF
2532470035,5609724,3,pelvis,swing,-1.1957,-0.4286,0.2550,-66.8335,-46.6919,-16.6016,t003,MADCF
2532470099,5609740,3,pelvis,swing,-1.1182,-0.5834,0.4054,-70.6787,-17.0898,2.1973,t003,MADCF
2532470100,5609756,3,pelvis,swing,-1.1508,-0.6488,0.5192,-83.9844,2.3804,21.4233,t003,MADCF
2532470101,5609772,3,pelvis,swing,-1.3833,-0.6876,0.4109,-80.2612,12.3291,32.4707,t003,MADCF
2532470101,5609788,3,pelvis,swing,-1.5199,-0.6160,0.0918,-17.0288,31.7993,61.6455,t003,MADCF
2532470149,5609804,3,pelvis,swing,-1.7595,-0.3694,-0.2975,5.7373,45.8984,73.7915,t003,MADCF
2532470164,5609820,3,pelvis,swing,-1.4771,-0.1581,-0.5673,-27.4658,76.3550,72.8760,t003,MADCF
2532470164,5609836,3,pelvis,swing,-1.2922,-0.2019,-0.7211,-50.7812,81.4209,66.4673,t003,MADCF
2532470165,5609852,3,pelvis,swing,-1.2788,-0.2078,-0.7905,-43.7622,77.5757,62.8052,t003,MADCF
2532470229,5609869,3,pelvis,swing,-1.4066,-0.1644,-0.7990,-38.5742,69.6411,39.0625,t003,MADCF
2532470229,5609885,3,pelvis,swing,-1.4078,-0.1672,-0.8387,-41.1377,74.9512,26.5503,t003,MADCF
2532470230,5609901,3,pelvis,swing,-1.2100,-0.2397,-0.6688,-51.0254,98.3276,18.8599,t003,MADCF
2532470230,5609917,3,pelvis,swing,-1.0814,-0.2600,-0.6674,-61.4014,107.7270,22.5830,t003,MADCF
2532470290,5609933,3,pelvis,swing,-1.0024,-0.2937,-0.5747,-62.6221,108.3374,20.2637,t003,MADCF
2532470293,5609949,3,pelvis,swing,-1.0308,-0.2767,-0.5360,-66.1621,112.8540,5.0049,t003,MADCF
2532470293,5609965,3,pelvis,swing,-1.0522,-0.2031,-0.6072,-65.0024,112.4268,-0.1221,t003,MADCF
2532470293,5609982,3,pelvis,swing,-0.9763,-0.1536,-0.6554,-54.1382,120.4224,1.8921,t003,MADCF
2532470325,5609998,3,pelvis,swing,-0.9043,-0.1407,-0.6440,-34.2407,139.6484,10.5591,t003,MADCF
2532470358,5610014,3,pelvis,swing,-0.8071,-0.1394,-0.5936,-23.4985,144.5312,16.2354,t003,MADCF
2532470359,5610030,3,pelvis,swing,-0.7704,-0.1198,-0.5743,-6.2866,143.1274,26.0620,t003,MADCF
2532470359,5610046,3,pelvis,swing,-0.6882,-0.0695,-0.5472,2.4414,140.3198,29.4189,t003,MADCF
2532470367,5610062,3,pelvis,swing,-0.6254,-0.0498,-0.5117,22.3999,135.1318,35.2173,t003,MADCF
2532470423,5610078,3,pelvis,swing,-0.6222,-0.0417,-0.4995,39.5508,130.4321,38.6963,t003,MADCF
2532470424,5610094,3,pelvis,swing,-0.6077,-0.0790,-0.4764,42.8467,128.2959,40.0391,t003,MADCF
2532470425,5610110,3,pelvis,swing,-0.6179,-0.1227,-0.4625,30.9448,119.5679,42.4805,t003,MADCF
2532470487,5610126,3,pelvis,swing,-0.5997,-0.1364,-0.4109,15.3809,114.1968,42.0532,t003,MADCF
2532470488,5610142,3,pelvis,swing,-0.5176,-0.0741,-0.2969,-23.9258,98.3887,31.3721,t003,MADCF
2532470489,5610158,3,pelvis,swing,-0.4102,-0.0800,-0.2338,-51.0864,64.6973,0.5493,t003,MADCF
2532470489,5610174,3,pelvis,swing,-0.4342,-0.1396,-0.0740,-54.6265,45.1050,-15.4419,t003,MADCF
2532470489,5610190,3,pelvis,swing,-0.5519,-0.1769,0.0702,-50.4761,32.1045,-34.7290,t003,MADCF
2532470550,5610206,3,pelvis,swing,-0.7665,-0.0906,0.4247,-39.0015,37.5366,-40.5884,t003,MADCF
2532470550,5610222,3,pelvis,swing,-0.8107,-0.1853,0.7115,19.9585,51.5747,-33.8745,t003,MADCF
2532470552,5610238,3,pelvis,swing,-0.8457,-0.3925,0.7914,89.2944,52.3682,2.7466,t003,MADCF
2532470616,5610254,3,pelvis,swing,-0.8710,-0.8553,0.8008,107.4219,45.0439,22.7661,t003,MADCF
2532470616,5610270,3,pelvis,swing,-0.8046,-0.9451,0.8674,108.5205,24.7192,43.7012,t003,MADCF
2532470616,5610286,3,pelvis,swing,-0.6881,-0.8214,0.8385,105.5908,17.8223,41.9311,t003,MADCF
2532470617,5610302,3,pelvis,swing,-0.7271,-0.6227,0.6622,120.7886,12.5732,32.7148,t003,MADCF
2532470618,5610318,3,pelvis,swing,-0.7280,-0.5251,0.4141,130.9204,-9.7046,19.2871,t003,MADCF
2532470680,5610334,3,pelvis,swing,-0.7659,-0.6046,0.0475,121.5210,-40.7715,9.7046,t003,MADCF
2532470681,5610350,3,pelvis,swing,-0.9635,-0.9735,0.3386,89.5386,-72.2656,-10.0708,t003,MADCF
2532470681,5610366,3,pelvis,swing,-0.7916,-1.3497,0.4119,87.8906,-75.9277,-28.2593,t003,MADCF
2532470734,5610382,3,pelvis,swing,-0.7930,-0.4438,-0.2589,-29.4189,-52.8564,-50.1099,t003,MADCF
2532470746,5610398,3,pelvis,swing,-1.0063,-0.4590,-0.3467,-95.6421,-19.6533,-33.7524,t003,MADCF
2532470747,5610415,3,pelvis,loading,-1.1056,-0.3668,-0.5886,-95.0928,-28.5645,-26.7944,t003,MADCF
2532470748,5610431,3,pelvis,loading,-0.9447,-0.1334,-0.5999,-78.3691,-53.6499,-36.4380,t003,MADCF
2532470748,5610447,3,pelvis,loading,-0.9364,0.1376,-0.5450,-63.3545,-62.8662,-53.7720,t003,MADCF
2532470810,5610463,3,pelvis,loading,-1.1718,0.2969,-0.4458,-20.6909,-72.0215,-79.8340,t003,MADCF
2532470812,5610479,3,pelvis,loading,-1.2391,0.2855,-0.3937,-7.5073,-71.2280,-70.3125,t003,MADCF
2532470813,5610496,3,pelvis,loading,-1.2167,0.0826,-0.2487,-18.7988,-67.8711,-60.3638,t003,MADCF
2532470814,5610512,3,pelvis,loading,-1.1204,0.0444,-0.2167,-19.5923,-60.5469,-56.2134,t003,MADCF
2532470879,5610528,3,pelvis,loading,-0.9027,-0.0146,-0.1791,0.0000,-58.0444,-54.5044,t003,MADCF
2532470880,5610544,3,pelvis,loading,-0.8224,-0.1897,-0.1667,45.4102,-59.2651,-43.8843,t003,MADCF
2532470880,5610560,3,pelvis,loading,-0.8503,-0.2520,-0.1676,51.5137,-67.9321,-30.7007,t003,MADCF
2532470880,5610576,3,pelvis,loading,-0.9048,-0.2633,-0.0742,38.6353,-72.5708,-28.5034,t003,MADCF
2532470942,5610593,3,pelvis,loading,-0.9396,-0.2175,-0.0422,4.9438,-79.1016,-36.0107,t003,MADCF
2532470943,5610609,3,pelvis,midstance,-1.0208,-0.1411,0.0060,-16.6626,-78.3081,-43.3960,t003,MADCF
2532470943,5610625,3,pelvis,midstance,-1.0082,-0.1530,-0.0057,-19.2261,-76.4771,-45.2270,t003,MADCF
2532470944,5610641,3,pelvis,midstance,-0.9772,-0.1935,-0.0287,-10.4980,-74.5239,-45.4712,t003,MADCF
2532471013,5610658,3,pelvis,midstance,-0.9103,-0.2400,-0.0581,-5.0659,-73.9746,-44.3726,t003,MADCF
2532471014,5610674,3,pelvis,midstance,-0.9154,-0.2230,-0.0742,-4.5776,-73.4253,-38.4521,t003,MADCF
2532471014,5610690,3,pelvis,midstance,-0.9298,-0.2018,-0.0929,-20.9961,-78.7964,-35.4614,t003,MADCF
2532471014,5610707,3,pelvis,midstance,-0.9359,-0.0765,-0.1571,-30.5786,-81.4819,-34.7900,t003,MADCF
2532471078,5610723,3,pelvis,terminal,-0.9434,-0.0173,-0.1852,-37.3535,-84.9609,-31.0059,t003,MADCF
2532471078,5610739,3,pelvis,terminal,-0.9513,0.0099,-0.2594,-31.9824,-86.4868,-30.3345,t003,MADCF
2532471078,5610756,3,pelvis,terminal,-0.9890,-0.0332,-0.3304,-9.2163,-81.4209,-25.8179,t003,MADCF
2532471079,5610772,3,pelvis,terminal,-0.9872,-0.0648,-0.3250,-0.3662,-74.6460,-20.5078,t003,MADCF
2532471123,5610788,3,pelvis,terminal,-0.9061,-0.1263,-0.2849,-0.1221,-73.9746,-21.3013,t003,MADCF
2532471150,5610804,3,pelvis,terminal,-0.8875,-0.1511,-0.2227,1.0986,-75.5615,-25.8789,t003,MADCF
2532471151,5610821,3,pelvis,terminal,-0.9231,-0.1815,-0.1908,2.7466,-74.7681,-26.1841,t003,MADCF
2532471151,5610837,3,pelvis,terminal,-0.9778,-0.2349,-0.1592,0.7324,-75.5005,-25.6958,t003,MADCF
2532471152,5610853,3,pelvis,terminal,-0.9983,-0.2272,-0.1462,-6.5308,-77.2095,-27.2217,t003,MADCF
2532471217,5610869,3,pelvis,terminal,-0.9677,-0.2288,-0.0564,-10.1929,-75.8057,-28.6255,t003,MADCF
2532471217,5610885,3,pelvis,terminal,-0.9373,-0.2190,-0.0085,-19.2261,-78.3691,-33.8745,t003,MADCF
2532471218,5610902,3,pelvis,terminal,-0.9578,-0.2292,-0.0173,-26.8555,-81.6650,-29.2969,t003,MADCF
2532471218,5610918,3,pelvis,terminal,-0.9520,-0.2700,-0.0670,-29.7852,-81.7261,-24.9023,t003,MADCF
2532471283,5610934,3,pelvis,terminal,-0.9446,-0.2825,-0.0829,-31.7993,-75.5005,-20.9961,t003,MADCF
2532471284,5610951,3,pelvis,terminal,-0.9884,-0.2548,-0.0698,-33.3862,-63.7207,-19.8975,t003,MADCF
2532471284,5610967,3,pelvis,terminal,-1.0393,-0.1958,-0.1587,-36.4380,-59.2651,-16.5405,t003,MADCF
2532471284,5610983,3,pelvis,terminal,-1.0504,-0.1731,-0.2235,-46.9971,-55.3589,-5.7373,t003,MADCF
2532471346,5611000,3,pelvis,terminal,-1.0356,-0.0707,-0.2170,-50.6592,-53.7720,-1.0376,t003,MADCF
2532471346,5611016,3,pelvis,terminal,-1.1035,-0.1268,-0.0602,-50.0488,-46.0205,3.8452,t003,MADCF
2532471347,5611032,3,pelvis,swing,-1.1680,-0.2474,0.0630,-53.1006,-32.1655,10.7422,t003,MADCF
2532471347,5611048,3,pelvis,swing,-1.2479,-0.5571,0.2786,-57.8003,-21.7895,15.9912,t003,MADCF
2532471413,5611064,3,pelvis,swing,-1.2625,-0.7450,0.3816,-44.9829,1.8921,38.6353,t003,MADCF
2532471413,5611080,3,pelvis,swing,-1.2892,-1.0845,0.5004,-27.5269,17.2119,55.7861,t003,MADCF
2532471413,5611096,3,pelvis,swing,-1.4071,-0.9224,0.1613,-4.6387,33.8745,83.3740,t003,MADCF
2532471414,5611112,3,pelvis,swing,-1.5288,-0.5197,0.0542,-58.5327,36.5601,71.1060,t003,MADCF
2532471475,5611128,3,pelvis,swing,-1.5691,0.3284,-0.4596,-109.3750,35.0952,57.6172,t003,MADCF
2532471477,5611144,3,pelvis,swing,-1.6196,0.4821,-0.7133,-123.9624,55.3589,52.4902,t003,MADCF
2532471477,5611160,3,pelvis,swing,-1.8186,0.5283,-0.9564,-67.1997,81.6040,59.3262,t003,MADCF
2532471478,5611176,3,pelvis,swing,-1.6475,0.2383,-0.9565,81.6040,129.8828,57.5561,t003,MADCF
2532471541,5611192,3,pelvis,swing,-1.4401,0.0466,-0.8821,125.6103,147.2778,63.5376,t003,MADCF
2532471541,5611208,3,pelvis,swing,-1.0697,-0.3181,-0.6975,104.0649,145.8130,67.6270,t003,MADCF
2532471542,5611224,3,pelvis,swing,-1.0125,-0.4323,-0.5778,35.4004,144.8364,62.0117,t003,MADCF
2532471542,5611240,3,pelvis,swing,-0.9508,-0.3613,-0.6624,6.1646,141.7847,51.5747,t003,MADCF
2532471602,5611256,3,pelvis,swing,-0.9622,-0.3589,-0.7200,-21.9727,124.4507,32.4707,t003,MADCF
2532471604,5611272,3,pelvis,swing,-1.0363,-0.3217,-0.6865,-28.1982,124.5727,25.5737,t003,MADCF
2532471604,5611288,3,pelvis,swing,-0.9006,-0.2458,-0.6945,-30.8838,134.5825,18.4937,t003,MADCF
2532471605,5611304,3,pelvis,swing,-0.8762,-0.1614,-0.6759,-21.6675,141.9678,10.8032,t003,MADCF
2532471668,5611320,3,pelvis,swing,-0.8746,0.1056,-0.6141,-15.0146,147.5830,6.0425,t003,MADCF
2532471668,5611336,3,pelvis,swing,-0.8535,0.1356,-0.6233,12.1460,155.3955,4.7607,t003,MADCF
2532471668,5611352,3,pelvis,swing,-0.7675,0.0061,-0.6375,29.3579,156.7993,11.5967,t003,MADCF
2532471668,5611368,3,pelvis,swing,-0.6890,-0.1162,-0.5759,46.2036,153.9307,33.0200,t003,MADCF
2532471728,5611384,3,pelvis,swing,-0.6754,-0.1555,-0.5599,38.1470,143.3716,44.9219,t003,MADCF
2532471731,5611400,3,pelvis,swing,-0.6498,-0.2123,-0.5593,29.6020,137.7563,46.0205,t003,MADCF
2532471731,5611416,3,pelvis,swing,-0.6403,-0.2041,-0.5585,13.6719,129.5776,43.8232,t003,MADCF
2532471731,5611431,3,pelvis,swing,-0.5570,-0.2043,-0.5112,6.7749,123.1689,39.1235,t003,MADCF
2532471795,5611448,3,pelvis,swing,-0.5198,-0.1166,-0.4540,-6.3477,103.8208,21.9116,t003,MADCF
2532471795,5611464,3,pelvis,swing,-0.4994,-0.0923,-0.4172,-22.3389,80.9326,1.6479,t003,MADCF
2532471796,5611480,3,pelvis,swing,-0.4364,-0.0663,-0.3674,-36.2549,66.6504,-9.1553,t003,MADCF
2532471796,5611496,3,pelvis,swing,-0.4034,-0.0579,-0.3022,-59.8144,38.5132,-34.4238,t003,MADCF
2532471857,5611512,3,pelvis,swing,-0.5082,-0.0040,-0.0206,-59.3872,29.6631,-47.3633,t003,MADCF
2532471858,5611528,3,pelvis,swing,-0.8347,0.0317,0.2090,-41.1987,32.1655,-65.7349,t003,MADCF
2532471859,5611545,3,pelvis,swing,-0.9176,0.0082,0.2738,-11.8408,45.1050,-61.2793,t003,MADCF
2532471859,5611561,3,pelvis,swing,-1.0699,-0.3387,0.6143,4.8828,46.2036,-48.1567,t003,MADCF
2532471923,5611577,3,pelvis,swing,-1.1705,-0.6147,0.8877,34.6680,54.3213,-15.6860,t003,MADCF
2532471924,5611593,3,pelvis,swing,-1.0399,-0.9989,1.1467,47.8516,59.9365,-3.2349,t003,MADCF
2532471924,5611609,3,pelvis,swing,-0.6801,-0.8193,1.0929,70.0073,50.5371,9.7656,t003,MADCF
2532471924,5611625,3,pelvis,swing,-0.5947,-0.6564,0.9609,93.3227,28.2593,20.0806,t003,MADCF
2532471985,5611640,3,pelvis,swing,-0.6389,-0.4974,0.5525,106.0791,17.1509,24.1699,t003,MADCF
2532471986,5611656,3,pelvis,loading,-0.6750,-0.4949,0.3243,124.5117,-2.6245,16.1133,t003,MADCF
2532471987,5611672,3,pelvis,loading,-0.6157,-0.4385,-0.0804,129.7607,-11.0474,5.1270,t003,MADCF
2532471988,5611688,3,pelvis,loading,-0.4570,-0.1649,-0.5712,124.6948,-35.0952,-23.8647,t003,MADCF
2532472052,5611705,3,pelvis,loading,-0.3820,-0.2089,-0.6552,69.5190,-69.1528,-54.7485,t003,MADCF
2532472053,5611721,3,pelvis,loading,-0.6708,-1.0425,0.3260,36.7432,-60.3027,-54.9316,t003,MADCF
2532472053,5611737,3,pelvis,loading,-0.8781,-1.3190,0.7104,32.4097,-42.1753,-9.0942,t003,MADCF
2532472053,5611753,3,pelvis,loading,-1.1370,-1.0686,0.5831,12.1460,-58.8989,10.2539,t003,MADCF
2532472117,5611769,3,pelvis,loading,-1.9132,-1.0977,0.2749,-37.5366,-78.2471,-2.9297,t003,MADCF
2532472117,5611785,3,pelvis,loading,-2.0233,-0.8898,-0.2360,-83.5571,-76.9653,-52.7954,t003,MADCF
2532472118,5611801,3,pelvis,loading,-1.0331,0.0387,-0.5634,-118.3472,-62.0728,-64.8804,t003,MADCF
2532472182,5611818,3,pelvis,loading,-0.6558,0.4635,-0.7704,-148.4985,-47.6074,-63.1714,t003,MADCF
2532472183,5611834,3,pelvis,midstance,-0.3594,1.0380,-0.9008,-126.0986,-47.8516,-62.5610,t003,MADCF
2532472183,5611850,3,pelvis,midstance,-0.7114,0.8225,-0.5042,-20.3857,-66.4063,-63.9648,t003,MADCF
2532472183,5611866,3,pelvis,midstance,-1.1660,0.3928,-0.4608,56.3354,-109.1309,-48.7061,t003,MADCF
2532472183,5611882,3,pelvis,midstance,-1.7513,-0.3555,-0.5791,72.4487,-104.3701,-40.6494,t003,MADCF
2532472246,5611899,3,pelvis,midstance,-1.5691,-0.5128,-0.4988,76.9043,-52.1851,-27.2217,t003,MADCF
2532472247,5611915,3,pelvis,midstance,-0.7849,-0.4062,-0.2068,57.1899,-40.7715,-25.3906,t003,MADCF
2532472248,5611931,3,pelvis,midstance,-0.6010,-0.2173,-0.0872,39.4897,-54.5654,-29.0527,t003,MADCF
2532472248,5611947,3,pelvis,midstance,-0.7351,-0.1436,-0.0642,-7.0190,-83.8013,-33.3252,t003,MADCF
2532472315,5611963,3,pelvis,midstance,-1.0408,-0.0486,-0.0916,-25.9399,-89.0503,-33.2642,t003,MADCF
2532472315,5611980,3,pelvis,midstance,-1.0450,0.0111,-0.1361,-36.9873,-79.7729,-37.8418,t003,MADCF
2532472316,5611996,3,pelvis,terminal,-1.0020,0.0120,-0.1398,-22.8271,-72.2656,-47.9126,t003,MADCF
2532472316,5612012,3,pelvis,terminal,-0.9414,-0.1105,-0.1512,-15.3198,-72.8149,-50.2319,t003,MADCF
2532472379,5612029,3,pelvis,terminal,-0.9139,-0.2026,-0.1492,-12.9395,-73.3032,-42.7246,t003,MADCF
2532472381,5612045,3,pelvis,terminal,-0.9104,-0.2446,-0.1393,-19.1650,-74.2188,-34.1797,t003,MADCF
2532472383,5612061,3,pelvis,terminal,-0.9592,-0.1418,-0.1371,-33.0200,-77.8809,-19.9585,t003,MADCF
2532472383,5612078,3,pelvis,terminal,-0.9690,-0.0787,-0.1302,-25.6348,-76.8433,-19.8364,t003,MADCF
2532472449,5612094,3,pelvis,terminal,-0.9908,-0.0419,-0.1074,-15.8081,-74.4019,-20.3247,t003,MADCF
2532472450,5612110,3,pelvis,terminal,-1.0126,-0.0931,-0.0989,1.2817,-65.3076,-19.5923,t003,MADCF
2532472450,5612126,3,pelvis,terminal,-1.0249,-0.2952,-0.0720,-4.8828,-57.9834,-18.4326,t003,MADCF
2532472451,5612143,3,pelvis,terminal,-0.9406,-0.3839,-0.0155,-15.8691,-57.8613,-19.2261,t003,MADCF
2532472515,5612159,3,pelvis,terminal,-0.9031,-0.3396,0.0018,-28.5034,-59.0820,-22.8271,t003,MADCF
2532472515,5612175,3,pelvis,terminal,-0.9143,-0.1710,-0.0385,-28.6865,-60.1807,-23.2544,t003,MADCF
2532472516,5612191,3,pelvis,terminal,-0.9423,-0.0891,-0.3037,-27.7100,-62.3779,-16.4795,t003,MADCF
2532472516,5612207,3,pelvis,terminal,-0.9010,-0.1052,-0.4457,-28.2593,-66.1011,-10.6812,t003,MADCF
2532472581,5612224,3,pelvis,terminal,-0.8110,-0.0991,-0.5587,-26.1841,-67.1387,-14.1602,t003,MADCF
2532472582,5612240,3,pelvis,swing,-0.7969,-0.0303,-0.5256,-28.3813,-71.6553,-28.9917,t003,MADCF
2532472582,5612256,3,pelvis,swing,-0.8501,0.1219,-0.3912,-31.1279,-74.8901,-33.2642,t003,MADCF
2532472583,5612273,3,pelvis,swing,-0.9469,-0.0089,-0.3569,-26.6724,-75.2563,-26.4282,t003,MADCF
2532472646,5612289,3,pelvis,swing,-0.9624,-0.0753,-0.3148,-18.4937,-74.1577,-16.1743,t003,MADCF
2532472647,5612305,3,pelvis,swing,-0.9296,-0.0955,-0.1189,-16.4185,-73.9136,-15.8081,t003,MADCF
2532472649,5612322,3,pelvis,swing,-0.9891,-0.2174,0.0498,-14.2212,-75.0122,-19.7144,t003,MADCF
2532472649,5612338,3,pelvis,swing,-1.0046,-0.3129,0.0760,-12.3291,-76.7212,-27.2827,t003,MADCF
2532472715,5612354,3,pelvis,swing,-1.0345,-0.4264,0.0765,-15.8691,-75.8057,-27.0386,t003,MADCF
2532472715,5612370,3,pelvis,swing,-1.0723,-0.4235,0.0646,-36.6821,-69.7021,-16.0522,t003,MADCF
2532472715,5612386,3,pelvis,swing,-1.0931,-0.3311,-0.0371,-49.6216,-63.8428,-8.1787,t003,MADCF
2532472716,5612403,3,pelvis,swing,-1.0457,-0.2590,-0.1157,-62.2559,-50.7812,-0.4272,t003,MADCF
2532472777,5612419,3,pelvis,swing,-1.0857,-0.2634,-0.0975,-59.4482,-39.1846,5.6152,t003,MADCF
2532472780,5612435,3,pelvis,swing,-1.2296,-0.4486,0.0739,-57.5561,-30.4565,14.4043,t003,MADCF
2532472781,5612451,3,pelvis,swing,-1.2423,-0.5547,0.1952,-49.9268,-5.3711,36.6211,t003,MADCF
2532472781,5612467,3,pelvis,swing,-1.2773,-0.7671,0.5277,-40.5884,7.0190,47.3022,t003,MADCF
2532472843,5612483,3,pelvis,swing,-1.3237,-0.8894,0.4786,-11.9019,31.1890,68.6035,t003,MADCF
2532472844,5612499,3,pelvis,swing,-1.4094,-0.8031,0.1583,23.3765,29.2969,86.8530,t003,MADCF
2532472844,5612515,3,pelvis,swing,-1.7272,-0.0255,-0.0869,4.3945,34.3628,81.4819,t003,MADCF
2532472845,5612531,3,pelvis,swing,-1.7517,0.4337,-0.3373,-93.7500,50.1099,58.5937,t003,MADCF
2532472875,5612547,3,pelvis,swing,-1.6212,0.7008,-0.8235,-106.1401,66.5283,58.4106,t003,MADCF
2532472905,5612563,3,pelvis,swing,-1.7452,0.4326,-1.0806,0.6104,110.9619,70.8008,t003,MADCF
2532472906,5612579,3,pelvis,swing,-1.7676,0.2656,-1.1155,118.7744,142.4561,68.2983,t003,MADCF
2532472907,5612595,3,pelvis,swing,-1.3556,0.0261,-0.9197,130.4932,153.6255,66.5283,t003,MADCF
2532472968,5612611,3,pelvis,swing,-1.1460,-0.1666,-0.7313,89.8437,160.9497,74.8291,t003,MADCF
2532472969,5612627,3,pelvis,swing,-0.9430,-0.3961,-0.7312,57.1899,155.1514,72.5098,t003,MADCF
2532472969,5612643,3,pelvis,swing,-0.9266,-0.3584,-0.7009,6.8970,131.4087,45.1660,t003,MADCF
2532472970,5612659,3,pelvis,swing,-0.9657,-0.2655,-0.6527,-15.9302,123.7183,15.6250,t003,MADCF
2532473029,5612675,3,pelvis,swing,-1.0195,-0.1251,-0.7527,-17.3950,122.6807,9.5825,t003,MADCF
2532473031,5612691,3,pelvis,swing,-0.9935,-0.1041,-0.7603,-6.4087,134.8877,12.6343,t003,MADCF
2532473032,5612707,3,pelvis,swing,-0.9382,-0.0828,-0.6982,4.5166,145.0195,12.6343,t003,MADCF
2532473032,5612723,3,pelvis,swing,-0.8599,-0.0647,-0.7119,32.4097,162.2925,15.8081,t003,MADCF
2532473095,5612739,3,pelvis,swing,-0.7908,-0.0753,-0.7085,57.3730,172.2412,33.6304,t003,MADCF
2532473096,5612755,3,pelvis,swing,-0.6298,-0.1636,-0.6658,64.2090,172.6684,46.1426,t003,MADCF
2532473096,5612771,3,pelvis,swing,-0.5505,-0.2310,-0.6222,59.3262,164.9780,65.7959,t003,MADCF
2532473096,5612787,3,pelvis,swing,-0.4841,-0.3373,-0.5361,48.8892,157.7759,67.3828,t003,MADCF
2532473157,5612803,3,pelvis,swing,-0.4990,-0.3506,-0.5366,23.1323,141.2964,59.7534,t003,MADCF
2532473159,5612819,3,pelvis,swing,-0.4929,-0.3134,-0.5109,10.1929,134.4604,53.5889,t003,MADCF
2532473159,5612835,3,pelvis,swing,-0.5104,-0.3032,-0.4001,-20.0806,118.2861,32.1045,t003,MADCF
2532473159,5612851,3,pelvis,swing,-0.5704,-0.2498,-0.3866,-67.8101,96.8018,7.2632,t003,MADCF
2532473222,5612867,3,pelvis,swing,-0.5321,-0.0162,-0.4109,-87.2803,85.7544,-5.4932,t003,MADCF
2532473223,5612883,3,pelvis,loading,-0.4528,0.0370,-0.3630,-96.6186,60.5469,-37.0483,t003,MADCF
2532473224,5612899,3,pelvis,loading,-0.5045,0.0265,-0.1522,-69.9463,45.7764,-62.6831,t003,MADCF
2532473224,5612916,3,pelvis,loading,-0.8344,0.1516,0.2142,-42.4194,53.8330,-71.7773,t003,MADCF
2532473284,5612931,3,pelvis,loading,-0.8693,0.1277,0.2313,21.2402,77.5757,-70.6177,t003,MADCF
2532473285,5612947,3,pelvis,loading,-0.7697,-0.2209,0.3875,45.0439,71.8384,-50.3540,t003,MADCF
2532473286,5612963,3,pelvis,loading,-0.8496,-0.4658,0.7179,76.9653,52.4292,1.6479,t003,MADCF
2532473286,5612979,3,pelvis,loading,-0.8206,-0.8448,1.1221,86.4258,43.2739,17.8833,t003,MADCF
2532473351,5612995,3,pelvis,loading,-0.7462,-0.8594,1.0552,86.6699,17.9443,25.6958,t003,MADCF
2532473351,5613011,3,pelvis,loading,-0.7123,-0.7859,0.9426,80.0781,1.2817,25.6348,t003,MADCF
2532473352,5613027,3,pelvis,loading,-0.6622,-0.6387,0.5342,79.3457,-10.1318,23.0103,t003,MADCF
2532473353,5613043,3,pelvis,loading,-0.6174,-0.5148,0.1510,72.8760,-63.1103,3.1738,t003,MADCF
2532473412,5613059,3,pelvis,loading,-0.5803,-0.5408,-0.3226,63.8428,-100.5249,-14.4653,t003,MADCF
2532473413,5613075,3,pelvis,loading,-1.0988,-1.0055,0.5187,44.6777,-89.3555,-33.2642,t003,MADCF
2532473415,5613091,3,pelvis,loading,-1.3405,-0.8778,0.9395,51.6357,21.0571,-22.5830,t003,MADCF
2532473415,5613107,3,pelvis,loading,-0.8524,-0.7561,0.0558,81.8481,19.9585,-15.0146,t003,MADCF
2532473480,5613123,3,pelvis,loading,-0.7195,-0.8721,-0.0980,100.0976,-23.5596,1.8921,t003,MADCF
2532473480,5613140,3,pelvis,loading,-0.9370,-0.6844,0.0870,44.3115,-39.2456,-13.2446,t003,MADCF
2532473481,5613156,3,pelvis,loading,-1.2764,-0.0387,-0.2814,-57.7393,-78.0029,-48.9502,t003,MADCF
2532473481,5613172,3,pelvis,loading,-1.4180,0.2766,-0.3726,-64.5752,-53.2227,-62.2559,t003,MADCF
2532473543,5613189,3,pelvis,loading,-1.2928,0.4539,-0.7421,-66.1011,-35.4614,-66.5894,t003,MADCF
2532473543,5613205,3,pelvis,midstance,-1.0449,0.3721,-0.7847,-57.3730,-31.2500,-60.7910,t003,MADCF
2532473543,5613221,3,pelvis,midstance,-0.6854,-0.0439,-0.6012,-11.0474,-51.8799,-56.8237,t003,MADCF
2532473543,5613237,3,pelvis,midstance,-0.8385,-0.1931,-0.5140,8.8501,-61.2183,-51.9409,t003,MADCF
2532473614,5613254,3,pelvis,midstance,-0.9719,-0.1766,-0.4679,36.1328,-66.6504,-37.4756,t003,MADCF
2532473615,5613270,3,pelvis,midstance,-1.0688,-0.1146,-0.2987,36.8652,-65.9790,-32.8979,t003,MADCF
2532473615,5613286,3,pelvis,midstance,-0.9670,-0.0094,-0.1366,25.0854,-68.0542,-33.0811,t003,MADCF
2532473616,5613302,3,pelvis,midstance,-0.9609,0.0055,-0.0908,23.0103,-71.5942,-42.0532,t003,MADCF
2532473617,5613318,3,pelvis,midstance,-0.9711,-0.0894,-0.0333,15.1367,-72.0825,-45.5322,t003,MADCF
2532473680,5613334,3,pelvis,midstance,-0.9749,-0.1545,-0.0223,-22.2168,-75.0122,-46.8140,t003,MADCF
2532473681,5613351,3,pelvis,terminal,-0.9603,-0.2036,-0.0398,-39.7949,-77.5757,-47.0581,t003,MADCF
2532473681,5613367,3,pelvis,terminal,-0.9249,-0.0702,-0.0935,-43.0298,-78.9185,-46.3867,t003,MADCF
2532473682,5613383,3,pelvis,terminal,-0.9270,0.0085,-0.1052,-5.4932,-69.7632,-35.4004,t003,MADCF
2532473752,5613399,3,pelvis,terminal,-0.9506,-0.0042,-0.1079,17.0898,-65.8569,-29.3579,t003,MADCF
2532473752,5613416,3,pelvis,terminal,-0.9523,-0.0809,-0.1212,40.2832,-66.5894,-22.2168,t003,MADCF
2532473753,5613432,3,pelvis,terminal,-0.9375,-0.2410,-0.1366,19.8975,-71.2280,-23.0103,t003,MADCF
2532473753,5613448,3,pelvis,terminal,-0.9015,-0.2517,-0.1309,4.6997,-72.3877,-23.8037,t003,MADCF
2532473808,5613465,3,pelvis,terminal,-0.9047,-0.2422,-0.1361,-10.2539,-75.3784,-27.2217,t003,MADCF
2532473818,5613481,3,pelvis,terminal,-0.9530,-0.2025,-0.1582,-9.6436,-76.5381,-29.9683,t003,MADCF
2532473819,5613497,3,pelvis,terminal,-0.9612,-0.1637,-0.2228,-4.0894,-73.9746,-29.2969,t003,MADCF
2532473819,5613514,3,pelvis,terminal,-0.9093,-0.1520,-0.2726,-10.6201,-76.4771,-22.3389,t003,MADCF
2532473886,5613530,3,pelvis,terminal,-0.8538,-0.1145,-0.3677,-16.1743,-80.3223,-20.3247,t003,MADCF
2532473887,5613546,3,pelvis,terminal,-0.8707,-0.1057,-0.3818,-20.0806,-80.9936,-22.3389,t003,MADCF
2532473887,5613563,3,pelvis,terminal,-0.9210,-0.1316,-0.3372,-21.3623,-80.9326,-27.3437,t003,MADCF
2532473888,5613579,3,pelvis,terminal,-0.9323,-0.1587,-0.2443,-21.3013,-81.4209,-31.1279,t003,MADCF
2532473950,5613595,3,pelvis,terminal,-0.9283,-0.1677,-0.1742,-22.1558,-81.1768,-36.1328,t003,MADCF
2532473950,5613611,3,pelvis,swing,-0.9432,-0.1165,-0.0714,-22.2168,-81.8481,-36.9263,t003,MADCF
2532473950,5613627,3,pelvis,swing,-1.0072,-0.0327,-0.0494,-24.5361,-83.3130,-36.0107,t003,MADCF
2532473951,5613644,3,pelvis,swing,-1.0184,-0.0559,-0.0227,-27.2827,-81.1157,-32.3486,t003,MADCF
2532473989,5613660,3,pelvis,swing,-0.9611,-0.2258,0.0460,-29.4189,-81.9702,-31.0669,t003,MADCF
2532474021,5613676,3,pelvis,swing,-0.9315,-0.3101,0.0660,-38.4521,-85.0830,-29.7852,t003,MADCF
2532474021,5613692,3,pelvis,swing,-0.9600,-0.3679,0.0671,-44.7388,-84.1675,-29.7241,t003,MADCF
2532474022,5613709,3,pelvis,swing,-1.0238,-0.2892,-0.0386,-56.7627,-75.7446,-28.0762,t003,MADCF
2532474024,5613725,3,pelvis,swing,-1.0319,-0.2329,-0.0532,-64.6362,-62.1338,-22.4609,t003,MADCF
2532474083,5613741,3,pelvis,swing,-1.1246,-0.2550,-0.0056,-66.7725,-55.6641,-17.5171,t003,MADCF
2532474086,5613758,3,pelvis,swing,-1.2577,-0.4498,0.1542,-66.4673,-39.9170,-0.1221,t003,MADCF
2532474087,5613774,3,pelvis,swing,-1.2655,-0.5493,0.2804,-61.3403,-21.8506,17.8833,t003,MADCF
2532474107,5613790,3,pelvis,swing,-1.3729,-0.7969,0.5891,-58.8379,-13.2446,25.6348,t003,MADCF
2532474149,5613806,3,pelvis,swing,-1.4449,-0.9232,0.5828,-46.5698,12.0239,49.6216,t003,MADCF
2532474150,5613822,3,pelvis,swing,-1.4850,-0.9052,0.1371,-21.1182,27.2217,70.6787,t003,MADCF
2532474151,5613838,3,pelvis,swing,-1.5522,-0.6580,-0.0854,-5.3711,49.6216,93.2617,t003,MADCF
2532474197,5613854,3,pelvis,swing,-1.5764,0.0747,-0.4535,-95.9473,56.0913,69.0918,t003,MADCF
2532474210,5613870,3,pelvis,swing,-1.5988,0.3906,-0.8729,-117.4316,60.3638,62.6221,t003,MADCF
2532474212,5613886,3,pelvis,swing,-1.7186,0.2770,-1.0313,-36.2549,92.5903,68.4814,t003,MADCF
2532474213,5613902,3,pelvis,swing,-1.6864,0.0077,-1.0306,22.5220,109.8633,64.8193,t003,MADCF
2532474237,5613918,3,pelvis,swing,-1.5636,-0.1090,-0.9476,58.1055,124.9390,53.5889,t003,MADCF
2532474275,5613934,3,pelvis,swing,-1.2305,-0.4124,-0.7650,34.7290,126.6479,53.6499,t003,MADCF
2532474277,5613950,3,pelvis,swing,-0.9993,-0.4857,-0.7673,-30.1514,126.9531,50.7202,t003,MADCF
2532474277,5613966,3,pelvis,swing,-0.9816,-0.4392,-0.7917,-65.9790,118.7744,29.9683,t003,MADCF
2532474335,5613982,3,pelvis,swing,-1.0238,-0.2778,-0.7471,-74.1577,118.4082,18.5547,t003,MADCF
2532474338,5613998,3,pelvis,swing,-1.0269,-0.1881,-0.7361,-78.2471,121.2768,2.7466,t003,MADCF
2532474338,5614015,3,pelvis,swing,-0.9979,-0.0704,-0.7233,-58.2275,129.0894,-6.7749,t003,MADCF
2532474339,5614031,3,pelvis,swing,-0.9519,0.0105,-0.7566,-41.8091,138.5498,-6.2866,t003,MADCF
2532474402,5614047,3,pelvis,swing,-0.8766,0.0322,-0.7560,1.4648,166.3208,4.6997,t003,MADCF
2532474403,5614063,3,pelvis,swing,-0.6812,-0.0696,-0.7181,26.4893,175.9643,12.2070,t003,MADCF
2532474404,5614079,3,pelvis,swing,-0.6022,-0.1237,-0.6825,56.8237,180.9692,35.0952,t003,MADCF
2532474463,5614095,3,pelvis,swing,-0.5553,-0.1215,-0.5669,51.8188,174.4995,53.2227,t003,MADCF
2532474463,5614111,3,pelvis,swing,-0.5530,-0.0774,-0.4814,49.1333,168.1518,55.3589,t003,MADCF
