timestamp_pc_ms,timestamp_arduino_ms,sensor_id,placement,phase,ax,ay,az,gx,gy,gz,trial_id,subject_id
2528126605,1120783,2,pierna,loading,-0.2372,0.9506,0.0002,0.4883,-0.6104,0.2441,t004,MBYRA
2528126644,1120799,2,pierna,loading,-0.2416,0.9569,-0.0106,0.6104,-0.4883,0.3052,t004,MBYRA
2528126645,1120814,2,pierna,loading,-0.2460,0.9517,-0.0157,1.1597,0.1831,0.0610,t004,MBYRA
2528126681,1120830,2,pierna,loading,-0.2380,0.9507,-0.0132,1.1597,0.3662,0.0000,t004,MBYRA
2528126682,1120846,2,pierna,loading,-0.2433,0.9519,-0.0098,1.5259,0.4883,-0.0610,t004,MBYRA
2528126723,1120862,2,pierna,loading,-0.2477,0.9535,-0.0138,1.7090,0.5493,-0.3052,t004,MBYRA
2528126723,1120878,2,pierna,loading,-0.2465,0.9504,-0.0161,1.8311,0.7324,-0.6104,t004,MBYRA
2528126724,1120894,2,pierna,loading,-0.2465,0.9468,-0.0159,1.9531,1.5259,-1.2817,t004,MBYRA
2528126759,1120910,2,pierna,loading,-0.2454,0.9470,-0.0121,1.8311,2.4414,-1.8311,t004,MBYRA
2528126759,1120926,2,pierna,loading,-0.2455,0.9508,-0.0035,1.7700,2.6855,-2.1362,t004,MBYRA
2528126802,1120942,2,pierna,loading,-0.2406,0.9525,0.0057,1.8921,2.6245,-2.8076,t004,MBYRA
2528126802,1120958,2,pierna,loading,-0.2305,0.9518,0.0101,1.7090,2.1362,-2.9297,t004,MBYRA
2528126803,1120974,2,pierna,loading,-0.2375,0.9521,0.0006,1.1597,1.4648,-2.8687,t004,MBYRA
2528126839,1120989,2,pierna,loading,-0.2383,0.9534,-0.0007,1.2207,1.5259,-2.8076,t004,MBYRA
2528126840,1121005,2,pierna,loading,-0.2306,0.9529,0.0011,1.4038,1.5259,-2.8687,t004,MBYRA
2528126883,1121021,2,pierna,loading,-0.2266,0.9526,0.0021,1.4648,0.8545,-2.5635,t004,MBYRA
2528126884,1121037,2,pierna,loading,-0.2285,0.9528,0.0043,1.2817,0.4883,-2.3804,t004,MBYRA
2528126884,1121053,2,pierna,loading,-0.2302,0.9541,0.0009,1.0986,0.1221,-2.0142,t004,MBYRA
2528126921,1121069,2,pierna,loading,-0.2277,0.9517,0.0005,1.3428,0.0000,-1.7700,t004,MBYRA
2528126921,1121085,2,pierna,loading,-0.2234,0.9489,0.0018,1.4038,-0.1831,-1.5259,t004,MBYRA
2528126923,1121100,2,pierna,loading,-0.2242,0.9530,0.0056,1.5869,-0.9766,-0.9766,t004,MBYRA
2528126964,1121116,2,pierna,loading,-0.2285,0.9546,0.0072,1.8311,-1.4038,-0.8545,t004,MBYRA
2528126965,1121132,2,pierna,loading,-0.2310,0.9537,0.0045,2.1973,-1.8311,-0.7935,t004,MBYRA
2528127002,1121148,2,pierna,loading,-0.2275,0.9526,0.0012,2.5024,-1.6479,-1.0376,t004,MBYRA
2528127004,1121164,2,pierna,loading,-0.2366,0.9592,-0.0056,2.7466,-1.5869,-0.9155,t004,MBYRA
2528127004,1121180,2,pierna,loading,-0.2279,0.9590,0.0051,3.7231,-2.3193,-1.2207,t004,MBYRA
2528127045,1121196,2,pierna,loading,-0.2269,0.9553,0.0070,4.6387,-3.4790,-1.0376,t004,MBYRA
2528127046,1121212,2,pierna,loading,-0.2390,0.9562,0.0013,4.6997,-3.5400,-1.2207,t004,MBYRA
2528127083,1121228,2,pierna,loading,-0.2395,0.9546,0.0027,5.5542,-2.3193,-1.7700,t004,MBYRA
2528127083,1121244,2,pierna,loading,-0.2275,0.9510,0.0026,5.7983,-1.7700,-2.1973,t004,MBYRA
2528127085,1121260,2,pierna,loading,-0.2225,0.9508,0.0013,6.8970,-1.5869,-2.7466,t004,MBYRA
2528127131,1121276,2,pierna,loading,-0.2252,0.9496,-0.0007,8.2397,-1.8921,-2.3804,t004,MBYRA
2528127131,1121292,2,pierna,loading,-0.2308,0.9457,0.0044,8.7891,-1.8311,-2.1362,t004,MBYRA
2528127131,1121308,2,pierna,loading,-0.2252,0.9622,0.0161,9.5215,-1.1597,-1.7090,t004,MBYRA
2528127171,1121324,2,pierna,loading,-0.2211,0.9624,0.0219,9.7656,-0.7324,-2.0752,t004,MBYRA
2528127173,1121340,2,pierna,loading,-0.2205,0.9491,0.0331,9.7046,-0.5493,-2.3804,t004,MBYRA
2528127218,1121356,2,pierna,loading,-0.2281,0.9493,0.0366,9.7046,0.1221,-2.9297,t004,MBYRA
2528127218,1121372,2,pierna,loading,-0.2341,0.9583,0.0331,9.7656,0.6714,-3.4790,t004,MBYRA
2528127219,1121388,2,pierna,loading,-0.2313,0.9564,0.0349,9.8267,2.3804,-4.8218,t004,MBYRA
2528127259,1121404,2,pierna,loading,-0.2250,0.9550,0.0359,10.4370,3.9673,-4.9438,t004,MBYRA
2528127260,1121419,2,pierna,loading,-0.2267,0.9622,0.0322,10.8643,3.9673,-5.1880,t004,MBYRA
2528127261,1121435,2,pierna,loading,-0.2351,0.9634,0.0308,11.4746,3.5400,-7.3242,t004,MBYRA
2528127307,1121451,2,pierna,loading,-0.2229,0.9602,0.0402,11.5967,3.4180,-8.5449,t004,MBYRA
2528127307,1121467,2,pierna,loading,-0.2061,0.9542,0.0443,11.9629,3.1738,-8.5449,t004,MBYRA
2528127307,1121483,2,pierna,loading,-0.2207,0.9612,0.0415,12.7563,3.4790,-8.3618,t004,MBYRA
2528127349,1121499,2,pierna,loading,-0.2274,0.9642,0.0483,12.8784,3.5400,-9.2163,t004,MBYRA
2528127350,1121515,2,pierna,loading,-0.2124,0.9658,0.0521,12.8174,2.9907,-11.7187,t004,MBYRA
2528127395,1121530,2,pierna,loading,-0.2095,0.9631,0.0536,13.1226,2.6245,-12.5732,t004,MBYRA
2528127395,1121546,2,pierna,loading,-0.2124,0.9650,0.0623,13.7939,2.5024,-13.9160,t004,MBYRA
2528127396,1121562,2,pierna,loading,-0.1949,0.9624,0.0664,13.9160,2.9297,-16.5405,t004,MBYRA
2528127438,1121578,2,pierna,loading,-0.1761,0.9628,0.0697,14.3433,2.8076,-17.3950,t004,MBYRA
2528127439,1121594,2,pierna,loading,-0.2271,0.9672,0.0531,15.8691,3.2349,-20.6299,t004,MBYRA
2528127440,1121610,2,pierna,loading,-0.3029,0.9921,0.0547,13.3667,6.1646,-27.8931,t004,MBYRA
2528127487,1121626,2,pierna,loading,-0.2031,1.0208,0.0659,11.7798,7.2021,-31.2500,t004,MBYRA
2528127488,1121642,2,pierna,loading,-0.2303,1.0179,0.0702,12.6343,8.9111,-36.4380,t004,MBYRA
2528127488,1121658,2,pierna,loading,-0.2046,1.0134,0.0867,12.8784,9.2773,-39.1846,t004,MBYRA
2528127531,1121674,2,pierna,loading,-0.2571,1.0907,0.0865,11.9629,8.2397,-47.4243,t004,MBYRA
2528127532,1121690,2,pierna,loading,-0.2784,1.1194,-0.0083,10.3760,13.7939,-51.1475,t004,MBYRA
2528127533,1121706,2,pierna,loading,-0.3848,1.1201,-0.0378,7.9956,20.8130,-50.2319,t004,MBYRA
2528127582,1121722,2,pierna,loading,-0.3539,1.1479,0.0138,5.6152,16.7236,-64.0869,t004,MBYRA
2528127583,1121738,2,pierna,loading,-0.2438,1.2308,0.1494,3.7842,7.9346,-75.4395,t004,MBYRA
2528127584,1121754,2,pierna,loading,-0.1869,1.2284,0.0792,1.1597,2.8076,-82.7026,t004,MBYRA
2528127630,1121770,2,pierna,loading,-0.2097,1.1866,-0.0074,-0.9155,-9.5825,-97.2290,t004,MBYRA
2528127631,1121786,2,pierna,loading,-0.1184,1.1190,-0.2562,-2.8687,-17.8223,-103.7598,t004,MBYRA
2528127632,1121802,2,pierna,loading,-0.0166,1.0696,-0.2510,-9.0942,-33.1421,-97.3511,t004,MBYRA
2528127682,1121819,2,pierna,loading,-0.0375,0.9342,-0.2292,-7.5073,-62.5000,-81.9702,t004,MBYRA
2528127683,1121835,2,pierna,loading,-0.6495,0.5967,-0.2822,-3.4180,-83.6182,-65.3076,t004,MBYRA
2528127683,1121851,2,pierna,loading,-0.8286,0.4419,-0.1595,-1.5869,-115.6616,-20.1416,t004,MBYRA
2528127729,1121867,2,pierna,loading,-0.7396,0.4596,-0.0897,-8.2397,-125.6103,18.9819,t004,MBYRA
2528127730,1121883,2,pierna,loading,-0.7894,0.5216,-0.0209,-11.3525,-127.8686,35.1563,t004,MBYRA
2528127730,1121899,2,pierna,loading,-0.8204,0.5433,0.0186,-19.7754,-123.5962,58.2275,t004,MBYRA
2528127782,1121915,2,pierna,loading,-0.7291,0.6479,0.0931,-24.7803,-117.4927,66.2231,t004,MBYRA
2528127782,1121931,2,pierna,loading,-0.6417,0.7583,0.1333,-31.6772,-104.3091,79.2847,t004,MBYRA
2528127783,1121946,2,pierna,loading,-0.5900,0.8180,0.1438,-36.3770,-92.0410,88.9282,t004,MBYRA
2528127830,1121963,2,pierna,loading,-0.4476,0.9395,0.1509,-40.0391,-86.4258,93.9331,t004,MBYRA
2528127832,1121978,2,pierna,loading,-0.4005,0.9696,0.1665,-44.4946,-78.1250,110.5347,t004,MBYRA
2528127832,1121994,2,pierna,loading,-0.4066,0.9844,0.2104,-43.8232,-76.5991,119.6289,t004,MBYRA
2528127883,1122011,2,pierna,loading,-0.4358,1.0146,0.2190,-41.3818,-72.6318,131.4087,t004,MBYRA
2528127884,1122026,2,pierna,loading,-0.4207,1.0389,0.2107,-40.7104,-65.8569,134.8877,t004,MBYRA
2528127884,1122042,2,pierna,loading,-0.3999,1.0586,0.1626,-40.4663,-62.0728,134.2163,t004,MBYRA
2528127884,1122058,2,pierna,loading,-0.2944,1.0962,0.1082,-41.2598,-52.7954,130.8594,t004,MBYRA
2528127931,1122075,2,pierna,loading,-0.1868,1.1298,0.0978,-42.2363,-45.9595,129.7607,t004,MBYRA
2528127933,1122090,2,pierna,loading,-0.0614,1.1655,0.1041,-41.0156,-43.1519,130.6152,t004,MBYRA
2528127934,1122106,2,pierna,loading,-0.0403,1.1586,0.1250,-37.1094,-32.8979,129.3335,t004,MBYRA
2528127981,1122122,2,pierna,loading,0.0568,1.1450,0.1802,-36.4990,-25.3906,123.7793,t004,MBYRA
2528127982,1122138,2,pierna,loading,0.2465,1.1570,0.1992,-36.8652,-8.6670,104.3091,t004,MBYRA
2528127982,1122154,2,pierna,loading,0.3290,1.1517,0.1709,-35.7056,12.7563,82.1533,t004,MBYRA
2528128027,1122170,2,pierna,loading,0.4897,1.1282,0.1116,-34.7290,22.3389,70.1294,t004,MBYRA
2528128029,1122186,2,pierna,loading,0.5176,1.1758,0.0647,-36.3159,31.0059,41.1987,t004,MBYRA
2528128030,1122201,2,pierna,loading,0.3966,1.4126,0.1112,-42.3584,40.0391,24.9023,t004,MBYRA
2528128078,1122217,2,pierna,loading,0.7123,1.1812,0.5654,-39.4287,73.7915,-62.9272,t004,MBYRA
2528128079,1122233,2,pierna,loading,-0.6840,1.0461,0.5525,4.9438,50.9033,-111.7554,t004,MBYRA
2528128079,1122249,2,pierna,loading,-1.7051,1.0804,0.2773,11.6577,23.0103,-117.6147,t004,MBYRA
2528128125,1122265,2,pierna,loading,0.8239,1.4617,-0.0322,-10.8032,16.1133,-113.7085,t004,MBYRA
2528128127,1122281,2,pierna,loading,0.0422,1.2473,-0.1748,-3.6011,32.5317,-89.0503,t004,MBYRA
2528128127,1122297,2,pierna,loading,-0.6382,0.6898,-0.1869,-6.7139,47.6685,-87.5244,t004,MBYRA
2528128175,1122313,2,pierna,loading,-0.3523,0.7087,-0.1888,-23.2544,64.6973,-77.3315,t004,MBYRA
2528128175,1122329,2,pierna,loading,0.0334,1.0692,-0.2769,-23.8647,58.0444,-62.8052,t004,MBYRA
2528128176,1122345,2,pierna,loading,0.0812,1.2206,-0.1364,-0.8545,32.8979,-40.1611,t004,MBYRA
2528128222,1122361,2,pierna,loading,-0.0133,1.1194,-0.0007,26.7944,-8.7891,-45.0439,t004,MBYRA
2528128223,1122378,2,pierna,loading,-0.1555,0.9395,-0.0034,27.3437,-22.3389,-42.4194,t004,MBYRA
2528128224,1122393,2,pierna,loading,-0.2692,0.9086,-0.0366,13.1226,-21.6675,-28.6865,t004,MBYRA
2528128274,1122409,2,pierna,loading,-0.2571,0.9298,-0.0225,2.9297,-13.3667,-22.8882,t004,MBYRA
2528128274,1122425,2,pierna,loading,-0.3042,0.9298,-0.0332,-2.8076,-8.0566,-23.0103,t004,MBYRA
2528128274,1122442,2,pierna,loading,-0.2928,0.9305,-0.0542,-15.3198,6.3477,-24.4751,t004,MBYRA
2528128320,1122458,2,pierna,loading,-0.2279,0.9513,-0.0923,-18.9209,11.3525,-23.9868,t004,MBYRA
2528128322,1122474,2,pierna,loading,-0.1995,0.9760,-0.1398,-15.5029,8.6670,-20.8740,t004,MBYRA
2528128322,1122490,2,pierna,loading,-0.1887,0.9839,-0.1527,-5.7983,-1.7700,-19.9585,t004,MBYRA
2528128372,1122506,2,pierna,loading,-0.1943,0.9625,-0.1288,-0.6714,-5.9814,-19.2871,t004,MBYRA
2528128373,1122522,2,pierna,loading,-0.2025,0.9519,-0.0883,4.5776,-10.4370,-15.9912,t004,MBYRA
2528128374,1122538,2,pierna,loading,-0.2114,0.9523,-0.0808,3.2349,-9.2773,-13.3057,t004,MBYRA
2528128419,1122554,2,pierna,loading,-0.2350,0.9542,-0.0833,1.4648,-7.5073,-13.2446,t004,MBYRA
2528128419,1122570,2,pierna,midstance,-0.2323,0.9565,-0.0919,-1.4648,-3.8452,-14.6484,t004,MBYRA
2528128420,1122587,2,pierna,midstance,-0.2100,0.9513,-0.1107,-0.9766,-3.1128,-15.1367,t004,MBYRA
2528128474,1122603,2,pierna,midstance,-0.1763,0.9513,-0.0967,0.4272,-4.4556,-13.7939,t004,MBYRA
2528128474,1122619,2,pierna,midstance,-0.1761,0.9523,-0.0894,3.0518,-8.5449,-9.2163,t004,MBYRA
2528128475,1122635,2,pierna,midstance,-0.2026,0.9540,-0.0770,3.4790,-9.8267,-7.4463,t004,MBYRA
2528128475,1122651,2,pierna,midstance,-0.2227,0.9530,-0.0815,1.4038,-9.2773,-7.8125,t004,MBYRA
2528128523,1122666,2,pierna,midstance,-0.2173,0.9537,-0.0853,-1.9531,-6.5918,-11.4746,t004,MBYRA
2528128523,1122683,2,pierna,midstance,-0.2198,0.9594,-0.0945,-1.8921,-5.6763,-12.9395,t004,MBYRA
2528128524,1122699,2,pierna,midstance,-0.2172,0.9600,-0.1021,-0.7324,-4.8828,-15.1978,t004,MBYRA
2528128576,1122715,2,pierna,midstance,-0.1967,0.9714,-0.1134,1.4648,-4.4556,-17.2119,t004,MBYRA
2528128576,1122731,2,pierna,midstance,-0.1910,0.9697,-0.0950,2.8687,-4.6387,-18.3105,t004,MBYRA
2528128576,1122747,2,pierna,midstance,-0.1958,0.9637,-0.0892,3.7842,-2.9907,-20.7520,t004,MBYRA
2528128623,1122763,2,pierna,terminal,-0.1744,0.9612,-0.1010,3.3569,-1.8311,-21.6675,t004,MBYRA
2528128623,1122779,2,pierna,terminal,-0.1703,0.9668,-0.1024,1.6479,-3.1128,-22.1558,t004,MBYRA
2528128624,1122795,2,pierna,terminal,-0.1833,0.9615,-0.1105,3.3569,-3.4790,-23.0713,t004,MBYRA
2528128676,1122812,2,pierna,terminal,-0.1541,0.9836,-0.1117,4.0283,-4.2114,-23.8647,t004,MBYRA
2528128677,1122828,2,pierna,terminal,-0.1508,0.9814,-0.1024,5.1270,-6.6528,-24.8413,t004,MBYRA
2528128677,1122844,2,pierna,terminal,-0.1470,0.9866,-0.0963,6.2866,-7.2021,-26.3672,t004,MBYRA
2528128724,1122860,2,pierna,terminal,-0.1436,0.9879,-0.0923,7.3242,-7.4463,-27.8931,t004,MBYRA
2528128725,1122876,2,pierna,terminal,-0.1416,0.9917,-0.0874,8.9111,-9.0332,-31.2500,t004,MBYRA
2528128726,1122892,2,pierna,terminal,-0.1338,1.0192,-0.0740,9.8877,-9.8877,-33.2031,t004,MBYRA
2528128777,1122908,2,pierna,terminal,-0.1230,1.0336,-0.0916,13.4888,-10.6812,-38.1470,t004,MBYRA
2528128778,1122924,2,pierna,terminal,-0.1133,1.0234,-0.1007,16.9678,-11.0474,-44.5557,t004,MBYRA
2528128778,1122940,2,pierna,terminal,-0.1038,1.0140,-0.1052,18.2495,-11.7187,-47.3022,t004,MBYRA
2528128778,1122956,2,pierna,terminal,-0.1427,1.0316,-0.0699,19.9585,-13.6719,-51.5747,t004,MBYRA
2528128824,1122972,2,pierna,terminal,-0.1423,1.0537,-0.0416,22.0337,-12.2070,-56.2134,t004,MBYRA
2528128825,1122988,2,pierna,swing,-0.1102,1.0824,-0.0262,23.5596,-10.7422,-60.1196,t004,MBYRA
2528128827,1123004,2,pierna,swing,-0.1136,1.0922,-0.0483,27.2827,-10.8032,-68.7866,t004,MBYRA
2528128878,1123020,2,pierna,swing,-0.1201,1.1270,-0.0513,31.7383,-10.9863,-74.2188,t004,MBYRA
2528128878,1123036,2,pierna,swing,-0.1208,1.1918,-0.0404,34.5459,-11.9019,-79.9561,t004,MBYRA
2528128879,1123053,2,pierna,swing,-0.1613,1.2139,0.0044,38.5742,-11.3525,-92.8345,t004,MBYRA
2528128925,1123068,2,pierna,swing,-0.2448,1.2559,0.0690,40.3442,-6.4087,-97.4731,t004,MBYRA
2528128927,1123084,2,pierna,swing,-0.2367,1.2932,0.0680,40.8325,5.3101,-110.1684,t004,MBYRA
2528128927,1123100,2,pierna,swing,-0.2562,1.3285,0.0581,40.3442,9.9487,-128.4180,t004,MBYRA
2528128976,1123116,2,pierna,swing,-0.2758,1.3202,-0.0194,39.6729,9.5825,-138.7329,t004,MBYRA
2528128977,1123132,2,pierna,swing,-0.3323,1.3099,-0.0439,34.6069,6.7749,-164.7339,t004,MBYRA
2528128977,1123148,2,pierna,swing,-0.3651,1.2424,-0.0889,31.7993,6.9580,-175.4761,t004,MBYRA
2528129022,1123164,2,pierna,swing,-0.1267,1.2307,-0.1598,25.0244,1.8921,-189.1479,t004,MBYRA
2528129023,1123180,2,pierna,swing,-0.1158,1.2821,-0.1829,18.7378,-24.2310,-195.2514,t004,MBYRA
2528129023,1123196,2,pierna,swing,0.0762,1.3029,-0.1610,16.4795,-35.5225,-190.1245,t004,MBYRA
2528129072,1123212,2,pierna,swing,0.3834,1.2715,-0.0720,6.4087,-27.0996,-204.3457,t004,MBYRA
2528129072,1123228,2,pierna,swing,0.4081,1.1986,0.0048,-1.4038,-25.8789,-191.5283,t004,MBYRA
2528129072,1123244,2,pierna,swing,0.3433,1.0555,0.0243,-5.0659,-33.9966,-182.1899,t004,MBYRA
2528129118,1123260,2,pierna,swing,0.2183,1.0250,-0.0072,-7.2021,-44.3115,-167.5415,t004,MBYRA
2528129119,1123276,2,pierna,swing,0.0526,0.8083,-0.0475,-2.1362,-45.4102,-158.1421,t004,MBYRA
2528129119,1123292,2,pierna,swing,0.2174,0.5585,-0.1692,16.1133,-46.2646,-123.1689,t004,MBYRA
2528129166,1123308,2,pierna,swing,0.1293,0.4075,-0.1802,20.8740,-53.5278,-70.7397,t004,MBYRA
2528129167,1123324,2,pierna,swing,-0.1818,0.4430,-0.1810,7.2632,-56.7627,-37.4756,t004,MBYRA
2528129167,1123340,2,pierna,swing,-0.3995,0.5107,-0.1482,-6.5308,-34.4849,36.0718,t004,MBYRA
2528129211,1123356,2,pierna,swing,-0.6990,0.3776,-0.0050,13.3667,-12.3901,72.5708,t004,MBYRA
2528129211,1123372,2,pierna,swing,-0.2246,0.3263,0.0736,11.8408,-1.4648,88.6841,t004,MBYRA
2528129212,1123388,2,pierna,swing,-0.1927,0.3627,0.0695,-2.9297,25.6958,141.7236,t004,MBYRA
2528129258,1123403,2,pierna,swing,-0.3998,0.3843,0.0243,-5.1270,38.4521,162.1094,t004,MBYRA
2528129259,1123419,2,pierna,swing,-0.1743,0.5725,-0.0381,-12.4512,65.1855,194.5801,t004,MBYRA
2528129259,1123435,2,pierna,swing,-0.1415,0.6560,-0.0726,-23.6206,81.9092,234.0698,t004,MBYRA
2528129301,1123451,2,pierna,swing,-0.2352,0.8365,-0.1313,-25.5127,85.9375,250.3052,t004,MBYRA
2528129303,1123467,2,pierna,swing,-0.1956,0.9396,-0.1676,-23.3154,81.4819,262.3901,t004,MBYRA
2528129350,1123483,2,pierna,swing,-0.2059,1.1240,-0.2496,-18.0664,72.5098,265.0146,t004,MBYRA
2528129350,1123499,2,pierna,swing,-0.1459,1.2639,-0.2236,-14.6484,56.7017,249.2065,t004,MBYRA
2528129351,1123515,2,pierna,swing,0.2173,1.3574,-0.2142,-25.6958,35.0952,234.5581,t004,MBYRA
2528129393,1123531,2,pierna,swing,-0.1913,1.4888,-0.2446,-20.3857,19.8975,247.4365,t004,MBYRA
2528129394,1123547,2,pierna,swing,-0.4075,1.3435,-0.2255,-12.7563,14.0991,246.2768,t004,MBYRA
2528129395,1123562,2,pierna,swing,0.1742,1.4347,-0.1967,-25.3296,11.7798,238.0981,t004,MBYRA
2528129444,1123578,2,pierna,swing,-0.0911,1.3988,-0.2799,-32.5928,-6.1035,242.0044,t004,MBYRA
2528129445,1123594,2,pierna,swing,-0.1348,1.4192,-0.2910,-44.1894,-14.2822,240.5395,t004,MBYRA
2528129445,1123610,2,pierna,swing,-0.1333,1.4393,-0.2524,-52.4292,-17.7002,234.6802,t004,MBYRA
2528129487,1123627,2,pierna,swing,-0.0142,1.5083,-0.2081,-69.3970,-37.3535,211.3037,t004,MBYRA
2528129487,1123643,2,pierna,loading,0.0906,1.6124,-0.2117,-80.9936,-69.5190,201.2329,t004,MBYRA
2528129489,1123658,2,pierna,loading,0.3379,1.7557,-0.0903,-82.0923,-82.3364,194.3359,t004,MBYRA
2528129536,1123674,2,pierna,loading,0.5841,1.7190,0.0601,-62.0117,-108.9477,168.7622,t004,MBYRA
2528129536,1123690,2,pierna,loading,0.5082,1.8591,0.1028,-55.6030,-117.1265,161.8042,t004,MBYRA
2528129537,1123706,2,pierna,loading,0.9849,1.1516,0.4886,-12.7563,-90.2100,130.3101,t004,MBYRA
2528129580,1123722,2,pierna,loading,1.3457,1.0800,0.4442,-1.1597,-90.5762,93.7500,t004,MBYRA
2528129582,1123738,2,pierna,loading,0.6583,1.4917,0.0464,-36.4990,-82.5195,80.8105,t004,MBYRA
2528129582,1123753,2,pierna,loading,0.6584,1.4308,0.3081,-8.5449,-7.6904,29.2969,t004,MBYRA
2528129627,1123769,2,pierna,loading,0.8511,1.3147,0.5475,4.8218,28.1982,-3.2349,t004,MBYRA
2528129628,1123785,2,pierna,loading,0.1610,1.2880,0.3701,-27.7710,103.1494,-51.3306,t004,MBYRA
2528129628,1123801,2,pierna,loading,-0.2086,0.6879,0.4207,-24.9023,144.1040,-158.3862,t004,MBYRA
2528129672,1123817,2,pierna,loading,-2.4402,1.1543,0.4506,-9.4604,106.5063,-163.6963,t004,MBYRA
2528129672,1123833,2,pierna,loading,-1.1588,1.1952,0.5524,0.9766,53.8940,-127.6855,t004,MBYRA
2528129673,1123849,2,pierna,loading,1.0033,1.5183,0.1309,-11.9629,20.8740,-127.8076,t004,MBYRA
2528129720,1123865,2,pierna,loading,-0.4847,1.0016,-0.4789,-6.5918,15.6250,-106.8115,t004,MBYRA
2528129721,1123881,2,pierna,loading,-0.5536,0.8429,-0.5999,-11.6577,61.1572,-87.9517,t004,MBYRA
2528129721,1123897,2,pierna,loading,-0.0312,1.0620,-0.3536,-13.9770,80.7495,-77.3315,t004,MBYRA
2528129764,1123913,2,pierna,loading,0.2187,1.1727,-0.0842,15.4419,47.4853,-52.7344,t004,MBYRA
2528129765,1123928,2,pierna,loading,0.0022,1.0007,-0.0718,40.1001,-9.9487,-50.4761,t004,MBYRA
2528129779,1123944,2,pierna,loading,-0.2054,0.8890,0.0000,39.1235,-28.3813,-44.9829,t004,MBYRA
2528129810,1123960,2,pierna,loading,-0.2478,0.9008,-0.0067,24.4751,-32.5317,-25.5127,t004,MBYRA
2528129811,1123976,2,pierna,loading,-0.3271,0.9250,-0.0625,11.5967,-22.5220,-21.4844,t004,MBYRA
2528129853,1123992,2,pierna,loading,-0.3124,0.9337,-0.0707,-10.6812,1.8921,-24.5972,t004,MBYRA
2528129854,1124008,2,pierna,midstance,-0.2952,0.9291,-0.0875,-19.8975,15.9302,-24.2310,t004,MBYRA
2528129854,1124024,2,pierna,midstance,-0.2614,0.9558,-0.1614,-18.3716,19.3481,-22.8271,t004,MBYRA
2528129904,1124040,2,pierna,midstance,-0.2211,0.9612,-0.2029,-6.4087,11.5967,-23.5596,t004,MBYRA
2528129905,1124057,2,pierna,midstance,-0.1921,0.9637,-0.1913,7.0190,-8.6670,-24.6582,t004,MBYRA
2528129905,1124073,2,pierna,midstance,-0.2050,0.9470,-0.1400,11.2305,-16.5405,-23.5596,t004,MBYRA
2528129947,1124089,2,pierna,midstance,-0.2349,0.9270,-0.1150,12.2070,-20.8740,-17.5781,t004,MBYRA
2528129949,1124105,2,pierna,midstance,-0.2582,0.9226,-0.0724,9.0942,-18.1274,-14.9536,t004,MBYRA
2528129949,1124121,2,pierna,midstance,-0.2456,0.9401,-0.0745,0.2441,-10.0708,-14.5874,t004,MBYRA
2528129995,1124137,2,pierna,midstance,-0.2325,0.9369,-0.0885,-5.2490,-5.1880,-13.6108,t004,MBYRA
2528129995,1124154,2,pierna,midstance,-0.2020,0.9480,-0.1182,-5.6152,-5.9204,-11.2915,t004,MBYRA
2528129996,1124170,2,pierna,terminal,-0.2340,0.9637,-0.1421,-0.4883,-10.8032,-7.7515,t004,MBYRA
2528130039,1124186,2,pierna,terminal,-0.2563,0.9639,-0.1427,7.6294,-11.8408,-10.3149,t004,MBYRA
2528130039,1124202,2,pierna,terminal,-0.2679,0.9537,-0.1138,9.6436,-10.0098,-12.8174,t004,MBYRA
2528130041,1124218,2,pierna,terminal,-0.2598,0.9573,-0.1011,8.4839,-4.1504,-19.2871,t004,MBYRA
2528130090,1124234,2,pierna,terminal,-0.2506,0.9617,-0.1241,7.2632,0.0610,-24.1089,t004,MBYRA
2528130090,1124250,2,pierna,terminal,-0.2137,0.9661,-0.1183,6.9580,-0.5493,-26.6724,t004,MBYRA
2528130090,1124266,2,pierna,terminal,-0.2045,0.9731,-0.1150,8.1177,-0.8545,-30.7617,t004,MBYRA
2528130136,1124282,2,pierna,swing,-0.2074,0.9653,-0.1216,9.0942,-0.0610,-32.1045,t004,MBYRA
2528130137,1124298,2,pierna,swing,-0.1884,0.9805,-0.1031,10.4370,0.4883,-34.3628,t004,MBYRA
2528130137,1124314,2,pierna,swing,-0.1798,0.9854,-0.1056,12.0239,-1.1597,-36.1328,t004,MBYRA
2528130187,1124331,2,pierna,swing,-0.1725,0.9862,-0.1256,13.1226,-3.5400,-37.2925,t004,MBYRA
2528130187,1124347,2,pierna,swing,-0.1708,0.9857,-0.1090,14.5874,-8.3618,-40.9546,t004,MBYRA
2528130187,1124363,2,pierna,swing,-0.1669,0.9829,-0.0958,14.7705,-9.3994,-46.8750,t004,MBYRA
2528130234,1124379,2,pierna,swing,-0.1658,0.9851,-0.0834,13.3667,-10.1929,-49.3164,t004,MBYRA
2528130234,1124395,2,pierna,swing,-0.1635,1.0040,-0.0861,9.9487,-11.0474,-53.3447,t004,MBYRA
2528130235,1124411,2,pierna,swing,-0.1321,1.0304,-0.0852,10.4370,-10.3760,-56.3965,t004,MBYRA
2528130278,1124427,2,pierna,swing,-0.1350,1.0472,-0.0769,13.8550,-9.3994,-62.8662,t004,MBYRA
2528130280,1124443,2,pierna,swing,-0.1398,1.0530,-0.0674,17.8833,-7.3242,-68.8477,t004,MBYRA
2528130311,1124459,2,pierna,swing,-0.1174,1.0754,-0.0481,19.6533,-6.1035,-71.4111,t004,MBYRA
2528130327,1124475,2,pierna,swing,-0.0883,1.0990,-0.0833,24.0478,-6.5918,-79.2236,t004,MBYRA
2528130327,1124491,2,pierna,swing,-0.0725,1.1089,-0.0922,26.3672,-10.1929,-84.4116,t004,MBYRA
2528130341,1124507,2,pierna,swing,-0.0271,1.1313,-0.0452,27.4658,-13.4888,-86.9751,t004,MBYRA
2528130370,1124523,2,pierna,swing,-0.0573,1.1460,-0.0011,29.1138,-17.8833,-92.1020,t004,MBYRA
2528130372,1124539,2,pierna,swing,-0.1315,1.2288,0.0107,30.0903,-15.5029,-93.2007,t004,MBYRA
2528130419,1124555,2,pierna,swing,-0.1191,1.2042,0.0437,34.7900,-7.3242,-102.6001,t004,MBYRA
2528130420,1124571,2,pierna,swing,-0.1116,1.2356,0.1257,37.1094,-3.1128,-117.7368,t004,MBYRA
2528130420,1124587,2,pierna,swing,-0.2058,1.3214,0.0693,40.2222,0.6104,-121.7651,t004,MBYRA
2528130464,1124603,2,pierna,swing,-0.2279,1.3887,-0.0275,42.5415,5.0659,-132.9956,t004,MBYRA
2528130466,1124619,2,pierna,swing,-0.3043,1.4269,-0.0728,44.6167,-6.2256,-162.0483,t004,MBYRA
2528130467,1124635,2,pierna,swing,-0.5345,1.3918,-0.0433,41.7480,-13.4277,-181.2134,t004,MBYRA
2528130513,1124651,2,pierna,swing,-0.5590,1.4163,-0.0107,37.1704,-28.1982,-214.4165,t004,MBYRA
2528130513,1124667,2,pierna,swing,-0.3654,1.4834,-0.0159,35.4004,-28.6255,-216.0034,t004,MBYRA
2528130514,1124683,2,pierna,swing,-0.0070,1.3058,-0.0201,34.2407,-13.6719,-210.2051,t004,MBYRA
2528130556,1124699,2,pierna,swing,0.2448,1.3427,-0.0532,7.2021,10.8032,-251.4038,t004,MBYRA
2528130558,1124715,2,pierna,swing,0.4008,1.5101,-0.1300,-4.6387,19.5923,-257.0801,t004,MBYRA
2528130558,1124731,2,pierna,swing,0.1798,1.1581,-0.0237,5.0659,22.3999,-199.0356,t004,MBYRA
2528130604,1124747,2,pierna,swing,0.1094,0.9594,0.0005,2.0142,4.6997,-165.8325,t004,MBYRA
2528130605,1124763,2,pierna,swing,0.1821,0.5844,-0.0498,8.9722,-4.8218,-148.8037,t004,MBYRA
2528130605,1124779,2,pierna,swing,0.1132,0.3434,-0.1489,36.0718,-35.7666,-85.0220,t004,MBYRA
2528130650,1124795,2,pierna,swing,-0.0990,0.2919,-0.3494,24.4751,-48.7061,-59.2651,t004,MBYRA
2528130651,1124811,2,pierna,swing,-0.4022,0.4913,-0.2620,-15.2588,-32.4097,7.5073,t004,MBYRA
2528130651,1124827,2,pierna,swing,-0.6057,0.4222,-0.1591,4.3945,-23.4375,67.0776,t004,MBYRA
2528130698,1124843,2,pierna,swing,-0.5038,0.1854,-0.0074,13.1836,-19.3481,78.9185,t004,MBYRA
2528130699,1124859,2,pierna,swing,-0.2782,0.2275,-0.0131,3.2349,1.3428,113.5864,t004,MBYRA
2528130699,1124874,2,pierna,swing,-0.0986,0.4459,-0.0369,-4.4556,13.0615,148.8037,t004,MBYRA
2528130745,1124890,2,pierna,swing,-0.2544,0.4420,-0.0258,-0.3052,39.2456,207.2143,t004,MBYRA
2528130745,1124906,2,pierna,swing,-0.1602,0.5134,-0.0212,-6.1646,58.4106,240.1733,t004,MBYRA
2528130746,1124922,2,pierna,swing,-0.1766,0.6221,-0.0590,-8.1177,64.9414,261.5356,t004,MBYRA
2528130794,1124938,2,pierna,swing,-0.2733,0.8467,-0.1676,-13.4277,66.2231,285.4004,t004,MBYRA
2528130794,1124954,2,pierna,swing,-0.2007,0.9698,-0.2285,-15.8081,56.1523,284.6680,t004,MBYRA
2528130794,1124970,2,pierna,swing,-0.2045,1.1832,-0.3241,-13.3667,48.4009,287.2314,t004,MBYRA
2528130837,1124986,2,pierna,swing,-0.2010,1.2920,-0.3297,-10.2539,29.1748,280.3955,t004,MBYRA
2528130839,1125002,2,pierna,swing,0.0220,1.4252,-0.2555,-14.1602,18.0054,272.2168,t004,MBYRA
2528130841,1125018,2,pierna,swing,0.0692,1.5853,-0.2220,-27.0996,-10.6812,266.4795,t004,MBYRA
2528130887,1125034,2,pierna,swing,0.0292,1.6726,-0.2153,-29.1748,-36.4990,263.6719,t004,MBYRA
2528130887,1125050,2,pierna,swing,0.1208,1.7057,-0.1454,-30.4565,-44.7998,258.6060,t004,MBYRA
2528130931,1125066,2,pierna,swing,0.2145,1.6875,-0.0979,-42.4194,-56.7017,252.3804,t004,MBYRA
2528130933,1125082,2,pierna,swing,0.2958,1.6134,-0.0306,-54.7485,-67.5659,248.2300,t004,MBYRA
2528130933,1125098,2,pierna,swing,0.3319,1.6207,0.0427,-59.2041,-72.1436,242.1264,t004,MBYRA
2528130979,1125114,2,pierna,swing,0.3707,1.6439,0.0798,-60.8520,-72.4487,222.2290,t004,MBYRA
2528130980,1125130,2,pierna,swing,0.4253,1.6090,0.1628,-58.7769,-70.1294,210.6933,t004,MBYRA
2528130981,1125146,2,pierna,loading,0.4866,1.5322,0.1776,-52.9785,-63.1714,179.5044,t004,MBYRA
2528131009,1125162,2,pierna,loading,0.5679,1.4839,0.1578,-42.7856,-47.1191,137.8174,t004,MBYRA
2528131025,1125178,2,pierna,loading,0.7756,1.3828,0.1390,-37.5977,-37.7197,114.8682,t004,MBYRA
2528131025,1125194,2,pierna,loading,0.8628,1.3384,0.1488,-29.1138,-21.9116,66.8945,t004,MBYRA
2528131075,1125210,2,pierna,loading,0.7902,1.3735,0.1864,-27.4048,-12.0850,44.0674,t004,MBYRA
2528131076,1125226,2,pierna,loading,0.7439,1.3925,0.3032,-21.3623,35.5835,-0.7324,t004,MBYRA
2528131076,1125241,2,pierna,loading,0.8594,1.4248,0.5171,-9.0942,96.4355,-64.3921,t004,MBYRA
2528131080,1125257,2,pierna,loading,0.2333,1.0806,0.5559,-10.8643,110.5957,-116.2720,t004,MBYRA
2528131126,1125273,2,pierna,loading,-1.3970,1.1099,0.3636,-1.7700,74.2798,-155.6396,t004,MBYRA
2528131127,1125289,2,pierna,loading,-1.1732,1.1409,0.3549,4.6997,37.8418,-134.1553,t004,MBYRA
2528131127,1125305,2,pierna,loading,0.8250,1.3993,0.0966,-12.4512,29.1748,-146.9116,t004,MBYRA
2528131169,1125321,2,pierna,loading,0.0408,1.2767,-0.1780,-2.9907,18.6768,-114.6240,t004,MBYRA
2528131170,1125337,2,pierna,loading,-0.7231,0.7162,-0.4476,4.0894,30.9448,-96.4966,t004,MBYRA
2528131218,1125353,2,pierna,loading,-0.1050,0.9456,-0.4413,-18.4937,76.7212,-74.4629,t004,MBYRA
2528131219,1125369,2,pierna,loading,0.3777,1.3086,-0.1620,-1.8921,53.1006,-41.5649,t004,MBYRA
2528131220,1125385,2,pierna,loading,0.0605,1.1627,-0.0654,26.5503,22.6440,-46.6309,t004,MBYRA
2528131263,1125401,2,pierna,loading,-0.2616,0.8887,-0.0542,38.7573,-14.8315,-61.1572,t004,MBYRA
2528131264,1125417,2,pierna,loading,-0.2148,0.8627,-0.0099,25.1465,-21.7285,-37.4146,t004,MBYRA
2528131265,1125433,2,pierna,loading,-0.2625,0.9440,0.0005,16.2354,-19.2871,-27.7100,t004,MBYRA
2528131311,1125449,2,pierna,loading,-0.2632,0.9634,-0.0013,0.5493,-10.2539,-26.2451,t004,MBYRA
2528131312,1125466,2,pierna,loading,-0.2871,0.9456,-0.0347,-6.9580,-4.3945,-29.0527,t004,MBYRA
2528131312,1125482,2,pierna,loading,-0.2728,0.9285,-0.0898,-19.4092,12.3291,-30.2734,t004,MBYRA
2528131356,1125498,2,pierna,loading,-0.2466,0.9385,-0.1174,-17.4561,17.2119,-25.3296,t004,MBYRA
2528131357,1125514,2,pierna,midstance,-0.1926,0.9760,-0.1648,-11.9629,11.8408,-24.2920,t004,MBYRA
2528131357,1125530,2,pierna,midstance,-0.1576,0.9524,-0.1326,-0.2441,-4.6387,-24.1699,t004,MBYRA
2528131405,1125546,2,pierna,midstance,-0.1914,0.9751,-0.0875,7.2632,-13.3667,-19.6533,t004,MBYRA
2528131406,1125562,2,pierna,midstance,-0.2245,0.9417,-0.0436,9.0942,-13.0005,-20.6299,t004,MBYRA
2528131406,1125579,2,pierna,midstance,-0.2373,0.9269,-0.0361,1.1597,-7.3242,-18.2495,t004,MBYRA
2528131448,1125595,2,pierna,midstance,-0.2135,0.9469,-0.0632,-5.1880,-1.8311,-13.9770,t004,MBYRA
2528131449,1125611,2,pierna,midstance,-0.1943,0.9513,-0.1083,-5.6763,-1.8921,-12.8784,t004,MBYRA
2528131451,1125627,2,pierna,midstance,-0.1842,0.9412,-0.1263,-5.6763,-5.9204,-10.0098,t004,MBYRA
2528131494,1125644,2,pierna,midstance,-0.1970,0.9597,-0.1210,-5.6152,-8.9722,-7.6294,t004,MBYRA
2528131494,1125660,2,pierna,terminal,-0.2242,0.9745,-0.1042,-2.0752,-10.9863,-7.4463,t004,MBYRA
2528131537,1125676,2,pierna,terminal,-0.2235,0.9757,-0.0995,0.8545,-6.8359,-11.4136,t004,MBYRA
2528131537,1125692,2,pierna,terminal,-0.2195,0.9774,-0.1062,2.5024,-5.1270,-14.7705,t004,MBYRA
2528131538,1125708,2,pierna,terminal,-0.2056,0.9669,-0.1133,5.1270,-3.9673,-21.4844,t004,MBYRA
2528131586,1125724,2,pierna,terminal,-0.1953,0.9675,-0.1091,6.9580,-4.4556,-24.5361,t004,MBYRA
2528131586,1125740,2,pierna,terminal,-0.1902,0.9763,-0.0908,7.4463,-4.3945,-25.3906,t004,MBYRA
2528131587,1125756,2,pierna,terminal,-0.1849,0.9832,-0.0834,8.6060,-3.9062,-28.0762,t004,MBYRA
2528131629,1125772,2,pierna,terminal,-0.1615,0.9808,-0.0830,9.1553,-5.3101,-29.7241,t004,MBYRA
2528131630,1125788,2,pierna,terminal,-0.1652,0.9822,-0.0981,8.4839,-6.4087,-30.0293,t004,MBYRA
2528131631,1125804,2,pierna,terminal,-0.1605,0.9872,-0.1112,7.8735,-7.9346,-31.5552,t004,MBYRA
2528131675,1125820,2,pierna,terminal,-0.1443,0.9902,-0.1335,8.7891,-8.9722,-32.8369,t004,MBYRA
2528131676,1125836,2,pierna,terminal,-0.1455,0.9973,-0.1058,11.4136,-12.9395,-36.3770,t004,MBYRA
2528131677,1125852,2,pierna,terminal,-0.1705,1.0042,-0.0918,14.0381,-14.6484,-44.4336,t004,MBYRA
2528131717,1125869,2,pierna,terminal,-0.1813,1.0193,-0.0817,15.1978,-13.7939,-49.9878,t004,MBYRA
2528131717,1125885,2,pierna,swing,-0.1648,1.0333,-0.0623,16.6016,-13.6719,-59.1431,t004,MBYRA
2528131765,1125901,2,pierna,swing,-0.1454,1.0741,-0.0076,19.4702,-13.4277,-67.1997,t004,MBYRA
2528131765,1125917,2,pierna,swing,-0.1456,1.1023,-0.0082,21.3013,-12.8784,-72.5098,t004,MBYRA
2528131766,1125933,2,pierna,swing,-0.1442,1.1062,-0.0140,23.9258,-11.3525,-83.2519,t004,MBYRA
2528131807,1125949,2,pierna,swing,-0.1112,1.1333,-0.0422,25.1465,-10.9863,-87.4634,t004,MBYRA
2528131808,1125965,2,pierna,swing,-0.1144,1.1802,-0.0031,25.3906,-11.2915,-91.1865,t004,MBYRA
2528131809,1125981,2,pierna,swing,-0.1205,1.2183,0.0206,29.5410,-10.4370,-100.7080,t004,MBYRA
2528131852,1125997,2,pierna,swing,-0.1870,1.2838,0.0438,32.5317,-8.2397,-106.2012,t004,MBYRA
2528131852,1126013,2,pierna,swing,-0.2610,1.4149,-0.0311,39.9170,-0.6714,-116.0889,t004,MBYRA
2528131853,1126029,2,pierna,swing,-0.2632,1.4240,-0.0654,45.7153,-2.0752,-136.8408,t004,MBYRA
2528131891,1126046,2,pierna,swing,-0.3395,1.4921,-0.0720,47.6685,-8.4229,-149.9634,t004,MBYRA
2528131893,1126062,2,pierna,swing,-0.4836,1.5033,-0.0927,50.1099,-21.9116,-179.5044,t004,MBYRA
2528131935,1126078,2,pierna,swing,-0.7594,1.4928,0.0293,47.4243,-25.5737,-201.3550,t004,MBYRA
2528131936,1126094,2,pierna,swing,-0.6279,1.5432,0.0691,40.8325,-24.3530,-239.9902,t004,MBYRA
2528131936,1126110,2,pierna,swing,-0.4810,1.4651,-0.0269,45.5933,-20.0806,-237.9761,t004,MBYRA
2528131974,1126126,2,pierna,swing,-0.0547,1.4086,-0.1685,34.0576,-11.7187,-250.4272,t004,MBYRA
2528131977,1126142,2,pierna,swing,0.3203,1.5226,-0.2897,-17.5171,14.2212,-286.1938,t004,MBYRA
2528132020,1126158,2,pierna,swing,0.1777,1.3661,-0.2217,-17.3340,15.0146,-227.3559,t004,MBYRA
2528132020,1126174,2,pierna,swing,-0.0889,1.0641,-0.1415,1.9531,1.8311,-186.7676,t004,MBYRA
2528132021,1126190,2,pierna,swing,-0.0651,0.8856,-0.1200,16.3574,-16.1743,-158.6914,t004,MBYRA
2528132060,1126206,2,pierna,swing,-0.0872,0.4629,-0.2047,26.8555,-54.4434,-106.8115,t004,MBYRA
2528132062,1126222,2,pierna,swing,0.1797,0.0264,-0.2800,23.1323,-79.7729,-91.0034,t004,MBYRA
2528132063,1126238,2,pierna,swing,0.3553,0.0713,-0.2350,-20.8740,-79.4067,-37.1704,t004,MBYRA
2528132106,1126254,2,pierna,swing,-0.1001,0.3477,-0.1057,-24.5361,-60.4858,21.6675,t004,MBYRA
2528132106,1126270,2,pierna,swing,-0.2845,0.2935,-0.1583,-5.0049,-46.6919,114.5630,t004,MBYRA
2528132145,1126286,2,pierna,swing,-0.4232,0.3182,-0.1262,6.2866,-43.1519,158.3862,t004,MBYRA
2528132147,1126302,2,pierna,swing,-0.6838,0.3568,-0.0242,11.9629,-24.4141,184.4482,t004,MBYRA
2528132147,1126318,2,pierna,swing,-0.6331,0.3093,0.0228,-13.9770,30.8838,227.0508,t004,MBYRA
2528132191,1126334,2,pierna,swing,-0.3783,0.4227,-0.0101,-33.0200,55.2368,236.9385,t004,MBYRA
2528132191,1126350,2,pierna,swing,-0.2418,0.7115,-0.1523,-56.2134,86.6699,258.5449,t004,MBYRA
2528132192,1126366,2,pierna,swing,-0.3114,0.7880,-0.2023,-62.0728,115.3564,290.2222,t004,MBYRA
2528132234,1126382,2,pierna,swing,-0.3352,0.9319,-0.2469,-61.0352,126.2207,306.5796,t004,MBYRA
2528132234,1126398,2,pierna,swing,-0.0973,1.1776,-0.2700,-55.5420,119.1406,332.0312,t004,MBYRA
2528132273,1126414,2,pierna,swing,0.2749,1.3671,-0.2717,-57.8613,65.2466,339.4165,t004,MBYRA
2528132277,1126430,2,pierna,swing,0.1016,1.5172,-0.3214,-41.0156,33.6914,344.0551,t004,MBYRA
2528132278,1126446,2,pierna,swing,-0.4095,1.4426,-0.2863,-26.5503,-15.2588,336.6089,t004,MBYRA
2528132318,1126462,2,pierna,swing,0.0415,1.7623,0.0387,-57.3730,-35.4004,311.2793,t004,MBYRA
2528132320,1126478,2,pierna,swing,0.5439,2.0171,0.1011,-60.7300,-66.7114,286.6211,t004,MBYRA
2528132320,1126494,2,pierna,swing,0.5359,2.0083,0.1042,-25.4517,-89.3555,272.7051,t004,MBYRA
2528132366,1126510,2,pierna,swing,0.5769,1.9546,0.1525,-20.7520,-96.1304,255.9204,t004,MBYRA
2528132366,1126526,2,pierna,swing,0.6519,1.9276,0.1189,-26.9165,-91.3696,210.6933,t004,MBYRA
2528132367,1126542,2,pierna,swing,0.7971,1.7070,0.0491,-31.9824,-68.1763,155.3345,t004,MBYRA
2528132406,1126557,2,pierna,swing,1.1788,1.6813,0.0626,-34.9731,-54.4434,130.7373,t004,MBYRA
2528132407,1126573,2,pierna,loading,1.3160,1.6256,0.1246,-35.4614,-20.9351,89.5996,t004,MBYRA
2528132411,1126589,2,pierna,loading,1.1055,1.6348,0.2617,-36.4990,-6.5308,65.5518,t004,MBYRA
2528132455,1126605,2,pierna,loading,1.1772,1.5759,0.7421,-12.9395,47.1802,-18.3105,t004,MBYRA
2528132456,1126621,2,pierna,loading,1.0662,1.4918,1.0846,42.4805,123.5351,-128.7842,t004,MBYRA
2528132498,1126637,2,pierna,loading,-1.2761,1.2236,0.4186,33.9355,125.4272,-164.4287,t004,MBYRA
2528132498,1126653,2,pierna,loading,-1.7408,1.2855,0.0828,-12.0850,41.3818,-134.4604,t004,MBYRA
2528132500,1126669,2,pierna,loading,0.7369,1.3278,0.1149,-2.1362,18.1274,-128.3569,t004,MBYRA
2528132546,1126685,2,pierna,loading,-0.6301,0.9323,-0.3417,18.0664,36.5601,-109.6191,t004,MBYRA
2528132546,1126701,2,pierna,loading,-0.8605,0.6760,-0.4357,-1.8311,71.1060,-96.3745,t004,MBYRA
2528132546,1126717,2,pierna,loading,0.2158,0.9447,-0.2037,-14.8926,75.1953,-82.0923,t004,MBYRA
2528132589,1126733,2,pierna,loading,0.4691,1.2341,-0.1833,5.0049,47.6685,-39.1235,t004,MBYRA
2528132589,1126749,2,pierna,loading,-0.0763,1.0688,-0.0941,26.0010,4.9438,-52.6123,t004,MBYRA
2528132590,1126765,2,pierna,loading,-0.1355,0.9467,0.0609,31.7993,-21.1182,-52.4902,t004,MBYRA
2528132637,1126781,2,pierna,loading,-0.1769,0.9235,0.0547,25.5127,-36.4380,-31.8603,t004,MBYRA
2528132637,1126797,2,pierna,loading,-0.2888,0.9432,0.0436,19.7754,-33.6304,-23.8037,t004,MBYRA
2528132637,1126813,2,pierna,loading,-0.2908,0.9318,0.0425,5.0049,-17.9443,-23.7427,t004,MBYRA
2528132679,1126829,2,pierna,loading,-0.2866,0.9298,0.0159,-17.2119,4.4556,-29.0527,t004,MBYRA
2528132680,1126845,2,pierna,midstance,-0.2705,0.9423,-0.0785,-23.9868,14.7705,-29.8462,t004,MBYRA
2528132684,1126861,2,pierna,midstance,-0.2394,0.9436,-0.1282,-20.3247,20.5078,-28.1982,t004,MBYRA
2528132732,1126877,2,pierna,midstance,-0.1512,0.9723,-0.1716,-3.6011,5.2490,-22.3389,t004,MBYRA
2528132732,1126893,2,pierna,midstance,-0.1450,0.9935,-0.1212,4.5776,-4.6997,-20.5688,t004,MBYRA
2528132733,1126909,2,pierna,midstance,-0.1654,0.9674,-0.0822,10.3760,-18.5547,-17.8223,t004,MBYRA
2528132779,1126925,2,pierna,midstance,-0.2455,0.9441,-0.0140,7.5684,-18.6768,-14.8315,t004,MBYRA
2528132780,1126941,2,pierna,midstance,-0.2693,0.9609,-0.0198,0.0610,-6.4087,-15.8081,t004,MBYRA
2528132780,1126958,2,pierna,midstance,-0.2494,0.9587,-0.0457,-4.9438,4.0894,-20.3247,t004,MBYRA
2528132827,1126974,2,pierna,midstance,-0.1649,0.9701,-0.1234,-4.6387,5.2490,-20.5688,t004,MBYRA
2528132827,1126990,2,pierna,midstance,-0.1490,0.9619,-0.1112,1.1597,-0.0610,-17.8833,t004,MBYRA
2528132864,1127006,2,pierna,midstance,-0.1536,0.9585,-0.0879,4.8218,-5.3711,-13.8550,t004,MBYRA
2528132868,1127022,2,pierna,midstance,-0.1947,0.9659,-0.0635,5.0659,-6.5918,-12.5732,t004,MBYRA
2528132868,1127038,2,pierna,midstance,-0.2109,0.9764,-0.0614,4.3335,-5.1270,-15.8691,t004,MBYRA
2528132890,1127054,2,pierna,terminal,-0.2094,0.9868,-0.0760,4.1504,-3.9062,-19.5923,t004,MBYRA
2528132903,1127070,2,pierna,terminal,-0.1760,0.9697,-0.0887,5.0659,-3.3569,-26.3062,t004,MBYRA
2528132918,1127086,2,pierna,terminal,-0.1582,0.9729,-0.0798,6.9580,-5.0049,-28.5034,t004,MBYRA
2528132963,1127102,2,pierna,terminal,-0.1497,0.9862,-0.0736,8.0566,-5.8594,-29.2358,t004,MBYRA
2528132963,1127118,2,pierna,terminal,-0.1245,1.0035,-0.0779,9.7046,-7.0190,-30.5786,t004,MBYRA
2528132965,1127134,2,pierna,terminal,-0.1217,1.0031,-0.0854,12.7563,-10.3149,-31.7383,t004,MBYRA
2528133010,1127150,2,pierna,terminal,-0.1554,0.9907,-0.1039,14.5874,-11.7187,-33.6914,t004,MBYRA
2528133010,1127166,2,pierna,terminal,-0.1801,0.9934,-0.0953,18.4937,-11.4136,-42.9077,t004,MBYRA
2528133011,1127182,2,pierna,terminal,-0.1931,1.0179,-0.0629,20.9961,-10.1318,-50.1709,t004,MBYRA
2528133052,1127198,2,pierna,terminal,-0.1741,1.0590,-0.0254,25.6958,-8.4229,-64.4531,t004,MBYRA
2528133053,1127215,2,pierna,swing,-0.1630,1.0731,-0.0164,31.3721,-6.0425,-74.9512,t004,MBYRA
2528133053,1127231,2,pierna,swing,-0.1635,1.1086,-0.0625,34.0576,-4.9438,-78.0640,t004,MBYRA
2528133101,1127247,2,pierna,swing,-0.1849,1.2017,-0.0559,39.3677,-2.9907,-86.7920,t004,MBYRA
2528133102,1127263,2,pierna,swing,-0.1832,1.2361,-0.0426,44.0063,-3.4180,-104.9194,t004,MBYRA
2528133102,1127279,2,pierna,swing,-0.2422,1.4146,0.0708,43.6401,-4.9438,-111.0840,t004,MBYRA
2528133146,1127295,2,pierna,swing,-0.2699,1.5292,0.0803,47.8516,-3.4180,-126.8921,t004,MBYRA
2528133146,1127311,2,pierna,swing,-0.3428,1.5515,0.0426,52.2461,-1.8311,-149.1699,t004,MBYRA
2528133191,1127327,2,pierna,swing,-0.4515,1.5571,0.0707,53.6499,-1.4038,-158.0200,t004,MBYRA
2528133191,1127343,2,pierna,swing,-0.5022,1.5198,0.0629,51.0254,0.7324,-181.3965,t004,MBYRA
2528133192,1127359,2,pierna,swing,-0.6350,1.5458,-0.0481,47.9736,-0.9766,-197.9370,t004,MBYRA
2528133235,1127375,2,pierna,swing,-0.8245,1.3191,-0.2377,42.4194,-11.2305,-236.1450,t004,MBYRA
2528133235,1127391,2,pierna,swing,-0.6490,1.2574,-0.2058,24.4141,-41.5649,-257.9956,t004,MBYRA
2528133235,1127407,2,pierna,swing,0.2534,1.4008,-0.0309,15.6250,-54.8706,-264.4043,t004,MBYRA
2528133280,1127423,2,pierna,swing,0.6528,1.4379,-0.0455,0.3662,-66.5894,-265.4419,t004,MBYRA
2528133280,1127439,2,pierna,swing,0.4230,1.3892,-0.1571,-4.5166,-61.5234,-243.7134,t004,MBYRA
2528133281,1127455,2,pierna,swing,-0.1808,0.9501,-0.1146,-0.0610,-50.8423,-173.2788,t004,MBYRA
2528133325,1127471,2,pierna,swing,-0.1553,0.6411,-0.1499,5.0659,-55.1758,-132.9346,t004,MBYRA
2528133326,1127487,2,pierna,swing,0.0164,0.2305,-0.2441,5.4321,-73.1201,-117.6147,t004,MBYRA
2528133326,1127503,2,pierna,swing,0.0842,0.1359,-0.2200,-3.6621,-112.0605,-76.2939,t004,MBYRA
2528133373,1127519,2,pierna,swing,0.0579,0.2256,-0.2195,-31.7993,-88.0737,3.6011,t004,MBYRA
2528133374,1127535,2,pierna,swing,-0.4454,0.3169,-0.1074,-30.1514,-72.9370,49.7436,t004,MBYRA
2528133374,1127551,2,pierna,swing,-0.5544,0.2275,-0.0527,-10.6201,-49.0112,97.1069,t004,MBYRA
2528133417,1127567,2,pierna,swing,-0.4825,0.2202,-0.0171,-18.6157,-32.8979,107.6050,t004,MBYRA
2528133420,1127583,2,pierna,swing,-0.4081,0.3164,-0.0662,-43.9453,6.7749,146.1182,t004,MBYRA
2528133421,1127599,2,pierna,swing,-0.3361,0.3801,-0.0920,-61.1572,47.4243,179.4433,t004,MBYRA
2528133468,1127615,2,pierna,swing,-0.2006,0.5537,-0.1228,-68.4814,63.6597,199.5849,t004,MBYRA
2528133469,1127631,2,pierna,swing,-0.2014,0.6370,-0.1307,-75.3784,83.6792,246.8262,t004,MBYRA
2528133469,1127646,2,pierna,swing,-0.2489,0.7517,-0.1376,-78.3081,85.9985,284.2407,t004,MBYRA
2528133515,1127662,2,pierna,swing,-0.2745,0.9288,-0.1838,-77.5757,81.7261,294.7388,t004,MBYRA
2528133515,1127678,2,pierna,swing,-0.3055,1.0428,-0.2358,-71.2280,64.2700,300.5371,t004,MBYRA
2528133548,1127694,2,pierna,swing,-0.3241,1.2672,-0.2424,-65.9180,53.1616,297.3022,t004,MBYRA
2528133564,1127710,2,pierna,swing,-0.1270,1.4482,-0.0986,-58.8379,30.2124,285.3394,t004,MBYRA
2528133564,1127726,2,pierna,swing,-0.0653,1.5587,-0.0725,-59.5093,-1.5869,286.0107,t004,MBYRA
2528133565,1127742,2,pierna,swing,-0.1361,1.7877,-0.1321,-57.7393,-20.9351,287.5366,t004,MBYRA
2528133608,1127758,2,pierna,swing,-0.1997,1.8699,-0.1218,-52.9175,-44.1284,288.6963,t004,MBYRA
2528133609,1127774,2,pierna,swing,0.0289,1.8947,-0.0026,-63.5986,-54.9927,281.9824,t004,MBYRA
2528133658,1127790,2,pierna,swing,0.2003,1.8712,0.0284,-67.0776,-66.4673,275.8789,t004,MBYRA
2528133658,1127806,2,pierna,swing,0.1993,1.8289,0.0328,-69.4580,-84.7778,253.1738,t004,MBYRA
2528133659,1127822,2,pierna,swing,0.3922,1.8059,0.0841,-72.2656,-88.0737,231.4453,t004,MBYRA
2528133667,1127838,2,pierna,swing,0.7823,1.6776,0.2086,-64.6362,-85.5102,180.7251,t004,MBYRA
2528133706,1127854,2,pierna,loading,0.8940,1.5399,0.2927,-47.2412,-68.5425,136.2305,t004,MBYRA
2528133707,1127870,2,pierna,loading,1.0242,1.3759,0.4113,-44.2505,-54.3823,107.6660,t004,MBYRA
2528133721,1127886,2,pierna,loading,1.0746,1.3605,0.4486,-39.1846,-11.4746,39.9780,t004,MBYRA
2528133755,1127902,2,pierna,loading,1.0138,1.3580,0.4795,-31.6772,16.1133,4.2725,t004,MBYRA
2528133756,1127918,2,pierna,loading,0.2186,1.6318,0.4451,-28.0762,93.3227,-50.5981,t004,MBYRA
2528133756,1127934,2,pierna,loading,0.3234,1.0918,0.6226,-37.2925,177.4902,-158.6304,t004,MBYRA
2528133801,1127950,2,pierna,loading,-2.2987,1.1425,0.5792,-46.8750,146.6064,-211.3037,t004,MBYRA
2528133802,1127966,2,pierna,loading,-2.4731,1.2456,0.6432,13.3057,78.0640,-170.6543,t004,MBYRA
2528133804,1127981,2,pierna,loading,1.5574,1.6620,0.3940,2.1973,57.3120,-176.4526,t004,MBYRA
2528133852,1127997,2,pierna,loading,-0.0944,1.3101,-0.4490,-2.1362,26.3062,-140.3198,t004,MBYRA
2528133853,1128014,2,pierna,loading,-0.6428,0.8962,-0.7026,9.7046,63.2935,-98.4497,t004,MBYRA
2528133853,1128030,2,pierna,loading,0.1594,1.0870,-0.2189,1.5259,87.1582,-90.6982,t004,MBYRA
2528133899,1128046,2,pierna,loading,0.2611,1.0503,-0.0793,27.8931,46.1426,-57.3120,t004,MBYRA
2528133899,1128062,2,pierna,midstance,-0.0353,0.9199,-0.1118,36.1938,-7.2632,-49.3774,t004,MBYRA
2528133900,1128078,2,pierna,midstance,-0.1810,0.9135,0.0095,37.1704,-25.2686,-39.1235,t004,MBYRA
2528133950,1128094,2,pierna,midstance,-0.2465,0.9001,0.0039,21.6064,-32.2876,-19.1650,t004,MBYRA
2528133950,1128110,2,pierna,midstance,-0.3293,0.9501,-0.1053,-1.4038,-11.8408,-18.7378,t004,MBYRA
2528133951,1128126,2,pierna,midstance,-0.3091,0.9512,-0.0778,-6.9580,-2.1362,-24.1699,t004,MBYRA
2528133999,1128142,2,pierna,midstance,-0.2883,0.9426,-0.0892,-10.9863,8.7280,-27.2217,t004,MBYRA
2528134000,1128158,2,pierna,midstance,-0.2672,0.9368,-0.1637,-9.3384,9.7046,-25.9399,t004,MBYRA
2528134000,1128174,2,pierna,midstance,-0.2147,0.9463,-0.1917,-3.5400,2.5024,-22.9492,t004,MBYRA
2528134050,1128190,2,pierna,midstance,-0.2086,0.9913,-0.1556,10.5591,-10.9863,-22.7051,t004,MBYRA
2528134051,1128206,2,pierna,midstance,-0.2249,0.9463,-0.0981,16.0522,-14.4653,-25.3906,t004,MBYRA
2528134051,1128222,2,pierna,midstance,-0.2458,0.9287,-0.0773,12.6343,-13.2446,-23.0103,t004,MBYRA
2528134099,1128238,2,pierna,midstance,-0.2665,0.9301,-0.0797,5.6763,-3.9673,-21.6675,t004,MBYRA
2528134099,1128254,2,pierna,midstance,-0.2231,0.9412,-0.1050,3.4180,-1.0376,-21.7285,t004,MBYRA
2528134100,1128270,2,pierna,midstance,-0.2002,0.9500,-0.1206,1.8921,-2.9297,-20.9351,t004,MBYRA
2528134150,1128286,2,pierna,midstance,-0.1840,0.9556,-0.1343,2.8687,-5.9204,-19.1650,t004,MBYRA
2528134150,1128302,2,pierna,midstance,-0.2129,0.9641,-0.1168,5.1880,-10.3760,-17.2729,t004,MBYRA
2528134151,1128318,2,pierna,midstance,-0.2200,0.9634,-0.1068,5.1880,-10.0708,-21.3013,t004,MBYRA
2528134198,1128334,2,pierna,midstance,-0.2036,0.9739,-0.0980,5.5542,-8.7280,-22.7661,t004,MBYRA
2528134199,1128351,2,pierna,midstance,-0.1923,0.9745,-0.0945,7.1411,-6.6528,-25.4517,t004,MBYRA
2528134200,1128367,2,pierna,midstance,-0.1786,0.9615,-0.1016,7.1411,-6.4697,-27.1606,t004,MBYRA
2528134248,1128383,2,pierna,midstance,-0.1859,0.9553,-0.1117,6.1646,-5.7983,-27.2827,t004,MBYRA
2528134249,1128399,2,pierna,terminal,-0.1783,0.9622,-0.1151,4.0894,-3.6011,-27.2217,t004,MBYRA
2528134249,1128415,2,pierna,terminal,-0.1553,0.9812,-0.0895,3.7231,-3.0518,-27.4658,t004,MBYRA
2528134295,1128431,2,pierna,terminal,-0.1404,1.0051,-0.0863,5.5542,-3.7842,-28.3203,t004,MBYRA
2528134295,1128447,2,pierna,terminal,-0.1395,0.9995,-0.0975,9.0942,-7.6294,-30.2734,t004,MBYRA
2528134295,1128463,2,pierna,terminal,-0.1478,0.9966,-0.1233,10.9863,-9.4604,-31.3110,t004,MBYRA
2528134301,1128479,2,pierna,terminal,-0.1505,0.9928,-0.1235,13.0615,-11.1694,-35.6445,t004,MBYRA
2528134350,1128495,2,pierna,terminal,-0.1685,1.0027,-0.0945,14.6484,-12.0850,-44.2505,t004,MBYRA
2528134350,1128511,2,pierna,terminal,-0.1936,1.0342,-0.0648,16.1743,-11.4746,-49.4995,t004,MBYRA
2528134351,1128527,2,pierna,terminal,-0.1830,1.0463,-0.0652,20.3857,-7.9346,-59.5093,t004,MBYRA
2528134398,1128543,2,pierna,terminal,-0.1365,1.0776,-0.0806,23.0103,-7.0801,-64.9414,t004,MBYRA
2528134399,1128559,2,pierna,terminal,-0.1213,1.1012,-0.0642,28.3203,-8.2397,-73.2422,t004,MBYRA
2528134400,1128575,2,pierna,terminal,-0.1187,1.1145,-0.0659,35.3394,-10.0098,-84.0454,t004,MBYRA
2528134449,1128591,2,pierna,terminal,-0.0964,1.1282,-0.0565,38.6963,-11.5356,-90.6372,t004,MBYRA
2528134450,1128607,2,pierna,swing,-0.1439,1.1794,0.0068,38.6353,-13.4277,-97.5952,t004,MBYRA
2528134450,1128623,2,pierna,swing,-0.1509,1.2341,0.0217,41.0767,-9.1553,-99.4263,t004,MBYRA
2528134495,1128639,2,pierna,swing,-0.2281,1.3309,0.0603,42.6025,-8.4229,-106.3843,t004,MBYRA
2528134495,1128655,2,pierna,swing,-0.2733,1.3712,0.0807,47.7295,-2.0142,-125.9766,t004,MBYRA
2528134497,1128671,2,pierna,swing,-0.2654,1.4497,0.0073,50.5981,2.3193,-134.2773,t004,MBYRA
2528134546,1128687,2,pierna,swing,-0.3804,1.5378,-0.0596,54.6875,-6.5918,-158.0811,t004,MBYRA
2528134547,1128703,2,pierna,swing,-0.5239,1.5366,-0.0579,54.8096,-19.4702,-190.9790,t004,MBYRA
2528134547,1128719,2,pierna,swing,-0.8173,1.4752,0.0061,50.6592,-17.9443,-213.4399,t004,MBYRA
2528134592,1128735,2,pierna,swing,-0.7522,1.4435,-0.0543,42.0532,-10.4370,-247.9858,t004,MBYRA
2528134592,1128751,2,pierna,swing,-0.3491,1.4401,-0.1208,39.0015,-11.1084,-249.0845,t004,MBYRA
2528134593,1128767,2,pierna,swing,0.3108,1.4536,-0.0607,37.6587,-11.2305,-251.4648,t004,MBYRA
2528134643,1128783,2,pierna,swing,0.5507,1.4653,-0.1853,3.2959,1.3428,-263.3057,t004,MBYRA
2528134644,1128799,2,pierna,swing,0.2163,1.3876,-0.2805,-12.5732,10.9253,-242.3096,t004,MBYRA
2528134644,1128815,2,pierna,swing,-0.2054,0.9474,-0.1121,0.6104,10.2539,-170.8984,t004,MBYRA
2528134689,1128831,2,pierna,swing,-0.0817,0.6808,-0.0719,18.2495,-0.2441,-135.4980,t004,MBYRA
2528134691,1128847,2,pierna,swing,0.1755,0.1764,-0.1045,28.8086,-19.3481,-109.0088,t004,MBYRA
2528134691,1128863,2,pierna,swing,0.1934,0.1128,-0.1567,15.9302,-62.5000,-57.6172,t004,MBYRA
2528134742,1128879,2,pierna,swing,-0.1492,0.3967,-0.2893,-6.8970,-54.5654,-17.1509,t004,MBYRA
2528134743,1128895,2,pierna,swing,-0.6516,0.3573,-0.1638,1.1597,-26.0010,70.3125,t004,MBYRA
2528134743,1128911,2,pierna,swing,-0.5333,0.2313,-0.0458,21.4844,-13.4277,102.1118,t004,MBYRA
2528134790,1128927,2,pierna,swing,-0.3575,0.2170,0.0349,10.1318,0.3662,120.8496,t004,MBYRA
2528134791,1128943,2,pierna,swing,-0.3123,0.2878,0.0128,-12.0239,34.1187,162.1094,t004,MBYRA
2528134791,1128959,2,pierna,swing,-0.1969,0.4098,-0.0336,-25.0244,60.9131,205.5664,t004,MBYRA
2528134841,1128975,2,pierna,swing,-0.1573,0.6056,-0.0997,-27.0996,72.7539,232.9712,t004,MBYRA
2528134842,1128991,2,pierna,swing,-0.2023,0.6820,-0.1060,-33.7524,84.7168,272.2168,t004,MBYRA
2528134876,1129007,2,pierna,swing,-0.1506,0.8057,-0.1445,-36.5601,83.0078,282.8369,t004,MBYRA
2528134890,1129023,2,pierna,swing,-0.1920,0.9945,-0.2628,-32.4707,67.0166,297.6074,t004,MBYRA
2528134891,1129039,2,pierna,swing,-0.2616,1.0874,-0.2960,-32.5928,46.3257,292.8467,t004,MBYRA
2528134942,1129055,2,pierna,swing,-0.1970,1.2780,-0.2415,-33.3862,35.6445,289.4287,t004,MBYRA
2528134942,1129071,2,pierna,swing,-0.0347,1.4169,-0.1580,-28.6255,13.8550,285.5835,t004,MBYRA
2528134943,1129087,2,pierna,swing,-0.0385,1.4952,-0.1488,-30.4565,-13.0615,282.6538,t004,MBYRA
2528134943,1129103,2,pierna,swing,-0.0905,1.6825,-0.1830,-33.6914,-27.4048,280.7007,t004,MBYRA
2528134943,1129119,2,pierna,swing,-0.0581,1.7593,-0.1858,-38.0859,-44.7998,277.0386,t004,MBYRA
2528134990,1129135,2,pierna,swing,0.1000,1.7578,-0.1160,-42.3584,-46.8750,275.2686,t004,MBYRA
2528134992,1129151,2,pierna,swing,0.1853,1.7052,-0.0587,-55.2368,-54.0161,270.7520,t004,MBYRA
2528134992,1129167,2,pierna,swing,0.1990,1.7267,-0.0538,-65.1855,-67.1997,258.1177,t004,MBYRA
2528135043,1129183,2,pierna,swing,0.3080,1.7699,0.0161,-66.8335,-71.5332,247.0093,t004,MBYRA
2528135043,1129199,2,pierna,swing,0.4048,1.7587,0.0636,-62.4390,-81.9702,208.6792,t004,MBYRA
2528135043,1129215,2,pierna,swing,0.6285,1.6456,0.1030,-54.7485,-92.4072,164.9780,t004,MBYRA
2528135089,1129230,2,pierna,swing,0.8344,1.5315,0.0771,-47.5464,-91.9800,143.6768,t004,MBYRA
2528135090,1129246,2,pierna,loading,0.9070,1.4517,0.0637,-24.9634,-76.2329,96.9849,t004,MBYRA
2528135092,1129262,2,pierna,loading,0.9570,1.3210,0.1492,-14.7095,-64.4531,68.3594,t004,MBYRA
2528135142,1129278,2,pierna,loading,0.9598,1.2692,0.2596,-4.8828,-41.3818,5.6152,t004,MBYRA
2528135143,1129294,2,pierna,loading,0.9111,1.2817,0.2900,1.0376,-10.8643,-49.2554,t004,MBYRA
2528135143,1129310,2,pierna,loading,0.7246,1.3165,0.3469,7.1411,13.7329,-70.4346,t004,MBYRA
2528135190,1129326,2,pierna,loading,0.6482,1.2830,0.3875,15.5029,74.5239,-102.2339,t004,MBYRA
2528135193,1129342,2,pierna,loading,-0.2017,1.2107,0.3431,11.7798,100.8301,-115.6616,t004,MBYRA
2528135234,1129358,2,pierna,loading,-3.2856,0.3409,0.0092,14.7705,123.5351,-142.7002,t004,MBYRA
2528135244,1129373,2,pierna,loading,-3.3829,0.0387,0.3307,1.0376,13.7939,-111.2060,t004,MBYRA
2528135245,1129389,2,pierna,loading,1.5276,1.8038,0.4287,-21.5454,8.6670,-117.7978,t004,MBYRA
2528135245,1129405,2,pierna,loading,1.4911,2.1167,-0.1409,-41.9922,108.8867,-134.1553,t004,MBYRA
2528135245,1129421,2,pierna,loading,-0.3854,1.1259,-0.3787,-44.1894,113.7695,-99.9145,t004,MBYRA
2528135292,1129437,2,pierna,loading,0.0680,1.1990,-0.2354,-28.1372,96.2524,-85.5102,t004,MBYRA
2528135294,1129454,2,pierna,loading,0.0283,1.1047,-0.0863,8.6670,63.4766,-73.5474,t004,MBYRA
2528135294,1129469,2,pierna,loading,0.1074,0.9688,-0.0856,16.2354,37.1704,-66.4063,t004,MBYRA
2528135346,1129485,2,pierna,loading,-0.1042,0.9836,-0.0834,26.3672,-10.2539,-48.6450,t004,MBYRA
2528135347,1129501,2,pierna,loading,-0.1770,0.9362,-0.0646,28.1982,-35.7666,-34.7290,t004,MBYRA
2528135347,1129517,2,pierna,loading,-0.3129,0.9147,-0.1238,17.9443,-29.3579,-26.6113,t004,MBYRA
2528135395,1129534,2,pierna,loading,-0.2927,0.9607,-0.1100,2.9297,-7.3853,-22.5830,t004,MBYRA
2528135395,1129550,2,pierna,midstance,-0.2726,0.9502,-0.0802,0.1831,-1.5259,-24.1089,t004,MBYRA
2528135396,1129566,2,pierna,midstance,-0.2798,0.9304,-0.1356,-5.0659,6.2866,-22.5830,t004,MBYRA
2528135453,1129582,2,pierna,midstance,-0.2562,0.9470,-0.1737,-2.0752,2.8687,-20.6299,t004,MBYRA
2528135453,1129598,2,pierna,midstance,-0.2009,0.9589,-0.1886,2.6245,-5.0659,-20.3857,t004,MBYRA
2528135453,1129614,2,pierna,midstance,-0.2079,0.9249,-0.1367,11.7187,-20.4468,-15.6250,t004,MBYRA
2528135454,1129630,2,pierna,midstance,-0.2349,0.9247,-0.1052,11.2305,-24.2920,-8.2397,t004,MBYRA
2528135505,1129646,2,pierna,midstance,-0.2921,0.9264,-0.0756,8.6060,-21.1182,-8.3618,t004,MBYRA
2528135505,1129662,2,pierna,midstance,-0.2957,0.9220,-0.0798,1.2207,-10.0708,-13.0005,t004,MBYRA
2528135506,1129678,2,pierna,midstance,-0.2534,0.9365,-0.0969,-2.0752,-6.1646,-15.1367,t004,MBYRA
2528135558,1129694,2,pierna,midstance,-0.2185,0.9486,-0.1267,-2.9907,-4.3335,-15.8691,t004,MBYRA
2528135558,1129710,2,pierna,midstance,-0.2123,0.9484,-0.1378,1.2207,-9.2163,-13.4277,t004,MBYRA
2528135558,1129726,2,pierna,midstance,-0.2307,0.9545,-0.1461,4.1504,-11.5356,-12.0850,t004,MBYRA
2528135609,1129743,2,pierna,terminal,-0.2671,0.9590,-0.1426,7.8125,-10.5591,-14.4653,t004,MBYRA
2528135610,1129759,2,pierna,terminal,-0.2546,0.9658,-0.1418,9.3384,-7.2021,-22.5220,t004,MBYRA
2528135611,1129775,2,pierna,terminal,-0.2452,0.9709,-0.1299,10.3149,-7.0801,-27.5879,t004,MBYRA
2528135631,1129791,2,pierna,terminal,-0.2291,0.9624,-0.1195,12.8784,-6.4697,-32.2876,t004,MBYRA
2528135663,1129807,2,pierna,terminal,-0.1813,0.9916,-0.1143,17.0898,-9.5825,-33.3252,t004,MBYRA
2528135664,1129823,2,pierna,terminal,-0.2029,0.9734,-0.1089,18.5547,-10.7422,-34.9731,t004,MBYRA
2528135664,1129839,2,pierna,terminal,-0.2179,0.9680,-0.1273,19.7144,-8.6060,-39.3677,t004,MBYRA
2528135712,1129855,2,pierna,terminal,-0.2150,0.9833,-0.1404,21.1792,-7.5073,-42.7856,t004,MBYRA
2528135714,1129871,2,pierna,terminal,-0.2144,0.9945,-0.1395,24.1699,-7.9956,-48.9502,t004,MBYRA
2528135714,1129887,2,pierna,terminal,-0.2100,1.0061,-0.1177,24.6582,-11.2305,-54.2603,t004,MBYRA
2528135765,1129903,2,pierna,terminal,-0.1973,1.0173,-0.0818,25.7568,-12.3291,-58.4106,t004,MBYRA
2528135765,1129919,2,pierna,terminal,-0.1832,1.0355,-0.0824,29.3579,-12.5122,-69.4580,t004,MBYRA
2528135766,1129935,2,pierna,terminal,-0.1588,1.0679,-0.1008,35.3394,-13.4888,-82.0312,t004,MBYRA
2528135812,1129951,2,pierna,swing,-0.1342,1.1029,-0.1028,38.7573,-14.4043,-87.3413,t004,MBYRA
2528135812,1129967,2,pierna,swing,-0.1477,1.1433,-0.0819,45.0439,-16.4795,-97.8393,t004,MBYRA
2528135812,1129983,2,pierna,swing,-0.1897,1.2333,0.0221,46.8750,-17.7612,-101.0132,t004,MBYRA
2528135867,1129999,2,pierna,swing,-0.2412,1.3524,0.0903,47.3022,-16.7847,-105.5298,t004,MBYRA
2528135867,1130015,2,pierna,swing,-0.2445,1.3975,0.0657,51.0254,-9.8877,-121.1548,t004,MBYRA
2528135867,1130031,2,pierna,swing,-0.1841,1.4813,0.0419,55.1147,-9.8267,-130.1880,t004,MBYRA
2528135898,1130047,2,pierna,swing,-0.2939,1.5779,0.0231,64.5752,-15.5029,-143.4937,t004,MBYRA
2528135916,1130063,2,pierna,swing,-0.5441,1.6171,0.0807,68.6035,-16.5405,-154.2969,t004,MBYRA
2528135917,1130079,2,pierna,swing,-0.6343,1.5985,0.0912,70.3735,-16.2964,-184.0820,t004,MBYRA
2528135917,1130094,2,pierna,swing,-0.7925,1.5073,0.0137,59.7534,-6.1646,-236.8774,t004,MBYRA
2528135967,1130110,2,pierna,swing,-0.8104,1.2677,-0.0083,54.1992,3.5400,-253.6621,t004,MBYRA
2528135968,1130126,2,pierna,swing,-0.1958,1.4576,-0.0233,50.2319,6.9580,-254.3945,t004,MBYRA
2528135968,1130142,2,pierna,swing,0.0967,1.4493,-0.1396,35.2173,10.2539,-253.4790,t004,MBYRA
2528136014,1130158,2,pierna,swing,0.3744,1.2172,-0.3425,15.9302,20.6909,-250.9765,t004,MBYRA
2528136016,1130174,2,pierna,swing,0.2660,1.2004,-0.2629,-2.1973,45.3491,-184.9365,t004,MBYRA
2528136017,1130189,2,pierna,swing,0.1285,0.7827,-0.0339,2.0752,44.6777,-148.0103,t004,MBYRA
2528136058,1130205,2,pierna,swing,0.2217,0.2872,-0.0096,18.7988,-3.1128,-110.5347,t004,MBYRA
2528136067,1130221,2,pierna,swing,0.0497,0.1736,-0.0641,26.7334,-46.5698,-54.2603,t004,MBYRA
2528136068,1130237,2,pierna,swing,-0.2528,0.2627,-0.3473,6.1646,-43.8232,-21.2402,t004,MBYRA
2528136115,1130253,2,pierna,swing,-0.5178,0.3751,-0.3247,-10.2539,-27.7100,50.5981,t004,MBYRA
2528136116,1130269,2,pierna,swing,-0.5941,0.2043,-0.0823,3.9062,-20.8130,67.9321,t004,MBYRA
2528136117,1130285,2,pierna,swing,-0.2988,0.1586,-0.0229,1.0376,-0.3052,82.4585,t004,MBYRA
2528136166,1130301,2,pierna,swing,-0.2195,0.2668,-0.0549,-18.7378,21.8506,122.3755,t004,MBYRA
2528136167,1130317,2,pierna,swing,-0.1554,0.4198,-0.1307,-23.1934,31.6772,151.5503,t004,MBYRA
2528136167,1130333,2,pierna,swing,-0.1964,0.5820,-0.1586,-28.5034,53.2227,210.6933,t004,MBYRA
2528136213,1130350,2,pierna,swing,-0.2716,0.6323,-0.1398,-35.0952,73.7305,260.4370,t004,MBYRA
2528136216,1130366,2,pierna,swing,-0.3958,0.7227,-0.1261,-39.7949,78.3691,276.0010,t004,MBYRA
2528136216,1130382,2,pierna,swing,-0.2898,0.8115,-0.1498,-49.6826,71.4111,290.2222,t004,MBYRA
2528136250,1130398,2,pierna,swing,-0.2249,1.0413,-0.2638,-47.4853,62.3779,296.1426,t004,MBYRA
2528136267,1130414,2,pierna,swing,-0.2513,1.2180,-0.3170,-41.0156,39.1846,297.6074,t004,MBYRA
2528136267,1130430,2,pierna,swing,-0.2717,1.2856,-0.2859,-40.0391,9.7656,297.4243,t004,MBYRA
2528136282,1130446,2,pierna,swing,-0.2473,1.4663,-0.2037,-41.2598,-5.4932,294.8608,t004,MBYRA
2528136316,1130462,2,pierna,swing,-0.0432,1.7363,-0.1133,-48.3398,-41.6260,283.9966,t004,MBYRA
2528136317,1130478,2,pierna,swing,-0.0459,1.8228,-0.2274,-52.0630,-71.4111,287.5366,t004,MBYRA
2528136317,1130494,2,pierna,swing,-0.2321,1.8085,-0.0629,-53.1616,-83.0688,288.0249,t004,MBYRA
2528136369,1130510,2,pierna,swing,0.1047,1.8035,0.0516,-61.7676,-113.4643,263.0005,t004,MBYRA
2528136369,1130526,2,pierna,swing,0.3627,1.8622,0.0316,-66.2842,-131.8970,251.4648,t004,MBYRA
2528136369,1130542,2,pierna,swing,0.5248,1.9711,0.1016,-65.6128,-148.0713,219.7876,t004,MBYRA
2528136416,1130558,2,pierna,swing,0.6619,1.9226,0.1881,-49.6826,-143.0664,189.8804,t004,MBYRA
2528136416,1130574,2,pierna,loading,0.8770,1.6600,0.1710,-42.3584,-141.9067,171.3867,t004,MBYRA
2528136417,1130590,2,pierna,loading,1.1935,1.5131,0.1809,-32.6538,-122.4976,118.8354,t004,MBYRA
2528136472,1130606,2,pierna,loading,1.2863,1.5214,0.2791,-11.7798,-79.4067,52.0630,t004,MBYRA
2528136473,1130622,2,pierna,loading,1.1208,1.4468,0.3763,-2.0752,-54.0161,13.9770,t004,MBYRA
2528136473,1130638,2,pierna,loading,0.5774,1.6899,0.3749,2.3804,34.4238,-45.3491,t004,MBYRA
2528136521,1130654,2,pierna,loading,0.3397,0.9904,1.0555,21.2402,119.4458,-86.1206,t004,MBYRA
2528136523,1130670,2,pierna,loading,-2.5209,0.9379,0.6686,-10.9863,160.0342,-184.5703,t004,MBYRA
2528136524,1130686,2,pierna,loading,-2.6520,1.0435,0.4755,-13.3057,127.8686,-136.7798,t004,MBYRA
2528136524,1130701,2,pierna,loading,1.3070,1.4374,0.5256,-25.5737,118.1030,-153.1372,t004,MBYRA
2528136576,1130717,2,pierna,loading,1.2830,1.6654,0.1791,-27.8320,46.8750,-139.5264,t004,MBYRA
2528136577,1130733,2,pierna,loading,-0.6306,1.0414,-0.5775,-13.0615,25.2075,-105.1025,t004,MBYRA
2528136584,1130750,2,pierna,loading,-0.0774,0.9423,-0.7030,-8.9111,74.7070,-82.3364,t004,MBYRA
2528136624,1130766,2,pierna,loading,0.3373,1.2185,-0.3253,24.6582,56.3354,-54.8096,t004,MBYRA
2528136625,1130782,2,pierna,midstance,0.0906,0.8972,-0.1562,52.8564,19.5923,-45.7764,t004,MBYRA
2528136625,1130798,2,pierna,midstance,-0.1890,0.8772,0.0062,53.1006,-36.0107,-32.4097,t004,MBYRA
2528136683,1130813,2,pierna,midstance,-0.2914,0.8854,0.0527,35.2173,-42.5415,-7.8735,t004,MBYRA
2528136684,1130829,2,pierna,midstance,-0.3485,0.9352,-0.0631,18.4937,-30.2734,-4.5166,t004,MBYRA
2528136684,1130845,2,pierna,midstance,-0.3566,0.9371,-0.0742,-10.9863,-2.6855,-17.0288,t004,MBYRA
2528136684,1130861,2,pierna,midstance,-0.3165,0.9512,-0.0823,-19.3481,7.8125,-23.6816,t004,MBYRA
2528136735,1130877,2,pierna,midstance,-0.2493,0.9312,-0.2091,-18.9209,13.8550,-24.4141,t004,MBYRA
2528136737,1130893,2,pierna,midstance,-0.2107,0.9260,-0.2495,-6.0425,2.5635,-16.9067,t004,MBYRA
2528136738,1130909,2,pierna,midstance,-0.1895,0.9667,-0.2029,1.2207,-7.5073,-13.0615,t004,MBYRA
2528136792,1130926,2,pierna,midstance,-0.2810,0.9495,-0.1146,10.1318,-21.4233,-7.9956,t004,MBYRA
2528136792,1130942,2,pierna,midstance,-0.2913,0.9629,-0.1124,8.0566,-13.9160,-9.2163,t004,MBYRA
2528136793,1130958,2,pierna,midstance,-0.3110,0.9128,-0.1223,6.0425,-8.7891,-12.6343,t004,MBYRA
2528136842,1130974,2,pierna,midstance,-0.2942,0.9056,-0.1312,-1.7090,-1.1597,-13.7939,t004,MBYRA
2528136842,1130990,2,pierna,terminal,-0.2159,0.9414,-0.1572,-1.4038,-5.4321,-11.0474,t004,MBYRA
2528136843,1131006,2,pierna,terminal,-0.2313,0.9397,-0.1682,1.3428,-10.4980,-9.6436,t004,MBYRA
2528136845,1131022,2,pierna,terminal,-0.2511,0.9338,-0.1611,4.5776,-15.3198,-6.4697,t004,MBYRA
2528136900,1131038,2,pierna,terminal,-0.2711,0.9324,-0.1438,5.0659,-15.4419,-5.6763,t004,MBYRA
2528136901,1131054,2,pierna,terminal,-0.2736,0.9481,-0.1284,4.3335,-14.0991,-9.5215,t004,MBYRA
2528136901,1131071,2,pierna,terminal,-0.2701,0.9445,-0.1342,2.9297,-10.5591,-15.6860,t004,MBYRA
2528136952,1131087,2,pierna,terminal,-0.2601,0.9423,-0.1355,3.1128,-8.7891,-17.7612,t004,MBYRA
2528136952,1131103,2,pierna,swing,-0.2506,0.9574,-0.1284,5.2490,-7.4463,-20.8130,t004,MBYRA
2528136953,1131119,2,pierna,swing,-0.2479,0.9589,-0.1229,8.9722,-5.9204,-23.1323,t004,MBYRA
2528136957,1131135,2,pierna,swing,-0.2366,0.9730,-0.1205,10.6812,-4.8218,-24.2920,t004,MBYRA
2528137010,1131151,2,pierna,swing,-0.2236,0.9795,-0.1279,14.6484,-3.7842,-28.5034,t004,MBYRA
2528137011,1131167,2,pierna,swing,-0.1981,0.9652,-0.1434,16.7236,-4.5166,-31.0669,t004,MBYRA
2528137011,1131183,2,pierna,swing,-0.2137,0.9607,-0.1277,18.6768,-6.8970,-34.0576,t004,MBYRA
2528137061,1131199,2,pierna,swing,-0.2393,0.9763,-0.1320,19.0430,-6.1646,-39.2456,t004,MBYRA
2528137063,1131215,2,pierna,swing,-0.2306,1.0054,-0.1135,19.4702,-5.3711,-44.6167,t004,MBYRA
2528137063,1131231,2,pierna,swing,-0.2234,1.0210,-0.0878,22.7661,-4.8218,-56.7017,t004,MBYRA
2528137117,1131247,2,pierna,swing,-0.2267,1.0291,-0.0800,23.9868,-5.6763,-68.4204,t004,MBYRA
2528137117,1131264,2,pierna,swing,-0.2100,1.0491,-0.0914,23.1323,-6.1035,-74.2188,t004,MBYRA
2528137117,1131280,2,pierna,swing,-0.1938,1.0472,-0.0959,24.6582,-7.3242,-84.8389,t004,MBYRA
2528137167,1131296,2,pierna,swing,-0.1406,1.0608,-0.0526,25.3906,-10.1318,-90.2710,t004,MBYRA
2528137169,1131312,2,pierna,swing,-0.1228,1.0986,-0.0474,24.4751,-11.4136,-92.7124,t004,MBYRA
2528137169,1131328,2,pierna,swing,-0.1000,1.0967,-0.0385,25.0854,-12.2070,-97.8393,t004,MBYRA
2528137169,1131344,2,pierna,swing,-0.0686,1.1150,-0.0322,26.4282,-14.5264,-100.2808,t004,MBYRA
2528137221,1131360,2,pierna,swing,-0.1125,1.2362,0.0071,28.1982,-18.3105,-102.2339,t004,MBYRA
2528137318,1131376,2,pierna,swing,-0.1178,1.2678,-0.0082,32.7148,-17.0288,-115.6006,t004,MBYRA
2528137321,1131392,2,pierna,swing,-0.1986,1.2435,0.0406,33.0200,-15.7471,-124.5117,t004,MBYRA
2528137321,1131408,2,pierna,swing,-0.2416,1.2799,0.0807,38.5742,-5.9204,-129.8218,t004,MBYRA
2528137381,1131424,2,pierna,swing,-0.2372,1.3617,-0.0436,44.6167,-0.0610,-131.8359,t004,MBYRA
2528137382,1131440,2,pierna,swing,-0.4167,1.4044,-0.1234,44.8608,2.5024,-150.5737,t004,MBYRA
2528137382,1131456,2,pierna,swing,-0.5496,1.4421,-0.0979,41.2598,1.5869,-179.0771,t004,MBYRA
2528137435,1131472,2,pierna,swing,-0.6792,1.6042,-0.0164,39.3066,5.5542,-196.2280,t004,MBYRA
2528137437,1131488,2,pierna,swing,-0.5494,1.3854,-0.1384,42.5415,21.5454,-212.8296,t004,MBYRA
2528137438,1131504,2,pierna,swing,-0.4097,1.2955,-0.1600,29.5410,46.6309,-220.3369,t004,MBYRA
2528137489,1131520,2,pierna,swing,0.3889,1.4534,0.0371,19.2261,53.9551,-236.0229,t004,MBYRA
2528137490,1131535,2,pierna,swing,0.6847,1.4965,0.0071,0.6714,40.0391,-272.4609,t004,MBYRA
2528137490,1131551,2,pierna,swing,0.4208,1.3971,-0.0752,-1.4648,32.1655,-253.1128,t004,MBYRA
2528137512,1131567,2,pierna,swing,0.1991,1.0511,0.0470,4.3335,20.3857,-191.6504,t004,MBYRA
2528137538,1131583,2,pierna,swing,0.1292,0.8181,0.0465,20.2637,7.9956,-157.2266,t004,MBYRA
2528137540,1131599,2,pierna,swing,-0.2388,0.2825,-0.1693,38.8184,-5.5542,-124.5727,t004,MBYRA
2528137541,1131615,2,pierna,swing,-0.3551,0.2861,-0.2833,34.3628,-31.6162,-56.7017,t004,MBYRA
2528137592,1131631,2,pierna,swing,-0.3942,0.4187,-0.2754,18.6768,-22.0947,-28.8086,t004,MBYRA
2528137593,1131647,2,pierna,swing,-0.5443,0.3623,-0.1300,12.2681,-1.1597,39.0015,t004,MBYRA
2528137629,1131663,2,pierna,swing,-0.4937,0.2625,-0.0663,13.4277,16.6016,84.6558,t004,MBYRA
2528137643,1131679,2,pierna,swing,-0.3312,0.2704,-0.0883,11.8408,24.7192,107.7881,t004,MBYRA
2528137644,1131695,2,pierna,swing,-0.2271,0.3981,-0.1653,7.3853,37.3535,166.8091,t004,MBYRA
2528137644,1131711,2,pierna,swing,-0.2892,0.4453,-0.1909,4.5166,50.9033,210.9375,t004,MBYRA
2528137695,1131727,2,pierna,swing,-0.2170,0.6329,-0.1847,3.6011,59.3262,228.8208,t004,MBYRA
2528137695,1131743,2,pierna,swing,-0.2045,0.7051,-0.2040,-0.2441,72.4487,257.8735,t004,MBYRA
2528137695,1131759,2,pierna,swing,-0.1637,0.8485,-0.2373,-6.8359,71.3501,267.7002,t004,MBYRA
2528137696,1131775,2,pierna,swing,-0.1154,1.0155,-0.2870,-15.0757,54.1382,280.9448,t004,MBYRA
2528137696,1131791,2,pierna,swing,-0.1102,1.0352,-0.3177,-12.5122,26.0010,285.2783,t004,MBYRA
2528137743,1131807,2,pierna,swing,-0.2078,1.1445,-0.3611,-12.9395,12.0239,290.3442,t004,MBYRA
2528137743,1131823,2,pierna,swing,-0.1785,1.2678,-0.3440,-19.0430,-13.7329,291.4429,t004,MBYRA
2528137744,1131839,2,pierna,loading,-0.1667,1.3110,-0.3112,-28.6865,-40.8325,295.2271,t004,MBYRA
2528137744,1131855,2,pierna,loading,-0.1376,1.4814,-0.2339,-33.2031,-54.3823,299.3164,t004,MBYRA
2528137744,1131871,2,pierna,loading,-0.0818,1.6072,-0.1858,-38.7573,-76.4771,303.9551,t004,MBYRA
2528137744,1131887,2,pierna,loading,0.2369,1.7948,-0.0760,-45.8374,-98.3276,302.0020,t004,MBYRA
2528137745,1131903,2,pierna,loading,0.6239,1.9667,0.0448,-48.8281,-109.3140,295.4102,t004,MBYRA
2528137745,1131919,2,pierna,loading,0.7670,2.0043,0.0771,-53.4668,-120.2393,248.1689,t004,MBYRA
2528137800,1131935,2,pierna,loading,0.9171,1.9438,0.0708,-52.8564,-115.9668,215.4541,t004,MBYRA
2528137801,1131951,2,pierna,loading,1.1248,1.6461,0.0848,-31.7383,-89.1724,160.1562,t004,MBYRA
2528137801,1131967,2,pierna,loading,1.2717,1.6016,0.0588,-18.5547,-61.7065,118.8965,t004,MBYRA
2528137830,1131983,2,pierna,loading,1.4441,1.5575,0.0580,-15.6250,-48.2788,96.0693,t004,MBYRA
2528137850,1131999,2,pierna,loading,1.2848,1.5587,0.0925,-7.2632,-12.8174,50.7202,t004,MBYRA
2528137852,1132015,2,pierna,loading,0.8116,1.6029,0.4500,1.0376,28.3813,31.1890,t004,MBYRA
2528137853,1132031,2,pierna,loading,1.0806,1.0485,0.8444,9.9487,117.4316,-63.9648,t004,MBYRA
2528137905,1132046,2,pierna,loading,-0.4604,1.0341,0.7275,-11.4746,97.9614,-156.5552,t004,MBYRA
2528137905,1132062,2,pierna,loading,-2.8762,1.1467,0.3660,6.5308,79.6509,-143.7988,t004,MBYRA
2528137906,1132078,2,pierna,loading,-0.6083,1.2452,0.3064,-36.1328,74.5850,-132.9956,t004,MBYRA
2528137955,1132094,2,pierna,midstance,1.2130,1.6563,0.0206,-45.7153,65.3076,-133.5449,t004,MBYRA
2528137955,1132110,2,pierna,midstance,-0.6492,0.7887,-0.3258,-2.5635,27.6489,-91.6138,t004,MBYRA
2528137956,1132126,2,pierna,midstance,-0.6631,0.6427,-0.3802,-17.5171,49.5605,-85.0830,t004,MBYRA
2528138014,1132142,2,pierna,midstance,0.1091,1.0566,-0.3441,-17.2119,48.5229,-68.6035,t004,MBYRA
2528138014,1132158,2,pierna,midstance,0.0649,1.0997,-0.2146,13.3057,16.2354,-45.9595,t004,MBYRA
2528138014,1132174,2,pierna,midstance,-0.1179,0.9779,-0.0764,36.4380,-14.2212,-41.0767,t004,MBYRA
2528138015,1132190,2,pierna,midstance,-0.1993,0.9238,0.0419,34.0576,-24.4751,-33.8745,t004,MBYRA
2528138066,1132206,2,pierna,midstance,-0.2515,0.9471,-0.0082,13.4277,-23.2544,-24.9634,t004,MBYRA
2528138069,1132222,2,pierna,midstance,-0.3043,0.9399,-0.0453,2.7466,-14.5874,-27.0996,t004,MBYRA
2528138070,1132238,2,pierna,midstance,-0.2709,0.9608,-0.0511,-14.1602,5.2490,-32.1045,t004,MBYRA
2528138124,1132254,2,pierna,midstance,-0.2682,0.9581,-0.0999,-15.9912,14.1602,-31.4331,t004,MBYRA
2528138124,1132270,2,pierna,midstance,-0.2031,0.9480,-0.2018,-10.9863,13.0005,-29.2358,t004,MBYRA
2528138125,1132286,2,pierna,midstance,-0.1838,0.9495,-0.2081,1.9531,-0.7935,-24.9634,t004,MBYRA
2528138125,1132302,2,pierna,midstance,-0.1821,0.9653,-0.1294,8.5449,-13.6719,-21.4233,t004,MBYRA
2528138176,1132318,2,pierna,midstance,-0.2294,0.9615,-0.0779,7.3242,-13.6719,-18.9819,t004,MBYRA
2528138176,1132334,2,pierna,terminal,-0.2417,0.9586,-0.0812,1.7090,-5.8594,-18.0054,t004,MBYRA
2528138176,1132350,2,pierna,terminal,-0.2200,0.9448,-0.0978,-0.3662,-2.8076,-18.9819,t004,MBYRA
2528138235,1132366,2,pierna,terminal,-0.1771,0.9490,-0.1270,-1.5869,-3.6621,-17.3950,t004,MBYRA
2528138236,1132382,2,pierna,terminal,-0.1713,0.9502,-0.1437,1.3428,-11.9629,-12.8784,t004,MBYRA
2528138236,1132398,2,pierna,terminal,-0.2130,0.9514,-0.1475,3.4180,-15.0146,-10.8643,t004,MBYRA
2528138237,1132415,2,pierna,terminal,-0.2198,0.9628,-0.1257,6.8970,-15.8081,-11.4136,t004,MBYRA
2528138288,1132431,2,pierna,terminal,-0.2256,0.9691,-0.1198,8.9722,-17.2119,-16.1743,t004,MBYRA
2528138290,1132447,2,pierna,terminal,-0.2399,0.9625,-0.1123,9.2773,-16.7236,-18.9819,t004,MBYRA
2528138290,1132463,2,pierna,terminal,-0.2311,0.9634,-0.1132,9.1553,-11.6577,-23.9868,t004,MBYRA
2528138345,1132479,2,pierna,terminal,-0.2266,0.9722,-0.1245,9.2163,-10.0098,-26.9775,t004,MBYRA
2528138345,1132495,2,pierna,terminal,-0.2190,0.9921,-0.1068,9.9487,-9.0942,-33.0200,t004,MBYRA
2528138346,1132511,2,pierna,terminal,-0.1978,1.0029,-0.1007,10.1318,-7.5073,-39.9780,t004,MBYRA
2528138397,1132527,2,pierna,terminal,-0.1486,1.0128,-0.0908,10.5591,-6.7749,-43.9453,t004,MBYRA
2528138398,1132543,2,pierna,terminal,-0.1205,1.0092,-0.0868,13.0615,-5.9204,-48.7061,t004,MBYRA
2528138399,1132559,2,pierna,terminal,-0.1125,1.0120,-0.1010,14.7095,-9.5215,-50.4761,t004,MBYRA
2528138399,1132575,2,pierna,terminal,-0.1199,0.9998,-0.0974,16.3574,-11.5967,-52.0019,t004,MBYRA
2528138454,1132591,2,pierna,terminal,-0.1301,0.9977,-0.0898,19.4702,-12.5122,-56.1523,t004,MBYRA
2528138454,1132607,2,pierna,swing,-0.1649,1.0493,-0.0682,20.5078,-12.5122,-58.9600,t004,MBYRA
2528138454,1132623,2,pierna,swing,-0.1578,1.0774,-0.0237,24.5972,-11.2305,-67.1997,t004,MBYRA
2528138506,1132639,2,pierna,swing,-0.1591,1.0846,-0.0062,29.6020,-8.7280,-79.7729,t004,MBYRA
2528138506,1132655,2,pierna,swing,-0.1427,1.0978,-0.0094,31.5552,-6.5918,-85.6934,t004,MBYRA
2528138506,1132671,2,pierna,swing,-0.1350,1.1611,0.0101,33.3862,-2.1973,-97.5952,t004,MBYRA
2528138509,1132687,2,pierna,swing,-0.1218,1.1816,0.0128,38.6353,2.6245,-110.7178,t004,MBYRA
2528138565,1132703,2,pierna,swing,-0.1467,1.2292,0.0143,39.9170,2.0752,-119.4458,t004,MBYRA
2528138566,1132719,2,pierna,swing,-0.2032,1.2581,0.0215,45.1050,4.8218,-125.8545,t004,MBYRA
2528138566,1132735,2,pierna,swing,-0.2123,1.3870,-0.0569,49.4385,7.2021,-131.5918,t004,MBYRA
2528138622,1132751,2,pierna,swing,-0.2869,1.4993,-0.0612,49.6216,1.4648,-150.6348,t004,MBYRA
2528138624,1132767,2,pierna,swing,-0.3711,1.5701,-0.0950,56.7017,-13.3667,-173.0347,t004,MBYRA
2528138624,1132783,2,pierna,swing,-0.7490,1.6066,-0.0934,53.8330,-18.3105,-190.9180,t004,MBYRA
2528138674,1132799,2,pierna,swing,-0.8645,1.7177,0.0161,42.4805,-14.3433,-235.2905,t004,MBYRA
2528138675,1132815,2,pierna,swing,-0.6943,1.6774,-0.0288,47.6074,-7.3242,-250.3662,t004,MBYRA
2528138675,1132831,2,pierna,swing,-0.0613,1.4386,-0.1332,41.9311,0.9155,-250.2441,t004,MBYRA
2528138675,1132847,2,pierna,swing,0.2211,1.4819,-0.1556,2.6245,14.5874,-293.3350,t004,MBYRA
2528138723,1132863,2,pierna,swing,0.4410,1.5663,-0.0988,-7.7515,14.3433,-301.6357,t004,MBYRA
2528138724,1132879,2,pierna,swing,0.0515,1.1768,-0.0640,8.4229,19.7144,-220.7641,t004,MBYRA
2528138725,1132895,2,pierna,swing,-0.0182,0.9451,-0.0227,16.9678,9.8877,-170.0439,t004,MBYRA
2528138777,1132911,2,pierna,swing,-0.0223,0.3582,-0.0414,28.9307,-4.8218,-147.5830,t004,MBYRA
2528138778,1132927,2,pierna,swing,-0.1067,0.1302,-0.1245,43.8843,-46.0205,-76.9043,t004,MBYRA
2528138779,1132943,2,pierna,swing,0.0167,0.1791,-0.3372,0.4883,-27.1606,-24.6582,t004,MBYRA
2528138825,1132959,2,pierna,swing,-0.3478,0.3600,-0.3070,-13.6108,-6.7749,20.7520,t004,MBYRA
2528138828,1132975,2,pierna,swing,-0.5453,0.3323,-0.2269,-4.3945,13.9770,89.3555,t004,MBYRA
2528138828,1132991,2,pierna,swing,-0.4850,0.1847,-0.0637,6.1646,21.0571,106.9336,t004,MBYRA
2528138830,1133007,2,pierna,swing,-0.1943,0.3033,-0.0797,-1.1597,32.1045,140.5029,t004,MBYRA
2528138881,1133023,2,pierna,swing,-0.1829,0.3774,-0.1271,-12.6343,37.5366,198.1811,t004,MBYRA
2528138881,1133039,2,pierna,swing,-0.2443,0.4601,-0.1685,-12.1460,43.0298,222.4731,t004,MBYRA
2528138881,1133055,2,pierna,swing,-0.2372,0.5621,-0.1599,-15.5640,63.2324,264.4043,t004,MBYRA
2528138929,1133071,2,pierna,swing,-0.3114,0.6948,-0.1572,-19.1650,75.3784,280.6396,t004,MBYRA
2528138931,1133087,2,pierna,swing,-0.2214,0.8676,-0.2026,-30.8838,84.0454,297.0581,t004,MBYRA
2528138931,1133103,2,pierna,swing,-0.1897,0.9551,-0.2440,-28.3203,77.5757,313.0493,t004,MBYRA
2528138983,1133119,2,pierna,swing,-0.2255,1.1290,-0.3242,-24.4141,70.0073,319.0308,t004,MBYRA
2528138983,1133135,2,pierna,swing,-0.2491,1.3286,-0.3888,-18.8599,48.5840,325.0732,t004,MBYRA
2528138984,1133151,2,pierna,swing,-0.2267,1.4244,-0.4183,-23.1934,21.3013,324.2187,t004,MBYRA
2528139031,1133167,2,pierna,swing,-0.1659,1.6129,-0.4054,-28.6865,6.5308,325.1953,t004,MBYRA
2528139033,1133183,2,pierna,swing,-0.1227,1.7363,-0.3650,-46.2646,-24.5361,327.0874,t004,MBYRA
2528139034,1133199,2,pierna,swing,0.1771,2.0076,-0.2740,-55.2978,-38.2690,324.8291,t004,MBYRA
2528139086,1133215,2,pierna,swing,0.4845,2.1459,-0.1776,-57.2510,-65.1245,306.4575,t004,MBYRA
2528139087,1133231,2,pierna,swing,0.6340,2.1744,-0.1693,-46.3257,-86.1206,274.9023,t004,MBYRA
2528139087,1133247,2,pierna,swing,0.9163,2.0372,-0.2360,-42.9077,-91.6748,250.8545,t004,MBYRA
2528139087,1133263,2,pierna,swing,1.1344,1.7357,0.0490,-38.6353,-108.9477,194.0307,t004,MBYRA
2528139136,1133279,2,pierna,swing,1.3224,1.6926,0.0913,-42.4805,-134.6436,147.8271,t004,MBYRA
2528139136,1133295,2,pierna,loading,1.5481,1.6938,0.0656,-40.1001,-125.3052,121.7041,t004,MBYRA
2528139138,1133310,2,pierna,loading,1.4618,1.6354,0.2057,3.1128,-62.0728,59.0820,t004,MBYRA
2528139192,1133326,2,pierna,loading,1.2982,1.4076,0.4742,17.8833,-28.8696,18.9209,t004,MBYRA
2528139192,1133342,2,pierna,loading,0.6124,1.5051,0.4082,11.6577,25.6958,-58.4106,t004,MBYRA
2528139193,1133358,2,pierna,loading,-0.2161,1.4038,0.4692,18.3716,131.4697,-97.4731,t004,MBYRA
2528139240,1133373,2,pierna,loading,-2.2311,0.1919,0.4160,5.3711,146.9727,-132.9346,t004,MBYRA
2528139244,1133389,2,pierna,loading,-3.0557,0.5011,0.2731,-37.8418,88.5620,-132.0801,t004,MBYRA
2528139245,1133406,2,pierna,loading,0.1562,1.8451,0.5485,-46.9360,110.1684,-116.8213,t004,MBYRA
2528139246,1133422,2,pierna,loading,1.2665,1.7524,0.4177,-23.1323,91.9800,-142.1509,t004,MBYRA
2528139298,1133437,2,pierna,loading,0.1093,1.1478,-0.0723,-12.3291,11.1694,-112.7319,t004,MBYRA
2528139299,1133453,2,pierna,loading,-0.7118,0.7446,-0.7146,-20.6909,23.2544,-96.7407,t004,MBYRA
2528139299,1133469,2,pierna,loading,-0.3641,0.9067,-0.5505,-10.6201,68.6646,-79.2236,t004,MBYRA
2528139348,1133486,2,pierna,loading,0.0172,0.9694,-0.2202,14.3433,33.2031,-74.6460,t004,MBYRA
2528139349,1133501,2,pierna,midstance,0.2274,1.1669,0.0326,18.9819,7.0801,-68.0542,t004,MBYRA
2528139349,1133517,2,pierna,midstance,0.1086,1.1104,0.0574,32.8979,-33.2031,-50.9033,t004,MBYRA
2528139408,1133533,2,pierna,midstance,-0.3412,0.8511,-0.0865,22.4609,-31.7383,-43.2739,t004,MBYRA
2528139409,1133549,2,pierna,midstance,-0.2966,0.9784,-0.0878,-1.7090,-3.7231,-38.4521,t004,MBYRA
2528139409,1133565,2,pierna,midstance,-0.2762,0.9906,-0.0654,-3.4180,10.6201,-44.0063,t004,MBYRA
2528139409,1133581,2,pierna,midstance,-0.1752,0.9672,-0.1051,-2.5635,11.9629,-42.1143,t004,MBYRA
2528139462,1133597,2,pierna,midstance,-0.1561,0.9487,-0.1527,1.2207,3.4180,-32.7759,t004,MBYRA
2528139462,1133613,2,pierna,terminal,-0.1588,0.9500,-0.1722,3.6011,-3.6621,-29.6020,t004,MBYRA
2528139463,1133629,2,pierna,terminal,-0.1843,0.9639,-0.1139,6.6528,-14.9536,-24.2920,t004,MBYRA
2528139467,1133645,2,pierna,terminal,-0.2047,0.9657,-0.0951,3.9673,-15.1367,-19.8975,t004,MBYRA
2528139522,1133661,2,pierna,terminal,-0.2185,0.9537,-0.1108,2.3193,-11.9019,-20.1416,t004,MBYRA
2528139523,1133677,2,pierna,terminal,-0.1908,0.9351,-0.1395,1.7090,-6.3477,-21.4844,t004,MBYRA
2528139523,1133693,2,pierna,terminal,-0.1647,0.9387,-0.1427,2.1362,-8.0566,-18.5547,t004,MBYRA
2528139576,1133709,2,pierna,terminal,-0.1614,0.9557,-0.1451,2.5635,-10.8032,-15.9912,t004,MBYRA
2528139578,1133725,2,pierna,terminal,-0.1785,0.9641,-0.1477,4.2725,-14.2212,-13.0615,t004,MBYRA
2528139579,1133741,2,pierna,terminal,-0.1907,0.9574,-0.1271,4.9438,-14.4653,-14.3433,t004,MBYRA
2528139580,1133757,2,pierna,terminal,-0.1957,0.9591,-0.1183,3.8452,-13.0615,-18.0664,t004,MBYRA
2528139634,1133773,2,pierna,terminal,-0.1918,0.9789,-0.1207,4.8218,-9.8877,-21.3623,t004,MBYRA
2528139634,1133789,2,pierna,terminal,-0.1772,0.9818,-0.1359,6.8970,-8.9722,-24.5972,t004,MBYRA
2528139635,1133806,2,pierna,terminal,-0.1681,0.9799,-0.1151,8.7280,-9.2773,-30.0903,t004,MBYRA
2528139686,1133822,2,pierna,swing,-0.1487,0.9918,-0.1014,8.6670,-8.6060,-33.5693,t004,MBYRA
2528139686,1133838,2,pierna,swing,-0.1160,0.9926,-0.0988,9.2163,-8.1787,-35.3394,t004,MBYRA
2528139686,1133854,2,pierna,swing,-0.1104,0.9851,-0.1061,10.1929,-8.6060,-36.5601,t004,MBYRA
2528139744,1133870,2,pierna,swing,-0.1202,0.9941,-0.1029,10.3760,-9.8267,-35.8887,t004,MBYRA
2528139745,1133886,2,pierna,swing,-0.1271,1.0004,-0.0790,9.4604,-11.5967,-37.1704,t004,MBYRA
2528139745,1133902,2,pierna,swing,-0.1344,1.0112,-0.0656,10.8643,-10.6201,-42.4194,t004,MBYRA
2528139745,1133918,2,pierna,swing,-0.1519,1.0564,-0.0635,12.1460,-10.2539,-47.3022,t004,MBYRA
2528139796,1133934,2,pierna,swing,-0.1749,1.0790,-0.0754,16.8457,-9.7656,-59.7534,t004,MBYRA
2528139798,1133950,2,pierna,swing,-0.1796,1.0878,-0.0758,24.1699,-9.0942,-71.9604,t004,MBYRA
2528139799,1133966,2,pierna,swing,-0.1556,1.0853,-0.0844,27.8320,-8.1177,-76.9653,t004,MBYRA
2528139853,1133983,2,pierna,swing,-0.1144,1.1129,-0.0957,31.3110,-8.1787,-92.9565,t004,MBYRA
2528139854,1133999,2,pierna,swing,-0.1021,1.1235,-0.1152,36.9263,-10.0098,-103.7598,t004,MBYRA
2528139854,1134015,2,pierna,swing,-0.0676,1.1484,-0.0713,37.4146,-12.8784,-107.9712,t004,MBYRA
2528139854,1134031,2,pierna,swing,-0.0941,1.1952,0.0310,36.1938,-16.9678,-116.8213,t004,MBYRA
2528139903,1134047,2,pierna,swing,-0.1615,1.3074,0.0809,39.4287,-15.0146,-122.3144,t004,MBYRA
2528139905,1134062,2,pierna,swing,-0.2413,1.3420,0.0375,43.0908,-9.9487,-141.9067,t004,MBYRA
2528139906,1134078,2,pierna,swing,-0.2908,1.3938,0.0070,46.6309,-10.2539,-155.0293,t004,MBYRA
2528139956,1134094,2,pierna,swing,-0.5127,1.5048,-0.1543,48.2178,-13.3057,-161.3769,t004,MBYRA
2528139957,1134110,2,pierna,swing,-0.6844,1.5824,-0.1323,38.3301,-17.4561,-193.4204,t004,MBYRA
2528139957,1134126,2,pierna,swing,-0.7303,1.7551,0.0300,43.4570,-13.4888,-224.2431,t004,MBYRA
2528140005,1134142,2,pierna,swing,-0.4423,1.4326,-0.0962,45.2270,-6.2866,-227.9053,t004,MBYRA
2528140006,1134159,2,pierna,swing,-0.2394,1.3933,-0.0969,22.0337,22.2778,-260.6201,t004,MBYRA
2528140007,1134174,2,pierna,swing,0.5018,1.6364,-0.0198,2.5024,36.9873,-288.5742,t004,MBYRA
2528140027,1134190,2,pierna,swing,0.3794,1.4976,-0.1414,-14.6484,35.7666,-276.3062,t004,MBYRA
2528140058,1134206,2,pierna,swing,0.0837,1.3235,-0.1288,-5.5542,17.5171,-203.1250,t004,MBYRA
2528140059,1134222,2,pierna,swing,0.0759,0.8156,0.0256,-0.4272,8.0566,-186.5234,t004,MBYRA
2528140067,1134238,2,pierna,swing,0.0994,0.4467,-0.0341,34.3628,-17.5781,-125.4883,t004,MBYRA
2528140107,1134254,2,pierna,swing,-0.1481,0.2009,-0.3551,37.4756,-39.0015,-87.1582,t004,MBYRA
2528140110,1134270,2,pierna,swing,-0.2734,0.5226,-0.2637,0.6104,-40.7104,-30.3345,t004,MBYRA
2528140110,1134286,2,pierna,swing,-0.5070,0.4727,-0.1910,15.3198,-18.5547,45.2270,t004,MBYRA
2528140161,1134303,2,pierna,swing,-0.6202,0.1700,-0.0715,30.0903,-17.4561,70.5566,t004,MBYRA
2528140161,1134319,2,pierna,swing,-0.3198,0.2858,-0.0792,24.4751,-4.0894,96.9238,t004,MBYRA
2528140162,1134335,2,pierna,swing,-0.2438,0.3790,-0.0978,12.1460,21.6064,150.9399,t004,MBYRA
2528140211,1134351,2,pierna,swing,-0.2386,0.3776,-0.1121,11.9629,32.2876,178.2226,t004,MBYRA
2528140211,1134367,2,pierna,swing,-0.2095,0.4591,-0.1155,1.1597,57.3120,231.0181,t004,MBYRA
2528140211,1134383,2,pierna,swing,-0.2521,0.6235,-0.1316,-7.3853,69.8853,250.9765,t004,MBYRA
2528140263,1134399,2,pierna,swing,-0.3459,0.7360,-0.1826,-18.0054,88.5620,283.0811,t004,MBYRA
2528140263,1134415,2,pierna,swing,-0.2931,0.8361,-0.2277,-24.8413,93.5059,305.1147,t004,MBYRA
2528140264,1134430,2,pierna,swing,-0.2056,1.0424,-0.3179,-23.6816,90.4541,313.1104,t004,MBYRA
2528140312,1134446,2,pierna,swing,-0.1936,1.1122,-0.3536,-12.6343,72.7539,326.4160,t004,MBYRA
2528140312,1134462,2,pierna,loading,-0.2732,1.2766,-0.4280,-7.6904,42.4194,333.8012,t004,MBYRA
2528140312,1134478,2,pierna,loading,-0.2401,1.4467,-0.4559,-8.8501,23.1934,331.4209,t004,MBYRA
2528140316,1134494,2,pierna,loading,-0.1968,1.5573,-0.4282,-12.8784,-21.3623,326.4770,t004,MBYRA
2528140365,1134510,2,pierna,loading,-0.1301,1.8143,-0.3481,-16.1743,-44.2505,324.5239,t004,MBYRA
2528140370,1134526,2,pierna,loading,0.1356,1.9901,-0.2783,-26.7944,-78.9185,321.5332,t004,MBYRA
2528140371,1134542,2,pierna,loading,0.2848,2.0018,-0.2365,-31.1890,-108.9477,319.4580,t004,MBYRA
2528140421,1134558,2,pierna,loading,0.4709,2.0178,-0.1772,-34.8511,-125.2441,310.2417,t004,MBYRA
2528140421,1134574,2,pierna,loading,0.5046,2.0277,-0.1631,-44.1284,-148.6206,268.9209,t004,MBYRA
2528140423,1134590,2,pierna,loading,0.7310,1.8408,0.1498,-41.9922,-156.8604,239.4409,t004,MBYRA
2528140476,1134606,2,pierna,loading,0.9761,1.7467,0.2625,-32.5317,-165.7104,192.8100,t004,MBYRA
2528140477,1134622,2,pierna,loading,0.9796,1.6954,0.2180,-21.3013,-112.7930,154.2358,t004,MBYRA
2528140477,1134637,2,pierna,loading,1.1244,1.5455,0.3365,-14.3433,-71.8384,123.4741,t004,MBYRA
2528140477,1134653,2,pierna,loading,1.4353,1.4122,0.5068,-11.7187,-9.3384,39.6729,t004,MBYRA
2528140526,1134669,2,pierna,loading,1.0699,1.5103,0.4709,-21.0571,47.3022,-37.7808,t004,MBYRA
2528140526,1134685,2,pierna,midstance,0.0850,1.3324,0.5808,-13.6108,115.9668,-59.3872,t004,MBYRA
2528140527,1134701,2,pierna,midstance,-0.3622,0.7131,0.4824,-28.9307,166.3818,-143.6768,t004,MBYRA
2528140585,1134717,2,pierna,midstance,-2.6888,0.9156,0.3789,-19.7754,120.6665,-148.0103,t004,MBYRA
2528140585,1134733,2,pierna,midstance,0.5505,1.6346,0.6086,-19.9585,79.4067,-184.8144,t004,MBYRA
2528140585,1134749,2,pierna,midstance,1.3734,1.8121,0.4316,-15.0146,52.2461,-179.8096,t004,MBYRA
2528140601,1134765,2,pierna,midstance,-0.3071,1.0825,-0.1948,-1.7700,25.5127,-152.5269,t004,MBYRA
2528140635,1134781,2,pierna,midstance,-0.7272,0.7205,-0.5187,-1.7090,31.4331,-127.6855,t004,MBYRA
2528140636,1134797,2,pierna,midstance,-0.4019,0.8062,-0.6041,-16.2354,57.6782,-114.5019,t004,MBYRA
2528140638,1134813,2,pierna,midstance,0.3258,1.2343,-0.1577,-6.2256,71.5942,-80.5664,t004,MBYRA
2528140692,1134829,2,pierna,midstance,0.3635,1.2916,-0.0298,24.9634,14.9536,-59.8755,t004,MBYRA
2528140692,1134845,2,pierna,midstance,0.0049,1.0676,0.0120,38.3301,-20.0195,-57.3120,t004,MBYRA
2528140693,1134861,2,pierna,midstance,-0.3104,0.8428,-0.1063,35.8887,-44.6777,-49.5605,t004,MBYRA
2528140742,1134877,2,pierna,midstance,-0.3268,0.8789,-0.1006,12.0239,-20.6299,-33.6304,t004,MBYRA
2528140743,1134893,2,pierna,terminal,-0.3049,0.9855,-0.0336,3.3569,-7.7515,-33.9355,t004,MBYRA
2528140743,1134909,2,pierna,terminal,-0.2974,0.9813,-0.0272,-6.6528,13.0615,-43.6401,t004,MBYRA
2528140747,1134925,2,pierna,terminal,-0.2997,0.8779,-0.1118,-13.0005,20.7520,-43.5791,t004,MBYRA
2528140802,1134941,2,pierna,terminal,-0.1493,0.9550,-0.1993,-17.0288,19.4092,-33.0811,t004,MBYRA
2528140802,1134957,2,pierna,terminal,-0.1185,0.9927,-0.1929,0.2441,-2.6245,-26.3672,t004,MBYRA
2528140802,1134973,2,pierna,terminal,-0.1697,0.9634,-0.1312,7.8125,-10.6201,-24.2310,t004,MBYRA
2528140854,1134989,2,pierna,terminal,-0.2467,0.9227,-0.0607,9.0942,-13.5498,-19.3481,t004,MBYRA
2528140854,1135005,2,pierna,terminal,-0.2509,0.9252,-0.0416,1.1597,-5.8594,-17.0898,t004,MBYRA
2528140856,1135021,2,pierna,terminal,-0.2311,0.9418,-0.0511,-2.2583,-2.6245,-18.0054,t004,MBYRA
2528140913,1135037,2,pierna,terminal,-0.2227,0.9475,-0.0715,-5.9204,-0.0610,-18.9819,t004,MBYRA
2528140913,1135053,2,pierna,terminal,-0.1792,0.9611,-0.1387,-5.6152,-0.7935,-19.1040,t004,MBYRA
2528140914,1135070,2,pierna,terminal,-0.1875,0.9567,-0.1685,-1.6479,-6.0425,-17.7612,t004,MBYRA
2528140959,1135086,2,pierna,terminal,-0.1956,0.9581,-0.1510,1.2207,-10.9253,-14.9536,t004,MBYRA
2528140965,1135102,2,pierna,swing,-0.2529,0.9814,-0.1141,2.2583,-11.3525,-16.5405,t004,MBYRA
2528140966,1135118,2,pierna,swing,-0.2468,0.9877,-0.1267,3.3569,-6.5918,-26.9775,t004,MBYRA
2528140966,1135134,2,pierna,swing,-0.2222,0.9827,-0.1344,5.1270,-2.8687,-37.7808,t004,MBYRA
2528141009,1135150,2,pierna,swing,-0.1804,0.9724,-0.1333,6.1646,-2.6855,-40.6494,t004,MBYRA
2528141025,1135166,2,pierna,swing,-0.1798,0.9841,-0.1265,8.0566,-4.8828,-43.5791,t004,MBYRA
2528141026,1135182,2,pierna,swing,-0.1714,1.0066,-0.1094,9.8877,-5.9814,-47.4853,t004,MBYRA
2528141027,1135198,2,pierna,swing,-0.1360,1.0055,-0.1179,10.4980,-5.8594,-48.9502,t004,MBYRA
2528141080,1135214,2,pierna,swing,-0.1144,1.0029,-0.1276,12.0239,-6.8359,-49.5605,t004,MBYRA
2528141080,1135230,2,pierna,swing,-0.0807,1.0046,-0.1211,13.3057,-8.3008,-49.1943,t004,MBYRA
2528141082,1135246,2,pierna,swing,-0.1113,1.0306,-0.0980,16.2354,-12.1460,-49.4995,t004,MBYRA
2528141115,1135262,2,pierna,swing,-0.1340,1.0420,-0.0801,19.7144,-13.8550,-54.8706,t004,MBYRA
2528141138,1135278,2,pierna,swing,-0.1226,1.0670,-0.0219,21.7895,-13.6719,-60.1807,t004,MBYRA
2528141139,1135294,2,pierna,swing,-0.1433,1.0800,-0.0283,25.6958,-12.2681,-72.3877,t004,MBYRA
2528141139,1135310,2,pierna,swing,-0.1836,1.1293,-0.1011,27.5269,-10.4980,-77.7588,t004,MBYRA
2528141190,1135326,2,pierna,swing,-0.1287,1.1747,-0.1039,31.2500,-7.0801,-88.2568,t004,MBYRA
2528141191,1135342,2,pierna,swing,-0.1136,1.1862,-0.0834,36.1938,-8.7891,-100.3418,t004,MBYRA
2528141194,1135358,2,pierna,swing,-0.1152,1.2249,0.0112,37.9639,-9.9487,-105.8350,t004,MBYRA
2528141214,1135374,2,pierna,swing,-0.1791,1.3087,0.0629,40.5273,-9.2163,-118.1030,t004,MBYRA
2528141248,1135390,2,pierna,swing,-0.2274,1.3373,0.0432,41.5649,-3.6621,-131.4697,t004,MBYRA
2528141249,1135406,2,pierna,swing,-0.2948,1.3956,0.0334,41.7480,-1.4648,-137.9395,t004,MBYRA
2528141249,1135422,2,pierna,swing,-0.3226,1.4529,0.0073,46.2646,-0.3662,-155.2734,t004,MBYRA
2528141302,1135438,2,pierna,swing,-0.4978,1.5686,-0.1799,47.7295,-4.3335,-172.6684,t004,MBYRA
2528141302,1135454,2,pierna,swing,-0.8298,1.5353,-0.1815,42.1143,-15.0146,-215.9424,t004,MBYRA
2528141302,1135470,2,pierna,swing,-0.7972,1.5302,-0.1235,30.3955,-26.5503,-243.0420,t004,MBYRA
2528141354,1135486,2,pierna,swing,-0.3253,1.4796,-0.0929,29.2969,-38.8184,-249.1455,t004,MBYRA
2528141355,1135502,2,pierna,swing,0.3096,1.4728,-0.0769,21.7285,-58.7769,-276.1230,t004,MBYRA
2528141355,1135518,2,pierna,swing,0.4702,1.4541,-0.0356,-2.6855,-52.1851,-288.4521,t004,MBYRA
2528141404,1135534,2,pierna,swing,0.2456,1.4120,-0.1418,-6.5308,-52.0019,-256.6528,t004,MBYRA
2528141406,1135550,2,pierna,swing,0.0148,1.2946,-0.1479,-3.4180,-50.7202,-194.8242,t004,MBYRA
2528141406,1135567,2,pierna,swing,-0.1523,0.7300,-0.0934,16.6626,-44.0063,-159.4849,t004,MBYRA
2528141406,1135583,2,pierna,swing,0.1299,0.1600,-0.2531,26.0620,-51.8188,-126.9531,t004,MBYRA
2528141458,1135599,2,pierna,swing,0.1560,0.1162,-0.2917,-3.7842,-79.2236,-46.8750,t004,MBYRA
2528141458,1135615,2,pierna,swing,-0.1677,0.5026,-0.3348,-28.1982,-69.4580,-10.8643,t004,MBYRA
2528141459,1135631,2,pierna,swing,-0.7289,0.4995,-0.1901,-34.9731,-31.8603,77.1484,t004,MBYRA
2528141506,1135647,2,pierna,swing,-0.7119,0.3777,-0.0830,-14.4043,-8.6060,113.3423,t004,MBYRA
2528141508,1135663,2,pierna,swing,-0.3724,0.3827,0.0717,-19.9585,8.0566,127.1362,t004,MBYRA
2528141509,1135679,2,pierna,swing,-0.3210,0.3198,0.0663,-41.7480,38.1470,166.6870,t004,MBYRA
2528141561,1135695,2,pierna,swing,-0.3021,0.4227,-0.0538,-57.8003,68.0542,205.4443,t004,MBYRA
2528141561,1135711,2,pierna,swing,-0.2461,0.6255,-0.0927,-60.0586,87.8296,234.1919,t004,MBYRA
2528141562,1135727,2,pierna,swing,-0.2720,0.6477,-0.0863,-60.9131,109.9243,284.8511,t004,MBYRA
2528141611,1135743,2,pierna,swing,-0.2399,0.7761,-0.1204,-61.3403,107.1167,298.6450,t004,MBYRA
2528141612,1135759,2,pierna,loading,-0.1564,0.9562,-0.2397,-56.0303,73.8525,317.0776,t004,MBYRA
2528141612,1135775,2,pierna,loading,-0.2180,1.0828,-0.3053,-45.0439,21.1182,329.2236,t004,MBYRA
2528141613,1135791,2,pierna,loading,-0.2761,1.3032,-0.2649,-41.0156,-2.2583,328.7353,t004,MBYRA
2528141661,1135807,2,pierna,loading,-0.2446,1.3651,-0.1830,-32.9590,-41.7480,329.2236,t004,MBYRA
2528141671,1135823,2,pierna,loading,-0.1975,1.5010,-0.0193,-35.4614,-74.5850,329.2846,t004,MBYRA
2528141671,1135839,2,pierna,loading,-0.1545,1.7039,0.1146,-37.7808,-81.0547,327.7588,t004,MBYRA
2528141723,1135855,2,pierna,loading,-0.0673,1.7727,0.1589,-42.4805,-77.6978,318.1152,t004,MBYRA
2528141724,1135871,2,pierna,loading,0.1904,1.9115,0.1493,-46.6309,-76.1719,307.8613,t004,MBYRA
2528141725,1135887,2,pierna,loading,0.4573,2.1028,0.0927,-58.4717,-76.7212,276.3672,t004,MBYRA
2528141726,1135903,2,pierna,loading,0.6471,2.1368,0.1033,-58.2275,-60.4858,244.6289,t004,MBYRA
2528141779,1135919,2,pierna,loading,0.8184,1.9716,0.1519,-54.3213,-46.8750,223.5107,t004,MBYRA
2528141780,1135935,2,pierna,loading,0.8286,1.7870,0.2338,-39.3066,-19.8364,172.3022,t004,MBYRA
2528141780,1135951,2,pierna,loading,1.1469,1.5908,0.2611,-42.4805,-13.3057,147.5220,t004,MBYRA
2528141831,1135967,2,pierna,loading,1.3905,1.6206,0.2148,-48.2788,-5.3101,102.7832,t004,MBYRA
2528141832,1135982,2,pierna,loading,1.3452,1.5792,0.2123,-19.9585,20.5078,46.2036,t004,MBYRA
2528141832,1135998,2,pierna,loading,1.2319,1.4553,0.2703,-6.9580,38.0859,10.3149,t004,MBYRA
2528141885,1136014,2,pierna,loading,0.9799,1.4821,0.2500,2.6245,78.0029,-53.4058,t004,MBYRA
2528141886,1136030,2,pierna,loading,-0.3820,1.1620,0.2327,3.6621,109.8022,-76.5991,t004,MBYRA
2528141886,1136046,2,pierna,loading,-2.1254,0.6310,0.0906,17.0288,91.6138,-136.8408,t004,MBYRA
2528141887,1136061,2,pierna,loading,-1.7426,0.8260,0.0803,-7.6904,15.3198,-125.7324,t004,MBYRA
2528141937,1136077,2,pierna,midstance,0.4192,1.6176,0.2468,-19.4092,13.3667,-131.7749,t004,MBYRA
2528141937,1136093,2,pierna,midstance,0.2839,1.6626,0.0533,-0.9766,34.3018,-121.3989,t004,MBYRA
2528141938,1136109,2,pierna,midstance,-0.4016,1.0916,-0.1947,-1.7700,60.9741,-116.5771,t004,MBYRA
2528141997,1136125,2,pierna,midstance,-0.4375,0.7163,-0.2161,-1.8311,63.5376,-117.9199,t004,MBYRA
2528141997,1136141,2,pierna,midstance,-0.1613,0.7979,-0.3245,-15.2588,64.9414,-84.5947,t004,MBYRA
2528141998,1136157,2,pierna,midstance,0.2374,1.2552,-0.1732,-14.7705,58.3496,-66.5283,t004,MBYRA
2528141998,1136173,2,pierna,midstance,-0.0177,1.0864,0.0355,19.3481,10.6201,-57.3730,t004,MBYRA
2528142052,1136189,2,pierna,terminal,-0.1659,0.9519,-0.0076,23.1934,-20.0806,-55.4810,t004,MBYRA
2528142054,1136205,2,pierna,terminal,-0.2542,0.9330,-0.0991,16.2964,-20.6299,-49.1333,t004,MBYRA
2528142055,1136221,2,pierna,terminal,-0.2867,0.9393,-0.0869,3.6621,-9.3384,-38.3301,t004,MBYRA
2528142109,1136237,2,pierna,terminal,-0.2766,0.9629,-0.0649,-0.5493,-0.7935,-37.2925,t004,MBYRA
2528142110,1136253,2,pierna,terminal,-0.2516,0.9279,-0.1221,-4.5166,6.9580,-36.4990,t004,MBYRA
2528142110,1136269,2,pierna,terminal,-0.2306,0.9327,-0.1536,-5.1270,-0.1831,-30.4565,t004,MBYRA
2528142111,1136285,2,pierna,terminal,-0.1995,0.9491,-0.1627,-2.0752,-6.7139,-27.4048,t004,MBYRA
2528142162,1136302,2,pierna,terminal,-0.2280,0.9509,-0.1238,4.9438,-17.8833,-18.4937,t004,MBYRA
2528142162,1136317,2,pierna,swing,-0.2467,0.9437,-0.1107,4.3335,-18.4326,-12.3901,t004,MBYRA
2528142163,1136334,2,pierna,swing,-0.2563,0.9402,-0.0812,1.8921,-16.2964,-12.0850,t004,MBYRA
2528142222,1136350,2,pierna,swing,-0.2573,0.9390,-0.0732,-2.4414,-12.2070,-14.5264,t004,MBYRA
2528142223,1136366,2,pierna,swing,-0.2545,0.9408,-0.1200,-4.7607,-8.8501,-15.7471,t004,MBYRA
2528142223,1136382,2,pierna,swing,-0.2196,0.9368,-0.1448,-3.9062,-8.9722,-15.9912,t004,MBYRA
2528142223,1136398,2,pierna,swing,-0.2166,0.9282,-0.1404,-1.6479,-10.8032,-13.1836,t004,MBYRA
2528142276,1136414,2,pierna,swing,-0.2335,0.9445,-0.1383,-1.7700,-11.5356,-11.0474,t004,MBYRA
2528142277,1136430,2,pierna,swing,-0.2584,0.9712,-0.1411,-0.0610,-12.4512,-13.6108,t004,MBYRA
2528142279,1136447,2,pierna,swing,-0.2596,0.9729,-0.1372,4.6997,-11.4746,-22.1558,t004,MBYRA
2528142334,1136463,2,pierna,swing,-0.2465,0.9745,-0.1406,6.9580,-10.6812,-25.6958,t004,MBYRA
2528142335,1136479,2,pierna,swing,-0.2313,0.9602,-0.1368,10.5591,-9.4604,-32.1655,t004,MBYRA
2528142335,1136495,2,pierna,swing,-0.2207,0.9622,-0.1317,12.6343,-7.8735,-35.8276,t004,MBYRA
2528142335,1136511,2,pierna,swing,-0.2041,0.9661,-0.1129,13.1226,-6.8970,-37.5366,t004,MBYRA
2528142386,1136527,2,pierna,swing,-0.1981,0.9706,-0.1090,12.0850,-5.4932,-39.6729,t004,MBYRA
2528142388,1136543,2,pierna,swing,-0.1566,0.9934,-0.1198,12.3291,-6.2256,-41.1377,t004,MBYRA
2528142389,1136559,2,pierna,swing,-0.1510,0.9742,-0.1370,12.8784,-7.6294,-42.2363,t004,MBYRA
2528142444,1136575,2,pierna,swing,-0.1628,0.9661,-0.1355,13.0615,-10.4980,-45.1050,t004,MBYRA
2528142445,1136591,2,pierna,swing,-0.1724,1.0067,-0.0916,13.7329,-11.1694,-48.5229,t004,MBYRA
2528142445,1136607,2,pierna,swing,-0.1969,1.0365,-0.0983,19.3481,-10.5591,-60.7300,t004,MBYRA
2528142497,1136623,2,pierna,swing,-0.1829,1.0519,-0.1191,23.4375,-8.9111,-73.7915,t004,MBYRA
2528142497,1136639,2,pierna,swing,-0.1506,1.0839,-0.1285,25.8179,-9.8877,-78.2471,t004,MBYRA
2528142498,1136655,2,pierna,swing,-0.1354,1.0942,-0.0996,30.2124,-13.4277,-83.4961,t004,MBYRA
2528142498,1136672,2,pierna,swing,-0.1332,1.1357,-0.0391,32.5928,-14.3433,-89.1724,t004,MBYRA
2528142552,1136688,2,pierna,swing,-0.1051,1.1948,0.0673,35.5835,-13.9770,-93.2617,t004,MBYRA
2528142552,1136704,2,pierna,swing,-0.1052,1.1943,0.0590,43.1519,-17.5781,-106.6894,t004,MBYRA
2528142553,1136720,2,pierna,swing,-0.1034,1.2277,0.0790,43.8843,-18.4326,-112.4268,t004,MBYRA
2528142603,1136736,2,pierna,swing,-0.1488,1.3124,0.0114,47.8516,-12.9395,-121.2158,t004,MBYRA
2528142606,1136752,2,pierna,swing,-0.1600,1.3574,-0.0629,50.5371,-11.4136,-135.0708,t004,MBYRA
2528142606,1136768,2,pierna,swing,-0.2225,1.4269,-0.0111,50.2319,-17.8223,-144.5923,t004,MBYRA
2528142606,1136784,2,pierna,swing,-0.4117,1.5695,-0.0024,58.6548,-30.5786,-156.1279,t004,MBYRA
2528142657,1136800,2,pierna,swing,-0.5846,1.6072,0.0022,64.7583,-39.9170,-191.4673,t004,MBYRA
2528142658,1136817,2,pierna,swing,-0.8347,1.6156,0.1736,62.8662,-45.3491,-217.9565,t004,MBYRA
2528142658,1136833,2,pierna,swing,-0.7831,1.6681,0.1184,51.9409,-43.5181,-262.1460,t004,MBYRA
2528142707,1136849,2,pierna,swing,-0.5143,1.7925,-0.0125,50.1709,-32.3486,-264.2822,t004,MBYRA
2528142708,1136865,2,pierna,swing,-0.4299,1.4664,-0.1195,64.3311,16.2354,-253.6621,t004,MBYRA
2528142708,1136881,2,pierna,swing,-0.0358,1.3325,-0.4797,0.0610,74.7070,-276.0620,t004,MBYRA
2528142760,1136897,2,pierna,swing,0.5458,1.4221,-0.1993,-32.2876,82.5806,-267.1509,t004,MBYRA
2528142760,1136913,2,pierna,swing,0.6934,0.9189,0.2253,7.8735,39.0015,-195.1294,t004,MBYRA
2528142761,1136928,2,pierna,swing,0.3904,0.6147,0.0441,34.4849,-3.0518,-137.5122,t004,MBYRA
2528142809,1136944,2,pierna,swing,-0.1351,0.1812,-0.1589,36.3770,-16.5405,-116.5161,t004,MBYRA
2528142811,1136960,2,pierna,swing,0.0010,0.1825,-0.3231,3.0518,-36.4380,-58.8989,t004,MBYRA
2528142811,1136976,2,pierna,swing,-0.4524,0.4491,-0.4623,-13.8550,-35.5225,-18.7378,t004,MBYRA
2528142841,1136992,2,pierna,swing,-0.7573,0.3031,-0.1541,10.6812,-34.1187,44.7998,t004,MBYRA
2528142864,1137008,2,pierna,swing,-0.5372,0.0845,-0.0388,21.7895,-10.3149,63.7207,t004,MBYRA
2528142864,1137024,2,pierna,swing,-0.2246,0.1190,-0.0748,4.9438,3.9062,73.9136,t004,MBYRA
2528142864,1137040,2,pierna,swing,-0.1536,0.2047,-0.1146,-20.8130,35.2173,118.4692,t004,MBYRA
2528142912,1137056,2,pierna,swing,-0.0475,0.3524,-0.1720,-23.4985,47.3022,148.1934,t004,MBYRA
2528142912,1137072,2,pierna,loading,-0.1265,0.4366,-0.2074,-19.2871,64.2090,214.3555,t004,MBYRA
2528142913,1137087,2,pierna,loading,-0.2274,0.5035,-0.2308,-30.3955,84.6558,262.5122,t004,MBYRA
2528142970,1137103,2,pierna,loading,-0.3101,0.6643,-0.2902,-38.2690,93.2617,282.3486,t004,MBYRA
2528142971,1137119,2,pierna,loading,-0.2646,0.8036,-0.3804,-47.7905,100.2197,307.4341,t004,MBYRA
2528142971,1137135,2,pierna,loading,-0.1959,0.8910,-0.4139,-47.0581,84.3506,318.1152,t004,MBYRA
2528143020,1137151,2,pierna,loading,-0.1112,1.0991,-0.4615,-42.9077,69.3359,323.9135,t004,MBYRA
2528143020,1137167,2,pierna,loading,-0.1063,1.2017,-0.4850,-35.3394,28.1372,336.1206,t004,MBYRA
2528143022,1137183,2,pierna,loading,-0.1753,1.4010,-0.5321,-31.3110,6.1646,345.0927,t004,MBYRA
2528143023,1137199,2,pierna,loading,-0.2050,1.6633,-0.4342,-20.5688,-39.6729,354.3091,t004,MBYRA
2528143075,1137215,2,pierna,loading,-0.1067,1.8396,-0.3608,-31.9824,-78.7354,341.0644,t004,MBYRA
2528143075,1137231,2,pierna,loading,0.3751,2.1655,-0.2592,-48.3398,-91.0644,331.7871,t004,MBYRA
2528143076,1137247,2,pierna,loading,0.6122,2.2986,-0.1990,-68.5425,-109.6191,315.2466,t004,MBYRA
2528143125,1137263,2,pierna,loading,0.9113,2.3215,-0.0686,-74.2188,-120.8496,281.1279,t004,MBYRA
2528143127,1137279,2,pierna,loading,1.0978,2.1499,0.0999,-83.4351,-125.4883,250.9765,t004,MBYRA
2528143127,1137295,2,pierna,loading,1.2726,2.0476,0.2777,-73.4253,-140.6250,190.7959,t004,MBYRA
2528143179,1137311,2,pierna,loading,1.5170,1.8511,0.2770,-60.1196,-129.2725,165.5273,t004,MBYRA
2528143180,1137327,2,pierna,loading,1.1085,1.9745,0.2566,-35.0952,-40.9546,106.2622,t004,MBYRA
2528143180,1137343,2,pierna,loading,1.3533,1.7260,0.6324,41.6260,112.5488,3.7231,t004,MBYRA
2528143181,1137359,2,pierna,loading,1.2932,1.1320,1.7101,36.9263,148.8647,-71.4111,t004,MBYRA
2528143230,1137374,2,pierna,loading,-0.7292,0.9585,1.5913,-4.3945,140.8081,-182.6172,t004,MBYRA
2528143231,1137390,2,pierna,loading,-2.7031,0.9486,0.3481,-14.8315,109.5581,-180.7251,t004,MBYRA
2528143232,1137406,2,pierna,loading,1.9563,1.7083,0.4109,-36.6821,77.6978,-183.5327,t004,MBYRA
2528143284,1137422,2,pierna,loading,1.1495,1.7340,-0.0460,-21.4233,38.2690,-128.2349,t004,MBYRA
2528143285,1137438,2,pierna,loading,-0.5802,0.9760,-0.7974,-28.2593,60.2417,-95.2759,t004,MBYRA
2528143285,1137454,2,pierna,loading,-0.1133,1.0027,-0.5698,-26.4893,110.3516,-76.4160,t004,MBYRA
2528143334,1137470,2,pierna,loading,0.1829,1.0449,-0.3020,51.5747,37.7808,-55.1758,t004,MBYRA
2528143335,1137486,2,pierna,midstance,0.0165,0.9084,-0.0074,65.9790,-5.6763,-54.5654,t004,MBYRA
2528143336,1137502,2,pierna,midstance,-0.0959,0.9357,0.0547,57.0068,-61.2793,-35.3394,t004,MBYRA
2528143340,1137518,2,pierna,midstance,-0.3308,0.9069,-0.0171,45.7153,-59.9976,-25.2686,t004,MBYRA
2528143396,1137534,2,pierna,midstance,-0.3239,0.9397,-0.0372,16.2964,-27.2827,-20.6299,t004,MBYRA
2528143397,1137550,2,pierna,midstance,-0.3176,0.9553,-0.0184,-6.8359,2.2583,-30.9448,t004,MBYRA
2528143397,1137566,2,pierna,midstance,-0.3252,0.9299,-0.0657,-15.6860,13.3057,-34.6069,t004,MBYRA
2528143449,1137582,2,pierna,midstance,-0.3007,0.8881,-0.1367,-24.6582,24.7803,-34.4849,t004,MBYRA
2528143452,1137598,2,pierna,midstance,-0.1603,0.9913,-0.2441,-17.5171,19.7754,-29.4189,t004,MBYRA
2528143452,1137614,2,pierna,midstance,-0.0848,0.9552,-0.2125,17.3340,-14.0991,-28.6255,t004,MBYRA
2528143453,1137630,2,pierna,midstance,-0.1409,0.9175,-0.1548,20.9961,-39.9780,-13.1226,t004,MBYRA
2528143508,1137646,2,pierna,midstance,-0.3044,0.9230,-0.0654,13.3057,-36.8652,-5.2490,t004,MBYRA
2528143508,1137662,2,pierna,midstance,-0.3337,0.9537,-0.0592,0.2441,-14.4043,-10.0708,t004,MBYRA
2528143508,1137678,2,pierna,midstance,-0.3062,0.9547,-0.0695,-5.3711,5.4321,-23.6816,t004,MBYRA
2528143561,1137694,2,pierna,midstance,-0.2291,0.9541,-0.1190,-6.6528,9.6436,-27.4048,t004,MBYRA
2528143561,1137710,2,pierna,terminal,-0.1857,0.9604,-0.1553,-4.0894,4.8218,-27.6489,t004,MBYRA
2528143562,1137726,2,pierna,terminal,-0.1414,0.9490,-0.1849,-0.7935,-1.8311,-25.6958,t004,MBYRA
2528143565,1137742,2,pierna,terminal,-0.2303,0.9532,-0.1294,3.4180,-12.1460,-20.7520,t004,MBYRA
2528143623,1137758,2,pierna,terminal,-0.2633,0.9692,-0.0974,1.9531,-9.6436,-24.9023,t004,MBYRA
2528143623,1137774,2,pierna,terminal,-0.2623,0.9799,-0.0958,1.5869,-5.4932,-30.2124,t004,MBYRA
2528143623,1137790,2,pierna,terminal,-0.1860,0.9626,-0.1389,3.7842,1.5259,-38.5742,t004,MBYRA
2528143662,1137806,2,pierna,terminal,-0.1661,0.9609,-0.1505,7.0801,1.2207,-39.6729,t004,MBYRA
2528143678,1137822,2,pierna,terminal,-0.1442,0.9827,-0.1367,8.1177,-0.7935,-38.7573,t004,MBYRA
2528143678,1137838,2,pierna,swing,-0.1357,0.9965,-0.1257,9.7656,-3.9673,-36.5601,t004,MBYRA
2528143679,1137854,2,pierna,swing,-0.1056,1.0105,-0.1234,11.1694,-5.1270,-35.5225,t004,MBYRA
2528143740,1137870,2,pierna,swing,-0.0861,0.9965,-0.1331,14.0381,-9.2773,-34.6069,t004,MBYRA
2528143741,1137886,2,pierna,swing,-0.1067,0.9948,-0.1259,16.1743,-14.2822,-35.9497,t004,MBYRA
2528143741,1137902,2,pierna,swing,-0.1600,1.0248,-0.1028,17.6392,-15.1978,-38.6963,t004,MBYRA
2528143741,1137918,2,pierna,swing,-0.1865,1.0510,-0.1047,21.5454,-13.9770,-49.6216,t004,MBYRA
2528143793,1137934,2,pierna,swing,-0.2183,1.0901,-0.1085,26.6113,-10.0708,-63.7207,t004,MBYRA
2528143795,1137950,2,pierna,swing,-0.1919,1.1243,-0.0977,30.0293,-8.4839,-69.9463,t004,MBYRA
2528143796,1137966,2,pierna,swing,-0.1750,1.1437,-0.1021,37.7197,-9.5825,-81.7871,t004,MBYRA
2528143851,1137982,2,pierna,swing,-0.1504,1.1943,-0.0975,41.5039,-11.9629,-89.6606,t004,MBYRA
2528143852,1137998,2,pierna,swing,-0.1689,1.2338,-0.0197,45.5322,-15.6250,-102.7832,t004,MBYRA
2528143903,1138014,2,pierna,swing,-0.1851,1.2678,0.0076,46.9971,-12.5122,-112.0605,t004,MBYRA
2528143903,1138030,2,pierna,swing,-0.2590,1.3362,0.0306,46.2036,-8.7891,-118.4692,t004,MBYRA
2528143905,1138046,2,pierna,swing,-0.2850,1.3621,0.0477,46.0815,1.7700,-132.8125,t004,MBYRA
2528143906,1138062,2,pierna,swing,-0.2799,1.4482,0.0336,48.1567,5.2490,-143.0054,t004,MBYRA
2528143906,1138078,2,pierna,swing,-0.3906,1.5588,-0.1152,53.6499,-1.8311,-170.7764,t004,MBYRA
2528143959,1138094,2,pierna,swing,-0.5228,1.5927,-0.1775,54.9927,-20.7520,-199.5239,t004,MBYRA
2528143960,1138110,2,pierna,swing,-0.8259,1.5253,-0.2085,51.9409,-29.9072,-218.0786,t004,MBYRA
2528143960,1138126,2,pierna,swing,-0.5848,1.3848,-0.1534,37.6587,-49.6826,-247.8027,t004,MBYRA
2528144010,1138142,2,pierna,swing,-0.2865,1.3999,-0.0265,27.2217,-60.4858,-262.8174,t004,MBYRA
2528144014,1138158,2,pierna,swing,0.3824,1.4950,-0.0339,27.4048,-58.9600,-271.4844,t004,MBYRA
2528144014,1138174,2,pierna,swing,0.4900,1.5173,-0.1744,8.7280,-44.9829,-274.5972,t004,MBYRA
2528144031,1138190,2,pierna,swing,0.1561,1.4175,-0.1819,1.8311,-34.0576,-239.6240,t004,MBYRA
2528144067,1138206,2,pierna,swing,0.0825,0.8365,-0.0409,0.7324,-29.4800,-167.6025,t004,MBYRA
2528144067,1138222,2,pierna,swing,0.0894,0.5159,-0.0937,8.9722,-50.1099,-122.4365,t004,MBYRA
2528144068,1138238,2,pierna,swing,-0.1108,0.1979,-0.2162,16.4795,-70.1294,-92.5903,t004,MBYRA
2528144118,1138254,2,pierna,swing,-0.3132,0.4297,-0.2787,-12.5732,-76.5381,-35.2783,t004,MBYRA
2528144119,1138270,2,pierna,swing,-0.5808,0.4696,-0.1812,-23.8037,-49.4385,36.9263,t004,MBYRA
2528144120,1138286,2,pierna,swing,-0.6304,0.1373,0.0145,-17.2119,-38.3301,56.5186,t004,MBYRA
2528144172,1138302,2,pierna,swing,-0.4161,0.1354,0.0511,-31.8603,-7.7515,78.2471,t004,MBYRA
2528144173,1138318,2,pierna,swing,-0.2350,0.3230,-0.0339,-43.3960,8.6670,102.2339,t004,MBYRA
2528144173,1138333,2,pierna,swing,-0.3579,0.4542,-0.1031,-56.1523,43.9453,161.3769,t004,MBYRA
2528144174,1138349,2,pierna,swing,-0.3733,0.4962,-0.0614,-62.5000,84.3506,218.8721,t004,MBYRA
2528144224,1138365,2,pierna,swing,-0.2772,0.5391,0.0024,-64.8193,95.0928,238.3423,t004,MBYRA
2528144224,1138381,2,pierna,swing,-0.2516,0.6133,-0.0424,-67.1997,94.2993,269.3481,t004,MBYRA
2528144225,1138397,2,pierna,swing,-0.2924,0.8149,-0.1837,-65.0635,89.3555,284.0576,t004,MBYRA
2528144277,1138413,2,pierna,swing,-0.2394,1.0364,-0.2604,-60.5469,69.2139,309.6924,t004,MBYRA
2528144277,1138429,2,pierna,swing,-0.2146,1.1393,-0.2605,-49.1943,35.0342,318.9697,t004,MBYRA
2528144278,1138445,2,pierna,swing,-0.2577,1.3149,-0.2324,-35.6445,14.8315,322.3266,t004,MBYRA
2528144327,1138461,2,pierna,swing,-0.2581,1.4603,-0.1616,-17.0288,-28.0151,315.3076,t004,MBYRA
2528144329,1138477,2,pierna,swing,-0.2296,1.5703,-0.1526,-23.4375,-66.3452,304.0161,t004,MBYRA
2528144329,1138493,2,pierna,swing,-0.1083,1.9044,-0.1196,-28.5645,-79.3457,300.7202,t004,MBYRA
2528144331,1138509,2,pierna,swing,0.0956,2.0051,-0.0675,-39.2456,-77.2705,300.1099,t004,MBYRA
2528144383,1138525,2,pierna,swing,0.4731,1.9618,0.0150,-49.7436,-70.8618,301.8799,t004,MBYRA
2528144384,1138541,2,pierna,swing,0.4684,1.9333,-0.0044,-73.9746,-61.4014,292.9077,t004,MBYRA
2528144384,1138556,2,pierna,swing,0.5006,1.9138,0.0081,-88.7451,-46.4478,251.4038,t004,MBYRA
2528144434,1138572,2,pierna,swing,0.8290,1.8372,0.0879,-86.6089,-42.9077,223.5718,t004,MBYRA
2528144434,1138588,2,pierna,swing,1.0250,1.7736,0.1372,-73.1201,-43.0908,175.7202,t004,MBYRA
2528144435,1138604,2,pierna,swing,1.2936,1.7001,0.1569,-65.4907,-42.4805,152.7710,t004,MBYRA
2528144488,1138619,2,pierna,swing,1.2335,1.5045,0.2019,-35.8276,-15.6250,103.1494,t004,MBYRA
2528144489,1138635,2,pierna,swing,1.2568,1.4089,0.3047,-16.5405,18.7378,25.4517,t004,MBYRA
2528144489,1138651,2,pierna,swing,1.0524,1.4398,0.4083,-18.4326,33.6304,-16.1133,t004,MBYRA
2528144532,1138667,2,pierna,swing,0.2670,1.6737,0.4048,-11.4746,113.4643,-62.6831,t004,MBYRA
2528144539,1138682,2,pierna,loading,-0.8151,0.6193,0.4813,-3.4790,164.9780,-98.3887,t004,MBYRA
2528144539,1138698,2,pierna,loading,-2.5809,0.8722,0.3861,-12.7563,100.7080,-156.6162,t004,MBYRA
2528144540,1138714,2,pierna,loading,-1.1680,1.2903,0.5300,-7.6904,72.0825,-170.7153,t004,MBYRA
2528144599,1138730,2,pierna,loading,1.2196,1.7588,0.3696,-15.1978,63.7207,-179.1382,t004,MBYRA
2528144599,1138746,2,pierna,loading,0.3619,1.4475,0.0215,1.1597,14.7095,-140.1978,t004,MBYRA
2528144600,1138762,2,pierna,loading,-0.6793,0.7534,-0.5168,4.0283,17.3950,-123.0469,t004,MBYRA
2528144600,1138778,2,pierna,loading,-0.2549,0.8439,-0.4453,-16.9678,64.2700,-103.0273,t004,MBYRA
2528144652,1138794,2,pierna,loading,0.0452,1.0151,-0.3220,-6.6528,69.0918,-77.4536,t004,MBYRA
2528144653,1138809,2,pierna,loading,0.1744,1.1891,-0.1577,7.1411,54.8096,-67.2607,t004,MBYRA
2528144655,1138825,2,pierna,loading,0.2119,1.2469,0.0245,34.3018,5.1880,-49.1333,t004,MBYRA
2528144712,1138841,2,pierna,loading,-0.0999,0.9922,-0.0223,44.7388,-20.1416,-47.3022,t004,MBYRA
2528144713,1138857,2,pierna,loading,-0.3105,0.8923,-0.0759,29.7241,-27.0996,-39.6118,t004,MBYRA
2528144713,1138873,2,pierna,loading,-0.2970,0.9274,-0.0616,9.7046,-7.8735,-34.7290,t004,MBYRA
2528144713,1138889,2,pierna,loading,-0.2850,0.9686,-0.0618,2.3193,0.3662,-35.8276,t004,MBYRA
2528144766,1138905,2,pierna,midstance,-0.2457,0.9489,-0.1134,-3.4790,11.6577,-41.3208,t004,MBYRA
2528144766,1138921,2,pierna,midstance,-0.2318,0.9250,-0.1500,-2.1973,6.9580,-37.4146,t004,MBYRA
2528144767,1138937,2,pierna,midstance,-0.1664,0.9489,-0.1599,2.0142,0.6104,-33.0811,t004,MBYRA
2528144827,1138953,2,pierna,midstance,-0.1467,0.9519,-0.1364,8.7280,-12.2070,-23.9258,t004,MBYRA
2528144827,1138969,2,pierna,midstance,-0.2189,0.9407,-0.0834,8.7280,-15.3809,-19.0430,t004,MBYRA
2528144828,1138985,2,pierna,midstance,-0.2399,0.9353,-0.0638,3.2959,-11.8408,-14.7705,t004,MBYRA
2528144828,1139001,2,pierna,midstance,-0.2288,0.9353,-0.0667,-4.2114,-5.0049,-16.9678,t004,MBYRA
2528144882,1139017,2,pierna,midstance,-0.2181,0.9294,-0.1049,-7.0801,-2.7466,-17.5171,t004,MBYRA
2528144882,1139033,2,pierna,midstance,-0.1904,0.9438,-0.1385,-9.5825,-2.6245,-17.0898,t004,MBYRA
2528144885,1139049,2,pierna,midstance,-0.1807,0.9491,-0.1416,-7.5684,-7.1411,-14.2822,t004,MBYRA
2528144936,1139065,2,pierna,midstance,-0.1759,0.9578,-0.1116,-6.5308,-9.2163,-12.3291,t004,MBYRA
2528144941,1139081,2,pierna,midstance,-0.1846,0.9633,-0.0978,-5.0049,-10.7422,-10.2539,t004,MBYRA
2528144942,1139097,2,pierna,midstance,-0.2054,0.9705,-0.0973,-4.6387,-10.1318,-11.3525,t004,MBYRA
2528144942,1139113,2,pierna,midstance,-0.1975,0.9711,-0.1096,-4.0283,-7.5073,-14.4653,t004,MBYRA
2528144994,1139129,2,pierna,terminal,-0.1962,0.9714,-0.1190,-3.3569,-5.7983,-18.1885,t004,MBYRA
2528144995,1139145,2,pierna,terminal,-0.1875,0.9691,-0.1226,-2.8076,-5.2490,-19.4702,t004,MBYRA
2528144995,1139161,2,pierna,terminal,-0.1691,0.9821,-0.1239,-1.2207,-5.2490,-21.1182,t004,MBYRA
2528144999,1139177,2,pierna,terminal,-0.1686,0.9845,-0.1229,1.8311,-7.3242,-23.4985,t004,MBYRA
2528145055,1139193,2,pierna,terminal,-0.1965,0.9769,-0.1156,2.6245,-7.7515,-25.3906,t004,MBYRA
2528145056,1139209,2,pierna,terminal,-0.2069,0.9739,-0.1265,3.1738,-5.1880,-31.0059,t004,MBYRA
2528145056,1139225,2,pierna,terminal,-0.2139,0.9736,-0.1820,5.1270,-3.4180,-35.0342,t004,MBYRA
2528145109,1139241,2,pierna,terminal,-0.2056,1.0021,-0.1487,11.0474,-4.0283,-46.2036,t004,MBYRA
2528145109,1139257,2,pierna,swing,-0.1885,1.0294,-0.1207,16.3574,-5.2490,-58.0444,t004,MBYRA
2528145110,1139273,2,pierna,swing,-0.1454,1.0674,-0.1025,19.1650,-6.2256,-63.9648,t004,MBYRA
2528145111,1139289,2,pierna,swing,-0.1294,1.0720,-0.0967,26.5503,-8.5449,-76.5381,t004,MBYRA
2528145169,1139305,2,pierna,swing,-0.1041,1.0701,-0.0800,31.3110,-9.9487,-83.6792,t004,MBYRA
2528145170,1139321,2,pierna,swing,-0.1174,1.1007,-0.0787,33.8135,-10.0708,-85.6934,t004,MBYRA
2528145170,1139337,2,pierna,swing,-0.0968,1.1233,-0.0730,39.1235,-11.5967,-94.6655,t004,MBYRA
2528145222,1139353,2,pierna,swing,-0.0939,1.1592,-0.0532,41.2598,-14.8926,-99.5483,t004,MBYRA
2528145224,1139369,2,pierna,swing,-0.1305,1.2449,-0.0426,46.6919,-19.4092,-105.9570,t004,MBYRA
2528145225,1139385,2,pierna,swing,-0.1768,1.2729,-0.0250,46.6309,-16.1133,-112.1216,t004,MBYRA
2528145225,1139401,2,pierna,swing,-0.2144,1.3826,0.0228,46.0205,-12.9395,-118.1641,t004,MBYRA
2528145280,1139417,2,pierna,swing,-0.2583,1.4360,0.0170,47.1802,-5.7983,-133.8501,t004,MBYRA
2528145281,1139433,2,pierna,swing,-0.3030,1.5074,-0.0354,55.6030,-12.0850,-151.2451,t004,MBYRA
2528145281,1139449,2,pierna,swing,-0.4866,1.5289,-0.0465,57.1289,-20.6299,-163.5132,t004,MBYRA
2528145332,1139465,2,pierna,swing,-0.6473,1.5339,-0.0311,52.2461,-33.3862,-208.5571,t004,MBYRA
2528145334,1139481,2,pierna,swing,-0.7823,1.4265,-0.0797,46.6919,-34.8511,-228.3935,t004,MBYRA
2528145335,1139497,2,pierna,swing,-0.3378,1.3818,-0.0231,33.9355,-36.7432,-243.4692,t004,MBYRA
2528145335,1139513,2,pierna,swing,0.0426,1.4380,-0.0004,34.7290,-30.2734,-256.2256,t004,MBYRA
2528145387,1139529,2,pierna,swing,0.4706,1.5623,-0.0936,24.5972,-20.8130,-275.0854,t004,MBYRA
2528145388,1139545,2,pierna,swing,0.3799,1.4861,-0.2196,3.0518,-7.6904,-256.5918,t004,MBYRA
2528145388,1139561,2,pierna,swing,0.1194,1.2162,-0.1995,-3.7231,-2.4414,-219.3603,t004,MBYRA
2528145436,1139577,2,pierna,swing,0.0966,0.7526,-0.0397,-9.5215,-4.4556,-163.0249,t004,MBYRA
2528145438,1139593,2,pierna,swing,0.1475,0.4098,-0.0720,18.5547,-37.2925,-116.8213,t004,MBYRA
2528145439,1139608,2,pierna,swing,0.0244,0.1997,-0.2654,20.3247,-60.4858,-84.6558,t004,MBYRA
2528145495,1139624,2,pierna,swing,-0.1169,0.4213,-0.3447,-19.8364,-61.8286,-13.5498,t004,MBYRA
2528145495,1139640,2,pierna,swing,-0.6355,0.5190,-0.1803,-12.4512,-42.3584,64.0259,t004,MBYRA
2528145527,1139656,2,pierna,swing,-0.6360,0.1600,0.0608,-2.1973,-35.6445,82.2754,t004,MBYRA
2528145545,1139672,2,pierna,swing,-0.4467,0.1354,0.0975,-15.9302,-5.8594,105.2246,t004,MBYRA
2528145547,1139688,2,pierna,swing,-0.2654,0.3142,0.0203,-26.3672,10.6812,126.8310,t004,MBYRA
2528145548,1139704,2,pierna,swing,-0.3787,0.4561,-0.0225,-35.1563,45.1050,178.1616,t004,MBYRA
2528145548,1139720,2,pierna,swing,-0.3584,0.5120,-0.0156,-40.1001,89.0503,223.7549,t004,MBYRA
2528145600,1139736,2,pierna,swing,-0.2916,0.5950,-0.0255,-42.7856,102.7222,246.4599,t004,MBYRA
2528145601,1139752,2,pierna,swing,-0.3065,0.6692,-0.0538,-42.7856,102.0508,277.3437,t004,MBYRA
2528145602,1139768,2,pierna,swing,-0.2751,0.8811,-0.1897,-38.5132,94.6655,285.0342,t004,MBYRA
2528145650,1139784,2,pierna,swing,-0.2118,1.0624,-0.2985,-33.2031,70.8618,291.9312,t004,MBYRA
2528145650,1139800,2,pierna,swing,-0.2140,1.1566,-0.3159,-26.3672,40.2222,304.8096,t004,MBYRA
2528145653,1139815,2,pierna,swing,-0.1792,1.3641,-0.2629,-20.1416,22.0947,304.8706,t004,MBYRA
2528145653,1139831,2,pierna,swing,-0.1156,1.4316,-0.2184,-12.5122,-18.9209,298.5840,t004,MBYRA
2528145705,1139847,2,pierna,swing,-0.1365,1.6415,-0.1898,-15.3198,-51.3306,297.4854,t004,MBYRA
2528145706,1139863,2,pierna,swing,0.0518,1.8627,-0.1478,-20.3247,-58.9600,295.5322,t004,MBYRA
2528145706,1139879,2,pierna,swing,0.2389,1.8828,-0.0962,-32.1655,-56.1523,296.3257,t004,MBYRA
2528145755,1139895,2,pierna,swing,0.4592,1.8231,-0.0317,-39.4287,-54.4434,296.8750,t004,MBYRA
2528145756,1139911,2,pierna,loading,0.3489,1.8207,-0.0879,-57.3730,-57.9224,282.1045,t004,MBYRA
2528145758,1139927,2,pierna,loading,0.3406,1.8495,-0.0695,-64.5752,-55.8472,245.1782,t004,MBYRA
2528145812,1139943,2,pierna,loading,0.4508,1.7848,0.1165,-57.4341,-53.7720,222.4731,t004,MBYRA
2528145812,1139959,2,pierna,loading,0.4993,1.7081,0.1699,-43.0908,-41.6260,184.8755,t004,MBYRA
2528145812,1139975,2,pierna,loading,0.6979,1.6022,0.1467,-41.1377,-29.2969,167.9077,t004,MBYRA
2528145813,1139990,2,pierna,loading,0.9205,1.4128,0.1075,-38.5742,-4.2725,126.8310,t004,MBYRA
2528145862,1140006,2,pierna,loading,0.9187,1.3314,0.1154,-37.2314,10.3760,74.7070,t004,MBYRA
2528145864,1140022,2,pierna,loading,0.8445,1.3199,0.2100,-35.4614,19.5313,45.9595,t004,MBYRA
2528145864,1140038,2,pierna,loading,0.5165,1.5121,0.2067,-35.5835,64.9414,0.1221,t004,MBYRA
2528145917,1140053,2,pierna,loading,1.1384,1.3876,0.5031,-32.0435,109.4971,-32.5317,t004,MBYRA
2528145918,1140069,2,pierna,loading,-1.0947,1.1832,0.4644,-16.7236,119.0185,-133.5449,t004,MBYRA
2528145919,1140085,2,pierna,loading,-2.8093,1.1124,0.3877,27.8320,40.4053,-134.9487,t004,MBYRA
2528145969,1140101,2,pierna,loading,0.4915,1.4172,0.3263,7.5684,15.6860,-150.9399,t004,MBYRA
2528145969,1140117,2,pierna,midstance,0.9929,1.5347,0.0063,-12.2070,22.0337,-154.6631,t004,MBYRA
2528145970,1140132,2,pierna,midstance,-0.7242,0.7742,-0.3335,-6.8970,32.6538,-135.9863,t004,MBYRA
2528145970,1140148,2,pierna,midstance,-0.2449,0.7848,-0.3597,-20.8130,56.3354,-107.8491,t004,MBYRA
2528146028,1140164,2,pierna,midstance,-0.0065,1.0713,-0.2941,-14.0381,48.8281,-69.3359,t004,MBYRA
2528146028,1140180,2,pierna,midstance,-0.0250,1.1405,-0.1418,0.9766,36.8042,-64.3921,t004,MBYRA
2528146029,1140196,2,pierna,midstance,-0.1298,1.0192,-0.0695,17.6392,12.1460,-57.2510,t004,MBYRA
2528146082,1140212,2,pierna,midstance,-0.2341,0.9293,-0.0283,10.4980,0.9155,-43.5181,t004,MBYRA
2528146082,1140228,2,pierna,midstance,-0.3011,0.9276,-0.0490,3.2349,1.7090,-37.7808,t004,MBYRA
2528146083,1140244,2,pierna,midstance,-0.3093,0.9399,-0.0327,-8.4839,5.5542,-33.5083,t004,MBYRA
2528146083,1140260,2,pierna,midstance,-0.3562,0.8871,-0.0870,-11.4136,3.8452,-33.2642,t004,MBYRA
2528146138,1140276,2,pierna,midstance,-0.3225,0.9224,-0.1849,-14.4653,1.7090,-31.1890,t004,MBYRA
2528146138,1140292,2,pierna,midstance,-0.2773,0.9469,-0.1949,-6.9580,-2.5635,-29.3579,t004,MBYRA
2528146138,1140308,2,pierna,midstance,-0.2233,0.9774,-0.1309,-2.2583,-7.7515,-27.6489,t004,MBYRA
2528146191,1140324,2,pierna,terminal,-0.1750,1.0121,-0.0732,3.2349,-17.5781,-20.1416,t004,MBYRA
2528146192,1140340,2,pierna,terminal,-0.3080,0.9076,-0.0963,3.1738,-18.0054,-17.3340,t004,MBYRA
2528146192,1140356,2,pierna,terminal,-0.3088,0.9144,-0.1052,-4.9438,-9.6436,-15.3198,t004,MBYRA
2528146195,1140372,2,pierna,terminal,-0.3031,0.9180,-0.1082,-9.5825,-4.6997,-17.2119,t004,MBYRA
2528146251,1140388,2,pierna,terminal,-0.2869,0.9379,-0.1345,-10.1929,-4.0283,-17.9443,t004,MBYRA
2528146251,1140404,2,pierna,terminal,-0.2557,0.9441,-0.1423,-7.3853,-6.9580,-17.2729,t004,MBYRA
2528146251,1140420,2,pierna,terminal,-0.2645,0.9418,-0.1362,-3.9062,-12.6343,-15.2588,t004,MBYRA
2528146305,1140436,2,pierna,terminal,-0.2859,0.9344,-0.1315,-3.4790,-13.7939,-14.5264,t004,MBYRA
2528146307,1140452,2,pierna,terminal,-0.2750,0.9434,-0.1323,-4.3945,-13.4888,-15.4419,t004,MBYRA
2528146309,1140468,2,pierna,terminal,-0.2354,0.9451,-0.1368,-4.4556,-11.3525,-16.6016,t004,MBYRA
2528146309,1140485,2,pierna,terminal,-0.2727,0.9224,-0.1647,-5.0659,-9.3384,-17.4561,t004,MBYRA
2528146363,1140501,2,pierna,terminal,-0.2880,0.9207,-0.1626,-6.2866,-9.6436,-19.8975,t004,MBYRA
2528146364,1140517,2,pierna,terminal,-0.2684,0.9329,-0.1360,-7.0801,-8.7280,-21.4233,t004,MBYRA
2528146364,1140533,2,pierna,terminal,-0.2463,0.9651,-0.1119,-7.9956,-6.8359,-23.0713,t004,MBYRA
2528146415,1140549,2,pierna,terminal,-0.2434,0.9850,-0.1118,-6.1646,-7.2021,-22.9492,t004,MBYRA
2528146416,1140565,2,pierna,swing,-0.2754,0.9623,-0.1433,-4.9438,-8.0566,-23.9258,t004,MBYRA
2528146417,1140581,2,pierna,swing,-0.3059,0.9510,-0.1853,-3.1738,-8.1787,-29.9072,t004,MBYRA
2528146420,1140597,2,pierna,swing,-0.2845,0.9851,-0.2031,4.7607,-9.5825,-42.5415,t004,MBYRA
2528146475,1140613,2,pierna,swing,-0.2781,1.0094,-0.1383,8.7280,-10.3149,-50.3540,t004,MBYRA
2528146475,1140629,2,pierna,swing,-0.2583,1.0319,-0.1318,13.7329,-11.2305,-64.6973,t004,MBYRA
2528146475,1140645,2,pierna,swing,-0.2067,1.0907,-0.1334,17.3950,-12.1460,-72.1436,t004,MBYRA
2528146527,1140661,2,pierna,swing,-0.2084,1.0996,-0.1389,27.7710,-15.5029,-86.5478,t004,MBYRA
2528146529,1140677,2,pierna,swing,-0.1943,1.1019,-0.1171,35.7056,-18.7988,-97.9004,t004,MBYRA
2528146531,1140693,2,pierna,swing,-0.1615,1.1113,-0.0786,38.6963,-19.8975,-102.5391,t004,MBYRA
2528146531,1140709,2,pierna,swing,-0.1422,1.1227,-0.0444,44.7998,-22.0947,-111.5112,t004,MBYRA
2528146568,1140725,2,pierna,swing,-0.1383,1.1887,-0.0131,48.0347,-28.9307,-118.8965,t004,MBYRA
2528146585,1140741,2,pierna,swing,-0.2161,1.3059,-0.0018,47.9126,-30.1514,-122.3144,t004,MBYRA
2528146585,1140757,2,pierna,swing,-0.2657,1.3284,-0.0001,47.4243,-26.0620,-134.8267,t004,MBYRA
2528146635,1140773,2,pierna,swing,-0.3033,1.3995,0.0544,48.2788,-22.3999,-142.4561,t004,MBYRA
2528146638,1140789,2,pierna,swing,-0.4053,1.4961,-0.0374,55.5420,-18.4326,-158.6914,t004,MBYRA
2528146638,1140805,2,pierna,swing,-0.5272,1.5046,-0.0911,56.3354,-23.1323,-181.1523,t004,MBYRA
2528146690,1140821,2,pierna,swing,-0.8143,1.4939,-0.0787,53.4668,-29.3579,-202.3315,t004,MBYRA
2528146691,1140837,2,pierna,swing,-0.8871,1.5431,-0.0392,45.7153,-36.2549,-243.9575,t004,MBYRA
2528146692,1140853,2,pierna,swing,-0.6743,1.5479,-0.1161,43.5791,-34.5459,-261.2915,t004,MBYRA
2528146739,1140869,2,pierna,swing,-0.0811,1.3896,-0.1418,40.0391,-17.2729,-273.4985,t004,MBYRA
2528146741,1140885,2,pierna,swing,0.2810,1.4420,-0.0659,-1.9531,3.7842,-292.2974,t004,MBYRA
2528146741,1140901,2,pierna,swing,0.5254,1.5673,-0.1407,-21.6675,4.5166,-296.2646,t004,MBYRA
2528146742,1140917,2,pierna,swing,0.0823,1.1797,-0.1180,-20.6909,8.5449,-234.7412,t004,MBYRA
2528146792,1140933,2,pierna,swing,0.0944,0.9338,-0.0886,-31.2500,-13.3667,-175.4150,t004,MBYRA
2528146792,1140949,2,pierna,swing,-0.0735,0.5217,-0.1361,-16.6016,-34.0576,-151.8555,t004,MBYRA
2528146792,1140965,2,pierna,swing,-0.1924,0.2772,-0.2401,33.0200,-74.6460,-90.7593,t004,MBYRA
2528146839,1140981,2,pierna,swing,-0.0615,0.2098,-0.3583,23.7427,-82.4585,-69.7021,t004,MBYRA
2528146842,1140997,2,pierna,swing,-0.3324,0.4270,-0.2114,-11.3525,-43.8232,-4.2725,t004,MBYRA
2528146842,1141013,2,pierna,swing,-0.5007,0.3506,-0.1735,23.5596,-22.2168,84.1675,t004,MBYRA
2528146893,1141029,2,pierna,swing,-0.4677,0.1357,-0.0450,33.5693,-18.1885,101.6235,t004,MBYRA
2528146894,1141045,2,pierna,swing,-0.3088,0.3170,-0.0406,9.7046,4.0283,131.1035,t004,MBYRA
2528146894,1141061,2,pierna,swing,-0.2524,0.3643,-0.0374,-3.1128,33.0200,200.9277,t004,MBYRA
2528146942,1141077,2,pierna,swing,-0.4291,0.3362,-0.0417,-6.5918,45.1050,221.6186,t004,MBYRA
2528146945,1141093,2,pierna,swing,-0.4304,0.4379,-0.0804,-22.9492,71.5332,246.7651,t004,MBYRA
2528146946,1141109,2,pierna,swing,-0.2919,0.6898,-0.1509,-30.0293,83.2519,263.9160,t004,MBYRA
2528146997,1141125,2,pierna,swing,-0.3002,0.8210,-0.2345,-34.9731,100.7080,291.0767,t004,MBYRA
2528146998,1141141,2,pierna,swing,-0.2533,0.9049,-0.2646,-37.7808,104.2480,311.0962,t004,MBYRA
2528146998,1141157,2,pierna,swing,-0.2124,1.0571,-0.3228,-32.8979,97.7783,318.6646,t004,MBYRA
2528146999,1141173,2,pierna,swing,-0.2130,1.1307,-0.3694,-23.8037,62.4390,325.5005,t004,MBYRA
2528147048,1141189,2,pierna,swing,-0.2117,1.3436,-0.4065,-24.2310,38.7573,325.0122,t004,MBYRA
2528147049,1141204,2,pierna,swing,-0.2280,1.5900,-0.3437,-30.7617,-9.5215,323.7304,t004,MBYRA
2528147049,1141220,2,pierna,swing,-0.2057,1.7620,-0.2584,-36.9873,-47.2412,313.4155,t004,MBYRA
2528147100,1141236,2,pierna,swing,0.1515,2.0322,-0.0653,-39.7949,-58.8379,308.3496,t004,MBYRA
2528147101,1141252,2,pierna,swing,0.5311,2.2050,0.0409,-40.2832,-78.6743,299.4385,t004,MBYRA
2528147101,1141268,2,pierna,loading,0.6345,2.2078,0.0455,-41.1377,-91.1865,270.4468,t004,MBYRA
2528147150,1141284,2,pierna,loading,0.7861,2.0892,-0.0778,-49.4995,-89.4165,245.3003,t004,MBYRA
2528147150,1141300,2,pierna,loading,0.9142,1.9839,-0.0925,-44.6167,-68.7256,195.8008,t004,MBYRA
2528147151,1141316,2,pierna,loading,1.1636,1.6655,-0.0066,-35.7666,-55.0537,174.6216,t004,MBYRA
2528147154,1141332,2,pierna,loading,1.4382,1.5314,0.1248,-47.7905,-39.0625,125.2441,t004,MBYRA
2528147207,1141347,2,pierna,loading,1.4745,1.5408,0.1825,-45.8374,-35.0952,62.3779,t004,MBYRA
2528147208,1141363,2,pierna,loading,1.3274,1.4623,0.2126,-29.0527,-23.8647,26.0620,t004,MBYRA
2528147208,1141379,2,pierna,loading,1.1945,1.4440,0.1912,3.1128,11.5356,-41.3208,t004,MBYRA
2528147257,1141395,2,pierna,loading,0.1250,1.5677,0.2732,17.4561,49.6826,-64.5752,t004,MBYRA
2528147258,1141410,2,pierna,loading,-1.3296,0.4614,0.4261,40.8325,112.1216,-147.5220,t004,MBYRA
2528147259,1141426,2,pierna,loading,-2.7499,0.7787,0.4573,13.6108,53.7720,-147.5830,t004,MBYRA
2528147313,1141442,2,pierna,loading,-0.3757,1.2888,0.4333,-2.2583,63.2324,-130.8594,t004,MBYRA
2528147314,1141458,2,pierna,loading,1.1600,1.5995,0.2507,-38.9404,74.1577,-142.0898,t004,MBYRA
2528147314,1141474,2,pierna,loading,0.1473,1.3728,-0.3478,-33.8745,64.8193,-111.0229,t004,MBYRA
2528147363,1141489,2,pierna,loading,-0.2761,0.8932,-0.2904,-18.9819,79.8340,-83.8013,t004,MBYRA
2528147365,1141505,2,pierna,loading,0.0089,1.0526,-0.1339,-17.4561,68.9697,-61.8896,t004,MBYRA
2528147365,1141521,2,pierna,loading,0.0637,1.0115,-0.2183,-3.6621,42.3584,-46.5088,t004,MBYRA
2528147419,1141537,2,pierna,loading,-0.0115,0.9807,-0.1687,16.4795,-5.6152,-48.9502,t004,MBYRA
2528147419,1141553,2,pierna,loading,-0.1714,0.9481,-0.0870,24.0478,-22.5830,-43.8843,t004,MBYRA
2528147420,1141569,2,pierna,midstance,-0.2867,0.9133,-0.1041,19.4702,-27.3437,-26.0620,t004,MBYRA
2528147420,1141585,2,pierna,midstance,-0.2921,0.9391,-0.1002,2.2583,-10.6812,-19.7144,t004,MBYRA
2528147470,1141601,2,pierna,midstance,-0.2872,0.9613,-0.0948,-3.2349,-3.4180,-21.1182,t004,MBYRA
2528147471,1141617,2,pierna,midstance,-0.2808,0.9282,-0.1104,-6.2866,6.2866,-23.4985,t004,MBYRA
2528147473,1141633,2,pierna,midstance,-0.2653,0.9265,-0.1219,-6.5308,6.1646,-21.4233,t004,MBYRA
2528147474,1141649,2,pierna,midstance,-0.2321,0.9360,-0.1552,-5.7983,1.5869,-20.3247,t004,MBYRA
2528147528,1141665,2,pierna,midstance,-0.2167,0.9384,-0.1627,-1.0986,-11.8408,-18.3716,t004,MBYRA
2528147528,1141681,2,pierna,midstance,-0.2169,0.9294,-0.1420,1.9531,-16.8457,-15.8081,t004,MBYRA
2528147528,1141697,2,pierna,midstance,-0.2538,0.9348,-0.0861,2.8687,-16.9067,-9.8267,t004,MBYRA
2528147578,1141713,2,pierna,terminal,-0.2788,0.9371,-0.0653,-3.8452,-11.4136,-12.8174,t004,MBYRA
2528147579,1141729,2,pierna,terminal,-0.2599,0.9464,-0.0842,-7.6294,-8.4839,-15.7471,t004,MBYRA
2528147579,1141745,2,pierna,terminal,-0.2397,0.9545,-0.1388,-10.1929,-7.0190,-16.7236,t004,MBYRA
2528147583,1141762,2,pierna,terminal,-0.2616,0.9473,-0.1630,-6.9580,-8.4229,-16.6016,t004,MBYRA
2528147638,1141778,2,pierna,terminal,-0.2654,0.9480,-0.1713,-4.5776,-8.0566,-17.5781,t004,MBYRA
2528147638,1141794,2,pierna,terminal,-0.2621,0.9602,-0.1610,0.4883,-6.6528,-21.3623,t004,MBYRA
2528147638,1141810,2,pierna,terminal,-0.2505,0.9688,-0.1241,1.7700,-6.2256,-24.2310,t004,MBYRA
2528147690,1141826,2,pierna,swing,-0.2343,0.9734,-0.1254,0.0000,-3.3569,-29.7241,t004,MBYRA
2528147690,1141842,2,pierna,swing,-0.2190,0.9725,-0.1371,0.4272,-3.1128,-34.7900,t004,MBYRA
2528147690,1141858,2,pierna,swing,-0.1708,0.9645,-0.1514,1.1597,-4.3335,-36.0107,t004,MBYRA
2528147748,1141874,2,pierna,swing,-0.1624,0.9741,-0.1617,2.0752,-7.5684,-35.7666,t004,MBYRA
2528147748,1141890,2,pierna,swing,-0.1691,0.9796,-0.1635,3.7231,-10.5591,-36.8042,t004,MBYRA
2528147749,1141906,2,pierna,swing,-0.1969,0.9805,-0.1552,4.6387,-11.7798,-38.5132,t004,MBYRA
2528147749,1141922,2,pierna,swing,-0.2026,0.9829,-0.1451,6.1035,-12.8174,-44.3115,t004,MBYRA
2528147800,1141938,2,pierna,swing,-0.1804,1.0027,-0.1168,7.0190,-12.6343,-48.3398,t004,MBYRA
2528147800,1141954,2,pierna,swing,-0.1608,1.0343,-0.1305,9.7046,-12.4512,-56.8237,t004,MBYRA
2528147800,1141970,2,pierna,swing,-0.1559,1.0316,-0.1395,15.8081,-13.3667,-65.1245,t004,MBYRA
2528147855,1141986,2,pierna,swing,-0.1223,1.0336,-0.1536,18.9819,-13.7329,-68.7866,t004,MBYRA
2528147856,1142002,2,pierna,swing,-0.1553,1.0781,-0.1631,25.5737,-15.0146,-77.0264,t004,MBYRA
2528147856,1142018,2,pierna,swing,-0.1359,1.0972,-0.1492,31.1279,-17.5171,-86.3037,t004,MBYRA
2528147856,1142034,2,pierna,swing,-0.1072,1.1450,-0.0914,33.4473,-19.8975,-88.9893,t004,MBYRA
2528147905,1142050,2,pierna,swing,-0.1051,1.1565,-0.0442,37.0483,-23.6206,-94.6045,t004,MBYRA
2528147907,1142066,2,pierna,swing,-0.1021,1.2240,-0.0348,38.6353,-24.9634,-97.8393,t004,MBYRA
2528147908,1142082,2,pierna,swing,-0.1840,1.2870,-0.0067,39.6118,-25.2075,-107.4829,t004,MBYRA
2528147961,1142098,2,pierna,swing,-0.1971,1.3162,0.0426,41.8091,-21.8506,-121.0327,t004,MBYRA
2528147961,1142114,2,pierna,swing,-0.2628,1.4185,0.0400,44.3726,-21.1792,-129.2725,t004,MBYRA
2528147961,1142130,2,pierna,swing,-0.4180,1.5480,-0.0465,47.4243,-28.3813,-156.7993,t004,MBYRA
2528148009,1142146,2,pierna,swing,-0.5940,1.5773,-0.0625,46.7529,-42.1143,-198.3642,t004,MBYRA
