timestamp_pc_ms,timestamp_arduino_ms,sensor_id,placement,phase,ax,ay,az,gx,gy,gz,trial_id,subject_id
2528156953,1151099,2,pelvis,loading,-0.2251,0.9518,-0.0186,-0.1221,-0.0610,-0.2441,t005,MBYRA
2528156953,1151115,2,pelvis,loading,-0.2256,0.9513,-0.0193,-0.3052,0.0000,0.0610,t005,MBYRA
2528156953,1151131,2,pelvis,loading,-0.2280,0.9518,-0.0204,-0.4883,0.1221,0.0610,t005,MBYRA
2528156993,1151147,2,pelvis,loading,-0.2283,0.9531,-0.0220,-0.4883,0.1831,0.0610,t005,MBYRA
2528156994,1151163,2,pelvis,loading,-0.2281,0.9540,-0.0223,-0.5493,0.1221,0.1831,t005,MBYRA
2528157036,1151179,2,pelvis,loading,-0.2275,0.9545,-0.0208,-0.4883,0.0610,0.2441,t005,MBYRA
2528157036,1151195,2,pelvis,loading,-0.2273,0.9520,-0.0234,-0.4272,0.0000,0.1831,t005,MBYRA
2528157037,1151211,2,pelvis,loading,-0.2278,0.9518,-0.0225,-0.4883,-0.0610,0.2441,t005,MBYRA
2528157074,1151227,2,pelvis,loading,-0.2283,0.9530,-0.0223,-0.4272,-0.0610,0.3052,t005,MBYRA
2528157075,1151243,2,pelvis,loading,-0.2271,0.9535,-0.0219,-0.4272,-0.1831,0.3052,t005,MBYRA
2528157104,1151259,2,pelvis,loading,-0.2264,0.9524,-0.0220,-0.4272,-0.2441,0.3052,t005,MBYRA
2528157119,1151275,2,pelvis,loading,-0.2271,0.9517,-0.0214,-0.6104,-0.3052,0.4272,t005,MBYRA
2528157119,1151291,2,pelvis,loading,-0.2266,0.9513,-0.0216,-0.5493,-0.1221,0.6104,t005,MBYRA
2528157158,1151307,2,pelvis,loading,-0.2258,0.9515,-0.0228,-0.5493,0.0000,0.6714,t005,MBYRA
2528157160,1151323,2,pelvis,loading,-0.2280,0.9497,-0.0239,-0.4883,-0.0610,0.6714,t005,MBYRA
2528157160,1151339,2,pelvis,loading,-0.2297,0.9490,-0.0236,-0.4883,-0.0610,0.5493,t005,MBYRA
2528157202,1151355,2,pelvis,loading,-0.2261,0.9442,-0.0240,-0.5493,0.0610,0.4883,t005,MBYRA
2528157203,1151371,2,pelvis,loading,-0.2180,0.9364,-0.0189,-1.1597,0.3052,0.3052,t005,MBYRA
2528157241,1151387,2,pelvis,loading,-0.2133,0.9255,-0.0093,-1.8921,0.5493,0.5493,t005,MBYRA
2528157242,1151402,2,pelvis,loading,-0.2234,0.9569,-0.0198,-3.1738,2.1973,1.8311,t005,MBYRA
2528157243,1151418,2,pelvis,loading,-0.2281,0.9678,-0.0190,-2.3804,3.8452,2.6855,t005,MBYRA
2528157287,1151434,2,pelvis,loading,-0.2212,0.9666,-0.0042,-1.9531,3.7231,2.8687,t005,MBYRA
2528157287,1151450,2,pelvis,loading,-0.2161,0.9666,-0.0043,-1.2207,1.6479,3.1128,t005,MBYRA
2528157288,1151466,2,pelvis,loading,-0.2246,0.9598,-0.0487,0.1831,0.9155,2.9907,t005,MBYRA
2528157328,1151482,2,pelvis,loading,-0.2389,0.9442,-0.0569,3.7842,1.5259,2.1362,t005,MBYRA
2528157329,1151497,2,pelvis,loading,-0.2450,0.9388,-0.0378,5.5542,2.1362,1.0986,t005,MBYRA
2528157375,1151513,2,pelvis,loading,-0.2349,0.9376,0.0155,4.8828,1.7700,0.7324,t005,MBYRA
2528157376,1151529,2,pelvis,loading,-0.2094,0.9310,0.0338,0.4272,1.9531,0.6714,t005,MBYRA
2528157376,1151545,2,pelvis,loading,-0.2175,0.9063,-0.0148,-2.8076,2.9297,1.4038,t005,MBYRA
2528157418,1151561,2,pelvis,loading,-0.2446,0.9800,-0.0691,-7.3242,5.6763,4.9438,t005,MBYRA
2528157419,1151576,2,pelvis,loading,-0.2484,1.0089,-0.1274,-3.4790,11.7798,7.3853,t005,MBYRA
2528157420,1151592,2,pelvis,loading,-0.2474,1.0045,-0.0391,1.7700,14.2822,7.2632,t005,MBYRA
2528157469,1151608,2,pelvis,loading,-0.1986,1.0092,0.0237,12.3901,6.0425,5.6763,t005,MBYRA
2528157469,1151624,2,pelvis,loading,-0.2607,0.9855,-0.0231,15.3809,1.6479,4.6387,t005,MBYRA
2528157469,1151640,2,pelvis,loading,-0.3431,0.9408,-0.0397,18.0664,-0.1221,-4.3335,t005,MBYRA
2528157514,1151656,2,pelvis,loading,-0.3292,0.9659,-0.0276,20.3247,3.1738,-18.2495,t005,MBYRA
2528157515,1151671,2,pelvis,loading,-0.3181,1.0078,-0.0582,22.5830,5.4321,-25.3296,t005,MBYRA
2528157515,1151687,2,pelvis,loading,-0.2964,1.0206,-0.0790,31.5552,9.5215,-39.0015,t005,MBYRA
2528157563,1151703,2,pelvis,loading,-0.2899,1.0291,-0.0576,43.6401,9.8267,-54.8706,t005,MBYRA
2528157563,1151719,2,pelvis,loading,-0.3541,1.0435,-0.0093,49.3164,7.5684,-62.9883,t005,MBYRA
2528157563,1151735,2,pelvis,loading,-0.4536,1.0886,-0.0261,56.3965,-1.1597,-81.2378,t005,MBYRA
2528157606,1151751,2,pelvis,loading,-0.7559,1.1658,-0.0699,54.1992,-5.9814,-92.2851,t005,MBYRA
2528157607,1151767,2,pelvis,loading,-0.6388,1.4891,0.0356,42.5415,-11.1694,-113.7085,t005,MBYRA
2528157607,1151783,2,pelvis,loading,-0.5326,1.6261,-0.0413,44.1284,-3.6621,-124.1455,t005,MBYRA
2528157657,1151799,2,pelvis,loading,-0.2351,1.5793,-0.1327,44.0063,18.8599,-126.7090,t005,MBYRA
2528157657,1151815,2,pelvis,loading,-0.1428,1.4120,-0.1783,31.5552,44.2505,-128.6011,t005,MBYRA
2528157658,1151831,2,pelvis,loading,-0.2003,1.1042,-0.2344,15.4419,28.0151,-109.1309,t005,MBYRA
2528157704,1151847,2,pelvis,loading,-0.2041,0.7688,-0.2008,10.4370,16.8457,-94.3603,t005,MBYRA
2528157705,1151863,2,pelvis,loading,-0.3958,0.4987,-0.1545,11.8408,-25.2075,-70.0073,t005,MBYRA
2528157706,1151879,2,pelvis,loading,-1.0212,0.1669,-0.3010,3.0518,-37.9028,-49.8657,t005,MBYRA
2528157758,1151895,2,pelvis,loading,-0.7681,0.3470,-0.2344,-36.2549,-5.3101,1.0986,t005,MBYRA
2528157759,1151911,2,pelvis,loading,-0.5885,0.4315,-0.1951,-51.2695,-2.1362,30.0903,t005,MBYRA
2528157807,1151927,2,pelvis,loading,-0.5817,0.4797,-0.1731,-51.8799,-11.5967,43.1519,t005,MBYRA
2528157809,1151943,2,pelvis,loading,-0.5499,0.5277,-0.1233,-51.9409,-21.3623,73.7915,t005,MBYRA
2528157809,1151959,2,pelvis,loading,-0.4497,0.6638,-0.0089,-50.4150,-26.0010,86.8530,t005,MBYRA
2528157810,1151975,2,pelvis,loading,-0.4200,0.7607,0.0477,-45.3491,-35.0342,108.6426,t005,MBYRA
2528157858,1151991,2,pelvis,loading,-0.4108,0.7949,0.0704,-42.6025,-37.7808,129.4556,t005,MBYRA
2528157859,1152007,2,pelvis,loading,-0.4224,0.8677,0.0990,-41.5039,-38.5132,137.0239,t005,MBYRA
2528157859,1152023,2,pelvis,loading,-0.4200,0.9786,0.1399,-40.1001,-38.0249,145.1416,t005,MBYRA
2528157866,1152039,2,pelvis,loading,-0.4315,1.0400,0.1603,-41.5649,-28.3813,150.5737,t005,MBYRA
2528157904,1152055,2,pelvis,loading,-0.3999,1.1476,0.1975,-44.4336,-16.6016,153.7476,t005,MBYRA
2528157906,1152071,2,pelvis,loading,-0.3177,1.2039,0.2184,-52.4292,15.8081,157.8369,t005,MBYRA
2528157931,1152087,2,pelvis,loading,-0.2533,1.2870,0.2065,-54.4434,31.1279,157.9590,t005,MBYRA
2528157955,1152103,2,pelvis,loading,-0.2709,1.2957,0.1078,-54.3213,57.7393,153.4424,t005,MBYRA
2528157956,1152118,2,pelvis,loading,-0.2382,1.3036,0.0430,-51.8799,77.5146,147.3389,t005,MBYRA
2528157956,1152134,2,pelvis,loading,-0.2324,1.2722,-0.0868,-49.6826,80.5054,139.8926,t005,MBYRA
2528158002,1152150,2,pelvis,loading,-0.2504,1.2395,-0.1427,-46.3257,73.2422,116.5771,t005,MBYRA
2528158002,1152166,2,pelvis,loading,-0.1958,1.2227,-0.1871,-46.6309,65.6738,104.6143,t005,MBYRA
2528158019,1152182,2,pelvis,loading,0.0428,1.2920,-0.1528,-44.9829,52.1851,89.4775,t005,MBYRA
2528158051,1152198,2,pelvis,loading,0.0624,1.2605,-0.0768,-31.4941,46.5698,95.7031,t005,MBYRA
2528158051,1152214,2,pelvis,loading,-0.2479,1.0515,-0.0012,-26.9775,40.5273,94.2993,t005,MBYRA
2528158052,1152230,2,pelvis,loading,-0.3195,0.9965,0.0004,-24.7803,26.0010,79.1626,t005,MBYRA
2528158097,1152245,2,pelvis,loading,-0.2366,0.9806,-0.0024,-18.6157,11.1084,60.7910,t005,MBYRA
2528158098,1152261,2,pelvis,loading,-0.3199,0.9000,-0.0295,-14.9536,5.6152,53.3447,t005,MBYRA
2528158145,1152277,2,pelvis,loading,-0.3500,0.8704,-0.0326,-12.4512,-1.1597,39.7339,t005,MBYRA
2528158146,1152293,2,pelvis,loading,-0.2675,0.8838,-0.0245,-11.4746,-1.9531,35.2173,t005,MBYRA
2528158146,1152309,2,pelvis,loading,-0.3512,0.7981,-0.0079,-5.3101,0.3662,32.8979,t005,MBYRA
2528158147,1152325,2,pelvis,loading,-0.4069,0.7526,-0.0132,-2.1973,0.9766,25.6348,t005,MBYRA
2528158190,1152341,2,pelvis,loading,-0.3857,0.7365,-0.0431,-1.7700,-0.0610,19.7144,t005,MBYRA
2528158192,1152357,2,pelvis,loading,-0.3550,0.7445,-0.0490,0.1831,-3.5400,9.3994,t005,MBYRA
2528158239,1152373,2,pelvis,loading,-0.3557,0.7532,-0.0540,1.3428,-5.1880,4.6387,t005,MBYRA
2528158240,1152389,2,pelvis,loading,-0.2993,0.7822,-0.0685,2.4414,-6.7749,-6.7749,t005,MBYRA
2528158240,1152405,2,pelvis,loading,-0.2397,0.8114,-0.0774,4.6997,-7.2632,-19.9585,t005,MBYRA
2528158282,1152421,2,pelvis,loading,-0.1719,0.8401,-0.0956,5.7373,-8.5449,-26.6724,t005,MBYRA
2528158282,1152437,2,pelvis,loading,-0.1315,0.8822,-0.1182,4.9438,-10.6201,-40.7715,t005,MBYRA
2528158284,1152453,2,pelvis,loading,-0.1010,0.8929,-0.1252,5.7983,-12.0239,-58.1055,t005,MBYRA
2528158332,1152469,2,pelvis,loading,-0.0619,0.9061,-0.1492,6.0425,-13.1226,-66.1621,t005,MBYRA
2528158333,1152485,2,pelvis,loading,-0.0470,0.9139,-0.1646,5.4932,-13.1836,-77.7588,t005,MBYRA
2528158333,1152501,2,pelvis,loading,-0.0044,0.8828,-0.1659,5.2490,-11.5967,-80.6885,t005,MBYRA
2528158376,1152517,2,pelvis,loading,-0.0356,0.7910,-0.1387,3.2959,-9.2163,-80.2612,t005,MBYRA
2528158377,1152533,2,pelvis,loading,-0.3990,0.7885,-0.1813,-2.5635,-5.4321,-72.0825,t005,MBYRA
2528158378,1152549,2,pelvis,loading,-2.2416,0.5259,0.0100,-3.7842,-2.9907,-76.1108,t005,MBYRA
2528158425,1152565,2,pelvis,loading,-1.5708,1.4135,0.5356,15.1978,-20.5688,-87.1582,t005,MBYRA
2528158425,1152581,2,pelvis,loading,0.6494,2.2233,0.4415,0.1221,8.7280,-118.4692,t005,MBYRA
2528158426,1152597,2,pelvis,loading,0.2773,1.4520,-0.0034,-5.4321,22.4609,-128.6621,t005,MBYRA
2528158469,1152613,2,pelvis,loading,-0.7557,0.7949,-0.2074,-18.5547,41.3208,-105.9570,t005,MBYRA
2528158469,1152629,2,pelvis,loading,-0.5762,0.4672,-0.3274,-36.9263,70.0073,-97.9614,t005,MBYRA
2528158471,1152645,2,pelvis,loading,0.1935,1.0596,-0.1881,-34.9731,81.2378,-62.1338,t005,MBYRA
2528158519,1152661,2,pelvis,loading,0.1711,1.2333,-0.1447,-4.2725,37.7808,-46.8750,t005,MBYRA
2528158520,1152677,2,pelvis,loading,0.0520,1.1945,0.0272,6.2866,13.0005,-46.1426,t005,MBYRA
2528158520,1152693,2,pelvis,loading,-0.0641,1.0565,0.0344,16.0522,-22.7661,-39.4287,t005,MBYRA
2528158565,1152709,2,pelvis,loading,-0.3230,0.8811,-0.1427,13.3667,-25.3296,-31.9214,t005,MBYRA
2528158565,1152725,2,pelvis,loading,-0.2560,0.9601,-0.0411,7.1411,-12.1460,-24.0478,t005,MBYRA
2528158566,1152740,2,pelvis,midstance,-0.2679,0.9398,-0.0155,-3.1128,-1.0986,-23.1934,t005,MBYRA
2528158618,1152757,2,pelvis,midstance,-0.2736,0.9277,-0.0504,-10.4370,4.0283,-22.3999,t005,MBYRA
2528158618,1152773,2,pelvis,midstance,-0.2474,0.9351,-0.1135,-16.8457,7.2632,-20.0806,t005,MBYRA
2528158619,1152789,2,pelvis,midstance,-0.2314,0.9498,-0.1320,-10.6201,-2.4414,-17.2119,t005,MBYRA
2528158665,1152805,2,pelvis,midstance,-0.2302,0.9568,-0.1556,-5.4321,-8.9111,-15.9912,t005,MBYRA
2528158666,1152821,2,pelvis,midstance,-0.2378,0.9498,-0.1542,3.5400,-16.8457,-11.9629,t005,MBYRA
2528158667,1152837,2,pelvis,midstance,-0.2172,0.9445,-0.1033,5.9204,-17.3340,-10.0098,t005,MBYRA
2528158717,1152852,2,pelvis,midstance,-0.2285,0.9386,-0.0549,4.6387,-15.1367,-6.4697,t005,MBYRA
2528158717,1152869,2,pelvis,midstance,-0.2468,0.9412,-0.0570,-1.4038,-12.4512,-4.0283,t005,MBYRA
2528158717,1152885,2,pelvis,midstance,-0.2629,0.9443,-0.0979,-4.1504,-10.6812,-4.4556,t005,MBYRA
2528158761,1152901,2,pelvis,midstance,-0.2612,0.9432,-0.1311,-5.4321,-8.1177,-7.6904,t005,MBYRA
2528158763,1152917,2,pelvis,midstance,-0.2605,0.9390,-0.1422,-3.3569,-8.5449,-11.3525,t005,MBYRA
2528158763,1152933,2,pelvis,midstance,-0.2573,0.9409,-0.1476,-2.0752,-8.6670,-12.8174,t005,MBYRA
2528158811,1152949,2,pelvis,midstance,-0.2552,0.9430,-0.1302,-2.6245,-6.1035,-14.2822,t005,MBYRA
2528158812,1152965,2,pelvis,midstance,-0.2468,0.9575,-0.1012,-4.3335,-3.7842,-15.3198,t005,MBYRA
2528158812,1152981,2,pelvis,midstance,-0.2426,0.9628,-0.1031,-5.3101,-1.8921,-19.4092,t005,MBYRA
2528158856,1152997,2,pelvis,terminal,-0.2460,0.9607,-0.1178,-3.2349,-3.6011,-22.8882,t005,MBYRA
2528158856,1153013,2,pelvis,terminal,-0.2484,0.9601,-0.1278,-1.7090,-4.2114,-24.3530,t005,MBYRA
2528158856,1153029,2,pelvis,terminal,-0.2493,0.9659,-0.1290,0.9155,-3.4180,-27.6489,t005,MBYRA
2528158908,1153045,2,pelvis,terminal,-0.2277,0.9813,-0.1318,3.4180,-3.7231,-32.1045,t005,MBYRA
2528158909,1153061,2,pelvis,terminal,-0.1929,0.9865,-0.1381,4.5166,-4.8218,-33.5693,t005,MBYRA
2528158909,1153077,2,pelvis,terminal,-0.1796,0.9846,-0.1482,8.1787,-8.4229,-36.9263,t005,MBYRA
2528158953,1153093,2,pelvis,terminal,-0.1963,0.9829,-0.1481,10.4980,-10.6201,-39.3677,t005,MBYRA
2528158955,1153109,2,pelvis,terminal,-0.2156,1.0298,-0.1010,15.1367,-13.2446,-45.8984,t005,MBYRA
2528158956,1153125,2,pelvis,terminal,-0.2046,1.0547,-0.0912,19.5923,-13.4277,-57.7393,t005,MBYRA
2528159003,1153141,2,pelvis,terminal,-0.2170,1.0560,-0.1022,22.3389,-13.4277,-65.0024,t005,MBYRA
2528159004,1153157,2,pelvis,terminal,-0.2128,1.0717,-0.1124,28.5645,-12.5122,-79.2236,t005,MBYRA
2528159004,1153173,2,pelvis,terminal,-0.1863,1.0846,-0.0825,35.8276,-12.5122,-91.3696,t005,MBYRA
2528159049,1153189,2,pelvis,terminal,-0.1493,1.1324,-0.0537,38.6353,-13.7939,-96.8018,t005,MBYRA
2528159049,1153205,2,pelvis,swing,-0.1500,1.1646,-0.0612,41.5649,-19.4702,-107.4219,t005,MBYRA
2528159050,1153221,2,pelvis,swing,-0.2142,1.2585,-0.0342,41.8701,-20.7520,-111.1450,t005,MBYRA
2528159100,1153237,2,pelvis,swing,-0.2832,1.3971,-0.0298,45.4102,-18.0054,-119.0796,t005,MBYRA
2528159100,1153253,2,pelvis,swing,-0.3051,1.4301,-0.0088,49.8047,-18.0664,-138.6108,t005,MBYRA
2528159101,1153269,2,pelvis,swing,-0.3453,1.5398,0.0322,51.8799,-18.1274,-147.3389,t005,MBYRA
2528159140,1153285,2,pelvis,swing,-0.4084,1.5829,0.0029,61.3403,-27.2217,-169.1284,t005,MBYRA
2528159145,1153301,2,pelvis,swing,-0.6615,1.5576,-0.0386,63.8428,-49.8047,-202.0874,t005,MBYRA
2528159146,1153317,2,pelvis,swing,-0.9937,1.5486,0.0092,61.0352,-53.1006,-226.8066,t005,MBYRA
2528159193,1153333,2,pelvis,swing,-0.8986,1.4285,-0.0227,49.6216,-40.8936,-269.4092,t005,MBYRA
2528159194,1153349,2,pelvis,swing,-0.1694,1.3820,-0.0681,41.0156,-37.2925,-276.8555,t005,MBYRA
2528159194,1153365,2,pelvis,swing,0.4501,1.7131,-0.4575,29.3579,-17.1509,-263.4277,t005,MBYRA
2528159237,1153381,2,pelvis,swing,0.4219,1.7058,-0.4473,2.3804,33.4473,-244.1406,t005,MBYRA
2528159239,1153397,2,pelvis,swing,0.0663,1.1323,-0.1704,-7.9346,33.6914,-217.3462,t005,MBYRA
2528159239,1153413,2,pelvis,swing,0.0011,0.8368,-0.0603,-27.5879,-6.4087,-170.1050,t005,MBYRA
2528159287,1153429,2,pelvis,swing,0.0571,0.4694,-0.1993,-5.0659,-55.4810,-124.8779,t005,MBYRA
2528159287,1153445,2,pelvis,swing,0.1121,0.2130,-0.4292,1.9531,-82.3975,-101.9287,t005,MBYRA
2528159287,1153461,2,pelvis,swing,0.1765,0.3354,-0.3926,-4.2114,-121.2158,-31.3721,t005,MBYRA
2528159331,1153477,2,pelvis,swing,-0.4282,0.5978,-0.1586,18.9819,-125.1221,23.7427,t005,MBYRA
2528159332,1153493,2,pelvis,swing,-0.8086,-0.0217,-0.0011,74.7070,-116.0889,83.1299,t005,MBYRA
2528159332,1153509,2,pelvis,swing,-0.6814,-0.0529,0.0073,19.7754,-70.6787,93.9941,t005,MBYRA
2528159379,1153525,2,pelvis,swing,-0.4877,0.2922,-0.0156,-8.6060,-38.2080,116.5771,t005,MBYRA
2528159379,1153541,2,pelvis,swing,-0.4261,0.3722,0.0000,-23.4985,23.7427,160.7056,t005,MBYRA
2528159380,1153557,2,pelvis,swing,-0.3414,0.3889,-0.0168,-29.9072,45.0439,179.6875,t005,MBYRA
2528159422,1153573,2,pelvis,swing,-0.4131,0.5597,-0.1498,-48.8892,78.5522,222.5342,t005,MBYRA
2528159425,1153589,2,pelvis,swing,-0.4387,0.6791,-0.2140,-61.2183,111.0840,258.7891,t005,MBYRA
2528159471,1153605,2,pelvis,swing,-0.3535,0.8835,-0.2749,-64.2700,122.3755,271.9727,t005,MBYRA
2528159472,1153621,2,pelvis,swing,-0.3397,1.0159,-0.3113,-67.5659,125.7324,291.2598,t005,MBYRA
2528159473,1153637,2,pelvis,swing,-0.3684,1.0734,-0.3324,-70.3125,109.8022,303.8940,t005,MBYRA
2528159507,1153653,2,pelvis,swing,-0.3448,1.2437,-0.3076,-70.8618,96.6186,307.8613,t005,MBYRA
2528159516,1153669,2,pelvis,swing,-0.2977,1.3339,-0.2676,-64.9414,63.2935,312.9883,t005,MBYRA
2528159516,1153685,2,pelvis,swing,-0.3378,1.5454,-0.2195,-60.3027,43.7012,315.9790,t005,MBYRA
2528159564,1153701,2,pelvis,swing,-0.2861,1.8917,-0.1791,-56.5186,1.0376,314.2700,t005,MBYRA
2528159564,1153717,2,pelvis,swing,-0.1068,2.0820,-0.1562,-60.4858,-25.8789,297.3022,t005,MBYRA
2528159565,1153733,2,pelvis,swing,0.6879,2.2484,-0.0300,-63.5986,-35.5225,281.7993,t005,MBYRA
2528159608,1153749,2,pelvis,swing,1.0452,2.2244,-0.0200,-58.2275,-60.0586,269.5312,t005,MBYRA
2528159608,1153765,2,pelvis,loading,0.9957,2.1208,-0.0737,-51.3306,-63.4766,237.5488,t005,MBYRA
2528159608,1153781,2,pelvis,loading,1.1711,1.8243,0.0814,-45.4712,-59.5703,210.3882,t005,MBYRA
2528159659,1153797,2,pelvis,loading,1.3540,1.7307,0.1469,-31.5552,-54.9316,156.7383,t005,MBYRA
2528159660,1153813,2,pelvis,loading,1.6492,1.6964,0.1783,-32.0435,-46.7529,126.0376,t005,MBYRA
2528159660,1153829,2,pelvis,loading,1.2446,1.7533,0.3019,-26.1841,-3.8452,53.6499,t005,MBYRA
2528159704,1153845,2,pelvis,loading,1.3070,1.6245,0.5573,-14.5264,88.5010,-41.2598,t005,MBYRA
2528159706,1153861,2,pelvis,loading,0.7466,1.2396,1.0850,-27.2827,116.6992,-106.5063,t005,MBYRA
2528159707,1153877,2,pelvis,loading,-1.7083,1.1239,0.9249,8.0566,79.5288,-172.3022,t005,MBYRA
2528159753,1153892,2,pelvis,loading,-1.0851,1.1477,0.4025,15.3198,41.3818,-166.1987,t005,MBYRA
2528159754,1153908,2,pelvis,loading,1.1791,1.8135,0.0312,-19.3481,60.6079,-180.8472,t005,MBYRA
2528159754,1153924,2,pelvis,loading,-0.1532,1.2849,-0.3082,-7.8735,66.5283,-138.8550,t005,MBYRA
2528159796,1153940,2,pelvis,loading,-0.3298,0.7339,-0.3623,-23.0103,82.7637,-118.4082,t005,MBYRA
2528159797,1153956,2,pelvis,loading,0.5968,1.3380,-0.1812,-18.7988,84.4116,-63.2935,t005,MBYRA
2528159798,1153972,2,pelvis,loading,0.2905,1.1776,-0.2482,23.0103,14.2212,-58.2886,t005,MBYRA
2528159846,1153988,2,pelvis,loading,-0.1337,0.9196,-0.0374,33.2642,-19.4092,-53.8330,t005,MBYRA
2528159846,1154004,2,pelvis,loading,-0.2178,0.8708,-0.0177,32.1655,-49.1333,-27.2217,t005,MBYRA
2528159846,1154020,2,pelvis,loading,-0.3314,0.9312,-0.0571,21.9727,-44.0674,-16.4185,t005,MBYRA
2528159890,1154036,2,pelvis,midstance,-0.3260,0.9460,-0.0289,1.5869,-17.7002,-18.3105,t005,MBYRA
2528159891,1154052,2,pelvis,midstance,-0.2932,0.9486,-0.0227,-14.4043,2.5635,-25.6348,t005,MBYRA
2528159891,1154068,2,pelvis,midstance,-0.2712,0.9398,-0.0858,-16.8457,6.9580,-25.2075,t005,MBYRA
2528159942,1154084,2,pelvis,midstance,-0.2578,0.9337,-0.1262,-13.1226,6.3477,-23.0713,t005,MBYRA
2528159943,1154100,2,pelvis,midstance,-0.2059,0.9366,-0.1719,-2.1362,-8.9111,-19.3481,t005,MBYRA
2528159943,1154116,2,pelvis,midstance,-0.1919,0.9595,-0.1287,3.1738,-18.5547,-15.9912,t005,MBYRA
2528159989,1154132,2,pelvis,midstance,-0.2228,0.9498,-0.0901,4.8828,-24.9023,-8.3618,t005,MBYRA
2528159991,1154149,2,pelvis,midstance,-0.3054,0.9320,-0.0618,1.5259,-20.0806,-7.6904,t005,MBYRA
2528159992,1154165,2,pelvis,midstance,-0.3019,0.9340,-0.0974,-6.9580,-6.0425,-13.9160,t005,MBYRA
2528160050,1154181,2,pelvis,midstance,-0.2662,0.9425,-0.1244,-8.6670,0.9766,-19.7754,t005,MBYRA
2528160051,1154197,2,pelvis,midstance,-0.1975,0.9542,-0.1534,-6.9580,-0.9155,-19.9585,t005,MBYRA
2528160101,1154213,2,pelvis,midstance,-0.2109,0.9613,-0.1416,-3.6011,-8.9111,-18.0664,t005,MBYRA
2528160111,1154229,2,pelvis,terminal,-0.2285,0.9640,-0.1289,-1.5869,-12.6953,-16.9067,t005,MBYRA
2528160115,1154245,2,pelvis,terminal,-0.2583,0.9624,-0.1033,-1.5869,-11.9629,-18.2495,t005,MBYRA
2528160118,1154261,2,pelvis,terminal,-0.2639,0.9723,-0.1046,-0.9155,-8.1177,-25.6348,t005,MBYRA
2528160172,1154277,2,pelvis,terminal,-0.2544,0.9656,-0.1110,1.3428,-4.3335,-34.7900,t005,MBYRA
2528160172,1154293,2,pelvis,terminal,-0.2074,0.9684,-0.1163,2.1362,-3.3569,-36.9873,t005,MBYRA
2528160173,1154309,2,pelvis,terminal,-0.1996,0.9735,-0.1166,4.5776,-2.8687,-39.7339,t005,MBYRA
2528160173,1154325,2,pelvis,terminal,-0.1777,0.9941,-0.1105,5.7983,-3.0518,-41.1377,t005,MBYRA
2528160173,1154341,2,pelvis,terminal,-0.1498,1.0068,-0.1224,8.0566,-3.4790,-43.3350,t005,MBYRA
2528160219,1154357,2,pelvis,terminal,-0.1311,1.0090,-0.1387,11.3525,-7.5684,-45.2881,t005,MBYRA
2528160219,1154373,2,pelvis,terminal,-0.1340,0.9921,-0.1479,13.4277,-11.2915,-47.3633,t005,MBYRA
2528160221,1154389,2,pelvis,terminal,-0.1649,0.9858,-0.1345,18.7988,-15.7471,-55.2978,t005,MBYRA
2528160272,1154406,2,pelvis,terminal,-0.2068,1.0359,-0.1091,24.8413,-14.5874,-67.4438,t005,MBYRA
2528160273,1154422,2,pelvis,terminal,-0.1884,1.0873,-0.0555,28.0762,-13.7329,-73.7915,t005,MBYRA
2528160317,1154438,2,pelvis,terminal,-0.1729,1.1035,-0.0201,32.8979,-13.0005,-84.2895,t005,MBYRA
2528160318,1154454,2,pelvis,terminal,-0.1594,1.1433,-0.0037,34.1187,-12.3901,-89.3555,t005,MBYRA
2528160318,1154470,2,pelvis,swing,-0.1538,1.2046,-0.0657,36.8042,-10.8643,-99.6094,t005,MBYRA
2528160319,1154486,2,pelvis,swing,-0.1578,1.2124,-0.0757,41.5039,-9.2163,-110.0464,t005,MBYRA
2528160324,1154502,2,pelvis,swing,-0.1453,1.2803,-0.0350,42.9077,-10.6812,-115.6006,t005,MBYRA
2528160372,1154518,2,pelvis,swing,-0.2686,1.3682,-0.0016,44.6167,-12.4512,-124.6338,t005,MBYRA
2528160373,1154534,2,pelvis,swing,-0.3134,1.4387,0.0197,47.3633,-8.7891,-140.1978,t005,MBYRA
2528160373,1154550,2,pelvis,swing,-0.4059,1.6024,-0.0409,51.1475,-6.1646,-150.1465,t005,MBYRA
2528160420,1154567,2,pelvis,swing,-0.4633,1.6555,-0.0925,62.0117,-17.4561,-177.5513,t005,MBYRA
2528160421,1154583,2,pelvis,swing,-0.7814,1.7019,-0.1017,63.0493,-27.0386,-198.3642,t005,MBYRA
2528160422,1154599,2,pelvis,swing,-1.0123,1.5282,-0.1997,55.3589,-31.8603,-247.4365,t005,MBYRA
2528160471,1154615,2,pelvis,swing,-0.8214,1.4305,-0.1287,45.9595,-38.6353,-269.8364,t005,MBYRA
2528160471,1154631,2,pelvis,swing,0.0292,1.4988,-0.0278,52.8564,-52.1851,-276.4282,t005,MBYRA
2528160472,1154647,2,pelvis,swing,0.5068,1.7117,-0.2854,26.4893,-45.2881,-304.7485,t005,MBYRA
2528160517,1154663,2,pelvis,swing,0.3829,1.5614,-0.3248,-5.4321,-4.8218,-251.3428,t005,MBYRA
2528160519,1154679,2,pelvis,swing,-0.1667,1.0795,-0.2048,-11.2305,0.7935,-200.5615,t005,MBYRA
2528160519,1154695,2,pelvis,swing,-0.2118,0.7618,-0.1244,-12.0850,-16.2964,-155.0293,t005,MBYRA
2528160569,1154711,2,pelvis,swing,0.0862,0.2030,-0.1182,0.6714,-42.1143,-124.2065,t005,MBYRA
2528160569,1154727,2,pelvis,swing,0.0643,0.1803,-0.3376,-6.7139,-100.8911,-64.3921,t005,MBYRA
2528160569,1154743,2,pelvis,swing,-0.2764,0.4425,-0.3877,-32.7148,-87.4023,13.4888,t005,MBYRA
2528160614,1154759,2,pelvis,swing,-0.9269,0.3938,-0.1812,-11.7187,-74.0356,55.1147,t005,MBYRA
2528160616,1154775,2,pelvis,swing,-0.5535,0.1083,0.0587,1.5869,-52.0019,81.8481,t005,MBYRA
2528160616,1154791,2,pelvis,swing,-0.4539,0.1478,0.0889,-44.1284,-12.2070,117.6147,t005,MBYRA
2528160666,1154807,2,pelvis,swing,-0.4164,0.3160,0.0088,-57.9834,5.8594,139.8926,t005,MBYRA
2528160666,1154823,2,pelvis,swing,-0.4011,0.4445,-0.0413,-69.7021,41.4429,190.9180,t005,MBYRA
2528160667,1154839,2,pelvis,swing,-0.3805,0.5894,-0.0374,-71.7163,59.5093,218.8721,t005,MBYRA
2528160714,1154855,2,pelvis,swing,-0.3690,0.6691,-0.0269,-72.0215,83.6182,273.3765,t005,MBYRA
2528160714,1154871,2,pelvis,swing,-0.3958,0.7405,-0.0605,-66.5894,85.3271,315.5518,t005,MBYRA
2528160715,1154886,2,pelvis,swing,-0.3912,0.9449,-0.1646,-64.3311,78.6743,326.2939,t005,MBYRA
2528160765,1154902,2,pelvis,swing,-0.3865,1.0446,-0.2141,-59.6924,54.9316,331.0547,t005,MBYRA
2528160766,1154918,2,pelvis,swing,-0.3895,1.2437,-0.2511,-59.2041,41.1377,332.2754,t005,MBYRA
2528160766,1154934,2,pelvis,swing,-0.4037,1.4283,-0.1477,-55.6030,15.9302,337.8296,t005,MBYRA
2528160812,1154950,2,pelvis,swing,-0.4193,1.5289,-0.0920,-52.3071,-5.1880,345.2148,t005,MBYRA
2528160815,1154966,2,pelvis,swing,-0.3186,1.9081,0.0186,-55.7861,-10.5591,348.0224,t005,MBYRA
2528160815,1154982,2,pelvis,swing,0.2273,2.2903,0.1344,-66.8335,-14.0381,338.7451,t005,MBYRA
2528160864,1154998,2,pelvis,swing,0.5912,2.4106,0.1759,-63.2324,-24.9023,315.4297,t005,MBYRA
2528160865,1155014,2,pelvis,swing,1.0264,2.5696,0.0912,-58.7158,-25.2075,301.5137,t005,MBYRA
2528160865,1155030,2,pelvis,swing,1.0581,2.4832,-0.0457,-51.8799,12.5732,258.3618,t005,MBYRA
2528160910,1155046,2,pelvis,swing,1.3710,1.8988,-0.0599,-43.2739,28.3813,225.1587,t005,MBYRA
2528160910,1155062,2,pelvis,loading,2.0747,1.8162,-0.1160,-46.5698,13.9160,156.3110,t005,MBYRA
2528160912,1155078,2,pelvis,loading,2.2948,1.8846,0.0000,-49.1943,5.5542,76.1108,t005,MBYRA
2528160921,1155094,2,pelvis,loading,2.0962,1.7683,0.4529,-23.9258,7.2632,21.0571,t005,MBYRA
2528160964,1155109,2,pelvis,loading,1.3296,1.8278,0.2666,7.0801,58.7769,-71.1060,t005,MBYRA
2528160964,1155125,2,pelvis,loading,-0.1350,0.9238,0.2527,10.0098,116.8823,-105.5298,t005,MBYRA
2528160964,1155141,2,pelvis,loading,-3.1606,0.4995,0.2195,-13.0615,67.6270,-176.6968,t005,MBYRA
2528161011,1155157,2,pelvis,loading,-1.9885,1.0717,0.2755,-8.6060,31.6772,-114.7461,t005,MBYRA
2528161013,1155173,2,pelvis,loading,1.3486,2.1355,0.5409,-11.3525,65.4907,-135.3760,t005,MBYRA
2528161013,1155189,2,pelvis,loading,0.6086,1.5419,0.2826,-5.4932,52.0630,-146.4844,t005,MBYRA
2528161063,1155205,2,pelvis,loading,-0.5551,0.6276,-0.2150,-33.8135,35.4614,-107.9101,t005,MBYRA
2528161064,1155221,2,pelvis,loading,-0.0378,1.0413,-0.4507,-44.6167,43.2129,-90.0268,t005,MBYRA
2528161064,1155237,2,pelvis,loading,0.2761,1.3141,-0.3666,-27.8931,47.9736,-63.8428,t005,MBYRA
2528161111,1155253,2,pelvis,midstance,0.1239,1.1979,0.0098,0.1221,28.0151,-58.5327,t005,MBYRA
2528161111,1155268,2,pelvis,midstance,-0.2263,0.8602,-0.0822,20.0195,-12.6953,-50.5371,t005,MBYRA
2528161112,1155284,2,pelvis,midstance,-0.2249,0.8892,-0.1196,6.1035,-13.8550,-31.7383,t005,MBYRA
2528161160,1155300,2,pelvis,midstance,-0.2924,0.9613,-0.0475,3.5400,-10.8643,-24.1699,t005,MBYRA
2528161169,1155316,2,pelvis,midstance,-0.3240,0.9722,-0.0365,-7.3853,-0.7324,-23.9258,t005,MBYRA
2528161170,1155333,2,pelvis,midstance,-0.2802,0.9430,-0.0826,-13.0615,3.2349,-24.8413,t005,MBYRA
2528161170,1155349,2,pelvis,midstance,-0.2280,0.9482,-0.1501,-12.4512,-1.1597,-21.2402,t005,MBYRA
2528161219,1155365,2,pelvis,midstance,-0.2047,0.9502,-0.1548,-1.5259,-15.5640,-16.3574,t005,MBYRA
2528161221,1155381,2,pelvis,midstance,-0.2402,0.9463,-0.1241,2.9907,-20.4468,-12.4512,t005,MBYRA
2528161222,1155397,2,pelvis,midstance,-0.3225,0.9379,-0.1229,4.6387,-19.4702,-8.5449,t005,MBYRA
2528161273,1155413,2,pelvis,midstance,-0.3092,0.9387,-0.1366,0.6104,-14.0991,-15.9302,t005,MBYRA
2528161274,1155429,2,pelvis,midstance,-0.2758,0.9138,-0.1774,-1.0376,-13.6719,-19.2871,t005,MBYRA
2528161274,1155445,2,pelvis,midstance,-0.2349,0.9307,-0.1807,-1.4648,-15.5029,-19.1650,t005,MBYRA
2528161325,1155461,2,pelvis,midstance,-0.2411,0.9385,-0.1708,-0.2441,-17.8223,-18.7988,t005,MBYRA
2528161326,1155478,2,pelvis,midstance,-0.2743,0.9491,-0.1481,0.2441,-18.7988,-19.8364,t005,MBYRA
2528161326,1155494,2,pelvis,midstance,-0.2804,0.9541,-0.1403,0.1221,-16.4795,-23.7427,t005,MBYRA
2528161377,1155510,2,pelvis,midstance,-0.2679,0.9600,-0.1193,0.7324,-14.8315,-28.0151,t005,MBYRA
2528161378,1155526,2,pelvis,terminal,-0.2111,0.9788,-0.1278,-0.6104,-13.9160,-33.2642,t005,MBYRA
2528161379,1155542,2,pelvis,terminal,-0.2339,0.9779,-0.1122,0.5493,-9.7656,-35.7056,t005,MBYRA
2528161379,1155558,2,pelvis,terminal,-0.1400,1.0198,-0.0883,2.5635,-10.9863,-37.7197,t005,MBYRA
2528161426,1155574,2,pelvis,terminal,-0.1429,1.0201,-0.0801,9.8267,-14.0991,-39.3677,t005,MBYRA
2528161428,1155590,2,pelvis,terminal,-0.1614,1.0166,-0.0792,19.9585,-12.5122,-44.5557,t005,MBYRA
2528161428,1155606,2,pelvis,terminal,-0.2108,1.0262,-0.0880,24.5972,-11.3525,-50.5981,t005,MBYRA
2528161480,1155622,2,pelvis,terminal,-0.2239,1.0133,-0.0729,28.1982,-12.2070,-65.5518,t005,MBYRA
2528161480,1155638,2,pelvis,terminal,-0.2377,1.0326,-0.0364,26.0620,-12.6343,-71.8994,t005,MBYRA
2528161481,1155654,2,pelvis,terminal,-0.2003,1.1127,-0.0511,24.5972,-12.8784,-87.7685,t005,MBYRA
2528161529,1155670,2,pelvis,terminal,-0.1714,1.1349,-0.0454,36.1938,-13.0615,-114.5019,t005,MBYRA
2528161530,1155686,2,pelvis,terminal,-0.1206,1.0294,-0.0825,42.1143,-15.3809,-122.8027,t005,MBYRA
2528161531,1155702,2,pelvis,terminal,-0.0664,1.0759,-0.1029,39.1846,-25.9399,-115.2344,t005,MBYRA
2528161581,1155718,2,pelvis,terminal,-0.0604,1.1744,-0.1383,31.8603,-36.9263,-116.9434,t005,MBYRA
2528161582,1155734,2,pelvis,terminal,-0.2070,1.1636,-0.0463,28.6865,-37.5366,-120.4834,t005,MBYRA
2528161582,1155750,2,pelvis,terminal,-0.1576,1.1776,0.0349,22.7661,-30.4565,-122.3144,t005,MBYRA
2528161630,1155766,2,pelvis,terminal,-0.1411,1.3333,0.0826,21.0571,-29.5410,-127.7466,t005,MBYRA
2528161631,1155782,2,pelvis,terminal,-0.2747,1.3696,0.0038,24.9023,-30.3955,-143.1274,t005,MBYRA
2528161680,1155798,2,pelvis,terminal,-0.3467,1.3699,-0.0054,29.2969,-33.8135,-160.4614,t005,MBYRA
2528161681,1155814,2,pelvis,terminal,-0.7349,1.5992,0.1436,27.6489,-36.1328,-166.6260,t005,MBYRA
2528161681,1155830,2,pelvis,terminal,-1.0449,1.8973,0.2948,27.5879,-28.6255,-175.4761,t005,MBYRA
2528161682,1155846,2,pelvis,terminal,-0.9249,1.5857,0.2512,41.7480,6.1035,-229.7363,t005,MBYRA
2528161718,1155862,2,pelvis,terminal,-0.3091,1.2699,0.1257,25.6348,30.2124,-260.3760,t005,MBYRA
2528161727,1155878,2,pelvis,swing,0.2036,1.4088,0.0769,-20.7520,51.3916,-297.1191,t005,MBYRA
2528161728,1155894,2,pelvis,swing,0.5558,1.8135,-0.2845,-46.0815,44.7998,-301.8188,t005,MBYRA
2528161731,1155910,2,pelvis,swing,-0.0607,1.5217,-0.2067,-15.3198,59.5093,-258.8501,t005,MBYRA
2528161780,1155926,2,pelvis,swing,-0.0647,1.1627,-0.0602,12.9395,61.4014,-197.1435,t005,MBYRA
2528161781,1155942,2,pelvis,swing,0.0657,0.5762,0.0853,4.3335,42.2363,-189.0869,t005,MBYRA
2528161781,1155957,2,pelvis,swing,-0.1172,0.3252,-0.0845,36.8652,10.1318,-104.6753,t005,MBYRA
2528161826,1155973,2,pelvis,swing,0.0901,0.2129,-0.5594,33.3252,-4.5776,-65.3687,t005,MBYRA
2528161827,1155989,2,pelvis,swing,-0.3011,0.7574,-0.3198,-11.1694,-6.5918,12.9395,t005,MBYRA
2528161828,1156005,2,pelvis,swing,-0.6979,0.6025,-0.2688,57.4951,-4.4556,119.5679,t005,MBYRA
2528161877,1156021,2,pelvis,swing,-0.6521,0.0336,-0.1207,82.2754,-8.9722,118.0420,t005,MBYRA
2528161877,1156037,2,pelvis,swing,-0.4403,0.0688,-0.1318,48.5229,-9.5215,96.1304,t005,MBYRA
2528161878,1156053,2,pelvis,swing,-0.1244,0.5107,-0.2932,40.3442,-7.2632,171.3257,t005,MBYRA
2528161923,1156069,2,pelvis,swing,-0.0988,0.5483,-0.3704,52.1240,0.2441,223.5107,t005,MBYRA
2528161924,1156085,2,pelvis,swing,-0.3467,0.4523,-0.3192,51.4526,22.8882,277.5269,t005,MBYRA
2528161925,1156101,2,pelvis,swing,-0.3606,0.6511,-0.2667,31.2500,31.4331,282.2876,t005,MBYRA
2528161973,1156117,2,pelvis,swing,-0.1891,0.8096,-0.2809,8.9722,36.7432,291.8701,t005,MBYRA
2528161974,1156133,2,pelvis,swing,-0.2177,0.8650,-0.3083,6.1646,25.8789,302.1851,t005,MBYRA
2528161974,1156149,2,pelvis,swing,-0.3220,1.0341,-0.4167,4.3945,23.9258,300.5981,t005,MBYRA
2528162020,1156165,2,pelvis,swing,-0.2990,1.1110,-0.4662,-11.5356,28.3813,300.1099,t005,MBYRA
2528162022,1156180,2,pelvis,swing,-0.2811,1.2421,-0.5067,-20.4468,29.6631,303.9551,t005,MBYRA
2528162022,1156196,2,pelvis,swing,-0.3074,1.3588,-0.5001,-36.6821,20.0806,309.5093,t005,MBYRA
2528162070,1156212,2,pelvis,swing,-0.3018,1.4362,-0.4484,-47.9736,6.4087,311.9507,t005,MBYRA
2528162071,1156228,2,pelvis,swing,0.0176,1.6714,-0.2465,-51.5747,-8.4229,307.3730,t005,MBYRA
2528162071,1156244,2,pelvis,swing,0.2532,1.8754,-0.1962,-57.7393,-57.0679,283.4473,t005,MBYRA
2528162116,1156260,2,pelvis,swing,0.4806,2.0067,-0.1611,-73.6694,-98.3276,265.1367,t005,MBYRA
2528162118,1156276,2,pelvis,swing,1.1604,2.3839,0.0005,-69.9463,-108.1543,257.0190,t005,MBYRA
2528162119,1156292,2,pelvis,swing,1.4070,2.3987,0.0773,-46.7529,-119.9341,199.0356,t005,MBYRA
2528162168,1156308,2,pelvis,swing,1.4872,1.8275,0.1908,-27.4658,-122.1924,167.1142,t005,MBYRA
2528162168,1156324,2,pelvis,swing,1.4600,1.6840,0.0942,-9.9487,-122.9248,121.7651,t005,MBYRA
2528162169,1156340,2,pelvis,swing,1.4811,1.7238,0.0297,-2.1362,-73.8525,76.9043,t005,MBYRA
2528162213,1156356,2,pelvis,swing,1.4697,1.5358,0.1836,14.5874,-36.5601,46.3257,t005,MBYRA
2528162215,1156372,2,pelvis,swing,1.0264,1.6355,0.1428,25.0244,50.4761,-7.6904,t005,MBYRA
2528162216,1156387,2,pelvis,swing,0.9534,1.1034,0.9611,18.7988,121.9482,-30.1514,t005,MBYRA
2528162265,1156403,2,pelvis,swing,-2.1311,0.8035,0.9443,-26.9165,124.6948,-135.3760,t005,MBYRA
2528162266,1156419,2,pelvis,loading,-3.1903,0.9456,0.5242,-7.4463,55.7861,-100.2197,t005,MBYRA
2528162266,1156435,2,pelvis,loading,1.3145,2.0577,0.3650,-22.4609,71.7163,-127.5024,t005,MBYRA
2528162313,1156451,2,pelvis,loading,1.4771,1.9785,0.1724,-17.6392,67.4438,-156.0059,t005,MBYRA
2528162313,1156467,2,pelvis,loading,-0.6138,0.6631,-0.2699,-15.4419,47.1802,-125.3662,t005,MBYRA
2528162313,1156483,2,pelvis,loading,-0.1294,0.8961,-0.2916,-48.8892,67.3218,-86.6699,t005,MBYRA
2528162369,1156499,2,pelvis,loading,0.2924,1.1932,-0.3010,-21.6675,47.8516,-55.3589,t005,MBYRA
2528162369,1156515,2,pelvis,loading,0.0498,1.0659,-0.1628,3.7842,14.9536,-54.4434,t005,MBYRA
2528162369,1156531,2,pelvis,loading,-0.2247,0.8942,-0.0210,26.7334,-37.4756,-46.3257,t005,MBYRA
2528162370,1156547,2,pelvis,loading,-0.3047,0.8735,-0.0778,6.6528,-30.0293,-27.4048,t005,MBYRA
2528162417,1156563,2,pelvis,loading,-0.3289,0.9567,-0.0731,-3.4180,-14.6484,-24.3530,t005,MBYRA
2528162419,1156579,2,pelvis,midstance,-0.3015,0.9827,-0.0266,-12.9395,5.7983,-30.0293,t005,MBYRA
2528162420,1156595,2,pelvis,midstance,-0.2616,0.9679,-0.0612,-15.1367,9.3994,-31.6772,t005,MBYRA
2528162472,1156611,2,pelvis,midstance,-0.2424,0.9366,-0.1832,-13.4277,8.4839,-30.2124,t005,MBYRA
2528162472,1156627,2,pelvis,midstance,-0.2112,0.9369,-0.2089,-2.3804,-2.3804,-26.1841,t005,MBYRA
2528162473,1156643,2,pelvis,midstance,-0.2053,0.9492,-0.1616,2.9297,-9.8267,-22.6440,t005,MBYRA
2528162522,1156660,2,pelvis,midstance,-0.2585,0.9510,-0.0979,4.6997,-16.9067,-15.2588,t005,MBYRA
2528162523,1156676,2,pelvis,midstance,-0.2660,0.9526,-0.0879,-0.1221,-11.3525,-16.8457,t005,MBYRA
2528162524,1156692,2,pelvis,midstance,-0.2570,0.9333,-0.1332,-1.5869,-7.9346,-19.7754,t005,MBYRA
2528162576,1156708,2,pelvis,midstance,-0.2190,0.9363,-0.1772,-1.4038,-6.5918,-20.5688,t005,MBYRA
2528162577,1156724,2,pelvis,midstance,-0.2159,0.9349,-0.1803,-0.4883,-12.0239,-17.5171,t005,MBYRA
2528162577,1156740,2,pelvis,midstance,-0.2443,0.9521,-0.1594,-0.8545,-14.5874,-16.9678,t005,MBYRA
2528162578,1156756,2,pelvis,midstance,-0.2513,0.9600,-0.1552,-0.9155,-15.0146,-21.4844,t005,MBYRA
2528162625,1156772,2,pelvis,midstance,-0.2458,0.9741,-0.1372,0.0000,-14.0381,-25.0244,t005,MBYRA
2528162626,1156788,2,pelvis,terminal,-0.2219,0.9851,-0.1394,2.8687,-12.3901,-32.5928,t005,MBYRA
2528162626,1156804,2,pelvis,terminal,-0.2109,0.9880,-0.1407,7.1411,-11.8408,-39.8560,t005,MBYRA
2528162682,1156820,2,pelvis,terminal,-0.1846,0.9976,-0.1239,8.6670,-11.1084,-43.2129,t005,MBYRA
2528162682,1156836,2,pelvis,terminal,-0.1613,1.0105,-0.1135,11.5967,-10.0708,-46.2036,t005,MBYRA
2528162683,1156852,2,pelvis,terminal,-0.1097,1.0383,-0.0845,18.2495,-9.0942,-47.4243,t005,MBYRA
2528162732,1156868,2,pelvis,terminal,-0.1249,1.0576,-0.0732,23.3154,-7.9346,-52.0019,t005,MBYRA
2528162733,1156884,2,pelvis,terminal,-0.1500,1.0944,-0.0676,38.7573,-1.8311,-73.2422,t005,MBYRA
2528162734,1156900,2,pelvis,terminal,-0.1791,1.0785,-0.0933,48.4009,1.6479,-88.0737,t005,MBYRA
2528162755,1156916,2,pelvis,terminal,-0.1110,0.8438,-0.1228,46.1426,-2.0752,-108.0322,t005,MBYRA
2528162786,1156932,2,pelvis,terminal,-0.1293,0.8484,-0.1353,13.3667,-17.5781,-76.9043,t005,MBYRA
2528162787,1156948,2,pelvis,terminal,-0.1283,1.1119,-0.0427,3.6621,-22.3389,-65.9790,t005,MBYRA
2528162787,1156964,2,pelvis,terminal,-0.1101,1.1868,-0.0425,13.3057,-21.5454,-81.0547,t005,MBYRA
2528162835,1156980,2,pelvis,terminal,-0.1000,1.1216,-0.0874,20.5688,-26.3672,-96.9849,t005,MBYRA
2528162836,1156997,2,pelvis,swing,-0.0771,1.1725,-0.0157,16.7847,-31.7993,-98.8769,t005,MBYRA
2528162836,1157013,2,pelvis,swing,-0.0698,1.2271,0.0249,19.4702,-35.3394,-113.5864,t005,MBYRA
2528162892,1157028,2,pelvis,swing,-0.1057,1.2288,0.0524,22.4609,-34.0576,-123.7183,t005,MBYRA
2528162892,1157044,2,pelvis,swing,-0.1807,1.3766,-0.0253,25.3906,-33.1421,-139.5874,t005,MBYRA
2528162893,1157060,2,pelvis,swing,-0.2285,1.4185,-0.0618,29.4189,-34.8511,-155.8838,t005,MBYRA
2528162942,1157076,2,pelvis,swing,-0.2782,1.5313,0.0366,34.1187,-42.3584,-163.6352,t005,MBYRA
2528162942,1157092,2,pelvis,swing,-0.3904,1.5483,0.0481,57.2510,-62.4390,-174.0112,t005,MBYRA
2528162944,1157108,2,pelvis,swing,-1.0475,1.8179,0.0979,40.4053,-65.6128,-191.5283,t005,MBYRA
2528162946,1157124,2,pelvis,swing,-1.1046,1.8776,0.1211,42.2363,-50.9033,-215.7593,t005,MBYRA
2528162997,1157140,2,pelvis,swing,-0.6901,1.4517,0.0460,45.7153,2.4414,-275.2686,t005,MBYRA
2528162997,1157156,2,pelvis,swing,0.2362,1.5361,-0.1813,19.4702,23.7427,-299.1943,t005,MBYRA
2528162998,1157172,2,pelvis,swing,0.6510,1.7888,-0.1886,-31.4941,56.6406,-313.9648,t005,MBYRA
2528163047,1157188,2,pelvis,swing,0.4032,1.4977,-0.1631,-17.7612,48.5840,-227.2339,t005,MBYRA
2528163048,1157204,2,pelvis,swing,-0.1208,0.9675,-0.0959,-20.4468,27.2217,-203.5522,t005,MBYRA
2528163097,1157221,2,pelvis,swing,-0.2078,0.6829,-0.0354,11.1694,-10.4980,-155.3345,t005,MBYRA
2528163102,1157236,2,pelvis,swing,-0.2017,0.0096,-0.1792,43.5181,-53.1006,-69.3359,t005,MBYRA
2528163103,1157252,2,pelvis,swing,0.2073,0.2291,-0.3613,13.0005,-58.3496,-59.2041,t005,MBYRA
2528163103,1157268,2,pelvis,swing,-0.0636,0.4907,-0.3094,-10.0098,-20.0806,31.0669,t005,MBYRA
2528163152,1157284,2,pelvis,swing,-0.6125,0.2225,-0.2247,19.5313,-5.4932,87.7685,t005,MBYRA
2528163154,1157300,2,pelvis,swing,-0.4485,-0.0042,-0.0781,46.7529,9.4604,123.1689,t005,MBYRA
2528163154,1157316,2,pelvis,swing,-0.3239,0.1160,-0.0817,19.7754,18.1274,128.9673,t005,MBYRA
2528163155,1157332,2,pelvis,swing,-0.1544,0.4642,-0.1842,11.7187,17.0898,157.3486,t005,MBYRA
2528163208,1157348,2,pelvis,swing,-0.2764,0.4406,-0.2236,23.8037,24.9023,238.5864,t005,MBYRA
2528163209,1157364,2,pelvis,swing,-0.3217,0.4969,-0.1799,15.9912,37.2925,262.0239,t005,MBYRA
2528163209,1157380,2,pelvis,swing,-0.3635,0.7430,-0.2191,-5.3101,64.6973,298.7671,t005,MBYRA
2528163259,1157396,2,pelvis,swing,-0.3188,0.8502,-0.2506,-17.3950,75.8057,298.7061,t005,MBYRA
2528163260,1157412,2,pelvis,swing,-0.2180,0.9814,-0.3229,-18.6157,78.0640,304.7485,t005,MBYRA
2528163262,1157428,2,pelvis,swing,-0.2501,1.0997,-0.4429,-19.1650,77.5757,321.9604,t005,MBYRA
2528163316,1157444,2,pelvis,swing,-0.2639,1.1975,-0.4893,-17.9443,61.0962,329.7729,t005,MBYRA
2528163316,1157460,2,pelvis,swing,-0.1903,1.3330,-0.5459,-17.7612,46.7529,329.0405,t005,MBYRA
2528163317,1157476,2,pelvis,swing,-0.2192,1.4203,-0.5773,-26.7944,13.9770,335.7544,t005,MBYRA
2528163317,1157492,2,pelvis,swing,-0.1589,1.7268,-0.4910,-36.1328,2.5024,342.2241,t005,MBYRA
2528163367,1157508,2,pelvis,swing,0.3849,2.0179,-0.2125,-52.8564,-34.3628,342.8344,t005,MBYRA
2528163369,1157524,2,pelvis,swing,0.4915,2.1212,-0.1676,-58.7158,-85.0220,336.8530,t005,MBYRA
2528163370,1157540,2,pelvis,swing,0.5868,2.3997,-0.1034,-58.5937,-102.0508,329.1626,t005,MBYRA
2528163424,1157556,2,pelvis,swing,0.7991,2.5481,-0.0811,-48.3398,-118.2251,264.7705,t005,MBYRA
2528163425,1157572,2,pelvis,swing,1.0566,2.0361,0.1217,-3.6011,-116.9434,190.3686,t005,MBYRA
2528163425,1157588,2,pelvis,swing,1.3976,1.7682,-0.0852,-1.5259,-110.5347,171.0205,t005,MBYRA
2528163477,1157604,2,pelvis,swing,1.6427,1.7484,-0.1326,-11.2305,-61.2793,132.9956,t005,MBYRA
2528163477,1157620,2,pelvis,loading,1.7820,1.5271,0.4767,-0.5493,-40.2832,94.2993,t005,MBYRA
2528163478,1157636,2,pelvis,loading,1.4481,1.4395,0.7080,1.7090,-24.3530,-26.4282,t005,MBYRA
2528163478,1157652,2,pelvis,loading,0.5552,1.6215,0.5389,4.5776,67.6270,-83.9844,t005,MBYRA
2528163539,1157667,2,pelvis,loading,-1.2388,0.5922,0.3582,7.6904,127.8686,-103.8818,t005,MBYRA
2528163539,1157683,2,pelvis,loading,-2.6642,0.3107,0.2704,-14.4043,70.6787,-149.2310,t005,MBYRA
2528163539,1157699,2,pelvis,loading,-1.1869,1.3337,0.5752,-19.9585,57.2510,-127.5635,t005,MBYRA
2528163540,1157715,2,pelvis,loading,1.1992,1.9871,0.5259,-17.8833,86.3647,-172.1191,t005,MBYRA
2528163592,1157731,2,pelvis,loading,0.4192,1.4656,0.0603,-15.8691,46.3867,-164.7949,t005,MBYRA
2528163593,1157747,2,pelvis,loading,-0.5602,0.7886,-0.7404,-34.3018,54.9927,-136.6577,t005,MBYRA
2528163595,1157763,2,pelvis,loading,-0.0847,1.0386,-0.6115,-41.6260,94.1162,-92.1020,t005,MBYRA
2528163652,1157779,2,pelvis,loading,0.6542,1.4326,-0.0060,36.1938,24.9023,-80.7495,t005,MBYRA
2528163653,1157795,2,pelvis,loading,-0.1367,0.8031,0.0059,48.4009,-14.0991,-77.1484,t005,MBYRA
2528163653,1157811,2,pelvis,loading,-0.1919,0.8191,0.0000,20.2026,-36.6211,-43.0908,t005,MBYRA
2528163653,1157827,2,pelvis,loading,-0.3048,0.9363,-0.0765,8.4839,-28.3813,-28.6865,t005,MBYRA
2528163706,1157843,2,pelvis,midstance,-0.3108,0.9814,-0.0771,-4.9438,-5.0659,-30.3345,t005,MBYRA
2528163707,1157860,2,pelvis,midstance,-0.2793,0.9761,-0.0537,-10.6812,9.5825,-35.5225,t005,MBYRA
2528163707,1157876,2,pelvis,midstance,-0.2378,0.9628,-0.1274,-11.2915,11.8408,-33.5693,t005,MBYRA
2528163731,1157892,2,pelvis,midstance,-0.1740,0.9390,-0.2029,-4.8828,5.2490,-29.6020,t005,MBYRA
2528163770,1157908,2,pelvis,midstance,-0.1495,0.9435,-0.1808,4.6997,-11.4136,-22.8882,t005,MBYRA
2528163771,1157924,2,pelvis,midstance,-0.2001,0.9463,-0.1058,7.2632,-19.1040,-18.1274,t005,MBYRA
2528163771,1157940,2,pelvis,midstance,-0.2374,0.9480,-0.0876,4.5166,-20.5688,-11.9019,t005,MBYRA
2528163825,1157956,2,pelvis,midstance,-0.2539,0.9395,-0.1045,-1.7090,-11.7798,-14.2822,t005,MBYRA
2528163826,1157972,2,pelvis,midstance,-0.2377,0.9321,-0.1365,-2.5635,-8.1177,-16.1743,t005,MBYRA
2528163828,1157989,2,pelvis,midstance,-0.2122,0.9386,-0.1523,-1.7700,-7.9956,-16.3574,t005,MBYRA
2528163828,1158005,2,pelvis,midstance,-0.1786,0.9526,-0.1560,-1.3428,-10.8643,-14.7095,t005,MBYRA
2528163886,1158021,2,pelvis,midstance,-0.2126,0.9498,-0.1393,-0.8545,-16.2354,-11.2305,t005,MBYRA
2528163886,1158037,2,pelvis,midstance,-0.2246,0.9552,-0.1216,-1.2207,-17.8833,-12.5732,t005,MBYRA
2528163887,1158053,2,pelvis,midstance,-0.2246,0.9872,-0.1223,-0.8545,-16.9067,-14.5874,t005,MBYRA
2528163941,1158069,2,pelvis,terminal,-0.2163,0.9871,-0.1226,1.7700,-14.0381,-21.9727,t005,MBYRA
2528163941,1158085,2,pelvis,terminal,-0.2083,0.9827,-0.1176,4.5166,-11.3525,-29.0527,t005,MBYRA
2528163941,1158101,2,pelvis,terminal,-0.1935,0.9906,-0.1064,5.8594,-10.1929,-31.2500,t005,MBYRA
2528163941,1158117,2,pelvis,terminal,-0.1863,1.0067,-0.1027,8.3618,-9.0942,-36.8042,t005,MBYRA
2528164003,1158133,2,pelvis,terminal,-0.1539,1.0354,-0.0930,10.4980,-8.3008,-40.2222,t005,MBYRA
2528164003,1158149,2,pelvis,terminal,-0.1669,1.0427,-0.1198,18.3716,-7.6904,-48.2178,t005,MBYRA
2528164004,1158165,2,pelvis,terminal,-0.1892,1.0242,-0.1080,26.4282,-8.9111,-63.6597,t005,MBYRA
2528164004,1158181,2,pelvis,terminal,-0.2240,1.0027,-0.0884,28.1372,-9.1553,-71.3501,t005,MBYRA
2528164057,1158197,2,pelvis,terminal,-0.1743,1.0289,-0.0667,27.8931,-9.5825,-81.4209,t005,MBYRA
2528164058,1158214,2,pelvis,terminal,-0.1332,1.0614,-0.0291,23.3765,-13.7939,-86.6089,t005,MBYRA
2528164059,1158230,2,pelvis,terminal,-0.1345,1.1418,-0.0073,22.5830,-16.0522,-89.4165,t005,MBYRA
2528164118,1158246,2,pelvis,terminal,-0.1556,1.1620,-0.0260,24.4751,-16.9067,-99.1211,t005,MBYRA
2528164119,1158262,2,pelvis,terminal,-0.1477,1.1993,-0.0621,26.3672,-16.3574,-104.4311,t005,MBYRA
2528164119,1158278,2,pelvis,terminal,-0.0969,1.1910,-0.0651,29.1138,-20.0806,-115.9668,t005,MBYRA
2528164119,1158294,2,pelvis,terminal,-0.1113,1.2205,-0.0657,25.6958,-24.4141,-124.0234,t005,MBYRA
2528164171,1158310,2,pelvis,terminal,-0.2119,1.3009,-0.0367,25.5737,-23.1323,-127.4414,t005,MBYRA
2528164172,1158326,2,pelvis,swing,-0.3206,1.3760,-0.0930,40.0391,-19.1040,-140.3198,t005,MBYRA
2528164172,1158342,2,pelvis,swing,-0.3198,1.4010,-0.1029,47.2412,-18.7988,-154.5410,t005,MBYRA
2528164234,1158358,2,pelvis,swing,-0.5009,1.5072,-0.1019,49.0723,-24.4141,-161.2549,t005,MBYRA
2528164234,1158374,2,pelvis,swing,-0.7145,1.6166,-0.0504,48.9502,-36.4990,-198.6694,t005,MBYRA
2528164235,1158390,2,pelvis,swing,-0.8312,1.8013,0.0206,53.2837,-33.7524,-235.9009,t005,MBYRA
2528164235,1158406,2,pelvis,swing,-0.4930,1.3767,-0.1216,50.6592,-25.0244,-239.8071,t005,MBYRA
2528164290,1158422,2,pelvis,swing,-0.1951,1.3981,-0.1071,22.0337,8.4839,-274.0479,t005,MBYRA
2528164291,1158438,2,pelvis,swing,0.5031,1.6514,-0.0342,3.1738,22.3999,-292.1753,t005,MBYRA
2528164292,1158454,2,pelvis,swing,0.1995,1.4840,-0.2267,-23.5596,12.2681,-267.1509,t005,MBYRA
2528164292,1158470,2,pelvis,swing,-0.0897,1.3263,-0.2412,-20.2637,-9.1553,-210.8764,t005,MBYRA
2528164349,1158486,2,pelvis,swing,-0.3180,0.8068,-0.1229,-13.7329,-7.9346,-190.8569,t005,MBYRA
2528164350,1158503,2,pelvis,swing,-0.0937,0.5165,-0.0322,26.5503,-20.0195,-117.3706,t005,MBYRA
2528164350,1158519,2,pelvis,swing,0.3529,-0.0420,-0.1765,26.0010,-69.6411,-47.5464,t005,MBYRA
2528164405,1158535,2,pelvis,swing,0.1187,0.3608,-0.3849,-13.3667,-67.6270,-22.0337,t005,MBYRA
2528164406,1158551,2,pelvis,swing,-0.3649,0.5631,-0.3599,-18.1274,-38.6963,86.7920,t005,MBYRA
2528164406,1158567,2,pelvis,swing,-0.6964,0.2423,-0.1504,15.0757,-29.7241,121.8872,t005,MBYRA
2528164406,1158583,2,pelvis,swing,-0.4032,0.1719,0.0096,20.5078,-21.8506,113.4033,t005,MBYRA
2528164464,1158598,2,pelvis,swing,-0.2849,0.3589,-0.0085,-19.7144,-12.8174,159.1797,t005,MBYRA
2528164465,1158615,2,pelvis,swing,-0.3325,0.3727,-0.0413,-22.1558,-2.6245,200.7446,t005,MBYRA
2528164518,1158631,2,pelvis,swing,-0.3639,0.4233,-0.0253,-35.8887,28.6865,249.9389,t005,MBYRA
2528164519,1158646,2,pelvis,swing,-0.3583,0.6155,-0.0149,-41.6260,47.8516,269.6533,t005,MBYRA
2528164521,1158663,2,pelvis,swing,-0.2953,0.7422,-0.0310,-48.4009,74.5239,298.7061,t005,MBYRA
2528164521,1158678,2,pelvis,swing,-0.2687,0.8318,-0.0658,-43.6401,75.1343,319.5801,t005,MBYRA
2528164522,1158694,2,pelvis,swing,-0.2694,1.0295,-0.1758,-34.5459,68.7866,327.3315,t005,MBYRA
2528164578,1158710,2,pelvis,swing,-0.3719,1.2329,-0.2822,-23.2544,49.0112,331.1767,t005,MBYRA
2528164579,1158726,2,pelvis,swing,-0.3566,1.3240,-0.2953,-22.8882,24.7192,323.7304,t005,MBYRA
2528164579,1158742,2,pelvis,swing,-0.2432,1.4995,-0.2450,-20.0195,9.9487,321.3501,t005,MBYRA
2528164610,1158758,2,pelvis,swing,-0.2404,1.6437,-0.2147,-12.7563,-27.9541,316.2231,t005,MBYRA
2528164632,1158774,2,pelvis,swing,-0.0321,1.9840,-0.1624,-17.8833,-42.9687,308.2886,t005,MBYRA
2528164634,1158790,2,pelvis,swing,0.4354,2.0942,-0.0615,-35.5225,-54.9927,296.5698,t005,MBYRA
2528164634,1158806,2,pelvis,swing,0.5594,2.0513,-0.0338,-43.3960,-65.4907,287.7808,t005,MBYRA
2528164691,1158822,2,pelvis,swing,0.7175,1.9972,-0.0785,-49.4995,-74.4629,271.9727,t005,MBYRA
2528164692,1158838,2,pelvis,swing,0.7828,1.9487,-0.0548,-54.9316,-90.0879,223.6328,t005,MBYRA
2528164692,1158854,2,pelvis,swing,1.0481,1.7319,0.0513,-49.8047,-100.2808,177.0019,t005,MBYRA
2528164692,1158870,2,pelvis,swing,1.3359,1.6917,0.0798,-49.1333,-101.3184,155.4565,t005,MBYRA
2528164745,1158886,2,pelvis,swing,1.3926,1.6571,0.1016,-29.2969,-81.4209,96.6797,t005,MBYRA
2528164745,1158902,2,pelvis,loading,1.2898,1.4469,0.2167,-13.3057,-62.2559,59.8144,t005,MBYRA
2528164745,1158918,2,pelvis,loading,0.9120,1.4723,0.1575,2.5024,-20.8740,-17.7612,t005,MBYRA
2528164806,1158933,2,pelvis,loading,0.3030,1.7290,0.1526,10.9253,76.4160,-62.3779,t005,MBYRA
2528164807,1158949,2,pelvis,loading,-0.1927,0.6891,0.6482,12.2681,133.3618,-112.3047,t005,MBYRA
2528164807,1158965,2,pelvis,loading,-1.7776,0.7555,0.6007,-13.4888,97.0459,-186.5234,t005,MBYRA
2528164808,1158981,2,pelvis,loading,-1.6321,1.2946,0.3909,-1.5259,85.9375,-139.4653,t005,MBYRA
2528164862,1158997,2,pelvis,loading,1.5879,1.9235,0.4609,-21.9727,91.1865,-165.0390,t005,MBYRA
2528164864,1159013,2,pelvis,loading,0.5891,1.5370,0.2142,0.9766,46.8750,-146.1182,t005,MBYRA
2528164865,1159029,2,pelvis,loading,-0.8235,0.6042,-0.4492,-5.2490,53.2837,-121.1548,t005,MBYRA
2528164923,1159045,2,pelvis,loading,-0.5658,0.6104,-0.5349,-38.5132,109.6191,-101.3184,t005,MBYRA
2528164924,1159061,2,pelvis,loading,0.6178,1.3745,-0.1499,-26.6113,101.8677,-80.5664,t005,MBYRA
2528164924,1159077,2,pelvis,loading,0.0740,1.0543,-0.0128,31.7383,32.1655,-72.3267,t005,MBYRA
2528164925,1159092,2,pelvis,loading,-0.0974,0.9020,0.0692,37.6587,-32.4097,-58.4106,t005,MBYRA
2528164979,1159108,2,pelvis,loading,-0.1908,0.8939,-0.0756,32.1655,-47.9736,-41.8091,t005,MBYRA
2528164980,1159124,2,pelvis,midstance,-0.2540,0.9398,-0.1364,19.2871,-41.0767,-18.6768,t005,MBYRA
2528164980,1159140,2,pelvis,midstance,-0.3118,0.9752,-0.0475,11.9019,-18.1274,-23.2544,t005,MBYRA
2528164980,1159156,2,pelvis,midstance,-0.3158,0.9468,0.0076,0.9155,-5.2490,-28.9917,t005,MBYRA
2528165045,1159172,2,pelvis,midstance,-0.2804,0.9336,-0.0402,-17.3340,15.9302,-33.6304,t005,MBYRA
2528165046,1159188,2,pelvis,midstance,-0.1919,0.9314,-0.1484,-18.4937,18.6157,-30.9448,t005,MBYRA
2528165047,1159204,2,pelvis,midstance,-0.1627,0.9750,-0.1661,-5.9204,2.9907,-24.5361,t005,MBYRA
2528165047,1159220,2,pelvis,midstance,-0.1464,0.9751,-0.1472,9.8267,-20.7520,-20.9351,t005,MBYRA
2528165105,1159236,2,pelvis,midstance,-0.1573,0.9452,-0.1075,13.7329,-28.0762,-15.6860,t005,MBYRA
2528165106,1159252,2,pelvis,midstance,-0.1974,0.9269,-0.0890,11.4746,-29.2969,-2.7466,t005,MBYRA
2528165107,1159268,2,pelvis,midstance,-0.2808,0.9335,-0.0306,1.4648,-18.3105,-4.3335,t005,MBYRA
2528165107,1159284,2,pelvis,midstance,-0.2717,0.9641,-0.0510,-2.7466,-9.5825,-9.7656,t005,MBYRA
2528165167,1159300,2,pelvis,midstance,-0.2526,0.9574,-0.0784,-6.5918,-0.7935,-19.1040,t005,MBYRA
2528165168,1159317,2,pelvis,midstance,-0.1971,0.9493,-0.1577,-7.2632,-1.9531,-20.5078,t005,MBYRA
2528165168,1159333,2,pelvis,midstance,-0.1819,0.9464,-0.1688,-3.9062,-9.7656,-18.4326,t005,MBYRA
2528165224,1159349,2,pelvis,midstance,-0.1973,0.9490,-0.1296,-0.9766,-14.4653,-15.8691,t005,MBYRA
2528165225,1159365,2,pelvis,midstance,-0.2417,0.9695,-0.0775,-0.9155,-12.6953,-16.7236,t005,MBYRA
2528165225,1159381,2,pelvis,terminal,-0.2413,0.9958,-0.0941,-0.7324,-6.1646,-24.1089,t005,MBYRA
2528165226,1159397,2,pelvis,terminal,-0.2208,0.9908,-0.1072,2.0142,-3.2349,-34.7900,t005,MBYRA
2528165290,1159413,2,pelvis,terminal,-0.1692,0.9733,-0.1210,3.5400,-3.1738,-37.3535,t005,MBYRA
2528165291,1159429,2,pelvis,terminal,-0.1489,0.9735,-0.1196,7.6294,-4.0894,-37.3535,t005,MBYRA
2528165291,1159445,2,pelvis,terminal,-0.1333,0.9841,-0.1071,9.9487,-4.7607,-36.5601,t005,MBYRA
2528165291,1159461,2,pelvis,terminal,-0.1351,1.0133,-0.1183,13.9160,-4.7607,-37.9028,t005,MBYRA
2528165349,1159477,2,pelvis,terminal,-0.1465,0.9948,-0.1210,17.0898,-5.5542,-44.2505,t005,MBYRA
2528165351,1159493,2,pelvis,terminal,-0.1514,1.0195,-0.0934,18.5547,-7.1411,-46.3257,t005,MBYRA
2528165352,1159509,2,pelvis,terminal,-0.1897,1.0850,-0.0714,22.8882,-10.1929,-55.9082,t005,MBYRA
2528165352,1159525,2,pelvis,terminal,-0.1923,1.0682,-0.0737,29.4189,-9.7656,-74.7681,t005,MBYRA
2528165411,1159542,2,pelvis,terminal,-0.1708,1.0957,-0.0682,32.3486,-8.6060,-80.0781,t005,MBYRA
2528165411,1159558,2,pelvis,terminal,-0.1495,1.1350,-0.0623,42.2363,-6.9580,-90.8203,t005,MBYRA
2528165412,1159573,2,pelvis,terminal,-0.1075,1.1750,-0.0657,48.3398,-8.0566,-98.7549,t005,MBYRA
2528165412,1159590,2,pelvis,terminal,-0.0939,1.2074,0.0188,52.8564,-16.9678,-109.0088,t005,MBYRA
2528165468,1159606,2,pelvis,terminal,-0.1322,1.2941,0.0565,57.3730,-21.6675,-116.5771,t005,MBYRA
2528165470,1159622,2,pelvis,terminal,-0.2638,1.4642,-0.0176,62.8052,-19.3481,-129.5166,t005,MBYRA
2528165470,1159638,2,pelvis,terminal,-0.3313,1.4989,-0.0289,60.3027,-11.7187,-145.2026,t005,MBYRA
2528165513,1159654,2,pelvis,terminal,-0.3607,1.5912,-0.0532,64.3311,-12.4512,-156.9824,t005,MBYRA
2528165530,1159670,2,pelvis,terminal,-0.5392,1.7562,-0.1956,69.5801,-19.7144,-174.1943,t005,MBYRA
2528165531,1159686,2,pelvis,terminal,-0.6884,1.7822,-0.1962,72.9370,-34.5459,-209.7168,t005,MBYRA
2528165531,1159702,2,pelvis,terminal,-0.8781,1.8140,-0.3147,61.2183,-34.7900,-246.7041,t005,MBYRA
2528165590,1159718,2,pelvis,terminal,-1.0914,1.5560,-0.2124,48.8281,-25.6348,-262.4512,t005,MBYRA
2528165590,1159734,2,pelvis,terminal,-0.8856,1.4037,-0.0240,58.4106,-19.6533,-274.9023,t005,MBYRA
2528165590,1159750,2,pelvis,terminal,-0.3159,0.9130,-0.1136,58.7769,-33.9966,-291.6260,t005,MBYRA
2528165650,1159766,2,pelvis,terminal,0.9163,1.3491,-0.2666,-1.6479,-43.1519,-277.6489,t005,MBYRA
2528165650,1159783,2,pelvis,terminal,0.8668,1.4280,-0.1639,-8.6060,10.1929,-158.1421,t005,MBYRA
2528165651,1159799,2,pelvis,terminal,0.0682,0.5680,0.0325,11.2305,-8.1177,-133.3008,t005,MBYRA
2528165706,1159814,2,pelvis,terminal,-0.1294,0.2852,0.0477,39.0015,-80.5054,-72.9980,t005,MBYRA
2528165707,1159830,2,pelvis,terminal,-0.1942,0.2433,-0.2367,1.5259,-70.9839,-8.5449,t005,MBYRA
2528165708,1159846,2,pelvis,terminal,-0.8826,0.3390,-0.2187,-9.8877,-52.9785,24.2920,t005,MBYRA
2528165769,1159863,2,pelvis,terminal,-0.9003,0.1466,-0.1224,-13.6719,-12.1460,65.0635,t005,MBYRA
2528165769,1159879,2,pelvis,terminal,-0.3993,0.1277,0.0383,-28.7476,13.1226,74.2798,t005,MBYRA
2528165770,1159894,2,pelvis,terminal,-0.1899,0.2999,-0.0135,-52.6123,54.6265,105.2856,t005,MBYRA
2528165826,1159910,2,pelvis,terminal,-0.2493,0.3823,-0.0858,-62.3779,77.7588,164.3677,t005,MBYRA
2528165828,1159926,2,pelvis,terminal,-0.3101,0.5691,-0.1241,-62.9883,92.1631,197.4487,t005,MBYRA
2528165829,1159942,2,pelvis,terminal,-0.3020,0.6230,-0.0902,-59.6924,117.5537,252.6855,t005,MBYRA
2528165829,1159958,2,pelvis,terminal,-0.3059,0.7184,-0.1185,-60.4248,121.5820,269.5312,t005,MBYRA
2528165888,1159974,2,pelvis,terminal,-0.2655,0.8949,-0.2512,-58.2886,113.8916,293.4570,t005,MBYRA
2528165889,1159990,2,pelvis,terminal,-0.2476,0.9757,-0.3054,-47.1191,91.8579,308.7769,t005,MBYRA
2528165889,1160006,2,pelvis,terminal,-0.2295,1.1687,-0.3757,-43.0298,78.7354,313.9038,t005,MBYRA
2528165898,1160022,2,pelvis,terminal,-0.1923,1.2998,-0.3456,-34.3018,50.8423,316.4062,t005,MBYRA
2528165935,1160038,2,pelvis,terminal,-0.1887,1.3442,-0.3295,-27.4048,16.5405,325.3784,t005,MBYRA
2528165946,1160054,2,pelvis,terminal,-0.2736,1.5542,-0.3431,-28.8696,0.6714,331.7871,t005,MBYRA
2528165947,1160070,2,pelvis,terminal,-0.2181,1.7367,-0.3380,-42.2974,-19.2871,335.7544,t005,MBYRA
2528165947,1160086,2,pelvis,terminal,0.2777,2.0844,-0.2942,-51.4526,-27.8931,330.5053,t005,MBYRA
2528165947,1160102,2,pelvis,terminal,0.7615,2.2550,-0.2565,-61.0352,-53.7109,309.1431,t005,MBYRA
2528165948,1160118,2,pelvis,terminal,0.8337,2.2745,-0.2598,-64.9414,-63.3545,277.7710,t005,MBYRA
2528166006,1160134,2,pelvis,terminal,0.9509,2.1990,-0.4054,-66.9556,-56.8237,252.8076,t005,MBYRA
2528166006,1160150,2,pelvis,terminal,1.4333,1.7892,0.0714,-55.3589,-65.7349,182.4341,t005,MBYRA
2528166006,1160166,2,pelvis,terminal,1.6877,1.7577,0.1373,-48.5840,-102.9663,122.4365,t005,MBYRA
2528166007,1160182,2,pelvis,terminal,1.6752,1.9430,0.0514,-48.5840,-88.7451,97.9614,t005,MBYRA
2528166060,1160198,2,pelvis,terminal,1.4954,1.8521,0.3486,11.0474,10.6201,12.6953,t005,MBYRA
2528166060,1160214,2,pelvis,loading,1.1792,1.4854,1.3170,18.3716,54.0161,-42.4805,t005,MBYRA
2528166060,1160230,2,pelvis,loading,-1.8049,0.9294,1.6138,4.1504,128.0518,-159.6680,t005,MBYRA
2528166101,1160245,2,pelvis,loading,-3.0918,0.9155,0.6711,-17.2729,117.8589,-196.7773,t005,MBYRA
2528166125,1160261,2,pelvis,loading,1.3165,1.7395,0.5255,-34.7290,107.7881,-203.9184,t005,MBYRA
2528166126,1160277,2,pelvis,loading,1.6501,1.8561,0.3669,-16.4795,66.4673,-187.4389,t005,MBYRA
2528166126,1160293,2,pelvis,loading,-0.5867,1.0266,-0.6317,-7.1411,57.3730,-141.4795,t005,MBYRA
2528166183,1160309,2,pelvis,loading,0.0363,1.0142,-0.3832,-36.3159,128.6621,-94.2383,t005,MBYRA
2528166184,1160325,2,pelvis,loading,0.5692,1.2673,-0.2456,26.2451,83.5571,-81.9702,t005,MBYRA
2528166185,1160341,2,pelvis,loading,0.1628,0.9463,-0.1570,51.5137,31.5552,-81.2378,t005,MBYRA
2528166186,1160357,2,pelvis,loading,0.0177,0.9424,0.0496,56.7627,-65.0024,-59.8755,t005,MBYRA
2528166248,1160373,2,pelvis,loading,-0.2496,0.8833,-0.0146,35.8276,-66.8945,-20.6909,t005,MBYRA
2528166248,1160389,2,pelvis,loading,-0.3333,0.9498,-0.0500,22.5830,-44.6167,-14.4043,t005,MBYRA
2528166249,1160405,2,pelvis,loading,-0.3409,0.9741,0.0117,1.7090,-6.8970,-28.8696,t005,MBYRA
2528166249,1160421,2,pelvis,loading,-0.2911,0.9697,0.0079,-7.2021,5.8594,-37.7808,t005,MBYRA
2528166307,1160437,2,pelvis,loading,-0.1844,0.9434,-0.1163,-16.1133,18.0664,-39.4897,t005,MBYRA
2528166307,1160453,2,pelvis,midstance,-0.1768,0.9459,-0.1510,-4.3945,10.5591,-32.5928,t005,MBYRA
2528166308,1160469,2,pelvis,midstance,-0.1245,0.9558,-0.1738,3.2959,3.4180,-30.0903,t005,MBYRA
2528166308,1160484,2,pelvis,midstance,-0.0897,0.9647,-0.1570,12.0850,-18.6157,-20.0806,t005,MBYRA
2528166374,1160501,2,pelvis,midstance,-0.2152,0.9452,-0.0673,10.7422,-25.6348,-13.7939,t005,MBYRA
2528166375,1160517,2,pelvis,midstance,-0.2729,0.9465,-0.0442,0.4272,-16.1743,-12.0850,t005,MBYRA
2528166375,1160533,2,pelvis,midstance,-0.2683,0.9561,-0.0513,-6.5308,0.0610,-21.3623,t005,MBYRA
2528166375,1160549,2,pelvis,midstance,-0.2074,0.9586,-0.0973,-7.5073,5.3101,-25.2075,t005,MBYRA
2528166434,1160565,2,pelvis,midstance,-0.1146,0.9684,-0.1394,-5.9814,4.3945,-27.7100,t005,MBYRA
2528166436,1160581,2,pelvis,midstance,-0.0957,0.9590,-0.1340,-2.0142,-9.4604,-23.5596,t005,MBYRA
2528166437,1160597,2,pelvis,midstance,-0.1786,0.9556,-0.1143,-1.4648,-14.9536,-19.8364,t005,MBYRA
2528166437,1160613,2,pelvis,midstance,-0.2084,0.9753,-0.0939,-2.9297,-14.0991,-20.2637,t005,MBYRA
2528166499,1160630,2,pelvis,midstance,-0.2040,0.9969,-0.0851,-1.7700,-8.3618,-29.2358,t005,MBYRA
2528166500,1160646,2,pelvis,midstance,-0.1708,0.9943,-0.1260,0.1221,-7.2021,-33.1421,t005,MBYRA
2528166500,1160662,2,pelvis,midstance,-0.1505,0.9899,-0.1311,5.1880,-7.6294,-37.9028,t005,MBYRA
2528166557,1160678,2,pelvis,midstance,-0.1130,0.9916,-0.1182,7.8125,-8.3618,-39.1846,t005,MBYRA
2528166558,1160694,2,pelvis,terminal,-0.1165,1.0070,-0.1010,12.9395,-8.5449,-42.9077,t005,MBYRA
2528166558,1160710,2,pelvis,terminal,-0.1158,1.0293,-0.1034,17.1509,-6.8970,-48.3398,t005,MBYRA
2528166559,1160726,2,pelvis,terminal,-0.1284,1.0435,-0.1064,19.6533,-7.0190,-52.1851,t005,MBYRA
2528166564,1160742,2,pelvis,terminal,-0.1527,1.0881,-0.0649,26.9775,-7.0190,-61.4624,t005,MBYRA
2528166624,1160758,2,pelvis,terminal,-0.1604,1.1000,-0.0662,32.2266,-8.3008,-74.2188,t005,MBYRA
2528166625,1160775,2,pelvis,terminal,-0.1494,1.1173,0.0140,34.1797,-8.6060,-81.2378,t005,MBYRA
2528166625,1160791,2,pelvis,terminal,-0.1388,1.1655,0.0037,42.4805,-7.1411,-97.6562,t005,MBYRA
2528166684,1160806,2,pelvis,terminal,-0.1893,1.2455,-0.1156,46.1426,-7.1411,-106.2012,t005,MBYRA
2528166684,1160823,2,pelvis,swing,-0.1924,1.3363,-0.0968,50.4761,-7.9346,-122.4976,t005,MBYRA
2528166685,1160839,2,pelvis,swing,-0.2159,1.4479,-0.0940,58.3496,-13.0615,-140.5029,t005,MBYRA
2528166685,1160855,2,pelvis,swing,-0.3088,1.5830,-0.0897,62.1338,-17.4561,-149.2310,t005,MBYRA
2528166751,1160871,2,pelvis,swing,-0.4236,1.8253,-0.0072,68.6035,-32.2266,-165.5273,t005,MBYRA
2528166751,1160887,2,pelvis,swing,-0.6271,1.9172,0.0155,73.1812,-45.5322,-197.5098,t005,MBYRA
2528166751,1160903,2,pelvis,swing,-0.9254,1.8940,-0.0511,75.5615,-56.5796,-223.7549,t005,MBYRA
2528166752,1160919,2,pelvis,swing,-1.0930,1.7159,-0.1498,61.5845,-63.7207,-274.4751,t005,MBYRA
2528166810,1160935,2,pelvis,swing,-1.0074,1.3759,0.0774,67.9932,-65.6128,-294.2505,t005,MBYRA
2528166812,1160951,2,pelvis,swing,0.4161,1.6832,-0.3060,61.2793,-60.6079,-306.2744,t005,MBYRA
2528166812,1160967,2,pelvis,swing,0.7137,1.6747,-0.4414,-0.9155,-15.6250,-301.0864,t005,MBYRA
2528166812,1160984,2,pelvis,swing,0.1292,1.3254,-0.3051,-12.0850,-2.3193,-253.1738,t005,MBYRA
2528166874,1161000,2,pelvis,swing,-0.0703,0.5834,-0.0323,-11.0474,2.6245,-153.2593,t005,MBYRA
2528166874,1161016,2,pelvis,swing,0.1277,0.1896,0.0092,6.7139,-63.1103,-103.5156,t005,MBYRA
2528166875,1161032,2,pelvis,swing,0.1940,-0.0157,-0.2230,8.0566,-100.7690,-78.4912,t005,MBYRA
2528166875,1161047,2,pelvis,swing,-0.0173,0.1490,-0.4041,-44.3115,-103.8818,-12.2681,t005,MBYRA
2528166934,1161063,2,pelvis,swing,-0.9431,0.3395,-0.2576,-43.8232,-68.3594,58.9600,t005,MBYRA
2528166935,1161080,2,pelvis,swing,-0.5820,0.0117,0.0426,-34.3628,-52.6733,66.5894,t005,MBYRA
2528166935,1161096,2,pelvis,swing,-0.3336,0.0054,0.0759,-61.5845,-21.6675,80.8716,t005,MBYRA
2528166935,1161111,2,pelvis,swing,-0.2360,0.2378,-0.0533,-78.1250,-9.8877,101.5625,t005,MBYRA
2528166997,1161127,2,pelvis,swing,-0.4482,0.4307,-0.1337,-94.2993,15.8691,160.0342,t005,MBYRA
2528166997,1161143,2,pelvis,swing,-0.4285,0.4888,-0.0891,-100.3418,40.8325,212.8296,t005,MBYRA
2528166998,1161160,2,pelvis,swing,-0.3102,0.5593,-0.0183,-100.9521,44.7998,236.1450,t005,MBYRA
2528167055,1161176,2,pelvis,swing,-0.3187,0.6221,-0.0439,-100.4028,39.6729,280.8228,t005,MBYRA
2528167057,1161192,2,pelvis,swing,-0.4507,0.8285,-0.1177,-98.3276,27.5269,312.3169,t005,MBYRA
2528167058,1161208,2,pelvis,swing,-0.4115,1.0619,-0.1017,-96.6186,17.3340,318.5425,t005,MBYRA
2528167058,1161224,2,pelvis,swing,-0.4047,1.1639,-0.0850,-86.2427,-6.4087,328.4301,t005,MBYRA
2528167117,1161240,2,pelvis,swing,-0.4684,1.3328,-0.0211,-80.6274,-18.1885,334.1674,t005,MBYRA
2528167118,1161256,2,pelvis,swing,-0.5648,1.5389,0.0601,-73.3643,-36.0718,343.4448,t005,MBYRA
2528167118,1161272,2,pelvis,swing,-0.5818,1.6885,0.0996,-73.3643,-40.0391,352.0508,t005,MBYRA
2528167118,1161288,2,pelvis,swing,-0.4321,2.0874,0.2007,-73.4863,-34.5459,356.3842,t005,MBYRA
2528167175,1161304,2,pelvis,swing,-0.1730,2.2445,0.2352,-77.3926,-24.5972,345.3979,t005,MBYRA
2528167177,1161320,2,pelvis,swing,0.4655,2.5148,0.2214,-90.6372,-31.1279,307.3730,t005,MBYRA
2528167177,1161336,2,pelvis,swing,0.7222,2.7817,-0.1387,-102.7222,-20.3857,286.0718,t005,MBYRA
2528167177,1161352,2,pelvis,swing,0.9492,2.5310,-0.0648,-73.9136,48.0957,222.6562,t005,MBYRA
2528167235,1161367,2,pelvis,swing,2.0991,1.8090,0.3995,-49.8047,51.2085,175.9033,t005,MBYRA
2528167236,1161383,2,pelvis,swing,2.3063,1.7655,0.2053,-64.9414,4.1504,80.8716,t005,MBYRA
2528167290,1161399,2,pelvis,swing,1.9713,1.9139,0.1644,-29.9683,42.3584,-4.1504,t005,MBYRA
2528167291,1161415,2,pelvis,loading,1.7689,1.8422,0.7473,-3.1128,77.8809,-61.2183,t005,MBYRA
2528167291,1161431,2,pelvis,loading,0.8164,1.3694,0.7288,-5.0049,126.5259,-211.3037,t005,MBYRA
2528167291,1161446,2,pelvis,loading,-2.9613,1.1420,0.3966,15.8081,98.3887,-241.1499,t005,MBYRA
2528167291,1161462,2,pelvis,loading,1.5071,1.4717,0.5024,23.1934,58.5327,-185.9741,t005,MBYRA
2528167356,1161478,2,pelvis,loading,1.2839,1.6615,0.2260,4.8828,53.9551,-174.8657,t005,MBYRA
2528167356,1161494,2,pelvis,loading,-0.6156,0.9103,-0.5712,7.0801,46.0815,-140.9302,t005,MBYRA
2528167356,1161510,2,pelvis,loading,-0.2432,0.8381,-0.5729,-8.5449,102.2949,-81.0547,t005,MBYRA
2528167357,1161526,2,pelvis,loading,0.5149,1.2863,-0.0934,-4.0894,100.7690,-69.4580,t005,MBYRA
2528167415,1161542,2,pelvis,loading,-0.1056,0.9117,-0.0287,37.5977,33.6914,-76.2939,t005,MBYRA
2528167417,1161558,2,pelvis,loading,-0.1057,0.9233,0.0160,33.9355,-27.3437,-60.1807,t005,MBYRA
2528167418,1161574,2,pelvis,loading,-0.1621,0.9264,-0.0974,29.7852,-43.6401,-50.5371,t005,MBYRA
2528167418,1161590,2,pelvis,loading,-0.2578,0.9219,-0.1367,18.5547,-40.6494,-29.9683,t005,MBYRA
2528167480,1161606,2,pelvis,loading,-0.2759,0.9760,-0.0662,11.0474,-22.4609,-31.5552,t005,MBYRA
2528167481,1161622,2,pelvis,loading,-0.2719,0.9323,-0.0365,4.3945,-13.3667,-33.6304,t005,MBYRA
2528167482,1161638,2,pelvis,loading,-0.2867,0.9294,-0.0605,-7.2632,1.5869,-33.8745,t005,MBYRA
2528167482,1161654,2,pelvis,loading,-0.2390,0.9482,-0.1151,-8.2397,5.7373,-34.3018,t005,MBYRA
2528167540,1161670,2,pelvis,loading,-0.1410,0.9390,-0.1219,-2.9297,1.9531,-30.9448,t005,MBYRA
2528167541,1161686,2,pelvis,midstance,-0.1191,0.9590,-0.1173,3.1738,-11.2915,-19.8364,t005,MBYRA
2528167541,1161702,2,pelvis,midstance,-0.1805,0.9624,-0.0992,7.0190,-15.0757,-15.0146,t005,MBYRA
2528167542,1161719,2,pelvis,midstance,-0.2382,0.9480,-0.0748,7.2021,-12.2681,-11.4746,t005,MBYRA
2528167608,1161735,2,pelvis,midstance,-0.2435,0.9480,-0.0679,-1.0376,-5.3711,-19.1040,t005,MBYRA
2528167608,1161751,2,pelvis,midstance,-0.2250,0.9591,-0.0994,-3.9062,-1.4648,-23.0713,t005,MBYRA
2528167609,1161767,2,pelvis,midstance,-0.1865,0.9609,-0.1232,-4.5776,1.4038,-26.4282,t005,MBYRA
2528167609,1161783,2,pelvis,midstance,-0.1371,0.9618,-0.1433,-2.9907,-1.8921,-25.8789,t005,MBYRA
2528167670,1161799,2,pelvis,midstance,-0.1724,0.9650,-0.1094,0.4883,-11.9019,-23.2544,t005,MBYRA
2528167670,1161815,2,pelvis,terminal,-0.1882,0.9745,-0.0902,1.5869,-12.7563,-23.4375,t005,MBYRA
2528167670,1161831,2,pelvis,terminal,-0.1826,0.9865,-0.0787,0.4272,-10.3760,-25.9399,t005,MBYRA
2528167671,1161847,2,pelvis,terminal,-0.1617,0.9935,-0.0920,0.3662,-6.7139,-29.8462,t005,MBYRA
2528167737,1161864,2,pelvis,terminal,-0.1389,0.9929,-0.1105,3.5400,-6.7749,-31.5552,t005,MBYRA
2528167737,1161880,2,pelvis,terminal,-0.1017,0.9921,-0.1124,5.1270,-8.4229,-31.3721,t005,MBYRA
2528167738,1161896,2,pelvis,terminal,-0.1056,1.0031,-0.0985,8.0566,-11.2305,-32.7148,t005,MBYRA
2528167795,1161912,2,pelvis,terminal,-0.1359,1.0220,-0.1013,12.0850,-11.1084,-39.1235,t005,MBYRA
2528167796,1161928,2,pelvis,swing,-0.1589,1.0187,-0.1093,14.2212,-10.2539,-44.1894,t005,MBYRA
2528167796,1161944,2,pelvis,swing,-0.1624,1.0520,-0.0979,20.8740,-8.1787,-54.3213,t005,MBYRA
2528167797,1161960,2,pelvis,swing,-0.1890,1.1053,-0.0929,24.9023,-8.1177,-61.2793,t005,MBYRA
2528167797,1161976,2,pelvis,swing,-0.1713,1.1294,-0.0321,35.0952,-7.9956,-78.6743,t005,MBYRA
2528167863,1161992,2,pelvis,swing,-0.1588,1.1578,-0.0284,42.7246,-8.8501,-92.1020,t005,MBYRA
2528167864,1162008,2,pelvis,swing,-0.1838,1.2499,-0.0970,47.4853,-9.1553,-97.5952,t005,MBYRA
2528167864,1162024,2,pelvis,swing,-0.1803,1.2837,-0.0726,53.4058,-9.4604,-108.5815,t005,MBYRA
2528167864,1162040,2,pelvis,swing,-0.1952,1.3502,-0.0005,55.7861,-11.3525,-116.4551,t005,MBYRA
2528167925,1162056,2,pelvis,swing,-0.2684,1.4628,-0.0250,59.0210,-9.8877,-132.8125,t005,MBYRA
2528167925,1162072,2,pelvis,swing,-0.3143,1.4990,-0.0394,60.7300,-9.0942,-164.6728,t005,MBYRA
2528167926,1162088,2,pelvis,swing,-0.4136,1.6093,-0.0509,65.0024,-9.3994,-172.0581,t005,MBYRA
2528167926,1162104,2,pelvis,swing,-0.5989,1.7828,-0.0691,77.0874,-28.9917,-196.4722,t005,MBYRA
2528167986,1162120,2,pelvis,swing,-0.8639,1.7874,-0.0782,74.6460,-52.6733,-242.0044,t005,MBYRA
2528167987,1162136,2,pelvis,swing,-1.1252,1.5509,-0.1831,64.4531,-49.4995,-259.7656,t005,MBYRA
2528167994,1162152,2,pelvis,swing,-0.8574,1.4838,-0.0391,57.9834,-43.7012,-292.9687,t005,MBYRA
2528168044,1162169,2,pelvis,swing,0.1127,1.7130,0.0336,65.3076,-40.6494,-302.3682,t005,MBYRA
2528168046,1162185,2,pelvis,swing,0.5021,1.5658,-0.3865,38.8184,-24.9023,-299.7437,t005,MBYRA
2528168047,1162200,2,pelvis,swing,0.3053,1.4896,-0.3588,-1.0376,11.2915,-240.4785,t005,MBYRA
2528168084,1162216,2,pelvis,swing,-0.3445,0.9902,-0.1195,5.1270,23.5596,-189.5141,t005,MBYRA
2528168109,1162232,2,pelvis,swing,-0.2015,0.2379,-0.0273,13.4277,6.6528,-116.0278,t005,MBYRA
2528168109,1162248,2,pelvis,swing,-0.0029,0.0275,0.0304,23.4375,-38.2080,-67.6880,t005,MBYRA
2528168110,1162264,2,pelvis,swing,0.0728,0.1652,-0.2548,7.6904,-33.0200,-43.0298,t005,MBYRA
2528168110,1162280,2,pelvis,swing,-0.3413,0.3395,-0.3109,-16.7236,-0.8545,42.2363,t005,MBYRA
2528168168,1162296,2,pelvis,swing,-0.7080,0.2052,-0.1382,-7.9956,7.4463,72.3877,t005,MBYRA
2528168170,1162312,2,pelvis,swing,-0.3862,0.0890,-0.0078,-9.4604,28.5645,100.8911,t005,MBYRA
2528168170,1162328,2,pelvis,swing,-0.2953,0.1637,-0.0481,-37.9028,46.3257,139.7095,t005,MBYRA
2528168231,1162344,2,pelvis,swing,-0.2776,0.3402,-0.1932,-46.0205,52.4902,161.6821,t005,MBYRA
2528168232,1162360,2,pelvis,swing,-0.2762,0.5540,-0.1729,-53.7720,66.5283,217.4682,t005,MBYRA
2528168233,1162376,2,pelvis,swing,-0.2684,0.6182,-0.1254,-51.6357,77.9419,266.4795,t005,MBYRA
2528168293,1162392,2,pelvis,swing,-0.2448,0.7301,-0.1007,-53.7109,77.2705,283.8745,t005,MBYRA
2528168294,1162408,2,pelvis,swing,-0.2743,0.7948,-0.1250,-52.8564,64.8804,311.1572,t005,MBYRA
2528168295,1162424,2,pelvis,swing,-0.2805,0.9464,-0.2054,-49.1943,54.5044,324.4629,t005,MBYRA
2528168296,1162440,2,pelvis,swing,-0.3275,1.1748,-0.2700,-49.8657,30.3955,337.8906,t005,MBYRA
2528168296,1162456,2,pelvis,swing,-0.3157,1.2813,-0.2567,-46.3257,6.7749,339.3554,t005,MBYRA
2528168346,1162472,2,pelvis,swing,-0.2937,1.4337,-0.1997,-44.4946,-8.0566,340.3930,t005,MBYRA
2528168358,1162488,2,pelvis,swing,-0.3275,1.6584,-0.1151,-48.7061,-39.6118,341.4917,t005,MBYRA
2528168359,1162504,2,pelvis,swing,-0.2566,1.8438,-0.0505,-62.9883,-56.6406,336.1816,t005,MBYRA
2528168359,1162520,2,pelvis,swing,0.2581,2.2162,0.0604,-73.2422,-59.5703,328.4912,t005,MBYRA
2528168417,1162536,2,pelvis,swing,0.5853,2.3281,0.1169,-77.2705,-68.9087,313.4155,t005,MBYRA
2528168417,1162552,2,pelvis,loading,0.8735,2.3674,0.1245,-70.8008,-73.3032,299.9268,t005,MBYRA
2528168418,1162568,2,pelvis,loading,1.0066,2.1340,0.0934,-56.7627,-60.2417,249.5727,t005,MBYRA
2528168418,1162584,2,pelvis,loading,1.1946,1.9221,0.1479,-35.8276,-49.0723,181.1523,t005,MBYRA
2528168421,1162600,2,pelvis,loading,1.6602,1.7858,0.0966,-36.3770,-46.3867,152.4658,t005,MBYRA
2528168481,1162615,2,pelvis,loading,1.8042,1.7682,0.1116,-32.1655,-28.3813,89.5996,t005,MBYRA
2528168482,1162631,2,pelvis,loading,1.5729,1.6992,0.2697,-19.1040,-17.5781,43.8232,t005,MBYRA
2528168482,1162647,2,pelvis,loading,0.7084,1.7886,0.4177,-9.5825,49.3774,-35.5835,t005,MBYRA
2528168538,1162663,2,pelvis,loading,0.8231,1.2295,0.6724,-11.9019,144.8364,-152.5269,t005,MBYRA
2528168539,1162679,2,pelvis,loading,-2.7196,0.9510,0.4796,-13.7939,114.6851,-183.6548,t005,MBYRA
2528168539,1162695,2,pelvis,loading,0.0408,1.3785,0.5421,10.1929,70.6787,-153.1372,t005,MBYRA
2528168541,1162711,2,pelvis,loading,1.5121,1.7820,0.5109,-10.8032,71.4111,-173.3398,t005,MBYRA
2528168606,1162727,2,pelvis,loading,-0.4041,1.0160,-0.2026,1.5259,46.0205,-157.2876,t005,MBYRA
2528168607,1162743,2,pelvis,loading,-0.8234,0.5732,-0.4746,-13.7939,60.3027,-121.0937,t005,MBYRA
2528168607,1162758,2,pelvis,loading,-0.0929,0.8771,-0.4554,-31.8603,80.8716,-105.7739,t005,MBYRA
2528168663,1162774,2,pelvis,loading,0.5331,1.4794,-0.1296,-15.3198,75.9277,-68.9087,t005,MBYRA
2528168665,1162790,2,pelvis,loading,0.3571,1.3370,-0.0085,39.3066,-1.0986,-65.6738,t005,MBYRA
2528168666,1162807,2,pelvis,loading,-0.1790,0.8674,-0.0424,43.3960,-30.7007,-67.6270,t005,MBYRA
2528168684,1162823,2,pelvis,loading,-0.2455,0.8506,-0.1068,22.7051,-36.4990,-46.8750,t005,MBYRA
2528168710,1162839,2,pelvis,loading,-0.2722,0.9498,-0.0831,16.5405,-27.9541,-37.7197,t005,MBYRA
2528168728,1162855,2,pelvis,loading,-0.2777,0.9606,-0.0206,4.3945,-11.9629,-38.2690,t005,MBYRA
2528168729,1162871,2,pelvis,midstance,-0.2653,0.9647,-0.0375,-8.1787,1.7700,-42.1143,t005,MBYRA
2528168729,1162887,2,pelvis,midstance,-0.2251,0.9603,-0.1189,-8.7280,5.3711,-41.1987,t005,MBYRA
2528168729,1162903,2,pelvis,midstance,-0.1738,0.9512,-0.1493,-2.2583,1.9531,-34.9121,t005,MBYRA
2528168787,1162919,2,pelvis,midstance,-0.1417,0.9502,-0.1421,2.8687,-11.0474,-27.0996,t005,MBYRA
2528168789,1162935,2,pelvis,midstance,-0.1810,0.9567,-0.1104,4.2114,-18.9209,-21.4233,t005,MBYRA
2528168789,1162951,2,pelvis,midstance,-0.2290,0.9529,-0.0958,5.7983,-18.2495,-16.3574,t005,MBYRA
2528168790,1162967,2,pelvis,midstance,-0.2231,0.9467,-0.0865,4.3335,-12.5732,-16.9678,t005,MBYRA
2528168852,1162983,2,pelvis,midstance,-0.2119,0.9448,-0.1025,-0.7935,-7.2021,-18.1274,t005,MBYRA
2528168853,1162999,2,pelvis,midstance,-0.1952,0.9498,-0.1257,-1.5869,-6.2866,-19.0430,t005,MBYRA
2528168853,1163015,2,pelvis,midstance,-0.1675,0.9586,-0.1643,-0.8545,-7.6904,-19.0430,t005,MBYRA
2528168854,1163031,2,pelvis,midstance,-0.1848,0.9569,-0.1470,2.3804,-13.0005,-19.2871,t005,MBYRA
2528168912,1163047,2,pelvis,midstance,-0.1952,0.9585,-0.1300,2.3804,-15.2588,-20.3247,t005,MBYRA
2528168912,1163063,2,pelvis,terminal,-0.1986,0.9773,-0.1038,1.1597,-14.8315,-23.2544,t005,MBYRA
2528168913,1163080,2,pelvis,terminal,-0.1945,0.9792,-0.0951,-0.1221,-12.5122,-30.7007,t005,MBYRA
2528168917,1163096,2,pelvis,terminal,-0.1732,0.9841,-0.1064,-0.0610,-10.7422,-35.0342,t005,MBYRA
2528168980,1163112,2,pelvis,terminal,-0.1544,0.9767,-0.1249,0.3052,-10.3149,-36.4990,t005,MBYRA
2528168980,1163128,2,pelvis,terminal,-0.1400,0.9751,-0.1296,0.6714,-9.5825,-38.2080,t005,MBYRA
2528168981,1163144,2,pelvis,terminal,-0.1183,0.9799,-0.1085,1.1597,-9.3384,-38.8184,t005,MBYRA
2528168982,1163160,2,pelvis,terminal,-0.1146,1.0253,-0.1068,3.4180,-9.0332,-39.7339,t005,MBYRA
2528169040,1163176,2,pelvis,terminal,-0.1171,1.0260,-0.1145,7.8125,-9.0942,-44.3115,t005,MBYRA
2528169040,1163192,2,pelvis,terminal,-0.1066,1.0341,-0.0868,9.3994,-9.0942,-47.3022,t005,MBYRA
2528169041,1163208,2,pelvis,swing,-0.1404,1.0815,-0.0894,15.0757,-10.6812,-55.3589,t005,MBYRA
2528169046,1163224,2,pelvis,swing,-0.1429,1.0898,-0.0743,22.2778,-13.4277,-66.9556,t005,MBYRA
2528169107,1163241,2,pelvis,swing,-0.1212,1.1071,-0.0555,25.5737,-14.2212,-72.6929,t005,MBYRA
2528169107,1163257,2,pelvis,swing,-0.1321,1.1442,-0.0848,33.2031,-14.8315,-83.4961,t005,MBYRA
2528169108,1163273,2,pelvis,swing,-0.1398,1.1782,-0.1569,35.7666,-16.2354,-89.4775,t005,MBYRA
2528169110,1163289,2,pelvis,swing,-0.1281,1.2186,-0.0540,39.7949,-20.2026,-99.3042,t005,MBYRA
2528169168,1163305,2,pelvis,swing,-0.1444,1.2742,-0.0280,46.9971,-21.1182,-113.2202,t005,MBYRA
2528169170,1163321,2,pelvis,swing,-0.2570,1.3876,-0.0248,49.1943,-19.1040,-119.5679,t005,MBYRA
2528169170,1163337,2,pelvis,swing,-0.2416,1.4805,-0.0175,53.4668,-17.0288,-139.9536,t005,MBYRA
2528169231,1163353,2,pelvis,swing,-0.3019,1.5557,-0.0448,64.0259,-28.8696,-162.4756,t005,MBYRA
2528169231,1163369,2,pelvis,swing,-0.5796,1.6437,-0.0438,68.7866,-38.2690,-175.0488,t005,MBYRA
2528169231,1163385,2,pelvis,swing,-0.7848,1.6787,-0.0038,65.6128,-53.7720,-221.7407,t005,MBYRA
2528169232,1163401,2,pelvis,swing,-1.0614,1.5782,-0.0715,55.7251,-45.0439,-268.1885,t005,MBYRA
2528169289,1163417,2,pelvis,swing,-0.5704,1.4755,0.0950,57.9224,-38.2690,-277.5879,t005,MBYRA
2528169289,1163433,2,pelvis,swing,-0.1090,1.4712,0.0363,60.0586,-32.2266,-300.2930,t005,MBYRA
2528169291,1163449,2,pelvis,swing,0.5106,1.6907,-0.3811,30.6396,-21.1792,-315.1855,t005,MBYRA
2528169292,1163465,2,pelvis,swing,0.3059,1.4353,-0.3151,-4.3945,13.3057,-280.6396,t005,MBYRA
2528169353,1163481,2,pelvis,swing,-0.0040,1.1868,-0.2072,-5.7373,15.0757,-185.8520,t005,MBYRA
2528169353,1163498,2,pelvis,swing,-0.0784,0.6206,-0.0100,-3.9673,2.8076,-163.2080,t005,MBYRA
2528169354,1163514,2,pelvis,swing,0.0541,0.2482,-0.0181,28.6865,-44.7998,-96.2524,t005,MBYRA
2528169410,1163530,2,pelvis,swing,0.1410,0.0159,-0.2445,-0.6104,-75.7446,-40.6494,t005,MBYRA
2528169413,1163546,2,pelvis,swing,-0.3447,0.4799,-0.3325,-27.4048,-61.0962,-2.5635,t005,MBYRA
2528169413,1163562,2,pelvis,swing,-0.7340,0.5092,-0.2543,-10.9253,-32.0435,76.2939,t005,MBYRA
2528169413,1163578,2,pelvis,swing,-0.6855,0.1605,0.0055,8.6670,-18.6768,88.4399,t005,MBYRA
2528169474,1163594,2,pelvis,swing,-0.2805,0.2463,0.0494,-6.5308,18.6768,116.6382,t005,MBYRA
2528169475,1163610,2,pelvis,swing,-0.2544,0.2606,0.0111,-30.0903,51.7578,157.5928,t005,MBYRA
2528169475,1163626,2,pelvis,swing,-0.2133,0.4581,-0.0886,-35.5835,62.1948,185.5469,t005,MBYRA
2528169533,1163642,2,pelvis,swing,-0.1910,0.5770,-0.1227,-37.9028,85.3882,245.5444,t005,MBYRA
2528169534,1163658,2,pelvis,swing,-0.2870,0.6757,-0.1675,-38.9404,106.0181,288.3911,t005,MBYRA
2528169534,1163674,2,pelvis,swing,-0.2556,0.8043,-0.2448,-41.8091,107.2998,296.8140,t005,MBYRA
2528169534,1163690,2,pelvis,swing,-0.1724,0.9025,-0.2947,-36.9263,89.7827,307.9834,t005,MBYRA
2528169535,1163706,2,pelvis,swing,-0.1561,1.0425,-0.4094,-31.6162,75.9277,312.2559,t005,MBYRA
2528169595,1163721,2,pelvis,swing,-0.1935,1.1511,-0.4615,-32.3486,46.3257,315.4297,t005,MBYRA
2528169596,1163737,2,pelvis,swing,-0.1461,1.2205,-0.4329,-34.1797,12.2070,322.5097,t005,MBYRA
2528169597,1163753,2,pelvis,swing,-0.1517,1.3541,-0.4288,-34.6680,-8.7891,326.0498,t005,MBYRA
2528169652,1163769,2,pelvis,swing,-0.2043,1.4569,-0.4086,-46.8140,-43.2129,333.6792,t005,MBYRA
2528169653,1163785,2,pelvis,loading,-0.0828,1.7820,-0.2881,-55.2368,-51.2695,335.6933,t005,MBYRA
2528169653,1163801,2,pelvis,loading,0.3176,2.0334,-0.2145,-66.6504,-66.2842,323.9746,t005,MBYRA
2528169653,1163817,2,pelvis,loading,0.5189,2.1437,-0.1791,-72.3267,-90.8203,300.4761,t005,MBYRA
2528169656,1163834,2,pelvis,loading,0.8828,2.3375,-0.0940,-69.8242,-99.6094,284.8511,t005,MBYRA
2528169715,1163849,2,pelvis,loading,1.0653,2.0740,-0.0715,-57.4341,-95.7642,233.7646,t005,MBYRA
2528169715,1163865,2,pelvis,loading,1.1580,1.8293,0.1327,-35.6445,-104.1870,171.1426,t005,MBYRA
2528169716,1163881,2,pelvis,loading,1.5637,1.7181,0.3082,-32.2876,-113.0981,144.5923,t005,MBYRA
2528169733,1163897,2,pelvis,loading,1.6816,1.7064,0.2754,-25.5737,-80.4443,78.0640,t005,MBYRA
2528169770,1163913,2,pelvis,loading,1.4452,1.5402,0.5609,-6.5918,-41.7480,37.4756,t005,MBYRA
2528169772,1163929,2,pelvis,loading,0.4687,1.6462,0.5474,9.1553,37.7197,-42.9687,t005,MBYRA
2528169773,1163944,2,pelvis,loading,-0.0264,1.3026,0.7889,-22.0947,163.2080,-96.3135,t005,MBYRA
2528169830,1163960,2,pelvis,loading,-2.4453,0.6049,0.4131,-55.1758,146.8506,-156.6772,t005,MBYRA
2528169830,1163976,2,pelvis,loading,-3.0072,0.9930,0.2908,-31.3721,84.5947,-143.7988,t005,MBYRA
2528169831,1163992,2,pelvis,loading,1.8761,2.2942,0.7937,-25.0854,99.0601,-158.6914,t005,MBYRA
2528169831,1164008,2,pelvis,loading,-0.0461,1.1543,-0.0649,-7.3242,62.3169,-178.3447,t005,MBYRA
2528169885,1164024,2,pelvis,loading,-0.7565,0.6543,-0.5063,-22.1558,65.6128,-132.6294,t005,MBYRA
2528169886,1164040,2,pelvis,midstance,-0.0026,0.9301,-0.5320,-34.0576,91.3696,-113.5864,t005,MBYRA
2528169886,1164056,2,pelvis,midstance,0.6118,1.4371,-0.1200,3.4180,73.6084,-76.7822,t005,MBYRA
2528169952,1164072,2,pelvis,midstance,0.1874,1.1538,-0.0397,49.8047,-12.5122,-76.0498,t005,MBYRA
2528169952,1164088,2,pelvis,midstance,-0.1614,0.8470,-0.1066,44.0674,-36.1328,-66.0400,t005,MBYRA
2528169953,1164104,2,pelvis,midstance,-0.2056,0.8636,-0.1716,20.6909,-32.7148,-36.6211,t005,MBYRA
2528169953,1164120,2,pelvis,midstance,-0.2958,0.9613,-0.0875,14.6484,-20.0806,-29.5410,t005,MBYRA
2528170002,1164136,2,pelvis,midstance,-0.2606,0.9818,-0.0200,1.4038,-1.0986,-33.6304,t005,MBYRA
2528170012,1164152,2,pelvis,midstance,-0.2379,0.9675,-0.0554,-8.9111,4.0283,-33.9355,t005,MBYRA
2528170014,1164168,2,pelvis,midstance,-0.1963,0.9397,-0.1951,-8.7891,1.7700,-31.1279,t005,MBYRA
2528170015,1164184,2,pelvis,midstance,-0.1764,0.9379,-0.2351,0.1221,-8.1177,-24.7803,t005,MBYRA
2528170077,1164200,2,pelvis,midstance,-0.1742,0.9386,-0.2159,10.0098,-17.9443,-18.4326,t005,MBYRA
2528170078,1164217,2,pelvis,midstance,-0.2235,0.9388,-0.1565,12.5122,-18.9819,-14.5264,t005,MBYRA
2528170078,1164232,2,pelvis,midstance,-0.2429,0.9348,-0.1304,8.1177,-14.0381,-14.6484,t005,MBYRA
2528170093,1164248,2,pelvis,midstance,-0.2443,0.9359,-0.1218,2.8687,-10.3149,-18.0664,t005,MBYRA
2528170137,1164265,2,pelvis,midstance,-0.2013,0.9529,-0.1653,-1.7090,-5.7983,-22.0947,t005,MBYRA
2528170137,1164281,2,pelvis,terminal,-0.1617,0.9540,-0.1880,1.1597,-10.8643,-21.9727,t005,MBYRA
2528170138,1164297,2,pelvis,terminal,-0.2069,0.9590,-0.1963,3.4790,-14.9536,-21.2402,t005,MBYRA
2528170138,1164313,2,pelvis,terminal,-0.2107,0.9392,-0.1779,2.6855,-15.1367,-23.0103,t005,MBYRA
2528170205,1164329,2,pelvis,terminal,-0.1871,0.9791,-0.1398,1.5259,-14.0381,-30.3345,t005,MBYRA
2528170205,1164345,2,pelvis,terminal,-0.1992,0.9849,-0.1342,2.8687,-13.4888,-34.9121,t005,MBYRA
2528170206,1164361,2,pelvis,terminal,-0.1959,0.9868,-0.1448,3.1738,-12.1460,-40.3442,t005,MBYRA
2528170206,1164377,2,pelvis,terminal,-0.1304,1.0095,-0.1311,3.2959,-12.6343,-42.1143,t005,MBYRA
2528170265,1164392,2,pelvis,terminal,-0.0771,1.0076,-0.1057,3.7842,-13.9770,-42.2363,t005,MBYRA
2528170266,1164408,2,pelvis,swing,-0.0784,0.9982,-0.0999,4.4556,-14.8926,-39.3066,t005,MBYRA
2528170267,1164425,2,pelvis,swing,-0.1243,1.0221,-0.1097,5.1270,-15.0757,-39.0015,t005,MBYRA
2528170267,1164440,2,pelvis,swing,-0.1478,1.0385,-0.1206,8.2397,-15.2588,-46.8140,t005,MBYRA
2528170333,1164456,2,pelvis,swing,-0.1658,1.0409,-0.1249,10.3760,-14.3433,-59.3262,t005,MBYRA
2528170333,1164472,2,pelvis,swing,-0.1338,1.0833,-0.1376,12.0850,-14.6484,-65.4907,t005,MBYRA
2528170334,1164488,2,pelvis,swing,-0.1226,1.0988,-0.1405,18.2495,-19.2261,-78.8574,t005,MBYRA
2528170334,1164505,2,pelvis,swing,-0.1381,1.1349,-0.1357,20.6299,-22.5220,-85.0830,t005,MBYRA
2528170395,1164521,2,pelvis,swing,-0.1289,1.1841,-0.0931,25.6958,-25.6348,-95.2759,t005,MBYRA
2528170396,1164537,2,pelvis,swing,-0.1106,1.2006,-0.0769,29.1748,-28.0151,-105.6518,t005,MBYRA
2528170397,1164553,2,pelvis,swing,-0.1047,1.1813,-0.0406,28.8696,-29.7852,-110.2905,t005,MBYRA
2528170404,1164569,2,pelvis,swing,-0.1108,1.2159,-0.0426,27.3437,-31.0059,-117.4316,t005,MBYRA
2528170458,1164585,2,pelvis,swing,-0.1323,1.2886,-0.0685,30.8228,-33.5083,-134.8267,t005,MBYRA
2528170458,1164601,2,pelvis,swing,-0.2778,1.3024,-0.0056,34.3628,-35.7666,-145.0806,t005,MBYRA
2528170458,1164617,2,pelvis,swing,-0.3605,1.3369,0.0004,53.5278,-42.3584,-159.6680,t005,MBYRA
2528170459,1164633,2,pelvis,swing,-0.4819,1.5742,-0.0994,62.9883,-50.4150,-168.6401,t005,MBYRA
2528170517,1164649,2,pelvis,swing,-0.7704,1.8334,0.2102,64.8804,-81.6040,-208.3130,t005,MBYRA
2528170518,1164665,2,pelvis,swing,-0.8945,1.8138,0.2168,71.4722,-85.3882,-236.5723,t005,MBYRA
2528170519,1164681,2,pelvis,swing,-0.7784,1.2898,-0.0415,63.3545,-47.9126,-244.9341,t005,MBYRA
2528170519,1164697,2,pelvis,swing,-0.2623,1.3232,-0.0763,6.2866,44.5557,-303.8940,t005,MBYRA
2528170580,1164713,2,pelvis,swing,0.7455,1.9257,-0.2682,-43.0298,65.7959,-315.0024,t005,MBYRA
2528170580,1164729,2,pelvis,swing,0.0538,1.6492,-0.2382,-29.3579,59.6924,-274.9023,t005,MBYRA
2528170595,1164745,2,pelvis,swing,-0.1682,1.3348,-0.1361,5.7373,37.2314,-209.4116,t005,MBYRA
2528170638,1164761,2,pelvis,swing,0.0037,0.7615,0.0371,-0.8545,23.7427,-192.5049,t005,MBYRA
2528170640,1164777,2,pelvis,swing,-0.0496,0.1396,-0.2445,33.4473,-14.6484,-105.0415,t005,MBYRA
2528170640,1164793,2,pelvis,swing,0.2194,0.1281,-0.4514,11.0474,-49.6826,-49.1333,t005,MBYRA
2528170640,1164809,2,pelvis,swing,-0.1326,0.7029,-0.3899,-19.4702,-35.8276,-10.4370,t005,MBYRA
2528170703,1164825,2,pelvis,swing,-0.5771,0.6769,-0.3417,19.7754,-19.2871,106.5674,t005,MBYRA
2528170704,1164841,2,pelvis,swing,-0.5859,0.1641,-0.0970,50.4150,-19.9585,122.0703,t005,MBYRA
2528170761,1164857,2,pelvis,swing,-0.2622,0.1697,-0.0237,29.7241,-18.1274,117.6147,t005,MBYRA
2528170764,1164873,2,pelvis,swing,-0.1139,0.3562,-0.0684,12.6953,-13.7329,179.0161,t005,MBYRA
2528170764,1164890,2,pelvis,swing,-0.2017,0.3339,-0.0992,18.2495,-6.5918,218.7500,t005,MBYRA
2528170765,1164905,2,pelvis,swing,-0.3740,0.5077,-0.0439,2.2583,14.0991,263.6108,t005,MBYRA
2528170826,1164921,2,pelvis,swing,-0.3831,0.6112,-0.0280,-15.3198,44.3726,285.5835,t005,MBYRA
2528170827,1164937,2,pelvis,swing,-0.2545,0.7809,-0.0939,-18.7378,53.4668,295.8984,t005,MBYRA
2528170828,1164953,2,pelvis,swing,-0.2633,0.8588,-0.1541,-17.4561,54.5044,307.1289,t005,MBYRA
2528170828,1164969,2,pelvis,swing,-0.2550,1.0172,-0.2910,-16.4795,52.5513,313.9648,t005,MBYRA
2528170886,1164986,2,pelvis,swing,-0.2349,1.1680,-0.4189,-18.0664,49.6216,318.9087,t005,MBYRA
2528170887,1165002,2,pelvis,swing,-0.2357,1.2390,-0.4542,-18.3105,29.5410,326.7822,t005,MBYRA
2528170888,1165018,2,pelvis,swing,-0.2411,1.3429,-0.4469,-17.5171,13.8550,329.7729,t005,MBYRA
2528170889,1165034,2,pelvis,swing,-0.2985,1.5797,-0.3676,-23.3154,-18.6157,335.8764,t005,MBYRA
2528170889,1165050,2,pelvis,swing,-0.2135,1.7450,-0.3124,-34.7900,-43.7012,325.1342,t005,MBYRA
2528170950,1165066,2,pelvis,swing,0.2408,1.9921,-0.2207,-41.9922,-53.5889,317.4438,t005,MBYRA
2528170950,1165082,2,pelvis,swing,0.4728,2.0952,-0.1849,-49.8047,-74.8291,305.9692,t005,MBYRA
2528170950,1165098,2,pelvis,swing,0.8344,2.2471,-0.1783,-56.5186,-99.1211,271.4844,t005,MBYRA
2528171007,1165114,2,pelvis,swing,1.1383,2.1514,-0.3601,-62.3169,-103.5156,244.7510,t005,MBYRA
2528171007,1165129,2,pelvis,loading,1.1765,1.9423,-0.3354,-53.9551,-89.1113,195.1904,t005,MBYRA
2528171009,1165145,2,pelvis,loading,1.3555,1.6353,0.0773,-40.7104,-98.2056,167.1753,t005,MBYRA
2528171010,1165161,2,pelvis,loading,1.5585,1.6676,0.1219,-39.0625,-117.7368,108.5815,t005,MBYRA
2528171010,1165177,2,pelvis,loading,1.4966,1.6511,0.1907,-5.5542,-61.7676,51.8188,t005,MBYRA
2528171068,1165193,2,pelvis,loading,1.2339,1.4139,0.4161,12.8784,-23.8647,12.0850,t005,MBYRA
2528171069,1165209,2,pelvis,loading,1.2219,1.3295,0.4548,7.8735,26.4282,-70.0684,t005,MBYRA
2528171070,1165225,2,pelvis,loading,0.3021,1.5333,0.3002,0.8545,50.0488,-97.3511,t005,MBYRA
2528171070,1165241,2,pelvis,loading,-2.7288,0.3300,0.3618,15.0146,139.0991,-123.4131,t005,MBYRA
2528171125,1165257,2,pelvis,loading,-3.7380,-0.0444,0.2948,-31.3721,77.3315,-130.1880,t005,MBYRA
2528171127,1165273,2,pelvis,loading,0.3419,2.0562,0.6132,-54.5044,88.6230,-108.2764,t005,MBYRA
2528171127,1165289,2,pelvis,loading,2.1293,2.6249,0.8120,-23.0103,104.1260,-174.4995,t005,MBYRA
2528171128,1165304,2,pelvis,loading,-0.0692,1.1342,0.0668,-5.8594,60.9741,-172.0581,t005,MBYRA
2528171188,1165320,2,pelvis,loading,-0.6592,0.6842,-0.5280,-29.3579,54.9316,-119.2627,t005,MBYRA
2528171188,1165337,2,pelvis,midstance,-0.2399,0.8706,-0.4342,-27.7710,81.0547,-87.8296,t005,MBYRA
2528171189,1165353,2,pelvis,midstance,0.3164,1.1694,-0.2289,-11.9629,66.4063,-81.1157,t005,MBYRA
2528171198,1165368,2,pelvis,midstance,0.0658,1.0754,0.0067,21.3623,4.5776,-68.6035,t005,MBYRA
2528171245,1165384,2,pelvis,midstance,-0.1202,0.9069,-0.0405,28.0151,-35.4004,-47.3022,t005,MBYRA
2528171247,1165400,2,pelvis,midstance,-0.3013,0.8912,-0.1360,19.3481,-29.3579,-34.4849,t005,MBYRA
2528171248,1165416,2,pelvis,midstance,-0.3396,0.9326,-0.1002,1.7090,-0.4272,-28.0151,t005,MBYRA
2528171270,1165432,2,pelvis,midstance,-0.3130,0.9808,-0.0178,-5.4932,8.0566,-32.4097,t005,MBYRA
2528171311,1165448,2,pelvis,midstance,-0.2448,0.9443,-0.1022,-13.1226,12.5732,-35.2783,t005,MBYRA
2528171312,1165464,2,pelvis,midstance,-0.2208,0.9387,-0.1779,-7.6294,3.4790,-29.0527,t005,MBYRA
2528171312,1165480,2,pelvis,midstance,-0.2050,0.9384,-0.2128,-1.8311,-4.0894,-26.3672,t005,MBYRA
2528171370,1165496,2,pelvis,midstance,-0.2401,0.9617,-0.1425,6.8970,-18.2495,-20.5078,t005,MBYRA
2528171371,1165512,2,pelvis,terminal,-0.2684,0.9731,-0.1234,9.6436,-19.4702,-18.4937,t005,MBYRA
2528171371,1165529,2,pelvis,terminal,-0.2673,0.9539,-0.1385,8.3008,-16.2964,-21.5454,t005,MBYRA
2528171372,1165545,2,pelvis,terminal,-0.2520,0.9310,-0.1542,2.6855,-12.2681,-26.4282,t005,MBYRA
2528171422,1165561,2,pelvis,terminal,-0.1953,0.9418,-0.1802,1.0376,-12.9395,-25.0244,t005,MBYRA
2528171439,1165577,2,pelvis,terminal,-0.2062,0.9495,-0.1981,2.8687,-19.0430,-20.3857,t005,MBYRA
2528171440,1165593,2,pelvis,terminal,-0.2161,0.9575,-0.1835,5.5542,-23.7427,-17.3340,t005,MBYRA
2528171441,1165609,2,pelvis,terminal,-0.2305,0.9882,-0.1444,6.4087,-25.0854,-17.5171,t005,MBYRA
2528171500,1165625,2,pelvis,terminal,-0.1805,0.9740,-0.1349,6.0425,-23.9258,-24.5972,t005,MBYRA
2528171502,1165641,2,pelvis,terminal,-0.1906,0.9570,-0.1176,7.3242,-33.0200,-32.5317,t005,MBYRA
2528171503,1165656,2,pelvis,terminal,-0.1707,1.0043,-0.1289,5.8594,-27.4658,-32.8369,t005,MBYRA
2528171503,1165673,2,pelvis,terminal,-0.1952,0.9799,-0.0956,6.1035,-20.7520,-35.0342,t005,MBYRA
2528171567,1165689,2,pelvis,terminal,-0.1267,0.9792,-0.0920,6.8359,-20.9351,-34.6680,t005,MBYRA
2528171567,1165705,2,pelvis,terminal,-0.1343,1.0255,-0.1155,10.1929,-21.1182,-32.3486,t005,MBYRA
2528171568,1165721,2,pelvis,terminal,-0.1438,1.0182,-0.1012,13.4888,-21.8506,-35.9497,t005,MBYRA
2528171627,1165737,2,pelvis,terminal,-0.1753,1.0071,-0.0612,14.0991,-22.1558,-38.3301,t005,MBYRA
2528171627,1165753,2,pelvis,swing,-0.2035,1.0402,-0.0541,13.3057,-21.4233,-47.3633,t005,MBYRA
2528171628,1165769,2,pelvis,swing,-0.2039,1.0483,-0.0658,14.4043,-19.8364,-63.6597,t005,MBYRA
2528171628,1165785,2,pelvis,swing,-0.1774,1.0724,-0.1295,16.7236,-19.7754,-71.2891,t005,MBYRA
2528171628,1165801,2,pelvis,swing,-0.1658,1.0872,-0.1459,22.7051,-23.8037,-84.8389,t005,MBYRA
2528171695,1165817,2,pelvis,swing,-0.1680,1.1217,-0.1096,25.9399,-26.0620,-90.4541,t005,MBYRA
2528171696,1165833,2,pelvis,swing,-0.1722,1.1395,-0.0134,32.6538,-27.0386,-103.9429,t005,MBYRA
2528171696,1165849,2,pelvis,swing,-0.1488,1.1501,0.0016,35.9497,-22.6440,-119.9951,t005,MBYRA
2528171697,1165865,2,pelvis,swing,-0.1125,1.1653,-0.0193,36.2549,-20.9351,-127.9907,t005,MBYRA
2528171756,1165881,2,pelvis,swing,-0.1176,1.2010,-0.0111,38.2690,-24.2310,-140.7471,t005,MBYRA
2528171757,1165897,2,pelvis,swing,-0.1628,1.2510,0.0016,39.7949,-37.8418,-149.5361,t005,MBYRA
2528171759,1165913,2,pelvis,swing,-0.2960,1.3997,-0.0332,46.6309,-50.2319,-160.2173,t005,MBYRA
2528171759,1165930,2,pelvis,swing,-0.3969,1.4849,-0.0308,45.5933,-77.8809,-187.5610,t005,MBYRA
2528171821,1165946,2,pelvis,swing,-0.8372,1.7906,0.2710,40.5273,-82.4585,-187.9272,t005,MBYRA
2528171821,1165962,2,pelvis,swing,-1.2643,1.7303,0.1770,56.9458,-46.9971,-185.6079,t005,MBYRA
2528171822,1165978,2,pelvis,swing,-1.1749,1.4971,0.1014,39.1846,34.9121,-261.5967,t005,MBYRA
2528171822,1165994,2,pelvis,swing,-0.0537,1.4342,-0.0867,4.0283,75.8057,-297.3633,t005,MBYRA
2528171882,1166009,2,pelvis,swing,0.7842,1.7997,-0.2341,-52.4902,83.9844,-324.4629,t005,MBYRA
2528171882,1166026,2,pelvis,swing,0.4425,1.7806,-0.2035,-20.0195,62.0117,-283.5693,t005,MBYRA
2528171883,1166042,2,pelvis,swing,0.0046,1.2946,-0.1086,11.5356,68.4814,-236.0840,t005,MBYRA
2528171883,1166057,2,pelvis,swing,0.2368,1.0156,-0.0370,8.3618,53.7109,-184.7534,t005,MBYRA
2528171945,1166073,2,pelvis,swing,-0.1198,0.4844,-0.1151,17.3340,40.4663,-152.1606,t005,MBYRA
2528171946,1166089,2,pelvis,swing,0.0411,0.1067,-0.4686,55.4199,18.5547,-59.7534,t005,MBYRA
2528171946,1166105,2,pelvis,swing,0.2611,0.3717,-0.3820,19.7754,-6.9580,-6.2256,t005,MBYRA
2528171946,1166121,2,pelvis,swing,-0.3424,0.6246,-0.2294,30.5176,-6.5308,46.5088,t005,MBYRA
2528172004,1166137,2,pelvis,swing,-0.7500,0.0730,-0.2031,86.4258,-23.6206,108.1543,t005,MBYRA
2528172006,1166153,2,pelvis,swing,-0.6140,0.0446,-0.1722,92.2241,-23.1934,102.6001,t005,MBYRA
2528172007,1166169,2,pelvis,swing,-0.1691,0.3982,-0.2875,79.0405,-14.8926,124.3896,t005,MBYRA
2528172007,1166185,2,pelvis,swing,-0.0206,0.5377,-0.3643,73.9746,6.6528,219.2993,t005,MBYRA
2528172070,1166201,2,pelvis,swing,-0.4070,0.3297,-0.3284,77.1484,19.5313,245.9717,t005,MBYRA
2528172070,1166217,2,pelvis,swing,-0.1399,0.5996,-0.3154,50.8423,28.0762,263.1836,t005,MBYRA
2528172071,1166233,2,pelvis,swing,-0.1381,0.7020,-0.3383,27.5879,33.2031,289.1846,t005,MBYRA
2528172071,1166249,2,pelvis,swing,-0.2732,0.8629,-0.4237,19.4702,35.8276,291.8091,t005,MBYRA
2528172132,1166265,2,pelvis,swing,-0.2915,0.9487,-0.4587,8.4839,47.9126,302.7344,t005,MBYRA
2528172133,1166281,2,pelvis,swing,-0.3174,1.0896,-0.5605,3.4180,57.2510,308.4106,t005,MBYRA
2528172133,1166297,2,pelvis,swing,-0.2266,1.2230,-0.6707,-10.2539,65.9180,314.2700,t005,MBYRA
2528172134,1166313,2,pelvis,swing,-0.1946,1.2690,-0.7039,-24.4141,55.6641,323.1201,t005,MBYRA
2528172194,1166329,2,pelvis,swing,-0.2063,1.4285,-0.7205,-34.4238,46.5698,330.3222,t005,MBYRA
2528172195,1166345,2,pelvis,swing,-0.2231,1.7885,-0.7173,-56.3965,35.9497,343.8110,t005,MBYRA
2528172228,1166360,2,pelvis,swing,0.0281,1.8854,-0.5743,-76.0498,24.4141,331.6650,t005,MBYRA
2528172251,1166376,2,pelvis,swing,0.7118,1.9106,-0.2369,-82.3975,-9.6436,322.7539,t005,MBYRA
2528172251,1166392,2,pelvis,loading,0.6617,2.0708,-0.2723,-88.0737,-81.7871,304.9316,t005,MBYRA
2528172253,1166408,2,pelvis,loading,0.8029,2.3573,-0.4792,-89.5386,-96.0083,276.3672,t005,MBYRA
2528172254,1166424,2,pelvis,loading,1.2277,2.0161,-0.0981,-62.1948,-120.8496,206.8481,t005,MBYRA
2528172313,1166440,2,pelvis,loading,1.3400,1.7772,0.0278,-17.8833,-172.6684,166.3208,t005,MBYRA
2528172314,1166456,2,pelvis,loading,1.6053,1.7333,-0.2261,-21.9727,-177.7954,142.7002,t005,MBYRA
2528172314,1166472,2,pelvis,loading,1.5177,1.7963,-0.1116,10.9253,-116.8213,90.0879,t005,MBYRA
2528172314,1166488,2,pelvis,loading,1.2664,1.4253,0.4520,45.2881,-63.6597,0.2441,t005,MBYRA
2528172371,1166504,2,pelvis,loading,1.1796,1.3905,0.6008,33.5693,-47.7905,-47.2412,t005,MBYRA
2528172372,1166520,2,pelvis,loading,0.4208,1.5350,0.4575,22.1558,23.0103,-102.0508,t005,MBYRA
2528172373,1166535,2,pelvis,loading,-1.8403,0.5287,0.6510,22.7051,81.8481,-112.7319,t005,MBYRA
2528172373,1166551,2,pelvis,loading,-3.1448,0.1108,0.6562,-11.6577,80.6274,-136.4136,t005,MBYRA
2528172433,1166567,2,pelvis,loading,-1.3120,1.1793,0.4462,-63.1714,139.7095,-115.4785,t005,MBYRA
2528172433,1166583,2,pelvis,midstance,1.9176,2.3099,0.7303,-55.9082,144.4092,-172.7905,t005,MBYRA
2528172434,1166599,2,pelvis,midstance,0.7256,1.7555,0.3730,-12.6953,53.6499,-171.8139,t005,MBYRA
2528172490,1166615,2,pelvis,midstance,-0.8053,0.6436,-0.5940,-25.2075,55.7251,-138.4277,t005,MBYRA
2528172491,1166631,2,pelvis,midstance,0.1528,1.0217,-0.4790,-53.4058,115.1733,-110.4736,t005,MBYRA
2528172492,1166647,2,pelvis,midstance,0.6620,1.3503,-0.1917,17.7002,61.2183,-66.1011,t005,MBYRA
2528172492,1166663,2,pelvis,midstance,0.0950,0.9756,-0.0503,43.3960,11.9019,-65.1855,t005,MBYRA
2528172557,1166679,2,pelvis,midstance,-0.0883,0.9125,0.0305,44.8608,-48.7061,-49.4385,t005,MBYRA
2528172557,1166695,2,pelvis,midstance,-0.2982,0.8990,-0.0735,38.6963,-52.1240,-34.5459,t005,MBYRA
2528172558,1166711,2,pelvis,midstance,-0.3412,0.9484,-0.0575,7.8125,-19.0430,-23.8647,t005,MBYRA
2528172558,1166727,2,pelvis,midstance,-0.3221,0.9858,-0.0270,-13.1226,8.6060,-36.3770,t005,MBYRA
2528172616,1166743,2,pelvis,midstance,-0.2527,0.9719,-0.0781,-15.3198,14.2822,-38.8794,t005,MBYRA
2528172617,1166759,2,pelvis,midstance,-0.2252,0.9414,-0.1528,-8.8501,10.9863,-33.3252,t005,MBYRA
2528172618,1166775,2,pelvis,midstance,-0.1702,0.9296,-0.2177,3.6621,-3.9673,-24.4141,t005,MBYRA
2528172619,1166791,2,pelvis,midstance,-0.1801,0.9500,-0.1370,8.2397,-13.8550,-20.1416,t005,MBYRA
2528172683,1166807,2,pelvis,midstance,-0.2322,0.9596,-0.1034,10.9863,-21.4233,-14.0381,t005,MBYRA
2528172684,1166823,2,pelvis,midstance,-0.2639,0.9479,-0.0972,8.6670,-16.8457,-14.9536,t005,MBYRA
2528172684,1166839,2,pelvis,midstance,-0.2466,0.9281,-0.1301,1.2817,-9.2163,-20.3247,t005,MBYRA
2528172740,1166855,2,pelvis,midstance,-0.2316,0.9257,-0.1493,-0.3662,-7.1411,-20.6909,t005,MBYRA
2528172744,1166871,2,pelvis,midstance,-0.1940,0.9528,-0.1827,0.4272,-9.1553,-19.2261,t005,MBYRA
2528172745,1166887,2,pelvis,terminal,-0.1896,0.9625,-0.1844,2.4414,-16.1133,-18.2495,t005,MBYRA
2528172745,1166903,2,pelvis,terminal,-0.2224,0.9539,-0.1544,2.9907,-18.2495,-19.6533,t005,MBYRA
2528172745,1166919,2,pelvis,terminal,-0.2450,0.9822,-0.1252,3.0518,-17.2729,-22.5220,t005,MBYRA
2528172814,1166935,2,pelvis,terminal,-0.2391,0.9805,-0.1213,5.0659,-11.7187,-31.9824,t005,MBYRA
2528172815,1166951,2,pelvis,terminal,-0.1973,0.9766,-0.1255,5.9204,-10.9253,-36.6821,t005,MBYRA
2528172815,1166967,2,pelvis,terminal,-0.1766,0.9846,-0.1123,8.3618,-11.1084,-43.5791,t005,MBYRA
2528172815,1166983,2,pelvis,terminal,-0.1597,0.9906,-0.1116,8.9111,-10.4370,-47.8516,t005,MBYRA
2528172877,1166999,2,pelvis,terminal,-0.1193,0.9976,-0.1034,8.5449,-10.6201,-48.7061,t005,MBYRA
2528172877,1167015,2,pelvis,terminal,-0.0955,0.9937,-0.0847,7.5073,-11.0474,-45.6543,t005,MBYRA
2528172878,1167031,2,pelvis,swing,-0.0798,0.9923,-0.0649,6.1035,-10.3760,-41.0767,t005,MBYRA
2528172878,1167047,2,pelvis,swing,-0.1138,0.9980,-0.0725,5.8594,-9.8877,-41.3818,t005,MBYRA
2528172884,1167063,2,pelvis,swing,-0.1212,1.0117,-0.0698,6.6528,-8.4839,-45.9595,t005,MBYRA
2528172949,1167079,2,pelvis,swing,-0.1232,1.0409,-0.0824,7.8735,-8.1787,-49.9878,t005,MBYRA
2528172949,1167095,2,pelvis,swing,-0.1084,1.0784,-0.0962,12.8784,-9.1553,-61.5234,t005,MBYRA
2528172949,1167111,2,pelvis,swing,-0.1167,1.0972,-0.1046,18.7988,-13.0005,-75.1953,t005,MBYRA
2528172950,1167127,2,pelvis,swing,-0.1449,1.1199,-0.0844,21.6064,-14.8926,-81.6650,t005,MBYRA
2528173011,1167143,2,pelvis,swing,-0.1226,1.1469,-0.0840,26.3672,-18.7378,-95.2148,t005,MBYRA
2528173013,1167159,2,pelvis,swing,-0.0951,1.1777,-0.0872,29.9072,-24.9023,-106.5674,t005,MBYRA
2528173014,1167175,2,pelvis,swing,-0.0579,1.1924,-0.0393,31.4941,-28.0151,-111.4502,t005,MBYRA
2528173014,1167191,2,pelvis,swing,-0.0632,1.2346,-0.0271,33.2642,-32.6538,-119.4458,t005,MBYRA
2528173077,1167207,2,pelvis,swing,-0.1550,1.3357,-0.0808,35.4004,-34.4849,-126.2207,t005,MBYRA
2528173078,1167223,2,pelvis,swing,-0.2023,1.3643,-0.0693,42.9077,-38.6353,-148.4985,t005,MBYRA
2528173078,1167239,2,pelvis,swing,-0.2487,1.4331,-0.0087,52.4902,-47.1802,-162.7807,t005,MBYRA
2528173078,1167255,2,pelvis,swing,-0.4707,1.5045,0.0100,60.3027,-53.7720,-165.3442,t005,MBYRA
2528173138,1167271,2,pelvis,swing,-0.6444,1.5122,0.0887,54.5654,-71.2891,-192.1387,t005,MBYRA
2528173139,1167287,2,pelvis,swing,-0.9719,1.9319,0.2888,60.5469,-61.9507,-202.6367,t005,MBYRA
2528173139,1167303,2,pelvis,swing,-0.8191,1.4897,0.1204,70.7397,-40.4053,-224.5483,t005,MBYRA
2528173197,1167320,2,pelvis,swing,-0.5479,1.3204,0.0076,54.3213,26.5503,-290.5884,t005,MBYRA
2528173203,1167336,2,pelvis,swing,0.5122,1.7880,-0.4249,21.1792,63.7207,-317.4438,t005,MBYRA
2528173204,1167351,2,pelvis,swing,0.4122,1.6064,-0.1964,-20.6299,102.1118,-297.3022,t005,MBYRA
2528173258,1167367,2,pelvis,swing,0.1212,1.2520,-0.1211,-14.4043,56.0913,-194.6411,t005,MBYRA
2528173265,1167383,2,pelvis,swing,-0.1084,0.9291,0.0168,-18.8599,28.5645,-174.3164,t005,MBYRA
2528173266,1167399,2,pelvis,swing,-0.1764,0.6277,0.1107,38.2080,-6.9580,-116.3330,t005,MBYRA
2528173328,1167415,2,pelvis,swing,0.0288,-0.1271,-0.1980,61.3403,-25.7568,-76.5991,t005,MBYRA
2528173329,1167431,2,pelvis,swing,0.1230,0.3403,-0.4783,0.9766,-36.1938,-52.7954,t005,MBYRA
2528173329,1167447,2,pelvis,swing,-0.2792,0.5837,-0.4005,-15.0757,-11.7798,43.2739,t005,MBYRA
2528173347,1167463,2,pelvis,swing,-0.5444,0.2847,-0.1885,6.7139,-6.1646,90.4541,t005,MBYRA
2528173389,1167479,2,pelvis,swing,-0.3801,0.1136,-0.0549,21.5454,6.1035,123.5962,t005,MBYRA
2528173389,1167495,2,pelvis,swing,-0.2792,0.1920,-0.0872,10.1318,6.5308,141.4795,t005,MBYRA
2528173391,1167511,2,pelvis,swing,-0.1016,0.4712,-0.1721,7.5684,4.5166,177.0019,t005,MBYRA
2528173392,1167527,2,pelvis,swing,-0.1733,0.4044,-0.1510,8.9111,12.8784,248.7793,t005,MBYRA
2528173392,1167543,2,pelvis,swing,-0.3225,0.4778,-0.0826,1.6479,18.3716,269.0430,t005,MBYRA
2528173435,1167559,2,pelvis,swing,-0.3363,0.7465,-0.1327,-13.2446,31.0669,290.6494,t005,MBYRA
2528173453,1167575,2,pelvis,swing,-0.2588,0.8477,-0.1674,-18.7378,44.1894,302.7344,t005,MBYRA
2528173454,1167591,2,pelvis,swing,-0.2515,0.9927,-0.2317,-18.0664,47.9736,311.8896,t005,MBYRA
2528173454,1167607,2,pelvis,swing,-0.3094,1.0525,-0.2759,-19.3481,50.7202,325.5615,t005,MBYRA
2528173454,1167623,2,pelvis,swing,-0.2751,1.2200,-0.3950,-25.2075,38.5742,325.5005,t005,MBYRA
2528173509,1167639,2,pelvis,swing,-0.1989,1.3739,-0.4614,-26.1230,26.6113,324.8901,t005,MBYRA
2528173510,1167655,2,pelvis,loading,-0.2269,1.4526,-0.4724,-33.2642,-0.5493,328.6133,t005,MBYRA
2528173510,1167671,2,pelvis,loading,-0.1423,1.7181,-0.3875,-40.6494,-12.3901,330.5053,t005,MBYRA
2528173511,1167687,2,pelvis,loading,0.2710,1.9623,-0.2505,-57.3120,-35.5835,331.8481,t005,MBYRA
2528173572,1167703,2,pelvis,loading,0.4133,2.0562,-0.2103,-65.8569,-65.1855,331.3598,t005,MBYRA
2528173572,1167719,2,pelvis,loading,0.7125,2.3619,-0.1893,-66.1011,-78.9795,318.1152,t005,MBYRA
2528173573,1167735,2,pelvis,loading,0.9213,2.4409,-0.2710,-63.8428,-98.5107,251.8310,t005,MBYRA
2528173573,1167751,2,pelvis,loading,1.1718,1.9774,-0.2467,-55.8472,-101.8677,216.9189,t005,MBYRA
2528173627,1167767,2,pelvis,loading,1.4214,1.6837,-0.0426,-34.4849,-134.3384,164.8559,t005,MBYRA
2528173630,1167783,2,pelvis,loading,1.5424,1.6909,-0.0935,-37.6587,-141.7847,131.5918,t005,MBYRA
2528173630,1167799,2,pelvis,loading,1.7283,1.7063,0.1532,-25.2075,-119.0185,102.1728,t005,MBYRA
2528173671,1167814,2,pelvis,loading,1.1523,1.4364,0.4426,24.5361,-60.6689,5.3711,t005,MBYRA
2528173687,1167830,2,pelvis,loading,0.5814,1.6256,0.3533,43.0908,24.3530,-60.9131,t005,MBYRA
2528173688,1167846,2,pelvis,loading,-0.5167,0.7365,0.9526,58.4106,102.2949,-90.5762,t005,MBYRA
2528173688,1167862,2,pelvis,loading,-1.8386,0.2249,0.6886,-21.6064,99.0601,-176.2085,t005,MBYRA
2528173742,1167878,2,pelvis,midstance,-2.5227,0.9773,0.3245,-52.4292,102.0508,-131.9580,t005,MBYRA
2528173742,1167894,2,pelvis,midstance,0.9590,1.7323,0.8021,-64.7583,159.3018,-141.9678,t005,MBYRA
2528173742,1167910,2,pelvis,midstance,1.2059,1.6490,0.6428,-28.7476,46.5698,-187.3779,t005,MBYRA
2528173747,1167926,2,pelvis,midstance,-0.3149,1.1550,-0.6283,-32.7148,10.8032,-155.0293,t005,MBYRA
2528173806,1167942,2,pelvis,midstance,-0.3878,1.0850,-0.9359,-50.0488,94.3603,-87.7075,t005,MBYRA
2528173807,1167958,2,pelvis,midstance,-0.0261,1.1079,-0.3851,15.8081,106.2622,-92.5903,t005,MBYRA
2528173807,1167974,2,pelvis,midstance,0.2896,1.0184,-0.0114,36.5601,61.9507,-82.7026,t005,MBYRA
2528173864,1167990,2,pelvis,midstance,0.2308,1.0735,-0.0178,47.8516,-6.9580,-67.8101,t005,MBYRA
2528173865,1168006,2,pelvis,midstance,-0.0627,0.9840,0.0532,54.2603,-34.4238,-58.0444,t005,MBYRA
2528173866,1168021,2,pelvis,midstance,-0.3354,0.8627,-0.0306,38.0249,-39.9780,-35.7666,t005,MBYRA
2528173866,1168038,2,pelvis,midstance,-0.3593,0.8979,-0.0538,-1.6479,-1.1597,-34.7290,t005,MBYRA
2528173927,1168054,2,pelvis,midstance,-0.2919,1.0182,-0.0502,-8.9722,10.8643,-43.3960,t005,MBYRA
2528173927,1168070,2,pelvis,midstance,-0.2512,0.9795,-0.0818,-5.1270,23.9868,-47.6685,t005,MBYRA
2528173928,1168086,2,pelvis,midstance,-0.1573,0.9191,-0.2028,-2.0752,24.0478,-41.6870,t005,MBYRA
2528173928,1168102,2,pelvis,midstance,-0.1077,0.9568,-0.2043,5.9204,5.3711,-29.9072,t005,MBYRA
2528173985,1168118,2,pelvis,midstance,-0.1331,0.9642,-0.1547,15.3198,-19.4702,-25.4517,t005,MBYRA
2528173986,1168134,2,pelvis,terminal,-0.2288,0.9542,-0.0634,16.0522,-22.7661,-22.6440,t005,MBYRA
2528173986,1168150,2,pelvis,terminal,-0.2238,0.9603,-0.0734,10.3760,-12.4512,-21.8506,t005,MBYRA
2528173987,1168166,2,pelvis,terminal,-0.2220,0.9521,-0.1069,5.9204,-3.1738,-24.4751,t005,MBYRA
2528174052,1168182,2,pelvis,terminal,-0.1796,0.9459,-0.1385,5.0049,-1.8311,-25.5737,t005,MBYRA
2528174052,1168198,2,pelvis,terminal,-0.1458,0.9532,-0.1450,4.6387,-5.2490,-24.8413,t005,MBYRA
2528174053,1168214,2,pelvis,terminal,-0.1440,0.9601,-0.1541,5.0049,-9.1553,-23.5596,t005,MBYRA
2528174053,1168230,2,pelvis,terminal,-0.1733,0.9675,-0.1188,4.7607,-15.4419,-21.1792,t005,MBYRA
2528174113,1168246,2,pelvis,terminal,-0.1847,0.9800,-0.1061,3.7842,-15.1367,-24.1089,t005,MBYRA
2528174114,1168262,2,pelvis,terminal,-0.1831,0.9849,-0.1030,3.8452,-13.7329,-27.8931,t005,MBYRA
2528174115,1168278,2,pelvis,terminal,-0.1614,0.9814,-0.1111,4.5776,-10.7422,-35.2173,t005,MBYRA
2528174115,1168294,2,pelvis,terminal,-0.1460,0.9769,-0.1155,4.8828,-10.4370,-39.4287,t005,MBYRA
2528174178,1168310,2,pelvis,terminal,-0.1152,0.9894,-0.1129,4.7607,-11.3525,-40.1611,t005,MBYRA
2528174179,1168326,2,pelvis,terminal,-0.1027,0.9912,-0.1033,5.1270,-12.9395,-42.2974,t005,MBYRA
2528174237,1168342,2,pelvis,terminal,-0.0931,0.9886,-0.0793,4.8828,-12.2681,-43.2129,t005,MBYRA
2528174238,1168358,2,pelvis,swing,-0.0801,1.0072,-0.0554,3.8452,-9.0942,-42.7856,t005,MBYRA
2528174241,1168374,2,pelvis,swing,-0.0750,1.0145,-0.0369,3.1128,-7.8125,-42.0532,t005,MBYRA
2528174241,1168390,2,pelvis,swing,-0.0868,1.0146,-0.0463,3.2959,-7.1411,-43.4570,t005,MBYRA
2528174241,1168406,2,pelvis,swing,-0.1188,1.0409,-0.0981,4.9438,-4.3335,-49.4995,t005,MBYRA
2528174292,1168422,2,pelvis,swing,-0.1200,1.0605,-0.1149,10.1318,-2.5635,-56.5796,t005,MBYRA
2528174304,1168438,2,pelvis,swing,-0.0848,1.0989,-0.0898,14.1602,-3.1128,-62.8052,t005,MBYRA
2528174305,1168454,2,pelvis,swing,-0.0962,1.1251,-0.0861,21.7285,-5.4321,-80.0781,t005,MBYRA
2528174305,1168470,2,pelvis,swing,-0.1063,1.1447,-0.1343,25.5127,-6.5308,-88.3789,t005,MBYRA
2528174316,1168486,2,pelvis,swing,-0.0433,1.1296,-0.1318,30.0293,-10.8032,-98.0835,t005,MBYRA
2528174367,1168502,2,pelvis,swing,-0.0118,1.1421,-0.0978,32.3486,-21.3013,-110.2295,t005,MBYRA
2528174368,1168518,2,pelvis,swing,-0.0699,1.2552,-0.0522,33.7524,-26.1841,-114.3799,t005,MBYRA
2528174430,1168534,2,pelvis,swing,-0.1141,1.3765,-0.1104,39.9780,-29.9683,-118.5303,t005,MBYRA
2528174430,1168550,2,pelvis,swing,-0.1176,1.4003,-0.0913,47.9126,-41.3818,-138.4277,t005,MBYRA
2528174430,1168566,2,pelvis,swing,-0.2538,1.5325,0.0443,53.4668,-50.3540,-150.2075,t005,MBYRA
2528174431,1168582,2,pelvis,swing,-0.3779,1.6282,0.0627,61.4014,-67.5659,-180.5420,t005,MBYRA
2528174490,1168598,2,pelvis,swing,-0.7551,1.7347,0.1433,63.2935,-71.3501,-196.5332,t005,MBYRA
2528174491,1168614,2,pelvis,swing,-1.0842,1.6621,0.1384,68.9697,-60.1807,-215.8203,t005,MBYRA
2528174492,1168630,2,pelvis,swing,-0.9794,1.6851,0.2306,68.9087,-47.8516,-261.9019,t005,MBYRA
2528174493,1168646,2,pelvis,swing,-0.0581,1.5614,0.0142,78.3691,-30.4565,-273.6206,t005,MBYRA
2528174555,1168662,2,pelvis,swing,0.4950,1.6353,-0.3993,31.2500,29.1748,-294.9219,t005,MBYRA
2528174556,1168678,2,pelvis,swing,0.4784,1.5804,-0.3463,-18.6768,65.0635,-270.7520,t005,MBYRA
2528174556,1168695,2,pelvis,swing,-0.0315,1.1680,-0.2050,-19.1040,62.7441,-222.6562,t005,MBYRA
2528174615,1168711,2,pelvis,swing,-0.0789,0.9147,-0.0852,-6.6528,27.9541,-142.9443,t005,MBYRA
2528174616,1168727,2,pelvis,swing,0.0624,0.1562,-0.0363,17.7002,1.5259,-107.3608,t005,MBYRA
2528174617,1168743,2,pelvis,swing,0.1439,0.0023,-0.3030,27.0386,-51.7578,-51.3306,t005,MBYRA
2528174618,1168759,2,pelvis,swing,-0.0665,0.3180,-0.3427,-25.6348,-32.1045,4.8218,t005,MBYRA
2528174618,1168775,2,pelvis,swing,-0.6003,0.4807,-0.2913,-19.4092,-22.0947,52.3071,t005,MBYRA
2528174678,1168791,2,pelvis,swing,-0.5826,0.1431,-0.0802,20.8740,-13.8550,102.8442,t005,MBYRA
2528174679,1168807,2,pelvis,swing,-0.4448,0.1820,-0.0281,4.3335,9.7046,120.6055,t005,MBYRA
2528174680,1168822,2,pelvis,swing,-0.2220,0.3159,-0.0614,-7.9956,24.7192,148.3765,t005,MBYRA
2528174735,1168838,2,pelvis,swing,-0.1665,0.3440,-0.0924,-16.4185,35.7666,201.1719,t005,MBYRA
2528174737,1168854,2,pelvis,swing,-0.1941,0.5222,-0.1484,-19.1040,36.8042,225.7690,t005,MBYRA
2528174739,1168870,2,pelvis,swing,-0.3398,0.7078,-0.1793,-26.1841,51.3306,270.0806,t005,MBYRA
2528174740,1168886,2,pelvis,swing,-0.3347,0.7697,-0.1907,-33.1421,70.3125,295.2881,t005,MBYRA
2528174799,1168902,2,pelvis,swing,-0.2472,0.9047,-0.2319,-34.7290,72.5708,305.6641,t005,MBYRA
2528174799,1168918,2,pelvis,swing,-0.2393,0.9720,-0.2681,-30.6396,60.5469,323.4253,t005,MBYRA
2528174856,1168934,2,pelvis,swing,-0.2844,1.0945,-0.3782,-33.0811,40.4663,328.7964,t005,MBYRA
2528174856,1168950,2,pelvis,loading,-0.2433,1.2423,-0.4138,-34.8511,28.3813,331.5429,t005,MBYRA
2528174856,1168966,2,pelvis,loading,-0.2393,1.3206,-0.4025,-36.3159,-4.9438,336.6699,t005,MBYRA
2528174857,1168982,2,pelvis,loading,-0.2740,1.5691,-0.3251,-39.5508,-21.5454,338.4399,t005,MBYRA
2528174857,1168998,2,pelvis,loading,0.1022,1.9452,-0.1976,-59.3262,-41.7480,339.3554,t005,MBYRA
2528174857,1169014,2,pelvis,loading,0.3666,2.1290,-0.1451,-77.9419,-56.9458,337.5244,t005,MBYRA
2528174857,1169030,2,pelvis,loading,0.8840,2.4037,-0.0640,-78.4302,-66.2231,326.1718,t005,MBYRA
2528174921,1169046,2,pelvis,loading,1.1125,2.4557,-0.0585,-70.1294,-84.6558,275.5127,t005,MBYRA
2528174922,1169062,2,pelvis,loading,1.3416,2.2622,-0.2690,-62.6221,-73.8525,200.3784,t005,MBYRA
2528174922,1169078,2,pelvis,loading,1.4897,1.7371,-0.1748,-49.2554,-62.7441,166.1377,t005,MBYRA
2528174923,1169094,2,pelvis,loading,1.6593,1.6422,-0.0134,-33.5693,-72.2656,102.9663,t005,MBYRA
2528174980,1169110,2,pelvis,loading,1.8273,1.6300,0.0916,-36.7432,-73.7915,76.2939,t005,MBYRA
2528174982,1169126,2,pelvis,loading,1.3872,1.7023,0.1671,-10.8032,-40.1001,6.1646,t005,MBYRA
2528174983,1169142,2,pelvis,loading,0.4989,1.8971,0.2247,40.5273,81.3599,-51.8799,t005,MBYRA
2528174983,1169158,2,pelvis,loading,-0.4192,0.5796,1.3252,62.0117,155.2734,-96.0083,t005,MBYRA
2528175043,1169174,2,pelvis,loading,-2.2474,0.3966,1.1681,5.1880,110.4126,-160.2173,t005,MBYRA
2528175044,1169190,2,pelvis,loading,-1.3885,1.1906,0.2991,-26.6113,96.8628,-121.5820,t005,MBYRA
2528175045,1169206,2,pelvis,loading,1.9137,2.1152,0.5195,-50.9644,118.8354,-183.2886,t005,MBYRA
2528175067,1169222,2,pelvis,loading,0.6053,1.5500,0.2085,-15.5640,49.1943,-147.5220,t005,MBYRA
2528175101,1169238,2,pelvis,loading,-0.7130,0.7444,-0.5181,-40.0391,60.6689,-120.9717,t005,MBYRA
2528175101,1169254,2,pelvis,midstance,-0.2539,0.9183,-0.3889,-53.4058,117.1875,-90.6982,t005,MBYRA
2528175102,1169270,2,pelvis,midstance,0.5143,1.2321,-0.3453,25.3906,53.4058,-69.5801,t005,MBYRA
2528175107,1169286,2,pelvis,midstance,0.0100,0.9402,-0.0588,38.7573,8.3618,-70.6177,t005,MBYRA
2528175171,1169302,2,pelvis,midstance,-0.0511,0.9402,0.0306,39.1846,-51.0864,-46.3867,t005,MBYRA
2528175172,1169318,2,pelvis,midstance,-0.2559,0.9175,-0.0721,32.5317,-54.8706,-29.3579,t005,MBYRA
2528175173,1169334,2,pelvis,midstance,-0.3237,0.9370,-0.0437,13.9770,-26.1230,-18.2495,t005,MBYRA
2528175173,1169350,2,pelvis,midstance,-0.3347,0.9591,-0.0144,-9.7656,2.5635,-33.3252,t005,MBYRA
2528175237,1169366,2,pelvis,midstance,-0.2719,0.9806,-0.0742,-16.6016,11.4746,-39.3677,t005,MBYRA
2528175238,1169382,2,pelvis,midstance,-0.2339,0.9510,-0.1384,-13.9770,16.6016,-39.3066,t005,MBYRA
2528175238,1169398,2,pelvis,midstance,-0.1648,0.9430,-0.2094,-6.8970,11.5967,-35.0952,t005,MBYRA
2528175238,1169414,2,pelvis,midstance,-0.1134,0.9604,-0.1595,9.5825,-8.0566,-28.3813,t005,MBYRA
2528175303,1169430,2,pelvis,midstance,-0.1476,0.9550,-0.1178,15.1978,-24.9023,-18.0664,t005,MBYRA
2528175304,1169446,2,pelvis,midstance,-0.2571,0.9547,-0.0878,13.0005,-23.4375,-14.0991,t005,MBYRA
2528175310,1169462,2,pelvis,midstance,-0.2739,0.9568,-0.1031,6.1646,-9.2773,-19.5923,t005,MBYRA
2528175365,1169478,2,pelvis,midstance,-0.2501,0.9568,-0.1080,1.6479,0.4272,-29.4189,t005,MBYRA
2528175366,1169494,2,pelvis,terminal,-0.1755,0.9597,-0.1437,0.9155,0.3662,-31.0059,t005,MBYRA
2528175366,1169510,2,pelvis,terminal,-0.1510,0.9587,-0.1552,1.6479,-8.7891,-30.2734,t005,MBYRA
2528175366,1169526,2,pelvis,terminal,-0.1656,0.9568,-0.1439,2.1362,-13.5498,-29.2358,t005,MBYRA
2528175367,1169542,2,pelvis,terminal,-0.1992,0.9756,-0.1210,1.3428,-16.1133,-30.2734,t005,MBYRA
2528175437,1169559,2,pelvis,terminal,-0.1942,0.9812,-0.1216,1.3428,-13.3057,-36.9263,t005,MBYRA
2528175437,1169575,2,pelvis,terminal,-0.1632,0.9806,-0.1136,2.0142,-12.2681,-40.2832,t005,MBYRA
2528175438,1169591,2,pelvis,terminal,-0.1404,0.9668,-0.0968,1.0376,-10.4370,-44.0674,t005,MBYRA
2528175498,1169607,2,pelvis,terminal,-0.1274,0.9735,-0.1041,-1.6479,-7.5073,-44.7388,t005,MBYRA
2528175501,1169623,2,pelvis,terminal,-0.0865,0.9812,-0.1083,-1.5869,-6.2256,-45.6543,t005,MBYRA
2528175501,1169640,2,pelvis,terminal,-0.0641,0.9741,-0.0950,-0.6714,-4.8828,-46.2036,t005,MBYRA
2528175524,1169656,2,pelvis,terminal,-0.0585,0.9814,-0.0878,-0.8545,-3.6621,-42.9687,t005,MBYRA
2528175547,1169672,2,pelvis,terminal,-0.0509,0.9987,-0.0936,-0.4883,-3.4180,-41.8701,t005,MBYRA
2528175565,1169688,2,pelvis,terminal,-0.0508,1.0098,-0.0962,0.9155,-4.6997,-41.2598,t005,MBYRA
2528175566,1169704,2,pelvis,terminal,-0.0458,1.0229,-0.1078,3.1128,-7.2021,-43.1519,t005,MBYRA
2528175566,1169720,2,pelvis,terminal,-0.0532,1.0582,-0.1233,4.7607,-9.0942,-45.3491,t005,MBYRA
2528175616,1169736,2,pelvis,terminal,-0.0624,1.0826,-0.1174,10.4980,-12.6343,-53.2227,t005,MBYRA
2528175626,1169752,2,pelvis,swing,-0.0955,1.1277,-0.1129,14.0991,-13.6719,-58.8989,t005,MBYRA
2528175628,1169768,2,pelvis,swing,-0.1106,1.1525,-0.1238,20.8130,-15.5640,-72.8760,t005,MBYRA
2528175629,1169785,2,pelvis,swing,-0.0996,1.1587,-0.1338,28.5645,-17.1509,-87.2192,t005,MBYRA
2528175629,1169801,2,pelvis,swing,-0.0551,1.1737,-0.1483,30.8228,-19.4092,-92.0410,t005,MBYRA
2528175692,1169817,2,pelvis,swing,-0.0492,1.1749,-0.1112,31.9824,-26.8555,-99.4263,t005,MBYRA
2528175692,1169833,2,pelvis,swing,-0.0579,1.1818,-0.0757,33.9355,-30.8228,-105.5908,t005,MBYRA
2528175693,1169849,2,pelvis,swing,-0.0793,1.2534,0.0195,35.8887,-29.3579,-108.7036,t005,MBYRA
2528175693,1169865,2,pelvis,swing,-0.0902,1.3013,-0.0137,42.4805,-25.8179,-125.2441,t005,MBYRA
2528175755,1169881,2,pelvis,swing,-0.1534,1.2869,0.0321,40.3442,-26.9775,-138.6719,t005,MBYRA
2528175756,1169897,2,pelvis,swing,-0.2883,1.4027,0.0626,43.2739,-23.6206,-154.0527,t005,MBYRA
2528175792,1169913,2,pelvis,swing,-0.4028,1.5200,-0.0782,53.4668,-25.2686,-176.3916,t005,MBYRA
2528175818,1169929,2,pelvis,swing,-0.6517,1.6069,-0.2478,52.5513,-31.1279,-190.6738,t005,MBYRA
2528175819,1169945,2,pelvis,swing,-0.7424,1.6339,-0.1476,40.9546,-50.4150,-230.4077,t005,MBYRA
2528175819,1169961,2,pelvis,swing,-0.4943,1.6331,-0.0472,39.0015,-61.0352,-250.4272,t005,MBYRA
2528175878,1169977,2,pelvis,swing,0.2140,1.4998,0.0662,41.3818,-55.7251,-256.7749,t005,MBYRA
2528175881,1169993,2,pelvis,swing,0.3606,1.5636,-0.0151,24.1089,-43.9453,-291.5649,t005,MBYRA
2528175943,1170009,2,pelvis,swing,0.3263,1.6241,-0.2072,11.5967,-34.7900,-284.9121,t005,MBYRA
2528175943,1170025,2,pelvis,swing,-0.1034,1.2278,-0.1292,2.5024,-7.2632,-225.4028,t005,MBYRA
2528175944,1170041,2,pelvis,swing,-0.1771,0.9546,-0.0457,10.6201,6.2256,-151.4282,t005,MBYRA
2528175944,1170057,2,pelvis,swing,-0.0433,0.2795,-0.1115,21.9727,-5.8594,-107.6050,t005,MBYRA
2528175944,1170073,2,pelvis,swing,0.1471,0.2445,-0.2836,19.7754,-42.8467,-50.6592,t005,MBYRA
2528176003,1170089,2,pelvis,swing,-0.0449,0.4706,-0.2770,-15.7471,-9.8267,14.7705,t005,MBYRA
2528176004,1170105,2,pelvis,swing,-0.6367,0.4850,-0.1536,-10.4370,2.7466,65.5518,t005,MBYRA
2528176005,1170121,2,pelvis,swing,-0.6694,0.3147,-0.0347,7.9346,13.0615,121.3989,t005,MBYRA
2528176062,1170137,2,pelvis,swing,-0.3744,0.1300,0.1155,0.3662,22.0947,136.2305,t005,MBYRA
2528176063,1170153,2,pelvis,swing,-0.2500,0.2295,0.0137,-19.5923,38.1470,175.5981,t005,MBYRA
2528176063,1170169,2,pelvis,swing,-0.2611,0.3624,-0.0232,-25.1465,68.2373,231.0791,t005,MBYRA
2528176064,1170185,2,pelvis,swing,-0.2544,0.5243,0.0048,-23.3765,83.8013,260.6812,t005,MBYRA
2528176120,1170200,2,pelvis,swing,-0.1991,0.5863,0.0090,-15.9912,89.4165,295.7153,t005,MBYRA
2528176120,1170216,2,pelvis,swing,-0.0603,0.8015,-0.1105,-13.6108,80.3833,305.1147,t005,MBYRA
2528176120,1170232,2,pelvis,swing,-0.2388,1.0493,-0.2712,-4.8828,54.1382,320.1904,t005,MBYRA
2528176121,1170249,2,pelvis,swing,-0.3037,1.2018,-0.2955,7.9346,28.6255,309.6313,t005,MBYRA
2528176121,1170264,2,pelvis,swing,-0.1108,1.4192,-0.2477,10.9253,21.4233,300.1099,t005,MBYRA
2528176122,1170280,2,pelvis,swing,0.0641,1.5525,-0.1887,7.8735,9.4604,293.9453,t005,MBYRA
2528176122,1170296,2,pelvis,swing,0.0378,1.5900,-0.1945,5.7373,-11.7798,294.6777,t005,MBYRA
2528176181,1170312,2,pelvis,swing,-0.0293,1.6545,-0.2201,1.6479,-18.1274,293.9453,t005,MBYRA
2528176182,1170327,2,pelvis,swing,-0.0247,1.6759,-0.2150,-6.6528,-18.9209,288.3911,t005,MBYRA
2528176182,1170344,2,pelvis,swing,0.0249,1.6780,-0.2058,-11.1694,-17.0288,283.5083,t005,MBYRA
2528176236,1170359,2,pelvis,swing,0.1672,1.6838,-0.2390,-31.0059,-10.4370,269.5312,t005,MBYRA
2528176238,1170375,2,pelvis,swing,0.2119,1.6906,-0.2578,-53.7720,-7.8125,264.2822,t005,MBYRA
2528176239,1170391,2,pelvis,swing,0.1903,1.6835,-0.2046,-61.9507,-11.0474,264.4043,t005,MBYRA
2528176297,1170407,2,pelvis,swing,0.2335,1.6750,-0.0999,-70.1904,-37.9639,263.5498,t005,MBYRA
2528176297,1170423,2,pelvis,swing,0.3053,1.6290,0.0925,-65.7349,-63.8428,258.9722,t005,MBYRA
2528176298,1170439,2,pelvis,swing,0.0446,1.6257,0.0646,-44.6777,-106.0791,241.2109,t005,MBYRA
2528176298,1170455,2,pelvis,swing,0.0531,1.5956,0.0936,-17.1509,-103.0273,208.6792,t005,MBYRA
2528176298,1170471,2,pelvis,swing,0.3645,1.3574,0.1696,-9.5215,-101.3184,187.6221,t005,MBYRA
