timestamp_pc_ms,timestamp_arduino_ms,sensor_id,placement,phase,ax,ay,az,gx,gy,gz,trial_id,subject_id
2528219685,1213865,2,pierna,loading,-0.3027,0.9764,0.0937,0.0610,15.4419,-16.1133,t007,MBYRA
2528219724,1213881,2,pierna,loading,-0.1135,1.0266,0.2161,1.4648,15.5640,-17.1509,t007,MBYRA
2528219724,1213897,2,pierna,loading,-0.0607,0.9969,0.0840,2.6245,16.0522,-24.2920,t007,MBYRA
2528219763,1213913,2,pierna,loading,-0.1437,0.9642,0.0642,3.6621,20.2026,-25.2686,t007,MBYRA
2528219764,1213928,2,pierna,loading,-0.5360,0.8477,0.2327,6.2866,29.6631,-20.4468,t007,MBYRA
2528219764,1213944,2,pierna,loading,-0.6549,0.7441,0.2836,0.1831,79.3457,5.7983,t007,MBYRA
2528219804,1213960,2,pierna,loading,-0.3171,0.7784,0.2010,-11.9629,103.9429,21.7285,t007,MBYRA
2528219805,1213976,2,pierna,loading,0.3291,1.0372,0.2531,-21.9727,105.3467,22.2168,t007,MBYRA
2528219841,1213992,2,pierna,loading,0.2126,0.9243,0.2063,-5.3711,89.6606,0.3052,t007,MBYRA
2528219842,1214007,2,pierna,loading,-0.6765,0.4994,-0.2471,-1.3428,83.8623,2.5635,t007,MBYRA
2528219843,1214023,2,pierna,loading,-0.6088,0.6489,-0.5997,-27.8931,55.1758,25.1465,t007,MBYRA
2528219887,1214039,2,pierna,loading,1.0885,1.6652,-0.7820,-43.5791,42.5415,15.3809,t007,MBYRA
2528219887,1214055,2,pierna,loading,-0.4423,0.7574,0.1123,21.3013,-15.8691,-12.6343,t007,MBYRA
2528219925,1214071,2,pierna,loading,-0.5778,0.6267,0.1664,26.2451,-23.9868,11.7798,t007,MBYRA
2528219927,1214087,2,pierna,loading,0.0002,1.0367,0.1000,15.5029,-22.4609,17.2119,t007,MBYRA
2528219927,1214103,2,pierna,loading,-0.2440,0.9821,0.1549,7.8125,-11.7187,14.2212,t007,MBYRA
2528219968,1214119,2,pierna,loading,-0.2444,1.0198,0.1896,-8.3008,17.9443,8.6670,t007,MBYRA
2528219968,1214134,2,pierna,loading,-0.2490,0.9951,0.1024,-12.5122,25.4517,2.3193,t007,MBYRA
2528220004,1214150,2,pierna,loading,-0.2146,0.9642,0.0471,-17.5781,28.8696,-2.5635,t007,MBYRA
2528220005,1214166,2,pierna,loading,-0.0961,0.9930,0.0122,-15.6250,23.7427,-0.1221,t007,MBYRA
2528220006,1214182,2,pierna,loading,-0.1399,0.9907,-0.0044,-4.8828,7.4463,4.3335,t007,MBYRA
2528220055,1214198,2,pierna,loading,-0.1646,0.9792,0.0044,1.5259,-0.2441,4.7607,t007,MBYRA
2528220056,1214214,2,pierna,loading,-0.1783,0.9606,0.0568,2.1362,-0.7324,4.8218,t007,MBYRA
2528220097,1214230,2,pierna,loading,-0.1633,0.9607,0.0743,0.2441,-0.0610,4.8828,t007,MBYRA
2528220098,1214246,2,pierna,loading,-0.1616,0.9729,0.0675,-0.8545,0.3052,5.2490,t007,MBYRA
2528220099,1214261,2,pierna,loading,-0.1771,0.9761,0.0415,-1.5869,0.6714,5.3711,t007,MBYRA
2528220099,1214277,2,pierna,loading,-0.1664,0.9781,0.0381,-0.5493,-0.3662,5.0049,t007,MBYRA
2528220139,1214293,2,pierna,loading,-0.1588,0.9808,0.0377,0.6714,-1.3428,5.1270,t007,MBYRA
2528220139,1214309,2,pierna,loading,-0.1624,0.9812,0.0370,2.8076,-3.1738,4.5166,t007,MBYRA
2528220176,1214325,2,pierna,loading,-0.1760,0.9747,0.0416,3.6011,-3.9673,3.4790,t007,MBYRA
2528220177,1214341,2,pierna,loading,-0.1945,0.9774,0.0475,5.7373,-5.4321,-0.0610,t007,MBYRA
2528220178,1214357,2,pierna,loading,-0.2104,0.9807,0.0450,8.8501,-6.5308,-5.5542,t007,MBYRA
2528220215,1214373,2,pierna,loading,-0.2285,0.9875,0.0293,10.9253,-7.0190,-9.3994,t007,MBYRA
2528220215,1214389,2,pierna,loading,-0.2339,0.9856,0.0192,16.4185,-8.4839,-18.4937,t007,MBYRA
2528220258,1214405,2,pierna,loading,-0.2231,0.9845,0.0100,21.9116,-12.5732,-27.5879,t007,MBYRA
2528220259,1214421,2,pierna,loading,-0.2406,0.9773,0.0389,23.1323,-14.7705,-31.7993,t007,MBYRA
2528220259,1214436,2,pierna,loading,-0.2534,0.9851,0.0710,20.6909,-14.3433,-40.8936,t007,MBYRA
2528220303,1214452,2,pierna,loading,-0.2878,1.0237,0.0825,19.3481,-12.1460,-46.9971,t007,MBYRA
2528220304,1214468,2,pierna,loading,-0.3138,1.0620,0.0428,17.4561,-7.5684,-60.4858,t007,MBYRA
2528220337,1214485,2,pierna,loading,-0.2308,1.1165,0.0500,17.4561,-7.9956,-72.9370,t007,MBYRA
2528220339,1214500,2,pierna,loading,-0.1477,1.2106,0.1187,20.3857,-9.9487,-77.5757,t007,MBYRA
2528220339,1214516,2,pierna,loading,-0.2085,1.2600,0.1458,26.3062,-13.4888,-79.0405,t007,MBYRA
2528220376,1214532,2,pierna,loading,-0.1782,1.3478,0.1531,28.8696,-16.5405,-83.1299,t007,MBYRA
2528220377,1214548,2,pierna,loading,-0.3190,1.3257,0.1993,39.4287,-23.4985,-97.2900,t007,MBYRA
2528220413,1214564,2,pierna,loading,-0.3320,1.3044,0.1667,54.1992,-17.6392,-109.6802,t007,MBYRA
2528220415,1214580,2,pierna,loading,-0.3792,1.2744,-0.0815,61.2183,-13.2446,-113.3423,t007,MBYRA
2528220416,1214596,2,pierna,loading,-0.2797,1.1591,-0.2095,62.9883,1.4648,-112.3047,t007,MBYRA
2528220454,1214612,2,pierna,loading,-0.0554,1.1226,-0.2039,34.6680,35.7666,-105.2246,t007,MBYRA
2528220454,1214628,2,pierna,loading,0.0719,0.9403,-0.1180,22.3999,48.0957,-97.5952,t007,MBYRA
2528220488,1214644,2,pierna,loading,0.2151,0.8820,-0.0906,6.3477,41.4429,-80.5054,t007,MBYRA
2528220490,1214660,2,pierna,loading,0.3862,0.8939,-0.1389,-0.0610,28.8086,-73.8525,t007,MBYRA
2528220528,1214676,2,pierna,loading,-0.2531,0.5729,-0.1605,4.2725,-1.5259,-55.6641,t007,MBYRA
2528220529,1214692,2,pierna,loading,0.0291,0.6508,-0.2887,-24.1089,-24.4751,-34.9731,t007,MBYRA
2528220529,1214708,2,pierna,loading,1.3721,1.1155,-0.0643,-25.2686,-43.2129,-50.5371,t007,MBYRA
2528220564,1214724,2,pierna,loading,0.7996,0.8069,0.1057,17.5171,-85.0220,-59.0210,t007,MBYRA
2528220564,1214740,2,pierna,loading,-1.3242,0.2637,-0.0115,-8.9722,-38.4521,28.4424,t007,MBYRA
2528220602,1214756,2,pierna,loading,-0.8517,0.2654,-0.0408,-35.7666,9.8267,46.7529,t007,MBYRA
2528220602,1214771,2,pierna,loading,-0.3269,0.4106,-0.0454,-64.2090,50.1099,35.7056,t007,MBYRA
2528220636,1214787,2,pierna,loading,-0.4552,0.5203,-0.1974,-70.8008,45.8984,38.6963,t007,MBYRA
2528220638,1214803,2,pierna,loading,-0.5570,0.5787,-0.1475,-76.2939,44.8608,74.4019,t007,MBYRA
2528220639,1214819,2,pierna,loading,-0.4406,0.6428,-0.0784,-73.4253,36.7432,106.3232,t007,MBYRA
2528220675,1214835,2,pierna,loading,-0.3900,0.7615,-0.0203,-70.4956,26.1230,115.4175,t007,MBYRA
2528220675,1214851,2,pierna,loading,-0.4241,0.8197,-0.0177,-66.5894,10.1318,134.8267,t007,MBYRA
2528220711,1214867,2,pierna,loading,-0.3787,0.9517,0.0140,-63.4766,4.8828,145.7520,t007,MBYRA
2528220711,1214883,2,pierna,loading,-0.3445,1.0546,-0.0128,-53.8330,-9.2773,162.5366,t007,MBYRA
2528220748,1214899,2,pierna,loading,-0.3647,1.0996,-0.0430,-50.2319,-23.4985,169.6777,t007,MBYRA
2528220749,1214915,2,pierna,loading,-0.3893,1.1914,-0.0652,-51.0254,-28.1372,170.4712,t007,MBYRA
2528220769,1214931,2,pierna,loading,-0.3765,1.2333,-0.0538,-53.5889,-32.2876,168.7622,t007,MBYRA
2528220783,1214947,2,pierna,loading,-0.3021,1.2938,-0.0204,-54.7485,-29.6631,166.1377,t007,MBYRA
2528220784,1214963,2,pierna,loading,-0.2471,1.2969,-0.0006,-54.5044,-26.7334,165.2222,t007,MBYRA
2528220821,1214979,2,pierna,loading,-0.2352,1.2865,0.0048,-52.5513,-18.8599,161.1328,t007,MBYRA
2528220822,1214995,2,pierna,loading,-0.2507,1.2855,-0.0061,-52.0630,-16.0522,156.9824,t007,MBYRA
2528220856,1215011,2,pierna,loading,-0.2271,1.3132,-0.0460,-49.8657,-14.3433,142.8223,t007,MBYRA
2528220857,1215027,2,pierna,loading,-0.1512,1.3025,-0.0679,-43.8843,-12.8174,125.1221,t007,MBYRA
2528220894,1215043,2,pierna,loading,-0.0242,1.2506,-0.0800,-39.9780,-10.1929,120.5444,t007,MBYRA
2528220895,1215059,2,pierna,loading,-0.0283,1.1846,-0.0723,-34.2407,-2.8076,110.3516,t007,MBYRA
2528220895,1215075,2,pierna,loading,-0.0259,1.0861,-0.0520,-36.3159,6.6528,92.2241,t007,MBYRA
2528220928,1215091,2,pierna,loading,0.0559,1.0302,0.0076,-37.2314,11.5356,80.9326,t007,MBYRA
2528220928,1215107,2,pierna,loading,0.0756,1.0107,0.0397,-35.5225,20.4468,57.2510,t007,MBYRA
2528220965,1215123,2,pierna,loading,0.1007,1.0378,0.0304,-33.3252,27.0996,44.9219,t007,MBYRA
2528220966,1215138,2,pierna,loading,0.2202,1.0293,-0.0120,-28.5645,47.0581,19.2871,t007,MBYRA
2528221000,1215154,2,pierna,loading,0.2744,1.0004,-0.0310,-25.5737,58.7769,-9.7046,t007,MBYRA
2528221000,1215170,2,pierna,loading,0.2784,0.9614,-0.0675,-24.8413,60.3027,-24.5972,t007,MBYRA
2528221036,1215187,2,pierna,loading,0.2802,0.9576,-0.0573,-23.6206,61.8896,-51.3916,t007,MBYRA
2528221037,1215203,2,pierna,loading,-0.2853,1.1414,-0.0221,-23.5596,68.8477,-58.1665,t007,MBYRA
2528221069,1215219,2,pierna,loading,-0.8674,0.8358,0.1740,-28.9307,81.7871,-105.4077,t007,MBYRA
2528221071,1215235,2,pierna,loading,-1.8773,1.0234,0.3503,-2.6245,42.2974,-132.3242,t007,MBYRA
2528221072,1215251,2,pierna,loading,-0.0908,1.4933,0.6243,14.8315,36.1328,-121.7041,t007,MBYRA
2528221108,1215267,2,pierna,loading,0.4966,1.4630,0.0800,6.1035,27.1606,-134.1553,t007,MBYRA
2528221108,1215283,2,pierna,loading,-0.4517,0.9808,-0.2256,-3.0518,27.8320,-120.3003,t007,MBYRA
2528221140,1215299,2,pierna,loading,-0.5830,0.5936,-0.4213,-13.7329,48.7671,-107.4219,t007,MBYRA
2528221142,1215315,2,pierna,loading,-0.0698,0.8235,-0.3702,-21.1182,71.0449,-70.3125,t007,MBYRA
2528221179,1215331,2,pierna,loading,0.5543,1.4160,-0.1307,-11.4136,60.1196,-57.5561,t007,MBYRA
2528221180,1215347,2,pierna,loading,-0.1249,0.9742,-0.0007,24.1089,8.3008,-57.4341,t007,MBYRA
2528221212,1215363,2,pierna,loading,-0.1885,0.8795,-0.0333,21.1792,-18.8599,-46.8140,t007,MBYRA
2528221215,1215379,2,pierna,loading,-0.1952,0.9363,-0.1301,17.5171,-19.2871,-36.7432,t007,MBYRA
2528221215,1215395,2,pierna,loading,-0.2800,0.9330,-0.0588,16.7847,-12.9395,-26.4282,t007,MBYRA
2528221251,1215411,2,pierna,loading,-0.2891,0.9303,-0.0249,1.4038,2.2583,-28.8696,t007,MBYRA
2528221252,1215427,2,pierna,midstance,-0.2419,0.9427,-0.0503,-7.3242,10.7422,-30.0293,t007,MBYRA
2528221286,1215443,2,pierna,midstance,-0.1992,0.9458,-0.0883,-14.8315,18.3105,-26.7334,t007,MBYRA
2528221287,1215459,2,pierna,midstance,-0.1677,0.9656,-0.1464,-13.5498,15.0757,-23.6206,t007,MBYRA
2528221327,1215475,2,pierna,midstance,-0.1801,0.9749,-0.1652,-5.5542,1.5259,-21.2402,t007,MBYRA
2528221327,1215491,2,pierna,midstance,-0.1729,0.9788,-0.1619,5.3101,-9.8877,-21.0571,t007,MBYRA
2528221327,1215507,2,pierna,midstance,-0.1825,0.9425,-0.1122,9.2773,-13.4277,-19.6533,t007,MBYRA
2528221361,1215523,2,pierna,midstance,-0.1903,0.9359,-0.0845,8.6670,-13.9160,-14.2822,t007,MBYRA
2528221362,1215539,2,pierna,midstance,-0.2006,0.9457,-0.0472,0.3052,-9.2773,-12.7563,t007,MBYRA
2528221403,1215555,2,pierna,midstance,-0.1682,0.9531,-0.0757,-3.7842,-6.4697,-12.3901,t007,MBYRA
2528221404,1215571,2,pierna,midstance,-0.1760,0.9512,-0.0972,-6.2866,-5.6763,-11.2915,t007,MBYRA
2528221432,1215587,2,pierna,midstance,-0.1895,0.9655,-0.1436,-5.3711,-7.8735,-10.9253,t007,MBYRA
2528221438,1215603,2,pierna,midstance,-0.1925,0.9645,-0.1521,-1.0986,-12.2070,-10.7422,t007,MBYRA
2528221439,1215619,2,pierna,terminal,-0.1914,0.9646,-0.1335,3.5400,-11.9019,-13.2446,t007,MBYRA
2528221480,1215635,2,pierna,terminal,-0.2131,0.9731,-0.1094,4.8218,-10.9253,-15.7471,t007,MBYRA
2528221481,1215651,2,pierna,terminal,-0.1997,0.9763,-0.0986,4.1504,-8.3008,-21.7895,t007,MBYRA
2528221516,1215667,2,pierna,terminal,-0.1801,0.9756,-0.1077,2.3804,-4.5166,-25.8789,t007,MBYRA
2528221518,1215683,2,pierna,terminal,-0.1749,0.9791,-0.1331,3.4180,-4.0283,-28.2593,t007,MBYRA
2528221520,1215700,2,pierna,terminal,-0.1683,0.9761,-0.1425,6.2256,-3.9673,-32.4097,t007,MBYRA
2528221556,1215716,2,pierna,terminal,-0.1298,0.9690,-0.1102,6.8359,-4.2725,-33.2642,t007,MBYRA
2528221556,1215732,2,pierna,terminal,-0.1039,0.9758,-0.1144,6.1035,-5.0049,-31.6162,t007,MBYRA
2528221589,1215748,2,pierna,terminal,-0.0918,0.9833,-0.1194,5.9814,-7.3242,-28.9307,t007,MBYRA
2528221591,1215764,2,pierna,terminal,-0.0861,0.9951,-0.1178,6.6528,-9.3994,-27.8320,t007,MBYRA
2528221628,1215780,2,pierna,terminal,-0.1002,0.9982,-0.1100,8.6670,-13.3057,-26.9775,t007,MBYRA
2528221628,1215796,2,pierna,terminal,-0.1100,0.9989,-0.1102,10.8032,-14.9536,-30.0903,t007,MBYRA
2528221661,1215812,2,pierna,terminal,-0.1171,1.0049,-0.1049,12.0239,-15.0146,-33.2642,t007,MBYRA
2528221661,1215828,2,pierna,swing,-0.1200,1.0088,-0.1040,14.6484,-14.2822,-41.0156,t007,MBYRA
2528221664,1215844,2,pierna,swing,-0.1268,1.0376,-0.1171,18.7378,-13.4888,-49.8657,t007,MBYRA
2528221701,1215860,2,pierna,swing,-0.1239,1.0837,-0.1287,21.4233,-13.9770,-54.9927,t007,MBYRA
2528221701,1215876,2,pierna,swing,-0.1205,1.1061,-0.1185,27.9541,-16.7847,-66.2842,t007,MBYRA
2528221736,1215893,2,pierna,swing,-0.1161,1.1165,-0.0563,30.3345,-17.3340,-70.8008,t007,MBYRA
2528221737,1215909,2,pierna,swing,-0.1021,1.1477,-0.0374,34.2407,-17.8833,-80.3223,t007,MBYRA
2528221773,1215925,2,pierna,swing,-0.0975,1.1647,-0.0278,38.8794,-17.2119,-90.5151,t007,MBYRA
2528221773,1215941,2,pierna,swing,-0.1166,1.2384,-0.0205,40.8325,-16.7847,-95.8862,t007,MBYRA
2528221805,1215957,2,pierna,swing,-0.1644,1.2738,-0.0425,42.9687,-14.0991,-107.7881,t007,MBYRA
2528221807,1215973,2,pierna,swing,-0.2101,1.3204,-0.0065,43.2739,-7.2632,-118.8354,t007,MBYRA
2528221808,1215989,2,pierna,swing,-0.1980,1.3879,0.0052,44.8608,-4.4556,-123.9014,t007,MBYRA
2528221841,1216005,2,pierna,swing,-0.2045,1.4102,-0.0320,49.8047,-13.8550,-148.5596,t007,MBYRA
2528221842,1216021,2,pierna,swing,-0.4076,1.4529,-0.0298,52.5513,-23.8037,-165.4663,t007,MBYRA
2528221874,1216037,2,pierna,swing,-0.6091,1.4597,0.0159,53.8940,-29.4800,-193.1763,t007,MBYRA
2528221874,1216053,2,pierna,swing,-0.5978,1.4553,-0.0913,47.9126,-32.3486,-224.5483,t007,MBYRA
2528221910,1216069,2,pierna,swing,-0.3816,1.4844,-0.1382,43.4570,-35.0342,-230.2246,t007,MBYRA
2528221910,1216085,2,pierna,swing,-0.1890,1.4554,-0.0031,50.7202,-41.6260,-227.1728,t007,MBYRA
2528221942,1216101,2,pierna,swing,0.3547,1.4636,-0.1409,44.0674,-44.0674,-241.0889,t007,MBYRA
2528221944,1216117,2,pierna,swing,0.4512,1.5931,-0.3809,1.8921,-35.8887,-268.5547,t007,MBYRA
2528221979,1216133,2,pierna,swing,0.2502,1.3441,-0.2706,-7.9956,-18.2495,-199.6460,t007,MBYRA
2528221980,1216149,2,pierna,swing,-0.2307,0.8451,-0.0959,-9.1553,-20.2637,-162.1704,t007,MBYRA
2528222011,1216165,2,pierna,swing,-0.2559,0.4547,-0.1610,-0.5493,-39.0625,-114.1968,t007,MBYRA
2528222014,1216181,2,pierna,swing,-0.2338,0.2563,-0.2124,13.4277,-85.5102,-85.0220,t007,MBYRA
2528222048,1216197,2,pierna,swing,0.0446,0.1620,-0.2418,2.6245,-98.3887,-80.0781,t007,MBYRA
2528222048,1216213,2,pierna,swing,0.0182,0.2698,-0.2400,-15.6860,-63.4766,-10.4980,t007,MBYRA
2528222049,1216229,2,pierna,swing,-0.3051,0.3184,-0.1649,-10.8643,-41.0156,38.0859,t007,MBYRA
2528222080,1216245,2,pierna,swing,-0.3485,0.2802,-0.1317,-1.8311,-10.1318,108.9477,t007,MBYRA
2528222081,1216261,2,pierna,swing,-0.2489,0.3716,-0.1108,-10.2539,19.4092,149.2920,t007,MBYRA
2528222115,1216277,2,pierna,swing,-0.1708,0.5052,-0.0491,-8.7891,34.2407,169.9219,t007,MBYRA
2528222115,1216292,2,pierna,swing,-0.2892,0.5127,-0.0543,-5.1880,55.7251,221.2524,t007,MBYRA
2528222147,1216308,2,pierna,swing,-0.2401,0.5847,-0.0724,-34.7290,66.1621,245.4223,t007,MBYRA
2528222148,1216324,2,pierna,swing,-0.1855,0.7789,-0.1586,-46.1426,70.2515,254.5776,t007,MBYRA
2528222182,1216340,2,pierna,swing,-0.2070,0.8629,-0.2048,-54.5044,80.8105,281.1279,t007,MBYRA
2528222183,1216356,2,pierna,swing,-0.3104,0.9738,-0.1982,-55.9082,85.7544,289.2456,t007,MBYRA
2528222215,1216373,2,pierna,swing,-0.2747,1.0546,-0.2091,-58.5327,89.0503,289.0015,t007,MBYRA
2528222215,1216389,2,pierna,swing,-0.2825,1.1426,-0.2463,-65.3687,83.0078,295.7153,t007,MBYRA
2528222250,1216405,2,pierna,swing,-0.1929,1.3540,-0.2626,-68.1763,80.0781,298.2178,t007,MBYRA
2528222251,1216421,2,pierna,swing,-0.1252,1.4883,-0.1960,-70.8618,63.8428,298.8281,t007,MBYRA
2528222282,1216437,2,pierna,swing,-0.1493,1.5796,-0.1775,-72.5098,37.4146,297.8516,t007,MBYRA
2528222283,1216453,2,pierna,swing,-0.0284,1.8043,-0.1716,-77.3315,26.5503,290.4663,t007,MBYRA
2528222320,1216469,2,pierna,swing,0.2030,1.9054,-0.1410,-83.6182,10.1318,276.0010,t007,MBYRA
2528222320,1216484,2,pierna,swing,0.5959,2.0363,-0.0779,-79.1016,-0.6104,269.9585,t007,MBYRA
2528222320,1216500,2,pierna,swing,0.8707,2.0863,-0.1543,-66.1621,-20.6299,247.1313,t007,MBYRA
2528222352,1216516,2,pierna,swing,1.0432,2.0388,-0.1963,-46.3257,-29.1748,205.0781,t007,MBYRA
2528222353,1216532,2,pierna,swing,1.1714,1.7028,0.0468,-29.6631,-38.0249,178.1006,t007,MBYRA
2528222388,1216548,2,pierna,swing,1.1880,1.6462,0.0780,-24.1699,-52.9785,131.4697,t007,MBYRA
2528222389,1216564,2,pierna,swing,1.5918,1.7117,0.3232,-23.1934,-34.7290,100.4639,t007,MBYRA
2528222420,1216580,2,pierna,loading,1.6906,1.6584,0.7251,0.6104,20.5078,15.8081,t007,MBYRA
2528222420,1216596,2,pierna,loading,1.7404,1.5774,1.0802,15.8691,79.3457,-96.4966,t007,MBYRA
2528222460,1216612,2,pierna,loading,-0.9266,1.4266,0.6610,25.3906,87.0361,-151.3062,t007,MBYRA
2528222461,1216628,2,pierna,loading,-1.4008,1.2804,0.1986,18.0664,16.1743,-159.9121,t007,MBYRA
2528222471,1216643,2,pierna,loading,0.5579,1.3845,0.0499,-14.7705,23.0713,-161.2549,t007,MBYRA
2528222495,1216659,2,pierna,loading,-0.2721,0.9531,-0.5011,-11.0474,53.1006,-148.2544,t007,MBYRA
2528222496,1216675,2,pierna,loading,-0.5094,0.7666,-0.4666,-17.7612,93.3227,-98.3276,t007,MBYRA
2528222532,1216691,2,pierna,loading,0.6559,1.3219,-0.1038,-17.1509,86.7920,-77.5757,t007,MBYRA
2528222532,1216707,2,pierna,loading,-0.0601,1.0164,-0.1466,21.9116,27.9541,-66.7725,t007,MBYRA
2528222566,1216723,2,pierna,loading,-0.1804,0.9135,-0.0676,41.0767,-12.8174,-59.7534,t007,MBYRA
2528222567,1216739,2,pierna,loading,-0.2019,0.8767,0.0077,38.8794,-21.9727,-48.2178,t007,MBYRA
2528222605,1216755,2,pierna,loading,-0.2571,0.8936,-0.0118,11.4136,-14.8926,-28.7476,t007,MBYRA
2528222605,1216771,2,pierna,loading,-0.2771,0.9664,-0.0188,-7.4463,-1.5259,-30.5786,t007,MBYRA
2528222638,1216787,2,pierna,loading,-0.2284,0.9423,-0.0569,-12.6953,3.1738,-31.1279,t007,MBYRA
2528222639,1216804,2,pierna,midstance,-0.2041,0.9430,-0.1040,-13.0005,6.1646,-23.9868,t007,MBYRA
2528222640,1216820,2,pierna,midstance,-0.2190,0.9409,-0.1699,-9.3384,2.9297,-20.9961,t007,MBYRA
2528222678,1216836,2,pierna,midstance,-0.1896,0.9678,-0.1577,-0.3052,-9.7046,-20.0195,t007,MBYRA
2528222679,1216852,2,pierna,midstance,-0.1847,0.9688,-0.1234,7.0190,-19.2261,-17.7002,t007,MBYRA
2528222714,1216868,2,pierna,midstance,-0.2299,0.9498,-0.0709,6.5918,-19.2261,-15.6250,t007,MBYRA
2528222715,1216884,2,pierna,midstance,-0.2438,0.9426,-0.0696,1.6479,-12.2681,-16.1133,t007,MBYRA
2528222754,1216900,2,pierna,midstance,-0.2483,0.9274,-0.1130,-3.1128,-3.3569,-21.3013,t007,MBYRA
2528222754,1216916,2,pierna,midstance,-0.2152,0.9386,-0.1434,-4.6387,-0.7324,-23.6816,t007,MBYRA
2528222754,1216932,2,pierna,midstance,-0.1893,0.9580,-0.1433,-3.7231,-1.3428,-26.3062,t007,MBYRA
2528222790,1216948,2,pierna,midstance,-0.1567,0.9764,-0.1107,-1.8311,-3.3569,-26.3062,t007,MBYRA
2528222790,1216964,2,pierna,midstance,-0.1906,0.9773,-0.0750,-0.5493,-5.6152,-25.3906,t007,MBYRA
2528222829,1216981,2,pierna,midstance,-0.1979,0.9844,-0.0773,-0.6714,-4.3945,-28.3203,t007,MBYRA
2528222830,1216997,2,pierna,midstance,-0.1907,0.9888,-0.0929,0.3052,-3.9673,-31.1279,t007,MBYRA
2528222864,1217013,2,pierna,midstance,-0.1810,0.9796,-0.1084,3.4180,-3.7231,-36.1938,t007,MBYRA
2528222864,1217029,2,pierna,midstance,-0.1681,0.9828,-0.1127,6.7139,-3.2349,-39.7949,t007,MBYRA
2528222864,1217045,2,pierna,terminal,-0.1487,0.9995,-0.1030,8.4229,-3.6011,-41.3818,t007,MBYRA
2528222908,1217061,2,pierna,terminal,-0.1421,1.0001,-0.0912,10.9863,-3.6011,-44.9219,t007,MBYRA
2528222908,1217077,2,pierna,terminal,-0.1090,1.0000,-0.0896,11.2305,-3.4180,-46.0815,t007,MBYRA
2528222945,1217093,2,pierna,terminal,-0.0743,1.0090,-0.1113,11.7187,-4.8828,-46.5698,t007,MBYRA
2528222946,1217109,2,pierna,terminal,-0.0665,1.0094,-0.1260,15.6860,-8.8501,-47.5464,t007,MBYRA
2528222947,1217125,2,pierna,terminal,-0.0807,1.0128,-0.1251,18.7378,-10.9253,-48.2788,t007,MBYRA
2528222986,1217141,2,pierna,terminal,-0.1052,1.0360,-0.0950,22.0947,-14.0381,-51.2695,t007,MBYRA
2528222987,1217157,2,pierna,terminal,-0.1099,1.0605,-0.0653,25.0854,-13.9160,-58.2275,t007,MBYRA
2528223022,1217173,2,pierna,terminal,-0.1112,1.0975,-0.0269,27.1606,-13.4888,-63.7817,t007,MBYRA
2528223024,1217189,2,pierna,terminal,-0.1161,1.1169,-0.0056,30.8838,-13.8550,-76.9653,t007,MBYRA
2528223025,1217205,2,pierna,terminal,-0.1221,1.1766,-0.0326,33.3862,-13.0615,-83.8623,t007,MBYRA
2528223065,1217221,2,pierna,terminal,-0.1248,1.2369,-0.1025,40.0391,-11.0474,-98.5107,t007,MBYRA
2528223065,1217237,2,pierna,terminal,-0.1492,1.2722,-0.1079,43.8232,-9.9487,-107.2998,t007,MBYRA
2528223100,1217253,2,pierna,terminal,-0.1956,1.4066,-0.0658,45.3491,-9.1553,-110.7788,t007,MBYRA
2528223101,1217268,2,pierna,swing,-0.2406,1.4476,-0.0739,49.6826,-6.9580,-128.3569,t007,MBYRA
2528223104,1217284,2,pierna,swing,-0.3020,1.5328,-0.0260,51.3916,-8.9722,-154.3579,t007,MBYRA
2528223144,1217300,2,pierna,swing,-0.3666,1.6775,-0.0586,53.7720,-16.8457,-169.2505,t007,MBYRA
2528223145,1217317,2,pierna,swing,-0.5208,1.7198,-0.0940,54.0161,-40.5273,-202.6977,t007,MBYRA
2528223181,1217333,2,pierna,swing,-0.9248,1.6323,-0.2567,50.1709,-46.3867,-221.1304,t007,MBYRA
2528223184,1217349,2,pierna,swing,-0.5640,1.3757,-0.0703,39.4287,-57.0068,-254.8218,t007,MBYRA
2528223184,1217365,2,pierna,swing,-0.1240,1.4283,0.0596,39.4287,-82.9468,-270.6909,t007,MBYRA
2528223223,1217381,2,pierna,swing,0.4336,1.7695,-0.1954,36.1938,-93.9941,-278.2593,t007,MBYRA
2528223224,1217397,2,pierna,swing,0.1451,1.4425,-0.4019,6.4697,-77.0874,-254.5166,t007,MBYRA
2528223260,1217413,2,pierna,swing,-0.1921,1.2472,-0.3079,-12.1460,-56.0913,-186.0962,t007,MBYRA
2528223262,1217429,2,pierna,swing,-0.2922,0.6582,-0.0867,-3.1128,-57.7393,-157.3486,t007,MBYRA
2528223298,1217445,2,pierna,swing,-0.1288,0.3713,-0.0959,5.9204,-81.5430,-105.3467,t007,MBYRA
2528223303,1217462,2,pierna,swing,0.0300,0.2268,-0.1930,2.6855,-95.8252,-83.0688,t007,MBYRA
2528223303,1217478,2,pierna,swing,-0.4749,0.4579,-0.2018,-18.3105,-66.1621,-13.5498,t007,MBYRA
2528223341,1217494,2,pierna,swing,-0.7925,0.3627,-0.0864,-11.4136,-18.1274,58.7158,t007,MBYRA
2528223342,1217510,2,pierna,swing,-0.5251,0.1448,0.0548,-20.0195,0.1831,75.6226,t007,MBYRA
2528223382,1217526,2,pierna,swing,-0.3279,0.2505,-0.0525,-53.3447,32.7148,111.0229,t007,MBYRA
2528223383,1217542,2,pierna,swing,-0.3636,0.3240,-0.1154,-74.0967,63.2324,156.5552,t007,MBYRA
2528223383,1217558,2,pierna,swing,-0.3922,0.4563,-0.1207,-78.5522,76.7822,182.9834,t007,MBYRA
2528223421,1217574,2,pierna,swing,-0.3606,0.4921,-0.0848,-78.0640,87.5244,238.5864,t007,MBYRA
2528223422,1217590,2,pierna,swing,-0.3552,0.6290,-0.0950,-75.1953,84.8999,259.6436,t007,MBYRA
2528223462,1217605,2,pierna,swing,-0.3287,0.8297,-0.1741,-72.6318,70.6787,283.6304,t007,MBYRA
2528223462,1217621,2,pierna,swing,-0.3202,0.9269,-0.1915,-69.8853,47.1802,305.3589,t007,MBYRA
2528223463,1217637,2,pierna,swing,-0.3060,1.1089,-0.1682,-66.2231,32.7148,316.3452,t007,MBYRA
2528223500,1217653,2,pierna,swing,-0.3234,1.2028,-0.1409,-58.0444,4.0894,330.8105,t007,MBYRA
2528223501,1217669,2,pierna,swing,-0.3660,1.3951,-0.0835,-53.4058,-20.4468,334.5337,t007,MBYRA
2528223542,1217686,2,pierna,swing,-0.4100,1.6130,-0.0411,-54.3823,-30.3955,333.8623,t007,MBYRA
2528223542,1217702,2,pierna,swing,-0.4297,1.7643,-0.0166,-58.7769,-37.0483,335.9375,t007,MBYRA
2528223542,1217718,2,pierna,swing,-0.1519,2.0929,0.0652,-64.6973,-31.9214,331.7871,t007,MBYRA
2528223582,1217734,2,pierna,swing,0.4242,2.2325,0.1305,-78.8574,-20.7520,313.4155,t007,MBYRA
2528223582,1217749,2,pierna,swing,0.6078,2.2889,0.1127,-94.9707,-14.2212,284.2407,t007,MBYRA
2528223621,1217765,2,pierna,swing,0.9055,2.2848,-0.0577,-99.8535,-1.2207,260.8032,t007,MBYRA
2528223622,1217782,2,pierna,swing,1.2692,1.8846,0.0438,-80.8716,18.8599,194.5801,t007,MBYRA
2528223622,1217798,2,pierna,swing,1.6194,1.7667,0.0359,-64.4531,2.7466,134.0942,t007,MBYRA
2528223661,1217813,2,pierna,swing,2.1311,1.7531,-0.0353,-59.9365,0.3662,103.6377,t007,MBYRA
2528223662,1217829,2,pierna,swing,2.0067,1.7057,0.0902,-21.6064,21.3013,29.6631,t007,MBYRA
2528223704,1217845,2,pierna,swing,1.6040,1.4652,0.3132,-1.7700,35.7056,-17.1509,t007,MBYRA
2528223704,1217861,2,pierna,swing,0.7642,1.5809,0.1274,12.0239,71.4722,-92.8955,t007,MBYRA
2528223705,1217877,2,pierna,swing,-0.3429,1.3818,0.0752,22.2168,148.9868,-112.9761,t007,MBYRA
2528223743,1217893,2,pierna,swing,-3.0698,0.0017,0.1984,4.6387,126.2207,-137.0239,t007,MBYRA
2528223744,1217909,2,pierna,loading,-2.9479,0.5300,0.3206,-29.4800,52.1240,-110.9009,t007,MBYRA
2528223744,1217925,2,pierna,loading,1.3267,2.4485,0.8049,-21.9116,83.6182,-127.2583,t007,MBYRA
2528223792,1217940,2,pierna,loading,0.2681,1.2825,0.1700,-5.1270,76.1719,-177.3681,t007,MBYRA
2528223792,1217956,2,pierna,loading,-0.4353,0.7251,-0.2037,-27.6489,41.9922,-131.8970,t007,MBYRA
2528223793,1217972,2,pierna,loading,-0.0853,1.0260,-0.4385,-42.7856,56.0913,-109.5581,t007,MBYRA
2528223833,1217989,2,pierna,loading,0.2700,1.2620,-0.3562,-33.7524,59.0210,-87.0972,t007,MBYRA
2528223834,1218004,2,pierna,loading,0.3375,1.3002,-0.0658,25.5737,2.1973,-75.4395,t007,MBYRA
2528223881,1218020,2,pierna,loading,-0.1052,0.8245,-0.1021,35.8887,-20.0195,-68.0542,t007,MBYRA
2528223881,1218036,2,pierna,loading,-0.1677,0.8253,-0.1583,17.3950,-29.5410,-36.0107,t007,MBYRA
2528223882,1218052,2,pierna,loading,-0.2875,0.9791,-0.0823,11.2915,-23.9868,-24.9634,t007,MBYRA
2528223924,1218068,2,pierna,loading,-0.2776,0.9841,-0.0441,1.7700,-8.1787,-28.0151,t007,MBYRA
2528223924,1218084,2,pierna,midstance,-0.2506,0.9442,-0.0521,-10.8032,2.0752,-30.0903,t007,MBYRA
2528223926,1218101,2,pierna,midstance,-0.2145,0.9559,-0.1484,-13.4888,2.0142,-26.3672,t007,MBYRA
2528223971,1218117,2,pierna,midstance,-0.1940,0.9628,-0.1820,-5.6152,-7.7515,-22.2168,t007,MBYRA
2528223972,1218133,2,pierna,midstance,-0.1678,0.9524,-0.1765,5.0049,-21.7285,-17.9443,t007,MBYRA
2528223972,1218149,2,pierna,midstance,-0.2422,0.9355,-0.1505,7.6294,-24.0478,-14.0991,t007,MBYRA
2528224016,1218165,2,pierna,midstance,-0.2615,0.9412,-0.1404,4.2114,-18.1274,-15.3809,t007,MBYRA
2528224017,1218181,2,pierna,midstance,-0.2324,0.9447,-0.1455,0.7935,-14.7095,-20.2026,t007,MBYRA
2528224018,1218197,2,pierna,midstance,-0.1866,0.9392,-0.1655,-2.7466,-12.3291,-25.8179,t007,MBYRA
2528224064,1218213,2,pierna,midstance,-0.1730,0.9513,-0.1667,-0.8545,-14.8315,-24.4751,t007,MBYRA
2528224064,1218229,2,pierna,midstance,-0.1927,0.9635,-0.1638,1.1597,-16.2354,-23.5596,t007,MBYRA
2528224065,1218245,2,pierna,midstance,-0.2041,0.9619,-0.1594,3.3569,-16.1133,-24.8413,t007,MBYRA
2528224109,1218261,2,pierna,midstance,-0.1969,0.9679,-0.1346,3.4790,-14.1602,-31.3110,t007,MBYRA
2528224109,1218277,2,pierna,midstance,-0.1849,0.9930,-0.1042,3.7231,-11.6577,-35.1563,t007,MBYRA
2528224118,1218293,2,pierna,midstance,-0.1680,1.0092,-0.1091,5.4321,-9.8877,-42.6025,t007,MBYRA
2528224154,1218309,2,pierna,midstance,-0.1055,1.0217,-0.1023,6.8359,-11.2915,-45.1050,t007,MBYRA
2528224154,1218325,2,pierna,midstance,-0.0847,1.0059,-0.0864,10.9253,-14.0381,-46.2646,t007,MBYRA
2528224198,1218341,2,pierna,terminal,-0.1094,1.0160,-0.0795,15.4419,-14.2212,-47.8516,t007,MBYRA
2528224198,1218357,2,pierna,terminal,-0.1569,1.0477,-0.0792,17.8223,-13.1836,-51.8799,t007,MBYRA
2528224198,1218373,2,pierna,terminal,-0.1687,1.0385,-0.0558,21.6675,-10.3149,-67.0776,t007,MBYRA
2528224248,1218389,2,pierna,terminal,-0.1810,1.0857,-0.0533,25.0854,-9.5825,-84.5947,t007,MBYRA
2528224249,1218405,2,pierna,terminal,-0.1410,1.1031,-0.0743,26.8555,-11.4746,-92.5293,t007,MBYRA
2528224249,1218421,2,pierna,terminal,-0.1196,1.1146,-0.0680,28.6865,-18.8599,-104.6143,t007,MBYRA
2528224293,1218437,2,pierna,terminal,-0.1002,1.1547,-0.0532,29.4800,-23.2544,-109.4360,t007,MBYRA
2528224293,1218453,2,pierna,terminal,-0.1003,1.1879,-0.0427,30.1514,-31.3721,-118.9575,t007,MBYRA
2528224294,1218469,2,pierna,terminal,-0.1042,1.1978,-0.0310,26.7944,-34.0576,-127.6855,t007,MBYRA
2528224339,1218485,2,pierna,terminal,-0.1023,1.2100,-0.0083,26.6113,-34.2407,-132.7515,t007,MBYRA
2528224339,1218502,2,pierna,terminal,-0.1357,1.2449,-0.0112,26.9775,-36.6821,-144.5923,t007,MBYRA
2528224339,1218518,2,pierna,terminal,-0.2216,1.3861,-0.1379,42.4194,-49.1333,-150.2686,t007,MBYRA
2528224380,1218534,2,pierna,terminal,-0.4031,1.4976,-0.0122,50.2319,-61.5845,-156.6162,t007,MBYRA
2528224381,1218550,2,pierna,terminal,-0.6506,1.7312,0.2090,54.9927,-77.8198,-168.1518,t007,MBYRA
2528224422,1218566,2,pierna,terminal,-1.1873,1.9368,0.3132,68.9697,-66.4673,-172.7905,t007,MBYRA
2528224426,1218582,2,pierna,terminal,-0.9364,1.4202,-0.0256,62.1338,-0.9155,-241.5771,t007,MBYRA
2528224427,1218598,2,pierna,swing,-0.3251,1.5232,-0.1449,7.8125,78.3081,-310.3027,t007,MBYRA
2528224469,1218614,2,pierna,swing,0.6549,1.9318,-0.3035,-14.0381,82.8857,-321.9604,t007,MBYRA
2528224470,1218629,2,pierna,swing,0.5006,1.8700,-0.4023,-39.4897,55.7251,-302.9175,t007,MBYRA
2528224470,1218645,2,pierna,swing,-0.1910,1.4977,-0.3531,-29.9683,48.1567,-272.2778,t007,MBYRA
2528224520,1218661,2,pierna,swing,-0.2483,0.9137,-0.0670,-0.9155,42.1753,-203.8574,t007,MBYRA
2528224520,1218677,2,pierna,swing,-0.2605,0.5822,0.0410,38.8794,10.3760,-118.4082,t007,MBYRA
2528224521,1218693,2,pierna,swing,0.1378,-0.0887,-0.2332,55.2368,-20.5688,-80.6885,t007,MBYRA
2528224564,1218709,2,pierna,swing,0.4290,0.4264,-0.4348,6.7139,-61.9507,-48.2178,t007,MBYRA
2528224565,1218725,2,pierna,swing,-0.1460,0.6399,-0.4332,2.9297,-31.6772,68.5425,t007,MBYRA
2528224566,1218741,2,pierna,swing,-0.7146,0.2645,-0.3269,37.5977,-26.4282,125.3052,t007,MBYRA
2528224613,1218757,2,pierna,swing,-0.5654,0.1274,-0.2141,58.4106,-21.6675,144.0430,t007,MBYRA
2528224613,1218774,2,pierna,swing,-0.5088,0.1893,-0.1455,46.2646,-3.2349,150.3296,t007,MBYRA
2528224614,1218790,2,pierna,swing,-0.1742,0.4530,-0.1973,39.6118,1.8921,181.2134,t007,MBYRA
2528224657,1218806,2,pierna,swing,-0.1858,0.4570,-0.1804,19.8975,26.9775,251.7090,t007,MBYRA
2528224658,1218822,2,pierna,swing,-0.3497,0.5172,-0.1667,8.7891,38.7573,265.5029,t007,MBYRA
2528224658,1218838,2,pierna,swing,-0.2517,0.7992,-0.2115,-13.8550,55.5420,291.0767,t007,MBYRA
2528224704,1218854,2,pierna,swing,-0.2664,0.8887,-0.2345,-23.0103,70.2515,309.2041,t007,MBYRA
2528224705,1218869,2,pierna,swing,-0.2521,1.0470,-0.3119,-23.6206,75.9277,316.9556,t007,MBYRA
2528224705,1218886,2,pierna,swing,-0.2705,1.1194,-0.3763,-24.5972,83.7402,333.7402,t007,MBYRA
2528224748,1218902,2,pierna,swing,-0.2985,1.2687,-0.4760,-25.6348,79.5898,338.1347,t007,MBYRA
2528224748,1218918,2,pierna,swing,-0.2477,1.3970,-0.5328,-31.2500,51.7578,332.5805,t007,MBYRA
2528224795,1218934,2,pierna,swing,-0.2717,1.4855,-0.5394,-42.0532,23.3765,334.5947,t007,MBYRA
2528224796,1218950,2,pierna,swing,-0.0717,1.7211,-0.3425,-49.4995,8.7280,334.7168,t007,MBYRA
2528224796,1218966,2,pierna,swing,0.3717,1.9946,-0.2217,-69.8853,-39.9780,324.4629,t007,MBYRA
2528224839,1218982,2,pierna,swing,0.6050,2.1874,-0.1753,-72.2656,-81.4209,315.9790,t007,MBYRA
2528224839,1218998,2,pierna,swing,1.1476,2.4639,-0.0087,-63.9038,-98.7549,293.6401,t007,MBYRA
2528224841,1219014,2,pierna,swing,1.3390,2.4607,-0.0052,-44.4946,-113.1592,226.6846,t007,MBYRA
2528224888,1219030,2,pierna,swing,1.3270,1.8988,0.0303,-27.6489,-99.3042,197.1435,t007,MBYRA
2528224889,1219046,2,pierna,swing,1.6448,1.6738,0.0305,-6.5308,-70.1294,151.1841,t007,MBYRA
2528224889,1219061,2,pierna,swing,1.7983,1.6743,0.0044,-15.0757,-37.7808,95.1538,t007,MBYRA
2528224933,1219077,2,pierna,swing,1.6528,1.6700,0.2264,-7.4463,-18.5547,56.9458,t007,MBYRA
2528224934,1219093,2,pierna,loading,1.1823,1.7798,0.2350,20.4468,55.8472,-9.3384,t007,MBYRA
2528224934,1219109,2,pierna,loading,1.0540,1.1274,0.7251,18.6157,143.6768,-117.4927,t007,MBYRA
2528224985,1219125,2,pierna,loading,-2.5575,0.8855,0.6610,7.5073,106.3232,-152.4658,t007,MBYRA
2528224986,1219141,2,pierna,loading,-2.9489,0.8639,0.4315,7.8735,29.9683,-109.6802,t007,MBYRA
2528224986,1219157,2,pierna,loading,1.3451,1.9409,0.4210,-17.5781,39.5508,-147.8271,t007,MBYRA
2528225032,1219173,2,pierna,loading,-0.1057,1.2913,-0.1326,-2.8076,38.4521,-179.8096,t007,MBYRA
2528225032,1219189,2,pierna,loading,-0.7432,0.7605,-0.3932,-20.8740,62.6221,-127.9297,t007,MBYRA
2528225034,1219205,2,pierna,loading,0.1243,1.0753,-0.2706,-45.5933,86.3037,-106.0791,t007,MBYRA
2528225050,1219221,2,pierna,loading,0.6259,1.4160,-0.1609,-15.0757,55.1147,-81.4819,t007,MBYRA
2528225084,1219237,2,pierna,loading,0.0375,1.0120,-0.1093,17.3340,18.9819,-83.2519,t007,MBYRA
2528225084,1219252,2,pierna,loading,-0.1523,0.8754,0.0022,34.9121,-34.9731,-66.4673,t007,MBYRA
2528225130,1219268,2,pierna,loading,-0.2399,0.8586,-0.0442,9.3384,-31.9214,-35.8276,t007,MBYRA
2528225130,1219284,2,pierna,loading,-0.3073,0.9717,-0.0576,-2.0752,-17.8833,-28.6255,t007,MBYRA
2528225131,1219300,2,pierna,midstance,-0.2946,0.9923,-0.0311,-11.4136,1.4038,-36.0718,t007,MBYRA
2528225136,1219316,2,pierna,midstance,-0.2340,0.9730,-0.0410,-13.0615,6.8970,-36.6821,t007,MBYRA
2528225185,1219332,2,pierna,midstance,-0.2083,0.9611,-0.1505,-10.9863,6.0425,-33.8135,t007,MBYRA
2528225185,1219348,2,pierna,midstance,-0.1901,0.9524,-0.1752,-1.1597,-1.9531,-29.8462,t007,MBYRA
2528225186,1219364,2,pierna,midstance,-0.1477,0.9570,-0.1511,3.7231,-9.3384,-27.9541,t007,MBYRA
2528225234,1219380,2,pierna,midstance,-0.2107,0.9521,-0.0884,8.3618,-21.0571,-18.7988,t007,MBYRA
2528225236,1219396,2,pierna,midstance,-0.2343,0.9540,-0.0785,4.6997,-18.3105,-13.7939,t007,MBYRA
2528225237,1219412,2,pierna,midstance,-0.2512,0.9692,-0.1168,2.8076,-14.7095,-16.9067,t007,MBYRA
2528225287,1219428,2,pierna,midstance,-0.2346,0.9631,-0.1453,1.9531,-8.7891,-25.4517,t007,MBYRA
2528225288,1219444,2,pierna,midstance,-0.1837,0.9469,-0.1698,2.8076,-10.4370,-28.4424,t007,MBYRA
2528225288,1219461,2,pierna,midstance,-0.1743,0.9547,-0.1428,2.7466,-12.8174,-28.3203,t007,MBYRA
2528225336,1219477,2,pierna,terminal,-0.1918,0.9596,-0.1355,1.2207,-15.2588,-30.3955,t007,MBYRA
2528225336,1219493,2,pierna,terminal,-0.2131,0.9702,-0.1241,0.8545,-14.6484,-34.4849,t007,MBYRA
2528225336,1219509,2,pierna,terminal,-0.1830,0.9772,-0.0874,1.7700,-11.1694,-44.7388,t007,MBYRA
2528225391,1219525,2,pierna,terminal,-0.1694,0.9781,-0.0878,3.4180,-6.8970,-51.0864,t007,MBYRA
2528225391,1219541,2,pierna,terminal,-0.1375,1.0063,-0.1102,4.3945,-5.0049,-53.7109,t007,MBYRA
2528225392,1219557,2,pierna,terminal,-0.1182,1.0162,-0.1018,9.0332,-3.6621,-58.3496,t007,MBYRA
2528225392,1219573,2,pierna,terminal,-0.0769,1.0271,-0.0450,14.8926,-2.2583,-59.9976,t007,MBYRA
2528225441,1219589,2,pierna,terminal,-0.0581,1.0879,-0.0244,18.3105,-0.2441,-63.4155,t007,MBYRA
2528225441,1219605,2,pierna,terminal,-0.0586,1.1265,-0.0469,29.2969,2.4414,-83.4961,t007,MBYRA
2528225443,1219621,2,pierna,terminal,-0.0511,0.9746,-0.1157,34.7290,0.6104,-93.6890,t007,MBYRA
2528225479,1219637,2,pierna,terminal,-0.0354,0.8812,-0.1105,18.1885,-12.3291,-69.3359,t007,MBYRA
2528225495,1219653,2,pierna,terminal,-0.0404,1.0598,-0.0708,-3.1738,-22.2168,-43.3960,t007,MBYRA
2528225495,1219669,2,pierna,terminal,-0.1003,1.1737,-0.0872,2.6245,-21.8506,-52.4292,t007,MBYRA
2528225543,1219685,2,pierna,terminal,-0.0845,1.1379,-0.1152,15.3809,-24.2920,-69.8242,t007,MBYRA
2528225543,1219701,2,pierna,swing,-0.0925,1.1765,-0.0930,18.0664,-31.1279,-77.7588,t007,MBYRA
2528225543,1219717,2,pierna,swing,-0.1044,1.2572,-0.0380,21.5454,-32.1655,-84.9609,t007,MBYRA
2528225598,1219734,2,pierna,swing,-0.1028,1.2637,-0.0056,30.5786,-29.6631,-106.6894,t007,MBYRA
2528225599,1219750,2,pierna,swing,-0.0940,1.2390,0.0474,33.7524,-28.5034,-118.2861,t007,MBYRA
2528225599,1219766,2,pierna,swing,-0.1432,1.3192,0.0872,35.7056,-29.9683,-136.7187,t007,MBYRA
2528225628,1219782,2,pierna,swing,-0.1917,1.3872,0.0433,38.3301,-28.2593,-150.8789,t007,MBYRA
2528225648,1219797,2,pierna,swing,-0.3234,1.4622,-0.0338,38.0859,-27.4658,-163.7573,t007,MBYRA
2528225650,1219814,2,pierna,swing,-0.5743,1.6464,-0.0680,40.2832,-36.8652,-190.2466,t007,MBYRA
2528225650,1219830,2,pierna,swing,-0.7603,1.7289,-0.1465,40.5884,-62.0117,-219.1772,t007,MBYRA
2528225702,1219846,2,pierna,swing,-0.7820,1.8191,-0.1770,32.4097,-74.2188,-243.7134,t007,MBYRA
2528225702,1219862,2,pierna,swing,-0.5073,1.7206,-0.1176,41.2598,-77.6978,-257.4463,t007,MBYRA
2528225702,1219878,2,pierna,swing,0.1685,1.5620,-0.0378,42.4194,-58.9600,-265.7471,t007,MBYRA
2528225751,1219894,2,pierna,swing,0.3904,1.7594,-0.1530,8.7891,-33.1421,-309.2651,t007,MBYRA
2528225752,1219910,2,pierna,swing,0.1970,1.6526,-0.2156,-2.3804,-27.7100,-239.5630,t007,MBYRA
2528225752,1219926,2,pierna,swing,-0.3551,1.0657,-0.2787,0.7324,-23.4985,-200.6836,t007,MBYRA
2528225803,1219942,2,pierna,swing,-0.5040,0.8387,-0.2535,12.0850,-41.8091,-148.3154,t007,MBYRA
2528225804,1219958,2,pierna,swing,-0.4645,0.3076,-0.2457,26.9775,-119.4458,-113.0981,t007,MBYRA
2528225804,1219974,2,pierna,swing,0.3082,0.1824,-0.1840,13.4277,-134.7046,-101.0742,t007,MBYRA
2528225852,1219989,2,pierna,swing,0.1630,0.2764,-0.1163,-13.3667,-82.8247,-24.3530,t007,MBYRA
2528225854,1220006,2,pierna,swing,-0.3757,0.2234,-0.0995,-13.4888,-52.1851,29.6631,t007,MBYRA
2528225854,1220022,2,pierna,swing,-0.3085,0.2296,-0.1143,-6.2256,7.1411,113.2202,t007,MBYRA
2528225905,1220038,2,pierna,swing,-0.2271,0.2272,-0.1571,-12.9395,64.2700,166.1987,t007,MBYRA
2528225906,1220054,2,pierna,swing,-0.1637,0.4127,-0.2056,-18.8599,90.5762,190.8569,t007,MBYRA
2528225906,1220070,2,pierna,swing,-0.2415,0.5731,-0.1381,-12.1460,119.8730,252.5635,t007,MBYRA
2528225906,1220086,2,pierna,swing,-0.4614,0.5215,-0.0074,-2.8687,123.1079,316.5894,t007,MBYRA
2528225954,1220102,2,pierna,swing,-0.4004,0.4882,-0.1749,-23.6816,115.1733,317.5049,t007,MBYRA
2528225956,1220117,2,pierna,swing,-0.2875,0.7124,-0.2859,-61.2793,107.1777,322.4487,t007,MBYRA
2528225956,1220133,2,pierna,swing,-0.2318,1.0779,-0.3406,-58.8989,107.3608,331.9091,t007,MBYRA
2528226006,1220149,2,pierna,swing,-0.2203,1.2043,-0.3188,-36.6821,108.8257,347.2290,t007,MBYRA
2528226007,1220166,2,pierna,swing,-0.2247,1.2576,-0.3390,-25.3296,88.8061,349.2431,t007,MBYRA
2528226007,1220182,2,pierna,swing,-0.2411,1.4915,-0.4110,-16.5405,69.3970,345.9472,t007,MBYRA
2528226054,1220198,2,pierna,swing,-0.2228,1.6360,-0.4585,-10.3149,32.7148,334.1064,t007,MBYRA
2528226054,1220214,2,pierna,swing,-0.0212,2.0101,-0.4774,-23.8647,4.6387,325.1953,t007,MBYRA
2528226056,1220230,2,pierna,swing,0.5137,2.1617,-0.3630,-32.7148,-2.5635,319.1528,t007,MBYRA
2528226108,1220246,2,pierna,swing,0.7395,2.1042,-0.3058,-54.4434,-13.5498,308.4106,t007,MBYRA
2528226108,1220262,2,pierna,swing,0.8765,2.0455,-0.2616,-64.3921,-19.9585,301.6357,t007,MBYRA
2528226109,1220278,2,pierna,swing,1.0627,1.9449,-0.2468,-75.7446,-34.9731,255.7373,t007,MBYRA
2528226156,1220293,2,pierna,loading,1.1786,1.8295,-0.1495,-63.7817,-54.4434,190.3686,t007,MBYRA
2528226157,1220310,2,pierna,loading,1.5247,1.6995,-0.0038,-59.2651,-68.2983,161.3769,t007,MBYRA
2528226157,1220326,2,pierna,loading,1.6389,1.6876,0.0179,-47.9126,-77.5757,115.1733,t007,MBYRA
2528226161,1220341,2,pierna,loading,1.5900,1.4741,0.1335,-30.3345,-65.4907,88.6230,t007,MBYRA
2528226212,1220357,2,pierna,loading,1.2938,1.3574,0.1925,-0.2441,-38.8184,6.7139,t007,MBYRA
2528226213,1220373,2,pierna,loading,0.5469,1.6450,0.1760,5.9814,30.9448,-41.2598,t007,MBYRA
2528226213,1220389,2,pierna,loading,0.1112,1.0143,1.5332,17.2729,106.1401,-68.7256,t007,MBYRA
2528226262,1220405,2,pierna,loading,-1.2761,0.6947,1.3914,6.2256,91.1865,-174.5605,t007,MBYRA
2528226263,1220421,2,pierna,loading,-1.7999,1.7135,0.1403,-11.3525,59.8755,-158.8745,t007,MBYRA
2528226264,1220436,2,pierna,loading,1.8363,2.2136,0.1302,-51.9409,92.8345,-213.9892,t007,MBYRA
2528226317,1220452,2,pierna,loading,0.4800,1.4525,-0.1622,-25.0244,112.5488,-171.4477,t007,MBYRA
2528226318,1220468,2,pierna,loading,-0.2266,0.7323,-0.2898,-45.2270,128.8452,-133.7891,t007,MBYRA
2528226318,1220485,2,pierna,loading,0.6534,1.3329,-0.2734,-14.7705,94.8486,-92.9565,t007,MBYRA
2528226367,1220501,2,pierna,loading,0.2249,1.0698,-0.1974,49.4385,-3.7842,-78.4912,t007,MBYRA
2528226367,1220517,2,pierna,midstance,-0.0626,0.9220,-0.0033,54.1382,-42.9077,-64.8804,t007,MBYRA
2528226368,1220533,2,pierna,midstance,-0.1774,0.8822,-0.0741,32.4097,-55.1758,-31.1890,t007,MBYRA
2528226368,1220549,2,pierna,midstance,-0.3192,0.9209,-0.0546,21.3013,-38.3301,-21.1792,t007,MBYRA
2528226427,1220565,2,pierna,midstance,-0.2892,0.9561,0.0002,2.7466,-5.1270,-23.1323,t007,MBYRA
2528226427,1220581,2,pierna,midstance,-0.2638,0.9827,-0.0194,-12.0850,10.0098,-29.8462,t007,MBYRA
2528226428,1220597,2,pierna,midstance,-0.2417,0.9551,-0.0845,-13.7329,12.8174,-31.6162,t007,MBYRA
2528226481,1220613,2,pierna,midstance,-0.1588,0.9379,-0.1558,-7.0801,9.8877,-27.9541,t007,MBYRA
2528226483,1220629,2,pierna,midstance,-0.1276,0.9469,-0.1821,4.6997,-7.0190,-21.2402,t007,MBYRA
2528226483,1220645,2,pierna,midstance,-0.1700,0.9474,-0.1692,8.0566,-15.8691,-18.4937,t007,MBYRA
2528226483,1220661,2,pierna,midstance,-0.2181,0.9441,-0.1383,5.8594,-19.4702,-12.8784,t007,MBYRA
2528226539,1220677,2,pierna,midstance,-0.2711,0.9546,-0.0878,1.8311,-14.1602,-14.1602,t007,MBYRA
2528226540,1220693,2,pierna,midstance,-0.2747,0.9729,-0.0682,-4.3945,-0.4272,-27.5269,t007,MBYRA
2528226540,1220709,2,pierna,midstance,-0.2349,0.9894,-0.1115,-5.0049,5.6763,-37.7197,t007,MBYRA
2528226592,1220726,2,pierna,midstance,-0.1445,0.9919,-0.1626,-2.1973,2.5635,-40.3442,t007,MBYRA
2528226593,1220742,2,pierna,terminal,-0.1553,0.9723,-0.1387,2.6855,-9.2773,-40.3442,t007,MBYRA
2528226593,1220758,2,pierna,terminal,-0.1835,0.9846,-0.1211,3.8452,-14.6484,-39.3677,t007,MBYRA
2528226594,1220774,2,pierna,terminal,-0.1819,1.0214,-0.0950,4.3335,-13.8550,-41.7480,t007,MBYRA
2528226654,1220790,2,pierna,terminal,-0.1461,1.0210,-0.1014,6.3477,-11.1694,-48.8892,t007,MBYRA
2528226654,1220806,2,pierna,terminal,-0.1315,1.0190,-0.1023,9.3994,-9.4604,-54.2603,t007,MBYRA
2528226655,1220822,2,pierna,terminal,-0.0875,1.0564,-0.0956,11.5967,-8.4229,-57.0679,t007,MBYRA
2528226708,1220838,2,pierna,terminal,-0.0778,1.0725,-0.0991,19.7144,-6.1646,-64.5142,t007,MBYRA
2528226709,1220854,2,pierna,terminal,-0.0471,0.9785,-0.1158,23.1934,-7.9956,-67.1387,t007,MBYRA
2528226711,1220870,2,pierna,terminal,-0.0856,0.9575,-0.1200,15.9912,-18.2495,-58.2275,t007,MBYRA
2528226711,1220886,2,pierna,terminal,-0.1346,1.0510,-0.1224,5.8594,-24.2920,-51.3916,t007,MBYRA
2528226768,1220902,2,pierna,terminal,-0.1575,1.1577,-0.0725,7.7515,-23.0103,-58.6548,t007,MBYRA
2528226769,1220918,2,pierna,terminal,-0.1169,1.1083,-0.0441,14.5874,-20.9961,-75.2563,t007,MBYRA
2528226778,1220934,2,pierna,terminal,-0.1219,1.1390,-0.0566,17.7002,-22.0337,-81.0547,t007,MBYRA
2528226821,1220950,2,pierna,terminal,-0.1332,1.2374,-0.1368,21.5454,-21.1792,-86.4258,t007,MBYRA
2528226821,1220966,2,pierna,terminal,-0.1377,1.2390,-0.1071,27.7710,-18.3105,-102.1728,t007,MBYRA
2528226823,1220982,2,pierna,terminal,-0.1200,1.3225,-0.0591,31.3721,-16.6626,-108.0933,t007,MBYRA
2528226824,1220998,2,pierna,terminal,-0.1537,1.3889,-0.0557,37.9639,-21.3013,-126.6479,t007,MBYRA
2528226880,1221014,2,pierna,terminal,-0.2457,1.4413,-0.0425,39.4897,-36.1938,-149.9634,t007,MBYRA
2528226880,1221030,2,pierna,terminal,-0.4318,1.5507,-0.1093,38.2690,-41.8091,-162.0483,t007,MBYRA
2528226881,1221046,2,pierna,terminal,-0.5638,1.5072,-0.1027,34.6680,-58.7769,-200.8056,t007,MBYRA
2528226933,1221062,2,pierna,terminal,-0.6505,1.4458,-0.0790,31.9214,-87.7685,-226.1352,t007,MBYRA
2528226933,1221078,2,pierna,swing,-0.4869,1.4297,-0.0793,26.6113,-97.0459,-234.8633,t007,MBYRA
2528226934,1221094,2,pierna,swing,-0.1572,1.5394,-0.1409,16.3574,-101.0132,-249.0234,t007,MBYRA
2528226934,1221110,2,pierna,swing,0.2302,1.6293,-0.1489,9.7046,-93.7500,-257.8735,t007,MBYRA
2528226994,1221126,2,pierna,swing,0.0652,1.4652,-0.3407,-10.1318,-90.6372,-262.4512,t007,MBYRA
2528226995,1221143,2,pierna,swing,0.0604,1.4489,-0.3879,-28.6865,-87.0972,-216.9800,t007,MBYRA
2528226995,1221159,2,pierna,swing,0.0580,0.9432,-0.1357,-24.7803,-85.8765,-185.3638,t007,MBYRA
2528226996,1221175,2,pierna,swing,0.0813,0.3654,-0.3024,-4.5776,-105.1025,-123.9014,t007,MBYRA
2528227049,1221191,2,pierna,swing,0.0911,0.5731,-0.4138,-25.1465,-148.3154,-63.9038,t007,MBYRA
2528227052,1221207,2,pierna,swing,-0.6355,0.8579,-0.2753,-12.5122,-141.1133,-2.8687,t007,MBYRA
2528227052,1221223,2,pierna,swing,-1.0511,0.4172,-0.0459,18.8599,-103.8208,72.5098,t007,MBYRA
2528227108,1221239,2,pierna,swing,-0.7734,0.0508,0.1926,-7.2632,-85.3882,62.8052,t007,MBYRA
2528227109,1221255,2,pierna,swing,-0.4027,0.2739,0.1537,-56.8237,-24.2310,82.0312,t007,MBYRA
2528227109,1221271,2,pierna,swing,-0.4149,0.3110,0.1290,-70.8008,37.8418,147.3999,t007,MBYRA
2528227110,1221287,2,pierna,swing,-0.4421,0.3868,0.1003,-75.4395,65.4907,184.0820,t007,MBYRA
2528227162,1221303,2,pierna,swing,-0.3578,0.5051,0.0782,-81.8481,105.1025,244.4458,t007,MBYRA
2528227164,1221319,2,pierna,swing,-0.2494,0.5839,0.0483,-82.0923,95.7642,271.2402,t007,MBYRA
2528227165,1221335,2,pierna,swing,-0.1333,0.8044,-0.1328,-80.6885,75.8057,279.1748,t007,MBYRA
2528227220,1221351,2,pierna,swing,-0.1719,0.9659,-0.2122,-74.4019,34.0576,300.7812,t007,MBYRA
2528227220,1221367,2,pierna,swing,-0.2920,1.2626,-0.0865,-65.0635,18.5547,303.8330,t007,MBYRA
2528227221,1221383,2,pierna,swing,-0.0551,1.3293,0.1516,-50.2319,-7.8125,284.3628,t007,MBYRA
2528227221,1221399,2,pierna,swing,-0.0039,1.3676,0.1647,-43.6401,-35.1563,284.1797,t007,MBYRA
2528227272,1221415,2,pierna,swing,-0.1062,1.4766,0.1421,-41.6870,-41.4429,290.4053,t007,MBYRA
2528227275,1221431,2,pierna,swing,-0.0444,1.5383,0.2677,-48.4619,-22.5830,298.9502,t007,MBYRA
2528227275,1221447,2,pierna,swing,0.0695,1.5692,0.2906,-61.2183,18.0664,297.6074,t007,MBYRA
2528227329,1221463,2,pierna,swing,0.1587,1.6370,0.1873,-66.5894,35.1563,291.6870,t007,MBYRA
2528227330,1221479,2,pierna,swing,0.1445,1.6726,0.1100,-70.5566,62.6221,272.3389,t007,MBYRA
2528227331,1221495,2,pierna,swing,0.3126,1.7809,0.0198,-70.6787,71.8384,259.3384,t007,MBYRA
2528227331,1221511,2,pierna,swing,0.6429,1.8003,-0.0320,-63.4766,78.5522,219.7265,t007,MBYRA
2528227384,1221527,2,pierna,loading,0.7604,1.7208,-0.0800,-50.4150,77.5146,172.2412,t007,MBYRA
2528227384,1221542,2,pierna,loading,1.0264,1.5682,-0.1777,-46.0205,74.2798,150.3906,t007,MBYRA
2528227385,1221558,2,pierna,loading,1.1624,1.4789,-0.2102,-40.9546,57.2510,106.8726,t007,MBYRA
2528227440,1221574,2,pierna,loading,1.2683,1.3651,-0.2262,-41.5649,45.2881,77.0264,t007,MBYRA
2528227440,1221590,2,pierna,loading,0.7306,1.6256,-0.3213,-36.0107,40.0391,15.5029,t007,MBYRA
2528227440,1221606,2,pierna,loading,1.0952,1.6016,-0.0767,-19.6533,85.5713,-77.2705,t007,MBYRA
2528227441,1221622,2,pierna,loading,1.1831,1.5325,0.5232,-15.9302,94.6655,-163.9404,t007,MBYRA
2528227493,1221638,2,pierna,loading,-0.9655,1.7465,0.4777,31.3721,52.4292,-227.6001,t007,MBYRA
2528227494,1221654,2,pierna,loading,-0.8749,1.7115,0.3861,44.4946,9.5825,-191.4673,t007,MBYRA
2528227494,1221670,2,pierna,loading,1.1566,1.6273,-0.0681,-10.5591,35.1563,-163.4521,t007,MBYRA
2528227551,1221686,2,pierna,loading,-0.5490,0.7534,-0.2196,18.9209,65.8569,-136.1694,t007,MBYRA
2528227551,1221702,2,pierna,loading,-0.5477,0.2899,-0.1803,-2.1973,70.3735,-133.9722,t007,MBYRA
2528227552,1221718,2,pierna,loading,0.4525,1.2842,-0.1638,-37.4756,77.7588,-85.9985,t007,MBYRA
2528227589,1221734,2,pierna,loading,0.4138,1.4342,0.0687,-9.2773,29.4800,-62.0728,t007,MBYRA
2528227606,1221749,2,pierna,midstance,0.0554,1.1000,0.0496,5.6152,-4.0894,-70.1904,t007,MBYRA
2528227606,1221765,2,pierna,midstance,-0.0157,1.0155,-0.1409,2.9297,-31.9214,-70.0684,t007,MBYRA
2528227607,1221781,2,pierna,midstance,-0.2203,0.9509,-0.1068,2.8687,-26.3672,-57.6172,t007,MBYRA
2528227666,1221798,2,pierna,midstance,-0.2529,0.9618,0.0155,9.2773,-17.2729,-41.3818,t007,MBYRA
2528227667,1221814,2,pierna,midstance,-0.2046,0.9565,0.0173,-4.0283,-0.7324,-40.1611,t007,MBYRA
2528227667,1221830,2,pierna,midstance,-0.1838,0.9421,-0.0515,-10.4980,5.3711,-38.3911,t007,MBYRA
2528227668,1221846,2,pierna,midstance,-0.1718,0.9636,-0.0596,-13.1226,7.7515,-34.9121,t007,MBYRA
2528227722,1221862,2,pierna,midstance,-0.1434,0.9823,-0.0532,-8.6670,5.6152,-32.7759,t007,MBYRA
2528227725,1221878,2,pierna,midstance,-0.0967,0.9929,-0.0792,-7.2021,2.9297,-31.9214,t007,MBYRA
2528227725,1221894,2,pierna,midstance,-0.1030,0.9822,-0.0929,-3.7231,-4.1504,-28.4424,t007,MBYRA
2528227785,1221910,2,pierna,midstance,-0.1421,0.9492,-0.0765,-2.1973,-6.4697,-26.0620,t007,MBYRA
2528227785,1221926,2,pierna,midstance,-0.1500,0.9583,-0.0465,-2.4414,-7.4463,-23.3154,t007,MBYRA
2528227786,1221942,2,pierna,midstance,-0.1501,0.9725,-0.0525,-4.5776,-7.8125,-24.8413,t007,MBYRA
2528227786,1221958,2,pierna,midstance,-0.1567,0.9957,-0.0699,-4.9438,-8.1787,-26.6724,t007,MBYRA
2528227841,1221974,2,pierna,midstance,-0.1747,1.0033,-0.0978,-3.6011,-7.2021,-31.3110,t007,MBYRA
2528227841,1221990,2,pierna,terminal,-0.1558,0.9908,-0.1154,-2.9907,-4.0894,-36.9873,t007,MBYRA
2528227842,1222006,2,pierna,terminal,-0.1104,0.9928,-0.1282,-2.1973,-3.9062,-39.0015,t007,MBYRA
2528227842,1222023,2,pierna,terminal,-0.0890,0.9945,-0.0948,0.8545,-4.8828,-41.0767,t007,MBYRA
2528227905,1222039,2,pierna,terminal,-0.0648,1.0045,-0.0509,2.8687,-5.6763,-41.7480,t007,MBYRA
2528227905,1222055,2,pierna,terminal,-0.0508,1.0244,-0.0690,4.2725,-6.9580,-42.2363,t007,MBYRA
2528227906,1222071,2,pierna,terminal,-0.0503,1.0264,-0.0752,6.9580,-10.2539,-44.0063,t007,MBYRA
2528227906,1222087,2,pierna,terminal,-0.0389,1.0416,-0.0829,8.3618,-11.4136,-45.4102,t007,MBYRA
2528227963,1222103,2,pierna,terminal,-0.0439,1.0413,-0.1132,12.8174,-13.0615,-48.7061,t007,MBYRA
2528227965,1222119,2,pierna,terminal,-0.0505,1.0309,-0.0891,15.1978,-14.3433,-54.9927,t007,MBYRA
2528227965,1222135,2,pierna,terminal,-0.0771,1.0397,-0.0223,15.5640,-14.3433,-59.0820,t007,MBYRA
2528227987,1222151,2,pierna,terminal,-0.0800,1.0536,-0.0010,16.3574,-13.0005,-72.4487,t007,MBYRA
2528228024,1222167,2,pierna,terminal,-0.0815,1.1193,-0.0481,19.7144,-16.1743,-90.3931,t007,MBYRA
2528228025,1222183,2,pierna,terminal,-0.1614,1.1909,-0.0902,19.7144,-14.5264,-91.7358,t007,MBYRA
2528228025,1222199,2,pierna,terminal,-0.0916,1.2000,-0.0823,21.2402,-9.3994,-97.7173,t007,MBYRA
2528228081,1222215,2,pierna,terminal,-0.0604,1.1957,-0.0763,24.3530,-11.1694,-106.2622,t007,MBYRA
2528228082,1222231,2,pierna,terminal,-0.0692,1.2346,-0.0203,32.0435,-17.3340,-122.8638,t007,MBYRA
2528228082,1222247,2,pierna,terminal,-0.1216,1.2900,0.0101,38.9404,-25.3296,-137.4512,t007,MBYRA
2528228140,1222263,2,pierna,terminal,-0.3278,1.5081,0.0049,40.5273,-28.0151,-147.8882,t007,MBYRA
2528228140,1222279,2,pierna,terminal,-0.4669,1.6324,-0.0804,42.9687,-27.1606,-178.2226,t007,MBYRA
2528228140,1222295,2,pierna,swing,-0.6423,1.8003,-0.2043,41.0156,-46.2646,-224.5483,t007,MBYRA
2528228141,1222311,2,pierna,swing,-0.8910,1.7899,-0.1752,38.5742,-65.9180,-242.1875,t007,MBYRA
2528228196,1222328,2,pierna,swing,-0.8086,1.7676,-0.1157,31.8603,-97.0459,-269.9585,t007,MBYRA
2528228196,1222344,2,pierna,swing,0.0859,1.7103,0.0099,30.1514,-102.2339,-281.6162,t007,MBYRA
2528228196,1222360,2,pierna,swing,0.2174,1.7218,-0.0726,14.9536,-86.7920,-299.0112,t007,MBYRA
2528228197,1222376,2,pierna,swing,0.0531,1.6683,-0.2234,-4.7607,-56.8848,-268.2495,t007,MBYRA
2528228259,1222392,2,pierna,swing,-0.1152,1.2632,-0.3073,-16.1743,-40.7104,-240.4785,t007,MBYRA
2528228260,1222408,2,pierna,swing,-0.2837,0.6490,-0.2103,-8.1177,-37.7808,-145.3857,t007,MBYRA
2528228260,1222424,2,pierna,swing,-0.1597,0.2480,-0.1489,29.6020,-67.1997,-66.8335,t007,MBYRA
2528228260,1222440,2,pierna,swing,0.3789,0.1157,-0.2157,17.5171,-68.7256,-46.5698,t007,MBYRA
2528228314,1222456,2,pierna,swing,0.0571,0.3884,-0.2635,-19.8975,-24.9634,48.1567,t007,MBYRA
2528228316,1222472,2,pierna,swing,-0.8104,0.3778,-0.1061,-1.7090,-10.9863,104.7363,t007,MBYRA
2528228317,1222488,2,pierna,swing,-0.6456,0.0225,0.0898,19.5313,13.4888,129.4556,t007,MBYRA
2528228374,1222504,2,pierna,swing,-0.4695,0.1261,0.0902,-28.4424,50.5981,144.8975,t007,MBYRA
2528228375,1222520,2,pierna,swing,-0.3337,0.2635,-0.0652,-38.8794,65.0024,172.3022,t007,MBYRA
2528228376,1222536,2,pierna,swing,-0.3073,0.3572,-0.1239,-49.7436,91.9800,226.8066,t007,MBYRA
2528228430,1222552,2,pierna,swing,-0.4108,0.5210,-0.1006,-53.4668,124.2676,278.1372,t007,MBYRA
2528228432,1222568,2,pierna,swing,-0.2325,0.6943,-0.0532,-54.2603,132.6294,295.2881,t007,MBYRA
2528228432,1222584,2,pierna,swing,-0.2098,0.7916,-0.0848,-48.0347,122.6196,322.9980,t007,MBYRA
2528228489,1222600,2,pierna,swing,-0.2267,1.0101,-0.2229,-41.8701,108.2153,336.8530,t007,MBYRA
2528228490,1222616,2,pierna,swing,-0.2460,1.3364,-0.3113,-24.9023,75.8057,351.0132,t007,MBYRA
2528228490,1222632,2,pierna,swing,-0.1970,1.4722,-0.2828,-3.2349,38.8184,337.0971,t007,MBYRA
2528228490,1222648,2,pierna,swing,-0.0963,1.6073,-0.1991,1.4038,18.2495,328.6133,t007,MBYRA
2528228491,1222663,2,pierna,swing,-0.0577,1.7152,-0.1899,-0.7324,-20.8740,323.3642,t007,MBYRA
2528228546,1222679,2,pierna,swing,0.1466,1.9486,-0.1677,-3.4790,-32.4097,323.4253,t007,MBYRA
2528228547,1222695,2,pierna,swing,0.4272,1.9362,-0.1171,-17.4561,-33.5083,325.0122,t007,MBYRA
2528228548,1222711,2,pierna,swing,0.5038,1.9313,-0.1312,-44.6777,-37.5366,310.4248,t007,MBYRA
2528228548,1222727,2,pierna,swing,0.5458,1.9352,-0.1787,-56.9458,-40.8936,291.1987,t007,MBYRA
2528228609,1222743,2,pierna,swing,0.7727,1.8917,-0.0869,-72.2046,-38.6963,241.9433,t007,MBYRA
2528228610,1222759,2,pierna,swing,0.8740,1.8524,0.0192,-63.7207,-35.0342,186.9507,t007,MBYRA
2528228610,1222775,2,pierna,swing,1.2046,1.7120,0.1779,-56.2134,-36.3770,157.2266,t007,MBYRA
2528228611,1222791,2,pierna,swing,1.3395,1.6772,0.1808,-38.6963,-28.0762,106.9946,t007,MBYRA
2528228662,1222807,2,pierna,loading,1.4175,1.4934,0.1572,-27.5879,-13.0005,79.4678,t007,MBYRA
2528228663,1222823,2,pierna,loading,0.8313,1.5693,0.0767,-14.8315,15.3198,7.9956,t007,MBYRA
2528228663,1222839,2,pierna,loading,0.4288,1.7589,0.1217,-12.6343,100.4639,-53.8940,t007,MBYRA
2528228724,1222855,2,pierna,loading,0.7651,1.1261,0.8870,-13.4888,139.5264,-125.1221,t007,MBYRA
2528228724,1222871,2,pierna,loading,-1.3762,1.1283,0.6586,12.5732,57.4951,-204.5898,t007,MBYRA
2528228724,1222886,2,pierna,loading,-0.9310,1.4928,0.3960,23.0713,11.6577,-170.4712,t007,MBYRA
2528228725,1222902,2,pierna,loading,1.0338,1.6660,0.1082,-2.2583,43.5181,-178.6499,t007,MBYRA
2528228780,1222918,2,pierna,loading,-0.3131,0.9675,-0.1687,4.9438,56.7017,-148.0103,t007,MBYRA
2528228781,1222934,2,pierna,loading,-0.4460,0.5844,-0.3737,-16.9678,69.3359,-120.4224,t007,MBYRA
2528228782,1222950,2,pierna,loading,0.5188,1.4811,-0.1879,-42.9077,79.5288,-75.9888,t007,MBYRA
2528228827,1222966,2,pierna,loading,0.5641,1.5973,0.0074,8.3618,28.6255,-66.1621,t007,MBYRA
2528228839,1222982,2,pierna,loading,-0.1241,0.9243,0.0020,26.9165,-4.0894,-71.8994,t007,MBYRA
2528228840,1222998,2,pierna,loading,-0.2250,0.8182,-0.1013,12.7563,-26.9165,-55.5420,t007,MBYRA
2528228841,1223015,2,pierna,loading,-0.1980,0.9482,-0.1147,6.8359,-26.6724,-40.3442,t007,MBYRA
2528228894,1223031,2,pierna,loading,-0.2576,0.9713,-0.0209,6.7139,-25.8179,-26.1841,t007,MBYRA
2528228895,1223047,2,pierna,midstance,-0.2675,0.9517,-0.0239,-6.1035,-14.4043,-27.0386,t007,MBYRA
2528228896,1223063,2,pierna,midstance,-0.2673,0.9226,-0.0734,-12.8784,-7.7515,-26.8555,t007,MBYRA
2528228898,1223079,2,pierna,midstance,-0.2417,0.9485,-0.1097,-16.2354,-1.4038,-24.3530,t007,MBYRA
2528228959,1223095,2,pierna,midstance,-0.2146,0.9637,-0.1123,-10.1318,-6.4087,-22.7051,t007,MBYRA
2528228960,1223111,2,pierna,midstance,-0.1687,0.9520,-0.1300,-6.3477,-11.1694,-20.8740,t007,MBYRA
2528228960,1223127,2,pierna,midstance,-0.1908,0.9341,-0.1266,-1.7700,-19.2261,-12.9395,t007,MBYRA
2528229001,1223143,2,pierna,midstance,-0.2614,0.9164,-0.0841,-7.1411,-14.8926,-10.2539,t007,MBYRA
2528229017,1223159,2,pierna,midstance,-0.2689,0.9429,-0.0742,-11.7187,-9.7046,-12.6953,t007,MBYRA
2528229017,1223176,2,pierna,terminal,-0.2694,0.9495,-0.0881,-17.0288,-2.0142,-21.3623,t007,MBYRA
2528229018,1223192,2,pierna,terminal,-0.2177,0.9614,-0.1349,-16.5405,-0.1831,-24.0478,t007,MBYRA
2528229081,1223208,2,pierna,terminal,-0.2151,0.9618,-0.1490,-11.8408,-0.3662,-25.6958,t007,MBYRA
2528229082,1223224,2,pierna,terminal,-0.2177,0.9668,-0.1500,-6.1035,-2.3193,-26.4893,t007,MBYRA
2528229082,1223240,2,pierna,terminal,-0.2295,0.9838,-0.1475,-3.6621,-3.1738,-28.8696,t007,MBYRA
2528229082,1223256,2,pierna,terminal,-0.2234,1.0026,-0.1249,-0.4272,-3.6621,-37.3535,t007,MBYRA
2528229138,1223272,2,pierna,terminal,-0.2098,1.0089,-0.1239,2.8076,-5.7373,-46.8140,t007,MBYRA
2528229139,1223288,2,pierna,terminal,-0.1757,0.9968,-0.1393,4.4556,-6.8359,-50.2930,t007,MBYRA
2528229140,1223304,2,pierna,terminal,-0.1497,0.9950,-0.1398,6.4697,-8.8501,-53.1006,t007,MBYRA
2528229141,1223320,2,pierna,terminal,-0.1061,1.0103,-0.1252,7.3242,-10.5591,-53.1616,t007,MBYRA
2528229200,1223336,2,pierna,terminal,-0.1169,1.0374,-0.1158,9.9487,-13.9770,-54.2603,t007,MBYRA
2528229201,1223352,2,pierna,terminal,-0.1292,1.0411,-0.1024,13.0005,-16.2964,-59.5703,t007,MBYRA
2528229201,1223368,2,pierna,terminal,-0.1302,1.0674,-0.0872,15.1978,-16.9678,-64.1479,t007,MBYRA
2528229257,1223385,2,pierna,swing,-0.1476,1.0804,-0.0637,20.2637,-18.9819,-78.2471,t007,MBYRA
2528229257,1223401,2,pierna,swing,-0.1438,1.1067,-0.0499,25.3906,-21.1182,-92.2851,t007,MBYRA
2528229258,1223417,2,pierna,swing,-0.1442,1.1689,-0.0684,28.1372,-21.5454,-98.7549,t007,MBYRA
2528229258,1223433,2,pierna,swing,-0.1364,1.2102,-0.0902,34.5459,-22.5830,-111.8774,t007,MBYRA
2528229321,1223449,2,pierna,swing,-0.1589,1.2498,-0.1105,35.8276,-23.4375,-117.2485,t007,MBYRA
2528229322,1223465,2,pierna,swing,-0.1748,1.3054,-0.0750,37.6587,-24.2920,-126.7700,t007,MBYRA
2528229322,1223480,2,pierna,swing,-0.1967,1.3234,-0.0425,39.6118,-22.5830,-138.0005,t007,MBYRA
2528229322,1223497,2,pierna,swing,-0.2778,1.4684,0.0278,40.1611,-20.7520,-143.8599,t007,MBYRA
2528229379,1223512,2,pierna,swing,-0.3784,1.5941,-0.1298,46.9360,-18.8599,-164.3677,t007,MBYRA
2528229380,1223528,2,pierna,swing,-0.4810,1.6199,-0.1573,53.1006,-38.4521,-200.0732,t007,MBYRA
2528229381,1223544,2,pierna,swing,-0.9938,1.7550,-0.2268,54.3213,-50.8423,-216.6138,t007,MBYRA
2528229382,1223561,2,pierna,swing,-1.1237,1.7653,-0.2456,44.4336,-64.9414,-265.3198,t007,MBYRA
2528229439,1223576,2,pierna,swing,-0.5553,1.6608,-0.0851,40.0391,-69.0918,-283.6914,t007,MBYRA
2528229439,1223592,2,pierna,swing,0.2869,1.5789,-0.0157,31.8603,-71.1060,-295.1660,t007,MBYRA
2528229440,1223608,2,pierna,swing,0.3575,1.5957,-0.1283,-8.6060,-63.0493,-313.4155,t007,MBYRA
2528229494,1223625,2,pierna,swing,0.1031,1.5220,-0.2500,-19.8975,-51.6968,-287.1094,t007,MBYRA
2528229494,1223641,2,pierna,swing,-0.2839,0.9302,-0.1321,-15.7471,-31.3721,-204.9560,t007,MBYRA
2528229496,1223657,2,pierna,swing,-0.3386,0.6481,-0.1206,1.6479,-49.0723,-119.0796,t007,MBYRA
2528229497,1223673,2,pierna,swing,0.0286,0.1218,-0.1967,18.2495,-76.9653,-89.0503,t007,MBYRA
2528229555,1223689,2,pierna,swing,0.3037,0.1392,-0.2454,-6.5308,-86.2427,-49.8657,t007,MBYRA
2528229556,1223705,2,pierna,swing,-0.2673,0.5231,-0.2457,-24.9023,-55.9082,-0.0610,t007,MBYRA
2528229557,1223721,2,pierna,swing,-0.7784,0.2855,-0.0801,3.1128,-10.2539,108.8867,t007,MBYRA
2528229566,1223736,2,pierna,swing,-0.6887,0.1234,0.0338,16.5405,15.3809,115.3564,t007,MBYRA
2528229612,1223752,2,pierna,swing,-0.3984,0.2583,0.0430,-7.9346,30.5176,120.7275,t007,MBYRA
2528229613,1223768,2,pierna,swing,-0.3456,0.2744,-0.0131,-37.9028,60.1807,179.6264,t007,MBYRA
2528229614,1223784,2,pierna,swing,-0.2673,0.3787,-0.1343,-46.0205,69.6411,210.0220,t007,MBYRA
2528229672,1223800,2,pierna,swing,-0.3389,0.5613,-0.1451,-52.3071,92.7734,276.7334,t007,MBYRA
2528229672,1223816,2,pierna,swing,-0.4000,0.6288,-0.1333,-49.0112,110.6567,310.2417,t007,MBYRA
2528229673,1223832,2,pierna,swing,-0.2482,0.7992,-0.1460,-46.4478,110.7178,317.1997,t007,MBYRA
2528229727,1223848,2,pierna,swing,-0.1982,1.0203,-0.2366,-34.3018,95.2759,341.9189,t007,MBYRA
2528229729,1223864,2,pierna,swing,-0.2396,1.1328,-0.3300,-24.1699,68.1763,355.2246,t007,MBYRA
2528229730,1223880,2,pierna,swing,-0.2759,1.3772,-0.3885,-18.2495,50.8423,353.8818,t007,MBYRA
2528229730,1223896,2,pierna,swing,-0.2539,1.4653,-0.3579,-6.9580,7.5684,336.8530,t007,MBYRA
2528229788,1223911,2,pierna,swing,-0.1696,1.6770,-0.2598,-10.7422,-13.4888,327.5757,t007,MBYRA
2528229788,1223927,2,pierna,swing,0.1592,2.0248,-0.1189,-30.5176,-37.0483,312.1948,t007,MBYRA
2528229789,1223943,2,pierna,swing,0.4344,2.1315,-0.0756,-54.3213,-38.8794,297.6074,t007,MBYRA
2528229789,1223959,2,pierna,swing,0.9127,2.2041,-0.0043,-62.0728,-37.6587,291.9312,t007,MBYRA
2528229843,1223975,2,pierna,swing,1.0746,2.1888,-0.0037,-70.6787,-36.4380,265.0146,t007,MBYRA
2528229843,1223991,2,pierna,swing,1.2841,2.0499,-0.0863,-71.4722,-31.0059,242.6758,t007,MBYRA
2528229843,1224007,2,pierna,loading,1.3717,1.7189,0.0742,-52.6733,-24.4751,183.6548,t007,MBYRA
2528229844,1224023,2,pierna,loading,1.5115,1.6569,0.1205,-42.7856,-35.5225,122.0093,t007,MBYRA
2528229904,1224039,2,pierna,loading,1.6173,1.8322,-0.0135,-41.6870,-29.5410,96.0083,t007,MBYRA
2528229905,1224055,2,pierna,loading,1.4236,1.9611,-0.0531,-17.8223,43.0908,38.5132,t007,MBYRA
2528229905,1224070,2,pierna,loading,1.7112,1.5139,0.9865,7.2632,117.4316,-120.6665,t007,MBYRA
2528229905,1224086,2,pierna,loading,-1.4370,1.3096,0.7970,8.9111,104.5532,-213.2568,t007,MBYRA
2528229960,1224102,2,pierna,loading,-2.6846,1.4333,0.2991,12.7563,19.0430,-179.9927,t007,MBYRA
2528229961,1224118,2,pierna,loading,1.3651,1.8413,0.1687,-7.4463,21.9727,-158.6914,t007,MBYRA
2528229962,1224134,2,pierna,loading,-0.0281,1.1664,-0.1868,1.6479,73.8525,-137.7563,t007,MBYRA
2528230018,1224150,2,pierna,loading,-0.3899,0.8092,-0.2418,-12.3291,78.3081,-104.9805,t007,MBYRA
2528230019,1224166,2,pierna,loading,0.1195,0.9343,-0.2507,-17.2729,73.0591,-96.6797,t007,MBYRA
2528230019,1224182,2,pierna,loading,0.1683,1.0342,-0.3037,7.7515,38.3911,-76.9043,t007,MBYRA
2528230019,1224198,2,pierna,loading,0.0079,0.9882,-0.0469,20.8740,8.6670,-67.1387,t007,MBYRA
2528230072,1224213,2,pierna,midstance,-0.1266,0.9269,0.0375,30.1514,-44.9219,-47.1191,t007,MBYRA
2528230072,1224229,2,pierna,midstance,-0.2543,0.8914,-0.0496,3.6621,-35.9497,-24.0478,t007,MBYRA
2528230073,1224245,2,pierna,midstance,-0.3121,0.9633,-0.0422,-7.0190,-22.0337,-19.1040,t007,MBYRA
2528230135,1224261,2,pierna,midstance,-0.3087,0.9835,-0.0049,-18.0664,-3.2349,-27.4658,t007,MBYRA
2528230136,1224277,2,pierna,midstance,-0.2498,0.9535,-0.0636,-22.8882,6.5308,-30.8228,t007,MBYRA
2528230136,1224293,2,pierna,midstance,-0.2146,0.9373,-0.1747,-19.8364,6.4087,-29.2969,t007,MBYRA
2528230137,1224310,2,pierna,midstance,-0.1903,0.9435,-0.2047,-7.2021,0.4883,-25.7568,t007,MBYRA
2528230193,1224326,2,pierna,midstance,-0.1432,0.9674,-0.1781,-0.7935,-5.1880,-23.2544,t007,MBYRA
2528230195,1224342,2,pierna,midstance,-0.2192,0.9707,-0.0844,6.1035,-14.8315,-13.4888,t007,MBYRA
2528230195,1224358,2,pierna,midstance,-0.2393,0.9736,-0.0663,1.5259,-11.0474,-14.7705,t007,MBYRA
2528230195,1224374,2,pierna,midstance,-0.2499,0.9634,-0.1038,-1.7700,-7.2021,-20.3247,t007,MBYRA
2528230254,1224390,2,pierna,midstance,-0.2301,0.9624,-0.1415,-3.9673,0.0000,-29.6020,t007,MBYRA
2528230255,1224406,2,pierna,midstance,-0.1521,0.9683,-0.1749,-1.3428,-5.6152,-30.1514,t007,MBYRA
2528230255,1224422,2,pierna,midstance,-0.1423,0.9587,-0.1418,-0.5493,-10.9253,-28.7476,t007,MBYRA
2528230293,1224438,2,pierna,midstance,-0.1630,0.9578,-0.1294,-1.4648,-16.9067,-25.6348,t007,MBYRA
2528230310,1224454,2,pierna,midstance,-0.1821,0.9775,-0.1213,-2.3804,-16.8457,-26.5503,t007,MBYRA
2528230310,1224470,2,pierna,terminal,-0.1987,0.9862,-0.1089,-2.0752,-14.5874,-32.4707,t007,MBYRA
2528230311,1224486,2,pierna,terminal,-0.1871,0.9862,-0.1202,0.1221,-9.8267,-39.0625,t007,MBYRA
2528230374,1224502,2,pierna,terminal,-0.1317,0.9830,-0.1085,1.5259,-8.4229,-41.9922,t007,MBYRA
2528230374,1224518,2,pierna,terminal,-0.1173,0.9902,-0.1000,4.1504,-7.8735,-46.1426,t007,MBYRA
2528230374,1224534,2,pierna,terminal,-0.0978,1.0015,-0.1029,6.2866,-8.1787,-48.4619,t007,MBYRA
2528230375,1224550,2,pierna,terminal,-0.0834,0.9973,-0.1058,7.3853,-8.7891,-48.8281,t007,MBYRA
2528230430,1224566,2,pierna,terminal,-0.0830,1.0065,-0.0961,9.5215,-10.5591,-49.8047,t007,MBYRA
2528230431,1224582,2,pierna,swing,-0.0967,1.0333,-0.0919,10.4370,-11.7798,-51.6357,t007,MBYRA
2528230431,1224598,2,pierna,swing,-0.0944,1.0530,-0.0822,11.4136,-13.6719,-57.1289,t007,MBYRA
2528230434,1224614,2,pierna,swing,-0.0807,1.0778,-0.0796,13.1836,-16.1133,-64.6362,t007,MBYRA
2528230493,1224630,2,pierna,swing,-0.0950,1.1222,-0.0858,15.3198,-17.5781,-69.8242,t007,MBYRA
2528230494,1224646,2,pierna,swing,-0.1085,1.1407,-0.1024,20.8740,-19.7144,-82.8857,t007,MBYRA
2528230495,1224662,2,pierna,swing,-0.1445,1.1707,-0.1094,24.2310,-20.8130,-92.8345,t007,MBYRA
2528230549,1224678,2,pierna,swing,-0.1327,1.1957,-0.1295,25.8179,-21.9116,-97.5952,t007,MBYRA
2528230551,1224694,2,pierna,swing,-0.1278,1.2103,-0.1060,26.7334,-25.4517,-106.1401,t007,MBYRA
2528230552,1224710,2,pierna,swing,-0.1246,1.2800,0.0116,27.8320,-27.2827,-112.4268,t007,MBYRA
2528230552,1224726,2,pierna,swing,-0.1820,1.4099,0.0011,32.0435,-27.3437,-129.6387,t007,MBYRA
2528230610,1224742,2,pierna,swing,-0.2168,1.4333,-0.0052,33.9355,-30.2124,-157.6538,t007,MBYRA
2528230610,1224759,2,pierna,swing,-0.3156,1.5100,0.0886,37.4146,-34.4238,-167.6025,t007,MBYRA
2528230610,1224775,2,pierna,swing,-0.4010,1.5787,0.0726,52.0630,-62.5000,-194.2749,t007,MBYRA
2528230611,1224791,2,pierna,swing,-1.0303,1.7935,-0.0159,49.8047,-85.7544,-236.2671,t007,MBYRA
2528230664,1224807,2,pierna,swing,-0.9274,1.7233,0.0563,48.6450,-77.0874,-261.4746,t007,MBYRA
2528230666,1224823,2,pierna,swing,-0.5538,1.4708,0.0842,39.7339,-38.4521,-284.7290,t007,MBYRA
2528230667,1224839,2,pierna,swing,0.3658,1.5319,-0.1412,17.3950,-24.4751,-292.8467,t007,MBYRA
2528230723,1224855,2,pierna,swing,0.4287,1.7893,-0.4233,-32.1655,3.4180,-286.8042,t007,MBYRA
2528230724,1224871,2,pierna,swing,0.2861,1.5536,-0.3948,-28.3203,21.0571,-217.2851,t007,MBYRA
2528230724,1224887,2,pierna,swing,-0.2336,0.9690,-0.1714,-25.5737,15.4419,-183.1055,t007,MBYRA
2528230724,1224903,2,pierna,swing,-0.3246,0.6091,-0.1049,2.0752,-12.2681,-131.9580,t007,MBYRA
2528230777,1224918,2,pierna,swing,0.1459,0.0033,-0.2115,30.3955,-41.5649,-91.3086,t007,MBYRA
2528230779,1224934,2,pierna,swing,0.0978,0.4021,-0.3890,-2.0752,-70.6177,-41.0156,t007,MBYRA
2528230779,1224950,2,pierna,swing,-0.3853,0.5867,-0.3761,-3.3569,-35.0952,59.6924,t007,MBYRA
2528230837,1224967,2,pierna,swing,-0.5935,0.2207,-0.1523,33.8745,-29.4800,103.8818,t007,MBYRA
2528230837,1224983,2,pierna,swing,-0.4379,0.0695,0.0505,56.5796,-21.6675,118.8965,t007,MBYRA
2528230838,1224998,2,pierna,swing,-0.3937,0.1855,0.0404,12.2070,0.3662,150.0854,t007,MBYRA
2528230838,1225014,2,pierna,swing,-0.3140,0.2700,-0.0280,-4.2114,15.9912,185.4248,t007,MBYRA
2528230892,1225030,2,pierna,swing,-0.2830,0.3463,-0.0508,-24.3530,40.9546,238.7085,t007,MBYRA
2528230893,1225046,2,pierna,swing,-0.2698,0.5923,-0.0828,-28.4424,51.5747,263.2446,t007,MBYRA
2528230895,1225062,2,pierna,swing,-0.4169,0.7782,-0.1431,-33.1421,80.3833,301.8799,t007,MBYRA
2528230905,1225078,2,pierna,swing,-0.3140,0.8735,-0.1537,-37.5366,101.5625,317.8101,t007,MBYRA
2528230953,1225094,2,pierna,swing,-0.1620,1.0341,-0.1947,-33.9966,97.6562,328.6743,t007,MBYRA
2528230953,1225110,2,pierna,swing,-0.1874,1.1073,-0.2655,-22.0337,70.0073,341.7968,t007,MBYRA
2528230954,1225126,2,pierna,swing,-0.2900,1.3024,-0.3842,-12.2070,36.8652,341.6748,t007,MBYRA
2528231007,1225142,2,pierna,swing,-0.2544,1.4905,-0.3175,-10.0708,17.3340,333.9843,t007,MBYRA
2528231010,1225158,2,pierna,swing,-0.1858,1.5846,-0.2468,-16.3574,-24.2920,319.0308,t007,MBYRA
2528231010,1225174,2,pierna,swing,-0.0870,1.8705,-0.1641,-21.6064,-45.2270,314.9414,t007,MBYRA
2528231010,1225190,2,pierna,swing,0.0980,2.0034,-0.0240,-27.8320,-66.1011,315.6128,t007,MBYRA
2528231070,1225206,2,pierna,swing,0.2632,2.0022,0.0714,-44.1894,-70.1294,326.7212,t007,MBYRA
2528231071,1225222,2,pierna,swing,0.4618,2.0688,0.1610,-51.2085,-77.8198,318.9087,t007,MBYRA
2528231071,1225238,2,pierna,swing,0.5065,2.0756,0.1768,-59.9365,-77.1484,273.0103,t007,MBYRA
2528231126,1225254,2,pierna,swing,0.8649,2.0134,0.1742,-61.9507,-63.9648,244.5068,t007,MBYRA
2528231128,1225270,2,pierna,loading,1.4279,1.8541,0.1287,-54.8096,-32.1045,189.0259,t007,MBYRA
2528231128,1225285,2,pierna,loading,1.7142,1.7599,0.1647,-47.7905,-23.4985,120.0561,t007,MBYRA
2528231129,1225301,2,pierna,loading,1.9468,1.6593,0.3663,-38.8184,-26.3672,76.1719,t007,MBYRA
2528231183,1225317,2,pierna,loading,1.8378,1.6786,0.3998,-9.1553,-4.7607,-28.8696,t007,MBYRA
2528231184,1225333,2,pierna,loading,0.6782,1.7529,-0.0453,-1.5259,94.9707,-107.7881,t007,MBYRA
2528231184,1225349,2,pierna,loading,-0.9768,0.8099,-0.0419,-18.5547,94.8486,-171.6919,t007,MBYRA
2528231184,1225365,2,pierna,loading,-2.8257,0.9374,0.0935,20.8130,-7.4463,-158.2031,t007,MBYRA
2528231238,1225381,2,pierna,loading,0.1820,1.6129,0.6138,29.2358,-11.6577,-137.7563,t007,MBYRA
2528231239,1225397,2,pierna,loading,0.6190,1.6493,0.2421,6.5918,33.0200,-172.1802,t007,MBYRA
2528231239,1225412,2,pierna,loading,-0.2706,1.0752,-0.0233,13.3057,23.1934,-153.7476,t007,MBYRA
2528231295,1225428,2,pierna,loading,-0.7393,0.5015,-0.4202,3.9673,33.0811,-143.4937,t007,MBYRA
2528231295,1225444,2,pierna,loading,-0.5146,0.6265,-0.4700,-32.5928,76.1108,-106.5674,t007,MBYRA
2528231296,1225460,2,pierna,loading,0.3580,1.3900,-0.2549,-37.1094,86.8530,-88.5010,t007,MBYRA
2528231296,1225476,2,pierna,loading,0.4512,1.3608,0.0549,10.7422,40.8936,-76.6602,t007,MBYRA
2528231347,1225492,2,pierna,loading,0.0305,1.0085,0.0116,35.8276,-29.1138,-80.3223,t007,MBYRA
2528231348,1225508,2,pierna,midstance,-0.1940,0.8492,-0.1331,25.3906,-39.7949,-65.8569,t007,MBYRA
2528231348,1225524,2,pierna,midstance,-0.2051,0.9116,-0.1136,11.0474,-32.2266,-34.1797,t007,MBYRA
2528231410,1225540,2,pierna,midstance,-0.2701,0.9824,-0.0435,2.4414,-16.5405,-33.0811,t007,MBYRA
2528231410,1225556,2,pierna,midstance,-0.2637,0.9545,-0.0645,-2.9297,-8.4229,-38.3911,t007,MBYRA
2528231411,1225572,2,pierna,midstance,-0.2336,0.9397,-0.0909,-8.4839,3.2959,-40.2832,t007,MBYRA
2528231411,1225588,2,pierna,midstance,-0.1779,0.9587,-0.1443,-6.5918,2.7466,-37.9028,t007,MBYRA
2528231467,1225604,2,pierna,midstance,-0.1493,0.9714,-0.1337,1.5259,-6.3477,-33.3862,t007,MBYRA
2528231469,1225620,2,pierna,midstance,-0.1605,0.9723,-0.1316,6.2866,-13.7939,-26.0620,t007,MBYRA
2528231470,1225636,2,pierna,midstance,-0.2089,0.9451,-0.1050,6.9580,-13.5498,-22.3999,t007,MBYRA
2528231510,1225652,2,pierna,midstance,-0.2098,0.9437,-0.0811,2.8687,-9.3994,-22.4609,t007,MBYRA
2528231528,1225668,2,pierna,midstance,-0.1990,0.9686,-0.0936,-1.5259,-4.1504,-28.1372,t007,MBYRA
2528231528,1225684,2,pierna,midstance,-0.1813,0.9766,-0.1432,-2.3804,-3.4180,-30.1514,t007,MBYRA
2528231529,1225700,2,pierna,midstance,-0.1637,0.9725,-0.1588,-1.1597,-5.3711,-32.7148,t007,MBYRA
2528231582,1225716,2,pierna,terminal,-0.1390,0.9568,-0.1371,-0.1831,-7.0190,-33.0811,t007,MBYRA
2528231583,1225732,2,pierna,terminal,-0.1505,0.9751,-0.1161,0.9155,-9.3994,-32.8369,t007,MBYRA
2528231583,1225748,2,pierna,terminal,-0.1611,0.9866,-0.1139,0.9155,-8.4839,-37.0483,t007,MBYRA
2528231583,1225764,2,pierna,terminal,-0.1470,1.0088,-0.1155,2.4414,-6.8970,-40.1001,t007,MBYRA
2528231645,1225780,2,pierna,terminal,-0.1312,1.0127,-0.1138,8.1177,-5.4321,-46.2036,t007,MBYRA
2528231646,1225796,2,pierna,terminal,-0.0931,1.0070,-0.1064,9.9487,-5.6763,-49.3164,t007,MBYRA
2528231646,1225812,2,pierna,terminal,-0.0546,0.9871,-0.1073,12.1460,-6.9580,-53.5278,t007,MBYRA
2528231647,1225828,2,pierna,terminal,-0.0387,0.9862,-0.0944,13.6719,-7.9956,-50.6592,t007,MBYRA
2528231702,1225844,2,pierna,terminal,-0.0210,1.0146,-0.0782,14.0381,-8.3618,-48.2178,t007,MBYRA
2528231704,1225860,2,pierna,terminal,-0.0386,1.0181,-0.0999,14.8315,-10.4370,-46.3867,t007,MBYRA
2528231704,1225876,2,pierna,terminal,-0.0596,1.0245,-0.0743,15.4419,-13.1836,-49.9268,t007,MBYRA
2528231761,1225892,2,pierna,terminal,-0.0886,1.0847,-0.0579,16.3574,-14.0991,-53.7109,t007,MBYRA
2528231762,1225908,2,pierna,terminal,-0.1128,1.1050,-0.0609,19.7144,-15.3809,-66.4673,t007,MBYRA
2528231763,1225924,2,pierna,terminal,-0.1185,1.1416,-0.0569,21.9727,-14.4653,-73.6694,t007,MBYRA
2528231763,1225940,2,pierna,terminal,-0.1100,1.2020,-0.0959,26.5503,-13.7939,-86.4868,t007,MBYRA
2528231816,1225956,2,pierna,swing,-0.0994,1.2191,-0.1260,33.0811,-17.6392,-102.9053,t007,MBYRA
2528231817,1225972,2,pierna,swing,-0.1389,1.2343,-0.0927,35.4614,-19.8364,-109.6802,t007,MBYRA
2528231817,1225988,2,pierna,swing,-0.1285,1.3369,0.0023,39.0015,-20.5688,-116.5161,t007,MBYRA
2528231861,1226004,2,pierna,swing,-0.1561,1.4063,-0.0018,44.1284,-27.8320,-139.4043,t007,MBYRA
2528231879,1226020,2,pierna,swing,-0.2715,1.5256,-0.0051,46.1426,-33.2642,-154.8462,t007,MBYRA
2528231879,1226036,2,pierna,swing,-0.3546,1.6116,0.0068,54.5654,-45.7764,-180.1147,t007,MBYRA
2528231879,1226052,2,pierna,swing,-0.7151,1.7595,-0.0258,59.9365,-57.9834,-197.6318,t007,MBYRA
2528231933,1226068,2,pierna,swing,-1.1057,1.7982,-0.0211,55.7251,-82.8857,-249.5117,t007,MBYRA
2528231936,1226084,2,pierna,swing,-0.9501,1.6941,0.0123,50.0488,-68.7866,-275.7568,t007,MBYRA
2528231936,1226100,2,pierna,swing,-0.0518,1.5394,0.0310,51.3916,-55.5420,-274.7803,t007,MBYRA
2528231936,1226116,2,pierna,swing,0.4100,1.6631,-0.1396,12.8784,-29.6631,-314.5142,t007,MBYRA
2528231993,1226132,2,pierna,swing,0.4094,1.8030,-0.4092,-20.6909,-1.2817,-273.1323,t007,MBYRA
2528231993,1226148,2,pierna,swing,-0.2604,1.1523,-0.2742,-17.8833,-0.6714,-226.9897,t007,MBYRA
2528231994,1226164,2,pierna,swing,-0.3975,0.8405,-0.2084,-11.4136,-21.7285,-151.3062,t007,MBYRA
2528232048,1226180,2,pierna,swing,-0.2925,0.3088,-0.1664,10.2539,-48.7671,-112.0605,t007,MBYRA
2528232048,1226196,2,pierna,swing,0.5146,-0.0305,-0.2029,28.7476,-99.0601,-73.9746,t007,MBYRA
2528232049,1226213,2,pierna,swing,0.3474,0.2385,-0.2081,-25.0854,-54.7485,7.7515,t007,MBYRA
2528232050,1226229,2,pierna,swing,-0.5948,0.4199,-0.2319,-25.2075,-28.8696,71.5332,t007,MBYRA
2528232091,1226245,2,pierna,swing,-0.6992,0.1486,-0.0062,19.9585,1.3428,142.3340,t007,MBYRA
2528232108,1226261,2,pierna,swing,-0.6064,0.1528,0.0475,11.1084,26.2451,144.9585,t007,MBYRA
2528232108,1226277,2,pierna,swing,-0.4243,0.3390,-0.0159,-7.8125,46.0815,163.3911,t007,MBYRA
2528232162,1226292,2,pierna,swing,-0.3573,0.3468,-0.0698,-25.4517,90.7593,219.7876,t007,MBYRA
2528232165,1226308,2,pierna,swing,-0.3210,0.5380,-0.1774,-32.4097,113.0371,243.0420,t007,MBYRA
2528232165,1226324,2,pierna,swing,-0.3187,0.7645,-0.2595,-35.1563,156.7383,292.6636,t007,MBYRA
2528232223,1226340,2,pierna,swing,-0.3262,0.8075,-0.2906,-34.0576,176.6357,324.3408,t007,MBYRA
2528232223,1226356,2,pierna,swing,-0.1587,0.9111,-0.3730,-33.5693,171.7529,332.2754,t007,MBYRA
2528232224,1226372,2,pierna,swing,-0.1440,1.0278,-0.4507,-19.4702,142.2729,348.9380,t007,MBYRA
2528232224,1226388,2,pierna,swing,-0.1743,1.3038,-0.6241,-1.3428,93.1396,354.9194,t007,MBYRA
2528232224,1226404,2,pierna,swing,-0.1437,1.5428,-0.6371,11.6577,64.9414,354.7363,t007,MBYRA
2528232279,1226420,2,pierna,swing,-0.1145,1.6245,-0.5989,11.5356,14.2212,348.0835,t007,MBYRA
2528232280,1226436,2,pierna,swing,0.1041,1.8411,-0.4543,-0.4272,-5.2490,345.7641,t007,MBYRA
2528232280,1226452,2,pierna,swing,0.4535,2.0371,-0.3916,-21.5454,-39.4287,340.7592,t007,MBYRA
2528232340,1226468,2,pierna,swing,0.5721,2.1035,-0.3721,-45.8984,-58.3496,331.4209,t007,MBYRA
2528232341,1226484,2,pierna,swing,0.7424,2.1653,-0.3232,-55.2978,-65.7959,318.3594,t007,MBYRA
2528232341,1226500,2,pierna,swing,0.8608,2.0806,-0.3535,-69.7021,-83.9844,266.4185,t007,MBYRA
2528232341,1226516,2,pierna,swing,1.0310,1.9213,-0.2577,-71.1060,-91.2476,238.8306,t007,MBYRA
2528232397,1226532,2,pierna,swing,1.4314,1.8008,0.0304,-56.6406,-115.0513,181.7627,t007,MBYRA
2528232398,1226548,2,pierna,swing,1.5522,1.7167,0.1322,-34.4849,-123.2910,109.3140,t007,MBYRA
2528232430,1226564,2,pierna,swing,1.3688,1.5945,0.3365,-19.4092,-107.6660,67.9321,t007,MBYRA
2528232453,1226580,2,pierna,swing,1.3357,1.4821,0.4845,10.4370,-49.9878,-22.5220,t007,MBYRA
2528232454,1226596,2,pierna,swing,1.3033,1.4415,0.5522,33.9966,8.9111,-100.9521,t007,MBYRA
2528232454,1226612,2,pierna,swing,0.3761,1.3713,0.5033,41.1377,40.4663,-127.1362,t007,MBYRA
2528232454,1226628,2,pierna,swing,-1.2295,0.8950,0.4282,-0.6104,130.5542,-99.8535,t007,MBYRA
2528232504,1226644,2,pierna,loading,-3.7539,-0.3009,0.3335,-47.5464,114.6851,-89.1113,t007,MBYRA
2528232507,1226660,2,pierna,loading,0.6284,2.5282,0.5570,-94.2993,101.3184,-62.1338,t007,MBYRA
2528232507,1226676,2,pierna,loading,2.2534,3.3484,0.9371,-20.1416,114.2578,-190.7348,t007,MBYRA
2528232562,1226692,2,pierna,loading,0.0015,1.4277,0.0898,4.0894,85.6323,-209.1675,t007,MBYRA
2528232562,1226708,2,pierna,loading,-0.8121,0.5878,-0.3627,-25.0854,94.9097,-152.8931,t007,MBYRA
2528232563,1226724,2,pierna,loading,-0.0261,0.6565,-0.3491,-3.2959,77.0264,-104.1870,t007,MBYRA
2528232563,1226740,2,pierna,loading,0.4509,1.2655,-0.2037,15.8081,41.0156,-86.5478,t007,MBYRA
2528232615,1226756,2,pierna,loading,0.1228,1.1233,-0.0797,34.4849,-36.1938,-60.9131,t007,MBYRA
2528232615,1226772,2,pierna,midstance,-0.2706,0.8519,-0.1191,30.3345,-50.7202,-48.1567,t007,MBYRA
2528232615,1226788,2,pierna,midstance,-0.3026,0.9574,-0.1228,8.3008,-26.4893,-29.9072,t007,MBYRA
2528232679,1226804,2,pierna,midstance,-0.2944,1.0050,-0.0510,-3.7842,-0.7324,-33.8745,t007,MBYRA
2528232679,1226820,2,pierna,midstance,-0.2971,0.9465,-0.0190,-6.5918,3.2959,-38.5132,t007,MBYRA
2528232679,1226836,2,pierna,midstance,-0.2679,0.9158,-0.0756,-11.9019,6.2866,-37.5366,t007,MBYRA
2528232680,1226852,2,pierna,midstance,-0.1913,0.9436,-0.1901,-4.4556,-5.3711,-31.6772,t007,MBYRA
2528232738,1226868,2,pierna,midstance,-0.1957,0.9304,-0.1818,0.3052,-11.4136,-28.3813,t007,MBYRA
2528232739,1226884,2,pierna,midstance,-0.1982,0.9357,-0.1608,1.5259,-13.7329,-20.8740,t007,MBYRA
2528232740,1226900,2,pierna,midstance,-0.2343,0.9310,-0.1466,-1.5259,-10.4370,-18.6768,t007,MBYRA
2528232740,1226916,2,pierna,midstance,-0.2832,0.9668,-0.1169,-6.1035,-0.9155,-23.3154,t007,MBYRA
2528232799,1226932,2,pierna,midstance,-0.2683,0.9771,-0.1171,-5.0049,4.3945,-32.8979,t007,MBYRA
2528232799,1226948,2,pierna,midstance,-0.2269,0.9784,-0.1815,-3.8452,2.3804,-34.9731,t007,MBYRA
2528232800,1226964,2,pierna,midstance,-0.2173,0.9784,-0.2052,-0.5493,-5.4932,-37.9028,t007,MBYRA
2528232800,1226980,2,pierna,midstance,-0.2114,1.0020,-0.1725,3.0518,-11.3525,-39.7339,t007,MBYRA
2528232856,1226996,2,pierna,midstance,-0.2369,1.0264,-0.1068,4.9438,-11.4136,-41.1987,t007,MBYRA
2528232856,1227012,2,pierna,midstance,-0.2333,1.0283,-0.0837,7.2632,-10.1318,-47.6685,t007,MBYRA
2528232856,1227028,2,pierna,terminal,-0.1527,1.0344,-0.0804,7.6294,-9.5215,-52.0630,t007,MBYRA
2528232916,1227044,2,pierna,terminal,-0.1305,1.0541,-0.1375,10.1929,-6.1035,-61.7065,t007,MBYRA
2528232921,1227060,2,pierna,terminal,-0.1359,1.1045,-0.1720,25.0244,-3.5400,-79.1016,t007,MBYRA
2528232922,1227076,2,pierna,terminal,-0.0570,1.0963,-0.1729,36.3159,-2.6855,-95.0928,t007,MBYRA
2528232922,1227092,2,pierna,terminal,0.0225,0.8818,-0.1801,38.3301,-15.1978,-96.8018,t007,MBYRA
2528232979,1227108,2,pierna,terminal,-0.0566,0.8220,-0.1390,18.5547,-27.8931,-69.0918,t007,MBYRA
2528232979,1227124,2,pierna,swing,-0.1201,1.1620,-0.0338,-3.8452,-30.5786,-44.7388,t007,MBYRA
2528232980,1227141,2,pierna,swing,-0.0944,1.1304,-0.0259,7.0190,-22.2778,-65.0635,t007,MBYRA
2528232980,1227157,2,pierna,swing,-0.0442,1.1224,-0.0400,9.7046,-23.0713,-69.0308,t007,MBYRA
2528233043,1227173,2,pierna,swing,-0.0852,1.1870,-0.1108,14.4653,-26.9775,-81.4819,t007,MBYRA
2528233044,1227189,2,pierna,swing,-0.0881,1.1948,-0.1392,23.6206,-30.5176,-101.3794,t007,MBYRA
2528233044,1227205,2,pierna,swing,-0.0782,1.2222,-0.1570,27.2217,-34.1797,-110.7178,t007,MBYRA
2528233045,1227221,2,pierna,swing,-0.0551,1.2538,-0.1329,34.7900,-46.5698,-131.1646,t007,MBYRA
2528233101,1227237,2,pierna,swing,-0.0726,1.3430,0.0266,42.4194,-63.4155,-152.2827,t007,MBYRA
2528233104,1227252,2,pierna,swing,-0.2615,1.5161,0.1002,46.4478,-68.1763,-158.9355,t007,MBYRA
2528233104,1227268,2,pierna,swing,-0.3264,1.5614,0.0790,45.1660,-80.9936,-188.1714,t007,MBYRA
2528233104,1227284,2,pierna,swing,-0.6069,1.6521,0.3353,41.2598,-94.4824,-205.9936,t007,MBYRA
2528233163,1227301,2,pierna,swing,-1.2279,1.9451,0.2147,45.7764,-101.9897,-214.9048,t007,MBYRA
2528233164,1227317,2,pierna,swing,-1.1115,2.0244,0.0431,42.2974,-48.0957,-270.6299,t007,MBYRA
2528233164,1227333,2,pierna,swing,-0.0059,1.7242,-0.2115,41.6870,-15.7471,-290.8936,t007,MBYRA
2528233221,1227349,2,pierna,swing,0.1807,1.6677,-0.4443,-19.2261,4.0894,-305.2979,t007,MBYRA
2528233222,1227365,2,pierna,swing,0.0302,1.7285,-0.3137,-21.1182,-8.6060,-292.4805,t007,MBYRA
2528233222,1227381,2,pierna,swing,-0.3713,1.0708,-0.1576,-1.7700,-5.1880,-241.2720,t007,MBYRA
2528233245,1227397,2,pierna,swing,-0.5599,0.7234,-0.3037,0.8545,-36.4380,-149.5361,t007,MBYRA
2528233281,1227413,2,pierna,swing,-0.3839,0.3412,-0.4552,4.9438,-60.9741,-137.0850,t007,MBYRA
2528233282,1227429,2,pierna,swing,0.6031,0.2217,-0.2738,15.0146,-113.4033,-107.7881,t007,MBYRA
2528233282,1227445,2,pierna,swing,0.5531,0.2314,-0.1250,-3.3569,-88.2568,-9.7046,t007,MBYRA
2528233282,1227461,2,pierna,swing,-0.3557,0.1486,-0.1385,-2.1362,-72.6929,48.7671,t007,MBYRA
2528233337,1227477,2,pierna,swing,-0.4327,0.1249,-0.1580,21.8506,-57.8003,138.7329,t007,MBYRA
2528233339,1227493,2,pierna,swing,-0.3014,0.2152,-0.1648,2.8687,-34.4238,164.4287,t007,MBYRA
2528233339,1227509,2,pierna,swing,-0.5577,0.3962,-0.0411,3.3569,-14.1602,191.2842,t007,MBYRA
2528233398,1227525,2,pierna,swing,-0.5699,0.3516,-0.0013,1.3428,32.9590,235.1074,t007,MBYRA
2528233398,1227541,2,pierna,swing,-0.1521,0.4126,-0.0197,-17.5171,53.0395,249.0845,t007,MBYRA
2528233399,1227556,2,pierna,swing,-0.1212,0.6891,-0.1647,-51.0864,81.0547,285.8887,t007,MBYRA
2528233399,1227573,2,pierna,swing,-0.2406,0.8191,-0.2260,-54.6875,97.9614,320.9229,t007,MBYRA
2528233455,1227589,2,pierna,swing,-0.2012,1.0347,-0.2499,-54.3823,101.5625,326.6601,t007,MBYRA
2528233456,1227605,2,pierna,swing,-0.0859,1.0985,-0.2715,-56.7017,91.8579,330.4443,t007,MBYRA
2528233457,1227621,2,pierna,swing,-0.1971,1.3025,-0.3770,-52.3682,80.4443,332.6416,t007,MBYRA
2528233457,1227637,2,pierna,swing,-0.1157,1.4904,-0.3561,-37.9639,52.1851,317.9321,t007,MBYRA
2528233516,1227653,2,pierna,swing,0.0463,1.5996,-0.2902,-40.8936,21.7895,303.5278,t007,MBYRA
2528233517,1227668,2,pierna,swing,0.2722,1.8199,-0.1884,-44.0063,2.8076,299.7437,t007,MBYRA
2528233517,1227684,2,pierna,swing,0.3429,1.8627,-0.1715,-44.4336,-28.6865,294.7388,t007,MBYRA
2528233571,1227700,2,pierna,swing,0.4163,1.8260,-0.1288,-48.9502,-40.0391,289.4287,t007,MBYRA
2528233572,1227716,2,pierna,swing,0.5677,1.8296,-0.1144,-54.6875,-44.3115,281.0669,t007,MBYRA
2528233574,1227732,2,pierna,swing,0.6355,1.8153,-0.1180,-66.5283,-52.2461,252.2583,t007,MBYRA
2528233575,1227748,2,pierna,swing,0.7714,1.7949,-0.0480,-68.2983,-50.7202,236.8164,t007,MBYRA
2528233632,1227764,2,pierna,swing,0.8790,1.6603,0.1930,-57.3730,-35.1563,198.1811,t007,MBYRA
2528233633,1227780,2,pierna,swing,0.9254,1.5751,0.2539,-47.7295,-11.2305,143.0664,t007,MBYRA
2528233633,1227796,2,pierna,swing,1.1685,1.4889,0.2562,-44.1894,5.1270,111.9995,t007,MBYRA
2528233633,1227811,2,pierna,swing,1.3168,1.4540,0.2501,-37.5366,36.3159,44.4946,t007,MBYRA
2528233685,1227827,2,pierna,swing,1.2080,1.4832,0.1742,-34.9731,47.6685,8.9111,t007,MBYRA
2528233686,1227843,2,pierna,swing,0.7955,1.5861,0.4094,-33.5693,106.5674,-33.8135,t007,MBYRA
2528233689,1227859,2,pierna,loading,0.9568,1.2472,0.7618,-35.2173,149.5972,-136.0474,t007,MBYRA
2528233747,1227875,2,pierna,loading,-2.6664,1.0521,0.3107,-19.5313,95.3979,-158.5083,t007,MBYRA
2528233747,1227891,2,pierna,loading,-1.8170,1.3612,0.4518,-2.5024,7.7515,-142.6392,t007,MBYRA
2528233747,1227907,2,pierna,loading,1.3744,1.9481,0.2205,-0.4883,41.8701,-188.6597,t007,MBYRA
2528233747,1227923,2,pierna,loading,-0.6641,0.6809,-0.1476,0.8545,48.3398,-169.3725,t007,MBYRA
2528233803,1227939,2,pierna,loading,-0.5850,0.5222,-0.1786,-21.5454,54.7485,-131.8970,t007,MBYRA
2528233804,1227955,2,pierna,loading,0.0287,0.9836,-0.3480,-28.7476,53.0395,-109.4360,t007,MBYRA
2528233805,1227971,2,pierna,loading,0.5354,1.6060,-0.1169,-19.5923,35.7056,-71.3501,t007,MBYRA
2528233864,1227987,2,pierna,loading,0.3545,1.3969,-0.0199,28.6865,-21.6675,-78.1250,t007,MBYRA
2528233864,1228003,2,pierna,loading,-0.2738,0.7748,-0.1752,27.6489,-36.0107,-75.2563,t007,MBYRA
2528233865,1228020,2,pierna,loading,-0.2452,0.8621,-0.1378,9.2163,-23.3765,-49.9878,t007,MBYRA
2528233865,1228036,2,pierna,loading,-0.1980,0.9724,-0.0106,2.3804,-13.6108,-37.1094,t007,MBYRA
2528233922,1228052,2,pierna,midstance,-0.2103,0.9832,-0.0306,-5.4932,-9.4604,-36.8652,t007,MBYRA
2528233922,1228068,2,pierna,midstance,-0.2040,0.9802,-0.0710,-12.3291,-2.9907,-38.1470,t007,MBYRA
2528233922,1228084,2,pierna,midstance,-0.2119,0.9669,-0.1105,-10.4370,-1.9531,-37.2314,t007,MBYRA
2528233922,1228100,2,pierna,midstance,-0.1509,0.9753,-0.1490,-5.5542,-6.1035,-34.7290,t007,MBYRA
2528233987,1228116,2,pierna,midstance,-0.1350,0.9646,-0.1617,-1.5869,-16.2964,-26.3062,t007,MBYRA
2528233987,1228132,2,pierna,midstance,-0.1820,0.9514,-0.1282,-0.5493,-19.3481,-19.9585,t007,MBYRA
2528233987,1228148,2,pierna,midstance,-0.2048,0.9749,-0.1371,-1.0986,-16.1133,-15.9912,t007,MBYRA
2528233988,1228164,2,pierna,midstance,-0.1952,0.9711,-0.1344,-3.0518,-11.2915,-25.2075,t007,MBYRA
2528234051,1228180,2,pierna,midstance,-0.1636,0.9827,-0.1436,-3.5400,-10.8643,-28.3813,t007,MBYRA
2528234051,1228196,2,pierna,terminal,-0.1509,0.9879,-0.1467,-3.5400,-14.4653,-31.6772,t007,MBYRA
2528234052,1228212,2,pierna,terminal,-0.1416,0.9884,-0.1254,-3.2349,-16.4185,-32.6538,t007,MBYRA
2528234052,1228228,2,pierna,terminal,-0.1539,0.9877,-0.1412,-3.2959,-17.7002,-34.9121,t007,MBYRA
2528234124,1228244,2,pierna,terminal,-0.1555,0.9978,-0.1368,-2.3804,-17.8223,-40.0391,t007,MBYRA
2528234125,1228260,2,pierna,terminal,-0.1360,1.0166,-0.1202,-0.5493,-17.5171,-44.5557,t007,MBYRA
2528234187,1228276,2,pierna,terminal,-0.1166,1.0205,-0.1172,2.8076,-17.0898,-53.0395,t007,MBYRA
2528234189,1228292,2,pierna,terminal,-0.0974,1.0258,-0.1149,5.7373,-17.3950,-57.6782,t007,MBYRA
2528234191,1228309,2,pierna,terminal,-0.0597,1.0480,-0.0896,7.4463,-17.7612,-57.6172,t007,MBYRA
2528234319,1228324,2,pierna,terminal,-0.0355,1.0759,-0.0955,13.7939,-19.6533,-57.1289,t007,MBYRA
2528234320,1228341,2,pierna,swing,-0.0614,1.0743,-0.1062,17.2729,-21.7285,-59.5703,t007,MBYRA
2528234320,1228357,2,pierna,swing,-0.0985,1.0718,-0.0828,21.7895,-22.0337,-67.1997,t007,MBYRA
2528234320,1228373,2,pierna,swing,-0.1072,1.0684,-0.0824,23.9258,-18.4937,-76.9043,t007,MBYRA
2528234321,1228389,2,pierna,swing,-0.0764,1.0895,-0.0583,23.9868,-18.4326,-82.6416,t007,MBYRA
2528234323,1228405,2,pierna,swing,-0.0934,1.1156,-0.0166,20.5078,-23.4985,-93.5059,t007,MBYRA
2528234324,1228421,2,pierna,swing,-0.1134,1.1637,-0.0059,15.9302,-26.7944,-105.9570,t007,MBYRA
2528234324,1228437,2,pierna,swing,-0.1570,1.2490,-0.0370,17.5781,-26.0010,-116.2109,t007,MBYRA
2528234324,1228453,2,pierna,swing,-0.1799,1.2531,-0.0592,22.8882,-23.0713,-139.8315,t007,MBYRA
2528234324,1228469,2,pierna,swing,-0.1414,1.2379,-0.0387,24.7803,-23.3765,-149.3530,t007,MBYRA
2528234324,1228485,2,pierna,swing,-0.1465,1.2657,0.1021,23.4985,-32.2266,-158.8135,t007,MBYRA
2528234325,1228501,2,pierna,swing,-0.2164,1.3542,0.1445,31.5552,-61.6455,-175.2930,t007,MBYRA
2528234387,1228516,2,pierna,swing,-0.5193,1.6776,0.3076,41.0156,-78.9185,-186.1572,t007,MBYRA
2528234387,1228532,2,pierna,swing,-0.7041,1.8716,0.4117,69.0918,-105.2246,-193.4814,t007,MBYRA
2528234387,1228548,2,pierna,swing,-1.0902,1.5936,0.1000,55.1147,-49.9878,-234.3750,t007,MBYRA
2528234387,1228564,2,pierna,swing,-0.2141,1.5907,-0.2339,29.2358,14.8315,-281.3721,t007,MBYRA
2528234448,1228581,2,pierna,swing,0.4200,1.6398,-0.1414,-36.6211,73.8525,-322.4487,t007,MBYRA
2528234449,1228596,2,pierna,swing,0.5612,1.8306,-0.0807,-54.0161,43.1519,-295.4102,t007,MBYRA
2528234449,1228612,2,pierna,swing,-0.1930,1.6421,-0.3890,-28.9917,13.0615,-225.1587,t007,MBYRA
2528234510,1228628,2,pierna,swing,-0.3672,1.3544,-0.3977,8.0566,41.0156,-182.2510,t007,MBYRA
2528234510,1228645,2,pierna,swing,-0.2950,0.5333,-0.2220,30.0903,50.1099,-158.4473,t007,MBYRA
2528234511,1228661,2,pierna,swing,0.0625,0.1510,-0.3169,57.9834,10.3149,-72.5708,t007,MBYRA
2528234511,1228676,2,pierna,swing,0.5682,0.2795,-0.3416,10.0708,-28.8696,5.8594,t007,MBYRA
2528234512,1228692,2,pierna,swing,-0.4037,0.6506,-0.3877,15.6860,-23.0103,66.2842,t007,MBYRA
2528234567,1228708,2,pierna,swing,-0.6987,0.4559,-0.3577,86.4258,-29.1138,144.8975,t007,MBYRA
2528234568,1228724,2,pierna,swing,-0.5348,0.1346,-0.0939,106.6894,-36.9873,139.0991,t007,MBYRA
2528234571,1228740,2,pierna,swing,-0.3767,0.2372,-0.0674,80.6885,-35.9497,161.9263,t007,MBYRA
2528234632,1228756,2,pierna,swing,-0.4940,0.2377,-0.1743,46.5698,-0.4883,221.0693,t007,MBYRA
2528234633,1228772,2,pierna,swing,-0.2354,0.4385,-0.1606,26.3062,22.7051,233.3984,t007,MBYRA
2528234633,1228787,2,pierna,swing,-0.1213,0.5344,-0.1713,13.0005,55.7251,269.0430,t007,MBYRA
2528234691,1228803,2,pierna,swing,-0.1589,0.6598,-0.2776,8.6670,58.2886,281.9824,t007,MBYRA
2528234693,1228819,2,pierna,swing,-0.2777,0.8542,-0.4080,-6.5918,62.9883,306.4575,t007,MBYRA
2528234694,1228835,2,pierna,swing,-0.3461,0.9634,-0.4664,-16.7847,75.6836,328.7353,t007,MBYRA
2528234694,1228851,2,pierna,swing,-0.2588,1.1924,-0.5476,-19.9585,72.9980,327.5146,t007,MBYRA
2528234755,1228867,2,pierna,swing,-0.1567,1.2810,-0.5759,-22.7051,46.0815,317.0166,t007,MBYRA
2528234756,1228883,2,pierna,swing,-0.0881,1.4065,-0.5447,-28.2593,31.4941,315.3076,t007,MBYRA
2528234756,1228899,2,pierna,swing,0.0443,1.5703,-0.3694,-38.8184,1.3428,317.8711,t007,MBYRA
2528234756,1228915,2,pierna,swing,0.1257,1.6786,-0.3163,-44.8608,-35.2173,320.7397,t007,MBYRA
2528234756,1228931,2,pierna,swing,0.3976,1.8680,-0.2137,-51.8188,-47.0581,323.3642,t007,MBYRA
2528234814,1228947,2,pierna,swing,0.6504,2.0100,-0.0778,-56.3965,-71.8994,323.9746,t007,MBYRA
2528234815,1228963,2,pierna,swing,0.7894,2.0580,-0.0448,-57.1289,-106.9336,295.2271,t007,MBYRA
2528234816,1228979,2,pierna,swing,0.9314,2.0952,-0.0352,-61.5845,-119.0185,267.9443,t007,MBYRA
2528234817,1228995,2,pierna,swing,1.0298,2.0742,0.0450,-45.2881,-108.7646,207.7026,t007,MBYRA
2528234875,1229011,2,pierna,swing,1.2334,1.7919,0.2017,-31.7383,-92.2241,177.6733,t007,MBYRA
2528234875,1229027,2,pierna,swing,1.4181,1.6362,0.2134,-27.0386,-44.6777,122.3755,t007,MBYRA
2528234876,1229042,2,pierna,swing,1.3586,1.5657,0.2128,-29.9683,8.3618,48.2178,t007,MBYRA
2528234928,1229058,2,pierna,swing,0.9846,1.6953,0.4741,-31.1890,46.3867,11.4746,t007,MBYRA
2528234930,1229074,2,pierna,swing,1.2212,1.5934,0.9583,-16.4795,157.8369,-85.9375,t007,MBYRA
2528234931,1229090,2,pierna,swing,-0.9335,1.2043,0.6610,-25.2075,175.7812,-150.5127,t007,MBYRA
2528234931,1229106,2,pierna,swing,-1.6387,1.2811,0.3274,-16.0522,99.7314,-179.3823,t007,MBYRA
2528234988,1229122,2,pierna,swing,1.1157,1.7440,0.4537,-17.3340,30.0293,-185.5469,t007,MBYRA
2528234988,1229138,2,pierna,swing,0.3203,1.3527,-0.2017,0.1831,30.2734,-182.6782,t007,MBYRA
2528234989,1229154,2,pierna,swing,-0.6990,0.7672,-0.4294,-5.9814,64.8193,-132.9346,t007,MBYRA
2528234989,1229170,2,pierna,swing,-0.0369,0.9274,-0.3146,-9.9487,74.2188,-86.3037,t007,MBYRA
2528235041,1229186,2,pierna,swing,0.5081,1.3846,-0.0432,9.5215,46.5698,-73.0591,t007,MBYRA
2528235043,1229202,2,pierna,loading,0.1190,1.0891,0.0167,31.4331,-18.1885,-74.2798,t007,MBYRA
2528235044,1229218,2,pierna,loading,-0.2229,0.8508,-0.0225,25.0854,-36.3770,-65.4907,t007,MBYRA
2528235103,1229234,2,pierna,loading,-0.2776,0.9189,-0.0750,4.4556,-28.8086,-38.6353,t007,MBYRA
2528235103,1229250,2,pierna,loading,-0.2772,0.9563,-0.0244,-8.1787,-12.1460,-31.6162,t007,MBYRA
2528235103,1229266,2,pierna,midstance,-0.2657,0.9670,0.0165,-13.8550,-5.7373,-32.9590,t007,MBYRA
2528235104,1229282,2,pierna,midstance,-0.2379,0.9111,-0.1128,-24.9023,3.0518,-30.2734,t007,MBYRA
2528235143,1229298,2,pierna,midstance,-0.2336,0.9323,-0.1617,-22.7051,0.2441,-22.2778,t007,MBYRA
2528235159,1229315,2,pierna,midstance,-0.2112,0.9722,-0.1583,-14.5264,-3.7231,-22.3999,t007,MBYRA
2528235160,1229331,2,pierna,midstance,-0.1904,0.9707,-0.1354,-2.0142,-11.7187,-23.9868,t007,MBYRA
2528235221,1229347,2,pierna,midstance,-0.2144,0.9492,-0.0862,-1.2207,-13.7329,-21.7895,t007,MBYRA
2528235221,1229363,2,pierna,midstance,-0.2601,0.9440,-0.0791,-5.0659,-9.5825,-18.5547,t007,MBYRA
2528235222,1229379,2,pierna,midstance,-0.2638,0.9463,-0.0913,-7.4463,-1.8921,-23.4985,t007,MBYRA
2528235222,1229395,2,pierna,midstance,-0.2325,0.9614,-0.1229,-7.4463,1.2207,-26.8555,t007,MBYRA
2528235282,1229411,2,pierna,midstance,-0.1968,0.9769,-0.1481,-5.8594,0.4272,-29.3579,t007,MBYRA
2528235282,1229427,2,pierna,midstance,-0.1936,0.9846,-0.1373,-3.0518,-5.9814,-30.2124,t007,MBYRA
2528235282,1229443,2,pierna,midstance,-0.2172,0.9823,-0.1207,-2.8076,-7.1411,-31.6772,t007,MBYRA
2528235283,1229459,2,pierna,midstance,-0.2247,0.9874,-0.1301,-3.5400,-7.6904,-36.7432,t007,MBYRA
2528235341,1229475,2,pierna,midstance,-0.1873,1.0044,-0.1294,-2.5635,-8.7891,-43.5181,t007,MBYRA
2528235342,1229492,2,pierna,midstance,-0.1504,0.9994,-0.1276,-1.4038,-9.5825,-45.2881,t007,MBYRA
2528235342,1229508,2,pierna,terminal,-0.1476,0.9990,-0.1221,1.3428,-10.3760,-45.7153,t007,MBYRA
2528235343,1229524,2,pierna,terminal,-0.1154,1.0157,-0.0990,2.5024,-9.7656,-45.8984,t007,MBYRA
2528235399,1229540,2,pierna,terminal,-0.1086,1.0313,-0.1389,5.3101,-9.8267,-45.7153,t007,MBYRA
2528235400,1229556,2,pierna,terminal,-0.1086,1.0365,-0.1241,8.9111,-13.3667,-46.3867,t007,MBYRA
2528235401,1229572,2,pierna,terminal,-0.1293,1.0540,-0.1003,10.9863,-14.8315,-48.8281,t007,MBYRA
2528235460,1229588,2,pierna,terminal,-0.1521,1.0559,-0.1003,14.5264,-15.1978,-60.3638,t007,MBYRA
2528235461,1229604,2,pierna,terminal,-0.1556,1.0983,-0.1133,20.0195,-13.9160,-76.4160,t007,MBYRA
2528235461,1229620,2,pierna,terminal,-0.1705,1.1689,-0.1307,24.4141,-13.7329,-86.2427,t007,MBYRA
2528235462,1229636,2,pierna,terminal,-0.1514,1.1608,-0.1172,34.4849,-14.3433,-107.2998,t007,MBYRA
2528235517,1229652,2,pierna,swing,-0.1234,1.0903,-0.0929,32.3486,-17.3950,-108.6426,t007,MBYRA
2528235518,1229668,2,pierna,swing,-0.1370,1.2322,-0.0516,19.5923,-22.7051,-103.8208,t007,MBYRA
2528235518,1229684,2,pierna,swing,-0.1492,1.2601,-0.0632,22.8882,-19.6533,-126.0376,t007,MBYRA
2528235520,1229700,2,pierna,swing,-0.0967,1.1855,-0.0991,25.6348,-18.1274,-138.8550,t007,MBYRA
2528235580,1229716,2,pierna,swing,-0.0898,1.2427,-0.0431,25.0854,-28.3203,-143.9209,t007,MBYRA
2528235580,1229732,2,pierna,swing,-0.1349,1.3685,-0.0300,31.4331,-42.6025,-150.9399,t007,MBYRA
2528235581,1229748,2,pierna,swing,-0.3062,1.4471,-0.0752,34.8511,-47.3022,-168.2739,t007,MBYRA
2528235614,1229764,2,pierna,swing,-0.4100,1.4622,-0.0042,35.2173,-60.4858,-206.2378,t007,MBYRA
2528235636,1229780,2,pierna,swing,-0.7334,1.7184,0.0157,37.9028,-73.4863,-220.1538,t007,MBYRA
2528235638,1229796,2,pierna,swing,-1.0261,1.7183,-0.1018,26.7334,-91.6138,-257.5684,t007,MBYRA
2528235639,1229812,2,pierna,swing,-0.7117,1.6602,-0.0262,15.9302,-92.7734,-277.7100,t007,MBYRA
2528235696,1229828,2,pierna,swing,0.4854,1.6516,-0.0175,12.8174,-89.5386,-288.9404,t007,MBYRA
2528235697,1229844,2,pierna,swing,0.6864,1.8241,-0.0261,-8.2397,-74.2188,-302.0020,t007,MBYRA
2528235697,1229860,2,pierna,swing,-0.1016,1.7277,-0.1774,1.0986,-72.8149,-230.7129,t007,MBYRA
2528235697,1229876,2,pierna,swing,-0.4595,1.0417,-0.2429,2.4414,-60.3027,-207.4585,t007,MBYRA
2528235751,1229892,2,pierna,swing,-0.4080,0.8044,-0.2657,10.9863,-42.7856,-147.4609,t007,MBYRA
2528235752,1229908,2,pierna,swing,0.0238,0.1982,-0.3137,18.6768,-55.3589,-111.4502,t007,MBYRA
2528235753,1229924,2,pierna,swing,0.3074,0.3467,-0.2748,-13.0615,-76.2329,-38.3301,t007,MBYRA
2528235813,1229940,2,pierna,swing,-0.1882,0.5160,-0.2001,-17.0288,-38.6963,58.4717,t007,MBYRA
2528235813,1229956,2,pierna,swing,-0.7454,0.2209,-0.0721,-0.4883,-29.2358,105.2856,t007,MBYRA
2528235813,1229972,2,pierna,swing,-0.6448,0.1162,0.0305,7.9346,-16.1133,143.0664,t007,MBYRA
2528235813,1229988,2,pierna,swing,-0.4271,0.2367,0.0304,-4.1504,-5.2490,155.0903,t007,MBYRA
2528235868,1230004,2,pierna,swing,-0.4296,0.2255,-0.0795,-23.6816,26.5503,200.0122,t007,MBYRA
2528235869,1230020,2,pierna,swing,-0.3694,0.3466,-0.1257,-49.1943,58.1665,247.0703,t007,MBYRA
2528235870,1230036,2,pierna,swing,-0.3446,0.5964,-0.1431,-55.9692,74.5239,275.9399,t007,MBYRA
2528235912,1230052,2,pierna,swing,-0.3796,0.7465,-0.1357,-62.3169,98.3276,318.0542,t007,MBYRA
2528235929,1230068,2,pierna,swing,-0.3678,0.8167,-0.1454,-61.5845,101.8677,341.6748,t007,MBYRA
2528235929,1230084,2,pierna,swing,-0.3135,0.9844,-0.2140,-59.6924,93.3227,349.9145,t007,MBYRA
2528235929,1230100,2,pierna,swing,-0.2452,1.1025,-0.2628,-48.5840,57.1899,361.9384,t007,MBYRA
2528235984,1230116,2,pierna,swing,-0.2896,1.3878,-0.2921,-35.2173,35.7666,366.4550,t007,MBYRA
2528235986,1230132,2,pierna,swing,-0.2101,1.6306,-0.2173,-31.0059,1.1597,356.6894,t007,MBYRA
2528235986,1230148,2,pierna,swing,-0.1667,1.7948,-0.1757,-38.7573,-29.1138,356.8725,t007,MBYRA
2528235987,1230164,2,pierna,swing,0.1355,2.1627,-0.0627,-37.4756,-35.3394,363.8916,t007,MBYRA
2528236045,1230180,2,pierna,swing,0.7104,2.3877,0.0034,-49.1333,-36.4990,368.2861,t007,MBYRA
2528236045,1230196,2,pierna,swing,0.8418,2.4445,-0.0240,-72.3877,-48.0957,333.9843,t007,MBYRA
2528236101,1230212,2,pierna,swing,1.0114,2.4460,-0.2421,-83.0078,-47.5464,303.2227,t007,MBYRA
2528236102,1230228,2,pierna,loading,1.2227,2.2635,-0.2542,-78.6133,-36.6211,223.0835,t007,MBYRA
2528236102,1230244,2,pierna,loading,1.8129,1.9501,-0.0980,-71.8994,-41.5649,188.7817,t007,MBYRA
2528236103,1230260,2,pierna,loading,1.9891,1.7467,0.1647,-61.8286,-48.5229,129.3945,t007,MBYRA
2528236103,1230276,2,pierna,loading,1.9329,1.6293,0.3193,-35.4004,-38.7573,30.0903,t007,MBYRA
2528236141,1230292,2,pierna,loading,1.3722,1.7520,0.3445,-19.6533,-21.6064,-29.9072,t007,MBYRA
2528236165,1230307,2,pierna,loading,0.3969,2.0048,0.3641,42.1143,104.9805,-90.8813,t007,MBYRA
2528236165,1230323,2,pierna,loading,-1.4414,0.3370,0.7791,53.6499,163.2080,-130.4321,t007,MBYRA
2528236165,1230339,2,pierna,loading,-2.3956,0.8256,0.4938,-16.5405,60.9131,-166.9311,t007,MBYRA
2528236222,1230355,2,pierna,loading,0.3245,1.8821,0.6412,-34.9121,54.5044,-186.0962,t007,MBYRA
2528236224,1230371,2,pierna,loading,0.9728,1.9269,0.0719,-20.8740,60.1807,-207.5806,t007,MBYRA
2528236225,1230387,2,pierna,loading,-0.5564,0.7679,-0.4913,-15.5640,52.3071,-154.5410,t007,MBYRA
2528236225,1230403,2,pierna,loading,-0.3320,0.7620,-0.5020,-23.9868,73.4863,-116.7602,t007,MBYRA
2528236284,1230419,2,pierna,loading,0.3536,1.2239,-0.3682,-15.1367,73.1812,-101.3794,t007,MBYRA
2528236285,1230435,2,pierna,loading,0.4955,1.4216,-0.0631,31.2500,18.6768,-77.6367,t007,MBYRA
2528236340,1230451,2,pierna,loading,-0.0715,0.9170,0.0273,49.5605,-14.2822,-75.5005,t007,MBYRA
2528236340,1230467,2,pierna,midstance,-0.2559,0.8335,-0.1089,18.1885,-22.0947,-54.3213,t007,MBYRA
2528236340,1230483,2,pierna,midstance,-0.2338,0.9296,-0.0698,-5.3101,-6.4697,-34.6069,t007,MBYRA
2528236341,1230499,2,pierna,midstance,-0.1991,1.0160,-0.0183,-9.9487,-4.6387,-32.6538,t007,MBYRA
2528236341,1230515,2,pierna,midstance,-0.2069,0.9719,-0.0680,-13.6719,-2.7466,-29.2358,t007,MBYRA
2528236408,1230532,2,pierna,midstance,-0.2251,0.9541,-0.1268,-10.8032,-3.1128,-24.7192,t007,MBYRA
2528236408,1230548,2,pierna,midstance,-0.1929,0.9504,-0.2023,-6.2256,-6.2256,-23.8037,t007,MBYRA
2528236408,1230564,2,pierna,midstance,-0.1769,0.9524,-0.1996,3.7842,-16.6626,-20.5078,t007,MBYRA
2528236409,1230580,2,pierna,midstance,-0.2174,0.9558,-0.1406,7.6294,-20.3247,-17.0288,t007,MBYRA
2528236468,1230596,2,pierna,midstance,-0.2819,0.9600,-0.1324,10.5591,-17.7612,-16.4795,t007,MBYRA
2528236468,1230612,2,pierna,midstance,-0.2668,0.9491,-0.1395,7.7515,-8.9722,-26.0010,t007,MBYRA
2528236469,1230628,2,pierna,terminal,-0.2094,0.9215,-0.1479,4.5776,-7.1411,-28.4424,t007,MBYRA
2528236469,1230644,2,pierna,terminal,-0.1721,0.9639,-0.1373,0.1831,-8.6670,-25.5737,t007,MBYRA
2528236536,1230660,2,pierna,terminal,-0.1807,0.9791,-0.1342,0.3662,-12.8784,-24.1699,t007,MBYRA
2528236536,1230676,2,pierna,terminal,-0.1949,0.9747,-0.1183,-0.2441,-14.0991,-25.6958,t007,MBYRA
2528236536,1230692,2,pierna,terminal,-0.1920,0.9728,-0.1162,-2.6245,-13.7939,-30.5176,t007,MBYRA
2528236597,1230709,2,pierna,terminal,-0.1677,0.9846,-0.1147,-2.8687,-12.0850,-35.8887,t007,MBYRA
2528236598,1230725,2,pierna,terminal,-0.1366,0.9916,-0.1228,-2.3193,-11.7187,-37.6587,t007,MBYRA
2528236598,1230741,2,pierna,terminal,-0.1210,0.9889,-0.1245,-1.7090,-12.0850,-39.7949,t007,MBYRA
2528236598,1230757,2,pierna,terminal,-0.1085,0.9801,-0.1451,-1.9531,-12.5122,-39.3066,t007,MBYRA
2528236661,1230773,2,pierna,terminal,-0.1086,1.0035,-0.1169,-0.6104,-13.8550,-38.3301,t007,MBYRA
2528236661,1230789,2,pierna,terminal,-0.1287,1.0133,-0.0841,3.6011,-14.7095,-43.5181,t007,MBYRA
2528236661,1230805,2,pierna,terminal,-0.1797,1.0125,-0.0626,5.1270,-13.3057,-49.4995,t007,MBYRA
2528236662,1230822,2,pierna,terminal,-0.1508,1.0583,-0.1110,7.8735,-7.8125,-65.0024,t007,MBYRA
2528236662,1230838,2,pierna,terminal,-0.1155,1.0934,-0.1350,16.6626,-9.4604,-81.6650,t007,MBYRA
2528236722,1230854,2,pierna,terminal,-0.1189,1.1200,-0.1063,21.7285,-12.6343,-87.8296,t007,MBYRA
2528236722,1230870,2,pierna,swing,-0.1274,1.1398,-0.0967,28.7476,-15.3198,-97.2290,t007,MBYRA
2528236722,1230886,2,pierna,swing,-0.1221,1.1356,-0.1270,30.0903,-15.8081,-103.3935,t007,MBYRA
2528236723,1230902,2,pierna,swing,-0.0741,1.1113,-0.1420,27.8931,-20.5078,-107.7270,t007,MBYRA
2528236789,1230918,2,pierna,swing,-0.0596,1.1963,-0.1066,23.2544,-27.5269,-112.3047,t007,MBYRA
2528236790,1230934,2,pierna,swing,-0.0780,1.2579,-0.0221,26.4893,-28.3813,-123.6572,t007,MBYRA
2528236790,1230950,2,pierna,swing,-0.1335,1.3091,-0.0363,26.8555,-30.3955,-144.4092,t007,MBYRA
2528236790,1230966,2,pierna,swing,-0.1671,1.3651,-0.0676,28.5034,-38.0859,-154.6021,t007,MBYRA
2528236851,1230982,2,pierna,swing,-0.2806,1.4159,0.0414,34.9731,-47.7295,-160.4614,t007,MBYRA
2528236852,1230997,2,pierna,swing,-0.4083,1.5095,0.0500,61.5845,-70.8618,-167.4194,t007,MBYRA
2528236852,1231013,2,pierna,swing,-0.8386,1.7972,0.0937,67.4438,-77.7588,-179.1382,t007,MBYRA
2528236852,1231029,2,pierna,swing,-0.8994,1.7557,0.0750,66.7114,-75.8667,-237.1826,t007,MBYRA
2528236913,1231045,2,pierna,swing,-0.7335,1.5411,-0.0095,48.4009,-26.2451,-263.6719,t007,MBYRA
2528236914,1231061,2,pierna,swing,0.1232,1.5365,-0.0627,32.1655,4.8828,-280.4565,t007,MBYRA
2528236915,1231077,2,pierna,swing,0.5491,1.6687,-0.1556,-28.1982,28.0151,-330.3833,t007,MBYRA
2528236971,1231093,2,pierna,swing,0.3947,1.7220,-0.3221,-38.6353,25.3906,-226.3794,t007,MBYRA
2528236974,1231109,2,pierna,swing,-0.0720,1.1644,-0.1461,-14.6484,19.7144,-183.3496,t007,MBYRA
2528236975,1231125,2,pierna,swing,-0.1460,0.8132,-0.0498,-0.9155,-6.5308,-155.6396,t007,MBYRA
2528237036,1231141,2,pierna,swing,-0.1774,0.1632,-0.1969,23.3765,-26.3672,-122.4976,t007,MBYRA
2528237037,1231157,2,pierna,swing,0.2765,0.2291,-0.4087,22.2168,-63.3545,-64.9414,t007,MBYRA
2528237037,1231173,2,pierna,swing,-0.0402,0.5532,-0.3638,-18.5547,-24.1699,20.0806,t007,MBYRA
2528237095,1231189,2,pierna,swing,-0.6283,0.4286,-0.2706,11.5967,-8.3008,83.1909,t007,MBYRA
2528237097,1231205,2,pierna,swing,-0.5446,0.2025,-0.1063,57.8003,-4.4556,133.9722,t007,MBYRA
2528237097,1231221,2,pierna,swing,-0.3623,0.2083,0.0314,52.6733,-4.7607,132.5073,t007,MBYRA
2528237159,1231237,2,pierna,swing,-0.2723,0.3040,-0.0807,31.2500,5.1880,176.3916,t007,MBYRA
2528237159,1231253,2,pierna,swing,-0.4301,0.2651,-0.1241,8.6060,33.3862,231.6894,t007,MBYRA
2528237160,1231268,2,pierna,swing,-0.3164,0.5416,-0.1248,-2.5635,49.9878,248.0469,t007,MBYRA
2528237160,1231284,2,pierna,swing,-0.2006,0.6648,-0.1483,-10.3149,75.3174,277.8320,t007,MBYRA
2528237216,1231300,2,pierna,swing,-0.1580,0.7975,-0.2587,-16.7847,83.9844,300.1099,t007,MBYRA
2528237218,1231316,2,pierna,swing,-0.2472,0.9022,-0.3580,-18.3105,83.9844,310.4858,t007,MBYRA
2528237220,1231332,2,pierna,swing,-0.2725,0.9800,-0.4082,-17.4561,78.2471,325.5615,t007,MBYRA
2528237221,1231348,2,pierna,swing,-0.1956,1.1805,-0.5116,-14.6484,69.2139,328.0639,t007,MBYRA
2528237282,1231364,2,pierna,swing,-0.1589,1.3668,-0.5664,-7.7515,37.7808,327.5757,t007,MBYRA
2528237283,1231380,2,pierna,swing,-0.1219,1.4388,-0.5309,-14.6484,5.6763,327.3925,t007,MBYRA
2528237283,1231396,2,pierna,swing,-0.0128,1.6975,-0.3866,-22.9492,-11.5356,327.1484,t007,MBYRA
2528237340,1231412,2,pierna,swing,0.1323,1.8596,-0.3351,-44.5557,-34.5459,324.1577,t007,MBYRA
2528237341,1231428,2,pierna,loading,0.5338,2.0427,-0.2341,-55.5420,-39.6729,322.7539,t007,MBYRA
2528237343,1231444,2,pierna,loading,0.7756,2.0961,-0.1256,-65.9790,-54.3213,313.1104,t007,MBYRA
2528237344,1231460,2,pierna,loading,0.8917,2.0844,-0.1385,-74.2798,-72.5708,270.7520,t007,MBYRA
2528237344,1231476,2,pierna,loading,1.0818,2.0315,-0.2295,-76.7212,-72.0825,241.3940,t007,MBYRA
2528237394,1231492,2,pierna,loading,1.3589,1.6873,0.0599,-52.2461,-69.7021,177.7344,t007,MBYRA
2528237404,1231508,2,pierna,loading,1.5516,1.6312,0.1154,-53.3447,-90.6982,123.2910,t007,MBYRA
2528237405,1231524,2,pierna,loading,1.6025,1.6190,0.1646,-47.5464,-84.9609,95.0928,t007,MBYRA
2528237405,1231540,2,pierna,loading,1.4738,1.5316,0.2577,-9.2163,-43.0298,20.8130,t007,MBYRA
2528237406,1231556,2,pierna,loading,1.3312,1.3661,0.3759,2.1362,-22.3999,-21.0571,t007,MBYRA
2528237460,1231572,2,pierna,loading,-0.4037,1.5433,0.3422,16.1133,45.5322,-80.5664,t007,MBYRA
2528237462,1231588,2,pierna,loading,-1.3717,0.7286,0.7086,41.0767,139.6484,-132.3853,t007,MBYRA
2528237463,1231603,2,pierna,loading,-3.2468,0.4767,0.2584,3.5400,87.8906,-155.7007,t007,MBYRA
2528237463,1231619,2,pierna,loading,-1.1083,1.4771,0.3491,-52.8564,65.3687,-150.0244,t007,MBYRA
2528237485,1231635,2,pierna,loading,1.8813,2.3057,0.6033,-39.7339,79.1016,-187.5000,t007,MBYRA
2528237522,1231651,2,pierna,loading,-0.4355,0.9833,-0.3247,-14.5874,57.8003,-150.8179,t007,MBYRA
2528237523,1231667,2,pierna,midstance,-0.3710,0.9674,-0.4188,-39.4897,99.9145,-98.8159,t007,MBYRA
2528237524,1231683,2,pierna,midstance,0.2571,1.1166,-0.2655,-24.7803,88.5620,-97.8393,t007,MBYRA
2528237524,1231699,2,pierna,midstance,0.0217,0.9337,-0.2366,27.0996,22.1558,-87.0361,t007,MBYRA
2528237579,1231715,2,pierna,midstance,-0.0247,0.9056,-0.0900,39.8560,-27.7710,-66.4673,t007,MBYRA
2528237582,1231731,2,pierna,midstance,-0.1659,0.8707,0.0071,31.0669,-38.9404,-49.9878,t007,MBYRA
2528237582,1231747,2,pierna,midstance,-0.2981,0.8983,-0.0514,1.7090,-21.6064,-24.4751,t007,MBYRA
2528237583,1231763,2,pierna,midstance,-0.2980,0.9896,-0.0734,-8.3008,-7.5684,-26.5503,t007,MBYRA
2528237644,1231780,2,pierna,midstance,-0.2661,0.9570,-0.0397,-16.6016,7.7515,-36.7432,t007,MBYRA
2528237645,1231796,2,pierna,midstance,-0.2284,0.9404,-0.1123,-19.5923,11.1084,-32.5928,t007,MBYRA
2528237646,1231812,2,pierna,midstance,-0.1711,0.9434,-0.2155,-13.6719,5.1270,-28.0762,t007,MBYRA
2528237694,1231828,2,pierna,midstance,-0.1992,0.9712,-0.1873,2.5635,-8.1177,-25.8789,t007,MBYRA
2528237703,1231844,2,pierna,midstance,-0.2076,0.9709,-0.1661,8.5449,-14.8315,-26.4893,t007,MBYRA
2528237705,1231860,2,pierna,terminal,-0.2371,0.9633,-0.1216,7.5073,-12.9395,-25.4517,t007,MBYRA
2528237706,1231876,2,pierna,terminal,-0.2368,0.9611,-0.1399,2.9907,-4.6387,-30.5786,t007,MBYRA
2528237768,1231892,2,pierna,terminal,-0.2111,0.9370,-0.1814,1.5869,-0.4272,-34.7290,t007,MBYRA
2528237769,1231908,2,pierna,terminal,-0.1412,0.9517,-0.1591,1.3428,-2.3193,-32.2266,t007,MBYRA
2528237769,1231924,2,pierna,terminal,-0.1244,0.9729,-0.1399,1.3428,-10.2539,-28.6255,t007,MBYRA
2528237769,1231940,2,pierna,terminal,-0.1528,0.9698,-0.1278,1.5259,-13.0615,-27.9541,t007,MBYRA
2528237828,1231956,2,pierna,terminal,-0.1711,0.9701,-0.1359,0.1831,-14.6484,-28.1372,t007,MBYRA
2528237830,1231972,2,pierna,terminal,-0.1620,0.9716,-0.1318,-1.5869,-12.6953,-32.2266,t007,MBYRA
2528237831,1231988,2,pierna,terminal,-0.1165,0.9644,-0.1182,-1.6479,-11.2915,-33.8135,t007,MBYRA
2528237831,1232004,2,pierna,terminal,-0.0963,0.9583,-0.1229,-1.3428,-9.7656,-33.0811,t007,MBYRA
2528237895,1232020,2,pierna,terminal,-0.0999,0.9645,-0.1475,-1.0986,-10.4370,-29.4800,t007,MBYRA
2528237895,1232036,2,pierna,terminal,-0.0985,0.9878,-0.1501,-0.6104,-10.8032,-28.4424,t007,MBYRA
2528237895,1232053,2,pierna,terminal,-0.0962,0.9929,-0.1360,0.1221,-10.8032,-28.0762,t007,MBYRA
2528237896,1232069,2,pierna,terminal,-0.0853,1.0134,-0.1156,0.4272,-10.2539,-27.8931,t007,MBYRA
2528237956,1232085,2,pierna,swing,-0.0913,0.9740,-0.1179,0.9155,-10.6201,-31.0059,t007,MBYRA
2528237956,1232101,2,pierna,swing,-0.1002,0.9773,-0.1102,0.9155,-10.1318,-36.2549,t007,MBYRA
2528237957,1232117,2,pierna,swing,-0.1343,1.0387,-0.1664,2.0752,-9.7656,-39.9170,t007,MBYRA
2528237958,1232133,2,pierna,swing,-0.1364,1.0610,-0.1724,6.4087,-11.2305,-50.9644,t007,MBYRA
2528238020,1232148,2,pierna,swing,-0.1262,1.0743,-0.1296,11.1694,-13.7329,-63.9038,t007,MBYRA
2528238021,1232165,2,pierna,swing,-0.1095,1.0795,-0.0919,13.1836,-14.6484,-70.0073,t007,MBYRA
2528238021,1232181,2,pierna,swing,-0.1099,1.0887,-0.1053,16.2354,-14.5874,-80.9326,t007,MBYRA
2528238021,1232197,2,pierna,swing,-0.0878,1.1058,-0.1896,17.3340,-15.0146,-86.2427,t007,MBYRA
2528238082,1232213,2,pierna,swing,-0.0537,1.1494,-0.1902,18.9819,-19.2871,-96.4966,t007,MBYRA
2528238082,1232229,2,pierna,swing,-0.0486,1.1763,-0.1589,22.6440,-25.5737,-103.4546,t007,MBYRA
2528238083,1232245,2,pierna,swing,-0.0488,1.2383,-0.1226,25.8179,-27.9541,-106.2012,t007,MBYRA
2528238084,1232261,2,pierna,swing,-0.0443,1.2415,-0.0721,31.6772,-34.3018,-117.5537,t007,MBYRA
2528238146,1232277,2,pierna,swing,-0.0771,1.2933,0.0758,37.8418,-37.9639,-127.6855,t007,MBYRA
2528238146,1232293,2,pierna,swing,-0.1471,1.4307,0.0372,42.4194,-39.7949,-134.0332,t007,MBYRA
2528238146,1232309,2,pierna,swing,-0.1843,1.4783,0.0237,49.4385,-55.8472,-156.4331,t007,MBYRA
2528238146,1232325,2,pierna,swing,-0.5037,1.5253,-0.0264,50.9033,-69.5190,-173.5840,t007,MBYRA
